variant,model,rep,wall_batch_s,sampler_s_per_chain,warmup_s,sampling_s,n_leapfrog_total,n_leapfrog_sampling,divergences,div_rate,treedepth_hits,td_rate,accept_mean,ess_bulk_min,ess_bulk_geomean,ess_tail_min,rhat_max,worst_param,ess_per_sec,ess_per_grad
w3_mst63,lotka_volterra,1,11.19,6.678525,4.425115,2.25341,194086,94158,-4,-0.001,-4,-0.001,,4.830067,9.410038,4.032258,2.489663,z.8.1,0.4316413762287757,2.4886220541409477e-05
w3_mst63,lotka_volterra,0,9.176,6.14146,3.2879475,2.8535125,202035,106385,-4,-0.001,-4,-0.001,,169.509607,1471.746798,212.78446,1.040905,theta.3,18.47314810374891,0.0008390110970871383
w3_mst63,lotka_volterra,2,5.868,4.0338674999999995,2.6852574999999996,1.34861,140319,55027,-4,-0.001,-4,-0.001,,7.033738,21.733936,20.36925,1.56725,sigma.2,1.1986601908657122,5.012676829224837e-05
w3_mst63,kidscore_momiq,1,0.477,0.46065524999999996,0.238117,0.22253825,256004,128000,-4,-0.001,-4,-0.001,,4.032258,4.032258,inf,-inf,beta.1,8.45337106918239,1.575076170684833e-05
w3_mst63,kidscore_momiq,0,0.483,0.45023075,0.22560449999999999,0.22462625,256004,128000,-4,-0.001,-4,-0.001,,4.032258,4.032258,inf,-inf,beta.1,8.348360248447204,1.575076170684833e-05
w3_mst63,kidscore_momiq,2,0.472,0.44344750000000005,0.2228785,0.22056900000000002,256004,128000,-4,-0.001,-4,-0.001,,4.032258,4.032258,inf,-inf,beta.1,8.542919491525424,1.575076170684833e-05
w3_mst63,radon_partially_pooled_noncentered,1,48.509,42.13715,24.0153,18.12185,223528,99903,-4,-0.001,-4,-0.001,,4.365133,5.949546,4.032258,3.739864,sigma_alpha,0.08998604382691872,1.9528349915894207e-05
w3_mst63,radon_partially_pooled_noncentered,0,44.803,43.820825,21.889125,21.9317,255992,128000,-4,-0.001,-4,-0.001,,4.032258,4.032258,inf,-inf,alpha_raw.1,0.08999973216079281,1.5751500046876463e-05
w3_mst63,radon_partially_pooled_noncentered,2,44.322,43.340374999999995,22.217125,21.123250000000002,256050,128000,-4,-0.001,-4,-0.001,,4.032258,4.032258,inf,-inf,alpha_raw.1,0.09097644510626776,1.5747932044522552e-05
w3_mst63,kronecker_gp,0,51.981,42.4049,20.7487,21.6562,365439,183915,-4,-0.001,-4,-0.001,,7.02152,20.499884,4.032258,1.581415,L.28.1,0.1350785864065716,1.9213931736897265e-05
w3_mst63,kronecker_gp,2,45.222,38.963300000000004,17.8251,21.138199999999998,360246,197516,-4,-0.001,-4,-0.001,,7.030789,21.043971,4.032258,1.579552,R1.26,0.15547275662288268,1.9516633078507465e-05
w3_mst63,hier_2pl,1,206.412,169.9088,77.91245,91.99635,301052,169188,-4,-0.001,-4,-0.001,,5.296999,11.886106,4.032258,2.096131,xi1.21,0.025662262852934905,1.7594963660762923e-05
w3_mst63,hier_2pl,0,132.785,114.298075,51.175974999999994,63.1221,274982,146937,-4,-0.001,-4,-0.001,,4.042861,4.707836,4.032258,19.917526,xi1.9,0.030446669428022745,1.4702275058003798e-05
w3_mst63,hier_2pl,2,107.098,97.58615,53.588950000000004,43.9972,237490,109807,-4,-0.001,-4,-0.001,,6.652113,23.076762,4.032258,1.639694,xi2.9,0.06211239238827989,2.8010076213735316e-05
w3_mst63,wells_dist100_model,1,1.097,1.005333,0.530911,0.474422,56319,26404,-4,-0.001,-4,-0.001,,724.381349,742.710542,1143.085741,1.003511,alpha,660.3293974475844,0.012862113123457447
w3_mst63,wells_dist100_model,0,1.094,1.046062,0.54769125,0.4983707500000001,53478,25723,-4,-0.001,-4,-0.001,,796.549234,814.0088,1169.365265,1.006606,beta.1,728.1071608775136,0.014894895732824712
w3_mst63,wells_dist100_model,2,1.138,1.09627325,0.584754,0.5115192500000001,54744,26088,-4,-0.001,-4,-0.001,,992.540723,1003.777936,1309.225692,1.001422,beta.1,872.1798971880493,0.018130584593745433
w3_mst63,eight_schools_noncentered,1,0.042,0.024375525,0.0124001,0.011975425,69206,33575,-4,-0.001,-4,-0.001,,1598.016451,3152.137666,1341.954724,1.002575,tau,38048.01073809523,0.023090721194694103
w3_mst63,eight_schools_noncentered,0,0.039,0.023238225,0.011293025,0.011945200000000001,70770,35193,-4,-0.001,-4,-0.001,,1591.762875,3013.063703,1495.6723,1.003075,tau,40814.43269230769,0.02249205701568461
w3_mst63,eight_schools_noncentered,2,0.036,0.020593115,0.010500694999999999,0.010092420000000001,69309,33865,-4,-0.001,-4,-0.001,,1720.960979,3003.147296,1755.258322,1.005553,tau,47804.47163888889,0.024830267050455206
w3_mst63,dogs_hierarchical,1,1.297,1.0119865000000001,0.48814625,0.52384025,47312,23389,-4,-0.001,-4,-0.001,,1564.607101,3915.617038,1562.771103,1.00316,a,1206.3277571318429,0.03306998438028407
w3_mst63,dogs_hierarchical,0,1.132,0.88956625,0.4392385,0.45032775,48877,23510,-4,-0.001,-4,-0.001,,1788.308423,3927.805867,1942.255223,1.002484,a,1579.7777588339225,0.03658793344517871
w3_mst63,dogs_hierarchical,2,1.344,1.0454077499999999,0.531632,0.51377575,50732,23753,-4,-0.001,-4,-0.001,,1495.251265,3914.066639,1789.23823,1.003102,a,1112.5381436011905,0.029473532780099346
w3_mst63,bym2_offset_only,1,19.849,13.45459,6.0835625,7.3710275,256004,128000,-4,-0.001,-4,-0.001,,4.032258,4.032258,inf,-inf,beta0,0.20314665726233058,1.575076170684833e-05
w3_mst63,bym2_offset_only,0,18.741,14.390247500000001,7.0261925000000005,7.3640550000000005,256004,128000,-4,-0.001,-4,-0.001,,4.032258,4.032258,inf,-inf,beta0,0.21515703537698094,1.575076170684833e-05
w3_mst63,bym2_offset_only,2,16.537,12.2862475,5.9916599999999995,6.2945875,256004,128000,-4,-0.001,-4,-0.001,,4.032258,4.032258,inf,-inf,beta0,0.24383249682530084,1.575076170684833e-05
w3_mst63,pilots,1,0.179,0.142678575,0.09005880000000001,0.05261977500000001,278248,96824,-4,-0.001,-4,-0.001,,4.336521,351.191048,10.984677,3.900918,mu_a,24.226374301675982,1.5585093154308388e-05
w3_mst63,pilots,0,0.2,0.145132125,0.08606175,0.05907037500000001,332053,135926,-4,-0.001,-4,-0.001,,4.551852,416.959415,12.957775,3.068456,a.3,22.75926,1.3708209231658801e-05
w3_mst63,pilots,2,0.244,0.1843429,0.10135135,0.08299155,306694,132046,-4,-0.001,-4,-0.001,,4.458538,450.253297,11.217159,3.312066,mu_a,18.272696721311476,1.4537415143432868e-05
w3_mst63,garch11,1,0.366,0.34636625,0.1798885,0.16647774999999998,73569,35514,-4,-0.001,-4,-0.001,,963.277265,1409.038719,1366.854641,1.003411,alpha0,2631.9050956284154,0.013093521252157838
w3_mst63,garch11,0,0.351,0.3300545,0.16783499999999998,0.16221950000000002,74983,35869,-4,-0.001,-4,-0.001,,884.823738,1216.75147,938.513115,1.00327,alpha0,2520.8653504273507,0.011800324580238188
w3_mst63,garch11,2,-0.375,-0.4044015,-0.52724075,0.12283924999999998,73538,34871,-4,-0.001,-4,-0.001,,946.355733,1251.469606,1254.154164,1.003106,alpha0,-2523.615288,0.012868934877206343
w3_mst63,logmesquite_logvash,1,0.141,0.12095355,0.06502395,0.0559296,174173,78700,-4,-0.001,-4,-0.001,,130.263549,280.484923,328.627145,1.043648,beta.2,923.8549574468087,0.0007478974869813347
w3_mst63,logmesquite_logvash,0,0.177,0.13610869999999997,0.07747135,0.058637350000000005,204498,91380,-4,-0.001,-4,-0.001,,7.205963,13.48253,4.032258,1.570656,beta.2,40.711655367231636,3.523732750442547e-05
w3_mst63,logmesquite_logvash,2,0.136,0.120271575,0.0690215,0.051250075,177671,73667,-4,-0.001,-4,-0.001,,126.32604,236.762864,265.745209,1.028185,beta.2,928.8679411764706,0.0007110110259974898
w3_mst63,diamonds,1,3.317,3.1402200000000002,1.2122775,1.9279425,256232,128000,-4,-0.001,-4,-0.001,,4.032258,4.032258,inf,-inf,b.1,1.215634006632499,1.5736746386087606e-05
w3_mst63,diamonds,0,4.015,3.8926675,1.9166374999999998,1.9760299999999997,256004,128000,-4,-0.001,-4,-0.001,,4.032258,4.032258,inf,-inf,b.1,1.0042983810709838,1.575076170684833e-05
w3_mst63,diamonds,2,4.125,3.8921275,2.069995,1.8221325,271247,128000,-4,-0.001,-4,-0.001,,4.032258,4.032258,inf,-inf,b.1,0.9775170909090908,1.4865631693622416e-05
w3_mst63,gp_regr,1,0.09,0.078856125,0.039076324999999995,0.0397798,45956,22445,-4,-0.001,-4,-0.001,,3584.731357,3821.6052,2011.247717,1.003236,alpha,39830.34841111112,0.07800355463922012
w3_mst63,gp_regr,0,0.097,0.08656845,0.04795965,0.0386088,47356,22814,-4,-0.001,-4,-0.001,,3558.834874,3812.975622,2390.305164,1.00368,alpha,36689.01931958763,0.07515066462539066
w3_mst63,gp_regr,2,0.088,0.070379725,0.035251425,0.0351283,47130,23306,-4,-0.001,-4,-0.001,,3740.429251,3845.362762,2603.089537,1.003195,alpha,42504.87785227273,0.07936408340759601
w3_mst63,lsat_model,1,8.895,8.3401275,5.09537,3.2447575000000004,130430,48167,-4,-0.001,-4,-0.001,,197.041966,823.879169,344.253213,1.019172,beta,22.151991680719508,0.0015107104653837306
w3_mst63,lsat_model,0,15.346,10.0066075,6.127215,3.8793925,169152,67560,-4,-0.001,-4,-0.001,,7.206347,56.02017,4.032258,1.555364,a.5,0.46959122898475175,4.260278920734014e-05
w3_mst63,lsat_model,2,15.174,11.3333975,6.47224,4.861157499999999,196287,87556,-4,-0.001,-4,-0.001,,4.432511,11.501484,4.032258,3.47563,alpha.2,0.2921122314485304,2.2581785854386688e-05
w3_mst63,eight_schools_centered,1,0.053,0.034688525000000005,0.016614499999999997,0.018074024999999997,142972,71373,-4,-0.001,-4,-0.001,,113.45741,343.624622,88.464595,1.034845,tau,2140.7058490566037,0.0007935638446688862
w3_mst63,eight_schools_centered,0,0.056,0.035842399999999996,0.0177496,0.0180928,157255,85701,-4,-0.001,-4,-0.001,,67.203856,209.658895,84.302844,1.060342,tau,1200.068857142857,0.00042735592508982227
w3_mst63,eight_schools_centered,2,0.046,0.029226375,0.013215325,0.01601105,141762,72437,-4,-0.001,-4,-0.001,,125.981369,415.403193,121.77018,1.027533,tau,2738.7254130434785,0.0008886822209054613
w3_mst63,arma11,1,0.654,0.62254025,0.318616,0.30392425,256004,128000,-4,-0.001,-4,-0.001,,4.032258,4.032258,inf,-inf,mu,6.165532110091743,1.575076170684833e-05
w3_mst63,arma11,0,0.693,0.6826617500000001,0.34529075000000004,0.337371,256004,128000,-4,-0.001,-4,-0.001,,4.032258,4.032258,inf,-inf,mu,5.8185541125541125,1.575076170684833e-05
w3_mst63,blr,1,0.132,0.115557025,0.0611644,0.054392625,256004,128000,-4,-0.001,-4,-0.001,,4.032258,4.032258,inf,-inf,beta.1,30.54740909090909,1.575076170684833e-05
w3_mst63,blr,0,0.144,0.121123325,0.062040925000000004,0.0590824,256004,128000,-4,-0.001,-4,-0.001,,4.032258,4.032258,inf,-inf,beta.1,28.001791666666666,1.575076170684833e-05
w3_mst63,blr,2,0.13,0.11748092499999999,0.054682474999999994,0.06279845,256004,128000,-4,-0.001,-4,-0.001,,4.032258,4.032258,inf,-inf,beta.1,31.017369230769226,1.575076170684833e-05
w3_mst63,low_dim_gauss_mix,1,14.604,9.9027225,5.1773225,4.7254,175031,81844,-4,-0.001,-4,-0.001,,4.432159,4.774637,4.032258,3.405149,theta,0.30348938646946044,2.5322137221406495e-05
w3_mst63,low_dim_gauss_mix,0,10.815,6.363027499999999,4.0888975,2.27413,103690,38220,-4,-0.001,-4,-0.001,,7.183503,7.795787,31.091023,1.530898,mu.2,0.6642166435506242,6.927864789275726e-05
w3_mst63,low_dim_gauss_mix,2,13.421,7.700105,4.50834,3.191765,143795,61619,-4,-0.001,-4,-0.001,,7.21205,7.237739,4.032258,1.529104,mu.2,0.5373705387079949,5.0155081887409156e-05
w3_mst63,accel_gp,1,7.687,3.0952335,1.8363425000000002,1.258891,546043,227948,-4,-0.001,-4,-0.001,,4.315912,5.823571,4.032258,5.561372,lscale_1,0.5614559646155848,7.903978258122529e-06
w3_mst63,accel_gp,0,1.764,1.3380412499999998,0.6717642500000001,0.666277,256004,128000,-4,-0.001,-4,-0.001,,4.032258,4.032258,inf,-inf,Intercept,2.285860544217687,1.575076170684833e-05
w3_mst63,accel_gp,2,1.121,1.05948925,0.53120275,0.5282865,256004,128000,-4,-0.001,-4,-0.001,,4.032258,4.032258,inf,-inf,Intercept,3.5970187332738623,1.575076170684833e-05
w3_mst63,radon_variable_intercept_slope_noncentered,1,4.658,3.357922,1.871305,1.4866169999999999,187168,87121,-4,-0.001,-4,-0.001,,4.399387,7.261222,4.032258,3.715133,alpha.37,0.9444798196650922,2.35050168832279e-05
w3_mst63,radon_variable_intercept_slope_noncentered,0,3.842,2.2705475,1.2788575,0.9916900000000001,145762,65309,-4,-0.001,-4,-0.001,,7.194813,18.118897,4.032258,1.555025,beta.36,1.8726738677771992,4.936000466513906e-05
w3_mst63,radon_variable_intercept_slope_noncentered,2,4.349,2.944954,1.61267825,1.33227575,185387,85963,-4,-0.001,-4,-0.001,,4.358275,7.016671,4.032258,4.144657,beta.62,1.002132674177972,2.3509064821157903e-05
w7_full_1000,lotka_volterra,1,2.389,2.3354925,1.143035,1.1924575,126202,63793,-4,-0.001,-4,-0.001,,92.030765,1408.584237,137.944112,1.050384,theta.1,38.52271452490582,0.0007292338077051077
w7_full_1000,lotka_volterra,0,3.105,2.58716,1.2423275,1.3448325,141578,72274,-4,-0.001,-4,-0.001,,87.016523,1515.741016,173.288956,1.050368,theta.3,28.02464508856683,0.0006146189591603215
w7_full_1000,lotka_volterra,2,2.728,2.51458,1.0888875,1.4256925000000003,129783,67840,-4,-0.001,-4,-0.001,,76.017945,1194.872477,79.547823,1.035142,theta.1,27.865815615835775,0.0005857311435241904
w7_full_1000,kidscore_momiq,1,0.202,0.15741992500000002,0.08180077499999999,0.07561915000000001,111000,53103,-4,-0.001,-4,-0.001,,415.036894,810.438769,230.462938,1.008362,beta.1,2054.6380891089107,0.0037390711171171173
w7_full_1000,kidscore_momiq,0,0.171,0.14156717500000002,0.0741937,0.067373475,101812,49453,-4,-0.001,-4,-0.001,,533.112847,948.773275,537.6776,1.007366,beta.1,3117.6189883040934,0.0052362476623580715
w7_full_1000,kidscore_momiq,2,0.204,0.159295075,0.08377405,0.07552102499999999,106976,50759,-4,-0.001,-4,-0.001,,469.629072,894.046471,453.440975,1.019144,beta.1,2302.1032941176472,0.004390041429853425
w7_full_1000,radon_partially_pooled_noncentered,1,81.145,80.3674,43.445499999999996,36.9219,823742,376000,-4,-0.001,-4,-0.001,,623.49987,7602.197716,1280.278194,1.008741,mu_alpha,7.683774354550496,0.0007569115936786032
w7_full_1000,radon_partially_pooled_noncentered,0,81.675,80.58522500000001,43.7958,36.78942500000001,827353,376000,-4,-0.001,-4,-0.001,,614.834792,7914.599232,1232.395747,1.008153,mu_alpha,7.527821144781145,0.0007431347828556856
w7_full_1000,radon_partially_pooled_noncentered,2,81.631,80.97,44.220349999999996,36.74965,824658,376000,-4,-0.001,-4,-0.001,,530.653672,7912.525527,1398.699752,1.009377,mu_alpha,6.500639119942179,0.0006434833252087532
w7_full_1000,kronecker_gp,1,62.224,49.186875,28.930149999999998,20.256725,541705,223633,-4,-0.001,-4,-0.001,,39.838047,482.278963,76.021568,1.086184,eigenvalues.30.30,0.6402360343275907,7.354195918442696e-05
w7_full_1000,kronecker_gp,0,63.27,52.897400000000005,31.2829,21.614500000000003,588656,239161,-4,-0.001,-4,-0.001,,84.536206,703.74489,136.22511,1.029475,Sigma1.7.1,1.3361183183183183,0.00014360884115680468
w7_full_1000,kronecker_gp,2,66.275,54.361149999999995,30.84175,23.519399999999997,605145,261252,-4,-0.001,-4,-0.001,,51.045874,793.856088,158.439561,1.065516,eigenvalues.24.28,0.7702131120331949,8.435312858901586e-05
w7_full_1000,hier_2pl,1,276.472,236.58870000000002,124.010525,112.578175,852312,406872,-4,-0.001,-4,-0.001,,393.213855,1892.062972,356.966885,1.020063,xi1.31,1.422255617205359,0.00046134966420747337
w7_full_1000,hier_2pl,0,279.807,249.206,128.12222500000001,121.083775,896918,437872,-4,-0.001,-4,-0.001,,31.27202,527.840244,24.84326,1.0905,xi2.17,0.11176282223103783,3.486608586292169e-05
w7_full_1000,hier_2pl,2,279.551,238.688975,126.01304999999999,112.675925,853288,407000,-4,-0.001,-4,-0.001,,234.893506,1854.275011,222.222331,1.021008,xi2.21,0.840252783928514,0.0002752804516177422
w7_full_1000,wells_dist100_model,1,1.947,1.068043,0.5788705,0.48917249999999995,83757,38128,-4,-0.001,-4,-0.001,,736.415853,818.182859,786.414217,1.005717,beta.1,378.23104930662555,0.008792290232458182
w7_full_1000,wells_dist100_model,0,0.806,0.7625190000000001,0.38625525,0.37626375,57896,28333,-4,-0.001,-4,-0.001,,1108.757124,1195.150031,1277.067525,1.003631,beta.1,1375.6291861042182,0.019150841578001933
w7_full_1000,wells_dist100_model,2,0.857,0.8054432499999999,0.42520025,0.380243,60337,29147,-4,-0.001,-4,-0.001,,1039.524262,1072.154481,1121.461382,1.003759,beta.1,1212.9804690781796,0.017228636856323646
w7_full_1000,eight_schools_noncentered,1,0.04,0.023643262499999998,0.012316689999999998,0.0113265725,87056,37928,-4,-0.001,-4,-0.001,,1701.379624,3166.091137,1613.336542,1.003234,tau,42534.4906,0.019543507902959015
w7_full_1000,eight_schools_noncentered,0,0.029,0.01982861,0.0108871375,0.0089414725,76332,33478,-4,-0.001,-4,-0.001,,1567.324529,3460.550941,1494.036995,1.004559,tau,54045.6734137931,0.020532994406015824
w7_full_1000,eight_schools_noncentered,2,0.052,0.025147830000000003,0.014512295000000001,0.010635535,106812,42303,-4,-0.001,-4,-0.001,,1498.228087,3176.63793,1073.096094,1.002941,tau,28812.078596153846,0.014026776832191138
w7_full_1000,dogs_hierarchical,1,0.869,0.69016225,0.342356,0.34780625,47870,23224,-4,-0.001,-4,-0.001,,1479.371555,3919.912785,1656.561148,1.002433,a,1702.3838377445338,0.03090393889701274
w7_full_1000,dogs_hierarchical,0,1.128,0.7547900000000001,0.38010275,0.37468725,52195,25043,-4,-0.001,-4,-0.001,,1617.104081,3920.382079,1727.392597,1.002406,a,1433.6029086879435,0.030981973005077115
w7_full_1000,dogs_hierarchical,2,2.156,1.0019067499999998,0.5280152499999999,0.4738915,71586,32849,-4,-0.001,-4,-0.001,,1354.827581,3915.373683,1600.02382,1.004716,a,628.3986924860853,0.018925873508786634
w7_full_1000,bym2_offset_only,1,43.176,37.977775,19.574199999999998,18.403575,924592,437679,-4,-0.001,-4,-0.001,,132.760991,3442.920997,213.46745,1.033992,rho,3.074879354270891,0.00014358872994791214
w7_full_1000,bym2_offset_only,0,42.458,35.636624999999995,19.447249999999997,16.189375,887427,407378,-4,-0.001,-4,-0.001,,183.028463,3620.453008,330.000122,1.019194,rho,4.310812167318291,0.00020624621856220286
w7_full_1000,bym2_offset_only,2,42.335,34.905525,18.982075,15.923450000000003,873984,403340,-4,-0.001,-4,-0.001,,139.982467,3105.893119,253.404277,1.029661,rho,3.3065422699893707,0.00016016593782037201
w7_full_1000,pilots,1,0.083,0.062615425,0.028628,0.033987425,159721,84374,-4,-0.001,-4,-0.001,,5.537701,244.609701,20.659083,1.945174,a.2,66.7192891566265,3.46710889613764e-05
w7_full_1000,pilots,0,0.297,0.13920654999999998,0.0739688,0.06523775,363598,168080,-4,-0.001,-4,-0.001,,5.889295,249.67189,19.750066,1.820634,mu_a,19.829276094276093,1.619727006199154e-05
w7_full_1000,pilots,2,0.12,0.07219765,0.0321125,0.04008515,176729,97059,-4,-0.001,-4,-0.001,,4.651129,244.422537,10.775095,2.790374,mu_a,38.75940833333333,2.631785954766903e-05
w7_full_1000,garch11,1,0.375,0.33062575,0.17286825,0.1577575,100178,50319,-4,-0.001,-4,-0.001,,770.688592,1269.738805,1045.241171,1.003669,alpha0,2055.1695786666664,0.007693192038172054
w7_full_1000,garch11,0,0.375,0.3308385,0.1676765,0.163162,101566,47269,-4,-0.001,-4,-0.001,,889.174535,1435.27055,1253.612523,1.003597,alpha0,2371.132093333333,0.008754647569068389
w7_full_1000,garch11,2,0.38,0.33324224999999996,0.16473725,0.168505,102698,52553,-4,-0.001,-4,-0.001,,946.094042,1491.498577,976.37177,1.005261,alpha0,2489.7211631578944,0.009212390134179828
w7_full_1000,logmesquite_logvash,1,0.163,0.10514449999999999,0.050050675,0.055093825,194615,94922,-4,-0.001,-4,-0.001,,150.918541,451.008619,295.552298,1.004507,beta.2,925.8806196319018,0.0007754722965855664
w7_full_1000,logmesquite_logvash,0,0.111,0.09060644999999999,0.04486065,0.045745799999999996,161762,81166,-4,-0.001,-4,-0.001,,119.484333,390.653595,282.492387,1.016365,beta.2,1076.4354324324324,0.0007386427776610081
w7_full_1000,logmesquite_logvash,2,0.108,0.086805175,0.044968150000000005,0.041837025,157865,80094,-4,-0.001,-4,-0.001,,181.094049,520.717681,409.078727,1.022759,beta.2,1676.7967500000002,0.0011471450226459318
w7_full_1000,diamonds,1,6.737,5.6675699999999996,2.9924025,2.6751674999999997,603628,279666,-4,-0.001,-4,-0.001,,10.149694,482.7958,23.89392,1.311872,b.23,1.5065598931275048,1.6814485080214967e-05
w7_full_1000,diamonds,0,7.217,7.003,3.72265,3.28035,730936,340849,-4,-0.001,-4,-0.001,,9.918294,679.554633,18.98659,1.356922,b.23,1.3742959678536788,1.3569305657403657e-05
w7_full_1000,diamonds,2,7.347,7.14259,3.7625900000000003,3.38,730749,342925,-4,-0.001,-4,-0.001,,7.511508,591.149276,23.244499,1.502114,b.23,1.0223911800734993,1.02791902554776e-05
w7_full_1000,gp_regr,1,0.263,0.12474265000000001,0.064171725,0.060570925,85883,38572,-4,-0.001,-4,-0.001,,2007.538825,2633.237103,2144.510938,1.001732,sigma,7633.22747148289,0.023375275956824985
w7_full_1000,gp_regr,0,0.1,0.07591647500000001,0.039541775,0.0363747,53879,26692,-4,-0.001,-4,-0.001,,2711.780787,3159.38286,2511.705244,1.001116,sigma,27117.80787,0.05033094131294197
w7_full_1000,gp_regr,2,0.171,0.0983336,0.0562516,0.042081999999999994,81660,36055,-4,-0.001,-4,-0.001,,2246.11355,2616.336437,2040.617303,1.002087,sigma,13135.166959064327,0.02750567658584374
w7_full_1000,lsat_model,1,25.665,24.92125,14.647875,10.273375,621819,252000,-4,-0.001,-4,-0.001,,1467.13934,10161.118459,1784.574586,1.008736,beta,57.16498499902591,0.002359431506595971
w7_full_1000,lsat_model,0,25.438,25.01545,14.589575,10.425875000000001,621596,252000,-4,-0.001,-4,-0.001,,1190.550752,10103.577863,1804.475375,1.00962,beta,46.802058023429524,0.0019153127626303902
w7_full_1000,lsat_model,2,25.364,24.834825,14.670925,10.1639,621723,252000,-4,-0.001,-4,-0.001,,1476.77131,11113.858088,1725.966301,1.008057,beta,58.22312371865637,0.0023752882071276116
w7_full_1000,eight_schools_centered,1,0.045,0.030561125,0.015177800000000002,0.015383325000000002,156687,82345,-4,-0.001,-4,-0.001,,75.61925,254.732092,96.456044,1.051139,tau,1680.4277777777777,0.0004826134267680152
w7_full_1000,eight_schools_centered,0,0.043,0.034096249999999995,0.0180588,0.01603745,172494,74725,-4,-0.001,-4,-0.001,,92.455117,535.647833,138.706565,1.041841,tau,2150.119,0.0005359903358957413
w7_full_1000,eight_schools_centered,2,0.054,0.033089725,0.018128075,0.01496165,215484,97761,-4,-0.001,-4,-0.001,,91.050529,334.912267,126.543734,1.041131,tau,1686.1209074074075,0.0004225396270720796
w7_full_1000,arma11,1,0.131,0.113868075,0.0592097,0.054658374999999995,60444,28796,-4,-0.001,-4,-0.001,,1004.642576,2045.87561,1497.421794,1.003663,theta,7669.027297709923,0.01662104718417047
w7_full_1000,arma11,0,0.116,0.10748964999999999,0.05684955,0.05064010000000001,58364,28553,-4,-0.001,-4,-0.001,,1140.046338,2075.218774,1622.94024,1.003418,theta,9827.985672413794,0.019533382530326916
w7_full_1000,arma11,2,0.163,0.12488155000000001,0.06780785,0.0570737,60241,29054,-4,-0.001,-4,-0.001,,864.245674,2045.731571,1093.006945,1.003322,theta,5302.120699386503,0.014346469580518252
w7_full_1000,blr,1,0.284,0.170273475,0.08838315,0.081890325,437446,194460,-4,-0.001,-4,-0.001,,425.889346,2519.125766,436.561048,1.014383,sigma,1499.6103732394367,0.0009735815300631392
w7_full_1000,blr,0,0.25,0.13644835,0.0775435,0.058904849999999995,357537,159046,-4,-0.001,-4,-0.001,,732.656008,2473.838264,639.753178,1.007561,sigma,2930.624032,0.002049175352481002
w7_full_1000,blr,2,0.163,0.146730525,0.078875075,0.06785545000000001,377345,178864,-4,-0.001,-4,-0.001,,722.952155,2808.931195,841.647535,1.003578,sigma,4435.289294478527,0.0019158917038784135
w7_full_1000,low_dim_gauss_mix,1,15.471,7.4273050000000005,3.8788375000000004,3.5484675,155543,75018,-4,-0.001,-4,-0.001,,1144.369877,1852.175147,1298.384901,1.002971,sigma.1,73.9687077112016,0.0073572573307702695
w7_full_1000,low_dim_gauss_mix,0,4.735,4.483834999999999,2.1452025,2.3386324999999997,95925,50333,-4,-0.001,-4,-0.001,,1253.996449,1969.302402,1464.883949,1.002377,sigma.1,264.8355752903907,0.0130726760385718
w7_full_1000,low_dim_gauss_mix,2,4.816,4.455472500000001,2.26168,2.1937925,94806,46830,-4,-0.001,-4,-0.001,,809.917106,1656.979299,1287.566771,1.00347,sigma.1,168.1721565614618,0.008542888699027487
w7_full_1000,radon_variable_intercept_slope_noncentered,1,7.219,7.067365000000001,4.206872499999999,2.8604925000000003,607676,249632,-4,-0.001,-4,-0.001,,774.620345,6952.864608,787.35974,1.005775,sigma_beta,107.30299833771991,0.0012747259147967008
w7_full_1000,radon_variable_intercept_slope_noncentered,0,7.515,5.6931125,3.489935,2.2031775,481174,187962,-4,-0.001,-4,-0.001,,572.310687,6401.102378,600.664794,1.005833,sigma_beta,76.15578003992017,0.0011894048452327018
w7_full_1000,radon_variable_intercept_slope_noncentered,2,7.236,4.77946,2.9522575,1.8272025,406462,154968,-4,-0.001,-4,-0.001,,572.616994,5910.588054,414.040199,1.005505,sigma_beta,79.13446572692095,0.0014087835861654964
w2_da_b50_shr_avg,lotka_volterra,1,6.147,4.1198975,2.5235475,1.59635,136134,71578,-4,-0.001,-4,-0.001,,6.51212,25.269143,37.826185,1.669697,theta.2,1.0593980803644054,4.783610266355209e-05
w2_da_b50_shr_avg,lotka_volterra,0,5.27,3.9151425,2.3940975,1.521045,150362,76655,-4,-0.001,-4,-0.001,,10.282622,34.936942,11.94467,1.314015,z.11.1,1.9511616698292222,6.838577566140382e-05
w2_da_b50_shr_avg,lotka_volterra,2,3.617,2.95350225,1.9211225,1.03237975,140695,66077,-4,-0.001,-4,-0.001,,23.181856,976.372116,13.639413,1.113342,sigma.1,6.409139065523915,0.00016476673655780233
w2_da_b50_shr_avg,kidscore_momiq,1,0.18,0.1675067,0.09962694999999999,0.06787974999999999,124871,50018,-4,-0.001,-4,-0.001,,138.017016,304.04573,225.114223,1.036522,beta.1,766.7612000000001,0.0011052767736303866
w2_da_b50_shr_avg,kidscore_momiq,0,0.267,0.22251775,0.1301665,0.09235125,132453,54924,-4,-0.001,-4,-0.001,,378.024206,527.516602,398.857887,1.00712,beta.1,1415.8209962546816,0.002854025246691279
w2_da_b50_shr_avg,kidscore_momiq,2,0.26,0.18355100000000002,0.09893289999999999,0.0846181,125278,58918,-4,-0.001,-4,-0.001,,6.771743,6.906454,11.402391,1.598713,sigma,26.045165384615384,5.4053728507798655e-05
w2_da_b50_shr_avg,radon_partially_pooled_noncentered,1,17.528,16.7716325,8.161215,8.6104175,149783,69576,-4,-0.001,-4,-0.001,,130.666976,3264.955621,80.047063,1.032246,sigma_alpha,7.454756732085807,0.0008723752094696995
w2_da_b50_shr_avg,radon_partially_pooled_noncentered,0,23.292,20.3950075,10.862155000000001,9.5328525,158753,72962,-4,-0.001,-4,-0.001,,106.296204,1794.359918,126.614356,1.050587,sigma_alpha,4.563635754765585,0.0006695697341152608
w2_da_b50_shr_avg,radon_partially_pooled_noncentered,2,14.014,13.187579999999999,7.76855,5.419029999999999,146807,64087,-4,-0.001,-4,-0.001,,37.429867,1594.51238,205.384339,1.074278,sigma_alpha,2.670891037533895,0.0002549596885707085
w2_da_b50_shr_avg,kronecker_gp,1,17.404,15.105765,9.01916,6.0866050000000005,143222,64216,-4,-0.001,-4,-0.001,,16.137471,166.368448,30.384986,1.205026,eigenvalues.25.30,0.9272277062744197,0.00011267452625993214
w2_da_b50_shr_avg,kronecker_gp,0,16.245,14.284775000000002,7.4687275,6.8160475,142652,65896,-4,-0.001,-4,-0.001,,12.729299,156.17971,39.034114,1.232753,R1.30,0.7835825792551553,8.923323192103861e-05
w2_da_b50_shr_avg,kronecker_gp,2,16.017,13.4387425,7.200195,6.2385475,156245,75234,-4,-0.001,-4,-0.001,,12.741974,202.956381,27.575219,1.249115,var1,0.7955281263657364,8.155124323978368e-05
w2_da_b50_shr_avg,hier_2pl,1,51.48,49.494375000000005,29.31675,20.177625,156030,68955,-4,-0.001,-4,-0.001,,58.11206,1478.510701,103.686796,1.062242,xi1.22,1.1288278943278944,0.0003724415817470999
w2_da_b50_shr_avg,hier_2pl,0,54.544,52.03920000000001,30.665249999999997,21.37395,157676,70839,-4,-0.001,-4,-0.001,,86.046082,1638.02128,118.000191,1.047635,tau.1,1.5775535714285716,0.0005457145158426139
w2_da_b50_shr_avg,hier_2pl,2,47.4,43.9819,24.175625,19.806275,153942,69798,-4,-0.001,-4,-0.001,,21.347184,1581.997831,110.670212,1.150295,xi2.11,0.4503625316455696,0.00013867030440035857
w2_da_b50_shr_avg,wells_dist100_model,1,0.925,0.87161425,0.506139,0.36547525000000003,60136,27059,-4,-0.001,-4,-0.001,,929.515424,950.564071,1248.417051,1.002365,beta.1,1004.8815394594594,0.015456888120260743
w2_da_b50_shr_avg,wells_dist100_model,0,1.143,1.0733557500000002,0.5977680000000001,0.47558775000000003,57687,25704,-4,-0.001,-4,-0.001,,593.1054,700.980187,1233.72694,1.010483,beta.1,518.9023622047245,0.010281439492433304
w2_da_b50_shr_avg,wells_dist100_model,2,0.785,0.7523635,0.41317225,0.33919125,58639,26980,-4,-0.001,-4,-0.001,,1101.607217,1103.123505,1305.507527,1.003496,beta.1,1403.3212955414012,0.01878625517147291
w2_da_b50_shr_avg,eight_schools_noncentered,1,0.029,0.01767867,0.009910355,0.0077683150000000005,73879,34551,-4,-0.001,-4,-0.001,,1651.172836,3082.331025,1515.75441,1.002377,tau,56936.99434482758,0.022349691197769327
w2_da_b50_shr_avg,eight_schools_noncentered,0,0.041,0.022689177499999998,0.0104999775,0.012189199999999999,72837,34191,-4,-0.001,-4,-0.001,,1558.196968,2984.937721,1492.4581,1.002418,tau,38004.80409756098,0.02139293172426102
w2_da_b50_shr_avg,eight_schools_noncentered,2,0.03,0.0186740975,0.009744625,0.0089294725,74852,34615,-4,-0.001,-4,-0.001,,1500.277994,2986.27338,1627.734782,1.005641,tau,50009.26646666667,0.020043258617004223
w2_da_b50_shr_avg,dogs_hierarchical,1,0.894,0.6991317499999999,0.360896,0.33823575,51458,23874,-4,-0.001,-4,-0.001,,1671.05336,3910.533305,1659.183113,1.002893,a,1869.1872035794183,0.03247412180807649
w2_da_b50_shr_avg,dogs_hierarchical,0,1.112,0.8541025,0.399926,0.4541765,52934,23790,-4,-0.001,-4,-0.001,,1503.75893,3920.25869,1779.436102,1.005776,a,1352.3011960431654,0.028408186231911436
w2_da_b50_shr_avg,dogs_hierarchical,2,0.921,0.7418375,0.401737,0.34010050000000003,53979,24058,-4,-0.001,-4,-0.001,,1640.1375,3916.777021,2055.068604,1.003981,b,1780.8224755700326,0.03038473295170344
w2_da_b50_shr_avg,bym2_offset_only,0,20.951,17.97562,7.565735,10.409885000000001,437693,241500,-4,-0.001,-4,-0.001,,4.244116,50.738535,10.584441,4.554663,beta0,0.2025734332490096,9.696559003685231e-06
w2_da_b50_shr_avg,pilots,1,0.195,0.11178742499999998,0.039091375,0.07269605,289530,176356,-4,-0.001,-4,-0.001,,4.603786,325.972181,11.771963,2.946033,a.1,23.609158974358976,1.5900894553241463e-05
w2_da_b50_shr_avg,pilots,0,0.187,0.116948075,0.045547125,0.07140094999999999,277610,168367,-4,-0.001,-4,-0.001,,4.330512,302.656675,12.617739,3.984117,a.5,23.15781818181818,1.5599265156154318e-05
w2_da_b50_shr_avg,pilots,2,0.1,0.075458025,0.044207224999999996,0.0312508,209495,89146,-4,-0.001,-4,-0.001,,4.620659,393.400432,12.046373,2.883017,mu_a,46.20659,2.205617795174109e-05
w2_da_b50_shr_avg,garch11,1,0.255,0.2435555,0.133611,0.1099445,77003,35743,-4,-0.001,-4,-0.001,,971.49315,1347.570297,1228.930811,1.005534,alpha0,3809.7770588235294,0.012616302611586562
w2_da_b50_shr_avg,garch11,0,0.342,0.313782,0.17295375,0.14082825,78958,35719,-4,-0.001,-4,-0.001,,762.609369,1125.416757,1158.573511,1.009216,alpha0,2229.851956140351,0.009658418007041718
w2_da_b50_shr_avg,garch11,2,0.258,0.239149,0.1279185,0.1112305,77438,35456,-4,-0.001,-4,-0.001,,999.526853,1168.132369,1405.686772,1.004482,alpha0,3874.1350891472866,0.012907446641183914
w2_da_b50_shr_avg,logmesquite_logvash,1,0.105,0.090954125,0.0479848,0.042969325,158859,74331,-4,-0.001,-4,-0.001,,167.309702,361.319977,283.684287,1.020177,beta.2,1593.4257333333333,0.0010531962432093868
w2_da_b50_shr_avg,logmesquite_logvash,0,0.134,0.11027514999999999,0.05825635,0.052018800000000004,168080,78659,-4,-0.001,-4,-0.001,,326.749697,577.255586,353.068956,1.011993,beta.2,2438.4305746268656,0.0019440129521656356
w2_da_b50_shr_avg,logmesquite_logvash,2,0.097,0.080901725,0.043933725,0.036968,162889,74871,-4,-0.001,-4,-0.001,,250.191155,435.405207,369.465853,1.013491,beta.2,2579.2902577319587,0.0015359610225368196
w2_da_b50_shr_avg,diamonds,1,3.053,2.20387925,1.02654775,1.1773315,234227,117483,-4,-0.001,-4,-0.001,,4.33773,114.212776,10.788918,3.837122,b.22,1.420809040288241,1.8519342347380957e-05
w2_da_b50_shr_avg,diamonds,0,5.442,4.435805,1.9148899999999998,2.520915,331817,191330,-4,-0.001,-4,-0.001,,4.86337,213.897978,11.404446,2.452939,b.22,0.8936732818816611,1.4656783709092661e-05
w2_da_b50_shr_avg,diamonds,2,4.437,3.11174,1.2802250000000002,1.831515,330617,196625,-4,-0.001,-4,-0.001,,4.338483,214.353916,10.91641,3.838469,b.23,0.9777964841108857,1.312238330152412e-05
w2_da_b50_shr_avg,gp_regr,1,0.071,0.0625135,0.034721199999999994,0.0277923,49793,23523,-4,-0.001,-4,-0.001,,3282.239704,3645.901707,1968.301603,1.002836,rho,46228.72822535212,0.06591769333038781
w2_da_b50_shr_avg,gp_regr,0,0.068,0.059715975,0.03204325,0.027672725000000002,49831,22900,-4,-0.001,-4,-0.001,,3510.479522,3681.406692,2536.587006,1.001017,sigma,51624.698852941176,0.0704477036784331
w2_da_b50_shr_avg,gp_regr,2,0.078,0.066979275,0.0327796,0.034199675,50186,23310,-4,-0.001,-4,-0.001,,3486.201573,3609.892589,2511.282799,1.000385,alpha,44694.89196153846,0.0694656193559957
w2_da_b50_shr_avg,lsat_model,1,6.029,5.6771425,2.91439,2.7627525000000004,149188,67994,-4,-0.001,-4,-0.001,,673.866195,3093.727917,1068.186264,1.009683,beta,111.77080693315641,0.004516892746065367
w2_da_b50_shr_avg,lsat_model,0,9.401,8.8305325,4.83322,3.9973125,150408,69070,-4,-0.001,-4,-0.001,,704.869672,4125.556632,1055.816559,1.009425,beta,74.97815891926392,0.004686384181692463
w2_da_b50_shr_avg,lsat_model,2,7.491,6.993685000000001,4.1036975,2.8899875,152079,69663,-4,-0.001,-4,-0.001,,300.183754,3829.375838,773.71882,1.010649,beta,40.072587638499535,0.001973867226901808
w2_da_b50_shr_avg,eight_schools_centered,1,0.04,0.0317214,0.012507774999999999,0.019213624999999998,176180,94953,-4,-0.001,-4,-0.001,,75.251478,177.444471,67.760873,1.045645,tau,1881.2869500000002,0.0004271283800658418
w2_da_b50_shr_avg,eight_schools_centered,0,0.043,0.0345799,0.0171776,0.017402300000000002,168325,87836,-4,-0.001,-4,-0.001,,65.272941,312.706857,73.860413,1.070379,tau,1517.9753720930235,0.0003877792425367593
w2_da_b50_shr_avg,eight_schools_centered,2,0.037,0.025807575000000003,0.0117406,0.014066975,155770,79808,-4,-0.001,-4,-0.001,,22.54161,294.948853,15.18169,1.12854,tau,609.2327027027027,0.0001447108557488605
w2_da_b50_shr_avg,blr,1,0.042,0.034102025,0.021801849999999998,0.012300175,101159,35125,-4,-0.001,-4,-0.001,,4.266823,4.277499,11.03447,4.306033,beta.4,101.59102380952379,4.217937108907759e-05
w2_da_b50_shr_avg,blr,0,0.075,0.051315925,0.032515825,0.018800099999999997,104053,37350,-4,-0.001,-4,-0.001,,4.251388,4.873822,11.069391,4.456975,sigma,56.68517333333334,4.085790895024651e-05
w2_da_b50_shr_avg,blr,2,0.091,0.047647932500000004,0.032530225,0.015117707499999999,109865,32549,-4,-0.001,-4,-0.001,,4.246408,4.331465,11.300673,4.528069,sigma,46.663824175824175,3.865114458653802e-05
w2_da_b50_shr_avg,low_dim_gauss_mix,1,5.488,4.830025000000001,2.9878175,1.8422075000000002,89048,35879,-4,-0.001,-4,-0.001,,228.542082,1151.242146,518.614528,1.013751,sigma.1,41.64396537900874,0.002566504379660408
w2_da_b50_shr_avg,low_dim_gauss_mix,0,5.558,4.2091650000000005,2.3835975,1.8255675,91208,39810,-4,-0.001,-4,-0.001,,1750.451096,2419.830009,1280.47594,1.006745,theta,314.94262252608854,0.019191859222875186
w2_da_b50_shr_avg,low_dim_gauss_mix,2,3.731,3.59323,2.1719975,1.4212325,77924,31112,-4,-0.001,-4,-0.001,,713.397835,1479.19447,748.721952,1.003469,sigma.1,191.20821093540607,0.00915504639135568
w2_da_b50_shr_avg,accel_gp,1,2.109,0.9559875,0.52681475,0.42917275,227365,105975,-4,-0.001,-4,-0.001,,4.36204,21.195038,11.100134,3.709113,lscale_1,2.0682977714556663,1.9185186814153455e-05
w2_da_b50_shr_avg,accel_gp,2,0.976,0.6706997499999999,0.41609999999999997,0.25459975,187135,70750,-4,-0.001,-4,-0.001,,4.257567,16.081379,10.860465,4.398793,Intercept_sigma,4.362261270491803,2.275131322307425e-05
w2_da_b50_shr_avg,radon_variable_intercept_slope_noncentered,1,1.818,1.69741725,0.9240760000000001,0.77334125,141754,69729,-4,-0.001,-4,-0.001,,98.761945,1568.75468,158.893422,1.041827,alpha_raw.61,54.32450220022002,0.0006967136377103997
w2_da_b50_shr_avg,radon_variable_intercept_slope_noncentered,0,1.738,1.5106025,0.821713,0.6888894999999999,132940,61290,-4,-0.001,-4,-0.001,,112.335245,1761.268596,193.061674,1.021608,sigma_beta,64.63477848101266,0.0008450071084699865
w2_da_b50_shr_avg,radon_variable_intercept_slope_noncentered,2,1.739,1.413937,0.8266242500000001,0.5873127499999999,118737,49279,-4,-0.001,-4,-0.001,,4.993804,123.631191,11.200453,2.333584,sigma_alpha,2.871652673950546,4.2057690526120754e-05
w7_batch_1000,lotka_volterra,1,8.264,4.9788275,3.25052,1.7283075,194086,94158,-4,-0.001,-4,-0.001,,4.830067,9.410038,4.032258,2.489663,z.8.1,0.5844708373668925,2.4886220541409477e-05
w7_batch_1000,lotka_volterra,0,7.013,4.5177075,2.8475124999999997,1.670195,195785,93901,-4,-0.001,-4,-0.001,,198.745439,1546.321984,351.390168,1.046146,theta.1,28.339574932268643,0.0010151208672778815
w7_batch_1000,lotka_volterra,2,4.904,3.31263775,2.1745075,1.1381302500000001,140888,55855,-4,-0.001,-4,-0.001,,6.793834,21.47495,20.36925,1.620983,theta.1,1.3853658238172921,4.8221523479643406e-05
w7_batch_1000,kidscore_momiq,1,0.361,0.33939074999999996,0.1669905,0.17240025,256004,128000,-4,-0.001,-4,-0.001,,4.032258,4.032258,inf,-inf,beta.1,11.16968975069252,1.575076170684833e-05
w7_batch_1000,kidscore_momiq,0,0.343,0.32050175000000003,0.162201,0.15830075,256004,128000,-4,-0.001,-4,-0.001,,4.032258,4.032258,inf,-inf,beta.1,11.755854227405246,1.575076170684833e-05
w7_batch_1000,kidscore_momiq,2,0.365,0.34374024999999997,0.17704150000000002,0.16669875,256004,128000,-4,-0.001,-4,-0.001,,4.032258,4.032258,inf,-inf,beta.1,11.047282191780821,1.575076170684833e-05
w7_batch_1000,radon_partially_pooled_noncentered,1,25.068,21.6295175,11.820049999999998,9.8094675,223528,99903,-4,-0.001,-4,-0.001,,4.365133,5.949546,4.032258,3.739864,sigma_alpha,0.17413168182543481,1.9528349915894207e-05
w7_batch_1000,radon_partially_pooled_noncentered,0,24.396,24.021900000000002,11.934650000000001,12.08725,255992,128000,-4,-0.001,-4,-0.001,,4.032258,4.032258,inf,-inf,alpha_raw.1,0.16528357107722574,1.5751500046876463e-05
w7_batch_1000,radon_partially_pooled_noncentered,2,25.294,24.857249999999997,12.451475,12.405775,256050,128000,-4,-0.001,-4,-0.001,,4.032258,4.032258,inf,-inf,alpha_raw.1,0.15941559263066338,1.5747932044522552e-05
w7_batch_1000,kronecker_gp,1,39.505,26.752625000000002,13.682375,13.07025,294865,144602,-4,-0.001,-4,-0.001,,4.238999,8.016502,4.032258,4.616335,L.20.1,0.1073028477407923,1.4376067013718142e-05
w7_batch_1000,kronecker_gp,0,39.105,31.785365,15.951237500000001,15.834127500000001,374340,185212,-4,-0.001,-4,-0.001,,6.167672,19.839869,4.032258,1.812173,eigenvalues.18.30,0.1577208029663726,1.6476123310359566e-05
w7_batch_1000,hier_2pl,1,109.371,85.14775,37.651325,47.496425,301052,169188,-4,-0.001,-4,-0.001,,5.296999,11.886106,4.032258,2.096131,xi1.21,0.04843147635113512,1.7594963660762923e-05
w7_batch_1000,hier_2pl,0,92.52,76.83925,35.802225,41.037025,274982,146937,-4,-0.001,-4,-0.001,,4.042861,4.707836,4.032258,19.917526,xi1.9,0.043697157371379164,1.4702275058003798e-05
w7_batch_1000,hier_2pl,2,74.849,66.53235000000001,35.9113,30.621049999999997,237490,109807,-4,-0.001,-4,-0.001,,6.652113,23.076762,4.032258,1.639694,xi2.9,0.0888737725286911,2.8010076213735316e-05
w7_batch_1000,wells_dist100_model,1,0.799,0.7242062499999999,0.3977255,0.32648075,56319,26404,-4,-0.001,-4,-0.001,,724.381349,742.710542,1143.085741,1.003511,alpha,906.6099486858573,0.012862113123457447
w7_batch_1000,wells_dist100_model,0,0.709,0.6831655000000001,0.35048025000000005,0.33268525,53478,25723,-4,-0.001,-4,-0.001,,796.549234,814.0088,1169.365265,1.006606,beta.1,1123.4826995768688,0.014894895732824712
w7_batch_1000,wells_dist100_model,2,0.764,0.718285,0.37037824999999996,0.34790675,54744,26088,-4,-0.001,-4,-0.001,,992.540723,1003.777936,1309.225692,1.001422,beta.1,1299.1370719895287,0.018130584593745433
w7_batch_1000,eight_schools_noncentered,1,0.027,0.016363139999999998,0.008279715,0.008083425,69206,33575,-4,-0.001,-4,-0.001,,1598.016451,3152.137666,1341.954724,1.002575,tau,59185.794481481484,0.023090721194694103
w7_batch_1000,eight_schools_noncentered,0,0.032,0.018042234999999997,0.009330155,0.00871208,70770,35193,-4,-0.001,-4,-0.001,,1591.762875,3013.063703,1495.6723,1.003075,tau,49742.58984374999,0.02249205701568461
w7_batch_1000,eight_schools_noncentered,2,0.023,0.015595082500000003,0.0077812425000000005,0.00781384,69309,33865,-4,-0.001,-4,-0.001,,1720.960979,3003.147296,1755.258322,1.005553,tau,74824.39039130435,0.024830267050455206
w7_batch_1000,dogs_hierarchical,1,0.845,0.6665685,0.31315825,0.35341025,47312,23389,-4,-0.001,-4,-0.001,,1564.607101,3915.617038,1562.771103,1.00316,a,1851.6060366863906,0.03306998438028407
w7_batch_1000,dogs_hierarchical,0,0.875,0.6730102499999999,0.33467925,0.33833100000000005,48877,23510,-4,-0.001,-4,-0.001,,1788.308423,3927.805867,1942.255223,1.002484,a,2043.7810548571429,0.03658793344517871
w7_batch_1000,dogs_hierarchical,2,0.892,0.70017675,0.361257,0.33891974999999996,50732,23753,-4,-0.001,-4,-0.001,,1495.251265,3914.066639,1789.23823,1.003102,a,1676.2906558295965,0.029473532780099346
w7_batch_1000,bym2_offset_only,1,13.479,8.74707,4.195012500000001,4.5520575,256004,128000,-4,-0.001,-4,-0.001,,4.032258,4.032258,inf,-inf,beta0,0.29915112397062094,1.575076170684833e-05
w7_batch_1000,bym2_offset_only,0,12.821,9.90806,4.792002500000001,5.1160575,256004,128000,-4,-0.001,-4,-0.001,,4.032258,4.032258,inf,-inf,beta0,0.314504172841432,1.575076170684833e-05
w7_batch_1000,bym2_offset_only,2,13.809,9.4965425,4.664882500000001,4.83166,256004,128000,-4,-0.001,-4,-0.001,,4.032258,4.032258,inf,-inf,beta0,0.29200217249619814,1.575076170684833e-05
w7_batch_1000,pilots,1,0.126,0.09396750000000001,0.054687324999999995,0.039280175,285152,115720,-4,-0.001,-4,-0.001,,4.519191,374.259682,11.052463,3.085857,a.3,35.866595238095236,1.584835806867916e-05
w7_batch_1000,pilots,0,0.114,0.09054309999999999,0.054210049999999996,0.036333050000000006,285722,114477,-4,-0.001,-4,-0.001,,5.303703,411.472708,25.388948,2.107876,a.5,46.52371052631578,1.856245931359853e-05
w7_batch_1000,pilots,2,0.17,0.11551525000000001,0.05354925000000001,0.061966,346969,180819,-4,-0.001,-4,-0.001,,4.258654,145.668126,11.325601,4.418465,a.5,25.05090588235294,1.2273874611276512e-05
w7_batch_1000,garch11,1,0.27,0.23794499999999996,0.1261895,0.11175550000000001,73569,35514,-4,-0.001,-4,-0.001,,963.277265,1409.038719,1366.854641,1.003411,alpha0,3567.693574074074,0.013093521252157838
w7_batch_1000,garch11,0,0.265,0.2387675,0.12264325,0.11612425,74983,35869,-4,-0.001,-4,-0.001,,884.823738,1216.75147,938.513115,1.00327,alpha0,3338.9575018867927,0.011800324580238188
w7_batch_1000,garch11,2,0.242,0.22830725000000002,0.12071174999999999,0.1075955,73538,34871,-4,-0.001,-4,-0.001,,946.355733,1251.469606,1254.154164,1.003106,alpha0,3910.5608801652893,0.012868934877206343
w7_batch_1000,logmesquite_logvash,1,0.107,0.09170715,0.051723575,0.039983575,171348,77443,-4,-0.001,-4,-0.001,,145.723926,306.136097,250.112433,1.025,beta.2,1361.9058504672898,0.0008504559492961692
w7_batch_1000,logmesquite_logvash,0,0.117,0.097065525,0.05354415,0.043521375,204696,92318,-4,-0.001,-4,-0.001,,7.25994,13.595658,4.032258,1.557014,beta.1,62.05076923076923,3.5466936334857545e-05
w7_batch_1000,logmesquite_logvash,2,0.118,0.09394664999999999,0.05414375,0.0398029,184511,77738,-4,-0.001,-4,-0.001,,92.786643,193.590402,160.45797,1.025187,beta.2,786.3274830508475,0.0005028786522212768
w7_batch_1000,diamonds,1,2.51,2.4181025000000003,1.1962125,1.2218900000000001,256232,128000,-4,-0.001,-4,-0.001,,4.032258,4.032258,inf,-inf,b.1,1.6064772908366534,1.5736746386087606e-05
w7_batch_1000,diamonds,0,2.373,2.2983275,1.1745575000000001,1.12377,256004,128000,-4,-0.001,-4,-0.001,,4.032258,4.032258,inf,-inf,b.1,1.699223767383059,1.575076170684833e-05
w7_batch_1000,diamonds,2,2.993,2.6189875,1.4167224999999999,1.2022650000000001,271247,128000,-4,-0.001,-4,-0.001,,4.032258,4.032258,inf,-inf,b.1,1.347229535583027,1.4865631693622416e-05
w7_batch_1000,gp_regr,1,0.071,0.059327275,0.0305032,0.028824075,45956,22445,-4,-0.001,-4,-0.001,,3584.731357,3821.6052,2011.247717,1.003236,alpha,50489.17404225353,0.07800355463922012
w7_batch_1000,gp_regr,0,0.073,0.05948925,0.031196349999999998,0.028292900000000003,47356,22814,-4,-0.001,-4,-0.001,,3558.834874,3812.975622,2390.305164,1.00368,alpha,48751.16265753425,0.07515066462539066
w7_batch_1000,gp_regr,2,0.067,0.057794625,0.029883,0.027911625,47130,23306,-4,-0.001,-4,-0.001,,3740.429251,3845.362762,2603.089537,1.003195,alpha,55827.30225373134,0.07936408340759601
w7_batch_1000,lsat_model,1,5.695,5.245985,3.256165,1.9898200000000001,130430,48167,-4,-0.001,-4,-0.001,,197.041966,823.879169,344.253213,1.019172,beta,34.599116066725195,0.0015107104653837306
w7_batch_1000,lsat_model,0,10.787,6.78864,4.0981125,2.6905275,169152,67560,-4,-0.001,-4,-0.001,,7.206347,56.02017,4.032258,1.555364,a.5,0.6680584963381848,4.260278920734014e-05
w7_batch_1000,lsat_model,2,11.001,8.1056025,4.4849975,3.620605,196287,87556,-4,-0.001,-4,-0.001,,4.432511,11.501484,4.032258,3.47563,alpha.2,0.4029189164621398,2.2581785854386688e-05
w7_batch_1000,eight_schools_centered,1,0.033,0.023827925,0.0114495,0.012378425,137531,68085,-4,-0.001,-4,-0.001,,128.037457,362.831514,213.890435,1.03369,tau,3879.922939393939,0.0009309716136725537
w7_batch_1000,eight_schools_centered,0,0.032,0.023107975000000003,0.011111225,0.011996749999999999,140994,73478,-4,-0.001,-4,-0.001,,91.864406,372.577648,75.06443,1.041412,tau,2870.7626875,0.0006515483353901584
w7_batch_1000,eight_schools_centered,2,0.039,0.023860025,0.0115754,0.012284625,136429,66861,-4,-0.001,-4,-0.001,,176.994798,395.580343,189.246046,1.027048,tau,4538.328153846154,0.0012973399936963548
w7_batch_1000,arma11,1,0.492,0.46956925,0.23532775,0.2342415,256004,128000,-4,-0.001,-4,-0.001,,4.032258,4.032258,inf,-inf,mu,8.195646341463414,1.575076170684833e-05
w7_batch_1000,arma11,0,0.536,0.48225150000000006,0.24379425000000002,0.23845725,256004,128000,-4,-0.001,-4,-0.001,,4.032258,4.032258,inf,-inf,mu,7.522869402985074,1.575076170684833e-05
w7_batch_1000,blr,1,0.088,0.079064325,0.039852250000000006,0.039212075,256004,128000,-4,-0.001,-4,-0.001,,4.032258,4.032258,inf,-inf,beta.1,45.821113636363634,1.575076170684833e-05
w7_batch_1000,blr,0,0.088,0.07855405,0.039401325,0.039152725,256004,128000,-4,-0.001,-4,-0.001,,4.032258,4.032258,inf,-inf,beta.1,45.821113636363634,1.575076170684833e-05
w7_batch_1000,blr,2,0.087,0.079780725,0.041045725,0.038735,256004,128000,-4,-0.001,-4,-0.001,,4.032258,4.032258,inf,-inf,beta.1,46.347793103448275,1.575076170684833e-05
w7_batch_1000,low_dim_gauss_mix,1,12.163,8.213815,4.3742025,3.8396125,175031,81844,-4,-0.001,-4,-0.001,,4.432159,4.774637,4.032258,3.405149,theta,0.36439685932746857,2.5322137221406495e-05
w7_batch_1000,low_dim_gauss_mix,0,8.292,4.7863025,3.0090125,1.77729,102953,37872,-4,-0.001,-4,-0.001,,7.169231,7.792366,31.091023,1.536262,mu.2,0.8645961167390256,6.963596009829729e-05
w7_batch_1000,low_dim_gauss_mix,2,11.435,6.5853425,3.8077300000000003,2.7776125,143795,61619,-4,-0.001,-4,-0.001,,7.21205,7.237739,4.032258,1.529104,mu.2,0.6306996064713598,5.0155081887409156e-05
w7_batch_1000,accel_gp,1,5.388,2.12908975,1.16234075,0.966749,554522,263999,-4,-0.001,-4,-0.001,,4.232575,5.754452,4.032258,5.553534,zgp_1.1,0.7855558648849295,7.632835126469283e-06
w7_batch_1000,accel_gp,0,1.3,1.00003875,0.49909650000000005,0.50094225,256004,128000,-4,-0.001,-4,-0.001,,4.032258,4.032258,inf,-inf,Intercept,3.1017369230769227,1.575076170684833e-05
w7_batch_1000,accel_gp,2,1.151,1.02831175,0.54299275,0.485319,256004,128000,-4,-0.001,-4,-0.001,,4.032258,4.032258,inf,-inf,Intercept,3.503264986967854,1.575076170684833e-05
w7_batch_1000,radon_variable_intercept_slope_noncentered,1,2.872,2.0236105,1.08044925,0.94316125,187168,87121,-4,-0.001,-4,-0.001,,4.399387,7.261222,4.032258,3.715133,alpha.37,1.5318199860724235,2.35050168832279e-05
w7_batch_1000,radon_variable_intercept_slope_noncentered,0,3.043,1.6611325,0.90023425,0.76089825,145762,65309,-4,-0.001,-4,-0.001,,7.194813,18.118897,4.032258,1.555025,beta.36,2.364381531383503,4.936000466513906e-05
w7_batch_1000,radon_variable_intercept_slope_noncentered,2,3.092,2.1545775000000003,1.1700287500000002,0.98454875,185387,85963,-4,-0.001,-4,-0.001,,4.358275,7.016671,4.032258,4.144657,beta.62,1.4095326649417852,2.3509064821157903e-05
pf_w200,lotka_volterra,1,4.29,3.45625,0.69275,2.7635,140136,0,0,0.0,0,0.0,0.92333592967,1118.536228,3025.061601,1616.503221,1.003568,theta.3,260.7310554778555,0.007981790746132329
pf_w200,lotka_volterra,0,4.498,3.34125,0.64925,2.692,131836,0,0,0.0,0,0.0,0.9231727322825,936.583813,2932.703993,1303.128171,1.006192,theta.3,208.22227945753667,0.007104158295154586
pf_w200,lotka_volterra,2,3.649,3.03925,0.6092500000000001,2.4299999999999997,119980,0,0,0.0,0,0.0,0.9256308985702499,809.995532,3015.667926,1372.398763,1.006058,theta.1,221.9773998355714,0.006751087947991332
pf_w200,radon_partially_pooled_noncentered,1,49.8,36.436,23.417500000000004,13.0185,90144,0,0,0.0,0,0.0,0.8966660770975,451.545763,5868.806146,984.488951,1.014914,mu_alpha,9.067183995983937,0.005009160487664182
pf_w200,radon_partially_pooled_noncentered,0,45.896,32.534,22.575000000000003,9.959,70464,0,0,0.0,0,0.0,0.8696408316324999,401.981111,5244.669319,656.037834,1.007911,mu_alpha,8.758521679449188,0.005704772805971843
pf_w200,radon_partially_pooled_noncentered,2,46.238,34.26075,23.061500000000002,11.19925,80160,0,0,0.0,0,0.0,0.8892489906475001,480.370962,5067.965008,841.661102,1.0079,mu_alpha,10.389094727280593,0.005992651721556886
pf_w200,kronecker_gp,1,445.908,459.15675000000005,71.9545,387.20225000000005,4083369,0,17,0.00425,3983,0.99575,0.79696362339275,239.293305,1183.14523,263.088198,1.027821,L.30.28,0.5366427716031109,5.8601930170895654e-05
pf_w200,kronecker_gp,0,446.175,458.56575000000004,71.59125,386.9745,4087533,0,9,0.00225,3991,0.99775,0.8285703107528,147.482572,1034.960785,213.175069,1.033719,L.26.21,0.330548712948955,3.6081071883701e-05
pf_w200,kronecker_gp,2,441.318,453.42100000000005,70.11925000000001,383.30174999999997,4084600,0,14,0.0035,3986,0.9965,0.7963011028064999,365.756743,1271.498872,610.514275,1.017088,L.27.1,0.8287827439624035,8.954530260000978e-05
pf_w200,hier_2pl,1,123.486,69.155,14.272,54.883,124240,0,0,0.0,0,0.0,0.862982993745,1763.19212,6186.77985,1744.624533,1.007428,xi2.31,14.278477884132613,0.014191823245331615
pf_w200,hier_2pl,0,125.357,69.48825,14.64775,54.840500000000006,124000,0,0,0.0,0,0.0,0.8886993187875,1792.814101,6474.70855,1761.472756,1.009267,xi2.31,14.30166724634444,0.014458178233870968
pf_w200,hier_2pl,2,119.717,62.79175,13.67725,49.1145,124032,0,0,0.0,0,0.0,0.8755915048675,1707.061249,6249.912366,1863.940862,1.009362,xi2.31,14.259138209276879,0.013763071215492776
pf_w200,bym2_offset_only,1,47.176,33.417249999999996,16.261,17.15625,252000,0,0,0.0,0,0.0,0.8588952871375001,248.945874,4449.547884,803.70159,1.013964,rho,5.276960191622859,0.0009878804523809524
pf_w200,bym2_offset_only,0,46.795,33.4755,16.16075,17.31475,252064,0,0,0.0,0,0.0,0.882014040845,238.859748,4335.402516,450.961078,1.014262,rho,5.104386109627097,0.0009476154786086073
pf_w200,bym2_offset_only,2,47.961,34.097249999999995,16.18775,17.9095,252000,0,0,0.0,0,0.0,0.86192403926,240.501997,4462.802573,484.750252,1.011193,logit_rho,5.014532578553408,0.0009543730039682539
pf_w200,pilots,1,0.651,0.364,0.0685,0.2955,561353,0,647,0.16175,184,0.046,0.7200452614464221,16.921898,282.200018,42.273969,1.174281,sigma_a,25.99369892473118,3.0144842906335226e-05
pf_w200,pilots,0,1.671,0.73725,0.08825000000000001,0.6490000000000001,1256487,0,796,0.199,723,0.18075,0.7085048932715123,7.02672,65.475851,37.180543,1.705988,sigma_a,4.205098743267504,5.592353920096268e-06
pf_w200,pilots,2,1.193,0.49374999999999997,0.10550000000000001,0.38825,710016,0,1062,0.2655,289,0.07225,0.617738033058665,8.971769,56.93243,15.42096,1.377486,sigma_a,7.520342833193629,1.2636009611051019e-05
pf_w200,diamonds,1,47.32,42.4975,5.21575,37.28175,2849376,0,0,0.0,905,0.22625,0.9395904340875,712.756651,2716.719193,1137.320234,1.009679,b.2,15.062482058326289,0.0002501448215328549
pf_w200,diamonds,0,48.976,46.667750000000005,5.4807500000000005,41.187,3070048,0,0,0.0,1138,0.2845,0.9457049197825,593.241192,2547.431791,806.211235,1.006733,b.23,12.112895949036261,0.0001932351520236817
pf_w200,diamonds,2,49.04,44.43875,5.854750000000001,38.584,2867808,0,0,0.0,808,0.202,0.9276208881350001,893.051314,2686.46768,1372.822848,1.005332,b.3,18.210671166394782,0.00031140554528057666
pf_w200,lsat_model,1,9.15,6.57725,2.6945,3.88275,60672,0,0,0.0,0,0.0,0.8432745660225001,1075.947111,4946.368163,1553.164442,1.005909,beta,117.5898481967213,0.017733832921281646
pf_w200,lsat_model,0,9.378,6.7025,2.734,3.9685,60688,0,0,0.0,0,0.0,0.8598259052474999,1009.667144,4483.044756,1785.816824,1.006491,beta,107.6633764128812,0.016637014632217242
pf_w200,lsat_model,2,11.819,7.49125,2.795,4.696249999999999,71232,0,0,0.0,0,0.0,0.8684579823375,997.843055,4525.467584,1588.503807,1.007593,beta,84.42702893645824,0.014008353759546273
pf_w200,eight_schools_centered,1,0.188,0.0315,0.01025,0.021249999999999998,55380,0,35,0.00875,0,0.0,0.8086535824921818,352.475555,1138.233121,489.69979,1.017299,tau,1874.8699734042552,0.006364672354640664
pf_w200,eight_schools_centered,0,0.198,0.039,0.009749999999999998,0.029249999999999998,94334,0,67,0.01675,0,0.0,0.8312961246483809,170.286837,679.660104,169.001167,1.015215,tau,860.0345303030302,0.0018051480590243177
pf_w200,eight_schools_centered,2,0.188,0.0345,0.011,0.0235,66901,0,63,0.01575,0,0.0,0.7903755444867755,129.730107,806.479241,57.895297,1.023046,tau,690.053760638298,0.0019391355435643713
pf_w200,accel_gp,1,21.169,17.96525,2.64175,15.3235,3206970,0,96,0.024,1900,0.475,0.9070050245627199,1576.191836,3756.788933,913.512049,1.004904,lscale_1,74.45754811280646,0.0004914894233497663
pf_w200,accel_gp,0,21.572,20.463749999999997,2.5065,17.95725,3680305,0,55,0.01375,2778,0.6945,0.9323154679495746,961.294278,4312.755458,413.286521,1.004586,lscale_1,44.56213044687558,0.0002611996228573447
pf_w200,accel_gp,2,21.115,18.985,2.517,16.468,3401364,0,50,0.0125,1990,0.4975,0.9259825529952505,1657.190975,3887.032635,1297.539863,1.004752,lscale_1,78.48406227800143,0.0004872136516409299
walnut_da_avg,lotka_volterra,1,39.544,12.4664425,6.6713175,5.795124999999999,184102,93523,-4,-0.001,-4,-0.001,,5.351584,6.356345,10.466441,2.04816,z.9.2,0.13533238923730528,2.9068581547185797e-05
walnut_da_avg,lotka_volterra,0,4.486,3.9469974999999997,2.2007725000000002,1.746225,186441,96799,-4,-0.001,-4,-0.001,,274.844817,1313.228593,268.132406,1.019199,theta.3,61.26723517610343,0.0014741651085329942
walnut_da_avg,lotka_volterra,2,5.16,3.77723,1.9917175,1.7855124999999998,172055,85052,-4,-0.001,-4,-0.001,,10.253767,36.63669,11.031987,1.306916,sigma.2,1.9871641472868216,5.959586760047659e-05
walnut_da_avg,kidscore_momiq,1,0.209,0.17050384999999998,0.104715375,0.065788475,122801,46589,-4,-0.001,-4,-0.001,,228.766168,380.467284,318.26257,1.014263,beta.1,1094.5749665071771,0.0018629015073167157
walnut_da_avg,kidscore_momiq,2,0.188,0.15886215,0.10051550000000001,0.05834664999999999,109762,40412,-4,-0.001,-4,-0.001,,173.835785,273.345939,442.921927,1.025492,beta.1,924.6584308510637,0.0015837519815601027
walnut_da_avg,radon_partially_pooled_noncentered,0,15.724,14.222095,7.77783,6.444265,143383,64310,-4,-0.001,-4,-0.001,,138.117944,1965.397135,225.199145,1.019967,sigma_alpha,8.78389366573391,0.0009632797751476813
walnut_da_avg,kronecker_gp,1,19.172,14.3281275,6.75839,7.5697375000000005,164276,79082,-4,-0.001,-4,-0.001,,38.014433,250.045541,40.481188,1.092077,L.18.14,1.982809983308992,0.0002314058840000974
walnut_da_avg,kronecker_gp,0,20.008,16.04358,7.821722499999999,8.2218575,174310,87801,-4,-0.001,-4,-0.001,,10.135919,148.703294,24.07737,1.356553,R1.30,0.50659331267493,5.8148809592106014e-05
walnut_da_avg,kronecker_gp,2,18.454,15.0375975,7.20111,7.836487499999999,171039,81635,-4,-0.001,-4,-0.001,,10.011159,178.629482,33.573685,1.325344,Sigma1.6.1,0.5424926303240489,5.8531440197849606e-05
walnut_da_avg,hier_2pl,1,45.017,44.337925,24.9478,19.390124999999998,159051,67451,-4,-0.001,-4,-0.001,,150.800732,1509.79849,169.595933,1.026497,xi2.11,3.3498618744030035,0.0009481281601498891
walnut_da_avg,hier_2pl,0,45.353,42.21975,24.344050000000003,17.8757,155479,65863,-4,-0.001,-4,-0.001,,26.971321,1539.141192,82.621884,1.108083,xi1.22,0.5946976164752056,0.00017347243679210697
walnut_da_avg,hier_2pl,2,44.823,41.855824999999996,24.136850000000003,17.718975,149786,61079,-4,-0.001,-4,-0.001,,22.698572,1166.048859,19.936193,1.149459,xi2.11,0.5064045690828369,0.0001515400104148585
walnut_da_avg,wells_dist100_model,1,0.969,0.88715525,0.483896,0.40325925,68171,30383,-4,-0.001,-4,-0.001,,1000.32493,1024.366987,1097.064056,1.005112,alpha,1032.3270691434468,0.014673760543339543
walnut_da_avg,wells_dist100_model,0,0.955,0.8849475000000001,0.48669275000000006,0.39825475000000005,64289,28476,-4,-0.001,-4,-0.001,,787.984159,808.723182,977.771259,1.006283,beta.1,825.1143026178011,0.012256904898194093
walnut_da_avg,wells_dist100_model,2,0.962,0.8602695,0.44937150000000003,0.410898,64220,30737,-4,-0.001,-4,-0.001,,720.250279,733.02934,878.406512,1.00841,beta.1,748.7009137214137,0.011215357816879476
walnut_da_avg,eight_schools_noncentered,1,0.04,0.025347347500000002,0.01384955,0.0114977975,78788,34501,-4,-0.001,-4,-0.001,,1400.822225,2698.811101,1393.045596,1.004465,tau,35020.55562499999,0.01777963934863177
walnut_da_avg,eight_schools_noncentered,0,0.028,0.0187137975,0.010983954999999998,0.0077298425,79799,34497,-4,-0.001,-4,-0.001,,1575.841383,2943.693256,1484.356396,1.002963,tau,56280.04939285714,0.019747633215955088
walnut_da_avg,eight_schools_noncentered,2,0.033,0.0229121875,0.013559825,0.0093523625,82918,38829,-4,-0.001,-4,-0.001,,1528.242738,2820.240317,1523.862054,1.004063,tau,46310.386,0.018430771822764657
walnut_da_avg,bym2_offset_only,1,46.425,31.431950000000004,19.677425000000003,11.754525000000001,810106,306291,-4,-0.001,-4,-0.001,,4.240943,5.034121,10.664914,4.557643,beta0,0.09135041464728055,5.235047018538314e-06
walnut_da_avg,bym2_offset_only,0,17.946,14.868500000000001,9.5078675,5.3606324999999995,359368,131684,-4,-0.001,-4,-0.001,,4.264986,34.279622,10.744012,4.326664,beta0,0.23765663657639585,1.1868018298791212e-05
walnut_da_avg,bym2_offset_only,2,41.269,20.0620175,12.6583975,7.40362,500296,181294,-4,-0.001,-4,-0.001,,4.241919,7.825092,10.547399,4.550423,rho,0.10278705565921152,8.47881853942466e-06
walnut_da_avg,garch11,2,0.367,0.3149315,0.18566125,0.12927025,91082,38710,-4,-0.001,-4,-0.001,,882.322638,1191.979752,1019.272238,1.005816,alpha0,2404.148877384196,0.009687124107946685
walnut_da_avg,diamonds,1,7.181,5.65217,2.6315525,3.0206175,569518,305130,-4,-0.001,-4,-0.001,,4.386856,94.553039,11.131221,3.58381,b.3,0.6108976465673305,7.70275215181961e-06
walnut_da_avg,diamonds,0,8.156,6.642502500000001,3.5122025,3.1303,656842,315408,-4,-0.001,-4,-0.001,,4.729179,220.176191,18.303871,2.62376,b.22,0.5798404855321235,7.199873028825807e-06
walnut_da_avg,diamonds,2,7.042,6.6224275,3.3602350000000003,3.2621925000000003,689289,344044,-4,-0.001,-4,-0.001,,5.730651,119.779125,24.349749,1.92007,b.22,0.8137817381425732,8.313858193007577e-06
walnut_da_avg,gp_regr,1,0.08,0.06984065,0.0399175,0.02992315,55614,24917,-4,-0.001,-4,-0.001,,3096.469222,3336.038358,2430.683538,1.00051,sigma,38705.865275000004,0.05567787287373683
walnut_da_avg,gp_regr,0,0.097,0.074581075,0.041308175,0.0332729,52518,23078,-4,-0.001,-4,-0.001,,3311.110147,3414.551684,2022.375972,1.001702,alpha,34135.156154639175,0.06304714853954835
walnut_da_avg,gp_regr,2,0.117,0.092515875,0.057608875000000004,0.034907,57811,25835,-4,-0.001,-4,-0.001,,2823.469141,3125.375588,2547.836716,1.003052,rho,24132.21488034188,0.04883965233260106
walnut_da_avg,blr,1,0.076,0.058534425,0.038766,0.019768425,142843,52881,-4,-0.001,-4,-0.001,,4.437898,4.957625,11.42861,3.389483,sigma,58.393394736842104,3.106836176781501e-05
walnut_da_avg,blr,0,0.072,0.052772400000000004,0.03016515,0.02260725,135241,54960,-4,-0.001,-4,-0.001,,4.329359,5.966197,11.42861,3.856694,sigma,60.129986111111116,3.2012178259551466e-05
walnut_da_avg,blr,2,0.07,0.0539921325,0.033338125,0.020654007500000002,131094,40858,-4,-0.001,-4,-0.001,,4.26198,4.751216,11.12472,4.349658,sigma,60.88542857142857,3.25108700627031e-05
walnut_da_avg,accel_gp,2,1.596,0.83165675,0.56525625,0.2664005,218362,68019,-4,-0.001,-4,-0.001,,4.326948,24.329689,11.050009,3.940265,Intercept_sigma,2.7111203007518796,1.981548071550911e-05
walnut_da_avg,radon_variable_intercept_slope_noncentered,1,2.473,1.7627160000000002,0.909416,0.8533000000000002,142427,68201,-4,-0.001,-4,-0.001,,267.899971,1336.077747,431.805349,1.016007,sigma_alpha,108.32995188030732,0.001880963377730346
walnut_da_avg,radon_variable_intercept_slope_noncentered,2,1.846,1.5773105000000003,0.8617865,0.715524,132519,58661,-4,-0.001,-4,-0.001,,8.565249,355.452649,11.159057,1.417742,sigma_alpha,4.63989653304442,6.463412039028366e-05
pf_full,lotka_volterra,1,6.572,5.3845,2.6452500000000003,2.73925,140248,0,0,0.0,0,0.0,0.9262800684225,1049.388292,3029.099606,1078.286489,1.00808,theta.3,159.6756378575776,0.007482376162226913
pf_full,lotka_volterra,0,5.948,5.25775,2.67675,2.581,134896,0,0,0.0,0,0.0,0.92356635324,1163.650421,3066.818839,1553.029451,1.003701,theta.3,195.63725975117686,0.008626278177262484
pf_full,lotka_volterra,2,4.821,5.463749999999999,2.7292500000000004,2.7345,137834,0,0,0.0,0,0.0,0.9332510052724999,1134.823161,3095.518574,1769.071908,1.00377,theta.3,235.39165339141258,0.008233260015671024
pf_full,radon_partially_pooled_noncentered,1,50.805,40.745000000000005,31.63975,9.10525,60000,0,0,0.0,0,0.0,0.8749936255075,387.850982,5278.043922,739.250142,1.00646,mu_alpha,7.634110461568743,0.006464183033333333
pf_full,radon_partially_pooled_noncentered,0,52.877,40.53875,31.6305,8.90825,60032,0,0,0.0,0,0.0,0.8793400161625,345.713648,5133.015258,765.496781,1.02215,mu_alpha,6.538072280953911,0.005758822761194029
pf_full,radon_partially_pooled_noncentered,2,49.619,40.720749999999995,31.717750000000002,9.003,60000,0,0,0.0,0,0.0,0.8602388465524999,394.089077,5846.220714,876.334827,1.011814,mu_alpha,7.9423018803281,0.006568151283333333
pf_full,kronecker_gp,1,718.407,746.309,366.66900000000004,379.64,4080823,0,18,0.0045,3982,0.9955,0.7868950210245,679.515399,1557.367868,1154.114405,1.008321,Sigma1.10.1,0.9458641118474624,0.00016651430336478694
pf_full,kronecker_gp,0,798.072,817.705,424.30449999999996,393.4005,4075164,0,26,0.0065,3974,0.9935,0.78709902542,777.66064,1580.581628,884.090219,1.008529,Sigma1.10.1,0.9744241622309766,0.00019082928687041796
pf_full,kronecker_gp,2,739.987,759.34775,371.04825,388.2995,4083088,0,14,0.0035,3986,0.9965,0.80007074534725,569.841439,1433.909462,930.96551,1.013334,L.29.25,0.7700695268970942,0.00013956139054558707
pf_full,hier_2pl,1,166.434,112.209,53.3805,58.8285,124016,0,0,0.0,0,0.0,0.8739417560175,2067.356876,6975.604957,1797.445522,1.00697,xi2.31,12.421481644375547,0.01667008189265901
pf_full,hier_2pl,0,145.917,88.3355,42.71625,45.61925,120512,0,0,0.0,0,0.0,0.86067644602,2024.819315,6651.334148,1912.661235,1.006668,xi2.31,13.876514148454257,0.016801806583576738
pf_full,hier_2pl,2,155.879,97.09549999999999,48.53075,48.564750000000004,114400,0,0,0.0,0,0.0,0.8610354220549999,1947.825197,5813.110227,1762.435002,1.006169,xi2.31,12.495751172383708,0.01702644402972028
pf_full,bym2_offset_only,1,57.969,44.51875,27.656,16.86275,252000,0,0,0.0,0,0.0,0.8654773480350001,341.521006,4705.032893,719.890974,1.008969,rho,5.891442081112318,0.0013552420873015874
pf_full,bym2_offset_only,0,62.476,45.87175,28.7475,17.12425,252000,0,0,0.0,0,0.0,0.8618903497849999,381.978786,4626.580272,655.175203,1.007812,rho,6.114008355208401,0.0015157888333333334
pf_full,bym2_offset_only,2,57.706,45.390249999999995,28.4945,16.89575,252000,0,0,0.0,0,0.0,0.8512081415025,346.134795,4694.00542,990.561919,1.019137,rho,5.998246196236093,0.0013735507738095237
pf_full,pilots,1,1.791,1.1085,0.44825000000000004,0.66025,1275850,0,907,0.22675,704,0.176,0.6739862073619365,11.749429,137.192713,24.171807,1.324412,b.1,6.560261864879955,9.20909903201787e-06
pf_full,pilots,0,1.701,1.1425,0.55325,0.5892499999999999,1117428,0,871,0.21775,536,0.134,0.6800955911048794,7.261384,86.959866,27.596862,1.550283,sigma_a,4.268891240446796,6.498301456559169e-06
pf_full,pilots,2,1.668,1.29825,0.45725,0.841,1601296,0,352,0.088,760,0.19,0.8668774150149001,40.595526,953.612197,184.843953,1.082945,b.4,24.337845323741007,2.5351668898192462e-05
pf_full,diamonds,1,93.387,87.45,35.466,51.984,3847776,0,0,0.0,3122,0.7805,0.935781441445,1478.119219,3460.032199,1977.393261,1.003411,b.23,15.827890595050702,0.00038414897826692613
pf_full,diamonds,0,87.997,85.6765,34.301,51.3755,3932512,0,0,0.0,3363,0.84075,0.9382955178274999,1562.721684,3534.465465,2056.566709,1.005069,b.23,17.758806368398925,0.0003973851024485113
pf_full,diamonds,2,89.723,85.4395,34.88875,50.550749999999994,3828320,0,0,0.0,3117,0.77925,0.9372510695675,1354.565527,3184.526289,2172.780948,1.00248,b.3,15.097193885625758,0.0003538276651377105
pf_full,lsat_model,1,12.95,10.309750000000001,6.4085,3.9012499999999997,60000,0,0,0.0,0,0.0,0.82598604471,658.080496,6257.837834,1573.608342,1.008935,beta,50.81702671814672,0.010968008266666667
pf_full,lsat_model,0,12.746,10.2685,6.227,4.0415,60000,0,0,0.0,0,0.0,0.84739700335,892.681978,5246.976794,1636.291983,1.007512,beta,70.03624493958888,0.014878032966666666
pf_full,lsat_model,2,11.551,10.24175,6.26425,3.9775,60000,0,0,0.0,0,0.0,0.857273007395,1175.372401,5174.758178,2003.09717,1.007877,beta,101.7550342827461,0.019589540016666667
pf_full,eight_schools_centered,1,0.211,0.0495,0.022750000000000003,0.02675,90964,0,41,0.01025,0,0.0,0.8583223661735451,214.505857,548.153238,113.915223,1.016199,tau,1016.6154360189573,0.0023581401103733345
pf_full,eight_schools_centered,0,0.227,0.056249999999999994,0.02475,0.0315,104429,0,32,0.008,0,0.0,0.8498054286900639,156.929137,821.584469,150.252023,1.052545,tau,691.3177841409691,0.0015027352268048148
pf_full,eight_schools_centered,2,0.193,0.0425,0.02425,0.018250000000000002,53858,0,91,0.02275,0,0.0,0.7571673077461979,129.984304,212.687101,48.400361,1.037738,mu,673.4938031088083,0.0024134632552267076
pf_full,accel_gp,1,31.344,29.694249999999997,12.381249999999998,17.313,3607562,0,42,0.0105,2666,0.6665,0.9336536816456446,1604.404277,4484.790783,894.536322,1.00522,lscale_1,51.18696646886166,0.00044473366694737336
pf_full,accel_gp,0,31.796,29.9275,12.80125,17.12625,3540319,0,43,0.01075,2603,0.65075,0.934188348537625,2248.122874,4833.158674,1808.756504,1.0038,lscale_1,70.70458151968802,0.0006350057364887176
pf_full,accel_gp,2,30.535,28.3955,12.664000000000001,15.7315,3270863,0,119,0.02975,1985,0.49625,0.9151934639702202,511.386375,2983.406384,122.847065,1.011041,lscale_1,16.747547895857213,0.00015634600868333524
w3_mst31,lotka_volterra,1,9.35,5.575349999999999,3.6935975,1.8817525000000002,194086,94158,-4,-0.001,-4,-0.001,,4.830067,9.410038,4.032258,2.489663,z.8.1,0.516584705882353,2.4886220541409477e-05
w3_mst31,lotka_volterra,0,8.135,5.56002,3.2194575000000003,2.3405625,202035,106385,-4,-0.001,-4,-0.001,,169.509607,1471.746798,212.78446,1.040905,theta.3,20.837075230485556,0.0008390110970871383
w3_mst31,lotka_volterra,2,6.571,4.35277,2.81137,1.5413999999999999,140319,55027,-4,-0.001,-4,-0.001,,7.033738,21.733936,20.36925,1.56725,sigma.2,1.0704212448637955,5.012676829224837e-05
w3_mst31,kidscore_momiq,1,0.42,0.395341,0.19152225,0.20381875000000002,256004,128000,-4,-0.001,-4,-0.001,,4.032258,4.032258,inf,-inf,beta.1,9.600614285714284,1.575076170684833e-05
w3_mst31,kidscore_momiq,0,0.405,0.37741500000000006,0.192471,0.184944,256004,128000,-4,-0.001,-4,-0.001,,4.032258,4.032258,inf,-inf,beta.1,9.956192592592592,1.575076170684833e-05
w3_mst31,kidscore_momiq,2,0.448,0.42987725000000004,0.21244225,0.217435,256004,128000,-4,-0.001,-4,-0.001,,4.032258,4.032258,inf,-inf,beta.1,9.000575892857142,1.575076170684833e-05
w3_mst31,radon_partially_pooled_noncentered,1,32.118,28.561042500000003,15.426400000000001,13.134642500000002,223528,99903,-4,-0.001,-4,-0.001,,4.365133,5.949546,4.032258,3.739864,sigma_alpha,0.1359092409240924,1.9528349915894207e-05
w3_mst31,radon_partially_pooled_noncentered,0,32.414,31.295424999999998,14.913125,16.3823,255992,128000,-4,-0.001,-4,-0.001,,4.032258,4.032258,inf,-inf,alpha_raw.1,0.12439865490220274,1.5751500046876463e-05
w3_mst31,radon_partially_pooled_noncentered,2,34.292,33.7444,16.919150000000002,16.82525,256050,128000,-4,-0.001,-4,-0.001,,4.032258,4.032258,inf,-inf,alpha_raw.1,0.11758596757261168,1.5747932044522552e-05
w3_mst31,kronecker_gp,0,52.149,43.71410000000001,21.309125,22.404975,365439,183915,-4,-0.001,-4,-0.001,,7.02152,20.499884,4.032258,1.581415,L.28.1,0.13464342556904255,1.9213931736897265e-05
w3_mst31,kronecker_gp,2,53.984,45.482049999999994,20.407275,25.074775,360246,197516,-4,-0.001,-4,-0.001,,7.030789,21.043971,4.032258,1.579552,R1.26,0.13023838544754002,1.9516633078507465e-05
w3_mst31,hier_2pl,1,147.292,114.227175,52.629450000000006,61.597725,301052,169188,-4,-0.001,-4,-0.001,,5.296999,11.886106,4.032258,2.096131,xi1.21,0.03596257094750563,1.7594963660762923e-05
w3_mst31,hier_2pl,0,122.052,102.94755,49.819,53.12854999999999,274982,146937,-4,-0.001,-4,-0.001,,4.042861,4.707836,4.032258,19.917526,xi1.9,0.03312408645495363,1.4702275058003798e-05
w3_mst31,hier_2pl,2,125.478,112.9311,59.280950000000004,53.65015,237490,109807,-4,-0.001,-4,-0.001,,6.652113,23.076762,4.032258,1.639694,xi2.9,0.0530141777841534,2.8010076213735316e-05
w3_mst31,wells_dist100_model,1,1.039,0.94903825,0.52160975,0.4274285,56319,26404,-4,-0.001,-4,-0.001,,724.381349,742.710542,1143.085741,1.003511,alpha,697.1909037536093,0.012862113123457447
w3_mst31,wells_dist100_model,0,0.936,0.86491325,0.44391525,0.420998,53478,25723,-4,-0.001,-4,-0.001,,796.549234,814.0088,1169.365265,1.006606,beta.1,851.0141388888887,0.014894895732824712
w3_mst31,wells_dist100_model,2,0.999,0.957507,0.51561575,0.44189125,54744,26088,-4,-0.001,-4,-0.001,,992.540723,1003.777936,1309.225692,1.001422,beta.1,993.5342572572572,0.018130584593745433
w3_mst31,eight_schools_noncentered,1,0.037,0.0193260725,0.0101795525,0.00914652,69206,33575,-4,-0.001,-4,-0.001,,1598.016451,3152.137666,1341.954724,1.002575,tau,43189.63381081081,0.023090721194694103
w3_mst31,eight_schools_noncentered,0,0.04,0.0193963925,0.009175895,0.0102204975,70770,35193,-4,-0.001,-4,-0.001,,1591.762875,3013.063703,1495.6723,1.003075,tau,39794.071874999994,0.02249205701568461
w3_mst31,eight_schools_noncentered,2,0.038,0.0221083225,0.0101286725,0.01197965,69309,33865,-4,-0.001,-4,-0.001,,1720.960979,3003.147296,1755.258322,1.005553,tau,45288.44681578947,0.024830267050455206
w3_mst31,dogs_hierarchical,1,0.993,0.7943965000000001,0.39962175,0.39477474999999995,47312,23389,-4,-0.001,-4,-0.001,,1564.607101,3915.617038,1562.771103,1.00316,a,1575.636556898288,0.03306998438028407
w3_mst31,dogs_hierarchical,0,1.07,0.8267965,0.4060325,0.420764,48877,23510,-4,-0.001,-4,-0.001,,1788.308423,3927.805867,1942.255223,1.002484,a,1671.3162831775699,0.03658793344517871
w3_mst31,dogs_hierarchical,2,1.161,0.8952227500000001,0.4607335,0.43448925,50732,23753,-4,-0.001,-4,-0.001,,1495.251265,3914.066639,1789.23823,1.003102,a,1287.899453057709,0.029473532780099346
w3_mst31,bym2_offset_only,1,16.175,11.183609999999998,5.6930499999999995,5.490559999999999,256004,128000,-4,-0.001,-4,-0.001,,4.032258,4.032258,inf,-inf,beta0,0.2492895208655332,1.575076170684833e-05
w3_mst31,bym2_offset_only,0,16.976,13.3148725,6.4392025,6.87567,256004,128000,-4,-0.001,-4,-0.001,,4.032258,4.032258,inf,-inf,beta0,0.23752697926484448,1.575076170684833e-05
w3_mst31,bym2_offset_only,2,17.017,12.850132499999999,6.1664125,6.683719999999999,256004,128000,-4,-0.001,-4,-0.001,,4.032258,4.032258,inf,-inf,beta0,0.23695469236645705,1.575076170684833e-05
w3_mst31,pilots,1,0.153,0.1199765,0.0827939,0.0371826,278248,96824,-4,-0.001,-4,-0.001,,4.336521,351.191048,10.984677,3.900918,mu_a,28.343274509803923,1.5585093154308388e-05
w3_mst31,pilots,0,0.204,0.134753825,0.077411175,0.05734265000000001,332053,135926,-4,-0.001,-4,-0.001,,4.551852,416.959415,12.957775,3.068456,a.3,22.313000000000002,1.3708209231658801e-05
w3_mst31,pilots,2,0.199,0.1402664,0.07977917500000001,0.060487225,306694,132046,-4,-0.001,-4,-0.001,,4.458538,450.253297,11.217159,3.312066,mu_a,22.404713567839195,1.4537415143432868e-05
w3_mst31,garch11,1,0.304,0.27819825,0.1435495,0.13464874999999998,73569,35514,-4,-0.001,-4,-0.001,,963.277265,1409.038719,1366.854641,1.003411,alpha0,3168.67521381579,0.013093521252157838
w3_mst31,garch11,0,-0.345,-0.384489,-0.35597325,-0.028515750000000006,74983,35869,-4,-0.001,-4,-0.001,,884.823738,1216.75147,938.513115,1.00327,alpha0,-2564.706486956522,0.011800324580238188
w3_mst31,garch11,2,0.31,0.2851055,0.15153425,0.13357125,73538,34871,-4,-0.001,-4,-0.001,,946.355733,1251.469606,1254.154164,1.003106,alpha0,3052.760429032258,0.012868934877206343
w3_mst31,logmesquite_logvash,1,0.123,0.10154004999999999,0.0561833,0.045356749999999994,174173,78700,-4,-0.001,-4,-0.001,,130.263549,280.484923,328.627145,1.043648,beta.2,1059.0532439024391,0.0007478974869813347
w3_mst31,logmesquite_logvash,0,0.157,0.12881375,0.07159332500000001,0.057220425000000005,204498,91380,-4,-0.001,-4,-0.001,,7.205963,13.48253,4.032258,1.570656,beta.2,45.89785350318471,3.523732750442547e-05
w3_mst31,logmesquite_logvash,2,0.125,0.113326275,0.06614855,0.047177725000000004,177671,73667,-4,-0.001,-4,-0.001,,126.32604,236.762864,265.745209,1.028185,beta.2,1010.60832,0.0007110110259974898
w3_mst31,diamonds,1,3.335,3.1858125,1.51983,1.6659825,256232,128000,-4,-0.001,-4,-0.001,,4.032258,4.032258,inf,-inf,b.1,1.2090728635682157,1.5736746386087606e-05
w3_mst31,diamonds,0,3.182,3.0661499999999995,1.516315,1.549835,256004,128000,-4,-0.001,-4,-0.001,,4.032258,4.032258,inf,-inf,b.1,1.267208673790069,1.575076170684833e-05
w3_mst31,diamonds,2,4.178,3.5415025,1.863405,1.6780975000000002,271247,128000,-4,-0.001,-4,-0.001,,4.032258,4.032258,inf,-inf,b.1,0.9651168022977501,1.4865631693622416e-05
w3_mst31,gp_regr,1,0.087,0.074619625,0.036529225,0.038090399999999996,45956,22445,-4,-0.001,-4,-0.001,,3584.731357,3821.6052,2011.247717,1.003236,alpha,41203.80870114943,0.07800355463922012
w3_mst31,gp_regr,0,0.091,0.07487869999999999,0.0384854,0.0363933,47356,22814,-4,-0.001,-4,-0.001,,3558.834874,3812.975622,2390.305164,1.00368,alpha,39108.07553846154,0.07515066462539066
w3_mst31,gp_regr,2,0.1,0.08686564999999999,0.04418495,0.0426807,47130,23306,-4,-0.001,-4,-0.001,,3740.429251,3845.362762,2603.089537,1.003195,alpha,37404.29251,0.07936408340759601
w3_mst31,lsat_model,1,7.212,6.746085000000001,4.25139,2.494695,130430,48167,-4,-0.001,-4,-0.001,,197.041966,823.879169,344.253213,1.019172,beta,27.321404048807544,0.0015107104653837306
w3_mst31,lsat_model,0,12.782,8.168995,4.9212125,3.2477825,169152,67560,-4,-0.001,-4,-0.001,,7.206347,56.02017,4.032258,1.555364,a.5,0.5637886872163981,4.260278920734014e-05
w3_mst31,lsat_model,2,14.356,10.588637499999999,5.9568125,4.631825,196287,87556,-4,-0.001,-4,-0.001,,4.432511,11.501484,4.032258,3.47563,alpha.2,0.3087566870994706,2.2581785854386688e-05
w3_mst31,eight_schools_centered,1,0.04,0.025491175,0.012515099999999998,0.012976075,142972,71373,-4,-0.001,-4,-0.001,,113.45741,343.624622,88.464595,1.034845,tau,2836.43525,0.0007935638446688862
w3_mst31,eight_schools_centered,0,0.054,0.03231715,0.015934125,0.016383025,157255,85701,-4,-0.001,-4,-0.001,,67.203856,209.658895,84.302844,1.060342,tau,1244.515851851852,0.00042735592508982227
w3_mst31,eight_schools_centered,2,0.044,0.03140485,0.01451935,0.016885499999999998,141762,72437,-4,-0.001,-4,-0.001,,125.981369,415.403193,121.77018,1.027533,tau,2863.212931818182,0.0008886822209054613
w3_mst31,arma11,1,0.637,0.58594075,0.29627824999999997,0.2896625,256004,128000,-4,-0.001,-4,-0.001,,4.032258,4.032258,inf,-inf,mu,6.33007535321821,1.575076170684833e-05
w3_mst31,arma11,0,0.57,0.54,0.2739755,0.2660245,256004,128000,-4,-0.001,-4,-0.001,,4.032258,4.032258,inf,-inf,mu,7.074136842105263,1.575076170684833e-05
w3_mst31,blr,1,0.119,0.090818025,0.045990699999999995,0.044827325,256004,128000,-4,-0.001,-4,-0.001,,4.032258,4.032258,inf,-inf,beta.1,33.88452100840336,1.575076170684833e-05
w3_mst31,blr,0,0.105,0.08388295,0.04172465,0.0421583,256004,128000,-4,-0.001,-4,-0.001,,4.032258,4.032258,inf,-inf,beta.1,38.40245714285714,1.575076170684833e-05
w3_mst31,blr,2,0.115,0.103545625,0.0537153,0.049830325,256004,128000,-4,-0.001,-4,-0.001,,4.032258,4.032258,inf,-inf,beta.1,35.06311304347825,1.575076170684833e-05
w3_mst31,low_dim_gauss_mix,1,12.884,8.701995,4.55077,4.151225,175031,81844,-4,-0.001,-4,-0.001,,4.432159,4.774637,4.032258,3.405149,theta,0.3440048897857808,2.5322137221406495e-05
w3_mst31,low_dim_gauss_mix,0,9.869,5.8636875,3.7485850000000003,2.1151025,103690,38220,-4,-0.001,-4,-0.001,,7.183503,7.795787,31.091023,1.530898,mu.2,0.7278856013780525,6.927864789275726e-05
w3_mst31,low_dim_gauss_mix,2,14.586,8.488427499999998,5.1494625,3.338965,143795,61619,-4,-0.001,-4,-0.001,,7.21205,7.237739,4.032258,1.529104,mu.2,0.49445015768545175,5.0155081887409156e-05
w3_mst31,accel_gp,1,5.268,2.27159325,1.4047675000000002,0.8668257500000001,546043,227948,-4,-0.001,-4,-0.001,,4.315912,5.823571,4.032258,5.561372,lscale_1,0.8192695520121489,7.903978258122529e-06
w3_mst31,accel_gp,0,1.651,1.280093,0.66031375,0.6197792499999999,256004,128000,-4,-0.001,-4,-0.001,,4.032258,4.032258,inf,-inf,Intercept,2.4423125378558446,1.575076170684833e-05
w3_mst31,accel_gp,2,1.467,1.39751,0.74197175,0.65553825,256004,128000,-4,-0.001,-4,-0.001,,4.032258,4.032258,inf,-inf,Intercept,2.7486421267893655,1.575076170684833e-05
w3_mst31,radon_variable_intercept_slope_noncentered,1,3.804,2.65950775,1.4511927500000001,1.208315,187168,87121,-4,-0.001,-4,-0.001,,4.399387,7.261222,4.032258,3.715133,alpha.37,1.1565160357518403,2.35050168832279e-05
w3_mst31,radon_variable_intercept_slope_noncentered,0,3.472,2.0035295,1.1140984999999999,0.8894310000000001,145762,65309,-4,-0.001,-4,-0.001,,7.194813,18.118897,4.032258,1.555025,beta.36,2.072238767281106,4.936000466513906e-05
w3_mst31,radon_variable_intercept_slope_noncentered,2,3.653,2.61575475,1.43014575,1.185609,185387,85963,-4,-0.001,-4,-0.001,,4.358275,7.016671,4.032258,4.144657,beta.62,1.1930673419107583,2.3509064821157903e-05
w7_stock_250,lotka_volterra,1,20.61,6.802778750000001,1.30820125,5.4945775,129301,108409,-4,-0.001,-4,-0.001,,4.586996,5.794672,4.032258,2.916256,z.9.2,0.22256166909267347,3.547533275071345e-05
w7_stock_250,lotka_volterra,0,4.33,2.9046965,0.592479,2.3122175,144153,127218,-4,-0.001,-4,-0.001,,7.445519,26.404332,34.19747,1.494321,z.10.2,1.7195193995381062,5.165011480857145e-05
w7_stock_250,lotka_volterra,2,1.783,1.59678375,0.40867875,1.188105,83276,63901,-4,-0.001,-4,-0.001,,37.476575,886.627205,97.32614,1.084016,sigma.2,21.018830622546268,0.0004500285196214996
w7_stock_250,kidscore_momiq,1,0.223,0.2170339,0.0406724,0.1763615,160004,128000,-4,-0.001,-4,-0.001,,4.032258,4.032258,inf,-inf,beta.1,18.08187443946188,2.520098247543811e-05
w7_stock_250,kidscore_momiq,0,0.22,0.205502675,0.042722425,0.16278025,160004,128000,-4,-0.001,-4,-0.001,,4.032258,4.032258,inf,-inf,beta.1,18.328445454545452,2.520098247543811e-05
w7_stock_250,kidscore_momiq,2,0.221,0.178868525,0.036870574999999996,0.14199794999999998,133254,104186,-4,-0.001,-4,-0.001,,4.081964,4.246629,4.032258,9.436446,beta.2,18.470425339366518,3.0632956609182466e-05
w7_stock_250,radon_partially_pooled_noncentered,1,9.516,9.1013875,2.431115,6.6702725,94451,69209,-4,-0.001,-4,-0.001,,64.306447,2902.696536,332.004127,1.061001,alpha_raw.126,6.757718263976462,0.0006808445331441701
w7_stock_250,radon_partially_pooled_noncentered,0,15.032,12.2510225,2.9796825,9.271339999999999,132260,100659,-4,-0.001,-4,-0.001,,4.41398,5.649764,4.032258,3.505454,alpha_raw.135,0.293638903672166,3.3373506729169815e-05
w7_stock_250,radon_partially_pooled_noncentered,2,15.399,10.9509525,3.070415,7.880537500000001,113882,82206,-4,-0.001,-4,-0.001,,6.594091,12.079498,4.876937,1.629535,alpha_raw.267,0.4282155334761998,5.790283802532446e-05
w7_stock_250,kronecker_gp,1,11.163,9.446165,2.3236225,7.1225425,102228,74887,-4,-0.001,-4,-0.001,,15.765587,261.654258,59.975565,1.187629,Sigma1.2.1,1.4123073546537668,0.00015421985170403413
w7_stock_250,kronecker_gp,2,10.147,8.236985,2.3433925,5.8935925000000005,92446,65458,-4,-0.001,-4,-0.001,,18.604194,208.558796,44.360047,1.150771,Sigma1.3.1,1.8334674287966886,0.00020124390454968305
w7_stock_250,hier_2pl,1,31.591,28.549985,7.771134999999999,20.77885,103055,74954,-4,-0.001,-4,-0.001,,18.110204,1185.125628,46.066155,1.171656,xi1.22,0.5732709949036118,0.0001757333850856339
w7_stock_250,hier_2pl,0,38.857,31.927732500000005,8.1374575,23.790275,116379,86933,-4,-0.001,-4,-0.001,,38.819492,1238.838207,76.997274,1.074382,xi1.14,0.9990347170394008,0.00033356096890332443
w7_stock_250,hier_2pl,2,40.004,32.96676,8.41171,24.55505,116481,87419,-4,-0.001,-4,-0.001,,15.410828,1033.028014,21.533133,1.194003,xi1.9,0.3852321767823218,0.00013230336278019592
w7_stock_250,wells_dist100_model,1,0.494,0.43239597500000004,0.098378475,0.3340175,33943,26027,-4,-0.001,-4,-0.001,,821.798176,852.905557,1392.161465,1.002799,alpha,1663.559060728745,0.024211123825236425
w7_stock_250,wells_dist100_model,0,0.459,0.434901425,0.09304442499999999,0.341857,33601,26306,-4,-0.001,-4,-0.001,,810.885795,838.761587,1248.284279,1.004421,beta.1,1766.6357189542484,0.024132787565846255
w7_stock_250,wells_dist100_model,2,0.467,0.440758725,0.092689225,0.34806950000000003,34770,27460,-4,-0.001,-4,-0.001,,861.531228,897.998622,1254.941246,1.008487,beta.1,1844.8206167023554,0.02477800483175151
w7_stock_250,eight_schools_noncentered,1,0.019,0.0100715,0.0020401275000000003,0.0080313725,45110,36222,-4,-0.001,-4,-0.001,,1577.749854,2813.893264,1574.122721,1.001663,tau,83039.466,0.034975611926402125
w7_stock_250,eight_schools_noncentered,0,0.023,0.009828175000000001,0.002179865,0.007648309999999999,43695,34882,-4,-0.001,-4,-0.001,,1742.521594,2937.767815,1595.286498,1.00258,tau,75761.80843478261,0.03987919885570432
w7_stock_250,eight_schools_noncentered,2,0.02,0.011427782499999999,0.0023748025,0.00905298,44314,35103,-4,-0.001,-4,-0.001,,1484.445649,2929.253156,1386.870512,1.002566,tau,74222.28245,0.033498344744324594
w7_stock_250,dogs_hierarchical,1,0.625,0.452936025,0.09064177500000001,0.36229425000000004,30094,23474,-4,-0.001,-4,-0.001,,1727.022921,3920.737298,1915.799716,1.002609,a,2763.2366736,0.05738761616933608
w7_stock_250,dogs_hierarchical,0,0.578,0.420342675,0.08682442500000001,0.33351825,30877,24062,-4,-0.001,-4,-0.001,,1750.948463,3922.231475,1880.417625,1.002777,a,3029.322600346021,0.05670720805130032
w7_stock_250,dogs_hierarchical,2,0.657,0.46036577500000003,0.106006275,0.35435950000000005,32434,24579,-4,-0.001,-4,-0.001,,1307.088091,3893.623311,1448.988133,1.003718,a,1989.4795905631659,0.04029993497564285
w7_stock_250,bym2_offset_only,1,8.915,5.5659465,1.109429,4.4565174999999995,160004,128000,-4,-0.001,-4,-0.001,,4.032258,4.032258,inf,-inf,beta0,0.45230039259674704,2.520098247543811e-05
w7_stock_250,bym2_offset_only,0,9.249,6.4329225,1.2962325,5.13669,160004,128000,-4,-0.001,-4,-0.001,,4.032258,4.032258,inf,-inf,beta0,0.4359669153421991,2.520098247543811e-05
w7_stock_250,bym2_offset_only,2,9.02,6.194955,1.2141225,4.9808325,160004,128000,-4,-0.001,-4,-0.001,,4.032258,4.032258,inf,-inf,beta0,0.4470352549889135,2.520098247543811e-05
w7_stock_250,pilots,1,0.087,0.05994808,0.010423430000000001,0.04952465,180710,148430,-4,-0.001,-4,-0.001,,4.820674,381.162382,11.386888,2.513624,mu_a,55.4100459770115,2.6676299042665044e-05
w7_stock_250,pilots,0,0.075,0.050757500000000004,0.01229535,0.03846215,147713,109846,-4,-0.001,-4,-0.001,,4.539742,364.038058,11.641966,3.098676,a.5,60.52989333333334,3.0733530562645134e-05
w7_stock_250,pilots,2,0.096,0.055673194999999995,0.011234244999999999,0.044438950000000005,159478,126098,-4,-0.001,-4,-0.001,,4.461014,382.244765,11.245455,3.389853,a.5,46.46889583333333,2.7972598101305508e-05
w7_stock_250,garch11,1,0.153,0.14330305,0.030639299999999998,0.11266375000000001,46081,35816,-4,-0.001,-4,-0.001,,938.969123,1281.830199,1096.608569,1.004673,alpha0,6137.053091503268,0.020376491894707145
w7_stock_250,garch11,0,0.154,0.14074495,0.0323752,0.10836975,47073,36181,-4,-0.001,-4,-0.001,,1004.816111,1329.305891,1417.179508,1.002927,alpha0,6524.779941558441,0.021345911902789283
w7_stock_250,garch11,2,0.168,0.1522022,0.0317037,0.1204985,46644,36186,-4,-0.001,-4,-0.001,,994.842405,1342.240854,1170.4581,1.005028,alpha0,5921.680982142857,0.021328411049652687
w7_stock_250,logmesquite_logvash,1,0.054,0.0455461675,0.010424192499999999,0.035121975,92294,71384,-4,-0.001,-4,-0.001,,237.051809,498.661983,355.180547,1.008958,beta.2,4389.848314814814,0.002568442249767049
w7_stock_250,logmesquite_logvash,0,0.057,0.0480484675,0.0105729925,0.037475475,95900,74046,-4,-0.001,-4,-0.001,,216.399065,394.039136,158.808304,1.028694,beta.2,3796.4748245614037,0.002256507455683003
w7_stock_250,logmesquite_logvash,2,0.059,0.048572385,0.011788935,0.03678345,91853,69969,-4,-0.001,-4,-0.001,,187.130761,331.888366,223.041834,1.030023,beta.2,3171.7078135593224,0.0020372852383700045
w7_stock_250,diamonds,1,2.312,1.66194575,0.3259305,1.33601525,181428,145656,-4,-0.001,-4,-0.001,,4.19375,4.641715,4.032258,6.705614,b.24,1.8139057093425606,2.3115230284189868e-05
w7_stock_250,diamonds,0,4.096,2.071989,0.34430700000000003,1.727682,224846,188174,-4,-0.001,-4,-0.001,,4.167273,4.648543,4.032258,5.757031,b.4,1.017400634765625,1.853389875737171e-05
w7_stock_250,diamonds,2,3.51,2.26481425,0.462974,1.80184025,243997,194978,-4,-0.001,-4,-0.001,,4.523203,124.721764,10.864912,3.086468,b.1,1.2886618233618234,1.8537945138669736e-05
w7_stock_250,gp_regr,1,0.045,0.0372105775,0.007668702500000001,0.029541875000000002,29431,23283,-4,-0.001,-4,-0.001,,3479.453562,3724.878427,2250.067421,1.003248,alpha,77321.19026666667,0.11822410254493562
w7_stock_250,gp_regr,0,0.041,0.0345209625,0.007212612500000001,0.027308350000000002,28591,22562,-4,-0.001,-4,-0.001,,3404.903757,3774.425264,2351.965384,1.002535,alpha,83046.43309756098,0.1190900548074569
w7_stock_250,gp_regr,2,0.041,0.0350417525,0.0074288775,0.027612875,28597,22341,-4,-0.001,-4,-0.001,,3484.540375,3670.153147,2516.373661,1.001505,alpha,84988.78963414633,0.12184985750253523
w7_stock_250,lsat_model,1,3.754,3.4570772499999998,0.77244475,2.6846324999999998,90406,70229,-4,-0.001,-4,-0.001,,753.835269,3300.480906,1132.588884,1.008535,beta,200.80854262120405,0.008338332289892265
w7_stock_250,lsat_model,0,4.003,3.6634219999999997,0.8335995,2.8298224999999997,90536,69555,-4,-0.001,-4,-0.001,,726.251937,3764.893183,1196.366907,1.010642,beta,181.42691406445167,0.00802169233233189
w7_stock_250,lsat_model,2,4.062,3.6462765,0.8913065,2.75497,90847,68963,-4,-0.001,-4,-0.001,,338.758798,3628.507241,325.947439,1.007922,beta,83.39704529788281,0.0037288936123372265
w7_stock_250,eight_schools_centered,1,0.021,0.014854,0.0029117500000000003,0.01194225,92033,75852,-4,-0.001,-4,-0.001,,111.72434,334.883368,145.796954,1.011063,tau,5320.206666666666,0.0012139595579846358
w7_stock_250,eight_schools_centered,0,0.025,0.015587219999999999,0.002799395,0.012787825,92906,77961,-4,-0.001,-4,-0.001,,84.143867,368.257536,101.492609,1.058192,tau,3365.75468,0.0009056881902137644
w7_stock_250,eight_schools_centered,2,0.024,0.01443136,0.002841635,0.011589725000000002,88185,72620,-4,-0.001,-4,-0.001,,69.672859,303.988372,94.014104,1.074005,tau,2903.0357916666667,0.0007900760786981913
w7_stock_250,arma11,1,0.321,0.31168432500000004,0.06295832500000001,0.248726,160004,128000,-4,-0.001,-4,-0.001,,4.032258,4.032258,inf,-inf,mu,12.561551401869158,2.520098247543811e-05
w7_stock_250,arma11,0,0.29,0.233524525,0.051067499999999995,0.182457025,133562,103794,-4,-0.001,-4,-0.001,,4.081534,4.270463,4.032258,9.405817,mu,14.074255172413796,3.055909615010258e-05
w7_stock_250,arma11,2,0.317,0.24610324999999997,0.053867899999999996,0.19223535,129205,102638,-4,-0.001,-4,-0.001,,4.080255,4.283511,4.032258,9.420475,theta,12.87146687697161,3.157969892806006e-05
w7_stock_250,blr,1,0.057,0.05023434,0.01006414,0.0401702,160004,128000,-4,-0.001,-4,-0.001,,4.032258,4.032258,inf,-inf,beta.1,70.74136842105263,2.520098247543811e-05
w7_stock_250,blr,0,0.061,0.05013775,0.009955124999999999,0.04018262500000001,160004,128000,-4,-0.001,-4,-0.001,,4.032258,4.032258,inf,-inf,beta.1,66.10259016393442,2.520098247543811e-05
w7_stock_250,blr,2,0.061,0.05260055000000001,0.010480175000000001,0.042120375,160004,128000,-4,-0.001,-4,-0.001,,4.032258,4.032258,inf,-inf,beta.1,66.10259016393442,2.520098247543811e-05
w7_stock_250,low_dim_gauss_mix,1,2.482,2.2033059999999995,0.747401,1.455905,47778,31281,-4,-0.001,-4,-0.001,,152.656415,547.458177,73.852446,1.018302,mu.1,61.50540491539081,0.0031951194064213655
w7_stock_250,low_dim_gauss_mix,0,2.975,2.43708775,0.68864025,1.7484475,53088,38028,-4,-0.001,-4,-0.001,,7.146131,7.674867,29.449945,1.53034,mu.2,2.402060840336134,0.0001346091583785413
w7_stock_250,low_dim_gauss_mix,2,6.747,3.60839325,0.96039575,2.6479975,79082,58169,-4,-0.001,-4,-0.001,,6.78966,6.953314,11.238872,1.595695,mu.2,1.006322810137839,8.585594699173009e-05
w7_stock_250,accel_gp,1,1.726,0.8735285,0.12191475,0.75161375,236642,203016,-4,-0.001,-4,-0.001,,4.065477,5.864036,4.032258,11.970578,zgp_sigma_1.1,2.355432792584009,1.7179862408194655e-05
w7_stock_250,accel_gp,0,0.65,0.60497325,0.12446225,0.48051099999999997,160004,128000,-4,-0.001,-4,-0.001,,4.032258,4.032258,inf,-inf,Intercept,6.2034738461538455,2.520098247543811e-05
w7_stock_250,accel_gp,2,0.643,0.5946035000000001,0.10796975,0.48663375,160004,128000,-4,-0.001,-4,-0.001,,4.032258,4.032258,inf,-inf,Intercept,6.271007776049766,2.520098247543811e-05
w7_stock_250,radon_variable_intercept_slope_noncentered,1,1.046,0.8926912500000002,0.245166,0.6475252499999999,77668,56113,-4,-0.001,-4,-0.001,,10.709595,588.743882,14.34401,1.334978,sigma_alpha,10.238618546845125,0.00013788941391564095
w7_stock_250,radon_variable_intercept_slope_noncentered,0,1.098,0.9503405,0.23623824999999998,0.71410225,82113,60720,-4,-0.001,-4,-0.001,,15.476105,887.475855,49.92324,1.188316,beta.38,14.09481329690346,0.00018847326245539683
w7_stock_250,radon_variable_intercept_slope_noncentered,2,1.917,1.471383,0.28296224999999997,1.1884207500000001,129839,103543,-4,-0.001,-4,-0.001,,4.417657,7.007691,4.032258,3.550925,beta.25,2.3044637454355765,3.402411448024092e-05
walnut_dem,lotka_volterra,1,18.466,12.306325000000001,6.5544424999999995,5.751882500000001,335228,188557,-4,-0.001,-4,-0.001,,8.507095,31.532968,16.936313,1.528962,sigma.1,0.4606896458355897,2.537704189387521e-05
walnut_dem,lotka_volterra,0,19.143,14.1209775,6.03519,8.0857875,386407,239082,-4,-0.001,-4,-0.001,,5.439065,21.130353,4.873795,2.721431,z.11.1,0.2841281408347699,1.407600017598025e-05
walnut_dem,lotka_volterra,2,34.83,20.91999,7.77454,13.14545,345036,189461,-4,-0.001,-4,-0.001,,4.597816,13.031204,4.032258,3.415375,theta.1,0.13200734998564456,1.3325612399865521e-05
walnut_dem,kidscore_momiq,1,0.521,0.39619137499999996,0.2521485,0.14404287500000001,260466,95701,-4,-0.001,-4,-0.001,,5.043525,5.044351,4.032258,2.377597,beta.2,9.680470249520154,1.9363467784662874e-05
walnut_dem,kidscore_momiq,0,0.487,0.441834,0.24903150000000002,0.1928025,299354,126807,-4,-0.001,-4,-0.001,,13.443215,21.465595,29.574941,1.55445,sigma,27.604137577002057,4.4907417305264e-05
walnut_dem,radon_partially_pooled_noncentered,1,27.658,26.82185,14.5684,12.25345,278682,125401,-4,-0.001,-4,-0.001,,4.776735,10.726644,4.032258,3.469033,alpha.303,0.17270717333140503,1.7140450405838916e-05
walnut_dem,radon_partially_pooled_noncentered,0,26.652,25.096287500000003,14.649375,10.4469125,274513,125268,-4,-0.001,-4,-0.001,,4.461146,8.274947,4.032258,3.883831,alpha.59,0.16738503677022362,1.6251128361862644e-05
walnut_dem,radon_partially_pooled_noncentered,2,29.409,24.06709,13.4376,10.62949,294021,140775,-4,-0.001,-4,-0.001,,7.071881,112.894379,4.032258,1.760411,alpha_raw.303,0.24046655785643853,2.405229898544662e-05
walnut_dem,kronecker_gp,1,26.042,22.1138975,11.983175,10.1307225,273986,128000,-4,-0.001,-4,-0.001,,4.044368,4.31588,4.032258,18.663415,Q2.23.13,0.1553017433376853,1.4761221376274701e-05
walnut_dem,kronecker_gp,0,26.963,22.291534999999996,13.189975,9.10156,284418,132109,-4,-0.001,-4,-0.001,,4.105538,6.879092,4.032258,9.901048,Lambda.24.3,0.1522656232615065,1.4434874023444368e-05
walnut_dem,kronecker_gp,2,28.525,21.34743,11.970975,9.376455,293930,134709,-4,-0.001,-4,-0.001,,4.50569,11.707264,4.032258,3.491164,L.21.5,0.1579558282208589,1.5329125982376758e-05
walnut_dem,hier_2pl,2,81.134,65.0874725,39.7632,25.3242725,291819,129041,-4,-0.001,-4,-0.001,,5.082531,16.401216,4.032258,3.417262,theta.108,0.0626436635689107,1.741672406525963e-05
walnut_dem,wells_dist100_model,1,2.308,1.6281675,0.6598875,0.96828,121940,74810,-4,-0.001,-4,-0.001,,284.583702,298.348963,466.344549,1.013155,alpha,123.30316377816293,0.0023338010660980814
walnut_dem,wells_dist100_model,0,1.984,1.60191075,0.64675975,0.955151,114074,67976,-4,-0.001,-4,-0.001,,1179.881882,1206.960097,1540.411869,1.001244,beta.1,594.6985292338709,0.01034312711047215
walnut_dem,wells_dist100_model,2,2.102,1.28348125,0.5432345000000001,0.74024675,101101,59232,-4,-0.001,-4,-0.001,,55.693658,255.358842,1329.030592,1.454822,alpha,26.495555661274977,0.0005508714849506929
walnut_dem,eight_schools_noncentered,1,0.042,0.030156967500000003,0.0137700675,0.0163869,122107,65361,-4,-0.001,-4,-0.001,,1820.746248,3117.53343,1306.092682,1.004689,tau,43351.10114285714,0.01491107183044379
walnut_dem,eight_schools_noncentered,0,0.038,0.02098516,0.009979077499999999,0.0110060825,102545,54904,-4,-0.001,-4,-0.001,,1601.518589,2931.55771,987.22833,1.004526,tau,42145.22602631579,0.015617715042176605
walnut_dem,eight_schools_noncentered,2,0.055,0.0318452025,0.011436310000000002,0.0204088925,142385,92276,-4,-0.001,-4,-0.001,,7.00665,86.705815,11.821239,1.554608,theta_trans.8,127.39363636363636,4.9209186360922844e-05
walnut_dem,dogs_hierarchical,1,1.149,0.8767815,0.44796025,0.42882125,59200,28143,-4,-0.001,-4,-0.001,,1583.200635,3928.094033,2022.398279,1.003003,a,1377.894373368146,0.026743253969594594
walnut_dem,dogs_hierarchical,0,1.424,1.0066275,0.464476,0.5421515,68936,35215,-4,-0.001,-4,-0.001,,2414.692611,3937.775256,2253.156125,1.00282,a,1695.7111032303371,0.035028034858419405
walnut_dem,dogs_hierarchical,2,1.28,1.0302212499999999,0.58570575,0.44451549999999995,73587,31254,-4,-0.001,-4,-0.001,,2115.521082,3917.192833,1827.100799,1.003314,a,1652.7508453125001,0.028748570834522404
walnut_dem,bym2_offset_only,1,13.941,10.9936575,5.7746925,5.218965,271020,128000,-4,-0.001,-4,-0.001,,4.032258,4.032258,inf,-inf,beta0,0.2892373574349042,1.4878082798317467e-05
walnut_dem,bym2_offset_only,0,14.565,10.8084875,5.29369,5.5147975,273969,128000,-4,-0.001,-4,-0.001,,4.032258,4.032258,inf,-inf,beta0,0.27684572605561275,1.4717935240848415e-05
walnut_dem,pilots,1,0.171,0.11773887499999999,0.0603126,0.057426275,335984,162777,-4,-0.001,-4,-0.001,,4.765446,54.79278,4.074889,2.619071,b.3,27.86810526315789,1.4183550407162245e-05
walnut_dem,garch11,1,0.743,0.45686425,0.22784699999999997,0.22901724999999998,145246,73937,-4,-0.001,-4,-0.001,,7.513864,53.463042,30.843867,1.549247,mu,10.112872139973081,5.173198573454691e-05
walnut_dem,garch11,0,0.893,0.65127375,0.30975175000000005,0.341522,193411,100968,-4,-0.001,-4,-0.001,,262.204194,492.368954,501.163425,1.063945,alpha1,293.62171780515115,0.001355683978677531
walnut_dem,garch11,2,0.743,0.52317775,0.21748,0.30569775,162927,92799,-4,-0.001,-4,-0.001,,72.790355,723.827295,1629.619355,1.578383,alpha1,97.96817631224765,0.0004467666807834184
walnut_dem,diamonds,1,3.028,2.63411775,1.704745,0.92937275,318283,128000,-4,-0.001,-4,-0.001,,4.032258,4.032258,inf,-inf,b.1,1.3316571994715982,1.2668782184408214e-05
walnut_dem,diamonds,0,2.649,2.3517569999999997,1.31732,1.034437,276571,128474,-4,-0.001,-4,-0.001,,4.095529,4.8368,4.032258,8.180868,b.22,1.5460660626651566,1.480823730615285e-05
walnut_dem,diamonds,2,2.776,2.2964657500000003,1.2136025,1.08286325,282404,137550,-4,-0.001,-4,-0.001,,4.212668,8.798188,4.032258,8.378851,b.23,1.5175317002881845,1.4917168312063568e-05
walnut_dem,gp_regr,1,0.121,0.08719089999999999,0.036708325,0.050482575,69442,38516,-4,-0.001,-4,-0.001,,3072.946869,3304.24196,2484.137446,1.001639,alpha,25396.25511570248,0.04425199258373894
walnut_dem,gp_regr,0,0.12,0.0861865,0.039319549999999995,0.046866950000000004,63720,32468,-4,-0.001,-4,-0.001,,2953.303949,3255.135243,2465.007491,1.000725,alpha,24610.86624166667,0.046348147347771505
walnut_dem,gp_regr,2,0.092,0.076681275,0.0392508,0.037430475,58246,29247,-4,-0.001,-4,-0.001,,2933.397129,3216.292822,2386.861233,1.001377,alpha,31884.75140217391,0.050362207344710364
walnut_dem,lsat_model,1,16.48,13.09714,6.95289,6.1442499999999995,320270,154139,-4,-0.001,-4,-0.001,,4.379068,13.805932,4.032258,3.743223,theta.372,0.26572014563106794,1.3673050863334062e-05
walnut_dem,lsat_model,0,13.67,10.618694999999999,6.255815,4.3628800000000005,282107,127059,-4,-0.001,-4,-0.001,,5.145748,15.117567,4.041686,2.82967,theta.271,0.3764263350402341,1.8240412325819638e-05
walnut_dem,lsat_model,2,10.81,10.0628575,5.948577500000001,4.114280000000001,281136,130008,-4,-0.001,-4,-0.001,,4.046033,4.936681,4.032258,18.476897,theta.461,0.37428612395929695,1.4391728558420126e-05
walnut_dem,eight_schools_centered,1,0.106,0.07425494999999999,0.03849105,0.0357639,291251,151149,-4,-0.001,-4,-0.001,,23.027764,306.145201,239.08055,1.54638,tau,217.2430566037736,7.906501265231708e-05
walnut_dem,eight_schools_centered,0,0.118,0.069199275,0.0304329,0.038766375000000006,282396,145683,-4,-0.001,-4,-0.001,,5.386349,6.651958,13.739897,2.365598,theta.3,45.64702542372881,1.907374396237907e-05
walnut_dem,arma11,1,0.485,0.45380375,0.2141635,0.23964025,247264,129470,-4,-0.001,-4,-0.001,,4.046868,4.126046,inf,17.267201,phi,8.344057731958763,1.6366587938397825e-05
walnut_dem,arma11,0,0.645,0.53494625,0.252972,0.28197425,278267,144721,-4,-0.001,-4,-0.001,,4.081214,4.259474,4.032258,9.40235,mu,6.327463565891473,1.4666539690297448e-05
walnut_dem,arma11,2,0.657,0.443537675,0.196808,0.246729675,224314,120016,-4,-0.001,-4,-0.001,,4.081355,4.291787,4.032258,9.401966,theta,6.212108066971081,1.8194829569264515e-05
walnut_dem,blr,1,0.521,0.195242225,0.062754075,0.13248815,288572,143543,-4,-0.001,-4,-0.001,,4.108698,4.313971,4.032258,8.004926,sigma,7.886176583493283,1.4238034182110531e-05
walnut_dem,blr,0,0.227,0.12766665000000002,0.089262275,0.038404375000000004,244958,104968,-4,-0.001,-4,-0.001,,4.069863,4.284986,4.032258,11.062655,sigma,17.928911894273128,1.6614533920100586e-05
walnut_dem,blr,2,0.6,0.2074261,0.09042900000000001,0.11699709999999999,267538,128000,-4,-0.001,-4,-0.001,,4.032258,4.032258,inf,-inf,beta.1,6.7204299999999995,1.5071720652767082e-05
walnut_dem,low_dim_gauss_mix,1,9.264,5.62158,2.910625,2.7109550000000002,119369,58140,-4,-0.001,-4,-0.001,,296.346089,1845.387628,474.661533,1.021047,sigma.1,31.98899924438688,0.0024826051068535383
walnut_dem,low_dim_gauss_mix,0,11.927,9.406792499999998,4.55856,4.8482325,190539,98004,-4,-0.001,-4,-0.001,,7.164013,7.817297,28.799522,1.534064,sigma.2,0.6006550683323552,3.75986700885383e-05
walnut_dem,low_dim_gauss_mix,2,7.636,5.968132499999999,3.5164674999999996,2.4516649999999998,152305,70608,-4,-0.001,-4,-0.001,,10.883412,55.792057,4.706441,1.524137,sigma.2,1.4252765845992665,7.145800860116215e-05
walnut_dem,radon_variable_intercept_slope_noncentered,1,5.467,3.5683075,1.708805,1.8595025,312940,165873,-4,-0.001,-4,-0.001,,5.288161,14.543342,4.04169,2.156196,alpha_raw.32,0.967287543442473,1.689832236211414e-05
walnut_dem,radon_variable_intercept_slope_noncentered,0,3.567,3.1688025,1.6635674999999999,1.5052349999999999,273335,129285,-4,-0.001,-4,-0.001,,5.35032,14.050234,4.041684,2.231372,alpha_raw.30,1.4999495374264087,1.957422210840178e-05
walnut_dem,radon_variable_intercept_slope_noncentered,2,5.404,3.71105,1.6720175,2.0390325000000002,321274,172600,-4,-0.001,-4,-0.001,,4.663362,7.472096,4.032258,5.110879,alpha.74,0.8629463360473724,1.4515217540168206e-05
w7_batch_500,lotka_volterra,1,7.983,4.47285725,2.4256697500000004,2.0471875,156499,104169,-4,-0.001,-4,-0.001,,4.762676,9.314574,4.032258,2.587117,z.12.1,0.59660227984467,3.043262896248538e-05
w7_batch_500,lotka_volterra,0,7.142,4.48534675,1.7070817500000002,2.7782649999999998,195022,148887,-4,-0.001,-4,-0.001,,10.879494,36.045543,15.120742,1.289126,z.10.2,1.5233119574348921,5.578598311985314e-05
w7_batch_500,lotka_volterra,2,6.322,3.3276924999999995,1.6829675,1.6447249999999998,141362,84323,-4,-0.001,-4,-0.001,,14.535458,207.042858,11.357956,1.200037,theta.1,2.2991866497943687,0.00010282436581259462
w7_batch_500,kidscore_momiq,1,0.258,0.24655642500000002,0.08252717500000001,0.16402925,192004,128000,-4,-0.001,-4,-0.001,,4.032258,4.032258,inf,-inf,beta.1,15.628906976744185,2.1000906231120184e-05
w7_batch_500,kidscore_momiq,0,0.274,0.25328935,0.0857511,0.16753825,192004,128000,-4,-0.001,-4,-0.001,,4.032258,4.032258,inf,-inf,beta.1,14.716270072992698,2.1000906231120184e-05
w7_batch_500,kidscore_momiq,2,0.268,0.249102675,0.083437175,0.1656655,187547,123543,-4,-0.001,-4,-0.001,,4.077404,4.501226,4.032258,9.843757,beta.2,15.214194029850743,2.174070499661418e-05
w7_batch_500,radon_partially_pooled_noncentered,1,18.341,18.1061525,6.0973275000000005,12.008825000000002,192489,128047,-4,-0.001,-4,-0.001,,4.04483,4.386532,4.032258,18.197512,alpha_raw.141,0.22053486723733712,2.1013304656369976e-05
w7_batch_500,radon_partially_pooled_noncentered,0,19.547,18.82927,6.1766950000000005,12.652575,192004,128000,-4,-0.001,-4,-0.001,,4.032258,4.032258,inf,-inf,alpha_raw.1,0.2062852611653962,2.1000906231120184e-05
w7_batch_500,radon_partially_pooled_noncentered,2,18.608,18.36901,6.255185,12.113825,192050,128000,-4,-0.001,-4,-0.001,,4.032258,4.032258,inf,-inf,alpha_raw.1,0.21669486242476352,2.0995876073939076e-05
w7_batch_500,kronecker_gp,1,35.117,22.209995,7.256220000000001,14.953775,231235,153074,-4,-0.001,-4,-0.001,,4.255895,7.878194,4.032258,4.470204,L.14.2,0.1211918728820799,1.8405064112266742e-05
w7_batch_500,kronecker_gp,0,31.297,25.1075,7.891757500000001,17.2157425,294666,201857,-4,-0.001,-4,-0.001,,6.991766,20.442714,4.032258,1.579114,R1.4,0.22340051762149726,2.372776635241256e-05
w7_batch_500,hier_2pl,1,86.156,62.8723,18.205475,44.666825,218399,154295,-4,-0.001,-4,-0.001,,4.070418,5.003844,4.032258,10.672616,xi1.8,0.047244742095733316,1.8637530391622672e-05
w7_batch_500,hier_2pl,0,218.74,101.11572500000001,17.929425,83.18630000000002,361177,297129,-4,-0.001,-4,-0.001,,4.20193,5.314092,4.032258,5.310954,mu.2,0.019209701014903536,1.1633991090241074e-05
w7_batch_500,hier_2pl,2,55.947,54.29724999999999,18.651475,35.645775,188630,123905,-4,-0.001,-4,-0.001,,4.074752,5.016786,4.032258,10.089417,xi1.27,0.07283235919709725,2.160182367597943e-05
w7_batch_500,wells_dist100_model,1,0.653,0.57418375,0.22582325,0.3483605,43222,26113,-4,-0.001,-4,-0.001,,755.701055,777.758894,1281.110163,1.004885,alpha,1157.2757350689126,0.01748417599833418
w7_batch_500,wells_dist100_model,0,0.609,0.560594,0.20502775,0.3555662500000001,40624,26226,-4,-0.001,-4,-0.001,,707.381969,736.501581,1013.440185,1.004835,beta.1,1161.546747126437,0.017412907862347383
w7_batch_500,wells_dist100_model,2,0.593,0.53376625,0.19673000000000002,0.33703625,41204,26299,-4,-0.001,-4,-0.001,,996.601955,1039.295717,1356.199723,1.002592,beta.1,1680.6103794266442,0.024187019585477136
w7_batch_500,eight_schools_noncentered,1,0.02,0.012181672499999999,0.0042933275,0.007888345,51914,33363,-4,-0.001,-4,-0.001,,1403.33042,2859.967948,1561.595118,1.003887,tau,70166.521,0.02703182994953192
w7_batch_500,eight_schools_noncentered,0,0.021,0.012289950000000001,0.00433582,0.00795413,53224,34624,-4,-0.001,-4,-0.001,,1435.148361,3021.541397,1257.38536,1.004305,tau,68340.39814285714,0.026964308601382835
w7_batch_500,eight_schools_noncentered,2,0.022,0.012341445,0.00424606,0.008095385,52555,34203,-4,-0.001,-4,-0.001,,1855.605027,2885.07737,1684.912699,1.003651,tau,84345.68304545456,0.035307868461611644
w7_batch_500,dogs_hierarchical,1,0.69,0.50670875,0.16974775,0.336961,36069,23609,-4,-0.001,-4,-0.001,,1516.874322,3912.915732,1923.885067,1.002909,a,2198.3685826086958,0.0420547928137736
w7_batch_500,dogs_hierarchical,0,0.729,0.54667025,0.1804285,0.36624175,37033,23572,-4,-0.001,-4,-0.001,,1729.806921,3917.586226,1926.239226,1.002859,a,2372.849,0.04670987824372857
w7_batch_500,dogs_hierarchical,2,0.76,0.5438935,0.20535225,0.33854125,38582,23646,-4,-0.001,-4,-0.001,,1373.34849,3896.185145,1801.276588,1.002109,b,1807.0374868421054,0.03559557539785392
w7_batch_500,bym2_offset_only,1,10.972,6.77414,2.228405,4.545735,192004,128000,-4,-0.001,-4,-0.001,,4.032258,4.032258,inf,-inf,beta0,0.36750437477214726,2.1000906231120184e-05
w7_batch_500,bym2_offset_only,0,10.175,7.5225,2.4301174999999997,5.0923825,192004,128000,-4,-0.001,-4,-0.001,,4.032258,4.032258,inf,-inf,beta0,0.39629071253071246,2.1000906231120184e-05
w7_batch_500,bym2_offset_only,2,10.382,7.21982,2.3207325,4.8990875,192004,128000,-4,-0.001,-4,-0.001,,4.032258,4.032258,inf,-inf,beta0,0.38838932768252743,2.1000906231120184e-05
w7_batch_500,pilots,1,0.114,0.081343725,0.03175485,0.049588875000000004,244197,145251,-4,-0.001,-4,-0.001,,5.027157,488.67249,28.451827,2.357791,a.1,44.09786842105263,2.0586481406405485e-05
w7_batch_500,pilots,0,0.121,0.08047069999999999,0.032681,0.047789700000000004,242459,138750,-4,-0.001,-4,-0.001,,4.599476,481.653378,15.682078,2.903224,a.5,38.01219834710744,1.897011865923723e-05
w7_batch_500,pilots,2,0.163,0.091584325,0.032075775,0.05950855,244182,149717,-4,-0.001,-4,-0.001,,4.51469,519.562959,13.627599,3.142948,a.2,27.697484662576684,1.8489036865944253e-05
w7_batch_500,garch11,1,0.197,0.182320975,0.068426225,0.11389474999999999,55198,34848,-4,-0.001,-4,-0.001,,809.921438,1113.091528,1149.753685,1.006897,alpha0,4111.27633502538,0.014673021450052538
w7_batch_500,garch11,0,0.202,0.17626945,0.06312695,0.11314250000000001,56837,35800,-4,-0.001,-4,-0.001,,773.45189,1157.826747,1012.042371,1.005377,alpha0,3828.9697524752473,0.013608246212854303
w7_batch_500,garch11,2,0.22,0.196872,0.0686335,0.1282385,56637,35707,-4,-0.001,-4,-0.001,,925.072078,1280.459777,1260.956913,1.001498,alpha0,4204.873081818182,0.016333352366827338
w7_batch_500,logmesquite_logvash,1,0.09,0.068614225,0.0252871,0.043327125,139260,85197,-4,-0.001,-4,-0.001,,72.515718,184.030541,78.74186,1.065488,beta.2,805.7302000000001,0.0005207218009478673
w7_batch_500,logmesquite_logvash,0,0.109,0.082001625,0.0363602,0.045641425,164458,98524,-4,-0.001,-4,-0.001,,6.907278,13.311931,4.032258,1.593421,beta.2,63.36952293577981,4.200025538435345e-05
w7_batch_500,logmesquite_logvash,2,0.101,0.081490625,0.029948074999999998,0.05154255,164773,100497,-4,-0.001,-4,-0.001,,7.141752,8.47474,4.032258,1.555495,beta.5,70.71041584158415,4.3342974880593304e-05
w7_batch_500,diamonds,1,1.998,1.8517635,0.5971985,1.254565,192164,128092,-4,-0.001,-4,-0.001,,4.032258,4.032258,inf,-inf,b.1,2.018147147147147,2.0983420411731644e-05
w7_batch_500,diamonds,0,1.985,1.83574325,0.62711575,1.2086275,192004,128000,-4,-0.001,-4,-0.001,,4.032258,4.032258,inf,-inf,b.1,2.031364231738035,2.1000906231120184e-05
w7_batch_500,diamonds,2,2.427,1.99927875,0.78632375,1.212955,207247,128000,-4,-0.001,-4,-0.001,,4.032258,4.032258,inf,-inf,b.1,1.6614165636588378,1.9456291285277953e-05
w7_batch_500,gp_regr,1,0.073,0.054932775,0.019015525,0.035917250000000005,35318,23117,-4,-0.001,-4,-0.001,,3435.240613,3646.288244,2462.709986,1.000417,alpha,47058.0905890411,0.09726600070785435
w7_batch_500,gp_regr,0,0.049,0.04319485000000001,0.015706750000000002,0.0274881,36155,23315,-4,-0.001,-4,-0.001,,3672.327348,3702.524544,2495.79156,1.001162,sigma,74945.45608163264,0.10157177010095422
w7_batch_500,gp_regr,2,0.062,0.04926705,0.018401650000000002,0.030865400000000005,35607,23239,-4,-0.001,-4,-0.001,,3753.156337,3953.844786,2523.221846,1.001449,rho,60534.77962903226,0.10540501409835144
w7_batch_500,lsat_model,1,5.325,5.018905,2.12538,2.8935250000000003,125388,71883,-4,-0.001,-4,-0.001,,273.262709,1023.956637,441.710365,1.012142,beta,51.31694065727699,0.0021793370099212044
w7_batch_500,lsat_model,0,8.291,6.273025,2.6612325,3.6117925,152543,87702,-4,-0.001,-4,-0.001,,7.217936,58.337737,4.032258,1.541752,theta.232,0.8705748401881558,4.731738591741345e-05
w7_batch_500,lsat_model,2,17.767,9.259845,2.8058475,6.4539975,219045,155917,-4,-0.001,-4,-0.001,,6.401378,27.21125,4.032258,1.674472,a.1,0.36029594191478587,2.9224031591682077e-05
w7_batch_500,eight_schools_centered,1,0.029,0.0181848925,0.0056562175,0.012528675,107014,73242,-4,-0.001,-4,-0.001,,157.293104,382.783492,263.871383,1.013379,tau,5423.900137931034,0.0014698366942643018
w7_batch_500,eight_schools_centered,0,0.04,0.024030335,0.005610634999999999,0.0184197,120528,86107,-4,-0.001,-4,-0.001,,58.223361,263.672331,58.312191,1.029841,tau,1455.5840249999999,0.0004830691706491437
w7_batch_500,eight_schools_centered,2,0.031,0.020293922500000002,0.0058517225,0.014442199999999999,126356,89823,-4,-0.001,-4,-0.001,,103.209516,243.186069,137.249418,1.064332,tau,3329.3392258064514,0.0008168153154579125
w7_batch_500,arma11,1,0.38,0.35062250000000006,0.11813499999999999,0.2324875,192004,128000,-4,-0.001,-4,-0.001,,4.032258,4.032258,inf,-inf,mu,10.611205263157894,2.1000906231120184e-05
w7_batch_500,arma11,0,0.366,0.35301325,0.113427,0.23958625,192004,128000,-4,-0.001,-4,-0.001,,4.032258,4.032258,inf,-inf,mu,11.017098360655737,2.1000906231120184e-05
w7_batch_500,blr,1,0.07,0.06040655,0.020168125000000002,0.040238424999999994,192004,128000,-4,-0.001,-4,-0.001,,4.032258,4.032258,inf,-inf,beta.1,57.6036857142857,2.1000906231120184e-05
w7_batch_500,blr,0,0.069,0.0614653,0.020406275,0.041059025,192004,128000,-4,-0.001,-4,-0.001,,4.032258,4.032258,inf,-inf,beta.1,58.43852173913042,2.1000906231120184e-05
w7_batch_500,blr,2,0.077,0.06170765,0.0198744,0.04183325,192004,128000,-4,-0.001,-4,-0.001,,4.032258,4.032258,inf,-inf,beta.1,52.36698701298701,2.1000906231120184e-05
w7_batch_500,low_dim_gauss_mix,1,9.131,6.462062500000001,2.48923,3.9728324999999995,137418,85752,-4,-0.001,-4,-0.001,,4.435522,4.784493,4.032258,3.406042,sigma.2,0.4857651954878983,3.227759099972347e-05
w7_batch_500,low_dim_gauss_mix,0,8.692,4.610318250000001,2.02659575,2.5837225000000004,98345,54855,-4,-0.001,-4,-0.001,,7.195171,7.784587,31.504029,1.530084,mu.2,0.8277923377818683,7.316255020590777e-05
w7_batch_500,low_dim_gauss_mix,2,9.059,5.7620625,2.3717575,3.390305,123600,73556,-4,-0.001,-4,-0.001,,7.222811,7.260215,4.032258,1.525628,sigma.2,0.797307760238437,5.843698220064725e-05
w7_batch_500,accel_gp,1,5.888,2.03908225,0.56231975,1.4767625,530477,379760,-4,-0.001,-4,-0.001,,4.305652,5.96029,4.032258,8.89477,lscale_1,0.7312588315217392,8.116566788004004e-06
w7_batch_500,accel_gp,0,1.067,0.8183162499999999,0.29252175,0.5257944999999999,192004,128000,-4,-0.001,-4,-0.001,,4.032258,4.032258,inf,-inf,Intercept,3.77906091846298,2.1000906231120184e-05
w7_batch_500,accel_gp,2,0.736,0.687366,0.224117,0.463249,192004,128000,-4,-0.001,-4,-0.001,,4.032258,4.032258,inf,-inf,Intercept,5.4786114130434775,2.1000906231120184e-05
w7_batch_500,radon_variable_intercept_slope_noncentered,1,2.332,1.67592575,0.65573125,1.0201945000000001,145360,89573,-4,-0.001,-4,-0.001,,4.316042,7.084568,4.032258,4.102604,alpha.37,1.8507898799313895,2.9692088607594938e-05
w7_batch_500,radon_variable_intercept_slope_noncentered,0,2.26,1.3593994999999999,0.5296687499999999,0.8297307500000001,116453,70054,-4,-0.001,-4,-0.001,,6.846677,17.888338,4.032258,1.615329,sigma_beta,3.029503097345133,5.879347891424008e-05
w7_batch_500,radon_variable_intercept_slope_noncentered,2,2.239,1.6748594999999997,0.6250315000000001,1.049828,151003,95718,-4,-0.001,-4,-0.001,,4.358958,7.097054,4.032258,4.40469,beta.7,1.9468325145154088,2.886669801262227e-05
w7_stock_2000,lotka_volterra,1,20.543,7.6941875,6.62233,1.0718575,197143,57439,-4,-0.001,-4,-0.001,,95.472874,1190.376671,251.947478,1.043717,theta.2,4.6474650245825835,0.0004842823432736643
w7_stock_2000,lotka_volterra,0,4.721,4.102939999999999,2.8881224999999997,1.2148174999999999,196802,64384,-4,-0.001,-4,-0.001,,166.147267,1426.512681,213.665812,1.021046,theta.3,35.19323596695615,0.0008442356632554547
w7_stock_2000,lotka_volterra,2,4.513,3.6894400000000003,2.4498374999999997,1.2396025,199592,67065,-4,-0.001,-4,-0.001,,238.137854,1638.690433,359.569846,1.019021,theta.4,52.767084865942834,0.0011931232414124815
w7_stock_2000,kidscore_momiq,1,0.415,0.33430885,0.2477285,0.08658035,234433,59993,-4,-0.001,-4,-0.001,,146.6772,301.914829,219.800576,1.022194,beta.1,353.4390361445783,0.0006256678880533031
w7_stock_2000,kidscore_momiq,0,0.361,0.308117475,0.22803325000000002,0.08008422500000001,225034,55034,-4,-0.001,-4,-0.001,,230.373189,342.893921,315.548543,1.016909,beta.2,638.1528781163435,0.0010237261436049664
w7_stock_2000,kidscore_momiq,2,0.421,0.296607,0.20666500000000002,0.089942,211591,64720,-4,-0.001,-4,-0.001,,7.087887,7.620499,11.42861,1.570679,beta.1,16.835836104513067,3.3498055210287775e-05
w7_stock_2000,radon_partially_pooled_noncentered,1,22.357,21.450377500000002,14.408349999999999,7.0420275,219381,71384,-4,-0.001,-4,-0.001,,201.620668,3511.540062,307.144862,1.033008,sigma_alpha,9.018234467951872,0.000919043435849048
w7_stock_2000,radon_partially_pooled_noncentered,0,34.111,26.0878425,17.6995,8.3883425,269432,87395,-4,-0.001,-4,-0.001,,114.242389,1833.892087,137.538947,1.049762,mu_alpha,3.3491363196622794,0.0004240119547789424
w7_stock_2000,radon_partially_pooled_noncentered,2,24.73,22.133035,15.242875000000002,6.89016,229524,71968,-4,-0.001,-4,-0.001,,122.641201,2165.836982,240.135956,1.052408,sigma_alpha,4.95920748079256,0.0005343284405988044
w7_stock_2000,kronecker_gp,1,22.09,19.881860000000003,13.554775,6.327084999999999,219986,69259,-4,-0.001,-4,-0.001,,26.777823,232.153519,38.533104,1.152437,eigenvalues.19.30,1.2122147125396108,0.00012172512341694472
w7_stock_2000,kronecker_gp,2,22.109,20.135732500000003,13.60835,6.5273825,221248,70667,-4,-0.001,-4,-0.001,,40.205363,283.802412,41.694622,1.055898,R1.29,1.8185066262607985,0.00018172079747613538
w7_stock_2000,hier_2pl,1,63.866,62.222425,42.60025,19.622175000000002,220510,69922,-4,-0.001,-4,-0.001,,160.580244,2548.816053,102.43704,1.018434,xi2.21,2.5143306923871855,0.0007282220488866718
w7_stock_2000,hier_2pl,0,67.138,64.4891,43.746225,20.742874999999998,225766,71131,-4,-0.001,-4,-0.001,,130.088577,2196.11381,137.968218,1.030232,L_Omega.2.2,1.937629613631624,0.0005762097791518651
w7_stock_2000,hier_2pl,2,65.879,62.472725000000004,42.621300000000005,19.851425,223595,70785,-4,-0.001,-4,-0.001,,108.62503,2392.050895,79.920058,1.020665,xi2.11,1.6488566918137797,0.000485811534247188
w7_stock_2000,wells_dist100_model,1,1.144,1.0716495,0.733376,0.3382735,80989,26590,-4,-0.001,-4,-0.001,,820.652439,868.761356,1068.189439,1.003316,beta.1,717.3535305944056,0.010132887663756807
w7_stock_2000,wells_dist100_model,0,1.048,1.0231612499999998,0.6926955,0.33046575,79704,26358,-4,-0.001,-4,-0.001,,842.952159,844.617569,1106.789999,1.001892,beta.1,804.343663167939,0.010576033310749775
w7_stock_2000,wells_dist100_model,2,1.154,1.0935485,0.755127,0.33842150000000004,80921,26607,-4,-0.001,-4,-0.001,,795.878545,841.665046,1091.283035,1.010789,beta.1,689.6694497400348,0.00983525345707542
w7_stock_2000,eight_schools_noncentered,1,0.035,0.02458714,0.016436975,0.008150165000000001,103492,34188,-4,-0.001,-4,-0.001,,1604.370115,2891.075653,1513.260111,1.003062,tau,45839.146142857135,0.01550235878135508
w7_stock_2000,eight_schools_noncentered,0,0.034,0.023782860000000003,0.015596750000000001,0.00818611,103626,34774,-4,-0.001,-4,-0.001,,1597.9685,3063.43212,1183.641491,1.003202,tau,46999.07352941176,0.0154205363518808
w7_stock_2000,eight_schools_noncentered,2,0.038,0.0254358075,0.017401875,0.0080339325,103815,33735,-4,-0.001,-4,-0.001,,1388.837972,2899.381281,1314.299324,1.003378,tau,36548.36768421053,0.013378008688532486
w7_stock_2000,dogs_hierarchical,1,1.253,1.01556925,0.67475,0.34081924999999996,71834,23795,-4,-0.001,-4,-0.001,,1631.200144,3918.630128,1435.335913,1.002657,a,1301.8357094972068,0.022707911908010133
w7_stock_2000,dogs_hierarchical,0,1.181,1.00105,0.651365,0.34968499999999997,72024,23537,-4,-0.001,-4,-0.001,,1461.265816,3923.070087,1748.466431,1.00226,b,1237.3122912785775,0.02028859569032545
w7_stock_2000,dogs_hierarchical,2,1.215,1.00899,0.6587405,0.3502495,72862,23207,-4,-0.001,-4,-0.001,,1537.593412,3908.776832,1693.855951,1.002774,a,1265.5089810699587,0.02110281644753095
w7_stock_2000,bym2_offset_only,1,19.735,15.68442,10.726682499999999,4.9577375,393517,118534,-4,-0.001,-4,-0.001,,4.055714,4.487011,4.032258,13.287489,eta.1916,0.20550869014441348,1.0306324758523775e-05
w7_stock_2000,bym2_offset_only,0,18.803,15.4568125,10.988575,4.4682375,356569,98878,-4,-0.001,-4,-0.001,,4.265617,18.174075,10.649423,4.423499,beta0,0.2268583204807743,1.196294966752578e-05
w7_stock_2000,bym2_offset_only,2,25.309,17.19886,11.525372500000001,5.6734875,428567,140104,-4,-0.001,-4,-0.001,,4.197211,5.254013,4.032258,5.188021,theta.1813,0.1658386739894899,9.79359353379985e-06
w7_stock_2000,pilots,1,0.137,0.110883825,0.08165085,0.029232974999999998,291288,77593,-4,-0.001,-4,-0.001,,4.581365,382.747669,11.401026,3.000892,a.5,33.4406204379562,1.5727956524127324e-05
w7_stock_2000,pilots,0,0.161,0.12462970000000001,0.07110074999999999,0.05352895,336276,138885,-4,-0.001,-4,-0.001,,4.386737,394.678968,11.602507,3.614372,mu_a,27.246813664596274,1.3045049304737776e-05
w7_stock_2000,pilots,2,0.158,0.10733995,0.073373875,0.033966075,308008,96407,-4,-0.001,-4,-0.001,,4.430997,402.904262,14.344295,3.474048,a.2,28.04428481012658,1.4385980234279628e-05
w7_stock_2000,garch11,1,0.392,0.37044475000000004,0.24963775,0.120807,107807,35514,-4,-0.001,-4,-0.001,,858.990191,1130.468587,1337.748173,1.005393,alpha0,2191.301507653061,0.007967851725769198
w7_stock_2000,garch11,0,0.451,0.41991899999999993,0.27636,0.143559,109006,35615,-4,-0.001,-4,-0.001,,898.933117,1225.950705,1363.824685,1.011238,alpha0,1993.1998159645234,0.008246638873089554
w7_stock_2000,garch11,2,0.452,0.385532,0.26478425,0.12074774999999999,109592,35824,-4,-0.001,-4,-0.001,,1002.863364,1326.097777,1401.187897,1.00808,alpha0,2218.7242566371683,0.009150881122709687
w7_stock_2000,logmesquite_logvash,1,0.128,0.1157078,0.077370075,0.038337725,226332,76400,-4,-0.001,-4,-0.001,,186.482915,416.197025,235.622136,1.029984,beta.2,1456.8977734374998,0.0008239352588233214
w7_stock_2000,logmesquite_logvash,0,0.127,0.115748075,0.077957275,0.0377908,226903,75405,-4,-0.001,-4,-0.001,,215.681087,409.504628,344.281647,1.015198,beta.2,1698.276275590551,0.0009505431263579591
w7_stock_2000,logmesquite_logvash,2,0.122,0.109752525,0.07457575,0.03517677499999999,221770,72864,-4,-0.001,-4,-0.001,,191.295305,403.786815,331.676282,1.012464,beta.3,1567.9943032786887,0.0008625842314109212
w7_stock_2000,diamonds,1,4.909,3.3650557500000002,2.239205,1.12585075,349691,115188,-4,-0.001,-4,-0.001,,4.460028,99.754669,11.13458,3.273885,b.22,0.908541047056427,1.2754197277024574e-05
w7_stock_2000,diamonds,0,4.214,3.4354775,2.1855399999999996,1.2499375,362501,134713,-4,-0.001,-4,-0.001,,4.359635,134.234456,11.330148,3.67618,b.23,1.0345598006644516,1.2026546133665838e-05
w7_stock_2000,diamonds,2,3.841,3.29120475,2.0642875,1.2269172499999998,349515,132087,-4,-0.001,-4,-0.001,,4.477954,131.704659,11.004445,3.227897,b.23,1.1658302525384014,1.2811907929559534e-05
w7_stock_2000,gp_regr,1,0.123,0.091018825,0.0587267,0.032292125,67469,22445,-4,-0.001,-4,-0.001,,3631.248888,3657.836851,1998.216242,1.003325,rho,29522.34868292683,0.0538209976137189
w7_stock_2000,gp_regr,0,0.093,0.082399675,0.05465345,0.027746225000000003,67567,22314,-4,-0.001,-4,-0.001,,3730.628091,3833.640712,2045.45684,1.001373,alpha,40114.2805483871,0.055213759542380156
w7_stock_2000,gp_regr,2,0.12,0.09065955,0.062293425,0.028366125000000002,68887,22782,-4,-0.001,-4,-0.001,,3764.210968,3876.637376,2733.603928,1.002652,alpha,31368.424733333333,0.05464327039934966
w7_stock_2000,lsat_model,1,9.201,8.829442499999999,5.9126650000000005,2.9167775000000002,211048,69855,-4,-0.001,-4,-0.001,,676.701328,4207.75977,1198.740349,1.011123,beta,73.54649798934898,0.003206385883779993
w7_stock_2000,lsat_model,0,9.18,8.781397499999999,5.916805,2.8645925,211028,69194,-4,-0.001,-4,-0.001,,806.318373,4312.113973,1104.247804,1.009535,beta,87.8342454248366,0.003820907050249256
w7_stock_2000,lsat_model,2,9.44,8.93981,6.0865375,2.8532725,214576,69682,-4,-0.001,-4,-0.001,,473.851194,3890.969807,924.187487,1.00974,beta,50.19610105932204,0.002208314042576989
w7_stock_2000,eight_schools_centered,1,0.046,0.038748625,0.0262581,0.012490525,229733,73695,-4,-0.001,-4,-0.001,,80.032289,247.343374,124.346242,1.039704,tau,1739.8323695652175,0.0003483708870732546
w7_stock_2000,eight_schools_centered,0,0.066,0.049515625,0.03244075,0.017074875,252828,89815,-4,-0.001,-4,-0.001,,65.562829,292.345132,69.92746,1.069801,tau,993.3761969696968,0.00025931791178192287
w7_stock_2000,eight_schools_centered,2,0.063,0.04060009999999999,0.026205575,0.014394525,208002,73137,-4,-0.001,-4,-0.001,,92.035972,253.948365,106.931842,1.042773,tau,1460.8884444444445,0.00044247638003480736
w7_stock_2000,arma11,1,0.811,0.6272125,0.42809275,0.19911975,325199,105194,-4,-0.001,-4,-0.001,,4.080551,4.14112,inf,9.420135,phi,5.031505548705302,1.2547858388248426e-05
w7_stock_2000,arma11,0,0.768,0.566520175,0.37243175,0.194088425,316720,104783,-4,-0.001,-4,-0.001,,4.080373,4.267956,4.032258,9.407728,mu,5.312985677083333,1.2883218615812073e-05
w7_stock_2000,arma11,2,0.77,0.5872398,0.3850105,0.2022293,308288,102205,-4,-0.001,-4,-0.001,,4.080873,4.277446,4.032258,9.408864,theta,5.299835064935065,1.3237210011417896e-05
w7_stock_2000,blr,1,0.105,0.08149855,0.06918932500000001,0.012309225,248232,33410,-4,-0.001,-4,-0.001,,4.267001,4.291914,11.42861,4.305925,beta.3,40.638104761904756,1.7189568629346738e-05
w7_stock_2000,blr,0,0.086,0.07480257500000001,0.0616722,0.013130375,216487,34420,-4,-0.001,-4,-0.001,,4.251255,6.34718,11.42861,4.452705,sigma,49.4331976744186,1.963746090989297e-05
w7_stock_2000,blr,2,0.131,0.101651325,0.078825575,0.02282575,272128,56183,-4,-0.001,-4,-0.001,,4.275515,6.047935,11.423761,4.248984,sigma,32.637519083969465,1.571141154162747e-05
w7_stock_2000,low_dim_gauss_mix,1,4.835,4.623775,3.2639474999999996,1.3598275,98268,28994,-4,-0.001,-4,-0.001,,575.251933,1663.6102,854.266922,1.004351,sigma.1,118.97661489141676,0.005853909034477144
w7_stock_2000,low_dim_gauss_mix,0,12.218,7.100325,5.0895275,2.0107975,150819,42202,-4,-0.001,-4,-0.001,,1387.253603,2067.350928,1493.454719,1.002236,sigma.2,113.54179104599771,0.009198135533321399
w7_stock_2000,low_dim_gauss_mix,2,6.383,5.221705249999999,3.8600350000000003,1.36167025,111018,29408,-4,-0.001,-4,-0.001,,272.036475,914.222762,571.82373,1.020874,sigma.1,42.618905686981044,0.0024503816948602927
w7_stock_2000,accel_gp,1,1.27,1.10682825,0.7740155,0.33281275,288843,89694,-4,-0.001,-4,-0.001,,4.54423,17.405962,10.897222,3.07676,lscale_sigma_1,3.5781338582677162,1.573252597431823e-05
w7_stock_2000,accel_gp,0,1.363,1.158803,0.87328275,0.28552025,295039,70256,-4,-0.001,-4,-0.001,,4.401146,10.182032,11.08269,3.569167,zgp_sigma_1.3,3.229013939838591,1.4917166883022244e-05
w7_stock_2000,accel_gp,2,2.244,1.33276875,1.02627925,0.30648949999999997,357261,85057,-4,-0.001,-4,-0.001,,4.294649,7.581966,4.032258,5.00772,Intercept,1.913836452762923,1.2021040639756369e-05
w7_stock_2000,radon_variable_intercept_slope_noncentered,1,2.559,2.30091125,1.53759,0.76332125,199228,66548,-4,-0.001,-4,-0.001,,207.075269,1603.109541,337.205083,1.021604,sigma_alpha,80.92038647909338,0.0010393883841628686
w7_stock_2000,radon_variable_intercept_slope_noncentered,0,2.521,2.224379,1.510285,0.714094,188159,60502,-4,-0.001,-4,-0.001,,10.236412,1672.88079,72.431668,1.304168,sigma_beta,4.060456961523205,5.440298896146344e-05
w7_stock_2000,radon_variable_intercept_slope_noncentered,2,2.865,2.26233225,1.632665,0.62966725,195230,53313,-4,-0.001,-4,-0.001,,5.046486,103.361756,12.151288,2.2669,sigma_alpha,1.761426178010471,2.58489269067254e-05
default,lotka_volterra,1,5.517,5.2385,2.82475,2.4137500000000003,130644,65272,0,0.0,0,0.0,0.9335382775250001,882.308675,2952.055271,1241.122889,1.008847,theta.3,159.92544408192856,0.006753533840053887
default,lotka_volterra,0,7.281,5.3875,2.8505,2.537,119716,57077,147,0.03675,0,0.0,0.7648524528361201,11.433949,158.326451,11.423284,1.2641,sigma.1,1.5703816783408873,9.55089461726085e-05
default,lotka_volterra,2,5.457,5.1835,2.45375,2.72975,153144,76088,0,0.0,0,0.0,0.9400014331575,953.407734,2968.396699,1480.28944,1.001486,theta.3,174.71279714128642,0.006225563743927284
default,kidscore_momiq,1,0.399,0.376,0.21625,0.15975,103274,52334,0,0.0,0,0.0,0.9363830546974999,1314.065829,1420.154999,1342.195624,1.002969,beta.2,3293.3980676691726,0.012724072167244417
default,kidscore_momiq,0,0.38,0.3655,0.222,0.14350000000000002,101540,50598,0,0.0,0,0.0,0.9372634095775,1256.05895,1403.501548,1194.747439,1.005029,beta.2,3305.4182894736846,0.012370090112271028
default,kidscore_momiq,2,0.369,0.34724999999999995,0.21825,0.129,96878,48098,0,0.0,0,0.0,0.9326972174225,1133.510764,1247.621259,1144.349429,1.002645,beta.2,3071.8448888888893,0.01170039393876835
default,radon_partially_pooled_noncentered,1,29.176,27.428250000000002,21.15125,6.277,60000,30000,0,0.0,0,0.0,0.87148749852,335.114984,5127.074906,630.17156,1.02016,mu_alpha,11.485981080340006,0.005585249733333333
default,radon_partially_pooled_noncentered,0,30.745,28.22825,21.72375,6.5045,61776,30816,0,0.0,0,0.0,0.8934775596275,263.500678,4486.403317,736.986192,1.027732,mu_alpha,8.570521320539925,0.004265421490546491
default,radon_partially_pooled_noncentered,2,29.635,26.67725,20.41375,6.2635000000000005,61920,30960,0,0.0,0,0.0,0.8922070360500001,309.473455,4298.771114,690.880871,1.013074,mu_alpha,10.442836342162982,0.004997956314599483
default,kronecker_gp,1,731.335,699.82275,341.97375,357.849,4083179,2040390,19,0.00475,3981,0.99525,0.78120346833225,944.342481,1848.728976,1241.718117,1.009849,Sigma1.10.1,1.2912584260291111,0.0002312762876670359
default,kronecker_gp,0,767.902,727.78325,350.43275,377.3505,4084270,2041612,16,0.004,3984,0.996,0.8154481746267499,573.934222,1330.465088,1055.27711,1.010795,Sigma1.11.1,0.747405556959091,0.00014052308539836984
default,kronecker_gp,2,715.661,683.61525,330.17375000000004,353.4415,4084302,2042122,19,0.00475,3980,0.995,0.7810982475120001,1029.611041,1900.387332,1510.69877,1.007413,Sigma1.10.1,1.4386854125067594,0.00025208984081000863
default,hier_2pl,1,70.126,66.0595,32.047,34.0125,119792,59760,0,0.0,0,0.0,0.861976539455,2181.085034,6373.998278,1794.443424,1.006475,xi2.31,31.102373356529675,0.018207267880993725
default,hier_2pl,0,74.949,68.71575,35.11675,33.599,116768,58048,0,0.0,0,0.0,0.8709275326275,1756.638973,6216.416708,2115.062112,1.008188,xi2.31,23.437790670989607,0.015043838834269664
default,hier_2pl,2,67.691,64.56925,30.791,33.77825,123408,61584,0,0.0,0,0.0,0.875026643595,1946.544531,6981.177593,1863.75691,1.007223,xi2.31,28.75632700063524,0.01577324428724232
default,wells_dist100_model,1,0.781,0.7325,0.35575,0.37675000000000003,22856,11490,0,0.0,0,0.0,0.9226345432925,1233.833859,1237.743363,1431.655478,1.003846,beta.1,1579.8128796414853,0.053982930477773895
default,wells_dist100_model,0,0.69,0.668,0.3265,0.3415,23464,11552,0,0.0,0,0.0,0.9310970679074999,1192.363519,1219.706315,1287.381838,1.001082,beta.1,1728.0630710144928,0.050816720039209
default,wells_dist100_model,2,0.709,0.66025,0.325,0.33525,23228,11696,0,0.0,0,0.0,0.9271204856599999,1297.538948,1307.598297,1571.38768,1.002963,alpha,1830.097246826516,0.05586098450146375
default,eight_schools_noncentered,1,0.051,0.03025,0.012749999999999997,0.0175,29774,14906,2,0.0005,0,0.0,0.8639848716681281,1763.365686,3992.594986,1886.097967,1.003077,tau,34575.79776470589,0.05922501800228387
default,eight_schools_noncentered,0,0.042,0.029249999999999998,0.0105,0.01875,33437,16773,3,0.00075,0,0.0,0.8559296762898282,2446.212209,4629.864699,1763.713599,1.003812,tau,58243.14783333332,0.07315884227053862
default,eight_schools_noncentered,2,0.035,0.02725,0.010499999999999999,0.01675,38274,19200,0,0.0,0,0.0,0.9079668737277643,2653.745363,4324.014585,2135.316064,1.002585,tau,75821.29608571428,0.0693354591367508
default,dogs_hierarchical,1,0.82,0.7585,0.30574999999999997,0.45275000000000004,17932,9022,0,0.0,0,0.0,0.924030074575,1304.157152,3928.263847,1536.464832,1.009128,a,1590.4355512195123,0.0727279250501896
default,dogs_hierarchical,0,1.006,0.7214999999999999,0.27149999999999996,0.45,18056,8886,0,0.0,0,0.0,0.9243852590449999,1529.328653,3919.564991,1788.22185,1.003205,b,1520.2074085487077,0.08469919433983164
default,dogs_hierarchical,2,0.802,0.72125,0.28225,0.439,19356,9678,0,0.0,0,0.0,0.9369152764399999,1456.314421,3921.186619,1599.891932,1.002499,a,1815.8533927680799,0.0752383974478198
default,bym2_offset_only,1,33.968,31.22325,18.89275,12.3305,252000,126000,0,0.0,0,0.0,0.863677555515,397.749988,4702.285997,699.031432,1.013048,logit_rho,11.709549811587374,0.001578372968253968
default,bym2_offset_only,0,36.376,35.16325,20.7725,14.39075,252000,126000,0,0.0,0,0.0,0.8762951885324999,351.98917,4541.751007,596.146252,1.010875,rho,9.67641219485375,0.0013967824206349206
default,bym2_offset_only,2,33.972,31.5305,18.987500000000004,12.543,252000,126000,0,0.0,0,0.0,0.8714283046824999,267.42024,4539.661098,597.433707,1.019051,rho,7.871783821971034,0.0010611914285714285
default,pilots,1,1.268,0.9722500000000001,0.42025,0.5519999999999999,1177575,593666,430,0.1075,451,0.11275,0.8112416117004788,65.414122,1157.17754,76.366498,1.095654,a.4,51.58842429022082,5.554985627242427e-05
default,pilots,0,1.711,1.12475,0.424,0.70075,1360854,678244,455,0.11375,594,0.1485,0.8242165854353454,30.673331,990.170725,37.342612,1.110683,sigma_a,17.92713676212741,2.253976620563264e-05
default,pilots,2,0.97,0.93475,0.423,0.51175,1064182,543303,697,0.17425,243,0.06075,0.7596401297767932,40.371816,1471.441849,49.381808,1.089816,sigma_a,41.620428865979385,3.793694687562842e-05
default,garch11,1,0.4,0.347,0.174,0.173,45810,23090,0,0.0,0,0.0,0.9212168413128837,1918.056027,2141.075207,1869.787446,1.002258,beta1,4795.1400674999995,0.041869810674525214
default,garch11,0,0.36,0.33825,0.17625000000000002,0.162,42744,21272,0,0.0,0,0.0,0.903274460183975,1915.982762,2204.696335,2193.857328,1.00342,alpha0,5322.174338888889,0.04482460139434775
default,garch11,2,0.344,0.32075,0.15475,0.16599999999999998,48830,24308,0,0.0,0,0.0,0.9481285433200001,1546.669665,2003.911259,2096.09682,1.002799,alpha0,4496.132747093024,0.03167457843538808
default,logmesquite_logvash,1,0.264,0.221,0.09875,0.12225,188812,94776,0,0.0,0,0.0,0.9336376901425001,1413.305947,1820.306567,1651.615343,1.004526,beta.2,5353.431617424242,0.007485254893756753
default,logmesquite_logvash,0,0.239,0.20950000000000002,0.10475,0.10475000000000001,195420,96524,0,0.0,0,0.0,0.9380234981350001,1434.419916,1841.364514,1840.678327,1.004603,beta.2,6001.756970711298,0.007340189929382868
default,logmesquite_logvash,2,0.209,0.19874999999999998,0.092,0.10675,193586,96910,0,0.0,0,0.0,0.93432579489,1609.262578,2053.734772,1699.577808,1.002828,beta.2,7699.820947368422,0.008312907844575538
default,diamonds,1,66.767,64.28125,26.344,37.93725,3954784,1977904,0,0.0,3486,0.8715,0.944862981205,1139.110424,3348.948147,1858.685116,1.002546,b.3,17.060979585723487,0.000288033537103417
default,diamonds,0,64.758,61.32575,23.7545,37.57125,4016736,2008112,0,0.0,3709,0.92725,0.9495785287325,1306.170482,3129.565604,1727.966438,1.003034,b.22,20.17002504709843,0.00032518205876612253
default,diamonds,2,63.672,58.88575,23.41825,35.4675,3891552,1942832,0,0.0,3274,0.8185,0.9368108472425,1452.077835,3435.030052,2023.917375,1.002777,b.3,22.805594845457975,0.0003731359198078299
default,gp_regr,1,0.072,0.057749999999999996,0.026000000000000002,0.03175,17874,8904,0,0.0,0,0.0,0.90875089853,3483.18753,3693.257592,2518.862438,1.000883,alpha,48377.60458333334,0.19487454011413227
default,gp_regr,0,0.089,0.0625,0.03075,0.03175,17786,8902,0,0.0,0,0.0,0.90626164751875,3504.938025,3968.272959,3027.338603,1.000821,sigma,39381.32612359551,0.19706162290565613
default,gp_regr,2,0.095,0.062,0.02675,0.03525,17720,8876,0,0.0,0,0.0,0.90863863754,3848.857095,4104.808476,2796.864824,1.001239,alpha,40514.285210526315,0.217204125
default,lsat_model,1,8.394,8.1735,5.063000000000001,3.1105,60000,30000,0,0.0,0,0.0,0.8521008515549999,947.20223,5171.079276,1602.784408,1.006092,beta,112.84277221825113,0.015786703833333332
default,lsat_model,0,7.526,7.4615,4.551,2.9105,60000,30000,0,0.0,0,0.0,0.8539048310675,1075.589705,5221.999996,1933.123747,1.008799,beta,142.91651674196123,0.017926495083333334
default,lsat_model,2,9.001,7.5367500000000005,4.58925,2.9475000000000002,60000,30000,0,0.0,0,0.0,0.8311584388600001,1108.294061,5597.603765,1864.632415,1.006494,beta,123.13010343295191,0.018471567683333336
default,eight_schools_centered,1,0.069,0.051000000000000004,0.025500000000000002,0.0255,64958,33922,81,0.02025,0,0.0,0.7915657445322551,54.501414,736.834776,23.858413,1.058832,tau,789.8755652173912,0.000839025431817482
default,eight_schools_centered,0,0.091,0.0595,0.03425,0.02525,61427,31002,118,0.0295,0,0.0,0.757417692926684,125.53619,618.770128,114.014152,1.028282,tau,1379.5185714285715,0.0020436646751428524
default,eight_schools_centered,2,0.059,0.04175,0.022,0.019750000000000004,58689,29673,294,0.0735,0,0.0,0.7075302079727326,19.399368,423.631945,9.81787,1.137396,tau,328.80284745762714,0.0003305452129019066
default,arma11,1,0.12,0.10200000000000001,0.0525,0.0495,21866,10958,0,0.0,0,0.0,0.9163012230425001,3836.458401,3859.660003,2786.847605,1.001901,mu,31970.486675,0.17545314190981431
default,arma11,0,0.206,0.16425,0.11049999999999999,0.05375,21110,10514,0,0.0,0,0.0,0.90593731705,3835.74758,3935.402929,2664.914553,1.002699,phi,18620.13388349515,0.1817028697299858
default,arma11,2,0.13,0.1075,0.056499999999999995,0.051000000000000004,21376,10748,0,0.0,0,0.0,0.91019122209,3697.833567,4315.45599,3190.615752,1.003078,theta,28444.873592307693,0.17298996851609283
default,blr,1,0.073,0.064,0.033,0.031,56550,28188,0,0.0,0,0.0,0.9029173514950001,716.677175,1399.378575,860.365395,1.004862,sigma,9817.495547945207,0.012673336427939877
default,blr,0,0.066,0.05425000000000001,0.027499999999999997,0.026750000000000003,54954,26944,0,0.0,0,0.0,0.8906349945049999,681.967409,1459.128168,1191.981348,1.004921,sigma,10332.83953030303,0.012409786530552826
default,blr,2,0.067,0.05725,0.028749999999999998,0.028499999999999998,57358,28846,0,0.0,0,0.0,0.9035097858300001,872.693415,1449.265999,1038.806955,1.003264,sigma,13025.274850746267,0.015214850849053314
default,low_dim_gauss_mix,1,2.919,2.8572499999999996,1.56425,1.2930000000000001,25596,12738,0,0.0,0,0.0,0.9157041166925,4122.940541,4676.4109,2460.061238,1.002598,mu.1,1412.4496543336759,0.1610775332473824
default,low_dim_gauss_mix,0,3.573,3.3819999999999997,1.79375,1.58825,25706,12872,0,0.0,0,0.0,0.9122823439100001,3626.532965,4268.490347,2501.267642,1.001237,sigma.1,1014.9826378393507,0.1410772957675251
default,low_dim_gauss_mix,2,3.002,2.88175,1.5655,1.3162500000000001,24288,12076,0,0.0,0,0.0,0.9015735225850001,3926.537063,4594.113437,2906.355355,1.000449,mu.1,1307.9737051965358,0.16166572229084322
default,accel_gp,1,25.309,23.595499999999998,9.56825,14.02725,3730238,1890076,34,0.0085,2891,0.72275,0.9430057458961749,2206.46731,5543.987946,1678.990104,1.003402,lscale_1,87.18113358884192,0.0005915084533480169
default,accel_gp,0,26.332,23.0615,10.05375,13.00775,3199035,1596779,54,0.0135,1626,0.4065,0.92454127701735,1655.593442,3668.160579,1385.513994,1.003575,sdgp_1,62.873820522558105,0.0005175290179694815
default,accel_gp,2,24.392,20.94475,9.43725,11.5075,3055555,1523040,59,0.01475,1531,0.38275,0.918759330828725,1810.609014,3875.630355,1640.664561,1.003503,lscale_1,74.22962504099705,0.0005925630577751014
default,radon_variable_intercept_slope_noncentered,1,3.131,2.6719999999999997,1.78325,0.88875,70976,35440,0,0.0,0,0.0,0.8683690479146999,710.177477,4241.365221,986.19697,1.00661,sigma_beta,226.82129575215586,0.010005881946009917
default,radon_variable_intercept_slope_noncentered,0,3.083,2.6999999999999997,1.637,1.063,84944,42704,0,0.0,0,0.0,0.8597779705133428,767.545958,4419.8252,1404.167131,1.006978,sigma_beta,248.9607388906909,0.009035905514221135
default,radon_variable_intercept_slope_noncentered,2,3.142,2.754,1.6632500000000001,1.0907499999999999,90976,45584,0,0.0,0,0.0,0.8770365479712501,831.372316,4880.500785,1127.954136,1.005907,sigma_beta,264.59971865054104,0.009138369635947942
w7_full_2000,lotka_volterra,1,3.864,3.6465675,2.4529275000000004,1.19364,197005,63104,-4,-0.001,-4,-0.001,,201.937198,1725.725205,425.695469,1.011272,theta.1,52.26117960662526,0.001025035902642065
w7_full_2000,lotka_volterra,0,5.308,4.1503325,2.919385,1.2309475,226354,66192,-4,-0.001,-4,-0.001,,222.368795,1856.077477,417.023967,1.010166,theta.3,41.89314148455162,0.0009823939272113591
w7_full_2000,lotka_volterra,2,3.701,3.5925124999999998,2.3744674999999997,1.218045,198350,64014,-4,-0.001,-4,-0.001,,189.261132,1554.924141,300.311372,1.01858,theta.3,51.137836260470145,0.0009541776254096294
w7_full_2000,kidscore_momiq,1,0.223,0.19499622500000002,0.140308,0.054688225,136011,37316,-4,-0.001,-4,-0.001,,404.15137,640.886093,364.349496,1.006794,beta.1,1812.3379820627802,0.002971460911249825
w7_full_2000,kidscore_momiq,0,0.255,0.2010633,0.14883075,0.052232549999999996,131535,36335,-4,-0.001,-4,-0.001,,266.293045,478.47025,261.843269,1.016035,beta.1,1044.2864509803921,0.0020245033261109212
w7_full_2000,kidscore_momiq,2,0.21,0.191872475,0.13440025,0.057472225,137376,37394,-4,-0.001,-4,-0.001,,318.244509,543.603927,235.75156,1.022854,beta.1,1515.450042857143,0.0023165946671907757
w7_full_2000,radon_partially_pooled_noncentered,1,84.066,77.64410000000001,64.515225,13.128874999999999,800618,136256,-4,-0.001,-4,-0.001,,298.869587,4755.45444,474.862843,1.00949,mu_alpha,3.5551779197297364,0.0003732986105733321
w7_full_2000,radon_partially_pooled_noncentered,0,85.543,78.55597499999999,64.750225,13.80575,806459,141504,-4,-0.001,-4,-0.001,,280.376059,4627.176087,536.463619,1.009156,mu_alpha,3.277603766526776,0.0003476631285657423
w7_full_2000,radon_partially_pooled_noncentered,2,84.902,84.298375,70.069525,14.22885,866147,145280,-4,-0.001,-4,-0.001,,270.027295,4168.0046,676.679908,1.019064,mu_alpha,3.1804585875479963,0.0003117568899967326
w7_full_2000,kronecker_gp,1,75.069,66.5167,51.263225,15.253475,735416,168560,-4,-0.001,-4,-0.001,,75.912056,609.045409,184.778391,1.024978,Sigma1.4.1,1.0112304146851563,0.00010322328586813451
w7_full_2000,kronecker_gp,0,75.596,52.514975,39.84585,12.669125000000001,583766,140104,-4,-0.001,-4,-0.001,,42.084004,424.295561,26.748055,1.084741,R1.30,0.5566961744007619,7.209053627652176e-05
w7_full_2000,kronecker_gp,2,76.454,68.62809999999999,54.211875000000006,14.416224999999999,761025,159564,-4,-0.001,-4,-0.001,,100.753032,646.920225,192.972346,1.016419,Sigma1.5.1,1.317825515996547,0.00013239122499260865
w7_full_2000,hier_2pl,1,363.339,330.647,242.51625,88.13075,1185092,319912,-4,-0.001,-4,-0.001,,1385.219629,5508.903321,1109.756732,1.0081,xi1.21,3.8124716284241438,0.0011688709644483296
w7_full_2000,hier_2pl,0,418.731,357.88997500000005,253.91775,103.972225,1287636,378200,-4,-0.001,-4,-0.001,,731.590387,4097.631377,771.998361,1.008253,xi2.17,1.7471607953554906,0.0005681655273695361
w7_full_2000,hier_2pl,2,419.461,357.105,252.438,104.667,1288006,378744,-4,-0.001,-4,-0.001,,613.348178,4328.930643,864.884739,1.007249,xi2.21,1.4622293324051578,0.0004761997832308234
w7_full_2000,wells_dist100_model,1,2.038,1.36030225,0.9499777500000001,0.4103245,105960,33066,-4,-0.001,-4,-0.001,,969.768885,1054.466347,1315.882727,1.00331,beta.1,475.84341756624144,0.009152216732729332
w7_full_2000,wells_dist100_model,0,1.155,1.1284990000000001,0.77246725,0.35603175000000004,86981,27644,-4,-0.001,-4,-0.001,,1010.876669,1057.704305,1095.598902,1.002964,beta.1,875.2178952380953,0.011621810153941665
w7_full_2000,wells_dist100_model,2,1.466,1.26721,0.88129725,0.38591275,95401,29383,-4,-0.001,-4,-0.001,,969.540017,1035.182805,1182.55269,1.001206,beta.1,661.3506255115963,0.010162786731795265
w7_full_2000,eight_schools_noncentered,1,0.041,0.028026014999999998,0.020004275,0.008021740000000001,118014,33598,-4,-0.001,-4,-0.001,,1857.599652,3050.434472,1697.767939,1.00314,tau,45307.308585365856,0.015740502414967716
w7_full_2000,eight_schools_noncentered,0,0.035,0.0258233925,0.017898325,0.0079250675,110892,34486,-4,-0.001,-4,-0.001,,1543.427535,3059.322301,1085.868804,1.004121,tau,44097.92957142857,0.013918294692132887
w7_full_2000,eight_schools_noncentered,2,0.057,0.03522486,0.025929375,0.009295485,149018,36806,-4,-0.001,-4,-0.001,,1649.431889,3021.778162,1254.618617,1.002815,tau,28937.401561403505,0.01106867552242011
w7_full_2000,dogs_hierarchical,1,1.249,1.0567395000000002,0.693049,0.36369049999999997,75454,24748,-4,-0.001,-4,-0.001,,1471.656821,3914.574203,1880.958056,1.003547,a,1178.2680712570054,0.019504026572481247
w7_full_2000,dogs_hierarchical,0,1.295,1.0519997499999998,0.6937460000000001,0.35825375000000004,75844,24674,-4,-0.001,-4,-0.001,,1760.361958,3919.952712,1940.067688,1.002666,a,1359.3528633204633,0.023210299535889458
w7_full_2000,dogs_hierarchical,2,2.969,1.5047955000000002,1.025616,0.4791795,108663,33306,-4,-0.001,-4,-0.001,,1699.302084,3913.000091,1750.375479,1.002838,a,572.348293701583,0.015638276911184117
w7_full_2000,bym2_offset_only,1,43.062,39.57508,31.60595,7.96913,989863,204065,-4,-0.001,-4,-0.001,,159.216681,3848.459166,451.27771,1.027122,rho,3.6973824021178765,0.00016084718895443105
w7_full_2000,bym2_offset_only,0,61.671,47.9178075,35.287,12.6308075,1209089,326702,-4,-0.001,-4,-0.001,,66.238424,2393.276784,192.582745,1.041154,rho,1.0740611308394545,5.478374544801912e-05
w7_full_2000,bym2_offset_only,2,56.087,43.29163,33.393100000000004,9.898530000000001,1077621,249093,-4,-0.001,-4,-0.001,,189.111196,3991.854882,546.201354,1.016103,rho,3.371747392443882,0.00017548952368225934
w7_full_2000,pilots,1,0.139,0.10440722499999999,0.072372775,0.03203445,239318,83367,-4,-0.001,-4,-0.001,,5.050242,406.131382,15.712004,2.314218,a.1,36.332676258992805,2.1102641673421973e-05
w7_full_2000,pilots,0,0.457,0.201491725,0.12945895000000002,0.07203277500000001,532978,185769,-4,-0.001,-4,-0.001,,4.841682,299.429646,21.853221,2.568209,a.2,10.594490153172865,9.084206102315668e-06
w7_full_2000,pilots,2,0.142,0.103820225,0.0659876,0.037832624999999995,252783,93071,-4,-0.001,-4,-0.001,,4.586431,358.398023,10.818693,2.952725,mu_a,32.298809859154936,1.814374779949601e-05
w7_full_2000,garch11,1,0.452,0.43495,0.30774625,0.12720375,127911,36527,-4,-0.001,-4,-0.001,,973.511558,1518.725315,1427.348669,1.005354,alpha0,2153.786632743363,0.007610850966687776
w7_full_2000,garch11,0,0.593,0.4951915,0.34906424999999996,0.14612725,135631,38406,-4,-0.001,-4,-0.001,,910.331587,1428.991142,1355.386619,1.003161,alpha0,1535.1291517706577,0.006711825371780788
w7_full_2000,garch11,2,0.479,0.45343575,0.31465125,0.1387845,128439,36709,-4,-0.001,-4,-0.001,,942.269078,1496.222308,1603.076584,1.004884,alpha0,1967.1588267223383,0.007336315900933517
w7_full_2000,logmesquite_logvash,1,0.227,0.14323275,0.09883515000000001,0.0443976,275500,81157,-4,-0.001,-4,-0.001,,329.104508,634.900336,452.334272,1.012931,beta.2,1449.7995947136565,0.001194571716878403
w7_full_2000,logmesquite_logvash,0,0.177,0.1298632,0.091577225,0.038285975,248623,75921,-4,-0.001,-4,-0.001,,155.431382,457.751084,175.610791,1.031609,beta.2,878.1434011299436,0.0006251689586241016
w7_full_2000,logmesquite_logvash,2,0.211,0.148097425,0.10291510000000001,0.045182325,281300,85614,-4,-0.001,-4,-0.001,,235.659996,589.300097,380.347131,1.009506,beta.2,1116.872018957346,0.0008377532740846072
w7_full_2000,diamonds,1,10.137,9.652807499999998,6.6925574999999995,2.9602500000000003,1007464,310438,-4,-0.001,-4,-0.001,,13.05291,640.954469,57.848632,1.267093,b.22,1.2876501923646049,1.2956204886725481e-05
w7_full_2000,diamonds,0,9.838,9.633424999999999,6.9026625,2.7307625,1022654,293023,-4,-0.001,-4,-0.001,,9.119313,473.251412,24.411078,1.409104,b.22,0.9269478552551332,8.917300475038478e-06
w7_full_2000,diamonds,2,9.931,9.5705575,6.8926300000000005,2.6779275,1018543,290086,-4,-0.001,-4,-0.001,,12.018862,437.489151,36.595002,1.268337,b.23,1.2102368341556744,1.1800053605984235e-05
w7_full_2000,gp_regr,1,0.292,0.166759975,0.12581945,0.040940525,122099,32100,-4,-0.001,-4,-0.001,,2937.332139,3256.944471,2504.873238,1.001672,alpha,10059.35664041096,0.024056971301976267
w7_full_2000,gp_regr,0,0.105,0.096941875,0.067439925,0.029501950000000002,76891,23798,-4,-0.001,-4,-0.001,,3243.537571,3447.755334,2533.888392,1.001966,sigma,30890.83400952381,0.042183578975432755
w7_full_2000,gp_regr,2,0.158,0.10870612499999999,0.07687125,0.031834875000000006,88791,26647,-4,-0.001,-4,-0.001,,2926.874204,3250.58592,2194.450577,1.000533,alpha,18524.520278481014,0.03296363599914406
w7_full_2000,lsat_model,1,26.254,25.811004999999998,20.738325,5.07268,642811,124000,-4,-0.001,-4,-0.001,,1104.25738,10092.740136,1746.817891,1.009303,beta,42.06053858459663,0.001717857006180666
w7_full_2000,lsat_model,0,26.274,25.9172375,20.880925,5.0363125,643132,124000,-4,-0.001,-4,-0.001,,1176.370391,10546.919512,1693.595187,1.00823,beta,44.77317465935906,0.0018291274435108188
w7_full_2000,lsat_model,2,25.961,25.64064,20.585475000000002,5.055165,643099,124000,-4,-0.001,-4,-0.001,,1152.493228,10380.650964,1789.407595,1.006622,beta,44.39325249412581,0.0017920930183377677
w7_full_2000,eight_schools_centered,1,0.051,0.0418153,0.0273049,0.014510400000000001,225913,75984,-4,-0.001,-4,-0.001,,104.644597,279.614269,159.29542,1.050973,tau,2051.854843137255,0.0004632075046588731
w7_full_2000,eight_schools_centered,0,0.059,0.047219875,0.032581825,0.01463805,248606,79773,-4,-0.001,-4,-0.001,,81.251973,267.745904,106.904791,1.058346,tau,1377.152084745763,0.00032683029774019937
w7_full_2000,eight_schools_centered,2,0.071,0.045281925,0.031042225,0.014239700000000001,250847,80728,-4,-0.001,-4,-0.001,,130.358888,379.925148,63.391514,1.042393,tau,1836.0406760563383,0.0005196748934609543
w7_full_2000,arma11,1,0.251,0.1902509,0.129282,0.060968900000000006,92053,29937,-4,-0.001,-4,-0.001,,2498.617214,3016.095165,2378.747307,1.004674,theta,9954.650254980079,0.027143245890954123
w7_full_2000,arma11,0,0.209,0.18640485,0.127944,0.05846085,91650,30117,-4,-0.001,-4,-0.001,,2489.199919,3071.366672,2207.942094,1.002484,theta,11910.047459330144,0.027159846361156575
w7_full_2000,arma11,2,0.178,0.17171227500000003,0.11610474999999999,0.055607525,94260,30504,-4,-0.001,-4,-0.001,,2501.648533,3133.498553,2491.392286,1.00247,theta,14054.205241573034,0.02653987410354339
w7_full_2000,blr,1,0.317,0.21419537500000002,0.1590305,0.055164875,559939,150024,-4,-0.001,-4,-0.001,,804.966188,2465.062247,881.38035,1.004735,sigma,2539.3255141955833,0.001437596216730751
w7_full_2000,blr,0,0.327,0.187947325,0.1375148,0.050432525,509988,144514,-4,-0.001,-4,-0.001,,943.886396,2571.167867,1004.134719,1.006483,sigma,2886.502740061162,0.001850801187478921
w7_full_2000,blr,2,0.239,0.20522674999999999,0.1573485,0.04787825,500417,136194,-4,-0.001,-4,-0.001,,833.491044,2475.567327,1023.363334,1.002275,sigma,3487.4102259414226,0.0016655929834518011
w7_full_2000,low_dim_gauss_mix,1,23.301,11.09617,7.5923975,3.5037725,234790,73774,-4,-0.001,-4,-0.001,,1771.679828,2567.303366,1979.00436,1.002333,theta,76.03449757521138,0.007545806158695005
w7_full_2000,low_dim_gauss_mix,0,7.082,6.940035,4.650665,2.28937,147814,49677,-4,-0.001,-4,-0.001,,2037.957294,2970.895737,1954.896327,1.00277,theta,287.76578565377014,0.013787309009971991
w7_full_2000,low_dim_gauss_mix,2,7.342,7.14859,4.8374475,2.3111425,149833,49296,-4,-0.001,-4,-0.001,,2142.162407,3011.011553,2173.078103,1.003607,theta,291.7682384908744,0.014297000040044581
w7_full_2000,radon_variable_intercept_slope_noncentered,1,7.459,5.922549,4.857222500000001,1.0653265,512832,94000,-4,-0.001,-4,-0.001,,483.026764,5301.806652,583.587724,1.007655,sigma_beta,64.75757661884971,0.0009418810916635468
w7_full_2000,radon_variable_intercept_slope_noncentered,0,7.672,6.0588005,4.9679175,1.090883,518972,94157,-4,-0.001,-4,-0.001,,620.12839,5625.81384,685.221669,1.006941,sigma_beta,80.83008211678832,0.0011949168548592217
w7_full_2000,radon_variable_intercept_slope_noncentered,2,7.583,7.3279475000000005,5.880205,1.4477425000000002,625578,124034,-4,-0.001,-4,-0.001,,731.364511,7525.054611,926.136029,1.008342,sigma_beta,96.4479112488461,0.0011691020320407687
w6_pf_chop50,lotka_volterra,1,2.361,2.2776775000000002,1.1133675,1.16431,126202,63793,-4,-0.001,-4,-0.001,,92.030765,1408.584237,137.944112,1.050384,theta.1,38.97957009741635,0.0007292338077051077
w6_pf_chop50,lotka_volterra,0,2.993,2.490545,1.22603,1.264515,141578,72274,-4,-0.001,-4,-0.001,,87.016523,1515.741016,173.288956,1.050368,theta.3,29.073345472769798,0.0006146189591603215
w6_pf_chop50,lotka_volterra,2,1.977,1.9688507499999999,1.0591475000000001,0.90970325,129783,67840,-4,-0.001,-4,-0.001,,76.017945,1194.872477,79.547823,1.035142,theta.1,38.45116084977238,0.0005857311435241904
w6_pf_chop50,kidscore_momiq,1,0.178,0.152098925,0.077909275,0.07418965,111000,53103,-4,-0.001,-4,-0.001,,415.036894,810.438769,230.462938,1.008362,beta.1,2331.667943820225,0.0037390711171171173
w6_pf_chop50,kidscore_momiq,0,0.188,0.17126417500000002,0.09974142500000001,0.07152275,101812,49453,-4,-0.001,-4,-0.001,,533.112847,948.773275,537.6776,1.007366,beta.1,2835.7066329787235,0.0052362476623580715
w6_pf_chop50,kidscore_momiq,2,0.165,0.15045295,0.079186875,0.071266075,107465,51088,-4,-0.001,-4,-0.001,,494.024918,913.959688,627.244728,1.018699,beta.1,2994.090412121212,0.004597077355418043
w6_pf_chop50,radon_partially_pooled_noncentered,1,76.518,76.01792499999999,40.959675000000004,35.05825,823742,376000,-4,-0.001,-4,-0.001,,623.49987,7602.197716,1280.278194,1.008741,mu_alpha,8.14840782560966,0.0007569115936786032
w6_pf_chop50,radon_partially_pooled_noncentered,0,78.132,72.24135,40.336275,31.905075,768783,344392,-4,-0.001,-4,-0.001,,680.490211,8013.863842,1404.415812,1.009724,mu_alpha,8.709494330108022,0.0008851525215828135
w6_pf_chop50,radon_partially_pooled_noncentered,2,76.938,70.928,38.95835,31.96965,766585,344616,-4,-0.001,-4,-0.001,,603.301446,7714.920869,1277.752835,1.007593,mu_alpha,7.841397566872027,0.0007869987620420436
w6_pf_chop50,kronecker_gp,1,65.039,52.06955000000001,30.1723,21.89725,593780,250755,-4,-0.001,-4,-0.001,,52.692149,548.606877,106.692298,1.064201,R1.30,0.8101623487445994,8.874018828522348e-05
w6_pf_chop50,kronecker_gp,0,61.581,51.1771,29.99915,21.177950000000003,590417,243389,-4,-0.001,-4,-0.001,,76.659536,687.66555,144.651206,1.055599,Sigma1.6.1,1.2448569526314934,0.000129839648926098
w6_pf_chop50,kronecker_gp,2,77.241,67.24865,35.825175,31.423474999999996,813197,381924,-4,-0.001,-4,-0.001,,117.190202,909.647145,197.645349,1.020444,Sigma1.5.1,1.517202030009969,0.0001441104701566779
w6_pf_chop50,hier_2pl,1,271.942,233.157175,122.293475,110.8637,852791,406872,-4,-0.001,-4,-0.001,,720.964008,3820.341503,791.028338,1.008786,xi2.32,2.6511682932389995,0.0008454169990067907
w6_pf_chop50,hier_2pl,0,276.415,245.4293,126.8743,118.555,896316,437936,-4,-0.001,-4,-0.001,,34.559438,464.743619,71.839171,1.082017,xi2.2,0.125027361033229,3.855720303999929e-05
w6_pf_chop50,hier_2pl,2,267.224,252.56945000000002,131.50875,121.0607,955039,469000,-4,-0.001,-4,-0.001,,190.031185,1091.827786,227.280438,1.028356,xi2.32,0.7111306806274885,0.00019897740825243785
w6_pf_chop50,wells_dist100_model,1,1.023,0.82575475,0.43231875,0.393436,63489,30263,-4,-0.001,-4,-0.001,,947.447034,1027.364491,1237.201235,1.005934,beta.1,926.1456832844576,0.014923010820772104
w6_pf_chop50,wells_dist100_model,0,0.774,0.7422679999999999,0.3805655,0.3617025,57896,28333,-4,-0.001,-4,-0.001,,1108.757124,1195.150031,1277.067525,1.003631,beta.1,1432.5027441860464,0.019150841578001933
w6_pf_chop50,wells_dist100_model,2,0.982,0.8183670000000001,0.42083574999999995,0.39753125,64424,30612,-4,-0.001,-4,-0.001,,1127.043765,1156.69626,1185.398674,1.003724,beta.1,1147.7024083503054,0.01749416001800571
w6_pf_chop50,eight_schools_noncentered,1,0.038,0.022504740000000002,0.0118638475,0.010640892499999999,85958,37782,-4,-0.001,-4,-0.001,,1686.352454,3184.329412,1288.322942,1.00481,tau,44377.69615789474,0.019618330510249193
w6_pf_chop50,eight_schools_noncentered,0,0.032,0.02066239,0.0108267575,0.009835632499999998,74194,33668,-4,-0.001,-4,-0.001,,1667.697317,3279.79905,1678.958473,1.003022,tau,52115.54115625,0.02247752267029679
w6_pf_chop50,eight_schools_noncentered,2,0.035,0.021632295,0.011987615,0.00964468,90097,38524,-4,-0.001,-4,-0.001,,1395.655086,3179.301495,1109.772333,1.002319,tau,39875.859599999996,0.01549058332685883
w6_pf_chop50,dogs_hierarchical,1,0.891,0.685076,0.34359724999999997,0.34147875000000005,48737,23678,-4,-0.001,-4,-0.001,,1752.991027,3922.744026,1983.93991,1.002671,a,1967.4422300785634,0.03596838186593348
w6_pf_chop50,dogs_hierarchical,0,1.056,0.7157015,0.35296325000000006,0.36273825000000004,52195,25043,-4,-0.001,-4,-0.001,,1617.104081,3920.382079,1727.392597,1.002406,a,1531.34856155303,0.030981973005077115
w6_pf_chop50,dogs_hierarchical,2,1.313,0.7894537500000001,0.410708,0.37874575,58352,27453,-4,-0.001,-4,-0.001,,1199.331326,3913.009111,1282.327886,1.003196,b,913.4282757044936,0.020553388504250068
w6_pf_chop50,bym2_offset_only,1,41.295,35.920125,18.886074999999998,17.03405,908174,437094,-4,-0.001,-4,-0.001,,35.697889,1875.315036,89.870737,1.082685,phi.1861,0.8644603220728903,3.930732326624634e-05
w6_pf_chop50,bym2_offset_only,0,40.093,33.747575,18.156275,15.5913,887580,407120,-4,-0.001,-4,-0.001,,35.375893,1937.952021,62.648219,1.079585,phi.878,0.8823458708502729,3.9856568422001396e-05
w6_pf_chop50,bym2_offset_only,2,34.246,31.5135,17.458825,14.054675,850155,375859,-4,-0.001,-4,-0.001,,184.99875,3982.069429,257.130695,1.024325,rho,5.402054254511476,0.00021760590715810647
w6_pf_chop50,pilots,1,0.127,0.07356315,0.0312973,0.04226585,197043,117069,-4,-0.001,-4,-0.001,,6.684825,185.898288,11.30788,1.620889,b.3,52.636417322834646,3.392571672173079e-05
w6_pf_chop50,pilots,0,0.299,0.12831774999999998,0.06658095,0.061736799999999994,360960,172406,-4,-0.001,-4,-0.001,,5.331526,226.919164,11.829447,2.071548,mu_a,17.831190635451506,1.4770406693262411e-05
w6_pf_chop50,pilots,2,0.124,0.07682839999999999,0.029823974999999996,0.047004425,214706,135071,-4,-0.001,-4,-0.001,,4.876298,242.354627,10.842388,2.440536,a.2,39.32498387096774,2.2711512486842473e-05
w6_pf_chop50,garch11,1,0.332,0.30821175,0.1499605,0.15825125,100178,50319,-4,-0.001,-4,-0.001,,770.688592,1269.738805,1045.241171,1.003669,alpha0,2321.3511807228915,0.007693192038172054
w6_pf_chop50,garch11,0,0.363,0.30429425,0.16186925,0.142425,101566,47269,-4,-0.001,-4,-0.001,,889.174535,1435.27055,1253.612523,1.003597,alpha0,2449.5166253443526,0.008754647569068389
w6_pf_chop50,garch11,2,0.328,0.305925,0.1470855,0.1588395,101500,51680,-4,-0.001,-4,-0.001,,962.098565,1462.691874,1191.294957,1.003756,alpha0,2933.227332317073,0.009478803596059113
w6_pf_chop50,logmesquite_logvash,1,0.118,0.08668955,0.0419038,0.04478575,170241,85139,-4,-0.001,-4,-0.001,,149.623406,450.624771,269.761495,1.008952,beta.2,1267.994966101695,0.0008788917240852672
w6_pf_chop50,logmesquite_logvash,0,0.127,0.08940775000000001,0.04666995,0.04273779999999999,169111,80637,-4,-0.001,-4,-0.001,,159.024643,431.507163,292.413266,1.025859,beta.2,1252.1625433070865,0.0009403565882763391
w6_pf_chop50,logmesquite_logvash,2,0.141,0.097539525,0.049929325,0.0476102,193704,94150,-4,-0.001,-4,-0.001,,174.144797,537.00006,403.728164,1.011934,beta.2,1235.0694822695039,0.0008990253014909347
w6_pf_chop50,diamonds,1,6.772,6.1493199999999995,3.3321199999999997,2.8171999999999997,657146,301589,-4,-0.001,-4,-0.001,,7.469603,483.752695,27.599263,1.563448,b.23,1.1030128470171294,1.1366732811277859e-05
w6_pf_chop50,diamonds,0,6.654,6.41501,3.6856625,2.7293475,730936,340849,-4,-0.001,-4,-0.001,,9.918294,679.554633,18.98659,1.356922,b.23,1.490576194770063,1.3569305657403657e-05
w6_pf_chop50,diamonds,2,6.982,6.814237500000001,3.657435,3.1568025,730749,342925,-4,-0.001,-4,-0.001,,7.511508,591.149276,23.244499,1.502114,b.23,1.0758390146089944,1.02791902554776e-05
w6_pf_chop50,gp_regr,1,0.398,0.16305429999999999,0.086158575,0.076895725,130325,59252,-4,-0.001,-4,-0.001,,1921.967189,2677.173586,1848.701819,1.001011,sigma,4829.063288944723,0.014747494256666027
w6_pf_chop50,gp_regr,0,0.075,0.067661375,0.034094849999999996,0.033566525,53879,26692,-4,-0.001,-4,-0.001,,2711.780787,3159.38286,2511.705244,1.001116,sigma,36157.07716,0.05033094131294197
w6_pf_chop50,gp_regr,2,0.099,0.0713718,0.03763255,0.033739250000000005,60227,28489,-4,-0.001,-4,-0.001,,2183.600356,2669.63654,1963.304797,1.002242,sigma,22056.56925252525,0.036256170089826824
w6_pf_chop50,lsat_model,1,23.983,23.595512499999998,13.750825,9.8446875,621819,252000,-4,-0.001,-4,-0.001,,1467.13934,10161.118459,1784.574586,1.008736,beta,61.17413751407246,0.002359431506595971
w6_pf_chop50,lsat_model,0,24.901,24.582900000000002,14.496324999999999,10.086575,621596,252000,-4,-0.001,-4,-0.001,,1190.550752,10103.577863,1804.475375,1.00962,beta,47.811363077788045,0.0019153127626303902
w6_pf_chop50,lsat_model,2,24.156,23.799455000000002,14.379825,9.41963,621723,252000,-4,-0.001,-4,-0.001,,1476.77131,11113.858088,1725.966301,1.008057,beta,61.13476196390131,0.0023752882071276116
w6_pf_chop50,eight_schools_centered,1,0.039,0.029017075000000003,0.014029775000000001,0.014987299999999999,145208,77453,-4,-0.001,-4,-0.001,,68.646099,293.991288,70.756331,1.080568,tau,1760.1563846153847,0.0004727432304005289
w6_pf_chop50,eight_schools_centered,0,0.051,0.0379502,0.0227489,0.015201300000000001,200316,77955,-4,-0.001,-4,-0.001,,58.495826,324.320466,65.947228,1.059759,tau,1146.976980392157,0.00029201774196769106
w6_pf_chop50,eight_schools_centered,2,0.061,0.038061075,0.017442475,0.0206186,175303,94740,-4,-0.001,-4,-0.001,,84.962704,288.603418,57.457251,1.041929,tau,1392.831213114754,0.00048466200806603424
w6_pf_chop50,arma11,1,0.127,0.108645875,0.056074624999999996,0.05257125,59211,28607,-4,-0.001,-4,-0.001,,923.165088,2005.999849,1496.577894,1.003671,theta,7269.016440944882,0.015591107868470386
w6_pf_chop50,arma11,0,0.12,0.105820575,0.054067325,0.05175325,58364,28553,-4,-0.001,-4,-0.001,,1140.046338,2075.218774,1622.94024,1.003418,theta,9500.386150000002,0.019533382530326916
w6_pf_chop50,arma11,2,0.119,0.1108741,0.05542635,0.05544775,60241,29054,-4,-0.001,-4,-0.001,,864.245674,2045.731571,1093.006945,1.003322,theta,7262.568689075631,0.014346469580518252
w6_pf_chop50,blr,1,0.262,0.15632232499999998,0.088375575,0.06794675,437446,194460,-4,-0.001,-4,-0.001,,425.889346,2519.125766,436.561048,1.014383,sigma,1625.5318549618319,0.0009735815300631392
w6_pf_chop50,blr,0,0.265,0.143930375,0.08319362500000001,0.06073675,357537,159046,-4,-0.001,-4,-0.001,,732.656008,2473.838264,639.753178,1.007561,sigma,2764.739652830189,0.002049175352481002
w6_pf_chop50,blr,2,0.146,0.13654395,0.0702027,0.06634124999999999,377345,178864,-4,-0.001,-4,-0.001,,722.952155,2808.931195,841.647535,1.003578,sigma,4951.7270890410955,0.0019158917038784135
w6_pf_chop50,low_dim_gauss_mix,1,14.607,6.967645,3.5435625,3.4240825,155543,75018,-4,-0.001,-4,-0.001,,1144.369877,1852.175147,1298.384901,1.002971,sigma.1,78.34393626343535,0.0073572573307702695
w6_pf_chop50,low_dim_gauss_mix,0,4.585,4.482632499999999,2.1587324999999997,2.3239,97950,51283,-4,-0.001,-4,-0.001,,1248.699155,2029.948982,1603.403403,1.002648,sigma.1,272.3444176663032,0.012748332363450741
w6_pf_chop50,low_dim_gauss_mix,2,4.657,4.315405,2.1579249999999996,2.1574799999999996,96043,47818,-4,-0.001,-4,-0.001,,789.84744,1728.612274,1334.579816,1.003048,sigma.2,169.6043461455873,0.008223893880865862
w6_pf_chop50,radon_variable_intercept_slope_noncentered,1,9.503,7.45026,4.411637499999999,3.0386225,607676,249632,-4,-0.001,-4,-0.001,,774.620345,6952.864608,787.35974,1.005775,sigma_beta,81.51324266021257,0.0012747259147967008
w6_pf_chop50,radon_variable_intercept_slope_noncentered,0,7.08,6.1489899999999995,3.72059,2.4284,544097,217298,-4,-0.001,-4,-0.001,,588.533561,6722.39288,657.997521,1.0054,sigma_beta,83.12620918079095,0.001081670292245684
w6_pf_chop50,radon_variable_intercept_slope_noncentered,2,6.855,5.245049999999999,3.1816125,2.0634375,472372,186426,-4,-0.001,-4,-0.001,,545.638819,6331.598136,422.402161,1.00491,sigma_beta,79.59720189642596,0.0011551040684037157
w9_full,radon_partially_pooled_noncentered,1,84.188,83.6333,47.701025,35.932275000000004,865194,376000,-4,-0.001,-4,-0.001,,367.467177,6382.07411,699.083871,1.02335,mu_alpha,4.3648403216610445,0.00042472229002975053
w9_full,radon_partially_pooled_noncentered,0,85.178,78.3592,45.091325,33.267875,808806,345000,-4,-0.001,-4,-0.001,,319.263901,7058.272835,732.184604,1.009221,mu_alpha,3.748196729202376,0.00039473483258037155
w9_full,radon_partially_pooled_noncentered,2,83.7,83.25732500000001,47.281075,35.97625,864605,376000,-4,-0.001,-4,-0.001,,389.087937,6641.764837,817.011535,1.015632,mu_alpha,4.648601397849462,0.00045001814354531837
w9_full,kronecker_gp,1,87.975,66.541125,38.5092,28.031925,733390,311439,-4,-0.001,-4,-0.001,,96.055166,703.845933,190.07904,1.021728,Sigma1.7.1,1.091846160841148,0.0001309741965393583
w9_full,kronecker_gp,2,85.633,63.278175000000005,36.06415,27.214025,697354,301651,-4,-0.001,-4,-0.001,,84.909112,659.520649,186.067404,1.015627,Sigma1.7.1,0.9915466233811732,0.0001217589803743866
w9_full,hier_2pl,1,178.419,167.1387,89.6578,77.48089999999999,932716,438000,-4,-0.001,-4,-0.001,,97.78835,824.465956,186.900774,1.038581,xi1.31,0.5480826033101855,0.00010484257801946143
w9_full,hier_2pl,0,180.46,167.43,90.06655,77.36345,933551,438000,-4,-0.001,-4,-0.001,,565.612235,2793.279534,429.510558,1.010562,xi2.15,3.134280366840297,0.0006058718109669424
w9_full,hier_2pl,2,179.795,178.585075,90.307875,88.2772,999057,500000,-4,-0.001,-4,-0.001,,204.665922,1071.86473,96.422758,1.024106,xi2.23,1.138329330626547,0.00020485910413519949
w9_full,bym2_offset_only,1,48.144,45.54365,23.434775,22.108875,999054,500000,-4,-0.001,-4,-0.001,,56.362299,3059.473193,81.06449,1.068879,rho,1.1707024551345964,5.641566822213814e-05
w9_full,bym2_offset_only,0,48.437,40.388245,22.54585,17.842395000000003,876726,399378,-4,-0.001,-4,-0.001,,199.72355,4116.43203,632.130206,1.018828,rho,4.123367467019015,0.00022780612186703713
w9_full,bym2_offset_only,2,48.339,40.1379175,22.544975,17.5929425,872117,392958,-4,-0.001,-4,-0.001,,22.531691,1748.29077,31.600482,1.131817,rho,0.4661182688926126,2.583562870578145e-05
w9_full,garch11,1,0.274,0.24966950000000002,0.125278,0.12439150000000002,73131,35724,-4,-0.001,-4,-0.001,,931.511743,1280.711497,1152.512628,1.002227,beta1,3399.677894160584,0.012737576991973308
w9_full,garch11,0,0.285,0.26278825,0.13791799999999999,0.12487025,77976,36926,-4,-0.001,-4,-0.001,,825.56573,1502.119417,1306.703043,1.002717,alpha0,2896.721859649123,0.010587433697547964
w9_full,garch11,2,0.269,0.25016900000000003,0.1201725,0.12999650000000001,74831,37178,-4,-0.001,-4,-0.001,,921.344529,1355.182407,1055.651951,1.005131,alpha0,3425.0725985130107,0.012312337520546297
w9_full,lsat_model,1,27.042,25.993947499999997,16.2063,9.787647499999999,622501,235000,-4,-0.001,-4,-0.001,,1297.974677,9056.186538,1671.108582,1.007528,beta,47.99847189556985,0.00208509653317826
w9_full,lsat_model,0,27.087,25.992555,16.2948,9.697755,624061,235000,-4,-0.001,-4,-0.001,,1296.904849,9267.75253,2096.906439,1.010635,beta,47.87923538967032,0.0020781700010095165
w9_full,lsat_model,2,27.823,26.85235,16.29455,10.5578,640373,252000,-4,-0.001,-4,-0.001,,1319.580977,10397.317418,1905.934267,1.007322,beta,47.42770287172483,0.0020606443073021507
oexp,lotka_volterra,1,5.628,5.21225,2.553,2.65925,144116,72060,0,0.0,0,0.0,0.9373874000775,1159.872466,3100.742041,1396.323344,1.002627,theta.1,206.08963503909027,0.008048186641316717
oexp,lotka_volterra,0,5.102,4.8035,2.46725,2.3362499999999997,133712,66844,0,0.0,0,0.0,0.92788513444,1045.235379,3089.667348,1333.921164,1.003389,theta.3,204.8677732261858,0.007817064878245782
oexp,lotka_volterra,2,5.174,4.6805,2.3312500000000003,2.34925,137400,68496,0,0.0,0,0.0,0.9287290002099999,853.503177,2887.456057,1105.857052,1.003868,theta.3,164.96002647854658,0.006211813515283843
oexp,kidscore_momiq,1,0.297,0.2675,0.1535,0.11399999999999999,103274,52334,0,0.0,0,0.0,0.9363830546974999,1314.065829,1420.154999,1342.195624,1.002969,beta.2,4424.46407070707,0.012724072167244417
oexp,kidscore_momiq,0,0.343,0.27949999999999997,0.16625,0.11325000000000002,101540,50598,0,0.0,0,0.0,0.9372634095775,1256.05895,1403.501548,1194.747439,1.005029,beta.2,3661.97944606414,0.012370090112271028
oexp,kidscore_momiq,2,0.32,0.28375,0.16975,0.11399999999999999,96878,48098,0,0.0,0,0.0,0.9326972174225,1133.510764,1247.621259,1144.349429,1.002645,beta.2,3542.2211375,0.01170039393876835
oexp,radon_partially_pooled_noncentered,1,27.689,25.51475,19.774500000000003,5.7402500000000005,60176,30080,0,0.0,0,0.0,0.86969039695,300.934808,5386.909966,511.447613,1.007677,mu_alpha,10.868388457510202,0.005000910795001329
oexp,radon_partially_pooled_noncentered,0,28.222,26.354749999999996,20.25425,6.100499999999999,61424,30720,0,0.0,0,0.0,0.8866744925724999,274.16534,4328.445491,608.009194,1.007134,mu_alpha,9.714596414144994,0.004463488864287575
oexp,radon_partially_pooled_noncentered,2,32.013,29.70025,22.8495,6.850750000000001,62752,31552,0,0.0,0,0.0,0.9007353519750001,300.483275,4335.189577,854.570655,1.013042,mu_alpha,9.386289163777215,0.004788425468510963
oexp,kronecker_gp,1,754.041,720.17475,346.89025,373.28450000000004,4087118,2044732,11,0.00275,3989,0.99725,0.84862166587425,439.783719,1009.60148,614.35797,1.018523,L.21.20,0.5832358174157638,0.00010760240320930299
oexp,kronecker_gp,0,734.856,703.08125,352.539,350.54225,4086319,2042011,12,0.003,3988,0.997,0.7706762455199999,1076.593623,1852.394815,1371.118896,1.010023,Sigma1.13.1,1.4650402568666514,0.00026346294134158395
oexp,kronecker_gp,2,705.826,672.0885,329.5005,342.588,4085415,2041824,12,0.003,3988,0.997,0.82948422997275,425.399949,1092.965425,885.188497,1.019026,Sigma1.10.1,0.6026980431437776,0.00010412649608424114
oexp,hier_2pl,1,50.097,45.58525,21.90925,23.676,119792,59760,0,0.0,0,0.0,0.861976539455,2181.085034,6373.998278,1794.443424,1.006475,xi2.31,43.537238437431384,0.018207267880993725
oexp,hier_2pl,0,53.999,48.59425,22.975,25.61925,116768,58048,0,0.0,0,0.0,0.8709275326275,1756.638973,6216.416708,2115.062112,1.008188,xi2.31,32.5309537769218,0.015043838834269664
oexp,hier_2pl,2,54.425,52.17700000000001,24.91,27.267000000000003,123408,61584,0,0.0,0,0.0,0.875026643595,1946.544531,6981.177593,1863.75691,1.007223,xi2.31,35.765632172714746,0.01577324428724232
oexp,dogs_hierarchical,1,0.811,0.7742500000000001,0.29574999999999996,0.47850000000000004,17932,9022,0,0.0,0,0.0,0.924030074575,1304.157152,3928.263847,1536.464832,1.009128,a,1608.0852675709,0.0727279250501896
oexp,dogs_hierarchical,0,0.89,0.7855000000000001,0.29825,0.48725,18056,8886,0,0.0,0,0.0,0.9243852590449999,1529.328653,3919.564991,1788.22185,1.003205,b,1718.3468011235955,0.08469919433983164
oexp,dogs_hierarchical,2,0.909,0.8587499999999999,0.3335,0.52525,19356,9678,0,0.0,0,0.0,0.9369152764399999,1456.314421,3921.186619,1599.891932,1.002499,a,1602.1060737073708,0.0752383974478198
oexp,pilots,1,1.249,0.99525,0.43500000000000005,0.5602499999999999,1177575,593666,430,0.1075,451,0.11275,0.8112416117004788,65.414122,1157.17754,76.366498,1.095654,a.4,52.37319615692554,5.554985627242427e-05
oexp,pilots,0,1.464,1.0782500000000002,0.4275,0.6507499999999999,1360854,678244,455,0.11375,594,0.1485,0.8242165854353454,30.673331,990.170725,37.342612,1.110683,sigma_a,20.951728825136612,2.253976620563264e-05
oexp,pilots,2,2.51,1.0437500000000002,0.47625,0.5675,1064182,543303,697,0.17425,243,0.06075,0.7596401297767932,40.371816,1471.441849,49.381808,1.089816,sigma_a,16.084388844621515,3.793694687562842e-05
oexp,garch11,1,0.332,0.31024999999999997,0.15825,0.152,43172,21750,0,0.0,0,0.0,0.9200754204880001,1850.520065,2014.352743,1742.439575,1.002838,beta1,5573.855617469879,0.042863894769758173
oexp,garch11,0,0.411,0.356,0.16925,0.18675,42586,21416,0,0.0,0,0.0,0.918843005655225,1754.904708,2033.602226,1838.081346,1.00519,beta1,4269.841138686132,0.04120848889306345
oexp,garch11,2,0.356,0.33925,0.1865,0.15275,44542,22186,0,0.0,0,0.0,0.9264975799325,1674.664447,1930.119757,1878.758023,1.002933,alpha0,4704.11361516854,0.03759742371245117
oexp,logmesquite_logvash,1,0.472,0.43525,0.19474999999999998,0.2405,206418,104226,0,0.0,0,0.0,0.945187340605,1570.458231,2021.167101,1727.451119,1.005063,beta.2,3327.2420148305087,0.007608145757637416
oexp,logmesquite_logvash,0,0.481,0.4415,0.202,0.2395,194318,97316,0,0.0,0,0.0,0.93269363237,1461.818349,1901.915472,1524.756178,1.00429,beta.1,3039.1233866943867,0.007522814916785887
oexp,logmesquite_logvash,2,0.489,0.4655,0.2135,0.252,191918,96050,0,0.0,0,0.0,0.93449689853,1323.835149,1704.757161,1571.3647,1.003306,beta.2,2707.2293435582824,0.006897920721349743
oexp,diamonds,1,67.117,62.355,24.646500000000003,37.7085,3954784,1977904,0,0.0,3486,0.8715,0.944862981205,1139.110424,3348.948147,1858.685116,1.002546,b.3,16.972010429548398,0.000288033537103417
oexp,diamonds,0,64.677,61.1105,23.560499999999998,37.550000000000004,4016736,2008112,0,0.0,3709,0.92725,0.9495785287325,1306.170482,3129.565604,1727.966438,1.003034,b.22,20.19528552653957,0.00032518205876612253
oexp,diamonds,2,69.827,64.883,25.22825,39.65475,3891552,1942832,0,0.0,3274,0.8185,0.9368108472425,1452.077835,3435.030052,2023.917375,1.002777,b.3,20.79536332650694,0.0003731359198078299
oexp,gp_regr,1,0.08,0.059,0.027749999999999997,0.03125,17874,8904,0,0.0,0,0.0,0.90875089853,3483.18753,3693.257592,2518.862438,1.000883,alpha,43539.844125,0.19487454011413227
oexp,gp_regr,0,0.156,0.057999999999999996,0.026250000000000002,0.03175,17786,8902,0,0.0,0,0.0,0.90626164751875,3504.938025,3968.272959,3027.338603,1.000821,sigma,22467.551442307693,0.19706162290565613
oexp,gp_regr,2,0.067,0.059,0.028,0.031,17720,8876,0,0.0,0,0.0,0.90863863754,3848.857095,4104.808476,2796.864824,1.001239,alpha,57445.62828358208,0.217204125
oexp,lsat_model,1,6.546,6.388,3.9115,2.4765,60000,30000,0,0.0,0,0.0,0.8521008515549999,947.20223,5171.079276,1602.784408,1.006092,beta,144.699393522762,0.015786703833333332
oexp,lsat_model,0,6.501,6.41525,3.9215,2.49375,60000,30000,0,0.0,0,0.0,0.8539048310675,1075.589705,5221.999996,1933.123747,1.008799,beta,165.44988540224583,0.017926495083333334
oexp,lsat_model,2,6.626,6.4784999999999995,3.90325,2.57525,60000,30000,0,0.0,0,0.0,0.8311584388600001,1108.294061,5597.603765,1864.632415,1.006494,beta,167.26442212496227,0.018471567683333336
oexp,eight_schools_centered,1,0.059,0.04525,0.0245,0.020749999999999998,64958,33922,81,0.02025,0,0.0,0.7915657445322551,54.501414,736.834776,23.858413,1.058832,tau,923.7527796610169,0.000839025431817482
oexp,eight_schools_centered,0,0.064,0.049249999999999995,0.029249999999999998,0.02,61427,31002,118,0.0295,0,0.0,0.757417692926684,125.53619,618.770128,114.014152,1.028282,tau,1961.50296875,0.0020436646751428524
oexp,eight_schools_centered,2,0.045,0.0375,0.019250000000000003,0.01825,58689,29673,294,0.0735,0,0.0,0.7075302079727326,19.399368,423.631945,9.81787,1.137396,tau,431.09706666666665,0.0003305452129019066
oexp,arma11,1,0.123,0.10475000000000001,0.052250000000000005,0.0525,22144,11128,0,0.0,0,0.0,0.9162936734975,3931.486812,4008.001541,2664.192435,1.000937,mu,31963.307414634146,0.17754185386560695
oexp,arma11,0,0.232,0.143,0.09899999999999999,0.044,21370,10634,0,0.0,0,0.0,0.9087908127400001,3763.904421,4076.225466,2717.868252,1.002435,phi,16223.725952586206,0.17613029578848854
oexp,arma11,2,0.132,0.10625000000000001,0.055999999999999994,0.05025,22154,11072,0,0.0,0,0.0,0.9176379639025001,3348.060946,3849.282723,2750.945579,1.002584,sigma,25364.098075757574,0.15112670154373928
oexp,blr,1,0.043,0.035750000000000004,0.017,0.01875,56240,28312,0,0.0,0,0.0,0.8975659643125,907.025381,1505.205787,1232.393395,1.00267,sigma,21093.61351162791,0.0161277628200569
oexp,blr,0,0.047,0.036750000000000005,0.01675,0.02,58498,29118,0,0.0,0,0.0,0.90297423385,920.668697,1516.24168,1105.801018,1.002909,sigma,19588.695680851062,0.015738464511607233
oexp,blr,2,0.062,0.04575,0.021750000000000002,0.024,57704,29180,0,0.0,0,0.0,0.9048190224,641.921979,1415.197388,626.055214,1.006135,sigma,10353.580306451613,0.011124393092333287
oexp,low_dim_gauss_mix,1,3.167,3.10375,1.6502500000000002,1.4535,25596,12738,0,0.0,0,0.0,0.9157041166925,4122.940541,4676.4109,2460.061238,1.002598,mu.1,1301.844187243448,0.1610775332473824
oexp,low_dim_gauss_mix,0,2.919,2.79775,1.50775,1.29,25706,12872,0,0.0,0,0.0,0.9122823439100001,3626.532965,4268.490347,2501.267642,1.001237,sigma.1,1242.3888198013017,0.1410772957675251
oexp,low_dim_gauss_mix,2,3.013,2.91775,1.5685,1.34925,24288,12076,0,0.0,0,0.0,0.9015735225850001,3926.537063,4594.113437,2906.355355,1.000449,mu.1,1303.1984941918356,0.16166572229084322
oexp,radon_variable_intercept_slope_noncentered,1,2.714,2.3565,1.3655,0.9910000000000001,94544,47024,0,0.0,0,0.0,0.91353923625175,665.962584,5182.647985,1154.944185,1.004153,sigma_beta,245.38046573323507,0.007043943391436791
oexp,radon_variable_intercept_slope_noncentered,0,2.59,2.3285,1.3775000000000002,0.9510000000000001,90976,45696,0,0.0,0,0.0,0.9023722634474999,726.383523,5035.517073,1247.883928,1.005379,sigma_beta,280.4569586872587,0.007984342277084066
oexp,radon_variable_intercept_slope_noncentered,2,3.034,2.7657500000000006,1.543,1.22275,107632,53760,0,0.0,0,0.0,0.893371660456675,700.300602,5402.251255,1353.192286,1.005887,sigma_beta,230.81760118655242,0.0065064349078341015
w2_adam_b50_shr_c3,lotka_volterra,1,9.629,5.9981975,3.7569324999999996,2.241265,224375,117010,-4,-0.001,-4,-0.001,,4.791555,8.613078,4.032258,3.621785,z.9.2,0.4976170941946204,2.1355119777158774e-05
w2_adam_b50_shr_c3,lotka_volterra,0,7.044,4.51722,2.3922,2.12502,177292,103225,-4,-0.001,-4,-0.001,,7.458517,25.597964,86.411324,1.496921,z.7.1,1.0588468199886427,4.20691119734675e-05
w2_adam_b50_shr_c3,lotka_volterra,2,8.28,4.7668099999999995,2.8532,1.91361,179121,83248,-4,-0.001,-4,-0.001,,132.024041,1164.766219,167.719534,1.028478,theta.3,15.944932487922708,0.0007370662345565289
w2_adam_b50_shr_c3,kidscore_momiq,1,0.357,0.33702675000000004,0.17126725,0.1657595,256004,128000,-4,-0.001,-4,-0.001,,4.032258,4.032258,inf,-inf,beta.1,11.294840336134454,1.575076170684833e-05
w2_adam_b50_shr_c3,kidscore_momiq,0,0.386,0.34465475,0.17220675,0.172448,256004,128000,-4,-0.001,-4,-0.001,,4.032258,4.032258,inf,-inf,beta.1,10.446264248704662,1.575076170684833e-05
w2_adam_b50_shr_c3,kidscore_momiq,2,0.405,0.38459849999999995,0.20080275000000003,0.18379574999999998,256004,128000,-4,-0.001,-4,-0.001,,4.032258,4.032258,inf,-inf,beta.1,9.956192592592592,1.575076170684833e-05
w2_adam_b50_shr_c3,radon_partially_pooled_noncentered,1,26.118,22.174464999999998,11.54027,10.634195,224736,108229,-4,-0.001,-4,-0.001,,4.080471,4.634781,4.032258,9.532683,alpha.272,0.1562321387548817,1.8156730563861597e-05
w2_adam_b50_shr_c3,radon_partially_pooled_noncentered,0,25.366,25.0107,12.84235,12.16835,255977,127973,-4,-0.001,-4,-0.001,,4.032258,4.032258,inf,-inf,alpha_raw.1,0.15896310021288337,1.5752423069260127e-05
w2_adam_b50_shr_c3,radon_partially_pooled_noncentered,2,37.263,36.251825000000004,16.138849999999998,20.112975,256004,128000,-4,-0.001,-4,-0.001,,4.032258,4.032258,inf,-inf,alpha_raw.1,0.1082107720795427,1.575076170684833e-05
w2_adam_b50_shr_c3,kronecker_gp,1,48.093,42.4013,19.510775,22.890525,383795,205292,-4,-0.001,-4,-0.001,,16.072864,60.986083,6.34022,1.191744,eigenvalues.30.27,0.334203813444784,4.18787738245678e-05
w2_adam_b50_shr_c3,kronecker_gp,0,39.752,35.849675,17.631325,18.21835,412350,211400,-4,-0.001,-4,-0.001,,54.472658,337.624043,75.697923,1.059585,Sigma1.4.1,1.3703123867981486,0.00013210296592700376
w2_adam_b50_shr_c3,kronecker_gp,2,53.162,49.0055,23.270899999999997,25.7346,406263,211248,-4,-0.001,-4,-0.001,,19.824386,272.127751,47.620431,1.148366,Sigma1.6.1,0.37290519544035217,4.879692711371698e-05
w2_adam_b50_shr_c3,hier_2pl,1,91.15,80.9106,43.408675,37.501925,227859,100394,-4,-0.001,-4,-0.001,,5.980767,13.979163,4.032258,1.812837,xi2.11,0.0656145584201865,2.624766631996103e-05
w2_adam_b50_shr_c3,hier_2pl,0,79.54,67.29627500000001,35.516075,31.780199999999997,237170,113343,-4,-0.001,-4,-0.001,,20.82969,538.250396,22.896494,1.145087,xi1.21,0.2618769172743274,8.782598979634861e-05
w2_adam_b50_shr_c3,hier_2pl,2,98.139,81.661425,48.559850000000004,33.101575,209833,92050,-4,-0.001,-4,-0.001,,5.636672,14.873572,4.032258,1.897942,xi2.21,0.05743559644993326,2.6862657446636135e-05
w2_adam_b50_shr_c3,wells_dist100_model,1,0.876,0.79110625,0.41366500000000006,0.37744125,61412,29288,-4,-0.001,-4,-0.001,,877.138647,909.221922,1294.453211,1.002353,beta.1,1001.2998253424657,0.014282854279293948
w2_adam_b50_shr_c3,wells_dist100_model,0,0.816,0.7966387500000001,0.40633875,0.3903,60542,30063,-4,-0.001,-4,-0.001,,857.001177,877.244495,971.848278,1.003399,alpha,1050.2465404411764,0.014155481764725314
w2_adam_b50_shr_c3,wells_dist100_model,2,1.041,0.98708725,0.486735,0.50035225,61802,31349,-4,-0.001,-4,-0.001,,751.022803,754.454411,915.952036,1.008432,alpha,721.4436147934679,0.01215207926927931
w2_adam_b50_shr_c3,eight_schools_noncentered,1,0.025,0.015949520000000002,0.0081151475,0.0078343725,72630,35867,-4,-0.001,-4,-0.001,,1647.292452,2597.594716,1423.331769,1.004408,tau,65891.69807999999,0.02268060652622883
w2_adam_b50_shr_c3,eight_schools_noncentered,0,0.024,0.015323452500000001,0.00783313,0.0074903224999999995,73354,35951,-4,-0.001,-4,-0.001,,1512.262185,2714.187073,1306.658374,1.002906,tau,63010.924375,0.020615947119448155
w2_adam_b50_shr_c3,eight_schools_noncentered,2,0.038,0.02175459,0.0110323125,0.010722277500000002,73284,35858,-4,-0.001,-4,-0.001,,1283.24541,2481.0069,1294.743439,1.003099,tau,33769.61605263158,0.01751058089078107
w2_adam_b50_shr_c3,dogs_hierarchical,1,1.038,0.8246932499999999,0.40818575,0.41650750000000003,50798,25127,-4,-0.001,-4,-0.001,,1654.095166,3916.447499,1963.477352,1.002577,a,1593.5406223506743,0.03256221044135596
w2_adam_b50_shr_c3,dogs_hierarchical,0,0.911,0.71457975,0.35001825,0.3645615,51105,25036,-4,-0.001,-4,-0.001,,1611.163122,3923.650353,1437.386709,1.002813,a,1768.5654467618,0.03152652621074259
w2_adam_b50_shr_c3,dogs_hierarchical,2,1.253,0.9828705,0.48321475,0.49965575,52518,25209,-4,-0.001,-4,-0.001,,1584.403108,3904.58675,1486.052744,1.002752,a,1264.4877158818836,0.030168763243078562
w2_adam_b50_shr_c3,bym2_offset_only,0,12.645,9.9053825,4.95744,4.9479425,256004,128000,-4,-0.001,-4,-0.001,,4.032258,4.032258,inf,-inf,beta0,0.3188816132858837,1.575076170684833e-05
w2_adam_b50_shr_c3,pilots,1,0.25,0.195197425,0.099237025,0.0959604,499522,240977,-4,-0.001,-4,-0.001,,4.452165,523.412132,11.275781,3.318726,a.5,17.80866,8.912850685255103e-06
w2_adam_b50_shr_c3,pilots,0,0.212,0.17353112499999998,0.092139,0.08139212500000001,531332,260615,-4,-0.001,-4,-0.001,,4.768309,207.653409,14.82932,2.735401,mu_a,22.492023584905663,8.974255267892769e-06
w2_adam_b50_shr_c3,pilots,2,0.286,0.20487222500000002,0.10122690000000001,0.10364532500000001,499245,259650,-4,-0.001,-4,-0.001,,4.620323,374.715625,12.527862,2.882657,b.7,16.154975524475525,9.25462047692015e-06
w2_adam_b50_shr_c3,garch11,1,0.311,0.295563,0.15066400000000002,0.144899,75458,36314,-4,-0.001,-4,-0.001,,827.711677,1071.847084,1151.410663,1.00684,alpha0,2661.452337620579,0.010969170624718387
w2_adam_b50_shr_c3,garch11,0,0.263,0.24233849999999998,0.12340675000000001,0.11893175,77053,35933,-4,-0.001,-4,-0.001,,911.039486,1073.552733,1112.029722,1.006827,alpha0,3464.028463878327,0.011823543353276317
w2_adam_b50_shr_c3,garch11,2,0.319,0.2907105,0.14554425000000001,0.14516625,76427,36898,-4,-0.001,-4,-0.001,,902.634547,1224.170877,1259.464792,1.004074,alpha0,2829.575382445141,0.011810414473942455
w2_adam_b50_shr_c3,logmesquite_logvash,1,0.13,0.10453435,0.056230050000000004,0.0483043,218536,103938,-4,-0.001,-4,-0.001,,4.43412,5.003249,4.032258,3.423989,beta.6,34.10861538461538,2.0290112384229602e-05
w2_adam_b50_shr_c3,logmesquite_logvash,0,0.129,0.100872775,0.05556235,0.045310424999999994,204792,91892,-4,-0.001,-4,-0.001,,7.333319,15.87743,4.032258,1.544453,beta.4,56.84743410852713,3.5808620453923983e-05
w2_adam_b50_shr_c3,logmesquite_logvash,2,0.162,0.12538305,0.073488175,0.051894875,208896,91358,-4,-0.001,-4,-0.001,,7.265586,9.033869,4.032258,1.560929,beta.5,44.849296296296295,3.4780876608455884e-05
w2_adam_b50_shr_c3,diamonds,1,2.512,2.441015,1.243975,1.19704,256126,128000,-4,-0.001,-4,-0.001,,4.032258,4.032258,inf,-inf,b.1,1.6051982484076432,1.5743259177123758e-05
w2_adam_b50_shr_c3,diamonds,0,2.719,2.5740425,1.35773,1.2163125000000001,256004,128000,-4,-0.001,-4,-0.001,,4.032258,4.032258,inf,-inf,b.1,1.482993012136815,1.575076170684833e-05
w2_adam_b50_shr_c3,diamonds,2,3.322,3.2271875000000003,1.5993725,1.627815,256004,128000,-4,-0.001,-4,-0.001,,4.032258,4.032258,inf,-inf,b.1,1.2138043347381096,1.575076170684833e-05
w2_adam_b50_shr_c3,gp_regr,1,0.091,0.0676924,0.036368425,0.031323975,45563,22264,-4,-0.001,-4,-0.001,,3073.372602,3495.838476,2108.668625,1.00192,alpha,33773.3252967033,0.06745325378047977
w2_adam_b50_shr_c3,gp_regr,0,0.067,0.059235175,0.027781774999999998,0.0314534,45577,22503,-4,-0.001,-4,-0.001,,3343.731345,3631.7863,2327.763704,1.002177,alpha,49906.437985074626,0.0733644457730873
w2_adam_b50_shr_c3,gp_regr,2,0.088,0.068956025,0.034115475,0.03484055,46366,23191,-4,-0.001,-4,-0.001,,2911.285294,3518.537839,2318.881717,1.001022,alpha,33082.78743181818,0.06278922689039382
w2_adam_b50_shr_c3,lsat_model,1,5.714,5.3934225,3.5295125,1.86391,132771,46001,-4,-0.001,-4,-0.001,,207.064909,735.172722,305.867994,1.019503,beta,36.238170983549175,0.0015595642798502684
w2_adam_b50_shr_c3,lsat_model,0,6.331,5.8438225,3.8150225,2.0288,137970,47520,-4,-0.001,-4,-0.001,,210.120253,804.729835,429.058944,1.020081,beta,33.189109619333436,0.0015229416032470826
w2_adam_b50_shr_c3,lsat_model,2,13.585,8.792125,5.174682499999999,3.6174425,169772,67339,-4,-0.001,-4,-0.001,,7.234557,66.687659,4.032258,1.553938,alpha.4,0.5325400809716598,4.2613369695827344e-05
w2_adam_b50_shr_c3,eight_schools_centered,1,0.057,0.032807300000000005,0.01724515,0.015562150000000002,165587,80805,-4,-0.001,-4,-0.001,,95.518423,226.739284,98.527457,1.029521,tau,1675.7618070175438,0.0005768473551667704
w2_adam_b50_shr_c3,eight_schools_centered,0,0.031,0.025185825000000002,0.012889099999999999,0.012296725000000001,168247,79156,-4,-0.001,-4,-0.001,,90.384023,224.791894,210.30685,1.039167,tau,2915.61364516129,0.0005372103098420774
w2_adam_b50_shr_c3,eight_schools_centered,2,0.039,0.026376025000000004,0.012679075,0.01369695,156845,79652,-4,-0.001,-4,-0.001,,75.659489,307.870342,71.917029,1.068411,tau,1939.9868974358972,0.0004823838120437374
w2_adam_b50_shr_c3,blr,1,0.103,0.08788145,0.045781575,0.042099875,256004,128000,-4,-0.001,-4,-0.001,,4.032258,4.032258,inf,-inf,beta.1,39.1481359223301,1.575076170684833e-05
w2_adam_b50_shr_c3,blr,0,0.09,0.081882625,0.040596824999999996,0.0412858,256004,128000,-4,-0.001,-4,-0.001,,4.032258,4.032258,inf,-inf,beta.1,44.80286666666667,1.575076170684833e-05
w2_adam_b50_shr_c3,blr,2,0.115,0.10258352500000001,0.05384162499999999,0.048741900000000005,256004,128000,-4,-0.001,-4,-0.001,,4.032258,4.032258,inf,-inf,beta.1,35.06311304347825,1.575076170684833e-05
w2_adam_b50_shr_c3,low_dim_gauss_mix,1,12.309,7.216732499999999,4.1346375,3.0820950000000003,143401,62960,-4,-0.001,-4,-0.001,,7.224835,7.25419,4.032258,1.543649,sigma.2,0.5869554797302786,5.038204057154413e-05
w2_adam_b50_shr_c3,low_dim_gauss_mix,0,4.081,3.4004267500000003,1.78957925,1.6108475000000002,88845,34225,-4,-0.001,-4,-0.001,,7.174348,7.72229,28.95915,1.534914,mu.2,1.7579877481009556,8.075128594743655e-05
w2_adam_b50_shr_c3,low_dim_gauss_mix,2,13.93,7.7426125,4.6838275000000005,3.058785,140680,60086,-4,-0.001,-4,-0.001,,7.253777,7.287084,4.032258,1.526637,sigma.1,0.5207305814788227,5.1562247654250784e-05
w2_adam_b50_shr_c3,accel_gp,1,4.619,2.0943725,1.3235407499999998,0.7708317499999999,532612,226135,-4,-0.001,-4,-0.001,,4.306093,5.702737,4.032258,9.479063,zgp_1.13,0.932256549036588,8.084859146996312e-06
w2_adam_b50_shr_c3,accel_gp,2,0.538,0.665042,0.596328,0.06871399999999998,256004,128000,-4,-0.001,-4,-0.001,,4.032258,4.032258,inf,-inf,Intercept,7.494903345724906,1.575076170684833e-05
w2_adam_b50_shr_c3,radon_variable_intercept_slope_noncentered,1,3.393,2.4501109999999997,1.322006,1.1281050000000001,188881,86453,-4,-0.001,-4,-0.001,,4.289536,7.083109,4.032258,4.178401,alpha.37,1.264231063955202,2.2710256722486644e-05
w2_adam_b50_shr_c3,radon_variable_intercept_slope_noncentered,0,2.907,1.66964625,0.9396625000000001,0.72998375,149940,65944,-4,-0.001,-4,-0.001,,7.182425,17.948564,4.032258,1.535786,alpha.82,2.470734434124527,4.790199413098573e-05
w2_adam_b50_shr_c3,radon_variable_intercept_slope_noncentered,2,3.179,2.199,0.94109775,1.2579022499999999,193378,87225,-4,-0.001,-4,-0.001,,4.283983,7.183363,4.032258,4.218191,beta.7,1.3475882352941178,2.215341455594742e-05
walnut_belief,lotka_volterra,1,3.467,2.7823575000000003,1.476325,1.3060325000000002,123036,66374,-4,-0.001,-4,-0.001,,6.514008,22.889359,53.872863,1.641921,sigma.2,1.8788601096048456,5.2943918853018627e-05
walnut_belief,lotka_volterra,0,2.649,2.4527275,1.3870049999999998,1.0657225000000001,121887,59945,-4,-0.001,-4,-0.001,,166.317632,1522.941071,374.113579,1.04327,theta.4,62.785063042657605,0.0013645231402856744
walnut_belief,lotka_volterra,2,3.494,2.5820875,1.2193675000000002,1.36272,128966,68043,-4,-0.001,-4,-0.001,,9.635156,32.751347,19.527076,1.328198,sigma.1,2.7576290784201487,7.471082300761442e-05
walnut_belief,kidscore_momiq,1,0.142,0.12418412499999999,0.0652753,0.058908825,86611,39703,-4,-0.001,-4,-0.001,,287.301579,452.639538,316.94268,1.005295,beta.2,2023.2505563380284,0.0033171488494533026
walnut_belief,kidscore_momiq,0,0.175,0.136753075,0.075561075,0.06119199999999999,103185,46530,-4,-0.001,-4,-0.001,,225.543495,301.340246,302.318604,1.01888,beta.2,1288.8199714285715,0.002185816688472162
walnut_belief,kidscore_momiq,2,0.264,0.159794425,0.07275224999999999,0.087042175,113446,63112,-4,-0.001,-4,-0.001,,7.328964,26.404429,19.036092,1.543799,beta.1,27.76122727272727,6.460310632371348e-05
walnut_belief,radon_partially_pooled_noncentered,1,15.109,14.340995000000001,7.27817,7.062825,146294,72224,-4,-0.001,-4,-0.001,,377.571874,3493.327358,751.972124,1.011777,mu_alpha,24.989865245879937,0.0025809115479787275
walnut_belief,radon_partially_pooled_noncentered,0,15.758,14.757937499999999,7.9158325000000005,6.842105,149981,69354,-4,-0.001,-4,-0.001,,78.853306,1908.379234,88.754947,1.051805,sigma_alpha,5.0040173879934,0.0005257553023382963
walnut_belief,radon_partially_pooled_noncentered,2,14.706,14.18271,7.3287575,6.8539525,143973,70254,-4,-0.001,-4,-0.001,,208.587117,3203.725885,297.078803,1.024572,mu_alpha,14.183810485516117,0.0014487932945760663
walnut_belief,kronecker_gp,1,15.014,13.048485,5.8817525,7.1667325,149734,75320,-4,-0.001,-4,-0.001,,28.667619,281.323305,38.360204,1.079741,var1,1.9093925003330225,0.00019145697703928298
walnut_belief,kronecker_gp,0,14.991,12.8814675,6.4178625,6.463605,137990,67856,-4,-0.001,-4,-0.001,,48.372894,258.135007,37.993991,1.081061,Sigma1.7.1,3.226795677406444,0.00035055361982752376
walnut_belief,kronecker_gp,2,15.226,13.41039,6.7039525,6.7064375,141993,70222,-4,-0.001,-4,-0.001,,34.974027,257.631807,47.480379,1.098567,eigenvalues.28.30,2.2969937606725335,0.0002463081067376561
walnut_belief,hier_2pl,1,41.091,40.68105,20.42195,20.2591,145815,70778,-4,-0.001,-4,-0.001,,291.123743,2566.78989,346.478107,1.017409,xi2.21,7.084854177313766,0.0019965280869595034
walnut_belief,hier_2pl,0,41.91,40.997175,20.8617,20.135475,145738,69916,-4,-0.001,-4,-0.001,,158.862336,2436.09703,53.104262,1.026438,xi2.22,3.790559198282033,0.0010900543166504275
walnut_belief,hier_2pl,2,41.052,39.416825,20.299275,19.11755,144086,69927,-4,-0.001,-4,-0.001,,91.197255,2466.296606,204.598146,1.027899,xi2.11,2.221505773165741,0.0006329362672292936
walnut_belief,wells_dist100_model,1,0.725,0.713209,0.3759165,0.3372925,54274,26349,-4,-0.001,-4,-0.001,,966.704804,975.308906,1304.165747,1.002646,alpha,1333.3859365517242,0.017811563621623613
walnut_belief,wells_dist100_model,0,0.721,0.6980387499999999,0.36238050000000005,0.33565825000000005,53799,26361,-4,-0.001,-4,-0.001,,849.472588,861.58968,1235.272092,1.004984,beta.1,1178.18666851595,0.015789746798267626
walnut_belief,wells_dist100_model,2,0.77,0.7155,0.36722325,0.34827675,53718,26127,-4,-0.001,-4,-0.001,,805.360322,822.419148,1284.785019,1.00333,alpha,1045.922496103896,0.014992373543318813
walnut_belief,eight_schools_noncentered,1,0.028,0.01643973,0.008248712500000002,0.0081910175,68862,34598,-4,-0.001,-4,-0.001,,1590.795446,2788.034727,1644.154124,1.002677,tau,56814.12307142857,0.02310120888153118
walnut_belief,eight_schools_noncentered,0,0.023,0.015097919999999999,0.007622634999999999,0.007475285,69833,34786,-4,-0.001,-4,-0.001,,1463.801424,2652.048523,1416.148023,1.003401,tau,63643.54017391305,0.020961456961608407
walnut_belief,eight_schools_noncentered,2,0.027,0.016210625,0.0084918725,0.0077187525,68948,34087,-4,-0.001,-4,-0.001,,1580.218361,2916.464742,1629.530627,1.00233,tau,58526.60596296296,0.02291898765736497
walnut_belief,dogs_hierarchical,1,0.947,0.7010747500000001,0.3386435,0.36243125,48439,23845,-4,-0.001,-4,-0.001,,1408.922147,3921.954014,1786.089449,1.005841,a,1487.7741784582895,0.029086524226346538
walnut_belief,dogs_hierarchical,0,0.984,0.68958575,0.333326,0.35625975,48512,23671,-4,-0.001,-4,-0.001,,1773.008406,3923.342683,1570.883548,1.002968,a,1801.8378109756097,0.036547831588060686
walnut_belief,dogs_hierarchical,2,0.883,0.7039575,0.3428395,0.361118,49134,23818,-4,-0.001,-4,-0.001,,1512.060791,3914.65793,1653.720705,1.003243,a,1712.4131268403173,0.030774225403997234
walnut_belief,bym2_offset_only,1,43.004,30.1343075,15.608825,14.5254825,765811,377849,-4,-0.001,-4,-0.001,,4.24094,5.059164,10.608255,4.557666,beta0,0.09861733792205377,5.5378415823225315e-06
walnut_belief,bym2_offset_only,0,27.892,21.152347499999998,9.935812499999999,11.216535,546423,302231,-4,-0.001,-4,-0.001,,4.290797,76.276149,10.679185,4.143328,beta0,0.15383611788326404,7.85251901914817e-06
walnut_belief,pilots,1,0.079,0.05882562499999999,0.03148092500000001,0.0273447,156809,72721,-4,-0.001,-4,-0.001,,4.385304,484.969951,11.037247,3.587796,a.2,55.51017721518987,2.7965894814710888e-05
walnut_belief,pilots,0,0.098,0.074619725,0.031470700000000004,0.043149025,190377,108747,-4,-0.001,-4,-0.001,,4.738851,424.7935,15.58124,2.653534,mu_a,48.355622448979595,2.4891930222663454e-05
walnut_belief,pilots,2,0.091,0.064550075,0.030761825000000003,0.03378825,174190,91421,-4,-0.001,-4,-0.001,,4.864437,342.67262,10.520352,2.702819,a.5,53.455351648351645,2.7926040530455247e-05
walnut_belief,garch11,1,0.277,0.24270975,0.13453275,0.108177,72437,35813,-4,-0.001,-4,-0.001,,931.970201,1174.715988,1116.238055,1.002958,alpha0,3364.51336101083,0.01286594145257258
walnut_belief,garch11,0,0.272,0.2338065,0.1140145,0.11979200000000001,73056,36259,-4,-0.001,-4,-0.001,,987.088329,1318.337938,1179.837204,1.005887,alpha0,3629.0012095588236,0.013511393027266755
walnut_belief,garch11,2,0.264,0.24773799999999999,0.1268825,0.1208555,73537,35800,-4,-0.001,-4,-0.001,,948.693493,1193.746725,1058.471907,1.0032,beta1,3593.535958333333,0.012900900131906387
walnut_belief,logmesquite_logvash,1,0.087,0.07635045,0.0357882,0.040562249999999994,149352,76056,-4,-0.001,-4,-0.001,,252.768312,505.34779,327.970377,1.012611,beta.3,2905.3828965517246,0.0016924333922545397
walnut_belief,logmesquite_logvash,0,0.083,0.073918075,0.03566925,0.038248825,150652,77511,-4,-0.001,-4,-0.001,,243.060028,481.841596,432.654536,1.014237,beta.2,2928.434072289156,0.0016133873297400631
walnut_belief,logmesquite_logvash,2,0.087,0.072981625,0.0355517,0.037429925,147309,74468,-4,-0.001,-4,-0.001,,205.638299,441.623629,263.284752,1.01221,beta.3,2363.6586091954023,0.0013959656164932216
walnut_belief,diamonds,1,2.148,1.246539,0.0550505,1.1914885000000002,219817,118114,-4,-0.001,-4,-0.001,,4.381736,50.269212,11.255532,3.59593,b.22,2.0399143389199255,1.993356291824563e-05
walnut_belief,diamonds,0,4.556,3.02360025,1.18623775,1.8373625,310126,188581,-4,-0.001,-4,-0.001,,4.659254,136.416702,11.625962,2.762514,b.23,1.022663301141352,1.5023745187439943e-05
walnut_belief,diamonds,2,3.074,2.515166,1.0813985,1.4337675,267125,151752,-4,-0.001,-4,-0.001,,5.001896,128.755883,16.385769,2.300338,b.23,1.6271620039037087,1.872492653252223e-05
walnut_belief,gp_regr,1,0.061,0.055117525,0.026546075,0.02857145,45066,22576,-4,-0.001,-4,-0.001,,3460.036408,3733.603635,2262.190247,1.00146,alpha,56721.908327868856,0.0767770915546088
walnut_belief,gp_regr,0,0.063,0.054419425,0.026958775000000004,0.02746065,45496,22560,-4,-0.001,-4,-0.001,,3785.13776,3917.917975,2635.843687,1.001488,sigma,60081.55174603175,0.08319715491471778
walnut_belief,gp_regr,2,0.088,0.061113749999999994,0.031752175,0.029361575,45562,21946,-4,-0.001,-4,-0.001,,3712.321401,3863.825859,2413.533997,1.001424,alpha,42185.47046590909,0.08147845575260086
walnut_belief,lsat_model,1,6.224,5.8514824999999995,2.9538699999999998,2.8976125,140049,68798,-4,-0.001,-4,-0.001,,912.626021,4016.841325,1201.579057,1.008089,beta,146.6301447622108,0.006516476526073018
walnut_belief,lsat_model,0,5.743,5.8499425,3.0873275,2.7626150000000003,141316,69718,-4,-0.001,-4,-0.001,,866.44248,3767.766944,1217.669255,1.009592,beta,150.86931568866447,0.006131241189957259
walnut_belief,lsat_model,2,6.505,6.0483025,3.10102,2.9472825,142302,70301,-4,-0.001,-4,-0.001,,518.263097,3121.575577,827.088417,1.017622,beta,79.67149838585703,0.00364199446950851
walnut_belief,eight_schools_centered,1,0.034,0.0222271925,0.0108629225,0.01136427,129277,67900,-4,-0.001,-4,-0.001,,143.105496,387.882416,155.504181,1.02602,tau,4208.985176470587,0.0011069679525360272
walnut_belief,eight_schools_centered,0,0.034,0.022942125,0.010753864999999998,0.01218826,138754,72385,-4,-0.001,-4,-0.001,,115.437091,268.08588,117.155424,1.053512,tau,3395.208558823529,0.0008319550499445061
walnut_belief,eight_schools_centered,2,0.038,0.0255140025,0.0104404525,0.015073550000000002,145505,80492,-4,-0.001,-4,-0.001,,74.988096,263.043707,68.566318,1.076555,tau,1973.370947368421,0.0005153643929761863
walnut_belief,arma11,1,0.568,0.44528724999999997,0.228269525,0.217017725,229070,114711,-4,-0.001,-4,-0.001,,4.080539,4.141203,inf,9.417323,mu,7.184047535211268,1.781350242284018e-05
walnut_belief,arma11,0,0.571,0.3545195,0.181006775,0.17351272500000003,181158,90868,-4,-0.001,-4,-0.001,,4.091061,4.278984,4.032258,8.453912,mu,7.164730297723293,2.258283376941675e-05
walnut_belief,arma11,2,0.531,0.41409337499999993,0.20409375,0.20999962499999997,224002,112303,-4,-0.001,-4,-0.001,,4.080358,4.293845,4.032258,9.409695,theta,7.684290018832392,1.8215721288202784e-05
walnut_belief,blr,1,0.044,0.0339434,0.015037825000000001,0.018905575,94715,51705,-4,-0.001,-4,-0.001,,4.268296,4.282746,11.386136,4.293758,beta.3,97.00672727272729,4.506462545531331e-05
walnut_belief,blr,0,0.059,0.034716575,0.01483895,0.019877625000000003,95373,53010,-4,-0.001,-4,-0.001,,4.265357,5.776471,11.188898,4.318742,sigma,72.29418644067796,4.472289851425456e-05
walnut_belief,blr,2,0.061,0.042997775,0.0166584,0.026339375,105293,58914,-4,-0.001,-4,-0.001,,4.267703,4.679114,11.42861,4.299291,sigma,69.96234426229509,4.053168776651819e-05
walnut_belief,low_dim_gauss_mix,1,2.952,2.277451,0.764231,1.51322,66248,31225,-4,-0.001,-4,-0.001,,366.760694,1604.495917,783.375183,1.009152,sigma.1,124.24142750677507,0.005536177605361671
walnut_belief,low_dim_gauss_mix,0,4.695,4.1435375,1.8970174999999998,2.2465200000000003,86450,46898,-4,-0.001,-4,-0.001,,6.346007,6.873023,11.503415,1.672159,sigma.2,1.3516521831735888,7.340667437825332e-05
walnut_belief,low_dim_gauss_mix,2,3.865,3.1612725,1.7253525,1.43592,66595,29901,-4,-0.001,-4,-0.001,,452.054575,1334.898072,580.399057,1.010304,sigma.1,116.96108020698577,0.006788115849538254
walnut_belief,accel_gp,1,0.677,0.510524,0.27140200000000003,0.239122,142293,66544,-4,-0.001,-4,-0.001,,4.408453,22.096939,11.268913,3.48615,Intercept_sigma,6.511747415066469,3.098151701067516e-05
walnut_belief,radon_variable_intercept_slope_noncentered,1,1.747,1.5621420000000001,0.8009535000000001,0.7611884999999999,130913,64366,-4,-0.001,-4,-0.001,,154.017859,1953.494351,158.134923,1.019403,sigma_alpha,88.1613388666285,0.0011764901805015543
walnut_belief,radon_variable_intercept_slope_noncentered,0,1.67,1.4500147499999998,0.7277414999999999,0.72227325,124210,60954,-4,-0.001,-4,-0.001,,18.97056,1880.08068,17.990827,1.139327,sigma_beta,11.359616766467065,0.00015272973190564367
walnut_belief,radon_variable_intercept_slope_noncentered,2,1.78,1.3431849999999999,0.7359865000000001,0.6071985,113942,50446,-4,-0.001,-4,-0.001,,6.064993,244.708916,11.154464,1.750851,alpha_raw.70,3.4072994382022475,5.322877428867319e-05
walnut,lotka_volterra,1,39.694,12.324169999999999,6.235222500000001,6.0889475,158254,80214,-4,-0.001,-4,-0.001,,6.142877,14.94064,10.899265,1.746999,theta.2,0.15475580692296065,3.88165670378e-05
walnut,lotka_volterra,0,5.559,4.679047499999999,2.3619125,2.317135,134240,68990,-4,-0.001,-4,-0.001,,6.797277,23.269722,65.128159,1.593406,z.13.1,1.2227517539125743,5.063525774731824e-05
walnut,lotka_volterra,2,3.824,3.2564850000000005,1.6550575,1.6014275000000002,131962,66082,-4,-0.001,-4,-0.001,,179.625667,1321.385106,319.290499,1.049562,theta.3,46.97323927824268,0.0013611923659841469
walnut,kidscore_momiq,1,0.428,0.347781475,0.21567,0.132111475,192807,71172,-4,-0.001,-4,-0.001,,5.045209,5.148618,11.42861,2.26887,sigma,11.787871495327103,2.616714642103243e-05
walnut,kidscore_momiq,0,0.437,0.326579475,0.1996275,0.126951975,186910,74422,-4,-0.001,-4,-0.001,,7.056894,16.1242,11.894163,1.56727,beta.1,16.14849885583524,3.7755572200524315e-05
walnut,kidscore_momiq,2,0.345,0.251942575,0.17589595000000002,0.076046625,149224,45504,-4,-0.001,-4,-0.001,,6.735235,6.825315,11.354642,1.61003,sigma,19.522420289855074,4.5135065405028684e-05
walnut,radon_partially_pooled_noncentered,1,23.027,22.606325000000002,11.90855,10.697775,146973,69693,-4,-0.001,-4,-0.001,,297.753467,3397.807529,405.999791,1.018328,sigma_alpha,12.930623485473573,0.0020259058942799016
walnut,radon_partially_pooled_noncentered,0,34.103,24.1854,13.852675,10.332725,186397,85956,-4,-0.001,-4,-0.001,,107.864219,1995.680531,118.271204,1.045082,sigma_alpha,3.1628953171275254,0.0005786800163092754
walnut,radon_partially_pooled_noncentered,2,25.921,21.7502675,11.996799999999999,9.7534675,159677,72571,-4,-0.001,-4,-0.001,,61.039234,1875.227182,165.140545,1.055469,sigma_alpha,2.3548178696809536,0.000382266913832299
walnut,kronecker_gp,1,18.688,17.6674875,8.74047,8.927017500000002,147921,69112,-4,-0.001,-4,-0.001,,28.358127,252.537243,63.257856,1.116229,eigenvalues.23.30,1.5174511451198631,0.00019171129859857627
walnut,kronecker_gp,0,19.65,17.788602500000003,8.345385,9.4432175,153894,73370,-4,-0.001,-4,-0.001,,32.88324,308.30841,115.454776,1.102255,eigenvalues.25.30,1.673447328244275,0.00021367460719716168
walnut,kronecker_gp,2,20.29,19.948952499999997,10.925375,9.0235775,150940,70601,-4,-0.001,-4,-0.001,,14.832492,191.0974,51.749519,1.216904,Sigma1.13.1,0.7310247412518482,9.826747051808666e-05
walnut,hier_2pl,1,68.673,67.124475,35.9223,31.202175,151660,70921,-4,-0.001,-4,-0.001,,53.090645,2211.96896,37.921764,1.06064,xi2.21,0.7730934282760328,0.00035006359620203085
walnut,hier_2pl,0,65.853,62.710699999999996,33.80445,28.90625,153860,69964,-4,-0.001,-4,-0.001,,95.694095,1826.40564,79.503088,1.067525,xi2.11,1.4531470851745556,0.0006219556414922658
walnut,hier_2pl,2,65.461,62.753299999999996,33.368925000000004,29.384375,152558,69751,-4,-0.001,-4,-0.001,,47.451267,1925.389597,70.401155,1.095406,xi2.32,0.724878431432456,0.00031103755293068866
walnut,wells_dist100_model,1,1.073,1.0463317499999998,0.5393414999999999,0.5069902500000001,54651,26635,-4,-0.001,-4,-0.001,,664.994326,723.466658,1139.380914,1.010399,beta.1,619.7524007455731,0.012168017529413917
walnut,wells_dist100_model,0,0.962,0.9234007499999999,0.4690935,0.45430725000000005,53390,26523,-4,-0.001,-4,-0.001,,987.501021,1012.231438,1384.12364,1.002496,beta.1,1026.5083378378379,0.018495992152088407
walnut,wells_dist100_model,2,0.987,0.8884630000000001,0.43756025,0.45090274999999996,53982,26294,-4,-0.001,-4,-0.001,,576.438904,583.837459,1081.418991,1.012462,beta.1,584.0313110435663,0.010678353969841799
walnut,eight_schools_noncentered,1,0.024,0.02114375,0.0113401225,0.0098036275,69515,34457,-4,-0.001,-4,-0.001,,1497.678651,2991.784878,1713.250596,1.003078,tau,62403.27712499999,0.021544683176292885
walnut,eight_schools_noncentered,0,0.026,0.0245814,0.012619749999999999,0.01196165,68824,34562,-4,-0.001,-4,-0.001,,1755.67425,2935.581076,1524.99021,1.003392,tau,67525.9326923077,0.025509622370103454
walnut,eight_schools_noncentered,2,0.026,0.0207705225,0.00949593,0.0112745925,70209,34557,-4,-0.001,-4,-0.001,,1638.698396,3028.390522,1572.23358,1.0026,tau,63026.86138461539,0.023340289649475137
walnut,dogs_hierarchical,1,0.969,0.92703225,0.46943024999999994,0.45760199999999995,48624,24087,-4,-0.001,-4,-0.001,,1614.92573,3917.300619,1813.585618,1.002999,a,1666.5900206398348,0.03321252323955248
walnut,dogs_hierarchical,0,0.898,0.866252,0.43386874999999997,0.43238325,48264,23598,-4,-0.001,-4,-0.001,,1663.45871,3920.507725,1776.616805,1.002453,a,1852.4039086859689,0.03446582773910161
walnut,dogs_hierarchical,2,0.927,0.873015,0.43755225,0.43546275,49562,23773,-4,-0.001,-4,-0.001,,1734.134653,3916.057224,1966.535649,1.002865,a,1870.6954185544769,0.034989198438319685
walnut,bym2_offset_only,1,12.497,12.199740000000002,6.586305000000001,5.613435000000001,256004,128000,-4,-0.001,-4,-0.001,,4.032258,4.032258,inf,-inf,beta0,0.32265807793870527,1.575076170684833e-05
walnut,bym2_offset_only,0,19.838,14.494752500000002,8.336345000000001,6.158407500000001,266038,126973,-4,-0.001,-4,-0.001,,4.181018,6.381875,4.032258,5.519959,phi.357,0.2107580401250126,1.5715867658003745e-05
walnut,bym2_offset_only,2,14.644,13.337789999999998,6.041834999999999,7.295955,267023,124535,-4,-0.001,-4,-0.001,,4.06278,4.642939,4.032258,12.020887,phi.1399,0.2774364927615406,1.5215093830868503e-05
walnut,pilots,1,0.091,0.08824912500000001,0.044290525,0.0439586,176083,81236,-4,-0.001,-4,-0.001,,4.554011,426.865032,11.282237,3.010904,a.5,50.04407692307692,2.5862865807602097e-05
walnut,pilots,0,0.1,0.09213972499999999,0.05373995,0.038399775000000004,192711,75953,-4,-0.001,-4,-0.001,,4.618331,383.867451,22.51518,2.868749,a.1,46.18331,2.39650616726601e-05
walnut,pilots,2,0.097,-0.27083705,0.052412075,-0.323249125,205404,95261,-4,-0.001,-4,-0.001,,4.495855,374.526941,11.650028,3.184547,mu_a,46.34902061855669,2.1887864890654513e-05
walnut,garch11,1,0.305,0.29263375,0.14571125000000001,0.1469225,71292,34671,-4,-0.001,-4,-0.001,,909.347495,1101.933258,1107.01829,1.003289,alpha0,2981.4671967213117,0.012755252973685688
walnut,garch11,0,0.312,0.2877735,0.14051025,0.14726325,73222,35473,-4,-0.001,-4,-0.001,,1008.340689,1142.209541,1202.78777,1.005286,alpha0,3231.8611826923075,0.013771007197290432
walnut,garch11,2,0.302,0.28823075000000004,0.14836400000000002,0.13986674999999998,72896,35431,-4,-0.001,-4,-0.001,,791.093858,1038.028559,1220.327306,1.004798,alpha0,2619.5160860927153,0.010852363065188761
walnut,logmesquite_logvash,1,0.111,0.098916725,0.053164949999999996,0.04575177500000001,147226,72139,-4,-0.001,-4,-0.001,,231.432096,452.271027,356.911011,1.024246,beta.2,2084.973837837838,0.001571951258609213
walnut,logmesquite_logvash,0,0.123,0.10403627500000001,0.049334275,0.054702,151645,74115,-4,-0.001,-4,-0.001,,137.669213,368.528922,361.74318,1.038554,beta.2,1119.2618943089433,0.0009078387879587194
walnut,logmesquite_logvash,2,0.099,0.091998625,0.046634275,0.04536435,149963,73684,-4,-0.001,-4,-0.001,,188.727963,405.777464,392.239066,1.027231,beta.2,1906.3430606060604,0.0012584968492228082
walnut,diamonds,1,3.844,3.2146265,1.7641624999999999,1.4504640000000002,215214,95694,-4,-0.001,-4,-0.001,,4.310591,33.431137,11.113531,3.995181,b.23,1.1213816337148803,2.0029324300463722e-05
walnut,diamonds,0,3.544,2.8899899999999996,1.5194475,1.3705425,216407,105935,-4,-0.001,-4,-0.001,,4.374195,130.258635,11.132634,3.643562,b.23,1.2342536681715577,2.0212816590960553e-05
walnut,diamonds,2,1.64,1.266026325,0.03909632499999999,1.22693,207153,95930,-4,-0.001,-4,-0.001,,4.462319,136.538194,11.34847,3.27805,b.23,2.720926219512195,2.154117488040241e-05
walnut,gp_regr,1,0.088,0.07669257500000001,0.035234675,0.0414579,45174,22272,-4,-0.001,-4,-0.001,,3733.245511,3917.091782,2194.961153,1.001569,alpha,42423.24444318182,0.0826414643600301
walnut,gp_regr,0,0.079,0.06523910000000001,0.034148225000000004,0.031090875,45474,22878,-4,-0.001,-4,-0.001,,3315.385156,3627.191303,2487.591051,1.003944,alpha,41966.900708860754,0.07290726912081628
walnut,gp_regr,2,0.09,0.08287745,0.04335845000000001,0.039519000000000006,45955,22695,-4,-0.001,-4,-0.001,,3420.83527,3649.385396,2356.710586,1.000534,alpha,38009.28077777778,0.07443880470025024
walnut,lsat_model,1,8.831,8.639215,4.412565,4.22665,141436,69385,-4,-0.001,-4,-0.001,,862.182384,3766.75776,1059.425912,1.013277,beta,97.63134231683841,0.006095918889108855
walnut,lsat_model,0,8.81,8.41823,4.3793275000000005,4.0389025,142083,69018,-4,-0.001,-4,-0.001,,844.456193,3993.165731,1410.89567,1.009041,beta,95.85200828603858,0.0059434006390630826
walnut,lsat_model,2,8.333,8.062059999999999,4.1627425,3.8993175000000004,144900,70287,-4,-0.001,-4,-0.001,,495.278894,3611.996218,1053.786061,1.012077,beta,59.43584471378855,0.003418073802622498
walnut,eight_schools_centered,1,0.056,0.037399625,0.021425800000000002,0.015973825,164992,79710,-4,-0.001,-4,-0.001,,99.526893,230.608567,57.182516,1.035193,tau,1777.2659464285714,0.0006032225380624515
walnut,eight_schools_centered,0,0.046,0.033776975,0.019017325,0.01475965,184499,86771,-4,-0.001,-4,-0.001,,34.020163,120.313393,107.056423,1.079811,tau,739.5687608695652,0.00018439212678659502
walnut,eight_schools_centered,2,0.041,0.0323019,0.0137074,0.0185945,145650,82496,-4,-0.001,-4,-0.001,,55.390778,280.672059,88.205523,1.066445,tau,1350.9945853658535,0.0003803005698592516
walnut,arma11,1,0.564,0.47207492500000003,0.24796925,0.224105675,220120,105402,-4,-0.001,-4,-0.001,,4.080516,4.141895,inf,9.450527,mu,7.234957446808512,1.853768853352717e-05
walnut,arma11,0,0.572,0.470750575,0.24025199999999997,0.230498575,212052,104493,-4,-0.001,-4,-0.001,,4.080212,4.266989,4.032258,9.481025,mu,7.133237762237764,1.924156339011186e-05
walnut,arma11,2,0.613,0.48334875,0.245338625,0.23801012499999996,206081,102429,-4,-0.001,-4,-0.001,,4.080924,4.283672,4.032258,9.400968,theta,6.657298531810768,1.9802524250173476e-05
walnut,blr,1,0.112,0.0942234,0.0446784,0.049545,227622,108644,-4,-0.001,-4,-0.001,,4.081803,4.095119,4.032258,9.421855,beta.1,36.44466964285714,1.7932374726520285e-05
walnut,blr,0,0.12,0.09682732499999999,0.059456274999999996,0.03737105,207224,80380,-4,-0.001,-4,-0.001,,4.165129,4.659313,4.032258,5.713905,sigma,34.709408333333336,2.0099645793923486e-05
walnut,blr,2,0.126,0.11835955000000001,0.05967335,0.0586862,265368,133830,-4,-0.001,-4,-0.001,,4.192404,4.475236,4.032258,5.170224,beta.5,33.27304761904762,1.5798453468391062e-05
walnut,low_dim_gauss_mix,1,4.899,4.1817575,2.3974675,1.78429,69574,30119,-4,-0.001,-4,-0.001,,342.053426,1431.665007,337.065687,1.011396,sigma.1,69.82107083078179,0.004916397303590421
walnut,low_dim_gauss_mix,0,19.938,9.0242075,3.219875,5.804332499999999,151369,102542,-4,-0.001,-4,-0.001,,2436.010858,2939.431259,1868.045915,1.00378,sigma.2,122.17929872605077,0.01609319515885023
walnut,low_dim_gauss_mix,2,6.11,4.6847075,2.7917475,1.89296,82602,33491,-4,-0.001,-4,-0.001,,117.065661,961.997896,721.573434,1.037075,sigma.1,19.15968265139116,0.001417225503014455
walnut,accel_gp,1,1.333,1.0554199999999998,0.58502125,0.47039875,216914,98725,-4,-0.001,-4,-0.001,,4.288317,14.076344,10.8851,4.117948,sdgp_sigma_1,3.217042010502626,1.9769664475322018e-05
walnut,accel_gp,0,1.991,1.54728275,0.8681635,0.6791192500000001,262446,119900,-4,-0.001,-4,-0.001,,4.171963,6.360032,4.032258,5.75683,Intercept_sigma,2.0954108488196885,1.589646251038309e-05
walnut,accel_gp,2,1.735,1.17457875,0.566472,0.60810675,254889,132457,-4,-0.001,-4,-0.001,,4.183372,7.539994,4.032258,6.992841,lscale_1,2.4111654178674353,1.6412524667600406e-05
walnut,radon_variable_intercept_slope_noncentered,1,2.566,2.204058,1.1139332499999999,1.09012475,130644,63559,-4,-0.001,-4,-0.001,,26.866463,1414.013022,124.3031,1.115085,sigma_alpha,10.470172642244739,0.0002056463595725789
walnut,radon_variable_intercept_slope_noncentered,0,2.092,1.8842047499999999,0.99089775,0.893307,126705,59964,-4,-0.001,-4,-0.001,,40.646896,1575.295297,275.629638,1.090151,sigma_beta,19.429682600382407,0.00032079946332031097
walnut,radon_variable_intercept_slope_noncentered,2,2.505,2.1901067500000004,1.3355775,0.8545292500000001,140330,53523,-4,-0.001,-4,-0.001,,5.013685,94.591824,11.495904,2.31069,sigma_alpha,2.0014710578842316,3.5727820138245564e-05
walnut_adam_b50_c3,lotka_volterra,1,7.37,4.6595175,2.8842449999999995,1.7752725000000003,180195,95807,-4,-0.001,-4,-0.001,,4.923451,9.699368,4.032258,2.372079,z.6.2,0.6680394843962008,2.7322905741002802e-05
walnut_adam_b50_c3,lotka_volterra,0,7.722,4.881047499999999,2.8426624999999994,2.038385,221275,113099,-4,-0.001,-4,-0.001,,211.226318,1611.532119,438.510847,1.027922,theta.3,27.353835534835532,0.0009545873596203819
walnut_adam_b50_c3,lotka_volterra,2,5.751,3.6097900000000003,2.051055,1.558735,182934,83058,-4,-0.001,-4,-0.001,,111.143594,1225.99878,253.429832,1.018158,theta.4,19.325959659189703,0.0006075611641356991
walnut_adam_b50_c3,kidscore_momiq,1,0.372,0.35029125000000005,0.17346850000000003,0.17682275,256004,128000,-4,-0.001,-4,-0.001,,4.032258,4.032258,inf,-inf,beta.1,10.839403225806452,1.575076170684833e-05
walnut_adam_b50_c3,kidscore_momiq,0,0.459,0.3942105,0.19093100000000002,0.2032795,256004,128000,-4,-0.001,-4,-0.001,,4.032258,4.032258,inf,-inf,beta.1,8.784875816993463,1.575076170684833e-05
walnut_adam_b50_c3,kidscore_momiq,2,0.364,0.294411125,0.15321774999999999,0.141193375,220221,103685,-4,-0.001,-4,-0.001,,4.085636,4.252482,4.032258,9.439754,beta.2,11.224274725274725,1.85524359620563e-05
walnut_adam_b50_c3,radon_partially_pooled_noncentered,1,34.509,25.446734999999997,11.6477,13.799035,265752,140146,-4,-0.001,-4,-0.001,,4.096803,5.54017,4.032258,8.094604,alpha_raw.135,0.11871694340606799,1.5415887744965234e-05
walnut_adam_b50_c3,radon_partially_pooled_noncentered,0,26.977,26.49475,12.517499999999998,13.977250000000002,256004,127970,-4,-0.001,-4,-0.001,,4.048695,4.083027,inf,16.221066,alpha_raw.2,0.15007951217703971,1.5814967734879144e-05
walnut_adam_b50_c3,radon_partially_pooled_noncentered,2,25.073,24.68505,12.674825000000002,12.010225,256050,128000,-4,-0.001,-4,-0.001,,4.032258,4.032258,inf,-inf,alpha_raw.1,0.16082072348741672,1.5747932044522552e-05
walnut_adam_b50_c3,kronecker_gp,0,37.628,28.57362,14.881189999999998,13.692430000000002,330137,158778,-4,-0.001,-4,-0.001,,5.386543,14.625894,4.032258,2.048475,Lambda.13.5,0.14315251940044646,1.6316083928793197e-05
walnut_adam_b50_c3,kronecker_gp,2,37.811,29.723025,13.874175,15.848849999999999,333047,171998,-4,-0.001,-4,-0.001,,4.376725,8.508885,4.032258,3.717694,eigenvalues.30.30,0.11575269101584196,1.3141463517161243e-05
walnut_adam_b50_c3,hier_2pl,1,117.701,89.02525,39.33975,49.6855,304241,173451,-4,-0.001,-4,-0.001,,5.539404,12.065821,4.504224,1.94624,xi2.9,0.04706335545152548,1.8207289615798002e-05
walnut_adam_b50_c3,hier_2pl,0,82.974,73.20375,39.021725,34.182025,254232,121173,-4,-0.001,-4,-0.001,,5.440693,16.616886,4.032258,2.006049,xi1.9,0.06557105840383734,2.140050426382202e-05
walnut_adam_b50_c3,hier_2pl,2,76.149,64.56745000000001,36.027675,28.539775,225149,100050,-4,-0.001,-4,-0.001,,5.045237,21.812376,4.032258,2.29629,xi2.32,0.06625480308342854,2.240843619114453e-05
walnut_adam_b50_c3,wells_dist100_model,1,0.97,0.84807375,0.42830750000000006,0.41976625,62394,30137,-4,-0.001,-4,-0.001,,1017.736324,1037.598532,1259.213684,1.007933,alpha,1049.2127051546393,0.016311445395390582
walnut_adam_b50_c3,wells_dist100_model,0,1.004,0.91624925,0.47485675,0.44139249999999997,61520,30924,-4,-0.001,-4,-0.001,,932.215115,946.949523,1309.341045,1.004502,beta.1,928.5011105577689,0.015153041531209362
walnut_adam_b50_c3,wells_dist100_model,2,0.929,0.8429362499999999,0.421776,0.42116025,61557,30800,-4,-0.001,-4,-0.001,,802.039418,834.048222,1272.33954,1.004147,beta.1,863.3362949407965,0.013029215491333235
walnut_adam_b50_c3,eight_schools_noncentered,1,0.024,0.015281607500000002,0.007716522500000001,0.007565084999999999,73156,36314,-4,-0.001,-4,-0.001,,1430.844511,2532.832269,1284.10294,1.005063,tau,59618.521291666664,0.019558812824648695
walnut_adam_b50_c3,eight_schools_noncentered,0,0.057,0.020073352500000002,0.008095950000000001,0.011977402500000001,72470,35860,-4,-0.001,-4,-0.001,,1304.477816,2326.527628,1434.482042,1.003311,tau,22885.575719298246,0.01800024583965779
walnut_adam_b50_c3,eight_schools_noncentered,2,0.026,0.01671613,0.0085566575,0.0081594725,73378,36377,-4,-0.001,-4,-0.001,,1369.639562,2640.705787,1105.006822,1.002667,tau,52678.4446923077,0.018665534111041458
walnut_adam_b50_c3,dogs_hierarchical,1,0.992,0.7730282500000001,0.37210849999999995,0.40091975,51408,25668,-4,-0.001,-4,-0.001,,1543.410551,3912.500878,1800.101551,1.002709,a,1555.8574102822581,0.030022769821817615
walnut_adam_b50_c3,dogs_hierarchical,0,1.133,0.887966,0.41348075,0.47448524999999997,51848,25659,-4,-0.001,-4,-0.001,,1616.766036,3924.63278,1609.863383,1.002215,a,1426.9779664607238,0.031182804274031785
walnut_adam_b50_c3,dogs_hierarchical,2,1.001,0.7794924999999999,0.394603,0.38488949999999994,54103,25601,-4,-0.001,-4,-0.001,,1676.936176,3908.664445,1847.661026,1.003613,a,1675.2609150849153,0.030995253054359278
walnut_adam_b50_c3,bym2_offset_only,1,12.068,7.628425,3.7660675,3.8623575,256004,128000,-4,-0.001,-4,-0.001,,4.032258,4.032258,inf,-inf,beta0,0.33412810739144844,1.575076170684833e-05
walnut_adam_b50_c3,bym2_offset_only,0,12.089,10.2342475,5.1492325,5.085015,256004,128000,-4,-0.001,-4,-0.001,,4.032258,4.032258,inf,-inf,beta0,0.33354768798080897,1.575076170684833e-05
walnut_adam_b50_c3,bym2_offset_only,2,13.457,10.1220225,4.932382499999999,5.18964,256004,128000,-4,-0.001,-4,-0.001,,4.032258,4.032258,inf,-inf,beta0,0.2996401872631344,1.575076170684833e-05
walnut_adam_b50_c3,pilots,1,0.175,0.137851525,0.07817625,0.05967527499999999,301545,130306,-4,-0.001,-4,-0.001,,4.584974,227.832237,12.467304,2.966074,a.1,26.199851428571428,1.5204941219386823e-05
walnut_adam_b50_c3,pilots,0,0.17,0.118755,0.07439515000000001,0.044359850000000006,290631,117407,-4,-0.001,-4,-0.001,,4.467846,386.06148,13.990605,3.324923,a.5,26.281447058823527,1.5372916172053222e-05
walnut_adam_b50_c3,pilots,2,0.144,0.094744025,0.05545125,0.039292775,291556,120600,-4,-0.001,-4,-0.001,,4.50435,393.179203,10.876776,3.135396,a.2,31.280208333333334,1.5449347638189574e-05
walnut_adam_b50_c3,garch11,1,0.248,0.235116,0.11765250000000001,0.1174635,74849,36368,-4,-0.001,-4,-0.001,,787.031168,1195.145697,920.092971,1.006321,alpha0,3173.5127741935485,0.010514918943472859
walnut_adam_b50_c3,garch11,0,0.268,0.24973175,0.12725125,0.12248049999999999,75230,36005,-4,-0.001,-4,-0.001,,700.189266,1002.764081,1019.367344,1.004934,alpha0,2612.6465149253727,0.009307314449022996
walnut_adam_b50_c3,garch11,2,0.276,0.24540925,0.12892975,0.1164795,75542,35943,-4,-0.001,-4,-0.001,,870.609397,1145.762573,1258.150376,1.00348,alpha0,3154.3818731884053,0.011524839122607291
walnut_adam_b50_c3,logmesquite_logvash,1,0.107,0.09169015,0.052105625,0.039584524999999995,182100,78948,-4,-0.001,-4,-0.001,,86.264109,222.777409,138.874385,1.054599,beta.3,806.2066261682244,0.00047371833607907747
walnut_adam_b50_c3,logmesquite_logvash,0,0.164,0.13382880000000003,0.06551312499999999,0.06831567499999999,204722,89550,-4,-0.001,-4,-0.001,,7.364859,14.04122,4.032258,1.538889,beta.2,44.90767682926829,3.597492697414054e-05
walnut_adam_b50_c3,logmesquite_logvash,2,0.125,0.104172925,0.053370875,0.05080205,189299,78466,-4,-0.001,-4,-0.001,,120.8948,234.993305,159.247296,1.029152,beta.2,967.1584,0.0006386446838070988
walnut_adam_b50_c3,diamonds,1,2.626,2.5369625000000005,1.3074425,1.22952,256232,128000,-4,-0.001,-4,-0.001,,4.032258,4.032258,inf,-inf,b.1,1.5355133282559024,1.5736746386087606e-05
walnut_adam_b50_c3,diamonds,0,2.82,2.712325,1.367495,1.3448300000000002,256004,128000,-4,-0.001,-4,-0.001,,4.032258,4.032258,inf,-inf,b.1,1.4298787234042554,1.575076170684833e-05
walnut_adam_b50_c3,diamonds,2,3.08,2.6606474999999996,1.41311,1.2475375,269682,128000,-4,-0.001,-4,-0.001,,4.032258,4.032258,inf,-inf,b.1,1.3091746753246751,1.4951898903152601e-05
walnut_adam_b50_c3,gp_regr,1,0.059,0.053858675,0.027410225,0.02644845,45380,22320,-4,-0.001,-4,-0.001,,3429.689122,3464.514517,2478.73786,1.00351,sigma,58130.324101694925,0.07557710713970912
walnut_adam_b50_c3,gp_regr,0,0.062,0.054661224999999994,0.028214975,0.026446250000000004,45473,22092,-4,-0.001,-4,-0.001,,3444.482594,3582.125474,2413.761257,1.001708,sigma,55556.17087096774,0.0757478634354452
walnut_adam_b50_c3,gp_regr,2,0.06,0.0542544,0.0275877,0.0266667,45926,22748,-4,-0.001,-4,-0.001,,3027.202221,3529.951857,2156.841452,1.000761,alpha,50453.370350000005,0.06591478075599878
walnut_adam_b50_c3,lsat_model,1,5.873,5.4331225,3.4047675,2.028355,127408,47069,-4,-0.001,-4,-0.001,,270.196364,808.187316,393.202866,1.015162,beta,46.006532266303424,0.00212071741177948
walnut_adam_b50_c3,lsat_model,0,11.904,7.75254,4.55115,3.2013900000000004,171482,68796,-4,-0.001,-4,-0.001,,7.153074,57.759398,4.032258,1.552182,theta.757,0.6008966733870968,4.171326436593928e-05
walnut_adam_b50_c3,lsat_model,2,10.911,7.5095425,3.7632925,3.74625,195983,88102,-4,-0.001,-4,-0.001,,4.433412,11.20968,4.032258,3.465863,a.1,0.4063249931262029,2.2621411040753533e-05
walnut_adam_b50_c3,eight_schools_centered,1,0.032,0.0244242,0.012668125,0.011756075,149391,72644,-4,-0.001,-4,-0.001,,132.287681,284.753182,117.045206,1.03832,tau,4133.990031249999,0.0008855130563420821
walnut_adam_b50_c3,eight_schools_centered,0,0.034,0.023986275,0.01186275,0.012123525,162024,83037,-4,-0.001,-4,-0.001,,41.707131,254.905707,101.430112,1.069374,tau,1226.6803235294117,0.0002574132906236113
walnut_adam_b50_c3,eight_schools_centered,2,0.038,0.0258571,0.011806025,0.014051075,155726,75695,-4,-0.001,-4,-0.001,,67.653847,216.026479,49.301662,1.056502,tau,1780.364394736842,0.0004344415640291281
walnut_adam_b50_c3,arma11,1,0.498,0.44889025,0.22796224999999998,0.220928,239929,115164,-4,-0.001,-4,-0.001,,4.080594,4.142419,inf,9.439977,phi,8.193963855421686,1.7007506387306245e-05
walnut_adam_b50_c3,arma11,0,0.499,0.4735465,0.240926,0.2326205,256004,128000,-4,-0.001,-4,-0.001,,4.032258,4.032258,inf,-inf,mu,8.080677354709419,1.575076170684833e-05
walnut_adam_b50_c3,blr,1,0.099,0.086042325,0.043900549999999997,0.042141775,256004,128000,-4,-0.001,-4,-0.001,,4.032258,4.032258,inf,-inf,beta.1,40.72987878787878,1.575076170684833e-05
walnut_adam_b50_c3,blr,0,0.119,0.0972924,0.046000299999999994,0.05129209999999999,256004,128000,-4,-0.001,-4,-0.001,,4.032258,4.032258,inf,-inf,beta.1,33.88452100840336,1.575076170684833e-05
walnut_adam_b50_c3,blr,2,0.106,0.08572597500000001,0.041531125,0.04419485,256004,128000,-4,-0.001,-4,-0.001,,4.032258,4.032258,inf,-inf,beta.1,38.04016981132075,1.575076170684833e-05
walnut_adam_b50_c3,low_dim_gauss_mix,1,12.353,8.285855,4.40323,3.882625,175173,82094,-4,-0.001,-4,-0.001,,4.427783,4.778992,4.032258,3.410981,theta,0.3584378693434793,2.5276629389232358e-05
walnut_adam_b50_c3,low_dim_gauss_mix,0,9.486,5.309122500000001,3.3377725,1.97135,106883,38977,-4,-0.001,-4,-0.001,,7.188792,7.758582,29.213036,1.529432,sigma.2,0.757831752055661,6.725851632158528e-05
walnut_adam_b50_c3,low_dim_gauss_mix,2,11.034,6.4998575,3.887205,2.6126525000000003,143233,61154,-4,-0.001,-4,-0.001,,7.205092,7.263537,4.032258,1.53185,mu.2,0.652990030813848,5.030329602814993e-05
walnut_adam_b50_c3,accel_gp,1,6.404,2.35352625,1.174608,1.17891825,603193,316189,-4,-0.001,-4,-0.001,,4.271086,5.592925,4.032258,7.25175,lscale_sigma_1,0.6669403497813867,7.0807950357514105e-06
walnut_adam_b50_c3,accel_gp,0,1.502,1.0947342500000001,0.56195425,0.5327799999999999,256004,128000,-4,-0.001,-4,-0.001,,4.032258,4.032258,inf,-inf,Intercept,2.6845925432756323,1.575076170684833e-05
walnut_adam_b50_c3,accel_gp,2,1.059,0.9782369999999999,0.47302425,0.50521275,256004,128000,-4,-0.001,-4,-0.001,,4.032258,4.032258,inf,-inf,Intercept,3.807609065155807,1.575076170684833e-05
walnut_adam_b50_c3,radon_variable_intercept_slope_noncentered,1,3.531,2.21312425,1.238006,0.97511825,166832,67491,-4,-0.001,-4,-0.001,,5.651974,15.844797,4.032258,1.903691,alpha_raw.70,1.6006723307844803,3.3878236789105206e-05
walnut_adam_b50_c3,radon_variable_intercept_slope_noncentered,0,3.482,1.963389,1.069287,0.8941020000000001,147520,67746,-4,-0.001,-4,-0.001,,7.198158,17.929887,4.032258,1.546021,mu_alpha,2.067248133256749,4.879445498915401e-05
walnut_adam_b50_c3,radon_variable_intercept_slope_noncentered,2,3.216,2.2529002499999997,1.2049335,1.04796675,187100,86944,-4,-0.001,-4,-0.001,,4.398298,7.00287,4.032258,4.103468,beta.7,1.367629975124378,2.350773917691074e-05
walnut_da_b50,lotka_volterra,1,39.002,11.966117500000001,6.167167500000001,5.79895,168392,89342,-4,-0.001,-4,-0.001,,4.917298,5.931556,10.784194,2.382438,z.10.2,0.12607809855904825,2.9201494132737895e-05
walnut_da_b50,lotka_volterra,0,5.083,3.7649350000000004,2.1772475,1.5876875000000001,149482,77896,-4,-0.001,-4,-0.001,,10.030441,33.809485,11.832213,1.316133,z.9.2,1.9733309069447176,6.710132992601116e-05
walnut_da_b50,lotka_volterra,2,4.239,3.1835725000000004,1.8561424999999998,1.3274299999999999,139899,70526,-4,-0.001,-4,-0.001,,13.431795,67.383614,10.626213,1.234044,sigma.2,3.1686234961075725,9.601065768876117e-05
walnut_da_b50,kidscore_momiq,1,0.166,0.141337675,0.0805965,0.060741175,104570,45318,-4,-0.001,-4,-0.001,,265.353558,480.907488,216.934791,1.009623,beta.1,1598.5154096385543,0.00253756869082911
walnut_da_b50,kidscore_momiq,0,0.182,0.160451375,0.0900724,0.070378975,117720,52721,-4,-0.001,-4,-0.001,,358.370081,483.260214,462.624959,1.011401,beta.1,1969.0663791208792,0.0030442582483860008
walnut_da_b50,kidscore_momiq,2,0.186,0.13647765,0.081176225,0.055301425,100178,40852,-4,-0.001,-4,-0.001,,6.703325,6.925799,11.369514,1.607445,sigma,36.03938172043011,6.691414282577014e-05
walnut_da_b50,radon_partially_pooled_noncentered,1,15.493,14.69775,7.8510599999999995,6.846689999999999,147585,69055,-4,-0.001,-4,-0.001,,199.452142,3862.397385,381.041321,1.018428,sigma_alpha,12.873694055379849,0.0013514391164413729
walnut_da_b50,radon_partially_pooled_noncentered,0,16.267,14.9053675,8.3344725,6.570895,153603,69932,-4,-0.001,-4,-0.001,,64.540372,1158.315333,102.823601,1.06468,sigma_alpha,3.967564517120551,0.00042017650696926493
walnut_da_b50,radon_partially_pooled_noncentered,2,13.7,13.304165,6.9996225,6.3045425,143847,64098,-4,-0.001,-4,-0.001,,111.947311,1949.162745,99.913267,1.023919,sigma_alpha,8.171336569343065,0.0007782387606276112
walnut_da_b50,kronecker_gp,1,15.783,13.4362,6.921055000000001,6.515145,140484,66187,-4,-0.001,-4,-0.001,,17.897359,194.082679,31.412908,1.180043,R1.30,1.1339643287081038,0.00012739784601805188
walnut_da_b50,kronecker_gp,0,14.617,13.2927575,6.8431275000000005,6.44963,143201,67632,-4,-0.001,-4,-0.001,,17.574007,199.191875,52.741978,1.188535,Sigma1.8.1,1.2022991721967573,0.00012272265556804773
walnut_da_b50,kronecker_gp,2,15.411,12.451262500000002,6.031397500000001,6.419865,142347,66811,-4,-0.001,-4,-0.001,,20.568088,206.983602,21.599056,1.131502,Sigma1.9.1,1.3346368178573746,0.00014449259907128355
walnut_da_b50,hier_2pl,1,44.356,42.673899999999996,22.686675,19.987225,151966,70738,-4,-0.001,-4,-0.001,,81.506665,2021.131073,144.861659,1.063524,xi2.32,1.837556700333664,0.0005363480317965861
walnut_da_b50,hier_2pl,0,44.474,43.373425,23.651075000000002,19.72235,151301,70450,-4,-0.001,-4,-0.001,,54.675961,1824.385602,45.896239,1.064503,L_Omega.2.1,1.2293915771012278,0.00036137210593452786
walnut_da_b50,hier_2pl,2,43.951,42.5744,22.349675,20.224725,149348,69011,-4,-0.001,-4,-0.001,,47.099204,2081.478649,195.346413,1.079477,xi1.27,1.0716298605264953,0.00031536548196159304
walnut_da_b50,wells_dist100_model,1,1.02,0.84775325,0.4724965,0.37525675000000003,61066,27668,-4,-0.001,-4,-0.001,,938.473537,947.616354,1308.971434,1.007023,beta.1,920.0720950980392,0.015368184210526315
walnut_da_b50,wells_dist100_model,0,0.879,0.7874290000000002,0.4388025,0.3486265,58032,26764,-4,-0.001,-4,-0.001,,852.107254,866.185826,1279.086452,1.002785,beta.1,969.4052946530148,0.014683403191342708
walnut_da_b50,wells_dist100_model,2,0.844,0.80561125,0.44956725,0.35604399999999997,59440,27700,-4,-0.001,-4,-0.001,,895.043968,899.98689,1143.761785,1.002565,beta.1,1060.47863507109,0.015057940242261102
walnut_da_b50,eight_schools_noncentered,1,0.024,0.01571858,0.0080667875,0.007651792499999999,72178,34077,-4,-0.001,-4,-0.001,,1429.845764,2949.801355,1540.370583,1.002544,tau,59576.90683333333,0.019809994236470944
walnut_da_b50,eight_schools_noncentered,0,0.027,0.0166527925,0.0083416025,0.00831119,73822,34469,-4,-0.001,-4,-0.001,,1702.016525,2945.474118,1670.282452,1.002511,tau,63037.64907407408,0.023055681571889138
walnut_da_b50,eight_schools_noncentered,2,0.024,0.015950007500000002,0.00840039,0.0075496175,73988,33919,-4,-0.001,-4,-0.001,,1238.089535,3061.634413,904.115864,1.003748,tau,51587.06395833333,0.016733653227550414
walnut_da_b50,dogs_hierarchical,1,0.959,0.74516,0.39082649999999997,0.35433349999999997,50482,23481,-4,-0.001,-4,-0.001,,1654.811627,3918.491921,1633.9257,1.004352,a,1725.5595693430657,0.032780231112079554
walnut_da_b50,dogs_hierarchical,0,0.923,0.7521875,0.39738324999999997,0.35480425000000004,52537,23897,-4,-0.001,-4,-0.001,,1711.972297,3923.637073,1823.647761,1.002165,a,1854.7912210184181,0.03258603074024021
walnut_da_b50,dogs_hierarchical,2,1.025,0.78952425,0.42716449999999995,0.36235975,54186,23699,-4,-0.001,-4,-0.001,,1452.70968,3904.547634,1514.953554,1.003101,a,1417.2777365853658,0.026809686634924147
walnut_da_b50,bym2_offset_only,1,34.079,24.62592,10.611375,14.014545,624631,341296,-4,-0.001,-4,-0.001,,4.240921,5.060128,10.638859,4.557734,beta0,0.12444382170838346,6.789482110237885e-06
walnut_da_b50,bym2_offset_only,0,21.737,17.643485,8.2940975,9.3493875,425962,224422,-4,-0.001,-4,-0.001,,4.297824,97.240279,10.599744,4.067254,beta0,0.197719280489488,1.008968875157878e-05
walnut_da_b50,bym2_offset_only,2,30.055,20.296675,10.1446825,10.151992499999999,494236,255137,-4,-0.001,-4,-0.001,,4.249327,8.485254,10.705125,4.471876,beta0,0.1413850274496756,8.59776908197703e-06
walnut_da_b50,pilots,1,0.12,0.06841027499999999,0.0321532,0.036257075,181038,94614,-4,-0.001,-4,-0.001,,4.459256,447.15567,11.447015,3.353456,mu_a,37.160466666666665,2.463160220506192e-05
walnut_da_b50,pilots,0,0.096,0.06611082500000001,0.0301061,0.036004725,173094,92472,-4,-0.001,-4,-0.001,,4.537996,399.199957,17.346072,3.048399,a.3,47.27079166666666,2.621694570580147e-05
walnut_da_b50,pilots,2,0.147,0.09432965,0.03254455,0.061785099999999996,260979,174207,-4,-0.001,-4,-0.001,,4.280534,389.899569,10.919381,4.197011,mu_a,29.119278911564628,1.640183309768219e-05
walnut_da_b50,garch11,1,0.261,0.24963174999999999,0.12747225,0.12215949999999999,77386,36477,-4,-0.001,-4,-0.001,,967.162092,1299.08115,1262.163272,1.0027,alpha0,3705.6018850574715,0.01249789486470421
walnut_da_b50,garch11,0,0.266,0.2530365,0.132438,0.1205985,78527,36367,-4,-0.001,-4,-0.001,,942.450282,1253.171978,1408.089857,1.003727,alpha0,3543.0461729323306,0.012001608134781667
walnut_da_b50,garch11,2,0.254,0.23777575,0.12796174999999999,0.109814,76276,35321,-4,-0.001,-4,-0.001,,924.356366,1229.885753,1341.430103,1.007781,alpha0,3639.1982913385827,0.012118574204205779
walnut_da_b50,logmesquite_logvash,1,0.111,0.09217550000000001,0.042460975,0.04971452500000001,164855,77802,-4,-0.001,-4,-0.001,,283.892808,583.86657,418.314865,1.019971,beta.2,2557.592864864865,0.00172207581207728
walnut_da_b50,logmesquite_logvash,0,0.11,0.08604900000000001,0.04487387500000001,0.041175125,162732,76708,-4,-0.001,-4,-0.001,,305.692568,468.871807,196.951393,1.012552,sigma,2779.0233454545455,0.0018785031094068776
walnut_da_b50,logmesquite_logvash,2,0.137,0.08881007499999999,0.042076300000000004,0.046733775,157959,73232,-4,-0.001,-4,-0.001,,246.224437,412.785149,539.749803,1.014091,beta.2,1797.2586642335764,0.0015587870080210687
walnut_da_b50,diamonds,1,3.742,2.29984125,1.02846825,1.271373,236158,127636,-4,-0.001,-4,-0.001,,4.447989,70.317342,11.350441,3.316417,b.22,1.188666221272047,1.8834801277111085e-05
walnut_da_b50,diamonds,0,4.249,3.09784975,1.29582725,1.8020225,313242,181425,-4,-0.001,-4,-0.001,,4.427001,164.295547,11.372401,3.378869,b.23,1.0418924452812426,1.4132846170053823e-05
walnut_da_b50,diamonds,2,4.205,2.98032525,1.040505,1.93982025,305295,196982,-4,-0.001,-4,-0.001,,4.784916,178.892298,11.134319,2.547091,b.23,1.1379110582639713,1.5673089962167738e-05
walnut_da_b50,gp_regr,1,0.066,0.05947427500000001,0.031349249999999995,0.028125024999999998,48659,22505,-4,-0.001,-4,-0.001,,3491.994451,3607.273864,2462.625305,1.001492,rho,52909.00683333333,0.07176461602170205
walnut_da_b50,gp_regr,0,0.085,0.062733925,0.034783325,0.027950600000000003,47839,21917,-4,-0.001,-4,-0.001,,3742.609075,3818.534806,2594.490273,1.000943,alpha,44030.69499999999,0.07823343036016639
walnut_da_b50,gp_regr,2,0.092,0.070255475,0.037763325,0.03249215,49758,23290,-4,-0.001,-4,-0.001,,3240.421151,3528.62678,1993.387171,1.001134,alpha,35221.96903260869,0.06512362134732104
walnut_da_b50,lsat_model,1,7.005,6.526529999999999,3.52266,3.0038699999999996,147461,68699,-4,-0.001,-4,-0.001,,808.574907,3349.579513,1163.243024,1.010564,beta,115.42825224839402,0.0054833136015624475
walnut_da_b50,lsat_model,0,6.597,6.16528,3.259655,2.905625,145428,68171,-4,-0.001,-4,-0.001,,774.919611,4621.698446,1080.113159,1.009482,beta,117.4654556616644,0.005328544785048271
walnut_da_b50,lsat_model,2,6.954,6.378517499999999,3.4205575,2.9579600000000004,149027,69366,-4,-0.001,-4,-0.001,,473.43122,3999.1862,729.738432,1.010015,beta,68.08041702617199,0.003176815073778577
walnut_da_b50,eight_schools_centered,1,0.035,0.02152109,0.010399090000000001,0.011122,137465,72869,-4,-0.001,-4,-0.001,,102.517495,353.235646,94.770544,1.033238,tau,2929.0712857142853,0.0007457716145928055
walnut_da_b50,eight_schools_centered,0,0.032,0.02309875,0.010743925,0.012354825,146049,79750,-4,-0.001,-4,-0.001,,40.930182,255.41686,80.81149,1.089683,tau,1279.0681875,0.0002802496559373909
walnut_da_b50,eight_schools_centered,2,0.035,0.0252921375,0.01209525,0.0131968875,146334,78778,-4,-0.001,-4,-0.001,,41.749991,234.508461,52.824659,1.106121,tau,1192.8568857142857,0.0002853061557806115
walnut_da_b50,arma11,1,0.525,0.4305162,0.2122945,0.21822170000000002,225259,112476,-4,-0.001,-4,-0.001,,4.080413,4.140458,inf,9.517192,phi,7.772215238095238,1.8114317296978144e-05
walnut_da_b50,arma11,0,0.548,0.33440929999999996,0.175327975,0.159081325,178520,84261,-4,-0.001,-4,-0.001,,4.091069,4.281137,4.032258,8.45324,mu,7.465454379562043,2.291658637687654e-05
walnut_da_b50,blr,1,0.047,0.0359757375,0.0202339,0.0157418375,93125,33092,-4,-0.001,-4,-0.001,,4.24185,4.269604,11.397866,4.558161,sigma,90.25212765957447,4.555006711409396e-05
walnut_da_b50,blr,0,0.039,0.032029775,0.019425,0.012604775,88768,33552,-4,-0.001,-4,-0.001,,4.245609,4.972883,11.417936,4.525223,sigma,108.86176923076923,4.782814753064167e-05
walnut_da_b50,blr,2,0.048,0.0368501,0.023448025,0.013402075,93477,33760,-4,-0.001,-4,-0.001,,4.24249,4.310835,11.42861,4.552923,sigma,88.38520833333334,4.5385388919199376e-05
walnut_da_b50,low_dim_gauss_mix,1,4.108,3.3858,1.9770274999999997,1.4087725,69560,28560,-4,-0.001,-4,-0.001,,302.356044,1305.170242,486.529642,1.005309,sigma.1,73.60176338851024,0.004346694134560092
walnut_da_b50,low_dim_gauss_mix,0,3.175,2.997392,2.09183,0.905562,75627,32816,-4,-0.001,-4,-0.001,,7.178267,7.974985,31.353216,1.529692,sigma.1,2.2608714960629923,9.491672286352758e-05
walnut_da_b50,low_dim_gauss_mix,2,4.596,3.7424524999999997,2.1953125,1.54714,76629,31414,-4,-0.001,-4,-0.001,,129.684133,776.662647,103.830709,1.01571,sigma.1,28.21673912097476,0.0016923636351772828
walnut_da_b50,accel_gp,2,0.861,0.65590175,0.39259125000000006,0.2633105,167846,66149,-4,-0.001,-4,-0.001,,4.291874,41.699729,11.258548,4.139885,sdgp_sigma_1,4.9847549361207895,2.55703084970747e-05
walnut_da_b50,radon_variable_intercept_slope_noncentered,1,1.892,1.5782642500000001,0.84791275,0.7303514999999999,128471,60194,-4,-0.001,-4,-0.001,,87.945493,1252.783665,131.175195,1.043374,alpha_raw.26,46.48281871035941,0.000684555214795557
walnut_da_b50,radon_variable_intercept_slope_noncentered,0,1.839,1.57948375,0.79334875,0.7861349999999999,132052,65149,-4,-0.001,-4,-0.001,,60.308485,2324.050183,198.199361,1.05255,sigma_beta,32.794173463839044,0.0004567025489958501
walnut_da_b50,radon_variable_intercept_slope_noncentered,2,1.749,1.41830125,0.7884217499999999,0.6298795,116526,52009,-4,-0.001,-4,-0.001,,5.0313,145.90117,11.358486,2.272155,sigma_alpha,2.8766723842195536,4.317748828587611e-05
w9_diag,radon_partially_pooled_noncentered,1,81.667,75.5187,41.900375,33.618325,765174,343880,-4,-0.001,-4,-0.001,,665.480108,7406.216021,1227.787553,1.006879,mu_alpha,8.14870275631528,0.0008697108213295276
w9_diag,radon_partially_pooled_noncentered,0,88.204,86.94875,49.3147,37.63405,827353,376000,-4,-0.001,-4,-0.001,,614.834792,7914.599232,1232.395747,1.008153,mu_alpha,6.970599882091515,0.0007431347828556856
w9_diag,radon_partially_pooled_noncentered,2,80.763,79.415525,43.035,36.380525,824658,376000,-4,-0.001,-4,-0.001,,530.653672,7912.525527,1398.699752,1.009377,mu_alpha,6.5705047113158255,0.0006434833252087532
w9_diag,kronecker_gp,1,67.122,54.71205,30.999075,23.712975,606332,263923,-4,-0.001,-4,-0.001,,93.923733,678.494119,52.114884,1.048412,L.25.12,1.399298784303209,0.00015490479308365713
w9_diag,kronecker_gp,0,65.868,46.9901,27.404474999999998,19.585625,502460,208459,-4,-0.001,-4,-0.001,,81.126105,714.822252,178.066494,1.047818,Sigma1.6.1,1.231646702495901,0.0001614578374397962
w9_diag,kronecker_gp,2,67.567,60.256575,33.844725,26.41185,659156,288115,-4,-0.001,-4,-0.001,,103.428893,924.526939,116.452138,1.046897,eigenvalues.25.30,1.5307604747879884,0.00015691109995205992
w9_diag,hier_2pl,1,289.443,288.16499999999996,143.81225,144.35275,998801,500000,-4,-0.001,-4,-0.001,,165.522008,1471.944133,178.05902,1.026476,xi1.21,0.5718639179389379,0.00016572070712784627
w9_diag,hier_2pl,0,299.709,294.86800000000005,147.93525,146.93275,998864,500000,-4,-0.001,-4,-0.001,,521.400555,2891.894393,377.487694,1.012443,xi1.9,1.7396893486682083,0.000521993539661055
w9_diag,hier_2pl,2,284.019,227.00099999999998,120.52347499999999,106.47752499999999,794747,375488,-4,-0.001,-4,-0.001,,48.872907,616.942554,55.809963,1.064549,xi1.21,0.17207618856484952,6.149492479996778e-05
w9_diag,bym2_offset_only,1,44.007,34.803799999999995,19.181150000000002,15.62265,838903,373489,-4,-0.001,-4,-0.001,,141.239578,3353.128864,252.991669,1.023003,rho,3.2094798100302224,0.00016836222781418112
w9_diag,bym2_offset_only,0,46.492,39.741675,21.5328,18.208875,887427,407378,-4,-0.001,-4,-0.001,,183.028463,3620.453008,330.000122,1.019194,rho,3.9367732728211307,0.00020624621856220286
w9_diag,bym2_offset_only,2,41.393,35.084275,19.155649999999998,15.928625,887773,406859,-4,-0.001,-4,-0.001,,146.505678,3678.498195,231.313794,1.032564,rho,3.5393829391442995,0.0001650260573367291
w9_diag,garch11,1,0.418,0.3482495,0.17465475,0.17359475000000002,99731,49189,-4,-0.001,-4,-0.001,,738.967711,1318.114385,901.173954,1.003586,alpha0,1767.8653373205743,0.007409608958097282
w9_diag,garch11,0,0.333,0.309226,0.1525265,0.1566995,96994,48659,-4,-0.001,-4,-0.001,,890.828273,1516.916425,1240.83064,1.002851,alpha0,2675.159978978979,0.009184364733901065
w9_diag,garch11,2,0.353,0.31104224999999996,0.1496155,0.16142675,101500,51680,-4,-0.001,-4,-0.001,,962.098565,1462.691874,1191.294957,1.003756,alpha0,2725.491685552408,0.009478803596059113
w9_diag,lsat_model,1,25.58,24.919175000000003,14.7017,10.217475,621819,252000,-4,-0.001,-4,-0.001,,1467.13934,10161.118459,1784.574586,1.008736,beta,57.354939014855354,0.002359431506595971
w9_diag,lsat_model,0,27.87,27.3298,16.1172,11.212599999999998,621596,252000,-4,-0.001,-4,-0.001,,1190.550752,10103.577863,1804.475375,1.00962,beta,42.71800330104055,0.0019153127626303902
w9_diag,lsat_model,2,25.605,24.93025,14.607299999999999,10.322949999999999,621723,252000,-4,-0.001,-4,-0.001,,1476.77131,11113.858088,1725.966301,1.008057,beta,57.6751146260496,0.0023752882071276116
walnut_adam_b50,lotka_volterra,1,9.472,5.4244325,3.6024025,1.8220300000000003,194086,94158,-4,-0.001,-4,-0.001,,4.830067,9.410038,4.032258,2.489663,z.8.1,0.5099310599662162,2.4886220541409477e-05
walnut_adam_b50,lotka_volterra,0,6.95,4.6458675000000005,2.6524625,1.993405,202035,106385,-4,-0.001,-4,-0.001,,169.509607,1471.746798,212.78446,1.040905,theta.3,24.389871510791366,0.0008390110970871383
walnut_adam_b50,lotka_volterra,2,4.876,3.22266,2.1186125000000002,1.1040474999999998,140319,55027,-4,-0.001,-4,-0.001,,7.033738,21.733936,20.36925,1.56725,sigma.2,1.442522149302707,5.012676829224837e-05
walnut_adam_b50,kidscore_momiq,1,0.365,0.342699,0.16606949999999998,0.1766295,256004,128000,-4,-0.001,-4,-0.001,,4.032258,4.032258,inf,-inf,beta.1,11.047282191780821,1.575076170684833e-05
walnut_adam_b50,kidscore_momiq,0,0.387,0.352661,0.17639224999999997,0.17626875,256004,128000,-4,-0.001,-4,-0.001,,4.032258,4.032258,inf,-inf,beta.1,10.419271317829455,1.575076170684833e-05
walnut_adam_b50,kidscore_momiq,2,0.416,0.3709275,0.1871315,0.18379600000000001,256004,128000,-4,-0.001,-4,-0.001,,4.032258,4.032258,inf,-inf,beta.1,9.692927884615385,1.575076170684833e-05
walnut_adam_b50,radon_partially_pooled_noncentered,1,24.468,20.986790000000003,11.278775,9.708015,223528,99903,-4,-0.001,-4,-0.001,,4.365133,5.949546,4.032258,3.739864,sigma_alpha,0.1784017083537682,1.9528349915894207e-05
walnut_adam_b50,radon_partially_pooled_noncentered,0,24.506,24.1742,12.52515,11.649049999999999,255992,128000,-4,-0.001,-4,-0.001,,4.032258,4.032258,inf,-inf,alpha_raw.1,0.1645416632661389,1.5751500046876463e-05
walnut_adam_b50,radon_partially_pooled_noncentered,2,24.67,24.022575000000003,11.60895,12.413625,256050,128000,-4,-0.001,-4,-0.001,,4.032258,4.032258,inf,-inf,alpha_raw.1,0.1634478313741386,1.5747932044522552e-05
walnut_adam_b50,kronecker_gp,0,39.15,31.94534,16.0988575,15.8464825,365439,183915,-4,-0.001,-4,-0.001,,7.02152,20.499884,4.032258,1.581415,L.28.1,0.17934916985951468,1.9213931736897265e-05
walnut_adam_b50,kronecker_gp,2,37.236,32.07684999999999,14.5964,17.48045,360246,197516,-4,-0.001,-4,-0.001,,7.030789,21.043971,4.032258,1.579552,R1.26,0.18881697819314644,1.9516633078507465e-05
walnut_adam_b50,hier_2pl,1,109.367,84.02002499999999,37.178850000000004,46.841175,301052,169188,-4,-0.001,-4,-0.001,,5.296999,11.886106,4.032258,2.096131,xi1.21,0.048433247688973814,1.7594963660762923e-05
walnut_adam_b50,hier_2pl,0,91.686,77.743875,36.382275,41.361599999999996,274982,146937,-4,-0.001,-4,-0.001,,4.042861,4.707836,4.032258,19.917526,xi1.9,0.04409463822175687,1.4702275058003798e-05
walnut_adam_b50,hier_2pl,2,75.211,66.414175,36.05105,30.363125,237490,109807,-4,-0.001,-4,-0.001,,6.652113,23.076762,4.032258,1.639694,xi2.9,0.08844601188655915,2.8010076213735316e-05
walnut_adam_b50,wells_dist100_model,1,0.862,0.77170925,0.407781,0.36392824999999995,56319,26404,-4,-0.001,-4,-0.001,,724.381349,742.710542,1143.085741,1.003511,alpha,840.3495928074246,0.012862113123457447
walnut_adam_b50,wells_dist100_model,0,0.751,0.7254244999999999,0.37769625,0.34772824999999996,53478,25723,-4,-0.001,-4,-0.001,,796.549234,814.0088,1169.365265,1.006606,beta.1,1060.6514434087883,0.014894895732824712
walnut_adam_b50,wells_dist100_model,2,0.755,0.713737,0.37150925,0.34222775,54744,26088,-4,-0.001,-4,-0.001,,992.540723,1003.777936,1309.225692,1.001422,beta.1,1314.6234741721853,0.018130584593745433
walnut_adam_b50,eight_schools_noncentered,1,0.024,0.0154491725,0.007682645,0.007766527499999999,69206,33575,-4,-0.001,-4,-0.001,,1598.016451,3152.137666,1341.954724,1.002575,tau,66584.01879166666,0.023090721194694103
walnut_adam_b50,eight_schools_noncentered,0,0.033,0.017215515,0.00847607,0.008739445,70770,35193,-4,-0.001,-4,-0.001,,1591.762875,3013.063703,1495.6723,1.003075,tau,48235.23863636363,0.02249205701568461
walnut_adam_b50,eight_schools_noncentered,2,0.038,0.018071015,0.00888117,0.009189845,69309,33865,-4,-0.001,-4,-0.001,,1720.960979,3003.147296,1755.258322,1.005553,tau,45288.44681578947,0.024830267050455206
walnut_adam_b50,dogs_hierarchical,1,0.91,0.687504,0.3370715,0.35043250000000004,47312,23389,-4,-0.001,-4,-0.001,,1564.607101,3915.617038,1562.771103,1.00316,a,1719.3484626373627,0.03306998438028407
walnut_adam_b50,dogs_hierarchical,0,0.918,0.70045,0.358629,0.341821,48877,23510,-4,-0.001,-4,-0.001,,1788.308423,3927.805867,1942.255223,1.002484,a,1948.048391067538,0.03658793344517871
walnut_adam_b50,dogs_hierarchical,2,0.968,0.7560530000000001,0.37513599999999997,0.380917,50732,23753,-4,-0.001,-4,-0.001,,1495.251265,3914.066639,1789.23823,1.003102,a,1544.6810588842977,0.029473532780099346
walnut_adam_b50,bym2_offset_only,1,12.779,8.617335,4.2602325,4.3571025,256004,128000,-4,-0.001,-4,-0.001,,4.032258,4.032258,inf,-inf,beta0,0.31553783551138587,1.575076170684833e-05
walnut_adam_b50,bym2_offset_only,0,13.213,10.297912499999999,5.0952975,5.202615,256004,128000,-4,-0.001,-4,-0.001,,4.032258,4.032258,inf,-inf,beta0,0.305173541209415,1.575076170684833e-05
walnut_adam_b50,bym2_offset_only,2,13.0,9.692725,4.72863,4.964095,256004,128000,-4,-0.001,-4,-0.001,,4.032258,4.032258,inf,-inf,beta0,0.31017369230769226,1.575076170684833e-05
walnut_adam_b50,pilots,1,0.141,0.0967437,0.05935005,0.03739365,278248,96824,-4,-0.001,-4,-0.001,,4.336521,351.191048,10.984677,3.900918,mu_a,30.755468085106386,1.5585093154308388e-05
walnut_adam_b50,pilots,0,0.161,0.10896595,0.06332045,0.045645500000000006,332053,135926,-4,-0.001,-4,-0.001,,4.551852,416.959415,12.957775,3.068456,a.3,28.272372670807453,1.3708209231658801e-05
walnut_adam_b50,pilots,2,0.163,0.11233584999999999,0.0655416,0.046794249999999996,306694,132046,-4,-0.001,-4,-0.001,,4.458538,450.253297,11.217159,3.312066,mu_a,27.352993865030673,1.4537415143432868e-05
walnut_adam_b50,garch11,1,0.263,0.25375,0.12902625,0.12472375,73569,35514,-4,-0.001,-4,-0.001,,963.277265,1409.038719,1366.854641,1.003411,alpha0,3662.651197718631,0.013093521252157838
walnut_adam_b50,garch11,0,0.299,0.26150625,0.13813225,0.12337399999999998,74983,35869,-4,-0.001,-4,-0.001,,884.823738,1216.75147,938.513115,1.00327,alpha0,2959.2767157190638,0.011800324580238188
walnut_adam_b50,garch11,2,0.253,0.2345545,0.12215774999999998,0.11239674999999999,73538,34871,-4,-0.001,-4,-0.001,,946.355733,1251.469606,1254.154164,1.003106,alpha0,3740.536494071146,0.012868934877206343
walnut_adam_b50,logmesquite_logvash,1,0.1,0.089160975,0.05073949999999999,0.038421475,174173,78700,-4,-0.001,-4,-0.001,,130.263549,280.484923,328.627145,1.043648,beta.2,1302.6354900000001,0.0007478974869813347
walnut_adam_b50,logmesquite_logvash,0,0.141,0.11342787499999998,0.061590425,0.05183745000000001,204498,91380,-4,-0.001,-4,-0.001,,7.205963,13.48253,4.032258,1.570656,beta.2,51.10612056737589,3.523732750442547e-05
walnut_adam_b50,logmesquite_logvash,2,0.105,0.0891701,0.05084757499999999,0.038322524999999996,177671,73667,-4,-0.001,-4,-0.001,,126.32604,236.762864,265.745209,1.028185,beta.2,1203.105142857143,0.0007110110259974898
walnut_adam_b50,diamonds,1,2.54,2.42618,1.2211049999999999,1.2050750000000001,256232,128000,-4,-0.001,-4,-0.001,,4.032258,4.032258,inf,-inf,b.1,1.587503149606299,1.5736746386087606e-05
walnut_adam_b50,diamonds,0,2.514,2.47037,1.2462425000000001,1.2241275,256004,128000,-4,-0.001,-4,-0.001,,4.032258,4.032258,inf,-inf,b.1,1.6039212410501194,1.575076170684833e-05
walnut_adam_b50,diamonds,2,2.952,2.570025,1.3263925,1.2436325000000001,271247,128000,-4,-0.001,-4,-0.001,,4.032258,4.032258,inf,-inf,b.1,1.365941056910569,1.4865631693622416e-05
walnut_adam_b50,gp_regr,1,0.059,0.0541141,0.027727675,0.026386424999999998,45956,22445,-4,-0.001,-4,-0.001,,3584.731357,3821.6052,2011.247717,1.003236,alpha,60758.158593220345,0.07800355463922012
walnut_adam_b50,gp_regr,0,0.062,0.056398725,0.02911735,0.027281375,47356,22814,-4,-0.001,-4,-0.001,,3558.834874,3812.975622,2390.305164,1.00368,alpha,57400.56248387097,0.07515066462539066
walnut_adam_b50,gp_regr,2,0.084,0.063599925,0.032237550000000004,0.031362375,47130,23306,-4,-0.001,-4,-0.001,,3740.429251,3845.362762,2603.089537,1.003195,alpha,44528.9196547619,0.07936408340759601
walnut_adam_b50,lsat_model,1,5.951,5.4174025,3.3730699999999993,2.0443325000000003,130430,48167,-4,-0.001,-4,-0.001,,197.041966,823.879169,344.253213,1.019172,beta,33.11073197781886,0.0015107104653837306
walnut_adam_b50,lsat_model,0,10.226,6.1387125000000005,3.3075824999999996,2.83113,169152,67560,-4,-0.001,-4,-0.001,,7.206347,56.02017,4.032258,1.555364,a.5,0.704708292587522,4.260278920734014e-05
walnut_adam_b50,lsat_model,2,11.636,8.3493075,4.6187825,3.730525,196287,87556,-4,-0.001,-4,-0.001,,4.432511,11.501484,4.032258,3.47563,alpha.2,0.38093081815056723,2.2581785854386688e-05
walnut_adam_b50,eight_schools_centered,1,0.034,0.0225224375,0.0105825125,0.011939924999999999,142972,71373,-4,-0.001,-4,-0.001,,113.45741,343.624622,88.464595,1.034845,tau,3336.982647058823,0.0007935638446688862
walnut_adam_b50,eight_schools_centered,0,-0.875,-0.88910445,-0.90467225,0.0155678,157255,85701,-4,-0.001,-4,-0.001,,67.203856,209.658895,84.302844,1.060342,tau,-76.80440685714287,0.00042735592508982227
walnut_adam_b50,eight_schools_centered,2,0.039,0.0243001025,0.0118028775,0.012497224999999999,141762,72437,-4,-0.001,-4,-0.001,,125.981369,415.403193,121.77018,1.027533,tau,3230.2915128205127,0.0008886822209054613
walnut_adam_b50,arma11,1,0.547,0.5036987500000001,0.24867850000000002,0.25502025,256004,128000,-4,-0.001,-4,-0.001,,4.032258,4.032258,inf,-inf,mu,7.371586837294331,1.575076170684833e-05
walnut_adam_b50,arma11,0,0.596,0.49568075,0.25120224999999996,0.2444785,256004,128000,-4,-0.001,-4,-0.001,,4.032258,4.032258,inf,-inf,mu,6.76553355704698,1.575076170684833e-05
walnut_adam_b50,blr,1,0.094,0.082704475,0.039773699999999995,0.042930775,256004,128000,-4,-0.001,-4,-0.001,,4.032258,4.032258,inf,-inf,beta.1,42.896361702127656,1.575076170684833e-05
walnut_adam_b50,blr,0,0.107,0.09076685,0.047919975000000004,0.042846875,256004,128000,-4,-0.001,-4,-0.001,,4.032258,4.032258,inf,-inf,beta.1,37.68465420560747,1.575076170684833e-05
walnut_adam_b50,blr,2,0.089,0.08067802499999999,0.040192825,0.0404852,256004,128000,-4,-0.001,-4,-0.001,,4.032258,4.032258,inf,-inf,beta.1,45.306269662921345,1.575076170684833e-05
walnut_adam_b50,low_dim_gauss_mix,1,11.11,7.3510845,3.8057299999999996,3.5453545,175031,81844,-4,-0.001,-4,-0.001,,4.432159,4.774637,4.032258,3.405149,theta,0.3989342034203421,2.5322137221406495e-05
walnut_adam_b50,low_dim_gauss_mix,0,8.778,5.00805,3.1846275,1.8234225,103690,38220,-4,-0.001,-4,-0.001,,7.183503,7.795787,31.091023,1.530898,mu.2,0.8183530416951469,6.927864789275726e-05
walnut_adam_b50,low_dim_gauss_mix,2,11.484,6.02128,3.0499125,2.9713675,143795,61619,-4,-0.001,-4,-0.001,,7.21205,7.237739,4.032258,1.529104,mu.2,0.6280085336119818,5.0155081887409156e-05
walnut_adam_b50,accel_gp,1,5.486,2.1332095,1.2351815,0.898028,546043,227948,-4,-0.001,-4,-0.001,,4.315912,5.823571,4.032258,5.561372,lscale_1,0.7867138169886986,7.903978258122529e-06
walnut_adam_b50,accel_gp,0,1.503,1.151176,0.570049,0.581127,256004,128000,-4,-0.001,-4,-0.001,,4.032258,4.032258,inf,-inf,Intercept,2.6828063872255488,1.575076170684833e-05
walnut_adam_b50,accel_gp,2,0.999,0.9551422500000001,0.472978,0.48216425,256004,128000,-4,-0.001,-4,-0.001,,4.032258,4.032258,inf,-inf,Intercept,4.036294294294294,1.575076170684833e-05
walnut_adam_b50,radon_variable_intercept_slope_noncentered,1,3.292,2.23278675,1.157448,1.07533875,187168,87121,-4,-0.001,-4,-0.001,,4.399387,7.261222,4.032258,3.715133,alpha.37,1.3363873025516404,2.35050168832279e-05
walnut_adam_b50,radon_variable_intercept_slope_noncentered,0,3.038,1.7241285,0.95490825,0.76922025,145762,65309,-4,-0.001,-4,-0.001,,7.194813,18.118897,4.032258,1.555025,beta.36,2.368272876892693,4.936000466513906e-05
walnut_adam_b50,radon_variable_intercept_slope_noncentered,2,3.085,2.1672890000000002,1.159648,1.007641,185387,85963,-4,-0.001,-4,-0.001,,4.358275,7.016671,4.032258,4.144657,beta.62,1.4127309562398702,2.3509064821157903e-05
w7_batch_4000,lotka_volterra,1,13.348,9.368705,7.733255,1.63545,448539,95768,-4,-0.001,-4,-0.001,,5.399396,10.896732,4.032258,2.019001,z.9.2,0.4045097392867845,1.2037740307977679e-05
w7_batch_4000,lotka_volterra,0,10.21,7.4961850000000005,6.3623925,1.1337925,357773,59997,-4,-0.001,-4,-0.001,,202.412127,1516.248375,270.61299,1.03472,theta.3,19.824890009794316,0.0005657557361790856
w7_batch_4000,lotka_volterra,2,9.202,6.9224975,5.732995000000001,1.1895025,338733,64202,-4,-0.001,-4,-0.001,,176.964887,1359.829249,168.415628,1.026581,theta.1,19.23113312323408,0.0005224317884587566
w7_batch_4000,kidscore_momiq,1,0.883,0.86838275,0.702874,0.16550875,640004,128000,-4,-0.001,-4,-0.001,,4.032258,4.032258,inf,-inf,beta.1,4.566543601359003,6.300363747726576e-06
w7_batch_4000,kidscore_momiq,0,0.89,0.8541417499999999,0.68499175,0.16915,640004,128000,-4,-0.001,-4,-0.001,,4.032258,4.032258,inf,-inf,beta.1,4.530626966292134,6.300363747726576e-06
w7_batch_4000,kidscore_momiq,2,0.878,0.84785775,0.675767,0.17209075000000001,640004,128000,-4,-0.001,-4,-0.001,,4.032258,4.032258,inf,-inf,beta.1,4.592548974943052,6.300363747726576e-06
w7_batch_4000,radon_partially_pooled_noncentered,1,62.152,49.867239999999995,40.5797,9.28754,517192,97317,-4,-0.001,-4,-0.001,,7.147618,22.345165,4.032258,1.533826,alpha_raw.377,0.11500222036298106,1.382004748720011e-05
w7_batch_4000,radon_partially_pooled_noncentered,0,61.917,52.99427,43.536175,9.458095,550691,99587,-4,-0.001,-4,-0.001,,4.422251,5.661585,4.032258,3.463797,alpha.361,0.07142224267971639,8.030367302171272e-06
w7_batch_4000,radon_partially_pooled_noncentered,2,64.209,61.364005,49.66645,11.697555000000001,628377,118971,-4,-0.001,-4,-0.001,,4.079727,4.580286,4.032258,9.692883,alpha.152,0.06353824230248097,6.492483015769196e-06
w7_batch_4000,kronecker_gp,1,73.704,66.19173,55.806275,10.385455,742008,116911,-4,-0.001,-4,-0.001,,25.465839,214.039878,32.660847,1.145007,eigenvalues.25.29,0.34551501953760994,3.432016770708671e-05
w7_batch_4000,kronecker_gp,0,67.912,60.9131975,51.63825,9.2749475,692619,102449,-4,-0.001,-4,-0.001,,10.059349,116.463016,35.405039,1.351902,eigenvalues.25.30,0.14812329190717397,1.4523639980999654e-05
w7_batch_4000,hier_2pl,1,159.292,132.298525,110.220725,22.0778,472753,79665,-4,-0.001,-4,-0.001,,27.828622,1888.363434,52.28947,1.101406,xi1.30,0.1747019436004319,5.886503522981345e-05
w7_batch_4000,hier_2pl,0,143.632,127.17597500000001,107.43602500000001,19.73995,454276,71272,-4,-0.001,-4,-0.001,,62.005479,1508.162527,67.230701,1.084191,xi2.21,0.43169682939734877,0.00013649296683073726
w7_batch_4000,hier_2pl,2,126.325,118.519375,99.324625,19.19475,421821,68901,-4,-0.001,-4,-0.001,,66.154911,2150.050642,117.587849,1.071549,xi2.11,0.5236881931525826,0.00015683171534845348
w7_batch_4000,wells_dist100_model,1,1.805,1.7411687500000002,1.40538,0.33578874999999997,134810,26117,-4,-0.001,-4,-0.001,,737.692635,771.394383,1165.654251,1.004955,beta.1,408.6939806094183,0.0054720913507900005
w7_batch_4000,wells_dist100_model,0,1.827,1.727069,1.39036,0.33670900000000004,132097,26397,-4,-0.001,-4,-0.001,,744.205354,758.67654,1193.469955,1.003151,alpha,407.3373585112206,0.005633779374247712
w7_batch_4000,wells_dist100_model,2,1.849,1.78913575,1.446555,0.34258075,133094,26065,-4,-0.001,-4,-0.001,,968.764704,971.781126,1202.795425,1.006104,alpha,523.9398074634938,0.007278800727305514
w7_batch_4000,eight_schools_noncentered,1,0.047,0.038944655,0.031154499999999998,0.007790155,171932,33967,-4,-0.001,-4,-0.001,,1585.562624,2862.320207,1369.652044,1.002216,tau,33735.374978723405,0.0092220332689668
w7_batch_4000,eight_schools_noncentered,0,0.053,0.043462885,0.034543399999999995,0.008919485,172907,34320,-4,-0.001,-4,-0.001,,1805.293394,3147.58228,1773.404924,1.003883,tau,34062.13950943396,0.01044083463364699
w7_batch_4000,eight_schools_noncentered,2,0.059,0.041796379999999994,0.03335415,0.00844223,171290,34074,-4,-0.001,-4,-0.001,,1688.010328,3099.834783,1536.695998,1.002756,tau,28610.344542372884,0.009854692790005254
w7_batch_4000,dogs_hierarchical,1,1.941,1.6770795,1.3035625,0.373517,117386,23247,-4,-0.001,-4,-0.001,,1664.229409,3918.28205,1667.080848,1.002761,a,857.408247810407,0.014177409648510044
w7_batch_4000,dogs_hierarchical,0,1.806,1.6370155000000002,1.2967650000000002,0.3402505,118728,23209,-4,-0.001,-4,-0.001,,1792.286153,3927.034431,1886.781003,1.001891,a,992.406507751938,0.015095732708375446
w7_batch_4000,dogs_hierarchical,2,1.871,1.6746505000000003,1.3349075000000001,0.339743,120403,23478,-4,-0.001,-4,-0.001,,1560.248688,3915.060737,1700.828871,1.002405,a,833.9116451095671,0.012958553258639734
w7_batch_4000,bym2_offset_only,1,28.416,21.4014175,16.9678,4.4336175,640004,128000,-4,-0.001,-4,-0.001,,4.032258,4.032258,inf,-inf,beta0,0.14190097128378376,6.300363747726576e-06
w7_batch_4000,bym2_offset_only,0,27.865,24.923077499999998,19.949550000000002,4.973527499999999,640004,128000,-4,-0.001,-4,-0.001,,4.032258,4.032258,inf,-inf,beta0,0.14470690830791316,6.300363747726576e-06
w7_batch_4000,bym2_offset_only,2,27.789,24.557085,19.586225,4.97086,640004,128000,-4,-0.001,-4,-0.001,,4.032258,4.032258,inf,-inf,beta0,0.1451026665227248,6.300363747726576e-06
w7_batch_4000,pilots,1,0.262,0.19961177500000002,0.1683375,0.031274275000000004,542456,73741,-4,-0.001,-4,-0.001,,4.588133,470.849573,10.91167,2.920211,a.4,17.511958015267176,8.458074018906602e-06
w7_batch_4000,pilots,0,0.24,0.210286775,0.16775325000000002,0.042533525,597792,123488,-4,-0.001,-4,-0.001,,4.356363,393.49217,10.62706,3.739659,mu_a,18.1515125,7.287422715593383e-06
w7_batch_4000,pilots,2,0.318,0.22803685,0.18790875,0.0401281,675233,117192,-4,-0.001,-4,-0.001,,4.442772,387.03109,13.003617,3.475388,a.3,13.97098113207547,6.579613259423043e-06
w7_batch_4000,garch11,1,0.668,0.635528,0.5085885,0.1269395,179944,35601,-4,-0.001,-4,-0.001,,1025.375905,1345.288631,1281.822063,1.004712,alpha0,1534.9938697604791,0.005698305611745877
w7_batch_4000,garch11,0,0.659,0.6219804999999999,0.502265,0.1197155,180392,35847,-4,-0.001,-4,-0.001,,930.774775,1278.634575,1413.68963,1.003519,alpha0,1412.404817905918,0.005159734217703668
w7_batch_4000,garch11,2,0.652,0.6374025000000001,0.51511725,0.12228525,180255,35501,-4,-0.001,-4,-0.001,,832.960516,1175.488381,1403.397114,1.006224,alpha1,1277.5468036809816,0.004621011988571746
w7_batch_4000,logmesquite_logvash,1,0.257,0.22240644999999998,0.17720075000000002,0.045205699999999994,389042,74257,-4,-0.001,-4,-0.001,,262.759031,464.70735,417.542192,1.011205,beta.2,1022.4086809338521,0.0006754001650207432
w7_batch_4000,logmesquite_logvash,0,0.316,0.24663725,0.20544525,0.041192,461221,85400,-4,-0.001,-4,-0.001,,7.268365,15.576353,4.032258,1.534346,beta.1,23.00115506329114,1.5758963707203273e-05
w7_batch_4000,logmesquite_logvash,2,0.25,0.209798525,0.17046899999999998,0.039329525000000004,388748,70119,-4,-0.001,-4,-0.001,,247.818696,465.357922,409.537079,1.021447,beta.3,991.274784,0.0006374790249724757
w7_batch_4000,diamonds,1,6.526,6.168615,4.970565,1.19805,652327,128000,-4,-0.001,-4,-0.001,,4.032258,4.032258,inf,-inf,b.1,0.6178758810910205,6.181344632369961e-06
w7_batch_4000,diamonds,0,6.279,6.0884,4.8495225,1.2388775,639975,128000,-4,-0.001,-4,-0.001,,4.032258,4.032258,inf,-inf,b.1,0.6421815575728619,6.3006492441110975e-06
w7_batch_4000,diamonds,2,6.919,6.2429325,5.0325425,1.2103899999999999,659324,128000,-4,-0.001,-4,-0.001,,4.032258,4.032258,inf,-inf,b.1,0.582780459603989,6.115745824511166e-06
w7_batch_4000,gp_regr,1,0.163,0.1446183,0.11715875,0.02745955,113484,22597,-4,-0.001,-4,-0.001,,3516.099527,3701.063981,2541.85083,1.000991,alpha,21571.162742331286,0.03098321813647739
w7_batch_4000,gp_regr,0,0.188,0.15623575,0.1272895,0.02894625,115901,22900,-4,-0.001,-4,-0.001,,3823.366015,4019.168555,2510.489481,1.001293,alpha,20337.053271276596,0.032988205580624846
w7_batch_4000,gp_regr,2,0.163,0.150564,0.12086525,0.029698750000000003,115003,23137,-4,-0.001,-4,-0.001,,3629.289598,3900.751952,2447.965387,1.00095,sigma,22265.58035582822,0.03155821672478109
w7_batch_4000,lsat_model,1,15.044,14.6384,11.800075,2.838325,352827,69143,-4,-0.001,-4,-0.001,,861.587279,4075.853071,1398.714999,1.008673,beta,57.27115654081361,0.0024419539292627832
w7_batch_4000,lsat_model,0,18.573,16.28361,13.4412,2.84241,388509,69400,-4,-0.001,-4,-0.001,,750.212445,4060.164376,1120.281014,1.010928,beta,40.39263689226296,0.0019310040307946533
w7_batch_4000,lsat_model,2,27.292,19.034345000000002,15.568075,3.46627,463549,84221,-4,-0.001,-4,-0.001,,7.199513,69.085307,4.032258,1.539727,alpha.5,0.2637957276857687,1.553128795445573e-05
w7_batch_4000,eight_schools_centered,1,0.092,0.075498575,0.056685875000000004,0.0188127,395214,89555,-4,-0.001,-4,-0.001,,51.72129,211.855859,28.925345,1.059667,tau,562.1879347826087,0.00013086907346399672
w7_batch_4000,eight_schools_centered,0,0.084,0.06944867499999999,0.055225475,0.014223200000000002,371943,79330,-4,-0.001,-4,-0.001,,37.009256,334.163625,36.160299,1.098053,tau,440.5863809523809,9.950249366166321e-05
w7_batch_4000,eight_schools_centered,2,0.079,0.064499825,0.050265825,0.014234,371556,79416,-4,-0.001,-4,-0.001,,84.909913,367.591777,50.215004,1.043777,tau,1074.8090253164557,0.000228525210197117
w7_batch_4000,arma11,1,1.304,1.2182932499999999,0.955094,0.26319925,640004,128000,-4,-0.001,-4,-0.001,,4.032258,4.032258,inf,-inf,mu,3.0922223926380363,6.300363747726576e-06
w7_batch_4000,arma11,0,1.314,1.206965,0.9656684999999999,0.2412965,640004,128000,-4,-0.001,-4,-0.001,,4.032258,4.032258,inf,-inf,mu,3.068689497716895,6.300363747726576e-06
w7_batch_4000,blr,1,0.298,0.24108957500000003,0.19596550000000001,0.045124075,640004,128000,-4,-0.001,-4,-0.001,,4.032258,4.032258,inf,-inf,beta.1,13.53106711409396,6.300363747726576e-06
w7_batch_4000,blr,0,0.239,0.216635575,0.172925,0.043710575,640004,128000,-4,-0.001,-4,-0.001,,4.032258,4.032258,inf,-inf,beta.1,16.87137238493724,6.300363747726576e-06
w7_batch_4000,blr,2,0.224,0.2089917,0.16984849999999999,0.0391432,640004,128000,-4,-0.001,-4,-0.001,,4.032258,4.032258,inf,-inf,beta.1,18.001151785714285,6.300363747726576e-06
w7_batch_4000,low_dim_gauss_mix,1,30.145,18.92055,15.2796725,3.6408775,411735,79370,-4,-0.001,-4,-0.001,,4.427203,4.778072,4.032258,3.412006,theta,0.14686359263559465,1.0752554434284189e-05
w7_batch_4000,low_dim_gauss_mix,0,13.359,9.13309,7.768370000000001,1.3647200000000002,193747,29641,-4,-0.001,-4,-0.001,,7.170783,7.747442,30.875921,1.530553,mu.2,0.5367754322928363,3.7011065977795786e-05
w7_batch_4000,low_dim_gauss_mix,2,28.834,14.243409999999999,11.7516975,2.4917124999999998,308202,55624,-4,-0.001,-4,-0.001,,7.209261,7.257301,4.032258,1.526954,sigma.1,0.2500263924533537,2.3391350477933303e-05
w7_batch_4000,accel_gp,1,5.581,3.1640255,2.7042225,0.45980299999999996,878829,121477,-4,-0.001,-4,-0.001,,4.11065,5.359364,4.032258,7.396218,zgp_1.1,0.7365436301738039,4.677417336023276e-06
w7_batch_4000,accel_gp,0,2.906,2.488618,2.0115275,0.4770905,640004,128000,-4,-0.001,-4,-0.001,,4.032258,4.032258,inf,-inf,Intercept,1.3875629731589811,6.300363747726576e-06
w7_batch_4000,accel_gp,2,2.504,2.3918150000000002,1.9109175,0.48089750000000003,640004,128000,-4,-0.001,-4,-0.001,,4.032258,4.032258,inf,-inf,Intercept,1.6103266773162939,6.300363747726576e-06
w7_batch_4000,radon_variable_intercept_slope_noncentered,1,6.842,4.8122545,3.9413549999999997,0.8708995,406015,70491,-4,-0.001,-4,-0.001,,52.855293,978.799125,236.91258,1.089124,sigma_alpha,7.72512320958784,0.00013018064110931863
w7_batch_4000,radon_variable_intercept_slope_noncentered,0,7.33,4.7730365,3.794995,0.9780415,407678,82925,-4,-0.001,-4,-0.001,,7.172798,18.862126,4.032258,1.534823,beta.39,0.9785536152796726,1.759427293108777e-05
w7_batch_4000,radon_variable_intercept_slope_noncentered,2,7.461,5.7799775,4.63711,1.1428675,503184,100247,-4,-0.001,-4,-0.001,,4.420461,6.948917,4.032258,3.443945,beta.36,0.5924756735022115,8.784979252122485e-06
w8_lr10,lotka_volterra,1,2.518,2.458025,1.1284925000000001,1.3295325,137850,74265,-4,-0.001,-4,-0.001,,95.255326,1454.43928,288.892858,1.025582,theta.3,37.829756155679114,0.0006910070801595937
w8_lr10,lotka_volterra,0,3.976,2.8992050000000003,1.4409375,1.4582675,164928,83061,-4,-0.001,-4,-0.001,,82.374229,1306.432016,121.976217,1.05275,theta.3,20.717864436619717,0.0004994556958187815
w8_lr10,lotka_volterra,2,2.608,2.4069575000000003,1.13877,1.2681875,134225,71111,-4,-0.001,-4,-0.001,,97.466626,1370.492118,293.18741,1.047754,theta.4,37.37217254601227,0.0007261436096107283
w8_lr10,kidscore_momiq,1,0.164,0.15665135,0.08106382499999999,0.075587525,112880,56112,-4,-0.001,-4,-0.001,,582.599478,1041.020122,592.145339,1.00667,beta.1,3552.4358414634144,0.005161228543586109
w8_lr10,kidscore_momiq,0,0.174,0.151228475,0.0744484,0.076780075,110642,55676,-4,-0.001,-4,-0.001,,519.628825,960.72468,581.268601,1.015979,beta.1,2986.372557471265,0.004696487997324705
w8_lr10,kidscore_momiq,2,0.172,0.15183195,0.07738975,0.0744422,111614,53621,-4,-0.001,-4,-0.001,,429.828492,799.829051,466.3534,1.010523,beta.1,2499.0028604651166,0.0038510266812407045
w8_lr10,radon_partially_pooled_noncentered,1,78.511,72.38442500000001,40.029624999999996,32.3548,765340,344232,-4,-0.001,-4,-0.001,,744.313679,7914.230831,1167.880937,1.013693,mu_alpha,9.480374457082448,0.0009725268233726187
w8_lr10,radon_partially_pooled_noncentered,0,79.319,78.55785,43.14169999999999,35.41615,827649,376000,-4,-0.001,-4,-0.001,,709.716336,8032.527713,1410.450258,1.007736,mu_alpha,8.947620822249398,0.000857508842516574
w8_lr10,radon_partially_pooled_noncentered,2,80.587,73.39982499999999,40.442800000000005,32.957025,766182,344680,-4,-0.001,-4,-0.001,,658.514184,7840.807087,988.098177,1.006055,mu_alpha,8.17146914514748,0.0008594748819471091
w8_lr10,kronecker_gp,1,81.822,68.090275,35.717325,32.372949999999996,770465,366441,-4,-0.001,-4,-0.001,,64.406727,639.115419,183.020092,1.061719,eigenvalues.27.30,0.7871565960255188,8.359461753616324e-05
w8_lr10,kronecker_gp,2,81.975,55.646249999999995,31.308400000000002,24.337850000000003,634767,278600,-4,-0.001,-4,-0.001,,117.851006,814.742455,166.116902,1.049122,R1.30,1.4376456968587985,0.0001856602595913146
w8_lr10,hier_2pl,1,173.543,152.388625,81.883025,70.50559999999999,866296,407000,-4,-0.001,-4,-0.001,,36.695675,732.048906,125.86239,1.076636,xi1.31,0.21145004408129398,4.2359280199839316e-05
w8_lr10,hier_2pl,0,177.178,176.085625,89.3413,86.744325,999060,500000,-4,-0.001,-4,-0.001,,82.510574,602.36455,93.595108,1.048823,xi2.21,0.46569311088284104,8.258820691449963e-05
w8_lr10,hier_2pl,2,174.116,159.664425,84.27105,75.39337499999999,911120,438000,-4,-0.001,-4,-0.001,,248.563991,1846.994255,246.63179,1.024243,xi2.21,1.4275769659307587,0.00027281147488804986
w8_lr10,wells_dist100_model,1,1.833,1.0445095,0.5332095,0.5113,82664,40327,-4,-0.001,-4,-0.001,,882.75625,963.764221,1445.385983,1.005626,beta.1,481.590971085652,0.010678847503145263
w8_lr10,wells_dist100_model,0,0.857,0.8037295,0.382164,0.4215655,61533,32017,-4,-0.001,-4,-0.001,,1098.313317,1175.819184,1398.828009,1.003961,beta.1,1281.5791330221705,0.01784917551557701
w8_lr10,wells_dist100_model,2,0.963,0.8550055,0.4159305,0.439075,66573,33768,-4,-0.001,-4,-0.001,,860.171426,895.356735,1056.494488,1.00405,beta.1,893.2205877466251,0.012920725008637135
w8_lr10,eight_schools_noncentered,1,0.04,0.025392517499999996,0.0140619275,0.011330590000000001,95925,43438,-4,-0.001,-4,-0.001,,1593.795424,3171.77799,1498.633112,1.00266,tau,39844.885599999994,0.016615016148032315
w8_lr10,eight_schools_noncentered,0,0.029,0.018818144999999998,0.0107262925,0.0080918525,72469,33662,-4,-0.001,-4,-0.001,,1720.153282,3411.616181,1757.597481,1.004947,tau,59315.6304137931,0.02373640152341001
w8_lr10,eight_schools_noncentered,2,0.053,0.0265608575,0.015972875,0.0105879825,103502,41840,-4,-0.001,-4,-0.001,,1568.446456,3559.120697,1205.41779,1.007547,tau,29593.329358490566,0.015153779211995903
w8_lr10,dogs_hierarchical,1,0.883,0.6970975000000001,0.33427675,0.36282074999999997,50447,25369,-4,-0.001,-4,-0.001,,1478.615761,3923.024789,1850.857363,1.002425,a,1674.5365356738391,0.029310281305132118
w8_lr10,dogs_hierarchical,0,0.932,0.708315,0.33888525,0.36942975,50331,25119,-4,-0.001,-4,-0.001,,1329.59885,3918.324886,1319.954206,1.002149,a,1426.6082081545064,0.026417095825634302
w8_lr10,dogs_hierarchical,2,2.058,0.990622,0.49785274999999996,0.49276925,70381,33615,-4,-0.001,-4,-0.001,,1423.564404,3909.115463,1570.989071,1.003862,a,691.7222565597668,0.02022654415254117
w8_lr10,bym2_offset_only,1,41.743,38.0792,20.135475,17.943725,961925,468886,-4,-0.001,-4,-0.001,,85.192526,3137.985921,271.336627,1.036617,rho,2.040881728673071,8.856462406112743e-05
w8_lr10,bym2_offset_only,0,42.72,35.356275,19.5652,15.791075,885994,406751,-4,-0.001,-4,-0.001,,132.823508,3619.647558,45.445801,1.048974,rho,3.1091645131086145,0.00014991468113779551
w8_lr10,bym2_offset_only,2,41.761,35.1718,19.661425,15.510375000000002,884840,406538,-4,-0.001,-4,-0.001,,15.813523,1847.356011,13.881815,1.187234,rho,0.3786672493474773,1.787161859771258e-05
w8_lr10,pilots,1,0.097,0.0651385,0.028828025,0.036310475,166171,93540,-4,-0.001,-4,-0.001,,5.453729,235.638435,14.355325,1.994484,a.3,56.22401030927835,3.281998062237093e-05
w8_lr10,pilots,0,0.27,0.1399879,0.06665865,0.07332925,360612,183314,-4,-0.001,-4,-0.001,,4.552912,74.626,4.032258,4.142245,a.2,16.862637037037036,1.2625514403292181e-05
w8_lr10,pilots,2,0.095,0.068652175,0.0359,0.032752175,183514,87508,-4,-0.001,-4,-0.001,,4.546815,252.046421,12.326818,3.147151,a.3,47.86121052631579,2.4776393081726733e-05
w8_lr10,garch11,1,0.38,0.355194,0.1755965,0.17959750000000002,110892,55101,-4,-0.001,-4,-0.001,,1034.720789,1652.935241,1520.162022,1.005607,alpha0,2722.949444736842,0.009330887611369621
w8_lr10,garch11,0,0.381,0.3482175,0.1649305,0.183287,113989,57904,-4,-0.001,-4,-0.001,,1055.248155,1661.323832,1443.638308,1.005387,alpha0,2769.6801968503937,0.009257456026458694
w8_lr10,garch11,2,0.398,0.37423975000000004,0.17787925,0.19636050000000002,113674,59283,-4,-0.001,-4,-0.001,,593.246925,1321.926531,1021.18194,1.008853,alpha0,1490.570163316583,0.0052188444587152735
w8_lr10,logmesquite_logvash,1,0.172,0.102686375,0.046661125000000005,0.05602525,196148,103296,-4,-0.001,-4,-0.001,,121.878506,457.136262,334.428291,1.0369,beta.2,708.5959651162791,0.0006213599220996391
w8_lr10,logmesquite_logvash,0,0.148,0.104841225,0.040979974999999995,0.06386125000000001,172630,92742,-4,-0.001,-4,-0.001,,150.542352,403.986957,216.846568,1.013742,beta.2,1017.1780540540541,0.0008720520882812953
w8_lr10,logmesquite_logvash,2,0.104,0.09275955000000001,0.039619375,0.053140175,167337,89530,-4,-0.001,-4,-0.001,,115.882815,415.437467,208.004225,1.019538,beta.2,1114.2578365384616,0.0006925116083113716
w8_lr10,diamonds,1,6.84,5.5513275,3.133705,2.4176225,602565,261776,-4,-0.001,-4,-0.001,,6.850392,399.460856,17.977083,1.62265,b.22,1.001519298245614,1.1368718727440194e-05
w8_lr10,diamonds,0,6.786,6.1136725,3.2604075,2.853265,658935,309224,-4,-0.001,-4,-0.001,,7.532277,550.101796,25.176101,1.500228,b.22,1.109973032714412,1.1430986364360673e-05
w8_lr10,diamonds,2,7.006,6.007787500000001,3.3110950000000003,2.6966925,653701,288737,-4,-0.001,-4,-0.001,,8.83466,468.904797,32.716339,1.391219,b.23,1.2610134170710818,1.3514833234154452e-05
w8_lr10,gp_regr,1,0.227,0.121178175,0.06411725,0.057060925,97201,43654,-4,-0.001,-4,-0.001,,2004.392365,2665.456715,2373.547635,1.003406,sigma,8829.92231277533,0.020621108476250243
w8_lr10,gp_regr,0,0.08,0.07171872500000001,0.03643975,0.035278975000000004,56412,28288,-4,-0.001,-4,-0.001,,2401.018699,2966.156232,2389.851892,1.001243,alpha,30012.733737500002,0.042562197741615265
w8_lr10,gp_regr,2,0.137,0.093817075,0.0498729,0.043944175,76864,35022,-4,-0.001,-4,-0.001,,2306.59909,3040.725017,2286.576754,1.002295,sigma,16836.489708029196,0.03000883495524563
w8_lr10,lsat_model,1,24.935,24.46703,14.588525,9.878505,621682,252000,-4,-0.001,-4,-0.001,,1504.522201,10366.957101,1782.32992,1.009456,beta,60.337766232203734,0.00242008325960861
w8_lr10,lsat_model,0,25.039,24.5008275,14.618325,9.882502500000001,621370,252000,-4,-0.001,-4,-0.001,,1393.550455,10090.625841,1828.940551,1.008678,beta,55.65519609409321,0.0022427063665770796
w8_lr10,lsat_model,2,24.852,24.38868,14.606225,9.782454999999999,622415,252000,-4,-0.001,-4,-0.001,,1227.077229,10797.102099,1988.855634,1.008276,beta,49.375391477547076,0.0019714775977442704
w8_lr10,eight_schools_centered,1,0.04,0.0304809,0.015862325,0.014618575000000002,149947,72435,-4,-0.001,-4,-0.001,,67.311153,327.654443,48.653953,1.049065,tau,1682.778825,0.0004488996312030251
w8_lr10,eight_schools_centered,0,0.068,0.042169075,0.023419825000000002,0.018749250000000002,213078,104576,-4,-0.001,-4,-0.001,,12.002288,88.765121,14.440912,1.271073,tau,176.50423529411765,5.632814274584894e-05
w8_lr10,eight_schools_centered,2,0.055,0.0397643,0.019614675,0.020149624999999997,216287,104985,-4,-0.001,-4,-0.001,,13.01809,41.321363,8.465933,1.23665,tau,236.69254545454547,6.018896188860172e-05
w8_lr10,arma11,1,0.147,0.13227509999999998,0.061008574999999995,0.071266525,62185,30940,-4,-0.001,-4,-0.001,,997.589646,1838.299768,1515.284315,1.00372,theta,6786.32412244898,0.016042287464822707
w8_lr10,arma11,0,0.128,0.114711275,0.05687355,0.057837725,61212,30460,-4,-0.001,-4,-0.001,,1069.682355,2035.365996,1587.208122,1.003428,theta,8356.8933984375,0.017475043373848264
w8_lr10,arma11,2,0.135,0.121747075,0.059277175,0.062469899999999995,63288,31877,-4,-0.001,-4,-0.001,,928.435766,2138.053363,1493.84934,1.00504,theta,6877.301970370369,0.014670012735431677
w8_lr10,blr,1,0.263,0.16071325,0.086877625,0.073835625,438929,201880,-4,-0.001,-4,-0.001,,614.536598,2796.405542,802.391132,1.003123,sigma,2336.6410570342205,0.0014000820132641042
w8_lr10,blr,0,0.229,0.13511955,0.07470565000000001,0.06041389999999999,357363,161501,-4,-0.001,-4,-0.001,,798.427428,2340.815096,837.139658,1.004828,sigma,3486.582655021834,0.0022342196254228892
w8_lr10,blr,2,0.158,0.13967802499999998,0.068076325,0.07160169999999999,380868,184440,-4,-0.001,-4,-0.001,,703.832339,2994.525665,774.190748,1.001344,sigma,4454.635056962025,0.001847969215056135
w8_lr10,low_dim_gauss_mix,1,14.941,7.298392500000001,3.8544700000000005,3.4439225,157964,74535,-4,-0.001,-4,-0.001,,450.654487,1611.639299,772.518624,1.002985,sigma.1,30.162270731544073,0.0028528936150008866
w8_lr10,low_dim_gauss_mix,0,5.207,5.0974675000000005,2.4502175,2.64725,109321,57122,-4,-0.001,-4,-0.001,,1040.582901,2072.793259,1348.125798,1.004292,sigma.1,199.84307681966584,0.00951860027808015
w8_lr10,low_dim_gauss_mix,2,5.614,5.0893375,2.5089825,2.580355,110522,55813,-4,-0.001,-4,-0.001,,1007.80243,2022.637367,1536.522997,1.00733,sigma.2,179.51592981831135,0.009118568520294601
w8_lr10,radon_variable_intercept_slope_noncentered,1,7.413,5.5303925,3.437335,2.0930575,476958,186564,-4,-0.001,-4,-0.001,,577.264603,6134.136904,519.503809,1.018687,sigma_beta,77.87192809928503,0.0012103048968672293
w8_lr10,radon_variable_intercept_slope_noncentered,0,9.746,7.778650000000001,4.559117499999999,3.2195325000000006,666423,281816,-4,-0.001,-4,-0.001,,602.770586,7142.638662,681.948452,1.008943,sigma_beta,61.84799774266365,0.0009044864688043479
w8_lr10,radon_variable_intercept_slope_noncentered,2,7.069,4.809082500000001,3.0201824999999998,1.7889,408662,154614,-4,-0.001,-4,-0.001,,619.621052,5933.91197,612.477309,1.008092,sigma_beta,87.65328221813552,0.0015162189095144641
w5_pf_init,lotka_volterra,1,2.315,2.1841985,1.1757925,1.008406,123235,56586,-4,-0.001,-4,-0.001,,187.824345,1449.404775,386.12767,1.017668,theta.3,81.13362634989201,0.001524115267578204
w5_pf_init,lotka_volterra,0,5.766,3.02075775,1.750375,1.27038275,176527,73293,-4,-0.001,-4,-0.001,,128.168891,1482.418725,380.225106,1.028552,theta.3,22.228389004509193,0.0007260582857013375
w5_pf_init,lotka_volterra,2,2.299,2.21021325,1.1805925000000002,1.02962075,124580,57835,-4,-0.001,-4,-0.001,,223.930603,1584.31911,210.199894,1.013643,theta.3,97.40348107872988,0.0017974843714882002
w5_pf_init,kidscore_momiq,1,0.114,0.10161324999999999,0.05572605,0.045887199999999996,74619,33956,-4,-0.001,-4,-0.001,,333.782687,444.214768,441.810475,1.008846,beta.2,2927.918307017544,0.004473159476808855
w5_pf_init,kidscore_momiq,0,0.107,0.101422025,0.054673325,0.046748700000000004,73125,33150,-4,-0.001,-4,-0.001,,265.422004,402.906639,312.145781,1.012507,beta.1,2480.5794766355143,0.003629702618803419
w5_pf_init,kidscore_momiq,2,0.113,0.101616525,0.055904925,0.0457116,76422,34646,-4,-0.001,-4,-0.001,,292.68673,400.366407,259.459873,1.013334,beta.1,2590.1480530973454,0.003829875297689147
w5_pf_init,radon_partially_pooled_noncentered,1,80.253,69.28902500000001,40.743775,28.54525,752231,314000,-4,-0.001,-4,-0.001,,374.239746,7223.148139,703.761669,1.013389,mu_alpha,4.663249299091623,0.0004975064122590003
w5_pf_init,radon_partially_pooled_noncentered,0,80.736,80.332125,45.706450000000004,34.625675,865783,376000,-4,-0.001,-4,-0.001,,341.248352,6514.14974,617.298257,1.012255,mu_alpha,4.226718588981371,0.0003941499798448341
w5_pf_init,radon_partially_pooled_noncentered,2,81.588,80.9135,45.8423,35.0712,864605,376000,-4,-0.001,-4,-0.001,,373.049482,6667.344104,813.791312,1.016312,mu_alpha,4.572357233906947,0.0004314681062450483
w5_pf_init,kronecker_gp,1,68.46,52.15514999999999,30.847375,21.307775,591587,239025,-4,-0.001,-4,-0.001,,60.468491,573.437387,49.372363,1.069973,Sigma1.5.1,0.883267470055507,0.00010221402938198439
w5_pf_init,kronecker_gp,2,80.329,67.37457500000001,38.925775,28.448800000000002,780729,329417,-4,-0.001,-4,-0.001,,60.807031,686.261987,111.405174,1.058623,eigenvalues.24.28,0.7569748285177209,7.788493958851279e-05
w5_pf_init,hier_2pl,1,275.164,261.70375,134.55775,127.146,965730,469000,-4,-0.001,-4,-0.001,,463.834405,2279.313536,624.889234,1.013073,xi2.32,1.6856652941518513,0.00048029408323237345
w5_pf_init,hier_2pl,0,269.708,269.08275000000003,134.39325,134.6895,999059,500000,-4,-0.001,-4,-0.001,,22.582951,296.069419,21.547757,1.118276,xi2.21,0.08373111290729232,2.2604221572499723e-05
w5_pf_init,hier_2pl,2,270.655,261.0975,134.7225,126.37499999999999,966166,469000,-4,-0.001,-4,-0.001,,183.164056,781.103626,85.565781,1.025482,xi2.23,0.6767436625962941,0.0001895782463883018
w5_pf_init,wells_dist100_model,1,1.69,1.09206275,0.72066075,0.371402,95180,38566,-4,-0.001,-4,-0.001,,1034.910488,1035.337395,1281.125593,1.001335,alpha,612.3730698224853,0.01087319277159067
w5_pf_init,wells_dist100_model,0,0.778,0.74988725,0.40992649999999997,0.33996075000000003,57329,27138,-4,-0.001,-4,-0.001,,907.957976,929.123397,1299.002996,1.004108,alpha,1167.0411002570695,0.01583767335903295
w5_pf_init,wells_dist100_model,2,1.009,0.9006037499999999,0.50331525,0.39728850000000004,66508,29708,-4,-0.001,-4,-0.001,,1095.165463,1098.234762,1360.935203,1.003672,beta.1,1085.3968909811697,0.016466672625849523
w5_pf_init,eight_schools_noncentered,1,0.063,0.029268407500000003,0.017646032500000002,0.011622375,105588,41629,-4,-0.001,-4,-0.001,,1329.666674,3068.308068,949.426935,1.003334,tau,21105.820222222224,0.012592971492972687
w5_pf_init,eight_schools_noncentered,0,0.026,0.017264269999999998,0.008630777499999999,0.0086334925,70494,34320,-4,-0.001,-4,-0.001,,1576.832567,3037.32819,1439.180591,1.003415,tau,60647.40642307692,0.022368323077141317
w5_pf_init,eight_schools_noncentered,2,0.05,0.026799795,0.01620148,0.010598315,119653,45478,-4,-0.001,-4,-0.001,,1406.59501,3268.501284,1223.98423,1.002968,tau,28131.9002,0.011755618413244967
w5_pf_init,dogs_hierarchical,1,1.183,0.7932879999999999,0.40737775000000004,0.38591025,55021,25350,-4,-0.001,-4,-0.001,,1638.322814,3920.728222,1857.703619,1.002028,a,1384.8882620456468,0.029776318387524765
w5_pf_init,dogs_hierarchical,0,1.14,0.7553239999999999,0.38004225,0.37528175,53497,25211,-4,-0.001,-4,-0.001,,1667.587085,3918.770994,1978.680108,1.002596,a,1462.7956885964913,0.03117159999626147
w5_pf_init,dogs_hierarchical,2,3.622,1.384853,0.787334,0.597519,104880,44507,-4,-0.001,-4,-0.001,,1501.202754,3907.762367,1740.360416,1.002587,a,414.4679055770292,0.014313527402745994
w5_pf_init,bym2_offset_only,1,42.558,39.411424999999994,19.613875,19.797549999999998,999053,500000,-4,-0.001,-4,-0.001,,91.599206,3524.815255,238.484242,1.049171,rho,2.1523381267916726,9.168603267294127e-05
w5_pf_init,bym2_offset_only,0,40.498,36.97205,19.084000000000003,17.88805,967776,469000,-4,-0.001,-4,-0.001,,92.048933,2817.944171,269.74586,1.032878,rho,2.272925403723641,9.511388275799358e-05
w5_pf_init,bym2_offset_only,2,40.905,37.366575,19.289324999999998,18.07725,967959,469000,-4,-0.001,-4,-0.001,,302.598455,4338.464246,601.175716,1.013786,rho,7.397590881310353,0.0003126149506332396
w5_pf_init,pilots,1,-0.442,-0.47178519999999996,-0.23395827500000002,-0.23782692500000002,164485,77140,-4,-0.001,-4,-0.001,,9.340623,284.25522,36.71902,1.516391,mu_a,-21.132631221719457,5.678708088883485e-05
w5_pf_init,pilots,0,0.307,0.12035375000000001,0.069448375,0.050905375,335495,146106,-4,-0.001,-4,-0.001,,4.410875,293.676025,10.783391,3.452059,mu_a,14.367671009771987,1.314736434224057e-05
w5_pf_init,pilots,2,0.121,0.06899775,0.040838275,0.028159475000000003,169939,64331,-4,-0.001,-4,-0.001,,4.546478,200.861796,10.837594,3.03477,mu_a,37.57419834710743,2.6753588052183428e-05
w5_pf_init,garch11,1,0.259,0.226202375,0.114838,0.111364375,71632,35086,-4,-0.001,-4,-0.001,,725.537887,1186.606872,1087.666103,1.003114,alpha0,2801.304583011583,0.010128683926178243
w5_pf_init,garch11,0,0.268,0.23659825,0.1244125,0.11218575,76918,36559,-4,-0.001,-4,-0.001,,886.043055,1194.358512,1194.682378,1.005337,alpha0,3306.1308022388057,0.011519319990119348
w5_pf_init,garch11,2,0.256,0.23498650000000001,0.1120365,0.12295,73222,36441,-4,-0.001,-4,-0.001,,919.558858,1179.069062,1325.699746,1.002989,alpha0,3592.0267890625,0.012558505066783207
w5_pf_init,logmesquite_logvash,1,0.218,0.11198430000000001,0.06351515,0.048469149999999996,223861,95545,-4,-0.001,-4,-0.001,,297.467492,609.335645,479.31553,1.017143,beta.2,1364.5297798165138,0.0013288044456158062
w5_pf_init,logmesquite_logvash,0,0.15,0.098573575,0.053234175,0.0453394,191348,86396,-4,-0.001,-4,-0.001,,264.537873,562.884188,503.558025,1.007195,beta.3,1763.58582,0.00138249614837887
w5_pf_init,logmesquite_logvash,2,0.156,0.096929575,0.052815575000000003,0.044114,191331,85044,-4,-0.001,-4,-0.001,,300.890661,585.788932,458.722053,1.007389,beta.2,1928.7862884615386,0.0015726184517929663
w5_pf_init,diamonds,1,6.316,6.053109999999999,3.5415124999999996,2.5115975,646022,271921,-4,-0.001,-4,-0.001,,9.51115,455.235948,14.653448,1.368081,b.22,1.5058818872704245,1.472264102460907e-05
w5_pf_init,diamonds,0,7.271,6.52394,3.5953150000000003,2.9286250000000003,694754,318253,-4,-0.001,-4,-0.001,,8.409629,350.888328,15.68264,1.415018,b.23,1.1565986796864256,1.2104470071420965e-05
w5_pf_init,diamonds,2,6.326,6.1395375,3.4924,2.6471375,655533,282718,-4,-0.001,-4,-0.001,,11.069808,430.670476,17.783402,1.28912,b.22,1.7498906101802087,1.6886728814567688e-05
w5_pf_init,gp_regr,1,0.37,0.1427604,0.084751275,0.058009124999999995,114269,46258,-4,-0.001,-4,-0.001,,3137.042018,3438.483627,2522.582221,1.002558,alpha,8478.491940540542,0.02745313267815418
w5_pf_init,gp_regr,0,0.091,0.06998765000000001,0.035473,0.03451465,50002,23994,-4,-0.001,-4,-0.001,,3881.833131,4089.169881,2629.291489,1.000689,alpha,42657.50693406593,0.07763355727770889
w5_pf_init,gp_regr,2,0.145,0.08293919999999999,0.04709635,0.03584285,68735,30216,-4,-0.001,-4,-0.001,,3063.446356,3271.589814,2107.610524,1.003743,alpha,21127.21624827586,0.04456894385684149
w5_pf_init,lsat_model,1,25.173,24.7895525,14.887325,9.9022275,639691,252000,-4,-0.001,-4,-0.001,,1384.471866,11183.045292,1637.351286,1.012657,beta,54.99828649743774,0.002164282233140688
w5_pf_init,lsat_model,0,24.904,24.52615,15.0756,9.45055,640385,252000,-4,-0.001,-4,-0.001,,1384.953562,10789.069888,1907.678864,1.00803,beta,55.611691374879534,0.002162688948054686
w5_pf_init,lsat_model,2,24.639,24.1485925,14.315375,9.8332175,640137,252000,-4,-0.001,-4,-0.001,,1293.199506,11171.655425,1956.705762,1.008445,beta,52.48587629368075,0.0020201917808219177
w5_pf_init,eight_schools_centered,1,0.052,0.030540775000000003,0.014124075,0.0164167,147902,75242,-4,-0.001,-4,-0.001,,95.329376,312.829251,91.238247,1.045853,tau,1833.2572307692308,0.0006445441981852848
w5_pf_init,eight_schools_centered,0,0.045,0.033526850000000004,0.018962150000000004,0.0145647,177217,77044,-4,-0.001,-4,-0.001,,118.151063,464.639115,106.209789,1.036429,tau,2625.5791777777777,0.0006667027598932382
w5_pf_init,eight_schools_centered,2,0.079,0.040084499999999995,0.022741525000000002,0.017342975,223641,95626,-4,-0.001,-4,-0.001,,97.3723,463.368142,155.318071,1.0386,tau,1232.5607594936707,0.0004353955670024727
w5_pf_init,arma11,1,0.151,0.13008302500000002,0.07573275,0.054350275,71332,29768,-4,-0.001,-4,-0.001,,2402.831278,3091.098657,2309.08908,1.002086,theta,15912.789920529802,0.033685180255705716
w5_pf_init,arma11,0,0.166,0.15050370000000002,0.0956005,0.0549032,73363,30188,-4,-0.001,-4,-0.001,,2610.942289,3140.782434,2041.207107,1.001392,theta,15728.568006024096,0.03558936097215218
w5_pf_init,arma11,2,0.147,0.136748225,0.07901285,0.057735375,73380,30007,-4,-0.001,-4,-0.001,,2886.948877,3380.508133,2454.799196,1.001601,theta,19639.108006802722,0.03934244858272008
w5_pf_init,blr,1,0.327,0.189119975,0.11565407500000001,0.0734659,515936,220400,-4,-0.001,-4,-0.001,,438.769188,519.28347,890.115214,1.008158,beta.5,1341.8017981651376,0.0008504333638280717
w5_pf_init,blr,0,0.142,0.125829625,0.07464760000000001,0.051182025,359956,141348,-4,-0.001,-4,-0.001,,345.306283,433.334982,662.830983,1.013309,beta.5,2431.734387323944,0.0009593013673893476
w5_pf_init,blr,2,0.16,0.1369034,0.085416125,0.051487275,372365,143768,-4,-0.001,-4,-0.001,,527.904321,567.611498,687.584458,1.014633,beta.5,3299.40200625,0.0014177066077638875
w5_pf_init,low_dim_gauss_mix,1,43.404,13.803402499999999,7.3136350000000006,6.4897675,306530,145497,-4,-0.001,-4,-0.001,,2024.897474,3189.159179,2312.569857,1.002534,mu.1,46.652324071514144,0.006605870466186018
w5_pf_init,low_dim_gauss_mix,0,4.675,3.7055075,2.01944,1.6860675,92340,37074,-4,-0.001,-4,-0.001,,2303.911136,3609.554672,2636.290746,1.001791,mu.1,492.81521625668455,0.02495030470002166
w5_pf_init,low_dim_gauss_mix,2,5.205,4.240279999999999,2.534295,1.705985,91926,36913,-4,-0.001,-4,-0.001,,2616.265056,3476.023045,2243.564835,1.001295,mu.1,502.64458328530264,0.02846055583839175
w5_pf_init,accel_gp,1,2.554,2.0232694999999996,1.00532475,1.01794475,564134,283407,-4,-0.001,-4,-0.001,,20.193542,144.994884,32.648923,1.148865,Intercept,7.906633516053251,3.579564784253387e-05
w5_pf_init,accel_gp,0,2.852,2.7026225,1.440315,1.2623075000000001,726447,347293,-4,-0.001,-4,-0.001,,32.938547,208.158676,38.883482,1.10271,zgp_1.6,11.5492801542777,4.534198227812903e-05
w5_pf_init,accel_gp,2,3.464,2.76478525,1.553383,1.21140225,763340,338893,-4,-0.001,-4,-0.001,,21.639662,198.525314,55.613904,1.132429,Intercept,6.24701558891455,2.8348654596903084e-05
w5_pf_init,radon_variable_intercept_slope_noncentered,1,7.419,7.234345,4.397802500000001,2.8365425,638332,251968,-4,-0.001,-4,-0.001,,515.793769,7502.032951,487.710299,1.005923,sigma_beta,69.5233547647931,0.0008080337018980719
w5_pf_init,radon_variable_intercept_slope_noncentered,0,7.189,4.930697499999999,3.198505,1.7321925,445035,156012,-4,-0.001,-4,-0.001,,564.958064,6305.796515,716.686969,1.007352,sigma_beta,78.5864604256503,0.001269468837282461
w5_pf_init,radon_variable_intercept_slope_noncentered,2,7.232,6.414205,3.9480299999999997,2.4661750000000002,574670,220000,-4,-0.001,-4,-0.001,,572.38049,7225.429231,436.410589,1.008302,sigma_beta,79.14553235619469,0.0009960159569840081
w7_stock_4000,lotka_volterra,1,23.393,9.887264499999999,8.796955,1.0903094999999998,316782,59098,-4,-0.001,-4,-0.001,,42.123665,1180.123715,188.342779,1.083598,theta.2,1.8006952934638567,0.00013297366958981257
w7_stock_4000,lotka_volterra,0,7.015,6.47253475,5.43009,1.0424447499999998,304426,56026,-4,-0.001,-4,-0.001,,62.61267,1111.956321,124.223454,1.061184,theta.1,8.925540983606558,0.00020567451531735135
w7_stock_4000,lotka_volterra,2,7.003,6.101827500000001,4.896447499999999,1.2053800000000001,325241,64427,-4,-0.001,-4,-0.001,,187.66492,1561.670967,378.110593,1.036961,theta.4,26.797789518777666,0.0005770026534170046
w7_stock_4000,kidscore_momiq,1,0.461,0.40918879999999996,0.35306024999999996,0.05612855,300299,41646,-4,-0.001,-4,-0.001,,249.727284,421.270066,370.668637,1.014849,beta.1,541.7077744034707,0.0008315954565283267
w7_stock_4000,kidscore_momiq,0,0.536,0.448108025,0.37979700000000005,0.068311025,326073,49896,-4,-0.001,-4,-0.001,,254.82746,360.436412,293.163066,1.036269,beta.1,475.4243656716418,0.0007815043257184741
w7_stock_4000,kidscore_momiq,2,0.511,0.38549395000000003,0.32598000000000005,0.059513949999999996,281416,41777,-4,-0.001,-4,-0.001,,225.606883,328.430797,286.643822,1.03095,beta.1,441.5007495107632,0.0008016846341359411
w7_stock_4000,radon_partially_pooled_noncentered,1,36.306,34.9774675,28.181575000000002,6.795892500000001,360431,70174,-4,-0.001,-4,-0.001,,255.378516,3285.149807,498.797887,1.015845,sigma_alpha,7.034058172202942,0.000708536491034345
w7_stock_4000,radon_partially_pooled_noncentered,0,52.979,42.210609999999996,34.031175,8.179435,433302,83089,-4,-0.001,-4,-0.001,,74.302139,1638.41815,139.145426,1.044129,sigma_alpha,1.4024828516959549,0.00017147887385703274
w7_stock_4000,radon_partially_pooled_noncentered,2,39.864,36.2797075,29.355925,6.9237825,373725,71473,-4,-0.001,-4,-0.001,,127.952937,2614.202018,202.623589,1.031226,alpha_raw.202,3.209736529199278,0.00034237189644792295
w7_stock_4000,kronecker_gp,1,34.554,32.7235,26.22205,6.50145,359620,69748,-4,-0.001,-4,-0.001,,22.415726,216.329122,45.50781,1.152865,Sigma1.7.1,0.6487158071424437,6.23317001279128e-05
w7_stock_4000,kronecker_gp,2,35.351,33.35707,26.6872,6.66987,362877,71478,-4,-0.001,-4,-0.001,,52.797034,300.278008,38.397364,1.077301,Sigma1.7.1,1.4935089247828914,0.00014549567484299086
w7_stock_4000,hier_2pl,1,101.906,100.89345,81.300925,19.592525000000002,360656,69929,-4,-0.001,-4,-0.001,,280.899182,2729.708593,186.854256,1.027574,xi2.8,2.7564538103742664,0.0007788562563772681
w7_stock_4000,hier_2pl,0,103.493,101.90514999999999,82.35772499999999,19.547425000000004,364522,69784,-4,-0.001,-4,-0.001,,140.714086,2473.108482,344.924672,1.040839,L_Omega.2.1,1.359648343366218,0.00038602357608045606
w7_stock_4000,hier_2pl,2,104.688,102.700975,83.025675,19.6753,364450,70543,-4,-0.001,-4,-0.001,,241.378049,2584.658999,198.392944,1.013745,xi2.32,2.305689754317591,0.0006623077212237618
w7_stock_4000,wells_dist100_model,1,1.872,1.7859800000000001,1.4380899999999999,0.34789000000000003,133504,25976,-4,-0.001,-4,-0.001,,690.823121,747.87856,825.583321,1.004321,beta.1,369.02944497863245,0.005174549983521093
w7_stock_4000,wells_dist100_model,0,1.791,1.751245,1.4062,0.34504500000000005,131730,26600,-4,-0.001,-4,-0.001,,846.560699,847.268963,1038.952833,1.003062,beta.1,472.674873813512,0.006426483709101951
w7_stock_4000,wells_dist100_model,2,1.899,1.772276,1.419445,0.352831,133653,26151,-4,-0.001,-4,-0.001,,873.627403,900.848792,1358.100558,1.003447,beta.1,460.0460258030542,0.006536534181799137
w7_stock_4000,eight_schools_noncentered,1,0.059,0.0422720825,0.033583475,0.008688607499999999,172069,34287,-4,-0.001,-4,-0.001,,1622.968323,2917.536904,1563.20311,1.002974,tau,27507.937677966103,0.009432078544072436
w7_stock_4000,eight_schools_noncentered,0,0.055,0.0411980775,0.032934325,0.0082637525,171934,34612,-4,-0.001,-4,-0.001,,1698.287393,2903.501719,1564.561611,1.003922,tau,30877.9526,0.00987755413705259
w7_stock_4000,eight_schools_noncentered,2,0.083,0.048158005,0.04010935,0.008048655,173689,35179,-4,-0.001,-4,-0.001,,1529.317391,2849.454302,1372.992727,1.003772,tau,18425.51073493976,0.00880491793377819
w7_stock_4000,dogs_hierarchical,1,1.898,1.6720597500000003,1.3235350000000001,0.34852475000000005,119825,23959,-4,-0.001,-4,-0.001,,1498.951233,3916.825541,1647.410019,1.003094,a,789.7530205479452,0.012509503300646777
w7_stock_4000,dogs_hierarchical,0,1.869,1.6609462499999998,1.3179725,0.34297374999999997,119313,23695,-4,-0.001,-4,-0.001,,1645.325908,3921.20681,1785.324799,1.002931,a,880.3241883360085,0.013789996965963475
w7_stock_4000,dogs_hierarchical,2,1.962,1.6989907499999999,1.3575575,0.34143325,120608,23727,-4,-0.001,-4,-0.001,,1792.818462,3914.500363,1935.613985,1.002406,a,913.770877675841,0.014864838667418412
w7_stock_4000,bym2_offset_only,1,36.053,28.4224275,21.276325,7.1461025,722160,178416,-4,-0.001,-4,-0.001,,4.060363,4.986984,4.032258,13.167992,phi.861,0.11262205641694173,5.622525479118201e-06
w7_stock_4000,bym2_offset_only,0,42.549,33.409115,25.299425,8.10969,784191,199380,-4,-0.001,-4,-0.001,,4.461002,39.290801,11.087949,3.295747,beta0,0.10484387412160097,5.688667684275897e-06
w7_stock_4000,bym2_offset_only,2,47.262,35.548395,27.1293,8.419095,874621,206976,-4,-0.001,-4,-0.001,,4.246169,8.883486,10.663538,4.497162,beta0,0.08984319326308662,4.854867422575035e-06
w7_stock_4000,pilots,1,0.205,0.16865737500000003,0.142081,0.026576375,442081,71003,-4,-0.001,-4,-0.001,,4.361257,414.367228,12.679045,3.674427,mu_a,21.274424390243905,9.865289392667859e-06
w7_stock_4000,pilots,0,0.245,0.194749325,0.14703225,0.047717075000000005,505539,117105,-4,-0.001,-4,-0.001,,4.500513,411.246055,12.420906,3.199317,a.1,18.36944081632653,8.902405155685318e-06
w7_stock_4000,pilots,2,0.261,0.195213675,0.1577495,0.037464175,491761,85977,-4,-0.001,-4,-0.001,,4.349989,414.452342,11.719637,3.810544,mu_a,16.666624521072794,8.845738071949585e-06
w7_stock_4000,garch11,1,0.669,0.6292730000000001,0.511854,0.11741900000000001,178797,34970,-4,-0.001,-4,-0.001,,1017.920779,1314.078855,1301.304211,1.004903,alpha0,1521.5557234678624,0.005693164756679363
w7_stock_4000,garch11,0,0.969,0.71540675,0.58271375,0.132693,179439,35051,-4,-0.001,-4,-0.001,,914.465024,1187.523831,966.712357,1.00657,alpha0,943.72035500516,0.005096244539927217
w7_stock_4000,garch11,2,0.709,0.638903,0.509685,0.129218,180665,36374,-4,-0.001,-4,-0.001,,997.264358,1261.340126,1135.232606,1.005985,beta1,1406.5787842031032,0.005519964342844491
w7_stock_4000,logmesquite_logvash,1,0.228,0.21743917499999998,0.17898799999999998,0.038451175,371521,75065,-4,-0.001,-4,-0.001,,245.844148,495.77225,507.308935,1.030042,beta.3,1078.2638070175437,0.0006617234234403977
w7_stock_4000,logmesquite_logvash,0,0.216,0.20238230000000001,0.1623125,0.0400698,377214,74590,-4,-0.001,-4,-0.001,,133.343706,316.765146,310.813063,1.012936,beta.2,617.3319722222222,0.0003534961745852487
w7_stock_4000,logmesquite_logvash,2,0.213,0.201184125,0.163935,0.037249124999999994,374219,73894,-4,-0.001,-4,-0.001,,274.758402,546.246795,442.865994,1.023632,beta.2,1289.9455492957745,0.0007342182037790705
w7_stock_4000,diamonds,1,8.116,6.0307885,4.709055,1.3217335,635069,142485,-4,-0.001,-4,-0.001,,4.529845,95.368036,11.094543,3.06979,b.23,0.558137629374076,7.132839108821246e-06
w7_stock_4000,diamonds,0,7.822,6.9069675,5.2289449999999995,1.6780225,731037,180010,-4,-0.001,-4,-0.001,,4.791921,141.413016,11.197932,2.578405,b.23,0.6126209409358221,6.55496370224763e-06
w7_stock_4000,diamonds,2,7.506,6.8800325,5.253340000000001,1.6266924999999999,716567,174842,-4,-0.001,-4,-0.001,,5.389717,161.355372,11.404793,2.078345,b.22,0.7180544897415401,7.521581373409604e-06
w7_stock_4000,gp_regr,1,0.153,0.142419975,0.11550774999999999,0.026912224999999998,111357,21834,-4,-0.001,-4,-0.001,,3822.590645,3940.420802,2577.830641,1.001293,rho,24984.252581699348,0.03432734938082024
w7_stock_4000,gp_regr,0,0.151,0.141884675,0.11288849999999999,0.028996175,111552,22053,-4,-0.001,-4,-0.001,,3589.561151,3978.689633,2240.618451,1.001745,alpha,23771.92815231788,0.03217836660032989
w7_stock_4000,gp_regr,2,0.166,0.144177925,0.114806,0.029371925,113547,22208,-4,-0.001,-4,-0.001,,3657.179156,3699.907241,2015.005744,1.002334,sigma,22031.199734939757,0.032208505341400476
w7_stock_4000,lsat_model,1,15.098,14.703912500000001,11.734775,2.9691375,350403,69513,-4,-0.001,-4,-0.001,,742.844596,3965.043056,1428.879205,1.009328,beta,49.201523115644456,0.0021199721349417673
w7_stock_4000,lsat_model,0,15.071,14.63034,11.69145,2.93889,351518,70330,-4,-0.001,-4,-0.001,,669.175966,3538.470817,1216.971435,1.010378,beta,44.4015636653175,0.001903674821772996
w7_stock_4000,lsat_model,2,15.974,15.0664575,12.09855,2.9679075,355851,70441,-4,-0.001,-4,-0.001,,355.199022,3726.234742,515.449897,1.025284,beta,22.2360724928008,0.0009981678342901945
w7_stock_4000,eight_schools_centered,1,0.107,0.078674725,0.065812725,0.012862,386875,75445,-4,-0.001,-4,-0.001,,86.446143,184.200612,85.417805,1.053295,mu,807.907878504673,0.00022344721938610663
w7_stock_4000,eight_schools_centered,0,0.09,0.07450705,0.060239675,0.014267374999999999,412475,74081,-4,-0.001,-4,-0.001,,106.682781,247.615921,233.937263,1.050502,tau,1185.3642333333335,0.00025864059882417116
w7_stock_4000,eight_schools_centered,2,0.08,0.06658815,0.052894825,0.013693325000000001,362876,75092,-4,-0.001,-4,-0.001,,149.253131,364.732907,239.526143,1.033687,tau,1865.6641375,0.00041130615141260376
w7_stock_4000,arma11,1,1.22,0.978529475,0.7931845,0.18534497500000002,534393,104904,-4,-0.001,-4,-0.001,,4.080284,4.140585,inf,9.434114,phi,3.3444950819672132,7.635361990145828e-06
w7_stock_4000,arma11,0,1.199,0.9734318,0.78252075,0.19091105,525995,104887,-4,-0.001,-4,-0.001,,4.080551,4.263132,4.032258,9.401175,mu,3.4032952460383648,7.757775264023423e-06
w7_stock_4000,arma11,2,1.23,0.94358215,0.75366325,0.1899189,512886,102238,-4,-0.001,-4,-0.001,,4.080972,4.286337,4.032258,9.403859,theta,3.3178634146341466,7.95687930651256e-06
w7_stock_4000,blr,1,0.142,0.119371175,0.10389372499999999,0.01547745,338668,41967,-4,-0.001,-4,-0.001,,4.437392,4.906074,11.42861,3.367936,sigma,31.24923943661972,1.3102483848488786e-05
w7_stock_4000,blr,0,0.138,0.1100353,0.0957425,0.0142928,293151,37394,-4,-0.001,-4,-0.001,,4.360417,74.415869,11.061641,3.728105,sigma,31.59722463768116,1.4874303686496039e-05
w7_stock_4000,blr,2,0.174,0.14135092500000002,0.12566005,0.015690875,327769,35367,-4,-0.001,-4,-0.001,,4.275428,6.279727,11.094494,4.237846,sigma,24.571425287356323,1.3044027958714825e-05
w7_stock_4000,low_dim_gauss_mix,1,7.759,7.490955,6.08958,1.401375,156448,29506,-4,-0.001,-4,-0.001,,550.663999,1919.621731,1045.004794,1.006225,sigma.1,70.97100128882587,0.003519789316578032
w7_stock_4000,low_dim_gauss_mix,0,17.656,10.904707499999999,9.0336075,1.8711,228919,39742,-4,-0.001,-4,-0.001,,1680.075068,2292.989517,1695.216451,1.005208,sigma.2,95.15604145899412,0.007339168299704262
w7_stock_4000,low_dim_gauss_mix,2,10.145,8.01867,6.647452499999999,1.3712175,169109,29321,-4,-0.001,-4,-0.001,,183.363053,793.697908,384.891243,1.035028,sigma.2,18.074228979793002,0.0010842891448710596
w7_stock_4000,accel_gp,1,2.82,1.83360775,1.4520170000000001,0.38159075,497541,105145,-4,-0.001,-4,-0.001,,4.545755,28.534543,11.173396,3.067021,Intercept_sigma,1.6119698581560284,9.13644302680583e-06
w7_stock_4000,accel_gp,0,1.914,1.62755975,1.3810825,0.24647724999999998,417268,64382,-4,-0.001,-4,-0.001,,4.30603,12.133264,10.939231,4.035139,Intercept_sigma,2.2497544409613375,1.0319578783899076e-05
w7_stock_4000,accel_gp,2,2.982,2.04927575,1.70301225,0.3462635,546518,86019,-4,-0.001,-4,-0.001,,4.282047,14.359439,11.254328,4.250941,lscale_1,1.4359647887323943,7.835143581730154e-06
w7_stock_4000,radon_variable_intercept_slope_noncentered,1,4.096,3.84561225,3.1047925000000003,0.74081975,330751,64569,-4,-0.001,-4,-0.001,,150.584796,1998.065035,190.344242,1.037443,sigma_alpha,36.7638662109375,0.000455281453419642
w7_stock_4000,radon_variable_intercept_slope_noncentered,0,4.093,3.667233,2.9490300000000005,0.718203,309158,60478,-4,-0.001,-4,-0.001,,21.217207,1875.662948,107.786397,1.140192,sigma_beta,5.183778890789152,6.86290084681619e-05
w7_stock_4000,radon_variable_intercept_slope_noncentered,2,4.446,3.5543507500000002,2.9163024999999996,0.63804825,300425,52806,-4,-0.001,-4,-0.001,,5.814141,167.825785,11.305106,1.831595,sigma_alpha,1.3077240215924428,1.935305317466922e-05
w9_fold,radon_partially_pooled_noncentered,1,80.08,78.9594,43.069625,35.889775,824547,376000,-4,-0.001,-4,-0.001,,713.30549,8021.13311,1157.549781,1.009331,mu_alpha,8.907411213786213,0.0008650877269579539
w9_fold,radon_partially_pooled_noncentered,0,80.098,73.802975,40.85635,32.946625,769108,344296,-4,-0.001,-4,-0.001,,735.469338,8105.950219,1336.652785,1.006298,mu_alpha,9.182118629678644,0.0009562627589363263
w9_fold,radon_partially_pooled_noncentered,2,79.473,79.02409999999999,43.342150000000004,35.68195,824410,376000,-4,-0.001,-4,-0.001,,629.191533,7800.655538,901.787897,1.006678,mu_alpha,7.917047714318071,0.0007632022088523915
w9_fold,kronecker_gp,1,83.404,68.6041,36.1671,32.437,763165,361716,-4,-0.001,-4,-0.001,,27.926044,471.924704,129.439637,1.120957,Sigma1.7.1,0.3348285933528368,3.65924066224211e-05
w9_fold,kronecker_gp,2,63.767,57.011175,32.909575,24.101599999999998,637763,269081,-4,-0.001,-4,-0.001,,36.939255,583.258286,160.104226,1.102551,Sigma1.8.1,0.5792848181661361,5.7920034558292034e-05
w9_fold,hier_2pl,1,179.221,170.51675,88.28715,82.2296,954277,469000,-4,-0.001,-4,-0.001,,38.094921,687.446117,117.473075,1.075616,xi1.31,0.21255835532666373,3.992019193588445e-05
w9_fold,hier_2pl,0,175.935,125.04785000000001,70.004775,55.043075,692495,313712,-4,-0.001,-4,-0.001,,978.887781,4975.095908,982.318232,1.00733,xi2.9,5.5639172478472165,0.0014135665687116875
w9_fold,hier_2pl,2,177.577,141.603375,76.29215,65.311225,795097,375872,-4,-0.001,-4,-0.001,,42.870138,498.495416,37.815852,1.07036,xi2.9,0.24141717677401914,5.391812319754696e-05
w9_fold,bym2_offset_only,1,36.914,34.2881,19.539649999999998,14.74845,849475,375931,-4,-0.001,-4,-0.001,,114.504281,3966.858266,166.061395,1.042236,rho,3.101920165790757,0.00013479417404867712
w9_fold,bym2_offset_only,0,41.836,35.6847,19.868225,15.816475,885576,406583,-4,-0.001,-4,-0.001,,115.059611,3571.412011,149.754609,1.027099,rho,2.750253633234535,0.0001299262976864775
w9_fold,bym2_offset_only,2,42.548,33.8338225,19.361275,14.472547500000001,834582,374705,-4,-0.001,-4,-0.001,,169.874129,3376.509498,269.130615,1.037154,rho,3.9925291200526467,0.0002035439645235579
w9_fold,garch11,1,0.414,0.3632575,0.18680300000000002,0.17645450000000001,114327,55825,-4,-0.001,-4,-0.001,,937.596883,1538.117911,1462.772846,1.004608,alpha0,2264.726770531401,0.008201010111347277
w9_fold,garch11,0,0.418,0.35767974999999996,0.1786525,0.17902724999999997,115947,57618,-4,-0.001,-4,-0.001,,960.156837,1598.824323,1529.095288,1.005259,alpha0,2297.0259258373208,0.00828099767134984
w9_fold,garch11,2,0.414,0.38109024999999996,0.18765275,0.1934375,115573,60487,-4,-0.001,-4,-0.001,,730.129254,1487.364016,1118.707361,1.002809,alpha0,1763.597231884058,0.006317472541164458
w9_fold,lsat_model,1,25.208,24.9022775,15.0009,9.9013775,621682,252000,-4,-0.001,-4,-0.001,,1504.522201,10366.957101,1782.32992,1.009456,beta,59.68431454300222,0.00242008325960861
w9_fold,lsat_model,0,25.788,25.079315,14.940925,10.13839,621370,252000,-4,-0.001,-4,-0.001,,1393.550455,10090.625841,1828.940551,1.008678,beta,54.03871781448736,0.0022427063665770796
w9_fold,lsat_model,2,25.47,25.045865,15.026275,10.019589999999999,622415,252000,-4,-0.001,-4,-0.001,,1227.077229,10797.102099,1988.855634,1.008276,beta,48.17735488810365,0.0019714775977442704
w7_batch_2000,lotka_volterra,1,10.173,6.18495,4.6123425000000005,1.5726075000000002,271045,89340,-4,-0.001,-4,-0.001,,4.673567,9.179139,4.032258,2.737183,z.7.1,0.45940892558733903,1.7242771495508126e-05
w7_batch_2000,lotka_volterra,0,7.706,5.241553,4.0941975,1.1473555000000002,235899,59961,-4,-0.001,-4,-0.001,,176.878105,1415.093389,179.027982,1.027998,theta.3,22.953296781728522,0.0007498043866230888
w7_batch_2000,lotka_volterra,2,6.738,4.55573,3.287725,1.268005,213202,65612,-4,-0.001,-4,-0.001,,141.429742,1251.655969,201.238881,1.025847,theta.4,20.989869694271295,0.0006633602968077223
w7_batch_2000,kidscore_momiq,1,0.554,0.52180375,0.343516,0.17828775,384004,128000,-4,-0.001,-4,-0.001,,4.032258,4.032258,inf,-inf,beta.1,7.278444043321298,1.0500562494140685e-05
w7_batch_2000,kidscore_momiq,0,0.543,0.509525,0.34363,0.16589500000000001,384004,128000,-4,-0.001,-4,-0.001,,4.032258,4.032258,inf,-inf,beta.1,7.42588950276243,1.0500562494140685e-05
w7_batch_2000,kidscore_momiq,2,0.543,0.51941775,0.34800075,0.17141699999999999,384004,128000,-4,-0.001,-4,-0.001,,4.032258,4.032258,inf,-inf,beta.1,7.42588950276243,1.0500562494140685e-05
w7_batch_2000,radon_partially_pooled_noncentered,1,37.25,30.6166725,21.263724999999997,9.3529475,316660,98061,-4,-0.001,-4,-0.001,,4.412213,6.089213,4.032258,3.560277,alpha_raw.267,0.11844867114093961,1.3933597549422094e-05
w7_batch_2000,radon_partially_pooled_noncentered,0,37.351,34.3958725,23.503525000000003,10.8923475,356498,113595,-4,-0.001,-4,-0.001,,4.079749,4.529276,4.032258,9.479765,alpha.307,0.10922730315118738,1.1443960414925188e-05
w7_batch_2000,radon_partially_pooled_noncentered,2,37.815,37.234,24.802925000000002,12.431075,384050,128000,-4,-0.001,-4,-0.001,,4.032258,4.032258,inf,-inf,alpha_raw.1,0.10663117810392701,1.0499304778023695e-05
w7_batch_2000,kronecker_gp,1,50.999,46.47132500000001,27.549325000000003,18.921999999999997,517693,207334,-4,-0.001,-4,-0.001,,51.530102,325.31092,75.792789,1.051437,eigenvalues.24.30,1.010413968901351,9.953795396113141e-05
w7_batch_2000,kronecker_gp,0,51.369,42.1168675,30.007825,12.109042500000001,485057,138064,-4,-0.001,-4,-0.001,,5.866242,18.794271,4.032258,1.830497,eigenvalues.19.30,0.11419809612801494,1.2093922982247447e-05
w7_batch_2000,hier_2pl,1,109.057,92.10845,68.57589999999999,23.53255,327528,84796,-4,-0.001,-4,-0.001,,5.730373,15.105172,4.032258,1.888141,xi2.32,0.05254475182702623,1.7495826311032952e-05
w7_batch_2000,hier_2pl,0,106.71,88.84989999999999,68.671025,20.178875,317234,73900,-4,-0.001,-4,-0.001,,9.918195,275.08529,11.263596,1.345356,xi2.22,0.09294531908912006,3.126460278532566e-05
w7_batch_2000,hier_2pl,2,84.912,77.9167,61.110125000000004,16.806575000000002,275555,60038,-4,-0.001,-4,-0.001,,10.03126,331.846854,19.06737,1.334632,xi1.11,0.1181371302053891,3.640383952387001e-05
w7_batch_2000,wells_dist100_model,1,1.14,1.06634225,0.7378645,0.32847774999999996,82054,26308,-4,-0.001,-4,-0.001,,685.728373,694.49746,1129.271796,1.004348,alpha,601.5161166666668,0.008357037719063057
w7_batch_2000,wells_dist100_model,0,1.175,1.089556,0.7430777500000001,0.34647825000000004,80349,26709,-4,-0.001,-4,-0.001,,838.913602,863.870662,1110.299369,1.00698,beta.1,713.9690229787234,0.010440871722112284
w7_batch_2000,wells_dist100_model,2,1.068,1.0458355,0.704591,0.3412445,80838,26279,-4,-0.001,-4,-0.001,,951.63866,966.567969,1360.007485,1.002247,beta.1,891.0474344569287,0.01177216977164205
w7_batch_2000,eight_schools_noncentered,1,0.033,0.024028127499999996,0.015917425,0.0081107025,104221,34434,-4,-0.001,-4,-0.001,,1740.281089,3137.400281,1594.385706,1.002151,tau,52735.79057575757,0.01669798878345055
w7_batch_2000,eight_schools_noncentered,0,0.035,0.025126100000000002,0.0168367,0.0082894,103713,34016,-4,-0.001,-4,-0.001,,1510.217972,2903.364112,1579.300146,1.003763,tau,43149.08491428571,0.014561510823136925
w7_batch_2000,eight_schools_noncentered,2,0.032,0.0232858875,0.01545585,0.007830037500000001,103717,34372,-4,-0.001,-4,-0.001,,1719.6307,3230.674269,1458.766996,1.004638,tau,53738.459375,0.016580027382203495
w7_batch_2000,dogs_hierarchical,1,1.189,1.0024945,0.6548287500000001,0.34766575,71002,23878,-4,-0.001,-4,-0.001,,1601.963287,3913.357308,1975.927639,1.002349,a,1347.3198376787216,0.022562227641474888
w7_batch_2000,dogs_hierarchical,0,1.178,1.0019365,0.65158925,0.35034725,72322,23273,-4,-0.001,-4,-0.001,,1566.602473,3924.34835,1837.804771,1.002193,a,1329.883253820034,0.02166149267166284
w7_batch_2000,dogs_hierarchical,2,1.289,1.05700675,0.703063,0.35394375,73558,23117,-4,-0.001,-4,-0.001,,1640.249762,3914.040763,1500.911099,1.002531,a,1272.4978758727696,0.022298727018135348
w7_batch_2000,bym2_offset_only,1,17.459,12.655565,8.39354,4.262025,384004,128000,-4,-0.001,-4,-0.001,,4.032258,4.032258,inf,-inf,beta0,0.23095583939515435,1.0500562494140685e-05
w7_batch_2000,bym2_offset_only,0,17.544,14.80246,9.755627500000001,5.046832500000001,384004,128000,-4,-0.001,-4,-0.001,,4.032258,4.032258,inf,-inf,beta0,0.22983686730506153,1.0500562494140685e-05
w7_batch_2000,bym2_offset_only,2,17.676,14.436610000000002,9.5166075,4.9200025,384004,128000,-4,-0.001,-4,-0.001,,4.032258,4.032258,inf,-inf,beta0,0.2281205023761032,1.0500562494140685e-05
w7_batch_2000,pilots,1,0.165,0.12722145,0.090412425,0.036809024999999995,367868,94036,-4,-0.001,-4,-0.001,,4.601359,423.054412,12.421994,2.905077,a.3,27.887024242424243,1.2508179564408974e-05
w7_batch_2000,pilots,0,0.174,0.14157877500000002,0.09713740000000001,0.044441375000000005,405226,102998,-4,-0.001,-4,-0.001,,4.405741,397.75111,11.453274,3.60407,a.3,25.320350574712645,1.087230582440416e-05
w7_batch_2000,pilots,2,0.205,0.15135815,0.11095664999999999,0.0404015,423697,114594,-4,-0.001,-4,-0.001,,4.593299,390.818388,11.38414,2.961625,a.1,22.406336585365857,1.0840999582248636e-05
w7_batch_2000,garch11,1,0.402,0.380608,0.25634925,0.12425875,108672,35010,-4,-0.001,-4,-0.001,,843.898386,1202.927721,1068.132837,1.018537,alpha0,2099.2497164179103,0.007765554935954063
w7_batch_2000,garch11,0,0.4,0.38618224999999995,0.262771,0.12341125,109502,35368,-4,-0.001,-4,-0.001,,839.502254,1189.12885,1210.124834,1.004431,alpha0,2098.755635,0.007666547222881774
w7_batch_2000,garch11,2,0.453,0.39699625000000005,0.265212,0.13178425,108601,34772,-4,-0.001,-4,-0.001,,884.367912,1268.505557,1326.336296,1.003085,alpha0,1952.247046357616,0.008143275955101703
w7_batch_2000,logmesquite_logvash,1,0.133,0.118704275,0.08177045,0.036933824999999997,241718,73083,-4,-0.001,-4,-0.001,,295.641685,483.476337,515.839287,1.006547,beta.3,2222.869812030075,0.0012230851033021952
w7_batch_2000,logmesquite_logvash,0,0.179,0.148417575,0.103271875,0.045145700000000004,287985,86757,-4,-0.001,-4,-0.001,,7.316427,16.383305,4.032258,1.548653,beta.4,40.87389385474861,2.5405583624147093e-05
w7_batch_2000,logmesquite_logvash,2,0.137,0.1296384,0.0897314,0.039907,246928,68947,-4,-0.001,-4,-0.001,,105.289544,319.70567,285.130627,1.046286,beta.3,768.5368175182482,0.00042639775157130824
w7_batch_2000,diamonds,1,3.751,3.6471275,2.44299,1.2041375,389097,128000,-4,-0.001,-4,-0.001,,4.032258,4.032258,inf,-inf,b.1,1.0749821380965074,1.0363117680167156e-05
w7_batch_2000,diamonds,0,3.767,3.6389224999999996,2.4464775000000003,1.192445,384004,128000,-4,-0.001,-4,-0.001,,4.032258,4.032258,inf,-inf,b.1,1.0704162463498805,1.0500562494140685e-05
w7_batch_2000,diamonds,2,4.278,3.7787175,2.580155,1.1985625,403324,128000,-4,-0.001,-4,-0.001,,4.032258,4.032258,inf,-inf,b.1,0.9425568022440393,9.99756523291448e-06
w7_batch_2000,gp_regr,1,0.107,0.08982394999999999,0.060188624999999996,0.029635325,68492,22630,-4,-0.001,-4,-0.001,,3762.94077,3973.632149,2192.130473,1.001739,alpha,35167.67074766356,0.054939858231618295
w7_batch_2000,gp_regr,0,0.104,0.0915601,0.064108,0.0274521,71050,23103,-4,-0.001,-4,-0.001,,3626.739536,3760.212863,2560.984816,1.00093,alpha,34872.49553846154,0.05104489142857143
w7_batch_2000,gp_regr,2,0.099,0.089049775,0.06224152499999999,0.02680825,69370,22807,-4,-0.001,-4,-0.001,,3152.389134,3857.0485,2418.241546,1.002962,alpha,31842.314484848484,0.04544311855268848
w7_batch_2000,lsat_model,1,9.391,8.90371,6.0570975,2.8466125,215289,68432,-4,-0.001,-4,-0.001,,684.897397,4037.120663,999.501785,1.008616,beta,72.93125300819933,0.003181293038659662
w7_batch_2000,lsat_model,0,13.781,10.494262500000001,7.4927125000000006,3.00155,255090,71753,-4,-0.001,-4,-0.001,,520.275864,2421.046797,890.833617,1.012035,beta,37.75312851026776,0.002039577654945313
w7_batch_2000,lsat_model,2,16.682,12.65382,8.6176675,4.0361525,305246,99198,-4,-0.001,-4,-0.001,,4.423418,10.703361,4.032258,3.410549,a.3,0.2651611317587819,1.4491321753602012e-05
w7_batch_2000,eight_schools_centered,1,0.06,0.043387925,0.027279625000000002,0.0161083,238341,89410,-4,-0.001,-4,-0.001,,95.269303,240.900806,60.916327,1.056431,tau,1587.8217166666666,0.00039971848318165985
w7_batch_2000,eight_schools_centered,0,0.049,0.039170125,0.0256903,0.013479824999999999,215962,76274,-4,-0.001,-4,-0.001,,122.824761,390.143455,117.01682,1.035143,tau,2506.6277755102037,0.0005687332076939461
w7_batch_2000,eight_schools_centered,2,0.05,0.0394784,0.025615199999999998,0.013863200000000001,211690,70543,-4,-0.001,-4,-0.001,,153.507891,304.527248,150.990629,1.028715,tau,3070.15782,0.0007251541924512258
w7_batch_2000,arma11,1,0.738,0.700846,0.46415425000000005,0.23669174999999998,384004,128000,-4,-0.001,-4,-0.001,,4.032258,4.032258,inf,-inf,mu,5.463764227642276,1.0500562494140685e-05
w7_batch_2000,arma11,0,0.754,0.6962532499999999,0.4659625,0.23029075,384004,128000,-4,-0.001,-4,-0.001,,4.032258,4.032258,inf,-inf,mu,5.347822281167108,1.0500562494140685e-05
w7_batch_2000,blr,1,0.144,0.12477250000000001,0.08166955000000001,0.04310295,384004,128000,-4,-0.001,-4,-0.001,,4.032258,4.032258,inf,-inf,beta.1,28.001791666666666,1.0500562494140685e-05
w7_batch_2000,blr,0,0.152,0.130767675,0.090526625,0.04024105,384004,128000,-4,-0.001,-4,-0.001,,4.032258,4.032258,inf,-inf,beta.1,26.528013157894737,1.0500562494140685e-05
w7_batch_2000,blr,2,0.132,0.12287087499999999,0.08381385000000001,0.039057024999999995,384004,128000,-4,-0.001,-4,-0.001,,4.032258,4.032258,inf,-inf,beta.1,30.54740909090909,1.0500562494140685e-05
w7_batch_2000,low_dim_gauss_mix,1,17.612,11.620585,8.025689999999999,3.5948949999999997,252945,79547,-4,-0.001,-4,-0.001,,4.430685,4.779439,4.032258,3.403844,sigma.2,0.25157193958664553,1.751639684516397e-05
w7_batch_2000,low_dim_gauss_mix,0,9.619,6.2179325,4.738922499999999,1.47901,132733,32073,-4,-0.001,-4,-0.001,,7.164827,7.69279,27.753595,1.532191,mu.2,0.7448619399105936,5.397924404631855e-05
w7_batch_2000,low_dim_gauss_mix,2,17.004,9.028165,6.5003874999999995,2.5277775,196926,56300,-4,-0.001,-4,-0.001,,7.197857,7.243831,4.032258,1.528739,sigma.1,0.4233037520583392,3.655107502310512e-05
w7_batch_2000,accel_gp,1,5.284,2.4074145,1.83133025,0.57608425,653431,163381,-4,-0.001,-4,-0.001,,4.12535,5.345351,4.032258,10.132225,zgp_1.13,0.7807248296744891,6.313367440479561e-06
w7_batch_2000,accel_gp,0,1.9,1.51382525,1.0332365,0.48058875,384004,128000,-4,-0.001,-4,-0.001,,4.032258,4.032258,inf,-inf,Intercept,2.122241052631579,1.0500562494140685e-05
w7_batch_2000,accel_gp,2,1.461,1.3738575000000002,0.93007825,0.44377924999999996,384004,128000,-4,-0.001,-4,-0.001,,4.032258,4.032258,inf,-inf,Intercept,2.7599301848049276,1.0500562494140685e-05
w7_batch_2000,radon_variable_intercept_slope_noncentered,1,4.446,2.9785649999999997,2.0795624999999998,0.8990025,258824,78365,-4,-0.001,-4,-0.001,,6.075984,16.991214,4.032258,1.777533,sigma_alpha,1.3666180836707154,2.34753500448181e-05
w7_batch_2000,radon_variable_intercept_slope_noncentered,0,4.358,2.79611525,1.8445774999999998,0.95153775,242544,82242,-4,-0.001,-4,-0.001,,7.180904,18.48441,4.032258,1.535223,alpha_raw.14,1.6477521798990364,2.9606603337951052e-05
w7_batch_2000,radon_variable_intercept_slope_noncentered,2,4.554,3.53637575,2.2965325,1.2398432499999998,303017,102581,-4,-0.001,-4,-0.001,,4.41573,6.97259,4.032258,3.534006,beta.25,0.9696376811594202,1.457254873488946e-05
w7_stock_1000,lotka_volterra,1,36.506,11.02382,5.3773824999999995,5.6464375,158254,80214,-4,-0.001,-4,-0.001,,6.142877,14.94064,10.899265,1.746999,theta.2,0.16827033912233608,3.88165670378e-05
w7_stock_1000,lotka_volterra,0,3.543,3.1278325,1.6663999999999999,1.4614325000000001,134240,68990,-4,-0.001,-4,-0.001,,6.797277,23.269721,65.128159,1.593326,z.13.1,1.9185088907705334,5.063525774731824e-05
w7_stock_1000,lotka_volterra,2,2.921,2.394885,1.2156249999999997,1.1792600000000002,131962,66082,-4,-0.001,-4,-0.001,,179.625667,1321.385106,319.290499,1.049562,theta.3,61.49457959602876,0.0013611923659841469
w7_stock_1000,kidscore_momiq,1,0.359,0.289006925,0.17915625,0.10985067500000001,192807,71172,-4,-0.001,-4,-0.001,,5.045209,5.148618,11.42861,2.26887,sigma,14.053506963788301,2.616714642103243e-05
w7_stock_1000,kidscore_momiq,0,0.378,0.26247292499999997,0.15656949999999997,0.10590342500000001,186910,74422,-4,-0.001,-4,-0.001,,7.056894,16.1242,11.894163,1.56727,beta.1,18.669031746031745,3.7755572200524315e-05
w7_stock_1000,kidscore_momiq,2,0.497,0.264439225,0.202160725,0.0622785,149224,45504,-4,-0.001,-4,-0.001,,6.735235,6.825315,11.354642,1.61003,sigma,13.551780684104628,4.5135065405028684e-05
w7_stock_1000,radon_partially_pooled_noncentered,1,15.069,14.500900000000001,7.637924999999999,6.8629750000000005,146973,69693,-4,-0.001,-4,-0.001,,297.753467,3397.807529,405.999791,1.018328,sigma_alpha,19.75933817771584,0.0020259058942799016
w7_stock_1000,radon_partially_pooled_noncentered,0,25.801,18.84402,10.2686525,8.5753675,186397,85956,-4,-0.001,-4,-0.001,,107.864219,1995.680531,118.271204,1.045082,sigma_alpha,4.180621642571994,0.0005786800163092754
w7_stock_1000,radon_partially_pooled_noncentered,2,18.819,15.518430000000002,8.49652,7.02191,159677,72571,-4,-0.001,-4,-0.001,,61.039234,1875.227182,165.140545,1.055469,sigma_alpha,3.2434897709761414,0.000382266913832299
w7_stock_1000,kronecker_gp,1,15.708,13.634295,7.2472375,6.387057499999999,149379,69012,-4,-0.001,-4,-0.001,,12.632152,189.217078,13.577939,1.25497,Sigma1.5.1,0.8041858925388337,8.456444346260183e-05
w7_stock_1000,kronecker_gp,2,15.823,13.536725,7.11878,6.417945,150753,70652,-4,-0.001,-4,-0.001,,30.397764,247.804692,34.07494,1.228758,R1.30,1.9211125576692156,0.00020163952956160075
w7_stock_1000,hier_2pl,1,44.296,43.023875000000004,22.820024999999998,20.203850000000003,151660,70921,-4,-0.001,-4,-0.001,,53.090645,2211.96896,37.921764,1.06064,xi2.21,1.19854264493408,0.00035006359620203085
w7_stock_1000,hier_2pl,0,45.806,43.778975,23.507975,20.271,153860,69964,-4,-0.001,-4,-0.001,,95.694095,1826.40564,79.503088,1.067525,xi2.11,2.08911703706938,0.0006219556414922658
w7_stock_1000,hier_2pl,2,44.117,41.827475,22.712725,19.11475,152558,69751,-4,-0.001,-4,-0.001,,47.451267,1925.389597,70.401155,1.095406,xi2.32,1.0755778271414649,0.00031103755293068866
w7_stock_1000,wells_dist100_model,1,0.744,0.7137227500000001,0.3592025,0.35452025,54651,26635,-4,-0.001,-4,-0.001,,664.994326,723.466658,1139.380914,1.010399,beta.1,893.8095779569893,0.012168017529413917
w7_stock_1000,wells_dist100_model,0,0.789,0.73868275,0.37617975,0.362503,53390,26523,-4,-0.001,-4,-0.001,,987.501021,1012.231438,1384.12364,1.002496,beta.1,1251.5855779467681,0.018495992152088407
w7_stock_1000,wells_dist100_model,2,0.728,0.6986542499999999,0.3595835,0.33907075,53982,26294,-4,-0.001,-4,-0.001,,576.438904,583.837459,1081.418991,1.012462,beta.1,791.8116813186813,0.010678353969841799
w7_stock_1000,eight_schools_noncentered,1,0.035,0.0211569,0.009623335,0.011533565,69515,34457,-4,-0.001,-4,-0.001,,1497.678651,2991.784878,1713.250596,1.003078,tau,42790.81859999999,0.021544683176292885
w7_stock_1000,eight_schools_noncentered,0,0.025,0.016441485,0.008123769999999999,0.008317715,68824,34562,-4,-0.001,-4,-0.001,,1755.67425,2935.581076,1524.99021,1.003392,tau,70226.97,0.025509622370103454
w7_stock_1000,eight_schools_noncentered,2,0.028,0.01656097,0.0081662425,0.008394727500000001,70209,34557,-4,-0.001,-4,-0.001,,1638.698396,3028.390522,1572.23358,1.0026,tau,58524.94271428572,0.023340289649475137
w7_stock_1000,dogs_hierarchical,1,0.944,0.7303895,0.34330125,0.38708824999999997,48624,24087,-4,-0.001,-4,-0.001,,1614.92573,3917.300619,1813.585618,1.002999,a,1710.7264088983052,0.03321252323955248
w7_stock_1000,dogs_hierarchical,0,0.917,0.68533375,0.3356945,0.34963925,48264,23598,-4,-0.001,-4,-0.001,,1663.45871,3920.507725,1776.616805,1.002453,a,1814.022584514722,0.03446582773910161
w7_stock_1000,dogs_hierarchical,2,0.91,0.689913,0.3534335,0.3364795,49562,23773,-4,-0.001,-4,-0.001,,1734.134653,3916.057224,1966.535649,1.002865,a,1905.6424758241758,0.034989198438319685
w7_stock_1000,bym2_offset_only,1,12.928,9.986562500000002,4.9636499999999995,5.0229125,256004,128000,-4,-0.001,-4,-0.001,,4.032258,4.032258,inf,-inf,beta0,0.31190114480198017,1.575076170684833e-05
w7_stock_1000,bym2_offset_only,0,18.228,11.243020000000001,5.7523375,5.4906825,266038,126973,-4,-0.001,-4,-0.001,,4.181018,6.381875,4.032258,5.519959,phi.357,0.22937338161070878,1.5715867658003745e-05
w7_stock_1000,bym2_offset_only,2,14.035,10.5844675,5.5106725,5.0737950000000005,267023,124535,-4,-0.001,-4,-0.001,,4.06278,4.642939,4.032258,12.020887,phi.1399,0.28947488421802636,1.5215093830868503e-05
w7_stock_1000,pilots,1,0.147,0.09102060000000001,0.05144685,0.039573750000000005,213925,98665,-4,-0.001,-4,-0.001,,4.425142,402.674523,11.225864,3.392196,a.5,30.10300680272109,2.068548323010401e-05
w7_stock_1000,pilots,0,0.107,0.07593649999999999,0.0445287,0.0314078,192579,79039,-4,-0.001,-4,-0.001,,4.478672,387.296349,17.170675,3.241298,b.4,41.85674766355141,2.3256284433920626e-05
w7_stock_1000,pilots,2,0.098,0.077129,0.03797125,0.03915775,218198,114136,-4,-0.001,-4,-0.001,,4.397872,396.137981,10.665017,3.553907,a.5,44.876244897959175,2.0155418473129907e-05
w7_stock_1000,garch11,1,0.23,0.21703425,0.11082225,0.106212,71292,34671,-4,-0.001,-4,-0.001,,909.347495,1101.933258,1107.01829,1.003289,alpha0,3953.684760869565,0.012755252973685688
w7_stock_1000,garch11,0,0.264,0.25330725,0.130986,0.12232125,73222,35473,-4,-0.001,-4,-0.001,,1008.340689,1142.209541,1202.78777,1.005286,alpha0,3819.4723068181816,0.013771007197290432
w7_stock_1000,garch11,2,0.271,0.24087075000000002,0.12083625,0.1200345,72896,35431,-4,-0.001,-4,-0.001,,791.093858,1038.028559,1220.327306,1.004798,alpha0,2919.1655276752763,0.010852363065188761
w7_stock_1000,logmesquite_logvash,1,0.125,0.09354342499999999,0.0425166,0.051026825,147226,72139,-4,-0.001,-4,-0.001,,231.432096,452.271027,356.911011,1.024246,beta.2,1851.456768,0.001571951258609213
w7_stock_1000,logmesquite_logvash,0,0.098,0.083494275,0.042498575000000004,0.0409957,151645,74115,-4,-0.001,-4,-0.001,,137.669213,368.528922,361.74318,1.038554,beta.2,1404.787887755102,0.0009078387879587194
w7_stock_1000,logmesquite_logvash,2,0.186,0.101645875,0.042470100000000004,0.059175775,149963,73684,-4,-0.001,-4,-0.001,,188.727963,405.777464,392.239066,1.027231,beta.2,1014.6664677419354,0.0012584968492228082
w7_stock_1000,diamonds,1,2.471,2.0399975,1.1273685,0.912629,215214,95694,-4,-0.001,-4,-0.001,,4.310591,33.431132,11.113531,3.99518,b.23,1.7444722784297853,2.0029324300463722e-05
w7_stock_1000,diamonds,0,2.781,2.23690275,1.1410875,1.09581525,219455,107958,-4,-0.001,-4,-0.001,,4.329791,130.354565,11.062448,3.879672,b.23,1.556918734268249,1.9729744138889523e-05
w7_stock_1000,diamonds,2,2.233,1.9595157500000002,1.06553575,0.8939799999999999,207153,95930,-4,-0.001,-4,-0.001,,4.462319,136.538194,11.34847,3.27805,b.23,1.9983515450067173,2.154117488040241e-05
w7_stock_1000,gp_regr,1,0.069,0.057851225,0.029352275,0.02849895,45174,22272,-4,-0.001,-4,-0.001,,3733.245511,3917.091782,2194.961153,1.001569,alpha,54105.0074057971,0.0826414643600301
w7_stock_1000,gp_regr,0,0.088,0.06575634999999999,0.02789355,0.0378628,45474,22878,-4,-0.001,-4,-0.001,,3315.385156,3627.191303,2487.591051,1.003944,alpha,37674.831318181816,0.07290726912081628
w7_stock_1000,gp_regr,2,0.068,0.05768509999999999,0.02986075,0.027824349999999998,45955,22695,-4,-0.001,-4,-0.001,,3420.83527,3649.385396,2356.710586,1.000534,alpha,50306.40102941176,0.07443880470025024
w7_stock_1000,lsat_model,1,6.457,6.0766575,3.1299175000000004,2.94674,141436,69385,-4,-0.001,-4,-0.001,,862.182384,3766.75776,1059.425912,1.013277,beta,133.52677466315626,0.006095918889108855
w7_stock_1000,lsat_model,0,6.434,6.1158725,3.1368925,2.97898,142083,69018,-4,-0.001,-4,-0.001,,844.456193,3993.165731,1410.89567,1.009041,beta,131.24901973888714,0.0059434006390630826
w7_stock_1000,lsat_model,2,6.735,5.96845,3.0759,2.89255,144900,70287,-4,-0.001,-4,-0.001,,495.278894,3611.996218,1053.786061,1.012077,beta,73.53806889383816,0.003418073802622498
w7_stock_1000,eight_schools_centered,1,0.04,0.02918385,0.013865950000000002,0.0153179,161371,83368,-4,-0.001,-4,-0.001,,67.669249,315.447924,67.402835,1.052944,tau,1691.7312249999998,0.00041933959013701344
w7_stock_1000,eight_schools_centered,0,0.067,0.033760849999999995,0.0168502,0.01691065,158880,86359,-4,-0.001,-4,-0.001,,89.223745,357.606805,69.363388,1.014001,tau,1331.697686567164,0.0005615794624874119
w7_stock_1000,eight_schools_centered,2,0.032,0.024975,0.011244500000000001,0.0137305,151843,87742,-4,-0.001,-4,-0.001,,64.310402,231.773047,160.853996,1.034224,tau,2009.7000624999998,0.000423532214194925
w7_stock_1000,arma11,1,0.513,0.407795275,0.21517175000000002,0.19262352500000002,220120,105402,-4,-0.001,-4,-0.001,,4.080516,4.141895,inf,9.450527,mu,7.9542222222222225,1.853768853352717e-05
w7_stock_1000,arma11,0,0.509,0.40959215,0.209432,0.20016015,212052,104493,-4,-0.001,-4,-0.001,,4.080212,4.266989,4.032258,9.481025,mu,8.016133595284874,1.924156339011186e-05
w7_stock_1000,arma11,2,0.471,0.3700445,0.184310675,0.185733825,206081,102429,-4,-0.001,-4,-0.001,,4.080924,4.283672,4.032258,9.400968,theta,8.664382165605097,1.9802524250173476e-05
w7_stock_1000,blr,1,0.102,0.079735575,0.04128902500000001,0.03844655,227622,108644,-4,-0.001,-4,-0.001,,4.081803,4.095119,4.032258,9.421855,beta.1,40.017676470588235,1.7932374726520285e-05
w7_stock_1000,blr,0,0.099,0.07379705,0.0449692,0.028827850000000002,207224,80380,-4,-0.001,-4,-0.001,,4.165129,4.659313,4.032258,5.713905,sigma,42.0720101010101,2.0099645793923486e-05
w7_stock_1000,blr,2,0.123,0.091107725,0.04759405,0.043513675,265368,133830,-4,-0.001,-4,-0.001,,4.192404,4.475236,4.032258,5.170224,beta.5,34.084585365853656,1.5798453468391062e-05
w7_stock_1000,low_dim_gauss_mix,1,3.567,3.3105475,1.866565,1.4439825,69574,30119,-4,-0.001,-4,-0.001,,342.053426,1431.665007,337.065687,1.011396,sigma.1,95.89386767591813,0.004916397303590421
w7_stock_1000,low_dim_gauss_mix,0,17.538,7.3277175,2.4301125,4.897605,151369,102542,-4,-0.001,-4,-0.001,,2436.010858,2939.433081,1868.045915,1.003775,sigma.2,138.8990111757327,0.01609319515885023
w7_stock_1000,low_dim_gauss_mix,2,4.787,3.7644275,2.23523,1.5291975,82072,33117,-4,-0.001,-4,-0.001,,104.137737,950.308077,777.42627,1.039759,sigma.1,21.754279715897223,0.00126885828297105
w7_stock_1000,accel_gp,1,1.106,0.8283154999999999,0.42776250000000005,0.400553,217061,98302,-4,-0.001,-4,-0.001,,4.397741,14.201416,10.8851,3.540497,lscale_sigma_1,3.9762576853526217,2.026039223996941e-05
w7_stock_1000,accel_gp,0,1.389,1.0406525,0.5640492500000001,0.47660325,262446,119900,-4,-0.001,-4,-0.001,,4.171963,6.360032,4.032258,5.75683,Intercept_sigma,3.0035730741540676,1.589646251038309e-05
w7_stock_1000,accel_gp,2,1.293,0.8911025000000001,0.43423375000000003,0.45686874999999993,254889,132457,-4,-0.001,-4,-0.001,,4.183372,7.539994,4.032258,6.992841,lscale_1,3.2353998453209596,1.6412524667600406e-05
w7_stock_1000,radon_variable_intercept_slope_noncentered,1,1.979,1.61902275,0.8384885,0.7805342500000001,130644,63559,-4,-0.001,-4,-0.001,,26.866463,1414.013022,124.3031,1.115085,sigma_alpha,13.575777160181909,0.0002056463595725789
w7_stock_1000,radon_variable_intercept_slope_noncentered,0,1.775,1.488398,0.8051415,0.6832565,126705,59964,-4,-0.001,-4,-0.001,,40.646896,1575.295297,275.629638,1.090151,sigma_beta,22.89965971830986,0.00032079946332031097
w7_stock_1000,radon_variable_intercept_slope_noncentered,2,1.943,1.592561,0.98711025,0.60545075,140330,53523,-4,-0.001,-4,-0.001,,5.013685,94.591824,11.495904,2.31069,sigma_alpha,2.5803834276891404,3.5727820138245564e-05
clang_native,lotka_volterra,1,6.625,6.3245,3.09475,3.22975,138292,68200,0,0.0,0,0.0,0.9346814270749999,746.524458,2922.44312,1311.554594,1.002757,theta.3,112.68293705660378,0.00539817529575102
clang_native,lotka_volterra,0,6.653,7.20875,3.5892500000000003,3.6195,147140,74528,0,0.0,0,0.0,0.9342765844725,863.437756,2894.935139,1261.45324,1.004959,theta.3,129.78171591763115,0.005868137528884056
clang_native,lotka_volterra,2,7.815,7.2995,3.56275,3.7367500000000002,152744,76284,0,0.0,0,0.0,0.9351539217625,1187.360416,3163.398077,1416.24282,1.004054,theta.3,151.93351452335253,0.007773532289320693
clang_native,kidscore_momiq,1,0.511,0.47675,0.28049999999999997,0.19625000000000004,98458,50226,0,0.0,0,0.0,0.936986956395,1339.623123,1424.496204,1326.481743,1.004942,beta.2,2621.5716692759297,0.013606036309898638
clang_native,kidscore_momiq,0,0.668,0.6285000000000001,0.38475000000000004,0.24375,100556,50294,0,0.0,0,0.0,0.9368077214675,1351.659262,1429.809428,1375.210482,1.003162,beta.1,2023.4420089820358,0.013441855901189386
clang_native,kidscore_momiq,2,0.56,0.50325,0.311,0.19225000000000003,103840,52366,0,0.0,0,0.0,0.9407439659,1299.982714,1411.652107,1121.200495,1.004978,beta.2,2321.3977035714283,0.012519093932973806
clang_native,radon_partially_pooled_noncentered,1,38.223,37.37875,29.15425,8.224499999999999,60224,30112,0,0.0,0,0.0,0.8831609800100001,344.208263,4831.566563,476.561541,1.010722,mu_alpha,9.005265494597493,0.0057154666412061635
clang_native,radon_partially_pooled_noncentered,0,53.562,53.43825,41.853249999999996,11.585,60064,30048,0,0.0,0,0.0,0.879410991305,331.911608,4704.276501,539.848019,1.006364,mu_alpha,6.196773981554087,0.005525965769845498
clang_native,radon_partially_pooled_noncentered,2,35.388,36.576499999999996,28.084749999999996,8.49175,61936,30944,0,0.0,0,0.0,0.8811897170475,347.623699,4873.155035,704.206957,1.01084,mu_alpha,9.82320840397875,0.005612627534874709
clang_native,kronecker_gp,1,648.242,661.31025,326.272,335.03825,4083722,2041069,19,0.00475,3981,0.99525,0.76691075515175,809.605254,1924.752403,1223.738207,1.009564,eigenvalues.26.30,1.24892440477476,0.00019825180411399206
clang_native,kronecker_gp,0,756.194,762.171,408.56375,353.60725,4080760,2039410,22,0.0055,3974,0.9935,0.7590048029734999,735.983095,1510.47576,961.856277,1.007332,Sigma1.9.1,0.9732728572297586,0.000180354418049579
clang_native,kronecker_gp,2,676.064,689.5382500000001,336.793,352.74524999999994,4082053,2040616,24,0.006,3976,0.994,0.7917692778297499,781.139854,1603.578452,1067.119959,1.008189,Sigma1.11.1,1.1554229392483553,0.00019135955706601557
clang_native,hier_2pl,1,68.694,65.58975000000001,32.75225,32.8375,112400,56208,0,0.0,0,0.0,0.87519308717,1577.792244,5455.42022,1790.067985,1.006551,xi2.31,22.968414184644946,0.014037297544483986
clang_native,hier_2pl,0,99.076,94.80624999999999,49.59425,45.212,114208,56688,0,0.0,0,0.0,0.8655992030099999,1817.929728,5735.782511,1244.064312,1.006011,xi2.27,18.34884056683758,0.015917709162230318
clang_native,hier_2pl,2,67.283,68.119,32.338499999999996,35.7805,123440,61776,0,0.0,0,0.0,0.86063737188,2218.416973,6976.58785,1985.987291,1.00829,xi2.31,32.971433690531036,0.01797162162184057
clang_native,wells_dist100_model,1,0.651,0.6000000000000001,0.28675,0.31325,23946,11954,0,0.0,0,0.0,0.92759060759225,1098.064182,1210.419291,1312.133054,1.001527,alpha,1686.734534562212,0.04585584991230268
clang_native,wells_dist100_model,0,0.848,0.7874999999999999,0.40225,0.38525000000000004,23460,11890,0,0.0,0,0.0,0.9318574425824999,1196.714522,1218.401308,1534.65385,1.002065,alpha,1411.2199551886793,0.05101084919011083
clang_native,wells_dist100_model,2,0.566,0.53575,0.25825,0.2775,23460,11554,0,0.0,0,0.0,0.9296598963224999,1141.480139,1153.877475,1182.291334,1.005943,beta.1,2016.749362190813,0.04865644241261722
clang_native,eight_schools_noncentered,1,0.058,0.035500000000000004,0.013500000000000002,0.022000000000000002,44126,22000,1,0.00025,0,0.0,0.9072889290099259,2302.006608,4476.538056,1688.625821,1.003388,tau,39689.76910344828,0.052168939128858276
clang_native,eight_schools_noncentered,0,0.047,0.03275,0.0125,0.02025,38198,19170,1,0.00025,0,0.0,0.8871493036412652,2478.846163,4289.971921,1959.082369,1.00281,tau,52741.407723404256,0.06489465843761454
clang_native,eight_schools_noncentered,2,0.036,0.028999999999999998,0.01175,0.01725,31242,15546,0,0.0,0,0.0,0.8668393317636112,2365.059391,4344.051322,2042.596814,1.003779,tau,65696.09419444445,0.07570128003969015
clang_native,dogs_hierarchical,1,0.919,0.8727500000000001,0.35124999999999995,0.5215,17842,8892,0,0.0,0,0.0,0.9271378261125001,1468.323452,3926.776569,1933.915261,1.002818,b,1597.7404265505986,0.08229590023539962
clang_native,dogs_hierarchical,0,1.15,1.10375,0.44575,0.658,18036,8984,0,0.0,0,0.0,0.9218153656074999,1714.168515,3925.087189,2066.730377,1.002711,a,1490.5813173913045,0.09504150116433799
clang_native,dogs_hierarchical,2,0.902,0.84775,0.33675,0.511,18906,9412,0,0.0,0,0.0,0.932957350185,1325.06651,3917.714379,1928.639775,1.003449,b,1469.0316075388027,0.07008708928382525
clang_native,bym2_offset_only,1,38.094,36.9135,22.051,14.8625,252000,126000,0,0.0,0,0.0,0.8366974004750001,404.748148,4796.040988,1095.094086,1.006851,rho,10.624984196986402,0.0016061434444444446
clang_native,bym2_offset_only,0,37.447,37.605000000000004,22.891750000000002,14.71325,252000,126000,0,0.0,0,0.0,0.8575124866125,385.779352,4759.447612,989.825533,1.006826,rho,10.302009560178385,0.0015308704444444445
clang_native,bym2_offset_only,2,37.636,37.9635,22.5775,15.386000000000001,252000,126000,0,0.0,0,0.0,0.8700766981225001,339.720173,4612.877926,892.002211,1.009185,rho,9.026468620469762,0.0013480959246031745
clang_native,pilots,1,1.263,1.08075,0.4215,0.65925,1172782,581159,507,0.12675,380,0.095,0.8242682616104001,87.205237,1245.597224,209.503843,1.03511,b.4,69.0461100554236,7.435758478557822e-05
clang_native,pilots,0,1.785,1.271,0.6705,0.6005,942605,503323,1336,0.334,401,0.10025,0.5922258743155201,6.466787,84.959866,13.733183,1.666621,sigma_a,3.622849859943978,6.860548161743254e-06
clang_native,pilots,2,1.491,1.3707500000000001,0.49249999999999994,0.87825,1544773,793723,402,0.1005,748,0.187,0.874006205135612,44.333878,634.166629,131.821389,1.072866,mu_a,29.73432461435278,2.8699283325122848e-05
clang_native,garch11,1,0.343,0.3255,0.165,0.1605,46044,23040,0,0.0,0,0.0,0.9290422293235,1819.260304,2222.730561,1940.980645,1.001479,alpha0,5303.965900874635,0.03951134358439753
clang_native,garch11,0,0.333,0.31475000000000003,0.155,0.15975000000000003,45804,22864,0,0.0,0,0.0,0.92844415528575,1844.073012,2175.980137,2004.456983,1.003067,alpha0,5537.756792792793,0.04026008671731727
clang_native,garch11,2,0.352,0.32325000000000004,0.15799999999999997,0.16525,46844,23552,0,0.0,0,0.0,0.9381006475775,1835.602744,2090.366565,1897.515337,1.001665,beta1,5214.780522727273,0.03918543984288276
clang_native,logmesquite_logvash,1,0.391,0.33499999999999996,0.15825,0.17675000000000002,194000,96596,0,0.0,0,0.0,0.9339864314249999,1333.162946,1779.061823,1702.610886,1.003091,beta.2,3409.623902813299,0.006871973948453608
clang_native,logmesquite_logvash,0,0.442,0.42125,0.19724999999999998,0.224,198084,99140,0,0.0,0,0.0,0.9399536395475001,1151.285713,1628.845057,1541.758692,1.00493,beta.3,2604.7188076923076,0.00581210856505321
clang_native,logmesquite_logvash,2,0.349,0.33099999999999996,0.15075,0.18025000000000002,212528,105892,0,0.0,0,0.0,0.9468573213225,1622.025577,2040.571032,1896.709906,1.002483,beta.1,4647.637756446992,0.007632055903222164
clang_native,diamonds,1,47.479,48.44225,18.63175,29.8105,3976800,1984048,0,0.0,3568,0.892,0.942739989885,1364.603536,3346.919559,2038.649693,1.002465,b.22,28.74120213146865,0.00034314110239388454
clang_native,diamonds,0,63.287,62.2175,25.052,37.1655,3735648,1855536,0,0.0,2756,0.689,0.9295014687250001,1524.831848,3434.400576,2226.51267,1.003345,b.3,24.09391894069872,0.00040818402804546896
clang_native,diamonds,2,46.36,46.18625,18.50575,27.680500000000002,3787872,1889328,0,0.0,2964,0.741,0.926817929735,1417.682455,3219.777237,1947.993092,1.003041,b.3,30.579863136324416,0.0003742688388097591
clang_native,gp_regr,1,0.078,0.0685,0.031,0.0375,18762,9336,0,0.0,0,0.0,0.9150741989875,3474.129745,3678.774206,2608.219914,1.001599,alpha,44540.12493589744,0.18516841194968556
clang_native,gp_regr,0,0.128,0.10500000000000001,0.045500000000000006,0.0595,19306,9630,0,0.0,0,0.0,0.9187216415374999,3318.901638,3487.697784,2474.596808,1.001829,rho,25928.919046875,0.17191037180151247
clang_native,gp_regr,2,0.094,0.0785,0.0345,0.044000000000000004,18630,9318,0,0.0,0,0.0,0.91382526097825,3620.920936,3752.533766,2220.089073,1.002113,alpha,38520.4354893617,0.19435968523886205
clang_native,lsat_model,1,8.821,8.499749999999999,5.233749999999999,3.266,60032,30016,0,0.0,0,0.0,0.8701972161425,964.129147,4777.715181,1675.768709,1.006306,beta,109.29930246003855,0.01606025364805437
clang_native,lsat_model,0,11.029,11.901,7.260249999999999,4.640750000000001,60000,30000,0,0.0,0,0.0,0.8575115789325001,972.812298,5096.552601,1481.639663,1.006141,beta,88.20494133647657,0.0162135383
clang_native,lsat_model,2,8.542,8.47225,5.1522499999999996,3.3200000000000003,60000,30000,0,0.0,0,0.0,0.83999250631,1079.785265,5577.249239,1935.988342,1.007409,beta,126.40895165066729,0.017996421083333332
clang_native,eight_schools_centered,1,0.063,0.04675000000000001,0.025,0.021750000000000002,63023,30412,54,0.0135,0,0.0,0.7860256049304752,129.595066,624.441786,58.034697,1.030999,tau,2057.06453968254,0.0020563138219380226
clang_native,eight_schools_centered,0,0.083,0.05550000000000001,0.02975,0.025750000000000002,61920,28829,593,0.14825,0,0.0,0.6490851438481836,8.076741,14.991236,21.698554,1.450008,tau,97.31013253012048,0.00013043832364341085
clang_native,eight_schools_centered,2,0.162,0.07999999999999999,0.03175,0.04825,167619,93343,83,0.02075,0,0.0,0.8110183360095511,128.210071,420.323304,74.313935,1.039342,tau,791.4201913580247,0.0007648898454232515
clang_native,arma11,1,0.166,0.13525,0.06975,0.0655,22078,11028,0,0.0,0,0.0,0.9149359413749999,4341.623127,4641.997677,2596.566073,1.001597,phi,26154.356186746987,0.19664929463719538
clang_native,arma11,0,0.274,0.2065,0.1425,0.064,21434,10716,0,0.0,0,0.0,0.9106225155350001,3799.915034,4008.985296,2751.700524,1.001636,sigma,13868.30304379562,0.17728445619109826
clang_native,arma11,2,0.157,0.13625,0.07025,0.066,21400,10572,0,0.0,0,0.0,0.9125685270075,3754.389219,4169.328304,2480.820156,1.003769,phi,23913.307127388536,0.17543874855140187
clang_native,blr,1,0.086,0.07475000000000001,0.038,0.036750000000000005,58190,29284,0,0.0,0,0.0,0.9114891464374999,697.83394,1538.323585,1040.364193,1.004783,sigma,8114.3481395348845,0.011992334421721946
clang_native,blr,0,0.11,0.09525,0.051250000000000004,0.044,56922,28222,0,0.0,0,0.0,0.9036115113850001,1013.843166,1454.885597,1004.604331,1.004597,sigma,9216.756054545454,0.01781109528828924
clang_native,blr,2,0.081,0.06575,0.03125,0.0345,57248,28348,0,0.0,0,0.0,0.9112430915449999,943.690428,1571.898479,1092.910371,1.00284,sigma,11650.49911111111,0.01648425146730017
clang_native,low_dim_gauss_mix,1,2.532,3.495,1.9087500000000002,1.58625,25350,12678,0,0.0,0,0.0,0.91365797342,3873.772835,4666.547033,2770.12908,1.002317,mu.1,1529.9260801737757,0.1528115516765286
clang_native,low_dim_gauss_mix,0,3.713,3.471,1.8675000000000002,1.6035,24968,12468,0,0.0,0,0.0,0.9093849866875,3451.929221,4274.794972,2780.519844,1.00303,mu.1,929.6873743603554,0.13825413413168855
clang_native,low_dim_gauss_mix,2,3.734,3.49125,1.8875000000000002,1.60375,24752,12418,0,0.0,0,0.0,0.905399982065,4375.836444,4733.587684,2774.068115,1.002208,mu.1,1171.889781467595,0.1767871866515837
clang_native,accel_gp,1,22.533,21.2155,8.95925,12.25625,3302670,1620934,117,0.02925,2185,0.54625,0.9165655717262546,442.219353,2776.828862,144.791921,1.009764,Intercept,19.625409532685396,0.00013389752927177103
clang_native,accel_gp,0,24.397,23.335250000000002,9.97075,13.3645,3514436,1756383,61,0.01525,2830,0.7075,0.9261914147575627,1609.306213,4616.543115,1264.852898,1.005153,lscale_1,65.9632829036357,0.0004579130799365816
clang_native,accel_gp,2,25.563,24.697000000000003,10.0535,14.643500000000001,3794731,1896827,40,0.01,3115,0.77875,0.9403635319105,1974.079161,5446.018737,1983.509221,1.003673,lscale_1,77.2240801549114,0.000520215836379443
clang_native,radon_variable_intercept_slope_noncentered,1,4.356,3.899,2.2585,1.6405,102224,51008,0,0.0,0,0.0,0.9128663802185,720.383304,5299.380651,1536.069862,1.006958,sigma_beta,165.37725068870523,0.00704710541555799
clang_native,radon_variable_intercept_slope_noncentered,0,5.255,4.812749999999999,2.6835,2.12925,108384,54032,0,0.0,0,0.0,0.90463022749225,840.819456,5600.548606,1113.646531,1.006738,sigma_beta,160.00370237868697,0.0077577821080602296
clang_native,radon_variable_intercept_slope_noncentered,2,4.155,3.402,2.1542499999999998,1.24775,76960,38592,0,0.0,0,0.0,0.8557321248764309,748.989123,4270.184481,979.082257,1.007411,sigma_beta,180.26212346570395,0.009732187149168398
w7_full_250,lotka_volterra,1,1.77,1.28945675,0.28293225,1.0065245,70929,54472,-4,-0.001,-4,-0.001,,53.941935,828.066667,120.052022,1.09611,theta.3,30.475669491525423,0.0007605060694497314
w7_full_250,lotka_volterra,0,4.356,2.256739,0.31013925,1.9465997500000003,130383,112974,-4,-0.001,-4,-0.001,,64.324288,940.706225,120.329659,1.073548,theta.1,14.7668246097337,0.0004933487341141099
w7_full_250,lotka_volterra,2,1.957,1.3601922499999999,0.3061145,1.05407775,75536,59165,-4,-0.001,-4,-0.001,,57.212393,887.857802,94.367616,1.083938,theta.1,29.234743484925904,0.0007574188863588222
w7_full_250,kidscore_momiq,1,0.226,0.16685632500000003,0.021261075,0.14559525,125276,109151,-4,-0.001,-4,-0.001,,14.321991,85.908197,43.981342,1.206876,beta.1,63.371641592920355,0.00011432350170822824
w7_full_250,kidscore_momiq,0,0.22,0.1873054,0.023997150000000002,0.16330825,112090,98713,-4,-0.001,-4,-0.001,,58.891371,208.28117,121.537494,1.056007,beta.1,267.68805,0.0005253936211972523
w7_full_250,kidscore_momiq,2,0.499,0.34420895,0.0185542,0.32565475,256744,242610,-4,-0.001,-4,-0.001,,36.883076,166.561195,82.437512,1.082948,beta.1,73.91397995991984,0.0001436570124326177
w7_full_250,radon_partially_pooled_noncentered,1,58.912,50.19875,11.54185,38.65689999999999,528082,406578,-4,-0.001,-4,-0.001,,250.478813,3144.515534,342.688344,1.02187,mu_alpha,4.251745196224878,0.00047431802826076254
w7_full_250,radon_partially_pooled_noncentered,0,73.765,59.23235,13.68875,45.5436,491547,370665,-4,-0.001,-4,-0.001,,290.931383,3052.802274,519.623314,1.00999,mu_alpha,3.9440301362434758,0.0005918689016513171
w7_full_250,radon_partially_pooled_noncentered,2,61.364,60.913575,12.256675,48.65690000000001,619700,495648,-4,-0.001,-4,-0.001,,373.686808,3511.392252,884.33136,1.014608,mu_alpha,6.089674858223062,0.0006030124382765854
w7_full_250,kronecker_gp,1,42.472,37.3244425,10.895217500000001,26.429225,413075,297469,-4,-0.001,-4,-0.001,,8.639856,163.305115,13.173568,1.395548,L.28.22,0.20342475042380861,2.091594988803486e-05
w7_full_250,kronecker_gp,0,44.872,39.15191,10.691160000000002,28.46075,405213,292891,-4,-0.001,-4,-0.001,,32.317511,393.267349,42.759454,1.090207,eigenvalues.21.29,0.7202155241576039,7.975437856139859e-05
w7_full_250,kronecker_gp,2,41.688,38.12982,10.59742,27.532400000000003,422441,304024,-4,-0.001,-4,-0.001,,22.871055,456.138933,43.239294,1.149584,L.29.20,0.548624424294761,5.41402349677233e-05
w7_full_250,hier_2pl,1,171.72,171.051875,34.179375,136.8725,623994,499936,-4,-0.001,-4,-0.001,,7.11833,144.917475,10.874364,1.579978,xi1.9,0.04145312136035407,1.1407689817530298e-05
w7_full_250,hier_2pl,0,191.944,179.28395,36.9842,142.29975000000002,580695,458110,-4,-0.001,-4,-0.001,,38.5113,564.102426,50.858095,1.087307,theta.152,0.20063820697703497,6.631932425800119e-05
w7_full_250,hier_2pl,2,176.495,175.461875,35.032125,140.42975,624054,500000,-4,-0.001,-4,-0.001,,109.432166,1260.130803,216.15371,1.03167,xi2.32,0.6200298365392787,0.00017535688578232013
w7_full_250,wells_dist100_model,1,0.764,0.613329775,0.143878525,0.46945125,47855,35926,-4,-0.001,-4,-0.001,,364.806436,464.039979,417.002658,1.010383,beta.1,477.495335078534,0.00762316238637551
w7_full_250,wells_dist100_model,0,0.74,0.611952775,0.099519275,0.5124335,43823,36199,-4,-0.001,-4,-0.001,,1095.199371,1122.102154,1106.052309,1.001385,beta.1,1479.9991499999999,0.024991428496451633
w7_full_250,wells_dist100_model,2,0.701,0.579612875,0.128048625,0.45156424999999994,44380,34039,-4,-0.001,-4,-0.001,,941.432393,1023.966909,1082.199323,1.002742,beta.1,1342.984868758916,0.021212987674628214
w7_full_250,eight_schools_noncentered,1,0.034,0.018308555,0.005180205,0.01312835,68953,49782,-4,-0.001,-4,-0.001,,612.497287,1143.281157,917.47495,1.007357,mu,18014.626088235294,0.008882822893855235
w7_full_250,eight_schools_noncentered,0,0.041,0.0219628725,0.005480272499999999,0.0164826,59625,45646,-4,-0.001,-4,-0.001,,681.714416,1460.058352,793.293905,1.010298,mu,16627.18087804878,0.011433365467505242
w7_full_250,eight_schools_noncentered,2,0.025,0.0141777125,0.0038014875,0.010376225000000001,64164,47554,-4,-0.001,-4,-0.001,,491.407269,1006.219373,692.112656,1.007408,mu,19656.29076,0.007658613381335328
w7_full_250,dogs_hierarchical,1,0.885,0.596588525,0.085916775,0.51067175,40209,33772,-4,-0.001,-4,-0.001,,1097.223568,3916.325037,1605.947979,1.002384,a,1239.8006418079094,0.02728800935114029
w7_full_250,dogs_hierarchical,0,0.716,0.47475625,0.10912250000000001,0.36563375000000004,33078,25355,-4,-0.001,-4,-0.001,,1275.808018,3912.66266,1624.82595,1.002419,a,1781.8547737430167,0.038569684321905794
w7_full_250,dogs_hierarchical,2,0.8,0.5327557249999999,0.125212225,0.40754349999999995,37087,27699,-4,-0.001,-4,-0.001,,274.49457,3891.981499,519.65031,1.011241,a,343.11821249999997,0.007401368943295495
w7_full_250,bym2_offset_only,1,26.172,23.5913525,4.8869525000000005,18.7044,607944,483892,-4,-0.001,-4,-0.001,,19.167141,1559.985018,54.749825,1.173405,phi.106,0.732352934433746,3.152780683747187e-05
w7_full_250,bym2_offset_only,0,27.653,19.670445,5.5258025,14.144642500000002,481548,357676,-4,-0.001,-4,-0.001,,5.637976,422.763758,12.296714,1.926868,phi.937,0.20388297833869745,1.1708024952860359e-05
w7_full_250,bym2_offset_only,2,27.659,24.9845975,5.3653975,19.6192,612085,488140,-4,-0.001,-4,-0.001,,14.724823,1314.055616,16.244663,1.22673,rho,0.5323700423008786,2.4056827074671003e-05
w7_full_250,pilots,1,0.196,0.12176386749999998,0.0088903175,0.11287354999999999,366072,343663,-4,-0.001,-4,-0.001,,4.841122,33.444003,4.032258,2.884745,a.5,24.699602040816327,1.3224507747109859e-05
w7_full_250,pilots,0,0.272,0.167917815,0.02580679,0.142111025,457706,400285,-4,-0.001,-4,-0.001,,5.282614,95.05938,11.240249,2.076205,a.1,19.421374999999998,1.1541500439146526e-05
w7_full_250,pilots,2,0.19,0.1415736225,0.008392997499999999,0.133180625,424257,401926,-4,-0.001,-4,-0.001,,4.685439,51.164116,4.21056,2.702321,b.1,24.66020526315789,1.1043869635621804e-05
w7_full_250,garch11,1,0.233,0.19451230000000003,0.042449299999999995,0.152063,60694,47085,-4,-0.001,-4,-0.001,,835.781084,1208.047941,1097.205028,1.008505,alpha0,3587.0432789699566,0.013770407025406136
w7_full_250,garch11,0,0.254,0.201710075,0.048841575,0.15286850000000002,57777,44136,-4,-0.001,-4,-0.001,,402.69991,927.72538,682.355603,1.0112,alpha0,1585.432716535433,0.0069698999601917715
w7_full_250,garch11,2,0.185,0.1612851,0.03767685,0.12360825,52725,39894,-4,-0.001,-4,-0.001,,672.115178,1192.814265,910.656375,1.00441,alpha0,3633.0550162162162,0.012747561460407777
w7_full_250,logmesquite_logvash,1,0.11,0.076055325,0.020549924999999997,0.055505399999999996,149743,111300,-4,-0.001,-4,-0.001,,135.04397,258.7623,165.28543,1.03818,beta.2,1227.6724545454545,0.0009018382829247444
w7_full_250,logmesquite_logvash,0,0.162,0.0872860875,0.0118758875,0.07541020000000001,167693,144830,-4,-0.001,-4,-0.001,,189.350297,377.419798,193.498379,1.019105,beta.2,1168.8289938271605,0.001129148485625518
w7_full_250,logmesquite_logvash,2,0.119,0.0854214475,0.0149789975,0.07044245,184929,154487,-4,-0.001,-4,-0.001,,200.011478,333.080109,285.133892,1.025786,beta.3,1680.7687226890757,0.0010815582088260901
w7_full_250,diamonds,1,6.497,5.36042025,0.77458275,4.5858375,591464,509272,-4,-0.001,-4,-0.001,,7.83863,541.806772,34.569206,1.504208,b.23,1.2064999230414037,1.325292832699877e-05
w7_full_250,diamonds,0,10.687,6.9258565,0.955284,5.970572499999999,694372,603265,-4,-0.001,-4,-0.001,,11.767201,603.701416,19.730858,1.263609,b.22,1.101076167306073,1.6946537302771425e-05
w7_full_250,diamonds,2,7.583,6.2069645,0.9368719999999999,5.2700925,640864,543928,-4,-0.001,-4,-0.001,,8.889502,543.883763,22.4067,1.391497,b.22,1.172293551364895,1.3871120861836522e-05
w7_full_250,gp_regr,1,0.097,0.06315537,0.02195512,0.04120025,53325,34807,-4,-0.001,-4,-0.001,,202.200916,1165.215515,586.550696,1.011866,sigma,2084.545525773196,0.0037918596530707926
w7_full_250,gp_regr,0,0.084,0.05719534,0.01000224,0.0471931,42887,35945,-4,-0.001,-4,-0.001,,2458.202572,2795.981262,1842.67359,1.002271,alpha,29264.316333333332,0.05731812838389256
w7_full_250,gp_regr,2,0.079,0.0537057625,0.0116794375,0.042026324999999996,39615,29914,-4,-0.001,-4,-0.001,,645.497295,1250.446119,863.18477,1.004175,sigma,8170.851835443038,0.01629426467247255
w7_full_250,lsat_model,1,24.327,23.926247500000002,4.7259725,19.200275,622516,498468,-4,-0.001,-4,-0.001,,1407.656537,5974.297502,1877.967578,1.006835,beta,57.863959263369914,0.0022612375216058706
w7_full_250,lsat_model,0,28.854,27.9590725,5.7756475,22.183425,619808,495760,-4,-0.001,-4,-0.001,,1324.145795,5676.658513,1663.689201,1.007058,beta,45.891238476467734,0.0021363806130285505
w7_full_250,lsat_model,2,28.768,27.786119999999997,4.8703199999999995,22.915799999999997,621176,497128,-4,-0.001,-4,-0.001,,1195.790028,6190.196248,1685.380052,1.007785,beta,41.56667227474972,0.0019250422231380476
w7_full_250,eight_schools_centered,1,0.028,0.019460712499999998,0.0029581625,0.01650255,96982,81998,-4,-0.001,-4,-0.001,,116.318256,280.961159,109.066818,1.03728,tau,4154.2234285714285,0.001199379843682333
w7_full_250,eight_schools_centered,0,0.046,0.027210964999999997,0.005329265,0.0218817,130207,103805,-4,-0.001,-4,-0.001,,34.007603,141.062214,28.813944,1.086701,tau,739.2957173913044,0.0002611810655341111
w7_full_250,eight_schools_centered,2,0.048,0.02509414,0.004969115,0.020125024999999998,136496,108355,-4,-0.001,-4,-0.001,,53.868946,184.250933,105.138662,1.079488,tau,1122.2697083333333,0.0003946558580471223
w7_full_250,arma11,1,0.211,0.136685075,0.014693825,0.12199125000000001,81215,72911,-4,-0.001,-4,-0.001,,1451.09188,2613.544221,657.307896,1.002184,theta,6877.212701421801,0.01786728904758973
w7_full_250,arma11,0,0.12,0.089200975,0.015898025,0.07330295,51637,42978,-4,-0.001,-4,-0.001,,1766.718795,3095.333743,1430.937122,1.003152,sigma,14722.656625000001,0.0342142028971474
w7_full_250,arma11,2,0.194,0.14674895000000002,0.0159029,0.13084605,80190,71613,-4,-0.001,-4,-0.001,,1049.765437,2093.20076,1184.943677,1.005523,theta,5411.1620463917525,0.013090976892380597
w7_full_250,blr,1,0.598,0.3003358,0.0264713,0.27386449999999996,825270,751963,-4,-0.001,-4,-0.001,,187.267562,1742.19414,382.046884,1.023243,sigma,313.1564581939799,0.00022691672058841348
w7_full_250,blr,0,2.601,0.780329075,0.03015205,0.7501770249999999,910826,855485,-4,-0.001,-4,-0.001,,470.599888,2814.382355,434.262263,1.016463,sigma,180.93036831987698,0.0005166737532745003
w7_full_250,blr,2,0.26,0.2155491,0.0208986,0.1946505,638156,576356,-4,-0.001,-4,-0.001,,281.493459,2236.90007,494.962488,1.017237,sigma,1082.6671499999998,0.00044110446191840234
w7_full_250,low_dim_gauss_mix,1,4.331,2.917459,1.2283890000000002,1.68907,63100,36372,-4,-0.001,-4,-0.001,,46.051951,166.756621,117.728039,1.070279,mu.1,10.633098822442854,0.0007298248969889066
w7_full_250,low_dim_gauss_mix,0,3.243,2.810816,0.562346,2.2484699999999997,61911,49385,-4,-0.001,-4,-0.001,,618.232882,1628.055535,823.738279,1.00421,mu.1,190.63610299105767,0.009985832598407391
w7_full_250,low_dim_gauss_mix,2,8.831,4.33819225,0.58740975,3.7507825,92766,80054,-4,-0.001,-4,-0.001,,1035.223638,1641.311972,1287.087343,1.005799,sigma.2,117.22609421356584,0.011159515749304702
w7_full_250,accel_gp,0,6.062,5.0768525,0.558295,4.5185575,1249860,1125320,-4,-0.001,-4,-0.001,,7.316856,171.455108,16.096038,1.516308,Intercept,1.207003629165292,5.854140463731938e-06
w7_full_250,radon_variable_intercept_slope_noncentered,1,5.771,4.6046215,1.2637014999999998,3.34092,391930,282374,-4,-0.001,-4,-0.001,,555.870822,2004.222576,688.252506,1.01386,sigma_beta,96.32140391613238,0.0014182910774883269
w7_full_250,radon_variable_intercept_slope_noncentered,0,16.394,7.4294175,1.3639025,6.065515,635187,526405,-4,-0.001,-4,-0.001,,340.355118,1682.121593,596.473746,1.012077,sigma_beta,20.760956325484937,0.000535834514875147
w7_full_250,radon_variable_intercept_slope_noncentered,2,5.356,4.09709,1.2368075,2.8602825000000003,350357,243056,-4,-0.001,-4,-0.001,,505.937381,2476.72791,762.228,1.007127,sigma_beta,94.46179630321136,0.0014440624306064956
w7_full_500,lotka_volterra,1,1.92,1.62565325,0.5925787499999999,1.0330745,84242,52725,-4,-0.001,-4,-0.001,,88.175992,1009.902908,91.678385,1.035252,theta.1,45.924995833333334,0.0010466987013603665
w7_full_500,lotka_volterra,0,5.864,3.01957875,0.7348837500000001,2.284695,147326,110536,-4,-0.001,-4,-0.001,,52.85293,844.196594,68.70605,1.059545,theta.3,9.013119031377899,0.00035874815036042516
w7_full_500,lotka_volterra,2,2.369,1.6526625,0.58575675,1.06690575,90220,58789,-4,-0.001,-4,-0.001,,52.747045,817.010666,125.858339,1.102824,theta.1,22.265531869987335,0.0005846491354466859
w7_full_500,kidscore_momiq,1,0.581,0.2814358,0.04231805,0.23911775000000002,197559,167475,-4,-0.001,-4,-0.001,,10.789685,71.228937,80.761892,1.291223,beta.1,18.570886402753874,5.461500108828249e-05
w7_full_500,kidscore_momiq,0,0.212,0.167480425,0.036461925,0.13101849999999998,122833,96466,-4,-0.001,-4,-0.001,,12.574907,73.058625,41.307916,1.241549,beta.1,59.31559905660377,0.0001023740118697744
w7_full_500,kidscore_momiq,2,0.523,0.356826675,0.040877925,0.31594875,257958,229162,-4,-0.001,-4,-0.001,,54.681742,211.277251,26.877408,1.074828,beta.1,104.554,0.000211979244683243
w7_full_500,radon_partially_pooled_noncentered,1,72.141,64.8512,25.327725,39.523475000000005,645924,397192,-4,-0.001,-4,-0.001,,497.384597,4005.456851,736.552095,1.005808,mu_alpha,6.89461744361736,0.0007700357890401966
w7_full_500,radon_partially_pooled_noncentered,0,72.528,63.725350000000006,23.415549999999996,40.309799999999996,649311,410138,-4,-0.001,-4,-0.001,,139.617757,1715.842578,361.04583,1.034688,mu_alpha,1.9250187100154423,0.00021502447517445417
w7_full_500,radon_partially_pooled_noncentered,2,74.032,64.32287500000001,25.3185,39.004374999999996,642328,393404,-4,-0.001,-4,-0.001,,564.49201,3917.630193,979.168983,1.008956,mu_alpha,7.624973119732009,0.0008788220504166097
w7_full_500,kronecker_gp,1,51.547,42.824,19.7702,23.0538,469476,252955,-4,-0.001,-4,-0.001,,7.882352,141.68293,15.12267,1.478017,L.25.14,0.15291582439327217,1.6789680409648205e-05
w7_full_500,kronecker_gp,0,57.918,45.781725,16.358625000000004,29.423099999999998,498602,317734,-4,-0.001,-4,-0.001,,14.849092,314.393883,21.622084,1.218536,L.30.27,0.25638129769674367,2.9781452942427026e-05
w7_full_500,kronecker_gp,2,57.023,44.987525000000005,18.6891,26.298425,494060,290964,-4,-0.001,-4,-0.001,,15.054032,334.668626,21.914907,1.207104,L.30.27,0.26399929852866383,3.0470048172286765e-05
w7_full_500,hier_2pl,1,209.982,201.40664999999998,69.7424,131.66424999999998,722605,473548,-4,-0.001,-4,-0.001,,22.188359,499.12303,18.758622,1.13397,xi2.21,0.10566790963034926,3.070606901419171e-05
w7_full_500,hier_2pl,0,209.116,193.11197499999997,69.524975,123.587,688280,439288,-4,-0.001,-4,-0.001,,20.354392,498.578471,24.479551,1.136059,xi2.32,0.0973354119244821,2.957283663625269e-05
w7_full_500,hier_2pl,2,212.876,210.70372500000002,69.985725,140.718,749060,500000,-4,-0.001,-4,-0.001,,8.290674,376.317731,11.862104,1.432189,xi2.32,0.03894602491591349,1.1068104023709715e-05
w7_full_500,wells_dist100_model,1,2.789,1.2900194999999999,0.24993875000000002,1.04008075,92791,74163,-4,-0.001,-4,-0.001,,825.61238,954.983995,1153.464896,1.001743,beta.1,296.0245177482969,0.008897548038064036
w7_full_500,wells_dist100_model,0,0.925,0.7570060000000001,0.20169025,0.55531575,53442,38797,-4,-0.001,-4,-0.001,,1048.393833,1132.850025,1284.144196,1.004808,beta.1,1133.3987383783783,0.019617413887953298
w7_full_500,wells_dist100_model,2,1.808,1.02833575,0.21442150000000001,0.8139142500000001,75728,59588,-4,-0.001,-4,-0.001,,1007.265217,1014.98841,923.611817,1.005657,beta.1,557.1157173672566,0.01330109361134587
w7_full_500,eight_schools_noncentered,1,0.037,0.0220757875,0.0081891375,0.01388665,85399,48852,-4,-0.001,-4,-0.001,,618.169068,1110.999296,657.165982,1.007426,mu,16707.27210810811,0.007238598437920819
w7_full_500,eight_schools_noncentered,0,0.03,0.016456594999999997,0.006640647500000001,0.0098159475,66341,41607,-4,-0.001,-4,-0.001,,833.47282,1495.022086,954.420078,1.005478,mu,27782.427333333333,0.012563464825673413
w7_full_500,eight_schools_noncentered,2,0.037,0.019571465,0.0086057125,0.0109657525,88056,50141,-4,-0.001,-4,-0.001,,583.220968,1061.227319,543.208025,1.01331,mu,15762.728864864865,0.00662329617516126
w7_full_500,dogs_hierarchical,1,0.849,0.62597425,0.17878175,0.4471925,43667,30584,-4,-0.001,-4,-0.001,,1185.758151,3922.054358,1040.519475,1.002382,a,1396.65271024735,0.027154559530079923
w7_full_500,dogs_hierarchical,0,0.864,0.5567964999999999,0.17304075,0.38375575000000006,39027,26052,-4,-0.001,-4,-0.001,,1813.763795,3923.826795,1633.743793,1.002161,a,2099.2636516203706,0.04647458925871833
w7_full_500,dogs_hierarchical,2,1.276,0.7163405,0.31172725,0.4046132499999999,49994,27288,-4,-0.001,-4,-0.001,,342.411109,3900.266761,583.785874,1.005219,a,268.34726410658305,0.0068490440652878345
w7_full_500,bym2_offset_only,1,32.852,22.2789375,9.429705,12.8492325,571255,328172,-4,-0.001,-4,-0.001,,7.493024,494.849131,12.809473,1.518564,phi.90,0.22808425666626084,1.3116776220777061e-05
w7_full_500,bym2_offset_only,0,32.74,27.536915,10.346425,17.19049,685744,436876,-4,-0.001,-4,-0.001,,6.721928,810.001646,13.497989,1.618118,phi.1858,0.20531240073304824,9.802386896567815e-06
w7_full_500,bym2_offset_only,2,32.618,25.029035,10.2171,14.811935000000002,625710,376696,-4,-0.001,-4,-0.001,,8.470306,692.524766,16.892526,1.424298,phi.1098,0.25968195474891165,1.3537111441402568e-05
w7_full_500,pilots,1,0.205,0.166814525,0.017138775,0.14967575,508222,465890,-4,-0.001,-4,-0.001,,5.391995,182.24495,12.128609,2.03891,a.1,26.30241463414634,1.0609526939014839e-05
w7_full_500,pilots,0,0.298,0.163007575,0.032403150000000006,0.130604425,437798,342454,-4,-0.001,-4,-0.001,,4.405227,25.671475,4.032258,3.632308,b.4,14.782640939597316,1.006223646521912e-05
w7_full_500,pilots,2,0.247,0.13853225,0.01890895,0.1196233,390753,335188,-4,-0.001,-4,-0.001,,5.790087,42.007168,4.032258,2.123738,a.5,23.441647773279353,1.481776723403275e-05
w7_full_500,garch11,1,0.275,0.239816825,0.082708325,0.15710849999999998,75748,49554,-4,-0.001,-4,-0.001,,673.760155,1011.983244,956.485875,1.010517,beta1,2450.036927272727,0.008894758343454613
w7_full_500,garch11,0,0.35,0.24876515,0.0762774,0.17248775,75608,50841,-4,-0.001,-4,-0.001,,502.75318,973.687664,758.105361,1.007195,alpha0,1436.4376571428572,0.006649470690932176
w7_full_500,garch11,2,0.25,0.22356705,0.0835303,0.14003675,66051,40863,-4,-0.001,-4,-0.001,,836.340042,1463.046263,808.100474,1.007485,alpha0,3345.360168,0.012662034518780943
w7_full_500,logmesquite_logvash,1,0.262,0.12247304999999999,0.03783175,0.0846413,219001,162986,-4,-0.001,-4,-0.001,,172.609618,365.693709,236.012914,1.017461,beta.2,658.8153358778626,0.0007881681727480697
w7_full_500,logmesquite_logvash,0,0.202,0.098314775,0.023250475,0.0750643,184704,140582,-4,-0.001,-4,-0.001,,177.661358,360.260819,326.698473,1.013604,beta.2,879.5116732673267,0.0009618706579175329
w7_full_500,logmesquite_logvash,2,0.139,0.105525575,0.025948199999999998,0.079577375,217611,164314,-4,-0.001,-4,-0.001,,35.516666,168.328626,258.53782,1.080996,beta.2,255.51558273381292,0.00016321172183391466
w7_full_500,diamonds,1,7.536,7.1540799999999996,1.7367825,5.4172975,757112,585220,-4,-0.001,-4,-0.001,,28.025284,796.150167,43.526314,1.111958,b.2,3.7188540339702763,3.7016034615750376e-05
w7_full_500,diamonds,0,10.744,8.0850775,1.88579,6.1992875,862610,671713,-4,-0.001,-4,-0.001,,7.331132,710.283183,15.213613,1.571271,b.22,0.6823466120625465,8.498779286120032e-06
w7_full_500,diamonds,2,9.118,7.009947500000001,1.8812900000000001,5.1286575,719783,524632,-4,-0.001,-4,-0.001,,15.218383,609.090333,52.595537,1.190846,b.22,1.6690483658697082,2.1143015325452252e-05
w7_full_500,gp_regr,1,0.101,0.067996275,0.021553500000000003,0.046442775000000006,52657,36008,-4,-0.001,-4,-0.001,,130.468386,1000.45502,163.810082,1.032799,sigma,1291.766198019802,0.0024777026036424407
w7_full_500,gp_regr,0,0.083,0.063532875,0.018461674999999997,0.045071200000000006,46673,32940,-4,-0.001,-4,-0.001,,2542.112613,2747.034515,2240.578524,1.001871,alpha,30627.86280722891,0.05446644983180854
w7_full_500,gp_regr,2,0.072,0.059920525,0.0180327,0.041887825,49322,35379,-4,-0.001,-4,-0.001,,1043.374663,1749.755711,1311.824959,1.004671,sigma,14491.314763888891,0.02115434619439601
w7_full_500,lsat_model,1,19.906,18.3294925,9.079765,9.249727499999999,454273,230245,-4,-0.001,-4,-0.001,,660.043415,2281.779944,850.155295,1.009596,theta.301,33.158013413041296,0.001452966421072791
w7_full_500,lsat_model,0,20.041,18.787889999999997,8.8920625,9.8958275,465605,241738,-4,-0.001,-4,-0.001,,845.821725,2528.280204,1239.386497,1.008881,beta,42.20456688787985,0.0018166079079906788
w7_full_500,lsat_model,2,19.925,18.844052499999997,8.5945275,10.249525,482052,258172,-4,-0.001,-4,-0.001,,657.447127,2708.728658,932.153871,1.011106,theta.43,32.996091693851945,0.0013638510513388597
w7_full_500,eight_schools_centered,1,0.031,0.022572025000000003,0.0064405999999999995,0.016131425,124934,91908,-4,-0.001,-4,-0.001,,28.965298,184.23992,14.135666,1.096382,tau,934.3644516129033,0.00023184479805337218
w7_full_500,eight_schools_centered,0,0.058,0.033857607500000005,0.0121578575,0.02169975,190972,123844,-4,-0.001,-4,-0.001,,12.816635,63.546223,16.873229,1.245736,tau,220.97646551724137,6.71126395492533e-05
w7_full_500,eight_schools_centered,2,0.062,0.031350972500000004,0.0108811725,0.020469800000000003,160877,109137,-4,-0.001,-4,-0.001,,73.8231,121.110502,61.895768,1.049052,tau,1190.6951612903226,0.0004588791436936293
w7_full_500,arma11,1,0.311,0.182246825,0.027046799999999996,0.15520002500000002,99732,84436,-4,-0.001,-4,-0.001,,1739.181818,2592.07509,1548.341479,1.003723,phi,5592.224495176849,0.017438553503389083
w7_full_500,arma11,0,0.209,0.155309975,0.03369665,0.121613325,62335,46557,-4,-0.001,-4,-0.001,,1734.245122,3280.118758,1366.764322,1.007527,sigma,8297.823550239234,0.02782137036977621
w7_full_500,arma11,2,0.228,0.1772485,0.030201174999999997,0.147047325,94974,78817,-4,-0.001,-4,-0.001,,931.393141,1825.440542,507.370048,1.012038,mu,4085.057635964912,0.009806822298734391
w7_full_500,blr,1,1.757,0.5804414,0.046685649999999995,0.53375575,1119484,985204,-4,-0.001,-4,-0.001,,224.732864,2039.477004,378.762404,1.029951,sigma,127.90715082527036,0.0002007468297894387
w7_full_500,blr,0,2.07,0.6234758499999999,0.049106925,0.574368925,901332,791440,-4,-0.001,-4,-0.001,,375.100202,2276.238694,485.172795,1.006691,sigma,181.20782705314014,0.0004161620823403585
w7_full_500,blr,2,0.214,0.202357275,0.039329025,0.16302824999999999,609899,499914,-4,-0.001,-4,-0.001,,255.457435,2466.654098,337.635328,1.0094,sigma,1193.726331775701,0.0004188520312379591
w7_full_500,low_dim_gauss_mix,1,6.954,4.002505,1.800535,2.20197,84178,46676,-4,-0.001,-4,-0.001,,249.629197,556.018155,291.44021,1.014519,mu.1,35.89720980730515,0.002965492135712419
w7_full_500,low_dim_gauss_mix,0,4.115,3.3971500000000003,1.087215,2.309935,70261,47380,-4,-0.001,-4,-0.001,,618.75964,1514.365659,1014.436532,1.004575,mu.1,150.36686269744834,0.008806587438265893
w7_full_500,low_dim_gauss_mix,2,8.683,4.6181,1.1794375000000001,3.4386625,99837,74505,-4,-0.001,-4,-0.001,,932.274551,1346.57866,919.445536,1.00507,sigma.2,107.36779350454911,0.009337966395224216
w7_full_500,radon_variable_intercept_slope_noncentered,1,5.391,4.7087175000000006,2.3516825,2.3570349999999998,399102,197002,-4,-0.001,-4,-0.001,,300.534275,1836.032322,308.168889,1.007926,sigma_beta,55.74740771656464,0.0007530262313894693
w7_full_500,radon_variable_intercept_slope_noncentered,0,23.728,9.7445,2.2129700000000003,7.53153,855985,669338,-4,-0.001,-4,-0.001,,294.127695,1433.835852,374.429088,1.015772,sigma_beta,12.3958064312205,0.000343613141585425
w7_full_500,radon_variable_intercept_slope_noncentered,2,5.102,3.7738725000000004,2.0651825,1.7086899999999998,308896,141444,-4,-0.001,-4,-0.001,,176.679698,977.597262,259.683021,1.031085,sigma_beta,34.62949784398275,0.0005719714661245209
w2_adam_b50_shr,lotka_volterra,1,4.014,3.9446650000000005,2.1971075,1.7475575,188907,93084,-4,-0.001,-4,-0.001,,4.801648,8.504624,4.032258,3.693583,theta.4,1.196225211758844,2.5418052269105964e-05
w2_adam_b50_shr,lotka_volterra,0,6.327,4.80232,3.0573175,1.7450025,196798,95101,-4,-0.001,-4,-0.001,,220.722871,1576.260545,317.148626,1.008429,theta.3,34.885865497076026,0.0011215707019380278
w2_adam_b50_shr,lotka_volterra,2,8.453,4.2848975,2.797805,1.4870925,169740,78045,-4,-0.001,-4,-0.001,,44.697109,785.515202,90.413468,1.091196,theta.2,5.287721400686147,0.00026332690585601507
w2_adam_b50_shr,kidscore_momiq,1,0.359,0.3473035,0.17778449999999998,0.169519,256004,128000,-4,-0.001,-4,-0.001,,4.032258,4.032258,inf,-inf,beta.1,11.23191643454039,1.575076170684833e-05
w2_adam_b50_shr,kidscore_momiq,0,0.428,0.39338875,0.21055275,0.182836,256004,128000,-4,-0.001,-4,-0.001,,4.032258,4.032258,inf,-inf,beta.1,9.421163551401868,1.575076170684833e-05
w2_adam_b50_shr,kidscore_momiq,2,0.378,0.35058675,0.17637275,0.17421399999999998,256004,128000,-4,-0.001,-4,-0.001,,4.032258,4.032258,inf,-inf,beta.1,10.667349206349206,1.575076170684833e-05
w2_adam_b50_shr,radon_partially_pooled_noncentered,1,26.18,22.953975,12.4366025,10.5173725,224962,107739,-4,-0.001,-4,-0.001,,4.077819,4.640179,4.032258,10.702272,alpha_raw.40,0.15576084797555387,1.8126701398458406e-05
w2_adam_b50_shr,radon_partially_pooled_noncentered,0,26.319,25.91835,13.40845,12.5099,256004,128000,-4,-0.001,-4,-0.001,,4.032258,4.032258,inf,-inf,alpha_raw.1,0.15320711273224666,1.575076170684833e-05
w2_adam_b50_shr,radon_partially_pooled_noncentered,2,25.518,24.796625,12.011925,12.7847,256004,128000,-4,-0.001,-4,-0.001,,4.032258,4.032258,inf,-inf,alpha_raw.1,0.15801622384199387,1.575076170684833e-05
w2_adam_b50_shr,kronecker_gp,1,40.254,31.341525,15.160974999999999,16.18055,342557,171971,-4,-0.001,-4,-0.001,,5.471004,16.212356,4.032258,1.992712,Lambda.24.16,0.135912058428976,1.597107634641826e-05
w2_adam_b50_shr,kronecker_gp,0,42.312,39.044425000000004,18.2024,20.842025,411786,210776,-4,-0.001,-4,-0.001,,69.215866,395.877503,142.940654,1.089129,eigenvalues.30.28,1.6358448194365667,0.0001680869820732128
w2_adam_b50_shr,kronecker_gp,2,39.655,33.31385,16.477674999999998,16.836175,372197,186873,-4,-0.001,-4,-0.001,,6.575522,20.85017,4.032258,1.865698,R1.7,0.1658182322531837,1.76667786145509e-05
w2_adam_b50_shr,hier_2pl,1,78.213,65.528325,37.92165,27.606675000000003,224728,96909,-4,-0.001,-4,-0.001,,5.901794,13.912374,4.032258,1.820234,xi2.11,0.07545796734558194,2.6261943327044247e-05
w2_adam_b50_shr,hier_2pl,0,84.846,71.17445000000001,37.551125,33.623325,240742,114477,-4,-0.001,-4,-0.001,,5.579209,12.597902,4.032258,1.978879,tau.2,0.06575688895174786,2.3175054622791202e-05
w2_adam_b50_shr,hier_2pl,2,157.408,80.416725,34.314925,46.1018,282114,161941,-4,-0.001,-4,-0.001,,8.957761,59.451029,6.99413,1.36825,xi2.11,0.05690791446432202,3.175227390345747e-05
w2_adam_b50_shr,wells_dist100_model,1,0.879,0.76051475,0.41364975,0.346865,56605,26282,-4,-0.001,-4,-0.001,,969.005619,986.398296,1214.643452,1.00457,alpha,1102.3954709897612,0.0171187283632188
w2_adam_b50_shr,wells_dist100_model,0,0.831,0.7620677499999999,0.39224875000000003,0.36981899999999995,53543,26112,-4,-0.001,-4,-0.001,,875.983347,882.225882,1236.753053,1.003341,alpha,1054.1315848375452,0.016360371047569242
w2_adam_b50_shr,wells_dist100_model,2,0.898,0.7801425,0.41668150000000004,0.36346100000000003,54468,26549,-4,-0.001,-4,-0.001,,932.075393,950.534833,1298.434674,1.003347,alpha,1037.9458719376391,0.01711234840640376
w2_adam_b50_shr,eight_schools_noncentered,1,0.026,0.015661787500000003,0.0081372125,0.007524575,70344,33985,-4,-0.001,-4,-0.001,,1567.165966,2845.4836,1165.137012,1.003275,tau,60275.614076923084,0.022278601813942908
w2_adam_b50_shr,eight_schools_noncentered,0,0.025,0.0157106825,0.0078540125,0.00785667,70770,35193,-4,-0.001,-4,-0.001,,1591.762875,3013.063703,1495.6723,1.003075,tau,63670.51499999999,0.02249205701568461
w2_adam_b50_shr,eight_schools_noncentered,2,0.03,0.0182990325,0.00969022,0.0086088125,70496,34047,-4,-0.001,-4,-0.001,,1107.572864,2899.574952,1507.694556,1.003379,tau,36919.095466666666,0.015711144802541988
w2_adam_b50_shr,dogs_hierarchical,1,0.919,0.6988482500000002,0.34979625000000003,0.34905200000000003,47860,23653,-4,-0.001,-4,-0.001,,1794.379871,3924.144104,1840.499796,1.002533,a,1952.535224156692,0.03749226642290013
w2_adam_b50_shr,dogs_hierarchical,0,0.942,0.69295825,0.322033,0.37092525,47861,23379,-4,-0.001,-4,-0.001,,1503.288432,3920.181778,1801.903212,1.004346,a,1595.847592356688,0.03140946557740123
w2_adam_b50_shr,dogs_hierarchical,2,0.863,0.68656375,0.33784,0.34872375,48396,23233,-4,-0.001,-4,-0.001,,1469.554071,3899.82906,1630.882724,1.003418,a,1702.843651216686,0.03036519693776345
w2_adam_b50_shr,bym2_offset_only,0,15.174,11.100249999999999,5.422707500000001,5.6775424999999995,256004,128000,-4,-0.001,-4,-0.001,,4.032258,4.032258,inf,-inf,beta0,0.26573467773823645,1.575076170684833e-05
w2_adam_b50_shr,pilots,1,0.21,0.16801625,0.0882938,0.07972245,519320,248083,-4,-0.001,-4,-0.001,,5.058988,564.218523,11.425659,2.283068,a.3,24.09041904761905,9.741562042671187e-06
w2_adam_b50_shr,pilots,0,0.266,0.181512825,0.094065925,0.0874469,511785,240732,-4,-0.001,-4,-0.001,,4.760739,401.702885,11.304046,2.603914,b.4,17.897515037593983,9.302224566956827e-06
w2_adam_b50_shr,pilots,2,0.202,0.16185897500000002,0.08206325,0.079795725,484705,236949,-4,-0.001,-4,-0.001,,4.825033,501.933666,14.271157,2.507545,mu_a,23.88630198019802,9.954576494981484e-06
w2_adam_b50_shr,garch11,1,0.296,0.2644625,0.1327085,0.13175399999999998,74963,36075,-4,-0.001,-4,-0.001,,981.019762,1339.73189,1118.421921,1.003886,alpha0,3314.255952702703,0.013086719608340115
w2_adam_b50_shr,garch11,0,0.271,0.25308575,0.13696025,0.11612549999999999,74243,35657,-4,-0.001,-4,-0.001,,874.059591,1172.491121,1182.222001,1.005674,alpha0,3225.312143911439,0.011772956251767842
w2_adam_b50_shr,garch11,2,0.283,0.26514675,0.14510800000000001,0.12003875,75287,36055,-4,-0.001,-4,-0.001,,759.139258,1242.999863,1427.341164,1.004994,alpha0,2682.4708763250887,0.01008327145456719
w2_adam_b50_shr,logmesquite_logvash,1,0.117,0.099498525,0.05791505,0.041583475,191234,78742,-4,-0.001,-4,-0.001,,81.543162,220.070179,164.182835,1.037908,beta.2,696.9501025641025,0.000426405147620193
w2_adam_b50_shr,logmesquite_logvash,0,0.129,0.1016702,0.056290975,0.045379225,208682,91363,-4,-0.001,-4,-0.001,,7.079217,14.808248,4.032258,1.569371,beta.2,54.8776511627907,3.392346728515157e-05
w2_adam_b50_shr,logmesquite_logvash,2,0.129,0.103551,0.05644325,0.047107750000000004,190666,78651,-4,-0.001,-4,-0.001,,130.673871,280.711679,234.190021,1.02351,beta.2,1012.9757441860464,0.0006853548666254077
w2_adam_b50_shr,diamonds,1,2.75,2.5616950000000003,1.25885,1.302845,256126,128000,-4,-0.001,-4,-0.001,,4.032258,4.032258,inf,-inf,b.1,1.4662756363636362,1.5743259177123758e-05
w2_adam_b50_shr,diamonds,0,2.623,2.5147375,1.23399,1.2807475,256004,128000,-4,-0.001,-4,-0.001,,4.032258,4.032258,inf,-inf,b.1,1.5372695386961492,1.575076170684833e-05
w2_adam_b50_shr,diamonds,2,2.633,2.5081775000000004,1.2530425,1.2551350000000001,256004,128000,-4,-0.001,-4,-0.001,,4.032258,4.032258,inf,-inf,b.1,1.531431067223699,1.575076170684833e-05
w2_adam_b50_shr,gp_regr,1,0.059,0.054462775000000005,0.0279321,0.026530675,46240,22659,-4,-0.001,-4,-0.001,,3672.375325,3915.185753,2350.322229,1.003085,alpha,62243.64957627119,0.07941988159602076
w2_adam_b50_shr,gp_regr,0,0.064,0.05759715,0.0292463,0.028350849999999997,47039,22966,-4,-0.001,-4,-0.001,,3263.472235,3670.593874,2055.241084,1.00162,rho,50991.753671875005,0.06937801048066498
w2_adam_b50_shr,gp_regr,2,0.084,0.06344395,0.030989049999999997,0.0324549,47697,23458,-4,-0.001,-4,-0.001,,3911.774958,3968.453816,2760.116766,1.001081,alpha,46568.7495,0.08201301880621423
w2_adam_b50_shr,lsat_model,1,6.586,5.9678775,3.9180824999999997,2.049795,136401,46751,-4,-0.001,-4,-0.001,,161.687574,731.860435,362.556719,1.030157,beta,24.550193440631645,0.0011853840807618714
w2_adam_b50_shr,lsat_model,2,11.921,7.363390000000001,4.432707499999999,2.9306825,169394,67068,-4,-0.001,-4,-0.001,,7.184964,64.410578,4.032258,1.554063,alpha.2,0.6027148729133462,4.241569359009174e-05
w2_adam_b50_shr,eight_schools_centered,1,0.044,0.028119425,0.013265575,0.01485385,173958,92176,-4,-0.001,-4,-0.001,,38.375841,122.377454,38.100325,1.076864,tau,872.1782045454546,0.00022060405960059326
w2_adam_b50_shr,eight_schools_centered,0,0.053,0.028225600000000003,0.011799050000000002,0.01642655,143559,71454,-4,-0.001,-4,-0.001,,52.983151,272.870699,129.464659,1.069585,tau,999.6820943396226,0.00036906882187811283
w2_adam_b50_shr,eight_schools_centered,2,0.036,0.026982025,0.014580049999999999,0.012401974999999999,155554,73221,-4,-0.001,-4,-0.001,,99.421774,305.807352,77.791952,1.062479,tau,2761.7159444444446,0.0006391463671779575
w2_adam_b50_shr,blr,1,0.093,0.086241475,0.0452827,0.040958775,256004,128000,-4,-0.001,-4,-0.001,,4.032258,4.032258,inf,-inf,beta.1,43.35761290322581,1.575076170684833e-05
w2_adam_b50_shr,blr,0,0.114,0.09235885,0.048956625000000004,0.043402225,256004,128000,-4,-0.001,-4,-0.001,,4.032258,4.032258,inf,-inf,beta.1,35.37068421052631,1.575076170684833e-05
w2_adam_b50_shr,blr,2,0.1,0.088878225,0.04715325,0.041724975,256004,128000,-4,-0.001,-4,-0.001,,4.032258,4.032258,inf,-inf,beta.1,40.322579999999995,1.575076170684833e-05
w2_adam_b50_shr,low_dim_gauss_mix,1,12.231,6.9733825,3.9844675,2.988915,142500,62453,-4,-0.001,-4,-0.001,,7.044936,7.232511,4.032258,1.568298,sigma.1,0.575990188864361,4.943814736842105e-05
w2_adam_b50_shr,low_dim_gauss_mix,0,5.018,4.3719375,2.7309674999999998,1.64097,87178,33386,-4,-0.001,-4,-0.001,,7.179681,7.824754,29.1189,1.530052,sigma.2,1.4307853726584299,8.235656931794719e-05
w2_adam_b50_shr,low_dim_gauss_mix,2,11.229,5.97442,3.40065,2.57377,133480,58004,-4,-0.001,-4,-0.001,,7.225034,7.277881,4.032258,1.527488,sigma.1,0.6434263068839612,5.4128213964638895e-05
w2_adam_b50_shr,accel_gp,1,5.402,2.24193525,1.3411155,0.90081975,532147,214293,-4,-0.001,-4,-0.001,,4.282591,5.737873,4.032258,9.708018,sdgp_sigma_1,0.79277878563495,8.04775935972579e-06
w2_adam_b50_shr,accel_gp,2,1.096,0.976647,0.48159425,0.49505275000000004,256004,128000,-4,-0.001,-4,-0.001,,4.032258,4.032258,inf,-inf,Intercept,3.6790675182481745,1.575076170684833e-05
w2_adam_b50_shr,radon_variable_intercept_slope_noncentered,1,3.136,2.24579425,1.2152202499999998,1.0305739999999999,191859,87623,-4,-0.001,-4,-0.001,,4.311474,7.115084,4.032258,4.00633,alpha_raw.26,1.374832270408163,2.247209669601113e-05
w2_adam_b50_shr,radon_variable_intercept_slope_noncentered,0,3.049,1.7694625,0.9952547500000001,0.77420775,150623,66240,-4,-0.001,-4,-0.001,,7.137965,18.077163,4.032258,1.554743,alpha.45,2.3410839619547392,4.738960849272688e-05
w2_adam_b50_shr,radon_variable_intercept_slope_noncentered,2,3.251,2.6201135,1.40207,1.2180435,221984,107854,-4,-0.001,-4,-0.001,,4.079772,5.106462,4.032258,9.654835,beta.49,1.254928329744694,1.8378675940608332e-05
w3_mdt7,lotka_volterra,1,9.041,5.5027775000000005,3.5398025,1.9629750000000001,198624,96013,-4,-0.001,-4,-0.001,,4.690112,9.204979,4.032258,2.726002,z.7.1,0.5187603141245437,2.361301756081843e-05
w3_mdt7,lotka_volterra,0,7.294,5.07125,2.936295,2.1349549999999997,202035,106385,-4,-0.001,-4,-0.001,,169.509607,1471.746798,212.78446,1.040905,theta.3,23.239595146695915,0.0008390110970871383
w3_mdt7,lotka_volterra,2,7.839,4.465695,2.80648,1.659215,159595,71006,-4,-0.001,-4,-0.001,,58.167457,917.352424,26.400774,1.059493,theta.4,7.420264957264957,0.0003644691688336101
w3_mdt7,kidscore_momiq,1,0.387,0.3677295,0.18602225,0.18170725,256004,128000,-4,-0.001,-4,-0.001,,4.032258,4.032258,inf,-inf,beta.1,10.419271317829455,1.575076170684833e-05
w3_mdt7,kidscore_momiq,0,0.411,0.39820374999999997,0.20273049999999998,0.19547325,256004,128000,-4,-0.001,-4,-0.001,,4.032258,4.032258,inf,-inf,beta.1,9.810846715328466,1.575076170684833e-05
w3_mdt7,kidscore_momiq,2,0.419,0.39113575,0.193262,0.19787375000000001,256004,128000,-4,-0.001,-4,-0.001,,4.032258,4.032258,inf,-inf,beta.1,9.623527446300715,1.575076170684833e-05
w3_mdt7,radon_partially_pooled_noncentered,1,29.922,26.3491,14.515349999999998,11.83375,223528,99903,-4,-0.001,-4,-0.001,,4.365133,5.949546,4.032258,3.739864,sigma_alpha,0.1458837310340218,1.9528349915894207e-05
w3_mdt7,radon_partially_pooled_noncentered,0,33.343,32.720675,16.731025000000002,15.98965,255992,128000,-4,-0.001,-4,-0.001,,4.032258,4.032258,inf,-inf,alpha_raw.1,0.12093266952583749,1.5751500046876463e-05
w3_mdt7,radon_partially_pooled_noncentered,2,33.281,31.992224999999998,15.931625,16.0606,256050,128000,-4,-0.001,-4,-0.001,,4.032258,4.032258,inf,-inf,alpha_raw.1,0.12115795799405066,1.5747932044522552e-05
w3_mdt7,kronecker_gp,0,43.901,36.82959999999999,18.41735,18.41225,365439,183915,-4,-0.001,-4,-0.001,,7.02152,20.499884,4.032258,1.581415,L.28.1,0.159939864695565,1.9213931736897265e-05
w3_mdt7,kronecker_gp,2,52.321,44.565925,19.132225,25.433699999999998,360246,197516,-4,-0.001,-4,-0.001,,7.030789,21.043971,4.032258,1.579552,R1.26,0.13437795531430977,1.9516633078507465e-05
w3_mdt7,hier_2pl,1,141.155,112.288175,49.0806,63.207575000000006,301052,169188,-4,-0.001,-4,-0.001,,5.296999,11.886106,4.032258,2.096131,xi1.21,0.037526116680245115,1.7594963660762923e-05
w3_mdt7,hier_2pl,0,122.387,101.68985,49.196574999999996,52.493275,274982,146937,-4,-0.001,-4,-0.001,,4.042861,4.707836,4.032258,19.917526,xi1.9,0.03303341858203895,1.4702275058003798e-05
w3_mdt7,hier_2pl,2,97.411,85.700925,47.29322499999999,38.407700000000006,237490,109807,-4,-0.001,-4,-0.001,,6.652113,23.076762,4.032258,1.639694,xi2.9,0.06828913572389154,2.8010076213735316e-05
w3_mdt7,wells_dist100_model,1,0.938,0.8661165,0.47411049999999993,0.39200599999999997,56319,26404,-4,-0.001,-4,-0.001,,724.381349,742.710542,1143.085741,1.003511,alpha,772.2615660980811,0.012862113123457447
w3_mdt7,wells_dist100_model,0,1.0,0.9344844999999999,0.47987650000000004,0.454608,53478,25723,-4,-0.001,-4,-0.001,,796.549234,814.0088,1169.365265,1.006606,beta.1,796.549234,0.014894895732824712
w3_mdt7,wells_dist100_model,2,0.948,0.8826035,0.45492175,0.42768175,54744,26088,-4,-0.001,-4,-0.001,,992.540723,1003.777936,1309.225692,1.001422,beta.1,1046.983885021097,0.018130584593745433
w3_mdt7,eight_schools_noncentered,1,0.043,0.0218652875,0.011327855000000001,0.0105374325,69206,33575,-4,-0.001,-4,-0.001,,1598.016451,3152.137666,1341.954724,1.002575,tau,37163.17327906977,0.023090721194694103
w3_mdt7,eight_schools_noncentered,0,0.032,0.019322560000000003,0.0088810425,0.0104415175,70770,35193,-4,-0.001,-4,-0.001,,1591.762875,3013.063703,1495.6723,1.003075,tau,49742.58984374999,0.02249205701568461
w3_mdt7,eight_schools_noncentered,2,0.039,0.020990985,0.0108787675,0.0101122175,69309,33865,-4,-0.001,-4,-0.001,,1720.960979,3003.147296,1755.258322,1.005553,tau,44127.20458974359,0.024830267050455206
w3_mdt7,dogs_hierarchical,1,1.065,0.8320865,0.410254,0.42183250000000005,47312,23389,-4,-0.001,-4,-0.001,,1564.607101,3915.617038,1562.771103,1.00316,a,1469.1146488262912,0.03306998438028407
w3_mdt7,dogs_hierarchical,0,1.065,0.82025375,0.40143724999999997,0.41881650000000004,48877,23510,-4,-0.001,-4,-0.001,,1788.308423,3927.805867,1942.255223,1.002484,a,1679.1628384976527,0.03658793344517871
w3_mdt7,dogs_hierarchical,2,1.101,0.849422,0.43539550000000005,0.4140265,50732,23753,-4,-0.001,-4,-0.001,,1495.251265,3914.066639,1789.23823,1.003102,a,1358.0847093551317,0.029473532780099346
w3_mdt7,bym2_offset_only,1,14.528,9.457482500000001,4.7702025,4.6872799999999994,256004,128000,-4,-0.001,-4,-0.001,,4.032258,4.032258,inf,-inf,beta0,0.27755079845814973,1.575076170684833e-05
w3_mdt7,bym2_offset_only,0,14.512,11.319332499999998,6.0701475,5.249185,256004,128000,-4,-0.001,-4,-0.001,,4.032258,4.032258,inf,-inf,beta0,0.2778568081587651,1.575076170684833e-05
w3_mdt7,bym2_offset_only,2,16.527,12.3737675,6.4901175,5.88365,256004,128000,-4,-0.001,-4,-0.001,,4.032258,4.032258,inf,-inf,beta0,0.24398003267380647,1.575076170684833e-05
w3_mdt7,pilots,1,0.151,0.111393725,0.07224992499999999,0.0391438,281502,93686,-4,-0.001,-4,-0.001,,4.362663,345.617655,11.857255,3.744208,a.5,28.89180794701987,1.549780463371486e-05
w3_mdt7,pilots,0,0.161,0.12512495,0.07027992500000001,0.054845025,315563,138440,-4,-0.001,-4,-0.001,,4.436781,404.191018,12.549399,3.411902,mu_a,27.557645962732916,1.40598897842903e-05
w3_mdt7,pilots,2,0.162,0.11935067499999999,0.06741215,0.051938525,306694,132046,-4,-0.001,-4,-0.001,,4.458538,450.253297,11.217159,3.312066,mu_a,27.52183950617284,1.4537415143432868e-05
w3_mdt7,garch11,1,0.312,0.29103375,0.14923599999999998,0.14179775,73678,35623,-4,-0.001,-4,-0.001,,915.109701,1340.96338,1440.330836,1.002966,alpha0,2933.0439134615385,0.012420392803822036
w3_mdt7,garch11,0,0.302,0.27712875000000003,0.14809125,0.1290375,74983,35869,-4,-0.001,-4,-0.001,,884.823738,1216.75147,938.513115,1.00327,alpha0,2929.879927152318,0.011800324580238188
w3_mdt7,garch11,2,0.31,0.27902925,0.14814875,0.1308805,73538,34871,-4,-0.001,-4,-0.001,,946.355733,1251.469606,1254.154164,1.003106,alpha0,3052.760429032258,0.012868934877206343
w3_mdt7,logmesquite_logvash,1,0.111,0.09561615000000001,0.050737325,0.044878825,173439,77949,-4,-0.001,-4,-0.001,,153.871886,296.381025,282.407885,1.028892,beta.2,1386.233207207207,0.0008871815796908422
w3_mdt7,logmesquite_logvash,0,0.152,0.12653869999999998,0.0708057,0.055733000000000005,205389,92244,-4,-0.001,-4,-0.001,,6.896826,12.294733,4.032258,1.619525,beta.2,45.37385526315789,3.3579334823189165e-05
w3_mdt7,logmesquite_logvash,2,0.12,0.09938985,0.055033725000000006,0.044356125,177577,74007,-4,-0.001,-4,-0.001,,128.831311,235.134014,85.600119,1.029792,beta.2,1073.5942583333333,0.0007254954808336665
w3_mdt7,diamonds,1,3.095,2.9531675,1.4943075000000001,1.45886,256232,128000,-4,-0.001,-4,-0.001,,4.032258,4.032258,inf,-inf,b.1,1.3028297253634893,1.5736746386087606e-05
w3_mdt7,diamonds,0,3.507,3.33893,1.69922,1.63971,256004,128000,-4,-0.001,-4,-0.001,,4.032258,4.032258,inf,-inf,b.1,1.1497741659538065,1.575076170684833e-05
w3_mdt7,diamonds,2,4.088,3.3331150000000003,1.7532325,1.5798825,271247,128000,-4,-0.001,-4,-0.001,,4.032258,4.032258,inf,-inf,b.1,0.9863644814090019,1.4865631693622416e-05
w3_mdt7,gp_regr,1,0.07,0.0617636,0.033341375,0.028422225,45956,22445,-4,-0.001,-4,-0.001,,3584.731357,3821.6052,2011.247717,1.003236,alpha,51210.44795714285,0.07800355463922012
w3_mdt7,gp_regr,0,0.076,0.067585675,0.0356443,0.031941375,47356,22814,-4,-0.001,-4,-0.001,,3558.834874,3812.975622,2390.305164,1.00368,alpha,46826.77465789474,0.07515066462539066
w3_mdt7,gp_regr,2,0.095,0.07707397499999999,0.035619374999999995,0.041454599999999994,47130,23306,-4,-0.001,-4,-0.001,,3740.429251,3845.362762,2603.089537,1.003195,alpha,39372.939484210525,0.07936408340759601
w3_mdt7,lsat_model,1,6.102,6.3092500000000005,3.9767675000000002,2.3324825000000002,130430,48167,-4,-0.001,-4,-0.001,,197.041966,823.879169,344.253213,1.019172,beta,32.29137430350705,0.0015107104653837306
w3_mdt7,lsat_model,0,13.272,8.8077875,5.460017499999999,3.34777,169105,67334,-4,-0.001,-4,-0.001,,7.183739,54.610679,4.032258,1.54811,alpha.4,0.5412702682338758,4.248093787883268e-05
w3_mdt7,lsat_model,2,13.487,9.684907500000001,5.486800000000001,4.1981075,196287,87556,-4,-0.001,-4,-0.001,,4.432511,11.501484,4.032258,3.47563,alpha.2,0.32865062652925037,2.2581785854386688e-05
w3_mdt7,eight_schools_centered,1,0.046,0.0317435,0.015530525000000002,0.016212974999999998,138080,67964,-4,-0.001,-4,-0.001,,117.121847,357.536899,194.362527,1.039504,tau,2546.127108695652,0.0008482173160486674
w3_mdt7,eight_schools_centered,0,0.044,0.026780899999999996,0.012924324999999999,0.013856575000000001,151696,80276,-4,-0.001,-4,-0.001,,77.988188,370.362705,67.736372,1.042401,tau,1772.458818181818,0.0005141084010125514
w3_mdt7,eight_schools_centered,2,0.055,0.032013875,0.013636249999999999,0.018377624999999998,146396,75396,-4,-0.001,-4,-0.001,,108.469149,374.51862,120.256865,1.02286,tau,1972.1663454545455,0.0007409297316866581
w3_mdt7,arma11,1,0.564,0.51763025,0.25914375,0.25848649999999995,256004,128000,-4,-0.001,-4,-0.001,,4.032258,4.032258,inf,-inf,mu,7.149393617021277,1.575076170684833e-05
w3_mdt7,arma11,0,0.552,0.51870325,0.25703725,0.26166599999999995,256004,128000,-4,-0.001,-4,-0.001,,4.032258,4.032258,inf,-inf,mu,7.304815217391303,1.575076170684833e-05
w3_mdt7,blr,1,0.11,0.09567300000000001,0.046534025,0.049138975,256004,128000,-4,-0.001,-4,-0.001,,4.032258,4.032258,inf,-inf,beta.1,36.656890909090905,1.575076170684833e-05
w3_mdt7,blr,0,0.114,0.102071725,0.0524511,0.049620625,256004,128000,-4,-0.001,-4,-0.001,,4.032258,4.032258,inf,-inf,beta.1,35.37068421052631,1.575076170684833e-05
w3_mdt7,blr,2,0.108,0.090436275,0.0477876,0.042648675,256004,128000,-4,-0.001,-4,-0.001,,4.032258,4.032258,inf,-inf,beta.1,37.335722222222216,1.575076170684833e-05
w3_mdt7,low_dim_gauss_mix,1,12.42,8.582934999999999,4.8472925,3.7356425,175031,81844,-4,-0.001,-4,-0.001,,4.432159,4.774637,4.032258,3.405149,theta,0.3568566022544284,2.5322137221406495e-05
w3_mdt7,low_dim_gauss_mix,0,9.188,5.4141525,3.44826,1.9658925,103690,38220,-4,-0.001,-4,-0.001,,7.183503,7.795787,31.091023,1.530898,mu.2,0.781835328689595,6.927864789275726e-05
w3_mdt7,low_dim_gauss_mix,2,13.492,7.8431675,4.5411125000000006,3.302055,143795,61619,-4,-0.001,-4,-0.001,,7.21205,7.237739,4.032258,1.529104,mu.2,0.5345426919656092,5.0155081887409156e-05
w3_mdt7,accel_gp,1,6.112,2.46466625,1.3806285,1.08403775,572653,258558,-4,-0.001,-4,-0.001,,4.122178,5.716161,4.032258,7.08895,zgp_1.13,0.6744401178010471,7.198387155921649e-06
w3_mdt7,accel_gp,0,1.587,1.22375075,0.6460557499999999,0.577695,256004,128000,-4,-0.001,-4,-0.001,,4.032258,4.032258,inf,-inf,Intercept,2.540805293005671,1.575076170684833e-05
w3_mdt7,accel_gp,2,1.347,1.21056775,0.6138805,0.59668725,256004,128000,-4,-0.001,-4,-0.001,,4.032258,4.032258,inf,-inf,Intercept,2.993510022271715,1.575076170684833e-05
w3_mdt7,radon_variable_intercept_slope_noncentered,1,3.664,2.48944925,1.33226675,1.1571825,187168,87121,-4,-0.001,-4,-0.001,,4.399387,7.261222,4.032258,3.715133,alpha.37,1.200706058951965,2.35050168832279e-05
w3_mdt7,radon_variable_intercept_slope_noncentered,0,3.512,1.9648112500000001,1.10560525,0.8592060000000001,145762,65309,-4,-0.001,-4,-0.001,,7.194813,18.118897,4.032258,1.555025,beta.36,2.0486369589977222,4.936000466513906e-05
w3_mdt7,radon_variable_intercept_slope_noncentered,2,3.529,2.48915825,1.3873615,1.10179675,185387,85963,-4,-0.001,-4,-0.001,,4.358275,7.016671,4.032258,4.144657,beta.62,1.23498866534429,2.3509064821157903e-05
w7_full_4000,lotka_volterra,1,5.95,5.76648,4.661132500000001,1.1053475000000001,311941,58821,-4,-0.001,-4,-0.001,,231.904379,1655.21109,259.50813,1.022621,theta.3,38.97552588235294,0.0007434238493817741
w7_full_4000,lotka_volterra,0,6.461,5.988145,4.9251475,1.0629975,320961,57883,-4,-0.001,-4,-0.001,,105.192512,1315.589388,132.286921,1.022135,theta.3,16.281150286333382,0.00032774234875888343
w7_full_4000,lotka_volterra,2,6.018,5.798932500000001,4.690905,1.1080275,314130,59107,-4,-0.001,-4,-0.001,,178.31564,1554.165128,291.643263,1.013987,theta.3,29.630382186773016,0.0005676491898258683
w7_full_4000,kidscore_momiq,1,0.337,0.29982549999999997,0.2472435,0.052582000000000004,204294,34041,-4,-0.001,-4,-0.001,,311.01833,486.198632,410.440492,1.013644,beta.2,922.9030563798219,0.0015224056017308389
w7_full_4000,kidscore_momiq,0,0.298,0.271364425,0.2229125,0.04845192499999999,198416,33512,-4,-0.001,-4,-0.001,,281.182477,449.320481,447.860553,1.01694,beta.2,943.5653590604028,0.0014171361029352472
w7_full_4000,kidscore_momiq,2,0.346,0.29246015,0.2481305,0.04432965,208746,33697,-4,-0.001,-4,-0.001,,221.621352,350.333371,404.901098,1.004409,beta.2,640.5241387283238,0.0010616795148170504
w7_full_4000,radon_partially_pooled_noncentered,1,101.029,86.27374,79.76859999999999,6.505140000000001,885113,67122,-4,-0.001,-4,-0.001,,317.499274,5206.175625,560.070877,1.013731,mu_alpha,3.142654821882826,0.0003587104403618521
w7_full_4000,radon_partially_pooled_noncentered,0,104.489,95.2680125,88.89207499999999,6.375937499999999,960540,65939,-4,-0.001,-4,-0.001,,327.498686,4876.702664,768.817817,1.018777,mu_alpha,3.1342886428236465,0.00034095267870156375
w7_full_4000,radon_partially_pooled_noncentered,2,101.815,87.625035,80.94005,6.684985,886125,67493,-4,-0.001,-4,-0.001,,321.963537,5179.037235,652.984379,1.008134,mu_alpha,3.1622407012719145,0.000363338735505713
w7_full_4000,kronecker_gp,1,93.7,79.1797375,69.789625,9.3901125,879993,104603,-4,-0.001,-4,-0.001,,17.673258,334.867565,52.188863,1.178532,var1,0.1886153468516542,2.0083407481650422e-05
w7_full_4000,kronecker_gp,0,94.852,71.04747499999999,62.96155,8.085925,781132,87983,-4,-0.001,-4,-0.001,,32.73703,315.862472,23.695515,1.109888,var1,0.34513800447012183,4.190972844538439e-05
w7_full_4000,hier_2pl,1,509.335,369.85215,336.8785,32.97365,1331875,119814,-4,-0.001,-4,-0.001,,751.411314,3996.974072,983.133408,1.007808,xi1.32,1.4752791659713156,0.0005641755525105583
w7_full_4000,hier_2pl,0,506.816,418.36974999999995,379.73825,38.6315,1496860,139000,-4,-0.001,-4,-0.001,,963.791275,5544.474442,1169.073397,1.005498,xi2.32,1.901659132702993,0.0006438753624253438
w7_full_4000,hier_2pl,2,642.742,546.8436,482.17949999999996,64.6641,1943130,232000,-4,-0.001,-4,-0.001,,985.17198,5752.205528,900.642695,1.006302,xi2.21,1.5327642817802478,0.0005070026091923854
w7_full_4000,wells_dist100_model,1,2.699,2.1443295,1.7627950000000001,0.3815345,159177,27641,-4,-0.001,-4,-0.001,,966.197122,984.883029,1180.874747,1.002541,beta.1,357.98337236013344,0.006069954340137081
w7_full_4000,wells_dist100_model,0,1.914,1.8560437500000002,1.4954275000000001,0.36061624999999997,139873,26011,-4,-0.001,-4,-0.001,,840.800651,867.564182,1124.312988,1.008503,beta.1,439.2897863113898,0.006011171927391277
w7_full_4000,wells_dist100_model,2,2.105,1.928026,1.5762125,0.3518135,148044,26525,-4,-0.001,-4,-0.001,,909.233519,943.940623,1128.114185,1.006942,beta.1,431.93991401425177,0.00614164382886169
w7_full_4000,eight_schools_noncentered,1,0.078,0.05605594,0.0451393,0.01091664,203144,34063,-4,-0.001,-4,-0.001,,1607.113538,3084.607721,1325.340902,1.0029,tau,20604.01971794872,0.007911203569881464
w7_full_4000,eight_schools_noncentered,0,0.049,0.0407047175,0.033038925,0.0076657925,173516,34029,-4,-0.001,-4,-0.001,,1439.816587,3077.684979,1300.364471,1.0023,tau,29384.011979591836,0.008297889456880057
w7_full_4000,eight_schools_noncentered,2,0.067,0.047419917500000006,0.037608,0.0098119175,186327,34169,-4,-0.001,-4,-0.001,,1689.088431,3012.405637,1401.905038,1.003047,tau,25210.275089552237,0.009065183419472218
w7_full_4000,dogs_hierarchical,1,1.938,1.698194,1.3593175000000002,0.3388765,121826,23300,-4,-0.001,-4,-0.001,,1682.156516,3925.870976,1854.393335,1.002829,a,867.9858183694531,0.013807861343227226
w7_full_4000,dogs_hierarchical,0,1.993,1.6908290000000001,1.3569825,0.3338465,121828,23176,-4,-0.001,-4,-0.001,,1775.398016,3925.857048,1998.919541,1.00254,a,890.8168670346212,0.014572988278556654
w7_full_4000,dogs_hierarchical,2,5.787,2.6361404999999998,2.2218125,0.414328,190454,28443,-4,-0.001,-4,-0.001,,1223.60527,3908.714823,1400.868876,1.005562,a,211.4403438742008,0.0064246761422705745
w7_full_4000,bym2_offset_only,1,55.909,52.9094875,46.448299999999996,6.461187499999999,1304763,155224,-4,-0.001,-4,-0.001,,107.208477,2188.810034,285.433812,1.036034,rho,1.917553113094493,8.216701194009946e-05
w7_full_4000,bym2_offset_only,0,77.811,66.71428750000001,59.918724999999995,6.795562499999999,1667771,172416,-4,-0.001,-4,-0.001,,141.521789,2798.439357,376.093424,1.017405,rho,1.8187889758517433,8.485684725301016e-05
w7_full_4000,bym2_offset_only,2,65.051,55.502472499999996,48.98335,6.5191225,1377790,160330,-4,-0.001,-4,-0.001,,108.513576,2182.014561,274.239244,1.034935,rho,1.6681307896880908,7.875915487846479e-05
w7_full_4000,pilots,1,0.204,0.170197275,0.13680124999999999,0.033396025,424274,69852,-4,-0.001,-4,-0.001,,4.963414,415.519334,11.078797,2.370806,a.3,24.33046078431373,1.1698605146674084e-05
w7_full_4000,pilots,0,0.573,0.280985475,0.23598574999999997,0.044999725,749130,125262,-4,-0.001,-4,-0.001,,4.508471,404.585276,11.141105,3.161148,mu_a,7.868186736474695,6.018275866672006e-06
w7_full_4000,pilots,2,0.215,0.16883777500000002,0.13438425,0.034453525,427541,91316,-4,-0.001,-4,-0.001,,4.71418,406.269611,10.516352,2.669997,a.4,21.92641860465116,1.1026264147765944e-05
w7_full_4000,garch11,1,0.74,0.691556,0.56669925,0.12485674999999999,200125,36243,-4,-0.001,-4,-0.001,,1047.129004,1352.768515,1195.455101,1.004756,alpha0,1415.0391945945944,0.0052323747857589
w7_full_4000,garch11,0,0.824,0.71320375,0.59098075,0.122223,204687,35534,-4,-0.001,-4,-0.001,,946.028948,1239.311762,1410.664919,1.004801,alpha0,1148.0933834951456,0.004621832104628042
w7_full_4000,garch11,2,0.758,0.7051275,0.5773327500000001,0.12779474999999998,200334,35621,-4,-0.001,-4,-0.001,,785.380375,1218.742121,1438.159638,1.003922,alpha0,1036.1218667546173,0.0039203548823464815
w7_full_4000,logmesquite_logvash,1,0.312,0.224026375,0.18451325,0.039513125,419232,73743,-4,-0.001,-4,-0.001,,286.432995,599.278446,340.916055,1.016533,beta.2,918.0544711538462,0.0006832326611518204
w7_full_4000,logmesquite_logvash,0,0.226,0.202536375,0.161972,0.040564375,381871,74074,-4,-0.001,-4,-0.001,,198.651307,485.511368,314.767409,1.010812,beta.2,878.9880840707965,0.0005202052708899079
w7_full_4000,logmesquite_logvash,2,0.232,0.212711975,0.17188775,0.040824225000000006,381564,74293,-4,-0.001,-4,-0.001,,309.264383,571.128268,424.596069,1.021134,beta.2,1333.0361336206897,0.0008105177191768616
w7_full_4000,diamonds,1,14.839,14.10158,11.61955,2.48203,1479791,262805,-4,-0.001,-4,-0.001,,19.186143,494.536494,12.346361,1.157715,b.23,1.29295390524968,1.2965441065664003e-05
w7_full_4000,diamonds,0,15.04,14.0643475,11.629675,2.4346725,1498018,259240,-4,-0.001,-4,-0.001,,18.227081,453.790692,30.590412,1.194229,b.24,1.2119069813829786,1.2167464609904552e-05
w7_full_4000,diamonds,2,14.855,14.548295,11.991699999999998,2.5565949999999997,1541685,270595,-4,-0.001,-4,-0.001,,8.904496,440.486584,13.333972,1.375217,b.22,0.5994275328172333,5.775820611862994e-06
w7_full_4000,gp_regr,1,0.282,0.19080565,0.1597905,0.031015150000000002,149773,24897,-4,-0.001,-4,-0.001,,3729.023318,3810.561017,2211.784736,1.00112,alpha,13223.486943262413,0.024897834175719256
w7_full_4000,gp_regr,0,0.18,0.155057,0.12701925,0.02803775,122662,23259,-4,-0.001,-4,-0.001,,3447.010753,3691.551715,2641.82187,1.001255,alpha,19150.05973888889,0.02810170022500856
w7_full_4000,gp_regr,2,0.223,0.185174675,0.15313875000000002,0.032035925,138052,23758,-4,-0.001,-4,-0.001,,3522.948501,3566.611669,2314.510932,1.002705,alpha,15797.975340807174,0.025518996472343753
w7_full_4000,lsat_model,1,31.521,31.0190775,28.208124999999995,2.8109525,767145,66300,-4,-0.001,-4,-0.001,,841.391363,5426.218121,1589.022171,1.00909,beta,26.693041559595187,0.0010967826981861317
w7_full_4000,lsat_model,0,32.3,31.383252499999998,28.53295,2.8503024999999997,768030,67006,-4,-0.001,-4,-0.001,,890.309826,5555.501019,1629.615623,1.008411,beta,27.563771702786383,0.001159212304206867
w7_full_4000,lsat_model,2,31.729,31.231202500000002,28.410525,2.8206775,768230,66699,-4,-0.001,-4,-0.001,,853.21767,6042.196298,1615.009957,1.008867,beta,26.890783510353305,0.0011106278978951615
w7_full_4000,eight_schools_centered,1,0.093,0.08318905,0.06630572500000001,0.016883325,411697,89999,-4,-0.001,-4,-0.001,,79.509433,191.086549,120.276646,1.028863,tau,854.9401397849463,0.000193126092733248
w7_full_4000,eight_schools_centered,0,0.095,0.07983635,0.0640704,0.01576595,434856,82493,-4,-0.001,-4,-0.001,,112.573302,274.668201,96.761423,1.024967,tau,1184.9821263157894,0.0002588748965174678
w7_full_4000,eight_schools_centered,2,0.1,0.0773708,0.060066525,0.017304275,431051,86544,-4,-0.001,-4,-0.001,,33.983742,230.677131,13.1839,1.104988,tau,339.83741999999995,7.883926031954455e-05
w7_full_4000,arma11,1,0.299,0.271121525,0.223085,0.048036525000000004,143060,25638,-4,-0.001,-4,-0.001,,2382.955363,3130.96083,2319.783885,1.002093,theta,7969.750377926422,0.01665703455193625
w7_full_4000,arma11,0,0.29,0.270818675,0.22172725,0.049091425,141676,25783,-4,-0.001,-4,-0.001,,2620.303865,3103.475418,2830.686163,1.002176,theta,9035.530568965518,0.018495044079448884
w7_full_4000,arma11,2,0.315,0.285724575,0.22963275,0.056091825,144595,26325,-4,-0.001,-4,-0.001,,2396.723724,3086.98804,2646.5185,1.002745,theta,7608.646742857142,0.01657542601058128
w7_full_4000,blr,1,0.461,0.300718275,0.26551575,0.035202525,790743,90587,-4,-0.001,-4,-0.001,,687.172525,1423.417793,737.374738,1.007894,sigma,1490.6128524945768,0.0008690213191896735
w7_full_4000,blr,0,0.359,0.25304145,0.22430525,0.0287362,634013,79417,-4,-0.001,-4,-0.001,,689.641752,1387.7774,667.437993,1.003718,sigma,1921.0076657381617,0.0010877407119412378
w7_full_4000,blr,2,0.264,0.245891125,0.211573,0.034318125000000005,663998,79621,-4,-0.001,-4,-0.001,,706.60977,1392.191451,857.047114,1.004237,sigma,2676.552159090909,0.001064174545706463
w7_full_4000,low_dim_gauss_mix,1,18.047,12.083829999999999,10.361040000000001,1.7227900000000003,253663,36905,-4,-0.001,-4,-0.001,,2583.146765,3197.061388,1956.596014,1.001633,theta,143.13441375297833,0.01018338017369502
w7_full_4000,low_dim_gauss_mix,0,10.255,10.0929725,8.498682500000001,1.59429,212651,33820,-4,-0.001,-4,-0.001,,3119.785101,3479.350925,2524.244452,1.00259,theta,304.2208777181862,0.014670916670977328
w7_full_4000,low_dim_gauss_mix,2,11.051,10.3864175,8.7044725,1.681945,220314,34136,-4,-0.001,-4,-0.001,,2759.564282,3232.764852,2314.790423,1.003017,theta,249.71172581666815,0.01252559656671841
w7_full_4000,radon_variable_intercept_slope_noncentered,1,8.774,7.6194655,6.853655,0.7658105,668056,66578,-4,-0.001,-4,-0.001,,650.464536,4641.838183,662.892228,1.014173,sigma_beta,74.13546113517211,0.000973667680553726
w7_full_4000,radon_variable_intercept_slope_noncentered,0,13.148,9.168322,8.311587499999998,0.8567345,781537,73083,-4,-0.001,-4,-0.001,,466.091891,4158.732702,544.17251,1.006166,sigma_beta,35.44964184666869,0.0005963785348614333
w7_full_4000,radon_variable_intercept_slope_noncentered,2,8.482,6.6643485,5.888825,0.7755235,580079,66939,-4,-0.001,-4,-0.001,,441.986953,3414.090124,679.535999,1.009861,sigma_beta,52.10881313369489,0.000761942688840658
w7_stock_500,lotka_volterra,1,26.261,8.4540695,2.673887,5.7801825,143819,104831,-4,-0.001,-4,-0.001,,4.756145,5.906976,6.855581,2.600329,z.10.2,0.18111058223220747,3.307035231784396e-05
w7_stock_500,lotka_volterra,0,4.788,2.8782455000000002,0.959948,1.9182975,133549,99409,-4,-0.001,-4,-0.001,,10.754585,36.933491,28.200195,1.283187,z.12.1,2.246153926482874,8.052913162958915e-05
w7_stock_500,lotka_volterra,2,2.101,1.8712092500000002,0.6948242499999999,1.176385,98231,63560,-4,-0.001,-4,-0.001,,218.895366,1444.432053,354.882359,1.023214,theta.1,104.18627605901952,0.0022283735887856176
w7_stock_500,kidscore_momiq,1,0.291,0.263797125,0.09000887499999999,0.17378824999999998,191379,126532,-4,-0.001,-4,-0.001,,4.311188,4.672052,4.032258,7.711637,sigma,14.815079037800686,2.2526964818501504e-05
w7_stock_500,kidscore_momiq,0,0.291,0.259127275,0.081514275,0.177613,192149,127524,-4,-0.001,-4,-0.001,,4.326099,4.552135,4.032258,3.923133,beta.2,14.866319587628867,2.2514293595074655e-05
w7_stock_500,kidscore_momiq,2,0.301,0.2238686,0.07336002500000001,0.15050857499999998,159000,103688,-4,-0.001,-4,-0.001,,4.371871,4.420668,4.032258,6.272922,beta.2,14.524488372093023,2.749604402515723e-05
w7_stock_500,radon_partially_pooled_noncentered,1,11.728,11.096165,4.2431149999999995,6.85305,112328,69503,-4,-0.001,-4,-0.001,,165.483136,3197.358715,260.423083,1.036349,sigma_alpha,14.110090040927695,0.0014732135887757282
w7_stock_500,radon_partially_pooled_noncentered,0,18.57,13.425429999999999,5.379827499999999,8.045602500000001,139079,83913,-4,-0.001,-4,-0.001,,7.138977,12.347703,4.032258,1.572165,sigma_alpha,0.3844360258481421,5.133037338491073e-05
w7_stock_500,radon_partially_pooled_noncentered,2,18.681,12.897545000000001,4.9767225,7.9208225,133211,80632,-4,-0.001,-4,-0.001,,58.887542,1481.49594,22.241,1.049754,sigma_alpha,3.1522692575343934,0.0004420621570290742
w7_stock_500,kronecker_gp,1,13.307,10.9434675,4.3968975,6.54657,113698,68949,-4,-0.001,-4,-0.001,,14.75856,271.938756,101.652887,1.210832,R1.28,1.109082437814684,0.00012980492181041003
w7_stock_500,kronecker_gp,2,12.382,10.5450625,4.028475,6.5165875,114977,70806,-4,-0.001,-4,-0.001,,35.890559,271.921566,48.202566,1.089458,Sigma1.9.1,2.8986075755128415,0.00031215424824095257
w7_stock_500,hier_2pl,1,35.033,33.56955,12.927825,20.641725,115750,70224,-4,-0.001,-4,-0.001,,34.558208,1852.558001,158.618589,1.092388,xi1.32,0.986447292552736,0.0002985590323974082
w7_stock_500,hier_2pl,0,36.711,34.4454,14.1913,20.2541,119871,70461,-4,-0.001,-4,-0.001,,45.214427,1326.724858,58.567986,1.074761,mu.1,1.231631581814715,0.0003771923734681449
w7_stock_500,hier_2pl,2,34.977,33.174975,13.583975,19.591,117667,69710,-4,-0.001,-4,-0.001,,10.206235,1294.587385,25.276694,1.313949,xi1.11,0.2917984675643995,8.673829535893666e-05
w7_stock_500,wells_dist100_model,1,0.607,0.554339,0.19241,0.36192900000000006,41252,26480,-4,-0.001,-4,-0.001,,834.186524,857.939708,1352.280512,1.005723,beta.1,1374.2776342668863,0.020221723164937457
w7_stock_500,wells_dist100_model,0,0.569,0.5412225,0.186772,0.3544505,40580,26943,-4,-0.001,-4,-0.001,,734.199024,790.728572,1135.79448,1.005363,beta.1,1290.3322038664326,0.01809263242976836
w7_stock_500,wells_dist100_model,2,0.552,0.5277885,0.17603975,0.35174875000000005,40944,26994,-4,-0.001,-4,-0.001,,936.882619,972.704209,1335.987915,1.003633,beta.1,1697.2511213768114,0.022882049115865572
w7_stock_500,eight_schools_noncentered,1,0.02,0.012044870000000001,0.004041515000000001,0.008003355,53101,35274,-4,-0.001,-4,-0.001,,1688.175404,3001.634541,1446.905288,1.003336,tau,84408.7702,0.03179178177435453
w7_stock_500,eight_schools_noncentered,0,0.028,0.014958332500000001,0.004120225,0.0108381075,52187,34827,-4,-0.001,-4,-0.001,,1597.422213,2940.302854,1297.836989,1.00317,tau,57050.79332142857,0.03060958117922088
w7_stock_500,eight_schools_noncentered,2,0.023,0.0124212125,0.0044605625,0.00796065,52544,34585,-4,-0.001,-4,-0.001,,1366.077217,2872.013649,1348.353346,1.002945,tau,59394.66160869566,0.02599872900806943
w7_stock_500,dogs_hierarchical,1,0.689,0.52505425,0.17670699999999998,0.34834725,36027,23533,-4,-0.001,-4,-0.001,,1579.911307,3915.553514,1597.028025,1.002883,a,2293.0497924528304,0.04385353504316208
w7_stock_500,dogs_hierarchical,0,0.687,0.52744775,0.16573825,0.3617095,37081,24275,-4,-0.001,-4,-0.001,,1857.997084,3927.252011,1850.70979,1.002052,a,2704.5081280931586,0.05010644491788248
w7_stock_500,dogs_hierarchical,2,0.764,0.5403395,0.19323675,0.34710275,37569,23797,-4,-0.001,-4,-0.001,,1506.744415,3911.011139,1372.220078,1.003968,a,1972.1785536649213,0.04010605592376693
w7_stock_500,bym2_offset_only,1,10.42,7.3520475,2.2520575000000003,5.09999,192004,128000,-4,-0.001,-4,-0.001,,4.032258,4.032258,inf,-inf,beta0,0.38697293666026866,2.1000906231120184e-05
w7_stock_500,bym2_offset_only,0,11.171,8.217555,2.7115774999999998,5.5059775,192004,128000,-4,-0.001,-4,-0.001,,4.032258,4.032258,inf,-inf,beta0,0.36095765822218245,2.1000906231120184e-05
w7_stock_500,bym2_offset_only,2,10.472,7.5291475,2.4354299999999998,5.0937175,192004,128000,-4,-0.001,-4,-0.001,,4.032258,4.032258,inf,-inf,beta0,0.38505137509549275,2.1000906231120184e-05
w7_stock_500,pilots,1,0.086,0.059309925,0.024438425,0.0348715,153549,89739,-4,-0.001,-4,-0.001,,4.510178,326.020035,12.835341,3.239677,a.3,52.44393023255814,2.9372890738461335e-05
w7_stock_500,pilots,0,0.105,0.0604435,0.023729149999999997,0.03671435,154128,91641,-4,-0.001,-4,-0.001,,4.418043,383.087642,13.135667,3.498551,a.5,42.0766,2.8664765649330427e-05
w7_stock_500,pilots,2,0.097,0.06951785,0.01901015,0.050507699999999996,188474,135283,-4,-0.001,-4,-0.001,,4.476277,433.71018,13.563183,3.376964,b.2,46.147185567010304,2.3750103462546556e-05
w7_stock_500,garch11,1,0.189,0.181914675,0.063793675,0.118121,54272,35190,-4,-0.001,-4,-0.001,,933.029439,1246.635589,1095.435682,1.006486,beta1,4936.663698412698,0.017191727575913914
w7_stock_500,garch11,0,0.189,0.175798375,0.059866625,0.11593175,54788,35009,-4,-0.001,-4,-0.001,,961.882832,1252.592804,1390.221575,1.004302,alpha0,5089.327153439153,0.0175564509016573
w7_stock_500,garch11,2,0.188,0.17637045,0.0573397,0.11903074999999999,55175,35909,-4,-0.001,-4,-0.001,,770.37335,1080.037272,1115.215311,1.004914,alpha0,4097.730585106383,0.013962362483008608
w7_stock_500,logmesquite_logvash,1,0.067,0.05710775,0.019915975,0.037191774999999996,110236,71306,-4,-0.001,-4,-0.001,,240.982715,503.476732,390.07665,1.020353,beta.2,3596.7569402985073,0.002186061858195145
w7_stock_500,logmesquite_logvash,0,0.074,0.061694425000000004,0.0222782,0.039416225,114000,73320,-4,-0.001,-4,-0.001,,230.522847,416.705849,340.032074,1.015399,beta.2,3115.1736081081085,0.0020221302368421054
w7_stock_500,logmesquite_logvash,2,0.068,0.058059900000000005,0.020618175,0.037441725,112333,72698,-4,-0.001,-4,-0.001,,244.116247,507.538242,418.098389,1.01793,beta.2,3589.944808823529,0.002173148113199149
w7_stock_500,diamonds,1,1.915,1.55315825,0.62424875,0.9289095,162390,97243,-4,-0.001,-4,-0.001,,4.286236,6.106867,4.032258,4.272095,b.23,2.2382433420365535,2.6394704107395772e-05
w7_stock_500,diamonds,0,2.01,1.72264175,0.635375,1.08726675,180001,114622,-4,-0.001,-4,-0.001,,4.313777,71.001346,10.87964,4.047796,b.23,2.146157711442786,2.3965294637252017e-05
w7_stock_500,diamonds,2,1.602,1.4232502500000002,0.6585449999999999,0.76470525,151227,81009,-4,-0.001,-4,-0.001,,4.29356,67.2624,11.18308,4.093069,b.22,2.6801248439450687,2.839149093746487e-05
w7_stock_500,gp_regr,1,0.05,0.041867475,0.014479675,0.0273878,33734,22088,-4,-0.001,-4,-0.001,,3308.346171,3397.258884,1931.41754,1.001941,rho,66166.92341999999,0.09807156491966562
w7_stock_500,gp_regr,0,0.049,0.042211425,0.014589075,0.027622349999999997,33304,21917,-4,-0.001,-4,-0.001,,3400.833275,3780.835321,2364.05971,1.003036,alpha,69404.76071428572,0.10211485932620706
w7_stock_500,gp_regr,2,0.059,0.0471082,0.0178641,0.029244100000000002,35017,23117,-4,-0.001,-4,-0.001,,3777.265977,3885.380486,2570.279129,1.002399,sigma,64021.45723728814,0.10786949130422366
w7_stock_500,lsat_model,1,4.891,4.5629675,1.56541,2.9975575,107793,70530,-4,-0.001,-4,-0.001,,780.945025,3653.336705,850.727075,1.010229,beta,159.6698067879779,0.007244858432365738
w7_stock_500,lsat_model,0,4.845,4.5333575,1.6128600000000002,2.9204974999999997,107667,69385,-4,-0.001,-4,-0.001,,580.120429,4009.239352,1120.850112,1.009376,beta,119.73589865841073,0.0053880987582081786
w7_stock_500,lsat_model,2,4.89,4.50232,1.6505225000000001,2.8517975,108299,68943,-4,-0.001,-4,-0.001,,394.291469,3690.582481,1035.292932,1.011691,beta,80.63220224948876,0.003640767403207786
w7_stock_500,eight_schools_centered,1,0.034,0.0235583375,0.0069296374999999995,0.0166287,116977,82101,-4,-0.001,-4,-0.001,,124.454624,307.150374,131.457131,1.019133,tau,3660.4301176470585,0.0010639238824726228
w7_stock_500,eight_schools_centered,0,0.028,0.019785292500000003,0.0060089175000000005,0.013776374999999999,119608,83122,-4,-0.001,-4,-0.001,,53.644522,231.745891,154.174158,1.072919,tau,1915.8757857142857,0.0004485027924553542
w7_stock_500,eight_schools_centered,2,0.023,0.016309657499999998,0.005407097499999999,0.01090256,97407,66404,-4,-0.001,-4,-0.001,,126.836216,293.477187,53.298537,1.026423,tau,5514.618086956521,0.0013021262948248072
w7_stock_500,arma11,1,0.391,0.32642525,0.11912475,0.2073005,168912,106911,-4,-0.001,-4,-0.001,,4.079835,4.14103,inf,9.410125,mu,10.43436061381074,2.415361253196931e-05
w7_stock_500,arma11,0,0.352,0.284860575,0.102211975,0.1826486,159543,103951,-4,-0.001,-4,-0.001,,4.080738,4.265092,4.032258,9.405332,mu,11.593005681818184,2.557766871627085e-05
w7_stock_500,arma11,2,0.369,0.2811738,0.093096525,0.18807727500000002,154837,102657,-4,-0.001,-4,-0.001,,4.0815,4.284966,4.032258,9.400902,theta,11.060975609756099,2.635997855809658e-05
w7_stock_500,blr,1,0.073,0.0633463,0.021063325,0.04228297500000001,192004,128000,-4,-0.001,-4,-0.001,,4.032258,4.032258,inf,-inf,beta.1,55.23641095890411,2.1000906231120184e-05
w7_stock_500,blr,0,0.079,0.067361775,0.019629875,0.04773190000000001,192004,128000,-4,-0.001,-4,-0.001,,4.032258,4.032258,inf,-inf,beta.1,51.04124050632911,2.1000906231120184e-05
w7_stock_500,blr,2,0.078,0.065703425,0.02005745,0.045645975,191047,126980,-4,-0.001,-4,-0.001,,4.048961,4.152154,4.032258,15.820588,beta.2,51.90975641025641,2.1193533528398773e-05
w7_stock_500,low_dim_gauss_mix,1,2.967,2.6115062499999997,1.17929125,1.432215,54187,29952,-4,-0.001,-4,-0.001,,301.156239,1280.900216,475.402402,1.009726,sigma.1,101.50193427704752,0.005557721206193368
w7_stock_500,low_dim_gauss_mix,0,3.313,2.78015625,1.12061375,1.6595425000000001,59642,35561,-4,-0.001,-4,-0.001,,7.170797,7.743625,28.96135,1.531514,mu.2,2.164442197404165,0.00012023065960229369
w7_stock_500,low_dim_gauss_mix,2,4.373,3.2784745,1.3889444999999998,1.8895300000000002,71120,40890,-4,-0.001,-4,-0.001,,22.640965,51.154345,11.386642,1.11819,sigma.2,5.177444546078207,0.0003183487767154106
w7_stock_500,accel_gp,1,0.858,0.65493925,0.25412825,0.400811,166501,103777,-4,-0.001,-4,-0.001,,4.078417,9.223159,4.032258,9.632227,lscale_sigma_1,4.753399766899767,2.4494849880781497e-05
w7_stock_500,accel_gp,0,0.907,0.78154925,0.26961775,0.5119315,195121,125693,-4,-0.001,-4,-0.001,,4.044916,5.479743,4.032258,18.237475,lscale_sigma_1,4.459664829106946,2.0730295560190854e-05
w7_stock_500,accel_gp,2,0.736,0.641637,0.23186125000000002,0.40977575,179919,114720,-4,-0.001,-4,-0.001,,4.050173,5.823086,4.032258,17.874834,lscale_sigma_1,5.502952445652174,2.2511091102107058e-05
w7_stock_500,radon_variable_intercept_slope_noncentered,1,1.392,1.21572575,0.45269275000000003,0.7630330000000001,102600,65989,-4,-0.001,-4,-0.001,,67.679844,1088.50914,88.089143,1.102042,sigma_alpha,48.6205775862069,0.0006596476023391813
w7_stock_500,radon_variable_intercept_slope_noncentered,0,1.37,1.1568640000000001,0.43105625,0.72580775,97656,60990,-4,-0.001,-4,-0.001,,21.813545,1360.968515,47.339098,1.1309,beta_raw.26,15.922295620437955,0.00022337127263045794
w7_stock_500,radon_variable_intercept_slope_noncentered,2,2.308,1.5629472500000001,0.6098472500000001,0.9531000000000001,132778,81485,-4,-0.001,-4,-0.001,,4.591023,11.93033,4.032258,2.974696,beta.59,1.9891780762564992,3.4576684390486376e-05
walnut_da,lotka_volterra,1,39.49,12.3177925,6.807157500000001,5.510635000000001,169381,78082,-4,-0.001,-4,-0.001,,6.724835,7.227872,11.259029,1.622008,theta.2,0.17029209926563685,3.970241644576428e-05
walnut_da,lotka_volterra,0,4.404,3.7732300000000003,2.3137,1.45953,159788,80448,-4,-0.001,-4,-0.001,,11.655149,41.646153,10.862256,1.259215,z.12.1,2.646491598546776,7.294132851027612e-05
walnut_da,lotka_volterra,2,3.744,3.2855149999999997,1.9943,1.291215,148080,64502,-4,-0.001,-4,-0.001,,144.562281,1439.949655,270.851734,1.021829,theta.1,38.611720352564106,0.0009762444692058348
walnut_da,radon_partially_pooled_noncentered,0,18.078,15.2946625,8.83177,6.462892499999999,148612,62476,-4,-0.001,-4,-0.001,,20.743401,1259.841564,24.706531,1.170653,sigma_alpha,1.1474389312977098,0.0001395809288617339
walnut_da,kronecker_gp,1,16.838,15.284855,7.6699425,7.6149125,159765,78311,-4,-0.001,-4,-0.001,,67.237873,360.502053,120.282164,1.049015,Sigma1.5.1,3.9932220572514545,0.0004208548367915375
walnut_da,kronecker_gp,0,16.855,14.624215,7.2742575,7.3499575,147151,71730,-4,-0.001,-4,-0.001,,25.141225,217.628545,34.753886,1.114324,Sigma1.12.1,1.4916182141797685,0.0001708532391896759
walnut_da,hier_2pl,0,47.677,46.025875000000006,25.629025,20.39685,159734,70283,-4,-0.001,-4,-0.001,,383.280779,2649.804308,388.385518,1.012367,xi2.22,8.039112758772573,0.0023994940275708365
walnut_da,wells_dist100_model,1,0.955,0.8862675,0.48314425,0.40312325,62701,29250,-4,-0.001,-4,-0.001,,934.643685,936.628017,1183.872163,1.003753,alpha,978.6844869109948,0.014906360105899427
walnut_da,wells_dist100_model,0,0.952,0.8964100000000002,0.479683,0.41672700000000007,65169,29994,-4,-0.001,-4,-0.001,,951.709502,960.85246,1148.772058,1.005992,beta.1,999.6948550420169,0.01460371498718716
walnut_da,wells_dist100_model,2,1.039,0.98313975,0.49659024999999996,0.4865495,65126,32249,-4,-0.001,-4,-0.001,,1047.75579,1051.110494,1159.73186,1.004131,alpha,1008.4271318575553,0.016088133617909898
walnut_da,eight_schools_noncentered,1,0.036,0.024704365,0.016125325,0.00857904,77755,35100,-4,-0.001,-4,-0.001,,1636.164637,2815.121744,1286.707611,1.003391,tau,45449.017694444454,0.02104256494116134
walnut_da,eight_schools_noncentered,0,0.035,0.0233671025,0.014907375,0.0084597275,78066,35003,-4,-0.001,-4,-0.001,,1661.0105,2953.126541,1738.636765,1.002208,tau,47457.44285714286,0.021277002792508905
walnut_da,eight_schools_noncentered,2,0.033,0.022170505,0.014312875,0.007857629999999999,76596,34210,-4,-0.001,-4,-0.001,,1632.375012,3240.566176,1577.203635,1.004346,tau,49465.90945454545,0.02131149161836127
walnut_da,diamonds,1,8.625,5.907349,2.9092975,2.9980515,590948,305031,-4,-0.001,-4,-0.001,,4.53972,56.674155,11.156879,3.116221,b.22,0.526344347826087,7.682097240366326e-06
walnut_da,diamonds,0,10.938,7.7309,3.306115,4.424785,833096,458029,-4,-0.001,-4,-0.001,,7.626034,247.655843,12.788555,1.52215,b.22,0.6972055220332785,9.153847815857956e-06
walnut_da,diamonds,2,9.118,8.18766,4.812222500000001,3.3754375000000003,753829,321133,-4,-0.001,-4,-0.001,,7.423561,304.631649,17.879223,1.538968,b.24,0.8141654968194779,9.84780500617514e-06
walnut_da,gp_regr,2,0.093,0.08039722500000002,0.046847549999999995,0.033549675,54634,24586,-4,-0.001,-4,-0.001,,3428.059822,3725.970124,2271.179203,1.002568,alpha,36860.85830107527,0.06274590588278361
walnut_da,blr,1,0.06,0.046386199999999995,0.0269579,0.0194283,117155,48122,-4,-0.001,-4,-0.001,,4.254699,4.717497,11.389145,4.421847,sigma,70.91165,3.631683666936963e-05
walnut_da,blr,0,0.081,0.05376745,0.027955975,0.025811475,121361,58305,-4,-0.001,-4,-0.001,,4.284807,9.336163,11.103166,4.153309,sigma,52.898851851851845,3.530629279587347e-05
walnut_da,blr,2,0.123,0.06687145,0.025141675,0.041729775000000004,182975,115608,-4,-0.001,-4,-0.001,,4.357237,4.629735,11.42861,3.758918,sigma,35.42469105691057,2.3813291433255906e-05
walnut_da,accel_gp,2,1.779,1.322949,0.7044915,0.6184575,347427,162017,-4,-0.001,-4,-0.001,,4.303529,30.434661,10.922467,4.041999,Intercept_sigma,2.419071950534008,1.2386858246480557e-05
walnut_da,radon_variable_intercept_slope_noncentered,2,0.962,1.4273470775,0.9525362500000001,0.4748108275,126154,53792,-4,-0.001,-4,-0.001,,15.838251,899.059134,112.276292,1.1899,sigma_beta,16.46387837837838,0.00012554695847931892
w10_auto05,lotka_volterra,1,2.398,2.3231525,1.1402750000000001,1.1828775,126202,63793,-4,-0.001,-4,-0.001,,92.030765,1408.584237,137.944112,1.050384,theta.1,38.37813386155129,0.0007292338077051077
w10_auto05,lotka_volterra,0,3.05,2.5608899999999997,1.26161,1.29928,141578,72274,-4,-0.001,-4,-0.001,,87.016523,1515.741016,173.288956,1.050368,theta.3,28.53000754098361,0.0006146189591603215
w10_auto05,lotka_volterra,2,2.502,2.3271075,1.0949725,1.232135,129783,67840,-4,-0.001,-4,-0.001,,76.017945,1194.872477,79.547823,1.035142,theta.1,30.382871702637892,0.0005857311435241904
w10_auto05,kidscore_momiq,1,0.182,0.165971125,0.08085862499999999,0.08511250000000001,111000,53103,-4,-0.001,-4,-0.001,,415.036894,810.438769,230.462938,1.008362,beta.1,2280.422494505495,0.0037390711171171173
w10_auto05,kidscore_momiq,0,0.176,0.152104975,0.07825652500000001,0.07384845,101812,49453,-4,-0.001,-4,-0.001,,533.112847,948.773275,537.6776,1.007366,beta.1,3029.050267045455,0.0052362476623580715
w10_auto05,kidscore_momiq,2,0.162,0.1429828,0.07677765,0.06620514999999999,107465,51088,-4,-0.001,-4,-0.001,,494.024918,913.959688,627.244728,1.018699,beta.1,3049.5365308641976,0.004597077355418043
w10_auto05,radon_partially_pooled_noncentered,1,89.493,83.55564999999999,51.050425000000004,32.505224999999996,765558,344186,-4,-0.001,-4,-0.001,,760.666123,7739.084544,1568.87159,1.012847,mu_alpha,8.499727609980669,0.0009936100504468635
w10_auto05,radon_partially_pooled_noncentered,0,92.794,85.42085,52.314499999999995,33.10635,768722,344584,-4,-0.001,-4,-0.001,,577.002595,8117.854542,1093.561089,1.007708,mu_alpha,6.218102409638555,0.0007505998202210943
w10_auto05,radon_partially_pooled_noncentered,2,88.869,82.826775,50.890175,31.936600000000002,766426,344488,-4,-0.001,-4,-0.001,,516.850646,7569.733812,1193.597367,1.007645,mu_alpha,5.81587106865161,0.0006743647083997672
w10_auto05,kronecker_gp,2,91.737,74.02385000000001,46.121225,27.902625,709290,320615,-4,-0.001,-4,-0.001,,46.111766,714.760614,174.96846,1.086039,eigenvalues.20.30,0.5026517762734775,6.501116045623088e-05
w10_auto05,hier_2pl,1,192.255,176.09220000000002,100.774775,75.317425,910436,438000,-4,-0.001,-4,-0.001,,92.21931,1072.516124,97.468291,1.049646,xi2.9,0.4796718420847312,0.0001012913702885211
w10_auto05,hier_2pl,0,196.85,193.65089999999998,106.55324999999999,87.09765,999059,500000,-4,-0.001,-4,-0.001,,35.681246,497.370149,24.876517,1.087879,xi2.17,0.18126109220218442,3.571485367731035e-05
w10_auto05,hier_2pl,2,190.016,172.0811,97.2343,74.8468,897179,437904,-4,-0.001,-4,-0.001,,38.467085,456.917002,130.840139,1.082475,xi2.21,0.20244129441731223,4.2875596731532946e-05
w10_auto05,wells_dist100_model,1,1.404,0.89169,0.46536950000000005,0.42632050000000005,70908,33530,-4,-0.001,-4,-0.001,,925.163323,966.143909,835.167716,1.002613,beta.1,658.9482357549858,0.01304737579680713
w10_auto05,wells_dist100_model,0,0.909,0.7840372499999999,0.4159775,0.36805974999999996,57896,28333,-4,-0.001,-4,-0.001,,1108.757124,1195.150031,1277.067525,1.003631,beta.1,1219.754811881188,0.019150841578001933
w10_auto05,wells_dist100_model,2,0.819,0.7530665000000001,0.39417775,0.35888875,60337,29147,-4,-0.001,-4,-0.001,,1039.524262,1072.154481,1121.461382,1.003759,beta.1,1269.260393162393,0.017228636856323646
w10_auto05,eight_schools_noncentered,1,0.072,0.0526749825,0.039941225,0.0127337575,99763,41934,-4,-0.001,-4,-0.001,,1803.252956,3355.658828,1316.606241,1.003139,tau,25045.179944444448,0.018075368182592744
w10_auto05,eight_schools_noncentered,0,0.075,0.0494740025,0.038738225,0.010735777500000002,74194,33668,-4,-0.001,-4,-0.001,,1667.697317,3279.79905,1678.958473,1.003022,tau,22235.96422666667,0.02247752267029679
w10_auto05,eight_schools_noncentered,2,0.073,0.049291022500000004,0.039222900000000005,0.0100681225,104336,42432,-4,-0.001,-4,-0.001,,1560.494603,3246.229557,1083.384898,1.004227,tau,21376.638397260278,0.014956435008050913
w10_auto05,dogs_hierarchical,1,0.878,0.6841425000000001,0.32835250000000005,0.35579,49140,23881,-4,-0.001,-4,-0.001,,1533.819002,3922.892145,1680.472979,1.002446,a,1746.9464715261959,0.031213247903947902
w10_auto05,dogs_hierarchical,0,1.029,0.7079865,0.36334325,0.34464325,52195,25043,-4,-0.001,-4,-0.001,,1617.104081,3920.382079,1727.392597,1.002406,a,1571.5297191448008,0.030981973005077115
w10_auto05,dogs_hierarchical,2,2.075,0.9931917499999999,0.53036875,0.462823,72879,33456,-4,-0.001,-4,-0.001,,1507.321239,3914.574742,1798.54973,1.00407,a,726.4198742168675,0.020682518132795456
w10_auto05,bym2_offset_only,1,114.97,109.945175,93.39805000000001,16.547125,923585,438165,-4,-0.001,-4,-0.001,,137.609402,3345.380197,205.569849,1.030893,rho,1.196915734539445,0.00014899484292187507
w10_auto05,bym2_offset_only,0,108.934,103.6146075,90.375975,13.2386325,798205,345691,-4,-0.001,-4,-0.001,,96.338814,3703.09707,246.037063,1.034549,rho,0.8843778251051095,0.00012069432539259964
w10_auto05,bym2_offset_only,2,113.217,106.75054999999999,91.07305,15.6775,884554,407018,-4,-0.001,-4,-0.001,,123.671045,3599.014013,341.102065,1.028855,rho,1.0923363540811009,0.00013981175258944055
w10_auto05,pilots,1,0.166,0.142330725,0.1084155,0.033915225,163663,93234,-4,-0.001,-4,-0.001,,5.329205,237.098856,13.926315,2.057533,mu_a,32.10364457831325,3.256206350855111e-05
w10_auto05,pilots,0,0.4,0.216286775,0.14932125,0.066965525,363598,168080,-4,-0.001,-4,-0.001,,5.889295,249.67189,19.750066,1.820634,mu_a,14.723237499999998,1.619727006199154e-05
w10_auto05,pilots,2,0.167,0.1347615,0.0984599,0.0363016,199512,108041,-4,-0.001,-4,-0.001,,4.762393,180.0763,11.107569,2.618097,a.4,28.517323353293413,2.3870208308272185e-05
w10_auto05,garch11,1,0.347,0.3218875,0.16342849999999998,0.15845900000000002,99691,49552,-4,-0.001,-4,-0.001,,752.907191,1314.099315,930.308161,1.003861,alpha0,2169.7613573487033,0.007552408853356873
w10_auto05,garch11,0,0.332,0.3081265,0.16075475,0.14737175,97114,46273,-4,-0.001,-4,-0.001,,823.931011,1368.521453,974.528515,1.003314,alpha0,2481.7199126506025,0.008484163055790103
w10_auto05,garch11,2,0.35,0.3114685,0.15755225,0.15391625,101500,51680,-4,-0.001,-4,-0.001,,962.098565,1462.691874,1191.294957,1.003756,alpha0,2748.853042857143,0.009478803596059113
w10_auto05,logmesquite_logvash,1,0.19,0.113364375,0.062386925,0.050977449999999994,194615,94922,-4,-0.001,-4,-0.001,,150.918541,451.008619,295.552298,1.004507,beta.2,794.3081105263158,0.0007754722965855664
w10_auto05,logmesquite_logvash,0,0.156,0.1078629,0.060632975,0.047229925,173239,81369,-4,-0.001,-4,-0.001,,161.763154,446.293473,288.04035,1.031199,beta.2,1036.9432948717947,0.0009337571447537794
w10_auto05,logmesquite_logvash,2,0.105,0.096414675,0.055748599999999995,0.040666075,164761,80818,-4,-0.001,-4,-0.001,,190.090216,477.635753,483.324841,1.015821,beta.2,1810.3830095238095,0.0011537330800371448
w10_auto05,diamonds,1,7.081,6.449330000000001,3.5504975,2.8988325,657146,301589,-4,-0.001,-4,-0.001,,7.469603,483.752695,27.599263,1.563448,b.23,1.0548796780115803,1.1366732811277859e-05
w10_auto05,diamonds,0,7.679,7.1928025,3.9115575000000002,3.281245,730936,340849,-4,-0.001,-4,-0.001,,9.918294,679.554633,18.98659,1.356922,b.23,1.2916127099882797,1.3569305657403657e-05
w10_auto05,diamonds,2,7.079,6.91,3.736285,3.1737150000000005,730749,342925,-4,-0.001,-4,-0.001,,7.511508,591.149276,23.244499,1.502114,b.23,1.0610973301313746,1.02791902554776e-05
w10_auto05,gp_regr,1,0.179,0.10488700000000001,0.056466525000000004,0.048420475,78179,36797,-4,-0.001,-4,-0.001,,2175.331826,2788.47647,2418.559465,1.002987,alpha,12152.69176536313,0.027825014722623723
w10_auto05,gp_regr,0,0.082,0.07212335,0.0389997,0.033123650000000004,53879,26692,-4,-0.001,-4,-0.001,,2711.780787,3159.38286,2511.705244,1.001116,sigma,33070.497402439025,0.05033094131294197
w10_auto05,gp_regr,2,0.114,0.086834275,0.051311075,0.035523200000000005,60629,28342,-4,-0.001,-4,-0.001,,2173.516944,2682.267966,2479.525891,1.002508,sigma,19065.938105263158,0.03584946055517987
w10_auto05,lsat_model,1,46.388,45.81662250000001,35.934475,9.882147499999999,621682,252000,-4,-0.001,-4,-0.001,,1504.522201,10366.957101,1782.32992,1.009456,beta,32.433435392773994,0.00242008325960861
w10_auto05,lsat_model,0,47.155,43.808685000000004,35.09315,8.715535,556819,220000,-4,-0.001,-4,-0.001,,1372.873028,8975.129539,2070.191131,1.008206,beta,29.114050005301664,0.002465564264150469
w10_auto05,lsat_model,2,45.914,45.51692750000001,35.746024999999996,9.770902500000002,622415,252000,-4,-0.001,-4,-0.001,,1227.077229,10797.102099,1988.855634,1.008276,beta,26.72555710676482,0.0019714775977442704
w10_auto05,eight_schools_centered,1,0.062,0.052839675,0.03846445,0.014375224999999998,154618,81765,-4,-0.001,-4,-0.001,,83.250632,331.445665,97.638018,1.042401,tau,1342.752129032258,0.0005384278156488895
w10_auto05,eight_schools_centered,0,0.072,0.060814049999999995,0.0452394,0.01557465,191661,80896,-4,-0.001,-4,-0.001,,60.370804,380.423405,67.014551,1.058576,tau,838.483388888889,0.0003149874204976495
w10_auto05,eight_schools_centered,2,0.074,0.054129800000000006,0.037821850000000004,0.01630795,168696,90346,-4,-0.001,-4,-0.001,,76.326395,316.428705,50.019192,1.024193,tau,1031.4377702702704,0.00045244934675392424
w10_auto05,arma11,1,0.143,0.11207624999999999,0.0615372,0.05053905,59211,28607,-4,-0.001,-4,-0.001,,923.165088,2005.999849,1496.577894,1.003671,theta,6455.699916083917,0.015591107868470386
w10_auto05,arma11,0,0.137,0.123417325,0.0672338,0.056183525,58364,28553,-4,-0.001,-4,-0.001,,1140.046338,2075.218774,1622.94024,1.003418,theta,8321.506116788321,0.019533382530326916
w10_auto05,arma11,2,0.138,0.118092775,0.06316440000000001,0.054928374999999995,60241,29054,-4,-0.001,-4,-0.001,,864.245674,2045.731571,1093.006945,1.003322,theta,6262.649811594202,0.014346469580518252
w10_auto05,blr,1,0.228,0.15265135,0.08760865,0.0650427,407180,183753,-4,-0.001,-4,-0.001,,544.505682,2457.474459,454.953681,1.010001,sigma,2388.1828157894734,0.00133726038115821
w10_auto05,blr,0,0.233,0.14127035,0.080574425,0.060695925,358105,162523,-4,-0.001,-4,-0.001,,765.687505,2451.570293,800.255318,1.005236,sigma,3286.2124678111586,0.002138164798034096
w10_auto05,blr,2,0.15,0.136861375,0.075673875,0.0611875,377345,178864,-4,-0.001,-4,-0.001,,722.952155,2808.931195,841.647535,1.003578,sigma,4819.681033333333,0.0019158917038784135
w10_auto05,low_dim_gauss_mix,1,9.405,5.768587500000001,3.0578325,2.7107550000000002,122531,58510,-4,-0.001,-4,-0.001,,1239.076785,1911.437635,1518.189797,1.003573,sigma.2,131.74660127591707,0.01011235348605659
w10_auto05,low_dim_gauss_mix,0,4.911,4.6205525000000005,2.25666,2.3638925000000004,97950,51283,-4,-0.001,-4,-0.001,,1248.699155,2029.948982,1603.403403,1.002648,sigma.1,254.26576155569134,0.012748332363450741
w10_auto05,low_dim_gauss_mix,2,4.864,4.338835,2.187405,2.15143,94806,46830,-4,-0.001,-4,-0.001,,809.917106,1656.979299,1287.566771,1.00347,sigma.1,166.5125629111842,0.008542888699027487
w10_auto05,radon_variable_intercept_slope_noncentered,1,14.847,14.033975000000002,11.55915,2.474825,543427,218278,-4,-0.001,-4,-0.001,,676.174451,6312.764066,638.731951,1.004891,sigma_beta,45.54283363642487,0.0012442783501739885
w10_auto05,radon_variable_intercept_slope_noncentered,0,15.099,12.6549975,10.8781,1.7768975,418151,153794,-4,-0.001,-4,-0.001,,432.159744,5378.286106,245.002443,1.010828,sigma_beta,28.621746075899065,0.0010335016393599441
w10_auto05,radon_variable_intercept_slope_noncentered,2,14.93,13.2867425,11.12065,2.1660924999999995,472162,186302,-4,-0.001,-4,-0.001,,592.910611,6221.344044,446.453231,1.007222,sigma_beta,39.712700000000005,0.0012557355547460406
w7_batch_250,lotka_volterra,1,9.622,5.825046,1.6665710000000002,4.158475,174768,146252,-4,-0.001,-4,-0.001,,4.937548,10.257643,4.032258,2.369377,z.5.2,0.5131519434628975,2.8252014098690832e-05
w7_batch_250,lotka_volterra,0,4.746,3.4843780000000004,1.2078579999999999,2.27652,141653,117807,-4,-0.001,-4,-0.001,,9.57961,32.576095,104.932488,1.342029,sigma.1,2.0184597555836494,6.762730051604978e-05
w7_batch_250,lotka_volterra,2,6.758,3.71549925,1.18630675,2.5291924999999997,146564,110989,-4,-0.001,-4,-0.001,,7.551041,10.079914,4.974921,1.492796,z.1.1,1.117348475880438,5.152043475887667e-05
w7_batch_250,kidscore_momiq,1,0.216,0.205757525,0.043108525,0.162649,160004,128000,-4,-0.001,-4,-0.001,,4.032258,4.032258,inf,-inf,beta.1,18.667861111111108,2.520098247543811e-05
w7_batch_250,kidscore_momiq,0,0.239,0.224314175,0.047568175000000004,0.17674600000000001,160004,128000,-4,-0.001,-4,-0.001,,4.032258,4.032258,inf,-inf,beta.1,16.87137238493724,2.520098247543811e-05
w7_batch_250,kidscore_momiq,2,0.232,0.219046475,0.042777725,0.17626874999999997,160004,128000,-4,-0.001,-4,-0.001,,4.032258,4.032258,inf,-inf,beta.1,17.380422413793102,2.520098247543811e-05
w7_batch_250,radon_partially_pooled_noncentered,1,16.056,15.2480425,3.1413175,12.106725,160283,127965,-4,-0.001,-4,-0.001,,4.039343,4.28561,4.032258,24.253605,alpha_raw.6,0.2515784130543099,2.520131891716526e-05
w7_batch_250,radon_partially_pooled_noncentered,0,16.349,15.862987500000001,3.1790374999999997,12.68395,160004,128000,-4,-0.001,-4,-0.001,,4.032258,4.032258,inf,-inf,alpha_raw.1,0.24663636919689275,2.520098247543811e-05
w7_batch_250,radon_partially_pooled_noncentered,2,17.427,16.961765,3.3855399999999998,13.576225,160050,128000,-4,-0.001,-4,-0.001,,4.032258,4.032258,inf,-inf,alpha_raw.1,0.23137992769839902,2.5193739456419867e-05
w7_batch_250,kronecker_gp,1,32.17,19.139467500000002,3.7359175,15.40355,199967,161013,-4,-0.001,-4,-0.001,,4.07852,5.417392,4.032258,10.944556,Sigma1.7.1,0.12678023002797636,2.0395965334280157e-05
w7_batch_250,kronecker_gp,0,28.457,20.506457500000003,3.4062,17.1002575,235501,192560,-4,-0.001,-4,-0.001,,5.548546,19.589815,4.032258,1.9776,L.8.1,0.1949800049197034,2.3560604838196015e-05
w7_batch_250,hier_2pl,1,265.282,119.31342249999999,9.208222500000002,110.1052,402049,369977,-4,-0.001,-4,-0.001,,4.267281,5.963557,4.032258,4.904489,xi1.6,0.016085829419259505,1.0613833139741673e-05
w7_batch_250,hier_2pl,0,116.923,64.6284975,8.863872500000001,55.764625,238480,206454,-4,-0.001,-4,-0.001,,4.076668,4.75044,4.032258,9.760039,theta.425,0.034866262412014744,1.7094381080174438e-05
w7_batch_250,hier_2pl,2,191.215,97.023325,10.688999999999998,86.334325,270302,238168,-4,-0.001,-4,-0.001,,4.336981,6.768576,4.032258,4.06157,xi1.14,0.022681175639986402,1.604494602333686e-05
w7_batch_250,wells_dist100_model,1,0.561,0.479638275,0.133252525,0.34638574999999994,37267,26658,-4,-0.001,-4,-0.001,,826.090749,833.049777,1236.306917,1.004432,alpha,1472.5325294117645,0.022166816459602327
w7_batch_250,wells_dist100_model,0,0.479,0.45177702500000005,0.099845775,0.35193125,34653,26809,-4,-0.001,-4,-0.001,,762.762021,779.80049,1016.221212,1.004585,beta.1,1592.4050542797495,0.022011428188035666
w7_batch_250,wells_dist100_model,2,0.514,0.47295575,0.112675,0.36028075000000004,35855,27658,-4,-0.001,-4,-0.001,,893.400032,927.706812,1294.2896,1.005038,beta.1,1738.1323579766536,0.024917027806442615
w7_batch_250,eight_schools_noncentered,1,0.018,0.00992177,0.00202538,0.00789639,46017,36345,-4,-0.001,-4,-0.001,,1698.287742,2697.758689,1406.983058,1.002903,tau,94349.319,0.036905659690983764
w7_batch_250,eight_schools_noncentered,0,0.019,0.0104963075,0.0022032325,0.008293075,45223,35616,-4,-0.001,-4,-0.001,,1520.288074,2600.175798,1601.593406,1.001788,tau,80015.16178947368,0.03361758560909272
w7_batch_250,eight_schools_noncentered,2,0.025,0.0113600375,0.0025317424999999998,0.008828295,45650,36085,-4,-0.001,-4,-0.001,,1384.354936,2618.265768,1554.92379,1.003912,tau,55374.197439999996,0.030325409331872947
w7_batch_250,dogs_hierarchical,1,0.572,0.41779815,0.08408115000000001,0.333717,29792,23169,-4,-0.001,-4,-0.001,,1525.643477,3921.431583,1885.142337,1.002688,a,2667.208875874126,0.051209837439581095
w7_batch_250,dogs_hierarchical,0,0.607,0.42461555,0.1005008,0.32411475,30866,23127,-4,-0.001,-4,-0.001,,1559.330679,3919.005638,1772.841836,1.005603,a,2568.9138039538716,0.050519363668761745
w7_batch_250,dogs_hierarchical,2,0.778,0.5590500500000001,0.1417343,0.41731575000000004,33368,24165,-4,-0.001,-4,-0.001,,1306.535001,3905.850722,1353.227495,1.004311,a,1679.3509010282776,0.03915532848837209
w7_batch_250,bym2_offset_only,1,9.86,5.9455659999999995,1.2309885,4.7145775,160004,128000,-4,-0.001,-4,-0.001,,4.032258,4.032258,inf,-inf,beta0,0.40895111561866127,2.520098247543811e-05
w7_batch_250,bym2_offset_only,0,8.813,6.097807500000001,1.2122350000000002,4.8855725,160004,128000,-4,-0.001,-4,-0.001,,4.032258,4.032258,inf,-inf,beta0,0.45753523204357194,2.520098247543811e-05
w7_batch_250,bym2_offset_only,2,11.04,7.359055,1.60881,5.750245,160004,128000,-4,-0.001,-4,-0.001,,4.032258,4.032258,inf,-inf,beta0,0.3652407608695652,2.520098247543811e-05
w7_batch_250,pilots,1,0.124,0.080691875,0.01808355,0.062608325,257167,197515,-4,-0.001,-4,-0.001,,4.921243,536.808502,11.987044,2.423707,mu_a,39.687443548387094,1.9136370529655824e-05
w7_batch_250,pilots,0,0.112,0.0816182,0.018369525,0.063248675,262526,200939,-4,-0.001,-4,-0.001,,4.583376,200.710606,11.259819,2.918129,a.3,40.923,1.745875075230644e-05
w7_batch_250,pilots,2,0.147,0.094859275,0.020416975,0.0744423,242638,189403,-4,-0.001,-4,-0.001,,4.426933,503.486723,13.274905,3.399869,a.5,30.115190476190477,1.82450110864745e-05
w7_batch_250,garch11,1,0.175,0.157814875,0.034541125,0.12327374999999999,47457,36303,-4,-0.001,-4,-0.001,,781.350476,1116.043911,934.728869,1.00712,alpha0,4464.859862857143,0.016464388309416943
w7_batch_250,garch11,0,0.159,0.150749625,0.035428125,0.11532150000000001,49145,37107,-4,-0.001,-4,-0.001,,967.20185,1260.584597,1458.616623,1.005138,alpha0,6083.030503144654,0.01968057482958592
w7_batch_250,garch11,2,0.197,0.1828029,0.044426400000000005,0.13837649999999999,48880,37111,-4,-0.001,-4,-0.001,,830.120496,1136.664132,1120.21061,1.002348,alpha0,4213.809624365482,0.016982825204582653
w7_batch_250,logmesquite_logvash,1,0.076,0.060221225,0.014168825000000001,0.0460524,133214,101257,-4,-0.001,-4,-0.001,,128.230801,242.15063,93.602838,1.038505,beta.3,1687.2473815789476,0.0009625925278123922
w7_batch_250,logmesquite_logvash,0,0.09,0.069973675,0.0172146,0.052759074999999996,149358,110756,-4,-0.001,-4,-0.001,,7.356564,12.275766,4.032258,1.535934,beta.4,81.7396,4.925456955770699e-05
w7_batch_250,logmesquite_logvash,2,0.098,0.07509045,0.01903525,0.0560552,157999,120051,-4,-0.001,-4,-0.001,,7.251063,9.489789,4.032258,1.547637,beta.4,73.9904387755102,4.5893094260090255e-05
w7_batch_250,diamonds,1,1.554,1.487075,0.30872,1.178355,160072,128000,-4,-0.001,-4,-0.001,,4.032258,4.032258,inf,-inf,b.1,2.5947606177606173,2.5190276875406067e-05
w7_batch_250,diamonds,0,1.509,1.46900525,0.30357025,1.165435,160004,128000,-4,-0.001,-4,-0.001,,4.032258,4.032258,inf,-inf,b.1,2.6721391650099404,2.520098247543811e-05
w7_batch_250,diamonds,2,4.151,2.24983875,0.34010625000000005,1.9097325,229191,195698,-4,-0.001,-4,-0.001,,4.059733,4.160138,4.032258,17.730284,b_Intercept,0.9780132498193206,1.7713317713173727e-05
w7_batch_250,gp_regr,1,0.06,0.04111554,0.007552565000000001,0.033562975,30311,23944,-4,-0.001,-4,-0.001,,3785.798635,3928.245116,2684.296952,1.001307,alpha,63096.64391666667,0.12489850664775165
w7_batch_250,gp_regr,0,0.046,0.039232407500000004,0.0079582825,0.031274125,30949,24269,-4,-0.001,-4,-0.001,,3566.151967,3731.287307,2306.210123,1.002049,sigma,77525.04276086956,0.11522672677630941
w7_batch_250,gp_regr,2,0.074,0.063345325,0.013193274999999999,0.050152050000000004,30819,24265,-4,-0.001,-4,-0.001,,3322.466881,3494.59816,2411.550014,1.00117,sigma,44898.201094594595,0.10780579775463188
w7_batch_250,lsat_model,1,5.624,5.2108025,1.2975225,3.9132800000000003,132035,99841,-4,-0.001,-4,-0.001,,349.18761,1539.903348,553.018021,1.013802,beta,62.08883534850641,0.00264465944635892
w7_batch_250,lsat_model,0,7.407,6.048665,1.5778925,4.4707725,155951,115856,-4,-0.001,-4,-0.001,,7.231693,42.447969,4.032258,1.53992,alpha.5,0.97633225327393,4.637157183987278e-05
w7_batch_250,lsat_model,2,26.048,11.35489,1.5618999999999998,9.79299,268441,231917,-4,-0.001,-4,-0.001,,6.656891,28.71754,4.032258,1.63117,a.1,0.2555624616093366,2.4798339299883402e-05
w7_batch_250,eight_schools_centered,1,0.026,0.016138004999999997,0.00287498,0.013263025000000001,101947,84316,-4,-0.001,-4,-0.001,,34.142365,216.031084,35.795813,1.093921,tau,1313.1678846153845,0.0003349030868980941
w7_batch_250,eight_schools_centered,0,0.022,0.013805497499999998,0.002847635,0.0109578625,86686,69848,-4,-0.001,-4,-0.001,,133.630828,345.162536,113.882755,1.017382,tau,6074.128545454546,0.0015415502849364373
w7_batch_250,eight_schools_centered,2,0.026,0.0159144175,0.0031092425,0.012805175000000002,86360,69619,-4,-0.001,-4,-0.001,,73.810326,356.554048,43.377336,1.062955,tau,2838.8586923076928,0.0008546818666049097
w7_batch_250,arma11,1,0.354,0.32148869999999996,0.06451495,0.25697375,160004,128000,-4,-0.001,-4,-0.001,,4.032258,4.032258,inf,-inf,mu,11.390559322033898,2.520098247543811e-05
w7_batch_250,arma11,0,0.322,0.29578540000000003,0.05912915,0.23665624999999998,160004,128000,-4,-0.001,-4,-0.001,,4.032258,4.032258,inf,-inf,mu,12.522540372670806,2.520098247543811e-05
w7_batch_250,blr,1,0.054,0.04839082,0.00958957,0.038801249999999995,160004,128000,-4,-0.001,-4,-0.001,,4.032258,4.032258,inf,-inf,beta.1,74.67144444444443,2.520098247543811e-05
w7_batch_250,blr,0,0.068,0.0549889175,0.0106233675,0.044365550000000004,160004,128000,-4,-0.001,-4,-0.001,,4.032258,4.032258,inf,-inf,beta.1,59.29791176470587,2.520098247543811e-05
w7_batch_250,blr,2,0.064,0.055173707499999995,0.0111837325,0.043989975,160004,128000,-4,-0.001,-4,-0.001,,4.032258,4.032258,inf,-inf,beta.1,63.00403125,2.520098247543811e-05
w7_batch_250,low_dim_gauss_mix,1,8.367,6.700617500000001,1.5225275,5.17809,130004,100921,-4,-0.001,-4,-0.001,,4.433791,4.907098,4.032258,3.408557,theta,0.5299140671686386,3.4105035229685244e-05
w7_batch_250,low_dim_gauss_mix,0,9.272,4.4906135,1.370046,3.1205675,96674,68029,-4,-0.001,-4,-0.001,,7.169199,7.810463,26.395307,1.532521,mu.2,0.7732095556514236,7.415850176883132e-05
w7_batch_250,low_dim_gauss_mix,2,8.734,5.81628225,1.5374572499999999,4.278825,117480,86702,-4,-0.001,-4,-0.001,,7.199453,7.245594,4.032258,1.528191,sigma.1,0.8243019235172888,6.128237146748382e-05
w7_batch_250,accel_gp,1,4.282,1.59700775,0.3394045,1.2576032499999998,386067,308911,-4,-0.001,-4,-0.001,,4.153563,5.724745,4.032258,13.360314,lscale_sigma_1,0.9700053713218123,1.0758658471198006e-05
w7_batch_250,accel_gp,0,0.861,0.6419445,0.12878475,0.51315975,160004,128000,-4,-0.001,-4,-0.001,,4.032258,4.032258,inf,-inf,Intercept,4.683226480836237,2.520098247543811e-05
w7_batch_250,accel_gp,2,0.792,0.7612812499999999,0.13500050000000002,0.62628075,160004,128000,-4,-0.001,-4,-0.001,,4.032258,4.032258,inf,-inf,Intercept,5.091234848484848,2.520098247543811e-05
w7_batch_250,radon_variable_intercept_slope_noncentered,1,1.879,1.5983530000000001,0.34472125,1.25363175,143829,113229,-4,-0.001,-4,-0.001,,4.08046,5.026042,4.032258,9.826808,alpha.26,2.1716125598722726,2.837021741095329e-05
w7_batch_250,radon_variable_intercept_slope_noncentered,0,1.843,1.32191525,0.35081799999999996,0.9710972499999999,109923,81830,-4,-0.001,-4,-0.001,,7.138531,17.72437,4.032258,1.554562,sigma_alpha,3.8733212154096583,6.494119520027656e-05
w7_batch_250,radon_variable_intercept_slope_noncentered,2,2.222,1.84796475,0.380559,1.4674057500000002,143643,113392,-4,-0.001,-4,-0.001,,4.355401,7.075695,4.032258,4.376698,beta.25,1.9601264626462644,3.0321011117840755e-05
nutpie,lotka_volterra,1,4.237,0.0,,,262304,262304,0,0.0,0,0.0,,730.80285,2749.576256,1040.50911,1.007764,theta.1,172.48120132168987,0.0027860911385262904
nutpie,lotka_volterra,0,4.324,0.0,,,253520,253520,0,0.0,0,0.0,,578.261371,2568.390276,661.315283,1.005904,theta.4,133.73297201665127,0.002280929989744399
nutpie,lotka_volterra,2,1162.886,0.0,,,4287120,4287120,0,0.0,4000,1.0,,6.736976,8.371384,11.029796,1.593144,sigma.1,0.005793324539120774,1.571445632499207e-06
nutpie,kidscore_momiq,1,0.271,0.0,,,167176,167176,0,0.0,0,0.0,,510.61609,835.578636,755.360305,1.005918,beta.1,1884.19221402214,0.003054362408479686
nutpie,kidscore_momiq,0,0.257,0.0,,,173680,173680,0,0.0,0,0.0,,695.507136,1055.745147,792.200017,1.005445,beta.2,2706.253447470817,0.004004532105020727
nutpie,kidscore_momiq,2,0.381,0.0,,,171392,171392,0,0.0,0,0.0,,537.348298,844.697371,777.573454,1.003047,beta.2,1410.3629868766404,0.003135200581123973
nutpie,radon_partially_pooled_noncentered,1,21.9,0.0,,,239840,239840,0,0.0,0,0.0,,616.790212,8103.818908,1193.816892,1.007918,mu_alpha,28.163936621004567,0.0025716736657771847
nutpie,radon_partially_pooled_noncentered,0,24.59,0.0,,,239968,239968,0,0.0,0,0.0,,637.850379,7821.51319,1170.612207,1.007062,sigma_alpha,25.939421675477835,0.0026580643210761434
nutpie,radon_partially_pooled_noncentered,2,22.143,0.0,,,239904,239904,0,0.0,0,0.0,,413.621413,7671.131895,800.292941,1.012582,mu_alpha,18.679556202863207,0.0017241121990462852
nutpie,kronecker_gp,1,292.846,0.0,,,3564048,3564048,32,0.008,0,0.0,,407.499793,2035.153794,727.061599,1.011161,Sigma1.1.5,1.391515653278515,0.00011433622470853367
nutpie,kronecker_gp,0,469.115,0.0,,,4587476,4587476,44,0.011,0,0.0,,397.928023,2046.663665,896.158444,1.004468,var1,0.8482526097012459,8.674225718020105e-05
nutpie,kronecker_gp,2,468.203,0.0,,,6233788,6233788,24,0.006,0,0.0,,439.104028,1957.190646,1007.108518,1.014323,Sigma1.1.7,0.9378496677723126,7.043935854090643e-05
nutpie,hier_2pl,1,32.203,0.0,,,240000,240000,0,0.0,0,0.0,,896.595992,5006.156916,933.37474,1.007366,xi1.32,27.842002049498493,0.0037358166333333336
nutpie,hier_2pl,0,31.891,0.0,,,240000,240000,0,0.0,0,0.0,,865.087711,4863.351741,943.478488,1.007019,xi2.21,27.126390235489637,0.0036045321291666666
nutpie,hier_2pl,2,32.788,0.0,,,240000,240000,0,0.0,0,0.0,,813.030238,4883.563945,842.114013,1.010796,xi2.9,24.796579175308043,0.0033876259916666668
nutpie,wells_dist100_model,1,0.54,0.0,,,61720,61720,0,0.0,0,0.0,,1048.717825,1062.822757,1480.024352,1.002925,beta.1,1942.0700462962961,0.016991539614387555
nutpie,wells_dist100_model,0,0.499,0.0,,,62184,62184,0,0.0,0,0.0,,1252.790313,1258.301867,1869.085588,1.002548,beta.1,2510.6018296593184,0.02014650574102663
nutpie,wells_dist100_model,2,0.549,0.0,,,61904,61904,0,0.0,0,0.0,,1165.451662,1168.128649,1412.513581,1.001954,beta.1,2122.862772313297,0.018826758561643835
nutpie,eight_schools_noncentered,1,0.052,0.0,,,104928,104928,28,0.007,0,0.0,,2251.497012,4695.749201,1571.39719,1.002635,tau,43298.01946153846,0.021457542429094235
nutpie,eight_schools_noncentered,0,0.082,0.0,,,106288,106288,0,0.0,0,0.0,,2145.441685,4857.025387,1795.562843,1.002279,tau,26163.922987804875,0.020185173161598673
nutpie,eight_schools_noncentered,2,0.103,0.0,,,105744,105744,4,0.001,0,0.0,,2267.654004,4896.609019,1779.971713,1.003385,tau,22016.058291262136,0.02144475340444848
nutpie,dogs_hierarchical,1,0.698,0.0,,,52192,52192,0,0.0,0,0.0,,2250.183264,3928.140163,2329.34808,1.002436,b,3223.758257879656,0.043113566523605144
nutpie,dogs_hierarchical,0,0.681,0.0,,,53016,53016,0,0.0,0,0.0,,2243.460827,3918.573407,2419.8387,1.00227,a,3294.362447870778,0.04231667472083899
nutpie,dogs_hierarchical,2,0.814,0.0,,,51224,51224,0,0.0,0,0.0,,2300.064273,3931.887419,1945.481959,1.003392,b,2825.631785012285,0.04490208248086834
nutpie,bym2_offset_only,1,467.61,0.0,,,4843264,4843264,0,0.0,4000,1.0,,6.695296,20.045704,4.032258,1.60074,eta.1317,0.014318119800688608,1.3823933611713093e-06
nutpie,bym2_offset_only,0,34.445,0.0,,,1008768,1008768,0,0.0,0,0.0,,434.752534,4548.974051,1045.190636,1.008785,rho,12.621644186384092,0.0004309737561064586
nutpie,bym2_offset_only,2,33.352,0.0,,,1001728,1001728,0,0.0,0,0.0,,456.92246,4466.039413,624.898379,1.015625,sigma,13.700001798992565,0.0004561342599987222
nutpie,pilots,1,0.262,0.0,,,539052,539052,1264,0.316,16,0.004,,7.978074,142.749258,16.937371,1.474919,b.1,30.450664122137404,1.4800193673337637e-05
nutpie,pilots,0,0.308,0.0,,,623408,623408,1180,0.295,88,0.022,,35.488108,230.587514,26.360744,1.24059,b.8,115.22112987012986,5.692597464260965e-05
nutpie,pilots,2,0.256,0.0,,,554904,554904,1032,0.258,52,0.013,,19.237753,192.188727,43.545926,1.38184,b.8,75.14747265625,3.4668614751380424e-05
nutpie,garch11,1,0.614,0.0,,,103280,103280,0,0.0,0,0.0,,1522.012491,1900.973439,1861.767542,1.001832,alpha0,2478.8477052117264,0.01473675920797831
nutpie,garch11,0,0.47,0.0,,,104344,104344,0,0.0,0,0.0,,1464.401874,1922.977464,1664.283369,1.001907,alpha0,3115.748668085106,0.014034365885915816
nutpie,garch11,2,0.529,0.0,,,100080,100080,0,0.0,0,0.0,,1327.997625,1729.294315,1330.355732,1.000921,alpha0,2510.392485822306,0.013269360761390887
nutpie,logmesquite_logvash,1,0.211,0.0,,,332392,332392,0,0.0,0,0.0,,738.369543,1331.923903,927.18656,1.005954,beta.2,3499.3817203791473,0.0022213818112349275
nutpie,logmesquite_logvash,0,0.213,0.0,,,340984,340984,0,0.0,0,0.0,,717.917999,1321.174182,756.42715,1.004758,beta.2,3370.5070375586856,0.002105430163878657
nutpie,logmesquite_logvash,2,0.214,0.0,,,345104,345104,0,0.0,0,0.0,,650.033452,1279.711681,940.106551,1.005453,beta.2,3037.539495327103,0.0018835871273587092
nutpie,diamonds,1,20.795,0.0,,,3898496,3898496,0,0.0,20,0.005,,417.673082,2394.780759,640.969276,1.009766,b.22,20.085264823274827,0.0001071369784655416
nutpie,diamonds,0,20.368,0.0,,,3913728,3913728,0,0.0,8,0.002,,386.50031,2408.02298,449.90299,1.008568,b.22,18.97585968185389,9.875502589858059e-05
nutpie,diamonds,2,20.196,0.0,,,3915392,3915392,0,0.0,28,0.007,,414.025939,2525.694558,614.269739,1.00643,b.22,20.500393097643094,0.00010574316415827585
nutpie,gp_regr,1,0.079,0.0,,,46672,46672,0,0.0,0,0.0,,5273.259089,5630.887413,3055.292649,1.000954,rho,66750.11505063291,0.1129854964218375
nutpie,gp_regr,0,0.089,0.0,,,46600,46600,0,0.0,0,0.0,,5082.214078,5367.733323,2354.105501,1.001607,rho,57103.528966292135,0.10906038793991417
nutpie,gp_regr,2,0.086,0.0,,,46560,46560,0,0.0,0,0.0,,5915.412411,6437.079316,2929.25358,1.001799,sigma,68783.86524418606,0.1270492356314433
nutpie,lsat_model,1,7.937,0.0,,,240000,240000,0,0.0,0,0.0,,882.605392,6792.411624,1703.758696,1.00931,beta,111.20138490613583,0.003677522466666667
nutpie,lsat_model,0,8.398,0.0,,,240000,240000,0,0.0,0,0.0,,1020.726975,7099.84435,1523.935594,1.007421,beta,121.54405513217434,0.0042530290625
nutpie,lsat_model,2,9.776,0.0,,,240000,240000,0,0.0,0,0.0,,1032.173702,7088.462259,1837.399104,1.007294,beta,105.58241632569559,0.004300723758333334
nutpie,eight_schools_centered,1,0.096,0.0,,,264864,264864,28,0.007,0,0.0,,220.808926,609.523439,245.232725,1.011033,tau,2300.0929791666667,0.0008336690754500424
nutpie,eight_schools_centered,0,0.056,0.0,,,161752,161752,40,0.01,0,0.0,,140.207278,556.403602,140.620206,1.01621,tau,2503.7013928571428,0.0008668039838765518
nutpie,eight_schools_centered,2,0.065,0.0,,,192360,192360,40,0.01,0,0.0,,192.309132,786.79421,44.611437,1.042621,tau,2958.6020307692306,0.0009997355583281347
nutpie,arma11,1,0.237,0.0,,,44144,44144,4000,1.0,0,0.0,,7.16561,7.18784,4.032258,1.52786,phi,30.23464135021097,0.00016232353207683943
nutpie,arma11,0,0.185,0.0,,,52896,52896,0,0.0,0,0.0,,4934.286154,5511.141057,3182.247638,1.001654,theta,26671.817048648652,0.09328278421808833
nutpie,arma11,2,0.196,0.0,,,51832,51832,0,0.0,0,0.0,,5544.124298,6024.67583,3070.255667,1.002721,theta,28286.34845918367,0.10696334885784843
nutpie,blr,1,0.061,0.0,,,88696,88696,0,0.0,0,0.0,,633.060818,828.560416,1230.361437,1.008282,beta.4,10378.046196721312,0.007137422409127808
nutpie,blr,0,0.106,0.0,,,89736,89736,0,0.0,0,0.0,,715.478568,939.486452,1349.04254,1.003424,beta.4,6749.797811320755,0.007973149772666489
nutpie,blr,2,0.142,0.0,,,89856,89856,0,0.0,0,0.0,,685.964834,879.854242,1035.690736,1.004346,beta.3,4830.738267605634,0.007634045962428775
nutpie,low_dim_gauss_mix,1,2.418,0.0,,,66680,66680,0,0.0,0,0.0,,2744.898007,4699.48662,2835.947634,1.001498,mu.1,1135.1935512820512,0.041165237057588476
nutpie,low_dim_gauss_mix,0,2.411,0.0,,,68600,68600,0,0.0,0,0.0,,2601.674815,4693.367457,3003.680197,1.00242,mu.1,1079.0853649937785,0.0379252888483965
nutpie,low_dim_gauss_mix,2,2.269,0.0,,,67760,67760,0,0.0,0,0.0,,2608.949141,4570.413955,2950.895975,1.001498,mu.1,1149.82333230498,0.03850279133707202
nutpie,accel_gp,1,21.23,0.0,,,6778232,6778232,432,0.108,92,0.023,,510.638972,2256.15705,285.995195,1.00537,Intercept,24.05270711257654,7.533512750817617e-05
nutpie,accel_gp,0,21.931,0.0,,,6757764,6757764,372,0.093,56,0.014,,726.75752,2598.866405,678.66322,1.004921,Intercept,33.138366695545116,0.000107544081148735
nutpie,accel_gp,2,21.711,0.0,,,6778228,6778228,364,0.091,52,0.013,,748.865701,2548.752254,661.645685,1.006553,Intercept,34.49245548339552,0.00011048104327561715
nutpie,radon_variable_intercept_slope_noncentered,1,3.03,0.0,,,232320,232320,0,0.0,0,0.0,,681.915576,6056.655531,687.244092,1.006597,sigma_beta,225.05464554455446,0.002935242665289256
nutpie,radon_variable_intercept_slope_noncentered,0,2.846,0.0,,,232984,232984,4,0.001,0,0.0,,708.927405,5990.9565,769.599759,1.010247,sigma_beta,249.09606640899509,0.003042815837139031
nutpie,radon_variable_intercept_slope_noncentered,2,3.049,0.0,,,223008,223008,0,0.0,0,0.0,,854.733472,5656.816722,853.833773,1.008739,sigma_beta,280.3323948835684,0.0038327480269766106
w4_init_fix,lotka_volterra,1,36.932,11.1885175,5.733582499999999,5.454935,168486,81414,-4,-0.001,-4,-0.001,,6.736255,7.175002,11.35182,1.644854,z.1.2,0.18239616051120977,3.9981096352219174e-05
w4_init_fix,lotka_volterra,0,7.978,5.78258,3.371085,2.4114949999999995,244783,120840,-4,-0.001,-4,-0.001,,7.418096,24.708514,44.809574,1.501639,z.12.1,0.9298190022562046,3.0304784237467474e-05
w4_init_fix,lotka_volterra,2,5.108,3.3986,1.940675,1.457925,179135,81144,-4,-0.001,-4,-0.001,,196.622471,1594.216618,310.657104,1.016131,theta.3,38.49304444009397,0.0010976217433778994
w4_init_fix,kidscore_momiq,1,0.701,0.327391125,0.136134275,0.19125685,244008,139086,-4,-0.001,-4,-0.001,,4.397976,4.59849,11.236308,3.526859,beta.1,6.273860199714694,1.802390085570965e-05
w4_init_fix,kidscore_momiq,0,0.724,0.501414375,0.19378120000000001,0.307633175,361398,216918,-4,-0.001,-4,-0.001,,4.803992,4.912972,11.421196,2.522016,beta.2,6.635348066298342,1.3292801841736811e-05
w4_init_fix,kidscore_momiq,2,0.841,0.341515375,0.158032125,0.18348325000000001,236206,124382,-4,-0.001,-4,-0.001,,4.704102,5.065377,11.42861,2.988481,beta.2,5.593462544589774,1.9915251941102256e-05
w4_init_fix,radon_partially_pooled_noncentered,1,16.361,15.759085000000002,10.387775,5.371309999999999,174758,64771,-4,-0.001,-4,-0.001,,378.445727,6852.557292,842.524599,1.008596,mu_alpha,23.130965527779473,0.002165541646162121
w4_init_fix,radon_partially_pooled_noncentered,0,90.761,43.353415,24.680225,18.673189999999998,461782,203096,-4,-0.001,-4,-0.001,,329.57569,5053.400493,357.131726,1.008884,mu_alpha,3.6312478928173997,0.0007137040638223231
w4_init_fix,radon_partially_pooled_noncentered,2,31.262,20.620240000000003,13.4632525,7.1569875,223264,80348,-4,-0.001,-4,-0.001,,327.097705,5307.238352,550.333883,1.008376,mu_alpha,10.463108726249121,0.0014650714176938514
w4_init_fix,kronecker_gp,1,32.008,20.3272625,11.651587500000002,8.675675,237938,102408,-4,-0.001,-4,-0.001,,6.319402,32.674909,7.782357,1.693056,eigenvalues.30.30,0.19743195451137216,2.6559027982079366e-05
w4_init_fix,kronecker_gp,2,52.008,31.9360875,18.655575,13.280512499999999,358761,150629,-4,-0.001,-4,-0.001,,19.891363,246.089772,69.327687,1.151104,Sigma1.8.1,0.3824673704045531,5.5444607970208574e-05
w4_init_fix,hier_2pl,1,257.462,95.4268,49.7102,45.7166,364050,177508,-4,-0.001,-4,-0.001,,23.371172,815.683132,183.913367,1.117837,xi1.11,0.09077522896582797,6.419769811839034e-05
w4_init_fix,hier_2pl,0,145.322,65.17845,40.017725,25.160725,255657,98919,-4,-0.001,-4,-0.001,,309.700817,2735.573422,442.707688,1.021006,xi2.11,2.131135113747402,0.0012113918922618976
w4_init_fix,hier_2pl,2,39.476,38.856175,19.7784,19.077775,145291,70577,-4,-0.001,-4,-0.001,,556.377213,2834.13219,733.199459,1.011649,xi2.11,14.094062544330733,0.0038293990198979976
w4_init_fix,wells_dist100_model,1,0.685,0.66690625,0.3519065,0.31499975,52828,25661,-4,-0.001,-4,-0.001,,680.053511,725.354628,838.055966,1.007747,beta.1,992.7788481751824,0.012872974767168924
w4_init_fix,wells_dist100_model,0,0.731,0.6998725,0.3608125,0.33906,54005,26374,-4,-0.001,-4,-0.001,,808.054424,850.405196,937.756087,1.0034,beta.1,1105.40960875513,0.014962585390241645
w4_init_fix,wells_dist100_model,2,0.76,0.7076579999999999,0.36268975,0.34496825,54949,26377,-4,-0.001,-4,-0.001,,965.191755,971.532517,1407.033016,1.006151,alpha,1269.9891513157893,0.017565228757575206
w4_init_fix,eight_schools_noncentered,1,0.037,0.020366040000000002,0.0111926875,0.009173352499999999,84404,37936,-4,-0.001,-4,-0.001,,1580.07011,3144.811269,1483.085076,1.002734,tau,42704.59756756757,0.018720322615041942
w4_init_fix,eight_schools_noncentered,0,0.029,0.018079215,0.0095662225,0.0085129925,73196,34005,-4,-0.001,-4,-0.001,,1781.661666,3245.831975,1513.881336,1.002823,tau,61436.60917241379,0.02434097035357123
w4_init_fix,eight_schools_noncentered,2,0.041,0.0210906225,0.01206647,0.0090241525,89790,38584,-4,-0.001,-4,-0.001,,995.836572,2657.798236,693.776233,1.005247,tau,24288.69687804878,0.011090729168058804
w4_init_fix,dogs_hierarchical,1,0.985,0.81762725,0.4327045,0.38492275000000004,58899,26975,-4,-0.001,-4,-0.001,,1594.718164,3916.834541,1609.154889,1.004901,a,1619.003212182741,0.02707547095875991
w4_init_fix,dogs_hierarchical,0,3.444,1.9735369999999999,1.2682992499999999,0.70523775,151213,53384,-4,-0.001,-4,-0.001,,7.293195,263.526228,4.032258,1.526009,a,2.1176524390243903,4.8231269798231634e-05
w4_init_fix,dogs_hierarchical,2,3.62,2.75979375,1.38735675,1.372437,206347,102610,-4,-0.001,-4,-0.001,,4.324262,106.249282,4.032258,4.831675,a,1.1945475138121546,2.0956262993888935e-05
w4_init_fix,bym2_offset_only,1,41.969,38.583925,18.737825,19.8461,998091,500000,-4,-0.001,-4,-0.001,,4.239278,4.423911,10.656981,4.559661,eta.556,0.10100974528818889,4.247386260371048e-06
w4_init_fix,bym2_offset_only,0,41.564,38.103449999999995,17.726975,20.376475,972401,500788,-4,-0.001,-4,-0.001,,4.447811,34.421409,10.668942,3.3141,convolved_re.994,0.10701113944759888,4.574050211795339e-06
w4_init_fix,bym2_offset_only,2,41.264,38.359500000000004,19.271950000000004,19.08755,994821,499280,-4,-0.001,-4,-0.001,,4.243348,5.354931,10.581372,4.533381,convolved_re.107,0.10283414113997673,4.265438707063884e-06
w4_init_fix,pilots,1,0.094,0.077106775,0.039473675,0.0376331,206449,100829,-4,-0.001,-4,-0.001,,4.518983,418.036038,11.098976,3.105319,mu_a,48.07428723404256,2.1889100940183776e-05
w4_init_fix,pilots,0,0.106,0.07446325,0.037135425,0.037327824999999995,200260,102519,-4,-0.001,-4,-0.001,,4.397425,357.530545,11.186182,3.507745,a.5,41.485141509433966,2.1958578847498253e-05
w4_init_fix,pilots,2,0.101,0.080856175,0.046217299999999996,0.034638875,187570,79801,-4,-0.001,-4,-0.001,,4.420952,361.261431,11.644968,3.444002,a.4,43.77180198019801,2.356961134509783e-05
w4_init_fix,garch11,1,0.785,0.4859045,0.25556325,0.23034125,158515,74767,-4,-0.001,-4,-0.001,,7.264239,19.293286,4.185576,1.528225,mu,9.2538076433121,4.582682395987761e-05
w4_init_fix,garch11,0,0.718,0.43032324999999993,0.25784324999999997,0.17248,124782,53738,-4,-0.001,-4,-0.001,,721.433912,1314.317585,1124.717563,1.007442,alpha0,1004.7826072423399,0.005781554326745844
w4_init_fix,garch11,2,0.666,0.40509075,0.22673025000000002,0.17836049999999998,129561,56446,-4,-0.001,-4,-0.001,,856.736198,1259.883703,1146.410559,1.005068,alpha0,1286.3906876876874,0.006612608717129383
w4_init_fix,logmesquite_logvash,1,0.08,0.075136125,0.0375432,0.037592925,146802,73479,-4,-0.001,-4,-0.001,,300.494076,540.707703,388.361304,1.021311,beta.2,3756.17595,0.0020469344831814283
w4_init_fix,logmesquite_logvash,0,0.098,0.081105175,0.0425627,0.03854247499999999,160935,75283,-4,-0.001,-4,-0.001,,281.595366,500.310257,456.325143,1.019551,beta.2,2873.4221020408163,0.0017497459595488863
w4_init_fix,logmesquite_logvash,2,0.199,0.138634425,0.078886625,0.059747800000000004,265946,120392,-4,-0.001,-4,-0.001,,292.798525,575.908767,391.191854,1.024594,beta.2,1471.3493718592963,0.0011009698397419024
w4_init_fix,diamonds,1,5.394,4.0508075,1.8626525,2.188155,444584,241384,-4,-0.001,-4,-0.001,,4.451536,11.971222,10.955998,3.316875,b.2,0.8252754912866147,1.001281197703921e-05
w4_init_fix,diamonds,0,5.187,4.3457349999999995,2.654465,1.69127,476108,184082,-4,-0.001,-4,-0.001,,6.061429,190.45314,11.195312,1.769579,b.23,1.168580875265086,1.2731205944869652e-05
w4_init_fix,diamonds,2,4.782,3.41701,1.6529325,1.7640775,375732,198244,-4,-0.001,-4,-0.001,,4.545387,75.710352,12.164354,3.018414,b.23,0.9505200752823086,1.2097417840375587e-05
w4_init_fix,gp_regr,1,0.074,0.0637966,0.034690525,0.029106075,54390,24582,-4,-0.001,-4,-0.001,,3027.884541,3270.240008,2199.999636,1.001445,alpha,40917.358662162165,0.055669875730832874
w4_init_fix,gp_regr,0,0.071,0.05985055,0.031917575000000004,0.027932975,50023,23368,-4,-0.001,-4,-0.001,,3298.576724,3484.509715,2326.472096,1.000961,rho,46458.82709859155,0.06594120152729745
w4_init_fix,gp_regr,2,0.084,0.072401725,0.04129355,0.031108175,58256,26365,-4,-0.001,-4,-0.001,,3460.253373,3657.341995,1387.552215,1.00268,alpha,41193.492535714286,0.05939737319761055
w4_init_fix,lsat_model,1,31.879,25.390615,15.257807499999998,10.1328075,689328,282000,-4,-0.001,-4,-0.001,,1329.70739,9002.063321,1999.637653,1.008085,beta,41.711075943411025,0.0019289908287491587
w4_init_fix,lsat_model,0,38.341,32.54997,18.0951,14.45487,843446,376000,-4,-0.001,-4,-0.001,,817.144686,5589.983046,1546.624873,1.006296,beta,21.31255538457526,0.0009688168371182032
w4_init_fix,lsat_model,2,33.651,24.6075325,14.315762500000002,10.29177,630942,268743,-4,-0.001,-4,-0.001,,1004.622836,7002.318094,1663.277875,1.008763,beta,29.854174794211165,0.0015922586164813881
w4_init_fix,eight_schools_centered,1,0.053,0.03727705,0.020506825,0.016770225,196061,88463,-4,-0.001,-4,-0.001,,115.58385,384.620381,113.559288,1.033605,tau,2180.827358490566,0.0005895300442209313
w4_init_fix,eight_schools_centered,0,0.058,0.033926025,0.017574725,0.0163513,158606,74041,-4,-0.001,-4,-0.001,,24.542141,359.937673,12.161503,1.119772,tau,423.1403620689655,0.00015473652320845366
w4_init_fix,eight_schools_centered,2,0.047,0.035459950000000004,0.019320775,0.016139175,212069,96192,-4,-0.001,-4,-0.001,,81.240953,249.727405,79.195016,1.027761,tau,1728.5309148936171,0.00038308735835977913
w4_init_fix,blr,1,0.081,0.0352648,0.020978049999999998,0.01428675,94370,38134,-4,-0.001,-4,-0.001,,4.240969,4.264188,11.421066,4.557664,sigma,52.35764197530864,4.49398007841475e-05
w4_init_fix,blr,0,0.08,0.03355752,0.013159492499999998,0.0203980275,85451,51590,-4,-0.001,-4,-0.001,,4.282789,4.577624,11.42861,4.19873,sigma,53.5348625,5.0119823056488516e-05
w4_init_fix,blr,2,0.301,0.09139685,0.020467775,0.070929075,247462,195100,-4,-0.001,-4,-0.001,,4.26865,4.388464,11.42861,4.29085,beta.5,14.18156146179402,1.7249719148798604e-05
w4_init_fix,low_dim_gauss_mix,1,5.988,4.3712525,2.38552,1.9857325000000001,108290,43310,-4,-0.001,-4,-0.001,,759.078586,2271.164765,1142.191569,1.008104,sigma.1,126.7666309285237,0.00700968312863607
w4_init_fix,low_dim_gauss_mix,0,5.059,3.8552425,2.2068,1.6484425000000003,81711,36060,-4,-0.001,-4,-0.001,,2865.055315,3598.76311,2412.089133,1.003143,theta,566.3283880213481,0.03506327562996414
w4_init_fix,low_dim_gauss_mix,2,4.548,3.7331725,2.1094225,1.62375,81377,35649,-4,-0.001,-4,-0.001,,536.172256,1429.596754,817.689392,1.003503,sigma.2,117.89187686895337,0.006588744436388659
w4_init_fix,accel_gp,1,3.612,2.7717832499999995,1.38908825,1.3826949999999998,750727,369994,-4,-0.001,-4,-0.001,,4.557775,24.673665,11.294712,3.072088,lscale_sigma_1,1.261842469545958,6.071148366849734e-06
w4_init_fix,accel_gp,0,3.583,3.3246124999999997,1.7018075,1.622805,934643,458415,-4,-0.001,-4,-0.001,,4.358863,49.922079,10.886403,3.904274,Intercept_sigma,1.2165400502372314,4.663666234059422e-06
w4_init_fix,accel_gp,2,3.901,3.3859049999999997,1.86234,1.5235649999999998,858737,386420,-4,-0.001,-4,-0.001,,4.41819,11.686975,11.42861,3.456956,Intercept_sigma,1.1325788259420662,5.144986183196951e-06
w4_init_fix,radon_variable_intercept_slope_noncentered,1,2.061,1.68072575,0.9556785,0.72504725,151565,66280,-4,-0.001,-4,-0.001,,557.51106,3258.458512,896.506805,1.005933,sigma_alpha,270.5051237263465,0.003678362814633986
w4_init_fix,radon_variable_intercept_slope_noncentered,0,4.291,3.632448,2.4462775,1.1861705,331525,109118,-4,-0.001,-4,-0.001,,293.663926,5910.397163,154.008422,1.023607,sigma_beta,68.43717688184572,0.0008857972279616922
w4_init_fix,radon_variable_intercept_slope_noncentered,2,6.423,3.7428012500000003,2.3782075000000003,1.36459375,341825,124177,-4,-0.001,-4,-0.001,,212.544172,2751.264941,215.614707,1.035503,sigma_alpha,33.09110571384088,0.000621792355737585
