variant,model,rep,wall_batch_s,sampler_s_per_chain,warmup_s,sampling_s,n_leapfrog_total,n_leapfrog_sampling,divergences,div_rate,treedepth_hits,td_rate,accept_mean,ess_bulk_min,ess_bulk_geomean,ess_tail_min,rhat_max,ess_per_sec,ess_per_grad
clang_native,accel_gp,1.0,24.397,23.335250000000002,9.97075,13.3645,3514436.0,1756383.0,61.0,0.01525,2830.0,0.7075,0.9261914147575627,1609.306213,4616.543115,1264.852898,1.005153,65.9632829036357,0.0004579130799365816
clang_native,arma11,1.0,0.166,0.13625,0.07025,0.0655,21434.0,10716.0,0.0,0.0,0.0,0.0,0.9125685270075,3799.915034,4169.328304,2596.566073,1.001636,23913.307127388536,0.17728445619109826
clang_native,blr,1.0,0.086,0.07475000000000001,0.038,0.036750000000000005,57248.0,28348.0,0.0,0.0,0.0,0.0,0.9112430915449999,943.690428,1538.323585,1040.364193,1.004597,9216.756054545454,0.01648425146730017
clang_native,bym2_offset_only,1.0,37.636,37.605000000000004,22.5775,14.8625,252000.0,126000.0,0.0,0.0,0.0,0.0,0.8575124866125,385.779352,4759.447612,989.825533,1.006851,10.302009560178385,0.0015308704444444445
clang_native,diamonds,1.0,47.479,48.44225,18.63175,29.8105,3787872.0,1889328.0,0.0,0.0,2964.0,0.741,0.9295014687250001,1417.682455,3346.919559,2038.649693,1.003041,28.74120213146865,0.0003742688388097591
clang_native,dogs_hierarchical,1.0,0.919,0.8727500000000001,0.35124999999999995,0.5215,18036.0,8984.0,0.0,0.0,0.0,0.0,0.9271378261125001,1468.323452,3925.087189,1933.915261,1.002818,1490.5813173913045,0.08229590023539962
clang_native,eight_schools_centered,1.0,0.083,0.05550000000000001,0.02975,0.025750000000000002,63023.0,30412.0,83.0,0.02075,0.0,0.0,0.7860256049304752,128.210071,420.323304,58.034697,1.039342,791.4201913580247,0.0007648898454232515
clang_native,eight_schools_noncentered,1.0,0.047,0.03275,0.0125,0.02025,38198.0,19170.0,1.0,0.00025,0.0,0.0,0.8871493036412652,2365.059391,4344.051322,1959.082369,1.003388,52741.407723404256,0.06489465843761454
clang_native,garch11,1.0,0.343,0.32325000000000004,0.15799999999999997,0.1605,46044.0,23040.0,0.0,0.0,0.0,0.0,0.9290422293235,1835.602744,2175.980137,1940.980645,1.001665,5303.965900874635,0.03951134358439753
clang_native,gp_regr,1.0,0.094,0.0785,0.0345,0.044000000000000004,18762.0,9336.0,0.0,0.0,0.0,0.0,0.9150741989875,3474.129745,3678.774206,2474.596808,1.001829,38520.4354893617,0.18516841194968556
clang_native,hier_2pl,1.0,68.694,68.119,32.75225,35.7805,114208.0,56688.0,0.0,0.0,0.0,0.0,0.8655992030099999,1817.929728,5735.782511,1790.067985,1.006551,22.968414184644946,0.015917709162230318
clang_native,kidscore_momiq,1.0,0.56,0.50325,0.311,0.19625000000000004,100556.0,50294.0,0.0,0.0,0.0,0.0,0.936986956395,1339.623123,1424.496204,1326.481743,1.004942,2321.3977035714283,0.013441855901189386
clang_native,kronecker_gp,1.0,676.064,689.5382500000001,336.793,352.74524999999994,4082053.0,2040616.0,22.0,0.0055,3976.0,0.994,0.76691075515175,781.139854,1603.578452,1067.119959,1.008189,1.1554229392483553,0.00019135955706601557
clang_native,logmesquite_logvash,1.0,0.391,0.33499999999999996,0.15825,0.18025000000000002,198084.0,99140.0,0.0,0.0,0.0,0.0,0.9399536395475001,1333.162946,1779.061823,1702.610886,1.003091,3409.623902813299,0.006871973948453608
clang_native,lotka_volterra,1.0,6.653,7.20875,3.56275,3.6195,147140.0,74528.0,0.0,0.0,0.0,0.0,0.9346814270749999,863.437756,2922.44312,1311.554594,1.004054,129.78171591763115,0.005868137528884056
clang_native,low_dim_gauss_mix,1.0,3.713,3.49125,1.8875000000000002,1.6035,24968.0,12468.0,0.0,0.0,0.0,0.0,0.9093849866875,3873.772835,4666.547033,2774.068115,1.002317,1171.889781467595,0.1528115516765286
clang_native,lsat_model,1.0,8.821,8.499749999999999,5.233749999999999,3.3200000000000003,60000.0,30000.0,0.0,0.0,0.0,0.0,0.8575115789325001,972.812298,5096.552601,1675.768709,1.006306,109.29930246003855,0.0162135383
clang_native,pilots,1.0,1.491,1.271,0.49249999999999994,0.65925,1172782.0,581159.0,507.0,0.12675,401.0,0.10025,0.8242682616104001,44.333878,634.166629,131.821389,1.072866,29.73432461435278,2.8699283325122848e-05
clang_native,radon_partially_pooled_noncentered,1.0,38.223,37.37875,29.15425,8.49175,60224.0,30112.0,0.0,0.0,0.0,0.0,0.8811897170475,344.208263,4831.566563,539.848019,1.010722,9.005265494597493,0.005612627534874709
clang_native,radon_variable_intercept_slope_noncentered,1.0,4.356,3.899,2.2585,1.6405,102224.0,51008.0,0.0,0.0,0.0,0.0,0.90463022749225,748.989123,5299.380651,1113.646531,1.006958,165.37725068870523,0.0077577821080602296
clang_native,wells_dist100_model,1.0,0.651,0.6000000000000001,0.28675,0.31325,23460.0,11890.0,0.0,0.0,0.0,0.0,0.9296598963224999,1141.480139,1210.419291,1312.133054,1.002065,1686.734534562212,0.04865644241261722
default,accel_gp,1.0,25.309,23.0615,9.56825,13.00775,3199035.0,1596779.0,54.0,0.0135,1626.0,0.4065,0.92454127701735,1810.609014,3875.630355,1640.664561,1.003503,74.22962504099705,0.0005915084533480169
default,arma11,1.0,0.13,0.1075,0.056499999999999995,0.051000000000000004,21376.0,10748.0,0.0,0.0,0.0,0.0,0.91019122209,3835.74758,3935.402929,2786.847605,1.002699,28444.873592307693,0.17545314190981431
default,blr,1.0,0.067,0.05725,0.028749999999999998,0.028499999999999998,56550.0,28188.0,0.0,0.0,0.0,0.0,0.9029173514950001,716.677175,1449.265999,1038.806955,1.004862,10332.83953030303,0.012673336427939877
default,bym2_offset_only,1.0,33.972,31.5305,18.987500000000004,12.543,252000.0,126000.0,0.0,0.0,0.0,0.0,0.8714283046824999,351.98917,4541.751007,597.433707,1.013048,9.67641219485375,0.0013967824206349206
default,diamonds,1.0,64.758,61.32575,23.7545,37.57125,3954784.0,1977904.0,0.0,0.0,3486.0,0.8715,0.944862981205,1306.170482,3348.948147,1858.685116,1.002777,20.17002504709843,0.00032518205876612253
default,dogs_hierarchical,1.0,0.82,0.7214999999999999,0.28225,0.45,18056.0,9022.0,0.0,0.0,0.0,0.0,0.9243852590449999,1456.314421,3921.186619,1599.891932,1.003205,1590.4355512195123,0.0752383974478198
default,eight_schools_centered,1.0,0.069,0.051000000000000004,0.025500000000000002,0.02525,61427.0,31002.0,118.0,0.0295,0.0,0.0,0.757417692926684,54.501414,618.770128,23.858413,1.058832,789.8755652173912,0.000839025431817482
default,eight_schools_noncentered,1.0,0.042,0.029249999999999998,0.0105,0.0175,33437.0,16773.0,2.0,0.0005,0.0,0.0,0.8639848716681281,2446.212209,4324.014585,1886.097967,1.003077,58243.14783333332,0.0693354591367508
default,garch11,1.0,0.36,0.33825,0.174,0.16599999999999998,45810.0,23090.0,0.0,0.0,0.0,0.0,0.9212168413128837,1915.982762,2141.075207,2096.09682,1.002799,4795.1400674999995,0.041869810674525214
default,gp_regr,1.0,0.089,0.062,0.02675,0.03175,17786.0,8902.0,0.0,0.0,0.0,0.0,0.90863863754,3504.938025,3968.272959,2796.864824,1.000883,40514.285210526315,0.19706162290565613
default,hier_2pl,1.0,70.126,66.0595,32.047,33.77825,119792.0,59760.0,0.0,0.0,0.0,0.0,0.8709275326275,1946.544531,6373.998278,1863.75691,1.007223,28.75632700063524,0.01577324428724232
default,kidscore_momiq,1.0,0.38,0.3655,0.21825,0.14350000000000002,101540.0,50598.0,0.0,0.0,0.0,0.0,0.9363830546974999,1256.05895,1403.501548,1194.747439,1.002969,3293.3980676691726,0.012370090112271028
default,kronecker_gp,1.0,731.335,699.82275,341.97375,357.849,4084270.0,2041612.0,19.0,0.00475,3981.0,0.99525,0.78120346833225,944.342481,1848.728976,1241.718117,1.009849,1.2912584260291111,0.0002312762876670359
default,logmesquite_logvash,1.0,0.239,0.20950000000000002,0.09875,0.10675,193586.0,96524.0,0.0,0.0,0.0,0.0,0.93432579489,1434.419916,1841.364514,1699.577808,1.004526,6001.756970711298,0.007485254893756753
default,lotka_volterra,1.0,5.517,5.2385,2.82475,2.537,130644.0,65272.0,0.0,0.0,0.0,0.0,0.9335382775250001,882.308675,2952.055271,1241.122889,1.008847,159.92544408192856,0.006225563743927284
default,low_dim_gauss_mix,1.0,3.002,2.88175,1.5655,1.3162500000000001,25596.0,12738.0,0.0,0.0,0.0,0.0,0.9122823439100001,3926.537063,4594.113437,2501.267642,1.001237,1307.9737051965358,0.1610775332473824
default,lsat_model,1.0,8.394,7.5367500000000005,4.58925,2.9475000000000002,60000.0,30000.0,0.0,0.0,0.0,0.0,0.8521008515549999,1075.589705,5221.999996,1864.632415,1.006494,123.13010343295191,0.017926495083333334
default,pilots,1.0,1.268,0.9722500000000001,0.423,0.5519999999999999,1177575.0,593666.0,455.0,0.11375,451.0,0.11275,0.8112416117004788,40.371816,1157.17754,49.381808,1.095654,41.620428865979385,3.793694687562842e-05
default,radon_partially_pooled_noncentered,1.0,29.635,27.428250000000002,21.15125,6.277,61776.0,30816.0,0.0,0.0,0.0,0.0,0.8922070360500001,309.473455,4486.403317,690.880871,1.02016,10.442836342162982,0.004997956314599483
default,radon_variable_intercept_slope_noncentered,1.0,3.131,2.6999999999999997,1.6632500000000001,1.063,84944.0,42704.0,0.0,0.0,0.0,0.0,0.8683690479146999,767.545958,4419.8252,1127.954136,1.00661,248.9607388906909,0.009138369635947942
default,wells_dist100_model,1.0,0.709,0.668,0.3265,0.3415,23228.0,11552.0,0.0,0.0,0.0,0.0,0.9271204856599999,1233.833859,1237.743363,1431.655478,1.002963,1728.0630710144928,0.053982930477773895
nutpie,accel_gp,1.0,21.711,0.0,,,6778228.0,6778228.0,372.0,0.093,56.0,0.014,,726.75752,2548.752254,661.645685,1.00537,33.138366695545116,0.000107544081148735
nutpie,arma11,1.0,0.196,0.0,,,51832.0,51832.0,0.0,0.0,0.0,0.0,,4934.286154,5511.141057,3070.255667,1.002721,26671.817048648652,0.09328278421808833
nutpie,blr,1.0,0.106,0.0,,,89736.0,89736.0,0.0,0.0,0.0,0.0,,685.964834,879.854242,1230.361437,1.004346,6749.797811320755,0.007634045962428775
nutpie,bym2_offset_only,1.0,34.445,0.0,,,1008768.0,1008768.0,0.0,0.0,0.0,0.0,,434.752534,4466.039413,624.898379,1.015625,12.621644186384092,0.0004309737561064586
nutpie,diamonds,1.0,20.368,0.0,,,3913728.0,3913728.0,0.0,0.0,20.0,0.005,,414.025939,2408.02298,614.269739,1.008568,20.085264823274827,0.00010574316415827585
nutpie,dogs_hierarchical,1.0,0.698,0.0,,,52192.0,52192.0,0.0,0.0,0.0,0.0,,2250.183264,3928.140163,2329.34808,1.002436,3223.758257879656,0.043113566523605144
nutpie,eight_schools_centered,1.0,0.065,0.0,,,192360.0,192360.0,40.0,0.01,0.0,0.0,,192.309132,609.523439,140.620206,1.01621,2503.7013928571428,0.0008668039838765518
nutpie,eight_schools_noncentered,1.0,0.082,0.0,,,105744.0,105744.0,4.0,0.001,0.0,0.0,,2251.497012,4857.025387,1779.971713,1.002635,26163.922987804875,0.02144475340444848
nutpie,garch11,1.0,0.529,0.0,,,103280.0,103280.0,0.0,0.0,0.0,0.0,,1464.401874,1900.973439,1664.283369,1.001832,2510.392485822306,0.014034365885915816
nutpie,gp_regr,1.0,0.086,0.0,,,46600.0,46600.0,0.0,0.0,0.0,0.0,,5273.259089,5630.887413,2929.25358,1.001607,66750.11505063291,0.1129854964218375
nutpie,hier_2pl,1.0,32.203,0.0,,,240000.0,240000.0,0.0,0.0,0.0,0.0,,865.087711,4883.563945,933.37474,1.007366,27.126390235489637,0.0036045321291666666
nutpie,kidscore_momiq,1.0,0.271,0.0,,,171392.0,171392.0,0.0,0.0,0.0,0.0,,537.348298,844.697371,777.573454,1.005445,1884.19221402214,0.003135200581123973
nutpie,kronecker_gp,1.0,468.203,0.0,,,4587476.0,4587476.0,32.0,0.008,0.0,0.0,,407.499793,2035.153794,896.158444,1.011161,0.9378496677723126,8.674225718020105e-05
nutpie,logmesquite_logvash,1.0,0.213,0.0,,,340984.0,340984.0,0.0,0.0,0.0,0.0,,717.917999,1321.174182,927.18656,1.005453,3370.5070375586856,0.002105430163878657
nutpie,lotka_volterra,1.0,4.324,0.0,,,262304.0,262304.0,0.0,0.0,0.0,0.0,,578.261371,2568.390276,661.315283,1.007764,133.73297201665127,0.002280929989744399
nutpie,low_dim_gauss_mix,1.0,2.411,0.0,,,67760.0,67760.0,0.0,0.0,0.0,0.0,,2608.949141,4693.367457,2950.895975,1.001498,1135.1935512820512,0.03850279133707202
nutpie,lsat_model,1.0,8.398,0.0,,,240000.0,240000.0,0.0,0.0,0.0,0.0,,1020.726975,7088.462259,1703.758696,1.007421,111.20138490613583,0.0042530290625
nutpie,pilots,1.0,0.262,0.0,,,554904.0,554904.0,1180.0,0.295,52.0,0.013,,19.237753,192.188727,26.360744,1.38184,75.14747265625,3.4668614751380424e-05
nutpie,radon_partially_pooled_noncentered,1.0,22.143,0.0,,,239904.0,239904.0,0.0,0.0,0.0,0.0,,616.790212,7821.51319,1170.612207,1.007918,25.939421675477835,0.0025716736657771847
nutpie,radon_variable_intercept_slope_noncentered,1.0,3.03,0.0,,,232320.0,232320.0,0.0,0.0,0.0,0.0,,708.927405,5990.9565,769.599759,1.008739,249.09606640899509,0.003042815837139031
nutpie,wells_dist100_model,1.0,0.54,0.0,,,61904.0,61904.0,0.0,0.0,0.0,0.0,,1165.451662,1168.128649,1480.024352,1.002548,2122.862772313297,0.018826758561643835
oexp,arma11,1.0,0.132,0.10625000000000001,0.055999999999999994,0.05025,22144.0,11072.0,0.0,0.0,0.0,0.0,0.9162936734975,3763.904421,4008.001541,2717.868252,1.002435,25364.098075757574,0.17613029578848854
oexp,blr,1.0,0.047,0.036750000000000005,0.017,0.02,57704.0,29118.0,0.0,0.0,0.0,0.0,0.90297423385,907.025381,1505.205787,1105.801018,1.002909,19588.695680851062,0.015738464511607233
oexp,diamonds,1.0,67.117,62.355,24.646500000000003,37.7085,3954784.0,1977904.0,0.0,0.0,3486.0,0.8715,0.944862981205,1306.170482,3348.948147,1858.685116,1.002777,20.19528552653957,0.00032518205876612253
oexp,dogs_hierarchical,1.0,0.89,0.7855000000000001,0.29825,0.48725,18056.0,9022.0,0.0,0.0,0.0,0.0,0.9243852590449999,1456.314421,3921.186619,1599.891932,1.003205,1608.0852675709,0.0752383974478198
oexp,eight_schools_centered,1.0,0.059,0.04525,0.0245,0.02,61427.0,31002.0,118.0,0.0295,0.0,0.0,0.757417692926684,54.501414,618.770128,23.858413,1.058832,923.7527796610169,0.000839025431817482
oexp,garch11,1.0,0.356,0.33925,0.16925,0.15275,43172.0,21750.0,0.0,0.0,0.0,0.0,0.9200754204880001,1754.904708,2014.352743,1838.081346,1.002933,4704.11361516854,0.04120848889306345
oexp,gp_regr,1.0,0.08,0.059,0.027749999999999997,0.03125,17786.0,8902.0,0.0,0.0,0.0,0.0,0.90863863754,3504.938025,3968.272959,2796.864824,1.000883,43539.844125,0.19706162290565613
oexp,hier_2pl,1.0,53.999,48.59425,22.975,25.61925,119792.0,59760.0,0.0,0.0,0.0,0.0,0.8709275326275,1946.544531,6373.998278,1863.75691,1.007223,35.765632172714746,0.01577324428724232
oexp,kidscore_momiq,1.0,0.32,0.27949999999999997,0.16625,0.11399999999999999,101540.0,50598.0,0.0,0.0,0.0,0.0,0.9363830546974999,1256.05895,1403.501548,1194.747439,1.002969,3661.97944606414,0.012370090112271028
oexp,kronecker_gp,1.0,734.856,703.08125,346.89025,350.54225,4086319.0,2042011.0,12.0,0.003,3988.0,0.997,0.82948422997275,439.783719,1092.965425,885.188497,1.018523,0.6026980431437776,0.00010760240320930299
oexp,logmesquite_logvash,1.0,0.481,0.4415,0.202,0.2405,194318.0,97316.0,0.0,0.0,0.0,0.0,0.93449689853,1461.818349,1901.915472,1571.3647,1.00429,3039.1233866943867,0.007522814916785887
oexp,lotka_volterra,1.0,5.174,4.8035,2.46725,2.34925,137400.0,68496.0,0.0,0.0,0.0,0.0,0.9287290002099999,1045.235379,3089.667348,1333.921164,1.003389,204.8677732261858,0.007817064878245782
oexp,low_dim_gauss_mix,1.0,3.013,2.91775,1.5685,1.34925,25596.0,12738.0,0.0,0.0,0.0,0.0,0.9122823439100001,3926.537063,4594.113437,2501.267642,1.001237,1301.844187243448,0.1610775332473824
oexp,lsat_model,1.0,6.546,6.41525,3.9115,2.49375,60000.0,30000.0,0.0,0.0,0.0,0.0,0.8521008515549999,1075.589705,5221.999996,1864.632415,1.006494,165.44988540224583,0.017926495083333334
oexp,pilots,1.0,1.464,1.0437500000000002,0.43500000000000005,0.5675,1177575.0,593666.0,455.0,0.11375,451.0,0.11275,0.8112416117004788,40.371816,1157.17754,49.381808,1.095654,20.951728825136612,3.793694687562842e-05
oexp,radon_partially_pooled_noncentered,1.0,28.222,26.354749999999996,20.25425,6.100499999999999,61424.0,30720.0,0.0,0.0,0.0,0.0,0.8866744925724999,300.483275,4335.189577,608.009194,1.007677,9.714596414144994,0.004788425468510963
oexp,radon_variable_intercept_slope_noncentered,1.0,2.714,2.3565,1.3775000000000002,0.9910000000000001,94544.0,47024.0,0.0,0.0,0.0,0.0,0.9023722634474999,700.300602,5182.647985,1247.883928,1.005379,245.38046573323507,0.007043943391436791
pf_full,accel_gp,1.0,31.344,29.694249999999997,12.664000000000001,17.12625,3540319.0,0.0,43.0,0.01075,2603.0,0.65075,0.9336536816456446,1604.404277,4484.790783,894.536322,1.00522,51.18696646886166,0.00044473366694737336
pf_full,bym2_offset_only,1.0,57.969,45.390249999999995,28.4945,16.89575,252000.0,0.0,0.0,0.0,0.0,0.0,0.8618903497849999,346.134795,4694.00542,719.890974,1.008969,5.998246196236093,0.0013735507738095237
pf_full,diamonds,1.0,89.723,85.6765,34.88875,51.3755,3847776.0,0.0,0.0,0.0,3122.0,0.7805,0.9372510695675,1478.119219,3460.032199,2056.566709,1.003411,15.827890595050702,0.00038414897826692613
pf_full,eight_schools_centered,1.0,0.211,0.0495,0.02425,0.02675,90964.0,0.0,41.0,0.01025,0.0,0.0,0.8498054286900639,156.929137,548.153238,113.915223,1.037738,691.3177841409691,0.0023581401103733345
pf_full,hier_2pl,1.0,155.879,97.09549999999999,48.53075,48.564750000000004,120512.0,0.0,0.0,0.0,0.0,0.0,0.8610354220549999,2024.819315,6651.334148,1797.445522,1.006668,12.495751172383708,0.016801806583576738
pf_full,kronecker_gp,1.0,739.987,759.34775,371.04825,388.2995,4080823.0,0.0,18.0,0.0045,3982.0,0.9955,0.78709902542,679.515399,1557.367868,930.96551,1.008529,0.9458641118474624,0.00016651430336478694
pf_full,lotka_volterra,1.0,5.948,5.3845,2.67675,2.7345,137834.0,0.0,0.0,0.0,0.0,0.0,0.9262800684225,1134.823161,3066.818839,1553.029451,1.00377,195.63725975117686,0.008233260015671024
pf_full,lsat_model,1.0,12.746,10.2685,6.26425,3.9775,60000.0,0.0,0.0,0.0,0.0,0.0,0.84739700335,892.681978,5246.976794,1636.291983,1.007877,70.03624493958888,0.014878032966666666
pf_full,pilots,1.0,1.701,1.1425,0.45725,0.66025,1275850.0,0.0,871.0,0.21775,704.0,0.176,0.6800955911048794,11.749429,137.192713,27.596862,1.324412,6.560261864879955,9.20909903201787e-06
pf_full,radon_partially_pooled_noncentered,1.0,50.805,40.720749999999995,31.63975,9.003,60000.0,0.0,0.0,0.0,0.0,0.0,0.8749936255075,387.850982,5278.043922,765.496781,1.011814,7.634110461568743,0.006464183033333333
pf_w200,accel_gp,1.0,21.169,18.985,2.517,16.468,3401364.0,0.0,55.0,0.01375,1990.0,0.4975,0.9259825529952505,1576.191836,3887.032635,913.512049,1.004752,74.45754811280646,0.0004872136516409299
pf_w200,bym2_offset_only,1.0,47.176,33.4755,16.18775,17.31475,252000.0,0.0,0.0,0.0,0.0,0.0,0.86192403926,240.501997,4449.547884,484.750252,1.013964,5.104386109627097,0.0009543730039682539
pf_w200,diamonds,1.0,48.976,44.43875,5.4807500000000005,38.584,2867808.0,0.0,0.0,0.0,905.0,0.22625,0.9395904340875,712.756651,2686.46768,1137.320234,1.006733,15.062482058326289,0.0002501448215328549
pf_w200,eight_schools_centered,1.0,0.188,0.0345,0.01025,0.0235,66901.0,0.0,63.0,0.01575,0.0,0.0,0.8086535824921818,170.286837,806.479241,169.001167,1.017299,860.0345303030302,0.0019391355435643713
pf_w200,hier_2pl,1.0,123.486,69.155,14.272,54.840500000000006,124032.0,0.0,0.0,0.0,0.0,0.0,0.8755915048675,1763.19212,6249.912366,1761.472756,1.009267,14.278477884132613,0.014191823245331615
pf_w200,kronecker_gp,1.0,445.908,458.56575000000004,71.59125,386.9745,4084600.0,0.0,14.0,0.0035,3986.0,0.9965,0.79696362339275,239.293305,1183.14523,263.088198,1.027821,0.5366427716031109,5.8601930170895654e-05
pf_w200,lotka_volterra,1.0,4.29,3.34125,0.64925,2.692,131836.0,0.0,0.0,0.0,0.0,0.0,0.92333592967,936.583813,3015.667926,1372.398763,1.006058,221.9773998355714,0.007104158295154586
pf_w200,lsat_model,1.0,9.378,6.7025,2.734,3.9685,60688.0,0.0,0.0,0.0,0.0,0.0,0.8598259052474999,1009.667144,4525.467584,1588.503807,1.006491,107.6633764128812,0.016637014632217242
pf_w200,pilots,1.0,1.193,0.49374999999999997,0.08825000000000001,0.38825,710016.0,0.0,796.0,0.199,289.0,0.07225,0.7085048932715123,8.971769,65.475851,37.180543,1.377486,7.520342833193629,1.2636009611051019e-05
pf_w200,radon_partially_pooled_noncentered,1.0,46.238,34.26075,23.061500000000002,11.19925,80160.0,0.0,0.0,0.0,0.0,0.0,0.8892489906475001,451.545763,5244.669319,841.661102,1.007911,9.067183995983937,0.005704772805971843
w10_auto05,arma11,1.0,0.138,0.118092775,0.06316440000000001,0.054928374999999995,59211.0,28607.0,-4.0,-0.001,-4.0,-0.001,,923.165088,2045.731571,1496.577894,1.003418,6455.699916083917,0.015591107868470386
w10_auto05,blr,1.0,0.228,0.14127035,0.080574425,0.0611875,377345.0,178864.0,-4.0,-0.001,-4.0,-0.001,,722.952155,2457.474459,800.255318,1.005236,3286.2124678111586,0.0019158917038784135
w10_auto05,bym2_offset_only,1.0,113.217,106.75054999999999,91.07305,15.6775,884554.0,407018.0,-4.0,-0.001,-4.0,-0.001,,123.671045,3599.014013,246.037063,1.030893,1.0923363540811009,0.00013981175258944055
w10_auto05,diamonds,1.0,7.081,6.91,3.736285,3.1737150000000005,730749.0,340849.0,-4.0,-0.001,-4.0,-0.001,,7.511508,591.149276,23.244499,1.502114,1.0610973301313746,1.1366732811277859e-05
w10_auto05,dogs_hierarchical,1.0,1.029,0.7079865,0.36334325,0.35579,52195.0,25043.0,-4.0,-0.001,-4.0,-0.001,,1533.819002,3920.382079,1727.392597,1.002446,1571.5297191448008,0.030981973005077115
w10_auto05,eight_schools_centered,1.0,0.072,0.054129800000000006,0.03846445,0.01557465,168696.0,81765.0,-4.0,-0.001,-4.0,-0.001,,76.326395,331.445665,67.014551,1.042401,1031.4377702702704,0.00045244934675392424
w10_auto05,eight_schools_noncentered,1.0,0.073,0.0494740025,0.039222900000000005,0.010735777500000002,99763.0,41934.0,-4.0,-0.001,-4.0,-0.001,,1667.697317,3279.79905,1316.606241,1.003139,22235.96422666667,0.018075368182592744
w10_auto05,garch11,1.0,0.347,0.3114685,0.16075475,0.15391625,99691.0,49552.0,-4.0,-0.001,-4.0,-0.001,,823.931011,1368.521453,974.528515,1.003756,2481.7199126506025,0.008484163055790103
w10_auto05,gp_regr,1.0,0.114,0.086834275,0.051311075,0.035523200000000005,60629.0,28342.0,-4.0,-0.001,-4.0,-0.001,,2175.331826,2788.47647,2479.525891,1.002508,19065.938105263158,0.03584946055517987
w10_auto05,hier_2pl,1.0,192.255,176.09220000000002,100.774775,75.317425,910436.0,438000.0,-4.0,-0.001,-4.0,-0.001,,38.467085,497.370149,97.468291,1.082475,0.20244129441731223,4.2875596731532946e-05
w10_auto05,kidscore_momiq,1.0,0.176,0.152104975,0.07825652500000001,0.07384845,107465.0,51088.0,-4.0,-0.001,-4.0,-0.001,,494.024918,913.959688,537.6776,1.008362,3029.050267045455,0.004597077355418043
w10_auto05,kronecker_gp,2.0,91.737,74.02385000000001,46.121225,27.902625,709290.0,320615.0,-4.0,-0.001,-4.0,-0.001,,46.111766,714.760614,174.96846,1.086039,0.5026517762734775,6.501116045623088e-05
w10_auto05,logmesquite_logvash,1.0,0.156,0.1078629,0.060632975,0.047229925,173239.0,81369.0,-4.0,-0.001,-4.0,-0.001,,161.763154,451.008619,295.552298,1.015821,1036.9432948717947,0.0009337571447537794
w10_auto05,lotka_volterra,1.0,2.502,2.3271075,1.1402750000000001,1.232135,129783.0,67840.0,-4.0,-0.001,-4.0,-0.001,,87.016523,1408.584237,137.944112,1.050368,30.382871702637892,0.0006146189591603215
w10_auto05,low_dim_gauss_mix,1.0,4.911,4.6205525000000005,2.25666,2.3638925000000004,97950.0,51283.0,-4.0,-0.001,-4.0,-0.001,,1239.076785,1911.437635,1518.189797,1.00347,166.5125629111842,0.01011235348605659
w10_auto05,lsat_model,1.0,46.388,45.51692750000001,35.746024999999996,9.770902500000002,621682.0,252000.0,-4.0,-0.001,-4.0,-0.001,,1372.873028,10366.957101,1988.855634,1.008276,29.114050005301664,0.00242008325960861
w10_auto05,pilots,1.0,0.167,0.142330725,0.1084155,0.0363016,199512.0,108041.0,-4.0,-0.001,-4.0,-0.001,,5.329205,237.098856,13.926315,2.057533,28.517323353293413,2.3870208308272185e-05
w10_auto05,radon_partially_pooled_noncentered,1.0,89.493,83.55564999999999,51.050425000000004,32.505224999999996,766426.0,344488.0,-4.0,-0.001,-4.0,-0.001,,577.002595,7739.084544,1193.597367,1.007708,6.218102409638555,0.0007505998202210943
w10_auto05,radon_variable_intercept_slope_noncentered,1.0,14.93,13.2867425,11.12065,2.1660924999999995,472162.0,186302.0,-4.0,-0.001,-4.0,-0.001,,592.910611,6221.344044,446.453231,1.007222,39.712700000000005,0.0012442783501739885
w10_auto05,wells_dist100_model,1.0,0.909,0.7840372499999999,0.4159775,0.36805974999999996,60337.0,29147.0,-4.0,-0.001,-4.0,-0.001,,1039.524262,1072.154481,1121.461382,1.003631,1219.754811881188,0.017228636856323646
w2_adam_b50_shr,accel_gp,1.5,3.249,1.609291125,0.911354875,0.69793625,394075.5,171146.5,-4.0,-0.001,-4.0,-0.001,,4.157424499999999,4.8850655,inf,-inf,2.235923151941562,1.1899260533287058e-05
w2_adam_b50_shr,blr,1.0,0.1,0.088878225,0.04715325,0.041724975,256004.0,128000.0,-4.0,-0.001,-4.0,-0.001,,4.032258,4.032258,inf,-inf,40.322579999999995,1.575076170684833e-05
w2_adam_b50_shr,bym2_offset_only,0.0,15.174,11.100249999999999,5.422707500000001,5.6775424999999995,256004.0,128000.0,-4.0,-0.001,-4.0,-0.001,,4.032258,4.032258,inf,-inf,0.26573467773823645,1.575076170684833e-05
w2_adam_b50_shr,diamonds,1.0,2.633,2.5147375,1.2530425,1.2807475,256004.0,128000.0,-4.0,-0.001,-4.0,-0.001,,4.032258,4.032258,inf,-inf,1.531431067223699,1.575076170684833e-05
w2_adam_b50_shr,dogs_hierarchical,1.0,0.919,0.69295825,0.33784,0.34905200000000003,47861.0,23379.0,-4.0,-0.001,-4.0,-0.001,,1503.288432,3920.181778,1801.903212,1.003418,1702.843651216686,0.03140946557740123
w2_adam_b50_shr,eight_schools_centered,1.0,0.044,0.028119425,0.013265575,0.01485385,155554.0,73221.0,-4.0,-0.001,-4.0,-0.001,,52.983151,272.870699,77.791952,1.069585,999.6820943396226,0.00036906882187811283
w2_adam_b50_shr,eight_schools_noncentered,1.0,0.026,0.0157106825,0.0081372125,0.00785667,70496.0,34047.0,-4.0,-0.001,-4.0,-0.001,,1567.165966,2899.574952,1495.6723,1.003275,60275.614076923084,0.022278601813942908
w2_adam_b50_shr,garch11,1.0,0.283,0.2644625,0.13696025,0.12003875,74963.0,36055.0,-4.0,-0.001,-4.0,-0.001,,874.059591,1242.999863,1182.222001,1.004994,3225.312143911439,0.011772956251767842
w2_adam_b50_shr,gp_regr,1.0,0.064,0.05759715,0.0292463,0.028350849999999997,47039.0,22966.0,-4.0,-0.001,-4.0,-0.001,,3672.375325,3915.185753,2350.322229,1.00162,50991.753671875005,0.07941988159602076
w2_adam_b50_shr,hier_2pl,1.0,84.846,71.17445000000001,37.551125,33.623325,240742.0,114477.0,-4.0,-0.001,-4.0,-0.001,,5.901794,13.912374,4.032258,1.820234,0.06575688895174786,2.6261943327044247e-05
w2_adam_b50_shr,kidscore_momiq,1.0,0.378,0.35058675,0.17778449999999998,0.17421399999999998,256004.0,128000.0,-4.0,-0.001,-4.0,-0.001,,4.032258,4.032258,inf,-inf,10.667349206349206,1.575076170684833e-05
w2_adam_b50_shr,kronecker_gp,1.0,40.254,33.31385,16.477674999999998,16.836175,372197.0,186873.0,-4.0,-0.001,-4.0,-0.001,,6.575522,20.85017,4.032258,1.865698,0.1658182322531837,1.76667786145509e-05
w2_adam_b50_shr,logmesquite_logvash,1.0,0.129,0.1016702,0.05644325,0.045379225,191234.0,78742.0,-4.0,-0.001,-4.0,-0.001,,81.543162,220.070179,164.182835,1.037908,696.9501025641025,0.000426405147620193
w2_adam_b50_shr,lotka_volterra,1.0,6.327,4.2848975,2.797805,1.7450025,188907.0,93084.0,-4.0,-0.001,-4.0,-0.001,,44.697109,785.515202,90.413468,1.091196,5.287721400686147,0.00026332690585601507
w2_adam_b50_shr,low_dim_gauss_mix,1.0,11.229,5.97442,3.40065,2.57377,133480.0,58004.0,-4.0,-0.001,-4.0,-0.001,,7.179681,7.277881,4.032258,1.530052,0.6434263068839612,5.4128213964638895e-05
w2_adam_b50_shr,lsat_model,1.5,9.253499999999999,6.6656337500000005,4.175395,2.49023875,152897.5,56909.5,-4.0,-0.001,-4.0,-0.001,,84.43626900000001,398.1355065,183.2944885,1.29211,12.576454156772495,0.0006138998871759815
w2_adam_b50_shr,pilots,1.0,0.21,0.16801625,0.0882938,0.079795725,511785.0,240732.0,-4.0,-0.001,-4.0,-0.001,,4.825033,501.933666,11.425659,2.507545,23.88630198019802,9.741562042671187e-06
w2_adam_b50_shr,radon_partially_pooled_noncentered,1.0,26.18,24.796625,12.4366025,12.5099,256004.0,128000.0,-4.0,-0.001,-4.0,-0.001,,4.032258,4.032258,inf,-inf,0.15576084797555387,1.575076170684833e-05
w2_adam_b50_shr,radon_variable_intercept_slope_noncentered,1.0,3.136,2.24579425,1.2152202499999998,1.0305739999999999,191859.0,87623.0,-4.0,-0.001,-4.0,-0.001,,4.311474,7.115084,4.032258,4.00633,1.374832270408163,2.247209669601113e-05
w2_adam_b50_shr,wells_dist100_model,1.0,0.879,0.7620677499999999,0.41364975,0.36346100000000003,54468.0,26282.0,-4.0,-0.001,-4.0,-0.001,,932.075393,950.534833,1236.753053,1.003347,1054.1315848375452,0.01711234840640376
w2_adam_b50_shr_c3,accel_gp,1.5,2.5785,1.37970725,0.9599343749999999,0.41977287499999993,394308.0,177067.5,-4.0,-0.001,-4.0,-0.001,,4.1691755,4.8674975,inf,-inf,4.213579947380747,1.191781042692232e-05
w2_adam_b50_shr_c3,blr,1.0,0.103,0.08788145,0.045781575,0.042099875,256004.0,128000.0,-4.0,-0.001,-4.0,-0.001,,4.032258,4.032258,inf,-inf,39.1481359223301,1.575076170684833e-05
w2_adam_b50_shr_c3,bym2_offset_only,0.0,12.645,9.9053825,4.95744,4.9479425,256004.0,128000.0,-4.0,-0.001,-4.0,-0.001,,4.032258,4.032258,inf,-inf,0.3188816132858837,1.575076170684833e-05
w2_adam_b50_shr_c3,diamonds,1.0,2.719,2.5740425,1.35773,1.2163125000000001,256004.0,128000.0,-4.0,-0.001,-4.0,-0.001,,4.032258,4.032258,inf,-inf,1.482993012136815,1.575076170684833e-05
w2_adam_b50_shr_c3,dogs_hierarchical,1.0,1.038,0.8246932499999999,0.40818575,0.41650750000000003,51105.0,25127.0,-4.0,-0.001,-4.0,-0.001,,1611.163122,3916.447499,1486.052744,1.002752,1593.5406223506743,0.03152652621074259
w2_adam_b50_shr_c3,eight_schools_centered,1.0,0.039,0.026376025000000004,0.012889099999999999,0.01369695,165587.0,79652.0,-4.0,-0.001,-4.0,-0.001,,90.384023,226.739284,98.527457,1.039167,1939.9868974358972,0.0005372103098420774
w2_adam_b50_shr_c3,eight_schools_noncentered,1.0,0.025,0.015949520000000002,0.0081151475,0.0078343725,73284.0,35867.0,-4.0,-0.001,-4.0,-0.001,,1512.262185,2597.594716,1306.658374,1.003099,63010.924375,0.020615947119448155
w2_adam_b50_shr_c3,garch11,1.0,0.311,0.2907105,0.14554425000000001,0.144899,76427.0,36314.0,-4.0,-0.001,-4.0,-0.001,,902.634547,1073.552733,1151.410663,1.006827,2829.575382445141,0.011810414473942455
w2_adam_b50_shr_c3,gp_regr,1.0,0.088,0.0676924,0.034115475,0.0314534,45577.0,22503.0,-4.0,-0.001,-4.0,-0.001,,3073.372602,3518.537839,2318.881717,1.00192,33773.3252967033,0.06745325378047977
w2_adam_b50_shr_c3,hier_2pl,1.0,91.15,80.9106,43.408675,33.101575,227859.0,100394.0,-4.0,-0.001,-4.0,-0.001,,5.980767,14.873572,4.032258,1.812837,0.0656145584201865,2.6862657446636135e-05
w2_adam_b50_shr_c3,kidscore_momiq,1.0,0.386,0.34465475,0.17220675,0.172448,256004.0,128000.0,-4.0,-0.001,-4.0,-0.001,,4.032258,4.032258,inf,-inf,10.446264248704662,1.575076170684833e-05
w2_adam_b50_shr_c3,kronecker_gp,1.0,48.093,42.4013,19.510775,22.890525,406263.0,211248.0,-4.0,-0.001,-4.0,-0.001,,19.824386,272.127751,47.620431,1.148366,0.37290519544035217,4.879692711371698e-05
w2_adam_b50_shr_c3,logmesquite_logvash,1.0,0.13,0.10453435,0.056230050000000004,0.0483043,208896.0,91892.0,-4.0,-0.001,-4.0,-0.001,,7.265586,9.033869,4.032258,1.560929,44.849296296296295,3.4780876608455884e-05
w2_adam_b50_shr_c3,lotka_volterra,1.0,8.28,4.7668099999999995,2.8532,2.12502,179121.0,103225.0,-4.0,-0.001,-4.0,-0.001,,7.458517,25.597964,86.411324,1.496921,1.0588468199886427,4.20691119734675e-05
w2_adam_b50_shr_c3,low_dim_gauss_mix,1.0,12.309,7.216732499999999,4.1346375,3.058785,140680.0,60086.0,-4.0,-0.001,-4.0,-0.001,,7.224835,7.287084,4.032258,1.534914,0.5869554797302786,5.1562247654250784e-05
w2_adam_b50_shr_c3,lsat_model,1.0,6.331,5.8438225,3.8150225,2.0288,137970.0,47520.0,-4.0,-0.001,-4.0,-0.001,,207.064909,735.172722,305.867994,1.020081,33.189109619333436,0.0015229416032470826
w2_adam_b50_shr_c3,pilots,1.0,0.25,0.195197425,0.099237025,0.0959604,499522.0,259650.0,-4.0,-0.001,-4.0,-0.001,,4.620323,374.715625,12.527862,2.882657,17.80866,8.974255267892769e-06
w2_adam_b50_shr_c3,radon_partially_pooled_noncentered,1.0,26.118,25.0107,12.84235,12.16835,255977.0,127973.0,-4.0,-0.001,-4.0,-0.001,,4.032258,4.032258,inf,-inf,0.1562321387548817,1.5752423069260127e-05
w2_adam_b50_shr_c3,radon_variable_intercept_slope_noncentered,1.0,3.179,2.199,0.94109775,1.1281050000000001,188881.0,86453.0,-4.0,-0.001,-4.0,-0.001,,4.289536,7.183363,4.032258,4.178401,1.3475882352941178,2.2710256722486644e-05
w2_adam_b50_shr_c3,wells_dist100_model,1.0,0.876,0.7966387500000001,0.41366500000000006,0.3903,61412.0,30063.0,-4.0,-0.001,-4.0,-0.001,,857.001177,877.244495,971.848278,1.003399,1001.2998253424657,0.014155481764725314
w2_da_b50_shr_avg,accel_gp,1.5,1.5425,0.8133436249999999,0.47145737499999996,0.34188625,207250.0,88362.5,-4.0,-0.001,-4.0,-0.001,,4.3098035,18.638208499999998,10.980299500000001,4.053953,3.215279520973735,2.096825001861385e-05
w2_da_b50_shr_avg,blr,1.0,0.075,0.047647932500000004,0.032515825,0.015117707499999999,104053.0,35125.0,-4.0,-0.001,-4.0,-0.001,,4.251388,4.331465,11.069391,4.456975,56.68517333333334,4.085790895024651e-05
w2_da_b50_shr_avg,bym2_offset_only,0.0,20.951,17.97562,7.565735,10.409885000000001,437693.0,241500.0,-4.0,-0.001,-4.0,-0.001,,4.244116,50.738535,10.584441,4.554663,0.2025734332490096,9.696559003685231e-06
w2_da_b50_shr_avg,diamonds,1.0,4.437,3.11174,1.2802250000000002,1.831515,330617.0,191330.0,-4.0,-0.001,-4.0,-0.001,,4.338483,213.897978,10.91641,3.837122,0.9777964841108857,1.4656783709092661e-05
w2_da_b50_shr_avg,dogs_hierarchical,1.0,0.921,0.7418375,0.399926,0.34010050000000003,52934.0,23874.0,-4.0,-0.001,-4.0,-0.001,,1640.1375,3916.777021,1779.436102,1.003981,1780.8224755700326,0.03038473295170344
w2_da_b50_shr_avg,eight_schools_centered,1.0,0.04,0.0317214,0.012507774999999999,0.017402300000000002,168325.0,87836.0,-4.0,-0.001,-4.0,-0.001,,65.272941,294.948853,67.760873,1.070379,1517.9753720930235,0.0003877792425367593
w2_da_b50_shr_avg,eight_schools_noncentered,1.0,0.03,0.0186740975,0.009910355,0.0089294725,73879.0,34551.0,-4.0,-0.001,-4.0,-0.001,,1558.196968,2986.27338,1515.75441,1.002418,50009.26646666667,0.02139293172426102
w2_da_b50_shr_avg,garch11,1.0,0.258,0.2435555,0.133611,0.1112305,77438.0,35719.0,-4.0,-0.001,-4.0,-0.001,,971.49315,1168.132369,1228.930811,1.005534,3809.7770588235294,0.012616302611586562
w2_da_b50_shr_avg,gp_regr,1.0,0.071,0.0625135,0.0327796,0.0277923,49831.0,23310.0,-4.0,-0.001,-4.0,-0.001,,3486.201573,3645.901707,2511.282799,1.001017,46228.72822535212,0.0694656193559957
w2_da_b50_shr_avg,hier_2pl,1.0,51.48,49.494375000000005,29.31675,20.177625,156030.0,69798.0,-4.0,-0.001,-4.0,-0.001,,58.11206,1581.997831,110.670212,1.062242,1.1288278943278944,0.0003724415817470999
w2_da_b50_shr_avg,kidscore_momiq,1.0,0.26,0.18355100000000002,0.09962694999999999,0.0846181,125278.0,54924.0,-4.0,-0.001,-4.0,-0.001,,138.017016,304.04573,225.114223,1.036522,766.7612000000001,0.0011052767736303866
w2_da_b50_shr_avg,kronecker_gp,1.0,16.245,14.284775000000002,7.4687275,6.2385475,143222.0,65896.0,-4.0,-0.001,-4.0,-0.001,,12.741974,166.368448,30.384986,1.232753,0.7955281263657364,8.923323192103861e-05
w2_da_b50_shr_avg,logmesquite_logvash,1.0,0.105,0.090954125,0.0479848,0.042969325,162889.0,74871.0,-4.0,-0.001,-4.0,-0.001,,250.191155,435.405207,353.068956,1.013491,2438.4305746268656,0.0015359610225368196
w2_da_b50_shr_avg,lotka_volterra,1.0,5.27,3.9151425,2.3940975,1.521045,140695.0,71578.0,-4.0,-0.001,-4.0,-0.001,,10.282622,34.936942,13.639413,1.314015,1.9511616698292222,6.838577566140382e-05
w2_da_b50_shr_avg,low_dim_gauss_mix,1.0,5.488,4.2091650000000005,2.3835975,1.8255675,89048.0,35879.0,-4.0,-0.001,-4.0,-0.001,,713.397835,1479.19447,748.721952,1.006745,191.20821093540607,0.00915504639135568
w2_da_b50_shr_avg,lsat_model,1.0,7.491,6.993685000000001,4.1036975,2.8899875,150408.0,69070.0,-4.0,-0.001,-4.0,-0.001,,673.866195,3829.375838,1055.816559,1.009683,74.97815891926392,0.004516892746065367
w2_da_b50_shr_avg,pilots,1.0,0.187,0.11178742499999998,0.044207224999999996,0.07140094999999999,277610.0,168367.0,-4.0,-0.001,-4.0,-0.001,,4.603786,325.972181,12.046373,2.946033,23.609158974358976,1.5900894553241463e-05
w2_da_b50_shr_avg,radon_partially_pooled_noncentered,1.0,17.528,16.7716325,8.161215,8.6104175,149783.0,69576.0,-4.0,-0.001,-4.0,-0.001,,106.296204,1794.359918,126.614356,1.050587,4.563635754765585,0.0006695697341152608
w2_da_b50_shr_avg,radon_variable_intercept_slope_noncentered,1.0,1.739,1.5106025,0.8266242500000001,0.6888894999999999,132940.0,61290.0,-4.0,-0.001,-4.0,-0.001,,98.761945,1568.75468,158.893422,1.041827,54.32450220022002,0.0006967136377103997
w2_da_b50_shr_avg,wells_dist100_model,1.0,0.925,0.87161425,0.506139,0.36547525000000003,58639.0,26980.0,-4.0,-0.001,-4.0,-0.001,,929.515424,950.564071,1248.417051,1.003496,1004.8815394594594,0.015456888120260743
w3_mdt7,accel_gp,1.0,1.587,1.22375075,0.6460557499999999,0.59668725,256004.0,128000.0,-4.0,-0.001,-4.0,-0.001,,4.032258,4.032258,inf,-inf,2.540805293005671,1.575076170684833e-05
w3_mdt7,arma11,0.5,0.558,0.51816675,0.2580905,0.26007624999999995,256004.0,128000.0,-4.0,-0.001,-4.0,-0.001,,4.032258,4.032258,inf,-inf,7.22710441720629,1.575076170684833e-05
w3_mdt7,blr,1.0,0.11,0.09567300000000001,0.0477876,0.049138975,256004.0,128000.0,-4.0,-0.001,-4.0,-0.001,,4.032258,4.032258,inf,-inf,36.656890909090905,1.575076170684833e-05
w3_mdt7,bym2_offset_only,1.0,14.528,11.319332499999998,6.0701475,5.249185,256004.0,128000.0,-4.0,-0.001,-4.0,-0.001,,4.032258,4.032258,inf,-inf,0.27755079845814973,1.575076170684833e-05
w3_mdt7,diamonds,1.0,3.507,3.3331150000000003,1.69922,1.5798825,256232.0,128000.0,-4.0,-0.001,-4.0,-0.001,,4.032258,4.032258,inf,-inf,1.1497741659538065,1.5736746386087606e-05
w3_mdt7,dogs_hierarchical,1.0,1.065,0.8320865,0.410254,0.41881650000000004,48877.0,23510.0,-4.0,-0.001,-4.0,-0.001,,1564.607101,3915.617038,1789.23823,1.003102,1469.1146488262912,0.03306998438028407
w3_mdt7,eight_schools_centered,1.0,0.046,0.0317435,0.013636249999999999,0.016212974999999998,146396.0,75396.0,-4.0,-0.001,-4.0,-0.001,,108.469149,370.362705,120.256865,1.039504,1972.1663454545455,0.0007409297316866581
w3_mdt7,eight_schools_noncentered,1.0,0.039,0.020990985,0.0108787675,0.0104415175,69309.0,33865.0,-4.0,-0.001,-4.0,-0.001,,1598.016451,3013.063703,1495.6723,1.003075,44127.20458974359,0.023090721194694103
w3_mdt7,garch11,1.0,0.31,0.27902925,0.14814875,0.1308805,73678.0,35623.0,-4.0,-0.001,-4.0,-0.001,,915.109701,1251.469606,1254.154164,1.003106,2933.0439134615385,0.012420392803822036
w3_mdt7,gp_regr,1.0,0.076,0.067585675,0.035619374999999995,0.031941375,47130.0,22814.0,-4.0,-0.001,-4.0,-0.001,,3584.731357,3821.6052,2390.305164,1.003236,46826.77465789474,0.07800355463922012
w3_mdt7,hier_2pl,1.0,122.387,101.68985,49.0806,52.493275,274982.0,146937.0,-4.0,-0.001,-4.0,-0.001,,5.296999,11.886106,4.032258,2.096131,0.037526116680245115,1.7594963660762923e-05
w3_mdt7,kidscore_momiq,1.0,0.411,0.39113575,0.193262,0.19547325,256004.0,128000.0,-4.0,-0.001,-4.0,-0.001,,4.032258,4.032258,inf,-inf,9.810846715328466,1.575076170684833e-05
w3_mdt7,kronecker_gp,1.0,48.111000000000004,40.697762499999996,18.7747875,21.922975,362842.5,190715.5,-4.0,-0.001,-4.0,-0.001,,7.0261545000000005,20.7719275,4.032258,1.5804835000000002,0.1471589100049374,1.9365282407702365e-05
w3_mdt7,logmesquite_logvash,1.0,0.12,0.09938985,0.055033725000000006,0.044878825,177577.0,77949.0,-4.0,-0.001,-4.0,-0.001,,128.831311,235.134014,85.600119,1.029792,1073.5942583333333,0.0007254954808336665
w3_mdt7,lotka_volterra,1.0,7.839,5.07125,2.936295,1.9629750000000001,198624.0,96013.0,-4.0,-0.001,-4.0,-0.001,,58.167457,917.352424,26.400774,1.059493,7.420264957264957,0.0003644691688336101
w3_mdt7,low_dim_gauss_mix,1.0,12.42,7.8431675,4.5411125000000006,3.302055,143795.0,61619.0,-4.0,-0.001,-4.0,-0.001,,7.183503,7.237739,4.032258,1.530898,0.5345426919656092,5.0155081887409156e-05
w3_mdt7,lsat_model,1.0,13.272,8.8077875,5.460017499999999,3.34777,169105.0,67334.0,-4.0,-0.001,-4.0,-0.001,,7.183739,54.610679,4.032258,1.54811,0.5412702682338758,4.248093787883268e-05
w3_mdt7,pilots,1.0,0.161,0.11935067499999999,0.07027992500000001,0.051938525,306694.0,132046.0,-4.0,-0.001,-4.0,-0.001,,4.436781,404.191018,11.857255,3.411902,27.557645962732916,1.4537415143432868e-05
w3_mdt7,radon_partially_pooled_noncentered,1.0,33.281,31.992224999999998,15.931625,15.98965,255992.0,128000.0,-4.0,-0.001,-4.0,-0.001,,4.032258,4.032258,inf,-inf,0.12115795799405066,1.5751500046876463e-05
w3_mdt7,radon_variable_intercept_slope_noncentered,1.0,3.529,2.48915825,1.33226675,1.10179675,185387.0,85963.0,-4.0,-0.001,-4.0,-0.001,,4.399387,7.261222,4.032258,3.715133,1.23498866534429,2.3509064821157903e-05
w3_mdt7,wells_dist100_model,1.0,0.948,0.8826035,0.47411049999999993,0.42768175,54744.0,26088.0,-4.0,-0.001,-4.0,-0.001,,796.549234,814.0088,1169.365265,1.003511,796.549234,0.014894895732824712
w3_mst31,accel_gp,1.0,1.651,1.39751,0.74197175,0.65553825,256004.0,128000.0,-4.0,-0.001,-4.0,-0.001,,4.032258,4.032258,inf,-inf,2.4423125378558446,1.575076170684833e-05
w3_mst31,arma11,0.5,0.6034999999999999,0.562970375,0.285126875,0.2778435,256004.0,128000.0,-4.0,-0.001,-4.0,-0.001,,4.032258,4.032258,inf,-inf,6.702106097661737,1.575076170684833e-05
w3_mst31,blr,1.0,0.115,0.090818025,0.045990699999999995,0.044827325,256004.0,128000.0,-4.0,-0.001,-4.0,-0.001,,4.032258,4.032258,inf,-inf,35.06311304347825,1.575076170684833e-05
w3_mst31,bym2_offset_only,1.0,16.976,12.850132499999999,6.1664125,6.683719999999999,256004.0,128000.0,-4.0,-0.001,-4.0,-0.001,,4.032258,4.032258,inf,-inf,0.23752697926484448,1.575076170684833e-05
w3_mst31,diamonds,1.0,3.335,3.1858125,1.51983,1.6659825,256232.0,128000.0,-4.0,-0.001,-4.0,-0.001,,4.032258,4.032258,inf,-inf,1.2090728635682157,1.5736746386087606e-05
w3_mst31,dogs_hierarchical,1.0,1.07,0.8267965,0.4060325,0.420764,48877.0,23510.0,-4.0,-0.001,-4.0,-0.001,,1564.607101,3915.617038,1789.23823,1.003102,1575.636556898288,0.03306998438028407
w3_mst31,eight_schools_centered,1.0,0.044,0.03140485,0.01451935,0.016383025,142972.0,72437.0,-4.0,-0.001,-4.0,-0.001,,113.45741,343.624622,88.464595,1.034845,2836.43525,0.0007935638446688862
w3_mst31,eight_schools_noncentered,1.0,0.038,0.0193963925,0.0101286725,0.0102204975,69309.0,33865.0,-4.0,-0.001,-4.0,-0.001,,1598.016451,3013.063703,1495.6723,1.003075,43189.63381081081,0.023090721194694103
w3_mst31,garch11,1.0,0.304,0.27819825,0.1435495,0.13357125,73569.0,35514.0,-4.0,-0.001,-4.0,-0.001,,946.355733,1251.469606,1254.154164,1.00327,3052.760429032258,0.012868934877206343
w3_mst31,gp_regr,1.0,0.091,0.07487869999999999,0.0384854,0.038090399999999996,47130.0,22814.0,-4.0,-0.001,-4.0,-0.001,,3584.731357,3821.6052,2390.305164,1.003236,39108.07553846154,0.07800355463922012
w3_mst31,hier_2pl,1.0,125.478,112.9311,52.629450000000006,53.65015,274982.0,146937.0,-4.0,-0.001,-4.0,-0.001,,5.296999,11.886106,4.032258,2.096131,0.03596257094750563,1.7594963660762923e-05
w3_mst31,kidscore_momiq,1.0,0.42,0.395341,0.192471,0.20381875000000002,256004.0,128000.0,-4.0,-0.001,-4.0,-0.001,,4.032258,4.032258,inf,-inf,9.600614285714284,1.575076170684833e-05
w3_mst31,kronecker_gp,1.0,53.066500000000005,44.598075,20.8582,23.739874999999998,362842.5,190715.5,-4.0,-0.001,-4.0,-0.001,,7.0261545000000005,20.7719275,4.032258,1.5804835000000002,0.1324409055082913,1.9365282407702365e-05
w3_mst31,logmesquite_logvash,1.0,0.125,0.113326275,0.06614855,0.047177725000000004,177671.0,78700.0,-4.0,-0.001,-4.0,-0.001,,126.32604,236.762864,265.745209,1.043648,1010.60832,0.0007110110259974898
w3_mst31,lotka_volterra,1.0,8.135,5.56002,3.2194575000000003,1.8817525000000002,194086.0,94158.0,-4.0,-0.001,-4.0,-0.001,,7.033738,21.733936,20.36925,1.56725,1.0704212448637955,5.012676829224837e-05
w3_mst31,low_dim_gauss_mix,1.0,12.884,8.488427499999998,4.55077,3.338965,143795.0,61619.0,-4.0,-0.001,-4.0,-0.001,,7.183503,7.237739,4.032258,1.530898,0.49445015768545175,5.0155081887409156e-05
w3_mst31,lsat_model,1.0,12.782,8.168995,4.9212125,3.2477825,169152.0,67560.0,-4.0,-0.001,-4.0,-0.001,,7.206347,56.02017,4.032258,1.555364,0.5637886872163981,4.260278920734014e-05
w3_mst31,pilots,1.0,0.199,0.134753825,0.07977917500000001,0.05734265000000001,306694.0,132046.0,-4.0,-0.001,-4.0,-0.001,,4.458538,416.959415,11.217159,3.312066,22.404713567839195,1.4537415143432868e-05
w3_mst31,radon_partially_pooled_noncentered,1.0,32.414,31.295424999999998,15.426400000000001,16.3823,255992.0,128000.0,-4.0,-0.001,-4.0,-0.001,,4.032258,4.032258,inf,-inf,0.12439865490220274,1.5751500046876463e-05
w3_mst31,radon_variable_intercept_slope_noncentered,1.0,3.653,2.61575475,1.43014575,1.185609,185387.0,85963.0,-4.0,-0.001,-4.0,-0.001,,4.399387,7.261222,4.032258,3.715133,1.1930673419107583,2.3509064821157903e-05
w3_mst31,wells_dist100_model,1.0,0.999,0.94903825,0.51561575,0.4274285,54744.0,26088.0,-4.0,-0.001,-4.0,-0.001,,796.549234,814.0088,1169.365265,1.003511,851.0141388888887,0.014894895732824712
w3_mst63,accel_gp,1.0,1.764,1.3380412499999998,0.6717642500000001,0.666277,256004.0,128000.0,-4.0,-0.001,-4.0,-0.001,,4.032258,4.032258,inf,-inf,2.285860544217687,1.575076170684833e-05
w3_mst63,arma11,0.5,0.6735,0.652601,0.331953375,0.320647625,256004.0,128000.0,-4.0,-0.001,-4.0,-0.001,,4.032258,4.032258,inf,-inf,5.9920431113229276,1.575076170684833e-05
w3_mst63,blr,1.0,0.132,0.11748092499999999,0.0611644,0.0590824,256004.0,128000.0,-4.0,-0.001,-4.0,-0.001,,4.032258,4.032258,inf,-inf,30.54740909090909,1.575076170684833e-05
w3_mst63,bym2_offset_only,1.0,18.741,13.45459,6.0835625,7.3640550000000005,256004.0,128000.0,-4.0,-0.001,-4.0,-0.001,,4.032258,4.032258,inf,-inf,0.21515703537698094,1.575076170684833e-05
w3_mst63,diamonds,1.0,4.015,3.8921275,1.9166374999999998,1.9279425,256232.0,128000.0,-4.0,-0.001,-4.0,-0.001,,4.032258,4.032258,inf,-inf,1.0042983810709838,1.5736746386087606e-05
w3_mst63,dogs_hierarchical,1.0,1.297,1.0119865000000001,0.48814625,0.51377575,48877.0,23510.0,-4.0,-0.001,-4.0,-0.001,,1564.607101,3915.617038,1789.23823,1.003102,1206.3277571318429,0.03306998438028407
w3_mst63,eight_schools_centered,1.0,0.053,0.034688525000000005,0.016614499999999997,0.018074024999999997,142972.0,72437.0,-4.0,-0.001,-4.0,-0.001,,113.45741,343.624622,88.464595,1.034845,2140.7058490566037,0.0007935638446688862
w3_mst63,eight_schools_noncentered,1.0,0.039,0.023238225,0.011293025,0.011945200000000001,69309.0,33865.0,-4.0,-0.001,-4.0,-0.001,,1598.016451,3013.063703,1495.6723,1.003075,40814.43269230769,0.023090721194694103
w3_mst63,garch11,1.0,0.351,0.3300545,0.16783499999999998,0.16221950000000002,73569.0,35514.0,-4.0,-0.001,-4.0,-0.001,,946.355733,1251.469606,1254.154164,1.00327,2520.8653504273507,0.012868934877206343
w3_mst63,gp_regr,1.0,0.09,0.078856125,0.039076324999999995,0.0386088,47130.0,22814.0,-4.0,-0.001,-4.0,-0.001,,3584.731357,3821.6052,2390.305164,1.003236,39830.34841111112,0.07800355463922012
w3_mst63,hier_2pl,1.0,132.785,114.298075,53.588950000000004,63.1221,274982.0,146937.0,-4.0,-0.001,-4.0,-0.001,,5.296999,11.886106,4.032258,2.096131,0.030446669428022745,1.7594963660762923e-05
w3_mst63,kidscore_momiq,1.0,0.477,0.45023075,0.22560449999999999,0.22253825,256004.0,128000.0,-4.0,-0.001,-4.0,-0.001,,4.032258,4.032258,inf,-inf,8.45337106918239,1.575076170684833e-05
w3_mst63,kronecker_gp,1.0,48.6015,40.6841,19.2869,21.397199999999998,362842.5,190715.5,-4.0,-0.001,-4.0,-0.001,,7.0261545000000005,20.7719275,4.032258,1.5804835000000002,0.14527567151472714,1.9365282407702365e-05
w3_mst63,logmesquite_logvash,1.0,0.141,0.12095355,0.0690215,0.0559296,177671.0,78700.0,-4.0,-0.001,-4.0,-0.001,,126.32604,236.762864,265.745209,1.043648,923.8549574468087,0.0007110110259974898
w3_mst63,lotka_volterra,1.0,9.176,6.14146,3.2879475,2.25341,194086.0,94158.0,-4.0,-0.001,-4.0,-0.001,,7.033738,21.733936,20.36925,1.56725,1.1986601908657122,5.012676829224837e-05
w3_mst63,low_dim_gauss_mix,1.0,13.421,7.700105,4.50834,3.191765,143795.0,61619.0,-4.0,-0.001,-4.0,-0.001,,7.183503,7.237739,4.032258,1.530898,0.5373705387079949,5.0155081887409156e-05
w3_mst63,lsat_model,1.0,15.174,10.0066075,6.127215,3.8793925,169152.0,67560.0,-4.0,-0.001,-4.0,-0.001,,7.206347,56.02017,4.032258,1.555364,0.46959122898475175,4.260278920734014e-05
w3_mst63,pilots,1.0,0.2,0.145132125,0.09005880000000001,0.05907037500000001,306694.0,132046.0,-4.0,-0.001,-4.0,-0.001,,4.458538,416.959415,11.217159,3.312066,22.75926,1.4537415143432868e-05
w3_mst63,radon_partially_pooled_noncentered,1.0,44.803,43.340374999999995,22.217125,21.123250000000002,255992.0,128000.0,-4.0,-0.001,-4.0,-0.001,,4.032258,4.032258,inf,-inf,0.08999973216079281,1.5751500046876463e-05
w3_mst63,radon_variable_intercept_slope_noncentered,1.0,4.349,2.944954,1.61267825,1.33227575,185387.0,85963.0,-4.0,-0.001,-4.0,-0.001,,4.399387,7.261222,4.032258,3.715133,1.002132674177972,2.3509064821157903e-05
w3_mst63,wells_dist100_model,1.0,1.097,1.046062,0.54769125,0.4983707500000001,54744.0,26088.0,-4.0,-0.001,-4.0,-0.001,,796.549234,814.0088,1169.365265,1.003511,728.1071608775136,0.014894895732824712
w4_init_fix,accel_gp,1.0,3.612,3.3246124999999997,1.7018075,1.5235649999999998,858737.0,386420.0,-4.0,-0.001,-4.0,-0.001,,4.41819,24.673665,11.294712,3.456956,1.2165400502372314,5.144986183196951e-06
w4_init_fix,blr,1.0,0.081,0.0352648,0.020467775,0.0203980275,94370.0,51590.0,-4.0,-0.001,-4.0,-0.001,,4.26865,4.388464,11.42861,4.29085,52.35764197530864,4.49398007841475e-05
w4_init_fix,bym2_offset_only,1.0,41.564,38.359500000000004,18.737825,19.8461,994821.0,500000.0,-4.0,-0.001,-4.0,-0.001,,4.243348,5.354931,10.656981,4.533381,0.10283414113997673,4.265438707063884e-06
w4_init_fix,diamonds,1.0,5.187,4.0508075,1.8626525,1.7640775,444584.0,198244.0,-4.0,-0.001,-4.0,-0.001,,4.545387,75.710352,11.195312,3.018414,0.9505200752823086,1.2097417840375587e-05
w4_init_fix,dogs_hierarchical,1.0,3.444,1.9735369999999999,1.2682992499999999,0.70523775,151213.0,53384.0,-4.0,-0.001,-4.0,-0.001,,7.293195,263.526228,4.032258,1.526009,2.1176524390243903,4.8231269798231634e-05
w4_init_fix,eight_schools_centered,1.0,0.053,0.035459950000000004,0.019320775,0.0163513,196061.0,88463.0,-4.0,-0.001,-4.0,-0.001,,81.240953,359.937673,79.195016,1.033605,1728.5309148936171,0.00038308735835977913
w4_init_fix,eight_schools_noncentered,1.0,0.037,0.020366040000000002,0.0111926875,0.0090241525,84404.0,37936.0,-4.0,-0.001,-4.0,-0.001,,1580.07011,3144.811269,1483.085076,1.002823,42704.59756756757,0.018720322615041942
w4_init_fix,garch11,1.0,0.718,0.43032324999999993,0.25556325,0.17836049999999998,129561.0,56446.0,-4.0,-0.001,-4.0,-0.001,,721.433912,1259.883703,1124.717563,1.007442,1004.7826072423399,0.005781554326745844
w4_init_fix,gp_regr,1.0,0.074,0.0637966,0.034690525,0.029106075,54390.0,24582.0,-4.0,-0.001,-4.0,-0.001,,3298.576724,3484.509715,2199.999636,1.001445,41193.492535714286,0.05939737319761055
w4_init_fix,hier_2pl,1.0,145.322,65.17845,40.017725,25.160725,255657.0,98919.0,-4.0,-0.001,-4.0,-0.001,,309.700817,2735.573422,442.707688,1.021006,2.131135113747402,0.0012113918922618976
w4_init_fix,kidscore_momiq,1.0,0.724,0.341515375,0.158032125,0.19125685,244008.0,139086.0,-4.0,-0.001,-4.0,-0.001,,4.704102,4.912972,11.421196,2.988481,6.273860199714694,1.802390085570965e-05
w4_init_fix,kronecker_gp,1.5,42.008,26.131675,15.15358125,10.97809375,298349.5,126518.5,-4.0,-0.001,-4.0,-0.001,,13.1053825,139.3823405,38.555022,1.4220799999999998,0.2899496624579626,4.100181797614397e-05
w4_init_fix,logmesquite_logvash,1.0,0.098,0.081105175,0.0425627,0.03854247499999999,160935.0,75283.0,-4.0,-0.001,-4.0,-0.001,,292.798525,540.707703,391.191854,1.021311,2873.4221020408163,0.0017497459595488863
w4_init_fix,lotka_volterra,1.0,7.978,5.78258,3.371085,2.4114949999999995,179135.0,81414.0,-4.0,-0.001,-4.0,-0.001,,7.418096,24.708514,44.809574,1.501639,0.9298190022562046,3.9981096352219174e-05
w4_init_fix,low_dim_gauss_mix,1.0,5.059,3.8552425,2.2068,1.6484425000000003,81711.0,36060.0,-4.0,-0.001,-4.0,-0.001,,759.078586,2271.164765,1142.191569,1.003503,126.7666309285237,0.00700968312863607
w4_init_fix,lsat_model,1.0,33.651,25.390615,15.257807499999998,10.29177,689328.0,282000.0,-4.0,-0.001,-4.0,-0.001,,1004.622836,7002.318094,1663.277875,1.008085,29.854174794211165,0.0015922586164813881
w4_init_fix,pilots,1.0,0.101,0.077106775,0.039473675,0.037327824999999995,200260.0,100829.0,-4.0,-0.001,-4.0,-0.001,,4.420952,361.261431,11.186182,3.444002,43.77180198019801,2.1958578847498253e-05
w4_init_fix,radon_partially_pooled_noncentered,1.0,31.262,20.620240000000003,13.4632525,7.1569875,223264.0,80348.0,-4.0,-0.001,-4.0,-0.001,,329.57569,5307.238352,550.333883,1.008596,10.463108726249121,0.0014650714176938514
w4_init_fix,radon_variable_intercept_slope_noncentered,1.0,4.291,3.632448,2.3782075000000003,1.1861705,331525.0,109118.0,-4.0,-0.001,-4.0,-0.001,,293.663926,3258.458512,215.614707,1.023607,68.43717688184572,0.0008857972279616922
w4_init_fix,wells_dist100_model,1.0,0.731,0.6998725,0.3608125,0.33906,54005.0,26374.0,-4.0,-0.001,-4.0,-0.001,,808.054424,850.405196,937.756087,1.006151,1105.40960875513,0.014962585390241645
w5_pf_init,accel_gp,1.0,2.852,2.7026225,1.440315,1.21140225,726447.0,338893.0,-4.0,-0.001,-4.0,-0.001,,21.639662,198.525314,38.883482,1.132429,7.906633516053251,3.579564784253387e-05
w5_pf_init,arma11,1.0,0.151,0.136748225,0.07901285,0.0549032,73363.0,30007.0,-4.0,-0.001,-4.0,-0.001,,2610.942289,3140.782434,2309.08908,1.001601,15912.789920529802,0.03558936097215218
w5_pf_init,blr,1.0,0.16,0.1369034,0.085416125,0.051487275,372365.0,143768.0,-4.0,-0.001,-4.0,-0.001,,438.769188,519.28347,687.584458,1.013309,2431.734387323944,0.0009593013673893476
w5_pf_init,bym2_offset_only,1.0,40.905,37.366575,19.289324999999998,18.07725,967959.0,469000.0,-4.0,-0.001,-4.0,-0.001,,92.048933,3524.815255,269.74586,1.032878,2.272925403723641,9.511388275799358e-05
w5_pf_init,diamonds,1.0,6.326,6.1395375,3.5415124999999996,2.6471375,655533.0,282718.0,-4.0,-0.001,-4.0,-0.001,,9.51115,430.670476,15.68264,1.368081,1.5058818872704245,1.472264102460907e-05
w5_pf_init,dogs_hierarchical,1.0,1.183,0.7932879999999999,0.40737775000000004,0.38591025,55021.0,25350.0,-4.0,-0.001,-4.0,-0.001,,1638.322814,3918.770994,1857.703619,1.002587,1384.8882620456468,0.029776318387524765
w5_pf_init,eight_schools_centered,1.0,0.052,0.033526850000000004,0.018962150000000004,0.0164167,177217.0,77044.0,-4.0,-0.001,-4.0,-0.001,,97.3723,463.368142,106.209789,1.0386,1833.2572307692308,0.0006445441981852848
w5_pf_init,eight_schools_noncentered,1.0,0.05,0.026799795,0.01620148,0.010598315,105588.0,41629.0,-4.0,-0.001,-4.0,-0.001,,1406.59501,3068.308068,1223.98423,1.003334,28131.9002,0.012592971492972687
w5_pf_init,garch11,1.0,0.259,0.23498650000000001,0.114838,0.11218575,73222.0,36441.0,-4.0,-0.001,-4.0,-0.001,,886.043055,1186.606872,1194.682378,1.003114,3306.1308022388057,0.011519319990119348
w5_pf_init,gp_regr,1.0,0.145,0.08293919999999999,0.04709635,0.03584285,68735.0,30216.0,-4.0,-0.001,-4.0,-0.001,,3137.042018,3438.483627,2522.582221,1.002558,21127.21624827586,0.04456894385684149
w5_pf_init,hier_2pl,1.0,270.655,261.70375,134.55775,127.146,966166.0,469000.0,-4.0,-0.001,-4.0,-0.001,,183.164056,781.103626,85.565781,1.025482,0.6767436625962941,0.0001895782463883018
w5_pf_init,kidscore_momiq,1.0,0.113,0.10161324999999999,0.05572605,0.045887199999999996,74619.0,33956.0,-4.0,-0.001,-4.0,-0.001,,292.68673,402.906639,312.145781,1.012507,2590.1480530973454,0.003829875297689147
w5_pf_init,kronecker_gp,1.5,74.3945,59.7648625,34.886575,24.8782875,686158.0,284221.0,-4.0,-0.001,-4.0,-0.001,,60.637761,629.8496869999999,80.3887685,1.064298,0.820121149286614,9.004948448524858e-05
w5_pf_init,logmesquite_logvash,1.0,0.156,0.098573575,0.053234175,0.0453394,191348.0,86396.0,-4.0,-0.001,-4.0,-0.001,,297.467492,585.788932,479.31553,1.007389,1763.58582,0.00138249614837887
w5_pf_init,lotka_volterra,1.0,2.315,2.21021325,1.1805925000000002,1.02962075,124580.0,57835.0,-4.0,-0.001,-4.0,-0.001,,187.824345,1482.418725,380.225106,1.017668,81.13362634989201,0.001524115267578204
w5_pf_init,low_dim_gauss_mix,1.0,5.205,4.240279999999999,2.534295,1.705985,92340.0,37074.0,-4.0,-0.001,-4.0,-0.001,,2303.911136,3476.023045,2312.569857,1.001791,492.81521625668455,0.02495030470002166
w5_pf_init,lsat_model,1.0,24.904,24.52615,14.887325,9.8332175,640137.0,252000.0,-4.0,-0.001,-4.0,-0.001,,1384.471866,11171.655425,1907.678864,1.008445,54.99828649743774,0.002162688948054686
w5_pf_init,pilots,1.0,0.121,0.06899775,0.040838275,0.028159475000000003,169939.0,77140.0,-4.0,-0.001,-4.0,-0.001,,4.546478,284.25522,10.837594,3.03477,14.367671009771987,2.6753588052183428e-05
w5_pf_init,radon_partially_pooled_noncentered,1.0,80.736,80.332125,45.706450000000004,34.625675,864605.0,376000.0,-4.0,-0.001,-4.0,-0.001,,373.049482,6667.344104,703.761669,1.013389,4.572357233906947,0.0004314681062450483
w5_pf_init,radon_variable_intercept_slope_noncentered,1.0,7.232,6.414205,3.9480299999999997,2.4661750000000002,574670.0,220000.0,-4.0,-0.001,-4.0,-0.001,,564.958064,7225.429231,487.710299,1.007352,78.5864604256503,0.0009960159569840081
w5_pf_init,wells_dist100_model,1.0,1.009,0.9006037499999999,0.50331525,0.371402,66508.0,29708.0,-4.0,-0.001,-4.0,-0.001,,1034.910488,1035.337395,1299.002996,1.003672,1085.3968909811697,0.01583767335903295
w6_pf_chop50,arma11,1.0,0.12,0.108645875,0.05542635,0.05257125,59211.0,28607.0,-4.0,-0.001,-4.0,-0.001,,923.165088,2045.731571,1496.577894,1.003418,7269.016440944882,0.015591107868470386
w6_pf_chop50,blr,1.0,0.262,0.143930375,0.08319362500000001,0.06634124999999999,377345.0,178864.0,-4.0,-0.001,-4.0,-0.001,,722.952155,2519.125766,639.753178,1.007561,2764.739652830189,0.0019158917038784135
w6_pf_chop50,bym2_offset_only,1.0,40.093,33.747575,18.156275,15.5913,887580.0,407120.0,-4.0,-0.001,-4.0,-0.001,,35.697889,1937.952021,89.870737,1.079585,0.8823458708502729,3.9856568422001396e-05
w6_pf_chop50,diamonds,1.0,6.772,6.41501,3.657435,2.8171999999999997,730749.0,340849.0,-4.0,-0.001,-4.0,-0.001,,7.511508,591.149276,23.244499,1.502114,1.1030128470171294,1.1366732811277859e-05
w6_pf_chop50,dogs_hierarchical,1.0,1.056,0.7157015,0.35296325000000006,0.36273825000000004,52195.0,25043.0,-4.0,-0.001,-4.0,-0.001,,1617.104081,3920.382079,1727.392597,1.002671,1531.34856155303,0.030981973005077115
w6_pf_chop50,eight_schools_centered,1.0,0.051,0.0379502,0.017442475,0.015201300000000001,175303.0,77955.0,-4.0,-0.001,-4.0,-0.001,,68.646099,293.991288,65.947228,1.059759,1392.831213114754,0.0004727432304005289
w6_pf_chop50,eight_schools_noncentered,1.0,0.035,0.021632295,0.0118638475,0.009835632499999998,85958.0,37782.0,-4.0,-0.001,-4.0,-0.001,,1667.697317,3184.329412,1288.322942,1.003022,44377.69615789474,0.019618330510249193
w6_pf_chop50,garch11,1.0,0.332,0.305925,0.1499605,0.15825125,101500.0,50319.0,-4.0,-0.001,-4.0,-0.001,,889.174535,1435.27055,1191.294957,1.003669,2449.5166253443526,0.008754647569068389
w6_pf_chop50,gp_regr,1.0,0.099,0.0713718,0.03763255,0.033739250000000005,60227.0,28489.0,-4.0,-0.001,-4.0,-0.001,,2183.600356,2677.173586,1963.304797,1.001116,22056.56925252525,0.036256170089826824
w6_pf_chop50,hier_2pl,1.0,271.942,245.4293,126.8743,118.555,896316.0,437936.0,-4.0,-0.001,-4.0,-0.001,,190.031185,1091.827786,227.280438,1.028356,0.7111306806274885,0.00019897740825243785
w6_pf_chop50,kidscore_momiq,1.0,0.178,0.152098925,0.079186875,0.07152275,107465.0,51088.0,-4.0,-0.001,-4.0,-0.001,,494.024918,913.959688,537.6776,1.008362,2835.7066329787235,0.004597077355418043
w6_pf_chop50,kronecker_gp,1.0,65.039,52.06955000000001,30.1723,21.89725,593780.0,250755.0,-4.0,-0.001,-4.0,-0.001,,76.659536,687.66555,144.651206,1.055599,1.2448569526314934,0.000129839648926098
w6_pf_chop50,logmesquite_logvash,1.0,0.127,0.08940775000000001,0.04666995,0.04478575,170241.0,85139.0,-4.0,-0.001,-4.0,-0.001,,159.024643,450.624771,292.413266,1.011934,1252.1625433070865,0.0008990253014909347
w6_pf_chop50,lotka_volterra,1.0,2.361,2.2776775000000002,1.1133675,1.16431,129783.0,67840.0,-4.0,-0.001,-4.0,-0.001,,87.016523,1408.584237,137.944112,1.050368,38.45116084977238,0.0006146189591603215
w6_pf_chop50,low_dim_gauss_mix,1.0,4.657,4.482632499999999,2.1587324999999997,2.3239,97950.0,51283.0,-4.0,-0.001,-4.0,-0.001,,1144.369877,1852.175147,1334.579816,1.002971,169.6043461455873,0.008223893880865862
w6_pf_chop50,lsat_model,1.0,24.156,23.799455000000002,14.379825,9.8446875,621723.0,252000.0,-4.0,-0.001,-4.0,-0.001,,1467.13934,10161.118459,1784.574586,1.008736,61.13476196390131,0.002359431506595971
w6_pf_chop50,pilots,1.0,0.127,0.07682839999999999,0.0312973,0.047004425,214706.0,135071.0,-4.0,-0.001,-4.0,-0.001,,5.331526,226.919164,11.30788,2.071548,39.32498387096774,2.2711512486842473e-05
w6_pf_chop50,radon_partially_pooled_noncentered,1.0,76.938,72.24135,40.336275,31.96965,768783.0,344616.0,-4.0,-0.001,-4.0,-0.001,,623.49987,7714.920869,1280.278194,1.008741,8.14840782560966,0.0007869987620420436
w6_pf_chop50,radon_variable_intercept_slope_noncentered,1.0,7.08,6.1489899999999995,3.72059,2.4284,544097.0,217298.0,-4.0,-0.001,-4.0,-0.001,,588.533561,6722.39288,657.997521,1.0054,81.51324266021257,0.0011551040684037157
w6_pf_chop50,wells_dist100_model,1.0,0.982,0.8183670000000001,0.42083574999999995,0.393436,63489.0,30263.0,-4.0,-0.001,-4.0,-0.001,,1108.757124,1156.69626,1237.201235,1.003724,1147.7024083503054,0.01749416001800571
w7_batch_1000,accel_gp,1.0,1.3,1.02831175,0.54299275,0.50094225,256004.0,128000.0,-4.0,-0.001,-4.0,-0.001,,4.032258,4.032258,inf,-inf,3.1017369230769227,1.575076170684833e-05
w7_batch_1000,arma11,0.5,0.514,0.475910375,0.23956100000000002,0.236349375,256004.0,128000.0,-4.0,-0.001,-4.0,-0.001,,4.032258,4.032258,inf,-inf,7.859257872224244,1.575076170684833e-05
w7_batch_1000,blr,1.0,0.088,0.079064325,0.039852250000000006,0.039152725,256004.0,128000.0,-4.0,-0.001,-4.0,-0.001,,4.032258,4.032258,inf,-inf,45.821113636363634,1.575076170684833e-05
w7_batch_1000,bym2_offset_only,1.0,13.479,9.4965425,4.664882500000001,4.83166,256004.0,128000.0,-4.0,-0.001,-4.0,-0.001,,4.032258,4.032258,inf,-inf,0.29915112397062094,1.575076170684833e-05
w7_batch_1000,diamonds,1.0,2.51,2.4181025000000003,1.1962125,1.2022650000000001,256232.0,128000.0,-4.0,-0.001,-4.0,-0.001,,4.032258,4.032258,inf,-inf,1.6064772908366534,1.5736746386087606e-05
w7_batch_1000,dogs_hierarchical,1.0,0.875,0.6730102499999999,0.33467925,0.33891974999999996,48877.0,23510.0,-4.0,-0.001,-4.0,-0.001,,1564.607101,3915.617038,1789.23823,1.003102,1851.6060366863906,0.03306998438028407
w7_batch_1000,eight_schools_centered,1.0,0.033,0.023827925,0.0114495,0.012284625,137531.0,68085.0,-4.0,-0.001,-4.0,-0.001,,128.037457,372.577648,189.246046,1.03369,3879.922939393939,0.0009309716136725537
w7_batch_1000,eight_schools_noncentered,1.0,0.027,0.016363139999999998,0.008279715,0.008083425,69309.0,33865.0,-4.0,-0.001,-4.0,-0.001,,1598.016451,3013.063703,1495.6723,1.003075,59185.794481481484,0.023090721194694103
w7_batch_1000,garch11,1.0,0.265,0.23794499999999996,0.12264325,0.11175550000000001,73569.0,35514.0,-4.0,-0.001,-4.0,-0.001,,946.355733,1251.469606,1254.154164,1.00327,3567.693574074074,0.012868934877206343
w7_batch_1000,gp_regr,1.0,0.071,0.059327275,0.0305032,0.028292900000000003,47130.0,22814.0,-4.0,-0.001,-4.0,-0.001,,3584.731357,3821.6052,2390.305164,1.003236,50489.17404225353,0.07800355463922012
w7_batch_1000,hier_2pl,1.0,92.52,76.83925,35.9113,41.037025,274982.0,146937.0,-4.0,-0.001,-4.0,-0.001,,5.296999,11.886106,4.032258,2.096131,0.04843147635113512,1.7594963660762923e-05
w7_batch_1000,kidscore_momiq,1.0,0.361,0.33939074999999996,0.1669905,0.16669875,256004.0,128000.0,-4.0,-0.001,-4.0,-0.001,,4.032258,4.032258,inf,-inf,11.16968975069252,1.575076170684833e-05
w7_batch_1000,kronecker_gp,0.5,39.305,29.268995,14.81680625,14.452188750000001,334602.5,164907.0,-4.0,-0.001,-4.0,-0.001,,5.2033355,13.9281855,4.032258,3.2142540000000004,0.13251182535358244,1.5426095162038854e-05
w7_batch_1000,logmesquite_logvash,1.0,0.117,0.09394664999999999,0.05354415,0.039983575,184511.0,77738.0,-4.0,-0.001,-4.0,-0.001,,92.786643,193.590402,160.45797,1.025187,786.3274830508475,0.0005028786522212768
w7_batch_1000,lotka_volterra,1.0,7.013,4.5177075,2.8475124999999997,1.670195,194086.0,93901.0,-4.0,-0.001,-4.0,-0.001,,6.793834,21.47495,20.36925,1.620983,1.3853658238172921,4.8221523479643406e-05
w7_batch_1000,low_dim_gauss_mix,1.0,11.435,6.5853425,3.8077300000000003,2.7776125,143795.0,61619.0,-4.0,-0.001,-4.0,-0.001,,7.169231,7.237739,4.032258,1.536262,0.6306996064713598,5.0155081887409156e-05
w7_batch_1000,lsat_model,1.0,10.787,6.78864,4.0981125,2.6905275,169152.0,67560.0,-4.0,-0.001,-4.0,-0.001,,7.206347,56.02017,4.032258,1.555364,0.6680584963381848,4.260278920734014e-05
w7_batch_1000,pilots,1.0,0.126,0.09396750000000001,0.054210049999999996,0.039280175,285722.0,115720.0,-4.0,-0.001,-4.0,-0.001,,4.519191,374.259682,11.325601,3.085857,35.866595238095236,1.584835806867916e-05
w7_batch_1000,radon_partially_pooled_noncentered,1.0,25.068,24.021900000000002,11.934650000000001,12.08725,255992.0,128000.0,-4.0,-0.001,-4.0,-0.001,,4.032258,4.032258,inf,-inf,0.16528357107722574,1.5751500046876463e-05
w7_batch_1000,radon_variable_intercept_slope_noncentered,1.0,3.043,2.0236105,1.08044925,0.94316125,185387.0,85963.0,-4.0,-0.001,-4.0,-0.001,,4.399387,7.261222,4.032258,3.715133,1.5318199860724235,2.3509064821157903e-05
w7_batch_1000,wells_dist100_model,1.0,0.764,0.718285,0.37037824999999996,0.33268525,54744.0,26088.0,-4.0,-0.001,-4.0,-0.001,,796.549234,814.0088,1169.365265,1.003511,1123.4826995768688,0.014894895732824712
w7_batch_2000,accel_gp,1.0,1.9,1.51382525,1.0332365,0.48058875,384004.0,128000.0,-4.0,-0.001,-4.0,-0.001,,4.032258,4.032258,inf,-inf,2.122241052631579,1.0500562494140685e-05
w7_batch_2000,arma11,0.5,0.746,0.698549625,0.465058375,0.23349124999999998,384004.0,128000.0,-4.0,-0.001,-4.0,-0.001,,4.032258,4.032258,inf,-inf,5.405793254404692,1.0500562494140685e-05
w7_batch_2000,blr,1.0,0.144,0.12477250000000001,0.08381385000000001,0.04024105,384004.0,128000.0,-4.0,-0.001,-4.0,-0.001,,4.032258,4.032258,inf,-inf,28.001791666666666,1.0500562494140685e-05
w7_batch_2000,bym2_offset_only,1.0,17.544,14.436610000000002,9.5166075,4.9200025,384004.0,128000.0,-4.0,-0.001,-4.0,-0.001,,4.032258,4.032258,inf,-inf,0.22983686730506153,1.0500562494140685e-05
w7_batch_2000,diamonds,1.0,3.767,3.6471275,2.4464775000000003,1.1985625,389097.0,128000.0,-4.0,-0.001,-4.0,-0.001,,4.032258,4.032258,inf,-inf,1.0704162463498805,1.0363117680167156e-05
w7_batch_2000,dogs_hierarchical,1.0,1.189,1.0024945,0.6548287500000001,0.35034725,72322.0,23273.0,-4.0,-0.001,-4.0,-0.001,,1601.963287,3914.040763,1837.804771,1.002349,1329.883253820034,0.022298727018135348
w7_batch_2000,eight_schools_centered,1.0,0.05,0.0394784,0.0256903,0.013863200000000001,215962.0,76274.0,-4.0,-0.001,-4.0,-0.001,,122.824761,304.527248,117.01682,1.035143,2506.6277755102037,0.0005687332076939461
w7_batch_2000,eight_schools_noncentered,1.0,0.033,0.024028127499999996,0.015917425,0.0081107025,103717.0,34372.0,-4.0,-0.001,-4.0,-0.001,,1719.6307,3137.400281,1579.300146,1.003763,52735.79057575757,0.016580027382203495
w7_batch_2000,garch11,1.0,0.402,0.38618224999999995,0.262771,0.12425875,108672.0,35010.0,-4.0,-0.001,-4.0,-0.001,,843.898386,1202.927721,1210.124834,1.004431,2098.755635,0.007765554935954063
w7_batch_2000,gp_regr,1.0,0.104,0.08982394999999999,0.06224152499999999,0.0274521,69370.0,22807.0,-4.0,-0.001,-4.0,-0.001,,3626.739536,3857.0485,2418.241546,1.001739,34872.49553846154,0.05104489142857143
w7_batch_2000,hier_2pl,1.0,106.71,88.84989999999999,68.57589999999999,20.178875,317234.0,73900.0,-4.0,-0.001,-4.0,-0.001,,9.918195,275.08529,11.263596,1.345356,0.09294531908912006,3.126460278532566e-05
w7_batch_2000,kidscore_momiq,1.0,0.543,0.51941775,0.34363,0.17141699999999999,384004.0,128000.0,-4.0,-0.001,-4.0,-0.001,,4.032258,4.032258,inf,-inf,7.42588950276243,1.0500562494140685e-05
w7_batch_2000,kronecker_gp,0.5,51.184,44.29409625,28.778575000000004,15.515521249999999,501375.0,172699.0,-4.0,-0.001,-4.0,-0.001,,28.698172,172.0525955,39.9125235,1.440967,0.5623060325146829,5.5815938471689425e-05
w7_batch_2000,logmesquite_logvash,1.0,0.137,0.1296384,0.0897314,0.039907,246928.0,73083.0,-4.0,-0.001,-4.0,-0.001,,105.289544,319.70567,285.130627,1.046286,768.5368175182482,0.00042639775157130824
w7_batch_2000,lotka_volterra,1.0,7.706,5.241553,4.0941975,1.268005,235899.0,65612.0,-4.0,-0.001,-4.0,-0.001,,141.429742,1251.655969,179.027982,1.027998,20.989869694271295,0.0006633602968077223
w7_batch_2000,low_dim_gauss_mix,1.0,17.004,9.028165,6.5003874999999995,2.5277775,196926.0,56300.0,-4.0,-0.001,-4.0,-0.001,,7.164827,7.243831,4.032258,1.532191,0.4233037520583392,3.655107502310512e-05
w7_batch_2000,lsat_model,1.0,13.781,10.494262500000001,7.4927125000000006,3.00155,255090.0,71753.0,-4.0,-0.001,-4.0,-0.001,,520.275864,2421.046797,890.833617,1.012035,37.75312851026776,0.002039577654945313
w7_batch_2000,pilots,1.0,0.174,0.14157877500000002,0.09713740000000001,0.0404015,405226.0,102998.0,-4.0,-0.001,-4.0,-0.001,,4.593299,397.75111,11.453274,2.961625,25.320350574712645,1.087230582440416e-05
w7_batch_2000,radon_partially_pooled_noncentered,1.0,37.351,34.3958725,23.503525000000003,10.8923475,356498.0,113595.0,-4.0,-0.001,-4.0,-0.001,,4.079749,4.529276,4.032258,3.560277,0.10922730315118738,1.1443960414925188e-05
w7_batch_2000,radon_variable_intercept_slope_noncentered,1.0,4.446,2.9785649999999997,2.0795624999999998,0.95153775,258824.0,82242.0,-4.0,-0.001,-4.0,-0.001,,6.075984,16.991214,4.032258,1.777533,1.3666180836707154,2.34753500448181e-05
w7_batch_2000,wells_dist100_model,1.0,1.14,1.06634225,0.7378645,0.3412445,80838.0,26308.0,-4.0,-0.001,-4.0,-0.001,,838.913602,863.870662,1129.271796,1.004348,713.9690229787234,0.010440871722112284
w7_batch_250,accel_gp,1.0,0.861,0.7612812499999999,0.13500050000000002,0.62628075,160004.0,128000.0,-4.0,-0.001,-4.0,-0.001,,4.032258,4.032258,inf,-inf,4.683226480836237,2.520098247543811e-05
w7_batch_250,arma11,0.5,0.33799999999999997,0.30863704999999997,0.06182205,0.246815,160004.0,128000.0,-4.0,-0.001,-4.0,-0.001,,4.032258,4.032258,inf,-inf,11.956549847352353,2.520098247543811e-05
w7_batch_250,blr,1.0,0.064,0.0549889175,0.0106233675,0.043989975,160004.0,128000.0,-4.0,-0.001,-4.0,-0.001,,4.032258,4.032258,inf,-inf,63.00403125,2.520098247543811e-05
w7_batch_250,bym2_offset_only,1.0,9.86,6.097807500000001,1.2309885,4.8855725,160004.0,128000.0,-4.0,-0.001,-4.0,-0.001,,4.032258,4.032258,inf,-inf,0.40895111561866127,2.520098247543811e-05
w7_batch_250,diamonds,1.0,1.554,1.487075,0.30872,1.178355,160072.0,128000.0,-4.0,-0.001,-4.0,-0.001,,4.032258,4.032258,inf,-inf,2.5947606177606173,2.5190276875406067e-05
w7_batch_250,dogs_hierarchical,1.0,0.607,0.42461555,0.1005008,0.333717,30866.0,23169.0,-4.0,-0.001,-4.0,-0.001,,1525.643477,3919.005638,1772.841836,1.004311,2568.9138039538716,0.050519363668761745
w7_batch_250,eight_schools_centered,1.0,0.026,0.0159144175,0.00287498,0.012805175000000002,86686.0,69848.0,-4.0,-0.001,-4.0,-0.001,,73.810326,345.162536,43.377336,1.062955,2838.8586923076928,0.0008546818666049097
w7_batch_250,eight_schools_noncentered,1.0,0.019,0.0104963075,0.0022032325,0.008293075,45650.0,36085.0,-4.0,-0.001,-4.0,-0.001,,1520.288074,2618.265768,1554.92379,1.002903,80015.16178947368,0.03361758560909272
w7_batch_250,garch11,1.0,0.175,0.157814875,0.035428125,0.12327374999999999,48880.0,37107.0,-4.0,-0.001,-4.0,-0.001,,830.120496,1136.664132,1120.21061,1.005138,4464.859862857143,0.016982825204582653
w7_batch_250,gp_regr,1.0,0.06,0.04111554,0.0079582825,0.033562975,30819.0,24265.0,-4.0,-0.001,-4.0,-0.001,,3566.151967,3731.287307,2411.550014,1.001307,63096.64391666667,0.11522672677630941
w7_batch_250,hier_2pl,1.0,191.215,97.023325,9.208222500000002,86.334325,270302.0,238168.0,-4.0,-0.001,-4.0,-0.001,,4.267281,5.963557,4.032258,4.904489,0.022681175639986402,1.604494602333686e-05
w7_batch_250,kidscore_momiq,1.0,0.232,0.219046475,0.043108525,0.17626874999999997,160004.0,128000.0,-4.0,-0.001,-4.0,-0.001,,4.032258,4.032258,inf,-inf,17.380422413793102,2.520098247543811e-05
w7_batch_250,kronecker_gp,0.5,30.3135,19.822962500000003,3.5710587499999997,16.25190375,217734.0,176786.5,-4.0,-0.001,-4.0,-0.001,,4.813533,12.5036035,4.032258,6.4610780000000005,0.1608801174738399,2.1978285086238086e-05
w7_batch_250,logmesquite_logvash,1.0,0.09,0.069973675,0.0172146,0.052759074999999996,149358.0,110756.0,-4.0,-0.001,-4.0,-0.001,,7.356564,12.275766,4.032258,1.535934,81.7396,4.925456955770699e-05
w7_batch_250,lotka_volterra,1.0,6.758,3.71549925,1.2078579999999999,2.5291924999999997,146564.0,117807.0,-4.0,-0.001,-4.0,-0.001,,7.551041,10.257643,4.974921,1.492796,1.117348475880438,5.152043475887667e-05
w7_batch_250,low_dim_gauss_mix,1.0,8.734,5.81628225,1.5225275,4.278825,117480.0,86702.0,-4.0,-0.001,-4.0,-0.001,,7.169199,7.245594,4.032258,1.532521,0.7732095556514236,6.128237146748382e-05
w7_batch_250,lsat_model,1.0,7.407,6.048665,1.5618999999999998,4.4707725,155951.0,115856.0,-4.0,-0.001,-4.0,-0.001,,7.231693,42.447969,4.032258,1.53992,0.97633225327393,4.637157183987278e-05
w7_batch_250,pilots,1.0,0.124,0.0816182,0.018369525,0.063248675,257167.0,197515.0,-4.0,-0.001,-4.0,-0.001,,4.583376,503.486723,11.987044,2.918129,39.687443548387094,1.82450110864745e-05
w7_batch_250,radon_partially_pooled_noncentered,1.0,16.349,15.862987500000001,3.1790374999999997,12.68395,160050.0,128000.0,-4.0,-0.001,-4.0,-0.001,,4.032258,4.032258,inf,-inf,0.24663636919689275,2.520098247543811e-05
w7_batch_250,radon_variable_intercept_slope_noncentered,1.0,1.879,1.5983530000000001,0.35081799999999996,1.25363175,143643.0,113229.0,-4.0,-0.001,-4.0,-0.001,,4.355401,7.075695,4.032258,4.376698,2.1716125598722726,3.0321011117840755e-05
w7_batch_250,wells_dist100_model,1.0,0.514,0.47295575,0.112675,0.35193125,35855.0,26809.0,-4.0,-0.001,-4.0,-0.001,,826.090749,833.049777,1236.306917,1.004585,1592.4050542797495,0.022166816459602327
w7_batch_4000,accel_gp,1.0,2.906,2.488618,2.0115275,0.4770905,640004.0,128000.0,-4.0,-0.001,-4.0,-0.001,,4.032258,4.032258,inf,-inf,1.3875629731589811,6.300363747726576e-06
w7_batch_4000,arma11,0.5,1.3090000000000002,1.2126291249999999,0.96038125,0.252247875,640004.0,128000.0,-4.0,-0.001,-4.0,-0.001,,4.032258,4.032258,inf,-inf,3.080455945177466,6.300363747726576e-06
w7_batch_4000,blr,1.0,0.239,0.216635575,0.172925,0.043710575,640004.0,128000.0,-4.0,-0.001,-4.0,-0.001,,4.032258,4.032258,inf,-inf,16.87137238493724,6.300363747726576e-06
w7_batch_4000,bym2_offset_only,1.0,27.865,24.557085,19.586225,4.97086,640004.0,128000.0,-4.0,-0.001,-4.0,-0.001,,4.032258,4.032258,inf,-inf,0.14470690830791316,6.300363747726576e-06
w7_batch_4000,diamonds,1.0,6.526,6.168615,4.970565,1.2103899999999999,652327.0,128000.0,-4.0,-0.001,-4.0,-0.001,,4.032258,4.032258,inf,-inf,0.6178758810910205,6.181344632369961e-06
w7_batch_4000,dogs_hierarchical,1.0,1.871,1.6746505000000003,1.3035625,0.3402505,118728.0,23247.0,-4.0,-0.001,-4.0,-0.001,,1664.229409,3918.28205,1700.828871,1.002405,857.408247810407,0.014177409648510044
w7_batch_4000,eight_schools_centered,1.0,0.084,0.06944867499999999,0.055225475,0.014234,371943.0,79416.0,-4.0,-0.001,-4.0,-0.001,,51.72129,334.163625,36.160299,1.059667,562.1879347826087,0.00013086907346399672
w7_batch_4000,eight_schools_noncentered,1.0,0.053,0.041796379999999994,0.03335415,0.00844223,171932.0,34074.0,-4.0,-0.001,-4.0,-0.001,,1688.010328,3099.834783,1536.695998,1.002756,33735.374978723405,0.009854692790005254
w7_batch_4000,garch11,1.0,0.659,0.635528,0.5085885,0.12228525,180255.0,35601.0,-4.0,-0.001,-4.0,-0.001,,930.774775,1278.634575,1403.397114,1.004712,1412.404817905918,0.005159734217703668
w7_batch_4000,gp_regr,1.0,0.163,0.150564,0.12086525,0.02894625,115003.0,22900.0,-4.0,-0.001,-4.0,-0.001,,3629.289598,3900.751952,2510.489481,1.000991,21571.162742331286,0.03155821672478109
w7_batch_4000,hier_2pl,1.0,143.632,127.17597500000001,107.43602500000001,19.73995,454276.0,71272.0,-4.0,-0.001,-4.0,-0.001,,62.005479,1888.363434,67.230701,1.084191,0.43169682939734877,0.00013649296683073726
w7_batch_4000,kidscore_momiq,1.0,0.883,0.8541417499999999,0.68499175,0.16915,640004.0,128000.0,-4.0,-0.001,-4.0,-0.001,,4.032258,4.032258,inf,-inf,4.566543601359003,6.300363747726576e-06
w7_batch_4000,kronecker_gp,0.5,70.80799999999999,63.55246375,53.7222625,9.83020125,717313.5,109680.0,-4.0,-0.001,-4.0,-0.001,,17.762594,165.25144699999998,34.032943,1.2484545,0.24681915572239194,2.4421903844043184e-05
w7_batch_4000,logmesquite_logvash,1.0,0.257,0.22240644999999998,0.17720075000000002,0.041192,389042.0,74257.0,-4.0,-0.001,-4.0,-0.001,,247.818696,464.70735,409.537079,1.021447,991.274784,0.0006374790249724757
w7_batch_4000,lotka_volterra,1.0,10.21,7.4961850000000005,6.3623925,1.1895025,357773.0,64202.0,-4.0,-0.001,-4.0,-0.001,,176.964887,1359.829249,168.415628,1.03472,19.23113312323408,0.0005224317884587566
w7_batch_4000,low_dim_gauss_mix,1.0,28.834,14.243409999999999,11.7516975,2.4917124999999998,308202.0,55624.0,-4.0,-0.001,-4.0,-0.001,,7.170783,7.257301,4.032258,1.530553,0.2500263924533537,2.3391350477933303e-05
w7_batch_4000,lsat_model,1.0,18.573,16.28361,13.4412,2.84241,388509.0,69400.0,-4.0,-0.001,-4.0,-0.001,,750.212445,4060.164376,1120.281014,1.010928,40.39263689226296,0.0019310040307946533
w7_batch_4000,pilots,1.0,0.262,0.210286775,0.1683375,0.0401281,597792.0,117192.0,-4.0,-0.001,-4.0,-0.001,,4.442772,393.49217,10.91167,3.475388,17.511958015267176,7.287422715593383e-06
w7_batch_4000,radon_partially_pooled_noncentered,1.0,62.152,52.99427,43.536175,9.458095,550691.0,99587.0,-4.0,-0.001,-4.0,-0.001,,4.422251,5.661585,4.032258,3.463797,0.07142224267971639,8.030367302171272e-06
w7_batch_4000,radon_variable_intercept_slope_noncentered,1.0,7.33,4.8122545,3.9413549999999997,0.9780415,407678.0,82925.0,-4.0,-0.001,-4.0,-0.001,,7.172798,18.862126,4.032258,1.534823,0.9785536152796726,1.759427293108777e-05
w7_batch_4000,wells_dist100_model,1.0,1.827,1.7411687500000002,1.40538,0.33670900000000004,133094.0,26117.0,-4.0,-0.001,-4.0,-0.001,,744.205354,771.394383,1193.469955,1.004955,408.6939806094183,0.005633779374247712
w7_batch_500,accel_gp,1.0,1.067,0.8183162499999999,0.29252175,0.5257944999999999,192004.0,128000.0,-4.0,-0.001,-4.0,-0.001,,4.032258,4.032258,inf,-inf,3.77906091846298,2.1000906231120184e-05
w7_batch_500,arma11,0.5,0.373,0.35181787500000006,0.115781,0.236036875,192004.0,128000.0,-4.0,-0.001,-4.0,-0.001,,4.032258,4.032258,inf,-inf,10.814151811906815,2.1000906231120184e-05
w7_batch_500,blr,1.0,0.07,0.0614653,0.020168125000000002,0.041059025,192004.0,128000.0,-4.0,-0.001,-4.0,-0.001,,4.032258,4.032258,inf,-inf,57.6036857142857,2.1000906231120184e-05
w7_batch_500,bym2_offset_only,1.0,10.382,7.21982,2.3207325,4.8990875,192004.0,128000.0,-4.0,-0.001,-4.0,-0.001,,4.032258,4.032258,inf,-inf,0.38838932768252743,2.1000906231120184e-05
w7_batch_500,diamonds,1.0,1.998,1.8517635,0.62711575,1.212955,192164.0,128000.0,-4.0,-0.001,-4.0,-0.001,,4.032258,4.032258,inf,-inf,2.018147147147147,2.0983420411731644e-05
w7_batch_500,dogs_hierarchical,1.0,0.729,0.5438935,0.1804285,0.33854125,37033.0,23609.0,-4.0,-0.001,-4.0,-0.001,,1516.874322,3912.915732,1923.885067,1.002859,2198.3685826086958,0.0420547928137736
w7_batch_500,eight_schools_centered,1.0,0.031,0.020293922500000002,0.0056562175,0.014442199999999999,120528.0,86107.0,-4.0,-0.001,-4.0,-0.001,,103.209516,263.672331,137.249418,1.029841,3329.3392258064514,0.0008168153154579125
w7_batch_500,eight_schools_noncentered,1.0,0.021,0.012289950000000001,0.0042933275,0.00795413,52555.0,34203.0,-4.0,-0.001,-4.0,-0.001,,1435.148361,2885.07737,1561.595118,1.003887,70166.521,0.02703182994953192
w7_batch_500,garch11,1.0,0.202,0.182320975,0.068426225,0.11389474999999999,56637.0,35707.0,-4.0,-0.001,-4.0,-0.001,,809.921438,1157.826747,1149.753685,1.005377,4111.27633502538,0.014673021450052538
w7_batch_500,gp_regr,1.0,0.062,0.04926705,0.018401650000000002,0.030865400000000005,35607.0,23239.0,-4.0,-0.001,-4.0,-0.001,,3672.327348,3702.524544,2495.79156,1.001162,60534.77962903226,0.10157177010095422
w7_batch_500,hier_2pl,1.0,86.156,62.8723,18.205475,44.666825,218399.0,154295.0,-4.0,-0.001,-4.0,-0.001,,4.074752,5.016786,4.032258,10.089417,0.047244742095733316,1.8637530391622672e-05
w7_batch_500,kidscore_momiq,1.0,0.268,0.249102675,0.083437175,0.1656655,192004.0,128000.0,-4.0,-0.001,-4.0,-0.001,,4.032258,4.032258,inf,-inf,15.214194029850743,2.1000906231120184e-05
w7_batch_500,kronecker_gp,0.5,33.207,23.6587475,7.573988750000001,16.08475875,262950.5,177465.5,-4.0,-0.001,-4.0,-0.001,,5.6238305,14.160454,4.032258,3.0246589999999998,0.17229619525178858,2.1066415232339653e-05
w7_batch_500,logmesquite_logvash,1.0,0.101,0.081490625,0.029948074999999998,0.045641425,164458.0,98524.0,-4.0,-0.001,-4.0,-0.001,,7.141752,13.311931,4.032258,1.555495,70.71041584158415,4.3342974880593304e-05
w7_batch_500,lotka_volterra,1.0,7.142,4.47285725,1.7070817500000002,2.0471875,156499.0,104169.0,-4.0,-0.001,-4.0,-0.001,,10.879494,36.045543,11.357956,1.289126,1.5233119574348921,5.578598311985314e-05
w7_batch_500,low_dim_gauss_mix,1.0,9.059,5.7620625,2.3717575,3.390305,123600.0,73556.0,-4.0,-0.001,-4.0,-0.001,,7.195171,7.260215,4.032258,1.530084,0.797307760238437,5.843698220064725e-05
w7_batch_500,lsat_model,1.0,8.291,6.273025,2.6612325,3.6117925,152543.0,87702.0,-4.0,-0.001,-4.0,-0.001,,7.217936,58.337737,4.032258,1.541752,0.8705748401881558,4.731738591741345e-05
w7_batch_500,pilots,1.0,0.121,0.081343725,0.032075775,0.049588875000000004,244182.0,145251.0,-4.0,-0.001,-4.0,-0.001,,4.599476,488.67249,15.682078,2.903224,38.01219834710744,1.897011865923723e-05
w7_batch_500,radon_partially_pooled_noncentered,1.0,18.608,18.36901,6.1766950000000005,12.113825,192050.0,128000.0,-4.0,-0.001,-4.0,-0.001,,4.032258,4.032258,inf,-inf,0.21669486242476352,2.1000906231120184e-05
w7_batch_500,radon_variable_intercept_slope_noncentered,1.0,2.26,1.6748594999999997,0.6250315000000001,1.0201945000000001,145360.0,89573.0,-4.0,-0.001,-4.0,-0.001,,4.358958,7.097054,4.032258,4.102604,1.9468325145154088,2.9692088607594938e-05
w7_batch_500,wells_dist100_model,1.0,0.609,0.560594,0.20502775,0.3483605,41204.0,26226.0,-4.0,-0.001,-4.0,-0.001,,755.701055,777.758894,1281.110163,1.004835,1161.546747126437,0.01748417599833418
w7_full_1000,arma11,1.0,0.131,0.113868075,0.0592097,0.054658374999999995,60241.0,28796.0,-4.0,-0.001,-4.0,-0.001,,1004.642576,2045.87561,1497.421794,1.003418,7669.027297709923,0.01662104718417047
w7_full_1000,blr,1.0,0.25,0.146730525,0.078875075,0.06785545000000001,377345.0,178864.0,-4.0,-0.001,-4.0,-0.001,,722.952155,2519.125766,639.753178,1.007561,2930.624032,0.0019158917038784135
w7_full_1000,bym2_offset_only,1.0,42.458,35.636624999999995,19.447249999999997,16.189375,887427.0,407378.0,-4.0,-0.001,-4.0,-0.001,,139.982467,3442.920997,253.404277,1.029661,3.3065422699893707,0.00016016593782037201
w7_full_1000,diamonds,1.0,7.217,7.003,3.72265,3.28035,730749.0,340849.0,-4.0,-0.001,-4.0,-0.001,,9.918294,591.149276,23.244499,1.356922,1.3742959678536788,1.3569305657403657e-05
w7_full_1000,dogs_hierarchical,1.0,1.128,0.7547900000000001,0.38010275,0.37468725,52195.0,25043.0,-4.0,-0.001,-4.0,-0.001,,1479.371555,3919.912785,1656.561148,1.002433,1433.6029086879435,0.03090393889701274
w7_full_1000,eight_schools_centered,1.0,0.045,0.033089725,0.0180588,0.015383325000000002,172494.0,82345.0,-4.0,-0.001,-4.0,-0.001,,91.050529,334.912267,126.543734,1.041841,1686.1209074074075,0.0004826134267680152
w7_full_1000,eight_schools_noncentered,1.0,0.04,0.023643262499999998,0.012316689999999998,0.010635535,87056.0,37928.0,-4.0,-0.001,-4.0,-0.001,,1567.324529,3176.63793,1494.036995,1.003234,42534.4906,0.019543507902959015
w7_full_1000,garch11,1.0,0.375,0.3308385,0.1676765,0.163162,101566.0,50319.0,-4.0,-0.001,-4.0,-0.001,,889.174535,1435.27055,1045.241171,1.003669,2371.132093333333,0.008754647569068389
w7_full_1000,gp_regr,1.0,0.171,0.0983336,0.0562516,0.042081999999999994,81660.0,36055.0,-4.0,-0.001,-4.0,-0.001,,2246.11355,2633.237103,2144.510938,1.001732,13135.166959064327,0.02750567658584374
w7_full_1000,hier_2pl,1.0,279.551,238.688975,126.01304999999999,112.675925,853288.0,407000.0,-4.0,-0.001,-4.0,-0.001,,234.893506,1854.275011,222.222331,1.021008,0.840252783928514,0.0002752804516177422
w7_full_1000,kidscore_momiq,1.0,0.202,0.15741992500000002,0.08180077499999999,0.07552102499999999,106976.0,50759.0,-4.0,-0.001,-4.0,-0.001,,469.629072,894.046471,453.440975,1.008362,2302.1032941176472,0.004390041429853425
w7_full_1000,kronecker_gp,1.0,63.27,52.897400000000005,30.84175,21.614500000000003,588656.0,239161.0,-4.0,-0.001,-4.0,-0.001,,51.045874,703.74489,136.22511,1.065516,0.7702131120331949,8.435312858901586e-05
w7_full_1000,logmesquite_logvash,1.0,0.111,0.09060644999999999,0.044968150000000005,0.045745799999999996,161762.0,81166.0,-4.0,-0.001,-4.0,-0.001,,150.918541,451.008619,295.552298,1.016365,1076.4354324324324,0.0007754722965855664
w7_full_1000,lotka_volterra,1.0,2.728,2.51458,1.143035,1.3448325,129783.0,67840.0,-4.0,-0.001,-4.0,-0.001,,87.016523,1408.584237,137.944112,1.050368,28.02464508856683,0.0006146189591603215
w7_full_1000,low_dim_gauss_mix,1.0,4.816,4.483834999999999,2.26168,2.3386324999999997,95925.0,50333.0,-4.0,-0.001,-4.0,-0.001,,1144.369877,1852.175147,1298.384901,1.002971,168.1721565614618,0.008542888699027487
w7_full_1000,lsat_model,1.0,25.438,24.92125,14.647875,10.273375,621723.0,252000.0,-4.0,-0.001,-4.0,-0.001,,1467.13934,10161.118459,1784.574586,1.008736,57.16498499902591,0.002359431506595971
w7_full_1000,pilots,1.0,0.12,0.07219765,0.0321125,0.04008515,176729.0,97059.0,-4.0,-0.001,-4.0,-0.001,,5.537701,244.609701,19.750066,1.945174,38.75940833333333,2.631785954766903e-05
w7_full_1000,radon_partially_pooled_noncentered,1.0,81.631,80.58522500000001,43.7958,36.78942500000001,824658.0,376000.0,-4.0,-0.001,-4.0,-0.001,,614.834792,7912.525527,1280.278194,1.008741,7.527821144781145,0.0007431347828556856
w7_full_1000,radon_variable_intercept_slope_noncentered,1.0,7.236,5.6931125,3.489935,2.2031775,481174.0,187962.0,-4.0,-0.001,-4.0,-0.001,,572.616994,6401.102378,600.664794,1.005775,79.13446572692095,0.0012747259147967008
w7_full_1000,wells_dist100_model,1.0,0.857,0.8054432499999999,0.42520025,0.380243,60337.0,29147.0,-4.0,-0.001,-4.0,-0.001,,1039.524262,1072.154481,1121.461382,1.003759,1212.9804690781796,0.017228636856323646
w7_full_2000,arma11,1.0,0.209,0.18640485,0.127944,0.05846085,92053.0,30117.0,-4.0,-0.001,-4.0,-0.001,,2498.617214,3071.366672,2378.747307,1.002484,11910.047459330144,0.027143245890954123
w7_full_2000,blr,1.0,0.317,0.20522674999999999,0.1573485,0.050432525,509988.0,144514.0,-4.0,-0.001,-4.0,-0.001,,833.491044,2475.567327,1004.134719,1.004735,2886.502740061162,0.0016655929834518011
w7_full_2000,bym2_offset_only,1.0,56.087,43.29163,33.393100000000004,9.898530000000001,1077621.0,249093.0,-4.0,-0.001,-4.0,-0.001,,159.216681,3848.459166,451.27771,1.027122,3.371747392443882,0.00016084718895443105
w7_full_2000,diamonds,1.0,9.931,9.633424999999999,6.8926300000000005,2.7307625,1018543.0,293023.0,-4.0,-0.001,-4.0,-0.001,,12.018862,473.251412,36.595002,1.268337,1.2102368341556744,1.1800053605984235e-05
w7_full_2000,dogs_hierarchical,1.0,1.295,1.0567395000000002,0.6937460000000001,0.36369049999999997,75844.0,24748.0,-4.0,-0.001,-4.0,-0.001,,1699.302084,3914.574203,1880.958056,1.002838,1178.2680712570054,0.019504026572481247
w7_full_2000,eight_schools_centered,1.0,0.059,0.045281925,0.031042225,0.014510400000000001,248606.0,79773.0,-4.0,-0.001,-4.0,-0.001,,104.644597,279.614269,106.904791,1.050973,1836.0406760563383,0.0004632075046588731
w7_full_2000,eight_schools_noncentered,1.0,0.041,0.028026014999999998,0.020004275,0.008021740000000001,118014.0,34486.0,-4.0,-0.001,-4.0,-0.001,,1649.431889,3050.434472,1254.618617,1.00314,44097.92957142857,0.013918294692132887
w7_full_2000,garch11,1.0,0.479,0.45343575,0.31465125,0.1387845,128439.0,36709.0,-4.0,-0.001,-4.0,-0.001,,942.269078,1496.222308,1427.348669,1.004884,1967.1588267223383,0.007336315900933517
w7_full_2000,gp_regr,1.0,0.158,0.10870612499999999,0.07687125,0.031834875000000006,88791.0,26647.0,-4.0,-0.001,-4.0,-0.001,,2937.332139,3256.944471,2504.873238,1.001672,18524.520278481014,0.03296363599914406
w7_full_2000,hier_2pl,1.0,418.731,357.105,252.438,103.972225,1287636.0,378200.0,-4.0,-0.001,-4.0,-0.001,,731.590387,4328.930643,864.884739,1.0081,1.7471607953554906,0.0005681655273695361
w7_full_2000,kidscore_momiq,1.0,0.223,0.19499622500000002,0.140308,0.054688225,136011.0,37316.0,-4.0,-0.001,-4.0,-0.001,,318.244509,543.603927,261.843269,1.016035,1515.450042857143,0.0023165946671907757
w7_full_2000,kronecker_gp,1.0,75.596,66.5167,51.263225,14.416224999999999,735416.0,159564.0,-4.0,-0.001,-4.0,-0.001,,75.912056,609.045409,184.778391,1.024978,1.0112304146851563,0.00010322328586813451
w7_full_2000,logmesquite_logvash,1.0,0.211,0.14323275,0.09883515000000001,0.0443976,275500.0,81157.0,-4.0,-0.001,-4.0,-0.001,,235.659996,589.300097,380.347131,1.012931,1116.872018957346,0.0008377532740846072
w7_full_2000,lotka_volterra,1.0,3.864,3.6465675,2.4529275000000004,1.218045,198350.0,64014.0,-4.0,-0.001,-4.0,-0.001,,201.937198,1725.725205,417.023967,1.011272,51.137836260470145,0.0009823939272113591
w7_full_2000,low_dim_gauss_mix,1.0,7.342,7.14859,4.8374475,2.3111425,149833.0,49677.0,-4.0,-0.001,-4.0,-0.001,,2037.957294,2970.895737,1979.00436,1.00277,287.76578565377014,0.013787309009971991
w7_full_2000,lsat_model,1.0,26.254,25.811004999999998,20.738325,5.055165,643099.0,124000.0,-4.0,-0.001,-4.0,-0.001,,1152.493228,10380.650964,1746.817891,1.00823,44.39325249412581,0.0017920930183377677
w7_full_2000,pilots,1.0,0.142,0.10440722499999999,0.072372775,0.037832624999999995,252783.0,93071.0,-4.0,-0.001,-4.0,-0.001,,4.841682,358.398023,15.712004,2.568209,32.298809859154936,1.814374779949601e-05
w7_full_2000,radon_partially_pooled_noncentered,1.0,84.902,78.55597499999999,64.750225,13.80575,806459.0,141504.0,-4.0,-0.001,-4.0,-0.001,,280.376059,4627.176087,536.463619,1.00949,3.277603766526776,0.0003476631285657423
w7_full_2000,radon_variable_intercept_slope_noncentered,1.0,7.583,6.0588005,4.9679175,1.090883,518972.0,94157.0,-4.0,-0.001,-4.0,-0.001,,620.12839,5625.81384,685.221669,1.007655,80.83008211678832,0.0011691020320407687
w7_full_2000,wells_dist100_model,1.0,1.466,1.26721,0.88129725,0.38591275,95401.0,29383.0,-4.0,-0.001,-4.0,-0.001,,969.768885,1054.466347,1182.55269,1.002964,661.3506255115963,0.010162786731795265
w7_full_250,accel_gp,0.0,6.062,5.0768525,0.558295,4.5185575,1249860.0,1125320.0,-4.0,-0.001,-4.0,-0.001,,7.316856,171.455108,16.096038,1.516308,1.207003629165292,5.854140463731938e-06
w7_full_250,arma11,1.0,0.194,0.136685075,0.015898025,0.12199125000000001,80190.0,71613.0,-4.0,-0.001,-4.0,-0.001,,1451.09188,2613.544221,1184.943677,1.003152,6877.212701421801,0.01786728904758973
w7_full_250,blr,1.0,0.598,0.3003358,0.0264713,0.27386449999999996,825270.0,751963.0,-4.0,-0.001,-4.0,-0.001,,281.493459,2236.90007,434.262263,1.017237,313.1564581939799,0.00044110446191840234
w7_full_250,bym2_offset_only,1.0,27.653,23.5913525,5.3653975,18.7044,607944.0,483892.0,-4.0,-0.001,-4.0,-0.001,,14.724823,1314.055616,16.244663,1.22673,0.5323700423008786,2.4056827074671003e-05
w7_full_250,diamonds,1.0,7.583,6.2069645,0.9368719999999999,5.2700925,640864.0,543928.0,-4.0,-0.001,-4.0,-0.001,,8.889502,543.883763,22.4067,1.391497,1.172293551364895,1.3871120861836522e-05
w7_full_250,dogs_hierarchical,1.0,0.8,0.5327557249999999,0.10912250000000001,0.40754349999999995,37087.0,27699.0,-4.0,-0.001,-4.0,-0.001,,1097.223568,3912.66266,1605.947979,1.002419,1239.8006418079094,0.02728800935114029
w7_full_250,eight_schools_centered,1.0,0.046,0.02509414,0.004969115,0.020125024999999998,130207.0,103805.0,-4.0,-0.001,-4.0,-0.001,,53.868946,184.250933,105.138662,1.079488,1122.2697083333333,0.0003946558580471223
w7_full_250,eight_schools_noncentered,1.0,0.034,0.018308555,0.005180205,0.01312835,64164.0,47554.0,-4.0,-0.001,-4.0,-0.001,,612.497287,1143.281157,793.293905,1.007408,18014.626088235294,0.008882822893855235
w7_full_250,garch11,1.0,0.233,0.19451230000000003,0.042449299999999995,0.152063,57777.0,44136.0,-4.0,-0.001,-4.0,-0.001,,672.115178,1192.814265,910.656375,1.008505,3587.0432789699566,0.012747561460407777
w7_full_250,gp_regr,1.0,0.084,0.05719534,0.0116794375,0.042026324999999996,42887.0,34807.0,-4.0,-0.001,-4.0,-0.001,,645.497295,1250.446119,863.18477,1.004175,8170.851835443038,0.01629426467247255
w7_full_250,hier_2pl,1.0,176.495,175.461875,35.032125,140.42975,623994.0,499936.0,-4.0,-0.001,-4.0,-0.001,,38.5113,564.102426,50.858095,1.087307,0.20063820697703497,6.631932425800119e-05
w7_full_250,kidscore_momiq,1.0,0.226,0.1873054,0.021261075,0.16330825,125276.0,109151.0,-4.0,-0.001,-4.0,-0.001,,36.883076,166.561195,82.437512,1.082948,73.91397995991984,0.0001436570124326177
w7_full_250,kronecker_gp,1.0,42.472,38.12982,10.691160000000002,27.532400000000003,413075.0,297469.0,-4.0,-0.001,-4.0,-0.001,,22.871055,393.267349,42.759454,1.149584,0.548624424294761,5.41402349677233e-05
w7_full_250,logmesquite_logvash,1.0,0.119,0.0854214475,0.0149789975,0.07044245,167693.0,144830.0,-4.0,-0.001,-4.0,-0.001,,189.350297,333.080109,193.498379,1.025786,1227.6724545454545,0.0010815582088260901
w7_full_250,lotka_volterra,1.0,1.957,1.3601922499999999,0.3061145,1.05407775,75536.0,59165.0,-4.0,-0.001,-4.0,-0.001,,57.212393,887.857802,120.052022,1.083938,29.234743484925904,0.0007574188863588222
w7_full_250,low_dim_gauss_mix,1.0,4.331,2.917459,0.58740975,2.2484699999999997,63100.0,49385.0,-4.0,-0.001,-4.0,-0.001,,618.232882,1628.055535,823.738279,1.005799,117.22609421356584,0.009985832598407391
w7_full_250,lsat_model,1.0,28.768,27.786119999999997,4.8703199999999995,22.183425,621176.0,497128.0,-4.0,-0.001,-4.0,-0.001,,1324.145795,5974.297502,1685.380052,1.007058,45.891238476467734,0.0021363806130285505
w7_full_250,pilots,1.0,0.196,0.1415736225,0.0088903175,0.133180625,424257.0,400285.0,-4.0,-0.001,-4.0,-0.001,,4.841122,51.164116,4.21056,2.702321,24.66020526315789,1.1541500439146526e-05
w7_full_250,radon_partially_pooled_noncentered,1.0,61.364,59.23235,12.256675,45.5436,528082.0,406578.0,-4.0,-0.001,-4.0,-0.001,,290.931383,3144.515534,519.623314,1.014608,4.251745196224878,0.0005918689016513171
w7_full_250,radon_variable_intercept_slope_noncentered,1.0,5.771,4.6046215,1.2637014999999998,3.34092,391930.0,282374.0,-4.0,-0.001,-4.0,-0.001,,505.937381,2004.222576,688.252506,1.012077,94.46179630321136,0.0014182910774883269
w7_full_250,wells_dist100_model,1.0,0.74,0.611952775,0.128048625,0.46945125,44380.0,35926.0,-4.0,-0.001,-4.0,-0.001,,941.432393,1023.966909,1082.199323,1.002742,1342.984868758916,0.021212987674628214
w7_full_4000,arma11,1.0,0.299,0.271121525,0.223085,0.049091425,143060.0,25783.0,-4.0,-0.001,-4.0,-0.001,,2396.723724,3103.475418,2646.5185,1.002176,7969.750377926422,0.01665703455193625
w7_full_4000,blr,1.0,0.359,0.25304145,0.22430525,0.034318125000000005,663998.0,79621.0,-4.0,-0.001,-4.0,-0.001,,689.641752,1392.191451,737.374738,1.004237,1921.0076657381617,0.001064174545706463
w7_full_4000,bym2_offset_only,1.0,65.051,55.502472499999996,48.98335,6.5191225,1377790.0,160330.0,-4.0,-0.001,-4.0,-0.001,,108.513576,2188.810034,285.433812,1.034935,1.8187889758517433,8.216701194009946e-05
w7_full_4000,diamonds,1.0,14.855,14.10158,11.629675,2.48203,1498018.0,262805.0,-4.0,-0.001,-4.0,-0.001,,18.227081,453.790692,13.333972,1.194229,1.2119069813829786,1.2167464609904552e-05
w7_full_4000,dogs_hierarchical,1.0,1.993,1.698194,1.3593175000000002,0.3388765,121828.0,23300.0,-4.0,-0.001,-4.0,-0.001,,1682.156516,3925.857048,1854.393335,1.002829,867.9858183694531,0.013807861343227226
w7_full_4000,eight_schools_centered,1.0,0.095,0.07983635,0.0640704,0.016883325,431051.0,86544.0,-4.0,-0.001,-4.0,-0.001,,79.509433,230.677131,96.761423,1.028863,854.9401397849463,0.000193126092733248
w7_full_4000,eight_schools_noncentered,1.0,0.067,0.047419917500000006,0.037608,0.0098119175,186327.0,34063.0,-4.0,-0.001,-4.0,-0.001,,1607.113538,3077.684979,1325.340902,1.0029,25210.275089552237,0.008297889456880057
w7_full_4000,garch11,1.0,0.758,0.7051275,0.5773327500000001,0.12485674999999999,200334.0,35621.0,-4.0,-0.001,-4.0,-0.001,,946.028948,1239.311762,1410.664919,1.004756,1148.0933834951456,0.004621832104628042
w7_full_4000,gp_regr,1.0,0.223,0.185174675,0.15313875000000002,0.031015150000000002,138052.0,23758.0,-4.0,-0.001,-4.0,-0.001,,3522.948501,3691.551715,2314.510932,1.001255,15797.975340807174,0.025518996472343753
w7_full_4000,hier_2pl,1.0,509.335,418.36974999999995,379.73825,38.6315,1496860.0,139000.0,-4.0,-0.001,-4.0,-0.001,,963.791275,5544.474442,983.133408,1.006302,1.5327642817802478,0.0005641755525105583
w7_full_4000,kidscore_momiq,1.0,0.337,0.29246015,0.2472435,0.04845192499999999,204294.0,33697.0,-4.0,-0.001,-4.0,-0.001,,281.182477,449.320481,410.440492,1.013644,922.9030563798219,0.0014171361029352472
w7_full_4000,kronecker_gp,0.5,94.27600000000001,75.11360625,66.3755875,8.73801875,830562.5,96293.0,-4.0,-0.001,-4.0,-0.001,,25.205143999999997,325.3650185,37.942189,1.14421,0.266876675660888,3.09965679635174e-05
w7_full_4000,logmesquite_logvash,1.0,0.232,0.212711975,0.17188775,0.040564375,381871.0,74074.0,-4.0,-0.001,-4.0,-0.001,,286.432995,571.128268,340.916055,1.016533,918.0544711538462,0.0006832326611518204
w7_full_4000,lotka_volterra,1.0,6.018,5.798932500000001,4.690905,1.1053475000000001,314130.0,58821.0,-4.0,-0.001,-4.0,-0.001,,178.31564,1554.165128,259.50813,1.022135,29.630382186773016,0.0005676491898258683
w7_full_4000,low_dim_gauss_mix,1.0,11.051,10.3864175,8.7044725,1.681945,220314.0,34136.0,-4.0,-0.001,-4.0,-0.001,,2759.564282,3232.764852,2314.790423,1.00259,249.71172581666815,0.01252559656671841
w7_full_4000,lsat_model,1.0,31.729,31.231202500000002,28.410525,2.8206775,768030.0,66699.0,-4.0,-0.001,-4.0,-0.001,,853.21767,5555.501019,1615.009957,1.008867,26.890783510353305,0.0011106278978951615
w7_full_4000,pilots,1.0,0.215,0.170197275,0.13680124999999999,0.034453525,427541.0,91316.0,-4.0,-0.001,-4.0,-0.001,,4.71418,406.269611,11.078797,2.669997,21.92641860465116,1.1026264147765944e-05
w7_full_4000,radon_partially_pooled_noncentered,1.0,101.815,87.625035,80.94005,6.505140000000001,886125.0,67122.0,-4.0,-0.001,-4.0,-0.001,,321.963537,5179.037235,652.984379,1.013731,3.142654821882826,0.0003587104403618521
w7_full_4000,radon_variable_intercept_slope_noncentered,1.0,8.774,7.6194655,6.853655,0.7755235,668056.0,66939.0,-4.0,-0.001,-4.0,-0.001,,466.091891,4158.732702,662.892228,1.009861,52.10881313369489,0.000761942688840658
w7_full_4000,wells_dist100_model,1.0,2.105,1.928026,1.5762125,0.36061624999999997,148044.0,26525.0,-4.0,-0.001,-4.0,-0.001,,909.233519,943.940623,1128.114185,1.006942,431.93991401425177,0.006069954340137081
w7_full_500,arma11,1.0,0.228,0.1772485,0.030201174999999997,0.147047325,94974.0,78817.0,-4.0,-0.001,-4.0,-0.001,,1734.245122,2592.07509,1366.764322,1.007527,5592.224495176849,0.017438553503389083
w7_full_500,blr,1.0,1.757,0.5804414,0.046685649999999995,0.53375575,901332.0,791440.0,-4.0,-0.001,-4.0,-0.001,,255.457435,2276.238694,378.762404,1.0094,181.20782705314014,0.0004161620823403585
w7_full_500,bym2_offset_only,1.0,32.74,25.029035,10.2171,14.811935000000002,625710.0,376696.0,-4.0,-0.001,-4.0,-0.001,,7.493024,692.524766,13.497989,1.518564,0.22808425666626084,1.3116776220777061e-05
w7_full_500,diamonds,1.0,9.118,7.1540799999999996,1.8812900000000001,5.4172975,757112.0,585220.0,-4.0,-0.001,-4.0,-0.001,,15.218383,710.283183,43.526314,1.190846,1.6690483658697082,2.1143015325452252e-05
w7_full_500,dogs_hierarchical,1.0,0.864,0.62597425,0.17878175,0.4046132499999999,43667.0,27288.0,-4.0,-0.001,-4.0,-0.001,,1185.758151,3922.054358,1040.519475,1.002382,1396.65271024735,0.027154559530079923
w7_full_500,eight_schools_centered,1.0,0.058,0.031350972500000004,0.0108811725,0.020469800000000003,160877.0,109137.0,-4.0,-0.001,-4.0,-0.001,,28.965298,121.110502,16.873229,1.096382,934.3644516129033,0.00023184479805337218
w7_full_500,eight_schools_noncentered,1.0,0.037,0.019571465,0.0081891375,0.0109657525,85399.0,48852.0,-4.0,-0.001,-4.0,-0.001,,618.169068,1110.999296,657.165982,1.007426,16707.27210810811,0.007238598437920819
w7_full_500,garch11,1.0,0.275,0.239816825,0.082708325,0.15710849999999998,75608.0,49554.0,-4.0,-0.001,-4.0,-0.001,,673.760155,1011.983244,808.100474,1.007485,2450.036927272727,0.008894758343454613
w7_full_500,gp_regr,1.0,0.083,0.063532875,0.018461674999999997,0.045071200000000006,49322.0,35379.0,-4.0,-0.001,-4.0,-0.001,,1043.374663,1749.755711,1311.824959,1.004671,14491.314763888891,0.02115434619439601
w7_full_500,hier_2pl,1.0,209.982,201.40664999999998,69.7424,131.66424999999998,722605.0,473548.0,-4.0,-0.001,-4.0,-0.001,,20.354392,498.578471,18.758622,1.136059,0.0973354119244821,2.957283663625269e-05
w7_full_500,kidscore_momiq,1.0,0.523,0.2814358,0.040877925,0.23911775000000002,197559.0,167475.0,-4.0,-0.001,-4.0,-0.001,,12.574907,73.058625,41.307916,1.241549,59.31559905660377,0.0001023740118697744
w7_full_500,kronecker_gp,1.0,57.023,44.987525000000005,18.6891,26.298425,494060.0,290964.0,-4.0,-0.001,-4.0,-0.001,,14.849092,314.393883,21.622084,1.218536,0.25638129769674367,2.9781452942427026e-05
w7_full_500,logmesquite_logvash,1.0,0.202,0.105525575,0.025948199999999998,0.079577375,217611.0,162986.0,-4.0,-0.001,-4.0,-0.001,,172.609618,360.260819,258.53782,1.017461,658.8153358778626,0.0007881681727480697
w7_full_500,lotka_volterra,1.0,2.369,1.6526625,0.5925787499999999,1.06690575,90220.0,58789.0,-4.0,-0.001,-4.0,-0.001,,52.85293,844.196594,91.678385,1.059545,22.265531869987335,0.0005846491354466859
w7_full_500,low_dim_gauss_mix,1.0,6.954,4.002505,1.1794375000000001,2.309935,84178.0,47380.0,-4.0,-0.001,-4.0,-0.001,,618.75964,1346.57866,919.445536,1.00507,107.36779350454911,0.008806587438265893
w7_full_500,lsat_model,1.0,19.925,18.787889999999997,8.8920625,9.8958275,465605.0,241738.0,-4.0,-0.001,-4.0,-0.001,,660.043415,2528.280204,932.153871,1.009596,33.158013413041296,0.001452966421072791
w7_full_500,pilots,1.0,0.247,0.163007575,0.01890895,0.130604425,437798.0,342454.0,-4.0,-0.001,-4.0,-0.001,,5.391995,42.007168,4.032258,2.123738,23.441647773279353,1.0609526939014839e-05
w7_full_500,radon_partially_pooled_noncentered,1.0,72.528,64.32287500000001,25.3185,39.523475000000005,645924.0,397192.0,-4.0,-0.001,-4.0,-0.001,,497.384597,3917.630193,736.552095,1.008956,6.89461744361736,0.0007700357890401966
w7_full_500,radon_variable_intercept_slope_noncentered,1.0,5.391,4.7087175000000006,2.2129700000000003,2.3570349999999998,399102.0,197002.0,-4.0,-0.001,-4.0,-0.001,,294.127695,1433.835852,308.168889,1.015772,34.62949784398275,0.0005719714661245209
w7_full_500,wells_dist100_model,1.0,1.808,1.02833575,0.21442150000000001,0.8139142500000001,75728.0,59588.0,-4.0,-0.001,-4.0,-0.001,,1007.265217,1014.98841,1153.464896,1.004808,557.1157173672566,0.01330109361134587
w7_stock_1000,accel_gp,1.0,1.293,0.8911025000000001,0.43423375000000003,0.45686874999999993,254889.0,119900.0,-4.0,-0.001,-4.0,-0.001,,4.183372,7.539994,4.032258,5.75683,3.2353998453209596,1.6412524667600406e-05
w7_stock_1000,arma11,1.0,0.509,0.407795275,0.209432,0.19262352500000002,212052.0,104493.0,-4.0,-0.001,-4.0,-0.001,,4.080516,4.266989,4.032258,9.450527,8.016133595284874,1.924156339011186e-05
w7_stock_1000,blr,1.0,0.102,0.079735575,0.0449692,0.03844655,227622.0,108644.0,-4.0,-0.001,-4.0,-0.001,,4.165129,4.475236,4.032258,5.713905,40.017676470588235,1.7932374726520285e-05
w7_stock_1000,bym2_offset_only,1.0,14.035,10.5844675,5.5106725,5.0737950000000005,266038.0,126973.0,-4.0,-0.001,-4.0,-0.001,,4.06278,4.642939,4.032258,5.519959,0.28947488421802636,1.5715867658003745e-05
w7_stock_1000,diamonds,1.0,2.471,2.0399975,1.1273685,0.912629,215214.0,95930.0,-4.0,-0.001,-4.0,-0.001,,4.329791,130.354565,11.113531,3.879672,1.7444722784297853,2.0029324300463722e-05
w7_stock_1000,dogs_hierarchical,1.0,0.917,0.689913,0.34330125,0.34963925,48624.0,23773.0,-4.0,-0.001,-4.0,-0.001,,1663.45871,3917.300619,1813.585618,1.002865,1814.022584514722,0.03446582773910161
w7_stock_1000,eight_schools_centered,1.0,0.04,0.02918385,0.013865950000000002,0.0153179,158880.0,86359.0,-4.0,-0.001,-4.0,-0.001,,67.669249,315.447924,69.363388,1.034224,1691.7312249999998,0.000423532214194925
w7_stock_1000,eight_schools_noncentered,1.0,0.028,0.01656097,0.0081662425,0.008394727500000001,69515.0,34557.0,-4.0,-0.001,-4.0,-0.001,,1638.698396,2991.784878,1572.23358,1.003078,58524.94271428572,0.023340289649475137
w7_stock_1000,garch11,1.0,0.264,0.24087075000000002,0.12083625,0.1200345,72896.0,35431.0,-4.0,-0.001,-4.0,-0.001,,909.347495,1101.933258,1202.78777,1.004798,3819.4723068181816,0.012755252973685688
w7_stock_1000,gp_regr,1.0,0.069,0.057851225,0.029352275,0.02849895,45474.0,22695.0,-4.0,-0.001,-4.0,-0.001,,3420.83527,3649.385396,2356.710586,1.001569,50306.40102941176,0.07443880470025024
w7_stock_1000,hier_2pl,1.0,44.296,43.023875000000004,22.820024999999998,20.203850000000003,152558.0,69964.0,-4.0,-0.001,-4.0,-0.001,,53.090645,1925.389597,70.401155,1.067525,1.19854264493408,0.00035006359620203085
w7_stock_1000,kidscore_momiq,1.0,0.378,0.264439225,0.17915625,0.10590342500000001,186910.0,71172.0,-4.0,-0.001,-4.0,-0.001,,6.735235,6.825315,11.42861,1.61003,14.053506963788301,3.7755572200524315e-05
w7_stock_1000,kronecker_gp,1.5,15.7655,13.58551,7.18300875,6.402501249999999,150066.0,69832.0,-4.0,-0.001,-4.0,-0.001,,21.514958,218.51088499999997,23.8264395,1.241864,1.3626492251040245,0.00014310198651210128
w7_stock_1000,logmesquite_logvash,1.0,0.125,0.09354342499999999,0.042498575000000004,0.051026825,149963.0,73684.0,-4.0,-0.001,-4.0,-0.001,,188.727963,405.777464,361.74318,1.027231,1404.787887755102,0.0012584968492228082
w7_stock_1000,lotka_volterra,1.0,3.543,3.1278325,1.6663999999999999,1.4614325000000001,134240.0,68990.0,-4.0,-0.001,-4.0,-0.001,,6.797277,23.269721,65.128159,1.593326,1.9185088907705334,5.063525774731824e-05
w7_stock_1000,low_dim_gauss_mix,1.0,4.787,3.7644275,2.23523,1.5291975,82072.0,33117.0,-4.0,-0.001,-4.0,-0.001,,342.053426,1431.665007,777.42627,1.011396,95.89386767591813,0.004916397303590421
w7_stock_1000,lsat_model,1.0,6.457,6.0766575,3.1299175000000004,2.94674,142083.0,69385.0,-4.0,-0.001,-4.0,-0.001,,844.456193,3766.75776,1059.425912,1.012077,131.24901973888714,0.0059434006390630826
w7_stock_1000,pilots,1.0,0.107,0.077129,0.0445287,0.03915775,213925.0,98665.0,-4.0,-0.001,-4.0,-0.001,,4.425142,396.137981,11.225864,3.392196,41.85674766355141,2.068548323010401e-05
w7_stock_1000,radon_partially_pooled_noncentered,1.0,18.819,15.518430000000002,8.49652,7.02191,159677.0,72571.0,-4.0,-0.001,-4.0,-0.001,,107.864219,1995.680531,165.140545,1.045082,4.180621642571994,0.0005786800163092754
w7_stock_1000,radon_variable_intercept_slope_noncentered,1.0,1.943,1.592561,0.8384885,0.6832565,130644.0,59964.0,-4.0,-0.001,-4.0,-0.001,,26.866463,1414.013022,124.3031,1.115085,13.575777160181909,0.0002056463595725789
w7_stock_1000,wells_dist100_model,1.0,0.744,0.7137227500000001,0.3595835,0.35452025,53982.0,26523.0,-4.0,-0.001,-4.0,-0.001,,664.994326,723.466658,1139.380914,1.010399,893.8095779569893,0.012168017529413917
w7_stock_2000,accel_gp,1.0,1.363,1.158803,0.87328275,0.30648949999999997,295039.0,85057.0,-4.0,-0.001,-4.0,-0.001,,4.401146,10.182032,10.897222,3.569167,3.229013939838591,1.4917166883022244e-05
w7_stock_2000,arma11,1.0,0.77,0.5872398,0.3850105,0.19911975,316720.0,104783.0,-4.0,-0.001,-4.0,-0.001,,4.080551,4.267956,4.032258,9.408864,5.299835064935065,1.2883218615812073e-05
w7_stock_2000,blr,1.0,0.105,0.08149855,0.06918932500000001,0.013130375,248232.0,34420.0,-4.0,-0.001,-4.0,-0.001,,4.267001,6.047935,11.42861,4.305925,40.638104761904756,1.7189568629346738e-05
w7_stock_2000,bym2_offset_only,1.0,19.735,15.68442,10.988575,4.9577375,393517.0,118534.0,-4.0,-0.001,-4.0,-0.001,,4.197211,5.254013,4.032258,5.188021,0.20550869014441348,1.0306324758523775e-05
w7_stock_2000,diamonds,1.0,4.214,3.3650557500000002,2.1855399999999996,1.2269172499999998,349691.0,132087.0,-4.0,-0.001,-4.0,-0.001,,4.460028,131.704659,11.13458,3.273885,1.0345598006644516,1.2754197277024574e-05
w7_stock_2000,dogs_hierarchical,1.0,1.215,1.00899,0.6587405,0.34968499999999997,72024.0,23537.0,-4.0,-0.001,-4.0,-0.001,,1537.593412,3918.630128,1693.855951,1.002657,1265.5089810699587,0.02110281644753095
w7_stock_2000,eight_schools_centered,1.0,0.063,0.04060009999999999,0.0262581,0.014394525,229733.0,73695.0,-4.0,-0.001,-4.0,-0.001,,80.032289,253.948365,106.931842,1.042773,1460.8884444444445,0.0003483708870732546
w7_stock_2000,eight_schools_noncentered,1.0,0.035,0.02458714,0.016436975,0.008150165000000001,103626.0,34188.0,-4.0,-0.001,-4.0,-0.001,,1597.9685,2899.381281,1314.299324,1.003202,45839.146142857135,0.0154205363518808
w7_stock_2000,garch11,1.0,0.451,0.385532,0.26478425,0.120807,109006.0,35615.0,-4.0,-0.001,-4.0,-0.001,,898.933117,1225.950705,1363.824685,1.00808,2191.301507653061,0.008246638873089554
w7_stock_2000,gp_regr,1.0,0.12,0.09065955,0.0587267,0.028366125000000002,67567.0,22445.0,-4.0,-0.001,-4.0,-0.001,,3730.628091,3833.640712,2045.45684,1.002652,31368.424733333333,0.05464327039934966
w7_stock_2000,hier_2pl,1.0,65.879,62.472725000000004,42.621300000000005,19.851425,223595.0,70785.0,-4.0,-0.001,-4.0,-0.001,,130.088577,2392.050895,102.43704,1.020665,1.937629613631624,0.0005762097791518651
w7_stock_2000,kidscore_momiq,1.0,0.415,0.308117475,0.22803325000000002,0.08658035,225034.0,59993.0,-4.0,-0.001,-4.0,-0.001,,146.6772,301.914829,219.800576,1.022194,353.4390361445783,0.0006256678880533031
w7_stock_2000,kronecker_gp,1.5,22.0995,20.008796250000003,13.5815625,6.427233749999999,220617.0,69963.0,-4.0,-0.001,-4.0,-0.001,,33.491593,257.9779655,40.113863,1.1041675,1.5153606694002046,0.00015172296044654006
w7_stock_2000,logmesquite_logvash,1.0,0.127,0.1157078,0.077370075,0.0377908,226332.0,75405.0,-4.0,-0.001,-4.0,-0.001,,191.295305,409.504628,331.676282,1.015198,1567.9943032786887,0.0008625842314109212
w7_stock_2000,lotka_volterra,1.0,4.721,4.102939999999999,2.8881224999999997,1.2148174999999999,197143.0,64384.0,-4.0,-0.001,-4.0,-0.001,,166.147267,1426.512681,251.947478,1.021046,35.19323596695615,0.0008442356632554547
w7_stock_2000,low_dim_gauss_mix,1.0,6.383,5.221705249999999,3.8600350000000003,1.36167025,111018.0,29408.0,-4.0,-0.001,-4.0,-0.001,,575.251933,1663.6102,854.266922,1.004351,113.54179104599771,0.005853909034477144
w7_stock_2000,lsat_model,1.0,9.201,8.829442499999999,5.916805,2.8645925,211048.0,69682.0,-4.0,-0.001,-4.0,-0.001,,676.701328,4207.75977,1104.247804,1.00974,73.54649798934898,0.003206385883779993
w7_stock_2000,pilots,1.0,0.158,0.110883825,0.073373875,0.033966075,308008.0,96407.0,-4.0,-0.001,-4.0,-0.001,,4.430997,394.678968,11.602507,3.474048,28.04428481012658,1.4385980234279628e-05
w7_stock_2000,radon_partially_pooled_noncentered,1.0,24.73,22.133035,15.242875000000002,7.0420275,229524.0,71968.0,-4.0,-0.001,-4.0,-0.001,,122.641201,2165.836982,240.135956,1.049762,4.95920748079256,0.0005343284405988044
w7_stock_2000,radon_variable_intercept_slope_noncentered,1.0,2.559,2.26233225,1.53759,0.714094,195230.0,60502.0,-4.0,-0.001,-4.0,-0.001,,10.236412,1603.109541,72.431668,1.304168,4.060456961523205,5.440298896146344e-05
w7_stock_2000,wells_dist100_model,1.0,1.144,1.0716495,0.733376,0.3382735,80921.0,26590.0,-4.0,-0.001,-4.0,-0.001,,820.652439,844.617569,1091.283035,1.003316,717.3535305944056,0.010132887663756807
w7_stock_250,accel_gp,1.0,0.65,0.60497325,0.12191475,0.48663375,160004.0,128000.0,-4.0,-0.001,-4.0,-0.001,,4.032258,4.032258,inf,-inf,6.2034738461538455,2.520098247543811e-05
w7_stock_250,arma11,1.0,0.317,0.24610324999999997,0.053867899999999996,0.19223535,133562.0,103794.0,-4.0,-0.001,-4.0,-0.001,,4.080255,4.270463,4.032258,9.405817,12.87146687697161,3.055909615010258e-05
w7_stock_250,blr,1.0,0.061,0.05023434,0.01006414,0.04018262500000001,160004.0,128000.0,-4.0,-0.001,-4.0,-0.001,,4.032258,4.032258,inf,-inf,66.10259016393442,2.520098247543811e-05
w7_stock_250,bym2_offset_only,1.0,9.02,6.194955,1.2141225,4.9808325,160004.0,128000.0,-4.0,-0.001,-4.0,-0.001,,4.032258,4.032258,inf,-inf,0.4470352549889135,2.520098247543811e-05
w7_stock_250,diamonds,1.0,3.51,2.071989,0.34430700000000003,1.727682,224846.0,188174.0,-4.0,-0.001,-4.0,-0.001,,4.19375,4.648543,4.032258,5.757031,1.2886618233618234,1.8537945138669736e-05
w7_stock_250,dogs_hierarchical,1.0,0.625,0.452936025,0.09064177500000001,0.35435950000000005,30877.0,24062.0,-4.0,-0.001,-4.0,-0.001,,1727.022921,3920.737298,1880.417625,1.002777,2763.2366736,0.05670720805130032
w7_stock_250,eight_schools_centered,1.0,0.024,0.014854,0.002841635,0.01194225,92033.0,75852.0,-4.0,-0.001,-4.0,-0.001,,84.143867,334.883368,101.492609,1.058192,3365.75468,0.0009056881902137644
w7_stock_250,eight_schools_noncentered,1.0,0.02,0.0100715,0.002179865,0.0080313725,44314.0,35103.0,-4.0,-0.001,-4.0,-0.001,,1577.749854,2929.253156,1574.122721,1.002566,75761.80843478261,0.034975611926402125
w7_stock_250,garch11,1.0,0.154,0.14330305,0.0317037,0.11266375000000001,46644.0,36181.0,-4.0,-0.001,-4.0,-0.001,,994.842405,1329.305891,1170.4581,1.004673,6137.053091503268,0.021328411049652687
w7_stock_250,gp_regr,1.0,0.041,0.0350417525,0.0074288775,0.027612875,28597.0,22562.0,-4.0,-0.001,-4.0,-0.001,,3479.453562,3724.878427,2351.965384,1.002535,83046.43309756098,0.1190900548074569
w7_stock_250,hier_2pl,1.0,38.857,31.927732500000005,8.1374575,23.790275,116379.0,86933.0,-4.0,-0.001,-4.0,-0.001,,18.110204,1185.125628,46.066155,1.171656,0.5732709949036118,0.0001757333850856339
w7_stock_250,kidscore_momiq,1.0,0.221,0.205502675,0.0406724,0.16278025,160004.0,128000.0,-4.0,-0.001,-4.0,-0.001,,4.032258,4.032258,inf,-inf,18.328445454545452,2.520098247543811e-05
w7_stock_250,kronecker_gp,1.5,10.655000000000001,8.841575,2.3335075,6.5080675,97337.0,70172.5,-4.0,-0.001,-4.0,-0.001,,17.1848905,235.10652700000003,52.167806,1.1692,1.6228873917252278,0.0001777318781268586
w7_stock_250,logmesquite_logvash,1.0,0.057,0.0480484675,0.0105729925,0.03678345,92294.0,71384.0,-4.0,-0.001,-4.0,-0.001,,216.399065,394.039136,223.041834,1.028694,3796.4748245614037,0.002256507455683003
w7_stock_250,lotka_volterra,1.0,4.33,2.9046965,0.592479,2.3122175,129301.0,108409.0,-4.0,-0.001,-4.0,-0.001,,7.445519,26.404332,34.19747,1.494321,1.7195193995381062,5.165011480857145e-05
w7_stock_250,low_dim_gauss_mix,1.0,2.975,2.43708775,0.747401,1.7484475,53088.0,38028.0,-4.0,-0.001,-4.0,-0.001,,7.146131,7.674867,29.449945,1.53034,2.402060840336134,0.0001346091583785413
w7_stock_250,lsat_model,1.0,4.003,3.6462765,0.8335995,2.75497,90536.0,69555.0,-4.0,-0.001,-4.0,-0.001,,726.251937,3628.507241,1132.588884,1.008535,181.42691406445167,0.00802169233233189
w7_stock_250,pilots,1.0,0.087,0.055673194999999995,0.011234244999999999,0.044438950000000005,159478.0,126098.0,-4.0,-0.001,-4.0,-0.001,,4.539742,381.162382,11.386888,3.098676,55.4100459770115,2.7972598101305508e-05
w7_stock_250,radon_partially_pooled_noncentered,1.0,15.032,10.9509525,2.9796825,7.880537500000001,113882.0,82206.0,-4.0,-0.001,-4.0,-0.001,,6.594091,12.079498,4.876937,1.629535,0.4282155334761998,5.790283802532446e-05
w7_stock_250,radon_variable_intercept_slope_noncentered,1.0,1.098,0.9503405,0.245166,0.71410225,82113.0,60720.0,-4.0,-0.001,-4.0,-0.001,,10.709595,588.743882,14.34401,1.334978,10.238618546845125,0.00013788941391564095
w7_stock_250,wells_dist100_model,1.0,0.467,0.434901425,0.09304442499999999,0.341857,33943.0,26306.0,-4.0,-0.001,-4.0,-0.001,,821.798176,852.905557,1254.941246,1.004421,1766.6357189542484,0.024211123825236425
w7_stock_4000,accel_gp,1.0,2.82,1.83360775,1.4520170000000001,0.3462635,497541.0,86019.0,-4.0,-0.001,-4.0,-0.001,,4.30603,14.359439,11.173396,4.035139,1.6119698581560284,9.13644302680583e-06
w7_stock_4000,arma11,1.0,1.22,0.9734318,0.78252075,0.1899189,525995.0,104887.0,-4.0,-0.001,-4.0,-0.001,,4.080551,4.263132,4.032258,9.403859,3.3444950819672132,7.757775264023423e-06
w7_stock_4000,blr,1.0,0.142,0.119371175,0.10389372499999999,0.01547745,327769.0,37394.0,-4.0,-0.001,-4.0,-0.001,,4.360417,6.279727,11.094494,3.728105,31.24923943661972,1.3102483848488786e-05
w7_stock_4000,bym2_offset_only,1.0,42.549,33.409115,25.299425,8.10969,784191.0,199380.0,-4.0,-0.001,-4.0,-0.001,,4.246169,8.883486,10.663538,4.497162,0.10484387412160097,5.622525479118201e-06
w7_stock_4000,diamonds,1.0,7.822,6.8800325,5.2289449999999995,1.6266924999999999,716567.0,174842.0,-4.0,-0.001,-4.0,-0.001,,4.791921,141.413016,11.197932,2.578405,0.6126209409358221,7.132839108821246e-06
w7_stock_4000,dogs_hierarchical,1.0,1.898,1.6720597500000003,1.3235350000000001,0.34297374999999997,119825.0,23727.0,-4.0,-0.001,-4.0,-0.001,,1645.325908,3916.825541,1785.324799,1.002931,880.3241883360085,0.013789996965963475
w7_stock_4000,eight_schools_centered,1.0,0.09,0.07450705,0.060239675,0.013693325000000001,386875.0,75092.0,-4.0,-0.001,-4.0,-0.001,,106.682781,247.615921,233.937263,1.050502,1185.3642333333335,0.00025864059882417116
w7_stock_4000,eight_schools_noncentered,1.0,0.059,0.0422720825,0.033583475,0.0082637525,172069.0,34612.0,-4.0,-0.001,-4.0,-0.001,,1622.968323,2903.501719,1563.20311,1.003772,27507.937677966103,0.009432078544072436
w7_stock_4000,garch11,1.0,0.709,0.638903,0.511854,0.129218,179439.0,35051.0,-4.0,-0.001,-4.0,-0.001,,997.264358,1261.340126,1135.232606,1.005985,1406.5787842031032,0.005519964342844491
w7_stock_4000,gp_regr,1.0,0.153,0.142419975,0.114806,0.028996175,111552.0,22053.0,-4.0,-0.001,-4.0,-0.001,,3657.179156,3940.420802,2240.618451,1.001745,23771.92815231788,0.032208505341400476
w7_stock_4000,hier_2pl,1.0,103.493,101.90514999999999,82.35772499999999,19.592525000000002,364450.0,69929.0,-4.0,-0.001,-4.0,-0.001,,241.378049,2584.658999,198.392944,1.027574,2.305689754317591,0.0006623077212237618
w7_stock_4000,kidscore_momiq,1.0,0.511,0.40918879999999996,0.35306024999999996,0.059513949999999996,300299.0,41777.0,-4.0,-0.001,-4.0,-0.001,,249.727284,360.436412,293.163066,1.03095,475.4243656716418,0.0008016846341359411
w7_stock_4000,kronecker_gp,1.5,34.9525,33.040285,26.454625,6.585660000000001,361248.5,70613.0,-4.0,-0.001,-4.0,-0.001,,37.60638,258.303565,41.952587,1.115083,1.0711123659626676,0.00010391368748545183
w7_stock_4000,logmesquite_logvash,1.0,0.216,0.20238230000000001,0.163935,0.038451175,374219.0,74590.0,-4.0,-0.001,-4.0,-0.001,,245.844148,495.77225,442.865994,1.023632,1078.2638070175437,0.0006617234234403977
w7_stock_4000,lotka_volterra,1.0,7.015,6.47253475,5.43009,1.0903094999999998,316782.0,59098.0,-4.0,-0.001,-4.0,-0.001,,62.61267,1180.123715,188.342779,1.061184,8.925540983606558,0.00020567451531735135
w7_stock_4000,low_dim_gauss_mix,1.0,10.145,8.01867,6.647452499999999,1.401375,169109.0,29506.0,-4.0,-0.001,-4.0,-0.001,,550.663999,1919.621731,1045.004794,1.006225,70.97100128882587,0.003519789316578032
w7_stock_4000,lsat_model,1.0,15.098,14.703912500000001,11.734775,2.9679075,351518.0,70330.0,-4.0,-0.001,-4.0,-0.001,,669.175966,3726.234742,1216.971435,1.010378,44.4015636653175,0.001903674821772996
w7_stock_4000,pilots,1.0,0.245,0.194749325,0.14703225,0.037464175,491761.0,85977.0,-4.0,-0.001,-4.0,-0.001,,4.361257,414.367228,12.420906,3.674427,18.36944081632653,8.902405155685318e-06
w7_stock_4000,radon_partially_pooled_noncentered,1.0,39.864,36.2797075,29.355925,6.9237825,373725.0,71473.0,-4.0,-0.001,-4.0,-0.001,,127.952937,2614.202018,202.623589,1.031226,3.209736529199278,0.00034237189644792295
w7_stock_4000,radon_variable_intercept_slope_noncentered,1.0,4.096,3.667233,2.9490300000000005,0.718203,309158.0,60478.0,-4.0,-0.001,-4.0,-0.001,,21.217207,1875.662948,107.786397,1.140192,5.183778890789152,6.86290084681619e-05
w7_stock_4000,wells_dist100_model,1.0,1.872,1.772276,1.419445,0.34789000000000003,133504.0,26151.0,-4.0,-0.001,-4.0,-0.001,,846.560699,847.268963,1038.952833,1.003447,460.0460258030542,0.006426483709101951
w7_stock_500,accel_gp,1.0,0.858,0.65493925,0.25412825,0.40977575,179919.0,114720.0,-4.0,-0.001,-4.0,-0.001,,4.050173,5.823086,4.032258,17.874834,4.753399766899767,2.2511091102107058e-05
w7_stock_500,arma11,1.0,0.369,0.284860575,0.102211975,0.18807727500000002,159543.0,103951.0,-4.0,-0.001,-4.0,-0.001,,4.080738,4.265092,4.032258,9.405332,11.060975609756099,2.557766871627085e-05
w7_stock_500,blr,1.0,0.078,0.065703425,0.02005745,0.045645975,192004.0,128000.0,-4.0,-0.001,-4.0,-0.001,,4.032258,4.032258,inf,-inf,51.90975641025641,2.1000906231120184e-05
w7_stock_500,bym2_offset_only,1.0,10.472,7.5291475,2.4354299999999998,5.09999,192004.0,128000.0,-4.0,-0.001,-4.0,-0.001,,4.032258,4.032258,inf,-inf,0.38505137509549275,2.1000906231120184e-05
w7_stock_500,diamonds,1.0,1.915,1.55315825,0.635375,0.9289095,162390.0,97243.0,-4.0,-0.001,-4.0,-0.001,,4.29356,67.2624,10.87964,4.093069,2.2382433420365535,2.6394704107395772e-05
w7_stock_500,dogs_hierarchical,1.0,0.689,0.52744775,0.17670699999999998,0.34834725,37081.0,23797.0,-4.0,-0.001,-4.0,-0.001,,1579.911307,3915.553514,1597.028025,1.002883,2293.0497924528304,0.04385353504316208
w7_stock_500,eight_schools_centered,1.0,0.028,0.019785292500000003,0.0060089175000000005,0.013776374999999999,116977.0,82101.0,-4.0,-0.001,-4.0,-0.001,,124.454624,293.477187,131.457131,1.026423,3660.4301176470585,0.0010639238824726228
w7_stock_500,eight_schools_noncentered,1.0,0.023,0.0124212125,0.004120225,0.008003355,52544.0,34827.0,-4.0,-0.001,-4.0,-0.001,,1597.422213,2940.302854,1348.353346,1.00317,59394.66160869566,0.03060958117922088
w7_stock_500,garch11,1.0,0.189,0.17637045,0.059866625,0.118121,54788.0,35190.0,-4.0,-0.001,-4.0,-0.001,,933.029439,1246.635589,1115.215311,1.004914,4936.663698412698,0.017191727575913914
w7_stock_500,gp_regr,1.0,0.05,0.042211425,0.014589075,0.027622349999999997,33734.0,22088.0,-4.0,-0.001,-4.0,-0.001,,3400.833275,3780.835321,2364.05971,1.002399,66166.92341999999,0.10211485932620706
w7_stock_500,hier_2pl,1.0,35.033,33.56955,13.583975,20.2541,117667.0,70224.0,-4.0,-0.001,-4.0,-0.001,,34.558208,1326.724858,58.567986,1.092388,0.986447292552736,0.0002985590323974082
w7_stock_500,kidscore_momiq,1.0,0.291,0.259127275,0.081514275,0.17378824999999998,191379.0,126532.0,-4.0,-0.001,-4.0,-0.001,,4.326099,4.552135,4.032258,6.272922,14.815079037800686,2.2526964818501504e-05
w7_stock_500,kronecker_gp,1.5,12.8445,10.744265,4.21268625,6.5315787499999995,114337.5,69877.5,-4.0,-0.001,-4.0,-0.001,,25.3245595,271.930161,74.9277265,1.150145,2.003845006663763,0.0002209795850256813
w7_stock_500,logmesquite_logvash,1.0,0.068,0.058059900000000005,0.020618175,0.037441725,112333.0,72698.0,-4.0,-0.001,-4.0,-0.001,,240.982715,503.476732,390.07665,1.01793,3589.944808823529,0.002173148113199149
w7_stock_500,lotka_volterra,1.0,4.788,2.8782455000000002,0.959948,1.9182975,133549.0,99409.0,-4.0,-0.001,-4.0,-0.001,,10.754585,36.933491,28.200195,1.283187,2.246153926482874,8.052913162958915e-05
w7_stock_500,low_dim_gauss_mix,1.0,3.313,2.78015625,1.17929125,1.6595425000000001,59642.0,35561.0,-4.0,-0.001,-4.0,-0.001,,22.640965,51.154345,28.96135,1.11819,5.177444546078207,0.0003183487767154106
w7_stock_500,lsat_model,1.0,4.89,4.5333575,1.6128600000000002,2.9204974999999997,107793.0,69385.0,-4.0,-0.001,-4.0,-0.001,,580.120429,3690.582481,1035.292932,1.010229,119.73589865841073,0.0053880987582081786
w7_stock_500,pilots,1.0,0.097,0.0604435,0.023729149999999997,0.03671435,154128.0,91641.0,-4.0,-0.001,-4.0,-0.001,,4.476277,383.087642,13.135667,3.376964,46.147185567010304,2.8664765649330427e-05
w7_stock_500,radon_partially_pooled_noncentered,1.0,18.57,12.897545000000001,4.9767225,7.9208225,133211.0,80632.0,-4.0,-0.001,-4.0,-0.001,,58.887542,1481.49594,22.241,1.049754,3.1522692575343934,0.0004420621570290742
w7_stock_500,radon_variable_intercept_slope_noncentered,1.0,1.392,1.21572575,0.45269275000000003,0.7630330000000001,102600.0,65989.0,-4.0,-0.001,-4.0,-0.001,,21.813545,1088.50914,47.339098,1.1309,15.922295620437955,0.00022337127263045794
w7_stock_500,wells_dist100_model,1.0,0.569,0.5412225,0.186772,0.3544505,40944.0,26943.0,-4.0,-0.001,-4.0,-0.001,,834.186524,857.939708,1335.987915,1.005363,1374.2776342668863,0.020221723164937457
w8_lr10,arma11,1.0,0.135,0.121747075,0.059277175,0.062469899999999995,62185.0,30940.0,-4.0,-0.001,-4.0,-0.001,,997.589646,2035.365996,1515.284315,1.00372,6877.301970370369,0.016042287464822707
w8_lr10,blr,1.0,0.229,0.13967802499999998,0.07470565000000001,0.07160169999999999,380868.0,184440.0,-4.0,-0.001,-4.0,-0.001,,703.832339,2796.405542,802.391132,1.003123,3486.582655021834,0.001847969215056135
w8_lr10,bym2_offset_only,1.0,41.761,35.356275,19.661425,15.791075,885994.0,406751.0,-4.0,-0.001,-4.0,-0.001,,85.192526,3137.985921,45.445801,1.048974,2.040881728673071,8.856462406112743e-05
w8_lr10,diamonds,1.0,6.84,6.007787500000001,3.2604075,2.6966925,653701.0,288737.0,-4.0,-0.001,-4.0,-0.001,,7.532277,468.904797,25.176101,1.500228,1.109973032714412,1.1430986364360673e-05
w8_lr10,dogs_hierarchical,1.0,0.932,0.708315,0.33888525,0.36942975,50447.0,25369.0,-4.0,-0.001,-4.0,-0.001,,1423.564404,3918.324886,1570.989071,1.002425,1426.6082081545064,0.026417095825634302
w8_lr10,eight_schools_centered,1.0,0.055,0.0397643,0.019614675,0.018749250000000002,213078.0,104576.0,-4.0,-0.001,-4.0,-0.001,,13.01809,88.765121,14.440912,1.23665,236.69254545454547,6.018896188860172e-05
w8_lr10,eight_schools_noncentered,1.0,0.04,0.025392517499999996,0.0140619275,0.0105879825,95925.0,41840.0,-4.0,-0.001,-4.0,-0.001,,1593.795424,3411.616181,1498.633112,1.004947,39844.885599999994,0.016615016148032315
w8_lr10,garch11,1.0,0.381,0.355194,0.1755965,0.183287,113674.0,57904.0,-4.0,-0.001,-4.0,-0.001,,1034.720789,1652.935241,1443.638308,1.005607,2722.949444736842,0.009257456026458694
w8_lr10,gp_regr,1.0,0.137,0.093817075,0.0498729,0.043944175,76864.0,35022.0,-4.0,-0.001,-4.0,-0.001,,2306.59909,2966.156232,2373.547635,1.002295,16836.489708029196,0.03000883495524563
w8_lr10,hier_2pl,1.0,174.116,159.664425,84.27105,75.39337499999999,911120.0,438000.0,-4.0,-0.001,-4.0,-0.001,,82.510574,732.048906,125.86239,1.048823,0.46569311088284104,8.258820691449963e-05
w8_lr10,kidscore_momiq,1.0,0.172,0.15183195,0.07738975,0.075587525,111614.0,55676.0,-4.0,-0.001,-4.0,-0.001,,519.628825,960.72468,581.268601,1.010523,2986.372557471265,0.004696487997324705
w8_lr10,kronecker_gp,1.5,81.8985,61.8682625,33.512862500000004,28.3554,702616.0,322520.5,-4.0,-0.001,-4.0,-0.001,,91.1288665,726.9289369999999,174.568497,1.0554205,1.1124011464421586,0.0001346274385637389
w8_lr10,logmesquite_logvash,1.0,0.148,0.102686375,0.040979974999999995,0.05602525,172630.0,92742.0,-4.0,-0.001,-4.0,-0.001,,121.878506,415.437467,216.846568,1.019538,1017.1780540540541,0.0006925116083113716
w8_lr10,lotka_volterra,1.0,2.608,2.458025,1.13877,1.3295325,137850.0,74265.0,-4.0,-0.001,-4.0,-0.001,,95.255326,1370.492118,288.892858,1.047754,37.37217254601227,0.0006910070801595937
w8_lr10,low_dim_gauss_mix,1.0,5.614,5.0974675000000005,2.5089825,2.64725,110522.0,57122.0,-4.0,-0.001,-4.0,-0.001,,1007.80243,2022.637367,1348.125798,1.004292,179.51592981831135,0.009118568520294601
w8_lr10,lsat_model,1.0,24.935,24.46703,14.606225,9.878505,621682.0,252000.0,-4.0,-0.001,-4.0,-0.001,,1393.550455,10366.957101,1828.940551,1.008678,55.65519609409321,0.0022427063665770796
w8_lr10,pilots,1.0,0.097,0.068652175,0.0359,0.036310475,183514.0,93540.0,-4.0,-0.001,-4.0,-0.001,,4.552912,235.638435,12.326818,3.147151,47.86121052631579,2.4776393081726733e-05
w8_lr10,radon_partially_pooled_noncentered,1.0,79.319,73.39982499999999,40.442800000000005,32.957025,766182.0,344680.0,-4.0,-0.001,-4.0,-0.001,,709.716336,7914.230831,1167.880937,1.007736,8.947620822249398,0.0008594748819471091
w8_lr10,radon_variable_intercept_slope_noncentered,1.0,7.413,5.5303925,3.437335,2.0930575,476958.0,186564.0,-4.0,-0.001,-4.0,-0.001,,602.770586,6134.136904,612.477309,1.008943,77.87192809928503,0.0012103048968672293
w8_lr10,wells_dist100_model,1.0,0.963,0.8550055,0.4159305,0.439075,66573.0,33768.0,-4.0,-0.001,-4.0,-0.001,,882.75625,963.764221,1398.828009,1.00405,893.2205877466251,0.012920725008637135
w9_diag,bym2_offset_only,1.0,44.007,35.084275,19.181150000000002,15.928625,887427.0,406859.0,-4.0,-0.001,-4.0,-0.001,,146.505678,3620.453008,252.991669,1.023003,3.5393829391442995,0.00016836222781418112
w9_diag,garch11,1.0,0.353,0.31104224999999996,0.1525265,0.16142675,99731.0,49189.0,-4.0,-0.001,-4.0,-0.001,,890.828273,1462.691874,1191.294957,1.003586,2675.159978978979,0.009184364733901065
w9_diag,hier_2pl,1.0,289.443,288.16499999999996,143.81225,144.35275,998801.0,500000.0,-4.0,-0.001,-4.0,-0.001,,165.522008,1471.944133,178.05902,1.026476,0.5718639179389379,0.00016572070712784627
w9_diag,kronecker_gp,1.0,67.122,54.71205,30.999075,23.712975,606332.0,263923.0,-4.0,-0.001,-4.0,-0.001,,93.923733,714.822252,116.452138,1.047818,1.399298784303209,0.00015691109995205992
w9_diag,lsat_model,1.0,25.605,24.93025,14.7017,10.322949999999999,621723.0,252000.0,-4.0,-0.001,-4.0,-0.001,,1467.13934,10161.118459,1784.574586,1.008736,57.354939014855354,0.002359431506595971
w9_diag,radon_partially_pooled_noncentered,1.0,81.667,79.415525,43.035,36.380525,824658.0,376000.0,-4.0,-0.001,-4.0,-0.001,,614.834792,7912.525527,1232.395747,1.008153,6.970599882091515,0.0007431347828556856
w9_fold,bym2_offset_only,1.0,41.836,34.2881,19.539649999999998,14.74845,849475.0,375931.0,-4.0,-0.001,-4.0,-0.001,,115.059611,3571.412011,166.061395,1.037154,3.101920165790757,0.00013479417404867712
w9_fold,garch11,1.0,0.414,0.3632575,0.18680300000000002,0.17902724999999997,115573.0,57618.0,-4.0,-0.001,-4.0,-0.001,,937.596883,1538.117911,1462.772846,1.004608,2264.726770531401,0.008201010111347277
w9_fold,hier_2pl,1.0,177.577,141.603375,76.29215,65.311225,795097.0,375872.0,-4.0,-0.001,-4.0,-0.001,,42.870138,687.446117,117.473075,1.07036,0.24141717677401914,5.391812319754696e-05
w9_fold,kronecker_gp,1.5,73.5855,62.8076375,34.5383375,28.269299999999998,700464.0,315398.5,-4.0,-0.001,-4.0,-0.001,,32.432649500000004,527.591495,144.7719315,1.111754,0.4570567057594864,4.7256220590356565e-05
w9_fold,lsat_model,1.0,25.47,25.045865,15.0009,10.019589999999999,621682.0,252000.0,-4.0,-0.001,-4.0,-0.001,,1393.550455,10366.957101,1828.940551,1.008678,54.03871781448736,0.0022427063665770796
w9_fold,radon_partially_pooled_noncentered,1.0,80.08,78.9594,43.069625,35.68195,824410.0,376000.0,-4.0,-0.001,-4.0,-0.001,,713.30549,8021.13311,1157.549781,1.006678,8.907411213786213,0.0008650877269579539
w9_full,bym2_offset_only,1.0,48.339,40.388245,22.54585,17.842395000000003,876726.0,399378.0,-4.0,-0.001,-4.0,-0.001,,56.362299,3059.473193,81.06449,1.068879,1.1707024551345964,5.641566822213814e-05
w9_full,garch11,1.0,0.274,0.25016900000000003,0.125278,0.12487025,74831.0,36926.0,-4.0,-0.001,-4.0,-0.001,,921.344529,1355.182407,1152.512628,1.002717,3399.677894160584,0.012312337520546297
w9_full,hier_2pl,1.0,179.795,167.43,90.06655,77.48089999999999,933551.0,438000.0,-4.0,-0.001,-4.0,-0.001,,204.665922,1071.86473,186.900774,1.024106,1.138329330626547,0.00020485910413519949
w9_full,kronecker_gp,1.5,86.804,64.90965,37.286675,27.622975,715372.0,306545.0,-4.0,-0.001,-4.0,-0.001,,90.48213899999999,681.683291,188.073222,1.0186775,1.0416963921111606,0.00012636658845687247
w9_full,lsat_model,1.0,27.087,25.993947499999997,16.29455,9.787647499999999,624061.0,235000.0,-4.0,-0.001,-4.0,-0.001,,1297.974677,9267.75253,1905.934267,1.007528,47.87923538967032,0.0020781700010095165
w9_full,radon_partially_pooled_noncentered,1.0,84.188,83.25732500000001,47.281075,35.932275000000004,864605.0,376000.0,-4.0,-0.001,-4.0,-0.001,,367.467177,6641.764837,732.184604,1.015632,4.3648403216610445,0.00042472229002975053
walnut,accel_gp,1.0,1.735,1.17457875,0.58502125,0.60810675,254889.0,119900.0,-4.0,-0.001,-4.0,-0.001,,4.183372,7.539994,4.032258,5.75683,2.4111654178674353,1.6412524667600406e-05
walnut,arma11,1.0,0.572,0.47207492500000003,0.245338625,0.230498575,212052.0,104493.0,-4.0,-0.001,-4.0,-0.001,,4.080516,4.266989,4.032258,9.450527,7.133237762237764,1.924156339011186e-05
walnut,blr,1.0,0.12,0.09682732499999999,0.059456274999999996,0.049545,227622.0,108644.0,-4.0,-0.001,-4.0,-0.001,,4.165129,4.475236,4.032258,5.713905,34.709408333333336,1.7932374726520285e-05
walnut,bym2_offset_only,1.0,14.644,13.337789999999998,6.586305000000001,6.158407500000001,266038.0,126973.0,-4.0,-0.001,-4.0,-0.001,,4.06278,4.642939,4.032258,5.519959,0.2774364927615406,1.5715867658003745e-05
walnut,diamonds,1.0,3.544,2.8899899999999996,1.5194475,1.3705425,215214.0,95930.0,-4.0,-0.001,-4.0,-0.001,,4.374195,130.258635,11.132634,3.643562,1.2342536681715577,2.0212816590960553e-05
walnut,dogs_hierarchical,1.0,0.927,0.873015,0.43755225,0.43546275,48624.0,23773.0,-4.0,-0.001,-4.0,-0.001,,1663.45871,3917.300619,1813.585618,1.002865,1852.4039086859689,0.03446582773910161
walnut,eight_schools_centered,1.0,0.046,0.033776975,0.019017325,0.015973825,164992.0,82496.0,-4.0,-0.001,-4.0,-0.001,,55.390778,230.608567,88.205523,1.066445,1350.9945853658535,0.0003803005698592516
walnut,eight_schools_noncentered,1.0,0.026,0.02114375,0.0113401225,0.0112745925,69515.0,34557.0,-4.0,-0.001,-4.0,-0.001,,1638.698396,2991.784878,1572.23358,1.003078,63026.86138461539,0.023340289649475137
walnut,garch11,1.0,0.305,0.28823075000000004,0.14571125000000001,0.1469225,72896.0,35431.0,-4.0,-0.001,-4.0,-0.001,,909.347495,1101.933258,1202.78777,1.004798,2981.4671967213117,0.012755252973685688
walnut,gp_regr,1.0,0.088,0.07669257500000001,0.035234675,0.039519000000000006,45474.0,22695.0,-4.0,-0.001,-4.0,-0.001,,3420.83527,3649.385396,2356.710586,1.001569,41966.900708860754,0.07443880470025024
walnut,hier_2pl,1.0,65.853,62.753299999999996,33.80445,29.384375,152558.0,69964.0,-4.0,-0.001,-4.0,-0.001,,53.090645,1925.389597,70.401155,1.067525,0.7730934282760328,0.00035006359620203085
walnut,kidscore_momiq,1.0,0.428,0.326579475,0.1996275,0.126951975,186910.0,71172.0,-4.0,-0.001,-4.0,-0.001,,6.735235,6.825315,11.42861,1.61003,16.14849885583524,3.7755572200524315e-05
walnut,kronecker_gp,1.0,19.65,17.788602500000003,8.74047,9.0235775,150940.0,70601.0,-4.0,-0.001,-4.0,-0.001,,28.358127,252.537243,63.257856,1.116229,1.5174511451198631,0.00019171129859857627
walnut,logmesquite_logvash,1.0,0.111,0.098916725,0.049334275,0.04575177500000001,149963.0,73684.0,-4.0,-0.001,-4.0,-0.001,,188.727963,405.777464,361.74318,1.027231,1906.3430606060604,0.0012584968492228082
walnut,lotka_volterra,1.0,5.559,4.679047499999999,2.3619125,2.317135,134240.0,68990.0,-4.0,-0.001,-4.0,-0.001,,6.797277,23.269722,65.128159,1.593406,1.2227517539125743,5.063525774731824e-05
walnut,low_dim_gauss_mix,1.0,6.11,4.6847075,2.7917475,1.89296,82602.0,33491.0,-4.0,-0.001,-4.0,-0.001,,342.053426,1431.665007,721.573434,1.011396,69.82107083078179,0.004916397303590421
walnut,lsat_model,1.0,8.81,8.41823,4.3793275000000005,4.0389025,142083.0,69385.0,-4.0,-0.001,-4.0,-0.001,,844.456193,3766.75776,1059.425912,1.012077,95.85200828603858,0.0059434006390630826
walnut,pilots,1.0,0.097,0.08824912500000001,0.052412075,0.038399775000000004,192711.0,81236.0,-4.0,-0.001,-4.0,-0.001,,4.554011,383.867451,11.650028,3.010904,46.34902061855669,2.39650616726601e-05
walnut,radon_partially_pooled_noncentered,1.0,25.921,22.606325000000002,11.996799999999999,10.332725,159677.0,72571.0,-4.0,-0.001,-4.0,-0.001,,107.864219,1995.680531,165.140545,1.045082,3.1628953171275254,0.0005786800163092754
walnut,radon_variable_intercept_slope_noncentered,1.0,2.505,2.1901067500000004,1.1139332499999999,0.893307,130644.0,59964.0,-4.0,-0.001,-4.0,-0.001,,26.866463,1414.013022,124.3031,1.115085,10.470172642244739,0.0002056463595725789
walnut,wells_dist100_model,1.0,0.987,0.9234007499999999,0.4690935,0.45430725000000005,53982.0,26523.0,-4.0,-0.001,-4.0,-0.001,,664.994326,723.466658,1139.380914,1.010399,619.7524007455731,0.012168017529413917
walnut_adam_b50,accel_gp,1.0,1.503,1.151176,0.570049,0.581127,256004.0,128000.0,-4.0,-0.001,-4.0,-0.001,,4.032258,4.032258,inf,-inf,2.6828063872255488,1.575076170684833e-05
walnut_adam_b50,arma11,0.5,0.5715,0.49968975000000004,0.249940375,0.249749375,256004.0,128000.0,-4.0,-0.001,-4.0,-0.001,,4.032258,4.032258,inf,-inf,7.0685601971706555,1.575076170684833e-05
walnut_adam_b50,blr,1.0,0.094,0.082704475,0.040192825,0.042846875,256004.0,128000.0,-4.0,-0.001,-4.0,-0.001,,4.032258,4.032258,inf,-inf,42.896361702127656,1.575076170684833e-05
walnut_adam_b50,bym2_offset_only,1.0,13.0,9.692725,4.72863,4.964095,256004.0,128000.0,-4.0,-0.001,-4.0,-0.001,,4.032258,4.032258,inf,-inf,0.31017369230769226,1.575076170684833e-05
walnut_adam_b50,diamonds,1.0,2.54,2.47037,1.2462425000000001,1.2241275,256232.0,128000.0,-4.0,-0.001,-4.0,-0.001,,4.032258,4.032258,inf,-inf,1.587503149606299,1.5736746386087606e-05
walnut_adam_b50,dogs_hierarchical,1.0,0.918,0.70045,0.358629,0.35043250000000004,48877.0,23510.0,-4.0,-0.001,-4.0,-0.001,,1564.607101,3915.617038,1789.23823,1.003102,1719.3484626373627,0.03306998438028407
walnut_adam_b50,eight_schools_centered,1.0,0.034,0.0225224375,0.0105825125,0.012497224999999999,142972.0,72437.0,-4.0,-0.001,-4.0,-0.001,,113.45741,343.624622,88.464595,1.034845,3230.2915128205127,0.0007935638446688862
walnut_adam_b50,eight_schools_noncentered,1.0,0.033,0.017215515,0.00847607,0.008739445,69309.0,33865.0,-4.0,-0.001,-4.0,-0.001,,1598.016451,3013.063703,1495.6723,1.003075,48235.23863636363,0.023090721194694103
walnut_adam_b50,garch11,1.0,0.263,0.25375,0.12902625,0.12337399999999998,73569.0,35514.0,-4.0,-0.001,-4.0,-0.001,,946.355733,1251.469606,1254.154164,1.00327,3662.651197718631,0.012868934877206343
walnut_adam_b50,gp_regr,1.0,0.062,0.056398725,0.02911735,0.027281375,47130.0,22814.0,-4.0,-0.001,-4.0,-0.001,,3584.731357,3821.6052,2390.305164,1.003236,57400.56248387097,0.07800355463922012
walnut_adam_b50,hier_2pl,1.0,91.686,77.743875,36.382275,41.361599999999996,274982.0,146937.0,-4.0,-0.001,-4.0,-0.001,,5.296999,11.886106,4.032258,2.096131,0.048433247688973814,1.7594963660762923e-05
walnut_adam_b50,kidscore_momiq,1.0,0.387,0.352661,0.17639224999999997,0.1766295,256004.0,128000.0,-4.0,-0.001,-4.0,-0.001,,4.032258,4.032258,inf,-inf,10.419271317829455,1.575076170684833e-05
walnut_adam_b50,kronecker_gp,1.0,38.193,32.011095,15.34762875,16.66346625,362842.5,190715.5,-4.0,-0.001,-4.0,-0.001,,7.0261545000000005,20.7719275,4.032258,1.5804835000000002,0.18408307402633056,1.9365282407702365e-05
walnut_adam_b50,logmesquite_logvash,1.0,0.105,0.0891701,0.05084757499999999,0.038421475,177671.0,78700.0,-4.0,-0.001,-4.0,-0.001,,126.32604,236.762864,265.745209,1.043648,1203.105142857143,0.0007110110259974898
walnut_adam_b50,lotka_volterra,1.0,6.95,4.6458675000000005,2.6524625,1.8220300000000003,194086.0,94158.0,-4.0,-0.001,-4.0,-0.001,,7.033738,21.733936,20.36925,1.56725,1.442522149302707,5.012676829224837e-05
walnut_adam_b50,low_dim_gauss_mix,1.0,11.11,6.02128,3.1846275,2.9713675,143795.0,61619.0,-4.0,-0.001,-4.0,-0.001,,7.183503,7.237739,4.032258,1.530898,0.6280085336119818,5.0155081887409156e-05
walnut_adam_b50,lsat_model,1.0,10.226,6.1387125000000005,3.3730699999999993,2.83113,169152.0,67560.0,-4.0,-0.001,-4.0,-0.001,,7.206347,56.02017,4.032258,1.555364,0.704708292587522,4.260278920734014e-05
walnut_adam_b50,pilots,1.0,0.161,0.10896595,0.06332045,0.045645500000000006,306694.0,132046.0,-4.0,-0.001,-4.0,-0.001,,4.458538,416.959415,11.217159,3.312066,28.272372670807453,1.4537415143432868e-05
walnut_adam_b50,radon_partially_pooled_noncentered,1.0,24.506,24.022575000000003,11.60895,11.649049999999999,255992.0,128000.0,-4.0,-0.001,-4.0,-0.001,,4.032258,4.032258,inf,-inf,0.1645416632661389,1.5751500046876463e-05
walnut_adam_b50,radon_variable_intercept_slope_noncentered,1.0,3.085,2.1672890000000002,1.157448,1.007641,185387.0,85963.0,-4.0,-0.001,-4.0,-0.001,,4.399387,7.261222,4.032258,3.715133,1.4127309562398702,2.3509064821157903e-05
walnut_adam_b50,wells_dist100_model,1.0,0.755,0.7254244999999999,0.37769625,0.34772824999999996,54744.0,26088.0,-4.0,-0.001,-4.0,-0.001,,796.549234,814.0088,1169.365265,1.003511,1060.6514434087883,0.014894895732824712
walnut_adam_b50_c3,accel_gp,1.0,1.502,1.0947342500000001,0.56195425,0.5327799999999999,256004.0,128000.0,-4.0,-0.001,-4.0,-0.001,,4.032258,4.032258,inf,-inf,2.6845925432756323,1.575076170684833e-05
walnut_adam_b50_c3,arma11,0.5,0.4985,0.46121837499999996,0.234444125,0.22677425,247966.5,121582.0,-4.0,-0.001,-4.0,-0.001,,4.056426,4.0873384999999995,inf,-inf,8.137320605065552,1.6379134047077285e-05
walnut_adam_b50_c3,blr,1.0,0.106,0.086042325,0.043900549999999997,0.04419485,256004.0,128000.0,-4.0,-0.001,-4.0,-0.001,,4.032258,4.032258,inf,-inf,38.04016981132075,1.575076170684833e-05
walnut_adam_b50_c3,bym2_offset_only,1.0,12.089,10.1220225,4.932382499999999,5.085015,256004.0,128000.0,-4.0,-0.001,-4.0,-0.001,,4.032258,4.032258,inf,-inf,0.33354768798080897,1.575076170684833e-05
walnut_adam_b50_c3,diamonds,1.0,2.82,2.6606474999999996,1.367495,1.2475375,256232.0,128000.0,-4.0,-0.001,-4.0,-0.001,,4.032258,4.032258,inf,-inf,1.4298787234042554,1.5736746386087606e-05
walnut_adam_b50_c3,dogs_hierarchical,1.0,1.001,0.7794924999999999,0.394603,0.40091975,51848.0,25659.0,-4.0,-0.001,-4.0,-0.001,,1616.766036,3912.500878,1800.101551,1.002709,1555.8574102822581,0.030995253054359278
walnut_adam_b50_c3,eight_schools_centered,1.0,0.034,0.0244242,0.01186275,0.012123525,155726.0,75695.0,-4.0,-0.001,-4.0,-0.001,,67.653847,254.905707,101.430112,1.056502,1780.364394736842,0.0004344415640291281
walnut_adam_b50_c3,eight_schools_noncentered,1.0,0.026,0.01671613,0.008095950000000001,0.0081594725,73156.0,36314.0,-4.0,-0.001,-4.0,-0.001,,1369.639562,2532.832269,1284.10294,1.003311,52678.4446923077,0.018665534111041458
walnut_adam_b50_c3,garch11,1.0,0.268,0.24540925,0.12725125,0.1174635,75230.0,36005.0,-4.0,-0.001,-4.0,-0.001,,787.031168,1145.762573,1019.367344,1.004934,3154.3818731884053,0.010514918943472859
walnut_adam_b50_c3,gp_regr,1.0,0.06,0.0542544,0.0275877,0.02644845,45473.0,22320.0,-4.0,-0.001,-4.0,-0.001,,3429.689122,3529.951857,2413.761257,1.001708,55556.17087096774,0.07557710713970912
walnut_adam_b50_c3,hier_2pl,1.0,82.974,73.20375,39.021725,34.182025,254232.0,121173.0,-4.0,-0.001,-4.0,-0.001,,5.440693,16.616886,4.032258,2.006049,0.06557105840383734,2.140050426382202e-05
walnut_adam_b50_c3,kidscore_momiq,1.0,0.372,0.35029125000000005,0.17346850000000003,0.17682275,256004.0,128000.0,-4.0,-0.001,-4.0,-0.001,,4.032258,4.032258,inf,-inf,10.839403225806452,1.575076170684833e-05
walnut_adam_b50_c3,kronecker_gp,1.0,37.7195,29.1483225,14.377682499999999,14.77064,331592.0,165388.0,-4.0,-0.001,-4.0,-0.001,,4.881634,11.5673895,4.032258,2.8830845,0.12945260520814422,1.472877372297722e-05
walnut_adam_b50_c3,logmesquite_logvash,1.0,0.125,0.104172925,0.053370875,0.05080205,189299.0,78948.0,-4.0,-0.001,-4.0,-0.001,,86.264109,222.777409,138.874385,1.054599,806.2066261682244,0.00047371833607907747
walnut_adam_b50_c3,lotka_volterra,1.0,7.37,4.6595175,2.8426624999999994,1.7752725000000003,182934.0,95807.0,-4.0,-0.001,-4.0,-0.001,,111.143594,1225.99878,253.429832,1.027922,19.325959659189703,0.0006075611641356991
walnut_adam_b50_c3,low_dim_gauss_mix,1.0,11.034,6.4998575,3.887205,2.6126525000000003,143233.0,61154.0,-4.0,-0.001,-4.0,-0.001,,7.188792,7.263537,4.032258,1.53185,0.652990030813848,5.030329602814993e-05
walnut_adam_b50_c3,lsat_model,1.0,10.911,7.5095425,3.7632925,3.2013900000000004,171482.0,68796.0,-4.0,-0.001,-4.0,-0.001,,7.153074,57.759398,4.032258,1.552182,0.6008966733870968,4.171326436593928e-05
walnut_adam_b50_c3,pilots,1.0,0.17,0.118755,0.07439515000000001,0.044359850000000006,291556.0,120600.0,-4.0,-0.001,-4.0,-0.001,,4.50435,386.06148,12.467304,3.135396,26.281447058823527,1.5372916172053222e-05
walnut_adam_b50_c3,radon_partially_pooled_noncentered,1.0,26.977,25.446734999999997,12.517499999999998,13.799035,256050.0,128000.0,-4.0,-0.001,-4.0,-0.001,,4.048695,4.083027,inf,8.094604,0.15007951217703971,1.5747932044522552e-05
walnut_adam_b50_c3,radon_variable_intercept_slope_noncentered,1.0,3.482,2.21312425,1.2049335,0.97511825,166832.0,67746.0,-4.0,-0.001,-4.0,-0.001,,5.651974,15.844797,4.032258,1.903691,1.6006723307844803,3.3878236789105206e-05
walnut_adam_b50_c3,wells_dist100_model,1.0,0.97,0.84807375,0.42830750000000006,0.42116025,61557.0,30800.0,-4.0,-0.001,-4.0,-0.001,,932.215115,946.949523,1272.33954,1.004502,928.5011105577689,0.015153041531209362
walnut_belief,accel_gp,1.0,0.677,0.510524,0.27140200000000003,0.239122,142293.0,66544.0,-4.0,-0.001,-4.0,-0.001,,4.408453,22.096939,11.268913,3.48615,6.511747415066469,3.098151701067516e-05
walnut_belief,arma11,1.0,0.568,0.41409337499999993,0.20409375,0.20999962499999997,224002.0,112303.0,-4.0,-0.001,-4.0,-0.001,,4.080539,4.278984,4.032258,9.409695,7.184047535211268,1.8215721288202784e-05
walnut_belief,blr,1.0,0.059,0.034716575,0.015037825000000001,0.019877625000000003,95373.0,53010.0,-4.0,-0.001,-4.0,-0.001,,4.267703,4.679114,11.386136,4.299291,72.29418644067796,4.472289851425456e-05
walnut_belief,bym2_offset_only,0.5,35.448,25.643327499999998,12.77231875,12.871008750000001,656117.0,340040.0,-4.0,-0.001,-4.0,-0.001,,4.2658685,40.6676565,10.64372,4.350497000000001,0.1262267279026589,6.69518030073535e-06
walnut_belief,diamonds,1.0,3.074,2.515166,1.0813985,1.4337675,267125.0,151752.0,-4.0,-0.001,-4.0,-0.001,,4.659254,128.755883,11.625962,2.762514,1.6271620039037087,1.872492653252223e-05
walnut_belief,dogs_hierarchical,1.0,0.947,0.7010747500000001,0.3386435,0.361118,48512.0,23818.0,-4.0,-0.001,-4.0,-0.001,,1512.060791,3921.954014,1653.720705,1.003243,1712.4131268403173,0.030774225403997234
walnut_belief,eight_schools_centered,1.0,0.034,0.022942125,0.010753864999999998,0.01218826,138754.0,72385.0,-4.0,-0.001,-4.0,-0.001,,115.437091,268.08588,117.155424,1.053512,3395.208558823529,0.0008319550499445061
walnut_belief,eight_schools_noncentered,1.0,0.027,0.016210625,0.008248712500000002,0.0077187525,68948.0,34598.0,-4.0,-0.001,-4.0,-0.001,,1580.218361,2788.034727,1629.530627,1.002677,58526.60596296296,0.02291898765736497
walnut_belief,garch11,1.0,0.272,0.24270975,0.1268825,0.11979200000000001,73056.0,35813.0,-4.0,-0.001,-4.0,-0.001,,948.693493,1193.746725,1116.238055,1.0032,3593.535958333333,0.012900900131906387
walnut_belief,gp_regr,1.0,0.063,0.055117525,0.026958775000000004,0.02857145,45496.0,22560.0,-4.0,-0.001,-4.0,-0.001,,3712.321401,3863.825859,2413.533997,1.00146,56721.908327868856,0.08147845575260086
walnut_belief,hier_2pl,1.0,41.091,40.68105,20.42195,20.135475,145738.0,69927.0,-4.0,-0.001,-4.0,-0.001,,158.862336,2466.296606,204.598146,1.026438,3.790559198282033,0.0010900543166504275
walnut_belief,kidscore_momiq,1.0,0.175,0.136753075,0.07275224999999999,0.06119199999999999,103185.0,46530.0,-4.0,-0.001,-4.0,-0.001,,225.543495,301.340246,302.318604,1.01888,1288.8199714285715,0.002185816688472162
walnut_belief,kronecker_gp,1.0,15.014,13.048485,6.4178625,6.7064375,141993.0,70222.0,-4.0,-0.001,-4.0,-0.001,,34.974027,258.135007,38.360204,1.081061,2.2969937606725335,0.0002463081067376561
walnut_belief,logmesquite_logvash,1.0,0.087,0.073918075,0.03566925,0.038248825,149352.0,76056.0,-4.0,-0.001,-4.0,-0.001,,243.060028,481.841596,327.970377,1.012611,2905.3828965517246,0.0016133873297400631
walnut_belief,lotka_volterra,1.0,3.467,2.5820875,1.3870049999999998,1.3060325000000002,123036.0,66374.0,-4.0,-0.001,-4.0,-0.001,,9.635156,32.751347,53.872863,1.328198,2.7576290784201487,7.471082300761442e-05
walnut_belief,low_dim_gauss_mix,1.0,3.865,3.1612725,1.7253525,1.51322,66595.0,31225.0,-4.0,-0.001,-4.0,-0.001,,366.760694,1334.898072,580.399057,1.010304,116.96108020698577,0.005536177605361671
walnut_belief,lsat_model,1.0,6.224,5.8514824999999995,3.0873275,2.8976125,141316.0,69718.0,-4.0,-0.001,-4.0,-0.001,,866.44248,3767.766944,1201.579057,1.009592,146.6301447622108,0.006131241189957259
walnut_belief,pilots,1.0,0.091,0.064550075,0.031470700000000004,0.03378825,174190.0,91421.0,-4.0,-0.001,-4.0,-0.001,,4.738851,424.7935,11.037247,2.702819,53.455351648351645,2.7926040530455247e-05
walnut_belief,radon_partially_pooled_noncentered,1.0,15.109,14.340995000000001,7.3287575,6.8539525,146294.0,70254.0,-4.0,-0.001,-4.0,-0.001,,208.587117,3203.725885,297.078803,1.024572,14.183810485516117,0.0014487932945760663
walnut_belief,radon_variable_intercept_slope_noncentered,1.0,1.747,1.4500147499999998,0.7359865000000001,0.72227325,124210.0,60954.0,-4.0,-0.001,-4.0,-0.001,,18.97056,1880.08068,17.990827,1.139327,11.359616766467065,0.00015272973190564367
walnut_belief,wells_dist100_model,1.0,0.725,0.713209,0.36722325,0.3372925,53799.0,26349.0,-4.0,-0.001,-4.0,-0.001,,849.472588,861.58968,1284.785019,1.00333,1178.18666851595,0.015789746798267626
walnut_da,accel_gp,2.0,1.779,1.322949,0.7044915,0.6184575,347427.0,162017.0,-4.0,-0.001,-4.0,-0.001,,4.303529,30.434661,10.922467,4.041999,2.419071950534008,1.2386858246480557e-05
walnut_da,blr,1.0,0.081,0.05376745,0.0269579,0.025811475,121361.0,58305.0,-4.0,-0.001,-4.0,-0.001,,4.284807,4.717497,11.389145,4.153309,52.898851851851845,3.530629279587347e-05
walnut_da,diamonds,1.0,9.118,7.7309,3.306115,3.3754375000000003,753829.0,321133.0,-4.0,-0.001,-4.0,-0.001,,7.423561,247.655843,12.788555,1.538968,0.6972055220332785,9.153847815857956e-06
walnut_da,eight_schools_noncentered,1.0,0.035,0.0233671025,0.014907375,0.0084597275,77755.0,35003.0,-4.0,-0.001,-4.0,-0.001,,1636.164637,2953.126541,1577.203635,1.003391,47457.44285714286,0.021277002792508905
walnut_da,gp_regr,2.0,0.093,0.08039722500000002,0.046847549999999995,0.033549675,54634.0,24586.0,-4.0,-0.001,-4.0,-0.001,,3428.059822,3725.970124,2271.179203,1.002568,36860.85830107527,0.06274590588278361
walnut_da,hier_2pl,0.0,47.677,46.025875000000006,25.629025,20.39685,159734.0,70283.0,-4.0,-0.001,-4.0,-0.001,,383.280779,2649.804308,388.385518,1.012367,8.039112758772573,0.0023994940275708365
walnut_da,kronecker_gp,0.5,16.8465,14.954535,7.4721,7.482435000000001,153458.0,75020.5,-4.0,-0.001,-4.0,-0.001,,46.189549,289.065299,77.518025,1.0816695,2.7424201357156113,0.0002958540379906067
walnut_da,lotka_volterra,1.0,4.404,3.7732300000000003,2.3137,1.45953,159788.0,78082.0,-4.0,-0.001,-4.0,-0.001,,11.655149,41.646153,11.259029,1.259215,2.646491598546776,7.294132851027612e-05
walnut_da,radon_partially_pooled_noncentered,0.0,18.078,15.2946625,8.83177,6.462892499999999,148612.0,62476.0,-4.0,-0.001,-4.0,-0.001,,20.743401,1259.841564,24.706531,1.170653,1.1474389312977098,0.0001395809288617339
walnut_da,radon_variable_intercept_slope_noncentered,2.0,0.962,1.4273470775,0.9525362500000001,0.4748108275,126154.0,53792.0,-4.0,-0.001,-4.0,-0.001,,15.838251,899.059134,112.276292,1.1899,16.46387837837838,0.00012554695847931892
walnut_da,wells_dist100_model,1.0,0.955,0.8964100000000002,0.48314425,0.41672700000000007,65126.0,29994.0,-4.0,-0.001,-4.0,-0.001,,951.709502,960.85246,1159.73186,1.004131,999.6948550420169,0.014906360105899427
walnut_da_avg,accel_gp,2.0,1.596,0.83165675,0.56525625,0.2664005,218362.0,68019.0,-4.0,-0.001,-4.0,-0.001,,4.326948,24.329689,11.050009,3.940265,2.7111203007518796,1.981548071550911e-05
walnut_da_avg,blr,1.0,0.072,0.0539921325,0.033338125,0.020654007500000002,135241.0,52881.0,-4.0,-0.001,-4.0,-0.001,,4.329359,4.957625,11.42861,3.856694,60.129986111111116,3.2012178259551466e-05
walnut_da_avg,bym2_offset_only,1.0,41.269,20.0620175,12.6583975,7.40362,500296.0,181294.0,-4.0,-0.001,-4.0,-0.001,,4.241919,7.825092,10.664914,4.550423,0.10278705565921152,8.47881853942466e-06
walnut_da_avg,diamonds,1.0,7.181,6.6224275,3.3602350000000003,3.1303,656842.0,315408.0,-4.0,-0.001,-4.0,-0.001,,4.729179,119.779125,18.303871,2.62376,0.6108976465673305,7.70275215181961e-06
walnut_da_avg,eight_schools_noncentered,1.0,0.033,0.0229121875,0.013559825,0.0093523625,79799.0,34501.0,-4.0,-0.001,-4.0,-0.001,,1528.242738,2820.240317,1484.356396,1.004063,46310.386,0.018430771822764657
walnut_da_avg,garch11,2.0,0.367,0.3149315,0.18566125,0.12927025,91082.0,38710.0,-4.0,-0.001,-4.0,-0.001,,882.322638,1191.979752,1019.272238,1.005816,2404.148877384196,0.009687124107946685
walnut_da_avg,gp_regr,1.0,0.097,0.074581075,0.041308175,0.0332729,55614.0,24917.0,-4.0,-0.001,-4.0,-0.001,,3096.469222,3336.038358,2430.683538,1.001702,34135.156154639175,0.05567787287373683
walnut_da_avg,hier_2pl,1.0,45.017,42.21975,24.344050000000003,17.8757,155479.0,65863.0,-4.0,-0.001,-4.0,-0.001,,26.971321,1509.79849,82.621884,1.108083,0.5946976164752056,0.00017347243679210697
walnut_da_avg,kidscore_momiq,1.5,0.1985,0.164683,0.1026154375,0.06206756249999999,116281.5,43500.5,-4.0,-0.001,-4.0,-0.001,,201.3009765,326.9066115,380.5922485,1.0198775,1009.6166986791204,0.0017233267444384092
walnut_da_avg,kronecker_gp,1.0,19.172,15.0375975,7.20111,7.836487499999999,171039.0,81635.0,-4.0,-0.001,-4.0,-0.001,,10.135919,178.629482,33.573685,1.325344,0.5424926303240489,5.8531440197849606e-05
walnut_da_avg,lotka_volterra,1.0,5.16,3.9469974999999997,2.2007725000000002,1.7855124999999998,184102.0,93523.0,-4.0,-0.001,-4.0,-0.001,,10.253767,36.63669,11.031987,1.306916,1.9871641472868216,5.959586760047659e-05
walnut_da_avg,radon_partially_pooled_noncentered,0.0,15.724,14.222095,7.77783,6.444265,143383.0,64310.0,-4.0,-0.001,-4.0,-0.001,,138.117944,1965.397135,225.199145,1.019967,8.78389366573391,0.0009632797751476813
walnut_da_avg,radon_variable_intercept_slope_noncentered,1.5,2.1595,1.6700132500000002,0.88560125,0.7844120000000001,137473.0,63431.0,-4.0,-0.001,-4.0,-0.001,,138.23261,845.765198,221.482203,1.2168745,56.48492420667587,0.0009727987490603148
walnut_da_avg,wells_dist100_model,1.0,0.962,0.8849475000000001,0.483896,0.40325925,64289.0,30383.0,-4.0,-0.001,-4.0,-0.001,,787.984159,808.723182,977.771259,1.006283,825.1143026178011,0.012256904898194093
walnut_da_b50,accel_gp,2.0,0.861,0.65590175,0.39259125000000006,0.2633105,167846.0,66149.0,-4.0,-0.001,-4.0,-0.001,,4.291874,41.699729,11.258548,4.139885,4.9847549361207895,2.55703084970747e-05
walnut_da_b50,arma11,0.5,0.5365,0.38246274999999996,0.1938112375,0.1886515125,201889.5,98368.5,-4.0,-0.001,-4.0,-0.001,,4.0857410000000005,4.2107975,inf,8.985216,7.618834808828641,2.0515451836927342e-05
walnut_da_b50,blr,1.0,0.047,0.0359757375,0.0202339,0.013402075,93125.0,33552.0,-4.0,-0.001,-4.0,-0.001,,4.24249,4.310835,11.417936,4.552923,90.25212765957447,4.555006711409396e-05
walnut_da_b50,bym2_offset_only,1.0,30.055,20.296675,10.1446825,10.151992499999999,494236.0,255137.0,-4.0,-0.001,-4.0,-0.001,,4.249327,8.485254,10.638859,4.471876,0.1413850274496756,8.59776908197703e-06
walnut_da_b50,diamonds,1.0,4.205,2.98032525,1.040505,1.8020225,305295.0,181425.0,-4.0,-0.001,-4.0,-0.001,,4.447989,164.295547,11.350441,3.316417,1.1379110582639713,1.5673089962167738e-05
walnut_da_b50,dogs_hierarchical,1.0,0.959,0.7521875,0.39738324999999997,0.35480425000000004,52537.0,23699.0,-4.0,-0.001,-4.0,-0.001,,1654.811627,3918.491921,1633.9257,1.003101,1725.5595693430657,0.03258603074024021
walnut_da_b50,eight_schools_centered,1.0,0.035,0.02309875,0.010743925,0.012354825,146049.0,78778.0,-4.0,-0.001,-4.0,-0.001,,41.749991,255.41686,80.81149,1.089683,1279.0681875,0.0002853061557806115
walnut_da_b50,eight_schools_noncentered,1.0,0.024,0.015950007500000002,0.0083416025,0.007651792499999999,73822.0,34077.0,-4.0,-0.001,-4.0,-0.001,,1429.845764,2949.801355,1540.370583,1.002544,59576.90683333333,0.019809994236470944
walnut_da_b50,garch11,1.0,0.261,0.24963174999999999,0.12796174999999999,0.1205985,77386.0,36367.0,-4.0,-0.001,-4.0,-0.001,,942.450282,1253.171978,1341.430103,1.003727,3639.1982913385827,0.012118574204205779
walnut_da_b50,gp_regr,1.0,0.085,0.062733925,0.034783325,0.028125024999999998,48659.0,22505.0,-4.0,-0.001,-4.0,-0.001,,3491.994451,3607.273864,2462.625305,1.001134,44030.69499999999,0.07176461602170205
walnut_da_b50,hier_2pl,1.0,44.356,42.673899999999996,22.686675,19.987225,151301.0,70450.0,-4.0,-0.001,-4.0,-0.001,,54.675961,2021.131073,144.861659,1.064503,1.2293915771012278,0.00036137210593452786
walnut_da_b50,kidscore_momiq,1.0,0.182,0.141337675,0.081176225,0.060741175,104570.0,45318.0,-4.0,-0.001,-4.0,-0.001,,265.353558,480.907488,216.934791,1.011401,1598.5154096385543,0.00253756869082911
walnut_da_b50,kronecker_gp,1.0,15.411,13.2927575,6.8431275000000005,6.44963,142347.0,66811.0,-4.0,-0.001,-4.0,-0.001,,17.897359,199.191875,31.412908,1.180043,1.2022991721967573,0.00012739784601805188
walnut_da_b50,logmesquite_logvash,1.0,0.111,0.08881007499999999,0.042460975,0.046733775,162732.0,76708.0,-4.0,-0.001,-4.0,-0.001,,283.892808,468.871807,418.314865,1.014091,2557.592864864865,0.00172207581207728
walnut_da_b50,lotka_volterra,1.0,5.083,3.7649350000000004,2.1772475,1.5876875000000001,149482.0,77896.0,-4.0,-0.001,-4.0,-0.001,,10.030441,33.809485,10.784194,1.316133,1.9733309069447176,6.710132992601116e-05
walnut_da_b50,low_dim_gauss_mix,1.0,4.108,3.3858,2.09183,1.4087725,75627.0,31414.0,-4.0,-0.001,-4.0,-0.001,,129.684133,776.662647,103.830709,1.01571,28.21673912097476,0.0016923636351772828
walnut_da_b50,lsat_model,1.0,6.954,6.378517499999999,3.4205575,2.9579600000000004,147461.0,68699.0,-4.0,-0.001,-4.0,-0.001,,774.919611,3999.1862,1080.113159,1.010015,115.42825224839402,0.005328544785048271
walnut_da_b50,pilots,1.0,0.12,0.06841027499999999,0.0321532,0.036257075,181038.0,94614.0,-4.0,-0.001,-4.0,-0.001,,4.459256,399.199957,11.447015,3.353456,37.160466666666665,2.463160220506192e-05
walnut_da_b50,radon_partially_pooled_noncentered,1.0,15.493,14.69775,7.8510599999999995,6.570895,147585.0,69055.0,-4.0,-0.001,-4.0,-0.001,,111.947311,1949.162745,102.823601,1.023919,8.171336569343065,0.0007782387606276112
walnut_da_b50,radon_variable_intercept_slope_noncentered,1.0,1.839,1.5782642500000001,0.79334875,0.7303514999999999,128471.0,60194.0,-4.0,-0.001,-4.0,-0.001,,60.308485,1252.783665,131.175195,1.05255,32.794173463839044,0.0004567025489958501
walnut_da_b50,wells_dist100_model,1.0,0.879,0.80561125,0.44956725,0.35604399999999997,59440.0,27668.0,-4.0,-0.001,-4.0,-0.001,,895.043968,899.98689,1279.086452,1.002785,969.4052946530148,0.015057940242261102
walnut_dem,arma11,1.0,0.645,0.45380375,0.2141635,0.246729675,247264.0,129470.0,-4.0,-0.001,-4.0,-0.001,,4.081214,4.259474,4.032258,9.40235,6.327463565891473,1.6366587938397825e-05
walnut_dem,blr,1.0,0.521,0.195242225,0.089262275,0.11699709999999999,267538.0,128000.0,-4.0,-0.001,-4.0,-0.001,,4.069863,4.284986,4.032258,8.004926,7.886176583493283,1.5071720652767082e-05
walnut_dem,bym2_offset_only,0.5,14.253,10.9010725,5.534191249999999,5.3668812500000005,272494.5,128000.0,-4.0,-0.001,-4.0,-0.001,,4.032258,4.032258,inf,-inf,0.2830415417452585,1.4798009019582942e-05
walnut_dem,diamonds,1.0,2.776,2.3517569999999997,1.31732,1.034437,282404.0,128474.0,-4.0,-0.001,-4.0,-0.001,,4.095529,4.8368,4.032258,8.180868,1.5175317002881845,1.480823730615285e-05
walnut_dem,dogs_hierarchical,1.0,1.28,1.0066275,0.464476,0.44451549999999995,68936.0,31254.0,-4.0,-0.001,-4.0,-0.001,,2115.521082,3928.094033,2022.398279,1.003003,1652.7508453125001,0.028748570834522404
walnut_dem,eight_schools_centered,0.5,0.11199999999999999,0.0717271125,0.034461975,0.0372651375,286823.5,148416.0,-4.0,-0.001,-4.0,-0.001,,14.2070565,156.39857949999998,126.4102235,1.955989,131.4450410137512,4.9069378307348075e-05
walnut_dem,eight_schools_noncentered,1.0,0.042,0.030156967500000003,0.011436310000000002,0.0163869,122107.0,65361.0,-4.0,-0.001,-4.0,-0.001,,1601.518589,2931.55771,987.22833,1.004689,42145.22602631579,0.01491107183044379
walnut_dem,garch11,1.0,0.743,0.52317775,0.22784699999999997,0.30569775,162927.0,92799.0,-4.0,-0.001,-4.0,-0.001,,72.790355,492.368954,501.163425,1.549247,97.96817631224765,0.0004467666807834184
walnut_dem,gp_regr,1.0,0.12,0.0861865,0.0392508,0.046866950000000004,63720.0,32468.0,-4.0,-0.001,-4.0,-0.001,,2953.303949,3255.135243,2465.007491,1.001377,25396.25511570248,0.046348147347771505
walnut_dem,hier_2pl,2.0,81.134,65.0874725,39.7632,25.3242725,291819.0,129041.0,-4.0,-0.001,-4.0,-0.001,,5.082531,16.401216,4.032258,3.417262,0.0626436635689107,1.741672406525963e-05
walnut_dem,kidscore_momiq,0.5,0.504,0.4190126875,0.25059,0.1684226875,279910.0,111254.0,-4.0,-0.001,-4.0,-0.001,,9.24337,13.254973,16.8035995,1.9660235000000001,18.642303913261106,3.213544254496344e-05
walnut_dem,kronecker_gp,1.0,26.963,22.1138975,11.983175,9.376455,284418.0,132109.0,-4.0,-0.001,-4.0,-0.001,,4.105538,6.879092,4.032258,9.901048,0.1553017433376853,1.4761221376274701e-05
walnut_dem,lotka_volterra,1.0,19.143,14.1209775,6.5544424999999995,8.0857875,345036.0,189461.0,-4.0,-0.001,-4.0,-0.001,,5.439065,21.130353,4.873795,2.721431,0.2841281408347699,1.407600017598025e-05
walnut_dem,low_dim_gauss_mix,1.0,9.264,5.968132499999999,3.5164674999999996,2.7109550000000002,152305.0,70608.0,-4.0,-0.001,-4.0,-0.001,,10.883412,55.792057,28.799522,1.524137,1.4252765845992665,7.145800860116215e-05
walnut_dem,lsat_model,1.0,13.67,10.618694999999999,6.255815,4.3628800000000005,282107.0,130008.0,-4.0,-0.001,-4.0,-0.001,,4.379068,13.805932,4.032258,3.743223,0.37428612395929695,1.4391728558420126e-05
walnut_dem,pilots,1.0,0.171,0.11773887499999999,0.0603126,0.057426275,335984.0,162777.0,-4.0,-0.001,-4.0,-0.001,,4.765446,54.79278,4.074889,2.619071,27.86810526315789,1.4183550407162245e-05
walnut_dem,radon_partially_pooled_noncentered,1.0,27.658,25.096287500000003,14.5684,10.62949,278682.0,125401.0,-4.0,-0.001,-4.0,-0.001,,4.776735,10.726644,4.032258,3.469033,0.17270717333140503,1.7140450405838916e-05
walnut_dem,radon_variable_intercept_slope_noncentered,1.0,5.404,3.5683075,1.6720175,1.8595025,312940.0,165873.0,-4.0,-0.001,-4.0,-0.001,,5.288161,14.050234,4.041684,2.231372,0.967287543442473,1.689832236211414e-05
walnut_dem,wells_dist100_model,1.0,2.102,1.60191075,0.64675975,0.955151,114074.0,67976.0,-4.0,-0.001,-4.0,-0.001,,284.583702,298.348963,1329.030592,1.013155,123.30316377816293,0.0023338010660980814
