# callgrind format
version: 1
creator: callgrind-3.23.0
pid: 223621
cmd:  external/walnutpie/build_e27/examples/stan_cli scratch/w47/model_build/hier_2pl_model.so data/hier_2pl.json --seed 20260819 --init-file inits_w25/hier_2pl/rep0/chain_0.txt --warmup 100 --samples 50 --metric-window 50 --output scratch/w47/out/profile/patched/draws.csv
part: 1


desc: I1 cache: 
desc: D1 cache: 
desc: LL cache: 

desc: Timerange: Basic block 0 - 7039441996
desc: Trigger: Program termination

positions: line
events: Ir
summary: 35363440504


ob=(10) /usr/lib/libtbb.so.12.19
fl=(332) ???
fn=(1918) 0x000000000000dc50
0 16
cob=(2) /usr/lib/libc.so.6
cfi=(158) ???
cfn=(936) __memset_avx2_unaligned_erms
calls=1 0 
0 4116
0 3
cfn=(1922) 0x000000000000af30
calls=1 0 
0 110
0 6
cob=(2)
cfi=(294) /usr/src/debug/glibc/glibc/io/../sysdeps/unix/sysv/linux/stat64.c
cfn=(1578) stat
calls=1 28 
0 14
0 21
cob=(2)
cfi=(301) /usr/src/debug/glibc/glibc/dlfcn/dlopen.c
cfn=(1655) dlopen@@GLIBC_2.34'2
calls=1 77 
0 63053
0 7
cob=(2)
cfi=(337) /usr/src/debug/glibc/glibc/dlfcn/dlsym.c
cfn=(1978) dlsym@@GLIBC_2.34
calls=1 64 
0 688
0 9
cob=(2)
cfi=(337)
cfn=(1978)
calls=3 64 
0 2160
0 45

fn=(5118) 0x0000000000009cd0
0 9
cob=(2)
cfi=(483) /usr/src/debug/glibc/glibc/stdlib/cxa_finalize.c
cfn=(5068) __cxa_finalize
calls=1 45 
0 94
0 1
cfn=(5126) 0x0000000000009c60
calls=1 0 
0 5
0 3

fn=(1842) 0x0000000000009b00
0 17
cob=(1) /usr/lib/ld-linux-x86-64.so.2
cfi=(1) ???
cfn=(1852) __tls_get_addr
calls=1 0 
0 12
0 3
cob=(1)
cfi=(1)
cfn=(1852)
calls=1 0 
0 12
0 5
cob=(2)
cfi=(209) /usr/src/debug/glibc/glibc/stdlib/cxa_atexit.c
cfn=(776) __cxa_atexit
calls=1 67 
0 66
0 8
cob=(2)
cfi=(172) /usr/src/debug/glibc/glibc/nptl/pthread_once.c
cfn=(618) pthread_once@@GLIBC_2.34
calls=1 136 
0 6
0 16405
cfn=(1846) 0x00000000000214d0
calls=1 0 
0 221492
0 1

fn=(1848) tbb::detail::r1::cache_aligned_allocate(unsigned long)
0 60
cob=(11) /usr/lib/libtbbmalloc.so.2.19
cfi=(336) ???
cfn=(2018) scalable_aligned_malloc
calls=4 0 
0 488
cfn=(1850) 0x000000000000a380
calls=1 0 
0 209987
0 20

fn=(1868) 0x0000000000009d80
0 4
cob=(1)
cfi=(1)
cfn=(1852)
calls=1 0 
0 12
0 17
cob=(1)
cfi=(1)
cfn=(1852)
calls=1 0 
0 12
0 3
cob=(1)
cfi=(1)
cfn=(1852)
calls=1 0 
0 12
0 12
cob=(2)
cfi=(172)
cfn=(619) pthread_once@@GLIBC_2.34'2
calls=1 136 
0 5482
0 8
cob=(2)
cfi=(301)
cfn=(1655)
calls=1 77 
0 4431
0 28
cfn=(1918)
calls=1 0 
0 70248
0 23

fn=(5126)
0 5

fn=(2830) 0x000000000000daf0
0 14
cob=(2)
cfi=(301)
cfn=(1655)
calls=1 77 
0 4060
0 15
cob=(2)
cfi=(302) /usr/src/debug/glibc/glibc/dlfcn/dlerror.c
cfn=(2842) dlerror@@GLIBC_2.34
calls=1 33 
0 2289
0 1

fn=(4638) 0x0000000000022770
0 4
cob=(2)
cfi=(367) /usr/src/debug/glibc/glibc/nptl/pthread_getspecific.c
cfn=(2392) pthread_getspecific@@GLIBC_2.34
calls=1 24 
0 11
0 2
cfn=(4642) 0x0000000000012540
calls=1 0 
0 12
0 5
cfn=(4652) 0x0000000000021fc0
calls=1 0 
0 17271
0 3

fn=(4652)
0 22
cob=(2)
cfi=(479) /usr/src/debug/glibc/glibc/nptl/pthread_key_delete.c
cfn=(4658) pthread_key_delete@@GLIBC_2.34
calls=1 25 
0 19
0 16390
cfn=(4670) 0x0000000000009e20
calls=1 0 
0 2
0 9
cob=(2)
cfi=(390) /usr/src/debug/glibc/glibc/dlfcn/dlclose.c
cfn=(2990) dlclose@@GLIBC_2.34
calls=1 25 
0 217
0 9
cfn=(4682) 0x0000000000020c60
calls=1 0 
0 11
0 16
cfn=(4716) 0x0000000000020960
calls=1 0 
0 11
cfn=(4712) 0x0000000000020a20
calls=1 0 
0 11
cfn=(4708) 0x0000000000020ae0
calls=1 0 
0 11
cfn=(4704) 0x0000000000020ba0
calls=1 0 
0 11
0 10
cfn=(4688) tbb::detail::r1::cache_aligned_deallocate(void*)
calls=5 0 
0 283
0 45
cob=(2)
cfi=(304) /usr/src/debug/glibc/glibc/nptl/pthread_mutex_lock.c
cfn=(1662) pthread_mutex_lock@@GLIBC_2.2.5
calls=1 71 
0 35
0 1
cfn=(4750) 0x000000000001e180
calls=1 0 
0 27
0 2
cob=(2)
cfi=(306) /usr/src/debug/glibc/glibc/nptl/pthread_mutex_unlock.c
cfn=(1680) pthread_mutex_unlock@@GLIBC_2.2.5
calls=1 357 
0 26
0 24
cob=(2)
cfi=(322) /usr/src/debug/glibc/glibc/nptl/pthread_mutexattr_init.c
cfn=(1782) pthread_mutexattr_init@@GLIBC_2.34
calls=1 24 
0 4
0 5
cob=(2)
cfi=(323) /usr/src/debug/glibc/glibc/nptl/pthread_mutexattr_settype.c
cfn=(1786) pthread_mutexattr_settype@@GLIBC_2.34
calls=1 24 
0 10
0 5
cob=(2)
cfi=(324) /usr/src/debug/glibc/glibc/nptl/pthread_mutex_init.c
cfn=(1790) pthread_mutex_init@@GLIBC_2.2.5
calls=1 53 
0 39
0 4
cob=(2)
cfi=(326) /usr/src/debug/glibc/glibc/nptl/pthread_mutexattr_destroy.c
cfn=(1796) pthread_mutexattr_destroy@@GLIBC_2.34
calls=1 23 
0 3
0 9

fn=(4670)
0 2

fn=(1846)
0 13
cfn=(1848)
calls=1 0 
0 210003
0 15
cfn=(1848)
calls=1 0 
0 138
0 15
cfn=(1848)
calls=1 0 
0 138
0 15
cfn=(1848)
calls=1 0 
0 138
0 15
cfn=(1848)
calls=1 0 
0 138
0 16
cob=(2)
cfi=(330) /usr/src/debug/glibc/glibc/nptl/pthread_key_create.c
cfn=(1826) pthread_key_create@@GLIBC_2.34
calls=1 25 
0 37
0 5
cob=(1)
cfi=(1)
cfn=(1852)
calls=1 0 
0 12
0 3
cob=(1)
cfi=(1)
cfn=(1852)
calls=1 0 
0 12
0 23
cob=(2)
cfi=(172)
cfn=(618)
calls=1 136 
0 6
0 7
cob=(2)
cfi=(301)
cfn=(1655)
calls=1 77 
0 4341
0 15
cfn=(2830)
calls=1 0 
0 6379
0 8

fn=(1850)
0 10
cob=(1)
cfi=(1)
cfn=(1852)
calls=1 0 
0 135
0 3
cob=(1)
cfi=(1)
cfn=(1852)
calls=1 0 
0 12
0 14
cob=(2)
cfi=(172)
cfn=(618)
calls=1 136 
0 80385
0 16
cob=(11)
cfi=(336)
cfn=(2018)
calls=1 0 
0 129412

fn=(4704)
0 11

fn=(4708)
0 11

fn=(1878) 0x0000000000009d50
0 4
cob=(1)
cfi=(1)
cfn=(1852)
calls=1 0 
0 12
0 11
cob=(2)
cfi=(314) /usr/src/debug/glibc/glibc/dlfcn/dladdr.c
cfn=(1742) dladdr@@GLIBC_2.34
calls=1 25 
0 5263
0 7
cob=(2)
cfi=(158)
cfn=(562) __strrchr_avx2
calls=1 0 
0 22
0 32
cob=(2)
cfi=(335) /usr/src/debug/glibc/glibc/debug/strncpy_chk.c
cfn=(1898) __strncpy_chk
calls=1 24 
0 33
0 5

fn=(1922)
0 12
cob=(2)
cfi=(158)
cfn=(688) __strlen_avx2
calls=1 0 
0 14
0 15
cob=(2)
cfi=(158)
cfn=(1752) __strncpy_avx2
calls=1 0 
0 27
0 5
cob=(2)
cfi=(158)
cfn=(1934) __strncat_avx2
calls=1 0 
0 35
0 2

fn=(4688)
0 10
cob=(11)
cfi=(336)
cfn=(4690) scalable_aligned_free
calls=5 0 
0 273

fn=(4712)
0 11

fn=(4750)
0 27

fn=(1836) 0x0000000000009d20
0 12

fn=(4642)
0 12

fn=(4682)
0 11

fn=(4716)
0 11

ob=(5) /usr/lib/libgcc_s.so.1
fl=(450) /usr/src/debug/gcc/gcc-build/x86_64-pc-linux-gnu/libgcc/../../../gcc/libgcc/unwind-pe.h
fn=(4152) read_encoded_value_with_base
188 10530
+15 7020
+9 31590
+53 7020
+19 14040
-1 3510
+2 7020
+1 1755
+5 1755
+2 1755
-2 1755
+2 1755
-40 3510
+1 3510
+1 3510
-67 5265
+15 3510
+9 15795
+53 3510
+19 7020
-1 1755
+2 3510
+6 1755
+2 1755
-40 1755
+1 1755
+1 1755

fl=(449) /usr/src/debug/gcc/gcc-build/x86_64-pc-linux-gnu/libgcc/../../../gcc/libgcc/unwind-dw2-fde.c
fn=(4132) get_cie_encoding
345 4088
+6 4088
-6 8176
+7 4088
-7 4088
+7 4088
cob=(2)
cfi=(158)
cfn=(688)
calls=4088 0 
* 57232
+1 4088
-1 4088
+1 8176
+8 8176
fi=(450)
140 4088
+4 12264
+18 8176
+4 8176
fe=(449)
366 8176
+10 4088
-5 4088
+5 10509
+11 3510
-11 1755
+19 1755
-4 1755
-15 3510
+3 7020
+5 7020
+11 1755
-11 3510
cfi=(450)
cfn=(4152)
calls=1755 188 
* 49140
-8 5265
+1 4088
+20 16352
-30 4088
fi=(450)
140 4088
+4 12264
fe=(449)

fn=(5188) release_registered_frames
58 2
+3 2
cfi=(487) /usr/src/debug/gcc/gcc-build/x86_64-pc-linux-gnu/libgcc/../../../gcc/libgcc/unwind-dw2-btree.h
cfn=(5190) btree_destroy
calls=1 354 
* 15
+1 2
cfi=(487)
cfn=(5190)
calls=1 354 
* 15
+1 1
+1 2

fl=(487)
fn=(5190)
354 2
+3 2
-3 6
+3 2
+1 4
+4 6
+6 8

fl=(447) /usr/src/debug/gcc/gcc-build/x86_64-pc-linux-gnu/libgcc/../../../gcc/libgcc/unwind-dw2-fde-dip.c
fn=(4128) _Unwind_Find_FDE
537 28616
fi=(487)
860 8176
fe=(447)
550 12264
cob=(2)
cfi=(448) /usr/src/debug/glibc/glibc/elf/libc-dl_find_object.c
cfn=(4130) _dl_find_object
calls=4088 24 
* 420700
* 20440
396 8176
+3 4088
-7 4088
+7 8176
+7 12264
+1 4088
+11 16352
+1 8176
574 20440
423 8176
+7 4088
-1 4088
+1 4088
+8 8176
+2 12264
+14 8176
-6 4088
+6 12264
-1 4088
+3 24528
+5 8176
+5 104687
-5 74964
+2 83140
+1 207850
+1 39630
+7 8176
+3 8176
fi=(489) /usr/src/debug/gcc/gcc-build/x86_64-pc-linux-gnu/libgcc/../../../gcc/libgcc/unwind-dw2-fde.h
157 12264
fi=(449)
402 4088
cfn=(4132)
calls=4088 -57 
* 296816
fi=(450)
74 8176
fi=(449)
402 4088
fi=(450)
74 4088
+3 32704
fe=(447)
486 8176
+5 4088
+6 8176
+1 12264
+2 4088
+3 8176
-1 4088
-2 4088
+3 4088

fl=(444) /usr/src/debug/gcc/gcc-build/x86_64-pc-linux-gnu/libgcc/../../../gcc/libgcc/unwind.inc
fn=(4250) _Unwind_DeleteException
282 414
+1 1242
+1 1242
cob=(7) /usr/lib/libstdc++.so.6.0.36
cfi=(441) /usr/src/debug/gcc/gcc-build/x86_64-pc-linux-gnu/libstdc++-v3/libsupc++/../../../../gcc/libstdc++-v3/libsupc++/eh_throw.cc
cfn=(4252) __gxx_exception_cleanup(_Unwind_Reason_Code, _Unwind_Exception*)
calls=414 34 
* 34086

fn=(4212) _Unwind_Resume
231 1315
+5 263
-5 1841
+5 526
+6 263
-6 263
cfi=(445) /usr/src/debug/gcc/gcc-build/x86_64-pc-linux-gnu/libgcc/../../../gcc/libgcc/unwind-dw2.c
cfn=(4122) uw_init_context_1
calls=263 1331 
* 421852
+6 789
-5 4208
+4 526
+1 526
cfn=(4192) _Unwind_RaiseException_Phase2
calls=263 41 
* 2886055
+4 526
+2 789
cfi=(445)
cfn=(4202) uw_install_context_1
calls=263 1412 
* 106989
* 789
fi=(460) /usr/src/debug/gcc/gcc-build/gcc/include/cetintrin.h
42 263
fe=(444)
248 526
cfi=(445)
cfn=(4206) _Unwind_DebugHook
calls=263 1381 
* 789
fi=(460)
42 263
fe=(444)
248 526
+1 3419

fn=(4120) _Unwind_RaiseException
87 2070
+6 414
-6 414
fi=(445)
233 414
fe=(444)
87 414
fi=(445)
215 414
fe=(444)
87 2070
+6 1242
cfi=(445)
cfn=(4122)
calls=414 1331 
* 677805
+1 7452
+16 3148
+6 4722
+2 4476
cob=(7)
cfi=(453) /usr/src/debug/gcc/gcc-build/x86_64-pc-linux-gnu/libstdc++-v3/libsupc++/../../../../gcc/libstdc++-v3/libsupc++/eh_personality.cc
cfn=(4156) __gxx_personality_v0
calls=746 365 
* 2314018
+2 1492
+2 664
fi=(445)
1274 3480
cfn=(4148) uw_update_context_1
calls=1160 1145 
* 327905
+8 1160
+4 1160
-4 2320
232 2320
+2 2320
+2 4640
+12 2320
+12 1160
1298 1160
fe=(444)
104 3480
cfi=(446) /usr/include/bits/string_fortified.h
cfn=(4124) uw_frame_state_for
calls=1160 -45 
* 1467361

ob=(2)
fl=(395) /usr/src/debug/glibc/glibc/misc/../sysdeps/unix/sysv/linux/getsysstats.c
fn=(3034) get_nprocs
215 2
+1 2
cfn=(3036) read_sysfs_file
calls=1 -77 
* 421
+1 2
+5 2

fn=(3036)
139 1
+9 1
-9 5
+9 1
cfi=(396) /usr/src/debug/glibc/glibc/io/../sysdeps/unix/sysv/linux/open64_nocancel.c
cfn=(3038) __open_nocancel
calls=1 28 
* 24
+3 2
+39 7
72 6
cfi=(397) /usr/src/debug/glibc/glibc/io/../sysdeps/unix/sysv/linux/read_nocancel.c
cfn=(3040) __read_nocancel
calls=1 -47 
* 6
+1 2
+5 4
-2 1
+2 2
cob=(3) ???
cfi=(154) ???
cfn=(2148) 0x0000000004d0e200
calls=1 -78 
* 21
+1 3
+26 4
+45 1
+3 3
+28 1
-1 1
+1 2
+3 2
-26 4
cfi=(256) /usr/src/debug/glibc/glibc/stdlib/../stdlib/strtol.c
cfn=(1226) __isoc23_strtoul
calls=1 -33 
* 133
+1 1
-1 1
+1 2
+7 2
+12 3
+3 5
+5 2
cfi=(398) /usr/src/debug/glibc/glibc/io/../sysdeps/unix/sysv/linux/close_nocancel_nostatus.c
cfn=(3042) __close_nocancel_nostatus
calls=1 25 
* 4
* 2
-18 1
+1 4
cfi=(256)
cfn=(1226)
calls=1 -44 
* 148
+1 3
+7 3
-75 1
+1 2

fl=(190) /usr/src/debug/glibc/glibc/wcsmbs/wctob.c
fn=(674) wctob
30 640
+9 384
+6 128
-1 256
+35 768

fl=(96) /usr/src/debug/glibc/glibc/wcsmbs/../sysdeps/x86_64/multiarch/wcscat.c
fn=(348) wcscat
31 1
fi=(490) /usr/src/debug/glibc/glibc/wcsmbs/../sysdeps/x86_64/multiarch/ifunc-wcs.h
+13 1
+1 1
-1 1
+1 4
fe=(96)
-14 1

fl=(257) /usr/src/debug/glibc/glibc/stdlib/../stdlib/strtol_l.c
fn=(1228) ____strtoul_l_internal
238 264
+26 44
+28 22
-35 22
+38 88
+9 44
-3 22
+3 110
+2 44
+5 88
+5 44
+4 44
+15 30
-25 14
+35 42
449 14
-54 14
258 14
395 28
-5 14
+99 14
-11 14
-85 14
-3 14
+1 14
+71 28
-71 14
+98 14
-27 28
-71 42
+3 28
-4 8
+99 8
-11 8
-85 8
-3 8
+1 8
+71 16
-71 8
+98 8
-27 16
-71 24
+3 16
+90 50
+5 50
+1 150
-41 200
+2 104
+2 156
+7 4
+17 8
+4 150
+3 100
+11 88
+5 44
+1 22
+23 110
-11 66
+33 176
345 2
-87 1
+87 2
449 6
310 7
+10 7
+2 50
+5 36
+5 18
+63 6
-62 12
-23 1
+25 1
+7 2
-15 4
+15 2
+3 4
-87 1
395 2

fn=(2184) ____strtol_l_internal
238 36
+26 6
+28 3
-35 3
+38 12
+9 6
-3 3
+3 15
+2 6
+5 12
+5 6
+4 6
+15 2
+60 3
+67 3
+16 3
-84 6
+95 3
-96 3
+69 3
+27 6
-27 6
+22 12
+5 6
+1 18
-41 24
+2 12
+2 18
+28 18
+3 12
+11 12
+5 6
+1 3
+5 6
+3 12
-2 9
+39 24
345 4
-87 1
+87 1
449 8
310 2
+10 2
+2 4
-12 1
+25 1
+7 2
-15 4
+15 4
+3 8
-87 2
395 2
-50 4

fl=(417) /usr/src/debug/glibc/glibc/string/strxfrm_l.c
fn=(3302) strxfrm_l
668 48
+2 9
+1 6
+3 6
+67 42
-65 6
cob=(3)
cfi=(154)
cfn=(686) 0x0000000004d0e240
calls=3 0 
* 48
* 3
+2 6
+1 24
cob=(3)
cfi=(154)
cfn=(3304) 0x0000000004d0e2f0
calls=3 0 
* 105
* 3

fl=(108) /usr/src/debug/glibc/glibc/wcsmbs/../sysdeps/x86_64/multiarch/wcsnlen.c
fn=(380) wcsnlen
30 1
fi=(107) /usr/src/debug/glibc/glibc/wcsmbs/../sysdeps/x86_64/multiarch/ifunc-wcslen.h
+15 2
+1 4
+3 5
fe=(108)

fl=(366) /usr/src/debug/glibc/glibc/io/../sysdeps/unix/sysv/linux/close_nocancel.c
fn=(2208) __close_nocancel
25 6
+1 24
+1 6

fl=(390)
fn=(2990)
25 5
+2 20
-2 10
+6 10
cfi=(302)
cfn=(1656) _dlerror_run
calls=2 +82 
* 408
cfi=(302)
cfn=(1657) _dlerror_run'2
calls=3 +82 
* 723
* 10
+1 10

fl=(119) /usr/src/debug/glibc/glibc/string/../sysdeps/x86_64/multiarch/strrchr.c
fn=(408) rindex
29 3
fi=(110) /usr/src/debug/glibc/glibc/string/../sysdeps/x86_64/multiarch/ifunc-avx2.h
+20 6
+1 12
+8 12
fe=(119)
-29 3

fl=(132) /usr/src/debug/glibc/glibc/string/../sysdeps/x86_64/multiarch/strncpy.c
fn=(456) strncpy
29 5
fi=(122) /usr/src/debug/glibc/glibc/string/../sysdeps/x86_64/multiarch/ifunc-strncpy.h
+10 10
+1 20
+3 25
fe=(132)

fl=(223) /usr/src/debug/glibc/glibc/misc/../sysdeps/unix/sysv/linux/brk.c
fn=(822) brk
36 44285
fi=(491) /usr/src/debug/glibc/glibc/misc/../sysdeps/unix/sysv/linux/brk_call.h
-12 88570
fe=(223)
+13 88570
+1 88570
+6 44285
+1 44285

fl=(209)
fn=(776)
67 172
-26 86
+2 344
+1 86
cfn=(778) __new_exitfn
calls=43 +36 
* 1774
+2 86
+6 43
+5 43
-3 43
+1 43
-3 43
+4 43
-4 86
+5 172
+1 43
+11 172

fn=(778)
80 43
+6 86
-6 43
+11 215
-10 86
+12 86
+1 168
-1 86
-2 1
+10 1
-10 3
+13 84
+25 41
+1 82
-1 82
+7 41
+1 41
+4 123
-5 2
+1 2
+4 6
-33 3
+15 1
-1 1
+12 1
-22 5
cfi=(152) /usr/src/debug/glibc/glibc/malloc/malloc.c
cfn=(1672) calloc
calls=1 3515 
* 431
* 1
+1 2
+2 1
+1 1
+6 1
-7 1
+1 1
+7 1
+11 1

fl=(338) /usr/src/debug/glibc/glibc/elf/dl-sym.c
fn=(1982) _dl_sym
194 184
88 23
+7 46
+34 46
+24 161
-60 23
+60 69
cob=(1)
cfi=(80) /usr/src/debug/glibc/glibc/elf/dl-lookup.c
cfn=(308) _dl_lookup_symbol_x
calls=23 767 
* 12542
* 63
+4 21
+16 21
-16 42
+5 21
51 42
162 42
+6 126
+2 21
fi=(339) /usr/src/debug/glibc/glibc/elf/./dl-sym-post.h
45 42
+12 84
fe=(338)
196 147

fl=(344) /usr/src/debug/glibc/glibc/misc/../sysdeps/unix/sysv/linux/mmap64.c
fn=(2066) mmap
47 16
+3 32
-3 64
+6 32
+5 96
+2 48
-7 80

fl=(376) /usr/src/debug/glibc/glibc/misc/tsearch.c
fn=(2854) tfind
372 12
+4 8
+6 32
-5 12
+17 16

fl=(151) /usr/src/debug/glibc/glibc/malloc/arena.c
fn=(526) __ptmalloc_init
250 2
fi=(492) /usr/src/debug/glibc/glibc/malloc/../sysdeps/unix/sysv/linux/not-cancel.h
96 3
fe=(151)
250 13
fi=(492)
96 8
fi=(152)
2788 2
+14 1
+2 2
-1 1
+1 3
fe=(151)
260 2
+4 2
fi=(152)
1683 3
fe=(151)
264 3
fi=(152)
1681 12
+2 2
-2 1
+2 8
+1 2
-3 2
+2 60
-2 30
+2 240
+1 60
-3 60
+3 1
fe=(151)
268 2
fi=(152)
1692 2
fe=(151)
268 1
fi=(152)
1684 3
fe=(151)
268 2
cob=(1)
cfi=(11) /usr/src/debug/glibc/glibc/elf/dl-tunables.c
cfn=(50) __tunable_get_val
calls=1 610 
* 17
+1 4
cob=(1)
cfi=(11)
cfn=(50)
calls=1 610 
* 18
+1 4
cob=(1)
cfi=(11)
cfn=(50)
calls=1 610 
* 17
+1 4
cob=(1)
cfi=(11)
cfn=(50)
calls=1 610 
* 17
+1 4
cob=(1)
cfi=(11)
cfn=(50)
calls=1 610 
* 18
+1 4
cob=(1)
cfi=(11)
cfn=(50)
calls=1 610 
* 17
+1 4
cob=(1)
cfi=(11)
cfn=(50)
calls=1 610 
* 17
+2 4
cob=(1)
cfi=(11)
cfn=(50)
calls=1 610 
* 17
+1 4
cob=(1)
cfi=(11)
cfn=(50)
calls=1 610 
* 17
+2 4
cob=(1)
cfi=(11)
cfn=(50)
calls=1 610 
* 17
+2 4
+10 8
fi=(152)
2802 2
fe=(151)

fl=(352) /usr/src/debug/glibc/glibc/string/../string/strstr.c
fn=(2106) __GI_strstr
77 36
+5 6
-5 18
+5 18
+2 30
cob=(3)
cfi=(154)
cfn=(2108) 0x0000000004d0e320
calls=6 -84 
* 138
* 6
+1 12
+1 12
+75 48

fl=(484) /usr/src/debug/glibc/glibc/posix/register-atfork.c
fn=(5070) __unregister_atfork
82 27
+1 18
-1 18
+1 18
fi=(485) /usr/src/debug/glibc/glibc/posix/../malloc/dynarray-skeleton.c
243 9
fe=(484)
71 18
+38 36
+1 18

fl=(97) /usr/src/debug/glibc/glibc/wcsmbs/../sysdeps/x86_64/multiarch/wmemset.c
fn=(350) wmemset
31 3
fi=(98) /usr/src/debug/glibc/glibc/wcsmbs/../sysdeps/x86_64/multiarch/ifunc-wmemset.h
+9 12
+8 12
fe=(97)
-17 3

fl=(471) /usr/src/debug/glibc/glibc/libio/putc.c
fn=(4314) putc
25 430
+3 172
+1 395
+5 154
-5 69
+5 138
-5 69
cfi=(346) /usr/src/debug/glibc/glibc/libio/genops.c
cfn=(4316) __overflow
calls=69 225 
* 10626

fl=(260) /usr/src/debug/glibc/glibc/libio/vsnprintf.c
fn=(1298) vsnprintf
102 249996
fi=(493) /usr/src/debug/glibc/glibc/libio/../include/printf_buffer.h
+35 41666
-13 41666
+1 41666
+12 41666
-10 41666
+1 41666
fe=(260)
-65 83332
+3 41666
+30 166664
cfi=(261) /usr/src/debug/glibc/glibc/stdio-common/vfprintf-internal.c
cfn=(1300) __printf_buffer
calls=41666 601 
* 69899077
-21 124998
+1 41666
+11 83332
cfi=(271) /usr/src/debug/glibc/glibc/stdio-common/Xprintf_buffer_done.c
cfn=(1334) __printf_buffer_done
calls=41666 -62 
* 749988
+17 208330

fl=(265) /usr/src/debug/glibc/glibc/stdlib/../sysdeps/ieee754/dbl-64/dbl2mpn.c
fn=(1314) __mpn_extract_double
33 41653
+2 41653
-2 41653
+4 124959
+1 208265
+9 83306
+9 41653
-9 41653
+9 83306
+4 234
+2 117
+45 234
-4 41536
+4 41536
-4 41536
+4 41536

fl=(362) /usr/src/debug/glibc/glibc/stdio-common/vfscanf-internal.c
fn=(2164) __vfscanf_internal
293 1540
+10 440
+1 110
fi=(363) /usr/src/debug/glibc/glibc/stdio-common/../include/scratch_buffer.h
78 110
fe=(362)
304 110
fi=(363)
77 220
fe=(362)
354 440
+6 330
+3 440
+4 220
+13 110
-6 110
+8 220
-8 110
+8 110
+5 220
-5 110
+5 330
cfi=(348) /usr/src/debug/glibc/glibc/nptl/libc-cleanup.c
cfn=(2092) __libc_cleanup_push_defer
calls=110 24 
* 1430
* 330
fi=(280) /usr/src/debug/glibc/glibc/stdio-common/../string/bits/string_fortified.h
59 110
fe=(362)
396 330
-88 110
-10 330
-1 110
+1 220
+45 110
-1 110
-1 110
-1 110
-12 110
-30 110
434 368
+24 184
+1 368
+3 900
+7 1566
+8 348
+8 348
-27 68
+27 68
-89 234
3216 12
+3 7
+1 1
-1 2
+1 2
-1 8
cfi=(346)
cfn=(2122) __uflow
calls=1 325 
* 65
* 2
208 4
+16 4
+1 8
504 20
675 8
+4 4
+1 14
+4 9
+1 3
+6 84
+3 34
-3 17
+3 48
-3 51
360 220
498 4
-3 24
+25 12
-62 6
+6 12
+15 21
+1 9
-1 3
+1 3
-1 6
+1 9
+65 8
+3 36
3226 440
cfi=(348)
cfn=(2094) __libc_cleanup_pop_restore
calls=110 54 
* 1100
fi=(363)
85 440
fe=(362)
3230 220
+17 220
+6 1430
561 9
680 6
+20 5
1279 12
695 9
+1 18
-1 6
+1 3
cfi=(346)
cfn=(2168) _IO_sputbackc
calls=3 -37 
* 63
+4 39
3250 9
487 424
cfi=(346)
cfn=(2168)
calls=106 659 
* 2226
* 106
675 3
565 3
-1 6
1474 18
+5 3
-5 3
+5 9
+9 10
+5 8
+1 14
+2 4
+1 12
+13 4
+16 4
1847 6
+9 3
fi=(363)
113 18
fe=(362)
1856 6
-7 6
+5 33
262 4
1911 4
262 8
+3 4
1913 8
265 4
1913 4
265 4
1913 4
+2 28
-68 12
+2 8
+2 18
233 3
1918 6
208 3
1925 6
216 3
1926 6
+28 18
cfi=(346)
cfn=(2168)
calls=3 659 
* 63
262 9
+3 9
1958 6
1776 3
208 3
1776 3
1975 3
1776 3
1975 6
+1 9
cfi=(256)
cfn=(2182) __strtol_internal
calls=3 107 
* 409
* 3
+6 9
+3 6
+6 6
+1 9
+13 27
2662 9
762 2
+38 1
-35 3
+35 4
+3 9
+60 4
+4 4
+33 2
+2 2
1856 15
1532 2
+3 6
1847 3
1632 12
1847 12
262 8
+3 6
1535 6
1927 8
800 14
3220 3
2010 6
1078 1
-2 2
805 3
+95 3
1466 3
-1 6

fl=(87) /usr/src/debug/glibc/glibc/string/../sysdeps/x86_64/multiarch/mempcpy.c
fn=(330) mempcpy
33 1
fi=(88) /usr/src/debug/glibc/glibc/string/../sysdeps/x86_64/multiarch/ifunc-memmove.h
+23 1
+1 1
-1 1
+1 2
+3 3
+17 2
+8 2
+11 4
fe=(87)
-63 1

fl=(306)
fn=(1680)
357 67
51 67
+1 134
+3 134
357 40
60 40
+3 40
-24 40
+1 160
+1 40
+27 40
+2 40
359 80
72 124
+3 186
+3 124
-8 27
359 27

fl=(121) /usr/src/debug/glibc/glibc/string/../sysdeps/x86_64/multiarch/stpncpy.c
fn=(426) strcasecmp
31 1
fi=(86) /usr/src/debug/glibc/glibc/string/../sysdeps/x86_64/multiarch/ifunc-strcasecmp.h
+10 2
+1 4
+3 5
fe=(121)

fn=(416) stpncpy
31 1
fi=(122)
+8 2
+1 4
+3 5
fe=(121)

fl=(159) /usr/src/debug/glibc/glibc/libio/vtables.c
fn=(564) check_stdfiles_vtables
549 1
+1 4
+1 3
+1 3
+2 1

fl=(160) /usr/src/debug/glibc/glibc/libio/stdfiles.c
fn=(566) _IO_stdfiles_init
64 1
+2 1
+1 2
-1 2
+3 1
-1 2
-1 2
+2 2
-1 4
-1 4
+3 1

fl=(217) /usr/src/debug/glibc/glibc/stdlib/secure-getenv.c
fn=(800) secure_getenv
28 1
+1 5
cfi=(218) /usr/src/debug/glibc/glibc/stdlib/getenv.c
cfn=(802) getenv
calls=1 -4 
* 811

fl=(358) /usr/src/debug/glibc/glibc/io/../sysdeps/unix/sysv/linux/read.c
fn=(2144) read
25 70
+1 35
fi=(351) /usr/src/debug/glibc/glibc/io/../sysdeps/unix/sysv/linux/sysdep-cancel.h
+15 70
+1 70
+2 210
+39 70
fe=(358)
-56 105

fl=(479)
fn=(4658)
25 2
+3 4
+2 10
+2 4
+1 10
-7 6
+14 2

fl=(191) /usr/src/debug/glibc/glibc/wcsmbs/btowc.c
fn=(676) btowc
32 512
+5 2304
+5 512
+4 384
fi=(494) /usr/src/debug/glibc/glibc/wcsmbs/./wcsmbsload.h
+23 128
+1 384
fe=(191)
-23 256
+1 256
+4 512
+3 640
cfi=(192) /usr/src/debug/glibc/glibc/elf/libc-dl-profstub.c
cfn=(678) _dl_mcount_wrapper_check
calls=128 -15 
* 640
* 896
+39 128
-39 128
cfi=(193) /usr/src/debug/glibc/glibc/iconv/gconv_simple.c
cfn=(680) __gconv_btwoc_ascii
calls=128 -6 
* 768
+39 640

fl=(294)
fn=(1578)
28 8
+1 16
cfi=(295) /usr/src/debug/glibc/glibc/io/../sysdeps/unix/sysv/linux/fstatat64.c
cfn=(1580) fstatat
calls=4 146 
* 35

fl=(326)
fn=(1796)
23 3
+2 6

fl=(302)
fn=(1656)
113 90
+1 15
-1 45
+1 15
+1 30
+6 15
+17 60
cob=(1)
cfi=(56) /usr/src/debug/glibc/glibc/elf/dl-catch.c
cfn=(180) _dl_catch_error
calls=15 258 
* 1107816
+7 15
-7 15
+5 15
+2 30
+53 120
-47 30
+5 30

fn=(1657)
113 144
+1 24
-1 72
+1 24
+1 48
+2 10
fi=(370) /usr/src/debug/glibc/glibc/dlfcn/./dlerror.h
-50 23
+8 4
cfi=(152)
cfn=(632) free
calls=2 3137 
* 66
+1 6
fe=(302)
+55 10
-10 19
+17 76
cob=(1)
cfi=(56)
cfn=(181) _dl_catch_error'2
calls=19 258 
* 87123
* 20
cob=(1)
cfi=(56)
cfn=(181)
calls=5 258 
* 5131
+7 24
-7 24
+5 24
+2 48
+17 19
+6 8
cfi=(152)
cfn=(812) malloc
calls=4 3101 
* 120
+1 12
+9 4
+8 4
+1 8
-2 4
+1 4
+2 4
+3 4
-15 4
+22 12
-12 1
+1 2
-2 1
+1 1
+2 1
+3 1
-15 1
+22 180
fi=(370)
67 3
-13 3
cob=(1)
cfi=(369) /usr/src/debug/glibc/glibc/elf/dl-exception.c
cfn=(2834) _dl_error_free
calls=1 -15 
* 9
fe=(302)
187 3
-36 46
+5 30
fi=(370)
54 15
cob=(1)
cfi=(369)
cfn=(2834)
calls=3 -15 
* 114
+19 9
fe=(302)
+81 4
-1 4
+1 4
cfi=(152)
cfn=(632)
calls=4 3137 
* 132
+2 8

fn=(2842)
33 4
+2 12
+4 6
+3 4
+5 4
+8 6
+5 4
+13 6
+7 2
+1 2
-1 2
+1 6
cfi=(371) /usr/src/debug/glibc/glibc/intl/dcgettext.c
cfn=(2844) dcgettext
calls=2 -35 
* 1184
+2 2
-2 18
cfi=(379) /usr/src/debug/glibc/glibc/stdio-common/asprintf.c
cfn=(2866) asprintf
calls=2 -55 
* 3227
+5 6
+4 2
+2 4
+12 12
fi=(370)
-37 6
fe=(302)
+29 2
+1 2
-1 2
+2 2
fi=(370)
-44 6
cob=(1)
cfi=(369)
cfn=(2834)
calls=2 -15 
* 76
+19 2
fe=(302)

fl=(345) /usr/src/debug/glibc/glibc/libio/iofopen.c
fn=(2082) fopen@@GLIBC_2.2.5
85 24
-20 6
+20 18
-20 6
cfi=(152)
cfn=(812)
calls=6 3101 
* 378
+2 24
+5 12
-2 6
+2 18
-2 6
+2 12
cfi=(346)
cfn=(2084) _IO_no_init
calls=6 589 
* 330
+1 6
+1 6
-1 6
+1 6
cfi=(347) /usr/src/debug/glibc/glibc/libio/fileops.c
cfn=(2088) _IO_new_file_init_internal
calls=6 +33 
* 606
+1 30
cfi=(347)
cfn=(2096) _IO_file_fopen@@GLIBC_2.2.5
calls=6 263 
* 1156
* 12
-38 12
+11 6
+39 36

fl=(350) /usr/src/debug/glibc/glibc/io/../sysdeps/unix/sysv/linux/open64.c
fn=(2102) open
30 36
+3 37
fi=(351)
+8 18
+1 12
fe=(350)
-6 2
+5 1
-5 3
+2 1
fi=(351)
+6 42
+39 12
fe=(350)
-42 6
+2 30

fl=(474) /usr/src/debug/glibc/glibc/misc/../sysdeps/unix/sysv/linux/writev.c
fn=(4536) writev
25 150
+1 150
fi=(475) /usr/src/debug/glibc/glibc/misc/../sysdeps/unix/sysv/linux/sysdep-cancel.h
+15 150
+1 150
+2 450
+39 150
fe=(474)
-56 225

fl=(149) /usr/src/debug/glibc/glibc/nptl/pthread_mutex_conf.c
fn=(522) __pthread_tunables_init
55 2
+1 6
cob=(1)
cfi=(11)
cfn=(50)
calls=1 610 
* 18
+2 4
cob=(1)
cfi=(11)
cfn=(50)
calls=1 610 
* 17
+2 4
cob=(1)
cfi=(11)
cfn=(50)
calls=1 610 
* 18
+2 5

fl=(261)
fn=(1300)
601 416680
fi=(495) /usr/src/debug/glibc/glibc/stdio-common/printf-parse.h
82 83336
fe=(261)
601 41668
+27 125004
+9 41668
-9 41668
+9 41668
-9 41668
+9 83336
fi=(495)
82 41668
cob=(3)
cfi=(154)
cfn=(1302) 0x0000000004d0e290
calls=41668 -82 
* 875028
fe=(261)
653 41668
-1 41668
+1 41668
fi=(495)
82 83336
fe=(261)
653 41668
-1 41668
cfi=(262) /usr/src/debug/glibc/glibc/stdio-common/Xprintf_buffer_write.c
cfn=(1306) __printf_buffer_write
calls=41668 27 
* 500016
+2 125004
+4 83336
+4 416680
-32 41668
+11 41668
-8 83336
+71 166696
1043 375012
704 83348
-12 41674
-3 41674
+15 83348
-13 41674
-1 41674
+14 41674
-6 41674
+6 83348
-7 41674
-3 41674
+10 41674
-11 41674
-7 41674
+18 41674
-19 41674
-1 41674
-1 41674
-1 83348
892 83332
+81 83332
+2 124998
-2 41666
+2 41666
-2 41666
+2 1166648
+20 458326
+1 41666
263 41666
+1 41666
996 41666
743 41666
264 83332
743 41666
263 83332
1023 41674
fi=(495)
82 41674
fe=(261)
1017 41674
fi=(495)
82 83348
cob=(3)
cfi=(154)
cfn=(1302)
calls=41674 -82 
* 875154
fe=(261)
1027 83348
+1 41674
fi=(495)
82 41674
fe=(261)
1028 41674
-1 41674
cfi=(262)
cfn=(1306)
calls=41674 27 
* 500174
+3 208370
-22 6
fi=(381) /usr/src/debug/glibc/glibc/stdio-common/vfprintf-process-arg.c
411 48
+5 18
+14 32
+11 8
-3 16
+25 24
+8 32
cfi=(262)
cfn=(1306)
calls=8 27 
* 411
+1 8
fi=(270) /usr/src/debug/glibc/glibc/stdio-common/../include/printf_buffer.h
164 2
fi=(381)
363 8
+17 2
-12 4
fe=(261)
859 41666
-46 41666
-1 41666
+1 83332
+41 541658
266 83332
cfi=(263) /usr/src/debug/glibc/glibc/stdio-common/printf_fp.c
cfn=(1308) __printf_fp_l_buffer
calls=41666 1099 
* 58774255
1000 41666
fi=(381)
366 10
cfi=(382) /usr/src/debug/glibc/glibc/string/_strerror.c
cfn=(2874) strerror_r
calls=2 26 
* 1236
* 6
+77 16
cob=(3)
cfi=(154)
cfn=(686)
calls=8 0 
* 144
* 16
fe=(261)
818 41666
-1 41666
+1 124998
+15 291662
+3 83332
+18 41666
-37 41666
+19 166664

fl=(335)
fn=(1898)
24 1
+1 2
+3 1
cob=(3)
cfi=(154)
cfn=(1900) 0x0000000004d0e230
calls=1 -28 
* 29

fl=(426) /usr/src/debug/glibc/glibc/stdlib/strtod_l.c
fn=(3690) str_to_mpn.isra.0
367 7317
+13 813
-13 1626
+14 4878
-4 813
-1 1626
+52 5315
+1 10630
-14 21260
+3 1176
+7 588
+3 1764
+3 1176
-3 9454
+3 9454
-47 15945
+49 3252
+7 1626
+2 2439
+2 813
+1 1626
+15 7317

fn=(3686) strtod_l
1781 669
+1 2007
cfn=(3688) ____strtod_l_internal
calls=669 510 
* 573411

fn=(3696) round_and_return
215 5352
fi=(276) /usr/src/debug/glibc/glibc/stdlib/../sysdeps/generic/get-rounding-mode.h
94 669
+1 669
+19 1338
-19 1338
+14 669
-14 4014
fe=(426)
218 1338
+97 1338
-90 669
+93 1338
+3 1338
+2 669
fi=(277) /usr/src/debug/glibc/glibc/stdlib/../include/rounding-mode.h
46 4014
+6 2007
fi=(284) /usr/src/debug/glibc/glibc/stdlib/../stdlib/gmp.h
453 371
fe=(426)
330 371
fi=(284)
454 371
fe=(426)
330 371
+22 742
-12 742
+17 371
-5 742
+5 2007
+1 669
-1 669
+1 1338
-1 669
cfi=(427) /usr/src/debug/glibc/glibc/stdlib/../sysdeps/ieee754/dbl-64/mpn2dbl.c
cfn=(3698) __mpn_construct_double
calls=669 29 
* 10704
-3 669
+1 669
fi=(277)
49 298
fe=(426)
357 596
+1 742

fn=(3688)
510 10035
+53 669
-53 3345
+55 1338
+24 669
-34 669
+42 669
+1 1338
cob=(3)
cfi=(154)
cfn=(686)
calls=669 0 
* 10704
* 669
+1 1338
+10 669
-6 669
+6 669
+4 3345
-1 2676
+1 1338
+3 1338
-12 298
+17 596
+13 4683
+1 1338
+8 2007
+48 1338
+19 288
+24 288
516 144
734 144
+18 288
+25 432
-25 1050
+25 2007
+1 1338
+12 1338
+16 1338
+42 1338
+9 5352
+1 1338
1769 8697
803 144
-22 144
+22 144
-26 144
-36 3675
+1 1050
618 371
+1 1113
864 1338
+1 669
+1 1338
1025 1338
+19 2007
+1 669
+2 1338
+3 1338
+33 2352
691 2625
516 525
710 1575
516 1050
712 1050
-1 1050
+24 1575
-1 525
+2 525
-2 525
+2 2625
+5 1050
+8 1050
884 2676
1015 1338
+2 3345
-47 243
+89 162
+2 243
+9 243
+1 324
+3 324
+4 81
+1 81
+98 1338
-1 162
-1 162
+3 81
+1 81
+3 162
-3 81
+3 162
-4 588
+1 588
+3 1176
-3 588
+3 1176
+12 1338
+3 1338
1359 2625
+18 1050
+3 4200
+13 525
-5 1050
+10 4200
+3 1050
+3 525
-3 525
+3 2625
+2 525
-2 525
+2 2100
+6 525
+7 525
-7 1575
+7 1050
-18 288
+3 144
-3 144
+3 720
+2 144
-2 144
+2 576
+6 144
+7 144
-7 432
+7 2192
+8 669
-1 669
+1 669
fi=(274) /usr/src/debug/glibc/glibc/stdlib/../string/bits/string_fortified.h
29 669
fe=(426)
1427 1338
fi=(274)
29 1338
cfi=(158)
cfn=(1360) __memcpy_chk_avx_unaligned_erms
calls=669 -29 
* 13380
* 669
fe=(426)
1445 2200
-3 1828
+1 1828
-24 3656
+3 1095
+4 1095
-4 1095
+2 2190
+9 426
-1 2982
cfi=(281) /usr/src/debug/glibc/glibc/stdlib/mul.c
cfn=(1400) __mpn_mul
calls=426 48 
* 29394
+4 426
+1 852
-1 426
+1 426
+1 426
+1 426
-1 426
+1 852
+6 852
+2 2007
+4 6021
cfn=(3690)
calls=669 367 
* 102844
+17 669
+31 669
-31 1338
+3 669
-3 669
+3 669
-3 669
+3 1338
+17 1338
+2 1338
1177 1176
-2 1764
1419 3448
1200 2016
cfn=(3690)
calls=144 367 
* 8064
+6 288
+20 144
-20 144
-6 144
+6 432
+45 288
-1 144
+1 576
+4 288
+6 288
+32 288
1497 669
+1 669
+1 4014
fi=(275) /usr/src/debug/glibc/glibc/stdlib/../sysdeps/x86/gmp-arch.h
29 3345
fe=(426)
1537 669
fi=(275)
29 669
fe=(426)
1537 2922
cfi=(158)
cfn=(1316) __mpn_lshift
calls=144 0 
* 2304
* 288
+4 144
-4 288
+4 1440
cfn=(3696)
calls=144 215 
* 10746
* 5250
cfn=(3696)
calls=525 215 
* 39125
* 669
-4 3675
+4 1050
-4 525
+4 525
-4 1575
+2 525
-64 3345
cfi=(158)
cfn=(1316)
calls=669 0 
* 10704
+1 3345
cfi=(158)
cfn=(1316)
calls=669 0 
* 10704
+1 1338
-84 525
+5 1050
fi=(274)
29 92
fe=(426)
1448 92
fi=(274)
29 276
cfi=(158)
cfn=(1360)
calls=92 -29 
* 1840
* 92
fe=(426)
866 1338
+1 1338
+9 1338
+6 669
+1 669
-1 1338
+1 669
-16 4593
+3 15280
+1 4756
-1 4756
+1 19024
+2 4756
-7 4756
+1 9512
+6 506
-7 506
+1 2350
+5 1338
1288 144
fi=(274)
29 144
fe=(426)
1332 144
fi=(274)
29 576
cfi=(158)
cfn=(1360)
calls=144 -29 
* 2880
fe=(426)
1359 864
+9 432
+3 288
+1 288
1488 288
1372 288

fl=(477) /usr/src/debug/glibc/glibc/stdlib/cxa_thread_atexit_impl.c
fn=(4574) __call_tls_dtors
148 3
+1 1
-1 1
+1 3
+16 4

fl=(241) /usr/src/debug/glibc/glibc/time/../sysdeps/unix/sysv/linux/clock_gettime.c
fn=(966) clock_gettime@@GLIBC_2.17
30 8991
+8 17982
+2 17982
+28 26973
+1 17982
+17 8991

fl=(448)
fn=(4130)
24 4088
+1 8176
cob=(1)
cfi=(139) /usr/src/debug/glibc/glibc/elf/dl-find_object.c
cfn=(1664) _dl_find_object
calls=4088 360 
* 408436

fl=(157) /usr/src/debug/glibc/glibc/misc/init-misc.c
fn=(558) __init_misc
30 1
+1 5
-1 1
+3 5
cob=(3)
cfi=(154)
cfn=(560) 0x0000000004d0e310
calls=1 -33 
* 41
+4 1
+1 1
-1 5
+1 3
+2 2

fl=(192)
fn=(678)
40 128
+1 384
+2 128

fl=(356) /usr/src/debug/glibc/glibc/io/../sysdeps/unix/sysv/linux/fstat64.c
fn=(2134) fstat
30 4
+9 16
+33 4

fl=(347)
fn=(2096)
263 42
+9 12
+2 26
+23 36
407 49
274 4
+57 42
cfn=(2100) _IO_file_open
calls=6 227 
* 488
* 6
+3 12
+3 18
cfi=(352)
cfn=(2106)
calls=6 77 
* 324
+1 12
-22 12
fi=(349) /usr/src/debug/glibc/glibc/libio/../iconv/gconv_charset.h
75 5
fe=(347)
278 5
-1 5
-13 10
+33 36
+12 12

fn=(2088)
107 6
+5 6
-1 6
+3 6
+1 6
cfi=(346)
cfn=(2090) _IO_link_in
calls=6 -6 
* 576

fn=(2198) _IO_file_seekoff@@GLIBC_2.2.5
970 13
+8 2
1124 11
906 2
+4 1
-2 2
+2 1
+5 2
+32 2
+10 1
+2 2
-17 1
fi=(357) /usr/src/debug/glibc/glibc/libio/libioP.h
1045 3
+1 2
fe=(347)
942 4
cfn=(2200) _IO_file_seek
calls=1 1216 
* 9
+2 2
-5 1
-14 2
+1 2
+13 3

fn=(2206) _IO_file_close
1241 6
+3 12
cfi=(366)
cfn=(2208)
calls=6 25 
* 36

fn=(4292) _IO_do_write@@GLIBC_2.2.5
474 227
+2 681
+1 139
-3 176
fi=(357)
1045 88
fe=(347)
474 616
+10 176
+7 352
+8 88
fi=(357)
1045 176
+1 176
fe=(347)
499 440
cfn=(4294) _IO_file_write@@GLIBC_2.2.5
calls=88 1250 
* 4840
+1 88
-1 88
+1 264
+2 88
+4 88
-4 88
+1 88
-1 88
+4 195
-30 38
+28 19
-28 57
+1 95
-1 138
+28 69
-28 207
+1 345
+28 195

fn=(4294)
1250 904
+2 678
-1 1356
+6 226
cfi=(470) /usr/src/debug/glibc/glibc/io/../sysdeps/unix/sysv/linux/write.c
cfn=(4296) write
calls=226 25 
* 4068
+1 452
+6 226
-1 226
+2 226
-13 452
+4 678
+1 452
+10 1130
+1 678
+3 678

fn=(2126) _IO_file_underflow@@GLIBC_2.2.5
512 4
+4 12
+3 8
+6 12
-13 32
+16 8
+12 2
+9 4
+7 8
cfi=(346)
cfn=(2138) _IO_switch_to_get_mode
calls=4 190 
* 80
+6 4
+5 4
-3 4
fi=(357)
1045 4
fe=(347)
564 4
fi=(357)
1045 4
fe=(347)
564 4
-2 8
fi=(357)
1046 12
fe=(347)
567 16
cfn=(2142) _IO_file_read
calls=4 1207 
* 92
+2 8
+16 4
-9 4
+9 8
+2 8
+1 24
-57 9
+5 6
cfi=(346)
cfn=(2128) _IO_doallocbuf
calls=3 369 
* 757
+4 12

fn=(2196) _IO_file_close_maybe_unlink
131 30
+2 30
+3 36
+1 12
+2 12
+14 12
+1 18
+5 1
fi=(357)
1045 3
+1 2
fe=(347)
159 5
cfn=(2198)
calls=1 970 
* 68
* 1
+1 2
+7 2
+2 1
fi=(357)
1045 2
+1 2
fe=(347)
169 3
cfn=(2200)
calls=1 1216 
* 9
+2 2
-39 6
+43 6
+2 6
-2 6
cfi=(346)
cfn=(2204) _IO_unsave_markers
calls=6 983 
* 36
+3 18
fi=(357)
1045 18
+1 12
fe=(347)
178 12
cfn=(2206)
calls=6 1241 
* 54
* 6
+3 18
+8 30
cfi=(346)
cfn=(2136) _IO_setb
calls=6 355 
* 294
+1 12
+1 12
+2 18
+4 6
+4 6
-3 6
+1 6
-2 12
+4 6
-4 6
+4 18
+1 24
-48 23

fn=(2216) _IO_file_finish@@GLIBC_2.2.5
213 6
+1 12
+6 12
cfi=(346)
cfn=(2218) _IO_default_finish
calls=6 628 
* 96

fn=(2100)
227 12
+3 6
-3 42
+2 12
+4 6
cfi=(350)
cfn=(2102)
calls=6 30 
* 200
* 6
+1 12
+3 12
+3 6
-4 6
+1 18
+3 6
-3 6
+3 6
+13 12
+4 6
-1 6
+1 18
-3 12
cfi=(346)
cfn=(2090)
calls=6 109 
* 72
* 6

fn=(2142)
1207 4
+3 4
-1 4
+1 8
cfi=(358)
cfn=(2144)
calls=4 25 
* 72

fn=(2200)
1216 2
+1 4
cfi=(365) /usr/src/debug/glibc/glibc/io/../sysdeps/unix/sysv/linux/lseek64.c
cfn=(2202) lseek
calls=2 28 
* 12

fn=(4276) _IO_file_sync@@GLIBC_2.2.5
843 2596
+5 2596
+1 54
+1 1298
+1 1298
+5 1298
+11 649
+3 649
+1 1947
-22 36
cfn=(4292)
calls=18 474 
* 2016
* 36

fn=(2132) _IO_file_stat
1223 4
+1 8
cfi=(356)
cfn=(2134)
calls=4 30 
* 24

fn=(4286) _IO_file_xsputn@@GLIBC_2.2.5
1275 13968
+6 6208
+9 1552
-2 6208
+17 4656
+1 2826
+5 2826
+2 1413
-2 1413
+2 2826
cfi=(158)
cfn=(2864) __mempcpy_avx_unaligned_erms
calls=1413 0 
* 23280
+1 1413
+1 2826
-2 1413
+1 1413
+1 1413
+2 2826
+28 9898
-68 139
+44 139
fi=(357)
1045 417
+1 278
fe=(347)
1321 1
fi=(357)
1045 3
+1 142
fe=(347)
1321 420
cfn=(4290) _IO_file_overflow@@GLIBC_2.2.5
calls=140 782 
* 4098
* 420
+6 280
+1 280
+2 276
+15 138
-63 138
+63 828
-17 4
+2 2
-2 2
+2 4
+11 280
+1 10
cfi=(346)
cfn=(4404) _IO_default_xsputn
calls=2 397 
* 112
+2 6
-16 138
484 276
+7 552
+8 138
fi=(357)
1045 414
+1 414
fe=(347)
499 690
cfn=(4294)
calls=138 1250 
* 7590
+1 276
-1 138
+1 414
+2 138
+4 138
-4 138
+1 138
-1 138
+4 276
-2 138
1334 276
-1 414
505 276

fn=(4290)
782 209
+1 627
-1 627
+8 1041
+37 207
-2 414
+3 138
+3 207
+1 207
+5 69
+1 207
-45 4
+12 4
+9 6
+5 6
+2 4
-5 2
+5 2
+1 2
-5 2
+1 2
+4 4
-7 2
+10 4
+13 140
-11 140
+11 140
-12 140
cfn=(4292)
calls=140 474 
* 807
+9 207
-1 69
cfn=(4292)
calls=69 474 
* 7590
* 138
-12 4
+1 2
-28 4
cfi=(346)
cfn=(2128)
calls=2 369 
* 571
+1 4
+9 2
-9 10

fn=(5248) _IO_file_setbuf@@GLIBC_2.2.5
432 6
+1 1
cfi=(346)
cfn=(5250) _IO_default_setbuf
calls=1 +45 
* 67
* 2
+3 1
+4 1
-4 1
+2 1
+2 1
+1 3

fl=(111) /usr/src/debug/glibc/glibc/string/../sysdeps/x86_64/multiarch/strpbrk.c
fn=(388) strpbrk
29 3

fl=(340) /usr/src/debug/glibc/glibc/posix/../sysdeps/unix/sysv/linux/x86/sysconf.c
fn=(2034) sysconf
32 12
+1 15
fi=(341) /usr/src/debug/glibc/glibc/posix/../sysdeps/unix/sysv/linux/x86/../sysconf.c
+16 30
fe=(340)
-12 18
fi=(342) /usr/src/debug/glibc/glibc/posix/../sysdeps/posix/sysconf.c
+23 35
633 1
cfi=(395)
cfn=(3034)
calls=1 215 
* 429
* 2
60 4
221 2
cfi=(343) /usr/src/debug/glibc/glibc/misc/../sysdeps/unix/sysv/linux/getpagesize.c
cfn=(2040) getpagesize
calls=2 27 
* 12
* 4
fe=(340)

fl=(221) /usr/src/debug/glibc/glibc/malloc/morecore.c
fn=(818) __glibc_morecore
25 79669
+1 159338
-1 79669
+4 79669
cfi=(222) /usr/src/debug/glibc/glibc/misc/sbrk.c
cfn=(820) sbrk
calls=79669 +8 
* 2009856
-2 239007
+7 159338

fl=(322)
fn=(1782)
24 3
+11 3
+3 6

fl=(324)
fn=(1790)
53 24
+12 6
+3 15
fi=(325) /usr/src/debug/glibc/glibc/nptl/../string/bits/string_fortified.h
-9 6
fe=(324)
+33 9
+2 6
+11 18
+4 3
+25 6
+6 3
+9 3
+2 3
+1 15

fl=(112) /usr/src/debug/glibc/glibc/string/../sysdeps/x86_64/multiarch/strcmp.c
fn=(390) strcmp
79 6
-27 12
+1 24
+3 30

fl=(172)
fn=(618)
136 43029
+3 43029
+1 86058
+4 86052
-8 3
+7 3
cfn=(620) __pthread_once_slow.isra.0
calls=3 -76 
* 80609
+1 9

fn=(619)
136 1
+3 1
+1 2
-4 1
+7 1
cfn=(621) __pthread_once_slow.isra.0'2
calls=1 -76 
* 5473
+1 3

fn=(620)
67 24
+9 3
+4 6
+52 18
-44 6
+4 6
+4 6
+18 42
cfi=(173) /usr/src/debug/glibc/glibc/nptl/cleanup_compat.c
cfn=(622) _pthread_cleanup_push@@GLIBC_2.34
calls=3 -89 
* 21
+2 6
cob=(5)
cfi=(445)
cfn=(4146) init_dwarf_reg_size_table
calls=1 1324 
* 19
cob=(7)
cfi=(334) /usr/src/debug/gcc/gcc-build/x86_64-pc-linux-gnu/libstdc++-v3/src/c++11/../../../../../gcc/libstdc++-v3/src/c++11/mutex.cc
cfn=(1866) __once_proxy
calls=1 -64 
* 80311
cob=(7)
cfi=(170) /usr/src/debug/gcc/gcc-build/x86_64-pc-linux-gnu/libstdc++-v3/src/c++98/../../../../../gcc/libstdc++-v3/src/c++98/locale.cc
cfn=(624) std::locale::facet::_S_initialize_once()
calls=1 +92 
* 84
+2 9
cfi=(173)
cfn=(634) _pthread_cleanup_pop@@GLIBC_2.34
calls=3 -78 
* 18
fi=(176) /usr/src/debug/glibc/glibc/nptl/../sysdeps/nptl/futex-internal.h
+71 12
fe=(172)
-65 6
fi=(176)
+65 12
fe=(172)

fn=(621)
67 8
+9 1
+4 2
+52 6
-44 2
+4 2
+4 2
+18 14
cfi=(173)
cfn=(622)
calls=1 -89 
* 7
+2 2
cob=(7)
cfi=(334)
cfn=(1867) __once_proxy'2
calls=1 -64 
* 5408
+2 3
cfi=(173)
cfn=(634)
calls=1 -78 
* 6
fi=(176)
+71 4
fe=(172)
-65 2
fi=(176)
+65 4
fe=(172)

fl=(104) /usr/src/debug/glibc/glibc/debug/../sysdeps/x86_64/multiarch/memcpy_chk.c
fn=(368) __memcpy_chk
29 2
fi=(93) /usr/src/debug/glibc/glibc/debug/../sysdeps/x86_64/multiarch/ifunc-memmove.h
+27 2
+1 2
-1 2
+1 4
+3 6
+17 4
+8 4
+11 8
fe=(104)
-67 2

fl=(301)
fn=(1654) dlopen@@GLIBC_2.34
77 2
+1 6
-9 1
-2 1
+4 1
-3 1
+3 2
-2 1
+2 1
cfi=(302)
cfn=(1656)
calls=1 +42 
* 1100333
* 3
+11 6

fn=(1655)
77 20
+1 60
-9 10
-2 10
+4 10
-3 10
+3 20
-2 10
+2 10
cfi=(302)
cfn=(1657)
calls=10 +42 
* 83625
* 30
+11 60

fn=(1658) dlopen_doit
48 2
+3 3
+5 4
+2 1
-2 12
cob=(1)
cfi=(303) /usr/src/debug/glibc/glibc/elf/dl-open.c
cfn=(1660) _dl_open
calls=1 813 
* 1100181
* 1
+4 4

fn=(1659) dlopen_doit'2
48 20
+3 30
+5 40
+2 10
-2 120
cob=(1)
cfi=(303)
cfn=(1661) _dl_open'2
calls=10 813 
* 81777
* 7
+4 28
-4 9

fl=(422) /usr/src/debug/glibc/glibc/string/strdup.c
fn=(3554) strdup
40 380
+1 76
cob=(3)
cfi=(154)
cfn=(686)
calls=76 -41 
* 7309
* 76
+1 152
cfi=(152)
cfn=(812)
calls=76 3101 
* 4169
+2 152
+4 76
fi=(496) /usr/src/debug/glibc/glibc/string/../string/bits/string_fortified.h
-19 228
fe=(422)
+19 76
fi=(496)
-19 76
fe=(422)
+19 76
fi=(496)
-19 76
cfi=(158)
cfn=(1360)
calls=76 -29 
* 6017
fe=(422)

fl=(127) /usr/src/debug/glibc/glibc/string/../sysdeps/x86_64/multiarch/strchrnul.c
fn=(436) strchrnul
32 1
fi=(110)
+17 2
+1 4
+8 4
fe=(127)
-26 1

fl=(133) /usr/src/debug/glibc/glibc/string/../sysdeps/x86_64/multiarch/memmove.c
fn=(460) memmove
29 7
fi=(88)
+27 7
+1 7
-1 7
+1 14
+3 21
+17 14
+8 14
+11 28
fe=(133)
-67 7

fl=(359) /usr/src/debug/glibc/glibc/stdio-common/isoc23_sscanf.c
fn=(2158) __isoc23_sscanf
24 1650
fi=(360) /usr/src/debug/glibc/glibc/stdio-common/../libio/strfile.h
+64 550
-1 110
+1 110
cfi=(346)
cfn=(2084)
calls=110 589 
* 5170
+1 110
+1 220
-1 110
+1 330
cfi=(361) /usr/src/debug/glibc/glibc/libio/strops.c
cfn=(2162) _IO_str_init_static_internal
calls=110 -54 
* 7700
fe=(359)
-60 110
+1 220
-1 110
+1 110
-1 110
+1 110
-1 330
+1 110
cfi=(362)
cfn=(2164)
calls=110 293 
* 22000
+5 770

fl=(99) /usr/src/debug/glibc/glibc/string/../sysdeps/x86_64/multiarch/strcat.c
fn=(354) strcat
29 2
fi=(91) /usr/src/debug/glibc/glibc/string/../sysdeps/x86_64/multiarch/ifunc-strcpy.h
+13 4
+1 8
+3 10
fe=(99)

fl=(188) /usr/src/debug/glibc/glibc/locale/uselocale.c
fn=(670) uselocale
30 83334
+1 250002
+2 166668
+3 83334
-1 83334
+2 83334
+28 250002
+1 250002
+1 250002
+3 250002
+1 83334

fl=(348)
fn=(2092)
24 124
+1 124
+2 248
+2 248
+3 248
+14 372
+2 124
+1 124

fn=(2094)
54 124
+1 124
+2 248
+2 248
+1 372
+11 124

fl=(355) /usr/src/debug/glibc/glibc/libio/filedoalloc.c
fn=(2130) _IO_file_doallocate
68 16
+6 4
-6 12
+6 12
fi=(357)
1045 12
+1 8
fe=(355)
74 12
cfi=(347)
cfn=(2132)
calls=4 1223 
* 36
* 8
+2 16
+11 8
-14 12
+18 8
cfi=(152)
cfn=(812)
calls=4 3101 
* 935
+1 8
+2 20
cfi=(346)
cfn=(2136)
calls=4 355 
* 68
+1 4
+1 28

fl=(364) /usr/src/debug/glibc/glibc/libio/iofclose.c
fn=(2194) fclose@@GLIBC_2.2.5
34 24
+13 6
-13 6
+13 12
+18 12
cfi=(346)
cfn=(2212) _IO_un_link
calls=6 +2 
* 594
+2 6
fi=(357)
1045 18
+1 12
fe=(364)
67 18
cfi=(347)
cfn=(2216)
calls=6 213 
* 126
+1 18
fi=(357)
971 24
+1 24
+6 12
cfi=(152)
cfn=(632)
calls=6 3137 
* 198
fe=(364)
88 30
-41 30
+8 24
-7 12
fi=(357)
999 12
+1 60
fe=(364)
47 18
+1 6
-1 12
+3 18
cfi=(347)
cfn=(2196)
calls=6 +81 
* 930
* 6
+2 42
fi=(357)
999 12
fe=(364)
83 12

fl=(158)
fn=(562)
0 95

fn=(806) __strncmp_avx2
0 23650

fn=(1408) __mpn_sub_n
0 72

fn=(3046) getpid
0 4

fn=(1752)
0 97

fn=(1934)
0 35

fn=(936)
0 4632770

fn=(952) _setjmp
0 3
cfn=(954) __sigsetjmp
calls=1 0 
0 31

fn=(1412) __mpn_submul_1
0 786

fn=(3020) __strcat_avx2
0 42

fn=(3508) munmap
0 84

fn=(1304) __strchrnul_avx2
0 1583498

fn=(1360)
0 24337

fn=(1320) __mpn_rshift
0 524358

fn=(1402) __mpn_addmul_1
0 1136

fn=(2864)
0 23348

fn=(1318) __mpn_mul_1
0 12190416

fn=(1434) __mpn_add_n
0 344

fn=(3306) __stpncpy_avx2
0 99

fn=(690) __memcmp_avx2_movbe
0 4236384

fn=(1002) __memchr_avx2
0 802403

fn=(4180) __strcmp_avx2
0 39951

fn=(688)
0 1026924

fn=(908) __memcpy_avx_unaligned_erms
0 1027952122

fn=(1316)
0 690916

fn=(954)
0 25
cfi=(239) /usr/src/debug/glibc/glibc/setjmp/sigjmp.c
cfn=(956) __sigjmp_save
calls=1 28 
0 6

fn=(2110) __strchr_avx2
0 126

fn=(2862) __stpcpy_avx2
0 92

fn=(3016) __strcpy_avx2
0 32

fl=(314)
fn=(1742)
25 3
+2 12
+3 9
cfi=(315) /usr/src/debug/glibc/glibc/elf/dl-addr.c
cfn=(1744) _dl_addr
calls=3 +90 
* 18554

fl=(379)
fn=(2866)
26 22
+4 2
+1 4
-1 10
+1 2
cfi=(380) /usr/src/debug/glibc/glibc/libio/vasprintf.c
cfn=(2868) __vasprintf_internal
calls=2 +66 
* 3177
+4 10

fl=(315)
fn=(1744)
120 6
+5 3
-5 6
+5 3
-5 24
+5 3
cfi=(304)
cfn=(1662)
calls=3 -54 
* 69
+2 6
cob=(1)
cfi=(303)
cfn=(1746) _dl_find_dso_for_object
calls=3 +86 
* 291
+2 9
-99 12
+4 6
+5 15
+3 3
+3 3
-7 3
+4 3
+3 6
+4 12
+11 6
-16 3
+16 15
-11 672
+2 519
+1 1038
+2 295
+6 2655
+4 1736
+1 2415
+5 1736
-10 868
+1 2604
+2 868
+7 1180
-21 1189
-9 6
+54 6
+2 6
+3 6
-59 1
+65 3
+1 5
+26 1
+3 3
cfi=(306)
cfn=(1680)
calls=1 357 
* 15
-3 2
+3 6
cfi=(306)
cfn=(1680)
calls=2 357 
* 30
+3 24
-73 149
+3 3
+43 6

fl=(483)
fn=(5068)
45 18
+3 18
-3 63
+3 45
+3 36
+4 150
+1 80
+2 4
+35 4
-2 4
+2 4
-35 4
+2 4
+33 4
+3 16
+1 12
cob=(7)
cfi=(167) /usr/src/debug/gcc/gcc-build/x86_64-pc-linux-gnu/libstdc++-v3/src/c++98/../../../../../gcc/libstdc++-v3/src/c++98/ios_init.cc
cfn=(5164) std::ios_base::Init::~Init()
calls=1 +26 
* 1366
cob=(7)
cfi=(486) /usr/src/debug/gcc/gcc-build/x86_64-pc-linux-gnu/libstdc++-v3/include/bits/shared_ptr_atomic.h
cfn=(5162) std::atomic<std::shared_ptr<std::chrono::tzdb_list::_Node> >::~atomic()
calls=1 660 
* 7
cob=(7)
cfi=(212) /usr/src/debug/gcc/gcc-build/x86_64-pc-linux-gnu/libstdc++-v3/src/../../../../gcc/libstdc++-v3/src/c++11/compatibility-c++0x.cc
cfn=(5160) std::(anonymous namespace)::generic_error_category::~generic_error_category()
calls=1 +91 
* 6
cob=(7)
cfi=(212)
cfn=(5156) std::(anonymous namespace)::system_error_category::~system_error_category()
calls=1 203 
* 6
+1 16
+4 12
-47 12
-4 27
+57 36
+4 54
-4 27
+12 18
cfi=(484)
cfn=(5070)
calls=9 -38 
* 162
+1 36
+1 72

fl=(123) /usr/src/debug/glibc/glibc/wcsmbs/../sysdeps/x86_64/multiarch/wmemchr.c
fn=(420) wmemchr
31 3
fi=(124) /usr/src/debug/glibc/glibc/wcsmbs/../sysdeps/x86_64/multiarch/ifunc-evex.h
+15 6
+1 12
+13 12
fe=(123)
-29 3

fl=(281)
fn=(1400)
48 95720
+6 9572
+12 9572
+76 62218
-71 4786
+1 9572
+2 5
+3 30
cfi=(158)
cfn=(936)
calls=5 -77 
* 95
* 10
+1 10
+63 4781
-60 9562
cfi=(158)
cfn=(1318)
calls=4781 -81 
* 153994
* 9562
+2 4781
+5 9562
-5 5
+5 10
-4 40
+9 4
+1 4
+6 12
+1 12
-13 36
+2 12
+1 24
+7 32
cfi=(158)
cfn=(1402)
calls=8 -98 
* 1136
* 8
-3 20
cfi=(158)
cfn=(1434)
calls=4 -95 
* 344
* 4

fl=(400) /usr/src/debug/glibc/glibc/posix/../sysdeps/unix/sysv/linux/sched_getaffinity.c
fn=(3056) sched_getaffinity@@GLIBC_2.3.4
34 2
+1 8
+2 2
+3 1
-6 1
fi=(497) /usr/src/debug/glibc/glibc/posix/../string/bits/string_fortified.h
+25 1
fe=(400)
-19 3
fi=(497)
+19 1
cfi=(158)
cfn=(936)
calls=1 -59 
* 19
fe=(400)
-14 3

fl=(116) /usr/src/debug/glibc/glibc/wcsmbs/../sysdeps/x86_64/multiarch/wcschr.c
fn=(402) wcschr
31 2
fi=(117) /usr/src/debug/glibc/glibc/wcsmbs/../sysdeps/x86_64/multiarch/ifunc-avx2.h
+18 4
+1 8
+8 10
fe=(116)

fl=(126) /usr/src/debug/glibc/glibc/string/../sysdeps/x86_64/multiarch/strcpy.c
fn=(430) strcspn
29 6

fn=(444) strcpy
29 2
fi=(91)
+13 4
+1 8
+3 10
fe=(126)

fl=(136) /usr/src/debug/glibc/glibc/string/../sysdeps/x86_64/multiarch/strspn.c
fn=(468) strspn
29 15

fl=(361)
fn=(2162)
36 990
+4 220
+1 220
cob=(3)
cfi=(154)
cfn=(686)
calls=110 -41 
* 1760
* 110
+5 550
cfi=(346)
cfn=(2136)
calls=110 355 
* 1870
+2 110
+1 110
+1 110
+1 220
+2 330
+11 110
+1 660
-4 110
-1 220

fn=(2248) _IO_str_underflow
145 1
+1 4
+2 5
+6 3
+3 1
+1 1

fl=(476) /usr/src/debug/glibc/glibc/stdlib/exit.c
fn=(4570) exit
147 3
+1 3
-1 1
+1 1
cfn=(4572) __run_exit_handlers
calls=1 45 
* 35195

fn=(4572)
45 11
+2 9
+3 2
+3 7
+11 1
+2 2
+8 18
+2 86
+1 86
-1 43
+3 223
+44 117
-49 117
+55 4
+1 4
+3 2
cfi=(152)
cfn=(632)
calls=1 3137 
* 123
-69 1
+2 2
+70 1
-66 1
+66 3
+2 2
+3 2
cfi=(488) /usr/src/debug/glibc/glibc/posix/../sysdeps/unix/sysv/linux/_exit.c
cfn=(5252) _Exit
calls=1 27 
* 3
-27 39
-1 39
-2 39
+3 78
+3 156
+1 117
cob=(1)
cfi=(481) /usr/src/debug/glibc/glibc/elf/dl-fini.c
cfn=(5058) _dl_fini
calls=1 -92 
* 4305
cob=(8) /home/m0hawk/Documents/apin/stan/external/walnutpie/build_e27/examples/stan_cli
cfi=(229) ???
cfn=(5056) CLI::detail::ExistingFileValidator::~ExistingFileValidator()
calls=1 0 
* 194
cob=(8)
cfi=(229)
cfn=(5052) CLI::detail::ExistingDirectoryValidator::~ExistingDirectoryValidator()
calls=1 0 
* 194
cob=(8)
cfi=(229)
cfn=(5048) CLI::detail::ExistingPathValidator::~ExistingPathValidator()
calls=1 0 
* 194
cob=(8)
cfi=(229)
cfn=(5046) CLI::detail::NonexistentPathValidator::~NonexistentPathValidator()
calls=1 0 
* 342
cob=(8)
cfi=(229)
cfn=(5042) CLI::detail::IPV4Validator::~IPV4Validator()
calls=1 0 
* 194
cob=(8)
cfi=(229)
cfn=(5036) CLI::detail::EscapedStringTransformer::~EscapedStringTransformer()
calls=1 0 
* 34
cob=(8)
cfi=(229)
cfn=(5030) CLI::TypeValidator<double>::~TypeValidator()
calls=1 0 
* 194
cob=(8)
cfi=(229)
cfn=(5028) CLI::Range::~Range()
calls=2 0 
* 371
cob=(9) /home/m0hawk/.bridgestan/bridgestan-w47shadow/stan/lib/stan_math/lib/tbb/libtbb.so.2
cfi=(317) /home/m0hawk/.bridgestan/bridgestan-2.9.0/stan/lib/stan_math/lib/tbb/../tbb_2020.3/src/tbb/task_group_context.cpp
cfn=(5026) tbb::task_group_context::~task_group_context()
calls=1 +18 
* 14
cob=(9)
cfi=(480) /home/m0hawk/.bridgestan/bridgestan-2.9.0/stan/lib/stan_math/lib/tbb/../tbb_2020.3/src/tbb/tbb_main.h
cfn=(4998) tbb::internal::__TBB_InitOnce::~__TBB_InitOnce()
calls=1 -45 
* 1642
cob=(11)
cfi=(336)
cfn=(4776) 0x0000000000012bd0
calls=1 0 
* 3429
cob=(10)
cfi=(332)
cfn=(4638)
calls=1 0 
* 17308
cob=(12) /home/m0hawk/Documents/apin/stan/scratch/w47/model_build/hier_2pl_model.so
cfi=(384) ???
cfn=(4606) tbb::interface5::concurrent_unordered_map<std::pair<std::__cxx11::basic_string<char, std::char_traits<char>, std::allocator<char> >, std::thread::id>, stan::math::profile_info, stan::math::internal::hash_profile_key, stan::math::internal::equal_profile_key, tbb::tbb_allocator<std::pair<std::pair<std::__cxx11::basic_string<char, std::char_traits<char>, std::allocator<char> >, std::thread::id> const, stan::math::profile_info> > >::~concurrent_unordered_map()
calls=1 0 
* 615
cob=(12)
cfi=(384)
cfn=(4598) stan::math::ad_tape_observer::~ad_tape_observer()
calls=2 0 
* 2809
cob=(12)
cfi=(384)
cfn=(4590) boost::object_cache<boost::re_detail_500::cpp_regex_traits_base<char>, boost::re_detail_500::cpp_regex_traits_implementation<char> >::data::~data()
calls=1 0 
* 460
cob=(7)
cfi=(233) /usr/src/debug/gcc/gcc-build/x86_64-pc-linux-gnu/libstdc++-v3/include/bits/basic_string.h
cfn=(4588) std::__cxx11::basic_string<char, std::char_traits<char>, std::allocator<char> >::~basic_string()
calls=19 919 
* 114
cob=(12)
cfi=(384)
cfn=(4578) boost::basic_regex<char, boost::regex_traits<char, boost::cpp_regex_traits<char> > >::~basic_regex()
calls=1 0 
* 532
cob=(12)
cfi=(384)
cfn=(4576) boost::re_detail_500::mem_block_cache::~mem_block_cache()
calls=1 0 
* 240
+1 156
-68 1
cfi=(477)
cfn=(4574)
calls=1 +97 
* 12
* 1
+88 1
cfi=(346)
cfn=(5244) _IO_cleanup
calls=1 888 
* 500
* 1

fl=(105) /usr/src/debug/glibc/glibc/debug/../sysdeps/x86_64/multiarch/mempcpy_chk.c
fn=(372) __mempcpy_chk
29 1
fi=(93)
+27 1
+1 1
-1 1
+1 2
+3 3
+17 2
+8 2
+11 4
fe=(105)
-67 1

fl=(262)
fn=(1306)
27 125016
+1 375048
-1 375048
+4 333384
+2 208380
+3 41676
fi=(280)
-7 41676
fe=(262)
+8 83352
fi=(280)
-8 41676
fe=(262)
+12 41676
fi=(280)
-12 41676
cfi=(158)
cfn=(908)
calls=41676 -29 
* 542427
fe=(262)
+11 125028
-9 83352
+2 125028
+2 125028
+9 375048

fl=(83) /usr/src/debug/glibc/glibc/string/../sysdeps/x86/cacheinfo.c
fn=(322) __x86_cacheinfo
86 1
fi=(84) /usr/src/debug/glibc/glibc/string/../sysdeps/x86/cacheinfo.h
-24 1
+3 3
+2 1
+1 1
-1 2
+7 3
+2 1
+1 1
-1 2
+5 2
+3 2
+2 2
+1 2
+1 2
+2 2
fe=(83)
-4 2

fl=(92) /usr/src/debug/glibc/glibc/debug/../sysdeps/x86_64/multiarch/memmove_chk.c
fn=(340) __memmove_chk
29 2
fi=(93)
+27 2
+1 2
-1 2
+1 4
+3 6
+17 4
+8 4
+11 8
fe=(92)
-67 2

fl=(343)
fn=(2040)
27 2
+1 8
+2 2

fl=(375) /usr/src/debug/glibc/glibc/locale/localename.c
fn=(2852) __current_locale_name
24 8
+1 32
+1 8

fl=(113) /usr/src/debug/glibc/glibc/string/../sysdeps/x86_64/multiarch/memrchr.c
fn=(398) memrchr
29 1
fi=(110)
+20 2
+1 4
+8 5
fe=(113)

fn=(392) memset
29 9
fi=(114) /usr/src/debug/glibc/glibc/string/../sysdeps/x86_64/multiarch/ifunc-memset.h
+32 45
+3 9
+3 18
-3 18
+20 18
+8 18
-40 9
+1 18
fi=(115) /usr/src/debug/glibc/glibc/string/../sysdeps/x86_64/multiarch/memset.c
-24 9
fe=(113)

fl=(147) /usr/src/debug/glibc/glibc/resource/../sysdeps/unix/sysv/linux/getrlimit64.c
fn=(518) getrlimit
38 2
+1 7
+1 1

fl=(243) /usr/src/debug/glibc/glibc/stdlib/random.c
fn=(974) srand
210 3
+1 4
+1 3
cfi=(244) /usr/src/debug/glibc/glibc/stdlib/random_r.c
cfn=(976) srandom_r
calls=1 -35 
* 6750
+1 4
+1 2

fn=(984) random
289 5
+3 2
+13 5
-11 3
cfi=(244)
cfn=(986) random_r
calls=1 +77 
* 28
+1 2

fl=(131) /usr/src/debug/glibc/glibc/string/../sysdeps/x86_64/multiarch/strlen.c
fn=(452) strlen
30 9
fi=(110)
+19 18
+1 36
+8 36
fe=(131)
-28 9

fl=(346)
fn=(2168)
659 448
+3 672
+10 224
+3 336
-12 224
+2 224
+1 112
+5 112

fn=(2084)
589 1276
+1 116
cfn=(2086) _IO_old_init
calls=116 -33 
* 2564
+1 116
+1 232
+2 6
+8 6
+3 6
+2 6
-9 12
+5 6
+4 6
+6 6
+1 6
+1 36
-2 110
+1 110
+1 660
-3 220

fn=(2086)
557 116
+3 232
+5 232
-7 116
+12 116
-10 116
-2 116
+2 116
+16 116
-11 116
-5 116
+16 232
+5 116
-16 232
+16 232
+1 18
+2 6
-2 110
+2 110

fn=(2128)
369 5
+1 10
+2 23
-3 4
+4 4
fi=(357)
1045 12
+1 8
fe=(346)
373 12
cfi=(355)
cfn=(2130)
calls=4 68 
* 1227
* 8
+3 8
-1 2
-12 1
-5 1
+1 1
+4 2

fn=(2136)
355 360
+1 486
+3 120
+2 480
-3 120
+3 240
+3 252
-7 3
cfi=(152)
cfn=(632)
calls=3 3137 
* 153
+4 18

fn=(4316)
225 69
+2 207
+2 69
fi=(357)
1045 207
+1 138
fe=(346)
229 69
cfi=(347)
cfn=(4290)
calls=69 782 
* 9867

fn=(5250)
478 2
fi=(357)
1045 1
fe=(346)
478 8
+1 1
fi=(357)
1045 2
+1 2
fe=(346)
479 2
cfi=(347)
cfn=(4276)
calls=1 843 
* 19
* 2
+4 1
356 1
488 1
-7 2
363 1
-5 3
493 1
359 1
491 1
+1 1
+1 1
+1 6
-11 1
+1 2
-1 1
356 4

fn=(2122)
325 5
+1 15
-1 15
+6 15
+3 5
199 5
334 10
+2 10
+6 10
+7 5
fi=(357)
1045 15
+1 10
fe=(346)
349 5
+1 5
-1 5
+1 5
-1 5
cfn=(2124) _IO_default_uflow
calls=5 +38 
* 1282
-23 10
+21 10

fn=(2212)
67 6
+1 12
+4 6
cfn=(2214) __GI__IO_un_link.part.0
calls=6 -6 
* 570

fn=(2214)
66 6
+6 6
-6 24
+6 24
cfi=(348)
cfn=(2092)
calls=6 -48 
* 78
+1 36
+2 6
-1 6
+1 42
+2 12
+4 6
+1 6
+1 6
+1 12
+1 6
+11 24
+2 66
+1 6
-1 6
+2 18
+1 12
cfi=(348)
cfn=(2094)
calls=6 -47 
* 60
+3 36
-29 30
+25 18
-27 18

fn=(5246) _IO_flush_all
710 3
+5 1
-5 4
+5 4
cfi=(348)
cfn=(2092)
calls=1 24 
* 13
+1 6
+3 1
-8 1
fi=(357)
1045 2
fe=(346)
722 21
+4 6
+2 9
+16 36
+1 3
-26 9
+2 3
+1 6
+6 9
+7 9
+1 12
-14 1
+27 2
+1 2
cfi=(348)
cfn=(2094)
calls=1 54 
* 10
+4 8
-32 9
-6 1
+3 1
-8 1
+5 1
+3 2
+30 6

fn=(2138)
190 8
+1 12
+3 12
+4 8
+1 8
+7 4
-4 4
+4 4
-2 8
+3 4
+1 8

fn=(2218)
628 18
+2 24
+6 18
+3 12
68 12
648 12

fn=(2124)
387 10
fi=(357)
1045 5
fe=(346)
387 10
+1 5
fi=(357)
1045 10
+1 10
fe=(346)
388 10
cfi=(361)
cfn=(2248)
calls=1 145 
* 15
cfi=(347)
cfn=(2126)
calls=4 512 
* 1166
+1 10
+2 16
+1 15

fn=(2090)
109 24
+1 60
+24 60
-22 18
+2 30
cfi=(348)
cfn=(2092)
calls=6 -90 
* 78
+1 48
+4 6
+3 12
-3 6
+4 12
+1 12
+2 6
+2 60
+1 6
+1 6
-2 6
+2 30
+1 12
cfi=(348)
cfn=(2094)
calls=6 -77 
* 60
+3 6
-19 12
+1 6
+1 54
+11 12
-11 6

fn=(2204)
983 6
+2 12
+5 12
+2 6

fn=(4404)
397 8
+3 6
-1 4
fi=(357)
1045 14
fe=(346)
415 4
+8 2
+2 4
-20 8
+2 2
+1 4
+2 4
+3 10
-12 2
+29 6
-11 18
+1 2
-1 2
+2 8
-1 2
-1 2

fn=(5244)
888 7
+1 1
cfn=(5246)
calls=1 710 
* 202
-73 2
+73 1
-73 3
cfi=(348)
cfn=(2092)
calls=1 24 
* 13
+1 6
+3 1
fi=(357)
1045 2
fe=(346)
838 9
+2 6
+20 3
+2 36
+1 3
-43 9
+4 3
+1 27
+8 6
+2 9
+7 4
+2 1
+2 1
+1 1
-1 1
-2 1
+2 1
+5 1
fi=(357)
1045 2
+1 2
fe=(346)
851 4
cfi=(347)
cfn=(5248)
calls=1 432 
* 84
+2 3
+9 2
-37 1
+42 2
+1 2
cfi=(348)
cfn=(2094)
calls=1 54 
* 10
+33 8
-76 9
-8 1
+3 1
-3 1
+3 2
+47 6

fl=(89) /usr/src/debug/glibc/glibc/wcsmbs/../sysdeps/x86_64/multiarch/wcpncpy.c
fn=(334) wcpncpy
31 1
fi=(490)
+13 1
+1 1
-1 1
+1 4
fe=(89)
-14 1

fl=(383) /usr/src/debug/glibc/glibc/stdio-common/errlist.c
fn=(2876) __get_errlist
27 2
+2 10
+1 4
+2 2

fl=(94) /usr/src/debug/glibc/glibc/wcsmbs/../sysdeps/x86_64/multiarch/wmemcmp.c
fn=(344) wmemcmp
29 2
fi=(95) /usr/src/debug/glibc/glibc/wcsmbs/../sysdeps/x86_64/multiarch/ifunc-memcmp.h
+11 4
+1 8
+3 10
fe=(94)

fl=(256)
fn=(1226)
125 22
+1 110
cfi=(257)
cfn=(1228)
calls=22 238 
* 3008

fn=(2182)
107 3
+1 12
cfi=(257)
cfn=(2184)
calls=3 238 
* 394

fl=(354) /usr/src/debug/glibc/glibc/libio/iogetline.c
fn=(2118) _IO_getline
33 58
+1 116
cfn=(2120) _IO_getline_info
calls=58 +15 
* 7142

fn=(2120)
49 696
+2 116
+2 174
+2 58
+51 58
-51 290
+28 59
+2 118
-2 59
+2 118
cob=(3)
cfi=(154)
cfn=(2148)
calls=59 -85 
* 1239
* 59
+1 118
+17 1
fi=(498) /usr/src/debug/glibc/glibc/libio/../string/bits/string_fortified.h
-74 4
cfi=(158)
cfn=(908)
calls=1 -29 
* 13
fe=(354)
+73 1
-1 1
-46 2
+2 189
+1 126
+2 8
cfi=(346)
cfn=(2122)
calls=4 325 
* 1382
+1 8
+6 8
+11 4
-1 8
-22 8
+52 348
-18 58
+1 58
-2 116
+1 58
+1 116
+2 58
+2 174
fi=(498)
-65 232
cfi=(158)
cfn=(908)
calls=58 -29 
* 645
fe=(354)
+68 58
+1 174
-1 58
+1 58
-44 6

fl=(90) /usr/src/debug/glibc/glibc/string/../sysdeps/x86_64/multiarch/stpcpy.c
fn=(336) stpcpy
33 1
fi=(91)
+9 2
+1 4
+3 5
fe=(90)

fl=(102) /usr/src/debug/glibc/glibc/string/../sysdeps/x86_64/multiarch/memcmpeq.c
fn=(362) memcpy@@GLIBC_2.14
29 9
fi=(88)
+27 9
+1 9
-1 9
+1 18
+3 27
+17 18
+8 18
+11 36
fi=(499) /usr/src/debug/glibc/glibc/string/../sysdeps/x86_64/multiarch/memcpy.c
-67 9
fe=(102)

fl=(145) /usr/src/debug/glibc/glibc/elf/libc_early_init.c
fn=(514) __libc_early_init
34 7
+2 1
cfi=(146) /usr/src/debug/glibc/glibc/ctype/ctype-info.c
cfn=(516) __ctype_init
calls=1 +1 
* 17
+3 1
fi=(148) /usr/src/debug/glibc/glibc/elf/../sysdeps/nptl/pthread_early_init.h
-6 2
fe=(145)
+9 1
-3 1
+3 1
fi=(148)
-9 1
cfi=(147)
cfn=(518)
calls=1 +5 
* 10
* 2
+1 1
+4 3
-4 2
+11 1
fi=(500) /usr/src/debug/glibc/glibc/elf/../nptl/nptl-stack.h
+16 2
fi=(148)
-16 1
fi=(500)
+16 2
fi=(148)
-7 1
fi=(500)
+7 6
fi=(148)
-9 1
-6 1
+2 2
+4 4
+1 1
+3 1
cfi=(149)
cfn=(522)
calls=1 -1 
* 74
fe=(145)
-9 2
cfi=(150) /usr/src/debug/glibc/glibc/stdlib/../sysdeps/unix/sysv/linux/getrandom.c
cfn=(524) __getrandom_early_init
calls=1 238 
* 16
+3 3
+1 2
-1 1
cfi=(151)
cfn=(526)
calls=1 250 
* 755

fl=(222)
fn=(820)
37 159338
+6 79669
-6 79669
+6 79669
-3 159338
+18 159338
+4 159338
+4 44284
+1 26592
-1 97468
+8 44284
cfi=(223)
cfn=(822)
calls=44284 -38 
* 398556
-24 177136
+28 239007
-10 35384
-2 35384
+12 1
-19 2
cfi=(223)
cfn=(822)
calls=1 -23 
* 9
* 2
+6 35388

fl=(469) /usr/src/debug/glibc/glibc/libio/iofwrite.c
fn=(4282) fwrite
31 21360
+1 7120
-1 3560
+4 11776
+2 13968
+1 4658
fi=(357)
1045 2
fe=(469)
44 2
-1 6
fi=(357)
1045 4
+1 4
-1 1550
fe=(469)
44 1550
-1 4650
fi=(357)
1045 3100
+1 4652
fe=(469)
44 7760
cfi=(347)
cfn=(4286)
calls=1552 1275 
* 109905
fi=(357)
999 1552
fe=(469)
45 4656
fi=(357)
999 1552
fe=(469)
45 3104
fi=(357)
999 4656
fe=(469)
38 3100
+40 14056
fi=(357)
1000 6208
fe=(469)
74 3104
+4 1552
-3 1552
+3 9312
fi=(357)
1000 9312
fe=(469)
37 4656

fl=(100) /usr/src/debug/glibc/glibc/debug/../sysdeps/x86_64/multiarch/memset_chk.c
fn=(358) __memset_chk
29 4
fi=(101) /usr/src/debug/glibc/glibc/debug/../sysdeps/x86_64/multiarch/ifunc-memset.h
+32 20
+3 4
+3 8
-3 8
+20 8
+8 8
-40 4
+1 8
fe=(100)
-24 4

fl=(103) /usr/src/debug/glibc/glibc/wcsmbs/../sysdeps/x86_64/multiarch/wcsncpy.c
fn=(366) wcsncpy
31 1
fi=(490)
+13 1
+1 1
-1 1
+1 4
fe=(103)
-14 1

fl=(125) /usr/src/debug/glibc/glibc/string/../sysdeps/x86_64/multiarch/strncmp.c
fn=(424) strncmp
67 3
-19 6
+1 12
+3 15

fl=(218)
fn=(802)
25 9500
+4 950
+13 950
+1 3800
+3 1900
cob=(3)
cfi=(154)
cfn=(686)
calls=950 -46 
* 15208
* 950
+1 81700
+2 80750
+1 161500
-1 950
+1 1900
+5 242250
+1 3784
cob=(3)
cfi=(154)
cfn=(804) 0x0000000004d0e2d0
calls=946 -56 
* 25542
* 1892
+13 2850
+85 950
44 950
154 6650

fl=(271)
fn=(1334)
25 41668
+1 125004
+5 83336
+2 458348
+7 41668

fl=(283) /usr/src/debug/glibc/glibc/stdlib/divrem.c
fn=(1406) __mpn_divrem
45 328
+3 138
159 35
+1 21
-1 7
+1 14
+2 7
-1 7
-1 7
+1 7
+1 7
-1 7
+3 14
46 6
174 42
+9 78
+35 30
cfi=(158)
cfn=(1412)
calls=6 0 
* 786
+2 12
+6 12
-52 6
+53 6
-53 12
+9 6
-1 6
+13 6
-12 6
+9 12
fi=(275)
29 24
fi=(501) /usr/src/debug/glibc/glibc/stdlib/../sysdeps/generic/gmp-arch.h
+22 6
fi=(275)
-22 6
fi=(501)
+24 6
fe=(283)
203 30
62 34
-1 68
+6 34
+4 34
-4 204
+4 137
fi=(275)
-42 23
fe=(283)
+42 46
fi=(275)
-42 46
fe=(283)
+42 46
+4 68
+3 34
+2 34
233 205
-67 2
+2 6
cfi=(158)
cfn=(1408)
calls=1 0 
* 72
+1 1
+1 3
-18 35
-27 84

fl=(85) /usr/src/debug/glibc/glibc/string/../sysdeps/x86_64/multiarch/strncase.c
fn=(432) strncasecmp_l
31 1
fi=(86)
+10 2
+1 4
+3 5
fe=(85)

fn=(326) strncasecmp
31 1
fi=(86)
+10 2
+1 4
+3 5
fe=(85)

fl=(118) /usr/src/debug/glibc/glibc/string/../sysdeps/x86_64/multiarch/strchr.c
fn=(406) index
71 3
-23 6
+1 12
+8 12
+14 3

fl=(272) /usr/src/debug/glibc/glibc/stdlib/strtod.c
fn=(1356) strtold
81 28
+1 112
cfi=(273) /usr/src/debug/glibc/glibc/stdlib/../stdlib/strtod_l.c
cfn=(1358) ____strtold_l_internal
calls=28 510 
* 10829

fl=(470)
fn=(4296)
25 454
+1 227
fi=(351)
+15 454
+1 454
+2 1362
+39 454
fe=(470)
-56 681

fl=(109) /usr/src/debug/glibc/glibc/string/../sysdeps/x86_64/multiarch/strnlen.c
fn=(384) strnlen
32 2
fi=(110)
+17 4
+1 8
+8 8
fe=(109)
-26 2

fl=(327) /usr/src/debug/glibc/glibc/nptl/pthread_self.c
fn=(1802) pthread_self
23 20
+2 40

fl=(120) /usr/src/debug/glibc/glibc/wcsmbs/../sysdeps/x86_64/multiarch/wcscmp.c
fn=(412) wcscmp
30 2
fi=(117)
+19 4
+1 8
+8 10
fe=(120)

fl=(397)
fn=(3040)
25 1
+1 4
+1 1

fl=(398)
fn=(3042)
25 1
+1 2
+1 1

fl=(488)
fn=(5252)
27 3

fl=(427)
fn=(3698)
29 669
+10 669
-6 669
+7 6690
+6 669
+1 1338

fl=(146)
fn=(516)
37 1
+2 7
+2 4
+2 1
-1 1
+1 1
-1 1
+2 1

fl=(194) /usr/src/debug/glibc/glibc/wctype/wctype_l.c
fn=(684) wctype_l
26 60
+7 10
-7 40
+3 10
cob=(3)
cfi=(154)
cfn=(686)
calls=10 -29 
* 160
+3 10
-3 10
+3 10
+1 10
+7 48
+1 96
-8 48
+2 96
cob=(3)
cfi=(154)
cfn=(686)
calls=48 -35 
* 768
* 20
cob=(3)
cfi=(154)
cfn=(686)
calls=10 -35 
* 160
* 58
+2 312
cfi=(158)
cfn=(690)
calls=49 -37 
* 1048
* 98
+8 10
+1 10
+1 80

fl=(380)
fn=(2868)
97 6
fi=(493)
+29 2
fe=(380)
-29 6
fi=(493)
+27 4
fe=(380)
-27 6
fi=(493)
+29 2
fe=(380)
-24 2
fi=(493)
+22 2
+3 2
+1 2
fe=(380)
-26 2
cfi=(261)
cfn=(1300)
calls=2 601 
* 2923
+1 4
cfi=(271)
cfn=(1334)
calls=2 -78 
* 36
+3 2
-3 2
+1 6
+9 4
+3 2
-2 4
+18 2
+2 2
+1 18
-26 2
+7 4
cfi=(152)
cfn=(812)
calls=2 3101 
* 60
* 2
+1 4
+2 8
cfi=(158)
cfn=(908)
calls=2 0 
* 52
* 4

fl=(263)
fn=(1326) hack_digit
91 221193
-3 54541
+5 54541
+2 54541
-7 109082
+7 54541
-2 109082
+8 44
+21 68
cfi=(158)
cfn=(1318)
calls=17 0 
* 505
+1 51
+1 70
+4 68
-23 132
cfi=(283)
cfn=(1406)
calls=22 -60 
* 1130
+2 22
-2 22
+2 66
+3 22
-2 22
+2 22
+1 93
+1 5
-1 49
+11 17
+5 34
-32 109038
+1 109038
-1 109038
+1 54519
cfi=(158)
cfn=(1318)
calls=54519 -96 
* 1145515
+31 54519
-31 109038
+32 218076
-37 28773
+36 28773
-36 115092
+27 5
-1 5
+11 20

fn=(1312) __printf_fp_buffer_1.isra.0
138 833320
+21 41666
+18 41666
+10 41666
-28 291662
+62 83332
+21 13
-6 13
+6 39
-4 26
+2 13
fi=(270)
-77 39
-15 39
+1 39
+31 52
cfi=(262)
cfn=(1306)
calls=13 27 
* 715
-17 39
fe=(263)
1030 541658
226 124998
+4 249957
+36 41653
+5 41653
-49 41653
+44 166612
+1 41653
+1 41653
+3 583142
+1 41653
-1 41653
+1 83306
-1 41653
+1 41653
-1 41653
+1 541489
+1 624795
+6 41653
-6 83306
+7 83306
+17 7
+4 28
-4 14
+16 22
cfi=(158)
cfn=(936)
calls=1 0 
* 19
* 1
-19 1
+82 1
-52 1
+52 5
-82 6
+82 6
-52 6
+52 30
-7 7
-42 21
+42 7
-1 7
fi=(280)
29 7
cfi=(158)
cfn=(908)
calls=7 -29 
* 88
fe=(263)
385 45
+18 6
-7 162
-74 84
+72 84
-72 84
-4 84
+4 259
-4 7
+4 21
+14 16
+2 16
+31 16
-32 16
-13 32
+52 9
-1 27
cfi=(281)
cfn=(1400)
calls=9 48 
* 1998
+5 18
+1 18
-1 4
-1 4
+6 8
fi=(280)
29 20
fe=(263)
388 20
fi=(280)
29 10
cfi=(158)
cfn=(908)
calls=10 -29 
* 170
fe=(263)
389 10
+1 30
-1 10
+1 20
+1 20
-1 10
+1 10
+5 20
+1 14
+6 14
+4 7
+4 14
-4 7
+4 14
-4 56
+35 4
-3 12
+3 28
+16 8
+2 4
-2 4
cfi=(158)
cfn=(1320)
calls=4 0 
* 72
+3 8
-1 4
+1 16
cfi=(158)
cfn=(1320)
calls=4 0 
* 72
+2 36
665 4
+9 4
-9 4
+9 4
+6 4
-15 4
+9 16
+2 8
-11 41649
+9 41649
-9 41649
+9 41649
+6 41649
-15 41649
+9 166596
+2 83298
+16 41653
-6 83306
+20 208265
-12 41653
+12 41653
+1 83306
+1 57558
+13 57546
+7 28773
+3 28773
-11 28773
+11 28773
-3 28773
+3 57546
-3 28773
+10 28773
-7 28773
+7 57546
-10 12873
+3 12873
-11 12873
+11 12873
-3 12873
+3 25746
-3 12873
+10 12873
-7 12873
+7 25746
+8 83306
fi=(267) /usr/src/debug/glibc/glibc/stdio-common/../sysdeps/pthread/allocalim.h
27 41653
fe=(263)
746 41653
fi=(267)
27 41653
cfi=(266) /usr/src/debug/glibc/glibc/nptl/alloca_cutoff.c
cfn=(1322) __libc_alloca_cutoff
calls=41653 * 
* 458183
+2 83306
fe=(263)
759 83306
-67 41653
+67 458183
fi=(267)
29 41653
fe=(263)
759 124959
+1 83306
+3 140864
+2 12
+4 24
cfn=(1326)
calls=6 91 
* 596
* 18
-3 24
+7 18
-7 51496
+7 77262
+2 25756
-4 12878
+4 12878
+14 25756
-2 12878
+1 51512
+1 12878
+1 25756
-1 57550
-2 28775
+1 115100
+1 28775
+1 57550
-1 482034
+1 2975514
91 482034
792 482034
+2 482034
91 1645996
+2 478222
+2 956444
-2 956444
+8 38
+4 114
cfi=(283)
cfn=(1406)
calls=19 -60 
* 1783
+2 19
-2 19
+2 57
+1 19
+2 38
+1 114
+11 38
+5 19
-5 19
cfi=(158)
cfn=(1318)
calls=19 0 
* 769
+1 38
+1 85
793 17
+1 34
-1 478205
+1 956410
+1 859452
230 249918
cfi=(265)
cfn=(1314)
calls=41653 33 
* 874830
* 166612
+4 41653
-4 104
382 15
91 1704670
793 3812
+3 156924
+2 11436
+1 30496
95 478203
+1 956406
-1 1434609
+1 478203
cfi=(158)
cfn=(1318)
calls=478203 -96 
* 10043803
* 478203
+31 1434609
790 41665
+15 124959
+1 124959
cfn=(1326)
calls=41653 91 
* 2147213
+2 83306
-2 41653
+2 249918
+2 26007
+3 17334
+5 8665
-1 8665
+1 17330
fi=(268) /usr/src/debug/glibc/glibc/stdio-common/../sysdeps/generic/get-rounding-mode.h
94 249918
+1 333224
fi=(269) /usr/src/debug/glibc/glibc/stdio-common/../include/rounding-mode.h
-43 124416
+6 20604
fe=(263)
935 21098
-11 708640
+7 84143
+1 1395
+3 83306
+2 21
+19 7
+1 35
+4 21
-4 6
+3 18
+2 12
-1 12
+1 10
-1 10
+9 30
+1 18
-1 6
+1 6
-1 6
+1 18
+1 24
+2 12
-4 5
+1 15
-1 5
+1 5
-1 5
+1 15
+1 20
+2 10
+1 28
+5 166612
+3 83306
+4 41653
+9 41653
-5 41653
-3 41653
+3 41653
+5 41653
-9 83306
+1 20872
+6 62616
+2 125232
fi=(270)
163 62616
-15 62616
+1 62616
fe=(263)
1006 125050
fi=(270)
163 124959
fe=(263)
1009 124959
+13 166612
cfi=(262)
cfn=(1306)
calls=41653 27 
* 2083203
+2 124959
+4 83306
+1 9807
818 40020
927 7205
-1 7205
-2 152942
483 83292
655 38601
+4 25734
cfi=(158)
cfn=(1316)
calls=12867 0 
* 205872
* 12867
+1 64335
+1 25734
385 30
cfi=(282) /usr/src/debug/glibc/glibc/stdlib/cmp.c
cfn=(1404) __mpn_cmp
calls=10 31 
* 199
+3 10
-3 22
830 41110
+10 20555
+15 20555
-20 41110
+5 41110
-6 20555
+1 41110
+2 2351
-2 4702
+3 2351
-3 50486
+5 123246
+2 41082
+2 41082
+80 41082
-69 41082
+69 28
-69 28
+80 20541
-11 61623
+63 41562
+9 83124
fi=(270)
163 62343
fe=(263)
1001 41562
766 141614
+3 25748
cfn=(1326)
calls=12874 91 
* 592775
* 16
cfn=(1326)
calls=8 91 
* 828
* 12882
-3 147686
+93 70
+2 196
+3 28
+2 14
+69 28
+31 2
+9 2
861 42
-52 16806
707 25748
+14 38619
+1 25746
-11 7
+20 14
-20 7
+3 21
+2 14
+15 42
308 7
-2 7
+2 7
-2 7
+2 14
-3 7
+3 14
-3 7
cfi=(158)
cfn=(1316)
calls=7 0 
* 112
+4 14
-4 7
+4 49
+1 14
-1 2
1003 41562
810 6
-29 28773
+2 28773
669 28773
781 28773
+2 28773
-1 28773
+1 115092
-9 51526
-3 2
+3 4
499 86337
cfi=(158)
cfn=(1316)
calls=28779 0 
* 460464
+1 143895
+1 57558
+2 28779
+1 57558
+7 28779
-7 28779
+7 33129
+7 4350
+7 4350
-7 8700
+1 8700
-1 8700
+1 16
cfi=(281)
cfn=(1400)
calls=4 48 
* 716
+8 8700
+4 4350
-4 13050
+4 4350
+1 4350
-1 4350
-4 4350
+5 4350
-1 8700
+2 17400
+2 8700
+5 17400
+22 8238
+61 66428
509 316534
621 316534
511 633068
623 624368
+2 57488
+4 128155
cfi=(158)
cfn=(1318)
calls=25631 0 
* 845830
+1 25631
+1 25631
-1 25631
+1 51262
+3 51262
+2 25631
-2 153786
+9 51262
+2 51262
-1 25631
+3 86337
524 26076
cfi=(281)
cfn=(1400)
calls=4346 48 
* 353358
* 4346
+18 3208
+4 3208
-2 1604
+2 3208
+16 1604
-16 1604
+16 3208
+2 3208
+1 869
+1 96
+5 735
-1 735
+1 1470
-1 735
+6 2205
+3 2205
-3 6222
+3 8318
+1 24
+21 60
+13 12
-1 60
cfi=(158)
cfn=(1320)
calls=12 0 
* 716
* 10344
cfi=(158)
cfn=(1320)
calls=3448 0 
* 62064
+3 10380
+7 6920
-53 2730
+1 5460
-1 2730
+1 2730
+4 7534
+4 40
419 91
+1 1
+1 92
+1 2
579 20
994 62343
+2 41562
579 12
311 30
430 2
-1 4
+1 4
+4 8
+8 4
+10 4
+19 2
-1 10
cfi=(158)
cfn=(1320)
calls=2 0 
* 36
+4 4
-1 2
+1 8
cfi=(158)
cfn=(1320)
calls=2 0 
* 36
+3 4
+1 2
-1 2
+1 2
-1 8
897 83302
511 115116
840 84
+15 14
-10 98
407 93
+6 8
+26 8
937 12
-13 4
230 78
642 25631
cfi=(158)
cfn=(1320)
calls=25631 0 
* 461362
+3 51262
450 28
580 10359
+10 20718
+6 10
+1 5
-1 5
cfi=(158)
cfn=(1316)
calls=5 0 
* 260
+3 5
-3 5
+2 15
+1 5
+24 5
-24 5
-20 52
407 3
+6 6
-6 3
+32 2
-32 6

fn=(1308)
1099 416660
+3 41666
-3 166664
+3 83332
+13 83332
cob=(3)
cfi=(154)
cfn=(686)
calls=41666 0 
* 666656
* 83332
+1 166664
+31 458326
fi=(264) /usr/src/debug/glibc/glibc/stdio-common/../include/../locale/localeinfo.h
330 83332
fe=(263)
1111 41666
fi=(264)
330 41666
fe=(263)
1112 83332
+5 83332
+5 291662
cfn=(1312)
calls=41666 138 
* 55940967
+4 41666

fl=(365)
fn=(2202)
28 2
+12 8
+2 2

fl=(382)
fn=(2874)
26 14
+1 2
cfi=(383)
cfn=(2876)
calls=2 * 
* 18
+3 2
-2 4
+7 2
-1 4
+1 4
-1 2
cfi=(371)
cfn=(2844)
calls=2 +12 
* 1184

fl=(373) /usr/src/debug/glibc/glibc/nptl/pthread_rwlock_rdlock.c
fn=(2848) pthread_rwlock_rdlock@@GLIBC_2.34
23 48
+1 12
fi=(374) /usr/src/debug/glibc/glibc/nptl/pthread_rwlock_common.c
292 36
+12 24
+43 36
+17 24
+20 24
+61 12
fe=(373)
27 12
+2 48

fl=(396)
fn=(3038)
28 3
+3 9
+8 7
+2 5

fl=(273)
fn=(1366) str_to_mpn.isra.0
367 153
+13 17
-13 34
+14 102
-4 17
-1 34
+52 23
+1 46
-14 92
+3 12
+7 6
+3 18
+3 12
-3 34
+3 34
-47 69
+49 68
+7 34
+2 51
+2 17
+1 34
+15 153

fn=(1370) round_and_return
215 136
fi=(276)
94 17
+1 17
+19 34
-19 34
+14 17
-14 102
fe=(273)
218 34
+97 34
-90 17
+93 34
+3 34
+2 7
fi=(277)
46 42
+6 14
fi=(284)
453 5
+1 5
-1 5
+2 5
fe=(273)
321 20
+2 10
-2 10
fi=(277)
46 60
fe=(273)
352 20
+5 51
+1 17
-1 17
+1 34
-1 17
cfi=(278) /usr/src/debug/glibc/glibc/stdlib/../sysdeps/ieee754/ldbl-96/mpn2ldbl.c
cfn=(1376) __mpn_construct_long_double
calls=17 30 
* 255
* 7
-3 21
+1 14
fi=(277)
52 20
fe=(273)
340 10
+17 30

fn=(1358)
510 616
+53 28
-53 112
+55 56
+24 28
-34 28
+42 28
+1 56
cob=(3)
cfi=(154)
cfn=(686)
calls=28 0 
* 448
* 28
+1 56
+10 28
-6 28
+6 28
+4 140
-1 112
+1 56
+3 56
-12 28
+17 56
+13 196
+1 56
+8 84
+48 56
+19 16
+24 16
516 8
734 8
+18 16
+25 24
-25 18
+25 66
+1 34
+12 34
+16 34
+42 34
+9 104
+1 42
+18 16
+6 8
+1 8
-1 16
+1 16
-1 8
+1 32
+5 1
+1 2
1769 364
803 13
-22 13
+22 13
-26 13
-36 96
+1 40
+12 22
-19 33
864 18
+1 9
+1 18
970 2
+31 2
-31 2
+31 2
-31 2
+30 2
+3 2
-2 2
+2 2
+2 6
-35 2
+55 11
+3 5
+3 3
+10 3
+3 30
+1 10
+2 20
+3 20
+33 28
691 100
516 20
710 60
516 40
712 40
-1 40
+24 60
-1 20
+2 20
-2 20
+2 100
+5 40
+8 18
+13 55
cfi=(285) /usr/src/debug/glibc/glibc/stdlib/grouping.c
cfn=(1436) __correctly_grouped_prefixmb
calls=11 54 
* 88
+5 77
1048 11
767 11
1048 22
892 1
+5 3
-5 1
+10 2
+36 3
+2 1
+30 1
-79 1
+49 1
+30 4
-87 8
+1 68
1015 32
+2 36
+8 27
+19 21
+1 7
+5 23
+9 6
+2 9
+9 9
+1 12
+3 12
+4 3
+1 3
+98 20
-1 8
-1 8
+3 4
+1 4
+3 8
-3 4
+3 8
-4 13
+1 13
+3 26
-3 13
+3 26
+12 34
+3 34
1359 50
+18 20
+3 80
+13 10
-5 20
+10 80
+3 20
+3 10
-3 10
+3 50
+2 10
-2 10
+2 20
+13 10
-13 20
+6 40
+7 68
+7 10
+1 10
fi=(274)
29 20
fe=(273)
1427 10
-1 10
+1 30
fi=(274)
29 20
cfi=(158)
cfn=(1360)
calls=10 -29 
* 200
* 30
fe=(273)
1445 28
-3 7
+1 7
-24 14
+3 11
+2 22
+8 1
+1 1
-1 3
+1 1
-1 6
cfi=(281)
cfn=(1400)
calls=1 48 
* 69
+4 1
+1 2
-1 2
+1 1
+1 1
+1 1
-1 1
+1 1
+6 2
+2 30
+4 90
cfn=(1366)
calls=10 367 
* 598
+17 10
+31 10
-31 20
+3 10
-3 10
+3 10
-3 10
+3 20
+17 20
+2 20
1083 14
+94 26
-2 39
1025 35
1761 50
cfn=(1370)
calls=10 215 
* 716
* 10
1419 32
1008 5
+7 2
1200 98
cfn=(1366)
calls=7 367 
* 462
+6 7
+20 7
-26 7
+6 35
+45 14
-1 7
+1 28
+4 14
+6 14
+32 14
1497 10
+1 10
+1 60
fi=(275)
29 50
fe=(273)
1537 20
fi=(275)
29 10
fe=(273)
1537 30
fi=(275)
29 10
fe=(273)
1537 10
fi=(275)
29 10
fe=(273)
1537 158
cfi=(158)
cfn=(1316)
calls=4 0 
* 64
* 8
+4 64
-4 18
-62 60
cfi=(158)
cfn=(1316)
calls=10 0 
* 160
+1 50
cfi=(158)
cfn=(1316)
calls=10 0 
* 160
+1 30
-84 10
+5 20
879 2
fi=(274)
29 1
fe=(273)
1448 1
fi=(274)
29 3
cfi=(158)
cfn=(1360)
calls=1 -29 
* 20
* 1
fe=(273)
866 18
+1 18
+9 18
+6 9
+1 9
-1 18
+1 9
-16 6
+3 40
+1 10
-1 10
+1 40
+2 10
-7 10
+1 20
+6 5
-7 5
+1 28
+5 18
1296 49
+4 21
+8 7
-10 14
+10 35
cfi=(158)
cfn=(1316)
calls=7 0 
* 112
+4 14
+15 49
cfn=(1370)
calls=7 215 
* 490
* 7

fl=(371)
fn=(2844)
46 8
+1 16
cfi=(372) /usr/src/debug/glibc/glibc/intl/dcigettext.c
cfn=(2846) __dcigettext
calls=4 413 
* 2344

fl=(238) /usr/src/debug/glibc/glibc/csu/../sysdeps/nptl/libc_start_call_main.h
fn=(950) (below main)
30 6
+15 4
cfi=(158)
cfn=(952)
calls=1 -45 
* 34
* 1
+2 2
+5 2
+1 2
+3 2
+3 5
cob=(8)
cfi=(229)
cfn=(958) main
calls=1 -59 
* 35360619183

ob=(5)
fl=(444)
fn=(4120)
104 1242
cfi=(446)
cfn=(4124)
calls=414 -45 
* 439254
+2 3148
fi=(445)
1477 414
fe=(444)
132 414
fi=(445)
1477 414
cfn=(4190) _Unwind_GetCFA
calls=414 267 
* 1242
fe=(444)
135 414
fi=(445)
+64 414
fe=(444)
-63 414
fi=(445)
+63 414
1477 414
fe=(444)
136 828
-1 828
fi=(445)
1477 414
fe=(444)
135 5382
+1 828
cfn=(4192)
calls=414 -95 
* 1835952
+1 828
+3 1242
cfi=(445)
cfn=(4202)
calls=414 1412 
* 156906
* 1242
fi=(460)
-98 414
fe=(444)
+98 414
cfi=(445)
cfn=(4206)
calls=414 1381 
* 1242
fi=(460)
-98 414
fe=(444)
+98 828
+1 5796

fn=(4192)
41 677
fi=(445)
233 677
fe=(444)
41 677
fi=(445)
215 677
fe=(444)
41 6770
+5 1160
+4 3480
cfi=(446)
cfn=(4124)
calls=1160 +9 
* 1467361
* 2031
cfi=(446)
cfn=(4124)
calls=677 +9 
* 852010
fi=(445)
1477 1837
fe=(444)
50 1837
fi=(445)
1477 1837
cfn=(4190)
calls=1837 267 
* 5511
199 3674
1477 1837
fe=(444)
54 3674
+2 2846
+6 5692
+2 5045
cob=(7)
cfi=(453)
cfn=(4156)
calls=1009 365 
* 1977530
+2 2018
+2 664
+5 664
fi=(445)
1274 3480
cfn=(4148)
calls=1160 1145 
* 327905
+8 3480
232 2320
+2 2320
+2 4640
+12 2320
+12 1160
1298 1160
fe=(444)
76 6960
fi=(460)
-34 2320
fe=(444)
+34 2320
+5 5416
-25 828
+6 2484
+17 2031
+1 677

fl=(446)
fn=(4124)
59 20440
fi=(445)
1005 4088
-3 4088
+1 4088
+2 8176
-13 4088
199 4088
992 8176
199 4088
992 20440
+16 16352
cfi=(447)
cfn=(4128)
calls=4088 537 
* 1624323
* 4088
+2 8176
+12 8176
fi=(489)
157 4088
fi=(445)
1022 4088
fi=(489)
157 8176
fi=(445)
420 8176
+1 8176
cob=(2)
cfi=(158)
cfn=(688)
calls=4088 0 
* 57232
+7 4088
-7 4088
+7 8176
+10 12264
fi=(450)
137 4088
-4 12264
+7 8176
+1 12264
+1 4088
-1 4088
+3 8176
fi=(445)
447 4088
fi=(450)
155 4088
+4 16352
+3 12264
+1 12264
+1 4088
-1 4088
+3 8176
+3 8176
+1 20440
fi=(445)
449 4088
fi=(450)
137 4088
-4 4088
fi=(445)
450 8176
+1 4088
fi=(450)
137 4088
fi=(445)
457 4088
+5 12264
+10 8176
+10 11686
+7 3510
-17 23372
+3 15196
+2 1755
-5 1755
+5 3510
-5 5265
+44 8176
977 4088
fi=(489)
163 8176
fi=(445)
977 8176
+1 8176
+58 4088
fi=(450)
74 8176
+3 28616
fi=(445)
1036 4088
+2 8176
fi=(450)
137 4088
-4 8176
+7 8176
+1 12264
+1 4088
-1 4088
+3 8176
fi=(445)
1044 4088
-2 4088
+2 8176
-2 4088
fi=(489)
163 4088
fi=(445)
979 12264
fi=(489)
163 4088
fi=(445)
977 8176
+1 8176
+81 8176
fi=(502) /usr/src/debug/gcc/gcc-build/x86_64-pc-linux-gnu/libgcc/./md-unwind-support.h
110 4088
fi=(445)
1059 12264
fi=(450)
133 12264
+7 8176
+1 12264
+1 4088
-1 4088
+3 8176
fi=(445)
467 4088
+5 4088
-7 4088
+7 8176
-4 8176
-17 12264
+33 12264
+1 4088
+8 1755
fi=(450)
103 3510
+3 12285
fi=(445)
422 1755
+71 1755
fi=(450)
306 7020
cfn=(4152)
calls=1755 188 
* 50895
* 3510
fi=(445)
494 3510
+1 1755
fi=(450)
106 12285
306 8775
cfn=(4152)
calls=1755 188 
* 49140
fi=(445)
1049 3510
+4 1755
-74 4088
cfi=(451) /usr/src/debug/gcc/gcc-build/x86_64-pc-linux-gnu/libgcc/../../../gcc/libgcc/unwind-dw2-execute_cfa.h
cfn=(4140) execute_cfa_program_specialized
calls=4088 33 
* 1740998
* 28616
cfi=(451)
cfn=(4140)
calls=4088 33 
* 670432
* 4088
fe=(446)

fl=(164) ???
fn=(578) 0x0000000000005d00
0 12

fn=(5192) 0x0000000000005cb0
0 9
cob=(2)
cfi=(483)
cfn=(5068)
calls=1 45 
0 94
0 1
cfn=(5200) 0x0000000000005c40
calls=1 0 
0 5
0 3

fn=(5200)
0 5

fl=(161) /usr/src/debug/gcc/gcc-build/x86_64-pc-linux-gnu/libgcc/../../../gcc/libgcc/config/i386/cpuinfo.c
fn=(572) __cpu_indicator_init@GCC_4.8.0
60 1
fi=(163) /usr/src/debug/gcc/gcc-build/x86_64-pc-linux-gnu/libgcc/../../../gcc/libgcc/../gcc/common/config/i386/cpuinfo.h
1220 4
fe=(161)
60 1
fi=(162) /usr/src/debug/gcc/gcc-build/gcc/include/cpuid.h
319 1
fe=(161)
60 1
fi=(162)
319 1
+21 2
+3 4
fi=(163)
1233 2
fi=(162)
319 2
+21 3
+3 7
fi=(163)
1247 1
+1 1
fi=(162)
343 1
fi=(163)
1247 1
+1 1
-1 1
+1 1
-1 1
+2 1
+1 1
-2 1
+2 1
-1 1
+1 1
826 1
1249 1
826 1
1249 1
826 2
+24 2
92 1
852 2
92 1
854 2
92 1
856 2
92 1
+9 1
858 2
+2 2
+3 2
92 1
865 3
92 1
867 2
92 1
869 2
92 1
871 2
92 1
873 2
92 1
875 2
92 1
877 2
+2 2
+2 2
+2 2
92 1
885 2
+2 2
+2 2
+2 2
92 1
893 2
92 1
895 2
+5 2
+4 5
+1 2
92 1
907 2
+2 2
+2 2
+2 2
+2 2
92 1
917 2
+2 2
+3 2
92 1
924 2
+2 2
+2 2
+2 2
+2 2
+2 2
+3 2
+2 2
+2 2
+2 2
+2 2
+2 2
+2 2
+2 2
+2 2
+4 2
+2 2
+2 2
+2 2
+2 2
+2 2
+9 2
+30 2
+58 2
+2 3
+1 2
+2 2
+2 2
+5 2
+69 3
+4 2
+2 2
+2 2
+2 2
+2 3
+2 2
+2 2
+2 2
+2 2
+2 2
+3 2
+2 2
+2 2
+3 2
+2 2
+2 2
+5 2
+2 3
+1 2
+2 2
+4 2
+61 2
+16 1
75 1
1328 2
66 1
1329 2
1221 6
fe=(161)
62 1
+2 3
fi=(163)
832 2
+3 4
+7 5
+2 1
-1 3
1259 2
+5 2
824 2
101 14
824 2
1265 2
412 4
839 2
-2 1
+2 4
101 8
1334 1
101 1
1334 3
+1 4
101 4
1344 4
+1 3
101 13
412 9
+99 2
+2 1
fe=(161)

fl=(445)
fn=(4164) _Unwind_GetRegionStart
381 1341
+1 1341
+1 1341

fn=(4146)
1324 1
+1 17
+1 1

fn=(4206)
1381 677
+4 677
+4 677

fn=(4166) _Unwind_GetIPInfo
360 1341
199 2682
361 2682
+1 1341
+1 1341

fn=(4160) _Unwind_GetLanguageSpecificData
375 1341
+1 1341
+1 1341

fn=(4122)
1331 677
fi=(446)
59 677
fe=(445)
1331 5416
fi=(446)
59 1354
fe=(445)
1342 677
fi=(446)
59 4062
fe=(445)
1338 1354
+2 1354
+2 1354
cfi=(446)
cfn=(4124)
calls=677 59 
* 840279
+1 1354
fi=(452) /usr/src/debug/gcc/gcc-build/x86_64-pc-linux-gnu/libgcc/./gthr-default.h
746 2031
cob=(2)
cfi=(172)
cfn=(618)
calls=677 136 
* 4149
fe=(445)
1348 1354
1133 1354
+1 677
317 1354
+1 677
+1 677
1363 1354
-4 677
319 677
1360 677
+1 677
+2 677
cfn=(4148)
calls=677 1145 
* 219348
+5 677
+1 4062

fn=(4148)
1145 29970
+1 17982
306 2997
1146 47952
306 8991
1168 5994
317 5994
+1 2997
+1 2997
1174 8991
+21 2997
+3 2997
+1 332667
334 13743
1198 161838
206 20979
1264 23976
318 13743
+1 13743
-2 13743
1211 27486
317 41229
1177 2997
232 5994
+2 5994
+2 11988
-3 2997
+15 5994
+12 2997
1178 2997
+1 5994
-46 2320
+36 2320
-36 2320
+1 2320
317 4640
+1 2320
+1 6960

fn=(4200) _Unwind_SetIP
369 677
+1 677
+1 677

fn=(4190)
267 2251
+1 2251
+1 2251

fn=(4202)
1412 2031
306 2708
1418 1354
+3 677
+28 1354
-28 34527
+2 11509
+1 11509
+7 23018
+1 23018
+16 81240
+1 3165
fi=(446)
29 31650
fe=(445)
306 2708
1455 1354
+12 677
+1 1354
234 677
+2 2708
+12 1354
+12 677
1463 2031
1133 677
1419 677
1133 677
+1 677
317 1354
+1 677
+1 2031
fi=(446)
29 15825
fe=(445)

fn=(4198) _Unwind_SetGR
275 1354
+5 2708
+3 6770
-2 1354
+8 1354
+2 2708
+1 2708

fl=(451)
fn=(4140)
33 8176
+12 16352
fi=(445)
963 106288
fe=(451)
45 8176
fi=(445)
199 16352
fe=(451)
45 86869
fi=(445)
199 124682
fe=(451)
45 187023
+2 138240
+4 276480
+2 104654
+12 65368
+7 158500
-20 50379
312 16793
45 33586
312 12058
45 104654

ob=(2)
fl=(238)
fn=(950)
83 2
cfi=(476)
cfn=(4570)
calls=1 +64 
* 35203

fl=(304)
fn=(1662)
71 67
+3 67
+2 67
+2 201
-7 67
+10 67
+2 134
-39 5
+1 10
+43 15
+70 40
+2 40
+3 40
-59 40
+62 80
-62 27
+62 54
45 25
+1 10
+44 124
+5 124
+3 81
+4 54
+2 27
-60 35
+1 245
+1 70
+64 105
+1 70

fl=(308) /usr/src/debug/glibc/glibc/string/../sysdeps/x86_64/multiarch/strncat.c
fn=(1706) strncat
29 1
fi=(122)
+10 2
+1 4
+3 5
fe=(308)

fl=(134) /usr/src/debug/glibc/glibc/string/../sysdeps/x86_64/multiarch/memchr.c
fn=(464) memchr
30 4
fi=(135) /usr/src/debug/glibc/glibc/string/../sysdeps/x86_64/multiarch/ifunc-evex.h
+16 8
+1 16
+13 16
fe=(134)
-30 4

fl=(175) /usr/src/debug/glibc/glibc/locale/newlocale.c
fn=(628) newlocale
285 5
+3 1
-2 1
+2 1
cfn=(630) __newlocale_1.constprop.0
calls=1 43 
* 46
+3 1
-3 1
+3 1
cfi=(152)
cfn=(632)
calls=1 3137 
* 4
+3 6

fn=(630)
43 17
+12 1
+3 2
281 14
66 2
+3 1
-10 1
+10 2
+7 2
+2 2
-2 2

fl=(330)
fn=(1826)
25 9
+2 6
+2 3
+2 6
-2 3
+2 18
+2 9
+4 9
+6 3
-3 3
+3 3
-16 12

fl=(266)
fn=(1322)
27 41653
+1 374877
+7 41653

fl=(353) /usr/src/debug/glibc/glibc/libio/iofgets.c
fn=(2116) fgets
32 58
+5 116
+2 116
-7 348
+15 464
+4 58
+1 58
+1 116
-1 58
+1 174
-2 58
+2 58
cfi=(354)
cfn=(2118)
calls=58 -20 
* 7316
+3 174
+7 116
fi=(357)
999 116
+1 522
fe=(353)
66 290
-10 116
+4 58
+1 58
+2 116
-16 174
+4 58
-4 116

fl=(420) /usr/src/debug/glibc/glibc/misc/../sysdeps/unix/sysv/linux/setvmaname.c
fn=(3470) __set_vma_name
60 28
-26 75
+36 71
-33 6
cob=(1)
cfi=(11)
cfn=(50)
calls=1 610 
* 18
* 6
+5 1
+1 1

fl=(193)
fn=(680)
49 128
+2 512
+3 128

fl=(150)
fn=(524)
238 5
+3 6
+37 5

fl=(245) /usr/src/debug/glibc/glibc/stdlib/rand.c
fn=(982) rand
26 2
+1 1
cfi=(243)
cfn=(984)
calls=1 289 
* 45
+1 2

fl=(368) /usr/src/debug/glibc/glibc/nptl/pthread_setspecific.c
fn=(2712) pthread_setspecific@@GLIBC_2.34
25 6
+11 4
+3 14
+4 6
+3 4
+1 1
+39 1
+1 1
-1 1
-20 1
+24 1
-4 1
+1 1
-1 1
-20 1
+24 1

fl=(377) /usr/src/debug/glibc/glibc/nptl/pthread_rwlock_unlock.c
fn=(2856) pthread_rwlock_unlock@@GLIBC_2.34
30 60
+1 12
fi=(374)
215 24
fe=(377)
38 12
fi=(374)
215 36
fe=(377)
38 24
fi=(374)
226 12
+4 12
+4 36
+14 36
+5 24
+16 36
fe=(377)
44 60
fi=(374)
237 48
+1 24
fe=(377)

fl=(230) /usr/src/debug/glibc/glibc/csu/../csu/libc-start.c
fn=(872) __libc_start_main@@GLIBC_2.34
242 12
+81 2
+1 4
cfi=(209)
cfn=(776)
calls=1 67 
* 66
+25 6
+6 2
-3 2
+10 2
cob=(1)
cfi=(53) /usr/src/debug/glibc/glibc/elf/dl-audit.c
cfn=(948) _dl_audit_preinit
calls=1 118 
* 5
+2 2
+8 4
cfi=(238)
cfn=(950)
calls=1 30 
* 35360654446
127 2
+6 3
+1 6
cob=(3)
cfi=(154)
cfn=(874) 0x000000000010f000
calls=1 0 
* 7
+3 1
+1 2
+3 3
+2 2
-1 8
+2 4
cob=(8)
cfi=(229)
cfn=(884) _GLOBAL__sub_I_main
calls=1 0 
* 9896
* 4
cob=(8)
cfi=(229)
cfn=(878) 0x0000000000017a60
calls=1 0 
* 12
-1 7

fl=(239)
fn=(956)
28 1
+2 2
-1 1
+5 2

fl=(414) /usr/src/debug/glibc/glibc/libio/fileno.c
fn=(3236) fileno
32 107
+3 535
+7 107

fl=(137) /usr/src/debug/glibc/glibc/time/../sysdeps/unix/sysv/linux/gettimeofday.c
fn=(482) gettimeofday
41 7

fl=(244)
fn=(986)
371 1
+3 4
+5 1
-2 1
+2 2
+9 1
+1 1
+1 1
+5 2
+4 1
+4 1
fi=(274)
29 1
fe=(244)
398 2
+2 2
+8 2
-9 1
+12 1
+3 1
-2 1
+7 1

fn=(976)
177 1
+8 2
+2 1
+1 2
+5 2
-2 1
+2 1
fi=(274)
29 1
fe=(244)
196 2
+5 1
+1 3
-3 3
+9 9
+1 1
-1 1
+1 1
+1 2
-2 261
+1 29
-1 29
+1 29
+1 58
+2 29
fi=(274)
29 29
fe=(244)
202 58
+13 1
+1 1
-1 2
+2 1
+1 2
379 310
-2 310
+2 620
+10 310
-1 310
+2 310
+5 620
+4 310
+4 310
-3 620
+8 600
+1 10
-10 10
+12 10
+1 10
218 20
399 290
+12 290
+1 290
218 580
411 10
+1 10
218 20
+7 2
-14 1
+1 1
fi=(274)
29 1
fe=(244)
202 2

fl=(278)
fn=(1376)
30 17
+9 17
-5 68
+6 17
-1 17
+1 17
-6 17
+5 51
+7 34

fl=(337)
fn=(1978)
64 46
+1 138
+3 23
-20 46
-1 23
+5 23
-3 23
+3 92
cfi=(304)
cfn=(1662)
calls=23 +19 
* 673
+2 69
cfi=(302)
cfn=(1656)
calls=12 +59 
* 7600
cfi=(302)
cfn=(1657)
calls=11 +59 
* 9351
* 23
+2 23
-2 69
+2 23
cfi=(306)
cfn=(1680)
calls=23 357 
* 477
+13 138

fn=(1980) dlsym_doit
37 69
+3 92
cfi=(338)
cfn=(1982)
calls=23 194 
* 13766
* 21
+1 42

fl=(106) /usr/src/debug/glibc/glibc/wcsmbs/../sysdeps/x86_64/multiarch/wcslen.c
fn=(376) wcslen
29 2
fi=(107)
+16 4
+1 8
+3 10
fe=(106)

fl=(323)
fn=(1786)
24 3
+4 3
-1 6
+5 12
+2 3
+1 3

fl=(128) /usr/src/debug/glibc/glibc/string/../sysdeps/x86_64/multiarch/memcmp.c
fn=(440) bcmp
29 6
fi=(129) /usr/src/debug/glibc/glibc/string/../sysdeps/x86_64/multiarch/ifunc-memcmp.h
+11 12
+1 24
+3 30
fe=(128)

fl=(468) /usr/src/debug/glibc/glibc/libio/iofflush.c
fn=(4274) fflush
32 648
+1 1296
-1 2592
+7 1296
+1 648
fi=(357)
1045 1944
+1 1296
fe=(468)
40 1296
cfi=(347)
cfn=(4276)
calls=648 843 
* 14454
* 1296
fi=(357)
999 1296
+1 5832
fe=(468)
44 3240
-5 6480

fl=(255) /usr/src/debug/glibc/glibc/csu/errno-loc.c
fn=(1220) __errno_location
25 26
+1 52
+1 26

fl=(138) /usr/src/debug/glibc/glibc/string/../sysdeps/x86_64/multiarch/strstr.c
fn=(484) strstr
52 2
-6 10
+6 2

fl=(156) /usr/src/debug/glibc/glibc/csu/init-first.c
fn=(556) _init_first
46 2
+5 1
-5 1
+5 1
+4 5
+8 1
-2 1
+10 1
-9 1
+1 1
+9 1
-1 1
cfi=(157)
cfn=(558)
calls=1 -41 
* 65

fl=(372)
fn=(2846)
413 44
+6 4
+14 8
+4 16
+9 16
+4 4
-4 8
+4 4
cfi=(373)
cfn=(2848)
calls=4 23 
* 92
+3 8
cfi=(373)
cfn=(2848)
calls=4 23 
* 92
+19 4
-13 8
+10 4
+6 4
-5 4
+1 4
+1 4
+3 4
cfi=(375)
cfn=(2852)
calls=4 24 
* 24
+12 4
-12 4
+8 4
+4 4
cfi=(373)
cfn=(2848)
calls=4 23 
* 92
+2 16
cfi=(376)
cfn=(2854)
calls=4 372 
* 80
+2 4
-2 8
+2 4
cfi=(377)
cfn=(2856)
calls=4 30 
* 152
+2 8
+22 32
fi=(378) /usr/src/debug/glibc/glibc/intl/../include/../locale/localeinfo.h
222 24
fe=(372)
1408 4
cfi=(375)
cfn=(2852)
calls=4 24 
* 24
* 4
+32 20
556 8
cob=(3)
cfi=(154)
cfn=(686)
calls=4 0 
* 64
+1 4
-1 8
+1 4
cob=(3)
cfi=(154)
cfn=(686)
calls=4 0 
* 64
* 8
cfi=(152)
cfn=(812)
calls=4 3101 
* 120
* 4
+2 8
+3 12
cfi=(158)
cfn=(2862)
calls=4 0 
* 92
* 4
fi=(503) /usr/src/debug/glibc/glibc/intl/../string/bits/string_fortified.h
45 12
fe=(372)
562 4
fi=(503)
45 4
cfi=(158)
cfn=(2864)
calls=4 -45 
* 68
fe=(372)
567 4
-5 4
+5 4
cob=(3)
cfi=(154)
cfn=(686)
calls=4 0 
* 64
* 8
cfi=(152)
cfn=(812)
calls=4 3101 
* 104
* 4
+1 12
+8 12
+2 8
730 8
cfi=(152)
cfn=(632)
calls=4 3137 
* 16
+1 8
cfi=(152)
cfn=(632)
calls=4 3137 
* 132
+1 8
cfi=(152)
cfn=(632)
calls=4 3137 
* 132
+1 8
cfi=(377)
cfn=(2856)
calls=4 30 
* 152
+2 8
cfi=(377)
cfn=(2856)
calls=4 30 
* 152
+15 12
+4 12
442 20
755 28
589 16
+2 12
-1 12
+6 4
-4 4
+4 12
+7 8
-73 12
+74 12

fl=(152)
fn=(1672)
3515 9
+3 36
1136 18
+3 9
3527 9
1141 27
3527 18
+2 12
+2 8
+2 24
2856 6
+4 12
+4 3
+1 9
fi=(504) /usr/src/debug/glibc/glibc/malloc/../sysdeps/generic/calloc-clear-memory.h
28 3
+2 6
fe=(152)
3545 12
cfn=(1674) __libc_calloc2
calls=6 3429 
* 2566
-11 3
fi=(236) /usr/src/debug/glibc/glibc/malloc/../string/bits/string_fortified.h
59 6
cfi=(158)
cfn=(936)
calls=3 -59 
* 126
fe=(152)

fn=(932) tcache_free_init
3130 1
2769 1
3130 2
2769 1
3130 3
2769 1
3030 2
+8 2
cfn=(814) __libc_malloc2
calls=1 +29 
* 135
* 3
+2 2
fi=(236)
59 4
cfi=(158)
cfn=(936)
calls=1 -59 
* 57
fe=(152)
3049 7
-1 1
+85 1
-1 1
+1 3
-1 1
cfn=(633) free'2
calls=1 +5 
* 33

fn=(812)
3101 1586583
1136 3173166
+3 1586583
3105 1586583
1141 4746232
3105 3146132
+2 4515492
+2 3010328
+2 9112086
2856 1791474
+4 3582948
+4 895737
+1 895737
3112 895737
-7 27034
+19 690846
cfn=(814)
calls=690846 -57 
* 106121695
-17 27034

fn=(1638) unlink_chunk.isra.0
1425 675258
+2 3376290
+3 675258
+3 1350516
-2 675258
+2 1350516
+3 675258
+1 675258
+1 1520586
+2 66238
+1 99357
+3 66238
+14 33114
+1 33114
+3 1350516
-16 10
+1 20

fn=(1674)
3429 36
+6 12
+10 6
+1 18
+21 18
cfn=(816) _int_malloc
calls=6 +88 
* 1779
+2 36
+34 6
-12 6
+12 12
+3 30
+4 6
fi=(504)
28 12
+2 12
fe=(152)
3469 6
fi=(151)
151 12
fe=(152)
3469 18
+3 18
+39 6
fi=(236)
59 12
fe=(152)
3511 24
fi=(236)
59 6
cfi=(158)
cfn=(936)
calls=6 -59 
* 475
fe=(152)

fn=(814)
3067 690847
+4 690847
-4 1381694
+4 690847
+26 2072541
-24 2072541
cfn=(816)
calls=690847 3555 
* 93686612
+1 3454235
fi=(151)
151 1381666
fe=(152)

fn=(816)
3555 8290236
+28 1381706
1139 2072559
+2 2068170
3592 1372928
+16 1372928
+54 339545
+13 4219239
+3 72432
+3 72432
+1 108648
-3 36216
+5 108648
+1 72432
+2 144864
-10 36216
+12 72432
+1 72432
+2 72432
+11 90338
+29 36121
+1 36121
+4 72242
+13 67548
+8 276998
+1 3390
+1 3390
-1 3390
+4 6780
-4 29989
+1 29989
-1 29989
+4 59978
+5 3080
-2 770
+3 1540
+6 1458
+3 1458
+2 972
+33 2430
+1 486
+1 486
+1 486
+1 486
+3 972
-7 166585
+1 33317
+1 33317
+1 33317
+1 33317
+3 66634
+11 683892
-2 1367784
+2 131124
+3 65562
-3 65562
+3 131124
+1 1792
+3 1116
+1 2790
+6 1116
+2 5
+1 10
+2 5
+1 10
-1 25
+1 5
cfn=(1638)
calls=5 1425 
* 105
-1 553
+1 1106
-1 2765
+1 553
cfn=(1638)
calls=553 1425 
* 16590
+3 4464
+13 527
+1 1054
-5 527
+7 527
+1 527
+1 527
+1 527
+1 1054
+2 525
+3 4200
+2 1575
+1 525
1716 525
4031 525
1716 1050
3879 16
+2 6
+1 2
1716 2
4031 2
1716 656763
4031 656759
1716 1313518
3592 17556
1141 4389
3611 4389
+2 4389
-2 4389
+2 8778
-2 618555
+2 618555
-2 618555
+2 1237110
+2 4548
+1 9096
+2 4548
+1 4548
+1 4548
+2 18192
+6 13644
+1 4548
-1 4548
+1 4548
2747 9096
3633 13644
+4 153966
+1 90516
+2 81420
+2 40710
+1 40710
+1 81420
+2 40710
2825 40710
+16 40710
3647 40710
2829 81420
+4 203550
+8 90516
3654 4548
1716 13644
4047 7599383
3662 1016794
+96 153
3640 618555
-30 3711330
+94 17162
+2 95
-1 190
+27 72
+1 72
+4 144
+13 58
+60 32609
-51 32609
+51 97827
-52 293564
+26 852
+1 568
+6 284
+7 19
-1 19
+1 19
+1 38
+2 19
+1 57
+2 19
+1 38
-1 265
+1 530
3688 8102
+70 24306
+36 530
-42 848
+1 848
+1 424
-1 424
+1 424
+4 1971
3902 683334
+1 683334
+1 683334
-1 683334
+1 683334
+1 1366668
+1 2050002
+5 2122565
+16 442077
+2 884154
-4 2199460
+8 657653
+3 1315306
+2 23434
+1 11717
+1 11717
-2 11717
-27 11717
+4 112236
+3 1516
-3 1095
+3 1444
-3 1083
+3 1220
-3 610
4015 37398
+1 149592
+2 74796
+3 149592
+5 10792
-2 10792
+2 10792
-1 10792
+1 64752
-3 21584
+5 32376
3739 2390
+1 2390
-1 2390
+1 4780
2543 28982
1716 86988
2152 26606
+12 26606
-12 26606
+12 26606
+1 42
+3 56
+8 98
cfn=(3468) sysmalloc_mmap
calls=14 2072 
* 1292
+1 42
+13 53184
+9 239323
+6 53182
+3 106368
2526 79776
+1 17
+4 17
+1 34
+3 34
-4 26575
+1 53150
+3 53150
+5 53184
-2 26592
+2 26592
-3 26592
+2 26592
+1 26592
+1 26592
-1 79776
+1 53184
3915 14
+5 56
+1 28
+24 1291872
+3 1291872
+2 645936
+3 1291872
-3 3229680
+3 645936
cfn=(1638)
calls=645936 1425 
* 11960238
+3 5167488
+15 28066
+1 56132
-6 28066
+8 28066
+1 28066
+1 28066
+1 28066
+3 56132
+1 99
+1 56132
+2 27601
+3 220808
+2 82803
+1 27601
+3 27601
-6 3720
+2 1395
+1 465
+3 465
2153 53184
3958 617901
+1 1853703
2278 26592
-9 26592
+9 53184
-9 26592
+9 26592
+10 26592
-19 26592
+19 26592
+7 132960
+8 53184
+57 4
+39 1
+12 1
-12 1
+12 5
+8 1
+3 2
+1 1
-12 1
+12 5
+2 1
-2 1
+2 2
+1 4
cfi=(221)
cfn=(818)
calls=1 25 
* 24
+12 4
-12 1
+12 1
1740 2
2478 1
+3 1
-1 1
+1 4
+1 1
+11 2
3710 23
-1 23
+2 46
+1 23
+1 46
+1 46
+6 184
+2 69
1716 23
3723 23
+3 23
1716 46
2332 26592
-27 106368
cfi=(221)
cfn=(818)
calls=26592 25 
* 1143474
+1 106368
-1 26592
+1 26592
1740 53184
2308 26592
+3 53184
+38 132958
+2 53182
+6 26591
-6 26591
+6 79773
-6 2
+6 1
-6 1
+6 53185
+1 106364
3973 1
2350 2
+91 2

fn=(3468)
2072 14
+4 14
-4 14
+4 14
-4 14
+2 28
+2 14
-4 14
+2 14
+2 70
cfi=(344)
cfn=(2066)
calls=14 47 
* 322
* 14
+3 28
+2 28
1281 14
+1 14
2089 14
1282 28
2089 42
+1 42

ob=(5)
fl=(451)
fn=(4140)
45 8176
fi=(445)
969 49056
fe=(451)
67 984
+2 1968
-2 984
+3 1968
-15 19643
-2 19643
fi=(450)
+84 19643
-4 39286
+7 39286
+1 58929
+1 19643
-1 19643
+3 39286
fe=(451)
-85 39286
-2 19643
-2 19643
+6 19643
-4 19643
+5 39286
+23 836
+1 836
-1 1672
+2 836
+2 1816
+1 1816
-1 3632
+2 1816
+61 750
+8 5250
+1 375
47 375
163 375

ob=(2)
fl=(152)
fn=(3468)
2090 24
+3 42
+1 68
+4 14
+1 70
1740 28
2084 56
cfi=(420)
cfn=(3470)
calls=14 60 
* 206
1281 28

fn=(632)
3137 3092075
+3 6184150
+7 3173128
-2 4759692
+6 4759692
+6 4555995
+6 1518665
-3 3037330
+3 1518665
-3 1518665
+1 3037330
+2 4555995
2833 855188
+8 855188
-12 855188
+4 3420752
+8 855188
3164 855188
+10 1990431
-31 731375
+37 1462750
fi=(151)
151 2194125
fe=(152)
3184 1462750
cfn=(1634) _int_free_chunk
calls=731375 4057 
* 59320394
-36 1505511
+27 1
cfn=(932)
calls=1 -45 
* 261

fn=(633)
3137 1
+3 2
+7 2
-2 3
+6 3
+6 3
+6 1
-3 2
+3 1
-3 1
+1 2
+2 3
2833 1
+8 1
-12 1
+4 4
+8 1
3164 1

fn=(3474) systrim.constprop.0
2571 53082
+2 17694
+1 35388
+4 17694
+1 17694
-1 35388
+3 70776
+2 35388
-8 2
+48 2
-61 17692
+28 70768
cfi=(221)
cfn=(818)
calls=17692 25 
* 424608
* 17692
+1 70768
+32 35384
-20 70768
cfi=(221)
cfn=(818)
calls=17692 25 
* 813832
+1 35384
cfi=(221)
cfn=(818)
calls=17692 25 
* 424608
+2 35384
+2 35384
+4 70768
+4 35384
-1 17692
+1 35384
+2 35384

fn=(1634)
4057 731375
+5 2194125
+2 1462722
+16 28
+4 42
+10 42
cfn=(3506) munmap_chunk
calls=14 2627 
* 490
+2 42
+2 28
-12 52
+2 12
+1 12
-1 12
+1 12
+1 24
+8 731361
-33 731361
cfn=(1636) _int_free_merge_chunk
calls=731361 +40 
* 53468654

fn=(1676) realloc
3190 4
+7 4
+1 4
cfn=(812)
calls=2 -97 
* 60

fn=(3506)
2627 14
+3 42
1259 14
+7 14
+7 14
2632 14
1259 14
+7 14
+7 14
2628 14
1273 14
2640 56
+1 14
-1 14
+1 42
+3 14
+1 42
+5 14
+1 14
-1 14
cfi=(158)
cfn=(3508)
calls=14 0 
* 84

fn=(1636)
4105 3656805
+7 3656805
-6 731361
+9 2194083
+5 2194083
+4 1462722
-1 1462722
+1 1462722
1723 2194083
4131 1462722
+2 896
+2 896
+1 3584
+2 896
-4 896
+4 896
cfn=(1638)
calls=896 1425 
* 18819
+18 1462722
+6 1388744
+4 666504
+4 1388744
+9 30913
-1 30913
+2 61826
+2 92739
+7 1326918
+1 1990377
+1 663459
+2 1326918
+3 3317295
+4 663459
-1 663459
+2 663459
+1 663459
+2 1990377
+1 663459
+24 1326918
-29 30913
-1 30913
+2 30913
+1 30913
+2 92739
+1 30913
+24 135804
+3 55399
+2 55399
-2 55399
+2 110798
+17 55399
4144 4388166
+69 36989
+1 110967
+1 73978
-52 27868
+1 27868
-1 27868
cfn=(1638)
calls=27868 1425 
* 627053
+1 27868
-49 3656805
4237 276995
+1 35388
cfn=(3474)
calls=17694 2571 
* 2529992
* 17694

fl=(130) /usr/src/debug/glibc/glibc/string/../sysdeps/x86_64/multiarch/strcasecmp.c
fn=(448) strcasecmp_l
31 1
fi=(86)
+10 2
+1 4
+3 5
fe=(130)

fl=(173)
fn=(622)
25 4
+3 4
+1 4
+1 8
+2 4
+1 4

fn=(634)
40 4
+3 8
+4 8
+2 4

fl=(295)
fn=(1580)
146 8
-55 8

ob=(5)
fl=(451)
fn=(4140)
167 375
+1 5250
+1 375
+1 375
47 375
172 375
72 260
fi=(450)
+68 104
+1 156
+1 52
-1 52
+3 104
fe=(451)
305 52
-1 52
+2 52
72 61645
fi=(450)
+68 24658
+1 36987
+1 12329
-1 12329
+3 24658
-4 3734
+1 5601
+1 1867
-1 1867
+3 3734
fe=(451)
+46 12329
-1 12329
+3 12329
72 16560
fi=(450)
+68 8280
+1 12420
+1 4140
-1 4140
+3 8280
fe=(451)
+32 4140
fi=(450)
-43 4140
+4 16560
+3 8280
+1 12420
+1 4140
-1 4140
+3 8280
fe=(451)
+34 4140
-1 4140
+2 4140
+1 4140
72 2109
fi=(450)
+68 1406
+1 2109
+1 703
-1 703
+3 1406
fe=(451)

ob=(2)
fl=(295)
fn=(1580)
161 11
+1 3
-2 3
+1 2

fl=(367)
fn=(2392)
24 16
+5 32
+1 48
+24 16
+1 32
+4 60
+5 32

fl=(285)
fn=(1436)
54 22
+1 22
+1 11
185 33

fl=(282)
fn=(1404)
31 10
+4 10
-4 30
+4 54
+7 2
-7 4
+2 11
+1 11
+1 22
+8 36
+1 9

ob=(5)
fl=(451)
fn=(4140)
184 703
-1 703
+2 703
+1 703
-28 3000

ob=(4) /home/m0hawk/vginstall/libexec/valgrind/vgpreload_core-amd64-linux.so
fl=(155) ???
fn=(5086) 0x00000000000010b0
0 9
cob=(2)
cfi=(483)
cfn=(5068)
calls=1 45 
0 94
0 1
cfn=(5094) 0x0000000000001040
calls=1 0 
0 5
0 3

fn=(550) 0x0000000000001100
0 12

fn=(5094)
0 5

ob=(12)
fl=(384)
fn=(3354) boost::re_detail_500::basic_regex_parser<char, boost::regex_traits<char, boost::cpp_regex_traits<char> > >::get_next_set_literal(boost::re_detail_500::basic_char_set<char, boost::regex_traits<char, boost::cpp_regex_traits<char> > >&)
0 330

fn=(2920) 0x000000000001d640
0 12

fn=(3112) long double boost::math::detail::igamma_temme_large<long double, boost::math::policies::policy<boost::math::policies::promote_float<false>, boost::math::policies::promote_double<false>, boost::math::policies::default_policy, boost::math::policies::default_policy, boost::math::policies::default_policy, boost::math::policies::default_policy, boost::math::policies::default_policy, boost::math::policies::default_policy, boost::math::policies::default_policy, boost::math::policies::default_policy, boost::math::policies::default_policy, boost::math::policies::default_policy, boost::math::policies::default_policy> >(long double, long double, boost::math::policies::policy<boost::math::policies::promote_float<false>, boost::math::policies::promote_double<false>, boost::math::policies::default_policy, boost::math::policies::default_policy, boost::math::policies::default_policy, boost::math::policies::default_policy, boost::math::policies::default_policy, boost::math::policies::default_policy, boost::math::policies::default_policy, boost::math::policies::default_policy, boost::math::policies::default_policy, boost::math::policies::default_policy, boost::math::policies::default_policy> const&, std::integral_constant<int, 64> const&) [clone .isra.0]
0 451
cob=(6) /usr/lib/libm.so.6
cfi=(404) /usr/src/debug/glibc/glibc/math/w_expl_compat.c
cfn=(3116) expl
calls=1 30 
0 34
0 1
0 31
cfn=(3120) long double boost::math::detail::erf_imp<long double, boost::math::policies::policy<boost::math::policies::promote_float<false>, boost::math::policies::promote_double<false>, boost::math::policies::default_policy, boost::math::policies::default_policy, boost::math::policies::default_policy, boost::math::policies::default_policy, boost::math::policies::default_policy, boost::math::policies::default_policy, boost::math::policies::default_policy, boost::math::policies::default_policy, boost::math::policies::default_policy, boost::math::policies::default_policy, boost::math::policies::default_policy> >(long double, bool, boost::math::policies::policy<boost::math::policies::promote_float<false>, boost::math::policies::promote_double<false>, boost::math::policies::default_policy, boost::math::policies::default_policy, boost::math::policies::default_policy, boost::math::policies::default_policy, boost::math::policies::default_policy, boost::math::policies::default_policy, boost::math::policies::default_policy, boost::math::policies::default_policy, boost::math::policies::default_policy, boost::math::policies::default_policy, boost::math::policies::default_policy> const&, std::integral_constant<int, 64> const&) [clone .isra.0]
calls=1 0 
0 30
0 18

fn=(3138) long double boost::math::detail::bessel_k1_imp<long double>(long double const&, std::integral_constant<int, 64> const&) [clone .isra.0]
0 23
cob=(6)
cfi=(404)
cfn=(3116)
calls=1 30 
0 68
0 1
0 5
cob=(6)
cfi=(408) /usr/src/debug/glibc/glibc/math/w_sqrtl_compat.c
cfn=(3148) sqrtl
calls=1 32 
0 13
0 1
0 10
cob=(6)
cfi=(407) /usr/src/debug/glibc/glibc/math/w_logl_compat.c
cfn=(3142) logl
calls=1 29 
0 32
0 1
0 4

fn=(3246) rapidjson::BasicIStreamWrapper<std::istream>::Read()
0 1286502
cob=(7)
cfi=(413) /usr/src/debug/gcc/gcc-build/x86_64-pc-linux-gnu/libstdc++-v3/include/bits/istream.tcc
cfn=(3212) std::istream::read(char*, long)
calls=29357 709 
0 4523670
0 29357
0 176150

fn=(3264) void std::vector<std::__cxx11::basic_string<char, std::char_traits<char>, std::allocator<char> >, std::allocator<std::__cxx11::basic_string<char, std::char_traits<char>, std::allocator<char> > > >::_M_realloc_append<std::__cxx11::basic_string<char, std::char_traits<char>, std::allocator<char> > const&>(std::__cxx11::basic_string<char, std::char_traits<char>, std::allocator<char> > const&)
0 28
cob=(7)
cfi=(232) /usr/src/debug/gcc/gcc-build/x86_64-pc-linux-gnu/libstdc++-v3/libsupc++/../../../../gcc/libstdc++-v3/libsupc++/new_op.cc
cfn=(918) operator new(unsigned long)
calls=1 43 
0 42
0 1
0 8
cob=(8)
cfi=(229)
cfn=(912) void std::__cxx11::basic_string<char, std::char_traits<char>, std::allocator<char> >::_M_construct<true>(char const*, unsigned long)
calls=1 0 
0 36
0 1
0 20

fn=(3390) boost::re_detail_500::basic_regex_creator<char, boost::regex_traits<char, boost::cpp_regex_traits<char> > >::set_all_masks(unsigned char*, unsigned char) [clone .isra.0]
0 60

fn=(3406) boost::re_detail_500::perl_matcher<__gnu_cxx::__normal_iterator<char const*, std::__cxx11::basic_string<char, std::char_traits<char>, std::allocator<char> > >, std::allocator<boost::sub_match<__gnu_cxx::__normal_iterator<char const*, std::__cxx11::basic_string<char, std::char_traits<char>, std::allocator<char> > > > >, boost::regex_traits<char, boost::cpp_regex_traits<char> > >::match_set()
0 114

fn=(3490) boost::detail::function::functor_manager<boost::algorithm::detail::token_finderF<boost::algorithm::detail::is_any_ofF<char> > >::manage(boost::detail::function::function_buffer const&, boost::detail::function::function_buffer&, boost::detail::function::functor_manager_operation_type)
0 327
cob=(7)
cfi=(247) /usr/src/debug/gcc/gcc-build/x86_64-pc-linux-gnu/libstdc++-v3/libsupc++/../../../../gcc/libstdc++-v3/libsupc++/del_ops.cc
cfn=(1034) operator delete(void*, unsigned long)
calls=12 32 
0 444
0 12
0 90
cob=(7)
cfi=(232)
cfn=(918)
calls=9 43 
0 378
0 9
0 117
cob=(2)
cfi=(158)
cfn=(908)
calls=9 0 
0 144
0 9
0 72

fn=(3544) std::vector<unsigned long, std::allocator<unsigned long> >::vector(std::initializer_list<unsigned long>, std::allocator<unsigned long> const&) [clone .constprop.0]
0 24
cob=(7)
cfi=(232)
cfn=(918)
calls=3 43 
0 114
0 3
0 30

fn=(3626) bs_rng_construct
0 20
cob=(7)
cfi=(232)
cfn=(918)
calls=2 43 
0 84
0 2
0 36
cfn=(3538) boost::random::mixmax_engine<17, 36u, 0l>::apply_bigskip(unsigned long*, unsigned long*, unsigned int, unsigned int, unsigned int, unsigned int) [clone .isra.0]
calls=2 0 
0 496154
0 22

fn=(3810) stan::math::vari_base*& std::vector<stan::math::vari_base*, std::allocator<stan::math::vari_base*> >::emplace_back<stan::math::vari_base*>(stan::math::vari_base*&&) [clone .isra.0]
0 6526980
cob=(7)
cfi=(232)
cfn=(918)
calls=9 43 
0 971
0 9
0 138
cob=(2)
cfi=(158)
cfn=(908)
calls=8 0 
0 302
0 8
0 123
cob=(7)
cfi=(247)
cfn=(1034)
calls=8 32 
0 296
0 8
0 87

fn=(3838) Eigen::CwiseNullaryOp<Eigen::internal::scalar_constant_op<stan::math::var_value<double, void> >, Eigen::Matrix<stan::math::var_value<double, void>, -1, 1, 0, -1, 1> >::CwiseNullaryOp(long, long, Eigen::internal::scalar_constant_op<stan::math::var_value<double, void> > const&) [clone .constprop.0]
0 80874

fn=(3862) Eigen::PlainObjectBase<Eigen::Matrix<double, -1, -1, 0, -1, -1> >::resize(long, long)
0 11739870
cob=(2)
cfi=(152)
cfn=(632)
calls=434810 3137 
0 1739240
0 434810
0 3478480
cfn=(3814) Eigen::internal::aligned_malloc(unsigned long)
calls=434810 0 
0 19131640
0 3478480

fn=(3878) Eigen::PlainObjectBase<Eigen::Matrix<double, 1, -1, 1, 1, -1> >::resize(long, long)
0 3440640
cob=(2)
cfi=(152)
cfn=(632)
calls=286720 3137 
0 1146880
0 286720
0 2580480
cfn=(3814)
calls=286720 0 
0 49805470
0 1720320

fn=(3896) Eigen::CwiseNullaryOp<Eigen::internal::scalar_constant_op<double>, Eigen::Array<double, -1, 1, 0, -1, 1> const>::CwiseNullaryOp(long, long, Eigen::internal::scalar_constant_op<double> const&) [clone .constprop.0]
0 80640

fn=(3900) stan::return_type<Eigen::Matrix<stan::math::var_value<double, void>, -1, -1, 0, -1, -1>, double>::type stan::math::lkj_corr_cholesky_lpdf<true, Eigen::Matrix<stan::math::var_value<double, void>, -1, -1, 0, -1, -1>, double>(Eigen::Matrix<stan::math::var_value<double, void>, -1, -1, 0, -1, -1> const&, double const&)
0 89600
cfn=(3902) void stan::math::check_cholesky_factor<Eigen::Matrix<stan::math::var_value<double, void>, -1, -1, 0, -1, -1>, (void*)0>(char const*, char const*, Eigen::Matrix<stan::math::var_value<double, void>, -1, -1, 0, -1, -1> const&)
calls=4480 0 
0 3757183
0 70784
cfn=(3792) stan::math::var_value<double, void>::var_value<double, (void*)0>(double) [clone .constprop.0]
calls=4424 0 
0 199080
0 137144
cfn=(3812) Eigen::PlainObjectBase<Eigen::Matrix<stan::math::var_value<double, void>, -1, 1, 0, -1, 1> >::resize(long, long) [clone .constprop.0]
calls=4424 0 
0 300832
0 101752
cfn=(3810)
calls=4424 0 
0 39816
0 44240
cob=(6)
cfi=(434) /usr/src/debug/glibc/glibc/math/../sysdeps/ieee754/dbl-64/e_log.c
cfn=(3886) log@@GLIBC_2.29
calls=4424 49 
0 192413
0 4424
0 22120
cfn=(3794) stan::math::stack_alloc::alloc(unsigned long)
calls=4424 0 
0 57512
0 79632
cfn=(3904) auto stan::math::multiply<double, Eigen::Matrix<stan::math::var_value<double, void>, -1, 1, 0, -1, 1>&, (void*)0, (void*)0, (void*)0, (void*)0>(double const&, Eigen::Matrix<stan::math::var_value<double, void>, -1, 1, 0, -1, 1>&) [clone .isra.0]
calls=4424 0 
0 951160
0 101752
cfn=(3794)
calls=4424 0 
0 57512
0 70784
cfn=(3810)
calls=4424 0 
0 39816
0 66360
cfn=(3794)
calls=4424 0 
0 57512
0 17696
cfn=(3794)
calls=4424 0 
0 57512
0 92904
cfn=(3794)
calls=4424 0 
0 57512
0 53088
cfn=(3810)
calls=4424 0 
0 39816
0 57512
cfn=(3794)
calls=4424 0 
0 57512
0 57512
cfn=(3810)
calls=4424 0 
0 39816
0 26544
cob=(2)
cfi=(152)
cfn=(632)
calls=4424 3137 
0 492091
0 4424
0 8848
cob=(2)
cfi=(152)
cfn=(632)
calls=4424 3137 
0 145992
0 4424
0 44240
cfn=(3814)
calls=4424 0 
0 1080989
0 88480
cfn=(3794)
calls=4424 0 
0 57512
0 79632
cfn=(3810)
calls=4424 0 
0 39816
0 44240

fn=(3904)
0 61936
cfn=(3794)
calls=4424 0 
0 57512
0 53088
cfn=(3794)
calls=4424 0 
0 57512
0 106176
cfn=(3794)
calls=4424 0 
0 57512
0 26544
cfn=(3794)
calls=4424 0 
0 57512
0 115024
cfn=(3794)
calls=4424 0 
0 57512
0 92904
cfn=(3794)
calls=4424 0 
0 57512
0 61936
cfn=(3810)
calls=4424 0 
0 39816
0 48664

fn=(3940) stan::math::internal::reverse_pass_callback_vari<stan::math::elt_multiply<stan::math::Holder<Eigen::IndexedView<Eigen::Matrix<stan::math::var_value<double, void>, -1, 1, 0, -1, 1>, Eigen::CwiseBinaryOp<Eigen::internal::scalar_difference_op<int, int>, Eigen::Map<Eigen::Array<int, -1, 1, 0, -1, 1> const, 0, Eigen::Stride<0, 0> > const, Eigen::CwiseNullaryOp<Eigen::internal::scalar_constant_op<int>, Eigen::Array<int, -1, 1, 0, -1, 1> const> const>, Eigen::internal::SingleRange>, stan::model::index_multi>, Eigen::Matrix<stan::math::var_value<double, void>, -1, 1, 0, -1, 1>, (void*)0, (void*)0>(stan::math::Holder<Eigen::IndexedView<Eigen::Matrix<stan::math::var_value<double, void>, -1, 1, 0, -1, 1>, Eigen::CwiseBinaryOp<Eigen::internal::scalar_difference_op<int, int>, Eigen::Map<Eigen::Array<int, -1, 1, 0, -1, 1> const, 0, Eigen::Stride<0, 0> > const, Eigen::CwiseNullaryOp<Eigen::internal::scalar_constant_op<int>, Eigen::Array<int, -1, 1, 0, -1, 1> const> const>, Eigen::internal::SingleRange>, stan::model::index_multi> const&, Eigen::Matrix<stan::math::var_value<double, void>, -1, 1, 0, -1, 1> const&)::{lambda()#1}>::chain()
0 8848
cfn=(3942) stan::math::elt_multiply<stan::math::Holder<Eigen::IndexedView<Eigen::Matrix<stan::math::var_value<double, void>, -1, 1, 0, -1, 1>, Eigen::CwiseBinaryOp<Eigen::internal::scalar_difference_op<int, int>, Eigen::Map<Eigen::Array<int, -1, 1, 0, -1, 1> const, 0, Eigen::Stride<0, 0> > const, Eigen::CwiseNullaryOp<Eigen::internal::scalar_constant_op<int>, Eigen::Array<int, -1, 1, 0, -1, 1> const> const>, Eigen::internal::SingleRange>, stan::model::index_multi>, Eigen::Matrix<stan::math::var_value<double, void>, -1, 1, 0, -1, 1>, (void*)0, (void*)0>(stan::math::Holder<Eigen::IndexedView<Eigen::Matrix<stan::math::var_value<double, void>, -1, 1, 0, -1, 1>, Eigen::CwiseBinaryOp<Eigen::internal::scalar_difference_op<int, int>, Eigen::Map<Eigen::Array<int, -1, 1, 0, -1, 1> const, 0, Eigen::Stride<0, 0> > const, Eigen::CwiseNullaryOp<Eigen::internal::scalar_constant_op<int>, Eigen::Array<int, -1, 1, 0, -1, 1> const> const>, Eigen::internal::SingleRange>, stan::model::index_multi> const&, Eigen::Matrix<stan::math::var_value<double, void>, -1, 1, 0, -1, 1> const&)::{lambda()#1}::operator()()
calls=4424 0 
0 1189224288

fn=(3960) stan::math::internal::multiply_vd_vari::chain()
0 26544

fn=(3984) stan::math::internal::callback_vari<double, stan::math::square(stan::math::var_value<double, void> const&)::{lambda(auto:1&)#1}>::chain()
0 61936

fn=(4078) void stan::math::internal::elementwise_throw_domain_error<char const*, char const*, char const*, char const*, unsigned long, char const*, double, char const*, char const*, char const*>(char const* const, char const* const, char const* const, char const* const, unsigned long const, char const* const, double const, char const* const, char const* const, char const* const) [clone .constprop.0]
0 1035
cob=(7)
cfi=(249) /usr/src/debug/gcc/gcc-build/x86_64-pc-linux-gnu/libstdc++-v3/include/sstream
cfn=(1124) std::__cxx11::basic_stringstream<char, std::char_traits<char>, std::allocator<char> >::basic_stringstream()
calls=69 1173 
0 40779
0 69
0 207
cob=(7)
cfi=(207) /usr/src/debug/gcc/gcc-build/x86_64-pc-linux-gnu/libstdc++-v3/include/bits/ostream.h
cfn=(1456) std::basic_ostream<char, std::char_traits<char> >& std::operator<< <std::char_traits<char> >(std::basic_ostream<char, std::char_traits<char> >&, char const*)
calls=69 734 
0 36199
0 69
0 276
cob=(7)
cfi=(279) /usr/src/debug/gcc/gcc-build/x86_64-pc-linux-gnu/libstdc++-v3/include/bits/ostream_insert.h
cfn=(1392) std::basic_ostream<char, std::char_traits<char> >& std::__ostream_insert<char, std::char_traits<char> >(std::basic_ostream<char, std::char_traits<char> >&, char const*, long)
calls=69 84 
0 8556
0 69
0 276
cob=(2)
cfi=(158)
cfn=(688)
calls=69 0 
0 966
0 69
0 276
cob=(7)
cfi=(279)
cfn=(1392)
calls=69 84 
0 8185
0 69
0 276
cob=(7)
cfi=(279)
cfn=(1392)
calls=69 84 
0 8418
0 69
0 207
cob=(7)
cfi=(250) /usr/src/debug/gcc/gcc-build/x86_64-pc-linux-gnu/libstdc++-v3/include/bits/ostream.tcc
cfn=(1136) std::ostream& std::ostream::_M_insert<unsigned long>(unsigned long)
calls=69 67 
0 17940
0 69
0 276
cob=(7)
cfi=(279)
cfn=(1392)
calls=69 84 
0 8349
0 69
0 207
cob=(7)
cfi=(250)
cfn=(1282) std::ostream& std::ostream::_M_insert<double>(double)
calls=69 67 
0 111849
0 69
0 276
cob=(7)
cfi=(279)
cfn=(1392)
calls=69 84 
0 8211
0 69
0 276
cob=(2)
cfi=(158)
cfn=(688)
calls=69 0 
0 966
0 69
0 276
cob=(7)
cfi=(279)
cfn=(1392)
calls=69 84 
0 8237
0 69
0 276
cob=(7)
cfi=(279)
cfn=(1392)
calls=69 84 
0 8418
0 69
0 138
cob=(7)
cfi=(216) /usr/src/debug/gcc/gcc-build/x86_64-pc-linux-gnu/libstdc++-v3/libsupc++/../../../../gcc/libstdc++-v3/libsupc++/eh_alloc.cc
cfn=(4088) __cxa_allocate_exception
calls=69 395 
0 3450
0 69
0 276
cob=(7)
cfi=(249)
cfn=(3582) std::__cxx11::basic_stringbuf<char, std::char_traits<char>, std::allocator<char> >::str() const
calls=69 288 
0 12696
0 69
0 69
cfn=(4092) void stan::math::internal::elementwise_throw_domain_error<char const*, char const*, char const*, char const*, unsigned long, char const*, double, char const*, char const*, char const*>(char const* const, char const* const, char const* const, char const* const, unsigned long const, char const* const, double const, char const* const, char const* const, char const* const) [clone .constprop.0] [clone .cold]
calls=69 0 
0 2414363

fn=(4462) Eigen::Matrix<double, -1, -1, 0, -1, -1> stan::math::multiply_lower_tri_self_transpose<Eigen::Matrix<double, -1, -1, 0, -1, -1>, (void*)0, (void*)0>(Eigen::Matrix<double, -1, -1, 0, -1, -1> const&)
0 1250
cfn=(3862)
calls=50 0 
0 4600
0 1050
cfn=(3862)
calls=50 0 
0 4600
0 12550
cob=(2)
cfi=(152)
cfn=(632)
calls=50 3137 
0 1650
0 50
0 800

fn=(4470) void stan::io::serializer<double>::write<Eigen::Matrix<double, -1, -1, 0, -1, -1>&, (void*)0, (void*)0>(Eigen::Matrix<double, -1, -1, 0, -1, -1>&)
0 3200

fn=(4592) std::_Rb_tree<boost::re_detail_500::cpp_regex_traits_base<char>, std::pair<boost::re_detail_500::cpp_regex_traits_base<char> const, std::_List_iterator<std::pair<std::shared_ptr<boost::re_detail_500::cpp_regex_traits_implementation<char> const>, boost::re_detail_500::cpp_regex_traits_base<char> const*> > >, std::_Select1st<std::pair<boost::re_detail_500::cpp_regex_traits_base<char> const, std::_List_iterator<std::pair<std::shared_ptr<boost::re_detail_500::cpp_regex_traits_implementation<char> const>, boost::re_detail_500::cpp_regex_traits_base<char> const*> > > >, std::less<boost::re_detail_500::cpp_regex_traits_base<char> >, std::allocator<std::pair<boost::re_detail_500::cpp_regex_traits_base<char> const, std::_List_iterator<std::pair<std::shared_ptr<boost::re_detail_500::cpp_regex_traits_implementation<char> const>, boost::re_detail_500::cpp_regex_traits_base<char> const*> > > > >::_M_erase(std::_Rb_tree_node<std::pair<boost::re_detail_500::cpp_regex_traits_base<char> const, std::_List_iterator<std::pair<std::shared_ptr<boost::re_detail_500::cpp_regex_traits_implementation<char> const>, boost::re_detail_500::cpp_regex_traits_base<char> const*> > > >*) [clone .isra.0]
0 6

fn=(5102) 0x000000000001d5f0
0 9
cob=(2)
cfi=(483)
cfn=(5068)
calls=1 45 
0 94
0 1
cfn=(5110) 0x000000000001d580
calls=1 0 
0 5
0 3

fn=(4568) hier_2pl_model_namespace::hier_2pl_model::~hier_2pl_model()
0 8
cob=(7)
cfi=(247)
cfn=(1034)
calls=1 32 
0 91
0 1
0 6
cob=(7)
cfi=(247)
cfn=(1034)
calls=1 32 
0 91
0 1
0 6
cob=(7)
cfi=(247)
cfn=(1034)
calls=1 32 
0 267
0 1
0 7
cob=(7)
cfi=(247)
cfn=(1034)
calls=1 32 
0 37
0 1

fn=(3348) boost::re_detail_500::basic_regex_parser<char, boost::regex_traits<char, boost::cpp_regex_traits<char> > >::parse_extended()
0 57
cfn=(3372) boost::re_detail_500::basic_regex_parser<char, boost::regex_traits<char, boost::cpp_regex_traits<char> > >::parse_repeat(unsigned long, unsigned long)
calls=1 0 
0 231
0 12
cfn=(3350) boost::re_detail_500::basic_regex_parser<char, boost::regex_traits<char, boost::cpp_regex_traits<char> > >::parse_set()
calls=2 0 
0 5409

fn=(3122) long double boost::math::detail::owens_t_dispatch<long double, boost::math::policies::policy<boost::math::policies::default_policy, boost::math::policies::default_policy, boost::math::policies::default_policy, boost::math::policies::default_policy, boost::math::policies::default_policy, boost::math::policies::default_policy, boost::math::policies::default_policy, boost::math::policies::default_policy, boost::math::policies::default_policy, boost::math::policies::default_policy, boost::math::policies::default_policy, boost::math::policies::default_policy, boost::math::policies::default_policy> >(long double, long double, long double, boost::math::policies::policy<boost::math::policies::default_policy, boost::math::policies::default_policy, boost::math::policies::default_policy, boost::math::policies::default_policy, boost::math::policies::default_policy, boost::math::policies::default_policy, boost::math::policies::default_policy, boost::math::policies::default_policy, boost::math::policies::default_policy, boost::math::policies::default_policy, boost::math::policies::default_policy, boost::math::policies::default_policy, boost::math::policies::default_policy> const&, std::integral_constant<int, 64> const&) [clone .isra.0]
0 230
cob=(6)
cfi=(404)
cfn=(3116)
calls=1 30 
0 68
0 1
0 324
cob=(6)
cfi=(404)
cfn=(3116)
calls=18 30 
0 1224
0 18
0 304
cob=(6)
cfi=(404)
cfn=(3116)
calls=1 30 
0 68
0 1
0 7
cfn=(3120)
calls=1 0 
0 411
0 498
cob=(6)
cfi=(404)
cfn=(3116)
calls=1 30 
0 68
0 1
0 14

fn=(3252) void rapidjson::GenericReader<rapidjson::UTF8<char>, rapidjson::UTF8<char>, rapidjson::CrtAllocator>::ParseString<274u, rapidjson::BasicIStreamWrapper<std::istream>, stan::json::RapidJSONHandler<stan::json::json_data_handler> >(rapidjson::BasicIStreamWrapper<std::istream>&, stan::json::RapidJSONHandler<stan::json::json_data_handler>&, bool)
0 114
cfn=(3246)
calls=6 0 
0 555
0 251
cob=(7)
cfi=(413)
cfn=(3212)
calls=1 709 
0 154
0 1
0 57
cfn=(3246)
calls=6 0 
0 209
0 12
cfn=(3256) char* rapidjson::internal::Stack<rapidjson::CrtAllocator>::Push<char>(unsigned long) [clone .constprop.0]
calls=6 0 
0 90
0 138
cfn=(3080) std::__cxx11::basic_string<char, std::char_traits<char>, std::allocator<char> >::basic_string<std::allocator<char> >(char const*, std::allocator<char> const&)
calls=6 0 
0 336
0 36
cfn=(3258) stan::json::json_data_handler::key(std::__cxx11::basic_string<char, std::char_traits<char>, std::allocator<char> > const&)
calls=6 0 
0 354795
0 36
cob=(2)
cfi=(158)
cfn=(688)
calls=6 0 
0 84
0 6
0 42
cob=(7)
cfi=(246) /usr/src/debug/gcc/gcc-build/x86_64-pc-linux-gnu/libstdc++-v3/include/bits/basic_string.tcc
cfn=(1480) std::__cxx11::basic_string<char, std::char_traits<char>, std::allocator<char> >::_M_replace(unsigned long, unsigned long, char const*, unsigned long)
calls=6 574 
0 308
0 6
0 99
cob=(2)
cfi=(152)
cfn=(1676)
calls=1 3190 
0 36
0 1
0 22
cob=(7)
cfi=(232)
cfn=(918)
calls=1 43 
0 38
0 1
0 6

fn=(3256)
0 2335260

fn=(3286) boost::cpp_regex_traits<char>::get_catalog_name[abi:cxx11]()
0 10
cob=(2)
cfi=(304)
cfn=(1662)
calls=2 71 
0 58
0 2
0 22
cob=(8)
cfi=(229)
cfn=(912)
calls=2 0 
0 36
0 2
0 4
cob=(2)
cfi=(306)
cfn=(1680)
calls=2 357 
0 38
0 2
0 11
cob=(7)
cfi=(248) /usr/src/debug/gcc/gcc-build/x86_64-pc-linux-gnu/libstdc++-v3/libsupc++/../../../../gcc/libstdc++-v3/libsupc++/guard.cc
cfn=(1080) __cxa_guard_acquire
calls=1 273 
0 17
0 1
0 11
cob=(2)
cfi=(209)
cfn=(776)
calls=1 67 
0 66
0 1
0 2
cob=(7)
cfi=(248)
cfn=(1086) __cxa_guard_release
calls=1 443 
0 6
0 1
0 2

fn=(3392) boost::re_detail_500::basic_regex_creator<char, boost::regex_traits<char, boost::cpp_regex_traits<char> > >::probe_leading_repeat(boost::re_detail_500::re_syntax_base*)
0 17
cfn=(3393) boost::re_detail_500::basic_regex_creator<char, boost::regex_traits<char, boost::cpp_regex_traits<char> > >::probe_leading_repeat(boost::re_detail_500::re_syntax_base*)'2
calls=1 0 
0 12

fn=(3393)
0 12

fn=(3410) boost::re_detail_500::perl_matcher<__gnu_cxx::__normal_iterator<char const*, std::__cxx11::basic_string<char, std::char_traits<char>, std::allocator<char> > >, std::allocator<boost::sub_match<__gnu_cxx::__normal_iterator<char const*, std::__cxx11::basic_string<char, std::char_traits<char>, std::allocator<char> > > > >, boost::regex_traits<char, boost::cpp_regex_traits<char> > >::match_match()
0 252

fn=(3486) void std::__insertion_sort<char*, std::less<void> >(char*, char*, std::less<void>) [clone .isra.0]
0 30

fn=(3834) Eigen::PlainObjectBase<Eigen::Matrix<stan::math::var_value<double, void>, -1, -1, 0, -1, -1> >::resize(long, long)
0 242622
cob=(2)
cfi=(152)
cfn=(632)
calls=8986 3137 
0 35944
0 8986
0 71888
cfn=(3814)
calls=8986 0 
0 395384
0 71888

fn=(3840) Eigen::PlainObjectBase<Eigen::Matrix<stan::math::var_value<double, void>, -1, 1, 0, -1, 1> >::PlainObjectBase<Eigen::CwiseNullaryOp<Eigen::internal::scalar_constant_op<stan::math::var_value<double, void> >, Eigen::Matrix<stan::math::var_value<double, void>, -1, 1, 0, -1, 1> > >(Eigen::DenseBase<Eigen::CwiseNullaryOp<Eigen::internal::scalar_constant_op<stan::math::var_value<double, void> >, Eigen::Matrix<stan::math::var_value<double, void>, -1, 1, 0, -1, 1> > > const&)
0 256101
cfn=(3814)
calls=13479 0 
0 593353
0 768303

fn=(3870) Eigen::internal::triangular_solve_matrix<double, long, 1, 1, false, 0, 0, 1>::run(long, long, double const*, long, double*, long, long, Eigen::internal::level3_blocking<double, double>&)
0 37990400
cfn=(3872) Eigen::internal::gemm_pack_rhs<double, long, Eigen::internal::blas_data_mapper<double, long, 0, 0, 1>, 4, 0, false, true>::operator()(double*, Eigen::internal::blas_data_mapper<double, long, 0, 0, 1> const&, long, long, long, long) [clone .isra.0]
calls=143360 0 
0 16773120
0 10465280

fn=(3880) void Eigen::internal::trmv_selector<2, 1>::run<Eigen::Transpose<Eigen::Matrix<double, -1, -1, 0, -1, -1> const>, Eigen::Transpose<Eigen::Matrix<double, 1, -1, 1, 1, -1> const>, Eigen::Transpose<Eigen::Matrix<double, 1, -1, 1, 1, -1> > >(Eigen::Transpose<Eigen::Matrix<double, -1, -1, 0, -1, -1> const> const&, Eigen::Transpose<Eigen::Matrix<double, 1, -1, 1, 1, -1> const> const&, Eigen::Transpose<Eigen::Matrix<double, 1, -1, 1, 1, -1> >&, Eigen::Transpose<Eigen::Matrix<double, 1, -1, 1, 1, -1> >::Scalar const&) [clone .isra.0]
0 4300800
cfn=(3882) Eigen::internal::triangular_matrix_vector_product<long, 2, double, false, double, false, 1, 0>::run(long, long, double const*, long, double const*, long, double*, long, double const&) [clone .constprop.0]
calls=143360 0 
0 19066880
0 1863680

fn=(3892) stan::return_type<Eigen::Map<Eigen::Matrix<stan::math::var_value<double, void>, -1, 1, 0, -1, 1> const, 0, Eigen::Stride<0, 0> >&, double, double>::type stan::math::normal_lpdf<true, Eigen::Map<Eigen::Matrix<stan::math::var_value<double, void>, -1, 1, 0, -1, 1> const, 0, Eigen::Stride<0, 0> >&, double, double, (void*)0>(Eigen::Map<Eigen::Matrix<stan::math::var_value<double, void>, -1, 1, 0, -1, 1> const, 0, Eigen::Stride<0, 0> >&, double&&, double&&)
0 120960
cfn=(3894) Eigen::PlainObjectBase<Eigen::Array<double, -1, 1, 0, -1, 1> >::resize(long, long) [clone .constprop.0]
calls=4480 0 
0 1435902
0 37829120
cob=(2)
cfi=(152)
cfn=(632)
calls=4480 3137 
0 540590
0 4480
0 71680
cfn=(3812)
calls=4480 0 
0 1786835
0 6854400
cfn=(3858) stan::math::internal::ops_partials_edge<double, Eigen::Matrix<stan::math::var_value<double, void>, -1, 1, 0, -1, 1>, void>::ops_partials_edge(Eigen::Matrix<stan::math::var_value<double, void>, -1, 1, 0, -1, 1> const&)
calls=4480 0 
0 17579520
0 71680
cob=(2)
cfi=(152)
cfn=(632)
calls=4480 3137 
0 540625
0 4480
0 40320
cfn=(3896)
calls=4480 0 
0 26880
0 58240
cfn=(3896)
calls=4480 0 
0 26880
0 62720
cfn=(3894)
calls=4480 0 
0 1775164
0 9546880
cfn=(3896)
calls=4480 0 
0 26880
0 53760
cfn=(3794)
calls=4480 0 
0 58240
0 9600640
cfn=(3888) stan::math::var_value<double, void>::var_value<double, (void*)0>(double)
calls=4480 0 
0 206080
0 22400
cfn=(3794)
calls=4480 0 
0 58240
0 67200
cfn=(3810)
calls=4480 0 
0 40320
0 17920
cfn=(3794)
calls=4480 0 
0 58240
0 49280
cfn=(3810)
calls=4480 0 
0 40320
0 17920
cfn=(3794)
calls=4480 0 
0 58240
0 49280
cfn=(3810)
calls=4480 0 
0 40320
0 8960
cob=(2)
cfi=(152)
cfn=(632)
calls=4480 3137 
0 540625
0 4480
0 13440
cfn=(3898) double Eigen::DenseBase<Eigen::CwiseBinaryOp<Eigen::internal::scalar_product_op<double, double>, Eigen::Array<double, -1, 1, 0, -1, 1> const, Eigen::Array<double, -1, 1, 0, -1, 1> const> >::redux<Eigen::internal::scalar_sum_op<double, double> >(Eigen::internal::scalar_sum_op<double, double> const&) const [clone .isra.0]
calls=4480 0 
0 6186880
0 53760

fn=(3918) auto stan::math::elt_multiply<stan::math::Holder<Eigen::IndexedView<Eigen::Matrix<stan::math::var_value<double, void>, -1, 1, 0, -1, 1>, Eigen::CwiseBinaryOp<Eigen::internal::scalar_difference_op<int, int>, Eigen::Map<Eigen::Array<int, -1, 1, 0, -1, 1> const, 0, Eigen::Stride<0, 0> > const, Eigen::CwiseNullaryOp<Eigen::internal::scalar_constant_op<int>, Eigen::Array<int, -1, 1, 0, -1, 1> const> const>, Eigen::internal::SingleRange>, stan::model::index_multi>, Eigen::Matrix<stan::math::var_value<double, void>, -1, 1, 0, -1, 1>, (void*)0, (void*)0>(stan::math::Holder<Eigen::IndexedView<Eigen::Matrix<stan::math::var_value<double, void>, -1, 1, 0, -1, 1>, Eigen::CwiseBinaryOp<Eigen::internal::scalar_difference_op<int, int>, Eigen::Map<Eigen::Array<int, -1, 1, 0, -1, 1> const, 0, Eigen::Stride<0, 0> > const, Eigen::CwiseNullaryOp<Eigen::internal::scalar_constant_op<int>, Eigen::Array<int, -1, 1, 0, -1, 1> const> const>, Eigen::internal::SingleRange>, stan::model::index_multi> const&, Eigen::Matrix<stan::math::var_value<double, void>, -1, 1, 0, -1, 1> const&)
0 110600
cfn=(3794)
calls=4424 0 
0 57512
0 44240
cfn=(3794)
calls=4424 0 
0 57512
0 679623728
cfn=(3794)
calls=4424 0 
0 57512
0 61936
cfn=(3794)
calls=4424 0 
0 181664
0 424805752
cfn=(3794)
calls=4424 0 
0 57512
0 17696
cfn=(3794)
calls=4424 0 
0 57512
0 1529018456
cfn=(3794)
calls=84940800 0 
0 1104230400
0 1698816000
cfn=(3794)
calls=4424 0 
0 57512
0 70784
cfn=(3810)
calls=4424 0 
0 39816
0 39816
cfn=(3812)
calls=4424 0 
0 1411228
0 424801328

fn=(3944) stan::math::internal::reverse_pass_callback_vari<stan::math::subtract<stan::math::Holder<Eigen::IndexedView<Eigen::Map<Eigen::Matrix<stan::math::var_value<double, void>, -1, 1, 0, -1, 1> const, 0, Eigen::Stride<0, 0> >, Eigen::CwiseBinaryOp<Eigen::internal::scalar_difference_op<int, int>, Eigen::Map<Eigen::Array<int, -1, 1, 0, -1, 1> const, 0, Eigen::Stride<0, 0> > const, Eigen::CwiseNullaryOp<Eigen::internal::scalar_constant_op<int>, Eigen::Array<int, -1, 1, 0, -1, 1> const> const>, Eigen::internal::SingleRange>, stan::model::index_multi>, stan::math::Holder<Eigen::IndexedView<Eigen::Matrix<stan::math::var_value<double, void>, -1, 1, 0, -1, 1>, Eigen::CwiseBinaryOp<Eigen::internal::scalar_difference_op<int, int>, Eigen::Map<Eigen::Array<int, -1, 1, 0, -1, 1> const, 0, Eigen::Stride<0, 0> > const, Eigen::CwiseNullaryOp<Eigen::internal::scalar_constant_op<int>, Eigen::Array<int, -1, 1, 0, -1, 1> const> const>, Eigen::internal::SingleRange>, stan::model::index_multi>, (void*)0>(stan::math::Holder<Eigen::IndexedView<Eigen::Map<Eigen::Matrix<stan::math::var_value<double, void>, -1, 1, 0, -1, 1> const, 0, Eigen::Stride<0, 0> >, Eigen::CwiseBinaryOp<Eigen::internal::scalar_difference_op<int, int>, Eigen::Map<Eigen::Array<int, -1, 1, 0, -1, 1> const, 0, Eigen::Stride<0, 0> > const, Eigen::CwiseNullaryOp<Eigen::internal::scalar_constant_op<int>, Eigen::Array<int, -1, 1, 0, -1, 1> const> const>, Eigen::internal::SingleRange>, stan::model::index_multi> const&, stan::math::Holder<Eigen::IndexedView<Eigen::Matrix<stan::math::var_value<double, void>, -1, 1, 0, -1, 1>, Eigen::CwiseBinaryOp<Eigen::internal::scalar_difference_op<int, int>, Eigen::Map<Eigen::Array<int, -1, 1, 0, -1, 1> const, 0, Eigen::Stride<0, 0> > const, Eigen::CwiseNullaryOp<Eigen::internal::scalar_constant_op<int>, Eigen::Array<int, -1, 1, 0, -1, 1> const> const>, Eigen::internal::SingleRange>, stan::model::index_multi> const&)::{lambda()#1}>::chain()
0 1104287912

fn=(3968) stan::math::internal::reverse_pass_callback_vari<stan::math::internal::partials_propagator<stan::math::var_value<double, void>, void, Eigen::Matrix<stan::math::var_value<double, void>, -1, 1, 0, -1, 1>, Eigen::Matrix<stan::math::var_value<double, void>, -1, 1, 0, -1, 1>, Eigen::Matrix<stan::math::var_value<double, void>, -1, -1, 0, -1, -1> >::build(double)::{lambda(auto:1&&)#1}::operator()<stan::math::internal::ops_partials_edge<double, Eigen::Matrix<stan::math::var_value<double, void>, -1, -1, 0, -1, -1>, void>&>(stan::math::internal::ops_partials_edge<double, Eigen::Matrix<stan::math::var_value<double, void>, -1, -1, 0, -1, -1>, void>&)::{lambda()#1}>::chain()
0 566272
cfn=(3970) void stan::math::internal::update_adjoints<stan::math::arena_matrix<Eigen::Matrix<stan::math::var_value<double, void>, -1, -1, 0, -1, -1>, void>, stan::math::arena_matrix<Eigen::Matrix<double, -1, -1, 0, -1, -1>, void>, (void*)0, (void*)0>(stan::math::arena_matrix<Eigen::Matrix<stan::math::var_value<double, void>, -1, -1, 0, -1, -1>, void>&, stan::math::arena_matrix<Eigen::Matrix<double, -1, -1, 0, -1, -1>, void> const&, stan::math::var_value<double, void> const&)
calls=141568 0 
0 8494080

fn=(3976) stan::math::diag_pre_multiply<Eigen::Matrix<stan::math::var_value<double, void>, -1, 1, 0, -1, 1>, Eigen::Matrix<stan::math::var_value<double, void>, -1, -1, 0, -1, -1>, (void*)0, (void*)0, (void*)0>(Eigen::Matrix<stan::math::var_value<double, void>, -1, 1, 0, -1, 1> const&, Eigen::Matrix<stan::math::var_value<double, void>, -1, -1, 0, -1, -1> const&)::{lambda()#1}::operator()()
0 1021944

fn=(4442) stan::model::model_base_crtp<hier_2pl_model_namespace::hier_2pl_model>::write_array(boost::random::mixmax_engine<17, 36u, 0l>&, Eigen::Matrix<double, -1, 1, 0, -1, 1>&, Eigen::Matrix<double, -1, 1, 0, -1, 1>&, bool, bool, std::ostream*) const
0 52800
cfn=(4444) void hier_2pl_model_namespace::hier_2pl_model::write_array_impl<boost::random::mixmax_engine<17, 36u, 0l>, Eigen::Matrix<double, -1, 1, 0, -1, 1>, std::vector<int, std::allocator<int> >, Eigen::Matrix<double, -1, 1, 0, -1, 1>, (void*)0, (void*)0, (void*)0>(boost::random::mixmax_engine<17, 36u, 0l>&, Eigen::Matrix<double, -1, 1, 0, -1, 1>&, std::vector<int, std::allocator<int> >&, Eigen::Matrix<double, -1, 1, 0, -1, 1>&, bool, bool, std::ostream*) const [clone .isra.0]
calls=50 0 
0 975394
0 700
cfn=(3782) Eigen::PlainObjectBase<Eigen::Matrix<double, -1, 1, 0, -1, 1> >::resize(long, long) [clone .constprop.0]
calls=50 0 
0 22109
0 400

fn=(4454) void stan::io::serializer<double>::write<Eigen::Map<Eigen::Matrix<double, -1, 1, 0, -1, 1> const, 0, Eigen::Stride<0, 0> >&, (void*)0, (void*)0>(Eigen::Map<Eigen::Matrix<double, -1, 1, 0, -1, 1> const, 0, Eigen::Stride<0, 0> >&)
0 92050

fn=(4472) std::vector<Eigen::Matrix<double, -1, 1, 0, -1, 1>, std::allocator<Eigen::Matrix<double, -1, 1, 0, -1, 1> > >::~vector()
0 650
cob=(2)
cfi=(152)
cfn=(632)
calls=50 3137 
0 1650
0 50
0 4650
cob=(2)
cfi=(152)
cfn=(632)
calls=1550 3137 
0 118300
0 1550
0 3700
cob=(7)
cfi=(247)
cfn=(1034)
calls=50 32 
0 1850
0 50

fn=(4566) bs_model_destruct
0 8
cob=(2)
cfi=(152)
cfn=(632)
calls=1 3137 
0 117
0 1
0 4
cob=(2)
cfi=(152)
cfn=(632)
calls=1 3137 
0 125
0 1
0 4
cob=(2)
cfi=(152)
cfn=(632)
calls=1 3137 
0 125
0 1
0 4
cob=(2)
cfi=(152)
cfn=(632)
calls=1 3137 
0 152
0 1
0 4
cob=(2)
cfi=(152)
cfn=(632)
calls=1 3137 
0 144
0 1
0 4
cob=(2)
cfi=(152)
cfn=(632)
calls=1 3137 
0 33
0 1
0 4
cob=(2)
cfi=(152)
cfn=(632)
calls=1 3137 
0 112
0 1
0 5
cfn=(4568)
calls=1 0 
0 517
0 4
cob=(7)
cfi=(247)
cfn=(1034)
calls=1 32 
0 37
0 1

fn=(4598)
0 16
cob=(9)
cfi=(387) /home/m0hawk/.bridgestan/bridgestan-2.9.0/stan/lib/stan_math/lib/tbb/../tbb_2020.3/src/tbb/observer_proxy.cpp
cfn=(2960) tbb::internal::task_scheduler_observer_v3::observe(bool)
calls=2 294 
0 255
0 2
0 41
cob=(7)
cfi=(247)
cfn=(1034)
calls=1 32 
0 137
0 1
0 6
cob=(7)
cfi=(247)
cfn=(1034)
calls=1 32 
0 116
0 1
0 6
cob=(7)
cfi=(247)
cfn=(1034)
calls=1 32 
0 137
0 1
0 35
cob=(2)
cfi=(152)
cfn=(632)
calls=6 3137 
0 514
0 6
0 30
cob=(7)
cfi=(247)
cfn=(1034)
calls=1 32 
0 116
0 1
0 6
cob=(7)
cfi=(247)
cfn=(1034)
calls=1 32 
0 137
0 1
0 6
cob=(7)
cfi=(247)
cfn=(1034)
calls=1 32 
0 116
0 1
0 6
cob=(7)
cfi=(247)
cfn=(1034)
calls=1 32 
0 37
0 1
0 6
cob=(7)
cfi=(247)
cfn=(1034)
calls=1 32 
0 37
0 1
0 9
cob=(7)
cfi=(247)
cfn=(1034)
calls=1 32 
0 159
0 1
0 6
cob=(7)
cfi=(247)
cfn=(1034)
calls=1 32 
0 148
0 1
0 3
cob=(7)
cfi=(247)
cfn=(1034)
calls=1 32 
0 37
0 1
0 4
cob=(7)
cfi=(247)
cfn=(1034)
calls=1 32 
0 137
0 1
0 3
cob=(7)
cfi=(247)
cfn=(1034)
calls=1 32 
0 116
0 1
0 6
cob=(7)
cfi=(247)
cfn=(1034)
calls=2 32 
0 280
0 2
0 26
cob=(7)
cfi=(247)
cfn=(1034)
calls=2 32 
0 74
0 2
0 16

fn=(4606)
0 469
cob=(9)
cfi=(389) /home/m0hawk/.bridgestan/bridgestan-2.9.0/stan/lib/stan_math/lib/tbb/../tbb_2020.3/src/tbb/cache_aligned_allocator.cpp
cfn=(4610) tbb::internal::deallocate_via_handler_v3(void*)
calls=1 233 
0 64
0 1
0 9
cob=(9)
cfi=(389)
cfn=(4610)
calls=1 233 
0 66
0 1
0 5

fn=(5110)
0 5

fn=(3336) boost::re_detail_500::cpp_regex_traits_implementation<char>::lookup_classname(char const*, char const*) const
0 50
cfn=(3338) boost::re_detail_500::cpp_regex_traits_implementation<char>::lookup_classname_imp(char const*, char const*) const
calls=5 0 
0 1085
0 50

fn=(3340) int boost::re_detail_500::get_default_class_id<char>(char const*, char const*)
0 793
cob=(2)
cfi=(158)
cfn=(690)
calls=5 0 
0 77
0 5
0 100

fn=(3342) boost::re_detail_500::basic_regex_creator<char, boost::regex_traits<char, boost::cpp_regex_traits<char> > >::append_state(boost::re_detail_500::syntax_element_type, unsigned long) [clone .constprop.0]
0 92
cob=(7)
cfi=(232)
cfn=(918)
calls=1 43 
0 42
0 1
0 7
cob=(7)
cfi=(235) /usr/src/debug/gcc/gcc-build/x86_64-pc-linux-gnu/libstdc++-v3/libsupc++/../../../../gcc/libstdc++-v3/libsupc++/del_op.cc
cfn=(930) operator delete(void*)
calls=1 48 
0 6
0 1
0 7

fn=(3120)
0 136
cob=(6)
cfi=(405) /usr/src/debug/glibc/glibc/math/../sysdeps/ieee754/ldbl-96/s_frexpl.c
cfn=(3126) frexpl
calls=1 30 
0 17
0 1
0 4
cob=(6)
cfi=(406) /usr/src/debug/glibc/glibc/math/./s_ldexp_template.c
cfn=(3130) ldexpl
calls=1 22 
0 41
0 1
0 14
cob=(6)
cfi=(406)
cfn=(3130)
calls=1 22 
0 41
0 1
0 17
cob=(6)
cfi=(404)
cfn=(3116)
calls=1 30 
0 68
0 1
0 20
cob=(6)
cfi=(404)
cfn=(3116)
calls=1 30 
0 68
0 1
0 10

fn=(3288) boost::re_detail_500::cpp_regex_traits_implementation<char>::init()
0 12
cfn=(3286)
calls=1 0 
0 91
0 5
cfn=(3290) unsigned int boost::re_detail_500::find_sort_syntax<boost::re_detail_500::cpp_regex_traits_implementation<char>, char>(boost::re_detail_500::cpp_regex_traits_implementation<char> const*, char*)
calls=1 0 
0 1449
0 16

fn=(3290)
0 15
cfn=(3292) boost::re_detail_500::cpp_regex_traits_implementation<char>::transform[abi:cxx11](char const*, char const*) const
calls=1 0 
0 452
0 3
cob=(2)
cfi=(158)
cfn=(688)
calls=1 0 
0 14
0 1
0 9
cfn=(3292)
calls=1 0 
0 452
0 7
cfn=(3292)
calls=1 0 
0 452
0 44

fn=(3386) boost::re_detail_500::basic_regex_creator<char, boost::regex_traits<char, boost::cpp_regex_traits<char> > >::create_startmaps(boost::re_detail_500::re_syntax_base*)
0 111
cfn=(3388) boost::re_detail_500::basic_regex_creator<char, boost::regex_traits<char, boost::cpp_regex_traits<char> > >::create_startmap(boost::re_detail_500::re_syntax_base*, unsigned char*, unsigned int*, unsigned char)
calls=1 0 
0 1662
0 9
cfn=(3388)
calls=1 0 
0 123
0 30
cob=(7)
cfi=(247)
cfn=(1034)
calls=1 32 
0 37
0 1
0 19
cob=(7)
cfi=(232)
cfn=(918)
calls=1 43 
0 42
0 1
0 18

fn=(3396) std::vector<boost::sub_match<__gnu_cxx::__normal_iterator<char const*, std::__cxx11::basic_string<char, std::char_traits<char>, std::allocator<char> > > >, std::allocator<boost::sub_match<__gnu_cxx::__normal_iterator<char const*, std::__cxx11::basic_string<char, std::char_traits<char>, std::allocator<char> > > > > >::_M_fill_insert(__gnu_cxx::__normal_iterator<boost::sub_match<__gnu_cxx::__normal_iterator<char const*, std::__cxx11::basic_string<char, std::char_traits<char>, std::allocator<char> > > >*, std::vector<boost::sub_match<__gnu_cxx::__normal_iterator<char const*, std::__cxx11::basic_string<char, std::char_traits<char>, std::allocator<char> > > >, std::allocator<boost::sub_match<__gnu_cxx::__normal_iterator<char const*, std::__cxx11::basic_string<char, std::char_traits<char>, std::allocator<char> > > > > > >, unsigned long, boost::sub_match<__gnu_cxx::__normal_iterator<char const*, std::__cxx11::basic_string<char, std::char_traits<char>, std::allocator<char> > > > const&)
0 78
cfn=(3398) std::vector<boost::sub_match<__gnu_cxx::__normal_iterator<char const*, std::__cxx11::basic_string<char, std::char_traits<char>, std::allocator<char> > > >, std::allocator<boost::sub_match<__gnu_cxx::__normal_iterator<char const*, std::__cxx11::basic_string<char, std::char_traits<char>, std::allocator<char> > > > > >::_M_fill_append(unsigned long, boost::sub_match<__gnu_cxx::__normal_iterator<char const*, std::__cxx11::basic_string<char, std::char_traits<char>, std::allocator<char> > > > const&)
calls=6 0 
0 1339

fn=(3426) std::_Rb_tree<std::__cxx11::basic_string<char, std::char_traits<char>, std::allocator<char> >, std::pair<std::__cxx11::basic_string<char, std::char_traits<char>, std::allocator<char> > const, int>, std::_Select1st<std::pair<std::__cxx11::basic_string<char, std::char_traits<char>, std::allocator<char> > const, int> >, std::less<std::__cxx11::basic_string<char, std::char_traits<char>, std::allocator<char> > >, std::allocator<std::pair<std::__cxx11::basic_string<char, std::char_traits<char>, std::allocator<char> > const, int> > >::_M_get_insert_unique_pos(std::__cxx11::basic_string<char, std::char_traits<char>, std::allocator<char> > const&) [clone .isra.0]
0 58

fn=(3434) stan::json::json_data_handler::number_unsigned_int(unsigned int)
0 1382472
cfn=(3260) boost::range_value<std::vector<std::__cxx11::basic_string<char, std::char_traits<char>, std::allocator<char> >, std::allocator<std::__cxx11::basic_string<char, std::char_traits<char>, std::allocator<char> > > > >::type boost::algorithm::join<std::vector<std::__cxx11::basic_string<char, std::char_traits<char>, std::allocator<char> >, std::allocator<std::__cxx11::basic_string<char, std::char_traits<char>, std::allocator<char> > > >, char [2]>(std::vector<std::__cxx11::basic_string<char, std::char_traits<char>, std::allocator<char> >, std::allocator<std::__cxx11::basic_string<char, std::char_traits<char>, std::allocator<char> > > > const&, char const (&) [2])
calls=57603 0 
0 5165031
0 2361678
cob=(2)
cfi=(158)
cfn=(690)
calls=192005 0 
0 2956850
0 192005
0 2150477
cob=(2)
cfi=(158)
cfn=(690)
calls=57603 0 
0 1267230
0 57603
0 2016329
cob=(7)
cfi=(232)
cfn=(918)
calls=16 43 
0 2315
0 16
0 188
cob=(7)
cfi=(247)
cfn=(1034)
calls=15 32 
0 1089
0 15
0 140
cob=(2)
cfi=(158)
cfn=(908)
calls=15 0 
0 116432
0 15
0 15

fn=(3444) std::_Rb_tree<std::__cxx11::basic_string<char, std::char_traits<char>, std::allocator<char> >, std::pair<std::__cxx11::basic_string<char, std::char_traits<char>, std::allocator<char> > const, stan::json::array_dims>, std::_Select1st<std::pair<std::__cxx11::basic_string<char, std::char_traits<char>, std::allocator<char> > const, stan::json::array_dims> >, std::less<std::__cxx11::basic_string<char, std::char_traits<char>, std::allocator<char> > >, std::allocator<std::pair<std::__cxx11::basic_string<char, std::char_traits<char>, std::allocator<char> > const, stan::json::array_dims> > >::find(std::__cxx11::basic_string<char, std::char_traits<char>, std::allocator<char> > const&) const [clone .isra.0]
0 289
cob=(2)
cfi=(158)
cfn=(690)
calls=13 0 
0 202
0 13
0 179
cob=(2)
cfi=(158)
cfn=(690)
calls=6 0 
0 96
0 6
0 152

fn=(3466) std::_Rb_tree<std::__cxx11::basic_string<char, std::char_traits<char>, std::allocator<char> >, std::pair<std::__cxx11::basic_string<char, std::char_traits<char>, std::allocator<char> > const, stan::json::array_dims>, std::_Select1st<std::pair<std::__cxx11::basic_string<char, std::char_traits<char>, std::allocator<char> > const, stan::json::array_dims> >, std::less<std::__cxx11::basic_string<char, std::char_traits<char>, std::allocator<char> > >, std::allocator<std::pair<std::__cxx11::basic_string<char, std::char_traits<char>, std::allocator<char> > const, stan::json::array_dims> > >::_M_get_insert_unique_pos(std::__cxx11::basic_string<char, std::char_traits<char>, std::allocator<char> > const&) [clone .isra.0]
0 29

fn=(3472) stan::json::json_data_handler::end_array()
0 69
cfn=(3260)
calls=3 0 
0 269
0 21
cfn=(3444)
calls=3 0 
0 372
0 30
cfn=(3260)
calls=3 0 
0 269
0 9
cfn=(3462) std::map<std::__cxx11::basic_string<char, std::char_traits<char>, std::allocator<char> >, stan::json::array_dims, std::less<std::__cxx11::basic_string<char, std::char_traits<char>, std::allocator<char> > >, std::allocator<std::pair<std::__cxx11::basic_string<char, std::char_traits<char>, std::allocator<char> > const, stan::json::array_dims> > >::operator[](std::__cxx11::basic_string<char, std::char_traits<char>, std::allocator<char> > const&)
calls=3 0 
0 396
0 30
cob=(7)
cfi=(232)
cfn=(918)
calls=3 43 
0 114
0 3
0 24
cob=(2)
cfi=(158)
cfn=(908)
calls=3 0 
0 39
0 3
0 24
cob=(7)
cfi=(232)
cfn=(918)
calls=3 43 
0 114
0 3
0 24
cob=(2)
cfi=(158)
cfn=(908)
calls=3 0 
0 39
0 3
0 147
cob=(2)
cfi=(158)
cfn=(690)
calls=10 0 
0 130
0 10
0 100
cfn=(3456) std::__cxx11::basic_string<char, std::char_traits<char>, std::allocator<char> >::compare(std::__cxx11::basic_string<char, std::char_traits<char>, std::allocator<char> > const&) const [clone .isra.0]
calls=3 0 
0 123
0 27
cfn=(3422) std::map<std::__cxx11::basic_string<char, std::char_traits<char>, std::allocator<char> >, int, std::less<std::__cxx11::basic_string<char, std::char_traits<char>, std::allocator<char> > >, std::allocator<std::pair<std::__cxx11::basic_string<char, std::char_traits<char>, std::allocator<char> > const, int> > >::operator[](std::__cxx11::basic_string<char, std::char_traits<char>, std::allocator<char> > const&)
calls=3 0 
0 531
0 54
cfn=(3462)
calls=3 0 
0 396
0 12
cfn=(3454) std::vector<unsigned long, std::allocator<unsigned long> >::operator=(std::vector<unsigned long, std::allocator<unsigned long> > const&) [clone .isra.0]
calls=3 0 
0 99
0 9
cfn=(3454)
calls=3 0 
0 99
0 21
cob=(7)
cfi=(247)
cfn=(1034)
calls=3 32 
0 111
0 3
0 18
cob=(7)
cfi=(247)
cfn=(1034)
calls=3 32 
0 111
0 3
0 66

fn=(3482) stan::json::json_data_handler::update_array_dims()
0 29
cob=(7)
cfi=(419) /usr/src/debug/gcc/gcc-build/x86_64-pc-linux-gnu/libstdc++-v3/src/c++98/../../../../../gcc/libstdc++-v3/src/c++98/tree.cc
cfn=(3368) std::_Rb_tree_increment(std::_Rb_tree_node_base*)
calls=6 84 
0 88
0 6
0 63
cfn=(3484) void std::__introsort_loop<char*, long, std::less<void> >(char*, char*, long, std::less<void>) [clone .isra.0]
calls=3 0 
0 27
0 9
cfn=(3486)
calls=3 0 
0 30
0 27
cob=(2)
cfi=(158)
cfn=(908)
calls=3 0 
0 48
0 3
0 30
cob=(2)
cfi=(158)
cfn=(908)
calls=3 0 
0 48
0 3
0 104
cob=(2)
cfi=(158)
cfn=(908)
calls=3 0 
0 48
0 3
0 33
cob=(2)
cfi=(158)
cfn=(908)
calls=3 0 
0 48
0 3
0 30
cob=(2)
cfi=(158)
cfn=(908)
calls=3 0 
0 48
0 3
0 33
cob=(2)
cfi=(158)
cfn=(908)
calls=3 0 
0 48
0 3
0 30
cob=(2)
cfi=(158)
cfn=(908)
calls=3 0 
0 48
0 3
0 30
cob=(2)
cfi=(158)
cfn=(908)
calls=3 0 
0 48
0 3
0 30
cob=(2)
cfi=(158)
cfn=(908)
calls=3 0 
0 48
0 3
0 9
cob=(7)
cfi=(232)
cfn=(918)
calls=3 43 
0 126
0 3
0 171
cfn=(3488) boost::detail::function::function_obj_invoker<boost::algorithm::detail::token_finderF<boost::algorithm::detail::is_any_ofF<char> >, boost::iterator_range<__gnu_cxx::__normal_iterator<char const*, std::__cxx11::basic_string<char, std::char_traits<char>, std::allocator<char> > > >, __gnu_cxx::__normal_iterator<char const*, std::__cxx11::basic_string<char, std::char_traits<char>, std::allocator<char> > >, __gnu_cxx::__normal_iterator<char const*, std::__cxx11::basic_string<char, std::char_traits<char>, std::allocator<char> > > >::invoke(boost::detail::function::function_buffer&, __gnu_cxx::__normal_iterator<char const*, std::__cxx11::basic_string<char, std::char_traits<char>, std::allocator<char> > >, __gnu_cxx::__normal_iterator<char const*, std::__cxx11::basic_string<char, std::char_traits<char>, std::allocator<char> > >)
calls=3 0 
0 433
0 63
cfn=(3490)
calls=3 0 
0 282
0 63
cfn=(3490)
calls=3 0 
0 189
0 72
cfn=(3490)
calls=3 0 
0 282
0 90
cfn=(3490)
calls=3 0 
0 282
0 54
cfn=(3488)
calls=3 0 
0 255
0 165
cob=(2)
cfi=(158)
cfn=(908)
calls=2 0 
0 36
0 2
0 57
cob=(7)
cfi=(232)
cfn=(918)
calls=3 43 
0 126
0 3
0 97
cfn=(3490)
calls=3 0 
0 189
0 48
cfn=(3490)
calls=3 0 
0 189
0 75
cfn=(3490)
calls=3 0 
0 189
0 108
cob=(7)
cfi=(246)
cfn=(3494) std::__cxx11::basic_string<char, std::char_traits<char>, std::allocator<char> >::_M_append(char const*, unsigned long)
calls=3 476 
0 126
0 3
0 118
cob=(2)
cfi=(158)
cfn=(690)
calls=6 0 
0 102
0 6
0 96
cob=(2)
cfi=(158)
cfn=(690)
calls=3 0 
0 48
0 3
0 109
cob=(2)
cfi=(158)
cfn=(690)
calls=6 0 
0 102
0 6
0 93
cob=(2)
cfi=(158)
cfn=(690)
calls=3 0 
0 48
0 3
0 63
cob=(7)
cfi=(246)
cfn=(3494)
calls=3 476 
0 84
0 3
0 51
cfn=(3440) std::_Rb_tree<std::__cxx11::basic_string<char, std::char_traits<char>, std::allocator<char> >, std::pair<std::__cxx11::basic_string<char, std::char_traits<char>, std::allocator<char> > const, std::pair<std::vector<int, std::allocator<int> >, std::vector<unsigned long, std::allocator<unsigned long> > > >, std::_Select1st<std::pair<std::__cxx11::basic_string<char, std::char_traits<char>, std::allocator<char> > const, std::pair<std::vector<int, std::allocator<int> >, std::vector<unsigned long, std::allocator<unsigned long> > > > >, std::less<std::__cxx11::basic_string<char, std::char_traits<char>, std::allocator<char> > >, std::allocator<std::pair<std::__cxx11::basic_string<char, std::char_traits<char>, std::allocator<char> > const, std::pair<std::vector<int, std::allocator<int> >, std::vector<unsigned long, std::allocator<unsigned long> > > > > >::find(std::__cxx11::basic_string<char, std::char_traits<char>, std::allocator<char> > const&) const [clone .isra.0]
calls=3 0 
0 507
0 135
cob=(2)
cfi=(158)
cfn=(690)
calls=10 0 
0 130
0 10
0 124
cob=(2)
cfi=(158)
cfn=(690)
calls=3 0 
0 48
0 3
0 127
cob=(2)
cfi=(158)
cfn=(690)
calls=6 0 
0 102
0 6
0 81
cob=(2)
cfi=(158)
cfn=(690)
calls=3 0 
0 48
0 3
0 90
cfn=(3500) void std::vector<unsigned long, std::allocator<unsigned long> >::_M_realloc_append<unsigned long const&>(unsigned long const&)
calls=3 0 
0 258
0 3
0 96
cob=(7)
cfi=(247)
cfn=(1034)
calls=3 32 
0 111
0 3
0 18
cob=(7)
cfi=(247)
cfn=(1034)
calls=3 32 
0 111
0 3
0 102

fn=(3534) new_model(stan::io::var_context&, unsigned int, std::ostream*)
0 10
cob=(7)
cfi=(232)
cfn=(918)
calls=1 43 
0 42
0 1
0 6
cfn=(3536) hier_2pl_model_namespace::hier_2pl_model::hier_2pl_model(stan::io::var_context&, unsigned int, std::ostream*)
calls=1 0 
0 1167048
0 7

fn=(3592) std::__cxx11::to_string(int)
0 103419
cob=(7)
cfi=(246)
cfn=(3312) std::__cxx11::basic_string<char, std::char_traits<char>, std::allocator<char> >::reserve(unsigned long)
calls=864 367 
0 12096
0 864
0 17535
cob=(7)
cfi=(246)
cfn=(3312)
calls=2505 367 
0 35070
0 2505
0 239186
cob=(7)
cfi=(246)
cfn=(3312)
calls=404 367 
0 5656
0 404
0 1616

fn=(3604) bridgestan::to_csv(std::vector<std::__cxx11::basic_string<char, std::char_traits<char>, std::allocator<char> >, std::allocator<std::__cxx11::basic_string<char, std::char_traits<char>, std::allocator<char> > > > const&)
0 105
cob=(7)
cfi=(202) /usr/src/debug/gcc/gcc-build/x86_64-pc-linux-gnu/libstdc++-v3/src/c++11/../../../../../gcc/libstdc++-v3/src/c++11/ios.cc
cfn=(738) std::ios_base::ios_base()
calls=5 76 
0 280
0 5
0 105
cob=(7)
cfi=(203) /usr/src/debug/gcc/gcc-build/x86_64-pc-linux-gnu/libstdc++-v3/include/bits/basic_ios.tcc
cfn=(740) std::basic_ios<char, std::char_traits<char> >::init(std::basic_streambuf<char, std::char_traits<char> >*)
calls=5 131 
0 735
0 5
0 50
cob=(7)
cfi=(203)
cfn=(740)
calls=5 131 
0 735
0 5
0 90
cob=(7)
cfi=(169) /usr/src/debug/gcc/gcc-build/x86_64-pc-linux-gnu/libstdc++-v3/src/c++11/../../../../../gcc/libstdc++-v3/src/c++11/locale_init.cc
cfn=(604) std::locale::locale()
calls=5 269 
0 125
0 5
0 55
cob=(7)
cfi=(203)
cfn=(740)
calls=5 131 
0 735
0 5
0 40
cob=(7)
cfi=(279)
cfn=(1392)
calls=5 84 
0 1025
0 5
0 65118
cob=(7)
cfi=(279)
cfn=(1392)
calls=3616 84 
0 445258
0 3616
0 14464
cob=(7)
cfi=(250)
cfn=(3562) std::ostream::put(char)
calls=3616 157 
0 183680
0 3616
0 3711
cob=(7)
cfi=(246)
cfn=(1480)
calls=5 574 
0 5354
0 5
0 10
cob=(2)
cfi=(422)
cfn=(3554)
calls=5 40 
0 8034
0 5
0 40
cob=(7)
cfi=(247)
cfn=(1034)
calls=5 32 
0 611
0 5
0 65
cob=(7)
cfi=(247)
cfn=(1034)
calls=5 32 
0 470
0 5
0 25
cob=(7)
cfi=(170)
cfn=(746) std::locale::~locale()
calls=5 91 
0 30
0 5
0 90
cob=(7)
cfi=(202)
cfn=(1196) std::ios_base::~ios_base()
calls=5 87 
0 215
0 5
0 60

fn=(3786) void std::vector<char*, std::allocator<char*> >::_M_realloc_append<char* const&>(char* const&)
0 54
cob=(7)
cfi=(232)
cfn=(918)
calls=2 43 
0 76
0 2
0 40

fn=(3790) stan::scalar_type<Eigen::Matrix<stan::math::var_value<double, void>, -1, 1, 0, -1, 1>, void>::type hier_2pl_model_namespace::hier_2pl_model::log_prob_impl<true, true, Eigen::Matrix<stan::math::var_value<double, void>, -1, 1, 0, -1, 1>, Eigen::Matrix<int, -1, 1, 0, -1, 1>, (void*)0, (void*)0, (void*)0>(Eigen::Matrix<stan::math::var_value<double, void>, -1, 1, 0, -1, 1>&, Eigen::Matrix<int, -1, 1, 0, -1, 1>&, std::ostream*) const [clone .isra.0]
0 62902
cfn=(3792)
calls=4493 0 
0 202185
0 22465
cfn=(3796) std::vector<stan::math::var_value<double, void>, stan::math::arena_allocator<stan::math::var_value<double, void> > >::reserve(unsigned long) [clone .constprop.0]
calls=4493 0 
0 188706
0 85367
cfn=(3798) stan::math::var_value<double, void>::var_value<double, (void*)0>(double) [clone .constprop.1]
calls=4493 0 
0 202346
0 31451
cfn=(3800) auto stan::io::deserializer<stan::math::var_value<double, void> >::read<Eigen::Matrix<stan::math::var_value<double, void>, -1, 1, 0, -1, 1>, (void*)0, (void*)0>(long)
calls=4493 0 
0 76381
0 17972
cfn=(3800)
calls=4493 0 
0 76381
0 17972
cfn=(3800)
calls=4493 0 
0 76381
0 98846
cfn=(3802) auto stan::math::lb_constrain<Eigen::Map<Eigen::Matrix<stan::math::var_value<double, void>, -1, 1, 0, -1, 1> const, 0, Eigen::Stride<0, 0> >, int, (void*)0, (void*)0, (void*)0>(Eigen::Map<Eigen::Matrix<stan::math::var_value<double, void>, -1, 1, 0, -1, 1> const, 0, Eigen::Stride<0, 0> > const&, int const&, stan::return_type<Eigen::Map<Eigen::Matrix<stan::math::var_value<double, void>, -1, 1, 0, -1, 1> const, 0, Eigen::Stride<0, 0> >, int>::type&) [clone .isra.0]
calls=4493 0 
0 2605792
0 40437
cfn=(3800)
calls=4493 0 
0 76381
0 76381
cfn=(3812)
calls=4493 0 
0 305524
0 40437
cfn=(3794)
calls=4493 0 
0 58409
0 22465
cob=(6)
cfi=(430) /usr/src/debug/glibc/glibc/math/../sysdeps/ieee754/dbl-64/s_tanh.c
cfn=(3818) tanh
calls=4493 147 
0 464052
0 4493
0 35944
cfn=(3810)
calls=4493 0 
0 40592
0 35944
cfn=(3794)
calls=4493 0 
0 58409
0 17972
cfn=(3794)
calls=4493 0 
0 58409
0 22465
cob=(6)
cfi=(431) /usr/src/debug/glibc/glibc/math/../sysdeps/ieee754/dbl-64/e_pow.c
cfn=(3824) pow@@GLIBC_2.29
calls=4493 287 
0 580588
0 4493
0 22465
cfn=(3794)
calls=4493 0 
0 58409
0 49423
cfn=(3810)
calls=4493 0 
0 40437
0 49358
cob=(6)
cfi=(432) /usr/src/debug/glibc/glibc/math/./w_log1p_template.c
cfn=(3830) log1p
calls=4480 24 
0 221969
0 4480
0 22400
cfn=(3794)
calls=4480 0 
0 58240
0 52
cfn=(3794)
calls=13 0 
0 169
0 49423
cfn=(3810)
calls=4493 0 
0 40593
0 40437
cfn=(3794)
calls=4493 0 
0 58409
0 49423
cfn=(3810)
calls=4493 0 
0 40437
0 62902
cfn=(3794)
calls=4493 0 
0 58409
0 62902
cfn=(3810)
calls=4493 0 
0 40437
0 49423
cfn=(3834)
calls=4493 0 
0 413356
0 31451
cfn=(3836) stan::math::var_value<double, void>::var_value<int, (void*)0>(int)
calls=4493 0 
0 224650
0 166241
cfn=(3836)
calls=4493 0 
0 224650
0 40437
cob=(6)
cfi=(431)
cfn=(3824)
calls=4493 287 
0 580588
0 4493
0 22465
cfn=(3794)
calls=4493 0 
0 58409
0 49423
cfn=(3810)
calls=4493 0 
0 40437
0 40437
cfn=(3794)
calls=4493 0 
0 58409
0 58409
cfn=(3810)
calls=4493 0 
0 40593
0 58409
cfn=(3794)
calls=4493 0 
0 58409
0 49423
cfn=(3810)
calls=4493 0 
0 40437
0 31451
cob=(2)
cfi=(152)
cfn=(632)
calls=4493 3137 
0 148269
0 4493
0 26958
cfn=(3838)
calls=4493 0 
0 26958
0 13479
cfn=(3840)
calls=4493 0 
0 593076
0 26958
cfn=(3838)
calls=4493 0 
0 26958
0 13479
cfn=(3840)
calls=4493 0 
0 593353
0 26958
cfn=(3838)
calls=4493 0 
0 26958
0 17972
cfn=(3840)
calls=4493 0 
0 431328
0 35944
cfn=(3842) std::vector<Eigen::Matrix<stan::math::var_value<double, void>, -1, 1, 0, -1, 1>, std::allocator<Eigen::Matrix<stan::math::var_value<double, void>, -1, 1, 0, -1, 1> > >::vector(unsigned long, Eigen::Matrix<stan::math::var_value<double, void>, -1, 1, 0, -1, 1> const&, std::allocator<Eigen::Matrix<stan::math::var_value<double, void>, -1, 1, 0, -1, 1> > const&)
calls=4493 0 
0 15443871
0 17972
cob=(2)
cfi=(152)
cfn=(632)
calls=4493 3137 
0 148269
0 4493
0 2480136
cfn=(3844) void stan::model::assign<std::vector<Eigen::Matrix<stan::math::var_value<double, void>, -1, 1, 0, -1, 1>, std::allocator<Eigen::Matrix<stan::math::var_value<double, void>, -1, 1, 0, -1, 1> > >&, stan::math::var_value<double, void>, stan::model::index_uni, (void*)0>(std::vector<Eigen::Matrix<stan::math::var_value<double, void>, -1, 1, 0, -1, 1>, std::allocator<Eigen::Matrix<stan::math::var_value<double, void>, -1, 1, 0, -1, 1> > >&, stan::math::var_value<double, void>&&, char const*, stan::model::index_uni, stan::model::index_uni const&) [clone .constprop.0] [clone .isra.0]
calls=143776 0 
0 5175936
0 2444192
cfn=(3844)
calls=143776 0 
0 5175936
0 862656
cfn=(3846) auto stan::model::rvalue<std::vector<Eigen::Matrix<stan::math::var_value<double, void>, -1, 1, 0, -1, 1>, std::allocator<Eigen::Matrix<stan::math::var_value<double, void>, -1, 1, 0, -1, 1> > >, stan::model::index_uni, (void*)0>(std::vector<Eigen::Matrix<stan::math::var_value<double, void>, -1, 1, 0, -1, 1>, std::allocator<Eigen::Matrix<stan::math::var_value<double, void>, -1, 1, 0, -1, 1> > >&, char const*, stan::model::index_uni, stan::model::index_uni&&) [clone .constprop.0] [clone .isra.0]
calls=143776 0 
0 5032160
0 431328
cob=(6)
cfi=(428) /usr/src/debug/glibc/glibc/math/../sysdeps/ieee754/dbl-64/e_exp.c
cfn=(3806) exp@@GLIBC_2.29
calls=143776 98 
0 5169789
0 143776
0 718880
cfn=(3794)
calls=143776 0 
0 1869088
0 1725312
cfn=(3810)
calls=143776 0 
0 1294650
0 2731744
cfn=(3846)
calls=143776 0 
0 5032160
0 2062287
cfn=(3848) Eigen::PlainObjectBase<Eigen::Matrix<stan::math::var_value<double, void>, -1, -1, 0, -1, -1> >::PlainObjectBase<Eigen::CwiseNullaryOp<Eigen::internal::scalar_constant_op<stan::math::var_value<double, void> >, Eigen::Matrix<stan::math::var_value<double, void>, -1, -1, 0, -1, -1> > >(Eigen::DenseBase<Eigen::CwiseNullaryOp<Eigen::internal::scalar_constant_op<stan::math::var_value<double, void> >, Eigen::Matrix<stan::math::var_value<double, void>, -1, -1, 0, -1, -1> > > const&)
calls=4493 0 
0 543653
0 31451
cfn=(3850) auto stan::math::diag_pre_multiply<Eigen::Matrix<stan::math::var_value<double, void>, -1, 1, 0, -1, 1>, Eigen::Matrix<stan::math::var_value<double, void>, -1, -1, 0, -1, -1>, (void*)0, (void*)0, (void*)0>(Eigen::Matrix<stan::math::var_value<double, void>, -1, 1, 0, -1, 1> const&, Eigen::Matrix<stan::math::var_value<double, void>, -1, -1, 0, -1, -1> const&)
calls=4493 0 
0 2875695
0 17972
cfn=(3854) void stan::model::internal::assign_impl<Eigen::Matrix<stan::math::var_value<double, void>, -1, -1, 0, -1, -1>&, Eigen::Matrix<stan::math::var_value<double, void>, -1, -1, 0, -1, -1>, (void*)0>(Eigen::Matrix<stan::math::var_value<double, void>, -1, -1, 0, -1, -1>&, Eigen::Matrix<stan::math::var_value<double, void>, -1, -1, 0, -1, -1>&&, char const*)
calls=4493 0 
0 3558456
0 13479
cob=(2)
cfi=(152)
cfn=(632)
calls=4493 3137 
0 148269
0 4493
0 1469674
cfn=(3856) stan::return_type<Eigen::Matrix<stan::math::var_value<double, void>, -1, 1, 0, -1, 1>, Eigen::Map<Eigen::Matrix<stan::math::var_value<double, void>, -1, 1, 0, -1, 1> const, 0, Eigen::Stride<0, 0> >, Eigen::Matrix<stan::math::var_value<double, void>, -1, -1, 0, -1, -1> >::type stan::math::multi_normal_cholesky_lpdf<false, Eigen::Matrix<stan::math::var_value<double, void>, -1, 1, 0, -1, 1>, Eigen::Map<Eigen::Matrix<stan::math::var_value<double, void>, -1, 1, 0, -1, 1> const, 0, Eigen::Stride<0, 0> >, Eigen::Matrix<stan::math::var_value<double, void>, -1, -1, 0, -1, -1>, (void*)0, (void*)0>(Eigen::Matrix<stan::math::var_value<double, void>, -1, 1, 0, -1, 1> const&, Eigen::Map<Eigen::Matrix<stan::math::var_value<double, void>, -1, 1, 0, -1, 1> const, 0, Eigen::Stride<0, 0> > const&, Eigen::Matrix<stan::math::var_value<double, void>, -1, -1, 0, -1, -1> const&)
calls=143373 0 
0 657410019
0 1003520
cfn=(3890) void stan::math::accumulator<stan::math::var_value<double, void>, void>::add<stan::math::var_value<double, void>, void>(stan::math::var_value<double, void>)
calls=143360 0 
0 2293760
0 1178240
cfn=(3892)
calls=4480 0 
0 95650781
0 31360
cfn=(3890)
calls=4480 0 
0 71680
0 22400
cfn=(3900)
calls=4480 0 
0 9089540
0 13272
cfn=(3890)
calls=4424 0 
0 70784
0 30968
cfn=(3906) stan::return_type<stan::math::var_value<double, void>, double, double>::type stan::math::normal_lpdf<true, stan::math::var_value<double, void>, double, double, (void*)0>(stan::math::var_value<double, void>&&, double&&, double&&) [clone .isra.0]
calls=4424 0 
0 968856
0 13272
cfn=(3890)
calls=4424 0 
0 70784
0 57512
cfn=(3908) stan::return_type<stan::math::var_value<double, void>, double>::type stan::math::exponential_lpdf<true, stan::math::var_value<double, void>, double, (void*)0>(stan::math::var_value<double, void> const&, double const&) [clone .isra.0]
calls=4424 0 
0 738808
0 13272
cfn=(3890)
calls=4424 0 
0 70784
0 30968
cfn=(3906)
calls=4424 0 
0 968856
0 13272
cfn=(3890)
calls=4424 0 
0 70784
0 53088
cfn=(3908)
calls=4424 0 
0 738808
0 13272
cfn=(3890)
calls=4424 0 
0 70784
0 22120
cfn=(3910) std::vector<int, std::allocator<int> >::vector(std::vector<int, std::allocator<int> > const&)
calls=4424 0 
0 340809207
0 17696
cfn=(3912) auto stan::model::rvalue<Eigen::Matrix<stan::math::var_value<double, void>, -1, 1, 0, -1, 1>&, stan::model::index_multi, (void*)0, (void*)0>(Eigen::Matrix<stan::math::var_value<double, void>, -1, 1, 0, -1, 1>&, char const*, stan::model::index_multi&&) [clone .isra.0]
calls=4424 0 
0 934764656
0 35392
cfn=(3910)
calls=4424 0 
0 340936669
0 17696
cfn=(3914) auto stan::model::rvalue<Eigen::Map<Eigen::Matrix<stan::math::var_value<double, void>, -1, 1, 0, -1, 1> const, 0, Eigen::Stride<0, 0> >&, stan::model::index_multi, (void*)0, (void*)0>(Eigen::Map<Eigen::Matrix<stan::math::var_value<double, void>, -1, 1, 0, -1, 1> const, 0, Eigen::Stride<0, 0> >&, char const*, stan::model::index_multi&&) [clone .isra.0]
calls=4424 0 
0 935365111
0 26544
cfn=(3916) auto stan::math::subtract<stan::math::Holder<Eigen::IndexedView<Eigen::Map<Eigen::Matrix<stan::math::var_value<double, void>, -1, 1, 0, -1, 1> const, 0, Eigen::Stride<0, 0> >, Eigen::CwiseBinaryOp<Eigen::internal::scalar_difference_op<int, int>, Eigen::Map<Eigen::Array<int, -1, 1, 0, -1, 1> const, 0, Eigen::Stride<0, 0> > const, Eigen::CwiseNullaryOp<Eigen::internal::scalar_constant_op<int>, Eigen::Array<int, -1, 1, 0, -1, 1> const> const>, Eigen::internal::SingleRange>, stan::model::index_multi>, stan::math::Holder<Eigen::IndexedView<Eigen::Matrix<stan::math::var_value<double, void>, -1, 1, 0, -1, 1>, Eigen::CwiseBinaryOp<Eigen::internal::scalar_difference_op<int, int>, Eigen::Map<Eigen::Array<int, -1, 1, 0, -1, 1> const, 0, Eigen::Stride<0, 0> > const, Eigen::CwiseNullaryOp<Eigen::internal::scalar_constant_op<int>, Eigen::Array<int, -1, 1, 0, -1, 1> const> const>, Eigen::internal::SingleRange>, stan::model::index_multi>, (void*)0>(stan::math::Holder<Eigen::IndexedView<Eigen::Map<Eigen::Matrix<stan::math::var_value<double, void>, -1, 1, 0, -1, 1> const, 0, Eigen::Stride<0, 0> >, Eigen::CwiseBinaryOp<Eigen::internal::scalar_difference_op<int, int>, Eigen::Map<Eigen::Array<int, -1, 1, 0, -1, 1> const, 0, Eigen::Stride<0, 0> > const, Eigen::CwiseNullaryOp<Eigen::internal::scalar_constant_op<int>, Eigen::Array<int, -1, 1, 0, -1, 1> const> const>, Eigen::internal::SingleRange>, stan::model::index_multi> const&, stan::math::Holder<Eigen::IndexedView<Eigen::Matrix<stan::math::var_value<double, void>, -1, 1, 0, -1, 1>, Eigen::CwiseBinaryOp<Eigen::internal::scalar_difference_op<int, int>, Eigen::Map<Eigen::Array<int, -1, 1, 0, -1, 1> const, 0, Eigen::Stride<0, 0> > const, Eigen::CwiseNullaryOp<Eigen::internal::scalar_constant_op<int>, Eigen::Array<int, -1, 1, 0, -1, 1> const> const>, Eigen::internal::SingleRange>, stan::model::index_multi> const&)
calls=4424 0 
0 6543500049
0 22120
cfn=(3910)
calls=4424 0 
0 340731536
0 17696
cfn=(3912)
calls=4424 0 
0 935338829
0 30968
cfn=(3918)
calls=4424 0 
0 5863618516
0 13272
cfn=(3920) stan::return_type<Eigen::Matrix<stan::math::var_value<double, void>, -1, 1, 0, -1, 1> >::type stan::math::bernoulli_logit_lpmf<true, std::vector<int, std::allocator<int> >, Eigen::Matrix<stan::math::var_value<double, void>, -1, 1, 0, -1, 1>, (void*)0>(std::vector<int, std::allocator<int> > const&, Eigen::Matrix<stan::math::var_value<double, void>, -1, 1, 0, -1, 1> const&)
calls=4424 0 
0 14879032247
0 13272
cfn=(3890)
calls=4424 0 
0 70784
0 8848
cob=(2)
cfi=(152)
cfn=(632)
calls=4424 3137 
0 384882
0 4424
0 17696
cfn=(3928) std::default_delete<stan::model::index_multi>::operator()(stan::model::index_multi*) const [clone .isra.0]
calls=4424 0 
0 1637919
0 17696
cob=(2)
cfi=(152)
cfn=(632)
calls=4424 3137 
0 384882
0 4424
0 17696
cfn=(3928)
calls=4424 0 
0 1637709
0 26544
cfn=(3928)
calls=4424 0 
0 791492
0 17696
cob=(2)
cfi=(152)
cfn=(632)
calls=4424 3137 
0 494224
0 4424
0 8848
cfn=(3930) std::vector<Eigen::Matrix<stan::math::var_value<double, void>, -1, 1, 0, -1, 1>, std::allocator<Eigen::Matrix<stan::math::var_value<double, void>, -1, 1, 0, -1, 1> > >::~vector()
calls=4424 0 
0 11728466
0 8848
cob=(2)
cfi=(152)
cfn=(632)
calls=4424 3137 
0 145992
0 4424
0 8848
cob=(2)
cfi=(152)
cfn=(632)
calls=4424 3137 
0 145992
0 4424
0 8848
cob=(2)
cfi=(152)
cfn=(632)
calls=4424 3137 
0 495488
0 4424
0 8848
cob=(2)
cfi=(152)
cfn=(632)
calls=4424 3137 
0 496331
0 4424
0 22120
cfn=(3890)
calls=4424 0 
0 70784
0 8848
cfn=(3932) stan::math::var_value<double, void> stan::math::sum<stan::math::arena_allocator<stan::math::var_value<double, void> > >(std::vector<stan::math::var_value<double, void>, stan::math::arena_allocator<stan::math::var_value<double, void> > > const&)
calls=4424 0 
0 1849232
0 48910
cob=(2)
cfi=(152)
cfn=(632)
calls=69 3137 
0 7728
0 69
0 138
cob=(2)
cfi=(152)
cfn=(632)
calls=69 3137 
0 7872
0 69
0 345
cob=(7)
cfi=(461) /usr/src/debug/gcc/gcc-build/x86_64-pc-linux-gnu/libstdc++-v3/libsupc++/../../../../gcc/libstdc++-v3/libsupc++/eh_catch.cc
cfn=(4218) __cxa_begin_catch
calls=69 41 
0 3174
0 69
0 414
cfn=(3080)
calls=69 0 
0 10626
0 414
cfn=(4222) stan::lang::rethrow_located(std::exception const&, std::__cxx11::basic_string<char, std::char_traits<char>, std::allocator<char> >)
calls=69 0 
0 7024104
0 138
cob=(2)
cfi=(152)
cfn=(632)
calls=69 3137 
0 6622
0 69
0 138
cfn=(3930)
calls=69 0 
0 182692
0 207
cob=(2)
cfi=(152)
cfn=(632)
calls=69 3137 
0 2277
0 69
0 138
cob=(2)
cfi=(152)
cfn=(632)
calls=69 3137 
0 2277
0 69
0 138
cob=(5)
cfi=(444)
cfn=(4212)
calls=69 231 
0 1113177
0 69
0 207
cob=(7)
cfi=(233)
cfn=(924) std::__cxx11::basic_string<char, std::char_traits<char>, std::allocator<char> >::_M_dispose()
calls=69 295 
0 2898
0 69
0 69
cob=(7)
cfi=(461)
cfn=(4246) __cxa_end_catch
calls=69 95 
0 11592
0 69
0 621

fn=(3798)
0 31451
cfn=(3794)
calls=4493 0 
0 58409
0 112347
cob=(7)
cfi=(232)
cfn=(918)
calls=1 43 
0 42
0 1
0 19
cob=(2)
cfi=(158)
cfn=(908)
calls=1 0 
0 11
0 1
0 17
cob=(7)
cfi=(247)
cfn=(1034)
calls=1 32 
0 37
0 1
0 10

fn=(3842)
0 76381
cob=(7)
cfi=(232)
cfn=(918)
calls=4493 43 
0 188706
0 4493
0 76381
cob=(2)
cfi=(152)
cfn=(812)
calls=4493 3101 
0 134790
0 4493
0 278566
cob=(2)
cfi=(152)
cfn=(812)
calls=139283 3101 
0 10618389
0 139283
0 1869088
cob=(2)
cfi=(158)
cfn=(908)
calls=143776 0 
0 1581536
0 143776
0 327989

fn=(3924) Eigen::CwiseNullaryOp<Eigen::internal::scalar_constant_op<double>, Eigen::Array<double, -1, 1, 0, -1, 1> >::CwiseNullaryOp(long, long, Eigen::internal::scalar_constant_op<double> const&) [clone .constprop.0]
0 106176

fn=(3936) stan::math::internal::reverse_pass_callback_vari<stan::math::internal::partials_propagator<stan::math::var_value<double, void>, void, Eigen::Matrix<stan::math::var_value<double, void>, -1, 1, 0, -1, 1> >::build(double)::{lambda(auto:1&&)#1}::operator()<stan::math::internal::ops_partials_edge<double, Eigen::Matrix<stan::math::var_value<double, void>, -1, 1, 0, -1, 1>, void>&>(stan::math::internal::ops_partials_edge<double, Eigen::Matrix<stan::math::var_value<double, void>, -1, 1, 0, -1, 1>, void>&)::{lambda()#1}>::chain()
0 17696
cfn=(3938) void stan::math::internal::update_adjoints<stan::math::arena_matrix<Eigen::Matrix<stan::math::var_value<double, void>, -1, 1, 0, -1, 1>, void>, stan::math::arena_matrix<Eigen::Matrix<double, -1, 1, 0, -1, 1>, void>, (void*)0, (void*)0>(stan::math::arena_matrix<Eigen::Matrix<stan::math::var_value<double, void>, -1, 1, 0, -1, 1>, void>&, stan::math::arena_matrix<Eigen::Matrix<double, -1, 1, 0, -1, 1>, void> const&, stan::math::var_value<double, void> const&)
calls=4424 0 
0 679659120

fn=(3946) stan::math::internal::reverse_pass_callback_vari<stan::math::internal::partials_propagator<stan::math::var_value<double, void>, void, stan::math::var_value<double, void>, double>::build(double)::{lambda(auto:1&&)#1}::operator()<stan::math::internal::ops_partials_edge<double, double, void>&>(stan::math::internal::ops_partials_edge<double, double, void>&)::{lambda()#1}>::chain()
0 8848

fn=(4270) bs_free_error_msg
0 69
cob=(2)
cfi=(152)
cfn=(632)
calls=69 3137 
0 2277
0 69

fn=(4450) Eigen::PlainObjectBase<Eigen::Matrix<double, -1, 1, 0, -1, 1> >::PlainObjectBase<Eigen::CwiseNullaryOp<Eigen::internal::scalar_constant_op<double>, Eigen::Matrix<double, -1, 1, 0, -1, 1> > >(Eigen::DenseBase<Eigen::CwiseNullaryOp<Eigen::internal::scalar_constant_op<double>, Eigen::Matrix<double, -1, 1, 0, -1, 1> > > const&)
0 1350
cfn=(3782)
calls=150 0 
0 11100
0 8700

fn=(4594) std::_Sp_counted_ptr<boost::re_detail_500::cpp_regex_traits_implementation<char>*, (__gnu_cxx::_Lock_policy)2>::_M_dispose()
0 18
cob=(7)
cfi=(170)
cfn=(746)
calls=1 91 
0 6
0 1
0 7
cob=(7)
cfi=(247)
cfn=(1034)
calls=1 32 
0 37
0 1

fn=(4596) std::_Sp_counted_ptr<boost::re_detail_500::cpp_regex_traits_implementation<char>*, (__gnu_cxx::_Lock_policy)2>::_M_destroy()
0 2
cob=(7)
cfi=(247)
cfn=(1034)
calls=1 32 
0 137
0 1

fn=(3346) boost::re_detail_500::basic_regex_parser<char, boost::regex_traits<char, boost::cpp_regex_traits<char> > >::parse_all()
0 39
cfn=(3348)
calls=3 0 
0 5709
0 17

fn=(3172) void std::__cxx11::basic_string<char, std::char_traits<char>, std::allocator<char> >::_M_construct<char const*>(char const*, char const*, std::forward_iterator_tag) [clone .isra.0]
0 28
cob=(2)
cfi=(158)
cfn=(908)
calls=1 0 
0 15
0 1
0 3

fn=(3258)
0 177
cfn=(3260)
calls=5 0 
0 95
0 8
cfn=(3260)
calls=1 0 
0 19
0 43
cob=(8)
cfi=(229)
cfn=(912)
calls=5 0 
0 180
0 5
0 69
cfn=(3260)
calls=6 0 
0 500
0 30
cfn=(3420) std::_Rb_tree<std::__cxx11::basic_string<char, std::char_traits<char>, std::allocator<char> >, std::pair<std::__cxx11::basic_string<char, std::char_traits<char>, std::allocator<char> > const, int>, std::_Select1st<std::pair<std::__cxx11::basic_string<char, std::char_traits<char>, std::allocator<char> > const, int> >, std::less<std::__cxx11::basic_string<char, std::char_traits<char>, std::allocator<char> > >, std::allocator<std::pair<std::__cxx11::basic_string<char, std::char_traits<char>, std::allocator<char> > const, int> > >::find(std::__cxx11::basic_string<char, std::char_traits<char>, std::allocator<char> > const&) const [clone .isra.0]
calls=6 0 
0 451
0 131
cfn=(3436) stan::json::json_data_handler::save_key_value_pair()
calls=5 0 
0 319222
0 552
cfn=(3394) boost::re_detail_500::perl_matcher<__gnu_cxx::__normal_iterator<char const*, std::__cxx11::basic_string<char, std::char_traits<char>, std::allocator<char> > >, std::allocator<boost::sub_match<__gnu_cxx::__normal_iterator<char const*, std::__cxx11::basic_string<char, std::char_traits<char>, std::allocator<char> > > > >, boost::regex_traits<char, boost::cpp_regex_traits<char> > >::match_imp()
calls=6 0 
0 5110
0 96
cfn=(3418) boost::match_results<__gnu_cxx::__normal_iterator<char const*, std::__cxx11::basic_string<char, std::char_traits<char>, std::allocator<char> > >, std::allocator<boost::sub_match<__gnu_cxx::__normal_iterator<char const*, std::__cxx11::basic_string<char, std::char_traits<char>, std::allocator<char> > > > > >::~match_results()
calls=6 0 
0 378
0 72
cfn=(3420)
calls=6 0 
0 451
0 21
cob=(7)
cfi=(248)
cfn=(1080)
calls=1 273 
0 17
0 1
0 10
cfn=(3264)
calls=1 0 
0 136
0 1
0 20
cfn=(3422)
calls=6 0 
0 2239
0 184
cob=(2)
cfi=(158)
cfn=(690)
calls=11 0 
0 122
0 11
0 112
cob=(7)
cfi=(232)
cfn=(918)
calls=1 43 
0 42
0 1
0 48
cob=(8)
cfi=(229)
cfn=(912)
calls=6 0 
0 216
0 6
0 48
cfn=(3428) std::_Rb_tree<std::__cxx11::basic_string<char, std::char_traits<char>, std::allocator<char> >, std::pair<std::__cxx11::basic_string<char, std::char_traits<char>, std::allocator<char> > const, bool>, std::_Select1st<std::pair<std::__cxx11::basic_string<char, std::char_traits<char>, std::allocator<char> > const, bool> >, std::less<std::__cxx11::basic_string<char, std::char_traits<char>, std::allocator<char> > >, std::allocator<std::pair<std::__cxx11::basic_string<char, std::char_traits<char>, std::allocator<char> > const, bool> > >::_M_get_insert_hint_unique_pos(std::_Rb_tree_const_iterator<std::pair<std::__cxx11::basic_string<char, std::char_traits<char>, std::allocator<char> > const, bool> >, std::__cxx11::basic_string<char, std::char_traits<char>, std::allocator<char> > const&) [clone .isra.0]
calls=6 0 
0 341
0 96
cob=(7)
cfi=(419)
cfn=(3334) std::_Rb_tree_insert_and_rebalance(bool, std::_Rb_tree_node_base*, std::_Rb_tree_node_base*, std::_Rb_tree_node_base&)
calls=6 199 
0 223
0 6
0 100
cob=(7)
cfi=(232)
cfn=(918)
calls=1 43 
0 240
0 1
0 6
cob=(7)
cfi=(232)
cfn=(918)
calls=1 43 
0 42
0 1
0 3
cob=(7)
cfi=(169)
cfn=(604)
calls=1 269 
0 25
0 1
0 4
cob=(7)
cfi=(169)
cfn=(604)
calls=1 269 
0 25
0 1
0 5
cob=(7)
cfi=(170)
cfn=(3272) std::locale::locale(std::locale const&)
calls=1 78 
0 7
0 1
0 3
cob=(7)
cfi=(170)
cfn=(744) std::locale::operator=(std::locale const&)
calls=1 120 
0 14
0 1
0 2
cob=(7)
cfi=(170)
cfn=(642) std::locale::id::_M_id() const
calls=1 507 
0 6
0 1
0 9
cob=(7)
cfi=(170)
cfn=(642)
calls=1 507 
0 6
0 1
0 8
cob=(7)
cfi=(170)
cfn=(642)
calls=1 507 
0 6
0 1
0 9
cob=(7)
cfi=(170)
cfn=(642)
calls=1 507 
0 6
0 1
0 9
cob=(7)
cfi=(170)
cfn=(746)
calls=1 91 
0 6
0 1
0 2
cob=(2)
cfi=(304)
cfn=(1662)
calls=1 71 
0 29
0 1
0 6
cfn=(3280) boost::object_cache<boost::re_detail_500::cpp_regex_traits_base<char>, boost::re_detail_500::cpp_regex_traits_implementation<char> >::do_get(boost::re_detail_500::cpp_regex_traits_base<char> const&, unsigned long)
calls=1 0 
0 10309
0 2
cob=(2)
cfi=(306)
cfn=(1680)
calls=1 357 
0 19
0 1
0 2
cob=(7)
cfi=(170)
cfn=(746)
calls=1 91 
0 6
0 1
0 2
cob=(7)
cfi=(170)
cfn=(746)
calls=1 91 
0 6
0 1
0 5
cob=(7)
cfi=(232)
cfn=(918)
calls=1 43 
0 42
0 1
0 55
cob=(7)
cfi=(232)
cfn=(918)
calls=1 43 
0 42
0 1
0 25
cfn=(3336)
calls=1 0 
0 219
0 6
cfn=(3336)
calls=1 0 
0 219
0 6
cfn=(3336)
calls=1 0 
0 238
0 6
cfn=(3336)
calls=1 0 
0 239
0 6
cfn=(3336)
calls=1 0 
0 270
0 26
cfn=(3342)
calls=1 0 
0 114
0 9
cfn=(3346)
calls=1 0 
0 5765
0 4
cfn=(3378) boost::re_detail_500::basic_regex_parser<char, boost::regex_traits<char, boost::cpp_regex_traits<char> > >::unwind_alts(long)
calls=1 0 
0 25
0 19
cfn=(3380) boost::re_detail_500::basic_regex_creator<char, boost::regex_traits<char, boost::cpp_regex_traits<char> > >::finalize(char const*, char const*)
calls=1 0 
0 4038
0 17
cob=(2)
cfi=(209)
cfn=(776)
calls=1 67 
0 66
0 1
0 2
cob=(7)
cfi=(248)
cfn=(1086)
calls=1 443 
0 6
0 1
0 16
cob=(7)
cfi=(232)
cfn=(918)
calls=5 43 
0 668
0 5
0 30
cfn=(3456)
calls=5 0 
0 152
0 22

fn=(3260)
0 1152558
cob=(7)
cfi=(246)
cfn=(1480)
calls=57624 574 
0 3322870
0 57624
0 633900

fn=(3330) std::_Rb_tree<boost::re_detail_500::cpp_regex_traits_base<char>, std::pair<boost::re_detail_500::cpp_regex_traits_base<char> const, std::_List_iterator<std::pair<std::shared_ptr<boost::re_detail_500::cpp_regex_traits_implementation<char> const>, boost::re_detail_500::cpp_regex_traits_base<char> const*> > >, std::_Select1st<std::pair<boost::re_detail_500::cpp_regex_traits_base<char> const, std::_List_iterator<std::pair<std::shared_ptr<boost::re_detail_500::cpp_regex_traits_implementation<char> const>, boost::re_detail_500::cpp_regex_traits_base<char> const*> > > >, std::less<boost::re_detail_500::cpp_regex_traits_base<char> >, std::allocator<std::pair<boost::re_detail_500::cpp_regex_traits_base<char> const, std::_List_iterator<std::pair<std::shared_ptr<boost::re_detail_500::cpp_regex_traits_implementation<char> const>, boost::re_detail_500::cpp_regex_traits_base<char> const*> > > > >::_M_get_insert_unique_pos(boost::re_detail_500::cpp_regex_traits_base<char> const&)
0 14

fn=(3372)
0 39
cfn=(3374) boost::re_detail_500::basic_regex_creator<char, boost::regex_traits<char, boost::cpp_regex_traits<char> > >::insert_state(long, boost::re_detail_500::syntax_element_type, unsigned long)
calls=1 0 
0 109
0 11
cfn=(3342)
calls=1 0 
0 42
0 30

fn=(3374)
0 39
cob=(2)
cfi=(158)
cfn=(908)
calls=1 0 
0 53
0 1
0 16

fn=(3380)
0 15
cfn=(3382) boost::re_detail_500::basic_regex_creator<char, boost::regex_traits<char, boost::cpp_regex_traits<char> > >::append_state(boost::re_detail_500::syntax_element_type, unsigned long) [clone .constprop.1] [clone .isra.0]
calls=1 0 
0 41
0 19
cob=(2)
cfi=(158)
cfn=(908)
calls=1 0 
0 11
0 1
0 8
cfn=(3384) boost::re_detail_500::basic_regex_creator<char, boost::regex_traits<char, boost::cpp_regex_traits<char> > >::fixup_pointers(boost::re_detail_500::re_syntax_base*)
calls=1 0 
0 112
0 7
cfn=(3386)
calls=1 0 
0 2053
0 43
cfn=(3388)
calls=1 0 
0 1666
0 33
cfn=(3392)
calls=1 0 
0 29

fn=(3382)
0 41

fn=(3394)
0 630
cfn=(3400) std::_Sp_counted_base<(__gnu_cxx::_Lock_policy)2>::_M_release()
calls=6 0 
0 78
0 138
cfn=(3402) boost::re_detail_500::perl_matcher<__gnu_cxx::__normal_iterator<char const*, std::__cxx11::basic_string<char, std::char_traits<char>, std::allocator<char> > >, std::allocator<boost::sub_match<__gnu_cxx::__normal_iterator<char const*, std::__cxx11::basic_string<char, std::char_traits<char>, std::allocator<char> > > > >, boost::regex_traits<char, boost::cpp_regex_traits<char> > >::match_all_states()
calls=6 0 
0 1936
0 200
cob=(7)
cfi=(232)
cfn=(918)
calls=1 43 
0 324
0 1
0 31
cfn=(3396)
calls=6 0 
0 1417
0 132
cfn=(3416) boost::match_results<__gnu_cxx::__normal_iterator<char const*, std::__cxx11::basic_string<char, std::char_traits<char>, std::allocator<char> > >, std::allocator<boost::sub_match<__gnu_cxx::__normal_iterator<char const*, std::__cxx11::basic_string<char, std::char_traits<char>, std::allocator<char> > > > > >::operator[](int) const
calls=6 0 
0 96
0 26
cob=(7)
cfi=(248)
cfn=(1080)
calls=1 273 
0 17
0 1
0 6
cob=(2)
cfi=(209)
cfn=(776)
calls=1 67 
0 66
0 1
0 2
cob=(7)
cfi=(248)
cfn=(1086)
calls=1 443 
0 6
0 1
0 1

fn=(3412) boost::re_detail_500::perl_matcher<__gnu_cxx::__normal_iterator<char const*, std::__cxx11::basic_string<char, std::char_traits<char>, std::allocator<char> > >, std::allocator<boost::sub_match<__gnu_cxx::__normal_iterator<char const*, std::__cxx11::basic_string<char, std::char_traits<char>, std::allocator<char> > > > >, boost::regex_traits<char, boost::cpp_regex_traits<char> > >::unwind_short_set_repeat(bool)
0 188

fn=(3424) std::_Rb_tree<std::__cxx11::basic_string<char, std::char_traits<char>, std::allocator<char> >, std::pair<std::__cxx11::basic_string<char, std::char_traits<char>, std::allocator<char> > const, int>, std::_Select1st<std::pair<std::__cxx11::basic_string<char, std::char_traits<char>, std::allocator<char> > const, int> >, std::less<std::__cxx11::basic_string<char, std::char_traits<char>, std::allocator<char> > >, std::allocator<std::pair<std::__cxx11::basic_string<char, std::char_traits<char>, std::allocator<char> > const, int> > >::_M_get_insert_hint_unique_pos(std::_Rb_tree_const_iterator<std::pair<std::__cxx11::basic_string<char, std::char_traits<char>, std::allocator<char> > const, int> >, std::__cxx11::basic_string<char, std::char_traits<char>, std::allocator<char> > const&) [clone .isra.0]
0 254
cfn=(3456)
calls=10 0 
0 304
0 36
cfn=(3426)
calls=2 0 
0 58
0 30

fn=(3430) std::_Rb_tree<std::__cxx11::basic_string<char, std::char_traits<char>, std::allocator<char> >, std::pair<std::__cxx11::basic_string<char, std::char_traits<char>, std::allocator<char> > const, bool>, std::_Select1st<std::pair<std::__cxx11::basic_string<char, std::char_traits<char>, std::allocator<char> > const, bool> >, std::less<std::__cxx11::basic_string<char, std::char_traits<char>, std::allocator<char> > >, std::allocator<std::pair<std::__cxx11::basic_string<char, std::char_traits<char>, std::allocator<char> > const, bool> > >::_M_get_insert_unique_pos(std::__cxx11::basic_string<char, std::char_traits<char>, std::allocator<char> > const&) [clone .isra.0]
0 29

fn=(3436)
0 132
cfn=(3260)
calls=6 0 
0 500
0 24
cfn=(3420)
calls=6 0 
0 831
0 36
cfn=(3422)
calls=6 0 
0 843
0 54
cfn=(3438) std::_Rb_tree<std::__cxx11::basic_string<char, std::char_traits<char>, std::allocator<char> >, std::pair<std::__cxx11::basic_string<char, std::char_traits<char>, std::allocator<char> > const, std::pair<std::vector<double, std::allocator<double> >, std::vector<unsigned long, std::allocator<unsigned long> > > >, std::_Select1st<std::pair<std::__cxx11::basic_string<char, std::char_traits<char>, std::allocator<char> > const, std::pair<std::vector<double, std::allocator<double> >, std::vector<unsigned long, std::allocator<unsigned long> > > > >, std::less<std::__cxx11::basic_string<char, std::char_traits<char>, std::allocator<char> > >, std::allocator<std::pair<std::__cxx11::basic_string<char, std::char_traits<char>, std::allocator<char> > const, std::pair<std::vector<double, std::allocator<double> >, std::vector<unsigned long, std::allocator<unsigned long> > > > > >::find(std::__cxx11::basic_string<char, std::char_traits<char>, std::allocator<char> > const&) const [clone .isra.0]
calls=6 0 
0 72
0 30
cfn=(3442) std::map<std::__cxx11::basic_string<char, std::char_traits<char>, std::allocator<char> >, bool, std::less<std::__cxx11::basic_string<char, std::char_traits<char>, std::allocator<char> > >, std::allocator<std::pair<std::__cxx11::basic_string<char, std::char_traits<char>, std::allocator<char> > const, bool> > >::operator[](std::__cxx11::basic_string<char, std::char_traits<char>, std::allocator<char> > const&)
calls=6 0 
0 843
0 60
cfn=(3438)
calls=6 0 
0 72
0 48
cfn=(3444)
calls=6 0 
0 408
0 27
cfn=(3462)
calls=3 0 
0 396
0 18
cfn=(3454)
calls=3 0 
0 270
0 36
cfn=(3422)
calls=3 0 
0 513
0 30
cob=(7)
cfi=(233)
cfn=(924)
calls=6 295 
0 36
0 6
0 12
cob=(7)
cfi=(233)
cfn=(924)
calls=6 295 
0 36
0 6
0 123
cfn=(3440)
calls=6 0 
0 451
0 42
cfn=(3422)
calls=6 0 
0 843
0 24
cfn=(3422)
calls=6 0 
0 2590
0 84
cob=(7)
cfi=(232)
cfn=(918)
calls=6 43 
0 753
0 6
0 30
cob=(2)
cfi=(158)
cfn=(908)
calls=6 0 
0 230397
0 6
0 72
cfn=(3446) std::vector<unsigned long, std::allocator<unsigned long> >::vector(std::vector<unsigned long, std::allocator<unsigned long> > const&)
calls=6 0 
0 333
0 78
cfn=(3448) std::map<std::__cxx11::basic_string<char, std::char_traits<char>, std::allocator<char> >, std::pair<std::vector<int, std::allocator<int> >, std::vector<unsigned long, std::allocator<unsigned long> > >, std::less<std::__cxx11::basic_string<char, std::char_traits<char>, std::allocator<char> > >, std::allocator<std::pair<std::__cxx11::basic_string<char, std::char_traits<char>, std::allocator<char> > const, std::pair<std::vector<int, std::allocator<int> >, std::vector<unsigned long, std::allocator<unsigned long> > > > > >::operator[](std::__cxx11::basic_string<char, std::char_traits<char>, std::allocator<char> > const&)
calls=6 0 
0 2459
0 114
cfn=(3454)
calls=6 0 
0 570
0 24
cob=(7)
cfi=(247)
cfn=(1034)
calls=3 32 
0 111
0 3
0 36
cob=(7)
cfi=(247)
cfn=(1034)
calls=6 32 
0 468
0 6
0 30
cob=(7)
cfi=(247)
cfn=(1034)
calls=3 32 
0 111
0 3
0 21
cob=(7)
cfi=(232)
cfn=(918)
calls=6 43 
0 961
0 6
0 30
cob=(2)
cfi=(158)
cfn=(908)
calls=6 0 
0 230461
0 6
0 48

fn=(3456)
0 517
cob=(2)
cfi=(158)
cfn=(690)
calls=47 0 
0 608
0 47
0 303

fn=(3550) hier_2pl_model_namespace::hier_2pl_model::model_name[abi:cxx11]() const
0 10

fn=(3610) hier_2pl_model_namespace::hier_2pl_model::constrained_param_names(std::vector<std::__cxx11::basic_string<char, std::char_traits<char>, std::allocator<char> >, std::allocator<std::__cxx11::basic_string<char, std::char_traits<char>, std::allocator<char> > > >&, bool, bool) const
0 26500
cob=(7)
cfi=(246)
cfn=(3318) std::__cxx11::basic_string<char, std::char_traits<char>, std::allocator<char> >::_M_replace_aux(unsigned long, unsigned long, unsigned long, char)
calls=2400 513 
0 105600
0 2400
0 40800
cfn=(3594) std::__cxx11::basic_string<char, std::char_traits<char>, std::allocator<char> > std::operator+<char, std::char_traits<char>, std::allocator<char> >(std::__cxx11::basic_string<char, std::char_traits<char>, std::allocator<char> >&&, std::__cxx11::basic_string<char, std::char_traits<char>, std::allocator<char> >&&)
calls=2400 0 
0 227244
0 7200
cfn=(3596) std::__cxx11::basic_string<char, std::char_traits<char>, std::allocator<char> >& std::vector<std::__cxx11::basic_string<char, std::char_traits<char>, std::allocator<char> >, std::allocator<std::__cxx11::basic_string<char, std::char_traits<char>, std::allocator<char> > > >::emplace_back<std::__cxx11::basic_string<char, std::char_traits<char>, std::allocator<char> > >(std::__cxx11::basic_string<char, std::char_traits<char>, std::allocator<char> >&&) [clone .isra.0]
calls=2400 0 
0 76800
0 57600
cfn=(3592)
calls=2400 0 
0 284616
0 19200
cob=(7)
cfi=(246)
cfn=(3494)
calls=2400 476 
0 110400
0 2400
0 229564
cob=(7)
cfi=(246)
cfn=(3318)
calls=128 513 
0 5632
0 128
0 2304
cfn=(3594)
calls=128 0 
0 11660
0 384
cfn=(3596)
calls=128 0 
0 4352
0 3456
cfn=(3592)
calls=128 0 
0 11324
0 1024
cob=(7)
cfi=(246)
cfn=(3494)
calls=128 476 
0 6272
0 128
0 9104
cfn=(3592)
calls=4 0 
0 236
0 12
cfn=(3592)
calls=4 0 
0 236
0 56
cob=(7)
cfi=(233)
cfn=(3602) std::__cxx11::basic_string<char, std::char_traits<char>, std::allocator<char> >::append(char const*)
calls=8 1604 
0 640
0 8
0 24
cob=(7)
cfi=(233)
cfn=(942) std::__cxx11::basic_string<char, std::char_traits<char>, std::allocator<char> >::basic_string(std::__cxx11::basic_string<char, std::char_traits<char>, std::allocator<char> >&&)
calls=8 766 
0 296
0 8
0 48
cob=(7)
cfi=(246)
cfn=(3318)
calls=8 513 
0 352
0 8
0 48
cob=(7)
cfi=(233)
cfn=(942)
calls=8 766 
0 264
0 8
0 32
cfn=(3594)
calls=8 0 
0 608
0 24
cfn=(3596)
calls=8 0 
0 272
0 200
cfn=(3592)
calls=4 0 
0 236
0 12
cfn=(3592)
calls=4 0 
0 236
0 56
cob=(7)
cfi=(233)
cfn=(3602)
calls=8 1604 
0 640
0 8
0 24
cob=(7)
cfi=(233)
cfn=(942)
calls=8 766 
0 264
0 8
0 48
cob=(7)
cfi=(246)
cfn=(3318)
calls=8 513 
0 352
0 8
0 32
cob=(7)
cfi=(233)
cfn=(942)
calls=8 766 
0 264
0 8
0 32
cfn=(3594)
calls=8 0 
0 608
0 24
cfn=(3596)
calls=8 0 
0 272
0 64
cob=(7)
cfi=(233)
cfn=(924)
calls=8 295 
0 48
0 8
0 16
cob=(7)
cfi=(233)
cfn=(924)
calls=8 295 
0 48
0 8
0 64
cfn=(3592)
calls=4 0 
0 236
0 36
cfn=(3592)
calls=12 0 
0 708
0 48
cfn=(3592)
calls=16 0 
0 944
0 112
cob=(7)
cfi=(246)
cfn=(3494)
calls=16 476 
0 736
0 16
0 272
cob=(7)
cfi=(246)
cfn=(3318)
calls=16 513 
0 704
0 16
0 48
cob=(7)
cfi=(233)
cfn=(942)
calls=16 766 
0 496
0 16
0 64
cfn=(3594)
calls=16 0 
0 1184
0 96
cob=(7)
cfi=(246)
cfn=(3318)
calls=16 513 
0 704
0 16
0 48
cob=(7)
cfi=(233)
cfn=(942)
calls=16 766 
0 496
0 16
0 64
cfn=(3594)
calls=16 0 
0 1184
0 48
cfn=(3596)
calls=16 0 
0 512
0 1216
cob=(7)
cfi=(246)
cfn=(3318)
calls=64 513 
0 2816
0 64
0 192
cob=(7)
cfi=(233)
cfn=(942)
calls=64 766 
0 2112
0 64
0 256
cfn=(3594)
calls=64 0 
0 5702
0 192
cfn=(3596)
calls=64 0 
0 2048
0 1472
cfn=(3592)
calls=64 0 
0 5662
0 512
cob=(7)
cfi=(246)
cfn=(3494)
calls=64 476 
0 2944
0 64
0 3026
cfn=(3592)
calls=2 0 
0 118
0 18
cfn=(3592)
calls=6 0 
0 354
0 24
cfn=(3592)
calls=8 0 
0 472
0 48
cob=(7)
cfi=(233)
cfn=(3602)
calls=8 1604 
0 616
0 8
0 24
cob=(7)
cfi=(233)
cfn=(942)
calls=8 766 
0 264
0 8
0 48
cob=(7)
cfi=(246)
cfn=(3318)
calls=8 513 
0 352
0 8
0 24
cob=(7)
cfi=(233)
cfn=(942)
calls=8 766 
0 264
0 8
0 32
cfn=(3594)
calls=8 0 
0 592
0 48
cob=(7)
cfi=(246)
cfn=(3318)
calls=8 513 
0 352
0 8
0 24
cob=(7)
cfi=(233)
cfn=(942)
calls=8 766 
0 248
0 8
0 32
cfn=(3594)
calls=8 0 
0 592
0 24
cfn=(3596)
calls=8 0 
0 256
0 1730
cob=(7)
cfi=(246)
cfn=(3318)
calls=128 513 
0 5632
0 128
0 1792
cfn=(3594)
calls=128 0 
0 11660
0 384
cfn=(3596)
calls=128 0 
0 4352
0 2816
cfn=(3592)
calls=128 0 
0 11324
0 1024
cob=(7)
cfi=(246)
cfn=(3494)
calls=128 476 
0 6272
0 128
0 10664
cob=(7)
cfi=(246)
cfn=(3318)
calls=64 513 
0 2816
0 64
0 192
cob=(7)
cfi=(233)
cfn=(942)
calls=64 766 
0 2112
0 64
0 256
cfn=(3594)
calls=64 0 
0 5738
0 192
cfn=(3596)
calls=64 0 
0 2084
0 1472
cfn=(3592)
calls=64 0 
0 5662
0 512
cob=(7)
cfi=(246)
cfn=(3494)
calls=64 476 
0 2944
0 64
0 4050
cob=(7)
cfi=(246)
cfn=(3318)
calls=128 513 
0 5632
0 128
0 1920
cfn=(3594)
calls=128 0 
0 11660
0 768
cob=(7)
cfi=(246)
cfn=(3318)
calls=128 513 
0 5632
0 128
0 1792
cfn=(3594)
calls=128 0 
0 9544
0 384
cfn=(3596)
calls=128 0 
0 4168
0 4352
cfn=(3592)
calls=128 0 
0 7552
0 384
cfn=(3592)
calls=128 0 
0 11324
0 896
cob=(7)
cfi=(246)
cfn=(3494)
calls=128 476 
0 6272
0 128
0 13620

fn=(3780) bs_log_density_gradient
0 69
cfn=(4002) stan::math::recover_memory_nested()
calls=69 0 
0 5382
0 138
cob=(2)
cfi=(152)
cfn=(632)
calls=69 3137 
0 8590
0 69
0 414
cob=(7)
cfi=(461)
cfn=(4218)
calls=69 41 
0 3174
0 69
0 345
cob=(7)
cfi=(249)
cfn=(1124)
calls=69 1173 
0 40779
0 69
0 207
cob=(7)
cfi=(207)
cfn=(1456)
calls=69 734 
0 36225
0 69
0 207
cob=(7)
cfi=(207)
cfn=(1456)
calls=69 734 
0 10212
0 69
0 276
cob=(7)
cfi=(462) /usr/src/debug/gcc/gcc-build/x86_64-pc-linux-gnu/libstdc++-v3/src/c++98/../../../../../gcc/libstdc++-v3/src/c++98/stdexcept.cc
cfn=(4224) std::logic_error::what() const
calls=69 45 
0 207
0 207
cob=(7)
cfi=(207)
cfn=(1456)
calls=69 734 
0 14628
0 69
0 138
cob=(7)
cfi=(423) /usr/src/debug/gcc/gcc-build/x86_64-pc-linux-gnu/libstdc++-v3/include/ostream
cfn=(3568) std::basic_ostream<char, std::char_traits<char> >& std::endl<char, std::char_traits<char> >(std::basic_ostream<char, std::char_traits<char> >&)
calls=69 71 
0 8556
0 69
0 207
cob=(7)
cfi=(249)
cfn=(3582)
calls=69 288 
0 13341
0 69
0 207
cob=(2)
cfi=(152)
cfn=(632)
calls=69 3137 
0 8731
0 69
0 207
cob=(2)
cfi=(422)
cfn=(3554)
calls=69 40 
0 10557
0 69
0 276
cob=(7)
cfi=(233)
cfn=(924)
calls=69 295 
0 2898
0 69
0 138
cob=(7)
cfi=(249)
cfn=(1190) std::__cxx11::basic_stringstream<char, std::char_traits<char>, std::allocator<char> >::~basic_stringstream()
calls=69 1215 
0 7935
0 69
0 69
cob=(7)
cfi=(461)
cfn=(4246)
calls=69 95 
0 11592
0 69
0 112463
cfn=(3782)
calls=4493 0 
0 1748031
0 12287617
cfn=(4000) stan::math::internal::callback_vari<double, stan::math::operator+<double, (void*)0>(stan::math::var_value<double, void> const&, double)::{lambda(auto:1&&)#1}>::chain()
calls=4424 0 
0 22120
cfn=(3996) stan::math::internal::reverse_pass_callback_vari<stan::math::lb_constrain<Eigen::Map<Eigen::Matrix<stan::math::var_value<double, void>, -1, 1, 0, -1, 1> const, 0, Eigen::Stride<0, 0> >, int, (void*)0, (void*)0, (void*)0>(Eigen::Map<Eigen::Matrix<stan::math::var_value<double, void>, -1, 1, 0, -1, 1> const, 0, Eigen::Stride<0, 0> > const&, int const&, stan::return_type<Eigen::Map<Eigen::Matrix<stan::math::var_value<double, void>, -1, 1, 0, -1, 1> const, 0, Eigen::Stride<0, 0> >, int>::type&)::{lambda()#1}>::chain()
calls=4424 0 
0 278712
cfn=(3990) stan::math::internal::callback_vari<double, stan::math::tanh(stan::math::var_value<double, void> const&)::{lambda(auto:1 const&)#1}>::chain()
calls=4424 0 
0 490543
cfn=(3988) stan::math::internal::callback_vari<double, stan::math::log1m<stan::math::var_value<double, void> const, (void*)0>(stan::math::var_value<double, void> const&&)::{lambda(auto:1&)#1}>::chain()
calls=4424 0 
0 35392
cfn=(3986) stan::math::internal::callback_vari<double, stan::math::sum<Eigen::CwiseUnaryOp<stan::math::apply_scalar_unary<stan::math::log1m_fun, Eigen::CwiseUnaryOp<stan::math::apply_scalar_unary<stan::math::square_fun, Eigen::Matrix<stan::math::var_value<double, void>, -1, 1, 0, -1, 1>&, void>::apply<Eigen::Matrix<stan::math::var_value<double, void>, -1, 1, 0, -1, 1>&>(Eigen::Matrix<stan::math::var_value<double, void>, -1, 1, 0, -1, 1>&)::{lambda(auto:1&&)#1}::operator()<Eigen::Matrix<stan::math::var_value<double, void>, -1, 1, 0, -1, 1>&>(Eigen::Matrix<stan::math::var_value<double, void>, -1, 1, 0, -1, 1>&) const::{lambda(auto:1&&)#1}, Eigen::Matrix<stan::math::var_value<double, void>, -1, 1, 0, -1, 1> const>, void>::apply<Eigen::CwiseUnaryOp<stan::math::apply_scalar_unary<stan::math::square_fun, Eigen::Matrix<stan::math::var_value<double, void>, -1, 1, 0, -1, 1>&, void>::apply<Eigen::Matrix<stan::math::var_value<double, void>, -1, 1, 0, -1, 1>&>(Eigen::Matrix<stan::math::var_value<double, void>, -1, 1, 0, -1, 1>&)::{lambda(auto:1&&)#1}::operator()<Eigen::Matrix<stan::math::var_value<double, void>, -1, 1, 0, -1, 1>&>(Eigen::Matrix<stan::math::var_value<double, void>, -1, 1, 0, -1, 1>&) const::{lambda(auto:1&&)#1}, Eigen::Matrix<stan::math::var_value<double, void>, -1, 1, 0, -1, 1> const> >(Eigen::Matrix<stan::math::var_value<double, void>, -1, 1, 0, -1, 1>&)::{lambda(auto:1&&)#1}::operator()<Eigen::CwiseUnaryOp<stan::math::apply_scalar_unary<stan::math::square_fun, Eigen::Matrix<stan::math::var_value<double, void>, -1, 1, 0, -1, 1>&, void>::apply<Eigen::Matrix<stan::math::var_value<double, void>, -1, 1, 0, -1, 1>&>(Eigen::Matrix<stan::math::var_value<double, void>, -1, 1, 0, -1, 1>&)::{lambda(auto:1&&)#1}::operator()<Eigen::Matrix<stan::math::var_value<double, void>, -1, 1, 0, -1, 1>&>(Eigen::Matrix<stan::math::var_value<double, void>, -1, 1, 0, -1, 1>&) const::{lambda(auto:1&&)#1}, Eigen::Matrix<stan::math::var_value<double, void>, -1, 1, 0, -1, 1> const>&>(Eigen::Matrix<stan::math::var_value<double, void>, -1, 1, 0, -1, 1>&) const::{lambda(auto:1&&)#1}, Eigen::CwiseUnaryOp<stan::math::apply_scalar_unary<stan::math::square_fun, Eigen::Matrix<stan::math::var_value<double, void>, -1, 1, 0, -1, 1>&, void>::apply<Eigen::Matrix<stan::math::var_value<double, void>, -1, 1, 0, -1, 1>&>(Eigen::Matrix<stan::math::var_value<double, void>, -1, 1, 0, -1, 1>&)::{lambda(auto:1&&)#1}::operator()<Eigen::Matrix<stan::math::var_value<double, void>, -1, 1, 0, -1, 1>&>(Eigen::Matrix<stan::math::var_value<double, void>, -1, 1, 0, -1, 1>&) const::{lambda(auto:1&&)#1}, Eigen::Matrix<stan::math::var_value<double, void>, -1, 1, 0, -1, 1> const> const>, (void*)0>(Eigen::Matrix<stan::math::var_value<double, void>, -1, 1, 0, -1, 1>&)::{lambda(auto:1&)#1}>::chain()
calls=4424 0 
0 106176
cfn=(3984)
calls=8848 0 
0 61936
cfn=(3982) stan::math::internal::callback_vari<double, stan::math::operator-<double, (void*)0>(double, stan::math::var_value<double, void> const&)::{lambda(auto:1&&)#1}>::chain()
calls=4424 0 
0 22120
cfn=(3980) stan::math::internal::callback_vari<double, stan::math::sqrt(stan::math::var_value<double, void> const&)::{lambda(auto:1&)#1}>::chain()
calls=4424 0 
0 53088
cfn=(3978) stan::math::internal::callback_vari<double, stan::math::exp(stan::math::var_value<double, void> const&)::{lambda(auto:1&)#1}>::chain()
calls=141568 0 
0 849408
cfn=(3974) stan::math::internal::reverse_pass_callback_vari<stan::math::diag_pre_multiply<Eigen::Matrix<stan::math::var_value<double, void>, -1, 1, 0, -1, 1>, Eigen::Matrix<stan::math::var_value<double, void>, -1, -1, 0, -1, -1>, (void*)0, (void*)0, (void*)0>(Eigen::Matrix<stan::math::var_value<double, void>, -1, 1, 0, -1, 1> const&, Eigen::Matrix<stan::math::var_value<double, void>, -1, -1, 0, -1, -1> const&)::{lambda()#1}>::chain()
calls=4424 0 
0 1030792
cfn=(3972) stan::math::internal::reverse_pass_callback_vari<stan::math::internal::partials_propagator<stan::math::var_value<double, void>, void, Eigen::Matrix<stan::math::var_value<double, void>, -1, 1, 0, -1, 1>, Eigen::Matrix<stan::math::var_value<double, void>, -1, 1, 0, -1, 1>, Eigen::Matrix<stan::math::var_value<double, void>, -1, -1, 0, -1, -1> >::build(double)::{lambda(auto:1&&)#1}::operator()<stan::math::internal::ops_partials_edge<double, Eigen::Matrix<stan::math::var_value<double, void>, -1, 1, 0, -1, 1>, void>&>(stan::math::internal::ops_partials_edge<double, Eigen::Matrix<stan::math::var_value<double, void>, -1, 1, 0, -1, 1>, void>&)::{lambda()#1}>::chain()
calls=283136 0 
0 14156800
cfn=(3968)
calls=141568 0 
0 9060352
cfn=(3966) stan::math::internal::reverse_pass_callback_vari<stan::math::internal::partials_propagator<stan::math::var_value<double, void>, void, Eigen::Matrix<stan::math::var_value<double, void>, -1, 1, 0, -1, 1>, double, double>::build(double)::{lambda(auto:1&&)#1}::operator()<stan::math::internal::ops_partials_edge<double, Eigen::Matrix<stan::math::var_value<double, void>, -1, 1, 0, -1, 1>, void>&>(stan::math::internal::ops_partials_edge<double, Eigen::Matrix<stan::math::var_value<double, void>, -1, 1, 0, -1, 1>, void>&)::{lambda()#1}>::chain()
calls=4424 0 
0 21385616
cfn=(3964) stan::math::internal::reverse_pass_callback_vari<stan::math::internal::partials_propagator<stan::math::var_value<double, void>, void, Eigen::Matrix<stan::math::var_value<double, void>, -1, 1, 0, -1, 1>, double, double>::build(double)::{lambda(auto:1&&)#1}::operator()<stan::math::internal::ops_partials_edge<double, double, void>&>(stan::math::internal::ops_partials_edge<double, double, void>&)::{lambda()#1}>::chain()
calls=8848 0 
0 8848
cfn=(3962) stan::math::internal::callback_vari<double, stan::math::log<stan::math::var_value<double, void> const, (void*)0>(stan::math::var_value<double, void> const&&)::{lambda(auto:1&)#1}>::chain()
calls=4424 0 
0 26544
cfn=(3960)
calls=4424 0 
0 26544
cfn=(3958) stan::math::internal::reverse_pass_callback_vari<stan::math::multiply<double, Eigen::Matrix<stan::math::var_value<double, void>, -1, 1, 0, -1, 1>&, (void*)0, (void*)0, (void*)0, (void*)0>(double const&, Eigen::Matrix<stan::math::var_value<double, void>, -1, 1, 0, -1, 1>&)::{lambda()#1}>::chain()
calls=4424 0 
0 176960
cfn=(3956) stan::math::internal::callback_vari<double, stan::math::sum<Eigen::Matrix<stan::math::var_value<double, void>, -1, 1, 0, -1, 1>&, (void*)0>(Eigen::Matrix<stan::math::var_value<double, void>, -1, 1, 0, -1, 1>&)::{lambda(auto:1&)#1}>::chain()
calls=4424 0 
0 106176
cfn=(3954) stan::math::internal::callback_vari<double, stan::math::operator+(stan::math::var_value<double, void> const&, stan::math::var_value<double, void> const&)::{lambda(auto:1&&)#1}>::chain()
calls=13272 0 
0 119448
cfn=(3952) stan::math::internal::reverse_pass_callback_vari<stan::math::internal::partials_propagator<stan::math::var_value<double, void>, void, stan::math::var_value<double, void>, double, double>::build(double)::{lambda(auto:1&&)#1}::operator()<stan::math::internal::ops_partials_edge<double, stan::math::var_value<double, void>, void>&>(stan::math::internal::ops_partials_edge<double, stan::math::var_value<double, void>, void>&)::{lambda()#1}>::chain()
calls=8848 0 
0 61936
cfn=(3950) stan::math::internal::reverse_pass_callback_vari<stan::math::internal::partials_propagator<stan::math::var_value<double, void>, void, stan::math::var_value<double, void>, double, double>::build(double)::{lambda(auto:1&&)#1}::operator()<stan::math::internal::ops_partials_edge<double, double, void>&>(stan::math::internal::ops_partials_edge<double, double, void>&)::{lambda()#1}>::chain()
calls=17696 0 
0 17696
cfn=(3948) stan::math::internal::reverse_pass_callback_vari<stan::math::internal::partials_propagator<stan::math::var_value<double, void>, void, stan::math::var_value<double, void>, double>::build(double)::{lambda(auto:1&&)#1}::operator()<stan::math::internal::ops_partials_edge<double, stan::math::var_value<double, void>, void>&>(stan::math::internal::ops_partials_edge<double, stan::math::var_value<double, void>, void>&)::{lambda()#1}>::chain()
calls=8848 0 
0 61936
cfn=(3946)
calls=8848 0 
0 8848
cfn=(3944)
calls=4424 0 
0 1104287912
cfn=(3940)
calls=4424 0 
0 1189233136
cfn=(3936)
calls=4424 0 
0 679676816
cfn=(3934) stan::math::internal::callback_vari<double, stan::math::sum<stan::math::arena_allocator<stan::math::var_value<double, void> > >(std::vector<stan::math::var_value<double, void>, stan::math::arena_allocator<stan::math::var_value<double, void> > > const&)::{lambda(auto:1&)#1}>::chain()
calls=4424 0 
0 1278536
0 19235552
cob=(2)
cfi=(152)
cfn=(632)
calls=4424 3137 
0 537039
0 4424
0 4424
cfn=(4002)
calls=4424 0 
0 345072
0 8848
cob=(2)
cfi=(152)
cfn=(632)
calls=4424 3137 
0 527035
0 4424
0 76174
cfn=(3788) stan::model::model_base_crtp<hier_2pl_model_namespace::hier_2pl_model>::log_prob_propto_jacobian(Eigen::Matrix<stan::math::var_value<double, void>, -1, 1, 0, -1, 1>&, std::ostream*) const
calls=4493 0 
0 31991827404
0 4445
cob=(7)
cfi=(232)
cfn=(918)
calls=1 43 
0 38
0 1
0 39
cob=(7)
cfi=(232)
cfn=(918)
calls=1 43 
0 38
0 1
0 39
cob=(7)
cfi=(232)
cfn=(918)
calls=1 43 
0 38
0 1
0 23
cfn=(3500)
calls=1 0 
0 86
0 1
0 7
cfn=(3786)
calls=1 0 
0 86
0 1
0 7
cfn=(3786)
calls=1 0 
0 86
0 1
0 13480
cob=(2)
cfi=(152)
cfn=(812)
calls=4493 3101 
0 1469509
0 4493
0 87254082
cob=(7)
cfi=(232)
cfn=(918)
calls=1 43 
0 42
0 1
0 227

fn=(3788)
0 35944
cfn=(3790)
calls=4493 0 
0 31991769340
0 22120

fn=(3792)
0 62419
cfn=(3794)
calls=8917 0 
0 115921
0 222925

fn=(3856)
0 18924443
cfn=(3794)
calls=143360 0 
0 1863680
0 573440
cfn=(3794)
calls=143360 0 
0 1863680
0 4229120
cob=(2)
cfi=(158)
cfn=(936)
calls=143360 0 
0 1648640
0 143360
0 716800
cob=(2)
cfi=(158)
cfn=(936)
calls=71680 0 
0 931840
0 71680
0 1146880
cfn=(3794)
calls=143360 0 
0 1863680
0 2723840
cfn=(3794)
calls=143360 0 
0 1863680
0 6594560
cfn=(3812)
calls=143360 0 
0 10608640
0 2723840
cfn=(3858)
calls=143360 0 
0 25804800
0 430080
cfn=(3858)
calls=143360 0 
0 25804800
0 7884800
cob=(2)
cfi=(152)
cfn=(632)
calls=143360 3137 
0 4730880
0 143360
0 1576960
cfn=(3782)
calls=143360 0 
0 10608640
0 7884800
cfn=(3860) Eigen::CwiseNullaryOp<Eigen::internal::scalar_constant_op<double>, Eigen::Matrix<double, -1, 1, 0, -1, 1> >::CwiseNullaryOp(long, long, Eigen::internal::scalar_constant_op<double> const&) [clone .constprop.0]
calls=143360 0 
0 860160
0 6881280
cfn=(3874) void Eigen::internal::trmv_selector<1, 0>::run<Eigen::Matrix<double, -1, -1, 0, -1, -1>, Eigen::Matrix<double, -1, 1, 0, -1, 1>, Eigen::Matrix<double, -1, 1, 0, -1, 1> >(Eigen::Matrix<double, -1, -1, 0, -1, -1> const&, Eigen::Matrix<double, -1, 1, 0, -1, 1> const&, Eigen::Matrix<double, -1, 1, 0, -1, 1>&, Eigen::Matrix<double, -1, 1, 0, -1, 1>::Scalar const&) [clone .isra.0]
calls=143360 0 
0 29388800
0 716800
cob=(2)
cfi=(152)
cfn=(632)
calls=143360 3137 
0 4730880
0 143360
0 1003520
cfn=(3878)
calls=143360 0 
0 29484726
0 1720320
cob=(2)
cfi=(158)
cfn=(936)
calls=143360 0 
0 1576960
0 143360
0 1863680
cfn=(3880)
calls=143360 0 
0 25231360
0 1146880
cfn=(3782)
calls=143360 0 
0 29274977
0 4730880
cob=(2)
cfi=(152)
cfn=(632)
calls=143360 3137 
0 15587455
0 143360
0 1290240
cob=(6)
cfi=(434)
cfn=(3886)
calls=143360 49 
0 6594400
0 143360
0 2723840
cob=(6)
cfi=(434)
cfn=(3886)
calls=143360 49 
0 6685792
0 143360
0 3870720
cfn=(3862)
calls=143360 0 
0 13189120
0 12328960
cob=(2)
cfi=(152)
cfn=(632)
calls=143360 3137 
0 4730880
0 143360
0 286720
cob=(2)
cfi=(152)
cfn=(632)
calls=143360 3137 
0 15587613
0 143360
0 15339520
cob=(2)
cfi=(152)
cfn=(632)
calls=143360 3137 
0 4730880
0 143360
0 286720
cob=(2)
cfi=(152)
cfn=(632)
calls=143360 3137 
0 15981744
0 143360
0 286720
cob=(2)
cfi=(152)
cfn=(632)
calls=143360 3137 
0 15944298
0 143360
0 430080
cfn=(3888)
calls=143360 0 
0 6595945
0 716800
cfn=(3794)
calls=143360 0 
0 1863680
0 2150400
cfn=(3810)
calls=143360 0 
0 1290461
0 573440
cfn=(3794)
calls=143360 0 
0 1863680
0 2293760
cfn=(3810)
calls=143360 0 
0 1290780
0 1290240
cfn=(3794)
calls=143360 0 
0 1863680
0 2437120
cfn=(3810)
calls=143360 0 
0 1290240
0 7454720
cfn=(3878)
calls=143360 0 
0 29495784
0 5447680
cfn=(3862)
calls=143360 0 
0 13189120
0 10321920
cfn=(3862)
calls=143360 0 
0 13189120
0 7741440
cfn=(3864) void Eigen::internal::evaluateProductBlockingSizesHeuristic<double, double, 4, long>(long&, long&, long&, long)
calls=143360 0 
0 5304559
0 2867200
cfn=(3870)
calls=143360 0 
0 65228800
0 573440
cob=(2)
cfi=(152)
cfn=(632)
calls=143360 3137 
0 573440
0 143360
0 286720
cob=(2)
cfi=(152)
cfn=(632)
calls=143360 3137 
0 573440
0 143360
0 286720
cob=(2)
cfi=(152)
cfn=(632)
calls=143360 3137 
0 4730880
0 143360
0 573440
cfn=(3814)
calls=143360 0 
0 24897980
0 18708844
cfn=(4354) _ZZN4stan4math17elementwise_checkIZNS0_12check_finiteIN5Eigen12CwiseUnaryOpIZZNS0_8value_ofIRKNS3_3MapIKNS3_6MatrixINS0_9var_valueIdvEELin1ELi1ELi0ELin1ELi1EEELi0ENS3_6StrideILi0ELi0EEEEELPv0ELSH_0EEEDaOT_ENKUlSJ_E_clISG_EEDaSJ_EUlSJ_E_SF_EEEEvPKcSP_RKSI_EUldE_SN_JELSH_0ELSH_0EEEvSR_SP_SP_RKT0_SP_DpRKT1_ENKUlvE_clEv
calls=13 0 
0 733018

fn=(3866) Eigen::internal::queryCacheSizes(int&, int&, int&)
0 22
cfn=(3868) Eigen::internal::queryCacheSizes_intel(int&, int&, int&, int)
calls=1 0 
0 154

fn=(3874)
0 4300800
cfn=(3876) Eigen::internal::triangular_matrix_vector_product<long, 1, double, false, double, false, 0, 0>::run(long, long, double const*, long, double const*, long, double*, long, double const&) [clone .constprop.0]
calls=143360 0 
0 23224320
0 1863680

fn=(3876)
0 23224320

fn=(3902)
0 192640
cfn=(3862)
calls=4480 0 
0 412160
0 447664
cob=(2)
cfi=(152)
cfn=(632)
calls=4424 3137 
0 145992
0 4424
0 48776
cob=(2)
cfi=(152)
cfn=(632)
calls=56 3137 
0 1848
0 56
0 1792
cfn=(4076) stan::math::elementwise_check<stan::math::check_positive<Eigen::Diagonal<Eigen::Matrix<double, -1, -1, 0, -1, -1>, 0> >(char const*, char const*, Eigen::Diagonal<Eigen::Matrix<double, -1, -1, 0, -1, -1>, 0> const&)::{lambda(double)#1}, Eigen::Diagonal<Eigen::Matrix<double, -1, -1, 0, -1, -1>, 0>, , (void*)0, (void*)0>(stan::math::check_positive<Eigen::Diagonal<Eigen::Matrix<double, -1, -1, 0, -1, -1>, 0> >(char const*, char const*, Eigen::Diagonal<Eigen::Matrix<double, -1, -1, 0, -1, -1>, 0> const&)::{lambda(double)#1} const&, char const*, char const*, Eigen::Diagonal<Eigen::Matrix<double, -1, -1, 0, -1, -1>, 0> const&, char const*)::{lambda()#1}::operator()() const
calls=56 0 
0 1971119
0 112
cob=(5)
cfi=(444)
cfn=(4212)
calls=56 231 
0 530544
0 56

fn=(3906)
0 433552
cfn=(3888)
calls=8848 0 
0 407008
0 70784
cfn=(3794)
calls=8848 0 
0 115024
0 106176
cfn=(3810)
calls=8848 0 
0 79632
0 35392
cfn=(3794)
calls=8848 0 
0 115024
0 97328
cfn=(3810)
calls=8848 0 
0 79632
0 35392
cfn=(3794)
calls=8848 0 
0 115024
0 97328
cfn=(3810)
calls=8848 0 
0 79632
0 70784

fn=(3914)
0 934454976
cob=(7)
cfi=(232)
cfn=(918)
calls=4424 43 
0 759719
0 4424
0 145992

fn=(3916)
0 110600
cfn=(3794)
calls=4424 0 
0 182077
0 44240
cfn=(3794)
calls=4424 0 
0 181969
0 934441704
cfn=(3794)
calls=4424 0 
0 181664
0 53088
cfn=(3794)
calls=4424 0 
0 57512
0 849514176
cfn=(3794)
calls=4424 0 
0 57512
0 17696
cfn=(3794)
calls=4424 0 
0 181971
0 1529022880
cfn=(3794)
calls=84940800 0 
0 1104230400
0 1698820424
cfn=(3794)
calls=4424 0 
0 57512
0 70784
cfn=(3810)
calls=4424 0 
0 39816
0 30968
cfn=(3812)
calls=4424 0 
0 1410576
0 424792480

fn=(3926) double Eigen::DenseBase<Eigen::Select<Eigen::CwiseBinaryOp<Eigen::internal::scalar_cmp_op<double, double, (Eigen::internal::ComparisonName)1>, Eigen::CwiseNullaryOp<Eigen::internal::scalar_constant_op<double>, Eigen::Array<double, -1, 1, 0, -1, 1> > const, Eigen::Array<double, -1, 1, 0, -1, 1> const>, Eigen::CwiseUnaryOp<Eigen::internal::scalar_opposite_op<double>, Eigen::Array<double, -1, 1, 0, -1, 1> const>, Eigen::Select<Eigen::CwiseBinaryOp<Eigen::internal::scalar_cmp_op<double, double, (Eigen::internal::ComparisonName)1>, Eigen::Array<double, -1, 1, 0, -1, 1> const, Eigen::CwiseNullaryOp<Eigen::internal::scalar_constant_op<double>, Eigen::Array<double, -1, 1, 0, -1, 1> > const>, Eigen::Array<double, -1, 1, 0, -1, 1>, Eigen::CwiseUnaryOp<Eigen::internal::scalar_opposite_op<double>, Eigen::CwiseUnaryOp<stan::math::apply_scalar_unary<stan::math::log1p_fun, Eigen::Array<double, -1, 1, 0, -1, 1>&, void>::apply<Eigen::Array<double, -1, 1, 0, -1, 1>&>(Eigen::Array<double, -1, 1, 0, -1, 1>&)::{lambda(auto:1&&)#1}::operator()<Eigen::Array<double, -1, 1, 0, -1, 1>&>(Eigen::Array<double, -1, 1, 0, -1, 1>&) const::{lambda(auto:1&&)#1}, Eigen::Array<double, -1, 1, 0, -1, 1> const> const> > > >::redux<Eigen::internal::scalar_sum_op<double, double> >(Eigen::internal::scalar_sum_op<double, double> const&) const [clone .isra.0]
0 1611627853
cob=(6)
cfi=(432)
cfn=(3830)
calls=84697422 24 
0 5019552090
0 84697422
0 508233196
cob=(6)
cfi=(432)
cfn=(3830)
calls=4424 24 
0 278078
0 4424
0 26544

fn=(3980)
0 53088

fn=(3986)
0 106176

fn=(4092)
0 207
cob=(7)
cfi=(439) /usr/src/debug/gcc/gcc-build/x86_64-pc-linux-gnu/libstdc++-v3/src/c++11/../../../../../gcc/libstdc++-v3/src/c++11/cxx11-stdexcept.cc
cfn=(4096) std::domain_error::domain_error(std::__cxx11::basic_string<char, std::char_traits<char>, std::allocator<char> > const&)
calls=69 52 
0 8970
0 69
0 138
cob=(7)
cfi=(233)
cfn=(924)
calls=69 295 
0 2898
0 69
0 483
cob=(7)
cfi=(441)
cfn=(4110) __cxa_throw
calls=69 80 
0 1614928
0 69
0 138
cob=(7)
cfi=(249)
cfn=(1190)
calls=69 1215 
0 7935
0 69
0 345
cob=(5)
cfi=(444)
cfn=(4212)
calls=69 231 
0 777838
0 69
0 138

fn=(4458) auto stan::model::rvalue<std::vector<Eigen::Matrix<double, -1, 1, 0, -1, 1>, std::allocator<Eigen::Matrix<double, -1, 1, 0, -1, 1> > >, stan::model::index_uni, (void*)0>(std::vector<Eigen::Matrix<double, -1, 1, 0, -1, 1>, std::allocator<Eigen::Matrix<double, -1, 1, 0, -1, 1> > >&, char const*, stan::model::index_uni, stan::model::index_uni&&) [clone .constprop.0] [clone .isra.0]
0 112000

fn=(4466) void stan::math::check_pos_definite<Eigen::Matrix<double, -1, -1, 0, -1, -1>, (void*)0>(char const*, char const*, Eigen::Matrix<double, -1, -1, 0, -1, -1> const&)
0 7800
cfn=(3862)
calls=50 0 
0 4600
0 6551
cfn=(4468) bool Eigen::internal::ldlt_inplace<1>::unblocked<Eigen::Matrix<double, -1, -1, 0, -1, -1>, Eigen::Transpositions<-1, -1, int>, Eigen::Matrix<double, -1, 1, 0, -1, 1> >(Eigen::Matrix<double, -1, -1, 0, -1, -1>&, Eigen::Transpositions<-1, -1, int>&, Eigen::Matrix<double, -1, 1, 0, -1, 1>&, Eigen::internal::SignMatrix&)
calls=50 0 
0 15220
0 1900
cob=(2)
cfi=(152)
cfn=(632)
calls=50 3137 
0 1650
0 50
0 100
cob=(2)
cfi=(152)
cfn=(632)
calls=50 3137 
0 1650
0 50
0 100
cob=(2)
cfi=(152)
cfn=(632)
calls=50 3137 
0 1650
0 50
0 900
cfn=(3814)
calls=50 0 
0 1900
0 650
cfn=(3814)
calls=50 0 
0 8750
0 300

fn=(4490) bs_param_names
0 16

fn=(3352) boost::re_detail_500::basic_regex_parser<char, boost::regex_traits<char, boost::cpp_regex_traits<char> > >::parse_set_literal(boost::re_detail_500::basic_char_set<char, boost::regex_traits<char, boost::cpp_regex_traits<char> > >&)
0 66
cfn=(3354)
calls=6 0 
0 180
0 121
cfn=(3354)
calls=5 0 
0 150
0 113
cfn=(3364) std::pair<std::_Rb_tree_iterator<boost::re_detail_500::digraph<char> >, bool> std::_Rb_tree<boost::re_detail_500::digraph<char>, boost::re_detail_500::digraph<char>, std::_Identity<boost::re_detail_500::digraph<char> >, std::less<boost::re_detail_500::digraph<char> >, std::allocator<boost::re_detail_500::digraph<char> > >::_M_insert_unique<boost::re_detail_500::digraph<char> const&>(boost::re_detail_500::digraph<char> const&) [clone .isra.0]
calls=1 0 
0 94
0 71
cfn=(3356) void std::vector<boost::re_detail_500::digraph<char>, std::allocator<boost::re_detail_500::digraph<char> > >::_M_realloc_append<boost::re_detail_500::digraph<char> const&>(boost::re_detail_500::digraph<char> const&)
calls=5 0 
0 652
0 31
cfn=(3356)
calls=2 0 
0 504
0 4

fn=(3362) boost::re_detail_500::basic_regex_creator<char, boost::regex_traits<char, boost::cpp_regex_traits<char> > >::append_state(boost::re_detail_500::syntax_element_type, unsigned long)
0 90

fn=(2928) stan::math::ad_tape_observer::on_scheduler_entry(bool)
0 18
cob=(2)
cfi=(304)
cfn=(1662)
calls=2 71 
0 58
0 2
0 8
cob=(2)
cfi=(327)
cfn=(1802)
calls=2 23 
0 6
0 2
0 18
cob=(2)
cfi=(306)
cfn=(1680)
calls=2 357 
0 38
0 2
0 30
cob=(7)
cfi=(385) /usr/src/debug/gcc/gcc-build/x86_64-pc-linux-gnu/libstdc++-v3/libsupc++/../../../../gcc/libstdc++-v3/libsupc++/hash_bytes.cc
cfn=(2936) std::_Hash_bytes(void const*, unsigned long, unsigned long)
calls=2 139 
0 74
0 2
0 30
cob=(7)
cfi=(232)
cfn=(918)
calls=2 43 
0 76
0 2
0 38
cob=(7)
cfi=(385)
cfn=(2936)
calls=2 139 
0 74
0 2
0 12
cob=(7)
cfi=(232)
cfn=(918)
calls=2 43 
0 84
0 2
0 26
cfn=(2940) std::_Hashtable<std::thread::id, std::pair<std::thread::id const, std::unique_ptr<stan::math::AutodiffStackSingleton<stan::math::vari_base, stan::math::chainable_alloc>, std::default_delete<stan::math::AutodiffStackSingleton<stan::math::vari_base, stan::math::chainable_alloc> > > >, std::allocator<std::pair<std::thread::id const, std::unique_ptr<stan::math::AutodiffStackSingleton<stan::math::vari_base, stan::math::chainable_alloc>, std::default_delete<stan::math::AutodiffStackSingleton<stan::math::vari_base, stan::math::chainable_alloc> > > > >, std::__detail::_Select1st, std::equal_to<std::thread::id>, std::hash<std::thread::id>, std::__detail::_Mod_range_hashing, std::__detail::_Default_ranged_hash, std::__detail::_Prime_rehash_policy, std::__detail::_Hashtable_traits<false, false, true> >::_M_insert_unique_node(unsigned long, unsigned long, std::__detail::_Hash_node<std::pair<std::thread::id const, std::unique_ptr<stan::math::AutodiffStackSingleton<stan::math::vari_base, stan::math::chainable_alloc>, std::default_delete<stan::math::AutodiffStackSingleton<stan::math::vari_base, stan::math::chainable_alloc> > > >, false>*, unsigned long)
calls=2 0 
0 384
0 7
cob=(7)
cfi=(232)
cfn=(918)
calls=1 43 
0 200
0 1
0 5
cob=(2)
cfi=(158)
cfn=(936)
calls=1 0 
0 36
0 1
0 2
cfn=(2952) stan::math::AutodiffStackSingleton<stan::math::vari_base, stan::math::chainable_alloc>::AutodiffStackStorage::AutodiffStackStorage()
calls=1 0 
0 346
0 3

fn=(4354)
0 169
cfn=(4078)
calls=13 0 
0 732849

fn=(3134) double boost::math::detail::lgamma_imp_final<double, boost::math::policies::policy<boost::math::policies::pole_error<(boost::math::policies::error_policy_type)1>, boost::math::policies::overflow_error<(boost::math::policies::error_policy_type)1>, boost::math::policies::promote_float<false>, boost::math::policies::promote_double<false>, boost::math::policies::default_policy, boost::math::policies::default_policy, boost::math::policies::default_policy, boost::math::policies::default_policy, boost::math::policies::default_policy, boost::math::policies::default_policy, boost::math::policies::default_policy, boost::math::policies::default_policy, boost::math::policies::default_policy>, boost::math::lanczos::lanczos13m53>(double, boost::math::policies::policy<boost::math::policies::pole_error<(boost::math::policies::error_policy_type)1>, boost::math::policies::overflow_error<(boost::math::policies::error_policy_type)1>, boost::math::policies::promote_float<false>, boost::math::policies::promote_double<false>, boost::math::policies::default_policy, boost::math::policies::default_policy, boost::math::policies::default_policy, boost::math::policies::default_policy, boost::math::policies::default_policy, boost::math::policies::default_policy, boost::math::policies::default_policy, boost::math::policies::default_policy, boost::math::policies::default_policy> const&, boost::math::lanczos::lanczos13m53 const&, int*) [clone .isra.0]
0 238

fn=(3164) bs_model_construct
0 12
cob=(7)
cfi=(232)
cfn=(918)
calls=1 43 
0 42
0 1
0 5
cfn=(3166) bs_model::bs_model(char const*, unsigned int)
calls=1 0 
0 46702061
0 10

fn=(3168) bridgestan::load_json(char const*)
0 15
cfn=(3080)
calls=1 0 
0 127
0 5
cob=(7)
cfi=(247)
cfn=(1034)
calls=1 32 
0 37
0 1
0 16
cfn=(3080)
calls=1 0 
0 71
0 19
cfn=(3172)
calls=1 0 
0 47
0 6
cob=(7)
cfi=(233)
cfn=(924)
calls=1 295 
0 6
0 1
0 8
cob=(7)
cfi=(202)
cfn=(738)
calls=1 76 
0 56
0 1
0 22
cob=(7)
cfi=(203)
cfn=(740)
calls=1 131 
0 147
0 1
0 8
cob=(7)
cfi=(410) /usr/src/debug/gcc/gcc-build/x86_64-pc-linux-gnu/libstdc++-v3/include/bits/fstream.tcc
cfn=(3184) std::basic_filebuf<char, std::char_traits<char> >::basic_filebuf()
calls=1 85 
0 85
0 1
0 3
cob=(7)
cfi=(203)
cfn=(740)
calls=1 131 
0 147
0 1
0 4
cob=(7)
cfi=(410)
cfn=(3192) std::basic_filebuf<char, std::char_traits<char> >::open(char const*, std::_Ios_Openmode)
calls=1 183 
0 674
0 1
0 7
cob=(7)
cfi=(203)
cfn=(3204) std::basic_ios<char, std::char_traits<char> >::clear(std::_Ios_Iostate)
calls=1 46 
0 9
0 1
0 5
cob=(7)
cfi=(232)
cfn=(918)
calls=1 43 
0 42
0 1
0 4
cfn=(3206) stan::json::json_data::json_data(std::istream&)
calls=1 0 
0 42933663
0 12
cob=(7)
cfi=(410)
cfn=(3518) std::basic_filebuf<char, std::char_traits<char> >::close()
calls=1 253 
0 546
0 1
0 2
cob=(7)
cfi=(411) /usr/src/debug/gcc/gcc-build/x86_64-pc-linux-gnu/libstdc++-v3/src/c++11/basic_file.cc
cfn=(3530) std::__basic_file<char>::~__basic_file()
calls=1 210 
0 21
0 1
0 5
cob=(7)
cfi=(170)
cfn=(746)
calls=1 91 
0 6
0 1
0 9
cob=(7)
cfi=(202)
cfn=(1196)
calls=1 87 
0 43
0 1
0 7
cob=(2)
cfi=(158)
cfn=(690)
calls=1 0 
0 19
0 1
0 3

fn=(3244) void rapidjson::GenericReader<rapidjson::UTF8<char>, rapidjson::UTF8<char>, rapidjson::CrtAllocator>::ParseValue<274u, rapidjson::BasicIStreamWrapper<std::istream>, stan::json::RapidJSONHandler<stan::json::json_data_handler> >(rapidjson::BasicIStreamWrapper<std::istream>&, stan::json::RapidJSONHandler<stan::json::json_data_handler>&)
0 22
cfn=(3246)
calls=1 0 
0 6
0 7
cob=(7)
cfi=(246)
cfn=(1480)
calls=1 574 
0 40
0 1
0 3
cfn=(3250) stan::json::json_data_handler::start_object()
calls=1 0 
0 28
0 2
cfn=(3242) void rapidjson::SkipWhitespace<rapidjson::BasicIStreamWrapper<std::istream> >(rapidjson::BasicIStreamWrapper<std::istream>&)
calls=1 0 
0 217
0 9
cfn=(3246)
calls=1 0 
0 330
0 8
cfn=(3480) stan::json::json_data_handler::end_object()
calls=1 0 
0 157447
0 10
cfn=(3246)
calls=5 0 
0 549
0 10
cfn=(3242)
calls=5 0 
0 572
0 77
cfn=(3252)
calls=6 0 
0 357433
0 30
cfn=(3242)
calls=6 0 
0 96
0 48
cfn=(3246)
calls=6 0 
0 382
0 12
cfn=(3242)
calls=6 0 
0 498
0 42
cfn=(3245) void rapidjson::GenericReader<rapidjson::UTF8<char>, rapidjson::UTF8<char>, rapidjson::CrtAllocator>::ParseValue<274u, rapidjson::BasicIStreamWrapper<std::istream>, stan::json::RapidJSONHandler<stan::json::json_data_handler> >(rapidjson::BasicIStreamWrapper<std::istream>&, stan::json::RapidJSONHandler<stan::json::json_data_handler>&)'2
calls=6 0 
0 42405403
0 30
cfn=(3242)
calls=6 0 
0 106
0 44

fn=(3245)
0 460890
cfn=(3246)
calls=3 0 
0 191
0 21
cob=(7)
cfi=(246)
cfn=(1480)
calls=3 574 
0 120
0 3
0 9
cfn=(3458) stan::json::json_data_handler::start_array()
calls=3 0 
0 5483
0 6
cfn=(3242)
calls=3 0 
0 48
0 230433
cfn=(3245)
calls=57600 0 
0 31924363
0 288000
cfn=(3242)
calls=57600 0 
0 921600
0 518394
cfn=(3246)
calls=57597 0 
0 2617670
0 115194
cfn=(3242)
calls=57597 0 
0 5605387
0 230394
cfn=(3432) void rapidjson::GenericReader<rapidjson::UTF8<char>, rapidjson::UTF8<char>, rapidjson::CrtAllocator>::ParseNumber<274u, rapidjson::BasicIStreamWrapper<std::istream>, stan::json::RapidJSONHandler<stan::json::json_data_handler> >(rapidjson::BasicIStreamWrapper<std::istream>&, stan::json::RapidJSONHandler<stan::json::json_data_handler>&)
calls=57603 0 
0 31407587
0 12
cfn=(3246)
calls=3 0 
0 18
0 9
cfn=(3472)
calls=3 0 
0 3925
0 9

fn=(3328) std::_Rb_tree<boost::re_detail_500::cpp_regex_traits_base<char>, std::pair<boost::re_detail_500::cpp_regex_traits_base<char> const, std::_List_iterator<std::pair<std::shared_ptr<boost::re_detail_500::cpp_regex_traits_implementation<char> const>, boost::re_detail_500::cpp_regex_traits_base<char> const*> > >, std::_Select1st<std::pair<boost::re_detail_500::cpp_regex_traits_base<char> const, std::_List_iterator<std::pair<std::shared_ptr<boost::re_detail_500::cpp_regex_traits_implementation<char> const>, boost::re_detail_500::cpp_regex_traits_base<char> const*> > > >, std::less<boost::re_detail_500::cpp_regex_traits_base<char> >, std::allocator<std::pair<boost::re_detail_500::cpp_regex_traits_base<char> const, std::_List_iterator<std::pair<std::shared_ptr<boost::re_detail_500::cpp_regex_traits_implementation<char> const>, boost::re_detail_500::cpp_regex_traits_base<char> const*> > > > >::_M_get_insert_hint_unique_pos(std::_Rb_tree_const_iterator<std::pair<boost::re_detail_500::cpp_regex_traits_base<char> const, std::_List_iterator<std::pair<std::shared_ptr<boost::re_detail_500::cpp_regex_traits_implementation<char> const>, boost::re_detail_500::cpp_regex_traits_base<char> const*> > > >, boost::re_detail_500::cpp_regex_traits_base<char> const&)
0 9
cfn=(3330)
calls=1 0 
0 14

fn=(3378)
0 25

fn=(3428)
0 127
cfn=(3456)
calls=5 0 
0 152
0 18
cfn=(3430)
calls=1 0 
0 29
0 15

fn=(3438)
0 216

fn=(3500)
0 108
cob=(7)
cfi=(232)
cfn=(918)
calls=4 43 
0 152
0 4
0 80

fn=(3510) std::_Rb_tree<std::__cxx11::basic_string<char, std::char_traits<char>, std::allocator<char> >, std::pair<std::__cxx11::basic_string<char, std::char_traits<char>, std::allocator<char> > const, bool>, std::_Select1st<std::pair<std::__cxx11::basic_string<char, std::char_traits<char>, std::allocator<char> > const, bool> >, std::less<std::__cxx11::basic_string<char, std::char_traits<char>, std::allocator<char> > >, std::allocator<std::pair<std::__cxx11::basic_string<char, std::char_traits<char>, std::allocator<char> > const, bool> > >::_M_erase(std::_Rb_tree_node<std::pair<std::__cxx11::basic_string<char, std::char_traits<char>, std::allocator<char> > const, bool> >*) [clone .isra.0]
0 42
cob=(7)
cfi=(247)
cfn=(1034)
calls=1 32 
0 37
0 1
0 11
cob=(7)
cfi=(247)
cfn=(1034)
calls=1 32 
0 37
0 1
0 24
cob=(7)
cfi=(247)
cfn=(1034)
calls=2 32 
0 74
0 2
0 11

fn=(3542) stan::json::json_data::vals_i(std::__cxx11::basic_string<char, std::char_traits<char>, std::allocator<char> > const&) const
0 120
cfn=(3440)
calls=6 0 
0 911
0 42
cfn=(3440)
calls=6 0 
0 911
0 48
cob=(7)
cfi=(232)
cfn=(918)
calls=6 43 
0 799
0 6
0 78
cob=(2)
cfi=(158)
cfn=(908)
calls=6 0 
0 230477
0 6
0 60

fn=(3548) std::_Rb_tree<std::__cxx11::basic_string<char, std::char_traits<char>, std::allocator<char> >, std::pair<std::__cxx11::basic_string<char, std::char_traits<char>, std::allocator<char> > const, std::pair<std::vector<int, std::allocator<int> >, std::vector<unsigned long, std::allocator<unsigned long> > > >, std::_Select1st<std::pair<std::__cxx11::basic_string<char, std::char_traits<char>, std::allocator<char> > const, std::pair<std::vector<int, std::allocator<int> >, std::vector<unsigned long, std::allocator<unsigned long> > > > >, std::less<std::__cxx11::basic_string<char, std::char_traits<char>, std::allocator<char> > >, std::allocator<std::pair<std::__cxx11::basic_string<char, std::char_traits<char>, std::allocator<char> > const, std::pair<std::vector<int, std::allocator<int> >, std::vector<unsigned long, std::allocator<unsigned long> > > > > >::_M_erase(std::_Rb_tree_node<std::pair<std::__cxx11::basic_string<char, std::char_traits<char>, std::allocator<char> > const, std::pair<std::vector<int, std::allocator<int> >, std::vector<unsigned long, std::allocator<unsigned long> > > > >*) [clone .isra.0]
0 44
cob=(7)
cfi=(247)
cfn=(1034)
calls=1 32 
0 37
0 1
0 9
cob=(7)
cfi=(247)
cfn=(1034)
calls=1 32 
0 105
0 1
0 8
cob=(7)
cfi=(247)
cfn=(1034)
calls=1 32 
0 37
0 1
0 12
cob=(7)
cfi=(247)
cfn=(1034)
calls=1 32 
0 37
0 1
0 9
cob=(7)
cfi=(247)
cfn=(1034)
calls=1 32 
0 129
0 1
0 8
cob=(7)
cfi=(247)
cfn=(1034)
calls=1 32 
0 37
0 1
0 22
cob=(7)
cfi=(247)
cfn=(1034)
calls=1 32 
0 37
0 1
0 18
cob=(7)
cfi=(247)
cfn=(1034)
calls=2 32 
0 196
0 2
0 16
cob=(7)
cfi=(247)
cfn=(1034)
calls=2 32 
0 74
0 2
0 11

fn=(3854)
0 193199
cfn=(3080)
calls=4493 0 
0 319003
0 13479
cob=(7)
cfi=(233)
cfn=(3602)
calls=4493 1604 
0 979474
0 4493
0 13479
cob=(7)
cfi=(233)
cfn=(942)
calls=4493 766 
0 71888
0 4493
0 67395
cob=(7)
cfi=(247)
cfn=(1034)
calls=4493 32 
0 166241
0 4493
0 44930
cfn=(3080)
calls=4493 0 
0 319003
0 13479
cob=(7)
cfi=(233)
cfn=(3602)
calls=4493 1604 
0 979474
0 4493
0 13479
cob=(7)
cfi=(233)
cfn=(942)
calls=4493 766 
0 71888
0 4493
0 67395
cob=(7)
cfi=(247)
cfn=(1034)
calls=4493 32 
0 166241
0 4493
0 31451

fn=(3858)
0 4434360
cfn=(3860)
calls=295624 0 
0 1773744
0 2364992
cfn=(3794)
calls=295624 0 
0 3843112
0 2956240
cfn=(3794)
calls=295624 0 
0 3843112
0 121405592
cfn=(3794)
calls=147840 0 
0 1921920
0 886704
cfn=(3794)
calls=147784 0 
0 1921192
0 3251864
cfn=(3794)
calls=295624 0 
0 3843112
0 448401800

fn=(3860)
0 2635104

fn=(3872)
0 16773120

fn=(3920)
0 137144
cfn=(3922) stan::math::internal::bounded<std::vector<int, std::allocator<int> >, int, int, true>::check(char const*, char const*, std::vector<int, std::allocator<int> > const&, int const&, int const&) [clone .isra.0]
calls=4424 0 
0 679619304
0 26544
cfn=(3894)
calls=4424 0 
0 1411228
0 1189303920
cfn=(3894)
calls=4424 0 
0 1411228
0 276168200
cfn=(3894)
calls=4424 0 
0 1411228
0 254902032
cfn=(3894)
calls=4424 0 
0 1411233
0 3525202464
cfn=(3924)
calls=4424 0 
0 26544
0 44240
cfn=(3924)
calls=4424 0 
0 26544
0 97328
cfn=(3926)
calls=4424 0 
0 7224419607
0 17696
cfn=(3858)
calls=4424 0 
0 531658624
0 53088
cfn=(3924)
calls=4424 0 
0 26544
0 44240
cfn=(3924)
calls=4424 0 
0 26544
0 79632
cfn=(3794)
calls=4424 0 
0 57512
0 1188136319
cfn=(3888)
calls=4424 0 
0 203504
0 22120
cfn=(3794)
calls=4424 0 
0 57512
0 66360
cfn=(3810)
calls=4424 0 
0 39816
0 8848
cob=(2)
cfi=(152)
cfn=(632)
calls=4424 3137 
0 384882
0 4424
0 8848
cob=(2)
cfi=(152)
cfn=(632)
calls=4424 3137 
0 1030640
0 4424
0 8848
cob=(2)
cfi=(152)
cfn=(632)
calls=4424 3137 
0 384882
0 4424
0 8848
cob=(2)
cfi=(152)
cfn=(632)
calls=4424 3137 
0 1030640
0 4424
0 39816

fn=(3942)
0 1189224288

fn=(3952)
0 61936

fn=(3966)
0 17696
cfn=(3938)
calls=4424 0 
0 21367920

fn=(3978)
0 849408

fn=(3982)
0 22120

fn=(4446) auto stan::io::deserializer<double>::read<Eigen::Matrix<double, -1, 1, 0, -1, 1>, (void*)0, (void*)0>(long)
0 2550

fn=(4460) Eigen::PlainObjectBase<Eigen::Matrix<double, -1, -1, 0, -1, -1> >::PlainObjectBase<Eigen::CwiseNullaryOp<Eigen::internal::scalar_constant_op<double>, Eigen::Matrix<double, -1, -1, 0, -1, -1> > >(Eigen::DenseBase<Eigen::CwiseNullaryOp<Eigen::internal::scalar_constant_op<double>, Eigen::Matrix<double, -1, -1, 0, -1, -1> > > const&)
0 1200
cfn=(3862)
calls=50 0 
0 4600
0 2100

fn=(4584) std::_Sp_counted_ptr<boost::regex_traits_wrapper<boost::regex_traits<char, boost::cpp_regex_traits<char> > >*, (__gnu_cxx::_Lock_policy)2>::_M_destroy()
0 2
cob=(7)
cfi=(247)
cfn=(1034)
calls=1 32 
0 143
0 1

fn=(3350)
0 206
cfn=(3352)
calls=6 0 
0 1986
0 24
cob=(7)
cfi=(247)
cfn=(1034)
calls=2 32 
0 74
0 2
0 8
cfn=(3370) std::_Rb_tree<boost::re_detail_500::digraph<char>, boost::re_detail_500::digraph<char>, std::_Identity<boost::re_detail_500::digraph<char> >, std::less<boost::re_detail_500::digraph<char> >, std::allocator<boost::re_detail_500::digraph<char> > >::_M_erase(std::_Rb_tree_node<boost::re_detail_500::digraph<char> >*) [clone .isra.0]
calls=1 0 
0 6
0 4
cob=(7)
cfi=(247)
cfn=(1034)
calls=1 32 
0 37
0 1
0 48
cfn=(3360) boost::re_detail_500::basic_regex_creator<char, boost::regex_traits<char, boost::cpp_regex_traits<char> > >::append_set(boost::re_detail_500::basic_char_set<char, boost::regex_traits<char, boost::cpp_regex_traits<char> > > const&, std::integral_constant<bool, true>*) [clone .isra.0]
calls=2 0 
0 3011
0 2

fn=(2926) _GLOBAL__sub_I_hier_2pl.hpp
0 31
cfn=(2928)
calls=1 0 
0 1091
0 5
cob=(9)
cfi=(387)
cfn=(2960)
calls=1 294 
0 20669
0 1
0 4
cob=(2)
cfi=(209)
cfn=(776)
calls=1 67 
0 66
0 1
0 4
cfn=(3080)
calls=1 0 
0 49
0 4
cob=(2)
cfi=(209)
cfn=(776)
calls=1 67 
0 66
0 1
0 4
cfn=(3080)
calls=1 0 
0 47
0 4
cob=(2)
cfi=(209)
cfn=(776)
calls=1 67 
0 66
0 1
0 4
cfn=(3080)
calls=1 0 
0 47
0 4
cob=(2)
cfi=(209)
cfn=(776)
calls=1 67 
0 66
0 1
0 3
cob=(9)
cfi=(389)
cfn=(3086) tbb::internal::allocate_via_handler_v3(unsigned long)
calls=1 224 
0 264
0 1
0 9
cob=(2)
cfi=(158)
cfn=(936)
calls=1 0 
0 50
0 1
0 6
cob=(9)
cfi=(389)
cfn=(3086)
calls=1 224 
0 866
0 1
0 12
cob=(2)
cfi=(209)
cfn=(776)
calls=1 67 
0 66
0 1
0 34
cfn=(3112)
calls=1 0 
0 565
0 26
cfn=(3122)
calls=1 0 
0 1188
0 19
cfn=(3122)
calls=1 0 
0 2049
0 21
cfn=(3136) long double boost::math::detail::lgamma_small_imp<long double, boost::math::policies::policy<boost::math::policies::promote_float<false>, boost::math::policies::promote_double<false>, boost::math::policies::default_policy, boost::math::policies::default_policy, boost::math::policies::default_policy, boost::math::policies::default_policy, boost::math::policies::default_policy, boost::math::policies::default_policy, boost::math::policies::default_policy, boost::math::policies::default_policy, boost::math::policies::default_policy, boost::math::policies::default_policy, boost::math::policies::default_policy>, boost::math::lanczos::lanczos17m64>(long double, long double, long double, std::integral_constant<int, 64> const&, boost::math::policies::policy<boost::math::policies::promote_float<false>, boost::math::policies::promote_double<false>, boost::math::policies::default_policy, boost::math::policies::default_policy, boost::math::policies::default_policy, boost::math::policies::default_policy, boost::math::policies::default_policy, boost::math::policies::default_policy, boost::math::policies::default_policy, boost::math::policies::default_policy, boost::math::policies::default_policy, boost::math::policies::default_policy, boost::math::policies::default_policy> const&, boost::math::lanczos::lanczos17m64 const&) [clone .isra.0]
calls=1 0 
0 89
0 20
cfn=(3136)
calls=1 0 
0 87
0 20
cfn=(3136)
calls=1 0 
0 85
0 11
cfn=(3134)
calls=1 0 
0 78
0 6
cfn=(3134)
calls=1 0 
0 80
0 6
cfn=(3134)
calls=1 0 
0 80
0 13
cob=(7)
cfi=(248)
cfn=(1080)
calls=1 273 
0 17
0 1
0 12
cob=(7)
cfi=(248)
cfn=(1086)
calls=1 443 
0 6
0 1
0 6
cfn=(3138)
calls=1 0 
0 48
0 5
cfn=(3138)
calls=1 0 
0 110
0 6

fn=(2940)
0 34
cob=(7)
cfi=(386) /usr/src/debug/gcc/gcc-build/x86_64-pc-linux-gnu/libstdc++-v3/src/c++11/../../../../../gcc/libstdc++-v3/src/c++11/hashtable_c++0x.cc
cfn=(2944) std::__detail::_Prime_rehash_policy::_M_need_rehash(unsigned long, unsigned long, unsigned long) const
calls=2 103 
0 114
0 2
0 40
cob=(7)
cfi=(232)
cfn=(918)
calls=2 43 
0 84
0 2
0 10
cob=(2)
cfi=(158)
cfn=(936)
calls=2 0 
0 38
0 2
0 58

fn=(3250)
0 28

fn=(3364)
0 14
cob=(7)
cfi=(232)
cfn=(918)
calls=1 43 
0 42
0 1
0 7
cob=(7)
cfi=(419)
cfn=(3334)
calls=1 199 
0 16
0 1
0 13

fn=(3404) boost::re_detail_500::perl_matcher<__gnu_cxx::__normal_iterator<char const*, std::__cxx11::basic_string<char, std::char_traits<char>, std::allocator<char> > >, std::allocator<boost::sub_match<__gnu_cxx::__normal_iterator<char const*, std::__cxx11::basic_string<char, std::char_traits<char>, std::allocator<char> > > > >, boost::regex_traits<char, boost::cpp_regex_traits<char> > >::match_startmark()
0 156

fn=(3414) boost::re_detail_500::perl_matcher<__gnu_cxx::__normal_iterator<char const*, std::__cxx11::basic_string<char, std::char_traits<char>, std::allocator<char> > >, std::allocator<boost::sub_match<__gnu_cxx::__normal_iterator<char const*, std::__cxx11::basic_string<char, std::char_traits<char>, std::allocator<char> > > > >, boost::regex_traits<char, boost::cpp_regex_traits<char> > >::unwind_recursion_stopper(bool)
0 24

fn=(3416)
0 96

fn=(3420)
0 611
cob=(2)
cfi=(158)
cfn=(690)
calls=37 0 
0 424
0 37
0 363
cob=(2)
cfi=(158)
cfn=(690)
calls=6 0 
0 78
0 6
0 214

fn=(3432)
0 1571489
cfn=(3256)
calls=49324 0 
0 739860
0 246620
cfn=(3246)
calls=49324 0 
0 1712909
0 1565069
cfn=(3256)
calls=48751 0 
0 731265
0 243755
cfn=(3246)
calls=48751 0 
0 1682860
0 1243675
cfn=(3256)
calls=57603 0 
0 864045
0 1670837
cfn=(3476) rapidjson::GenericReader<rapidjson::UTF8<char>, rapidjson::UTF8<char>, rapidjson::CrtAllocator>::NumberStream<rapidjson::BasicIStreamWrapper<std::istream>, true, false>::TakePush()
calls=8279 0 
0 580632
0 255949
cfn=(3434)
calls=57603 0 
0 17669900
0 628722

fn=(3446)
0 126
cob=(7)
cfi=(232)
cfn=(918)
calls=6 43 
0 228
0 6
0 144
cob=(2)
cfi=(158)
cfn=(908)
calls=6 0 
0 78
0 6
0 78

fn=(3450) std::_Rb_tree_iterator<std::pair<std::__cxx11::basic_string<char, std::char_traits<char>, std::allocator<char> > const, std::pair<std::vector<int, std::allocator<int> >, std::vector<unsigned long, std::allocator<unsigned long> > > > > std::_Rb_tree<std::__cxx11::basic_string<char, std::char_traits<char>, std::allocator<char> >, std::pair<std::__cxx11::basic_string<char, std::char_traits<char>, std::allocator<char> > const, std::pair<std::vector<int, std::allocator<int> >, std::vector<unsigned long, std::allocator<unsigned long> > > >, std::_Select1st<std::pair<std::__cxx11::basic_string<char, std::char_traits<char>, std::allocator<char> > const, std::pair<std::vector<int, std::allocator<int> >, std::vector<unsigned long, std::allocator<unsigned long> > > > >, std::less<std::__cxx11::basic_string<char, std::char_traits<char>, std::allocator<char> > >, std::allocator<std::pair<std::__cxx11::basic_string<char, std::char_traits<char>, std::allocator<char> > const, std::pair<std::vector<int, std::allocator<int> >, std::vector<unsigned long, std::allocator<unsigned long> > > > > >::_M_emplace_hint_unique<std::piecewise_construct_t const&, std::tuple<std::__cxx11::basic_string<char, std::char_traits<char>, std::allocator<char> > const&>, std::tuple<> >(std::_Rb_tree_const_iterator<std::pair<std::__cxx11::basic_string<char, std::char_traits<char>, std::allocator<char> > const, std::pair<std::vector<int, std::allocator<int> >, std::vector<unsigned long, std::allocator<unsigned long> > > > >, std::piecewise_construct_t const&, std::tuple<std::__cxx11::basic_string<char, std::char_traits<char>, std::allocator<char> > const&>&&, std::tuple<>&&) [clone .isra.0]
0 72
cob=(7)
cfi=(232)
cfn=(918)
calls=6 43 
0 680
0 6
0 48
cob=(8)
cfi=(229)
cfn=(912)
calls=6 0 
0 216
0 6
0 130
cfn=(3452) std::_Rb_tree<std::__cxx11::basic_string<char, std::char_traits<char>, std::allocator<char> >, std::pair<std::__cxx11::basic_string<char, std::char_traits<char>, std::allocator<char> > const, std::pair<std::vector<int, std::allocator<int> >, std::vector<unsigned long, std::allocator<unsigned long> > > >, std::_Select1st<std::pair<std::__cxx11::basic_string<char, std::char_traits<char>, std::allocator<char> > const, std::pair<std::vector<int, std::allocator<int> >, std::vector<unsigned long, std::allocator<unsigned long> > > > >, std::less<std::__cxx11::basic_string<char, std::char_traits<char>, std::allocator<char> > >, std::allocator<std::pair<std::__cxx11::basic_string<char, std::char_traits<char>, std::allocator<char> > const, std::pair<std::vector<int, std::allocator<int> >, std::vector<unsigned long, std::allocator<unsigned long> > > > > >::_M_get_insert_unique_pos(std::__cxx11::basic_string<char, std::char_traits<char>, std::allocator<char> > const&) [clone .isra.0]
calls=1 0 
0 29
0 66
cob=(7)
cfi=(419)
cfn=(3334)
calls=6 199 
0 223
0 6
0 59
cfn=(3456)
calls=5 0 
0 152
0 55
cfn=(3456)
calls=5 0 
0 152
0 15

fn=(3452)
0 29

fn=(3460) unsigned long& std::vector<unsigned long, std::allocator<unsigned long> >::emplace_back<unsigned long>(unsigned long&&) [clone .isra.0]
0 180
cob=(7)
cfi=(232)
cfn=(918)
calls=6 43 
0 228
0 6
0 120

fn=(3488)
0 126
cob=(2)
cfi=(158)
cfn=(908)
calls=6 0 
0 96
0 6
0 54
cob=(2)
cfi=(158)
cfn=(908)
calls=6 0 
0 96
0 6
0 304

fn=(3512) std::_Rb_tree<std::__cxx11::basic_string<char, std::char_traits<char>, std::allocator<char> >, std::pair<std::__cxx11::basic_string<char, std::char_traits<char>, std::allocator<char> > const, stan::json::array_dims>, std::_Select1st<std::pair<std::__cxx11::basic_string<char, std::char_traits<char>, std::allocator<char> > const, stan::json::array_dims> >, std::less<std::__cxx11::basic_string<char, std::char_traits<char>, std::allocator<char> > >, std::allocator<std::pair<std::__cxx11::basic_string<char, std::char_traits<char>, std::allocator<char> > const, stan::json::array_dims> > >::_M_erase(std::_Rb_tree_node<std::pair<std::__cxx11::basic_string<char, std::char_traits<char>, std::allocator<char> > const, stan::json::array_dims> >*) [clone .isra.0]
0 24
cob=(7)
cfi=(247)
cfn=(1034)
calls=1 32 
0 37
0 1
0 9
cob=(7)
cfi=(247)
cfn=(1034)
calls=1 32 
0 37
0 1
0 8
cob=(7)
cfi=(247)
cfn=(1034)
calls=1 32 
0 37
0 1
0 7

fn=(3540) stan::json::json_data::validate_dims(std::__cxx11::basic_string<char, std::char_traits<char>, std::allocator<char> > const&, std::__cxx11::basic_string<char, std::char_traits<char>, std::allocator<char> > const&, std::__cxx11::basic_string<char, std::char_traits<char>, std::allocator<char> > const&, std::vector<unsigned long, std::allocator<unsigned long> > const&) const
0 162
cfn=(3438)
calls=6 0 
0 72
0 207
cfn=(3440)
calls=6 0 
0 911
0 48
cfn=(3440)
calls=6 0 
0 911
0 18
cfn=(3446)
calls=6 0 
0 333
0 84
cob=(7)
cfi=(247)
cfn=(1034)
calls=3 32 
0 111
0 3
0 156
cfn=(3440)
calls=6 0 
0 911
0 24

fn=(3596)
0 54480
cob=(7)
cfi=(232)
cfn=(918)
calls=11 43 
0 2137
0 11
0 44
cob=(7)
cfi=(233)
cfn=(942)
calls=11 766 
0 341
0 11
0 21654
cob=(7)
cfi=(247)
cfn=(1034)
calls=10 32 
0 700
0 10
0 69428

fn=(3802)
0 80874
cfn=(3794)
calls=4493 0 
0 58409
0 44930
cfn=(3794)
calls=4493 0 
0 58409
0 80874
cfn=(3794)
calls=4493 0 
0 58409
0 53916
cob=(6)
cfi=(428)
cfn=(3806)
calls=4493 98 
0 161451
0 4493
0 13479
cob=(6)
cfi=(428)
cfn=(3806)
calls=4493 98 
0 161521
0 4493
0 53916
cfn=(3794)
calls=4493 0 
0 58409
0 17972
cfn=(3794)
calls=4493 0 
0 58409
0 287547
cfn=(3794)
calls=8986 0 
0 116818
0 152749
cfn=(3794)
calls=4493 0 
0 58409
0 62902
cfn=(3810)
calls=4493 0 
0 40517
0 53916
cfn=(3794)
calls=4493 0 
0 58409
0 71888
cfn=(3810)
calls=4493 0 
0 40594
0 44930
cfn=(3812)
calls=4493 0 
0 332482
0 175253
cob=(7)
cfi=(232)
cfn=(918)
calls=1 43 
0 42
0 1
0 14
cob=(2)
cfi=(158)
cfn=(908)
calls=1 0 
0 12
0 1
0 14
cob=(7)
cfi=(247)
cfn=(1034)
calls=1 32 
0 37
0 1
0 76390
cfn=(3794)
calls=4493 0 
0 58409
0 4493

fn=(3814)
0 5520584
cob=(2)
cfi=(152)
cfn=(812)
calls=1380146 3101 
0 127240802
0 1380146
0 12394432

fn=(3844)
0 10351872

fn=(3850)
0 121311
cfn=(3852) stan::math::arena_matrix<Eigen::Matrix<stan::math::var_value<double, void>, -1, 1, 0, -1, 1>, void>::arena_matrix<Eigen::Matrix<stan::math::var_value<double, void>, -1, 1, 0, -1, 1>, (void*)0>(Eigen::Matrix<stan::math::var_value<double, void>, -1, 1, 0, -1, 1> const&)
calls=4493 0 
0 332482
0 49423
cfn=(3794)
calls=4493 0 
0 58409
0 94353
cfn=(3794)
calls=4493 0 
0 58409
0 197692
cfn=(3794)
calls=4493 0 
0 58409
0 40437
cfn=(3794)
calls=4493 0 
0 58409
0 916568
cfn=(3794)
calls=4493 0 
0 58409
0 139283
cfn=(3810)
calls=4493 0 
0 40437
0 49423
cfn=(3834)
calls=4493 0 
0 413356
0 188733
cob=(7)
cfi=(232)
cfn=(918)
calls=1 43 
0 42
0 1
0 18
cob=(2)
cfi=(158)
cfn=(908)
calls=1 0 
0 22
0 1
0 19
cob=(7)
cfi=(247)
cfn=(1034)
calls=1 32 
0 37
0 1
0 11

fn=(3852)
0 44930
cfn=(3794)
calls=4493 0 
0 58409
0 49423
cfn=(3794)
calls=4493 0 
0 58409
0 121311

fn=(3882)
0 19066880

fn=(3898)
0 6186880

fn=(3930)
0 58409
cob=(2)
cfi=(152)
cfn=(632)
calls=4493 3137 
0 148269
0 4493
0 417849
cob=(2)
cfi=(152)
cfn=(632)
calls=139283 3137 
0 10639639
0 139283
0 332482
cob=(7)
cfi=(247)
cfn=(1034)
calls=4493 32 
0 166241
0 4493

fn=(3938)
0 714051296

fn=(3948)
0 61936

fn=(3956)
0 106176

fn=(3958)
0 176960

fn=(3962)
0 26544

fn=(3964)
0 8848

fn=(3970)
0 8494080

fn=(3974)
0 8848
cfn=(3976)
calls=4424 0 
0 1021944

fn=(3988)
0 35392

fn=(3990)
0 30968
cob=(6)
cfi=(435) /usr/src/debug/glibc/glibc/math/../sysdeps/ieee754/dbl-64/e_cosh.c
cfn=(3994) cosh@@GLIBC_2.44
calls=4424 135 
0 410911
0 4424
0 44240

fn=(3998) stan::math::lb_constrain<Eigen::Map<Eigen::Matrix<stan::math::var_value<double, void>, -1, 1, 0, -1, 1> const, 0, Eigen::Stride<0, 0> >, int, (void*)0, (void*)0, (void*)0>(Eigen::Map<Eigen::Matrix<stan::math::var_value<double, void>, -1, 1, 0, -1, 1> const, 0, Eigen::Stride<0, 0> > const&, int const&, stan::return_type<Eigen::Map<Eigen::Matrix<stan::math::var_value<double, void>, -1, 1, 0, -1, 1> const, 0, Eigen::Stride<0, 0> >, int>::type&)::{lambda()#1}::operator()()
0 269864

fn=(4000)
0 22120

fn=(4444)
0 2000
cfn=(4446)
calls=50 0 
0 850
0 250
cfn=(4446)
calls=50 0 
0 850
0 250
cfn=(4446)
calls=50 0 
0 850
0 900
cfn=(3782)
calls=50 0 
0 3700
0 350
cob=(6)
cfi=(428)
cfn=(3806)
calls=50 98 
0 1800
0 50
0 300
cob=(6)
cfi=(428)
cfn=(3806)
calls=50 98 
0 1800
0 50
0 600
cfn=(4448) Eigen::Matrix<stan::value_type<Eigen::Map<Eigen::Matrix<double, -1, 1, 0, -1, 1> const, 0, Eigen::Stride<0, 0> >, void>::type, -1, -1, 0, -1, -1> stan::math::cholesky_corr_constrain<Eigen::Map<Eigen::Matrix<double, -1, 1, 0, -1, 1> const, 0, Eigen::Stride<0, 0> >, (void*)0>(Eigen::Map<Eigen::Matrix<double, -1, 1, 0, -1, 1> const, 0, Eigen::Stride<0, 0> > const&, int) [clone .constprop.0]
calls=50 0 
0 27798
0 500
cfn=(3860)
calls=50 0 
0 300
0 200
cfn=(4450)
calls=50 0 
0 7650
0 450
cfn=(3860)
calls=50 0 
0 300
0 200
cfn=(4450)
calls=50 0 
0 7650
0 400
cfn=(3860)
calls=50 0 
0 300
0 200
cfn=(4450)
calls=50 0 
0 5850
0 400
cfn=(4452) std::vector<Eigen::Matrix<double, -1, 1, 0, -1, 1>, std::allocator<Eigen::Matrix<double, -1, 1, 0, -1, 1> > >::vector(unsigned long, Eigen::Matrix<double, -1, 1, 0, -1, 1> const&, std::allocator<Eigen::Matrix<double, -1, 1, 0, -1, 1> > const&)
calls=50 0 
0 171625
0 150
cob=(2)
cfi=(152)
cfn=(632)
calls=50 3137 
0 1650
0 50
0 300
cfn=(4454)
calls=50 0 
0 77200
0 150
cfn=(4454)
calls=50 0 
0 6200
0 150
cfn=(4454)
calls=50 0 
0 6200
0 150
cfn=(4454)
calls=50 0 
0 2450
0 200
cfn=(4456) void stan::io::serializer<double>::write<Eigen::Matrix<double, -1, 1, 0, -1, 1>&, (void*)0, (void*)0>(Eigen::Matrix<double, -1, 1, 0, -1, 1>&)
calls=50 0 
0 2450
0 78450
cfn=(4458)
calls=1600 0 
0 56000
0 1600
cob=(6)
cfi=(428)
cfn=(3806)
calls=1600 98 
0 57600
0 1600
0 22400
cfn=(4458)
calls=1600 0 
0 56000
0 21400
cfn=(4460)
calls=50 0 
0 7900
0 200
cfn=(4462)
calls=50 0 
0 26550
0 200
cfn=(4464) void stan::model::internal::assign_impl<Eigen::Matrix<double, -1, -1, 0, -1, -1>&, Eigen::Matrix<double, -1, -1, 0, -1, -1>, (void*)0>(Eigen::Matrix<double, -1, -1, 0, -1, -1>&, Eigen::Matrix<double, -1, -1, 0, -1, -1>&&, char const*)
calls=50 0 
0 39600
0 150
cob=(2)
cfi=(152)
cfn=(632)
calls=50 3137 
0 1650
0 50
0 2450
cfn=(4466)
calls=50 0 
0 53871
0 450
cfn=(4470)
calls=50 0 
0 3200
0 100
cob=(2)
cfi=(152)
cfn=(632)
calls=50 3137 
0 1650
0 50
0 100
cfn=(4472)
calls=50 0 
0 132450
0 100
cob=(2)
cfi=(152)
cfn=(632)
calls=50 3137 
0 1650
0 50
0 100
cob=(2)
cfi=(152)
cfn=(632)
calls=50 3137 
0 1650
0 50
0 100
cob=(2)
cfi=(152)
cfn=(632)
calls=50 3137 
0 5600
0 50
0 600
cob=(2)
cfi=(152)
cfn=(632)
calls=50 3137 
0 5600
0 50
0 950
cfn=(4456)
calls=50 0 
0 6200
0 150
cfn=(4456)
calls=50 0 
0 6200
0 44900

fn=(4448)
0 1600
cfn=(3782)
calls=50 0 
0 3400
0 250
cob=(6)
cfi=(430)
cfn=(3818)
calls=50 147 
0 6348
0 50
0 400
cfn=(3862)
calls=50 0 
0 4600
0 700
cob=(2)
cfi=(158)
cfn=(936)
calls=50 0 
0 600
0 50
0 300
cob=(6)
cfi=(431)
cfn=(3824)
calls=50 287 
0 6750
0 50
0 500
cob=(2)
cfi=(152)
cfn=(632)
calls=50 3137 
0 1650
0 50
0 500

fn=(4452)
0 850
cob=(7)
cfi=(232)
cfn=(918)
calls=50 43 
0 2100
0 50
0 850
cob=(2)
cfi=(152)
cfn=(812)
calls=50 3101 
0 1500
0 50
0 3100
cob=(2)
cfi=(152)
cfn=(812)
calls=1550 3101 
0 117925
0 1550
0 20800
cob=(2)
cfi=(158)
cfn=(908)
calls=1600 0 
0 17600
0 1600
0 3650

fn=(3360)
0 30
cfn=(3362)
calls=2 0 
0 90
0 2645
cob=(7)
cfi=(419)
cfn=(3368)
calls=1 84 
0 15
0 1
0 230

fn=(2952)
0 15
cob=(2)
cfi=(152)
cfn=(812)
calls=1 3101 
0 206
0 1
0 6
cob=(7)
cfi=(232)
cfn=(918)
calls=1 43 
0 38
0 1
0 10
cob=(7)
cfi=(232)
cfn=(918)
calls=1 43 
0 38
0 1
0 30

fn=(3080)
0 128786
cob=(2)
cfi=(158)
cfn=(688)
calls=9199 0 
0 129894
0 9199
0 174758
cob=(7)
cfi=(246)
cfn=(1266) std::__cxx11::basic_string<char, std::char_traits<char>, std::allocator<char> >::_M_create(unsigned long&, unsigned long)
calls=76 143 
0 4104
0 76
0 684
cob=(2)
cfi=(158)
cfn=(908)
calls=76 0 
0 1595
0 76
0 36400
cob=(2)
cfi=(158)
cfn=(908)
calls=9100 0 
0 136539
0 9100
0 27528

fn=(3136)
0 261

fn=(3156) _GLOBAL__sub_I_bridgestan.cpp
0 29
cfn=(2928)
calls=1 0 
0 498
0 5
cob=(9)
cfi=(387)
cfn=(2960)
calls=1 294 
0 185
0 1
0 4
cob=(2)
cfi=(209)
cfn=(776)
calls=1 67 
0 66
0 1
0 4
cfn=(3080)
calls=1 0 
0 49
0 5
cob=(2)
cfi=(209)
cfn=(776)
calls=1 67 
0 66
0 1
0 4
cfn=(3080)
calls=1 0 
0 47
0 4
cob=(2)
cfi=(209)
cfn=(776)
calls=1 67 
0 66
0 1
0 4
cfn=(3080)
calls=1 0 
0 47
0 4
cob=(2)
cfi=(209)
cfn=(776)
calls=1 67 
0 510
0 1
0 4
cfn=(3080)
calls=1 0 
0 47
0 4
cob=(2)
cfi=(209)
cfn=(776)
calls=1 67 
0 66
0 1
0 4
cfn=(3080)
calls=1 0 
0 74
0 4
cob=(2)
cfi=(209)
cfn=(776)
calls=1 67 
0 66
0 1
0 4
cfn=(3080)
calls=1 0 
0 47
0 4
cob=(2)
cfi=(209)
cfn=(776)
calls=1 67 
0 66
0 1
0 4
cfn=(3080)
calls=1 0 
0 47
0 4
cob=(2)
cfi=(209)
cfn=(776)
calls=1 67 
0 66
0 1
0 4
cfn=(3080)
calls=1 0 
0 47
0 4
cob=(2)
cfi=(209)
cfn=(776)
calls=1 67 
0 66
0 1
0 4
cfn=(3080)
calls=1 0 
0 47
0 4
cob=(2)
cfi=(209)
cfn=(776)
calls=1 67 
0 66
0 1
0 32

fn=(3208) void stan::json::rapidjson_parse<stan::json::json_data_handler>(std::istream&, stan::json::json_data_handler&)
0 40
cob=(7)
cfi=(413)
cfn=(3212)
calls=1 709 
0 302
0 1
0 84
cfn=(3242)
calls=1 0 
0 16
0 10
cfn=(3244)
calls=1 0 
0 42923462
0 5
cfn=(3242)
calls=1 0 
0 26
0 15
cfn=(3482)
calls=1 0 
0 7899
0 8
cob=(2)
cfi=(152)
cfn=(632)
calls=1 3137 
0 33
0 1
0 5
cob=(7)
cfi=(247)
cfn=(1034)
calls=1 32 
0 37
0 1
0 9

fn=(3292)
0 57
cob=(7)
cfi=(205) /usr/src/debug/gcc/gcc-build/x86_64-pc-linux-gnu/libstdc++-v3/include/bits/locale_classes.tcc
cfn=(3294) std::__cxx11::collate<char>::do_transform(char const*, char const*) const
calls=3 288 
0 762
0 54
cob=(7)
cfi=(246)
cfn=(3312)
calls=3 367 
0 42
0 3
0 33
cob=(7)
cfi=(246)
cfn=(3318)
calls=3 513 
0 132
0 3
0 18
cob=(7)
cfi=(246)
cfn=(3318)
calls=3 513 
0 132
0 3
0 117

fn=(3370)
0 6

fn=(3384)
0 112

fn=(3400)
0 78

fn=(3408) boost::re_detail_500::perl_matcher<__gnu_cxx::__normal_iterator<char const*, std::__cxx11::basic_string<char, std::char_traits<char>, std::allocator<char> > >, std::allocator<boost::sub_match<__gnu_cxx::__normal_iterator<char const*, std::__cxx11::basic_string<char, std::char_traits<char>, std::allocator<char> > > > >, boost::regex_traits<char, boost::cpp_regex_traits<char> > >::match_set_repeat()
0 390

fn=(3418)
0 150
cob=(7)
cfi=(247)
cfn=(1034)
calls=6 32 
0 222
0 6

fn=(3422)
0 1685
cob=(2)
cfi=(158)
cfn=(690)
calls=102 0 
0 1290
0 102
0 1112
cob=(2)
cfi=(158)
cfn=(690)
calls=27 0 
0 432
0 27
0 627
cob=(7)
cfi=(232)
cfn=(918)
calls=2 43 
0 84
0 2
0 20
cob=(7)
cfi=(232)
cfn=(918)
calls=10 43 
0 1367
0 10
0 84
cob=(8)
cfi=(229)
cfn=(912)
calls=12 0 
0 432
0 12
0 96
cfn=(3424)
calls=12 0 
0 682
0 192
cob=(7)
cfi=(419)
cfn=(3334)
calls=12 199 
0 446
0 12
0 104
cfn=(3456)
calls=10 0 
0 304
0 30

fn=(3458)
0 78
cfn=(3260)
calls=3 0 
0 269
0 9
cfn=(3422)
calls=3 0 
0 531
0 27
cfn=(3422)
calls=3 0 
0 531
0 36
cfn=(3444)
calls=3 0 
0 157
0 42
cfn=(3460)
calls=3 0 
0 267
0 18
cfn=(3460)
calls=3 0 
0 267
0 36
cfn=(3462)
calls=3 0 
0 1273
0 33
cfn=(3454)
calls=3 0 
0 482
0 12
cfn=(3454)
calls=3 0 
0 518
0 48
cob=(7)
cfi=(247)
cfn=(1034)
calls=3 32 
0 111
0 3
0 18
cob=(7)
cfi=(247)
cfn=(1034)
calls=3 32 
0 111
0 3
0 39
cfn=(3422)
calls=3 0 
0 531
0 33

fn=(3514) std::_Rb_tree<std::__cxx11::basic_string<char, std::char_traits<char>, std::allocator<char> >, std::pair<std::__cxx11::basic_string<char, std::char_traits<char>, std::allocator<char> > const, int>, std::_Select1st<std::pair<std::__cxx11::basic_string<char, std::char_traits<char>, std::allocator<char> > const, int> >, std::less<std::__cxx11::basic_string<char, std::char_traits<char>, std::allocator<char> > >, std::allocator<std::pair<std::__cxx11::basic_string<char, std::char_traits<char>, std::allocator<char> > const, int> > >::_M_erase(std::_Rb_tree_node<std::pair<std::__cxx11::basic_string<char, std::char_traits<char>, std::allocator<char> > const, int> >*) [clone .isra.0]
0 84
cob=(7)
cfi=(247)
cfn=(1034)
calls=2 32 
0 74
0 2
0 22
cob=(7)
cfi=(247)
cfn=(1034)
calls=2 32 
0 74
0 2
0 48
cob=(7)
cfi=(247)
cfn=(1034)
calls=4 32 
0 148
0 4
0 22

fn=(3536)
0 39
cfn=(3538)
calls=1 0 
0 256010
0 11
cfn=(3080)
calls=1 0 
0 74
0 4
cfn=(3080)
calls=1 0 
0 47
0 4
cfn=(3080)
calls=1 0 
0 127
0 6
cfn=(3540)
calls=1 0 
0 493
0 2
cob=(7)
cfi=(233)
cfn=(924)
calls=1 295 
0 42
0 1
0 2
cob=(7)
cfi=(233)
cfn=(924)
calls=1 295 
0 6
0 1
0 2
cob=(7)
cfi=(233)
cfn=(924)
calls=1 295 
0 6
0 1
0 10
cfn=(3080)
calls=1 0 
0 47
0 4
cfn=(3542)
calls=1 0 
0 349
0 6
cob=(7)
cfi=(247)
cfn=(1034)
calls=1 32 
0 37
0 1
0 2
cob=(7)
cfi=(233)
cfn=(924)
calls=1 295 
0 6
0 1
0 12
cfn=(3080)
calls=1 0 
0 74
0 4
cfn=(3080)
calls=1 0 
0 47
0 4
cfn=(3080)
calls=1 0 
0 127
0 6
cfn=(3540)
calls=1 0 
0 490
0 2
cob=(7)
cfi=(233)
cfn=(924)
calls=1 295 
0 42
0 1
0 2
cob=(7)
cfi=(233)
cfn=(924)
calls=1 295 
0 6
0 1
0 2
cob=(7)
cfi=(233)
cfn=(924)
calls=1 295 
0 6
0 1
0 10
cfn=(3080)
calls=1 0 
0 47
0 4
cfn=(3542)
calls=1 0 
0 347
0 6
cob=(7)
cfi=(247)
cfn=(1034)
calls=1 32 
0 37
0 1
0 2
cob=(7)
cfi=(233)
cfn=(924)
calls=1 295 
0 6
0 1
0 12
cfn=(3080)
calls=1 0 
0 74
0 4
cfn=(3080)
calls=1 0 
0 47
0 4
cfn=(3080)
calls=1 0 
0 127
0 6
cfn=(3540)
calls=1 0 
0 574
0 2
cob=(7)
cfi=(233)
cfn=(924)
calls=1 295 
0 42
0 1
0 2
cob=(7)
cfi=(233)
cfn=(924)
calls=1 295 
0 6
0 1
0 2
cob=(7)
cfi=(233)
cfn=(924)
calls=1 295 
0 6
0 1
0 10
cfn=(3080)
calls=1 0 
0 47
0 4
cfn=(3542)
calls=1 0 
0 403
0 6
cob=(7)
cfi=(247)
cfn=(1034)
calls=1 32 
0 37
0 1
0 2
cob=(7)
cfi=(233)
cfn=(924)
calls=1 295 
0 6
0 1
0 12
cfn=(3544)
calls=1 0 
0 57
0 4
cfn=(3080)
calls=1 0 
0 74
0 4
cfn=(3080)
calls=1 0 
0 74
0 4
cfn=(3080)
calls=1 0 
0 127
0 6
cfn=(3540)
calls=1 0 
0 807
0 2
cob=(7)
cfi=(233)
cfn=(924)
calls=1 295 
0 42
0 1
0 2
cob=(7)
cfi=(233)
cfn=(924)
calls=1 295 
0 6
0 1
0 2
cob=(7)
cfi=(233)
cfn=(924)
calls=1 295 
0 6
0 1
0 6
cob=(7)
cfi=(247)
cfn=(1034)
calls=1 32 
0 37
0 1
0 9
cob=(7)
cfi=(232)
cfn=(918)
calls=1 43 
0 148
0 1
0 12032
cfn=(3080)
calls=1 0 
0 74
0 4
cfn=(3542)
calls=1 0 
0 77468
0 12
cob=(7)
cfi=(247)
cfn=(1034)
calls=1 32 
0 105
0 1
0 7
cob=(7)
cfi=(233)
cfn=(924)
calls=1 295 
0 6
0 1
0 211233
cfn=(3544)
calls=1 0 
0 57
0 4
cfn=(3080)
calls=1 0 
0 74
0 4
cfn=(3080)
calls=1 0 
0 74
0 4
cfn=(3080)
calls=1 0 
0 127
0 6
cfn=(3540)
calls=1 0 
0 807
0 2
cob=(7)
cfi=(233)
cfn=(924)
calls=1 295 
0 42
0 1
0 2
cob=(7)
cfi=(233)
cfn=(924)
calls=1 295 
0 6
0 1
0 2
cob=(7)
cfi=(233)
cfn=(924)
calls=1 295 
0 6
0 1
0 6
cob=(7)
cfi=(247)
cfn=(1034)
calls=1 32 
0 37
0 1
0 9
cob=(7)
cfi=(232)
cfn=(918)
calls=1 43 
0 148
0 1
0 12032
cfn=(3080)
calls=1 0 
0 74
0 4
cfn=(3542)
calls=1 0 
0 77540
0 12
cob=(7)
cfi=(247)
cfn=(1034)
calls=1 32 
0 105
0 1
0 7
cob=(7)
cfi=(233)
cfn=(924)
calls=1 295 
0 6
0 1
0 211232
cfn=(3544)
calls=1 0 
0 57
0 4
cfn=(3080)
calls=1 0 
0 74
0 4
cfn=(3080)
calls=1 0 
0 47
0 4
cfn=(3080)
calls=1 0 
0 127
0 6
cfn=(3540)
calls=1 0 
0 780
0 2
cob=(7)
cfi=(233)
cfn=(924)
calls=1 295 
0 42
0 1
0 2
cob=(7)
cfi=(233)
cfn=(924)
calls=1 295 
0 6
0 1
0 2
cob=(7)
cfi=(233)
cfn=(924)
calls=1 295 
0 6
0 1
0 6
cob=(7)
cfi=(247)
cfn=(1034)
calls=1 32 
0 37
0 1
0 9
cob=(7)
cfi=(232)
cfn=(918)
calls=1 43 
0 148
0 1
0 12032
cfn=(3080)
calls=1 0 
0 47
0 4
cfn=(3542)
calls=1 0 
0 77351
0 12
cob=(7)
cfi=(247)
cfn=(1034)
calls=1 32 
0 105
0 1
0 7
cob=(7)
cfi=(233)
cfn=(924)
calls=1 295 
0 6
0 1
0 211244

fn=(3616) bs_set_print_callback
0 24

fn=(3718) bs_param_unc_num
0 4

fn=(3782)
0 2870200
cob=(2)
cfi=(152)
cfn=(632)
calls=287020 3137 
0 1148080
0 287020
0 2583180
cfn=(3814)
calls=287020 0 
0 31313326
0 1767050
cob=(2)
cfi=(152)
cfn=(632)
calls=4493 3137 
0 17972
0 4493
0 49423
cob=(2)
cfi=(152)
cfn=(812)
calls=4493 3101 
0 1568311
0 4493
0 58409

fn=(3796)
0 67395
cfn=(3794)
calls=4493 0 
0 58409
0 62902

fn=(3864)
0 5017605
cob=(7)
cfi=(248)
cfn=(1080)
calls=1 273 
0 17
0 1
0 12
cfn=(3866)
calls=1 0 
0 176
0 17
cob=(7)
cfi=(248)
cfn=(1086)
calls=1 443 
0 6
0 1
0 286724

fn=(3912)
0 1868918800
cob=(7)
cfi=(232)
cfn=(918)
calls=8848 43 
0 945789
0 8848
0 230048

fn=(3928)
0 145992
cob=(7)
cfi=(247)
cfn=(1034)
calls=13272 32 
0 2644804
0 13272
0 66360
cob=(7)
cfi=(247)
cfn=(1034)
calls=13272 32 
0 1183420
0 13272

fn=(3934)
0 1278536

fn=(3950)
0 17696

fn=(3972)
0 1132544
cfn=(3938)
calls=283136 0 
0 13024256

fn=(4002)
0 350454

fn=(4438) bs_param_constrain
0 600
cfn=(4440) bs_model::param_constrain(bool, bool, double const*, double*, boost::random::mixmax_engine<17, 36u, 0l>&) const
calls=50 0 
0 1208379
0 400

fn=(4440)
0 1600
cfn=(4442)
calls=50 0 
0 1051403
0 450
cob=(2)
cfi=(152)
cfn=(632)
calls=50 3137 
0 6150
0 50
0 100
cob=(2)
cfi=(152)
cfn=(632)
calls=50 3137 
0 4962
0 50
0 102200
cob=(2)
cfi=(152)
cfn=(812)
calls=50 3101 
0 12266
0 50
0 950
cob=(2)
cfi=(158)
cfn=(908)
calls=50 0 
0 26648
0 50
0 500
cob=(2)
cfi=(158)
cfn=(908)
calls=50 0 
0 650
0 50
0 250

fn=(4456)
0 14850

fn=(4478) Eigen::Block<Eigen::Block<Eigen::Matrix<double, -1, -1, 0, -1, -1>, -1, 1, true>, -1, 1, false>::Block(Eigen::Block<Eigen::Matrix<double, -1, -1, 0, -1, -1>, -1, 1, true>&, long, long, long, long) [clone .constprop.0]
0 56

fn=(4582) std::_Sp_counted_ptr<boost::regex_traits_wrapper<boost::regex_traits<char, boost::cpp_regex_traits<char> > >*, (__gnu_cxx::_Lock_policy)2>::_M_dispose()
0 24
cob=(7)
cfi=(247)
cfn=(1034)
calls=1 32 
0 116
0 1

fn=(4590)
0 11
cfn=(4592)
calls=1 0 
0 6
0 3
cob=(7)
cfi=(170)
cfn=(746)
calls=1 91 
0 6
0 1
0 3
cob=(7)
cfi=(247)
cfn=(1034)
calls=1 32 
0 37
0 1
0 12
cob=(7)
cfi=(247)
cfn=(1034)
calls=1 32 
0 143
0 1
0 22
cfn=(4594)
calls=1 0 
0 70
0 3
cfn=(4596)
calls=1 0 
0 140
0 1

fn=(3338)
0 60
cfn=(3340)
calls=5 0 
0 975
0 50

fn=(3282) std::_Rb_tree<boost::re_detail_500::cpp_regex_traits_base<char>, std::pair<boost::re_detail_500::cpp_regex_traits_base<char> const, std::_List_iterator<std::pair<std::shared_ptr<boost::re_detail_500::cpp_regex_traits_implementation<char> const>, boost::re_detail_500::cpp_regex_traits_base<char> const*> > >, std::_Select1st<std::pair<boost::re_detail_500::cpp_regex_traits_base<char> const, std::_List_iterator<std::pair<std::shared_ptr<boost::re_detail_500::cpp_regex_traits_implementation<char> const>, boost::re_detail_500::cpp_regex_traits_base<char> const*> > > >, std::less<boost::re_detail_500::cpp_regex_traits_base<char> >, std::allocator<std::pair<boost::re_detail_500::cpp_regex_traits_base<char> const, std::_List_iterator<std::pair<std::shared_ptr<boost::re_detail_500::cpp_regex_traits_implementation<char> const>, boost::re_detail_500::cpp_regex_traits_base<char> const*> > > > >::find(boost::re_detail_500::cpp_regex_traits_base<char> const&)
0 48

fn=(3388)
0 103
cfn=(3390)
calls=1 0 
0 60
0 3288

fn=(3398)
0 252
cob=(7)
cfi=(232)
cfn=(918)
calls=6 43 
0 847
0 6
0 234

fn=(3440)
0 1703
cob=(2)
cfi=(158)
cfn=(690)
calls=106 0 
0 1327
0 106
0 1184
cob=(2)
cfi=(158)
cfn=(690)
calls=33 0 
0 483
0 33
0 677

fn=(3448)
0 207
cob=(2)
cfi=(158)
cfn=(690)
calls=11 0 
0 122
0 11
0 186
cfn=(3450)
calls=5 0 
0 1724
0 6
cfn=(3450)
calls=1 0 
0 191
0 12

fn=(3464) std::_Rb_tree_iterator<std::pair<std::__cxx11::basic_string<char, std::char_traits<char>, std::allocator<char> > const, stan::json::array_dims> > std::_Rb_tree<std::__cxx11::basic_string<char, std::char_traits<char>, std::allocator<char> >, std::pair<std::__cxx11::basic_string<char, std::char_traits<char>, std::allocator<char> > const, stan::json::array_dims>, std::_Select1st<std::pair<std::__cxx11::basic_string<char, std::char_traits<char>, std::allocator<char> > const, stan::json::array_dims> >, std::less<std::__cxx11::basic_string<char, std::char_traits<char>, std::allocator<char> > >, std::allocator<std::pair<std::__cxx11::basic_string<char, std::char_traits<char>, std::allocator<char> > const, stan::json::array_dims> > >::_M_emplace_hint_unique<std::piecewise_construct_t const&, std::tuple<std::__cxx11::basic_string<char, std::char_traits<char>, std::allocator<char> > const&>, std::tuple<> >(std::_Rb_tree_const_iterator<std::pair<std::__cxx11::basic_string<char, std::char_traits<char>, std::allocator<char> > const, stan::json::array_dims> >, std::piecewise_construct_t const&, std::tuple<std::__cxx11::basic_string<char, std::char_traits<char>, std::allocator<char> > const&>&&, std::tuple<>&&) [clone .isra.0]
0 36
cob=(7)
cfi=(232)
cfn=(918)
calls=3 43 
0 475
0 3
0 24
cob=(8)
cfi=(229)
cfn=(912)
calls=3 0 
0 108
0 3
0 70
cfn=(3466)
calls=1 0 
0 29
0 36
cob=(7)
cfi=(419)
cfn=(3334)
calls=3 199 
0 91
0 3
0 26
cfn=(3456)
calls=2 0 
0 68
0 22
cfn=(3456)
calls=2 0 
0 68
0 6

fn=(3476)
0 256136
cob=(7)
cfi=(413)
cfn=(3212)
calls=2027 709 
0 312334
0 2027
0 10135

fn=(3480)
0 30
cfn=(3436)
calls=1 0 
0 157417

fn=(3794)
0 2246152045
cob=(2)
cfi=(152)
cfn=(812)
calls=5 3101 
0 1334
0 5
0 156
cob=(7)
cfi=(232)
cfn=(918)
calls=3 43 
0 126
0 3
0 48
cob=(2)
cfi=(158)
cfn=(908)
calls=3 0 
0 36
0 3
0 39
cob=(7)
cfi=(247)
cfn=(1034)
calls=3 32 
0 111
0 3
0 108
cob=(7)
cfi=(232)
cfn=(918)
calls=3 43 
0 126
0 3
0 42
cob=(2)
cfi=(158)
cfn=(908)
calls=3 0 
0 36
0 3
0 45
cob=(7)
cfi=(247)
cfn=(1034)
calls=3 32 
0 111
0 3
0 39

fn=(3836)
0 80874
cfn=(3794)
calls=8986 0 
0 116818
0 251608

fn=(3868)
0 154

fn=(3888)
0 1288896
cfn=(3794)
calls=161112 0 
0 2094456
0 4027866
cob=(7)
cfi=(232)
cfn=(918)
calls=3 43 
0 865
0 3
0 57
cob=(2)
cfi=(158)
cfn=(908)
calls=3 0 
0 196
0 3
0 51
cob=(7)
cfi=(247)
cfn=(1034)
calls=3 32 
0 111
0 3
0 30

fn=(3894)
0 266560
cob=(2)
cfi=(152)
cfn=(632)
calls=26656 3137 
0 106624
0 26656
0 239904
cfn=(3814)
calls=26656 0 
0 8056303
0 159936

fn=(3908)
0 362768
cfn=(3794)
calls=8848 0 
0 115024
0 300832
cfn=(3794)
calls=8848 0 
0 115024
0 106176
cfn=(3810)
calls=8848 0 
0 79632
0 35392
cfn=(3794)
calls=8848 0 
0 115024
0 97328
cfn=(3810)
calls=8848 0 
0 79632
0 70784

fn=(3932)
0 79632
cfn=(3794)
calls=4424 0 
0 57512
0 17696
cfn=(3794)
calls=4424 0 
0 57512
0 1424528
cfn=(3794)
calls=4424 0 
0 57512
0 53088
cfn=(3810)
calls=4424 0 
0 39816
0 61936

fn=(4222)
0 621
cob=(7)
cfi=(249)
cfn=(1124)
calls=69 1173 
0 40779
0 69
0 276
cob=(7)
cfi=(279)
cfn=(1392)
calls=69 84 
0 14007
0 69
0 207
cob=(7)
cfi=(462)
cfn=(4224)
calls=69 45 
0 207
0 207
cob=(7)
cfi=(207)
cfn=(1456)
calls=69 734 
0 31930
0 69
0 276
cob=(7)
cfi=(279)
cfn=(1392)
calls=69 84 
0 8832
0 69
0 207
cob=(7)
cfi=(249)
cfn=(3582)
calls=69 288 
0 13248
0 69
0 414
cob=(7)
cfi=(463) /usr/src/debug/gcc/gcc-build/x86_64-pc-linux-gnu/libstdc++-v3/libsupc++/../../../../gcc/libstdc++-v3/libsupc++/dyncast.cc
cfn=(4228) __dynamic_cast
calls=69 49 
0 22632
0 69
0 414
cob=(7)
cfi=(464) /usr/src/debug/gcc/gcc-build/x86_64-pc-linux-gnu/libstdc++-v3/libsupc++/../../../../gcc/libstdc++-v3/libsupc++/eh_aux_runtime.cc
cfn=(4240) __cxa_bad_cast
calls=69 34 
0 789222
0 69
0 138
cob=(7)
cfi=(233)
cfn=(924)
calls=69 295 
0 2898
0 69
0 138
cob=(7)
cfi=(249)
cfn=(1190)
calls=69 1215 
0 7935
0 69
0 345
cob=(5)
cfi=(444)
cfn=(4212)
calls=69 231 
0 1011747
0 69
0 276
cob=(7)
cfi=(461)
cfn=(4218)
calls=69 41 
0 3174
0 69
0 69
cob=(7)
cfi=(461)
cfn=(4246)
calls=69 95 
0 7590
0 69
0 345
cob=(7)
cfi=(463)
cfn=(4228)
calls=69 49 
0 22908
0 69
0 414
cob=(7)
cfi=(464)
cfn=(4240)
calls=69 34 
0 877473
0 69
0 138
cob=(7)
cfi=(461)
cfn=(4218)
calls=69 41 
0 3174
0 69
0 69
cob=(7)
cfi=(461)
cfn=(4246)
calls=69 95 
0 7590
0 69
0 345
cob=(7)
cfi=(463)
cfn=(4228)
calls=69 49 
0 21873
0 69
0 414
cob=(7)
cfi=(464)
cfn=(4240)
calls=69 34 
0 928533
0 69
0 138
cob=(7)
cfi=(461)
cfn=(4218)
calls=69 41 
0 3174
0 69
0 69
cob=(7)
cfi=(461)
cfn=(4246)
calls=69 95 
0 7590
0 69
0 345
cob=(7)
cfi=(463)
cfn=(4228)
calls=69 49 
0 24150
0 69
0 414
cob=(7)
cfi=(464)
cfn=(4240)
calls=69 34 
0 979593
0 69
0 138
cob=(7)
cfi=(461)
cfn=(4218)
calls=69 41 
0 3174
0 69
0 69
cob=(7)
cfi=(461)
cfn=(4246)
calls=69 95 
0 7590
0 69
0 345
cob=(7)
cfi=(463)
cfn=(4228)
calls=69 49 
0 2967
0 69
0 276
cob=(7)
cfi=(216)
cfn=(4088)
calls=69 395 
0 3450
0 69
0 276
cob=(7)
cfi=(439)
cfn=(4096)
calls=69 52 
0 9788
0 69
0 483
cob=(7)
cfi=(441)
cfn=(4110)
calls=69 80 
0 2157078
0 69

fn=(4468)
0 9698
cfn=(3860)
calls=50 0 
0 300
0 3619
cfn=(4476) Eigen::Block<Eigen::Matrix<double, -1, -1, 0, -1, -1>, -1, 1, true>::Block(Eigen::Matrix<double, -1, -1, 0, -1, -1>&, long)
calls=1 0 
0 20
0 6
cfn=(4478)
calls=1 0 
0 28
0 4
cfn=(4476)
calls=1 0 
0 20
0 6
cfn=(4478)
calls=1 0 
0 28
0 1491

fn=(4564) bs_rng_destruct
0 8
cob=(7)
cfi=(247)
cfn=(1034)
calls=2 32 
0 74
0 2

fn=(4578)
0 13
cfn=(4580) std::_Sp_counted_ptr<boost::re_detail_500::basic_regex_implementation<char, boost::regex_traits<char, boost::cpp_regex_traits<char> > >*, (__gnu_cxx::_Lock_policy)2>::_M_dispose()
calls=1 0 
0 395
0 5
cfn=(4586) std::_Sp_counted_ptr<boost::re_detail_500::basic_regex_implementation<char, boost::regex_traits<char, boost::cpp_regex_traits<char> > >*, (__gnu_cxx::_Lock_policy)2>::_M_destroy()
calls=1 0 
0 119

fn=(4580)
0 10
cob=(7)
cfi=(235)
cfn=(930)
calls=1 48 
0 35
0 1
0 16
cob=(7)
cfi=(247)
cfn=(1034)
calls=1 32 
0 37
0 1
0 4
cfn=(4582)
calls=1 0 
0 141
0 3
cfn=(4584)
calls=1 0 
0 146
0 1

fn=(4586)
0 2
cob=(7)
cfi=(247)
cfn=(1034)
calls=1 32 
0 116
0 1

fn=(3356)
0 196
cob=(7)
cfi=(232)
cfn=(918)
calls=7 43 
0 476
0 7
0 181
cob=(7)
cfi=(247)
cfn=(1034)
calls=5 32 
0 185
0 5
0 106

fn=(3166)
0 12
cfn=(3168)
calls=1 0 
0 42935920
0 5
cfn=(3534)
calls=1 0 
0 1167114
0 7
cfn=(3546) stan::json::json_data::~json_data()
calls=1 0 
0 1118
0 4
cfn=(3550)
calls=1 0 
0 10
0 3
cob=(2)
cfi=(422)
cfn=(3554)
calls=1 40 
0 85
0 1
0 15
cob=(7)
cfi=(249)
cfn=(1124)
calls=1 1173 
0 591
0 1
0 4
cob=(7)
cfi=(279)
cfn=(1392)
calls=1 84 
0 494
0 1
0 4
cob=(7)
cfi=(279)
cfn=(1392)
calls=1 84 
0 122
0 1
0 10
cob=(7)
cfi=(279)
cfn=(1392)
calls=1 84 
0 122
0 1
0 10
cob=(7)
cfi=(279)
cfn=(1392)
calls=1 84 
0 122
0 1
0 2
cob=(7)
cfi=(423)
cfn=(3568)
calls=1 71 
0 124
0 1
0 4
cob=(7)
cfi=(279)
cfn=(1392)
calls=1 84 
0 119
0 1
0 4
cob=(7)
cfi=(279)
cfn=(1392)
calls=1 84 
0 122
0 1
0 10
cob=(7)
cfi=(279)
cfn=(1392)
calls=1 84 
0 124
0 1
0 10
cob=(7)
cfi=(279)
cfn=(1392)
calls=1 84 
0 122
0 1
0 2
cob=(7)
cfi=(423)
cfn=(3568)
calls=1 71 
0 124
0 1
0 4
cob=(7)
cfi=(279)
cfn=(1392)
calls=1 84 
0 117
0 1
0 10
cob=(7)
cfi=(250)
cfn=(3562)
calls=1 157 
0 50
0 1
0 2
cob=(7)
cfi=(250)
cfn=(3572) std::ostream::flush()
calls=1 225 
0 56
0 1
0 4
cob=(7)
cfi=(279)
cfn=(1392)
calls=1 84 
0 117
0 1
0 10
cob=(7)
cfi=(250)
cfn=(3562)
calls=1 157 
0 50
0 1
0 2
cob=(7)
cfi=(250)
cfn=(3572)
calls=1 225 
0 56
0 1
0 4
cob=(7)
cfi=(279)
cfn=(1392)
calls=1 84 
0 119
0 1
0 10
cob=(7)
cfi=(250)
cfn=(3562)
calls=1 157 
0 50
0 1
0 2
cob=(7)
cfi=(250)
cfn=(3572)
calls=1 225 
0 56
0 1
0 4
cob=(7)
cfi=(279)
cfn=(1392)
calls=1 84 
0 117
0 1
0 2
cob=(7)
cfi=(423)
cfn=(3568)
calls=1 71 
0 124
0 1
0 4
cob=(7)
cfi=(279)
cfn=(1392)
calls=1 84 
0 117
0 1
0 2
cob=(7)
cfi=(423)
cfn=(3568)
calls=1 71 
0 124
0 1
0 4
cob=(7)
cfi=(279)
cfn=(1392)
calls=1 84 
0 117
0 1
0 2
cob=(7)
cfi=(423)
cfn=(3568)
calls=1 71 
0 124
0 1
0 4
cob=(7)
cfi=(279)
cfn=(1392)
calls=1 84 
0 117
0 1
0 2
cob=(7)
cfi=(423)
cfn=(3568)
calls=1 71 
0 124
0 1
0 4
cfn=(3578) hier_2pl_model_namespace::hier_2pl_model::model_compile_info[abi:cxx11]() const
calls=1 0 
0 507
0 15
cob=(7)
cfi=(279)
cfn=(1392)
calls=2 84 
0 234
0 2
0 22
cob=(7)
cfi=(250)
cfn=(3562)
calls=2 157 
0 100
0 2
0 4
cob=(7)
cfi=(250)
cfn=(3572)
calls=2 225 
0 112
0 2
0 12
cob=(7)
cfi=(247)
cfn=(1034)
calls=2 32 
0 74
0 2
0 16
cob=(8)
cfi=(229)
cfn=(912)
calls=2 0 
0 164
0 2
0 16
cob=(7)
cfi=(250)
cfn=(3562)
calls=2 157 
0 100
0 2
0 24
cob=(7)
cfi=(247)
cfn=(1034)
calls=2 32 
0 74
0 2
0 14
cob=(7)
cfi=(247)
cfn=(1034)
calls=1 32 
0 37
0 1
0 3
cob=(7)
cfi=(249)
cfn=(3582)
calls=1 288 
0 215
0 1
0 2
cob=(2)
cfi=(422)
cfn=(3554)
calls=1 40 
0 263
0 1
0 11
cob=(7)
cfi=(247)
cfn=(1034)
calls=1 32 
0 37
0 1
0 9
cfn=(3590) hier_2pl_model_namespace::hier_2pl_model::unconstrained_param_names(std::vector<std::__cxx11::basic_string<char, std::char_traits<char>, std::allocator<char> >, std::allocator<std::__cxx11::basic_string<char, std::char_traits<char>, std::allocator<char> > > >&, bool, bool) const
calls=1 0 
0 359828
0 3
cfn=(3604)
calls=1 0 
0 136888
0 4705
cfn=(3610)
calls=1 0 
0 329784
0 3
cfn=(3604)
calls=1 0 
0 137355
0 4726
cfn=(3610)
calls=1 0 
0 401305
0 3
cfn=(3604)
calls=1 0 
0 162700
0 5623
cfn=(3610)
calls=1 0 
0 332349
0 3
cfn=(3604)
calls=1 0 
0 138194
0 4755
cfn=(3610)
calls=1 0 
0 403870
0 3
cfn=(3604)
calls=1 0 
0 163470
0 5650
cob=(7)
cfi=(247)
cfn=(1034)
calls=1 32 
0 133
0 1
0 2
cob=(7)
cfi=(249)
cfn=(1190)
calls=1 1215 
0 115
0 1
0 13
cob=(7)
cfi=(250)
cfn=(3562)
calls=1 157 
0 50
0 1
0 4
cob=(7)
cfi=(250)
cfn=(3562)
calls=1 157 
0 50
0 1
0 4
cob=(7)
cfi=(250)
cfn=(3562)
calls=1 157 
0 50
0 1
0 4
cob=(7)
cfi=(250)
cfn=(3562)
calls=1 157 
0 50
0 1
0 1

fn=(3206)
0 77
cfn=(3208)
calls=1 0 
0 42931954
0 7
cob=(7)
cfi=(247)
cfn=(1034)
calls=1 32 
0 85
0 1
0 12
cfn=(3510)
calls=2 0 
0 240
0 16
cob=(7)
cfi=(247)
cfn=(1034)
calls=2 32 
0 74
0 2
0 16
cfn=(3512)
calls=2 0 
0 162
0 14
cob=(7)
cfi=(247)
cfn=(1034)
calls=2 32 
0 74
0 2
0 12
cob=(7)
cfi=(247)
cfn=(1034)
calls=2 32 
0 74
0 2
0 14
cob=(7)
cfi=(247)
cfn=(1034)
calls=2 32 
0 74
0 2
0 13
cfn=(3514)
calls=2 0 
0 240
0 16
cob=(7)
cfi=(247)
cfn=(1034)
calls=2 32 
0 74
0 2
0 13
cfn=(3514)
calls=2 0 
0 240
0 16
cob=(7)
cfi=(247)
cfn=(1034)
calls=2 32 
0 74
0 2
0 14
cob=(7)
cfi=(247)
cfn=(1034)
calls=1 32 
0 37
0 1
0 7

fn=(3242)
0 2660026
cob=(7)
cfi=(413)
cfn=(3212)
calls=24018 709 
0 3700414
0 24018
0 144108

fn=(3280)
0 19
cfn=(3282)
calls=1 0 
0 6
0 16
cob=(7)
cfi=(248)
cfn=(1080)
calls=1 273 
0 17
0 1
0 17
cob=(2)
cfi=(209)
cfn=(776)
calls=1 67 
0 66
0 1
0 2
cob=(7)
cfi=(248)
cfn=(1086)
calls=1 443 
0 6
0 1
0 4
cob=(7)
cfi=(232)
cfn=(918)
calls=1 43 
0 300
0 1
0 4
cob=(7)
cfi=(170)
cfn=(3272)
calls=1 78 
0 7
0 1
0 6
cfn=(3284) boost::re_detail_500::cpp_regex_traits_char_layer<char>::init()
calls=1 0 
0 7899
0 20
cfn=(3288)
calls=1 0 
0 1573
0 2
cob=(7)
cfi=(232)
cfn=(918)
calls=1 43 
0 42
0 1
0 13
cob=(7)
cfi=(232)
cfn=(918)
calls=1 43 
0 42
0 1
0 10
cob=(7)
cfi=(418) /usr/src/debug/gcc/gcc-build/x86_64-pc-linux-gnu/libstdc++-v3/src/c++98/../../../../../gcc/libstdc++-v3/src/c++98/list.cc
cfn=(3326) std::__detail::_List_node_base::_M_hook(std::__detail::_List_node_base*)
calls=1 131 
0 7
0 1
0 6
cob=(7)
cfi=(170)
cfn=(3272)
calls=1 78 
0 7
0 1
0 13
cob=(7)
cfi=(232)
cfn=(918)
calls=1 43 
0 42
0 1
0 7
cob=(7)
cfi=(170)
cfn=(3272)
calls=1 78 
0 7
0 1
0 13
cfn=(3328)
calls=1 0 
0 23
0 16
cob=(7)
cfi=(419)
cfn=(3334)
calls=1 199 
0 16
0 1
0 5
cob=(7)
cfi=(170)
cfn=(746)
calls=1 91 
0 6
0 1
0 3
cfn=(3282)
calls=1 0 
0 42
0 12

fn=(3284)
0 41
cfn=(3286)
calls=1 0 
0 201
0 1927
cob=(2)
cfi=(158)
cfn=(908)
calls=1 0 
0 77
0 1
0 232
cob=(2)
cfi=(158)
cfn=(908)
calls=58 0 
0 4466
0 58
0 896

fn=(3402)
0 404
cfn=(3410)
calls=8 0 
0 252
cfn=(3408)
calls=6 0 
0 390
cfn=(3406)
calls=6 0 
0 114
cfn=(3404)
calls=6 0 
0 156
0 92
cfn=(3412)
calls=2 0 
0 128
0 276
cfn=(3414)
calls=6 0 
0 24
cfn=(3412)
calls=4 0 
0 60
0 40

fn=(3442)
0 261
cob=(2)
cfi=(158)
cfn=(690)
calls=15 0 
0 180
0 15
0 189
cob=(2)
cfi=(158)
cfn=(690)
calls=6 0 
0 78
0 6
0 114

fn=(3454)
0 504
cob=(7)
cfi=(232)
cfn=(918)
calls=12 43 
0 1126
0 12
0 48
cob=(2)
cfi=(158)
cfn=(908)
calls=12 0 
0 156
0 12
0 180

fn=(3462)
0 420
cob=(2)
cfi=(158)
cfn=(690)
calls=18 0 
0 282
0 18
0 256
cob=(2)
cfi=(158)
cfn=(690)
calls=9 0 
0 144
0 9
0 252
cfn=(3464)
calls=2 0 
0 876
0 6
cfn=(3464)
calls=1 0 
0 192
0 6

fn=(3484)
0 27

fn=(3538)
0 19
cob=(2)
cfi=(158)
cfn=(908)
calls=1 0 
0 17424
0 1
0 238604
cob=(2)
cfi=(158)
cfn=(908)
calls=2 0 
0 34816
0 2
0 461298

fn=(3546)
0 24
cfn=(3548)
calls=2 0 
0 857
0 20
cob=(7)
cfi=(247)
cfn=(1034)
calls=2 32 
0 74
0 2
0 14
cob=(7)
cfi=(247)
cfn=(1034)
calls=2 32 
0 74
0 2
0 13
cob=(7)
cfi=(247)
cfn=(1034)
calls=1 32 
0 37
0 1

fn=(3578)
0 14
cob=(7)
cfi=(246)
cfn=(1266)
calls=1 143 
0 54
0 1
0 18
cob=(7)
cfi=(246)
cfn=(1266)
calls=1 143 
0 54
0 1
0 16
cob=(7)
cfi=(232)
cfn=(918)
calls=1 43 
0 42
0 1
0 16
cob=(2)
cfi=(158)
cfn=(908)
calls=1 0 
0 11
0 1
0 11
cob=(2)
cfi=(158)
cfn=(908)
calls=1 0 
0 11
0 1
0 20
cob=(7)
cfi=(247)
cfn=(1034)
calls=2 32 
0 74
0 2
0 21
cob=(7)
cfi=(246)
cfn=(1266)
calls=1 143 
0 54
0 1
0 17
cob=(7)
cfi=(246)
cfn=(1266)
calls=1 143 
0 54
0 1
0 11

fn=(3590)
0 6625
cob=(7)
cfi=(246)
cfn=(3318)
calls=600 513 
0 26400
0 600
0 10200
cfn=(3594)
calls=600 0 
0 56811
0 1800
cfn=(3596)
calls=600 0 
0 51356
0 14400
cfn=(3592)
calls=600 0 
0 71154
0 4800
cob=(7)
cfi=(246)
cfn=(3494)
calls=600 476 
0 27600
0 600
0 57391
cob=(7)
cfi=(246)
cfn=(3318)
calls=32 513 
0 1408
0 32
0 576
cfn=(3594)
calls=32 0 
0 2915
0 96
cfn=(3596)
calls=32 0 
0 1088
0 864
cfn=(3592)
calls=32 0 
0 2831
0 256
cob=(7)
cfi=(246)
cfn=(3494)
calls=32 476 
0 1568
0 32
0 2276
cfn=(3592)
calls=1 0 
0 59
0 3
cfn=(3592)
calls=1 0 
0 59
0 14
cob=(7)
cfi=(233)
cfn=(3602)
calls=2 1604 
0 160
0 2
0 6
cob=(7)
cfi=(233)
cfn=(942)
calls=2 766 
0 74
0 2
0 12
cob=(7)
cfi=(246)
cfn=(3318)
calls=2 513 
0 88
0 2
0 12
cob=(7)
cfi=(233)
cfn=(942)
calls=2 766 
0 66
0 2
0 8
cfn=(3594)
calls=2 0 
0 152
0 6
cfn=(3596)
calls=2 0 
0 68
0 50
cfn=(3592)
calls=1 0 
0 59
0 3
cfn=(3592)
calls=1 0 
0 59
0 14
cob=(7)
cfi=(233)
cfn=(3602)
calls=2 1604 
0 160
0 2
0 6
cob=(7)
cfi=(233)
cfn=(942)
calls=2 766 
0 66
0 2
0 12
cob=(7)
cfi=(246)
cfn=(3318)
calls=2 513 
0 88
0 2
0 8
cob=(7)
cfi=(233)
cfn=(942)
calls=2 766 
0 66
0 2
0 8
cfn=(3594)
calls=2 0 
0 152
0 6
cfn=(3596)
calls=2 0 
0 68
0 37
cfn=(3592)
calls=1 0 
0 59
0 7
cob=(7)
cfi=(233)
cfn=(3602)
calls=1 1604 
0 77
0 1
0 3
cob=(7)
cfi=(233)
cfn=(942)
calls=1 766 
0 31
0 1
0 6
cob=(7)
cfi=(246)
cfn=(3318)
calls=1 513 
0 44
0 1
0 14
cfn=(3594)
calls=1 0 
0 74
0 3
cfn=(3596)
calls=1 0 
0 32
0 2
cob=(7)
cfi=(233)
cfn=(924)
calls=1 295 
0 6
0 1
0 2
cob=(7)
cfi=(233)
cfn=(924)
calls=1 295 
0 6
0 1
0 2
cob=(7)
cfi=(233)
cfn=(924)
calls=1 295 
0 6
0 1
0 2
cob=(7)
cfi=(233)
cfn=(924)
calls=1 295 
0 6
0 1
0 2
cob=(7)
cfi=(233)
cfn=(924)
calls=1 295 
0 6
0 1
0 375
cob=(7)
cfi=(246)
cfn=(3318)
calls=32 513 
0 1408
0 32
0 448
cfn=(3594)
calls=32 0 
0 2915
0 96
cfn=(3596)
calls=32 0 
0 1088
0 704
cfn=(3592)
calls=32 0 
0 2831
0 256
cob=(7)
cfi=(246)
cfn=(3494)
calls=32 476 
0 1568
0 32
0 2333

fn=(3594)
0 45276
cob=(7)
cfi=(246)
cfn=(3494)
calls=3773 476 
0 176393
0 3773
0 125553

fn=(3772) bs_param_num
0 24

fn=(3800)
0 305524

fn=(3812)
0 1700980
cob=(2)
cfi=(152)
cfn=(632)
calls=170098 3137 
0 680392
0 170098
0 1530882
cfn=(3814)
calls=170098 0 
0 11053177
0 1020588

fn=(3846)
0 10064320

fn=(3848)
0 143776
cfn=(3814)
calls=4493 0 
0 197692
0 202185

fn=(3890)
0 2860928

fn=(3910)
0 159264
cob=(7)
cfi=(232)
cfn=(918)
calls=13272 43 
0 2617532
0 13272
0 199080
cob=(2)
cfi=(158)
cfn=(908)
calls=13272 0 
0 1019395360
0 13272
0 79632

fn=(3922)
0 679619304

fn=(3954)
0 119448

fn=(3996)
0 8848
cfn=(3998)
calls=4424 0 
0 269864

fn=(4076)
0 728
cfn=(4078)
calls=56 0 
0 1970391

fn=(4464)
0 2150
cfn=(3080)
calls=50 0 
0 3550
0 150
cob=(7)
cfi=(233)
cfn=(3602)
calls=50 1604 
0 10900
0 50
0 150
cob=(7)
cfi=(233)
cfn=(942)
calls=50 766 
0 800
0 50
0 750
cob=(7)
cfi=(247)
cfn=(1034)
calls=50 32 
0 1850
0 50
0 500
cfn=(3080)
calls=50 0 
0 3550
0 150
cob=(7)
cfi=(233)
cfn=(3602)
calls=50 1604 
0 10900
0 50
0 150
cob=(7)
cfi=(233)
cfn=(942)
calls=50 766 
0 800
0 50
0 750
cob=(7)
cfi=(247)
cfn=(1034)
calls=50 32 
0 1850
0 50
0 350

fn=(4476)
0 40

fn=(4576)
0 102
cob=(7)
cfi=(235)
cfn=(930)
calls=1 48 
0 131
0 1
0 6

ob=(7)
fl=(215) /usr/src/debug/gcc/gcc-build/x86_64-pc-linux-gnu/libstdc++-v3/src/c++11/../../../../../gcc/libstdc++-v3/src/c++11/future.cc
fn=(796) std::future_category()
89 3

fl=(187) /usr/src/debug/gcc/gcc-build/x86_64-pc-linux-gnu/libstdc++-v3/src/c++11/ctype_members.cc
fn=(682) std::ctype<wchar_t>::_M_convert_to_wmask(unsigned short) const
60 12
+2 73
+36 3
cob=(2)
cfi=(194)
cfn=(684)
calls=1 -72 
* 484
-36 21
+6 3
cob=(2)
cfi=(194)
cfn=(684)
calls=1 -42 
* 378
+3 3
cob=(2)
cfi=(194)
cfn=(684)
calls=1 -45 
* 537
-9 6
+18 3
cob=(2)
cfi=(194)
cfn=(684)
calls=1 -54 
* 194
-3 3
cob=(2)
cfi=(194)
cfn=(684)
calls=1 -51 
* 141
-3 3
cob=(2)
cfi=(194)
cfn=(684)
calls=1 -48 
* 88
+9 3
cob=(2)
cfi=(194)
cfn=(684)
calls=1 -57 
* 247
+21 4
-39 3
cob=(2)
cfi=(194)
cfn=(684)
calls=1 -39 
* 325
+24 3
cob=(2)
cfi=(194)
cfn=(684)
calls=1 -63 
* 188
-3 3
cob=(2)
cfi=(194)
cfn=(684)
calls=1 -60 
* 590

fn=(668) std::ctype<wchar_t>::_M_initialize_ctype()
282 6
+2 1
-2 1
+2 2
cob=(2)
cfi=(188)
cfn=(670)
calls=1 30 
* 22
* 1
+3 1
+6 128
-6 384
fi=(189) /usr/include/wchar.h
+89 256
cob=(2)
cfi=(190)
cfn=(674)
calls=128 30 
* 2176
fe=(187)
-86 256
+5 1
+4 3
fi=(189)
+71 2
cob=(2)
cfi=(191)
cfn=(676)
calls=1 32 
* 18
* 510
cob=(2)
cfi=(191)
cfn=(676)
calls=255 32 
* 9070
fe=(187)
-69 256
-2 256
+1 512
+3 1
+2 5
+1 1
-1 1
+1 2
cfn=(682)
calls=1 60 
* 97
-1 14
+1 7
-1 7
+1 14
cfn=(682)
calls=7 60 
* 1553
* 8
-3 24
+2 3
+1 1
-1 1
+1 2
cfn=(682)
calls=1 60 
* 500
-1 6
+1 3
-1 3
+1 6
cfn=(682)
calls=3 60 
* 1168
* 4
-3 12
+8 1
-2 1
+2 4
-2 1
cob=(2)
cfi=(188)
cfn=(670)
calls=1 30 
* 22
-22 2

fn=(772) std::ctype<wchar_t>::do_widen(char) const
205 16

fl=(423)
fn=(3568)
71 300
+1 225
fi=(201) /usr/src/debug/gcc/gcc-build/x86_64-pc-linux-gnu/libstdc++-v3/include/bits/basic_ios.h
-20 150
fi=(179) /usr/src/debug/gcc/gcc-build/x86_64-pc-linux-gnu/libstdc++-v3/include/bits/locale_facets.h
884 150
+1 75
fe=(423)
72 150
cfi=(250)
cfn=(3562)
calls=75 +85 
* 3750
* 75
+22 75
-22 75
+22 75
cfi=(250)
cfn=(3572)
calls=75 225 
* 4200

fl=(459) /usr/src/debug/gcc/gcc-build/x86_64-pc-linux-gnu/libstdc++-v3/libsupc++/../../../../gcc/libstdc++-v3/libsupc++/si_class_type_info.cc
fn=(4184) __cxxabiv1::__si_class_type_info::__do_upcast(__cxxabiv1::__class_type_info const*, void const*, __cxxabiv1::__class_type_info::__upcast_result&) const
77 1380
+1 138
cfi=(457) /usr/src/debug/gcc/gcc-build/x86_64-pc-linux-gnu/libstdc++-v3/libsupc++/../../../../gcc/libstdc++-v3/libsupc++/class_type_info.cc
cfn=(4186) __cxxabiv1::__class_type_info::__do_upcast(__cxxabiv1::__class_type_info const*, void const*, __cxxabiv1::__class_type_info::__upcast_result&) const
calls=138 +21 
* 5796
* 276
+3 276
-3 276
+3 138
-3 138
+3 276
-3 414
cfi=(457)
cfn=(4186)
calls=138 +21 
* 5796
* 276
+3 828
+1 690
-1 138
cfi=(457)
cfn=(4186)
calls=138 +18 
* 1656

fn=(4232) __cxxabiv1::__si_class_type_info::__do_dyncast(long, __cxxabiv1::__class_type_info::__sub_kind, __cxxabiv1::__class_type_info const*, void const*, __cxxabiv1::__class_type_info const*, void const*, __cxxabiv1::__class_type_info::__dyncast_result&) const
51 3312
fi=(458) /usr/src/debug/gcc/gcc-build/x86_64-pc-linux-gnu/libstdc++-v3/libsupc++/../../../../gcc/libstdc++-v3/libsupc++/typeinfo
202 552
+8 552
105 2208
210 552
cob=(2)
cfi=(158)
cfn=(4180)
calls=276 0 
* 6417
* 1104
fe=(459)
72 828
-9 552
+7 1656
+2 1380
-2 276
cfn=(4233) __cxxabiv1::__si_class_type_info::__do_dyncast(long, __cxxabiv1::__class_type_info::__sub_kind, __cxxabiv1::__class_type_info const*, void const*, __cxxabiv1::__class_type_info const*, void const*, __cxxabiv1::__class_type_info::__dyncast_result&) const'2
calls=276 -19 
* 34845
-10 276
fi=(458)
202 552
-97 1104
210 552
105 276
210 552
cob=(2)
cfi=(158)
cfn=(4180)
calls=276 0 
* 5520
* 1656
fe=(459)

fn=(4233)
51 3312
fi=(458)
202 552
+8 552
105 2208
210 552
cob=(2)
cfi=(158)
cfn=(4180)
calls=276 0 
* 7797
* 1104
fe=(459)
72 828
-9 552
+7 1656
+2 1380
-2 276
cfi=(457)
cfn=(4236) __cxxabiv1::__class_type_info::__do_dyncast(long, __cxxabiv1::__class_type_info::__sub_kind, __cxxabiv1::__class_type_info const*, void const*, __cxxabiv1::__class_type_info const*, void const*, __cxxabiv1::__class_type_info::__dyncast_result&) const
calls=276 +8 
* 3588
-10 276
fi=(458)
202 552
-97 1104
210 552
105 276
210 552
cob=(2)
cfi=(158)
cfn=(4180)
calls=276 0 
* 5520
* 1656
fe=(459)

fl=(196) /usr/src/debug/gcc/gcc-build/x86_64-pc-linux-gnu/libstdc++-v3/src/c++11/../../../../../gcc/libstdc++-v3/src/c++11/cow-locale_init.cc
fn=(708) std::locale::_Impl::_M_init_extra(std::locale::facet**)
100 9
fi=(179)
1720 1
fe=(196)
100 1
fi=(179)
1719 1
fe=(196)
101 1
+1 1
+1 1
fi=(179)
1720 1
fi=(177) /usr/src/debug/gcc/gcc-build/x86_64-pc-linux-gnu/libstdc++-v3/include/bits/locale_classes.h
437 1
fi=(179)
1719 3
+1 1
cfi=(197) /usr/src/debug/gcc/gcc-build/x86_64-pc-linux-gnu/libstdc++-v3/src/c++98/numeric_members_cow.cc
cfn=(710) std::numpunct<char>::_M_initialize_numpunct(__locale_struct*)
calls=1 92 
* 414
fi=(168) /usr/src/debug/gcc/gcc-build/x86_64-pc-linux-gnu/libstdc++-v3/include/ext/atomicity.h
57 1
+94 2
-20 1
fi=(177)
660 4
cfi=(170)
cfn=(642)
calls=1 507 
* 15
* 3
+56 1
437 1
716 3
cfi=(170)
cfn=(616) std::locale::facet::_S_get_c_locale()
calls=1 221 
* 17
* 1
fi=(168)
151 2
-20 1
fi=(177)
660 4
cfi=(170)
cfn=(642)
calls=1 507 
* 15
* 1
fi=(181) /usr/src/debug/gcc/gcc-build/x86_64-pc-linux-gnu/libstdc++-v3/include/bits/locale_facets_nonio.h
1108 1
fi=(177)
660 1
fi=(181)
1108 1
fi=(177)
660 1
fi=(181)
1107 1
+1 1
fi=(177)
437 1
fi=(181)
1107 3
+1 1
cfi=(198) /usr/src/debug/gcc/gcc-build/x86_64-pc-linux-gnu/libstdc++-v3/src/c++98/monetary_members_cow.cc
cfn=(716) std::moneypunct<char, false>::_M_initialize_moneypunct(__locale_struct*, char const*)
calls=1 372 
* 70
fi=(168)
151 2
-20 1
fi=(177)
660 4
cfi=(170)
cfn=(642)
calls=1 507 
* 15
* 2
fi=(181)
1108 1
fi=(177)
660 1
fi=(181)
1107 1
+1 2
fi=(177)
437 1
fi=(181)
1107 3
+1 1
cfi=(198)
cfn=(718) std::moneypunct<char, true>::_M_initialize_moneypunct(__locale_struct*, char const*)
calls=1 216 
* 70
fi=(168)
151 2
-20 1
fi=(177)
660 4
cfi=(170)
cfn=(642)
calls=1 507 
* 15
* 3
fi=(181)
1530 1
fi=(177)
437 1
fi=(181)
1530 2
fi=(168)
151 2
-19 1
fi=(177)
660 4
cfi=(170)
cfn=(642)
calls=1 507 
* 15
* 3
fi=(181)
1690 1
fi=(177)
437 1
fi=(181)
1690 2
fi=(168)
151 2
-19 1
fi=(177)
660 4
cfi=(170)
cfn=(642)
calls=1 507 
* 15
* 3
fi=(181)
422 1
fi=(177)
+15 1
fi=(181)
-15 2
fi=(168)
151 2
-19 1
fi=(177)
660 4
cfi=(170)
cfn=(642)
calls=1 507 
* 15
* 2
fe=(196)
112 1
fi=(177)
660 1
fe=(196)
112 2
cfi=(185) /usr/src/debug/gcc/gcc-build/x86_64-pc-linux-gnu/libstdc++-v3/include/x86_64-pc-linux-gnu/bits/messages_members.h
cfn=(720) std::messages<char>::messages(unsigned long)
calls=1 -68 
* 38
fi=(168)
+39 2
-20 1
fi=(177)
660 4
cfi=(170)
cfn=(642)
calls=1 507 
* 15
* 1
fi=(179)
1720 1
fi=(177)
660 1
fi=(179)
1720 1
fi=(177)
660 1
fe=(196)
115 1
fi=(177)
437 1
fe=(196)
114 1
+1 1
fi=(179)
1719 1
fe=(196)
114 1
+2 1
fi=(179)
1719 3
+1 1
cfi=(197)
cfn=(722) std::numpunct<wchar_t>::_M_initialize_numpunct(__locale_struct*)
calls=1 183 
* 105
fi=(168)
151 2
-20 1
fi=(177)
660 4
cfi=(170)
cfn=(642)
calls=1 507 
* 15
* 3
+56 1
437 1
716 3
cfi=(170)
cfn=(616)
calls=1 221 
* 17
* 1
fi=(168)
151 2
-20 1
fi=(177)
660 4
cfi=(170)
cfn=(642)
calls=1 507 
* 15
* 1
fi=(181)
1108 1
fi=(177)
660 1
fi=(181)
1108 1
fi=(177)
660 1
fi=(181)
1107 1
+1 1
fi=(177)
437 1
fi=(181)
1107 4
+1 1
cfi=(198)
cfn=(724) std::moneypunct<wchar_t, false>::_M_initialize_moneypunct(__locale_struct*, char const*)
calls=1 741 
* 67
fi=(168)
151 2
-20 1
fi=(177)
660 4
cfi=(170)
cfn=(642)
calls=1 507 
* 15
* 2
fi=(181)
1108 1
fi=(177)
660 1
fi=(181)
1107 1
+1 2
fi=(177)
437 1
fi=(181)
1107 3
+1 1
cfi=(198)
cfn=(726) std::moneypunct<wchar_t, true>::_M_initialize_moneypunct(__locale_struct*, char const*)
calls=1 558 
* 67
fi=(168)
151 2
-20 1
fi=(177)
660 4
cfi=(170)
cfn=(642)
calls=1 507 
* 15
* 3
fi=(181)
1530 1
fi=(177)
437 1
fi=(181)
1530 2
fi=(168)
151 2
-19 1
fi=(177)
660 4
cfi=(170)
cfn=(642)
calls=1 507 
* 15
* 3
fi=(181)
1690 1
fi=(177)
437 1
fi=(181)
1690 2
fi=(168)
151 2
-19 1
fi=(177)
660 4
cfi=(170)
cfn=(642)
calls=1 507 
* 15
* 3
fi=(181)
422 1
fi=(177)
+15 1
fi=(181)
-15 2
fi=(168)
151 2
-19 1
fi=(177)
660 4
cfi=(170)
cfn=(642)
calls=1 507 
* 15
* 2
fe=(196)
125 1
fi=(177)
660 1
fe=(196)
125 2
cfi=(185)
cfn=(728) std::messages<wchar_t>::messages(unsigned long)
calls=1 -81 
* 38
fi=(168)
+26 2
-20 1
fi=(177)
660 3
cfi=(170)
cfn=(642)
calls=1 507 
* 15
* 1
fe=(196)
129 1
fi=(177)
660 1
fe=(196)
129 2
cfi=(170)
cfn=(642)
calls=1 507 
* 6
+1 1
-1 1
+1 2
cfi=(170)
cfn=(642)
calls=1 507 
* 6
+1 1
-1 1
+1 2
cfi=(170)
cfn=(642)
calls=1 507 
* 6
+2 1
-2 1
+2 2
cfi=(170)
cfn=(642)
calls=1 507 
* 6
* 1
+1 1
-1 1
+1 2
cfi=(170)
cfn=(642)
calls=1 507 
* 6
* 1
+1 2
-1 1
+1 1
cfi=(170)
cfn=(642)
calls=1 507 
* 6
* 1
+2 8

fl=(203)
fn=(764) std::basic_ios<wchar_t, std::char_traits<wchar_t> >::init(std::basic_streambuf<wchar_t, std::char_traits<wchar_t> >*)
131 24
+3 4
cfi=(204) /usr/src/debug/gcc/gcc-build/x86_64-pc-linux-gnu/libstdc++-v3/src/c++98/../../../../../gcc/libstdc++-v3/src/c++98/ios_locale.cc
cfn=(742) std::ios_base::_M_init()
calls=4 -95 
* 268
+3 12
cfn=(766) std::basic_ios<wchar_t, std::char_traits<wchar_t> >::_M_cache_locale(std::locale const&)
calls=4 +32 
* 196
+16 16
fi=(179)
299 12
cfi=(187)
cfn=(772)
calls=4 -94 
* 16
fe=(203)
155 4
+1 8
+8 12
-2 4
-1 4
+2 4
+1 4
+1 16

fn=(766)
169 24
fi=(205)
-50 8
cfi=(170)
cfn=(642)
calls=4 507 
* 24
* 8
+1 4
+23 4
fe=(203)
+28 8
fi=(205)
-52 4
cfi=(170)
cfn=(642)
calls=4 507 
* 24
* 8
+1 4
+25 4
fe=(203)
+27 8
fi=(205)
-53 4
cfi=(170)
cfn=(642)
calls=4 507 
* 24
* 4
+1 4
+24 4
fe=(203)
+29 8
+1 16

fn=(4418) std::basic_ios<char, std::char_traits<char> >::copyfmt(std::basic_ios<char, std::char_traits<char> > const&)
68 4014
+4 1338
+6 6690
+4 669
+1 1338
+2 2007
cfi=(202)
cfn=(1198) std::ios_base::_M_call_callbacks(std::ios_base::event)
calls=669 +78 
* 6021
+1 2007
+5 1338
cfi=(202)
cfn=(1200) std::ios_base::_M_dispose_callbacks()
calls=669 +86 
* 7359
+4 669
-1 669
+1 2007
+1 5352
-1 2007
+1 9366
-1 14049
fi=(206) /usr/src/debug/gcc/gcc-build/x86_64-pc-linux-gnu/libstdc++-v3/include/bits/ios_base.h
695 669
+71 669
fe=(203)
97 669
+1 669
fi=(206)
708 669
fi=(201)
312 669
fi=(206)
777 669
fi=(201)
326 669
+64 1338
+2 669
fi=(206)
842 669
fi=(201)
408 669
fi=(206)
842 669
fi=(201)
409 669
fi=(206)
842 669
cfi=(170)
cfn=(3272)
calls=669 78 
* 4683
fe=(203)
105 2007
cfi=(170)
cfn=(744)
calls=669 +15 
* 9366
* 1338
cfi=(170)
cfn=(746)
calls=669 -14 
* 4014
+1 2007
cfn=(750) std::basic_ios<char, std::char_traits<char> >::_M_cache_locale(std::locale const&)
calls=669 +63 
* 32781
+2 2007
cfi=(202)
cfn=(1198)
calls=669 +55 
* 6021
fi=(201)
238 669
+37 1338
-1 669
+1 669
cfi=(203)
cfn=(3204)
calls=669 46 
* 6021
* 2676
fe=(203)
114 4683

fn=(740)
131 16818
+3 2803
cfi=(204)
cfn=(742)
calls=2803 -95 
* 187801
+3 8409
cfn=(750)
calls=2803 +32 
* 137347
+16 11212
fi=(179)
884 5606
+1 2802
fe=(203)
155 5604
+1 2802
+8 8406
-2 2802
-1 2802
+2 2802
+1 2802
+1 11208
-10 2
+1 1
+8 3
-2 1
-1 1
+2 1
+1 1
+1 4
fi=(179)
886 2
cfi=(186) /usr/src/debug/gcc/gcc-build/x86_64-pc-linux-gnu/libstdc++-v3/src/c++11/../../../../../gcc/libstdc++-v3/src/c++11/ctype.cc
cfn=(756) std::ctype<char>::_M_widen_init() const
calls=1 90 
* 109
+1 6
fe=(203)

fn=(3204)
46 674
fi=(206)
198 3370
fe=(203)
52 2022

fn=(750)
169 20832
fi=(205)
-50 6944
cfi=(170)
cfn=(642)
calls=3472 507 
* 20832
* 6944
+1 3472
+8 3472
fe=(203)
+43 6944
fi=(205)
-52 3472
cfi=(170)
cfn=(642)
calls=3472 507 
* 20832
* 6944
+1 3472
+10 3472
fe=(203)
+42 6944
fi=(205)
-53 3472
cfi=(170)
cfn=(642)
calls=3472 507 
* 20832
* 3472
+1 3472
+9 3472
fe=(203)
+44 6944
+1 13888

fl=(212)
fn=(790) std::error_category::error_category()
180 10

fn=(788) _GLOBAL__sub_I_compatibility_c__0x.cc
260 2
-72 1
+30 1
-30 1
cfn=(790)
calls=1 -8 
* 5
* 1
+30 3
-30 1
+30 1
cob=(2)
cfi=(209)
cfn=(776)
calls=1 67 
* 66
-15 1
+16 1
-16 1
cfn=(790)
calls=1 -23 
* 5
* 1
+15 1
-15 1
+15 1
+42 1
-42 2
cob=(2)
cfi=(209)
cfn=(776)
calls=1 67 
* 66

fn=(5158) std::error_category::~error_category()
182 4

fn=(5160)
188 4
cfn=(5158)
calls=1 -6 
* 2

fn=(5156)
203 4
cfn=(5158)
calls=1 -21 
* 2

fl=(178) /usr/src/debug/gcc/gcc-build/x86_64-pc-linux-gnu/libstdc++-v3/src/c++98/../../../../../gcc/libstdc++-v3/src/c++98/codecvt.cc
fn=(648) std::codecvt<char, char, __mbstate_t>::codecvt(unsigned long)
38 2
fi=(177)
437 3
fe=(178)
38 2
fi=(177)
437 1
fe=(178)
41 4
cfi=(170)
cfn=(616)
calls=1 221 
* 17
* 1
+1 3

fn=(692) std::codecvt<wchar_t, char, __mbstate_t>::codecvt(unsigned long)
118 2
fi=(177)
437 3
fe=(178)
118 2
fi=(177)
437 1
fe=(178)
121 4
cfi=(170)
cfn=(616)
calls=1 221 
* 17
* 1
+1 3

fn=(3230) std::codecvt<char, char, __mbstate_t>::do_always_noconv() const
100 246573

fl=(455) /usr/src/debug/gcc/gcc/libstdc++-v3/../libgcc/unwind-pe.h
fn=(4170) read_encoded_value_with_base(unsigned char, unsigned long, unsigned char const*, unsigned long*)
188 194778
+15 129852
+9 584334
+53 129852
+19 250352
-1 62588
+2 125176
+1 138
+5 138
+2 138
-2 64788
+2 64788
-40 414
+1 414
+1 414
-43 258048
-72 129024
+1 193536
+1 64512
-1 64512
+3 129024
-4 78166
+1 117249
+1 39083
-1 39083
+3 142678

fl=(169)
fn=(608) std::locale::_S_initialize_once()
324 1
+4 3
-4 1
+9 3
cfn=(610) std::locale::_Impl::_Impl(unsigned long)
calls=1 490 
* 33840
* 2
+2 2
-2 1
+1 2
+2 1
-1 1
cfi=(170)
cfn=(730) std::locale::locale(std::locale::_Impl*)
calls=1 88 
* 3

fn=(606) std::locale::_S_initialize()
340 4907
fi=(168)
57 4907
fe=(169)
342 9814
+3 19627
+1 1
cfn=(608)
calls=1 -22 
* 33860

fn=(604)
269 29442
+2 4907
cfn=(606)
calls=4907 +69 
* 73116
+11 4907
+1 4907
-1 9814
+1 9814
+6 19628

fn=(610)
490 2
+5 2
-5 11
+5 7
+1 1
-4 1
+3 6
-3 1
+4 2
+3 2
+1 2
-1 1
-3 11
+3 2
+2 2
cfi=(170)
cfn=(612) std::locale::facet::_S_get_c_name()
calls=1 233 
* 3
+9 3
fi=(438) /usr/include/bits/string_fortified.h
29 1
fe=(169)
510 1
fi=(438)
29 1
fe=(169)
510 1
cfi=(171) /usr/src/debug/gcc/gcc-build/x86_64-pc-linux-gnu/libstdc++-v3/src/c++11/ctype_configure_char.cc
cfn=(614) std::ctype<char>::ctype(unsigned short const*, bool, unsigned long)
calls=1 121 
* 227
fi=(177)
653 4
cfi=(170)
cfn=(640) std::locale::_Impl::_M_install_facet(std::locale::id const*, std::locale::facet const*)
calls=1 325 
* 401
fe=(169)
511 3
cfi=(178)
cfn=(648)
calls=1 38 
* 33
fi=(177)
653 4
cfi=(170)
cfn=(640)
calls=1 325 
* 401
fi=(179)
1636 1
-1 1
+85 1
fi=(177)
437 1
fi=(179)
1633 1
+87 1
-84 1
-4 1
+4 1
+83 1
-87 1
+87 1
-85 1
+85 2
-85 2
+1 2
+1 1
fi=(177)
437 1
fi=(179)
1719 1
+1 1
cfi=(180) /usr/src/debug/gcc/gcc-build/x86_64-pc-linux-gnu/libstdc++-v3/src/c++98/numeric_members.cc
cfn=(652) std::__cxx11::numpunct<char>::_M_initialize_numpunct(__locale_struct*)
calls=1 92 
* 414
fi=(177)
653 4
cfi=(170)
cfn=(640)
calls=1 325 
* 401
fi=(179)
1983 1
fi=(177)
653 2
437 1
653 1
fi=(179)
1983 2
fi=(177)
653 1
cfi=(170)
cfn=(640)
calls=1 325 
* 401
fi=(179)
2347 1
fi=(177)
653 2
437 1
653 1
fi=(179)
2347 2
fi=(177)
653 1
cfi=(170)
cfn=(640)
calls=1 325 
* 401
+63 1
437 1
716 3
cfi=(170)
cfn=(616)
calls=1 221 
* 17
* 1
-63 4
cfi=(170)
cfn=(640)
calls=1 325 
* 401
fi=(181)
1026 1
-6 1
+88 1
fi=(177)
437 1
fi=(181)
1020 1
+88 2
-82 1
fi=(177)
437 1
fi=(181)
1026 1
+81 1
-88 1
+88 1
-88 2
+2 2
+1 2
+1 2
+1 1
+1 1
+1 1
fi=(177)
437 1
fi=(181)
1107 2
+1 1
cfi=(182) /usr/src/debug/gcc/gcc-build/x86_64-pc-linux-gnu/libstdc++-v3/src/c++98/monetary_members.cc
cfn=(656) std::__cxx11::moneypunct<char, false>::_M_initialize_moneypunct(__locale_struct*, char const*)
calls=1 372 
* 70
fi=(177)
653 4
cfi=(170)
cfn=(640)
calls=1 325 
* 401
fi=(181)
1026 1
+82 2
fi=(177)
437 1
fi=(181)
1019 1
+89 1
-82 1
-7 1
+7 1
-6 2
+87 1
-88 1
+88 1
-86 1
+86 2
-86 1
+1 2
+1 2
+1 1
+1 1
+1 1
fi=(177)
437 1
fi=(181)
1107 1
+1 1
cfi=(182)
cfn=(658) std::__cxx11::moneypunct<char, true>::_M_initialize_moneypunct(__locale_struct*, char const*)
calls=1 216 
* 70
fi=(177)
653 4
cfi=(170)
cfn=(640)
calls=1 325 
* 401
fi=(181)
1530 1
fi=(177)
653 2
437 1
653 1
fi=(181)
1530 2
fi=(177)
653 1
cfi=(170)
cfn=(640)
calls=1 325 
* 401
fi=(181)
1690 1
fi=(177)
653 2
437 1
653 1
fi=(181)
1690 2
fi=(177)
653 1
cfi=(170)
cfn=(640)
calls=1 325 
* 401
fi=(181)
138 1
-13 1
fe=(169)
533 2
fi=(181)
125 1
fe=(169)
533 1
fi=(181)
138 1
-13 1
+13 1
-13 9
+12 2
fi=(177)
437 1
fi=(181)
138 2
fe=(169)
533 2
cfi=(183) /usr/src/debug/gcc/gcc-build/x86_64-pc-linux-gnu/libstdc++-v3/include/x86_64-pc-linux-gnu/bits/time_members.h
cfn=(660) std::__timepunct<char>::__timepunct(std::__timepunct_cache<char>*, unsigned long)
calls=1 48 
* 179
fi=(177)
653 4
cfi=(170)
cfn=(640)
calls=1 325 
* 401
fi=(181)
422 1
fi=(177)
653 2
437 1
653 1
fi=(181)
422 2
fi=(177)
653 1
cfi=(170)
cfn=(640)
calls=1 325 
* 401
fi=(181)
859 1
fi=(177)
653 2
437 1
653 1
fi=(181)
859 2
fi=(177)
653 1
cfi=(170)
cfn=(640)
calls=1 325 
* 401
fe=(169)
537 3
cfi=(185)
cfn=(664) std::__cxx11::messages<char>::messages(unsigned long)
calls=1 44 
* 38
fi=(177)
653 4
cfi=(170)
cfn=(640)
calls=1 325 
* 401
fe=(169)
540 3
cfi=(186)
cfn=(666) std::ctype<wchar_t>::ctype(unsigned long)
calls=1 103 
* 17371
fi=(177)
653 4
cfi=(170)
cfn=(640)
calls=1 325 
* 401
fe=(169)
541 3
cfi=(178)
cfn=(692)
calls=1 118 
* 33
fi=(177)
653 4
cfi=(170)
cfn=(640)
calls=1 325 
* 401
fi=(179)
1636 1
+84 1
fi=(177)
437 2
fi=(179)
1633 1
+87 1
-84 1
-4 1
+4 1
+83 1
-87 1
+87 1
-85 3
+1 2
+1 1
fi=(177)
437 1
fi=(179)
1719 2
+1 1
cfi=(180)
cfn=(694) std::__cxx11::numpunct<wchar_t>::_M_initialize_numpunct(__locale_struct*)
calls=1 183 
* 105
fi=(177)
653 4
cfi=(170)
cfn=(640)
calls=1 325 
* 401
fi=(179)
1983 1
fi=(177)
653 2
437 1
653 1
fi=(179)
1983 2
fi=(177)
653 1
cfi=(170)
cfn=(640)
calls=1 325 
* 401
fi=(179)
2347 1
fi=(177)
653 2
437 1
653 1
fi=(179)
2347 2
fi=(177)
653 1
cfi=(170)
cfn=(640)
calls=1 325 
* 401
+63 1
437 1
716 3
cfi=(170)
cfn=(616)
calls=1 221 
* 17
* 4
-64 1
+1 11
cfi=(170)
cfn=(640)
calls=1 325 
* 401
fi=(181)
1026 1
+82 2
fi=(177)
437 1
fi=(181)
1019 1
+89 1
-82 1
-7 1
+7 1
+81 1
-88 1
+88 1
-87 1
+87 2
-86 2
+1 2
+1 2
+1 1
+1 1
+1 1
fi=(177)
437 1
fi=(181)
1107 1
+1 1
cfi=(182)
cfn=(696) std::__cxx11::moneypunct<wchar_t, false>::_M_initialize_moneypunct(__locale_struct*, char const*)
calls=1 741 
* 67
fi=(177)
653 4
cfi=(170)
cfn=(640)
calls=1 325 
* 401
fi=(181)
1026 1
+82 2
fi=(177)
437 1
fi=(181)
1019 1
+89 1
-82 1
-7 1
+7 1
+81 1
-88 1
+88 1
-87 1
+1 2
+1 2
+1 2
+1 1
+1 1
+1 1
fi=(177)
437 1
fi=(181)
1107 2
+1 1
cfi=(182)
cfn=(698) std::__cxx11::moneypunct<wchar_t, true>::_M_initialize_moneypunct(__locale_struct*, char const*)
calls=1 558 
* 67
fi=(177)
653 4
cfi=(170)
cfn=(640)
calls=1 325 
* 401
fi=(181)
1530 1
fi=(177)
653 2
437 1
653 1
fi=(181)
1530 2
fi=(177)
653 1
cfi=(170)
cfn=(640)
calls=1 325 
* 401
fi=(181)
1690 1
fi=(177)
653 2
437 1
653 1
fi=(181)
1690 2
fi=(177)
653 1
cfi=(170)
cfn=(640)
calls=1 325 
* 401
fi=(181)
138 1
-13 1
fe=(169)
563 2
fi=(181)
125 1
fe=(169)
563 1
fi=(181)
138 1
-13 1
+13 1
-13 9
+12 2
fi=(177)
437 1
fi=(181)
138 2
fe=(169)
563 2
cfi=(183)
cfn=(700) std::__timepunct<wchar_t>::__timepunct(std::__timepunct_cache<wchar_t>*, unsigned long)
calls=1 48 
* 176
fi=(177)
+90 4
cfi=(170)
cfn=(640)
calls=1 325 
* 401
fi=(181)
422 1
fi=(177)
653 2
437 1
653 1
fi=(181)
422 2
fi=(177)
653 1
cfi=(170)
cfn=(640)
calls=1 325 
* 401
fi=(181)
859 1
fi=(177)
653 2
437 1
653 1
fi=(181)
859 2
fi=(177)
653 1
cfi=(170)
cfn=(640)
calls=1 325 
* 401
fe=(169)
-86 3
cfi=(185)
cfn=(704) std::__cxx11::messages<wchar_t>::messages(unsigned long)
calls=1 44 
* 38
fi=(177)
+86 4
cfi=(170)
cfn=(640)
calls=1 325 
* 401
fi=(195) /usr/src/debug/gcc/gcc-build/x86_64-pc-linux-gnu/libstdc++-v3/include/bits/codecvt.h
489 1
fi=(177)
653 2
437 1
653 1
fi=(195)
489 2
fi=(177)
653 1
cfi=(170)
cfn=(640)
calls=1 325 
* 401
fi=(195)
546 1
fi=(177)
653 2
437 1
653 1
fi=(195)
546 2
fi=(177)
653 1
cfi=(170)
cfn=(640)
calls=1 325 
* 401
fi=(195)
-49 1
fi=(177)
+49 2
437 1
653 1
fi=(195)
-49 2
fi=(177)
+49 1
cfi=(170)
cfn=(640)
calls=1 325 
* 401
fi=(195)
+8 1
fi=(177)
-8 2
437 1
653 1
fi=(195)
+8 2
fi=(177)
-8 1
cfi=(170)
cfn=(640)
calls=1 325 
* 401
fe=(169)
-63 2
+3 2
-3 2
+3 2
cfi=(196)
cfn=(708)
calls=1 100 
* 1485
+5 3
cfi=(170)
cfn=(642)
calls=1 -91 
* 6
* 1
+1 1
-1 1
+1 2
cfi=(170)
cfn=(642)
calls=1 -92 
* 6
+1 1
-1 1
+1 2
cfi=(170)
cfn=(642)
calls=1 -93 
* 6
* 1
+1 1
-1 1
+1 2
cfi=(170)
cfn=(642)
calls=1 -94 
* 6
* 1
+2 1
-2 1
+2 2
cfi=(170)
cfn=(642)
calls=1 -96 
* 6
+1 1
-1 1
+1 2
cfi=(170)
cfn=(642)
calls=1 -97 
* 6
* 1
+1 1
-1 1
+1 2
cfi=(170)
cfn=(642)
calls=1 -98 
* 6
+1 2
-1 1
+1 1
cfi=(170)
cfn=(642)
calls=1 -99 
* 6
* 2
+2 11

fl=(227) /usr/src/debug/gcc/gcc-build/x86_64-pc-linux-gnu/libstdc++-v3/src/c++11/../../../../../gcc/libstdc++-v3/src/c++11/locale-inst.cc
fn=(832) _GLOBAL__sub_I_cxx11_locale_inst.cc
160 1
fi=(181)
1653 4
1818 4
1415 8
fi=(179)
1893 4
fi=(181)
796 4
2024 4
fi=(177)
839 4
fe=(227)
160 1

fn=(840) _GLOBAL__sub_I_cxx11_wlocale_inst.cc
160 1
fi=(181)
1653 4
1818 4
1415 8
fi=(179)
1893 4
fi=(181)
796 4
2024 4
fi=(177)
839 4
fe=(227)
160 1

fn=(848) _GLOBAL__sub_I_locale_inst.cc
160 1
fi=(179)
2310 4
2603 4
fi=(181)
1653 4
1818 4
1415 8
fi=(179)
1893 4
fi=(181)
328 4
929 4
796 4
2024 4
fi=(177)
839 4
fe=(227)
160 1

fn=(856) _GLOBAL__sub_I_wlocale_inst.cc
160 1
fi=(179)
2310 4
2603 4
fi=(181)
1653 4
1818 4
1415 8
fi=(179)
1893 4
fi=(181)
328 4
929 4
796 4
2024 4
fi=(177)
839 4
fe=(227)
160 1

fl=(199) /usr/src/debug/gcc/gcc-build/x86_64-pc-linux-gnu/libstdc++-v3/include/ext/stdio_sync_filebuf.h
fn=(4280) __gnu_cxx::stdio_sync_filebuf<char, std::char_traits<char> >::xsputn(char const*, long)
255 17800
cob=(2)
cfi=(469)
cfn=(4282)
calls=3560 31 
* 263999

fn=(4272) __gnu_cxx::stdio_sync_filebuf<char, std::char_traits<char> >::sync()
193 643
+1 1286
cob=(2)
cfi=(468)
cfn=(4274)
calls=643 32 
* 43294

fn=(4312) __gnu_cxx::stdio_sync_filebuf<char, std::char_traits<char> >::overflow(int)
174 258
+5 86
-2 172
+61 86
cob=(2)
cfi=(471)
cfn=(4314)
calls=86 25 
* 12053

fn=(5172) __gnu_cxx::stdio_sync_filebuf<wchar_t, std::char_traits<wchar_t> >::sync()
193 5
+1 10
cob=(2)
cfi=(468)
cfn=(4274)
calls=5 32 
* 320

fl=(186)
fn=(666)
103 2
fi=(177)
437 3
fe=(186)
103 2
fi=(177)
437 1
fe=(186)
105 4
cfi=(170)
cfn=(616)
calls=1 221 
* 17
* 1
+1 1
-1 1
+1 3
cfi=(187)
cfn=(668)
calls=1 282 
* 17336

fn=(756)
90 2
+4 1
-4 4
+3 1
+1 1
-4 3
+3 15
+1 3
fi=(179)
1120 18
fe=(186)
98 4
cob=(2)
cfi=(158)
cfn=(690)
calls=1 -98 
* 47
+1 4
+1 6

fl=(412) /usr/src/debug/gcc/gcc-build/x86_64-pc-linux-gnu/libstdc++-v3/include/fstream
fn=(3632) std::basic_ifstream<char, std::char_traits<char> >::basic_ifstream(std::__cxx11::basic_string<char, std::char_traits<char>, std::allocator<char> > const&, std::_Ios_Openmode)
605 6
fi=(201)
478 1
fe=(412)
605 5
fi=(201)
478 1
cfi=(202)
cfn=(738)
calls=1 76 
* 56
fi=(208) /usr/src/debug/gcc/gcc-build/x86_64-pc-linux-gnu/libstdc++-v3/include/istream
713 1
fi=(201)
477 1
fi=(208)
714 1
-1 2
fi=(201)
478 1
fi=(208)
714 1
fi=(201)
477 2
fi=(208)
713 2
fi=(201)
478 1
fi=(208)
714 2
cfi=(203)
cfn=(740)
calls=1 131 
* 147
fe=(412)
607 7
cfi=(410)
cfn=(3184)
calls=1 85 
* 85
+2 3
cfi=(203)
cfn=(740)
calls=1 131 
* 147
fi=(206)
151 1
fe=(412)
345 2
fi=(206)
151 1
fe=(412)
345 1
cfi=(410)
cfn=(3192)
calls=1 183 
* 738
750 3
-5 2
+5 2
cfi=(203)
cfn=(3204)
calls=1 46 
* 9
611 6

fn=(3732) std::basic_ifstream<char, std::char_traits<char> >::~basic_ifstream()
642 1
+1 1
-1 2
+1 4
264 1
643 1
264 2
-3 1
cfi=(410)
cfn=(3518)
calls=1 -8 
* 546
+3 2
cfi=(411)
cfn=(3530)
calls=1 -54 
* 21
fi=(200) /usr/src/debug/gcc/gcc-build/x86_64-pc-linux-gnu/libstdc++-v3/include/streambuf
-57 5
cfi=(170)
cfn=(746)
calls=1 91 
* 6
fi=(208)
-95 2
fi=(201)
297 1
fi=(208)
112 1
fi=(201)
297 3
fe=(412)
643 1
fi=(201)
297 1
cfi=(202)
cfn=(1196)
calls=1 87 
* 43
fe=(412)

fl=(466) /usr/src/debug/gcc/gcc-build/x86_64-pc-linux-gnu/libstdc++-v3/libsupc++/../../../../gcc/libstdc++-v3/libsupc++/bad_cast.cc
fn=(4256) std::bad_cast::~bad_cast()
28 1380
cfi=(467) /usr/src/debug/gcc/gcc-build/x86_64-pc-linux-gnu/libstdc++-v3/libsupc++/../../../../gcc/libstdc++-v3/libsupc++/eh_exception.cc
cfn=(4258) std::exception::~exception()
calls=276 +1 
* 552

fl=(232)
fn=(918)
43 45985
+4 91970
-4 45985
+4 91970
+3 91970
cob=(2)
cfi=(152)
cfn=(812)
calls=45985 3101 
* 4654747
* 91970
+9 91970

fl=(179)
fn=(1448) std::num_put<char, std::ostreambuf_iterator<char, std::char_traits<char> > >::do_put(std::ostreambuf_iterator<char, std::char_traits<char> >, std::ios_base&, char, long) const
2549 3
+1 6
cfi=(251) /usr/src/debug/gcc/gcc-build/x86_64-pc-linux-gnu/libstdc++-v3/include/bits/locale_facets.tcc
cfn=(1256) std::ostreambuf_iterator<char, std::char_traits<char> > std::num_put<char, std::ostreambuf_iterator<char, std::char_traits<char> > >::_M_insert_int<long>(std::ostreambuf_iterator<char, std::char_traits<char> >, std::ios_base&, char, long) const
calls=3 875 
* 714

fn=(1142) std::num_put<char, std::ostreambuf_iterator<char, std::char_traits<char> > >::do_put(std::ostreambuf_iterator<char, std::char_traits<char> >, std::ios_base&, char, unsigned long) const
2553 87
+2 174
cfi=(251)
cfn=(1144) std::ostreambuf_iterator<char, std::char_traits<char> > std::num_put<char, std::ostreambuf_iterator<char, std::char_traits<char> > >::_M_insert_int<unsigned long>(std::ostreambuf_iterator<char, std::char_traits<char> >, std::ios_base&, char, unsigned long) const
calls=87 875 
* 17999

fl=(334)
fn=(1866)
52 2
+3 2
cob=(1)
cfi=(1)
cfn=(1852)
calls=1 -55 
* 12
* 1
+1 1
-1 1
cob=(10)
cfi=(332)
cfn=(1868)
calls=1 -55 
* 80292

fn=(1867)
52 2
+3 2
cob=(1)
cfi=(1)
cfn=(1852)
calls=1 -55 
* 12
* 1
+1 1
-1 1
cob=(10)
cfi=(332)
cfn=(1878)
calls=1 -55 
* 5389

fl=(180)
fn=(694)
183 8
+1 1
-1 2
+1 2
+3 2
+69 1
+3 1
-2 1
-1 1
+3 1
+1 1
+1 7
-71 2
+4 1
-3 1
+3 1
+6 2
-10 1
+10 1
-8 1
+6 3
+2 7
-1 2
+1 3
-1 2
+1 8
-2 1
+6 15
-1 2
+1 3
-1 2
+1 7
-1 2
+1 3
-1 2
+1 4
-2 1

fn=(652)
92 2
+1 1
-1 4
+1 2
+3 2
+68 2
+5 2
-4 1
-1 1
+3 2
+1 1
+1 2
-70 1
+1 1
-1 1
+2 1
+2 1
+1 2
+3 2
-1 4
+1 3
-1 3
+1 105
-1 105
+4 2
-1 4
+1 3
-1 3
+1 75
-1 76

fl=(211) ???
fn=(5150) 0x00000000000b6470
0 9
cob=(2)
cfi=(483)
cfn=(5068)
calls=1 45 
0 1571
0 1
cfn=(5180) 0x00000000000b6400
calls=1 0 
0 5
0 3

fn=(782) 0x00000000000b64c0
0 12

fn=(5180)
0 5

fl=(213) /usr/src/debug/gcc/gcc-build/x86_64-pc-linux-gnu/libstdc++-v3/src/../../../../gcc/libstdc++-v3/src/c++11/compatibility-condvar.cc
fn=(792) _GLOBAL__sub_I_compatibility_condvar.cc
108 1
-26 1
+26 1

fl=(259) /usr/src/debug/gcc/gcc-build/x86_64-pc-linux-gnu/libstdc++-v3/include/x86_64-pc-linux-gnu/bits/c++locale.h
fn=(1296) std::__convert_from_v(__locale_struct* const&, char*, int, char const*, ...)
78 999984
+2 83332
cob=(2)
cfi=(188)
cfn=(670)
calls=41666 -50 
* 916652
+17 124998
-17 41666
+14 83332
+3 41666
-3 166664
+3 41666
cob=(2)
cfi=(260)
cfn=(1298)
calls=41666 +5 
* 71899045
+8 41666
-8 41666
+8 41666
cob=(2)
cfi=(188)
cfn=(670)
calls=41666 -75 
* 916652
+9 416660

fl=(240) /usr/src/debug/gcc/gcc-build/x86_64-pc-linux-gnu/libstdc++-v3/src/c++11/../../../../../gcc/libstdc++-v3/src/c++11/chrono.cc
fn=(964) std::chrono::_V2::system_clock::now()
52 17982
+7 44955
cob=(2)
cfi=(241)
cfn=(966)
calls=8991 -29 
* 98901
fi=(242) /usr/src/debug/gcc/gcc-build/x86_64-pc-linux-gnu/libstdc++-v3/include/bits/chrono.h
231 8991
706 8991
fe=(240)
73 44955

fl=(210) /usr/src/debug/gcc/gcc-build/x86_64-pc-linux-gnu/libstdc++-v3/src/c++20/../../../../../gcc/libstdc++-v3/src/c++20/tzdb.cc
fn=(864) _GLOBAL__sub_I_tzdb.cc
2798 1
fi=(228) /usr/src/debug/gcc/gcc-build/x86_64-pc-linux-gnu/libstdc++-v3/include/bits/chrono_io.h
412 4
fe=(210)
2798 1

fn=(780) _GLOBAL__sub_I.00098_tzdb.cc
2798 1
219 4
cob=(2)
cfi=(209)
cfn=(776)
calls=1 67 
* 66

fl=(456) /usr/src/debug/gcc/gcc-build/x86_64-pc-linux-gnu/libstdc++-v3/libsupc++/../../../../gcc/libstdc++-v3/libsupc++/tinfo.cc
fn=(4174) std::type_info::__is_pointer_p() const
64 138
+2 276

fl=(202)
fn=(1196)
87 3736
+2 934
-2 1868
+2 934
cfn=(1198)
calls=934 +74 
* 8406
+1 1868
cfn=(1200)
calls=934 +87 
* 10274
+1 3736
+5 2802
cfi=(170)
cfn=(746)
calls=934 -5 
* 5604

fn=(1198)
163 6816
+1 2272
+1 4544
+8 6816

fn=(1200)
177 6412
+1 1603
+1 3206
+6 1603
+1 4809

fn=(738)
76 942
+3 942
-2 1884
+1 942
+1 942
fi=(206)
640 942
fe=(202)
79 2826
-2 942
+1 942
fi=(206)
640 15072
fe=(202)
79 2826
cfi=(169)
cfn=(604)
calls=942 269 
* 23550

fl=(418)
fn=(3326)
131 1
+2 1
-1 1
+1 1
+1 1
+1 1
+1 1

fl=(248)
fn=(1080)
273 8
149 8
278 16
-5 8
fi=(168)
57 16
fe=(248)
289 16
+7 8
+96 16
-99 24
+2 8
+1 8

fn=(1086)
443 8
fi=(168)
57 8
fe=(248)
448 16
+3 8
+1 8

fl=(410)
fn=(3200) std::basic_filebuf<char, std::char_traits<char> >::_M_allocate_internal_buffer()
54 3
+5 12
-5 6
+7 9
cfi=(399) /usr/src/debug/gcc/gcc-build/x86_64-pc-linux-gnu/libstdc++-v3/libsupc++/../../../../gcc/libstdc++-v3/libsupc++/new_opv.cc
cfn=(3050) operator new[](unsigned long)
calls=3 -30 
* 758
* 6
+1 3
+2 6

fn=(4546) std::basic_filebuf<char, std::char_traits<char> >::_M_convert_to_external(char*, long)
610 12
+6 1
fi=(201)
52 2
fi=(195)
219 4
cfi=(178)
cfn=(3230)
calls=1 100 
* 3
fe=(410)
616 2
+30 4
cfi=(411)
cfn=(4550) std::__basic_file<char>::xsputn(char const*, long)
calls=1 356 
* 54
+22 2
+1 11

fn=(3520) std::basic_filebuf<char, std::char_traits<char> >::_M_terminate_output()
952 6
+5 3
-5 18
+5 6
+2 4
cfn=(4526) std::basic_filebuf<char, std::char_traits<char> >::overflow(int)
calls=1 545 
* 147
+1 2
+6 6
-1 1
fi=(201)
52 2
fi=(195)
219 3
cfi=(178)
cfn=(3230)
calls=1 100 
* 3
* 1
fe=(410)
965 2
+44 26

fn=(3184)
85 6
fi=(200)
475 6
fe=(410)
85 6
fi=(200)
475 3
fe=(410)
85 3
fi=(200)
475 3
fe=(410)
85 3
fi=(200)
474 3
+1 3
-1 6
+1 6
cfi=(169)
cfn=(604)
calls=3 269 
* 75
fe=(410)
86 6
+6 3
-6 9
+6 3
-6 3
+6 3
-6 6
cfi=(411)
cfn=(3186) std::__basic_file<char>::__basic_file(pthread_mutex_t*)
calls=3 207 
* 12
+4 3
-3 3
fi=(205)
+32 3
fe=(410)
-32 6
+1 9
+1 3
+1 3
+1 3
-1 3
+1 6
fi=(205)
+28 3
cfi=(170)
cfn=(642)
calls=3 507 
* 18
* 3
+1 3
+11 3
fe=(410)
-37 6
+1 9

fn=(3224) std::basic_filebuf<char, std::char_traits<char> >::underflow()
327 155
+5 124
+2 62
fi=(200)
498 31
fi=(412)
230 62
fi=(200)
501 31
fe=(410)
346 62
482 155
346 31
+4 93
+7 31
-7 93
fi=(201)
52 62
fi=(195)
219 62
cfi=(178)
cfn=(3230)
calls=31 100 
* 93
fe=(410)
357 62
-27 4
fi=(412)
509 87
fi=(200)
+62 29
fi=(412)
-62 29
fe=(410)
-51 116
fi=(412)
+51 58
fi=(200)
+62 58
-2 29
+2 29
fi=(237) /usr/src/debug/gcc/gcc-build/x86_64-pc-linux-gnu/libstdc++-v3/include/bits/char_traits.h
455 87
fe=(410)
-96 124
cfi=(411)
cfn=(3232) std::__basic_file<char>::xsgetn(char*, long)
calls=31 -25 
* 1674
* 31
+2 62
+94 29
fi=(412)
+56 2
fi=(200)
+60 2
fe=(410)
467 8
fi=(200)
571 12
fe=(410)

fn=(3522) std::basic_filebuf<char, std::char_traits<char> >::_M_destroy_internal_buffer()
68 9
+3 6
+2 12
cfi=(421) /usr/src/debug/gcc/gcc-build/x86_64-pc-linux-gnu/libstdc++-v3/libsupc++/../../../../gcc/libstdc++-v3/libsupc++/del_opv.cc
cfn=(3524) operator delete[](void*)
calls=3 -39 
* 326
+1 3
+1 3
+2 9
+1 3
+2 3
-1 3
+1 3
+2 6

fn=(4520) std::basic_filebuf<char, std::char_traits<char> >::xsputn(char const*, long)
759 492948
+8 82158
+1 82158
-1 82158
fi=(201)
52 164316
fi=(195)
219 164316
-1 82158
+1 82158
cfi=(178)
cfn=(3230)
calls=82158 100 
* 246474
fe=(410)
769 575106
fi=(200)
546 82158
fe=(410)
771 164316
+3 164317
+1 3
+2 164316
fi=(200)
543 75
fe=(410)
781 225
-2 75
+2 75
-2 75
+2 75
cfi=(411)
cfn=(4534) std::__basic_file<char>::xsputn_2(char const*, long, char const*, long)
calls=75 367 
* 5400
+3 75
-3 75
+3 150
+6 375
+10 82458
-5 164166
+5 246249
-5 82083
cfi=(252) /usr/src/debug/gcc/gcc-build/x86_64-pc-linux-gnu/libstdc++-v3/include/bits/streambuf.tcc
cfn=(1154) std::basic_streambuf<char, std::char_traits<char> >::xsputn(char const*, long)
calls=82083 84 
* 4300960
fi=(412)
511 75
-5 375
+7 225
+1 150
fi=(200)
+55 75
fe=(410)
787 300

fn=(3216) std::basic_filebuf<char, std::char_traits<char> >::xsgetn(char*, long)
673 498636
+5 110808
+23 277020
+3 110808
+48 221616
cfi=(252)
cfn=(3220) std::basic_streambuf<char, std::char_traits<char> >::xsgetn(char*, long)
calls=55404 50 
* 2996458
* 55404
+3 387828
-66 110808
fi=(412)
230 55404
fe=(410)
677 110808

fn=(3192)
183 18
fi=(412)
+96 3
fe=(410)
-96 6
fi=(412)
+96 3
fe=(410)
-96 3
fi=(412)
+96 3
cfi=(411)
cfn=(3194) std::__basic_file<char>::is_open() const
calls=3 +25 
* 12
fe=(410)
-92 6
+2 15
cfi=(411)
cfn=(3196) std::__basic_file<char>::open(char const*, std::_Ios_Openmode, int)
calls=3 +66 
* 1366
fi=(412)
+90 6
cfi=(411)
cfn=(3194)
calls=3 +25 
* 12
fe=(410)
-89 6
+2 6
cfn=(3200)
calls=3 54 
* 803
fi=(412)
511 3
fe=(410)
196 3
-3 3
+3 3
+5 9
fi=(200)
571 6
fe=(410)
201 9
fi=(200)
571 3
fe=(410)
205 6
+8 3
-4 3
+4 15

fn=(3518)
253 12
fi=(412)
+26 4
fe=(410)
-26 8
fi=(412)
+26 8
cfi=(411)
cfn=(3194)
calls=4 +25 
* 16
fe=(410)
-23 11
+24 6
cfn=(3520)
calls=3 952 
* 230
* 3
-10 3
-2 3
+1 3
+1 3
cfn=(3522)
calls=3 68 
* 386
+4 3
-3 3
+19 3
fi=(412)
511 3
fe=(410)
271 3
fi=(200)
571 12
fe=(410)
274 9
fi=(200)
571 3
fe=(410)
290 3
cfi=(411)
cfn=(3526) std::__basic_file<char>::close()
calls=3 +28 
* 1095
+3 12
+3 6
+1 14
-40 1
+40 2

fn=(4526)
545 20
+6 8
+3 4
fi=(200)
-11 2
+3 2
fe=(410)
+16 4
+3 2
+8 3
cfn=(4546)
calls=1 +37 
* 95
* 2
fi=(412)
-62 1
-5 5
+7 3
+1 2
fi=(200)
+55 1
fi=(237)
468 5
fe=(410)
606 16
-26 3
fi=(412)
-69 1
-5 2
+8 1
fi=(200)
+57 1
fi=(412)
-57 1
fi=(200)
+55 3
fi=(237)
468 3
fe=(410)
586 2
+1 2
fi=(237)
449 1
+19 1
fi=(200)
+91 1
fi=(237)
-91 2
fe=(410)

fl=(440) /usr/src/debug/gcc/gcc-build/x86_64-pc-linux-gnu/libstdc++-v3/src/c++11/../../../../../gcc/libstdc++-v3/src/c++11/cow-stdexcept.cc
fn=(4102) std::__cow_string::__cow_string(char const*, unsigned long)
145 552
fi=(425) /usr/src/debug/gcc/gcc-build/x86_64-pc-linux-gnu/libstdc++-v3/include/bits/cow_string.h
3333 414
+4 276
3728 552
+43 138
+1 276
393 138
fi=(237)
+39 276
cob=(2)
cfi=(158)
cfn=(908)
calls=138 0 
* 3588
* 276
fi=(425)
239 276
+73 138
fe=(440)
145 552
fi=(425)
3769 138
fi=(234) /usr/src/debug/gcc/gcc-build/x86_64-pc-linux-gnu/libstdc++-v3/include/bits/new_allocator.h
162 138
cfi=(232)
cfn=(918)
calls=138 43 
* 6062
fi=(425)
395 276
3786 138
fi=(234)
162 138
fi=(425)
+90 138
-19 138
395 138
243 138
fi=(237)
355 414
fe=(440)

fl=(464)
fn=(4240)
34 1656
cfi=(216)
cfn=(4088)
calls=276 395 
* 13800
fi=(458)
227 276
fe=(464)
34 552
fi=(458)
227 552
fe=(464)
34 552
cfi=(441)
cfn=(4110)
calls=276 +46 
* 3557433

fl=(184) /usr/src/debug/gcc/gcc-build/x86_64-pc-linux-gnu/libstdc++-v3/src/c++98/time_members.cc
fn=(662) std::__timepunct<char>::_M_initialize_timepunct(__locale_struct*)
66 9
+1 2
+3 2
192 87
73 2
cfi=(170)
cfn=(616)
calls=1 221 
* 17
+56 1
-54 1
-2 1
+2 1
+52 1
-52 3
+52 1
-52 3
+54 1
-54 6
+52 1
-52 9
+52 1
+2 1
+63 5

fn=(702) std::__timepunct<wchar_t>::_M_initialize_timepunct(__locale_struct*)
222 8
+1 2
+3 2
396 87
229 2
cfi=(170)
cfn=(616)
calls=1 -8 
* 17
+56 1
-54 1
-2 1
+2 1
+52 1
-52 3
+52 1
-52 3
+54 1
-54 6
+52 1
-52 9
+52 1
+2 1
396 3

fl=(207)
fn=(1456)
734 4628
+2 2314
fi=(237)
396 3471
cob=(2)
cfi=(158)
cfn=(688)
calls=1157 0 
* 20183
fe=(207)
739 4628
cfi=(279)
cfn=(1392)
calls=1157 84 
* 245557
+3 4628

fl=(279)
fn=(1392)
84 148353
+6 49451
-6 494510
+6 98902
cfi=(250)
cfn=(1138) std::ostream::sentry::sentry(std::ostream&)
calls=49451 -40 
* 760257
+1 98902
+4 148353
fi=(206)
790 49451
fe=(279)
96 98902
fi=(206)
801 49451
fi=(207)
577 197804
+1 98902
-1 414
fe=(279)
121 593412
fi=(207)
578 138
cfi=(461)
cfn=(4302) std::uncaught_exception()
calls=138 138 
* 3726
* 276
fi=(201)
339 138
fi=(207)
515 138
+1 138
+69 276
fi=(200)
280 276
cfi=(199)
cfn=(4272)
calls=138 -87 
* 9246
fi=(207)
585 276
-66 690
fi=(201)
339 49451
fi=(200)
460 197804
cfi=(410)
cfn=(4520)
calls=41958 759 
* 3894018
cfi=(199)
cfn=(4280)
calls=2865 255 
* 184243
cfi=(252)
cfn=(1154)
calls=4628 84 
* 333143
fe=(279)
60 49451
+50 98902
-51 98902

fl=(167)
fn=(5164)
123 1
fi=(168)
-66 1
+59 1
+25 2
-25 1
+5 2
fe=(167)
+6 2
-4 1
+11 2
cfi=(250)
cfn=(3572)
calls=1 +91 
* 239
+1 2
cfi=(250)
cfn=(3572)
calls=1 +90 
* 371
+1 2
cfi=(250)
cfn=(3572)
calls=1 +89 
* 120
+3 2
cfi=(250)
cfn=(5168) std::basic_ostream<wchar_t, std::char_traits<wchar_t> >::flush()
calls=1 +86 
* 120
+1 2
cfi=(250)
cfn=(5168)
calls=1 +85 
* 371
+1 2
cfi=(250)
cfn=(5168)
calls=1 +84 
* 120
+6 2

fn=(600) std::ios_base::Init::Init()
78 10
fi=(168)
+63 1
-25 1
+25 2
-25 1
+5 2
fe=(167)
-41 3
fi=(200)
474 1
+1 1
-1 21
fe=(167)
83 1
fi=(200)
475 1
fe=(167)
83 1
+2 1
fi=(200)
475 1
fe=(167)
85 1
fi=(200)
475 2
cfi=(169)
cfn=(604)
calls=1 269 
* 33885
fi=(199)
83 1
fi=(200)
475 1
-1 1
fi=(199)
83 1
fi=(200)
475 1
fi=(199)
83 1
fe=(167)
+3 1
fi=(200)
475 1
fi=(199)
83 1
fe=(167)
+3 1
fi=(200)
474 1
fi=(199)
83 1
fi=(200)
474 1
+1 2
cfi=(169)
cfn=(604)
calls=1 269 
* 25
* 1
fi=(199)
83 1
fi=(200)
475 1
fe=(167)
87 1
fi=(200)
474 1
fi=(199)
83 1
fi=(200)
475 1
fe=(167)
87 1
fi=(200)
474 1
fi=(199)
83 1
fi=(200)
474 1
+1 2
cfi=(169)
cfn=(604)
calls=1 269 
* 25
fi=(201)
+3 1
fi=(199)
83 3
fi=(201)
478 2
cfi=(202)
cfn=(738)
calls=1 76 
* 56
-1 1
+1 1
fi=(207)
93 1
fi=(201)
477 1
fi=(207)
93 2
fi=(201)
477 1
+1 1
fi=(207)
93 3
cfi=(203)
cfn=(740)
calls=1 +38 
* 263
fi=(201)
478 3
cfi=(202)
cfn=(738)
calls=1 76 
* 56
-1 1
+1 1
fi=(208)
103 1
-1 1
fi=(201)
477 1
fi=(208)
103 1
fi=(201)
477 1
fi=(208)
102 5
fi=(201)
478 1
fi=(208)
103 2
cfi=(203)
cfn=(740)
calls=1 +28 
* 147
fi=(201)
478 3
cfi=(202)
cfn=(738)
calls=1 76 
* 56
-1 1
+1 1
fi=(207)
93 2
fi=(201)
477 1
fi=(207)
93 1
fi=(201)
477 1
+1 1
fi=(207)
93 3
cfi=(203)
cfn=(740)
calls=1 +38 
* 147
fi=(201)
478 4
cfi=(202)
cfn=(738)
calls=1 76 
* 56
-1 1
+1 1
fi=(207)
93 3
fi=(201)
477 2
+1 1
fi=(207)
93 3
cfi=(203)
cfn=(740)
calls=1 +38 
* 147
fi=(206)
+14 1
fi=(200)
475 1
-1 1
+1 1
fi=(201)
326 1
fe=(167)
102 1
fi=(201)
326 1
fi=(200)
474 1
fe=(167)
102 1
fi=(200)
475 1
-1 2
+1 2
cfi=(169)
cfn=(604)
calls=1 269 
* 25
fi=(199)
83 1
fi=(200)
475 1
fi=(199)
83 1
fi=(200)
474 1
+1 1
fi=(199)
83 2
fe=(167)
+20 1
fi=(200)
475 1
fi=(199)
83 1
fe=(167)
+20 1
fi=(200)
474 2
+1 2
cfi=(169)
cfn=(604)
calls=1 269 
* 25
* 1
fi=(199)
83 1
fi=(200)
474 1
fe=(167)
104 1
fi=(199)
-21 1
fi=(200)
475 2
fe=(167)
104 1
fi=(200)
474 1
fi=(199)
83 1
fi=(200)
474 1
+1 2
cfi=(169)
cfn=(604)
calls=1 269 
* 25
fi=(201)
+3 1
fi=(199)
83 3
fi=(201)
478 2
cfi=(202)
cfn=(738)
calls=1 76 
* 56
fi=(207)
93 1
fi=(201)
478 1
-1 2
fi=(207)
93 2
fi=(201)
477 1
+1 1
fi=(207)
93 3
cfi=(203)
cfn=(764)
calls=1 +38 
* 151
fi=(201)
478 3
cfi=(202)
cfn=(738)
calls=1 76 
* 56
fi=(208)
102 1
fi=(201)
478 1
-1 2
fi=(208)
103 2
-1 2
fi=(201)
477 1
fi=(208)
102 3
fi=(201)
478 1
fi=(208)
103 2
cfi=(203)
cfn=(764)
calls=1 +28 
* 151
fi=(201)
478 3
cfi=(202)
cfn=(738)
calls=1 76 
* 56
fi=(207)
93 1
fi=(201)
478 1
-1 2
fi=(207)
93 2
fi=(201)
477 1
+1 1
fi=(207)
93 3
cfi=(203)
cfn=(764)
calls=1 +38 
* 151
fi=(201)
478 4
cfi=(202)
cfn=(738)
calls=1 76 
* 56
fi=(207)
93 1
fi=(201)
478 1
-1 2
fi=(207)
93 2
fi=(201)
477 1
+1 1
fi=(207)
93 3
cfi=(203)
cfn=(764)
calls=1 +38 
* 151
fi=(168)
+58 1
fi=(201)
326 1
fi=(206)
107 1
fi=(201)
326 1
fi=(168)
151 2
-19 1
fe=(167)
-11 8

fl=(226) /usr/src/debug/gcc/gcc-build/x86_64-pc-linux-gnu/libstdc++-v3/src/c++98/../../../../../gcc/libstdc++-v3/src/c++98/parallel_settings.cc
fn=(830) _GLOBAL__sub_I_parallel_settings.cc
42 1
fi=(505) /usr/src/debug/gcc/gcc-build/x86_64-pc-linux-gnu/libstdc++-v3/include/parallel/settings.h
290 1
+12 1
-4 2
+5 1
-4 1
-9 1
+40 1
-28 1
+11 1
+17 1
+4 1
-21 1
+6 2
+9 1
+6 1
+4 1
-10 1
+8 2
-36 1
+3 1
+4 1
+4 1
+3 1
+3 1
+5 1
+4 1
+12 1
-29 1
+1 1
+6 1
+4 1
+20 2
fe=(226)
42 1

fl=(250)
fn=(1136)
67 870
+3 261
cfn=(1138)
calls=87 -20 
* 1305
+1 174
+6 348
fi=(201)
-25 174
390 174
+2 87
-53 87
fi=(179)
2413 348
fi=(254) /usr/src/debug/gcc/gcc-build/x86_64-pc-linux-gnu/libstdc++-v3/include/bits/streambuf_iterator.h
287 87
fi=(179)
2413 348
cfn=(1142)
calls=87 2553 
* 18260
fe=(250)
82 174
fi=(207)
577 348
+1 174
fe=(250)
96 870

fn=(1138)
50 95165
+5 95165
-3 95165
-2 95165
+2 95165
+3 190330
fi=(201)
312 95165
148 95165
fe=(250)
-93 190884
-5 277
+6 1108
cfn=(3573) std::ostream::flush()'2
calls=70 225 
* 8400
cfn=(3572)
calls=207 225 
* 24840
+2 1108
fi=(201)
+90 277
fe=(250)
-90 831
+1 277
+3 554
-4 189776
+1 189776

fn=(1139) std::ostream::sentry::sentry(std::ostream&)'2
50 277
+5 277
-3 277
-2 277
+2 277
+3 554
fi=(201)
312 277
148 277
fe=(250)
-93 554
+3 554
+1 554

fn=(1444) std::ostream& std::ostream::_M_insert<long>(long)
67 30
+3 9
cfn=(1138)
calls=3 -20 
* 45
+1 6
+6 12
fi=(201)
-25 6
390 6
+2 3
-53 3
fi=(179)
2408 12
fi=(254)
287 3
fi=(179)
2408 12
cfn=(1448)
calls=3 2549 
* 723
fe=(250)
82 6
fi=(207)
577 12
+1 6
fe=(250)
96 30

fn=(3572)
225 752
+8 376
-8 376
fi=(201)
339 376
fe=(250)
225 1128
+8 752
+2 1128
cfn=(1139)
calls=207 50 
* 3105
cfn=(1138)
calls=169 50 
* 11915
+1 752
+5 376
fi=(201)
+98 752
fi=(200)
-59 752
cfi=(199)
cfn=(4272)
calls=296 -87 
* 21974
cfn=(3574) std::basic_streambuf<char, std::char_traits<char> >::sync()
calls=80 641 
* 240
fe=(250)
-39 1128
fi=(207)
577 1504
+1 752
-1 210
+1 140
cfi=(461)
cfn=(4302)
calls=70 138 
* 1890
* 140
-63 140
fi=(201)
339 70
fi=(207)
515 70
+1 70
+69 140
fi=(200)
280 140
cfi=(199)
cfn=(4272)
calls=70 -87 
* 4690
fi=(207)
585 140
-66 490
fe=(250)
256 3244

fn=(3573)
225 140
+8 70
-8 70
fi=(201)
339 70
fe=(250)
225 210
+8 140
+2 210
cfn=(1139)
calls=70 50 
* 1050
+1 140
+5 70
fi=(201)
+98 140
fi=(200)
-59 140
cfi=(199)
cfn=(4272)
calls=70 -87 
* 4690
fe=(250)
-39 210
fi=(207)
577 280
+1 140
fe=(250)
256 630

fn=(5168)
225 6
+8 3
-8 3
fi=(201)
339 3
fe=(250)
225 9
+8 6
+2 9
cfn=(5170) std::basic_ostream<wchar_t, std::char_traits<wchar_t> >::sentry::sentry(std::basic_ostream<wchar_t, std::char_traits<wchar_t> >&)
calls=3 50 
* 179
+1 6
+5 3
fi=(201)
+98 6
fi=(200)
-59 6
cfi=(199)
cfn=(5172)
calls=3 -87 
* 201
fe=(250)
-39 9
fi=(207)
577 12
+1 6
-1 3
+1 2
cfi=(461)
cfn=(4302)
calls=1 138 
* 27
* 2
-63 2
fi=(201)
339 1
fi=(207)
515 1
+1 1
+69 2
fi=(200)
280 2
cfi=(199)
cfn=(5172)
calls=1 -87 
* 67
fi=(207)
585 2
-66 7
fe=(250)
256 25

fn=(5169) std::basic_ostream<wchar_t, std::char_traits<wchar_t> >::flush()'2
225 2
+8 1
-8 1
fi=(201)
339 1
fe=(250)
225 3
+8 2
+2 3
cfn=(5171) std::basic_ostream<wchar_t, std::char_traits<wchar_t> >::sentry::sentry(std::basic_ostream<wchar_t, std::char_traits<wchar_t> >&)'2
calls=1 50 
* 15
+1 2
+5 1
fi=(201)
+98 2
fi=(200)
-59 2
cfi=(199)
cfn=(5172)
calls=1 -87 
* 67
fe=(250)
-39 3
fi=(207)
577 4
+1 2
fe=(250)
256 9

fn=(5170)
50 3
+5 3
-3 3
-2 3
+2 3
+3 6
fi=(201)
312 3
148 3
fe=(250)
-93 8
-5 1
+6 4
cfn=(5169)
calls=1 225 
* 120
+2 4
fi=(201)
+90 1
fe=(250)
-90 3
+1 1
+3 2
-4 4
+1 4

fn=(5171)
50 1
+5 1
-3 1
-2 1
+2 1
+3 2
fi=(201)
312 1
148 1
fe=(250)
-93 2
+3 2
+1 2

fn=(1282)
67 333328
+3 208330
cfn=(1138)
calls=41666 -20 
* 624990
+1 83332
+6 166664
fi=(201)
-25 83332
390 83332
+2 41666
fi=(179)
2474 166664
fi=(201)
339 41666
fi=(254)
-52 41666
fi=(179)
2474 166664
cfi=(251)
cfn=(1286) std::num_put<char, std::ostreambuf_iterator<char, std::char_traits<char> > >::do_put(std::ostreambuf_iterator<char, std::char_traits<char> >, std::ios_base&, char, double) const
calls=41666 1182 
* 90787869
fe=(250)
82 83332
fi=(207)
577 166664
+1 83332
fe=(250)
96 416660

fn=(1442) std::ostream::operator<<(int)
114 2
+5 2
fi=(206)
695 2
87 4
fe=(250)
+33 8
+3 4
cfn=(1444)
calls=2 -56 
* 539

fn=(1250) std::ostream& std::ostream::_M_insert<bool>(bool)
67 8
+3 5
cfn=(1138)
calls=1 -20 
* 15
+1 2
+6 4
fi=(201)
-25 2
390 2
+2 1
fi=(179)
2366 4
fi=(201)
339 1
fi=(254)
-52 1
fi=(179)
2366 4
cfi=(251)
cfn=(1254) std::num_put<char, std::ostreambuf_iterator<char, std::char_traits<char> > >::do_put(std::ostreambuf_iterator<char, std::char_traits<char> >, std::ios_base&, char, bool) const
calls=1 1130 
* 292
fe=(250)
82 2
fi=(207)
577 4
+1 2
fe=(250)
96 10

fn=(3562)
157 22728
+9 18940
cfn=(1138)
calls=3788 50 
* 66066
+1 7576
+5 3788
fi=(201)
339 7576
fi=(200)
546 3788
436 7576
+2 3692
559 3692
fi=(207)
+18 14768
+1 7384
-1 384
+1 192
-1 207
fe=(250)
187 30304
fi=(207)
578 138
cfi=(461)
cfn=(4302)
calls=69 138 
* 1863
* 138
-63 138
fi=(201)
339 69
fi=(207)
515 69
+1 69
+69 138
fi=(200)
280 138
cfi=(199)
cfn=(4272)
calls=69 -87 
* 4623
fi=(207)
585 138
-66 414
fi=(200)
-76 96
fi=(237)
+12 96
fi=(200)
-12 96
cfi=(199)
cfn=(4312)
calls=86 174 
* 12655
cfi=(253) /usr/src/debug/gcc/gcc-build/x86_64-pc-linux-gnu/libstdc++-v3/include/bits/sstream.tcc
cfn=(1158) std::__cxx11::basic_stringbuf<char, std::char_traits<char>, std::allocator<char> >::overflow(int)
calls=10 83 
* 2850
fe=(250)
173 192

fl=(453)
fn=(4156)
365 12285
+17 1755
+49 3510
fi=(454) /usr/src/debug/gcc/gcc-build/x86_64-pc-linux-gnu/libstdc++-v3/libsupc++/../../../../gcc/libstdc++-v3/libsupc++/unwind-cxx.h
-85 14040
fe=(453)
+91 10530
314 414
442 828
738 8775
447 2682
cob=(5)
cfi=(445)
cfn=(4160)
calls=1341 -72 
* 4023
* 1341
+3 4023
+4 12069
cfn=(4162) parse_lsda_header(_Unwind_Context*, unsigned char const*, lsda_header_info*)
calls=1341 51 
* 90369
* 6705
fi=(455)
103 2682
+3 4968
fe=(453)
313 414
-1 414
+1 414
730 414
-34 2070
+32 1656
cob=(5)
cfi=(445)
cfn=(4198)
calls=414 275 
* 5796
-32 263
+32 1052
cob=(5)
cfi=(445)
cfn=(4198)
calls=263 275 
* 3682
+2 2708
cob=(5)
cfi=(445)
cfn=(4198)
calls=677 275 
* 9478
+2 2031
cob=(5)
cfi=(445)
cfn=(4200)
calls=677 369 
* 2031
* 677
+5 2708
513 10025
-62 1992
-86 1341
+90 2682
+2 2682
-2 1341
+2 1341
cob=(5)
cfi=(445)
cfn=(4166)
calls=1341 -97 
* 9387
+5 4023
+35 2682
+6 1341
fi=(455)
306 2682
103 4023
+3 150528
306 86016
cfn=(4170)
calls=21504 188 
* 995474
137 21504
-4 21504
306 21504
137 43008
+3 43008
+1 64512
+1 21504
-1 21504
+3 43008
fe=(453)
509 86016
659 1656
+6 2484
511 64512
-14 40326
fi=(455)
103 40326
306 129024
cfn=(4170)
calls=21504 188 
* 1015659
* 107520
cfn=(4170)
calls=21504 188 
* 842148
* 43008
106 21504
fe=(453)
514 940
+1 1880
+14 1242
+36 414
-49 414
+49 1242
+6 828
+53 414
fi=(455)
170 828
fe=(453)
624 414
fi=(455)
170 414
fe=(453)
624 414
fi=(455)
170 414
fe=(453)
625 414
fi=(455)
170 828
fe=(453)
625 414
fi=(455)
170 828
fe=(453)
625 828
-52 414
fi=(455)
159 414
-4 828
+7 828
+1 1242
+1 414
-1 414
+3 828
fe=(453)
573 138
fi=(455)
159 138
-4 276
+7 276
+1 414
+1 138
-1 138
+3 276
+3 1104
+1 2760
-11 1104
-4 1104
+7 552
+4 552
-3 1656
+1 552
-1 552
+3 1104
+3 2208
+1 621
fe=(453)
590 414
+5 138
+4 828
+38 138
-51 138
292 414
+2 414
-2 414
+1 414
+1 414
+1 414
+4 828
590 690
+5 690
fi=(455)
74 1242
+3 1656
fe=(453)
+19 414
-1 414
+1 414
fi=(455)
-19 828
fe=(453)
+19 1656
cfi=(455)
cfn=(4170)
calls=414 +92 
* 9798
+11 414
607 1242
227 138
+6 138
-6 138
+6 276
cfi=(456)
cfn=(4174)
calls=138 64 
* 414
* 414
+3 828
cfi=(457)
cfn=(4176) __cxxabiv1::__class_type_info::__do_catch(std::type_info const*, void**, unsigned int) const
calls=138 36 
* 30084
* 276
+2 828
653 828
+77 1052
593 276
+60 1315
529 1052
653 1932
fi=(454)
385 828
-2 828
fe=(453)
579 414
+47 1242

fn=(4162)
51 5364
+4 6705
cob=(5)
cfi=(445)
cfn=(4164)
calls=1341 381 
* 4023
* 4023
+3 2682
+1 2682
+3 1341
+3 2682
+1 1341
-1 1341
+1 2682
fi=(455)
+67 2484
+7 1656
+1 2484
+1 828
-1 828
+3 1656
-4 1518
+1 2277
+1 759
-1 759
+3 1518
fe=(453)
-70 1656
+7 1656
fi=(455)
+56 828
-4 828
fe=(453)
-52 828
fi=(455)
+56 1656
+3 1656
+1 2484
+1 828
-1 828
+3 1656
fe=(453)
-70 513
+7 1026
fi=(455)
+56 513
-4 513
fe=(453)
-52 513
fi=(455)
+56 1026
+3 1026
+1 1539
+1 513
-1 513
+3 1026
-4 1570
+1 2355
+1 785
-1 785
+3 1570
fe=(453)
-61 1341
+3 1341
-3 1341
+3 4023

fl=(200)
fn=(3574)
641 240

fl=(286) /usr/src/debug/gcc/gcc-build/x86_64-pc-linux-gnu/libstdc++-v3/src/c++11/../../../../../gcc/libstdc++-v3/src/c++11/system_error.cc
fn=(1540) std::_V2::system_category()
608 15

fn=(1602) std::_V2::generic_category()
611 3

fl=(174) /usr/src/debug/gcc/gcc-build/x86_64-pc-linux-gnu/libstdc++-v3/src/c++98/c++locale.cc
fn=(3684) void std::__convert_to_v<double>(char const*, double&, std::_Ios_Iostate&, __locale_struct* const&)
75 6690
+2 2007
cob=(2)
cfi=(426)
cfn=(3686)
calls=669 1781 
* 576087
+4 669
-4 669
+4 2676
+15 5352
-10 2007
+5 2007

fn=(626) std::locale::facet::_S_create_c_locale(__locale_struct*&, char const*, __locale_struct*)
134 3
+1 2
cob=(2)
cfi=(175)
cfn=(628)
calls=1 285 
* 67
* 1
+1 2
+6 2

fl=(442) /usr/src/debug/gcc/gcc-build/x86_64-pc-linux-gnu/libstdc++-v3/libsupc++/../../../../gcc/libstdc++-v3/libsupc++/eh_globals.cc
fn=(4112) __cxa_get_globals
62 4424
cob=(1)
cfi=(1)
cfn=(1852)
calls=1106 -62 
* 13272
* 3318

fn=(4248) __cxa_get_globals_fast
57 1656
cob=(1)
cfi=(1)
cfn=(1852)
calls=414 -57 
* 4968
* 1242

fl=(171)
fn=(614)
121 2
fi=(177)
437 1
fe=(171)
121 8
fi=(177)
437 3
fe=(171)
127 3
-5 1
cfi=(170)
cfn=(616)
calls=1 +99 
* 169
+1 1
-1 1
+1 3
+1 2
+1 2
+1 3
+3 1
-2 2
+2 8
+1 9
+1 6
-5 2

fl=(463)
fn=(4228)
49 1725
+1 690
+3 1035
+4 690
+1 345
+1 345
+1 345
fi=(506) /usr/src/debug/gcc/gcc-build/x86_64-pc-linux-gnu/libstdc++-v3/libsupc++/../../../../gcc/libstdc++-v3/libsupc++/tinfo.h
+88 345
fe=(463)
-88 345
fi=(506)
+88 345
-80 345
fe=(463)
+3 2070
+6 690
-1 690
+4 2760
cfi=(459)
cfn=(4232)
calls=276 -29 
* 64722
+2 1656
+23 2760
fi=(458)
+97 690
+8 552
105 1932
210 276
cob=(2)
cfi=(158)
cfn=(4180)
calls=276 0 
* 6417
* 2760
fe=(463)

fl=(197)
fn=(710)
92 2
+1 1
-1 4
+1 2
+3 2
+68 2
+5 2
-4 1
-1 1
+3 2
+1 1
+1 2
-70 1
+1 1
-1 1
+2 1
+2 1
+1 2
+3 2
-1 4
+1 3
-1 3
+1 105
-1 105
+4 2
-1 4
+1 3
-1 3
+1 75
-1 76

fn=(722)
183 8
+1 1
-1 2
+1 2
+3 2
+69 1
+3 1
-2 1
-1 1
+3 1
+1 1
+1 7
-71 2
+4 1
-3 1
+3 1
+6 2
-10 1
+10 1
-8 1
+6 3
+2 7
-1 2
+1 3
-1 2
+1 8
-2 1
+6 15
-1 2
+1 3
-1 2
+1 7
-1 2
+1 3
-1 2
+1 4
-2 1

fl=(198)
fn=(724)
741 2
+1 1
-1 6
+1 2
+3 2
914 7
748 1
+5 1
-1 1
-2 1
-2 1
+12 1
-7 1
+7 1
-5 1
+2 1
+3 1
-10 1
+1 1
+3 1
+2 1
+2 1
+1 1
+2 2
+5 2
-1 5
+1 7
-1 2
+1 3
-1 2
+1 6
-2 1

fn=(718)
216 2
+1 1
-1 4
+1 2
+3 2
+3 1
+12 1
-10 1
-1 1
+11 1
-11 1
+1 1
+10 1
-10 1
+3 1
+2 1
+2 1
-6 1
+1 1
+2 1
+2 1
+2 1
+1 1
+2 2
+3 35
366 4

fn=(716)
372 2
+1 1
-1 4
+1 2
+3 2
+3 1
+12 1
-10 1
-1 1
+11 1
-11 1
+1 1
+10 1
-10 1
+1 1
+1 1
+1 1
+1 1
+1 1
+1 1
+1 1
+1 1
+1 1
+2 2
+3 35
517 4

fn=(726)
558 2
+1 1
-1 6
+1 2
+3 2
731 7
565 1
+5 1
-1 1
-2 1
-2 1
+12 1
-7 1
+7 1
-5 1
+2 1
+3 1
-10 1
+1 1
+3 1
+2 1
+2 1
+1 1
+2 2
+5 2
-1 5
+1 7
-1 2
+1 3
-1 2
+1 6
-2 1

fl=(467)
fn=(4258)
29 828

fl=(182)
fn=(656)
372 2
+1 1
-1 4
+1 2
+3 2
+3 1
+12 1
-10 1
-1 1
+11 1
-11 1
+1 1
+10 1
-10 1
+1 1
+1 1
+1 1
+1 1
+1 1
+1 1
+1 1
+1 1
+1 1
+2 2
+3 35
517 4

fn=(696)
741 2
+1 1
-1 6
+1 2
+3 2
914 7
748 1
+5 1
-1 1
-2 1
-2 1
+12 1
-7 1
+7 1
-5 1
+2 1
+3 1
-10 1
+1 1
+3 1
+2 1
+2 1
+1 1
+2 2
+5 2
-1 5
+1 7
-1 2
+1 3
-1 2
+1 6
-2 1

fn=(698)
558 2
+1 1
-1 6
+1 2
+3 2
731 7
565 1
+5 1
-1 1
-2 1
-2 1
+12 1
-7 1
+7 1
-5 1
+2 1
+3 1
-10 1
+1 1
+3 1
+2 1
+2 1
+1 1
+2 2
+5 2
-1 5
+1 7
-1 2
+1 3
-1 2
+1 6
-2 1

fn=(658)
216 2
+1 1
-1 4
+1 2
+3 2
+3 1
+12 1
-10 1
-1 1
+11 1
-11 1
+1 1
+10 1
-10 1
+3 1
+2 1
+2 1
-6 1
+1 1
+2 1
+2 1
+2 1
+1 1
+2 2
+3 35
366 4

fl=(214) /usr/src/debug/gcc/gcc-build/x86_64-pc-linux-gnu/libstdc++-v3/src/../../../../gcc/libstdc++-v3/src/c++11/compatibility-thread-c++0x.cc
fn=(794) _GLOBAL__sub_I_compatibility_thread_c__0x.cc
128 2
-74 1
cfi=(215)
cfn=(796)
calls=1 +35 
* 3
* 2
+74 2

fl=(413)
fn=(3212)
709 332424
+4 55404
-4 221616
+3 55404
+1 166212
cfn=(3214) std::istream::sentry::sentry(std::istream&, bool)
calls=55404 51 
* 1606716
+1 110808
+5 55404
fi=(200)
367 110808
fi=(201)
-28 110808
fi=(200)
+28 110808
cfi=(410)
cfn=(3216)
calls=55404 673 
* 4935598
fe=(413)
719 55404
+1 110808
+14 498636
-3 3
fi=(206)
198 2
fi=(201)
-30 1
cfi=(203)
cfn=(3204)
calls=1 46 
* 9
* 1
fe=(413)

fn=(3214)
51 112148
+4 56074
-4 224296
+1 56074
+3 112148
fi=(201)
+93 56074
fe=(413)
-93 224296
fi=(201)
312 168222
fe=(413)
59 112148
fi=(201)
339 670
fi=(200)
498 670
350 1340
fe=(413)
67 669
fi=(237)
455 669
fi=(201)
52 1338
fi=(200)
511 1338
350 1338
fi=(237)
455 668
fi=(424) /usr/src/debug/gcc/gcc-build/x86_64-pc-linux-gnu/libstdc++-v3/include/x86_64-pc-linux-gnu/bits/ctype_inline.h
44 1336
fe=(413)
+25 1336
fi=(424)
-25 1340
fe=(413)
+25 1340
fi=(200)
498 669
+3 669
328 1338
fe=(413)
89 2007
fi=(201)
+59 669
fe=(413)
-59 1338
+7 2
fi=(206)
198 1
fe=(413)
96 1
fi=(201)
+72 1
cfi=(203)
cfn=(3204)
calls=1 46 
* 9
fe=(413)
61 169561
+35 56073
-6 56073
+6 224292
fi=(200)
353 3
cfi=(410)
cfn=(3224)
calls=1 -26 
* 114
fe=(413)
69 2
+20 3
fi=(201)
+58 5
fi=(200)
353 3
cfi=(410)
cfn=(3224)
calls=1 -26 
* 119
fe=(413)
67 4
fi=(201)
-15 2
fe=(413)
+17 3

fn=(3642) std::istream& std::istream::_M_extract<double>(double&)
101 1340
+3 670
-3 2680
+3 670
-3 2680
+3 1340
cfn=(3214)
calls=670 -53 
* 41777
+1 1340
+6 669
-4 669
+4 2007
fi=(201)
-59 1338
338 3345
fi=(179)
2116 6021
cfi=(251)
cfn=(3652) std::num_get<char, std::istreambuf_iterator<char, std::char_traits<char> > >::do_get(std::istreambuf_iterator<char, std::char_traits<char> >, std::istreambuf_iterator<char, std::char_traits<char> >, std::ios_base&, std::_Ios_Iostate&, double&) const
calls=669 709 
* 1271613
* 1338
fe=(413)
125 2007
+4 6030

fl=(293) /usr/src/debug/gcc/gcc-build/x86_64-pc-linux-gnu/libstdc++-v3/src/c++17/../../../../../gcc/libstdc++-v3/src/c++17/fs_ops.cc
fn=(1576) std::filesystem::status(std::filesystem::__cxx11::path const&, std::error_code&)
1516 12
+24 3
-24 9
+24 6
cob=(2)
cfi=(294)
cfn=(1578)
calls=3 28 
* 45
* 6
+2 1
cob=(2)
cfi=(255)
cfn=(1220)
calls=1 25 
* 4
* 1
+1 1
cfi=(286)
cfn=(1602)
calls=1 611 
* 3
+1 2
+3 4
fi=(507) /usr/src/debug/gcc/gcc-build/x86_64-pc-linux-gnu/libstdc++-v3/src/c++17/../../../../../gcc/libstdc++-v3/src/c++17/../filesystem/ops-common.h
337 2
-1 8
fi=(296) /usr/src/debug/gcc/gcc-build/x86_64-pc-linux-gnu/libstdc++-v3/include/bits/fs_fwd.h
174 6
fi=(297) /usr/src/debug/gcc/gcc-build/x86_64-pc-linux-gnu/libstdc++-v3/include/system_error
+85 2
cfi=(286)
cfn=(1540)
calls=2 608 
* 6
* 4
-5 2
fe=(293)
1556 4
fi=(297)
253 2
fe=(293)
1556 2
+1 6
fi=(297)
254 1
fe=(293)
1556 2
fi=(297)
253 1
fe=(293)
1556 1
+1 15
fi=(300) /usr/src/debug/gcc/gcc-build/x86_64-pc-linux-gnu/libstdc++-v3/include/bits/fs_dir.h
68 1
+14 2
fe=(293)

fl=(254)
fn=(3714) std::istreambuf_iterator<char, std::char_traits<char> >::equal(std::istreambuf_iterator<char, std::char_traits<char> > const&) const [clone .constprop.0]
201 1792
+8 2688
fi=(200)
350 2688
fe=(254)
201 896
+8 6272
-7 3584

fn=(3660) std::istreambuf_iterator<char, std::char_traits<char> >::equal(std::istreambuf_iterator<char, std::char_traits<char> > const&) const
201 2007
+8 9366
-7 3345
fi=(200)
350 2007
fe=(254)
210 1338

fn=(3662) std::istreambuf_iterator<char, std::char_traits<char> >::_M_get() const
206 1565
+2 1565
+1 7825
fi=(200)
498 1565
350 3130
fi=(237)
455 3130
fe=(254)

fl=(185)
fn=(728)
44 2
fi=(177)
437 3
fe=(185)
44 2
fi=(177)
437 1
fe=(185)
46 3
-1 1
cfi=(170)
cfn=(616)
calls=1 221 
* 17
* 1
+1 1
cfi=(170)
cfn=(612)
calls=1 233 
* 3
* 1
+1 3

fn=(664)
44 2
fi=(177)
437 3
fe=(185)
44 2
fi=(177)
437 1
fe=(185)
46 3
-1 1
cfi=(170)
cfn=(616)
calls=1 221 
* 17
* 1
+1 1
cfi=(170)
cfn=(612)
calls=1 233 
* 3
* 1
+1 3

fn=(704)
44 2
fi=(177)
437 3
fe=(185)
44 2
fi=(177)
437 1
fe=(185)
46 3
-1 1
cfi=(170)
cfn=(616)
calls=1 221 
* 17
* 1
+1 1
cfi=(170)
cfn=(612)
calls=1 233 
* 3
* 1
+1 3

fn=(720)
44 2
fi=(177)
437 3
fe=(185)
44 2
fi=(177)
437 1
fe=(185)
46 3
-1 1
cfi=(170)
cfn=(616)
calls=1 221 
* 17
* 1
+1 1
cfi=(170)
cfn=(612)
calls=1 233 
* 3
* 1
+1 3

fl=(385)
fn=(2936)
139 8
+7 4
-7 4
+9 8
-2 4
+1 4
+1 4
+1 16
+2 4
-2 4
+2 4
-89 12
+89 4
+1 4
+1 8
-4 8
+6 12
+6 4
-99 12
+99 4
-99 12
164 4

fl=(439)
fn=(4098) std::logic_error::logic_error(std::__cxx11::basic_string<char, std::char_traits<char>, std::allocator<char> > const&)
43 276
+1 138
-1 276
+1 552
cfn=(4100) std::__cow_string::__cow_string(std::__cxx11::basic_string<char, std::char_traits<char>, std::allocator<char> > const&)
calls=138 +30 
* 15860
* 414

fn=(4096)
52 414
+1 138
cfn=(4098)
calls=138 -10 
* 17516
* 690

fn=(4100)
74 138
+1 414
cfi=(440)
cfn=(4102)
calls=138 +70 
* 15308

fl=(253)
fn=(1164) std::__cxx11::basic_stringbuf<char, std::char_traits<char>, std::allocator<char> >::_M_pbump(char*, char*, long)
280 1169
fi=(200)
571 1169
fe=(253)
280 1169
fi=(200)
572 1169
fe=(253)
284 2338
fi=(200)
559 3507
fe=(253)
290 1169

fn=(1158)
83 5845
+4 4676
+4 2338
fi=(233)
238 1169
+18 3507
+23 2338
1303 20
fi=(200)
549 20
-6 20
+3 20
fe=(253)
97 80
fi=(200)
549 1149
-6 1149
+3 1149
fe=(253)
97 4596
+19 476
fi=(200)
559 1169
fe=(253)
110 3507
+39 5845
-48 5586
cfn=(1164)
calls=931 280 
* 9310
+1 1862
fi=(200)
491 931
fe=(253)
105 931
+1 931
-1 931
+1 931
-2 931
fi=(200)
525 931
+2 931
fe=(253)
104 931
+2 931
fi=(200)
526 931
+20 931
fi=(237)
-97 1862
fi=(233)
1303 2298
fi=(237)
468 238
fe=(253)
116 714
fi=(220) /usr/src/debug/gcc/gcc-build/x86_64-pc-linux-gnu/libstdc++-v3/include/bits/stl_algobase.h
261 238
fe=(253)
133 238
fi=(234)
+29 238
fi=(220)
+99 238
fi=(234)
-99 238
fi=(233)
+71 238
fi=(220)
+28 238
-24 476
fi=(246)
-73 476
fi=(234)
-2 238
cfi=(232)
cfn=(918)
calls=238 43 
* 14865
fi=(233)
265 238
fe=(253)
138 238
fi=(237)
355 238
fi=(234)
162 238
fi=(233)
+66 238
+37 238
fe=(253)
138 476
fi=(233)
426 714
fi=(246)
583 476
fi=(233)
445 476
fi=(237)
-13 714
cob=(2)
cfi=(158)
cfn=(908)
calls=238 0 
* 7014
* 714
-77 238
fi=(233)
238 238
+41 238
-46 238
+46 714
1751 714
fi=(237)
449 238
-94 238
fe=(253)
141 476
fi=(237)
355 238
fi=(233)
233 238
fe=(253)
-92 238
cfi=(246)
cfn=(1420) std::__cxx11::basic_string<char, std::char_traits<char>, std::allocator<char> >::swap(std::__cxx11::basic_string<char, std::char_traits<char>, std::allocator<char> >&)
calls=238 -77 
* 11996
+2 476
-1 476
+1 476
-1 238
cfn=(1426) std::__cxx11::basic_stringbuf<char, std::char_traits<char>, std::allocator<char> >::_M_sync(char*, unsigned long, unsigned long)
calls=238 249 
* 8092
fi=(233)
+96 238
+41 476
fi=(234)
-96 20
cfi=(235)
cfn=(930)
calls=20 48 
* 1612
* 40
fi=(233)
445 448
fe=(253)
138 218
fi=(200)
559 218
fe=(253)

fn=(1426)
249 238
fi=(233)
-11 238
fe=(253)
+11 238
fi=(233)
+7 238
1189 238
279 476
1303 238
fe=(253)
252 238
+2 238
+1 238
+2 476
+8 476
+1 238
+1 238
fi=(200)
525 238
fe=(253)
266 238
fi=(200)
527 238
fe=(253)
267 238
+2 714
cfn=(1164)
calls=238 +11 
* 2380

fl=(166) /usr/src/debug/gcc/gcc-build/x86_64-pc-linux-gnu/libstdc++-v3/src/c++98/../../../../../gcc/libstdc++-v3/src/c++98/globals_io.cc
fn=(598) _GLOBAL__sub_I.00090_globals_io.cc
118 2
-38 2
cfi=(167)
cfn=(600)
calls=1 -2 
* 36030
* 1
+38 1
-38 3
cob=(2)
cfi=(209)
cfn=(776)
calls=1 -13 
* 63

fl=(170)
fn=(3272)
78 673
+1 673
+2 673
-2 673
+2 1346
+2 673

fn=(746)
91 5566
+2 22264
fi=(177)
606 5566
fe=(170)

fn=(624)
208 1
+4 3
+4 3
cfi=(174)
cfn=(626)
calls=1 -82 
* 77

fn=(616)
221 84698
fi=(508) /usr/src/debug/gcc/gcc-build/x86_64-pc-linux-gnu/libstdc++-v3/include/x86_64-pc-linux-gnu/bits/gthr-default.h
746 127047
cob=(2)
cfi=(172)
cfn=(618)
calls=42349 136 
* 254246
fe=(170)
226 169396
+3 84698

fn=(640)
325 32
+1 64
-1 384
+3 32
cfn=(642)
calls=32 507 
* 480
+3 32
-3 32
+3 128
fi=(168)
57 32
+75 32
+19 64
-19 32
fe=(170)
369 64
+1 32
-1 32
+1 64
+36 64
+15 32
-15 32
+15 64
+2 32
-2 4672
+2 1536
+1 4608
+7 256

fn=(744)
120 6954
+1 17385
+4 6954
+2 6954
-4 10431

fn=(642)
507 94805
+1 284415
fi=(168)
57 48
fe=(170)
521 96
+22 288
+2 48
+1 48
-1 94757
+1 94757

fn=(730)
88 2
+1 1

fn=(612)
233 21

fl=(251)
fn=(4424) std::num_put<char, std::ostreambuf_iterator<char, std::char_traits<char> > >::_M_pad(char, long, std::ios_base&, char*, char const*, int&) const
804 1328
+6 664
-6 2656
+6 2656
cfn=(4426) std::__pad<char, std::char_traits<char> >::_S_pad(std::ios_base&, char, char*, char const*, long, long)
calls=664 1245 
* 45849
+2 1328
+1 1328

fn=(4426)
1245 1328
+4 664
-4 1992
+4 664
-4 1992
fi=(206)
87 1328
fe=(251)
1253 1328
+8 1328
-1 664
fi=(237)
438 1328
fe=(251)
1260 664
fi=(237)
444 3320
cob=(2)
cfi=(158)
cfn=(936)
calls=664 0 
* 11859
* 1328
-18 1328
fe=(251)
1289 664
+1 664
fi=(237)
432 1992
fe=(251)
1290 1992
fi=(237)
432 664
cob=(2)
cfi=(158)
cfn=(908)
calls=664 0 
* 8758
fe=(251)

fn=(3652)
709 13380
fi=(425)
312 2676
fe=(251)
714 1338
fi=(425)
312 669
fe=(251)
714 669
cfi=(425)
cfn=(3654) std::string::reserve(unsigned long) [clone .constprop.0]
calls=669 3668 
* 56196
+1 6021
cfn=(3656) std::num_get<char, std::istreambuf_iterator<char, std::char_traits<char> > >::_M_extract_float(std::istreambuf_iterator<char, std::char_traits<char> >, std::istreambuf_iterator<char, std::char_traits<char> >, std::ios_base&, std::_Ios_Iostate&, std::string&) const
calls=669 152 
* 512889
* 3345
+1 669
cfi=(170)
cfn=(616)
calls=669 221 
* 11373
* 4014
cfi=(174)
cfn=(3684)
calls=669 75 
* 598164
fi=(254)
209 7359
fe=(251)
717 1338
+2 669
fi=(425)
338 669
fe=(251)
719 2676
fi=(425)
338 669
fe=(251)
719 669
fi=(425)
269 669
fe=(251)
719 1338
fi=(425)
269 669
fe=(251)
720 7359
fi=(200)
350 2676
fi=(254)
209 2007
cfi=(168)
cfn=(3704) std::string::_Rep::_M_dispose(std::allocator<char> const&) [clone .part.0]
calls=669 57 
* 29436
* 2007
fe=(251)

fn=(1256)
875 52
fi=(206)
-22 4
fe=(251)
+22 16
+9 4
cfn=(1146) std::__use_cache<std::__numpunct_cache<char> >::operator()(std::locale const&) const [clone .isra.0]
calls=4 57 
* 100
fi=(206)
695 4
fe=(251)
884 4
+1 4
+5 20
fi=(206)
87 4
fe=(251)
890 4
+10 4
fi=(206)
87 4
fe=(251)
890 4
+6 4
fi=(206)
87 4
fe=(251)
896 4
+1 8
-1 4
+3 8
-1 6
+3 16
cfn=(1150) int std::__int_to_char<char, unsigned long>(char*, unsigned long, char const*, std::_Ios_Fmtflags, bool)
calls=2 -82 
* 52
* 16
cfn=(1150)
calls=2 -82 
* 78
+1 4
+3 8
-3 4
-1 4
+1 8
+3 8
+13 8
+3 8
+3 8
fi=(206)
790 4
fe=(251)
947 12
fi=(206)
801 4
+1 4
fi=(254)
329 8
fi=(200)
460 16
cfi=(199)
cfn=(4280)
calls=1 255 
* 145
cfi=(252)
cfn=(1154)
calls=3 84 
* 216
fi=(254)
331 20
fe=(251)
959 44
-45 8

fn=(1150)
819 273
+4 182
+5 1183
+3 91
-2 91
-1 182
+3 91
-3 184
+3 23
-2 23
-1 46
+3 23
+25 182
+1 91

fn=(1288) std::ostreambuf_iterator<char, std::char_traits<char> > std::num_put<char, std::ostreambuf_iterator<char, std::char_traits<char> > >::_M_insert_float<double>(std::ostreambuf_iterator<char, std::char_traits<char> >, std::ios_base&, char, char, double) const
999 666656
fi=(206)
853 124998
fe=(251)
1006 41666
cfn=(1146)
calls=41666 57 
* 1041650
fi=(206)
766 41666
fe=(251)
1018 83332
-12 41666
+3 41666
+9 41666
-9 83332
+9 41666
cfi=(258) /usr/src/debug/gcc/gcc-build/x86_64-pc-linux-gnu/libstdc++-v3/src/c++98/../../../../../gcc/libstdc++-v3/src/c++98/locale_facets.cc
cfn=(1292) std::__num_base::_S_format_float(std::ios_base const&, char*, char)
calls=41666 64 
* 1374978
fi=(206)
87 41666
fe=(251)
1028 41666
fi=(206)
87 41666
fe=(251)
1028 333328
+1 83332
+1 41666
cfi=(170)
cfn=(616)
calls=41666 221 
* 708322
* 458326
cfi=(259)
cfn=(1296)
calls=41666 78 
* 75857315
* 41666
+7 83332
fi=(205)
119 83332
cfi=(170)
cfn=(642)
calls=41666 507 
* 249996
* 41666
+1 41666
+8 83332
228 83332
fe=(251)
1071 583324
+2 41666
-2 83332
+2 41666
fi=(179)
911 41666
fe=(251)
1071 41666
fi=(179)
911 83332
fi=(237)
402 41666
+6 208330
cob=(2)
cfi=(158)
cfn=(1002)
calls=41666 0 
* 791654
fe=(251)
1078 124998
fi=(237)
408 41666
fe=(251)
1078 41666
+3 41374
-1 82748
+1 41374
+6 82748
fi=(206)
790 41666
fe=(251)
1114 124998
fi=(206)
801 83332
+1 41666
fi=(254)
329 83332
fi=(200)
460 208330
cfi=(410)
cfn=(4520)
calls=40200 759 
* 3618833
cfi=(199)
cfn=(4280)
calls=692 255 
* 97124
cfi=(252)
cfn=(1154)
calls=774 84 
* 100631
fi=(254)
331 208330
fe=(251)
1126 458326
-10 7968
+2 1992
-2 664
+2 4648
cfn=(4424)
calls=664 804 
* 55809
fi=(179)
126 1992
fe=(251)
1119 1328
-32 584
fi=(179)
913 124998
+1 249996
cob=(2)
cfi=(158)
cfn=(908)
calls=41666 0 
* 539573
fi=(237)
402 124998
fe=(251)
1071 83332
+45 1328

fn=(1144)
875 1131
fi=(206)
-22 87
fe=(251)
+22 348
+9 87
cfn=(1146)
calls=87 57 
* 2175
fi=(206)
695 87
fe=(251)
884 87
+1 87
+5 522
fi=(206)
87 87
fe=(251)
890 87
+11 174
fi=(206)
87 87
fe=(251)
890 87
+6 87
fi=(206)
87 87
fe=(251)
901 87
-5 87
+1 87
+4 87
-4 87
-1 87
+5 348
cfn=(1150)
calls=87 -82 
* 2535
+4 87
-3 87
+3 87
-3 87
-1 87
+1 174
+3 174
+13 174
fi=(206)
790 87
fe=(251)
947 261
fi=(206)
801 87
+1 87
fi=(254)
329 174
fi=(200)
460 348
cfi=(199)
cfn=(4280)
calls=2 255 
* 287
cfi=(252)
cfn=(1154)
calls=85 84 
* 5607
fi=(254)
331 435
fe=(251)
959 957

fn=(1286)
1182 41666
+2 124998
cfn=(1288)
calls=41666 999 
* 90621205

fn=(3656)
152 1338
fi=(206)
853 669
fe=(251)
152 12711
+8 669
cfn=(1146)
calls=669 57 
* 16725
fi=(254)
+78 2676
fe=(251)
-78 669
fi=(254)
+78 2007
cfn=(3660)
calls=669 -37 
* 18063
fe=(251)
-70 1338
371 669
fi=(425)
-33 669
fe=(251)
+33 2007
fi=(425)
269 1338
fe=(251)
372 8697
fi=(254)
238 669
-84 669
+84 1338
-84 669
cfn=(3662)
calls=669 +52 
* 8028
fe=(251)
+17 669
fi=(254)
-17 1338
fi=(237)
449 669
fe=(251)
173 669
fi=(254)
-19 669
fe=(251)
+19 669
-1 3345
+17 4014
+1 2388
+2 1338
+2 1050
fi=(200)
511 1050
fi=(254)
246 3675
cfn=(3714)
calls=525 -45 
* 10500
fe=(251)
-45 1050
fi=(254)
+45 1050
-92 1050
cfn=(3662)
calls=525 +52 
* 6300
* 1050
fe=(251)
+35 525
fi=(237)
449 525
fe=(251)
189 2100
fi=(425)
1276 1050
fe=(251)
199 525
fi=(425)
1276 525
cfn=(3678) std::string::push_back(char)
calls=525 1437 
* 16275
fi=(200)
498 525
328 1050
fe=(251)
173 742
fi=(425)
1276 1113
cfn=(3678)
calls=371 1437 
* 11501
fi=(200)
498 371
328 742
511 742
fi=(254)
246 1484
cfn=(3714)
calls=371 -45 
* 7420
fe=(251)
-69 742
fi=(254)
+69 742
-92 371
+92 371
-92 371
cfn=(3662)
calls=371 +52 
* 4452
* 742
fi=(237)
449 371
fe=(251)
189 1113
-13 371
-2 742
fi=(425)
330 1338
fe=(251)
+29 1338
173 2007
fi=(168)
57 5406
fi=(425)
221 10812
1440 21624
fi=(237)
355 5406
fi=(425)
-25 5406
+8 5406
-99 10812
fe=(251)
-13 5406
fi=(200)
498 5406
+3 5406
328 10812
498 669
+3 669
328 1338
511 12150
350 12150
fi=(254)
209 42525
fe=(251)
+52 12150
fi=(254)
-52 12150
fi=(200)
498 6075
350 12150
fi=(237)
455 6075
fe=(251)
173 6075
fi=(179)
2178 20232
fi=(425)
330 5406
961 5406
1439 5406
+1 10812
fe=(251)
228 2676
+6 1338
+1 1338
fi=(425)
-2 5406
+10 5406
fi=(237)
355 10812
fe=(251)
229 2007
+3 669
fi=(425)
1276 2007
cfn=(3678)
calls=669 1437 
* 20739
+1 1338
312 6021
fe=(251)
-98 1338
+4 2007

fn=(1146)
57 127278
+2 42426
-2 84852
+2 42426
cfi=(170)
cfn=(642)
calls=42426 507 
* 254556
* 42426
+1 42426
+1 212130
+16 212130

fn=(1254)
1130 12
fi=(206)
695 3
fe=(251)
1134 2
+3 3
cfn=(1256)
calls=1 875 
* 255
* 2
+40 1
-5 1
+6 13

fl=(399)
fn=(3050)
31 4
+1 4
cfi=(232)
cfn=(918)
calls=4 +11 
* 794

fl=(486)
fn=(5162)
660 1
fi=(509) /usr/src/debug/gcc/gcc-build/x86_64-pc-linux-gnu/libstdc++-v3/include/bits/atomic_base.h
1156 1
fe=(486)
426 2
+1 3

fl=(247)
fn=(1034)
32 44253
+1 44253
cfi=(235)
cfn=(930)
calls=44253 +15 
* 4418964

fl=(249)
fn=(1124)
1173 6482
fi=(201)
478 926
fe=(249)
1173 9260
fi=(201)
478 1852
cfi=(202)
cfn=(738)
calls=926 76 
* 51856
-1 926
+1 926
fi=(208)
713 926
fi=(201)
477 926
fi=(208)
714 1852
-1 1852
fi=(201)
477 926
fi=(208)
713 1852
fi=(201)
478 926
fi=(208)
714 1852
cfi=(203)
cfn=(740)
calls=926 131 
* 136122
fi=(207)
441 6482
cfi=(203)
cfn=(740)
calls=926 131 
* 136122
fe=(249)
1174 2778
fi=(200)
475 926
fe=(249)
1174 4630
fi=(200)
475 1852
cfi=(169)
cfn=(604)
calls=926 269 
* 23150
fi=(237)
355 926
fe=(249)
142 1852
1175 1852
142 926
fi=(233)
+91 926
fe=(249)
-91 926
fi=(233)
245 1852
fe=(249)
1175 926
cfi=(203)
cfn=(740)
calls=926 131 
* 136122
* 5556

fn=(1178) std::__cxx11::basic_stringbuf<char, std::char_traits<char>, std::allocator<char> >::str() const &
288 5026
fi=(233)
-43 718
fi=(237)
355 718
fi=(200)
546 718
fi=(233)
204 718
+29 718
fe=(249)
501 2154
+6 718
fi=(200)
+36 718
fe=(249)
-36 2154
fi=(233)
-81 718
fe=(249)
+81 718
fi=(233)
1913 718
426 1436
fi=(246)
583 1436
fi=(233)
445 1426
fi=(246)
604 1426
fi=(237)
355 718
fi=(233)
233 718
fe=(249)
+63 3590
fi=(233)
454 1426
fi=(237)
-22 7138
-77 78
fe=(249)
-59 5
fi=(246)
154 10
394 10
fi=(234)
162 5
cfi=(232)
cfn=(918)
calls=5 43 
* 210
fi=(246)
399 10
fi=(234)
162 5
fi=(246)
399 10
fi=(237)
+33 15
cob=(2)
cfi=(158)
cfn=(908)
calls=5 0 
* 55
* 5
fi=(233)
265 10
-37 5
+36 5
fi=(246)
156 5
+8 10
fi=(237)
432 4056
fe=(249)

fn=(3582)
288 1040
fi=(233)
-43 208
fe=(249)
+43 624
fi=(237)
+67 208
fi=(200)
546 208
fi=(233)
204 208
+29 208
fe=(249)
501 624
+6 208
fi=(200)
+36 208
fe=(249)
-36 624
fi=(233)
-81 208
fe=(249)
+81 208
fi=(233)
1913 208
426 416
fi=(246)
583 416
fi=(237)
355 208
fe=(249)
-59 208
fi=(233)
-63 208
fe=(249)
+63 1248
fi=(246)
611 832
cfn=(1484) std::__cxx11::basic_string<char, std::char_traits<char>, std::allocator<char> >::_M_mutate(unsigned long, unsigned long, char const*, unsigned long)
calls=208 388 
* 30348
fi=(233)
238 624
fe=(249)

fn=(1190)
1215 926
+1 926
-1 1852
+1 4630
fi=(233)
256 926
fe=(249)
1216 926
fi=(233)
238 926
+41 1852
fi=(234)
-96 213
cfi=(235)
cfn=(930)
calls=213 48 
* 7455
fi=(200)
+24 4630
cfi=(170)
cfn=(746)
calls=926 91 
* 5556
fi=(207)
101 926
fi=(208)
+11 926
fi=(201)
297 926
fi=(207)
101 926
fi=(208)
+11 1852
fi=(201)
297 2778
fe=(249)
1216 926
fi=(201)
297 926
cfi=(202)
cfn=(1196)
calls=926 87 
* 39818
fe=(249)

fl=(168)
fn=(3704)
57 669
+84 1338
-25 669
+4 1338
fi=(425)
282 1338
fi=(234)
-99 669
cfi=(235)
cfn=(930)
calls=669 48 
* 23415
fe=(168)

fl=(425)
fn=(3654)
3668 4683
1060 1338
3677 1338
+86 1338
961 669
330 669
3763 1338
+6 669
fi=(234)
162 669
cfi=(232)
cfn=(918)
calls=669 43 
* 28098
fe=(425)
3786 669
fi=(234)
162 669
fe=(425)
+90 669
-19 669
3807 1338
239 1338
+99 669
-69 1338
+65 669
3690 4683
3810 669
243 669
fi=(237)
355 1338
fe=(425)

fn=(3678)
1437 9390
330 1565
961 1565
1439 1565
+1 3130
fi=(168)
57 1565
fe=(425)
221 3130
1440 6260
fi=(237)
355 1565
fe=(425)
-25 1565
+8 1565
-99 3130
-6 1565
+10 1565
fi=(237)
355 1565
fe=(425)
1444 7825

fl=(205)
fn=(3294)
288 6
fi=(233)
-43 3
fi=(510) /usr/src/debug/gcc/gcc-build/x86_64-pc-linux-gnu/libstdc++-v3/include/bits/stl_iterator_base_funcs.h
108 3
fe=(205)
288 15
fi=(510)
108 3
fe=(205)
288 21
fi=(233)
-43 3
-37 3
-4 3
fi=(237)
355 3
fi=(233)
233 3
-29 6
878 3
fi=(246)
233 6
fi=(233)
454 6
fe=(205)
297 6
+2 3
-2 3
+34 3
cob=(2)
cfi=(255)
cfn=(1220)
calls=3 25 
* 12
* 66
fi=(237)
+24 6
fi=(233)
233 3
fi=(237)
355 3
fi=(233)
237 3
fe=(205)
+95 9
fi=(246)
483 6
+1 3
fi=(233)
-30 6
fi=(237)
-99 3
+41 3
fi=(233)
233 3
fi=(237)
396 3
cob=(2)
cfi=(158)
cfn=(688)
calls=3 0 
* 42
fe=(205)
-32 3
+1 6
-25 15
cfi=(416) /usr/src/debug/gcc/gcc-build/x86_64-pc-linux-gnu/libstdc++-v3/src/c++98/collate_members.cc
cfn=(3300) std::__cxx11::collate<char>::_M_transform(char*, char const*, unsigned long) const
calls=3 53 
* 327
* 3
+3 6
fi=(233)
+83 12
238 3
+41 6
fi=(246)
479 3
+2 6
fi=(233)
1189 6
1303 6
fi=(237)
355 6
fi=(233)
238 6
fe=(205)
+74 12
+1 12
+1 6
fi=(233)
-76 3
+41 6
fe=(205)
+94 36

fl=(224) /usr/src/debug/gcc/gcc-build/x86_64-pc-linux-gnu/libstdc++-v3/src/c++98/../../../../../gcc/libstdc++-v3/src/c++98/bitmap_allocator.cc
fn=(826) _GLOBAL__sub_I_bitmap_allocator.cc
127 1
fi=(225) /usr/src/debug/gcc/gcc-build/x86_64-pc-linux-gnu/libstdc++-v3/include/ext/bitmap_allocator.h
1113 5
106 4
1126 3
+5 4
fi=(511) /usr/src/debug/gcc/gcc-build/x86_64-pc-linux-gnu/libstdc++-v3/include/ext/concurrence.h
134 6
fi=(225)
1113 4
106 4
1126 3
+5 4
fi=(511)
134 6
fe=(224)
-7 1
fi=(225)
1126 1
412 2
+9 1
-9 2
1126 1
412 2
+9 1
-9 2
fe=(224)

fl=(441)
fn=(4114) __cxa_init_primary_exception
60 1242
+3 414
+1 414
+1 414
+3 414
cfi=(443) /usr/src/debug/gcc/gcc-build/x86_64-pc-linux-gnu/libstdc++-v3/libsupc++/../../../../gcc/libstdc++-v3/libsupc++/eh_terminate.cc
cfn=(4116) std::get_unexpected()
calls=414 +56 
* 1656
* 414
+2 414
cfi=(443)
cfn=(4118) std::get_terminate()
calls=414 +24 
* 1656
* 414
+1 828
+1 828
fi=(454)
221 414
fe=(441)
75 828

fn=(4110)
80 2898
+1 414
+2 414
cfi=(442)
cfn=(4112)
calls=414 -21 
* 7866
+4 1242
-3 414
+3 414
cfn=(4114)
calls=414 -27 
* 10350
+6 414
-5 414
+5 828
cob=(5)
cfi=(444)
cfn=(4120)
calls=414 -6 
* 7303771

fn=(4252)
34 828
+9 828
fi=(465) /usr/src/debug/gcc/gcc-build/x86_64-pc-linux-gnu/libstdc++-v3/libsupc++/../../../../gcc/libstdc++-v3/libsupc++/eh_atomics.h
+26 414
fe=(441)
-23 414
+2 414
+1 414
-1 828
+1 828
cfi=(462)
cfn=(4262) std::domain_error::~domain_error()
calls=138 +1 
* 8970
cfi=(466)
cfn=(4256)
calls=276 -21 
* 1932
* 414
+4 414
-2 414
cfi=(216)
cfn=(4260) __cxa_free_exception
calls=414 416 
* 16974

fl=(462)
fn=(4224)
45 414

fn=(4264) std::logic_error::~logic_error()
41 690
fi=(425)
330 138
+8 138
-69 276
fi=(168)
57 138
+84 276
-25 138
+5 276
fi=(425)
282 276
fe=(462)
41 276
fi=(234)
183 138
cfi=(235)
cfn=(930)
calls=138 48 
* 4830
fe=(462)
41 414
cfi=(467)
cfn=(4258)
calls=138 -12 
* 276

fn=(4262)
50 690
cfn=(4264)
calls=138 -9 
* 8280

fl=(443)
fn=(4118)
94 414
+3 828
+6 414

fn=(4116)
124 414
+3 828
+6 414

fl=(216)
fn=(798) _GLOBAL__sub_I_eh_alloc.cc
456 2
fi=(511)
134 1
fe=(216)
+61 1
456 6
fi=(511)
134 4
fe=(216)
+53 1
+8 2
cob=(2)
cfi=(217)
cfn=(800)
calls=1 28 
* 817
fi=(219) /usr/src/debug/gcc/gcc-build/x86_64-pc-linux-gnu/libstdc++-v3/include/bits/stl_pair.h
467 1
fe=(216)
202 1
+1 2
fi=(220)
+34 2
fe=(216)
-47 1
fi=(220)
+47 2
fe=(216)
-9 1
-38 2
-52 2
+95 1
-1 1
+1 2
456 6
235 2
cob=(2)
cfi=(152)
cfn=(812)
calls=1 3101 
* 356
* 1
+1 2
+12 1
-3 1
+2 1
+1 1
456 1

fn=(4088)
395 1656
+1 414
+2 414
-3 414
+3 414
cob=(2)
cfi=(152)
cfn=(812)
calls=414 3101 
* 12420
+3 828
fi=(438)
59 414
fe=(216)
410 414
fi=(438)
59 1656
fe=(216)
410 414
+1 1242

fn=(4260)
416 414
-46 828
+47 414
-47 1242
+53 414
cob=(2)
cfi=(152)
cfn=(632)
calls=414 3137 
* 13662

fl=(457)
fn=(4176)
36 138
+1 276
fi=(458)
202 414
+8 276
fe=(457)
36 276
fi=(458)
+69 690
210 552
cob=(2)
cfi=(158)
cfn=(4180)
calls=138 0 
* 2760
* 828
fe=(457)
39 276
+3 552
+1 138
-1 138
cfn=(4182) __cxxabiv1::__class_type_info::__do_upcast(__cxxabiv1::__class_type_info const*, void**) const
calls=138 +6 
* 22770

fn=(4182)
48 414
+1 138
-1 552
+1 138
+2 138
fi=(506)
+82 138
fe=(457)
-82 138
fi=(506)
+82 138
fe=(457)
-82 690
cfi=(459)
cfn=(4184)
calls=138 +26 
* 18492
+1 552
+2 276
+1 138
+1 828

fn=(4236)
78 828
+1 552
+15 276
fi=(458)
202 552
fe=(457)
83 552
+11 828

fn=(4186)
99 1656
fi=(458)
202 828
+8 552
105 1656
210 276
cob=(2)
cfi=(158)
cfn=(4180)
calls=276 0 
* 5520
* 1104
fe=(457)
107 276
+1 552
-6 138
+3 138
-2 138
+1 138
+4 276

fl=(461)
fn=(4246)
95 828
+1 414
cfi=(442)
cfn=(4248)
calls=414 -39 
* 7866
+1 414
+4 1242
fi=(454)
346 828
fe=(461)
106 828
+7 414
+1 828
+7 828
+3 414
+1 414
-1 414
+9 414
-8 414
cob=(5)
cfi=(444)
cfn=(4250)
calls=414 282 
* 36984

fn=(4302)
138 556
+2 278
cfi=(442)
cfn=(4112)
calls=278 -78 
* 5282
+1 834
+4 556

fn=(4218)
41 1242
+3 414
cfi=(442)
cfn=(4112)
calls=414 +18 
* 7866
fi=(454)
214 414
346 828
fe=(461)
44 414
+1 414
+8 828
+13 414
+4 2070
+3 414
+1 414
+2 828
+2 414
+1 414
fi=(454)
376 414
fe=(461)
84 414
+6 828

fl=(421)
fn=(3524)
34 4
+1 4
cfi=(235)
cfn=(930)
calls=4 +13 
* 355

fl=(204)
fn=(742)
39 8421
+2 2807
-2 8421
+4 2807
-2 2807
+3 5614
cfi=(169)
cfn=(604)
calls=2807 269 
* 70175
* 8421
cfi=(170)
cfn=(744)
calls=2807 +76 
* 39298
* 5614
cfi=(170)
cfn=(746)
calls=2807 +47 
* 16842
+1 16842

fl=(246)
fn=(3318)
513 3779
fi=(233)
-87 3779
fe=(246)
+87 15116
fi=(233)
-87 3779
fe=(246)
+87 3779
fi=(233)
1189 3779
426 15116
238 11337
+18 3779
+23 7558
fe=(246)
520 11337
+2 7558
+4 3779
+1 7558
+6 7558
+1 3779
fi=(233)
-60 7558
fi=(237)
355 3779
fe=(246)
538 3779
fi=(233)
233 3779
fe=(246)
538 15116
fi=(237)
355 3779
fi=(233)
238 7558
1303 7558
fe=(246)

fn=(1484)
388 18600
+6 9300
-6 18600
+6 9300
-6 55800
fi=(233)
1189 9300
fe=(246)
388 27900
+6 18600
fi=(233)
256 18600
+23 18600
1303 18600
fe=(246)
395 18600
-3 9300
+3 18600
cfn=(1266)
calls=9300 143 
* 539887
+2 18600
-2 9300
+2 9300
fi=(233)
238 9086
454 27258
fi=(237)
-22 27258
cob=(2)
cfi=(158)
cfn=(908)
calls=9086 0 
* 136290
* 9086
fe=(246)
-33 37200
+1 9300
fi=(233)
+54 18600
fi=(237)
-22 27900
cob=(2)
cfi=(158)
cfn=(908)
calls=9300 0 
* 127190
fe=(246)
-31 18600
fi=(233)
238 9300
+41 18600
-14 9300
-37 9300
+37 9300
fe=(246)
408 102300
fi=(233)
1303 18600
fe=(246)

fn=(1092) std::__cxx11::basic_string<char, std::char_traits<char>, std::allocator<char> >::_M_assign(std::__cxx11::basic_string<char, std::char_traits<char>, std::allocator<char> > const&)
340 315
+3 126
fi=(233)
238 63
+18 189
1187 126
+2 63
279 126
fe=(246)
+69 126
+9 118
fi=(237)
-2 63
fi=(233)
233 189
fe=(246)
362 319
-11 12
-1 4
+1 4
cfn=(1266)
calls=4 143 
* 353
fi=(233)
238 4
+41 12
-14 4
-37 4
+37 4
-27 4
fi=(237)
432 12
cob=(2)
cfi=(158)
cfn=(908)
calls=4 0 
* 47
* 174
cob=(2)
cfi=(158)
cfn=(908)
calls=58 0 
* 870
fi=(233)
238 62
fi=(237)
432 62
fi=(233)
1303 126
238 58
454 116
fe=(246)

fn=(1480)
574 57652
fi=(233)
426 57652
fe=(246)
574 172956
fi=(233)
426 57652
fe=(246)
574 57652
fi=(233)
1189 57652
426 172956
238 57652
+18 57652
+23 115304
fe=(246)
581 172956
+2 115304
+2 57646
+2 172938
fi=(233)
445 115292
fe=(246)
602 115292
+2 115292
fi=(233)
454 115260
fi=(237)
-22 153648
cob=(2)
cfi=(158)
cfn=(908)
calls=38412 0 
* 691416
-77 115304
fe=(246)
615 57652
fi=(233)
233 57652
fe=(246)
615 230608
-4 12
cfn=(1484)
calls=6 388 
* 5319
* 6
fi=(233)
1303 115304
fi=(237)
355 57654
fe=(246)

fn=(1020) std::__cxx11::basic_string<char, std::char_traits<char>, std::allocator<char> >::_M_erase(unsigned long, unsigned long)
413 108
fi=(233)
1189 108
fe=(246)
413 432
+5 540
fi=(237)
-63 108
fe=(246)
+66 108
fi=(237)
-66 108
fi=(233)
233 216
fe=(246)

fn=(3494)
476 65944
fi=(233)
1189 16486
238 16486
+18 16486
+23 32972
fe=(246)
479 16486
+2 32972
+2 14800
+1 7400
fi=(233)
-30 21792
fi=(237)
-22 20976
cob=(2)
cfi=(158)
cfn=(908)
calls=6992 0 
* 116397
fi=(233)
238 6992
fi=(237)
432 6992
fi=(233)
238 6992
fi=(237)
355 6992
fe=(246)
491 6992
fi=(233)
233 6992
fe=(246)
491 13984
fi=(237)
355 9494
fe=(246)
491 9494
fi=(233)
233 9494
fe=(246)
491 18988
-4 54516
cfn=(1484)
calls=9086 -99 
* 1435588
fi=(233)
238 36344
1303 32972
fi=(237)
355 816
fi=(233)
238 816
fe=(246)

fn=(1054) void std::__cxx11::basic_string<char, std::char_traits<char>, std::allocator<char> >::_M_construct<char const*>(char const*, char const*, std::forward_iterator_tag)
227 646
fi=(510)
108 323
fe=(246)
227 323
fi=(510)
108 323
fe=(246)
227 1292
+4 323
+2 646
fi=(233)
+5 278
454 556
fi=(237)
-99 323
fi=(233)
233 323
fe=(246)
+25 1938
fi=(237)
426 879
fe=(246)
235 180
cfn=(1266)
calls=45 -92 
* 5223
* 90
fi=(233)
-7 45
fe=(246)
+7 45
fi=(233)
+30 90
fi=(237)
432 135
cob=(2)
cfi=(158)
cfn=(908)
calls=45 0 
* 496
* 834
cob=(2)
cfi=(158)
cfn=(908)
calls=278 0 
* 4394
fe=(246)
257 323
fi=(233)
-19 323
fi=(237)
432 323
fe=(246)

fn=(3312)
367 11328
fi=(233)
256 3776
fe=(246)
367 3776
fi=(233)
-88 7552
fe=(246)
+96 7552
+8 11328
fi=(233)
1303 7552
fe=(246)

fn=(1042) std::__cxx11::basic_string<char, std::char_traits<char>, std::allocator<char> >::_M_construct(unsigned long, char)
263 12
+3 4
fi=(233)
-28 4
fe=(246)
+36 4
fi=(233)
474 4
fi=(237)
355 2
fe=(246)
-78 2
fi=(233)
-39 2
fi=(237)
355 2
fi=(233)
233 2
fe=(246)
+45 6

fn=(1420)
64 1666
+3 476
fi=(233)
238 238
+18 238
-18 238
+18 238
+23 476
fe=(246)
116 20
fi=(233)
279 40
-51 20
fe=(246)
-98 20
fi=(233)
+98 20
+37 80
1189 20
233 40
fe=(246)
-95 60
fi=(233)
1189 218
233 436
fe=(246)
-95 1130
fi=(233)
281 218
-2 436
fe=(246)
108 218
-2 218
fi=(237)
432 4142
fi=(233)
228 436
+37 654
fe=(246)

fn=(1266)
143 9429
+5 37716
+16 9429
-10 47145
+4 18174
fi=(234)
+4 342
cfi=(232)
cfn=(918)
calls=342 43 
* 18500
fe=(246)
-6 9087
+8 9087
fi=(234)
-2 9087
cfi=(232)
cfn=(918)
calls=9087 43 
* 381787
fe=(246)

fl=(252)
fn=(1154)
84 262719
+4 262568
-1 786798
fi=(200)
546 87422
fe=(252)
91 262266
fi=(200)
546 1134
fe=(252)
91 3402
+12 2320
fi=(237)
455 352008
fe=(252)
114 350292
-21 87624
fi=(237)
432 87624
fe=(252)
93 87624
fi=(220)
237 175248
fe=(252)
96 87624
fi=(237)
432 175248
cob=(2)
cfi=(158)
cfn=(908)
calls=87624 0 
* 1266420
fi=(200)
812 87624
fe=(252)
101 175248
-4 456
fi=(237)
455 1160
fe=(252)
103 2320
cfi=(410)
cfn=(4526)
calls=1 545 
* 52
cfi=(253)
cfn=(1158)
calls=1159 -20 
* 128068
+1 2320
+2 1160
+1 1160
-19 2346
-1 151
+26 151

fn=(3220)
50 166212
+4 221616
-1 443232
fi=(200)
498 55404
fe=(252)
57 221616
fi=(200)
498 21
fe=(252)
57 84
+12 28
fi=(200)
717 221703
fe=(252)
80 221616
-21 55418
fi=(237)
432 55418
fe=(252)
59 55418
fi=(220)
237 110836
fe=(252)
62 55418
fi=(237)
432 110836
cob=(2)
cfi=(158)
cfn=(908)
calls=55418 0 
* 831369
fi=(200)
809 55418
fe=(252)
67 110836
+2 22
-6 22
+6 66
+4 28
fi=(237)
355 28
fe=(252)
72 28
-18 63
fi=(200)
717 58
cfi=(410)
cfn=(3224)
calls=29 327 
* 3446
+2 58
498 28
fi=(237)
-43 28
fi=(200)
+56 84
fe=(252)

fl=(258)
fn=(1292)
64 41666
fi=(206)
695 41666
fe=(258)
64 41666
+2 83332
+2 83332
+2 83332
fi=(206)
+17 83332
fe=(258)
-10 41666
fi=(206)
+10 83332
fe=(258)
-10 83332
+4 83332
+4 83332
+9 124998
-1 83332
-11 41666
+9 83332
+9 124998
+1 41666
+1 41666

fl=(386)
fn=(2944)
103 2
+1 8
fi=(220)
256 2
+5 10
fe=(386)
111 4
+1 4
-9 2
+11 12
+1 2
fi=(220)
261 4
fe=(386)
114 2
cfn=(2948) std::__detail::_Prime_rehash_policy::_M_next_bkt(unsigned long) const
calls=2 -67 
* 44
+1 2
+8 2
-8 2
+8 6
-11 6

fn=(2948)
47 8
+6 4
+6 2
-4 4
+7 12
-1 2
+1 2
-1 10

fl=(183)
fn=(700)
48 2
fi=(177)
437 3
fe=(183)
48 2
fi=(177)
437 1
fe=(183)
50 1
-1 1
+1 1
-1 1
+1 2
cfi=(170)
cfn=(612)
calls=1 233 
* 3
+1 2
-1 1
+1 1
cfi=(184)
cfn=(702)
calls=1 222 
* 152
* 3

fn=(660)
48 2
fi=(177)
437 3
fe=(183)
48 2
fi=(177)
437 1
fe=(183)
50 1
-1 1
+1 1
-1 1
+1 2
cfi=(170)
cfn=(612)
calls=1 233 
* 3
+1 2
-1 1
+1 1
cfi=(184)
cfn=(662)
calls=1 +15 
* 155
* 3

fl=(416)
fn=(3300)
53 21
cob=(2)
cfi=(417)
cfn=(3302)
calls=3 668 
* 306

fl=(235)
fn=(930)
48 45986
+1 45986
cob=(2)
cfi=(152)
cfn=(632)
calls=45986 3137 
* 4391219

fl=(411)
fn=(3526)
318 24
+2 6
cfn=(3194)
calls=6 -16 
* 24
-1 6
+1 12
+3 6
+7 15
-6 6
cob=(2)
cfi=(364)
cfn=(2194)
calls=3 34 
* 1020
-5 3
+6 3
-6 6
+11 12

fn=(3186)
207 3
+1 9

fn=(3530)
210 6
+1 3
cfn=(3526)
calls=3 318 
* 48
* 6

fn=(3196)
255 3
93 12
255 3
93 3
255 6
93 6
+3 6
258 3
cfn=(3194)
calls=3 +46 
* 12
* 6
+2 9
cob=(2)
cfi=(345)
cfn=(2082)
calls=3 85 
* 1264
* 9
+2 3
+1 3
+4 12
101 4
-6 2

fn=(3232)
334 310
+14 62
cfn=(3234) std::__basic_file<char>::fd()
calls=31 -39 
* 310
fi=(415) /usr/include/bits/unistd.h
32 124
cob=(2)
cfi=(358)
cfn=(2144)
calls=31 -7 
* 558
* 31
fe=(411)
349 62
+3 217

fn=(3194)
304 76

fn=(3234)
309 321
cob=(2)
cfi=(414)
cfn=(3236)
calls=107 32 
* 749

fn=(4534)
367 1125
+3 75
cfn=(3234)
calls=75 -61 
* 750
167 75
370 75
168 75
-5 150
+9 75
+3 225
-2 75
+2 75
cob=(2)
cfi=(474)
cfn=(4536)
calls=75 25 
* 1425
+1 150
+6 150
387 900

fn=(4550)
356 7
132 1
356 1
+4 1
cfn=(3234)
calls=1 -51 
* 10
* 1
141 4
cob=(2)
cfi=(470)
cfn=(4296)
calls=1 25 
* 18
+1 2
+6 2
362 1
148 1
362 5

fl=(233)
fn=(3602)
1604 27345
fi=(237)
396 9115
fe=(233)
1604 9115
fi=(237)
396 18230
cob=(2)
cfi=(158)
cfn=(688)
calls=9115 0 
* 127610
fe=(233)
+30 9115
fi=(237)
-30 9115
fe=(233)
+30 36460
1610 9115
-1 9115
+1 9115
-1 9115
cfi=(246)
cfn=(3494)
calls=9115 476 
* 1700476

fn=(4588)
919 19
238 19
+18 19
+23 38
920 19

fn=(942)
766 9691
245 9691
+11 9691
-48 9691
+30 9691
+41 19382
-51 9275
+37 27825
-32 9275
-5 9275
fi=(237)
355 9275
fe=(233)
233 9275
787 9275
265 36
-32 36
-5 36
fi=(237)
355 36
fe=(233)
233 36
787 36
233 380
-5 380
fi=(237)
355 380
fe=(233)
233 380
787 380
-15 832
fi=(237)
432 7856
fe=(233)

fn=(924)
295 2950
-57 2950
+18 2950
+23 5900
fi=(234)
-96 1372
cfi=(235)
cfn=(930)
calls=686 48 
* 26388
fe=(233)
299 2264

fn=(1052) std::__cxx11::basic_string<char, std::char_traits<char>, std::allocator<char> >::substr(unsigned long, unsigned long) const
3465 969
1189 323
415 969
245 323
436 323
245 323
654 646
437 646
654 323
+2 969
cfi=(246)
cfn=(1054)
calls=323 227 
* 20674
3467 969

fl=(419)
fn=(3334)
199 29
+13 29
-9 29
-4 29
+5 29
+1 29
+1 29
+6 29
+2 7
+2 14
+17 202
+2 17
+2 51
+25 58
+2 8
+1 8
+1 8
-21 8
-12 16
+49 22
+1 22
-57 22
+2 44
+1 22
+3 44
+39 18
+5 9
136 9
277 9
138 18
+1 18
+2 18
+2 18
+2 8
+3 4
+1 4
+1 4
+82 8
-83 5
+1 5
+82 10
-88 10
+88 7
-14 7
+1 7
+63 7
+1 7

fn=(3368)
84 7
-22 24
+3 16
+21 10
-16 4
+1 18
+3 2
-3 4
+3 2
-3 4
+5 4
+10 4
-9 2
+8 2

fl=(287) /usr/src/debug/gcc/gcc-build/x86_64-pc-linux-gnu/libstdc++-v3/src/c++17/../../../../../gcc/libstdc++-v3/src/c++17/fs_path.cc
fn=(1590) std::filesystem::__cxx11::path::_List::_Impl_deleter::operator()(std::filesystem::__cxx11::path::_List::_Impl*) const
320 3
+2 6
-48 3
+46 3
-85 3
+85 3
-46 3
+46 3
+4 3
fi=(298) /usr/src/debug/gcc/gcc-build/x86_64-pc-linux-gnu/libstdc++-v3/include/bits/stl_construct.h
-73 12
fe=(287)
-30 18
fi=(289) /usr/src/debug/gcc/gcc-build/x86_64-pc-linux-gnu/libstdc++-v3/include/bits/unique_ptr.h
407 36
fi=(299) /usr/src/debug/gcc/gcc-build/x86_64-pc-linux-gnu/libstdc++-v3/include/tuple
137 12
fi=(289)
408 12
cfi=(287)
cfn=(1591) std::filesystem::__cxx11::path::_List::_Impl_deleter::operator()(std::filesystem::__cxx11::path::_List::_Impl*) const'2
calls=12 -88 
* 48
fi=(233)
238 12
+41 36
+25 2
fi=(234)
183 1
cfi=(247)
cfn=(1034)
calls=1 32 
* 37
fi=(298)
+68 42
fe=(287)
+63 3
+15 3
+2 6
-17 3
+17 3
-17 6
+15 3
cfi=(247)
cfn=(1034)
calls=3 32 
* 111

fn=(1591)
320 12
+2 24
+7 12

fn=(1546) std::filesystem::__cxx11::path::_List::_List()
333 15
fi=(289)
169 15
fe=(287)
333 15

fn=(1552) std::filesystem::__cxx11::path::_M_split_cmpts()
1948 33
274 9
494 6
fi=(233)
1356 6
fe=(287)
1951 9
+8 9
-10 6
fi=(233)
238 3
fe=(287)
1949 9
+10 3
fi=(233)
238 3
fe=(287)
1959 6
cob=(2)
cfi=(158)
cfn=(936)
calls=3 0 
* 318
87 57
fi=(288) /usr/src/debug/gcc/gcc-build/x86_64-pc-linux-gnu/libstdc++-v3/include/bits/string_view.tcc
-1 6
+3 6
-1 3
fi=(237)
408 6
fi=(288)
88 3
fi=(237)
408 12
cob=(2)
cfi=(158)
cfn=(1002)
calls=3 0 
* 57
fi=(288)
91 21
fe=(287)
+78 6
fi=(220)
+68 6
fe=(287)
1972 3
fi=(288)
191 21
fe=(287)
1976 12
163 6
1976 36
163 18
fi=(288)
+27 117
86 18
+3 9
-1 18
fi=(237)
408 18
fi=(288)
88 9
fi=(237)
408 36
cob=(2)
cfi=(158)
cfn=(1002)
calls=9 0 
* 171
fe=(287)
1979 18
fi=(288)
91 9
fe=(287)
1979 18
fi=(288)
91 36
fe=(287)
+78 18
fi=(220)
+68 27
fe=(287)
1979 18
-3 18
fi=(288)
191 9
fe=(287)
2013 33
fi=(288)
190 27
+1 45
fi=(237)
432 3
fi=(292) /usr/src/debug/gcc/gcc-build/x86_64-pc-linux-gnu/libstdc++-v3/include/array
144 3
fe=(287)
1981 6
+14 30
274 12
1997 6
fi=(289)
202 3
fe=(287)
391 3
fi=(289)
202 3
fe=(287)
391 6
231 3
2004 15
cfn=(1562) std::filesystem::__cxx11::path::_List::reserve(int, bool)
calls=3 500 
* 563
+2 9
fi=(289)
192 6
fe=(287)
+30 3
fi=(289)
-30 3
fe=(287)
+30 15
fi=(233)
454 22
fi=(237)
-28 22
-71 12
fe=(287)
189 12
+5 24
-5 12
fi=(233)
+44 12
fe=(287)
-39 12
cfn=(1546)
calls=12 333 
* 36
+2 24
+78 12
-72 12
2006 24
274 12
385 24
fi=(289)
192 24
fe=(287)
2010 12
-4 24
fi=(292)
210 9
fe=(287)
2009 9
fi=(292)
210 27
fi=(291) /usr/src/debug/gcc/gcc-build/x86_64-pc-linux-gnu/libstdc++-v3/include/string_view
+88 12
fi=(233)
-53 12
fe=(287)
2009 12
fi=(233)
245 24
-41 12
713 24
fi=(246)
233 24
-85 3
+16 2
fi=(234)
-2 3
cfi=(232)
cfn=(918)
calls=1 43 
* 42
fi=(233)
265 2
-37 2
fi=(234)
-66 1
fi=(233)
265 1
452 1
fi=(237)
-20 4
cob=(2)
cfi=(158)
cfn=(908)
calls=1 0 
* 11
fi=(233)
+20 11
fi=(237)
-20 44
cob=(2)
cfi=(158)
cfn=(908)
calls=11 0 
* 168
fi=(233)
238 48
fi=(237)
432 12
fi=(288)
190 18
fi=(237)
426 22
fe=(287)
87 6

fn=(1562)
500 18
274 3
500 9
274 6
500 9
+5 6
+2 6
+5 30
283 6
+31 12
-6 3
cfi=(232)
cfn=(918)
calls=3 43 
* 392
+1 3
-1 3
-99 3
fi=(289)
-40 3
fe=(287)
517 6
fi=(290) /usr/src/debug/gcc/gcc-build/x86_64-pc-linux-gnu/libstdc++-v3/include/bits/move.h
239 3
+1 3
-1 3
fi=(289)
407 6
fe=(287)
525 30

ob=(1)
fl=(303)
fn=(1660)
813 9
+1 7
+5 2
cob=(2)
cfi=(304)
cfn=(1662)
calls=1 71 
* 35
+2 2
+27 3
+20 1
-7 1
+1 1
+1 1
+3 1
+1 1
+1 1
+6 2
+4 3
cfi=(139)
cfn=(1664)
calls=1 360 
* 41
+5 1
-4 4
+4 2
+1 2
+5 3
cfi=(38) /usr/src/debug/glibc/glibc/elf/dl-load.c
cfn=(190) _dl_lookup_map
calls=1 1941 
* 951
* 1
509 2
899 4
cfi=(56)
cfn=(183) _dl_catch_exception'2
calls=1 208 
* 1099042
+11 1
-11 1
+11 2
+2 4
+3 2
+26 1
cfi=(49) /usr/src/debug/glibc/glibc/elf/dl-debug.c
cfn=(226) _dl_debug_update
calls=1 94 
* 7
+1 3
+3 2
cob=(2)
cfi=(306)
cfn=(1680)
calls=1 357 
* 26
+2 1
+1 8

fn=(1661)
813 90
+1 70
+5 20
cob=(2)
cfi=(304)
cfn=(1662)
calls=10 71 
* 230
+2 20
+27 30
+20 10
-7 10
+1 10
+1 10
+3 10
+1 10
+1 10
+6 32
cfi=(1)
cfn=(146) index
calls=3 0 
* 63
* 6
+4 30
cfi=(139)
cfn=(1664)
calls=10 360 
* 1033
+5 10
-4 40
+4 20
+1 14
+5 21
cfi=(38)
cfn=(190)
calls=7 1941 
* 9145
* 9
cfi=(38)
cfn=(190)
calls=3 1941 
* 231
* 10
509 20
-4 10
+2 10
+2 10
893 5
+1 10
cob=(2)
cfi=(306)
cfn=(1680)
calls=5 357 
* 75
+1 10
+4 20
cfi=(56)
cfn=(183)
calls=5 208 
* 69949
+11 5
-11 5
+11 10
+2 20
+3 10
+26 2
cfi=(49)
cfn=(226)
calls=2 94 
* 14
+1 6
+3 4
cob=(2)
cfi=(306)
cfn=(1680)
calls=2 357 
* 30
+2 2
+1 56
-73 9
cfi=(1)
cfn=(146)
calls=3 0 
* 63
* 6
+44 6
+5 9
+10 6
cob=(2)
cfi=(306)
cfn=(1680)
calls=3 357 
* 45
+3 12
cfi=(56)
cfn=(2824) _dl_signal_exception
calls=3 96 
* 144

fn=(1716) call_dl_init
490 1
+2 5
cfi=(153) /usr/src/debug/glibc/glibc/elf/dl-init.c
cfn=(542) _dl_init
calls=1 81 
* 286309

fn=(1717) call_dl_init'2
490 1
+2 5
cfi=(153)
cfn=(543) _dl_init'2
calls=1 81 
* 2094

fn=(1972) add_to_global_update
173 1
+4 1
-4 1
+1 1
+4 1
-1 4
+1 6
+2 2
+2 3
-2 4
+2 6
+2 2
+3 3
+2 5
+3 2
-14 9
+22 4
+1 1
-1 2
+1 2
+1 4
+3 2
+1 3

fn=(1668) dl_open_worker
751 7
+3 1
+4 2
cob=(2)
cfi=(304)
cfn=(1662)
calls=1 71 
* 35
+3 4
cfi=(56)
cfn=(183)
calls=1 208 
* 812490
+2 1
-2 1
+2 1
cob=(2)
cfi=(306)
cfn=(1680)
calls=1 357 
* 26
+4 5
+2 3
+1 2
cfi=(49)
cfn=(226)
calls=1 94 
* 7
+4 2
-2 1
-2 1
+4 1
cfi=(49)
cfn=(168) _dl_debug_change_state
calls=1 104 
* 11
+1 1
+3 2
+11 2
+19 6
-16 1
+6 3
-5 1
+5 1
cfi=(56)
cfn=(183)
calls=1 208 
* 286339
+3 2
+4 2
-25 3
cfi=(53)
cfn=(532) _dl_audit_activity_nsid
calls=1 41 
* 10
* 1
+4 2

fn=(1669) dl_open_worker'2
751 35
+3 5
+4 10
cob=(2)
cfi=(304)
cfn=(1662)
calls=5 71 
* 175
+3 20
cfi=(56)
cfn=(183)
calls=5 208 
* 66652
+2 5
-2 5
+2 5
cob=(2)
cfi=(306)
cfn=(1680)
calls=5 357 
* 130
+4 25
+2 11
+1 2
cfi=(49)
cfn=(226)
calls=1 94 
* 7
* 8
cfi=(49)
cfn=(226)
calls=4 94 
* 28
+4 10
-2 5
-2 5
+4 5
cfi=(49)
cfn=(168)
calls=5 104 
* 55
+1 5
+3 14
+6 8
+5 4
+19 12
-16 1
+6 3
-5 1
+5 1
cfi=(56)
cfn=(183)
calls=1 208 
* 2124
+3 2
+4 2
-25 3
cfi=(53)
cfn=(532)
calls=1 41 
* 10
* 1
+4 2
+2 15
cfi=(56)
cfn=(2824)
calls=3 96 
* 144
+16 2
cfn=(1972)
calls=1 173 
* 69
* 1

fn=(1950) add_to_global_resize
92 4
+5 1
-4 1
+4 4
-1 2
+2 3
+1 2
-2 3
+1 6
+1 4
-2 6
+18 6
+10 1
+5 1
-5 3
+5 2
+18 1
fi=(35) /usr/src/debug/glibc/glibc/elf/../include/rtld-malloc.h
-92 1
fe=(303)
+92 1
fi=(35)
-92 2
cob=(2)
cfi=(152)
cfn=(812)
calls=1 3101 
* 30
fe=(303)
+96 3
fi=(35)
-96 1
fe=(303)
+96 1
+5 5
-1 1
+1 1
-1 1
cfi=(1)
cfn=(104) memcpy
calls=1 0 
* 12
+3 1
-3 1
+4 1
-1 1
+1 1
+2 3
+5 1
fi=(35)
50 1
fe=(303)
167 2
fi=(35)
50 1
cob=(2)
cfi=(152)
cfn=(632)
calls=1 3137 
* 4
fe=(303)
+82 4
-12 1
+25 2

fn=(1704) _dl_open_relocate_one_object.part.0
448 8
+7 8
+3 2
+1 2
+4 2
+9 2
-9 4
+9 2
-9 2
+22 12
cfi=(79) /usr/src/debug/glibc/glibc/elf/dl-reloc.c
cfn=(298) _dl_relocate_object
calls=4 343 
* 800661

fn=(1746)
213 6
+4 3
-4 3
+4 30
+1 12
+1 120
+1 6
-2 81
+5 6
+4 24

fn=(1670) dl_open_worker_begin
514 12
+8 6
-8 54
+8 6
-6 6
+1 6
+5 18
+4 6
-4 6
+4 6
+4 12
cfi=(49)
cfn=(162) _dl_debug_initialize
calls=6 120 
* 54
+3 6
+1 12
+12 4
+5 6
+3 4
+51 4
+4 14
cfi=(67) /usr/src/debug/glibc/glibc/elf/dl-deps.c
cfn=(232) _dl_map_object_deps
calls=2 132 
* 36175
+4 10
+1 8
-1 4
+1 36
-1 25
fi=(39) /usr/src/debug/glibc/glibc/elf/../sysdeps/x86/dl-prop.h
53 2
-4 6
-12 9
+3 9
+9 18
-9 2
+9 20
+4 8
-16 22
+43 4
cfi=(78) /usr/src/debug/glibc/glibc/elf/../sysdeps/x86_64/dl-cet.c
cfn=(1702) _dl_cet_open_check
calls=2 322 
* 34
fe=(303)
631 4
+4 6
+8 2
-8 6
+11 2
-11 2
+9 2
+2 2
-11 2
+10 4
+4 4
+4 2
-4 22
+4 9
-4 18
+4 4
-2 8
+1 4
+3 4
+2 4
-2 18
+2 18
259 2
659 2
259 6
-23 4
+23 33
+2 22
+4 44
617 8
-4 4
+4 4
cfi=(71) /usr/src/debug/glibc/glibc/elf/dl-version.c
cfn=(266) _dl_check_map_versions
calls=4 155 
* 25921
-4 12
364 4
-1 14
+2 6
-1 2
+1 2
cfi=(50) /usr/src/debug/glibc/glibc/elf/../elf/dl-tls.c
cfn=(472) _dl_add_to_slotinfo
calls=2 1239 
* 10
* 27
-1 9
+1 9
cfi=(50)
cfn=(472)
calls=9 1239 
* 53
* 11
-1 22
671 10
+10 4
+18 8
cfi=(49)
cfn=(226)
calls=2 94 
* 14
+2 6
-2 2
+2 8
452 6
706 20
+1 4
452 6
707 4
452 6
+3 20
cfn=(1704)
calls=4 -7 
* 800705
706 12
426 10
+11 2
-9 42
+2 2
+7 1
-10 1
-1 2
+1 20
-1 40
324 10
+2 2
+1 2
-1 2
+3 8
-3 9
+1 9
-1 9
+3 36
+22 22
-27 46
727 4
cfi=(139)
cfn=(1710) _dl_find_object_update
calls=2 +82 
* 1491
* 4
+5 4
+1 2
+6 4
+7 2
+1 24
535 48
cfi=(38)
cfn=(196) _dl_map_new_object
calls=6 1976 
* 12894
* 6
+5 6
+2 2
672 4
cfn=(1950)
calls=1 92 
* 133
* 3
-66 2

fl=(140) /usr/src/debug/glibc/glibc/elf/./dl-find_object.h
fn=(490) _dl_find_object_from_map
105 11
-4 11
+4 11
+1 22
+1 11
+8 11
+1 11
+5 44
+1 22
-19 22
+21 230
+12 5
+2 5
-2 10
+7 10
-21 363
+2 378
+3 11
+5 11
-5 22
+16 22
+5 11
+1 11

fl=(13) /usr/src/debug/glibc/glibc/io/../sysdeps/unix/sysv/linux/fstatat64.c
fn=(28) fstatat
146 30
-55 30
+70 41
+1 11
-2 8
+1 8

fl=(60) /usr/src/debug/glibc/glibc/misc/../sysdeps/unix/sysv/linux/setvmaname.c
fn=(248) __is_decorate_maps_enabled
33 6
+1 18
+9 6
+7 6

fn=(208) __set_vma_name
60 3
-26 9
+26 4
-26 2
+36 1
-33 6
cfi=(11)
cfn=(50)
calls=1 610 
* 18
* 6
+5 1
+28 4

fl=(66) /usr/src/debug/glibc/glibc/io/../sysdeps/unix/sysv/linux/access.c
fn=(230) access
25 1
+2 7
+4 1

fl=(69) /usr/src/debug/glibc/glibc/malloc/scratch_buffer_set_array_size.c
fn=(252) __libc_scratch_buffer_set_array_size
30 70
+4 7
+1 14
+10 14
+18 14
-17 7
+17 14

fl=(31) /usr/src/debug/glibc/glibc/elf/../sysdeps/nptl/dl-tls_init_tp.c
fn=(90) __tls_pre_init_tp
54 4
+5 3
-2 4
+2 2
+3 2
+1 2
+2 1

fn=(286) __tls_init_tp
69 2
fi=(512) /usr/src/debug/glibc/glibc/elf/../include/list.h
-26 1
fe=(31)
+27 1
fi=(512)
-26 1
fe=(31)
+29 1
fi=(512)
-30 1
fe=(31)
+33 1
fi=(512)
-32 1
+1 1
+2 1
fe=(31)
+29 3
+1 1
+18 1
-6 1
-12 1
+1 1
+1 1
+5 2
+11 1
-6 1
+2 1
+1 1
+3 1
+16 4
cfi=(11)
cfn=(50)
calls=1 610 
* 18
fi=(75) /usr/src/debug/glibc/glibc/elf/../sysdeps/unix/sysv/linux/rseq-internal.h
-11 1
-7 1
+7 2
+24 1
fe=(31)
-11 1
+6 2
+1 2
fi=(75)
-12 2
-15 2
+15 2
+4 1
-19 1
+19 3
cfi=(1)
cfn=(160) memset
calls=1 0 
* 12
+4 1
+2 2
-6 1
+6 1
-2 1
+2 2
+1 2
fe=(31)

fn=(108) rtld_mutex_dummy
43 178
+2 356

fl=(78)
fn=(296) _dl_cet_check
361 3
-86 2
+2 2
-1 1
+6 1
+3 1
-3 1
+1 1
-1 1
+1 1
-1 1
+1 1
+5 2
+5 2
+70 2

fn=(1702)
322 4
-40 2
+3 2
-3 2
+1 2
+2 2
-3 2
+1 2
-1 2
+1 2
+5 4
+5 4
+31 4

fn=(538) _dl_cet_setup_features
331 1
+3 2
+16 1

fl=(34) /usr/src/debug/glibc/glibc/elf/dl-minimal-malloc.c
fn=(100) __minimal_malloc
36 39
+1 117
+11 114
+3 38
-3 38
+3 76
-3 2
+3 1
-3 1
+3 146
+5 12
+1 6
-21 3
+24 9
-24 3
+23 3
+1 12
-24 3
+24 3
cfi=(17) /usr/src/debug/glibc/glibc/misc/../sysdeps/unix/sysv/linux/mmap64.c
cfn=(38) mmap
calls=3 -13 
* 69
+2 6
+2 15
cfi=(60)
cfn=(208)
calls=3 -4 
* 54
+6 12
-3 6
+4 3
-1 3
+1 3
+2 12
-3 36
+1 36
+2 36
-30 1
-1 1
+1 1
+1 2
-2 2

fn=(480) __minimal_free
97 2
+2 8

fn=(96) __minimal_calloc
80 17
+4 51
+3 17
+1 51
fi=(35)
-32 34
cfi=(34)
cfn=(100)
calls=17 -20 
* 371
fe=(34)

fl=(2) /usr/src/debug/glibc/glibc/elf/rtld.c
fn=(2) _dl_start
517 10
86 1
fi=(6) /usr/src/debug/glibc/glibc/elf/../sysdeps/x86_64/dl-machine.h
-31 1
fe=(2)
547 1
-4 1
fi=(6)
55 1
fe=(2)
+31 3
546 2
fi=(3) /usr/src/debug/glibc/glibc/elf/./get-dynamic-info.h
45 4
+23 19
-23 68
+4 34
+3 5
-1 10
+3 20
+1 16
+1 5
fi=(4) /usr/src/debug/glibc/glibc/elf/../sysdeps/generic/ldsodefs.h
+24 1
fi=(3)
+30 2
-38 3
+12 3
+1 3
+1 4
+1 4
+1 5
+1 3
+1 4
+1 4
+12 7
+7 2
+13 3
+6 3
+1 3
+3 2
+1 3
+5 5
+3 5
fe=(2)
563 391
fi=(3)
59 4
fe=(2)
563 8
fi=(4)
80 1
fe=(2)
563 1
fi=(4)
80 2
fe=(2)
563 24
fi=(5) /usr/src/debug/glibc/glibc/elf/do-rel.h
105 1
fe=(2)
563 1
fi=(5)
101 1
+4 3
-4 1
-1 1
+1 1
+4 2
+3 2
fe=(2)
563 1
fi=(5)
101 1
+4 3
-4 1
-1 1
+1 1
+4 2
+3 2
-6 6
+11 5
+2 1
fi=(6)
273 3
fi=(5)
115 1
+2 1
-1 2
fi=(6)
282 10
+4 2
+26 4
fi=(5)
113 3
fe=(2)
563 8
fi=(5)
103 1
fi=(4)
-23 2
fe=(2)
565 1
452 1
cfi=(7) /usr/src/debug/glibc/glibc/elf/dl-minimal.c
cfn=(12) __rtld_malloc_init_stubs
calls=1 42 
* 10
+4 4
86 1
474 1
86 3
474 1
cfi=(8) /usr/src/debug/glibc/glibc/elf/dl-setup_hash.c
cfn=(14) _dl_setup_hash
calls=1 25 
* 27
+1 1
+4 1
+9 1
-13 1
+19 1
-17 1
+2 1
+15 2
cfi=(9) /usr/src/debug/glibc/glibc/elf/../sysdeps/unix/sysv/linux/dl-sysdep.c
cfn=(16) _dl_sysdep_start
calls=1 102 
* 2736094
* 1
+2 2
+87 9
fi=(3)
62 4
+2 4
+39 3
fe=(2)

fn=(174) handle_preload_list
847 10
+5 5
-4 1
+10 1
-63 2
+70 1
180 1
867 2
180 2
869 2
-14 3
cfi=(54) /usr/src/debug/glibc/glibc/string/../sysdeps/x86_64/multiarch/../multiarch/strcspn-sse4.c
cfn=(176) strcspn
calls=1 87 
* 81
* 1
+1 3
+2 4
cfi=(1)
cfn=(104)
calls=1 0 
* 20
+1 2
-62 2
-6 1
+4 1
+2 2
-10 1
+10 1
-5 1
+1 1
+4 1
cfi=(56)
cfn=(180)
calls=1 258 
* 2636
+1 3
+8 3
+64 1
-18 2
+21 9

fn=(88) dl_main
1346 3
194 1
1346 1
293 1
1346 13
196 1
299 1
+1 1
194 1
+99 1
+4 1
1358 2
cfi=(31)
cfn=(90)
calls=1 54 
* 18
2752 1
2520 1
2752 3
2591 1
+2 1
+15 2
-13 2
cfi=(32) /usr/src/debug/glibc/glibc/elf/dl-environ.c
cfn=(92) _dl_next_ld_env_entry
calls=1 28 
* 545
* 2
cfi=(32)
cfn=(92)
calls=1 28 
* 6
* 6
+4 3
-2 1
+2 4
+1 1
-1 3
+1 6
-1 32
+9 6
2719 2
+10 3
1368 1
+1 2
-1 3
+1 2
2633 2
+10 2
1639 8
cfi=(33) /usr/src/debug/glibc/glibc/elf/dl-object.c
cfn=(94) _dl_new_object
calls=1 59 
* 196
* 1
+2 2
+1 1
+1 1
+5 2
-5 1
+1 3
+4 1
cfi=(33)
cfn=(106) _dl_add_to_namespace_list
calls=1 31 
* 32
+1 2
1351 1
1089 1
+1 1
+27 1
-21 1
+2 1
+19 1
-18 1
-3 1
+21 3
-25 1
+25 1
-3 1
fi=(36) /usr/src/debug/glibc/glibc/elf/../include/stackinfo.h
62 1
fe=(2)
1118 135
+85 3
-86 21
fi=(37) /usr/src/debug/glibc/glibc/elf/../sysdeps/unix/sysv/linux/dl-exec-post.h
76 10
+1 5
+2 5
-2 10
+2 4
cfi=(38)
cfn=(114) _dl_process_pt_gnu_property
calls=1 855 
* 54
+1 1
+11 3
-65 5
cfi=(11)
cfn=(50)
calls=1 610 
* 18
* 3
fe=(2)
1122 1
-5 1
+5 2
-5 2
+21 2
-21 1
+25 1
-5 1
+3 2
-23 2
+10 2
-10 1
+10 1
+1 9
-11 2
+34 8
-1 4
+1 16
-1 4
+2 8
+1 1
+2 12
+1 14
+4 8
+1 8
+1 4
+4 4
-49 4
+49 4
-49 8
fi=(36)
62 1
fe=(2)
1117 1
fi=(36)
62 5
fe=(2)
1117 3
+95 3
+3 2
+2 2
1672 1
cfi=(40) /usr/src/debug/glibc/glibc/elf/dl-execstack-tunable.c
cfn=(118) _dl_handle_execstack_tunable
calls=1 24 
* 31
fi=(4)
97 3
+3 4
+1 1
fe=(2)
1678 3
+1 4
cfi=(1)
cfn=(122) strcmp
calls=1 0 
* 20
* 2
+13 2
+2 2
fi=(3)
39 3
+6 3
-2 2
+25 28
-23 112
+4 56
+3 6
-1 12
+3 24
+1 20
+17 3
+51 3
+6 3
+18 3
+15 3
+2 3
+1 2
+9 2
+6 2
+4 2
fi=(4)
-87 3
fe=(2)
1707 2
cfi=(8)
cfn=(14)
calls=1 25 
* 27
+3 2
fi=(41) /usr/src/debug/glibc/glibc/elf/./setup-vdso.h
24 2
fi=(44) /usr/src/debug/glibc/glibc/elf/./dl-main.h
+85 2
fi=(43) /usr/src/debug/glibc/glibc/elf/../sysdeps/unix/sysv/linux/dl-vdso-setup.h
-55 1
fi=(44)
+55 3
cfi=(38)
cfn=(134) _dl_init_paths
calls=1 675 
* 1214
fe=(2)
1735 3
cfi=(49)
cfn=(162)
calls=1 120 
* 20
+7 1
-5 1
-2 1
+7 1
+4 1
+3 1
-3 3
+1 2
+3 1
1242 1
1748 1
1242 1
+1 2
+5 2
-3 2
+2 1
+11 1
-10 1
+3 1
+7 3
+4 1
-5 1
+5 3
-3 8
-1 16
+2 24
+2 4
+1 8
-1 8
+2 8
+5 4
-10 4
+10 8
-11 10
+18 1
+1 2
-1 2
222 2
-1 1
+1 3
1764 2
1352 1
1768 1
+1 2
+24 1
cfi=(50)
cfn=(164) _dl_count_modids
calls=1 235 
* 6
* 1
fi=(51) /usr/src/debug/glibc/glibc/elf/../sysdeps/generic/dl-debug.h
29 3
+1 1
fe=(2)
1799 3
cfi=(49)
cfn=(168)
calls=1 104 
* 11
+1 1
+4 3
cfi=(53)
cfn=(172) _dl_audit_activity_map
calls=1 29 
* 5
+5 2
+2 1
+2 2
+9 2
+16 3
cfi=(66)
cfn=(230)
calls=1 25 
* 9
* 2
+76 3
+16 3
86 1
1940 1
86 2
1940 2
86 1
1940 5
cfi=(67)
cfn=(232)
calls=1 132 
* 27948
93 1
1950 2
-4 1
+16 1
93 2
+9 2
1946 7
+1 1
-1 1
+1 1
-1 2
+1 6
-1 6
+1 6
-1 12
+4 1
+1 2
+1 1
+2 14
+1 5
-1 3
+1 4
-1 3
+1 4
-1 3
+1 4
-1 3
+1 4
-1 3
+1 4
+8 1
-1 1
+1 2
+2 1
+2 2
+16 4
+1 2
+1 3
+10 1
+2 1
-1 3
+1 3
-1 1
+1 1
cfi=(56)
cfn=(260) _dl_receive_error
calls=1 190 
* 30848
+10 2
+1 2
+3 2
818 1
fi=(76) /usr/src/debug/glibc/glibc/elf/../sysdeps/generic/dl-osinfo.h
32 2
+9 1
fi=(513) /usr/src/debug/glibc/glibc/elf/../sysdeps/unix/sysv/linux/not-cancel.h
+55 2
fi=(76)
-55 1
fe=(2)
820 1
+8 2
fi=(513)
96 2
fi=(77) /usr/src/debug/glibc/glibc/elf/../sysdeps/unix/sysv/linux/dl-reseed-random.h
-55 1
fe=(2)
2016 3
2219 1
-4 2
+10 1
-6 1
+6 1
+3 2
+8 2
fi=(39)
36 1
+1 4
+16 4
-16 6
+3 6
+9 12
-9 1
+9 28
+4 12
-16 14
+34 2
fe=(2)
2240 1
fi=(39)
71 1
cfi=(78)
cfn=(296)
calls=1 361 
* 22
fe=(2)
2240 2
+3 1
+5 2
86 1
2253 1
-1 2
86 3
2252 5
cfi=(79)
cfn=(298)
calls=1 343 
* 79534
93 3
+9 2
2261 2
+2 1
+1 17
+2 14
+1 14
+1 3
-4 3
+4 3
cfi=(50)
cfn=(472)
calls=3 1239 
* 78
-4 6
+9 2
+2 3
cfi=(50)
cfn=(474) _dl_allocate_tls_init
calls=1 624 
* 298
86 2
2281 1
86 2
2282 6
+2 2
+5 2
+2 2
-7 12
+5 12
+2 12
+6 7
+2 42
-17 7
+17 7
cfi=(79)
cfn=(298)
calls=7 343 
* 2548698
-17 14
93 3
+1 2
2307 1
cfi=(50)
cfn=(486) _dl_tls_initial_modid_limit_setup
calls=1 1196 
* 45
+6 2
+4 4
+2 1
+5 2
+4 3
+3 1
cfi=(139)
cfn=(488) _dl_find_object_init
calls=1 578 
* 1483
+5 2
86 1
2340 3
86 3
2340 2
cfi=(79)
cfn=(300) _dl_relocate_object_no_relro
calls=1 185 
* 363
93 3
+9 2
2343 1
cfi=(141) /usr/src/debug/glibc/glibc/elf/../sysdeps/nptl/dl-mutex.c
cfn=(498) __rtld_mutex_init
calls=1 30 
* 323
+1 2
cfi=(7)
cfn=(502) __rtld_malloc_init_real
calls=1 76 
* 2620
+3 2
cfi=(49)
cfn=(508) _dl_debug_post_relocate
calls=1 46 
* 646
+4 2
cfi=(79)
cfn=(510) _dl_protect_relro
calls=1 352 
* 31
+5 3
cfi=(144) /usr/src/debug/glibc/glibc/elf/dl-call-libc-early-init.c
cfn=(512) _dl_call_libc_early_init
calls=1 27 
* 1071
+7 1
cfi=(9)
cfn=(530) _dl_sysdep_start_cleanup
calls=1 147 
* 2
+4 2
cfi=(49)
cfn=(226)
calls=1 94 
* 7
+1 2
-1 1
+1 1
cfi=(49)
cfn=(168)
calls=1 104 
* 11
+1 1
+3 3
cfi=(53)
cfn=(532)
calls=1 41 
* 10
+4 10
223 2
-2 1
+2 2
2293 1
+1 1
-3 2
1279 1
1755 1
1279 2
1755 1
1962 3
fi=(3)
56 5
+3 4
fe=(2)
1969 1
-4 1
+4 2
+14 3
fi=(42) /usr/src/debug/glibc/glibc/elf/../sysdeps/unix/sysv/linux/dl-vdso.h
41 1
-1 1
+1 4
fi=(43)
-11 1
+3 1
+3 1
+3 1
+6 3
fe=(2)
1682 1
+1 1
+1 1
+2 2
+1 3
fi=(3)
72 2
+12 3
+1 4
+1 4
+1 4
+1 4
+1 4
+1 4
+1 4
+12 1
+7 1
-7 7
+7 2
+5 2
fe=(2)
2274 2
1745 4
2009 2
cfn=(270) init_tls
calls=1 732 
* 755
* 2
fi=(3)
62 4
+2 4
fe=(2)
2643 2
+2 2
+1 1
86 1
1817 1
86 2
1817 1
86 1
1817 2
cfn=(174)
calls=1 847 
* 2806
* 1
93 3
+9 3
1918 10
+36 2
-36 6
+1 1
-1 1
+4 3
+1 1
+1 2
+1 2
-7 2

fn=(270)
732 1
+6 1
-6 1
+2 2
+4 1
fi=(35)
44 2
fe=(2)
749 1
fi=(35)
44 1
fe=(2)
748 1
-4 1
fi=(35)
44 1
cfi=(34)
cfn=(96)
calls=1 +36 
* 28
fe=(2)
757 1
-10 1
-3 1
+10 1
+3 1
cfi=(50)
cfn=(274) _dl_tls_static_surplus_init
calls=1 134 
* 68
+3 1
cfi=(50)
cfn=(276) _dl_determine_tlsoffset
calls=1 258 
* 231
+7 1
cfi=(50)
cfn=(280) _dl_allocate_tls_storage
calls=1 524 
* 296
* 1
+1 2
+6 1
fi=(74) /usr/src/debug/glibc/glibc/elf/../sysdeps/generic/dl-call_tls_init_tp.h
31 2
fe=(2)
774 1
fi=(74)
31 6
+2 1
cfi=(31)
cfn=(286)
calls=1 +36 
* 92
fe=(2)
781 1
-1 1
-2 1
+3 3

fn=(186) map_doit
639 2
+2 1
-2 1
+2 1
+1 2
-1 2
+1 3
cfi=(38)
cfn=(188) _dl_map_object
calls=1 2237 
* 2531
* 1
+2 2

fn=(262) version_check_doit
672 3
+2 4
cfi=(71)
cfn=(264) _dl_check_all_versions
calls=1 399 
* 30817
* 2
+4 2

fl=(307) /usr/src/debug/glibc/glibc/io/../sysdeps/unix/sysv/linux/stat64.c
fn=(1696) stat
28 12
+1 24
cfi=(13)
cfn=(28)
calls=6 146 
* 56

fl=(79)
fn=(510)
352 1
+1 3
+3 5
+3 1
-3 1
+3 1
+4 2
-11 1
+12 6
cfi=(1)
cfn=(470) mprotect
calls=1 0 
* 6
* 2
+6 2

fn=(298)
343 12
+1 26
-1 20
+3 10
cfn=(300)
calls=10 185 
* 3428555
+7 30
+3 50
+3 10
-3 10
+3 10
+4 20
-15 20
+16 40
cfi=(1)
cfn=(470)
calls=10 0 
* 60
* 20

fn=(300)
185 132
+16 11
-16 11
+16 11
+3 33
-6 11
+26 33
+1 22
-30 10
+33 10
+7 15
fi=(6)
78 16
+6 4
+4 3
+6 1
+9 2
+23 2
fe=(79)
+66 1
fi=(4)
80 1
fe=(79)
281 2
fi=(4)
80 2
fe=(79)
281 2
fi=(4)
80 10
fe=(79)
281 20
fi=(4)
80 20
fe=(79)
281 55688
fi=(4)
80 6
fe=(79)
281 6
fi=(4)
80 12
fe=(79)
281 361
fi=(5)
105 6
fe=(79)
281 1
fi=(5)
101 1
+4 2
+22 1
-22 1
-5 1
+1 2
+4 1
-3 2
+3 1
-3 1
+3 1
+22 2
-22 60
fe=(79)
281 10
fi=(5)
101 10
+4 20
+22 10
-22 10
-5 10
+1 20
+4 10
-3 20
+3 10
-3 10
+3 10
+22 20
fe=(79)
281 11
fi=(5)
101 11
+4 22
+22 11
-22 11
-5 11
+1 22
+4 11
-3 22
+3 11
-3 11
+3 11
+22 22
+3 7
-86 127
+4 254
fi=(6)
509 127
+1 127
-1 127
+4 254
+3 381
+1 127
fi=(5)
130 381
+2 127
-84 127
+84 635
-84 254
-2 508
+84 1
fe=(79)
281 48
fi=(6)
725 77
+4 18
fe=(79)
288 22
+1 6
+2 12
fi=(4)
80 11
fe=(79)
295 55
fi=(4)
80 11
fe=(79)
295 22
fi=(4)
80 11
fe=(79)
295 295
fi=(6)
-13 5
fe=(79)
+13 1
fi=(5)
-84 2
+1 1
-1 2
+3 1
-2 2
+2 3
+2 1
-2 3
+2 2
fi=(6)
+66 50
fe=(79)
+13 10
fi=(5)
-84 20
+1 10
-1 20
+3 10
-2 20
+2 30
+2 10
-2 30
+2 20
fe=(79)
+79 11
fi=(5)
-84 22
+1 11
-1 22
+3 11
-2 22
+2 33
+2 11
-2 33
+2 22
+2 391
+2 127
48 127
220 127
44 127
220 508
48 254
-2 508
+2 254
218 2
fe=(79)
+77 88
+3 77
+23 11
+3 22
+14 88
fi=(5)
141 63
+12 6
+3 76
+2 48
-89 60
+91 10
+1 10
-1 20
+1 20
48 20
160 5884
+1 5884
-1 11768
+1 11768
48 11768
-2 23576
-2 5894
+4 11788
160 5848
+2 5848
fi=(6)
+97 5848
fi=(5)
-97 5848
-2 11696
+3 23392
fi=(6)
+99 11696
+7 11696
+4 11696
fe=(79)
148 23392
fi=(4)
+5 17496
fe=(79)
-4 11664
+3 11664
+8 19670
+4 658
-3 329
+1 329
+2 8026
-3 3355
+1 3355
+2 17104
+1 3684
-1 3684
+2 7368
-1 14736
+3 25788
cfi=(80)
cfn=(308)
calls=3684 767 
* 2627869
+4 7368
-4 3684
+3 3684
+1 3684
-1 3684
+1 7368
fi=(6)
282 57706
+4 11654
+26 35088
493 6132
+5 4088
+1 4088
fi=(5)
150 2044
fi=(6)
499 4088
fi=(5)
150 4126
+3 57
+22 11
+2 5
48 2
177 25
48 10
-2 24
-2 6
+4 12
178 6
fi=(6)
+81 6
fi=(5)
-81 6
+4 6
fi=(6)
+80 12
+7 12
+4 12
fe=(79)
148 24
fi=(4)
+5 18
fe=(79)
-4 12
+3 12
+8 30
+4 12
-3 6
+1 6
+2 36
+4 30
-4 6
+4 18
cfi=(80)
cfn=(308)
calls=6 767 
* 3451
+4 12
-4 6
+3 6
+1 6
-1 6
+1 12
fi=(6)
282 39
+4 6
+26 36
+3 323
418 323
fi=(5)
68 323
169 323
68 646
fi=(6)
418 5477
fi=(5)
68 5477
169 5477
68 10976
169 22
68 44
169 26
68 52
+90 17692
fe=(79)
281 40
fi=(4)
80 11
fi=(5)
+23 22
-34 969
fi=(6)
282 80
+3 207
+24 69
cob=(2)
cfi=(308)
cfn=(1706)
calls=1 29 
* 12
cob=(2)
cfi=(126)
cfn=(430)
calls=1 29 
* 3
cob=(2)
cfi=(99)
cfn=(354)
calls=1 29 
* 12
cob=(2)
cfi=(119)
cfn=(408)
calls=2 29 
* 24
cob=(2)
cfi=(126)
cfn=(444)
calls=1 29 
* 12
cob=(2)
cfi=(97)
cfn=(350)
calls=1 31 
* 10
cob=(2)
cfi=(92)
cfn=(340)
calls=1 29 
* 18
cob=(2)
cfi=(120)
cfn=(412)
calls=1 30 
* 12
cob=(2)
cfi=(132)
cfn=(456)
calls=4 29 
* 48
cob=(2)
cfi=(128)
cfn=(440)
calls=4 29 
* 48
cob=(2)
cfi=(112)
cfn=(390)
calls=5 79 
* 60
cob=(2)
cfi=(118)
cfn=(406)
calls=2 71 
* 24
cob=(2)
cfi=(136)
cfn=(468)
calls=4 29 
* 12
cob=(2)
cfi=(138)
cfn=(484)
calls=2 52 
* 14
cob=(2)
cfi=(123)
cfn=(420)
calls=1 31 
* 12
cob=(2)
cfi=(104)
cfn=(368)
calls=1 29 
* 18
cob=(2)
cfi=(125)
cfn=(424)
calls=2 67 
* 24
cob=(2)
cfi=(137)
cfn=(482)
calls=1 41 
* 7
cob=(2)
cfi=(94)
cfn=(344)
calls=1 29 
* 12
cob=(2)
cfi=(134)
cfn=(464)
calls=2 30 
* 24
cob=(2)
cfi=(106)
cfn=(376)
calls=1 29 
* 12
cob=(2)
cfi=(100)
cfn=(358)
calls=3 29 
* 57
cob=(2)
cfi=(133)
cfn=(460)
calls=6 29 
* 108
cob=(2)
cfi=(102)
cfn=(362)
calls=7 29 
* 126
cob=(2)
cfi=(113)
cfn=(392)
calls=7 29 
* 133
cob=(2)
cfi=(131)
cfn=(452)
calls=7 30 
* 84
* 345
fi=(5)
-81 63
+5 38
-2 90
+2 17682
+2 11788
+1 11788
-1 5894
44 5894
235 17682
48 11788
-2 29470
+2 11788
240 46
fi=(6)
+19 46
fi=(5)
-19 92
46 46
241 184
fe=(79)
-93 138
fi=(6)
282 46
+4 92
+26 276
fi=(5)
-99 11
fi=(4)
80 22
fe=(79)
+85 44
281 15
+14 15
fi=(6)
395 48
+2 64
+4 48
+9 16
fi=(5)
68 32
fi=(6)
347 12
+2 8
+9 4
fi=(5)
68 8
fi=(6)
341 12
+1 12
fi=(5)
68 12
fi=(6)
455 66
+5 44
-1 66
+1 44
-1 22
cfi=(1)
cfn=(104)
calls=22 0 
* 412
+2 44
-2 22
+2 66
+1 44
-44 6698
fi=(5)
244 46
68 92
233 20
68 46
fi=(6)
471 92
+2 46
cfi=(23) /usr/src/debug/glibc/glibc/elf/../sysdeps/x86/dl-get-cpu-features.c
cfn=(496) __x86_cpu_features
calls=1 76 
* 6
cob=(2)
cfi=(136)
cfn=(468)
calls=1 29 
* 3
cob=(2)
cfi=(134)
cfn=(464)
calls=1 30 
* 12
cob=(2)
cfi=(133)
cfn=(460)
calls=1 29 
* 18
cob=(2)
cfi=(132)
cfn=(456)
calls=1 29 
* 12
cob=(2)
cfi=(131)
cfn=(452)
calls=1 30 
* 12
cob=(2)
cfi=(130)
cfn=(448)
calls=1 31 
* 12
cob=(2)
cfi=(126)
cfn=(444)
calls=1 29 
* 12
cob=(2)
cfi=(128)
cfn=(440)
calls=1 29 
* 12
cob=(2)
cfi=(127)
cfn=(436)
calls=1 32 
* 12
cob=(2)
cfi=(85)
cfn=(432)
calls=1 31 
* 12
cob=(2)
cfi=(126)
cfn=(430)
calls=1 29 
* 3
cob=(2)
cfi=(121)
cfn=(426)
calls=1 31 
* 12
cob=(2)
cfi=(125)
cfn=(424)
calls=1 67 
* 12
cob=(2)
cfi=(123)
cfn=(420)
calls=2 31 
* 24
cob=(2)
cfi=(121)
cfn=(416)
calls=1 31 
* 12
cob=(2)
cfi=(120)
cfn=(412)
calls=1 30 
* 12
cob=(2)
cfi=(119)
cfn=(408)
calls=1 29 
* 12
cob=(2)
cfi=(118)
cfn=(406)
calls=1 71 
* 12
cob=(2)
cfi=(116)
cfn=(402)
calls=2 31 
* 24
cob=(2)
cfi=(113)
cfn=(398)
calls=1 29 
* 12
cob=(2)
cfi=(113)
cfn=(392)
calls=1 29 
* 19
cob=(2)
cfi=(112)
cfn=(390)
calls=1 79 
* 12
cob=(2)
cfi=(111)
cfn=(388)
calls=1 29 
* 3
cob=(2)
cfi=(109)
cfn=(384)
calls=2 32 
* 24
cob=(2)
cfi=(108)
cfn=(380)
calls=1 30 
* 12
cob=(2)
cfi=(106)
cfn=(376)
calls=1 29 
* 12
cob=(2)
cfi=(105)
cfn=(372)
calls=1 29 
* 18
cob=(2)
cfi=(104)
cfn=(368)
calls=1 29 
* 18
cob=(2)
cfi=(103)
cfn=(366)
calls=1 31 
* 9
cob=(2)
cfi=(102)
cfn=(362)
calls=1 29 
* 18
cob=(2)
cfi=(100)
cfn=(358)
calls=1 29 
* 19
cob=(2)
cfi=(99)
cfn=(354)
calls=1 29 
* 12
cob=(2)
cfi=(97)
cfn=(350)
calls=2 31 
* 20
cob=(2)
cfi=(96)
cfn=(348)
calls=1 31 
* 9
cob=(2)
cfi=(94)
cfn=(344)
calls=1 29 
* 12
cob=(2)
cfi=(92)
cfn=(340)
calls=1 29 
* 18
cob=(2)
cfi=(90)
cfn=(336)
calls=1 33 
* 12
cob=(2)
cfi=(89)
cfn=(334)
calls=1 31 
* 9
cob=(2)
cfi=(87)
cfn=(330)
calls=1 33 
* 18
cob=(2)
cfi=(85)
cfn=(326)
calls=1 31 
* 12
cob=(2)
cfi=(83)
cfn=(322)
calls=1 86 
* 30
+1 46
fi=(5)
68 46
fi=(6)
475 92
282 230
fe=(79)
-1 368
153 12908
+3 2148
-1 2148
+19 2148
-18 4296
fi=(6)
290 138
+1 207
fe=(79)
153 4288
+12 6666
fi=(6)
418 6
fi=(5)
68 6
184 6
68 12
175 20
+75 29
+2 12
+1 12
-1 6
44 6
252 18
48 12
-2 30
+2 12
250 2
fe=(79)
+42 9
cfi=(50)
cfn=(320) _dl_init_static_tls
calls=3 1323 
* 221
* 6
-64 12
+7 18
-9 12
-62 12

fl=(14) /usr/src/debug/glibc/glibc/elf/dl-misc.c
fn=(32) _dl_sysdep_read_whole_file
36 2
+3 1
-3 3
+3 1
-3 1
+3 1
cfi=(15) /usr/src/debug/glibc/glibc/io/../sysdeps/unix/sysv/linux/open64_nocancel.c
cfn=(34) __open_nocancel
calls=1 -11 
* 17
+1 3
+2 4
cfi=(16) /usr/src/debug/glibc/glibc/io/../sysdeps/unix/sysv/linux/fstat64.c
cfn=(36) fstat
calls=1 -12 
* 6
* 3
+2 2
+3 2
+13 3
cfi=(18) /usr/src/debug/glibc/glibc/io/../sysdeps/unix/sysv/linux/close_nocancel.c
cfn=(40) __GI___close_nocancel
calls=1 -35 
* 6
* 1
+3 5
-14 6
cfi=(17)
cfn=(38)
calls=1 -2 
* 23
* 3

fn=(478) _dl_higher_prime_number
85 2
+38 2
-1 2
+3 2
+2 80
+1 30
+3 7
-6 24
+18 2
+1 2
-15 6

fn=(192) _dl_name_match_p
68 2514
+1 838
cfi=(1)
cfn=(122)
calls=419 -69 
* 9972
* 838
+3 415
+2 830
+4 396
-4 792
+1 1359
cfi=(1)
cfn=(122)
calls=453 -75 
* 12129
* 906
+6 61
-11 61
+11 541
-1 358
+1 1074

fl=(45) /usr/src/debug/glibc/glibc/elf/dl-hwcaps.c
fn=(136) _dl_important_hwcaps
171 6
+3 1
-3 1
+3 1
-3 6
+2 1
cfi=(46) /usr/src/debug/glibc/glibc/elf/../sysdeps/x86_64/dl-hwcaps-subdirs.c
cfn=(138) _dl_hwcaps_subdirs_active
calls=1 29 
* 31
fi=(47) /usr/src/debug/glibc/glibc/elf/./dl-hwcaps.h
43 1
fe=(45)
174 1
fi=(47)
45 1
fe=(45)
173 1
fi=(47)
-96 1
+1 2
fe=(45)
-27 2
cfi=(48) /usr/src/debug/glibc/glibc/elf/dl-hwcaps_split.c
cfn=(144) _dl_hwcaps_split_masked
calls=1 * 
* 13
* 2
fi=(47)
-8 1
+34 1
-34 1
+35 1
-33 1
+33 2
fe=(45)
-24 2
-1 2
+1 2
+2 4
-5 4
cfi=(48)
cfn=(144)
calls=2 * 
* 109
* 2
cfi=(48)
cfn=(144)
calls=1 * 
* 117
* 6
+48 3
fi=(35)
-43 2
cfi=(34)
cfn=(100)
calls=1 -20 
* 18
fe=(45)
+43 1
+2 2
fi=(47)
-58 1
fe=(45)
+61 1
+3 1
fi=(47)
-62 1
-2 1
+2 1
fe=(45)
+66 2
cfi=(48)
cfn=(150) _dl_hwcaps_split
calls=1 -86 
* 7
* 2
fi=(47)
-68 1
+34 1
-34 1
+35 1
-33 1
+33 2
fe=(45)
+48 10
+1 4
+1 2
+1 2
-1 2
-4 4
cfi=(48)
cfn=(144)
calls=2 -73 
* 109
* 2
cfi=(48)
cfn=(144)
calls=1 -73 
* 117
* 6
+8 2
+9 3
+3 10
-2 7
+8 2
+4 2
-4 2
+4 3
cfi=(1)
cfn=(152) bcmp
calls=1 0 
* 22
+1 2
+1 1
+5 2
+1 1
-20 2
+19 1
+1 1
-20 2
-1 7
+47 3
-3 1
+7 1
-7 1
+7 1
fi=(35)
56 1
cfi=(34)
cfn=(100)
calls=1 -20 
* 18
* 1
fe=(45)
193 2
-9 1
+16 1
fi=(47)
45 1
fe=(45)
+34 2
184 1
+17 1
fi=(47)
77 1
+1 1
fe=(45)
201 1
fi=(47)
43 1
fe=(45)
201 1
fi=(47)
43 1
fe=(45)
201 1
fi=(47)
78 1
fe=(45)
-2 2
cfi=(48)
cfn=(144)
calls=1 -25 
* 13
* 2
fi=(47)
-33 1
+34 1
fe=(45)
+2 2
fi=(47)
-36 1
+35 1
-33 1
+33 2
fe=(45)
+1 10
+7 2
-7 2
cfi=(1)
cfn=(156) mempcpy
calls=2 -79 
* 30
+4 2
+2 2
+2 2
-2 4
-9 4
cfi=(48)
cfn=(144)
calls=2 -25 
* 109
* 2
cfi=(48)
cfn=(144)
calls=1 -25 
* 117
+2 3
-2 6
212 2
-4 1
+4 1
+3 9

fl=(9)
fn=(18) _dl_sysdep_parse_arguments
78 1
+2 1
-2 7
+1 1
+1 1
-1 1
+2 3
+2 3
-1 1
+1 2
-1 84
+1 168
+3 1
fi=(10) /usr/src/debug/glibc/glibc/elf/../sysdeps/unix/sysv/linux/dl-parse_auxv.h
-43 2
-9 1
fe=(9)
+56 3
-4 1
fi=(10)
-52 1
+1 1
+1 1
fe=(9)
+54 10
fi=(10)
-47 5
+1 44
+1 22
-2 22
+2 22
-2 66
+23 3
fe=(9)
+27 1
+1 1
fi=(10)
-28 1
fe=(9)
+29 1
fi=(10)
-47 1
+18 1
-17 1
+19 1
-18 1
+18 1
-15 1
+1 1
+1 1
+1 1
+2 1
+10 1
fe=(9)
+25 3
fi=(10)
-40 1
+1 1
+1 1
-6 1
+1 1
+8 1
-7 1
-4 1
+1 1
+8 1
+12 1
-2 1
fe=(9)
+27 1
+1 1
+1 2
+1 8

fn=(16)
102 6
+1 1
+3 2
cfn=(18)
calls=1 -28 
* 521
+4 3
cfi=(11)
cfn=(22) __GI___tunables_init
calls=1 311 
* 26350
+3 1
cfi=(21) /usr/src/debug/glibc/glibc/elf/dl-sort-maps.c
cfn=(48) _dl_sort_maps_init
calls=1 289 
* 30
+2 2
cfi=(22) /usr/src/debug/glibc/glibc/elf/../sysdeps/unix/sysv/linux/brk.c
cfn=(52) brk
calls=1 -79 
* 8
fi=(6)
+94 1
cfi=(23)
cfn=(56) _dl_x86_init_cpu_features
calls=1 37 
* 7554
fe=(9)
-87 3
+1 1
cfi=(1)
cfn=(84) strlen
calls=1 0 
* 14
* 1
+2 2
cfi=(30) /usr/src/debug/glibc/glibc/elf/../misc/sbrk.c
cfn=(86) sbrk
calls=1 -88 
* 11
* 3
+12 3
+3 5
cfi=(2)
cfn=(88)
calls=1 1346 
* 2701567
+3 5

fn=(530)
147 1
+1 1

fl=(61) /usr/src/debug/glibc/glibc/elf/../sysdeps/unix/sysv/linux/dl-map-segment-align.c
fn=(210) _dl_map_segment_align
28 36
+4 36
-3 36
+3 36
+1 72

fl=(40)
fn=(118)
24 2
+1 4
cfi=(11)
cfn=(50)
calls=1 610 
* 18
* 5
+14 2

fl=(56)
fn=(2824)
96 32
-38 8
+38 8
-38 8
+40 16
+2 16
+4 8
-4 16
+4 8
-4 8
+1 16
+3 8
cfi=(1)
cfn=(2822) __longjmp
calls=8 0 
* 216
-42 16

fn=(180)
258 80
+2 16
-2 32
+2 16
-2 16
+2 32
cfn=(182) _dl_catch_exception
calls=16 -52 
* 1110052
* 16
+1 32
+1 16
+1 16
-1 16
+3 16
-2 16
+2 80

fn=(181)
258 120
+2 24
-2 48
+2 24
-2 24
+2 48
cfn=(183)
calls=24 -52 
* 91654
* 24
+1 48
+1 24
+1 24
-1 24
+3 24
-2 24
+2 120

fn=(182)
208 87
58 29
208 87
+3 58
+22 29
-1 29
+1 29
58 58
+4 30
+11 30
239 45
cfi=(1)
cfn=(184) __sigsetjmp
calls=15 0 
* 360
* 42
cfi=(1)
cfn=(184)
calls=14 0 
* 336
* 87
+2 116
cfi=(391) /usr/src/debug/glibc/glibc/elf/dl-close.c
cfn=(2992) _dl_close
calls=2 763 
* 158
cob=(2)
cfi=(337)
cfn=(1980)
calls=12 37 
* 6100
cob=(2)
cfi=(301)
cfn=(1658)
calls=1 48 
* 1100208
cfi=(67)
cfn=(240) openaux
calls=13 62 
* 23184
cfi=(2)
cfn=(186)
calls=1 639 
* 2546
69 87
+1 28
243 56
+9 42
-9 60
+9 45
59 28
+11 42
+3 45

fn=(183)
208 189
58 63
208 189
+3 126
+22 61
-1 61
+1 61
58 122
+4 122
+11 122
239 183
cfi=(1)
cfn=(184)
calls=61 0 
* 1464
* 216
+2 244
cfi=(391)
cfn=(2992)
calls=3 763 
* 168
cob=(2)
cfi=(337)
cfn=(1980)
calls=11 37 
* 7890
cfi=(303)
cfn=(1669)
calls=5 751 
* 69627
cob=(2)
cfi=(301)
cfn=(1659)
calls=10 48 
* 82041
cfi=(67)
cfn=(240)
calls=25 62 
* 28181
cfi=(303)
cfn=(1670)
calls=6 514 
* 878755
cfi=(303)
cfn=(1668)
calls=1 751 
* 1098977
69 150
243 200
+9 183
73 150
-15 4
+4 2
+11 2
215 6
cfi=(303)
cfn=(1717)
calls=1 490 
* 2100
cfi=(303)
cfn=(1716)
calls=1 490 
* 286315
69 4
252 6
73 2
218 4
69 11
+1 11
-1 11
+4 11
251 22

fn=(260)
190 4
58 1
192 1
58 1
+1 1
+11 1
196 1
+2 2
cfi=(2)
cfn=(262)
calls=1 672 
* 30828
69 2
+1 1
201 1
+1 4

fn=(2818) _dl_signal_error
114 15
-56 6
+60 9
+2 6
+2 9
cfi=(369)
cfn=(2820) _dl_exception_create
calls=3 -38 
* 422
+1 3
+3 6
-3 3
+3 3
cfi=(1)
cfn=(2822)
calls=3 0 
* 81
-64 6

fn=(3008) _dl_signal_cexception
150 8
+1 4
+6 6
+8 6
cfn=(2824)
calls=2 -69 
* 96

fl=(48)
fn=(148) _dl_hwcaps_contains
66 6
+1 12
+1 6
+9 6

fn=(150)
25 2
+1 3
+1 1
+20 1

fn=(144)
51 55
-25 42
+4 24
+4 54
+1 12
-1 24
+2 24
+5 27
cfi=(1)
cfn=(146)
calls=9 -41 
* 189
+1 18
+3 6
+11 12
+1 12
+1 6
-1 6
+1 6
-2 6
+1 6
+1 3
-1 3
+1 27
cfn=(148)
calls=6 +8 
* 30
* 12
-3 5
+7 44
-19 6
cfi=(1)
cfn=(84)
calls=3 -43 
* 42
* 3

fl=(139)
fn=(1710)
809 20
+3 8
-1 4
+3 8
+4 2
fi=(35)
56 2
cob=(2)
cfi=(152)
cfn=(812)
calls=2 3101 
* 56
* 2
fe=(139)
819 4
+3 4
+2 16
+1 4
-2 4
+2 4
-2 10
627 4
+2 3
+4 1
+1 1
-1 1
+1 2
-1 1
+1 1
-1 1
+1 2
-1 2
+1 6
+1 6
+2 4
-3 6
+1 3
+2 2
-3 3
+8 4
+1 2
-14 2
+15 2
-15 4
fi=(309) /usr/src/debug/glibc/glibc/elf/../include/atomic_wide_counter.h
30 2
fe=(139)
673 2
136 2
+4 2
671 2
+2 4
-2 2
137 13
+3 2
-2 1
+2 1
-2 2
+2 2
-2 1
+2 1
-2 2
+2 2
-2 1
+2 1
-2 2
-1 3
677 1
+2 1
-2 1
150 4
+54 8
+11 4
-1 2
fi=(35)
56 8
cob=(2)
cfi=(152)
cfn=(812)
calls=2 3101 
* 359
fe=(139)
218 4
+6 2
+1 2
+10 2
-10 2
-1 2
+5 2
-5 2
+4 2
+5 2
-3 2
+5 6
-2 2
+3 8
696 2
+11 2
-51 6
+5 2
+61 4
+3 1
+3 8
+4 1
+1 2
+17 4
+5 6
+1 9
+10 3
+17 3
+7 3
-25 6
+18 3
cfi=(140)
cfn=(490)
calls=3 105 
* 330
-33 6
+44 4
+3 4
+3 6
+4 2
fi=(309)
57 6
fi=(35)
-7 4
cob=(2)
cfi=(152)
cfn=(632)
calls=2 3137 
* 66
fe=(139)
832 18
-18 4
-2 4
+2 16
-2 8
+3 4
-25 4
-47 20
+12 8
+1 8
+10 4
+2 8
-2 8
-1 4
+3 9
+3 2
-1 4
+13 3
+7 1
-7 1
cfi=(140)
cfn=(490)
calls=1 105 
* 110
+1 2
+6 2
fi=(140)
55 3
+2 3
fe=(139)
790 3
fi=(140)
55 6
+2 9
+2 6
+2 6
+10 6
fe=(139)
790 3
138 2
695 2
201 4
677 1
+2 1
-2 1
+9 1

fn=(1664)
360 45089
+3 12297
+9 20495
+7 16376
fi=(309)
36 2041
fe=(139)
312 6123
419 4082
+7 6123
-4 2041
+1 4082
321 4082
+4 2041
+2 4082
+1 2041
+1 4082
-2 8144
+1 4072
+1 8144
+2 4084
-6 4084
+13 10202
+12 6123
-1 2041
fi=(140)
55 6123
+2 4082
+2 4082
+2 4082
+10 4082
fi=(309)
-35 2041
fe=(139)
440 4082
fi=(140)
79 8164
+10 2041
-10 4082
+10 2041
fe=(139)
325 16270
+55 8196
+3 2057
-62 4114
+4 4114
+2 12342
+1 6171
+1 12342
+2 8228
-6 8228
+13 8228
+12 4114
-1 2057
fi=(140)
79 12342
+10 4114
-10 6
+10 1
+1 1
-1 1
+1 3
fe=(139)
375 2
+90 8
fi=(140)
90 4098
-1 4098
+1 12294
fe=(139)
375 8196
+90 32784
325 8228

fn=(488)
578 2
+3 1
-3 1
+5 2
+13 1
cfn=(492) _dlfo_process_initial
calls=1 -91 
* 155
* 1
+1 3
fi=(35)
56 1
cfi=(34)
cfn=(100)
calls=1 -20 
* 18
fe=(139)
597 1
+2 2
+3 3
+5 1
+1 1
cfn=(492)
calls=1 505 
* 875
+3 4
+10 3
-37 2
cfi=(140)
cfn=(490)
calls=1 105 
* 129
* 1
+29 1
cfn=(494) _dlfo_sort_mappings
calls=1 -60 
* 268
+3 6
+2 1

fn=(492)
505 2
+3 2
-3 16
+1 2
+3 4
+5 12
+10 2
-11 6
+2 6
+1 14
-1 28
+3 52
+3 48
-7 10
+32 2
+2 20
-24 24
+5 36
+3 6
-1 18
cfi=(140)
cfn=(490)
calls=6 105 
* 696
+2 24

fn=(494)
553 1
+1 2
-1 2
+4 2
-4 2
+4 1
-4 3
+8 1
+1 1
-1 1
+1 2
-1 4
+1 4
-1 4
+1 28
+1 10
+2 10
-3 20
+1 20
+2 20
-3 40
+8 15
+1 5
-1 15
+1 15
+1 20
-15 16
+17 4

fl=(144)
fn=(512)
27 1
+2 2
-2 1
+6 5
-6 1
+6 2
cfi=(142) /usr/src/debug/glibc/glibc/elf/dl-lookup-direct.c
cfn=(500) _dl_lookup_direct
calls=1 +41 
* 121
* 1
+4 3
+2 4
+2 1
-1 1
+1 1
-1 1
cob=(2)
cfi=(145)
cfn=(514)
calls=1 -6 
* 926

fl=(142)
fn=(500)
74 27
+2 6
+2 18
+1 6
+2 6
+5 12
-5 3
+5 6
-2 25
+2 3
-54 3
+54 3
-54 3
+54 3
-54 9
+1 9
+2 6
+1 6
+12 9
+3 3
+2 3
-2 3
+2 9
cfi=(1)
cfn=(122)
calls=3 -53 
* 60
* 6
+4 3
+1 3
-1 3
+1 15
+1 9
cfi=(1)
cfn=(122)
calls=3 -59 
* 82
* 15
+57 18
-23 6

fl=(28) /usr/src/debug/glibc/glibc/elf/../sysdeps/x86/dl-cacheinfo.h
fn=(74) intel_check_word.constprop.0
143 48
-5 24
+11 72
-11 48
+11 48
-11 48
250 24
138 24
243 24
-94 24
+87 24
-98 24
+98 48
-87 24
+87 72
-85 96
+2 60
+2 120
+73 120
-65 120
+65 96
+22 144
fi=(29) /usr/src/debug/glibc/glibc/elf/../bits/stdlib-bsearch.h
28 144
fe=(28)
129 96
fi=(29)
28 108
fe=(28)
129 72
+3 324
fi=(29)
26 768
+2 720
fe=(28)
129 480
+16 12
281 168
fi=(29)
44 60
-18 120
+17 72
fe=(28)
281 24
-80 27
+1 18
+2 18
-32 18
+8 4
+3 8
-3 12
+12 90
+4 58
+2 134
+23 21
-46 120
+2 130
+1 52
+22 40
+1 44
+1 50
+1 38
+1 32
+2 8
+2 16
-2 3
+2 6
+6 14
+3 8
+1 16
-35 4
+1 4
+2 4
-2 16
+1 8
+1 8
+29 9
-5 4
+2 4
+1 4
-2 4
-1 4
+2 8
-2 4
+3 4
-2 12
+2 12
+49 1
-38 2
-52 3
+17 6
-12 10
+1 2
+14 9
+6 15
-23 12
+5 4
+3 3
+1 1
+2 1
-2 3
+1 2
+1 2

fn=(78) get_common_cache_info.constprop.0
798 1
+15 1
+3 1
-18 3
+47 1
-47 3
+47 1
-32 1
+15 2
-11 1
+28 3
+4 3
+5 3
-5 2
-26 1
+17 1
-15 3
+32 13
+1 12
+1 4
+11 8
+4 26
+14 2
-17 8
1018 1
+1 1
-3 1
+1 1
+2 1
-1 1
+1 2
901 6
-22 2
+13 1
+3 1
+1 1
-4 2
+3 3
+6 4
-76 4
+82 4
+8 2
+2 1
-2 3
+2 2
-2 1
-4 3
+31 2
-21 4
+2 1
+2 2
-4 3
+2 1
+2 6
+2 4
+3 2
+8 1
+1 1
-4 1
+2 1
+1 1
-19 4
+46 2
+2 1
-1 1
+1 2
+1 1
+25 1
+11 2
+1 5
+4 2
883 1
+1 1
-1 2
+1 1
+61 2
+7 1
-14 1
+16 1
+6 1
-5 2
+5 1
+49 5

fn=(72) handle_intel.constprop.0
291 24
-6 36
+12 12
+1 12
+3 24
+2 6
+2 2
+5 4
-5 11
+5 44
+5 60
cfn=(74)
calls=12 143 
* 4020
+2 72
+5 72
cfn=(74)
calls=12 143 
* 1654
+2 24
+9 72

fl=(24) /usr/src/debug/glibc/glibc/elf/../sysdeps/x86/cpu-features.c
fn=(58) init_cpu_features.constprop.0
728 1
+23 1
-23 6
+14 1
-2 1
-9 1
+1 1
+1 1
+18 2
+3 6
+6 6
cfn=(60) get_common_indices.constprop.0
calls=1 431 
* 68
409 3
+1 2
+1 6
+5 2
+1 6
+5 2
+1 7
765 1
cfn=(64) update_active.constprop.0
calls=1 94 
* 204
+4 1
+4 1
1162 1
770 3
+3 2
901 2
+7 2
+60 2
+7 2
+2 2
+4 2
+6 2
1162 1
fi=(28)
+62 1
-63 1
fe=(24)
758 1
1162 1
fi=(28)
+62 2
-30 5
fe=(24)
755 1
1154 3
+1 2
+3 2
+1 2
+3 2
+10 1
-3 1
+1 1
+1 1
+1 1
fi=(28)
1042 2
1148 1
+11 1
+5 2
-11 1
+11 1
-16 1
+1 1
+5 1
-5 1
+1 1
+5 1
-5 1
+1 1
+5 1
-5 1
+1 1
+6 1
-6 1
+5 2
+38 2
-17 3
+8 2
+29 6
+9 3
+20 2
+13 2
-13 1
+6 2
+20 1
-20 1
+7 2
cfi=(11)
cfn=(50)
calls=1 610 
* 17
* 1
+3 1
+2 2
-3 1
+1 3
+2 1
-2 1
+2 1
cfi=(11)
cfn=(50)
calls=1 610 
* 17
* 1
+90 1
-78 2
-10 1
+88 2
-82 2
+82 1
-78 1
+78 1
-78 1
cfi=(11)
cfn=(50)
calls=1 610 
* 17
* 1
+1 5
+3 3
+62 2
-53 4
cfi=(11)
cfn=(50)
calls=1 610 
* 17
* 1
+5 1
-4 3
+4 1
+33 1
-33 1
+33 2
-33 1
cfi=(11)
cfn=(50)
calls=1 610 
* 17
* 1
+1 1
+6 2
+44 1
-44 2
cfi=(11)
cfn=(50)
calls=1 610 
* 17
+2 2
-2 1
+44 1
-42 1
-2 1
+26 9
cfi=(11)
cfn=(80) __GI___tunable_set_val
calls=1 167 
* 42
+6 2
+1 2
cfi=(11)
cfn=(82) __tunable_is_initialized
calls=1 159 
* 6
+1 6
+3 10
cfi=(11)
cfn=(80)
calls=1 167 
* 42
+2 10
cfi=(11)
cfn=(80)
calls=1 167 
* 42
+1 10
cfi=(11)
cfn=(80)
calls=1 167 
* 42
+1 10
cfi=(11)
cfn=(80)
calls=1 167 
* 42
+3 10
cfi=(11)
cfn=(80)
calls=1 167 
* 42
+8 1
+5 1
fe=(24)
1176 3
fi=(28)
1354 1
-3 1
+1 1
+3 1
-3 1
+1 1
+3 1
-3 1
+4 1
fe=(24)
1176 1
cfi=(11)
cfn=(50)
calls=1 610 
* 16
+3 4
cfi=(11)
cfn=(50)
calls=1 610 
* 18
+64 1
-1 1
+1 1
+45 4
cfi=(11)
cfn=(50)
calls=1 610 
* 16
+2 4
cfi=(11)
cfn=(50)
calls=1 610 
* 16
+7 2
+6 1
+32 5
cfi=(11)
cfn=(50)
calls=1 610 
* 18
+7 8
fi=(28)
1230 3
+3 1
+1 2
fe=(24)
+75 1
+3 2
-65 3
+27 2
-10 3
+1 4
+6 1
-3 2
fi=(28)
1045 1
+2 2
-2 1
+2 1
cfn=(72)
calls=1 291 
* 470
+1 2
-1 2
+1 1
cfn=(72)
calls=1 291 
* 589
+4 2
-4 2
+1 1
+3 1
cfn=(72)
calls=1 291 
* 491
+2 2
-2 1
+2 1
cfn=(72)
calls=1 291 
* 484
+3 2
-2 1
-1 1
+3 1
cfn=(72)
calls=1 291 
* 443
+2 2
-2 1
+2 1
cfn=(72)
calls=1 291 
* 446
+2 2
-2 1
+2 1
cfn=(72)
calls=1 291 
* 524
+2 2
-2 1
+2 1
cfn=(72)
calls=1 291 
* 514
+2 2
-2 1
+2 1
cfn=(72)
calls=1 291 
* 517
+3 2
-3 1
+3 1
cfn=(72)
calls=1 291 
* 549
+2 2
-2 1
+2 1
cfn=(72)
calls=1 291 
* 552
+2 2
-2 1
+2 1
cfn=(72)
calls=1 291 
* 570
+2 5
-2 1
+2 1
cfn=(78)
calls=1 798 
* 222
* 2
1185 1
-6 2
+6 1
-6 1
+6 2
-6 2
+6 1
-1 3
fe=(24)
775 4
565 4
781 5
+37 2
+3 2
926 1
+1 2

fn=(60)
431 1
+4 4
+3 3
+5 2
-5 1
+5 1
-5 1
+4 1
+1 1
+1 4
+1 4
+1 3
+1 2
+7 2
+2 4
+5 1
-5 1
+5 1
-5 2
+5 1
+7 1
-7 4
+7 1
+1 3
+6 1
-6 4
+6 1
fi=(25) /usr/src/debug/glibc/glibc/elf/../sysdeps/unix/sysv/linux/x86/dl-minsigstacksize.h
24 2
+3 2
+1 2
+37 3
+9 2
fe=(24)
490 2

fn=(64)
94 1
+41 1
-45 1
+23 1
+9 1
-32 1
+12 1
-12 1
+13 1
+24 1
-37 1
+13 1
+18 1
-19 1
-12 1
+12 1
+25 1
-6 1
+10 1
-28 1
+1 1
-14 1
+37 1
+3 1
-9 1
+13 1
-4 2
-9 1
+13 2
-30 1
+8 1
+22 1
-22 1
+22 1
+5 3
-4 1
-23 1
+27 1
-12 1
+3 1
+9 1
+1 1
+2 1
+5 1
-7 2
+1 1
+7 1
-2 1
-5 2
+6 1
-1 1
+1 1
-1 1
+1 1
+1 1
-2 1
+2 1
-1 1
+3 2
+1 4
+14 2
389 2
+4 3
fi=(26) /usr/src/debug/glibc/glibc/elf/../sysdeps/unix/sysv/linux/x86/dl-hwcap2.h
25 2
fi=(27) /usr/src/debug/glibc/glibc/elf/../sysdeps/x86/get-isa-level.h
+6 1
-3 1
+3 2
fe=(24)
403 2
-1 1
+1 5
169 1
+1 1
+2 1
-3 1
+3 1
-3 4
+1 2
+2 3
+90 1
+1 1
-1 2
+17 4
+16 2
+5 1
-1 2
+4 4
+4 2
+4 3
+1 2
+5 1
-1 1
+10 1
-6 1
+2 1
-2 1
+3 1
+3 1
+63 1
fi=(27)
30 1
fe=(24)
389 2
fi=(27)
32 3
+7 4
+1 3
+8 3
+1 1
+2 4
fe=(24)
176 4
+6 2
+14 1
+12 2
-12 1
+12 1
-12 1
+2 1
+10 1
-10 2
+10 1
-12 1
+2 1
+6 2
+4 1
-4 1
+2 1
-2 1
+2 3
+7 5
-24 1
-5 2
+4 1
fi=(27)
54 2
+9 6
fe=(24)

fl=(1)
fn=(146)
0 1555

fn=(0) 0x0000000000028440
0 2
cfi=(2)
cfn=(2)
calls=1 517 
0 2736950
0 8
cfi=(78)
cfn=(538)
calls=1 331 
0 4
0 10
cfi=(153)
cfn=(542)
calls=1 81 
0 39005
0 3
cob=(8)
cfi=(229)
cfn=(870) (below main)
calls=1 0 
0 35360664522

fn=(470)
0 66

fn=(156)
0 708

fn=(184)
0 2160

fn=(122)
0 128301

fn=(160)
0 1168

fn=(152)
0 22

fn=(892) _dl_runtime_resolve_xsave
0 1690
cfi=(231) /usr/src/debug/glibc/glibc/elf/dl-runtime.c
cfn=(894) _dl_fixup
calls=65 46 
0 51165
0 975

fn=(104)
0 1183

fn=(1852)
0 18381
cfi=(333) /usr/src/debug/glibc/glibc/elf/../sysdeps/x86_64/dl-tls.c
cfn=(1854) __tls_get_addr_slow
calls=1 40 
0 123
0 3

fn=(2822)
0 297

fn=(268) strncmp
0 25

fn=(84)
0 1222

fl=(12) /usr/src/debug/glibc/glibc/elf/dl-cache.c
fn=(244) _dl_cache_libcmp
350 95
+1 285
+22 1090
+2 1090
-24 458
+28 458
+1 458
-29 916
+4 553
-2 1106
+20 553
-20 1106
+2 16
+8 8
-2 16
+1 16
+1 26
+1 3
-1 4
+2 35
+1 3
-1 4
+2 16
-16 24
+32 24
-7 261

fn=(24) _dl_load_cache_tunables
611 6
+6 1
cfn=(26) _dl_check_ldsocache_needs_loading
calls=1 407 
* 38
* 2
+3 3
fi=(19) /usr/src/debug/glibc/glibc/elf/../sysdeps/generic/dl-cache.h
324 1
-1 1
fe=(12)
621 1
fi=(19)
323 1
fe=(12)
625 2
fi=(19)
323 2
+1 2
+3 2
+4 1
+2 2
+3 1
+1 2
+2 3
+3 1
+3 2
+3 4
+8 1
+1 2
+3 3
+1 1
-1 1
+2 2
-14 3
+2 1
+2 5
fe=(12)
623 2
+49 4
-54 1
cfn=(30) _dl_maybe_load_ldsocache
calls=1 460 
* 210
* 1
fi=(19)
307 3
fe=(12)

fn=(242) _dl_load_cache_lookup
558 40
+2 16
+3 8
cfn=(26)
calls=8 407 
* 360
* 16
+3 32
+7 8
-3 24
+3 8
-3 16
216 8
-7 8
+7 48
342 46
216 92
+2 435
+1 87
-23 87
+23 87
+4 174
+4 261
cfn=(244)
calls=87 350 
* 7588
+1 174
339 81
+1 35
216 80
567 4
+40 48
238 8
+3 16
+2 32
cfn=(244)
calls=8 350 
* 1036
* 16
+2 2
-9 22
+9 24
fi=(514) /usr/src/debug/glibc/glibc/elf/../sysdeps/x86/dl-isa-level.h
28 36
fe=(12)
255 12
+10 12
+1 18
+16 6
fi=(19)
125 6
fe=(12)
282 24
+9 12
+5 12
+27 12
588 12
fi=(68) /usr/src/debug/glibc/glibc/elf/./dl-scratch-buffer.h
100 6
fe=(12)
601 12
fi=(68)
100 60
fe=(12)
601 12
cfi=(1)
cfn=(84)
calls=6 0 
* 84
fi=(68)
128 6
+1 6
fe=(12)
601 6
fi=(68)
128 6
+1 12
fe=(12)
603 18
cfi=(1)
cfn=(104)
calls=6 0 
* 66
+1 12
cfi=(57) /usr/src/debug/glibc/glibc/string/strdup.c
cfn=(200) strdup
calls=6 40 
* 390
* 6
fi=(68)
140 30
fe=(12)
607 36

fn=(26)
407 27
+12 18
+1 24
+1 40
cfi=(13)
cfn=(28)
calls=8 146 
* 64
* 5
cfi=(13)
cfn=(28)
calls=1 146 
* 8
+26 9
-26 9
+1 27
+4 18
+14 18
+1 18
+1 18
+1 18
+4 18
+5 40
+2 17
-6 1
+6 1

fn=(30)
460 1
+6 2
-6 2
+3 1
+3 2
cfi=(14)
cfn=(32)
calls=1 36 
* 93
+8 6
+1 6
+3 2
+1 1
-1 4
fi=(19)
194 1
+1 5
fe=(12)
487 1
fi=(19)
324 1
-1 4
+1 2
+3 2
+4 1
+2 2
+3 1
+1 2
+2 3
+3 1
+3 2
+3 4
+8 1
+1 2
+3 3
+1 1
-1 1
+2 2
-14 3
+2 1
+2 5
-59 3
+4 1
+1 1
+1 1
+8 3
+4 1
+1 1
+1 2
fe=(12)
+78 3
64 1
394 1
+1 1
+1 1
64 1
542 1
+1 1
66 1
+1 1
542 1
+1 3
68 1
540 1
+1 1
+2 2
+2 3
+1 2

fl=(141)
fn=(498)
30 2
+10 3
-10 1
+10 1
-10 1
+7 1
+3 2
cfi=(142)
cfn=(500)
calls=1 +34 
* 148
+4 2
+1 9
+2 5
-2 1
+2 1
cfi=(142)
cfn=(500)
calls=1 +27 
* 132
* 1
+4 2
+1 7
+1 4

fl=(333)
fn=(1854)
40 3
+1 1
+2 1
+1 2
fi=(50)
+67 1
fe=(333)
-64 3
+11 2
+5 2
+13 1
-13 1
cfi=(50)
cfn=(1858) update_get_addr
calls=1 1065 
* 106

fl=(21)
fn=(48)
289 2
+1 4
cfi=(11)
cfn=(50)
calls=1 610 
* 18
+2 3
-1 1
+2 2

fn=(256) _dl_sort_maps
298 64
+8 4
-8 4
+8 8
+4 40
-99 4
-28 4
-2 4
+1 4
+29 4
-28 16
+1 4
-1 4
+1 4
-1 8
+1 25
-1 25
+1 25
-1 50
+28 56
+8 20
-3 8
+3 20
-3 4
+2 8
+3 79
+2 29
-83 58
+3 72
cfn=(258) dfs_traversal.part.0
calls=24 -8 
* 1077
+83 82
+18 28
+19 12
cfi=(1)
cfn=(104)
calls=4 0 
* 55
+13 16
+7 4
+27 4

fn=(258)
135 72
+10 24
-2 24
+2 48
+2 72
-7 36
+7 248
-7 106
+3 6
cfn=(259) dfs_traversal.part.0'2
calls=2 -8 
* 215
+4 16
+9 48
+15 72
+1 24
+1 48
-17 18

fn=(259)
135 15
+10 5
-2 5
+2 10
+2 16
-7 8
+7 39
-7 27
+3 9
cfn=(259)
calls=3 -8 
* 96
+4 26
+9 10
+15 15
+1 5
+1 10
-17 15

fl=(80)
fn=(312) do_lookup_x
344 4078
+65 4078
-65 20390
fi=(82) /usr/src/debug/glibc/glibc/elf/../sysdeps/generic/dl-protected.h
29 4078
fe=(80)
344 24468
+6 4078
+59 4078
fi=(82)
29 4078
fe=(80)
351 4078
+58 28546
-26 30458
+4 30458
+6 45687
+8 15229
-4 15229
+1 15229
+3 60916
+1 30458
+3 15229
-3 15229
+4 30458
+4 30458
-2 15229
+5 30458
+3 76145
+99 34575
355 30458
+3 30458
+4 30552
515 66
355 44
+3 44
+4 44
518 748
fi=(4)
152 7408
+1 11112
fe=(80)
473 7408
fi=(82)
29 7408
fe=(80)
480 21662
+16 7238
+1 3619
+1 7238
+21 25333
-21 170
+21 3213
-52 387
+2 384
-49 11898
-1 7932
+2 7932
+2 7786
+5 46716
+8 16455
-10 45930
+3 3749
-1 3749
+1 3749
-1 3749
+1 3749
-1 7498
+2 3749
-1 3749
+1 3749
-1 44988
cfn=(314) check_match
calls=3749 70 
* 309351
+4 48257
219 255
+2 85
-2 85
+2 85
-2 170
+2 85
+2 85
-2 255
cob=(2)
cfi=(304)
cfn=(1662)
calls=3 71 
* 105
cfi=(31)
cfn=(108)
calls=82 43 
* 246
+2 85
+2 340
-1 84
+3 504
+1 84
-1 84
+1 84
-1 84
+1 168
-1 168
+1 168
-1 1850
+24 354
+3 96
+1 288
-23 180
-1 360
+1 6
cfi=(1)
cfn=(122)
calls=3 0 
* 71
* 6
+2 9
+13 9
cob=(2)
cfi=(306)
cfn=(1680)
calls=3 357 
* 78
+1 3
484 5850
+5 1
fi=(35)
44 4
cfi=(34)
cfn=(96)
calls=1 +36 
* 28
* 1
fe=(80)
299 2
+3 1
-75 1
+70 2
+7 1
-1 1
-6 1
+7 1
167 12
+1 6
313 1
-1 4
-5 2
+6 81
-1 324
-5 162
+19 82
+2 164
-2 164
+2 82
cfi=(31)
cfn=(108)
calls=82 43 
* 246
+2 164
+1 82
-1 82
+1 82
173 518
-2 84
+1 252
-3 332
+7 82
+1 82
+1 82
+1 82
315 328
-56 1215
+7 10
cfi=(14)
cfn=(478)
calls=2 85 
* 159
fi=(35)
44 2
fe=(80)
266 2
fi=(35)
44 4
cfi=(34)
cfn=(96)
calls=2 +36 
* 56
* 2
fe=(80)
269 4
168 6
276 2
168 6
276 286
+1 276
+1 140
167 70
278 210
167 70
+1 70
-1 70
+1 210
+1 440
+2 14
+1 42
-3 168
+7 70
+3 70
-2 70
+2 70
+77 368
445 1728
173 10
282 6
+2 2
-2 8
cfi=(34)
cfn=(480)
calls=2 97 
* 10
167 2
285 2
-2 2
+3 4
-1 2
+1 4
167 4
+1 2
-1 2
+1 8
+76 3
+1 3

fn=(308)
767 11349
+3 3783
-3 75660
+3 3783
fi=(81) /usr/src/debug/glibc/glibc/elf/../sysdeps/generic/dl-new-hash.h
74 3783
+3 7566
-8 3783
+1 11349
+10 3783
+1 7566
-1 70765
+1 141530
+20 72661
-2 72661
+6 72661
-3 145322
+2 72661
-30 72661
+3 145322
fe=(80)
770 3783
-1 3783
+4 3783
-4 3783
+1 3783
+7 14440
+5 7566
-2 7566
+6 7566
-7 7566
-8 3783
+15 9436
+1 57092
cfn=(312)
calls=4078 344 
* 1395203
* 12234
+5 11349
+23 3704
+1 22120
+7 3704
-7 3704
+35 25928
+14 11112
+3 7408
+17 3704
-74 3704
+76 40744
-76 77
+76 847
fi=(81)
87 1887
+1 1887
+1 3774
+1 1887
fe=(80)
794 624
+1 4
+3 8
+7 2
-6 4
+5 14
cfi=(369)
cfn=(3004) _dl_exception_create_format
calls=2 107 
* 1583
+4 8
cfi=(56)
cfn=(3008)
calls=2 150 
* 120
+64 77
-60 154
+54 2
-12 786
532 482
201 21
546 6
+4 6
+1 6
+2 18
+1 18
-1 30
805 4
-1 8
-5 2
+1 4

fn=(314)
70 14996
+3 29992
+13 33741
+3 12478
cfi=(1)
cfn=(122)
calls=996 -89 
* 24242
* 1992
+4 7498
+1 7498
+4 6964
+4 6964
+1 31338
+1 17175
cfi=(1)
cfn=(122)
calls=3435 0 
* 74717
* 13740
+54 11103
+1 11103
-18 534
+2 534
+1 267
-1 534
+1 801
-1 534
+4 2
-38 141
+1 47
+1 188
-33 45
+81 144
-47 21
+3 12
-37 6

fl=(23)
fn=(56)
37 1
+2 3
-2 1
+4 1
cfi=(24)
cfn=(58)
calls=1 728 
* 7541
+8 3
+6 2
+19 2

fn=(496)
76 1
-37 3
+37 2

fl=(46)
fn=(138)
29 1
fi=(27)
+2 4
+1 3
+7 5
+1 4
+8 3
+3 4
+3 2
fe=(46)
-3 4
+1 1

fl=(53)
fn=(172)
29 1
+2 4

fn=(532)
41 7
+4 14
+1 7
-1 7
+2 35

fn=(5084) _dl_audit_objclose
97 11
+1 44

fn=(948)
118 1
+1 4

fn=(228) _dl_audit_objopen
77 9
+1 36

fl=(33)
fn=(106)
31 30
+2 10
-2 30
+2 10
cob=(2)
cfi=(304)
cfn=(1662)
calls=4 +38 
* 140
cfi=(31)
cfn=(108)
calls=6 +10 
* 18
+2 68
+3 216
+2 9
+2 9
+4 9
+1 9
+3 9
-4 9
+1 9
+1 18
+3 27
-1 9
cob=(2)
cfi=(306)
cfn=(1680)
calls=4 357 
* 104
cfi=(31)
cfn=(108)
calls=5 -7 
* 15
-4 1
+1 1
+3 1
-4 1
+1 1
+1 2
+3 3
-1 1
cfi=(31)
cfn=(108)
calls=1 -7 
* 3
-5 2

fn=(94)
59 140
+3 20
+18 9
+3 18
cfi=(1)
cfn=(84)
calls=9 -83 
* 146
+4 9
-4 9
+4 9
+5 9
-9 27
fi=(35)
-39 18
cob=(2)
cfi=(152)
cfn=(1672)
calls=4 3515 
* 1864
cfi=(34)
cfn=(96)
calls=5 +36 
* 140
fe=(33)
+39 1
fi=(35)
-39 2
cfi=(34)
cfn=(96)
calls=1 +36 
* 34
* 10
fe=(33)
+51 20
+4 10
-1 10
+6 10
-5 10
+5 10
-5 10
+4 10
+1 20
-1 10
+1 10
cfi=(1)
cfn=(104)
calls=10 0 
* 137
* 10
+15 10
-15 10
+2 10
+13 20
+6 1
+2 7
+3 2
-3 63
+3 18
+2 10
+4 10
+3 24
+2 12
-2 8
+2 8
-2 16
+16 20
-5 10
-1 10
+30 10
-30 10
+6 30
+2 18
+3 18
-3 14
+7 28
+4 14
+8 5
+3 5
+10 20
-10 5
+10 20
+2 9
cfi=(1)
cfn=(84)
calls=9 0 
* 158
+21 9
-21 18
+17 9
-13 26
+29 5
cfi=(305) /usr/src/debug/glibc/glibc/elf/../sysdeps/unix/sysv/linux/getcwd.c
cfn=(1678) getcwd
calls=1 49 
* 18
+1 2
-8 1
fi=(35)
62 4
cob=(2)
cfi=(152)
cfn=(1676)
calls=1 3190 
* 36
* 1
fe=(33)
219 2
+20 2
cfi=(1)
cfn=(84)
calls=1 0 
* 22
* 1
+1 2
+1 2
+4 3
cfi=(1)
cfn=(156)
calls=1 0 
* 14
* 24
cfi=(1)
cfn=(156)
calls=8 0 
* 122
* 9
+5 18
+1 18
-1 280
+1 280
+4 18
+1 9
+3 9
+4 90
131 20
-8 9
-4 18
+34 1
+7 4
+8 34
+2 8
+6 8
-15 4
fi=(35)
56 16
cob=(2)
cfi=(152)
cfn=(812)
calls=3 3101 
* 90
cfi=(34)
cfn=(100)
calls=5 -20 
* 188
* 8
fe=(33)
200 16
-1 16
64 2
+2 3
+1 6
+10 1
-6 2

fl=(49)
fn=(168)
104 10
+3 10
-2 10
+2 20
+4 10
cfi=(52) /usr/src/debug/glibc/glibc/elf/dl-debug_state.c
cfn=(170) _dl_debug_state
calls=10 -83 
* 20
-4 30

fn=(162)
120 7
-44 14
+46 14
+5 3
+27 3
+3 14
-37 7
+48 7
-8 2
+2 3

fn=(226)
94 21
-17 21
-1 42
+20 42
+4 21

fn=(508)
46 3
+6 4
-1 1
+1 4
cfi=(80)
cfn=(308)
calls=1 767 
* 616
* 1
+2 5
+2 7
+1 3
+13 2

fl=(58) /usr/src/debug/glibc/glibc/io/../sysdeps/unix/sysv/linux/read_nocancel.c
fn=(204) __read_nocancel
25 10
+1 40
+1 10

fl=(369)
fn=(2820)
84 27
+1 6
+2 9
cfi=(1)
cfn=(84)
calls=3 -87 
* 58
* 3
+1 6
cfi=(1)
cfn=(84)
calls=3 -88 
* 42
* 3
+1 3
fi=(35)
-33 3
cob=(2)
cfi=(152)
cfn=(812)
calls=3 3101 
* 90
fe=(369)
+34 6
+3 15
cfi=(1)
cfn=(156)
calls=3 -93 
* 39
* 12
cfi=(1)
cfn=(104)
calls=3 -93 
* 46
+3 3
-3 3
-21 3
+24 3
-23 18
+5 3
+23 21

fn=(3004)
107 26
+1 6
+2 2
cfi=(1)
cfn=(84)
calls=2 0 
* 52
* 2
+3 2
-3 2
+6 2
+1 2
-1 8
+1 8
+31 72
-31 108
+4 42
-3 84
-1 6
+3 6
+1 42
+3 54
cfi=(1)
cfn=(84)
calls=6 0 
* 92
* 6
-4 6
-3 22
+35 4
fi=(35)
-96 4
cob=(2)
cfi=(152)
cfn=(812)
calls=2 3101 
* 60
* 2
fe=(369)
158 4
-86 2
+91 2
-85 2
-5 4
+5 6
+96 2
-3 2
+3 6
+2 2
-2 2
+2 8
+54 72
+2 36
+1 72
-57 168
+1 84
+3 6
-1 6
+1 12
-4 2
+60 4
+3 2
+1 2
-2 2
+2 6
+2 6
cfi=(1)
cfn=(104)
calls=2 0 
* 24
* 2
+3 14
-61 48
+1 12
cfi=(1)
cfn=(84)
calls=6 0 
* 92
+1 24
+2 24
cfi=(1)
cfn=(156)
calls=6 0 
* 87
* 6
+2 6

fn=(2834)
39 6
+1 18
fi=(35)
+10 6
cob=(2)
cfi=(152)
cfn=(632)
calls=6 3137 
* 169
fe=(369)

fl=(71)
fn=(264)
399 3
+4 3
-2 7
+4 14
+3 7
-3 28
cfn=(266)
calls=7 155 
* 30726
-2 7
+1 7
-1 15

fn=(266)
155 22
+15 44
+2 88
+2 11
+1 33
+2 22
+3 18
+4 18
-28 9
+8 9
+61 54
36 18
200 18
36 59
200 32
36 48
+1 107
-1 214
+2 396
cfi=(14)
cfn=(192)
calls=132 +30 
* 10332
* 264
208 50
+5 25
99 75
213 75
+8 25
-3 25
-1 25
+1 25
+3 25
-3 25
-1 25
+1 75
+3 114
-3 114
-1 114
+1 114
+3 114
-3 114
-1 114
+1 467
56 556
+8 278
+6 417
+16 139
+1 278
+2 139
+5 1251
+14 6136
+12 8787
+4 2929
-30 5858
231 556
+3 417
+5 114
-24 114
110 139
+3 556
cfi=(1)
cfn=(122)
calls=139 0 
* 3328
* 417
224 417
+1 15
cfi=(1)
cfn=(122)
calls=5 0 
* 140
* 10
+3 60
+15 75
+5 16
-50 16
+59 45
+3 10
+3 30
+3 25
+4 5
-7 20
+3 15
+4 139
-7 556
+3 422
+8 10
+6 20
fi=(35)
44 10
fe=(71)
280 10
fi=(35)
44 10
cob=(2)
cfi=(152)
cfn=(1672)
calls=4 3515 
* 627
cfi=(34)
cfn=(96)
calls=6 +36 
* 227
fe=(71)
281 20
-2 10
fi=(35)
44 10
fe=(71)
281 10
+13 10
-3 10
+3 40
+2 20
+3 27
+4 75
+7 139
+1 139
-1 417
+1 139
+1 139
-2 139
+2 278
+1 417
+3 417
+5 114
-15 114
+2 456
-2 25
+2 100
+16 75
+5 16
-28 16
+71 20
+1 18
+1 18
+1 12
+19 90
-60 20
+3 15
+4 144
+6 144
+1 144
+1 144
-1 288
+1 144
-1 144
+1 144
+1 144
+3 432
+4 144
-14 298
+10 15
+11 949
+1 606
+1 60
156 2
+8 2
+93 10
-86 1
394 3
274 10
377 4
+2 120
+1 58
+2 1
+1 2
-1 1
+1 1
cfi=(1)
cfn=(268)
calls=1 0 
* 25
* 3

fl=(153)
fn=(544) call_init.part.0
26 10
+17 10
-17 20
+20 10
-3 10
-17 60
+17 10
+3 20
+5 18
+8 27
+1 42
cob=(3)
cfi=(154)
cfn=(2916) 0x0000000004f56000
calls=1 -60 
* 7
cob=(3)
cfi=(154)
cfn=(1832) 0x0000000005046000
calls=1 -60 
* 7
cob=(3)
cfi=(154)
cfn=(1718) 0x00000000050ad000
calls=1 -60 
* 7
cob=(3)
cfi=(154)
cfn=(594) 0x0000000004919000
calls=1 -60 
* 7
cob=(3)
cfi=(154)
cfn=(584) 0x0000000004bbc000
calls=1 -60 
* 7
cob=(3)
cfi=(154)
cfn=(568) 0x0000000004cb8000
calls=1 -60 
* 7
cob=(3)
cfi=(154)
cfn=(546) 0x000000000487b000
calls=1 -60 
* 7
+3 9
+1 18
+6 24
+3 16
-1 79
+2 92
cob=(12)
cfi=(384)
cfn=(3156)
calls=1 -74 
* 2393
cob=(12)
cfi=(384)
cfn=(2926)
calls=1 -74 
* 28205
cob=(10)
cfi=(332)
cfn=(1842)
calls=1 -74 
* 238027
cob=(9)
cfi=(318) /home/m0hawk/.bridgestan/bridgestan-2.9.0/stan/lib/stan_math/lib/tbb/../tbb_2020.3/src/tbb/tbb_main.cpp
cfn=(1816) _GLOBAL__sub_I_tbb_main.cpp
calls=1 585 
* 138
cob=(9)
cfi=(328) /home/m0hawk/.bridgestan/bridgestan-2.9.0/stan/lib/stan_math/lib/tbb/../tbb_2020.3/src/tbb/observer_proxy.h
cfn=(1814) _GLOBAL__sub_I_observer_proxy.cpp
calls=1 -14 
* 4
cob=(9)
cfi=(316) /home/m0hawk/.bridgestan/bridgestan-2.9.0/stan/lib/stan_math/lib/tbb/../tbb_2020.3/src/tbb/scheduler.cpp
cfn=(1754) _GLOBAL__sub_I_scheduler.cpp
calls=1 1400 
* 5281
cob=(9)
cfi=(311) /home/m0hawk/.bridgestan/bridgestan-2.9.0/stan/lib/stan_math/lib/tbb/../tbb_2020.3/src/tbb/dynamic_link.cpp
cfn=(1728) _GLOBAL__sub_I_dynamic_link.cpp
calls=1 390 
* 11844
cob=(7)
cfi=(210)
cfn=(864)
calls=1 2798 
* 6
cob=(7)
cfi=(227)
cfn=(856)
calls=1 +86 
* 50
cob=(7)
cfi=(227)
cfn=(848)
calls=1 +86 
* 50
cob=(7)
cfi=(227)
cfn=(840)
calls=1 +86 
* 34
cob=(7)
cfi=(227)
cfn=(832)
calls=1 +86 
* 34
cob=(7)
cfi=(226)
cfn=(830)
calls=1 -32 
* 38
cob=(7)
cfi=(224)
cfn=(826)
calls=1 +53 
* 57
cob=(7)
cfi=(216)
cfn=(798)
calls=1 456 
* 1224
cob=(7)
cfi=(214)
cfn=(794)
calls=1 +54 
* 10
cob=(7)
cfi=(213)
cfn=(792)
calls=1 +34 
* 3
cob=(7)
cfi=(212)
cfn=(788)
calls=1 260 
* 163
cob=(7)
cfi=(211)
cfn=(782)
calls=1 -74 
* 12
cob=(7)
cfi=(210)
cfn=(780)
calls=1 2798 
* 71
cob=(5)
cfi=(164)
cfn=(578)
calls=1 -74 
* 12
cob=(2)
cfi=(160)
cfn=(566)
calls=1 -10 
* 22
cob=(2)
cfi=(159)
cfn=(564)
calls=1 549 
* 12
* 32
cob=(12)
cfi=(384)
cfn=(2920)
calls=1 -74 
* 12
cob=(10)
cfi=(332)
cfn=(1836)
calls=1 -74 
* 12
cob=(9)
cfi=(310) ???
cfn=(1722) 0x00000000000120d0
calls=1 -74 
* 12
cob=(7)
cfi=(166)
cfn=(598)
calls=1 +44 
* 36102
cob=(6)
cfi=(165) ???
cfn=(588) 0x00000000000114d0
calls=1 -74 
* 12
cob=(5)
cfi=(161)
cfn=(572)
calls=1 -14 
* 367
cob=(2)
cfi=(156)
cfn=(556)
calls=1 -28 
* 82
cob=(4)
cfi=(155)
cfn=(550)
calls=1 -74 
* 12
-1 101
+3 60
-29 2

fn=(545) call_init.part.0'2
26 1
+17 1
-17 2
+20 1
-3 1
-17 6
+17 1
+3 2
+5 2
+8 3
+1 6
cob=(3)
cfi=(154)
cfn=(1954) 0x00000000050e6000
calls=1 -60 
* 7
+3 1
+1 2
+6 3
+3 2
-1 8
+2 4
cob=(11)
cfi=(336)
cfn=(1964) 0x0000000000002040
calls=1 -74 
* 1941
* 4
cob=(11)
cfi=(336)
cfn=(1958) 0x0000000000002150
calls=1 -74 
* 12
-1 7
+3 6

fn=(542)
81 4
+1 2
-1 2
+2 2
-2 4
+5 2
-5 12
+5 4
+8 4
+25 2
+1 28
+1 30
-92 30
+6 45
+2 30
+6 27
+77 18
cfn=(544)
calls=9 -94 
* 324946
* 18
+7 14
-98 2
+60 2
-54 3
+2 6
+6 1
cfn=(544)
calls=1 -17 
* 74
* 2

fn=(543)
81 2
+1 1
-1 1
+2 1
-2 2
+5 1
-5 6
+5 2
+8 2
+25 1
+1 11
+1 6
-92 6
+6 9
+2 6
+6 3
+77 2
cfn=(545)
calls=1 -94 
* 2023
* 2
+7 7

fl=(11)
fn=(80)
167 18
-92 6
+92 6
-92 30
+3 30
+21 6
-11 6
+12 6
-1 18
+1 24
+4 12
+2 12
+4 6
-4 12
+11 12
+1 12
+3 12
+1 6
+1 6
+1 6
+47 6

fn=(22)
311 12
+11 2
-11 1
+11 6
+11 2
cfi=(12)
cfn=(24)
calls=1 611 
* 318
* 1
+1 2
471 3
+4 8
+2 1
45 172
+6 344
-6 258
+6 85
-3 85
+3 5910
+1 72
-3 144
+2 396
+1 5
-3 20
+2 2657
+4 170
+4 85
fi=(20) /usr/src/debug/glibc/glibc/elf/dl-tunables.h
161 180
fe=(11)
508 6
+11 3
-8 36
+7 27
+9 8
51 1316
201 85
490 85
+3 170
-2 255
+2 255
-3 680
+3 1360
-2 2040
+2 2040
-5 2380
fi=(20)
160 2544
+1 1696
-1 415
fe=(11)
49 10

fn=(50)
610 34
+3 68
-3 34
+3 170
+9 31
-9 62
+19 20
+7 102
+2 34
-19 14
+1 14
+9 6

fn=(82)
159 1
+1 4
+1 1

fl=(52)
fn=(170)
28 10
+1 10

fl=(391)
fn=(2992)
763 15
+5 10
cob=(2)
cfi=(304)
cfn=(1662)
calls=5 71 
* 139
+7 10
+17 15
124 5
-7 5
+7 5
+7 10
800 5
+1 5
-1 5
cob=(2)
cfi=(306)
cfn=(1680)
calls=5 357 
* 97

fl=(8)
fn=(14)
25 11
+3 33
+3 33
+1 22
+2 11
-1 11
+3 33
+1 11
+1 22
+2 11
-2 11
+3 22
+4 22
-2 11
+2 22
+5 11

fl=(50)
fn=(472)
1239 14
+1 42
-1 9
+9 3
+3 3
+1 3
+4 9
+45 3
-9 6
-51 11
+61 11
-7 6
+1 9
+5 3
-3 3
+4 6

fn=(1858)
1065 2
+1 2
cfn=(1860) _dl_update_slotinfo
calls=1 836 
* 92
+1 1
-1 1
+3 3
+2 2
-79 1
+83 2

fn=(320)
1323 6
+1 6
-1 15
+1 6
+4 12
+4 15
-14 3
-1 3
-8 6
+8 3
-8 3
+8 6
cfi=(1)
cfn=(156)
calls=3 0 
* 44
* 12
cfi=(1)
cfn=(160)
calls=3 0 
* 42
+15 9
+3 12
+1 18

fn=(486)
1196 1
+1 1
+3 4
+6 6
-6 9
+2 12
+1 8
+6 1
+2 2
+3 1

fn=(280)
524 3
fi=(73) /usr/src/debug/glibc/glibc/elf/./dl-tls_block_align.h
23 1
fe=(50)
+75 1
530 2
fi=(35)
56 1
cfi=(34)
cfn=(100)
calls=1 -20 
* 77
fe=(50)
532 2
fi=(73)
41 2
+6 2
+1 1
-1 3
+5 1
-5 1
+5 1
-4 1
+4 2
cfi=(1)
cfn=(160)
calls=1 -52 
* 147
fe=(50)
542 1
fi=(35)
44 1
fe=(50)
472 1
+5 1
fi=(35)
44 1
cfi=(34)
cfn=(96)
calls=1 +36 
* 28
fe=(50)
478 2
-2 1
+11 1
-11 1
+11 1
+60 2
104 3
552 4

fn=(274)
134 2
+3 1
-3 1
+3 1
-3 2
+3 2
cfi=(11)
cfn=(50)
calls=1 610 
* 17
* 1
+1 4
cfi=(11)
cfn=(50)
calls=1 610 
* 17
+1 1
+2 1
-3 1
+1 2
+2 3
+3 1
+2 1
-26 3
+28 3
+1 4

fn=(474)
624 3
+1 3
+4 1
+6 2
+3 3
-3 4
cfi=(31)
cfn=(108)
calls=1 43 
* 3
+3 3
+12 1
-18 3
+88 2
cfi=(31)
cfn=(108)
calls=1 43 
* 3
+3 7
+3 3
-95 1
+24 9
+26 6
+1 12
+2 6
+1 6
+9 3
+10 9
+2 15
cfi=(1)
cfn=(156)
calls=3 0 
* 44
* 15
cfi=(1)
cfn=(160)
calls=3 0 
* 42
+4 3
-55 3
+59 6
-59 12
+6 8
+3 9
+1 6
+6 9
+3 3
-2 3
+6 3
-6 3
+2 6
+4 3
-4 6
+3 6

fn=(164)
235 1
+2 2
+1 1
+15 2

fn=(250) _dl_assign_tls_modid
162 6
+16 3
-13 9
+55 3
-2 3
+5 3
+2 6
+5 6

fn=(1860)
836 3
+2 1
+46 4
+3 5
+1 2
+59 3
-61 1
+61 2
-53 15
+8 3
+3 6
+4 6
+6 3
-21 12
+5 12
+64 1
+1 2
+13 7
+4 4

fn=(276)
258 2
+37 1
-37 3
+37 3
-2 1
-32 1
-1 1
-1 2
+63 9
+3 3
-3 15
+5 3
+7 3
-7 12
+3 3
-34 3
-1 6
+1 4
-1 8
+3 21
+4 3
-1 3
+5 3
-5 3
+1 3
-1 3
+3 6
+2 9
-11 1
fi=(72) /usr/src/debug/glibc/glibc/elf/../sysdeps/unix/sysv/linux/dl-extra_tls.h
32 3
+12 1
-12 1
cfi=(11)
cfn=(50)
calls=1 610 
* 18
+1 3
+4 10
+14 4
cfi=(11)
cfn=(50)
calls=1 610 
* 18
+1 3
fe=(50)
357 6
462 1
+1 1
-95 1
+95 2
-93 1
-2 2
+3 7
+2 2
+90 2
fi=(72)
54 1
fe=(50)
351 3
+6 3

fl=(32)
fn=(92)
28 2
+1 2
+3 91
+13 84
-13 168
+2 170
+1 30
+5 1
-3 1
+3 1
+2 1

fl=(15)
fn=(34)
28 19
+3 19
-3 19
+3 114
+8 133
+2 11
-2 24
+2 8

fl=(482) /usr/src/debug/glibc/glibc/elf/dl-call_fini.c
fn=(5060) _dl_call_fini
24 44
+4 22
+6 11
-2 11
+3 22
+4 18
+3 27
-4 54
+5 9
cob=(11)
cfi=(336)
cfn=(5228) 0x0000000000002100
calls=1 -43 
* 112
cob=(6)
cfi=(165)
cfn=(5208) release_registered_frames
calls=1 -43 
* 39
cob=(5)
cfi=(449)
cfn=(5188)
calls=1 +15 
* 39
cob=(7)
cfi=(211)
cfn=(5150)
calls=1 -43 
* 1589
cob=(9)
cfi=(310)
cfn=(5134) 0x0000000000012080
calls=1 -43 
* 112
cob=(10)
cfi=(332)
cfn=(5118)
calls=1 -43 
* 112
cob=(12)
cfi=(384)
cfn=(5102)
calls=1 -43 
* 112
cob=(4)
cfi=(155)
cfn=(5086)
calls=1 -43 
* 112
cob=(8)
cfi=(229)
cfn=(5062) 0x0000000000017a10
calls=1 -43 
* 112
* 2
cob=(6)
cfi=(165)
cfn=(5212) 0x0000000000011480
calls=1 -43 
* 112
cob=(5)
cfi=(164)
cfn=(5192)
calls=1 -43 
* 112
-1 51
+5 9
+1 18
-1 2
+1 4
+1 9
+1 9
-1 9
+1 9
-1 9
cob=(3)
cfi=(154)
cfn=(5242) 0x00000000050fc5b4
calls=1 -49 
* 4
cob=(3)
cfi=(154)
cfn=(5226) 0x0000000004c51b24
calls=1 -49 
* 4
cob=(3)
cfi=(154)
cfn=(5206) 0x0000000004ce3e84
calls=1 -49 
* 4
cob=(3)
cfi=(154)
cfn=(5186) 0x0000000004af62f4
calls=1 -49 
* 4
cob=(3)
cfi=(154)
cfn=(5148) 0x00000000050cf8f8
calls=1 -49 
* 4
cob=(3)
cfi=(154)
cfn=(5132) 0x0000000005075060
calls=1 -49 
* 4
cob=(3)
cfi=(154)
cfn=(5116) 0x000000000500e734
calls=1 -49 
* 4
cob=(3)
cfi=(154)
cfn=(5100) 0x000000000487b280
calls=1 -49 
* 4
cob=(3)
cfi=(154)
cfn=(5082) 0x00000000003eedfc
calls=1 -49 
* 4
+1 6

fl=(54)
fn=(176)
87 1
+1 2
+8 4
fi=(55) /usr/lib/gcc/x86_64-pc-linux-gnu/16/include/smmintrin.h
634 1
+53 1
fe=(54)
160 1
fi=(55)
711 4
-77 4
fe=(54)
166 4
fi=(55)
687 8
+24 4
-24 4
+24 4
fe=(54)
160 8
+2 10
fi=(55)
634 1
fe=(54)
163 3
+5 1
-69 2
fi=(515) /usr/lib/gcc/x86_64-pc-linux-gnu/16/include/emmintrin.h
1342 2
1462 1
fe=(54)
104 1
+1 2
+2 1
fi=(515)
707 1
fe=(54)
109 1
fi=(516) /usr/lib/gcc/x86_64-pc-linux-gnu/16/include/tmmintrin.h
+29 1
fe=(54)
-29 2
+21 2

fl=(231)
fn=(894)
46 325
+9 65
-9 130
fi=(517) /usr/src/debug/glibc/glibc/elf/../sysdeps/x86_64/dl-runtime.h
-18 65
fe=(231)
+18 65
+2 520
+1 130
+5 65
+1 195
+1 65
+2 65
-2 390
+7 130
+4 130
+4 65
-22 65
+20 65
+2 130
+4 195
+1 260
-7 260
+16 65
-1 65
+1 130
+10 585
cfi=(80)
cfn=(308)
calls=65 767 
* 44632
+4 195
-4 65
+4 130
+10 650
+15 260
+9 195
+26 195
fi=(6)
+64 65
fe=(231)
-60 455
-40 5
fi=(518) /usr/src/debug/glibc/glibc/elf/../sysdeps/x86_64/dl-irel.h
-91 5
cob=(2)
cfi=(113)
cfn=(392)
calls=1 -3 
* 19
cob=(2)
cfi=(128)
cfn=(440)
calls=1 -3 
* 12
cob=(2)
cfi=(134)
cfn=(464)
calls=1 -2 
* 12
cob=(2)
cfi=(102)
cfn=(362)
calls=1 -3 
* 18
cob=(2)
cfi=(131)
cfn=(452)
calls=1 -2 
* 12
fe=(231)
+93 15

fl=(38)
fn=(202) open_verify.constprop.0
1566 54
+32 18
-32 126
+32 36
+19 72
cfi=(15)
cfn=(34)
calls=18 28 
* 330
* 18
+2 36
+6 10
+6 10
-5 10
+6 10
-1 20
+1 10
-1 10
cfi=(58)
cfn=(204)
calls=10 25 
* 60
* 10
+4 10
-2 20
+2 20
+2 20
+6 20
+15 109
-55 10
+55 40
+64 20
+5 20
+8 40
+6 30
+14 144
-5 16

fn=(198) expand_dynamic_string_token
359 15
215 5
359 10
215 10
cfi=(1)
cfn=(146)
calls=5 0 
* 169
+3 10
384 5
-11 5
+11 10
-11 5
cfi=(57)
cfn=(200)
calls=5 40 
* 429

fn=(1966) add_name_to_object.isra.0
392 5
+7 5
+1 3
cfi=(1)
cfn=(122)
calls=1 0 
* 20
* 2
+3 2
cfi=(1)
cfn=(84)
calls=1 0 
* 14
* 1
+1 1
-1 1
fi=(35)
56 1
cob=(2)
cfi=(152)
cfn=(812)
calls=1 3101 
* 30
fe=(38)
405 3
+9 4
cfi=(1)
cfn=(104)
calls=1 0 
* 11
* 2
+1 1
+1 1
+1 1
+1 4

fn=(1682) decompose_rpath
543 1
+11 1
-11 2
+2 1
-2 3
+11 2
+31 2
+56 8
-49 5
cfi=(57)
cfn=(200)
calls=1 40 
* 98
* 1
+1 2
+8 4
-1 2
+3 2
-2 1
+2 2
-2 3
+2 142
-2 71
+2 142
-2 213
+6 1
fi=(35)
56 1
cob=(2)
cfi=(152)
cfn=(812)
calls=1 3101 
* 30
* 1
fe=(38)
609 2
+8 7
cfn=(1686) fillin_rpath
calls=1 431 
* 1257
fi=(35)
50 1
fe=(38)
617 1
fi=(35)
50 1
fe=(38)
617 2
fi=(35)
50 1
cob=(2)
cfi=(152)
cfn=(632)
calls=1 3137 
* 33
fe=(38)
630 2
+9 2
-2 1
+2 3
+1 1

fn=(224) _dl_notify_new_object
921 18
+2 9
-2 54
+2 9
cfi=(49)
cfn=(226)
calls=9 94 
* 63
* 9
+1 27
+6 4
+7 6
cfi=(49)
cfn=(168)
calls=2 104 
* 22
+1 2
+7 45
-4 14
+7 9
-2 18
+2 36
-2 9
cfi=(53)
cfn=(228)
calls=9 77 
* 45
-15 6
cfi=(53)
cfn=(532)
calls=2 41 
* 20
* 2

fn=(1686)
431 10
+2 1
-2 9
+4 3
cfi=(7)
cfn=(1688) strsep
calls=1 239 
* 810
* 3
cfi=(7)
cfn=(1688)
calls=1 239 
* 9
* 6
+7 2
+2 3
cfn=(198)
calls=1 -85 
* 146
* 1
+4 2
+5 2
cfi=(1)
cfn=(84)
calls=1 0 
* 26
* 1
+1 2
+16 6
+1 2
fi=(35)
50 2
cob=(2)
cfi=(152)
cfn=(632)
calls=1 3137 
* 33
* 1
fe=(38)
489 6
cfi=(1)
cfn=(84)
calls=1 0 
* 22
* 2
+4 3
fi=(35)
56 1
cob=(2)
cfi=(152)
cfn=(812)
calls=1 3101 
* 30
* 1
fe=(38)
495 2
+7 1
+1 2
-1 1
-1 1
+2 1
cfi=(1)
cfn=(156)
calls=1 0 
* 22
+3 1
-3 1
+1 1
+2 1
+1 1
+6 3
-1 7
+2 1
-1 1
+1 1
-1 3
+1 1
-1 3
+1 1
-1 2
+3 1
+1 1
-1 1
+1 2
+2 1
-1 3
cfi=(1)
cfn=(104)
calls=1 0 
* 12
* 1
+6 2
+1 1
+3 9
-62 2
-22 2
+17 4
+73 1
+3 1
-1 1
+1 7
-24 2

fn=(114)
855 10
+8 20
-6 10
+12 20
-13 10
+13 10
-13 20
+13 20
+3 30
+1 20
+1 20
+3 30
+1 30
+4 10
+1 20
fi=(39)
97 14
251 21
+1 9
fe=(38)
901 14
+4 18
+2 24
-20 32
+4 32
-3 16
+6 16
+1 48
fi=(39)
95 64
+7 18
+16 9
-3 18
245 6
+5 3
-4 3
+4 9
+3 3
fe=(38)
917 7
fi=(39)
247 12
+1 6
+2 24
+3 6
fe=(38)

fn=(238) _dl_dst_count
212 76
+3 38
-3 38
+7 38
-4 38
cfi=(1)
cfn=(146)
calls=38 0 
* 798
+3 76
+20 152

fn=(190)
1941 200
+1 100
+1 100
+3 1050
+5 2009
+2 861
cfi=(14)
cfn=(192)
calls=287 68 
* 22752
* 574
+2 502
fi=(4)
97 744
+4 150
-1 750
+1 150
fe=(38)
1955 300
+1 450
cfi=(1)
cfn=(122)
calls=150 0 
* 3429
* 300
+4 3
cfn=(1966)
calls=1 392 
* 112
+1 1
+8 250

fn=(188)
2237 195
+1 39
-1 273
+1 78
cfn=(190)
calls=39 1941 
* 24460
+1 117
+3 231
-1 35
+1 35
-1 7
cfn=(196)
calls=7 1976 
* 27742

fn=(134)
675 7
+14 1
-14 3
+14 1
-14 2
+14 1
cfi=(45)
cfn=(136)
calls=1 171 
* 1084
fi=(35)
56 1
fe=(38)
689 1
fi=(35)
56 1
cfi=(34)
cfn=(100)
calls=1 -20 
* 18
fe=(38)
694 1
+2 2
+12 2
-4 1
+4 5
fi=(35)
56 1
cfi=(34)
cfn=(100)
calls=1 -20 
* 18
fe=(38)
708 1
+2 4
+17 1
+9 1
-19 1
-1 1
+11 1
+3 1
-5 1
+5 1
+1 1
-4 1
+9 2
+1 4
cfi=(1)
cfn=(160)
calls=1 0 
* 13
+2 1
+12 1
+3 1
-8 1
-1 1
+9 2
+2 4
+2 3
+36 2
+49 1
+1 7
-67 1
-2 1
+2 2
+14 2

fn=(1692) open_path
1768 12
+1 8
+5 16
+13 4
fi=(68)
100 4
fe=(38)
1787 8
fi=(68)
128 4
fe=(38)
1787 12
fi=(68)
100 36
+28 4
-28 32
+29 12
fe=(38)
1772 8
-1 4
+68 4
-46 4
+8 4
-8 4
+8 8
+7 16
cfi=(1)
cfn=(156)
calls=4 0 
* 74
* 4
+1 12
-12 8
+12 16
+3 24
+5 56
cfi=(1)
cfn=(156)
calls=8 0 
* 112
* 32
cfi=(1)
cfn=(156)
calls=8 0 
* 120
+3 16
+6 16
+3 56
cfn=(202)
calls=8 1566 
* 445
* 8
+2 24
+2 12
fi=(35)
56 4
cob=(2)
cfi=(152)
cfn=(812)
calls=1 3101 
* 30
fe=(38)
1889 2
+1 2
+2 4
cfi=(1)
cfn=(104)
calls=1 0 
* 20
fi=(68)
140 6
fe=(38)
1937 6
-78 4
-2 4
-48 27
1910 27
+9 6
-2 6
+2 6
+3 9
fi=(68)
140 24
fe=(38)
1937 3
1777 3
1937 6
-98 36
+6 12
+2 12
-2 6
+2 6
cfi=(307)
cfn=(1696)
calls=6 28 
* 92
* 6
+3 6
-3 10
-38 12
+39 18
+11 2

fn=(196)
1976 247
+10 26
+12 13
-5 13
-15 13
+20 26
+14 39
cfi=(1)
cfn=(146)
calls=13 0 
* 273
* 26
2164 8
-1 12
cfn=(198)
calls=4 359 
* 527
+6 4
-6 4
-1 4
+3 8
+4 32
cfn=(202)
calls=4 1566 
* 335
* 4
+3 8
+12 27
+45 18
1136 36
2229 2
1136 4
+85 40
+10 18
+6 18
+3 9
-3 9
+3 27
-3 9
+3 18
-3 27
+3 9
cfi=(33)
cfn=(94)
calls=9 59 
* 4687
* 9
+1 18
+10 9
973 9
1249 9
972 18
1251 9
973 9
-1 27
+3 18
fi=(59) /usr/src/debug/glibc/glibc/elf/../sysdeps/posix/dl-fileid.h
37 30
cfi=(16)
cfn=(36)
calls=10 -7 
* 60
* 20
+3 10
fe=(38)
1172 10
fi=(59)
40 10
+1 20
fe=(38)
1172 252
+1 128
fi=(59)
49 174
fe=(38)
2232 110
2016 18
cfi=(1)
cfn=(84)
calls=9 0 
* 126
* 18
+2 18
+7 36
+50 4
651 27
2083 3
654 6
2085 26
cfn=(1692)
calls=2 1768 
* 876
* 4
+5 4
+66 2
+74 2
-46 4
994 18
-28 9
+1 18
+2 9
1269 9
971 9
fi=(36)
62 18
fe=(38)
966 18
1256 45
990 36
+13 364
+4 288
+6 72
+1 36
+6 36
-6 36
+4 72
-5 72
+3 36
-3 36
+1 36
fi=(36)
62 36
fe=(38)
1018 36
+2 36
fi=(36)
62 36
fe=(38)
1020 36
fi=(36)
62 36
fe=(38)
1020 36
fi=(36)
62 72
fe=(38)
1018 36
+2 36
-2 36
+2 36
-2 36
+2 72
-2 36
+2 72
cfi=(61)
cfn=(210)
calls=36 28 
* 216
+6 108
-6 36
+6 117
+2 27
+4 27
+1 27
-1 27
+3 27
-41 81
+34 9
+4 9
+1 9
-1 9
+3 9
-41 219
+9 571
+93 9
994 9
1096 18
994 108
1276 18
-26 18
+36 18
+10 36
+7 27
fi=(62) /usr/src/debug/glibc/glibc/elf/./dl-load.h
183 36
fe=(38)
965 9
fi=(62)
186 18
+3 27
-6 6
+3 2
+3 6
+3 18
+1 9
-1 18
+1 9
-1 9
+3 9
-2 9
-1 9
+1 18
+3 9
fi=(36)
62 9
fi=(62)
195 9
+1 9
fi=(36)
62 54
fi=(63) /usr/src/debug/glibc/glibc/elf/./dl-map-segments.h
+25 18
-58 9
+9 9
-9 9
+17 9
-16 54
cfi=(17)
cfn=(38)
calls=9 +17 
* 225
+76 18
-1 9
-75 9
+76 9
+3 18
+1 9
-1 9
+1 9
+2 18
+16 9
fi=(62)
+84 72
fi=(64) /usr/src/debug/glibc/glibc/elf/../sysdeps/unix/sysv/linux/dl-load-post.h
30 72
fi=(63)
152 144
+6 18
+1 9
+1 9
+1 9
-1 9
+1 9
-1 9
+3 27
+5 18
+3 18
+8 45
cfi=(1)
cfn=(160)
calls=9 0 
* 912
+6 18
fi=(62)
-2 538
+3 98
+3 196
+3 54
+1 27
-1 54
+1 27
-1 27
+3 27
-2 27
-1 27
+1 54
+3 27
fi=(36)
62 27
fi=(62)
195 27
+1 27
fi=(36)
62 162
fi=(63)
+78 54
+2 27
+1 27
-1 108
+1 27
-1 54
cfi=(17)
cfn=(38)
calls=27 -95 
* 486
* 54
fe=(38)
1055 2
+1 1
-15 18
+7 9
+2 9
-2 9
+1 18
+1 9
-1 9
+1 72
fi=(36)
62 54
fe=(38)
1093 9
-34 9
+5 3
-1 6
+5 3
-5 3
-56 3
+61 12
+1 3
+3 3
-3 3
+8 12
-47 18
fi=(62)
189 142
+24 32
+1 32
+3 32
fe=(38)
665 7
2029 7
+1 7
665 14
2034 30
651 30
2035 2
654 4
+3 6
1191 20
fi=(35)
50 1
fe=(38)
1227 1
fi=(35)
50 1
cob=(2)
cfi=(152)
cfn=(632)
calls=1 3137 
* 33
fe=(38)
1226 2
cfi=(18)
cfn=(40)
calls=1 25 
* 6
+1 1
660 2
+1 2
-10 21
2075 14
+1 7
-27 14
+1 42
1319 27
+1 9
fi=(65) /usr/src/debug/glibc/glibc/elf/get-dynamic-info.h
39 9
fe=(38)
1320 9
fi=(65)
39 9
+6 27
-2 18
+10 3
+15 3
-23 12
+23 234
-23 936
+4 474
+3 54
-1 108
+3 204
+1 168
fe=(38)
657 6
+8 5
+1 1
-1 2
+1 1
-1 2
cfn=(1682)
calls=1 543 
* 2055
2083 2
+8 2
+2 3
+4 16
cfi=(12)
cfn=(242)
calls=8 558 
* 11957
* 8
+2 16
+4 12
+8 12
+23 60
cfn=(202)
calls=6 1566 
* 579
* 6
+4 12
+1 6
+17 12
fi=(63)
191 24
-3 6
+3 24
-3 30
+3 12
cfi=(17)
cfn=(38)
calls=6 47 
* 108
+3 12
+2 6
cfi=(60)
cfn=(248)
calls=6 33 
* 36
* 12
fe=(38)
2225 15
cfi=(56)
cfn=(2818)
calls=3 114 
* 569
1326 18
+1 18
+2 18
+10 27
+23 18
+2 36
+20 27
+1 6
+6 105
+1 39
+2 39
-2 78
+2 27
cfn=(114)
calls=9 855 
* 658
+5 18
cfi=(18)
cfn=(40)
calls=9 25 
* 54
* 18
+13 18
+2 36
+2 18
+16 18
cfi=(8)
cfn=(14)
calls=9 25 
* 243
+4 18
+1 18
+17 18
+1 1
+3 4
+5 2
-5 32
+5 16
+5 18
+10 36
+8 18
+1 12
+5 6
cfi=(50)
cfn=(250)
calls=3 162 
* 39
+7 36
cfi=(33)
cfn=(106)
calls=9 31 
* 742
+3 27
+3 27
cfn=(224)
calls=9 921 
* 427
* 9
660 1
2091 2
+2 21
+56 2
+1 4
+1 4
+1 28
cfn=(1692)
calls=2 1768 
* 780
+4 2
-4 2
+4 4
+28 6
+2 4
+2 6
+31 6
fi=(65)
56 45
fi=(35)
-6 2
cob=(2)
cfi=(152)
cfn=(632)
calls=1 3137 
* 33
fe=(38)
2184 4
fi=(65)
72 36
+12 27
+1 31
+1 36
+1 36
+1 42
+1 30
+1 35
+1 36
+12 9
+7 9
-7 63
+7 18
+5 6
+8 27
+6 27
+1 18
+17 27
+5 12
+2 12
+2 12
+2 12
+1 6
+3 27
+2 21
+1 14
+9 21
+6 14
+1 12
+3 18
+2 4
fe=(38)
2149 4
-58 12
fi=(65)
59 36
fi=(4)
+38 23
+3 8
+1 4
-1 8
+1 4
fe=(38)
1479 20
cfi=(1)
cfn=(122)
calls=4 0 
* 91
* 8
+1 7
fi=(65)
62 36
+2 36
fe=(38)
2060 14
+22 14

fl=(481)
fn=(5058)
26 6
+17 1
-17 4
+20 10
+3 2
cob=(2)
cfi=(304)
cfn=(1662)
calls=1 +22 
* 35
+2 1
+3 2
+2 5
-10 4
+95 2
+13 8
-13 2
+2 1
-2 2
+6 2
-84 3
-2 1
+2 1
cfi=(53)
cfn=(532)
calls=1 -22 
* 10
+5 16
+6 1
-6 1
+4 1
+2 3
+2 22
+2 22
+2 22
+1 11
+1 11
+4 11
-12 33
+19 6
+1 4
+6 6
cfi=(21)
cfn=(256)
calls=1 298 
* 806
+9 2
cob=(2)
cfi=(306)
cfn=(1680)
calls=1 357 
* 26
+5 7
+2 1
+2 2
-2 10
+2 20
+13 2
+4 3
cfi=(53)
cfn=(532)
calls=1 -94 
* 10
* 2
-15 44
cfi=(482)
cfn=(5060)
calls=11 -96 
* 2954
+3 22
cfi=(53)
cfn=(5084)
calls=11 -26 
* 55
-9 22
+14 11
-14 34

fl=(16)
fn=(36)
30 11
+9 44
+33 11

fl=(30)
fn=(86)
37 2
+3 1
-3 1
+21 2
+4 2
+16 3

fl=(22)
fn=(52)
36 1
fi=(519) /usr/src/debug/glibc/glibc/elf/../sysdeps/unix/sysv/linux/brk_call.h
-12 2
fe=(22)
+13 1
+1 2
+6 1
+1 1

fl=(305)
fn=(1678)
49 3
+31 1
-31 2
+31 3
+1 2
+13 1
-13 2
+50 4

fl=(67)
fn=(236) expand_dst.constprop.0
94 114
+3 38
-3 152
+3 38
cfi=(38)
cfn=(238)
calls=38 212 
* 1254
+1 76
+14 190
-13 76

fn=(240)
62 114
+7 38
-4 76
+1 38
-1 304
cfi=(38)
cfn=(188)
calls=38 2237 
* 50681
* 38
+5 76

fn=(232)
132 24
+1 9
-1 6
+1 3
-1 3
+1 3
-1 18
+1 9
-1 3
+1 21
-8 3
+8 6
-8 3
-6 3
-1 3
+15 3
-8 3
-8 3
+2 3
+6 3
+24 7
-28 3
-2 1
+31 1
-33 1
+32 1
-30 2
+30 1
-30 1
-1 1
+1 1
+6 4
+24 3
+28 3
-6 1
-18 1
+81 1
fi=(70) /usr/src/debug/glibc/glibc/elf/../include/scratch_buffer.h
77 2
+1 1
fe=(67)
+95 1
+61 3
-48 1
-4 1
+4 2
-15 2
-18 2
+81 2
fi=(70)
77 4
+1 2
fe=(67)
+95 2
+61 6
-48 2
-4 2
+4 19
-4 15
+4 30
+11 44
-18 4
+18 8
439 36
+2 7
+3 21
-3 14
fi=(35)
56 7
cob=(2)
cfi=(152)
cfn=(812)
calls=2 3101 
* 60
cfi=(34)
cfn=(100)
calls=5 -20 
* 90
fe=(67)
445 14
fi=(35)
56 7
fe=(67)
445 7
+7 21
-1 14
+1 14
cfi=(1)
cfn=(104)
calls=7 0 
* 82
+1 35
cfi=(1)
cfn=(104)
calls=7 0 
* 82
+3 7
+1 14
+4 54
177 30
464 45
-1 18
+1 36
172 15
+27 56
+7 14
+4 14
-6 14
+1 14
+1 14
+1 28
+3 42
-2 14
-29 70
+32 778
fi=(68)
100 38
fe=(67)
220 76
fi=(68)
100 380
fe=(67)
220 152
cfn=(236)
calls=38 94 
* 1938
+1 76
+13 76
-2 38
+2 76
cfi=(56)
cfn=(183)
calls=25 -26 
* 29806
cfi=(56)
cfn=(182)
calls=13 -26 
* 24029
fi=(68)
-94 114
fe=(67)
+96 76
+9 38
+2 76
+5 70
+6 14
+2 14
-8 28
+3 14
+1 14
+1 14
+1 14
+4 14
-3 14
+3 42
+4 76
+1 51
-57 1612
+59 1053
fi=(70)
85 12
fe=(67)
470 15
+1 1
+3 12
+11 12
fi=(35)
56 3
cob=(2)
cfi=(152)
cfn=(812)
calls=2 3101 
* 60
cfi=(34)
cfn=(100)
calls=1 -20 
* 18
fe=(67)
487 6
fi=(35)
56 3
fe=(67)
487 3
+5 9
+1 3
-1 6
+4 9
-2 6
+13 15
-7 15
+7 15
-1 15
+1 15
-1 15
+6 15
-16 45
+4 3
+7 3
-1 3
+1 3
-1 3
+6 3
-16 9
+21 9
+37 6
+15 3
+10 3
-24 6
+20 3
-1 12
+1 3
-1 15
cfi=(21)
cfn=(256)
calls=3 298 
* 1127
+5 3
+2 3
+1 3
-1 3
+2 6
+7 9
+3 9
+3 30
187 99
+3 7
fi=(70)
-59 21
cfi=(69)
cfn=(252)
calls=7 30 
* 140
fe=(67)
+59 21
+4 17
569 6
cfi=(1)
cfn=(104)
calls=3 0 
* 35
* 6
-53 6
133 6
+16 6
-28 4

fl=(57)
fn=(200)
40 60
+1 12
cfi=(1)
cfn=(84)
calls=12 -41 
* 232
* 12
fi=(520) /usr/src/debug/glibc/glibc/string/../include/rtld-malloc.h
+15 24
cob=(2)
cfi=(152)
cfn=(812)
calls=7 3101 
* 210
cfi=(34)
cfn=(100)
calls=5 -20 
* 90
fe=(57)
-12 24
+4 12
-1 36
+1 24
-1 12
cfi=(1)
cfn=(104)
calls=12 -47 
* 169

fl=(7)
fn=(12)
42 1
+1 2
+1 2
+1 2
+1 2
+1 1

fn=(502)
76 2
+10 1
+5 1
-15 5
+15 1
-5 1
+2 1
+1 1
+2 1
cfn=(504) lookup_malloc_symbol
calls=1 -30 
* 632
+1 3
-1 1
+1 1
cfn=(504)
calls=1 -31 
* 632
+1 3
-1 1
+1 1
cfn=(504)
calls=1 -32 
* 665
+1 3
-1 1
+1 1
cfn=(504)
calls=1 -33 
* 652
+5 1
+1 1
+1 1
+1 1
+1 6

fn=(1688)
239 2
+3 6
+2 2
+1 4
+4 3
-2 3
+4 144
+5 216
-2 144
+13 1
+4 4
-22 72
+15 72
-15 146

fn=(504)
61 16
+3 8
-3 4
+3 4
-1 4
+1 16
cfi=(80)
cfn=(308)
calls=4 767 
* 2437
+4 32
+1 24
+2 4
fi=(143) /usr/src/debug/glibc/glibc/elf/./dl-sym-post.h
-26 8
+12 12
fe=(7)
+15 12

fl=(18)
fn=(40)
25 11
+1 44
+1 11

fl=(17)
fn=(38)
47 46
+3 92
-3 184
+6 92
+5 276
+2 138
-7 83

ob=(3)
fl=(154)
fn=(584)
0 7

fn=(1788) 0x00000000050ad940
0 1
cob=(2)
cfi=(324)
cfn=(1790)
calls=1 53 
0 39

fn=(3304)
0 6
cob=(2)
cfi=(158)
cfn=(3306)
calls=3 0 
0 99

fn=(5148)
0 4

fn=(594)
0 7

fn=(1810) 0x00000000050ad8e0
0 2
cob=(2)
cfi=(306)
cfn=(1680)
calls=2 357 
0 52

fn=(2988) 0x00000000050ad8e8
0 4
cob=(2)
cfi=(390)
cfn=(2990)
calls=4 25 
0 979

fn=(5186)
0 4

fn=(1832)
0 7

fn=(1900)
0 2
cob=(2)
cfi=(158)
cfn=(1752)
calls=1 0 
0 27

fn=(2108)
0 12
cob=(2)
cfi=(158)
cfn=(2110)
calls=6 0 
0 126

fn=(5132)
0 4

fn=(5242)
0 4

fn=(546)
0 7

fn=(1784) 0x00000000050ad930
0 1
cob=(2)
cfi=(323)
cfn=(1786)
calls=1 24 
0 10

fn=(1794) 0x00000000050ad938
0 1
cob=(2)
cfi=(326)
cfn=(1796)
calls=1 23 
0 3

fn=(1800) 0x00000000050ad8f0
0 2
cob=(2)
cfi=(327)
cfn=(1802)
calls=2 23 
0 6

fn=(2148)
0 120
cob=(2)
cfi=(158)
cfn=(1002)
calls=60 0 
0 1140

fn=(5206)
0 4

fn=(874)
0 7

fn=(804)
0 1892
cob=(2)
cfi=(158)
cfn=(806)
calls=946 0 
0 23650

fn=(568)
0 7

fn=(2916)
0 7

fn=(5116)
0 4

fn=(5226)
0 4

fn=(686)
0 87180
cob=(2)
cfi=(158)
cfn=(688)
calls=43590 0 
0 616377

fn=(1798) 0x00000000050ad928
0 2
cob=(2)
cfi=(304)
cfn=(1662)
calls=2 71 
0 70

fn=(560)
0 2
cob=(2)
cfi=(158)
cfn=(562)
calls=1 0 
0 39

fn=(1302)
0 166684
cob=(2)
cfi=(158)
cfn=(1304)
calls=83342 0 
0 1583498

fn=(1718)
0 7

fn=(5082)
0 4

fn=(5100)
0 4

fn=(1780) 0x00000000050ad8d0
0 1
cob=(2)
cfi=(322)
cfn=(1782)
calls=1 24 
0 4

fn=(2982) 0x00000000050ad920
0 5
cob=(2)
cfi=(301)
cfn=(1655)
calls=5 77 
0 6127

fn=(2984) 0x00000000050ad8f8
0 7
cob=(2)
cfi=(337)
cfn=(1978)
calls=7 64 
0 7284

fn=(1954)
0 7

ob=(9)
fl=(392) /home/m0hawk/.bridgestan/bridgestan-2.9.0/stan/lib/stan_math/lib/tbb/../tbb_2020.3/src/rml/client/rml_factory.h
fn=(3002) tbb::internal::rml::tbb_factory::open()
49 1
+11 3
-11 1
+4 2
-4 3
+11 1
-7 15
+2 2
+1 1
-3 1
+3 1
+1 1
+3 1
-3 1
-4 1
+7 1
cfi=(311)
cfn=(2980) tbb::internal::dynamic_link(char const*, tbb::internal::dynamic_link_descriptor const*, unsigned long, void**, int)
calls=1 543 
* 7767
* 2
+9 6
-4 1
+1 1
+2 1

fn=(5012) tbb::internal::rml::tbb_factory::close()
72 2
+6 1

fl=(401) /home/m0hawk/.bridgestan/bridgestan-2.9.0/stan/lib/stan_math/lib/tbb/../tbb_2020.3/src/tbb/spin_rw_mutex.cpp
fn=(3068) tbb::spin_rw_mutex_v3::internal_acquire_writer()
38 20
+1 16
fi=(402) /home/m0hawk/.bridgestan/bridgestan-2.9.0/stan/lib/stan_math/lib/tbb/../tbb_2020.3/include/tbb/tbb_machine.h
355 12
fe=(401)
41 4
+1 8
fi=(313) /home/m0hawk/.bridgestan/bridgestan-2.9.0/stan/lib/stan_math/lib/tbb/../tbb_2020.3/include/tbb/machine/gcc_generic.h
+59 8
fi=(521) /home/m0hawk/.bridgestan/bridgestan-2.9.0/stan/lib/stan_math/lib/tbb/../tbb_2020.3/include/tbb/atomic.h
252 4
fe=(401)
43 8
+7 16
+2 24

fl=(389)
fn=(3086)
224 2
+1 2
cob=(11)
cfi=(336)
cfn=(3088) scalable_malloc
calls=2 0 
* 1118
+1 4
+4 4

fn=(2976) tbb::internal::initialize_cache_aligned_allocator()
132 1
+1 7
cfi=(312) /home/m0hawk/.bridgestan/bridgestan-2.9.0/stan/lib/stan_math/lib/tbb/../tbb_2020.3/src/tbb/tbb_misc.h
cfn=(1732) void tbb::internal::atomic_do_once<void (*)()>(void (* const&)(), tbb::atomic<tbb::internal::do_once_state>&)
calls=1 +80 
* 8165
+1 5

fn=(2978) tbb::internal::initialize_handler_pointers()
115 1
-2 1
+2 5
cfi=(311)
cfn=(2980)
calls=1 543 
* 8111
+1 3
+11 2
+2 1
-2 1
cfi=(331) /home/m0hawk/.bridgestan/bridgestan-2.9.0/stan/lib/stan_math/lib/tbb/../tbb_2020.3/src/tbb/tbb_misc.cpp
cfn=(2998) tbb::internal::PrintExtraVersionInfo(char const*, char const*, ...)
calls=1 +84 
* 19

fn=(4610)
233 4
+1 2
cob=(11)
cfi=(336)
cfn=(4612) scalable_free
calls=2 0 
* 124

fl=(320) /home/m0hawk/.bridgestan/bridgestan-2.9.0/stan/lib/stan_math/lib/tbb/../tbb_2020.3/src/tbb/tools_api/ittnotify_static.c
fn=(5024) __itt_fini_ittlib
1029 1
+4 5
+2 25
+6 3
-23 5
+1 3
-1 5
+1 429
-1 715
+39 1
+1 1
+3 2
-26 5
cob=(3)
cfi=(154)
cfn=(1798)
calls=1 0 
* 36
+1 3
+2 2
+2 1
cob=(3)
cfi=(154)
cfn=(1800)
calls=1 0 
* 4
* 4
+21 4
+2 1
-2 1
cob=(3)
cfi=(154)
cfn=(1810)
calls=1 0 
* 27

fn=(1804) __itt_get_env_var(char const*)
771 12
+31 4
cob=(2)
cfi=(218)
cfn=(802)
calls=4 25 
* 2584
* 4
+1 8
+15 4
+1 16

fn=(1776) __itt_init_ittlib
1066 1
+8 1
-8 3
+8 2
+3 27
+13 9
-5 2
-67 6
+1 3
-1 5
+1 429
-1 715
1169 1
+1 1
+2 1
+5 2
+5 5
+2 576
-2 432
+8 1
+1 6
-14 3
cob=(3)
cfi=(154)
cfn=(1810)
calls=1 0 
* 27
* 6
1077 2
fi=(321) /home/m0hawk/.bridgestan/bridgestan-2.9.0/stan/lib/stan_math/lib/tbb/../tbb_2020.3/src/tbb/tools_api/ittnotify_config.h
324 2
fe=(320)
1077 6
cob=(3)
cfi=(154)
cfn=(1798)
calls=1 0 
* 36
+3 4
+2 2
+2 2
cob=(3)
cfi=(154)
cfn=(1800)
calls=1 0 
* 4
* 4
823 4
cfn=(1804)
calls=1 -52 
* 658
* 1
1089 1
cfn=(1808) __itt_get_groups()
calls=1 945 
* 2016
+1 3
-1 1
+1 7
+15 1
-28 3
cob=(3)
cfi=(154)
cfn=(1780)
calls=1 0 
* 5
* 9
cob=(3)
cfi=(154)
cfn=(1784)
calls=1 0 
* 11
* 10
cob=(3)
cfi=(154)
cfn=(1788)
calls=1 0 
* 40
* 8
cob=(3)
cfi=(154)
cfn=(1794)
calls=1 0 
* 4
* 7

fn=(1808)
945 4
+4 4
cfn=(1804)
calls=1 771 
* 658
+2 2
+38 9
749 1
983 14
+1 2
cfn=(1804)
calls=2 771 
* 1316
* 4
+4 2

fl=(329) /home/m0hawk/.bridgestan/bridgestan-2.9.0/stan/lib/stan_math/lib/tbb/../tbb_2020.3/src/tbb/governor.cpp
fn=(5010) tbb::internal::governor::release_resources()
79 1
+1 2
cfi=(392)
cfn=(5012)
calls=1 -8 
* 3
+1 1
cfi=(394) /home/m0hawk/.bridgestan/bridgestan-2.9.0/stan/lib/stan_math/lib/tbb/../tbb_2020.3/src/tbb/tbb_misc_ex.cpp
cfn=(5014) tbb::internal::destroy_process_mask()
calls=1 +5 
* 42
fi=(403) /home/m0hawk/.bridgestan/bridgestan-2.9.0/stan/lib/stan_math/lib/tbb/../tbb_2020.3/src/tbb/tls.h
-40 3
cob=(2)
cfi=(479)
cfn=(4658)
calls=1 -16 
* 19
* 1
fe=(329)
+46 2
+3 1
-1 1
cfi=(311)
cfn=(5022) tbb::internal::dynamic_unlink_all()
calls=1 422 
* 242

fn=(1822) tbb::internal::governor::acquire_resources()
67 1
fi=(403)
-28 3
cob=(2)
cfi=(330)
cfn=(1826)
calls=1 -14 
* 19
* 1
fe=(329)
+34 2
+2 1
cfi=(331)
cfn=(1828) tbb::internal::cpu_has_speculation()
calls=1 230 
* 11
* 2
+1 1
cfi=(331)
cfn=(1830) tbb::internal::gcc_rethrow_exception_broken()
calls=1 198 
* 2
* 2
+1 2

fn=(3000) tbb::internal::governor::initialize_rml_factory()
242 1
+1 2
cfi=(392)
cfn=(3002)
calls=1 49 
* 7814
+1 3
+1 2

fn=(3060) tbb::internal::governor::print_version_info()
229 1
+1 3
+1 4
cfi=(331)
cfn=(2998)
calls=1 -20 
* 19
+6 2
+3 2

fn=(5002) tbb::internal::governor::auto_terminate(void*)
217 2
+1 1

fl=(316)
fn=(1754)
1400 1
fi=(522) /home/m0hawk/.bridgestan/bridgestan-2.9.0/stan/lib/stan_math/lib/tbb/../tbb_2020.3/include/tbb/spin_mutex.h
46 1
fi=(523) /home/m0hawk/.bridgestan/bridgestan-2.9.0/stan/lib/stan_math/lib/tbb/../tbb_2020.3/include/tbb/task.h
513 1
-4 1
+1 1
fi=(522)
46 1
fi=(523)
511 1
+2 1
cfi=(317)
cfn=(1758) tbb::task_group_context::init()
calls=1 198 
* 5200
* 1
fe=(316)
49 1
1400 1
49 3
cob=(2)
cfi=(209)
cfn=(776)
calls=1 +18 
* 66
* 1

fn=(3024) tbb::internal::Scheduler_OneTimeInitialization(bool)
53 6
+5 1
+3 1
-8 1
+11 1

fl=(318)
fn=(1762) tbb::internal::itt_make_task_group_v7(tbb::internal::itt_domain_enum, void*, unsigned long long, void*, unsigned long long, tbb::internal::string_index)
314 1
-15 2
+15 1
-15 3
+1 7
cfi=(313)
cfn=(1766) ITT_DoOneTimeInitialization
calls=1 160 
* 5150
* 1
+2 1
+13 1
-13 1
+13 2
-13 1
+13 4
+11 2

fn=(2972) tbb::internal::DoOneTimeInitializations()
215 1
fi=(402)
355 1
fe=(318)
215 3
fi=(313)
-71 2
fi=(402)
921 2
fe=(318)
219 3
fi=(313)
-71 1
fe=(318)
+93 4
-21 1
cfi=(313)
cfn=(1818) tbb::internal::__TBB_InitOnce::add_ref()
calls=1 100 
* 6
fi=(388) /home/m0hawk/.bridgestan/bridgestan-2.9.0/stan/lib/stan_math/lib/tbb/../tbb_2020.3/src/tbb/tbb_environment.h
39 2
cob=(2)
cfi=(218)
cfn=(802)
calls=1 -14 
* 679
* 1
* 2
fe=(318)
225 1
cfi=(313)
cfn=(1770) tbb::internal::ITT_DoUnsafeOneTimeInitialization()
calls=1 -65 
* 4
+1 1
+2 1
cfi=(389)
cfn=(2976)
calls=1 -96 
* 8178
+1 1
cfi=(329)
cfn=(3000)
calls=1 +13 
* 7822
+1 2
cfi=(316)
cfn=(3024)
calls=1 53 
* 10
fi=(393) /home/m0hawk/.bridgestan/bridgestan-2.9.0/stan/lib/stan_math/lib/tbb/../tbb_2020.3/src/tbb/governor.h
86 4
+4 3
fe=(318)
236 1
cfi=(329)
cfn=(3060)
calls=1 -7 
* 31
+1 7
cfi=(331)
cfn=(2998)
calls=1 -26 
* 19
+1 4
fi=(393)
91 1
cfi=(331)
cfn=(3058) tbb::internal::DefaultSystemPageSize()
calls=1 -15 
* 51
* 3
-4 1
cfi=(394)
cfn=(3028) tbb::internal::AvailableHwConcurrency()
calls=1 206 
* 3627
* 3
fe=(318)

fn=(1816)
585 1
fi=(522)
46 2
fi=(480)
+23 1
cfi=(313)
cfn=(1818)
calls=1 +31 
* 53
fe=(318)
-1 4
cob=(2)
cfi=(209)
cfn=(776)
calls=1 -1 
* 66
* 1
466 1
fi=(522)
46 2
fe=(318)
466 2
+30 3
+89 2

fl=(311)
fn=(1736) tbb::internal::init_dl_data()
346 1
240 4
cfn=(1738) tbb::internal::init_atomic_incrementer(tbb::atomic<unsigned long>&)
calls=1 -51 
* 1
+61 3
cob=(2)
cfi=(314)
cfn=(1742)
calls=1 25 
* 11684
* 1
+1 3
+8 1
fi=(524) /usr/include/string.h
-23 5
cob=(2)
cfi=(158)
cfn=(562)
calls=1 0 
* 34
* 1
fe=(311)
+31 1
-6 2
+2 2
+4 2
+3 2
+12 3
+6 3
cob=(2)
cfi=(158)
cfn=(1752)
calls=1 0 
* 43
* 1
+1 1
+1 2
-1 1
+1 2
+8 6

fn=(1730) tbb::internal::init_dynamic_link_data()
378 4
192 28
cfi=(312)
cfn=(1733) void tbb::internal::atomic_do_once<void (*)()>(void (* const&)(), tbb::atomic<tbb::internal::do_once_state>&)'2
calls=2 +21 
* 26
cfi=(312)
cfn=(1732)
calls=2 +21 
* 11843
382 20

fn=(2994) tbb::internal::resolve_symbols(void*, tbb::internal::dynamic_link_descriptor const*, unsigned long) [clone .part.0]
116 4
+14 22
+6 4
-6 12
+2 12
cob=(3)
cfi=(154)
cfn=(2984)
calls=4 0 
* 2841
+1 8
-14 6
+23 2
-1 2
+1 1
-1 2
+1 6
-1 6
+1 3
-1 12
+2 1
+1 5

fn=(1738)
189 1

fn=(3010) tbb::internal::dynamic_load(char const*, tbb::internal::dynamic_link_descriptor const*, unsigned long)
509 2
364 9
+3 3
cob=(2)
cfi=(158)
cfn=(688)
calls=1 0 
* 14
* 1
+1 1
+1 2
541 7
371 3
cob=(2)
cfi=(158)
cfn=(3016)
calls=1 0 
* 32
* 1
+1 3
cob=(2)
cfi=(158)
cfn=(3020)
calls=1 0 
* 42
* 1
522 3
cob=(3)
cfi=(154)
cfn=(2982)
calls=1 0 
* 2744
* 1
+4 2
+7 1
cob=(2)
cfi=(302)
cfn=(2842)
calls=1 33 
* 2322
* 1
* 4

fn=(5022)
422 2
fi=(313)
160 1
fe=(311)
422 1
fi=(313)
160 1
fe=(311)
+91 6
+1 1
-1 1
+1 1
cfn=(2986) tbb::internal::dynamic_unlink(void*)
calls=1 417 
* 221
-1 3
426 4

fn=(2980)
543 39
+1 3
cfn=(1730)
calls=3 378 
* 78
+3 6
+5 4
+7 2
+1 30
-85 9
cob=(3)
cfi=(154)
cfn=(2982)
calls=3 0 
* 1729
* 3
118 6
+14 9
cob=(3)
cfi=(154)
cfn=(2984)
calls=3 0 
* 4450
+1 9
487 2
cfn=(2986)
calls=1 -70 
* 198
-49 3
cob=(2)
cfi=(314)
cfn=(1742)
calls=1 25 
* 1631
* 1
* 2
+2 3
cob=(3)
cfi=(154)
cfn=(2982)
calls=1 0 
* 1659
* 1
+1 2
127 2
+3 4
cfn=(2994)
calls=1 -14 
* 2949
445 3
+49 2
cfn=(2986)
calls=2 -77 
* 576
+55 4
+1 4
cfn=(3010)
calls=1 -41 
* 5199
* 1
+2 2
-51 2
-96 2
-6 5
+1 3
fi=(313)
101 3
fe=(311)
246 2

fn=(1728)
390 1
cfn=(1730)
calls=1 -12 
* 11843

fn=(2986)
417 8
+1 4
cob=(3)
cfi=(154)
cfn=(2988)
calls=4 0 
* 983

fl=(310)
fn=(1722)
0 12

fn=(5134)
0 9
cob=(2)
cfi=(483)
cfn=(5068)
calls=1 45 
0 94
0 1
cfn=(5142) 0x0000000000012010
calls=1 0 
0 5
0 3

fn=(5142)
0 5

fl=(387)
fn=(2960)
294 24
+1 8
+1 4
+64 24
fi=(313)
101 2
fe=(387)
339 4
+5 4
fi=(478) /home/m0hawk/.bridgestan/bridgestan-2.9.0/stan/lib/stan_math/lib/tbb/../tbb_2020.3/include/tbb/spin_rw_mutex.h
108 2
fi=(328)
-28 4
fi=(478)
+29 2
+1 2
cfi=(401)
cfn=(3068)
calls=2 -72 
* 60
* 2
fe=(387)
348 4
fi=(313)
100 2
fe=(387)
350 2
fi=(478)
102 6
+25 2
+5 4
fi=(313)
+8 2
fi=(521)
311 2
fe=(387)
+45 2
fi=(313)
160 2
fe=(387)
356 6
-59 6
cob=(7)
cfi=(232)
cfn=(918)
calls=2 43 
* 84
* 2
* 8
cfn=(2964) tbb::internal::observer_proxy::observer_proxy(tbb::internal::task_scheduler_observer_v3&)
calls=2 60 
* 30
* 2
fi=(313)
168 2
fe=(387)
300 4
cfn=(2966) tbb::internal::observer_proxy::is_global()
calls=2 54 
* 42
* 4
fi=(313)
160 4
fe=(387)
325 4
+2 6
+1 4
cfn=(3064) tbb::internal::observer_list::insert(tbb::internal::observer_proxy*)
calls=2 125 
* 97
fi=(403)
43 6
cob=(2)
cfi=(367)
cfn=(2392)
calls=2 -19 
* 22
* 2
fe=(387)
329 4
fi=(313)
101 4
fe=(387)
326 1
cfi=(318)
cfn=(2972)
calls=1 215 
* 20483
* 1
+25 8
cfn=(4600) tbb::internal::observer_list::remove(tbb::internal::observer_proxy*)
calls=2 145 
* 19
+2 6
cob=(7)
cfi=(247)
cfn=(1034)
calls=2 32 
* 74
* 2
* 2

fn=(3064)
125 8
fi=(328)
-45 2
fe=(387)
+45 2
fi=(478)
-15 2
cfi=(401)
cfn=(3068)
calls=2 -72 
* 60
* 2
fe=(387)
+17 4
+1 2
+1 1
+4 1
fi=(313)
+7 1
fe=(387)
-6 4
-1 1
fi=(313)
+7 1
fe=(387)
-6 4
-2 2

fn=(2968) tbb::internal::observer_proxy::get_v6_observer()
48 12
+1 4
+1 4

fn=(2964)
60 12
+7 2
fi=(313)
168 2
-8 2
fe=(387)
-93 10
+7 2

fn=(2966)
54 4
+1 2
cfn=(2968)
calls=2 -7 
* 10
* 8
cfn=(2968)
calls=2 -7 
* 10
+1 2
-1 4
+1 2

fn=(4600)
145 2
-4 2
-2 4
+14 2
+3 1
-15 2
+6 4
+2 2

fl=(394)
fn=(3030) tbb::internal::initialize_hardware_concurrency_info()
129 2
+10 1
-10 1
+3 1
-3 3
+18 1
-18 1
+9 4
cob=(2)
cfi=(340)
cfn=(2034)
calls=1 32 
* 468
* 1
* 1
+1 1
cob=(2)
cfi=(158)
cfn=(3046)
calls=1 0 
* 4
* 1
+9 1
-9 1
+9 2
+1 1
-1 1
cob=(7)
cfi=(399)
cfn=(3050)
calls=1 31 
* 44
* 1
+1 2
-1 1
+1 2
cob=(2)
cfi=(158)
cfn=(936)
calls=1 0 
* 19
* 1
+2 4
cob=(2)
cfi=(400)
cfn=(3056)
calls=1 34 
* 41
* 1
+1 2
+50 1
+2 11
-30 6
-5 1
+5 1
cfi=(311)
cfn=(2980)
calls=1 543 
* 2764
* 3
+15 6
+1 7
+1 2
-1 1
+1 5
-1 4
+1 22
-1 11
+1 55
-1 68
-1 4
+13 4
-7 2

fn=(3028)
206 1
+1 7
cfi=(312)
cfn=(1732)
calls=1 +6 
* 3613
+1 1
+1 5

fn=(5014)
86 3
+1 1
cob=(7)
cfi=(421)
cfn=(3524)
calls=1 -53 
* 37
* 1

fl=(313)
fn=(1766)
160 1
fi=(318)
+46 2
-1 2
fi=(402)
355 2
fe=(313)
144 2
fi=(402)
921 2
fi=(318)
208 1
cfi=(313)
cfn=(1770)
calls=1 -48 
* 5135
fe=(313)
-60 1
fi=(318)
+63 2
fe=(313)

fn=(1770)
160 2
fi=(318)
+34 5
-3 1
+4 1
cfi=(319) /home/m0hawk/.bridgestan/bridgestan-2.9.0/stan/lib/stan_math/lib/tbb/../tbb_2020.3/src/tbb/itt_notify.cpp
cfn=(1774) tbb::internal::__TBB_load_ittnotify()
calls=1 51 
* 5120
* 2
+1 1
fe=(313)
-28 1
fi=(318)
+30 4
+2 2
fe=(313)

fn=(5004) tbb::internal::__TBB_InitOnce::remove_ref()
100 4
fi=(318)
+25 3
-3 1
+4 1
cfi=(329)
cfn=(5010)
calls=1 -47 
* 318
+3 1
-2 1
cfi=(320)
cfn=(5024)
calls=1 1029 
* 1283
fe=(313)

fn=(1818)
100 6
fi=(318)
+18 4
+2 1
-1 1
cfi=(329)
cfn=(1822)
calls=1 -52 
* 47
fe=(313)

fl=(312)
fn=(1732)
213 4
fi=(313)
100 4
fe=(312)
213 16
fi=(313)
-53 4
fe=(312)
+60 8
fi=(313)
-60 3
fe=(312)
+61 6
fi=(313)
100 3
fe=(312)
222 6
+11 3
cfi=(394)
cfn=(3030)
calls=1 129 
* 3592
cfi=(389)
cfn=(2978)
calls=1 115 
* 8144
cfi=(311)
cfn=(1736)
calls=1 346 
* 11809
fi=(313)
-65 3
fe=(312)
+61 16

fn=(1733)
213 2
fi=(313)
100 2
fe=(312)
213 8
fi=(313)
-53 2
fe=(312)
+60 4
+9 8

fl=(317)
fn=(1758)
198 2
+3 2
+3 7
cfi=(318)
cfn=(1762)
calls=1 314 
* 5177
* 1
+9 1
-1 1
+3 1
+3 1
-5 1
-4 2
+18 2
+3 2

fn=(5026)
136 3
+1 2
+56 3
+2 3
+1 3

fl=(328)
fn=(1814)
60 3
fi=(387)
363 1
fe=(328)

fl=(331)
fn=(1828)
230 1
+14 6
+10 1
+9 1
-9 1
+9 1

fn=(2998)
211 36
+1 6
+8 15

fn=(3058)
76 2
cob=(2)
cfi=(340)
cfn=(2034)
calls=1 -44 
* 48
* 1

fn=(1830)
198 2

fl=(480)
fn=(4998)
73 1
fi=(403)
-30 3
cob=(2)
cfi=(367)
cfn=(2392)
calls=1 -19 
* 11
* 1
fi=(393)
+80 2
+22 1
cfi=(329)
cfn=(5002)
calls=1 +72 
* 3
fe=(480)
-70 1
cfi=(313)
cfn=(5004)
calls=1 +25 
* 4
fi=(313)
+85 2
fe=(480)
-82 2
+2 1
cfi=(313)
cfn=(5004)
calls=1 +20 
* 1608
+2 2

fl=(319)
fn=(1774)
51 2
+3 3
cfi=(320)
cfn=(1776)
calls=1 1066 
* 5115

ob=(8)
fl=(229)
fn=(898) std::__cxx11::basic_string<char, std::char_traits<char>, std::allocator<char> >::basic_string<std::allocator<char> >(char const*, std::allocator<char> const&)
0 8333
cob=(2)
cfi=(158)
cfn=(688)
calls=641 0 
0 13286
cob=(1)
cfi=(1)
cfn=(892)
calls=1 0 
0 766
0 645
0 9279
cob=(7)
cfi=(232)
cfn=(918)
calls=170 43 
0 9135
0 170
0 1190
cob=(2)
cfi=(158)
cfn=(908)
calls=170 0 
0 3542
0 170
0 1712
cob=(2)
cfi=(158)
cfn=(908)
calls=428 0 
0 5916
cob=(1)
cfi=(1)
cfn=(892)
calls=1 0 
0 873
0 432
0 1196

fn=(1102) std::_Function_handler<std::__cxx11::basic_string<char, std::char_traits<char>, std::allocator<char> > (), CLI::Option::type_name_::{lambda()#1}>::_M_manager(std::_Any_data&, std::_Any_data const&, std::_Manager_operation)
0 636

fn=(1212) std::_Function_handler<bool (std::vector<std::__cxx11::basic_string<char, std::char_traits<char>, std::allocator<char> >, std::allocator<std::__cxx11::basic_string<char, std::char_traits<char>, std::allocator<char> > > > const&), CLI::App::add_option<unsigned long, unsigned long, (CLI::detail::enabler)0>(std::__cxx11::basic_string<char, std::char_traits<char>, std::allocator<char> >, unsigned long&, std::__cxx11::basic_string<char, std::char_traits<char>, std::allocator<char> >)::{lambda(std::vector<std::__cxx11::basic_string<char, std::char_traits<char>, std::allocator<char> >, std::allocator<std::__cxx11::basic_string<char, std::char_traits<char>, std::allocator<char> > > > const&)#1}>::_M_invoke(std::_Any_data const&, std::vector<std::__cxx11::basic_string<char, std::char_traits<char>, std::allocator<char> >, std::allocator<std::__cxx11::basic_string<char, std::char_traits<char>, std::allocator<char> > > > const&)
0 120
cfn=(1214) bool CLI::detail::integral_conversion<unsigned long, (CLI::detail::enabler)0>(std::__cxx11::basic_string<char, std::char_traits<char>, std::allocator<char> > const&, unsigned long&)
calls=20 0 
0 5483

fn=(1214)
0 340
cob=(2)
cfi=(255)
cfn=(1220)
calls=20 25 
0 80
cob=(1)
cfi=(1)
cfn=(892)
calls=1 0 
0 860
0 24
0 120
cob=(2)
cfi=(256)
cfn=(1226)
calls=20 125 
0 2859
cob=(1)
cfi=(1)
cfn=(892)
calls=1 0 
0 816
0 24
0 360

fn=(1384) CLI::Option* CLI::Option::default_val<std::__cxx11::basic_string<char, std::char_traits<char>, std::allocator<char> > >(std::__cxx11::basic_string<char, std::char_traits<char>, std::allocator<char> > const&)
0 36
cfn=(912)
calls=2 0 
0 51
0 30
cfn=(912)
calls=2 0 
0 51
0 8
cfn=(1202) CLI::Option::_add_result(std::__cxx11::basic_string<char, std::char_traits<char>, std::allocator<char> >&&, std::vector<std::__cxx11::basic_string<char, std::char_traits<char>, std::allocator<char> >, std::allocator<std::__cxx11::basic_string<char, std::char_traits<char>, std::allocator<char> > > >&) const
calls=2 0 
0 338
0 6
cob=(7)
cfi=(233)
cfn=(924)
calls=2 295 
0 12
0 2
0 36
cfn=(1072) std::vector<std::__cxx11::basic_string<char, std::char_traits<char>, std::allocator<char> >, std::allocator<std::__cxx11::basic_string<char, std::char_traits<char>, std::allocator<char> > > >::~vector()
calls=2 0 
0 130
0 6
cfn=(1066) std::__cxx11::basic_string<char, std::char_traits<char>, std::allocator<char> >::operator=(std::__cxx11::basic_string<char, std::char_traits<char>, std::allocator<char> >&&) [clone .isra.0]
calls=2 0 
0 70
0 4
cfn=(1072)
calls=2 0 
0 28
0 4
cob=(7)
cfi=(233)
cfn=(924)
calls=2 295 
0 12
0 2
0 28
cfn=(1204) CLI::Option::run_callback()
calls=2 0 
0 441
0 4

fn=(1460) CLI::Option::check_sname(std::__cxx11::basic_string<char, std::char_traits<char>, std::allocator<char> >) const
0 1326
cfn=(1070) std::vector<std::__cxx11::basic_string<char, std::char_traits<char>, std::allocator<char> >, std::allocator<std::__cxx11::basic_string<char, std::char_traits<char>, std::allocator<char> > > >::vector(std::vector<std::__cxx11::basic_string<char, std::char_traits<char>, std::allocator<char> >, std::allocator<std::__cxx11::basic_string<char, std::char_traits<char>, std::allocator<char> > > > const&)
calls=102 0 
0 3264
0 1530
cfn=(1110) CLI::detail::find_member(std::__cxx11::basic_string<char, std::char_traits<char>, std::allocator<char> >, std::vector<std::__cxx11::basic_string<char, std::char_traits<char>, std::allocator<char> >, std::allocator<std::__cxx11::basic_string<char, std::char_traits<char>, std::allocator<char> > > >, bool, bool)
calls=102 0 
0 2856
0 6120

fn=(1474) std::__cxx11::basic_string<char, std::char_traits<char>, std::allocator<char> >::assign(char const*) [clone .isra.0]
0 91
cob=(2)
cfi=(158)
cfn=(688)
calls=13 0 
0 194
0 13
0 117
cob=(7)
cfi=(246)
cfn=(1480)
calls=13 574 
0 643
cob=(1)
cfi=(1)
cfn=(892)
calls=1 0 
0 1022
0 17

fn=(1600) std::_Function_handler<std::__cxx11::basic_string<char, std::char_traits<char>, std::allocator<char> > (std::__cxx11::basic_string<char, std::char_traits<char>, std::allocator<char> >&), CLI::detail::NonexistentPathValidator::NonexistentPathValidator()::{lambda(std::__cxx11::basic_string<char, std::char_traits<char>, std::allocator<char> >&)#1}>::_M_invoke(std::_Any_data const&, std::__cxx11::basic_string<char, std::char_traits<char>, std::allocator<char> >&)
0 9
cfn=(1534) CLI::detail::check_path(char const*)
calls=1 0 
0 1857
0 14

fn=(1612) CLI::App::~App()
0 12
cfn=(1614) std::_Sp_counted_base<(__gnu_cxx::_Lock_policy)2>::_M_release()
calls=1 0 
0 121
0 2
cfn=(1072)
calls=1 0 
0 14
0 2
cob=(7)
cfi=(233)
cfn=(924)
calls=1 295 
0 6
0 1
0 8
cfn=(1100) std::_Rb_tree<CLI::Option*, CLI::Option*, std::_Identity<CLI::Option*>, std::less<CLI::Option*>, std::allocator<CLI::Option*> >::_M_erase(std::_Rb_tree_node<CLI::Option*>*) [clone .isra.0]
calls=1 0 
0 3
0 5
cfn=(1100)
calls=1 0 
0 3
0 12
cob=(7)
cfi=(247)
cfn=(1034)
calls=1 32 
0 37
0 1
0 13
cfn=(1622) std::_Function_handler<std::__cxx11::basic_string<char, std::char_traits<char>, std::allocator<char> > (CLI::App const*, CLI::Error const&), std::__cxx11::basic_string<char, std::char_traits<char>, std::allocator<char> > (*)(CLI::App const*, CLI::Error const&)>::_M_manager(std::_Any_data&, std::_Any_data const&, std::_Manager_operation)
calls=1 0 
0 8
0 4
cfn=(1614)
calls=1 0 
0 112
0 5
cob=(7)
cfi=(233)
cfn=(924)
calls=1 295 
0 6
0 1
0 5
cob=(7)
cfi=(233)
cfn=(924)
calls=1 295 
0 6
0 1
0 324
cfn=(1098) CLI::Option::~Option()
calls=53 0 
0 39832
0 159
cob=(7)
cfi=(247)
cfn=(1034)
calls=53 32 
0 5691
0 53
0 113
cob=(7)
cfi=(247)
cfn=(1034)
calls=1 32 
0 37
0 1
0 2
cob=(7)
cfi=(233)
cfn=(924)
calls=1 295 
0 6
0 1
0 11
cob=(7)
cfi=(233)
cfn=(924)
calls=1 295 
0 148
0 1
0 7
cob=(7)
cfi=(233)
cfn=(924)
calls=1 295 
0 121
0 1

fn=(1616) std::_Sp_counted_ptr<CLI::ConfigBase*, (__gnu_cxx::_Lock_policy)2>::_M_dispose()
0 5
cfn=(1618) CLI::ConfigBase::~ConfigBase()
calls=1 0 
0 62

fn=(1622)
0 8

fn=(1642) std::_Function_handler<std::__cxx11::basic_string<char, std::char_traits<char>, std::allocator<char> > (std::__cxx11::basic_string<char, std::char_traits<char>, std::allocator<char> >&), CLI::IsMember::IsMember<std::vector<char const*, std::allocator<char const*> >, decltype(nullptr)>(std::vector<char const*, std::allocator<char const*> >, decltype(nullptr))::{lambda(std::__cxx11::basic_string<char, std::char_traits<char>, std::allocator<char> >&)#1}>::_M_manager(std::_Any_data&, std::_Any_data const&, std::_Manager_operation)
0 25
cob=(7)
cfi=(247)
cfn=(1034)
calls=1 32 
0 116
0 1
0 4
cob=(7)
cfi=(247)
cfn=(1034)
calls=1 32 
0 37
0 1
0 1

fn=(3624) walnutpie::DynamicStanModel::make_rng(unsigned int) const
0 22
cob=(12)
cfi=(384)
cfn=(3626)
calls=2 0 
0 496318
0 26

fn=(4004) void Eigen::internal::call_dense_assignment_loop<Eigen::Matrix<double, -1, 1, 0, -1, 1>, Eigen::CwiseBinaryOp<Eigen::internal::scalar_sum_op<double, double>, Eigen::CwiseBinaryOp<Eigen::internal::scalar_product_op<double, double>, Eigen::CwiseNullaryOp<Eigen::internal::scalar_constant_op<double>, Eigen::Array<double, -1, 1, 0, -1, 1> const> const, Eigen::CwiseUnaryOp<Eigen::internal::scalar_abs_op<double>, Eigen::ArrayWrapper<Eigen::Matrix<double, -1, 1, 0, -1, 1> > const> const> const, Eigen::CwiseNullaryOp<Eigen::internal::scalar_constant_op<double>, Eigen::Array<double, -1, 1, 0, -1, 1> const> const>, Eigen::internal::assign_op<double, double> >(Eigen::Matrix<double, -1, 1, 0, -1, 1>&, Eigen::CwiseBinaryOp<Eigen::internal::scalar_sum_op<double, double>, Eigen::CwiseBinaryOp<Eigen::internal::scalar_product_op<double, double>, Eigen::CwiseNullaryOp<Eigen::internal::scalar_constant_op<double>, Eigen::Array<double, -1, 1, 0, -1, 1> const> const, Eigen::CwiseUnaryOp<Eigen::internal::scalar_abs_op<double>, Eigen::ArrayWrapper<Eigen::Matrix<double, -1, 1, 0, -1, 1> > const> const> const, Eigen::CwiseNullaryOp<Eigen::internal::scalar_constant_op<double>, Eigen::Array<double, -1, 1, 0, -1, 1> const> const> const&, Eigen::internal::assign_op<double, double> const&)
0 2717

fn=(4020) void walnutpie::detail::validate_positive<double>(double, std::__cxx11::basic_string<char, std::char_traits<char>, std::allocator<char> > const&)
0 120

fn=(4338) std::optional<walnutpie::detail::SpanW> walnutpie::detail::build_span<(walnutpie::detail::Direction)1, walnutpie::detail::NoExceptLogpGrad<run_walnuts<walnutpie::detail::Adam>(walnutpie::DynamicStanModel&, unsigned int, walnutpie::InitConfigBuilder&, unsigned long, unsigned long, bool, walnutpie::WarmupConfig&, walnutpie::SamplingConfig&, double, bool, double)::{lambda((auto:1&&)...)#1}, StanHandler>, std::mersenne_twister_engine<unsigned long, 64ul, 312ul, 156ul, 31ul, 13043109905998158313ul, 29ul, 6148914691236517205ul, 17ul, 8202884508482404352ul, 37ul, 18444473444759240704ul, 43ul, 6364136223846793005ul>, walnutpie::detail::Adam>(walnutpie::detail::Random<std::mersenne_twister_engine<unsigned long, 64ul, 312ul, 156ul, 31ul, 13043109905998158313ul, 29ul, 6148914691236517205ul, 17ul, 8202884508482404352ul, 37ul, 18444473444759240704ul, 43ul, 6364136223846793005ul> >&, walnutpie::detail::NoExceptLogpGrad<run_walnuts<walnutpie::detail::Adam>(walnutpie::DynamicStanModel&, unsigned int, walnutpie::InitConfigBuilder&, unsigned long, unsigned long, bool, walnutpie::WarmupConfig&, walnutpie::SamplingConfig&, double, bool, double)::{lambda((auto:1&&)...)#1}, StanHandler> const&, Eigen::Matrix<double, -1, 1, 0, -1, 1> const&, double, unsigned long, unsigned long, unsigned long, double, walnutpie::detail::SpanW const&, walnutpie::detail::Adam&)
0 2526
cfn=(4060) void Eigen::internal::call_dense_assignment_loop<Eigen::Matrix<double, -1, 1, 0, -1, 1>, Eigen::Matrix<double, -1, 1, 0, -1, 1>, Eigen::internal::assign_op<double, double> >(Eigen::Matrix<double, -1, 1, 0, -1, 1>&, Eigen::Matrix<double, -1, 1, 0, -1, 1> const&, Eigen::internal::assign_op<double, double> const&)
calls=45 0 
0 94223
0 632
cfn=(4060)
calls=158 0 
0 268916
0 812
cfn=(4060)
calls=203 0 
0 362970
0 1421
cfn=(4060)
calls=203 0 
0 363214
0 5914069
cob=(7)
cfi=(240)
cfn=(964)
calls=1169 52 
0 29225
0 1169
0 21042
cob=(12)
cfi=(384)
cfn=(3780)
calls=1169 0 
0 9004208605
0 5845
cob=(7)
cfi=(240)
cfn=(964)
calls=1169 52 
0 29225
0 1169
0 2770222
cfn=(4050) Eigen::DenseBase<Eigen::CwiseBinaryOp<Eigen::internal::scalar_product_op<double, double>, Eigen::ArrayWrapper<Eigen::Matrix<double, -1, 1, 0, -1, 1> const> const, Eigen::CwiseUnaryOp<Eigen::internal::scalar_square_op<double>, Eigen::ArrayWrapper<Eigen::Matrix<double, -1, 1, 0, -1, 1> const> const> const> >::sum() const
calls=203 0 
0 381234
0 4173
cfn=(4339) std::optional<walnutpie::detail::SpanW> walnutpie::detail::build_span<(walnutpie::detail::Direction)1, walnutpie::detail::NoExceptLogpGrad<run_walnuts<walnutpie::detail::Adam>(walnutpie::DynamicStanModel&, unsigned int, walnutpie::InitConfigBuilder&, unsigned long, unsigned long, bool, walnutpie::WarmupConfig&, walnutpie::SamplingConfig&, double, bool, double)::{lambda((auto:1&&)...)#1}, StanHandler>, std::mersenne_twister_engine<unsigned long, 64ul, 312ul, 156ul, 31ul, 13043109905998158313ul, 29ul, 6148914691236517205ul, 17ul, 8202884508482404352ul, 37ul, 18444473444759240704ul, 43ul, 6364136223846793005ul>, walnutpie::detail::Adam>(walnutpie::detail::Random<std::mersenne_twister_engine<unsigned long, 64ul, 312ul, 156ul, 31ul, 13043109905998158313ul, 29ul, 6148914691236517205ul, 17ul, 8202884508482404352ul, 37ul, 18444473444759240704ul, 43ul, 6364136223846793005ul> >&, walnutpie::detail::NoExceptLogpGrad<run_walnuts<walnutpie::detail::Adam>(walnutpie::DynamicStanModel&, unsigned int, walnutpie::InitConfigBuilder&, unsigned long, unsigned long, bool, walnutpie::WarmupConfig&, walnutpie::SamplingConfig&, double, bool, double)::{lambda((auto:1&&)...)#1}, StanHandler> const&, Eigen::Matrix<double, -1, 1, 0, -1, 1> const&, double, unsigned long, unsigned long, unsigned long, double, walnutpie::detail::SpanW const&, walnutpie::detail::Adam&)'2
calls=24 0 
0 2974840576
0 378
cfn=(898)
calls=35 0 
0 6125
0 70
cob=(12)
cfi=(384)
cfn=(4270)
calls=35 0 
0 1225
0 140
cob=(7)
cfi=(279)
cfn=(1392)
calls=35 84 
0 19845
0 35
0 140
cob=(7)
cfi=(279)
cfn=(1392)
calls=35 84 
0 19845
0 35
0 70
cfn=(4306) std::basic_ostream<char, std::char_traits<char> >& std::endl<char, std::char_traits<char> >(std::basic_ostream<char, std::char_traits<char> >&) [clone .isra.0]
calls=35 0 
0 30520
0 315
cob=(2)
cfi=(158)
cfn=(936)
calls=35 0 
0 187985
0 35
0 245
cob=(7)
cfi=(247)
cfn=(1034)
calls=35 32 
0 1295
0 35
0 40006
cob=(6)
cfi=(428)
cfn=(3806)
calls=45 98 
0 1472
0 45
0 135
cob=(2)
cfi=(218)
cfn=(802)
calls=45 25 
0 30555
0 45
0 405
cfn=(4070) walnutpie::detail::Adam::operator()(double)
calls=45 0 
0 7560
0 255
cfn=(4370) bool walnutpie::detail::reversible<walnutpie::detail::NoExceptLogpGrad<run_walnuts<walnutpie::detail::Adam>(walnutpie::DynamicStanModel&, unsigned int, walnutpie::InitConfigBuilder&, unsigned long, unsigned long, bool, walnutpie::WarmupConfig&, walnutpie::SamplingConfig&, double, bool, double)::{lambda((auto:1&&)...)#1}, StanHandler> >(walnutpie::detail::NoExceptLogpGrad<run_walnuts<walnutpie::detail::Adam>(walnutpie::DynamicStanModel&, unsigned int, walnutpie::InitConfigBuilder&, unsigned long, unsigned long, bool, walnutpie::WarmupConfig&, walnutpie::SamplingConfig&, double, bool, double)::{lambda((auto:1&&)...)#1}, StanHandler> const&, Eigen::Matrix<double, -1, 1, 0, -1, 1> const&, double, unsigned long, unsigned long, double, double, Eigen::Matrix<double, -1, 1, 0, -1, 1> const&, Eigen::Matrix<double, -1, 1, 0, -1, 1> const&, Eigen::Matrix<double, -1, 1, 0, -1, 1> const&)
calls=10 0 
0 286174336
0 1018
cob=(2)
cfi=(152)
cfn=(632)
calls=37 3137 
0 4614
0 37
0 283
cob=(2)
cfi=(152)
cfn=(632)
calls=37 3137 
0 4579
0 37
0 172
cob=(2)
cfi=(152)
cfn=(632)
calls=37 3137 
0 4603
0 37
0 648
cfn=(4052) walnutpie::detail::SpanW::from_initial_point(Eigen::Matrix<double, -1, 1, 0, -1, 1>&&, Eigen::Matrix<double, -1, 1, 0, -1, 1>&&, Eigen::Matrix<double, -1, 1, 0, -1, 1>&&, double, double)
calls=8 0 
0 37178
0 24
cfn=(4376) walnutpie::detail::SpanW::SpanW(walnutpie::detail::SpanW&&)
calls=8 0 
0 440
0 24
cfn=(4330) walnutpie::detail::SpanW::~SpanW()
calls=8 0 
0 224
0 316
cfn=(4339)
calls=20 0 
0 2665286975
0 226
cfn=(4330)
calls=20 0 
0 10968
0 108
cfn=(4378) bool walnutpie::detail::uturn<(walnutpie::detail::Direction)1>(walnutpie::detail::SpanW const&, walnutpie::detail::SpanW const&, Eigen::Matrix<double, -1, 1, 0, -1, 1> const&)
calls=17 0 
0 67694
0 85
cfn=(4330)
calls=17 0 
0 7363
0 102
cfn=(4400) walnutpie::detail::SpanW walnutpie::detail::combine<(walnutpie::detail::Update)0, (walnutpie::detail::Direction)1, std::mersenne_twister_engine<unsigned long, 64ul, 312ul, 156ul, 31ul, 13043109905998158313ul, 29ul, 6148914691236517205ul, 17ul, 8202884508482404352ul, 37ul, 18444473444759240704ul, 43ul, 6364136223846793005ul> >(walnutpie::detail::Random<std::mersenne_twister_engine<unsigned long, 64ul, 312ul, 156ul, 31ul, 13043109905998158313ul, 29ul, 6148914691236517205ul, 17ul, 8202884508482404352ul, 37ul, 18444473444759240704ul, 43ul, 6364136223846793005ul> >&, walnutpie::detail::SpanW&&, walnutpie::detail::SpanW&&)
calls=17 0 
0 5382
0 51
cfn=(4376)
calls=17 0 
0 935
0 51
cfn=(4330)
calls=17 0 
0 476
0 51

fn=(4339)
0 3947
cfn=(4060)
calls=73 0 
0 144304
0 480
cfn=(4060)
calls=120 0 
0 204240
0 772
cfn=(4060)
calls=193 0 
0 348479
0 1351
cfn=(4060)
calls=193 0 
0 349315
0 2647127
cob=(7)
cfi=(240)
cfn=(964)
calls=523 52 
0 13075
0 523
0 9414
cob=(12)
cfi=(384)
cfn=(3780)
calls=523 0 
0 4146558222
0 2615
cob=(7)
cfi=(240)
cfn=(964)
calls=523 52 
0 13075
0 523
0 1240394
cfn=(4050)
calls=193 0 
0 362454
0 3729
cfn=(4339)
calls=31 0 
0 2187633434
0 147
cfn=(898)
calls=1 0 
0 175
0 2
cob=(12)
cfi=(384)
cfn=(4270)
calls=1 0 
0 35
0 4
cob=(7)
cfi=(279)
cfn=(1392)
calls=1 84 
0 567
0 1
0 4
cob=(7)
cfi=(279)
cfn=(1392)
calls=1 84 
0 567
0 1
0 2
cfn=(4306)
calls=1 0 
0 872
0 9
cob=(2)
cfi=(158)
cfn=(936)
calls=1 0 
0 5371
0 1
0 7
cob=(7)
cfi=(247)
cfn=(1034)
calls=1 32 
0 37
0 1
0 18148
cob=(6)
cfi=(428)
cfn=(3806)
calls=73 98 
0 2666
0 73
0 219
cob=(2)
cfi=(218)
cfn=(802)
calls=73 25 
0 49567
0 73
0 657
cfn=(4070)
calls=73 0 
0 12264
0 1071
cfn=(4370)
calls=71 0 
0 1487689656
0 598
cob=(2)
cfi=(152)
cfn=(632)
calls=7 3137 
0 737
0 7
0 247
cob=(2)
cfi=(152)
cfn=(632)
calls=7 3137 
0 713
0 7
0 226
cob=(2)
cfi=(152)
cfn=(632)
calls=7 3137 
0 687
0 7
0 1624
cfn=(4052)
calls=66 0 
0 280760
0 198
cfn=(4376)
calls=66 0 
0 3630
0 198
cfn=(4330)
calls=66 0 
0 1848
0 567
cfn=(4339)
calls=29 0 
0 2188108285
0 254
cfn=(4330)
calls=29 0 
0 13953
0 170
cfn=(4378)
calls=28 0 
0 111496
0 140
cfn=(4330)
calls=28 0 
0 11637
0 168
cfn=(4400)
calls=28 0 
0 8867
0 84
cfn=(4376)
calls=28 0 
0 1540
0 84
cfn=(4330)
calls=28 0 
0 784
0 84

fn=(4430) Eigen::IOFormat::~IOFormat()
0 96

fn=(4474) std::optional<walnutpie::detail::SpanW> walnutpie::detail::build_span<(walnutpie::detail::Direction)0, walnutpie::detail::NoExceptLogpGrad<run_walnuts<walnutpie::detail::Adam>(walnutpie::DynamicStanModel&, unsigned int, walnutpie::InitConfigBuilder&, unsigned long, unsigned long, bool, walnutpie::WarmupConfig&, walnutpie::SamplingConfig&, double, bool, double)::{lambda((auto:1&&)...)#1}, StanHandler>, std::mersenne_twister_engine<unsigned long, 64ul, 312ul, 156ul, 31ul, 13043109905998158313ul, 29ul, 6148914691236517205ul, 17ul, 8202884508482404352ul, 37ul, 18444473444759240704ul, 43ul, 6364136223846793005ul>, walnutpie::detail::NoOpStepSizeAdapter const>(walnutpie::detail::Random<std::mersenne_twister_engine<unsigned long, 64ul, 312ul, 156ul, 31ul, 13043109905998158313ul, 29ul, 6148914691236517205ul, 17ul, 8202884508482404352ul, 37ul, 18444473444759240704ul, 43ul, 6364136223846793005ul> >&, walnutpie::detail::NoExceptLogpGrad<run_walnuts<walnutpie::detail::Adam>(walnutpie::DynamicStanModel&, unsigned int, walnutpie::InitConfigBuilder&, unsigned long, unsigned long, bool, walnutpie::WarmupConfig&, walnutpie::SamplingConfig&, double, bool, double)::{lambda((auto:1&&)...)#1}, StanHandler> const&, Eigen::Matrix<double, -1, 1, 0, -1, 1> const&, double, unsigned long, unsigned long, unsigned long, double, walnutpie::detail::SpanW const&, walnutpie::detail::NoOpStepSizeAdapter const&) [clone .isra.0]
0 1553
cfn=(4060)
calls=26 0 
0 52781
0 85
cfn=(4060)
calls=17 0 
0 28934
0 172
cfn=(4060)
calls=43 0 
0 81842
0 301
cfn=(4060)
calls=43 0 
0 83017
0 303696
cob=(7)
cfi=(240)
cfn=(964)
calls=60 52 
0 1500
0 60
0 1080
cob=(12)
cfi=(384)
cfn=(3780)
calls=60 0 
0 476811741
0 300
cob=(7)
cfi=(240)
cfn=(964)
calls=60 52 
0 1500
0 60
0 142587
cfn=(4050)
calls=43 0 
0 80754
0 997
cfn=(4475) std::optional<walnutpie::detail::SpanW> walnutpie::detail::build_span<(walnutpie::detail::Direction)0, walnutpie::detail::NoExceptLogpGrad<run_walnuts<walnutpie::detail::Adam>(walnutpie::DynamicStanModel&, unsigned int, walnutpie::InitConfigBuilder&, unsigned long, unsigned long, bool, walnutpie::WarmupConfig&, walnutpie::SamplingConfig&, double, bool, double)::{lambda((auto:1&&)...)#1}, StanHandler>, std::mersenne_twister_engine<unsigned long, 64ul, 312ul, 156ul, 31ul, 13043109905998158313ul, 29ul, 6148914691236517205ul, 17ul, 8202884508482404352ul, 37ul, 18444473444759240704ul, 43ul, 6364136223846793005ul>, walnutpie::detail::NoOpStepSizeAdapter const>(walnutpie::detail::Random<std::mersenne_twister_engine<unsigned long, 64ul, 312ul, 156ul, 31ul, 13043109905998158313ul, 29ul, 6148914691236517205ul, 17ul, 8202884508482404352ul, 37ul, 18444473444759240704ul, 43ul, 6364136223846793005ul> >&, walnutpie::detail::NoExceptLogpGrad<run_walnuts<walnutpie::detail::Adam>(walnutpie::DynamicStanModel&, unsigned int, walnutpie::InitConfigBuilder&, unsigned long, unsigned long, bool, walnutpie::WarmupConfig&, walnutpie::SamplingConfig&, double, bool, double)::{lambda((auto:1&&)...)#1}, StanHandler> const&, Eigen::Matrix<double, -1, 1, 0, -1, 1> const&, double, unsigned long, unsigned long, unsigned long, double, walnutpie::detail::SpanW const&, walnutpie::detail::NoOpStepSizeAdapter const&) [clone .isra.0]'2
calls=29 0 
0 1098675515
0 2445
cob=(6)
cfi=(428)
cfn=(3806)
calls=26 98 
0 936
0 26
0 78
cob=(2)
cfi=(218)
cfn=(802)
calls=26 25 
0 17654
0 26
0 442
cfn=(4370)
calls=26 0 
0 135377710
0 324
cob=(2)
cfi=(152)
cfn=(632)
calls=7 3137 
0 818
0 7
0 106
cob=(2)
cfi=(152)
cfn=(632)
calls=7 3137 
0 842
0 7
0 85
cob=(2)
cfi=(152)
cfn=(632)
calls=7 3137 
0 818
0 7
0 668
cfn=(4052)
calls=19 0 
0 88799
0 57
cfn=(4376)
calls=19 0 
0 1045
0 57
cfn=(4330)
calls=19 0 
0 532
0 266
cfn=(4475)
calls=19 0 
0 740402441
0 325
cfn=(4330)
calls=19 0 
0 12083
0 105
cfn=(4394) bool walnutpie::detail::uturn<(walnutpie::detail::Direction)0>(walnutpie::detail::SpanW const&, walnutpie::detail::SpanW const&, Eigen::Matrix<double, -1, 1, 0, -1, 1> const&)
calls=12 0 
0 47784
0 60
cfn=(4330)
calls=12 0 
0 5182
0 72
cfn=(4398) walnutpie::detail::SpanW walnutpie::detail::combine<(walnutpie::detail::Update)0, (walnutpie::detail::Direction)0, std::mersenne_twister_engine<unsigned long, 64ul, 312ul, 156ul, 31ul, 13043109905998158313ul, 29ul, 6148914691236517205ul, 17ul, 8202884508482404352ul, 37ul, 18444473444759240704ul, 43ul, 6364136223846793005ul> >(walnutpie::detail::Random<std::mersenne_twister_engine<unsigned long, 64ul, 312ul, 156ul, 31ul, 13043109905998158313ul, 29ul, 6148914691236517205ul, 17ul, 8202884508482404352ul, 37ul, 18444473444759240704ul, 43ul, 6364136223846793005ul> >&, walnutpie::detail::SpanW&&, walnutpie::detail::SpanW&&)
calls=12 0 
0 3791
0 36
cfn=(4376)
calls=12 0 
0 660
0 36
cfn=(4330)
calls=12 0 
0 336
0 36

fn=(4475)
0 2835
cfn=(4060)
calls=60 0 
0 118249
0 260
cfn=(4060)
calls=52 0 
0 88504
0 448
cfn=(4060)
calls=112 0 
0 208793
0 784
cfn=(4060)
calls=112 0 
0 209415
0 890672
cob=(7)
cfi=(240)
cfn=(964)
calls=176 52 
0 4400
0 176
0 3168
cob=(12)
cfi=(384)
cfn=(3780)
calls=176 0 
0 1398688056
0 880
cob=(7)
cfi=(240)
cfn=(964)
calls=176 52 
0 4400
0 176
0 418128
cfn=(4050)
calls=112 0 
0 210336
0 2007
cfn=(4475)
calls=17 0 
0 621006000
0 6142
cob=(6)
cfi=(428)
cfn=(3806)
calls=60 98 
0 2160
0 60
0 180
cob=(2)
cfi=(218)
cfn=(802)
calls=60 25 
0 40740
0 60
0 1020
cfn=(4370)
calls=60 0 
0 437925231
0 768
cob=(2)
cfi=(152)
cfn=(632)
calls=17 3137 
0 1849
0 17
0 248
cob=(2)
cfi=(152)
cfn=(632)
calls=17 3137 
0 1801
0 17
0 197
cob=(2)
cfi=(152)
cfn=(632)
calls=17 3137 
0 1753
0 17
0 1132
cfn=(4052)
calls=43 0 
0 184000
0 129
cfn=(4376)
calls=43 0 
0 2365
0 129
cfn=(4330)
calls=43 0 
0 1204
0 230
cfn=(4475)
calls=12 0 
0 461741343
0 152
cfn=(4330)
calls=12 0 
0 6154
0 76
cfn=(4394)
calls=10 0 
0 39820
0 50
cfn=(4330)
calls=10 0 
0 4419
0 60
cfn=(4398)
calls=10 0 
0 3169
0 30
cfn=(4376)
calls=10 0 
0 550
0 30
cfn=(4330)
calls=10 0 
0 280
0 30

fn=(5040) std::_Function_handler<std::__cxx11::basic_string<char, std::char_traits<char>, std::allocator<char> > (), CLI::Validator::desc_function_::{lambda()#1}>::_M_manager(std::_Any_data&, std::_Any_data const&, std::_Manager_operation)
0 6

fn=(5048)
0 13
cfn=(5050) std::_Function_handler<std::__cxx11::basic_string<char, std::char_traits<char>, std::allocator<char> > (std::__cxx11::basic_string<char, std::char_traits<char>, std::allocator<char> >&), CLI::detail::ExistingPathValidator::ExistingPathValidator()::{lambda(std::__cxx11::basic_string<char, std::char_traits<char>, std::allocator<char> >&)#1}>::_M_manager(std::_Any_data&, std::_Any_data const&, std::_Manager_operation)
calls=1 0 
0 6
0 7
cfn=(1232) std::_Function_handler<std::__cxx11::basic_string<char, std::char_traits<char>, std::allocator<char> > (), CLI::Validator::Validator(std::__cxx11::basic_string<char, std::char_traits<char>, std::allocator<char> >)::{lambda()#1}>::_M_manager(std::_Any_data&, std::_Any_data const&, std::_Manager_operation)
calls=1 0 
0 166
0 2

fn=(910) CLI::Validator::Validator(std::__cxx11::basic_string<char, std::char_traits<char>, std::allocator<char> >)
0 72
cfn=(912)
calls=6 0 
0 363
0 36
cob=(7)
cfi=(232)
cfn=(918)
calls=6 43 
0 917
cob=(1)
cfi=(1)
cfn=(892)
calls=1 0 
0 620
0 10
0 290

fn=(990) CLI::App::_add_flag_internal(std::__cxx11::basic_string<char, std::char_traits<char>, std::allocator<char> >, std::function<bool (std::vector<std::__cxx11::basic_string<char, std::char_traits<char>, std::allocator<char> >, std::allocator<std::__cxx11::basic_string<char, std::char_traits<char>, std::allocator<char> > > > const&)>, std::__cxx11::basic_string<char, std::char_traits<char>, std::allocator<char> >)
0 1321
cob=(7)
cfi=(233)
cfn=(942)
calls=6 766 
0 96
0 6
0 104
cob=(7)
cfi=(233)
cfn=(942)
calls=5 766 
0 110
0 5
0 5
cob=(7)
cfi=(233)
cfn=(942)
calls=1 766 
0 31
0 1
0 54
cfn=(992) CLI::App::add_option(std::__cxx11::basic_string<char, std::char_traits<char>, std::allocator<char> >, std::function<bool (std::vector<std::__cxx11::basic_string<char, std::char_traits<char>, std::allocator<char> >, std::allocator<std::__cxx11::basic_string<char, std::char_traits<char>, std::allocator<char> > > > const&)>, std::__cxx11::basic_string<char, std::char_traits<char>, std::allocator<char> >, bool, std::function<std::__cxx11::basic_string<char, std::char_traits<char>, std::allocator<char> > ()>)
calls=6 0 
0 124909
0 18
cob=(7)
cfi=(233)
cfn=(924)
calls=6 295 
0 144
0 6
0 38
cfn=(1242) std::_Function_handler<bool (std::vector<std::__cxx11::basic_string<char, std::char_traits<char>, std::allocator<char> >, std::allocator<std::__cxx11::basic_string<char, std::char_traits<char>, std::allocator<char> > > > const&), CLI::App::add_flag<bool, (CLI::detail::enabler)0>(std::__cxx11::basic_string<char, std::char_traits<char>, std::allocator<char> >, bool&, std::__cxx11::basic_string<char, std::char_traits<char>, std::allocator<char> >)::{lambda(std::vector<std::__cxx11::basic_string<char, std::char_traits<char>, std::allocator<char> >, std::allocator<std::__cxx11::basic_string<char, std::char_traits<char>, std::allocator<char> > > > const&)#1}>::_M_manager(std::_Any_data&, std::_Any_data const&, std::_Manager_operation)
calls=5 0 
0 40
0 12
cob=(7)
cfi=(233)
cfn=(924)
calls=6 295 
0 252
0 6
0 18

fn=(992)
0 1272
cfn=(912)
calls=53 0 
0 3680
0 265
cfn=(912)
calls=53 0 
0 7497
0 684
cfn=(1380) std::_Function_handler<bool (std::vector<std::__cxx11::basic_string<char, std::char_traits<char>, std::allocator<char> >, std::allocator<std::__cxx11::basic_string<char, std::char_traits<char>, std::allocator<char> > > > const&), CLI::App::add_option<std::__cxx11::basic_string<char, std::char_traits<char>, std::allocator<char> >, std::__cxx11::basic_string<char, std::char_traits<char>, std::allocator<char> >, (CLI::detail::enabler)0>(std::__cxx11::basic_string<char, std::char_traits<char>, std::allocator<char> >, std::__cxx11::basic_string<char, std::char_traits<char>, std::allocator<char> >&, std::__cxx11::basic_string<char, std::char_traits<char>, std::allocator<char> >)::{lambda(std::vector<std::__cxx11::basic_string<char, std::char_traits<char>, std::allocator<char> >, std::allocator<std::__cxx11::basic_string<char, std::char_traits<char>, std::allocator<char> > > > const&)#1}>::_M_manager(std::_Any_data&, std::_Any_data const&, std::_Manager_operation)
calls=5 0 
0 55
cfn=(1272) std::_Function_handler<bool (std::vector<std::__cxx11::basic_string<char, std::char_traits<char>, std::allocator<char> >, std::allocator<std::__cxx11::basic_string<char, std::char_traits<char>, std::allocator<char> > > > const&), CLI::App::add_option<double, double, (CLI::detail::enabler)0>(std::__cxx11::basic_string<char, std::char_traits<char>, std::allocator<char> >, double&, std::__cxx11::basic_string<char, std::char_traits<char>, std::allocator<char> >)::{lambda(std::vector<std::__cxx11::basic_string<char, std::char_traits<char>, std::allocator<char> >, std::allocator<std::__cxx11::basic_string<char, std::char_traits<char>, std::allocator<char> > > > const&)#1}>::_M_manager(std::_Any_data&, std::_Any_data const&, std::_Manager_operation)
calls=26 0 
0 286
cfn=(1242)
calls=5 0 
0 55
cfn=(1106) std::_Function_handler<bool (std::vector<std::__cxx11::basic_string<char, std::char_traits<char>, std::allocator<char> >, std::allocator<std::__cxx11::basic_string<char, std::char_traits<char>, std::allocator<char> > > > const&), CLI::App::add_option<unsigned long, unsigned long, (CLI::detail::enabler)0>(std::__cxx11::basic_string<char, std::char_traits<char>, std::allocator<char> >, unsigned long&, std::__cxx11::basic_string<char, std::char_traits<char>, std::allocator<char> >)::{lambda(std::vector<std::__cxx11::basic_string<char, std::char_traits<char>, std::allocator<char> >, std::allocator<std::__cxx11::basic_string<char, std::char_traits<char>, std::allocator<char> > > > const&)#1}>::_M_manager(std::_Any_data&, std::_Any_data const&, std::_Manager_operation)
calls=16 0 
0 176
0 468
cfn=(994) CLI::Option::Option(std::__cxx11::basic_string<char, std::char_traits<char>, std::allocator<char> >, std::__cxx11::basic_string<char, std::char_traits<char>, std::allocator<char> >, std::function<bool (std::vector<std::__cxx11::basic_string<char, std::char_traits<char>, std::allocator<char> >, std::allocator<std::__cxx11::basic_string<char, std::char_traits<char>, std::allocator<char> > > > const&)>, CLI::App*, bool)
calls=52 0 
0 124386
0 7
cfn=(994)
calls=1 0 
0 10779
0 265
cob=(7)
cfi=(233)
cfn=(924)
calls=53 295 
0 318
0 53
0 106
cob=(7)
cfi=(233)
cfn=(924)
calls=53 295 
0 1470
0 53
0 745
cfn=(1108) CLI::Option::matching_name[abi:cxx11](CLI::Option const&) const
calls=13 0 
0 7843
0 78
cfn=(1108)
calls=13 0 
0 6539
0 39
cfn=(1108)
calls=13 0 
0 7706
0 156
cfn=(1108)
calls=26 0 
0 13029
0 39
cfn=(1108)
calls=13 0 
0 8310
0 1170
cfn=(1108)
calls=325 0 
0 179539
0 2275
cfn=(1108)
calls=325 0 
0 178400
0 1950
cfn=(1108)
calls=325 0 
0 179439
0 1950
cfn=(1108)
calls=325 0 
0 180003
0 2538
cob=(7)
cfi=(232)
cfn=(918)
calls=46 43 
0 7774
0 46
0 14
cob=(7)
cfi=(232)
cfn=(918)
calls=7 43 
0 1183
0 7
0 738
cfn=(1380)
calls=5 0 
0 55
cfn=(1272)
calls=26 0 
0 286
cfn=(1242)
calls=5 0 
0 55
cfn=(1106)
calls=16 0 
0 176
0 468
cfn=(912)
calls=52 0 
0 10074
0 3
cfn=(912)
calls=1 0 
0 83
0 371
cfn=(912)
calls=53 0 
0 3281
0 371
cfn=(994)
calls=53 0 
0 126305
0 318
cob=(7)
cfi=(233)
cfn=(924)
calls=53 295 
0 1470
0 53
0 106
cob=(7)
cfi=(233)
cfn=(924)
calls=53 295 
0 318
0 53
0 824
cfn=(1382) std::_Function_handler<std::__cxx11::basic_string<char, std::char_traits<char>, std::allocator<char> > (), CLI::App::add_option<std::__cxx11::basic_string<char, std::char_traits<char>, std::allocator<char> >, std::__cxx11::basic_string<char, std::char_traits<char>, std::allocator<char> >, (CLI::detail::enabler)0>(std::__cxx11::basic_string<char, std::char_traits<char>, std::allocator<char> >, std::__cxx11::basic_string<char, std::char_traits<char>, std::allocator<char> >&, std::__cxx11::basic_string<char, std::char_traits<char>, std::allocator<char> >)::{lambda()#1}>::_M_manager(std::_Any_data&, std::_Any_data const&, std::_Manager_operation)
calls=5 0 
0 55
cfn=(1274) std::_Function_handler<std::__cxx11::basic_string<char, std::char_traits<char>, std::allocator<char> > (), CLI::App::add_option<double, double, (CLI::detail::enabler)0>(std::__cxx11::basic_string<char, std::char_traits<char>, std::allocator<char> >, double&, std::__cxx11::basic_string<char, std::char_traits<char>, std::allocator<char> >)::{lambda()#1}>::_M_manager(std::_Any_data&, std::_Any_data const&, std::_Manager_operation)
calls=26 0 
0 286
cfn=(1116) std::_Function_handler<std::__cxx11::basic_string<char, std::char_traits<char>, std::allocator<char> > (), CLI::App::add_option<unsigned long, unsigned long, (CLI::detail::enabler)0>(std::__cxx11::basic_string<char, std::char_traits<char>, std::allocator<char> >, unsigned long&, std::__cxx11::basic_string<char, std::char_traits<char>, std::allocator<char> >)::{lambda()#1}>::_M_manager(std::_Any_data&, std::_Any_data const&, std::_Manager_operation)
calls=16 0 
0 176
0 1048
cfn=(1074) void CLI::OptionBase<CLI::OptionDefaults>::copy_to<CLI::Option>(CLI::Option*) const
calls=53 0 
0 19645
0 265
cfn=(1098)
calls=53 0 
0 15732
0 802
cob=(7)
cfi=(232)
cfn=(918)
calls=7 43 
0 815
0 7
0 471
cob=(7)
cfi=(247)
cfn=(1034)
calls=6 32 
0 222
0 6
0 53
cfn=(1462) std::__cxx11::basic_string<char, std::char_traits<char>, std::allocator<char> > std::operator+<char, std::char_traits<char>, std::allocator<char> >(char const*, std::__cxx11::basic_string<char, std::char_traits<char>, std::allocator<char> > const&) [clone .isra.0]
calls=2 0 
0 240
0 16
cfn=(912)
calls=2 0 
0 64
0 6
cfn=(1464) CLI::App::get_option_no_throw(std::__cxx11::basic_string<char, std::char_traits<char>, std::allocator<char> >)
calls=2 0 
0 46485
0 6
cob=(7)
cfi=(233)
cfn=(924)
calls=2 295 
0 12
0 2
0 8
cob=(7)
cfi=(233)
cfn=(924)
calls=2 295 
0 12
0 2
0 2

fn=(1110)
0 53889
cfn=(1114) bool std::operator==<char, std::char_traits<char>, std::allocator<char> >(std::__cxx11::basic_string<char, std::char_traits<char>, std::allocator<char> > const&, std::__cxx11::basic_string<char, std::char_traits<char>, std::allocator<char> > const&)
calls=1580 0 
0 10965
0 24463

fn=(1202)
0 1313
cfn=(1028) std::__cxx11::basic_string<char, std::char_traits<char>, std::allocator<char> >& std::vector<std::__cxx11::basic_string<char, std::char_traits<char>, std::allocator<char> >, std::allocator<std::__cxx11::basic_string<char, std::char_traits<char>, std::allocator<char> > > >::emplace_back<std::__cxx11::basic_string<char, std::char_traits<char>, std::allocator<char> > >(std::__cxx11::basic_string<char, std::char_traits<char>, std::allocator<char> >&&) [clone .isra.0]
calls=41 0 
0 5536
0 36
cfn=(1028)
calls=12 0 
0 1512
0 583

fn=(1238) CLI::Validator::~Validator()
0 476

fn=(1462)
0 28
cob=(2)
cfi=(158)
cfn=(688)
calls=2 0 
0 28
0 2
0 62
cob=(2)
cfi=(158)
cfn=(908)
calls=2 0 
0 30
0 2
0 38
cob=(2)
cfi=(158)
cfn=(908)
calls=2 0 
0 36
0 2
0 12

fn=(1470) std::_Function_handler<std::__cxx11::basic_string<char, std::char_traits<char>, std::allocator<char> > (std::__cxx11::basic_string<char, std::char_traits<char>, std::allocator<char> >&), CLI::detail::ExistingFileValidator::ExistingFileValidator()::{lambda(std::__cxx11::basic_string<char, std::char_traits<char>, std::allocator<char> >&)#1}>::_M_manager(std::_Any_data&, std::_Any_data const&, std::_Manager_operation)
0 30

fn=(1500) CLI::App::_trigger_pre_parse(unsigned long)
0 16

fn=(1506) CLI::App::_find_subcommand(std::__cxx11::basic_string<char, std::char_traits<char>, std::allocator<char> > const&, bool, bool) const [clone .constprop.0]
0 150

fn=(1510) std::__cxx11::basic_string<char, std::char_traits<char>, std::allocator<char> >::compare(unsigned long, unsigned long, char const*) const [clone .isra.0]
0 224
cob=(2)
cfi=(158)
cfn=(688)
calls=14 0 
0 196
0 14
0 126
cob=(2)
cfi=(158)
cfn=(690)
calls=14 0 
0 272
0 14
0 196

fn=(3764) walnutpie::InitConfigBuilder::~InitConfigBuilder()
0 22
cob=(2)
cfi=(152)
cfn=(632)
calls=1 3137 
0 90
0 1
0 12
cob=(7)
cfi=(247)
cfn=(1034)
calls=1 32 
0 37
0 1
0 14
cob=(2)
cfi=(152)
cfn=(632)
calls=1 3137 
0 114
0 1
0 12
cob=(7)
cfi=(247)
cfn=(1034)
calls=1 32 
0 37
0 1
0 12
cob=(7)
cfi=(247)
cfn=(1034)
calls=1 32 
0 37
0 1
0 4

fn=(4014) walnutpie::detail::MassEstimator::MassEstimator(walnutpie::WarmupConfig const&, walnutpie::InitChainConfig const&)
0 13
cob=(2)
cfi=(158)
cfn=(908)
calls=1 0 
0 65
0 1
0 19
cfn=(4008) Eigen::internal::DenseStorage_impl<double, -1, -1, 1, 0>::DenseStorage_impl(Eigen::internal::DenseStorage_impl<double, -1, -1, 1, 0> const&)
calls=1 0 
0 851
0 4
cfn=(4016) Eigen::Matrix<double, -1, 1, 0, -1, 1>::Matrix<Eigen::MatrixWrapper<Eigen::CwiseUnaryOp<Eigen::internal::scalar_inverse_op<double>, Eigen::ArrayWrapper<Eigen::Matrix<double, -1, 1, 0, -1, 1> const> const> const> >(Eigen::MatrixWrapper<Eigen::CwiseUnaryOp<Eigen::internal::scalar_inverse_op<double>, Eigen::ArrayWrapper<Eigen::Matrix<double, -1, 1, 0, -1, 1> const> const> const> const&)
calls=1 0 
0 2504
0 17
cfn=(3738) Eigen::PlainObjectBase<Eigen::Matrix<double, -1, 1, 0, -1, 1> >::PlainObjectBase<Eigen::CwiseNullaryOp<Eigen::internal::scalar_zero_op<double>, Eigen::Matrix<double, -1, 1, 0, -1, 1> > >(Eigen::DenseBase<Eigen::CwiseNullaryOp<Eigen::internal::scalar_zero_op<double>, Eigen::Matrix<double, -1, 1, 0, -1, 1> > > const&)
calls=1 0 
0 5782
0 6
cfn=(4018) walnutpie::detail::OnlineMoments::OnlineMoments(double, Eigen::Matrix<double, -1, 1, 0, -1, 1> const&, Eigen::Matrix<double, -1, 1, 0, -1, 1> const&)
calls=1 0 
0 6115
0 31
cfn=(3722) Eigen::internal::DenseStorage_impl<double, -1, -1, 1, 0>::resize(long, long, long) [clone .isra.0]
calls=1 0 
0 405
0 2033
cfn=(4018)
calls=1 0 
0 6115
0 29
cob=(2)
cfi=(152)
cfn=(632)
calls=1 3137 
0 90
0 1
0 13
cob=(2)
cfi=(152)
cfn=(632)
calls=1 3137 
0 90
0 1
0 10

fn=(4050)
0 3194478

fn=(4394)
0 231031
cfn=(4380) Eigen::internal::inner_product_impl<Eigen::internal::inner_product_evaluator<Eigen::internal::scalar_inner_product_op<double, double, true>, Eigen::Matrix<double, -1, 1, 0, -1, 1>, Eigen::MatrixWrapper<Eigen::CwiseBinaryOp<Eigen::internal::scalar_product_op<double, double>, Eigen::ArrayWrapper<Eigen::Matrix<double, -1, 1, 0, -1, 1> const> const, Eigen::ArrayWrapper<Eigen::CwiseBinaryOp<Eigen::internal::scalar_difference_op<double, double>, Eigen::Matrix<double, -1, 1, 0, -1, 1> const, Eigen::Matrix<double, -1, 1, 0, -1, 1> const> const> const> const> >, true>::run(Eigen::internal::inner_product_evaluator<Eigen::internal::scalar_inner_product_op<double, double, true>, Eigen::Matrix<double, -1, 1, 0, -1, 1>, Eigen::MatrixWrapper<Eigen::CwiseBinaryOp<Eigen::internal::scalar_product_op<double, double>, Eigen::ArrayWrapper<Eigen::Matrix<double, -1, 1, 0, -1, 1> const> const, Eigen::ArrayWrapper<Eigen::CwiseBinaryOp<Eigen::internal::scalar_difference_op<double, double>, Eigen::Matrix<double, -1, 1, 0, -1, 1> const, Eigen::Matrix<double, -1, 1, 0, -1, 1> const> const> const> const> > const&)
calls=113 0 
0 223401
0 3498

fn=(4496) StanHandler::write_csv(std::__cxx11::basic_string<char, std::char_traits<char>, std::allocator<char> >&)
0 11
cfn=(4488) walnutpie::DynamicStanModel::param_names[abi:cxx11]() const
calls=1 0 
0 84232
0 4
cfn=(4498) write_draws(std::__cxx11::basic_string<char, std::char_traits<char>, std::allocator<char> > const&, std::vector<std::__cxx11::basic_string<char, std::char_traits<char>, std::allocator<char> >, std::allocator<std::__cxx11::basic_string<char, std::char_traits<char>, std::allocator<char> > > > const&, Eigen::Matrix<double, -1, -1, 0, -1, -1> const&)
calls=1 0 
0 98164564
0 5647
cob=(7)
cfi=(247)
cfn=(1034)
calls=1 32 
0 127
0 1

fn=(5028)
0 26
cfn=(1234) std::_Function_handler<std::__cxx11::basic_string<char, std::char_traits<char>, std::allocator<char> > (std::__cxx11::basic_string<char, std::char_traits<char>, std::allocator<char> >&), CLI::Range::Range<double>(double, double, std::__cxx11::basic_string<char, std::char_traits<char>, std::allocator<char> > const&)::{lambda(std::__cxx11::basic_string<char, std::char_traits<char>, std::allocator<char> >&)#1}>::_M_manager(std::_Any_data&, std::_Any_data const&, std::_Manager_operation)
calls=2 0 
0 16
0 14
cfn=(1232)
calls=2 0 
0 311
0 4

fn=(5032) std::_Function_handler<std::__cxx11::basic_string<char, std::char_traits<char>, std::allocator<char> > (std::__cxx11::basic_string<char, std::char_traits<char>, std::allocator<char> >&), CLI::TypeValidator<double>::TypeValidator(std::__cxx11::basic_string<char, std::char_traits<char>, std::allocator<char> > const&)::{lambda(std::__cxx11::basic_string<char, std::char_traits<char>, std::allocator<char> >&)#1}>::_M_manager(std::_Any_data&, std::_Any_data const&, std::_Manager_operation)
0 6

fn=(5042)
0 13
cfn=(5044) std::_Function_handler<std::__cxx11::basic_string<char, std::char_traits<char>, std::allocator<char> > (std::__cxx11::basic_string<char, std::char_traits<char>, std::allocator<char> >&), CLI::detail::IPV4Validator::IPV4Validator()::{lambda(std::__cxx11::basic_string<char, std::char_traits<char>, std::allocator<char> >&)#1}>::_M_manager(std::_Any_data&, std::_Any_data const&, std::_Manager_operation)
calls=1 0 
0 6
0 7
cfn=(1232)
calls=1 0 
0 166
0 2

fn=(870)
0 12
cob=(2)
cfi=(230)
cfn=(872)
calls=1 242 
0 35360664510

fn=(946) CLI::Range::Range<double>(double, double, std::__cxx11::basic_string<char, std::char_traits<char>, std::allocator<char> > const&)
0 140
cfn=(912)
calls=7 0 
0 152
0 35
cfn=(912)
calls=7 0 
0 152
0 42
cob=(7)
cfi=(232)
cfn=(918)
calls=7 43 
0 560
0 7
0 234
cob=(7)
cfi=(249)
cfn=(1124)
calls=5 1173 
0 2955
0 5
0 20
cob=(7)
cfi=(279)
cfn=(1392)
calls=5 84 
0 1025
cob=(1)
cfi=(1)
cfn=(892)
calls=1 0 
0 1070
0 9
0 20
cob=(7)
cfi=(279)
cfn=(1392)
calls=5 84 
0 605
0 5
0 15
cob=(7)
cfi=(250)
cfn=(1282)
calls=5 67 
0 17878
0 5
0 25
cob=(7)
cfi=(279)
cfn=(1392)
calls=5 84 
0 620
0 5
0 15
cob=(7)
cfi=(250)
cfn=(1282)
calls=5 67 
0 14168
0 5
0 20
cob=(7)
cfi=(279)
cfn=(1392)
calls=5 84 
0 610
0 5
0 15
cob=(7)
cfi=(249)
cfn=(1178)
calls=5 288 
0 545
0 5
0 30
cfn=(912)
calls=5 0 
0 809
0 30
cob=(7)
cfi=(232)
cfn=(918)
calls=5 43 
0 609
0 5
0 20
cob=(7)
cfi=(233)
cfn=(942)
calls=5 766 
0 80
0 5
0 95
cfn=(1232)
calls=5 0 
0 330
0 10
cob=(7)
cfi=(233)
cfn=(924)
calls=5 295 
0 30
0 5
0 10
cob=(7)
cfi=(233)
cfn=(924)
calls=5 295 
0 210
0 5
0 10
cob=(7)
cfi=(249)
cfn=(1190)
calls=5 1215 
0 575
0 5
0 140
cfn=(926) std::_Function_handler<std::__cxx11::basic_string<char, std::char_traits<char>, std::allocator<char> > (std::__cxx11::basic_string<char, std::char_traits<char>, std::allocator<char> >&), CLI::Validator::func_::{lambda(std::__cxx11::basic_string<char, std::char_traits<char>, std::allocator<char> >&)#1}>::_M_manager(std::_Any_data&, std::_Any_data const&, std::_Manager_operation)
calls=7 0 
0 42
0 192

fn=(1066)
0 5944
cob=(2)
cfi=(158)
cfn=(908)
calls=92 0 
0 1319
0 92
0 1142

fn=(1068) void std::vector<std::__cxx11::basic_string<char, std::char_traits<char>, std::allocator<char> >, std::allocator<std::__cxx11::basic_string<char, std::char_traits<char>, std::allocator<char> > > >::_M_realloc_append<std::__cxx11::basic_string<char, std::char_traits<char>, std::allocator<char> > const&>(std::__cxx11::basic_string<char, std::char_traits<char>, std::allocator<char> > const&)
0 2856
cob=(7)
cfi=(232)
cfn=(918)
calls=102 43 
0 7210
0 102
0 816
cfn=(912)
calls=102 0 
0 5676
0 2040

fn=(1072)
0 16816
cob=(7)
cfi=(247)
cfn=(1034)
calls=156 32 
0 7211
0 156
0 9200
cob=(7)
cfi=(247)
cfn=(1034)
calls=369 32 
0 18523
0 369
0 3984

fn=(1104) CLI::Option* CLI::App::add_option<unsigned long, unsigned long, (CLI::detail::enabler)0>(std::__cxx11::basic_string<char, std::char_traits<char>, std::allocator<char> >, unsigned long&, std::__cxx11::basic_string<char, std::char_traits<char>, std::allocator<char> >) [clone .isra.0]
0 368
cfn=(912)
calls=16 0 
0 2103
0 208
cfn=(912)
calls=16 0 
0 853
0 112
cfn=(992)
calls=16 0 
0 266285
0 85
cob=(7)
cfi=(247)
cfn=(1034)
calls=7 32 
0 259
0 7
0 112
cfn=(1106)
calls=16 0 
0 128
0 96
cob=(7)
cfi=(247)
cfn=(1034)
calls=16 32 
0 592
0 16
0 112
cfn=(1116)
calls=16 0 
0 128
0 64
cfn=(898)
calls=16 0 
0 1040
0 80
cfn=(912)
calls=16 0 
0 528
0 96
cob=(7)
cfi=(232)
cfn=(918)
calls=16 43 
0 672
0 16
0 64
cob=(7)
cfi=(233)
cfn=(942)
calls=16 766 
0 528
0 16
0 352
cfn=(1102)
calls=16 0 
0 96
0 384

fn=(1232)
0 761
cob=(7)
cfi=(233)
cfn=(924)
calls=33 295 
0 455
0 33
0 99
cob=(7)
cfi=(247)
cfn=(1034)
calls=33 32 
0 3553
0 33
0 153
cob=(7)
cfi=(232)
cfn=(918)
calls=20 43 
0 840
0 20
0 180
cfn=(912)
calls=20 0 
0 675
0 80

fn=(1236) CLI::Option::check(CLI::Validator, std::__cxx11::basic_string<char, std::char_traits<char>, std::allocator<char> > const&) [clone .isra.0]
0 1350
cob=(7)
cfi=(232)
cfn=(918)
calls=27 43 
0 3661
0 27
0 1215
cob=(7)
cfi=(233)
cfn=(942)
calls=27 766 
0 891
0 27
0 486

fn=(1498) CLI::App::increment_parsed()
0 10

fn=(1526) CLI::Option::_validate(std::__cxx11::basic_string<char, std::char_traits<char>, std::allocator<char> >&, int) const
0 225
cfn=(912)
calls=5 0 
0 317
0 40
cfn=(1600)
calls=1 0 
0 1880
cfn=(1532) std::_Function_handler<std::__cxx11::basic_string<char, std::char_traits<char>, std::allocator<char> > (std::__cxx11::basic_string<char, std::char_traits<char>, std::allocator<char> >&), CLI::detail::ExistingFileValidator::ExistingFileValidator()::{lambda(std::__cxx11::basic_string<char, std::char_traits<char>, std::allocator<char> >&)#1}>::_M_invoke(std::_Any_data const&, std::__cxx11::basic_string<char, std::char_traits<char>, std::allocator<char> >&)
calls=2 0 
0 7023
cfn=(1528) std::_Function_handler<std::__cxx11::basic_string<char, std::char_traits<char>, std::allocator<char> > (std::__cxx11::basic_string<char, std::char_traits<char>, std::allocator<char> >&), CLI::Range::Range<double>(double, double, std::__cxx11::basic_string<char, std::char_traits<char>, std::allocator<char> > const&)::{lambda(std::__cxx11::basic_string<char, std::char_traits<char>, std::allocator<char> >&)#1}>::_M_invoke(std::_Any_data const&, std::__cxx11::basic_string<char, std::char_traits<char>, std::allocator<char> >&)
calls=2 0 
0 1015
0 15
cfn=(1066)
calls=5 0 
0 110
0 49
cob=(7)
cfi=(247)
cfn=(1034)
calls=3 32 
0 111
0 3
0 155

fn=(1624) std::_Sp_counted_ptr<CLI::Formatter*, (__gnu_cxx::_Lock_policy)2>::_M_dispose()
0 5
cfn=(1626) CLI::Formatter::~Formatter()
calls=1 0 
0 53

fn=(1648) walnutpie::DynamicStanModel::DynamicStanModel(char const*, char const*, unsigned int, void (*)(char const*, unsigned long))
0 17
cob=(2)
cfi=(301)
cfn=(1654)
calls=1 77 
0 1100358
cob=(1)
cfi=(1)
cfn=(892)
calls=1 0 
0 850
0 5
0 6
cob=(2)
cfi=(337)
cfn=(1978)
calls=1 64 
0 738
cob=(1)
cfi=(1)
cfn=(892)
calls=1 0 
0 734
0 5
0 6
cob=(2)
cfi=(337)
cfn=(1978)
calls=1 64 
0 726
0 1
0 8
cob=(12)
cfi=(384)
cfn=(3164)
calls=1 0 
0 46702131
0 7
cfn=(3614) void (*walnutpie::internal::dlsym_cast_impl<void (*)(char*)>(std::unique_ptr<void, walnutpie::internal::dlclose_deleter>&, char const*))(char*)
calls=1 0 
0 742
0 4
cob=(2)
cfi=(337)
cfn=(1978)
calls=1 64 
0 723
0 1
0 6
cob=(2)
cfi=(337)
cfn=(1978)
calls=1 64 
0 683
0 1
0 6
cob=(2)
cfi=(337)
cfn=(1978)
calls=1 64 
0 759
0 1
0 6
cob=(2)
cfi=(337)
cfn=(1978)
calls=1 64 
0 745
0 1
0 6
cob=(2)
cfi=(337)
cfn=(1978)
calls=1 64 
0 738
0 1
0 6
cob=(2)
cfi=(337)
cfn=(1978)
calls=1 64 
0 695
0 1
0 6
cob=(2)
cfi=(337)
cfn=(1978)
calls=1 64 
0 707
0 1
0 6
cob=(2)
cfi=(337)
cfn=(1978)
calls=1 64 
0 730
0 1
0 6
cob=(2)
cfi=(337)
cfn=(1978)
calls=1 64 
0 758
0 1
0 5
cob=(12)
cfi=(384)
cfn=(3616)
calls=1 0 
0 24
0 11

fn=(4366) walnutpie::detail::MassEstimator::low_rank_update()
0 22

fn=(3722)
0 38359
cob=(2)
cfi=(152)
cfn=(812)
calls=2256 3101 
0 611068
cob=(1)
cfi=(1)
cfn=(892)
calls=1 0 
0 773
0 2260
0 18053

fn=(3778) void walnutpie::DynamicStanModel::logp_grad<Eigen::Matrix<double, -1, 1, 0, -1, 1> >(Eigen::Matrix<double, -1, 1, 0, -1, 1> const&, double&, Eigen::Matrix<double, -1, 1, 0, -1, 1>&) const
0 30
cfn=(3722)
calls=2 0 
0 193
0 22
cob=(12)
cfi=(384)
cfn=(3780)
calls=2 0 
0 15799605
0 26

fn=(4008)
0 32382
cob=(2)
cfi=(152)
cfn=(812)
calls=2313 3101 
0 670907
0 2313
0 27756
cob=(2)
cfi=(158)
cfn=(908)
calls=2313 0 
0 1232621
0 2313

fn=(4434) std::optional<walnutpie::detail::SpanW> walnutpie::detail::build_span<(walnutpie::detail::Direction)1, walnutpie::detail::NoExceptLogpGrad<run_walnuts<walnutpie::detail::Adam>(walnutpie::DynamicStanModel&, unsigned int, walnutpie::InitConfigBuilder&, unsigned long, unsigned long, bool, walnutpie::WarmupConfig&, walnutpie::SamplingConfig&, double, bool, double)::{lambda((auto:1&&)...)#1}, StanHandler>, std::mersenne_twister_engine<unsigned long, 64ul, 312ul, 156ul, 31ul, 13043109905998158313ul, 29ul, 6148914691236517205ul, 17ul, 8202884508482404352ul, 37ul, 18444473444759240704ul, 43ul, 6364136223846793005ul>, walnutpie::detail::NoOpStepSizeAdapter const>(walnutpie::detail::Random<std::mersenne_twister_engine<unsigned long, 64ul, 312ul, 156ul, 31ul, 13043109905998158313ul, 29ul, 6148914691236517205ul, 17ul, 8202884508482404352ul, 37ul, 18444473444759240704ul, 43ul, 6364136223846793005ul> >&, walnutpie::detail::NoExceptLogpGrad<run_walnuts<walnutpie::detail::Adam>(walnutpie::DynamicStanModel&, unsigned int, walnutpie::InitConfigBuilder&, unsigned long, unsigned long, bool, walnutpie::WarmupConfig&, walnutpie::SamplingConfig&, double, bool, double)::{lambda((auto:1&&)...)#1}, StanHandler> const&, Eigen::Matrix<double, -1, 1, 0, -1, 1> const&, double, unsigned long, unsigned long, unsigned long, double, walnutpie::detail::SpanW const&, walnutpie::detail::NoOpStepSizeAdapter const&) [clone .isra.0]
0 1576
cfn=(4060)
calls=24 0 
0 47975
0 80
cfn=(4060)
calls=20 0 
0 34040
0 176
cfn=(4060)
calls=44 0 
0 83642
0 308
cfn=(4060)
calls=44 0 
0 84218
0 354238
cob=(7)
cfi=(240)
cfn=(964)
calls=70 52 
0 1750
0 70
0 1260
cob=(12)
cfi=(384)
cfn=(3780)
calls=70 0 
0 556321632
0 350
cob=(7)
cfi=(240)
cfn=(964)
calls=70 52 
0 1750
0 70
0 166340
cfn=(4050)
calls=44 0 
0 82632
0 1052
cfn=(4435) std::optional<walnutpie::detail::SpanW> walnutpie::detail::build_span<(walnutpie::detail::Direction)1, walnutpie::detail::NoExceptLogpGrad<run_walnuts<walnutpie::detail::Adam>(walnutpie::DynamicStanModel&, unsigned int, walnutpie::InitConfigBuilder&, unsigned long, unsigned long, bool, walnutpie::WarmupConfig&, walnutpie::SamplingConfig&, double, bool, double)::{lambda((auto:1&&)...)#1}, StanHandler>, std::mersenne_twister_engine<unsigned long, 64ul, 312ul, 156ul, 31ul, 13043109905998158313ul, 29ul, 6148914691236517205ul, 17ul, 8202884508482404352ul, 37ul, 18444473444759240704ul, 43ul, 6364136223846793005ul>, walnutpie::detail::NoOpStepSizeAdapter const>(walnutpie::detail::Random<std::mersenne_twister_engine<unsigned long, 64ul, 312ul, 156ul, 31ul, 13043109905998158313ul, 29ul, 6148914691236517205ul, 17ul, 8202884508482404352ul, 37ul, 18444473444759240704ul, 43ul, 6364136223846793005ul> >&, walnutpie::detail::NoExceptLogpGrad<run_walnuts<walnutpie::detail::Adam>(walnutpie::DynamicStanModel&, unsigned int, walnutpie::InitConfigBuilder&, unsigned long, unsigned long, bool, walnutpie::WarmupConfig&, walnutpie::SamplingConfig&, double, bool, double)::{lambda((auto:1&&)...)#1}, StanHandler> const&, Eigen::Matrix<double, -1, 1, 0, -1, 1> const&, double, unsigned long, unsigned long, unsigned long, double, walnutpie::detail::SpanW const&, walnutpie::detail::NoOpStepSizeAdapter const&) [clone .isra.0]'2
calls=34 0 
0 1751501849
0 2666
cob=(6)
cfi=(428)
cfn=(3806)
calls=24 98 
0 864
0 24
0 72
cob=(2)
cfi=(218)
cfn=(802)
calls=24 25 
0 16296
0 24
0 408
cfn=(4370)
calls=24 0 
0 183139634
0 264
cob=(2)
cfi=(152)
cfn=(632)
calls=5 3137 
0 603
0 5
0 92
cob=(2)
cfi=(152)
cfn=(632)
calls=5 3137 
0 603
0 5
0 77
cob=(2)
cfi=(152)
cfn=(632)
calls=5 3137 
0 568
0 5
0 692
cfn=(4052)
calls=19 0 
0 88016
0 57
cfn=(4376)
calls=19 0 
0 1045
0 57
cfn=(4330)
calls=19 0 
0 532
0 350
cfn=(4435)
calls=24 0 
0 1074613622
0 436
cfn=(4330)
calls=24 0 
0 15072
0 104
cfn=(4378)
calls=14 0 
0 55748
0 70
cfn=(4330)
calls=14 0 
0 6780
0 84
cfn=(4400)
calls=14 0 
0 4449
0 42
cfn=(4376)
calls=14 0 
0 770
0 42
cfn=(4330)
calls=14 0 
0 392
0 42

fn=(4435)
0 4290
cfn=(4060)
calls=86 0 
0 171065
0 320
cfn=(4060)
calls=80 0 
0 136160
0 664
cfn=(4060)
calls=166 0 
0 307671
0 1162
cfn=(4060)
calls=166 0 
0 307645
0 1346090
cob=(7)
cfi=(240)
cfn=(964)
calls=266 52 
0 6650
0 266
0 4788
cob=(12)
cfi=(384)
cfn=(3780)
calls=266 0 
0 2113782861
0 1330
cob=(7)
cfi=(240)
cfn=(964)
calls=266 52 
0 6650
0 266
0 632080
cfn=(4050)
calls=166 0 
0 311748
0 3088
cfn=(4435)
calls=37 0 
0 1337512414
0 9040
cob=(6)
cfi=(428)
cfn=(3806)
calls=86 98 
0 3096
0 86
0 258
cob=(2)
cfi=(218)
cfn=(802)
calls=86 25 
0 58394
0 86
0 1462
cfn=(4370)
calls=86 0 
0 708603543
0 996
cob=(2)
cfi=(152)
cfn=(632)
calls=20 3137 
0 2156
0 20
0 338
cob=(2)
cfi=(152)
cfn=(632)
calls=20 3137 
0 2084
0 20
0 278
cob=(2)
cfi=(152)
cfn=(632)
calls=20 3137 
0 2036
0 20
0 1776
cfn=(4052)
calls=66 0 
0 280789
0 198
cfn=(4376)
calls=66 0 
0 3630
0 198
cfn=(4330)
calls=66 0 
0 1848
0 496
cfn=(4435)
calls=28 0 
0 971250062
0 406
cfn=(4330)
calls=28 0 
0 16274
0 140
cfn=(4378)
calls=21 0 
0 83622
0 105
cfn=(4330)
calls=21 0 
0 8598
0 126
cfn=(4400)
calls=21 0 
0 6626
0 63
cfn=(4376)
calls=21 0 
0 1155
0 63
cfn=(4330)
calls=21 0 
0 588
0 63

fn=(878)
0 12

fn=(912)
0 31012
cob=(2)
cfi=(158)
cfn=(908)
calls=2798 0 
0 36891
0 2798
0 23526
cob=(7)
cfi=(232)
cfn=(918)
calls=1059 43 
0 59108
0 1059
0 6354

fn=(1060) bool std::operator==<char, std::char_traits<char>, std::allocator<char> >(std::__cxx11::basic_string<char, std::char_traits<char>, std::allocator<char> > const&, char const*)
0 1448
cob=(2)
cfi=(158)
cfn=(688)
calls=181 0 
0 2534
0 181
0 1603
cob=(2)
cfi=(158)
cfn=(690)
calls=112 0 
0 2173
cob=(1)
cfi=(1)
cfn=(892)
calls=1 0 
0 766
0 116
0 672

fn=(1070)
0 27980
cob=(7)
cfi=(232)
cfn=(918)
calls=1684 43 
0 81368
0 1684
0 46796
cob=(2)
cfi=(158)
cfn=(908)
calls=861 0 
0 11163
0 861
0 4153
cob=(7)
cfi=(232)
cfn=(918)
calls=823 43 
0 35364
0 823
0 5761
cob=(2)
cfi=(158)
cfn=(908)
calls=823 0 
0 9053
0 823
0 20383

fn=(1074)
0 3922
cob=(2)
cfi=(158)
cfn=(1002)
calls=371 0 
0 7049
0 371
0 954
cob=(7)
cfi=(246)
cfn=(1092)
calls=53 340 
0 2862
cob=(1)
cfi=(1)
cfn=(892)
calls=1 0 
0 1006
0 57
0 1910
cob=(7)
cfi=(248)
cfn=(1080)
calls=1 273 
0 17
cob=(1)
cfi=(1)
cfn=(892)
calls=1 0 
0 712
0 5
0 6
cob=(2)
cfi=(209)
cfn=(776)
calls=1 67 
0 66
0 1
0 2
cob=(7)
cfi=(248)
cfn=(1086)
calls=1 443 
0 6
cob=(1)
cfi=(1)
cfn=(892)
calls=1 0 
0 693
0 5
0 1

fn=(1204)
0 1196
cfn=(1386) std::_Function_handler<bool (std::vector<std::__cxx11::basic_string<char, std::char_traits<char>, std::allocator<char> >, std::allocator<std::__cxx11::basic_string<char, std::char_traits<char>, std::allocator<char> > > > const&), CLI::App::add_option<std::__cxx11::basic_string<char, std::char_traits<char>, std::allocator<char> >, std::__cxx11::basic_string<char, std::char_traits<char>, std::allocator<char> >, (CLI::detail::enabler)0>(std::__cxx11::basic_string<char, std::char_traits<char>, std::allocator<char> >, std::__cxx11::basic_string<char, std::char_traits<char>, std::allocator<char> >&, std::__cxx11::basic_string<char, std::char_traits<char>, std::allocator<char> >)::{lambda(std::vector<std::__cxx11::basic_string<char, std::char_traits<char>, std::allocator<char> >, std::allocator<std::__cxx11::basic_string<char, std::char_traits<char>, std::allocator<char> > > > const&)#1}>::_M_invoke(std::_Any_data const&, std::vector<std::__cxx11::basic_string<char, std::char_traits<char>, std::allocator<char> >, std::allocator<std::__cxx11::basic_string<char, std::char_traits<char>, std::allocator<char> > > > const&)
calls=6 0 
0 725
cfn=(1348) std::_Function_handler<bool (std::vector<std::__cxx11::basic_string<char, std::char_traits<char>, std::allocator<char> >, std::allocator<std::__cxx11::basic_string<char, std::char_traits<char>, std::allocator<char> > > > const&), CLI::App::add_option<double, double, (CLI::detail::enabler)0>(std::__cxx11::basic_string<char, std::char_traits<char>, std::allocator<char> >, double&, std::__cxx11::basic_string<char, std::char_traits<char>, std::allocator<char> >)::{lambda(std::vector<std::__cxx11::basic_string<char, std::char_traits<char>, std::allocator<char> >, std::allocator<std::__cxx11::basic_string<char, std::char_traits<char>, std::allocator<char> > > > const&)#1}>::_M_invoke(std::_Any_data const&, std::vector<std::__cxx11::basic_string<char, std::char_traits<char>, std::allocator<char> >, std::allocator<std::__cxx11::basic_string<char, std::char_traits<char>, std::allocator<char> > > > const&)
calls=26 0 
0 12029
cfn=(1212)
calls=20 0 
0 5603
0 884
cfn=(1206) CLI::Option::_validate_results(std::vector<std::__cxx11::basic_string<char, std::char_traits<char>, std::allocator<char> >, std::allocator<std::__cxx11::basic_string<char, std::char_traits<char>, std::allocator<char> > > >&) const [clone .isra.0]
calls=52 0 
0 11720
0 260
cfn=(1208) CLI::Option::_reduce_results(std::vector<std::__cxx11::basic_string<char, std::char_traits<char>, std::allocator<char> >, std::allocator<std::__cxx11::basic_string<char, std::char_traits<char>, std::allocator<char> > > >&, std::vector<std::__cxx11::basic_string<char, std::char_traits<char>, std::allocator<char> >, std::allocator<std::__cxx11::basic_string<char, std::char_traits<char>, std::allocator<char> > > > const&) const
calls=52 0 
0 6054
0 52

fn=(1230) CLI::Validator::Validator(CLI::Validator const&)
0 280
cfn=(1232)
calls=20 0 
0 2115
0 260
cfn=(1472) std::_Function_handler<std::__cxx11::basic_string<char, std::char_traits<char>, std::allocator<char> > (std::__cxx11::basic_string<char, std::char_traits<char>, std::allocator<char> >&), CLI::detail::NonexistentPathValidator::NonexistentPathValidator()::{lambda(std::__cxx11::basic_string<char, std::char_traits<char>, std::allocator<char> >&)#1}>::_M_manager(std::_Any_data&, std::_Any_data const&, std::_Manager_operation)
calls=1 0 
0 6
cfn=(1470)
calls=2 0 
0 12
cfn=(1234)
calls=17 0 
0 187
0 160
cfn=(912)
calls=20 0 
0 360
0 160

fn=(1382)
0 135

fn=(1496) CLI::App::_configure()
0 14

fn=(4370)
0 9055
cfn=(4372) Eigen::Matrix<double, -1, 1, 0, -1, 1>::Matrix<long>(long const&)
calls=302 0 
0 105762
0 1510
cfn=(4372)
calls=302 0 
0 90542
0 1510
cfn=(4372)
calls=302 0 
0 91627
0 3514
cfn=(4060)
calls=406 0 
0 691012
0 1624
cfn=(4374) void Eigen::internal::call_dense_assignment_loop<Eigen::Matrix<double, -1, 1, 0, -1, 1>, Eigen::CwiseUnaryOp<Eigen::internal::scalar_opposite_op<double>, Eigen::Matrix<double, -1, 1, 0, -1, 1> const>, Eigen::internal::assign_op<double, double> >(Eigen::Matrix<double, -1, 1, 0, -1, 1>&, Eigen::CwiseUnaryOp<Eigen::internal::scalar_opposite_op<double>, Eigen::Matrix<double, -1, 1, 0, -1, 1> const> const&, Eigen::internal::assign_op<double, double> const&) [clone .isra.0]
calls=406 0 
0 827428
0 1624
cfn=(4060)
calls=406 0 
0 691012
0 3058314
cob=(7)
cfi=(240)
cfn=(964)
calls=602 52 
0 15050
0 602
0 12642
cob=(12)
cfi=(384)
cfn=(3780)
calls=602 0 
0 4782321151
0 3010
cob=(7)
cfi=(240)
cfn=(964)
calls=602 52 
0 15050
0 602
0 1430604
cfn=(4050)
calls=406 0 
0 762468
0 4115
cob=(2)
cfi=(152)
cfn=(632)
calls=302 3137 
0 33527
0 302
0 1208
cob=(2)
cfi=(152)
cfn=(632)
calls=302 3137 
0 33554
0 302
0 1208
cob=(2)
cfi=(152)
cfn=(632)
calls=302 3137 
0 33745
0 302
0 25645

fn=(3614)
0 7
cob=(2)
cfi=(337)
cfn=(1978)
calls=1 64 
0 726
0 1
0 8

fn=(3622) void walnutpie::detail::validate_positive<unsigned long>(unsigned long, std::__cxx11::basic_string<char, std::char_traits<char>, std::allocator<char> > const&)
0 55

fn=(3710) void std::vector<double, std::allocator<double> >::_M_realloc_append<double const&>(double const&)
0 297
cob=(7)
cfi=(232)
cfn=(918)
calls=11 43 
0 1414
0 11
0 95
cob=(2)
cfi=(158)
cfn=(908)
calls=10 0 
0 936
0 10
0 73
cob=(7)
cfi=(247)
cfn=(1034)
calls=10 32 
0 556
0 10
0 132

fn=(3720) Eigen::Matrix<double, -1, 1, 0, -1, 1>::Matrix<Eigen::Map<Eigen::Matrix<double, -1, 1, 0, -1, 1>, 0, Eigen::Stride<0, 0> > >(Eigen::Map<Eigen::Matrix<double, -1, 1, 0, -1, 1>, 0, Eigen::Stride<0, 0> > const&)
0 13
cfn=(3722)
calls=1 0 
0 1164
0 1697

fn=(3762) std::vector<Eigen::Matrix<double, -1, 1, 0, -1, 1>, std::allocator<Eigen::Matrix<double, -1, 1, 0, -1, 1> > >::vector(std::vector<Eigen::Matrix<double, -1, 1, 0, -1, 1>, std::allocator<Eigen::Matrix<double, -1, 1, 0, -1, 1> > > const&)
0 30
cob=(7)
cfi=(232)
cfn=(918)
calls=2 43 
0 84
0 2
0 42
cob=(2)
cfi=(152)
cfn=(812)
calls=2 3101 
0 463
0 2
0 16
cob=(2)
cfi=(158)
cfn=(908)
calls=2 0 
0 1066
0 2
0 40

fn=(4024) walnutpie::detail::MassEstimator::inv_mass_estimate() const
0 2600
cfn=(3722)
calls=100 0 
0 14881
0 500
cfn=(4026) void Eigen::internal::call_dense_assignment_loop<Eigen::Matrix<double, -1, 1, 0, -1, 1>, Eigen::CwiseBinaryOp<Eigen::internal::scalar_quotient_op<double, double>, Eigen::Matrix<double, -1, 1, 0, -1, 1> const, Eigen::CwiseNullaryOp<Eigen::internal::scalar_constant_op<double>, Eigen::Matrix<double, -1, 1, 0, -1, 1> const> const>, Eigen::internal::assign_op<double, double> >(Eigen::Matrix<double, -1, 1, 0, -1, 1>&, Eigen::CwiseBinaryOp<Eigen::internal::scalar_quotient_op<double, double>, Eigen::Matrix<double, -1, 1, 0, -1, 1> const, Eigen::CwiseNullaryOp<Eigen::internal::scalar_constant_op<double>, Eigen::Matrix<double, -1, 1, 0, -1, 1> const> const> const&, Eigen::internal::assign_op<double, double> const&)
calls=100 0 
0 203900
0 1500
cfn=(3722)
calls=100 0 
0 28281
0 400
cfn=(4026)
calls=100 0 
0 203900
0 1900
cfn=(4008)
calls=100 0 
0 90261
0 700
cfn=(3722)
calls=100 0 
0 38788
0 203400
cob=(2)
cfi=(152)
cfn=(632)
calls=100 3137 
0 9000
0 100
0 400
cob=(2)
cfi=(152)
cfn=(632)
calls=100 3137 
0 10944
0 100
0 400
cob=(2)
cfi=(152)
cfn=(632)
calls=100 3137 
0 10176
0 100
0 400
cob=(2)
cfi=(152)
cfn=(632)
calls=100 3137 
0 9000
0 100
0 1900
cfn=(3722)
calls=100 0 
0 36760
0 237700

fn=(4044) double std::normal_distribution<double>::operator()<std::mersenne_twister_engine<unsigned long, 64ul, 312ul, 156ul, 31ul, 13043109905998158313ul, 29ul, 6148914691236517205ul, 17ul, 8202884508482404352ul, 37ul, 18444473444759240704ul, 43ul, 6364136223846793005ul> >(std::mersenne_twister_engine<unsigned long, 64ul, 312ul, 156ul, 31ul, 13043109905998158313ul, 29ul, 6148914691236517205ul, 17ul, 8202884508482404352ul, 37ul, 18444473444759240704ul, 43ul, 6364136223846793005ul>&, std::normal_distribution<double>::param_type const&) [clone .isra.0]
0 6442206
cob=(6)
cfi=(434)
cfn=(3886)
calls=50175 49 
0 2342565
0 50175
0 853361
cfn=(4046) std::mersenne_twister_engine<unsigned long, 64ul, 312ul, 156ul, 31ul, 13043109905998158313ul, 29ul, 6148914691236517205ul, 17ul, 8202884508482404352ul, 37ul, 18444473444759240704ul, 43ul, 6364136223846793005ul>::_M_gen_rand()
calls=193 0 
0 758104
0 1204
cfn=(4046)
calls=216 0 
0 848448
0 703314

fn=(4306)
0 1118
cob=(7)
cfi=(250)
cfn=(3562)
calls=86 157 
0 34601
cob=(1)
cfi=(1)
cfn=(892)
calls=1 0 
0 663
0 90
0 344
cob=(7)
cfi=(250)
cfn=(3572)
calls=86 225 
0 29662
cob=(1)
cfi=(1)
cfn=(892)
calls=1 0 
0 718
0 90

fn=(4332) walnutpie::detail::MassEstimator::observe(Eigen::Matrix<double, -1, 1, 0, -1, 1> const&, Eigen::Matrix<double, -1, 1, 0, -1, 1> const&, unsigned long)
0 2700
cfn=(898)
calls=100 0 
0 6300
0 900
cob=(7)
cfi=(233)
cfn=(924)
calls=100 295 
0 600
0 100
0 641300
cfn=(898)
calls=100 0 
0 6300
0 200
cob=(7)
cfi=(233)
cfn=(924)
calls=100 295 
0 600
0 100
0 646700

fn=(4380)
0 482388

fn=(4390) std::mersenne_twister_engine<unsigned long, 64ul, 312ul, 156ul, 31ul, 13043109905998158313ul, 29ul, 6148914691236517205ul, 17ul, 8202884508482404352ul, 37ul, 18444473444759240704ul, 43ul, 6364136223846793005ul>::operator()()
0 6887
cfn=(4046)
calls=1 0 
0 3928
0 3

fn=(4392) walnutpie::detail::SpanW::operator=(walnutpie::detail::SpanW&&) [clone .isra.0]
0 4118

fn=(4398)
0 1064
cob=(6)
cfi=(473) /usr/src/debug/glibc/glibc/math/./s_fmax_template.c
cfn=(4388) fmax
calls=56 23 
0 392
0 56
0 840
cob=(6)
cfi=(428)
cfn=(3806)
calls=56 98 
0 1536
0 56
0 280
cob=(6)
cfi=(428)
cfn=(3806)
calls=56 98 
0 1152
0 56
0 112
cob=(6)
cfi=(434)
cfn=(3886)
calls=56 49 
0 2632
0 56
0 798
cfn=(4390)
calls=56 0 
0 1512
0 616
cob=(6)
cfi=(434)
cfn=(3886)
calls=56 49 
0 2612
0 56
0 3886

fn=(5036)
0 13
cfn=(5038) std::_Function_handler<std::__cxx11::basic_string<char, std::char_traits<char>, std::allocator<char> > (std::__cxx11::basic_string<char, std::char_traits<char>, std::allocator<char> >&), CLI::detail::EscapedStringTransformer::EscapedStringTransformer()::{lambda(std::__cxx11::basic_string<char, std::char_traits<char>, std::allocator<char> >&)#1}>::_M_manager(std::_Any_data&, std::_Any_data const&, std::_Manager_operation)
calls=1 0 
0 6
0 7
cfn=(5040)
calls=1 0 
0 6
0 2

fn=(5044)
0 6

fn=(996) CLI::detail::split_names(std::__cxx11::basic_string<char, std::char_traits<char>, std::allocator<char> >)
0 2544
cob=(2)
cfi=(158)
cfn=(1002)
calls=106 0 
0 2014
cob=(1)
cfi=(1)
cfn=(892)
calls=1 0 
0 790
0 110
0 8
cob=(2)
cfi=(158)
cfn=(1002)
calls=2 0 
0 38
0 2
0 254
cfn=(912)
calls=2 0 
0 72
0 32
cob=(7)
cfi=(169)
cfn=(604)
calls=2 269 
0 50
cob=(1)
cfi=(1)
cfn=(892)
calls=1 0 
0 692
0 6
0 4
cob=(7)
cfi=(170)
cfn=(642)
calls=2 507 
0 12
cob=(1)
cfi=(1)
cfn=(892)
calls=1 0 
0 743
0 6
0 20
cob=(7)
cfi=(170)
cfn=(746)
calls=2 91 
0 12
cob=(1)
cfi=(1)
cfn=(892)
calls=1 0 
0 724
0 6
0 42
cob=(7)
cfi=(169)
cfn=(604)
calls=2 269 
0 50
0 2
0 4
cob=(7)
cfi=(170)
cfn=(642)
calls=2 507 
0 12
0 2
0 20
cob=(7)
cfi=(170)
cfn=(746)
calls=2 91 
0 12
0 2
0 26
cob=(7)
cfi=(246)
cfn=(1020)
calls=2 413 
0 32
cob=(1)
cfi=(1)
cfn=(892)
calls=1 0 
0 1014
0 6
0 10
cfn=(912)
calls=2 0 
0 72
0 610
cfn=(1024) CLI::detail::trim_copy(std::__cxx11::basic_string<char, std::char_traits<char>, std::allocator<char> > const&) [clone .isra.0]
calls=106 0 
0 41223
0 318
cfn=(1028)
calls=106 0 
0 14434
0 212
cob=(7)
cfi=(233)
cfn=(924)
calls=106 295 
0 636
0 106
0 1280
cob=(2)
cfi=(158)
cfn=(908)
calls=2 0 
0 36
0 2
0 18
cob=(2)
cfi=(158)
cfn=(908)
calls=2 0 
0 30
0 2
0 44
cob=(7)
cfi=(232)
cfn=(918)
calls=2 43 
0 217
0 2
0 10
cob=(7)
cfi=(233)
cfn=(942)
calls=2 766 
0 74
0 2
0 368
cob=(2)
cfi=(158)
cfn=(908)
calls=2 0 
0 30
0 2
0 20

fn=(1024)
0 1378
cfn=(912)
calls=106 0 
0 7231
0 1264
cob=(7)
cfi=(169)
cfn=(604)
calls=26 269 
0 650
0 26
0 52
cob=(7)
cfi=(170)
cfn=(642)
calls=26 507 
0 156
0 26
0 260
cob=(7)
cfi=(170)
cfn=(746)
calls=26 91 
0 156
0 26
0 94
cob=(7)
cfi=(169)
cfn=(604)
calls=14 269 
0 350
0 14
0 28
cob=(7)
cfi=(170)
cfn=(642)
calls=14 507 
0 84
0 14
0 140
cob=(7)
cfi=(170)
cfn=(746)
calls=14 91 
0 84
0 14
0 136
cob=(7)
cfi=(169)
cfn=(604)
calls=36 269 
0 900
0 36
0 72
cob=(7)
cfi=(170)
cfn=(642)
calls=36 507 
0 216
0 36
0 360
cob=(7)
cfi=(170)
cfn=(746)
calls=36 91 
0 216
0 36
0 192
cob=(7)
cfi=(169)
cfn=(604)
calls=30 269 
0 750
0 30
0 60
cob=(7)
cfi=(170)
cfn=(642)
calls=30 507 
0 180
0 30
0 300
cob=(7)
cfi=(170)
cfn=(746)
calls=30 91 
0 180
0 30
0 270
cfn=(1026) CLI::detail::ltrim(std::__cxx11::basic_string<char, std::char_traits<char>, std::allocator<char> >&)
calls=30 0 
0 3420
0 456
cfn=(1026)
calls=76 0 
0 8896
0 636
cfn=(912)
calls=106 0 
0 7630
0 510
cob=(7)
cfi=(247)
cfn=(1034)
calls=64 32 
0 2368
0 64
0 1166

fn=(1036) CLI::detail::get_names(std::vector<std::__cxx11::basic_string<char, std::char_traits<char>, std::allocator<char> >, std::allocator<std::__cxx11::basic_string<char, std::char_traits<char>, std::allocator<char> > > > const&, bool)
0 3816
cfn=(912)
calls=106 0 
0 7370
0 10
cfn=(912)
calls=2 0 
0 66
0 1712
cob=(7)
cfi=(233)
cfn=(1052)
calls=106 3465 
0 7526
cob=(1)
cfi=(1)
cfn=(892)
calls=1 0 
0 982
0 110
0 318
cfn=(1060)
calls=106 0 
0 7036
0 318
cob=(7)
cfi=(233)
cfn=(924)
calls=106 295 
0 636
0 106
0 824
cob=(7)
cfi=(233)
cfn=(1052)
calls=102 3465 
0 12065
0 102
0 306
cfn=(1066)
calls=102 0 
0 3712
0 204
cob=(7)
cfi=(233)
cfn=(924)
calls=102 295 
0 2196
0 102
0 17886
cfn=(1060)
calls=4 0 
0 120
0 20
cfn=(1060)
calls=4 0 
0 120
0 20
cfn=(1060)
calls=4 0 
0 120
0 248
cob=(7)
cfi=(246)
cfn=(1092)
calls=4 340 
0 216
0 4
0 516
cob=(7)
cfi=(247)
cfn=(1034)
calls=64 32 
0 2368
0 64
0 1278
cfn=(912)
calls=106 0 
0 1968
0 848
cfn=(1070)
calls=106 0 
0 23736
0 1166
cfn=(1070)
calls=106 0 
0 3822
0 212
cob=(7)
cfi=(233)
cfn=(924)
calls=106 295 
0 636
0 106
0 212
cfn=(1072)
calls=106 0 
0 8490
0 212
cfn=(1072)
calls=106 0 
0 1586
0 2200
cfn=(1068)
calls=102 0 
0 18700
0 448
cob=(7)
cfi=(232)
cfn=(918)
calls=2 43 
0 84
0 2
0 14
cob=(7)
cfi=(246)
cfn=(1042)
calls=2 263 
0 44
cob=(1)
cfi=(1)
cfn=(892)
calls=1 0 
0 1010
0 6
0 32

fn=(1098)
0 636
cfn=(1072)
calls=106 0 
0 1484
0 212
cfn=(1072)
calls=106 0 
0 2790
0 734
cfn=(1380)
calls=10 0 
0 80
cfn=(1272)
calls=52 0 
0 416
cfn=(1242)
calls=10 0 
0 80
cfn=(1106)
calls=32 0 
0 256
0 212
cfn=(1100)
calls=106 0 
0 318
0 212
cfn=(1100)
calls=106 0 
0 318
0 748
cfn=(1472)
calls=1 0 
0 6
cfn=(1470)
calls=2 0 
0 12
cfn=(1646) std::_Function_handler<std::__cxx11::basic_string<char, std::char_traits<char>, std::allocator<char> > (std::__cxx11::basic_string<char, std::char_traits<char>, std::allocator<char> >&), CLI::Range::Range<int>(int, int, std::__cxx11::basic_string<char, std::char_traits<char>, std::allocator<char> > const&)::{lambda(std::__cxx11::basic_string<char, std::char_traits<char>, std::allocator<char> >&)#1}>::_M_manager(std::_Any_data&, std::_Any_data const&, std::_Manager_operation)
calls=1 0 
0 8
cfn=(1642)
calls=1 0 
0 185
cfn=(1234)
calls=22 0 
0 176
0 216
cfn=(1644) std::_Function_handler<std::__cxx11::basic_string<char, std::char_traits<char>, std::allocator<char> > (), CLI::IsMember::IsMember<std::vector<char const*, std::allocator<char const*> >, decltype(nullptr)>(std::vector<char const*, std::allocator<char const*> >, decltype(nullptr))::{lambda()#1}>::_M_manager(std::_Any_data&, std::_Any_data const&, std::_Manager_operation)
calls=1 0 
0 203
cfn=(1640) std::_Function_handler<std::__cxx11::basic_string<char, std::char_traits<char>, std::allocator<char> > (), CLI::Validator::description(std::__cxx11::basic_string<char, std::char_traits<char>, std::allocator<char> >)::{lambda()#1}>::_M_manager(std::_Any_data&, std::_Any_data const&, std::_Manager_operation)
calls=6 0 
0 1646
cfn=(1232)
calls=20 0 
0 3082
0 401
cob=(7)
cfi=(247)
cfn=(1034)
calls=27 32 
0 2225
0 27
0 506
cfn=(1382)
calls=5 0 
0 40
cfn=(1274)
calls=26 0 
0 208
cfn=(1116)
calls=16 0 
0 128
0 742
cfn=(1630) std::_Function_handler<std::__cxx11::basic_string<char, std::char_traits<char>, std::allocator<char> > (), CLI::Option::type_name(std::__cxx11::basic_string<char, std::char_traits<char>, std::allocator<char> >)::{lambda()#1}>::_M_manager(std::_Any_data&, std::_Any_data const&, std::_Manager_operation)
calls=47 0 
0 7601
cfn=(1102)
calls=59 0 
0 354
0 212
cob=(7)
cfi=(233)
cfn=(924)
calls=106 295 
0 636
0 106
0 212
cob=(7)
cfi=(233)
cfn=(924)
calls=106 295 
0 636
0 106
0 212
cob=(7)
cfi=(233)
cfn=(924)
calls=106 295 
0 5570
0 106
0 212
cob=(7)
cfi=(233)
cfn=(924)
calls=106 295 
0 636
0 106
0 212
cob=(7)
cfi=(233)
cfn=(924)
calls=106 295 
0 636
0 106
0 212
cfn=(1072)
calls=106 0 
0 1484
0 848
cfn=(1072)
calls=106 0 
0 13984
0 212
cfn=(1072)
calls=106 0 
0 1586
0 530
cob=(7)
cfi=(233)
cfn=(924)
calls=106 295 
0 636
0 106

fn=(1106)
0 736

fn=(1112) CLI::Option::check_lname(std::__cxx11::basic_string<char, std::char_traits<char>, std::allocator<char> >) const
0 23590
cfn=(1070)
calls=1685 0 
0 213726
0 15990
cfn=(1110)
calls=490 0 
0 24654
0 10755
cfn=(1110)
calls=1195 0 
0 60351
0 8210
cob=(7)
cfi=(247)
cfn=(1034)
calls=490 32 
0 18130
0 490
0 20137
cob=(7)
cfi=(247)
cfn=(1034)
calls=779 32 
0 28823
0 779
0 17800
cob=(7)
cfi=(247)
cfn=(1034)
calls=1580 32 
0 58460
0 1580
0 93421

fn=(1234)
0 379

fn=(1244) CLI::Option* CLI::Option::default_val<bool>(bool const&) [clone .isra.0]
0 14
cob=(7)
cfi=(249)
cfn=(1124)
calls=1 1173 
0 591
0 1
0 3
cob=(7)
cfi=(250)
cfn=(1250)
calls=1 67 
0 359
cob=(1)
cfi=(1)
cfn=(892)
calls=1 0 
0 744
0 5
0 3
cob=(7)
cfi=(249)
cfn=(1178)
calls=1 288 
0 43
0 1
0 3
cob=(7)
cfi=(249)
cfn=(1190)
calls=1 1215 
0 79
0 1
0 14
cfn=(912)
calls=1 0 
0 36
0 4
cfn=(1202)
calls=1 0 
0 172
0 3
cob=(7)
cfi=(233)
cfn=(924)
calls=1 295 
0 6
0 1
0 6
cfn=(1206)
calls=1 0 
0 11
0 14
cfn=(1072)
calls=1 0 
0 65
0 3
cfn=(1066)
calls=1 0 
0 29
0 2
cfn=(1072)
calls=1 0 
0 14
0 2
cob=(7)
cfi=(233)
cfn=(924)
calls=1 295 
0 6
0 1
0 11

fn=(1512) std::__cxx11::basic_string<char, std::char_traits<char>, std::allocator<char> >::find(char, unsigned long) const [clone .isra.0]
0 140
cob=(2)
cfi=(158)
cfn=(1002)
calls=14 0 
0 280
0 14
0 70

fn=(1522) CLI::App::_process_env()
0 493

fn=(1614)
0 18
cfn=(1624)
calls=1 0 
0 58
cfn=(1616)
calls=1 0 
0 67
0 10
cfn=(1628) std::_Sp_counted_ptr<CLI::Formatter*, (__gnu_cxx::_Lock_policy)2>::_M_destroy()
calls=1 0 
0 40
cfn=(1620) std::_Sp_counted_ptr<CLI::ConfigBase*, (__gnu_cxx::_Lock_policy)2>::_M_destroy()
calls=1 0 
0 40

fn=(1626)
0 15
cob=(7)
cfi=(247)
cfn=(1034)
calls=1 32 
0 37
0 1

fn=(1630)
0 799
cob=(7)
cfi=(233)
cfn=(924)
calls=47 295 
0 282
0 47
0 141
cob=(7)
cfi=(247)
cfn=(1034)
calls=47 32 
0 6238
0 47
0 47

fn=(1646)
0 8

fn=(4368) walnutpie::detail::MassEstimator::reset_to_seeds()
0 26
cfn=(3738)
calls=2 0 
0 11388
0 12
cfn=(4018)
calls=2 0 
0 11264
0 46
cob=(2)
cfi=(152)
cfn=(632)
calls=2 3137 
0 180
0 2
0 10
cob=(2)
cfi=(152)
cfn=(632)
calls=2 3137 
0 204
0 2
0 8
cob=(2)
cfi=(152)
cfn=(632)
calls=2 3137 
0 267
0 2
0 10
cfn=(4018)
calls=2 0 
0 11347
0 46
cob=(2)
cfi=(152)
cfn=(632)
calls=2 3137 
0 180
0 2
0 10
cob=(2)
cfi=(152)
cfn=(632)
calls=2 3137 
0 228
0 2
0 8
cob=(2)
cfi=(152)
cfn=(632)
calls=2 3137 
0 228
0 2
0 22
cob=(2)
cfi=(152)
cfn=(632)
calls=2 3137 
0 234
0 2

fn=(3618) void walnutpie::detail::validate_finite_positive<double>(double, std::__cxx11::basic_string<char, std::char_traits<char>, std::allocator<char> > const&)
0 153

fn=(3750) Eigen::PlainObjectBase<Eigen::Matrix<double, -1, 1, 0, -1, 1> >::PlainObjectBase<Eigen::CwiseNullaryOp<Eigen::internal::scalar_constant_op<double>, Eigen::Matrix<double, -1, 1, 0, -1, 1> > >(Eigen::DenseBase<Eigen::CwiseNullaryOp<Eigen::internal::scalar_constant_op<double>, Eigen::Matrix<double, -1, 1, 0, -1, 1> > > const&)
0 10
cfn=(3722)
calls=1 0 
0 378
0 867

fn=(3760) std::vector<Eigen::Matrix<double, -1, 1, 0, -1, 1>, std::allocator<Eigen::Matrix<double, -1, 1, 0, -1, 1> > >::~vector()
0 42

fn=(4040) Eigen::Matrix<double, -1, 1, 0, -1, 1> walnutpie::detail::transition_w<walnutpie::detail::NoExceptLogpGrad<run_walnuts<walnutpie::detail::Adam>(walnutpie::DynamicStanModel&, unsigned int, walnutpie::InitConfigBuilder&, unsigned long, unsigned long, bool, walnutpie::WarmupConfig&, walnutpie::SamplingConfig&, double, bool, double)::{lambda((auto:1&&)...)#1}, StanHandler>, walnutpie::detail::Random<std::mersenne_twister_engine<unsigned long, 64ul, 312ul, 156ul, 31ul, 13043109905998158313ul, 29ul, 6148914691236517205ul, 17ul, 8202884508482404352ul, 37ul, 18444473444759240704ul, 43ul, 6364136223846793005ul> >, walnutpie::detail::Adam>(walnutpie::detail::Random<std::mersenne_twister_engine<unsigned long, 64ul, 312ul, 156ul, 31ul, 13043109905998158313ul, 29ul, 6148914691236517205ul, 17ul, 8202884508482404352ul, 37ul, 18444473444759240704ul, 43ul, 6364136223846793005ul> >&, walnutpie::detail::NoExceptLogpGrad<run_walnuts<walnutpie::detail::Adam>(walnutpie::DynamicStanModel&, unsigned int, walnutpie::InitConfigBuilder&, unsigned long, unsigned long, bool, walnutpie::WarmupConfig&, walnutpie::SamplingConfig&, double, bool, double)::{lambda((auto:1&&)...)#1}, StanHandler> const&, Eigen::Matrix<double, -1, 1, 0, -1, 1> const&, Eigen::Matrix<double, -1, 1, 0, -1, 1> const&, double, unsigned long, unsigned long, unsigned long, double, Eigen::Matrix<double, -1, 1, 0, -1, 1>&&, unsigned long&, Eigen::Matrix<double, -1, 1, 0, -1, 1>&, double&, walnutpie::detail::Adam&, Eigen::Matrix<double, -1, 1, 0, -1, 1> const&, double)
0 3500
cfn=(4042) Eigen::PlainObjectBase<Eigen::Matrix<double, -1, 1, 0, -1, 1> >::PlainObjectBase<Eigen::MatrixWrapper<Eigen::CwiseBinaryOp<Eigen::internal::scalar_product_op<double, double>, Eigen::ArrayWrapper<Eigen::Matrix<double, -1, 1, 0, -1, 1> const> const, Eigen::ArrayWrapper<Eigen::CwiseNullaryOp<walnutpie::detail::Random<std::mersenne_twister_engine<unsigned long, 64ul, 312ul, 156ul, 31ul, 13043109905998158313ul, 29ul, 6148914691236517205ul, 17ul, 8202884508482404352ul, 37ul, 18444473444759240704ul, 43ul, 6364136223846793005ul> >::standard_normal(long)::{lambda(long)#1}, Eigen::Matrix<double, -1, 1, 0, -1, 1> > > const> const> >(Eigen::DenseBase<Eigen::MatrixWrapper<Eigen::CwiseBinaryOp<Eigen::internal::scalar_product_op<double, double>, Eigen::ArrayWrapper<Eigen::Matrix<double, -1, 1, 0, -1, 1> const> const, Eigen::ArrayWrapper<Eigen::CwiseNullaryOp<walnutpie::detail::Random<std::mersenne_twister_engine<unsigned long, 64ul, 312ul, 156ul, 31ul, 13043109905998158313ul, 29ul, 6148914691236517205ul, 17ul, 8202884508482404352ul, 37ul, 18444473444759240704ul, 43ul, 6364136223846793005ul> >::standard_normal(long)::{lambda(long)#1}, Eigen::Matrix<double, -1, 1, 0, -1, 1> > > const> const> > const&)
calls=100 0 
0 8697013
0 604
cfn=(3722)
calls=1 0 
0 259
0 5
cfn=(4048) walnutpie::detail::NoExceptLogpGrad<run_walnuts<walnutpie::detail::Adam>(walnutpie::DynamicStanModel&, unsigned int, walnutpie::InitConfigBuilder&, unsigned long, unsigned long, bool, walnutpie::WarmupConfig&, walnutpie::SamplingConfig&, double, bool, double)::{lambda((auto:1&&)...)#1}, StanHandler>::operator()(Eigen::Matrix<double, -1, 1, 0, -1, 1> const&, double&, Eigen::Matrix<double, -1, 1, 0, -1, 1>&) const
calls=1 0 
0 7895567
0 8
cfn=(4050)
calls=1 0 
0 1878
0 495
cfn=(4050)
calls=99 0 
0 185922
0 1100
cfn=(4052)
calls=100 0 
0 428405
0 400
cob=(2)
cfi=(218)
cfn=(802)
calls=100 25 
0 67900
cob=(1)
cfi=(1)
cfn=(892)
calls=1 0 
0 791
0 104
0 7923
cfn=(4058) std::optional<walnutpie::detail::SpanW> walnutpie::detail::build_span<(walnutpie::detail::Direction)0, walnutpie::detail::NoExceptLogpGrad<run_walnuts<walnutpie::detail::Adam>(walnutpie::DynamicStanModel&, unsigned int, walnutpie::InitConfigBuilder&, unsigned long, unsigned long, bool, walnutpie::WarmupConfig&, walnutpie::SamplingConfig&, double, bool, double)::{lambda((auto:1&&)...)#1}, StanHandler>, std::mersenne_twister_engine<unsigned long, 64ul, 312ul, 156ul, 31ul, 13043109905998158313ul, 29ul, 6148914691236517205ul, 17ul, 8202884508482404352ul, 37ul, 18444473444759240704ul, 43ul, 6364136223846793005ul>, walnutpie::detail::Adam>(walnutpie::detail::Random<std::mersenne_twister_engine<unsigned long, 64ul, 312ul, 156ul, 31ul, 13043109905998158313ul, 29ul, 6148914691236517205ul, 17ul, 8202884508482404352ul, 37ul, 18444473444759240704ul, 43ul, 6364136223846793005ul> >&, walnutpie::detail::NoExceptLogpGrad<run_walnuts<walnutpie::detail::Adam>(walnutpie::DynamicStanModel&, unsigned int, walnutpie::InitConfigBuilder&, unsigned long, unsigned long, bool, walnutpie::WarmupConfig&, walnutpie::SamplingConfig&, double, bool, double)::{lambda((auto:1&&)...)#1}, StanHandler> const&, Eigen::Matrix<double, -1, 1, 0, -1, 1> const&, double, unsigned long, unsigned long, unsigned long, double, walnutpie::detail::SpanW const&, walnutpie::detail::Adam&)
calls=76 0 
0 14211103726
0 228
cob=(2)
cfi=(218)
cfn=(802)
calls=76 25 
0 51604
0 76
0 780
cfn=(4060)
calls=100 0 
0 207704
0 1200
cfn=(4330)
calls=100 0 
0 80702
0 2628
cfn=(4338)
calls=69 0 
0 14941259121
0 207
cob=(2)
cfi=(218)
cfn=(802)
calls=69 25 
0 46851
0 69
0 445
cfn=(4378)
calls=25 0 
0 85613
0 150
cfn=(4382) walnutpie::detail::SpanW walnutpie::detail::combine<(walnutpie::detail::Update)1, (walnutpie::detail::Direction)1, std::mersenne_twister_engine<unsigned long, 64ul, 312ul, 156ul, 31ul, 13043109905998158313ul, 29ul, 6148914691236517205ul, 17ul, 8202884508482404352ul, 37ul, 18444473444759240704ul, 43ul, 6364136223846793005ul> >(walnutpie::detail::Random<std::mersenne_twister_engine<unsigned long, 64ul, 312ul, 156ul, 31ul, 13043109905998158313ul, 29ul, 6148914691236517205ul, 17ul, 8202884508482404352ul, 37ul, 18444473444759240704ul, 43ul, 6364136223846793005ul> >&, walnutpie::detail::SpanW&&, walnutpie::detail::SpanW&&)
calls=25 0 
0 8611
0 75
cfn=(4392)
calls=25 0 
0 1775
0 50
cfn=(4330)
calls=25 0 
0 13775
0 75
cfn=(4330)
calls=25 0 
0 10494
0 455
cfn=(4394)
calls=30 0 
0 113487
0 180
cfn=(4396) walnutpie::detail::SpanW walnutpie::detail::combine<(walnutpie::detail::Update)1, (walnutpie::detail::Direction)0, std::mersenne_twister_engine<unsigned long, 64ul, 312ul, 156ul, 31ul, 13043109905998158313ul, 29ul, 6148914691236517205ul, 17ul, 8202884508482404352ul, 37ul, 18444473444759240704ul, 43ul, 6364136223846793005ul> >(walnutpie::detail::Random<std::mersenne_twister_engine<unsigned long, 64ul, 312ul, 156ul, 31ul, 13043109905998158313ul, 29ul, 6148914691236517205ul, 17ul, 8202884508482404352ul, 37ul, 18444473444759240704ul, 43ul, 6364136223846793005ul> >&, walnutpie::detail::SpanW&&, walnutpie::detail::SpanW&&)
calls=30 0 
0 13471
0 2580
cfn=(4330)
calls=30 0 
0 16501
0 90
cfn=(4330)
calls=30 0 
0 11665
0 525
cfn=(4060)
calls=99 0 
0 192415
0 396

fn=(4382)
0 1102
cob=(6)
cfi=(473)
cfn=(4388)
calls=58 23 
0 406
cob=(1)
cfi=(1)
cfn=(892)
calls=1 0 
0 666
0 62
0 870
cob=(6)
cfi=(428)
cfn=(3806)
calls=58 98 
0 1248
0 58
0 290
cob=(6)
cfi=(428)
cfn=(3806)
calls=58 98 
0 1536
0 58
0 116
cob=(6)
cfi=(434)
cfn=(3886)
calls=58 49 
0 2726
0 58
0 868
cfn=(4390)
calls=58 0 
0 1566
0 704
cob=(6)
cfi=(434)
cfn=(3886)
calls=58 49 
0 2706
0 58
0 4009

fn=(4396)
0 1159
cob=(6)
cfi=(473)
cfn=(4388)
calls=61 23 
0 427
0 61
0 915
cob=(6)
cfi=(428)
cfn=(3806)
calls=61 98 
0 1284
0 61
0 305
cob=(6)
cfi=(428)
cfn=(3806)
calls=61 98 
0 1644
0 61
0 122
cob=(6)
cfi=(434)
cfn=(3886)
calls=61 49 
0 2867
0 61
0 918
cfn=(4390)
calls=61 0 
0 5580
0 720
cob=(6)
cfi=(434)
cfn=(3886)
calls=61 49 
0 2847
0 61
0 4214

fn=(4432) Eigen::Matrix<double, -1, 1, 0, -1, 1> walnutpie::detail::transition_w<walnutpie::detail::NoExceptLogpGrad<run_walnuts<walnutpie::detail::Adam>(walnutpie::DynamicStanModel&, unsigned int, walnutpie::InitConfigBuilder&, unsigned long, unsigned long, bool, walnutpie::WarmupConfig&, walnutpie::SamplingConfig&, double, bool, double)::{lambda((auto:1&&)...)#1}, StanHandler>, walnutpie::detail::Random<std::mersenne_twister_engine<unsigned long, 64ul, 312ul, 156ul, 31ul, 13043109905998158313ul, 29ul, 6148914691236517205ul, 17ul, 8202884508482404352ul, 37ul, 18444473444759240704ul, 43ul, 6364136223846793005ul> >, walnutpie::detail::NoOpStepSizeAdapter const>(walnutpie::detail::Random<std::mersenne_twister_engine<unsigned long, 64ul, 312ul, 156ul, 31ul, 13043109905998158313ul, 29ul, 6148914691236517205ul, 17ul, 8202884508482404352ul, 37ul, 18444473444759240704ul, 43ul, 6364136223846793005ul> >&, walnutpie::detail::NoExceptLogpGrad<run_walnuts<walnutpie::detail::Adam>(walnutpie::DynamicStanModel&, unsigned int, walnutpie::InitConfigBuilder&, unsigned long, unsigned long, bool, walnutpie::WarmupConfig&, walnutpie::SamplingConfig&, double, bool, double)::{lambda((auto:1&&)...)#1}, StanHandler> const&, Eigen::Matrix<double, -1, 1, 0, -1, 1> const&, Eigen::Matrix<double, -1, 1, 0, -1, 1> const&, double, unsigned long, unsigned long, unsigned long, double, Eigen::Matrix<double, -1, 1, 0, -1, 1>&&, unsigned long&, Eigen::Matrix<double, -1, 1, 0, -1, 1>&, double&, walnutpie::detail::NoOpStepSizeAdapter const&, Eigen::Matrix<double, -1, 1, 0, -1, 1> const&, double)
0 1650
cfn=(4042)
calls=50 0 
0 4347870
0 550
cfn=(4050)
calls=50 0 
0 93900
0 550
cfn=(4052)
calls=50 0 
0 202059
0 200
cob=(2)
cfi=(218)
cfn=(802)
calls=50 25 
0 33950
0 50
0 4463
cfn=(4046)
calls=2 0 
0 7856
0 1290
cfn=(4474)
calls=55 0 
0 2452235177
0 220
cob=(2)
cfi=(218)
cfn=(802)
calls=55 25 
0 37345
0 55
0 475
cfn=(4060)
calls=50 0 
0 100795
0 600
cfn=(4330)
calls=50 0 
0 42835
0 1422
cfn=(4434)
calls=58 0 
0 3566635620
0 232
cob=(2)
cfi=(218)
cfn=(802)
calls=58 25 
0 39382
0 58
0 422
cfn=(4378)
calls=33 0 
0 131406
0 198
cfn=(4382)
calls=33 0 
0 10496
0 99
cfn=(4392)
calls=33 0 
0 2343
0 66
cfn=(4330)
calls=33 0 
0 17910
0 99
cfn=(4330)
calls=33 0 
0 12679
0 567
cfn=(4394)
calls=31 0 
0 121451
0 186
cfn=(4396)
calls=31 0 
0 9836
0 2666
cfn=(4330)
calls=31 0 
0 16921
0 93
cfn=(4330)
calls=31 0 
0 12357
0 281
cfn=(4060)
calls=50 0 
0 96353
0 200

fn=(4498)
0 21
cob=(7)
cfi=(202)
cfn=(738)
calls=1 76 
0 56
cob=(1)
cfi=(1)
cfn=(892)
calls=1 0 
0 696
0 5
0 16
cob=(7)
cfi=(203)
cfn=(740)
calls=1 131 
0 147
cob=(1)
cfi=(1)
cfn=(892)
calls=1 0 
0 1057
0 5
0 6
cob=(7)
cfi=(410)
cfn=(3184)
calls=1 85 
0 85
cob=(1)
cfi=(1)
cfn=(892)
calls=1 0 
0 901
0 5
0 3
cob=(7)
cfi=(203)
cfn=(740)
calls=1 131 
0 147
0 1
0 4
cob=(7)
cfi=(410)
cfn=(3192)
calls=1 183 
0 922
cob=(1)
cfi=(1)
cfn=(892)
calls=1 0 
0 1013
0 5
0 7
cob=(7)
cfi=(203)
cfn=(3204)
calls=1 46 
0 9
cob=(1)
cfi=(1)
cfn=(892)
calls=1 0 
0 969
0 5
0 10
cob=(7)
cfi=(279)
cfn=(1392)
calls=1 84 
0 233
0 1
0 7233
cob=(7)
cfi=(207)
cfn=(1456)
calls=803 734 
0 154176
0 803
0 5621
cob=(7)
cfi=(279)
cfn=(1392)
calls=803 84 
0 127236
0 803
0 806
cob=(7)
cfi=(207)
cfn=(1456)
calls=1 734 
0 192
0 1
0 4
cfn=(898)
calls=1 0 
0 43
0 4
cfn=(898)
calls=1 0 
0 43
0 4
cfn=(898)
calls=1 0 
0 43
0 4
cfn=(898)
calls=1 0 
0 43
0 4
cfn=(898)
calls=1 0 
0 44
0 4
cfn=(898)
calls=1 0 
0 44
0 6
cfn=(912)
calls=1 0 
0 18
0 6
cfn=(912)
calls=1 0 
0 18
0 6
cfn=(912)
calls=1 0 
0 18
0 6
cfn=(912)
calls=1 0 
0 18
0 6
cfn=(912)
calls=1 0 
0 36
0 4
cfn=(898)
calls=1 0 
0 43
0 6
cfn=(912)
calls=1 0 
0 36
0 5
cob=(7)
cfi=(233)
cfn=(924)
calls=1 295 
0 6
0 1
0 2
cob=(7)
cfi=(233)
cfn=(924)
calls=1 295 
0 6
0 1
0 2
cob=(7)
cfi=(233)
cfn=(924)
calls=1 295 
0 6
0 1
0 2
cob=(7)
cfi=(233)
cfn=(924)
calls=1 295 
0 6
0 1
0 2
cob=(7)
cfi=(233)
cfn=(924)
calls=1 295 
0 6
0 1
0 2
cob=(7)
cfi=(233)
cfn=(924)
calls=1 295 
0 6
0 1
0 7
cfn=(912)
calls=1 0 
0 18
0 6
cfn=(912)
calls=1 0 
0 18
0 6
cfn=(912)
calls=1 0 
0 18
0 6
cfn=(912)
calls=1 0 
0 18
0 6
cfn=(912)
calls=1 0 
0 36
0 6
cfn=(912)
calls=1 0 
0 18
0 6
cfn=(912)
calls=1 0 
0 36
0 10
cfn=(4430)
calls=1 0 
0 32
0 2
cob=(7)
cfi=(410)
cfn=(3518)
calls=1 253 
0 757
cob=(1)
cfi=(1)
cfn=(892)
calls=1 0 
0 938
0 5
0 9
cfn=(4430)
calls=1 0 
0 32
0 6
cob=(7)
cfi=(410)
cfn=(3518)
calls=1 253 
0 19
0 1
0 2
cob=(7)
cfi=(411)
cfn=(3530)
calls=1 210 
0 21
cob=(1)
cfi=(1)
cfn=(892)
calls=1 0 
0 755
0 5
0 4
cob=(7)
cfi=(170)
cfn=(746)
calls=1 91 
0 6
0 1
0 9
cob=(7)
cfi=(202)
cfn=(1196)
calls=1 87 
0 43
cob=(1)
cfi=(1)
cfn=(892)
calls=1 0 
0 704
0 5
0 20
cob=(2)
cfi=(152)
cfn=(812)
calls=1 3101 
0 323
0 1
0 16
cob=(2)
cfi=(158)
cfn=(908)
calls=1 0 
0 321584
0 1
0 36
cob=(7)
cfi=(279)
cfn=(1392)
calls=1 84 
0 118
0 1
0 13
cob=(7)
cfi=(279)
cfn=(1392)
calls=1 84 
0 118
0 1
0 147
cob=(7)
cfi=(279)
cfn=(1392)
calls=49 84 
0 5782
0 49
0 150
cob=(7)
cfi=(250)
cfn=(1282)
calls=50 67 
0 104042
0 50
0 450
cob=(7)
cfi=(279)
cfn=(1392)
calls=50 84 
0 8050
0 50
0 160400
cob=(7)
cfi=(279)
cfn=(1392)
calls=40100 84 
0 6456492
0 40100
0 120450
cob=(7)
cfi=(250)
cfn=(1282)
calls=40150 67 
0 90457253
0 40150
0 120650
cob=(7)
cfi=(279)
cfn=(1392)
calls=50 84 
0 5900
0 50
0 296
cob=(7)
cfi=(279)
cfn=(1392)
calls=49 84 
0 7889
0 49
0 395
cob=(7)
cfi=(279)
cfn=(1392)
calls=49 84 
0 5782
0 49
0 102
cob=(7)
cfi=(279)
cfn=(1392)
calls=1 84 
0 118
0 1
0 10
cob=(2)
cfi=(152)
cfn=(632)
calls=1 3137 
0 81
0 1
0 5

fn=(5034) std::_Function_handler<std::__cxx11::basic_string<char, std::char_traits<char>, std::allocator<char> > (), CLI::Validator::Validator(std::__cxx11::basic_string<char, std::char_traits<char>, std::allocator<char> >, std::function<std::__cxx11::basic_string<char, std::char_traits<char>, std::allocator<char> > (std::__cxx11::basic_string<char, std::char_traits<char>, std::allocator<char> >&)>)::{lambda()#1}>::_M_manager(std::_Any_data&, std::_Any_data const&, std::_Manager_operation)
0 17
cob=(7)
cfi=(233)
cfn=(924)
calls=1 295 
0 6
0 1
0 3
cob=(7)
cfi=(247)
cfn=(1034)
calls=1 32 
0 137
0 1
0 1

fn=(5038)
0 6

fn=(884)
0 9
cob=(2)
cfi=(209)
cfn=(776)
calls=1 67 
0 66
cob=(1)
cfi=(1)
cfn=(892)
calls=1 0 
0 833
0 5
0 4
cob=(2)
cfi=(209)
cfn=(776)
calls=1 67 
0 66
0 1
0 4
cob=(2)
cfi=(209)
cfn=(776)
calls=1 67 
0 66
0 1
0 4
cob=(2)
cfi=(209)
cfn=(776)
calls=1 67 
0 66
0 1
0 4
cfn=(898)
calls=1 0 
0 1712
0 3
cfn=(910)
calls=1 0 
0 902
0 2
cob=(7)
cfi=(233)
cfn=(924)
calls=1 295 
0 6
cob=(1)
cfi=(1)
cfn=(892)
calls=1 0 
0 1026
0 5
0 18
cfn=(926)
calls=1 0 
0 6
0 4
cob=(2)
cfi=(209)
cfn=(776)
calls=1 67 
0 66
0 1
0 4
cfn=(898)
calls=1 0 
0 68
0 3
cfn=(910)
calls=1 0 
0 278
0 2
cob=(7)
cfi=(233)
cfn=(924)
calls=1 295 
0 6
0 1
0 18
cfn=(926)
calls=1 0 
0 6
0 4
cob=(2)
cfi=(209)
cfn=(776)
calls=1 67 
0 66
0 1
0 4
cfn=(898)
calls=1 0 
0 63
0 3
cfn=(910)
calls=1 0 
0 274
0 2
cob=(7)
cfi=(233)
cfn=(924)
calls=1 295 
0 6
0 1
0 18
cfn=(926)
calls=1 0 
0 6
0 4
cob=(2)
cfi=(209)
cfn=(776)
calls=1 67 
0 66
0 1
0 4
cfn=(898)
calls=1 0 
0 238
0 3
cfn=(910)
calls=1 0 
0 446
0 2
cob=(7)
cfi=(233)
cfn=(924)
calls=1 295 
0 298
0 1
0 18
cfn=(926)
calls=1 0 
0 6
0 4
cob=(2)
cfi=(209)
cfn=(776)
calls=1 67 
0 66
0 1
0 4
cfn=(898)
calls=1 0 
0 65
0 3
cfn=(910)
calls=1 0 
0 278
0 2
cob=(7)
cfi=(233)
cfn=(924)
calls=1 295 
0 6
0 1
0 18
cfn=(926)
calls=1 0 
0 6
0 5
cob=(2)
cfi=(209)
cfn=(776)
calls=1 67 
0 66
0 1
0 24
cob=(2)
cfi=(209)
cfn=(776)
calls=1 67 
0 66
0 1
0 4
cfn=(898)
calls=1 0 
0 65
0 13
cfn=(912)
calls=1 0 
0 33
0 6
cfn=(912)
calls=1 0 
0 33
0 6
cob=(7)
cfi=(232)
cfn=(918)
calls=1 43 
0 175
0 1
0 4
cob=(7)
cfi=(233)
cfn=(942)
calls=1 766 
0 33
cob=(1)
cfi=(1)
cfn=(892)
calls=1 0 
0 951
0 5
0 8
cob=(7)
cfi=(233)
cfn=(924)
calls=1 295 
0 6
0 1
0 21
cob=(7)
cfi=(233)
cfn=(924)
calls=1 295 
0 6
0 1
0 5
cob=(7)
cfi=(233)
cfn=(924)
calls=1 295 
0 6
0 1
0 4
cob=(2)
cfi=(209)
cfn=(776)
calls=1 67 
0 66
0 1
0 4
cfn=(898)
calls=1 0 
0 63
0 5
cfn=(946)
calls=1 0 
0 353
0 2
cob=(7)
cfi=(233)
cfn=(924)
calls=1 295 
0 6
0 1
0 4
cob=(2)
cfi=(209)
cfn=(776)
calls=1 67 
0 66
0 1
0 4
cfn=(898)
calls=1 0 
0 63
0 5
cfn=(946)
calls=1 0 
0 353
0 2
cob=(7)
cfi=(233)
cfn=(924)
calls=1 295 
0 6
0 1
0 4
cob=(2)
cfi=(209)
cfn=(776)
calls=1 67 
0 66
0 1
0 12

fn=(994)
0 1802
cfn=(898)
calls=106 0 
0 6890
0 2332
cob=(7)
cfi=(233)
cfn=(942)
calls=106 766 
0 1696
0 106
0 6640
cfn=(912)
calls=104 0 
0 7032
0 28
cfn=(912)
calls=2 0 
0 62
0 318
cfn=(996)
calls=106 0 
0 69121
0 424
cfn=(1036)
calls=106 0 
0 138031
0 1484
cfn=(1072)
calls=106 0 
0 1484
0 1378
cfn=(1072)
calls=106 0 
0 1484
0 318
cfn=(1066)
calls=106 0 
0 2436
0 212
cfn=(1072)
calls=106 0 
0 1484
0 212
cfn=(1072)
calls=106 0 
0 1484
0 212
cob=(7)
cfi=(233)
cfn=(924)
calls=106 295 
0 636
0 106
0 212
cfn=(1072)
calls=106 0 
0 9528
0 212
cob=(7)
cfi=(233)
cfn=(924)
calls=106 295 
0 2940
0 106
0 1060

fn=(1028)
0 4929
cob=(7)
cfi=(232)
cfn=(918)
calls=159 43 
0 7476
0 159
0 795
cob=(7)
cfi=(233)
cfn=(942)
calls=159 766 
0 4143
0 159
0 1668
cob=(7)
cfi=(247)
cfn=(1034)
calls=2 32 
0 74
cob=(1)
cfi=(1)
cfn=(892)
calls=1 0 
0 640
0 6
0 1433

fn=(1116)
0 432

fn=(1118) CLI::Option* CLI::Option::default_val<unsigned long>(unsigned long const&)
0 224
cob=(7)
cfi=(249)
cfn=(1124)
calls=16 1173 
0 9456
cob=(1)
cfi=(1)
cfn=(892)
calls=1 0 
0 974
0 20
0 48
cob=(7)
cfi=(250)
cfn=(1136)
calls=16 67 
0 5385
cob=(1)
cfi=(1)
cfn=(892)
calls=1 0 
0 744
0 20
0 48
cob=(7)
cfi=(249)
cfn=(1178)
calls=16 288 
0 777
cob=(1)
cfi=(1)
cfn=(892)
calls=1 0 
0 998
0 20
0 48
cob=(7)
cfi=(249)
cfn=(1190)
calls=16 1215 
0 1264
cob=(1)
cfi=(1)
cfn=(892)
calls=1 0 
0 963
0 20
0 224
cfn=(912)
calls=16 0 
0 562
0 64
cfn=(1202)
calls=16 0 
0 2736
0 48
cob=(7)
cfi=(233)
cfn=(924)
calls=16 295 
0 96
0 16
0 288
cfn=(1072)
calls=16 0 
0 1040
0 48
cfn=(1066)
calls=16 0 
0 569
0 32
cfn=(1072)
calls=16 0 
0 224
0 32
cob=(7)
cfi=(233)
cfn=(924)
calls=16 295 
0 96
0 16
0 224
cfn=(1204)
calls=16 0 
0 7478
0 32

fn=(1274)
0 702

fn=(1276) CLI::Option* CLI::Option::default_val<double>(double const&)
0 364
cob=(7)
cfi=(249)
cfn=(1124)
calls=26 1173 
0 15366
0 26
0 78
cob=(7)
cfi=(250)
cfn=(1282)
calls=26 67 
0 50563
cob=(1)
cfi=(1)
cfn=(892)
calls=1 0 
0 739
0 30
0 78
cob=(7)
cfi=(249)
cfn=(1178)
calls=26 288 
0 1326
0 26
0 78
cob=(7)
cfi=(249)
cfn=(1190)
calls=26 1215 
0 2054
0 26
0 364
cfn=(912)
calls=26 0 
0 906
0 104
cfn=(1202)
calls=26 0 
0 4442
0 78
cob=(7)
cfi=(233)
cfn=(924)
calls=26 295 
0 156
0 26
0 468
cfn=(1072)
calls=26 0 
0 1690
0 78
cfn=(1066)
calls=26 0 
0 1003
0 52
cfn=(1072)
calls=26 0 
0 364
0 52
cob=(7)
cfi=(233)
cfn=(924)
calls=26 295 
0 156
0 26
0 364
cfn=(1204)
calls=26 0 
0 16525
0 52

fn=(1472)
0 18

fn=(1502) CLI::App::_parse_single(std::vector<std::__cxx11::basic_string<char, std::char_traits<char>, std::allocator<char> >, std::allocator<std::__cxx11::basic_string<char, std::char_traits<char>, std::allocator<char> > > >&, bool&)
0 136
cfn=(1504) CLI::App::_recognize(std::__cxx11::basic_string<char, std::char_traits<char>, std::allocator<char> > const&, bool) const
calls=8 0 
0 3876
0 152
cfn=(1516) CLI::App::_parse_arg(std::vector<std::__cxx11::basic_string<char, std::char_traits<char>, std::allocator<char> >, std::allocator<std::__cxx11::basic_string<char, std::char_traits<char>, std::allocator<char> > > >&, CLI::detail::Classifier, bool)
calls=6 0 
0 51711
0 8
cfn=(1514) CLI::App::_parse_positional(std::vector<std::__cxx11::basic_string<char, std::char_traits<char>, std::allocator<char> >, std::allocator<std::__cxx11::basic_string<char, std::char_traits<char>, std::allocator<char> > > >&, bool)
calls=2 0 
0 1751
0 30

fn=(1508) CLI::detail::split_long(std::__cxx11::basic_string<char, std::char_traits<char>, std::allocator<char> > const&, std::__cxx11::basic_string<char, std::char_traits<char>, std::allocator<char> >&, std::__cxx11::basic_string<char, std::char_traits<char>, std::allocator<char> >&)
0 338
cfn=(1510)
calls=14 0 
0 1042
0 200
cfn=(1512)
calls=12 0 
0 420
0 108
cob=(7)
cfi=(233)
cfn=(1052)
calls=12 3465 
0 808
0 12
0 36
cfn=(1066)
calls=12 0 
0 568
0 24
cob=(7)
cfi=(233)
cfn=(924)
calls=12 295 
0 72
0 12
0 36
cfn=(1474)
calls=12 0 
0 864
0 36

fn=(1516)
0 126
cfn=(912)
calls=6 0 
0 186
0 132
cfn=(912)
calls=6 0 
0 192
0 78
cfn=(912)
calls=6 0 
0 192
0 1029
cob=(7)
cfi=(233)
cfn=(924)
calls=6 295 
0 36
0 6
0 12
cob=(7)
cfi=(233)
cfn=(924)
calls=6 295 
0 36
0 6
0 36
cob=(7)
cfi=(233)
cfn=(924)
calls=6 295 
0 36
0 6
0 102
cfn=(1210) std::enable_if<std::is_integral<int>::value, bool>::type CLI::detail::checked_multiply<int>(int&, int)
calls=6 0 
0 66
0 78
cob=(7)
cfi=(233)
cfn=(924)
calls=4 295 
0 96
0 4
0 6
cob=(7)
cfi=(233)
cfn=(924)
calls=2 295 
0 12
0 2
0 66
cfn=(912)
calls=6 0 
0 302
0 24
cob=(7)
cfi=(233)
cfn=(924)
calls=6 295 
0 108
0 6
0 48
cfn=(912)
calls=6 0 
0 302
0 30
cfn=(1202)
calls=6 0 
0 986
0 24
cob=(7)
cfi=(233)
cfn=(924)
calls=6 295 
0 36
0 6
0 74
cob=(7)
cfi=(232)
cfn=(918)
calls=2 43 
0 217
0 2
0 22
cob=(2)
cfi=(158)
cfn=(908)
calls=2 0 
0 23
0 2
0 24
cob=(7)
cfi=(247)
cfn=(1034)
calls=2 32 
0 74
0 2
0 309
cfn=(912)
calls=29 0 
0 931
0 87
cfn=(1112)
calls=29 0 
0 10343
0 87
cob=(7)
cfi=(233)
cfn=(924)
calls=29 295 
0 174
0 29
0 169
cfn=(912)
calls=28 0 
0 898
0 84
cfn=(1112)
calls=28 0 
0 10793
0 84
cob=(7)
cfi=(233)
cfn=(924)
calls=28 295 
0 168
0 28
0 158
cfn=(912)
calls=26 0 
0 834
0 78
cfn=(1112)
calls=26 0 
0 9070
0 78
cob=(7)
cfi=(233)
cfn=(924)
calls=26 295 
0 156
0 26
0 146
cfn=(912)
calls=24 0 
0 770
0 72
cfn=(1112)
calls=24 0 
0 8468
0 72
cob=(7)
cfi=(233)
cfn=(924)
calls=24 295 
0 144
0 24
0 42
cob=(7)
cfi=(233)
cfn=(924)
calls=6 295 
0 36
0 6
0 12
cob=(7)
cfi=(233)
cfn=(924)
calls=6 295 
0 36
0 6
0 12
cob=(7)
cfi=(233)
cfn=(924)
calls=6 295 
0 36
0 6
0 12
cob=(7)
cfi=(233)
cfn=(924)
calls=6 295 
0 36
0 6
0 96
cfn=(1508)
calls=6 0 
0 2188
0 48

fn=(1530) CLI::Range::Range<double>(double, double, std::__cxx11::basic_string<char, std::char_traits<char>, std::allocator<char> > const&)::{lambda(std::__cxx11::basic_string<char, std::char_traits<char>, std::allocator<char> >&)#1}::operator()(std::__cxx11::basic_string<char, std::char_traits<char>, std::allocator<char> >&) const
0 24
cfn=(1350) bool CLI::detail::lexical_cast<double, (CLI::detail::enabler)0>(std::__cxx11::basic_string<char, std::char_traits<char>, std::allocator<char> > const&, double&)
calls=2 0 
0 921
0 44

fn=(1628)
0 2
cob=(7)
cfi=(247)
cfn=(1034)
calls=1 32 
0 37
0 1

fn=(4372)
0 13590
cob=(2)
cfi=(152)
cfn=(812)
calls=906 3101 
0 265281
0 906
0 8154

fn=(3620) void walnutpie::detail::validate_probability<double>(double, std::__cxx11::basic_string<char, std::char_traits<char>, std::allocator<char> > const&)
0 90

fn=(3738)
0 68
cob=(2)
cfi=(152)
cfn=(812)
calls=4 3101 
0 1377
0 4
0 52
cob=(2)
cfi=(158)
cfn=(936)
calls=4 0 
0 21484
cob=(1)
cfi=(1)
cfn=(892)
calls=1 0 
0 773
0 8

fn=(3754) void walnutpie::detail::validate_size<double, -1, 1>(Eigen::Matrix<double, -1, 1, ((Eigen::StorageOptions)0)|((((-1)==(1))&&((1)!=(1)))?((Eigen::StorageOptions)1) : ((((1)==(1))&&((-1)!=(1)))?((Eigen::StorageOptions)0) : ((Eigen::StorageOptions)0))), -1, 1> const&, unsigned long, std::__cxx11::basic_string<char, std::char_traits<char>, std::allocator<char> > const&, std::__cxx11::basic_string<char, std::char_traits<char>, std::allocator<char> > const&)
0 11

fn=(3756) std::vector<Eigen::Matrix<double, -1, 1, 0, -1, 1>, std::allocator<Eigen::Matrix<double, -1, 1, 0, -1, 1> > >::vector(unsigned long, Eigen::Matrix<double, -1, 1, 0, -1, 1> const&, std::allocator<Eigen::Matrix<double, -1, 1, 0, -1, 1> > const&)
0 20
cob=(7)
cfi=(232)
cfn=(918)
calls=1 43 
0 42
0 1
0 15
cob=(2)
cfi=(152)
cfn=(812)
calls=1 3101 
0 352
0 1
0 9
cob=(2)
cfi=(158)
cfn=(908)
calls=1 0 
0 533
0 1
0 18

fn=(3766) main::{lambda()#2}::operator()() const
0 21
cfn=(1060)
calls=1 0 
0 59
0 59
cfn=(3768) StanHandler run_walnuts<walnutpie::detail::Adam>(walnutpie::DynamicStanModel&, unsigned int, walnutpie::InitConfigBuilder&, unsigned long, unsigned long, bool, walnutpie::WarmupConfig&, walnutpie::SamplingConfig&, double, bool, double)
calls=1 0 
0 35211216772
0 2

fn=(3768)
0 46
cob=(7)
cfi=(240)
cfn=(964)
calls=1 52 
0 25
0 1
0 12
cfn=(3770) StanHandler::StanHandler(walnutpie::DynamicStanModel&, unsigned int, unsigned long, unsigned long, bool)
calls=1 0 
0 240837
0 10
cfn=(898)
calls=1 0 
0 63
0 3
cfn=(3620)
calls=1 0 
0 15
0 2
cob=(7)
cfi=(233)
cfn=(924)
calls=1 295 
0 6
0 1
0 5
cfn=(3776) std::vector<Eigen::Matrix<double, -1, 1, 0, -1, 1>, std::allocator<Eigen::Matrix<double, -1, 1, 0, -1, 1> > >::resize(unsigned long)
calls=1 0 
0 21
0 17
cob=(7)
cfi=(240)
cfn=(964)
calls=1 52 
0 25
0 1
0 6
cfn=(3778)
calls=1 0 
0 7904393
0 1
cob=(7)
cfi=(240)
cfn=(964)
calls=1 52 
0 25
0 1
0 26
cfn=(4004)
calls=1 0 
0 2717
0 7
cob=(2)
cfi=(152)
cfn=(632)
calls=1 3137 
0 90
0 1
0 24
cfn=(4006) walnutpie::InitChainConfig::InitChainConfig(double, Eigen::Matrix<double, -1, 1, 0, -1, 1> const&, Eigen::Matrix<double, -1, 1, 0, -1, 1> const&)
calls=1 0 
0 1520
0 3152
cfn=(4008)
calls=1 0 
0 827
0 8
cfn=(4008)
calls=1 0 
0 876
0 14
cob=(6)
cfi=(434)
cfn=(3886)
calls=1 49 
0 12
cob=(1)
cfi=(1)
cfn=(892)
calls=1 0 
0 655
0 5
0 21
cfn=(4014)
calls=1 0 
0 24195
0 13
cfn=(4402) run_walnuts<walnutpie::detail::Adam>(walnutpie::DynamicStanModel&, unsigned int, walnutpie::InitConfigBuilder&, unsigned long, unsigned long, bool, walnutpie::WarmupConfig&, walnutpie::SamplingConfig&, double, bool, double)::{lambda()#1}::operator()() const
calls=1 0 
0 14402
0 7
cfn=(4406) Eigen::PlainObjectBase<Eigen::Matrix<double, -1, 1, 0, -1, 1> >::PlainObjectBase<Eigen::CwiseUnaryOp<Eigen::internal::scalar_inverse_op<double>, Eigen::Matrix<double, -1, 1, 0, -1, 1> const> >(Eigen::DenseBase<Eigen::CwiseUnaryOp<Eigen::internal::scalar_inverse_op<double>, Eigen::Matrix<double, -1, 1, 0, -1, 1> const> > const&)
calls=1 0 
0 2362
0 7
cob=(2)
cfi=(152)
cfn=(632)
calls=1 3137 
0 114
0 1
0 10
cob=(6)
cfi=(436) /usr/src/debug/glibc/glibc/math/../sysdeps/ieee754/dbl-64/s_llround.c
cfn=(4034) lround
calls=1 33 
0 18
0 1
0 10
cob=(6)
cfi=(428)
cfn=(3806)
calls=1 98 
0 36
0 1
0 5
cfn=(4406)
calls=1 0 
0 2376
0 16
cfn=(4008)
calls=1 0 
0 680
0 3
cfn=(4008)
calls=1 0 
0 813
0 4
cfn=(4408) Eigen::Matrix<double, -1, 1, 0, -1, 1>::Matrix<Eigen::MatrixWrapper<Eigen::CwiseUnaryOp<Eigen::internal::scalar_inverse_op<double>, Eigen::CwiseUnaryOp<Eigen::internal::scalar_sqrt_op<double>, Eigen::ArrayWrapper<Eigen::Matrix<double, -1, 1, 0, -1, 1> const> const> const> const> >(Eigen::MatrixWrapper<Eigen::CwiseUnaryOp<Eigen::internal::scalar_inverse_op<double>, Eigen::CwiseUnaryOp<Eigen::internal::scalar_sqrt_op<double>, Eigen::ArrayWrapper<Eigen::Matrix<double, -1, 1, 0, -1, 1> const> const> const> const> const&)
calls=1 0 
0 2704
0 20
cfn=(898)
calls=1 0 
0 63
0 3
cfn=(4410) void walnutpie::detail::validate_positive<double, -1, 1>(Eigen::Matrix<double, -1, 1, ((Eigen::StorageOptions)0)|((((-1)==(1))&&((1)!=(1)))?((Eigen::StorageOptions)1) : ((((1)==(1))&&((-1)!=(1)))?((Eigen::StorageOptions)0) : ((Eigen::StorageOptions)0))), -1, 1> const&, std::__cxx11::basic_string<char, std::char_traits<char>, std::allocator<char> > const&)
calls=1 0 
0 8053
0 2
cob=(7)
cfi=(233)
cfn=(924)
calls=1 295 
0 6
0 1
0 4
cfn=(898)
calls=1 0 
0 63
0 3
cfn=(4020)
calls=1 0 
0 15
0 2
cob=(7)
cfi=(233)
cfn=(924)
calls=1 295 
0 6
0 1
0 4
cfn=(898)
calls=1 0 
0 63
0 3
cfn=(3622)
calls=1 0 
0 11
0 2
cob=(7)
cfi=(233)
cfn=(924)
calls=1 295 
0 6
0 1
0 5
cfn=(898)
calls=1 0 
0 105
0 3
cfn=(3622)
calls=1 0 
0 11
0 2
cob=(7)
cfi=(233)
cfn=(924)
calls=1 295 
0 42
0 1
0 4
cfn=(898)
calls=1 0 
0 63
0 3
cfn=(3622)
calls=1 0 
0 11
0 2
cob=(7)
cfi=(233)
cfn=(924)
calls=1 295 
0 6
0 1
0 4
cfn=(898)
calls=1 0 
0 63
0 3
cfn=(4020)
calls=1 0 
0 15
0 2
cob=(7)
cfi=(233)
cfn=(924)
calls=1 295 
0 6
0 1
0 4
cob=(2)
cfi=(152)
cfn=(632)
calls=1 3137 
0 90
0 1
0 7
cfn=(4008)
calls=1 0 
0 680
0 13
cob=(7)
cfi=(279)
cfn=(1392)
calls=1 84 
0 206
0 1
0 2
cfn=(4306)
calls=1 0 
0 337
0 4
cob=(7)
cfi=(279)
cfn=(1392)
calls=1 84 
0 225
0 1
0 2
cfn=(4306)
calls=1 0 
0 337
0 4
cob=(7)
cfi=(279)
cfn=(1392)
calls=1 84 
0 208
0 1
0 3
cob=(7)
cfi=(250)
cfn=(1282)
calls=1 67 
0 2019
0 1
0 2
cfn=(4306)
calls=1 0 
0 337
0 4
cob=(7)
cfi=(279)
cfn=(1392)
calls=1 84 
0 206
0 1
0 2
cfn=(4412) std::ostream& Eigen::operator<< <Eigen::Matrix<double, -1, 1, 0, -1, 1> >(std::ostream&, Eigen::DenseBase<Eigen::Matrix<double, -1, 1, 0, -1, 1> > const&) [clone .constprop.0]
calls=1 0 
0 3793233
0 5
cob=(7)
cfi=(279)
cfn=(1392)
calls=1 84 
0 211
0 1
0 2
cfn=(4306)
calls=1 0 
0 337
0 3
cob=(7)
cfi=(240)
cfn=(964)
calls=1 52 
0 25
0 1
0 504
cfn=(4436) StanHandler::on_sample(Eigen::Matrix<double, -1, 1, 0, -1, 1> const&, double) [clone .isra.0]
calls=50 0 
0 1211429
0 250
cob=(2)
cfi=(152)
cfn=(632)
calls=50 3137 
0 6394
0 50
0 102
cfn=(4402)
calls=1 0 
0 13538
0 4
cob=(2)
cfi=(152)
cfn=(632)
calls=1 3137 
0 144
0 1
0 2
cfn=(4480) walnutpie::detail::LowRankMass::~LowRankMass()
calls=1 0 
0 13
0 4
cob=(2)
cfi=(152)
cfn=(632)
calls=1 3137 
0 90
0 1
0 4
cob=(2)
cfi=(152)
cfn=(632)
calls=1 3137 
0 114
0 1
0 4
cob=(2)
cfi=(152)
cfn=(632)
calls=1 3137 
0 120
0 1
0 2
cfn=(4482) walnutpie::detail::MassEstimator::~MassEstimator()
calls=1 0 
0 1005
0 4
cob=(2)
cfi=(152)
cfn=(632)
calls=1 3137 
0 144
0 1
0 4
cob=(2)
cfi=(152)
cfn=(632)
calls=1 3137 
0 155
0 1
0 4
cob=(2)
cfi=(152)
cfn=(632)
calls=1 3137 
0 155
0 1
0 2
cfn=(4484) walnutpie::InitChainConfig::~InitChainConfig()
calls=1 0 
0 195
0 2
cfn=(4486) walnutpie::InitConfig::~InitConfig()
calls=1 0 
0 664
0 1212
cfn=(4432)
calls=50 0 
0 6024225233
0 506
cfn=(4022) walnutpie::AdaptiveWalnuts<run_walnuts<walnutpie::detail::Adam>(walnutpie::DynamicStanModel&, unsigned int, walnutpie::InitConfigBuilder&, unsigned long, unsigned long, bool, walnutpie::WarmupConfig&, walnutpie::SamplingConfig&, double, bool, double)::{lambda((auto:1&&)...)#1}, std::mersenne_twister_engine<unsigned long, 64ul, 312ul, 156ul, 31ul, 13043109905998158313ul, 29ul, 6148914691236517205ul, 17ul, 8202884508482404352ul, 37ul, 18444473444759240704ul, 43ul, 6364136223846793005ul>, StanHandler, walnutpie::detail::Adam>::operator()()
calls=1 0 
0 238697714
0 198
cfn=(4022)
calls=99 0 
0 28935046049
0 301

fn=(3774) Eigen::internal::DenseStorage_impl<double, -1, -1, -1, 0>::resize(long, long, long)
0 21
cob=(2)
cfi=(152)
cfn=(812)
calls=1 3101 
0 450
0 1
0 10

fn=(3776)
0 21

fn=(4022)
0 3105
cfn=(4024)
calls=100 0 
0 1108091
0 500
cfn=(4028) Eigen::PlainObjectBase<Eigen::Matrix<double, -1, 1, 0, -1, 1> >::PlainObjectBase<Eigen::MatrixWrapper<Eigen::CwiseUnaryOp<Eigen::internal::scalar_sqrt_op<double>, Eigen::CwiseUnaryOp<Eigen::internal::scalar_inverse_op<double>, Eigen::ArrayWrapper<Eigen::Matrix<double, -1, 1, 0, -1, 1> > const> const> const> >(Eigen::DenseBase<Eigen::MatrixWrapper<Eigen::CwiseUnaryOp<Eigen::internal::scalar_sqrt_op<double>, Eigen::CwiseUnaryOp<Eigen::internal::scalar_inverse_op<double>, Eigen::ArrayWrapper<Eigen::Matrix<double, -1, 1, 0, -1, 1> > const> const> const> > const&)
calls=100 0 
0 260938
0 2400
cob=(6)
cfi=(436)
cfn=(4034)
calls=100 33 
0 1800
cob=(1)
cfi=(1)
cfn=(892)
calls=1 0 
0 670
0 104
0 1200
cob=(6)
cfi=(428)
cfn=(3806)
calls=100 98 
0 3576
cob=(1)
cfi=(1)
cfn=(892)
calls=1 0 
0 767
0 104
0 2300
cfn=(4040)
calls=100 0 
0 29170519598
0 1400
cfn=(4060)
calls=100 0 
0 170428
0 1000
cfn=(4332)
calls=100 0 
0 1305800
0 800
cfn=(4334) void Eigen::internal::call_dense_assignment_loop<Eigen::Matrix<double, -1, 1, 0, -1, 1>, Eigen::CwiseUnaryOp<Eigen::internal::scalar_inverse_op<double>, Eigen::Matrix<double, -1, 1, 0, -1, 1> const>, Eigen::internal::assign_op<double, double> >(Eigen::Matrix<double, -1, 1, 0, -1, 1>&, Eigen::CwiseUnaryOp<Eigen::internal::scalar_inverse_op<double>, Eigen::Matrix<double, -1, 1, 0, -1, 1> const> const&, Eigen::internal::assign_op<double, double> const&) [clone .isra.0]
calls=100 0 
0 204000
0 1500
cob=(6)
cfi=(428)
cfn=(3806)
calls=100 98 
0 3600
0 100
0 600
cfn=(4336) StanHandler::on_warmup(Eigen::Matrix<double, -1, 1, 0, -1, 1> const&, double, double, Eigen::Matrix<double, -1, 1, 0, -1, 1> const&)
calls=100 0 
0 71000
0 500
cob=(2)
cfi=(152)
cfn=(632)
calls=100 3137 
0 14178
0 100
0 400
cob=(2)
cfi=(152)
cfn=(632)
calls=100 3137 
0 9118
0 100
0 400
cob=(2)
cfi=(152)
cfn=(632)
calls=100 3137 
0 14928
0 100
0 2794
cfn=(4368)
calls=2 0 
0 35732
0 6
cfn=(4366)
calls=2 0 
0 22
0 4

fn=(4052)
0 6160
cfn=(4008)
calls=440 0 
0 372958
0 1320
cfn=(4008)
calls=440 0 
0 360665
0 1320
cfn=(4008)
calls=440 0 
0 369477
0 2200
cfn=(4008)
calls=440 0 
0 382297
0 3960
cfn=(4008)
calls=440 0 
0 382174
0 10120

fn=(4058)
0 2908
cfn=(4060)
calls=55 0 
0 114797
0 935
cfn=(4060)
calls=187 0 
0 318274
0 968
cfn=(4060)
calls=242 0 
0 433696
0 1694
cfn=(4060)
calls=242 0 
0 433349
0 6784341
cob=(7)
cfi=(240)
cfn=(964)
calls=1341 52 
0 33525
0 1341
0 24138
cob=(12)
cfi=(384)
cfn=(3780)
calls=1341 0 
0 10387059529
0 6705
cob=(7)
cfi=(240)
cfn=(964)
calls=1341 52 
0 33525
0 1341
0 3177666
cfn=(4050)
calls=242 0 
0 454476
0 4876
cfn=(4059) std::optional<walnutpie::detail::SpanW> walnutpie::detail::build_span<(walnutpie::detail::Direction)0, walnutpie::detail::NoExceptLogpGrad<run_walnuts<walnutpie::detail::Adam>(walnutpie::DynamicStanModel&, unsigned int, walnutpie::InitConfigBuilder&, unsigned long, unsigned long, bool, walnutpie::WarmupConfig&, walnutpie::SamplingConfig&, double, bool, double)::{lambda((auto:1&&)...)#1}, StanHandler>, std::mersenne_twister_engine<unsigned long, 64ul, 312ul, 156ul, 31ul, 13043109905998158313ul, 29ul, 6148914691236517205ul, 17ul, 8202884508482404352ul, 37ul, 18444473444759240704ul, 43ul, 6364136223846793005ul>, walnutpie::detail::Adam>(walnutpie::detail::Random<std::mersenne_twister_engine<unsigned long, 64ul, 312ul, 156ul, 31ul, 13043109905998158313ul, 29ul, 6148914691236517205ul, 17ul, 8202884508482404352ul, 37ul, 18444473444759240704ul, 43ul, 6364136223846793005ul> >&, walnutpie::detail::NoExceptLogpGrad<run_walnuts<walnutpie::detail::Adam>(walnutpie::DynamicStanModel&, unsigned int, walnutpie::InitConfigBuilder&, unsigned long, unsigned long, bool, walnutpie::WarmupConfig&, walnutpie::SamplingConfig&, double, bool, double)::{lambda((auto:1&&)...)#1}, StanHandler> const&, Eigen::Matrix<double, -1, 1, 0, -1, 1> const&, double, unsigned long, unsigned long, unsigned long, double, walnutpie::detail::SpanW const&, walnutpie::detail::Adam&)'2
calls=21 0 
0 1647564649
0 12476
cfn=(898)
calls=33 0 
0 5775
0 66
cob=(12)
cfi=(384)
cfn=(4270)
calls=33 0 
0 1155
0 132
cob=(7)
cfi=(279)
cfn=(1392)
calls=33 84 
0 18758
0 33
0 132
cob=(7)
cfi=(279)
cfn=(1392)
calls=33 84 
0 18711
0 33
0 66
cfn=(4306)
calls=33 0 
0 30165
0 297
cob=(2)
cfi=(158)
cfn=(936)
calls=33 0 
0 177243
0 33
0 231
cob=(7)
cfi=(247)
cfn=(1034)
calls=33 32 
0 1221
0 33
0 31151
cob=(6)
cfi=(428)
cfn=(3806)
calls=55 98 
0 1824
0 55
0 165
cob=(2)
cfi=(218)
cfn=(802)
calls=55 25 
0 37345
0 55
0 495
cfn=(4070)
calls=55 0 
0 9872
0 381
cfn=(4370)
calls=18 0 
0 691612693
0 1118
cob=(2)
cfi=(152)
cfn=(632)
calls=39 3137 
0 4875
0 39
0 321
cob=(2)
cfi=(152)
cfn=(632)
calls=39 3137 
0 4875
0 39
0 204
cob=(2)
cfi=(152)
cfn=(632)
calls=39 3137 
0 4840
0 39
0 800
cfn=(4052)
calls=16 0 
0 74442
0 48
cfn=(4376)
calls=16 0 
0 880
0 48
cfn=(4330)
calls=16 0 
0 448
0 256
cfn=(4059)
calls=16 0 
0 1472520404
0 172
cfn=(4330)
calls=16 0 
0 8505
0 104
cfn=(4394)
calls=14 0 
0 55748
0 70
cfn=(4330)
calls=14 0 
0 6317
0 84
cfn=(4398)
calls=14 0 
0 4433
0 42
cfn=(4376)
calls=14 0 
0 770
0 42
cfn=(4330)
calls=14 0 
0 392
0 42

fn=(4059)
0 3192
cfn=(4060)
calls=60 0 
0 118511
0 410
cfn=(4060)
calls=82 0 
0 139564
0 568
cfn=(4060)
calls=142 0 
0 258990
0 994
cfn=(4060)
calls=142 0 
0 257671
0 1437892
cob=(7)
cfi=(240)
cfn=(964)
calls=284 52 
0 7100
0 284
0 5112
cob=(12)
cfi=(384)
cfn=(3780)
calls=284 0 
0 2256745077
0 1420
cob=(7)
cfi=(240)
cfn=(964)
calls=284 52 
0 7100
0 284
0 673790
cfn=(4050)
calls=142 0 
0 266676
0 2732
cfn=(4059)
calls=24 0 
0 1249784791
0 9509
cob=(6)
cfi=(428)
cfn=(3806)
calls=60 98 
0 2169
0 60
0 180
cob=(2)
cfi=(218)
cfn=(802)
calls=60 25 
0 40740
0 60
0 540
cfn=(4070)
calls=60 0 
0 10080
0 900
cfn=(4370)
calls=60 0 
0 859746818
0 528
cob=(2)
cfi=(152)
cfn=(632)
calls=7 3137 
0 702
0 7
0 208
cob=(2)
cfi=(152)
cfn=(632)
calls=7 3137 
0 702
0 7
0 187
cob=(2)
cfi=(152)
cfn=(632)
calls=7 3137 
0 702
0 7
0 1308
cfn=(4052)
calls=53 0 
0 228203
0 159
cfn=(4376)
calls=53 0 
0 2915
0 159
cfn=(4330)
calls=53 0 
0 1484
0 428
cfn=(4059)
calls=23 0 
0 939380798
0 250
cfn=(4330)
calls=23 0 
0 12079
0 149
cfn=(4394)
calls=20 0 
0 79640
0 100
cfn=(4330)
calls=20 0 
0 8427
0 120
cfn=(4398)
calls=20 0 
0 6319
0 60
cfn=(4376)
calls=20 0 
0 1100
0 60
cfn=(4330)
calls=20 0 
0 560
0 60

fn=(4070)
0 10485
cob=(6)
cfi=(431)
cfn=(3824)
calls=233 287 
0 24438
cob=(1)
cfi=(1)
cfn=(892)
calls=1 0 
0 655
0 237
0 3961

fn=(4330)
0 6045
cob=(2)
cfi=(152)
cfn=(632)
calls=440 3137 
0 42668
0 440
0 3653
cob=(2)
cfi=(152)
cfn=(632)
calls=290 3137 
0 29028
0 290
0 3803
cob=(2)
cfi=(152)
cfn=(632)
calls=440 3137 
0 44931
0 440
0 3803
cob=(2)
cfi=(152)
cfn=(632)
calls=440 3137 
0 46601
0 440
0 3803
cob=(2)
cfi=(152)
cfn=(632)
calls=440 3137 
0 53808
0 440
0 3803
cob=(2)
cfi=(152)
cfn=(632)
calls=440 3137 
0 45763
0 440
0 3803
cob=(2)
cfi=(152)
cfn=(632)
calls=440 3137 
0 48077
0 440
0 4243
cob=(2)
cfi=(152)
cfn=(632)
calls=440 3137 
0 53014
0 440
0 1362

fn=(4402)
0 14
cob=(7)
cfi=(240)
cfn=(964)
calls=2 52 
0 50
0 2
0 18
cob=(7)
cfi=(279)
cfn=(1392)
calls=2 84 
0 1079
0 2
0 6
cob=(7)
cfi=(250)
cfn=(1282)
calls=2 67 
0 5301
0 2
0 10
cob=(7)
cfi=(279)
cfn=(1392)
calls=2 84 
0 422
0 2
0 4
cfn=(4306)
calls=2 0 
0 674
0 8
cob=(7)
cfi=(279)
cfn=(1392)
calls=2 84 
0 412
0 2
0 8
cob=(7)
cfi=(250)
cfn=(1282)
calls=2 67 
0 5321
0 2
0 10
cob=(7)
cfi=(279)
cfn=(1392)
calls=2 84 
0 422
0 2
0 4
cfn=(4306)
calls=2 0 
0 674
0 8
cob=(7)
cfi=(279)
cfn=(1392)
calls=2 84 
0 412
0 2
0 10
cob=(7)
cfi=(250)
cfn=(1282)
calls=2 67 
0 3994
0 2
0 4
cfn=(4306)
calls=2 0 
0 674
0 8
cob=(7)
cfi=(279)
cfn=(1392)
calls=2 84 
0 412
0 2
0 8
cob=(7)
cfi=(250)
cfn=(1136)
calls=2 67 
0 764
0 2
0 4
cfn=(4306)
calls=2 0 
0 674
0 8
cob=(7)
cfi=(279)
cfn=(1392)
calls=2 84 
0 412
0 2
0 22
cob=(7)
cfi=(250)
cfn=(1282)
calls=2 67 
0 4267
0 2
0 10
cob=(7)
cfi=(279)
cfn=(1392)
calls=2 84 
0 422
0 2
0 4
cfn=(4306)
calls=2 0 
0 674
0 10
cfn=(4306)
calls=2 0 
0 674

fn=(4406)
0 38
cob=(2)
cfi=(152)
cfn=(812)
calls=2 3101 
0 586
0 2
0 18
cfn=(4334)
calls=2 0 
0 4080
0 14

fn=(4484)
0 7
cob=(2)
cfi=(152)
cfn=(632)
calls=1 3137 
0 90
0 1
0 6
cob=(2)
cfi=(152)
cfn=(632)
calls=1 3137 
0 90
0 1

fn=(1026)
0 2244
cob=(7)
cfi=(169)
cfn=(604)
calls=26 269 
0 650
0 26
0 52
cob=(7)
cfi=(170)
cfn=(642)
calls=26 507 
0 156
0 26
0 260
cob=(7)
cfi=(170)
cfn=(746)
calls=26 91 
0 156
0 26
0 108
cob=(7)
cfi=(169)
cfn=(604)
calls=14 269 
0 350
0 14
0 28
cob=(7)
cfi=(170)
cfn=(642)
calls=14 507 
0 84
0 14
0 140
cob=(7)
cfi=(170)
cfn=(746)
calls=14 91 
0 84
0 14
0 172
cob=(7)
cfi=(169)
cfn=(604)
calls=36 269 
0 900
0 36
0 72
cob=(7)
cfi=(170)
cfn=(642)
calls=36 507 
0 216
0 36
0 360
cob=(7)
cfi=(170)
cfn=(746)
calls=36 91 
0 216
0 36
0 192
cob=(7)
cfi=(169)
cfn=(604)
calls=30 269 
0 750
0 30
0 60
cob=(7)
cfi=(170)
cfn=(642)
calls=30 507 
0 180
0 30
0 300
cob=(7)
cfi=(170)
cfn=(746)
calls=30 91 
0 180
0 30
0 1120
cob=(7)
cfi=(246)
cfn=(1020)
calls=106 413 
0 1696
0 106
0 1166

fn=(1208)
0 2028
cfn=(1060)
calls=52 0 
0 1738
0 728
cfn=(1210)
calls=52 0 
0 572
0 988

fn=(1240) CLI::Option* CLI::App::add_flag<bool, (CLI::detail::enabler)0>(std::__cxx11::basic_string<char, std::char_traits<char>, std::allocator<char> >, bool&, std::__cxx11::basic_string<char, std::char_traits<char>, std::allocator<char> >)
0 190
cfn=(912)
calls=5 0 
0 308
0 30
cfn=(990)
calls=5 0 
0 108916
0 120

fn=(1378) CLI::Option* CLI::App::add_option<std::__cxx11::basic_string<char, std::char_traits<char>, std::allocator<char> >, std::__cxx11::basic_string<char, std::char_traits<char>, std::allocator<char> >, (CLI::detail::enabler)0>(std::__cxx11::basic_string<char, std::char_traits<char>, std::allocator<char> >, std::__cxx11::basic_string<char, std::char_traits<char>, std::allocator<char> >&, std::__cxx11::basic_string<char, std::char_traits<char>, std::allocator<char> >) [clone .isra.0]
0 115
cfn=(912)
calls=5 0 
0 833
0 65
cfn=(912)
calls=5 0 
0 210
0 35
cfn=(992)
calls=5 0 
0 206009
0 23
cob=(7)
cfi=(247)
cfn=(1034)
calls=1 32 
0 37
0 1
0 35
cfn=(1380)
calls=5 0 
0 40
0 30
cob=(7)
cfi=(247)
cfn=(1034)
calls=5 32 
0 185
0 5
0 35
cfn=(1382)
calls=5 0 
0 40
0 20
cfn=(898)
calls=5 0 
0 325
0 25
cfn=(912)
calls=5 0 
0 165
0 30
cob=(7)
cfi=(232)
cfn=(918)
calls=5 43 
0 210
0 5
0 20
cob=(7)
cfi=(233)
cfn=(942)
calls=5 766 
0 165
0 5
0 110
cfn=(1102)
calls=5 0 
0 30
0 120

fn=(1514)
0 378
cfn=(1210)
calls=3 0 
0 33
0 76
cfn=(912)
calls=2 0 
0 298
0 8
cfn=(1202)
calls=2 0 
0 306
0 6
cob=(7)
cfi=(233)
cfn=(924)
calls=2 295 
0 12
0 2
0 12
cob=(7)
cfi=(233)
cfn=(924)
calls=2 295 
0 84
0 2
0 359
cob=(7)
cfi=(232)
cfn=(918)
calls=2 43 
0 80
0 2
0 17
cob=(2)
cfi=(158)
cfn=(908)
calls=1 0 
0 13
0 1
0 12
cob=(7)
cfi=(247)
cfn=(1034)
calls=1 32 
0 37
0 1
0 12

fn=(1518) CLI::App::_process_help_flags(bool, bool) const
0 25

fn=(1528)
0 12
cfn=(1530)
calls=2 0 
0 989
0 14

fn=(1534)
0 30
cob=(7)
cfi=(286)
cfn=(1540)
calls=3 608 
0 9
cob=(1)
cfi=(1)
cfn=(892)
calls=1 0 
0 756
0 7
0 9
cob=(2)
cfi=(158)
cfn=(688)
calls=3 0 
0 58
0 3
0 24
cob=(7)
cfi=(287)
cfn=(1546)
calls=3 333 
0 9
cob=(1)
cfi=(1)
cfn=(892)
calls=1 0 
0 824
0 7
0 9
cob=(7)
cfi=(287)
cfn=(1552)
calls=3 1948 
0 2961
cob=(1)
cfi=(1)
cfn=(892)
calls=1 0 
0 880
0 7
0 9
cob=(7)
cfi=(293)
cfn=(1576)
calls=3 1516 
0 164
cob=(1)
cfi=(1)
cfn=(892)
calls=1 0 
0 948
0 7
0 18
cob=(7)
cfi=(287)
cfn=(1590)
calls=3 320 
0 436
cob=(1)
cfi=(1)
cfn=(892)
calls=1 0 
0 1003
0 7
0 18
cob=(7)
cfi=(247)
cfn=(1034)
calls=3 32 
0 111
0 3
0 46
cob=(7)
cfi=(232)
cfn=(918)
calls=3 43 
0 392
0 3
0 18
cob=(2)
cfi=(158)
cfn=(908)
calls=3 0 
0 35
0 3
0 16

fn=(1618)
0 24
cob=(7)
cfi=(247)
cfn=(1034)
calls=1 32 
0 37
0 1

fn=(4374)
0 827428

fn=(4378)
0 272473
cfn=(4380)
calls=131 0 
0 258987
0 4119

fn=(4016)
0 13
cfn=(3722)
calls=1 0 
0 454
0 2037

fn=(4018)
0 114
cfn=(4008)
calls=6 0 
0 5053
0 102
cfn=(898)
calls=6 0 
0 378
0 18
cfn=(4020)
calls=6 0 
0 90
0 12
cob=(7)
cfi=(233)
cfn=(924)
calls=6 295 
0 36
0 6
0 24
cfn=(898)
calls=6 0 
0 378
0 24
cfn=(898)
calls=6 0 
0 378
0 30
cob=(7)
cfi=(233)
cfn=(924)
calls=6 295 
0 36
0 6
0 12
cob=(7)
cfi=(233)
cfn=(924)
calls=6 295 
0 36
0 6
0 84
cfn=(3722)
calls=6 0 
0 1571
0 12222
cfn=(3722)
calls=6 0 
0 2027
0 12198

fn=(4042)
0 2100
cfn=(3722)
calls=150 0 
0 36606
0 2850
cfn=(4044)
calls=150 0 
0 23170
0 501000
cfn=(4044)
calls=100200 0 
0 11976207
0 502950

fn=(4048)
0 10
cob=(7)
cfi=(240)
cfn=(964)
calls=1 52 
0 25
0 1
0 6
cfn=(3778)
calls=1 0 
0 7895483
0 1
cob=(7)
cfi=(240)
cfn=(964)
calls=1 52 
0 25
0 1
0 15

fn=(4408)
0 13
cfn=(3722)
calls=1 0 
0 326
0 2365

fn=(4412)
0 14
cfn=(898)
calls=1 0 
0 43
0 4
cfn=(898)
calls=1 0 
0 43
0 4
cfn=(898)
calls=1 0 
0 43
0 4
cfn=(898)
calls=1 0 
0 43
0 4
cfn=(898)
calls=1 0 
0 44
0 4
cfn=(898)
calls=1 0 
0 44
0 6
cfn=(912)
calls=1 0 
0 18
0 6
cfn=(912)
calls=1 0 
0 18
0 6
cfn=(912)
calls=1 0 
0 18
0 6
cfn=(912)
calls=1 0 
0 18
0 6
cfn=(912)
calls=1 0 
0 36
0 4
cfn=(898)
calls=1 0 
0 43
0 6
cfn=(912)
calls=1 0 
0 36
0 18
cob=(7)
cfi=(279)
cfn=(1392)
calls=1 84 
0 91
0 1
0 9
cob=(7)
cfi=(279)
cfn=(1392)
calls=1 84 
0 91
0 1
0 7359
cob=(7)
cfi=(250)
cfn=(1282)
calls=669 67 
0 1426434
0 669
0 2676
cob=(7)
cfi=(279)
cfn=(1392)
calls=669 84 
0 60879
0 669
0 5348
cob=(7)
cfi=(279)
cfn=(1392)
calls=668 84 
0 140948
0 668
0 5347
cob=(7)
cfi=(279)
cfn=(1392)
calls=668 84 
0 60788
0 668
0 2672
cob=(7)
cfi=(279)
cfn=(1392)
calls=668 84 
0 60788
0 668
0 675
cob=(7)
cfi=(249)
cfn=(1124)
calls=1 1173 
0 591
0 1
0 1336
cob=(7)
cfi=(249)
cfn=(1124)
calls=668 1173 
0 394788
0 668
0 4014
cob=(7)
cfi=(203)
cfn=(4418)
calls=669 68 
0 158553
cob=(1)
cfi=(1)
cfn=(892)
calls=1 0 
0 934
0 673
0 2676
cob=(7)
cfi=(250)
cfn=(1282)
calls=669 67 
0 1348313
0 669
0 2007
cob=(7)
cfi=(249)
cfn=(1178)
calls=669 288 
0 37590
0 669
0 6690
cob=(7)
cfi=(249)
cfn=(1190)
calls=669 1215 
0 52851
0 669
0 1343
cob=(7)
cfi=(279)
cfn=(1392)
calls=1 84 
0 91
0 1
0 14
cfn=(4430)
calls=1 0 
0 32
0 2
cob=(7)
cfi=(233)
cfn=(924)
calls=1 295 
0 6
0 1
0 2
cob=(7)
cfi=(233)
cfn=(924)
calls=1 295 
0 6
0 1
0 2
cob=(7)
cfi=(233)
cfn=(924)
calls=1 295 
0 6
0 1
0 2
cob=(7)
cfi=(233)
cfn=(924)
calls=1 295 
0 6
0 1
0 2
cob=(7)
cfi=(233)
cfn=(924)
calls=1 295 
0 6
0 1
0 2
cob=(7)
cfi=(233)
cfn=(924)
calls=1 295 
0 6
0 1
0 18

fn=(4436)
0 1350
cob=(12)
cfi=(384)
cfn=(4438)
calls=50 0 
0 1209379
0 700

fn=(4482)
0 4
cfn=(3760)
calls=1 0 
0 14
0 2
cfn=(3760)
calls=1 0 
0 14
0 13
cob=(2)
cfi=(152)
cfn=(632)
calls=1 3137 
0 114
0 1
0 4
cob=(2)
cfi=(152)
cfn=(632)
calls=1 3137 
0 90
0 1
0 4
cob=(2)
cfi=(152)
cfn=(632)
calls=1 3137 
0 90
0 1
0 4
cob=(2)
cfi=(152)
cfn=(632)
calls=1 3137 
0 120
0 1
0 4
cob=(2)
cfi=(152)
cfn=(632)
calls=1 3137 
0 90
0 1
0 4
cob=(2)
cfi=(152)
cfn=(632)
calls=1 3137 
0 153
0 1
0 4
cob=(2)
cfi=(152)
cfn=(632)
calls=1 3137 
0 144
0 1
0 5
cob=(2)
cfi=(152)
cfn=(632)
calls=1 3137 
0 120
0 1

fn=(4486)
0 14
cob=(2)
cfi=(152)
cfn=(632)
calls=1 3137 
0 144
0 1
0 10
cob=(7)
cfi=(247)
cfn=(1034)
calls=1 32 
0 116
0 1
0 10
cob=(2)
cfi=(152)
cfn=(632)
calls=1 3137 
0 114
0 1
0 10
cob=(7)
cfi=(247)
cfn=(1034)
calls=1 32 
0 116
0 1
0 9
cob=(7)
cfi=(247)
cfn=(1034)
calls=1 32 
0 116
0 1

fn=(4488)
0 32
cob=(12)
cfi=(384)
cfn=(3772)
calls=2 0 
0 16
0 30
cob=(7)
cfi=(232)
cfn=(918)
calls=2 43 
0 702
0 2
0 30
cob=(12)
cfi=(384)
cfn=(4490)
calls=2 0 
0 16
0 136488
cob=(2)
cfi=(158)
cfn=(908)
calls=2 0 
0 26
0 2
0 4844
cob=(2)
cfi=(158)
cfn=(908)
calls=1606 0 
0 21606
0 1606
0 3212

fn=(5050)
0 6

fn=(5052)
0 13
cfn=(5054) std::_Function_handler<std::__cxx11::basic_string<char, std::char_traits<char>, std::allocator<char> > (std::__cxx11::basic_string<char, std::char_traits<char>, std::allocator<char> >&), CLI::detail::ExistingDirectoryValidator::ExistingDirectoryValidator()::{lambda(std::__cxx11::basic_string<char, std::char_traits<char>, std::allocator<char> >&)#1}>::_M_manager(std::_Any_data&, std::_Any_data const&, std::_Manager_operation)
calls=1 0 
0 6
0 7
cfn=(1232)
calls=1 0 
0 166
0 2

fn=(5062)
0 9
cob=(2)
cfi=(483)
cfn=(5068)
calls=1 45 
0 94
0 1
cfn=(5076) 0x00000000000179a0
calls=1 0 
0 5
0 3

fn=(958)
0 14
cob=(7)
cfi=(240)
cfn=(964)
calls=1 52 
0 25
cob=(1)
cfi=(1)
cfn=(892)
calls=1 0 
0 800
0 5
0 2
cob=(2)
cfi=(243)
cfn=(974)
calls=1 210 
0 6766
cob=(1)
cfi=(1)
cfn=(892)
calls=1 0 
0 736
0 5
0 1
cob=(2)
cfi=(245)
cfn=(982)
calls=1 26 
0 50
cob=(1)
cfi=(1)
cfn=(892)
calls=1 0 
0 778
0 5
0 26
cfn=(898)
calls=1 0 
0 65
0 44
cfn=(898)
calls=1 0 
0 43
0 20
cfn=(898)
calls=1 0 
0 238
0 4
cfn=(898)
calls=1 0 
0 43
0 6
cfn=(912)
calls=1 0 
0 18
0 6
cfn=(912)
calls=1 0 
0 215
0 5
cfn=(988) CLI::App::App(std::__cxx11::basic_string<char, std::char_traits<char>, std::allocator<char> >, std::__cxx11::basic_string<char, std::char_traits<char>, std::allocator<char> >, CLI::App*)
calls=1 0 
0 936
0 2
cob=(7)
cfi=(233)
cfn=(924)
calls=1 295 
0 6
0 1
0 2
cob=(7)
cfi=(233)
cfn=(924)
calls=1 295 
0 6
0 1
0 4
cfn=(898)
calls=1 0 
0 247
0 4
cfn=(898)
calls=1 0 
0 63
0 12
cfn=(912)
calls=1 0 
0 31
0 6
cfn=(912)
calls=1 0 
0 216
0 20
cfn=(912)
calls=1 0 
0 31
0 5
cfn=(990)
calls=1 0 
0 18260
0 3
cob=(7)
cfi=(233)
cfn=(924)
calls=1 295 
0 6
0 1
0 5
cob=(7)
cfi=(233)
cfn=(924)
calls=1 295 
0 6
0 1
0 3
cob=(7)
cfi=(233)
cfn=(924)
calls=1 295 
0 6
0 1
0 5
cob=(7)
cfi=(233)
cfn=(924)
calls=1 295 
0 6
0 1
0 3
cob=(7)
cfi=(233)
cfn=(924)
calls=1 295 
0 42
0 1
0 2
cob=(7)
cfi=(233)
cfn=(924)
calls=1 295 
0 6
0 1
0 2
cob=(7)
cfi=(233)
cfn=(924)
calls=1 295 
0 42
0 1
0 4
cfn=(898)
calls=1 0 
0 247
0 4
cfn=(898)
calls=1 0 
0 65
0 6
cfn=(1104)
calls=1 0 
0 6702
0 3
cfn=(1118)
calls=1 0 
0 7498
0 3
cob=(7)
cfi=(233)
cfn=(924)
calls=1 295 
0 6
0 1
0 3
cob=(7)
cfi=(233)
cfn=(924)
calls=1 295 
0 42
0 1
0 6
cfn=(898)
calls=1 0 
0 105
0 5
cfn=(898)
calls=1 0 
0 63
0 6
cfn=(1104)
calls=1 0 
0 6883
0 3
cfn=(1118)
calls=1 0 
0 1913
0 5
cfn=(898)
calls=1 0 
0 43
0 3
cfn=(1230)
calls=1 0 
0 175
0 4
cfn=(1236)
calls=1 0 
0 323
0 2
cfn=(1238)
calls=1 0 
0 14
0 2
cob=(7)
cfi=(233)
cfn=(924)
calls=1 295 
0 6
0 1
0 2
cob=(7)
cfi=(233)
cfn=(924)
calls=1 295 
0 6
0 1
0 2
cob=(7)
cfi=(233)
cfn=(924)
calls=1 295 
0 42
0 1
0 4
cfn=(898)
calls=1 0 
0 105
0 4
cfn=(898)
calls=1 0 
0 63
0 6
cfn=(1104)
calls=1 0 
0 7348
0 3
cfn=(1118)
calls=1 0 
0 1913
0 5
cfn=(898)
calls=1 0 
0 43
0 3
cfn=(1230)
calls=1 0 
0 175
0 4
cfn=(1236)
calls=1 0 
0 323
0 2
cfn=(1238)
calls=1 0 
0 14
0 2
cob=(7)
cfi=(233)
cfn=(924)
calls=1 295 
0 6
0 1
0 2
cob=(7)
cfi=(233)
cfn=(924)
calls=1 295 
0 6
0 1
0 2
cob=(7)
cfi=(233)
cfn=(924)
calls=1 295 
0 42
0 1
0 4
cfn=(898)
calls=1 0 
0 114
0 4
cfn=(898)
calls=1 0 
0 63
0 5
cfn=(1240)
calls=1 0 
0 7436
0 3
cfn=(1244)
calls=1 0 
0 2247
0 2
cob=(7)
cfi=(233)
cfn=(924)
calls=1 295 
0 6
0 1
0 2
cob=(7)
cfi=(233)
cfn=(924)
calls=1 295 
0 6
0 1
0 4
cfn=(898)
calls=1 0 
0 118
0 4
cfn=(898)
calls=1 0 
0 105
0 6
cfn=(1104)
calls=1 0 
0 11348
0 3
cfn=(1118)
calls=1 0 
0 1783
0 5
cfn=(898)
calls=1 0 
0 43
0 3
cfn=(1230)
calls=1 0 
0 175
0 4
cfn=(1236)
calls=1 0 
0 323
0 2
cfn=(1238)
calls=1 0 
0 14
0 2
cob=(7)
cfi=(233)
cfn=(924)
calls=1 295 
0 6
0 1
0 2
cob=(7)
cfi=(233)
cfn=(924)
calls=1 295 
0 42
0 1
0 2
cob=(7)
cfi=(233)
cfn=(924)
calls=1 295 
0 42
0 1
0 4
cfn=(898)
calls=1 0 
0 114
0 4
cfn=(898)
calls=1 0 
0 105
0 6
cfn=(1104)
calls=1 0 
0 11363
0 3
cfn=(1118)
calls=1 0 
0 1783
0 5
cfn=(898)
calls=1 0 
0 43
0 3
cfn=(1230)
calls=1 0 
0 175
0 4
cfn=(1236)
calls=1 0 
0 323
0 2
cfn=(1238)
calls=1 0 
0 14
0 2
cob=(7)
cfi=(233)
cfn=(924)
calls=1 295 
0 6
0 1
0 2
cob=(7)
cfi=(233)
cfn=(924)
calls=1 295 
0 42
0 1
0 2
cob=(7)
cfi=(233)
cfn=(924)
calls=1 295 
0 42
0 1
0 4
cfn=(898)
calls=1 0 
0 114
0 4
cfn=(898)
calls=1 0 
0 105
0 6
cfn=(1104)
calls=1 0 
0 10249
0 3
cfn=(1118)
calls=1 0 
0 1783
0 5
cfn=(898)
calls=1 0 
0 43
0 3
cfn=(1230)
calls=1 0 
0 175
0 4
cfn=(1236)
calls=1 0 
0 323
0 2
cfn=(1238)
calls=1 0 
0 14
0 2
cob=(7)
cfi=(233)
cfn=(924)
calls=1 295 
0 6
0 1
0 2
cob=(7)
cfi=(233)
cfn=(924)
calls=1 295 
0 42
0 1
0 2
cob=(7)
cfi=(233)
cfn=(924)
calls=1 295 
0 42
0 1
0 4
cfn=(898)
calls=1 0 
0 114
0 4
cfn=(898)
calls=1 0 
0 105
0 6
cfn=(1270) CLI::Option* CLI::App::add_option<double, double, (CLI::detail::enabler)0>(std::__cxx11::basic_string<char, std::char_traits<char>, std::allocator<char> >, double&, std::__cxx11::basic_string<char, std::char_traits<char>, std::allocator<char> >) [clone .isra.0]
calls=1 0 
0 12253
0 3
cfn=(1276)
calls=1 0 
0 5516
0 5
cfn=(898)
calls=1 0 
0 43
0 3
cfn=(1230)
calls=1 0 
0 175
0 4
cfn=(1236)
calls=1 0 
0 323
0 2
cfn=(1238)
calls=1 0 
0 14
0 2
cob=(7)
cfi=(233)
cfn=(924)
calls=1 295 
0 6
0 1
0 2
cob=(7)
cfi=(233)
cfn=(924)
calls=1 295 
0 42
0 1
0 2
cob=(7)
cfi=(233)
cfn=(924)
calls=1 295 
0 42
0 1
0 4
cfn=(898)
calls=1 0 
0 265
0 4
cfn=(898)
calls=1 0 
0 63
0 6
cfn=(1378)
calls=1 0 
0 10589
0 3
cfn=(1384)
calls=1 0 
0 609
0 2
cob=(7)
cfi=(233)
cfn=(924)
calls=1 295 
0 6
0 1
0 2
cob=(7)
cfi=(233)
cfn=(924)
calls=1 295 
0 42
0 1
0 4
cfn=(898)
calls=1 0 
0 118
0 4
cfn=(898)
calls=1 0 
0 65
0 6
cfn=(1270)
calls=1 0 
0 10631
0 3
cfn=(1276)
calls=1 0 
0 3554
0 5
cfn=(898)
calls=1 0 
0 43
0 3
cfn=(1230)
calls=1 0 
0 175
0 4
cfn=(1236)
calls=1 0 
0 190
0 2
cfn=(1238)
calls=1 0 
0 14
0 2
cob=(7)
cfi=(233)
cfn=(924)
calls=1 295 
0 6
0 1
0 2
cob=(7)
cfi=(233)
cfn=(924)
calls=1 295 
0 6
0 1
0 2
cob=(7)
cfi=(233)
cfn=(924)
calls=1 295 
0 42
0 1
0 4
cfn=(898)
calls=1 0 
0 114
0 4
cfn=(898)
calls=1 0 
0 105
0 6
cfn=(1270)
calls=1 0 
0 12290
0 3
cfn=(1276)
calls=1 0 
0 3554
0 5
cfn=(898)
calls=1 0 
0 43
0 9
cfn=(946)
calls=1 0 
0 12138
0 29
cob=(7)
cfi=(233)
cfn=(942)
calls=1 766 
0 33
0 1
0 9
cfn=(1236)
calls=1 0 
0 190
0 3
cfn=(1238)
calls=1 0 
0 14
0 2
cfn=(1238)
calls=1 0 
0 14
0 2
cob=(7)
cfi=(233)
cfn=(924)
calls=1 295 
0 6
0 1
0 2
cob=(7)
cfi=(233)
cfn=(924)
calls=1 295 
0 6
0 1
0 2
cob=(7)
cfi=(233)
cfn=(924)
calls=1 295 
0 42
0 1
0 2
cob=(7)
cfi=(233)
cfn=(924)
calls=1 295 
0 42
0 1
0 6
cfn=(898)
calls=1 0 
0 114
0 4
cfn=(898)
calls=1 0 
0 105
0 6
cfn=(1270)
calls=1 0 
0 15032
0 3
cfn=(1276)
calls=1 0 
0 4466
0 5
cfn=(898)
calls=1 0 
0 43
0 3
cfn=(1230)
calls=1 0 
0 175
0 4
cfn=(1236)
calls=1 0 
0 190
0 2
cfn=(1238)
calls=1 0 
0 14
0 2
cob=(7)
cfi=(233)
cfn=(924)
calls=1 295 
0 6
0 1
0 2
cob=(7)
cfi=(233)
cfn=(924)
calls=1 295 
0 42
0 1
0 3
cob=(7)
cfi=(233)
cfn=(924)
calls=1 295 
0 42
0 1
0 5
cfn=(898)
calls=1 0 
0 105
0 4
cfn=(898)
calls=1 0 
0 105
0 6
cfn=(1270)
calls=1 0 
0 15452
0 3
cfn=(1276)
calls=1 0 
0 3865
0 5
cfn=(898)
calls=1 0 
0 43
0 3
cfn=(1230)
calls=1 0 
0 175
0 4
cfn=(1236)
calls=1 0 
0 323
0 2
cfn=(1238)
calls=1 0 
0 14
0 2
cob=(7)
cfi=(233)
cfn=(924)
calls=1 295 
0 6
0 1
0 2
cob=(7)
cfi=(233)
cfn=(924)
calls=1 295 
0 42
0 1
0 3
cob=(7)
cfi=(233)
cfn=(924)
calls=1 295 
0 42
0 1
0 5
cfn=(898)
calls=1 0 
0 118
0 4
cfn=(898)
calls=1 0 
0 105
0 6
cfn=(1270)
calls=1 0 
0 13473
0 3
cfn=(1276)
calls=1 0 
0 3554
0 5
cfn=(898)
calls=1 0 
0 43
0 3
cfn=(1230)
calls=1 0 
0 175
0 4
cfn=(1236)
calls=1 0 
0 323
0 2
cfn=(1238)
calls=1 0 
0 14
0 2
cob=(7)
cfi=(233)
cfn=(924)
calls=1 295 
0 6
0 1
0 2
cob=(7)
cfi=(233)
cfn=(924)
calls=1 295 
0 42
0 1
0 2
cob=(7)
cfi=(233)
cfn=(924)
calls=1 295 
0 42
0 1
0 4
cfn=(898)
calls=1 0 
0 114
0 4
cfn=(898)
calls=1 0 
0 105
0 6
cfn=(1270)
calls=1 0 
0 16279
0 3
cfn=(1276)
calls=1 0 
0 4015
0 5
cfn=(898)
calls=1 0 
0 43
0 8
cfn=(946)
calls=1 0 
0 7679
0 29
cob=(7)
cfi=(233)
cfn=(942)
calls=1 766 
0 33
0 1
0 9
cfn=(1236)
calls=1 0 
0 323
0 3
cfn=(1238)
calls=1 0 
0 14
0 2
cfn=(1238)
calls=1 0 
0 14
0 2
cob=(7)
cfi=(233)
cfn=(924)
calls=1 295 
0 6
0 1
0 3
cob=(7)
cfi=(233)
cfn=(924)
calls=1 295 
0 6
0 1
0 2
cob=(7)
cfi=(233)
cfn=(924)
calls=1 295 
0 42
0 1
0 2
cob=(7)
cfi=(233)
cfn=(924)
calls=1 295 
0 42
0 1
0 4
cfn=(898)
calls=1 0 
0 265
0 4
cfn=(898)
calls=1 0 
0 105
0 6
cfn=(1378)
calls=1 0 
0 15127
0 3
cfn=(1384)
calls=1 0 
0 690
0 5
cfn=(898)
calls=1 0 
0 43
0 2
cob=(7)
cfi=(232)
cfn=(918)
calls=1 43 
0 42
0 1
0 31
cob=(7)
cfi=(232)
cfn=(918)
calls=1 43 
0 42
0 1
0 10
cob=(7)
cfi=(232)
cfn=(918)
calls=1 43 
0 42
0 1
0 13
cob=(7)
cfi=(232)
cfn=(918)
calls=1 43 
0 42
0 1
0 17
cob=(7)
cfi=(232)
cfn=(918)
calls=1 43 
0 42
0 1
0 14
cob=(7)
cfi=(247)
cfn=(1034)
calls=1 32 
0 37
0 1
0 17
cob=(7)
cfi=(233)
cfn=(942)
calls=1 766 
0 33
0 1
0 8
cfn=(1236)
calls=1 0 
0 190
0 3
cfn=(1238)
calls=1 0 
0 14
0 3
cfn=(1238)
calls=1 0 
0 14
0 2
cob=(7)
cfi=(233)
cfn=(924)
calls=1 295 
0 6
0 1
0 2
cob=(7)
cfi=(233)
cfn=(924)
calls=1 295 
0 42
0 1
0 2
cob=(7)
cfi=(233)
cfn=(924)
calls=1 295 
0 42
0 1
0 4
cfn=(898)
calls=1 0 
0 261
0 4
cfn=(898)
calls=1 0 
0 105
0 6
cfn=(1104)
calls=1 0 
0 18095
0 3
cfn=(1118)
calls=1 0 
0 1783
0 5
cfn=(898)
calls=1 0 
0 43
0 3
cfn=(1230)
calls=1 0 
0 175
0 4
cfn=(1236)
calls=1 0 
0 190
0 2
cfn=(1238)
calls=1 0 
0 14
0 2
cob=(7)
cfi=(233)
cfn=(924)
calls=1 295 
0 6
0 1
0 2
cob=(7)
cfi=(233)
cfn=(924)
calls=1 295 
0 42
0 1
0 2
cob=(7)
cfi=(233)
cfn=(924)
calls=1 295 
0 42
0 1
0 4
cfn=(898)
calls=1 0 
0 105
0 4
cfn=(898)
calls=1 0 
0 63
0 6
cfn=(1270)
calls=1 0 
0 15008
0 3
cfn=(1276)
calls=1 0 
0 4180
0 2
cob=(7)
cfi=(233)
cfn=(924)
calls=1 295 
0 6
0 1
0 2
cob=(7)
cfi=(233)
cfn=(924)
calls=1 295 
0 42
0 1
0 4
cfn=(898)
calls=1 0 
0 114
0 4
cfn=(898)
calls=1 0 
0 65
0 6
cfn=(1270)
calls=1 0 
0 14916
0 3
cfn=(1276)
calls=1 0 
0 3829
0 2
cob=(7)
cfi=(233)
cfn=(924)
calls=1 295 
0 6
0 1
0 2
cob=(7)
cfi=(233)
cfn=(924)
calls=1 295 
0 42
0 1
0 4
cfn=(898)
calls=1 0 
0 114
0 4
cfn=(898)
calls=1 0 
0 63
0 6
cfn=(1270)
calls=1 0 
0 15403
0 3
cfn=(1276)
calls=1 0 
0 4028
0 2
cob=(7)
cfi=(233)
cfn=(924)
calls=1 295 
0 6
0 1
0 2
cob=(7)
cfi=(233)
cfn=(924)
calls=1 295 
0 42
0 1
0 4
cfn=(898)
calls=1 0 
0 118
0 4
cfn=(898)
calls=1 0 
0 105
0 6
cfn=(1270)
calls=1 0 
0 16989
0 3
cfn=(1276)
calls=1 0 
0 3330
0 2
cob=(7)
cfi=(233)
cfn=(924)
calls=1 295 
0 42
0 1
0 2
cob=(7)
cfi=(233)
cfn=(924)
calls=1 295 
0 42
0 1
0 4
cfn=(898)
calls=1 0 
0 118
0 4
cfn=(898)
calls=1 0 
0 105
0 5
cfn=(1240)
calls=1 0 
0 19807
0 2
cob=(7)
cfi=(233)
cfn=(924)
calls=1 295 
0 42
0 1
0 2
cob=(7)
cfi=(233)
cfn=(924)
calls=1 295 
0 6
0 1
0 4
cfn=(898)
calls=1 0 
0 128
0 4
cfn=(898)
calls=1 0 
0 105
0 6
cfn=(1270)
calls=1 0 
0 20595
0 3
cfn=(1276)
calls=1 0 
0 3330
0 2
cob=(7)
cfi=(233)
cfn=(924)
calls=1 295 
0 42
0 1
0 2
cob=(7)
cfi=(233)
cfn=(924)
calls=1 295 
0 42
0 1
0 4
cfn=(898)
calls=1 0 
0 128
0 4
cfn=(898)
calls=1 0 
0 105
0 6
cfn=(1270)
calls=1 0 
0 18463
0 3
cfn=(1276)
calls=1 0 
0 3330
0 2
cob=(7)
cfi=(233)
cfn=(924)
calls=1 295 
0 42
0 1
0 2
cob=(7)
cfi=(233)
cfn=(924)
calls=1 295 
0 42
0 1
0 4
cfn=(898)
calls=1 0 
0 298
0 4
cfn=(898)
calls=1 0 
0 63
0 6
cfn=(1270)
calls=1 0 
0 18217
0 3
cfn=(1276)
calls=1 0 
0 3330
0 2
cob=(7)
cfi=(233)
cfn=(924)
calls=1 295 
0 6
0 1
0 2
cob=(7)
cfi=(233)
cfn=(924)
calls=1 295 
0 42
0 1
0 4
cfn=(898)
calls=1 0 
0 277
0 4
cfn=(898)
calls=1 0 
0 63
0 5
cfn=(1240)
calls=1 0 
0 18516
0 2
cob=(7)
cfi=(233)
cfn=(924)
calls=1 295 
0 6
0 1
0 2
cob=(7)
cfi=(233)
cfn=(924)
calls=1 295 
0 6
0 1
0 4
cfn=(898)
calls=1 0 
0 128
0 4
cfn=(898)
calls=1 0 
0 63
0 6
cfn=(1104)
calls=1 0 
0 18808
0 3
cfn=(1118)
calls=1 0 
0 1794
0 2
cob=(7)
cfi=(233)
cfn=(924)
calls=1 295 
0 6
0 1
0 2
cob=(7)
cfi=(233)
cfn=(924)
calls=1 295 
0 42
0 1
0 4
cfn=(898)
calls=1 0 
0 277
0 4
cfn=(898)
calls=1 0 
0 63
0 6
cfn=(1104)
calls=1 0 
0 19634
0 3
cfn=(1118)
calls=1 0 
0 1794
0 5
cfn=(898)
calls=1 0 
0 43
0 9
cfn=(912)
calls=1 0 
0 18
0 3
cfn=(910)
calls=1 0 
0 130
0 2
cob=(7)
cfi=(233)
cfn=(924)
calls=1 295 
0 6
0 1
0 4
cob=(7)
cfi=(249)
cfn=(1124)
calls=1 1173 
0 591
0 1
0 4
cob=(7)
cfi=(279)
cfn=(1392)
calls=1 84 
0 208
0 1
0 4
cob=(7)
cfi=(279)
cfn=(1392)
calls=1 84 
0 121
0 1
0 3
cob=(7)
cfi=(250)
cfn=(1442)
calls=1 114 
0 282
cob=(1)
cfi=(1)
cfn=(892)
calls=1 0 
0 686
0 5
0 5
cob=(7)
cfi=(279)
cfn=(1392)
calls=1 84 
0 124
0 1
0 3
cob=(7)
cfi=(250)
cfn=(1442)
calls=1 114 
0 279
0 1
0 3
cob=(7)
cfi=(207)
cfn=(1456)
calls=1 734 
0 153
cob=(1)
cfi=(1)
cfn=(892)
calls=1 0 
0 926
0 5
0 3
cob=(7)
cfi=(249)
cfn=(1178)
calls=1 288 
0 56
0 1
0 5
cfn=(912)
calls=1 0 
0 31
0 14
cob=(7)
cfi=(232)
cfn=(918)
calls=1 43 
0 42
0 1
0 4
cob=(7)
cfi=(233)
cfn=(942)
calls=1 766 
0 31
0 1
0 19
cfn=(1232)
calls=1 0 
0 66
0 2
cob=(7)
cfi=(233)
cfn=(924)
calls=1 295 
0 6
0 1
0 2
cob=(7)
cfi=(233)
cfn=(924)
calls=1 295 
0 6
0 1
0 2
cob=(7)
cfi=(249)
cfn=(1190)
calls=1 1215 
0 79
0 1
0 22
cfn=(926)
calls=1 0 
0 6
0 29
cob=(7)
cfi=(233)
cfn=(942)
calls=1 766 
0 33
0 1
0 8
cfn=(1236)
calls=1 0 
0 190
0 3
cfn=(1238)
calls=1 0 
0 14
0 3
cfn=(1238)
calls=1 0 
0 14
0 2
cob=(7)
cfi=(233)
cfn=(924)
calls=1 295 
0 6
0 1
0 2
cob=(7)
cfi=(233)
cfn=(924)
calls=1 295 
0 6
0 1
0 2
cob=(7)
cfi=(233)
cfn=(924)
calls=1 295 
0 6
0 1
0 2
cob=(7)
cfi=(233)
cfn=(924)
calls=1 295 
0 42
0 1
0 4
cfn=(898)
calls=1 0 
0 304
0 4
cfn=(898)
calls=1 0 
0 105
0 6
cfn=(1270)
calls=1 0 
0 24606
0 3
cfn=(1276)
calls=1 0 
0 3330
0 5
cfn=(898)
calls=1 0 
0 43
0 3
cfn=(1230)
calls=1 0 
0 175
0 4
cfn=(1236)
calls=1 0 
0 323
0 2
cfn=(1238)
calls=1 0 
0 14
0 2
cob=(7)
cfi=(233)
cfn=(924)
calls=1 295 
0 6
0 1
0 2
cob=(7)
cfi=(233)
cfn=(924)
calls=1 295 
0 42
0 1
0 3
cob=(7)
cfi=(233)
cfn=(924)
calls=1 295 
0 42
0 1
0 5
cfn=(898)
calls=1 0 
0 144
0 4
cfn=(898)
calls=1 0 
0 63
0 6
cfn=(1104)
calls=1 0 
0 20563
0 3
cfn=(1118)
calls=1 0 
0 1783
0 5
cfn=(898)
calls=1 0 
0 43
0 3
cfn=(1230)
calls=1 0 
0 175
0 4
cfn=(1236)
calls=1 0 
0 323
0 2
cfn=(1238)
calls=1 0 
0 14
0 2
cob=(7)
cfi=(233)
cfn=(924)
calls=1 295 
0 6
0 1
0 2
cob=(7)
cfi=(233)
cfn=(924)
calls=1 295 
0 6
0 1
0 3
cob=(7)
cfi=(233)
cfn=(924)
calls=1 295 
0 42
0 1
0 5
cfn=(898)
calls=1 0 
0 169
0 4
cfn=(898)
calls=1 0 
0 105
0 6
cfn=(1270)
calls=1 0 
0 25489
0 3
cfn=(1276)
calls=1 0 
0 3330
0 5
cfn=(898)
calls=1 0 
0 43
0 3
cfn=(1230)
calls=1 0 
0 175
0 4
cfn=(1236)
calls=1 0 
0 323
0 2
cfn=(1238)
calls=1 0 
0 14
0 2
cob=(7)
cfi=(233)
cfn=(924)
calls=1 295 
0 6
0 1
0 2
cob=(7)
cfi=(233)
cfn=(924)
calls=1 295 
0 42
0 1
0 3
cob=(7)
cfi=(233)
cfn=(924)
calls=1 295 
0 42
0 1
0 5
cfn=(898)
calls=1 0 
0 118
0 4
cfn=(898)
calls=1 0 
0 105
0 6
cfn=(1104)
calls=1 0 
0 22851
0 3
cfn=(1118)
calls=1 0 
0 1918
0 5
cfn=(898)
calls=1 0 
0 43
0 3
cfn=(1230)
calls=1 0 
0 175
0 4
cfn=(1236)
calls=1 0 
0 323
0 2
cfn=(1238)
calls=1 0 
0 14
0 2
cob=(7)
cfi=(233)
cfn=(924)
calls=1 295 
0 6
0 1
0 2
cob=(7)
cfi=(233)
cfn=(924)
calls=1 295 
0 42
0 1
0 3
cob=(7)
cfi=(233)
cfn=(924)
calls=1 295 
0 42
0 1
0 4
cfn=(898)
calls=1 0 
0 128
0 4
cfn=(898)
calls=1 0 
0 105
0 6
cfn=(1104)
calls=1 0 
0 26663
0 3
cfn=(1118)
calls=1 0 
0 1913
0 2
cob=(7)
cfi=(233)
cfn=(924)
calls=1 295 
0 42
0 1
0 2
cob=(7)
cfi=(233)
cfn=(924)
calls=1 295 
0 42
0 1
0 4
cfn=(898)
calls=1 0 
0 144
0 4
cfn=(898)
calls=1 0 
0 63
0 6
cfn=(1104)
calls=1 0 
0 22267
0 3
cfn=(1118)
calls=1 0 
0 1794
0 2
cob=(7)
cfi=(233)
cfn=(924)
calls=1 295 
0 6
0 1
0 2
cob=(7)
cfi=(233)
cfn=(924)
calls=1 295 
0 42
0 1
0 4
cfn=(898)
calls=1 0 
0 302
0 4
cfn=(898)
calls=1 0 
0 63
0 6
cfn=(1104)
calls=1 0 
0 23120
0 3
cfn=(1118)
calls=1 0 
0 1794
0 2
cob=(7)
cfi=(233)
cfn=(924)
calls=1 295 
0 6
0 1
0 2
cob=(7)
cfi=(233)
cfn=(924)
calls=1 295 
0 42
0 1
0 4
cfn=(898)
calls=1 0 
0 265
0 4
cfn=(898)
calls=1 0 
0 105
0 6
cfn=(1270)
calls=1 0 
0 24544
0 3
cfn=(1276)
calls=1 0 
0 3330
0 2
cob=(7)
cfi=(233)
cfn=(924)
calls=1 295 
0 42
0 1
0 2
cob=(7)
cfi=(233)
cfn=(924)
calls=1 295 
0 42
0 1
0 4
cfn=(898)
calls=1 0 
0 114
0 4
cfn=(898)
calls=1 0 
0 105
0 6
cfn=(1104)
calls=1 0 
0 24911
0 3
cfn=(1118)
calls=1 0 
0 1794
0 2
cob=(7)
cfi=(233)
cfn=(924)
calls=1 295 
0 42
0 1
0 2
cob=(7)
cfi=(233)
cfn=(924)
calls=1 295 
0 42
0 1
0 4
cfn=(898)
calls=1 0 
0 136
0 4
cfn=(898)
calls=1 0 
0 63
0 6
cfn=(1104)
calls=1 0 
0 24595
0 3
cfn=(1118)
calls=1 0 
0 1794
0 2
cob=(7)
cfi=(233)
cfn=(924)
calls=1 295 
0 6
0 1
0 2
cob=(7)
cfi=(233)
cfn=(924)
calls=1 295 
0 42
0 1
0 4
cfn=(898)
calls=1 0 
0 137
0 4
cfn=(898)
calls=1 0 
0 105
0 6
cfn=(1270)
calls=1 0 
0 29828
0 3
cfn=(1276)
calls=1 0 
0 3330
0 2
cob=(7)
cfi=(233)
cfn=(924)
calls=1 295 
0 42
0 1
0 2
cob=(7)
cfi=(233)
cfn=(924)
calls=1 295 
0 42
0 1
0 4
cfn=(898)
calls=1 0 
0 161
0 4
cfn=(898)
calls=1 0 
0 105
0 6
cfn=(1270)
calls=1 0 
0 30579
0 3
cfn=(1276)
calls=1 0 
0 3330
0 2
cob=(7)
cfi=(233)
cfn=(924)
calls=1 295 
0 42
0 1
0 2
cob=(7)
cfi=(233)
cfn=(924)
calls=1 295 
0 42
0 1
0 4
cfn=(898)
calls=1 0 
0 165
0 4
cfn=(898)
calls=1 0 
0 105
0 6
cfn=(1270)
calls=1 0 
0 31046
0 3
cfn=(1276)
calls=1 0 
0 3330
0 2
cob=(7)
cfi=(233)
cfn=(924)
calls=1 295 
0 42
0 1
0 2
cob=(7)
cfi=(233)
cfn=(924)
calls=1 295 
0 42
0 1
0 4
cfn=(898)
calls=1 0 
0 265
0 4
cfn=(898)
calls=1 0 
0 105
0 5
cfn=(1240)
calls=1 0 
0 31759
0 2
cob=(7)
cfi=(233)
cfn=(924)
calls=1 295 
0 42
0 1
0 2
cob=(7)
cfi=(233)
cfn=(924)
calls=1 295 
0 6
0 1
0 4
cfn=(898)
calls=1 0 
0 132
0 4
cfn=(898)
calls=1 0 
0 105
0 5
cfn=(1240)
calls=1 0 
0 32046
0 2
cob=(7)
cfi=(233)
cfn=(924)
calls=1 295 
0 42
0 1
0 2
cob=(7)
cfi=(233)
cfn=(924)
calls=1 295 
0 6
0 1
0 4
cfn=(898)
calls=1 0 
0 118
0 4
cfn=(898)
calls=1 0 
0 105
0 6
cfn=(1270)
calls=1 0 
0 28058
0 3
cfn=(1276)
calls=1 0 
0 3330
0 2
cob=(7)
cfi=(233)
cfn=(924)
calls=1 295 
0 42
0 1
0 2
cob=(7)
cfi=(233)
cfn=(924)
calls=1 295 
0 42
0 1
0 5
cfn=(898)
calls=1 0 
0 114
0 4
cfn=(898)
calls=1 0 
0 105
0 6
cfn=(1270)
calls=1 0 
0 33780
0 3
cfn=(1276)
calls=1 0 
0 4180
0 5
cfn=(898)
calls=1 0 
0 43
0 3
cfn=(1230)
calls=1 0 
0 175
0 4
cfn=(1236)
calls=1 0 
0 190
0 2
cfn=(1238)
calls=1 0 
0 14
0 2
cob=(7)
cfi=(233)
cfn=(924)
calls=1 295 
0 6
0 1
0 2
cob=(7)
cfi=(233)
cfn=(924)
calls=1 295 
0 42
0 1
0 2
cob=(7)
cfi=(233)
cfn=(924)
calls=1 295 
0 42
0 1
0 4
cfn=(898)
calls=1 0 
0 118
0 4
cfn=(898)
calls=1 0 
0 105
0 6
cfn=(1270)
calls=1 0 
0 33659
0 3
cfn=(1276)
calls=1 0 
0 4015
0 5
cfn=(898)
calls=1 0 
0 43
0 8
cfn=(946)
calls=1 0 
0 8072
0 29
cob=(7)
cfi=(233)
cfn=(942)
calls=1 766 
0 33
0 1
0 9
cfn=(1236)
calls=1 0 
0 190
0 3
cfn=(1238)
calls=1 0 
0 14
0 2
cfn=(1238)
calls=1 0 
0 14
0 2
cob=(7)
cfi=(233)
cfn=(924)
calls=1 295 
0 6
0 1
0 4
cob=(7)
cfi=(233)
cfn=(924)
calls=1 295 
0 6
0 1
0 2
cob=(7)
cfi=(233)
cfn=(924)
calls=1 295 
0 42
0 1
0 2
cob=(7)
cfi=(233)
cfn=(924)
calls=1 295 
0 42
0 1
0 4
cfn=(898)
calls=1 0 
0 128
0 4
cfn=(898)
calls=1 0 
0 105
0 6
cfn=(1270)
calls=1 0 
0 35135
0 3
cfn=(1276)
calls=1 0 
0 4009
0 5
cfn=(898)
calls=1 0 
0 43
0 8
cfn=(946)
calls=1 0 
0 7679
0 29
cob=(7)
cfi=(233)
cfn=(942)
calls=1 766 
0 33
0 1
0 9
cfn=(1236)
calls=1 0 
0 323
0 3
cfn=(1238)
calls=1 0 
0 14
0 2
cfn=(1238)
calls=1 0 
0 14
0 2
cob=(7)
cfi=(233)
cfn=(924)
calls=1 295 
0 6
0 1
0 2
cob=(7)
cfi=(233)
cfn=(924)
calls=1 295 
0 6
0 1
0 2
cob=(7)
cfi=(233)
cfn=(924)
calls=1 295 
0 42
0 1
0 2
cob=(7)
cfi=(233)
cfn=(924)
calls=1 295 
0 42
0 1
0 6
cfn=(898)
calls=1 0 
0 118
0 4
cfn=(898)
calls=1 0 
0 105
0 6
cfn=(1270)
calls=1 0 
0 35020
0 3
cfn=(1276)
calls=1 0 
0 4253
0 5
cfn=(898)
calls=1 0 
0 43
0 3
cfn=(1230)
calls=1 0 
0 175
0 4
cfn=(1236)
calls=1 0 
0 323
0 2
cfn=(1238)
calls=1 0 
0 14
0 2
cob=(7)
cfi=(233)
cfn=(924)
calls=1 295 
0 6
0 1
0 2
cob=(7)
cfi=(233)
cfn=(924)
calls=1 295 
0 42
0 1
0 2
cob=(7)
cfi=(233)
cfn=(924)
calls=1 295 
0 42
0 1
0 4
cfn=(898)
calls=1 0 
0 114
0 4
cfn=(898)
calls=1 0 
0 105
0 6
cfn=(1270)
calls=1 0 
0 35788
0 3
cfn=(1276)
calls=1 0 
0 4012
0 5
cfn=(898)
calls=1 0 
0 43
0 8
cfn=(946)
calls=1 0 
0 7945
0 29
cob=(7)
cfi=(233)
cfn=(942)
calls=1 766 
0 33
0 1
0 9
cfn=(1236)
calls=1 0 
0 323
0 3
cfn=(1238)
calls=1 0 
0 14
0 3
cfn=(1238)
calls=1 0 
0 14
0 2
cob=(7)
cfi=(233)
cfn=(924)
calls=1 295 
0 6
0 1
0 2
cob=(7)
cfi=(233)
cfn=(924)
calls=1 295 
0 6
0 1
0 2
cob=(7)
cfi=(233)
cfn=(924)
calls=1 295 
0 42
0 1
0 2
cob=(7)
cfi=(233)
cfn=(924)
calls=1 295 
0 42
0 1
0 4
cfn=(898)
calls=1 0 
0 114
0 4
cfn=(898)
calls=1 0 
0 65
0 6
cfn=(1378)
calls=1 0 
0 75322
0 6
cfn=(898)
calls=1 0 
0 43
0 3
cfn=(1230)
calls=1 0 
0 172
0 4
cfn=(1236)
calls=1 0 
0 323
0 2
cfn=(1238)
calls=1 0 
0 14
0 2
cob=(7)
cfi=(233)
cfn=(924)
calls=1 295 
0 6
0 1
0 2
cob=(7)
cfi=(233)
cfn=(924)
calls=1 295 
0 6
0 1
0 2
cob=(7)
cfi=(233)
cfn=(924)
calls=1 295 
0 42
0 1
0 4
cfn=(898)
calls=1 0 
0 118
0 4
cfn=(898)
calls=1 0 
0 65
0 6
cfn=(1378)
calls=1 0 
0 75977
0 5
cfn=(898)
calls=1 0 
0 43
0 3
cfn=(1230)
calls=1 0 
0 172
0 4
cfn=(1236)
calls=1 0 
0 323
0 2
cfn=(1238)
calls=1 0 
0 14
0 2
cob=(7)
cfi=(233)
cfn=(924)
calls=1 295 
0 6
0 1
0 2
cob=(7)
cfi=(233)
cfn=(924)
calls=1 295 
0 6
0 1
0 2
cob=(7)
cfi=(233)
cfn=(924)
calls=1 295 
0 42
0 1
0 4
cfn=(898)
calls=1 0 
0 238
0 4
cfn=(898)
calls=1 0 
0 63
0 8
cfn=(1378)
calls=1 0 
0 31913
0 5
cfn=(898)
calls=1 0 
0 43
0 3
cfn=(1230)
calls=1 0 
0 221
0 4
cfn=(1236)
calls=1 0 
0 323
0 2
cfn=(1238)
calls=1 0 
0 14
0 2
cob=(7)
cfi=(233)
cfn=(924)
calls=1 295 
0 6
0 1
0 2
cob=(7)
cfi=(233)
cfn=(924)
calls=1 295 
0 6
0 1
0 2
cob=(7)
cfi=(233)
cfn=(924)
calls=1 295 
0 42
0 1
0 11
cfn=(1492) std::vector<std::__cxx11::basic_string<char, std::char_traits<char>, std::allocator<char> >, std::allocator<std::__cxx11::basic_string<char, std::char_traits<char>, std::allocator<char> > > >::reserve(unsigned long)
calls=1 0 
0 219
0 60
cfn=(898)
calls=14 0 
0 1094
0 146
cfn=(1494) CLI::App::_validate() const
calls=1 0 
0 1310
0 2
cfn=(1496)
calls=1 0 
0 14
0 4
cfn=(1498)
calls=1 0 
0 10
0 5
cfn=(1500)
calls=1 0 
0 16
0 34
cfn=(1502)
calls=8 0 
0 57664
0 31
cfn=(1518)
calls=1 0 
0 25
0 2
cfn=(1520) CLI::App::_process_config_file()
calls=1 0 
0 14
0 2
cfn=(1522)
calls=1 0 
0 493
0 2
cfn=(1524) CLI::App::_process_callbacks()
calls=1 0 
0 14588
0 2
cfn=(1606) CLI::App::_process_requirements()
calls=1 0 
0 622
0 2
cfn=(1608) CLI::App::_process_extras()
calls=1 0 
0 25
0 4
cfn=(1610) CLI::App::run_callback(bool, bool)
calls=1 0 
0 34
0 2
cfn=(1072)
calls=1 0 
0 55
0 2
cfn=(1612)
calls=1 0 
0 46896
0 6
cfn=(1648)
calls=1 0 
0 47812973
0 4
cob=(2)
cfi=(158)
cfn=(908)
calls=1 0 
0 65
0 1
0 5
cfn=(898)
calls=1 0 
0 63
0 3
cfn=(3618)
calls=1 0 
0 17
0 2
cob=(7)
cfi=(233)
cfn=(924)
calls=1 295 
0 6
0 1
0 9
cfn=(898)
calls=1 0 
0 105
0 3
cfn=(3618)
calls=1 0 
0 17
0 2
cob=(7)
cfi=(233)
cfn=(924)
calls=1 295 
0 42
0 1
0 5
cfn=(898)
calls=1 0 
0 105
0 3
cfn=(3618)
calls=1 0 
0 17
0 2
cob=(7)
cfi=(233)
cfn=(924)
calls=1 295 
0 42
0 1
0 9
cfn=(898)
calls=1 0 
0 105
0 3
cfn=(3620)
calls=1 0 
0 15
0 2
cob=(7)
cfi=(233)
cfn=(924)
calls=1 295 
0 42
0 1
0 5
cfn=(898)
calls=1 0 
0 105
0 3
cfn=(3618)
calls=1 0 
0 17
0 2
cob=(7)
cfi=(233)
cfn=(924)
calls=1 295 
0 42
0 1
0 9
cfn=(898)
calls=1 0 
0 105
0 3
cfn=(3620)
calls=1 0 
0 15
0 2
cob=(7)
cfi=(233)
cfn=(924)
calls=1 295 
0 42
0 1
0 5
cfn=(898)
calls=1 0 
0 105
0 3
cfn=(3620)
calls=1 0 
0 15
0 2
cob=(7)
cfi=(233)
cfn=(924)
calls=1 295 
0 42
0 1
0 9
cfn=(898)
calls=1 0 
0 105
0 3
cfn=(3618)
calls=1 0 
0 17
0 2
cob=(7)
cfi=(233)
cfn=(924)
calls=1 295 
0 42
0 1
0 5
cfn=(898)
calls=1 0 
0 105
0 3
cfn=(3620)
calls=1 0 
0 15
0 2
cob=(7)
cfi=(233)
cfn=(924)
calls=1 295 
0 42
0 1
0 9
cfn=(898)
calls=1 0 
0 63
0 3
cfn=(3618)
calls=1 0 
0 17
0 2
cob=(7)
cfi=(233)
cfn=(924)
calls=1 295 
0 6
0 1
0 5
cfn=(898)
calls=1 0 
0 65
0 3
cfn=(3618)
calls=1 0 
0 17
0 2
cob=(7)
cfi=(233)
cfn=(924)
calls=1 295 
0 6
0 1
0 9
cfn=(898)
calls=1 0 
0 63
0 3
cfn=(3620)
calls=1 0 
0 15
0 2
cob=(7)
cfi=(233)
cfn=(924)
calls=1 295 
0 6
0 1
0 80
cob=(2)
cfi=(158)
cfn=(908)
calls=1 0 
0 65
0 1
0 12
cfn=(898)
calls=1 0 
0 63
0 3
cfn=(3622)
calls=1 0 
0 11
0 2
cob=(7)
cfi=(233)
cfn=(924)
calls=1 295 
0 6
0 1
0 11
cob=(2)
cfi=(158)
cfn=(908)
calls=1 0 
0 65
0 1
0 8
cfn=(898)
calls=1 0 
0 105
0 3
cfn=(3618)
calls=1 0 
0 17
0 2
cob=(7)
cfi=(233)
cfn=(924)
calls=1 295 
0 42
0 1
0 5
cfn=(898)
calls=1 0 
0 63
0 3
cfn=(3622)
calls=1 0 
0 11
0 2
cob=(7)
cfi=(233)
cfn=(924)
calls=1 295 
0 6
0 1
0 12
cfn=(3624)
calls=1 0 
0 256068
0 13
cob=(12)
cfi=(384)
cfn=(4564)
calls=1 0 
0 42
0 4
cob=(12)
cfi=(384)
cfn=(4566)
calls=1 0 
0 1411
0 3
cob=(7)
cfi=(233)
cfn=(924)
calls=1 295 
0 42
0 1
0 2
cob=(7)
cfi=(233)
cfn=(924)
calls=1 295 
0 121
0 1
0 2
cob=(7)
cfi=(233)
cfn=(924)
calls=1 295 
0 42
0 1
0 2
cob=(7)
cfi=(233)
cfn=(924)
calls=1 295 
0 148
0 1
0 2
cob=(7)
cfi=(233)
cfn=(924)
calls=1 295 
0 6
0 1
0 17
cfn=(1474)
calls=1 0 
0 1233
0 8
cob=(12)
cfi=(384)
cfn=(3718)
calls=1 0 
0 2
0 5
cob=(7)
cfi=(232)
cfn=(918)
calls=1 43 
0 38
0 1
0 14
cfn=(3738)
calls=1 0 
0 6596
0 5
cfn=(3744) std::vector<Eigen::Matrix<double, -1, 1, 0, -1, 1>, std::allocator<Eigen::Matrix<double, -1, 1, 0, -1, 1> > >::vector(unsigned long, Eigen::Matrix<double, -1, 1, 0, -1, 1> const&, std::allocator<Eigen::Matrix<double, -1, 1, 0, -1, 1> > const&) [clone .constprop.0]
calls=1 0 
0 989
0 5
cob=(2)
cfi=(152)
cfn=(632)
calls=1 3137 
0 114
cob=(1)
cfi=(1)
cfn=(892)
calls=1 0 
0 729
0 5
0 8
cfn=(3750)
calls=1 0 
0 1255
0 4
cfn=(3744)
calls=1 0 
0 975
0 4
cob=(2)
cfi=(152)
cfn=(632)
calls=1 3137 
0 114
0 1
0 3
cfn=(3752) walnutpie::InitConfigBuilder::step_sizes(double)
calls=1 0 
0 213
0 5
cfn=(898)
calls=1 0 
0 65
0 4
cfn=(898)
calls=1 0 
0 63
0 7
cfn=(3754)
calls=1 0 
0 11
0 2
cob=(7)
cfi=(233)
cfn=(924)
calls=1 295 
0 6
0 1
0 2
cob=(7)
cfi=(233)
cfn=(924)
calls=1 295 
0 6
0 1
0 4
cfn=(898)
calls=1 0 
0 63
0 5361
cob=(7)
cfi=(233)
cfn=(924)
calls=1 295 
0 6
0 1
0 5
cfn=(3756)
calls=1 0 
0 992
0 4
cfn=(3758) std::vector<Eigen::Matrix<double, -1, 1, 0, -1, 1>, std::allocator<Eigen::Matrix<double, -1, 1, 0, -1, 1> > >::operator=(std::vector<Eigen::Matrix<double, -1, 1, 0, -1, 1>, std::allocator<Eigen::Matrix<double, -1, 1, 0, -1, 1> > >&&) [clone .isra.0]
calls=1 0 
0 166
0 2
cfn=(3760)
calls=1 0 
0 14
0 12
cob=(7)
cfi=(232)
cfn=(918)
calls=1 43 
0 38
0 1
0 55
cob=(2)
cfi=(158)
cfn=(908)
calls=1 0 
0 13
0 1
0 6
cfn=(3762)
calls=1 0 
0 838
0 3
cfn=(3762)
calls=1 0 
0 909
0 2
cfn=(3764)
calls=1 0 
0 373
0 19
cfn=(3766)
calls=1 0 
0 35211216913
0 3
cfn=(4488)
calls=1 0 
0 84380
0 12858
cob=(7)
cfi=(279)
cfn=(1392)
calls=7 84 
0 1464
0 7
0 35
cob=(7)
cfi=(279)
cfn=(1392)
calls=7 84 
0 1456
0 7
0 21
cob=(7)
cfi=(250)
cfn=(1282)
calls=7 67 
0 13649
0 7
0 35
cob=(7)
cfi=(279)
cfn=(1392)
calls=7 84 
0 1456
0 7
0 21
cob=(7)
cfi=(250)
cfn=(1282)
calls=7 67 
0 14440
0 7
0 21
cob=(7)
cfi=(207)
cfn=(1456)
calls=7 734 
0 1694
0 7
0 11
cob=(7)
cfi=(412)
cfn=(3632)
calls=1 605 
0 1237
cob=(1)
cfi=(1)
cfn=(892)
calls=1 0 
0 1205
0 5
0 13
cob=(7)
cfi=(413)
cfn=(3642)
calls=1 101 
0 2171
cob=(1)
cfi=(1)
cfn=(892)
calls=1 0 
0 740
0 5
0 2007
cob=(7)
cfi=(413)
cfn=(3642)
calls=669 101 
0 1345363
0 669
0 6652
cfn=(1072)
calls=1 0 
0 5767
0 3
cfn=(4496)
calls=1 0 
0 98254586
0 2
cfn=(4562) StanHandler::~StanHandler()
calls=1 0 
0 138
0 2
cfn=(3764)
calls=1 0 
0 23
0 4
cob=(2)
cfi=(152)
cfn=(632)
calls=1 3137 
0 90
0 1
0 89
cfn=(3710)
calls=11 0 
0 3534
0 72
cob=(12)
cfi=(384)
cfn=(3718)
calls=1 0 
0 2
0 14
cfn=(3720)
calls=1 0 
0 2874
0 8
cob=(7)
cfi=(247)
cfn=(1034)
calls=1 32 
0 127
0 1
0 2
cob=(7)
cfi=(412)
cfn=(3732)
calls=1 642 
0 645
cob=(1)
cfi=(1)
cfn=(892)
calls=1 0 
0 878
0 5
0 5
cob=(7)
cfi=(279)
cfn=(1392)
calls=1 84 
0 208
0 1
0 3
cob=(7)
cfi=(250)
cfn=(1444)
calls=1 67 
0 385
cob=(1)
cfi=(1)
cfn=(892)
calls=1 0 
0 731
0 5
0 5
cob=(7)
cfi=(279)
cfn=(1392)
calls=1 84 
0 208
0 1
0 2
cfn=(4306)
calls=1 0 
0 337
0 1

fn=(1108)
0 40534
cfn=(912)
calls=52 0 
0 1872
0 260
cfn=(1070)
calls=52 0 
0 1664
0 780
cfn=(1110)
calls=52 0 
0 1456
0 24430
cfn=(912)
calls=1375 0 
0 67785
0 4125
cfn=(1112)
calls=1375 0 
0 489568
0 28422
cob=(7)
cfi=(248)
cfn=(1080)
calls=1 273 
0 17
0 1
0 6
cob=(2)
cfi=(209)
cfn=(776)
calls=1 67 
0 66
0 1
0 2
cob=(7)
cfi=(248)
cfn=(1086)
calls=1 443 
0 6
0 1
0 13959
cfn=(1114)
calls=99 0 
0 495
0 297
cob=(7)
cfi=(233)
cfn=(924)
calls=99 295 
0 594
0 99
0 198
cob=(7)
cfi=(233)
cfn=(924)
calls=99 295 
0 594
0 99
0 19359
cfn=(912)
calls=3 0 
0 99
0 9
cfn=(1460)
calls=3 0 
0 447
0 30
cfn=(912)
calls=3 0 
0 99
0 9
cfn=(1112)
calls=3 0 
0 756
0 5904
cfn=(912)
calls=99 0 
0 3267
0 297
cfn=(1460)
calls=99 0 
0 14649
0 990
cfn=(912)
calls=99 0 
0 3267
0 297
cfn=(1112)
calls=99 0 
0 33704
0 216
cfn=(1114)
calls=3 0 
0 15
0 9
cob=(7)
cfi=(233)
cfn=(924)
calls=3 295 
0 18
0 3
0 6
cob=(7)
cfi=(233)
cfn=(924)
calls=3 295 
0 18
0 3
0 6

fn=(1114)
0 8968
cob=(2)
cfi=(158)
cfn=(690)
calls=93 0 
0 2042
0 93
0 372

fn=(1206)
0 453
cfn=(1526)
calls=5 0 
0 10943
0 335

fn=(1210)
0 1254

fn=(1242)
0 230

fn=(1272)
0 1196

fn=(1348)
0 156
cfn=(1350)
calls=26 0 
0 11873

fn=(1380)
0 230

fn=(1468) CLI::App::get_option_no_throw(std::__cxx11::basic_string<char, std::char_traits<char>, std::allocator<char> >) [clone .part.0]
0 32

fn=(1492)
0 23
cob=(7)
cfi=(232)
cfn=(918)
calls=1 43 
0 175
0 1
0 20

fn=(1494)
0 494
cfn=(1210)
calls=53 0 
0 583
0 233

fn=(1520)
0 14

fn=(1640)
0 102
cob=(7)
cfi=(233)
cfn=(924)
calls=6 295 
0 665
0 6
0 18
cob=(7)
cfi=(247)
cfn=(1034)
calls=6 32 
0 843
0 6
0 6

fn=(1644)
0 22
cob=(7)
cfi=(247)
cfn=(1034)
calls=1 32 
0 137
0 1
0 4
cob=(7)
cfi=(247)
cfn=(1034)
calls=1 32 
0 37
0 1
0 1

fn=(3744)
0 24
cob=(7)
cfi=(232)
cfn=(918)
calls=2 43 
0 84
0 2
0 34
cob=(2)
cfi=(152)
cfn=(812)
calls=2 3101 
0 712
0 2
0 16
cob=(2)
cfi=(158)
cfn=(908)
calls=2 0 
0 1066
0 2
0 22

fn=(3752)
0 13
cfn=(898)
calls=1 0 
0 63
0 3
cfn=(3618)
calls=1 0 
0 17
0 13
cob=(7)
cfi=(232)
cfn=(918)
calls=1 43 
0 38
0 1
0 15
cob=(7)
cfi=(247)
cfn=(1034)
calls=1 32 
0 37
0 1
0 12

fn=(3770)
0 22
cfn=(3624)
calls=1 0 
0 240298
0 4
cob=(12)
cfi=(384)
cfn=(3772)
calls=1 0 
0 8
0 9
cfn=(3774)
calls=1 0 
0 482
0 14

fn=(4046)
0 1618336

fn=(4336)
0 1500
cob=(2)
cfi=(218)
cfn=(802)
calls=100 25 
0 67900
0 100
0 1500

fn=(4410)
0 8053

fn=(5054)
0 6

fn=(5056)
0 13
cfn=(1470)
calls=1 0 
0 6
0 7
cfn=(1232)
calls=1 0 
0 166
0 2

fn=(926)
0 78

fn=(988)
0 16
cob=(7)
cfi=(233)
cfn=(942)
calls=1 766 
0 33
0 1
0 5
cob=(7)
cfi=(233)
cfn=(942)
calls=1 766 
0 16
0 1
0 18
cfn=(898)
calls=1 0 
0 65
0 23
cob=(7)
cfi=(232)
cfn=(918)
calls=1 43 
0 175
0 1
0 20
cob=(7)
cfi=(232)
cfn=(918)
calls=1 43 
0 42
0 1
0 59
cfn=(898)
calls=1 0 
0 63
0 6
cob=(7)
cfi=(232)
cfn=(918)
calls=1 43 
0 175
0 1
0 20
cob=(7)
cfi=(232)
cfn=(918)
calls=1 43 
0 175
0 1
0 19

fn=(1100)
0 642

fn=(1270)
0 598
cfn=(912)
calls=26 0 
0 2961
0 338
cfn=(912)
calls=26 0 
0 1879
0 182
cfn=(992)
calls=26 0 
0 567290
0 167
cob=(7)
cfi=(247)
cfn=(1034)
calls=21 32 
0 777
0 21
0 182
cfn=(1272)
calls=26 0 
0 208
0 156
cob=(7)
cfi=(247)
cfn=(1034)
calls=26 32 
0 962
0 26
0 182
cfn=(1274)
calls=26 0 
0 208
0 104
cfn=(898)
calls=26 0 
0 1690
0 130
cfn=(912)
calls=26 0 
0 858
0 156
cob=(7)
cfi=(232)
cfn=(918)
calls=26 43 
0 1092
0 26
0 104
cob=(7)
cfi=(233)
cfn=(942)
calls=26 766 
0 858
0 26
0 572
cfn=(1102)
calls=26 0 
0 156
0 624

fn=(1350)
0 616
cob=(2)
cfi=(272)
cfn=(1356)
calls=28 81 
0 10969
cob=(1)
cfi=(1)
cfn=(892)
calls=1 0 
0 757
0 32
0 420

fn=(1386)
0 24
cob=(7)
cfi=(246)
cfn=(1092)
calls=6 340 
0 677
0 6
0 18

fn=(1464)
0 628
cfn=(1466) CLI::Option::check_name(std::__cxx11::basic_string<char, std::char_traits<char>, std::allocator<char> > const&) const
calls=101 0 
0 45607
0 218
cfn=(1468)
calls=2 0 
0 32

fn=(1466)
0 2727
cob=(7)
cfi=(233)
cfn=(924)
calls=101 295 
0 606
0 101
0 606
cob=(7)
cfi=(233)
cfn=(1052)
calls=101 3465 
0 6868
0 101
0 303
cfn=(1112)
calls=101 0 
0 34194
0 101

fn=(1504)
0 184
cfn=(1060)
calls=8 0 
0 240
0 32
cob=(7)
cfi=(233)
cfn=(924)
calls=8 295 
0 48
0 8
0 16
cob=(7)
cfi=(233)
cfn=(924)
calls=8 295 
0 48
0 8
0 192
cfn=(1508)
calls=8 0 
0 2388
0 36
cfn=(1060)
calls=2 0 
0 60
0 36
cfn=(1506)
calls=8 0 
0 120
0 26
cfn=(1512)
calls=2 0 
0 84
0 60
cob=(7)
cfi=(233)
cfn=(1052)
calls=2 3465 
0 190
0 2
0 8
cfn=(1506)
calls=2 0 
0 30
0 6
cob=(7)
cfi=(233)
cfn=(924)
calls=2 295 
0 48
0 2
0 4

fn=(1524)
0 34
cfn=(1204)
calls=8 0 
0 14079
0 475

fn=(1532)
0 18
cfn=(1534)
calls=2 0 
0 6973
0 32

fn=(1606)
0 493
cob=(7)
cfi=(233)
cfn=(924)
calls=1 295 
0 6
0 1
0 2
cob=(7)
cfi=(233)
cfn=(924)
calls=1 295 
0 6
0 1
0 113

fn=(1608)
0 25

fn=(1610)
0 34

fn=(1620)
0 2
cob=(7)
cfi=(247)
cfn=(1034)
calls=1 32 
0 37
0 1

fn=(4376)
0 23430

fn=(3758)
0 23
cob=(2)
cfi=(152)
cfn=(632)
calls=1 3137 
0 90
0 1
0 14
cob=(7)
cfi=(247)
cfn=(1034)
calls=1 32 
0 37
0 1

fn=(4006)
0 16
cob=(2)
cfi=(152)
cfn=(812)
calls=1 3101 
0 272
0 1
0 9
cob=(2)
cfi=(158)
cfn=(908)
calls=1 0 
0 533
0 1
0 3
cfn=(4008)
calls=1 0 
0 680
0 5

fn=(4026)
0 407800

fn=(4028)
0 1100
cfn=(3722)
calls=100 0 
0 22838
0 237000

fn=(4060)
0 34224
cfn=(3722)
calls=1587 0 
0 485582
0 7884377

fn=(4334)
0 208080

fn=(4400)
0 1520
cob=(6)
cfi=(473)
cfn=(4388)
calls=80 23 
0 560
0 80
0 1200
cob=(6)
cfi=(428)
cfn=(3806)
calls=80 98 
0 2016
0 80
0 400
cob=(6)
cfi=(428)
cfn=(3806)
calls=80 98 
0 1824
0 80
0 160
cob=(6)
cfi=(434)
cfn=(3886)
calls=80 49 
0 3760
0 80
0 1134
cfn=(4390)
calls=80 0 
0 2160
0 904
cob=(6)
cfi=(434)
cfn=(3886)
calls=80 49 
0 3735
0 80
0 5551

fn=(4480)
0 13

fn=(4562)
0 7
cob=(2)
cfi=(152)
cfn=(632)
calls=1 3137 
0 81
0 1
0 5
cob=(12)
cfi=(384)
cfn=(4564)
calls=1 0 
0 42
0 2

fn=(5030)
0 13
cfn=(5032)
calls=1 0 
0 6
0 7
cfn=(5034)
calls=1 0 
0 166
0 2

fn=(5046)
0 13
cfn=(1472)
calls=1 0 
0 6
0 7
cfn=(1232)
calls=1 0 
0 314
0 2

fn=(5076)
0 5

ob=(6)
fl=(404)
fn=(3116)
30 50
+4 75
cfi=(165)
cfn=(3118) __expl_finite@GLIBC_2.15
calls=25 -34 
* 1141
+1 350
+6 50

fl=(165)
fn=(3118)
0 1141

fn=(3144) __ieee754_logl
0 21

fn=(5210) btree_destroy
0 30

fn=(5212)
0 9
cob=(2)
cfi=(483)
cfn=(5068)
calls=1 45 
0 94
0 1
cfn=(5220) 0x0000000000011410
calls=1 0 
0 5
0 3

fn=(588)
0 12

fn=(3132) __scalbnl
0 14

fn=(5208)
0 4
cfn=(5210)
calls=1 0 
0 15
0 2
cfn=(5210)
calls=1 0 
0 15
0 3

fn=(5220)
0 5

fl=(434)
fn=(3886)
49 341830
+11 341830
fi=(429) /usr/src/debug/glibc/glibc/math/../sysdeps/ieee754/dbl-64/math_config.h
+53 341830
fe=(434)
-53 1367320
-21 626354
+45 939531
+17 309721
+4 309721
+13 309721
-5 309721
-12 309721
+20 309721
+8 309721
-27 309721
+27 309721
-27 309721
+3 1238884
-1 619442
-1 309721
+1 309721
+14 309721
+3 309721
-8 619442
+16 309721
-7 309721
+4 309721
-3 619442
+6 2168047
+1 309721
-66 85959
+2 28652
+3 28652
+1 28652
-1 28652
+1 57304
-3 28652
+3 28652
-1 28652
+1 28652
-2 28652
+2 85956
+4 28652
-4 28652
+4 85956
+2 57304
-1 28652
+2 57304
+1 28652
+1 28652
-1 28652
+1 28652
+1 57304
+1 28652
+1 28652
+5 10368
+2 7392
+2 1152
-26 1
+66 1889
-39 576
cfi=(437) /usr/src/debug/glibc/glibc/math/../sysdeps/ieee754/dbl-64/math_err.c
cfn=(4342) __math_invalid
calls=576 +18 
* 4032
-4 1984
cfi=(437)
cfn=(4328) __math_divzero
calls=992 +15 
* 9920

fl=(407)
fn=(3142)
29 3
+1 5
+14 1
+1 1
-1 1
cfi=(165)
cfn=(3144)
calls=1 -44 
* 21

fl=(431)
fn=(3824)
287 9269
fi=(429)
113 18538
fe=(431)
-68 37076
296 9269
45 9269
296 20319
-8 1781
+8 7124
61 9243
+5 9243
+10 9243
+11 9243
-26 9243
+50 18486
-49 9243
+1 9243
+49 9243
-23 9243
-27 9243
+1 9243
+8 9243
-5 9243
+5 36972
-7 9243
+23 9243
+2 9243
-25 18486
+12 18486
+18 9243
+17 18486
-23 9243
+2 18486
+5 9243
+1 9243
+4 9243
-1 9243
+13 9243
-11 9243
+11 9243
-11 9243
+11 46215
+1 9243
-1 9243
373 9243
fi=(429)
113 9243
fe=(431)
-68 18486
197 9243
+1 27729
-84 9130
374 9130
229 9130
+18 9130
114 9130
374 9130
229 27390
fi=(429)
113 9130
fe=(431)
231 9130
+2 9130
+4 9130
+1 9130
-5 9130
+4 9130
+1 9130
-1 9130
+4 9130
-6 9130
+12 27390
-3 9130
+3 36520
+1 18260
fi=(429)
125 9130
fe=(431)
253 18260
+50 7488
-26 14976
+26 14976
-26 14976
+41 14976
+15 14924
-72 14924
+1 14924
+2 14924
+2 37310
+2 29848
+28 7462
+45 7462
-45 7462
+48 22386
-2 14924
+18 14924
201 226
+4 113
+1 226
384 139
-64 26
+1 52
-33 26
+38 52
-65 26
+3 78
+2 130
+2 52
+62 52

fl=(433) /usr/src/debug/glibc/glibc/math/../sysdeps/ieee754/dbl-64/s_log1p.c
fn=(3832) __log1p
109 84706326
+4 338825304
+4 262848724
+2 93436072
+7 93435960
+11 140153940
+37 46717557
-35 46717557
+35 46717557
+18 46717557
+6 46717557
+2 93435114
-8 46717557
+1 46717557
+5 46717557
+2 93435114
-6 46717557
+4 46717557
-3 46717557
+5 46717557
-4 46717557
+4 140152671
+9 46717557
-10 93435114
-7 37774742
+6 37774742
+2 75549484
-8 37774742
+1 37774742
+5 37774742
+2 75549484
-6 37774742
+4 37774742
-3 37774742
+5 37774742
-4 37774742
+4 113324226
+9 37774742
-10 75549484
+1 140152671
-58 75976580
+4 75976580
+15 37988713
+1 75977426
+2 65106075
+8 26042430
+2 26042430
+1 26042430
-3 49934996
+2 49934996
+1 49934996
+2 855884
+3 116079
-1 232158
+4 464316
+3 195784
+1 195784
+3 587352
-21 49934996
-1 24967498
+1 74902494
+1 124837490
-22 75977426
+1 113966139
+1 75977426
+1 115078490
+1 75977426
+57 226648452
+3 37774742
-61 55314543
-30 168
+1 224

fl=(432)
fn=(3830)
24 84706326
+1 254118978
+8 84706326
cfi=(433)
cfn=(3832)
calls=84706326 +76 
* 4596520171
-6 56
+1 56
-1 112
+1 112

fl=(408)
fn=(3148)
32 3
+1 3
+3 1
+1 1
-1 1
cfi=(409) /usr/src/debug/glibc/glibc/math/../sysdeps/x86/fpu/e_sqrtl.c
cfn=(3150) __sqrtl_finite@GLIBC_2.15
calls=1 -12 
* 4

fl=(437)
fn=(4328)
103 992
+1 4960
+1 992
cfn=(4068) with_errno.constprop.0
calls=992 -76 
* 2976

fn=(4340) __math_oflow
97 34
+1 68
cfn=(4066) xflow
calls=34 -36 
* 272

fn=(4326) __math_check_oflow
153 8
+1 24
+1 2
-1 6
cfn=(4068)
calls=6 29 
* 18

fn=(4342)
110 576
+1 576
+1 576
-1 576
+1 1152
+1 576

fn=(4348) __math_check_uflow
135 56
+1 224
+1 31
-1 25
cfn=(4068)
calls=25 29 
* 75

fn=(4066)
62 1268
+1 317
cfn=(4068)
calls=317 -34 
* 951

fn=(4068)
29 2680
+2 1340

fn=(4064) __math_uflow
68 283
+1 566
cfn=(4066)
calls=283 -7 
* 2264

fl=(405)
fn=(3126)
30 1
+2 1
+1 3
+3 4
+4 1
-2 1
+2 1
-1 1
+1 3
+1 1

fl=(428)
fn=(3806)
98 155602
fi=(429)
+15 155602
fe=(428)
-25 311204
+15 155602
+1 466806
+30 618348
+16 154587
fi=(429)
-37 154587
fe=(428)
+23 154587
+14 154587
-12 154587
+2 154587
+1 154587
-3 154587
+2 154587
+1 154587
+9 154587
-10 154587
+10 154587
-6 154587
+3 154587
+3 618348
+1 309174
fi=(429)
-26 154523
fe=(428)
+31 309046
-49 2158
+4 1646
+2 2277
+2 1518
+3 317
-1 634
+3 34
cfi=(437)
cfn=(4340)
calls=34 -23 
* 374
-69 128
fi=(429)
+74 56
fe=(428)
-62 56
fi=(429)
+62 112
fe=(428)
-63 112
+1 112
+17 29
fi=(429)
235 29
cfi=(437)
cfn=(4348)
calls=29 135 
* 174
* 27
cfi=(437)
cfn=(4348)
calls=27 135 
* 237
fe=(428)
123 128
-52 27
-1 54
+2 54
+3 27
-3 27
+1 54
+2 81
+5 4
-2 81
+32 1396
fi=(429)
+15 24
fe=(428)
-69 16
fi=(429)
228 8
cfi=(437)
cfn=(4326)
calls=8 -75 
* 58
* 25
fe=(428)
75 50
+43 283
cfi=(437)
cfn=(4064)
calls=283 -50 
* 3113

fl=(430)
fn=(4344) as_tanh_zero
94 187
+3 187
-48 187
+55 187
-9 374
-39 187
+41 748
-2 187
fi=(472) /usr/src/debug/glibc/glibc/math/../sysdeps/ieee754/dbl-64/ddcoremath.h
-52 561
144 187
44 187
145 187
fe=(430)
-95 187
fi=(472)
+95 187
-1 187
+2 374
43 748
+1 187
144 187
fe=(430)
-87 187
fi=(472)
-13 187
fe=(430)
+12 187
+1 187
fi=(472)
+88 374
-1 187
+2 374
43 748
+1 187
144 187
fe=(430)
-87 187
fi=(472)
-13 187
fe=(430)
+12 187
+1 187
fi=(472)
+88 374
-1 187
+2 374
43 748
+1 187
144 187
fe=(430)
-87 187
fi=(472)
-13 187
fe=(430)
+12 187
+1 187
fi=(472)
+88 374
-1 187
+2 374
43 748
+1 187
144 187
fe=(430)
-87 187
fi=(472)
-13 187
fe=(430)
+12 187
+1 187
fi=(472)
+88 374
-1 187
+2 374
43 748
+1 187
144 187
fe=(430)
-87 187
fi=(472)
-13 187
fe=(430)
+12 187
+1 187
fi=(472)
+88 374
-1 187
+2 374
43 748
+1 187
144 187
fe=(430)
-87 187
fi=(472)
-13 187
fe=(430)
+12 187
+1 187
fi=(472)
+88 374
-1 187
+2 374
43 748
+1 187
144 187
fe=(430)
-87 187
fi=(472)
-13 187
fe=(430)
+12 187
+1 187
fi=(472)
+88 374
-1 187
+2 374
43 748
+1 187
fe=(430)
+13 187
fi=(472)
-13 187
fe=(430)
+13 187
fi=(472)
184 374
+1 187
43 374
144 187
44 187
144 187
+1 187
+1 374
43 748
+1 374
-1 187
fi=(429)
+70 187
fe=(430)
-9 374
+11 187
+1 187

fn=(3818)
147 13629
+1 4543
-1 13629
+5 4543
fi=(429)
-39 4543
fe=(430)
+39 9086
fi=(429)
-39 8948
fe=(430)
+61 8948
+1 4474
fi=(429)
-62 4474
fe=(430)
+54 4474
+2 8948
+1 8948
-1 4474
-2 4474
+2 4474
+2 4474
-2 4474
fi=(429)
-44 4474
fe=(430)
+44 4474
-2 4474
fi=(429)
-42 4474
fe=(430)
+49 17896
-6 4474
+6 22370
+1 8948
+75 12
+3 6
-3 6
+3 6
-1 6
+1 6
+10 6
-13 6
+3 18
+7 6
-7 6
+8 6
-8 12
+7 18
+1 12
+1 12
+1 30
+1 18
+8 20
+10 10
-10 10
cfn=(4356) as_exp_accurate
calls=10 74 
* 810
+1 10
+7 10
fi=(472)
43 10
fe=(430)
272 10
fi=(472)
43 10
+1 10
fe=(430)
273 10
fi=(472)
43 10
fe=(430)
275 20
fi=(472)
43 10
+1 10
fe=(430)
275 10
+5 20
-5 20
fi=(472)
144 20
+1 10
+1 20
43 10
+8 20
+1 10
-9 10
+1 10
fe=(430)
278 10
fi=(472)
43 20
+1 10
fe=(430)
280 10
+2 30
-2 10
+2 20
+3 21780
177 13404
+40 4022
+5 2011
+9 2011
-14 2011
+5 2011
-4 2011
fi=(472)
43 2011
fe=(430)
231 2011
-14 2011
+4 6033
+1 2011
-3 2011
+2 2011
+1 8044
+1 2011
fi=(472)
43 6033
fe=(430)
231 2011
fi=(472)
44 2011
fe=(430)
231 2011
fi=(472)
-86 2011
fe=(430)
+86 2011
fi=(472)
43 2011
+1 2011
fe=(430)
229 2011
+2 6033
fi=(472)
-87 4022
+1 2011
+1 2011
fe=(430)
+95 2011
fi=(472)
-95 2011
-95 2011
-8 4022
fe=(430)
241 6033
fi=(472)
51 4022
+1 2011
-9 2011
fe=(430)
240 2011
fi=(472)
44 4022
fe=(430)
243 2011
-3 2011
+3 2011
-1 2011
+1 2011
+1 2011
-1 2011
+1 10045
-90 207

ob=(11)
fl=(336)
fn=(2020) 0x000000000000cb40
0 141
cob=(2)
cfi=(367)
cfn=(2392)
calls=5 24 
0 79
0 129
cfn=(2746) 0x00000000000075b0
calls=1 0 
0 35
0 46
cfn=(2398) 0x000000000000aa80
calls=1 0 
0 1149
0 8
cfn=(2406) 0x000000000000a670
calls=1 0 
0 714
0 139
cfn=(2024) 0x000000000000c1c0
calls=1 0 
0 127368
0 2

fn=(2746)
0 103

fn=(4690)
0 91
cob=(2)
cfi=(327)
cfn=(1802)
calls=5 23 
0 15
0 167

fn=(2646) 0x000000000000a440
0 309

fn=(4780) 0x000000000000f650
0 8
cob=(2)
cfi=(367)
cfn=(2392)
calls=1 24 
0 17
0 5
cfn=(4786) 0x0000000000007930
calls=1 0 
0 1539
0 16

fn=(2328) 0x000000000000ffd0
0 8
cfn=(2320) 0x000000000000fef0
calls=1 0 
0 657
0 28
cfn=(2320)
calls=2 0 
0 1314
0 6

fn=(2414) 0x0000000000009420
0 48
cfn=(2416) 0x0000000000004330
calls=3 0 
0 301
0 55
cfn=(2510) 0x00000000000035a0
calls=3 0 
0 21
0 108
cfn=(2524) 0x0000000000002880
calls=3 0 
0 267
0 192
cfn=(2576) 0x00000000000035f0
calls=3 0 
0 438
0 3

fn=(2474) 0x0000000000003c30
0 85

fn=(2582) 0x0000000000002ce0
0 213
cfn=(4870) 0x0000000000002a70
calls=1 0 
0 59
0 66

fn=(2774) 0x0000000000004c00
0 38

fn=(4612)
0 38
cob=(2)
cfi=(327)
cfn=(1802)
calls=2 23 
0 6
0 80

fn=(4808) 0x0000000000004420
0 140

fn=(1964)
0 5
cob=(2)
cfi=(301)
cfn=(1655)
calls=1 77 
0 1863
0 4
cob=(2)
cfi=(209)
cfn=(776)
calls=1 67 
0 66
0 3

fn=(2406)
0 52
cob=(2)
cfi=(367)
cfn=(2392)
calls=4 24 
0 62
0 60
cfn=(2414)
calls=3 0 
0 1433
0 137
cfn=(2774)
calls=2 0 
0 38
0 65
cob=(2)
cfi=(327)
cfn=(1802)
calls=4 23 
0 12
0 171
cfn=(2646)
calls=3 0 
0 187
0 4
cfn=(2646)
calls=2 0 
0 122
0 54

fn=(4786)
0 41
cfn=(4800) 0x0000000000004d40
calls=1 0 
0 219
0 164
cfn=(2576)
calls=3 0 
0 788
0 154
cob=(2)
cfi=(327)
cfn=(1802)
calls=1 23 
0 3
0 6
cob=(2)
cfi=(368)
cfn=(2712)
calls=1 25 
0 22
0 26
cfn=(4808)
calls=3 0 
0 105
0 11

fn=(4976) 0x0000000000012a80
0 27

fn=(2398)
0 116
cob=(2)
cfi=(327)
cfn=(1802)
calls=1 23 
0 3
0 5
cob=(2)
cfi=(368)
cfn=(2712)
calls=1 25 
0 23
0 46
cob=(2)
cfi=(158)
cfn=(936)
calls=1 0 
0 64
0 9
cfn=(2406)
calls=1 0 
0 880
0 3

fn=(2444) 0x00000000000023c0
0 29

fn=(2612) 0x0000000000003080
0 238

fn=(4776)
0 9
cfn=(4780)
calls=1 0 
0 1585
0 1
cfn=(4936) 0x000000000000fb50
calls=1 0 
0 1696
0 31
cob=(2)
cfi=(304)
cfn=(1662)
calls=1 71 
0 35
0 2
cfn=(4976)
calls=1 0 
0 27
0 2
cob=(2)
cfi=(306)
cfn=(1680)
calls=1 357 
0 26
0 15

fn=(2320)
0 16
cob=(2)
cfi=(218)
cfn=(802)
calls=4 25 
0 2584
0 28

fn=(2416)
0 32
cfn=(2424) 0x0000000000003d90
calls=1 0 
0 259
0 10

fn=(2424)
0 70
cfn=(2474)
calls=1 0 
0 85
0 20
cob=(2)
cfi=(255)
cfn=(1220)
calls=1 25 
0 4
0 15
cob=(2)
cfi=(344)
cfn=(2066)
calls=1 47 
0 23
0 11
cfn=(2444)
calls=1 0 
0 29
0 2

fn=(4800)
0 16
cfn=(2576)
calls=1 0 
0 146
0 12
cfn=(4808)
calls=1 0 
0 35
0 10

fn=(2282) 0x0000000000012e70
0 35
cfn=(2320)
calls=1 0 
0 657
0 2
cfn=(2328)
calls=1 0 
0 2013
0 1595
cob=(2)
cfi=(304)
cfn=(1662)
calls=1 71 
0 35
0 6
cob=(2)
cfi=(327)
cfn=(1802)
calls=1 23 
0 3
0 10
cob=(2)
cfi=(306)
cfn=(1680)
calls=1 357 
0 26
0 6
cob=(2)
cfi=(322)
cfn=(1782)
calls=1 24 
0 4
0 5
cob=(2)
cfi=(323)
cfn=(1786)
calls=1 24 
0 10
0 6
cob=(2)
cfi=(324)
cfn=(1790)
calls=1 53 
0 39
0 4
cob=(2)
cfi=(326)
cfn=(1796)
calls=1 23 
0 3
0 5

fn=(2018)
0 60
cfn=(2020)
calls=5 0 
0 129810
0 30

fn=(2024)
0 35
cob=(2)
cfi=(327)
cfn=(1802)
calls=1 23 
0 3
0 4
cob=(2)
cfi=(340)
cfn=(2034)
calls=1 32 
0 48
0 13
cob=(2)
cfi=(330)
cfn=(1826)
calls=1 25 
0 28
0 10
cfn=(2050) 0x000000000000bfc0
calls=1 0 
0 714
0 8
cob=(2)
cfi=(255)
cfn=(1220)
calls=1 25 
0 4
0 9
cob=(2)
cfi=(344)
cfn=(2066)
calls=1 47 
0 23
0 22
cob=(2)
cfi=(158)
cfn=(936)
calls=1 0 
0 16339
0 21
cob=(2)
cfi=(158)
cfn=(936)
calls=1 0 
0 16339
0 10
cob=(2)
cfi=(158)
cfn=(936)
calls=2 0 
0 32678
0 69
cob=(2)
cfi=(345)
cfn=(2082)
calls=1 85 
0 618
0 10
cob=(2)
cfi=(353)
cfn=(2116)
calls=1 32 
0 688
0 220
cob=(2)
cfi=(353)
cfn=(2116)
calls=55 32 
0 9136
0 594
cob=(2)
cfi=(359)
cfn=(2158)
calls=52 24 
0 18156
0 387
cob=(2)
cfi=(359)
cfn=(2158)
calls=56 24 
0 20076
0 122
cob=(2)
cfi=(364)
cfn=(2194)
calls=1 34 
0 488
0 4
cob=(2)
cfi=(345)
cfn=(2082)
calls=1 85 
0 420
0 7
cob=(2)
cfi=(353)
cfn=(2116)
calls=1 32 
0 467
0 7
cob=(2)
cfi=(359)
cfn=(2158)
calls=1 24 
0 705
0 4
cob=(2)
cfi=(364)
cfn=(2194)
calls=1 34 
0 386
0 12
cob=(2)
cfi=(345)
cfn=(2082)
calls=1 85 
0 420
0 7
cob=(2)
cfi=(353)
cfn=(2116)
calls=1 32 
0 621
0 7
cob=(2)
cfi=(359)
cfn=(2158)
calls=1 24 
0 1103
0 4
cob=(2)
cfi=(364)
cfn=(2194)
calls=1 34 
0 440
0 34
cfn=(2282)
calls=1 0 
0 4464
0 2
cob=(2)
cfi=(218)
cfn=(802)
calls=1 25 
0 679
0 17
cob=(2)
cfi=(218)
cfn=(802)
calls=1 25 
0 679
0 7

fn=(2576)
0 168
cfn=(4870)
calls=3 0 
0 177
0 185
cfn=(2582)
calls=7 0 
0 338
0 168
cfn=(2612)
calls=7 0 
0 238
0 98

fn=(5228)
0 9
cob=(2)
cfi=(483)
cfn=(5068)
calls=1 45 
0 94
0 1
cfn=(5236) 0x0000000000002090
calls=1 0 
0 5
0 3

fn=(1958)
0 12

fn=(3088)
0 6
cfn=(3090) 0x000000000000d450
calls=2 0 
0 1100
0 12

fn=(3090)
0 50
cob=(2)
cfi=(367)
cfn=(2392)
calls=2 24 
0 34
0 60
cfn=(2746)
calls=2 0 
0 68
0 27
cfn=(2406)
calls=2 0 
0 803
0 4

ob=(6)
fl=(430)
fn=(3818)
156 280
+1 112
+2 168
+1 112
+19 7371
+15 2457
+1 7371
+1 2457
-1 2457
-1 7371
+1 2457
+1 9828
fi=(472)
43 2457
fe=(430)
210 2457
-13 2457
fi=(472)
43 4914
+1 2457
fe=(430)
210 12285
+1 7371
+2 748
+72 187
-72 187
cfn=(4344)
calls=187 94 
* 29733
-58 26

fn=(4356)
74 10
fi=(472)
-31 10
fe=(430)
+31 20
+1 10
+1 10
-1 10
+2 40
fi=(472)
-34 10
fe=(430)
+34 10
+3 30
fi=(472)
-37 30
144 10
44 10
145 10
fe=(430)
-95 10
fi=(472)
+95 10
-1 10
+2 20
43 40
+1 10
145 10
fe=(430)
-88 10
fi=(472)
-13 10
-1 10
fe=(430)
+14 10
fi=(472)
+87 20
+1 10
+1 20
43 40
+1 10
fe=(430)
+13 10
fi=(472)
-13 10
fe=(430)
+13 10
fi=(472)
+87 20
+1 10
+1 20
-1 10
43 20
+1 10
144 20
+1 10
+1 20
43 10
fe=(430)
+41 10
fi=(472)
-41 10
+1 10
fe=(430)
+41 10
-1 10
+2 10
-1 10
-1 10
+1 10
+1 10
-1 10
+1 20
+1 10
+2 20

fl=(436)
fn=(4034)
33 101
+9 101
+1 101
+1 101
-1 101
+1 101
-1 101
+1 101
-1 101
+5 202
+2 202
+1 303
+27 202

fl=(473)
fn=(4388)
23 255
+4 255
-4 255
+4 255
+2 255
+2 510

fl=(435)
fn=(4364) as_exp_accurate
71 168
+1 28
-1 28
+2 28
fi=(472)
-30 28
fe=(435)
+30 56
+3 84
-3 28
fi=(472)
-30 84
+1 28
fe=(435)
+5 28
fi=(472)
153 28
fe=(435)
53 28
-3 28
fi=(472)
154 112
43 28
154 28
fe=(435)
54 28
fi=(472)
+99 28
fe=(435)
53 28
-3 28
fi=(472)
154 112
43 28
154 28
fe=(435)
54 28
fi=(472)
-11 28
+1 28
fe=(435)
+10 28
-4 56
fi=(472)
-7 28
+1 28
fe=(435)
+10 28
-4 56
fi=(472)
153 28
+1 84
-1 28
+1 140
fe=(435)
-74 28
+1 28
-1 28
+2 28
-1 28
-1 28
+1 28
+1 28
-1 28
+1 28
+3 28
-3 28
+1 28
+2 28

fn=(4350) as_cosh_zero
89 39
+2 39
fi=(472)
209 39
fe=(435)
97 39
-7 78
+1 117
-1 39
fi=(472)
-47 117
+67 39
-66 39
+67 39
+99 39
-99 39
-1 39
+2 39
214 39
112 39
+1 39
214 39
114 39
214 39
114 39
-3 39
214 39
+2 78
110 78
+1 39
+1 39
214 39
112 39
+1 39
214 39
114 39
214 39
114 39
-3 39
214 39
+2 78
110 78
+1 39
+1 39
214 39
112 39
+1 39
214 39
114 39
214 39
114 39
+39 39
+1 39
+60 39
+2 78
-62 78
43 39
154 39
43 78
+1 39
-1 39
fi=(429)
+70 39
fe=(435)
-16 117
+9 78
+2 39
+1 39

fn=(3994)
297 14
fi=(472)
43 28
+1 14
fi=(429)
+69 14
fe=(435)
296 14
-1 14
+2 42
-11 70
cfn=(4364)
calls=14 71 
* 1050
+1 42
-1 14
+1 56
cfn=(4364)
calls=14 71 
* 1050
+1 14
+1 70
+4 14
+1 14
-1 14
+1 14
-1 14
+4 98
135 13272
+2 4424
-2 13272
+9 4424
fi=(429)
-31 4424
fe=(435)
+31 8848
+30 8730
fi=(429)
-61 5820
fe=(435)
+87 2910
fi=(429)
-87 5820
fe=(435)
+84 5820
-1 2910
+7 5820
fi=(429)
-90 2910
fe=(435)
+28 2910
+50 5820
-50 2910
+51 5820
-50 2910
+49 2910
+1 5820
-1 2910
+1 2910
+4 2910
+1 2910
-4 5820
+4 2910
-1 2910
-3 5820
+4 2910
-1 2910
-3 2910
+1 2910
+4 2910
-56 2910
+51 2910
fi=(429)
-68 2910
fe=(435)
+73 5820
+5 2910
-8 2910
+10 2910
fi=(429)
-80 2910
fe=(435)
+73 5820
+2 8730
+3 2910
-3 2910
+3 2910
-3 2910
+3 8730
+2 5820
+63 2906
+1 2906
+6 8718
-7 2906
+1 5812
-1 2906
+2 8718
+5 2906
+1 2906
-6 2906
+1 5812
+1 2906
+1 5812
+2 2906
-5 2906
+6 2906
-2 2906
+5 2906
+1 14530
+1 17436
+3 17394
+16 21925
146 4542
+16 1514
+3 6056
+2 1514
-5 1514
+3 3028
+2 9084
+1 4542
+2 156
300 39
170 39
cfn=(4350)
calls=39 -81 
* 3042
+37 12
+26 4
+4 4
-3 8
-1 8
+2 4
-2 4
+3 4
-3 12
+3 4
-3 4
+4 8
+5 4
-5 8
+3 12
+2 20
+2 28

fl=(409)
fn=(3150)
24 1
+1 2
+1 1

fl=(406)
fn=(3130)
22 6
+1 24
+4 4
-3 6
cfi=(165)
cfn=(3132)
calls=2 -24 
* 14
+1 26

ob=(11)
fl=(336)
fn=(3090)
0 54

fn=(4870)
0 236

fn=(5236)
0 5

fn=(2050)
0 17
cob=(2)
cfi=(218)
cfn=(802)
calls=1 25 
0 687
0 10

fn=(2510)
0 21

fn=(2524)
0 267

fn=(4936)
0 1616
cob=(2)
cfi=(304)
cfn=(1662)
calls=1 71 
0 35
0 5

ob=(6)
fl=(406)
fn=(3130)
25 2

ob=(11)
fl=(336)
fn=(4936)
0 1
cob=(2)
cfi=(327)
cfn=(1802)
calls=1 23 
0 3
0 10
cob=(2)
cfi=(306)
cfn=(1680)
calls=1 357 
0 26

totals: 35363440504
