# callgrind format
version: 1
creator: callgrind-3.18.1
pid: 327471
cmd:  /home/m0hawk/Documents/apin/stan/build/diamonds__default/model id=1 data file=/home/m0hawk/Documents/apin/stan/data/diamonds.json random seed=20260819 output file=/home/m0hawk/Documents/apin/stan/results/profile/diamonds/chain.csv method=sample num_warmup=40 num_samples=40 save_warmup=0
part: 1


desc: I1 cache: 32768 B, 64 B, 8-way associative
desc: D1 cache: 32768 B, 64 B, 8-way associative
desc: LL cache: 67108864 B, 64 B, direct-mapped

desc: Timerange: Basic block 0 - 139313865
desc: Trigger: Program termination

positions: line
events: Ir Dr Dw I1mr D1mr D1mw ILmr DLmr DLmw
summary: 753937638 234433804 119643137 360524 25958449 1577750 32769 103728 99110


ob=(8) /home/m0hawk/.cmdstan/cmdstan-2.39.0/stan/lib/stan_math/lib/tbb/libtbb.so.2
fl=(197) /home/m0hawk/.cmdstan/cmdstan-2.39.0/stan/lib/stan_math/lib/tbb/../tbb_2020.3/src/tbb/tbb_main.cpp
fn=(958) _GLOBAL__sub_I_tbb_main.cpp
585 2
fi=(334) /home/m0hawk/.cmdstan/cmdstan-2.39.0/stan/lib/stan_math/lib/tbb/../tbb_2020.3/include/tbb/spin_mutex.h
46 2 0 1
fi=(405) /home/m0hawk/.cmdstan/cmdstan-2.39.0/stan/lib/stan_math/lib/tbb/../tbb_2020.3/src/tbb/tbb_main.h
+23 1 0 1
cfi=(197)
cfn=(960) tbb::internal::__TBB_InitOnce::add_ref()
calls=1 +48 
* 1023 323 154 10 16 1 10 4 1
fe=(197)
-1 4 0 1 1 0 0 1
cob=(2) ???
cfi=(51) ???
cfn=(952) 0x0000000004853dc0
calls=1 -68 
* 77 15 15
466 1
fi=(334)
46 2 0 2 0 0 2 0 0 2
fe=(197)
466 2 0 1
+30 3 0 1 1 0 0 1
+89 2 1

fn=(890) tbb::internal::itt_make_task_group_v7(tbb::internal::itt_domain_enum, void*, unsigned long long, void*, unsigned long long, tbb::internal::string_index)
314 6 0 3 2 0 0 1
-15 3
+15 21 0 12
-15 3
+15 9 0 3
-15 9 3 0 0 2 0 0 1
+27 3 0 3 2 0 0 1
-26 3 0 3
cob=(2)
cfi=(51)
cfn=(892) 0x00000000048541a0
calls=3 0 
* 7029 2717 534 55 203 22 53 11
+2 3
+13 3 3
-13 3 3
+13 6
+11 24 21

fn=(896) ITT_DoOneTimeInitialization
205 3 0 0 2 0 0 1
fi=(186) /home/m0hawk/.cmdstan/cmdstan-2.39.0/stan/lib/stan_math/lib/tbb/../tbb_2020.3/include/tbb/machine/gcc_generic.h
-45 3 3
fe=(197)
+46 8 2
-1 1 0 1 1 0 0 1
fi=(186)
-61 1
fe=(197)
+61 3 0 2
fi=(268) /home/m0hawk/.cmdstan/cmdstan-2.39.0/stan/lib/stan_math/lib/tbb/../tbb_2020.3/include/tbb/tbb_machine.h
355 2
fi=(186)
144 2 1 1 0 1 0 0 1
fi=(268)
921 2
fe=(197)
208 1 0 1 1 0 0 1
cfn=(898) tbb::internal::ITT_DoUnsafeOneTimeInitialization()
calls=1 -17 
* 6237 2470 398 48 195 22 48 10
fi=(186)
-60 1 0 1
fe=(197)
+63 4 4

fn=(2386) tbb::internal::control_storage::active_value() const
461 1
fi=(186)
160 1 1
fe=(197)
462 4 2 0 1 0 0 1
cfn=(2388) tbb::internal::stack_size_control::default_value() const
calls=1 +35 
* 3 1

fn=(2350) tbb::interface9::global_control::internal_create()
523 11 1 6 1 0 0 1
+1 3 1
fi=(334)
80 1 0 1 1 0 0 1
fe=(197)
525 1
fi=(268)
355 1
fi=(186)
144 1
fe=(197)
525 1 1 0 0 1
+2 1
fi=(334)
86 1 0 1
fi=(268)
355 1
fi=(186)
144 2 1 1 0 1
fi=(268)
921 2
fi=(186)
160 1 1 0 1 0 0 1
fe=(197)
528 2
fi=(186)
160 1 1 0 1 0 0 1
fe=(197)
534 1 0 1
fi=(186)
168 1 0 1
fi=(334)
-42 3 1
fi=(186)
+22 1 0 1
fe=(197)
537 10 8
-8 1 1 0 1 0 0 1
+3 1
-3 1 0 1
+3 2 2 1 0 1
cfn=(2356) tbb::internal::allowed_parallelism_control::apply_active() const
calls=1 -59 
* 38 12 8 5 1 0 5
* 1

fn=(2356)
473 2 0 0 2 0 0 1
+3 6 2
cfi=(335) /home/m0hawk/.cmdstan/cmdstan-2.39.0/stan/lib/stan_math/lib/tbb/../tbb_2020.3/src/tbb/market.cpp
cfn=(2358) tbb::internal::market::set_active_num_workers(unsigned int)
calls=2 235 
* 229 64 49 18 1 0 15

fn=(2384) tbb::interface9::global_control::active_value(int)
579 3 0 1 1 0 0 1
+1 2
+1 2 1 0 1 0 0 1
+1 1 1
-1 3 2 0 0 2
cfn=(2386)
calls=1 461 
* 9 4 0 1 0 0 1

fn=(4944) tbb::internal::__TBB_InitOnce::remove_ref()
122 3 0 0 1
fi=(186)
-22 3
fe=(197)
+25 8 5 3
-3 1
+4 1 0 1 1
cfi=(210) /home/m0hawk/.cmdstan/cmdstan-2.39.0/stan/lib/stan_math/lib/tbb/../tbb_2020.3/src/tbb/governor.cpp
cfn=(4948) tbb::internal::governor::release_resources()
calls=1 -47 
* 1867 621 306 19 74 11 6 5
+3 1
-2 1
cfi=(199) /home/m0hawk/.cmdstan/cmdstan-2.39.0/stan/lib/stan_math/lib/tbb/../tbb_2020.3/src/tbb/tools_api/ittnotify_static.c
cfn=(4968) __itt_fini_ittlib
calls=1 1029 
* 1312 620 162 11 97 18 8

fn=(960)
117 3 0 0 2 0 0 1
fi=(186)
-17 9 3 3 2 0 0 1
fe=(197)
+18 6
+2 2 2
-1 1
cfi=(210)
cfn=(962) tbb::internal::governor::acquire_resources()
calls=1 -52 
* 1016 322 153 8 16 1 8 4 1

fn=(2392) tbb::internal::market::app_parallelism_limit()
512 2 0 0 1 0 0 1
fi=(186)
160 2 2
fe=(197)
513 6 2
+1 2 2

fn=(2388)
497 1
+2 2 1

fn=(4786) tbb::interface9::global_control::internal_destroy()
539 12 1 7 2 0 0 1
+3 3 1
fi=(334)
80 1 0 1 1 0 0 1
fe=(197)
543 1
fi=(268)
355 1
fi=(186)
144 1
fe=(197)
543 1 1 0 0 1
+8 1
fi=(334)
86 1 0 1
fi=(186)
+58 2 1 1 0 1
fi=(268)
921 2
fe=(197)
552 1 1 0 1 0 0 1
fi=(408) /home/m0hawk/.cmdstan/cmdstan-2.39.0/stan/lib/stan_math/lib/tbb/../tbb_2020.3/include/tbb/atomic.h
311 1
fi=(186)
160 1 1
fe=(197)
554 1
fi=(186)
160 1 1
fe=(197)
554 1
fi=(186)
160 1 1
fe=(197)
559 2
-19 2
+19 4 1
+1 2 0 0 1 0 0 1
+2 1 1
-1 2
fi=(186)
160 1 1 0 1 0 0 1
fe=(197)
569 2
+2 3 2 1 0 1
cfn=(4792) tbb::internal::allowed_parallelism_control::default_value() const
calls=1 467 
* 12 3 1 1 1
* 1
+2 2
+2 1 1
-1 1 0 1
+1 2 1 1
cfn=(2356)
calls=1 473 
* 199 54 41 15 0 0 11
fi=(334)
126 3 1
fi=(186)
+22 1 0 1
fe=(197)
577 11 9
fi=(186)
168 1 0 1
fi=(408)
515 1
fe=(197)
+41 1 1 0 1 0 0 1
-4 1
+4 1

fn=(4792)
467 2 0 1 1
fi=(251) /home/m0hawk/.cmdstan/cmdstan-2.39.0/stan/lib/stan_math/lib/tbb/../tbb_2020.3/src/tbb/governor.h
86 4 1 0 0 1
fe=(197)
468 2
+1 1 1
-1 2
+1 1 1

fn=(898)
191 2 0 0 1 0 0 1
fi=(186)
-31 2 2
fe=(197)
+34 5 1
-3 3 0 3
+4 1 0 1
cfi=(198) /home/m0hawk/.cmdstan/cmdstan-2.39.0/stan/lib/stan_math/lib/tbb/../tbb_2020.3/src/tbb/itt_notify.cpp
cfn=(900) tbb::internal::__TBB_load_ittnotify()
calls=1 47 
* 6217 2464 392 46 195 22 46 10
* 2 0 1
+1 1
fi=(186)
-28 1 0 1
fe=(197)
+30 4 1 0 1 0 0 1
+2 4 4

fn=(1044) tbb::internal::DoOneTimeInitializations()
215 3 0 2 1
fi=(186)
-71 1
fe=(197)
+71 2 0 2
fi=(268)
355 1
fe=(197)
215 2
fi=(186)
-71 2 1 1 1 0 0 1
fi=(268)
921 2
fe=(197)
219 3 1
fi=(186)
-71 1 0 1
fe=(197)
+93 6 5
-21 1 0 1 1 0 0 1
cfn=(960)
calls=1 117 
* 7 2 1
fi=(216) /home/m0hawk/.cmdstan/cmdstan-2.39.0/stan/lib/stan_math/lib/tbb/../tbb_2020.3/src/tbb/tbb_environment.h
39 2 0 1
cob=(2)
cfi=(51)
cfn=(930) 0x0000000004853f60
calls=1 -39 
* 665 221 7 1 20 0 0 1
* 3
fe=(197)
225 1 0 1 1 0 0 1
cfn=(898)
calls=1 -34 
* 5 2
+1 1 1
+2 1 0 1
cfi=(217) /home/m0hawk/.cmdstan/cmdstan-2.39.0/stan/lib/stan_math/lib/tbb/../tbb_2020.3/src/tbb/cache_aligned_allocator.cpp
cfn=(1048) tbb::internal::initialize_cache_aligned_allocator()
calls=1 -96 
* 15769 4052 2232 329 186 81 255 35 33
+1 1 0 1
cfi=(210)
cfn=(1226) tbb::internal::governor::initialize_rml_factory()
calls=1 +13 
* 10690 2442 1429 71 22 14 7 2 2
+1 2 0 1
cfi=(195) /home/m0hawk/.cmdstan/cmdstan-2.39.0/stan/lib/stan_math/lib/tbb/../tbb_2020.3/src/tbb/scheduler.cpp
cfn=(1230) tbb::internal::Scheduler_OneTimeInitialization(bool)
calls=1 52 
* 9 1 3 2 0 0 2
fi=(251)
86 4 1
+4 3 1
fe=(197)
236 1 0 1
cfi=(210)
cfn=(1300) tbb::internal::governor::print_version_info()
calls=1 -7 
* 36 10 8 3 1 0 2
+1 7 0 1 1 0 0 1
cfi=(212) /home/m0hawk/.cmdstan/cmdstan-2.39.0/stan/lib/stan_math/lib/tbb/../tbb_2020.3/src/tbb/tbb_misc.cpp
cfn=(1224) tbb::internal::PrintExtraVersionInfo(char const*, char const*, ...)
calls=1 -26 
* 23 7 7
+1 2 0 1
fi=(251)
91 1 0 1
cfi=(212)
cfn=(1296) tbb::internal::DefaultSystemPageSize()
calls=1 -21 
* 60 13 6 6 1 0 4 1
* 2 0 1
-4 1 0 1 1 0 0 1
cfi=(252) /home/m0hawk/.cmdstan/cmdstan-2.39.0/stan/lib/stan_math/lib/tbb/../tbb_2020.3/src/tbb/tbb_misc_ex.cpp
cfn=(1234) tbb::internal::AvailableHwConcurrency()
calls=1 206 
* 10127 2868 1520 116 106 6 59 19 3
* 2 0 1
fe=(197)

fl=(336) /home/m0hawk/.cmdstan/cmdstan-2.39.0/stan/lib/stan_math/lib/tbb/../tbb_2020.3/src/tbb/arena.cpp
fn=(2422) tbb::internal::arena::allocate_arena(tbb::internal::market&, unsigned int, unsigned int)
285 9 0 5 1 0 0 1
+5 1
-5 5 0 1
+5 1
fi=(396) /home/m0hawk/.cmdstan/cmdstan-2.39.0/stan/lib/stan_math/lib/tbb/../tbb_2020.3/src/tbb/arena.h
+11 1 0 0 1 0 0 1
fe=(336)
-8 1
fi=(396)
+8 1
fe=(336)
-12 1
+1 2 0 1
cob=(2)
cfi=(51)
cfn=(2394) 0x0000000004853ce0
calls=1 0 
* 227 40 33 0 9 2 0 0 1
fi=(193) /usr/include/x86_64-linux-gnu/bits/string_fortified.h
59 2
fe=(336)
290 1
fi=(193)
59 2 0 1
cob=(2)
cfi=(51)
cfn=(1286) 0x0000000004853c40
calls=1 -59 
* 80 3 36 1 0 18 0 0 18
fe=(336)
293 6 0 1
cfn=(2426) tbb::internal::arena::arena(tbb::internal::market&, unsigned int, unsigned int)
calls=1 -67 
* 3481 738 632 23 35 31 15 0 18
+1 9 7 0 1 0 0 1

fn=(2450) tbb::internal::construct_binding_observer(tbb::interface7::task_arena*, int, int)
61 6 0 5 1 0 0 1
+3 2
-2 1 0 0 1 0 0 1
+8 7 6

fn=(2364) tbb::interface7::internal::task_arena_base::internal_initialize()
863 9 0 6 2 0 0 2
+1 1 0 1
cfi=(210)
cfn=(2366) tbb::internal::governor::one_time_init()
calls=1 156 
* 3654 879 536 150 50 4 4 1 1
+1 3 1
+7 3 1 1
cfi=(335)
cfn=(2374) tbb::internal::market::create_arena(int, int, unsigned long)
calls=1 308 
* 15592 2517 6535 94 85 349 56 1 334
+2 3
-2 1
+2 1 0 1
cfi=(335)
cfn=(2376) tbb::internal::market::global_market(bool, unsigned int, unsigned long)
calls=1 96 
* 49 12 9 0 1
+3 3
-3 1
+3 1 0 1 1 0 0 1
cob=(2)
cfi=(51)
cfn=(2394)
calls=1 0 
* 221 41 33 0 1 1 0 0 1
fi=(343) /home/m0hawk/.cmdstan/cmdstan-2.39.0/stan/lib/stan_math/lib/tbb/../tbb_2020.3/include/tbb/task.h
509 1 0 1 0 0 1 0 0 1
fe=(336)
877 1
fi=(343)
513 1
-3 1 0 1 0 0 1 0 0 1
+1 1 0 1
+2 1 0 1
cob=(2)
cfi=(51)
cfn=(880) 0x0000000004854080
calls=1 0 
* 68 20 19 9 4 1 0 0 1
fe=(336)
877 1 0 1
+3 2 0 1
cob=(2)
cfi=(51)
cfn=(2442) 0x0000000004854210
calls=1 0 
* 961 261 134 3 8 2 3 2
+4 3 0 1 1 0 1 1
+12 1 1
-1 1 1
fi=(344) /home/m0hawk/.cmdstan/cmdstan-2.39.0/stan/lib/stan_math/lib/tbb/../tbb_2020.3/include/tbb/task_arena.h
148 2 1
fe=(336)
895 2 0 1
cfn=(2450)
calls=1 61 
* 16 6 5 2 0 0 2
+4 1 1
-4 1 0 1
+4 3 1 1 1 0 0 1
fi=(186)
168 1 0 1
fi=(269) /home/m0hawk/.cmdstan/cmdstan-2.39.0/stan/lib/stan_math/lib/tbb/../tbb_2020.3/src/tbb/tls.h
43 3 1 1
cob=(2)
cfi=(51)
cfn=(1316) 0x00000000048540a0
calls=1 -43 
* 13 4 0 2 1
fi=(251)
+93 2
fe=(336)
907 7 6 0 0 1
fi=(251)
136 1
cfi=(210)
cfn=(2454) tbb::internal::governor::init_scheduler_weak()
calls=1 +28 
* 152561 35331 20097 363 214 38 178 41 23
fi=(344)
+12 2 0 0 1 0 0 1
fe=(336)

fn=(2426)
226 2 0 1 1 0 0 1
fi=(409) /home/m0hawk/.cmdstan/cmdstan-2.39.0/stan/lib/stan_math/lib/tbb/../tbb_2020.3/src/tbb/concurrent_monitor.h
42 1
fe=(336)
226 7 0 5
fi=(334)
46 1 0 1
fi=(340) /home/m0hawk/.cmdstan/cmdstan-2.39.0/stan/lib/stan_math/lib/tbb/../tbb_2020.3/src/tbb/task_stream.h
+30 1 0 1
+2 1 0 1 1 0 0 1
+1 1 0 1
-1 1 0 1
+1 1 0 1
-1 1 0 1
+1 1 0 1
fi=(361) /home/m0hawk/.cmdstan/cmdstan-2.39.0/stan/lib/stan_math/lib/tbb/../tbb_2020.3/src/tbb/observer_proxy.h
-19 2 0 2 1 0 0 1
fi=(409)
+22 2 0 2
fi=(186)
+86 2 0 2
fe=(336)
+65 1 0 1
+3 1 0 0 1 0 0 1
fi=(186)
-68 1 0 1
fe=(336)
+68 1
+1 1 0 1
-1 1
+2 2 0 1
-2 1 0 1
fi=(186)
-68 1 0 1
fe=(336)
+77 1 0 1
-4 1 0 1 1 0 0 1
+2 1 1
+9 1 1
-11 1 0 1
+2 1 0 1
+9 4
+7 2
+3 4 0 2 1 0 0 1
-10 8 2
+7 6 2 0 1 0 0 1
+1 6
fi=(396)
+49 8
fi=(410) /home/m0hawk/.cmdstan/cmdstan-2.39.0/stan/lib/stan_math/lib/tbb/../tbb_2020.3/src/tbb/mailbox.h
174 2 0 2
fe=(336)
+87 2
+9 3 0 1
cfi=(340)
cfn=(2428) tbb::internal::task_stream<3>::initialize(unsigned int)
calls=1 83 
* 3382 724 596 15 35 31 7 0 18
+1 4 1 0 1 0 0 1
+6 2 0 1
+6 8 7

fn=(4740) tbb::internal::arena::free_arena()
296 10 0 6 1 0 0 1
+13 4 1
fi=(398) /home/m0hawk/.cmdstan/cmdstan-2.39.0/stan/lib/stan_math/lib/tbb/../tbb_2020.3/src/tbb/scheduler_common.h
+91 12 2 0 1 2 0 1
fe=(336)
-82 4
fi=(396)
-9 8
fi=(410)
182 6 2 0 1 2 0 1
fe=(336)
309 6 2
+23 4 1 1
cfi=(335)
cfn=(4718) tbb::internal::market::release(bool, bool)
calls=1 175 
* 38 10 10
+3 2 1 1 1 0 0 1
cob=(2)
cfi=(51)
cfn=(4744) 0x0000000004853970
calls=1 0 
* 24 10 5 3 3 0 2
+1 2 1 1
cob=(2)
cfi=(51)
cfn=(4748) 0x0000000004853f70
calls=1 0 
* 863 267 145 5 36 17
+3 2 1
fi=(396)
145 2
fe=(336)
342 1 1 0 1 0 0 1
fi=(396)
-33 6 0 1
145 1 0 1
cfi=(399) /home/m0hawk/.cmdstan/cmdstan-2.39.0/stan/lib/stan_math/lib/tbb/../tbb_2020.3/src/tbb/concurrent_monitor.cpp
cfn=(4760) tbb::internal::concurrent_monitor::~concurrent_monitor()
calls=1 27 
* 28 12 8 4 0 0 4
fi=(340)
-48 9 3
-1 9
fe=(336)
349 1 1
+1 7 6
-1 1
cob=(2)
cfi=(51)
cfn=(4748)
calls=1 0 
* 143 41 19 0 1
fi=(340)
97 24 3 0 1 3 0 1
fi=(341) /usr/include/c++/11/bits/stl_deque.h
599 6 3 0 0 3
fi=(340)
97 6
fi=(341)
599 6 3
+2 18 12 0 1 6 0 1
+77 18
fi=(400) /home/m0hawk/.cmdstan/cmdstan-2.39.0/stan/lib/stan_math/lib/tbb/../tbb_2020.3/include/tbb/tbb_allocator.h
91 6 6 0 0 5
fi=(341)
678 6
fi=(400)
91 6 0 6
cob=(2)
cfi=(51)
cfn=(4768) 0x0000000004854270
calls=6 -91 
* 1632 473 229 3 15 0 1 1
fi=(341)
678 12
fi=(400)
91 12 6 6
cob=(2)
cfi=(51)
cfn=(4768)
calls=6 -91 
* 696 204 84 0 3
* 12 6
fi=(340)
+6 15 3 3 1 0 0 1
cob=(2)
cfi=(51)
cfn=(4776) 0x0000000004854260
calls=3 -97 
* 1044 352 180 1 22 0 1 2
* 3
fe=(336)

fn=(4716) tbb::interface7::internal::task_arena_base::internal_terminate()
909 1 0 0 1 0 0 1
+1 3 1 0 0 1 0 0 1
-1 6 0 5
+3 3 1 0 0 1
+5 4 1 1 1 0 0 1
cfi=(335)
cfn=(4718)
calls=1 175 
* 39 10 11 4 2 0 4
+1 1 1
fi=(396)
449 1 1
+1 1 1
+16 3 2 0 0 1
+1 6 2 0 1 1 0 1
+3 2 0 1
cfi=(336)
cfn=(4724) tbb::internal::arena::is_out_of_work()
calls=1 -16 
* 26 11 7 2 1 0 2
+1 2
+9 2 1 1 0 1
fe=(336)
919 1 0 1
+2 1 0 1
+3 6 6
fi=(396)
481 4 0 1 1 0 0 1
cfi=(335)
cfn=(4726) tbb::internal::market::try_destroy_arena(tbb::internal::arena*, unsigned long)
calls=1 333 
* 4834 1465 724 35 106 17 22 3
* 1
fe=(336)

fn=(4724)
454 8 0 6 1 0 0 1
fi=(186)
160 3 2 1 0 1
fe=(336)
460 1
-2 2
583 12 9 0 1 0 0 1

fl=(184) /home/m0hawk/.cmdstan/cmdstan-2.39.0/stan/lib/stan_math/lib/tbb/../tbb_2020.3/src/tbb/dynamic_link.cpp
fn=(834) tbb::internal::init_dynamic_link_data()
378 12 0 0 2 0 0 1
192 42 6 18 1 0 0 1
cfi=(185) /home/m0hawk/.cmdstan/cmdstan-2.39.0/stan/lib/stan_math/lib/tbb/../tbb_2020.3/src/tbb/tbb_misc.h
cfn=(837) void tbb::internal::atomic_do_once<void (*)()>(void (* const&)(), tbb::atomic<tbb::internal::do_once_state>&)'2
calls=2 +21 
* 38 12 8 1 1
cfi=(185)
cfn=(836) void tbb::internal::atomic_do_once<void (*)()>(void (* const&)(), tbb::atomic<tbb::internal::do_once_state>&)
calls=4 +21 
* 14074 3360 652 62 231 6 53 54 1
382 30 18

fn=(842) tbb::internal::init_atomic_incrementer(tbb::atomic<unsigned long>&)
189 2 1 0 1 0 0 1

fn=(832) _GLOBAL__sub_I_dynamic_link.cpp
573 1 0 0 1 0 0 1
390 1
cfn=(834)
calls=1 -12 
* 14031 3346 643 61 230 6 55 54 1

fn=(1122) tbb::internal::dynamic_load(char const*, tbb::internal::dynamic_link_descriptor const*, unsigned long)
509 18 0 12 1 0 1 1
364 2 2 0 1 1 0 1
540 2
-31 6 2 2
364 10
+3 2 0 2
cob=(2)
cfi=(51)
cfn=(1124) 0x0000000004853b80
calls=2 0 
* 940 313 146 8 17 23 2 2
+1 2
+1 4
541 22 16
fi=(193)
79 8 0 2 1 0 0 1
cob=(2)
cfi=(51)
cfn=(1130) 0x0000000004853da0
calls=2 -79 
* 1019 337 160 9 17 1 9 3
+51 4 0 0 1 0 0 1
-51 2
+51 2 0 2
cob=(2)
cfi=(51)
cfn=(1140) 0x0000000004853e30
calls=2 0 
* 2226 473 175 5 9 0 2 3
fe=(184)
522 2
fi=(193)
130 2
fe=(184)
522 2 0 2
cob=(2)
cfi=(51)
cfn=(1054) 0x0000000004853990
calls=2 0 
* 7050 1816 843 46 61 32 14 3 23
* 2
+4 4
+7 2 0 2
cob=(2)
cfi=(51)
cfn=(1160) 0x0000000004853df0
calls=2 0 
* 7638 1717 1180 151 42 22 117 17 10
113 2

fn=(840) tbb::internal::init_dl_data()
346 5 0 3 1 0 0 1
240 1
346 3 1 1
240 1 0 1
cfn=(842)
calls=1 -51 
* 2 1 0 1 0 0 1
+61 3 0 1
cob=(2)
cfi=(51)
cfn=(844) 0x0000000004853bd0
calls=1 0 
* 12024 2686 322 32 194 2 31 41
+1 2
+8 1 1 0 1 0 0 1
fi=(411) /usr/include/string.h
-42 3 0 1
cob=(2)
cfi=(51)
cfn=(864) 0x0000000004853ee0
calls=1 0 
* 933 312 146 7 22 0 4 4
fe=(184)
+44 2
+2 1
+4 1 1
-4 1
+4 1
+3 2 0 1 0 0 1 0 0 1
+12 3
fi=(193)
95 3 0 1 1 0 0 1
cob=(2)
cfi=(51)
cfn=(872) 0x0000000004853c00
calls=1 -95 
* 986 325 154 13 13 1 11 9
fe=(184)
340 2 1 1
+1 2 0 1 0 0 1
+8 8 6

fn=(1100) tbb::internal::dynamic_unlink(void*)
413 5 0 0 2 0 0 1
+4 10
+1 5
cob=(2)
cfi=(51)
cfn=(1102) 0x0000000004853920
calls=5 0 
* 2355 705 450 42 10 0 20

fn=(1052) tbb::internal::dynamic_link(char const*, tbb::internal::dynamic_link_descriptor const*, unsigned long, void**, int)
543 80 5 35 3 0 0 1
+1 5 0 5
cfn=(834)
calls=5 378 
* 165 50 35 5 2
+3 10
+2 10
+3 10
+7 5
+1 55 45 0 2
-85 15 0 5 2 0 0 1
cob=(2)
cfi=(51)
cfn=(1054)
calls=5 0 
* 4922 1348 949 165 59 16 41 2
+9 5 5 0 0 4
-9 5
118 10 0 0 4 0 0 1
+14 10 0 10
cob=(2)
cfi=(51)
cfn=(1078) 0x0000000004853940
calls=5 0 
* 10460 2256 1173 125 82 4 32 7 3
+1 10 5
-1 5
+1 5
550 8 0 2 1 0 0 1
cfn=(1122)
calls=2 -41 
* 18973 4676 2528 223 147 79 148 28 33
* 2 0 0 2
+2 4
399 8
+1 6 2 0 2
+94 5 0 5 2 0 0 1
cfn=(1100)
calls=5 -81 
* 2375 705 450 44 10 0 21
+55 5

fn=(4966) tbb::internal::dynamic_unlink_all()
422 2 0 1 1
fi=(186)
160 1
fe=(184)
422 2 0 2
fi=(186)
160 1 1 0 0 1
fe=(184)
+91 2
426 4 4 0 1

fl=(199)
fn=(928) __itt_get_env_var(char const*)
776 8 0 0 1 0 0 1
-5 20 0 12 1 0 0 1
+31 4 0 4
cob=(2)
cfi=(51)
cfn=(930)
calls=4 0 
* 3626 1211 179 12 96 2 12 9
* 4
+1 8
+16 4 0 0 1 0 0 1
-1 4
+1 20 16

fn=(902) __itt_init_ittlib
1066 9 0 6 2 0 0 2
+8 1
-8 3 1 1
+8 3 1 0 0 1 0 0 1
+3 26 8 0 2 5 0 2
1182 5 2
+2 576 432 0 1 0 0 1
-2 432 144
+8 1
+1 11 9
1077 3 1 0 1 0 0 1
fi=(200) /home/m0hawk/.cmdstan/cmdstan-2.39.0/stan/lib/stan_math/lib/tbb/../tbb_2020.3/src/tbb/tools_api/ittnotify_config.h
324 2 1 1
fe=(199)
1077 5 0 1 1 0 0 1
cob=(2)
cfi=(51)
cfn=(922) 0x00000000048539a0
calls=1 0 
* 45 12 5
+3 3 1
+2 3 1
+2 3 0 1
cob=(2)
cfi=(51)
cfn=(924) 0x0000000004853930
calls=1 0 
* 5 3 0 2 0 0 2
* 2 0 1
+6 8 3 0 1 0 0 1
-5 2
-67 5 2 0 1 1 0 1
+1 3 2 1 0 0 1
-1 5 2
+1 429 286 143 0 54 18
-1 715 286 0 0 36
1169 1 0 1
+1 1 0 1
+2 1 0 1
+5 4 0 1
cob=(2)
cfi=(51)
cfn=(946) 0x0000000004853910
calls=1 0 
* 36 8 4
* 1
823 2 0 1 1 0 0 1
cfn=(928)
calls=1 -47 
* 1614 546 161 15 93 2 15 6
* 1 0 1
1089 1 0 1
cfn=(944) __itt_get_groups()
calls=1 945 
* 2136 693 44 6 4 0 6 3
* 1
+1 6 1 0 1 0 0 1
-13 3 0 1 1 0 0 1
cob=(2)
cfi=(51)
cfn=(906) 0x00000000048538e0
calls=1 0 
* 6 2 1 2 0 0 2
* 6 0 1
cob=(2)
cfi=(51)
cfn=(910) 0x00000000048539b0
calls=1 0 
* 15 3 1 2 0 0 2
* 6 0 1
cob=(2)
cfi=(51)
cfn=(914) 0x00000000048539d0
calls=1 0 
* 50 11 9 4 0 1 4
* 5 0 1 1 0 0 1
cob=(2)
cfi=(51)
cfn=(918) 0x00000000048539c0
calls=1 0 
* 5 2 0 1 0 0 1
* 5 0 1

fn=(944)
945 1 0 1 1 0 0 1
+4 1
-4 3 0 3
+2 1
-2 7 1 3
+4 1 0 1
cfn=(928)
calls=1 776 
* 718 231 12 0 1 0 0 1
* 1
+2 2 0 0 1 0 0 1
+38 12 9 0 2 0 0 2
736 1 0 0 1 0 0 1
983 14 2 0 0 1
+1 2 0 2 1 0 0 1
cfn=(928)
calls=2 776 
* 1366 450 22 0 2 0 0 2
* 4
+4 2

fn=(4968)
1029 5 0 3 1 0 0 1
+4 1 0 0 1 0 0 1
-4 3 1 1
+4 3 1 0 0 1
+2 25 8 0 2 4 0 2
+6 3 1
-23 5 2 0 1 1 0 1
+1 3 2 1 0 0 1
-1 5 2
+1 429 286 143 0 54 17
-1 715 286 0 0 35
+39 1 0 1
+1 1 0 1
+3 2
-26 5 1 1 2 0 0 2
cob=(2)
cfi=(51)
cfn=(922)
calls=1 0 
* 45 12 5 1 1
+1 3 1
+2 3 1 0 0 1
+2 3 0 1 1 0 0 1
cob=(2)
cfi=(51)
cfn=(924)
calls=1 0 
* 5 3 0 2
* 2 0 1
+21 3 2
+2 1
-2 1
+2 3 3
-2 1
cob=(2)
cfi=(51)
cfn=(946)
calls=1 0 
* 36 8 4

fl=(196) /home/m0hawk/.cmdstan/cmdstan-2.39.0/stan/lib/stan_math/lib/tbb/../tbb_2020.3/src/tbb/task_group_context.cpp
fn=(884) tbb::task_group_context::init()
198 6 0 3 2 0 0 1
+3 3 3
-3 3
+3 3
+3 21 3 3 2 0 0 1
cob=(2)
cfi=(51)
cfn=(886) 0x0000000004853e00
calls=3 0 
* 8382 3046 688 62 211 22 57 14
+5 3 0 3
+1 3 0 3
+1 3 0 3
+1 3 0 3 0 0 3 0 0 3
+1 3 0 3
+1 3 0 3
+1 3 0 3 2 0 0 1
+1 3 0 3
+2 3 0 3
+9 6 3
+3 6 6

fn=(2446) tbb::task_group_context::capture_fp_settings()
429 2 0 0 1 0 0 1
+5 2 2
-1 2
+1 4
+2 4 0 2
fi=(412) /home/m0hawk/.cmdstan/cmdstan-2.39.0/stan/lib/stan_math/lib/tbb/../tbb_2020.3/include/tbb/machine/gcc_ia32_common.h
87 6 0 4
+6 2 0 2
fe=(196)
439 2 2

fn=(4746) tbb::task_group_context::~task_group_context()
136 18 0 15 1 0 0 1
fi=(186)
+24 3 3 0 0 3
fe=(196)
-24 3
+1 6
+56 9 3 0 0 3
+2 9 3
+1 18 18 0 1 0 0 1

fl=(212)
fn=(1224)
211 42 3 21 4 0 0 3
+1 6 3 0 1 1 0 1 1
+8 21 15

fn=(972) tbb::internal::gcc_rethrow_exception_broken()
198 3 1 0 1 0 0 1

fn=(970) tbb::internal::cpu_has_speculation()
230 2 0 1 1 0 0 1
+14 6
+10 1
+9 1 1
-9 1
+9 1 1

fn=(1296)
70 1 0 0 1 0 0 1
+6 2
cob=(2)
cfi=(51)
cfn=(1238) 0x0000000004853cc0
calls=1 -76 
* 57 13 6 5 1 0 3 1

fl=(252)
fn=(1234)
206 2 0 0 1 0 0 1
+1 7 1 3 1 0 0 1
cfi=(185)
cfn=(836)
calls=1 +6 
* 10112 2863 1517 114 106 6 57 19 3
+1 1 1
+1 5 3

fn=(1236) tbb::internal::initialize_hardware_concurrency_info()
129 2 0 1 1 0 0 1
+9 1
-9 1 0 1
+3 1 0 0 1 0 0 1
-3 2 0 2
+18 1
-18 6 1 3
+9 1 0 1
cob=(2)
cfi=(51)
cfn=(1238)
calls=1 0 
* 1306 382 188 48 25 0 39 10
* 2 0 1
+1 1 0 1
cob=(2)
cfi=(51)
cfn=(1268) 0x0000000004854070
calls=1 0 
* 867 303 144 3 12 0 2 3
* 1 0 1
+8 1 0 0 1 0 0 1
-8 1 0 1
+9 2
+1 1
-1 1 0 1
cob=(2)
cfi=(51)
cfn=(1274) 0x00000000048539e0
calls=1 0 
* 1591 543 304 8 27 1 3 1 1
fi=(193)
-89 3 0 0 1 0 0 1
fe=(252)
+89 1
fi=(193)
-89 1 0 1
cob=(2)
cfi=(51)
cfn=(1286)
calls=1 -59 
* 915 311 150 4 14 2 2 1 2
fe=(252)
+92 4 1 1
cob=(2)
cfi=(51)
cfn=(1290) 0x0000000004854090
calls=1 0 
* 1152 356 161 4 12 0 2 3
* 1
+1 2
+50 1 0 1 1 0 0 1
+2 11 9
-30 3 0 0 1 0 0 1
-5 1 0 1
+5 3 0 1
cfi=(184)
cfn=(1052)
calls=1 543 
* 3794 924 544 38 16 3 0 1
* 2
+15 4 1 0 1 0 0 1
+1 2
-1 3
+2 7 1
-1 1
+1 1
+1 1
-2 4 0 0 1 0 0 1
+1 161 23
-1 23
+1 23
+1 23
-2 140
-1 3
+6 2 0 1
+7 4 0 0 1 0 0 1

fn=(4952) tbb::internal::destroy_process_mask()
85 1 0 0 1 0 0 1
+1 3 1 0 0 1
+1 1
cob=(2)
cfi=(51)
cfn=(4954) 0x0000000004853fa0
calls=1 -87 
* 794 282 150 0 38 11

fl=(217)
fn=(2398) tbb::internal::NFS_Allocate(unsigned long, unsigned long, void*)
176 16 0 8 1 0 0 1
+5 8
-5 8
+5 8
+2 32
+7 48 8 8 0 2
cfn=(2400) tbb::internal::padded_allocate(unsigned long, unsigned long)
calls=8 +12 
* 1607 291 250 9 10 12 1 0 11
+1 16
+5 24 16 0 1 0 0 1

fn=(4752) tbb::internal::NFS_Free(void*)
198 8 0 0 1
+1 8 8 0 0 2
cfn=(4754) tbb::internal::padded_free(void*)
calls=8 +15 
* 1088 322 146 1 24 2 0 2 1

fn=(4772) tbb::internal::deallocate_via_handler_v3(void*)
232 14 0 0 1
+1 28
+1 14 14
cob=(3) /usr/lib/x86_64-linux-gnu/libc.so.6
cfi=(177) ./malloc/./malloc/malloc.c
cfn=(1112) free
calls=14 3352 
* 1540 459 212 0 11 0 0 1

fn=(1048)
132 2 0 0 1 0 0 1
+1 7 1 3 1 0 0 1
cfi=(185)
cfn=(836)
calls=1 +80 
* 15755 4048 2229 327 186 81 253 35 33
+1 5 3

fn=(1050) tbb::internal::initialize_handler_pointers()
113 1 0 0 1 0 0 1
+2 1
-2 1
+2 5 0 1 1 0 0 1
cfi=(184)
cfn=(1052)
calls=1 543 
* 15681 4031 2210 318 183 79 246 33 33
+1 3
+5 1 1 0 0 1
+6 1
-6 1 0 1
+1 2 1 1 0 0 1
+1 2 0 1 1 0 0 1
+1 2 0 1
+3 2
+2 1
-2 1
cfi=(212)
cfn=(1224)
calls=1 +84 
* 23 7 7 4 1 0 4 1

fn=(1826) tbb::internal::allocate_via_handler_v3(unsigned long)
224 28 0 0 2 0 0 1
+1 14 14 14 0 2
cob=(3)
cfi=(177)
cfn=(664) malloc
calls=14 3287 
* 1719 336 260 4 14 8 0 0 8
+1 28
+4 28 14

fn=(2400)
202 16 0 8 1 0 0 1
+2 8
-2 8
+2 8 0 8
cob=(2)
cfi=(51)
cfn=(2402) 0x0000000004853980
calls=8 0 
* 1495 275 226 7 10 9 0 0 8
+1 24 0 0 1
+2 24
+2 8 0 8 0 0 3 0 0 3
+3 16 16

fn=(4754)
214 8 0 0 1
+1 16
+5 16 8 0 0 6
cob=(2)
cfi=(51)
cfn=(4756) 0x0000000004853960
calls=8 0 
* 1048 314 146 0 18 2 0 2 1

fl=(335)
fn=(2376)
96 6 0 3 1 0 0 1
fi=(186)
+48 3
fe=(335)
-48 15 0 9
fi=(268)
355 3
fe=(335)
96 18 0 6
fi=(186)
+48 6 3 3 1 0 0 1
fi=(268)
921 6
fe=(335)
98 6 3 0 1 0 0 1
+1 6
+1 2 0 2
+1 4
fi=(186)
+47 2 0 2
fe=(335)
-45 2
fi=(251)
-17 6 2 0 0 1
fe=(335)
+21 6
+3 2 2
+1 4
+12 6 2
+40 27 21 0 1 1 0 1
-33 2 0 0 1 0 0 1
fi=(251)
-44 4 1 0 0 1
fe=(335)
+49 4
+5 1 0 1 1 0 0 1
cfi=(197)
cfn=(2392)
calls=1 512 
* 6 3 0 1 0 0 1
* 1 0 1
fi=(251)
-54 4 2
fe=(335)
+54 7 0 1
-53 1 0 1
cfi=(197)
cfn=(2392)
calls=1 512 
* 6 3
* 2
+1 1
+4 4 1 0 1 0 0 1
+55 1
+2 1 0 1
cfi=(197)
cfn=(960)
calls=1 -32 
* 7 2 1 2
+1 4 0 1
cob=(2)
cfi=(51)
cfn=(2394)
calls=1 0 
* 1046 282 163 9 10 2 3 0 2
fi=(193)
-91 3
fe=(335)
+91 1
fi=(193)
-91 1 0 1
cob=(2)
cfi=(51)
cfn=(1286)
calls=1 -59 
* 2315 3 2296 4 1 35 0 0 35
fe=(335)
+94 5 1 1 1 0 0 1
cfn=(2406) tbb::internal::market::market(unsigned int, unsigned int, unsigned long)
calls=1 -89 
* 7233 1133 3193 16 6 261 15 0 260
+1 2
+1 1 0 1
+1 2 0 1
+2 3 1
fi=(186)
-10 1 0 1
fe=(335)
+14 1
fi=(337) /home/m0hawk/.cmdstan/cmdstan-2.39.0/stan/lib/stan_math/lib/tbb/../tbb_2020.3/include/tbb/global_control.h
61 2 0 1 1 0 0 1
cob=(2)
cfi=(51)
cfn=(2380) 0x0000000004853ab0
calls=1 -61 
* 969 267 131 17 20 0 5 1
* 2
fe=(335)

fn=(2374)
308 3 0 1 1 0 0 1
+4 1
-4 1 0 1
+4 1
-4 1
+4 1
-4 5 1 2
+4 1 0 1
cfn=(2376)
calls=1 96 
* 11675 1708 5803 58 39 298 33 1 297
+2 3
-2 1
+2 1 0 1
cfi=(336)
cfn=(2422)
calls=1 -29 
* 3830 788 710 27 44 51 18 0 37
+2 1 0 0 1 0 0 1
fi=(342) /home/m0hawk/.cmdstan/cmdstan-2.39.0/stan/lib/stan_math/lib/tbb/../tbb_2020.3/include/tbb/spin_rw_mutex.h
108 1 0 1
fe=(335)
314 1
fi=(342)
109 1 0 1
+1 1 0 1
cob=(2)
cfi=(51)
cfn=(1306) 0x0000000004853f80
calls=1 0 
* 29 8 4 4 1
fe=(335)
317 3 0 1
cfn=(2436) tbb::internal::market::insert_arena_into_list(tbb::internal::arena&)
calls=1 29 
* 20 5 6 2 1 0 2
fi=(342)
127 1 0 1
fi=(186)
+13 1 1 1
fe=(335)
319 9 6 0 1 0 0 1

fn=(2406)
64 1 0 0 1 0 0 1
+9 1
-9 2 0 1
fi=(342)
+6 1 0 1
fe=(335)
+3 1
-8 1 0 1
+8 2 0 1
fi=(397) /home/m0hawk/.cmdstan/cmdstan-2.39.0/stan/lib/stan_math/lib/tbb/../tbb_2020.3/src/tbb/intrusive_list.h
+66 1 0 1
+1 1 0 1
-1 2 0 1
+1 1 0 1
-1 2 0 1 1 0 0 1
+1 1 0 1
-1 1
fe=(335)
-73 1 0 1
+2 1 0 1
+1 1 0 1
fi=(397)
+69 3 0 3 1 0 0 1
fe=(335)
-67 1 0 1
+1 1 0 1
+1 1 0 1
fi=(397)
+65 1 0 1
+1 1 0 1
+1 1 0 1
fe=(335)
-63 1 0 1
+5 1 0 1 1 0 0 1
cfi=(210)
cfn=(2408) tbb::internal::governor::create_rml_server(tbb::internal::rml::tbb_client&)
calls=1 +10 
* 7198 1131 3168 12 6 260 11 0 260
* 1 0 1 0 0 1
+2 2 2

fn=(4726)
333 7 0 3 1 0 0 1
+6 1
fi=(342)
180 1 0 1
cob=(2)
cfi=(51)
cfn=(1306)
calls=1 0 
* 29 8 4 4 2
fe=(335)
344 2 0 0 1 0 0 1
fi=(397)
147 1 1 0 0 1
fe=(335)
349 2
fi=(397)
147 1 1 0 0 1
fe=(335)
349 2
+1 3
-6 3
+7 2 1 0 1 0 0 1
+2 3 1
fi=(186)
160 1 1
fe=(335)
353 2
+3 3 0 1
cfn=(4732) tbb::internal::market::detach_arena(tbb::internal::arena&)
calls=1 -34 
* 48 14 8 4 1 0 3
fi=(342)
192 2 1
fi=(186)
-52 1 1 1
fe=(335)
371 1 1
-12 1
+12 2 2
-12 1
cfi=(336)
cfn=(4740)
calls=1 -63 
* 4715 1433 706 24 101 17 16 3

fn=(4796) tbb::internal::market::update_allotment(long)
476 2 0 1 1 0 0 1
+2 1
-2 2 0 1
+2 1
-2 4 0 2
+3 1 1
-1 1 1 0 1 0 0 1
+1 9 1
+3 1 1
-1 1 0 1
+1 2
+9 3 0 0 1 0 0 1
+9 6 5

fn=(4734) tbb::internal::market::remove_arena_from_list(tbb::internal::arena&)
42 1 0 0 1
+2 1 1
-2 1
+3 1 1 0 1 0 0 1
+5 1
+2 2 1
fi=(397)
170 3 0 1
+1 3 2 1
+1 1 0 1
fe=(335)
58 1 1
fi=(397)
+87 1
-64 1 1 0 0 1
+64 2 0 0 1 0 0 1
+4 1
-4 1 1
fe=(335)
-92 2
+2 3 0 1
-2 2

fn=(4732)
322 6 0 2 1 0 0 1
+3 2 1
+3 3 0 1
cfn=(4734)
calls=1 42 
* 28 8 4 3 1 0 2
+1 3 2
+1 2 0 1
+1 4 3

fn=(4942) tbb::internal::market::destroy()
165 2
+6 1 0 1
cob=(2)
cfi=(51)
cfn=(4748)
calls=1 0 
* 143 41 19 0 12 2 0 0 1
+2 1
-1 1
cfi=(197)
cfn=(4944)
calls=1 -50 
* 5 2 1 1

fn=(2358)
235 6 0 4 2 0 0 1
fi=(186)
-91 2
fe=(335)
+91 8 0 6
fi=(268)
355 2
fe=(335)
235 10 2 2 2 0 0 1
fi=(268)
355 2
fi=(186)
144 4 2 2 0 1
fi=(268)
921 4
fe=(335)
240 8 2 0 2 0 0 1
+3 2 1
+2 1 0 1
+6 1
fi=(186)
148 1 0 1
fi=(342)
-40 1 0 1 1 0 0 1
+1 1 0 1
+1 1 0 1
cob=(2)
cfi=(51)
cfn=(1306)
calls=1 0 
* 29 8 4
fe=(335)
268 6 2
fi=(186)
168 1 0 1 1 0 0 1
fe=(335)
280 1 0 1
+3 3 1 0 1 0 0 1
+12 2 0 1 1 0 0 1
cfn=(4794) tbb::internal::market::update_workers_request()
calls=1 -78 
* 61 18 10 6 0 0 6
* 1
fi=(342)
102 3 1
+30 1 1
-5 1 0 1 1 0 0 1
+5 1
fi=(186)
+8 1 1 1
fe=(335)
298 2
+3 3 2
+1 1
-1 3
+1 5 5
-1 1
cfn=(4718)
calls=1 175 
* 38 10 10
fi=(186)
148 1 0 1 1 0 0 1
fe=(335)
302 10 8

fn=(4718)
175 20 0 12 1 0 0 1
fi=(186)
-31 4
fe=(335)
+31 4 0 4
fi=(268)
355 4
fe=(335)
175 28 0 12
fi=(186)
-31 8 4 4 0 2
fi=(268)
921 8
fe=(335)
201 8 4 0 1 1 0 1
-21 8
+16 8 4 0 1 0 0 1
+3 1 0 1
+2 12 0 4 1 0 0 1
fi=(186)
-53 3 0 3
fe=(335)
+67 36 28 0 0 1
-11 1 0 0 1 0 0 1
+7 1
+1 1
-8 1 0 1
fi=(186)
-56 1 0 1
fe=(335)
+62 1 0 1
+1 3 3 1 0 2
cfi=(338) /home/m0hawk/.cmdstan/cmdstan-2.39.0/stan/lib/stan_math/lib/tbb/../tbb_2020.3/src/tbb/private_server.cpp
cfn=(4936) tbb::internal::rml::private_server::request_close_connection(bool)
calls=1 -27 
* 8506 2216 1352 7 276 2 5 1 1
+1 1

fn=(4794)
217 5 0 2 1 0 0 1
+4 1 1
-3 1 1 0 1 0 0 1
+1 1 1
fi=(185)
111 1 1
fe=(335)
221 2
+6 2 1 1
+1 1
-1 2 0 1
+1 1 0 1
cfn=(4796)
calls=1 476 
* 34 9 5 3 0 0 3
+4 1 1
+1 2 1
-1 1
+1 6 2 0 1 0 0 1

fn=(4940) tbb::internal::market::acknowledge_close_connection()
695 1 0 0 1
+1 1
cfn=(4942)
calls=1 165 
* 153 43 21 1 12 2 0 0 1

fn=(2436)
29 1 0 0 1 0 0 1
+2 1 1
+1 1 1
fi=(397)
159 3
+1 1
-1 1 0 1
+1 2 1 1
+1 1 0 1
+2 1 1 0 1 1 0 1
-1 1 0 1
+1 2 0 1
fe=(335)
38 2
+1 2 0 1
+1 1 1

fl=(345) /home/m0hawk/.cmdstan/cmdstan-2.39.0/stan/lib/stan_math/lib/tbb/../tbb_2020.3/src/tbb/custom_scheduler.h
fn=(4932) tbb::internal::custom_scheduler<tbb::internal::IntelSchedulerTraits>::~custom_scheduler()
52 1 0 0 1 0 0 1
fi=(346) /home/m0hawk/.cmdstan/cmdstan-2.39.0/stan/lib/stan_math/lib/tbb/../tbb_2020.3/src/tbb/scheduler.h
+85 4 0 1 1 0 0 1
cfi=(195)
cfn=(4934) tbb::internal::scheduler::~scheduler()
calls=1 -65 
* 2 1 0 1
fe=(345)

fn=(2458) tbb::internal::custom_scheduler<tbb::internal::IntelSchedulerTraits>::allocate_scheduler(tbb::internal::market&, bool)
137 2 0 1 1 0 0 1
+1 1
-1 2 0 1
+1 1
-1 2 0 1
+1 2 0 1
cob=(2)
cfi=(51)
cfn=(2394)
calls=1 0 
* 218 40 33 3 0 1 0 0 1
+2 1
-85 1
fi=(193)
+4 3 0 1 0 0 1 0 0 1
fe=(345)
+79 1
fi=(193)
-79 55 0 49 1 0 6 1 0 6
fe=(345)
-4 2 0 1
cfi=(195)
cfn=(2462) tbb::internal::generic_scheduler::generic_scheduler(tbb::internal::market&, bool)
calls=1 +29 
* 312 54 70 9 0 2 9 0 2
* 3 0 1
+87 4 1
+2 5 4 0 1 0 0 1

fl=(195)
fn=(2462)
84 1 0 0 1 0 0 1
+7 1
-7 1 0 1
+15 1
-15 2 0 1
+7 1
-7 2 0 1
+7 1 0 1 1 0 0 1
fi=(185)
+74 2
fe=(195)
-80 1 0 1
+14 1
fi=(185)
+66 1
fi=(410)
+36 1 0 1
fi=(185)
-28 1
+1 1
fi=(334)
46 1 0 1
fe=(195)
+41 1 0 1
fi=(185)
+86 2
fe=(195)
-82 1 0 1 1 0 0 1
fi=(185)
+83 1
-1 1 0 1
fe=(195)
-74 1
fi=(185)
+75 1 0 1
fe=(195)
-75 1 0 1
cfn=(2464) tbb::internal::generic_scheduler::allocate_task(unsigned long, tbb::task*, tbb::task_group_context*)
calls=1 338 
* 263 48 50 4 0 2 4 0 2
* 2 0 2
+15 1
+1 1
-1 1 0 1
+5 1
-4 1 0 1
+7 1 0 0 1 0 0 1
-3 1 1
-7 1 0 1
+7 1 0 1
+1 2 0 1
+1 1 0 1
+1 3 1
+4 4 4 0 1 0 0 1

fn=(4934)
72 2 1 0 1

fn=(1230)
52 1 0 0 1 0 0 1
+1 4
+5 1 0 1 1 0 0 1
+3 1 0 1
-8 1 0 1
+11 1 1

fn=(4930) tbb::internal::generic_scheduler::destroy()
285 2 0 1
+2 1 1
-2 1
+2 1 1 1 0 1
cfi=(345)
cfn=(4932)
calls=1 52 
* 7 1 1 3 0 0 2
+4 1
+1 1 1
-1 1
cob=(2)
cfi=(51)
cfn=(4748)
calls=1 0 
* 149 45 18 0 1

fn=(4920) tbb::internal::generic_scheduler::cleanup_scheduler()
294 2 0 1 1 0 0 1
fi=(186)
101 1
fe=(195)
294 3 0 2
+22 1
-13 1 0 1
cfn=(4922) tbb::internal::generic_scheduler::cleanup_local_context_list()
calls=1 -52 
* 34 12 9 3 2 0 2
+2 1 1 0 1 0 0 1
fi=(346)
750 1 0 1
+3 2 1 1
+1 1 0 1
fe=(195)
316 1
+2 4
+1 1 1
fi=(346)
690 1
fe=(195)
321 1
-2 1 0 1
fi=(346)
690 1 0 1
cob=(2)
cfi=(51)
cfn=(4748)
calls=1 0 
* 100 32 15 0 1
fe=(195)
318 3 1 0 1 0 0 1
+5 4 2
fi=(186)
101 2 1 1
fe=(195)
325 1 0 1
+1 1
+6 2 0 1
cfi=(210)
cfn=(4928) tbb::internal::governor::sign_off(tbb::internal::generic_scheduler*)
calls=1 145 
* 62 13 9 6 1 0 1
+1 2
fi=(186)
101 1 1 1 1
fe=(195)
333 2
+2 1 1
-1 1
+1 2 2
-1 1
cfn=(4930)
calls=1 -49 
* 164 49 21 3 2 0 2

fn=(2464)
338 9 0 4 2 0 0 2
+3 2
+8 3 1
+57 1
-11 1 0 1
+3 1 0 1
+1 1 0 1
+2 1 0 1
+1 1 0 1
+3 1 0 1
+1 1 0 1
+1 1 0 1
+1 1 0 1
+2 6 5
-57 2 1 0 1 0 0 1
+8 4 0 1 1 0 0 1
cob=(2)
cfi=(51)
cfn=(2394)
calls=1 0 
* 221 41 33 0 0 1 0 0 1
* 2
+4 1 0 1 0 0 1 0 0 1
+1 1 0 1
+1 2 0 1

fn=(878) _GLOBAL__sub_I_scheduler.cpp
1400 1
fi=(334)
46 1
fe=(195)
1400 1 0 1
fi=(343)
509 2 0 1 0 0 1 0 0 1
+4 1
fi=(334)
46 1 0 1 1 0 1 1 0 1
fi=(343)
510 1 0 1 0 0 1 0 0 1
+1 1 0 1
+2 1 0 1
cob=(2)
cfi=(51)
cfn=(880)
calls=1 0 
* 9138 3265 813 62 215 23 62 14 1
fe=(195)
49 2 1
1400 1 1
49 2
cob=(2)
cfi=(51)
cfn=(952)
calls=1 -49 
* 1078 340 164 4 18 2 2 2 1

fn=(2456) tbb::internal::generic_scheduler::create_master(tbb::internal::arena*)
1287 2 0 1 1 0 0 1
+2 2
fi=(186)
144 1
fe=(195)
1287 2 0 1
+2 1
-2 3 0 3
+2 1 0 1
cfi=(335)
cfn=(2376)
calls=1 96 
* 49 12 9
38 1
1289 1
38 2 1 1
cfi=(345)
cfn=(2458)
calls=1 +99 
* 615 99 159 15 0 10 12 0 10
1296 3
-4 1 1 0 1 0 0 1
+1 1 0 1
38 1
1294 1 0 1
+2 1 0 1
cob=(2)
cfi=(51)
cfn=(2394)
calls=1 0 
* 221 41 33 0 0 2 0 0 2
fi=(343)
509 1 0 1 0 0 1 0 0 1
+4 1
fe=(195)
1296 1
fi=(343)
510 1 0 1 0 0 1 0 0 1
+1 1 0 1
+2 1 0 1
cob=(2)
cfi=(51)
cfn=(880)
calls=1 0 
* 68 20 19 0 0 1 0 0 1
fi=(346)
663 1 1 0 1 0 0 1
fe=(195)
1296 1 0 1
fi=(268)
355 1
fe=(195)
1299 2 1 1
cob=(2)
cfi=(51)
cfn=(2442)
calls=1 0 
* 14 3 4 1
+3 2 0 1
cfn=(2470) tbb::internal::generic_scheduler::init_stack_info()
calls=1 158 
* 145318 33517 18954 290 134 22 138 36 8
fi=(268)
355 2
fi=(186)
144 2 1 1
fi=(268)
921 2
fe=(195)
1304 1 1 0 1 0 0 1
fi=(397)
159 2 0 1
+1 2 1 1
+1 1 1 0 1 0 0 1
+67 1
-67 1 0 1
+2 1 0 1
-1 1 0 1
fi=(186)
-14 1 0 1
fe=(195)
1307 2
+9 2 0 1 1 0 0 1
cfi=(210)
cfn=(2540) tbb::internal::governor::sign_on(tbb::internal::generic_scheduler*)
calls=1 124 
* 1202 368 166 11 14 0 8 3
fi=(361)
148 4 2 0 0 1
fe=(195)
1326 1
fi=(361)
150 2 0 1
cfi=(209) /home/m0hawk/.cmdstan/cmdstan-2.39.0/stan/lib/stan_math/lib/tbb/../tbb_2020.3/src/tbb/observer_proxy.cpp
cfn=(2556) tbb::internal::observer_list::do_notify_entry_observers(tbb::internal::observer_proxy*&, bool)
calls=1 +34 
* 1484 399 210 24 27 0 12 2
fe=(195)
1329 7 6 0 1 0 0 1

fn=(2470)
158 6 0 3 1 0 0 1
fi=(339) /home/m0hawk/.cmdstan/cmdstan-2.39.0/stan/lib/stan_math/lib/tbb/../tbb_2020.3/src/tbb/market.h
314 3 2 1 1 0 0 1
fe=(195)
209 2
-14 1 0 1
+2 1 0 1
-35 2 1 1
+47 1 0 1
cob=(2)
cfi=(51)
cfn=(924)
calls=1 0 
* 5 3 0 1
* 3 0 1
cob=(2)
cfi=(51)
cfn=(2472) 0x0000000004853d00
calls=1 0 
* 143021 32783 18613 274 106 22 128 27 8
* 2
+32 4 1 1
+2 8 6
-33 4 0 1 1 0 0 1
cob=(2)
cfi=(51)
cfn=(2526) 0x0000000004854100
calls=1 0 
* 1032 326 146 8 15 0 3 2
* 2
+25 3 1 1 1 0 0 1
+2 2 0 1
cob=(2)
cfi=(51)
cfn=(2532) 0x0000000004854140
calls=1 0 
* 1215 394 182 3 13 0 3 7
* 1

fn=(4896) tbb::internal::generic_scheduler::cleanup_master(bool)
1341 9 0 6 1 0 0 1
+1 1 1
+1 1 1
-2 1 0 1
+4 2
fi=(268)
355 2 0 0 1 0 0 1
fi=(186)
144 4 1 1 0 1
fi=(268)
921 2
fe=(195)
1387 1 1 0 1 0 0 1
fi=(397)
171 1 1
fe=(195)
1391 1
fi=(397)
170 1 0 1
+1 2 1 1
+1 2 1 1
fi=(186)
-24 1 0 1
fe=(195)
1390 1 0 1
+1 1 0 1 1 0 0 1
cfn=(4920)
calls=1 294 
* 406 117 67 16 6 0 8
+2 2
+3 6 1 1 1 0 0 1
cfi=(335)
cfn=(4718)
calls=1 175 
* 8553 2229 1365 8 280 2 6 1 1
+1 8 7
fi=(361)
154 3 1 0 1 0 0 1
+3 3 0 1
cfi=(209)
cfn=(4900) tbb::internal::observer_list::do_notify_exit_observers(tbb::internal::observer_proxy*, bool)
calls=1 +86 
* 290 84 48 12 1 0 8
fi=(346)
663 1 1
fe=(195)
1383 2 1 1 0 1
cob=(2)
cfi=(51)
cfn=(4744)
calls=1 0 
* 24 10 5 0 3
fi=(346)
663 1 1
fe=(195)
1384 2 1 1 1 0 0 1
cob=(2)
cfi=(51)
cfn=(4748)
calls=1 0 
* 100 32 15 0 3 0 0 1
* 1

fn=(4922)
251 2 0 1 1
+17 1
-17 5 0 4
fi=(408)
+67 1
fe=(195)
-67 2 0 1 1 0 0 1
+3 1 1 0 0 1
fi=(186)
-86 1 0 1
fi=(268)
339 1 1 1
fi=(186)
160 1 1
fe=(195)
263 5 1
+19 8 7
-15 1 1 0 1 1 0 1
fi=(334)
77 1
fe=(195)
268 2
fi=(186)
168 1 0 1
fe=(195)
280 1

fl=(267) /home/m0hawk/.cmdstan/cmdstan-2.39.0/stan/lib/stan_math/lib/tbb/../tbb_2020.3/src/tbb/spin_rw_mutex.cpp
fn=(2562) tbb::spin_rw_mutex_v3::internal_acquire_reader()
63 20 0 8 2 0 0 1
+1 16 4
fi=(268)
355 8
fe=(267)
66 4 4
+1 8
fi=(186)
+34 8 4 4 2 0 0 1
fe=(267)
-32 8
+7 16 4 0 2 0 0 1
+2 16 12

fn=(1310) tbb::spin_rw_mutex_v3::internal_acquire_writer()
38 8 0 0 4 0 0 1
+1 8
-1 32 0 24
+1 24 8 0 0 3
fi=(268)
355 24
fe=(267)
41 8 8 0 0 2
+1 16
+1 24 0 8 4 0 0 1
+7 32 8 0 4 0 0 1
+2 40 32

fl=(210)
fn=(1226)
242 2 0 0 1 0 0 1
+1 2 0 1
cfi=(250) /home/m0hawk/.cmdstan/cmdstan-2.39.0/stan/lib/stan_math/lib/tbb/../tbb_2020.3/src/rml/client/rml_factory.h
cfn=(1228) tbb::internal::rml::tbb_factory::open()
calls=1 49 
* 10681 2441 1427 69 22 13 5 2 2
+1 3 0 1 0 0 1
+1 2 1 0 1 0 0 1

fn=(2366)
156 4 0 0 1 0 0 1
fi=(186)
+4 8 4 2
fe=(210)
-3 4
+3 10 0 4
cfi=(185)
cfn=(2368) void tbb::internal::atomic_do_once<bool (*)()>(bool (* const&)(), tbb::atomic<tbb::internal::do_once_state>&)
calls=2 +53 
* 7128 1724 1044 162 88 5 2 1 1
+2 10 6 0 1 0 0 1

fn=(4948)
79 2 0 0 1 0 0 1
+1 2 0 1
cfi=(250)
cfn=(4950) tbb::internal::rml::tbb_factory::close()
calls=1 -9 
* 4 2 0 2 1 0 2
+1 1 0 1
cfi=(252)
cfn=(4952)
calls=1 +4 
* 799 283 150 1 39 11 1
fi=(269)
-40 3 1 1
cob=(2)
cfi=(51)
cfn=(4960) 0x0000000004853f30
calls=1 -41 
* 1040 330 150 13 33 0 2 5
fe=(210)
+46 2
+3 1
-1 1
cfi=(184)
cfn=(4966)
calls=1 422 
* 12 5 3 2 1

fn=(4928)
145 3 0 1 1
+3 2 0 1
cfn=(2542) tbb::internal::governor::assume_scheduler(tbb::internal::generic_scheduler*)
calls=1 -32 
* 52 10 7 4 1
+3 3 1 0 1 0 0 1
+3 2 2

fn=(2454)
164 2
+1 1 0 1
cfn=(2366)
calls=1 -9 
* 3510 855 514 14 38 1
+2 2 0 1 1 0 0 1
cfi=(195)
cfn=(2456)
calls=1 1287 
* 149043 34475 19580 348 176 37 177 41 23
+1 1 0 1
+2 2 1

fn=(2540)
124 3 0 1 1 0 0 1
+2 1 0 1
cfn=(2542)
calls=1 -10 
* 1193 365 164 9 14 0 6 3
+2 3 1 0 1 0 0 1
+15 2 2

fn=(2408)
92 5 0 2 1 0 0 1
+2 1
-2 3 1 1 1 0 0 1
+1 1 0 1
+1 2 1
+9 2 0 1
cfi=(338)
cfn=(2410) tbb::internal::rml::make_private_server(tbb::internal::rml::tbb_client&)
calls=1 411 
* 7177 1124 3163 10 4 260 9 0 260
+4 7 5 0 0 2

fn=(4892) tbb::internal::governor::auto_terminate(void*)
215 1 0 0 1 0 0 1
+2 4 1 0 1 1 0 1
+1 2 0 1
-3 1
+6 2 0 2
cfn=(4894) tbb::internal::governor::is_set(tbb::internal::generic_scheduler*)
calls=1 120 
* 50 13 4 2 2
* 3 1
+2 1
+4 1
-4 1
cfi=(195)
cfn=(4896)
calls=1 1341 
* 9435 2492 1518 43 295 2 29 2 1

fn=(4894)
120 5 0 2 1
fi=(269)
-77 3 1 1
cob=(2)
cfi=(51)
cfn=(1316)
calls=1 -43 
* 19 6
fe=(210)
+78 1
fi=(269)
-78 1
fe=(210)
+78 1 0 1
cfn=(2544) tbb::internal::governor::tls_value_of(tbb::internal::generic_scheduler*)
calls=1 -11 
* 14 3 0 1 2
* 2
+1 4 3

fn=(1300)
229 2 0 0 1 0 0 1
+1 3 1
+1 4 0 1
cfi=(212)
cfn=(1224)
calls=1 -20 
* 23 7 7 1
+6 2 1 0 1 1 0 1
+3 2 1

fn=(2372) tbb::internal::initialize_cilk_interop()
56 2 0 0 1
+3 12
cfi=(184)
cfn=(1052)
calls=2 543 
* 7064 1710 1032 159 86 5 0 1 1

fn=(2542)
116 4 0 0 1 0 0 1
+1 2 0 2
cfn=(2544)
calls=2 -7 
* 21 4 0 1 0 0 1
* 2
fi=(269)
-75 4 2
fe=(210)
+76 2
fi=(269)
-76 2
cob=(2)
cfi=(51)
cfn=(2548) 0x0000000004853a90
calls=2 -42 
* 1208 369 169 11 15 0 4 3
fe=(210)

fn=(2544)
110 6 0 0 2 0 0 1
+3 16 2 0 0 1
+1 1 1
fi=(346)
674 4 2 0 0 1
fe=(210)
113 6
+1 2 2

fn=(962)
67 2 0 0 1 0 0 1
fi=(269)
-28 3 0 1 1 0 0 1
cob=(2)
cfi=(51)
cfn=(964) 0x00000000048540e0
calls=1 -39 
* 986 318 147 4 16 1 4 4 1
fe=(210)
+34 2
+2 1 0 1
cfi=(212)
cfn=(970)
calls=1 230 
* 12 2 1 1 0 0 1
* 2 0 1
+1 1 0 1
cfi=(212)
cfn=(972)
calls=1 198 
* 3 1 0 1 0 0 1
* 2 0 1
+1 2 1

fl=(250)
fn=(1228)
49 2 0 1 1 0 0 1
+11 1
-11 1
+11 2
-11 1
+4 3 1 1
+7 1
-7 15 4 8 2 3 0 2
+5 2 0 1
-3 2 0 1
+1 2 0 1
+1 1
+3 1
-3 1 0 1
+3 1 0 1
cfi=(184)
cfn=(1052)
calls=1 543 
* 10634 2432 1411 65 19 12 1 2 2
* 2 0 0 1 0 0 1
+9 6 4
-4 1 0 1 0 0 1
+1 1
+2 1

fn=(4950)
71 1 0 0 1 0 0 1
+1 2 1 0 0 1
+6 1 1 0 1 0 0 1

fl=(399)
fn=(4760)
27 2 0 0 1 0 0 1
fi=(268)
339 1 1 1
fi=(409)
175 1 0 1 1 0 0 1
cfi=(399)
cfn=(4762) tbb::internal::concurrent_monitor::abort_all_relaxed()
calls=1 -68 
* 22 10 6 2 0 0 2
fe=(399)
30 2 1

fn=(4762)
107 10 1 6 2 0 0 2
+1 2 1
+21 10 8

fl=(338)
fn=(2412) tbb::internal::rml::private_server::private_server(tbb::internal::rml::tbb_client&)
319 10 0 6 2 0 0 2
+4 1
-3 1 0 1 0 0 1 0 0 1
+3 2 0 1
-2 3 2 1 0 1
cfi=(339)
cfn=(2414) tbb::internal::market::max_job_count() const
calls=1 -58 
* 3 2 0 1 0 0 1
+1 1
-1 1 0 1
+1 2 2 1
cfi=(339)
cfn=(2416) tbb::internal::market::min_stack_size() const
calls=1 -57 
* 3 2 0 1 0 0 1
+1 1 0 1
-1 1 0 1
+3 1 1 0 1 0 0 1
fi=(334)
46 1 0 1
fe=(338)
325 1
fi=(186)
168 2 0 2
fi=(413) /home/m0hawk/.cmdstan/cmdstan-2.39.0/stan/lib/stan_math/lib/tbb/../tbb_2020.3/include/tbb/cache_aligned_allocator.h
-86 2
fi=(186)
+86 1 0 1
fe=(338)
331 1 1
fi=(413)
82 1 0 1
cob=(2)
cfi=(51)
cfn=(2394)
calls=1 -82 
* 227 39 35 0 1 1 0 0 1
fe=(338)
332 1 1
-1 1 0 1
+1 4 0 0 1 0 0 1
fi=(414) /home/m0hawk/.cmdstan/cmdstan-2.39.0/stan/lib/stan_math/lib/tbb/../tbb_2020.3/src/tbb/../rml/server/thread_monitor.h
79 1
fe=(338)
332 2
+1 1020 255
93 255 0 255 0 0 255 0 0 255
fi=(408)
338 255
fe=(338)
93 510 0 510
fi=(414)
-16 255 0 255
fi=(186)
+91 510 0 510
fi=(414)
-89 1020 255
fe=(338)
333 3
93 1 0 1 0 0 1 0 0 1
fi=(408)
338 1
fe=(338)
93 2 0 2
fi=(414)
-16 1 0 1
fi=(186)
+91 2 0 2 1 0 0 1
fi=(414)
-89 4 1 0 0 1
fi=(186)
+89 256 0 256
fe=(338)
-74 512 0 512
fi=(186)
+74 256 0 256
-8 256 256
fe=(338)
334 256 0 256 1 0 0 1
-2 256
fi=(186)
168 256 0 256
fe=(338)
332 768 256
+5 8 7 0 0 1

fn=(4938) tbb::internal::rml::private_worker::start_shutdown()
233 512 0 256 1 0 0 1
fi=(186)
100 256
fe=(338)
233 1024 0 256
fi=(186)
-73 256 256 0 0 256
fe=(338)
+79 768 0 256 1 0 0 1
+1 768
+10 512
+4 1024 768
-2 256 256
-83 512 256 256

fn=(2410)
411 2 0 1 1 0 0 1
fi=(413)
82 2
fe=(338)
411 2 0 1
fi=(413)
82 1
fe=(338)
411 1
fi=(413)
82 1 0 1
cob=(2)
cfi=(51)
cfn=(2394)
calls=1 -82 
* 221 41 33 1 0 2 0 0 2
fe=(338)
412 2
fi=(413)
82 1
fe=(338)
412 1 0 1
cfn=(2412)
calls=1 -93 
* 6938 1080 3126 8 4 258 8 0 258
+1 5 3

fn=(4936)
184 5 0 2 1 0 0 1
+1 5 1
+1 1 0 0 1 0 0 1
-1 1
+1 3 1 1
cfn=(4938)
calls=1 +47 
* 23 6 4 2 1 0 2
* 255
-1 255
+1 765 255 255
cfn=(4938)
calls=255 +47 
* 5865 1530 1020 0 255
-1 768 256
-16 2 1 1
+1 3 3 1 0 2
cfi=(335)
cfn=(4940)
calls=1 695 
* 155 43 21 2 12 2 0 0 1
+1 5 2 0 1 1 0 1
339 1
fi=(413)
87 1 1
fe=(338)
339 2 0 1
fi=(413)
87 1 0 1
cob=(2)
cfi=(51)
cfn=(4748)
calls=1 -87 
* 171 50 21 0 2
fe=(338)
188 1
fi=(413)
87 1
fe=(338)
188 2 2
fi=(413)
87 1
cob=(2)
cfi=(51)
cfn=(4748)
calls=1 -87 
* 214 65 24 0 3 0 0 1
fe=(338)

fl=(198)
fn=(900)
47 1 0 0 1 0 0 1
+4 2 1 0 0 1
+3 3
cfi=(199)
cfn=(902)
calls=1 1066 
* 6211 2463 392 45 194 22 45 10

fl=(340)
fn=(2428)
83 7 0 6 1 0 0 1
+3 1
-3 2 0 1
+3 7 1 1
+3 3 0 1 1 0 0 1
+1 5 0 1
cob=(2)
cfi=(51)
cfn=(1274)
calls=1 -90 
* 63 16 8 6 5
* 10 0 2
cob=(2)
cfi=(51)
cfn=(1274)
calls=2 -90 
* 406 78 60 0 1 2 0 0 2
* 33 0 9 0 0 2 0 0 2
-48 3 0 0 1 0 0 1
fi=(400)
+44 3
fe=(340)
-44 3 0 3
fi=(341)
623 3 0 3
fe=(340)
42 12 0 12 0 0 3 0 0 2
fi=(400)
+44 3 0 3
cob=(2)
cfi=(51)
cfn=(2430) 0x0000000004853eb0
calls=3 -86 
* 1183 316 173 3 25 10 1 0 1
fe=(340)
-44 3
fi=(400)
+44 3
fe=(340)
-44 3 0 3 0 0 3 0 0 2
fi=(341)
623 3 0 3
fe=(340)
42 12 0 12 0 0 3 0 0 2
fi=(400)
+44 3 0 3
cob=(2)
cfi=(51)
cfn=(2430)
calls=3 -86 
* 444 90 65 0 2 2 0 0 2
fi=(341)
633 6 6
-8 6 0 6
fi=(400)
86 6
fi=(341)
633 12 0 0 1 0 0 1
-1 6
fi=(400)
86 6 0 6
cob=(2)
cfi=(51)
cfn=(2430)
calls=6 -86 
* 997 194 152 0 2 5 0 0 5
fi=(341)
264 6
663 6 0 6 0 0 1
fe=(340)
90 6
fi=(341)
263 6 0 6
+1 6 0 6
-1 6 6
-1 6 0 6
+2 6
-2 6 0 6
+1 6 0 6
+1 6 0 6
648 6 0 6
+1 6 0 6 1 0 0 1
fi=(334)
46 6 0 6
fe=(340)
+44 15 3
-1 3
+1 3 0 3
-1 6 3
+1 6 4
+3 8 7 0 1 0 0 1

fl=(339)
fn=(2416)
265 3 2 0 1 0 0 1

fn=(2414)
263 3 2 0 1 0 0 1

fl=(209)
fn=(1040) tbb::internal::observer_proxy::get_v6_observer()
47 4 0 0 2 0 0 1
+1 12 4
+1 4 4
+1 4 4

fn=(4824) tbb::internal::observer_list::remove(tbb::internal::observer_proxy*)
136 2 0 0 1
+9 2 2
-4 2 2
-2 4 2
+6 1 0 1
+2 2 1
-6 1 0 1
+6 2 1
+2 4 2 2 1 0 0 1

fn=(956) _GLOBAL__sub_I_observer_proxy.cpp
363 1 0 0 1 0 0 1
fi=(361)
60 3 0 2 0 0 1 0 0 1
fe=(209)
363 1 1

fn=(2556)
184 4 0 2 1 0 0 1
fi=(361)
-43 1
fe=(209)
+43 1 0 1
fi=(361)
80 1
fe=(209)
184 5 0 3
+2 1 1
-2 4 1 2 1 0 0 1
fi=(342)
-73 1
-3 1 0 1
+1 1 0 1
+2 1 0 1
cob=(2)
cfi=(51)
cfn=(2558) 0x0000000004853c80
calls=1 0 
* 991 268 133 5 9 0 5 2
* 2
-3 2 0 2
+1 2 0 2
+2 2 0 2
cob=(2)
cfi=(51)
cfn=(2558)
calls=2 0 
* 56 16 6
* 6
fe=(209)
+84 6 2
+1 2
+27 1 1 0 0 1
+1 2
-31 6 0 0 1 0 0 1
+26 1 1
+1 2
fi=(342)
102 3 1
+25 1 0 1
+5 2 1
fe=(209)
241 11 9
fi=(361)
137 2 1
fi=(186)
-37 1 1 1
fi=(361)
+41 2
fe=(209)
+82 1 1 0 0 1
+1 3
fi=(186)
100 1 1 1
+1 1 1 1 0 1
fi=(342)
+1 3 1
fi=(186)
-2 1 1 1 1 1 0 1
+1 1 1 1 1 1 0 1
fi=(342)
+1 3 1
+30 2 2
-5 2 0 2
+5 2
fe=(209)
+98 4
+5 8 6 0 0 2
fi=(186)
101 2 2 2
fe=(209)
240 2 0 0 1 0 0 1
-38 2
+12 1 0 1
+1 1
fi=(186)
101 6 3 3 1 0 0 1
fe=(209)
235 6 2 2
cob=(9) /home/m0hawk/Documents/apin/stan/build/diamonds__default/model
cfi=(213) ???
cfn=(992) stan::math::ad_tape_observer::on_scheduler_entry(bool)
calls=2 0 
* 306 74 38 12 11
* 2

fn=(4900)
243 4 0 2 1 0 0 1
fi=(361)
141 1
fe=(209)
243 1 0 1
fi=(361)
80 1
fe=(209)
243 3 0 2
+2 1
-2 6 1 3
fi=(342)
111 1
-3 1 0 1
+1 1 0 1 1 0 0 1
+2 1 0 1
cob=(2)
cfi=(51)
cfn=(2558)
calls=1 0 
* 28 8 3 4 1
* 2
fe=(209)
254 2
-2 4
+18 1 1
+3 1 1
+1 2
fi=(361)
137 2 1 0 1 0 0 1
fi=(342)
-35 3 1
fe=(209)
292 11 9
fi=(342)
132 1 1 0 1 0 0 1
-6 1 1
+1 1 0 1
+5 1
fi=(186)
-31 1 1 1
fe=(209)
264 3 0 1
cfn=(4908) tbb::internal::observer_list::remove_ref(tbb::internal::observer_proxy*)
calls=1 158 
* 204 59 31 4 0 0 4
* 1

fn=(1030) tbb::internal::task_scheduler_observer_v3::observe(bool)
294 40 4 20 3 0 0 1
+1 8
+1 4 2 0 1 0 0 1
+64 36 28 0 1
fi=(186)
101 4 2 2 1
fe=(209)
339 4
+5 2 2 0 0 2
fi=(342)
108 2 0 2
fi=(361)
-28 2
fi=(342)
+29 2 0 2
+1 2 0 2 1 0 0 1
cob=(2)
cfi=(51)
cfn=(1306)
calls=2 0 
* 58 16 8 0 1
fe=(209)
348 2 0 2
+2 4 2 2
fi=(342)
102 6 2
+30 2 2
-5 2 0 2
+5 2
fi=(186)
+8 2 2 2
fi=(408)
338 2
fe=(209)
+18 2
fi=(186)
160 2 2 0 1
fe=(209)
356 6
-59 4 0 2 2 0 0 1
cob=(2)
cfi=(51)
cfn=(1032) 0x0000000004853e60
calls=2 0 
* 1141 330 195 8 16 2 2 1 2
* 8 0 2
cfn=(1036) tbb::internal::observer_proxy::observer_proxy(tbb::internal::task_scheduler_observer_v3&)
calls=2 59 
* 30 6 12 3 0 0 2
* 2 0 2
fi=(186)
168 2 0 2
fe=(209)
300 4 2 2 2 0 0 1
cfn=(1038) tbb::internal::observer_proxy::is_global()
calls=2 54 
* 52 18 6 4 0 0 2
* 4
fi=(186)
160 4 2 0 2 1 0 1
fe=(209)
325 4
+2 6 2 2 1 1
+1 4 0 2
cfn=(1304) tbb::internal::observer_list::insert(tbb::internal::observer_proxy*)
calls=2 125 
* 1050 286 151 12 12 1 6 2
fi=(269)
43 6 2 2 2 1 0 1
cob=(2)
cfi=(51)
cfn=(1316)
calls=2 -43 
* 992 323 144 6 14 0 2 5
fe=(209)
329 4
-3 1 0 1 1 0 0 1
cfi=(197)
cfn=(1044)
calls=1 215 
* 37449 9628 5232 534 336 101 334 58 38
* 1 0 0 1
+25 3 0 1 1
cfn=(4824)
calls=1 136 
* 10 5 2 2 0 0 1
+2 3 0 1
cob=(2)
cfi=(51)
cfn=(4826) 0x0000000004853e80
calls=1 0 
* 831 288 149 2 10 0 1
* 1

fn=(4908)
158 10 1 4 1 0 0 1
fi=(186)
+2 1 1
fe=(209)
+1 3 0 0 1 0 0 1
fi=(361)
-81 1
fi=(342)
+28 1 0 1
+1 1 0 1
+1 1 0 1
cob=(2)
cfi=(51)
cfn=(1306)
calls=1 0 
* 29 8 4
fi=(186)
-10 2 1 1
fe=(209)
+76 3
fi=(342)
-44 1 1
-5 1 0 1
+5 1
fi=(186)
+8 1 1 1
fe=(209)
+41 2
-4 3 0 1 1 0 0 1
cfn=(4824)
calls=1 -41 
* 10 5 2
fi=(342)
-75 3 1 0 1 0 0 1
fe=(209)
+79 5 2
+1 1
-1 2
+1 3 3
-1 1
cob=(2)
cfi=(51)
cfn=(4826)
calls=1 0 
* 118 35 14

fn=(1036)
59 2 0 0 2 0 0 1
+1 8 0 8
fi=(186)
168 2 0 2
-8 4 4
fe=(209)
-93 12 0 2 1 0 0 1
+7 2 2

fn=(1038)
54 6 0 2 2 0 0 1
+1 2 0 2
cfn=(1040)
calls=2 -8 
* 12 6 0 2 0 0 1
* 12 0 2
cfn=(1040)
calls=2 -8 
* 12 6
* 4 2
+1 4 4

fn=(1304)
125 10 0 4 1
fi=(361)
-45 2
fe=(209)
+45 2
fi=(342)
-15 2 0 2
cob=(2)
cfi=(51)
cfn=(1306)
calls=2 0 
* 1013 275 138 9 12 0 5 2
fe=(209)
+17 4 2
+1 2 1 1
+1 1 0 1 0 0 1
+4 1 0 1
fi=(186)
+7 1 1 1 1
fe=(209)
-6 4 3
-1 1 0 1
fi=(186)
+7 1 1 1
fe=(209)
-6 4 3
-2 2 0 1 1 0 0 1

fl=(183) ???
fn=(4972) 0x0000000000012210
0 5 1 0 1

fn=(826) 0x00000000000122c0
0 12 1 0 2 0 0 2

fn=(4880) 0x0000000000012280
0 9 3 2 1 3 0 1
cob=(2)
cfi=(51)
cfn=(4886) 0x00000000048538f0
calls=1 0 
0 12923 3813 2025 84 480 32 48 7 1
0 1 0 1
cfn=(4972)
calls=1 0 
0 5 1 0 1
0 3 2 1 0 0 1

fl=(185)
fn=(836)
213 12 0 6 3 0 0 1
fi=(186)
100 6
fe=(185)
213 42 0 18
fi=(186)
-53 6 6 0 0 3 0 0 1
fe=(185)
+60 12
fi=(186)
-60 3 3
fe=(185)
+61 6
fi=(186)
100 3 0 3 2 0 0 1
fe=(185)
222 6
+11 3 3 3
cfi=(252)
cfn=(1236)
calls=1 129 
* 10085 2855 1510 114 106 6 57 19 3
cfi=(217)
cfn=(1050)
calls=1 113 
* 15728 4040 2222 325 185 80 253 34 33
cfi=(184)
cfn=(840)
calls=1 346 
* 13990 3334 633 56 229 5 50 54 1
fi=(186)
-65 3 0 3 1 0 2 1
fe=(185)
+61 36 30 0 2

fn=(837)
213 4 0 2
fi=(186)
100 2
fe=(185)
213 14 0 6
fi=(186)
-53 2 2 0 0 1
fe=(185)
+60 4
+9 12 10 0 1

fn=(2368)
213 4 0 2 1 0 0 1
fi=(186)
100 2
fe=(185)
213 8 0 4
+7 2
fi=(186)
-60 2 2
fe=(185)
+61 4
fi=(186)
100 2 0 2
fe=(185)
222 4
fi=(186)
-62 2 2 0 1 2 0 1
fe=(185)
+60 4
+19 2 2 2
cfi=(210)
cfn=(2372)
calls=2 56 
* 7078 1710 1032 160 86 5 0 1 1
* 4
fi=(186)
-71 2 0 2
fe=(185)
+61 8 8

fl=(405)
fn=(4888) tbb::internal::__TBB_InitOnce::~__TBB_InitOnce()
73 2 0 0 1 0 0 1
fi=(269)
-30 3 1 1
cob=(2)
cfi=(51)
cfn=(1316)
calls=1 -43 
* 19 6 0 3 3
fi=(251)
+80 2
+22 1 0 1 1 0 0 1
cfi=(210)
cfn=(4892)
calls=1 +70 
* 9501 2507 1525 47 298 2 31 2 1
fe=(405)
-70 1 0 1
cfi=(197)
cfn=(4944)
calls=1 +47 
* 5 2 1
fi=(186)
+85 2 1
fe=(405)
-82 2
+2 1 0 1
cfi=(197)
cfn=(4944)
calls=1 +42 
* 3187 1242 470 31 171 29 14 5
+2 2 1 0 0 1

ob=(7) /usr/lib/x86_64-linux-gnu/libstdc++.so.6.0.30
fl=(175) ???
fn=(726) 0x00000000000aac20
0 5
cob=(2)
cfi=(51)
cfn=(634) 0x00000000049414b0
calls=1 0 
0 77 15 15 0 0 1

fn=(1010) std::__detail::_Prime_rehash_policy::_M_need_rehash(unsigned long, unsigned long, unsigned long) const
0 74 14 2 8 4 0 4 2
cob=(2)
cfi=(51)
cfn=(1012) 0x00000000049414a0
calls=2 0 
0 1112 304 136 13 23 0 6 3
0 32 2 0 4 0 0 2

fn=(1418) std::__cxx11::numpunct<char>::_M_initialize_numpunct(__locale_struct*)
0 414 137 75 7 5 0 7 2

fn=(1442) std::__timepunct<char>::_M_initialize_timepunct(__locale_struct*)
0 11 2 4 2 0 0 2
cob=(2)
cfi=(51)
cfn=(1362) 0x00000000049432c0
calls=1 0 
0 19 6 1
0 138 4 25 12 0 0 12

fn=(1530) std::__timepunct<wchar_t>::__timepunct(std::__timepunct_cache<wchar_t>*, unsigned long)
0 15 1 7 2 1 0 2
cob=(2)
cfi=(51)
cfn=(1350) 0x0000000004941290
calls=1 0 
0 5 2
0 4 0 2
cob=(2)
cfi=(51)
cfn=(1532) 0x00000000049421f0
calls=1 0 
0 1330 317 164 16 10 0 16 3
0 4 3

fn=(1776) std::basic_ios<wchar_t, std::char_traits<wchar_t> >::init(std::basic_streambuf<wchar_t, std::char_traits<wchar_t> >*)
0 28 0 12 1 0 0 1
cob=(2)
cfi=(51)
cfn=(1712) 0x0000000004943640
calls=4 0 
0 348 128 72
0 12 0 4
cob=(2)
cfi=(51)
cfn=(1778) 0x0000000004944100
calls=4 0 
0 8757 2320 1006 22 57 0 22 15
0 52 12 24 1 0 0 1

fn=(2126) std::ostream::sentry::sentry(std::ostream&)
0 54769 14524 14600 104 94 0 2 76
cob=(2)
cfi=(51)
cfn=(2707) 0x0000000004942770'2
calls=1 0 
0 136 53 23
cob=(2)
cfi=(51)
cfn=(2706) 0x0000000004942770
calls=75 0 
0 10200 3975 1725 65 60 3 0 10
0 29276 14676 3631 72 0 0 1

fn=(2127) std::ostream::sentry::sentry(std::ostream&)'2
0 1748 608 380

fn=(2146) 0x000000000012b240
0 11728 1466 7330 55 51 0 1
cob=(2)
cfi=(51)
cfn=(1402) 0x00000000049416b0
calls=1466 0 
0 11728 4398
0 19058 11728 0 0 51

fn=(2156) std::__num_base::_S_format_float(std::ios_base const&, char*, char)
0 44888 4344 5792 156 50 0 3 1

fn=(2158) 0x00000000000fb400
0 37648 2896 23168 140 0 87 2
cob=(2)
cfi=(51)
cfn=(1462) 0x0000000004942eb0
calls=1448 0 
0 34752 14480 5792 150 243
0 17376 0 7240 51 0 0 1
cob=(2)
cfi=(51)
cfn=(2164) 0x0000000004942b50
calls=1448 0 
0 3086844 634840 443139 16485 1280 488 163 14 1
0 4344 0 1448
cob=(2)
cfi=(51)
cfn=(1462)
calls=1448 0 
0 34752 14480 5792 0 50
0 14480 10136 0 1127 0 0 1

fn=(2240) std::ios_base::_M_call_callbacks(std::ios_base::event)
0 10065 4575 2745 1416 359 0 2

fn=(2646) __gnu_cxx::stdio_sync_filebuf<char, std::char_traits<char> >::sync()
0 729 243 0 13 7 0 1
cob=(2)
cfi=(51)
cfn=(2648) 0x0000000004944340
calls=243 0 
0 24729 7654 4374 220 64 0 20 3

fn=(2700) std::basic_ostream<char, std::char_traits<char> >& std::endl<char, std::char_traits<char> >(std::basic_ostream<char, std::char_traits<char> >&)
0 15 5 3 2 0 0 2
cob=(2)
cfi=(51)
cfn=(2702) 0x0000000004940fa0
calls=1 0 
0 810 287 150 27 32 1 2
0 5 2
cob=(2)
cfi=(51)
cfn=(2706)
calls=1 0 
0 1004 335 174 2 11 0 2

fn=(2746) bool std::has_facet<std::codecvt<char, char, __mbstate_t> >(std::locale const&)
0 10 2 4 0 2
cob=(2)
cfi=(51)
cfn=(1402)
calls=2 0 
0 16 6 0 0 2
0 24 12 2 2 4 0 1
cob=(2)
cfi=(51)
cfn=(2748) 0x00000000049431f0
calls=2 0 
0 924 313 174 3 19 0 2
0 10 4

fn=(2772) std::__basic_file<char>::open(char const*, std::_Ios_Openmode, int)
0 14 0 8 2 0 0 1
cfn=(2774) 0x00000000000d0980
calls=2 0 
0 18 4 0 3 2 0 2 1
0 12 0 2
cob=(2)
cfi=(51)
cfn=(2762) 0x00000000049433d0
calls=2 0 
0 12 6
0 10 0 2
cob=(2)
cfi=(51)
cfn=(2780) 0x0000000004943b60
calls=2 0 
0 1797 536 382 76 47 11 7 5
0 18 8 4 2 0 0 1

fn=(2896) std::__cxx11::collate<char> const& std::use_facet<std::__cxx11::collate<char> >(std::locale const&)
0 5 1 2 1 1 0 1
cob=(2)
cfi=(51)
cfn=(1402)
calls=1 0 
0 8 3
0 11 6 1 1 1 0 1
cob=(2)
cfi=(51)
cfn=(2748)
calls=1 0 
0 94 31 20 1 3
0 4 2

fn=(3188) std::basic_filebuf<char, std::char_traits<char> >::close()
0 24 2 10 4 0 0 2
cob=(2)
cfi=(51)
cfn=(2762)
calls=2 0 
0 12 6 0 4 4
0 10 0 4
cob=(2)
cfi=(51)
cfn=(3190) 0x0000000004941af0
calls=2 0 
0 1208 334 149 27 53 19 6 3
0 10 0 6 2 0 1 1
cob=(2)
cfi=(51)
cfn=(3196) 0x0000000004941d40
calls=2 0 
0 1535 403 186 11 20 1 4 3
0 28 4 16 2 0 0 1
cob=(2)
cfi=(51)
cfn=(3202) 0x0000000004943900
calls=2 0 
0 2581 812 446 79 76 0 3 8
0 26 12

fn=(3290) std::basic_filebuf<char, std::char_traits<char> >::overflow(int)
0 1249 285 227 9 0 0 3
cob=(2)
cfi=(51)
cfn=(3294) 0x0000000004943f20
calls=56 0 
0 8382 2572 1257 122 72 1 9 9
0 1540 456 289 18 0 0 4

fn=(3744) std::get_unexpected()
0 120 60 0 10 6 0 1

fn=(3750) std::get_terminate()
0 120 60 0 6 0 0 1

fn=(4306) __cxxabiv1::__class_type_info::__do_dyncast(long, __cxxabiv1::__class_type_info::__sub_kind, __cxxabiv1::__class_type_info const*, void const*, __cxxabiv1::__class_type_info const*, void const*, __cxxabiv1::__class_type_info::__dyncast_result&) const
0 460 180 100 15 0 0 3

fn=(4702) std::__cxx11::basic_string<char, std::char_traits<char>, std::allocator<char> >::~basic_string()
0 60 20 0 2 6 0 2 6

fn=(1378) 0x00000000000c0250
0 5 0 0 1 0 0 1
cob=(2)
cfi=(51)
cfn=(1380) 0x00000000049413a0
calls=1 0 
0 2117 626 290 13 26 2 13 5

fn=(1512) std::__cxx11::numpunct<wchar_t>::_M_initialize_numpunct(__locale_struct*)
0 350 74 74 5 1 3 5 1 3

fn=(1716) std::ios_base::_M_init()
0 35070 5010 15030 869 693 79 2 1
cob=(2)
cfi=(51)
cfn=(1328) 0x0000000004941780
calls=2505 0 
0 67635 27555 15030 0 0 22
0 7515 0 2505
cob=(2)
cfi=(51)
cfn=(1718) 0x0000000004942880
calls=2505 0 
0 55886 20296 7649 2961 681 0 5
0 5010 0 2505
cob=(2)
cfi=(51)
cfn=(1724) 0x0000000004942d50
calls=2505 0 
0 25834 12782 2639 7 14 0 1
0 17535 12525 0 11 0 0 1

fn=(1722) std::locale::operator=(std::locale const&)
0 50940 17829 7641 2179 0 0 3

fn=(1734) std::basic_ios<char, std::char_traits<char> >::_M_cache_locale(std::locale const&)
0 20336 0 7626 644 0 0 1
cob=(2)
cfi=(51)
cfn=(1736) 0x0000000004944210
calls=2542 0 
0 13653 5362 134 1358 677 0 3 2
0 10168 0 2542
cob=(2)
cfi=(51)
cfn=(1742) 0x0000000004940550
calls=2542 0 
0 54333 25699 5218 2203 4059 0 2
0 7626 0 5084
cob=(2)
cfi=(51)
cfn=(1748) 0x00000000049431b0
calls=2542 0 
0 14005 5406 134 1118 681 0 3 3
0 10168 0 2542
cob=(2)
cfi=(51)
cfn=(1754) 0x00000000049409b0
calls=2542 0 
0 54701 25745 5218 1442 2033 0 3 1
0 7626 0 5084 313 0 0 1
cob=(2)
cfi=(51)
cfn=(1760) 0x0000000004940460
calls=2542 0 
0 14005 5406 134 754 685 0 2 2
0 10168 0 2542
cob=(2)
cfi=(51)
cfn=(1766) 0x0000000004941890
calls=2542 0 
0 54701 25745 5218 1455 1366 0 1 3
0 12710 7626 2542

fn=(1752) bool std::has_facet<std::num_put<char, std::ostreambuf_iterator<char, std::char_traits<char> > > >(std::locale const&)
0 7626 2542 0 627 0 0 1

fn=(1794) std::ctype<wchar_t> const& std::use_facet<std::ctype<wchar_t> >(std::locale const&)
0 20 4 8 1 1 0 1
cob=(2)
cfi=(51)
cfn=(1402)
calls=4 0 
0 32 12
0 24 20 0 1 1 0 1

fn=(2138) std::num_put<char, std::ostreambuf_iterator<char, std::char_traits<char> > >::do_put(std::ostreambuf_iterator<char, std::char_traits<char> >, std::ios_base&, char, double) const
0 5792 0 0 53 0 0 1
cob=(2)
cfi=(51)
cfn=(2140) 0x0000000004942440
calls=1448 0 
0 3758678 805377 571046 21478 2485 751 203 63 1

fn=(2280) __dynamic_cast
0 2450 560 770 30 63 0 3 23
cfn=(2888) __cxxabiv1::__vmi_class_type_info::__do_dyncast(long, __cxxabiv1::__class_type_info::__sub_kind, __cxxabiv1::__class_type_info const*, void const*, __cxxabiv1::__class_type_info const*, void const*, __cxxabiv1::__class_type_info::__dyncast_result&) const
calls=2 0 
0 192 60 34 9 4 0 7 2
cfn=(2282) __cxxabiv1::__si_class_type_info::__do_dyncast(long, __cxxabiv1::__class_type_info::__sub_kind, __cxxabiv1::__class_type_info const*, void const*, __cxxabiv1::__class_type_info const*, void const*, __cxxabiv1::__class_type_info::__dyncast_result&) const
calls=68 0 
0 12360 3708 1910 152 168 7 13 61
0 1320 750 0 17 0 0 2

fn=(4524) std::__basic_file<char>::xsputn_2(char const*, long, char const*, long)
0 18 1 10 2 0 0 1
cob=(2)
cfi=(51)
cfn=(2832) 0x0000000004940f80
calls=1 0 
0 14 6 0 4 4
0 13 0 5 1 0 0 1
cob=(2)
cfi=(51)
cfn=(4526) 0x0000000004943610
calls=1 0 
0 837 303 144 4 36 1 3 5
0 16 9 0 1 0 0 1

fn=(2644) std::ostream::flush()
0 3570 952 952 101 17 3 2 12
cob=(2)
cfi=(51)
cfn=(2123) 0x00000000049441f0'2
calls=50 0 
0 1250 450 250
cob=(2)
cfi=(51)
cfn=(2122) 0x00000000049441f0
calls=188 0 
0 8418 3122 1564 2 2 0 0 1
0 1666 1428 238 52 63 0 1 44
cfn=(4432) std::basic_streambuf<char, std::char_traits<char> >::sync()
calls=41 0 
0 123 41 0 41 0 0 1
cfn=(3292) std::basic_filebuf<char, std::char_traits<char> >::sync()
calls=56 0 
0 11910 3580 1817 145 72 1 10 9
cfn=(2646)
calls=141 0 
0 18216 5449 3048 233 71 0 21 3
0 3834 2142 26 6 0 0 1
cob=(2)
cfi=(51)
cfn=(4398) 0x0000000004941820
calls=26 0 
0 858 338 52 6 7
0 182 78 26
cfn=(2646)
calls=26 0 
0 1846 624 338
0 52

fn=(2645) std::ostream::flush()'2
0 390 104 104
cob=(2)
cfi=(51)
cfn=(2123)
calls=26 0 
0 650 234 130
0 182 156 26
cfn=(2646)
calls=26 0 
0 1846 624 338
0 416 234

fn=(2912) std::__cxx11::collate<char>::do_transform(char const*, char const*) const
0 87 3 51 2 0 0 2
cfn=(2914) 0x00000000000fab90
calls=3 0 
0 93 33 24 2 0 0 2
0 24 6 6 1 0 0 1
cob=(2)
cfi=(51)
cfn=(2792) 0x00000000049401d0
calls=3 0 
0 319 72 46 3 1 3
0 24 3 3 1 0 0 1
cob=(2)
cfi=(51)
cfn=(2922) 0x00000000049432d0
calls=3 0 
0 2249 684 328 25 36 19 13 5 15
0 30 3 3 1 0 0 1
cob=(2)
cfi=(51)
cfn=(2604) 0x0000000004942590
calls=3 0 
0 102 24 15 4 1
0 6 0 3
cob=(2)
cfi=(51)
cfn=(2300) 0x0000000004941bb0
calls=3 0 
0 48 9
0 15 3 3 1 0 0 1
cob=(2)
cfi=(51)
cfn=(2938) 0x0000000004940170
calls=3 0 
0 297 93 45 3 2 0 1
0 48 33

fn=(2944) std::__cxx11::basic_string<char, std::char_traits<char>, std::allocator<char> >::reserve(unsigned long)
0 1251 178 412 113 0 5 2
cob=(2)
cfi=(51)
cfn=(1926) 0x00000000049426e0
calls=80 0 
0 6340 1444 741 285 246 5
0 1846 720 240 116 0 0 2

fn=(3194) std::basic_filebuf<char, std::char_traits<char> >::_M_terminate_output()
0 39 11 15 4 5 0 2
cfn=(2824) std::codecvt<char, char, __mbstate_t>::do_always_noconv() const
calls=1 0 
0 3 1 0 1
0 27 18 0 4 0 0 2

fn=(3200) std::basic_filebuf<char, std::char_traits<char> >::_M_destroy_internal_buffer()
0 18 4 4 2 0 0 1
cob=(2)
cfi=(51)
cfn=(2938)
calls=2 0 
0 284 80 38 4 8 1
0 22 6 10 2 0 0 1

fn=(3354) std::ostream& std::ostream::_M_insert<long>(long)
0 255 15 120 8 0 0 2
cob=(2)
cfi=(51)
cfn=(2122)
calls=15 0 
0 375 135 75
0 270 123 12 1 2 0 1
cfn=(3356) std::num_put<char, std::ostreambuf_iterator<char, std::char_traits<char> > >::do_put(std::ostreambuf_iterator<char, std::char_traits<char> >, std::ios_base&, char, long) const
calls=12 0 
0 6525 1462 861 42 24 5 21 1
0 27 9 3 3 4
cfn=(3356)
calls=3 0 
0 787 163 123 47 7 1
0 339 210 6 11 0 0 3

fn=(3684) std::domain_error::domain_error(std::__cxx11::basic_string<char, std::char_traits<char>, std::allocator<char> > const&)
0 40 0 20 10 0 0 1
cob=(2)
cfi=(51)
cfn=(3686) 0x0000000004943ea0
calls=10 0 
0 3973 1037 628 158 85 31 13 2
0 50 30 10

fn=(3692) 0x00000000000e78b0
0 200 10 60 20 0 0 2
cob=(2)
cfi=(51)
cfn=(3700) 0x0000000004940530
calls=10 0 
0 1819 475 284 42 21 2 5 1
0 80 0 10
cob=(2)
cfi=(51)
cfn=(1916) 0x00000000049440f0
calls=10 0 
0 280 90 60 5 0 15
0 210 100 40 30 6 0 3

fn=(3738) __cxa_init_primary_exception
0 210 0 150 6 0 0 1
cob=(2)
cfi=(51)
cfn=(3740) 0x0000000004944050
calls=30 0 
0 1012 353 134 16 21 0 3 1
0 60 0 60
cob=(2)
cfi=(51)
cfn=(3746) 0x0000000004943af0
calls=30 0 
0 972 348 134 12 7 0 3
0 240 60 90

fn=(4376) std::string::_Rep::_M_destroy(std::allocator<char> const&)
0 20 0 0 5 0 0 1
cob=(2)
cfi=(51)
cfn=(1952) 0x00000000049412e0
calls=10 0 
0 950 300 150

fn=(4426) std::basic_ios<char, std::char_traits<char> >::copyfmt(std::basic_ios<char, std::char_traits<char> > const&)
0 1025 123 287 82 82 0 2
cob=(2)
cfi=(51)
cfn=(2236) 0x00000000049423b0
calls=41 0 
0 533 246 123 0 1
0 205 41 41 41 0 0 1
cob=(2)
cfi=(51)
cfn=(2242) 0x0000000004940770
calls=41 0 
0 615 246 164
0 2785 654 656 123 82 0 3
cob=(2)
cfi=(51)
cfn=(4428) 0x0000000004940a80
calls=41 0 
0 1137 419 175 168 87 8 0 1
0 123 0 41
cob=(2)
cfi=(51)
cfn=(1718)
calls=41 0 
0 902 328 123
0 82 0 41
cob=(2)
cfi=(51)
cfn=(1724)
calls=41 0 
0 410 205 41
0 123 0 41
cob=(2)
cfi=(51)
cfn=(1730) 0x0000000004943800
calls=41 0 
0 4551 1640 697
0 123 0 41
cob=(2)
cfi=(51)
cfn=(2236)
calls=41 0 
0 533 246 123
0 205 82 82 41 0 0 1
cob=(2)
cfi=(51)
cfn=(3142) 0x0000000004943d10
calls=41 0 
0 369 164 41 82 41
0 748 414 43 82 42 0 2

fn=(4998) 0x00000000000dbf00
0 2 1

fn=(5010) 0x00000000000ac0b0
0 4 0 1 1 0 0 1
cob=(2)
cfi=(51)
cfn=(5004) 0x0000000004942210
calls=1 0 
0 4 2

fn=(764) 0x00000000000aad40
0 50 25 12 3 12 0 3 2

fn=(816) 0x00000000000aaec0
0 7 0 2 1 0 0 1
cob=(2)
cfi=(51)
cfn=(634)
calls=1 0 
0 77 15 15
0 4 0 1
cob=(2)
cfi=(51)
cfn=(634)
calls=1 0 
0 77 15 15 0 0 1 0 0 1
0 5 1 0 1 0 0 1
cob=(2)
cfi=(51)
cfn=(634)
calls=1 0 
0 77 15 15

fn=(1006) operator new(unsigned long)
0 172152 0 43038 235 0 32 2
cob=(2)
cfi=(51)
cfn=(660) 0x00000000049410d0
calls=21519 0 
0 1039623 270124 140287 679 1299 487 26 0 317
0 86076 43038

fn=(1354) std::locale::facet::_S_get_c_name()
0 21 7 0 1 0 0 1

fn=(1454) std::ctype<wchar_t>::ctype(unsigned long)
0 13 1 5 2 0 1 2 0 1
cob=(2)
cfi=(51)
cfn=(1362)
calls=1 0 
0 19 6 1
0 7 2 2
cob=(2)
cfi=(51)
cfn=(1456) 0x0000000004941950
calls=1 0 
0 28596 7486 3902 52 87 20 42 19 20

fn=(1542) std::__cxx11::messages<wchar_t>::messages(unsigned long)
0 13 1 5 1 1 0 1
cob=(2)
cfi=(51)
cfn=(1362)
calls=1 0 
0 19 6 1
0 2 0 2
cob=(2)
cfi=(51)
cfn=(1350)
calls=1 0 
0 5 2
0 5 3 1

fn=(1604) std::messages<char>::messages(unsigned long)
0 13 1 5 2 1 1 2 0 1
cob=(2)
cfi=(51)
cfn=(1362)
calls=1 0 
0 19 6 1
0 2 0 2
cob=(2)
cfi=(51)
cfn=(1350)
calls=1 0 
0 5 2
0 5 3 1

fn=(1646) std::moneypunct<wchar_t, true>::_M_initialize_moneypunct(__locale_struct*, char const*)
0 109 30 31 6 0 0 6

fn=(1788) bool std::has_facet<std::ctype<wchar_t> >(std::locale const&)
0 12 4 0 1 0 0 1

fn=(1930) std::__cxx11::basic_string<char, std::char_traits<char>, std::allocator<char> >::_M_create(unsigned long&, unsigned long)
0 7446 598 0 93 0 0 1
cob=(2)
cfi=(51)
cfn=(1280) 0x0000000004940ba0
calls=328 0 
0 34900 7476 5002 390 344 92 0 0 79
0 810 0 270 1 0 0 1
cob=(2)
cfi=(51)
cfn=(1280)
calls=270 0 
0 26065 5736 3723 27 223 76 0 0 52

fn=(1950) operator delete(void*, unsigned long)
0 42780 0 0 9 0 0 1
cob=(2)
cfi=(51)
cfn=(1952)
calls=21390 0 
0 2058625 648315 323539 312 936 35 14 1 1

fn=(1956) operator delete(void*)
0 43038
cob=(2)
cfi=(51)
cfn=(1958) 0x0000000004941b30
calls=21519 0 
0 1984209 630432 325339 264 909 38 14 1 1

fn=(2228) std::__cxx11::basic_stringstream<char, std::char_traits<char>, std::allocator<char> >::~basic_stringstream()
0 2785 429 640 121 4 9 2
cob=(2)
cfi=(51)
cfn=(1952)
calls=68 0 
0 6460 2040 1020 1 55
0 715 143 286
cob=(2)
cfi=(51)
cfn=(1724)
calls=143 0 
0 1430 715 143 3 1
0 1573 286 572 57 50 0 1
cob=(2)
cfi=(51)
cfn=(2230) 0x0000000004943020
calls=143 0 
0 10875 3815 2118 379 96 0 11 2

fn=(2282)
0 1908 386 636 30 67 0 3 49
cob=(2)
cfi=(51)
cfn=(2284) 0x0000000004943000
calls=57 0 
0 2204 647 146 69 88 7 4 5
0 1577 761 147 11 7 0 1 4
cfn=(2283) __cxxabiv1::__si_class_type_info::__do_dyncast(long, __cxxabiv1::__class_type_info::__sub_kind, __cxxabiv1::__class_type_info const*, void const*, __cxxabiv1::__class_type_info const*, void const*, __cxxabiv1::__class_type_info::__dyncast_result&) const'2
calls=57 0 
0 4169 1287 753 15 0 0 3
0 684 114 228 21 6 0 2 3
cob=(2)
cfi=(51)
cfn=(2284)
calls=57 0 
0 1533 342 0 6
0 285 171

fn=(2283)
0 1266 268 422
cob=(2)
cfi=(51)
cfn=(2284)
calls=20 0 
0 460 120
0 1183 499 151
cfn=(4306)
calls=20 0 
0 460 180 100 15 0 0 3
0 240 40 80
cob=(2)
cfi=(51)
cfn=(2284)
calls=20 0 
0 460 120
0 100 60

fn=(2614) __gnu_cxx::stdio_sync_filebuf<char, std::char_traits<char> >::xsputn(char const*, long)
0 768 128 0 22 11 0 2
cob=(2)
cfi=(51)
cfn=(2616) 0x0000000004943bf0
calls=128 0 
0 14901 3867 2510 214 79 7 21 7 3

fn=(2740) std::__basic_file<char>::__basic_file(pthread_mutex_t*)
0 8 2 4 1 0 0 1

fn=(2790) std::basic_filebuf<char, std::char_traits<char> >::_M_allocate_internal_buffer()
0 18 6 4 4 0 0 2
cob=(2)
cfi=(51)
cfn=(2792)
calls=2 0 
0 618 105 86 30 15 3 1 0 1
0 8 4 4

fn=(2806) std::istream::read(char*, long)
0 9401824 587614 3525684 10 0 9 2
cob=(2)
cfi=(51)
cfn=(2808) 0x0000000004943990
calls=587614 0 
0 17629203 5876398 3525818 18 41 6 5
0 5288526 3525684 587614 0 9
cfn=(2814) std::basic_filebuf<char, std::char_traits<char> >::xsgetn(char*, long)
calls=587614 0 
0 53525422 14118266 9409565 93 1266 5 27 135
0 7051374 3525687 587615 4 0 0 1
cob=(2)
cfi=(51)
cfn=(3142)
calls=1 0 
0 1104 301 135 48 47 3 2 1
0 1

fn=(2878) std::locale::locale(std::locale const&)
0 315 135 45 85 0 1

fn=(2948) std::__cxx11::basic_string<char, std::char_traits<char>, std::allocator<char> >::_M_replace_aux(unsigned long, unsigned long, unsigned long, char)
0 2538 486 432 10 0 0 5

fn=(2952) std::__detail::_List_node_base::_M_hook(std::__detail::_List_node_base*)
0 9 2 3 1 0 0 1

fn=(2958) std::_Rb_tree_insert_and_rebalance(bool, std::_Rb_tree_node_base*, std::_Rb_tree_node_base*, std::_Rb_tree_node_base&)
0 572 98 190 17 1 0 5

fn=(3364) 0x000000000012e8f0
0 656 52 34 15 2 0 3

fn=(3518) std::chrono::_V2::steady_clock::now()
0 48 6 12 4 0 0 1
cob=(2)
cfi=(51)
cfn=(3336) 0x0000000004940b10
calls=6 0 
0 78 24 0 14 16
0 42 30 0 5 0 0 1

fn=(4140) 0x00000000000ad630
0 735 140 70 18 0 0 3
cfn=(4100) 0x00000000000ad4e0
calls=35 0 
0 855 120 35 5 5 0 1 5
0 210 140

fn=(4168) __cxxabiv1::__class_type_info::__do_upcast(__cxxabiv1::__class_type_info const*, void**) const
0 150 40 60 20 0 0 2
cfn=(4170) __cxxabiv1::__si_class_type_info::__do_upcast(__cxxabiv1::__class_type_info const*, void const*, __cxxabiv1::__class_type_info::__upcast_result&) const
calls=10 0 
0 2946 816 374 22 22 0 4 5
0 150 60 10 10 0 0 1

fn=(4170)
0 110 0 50 6 0 0 1
cob=(2)
cfi=(51)
cfn=(4172) 0x0000000004941a30
calls=10 0 
0 1756 466 174 16 17 0 3
0 140 70 0 0 5 0 0 5
cfn=(4171) __cxxabiv1::__si_class_type_info::__do_upcast(__cxxabiv1::__class_type_info const*, void const*, __cxxabiv1::__class_type_info::__upcast_result&) const'2
calls=10 0 
0 940 280 150

fn=(4171)
0 110 0 50
cob=(2)
cfi=(51)
cfn=(4172)
calls=10 0 
0 500 150 40
0 140 70
cfn=(4176) __cxxabiv1::__class_type_info::__do_upcast(__cxxabiv1::__class_type_info const*, void const*, __cxxabiv1::__class_type_info::__upcast_result&) const
calls=10 0 
0 190 60 60

fn=(4332) __cxa_get_globals_fast
0 140 0 35 5 0 0 1
cob=(2)
cfi=(51)
cfn=(3728) 0x0000000004942020
calls=35 0 
0 490 280
0 105 35

fn=(4804) std::ios_base::Init::~Init()
0 24 8 3 2 3 0 2
cob=(2)
cfi=(51)
cfn=(2706)
calls=1 0 
0 136 53 23 10 14
0 2 1 1 0 1
cob=(2)
cfi=(51)
cfn=(2706)
calls=1 0 
0 393 148 64 7 16 0 0 3
0 2 1 1 0 1
cob=(2)
cfi=(51)
cfn=(2706)
calls=1 0 
0 136 53 23 0 2
0 2 1 1 0 1
cob=(2)
cfi=(51)
cfn=(4810) 0x0000000004943860
calls=1 0 
0 2222 634 291 11 32 2 10 3
0 2 1 1 0 1
cob=(2)
cfi=(51)
cfn=(4810)
calls=1 0 
0 393 148 64 1 5 0 1
0 2 1 1 1 1 0 1
cob=(2)
cfi=(51)
cfn=(4810)
calls=1 0 
0 136 53 23 0 2
0 2 1

fn=(4820) std::basic_ostream<wchar_t, std::char_traits<wchar_t> >::sentry::sentry(std::basic_ostream<wchar_t, std::char_traits<wchar_t> >&)
0 49 12 13 2 1 0 2
cob=(2)
cfi=(51)
cfn=(4811) 0x0000000004943860'2
calls=1 0 
0 136 53 23
0 27 14 3 1 0 0 1

fn=(4821) std::basic_ostream<wchar_t, std::char_traits<wchar_t> >::sentry::sentry(std::basic_ostream<wchar_t, std::char_traits<wchar_t> >&)'2
0 23 8 5

fn=(4994) 0x00000000000e28b0
0 2 1 0 1 0 0 1

fn=(622) 0x00000000000aa840
0 9 0 4 1 0 1 1
cob=(2)
cfi=(51)
cfn=(624) 0x0000000004941fb0
calls=1 0 
0 845 264 135 3 19 7 3 0 1
0 7 0 2 1 0 0 1
cob=(2)
cfi=(51)
cfn=(634)
calls=1 0 
0 1079 340 165 9 24 1 9 1
0 3 0 2
cob=(2)
cfi=(51)
cfn=(624)
calls=1 0 
0 7 3 1
0 9 2 1 1 0 0 1
cob=(2)
cfi=(51)
cfn=(634)
calls=1 0 
0 77 15 15 0 0 1

fn=(746) 0x00000000000aacc0
0 34 17 8 2 8 0 2 1

fn=(790) 0x00000000000aae00
0 50 25 12 3 10 0 3 2

fn=(1016) std::__detail::_Prime_rehash_policy::_M_next_bkt(unsigned long) const
0 76 14 2 12 2 0 6 1

fn=(1334) 0x00000000000c2320
0 11 1 3 1 0 0 1
cob=(2)
cfi=(51)
cfn=(1344) 0x00000000049412c0
calls=1 0 
0 79341 21798 9921 337 455 100 323 76 95
0 9 2 2
cob=(2)
cfi=(51)
cfn=(1692) 0x0000000004940690
calls=1 0 
0 829 264 135 1 10 0 1 2
0 33496 16747 0 676 1356 0 2 670

fn=(1506) std::codecvt<wchar_t, char, __mbstate_t>::codecvt(unsigned long)
0 13 1 5 2 0 1 2 0 1
cob=(2)
cfi=(51)
cfn=(1362)
calls=1 0 
0 19 6 1
0 5 3 1

fn=(1550) std::numpunct<char>::_M_initialize_numpunct(__locale_struct*)
0 414 137 75 5 0 0 5

fn=(1670) std::messages<wchar_t>::messages(unsigned long)
0 13 1 5 2 0 0 2
cob=(2)
cfi=(51)
cfn=(1362)
calls=1 0 
0 19 6 1
0 2 0 2
cob=(2)
cfi=(51)
cfn=(1350)
calls=1 0 
0 5 2
0 5 3 1

fn=(1696) std::locale::locale(std::locale::_Impl*)
0 3 1 1 1 0 0 1

fn=(1710) std::basic_ios<char, std::char_traits<char> >::init(std::basic_streambuf<char, std::char_traits<char> >*)
0 17507 0 7503 748 0 0 1
cob=(2)
cfi=(51)
cfn=(1712)
calls=2501 0 
0 219963 80806 45420 4586 2069 101 11 2
0 7503 0 2501
cob=(2)
cfi=(51)
cfn=(1730)
calls=2501 0 
0 285892 102196 43455 9968 10187 0 18 11
0 32513 7503 12505 686 0 0 1

fn=(1770) std::num_get<char, std::istreambuf_iterator<char, std::char_traits<char> > > const& std::use_facet<std::num_get<char, std::istreambuf_iterator<char, std::char_traits<char> > > >(std::locale const&)
0 12710 2542 5084 674 677 0 1
cob=(2)
cfi=(51)
cfn=(1402)
calls=2542 0 
0 20336 7626
0 15252 12710

fn=(1912) std::__cxx11::basic_string<char, std::char_traits<char>, std::allocator<char> >::_M_replace(unsigned long, unsigned long, char const*, unsigned long)
0 6152331 301285 903886 242 0 14 4
cob=(2)
cfi=(51)
cfn=(1916)
calls=256 0 
0 5194 1390 680 9 31 17 2 3
0 1808407 1204840 301421 185 0 0 2
cob=(2)
cfi=(51)
cfn=(1920) 0x0000000004943fd0
calls=211 0 
0 57037 12689 8900 785 155 331 12 3 121
0 736382 145037 145037 57 1 0 1 1

fn=(2116) std::__cxx11::basic_stringstream<char, std::char_traits<char>, std::allocator<char> >::basic_stringstream()
0 15732 1656 4968 1365 1346 35 2
cob=(2)
cfi=(51)
cfn=(1700) 0x00000000049411b0
calls=828 0 
0 72036 10764 24840 6034 2749 569 0 669
0 10764 0 6624 1458 0 14 2
cob=(2)
cfi=(51)
cfn=(1706) 0x00000000049435a0
calls=828 0 
0 184644 62928 36432 16006 12851 101
0 5796 0 2484 0 0 54
cob=(2)
cfi=(51)
cfn=(1706)
calls=828 0 
0 184644 62928 36432
0 10764 828 5796 674 0 118 1
cob=(2)
cfi=(51)
cfn=(1328)
calls=828 0 
0 22356 9108 4968
0 9108 828 4968 735 672 0 1
cob=(2)
cfi=(51)
cfn=(1706)
calls=828 0 
0 184644 62928 36432
0 4968 4140

fn=(2796) std::basic_ios<char, std::char_traits<char> >::clear(std::_Ios_Iostate)
0 315 135 45 44 0 0 1

fn=(2830) std::__basic_file<char>::xsgetn(char*, long)
0 3456 0 1440 4 0 0 2
cob=(2)
cfi=(51)
cfn=(2832)
calls=288 0 
0 5740 2294 278 13 70 0 0 4
0 1152 0 288
cob=(2)
cfi=(51)
cfn=(2842) 0x00000000049410a0
calls=288 0 
0 3727 1163 144 10 24 0 3 3
0 2880 1440

fn=(3152) std::_Rb_tree_increment(std::_Rb_tree_node_base*)
0 68 24 0 2 2 0 1

fn=(3298) std::basic_filebuf<char, std::char_traits<char> >::_M_convert_to_external(char*, long)
0 1120 224 448 14 0 0 1
cfn=(2824)
calls=56 0 
0 168 56
0 336 0 56 15 0 0 1
cob=(2)
cfi=(51)
cfn=(3300) 0x0000000004941a70
calls=56 0 
0 4743 1425 619 86 60 1 4 7
0 728 504 0 3 0 0 1

fn=(3356)
0 45 0 0 4 0 0 1
cob=(2)
cfi=(51)
cfn=(3358) 0x0000000004942ae0
calls=15 0 
0 7267 1625 984 85 31 6 20 1

fn=(3624) std::num_put<char, std::ostreambuf_iterator<char, std::char_traits<char> > >::do_put(std::ostreambuf_iterator<char, std::char_traits<char> >, std::ios_base&, char, unsigned long) const
0 9 0 0 1 0 0 1
cob=(2)
cfi=(51)
cfn=(3626) 0x0000000004943d00
calls=3 0 
0 2049 477 238 48 24 1 6 2

fn=(3630) std::ostreambuf_iterator<char, std::char_traits<char> > std::num_put<char, std::ostreambuf_iterator<char, std::char_traits<char> > >::_M_insert_int<unsigned long>(std::ostreambuf_iterator<char, std::char_traits<char> >, std::ios_base&, char, unsigned long) const
0 60 3 30 2 0 0 2
cfn=(2146)
calls=3 0 
0 87 36 15 1
0 81 3 18 2 0 0 2
cfn=(3364)
calls=3 0 
0 86 7 4 3
0 72 21 9 2 0 0 2
cfn=(2208) std::basic_streambuf<char, std::char_traits<char> >::xsputn(char const*, long)
calls=3 0 
0 170 37 28 1
0 48 27

fn=(3720) __cxa_throw
0 270 0 120 5 0 0 1
cob=(2)
cfi=(51)
cfn=(3722) 0x0000000004942d30
calls=30 0 
0 2401 879 311 20 70 0 6 3
0 150 0 60 0 0 5
cob=(2)
cfi=(51)
cfn=(3734) 0x0000000004942da0
calls=30 0 
0 3432 1057 702 45 38 0 9 3
0 120 0 60 5 0 0 1
cob=(2)
cfi=(51)
cfn=(3752) 0x0000000004941d60
calls=30 0 
0 588582 102669 53983 1020 834 64 181 378

fn=(4300) __cxa_begin_catch
0 140 0 70 5 0 0 1
cob=(2)
cfi=(51)
cfn=(3722)
calls=35 0 
0 805 350 35 0 7
0 805 210 140 6 1 0 1

fn=(4370) std::logic_error::~logic_error()
0 200 70 30 6 1 0 1
cob=(2)
cfi=(51)
cfn=(4350) 0x0000000004943480
calls=10 0 
0 40 20
0 100 30 20 5 0 0 1
cob=(2)
cfi=(51)
cfn=(4372) 0x00000000049408f0
calls=10 0 
0 1845 577 284 17 16 0 3
0 10

fn=(4780) operator delete[](void*, unsigned long)
0 6
cob=(2)
cfi=(51)
cfn=(2938)
calls=3 0 
0 297 93 45 0 3

fn=(4990) 0x000000000018d810
0 2 1

fn=(5002) 0x00000000000ac070
0 4 0 1 2 0 0 1
cob=(2)
cfi=(51)
cfn=(5004)
calls=1 0 
0 858 265 134 3 19

fn=(5014) 0x00000000000aaf10
0 5 1 0 1

fn=(616) 0x00000000000aafc0
0 12 1 0 2 0 0 2

fn=(718) 0x00000000000aaa60
0 44 13 28 5 3 6 5 3 6

fn=(728) 0x00000000000aac40
0 34 17 8 2 9 0 2 1

fn=(1278) operator new[](unsigned long)
0 18 0 0 4 0 0 1
cob=(2)
cfi=(51)
cfn=(1280)
calls=9 0 
0 2229 542 364 38 32 9 2 0 4

fn=(1384) std::locale::facet::_S_create_c_locale(__locale_struct*&, char const*, __locale_struct*)
0 5 0 2 2 0 0 2
cob=(2)
cfi=(51)
cfn=(1386) 0x0000000004942370
calls=1 0 
0 961 321 153 9 17 1 9 3
0 5 2 1

fn=(1460) std::ctype<wchar_t>::_M_initialize_ctype()
0 10 1 5 1 0 0 1
cob=(2)
cfi=(51)
cfn=(1462)
calls=1 0 
0 907 316 148 4 18 0 4 4
0 770 0 256 1 0 2 1 0 2
cob=(2)
cfi=(51)
cfn=(1468) 0x0000000004941f30
calls=128 0 
0 4654 1348 666 7 17 0 5 3
0 260 0 2
cob=(2)
cfi=(51)
cfn=(1474) 0x0000000004943a60
calls=1 0 
0 860 309 149 6 11 0 6 3
0 510 0 255
cob=(2)
cfi=(51)
cfn=(1474)
calls=255 0 
0 13150 3959 1531 5 5 0 5
0 1086 0 272 1 0 16 1 0 16
cob=(2)
cfi=(51)
cfn=(1486) 0x0000000004941de0
calls=8 0 
0 3618 939 382 24 27 0 16 8
0 72 0 16 0 0 2 0 0 2
cob=(2)
cfi=(51)
cfn=(1486)
calls=4 0 
0 1736 326 78
0 23 4 4
cob=(2)
cfi=(51)
cfn=(1462)
calls=1 0 
0 24 10 4 0 1
0 2 0 0 1 0 0 1

fn=(1518) std::__cxx11::moneypunct<wchar_t, false>::_M_initialize_moneypunct(__locale_struct*, char const*)
0 109 30 31 6 1 0 6

fn=(1524) std::__cxx11::moneypunct<wchar_t, true>::_M_initialize_moneypunct(__locale_struct*, char const*)
0 109 30 31 6 0 0 6

fn=(1536) std::__timepunct<wchar_t>::_M_initialize_timepunct(__locale_struct*)
0 11 2 4 2 0 0 2
cob=(2)
cfi=(51)
cfn=(1362)
calls=1 0 
0 19 6 1
0 138 4 25 12 0 0 12

fn=(1544) 0x00000000000dc6c0
0 23 4 11 2 1 2 2 0 2
cob=(2)
cfi=(51)
cfn=(1546) 0x00000000049415e0
calls=1 0 
0 1512 434 209 7 8 1 7 1
0 8 4 3 1 0 0 1
cob=(2)
cfi=(51)
cfn=(1402)
calls=1 0 
0 17 6 2 0 1
0 7 2 4 0 1
cob=(2)
cfi=(51)
cfn=(1362)
calls=1 0 
0 19 6 1
0 7 3 3 1 0 0 1
cob=(2)
cfi=(51)
cfn=(1402)
calls=1 0 
0 17 6 2 0 1
0 12 1 5 1 0 1 1 0 1
cob=(2)
cfi=(51)
cfn=(1564) 0x0000000004940930
calls=1 0 
0 1352 360 170 6 11 1 6 3
0 7 3 3 1 0 0 1
cob=(2)
cfi=(51)
cfn=(1402)
calls=1 0 
0 17 6 2
0 13 3 5 1 1 0 1
cob=(2)
cfi=(51)
cfn=(1576) 0x0000000004943ee0
calls=1 0 
0 1323 349 165 7 8 1 7 2
0 7 3 3
cob=(2)
cfi=(51)
cfn=(1402)
calls=1 0 
0 17 6 2
0 12 5 5 1 0 0 1
cob=(2)
cfi=(51)
cfn=(1402)
calls=1 0 
0 17 6 2
0 12 4 5 1 2 0 1
cob=(2)
cfi=(51)
cfn=(1402)
calls=1 0 
0 17 6 2
0 12 4 5 2 0 0 2
cob=(2)
cfi=(51)
cfn=(1402)
calls=1 0 
0 17 6 2
0 6 0 2
cob=(2)
cfi=(51)
cfn=(1600) 0x0000000004944380
calls=1 0 
0 845 273 143 4 9 1 4 1 1
0 7 3 3 1 0 0 1
cob=(2)
cfi=(51)
cfn=(1402)
calls=1 0 
0 17 6 2
0 16 5 7 1 0 1 1 0 1
cob=(2)
cfi=(51)
cfn=(1612) 0x0000000004941f90
calls=1 0 
0 1456 372 208 8 6 0 6
0 7 3 3 1 1 0 1
cob=(2)
cfi=(51)
cfn=(1402)
calls=1 0 
0 17 6 2
0 7 2 4 0 1
cob=(2)
cfi=(51)
cfn=(1362)
calls=1 0 
0 19 6 1
0 7 3 3 1 1 0 1
cob=(2)
cfi=(51)
cfn=(1402)
calls=1 0 
0 17 6 2
0 13 2 5 1 0 1 1 0 1
cob=(2)
cfi=(51)
cfn=(1630) 0x00000000049425e0
calls=1 0 
0 1335 343 165 7 9 0 7 2
0 7 3 3 1 1 0 1
cob=(2)
cfi=(51)
cfn=(1402)
calls=1 0 
0 17 6 2
0 13 3 5 1 1 0 1
cob=(2)
cfi=(51)
cfn=(1642) 0x0000000004943160
calls=1 0 
0 1311 340 165 8 8 0 8
0 7 3 3 0 1
cob=(2)
cfi=(51)
cfn=(1402)
calls=1 0 
0 17 6 2
0 12 5 5 1 1 0 1
cob=(2)
cfi=(51)
cfn=(1402)
calls=1 0 
0 17 6 2
0 12 4 5 2 0 1 2 0 1
cob=(2)
cfi=(51)
cfn=(1402)
calls=1 0 
0 17 6 2
0 12 4 5 1 0 0 1
cob=(2)
cfi=(51)
cfn=(1402)
calls=1 0 
0 17 6 2
0 6 0 2
cob=(2)
cfi=(51)
cfn=(1666) 0x0000000004942b30
calls=1 0 
0 845 273 143 4 8 0 4 2
0 6 3 2 1 0 0 1
cob=(2)
cfi=(51)
cfn=(1402)
calls=1 0 
0 17 6 2
0 4 2 2
cob=(2)
cfi=(51)
cfn=(1402)
calls=1 0 
0 8 3
0 4 2 2
cob=(2)
cfi=(51)
cfn=(1402)
calls=1 0 
0 8 3
0 4 2 2 1 0 0 1
cob=(2)
cfi=(51)
cfn=(1402)
calls=1 0 
0 8 3
0 5 3 2
cob=(2)
cfi=(51)
cfn=(1402)
calls=1 0 
0 8 3
0 4 2 2 1 0 0 1
cob=(2)
cfi=(51)
cfn=(1402)
calls=1 0 
0 8 3
0 5 3 2
cob=(2)
cfi=(51)
cfn=(1402)
calls=1 0 
0 8 3
0 10 8 1

fn=(1580) std::moneypunct<char, true>::_M_initialize_moneypunct(__locale_struct*, char const*)
0 113 38 31 5 0 1 5

fn=(1616) std::numpunct<wchar_t>::_M_initialize_numpunct(__locale_struct*)
0 350 74 74 6 0 0 6

fn=(1782) std::basic_ios<wchar_t, std::char_traits<wchar_t> >::_M_cache_locale(std::locale const&)
0 32 0 12 1 0 0 1
cob=(2)
cfi=(51)
cfn=(1784) 0x0000000004941230
calls=4 0 
0 947 284 134 3 10 0 3 2
0 16 0 4
cob=(2)
cfi=(51)
cfn=(1790) 0x00000000049404c0
calls=4 0 
0 1035 319 142 4 10 0 4 3
0 12 0 8 1 0 0 1
cob=(2)
cfi=(51)
cfn=(1796) 0x0000000004940dd0
calls=4 0 
0 1315 330 134 3 7 0 3 2
0 16 0 4
cob=(2)
cfi=(51)
cfn=(1802) 0x0000000004942ed0
calls=4 0 
0 1419 367 142 3 8 0 3 3
0 12 0 8
cob=(2)
cfi=(51)
cfn=(1808) 0x0000000004942820
calls=4 0 
0 1331 332 134 2 8 0 2 2
0 16 0 4
cob=(2)
cfi=(51)
cfn=(1814) 0x0000000004943bd0
calls=4 0 
0 1427 368 142 3 5 0 3 1
0 20 12 4

fn=(2246) std::ios_base::_M_dispose_callbacks()
0 11362 4370 3496 757 0 0 1

fn=(2602) std::__cxx11::basic_string<char, std::char_traits<char>, std::allocator<char> >::append(char const*)
0 672 0 252 2 0 0 1
cob=(2)
cfi=(51)
cfn=(2300)
calls=84 0 
0 1344 252 0 2 4 0 0 2
0 924 252 0 2 0 0 1
cob=(2)
cfi=(51)
cfn=(2604)
calls=84 0 
0 17688 4609 2737 27 28 0 2

fn=(2632) std::ostream::put(char)
0 2590 185 925 127 0 0 2
cob=(2)
cfi=(51)
cfn=(2122)
calls=185 0 
0 8200 3040 1525
0 2809 1850 219 50 0 0 1
cob=(2)
cfi=(51)
cfn=(4398)
calls=25 0 
0 825 325 50
0 1840 1185 25
cfn=(2646)
calls=25 0 
0 1775 600 325
0 314 176 88 11 0 0 1
cfn=(2634) __gnu_cxx::stdio_sync_filebuf<char, std::char_traits<char> >::overflow(int)
calls=88 0 
0 7500 2090 1109 99 24 2 6 4
0 176

fn=(2766) std::__basic_file<char>::is_open() const
0 48 24 0 2 2

fn=(2814)
0 14690350 1762842 4113298 8 8 0 4
cob=(2)
cfi=(51)
cfn=(2816) 0x0000000004942100
calls=587614 0 
0 30020862 7654512 5296267 81 1250 5 21 135
0 8814210 4700912 0 4 8 0 2

fn=(2822) std::basic_filebuf<char, std::char_traits<char> >::underflow()
0 9504 2880 2304 12 21 0 3
cfn=(2824)
calls=288 0 
0 864 288 0 4 0 0 1
0 4896 2880 288 9 0 0 3
cob=(2)
cfi=(51)
cfn=(2826) 0x0000000004941f00
calls=288 0 
0 18419 5455 2284 31 112 1 5 8
0 5467 862 1440 7 8 0 3

fn=(2886) bool std::has_facet<std::__cxx11::messages<char> >(std::locale const&)
0 5 1 2 2 0 0 2
cob=(2)
cfi=(51)
cfn=(1402)
calls=1 0 
0 8 3 0 0 1
0 12 6 1 0 2
cob=(2)
cfi=(51)
cfn=(2748)
calls=1 0 
0 153 50 28 10 8 0 7 2
0 5 2

fn=(2926) std::__cxx11::collate<char>::_M_transform(char*, char const*, unsigned long) const
0 21 3 0 1 0 0 1
cob=(2)
cfi=(51)
cfn=(2928) 0x0000000004940f00
calls=3 0 
0 1201 384 189 16 20 0 12 4

fn=(3378) 0x000000000012d890
0 112 4 28 6 0 1 2
cob=(2)
cfi=(51)
cfn=(2104) 0x0000000004940790
calls=4 0 
0 84 8 5 8 1
0 56 24 0 3 0 0 1
cob=(2)
cfi=(51)
cfn=(1916)
calls=4 0 
0 74 13 5

fn=(3622) std::ostream& std::ostream::_M_insert<unsigned long>(unsigned long)
0 51 3 24 1 0 0 1
cob=(2)
cfi=(51)
cfn=(2122)
calls=3 0 
0 75 27 15
0 57 24 3 2 1 0 2
cfn=(3624)
calls=3 0 
0 2058 477 238 49 24 1 7 2
0 99 54 6 3 0 0 3

fn=(3680) __cxa_allocate_exception
0 150 0 60 5 0 0 1
cob=(2)
cfi=(51)
cfn=(660)
calls=30 0 
0 1910 452 266 38 24 5
0 900 60 510 5 0 23 1

fn=(3704) std::string::_Rep::_S_create(unsigned long, unsigned long, std::allocator<char> const&)
0 160 0 20 20 0 0 2
cob=(2)
cfi=(51)
cfn=(1280)
calls=10 0 
0 744 178 110 5 5 1
0 40 20 20 10 0 0 1

fn=(4064) 0x00000000000ad7e0
0 1440 0 600 5 0 0 1
cob=(2)
cfi=(51)
cfn=(4068) 0x0000000004940710
calls=120 0 
0 1604 662 141 21 12 0 3 2
0 6030 1230 720 20 33 0 3 30

fn=(4100)
0 144885 11875 3335 30 32 0 5 26

fn=(4160) std::type_info::__is_pointer_p() const
0 45 15 0 6 0 0 1

fn=(4310) __cxa_bad_cast
0 120 20 60 5 0 0 1
cob=(2)
cfi=(51)
cfn=(4312) 0x0000000004941bd0
calls=20 0 
0 2860 625 689 47 33 12 2
0 140 60 40 5 15 0 1
cob=(2)
cfi=(51)
cfn=(4316) 0x0000000004942310
calls=20 0 
0 301884 54577 29149 68 118 0 2 53

fn=(4354) std::exception::~exception()
0 60 30 0 5 0 0 1

fn=(4362) __cxa_free_exception
0 270 60 0 5 7 0 1
cob=(2)
cfi=(51)
cfn=(1958)
calls=30 0 
0 2730 870 450 11 2

fn=(4666) std::basic_ofstream<char, std::char_traits<char> >::~basic_ofstream()
0 15 2 4 2 2 1 2
cob=(2)
cfi=(51)
cfn=(4668) 0x00000000049439d0
calls=1 0 
0 1746 491 270 100 72 23 2 1
0 2 0 1
cob=(2)
cfi=(51)
cfn=(4672) 0x00000000049416c0
calls=1 0 
0 845 269 136 3 9 0 2
0 5 1 2 0 1
cob=(2)
cfi=(51)
cfn=(1724)
calls=1 0 
0 10 5 1 0 2
0 7 1 3 1 1 0 1
cob=(2)
cfi=(51)
cfn=(2230)
calls=1 0 
0 57 21 12 0 6
0 3 1
cob=(2)
cfi=(51)
cfn=(1952)
calls=1 0 
0 95 30 15 0 1

fn=(4822) __gnu_cxx::stdio_sync_filebuf<wchar_t, std::char_traits<wchar_t> >::sync()
0 15 5 0 0 2
cob=(2)
cfi=(51)
cfn=(2648)
calls=5 0 
0 340 115 65

fn=(1332) std::locale::locale()
0 29309 0 20935 690 0 119 1 0 1
cfn=(1334)
calls=4187 0 
0 113686 38812 10061 1015 1821 100 327 748 95
0 41870 25122 4187 1456 1 1 2

fn=(1348) std::locale::_Impl::_Impl(unsigned long)
0 141 1 121 3 0 16 3 0 16
cob=(2)
cfi=(51)
cfn=(1350)
calls=1 0 
0 931 274 134 3 12 0 3 2
0 7 1 2 0 1 0 0 1
cob=(2)
cfi=(51)
cfn=(1356) 0x00000000049406b0
calls=1 0 
0 5114 1539 819 35 65 11 33 15 9
0 4 1 1 1 1 0 1
cob=(2)
cfi=(51)
cfn=(1396) 0x0000000004941fc0
calls=1 0 
0 2310 674 279 12 15 0 12 3
0 4 0 1
cob=(2)
cfi=(51)
cfn=(1408) 0x0000000004941880
calls=1 0 
0 935 282 141 4 8 2 4 1 2
0 4 1 1 0 1
cob=(2)
cfi=(51)
cfn=(1396)
calls=1 0 
0 398 117 11 0 1
0 23 1 15 3 0 4 3 0 4
cob=(2)
cfi=(51)
cfn=(1414) 0x00000000049435c0
calls=1 0 
0 1600 445 209 9 16 0 9 4
0 4 1 1 0 1
cob=(2)
cfi=(51)
cfn=(1396)
calls=1 0 
0 398 117 11 0 1 0 0 1
0 8 2 3 1 2 0 1
cob=(2)
cfi=(51)
cfn=(1396)
calls=1 0 
0 398 117 11 0 1 0 0 1
0 8 2 3 1 2 0 1
cob=(2)
cfi=(51)
cfn=(1396)
calls=1 0 
0 398 117 11
0 5 1 3 0 1
cob=(2)
cfi=(51)
cfn=(1362)
calls=1 0 
0 19 6 1
0 5 1 2 1 1 0 1
cob=(2)
cfi=(51)
cfn=(1396)
calls=1 0 
0 398 117 11
0 28 1 19 3 1 4 3 0 4
cob=(2)
cfi=(51)
cfn=(1420) 0x0000000004941d00
calls=1 0 
0 1379 356 165 6 12 0 6 2
0 4 1 1 1 1 0 1
cob=(2)
cfi=(51)
cfn=(1396)
calls=1 0 
0 398 117 11
0 28 1 19 3 1 1 3 0 1
cob=(2)
cfi=(51)
cfn=(1426) 0x0000000004943410
calls=1 0 
0 1387 357 165 7 9 0 7 1
0 4 1 1 0 1
cob=(2)
cfi=(51)
cfn=(1396)
calls=1 0 
0 398 117 11
0 8 2 3 1 2 0 1
cob=(2)
cfi=(51)
cfn=(1396)
calls=1 0 
0 398 117 11
0 8 2 3 1 1 0 1
cob=(2)
cfi=(51)
cfn=(1396)
calls=1 0 
0 398 117 11
0 35 0 28 4 0 6 4 0 6
cob=(2)
cfi=(51)
cfn=(1432) 0x00000000049428c0
calls=1 0 
0 2359 609 307 20 19 1 20 3 1
0 4 1 1 0 1
cob=(2)
cfi=(51)
cfn=(1396)
calls=1 0 
0 398 117 11
0 8 2 3 1 2 0 1
cob=(2)
cfi=(51)
cfn=(1396)
calls=1 0 
0 398 117 11
0 8 2 3 0 2
cob=(2)
cfi=(51)
cfn=(1396)
calls=1 0 
0 398 117 11 0 1
0 4 0 1 1 0 0 1
cob=(2)
cfi=(51)
cfn=(1444) 0x0000000004940560
calls=1 0 
0 893 279 143 4 8 1 4 1 1
0 4 1 1
cob=(2)
cfi=(51)
cfn=(1396)
calls=1 0 
0 398 117 11
0 4 0 1
cob=(2)
cfi=(51)
cfn=(1450) 0x0000000004940a60
calls=1 0 
0 29405 7751 4044 56 94 21 46 20 21
0 4 1 1 1 1 0 1
cob=(2)
cfi=(51)
cfn=(1396)
calls=1 0 
0 398 117 11
0 4 0 1
cob=(2)
cfi=(51)
cfn=(1502) 0x0000000004941440
calls=1 0 
0 935 282 141 4 9 1 4 2 1
0 4 1 1 0 1
cob=(2)
cfi=(51)
cfn=(1396)
calls=1 0 
0 398 117 11
0 23 1 15 3 1 4 3 0 4
cob=(2)
cfi=(51)
cfn=(1508) 0x0000000004940b40
calls=1 0 
0 1512 379 208 7 10 3 7 1 3
0 4 1 1 0 1
cob=(2)
cfi=(51)
cfn=(1396)
calls=1 0 
0 398 117 11 0 2 0 0 1
0 8 2 3 1 0 0 1
cob=(2)
cfi=(51)
cfn=(1396)
calls=1 0 
0 398 117 11 0 1 0 0 1
0 8 2 3 1 1 0 1
cob=(2)
cfi=(51)
cfn=(1396)
calls=1 0 
0 398 117 11
0 5 1 3
cob=(2)
cfi=(51)
cfn=(1362)
calls=1 0 
0 19 6 1
0 16 3 5 2 1 0 2
cob=(2)
cfi=(51)
cfn=(1396)
calls=1 0 
0 398 117 11
0 27 1 19 3 1 4 3 0 4
cob=(2)
cfi=(51)
cfn=(1514) 0x0000000004942c20
calls=1 0 
0 1399 351 165 8 10 0 8 1
0 4 1 1
cob=(2)
cfi=(51)
cfn=(1396)
calls=1 0 
0 398 117 11
0 28 1 19 4 0 2 4 0 2
cob=(2)
cfi=(51)
cfn=(1520) 0x0000000004940f10
calls=1 0 
0 1367 347 165 8 9 0 8
0 4 1 1 0 1
cob=(2)
cfi=(51)
cfn=(1396)
calls=1 0 
0 398 117 11
0 8 2 3 1 0 0 1
cob=(2)
cfi=(51)
cfn=(1396)
calls=1 0 
0 398 117 11
0 8 2 3 1 2 1 1 0 1
cob=(2)
cfi=(51)
cfn=(1396)
calls=1 0 
0 398 117 11
0 35 0 28 3 0 6 3 0 6
cob=(2)
cfi=(51)
cfn=(1526) 0x00000000049432b0
calls=1 0 
0 2391 613 307 20 17 0 20 3
0 4 1 1 1 1 0 1
cob=(2)
cfi=(51)
cfn=(1396)
calls=1 0 
0 398 117 11
0 8 2 3 0 1 1 0 0 1
cob=(2)
cfi=(51)
cfn=(1396)
calls=1 0 
0 398 117 11
0 8 2 3 1 2 0 1
cob=(2)
cfi=(51)
cfn=(1396)
calls=1 0 
0 398 117 11 0 1
0 4 0 1 1 0 0 1
cob=(2)
cfi=(51)
cfn=(1538) 0x0000000004940b80
calls=1 0 
0 893 279 143 1 8 0 1
0 4 1 1 0 1
cob=(2)
cfi=(51)
cfn=(1396)
calls=1 0 
0 398 117 11
0 8 2 3 1 0 1 1 0 1
cob=(2)
cfi=(51)
cfn=(1396)
calls=1 0 
0 398 117 11 0 1
0 8 2 3
cob=(2)
cfi=(51)
cfn=(1396)
calls=1 0 
0 398 117 11
0 8 2 3 1 1 0 1
cob=(2)
cfi=(51)
cfn=(1396)
calls=1 0 
0 398 117 11
0 8 2 3 1 0 0 1
cob=(2)
cfi=(51)
cfn=(1396)
calls=1 0 
0 398 117 11
0 9 3 4 1 0 0 1
cfn=(1544)
calls=1 0 
0 10631 2971 1524 76 81 10 74 11 7
0 3 2 1
cob=(2)
cfi=(51)
cfn=(1402)
calls=1 0 
0 8 3
0 4 2 2
cob=(2)
cfi=(51)
cfn=(1402)
calls=1 0 
0 8 3
0 4 2 2 1 0 0 1
cob=(2)
cfi=(51)
cfn=(1402)
calls=1 0 
0 8 3
0 4 2 2
cob=(2)
cfi=(51)
cfn=(1402)
calls=1 0 
0 8 3
0 5 2 2
cob=(2)
cfi=(51)
cfn=(1402)
calls=1 0 
0 8 3
0 5 2 2 1 0 0 1
cob=(2)
cfi=(51)
cfn=(1402)
calls=1 0 
0 8 3
0 4 2 2
cob=(2)
cfi=(51)
cfn=(1402)
calls=1 0 
0 8 3
0 5 2 2
cob=(2)
cfi=(51)
cfn=(1402)
calls=1 0 
0 8 3
0 13 9 1 1 1 0 1

fn=(1366) std::locale::facet::_S_get_c_locale()
0 7310 0 1462 111 0 0 1
cob=(2)
cfi=(51)
cfn=(1368) 0x0000000004941630
calls=1462 0 
0 14900 5363 466 140 146 2 24 13
0 5848 2924

fn=(1412) std::codecvt<char, char, __mbstate_t>::codecvt(unsigned long)
0 13 1 5 1 1 1 1 0 1
cob=(2)
cfi=(51)
cfn=(1362)
calls=1 0 
0 19 6 1
0 5 3 1 1 0 1 1 0 1

fn=(1436) std::__timepunct<char>::__timepunct(std::__timepunct_cache<char>*, unsigned long)
0 15 1 7 2 1 1 2 0 1
cob=(2)
cfi=(51)
cfn=(1350)
calls=1 0 
0 5 2
0 4 0 2
cob=(2)
cfi=(51)
cfn=(1438) 0x0000000004942d70
calls=1 0 
0 1306 314 164 16 9 0 16 2
0 4 3

fn=(1490) std::ctype<wchar_t>::_M_convert_to_wmask(unsigned short) const
0 84 1 0 2 0 0 2
cob=(2)
cfi=(51)
cfn=(1492) 0x0000000004941420
calls=1 0 
0 612 116 28
0 24 1 0 1 0 0 1
cob=(2)
cfi=(51)
cfn=(1492)
calls=1 0 
0 392 76 20 0 1 0 0 1
0 7 1
cob=(2)
cfi=(51)
cfn=(1492)
calls=1 0 
0 502 96 24
0 9 1 0 1 0 0 1
cob=(2)
cfi=(51)
cfn=(1492)
calls=1 0 
0 202 42 13
0 3 1
cob=(2)
cfi=(51)
cfn=(1492)
calls=1 0 
0 257 52 15
0 3 1 0 1 0 0 1
cob=(2)
cfi=(51)
cfn=(1492)
calls=1 0 
0 1050 341 158 14 17 0 6 5
0 3 1
cob=(2)
cfi=(51)
cfn=(1492)
calls=1 0 
0 557 106 26
0 3 1
cob=(2)
cfi=(51)
cfn=(1492)
calls=1 0 
0 192 38 13 0 1
0 3 1
cob=(2)
cfi=(51)
cfn=(1492)
calls=1 0 
0 337 66 18 0 1 0 0 1
0 7 3 0 2 0 0 2
cob=(2)
cfi=(51)
cfn=(1492)
calls=1 0 
0 147 32 11 1 0 0 1

fn=(1704) std::ios_base::ios_base()
0 48778 841 20184 2055 42 512 3 0 16
cob=(2)
cfi=(51)
cfn=(1328)
calls=841 0 
0 22707 9251 5046 3507 2033 97 0 669 1

fn=(1728) std::locale::~locale()
0 33744 16872 4218 7 878 0 1

fn=(1806) std::num_put<wchar_t, std::ostreambuf_iterator<wchar_t, std::char_traits<wchar_t> > > const& std::use_facet<std::num_put<wchar_t, std::ostreambuf_iterator<wchar_t, std::char_traits<wchar_t> > > >(std::locale const&)
0 20 4 8 1 0 0 1
cob=(2)
cfi=(51)
cfn=(1402)
calls=4 0 
0 32 12
0 24 20

fn=(1818) std::num_get<wchar_t, std::istreambuf_iterator<wchar_t, std::char_traits<wchar_t> > > const& std::use_facet<std::num_get<wchar_t, std::istreambuf_iterator<wchar_t, std::char_traits<wchar_t> > > >(std::locale const&)
0 20 4 8 1 0 0 1
cob=(2)
cfi=(51)
cfn=(1402)
calls=4 0 
0 32 12
0 24 20

fn=(1876) __cxa_guard_acquire
0 136 48 16 6 3 0 2

fn=(2102) std::__cxx11::basic_string<char, std::char_traits<char>, std::allocator<char> >::_M_construct(unsigned long, char)
0 4041 237 887 51 0 0 2
cob=(2)
cfi=(51)
cfn=(2104)
calls=176 0 
0 4350 660 498 60 33 7 4 1
0 1894 1143 514 4 0 0 1

fn=(2216) std::__cxx11::basic_stringbuf<char, std::char_traits<char>, std::allocator<char> >::_M_pbump(char*, char*, long)
0 2470 190 570 113 0 0 2

fn=(2634)
0 616 88 0 11 0 0 1
cob=(2)
cfi=(51)
cfn=(2636) 0x0000000004942a30
calls=88 0 
0 6884 2002 1109 88 24 2 5 4

fn=(2824)
0 1488 496 0 49 0 0 1

fn=(3284) std::basic_filebuf<char, std::char_traits<char> >::xsputn(char const*, long)
0 2416 604 755 49 171 0 1
cfn=(2824)
calls=151 0 
0 453 151 0 44
0 2428 606 1 94 42 0 2
cob=(2)
cfi=(51)
cfn=(4520) 0x0000000004943d60
calls=1 0 
0 1844 597 293 58 88 6 8 7
0 1364 605 0 42 0 0 1
cob=(2)
cfi=(51)
cfn=(3286) 0x00000000049428d0
calls=150 0 
0 11647 2931 2085 104 91 265 7 2
0 16 3 6 2 0 0 1

fn=(3304) std::__basic_file<char>::xsputn(char const*, long)
0 560 0 280 20 0 0 1
cob=(2)
cfi=(51)
cfn=(2832)
calls=56 0 
0 784 336 0 33 11
0 280 0 56
cob=(2)
cfi=(51)
cfn=(3306) 0x0000000004943ed0
calls=56 0 
0 1487 481 149 26 37 0 0 5
0 616 280 0 3 0 0 1

fn=(4158) 0x00000000000ad460
0 210 60 90 6 11 0 1 5
cfn=(4160)
calls=15 0 
0 45 15 0 6 0 0 1
0 120 30 15 0 10 0 0 5
cfn=(4166) __cxxabiv1::__class_type_info::__do_catch(std::type_info const*, void**, unsigned int) const
calls=15 0 
0 3931 1111 514 82 37 0 10 7
0 180 105 15

fn=(4814) std::basic_ostream<wchar_t, std::char_traits<wchar_t> >::flush()
0 45 12 12 2 7 0 2
cob=(2)
cfi=(51)
cfn=(4816) 0x0000000004942230
calls=3 0 
0 1289 376 173 5 10 0 5 2
0 21 18 3 0 3
cfn=(4822)
calls=3 0 
0 213 72 39 0 2
0 49 27 1 1 0 0 1
cob=(2)
cfi=(51)
cfn=(4398)
calls=1 0 
0 33 13 2
0 7 3 1 1 0 0 1
cfn=(4822)
calls=1 0 
0 71 24 13
0 2

fn=(4815) std::basic_ostream<wchar_t, std::char_traits<wchar_t> >::flush()'2
0 15 4 4
cob=(2)
cfi=(51)
cfn=(4817) 0x0000000004942230'2
calls=1 0 
0 25 9 5
0 7 6 1
cfn=(4822)
calls=1 0 
0 71 24 13
0 16 9

fn=(4980) 0x00000000000aaf80
0 9 3 2 1 3 0 1
cob=(2)
cfi=(51)
cfn=(4986) 0x00000000049401e0
calls=1 0 
0 1205 367 184 11 20 0 6
0 1 0 1
cfn=(5014)
calls=1 0 
0 5 1 0 1
0 3 2 1

fn=(5000) 0x00000000000d9870
0 2 1 0 1 0 0 1

fn=(630) std::error_category::error_category()
0 10 4 2 1 1 0 1

fn=(658) 0x00000000000aa900
0 9 0 5 1 0 1 1
cob=(2)
cfi=(51)
cfn=(660)
calls=1 0 
0 2715 506 487 76 29 49 76 8 46
0 8 1 4 1 0 0 1

fn=(720) 0x00000000000aabc0
0 5 0 0 1 0 0 1
cob=(2)
cfi=(51)
cfn=(634)
calls=1 0 
0 77 15 15

fn=(1400) std::locale::_Impl::_M_install_facet(std::locale::id const*, std::locale::facet const*)
0 448 0 224 1 0 0 1
cob=(2)
cfi=(51)
cfn=(1402)
calls=32 0 
0 1352 452 198 4 15 0 4 5
0 11680 3520 64 5 1 0 5

fn=(1406) std::locale::id::_M_id() const
0 64164 21388 96 103 1365 0 2 4

fn=(1568) std::moneypunct<char, false>::_M_initialize_moneypunct(__locale_struct*, char const*)
0 113 38 31 4 0 1 4

fn=(1764) bool std::has_facet<std::num_get<char, std::istreambuf_iterator<char, std::char_traits<char> > > >(std::locale const&)
0 7626 2542

fn=(2120) std::ostream& std::ostream::_M_insert<double>(double)
0 24616 1448 11584 134 0 0 2
cob=(2)
cfi=(51)
cfn=(2122)
calls=1448 0 
0 37044 13305 7379 200 56 7 5 42
0 28330 12780 1385 50 80 0 1
cfn=(2138)
calls=1385 0 
0 3611640 771371 547534 17766 2041 561 2 41
0 567 189 63 0 21
cfn=(2138)
calls=63 0 
0 152830 34006 23512 3765 444 190 202 22 1
0 29779 19138 127 111 12 0 3
cob=(2)
cfi=(51)
cfn=(2128) 0x0000000004941eb0
calls=1 0 
0 2539 631 318 23 32 8 16 5
0 6 3 0 1 1 0 1

fn=(2298) std::__cxx11::basic_string<char, std::char_traits<char>, std::allocator<char> >::compare(char const*) const
0 847 77 385 5 0 0 1
cob=(2)
cfi=(51)
cfn=(2300)
calls=77 0 
0 2099 536 146 7 28 0 2 7
0 690 76 76 5 0 0 1
cob=(2)
cfi=(51)
cfn=(2134) 0x0000000004943500
calls=76 0 
0 1731 424 0 14 9
0 705 385

fn=(2774)
0 18 4 0 3 2 0 2 1

fn=(2812) std::istream::sentry::sentry(std::istream&, bool)
0 16453192 5288526 3525684 15 24 0 3

fn=(2888)
0 128 40 34 6 3 0 6 2
cob=(2)
cfi=(51)
cfn=(2284)
calls=2 0 
0 46 12 0 2 1
0 18 8 0 1 0 0 1

fn=(3124) std::_Rb_tree_decrement(std::_Rb_tree_node_base*)
0 45 21 0 1 0 0 1

fn=(3214) std::__basic_file<char>::~__basic_file()
0 4 0 0 2
cob=(2)
cfi=(51)
cfn=(3202)
calls=2 0 
0 34 12 4

fn=(3348) std::ostream::operator<<(int)
0 165 45 0 4 0 0 1
cob=(2)
cfi=(51)
cfn=(3350) 0x0000000004941360
calls=15 0 
0 9415 2393 1334 117 50 6 29 1

fn=(3690) std::logic_error::logic_error(std::__cxx11::basic_string<char, std::char_traits<char>, std::allocator<char> > const&)
0 100 10 40 10 5 4 1
cfn=(3692)
calls=10 0 
0 2589 675 454 97 27 17 10 1
0 40 30

fn=(4082) 0x00000000000ad780
0 37340 3420 0 5 0 0 1

fn=(4166)
0 270 50 70 10 10 0 2 2
cob=(2)
cfi=(51)
cfn=(2284)
calls=10 0 
0 230 60 0 15 5
0 185 85 0 5 0 0 1
cfn=(4168)
calls=10 0 
0 3246 916 444 52 22 0 7 5

fn=(4176)
0 460 100 110 5 0 0 1
cob=(2)
cfi=(51)
cfn=(2284)
calls=20 0 
0 460 120
0 230 120 30

fn=(4380) __cxa_rethrow
0 15 0 10
cob=(2)
cfi=(51)
cfn=(3722)
calls=5 0 
0 115 50 5
0 60 10 10 5 0 0 1
cob=(2)
cfi=(51)
cfn=(4382) 0x00000000049419e0
calls=5 0 
0 96673 18893 10106 22 81 1 5 32
0 45 5 5 5 0 0 1

fn=(4996) 0x00000000000dbf10
0 2 1 0 1 0 0 1

fn=(646) 0x00000000000aa8d0
0 3 0 1
cob=(2)
cfi=(51)
cfn=(648) 0x0000000004941400
calls=1 0 
0 835 262 134 3 10 0 3 1
0 4 2 1 0 1 1

fn=(652) std::future_category()
0 3 1 0 1 0 0 1

fn=(656) 0x00000000000aa8f0
0 3 1 1 0 0 1

fn=(1326) std::ios_base::Init::Init()
0 64 17 24 6 6 3 5 1
cob=(2)
cfi=(51)
cfn=(1328)
calls=1 0 
0 80969 22328 10201 346 478 101 332 79 95
0 16 3 11 2 1 1 2
cob=(2)
cfi=(51)
cfn=(1328)
calls=1 0 
0 27 11 6 1 1
0 14 2 11 1 0 2 1
cob=(2)
cfi=(51)
cfn=(1328)
calls=1 0 
0 27 11 6
0 7 1 4 1 0 0 1
cob=(2)
cfi=(51)
cfn=(1700)
calls=1 0 
0 847 267 164 5 7 4 5
0 11 1 6 1 0 1 1
cob=(2)
cfi=(51)
cfn=(1706)
calls=1 0 
0 12087 3317 1518 35 85 0 33 13
0 4 1 1 0 1
cob=(2)
cfi=(51)
cfn=(1700)
calls=1 0 
0 87 13 30 0 0 4 0 0 3
0 15 1 8 2 0 0 2
cob=(2)
cfi=(51)
cfn=(1706)
calls=1 0 
0 223 76 44
0 5 1 1 0 1
cob=(2)
cfi=(51)
cfn=(1700)
calls=1 0 
0 87 13 30 0 0 3
0 11 1 6 1 0 1 1
cob=(2)
cfi=(51)
cfn=(1706)
calls=1 0 
0 223 76 44
0 4 1 2 1 1 0 1
cob=(2)
cfi=(51)
cfn=(1700)
calls=1 0 
0 87 13 30 0 0 4 0 0 4
0 11 2 6 1 0 1 1
cob=(2)
cfi=(51)
cfn=(1706)
calls=1 0 
0 223 76 44
0 23 4 12 2 2 1 2
cob=(2)
cfi=(51)
cfn=(1328)
calls=1 0 
0 27 11 6
0 16 3 11 2 0 3 2
cob=(2)
cfi=(51)
cfn=(1328)
calls=1 0 
0 27 11 6
0 14 2 11 2 0 1 2
cob=(2)
cfi=(51)
cfn=(1328)
calls=1 0 
0 27 11 6
0 7 1 4 1 0 0 1
cob=(2)
cfi=(51)
cfn=(1700)
calls=1 0 
0 87 13 30 0 0 4 0 0 4
0 11 1 7 1 0 1 1 0 1
cob=(2)
cfi=(51)
cfn=(1772) 0x0000000004942a20
calls=1 0 
0 9703 2542 1117 26 62 0 26 17
0 4 1 1
cob=(2)
cfi=(51)
cfn=(1700)
calls=1 0 
0 87 13 30 0 0 4 0 0 4
0 15 1 9 2 0 0 2
cob=(2)
cfi=(51)
cfn=(1772)
calls=1 0 
0 223 76 45
0 5 1 1
cob=(2)
cfi=(51)
cfn=(1700)
calls=1 0 
0 87 13 30 0 0 4 0 0 2
0 11 1 7 1 0 1 1 0 1
cob=(2)
cfi=(51)
cfn=(1772)
calls=1 0 
0 223 76 45
0 4 1 2
cob=(2)
cfi=(51)
cfn=(1700)
calls=1 0 
0 87 13 30 0 0 4
0 11 2 7 2 0 0 2
cob=(2)
cfi=(51)
cfn=(1772)
calls=1 0 
0 223 76 45
0 15 9 4 0 1

fn=(1424) std::__cxx11::moneypunct<char, false>::_M_initialize_moneypunct(__locale_struct*, char const*)
0 113 38 31 4 2 0 4 1

fn=(1430) std::__cxx11::moneypunct<char, true>::_M_initialize_moneypunct(__locale_struct*, char const*)
0 113 38 31 5 0 0 5

fn=(1448) std::__cxx11::messages<char>::messages(unsigned long)
0 13 1 5 2 1 1 2 0 1
cob=(2)
cfi=(51)
cfn=(1362)
calls=1 0 
0 19 6 1
0 2 0 2
cob=(2)
cfi=(51)
cfn=(1350)
calls=1 0 
0 5 2
0 5 3 1

fn=(1746) std::ctype<char> const& std::use_facet<std::ctype<char> >(std::locale const&)
0 19955 3991 7982 630 677 0 1
cob=(2)
cfi=(51)
cfn=(1402)
calls=3991 0 
0 31928 11973 0 778 1351
0 23946 19955 0 683 1351 0 1

fn=(1758) std::num_put<char, std::ostreambuf_iterator<char, std::char_traits<char> > > const& std::use_facet<std::num_put<char, std::ostreambuf_iterator<char, std::char_traits<char> > > >(std::locale const&)
0 12710 2542 5084 675 679 0 1
cob=(2)
cfi=(51)
cfn=(1402)
calls=2542 0 
0 20336 7626 0 0 673
0 15252 12710

fn=(1880) __cxa_guard_release
0 48 24 8 4 0 0 1

fn=(1924) std::__cxx11::basic_string<char, std::char_traits<char>, std::allocator<char> >::_M_mutate(unsigned long, unsigned long, char const*, unsigned long)
0 11141 1259 4108 111 0 24 2
cob=(2)
cfi=(51)
cfn=(1926)
calls=38 0 
0 3346 717 406 0 5 3 0 0 3
0 1107 0 369
cob=(2)
cfi=(51)
cfn=(1926)
calls=369 0 
0 49373 9945 6431 233 332 134 4 0 105
0 2397 196 196 64 0 0 1
cob=(2)
cfi=(51)
cfn=(1916)
calls=196 0 
0 3055 790 396 1 24 4 0 0 2
0 4070 814 407 52 0 0 1
cob=(2)
cfi=(51)
cfn=(1916)
calls=407 0 
0 8687 2332 1396 144 71 232 0 5 24
0 1636 409 1
cob=(2)
cfi=(51)
cfn=(1916)
calls=1 0 
0 15 4 2
0 1259 407 38
cob=(2)
cfi=(51)
cfn=(1952)
calls=38 0 
0 3610 1140 570 5
0 6436 4070 814 162 0 0 2

fn=(1944) std::__cxx11::basic_string<char, std::char_traits<char>, std::allocator<char> >::_M_assign(std::__cxx11::basic_string<char, std::char_traits<char>, std::allocator<char> > const&)
0 27330 8580 6270 1034 358 0 3
cob=(2)
cfi=(51)
cfn=(1926)
calls=15 0 
0 2863 543 394 0 0 9 0 0 9
0 468 91 90
cob=(2)
cfi=(51)
cfn=(1916)
calls=60 0 
0 909 246 124
0 1684 62 1 677 0 0 1

fn=(2208)
0 73135 6608 18846 109 0 5 2
cob=(2)
cfi=(51)
cfn=(1916)
calls=72 0 
0 1200 285 141 16 6
0 29827 22663 262 134 12 0 2 11
cfn=(3290)
calls=1 0 
0 45 13 12 7 0 0 7
cfn=(2210) std::__cxx11::basic_stringbuf<char, std::char_traits<char>, std::allocator<char> >::overflow(int)
calls=189 0 
0 42434 11125 6920 2238 435 30 25 5
0 13563 0 3102 1
cob=(2)
cfi=(51)
cfn=(1916)
calls=3102 0 
0 53928 11416 5131 16 57 467 0 55
0 6204 0 3102

fn=(2722) std::__cxx11::basic_string<char, std::char_traits<char>, std::allocator<char> >::rfind(char, unsigned long) const
0 299 47 0 4 0 0 2

fn=(2760) std::basic_filebuf<char, std::char_traits<char> >::open(char const*, std::_Ios_Openmode)
0 24 0 10 2 0 0 1
cob=(2)
cfi=(51)
cfn=(2762)
calls=2 0 
0 900 276 134 2 10 0 2 1
0 14 0 2
cob=(2)
cfi=(51)
cfn=(2768) 0x00000000049410f0
calls=2 0 
0 2901 842 532 84 59 11 11 8
0 4 0 2 2 0 0 1
cob=(2)
cfi=(51)
cfn=(2762)
calls=2 0 
0 12 6
0 8 0 2
cob=(2)
cfi=(51)
cfn=(2786) 0x0000000004940ca0
calls=2 0 
0 1839 426 228 37 25 3 5 2 1
0 44 14 16 2 0 0 1

fn=(2892) std::__cxx11::messages<char> const& std::use_facet<std::__cxx11::messages<char> >(std::locale const&)
0 5 1 2 1 0 0 1
cob=(2)
cfi=(51)
cfn=(1402)
calls=1 0 
0 8 3
0 11 6 1 1 0 0 1
cob=(2)
cfi=(51)
cfn=(2748)
calls=1 0 
0 153 50 28
0 4 2

fn=(2940) operator delete[](void*)
0 18 0 0 2
cob=(2)
cfi=(51)
cfn=(1952)
calls=9 0 
0 941 288 143 2 13 1

fn=(3206) std::__basic_file<char>::close()
0 16 0 8 2 0 0 1
cob=(2)
cfi=(51)
cfn=(2762)
calls=4 0 
0 24 12
0 22 8 2
cob=(2)
cfi=(51)
cfn=(3208) 0x0000000004943670
calls=2 0 
0 1661 528 304 74 66 0 0 6
0 12 4 2

fn=(3322) std::__cxx11::basic_string<char, std::char_traits<char>, std::allocator<char> >::swap(std::__cxx11::basic_string<char, std::char_traits<char>, std::allocator<char> >&)
0 3528 936 648 321 0 0 6

fn=(3726) __cxa_get_globals
0 588 0 147 6 0 0 1
cob=(2)
cfi=(51)
cfn=(3728)
calls=147 0 
0 3001 1500 147 13 70 0 3 2
0 441 147

fn=(4326) __cxa_end_catch
0 105 0 35
cob=(2)
cfi=(51)
cfn=(4328) 0x0000000004941960
calls=35 0 
0 1597 608 169 21 6 0 1 1
0 600 145 40 10 0 0 2
cob=(2)
cfi=(51)
cfn=(4334) 0x00000000049413e0
calls=30 0 
0 9686 2984 1452 110 90 1 19 3

fn=(4340) 0x00000000000ae400
0 360 60 90 6 0 0 1
cfn=(4364) std::domain_error::~domain_error()
calls=10 0 
0 3081 979 478 47 38 1 9
cfn=(4348) std::bad_cast::~bad_cast()
calls=20 0 
0 956 316 154 16 13 0 4
0 90 30
cob=(2)
cfi=(51)
cfn=(4358) 0x0000000004940700
calls=30 0 
0 3889 1230 589 19 18 0 1 2

fn=(4364)
0 50 10 10 10 0 0 2
cob=(2)
cfi=(51)
cfn=(4366) 0x0000000004943f40
calls=10 0 
0 3031 969 468 37 38 1 7

fn=(4992) 0x000000000018d800
0 2 1

fn=(692) 0x00000000000aa970
0 78 7 36 4 1 4 4

fn=(722) 0x00000000000aabe0
0 7 0 2 1 0 0 1
cob=(2)
cfi=(51)
cfn=(634)
calls=1 0 
0 77 15 15 0 0 1
0 5 1
cob=(2)
cfi=(51)
cfn=(634)
calls=1 0 
0 77 15 15

fn=(1000) std::_Hash_bytes(void const*, unsigned long, unsigned long)
0 216 12 0 9 0 0 3

fn=(1360) std::ctype<char>::ctype(unsigned short const*, bool, unsigned long)
0 15 1 6 1 1 1 1 0 1
cob=(2)
cfi=(51)
cfn=(1362)
calls=1 0 
0 4167 1260 601 29 54 2 27 14
0 101 7 73 3 0 8 3 0 8

fn=(1634) std::moneypunct<wchar_t, false>::_M_initialize_moneypunct(__locale_struct*, char const*)
0 109 30 31 5 0 0 5

fn=(1740) bool std::has_facet<std::ctype<char> >(std::locale const&)
0 7626 2542 0 674 0 0 1

fn=(1800) bool std::has_facet<std::num_put<wchar_t, std::ostreambuf_iterator<wchar_t, std::char_traits<wchar_t> > > >(std::locale const&)
0 12 4 0 1 0 0 1

fn=(1812) bool std::has_facet<std::num_get<wchar_t, std::istreambuf_iterator<wchar_t, std::char_traits<wchar_t> > > >(std::locale const&)
0 12 4

fn=(1940) std::__cxx11::basic_string<char, std::char_traits<char>, std::allocator<char> >::operator=(std::__cxx11::basic_string<char, std::char_traits<char>, std::allocator<char> >&&)
0 4023 843 714 38 0 0 3
cob=(2)
cfi=(51)
cfn=(1916)
calls=122 0 
0 2079 488 244 0 1
0 804 398 268 4 0 0 1

fn=(1970) std::__cxx11::basic_string<char, std::char_traits<char>, std::allocator<char> >::_M_append(char const*, unsigned long)
0 15414 1783 2097 18 0 0 2
cob=(2)
cfi=(51)
cfn=(1916)
calls=481 0 
0 8483 1924 962 3 4 0 0 2
0 7117 2905 1812 1 0 24 1
cob=(2)
cfi=(51)
cfn=(1920)
calls=196 0 
0 41108 10111 6368 68 322 66 0 2 13
0 2082 400 102 5 2 0 0 1

fn=(2132) std::ctype<char>::_M_widen_init() const
0 720 30 37 10 6 4 10 3
cob=(2)
cfi=(51)
cfn=(2134)
calls=1 0 
0 917 324 146 10 16 4 4 2
0 12 6 1 1

fn=(2144) std::ostreambuf_iterator<char, std::char_traits<char> > std::num_put<char, std::ostreambuf_iterator<char, std::char_traits<char> > >::_M_insert_float<double>(std::ostreambuf_iterator<char, std::char_traits<char> >, std::ios_base&, char, char, double) const
0 33304 1448 18824 104 0 0 2
cfn=(2146)
calls=1448 0 
0 41992 17376 7240 52 98 0 1
0 15928 1448 2896 48 0 0 1
cob=(2)
cfi=(51)
cfn=(2152) 0x00000000049420b0
calls=1448 0 
0 48816 6080 5926 213 109 0 5 2
0 18824 1448 4344 66 0 0 1
cob=(2)
cfi=(51)
cfn=(1362)
calls=1448 0 
0 27512 8688 1448 275 152
0 15928 2896 4344 56 0 0 1
cfn=(2158)
calls=1448 0 
0 3230196 676832 486579 17953 1573 575 167 14 1
0 7240 1448 2896 50 0 0 1
cob=(2)
cfi=(51)
cfn=(1742)
calls=1448 0 
0 30408 14480 2896
0 44888 5792 4344 151 0 0 3
cob=(2)
cfi=(51)
cfn=(2204) 0x0000000004940ab0
calls=1448 0 
0 32741 4651 146 117 19 0 2 4
0 37664 12316 4165 104 87 0 2 40
cfn=(2208)
calls=1448 0 
0 108507 26926 19220 1979 340 176 12 2
0 33662 16107 1448 133 7 0 2
cob=(2)
cfi=(51)
cfn=(1916)
calls=1448 0 
0 22336 5639 2743 43 40
0 4344 0 1448 52 0 0 1

fn=(2210)
0 4473 567 1611 287 0 5 4
cob=(2)
cfi=(51)
cfn=(3314) 0x0000000004943b10
calls=72 0 
0 9731 2473 1379 557 306 16 2
0 720 216 72
cob=(2)
cfi=(51)
cfn=(2222) 0x0000000004940490
calls=72 0 
0 5616 1152 792 305 0 3
0 1296 432 360 67 0 1 1
cob=(2)
cfi=(51)
cfn=(3318) 0x0000000004942d60
calls=72 0 
0 4823 1312 782 322 8 0 6 3
0 504 360 72
cob=(2)
cfi=(51)
cfn=(3324) 0x0000000004942cf0
calls=72 0 
0 4783 956 710 217 59 0 5
0 3636 1845 306 208 0 5 3
cob=(2)
cfi=(51)
cfn=(2212) 0x0000000004941e90
calls=117 0 
0 2946 543 485 166 62 0 2 2
0 3906 1269 351 109 0 0 2

fn=(2220) std::__cxx11::basic_stringbuf<char, std::char_traits<char>, std::allocator<char> >::str() const
0 10591 979 4094 1184 673 820 2
cob=(2)
cfi=(51)
cfn=(2222)
calls=89 0 
0 19881 4606 3151 846 130 205 2
0 2039 267 712 672 0 0 1
cob=(2)
cfi=(51)
cfn=(3574) 0x0000000004943fe0
calls=712 0 
0 28935 8850 5830 2394 1074 7 0 1
0 3560 2136

fn=(2234) std::ios_base::~ios_base()
0 6664 833 2499 770 668 0 1
cob=(2)
cfi=(51)
cfn=(2236)
calls=833 0 
0 11843 5281 2633 2102 1055 0 4 1
0 1666 0 833 724 0 0 1
cob=(2)
cfi=(51)
cfn=(2242)
calls=833 0 
0 13437 5272 3466 1436 678 0 3 1
0 5831 1666 0 0 674
cob=(2)
cfi=(51)
cfn=(1724)
calls=833 0 
0 8330 4165 833 1 875

fn=(2294) std::__cxx11::basic_string<char, std::char_traits<char>, std::allocator<char> >::find(char, unsigned long) const
0 344 49 74 6 0 1 2
cob=(2)
cfi=(51)
cfn=(2204)
calls=24 0 
0 558 76 0 9 3
0 221 75

fn=(2612) std::basic_ostream<char, std::char_traits<char> >& std::__ostream_insert<char, std::char_traits<char> >(std::basic_ostream<char, std::char_traits<char> >&, char const*, long)
0 32256 1792 16128 127 0 2 2
cob=(2)
cfi=(51)
cfn=(2122)
calls=1792 0 
0 48375 17503 9560 103 114 3 0 45
0 28697 14336 3609 50 0 0 1
cob=(2)
cfi=(51)
cfn=(4398)
calls=25 0 
0 1686 599 189 14 17 1 3 1
0 175 75 25
cfn=(2646)
calls=25 0 
0 1775 600 325
0 30539 23296 1792 100 73 0 2 9
cfn=(2208)
calls=1513 0 
0 99850 22305 16057 523 168 71 17 69
cfn=(3284)
calls=151 0 
0 20168 5497 3140 393 392 271 20 9
cfn=(2614)
calls=128 0 
0 15669 3995 2510 236 90 7 23 7 3
0 8960 3584

fn=(2734) std::basic_filebuf<char, std::char_traits<char> >::basic_filebuf()
0 40 2 26 4 0 1 2
cob=(2)
cfi=(51)
cfn=(1328)
calls=2 0 
0 54 22 12
0 20 2 10 2 2 1 1
cob=(2)
cfi=(51)
cfn=(2736) 0x0000000004943e20
calls=2 0 
0 996 286 138 4 8 12 3 2
0 30 0 26 4 0 1 2
cob=(2)
cfi=(51)
cfn=(2742) 0x0000000004941c00
calls=2 0 
0 2059 633 314 8 35 0 5 1
0 8 0 2
cob=(2)
cfi=(51)
cfn=(2752) 0x0000000004942fc0
calls=2 0 
0 1327 383 180 7 8 0 4
0 14 12 2

fn=(2756) std::codecvt<char, char, __mbstate_t> const& std::use_facet<std::codecvt<char, char, __mbstate_t> >(std::locale const&)
0 10 2 4 2 0 0 1
cob=(2)
cfi=(51)
cfn=(1402)
calls=2 0 
0 16 6
0 22 12 2 2 0 0 1
cob=(2)
cfi=(51)
cfn=(2748)
calls=2 0 
0 188 62 40
0 8 4

fn=(2820) std::basic_streambuf<char, std::char_traits<char> >::xsgetn(char*, long)
0 12342187 1175658 2938357 3 0 3 1
cob=(2)
cfi=(51)
cfn=(1916)
calls=287 0 
0 5385 1077 503 1 1
0 4533 2304 575 3 33 0 2
cfn=(2822)
calls=288 0 
0 39150 12365 6316 63 141 1 15 8
0 1765641 574 588044 2 0 1 1
cob=(2)
cfi=(51)
cfn=(1916)
calls=587470 0 
0 9987491 2349808 1174868 5 1058 0 0 127
0 4700192 3524820 587470

fn=(2836) std::__basic_file<char>::fd()
0 1035 345 0 4 10
cob=(2)
cfi=(51)
cfn=(2838) 0x00000000049404e0
calls=345 0 
0 3965 1681 144 39 55 0 0 3

fn=(2914)
0 93 33 24 2 0 0 2

fn=(2988) std::_Rb_tree_increment(std::_Rb_tree_node_base const*)
0 16 7 0 2 0 0 2

fn=(3292)
0 448 224 56 3 0 0 1
cfn=(3290)
calls=56 0 
0 11126 3300 1761 142 72 1 9 9
0 336 56

fn=(3328) std::__cxx11::basic_stringbuf<char, std::char_traits<char>, std::allocator<char> >::_M_sync(char*, unsigned long, unsigned long)
0 2408 437 365 163 0 0 3
cob=(2)
cfi=(51)
cfn=(2212)
calls=73 0 
0 1095 146 219 2 1
0 2 0 0 1

fn=(3334) std::chrono::_V2::system_clock::now()
0 8 1 2 2 0 0 2
cob=(2)
cfi=(51)
cfn=(3336)
calls=1 0 
0 952 313 144 10 23 4 4 4
0 7 5

fn=(3362) std::ostreambuf_iterator<char, std::char_traits<char> > std::num_put<char, std::ostreambuf_iterator<char, std::char_traits<char> > >::_M_insert_int<long>(std::ostreambuf_iterator<char, std::char_traits<char> >, std::ios_base&, char, long) const
0 300 15 150 8 0 0 2
cfn=(2146)
calls=15 0 
0 435 180 75 2 4
0 435 15 90 8 0 0 2
cfn=(3364)
calls=15 0 
0 570 45 30 12 2 0 3
0 420 105 45 8 0 0 2
cfn=(2208)
calls=15 0 
0 1525 354 260 0 0 1
0 336 143 8 10 0 0 3
cob=(2)
cfi=(51)
cfn=(3372) 0x00000000049425c0
calls=4 0 
0 1757 402 188 26 14 5 4 1
0 28 12 4 6 0 0 2

fn=(3376) std::num_put<char, std::ostreambuf_iterator<char, std::char_traits<char> > >::_M_pad(char, long, std::ios_base&, char*, char const*, int&) const
0 52 8 12 5 0 0 1
cfn=(3378)
calls=4 0 
0 326 49 38 17 1 1 3
0 20 12 4

fn=(3582) std::basic_ostream<char, std::char_traits<char> >& std::operator<< <std::char_traits<char> >(std::basic_ostream<char, std::char_traits<char> >&, char const*)
0 120 0 36 8 0 0 1
cob=(2)
cfi=(51)
cfn=(2300)
calls=12 0 
0 252 46 0 16 13 0 0 6
0 48 0 12
cob=(2)
cfi=(51)
cfn=(3584) 0x00000000049429f0
calls=12 0 
0 7704 2115 1218 353 79 23 2 10
0 60 36 0 7 0 0 1

fn=(4056) __gxx_personality_v0
0 6890 1930 2445 25 0 0 4
cob=(2)
cfi=(51)
cfn=(4058) 0x0000000004941980
calls=120 0 
0 1693 675 141 16 24 0 3 7
0 1080 0 360 5 0 0 1
cfn=(4064)
calls=120 0 
0 9074 1892 1461 46 45 0 7 32
0 480 120 120
cfn=(4082)
calls=120 0 
0 1040 120 0 5 0 0 1
0 480 0 240
cob=(2)
cfi=(51)
cfn=(4086) 0x0000000004942c70
calls=120 0 
0 1999 776 261 6 15 0 2 2
0 2400 600 480 10 0 0 2
cfn=(4082)
calls=120 0 
0 1320 120
0 2940 0 980
cfn=(4082)
calls=980 0 
0 10780 980
0 5500 1100 1100
cfn=(4100)
calls=1100 0 
0 51090 4210 1100 25 15 0 4 11
0 4400 0 1100
cfn=(4082)
calls=1100 0 
0 12100 1100
0 5500 0 1100
cfn=(4100)
calls=1100 0 
0 43260 3340 1100 0 6 0 0 5
0 4400 0 1100 5 0 0 1
cfn=(4082)
calls=1100 0 
0 12100 1100
0 5500 1100 1100
cfn=(4100)
calls=1100 0 
0 49680 4205 1100 0 6 0 0 5
0 24275 3335 35 5 0 0 1
cob=(2)
cfi=(51)
cfn=(4218) 0x0000000004940850
calls=35 0 
0 595 210 35
0 125 25 25 5 0 0 1
cob=(2)
cfi=(51)
cfn=(4218)
calls=25 0 
0 1311 441 166 11 16 0 3 3
0 240 0 60
cob=(2)
cfi=(51)
cfn=(4218)
calls=60 0 
0 1020 360 60
0 180 0 60
cob=(2)
cfi=(51)
cfn=(4224) 0x00000000049441d0
calls=60 0 
0 1239 425 206 4 5 0 0 3
0 3870 795 315 57 20 0 11 20
cfn=(4140)
calls=35 0 
0 1800 400 105 23 5 0 4 5
0 160 0 15 5 0 0 1
cfn=(4158)
calls=15 0 
0 4486 1321 634 94 58 0 12 17
0 255 70 35 5 0 0 1

fn=(4304) std::logic_error::what() const
0 30 20 0 5 0 0 1

fn=(4348)
0 100 20 20 5 0 0 1
cob=(2)
cfi=(51)
cfn=(4350)
calls=20 0 
0 856 296 134 11 13 0 3

fn=(4402) std::uncaught_exception()
0 231 0 77 6 0 0 1
cob=(2)
cfi=(51)
cfn=(3722)
calls=77 0 
0 1771 770 77 4 5
0 385 154 0 0 1

fn=(4432)
0 123 41 0 41 0 0 1

fn=(4988) 0x000000000018d820
0 2 1 0 1 0 0 1

fn=(5008) std::error_category::~error_category()
0 4 2

ob=(1) /usr/lib/x86_64-linux-gnu/ld-linux-x86-64.so.2
fl=(64) ./io/../sysdeps/unix/sysv/linux/close_nocancel.c
fn=(208) __GI___close_nocancel
25 7 0 0 1 0 0 1
+1 28
+1 7 7

fl=(24) ./elf/../sysdeps/nptl/dl-tls_init_tp.c
fn=(66) __tls_pre_init_tp
53 3 0 0 1 0 0 1
+3 8 0 2 1 0 1 1 0 1
+5 1
-5 1
+5 1 0 1
+1 1 0 1
-6 1 0 1
+8 1 1

fn=(84) rtld_mutex_dummy
42 260
+2 520 260

fn=(270) __tls_init_tp
68 2 0 1
fi=(415) ./elf/../include/list.h
-24 1
fe=(24)
+24 1
fi=(415)
-25 1 1 0 1 1 0 1
fe=(24)
+26 1 1
+3 1
fi=(415)
-29 1 0 1
+1 1 0 1
+1 1 0 1
+2 1 0 1
fe=(24)
+28 4 0 1 1 0 0 1
+1 2 0 1
+1 1 0 1
+5 2 1 1 0 1
+5 1
+6 1
-3 1 0 1 1 0 0 1
+3 1
-6 3 0 1
+6 1
+13 3
fi=(76) ./elf/../sysdeps/unix/sysv/linux/rseq-internal.h
-72 1
fe=(24)
+72 1 0 1
cfi=(10) ./elf/./elf/dl-tunables.c
cfn=(24) __tunable_get_val
calls=1 405 
* 20 4 1 0 2 0 0 1
fi=(76)
-74 3 1
+2 6 0 0 1 0 0 1
+3 2
+3 1 0 1
fe=(24)
+83 3 2 1 0 1
+7 2 1 1 1 0 0 1
+2 1 0 1
+1 1 0 1
+1 3 2

fl=(36) ./posix/../sysdeps/unix/syscall-template.S
fn=(102) uname
120 5 0 0 1 0 0 1
+2 1 1

fl=(10)
fn=(24)
405 36 0 0 1 0 0 1
+3 252 36 0 1 28 0 1 17
+9 36 36 0 0 4
-9 138
+9 10 0 10
+17 180 36 0 0 7
+2 36 36 0 1 0 0 1
-9 26 0 26
+1 26

fn=(18) __GI___tunables_init
282 9 0 6 2 0 1 2 0 1
-9 7 1
71 311 103
+6 102 102 0 0 42 0 0 42
-3 102
+3 11665 1579 0 1 24 0 1 24
-3 102
-3 204
357 8 7
81 204 0 0 1 0 0 1
+5 306
fi=(11) ./elf/./elf/dl-tunables.h
+54 102
fe=(10)
-54 102
fi=(11)
+54 102
+1 230
-1 91 26 0 0 1 0 0 1
+1 26
-1 102 102
+1 204 0 0 1 0 0 1
fe=(10)
323 408 102
-18 14280
+6 22440 7140 0 1 35 0 1 35
fi=(11)
140 918 918
+1 1836
-1 48 48
+1 192
-1 240 48
fe=(10)

fn=(54) __GI___tunable_set_val
157 15 0 0 1 0 0 1
-55 5
+55 5
-55 5
+55 5
-55 35 5 0 1 0 0 1
+9 5 5
+1 5 5
fi=(416) ./elf/./dl-tunable-types.h
-22 10
fe=(10)
+22 20 5
+1 40 10 0 1 0 0 1
fi=(11)
+8 10
+1 5
fe=(10)
-6 15
fi=(11)
+15 5
fe=(10)
-12 10
+4 10
+7 10 0 0 1 0 0 1
+1 10
+3 30 0 5
+1 5 0 5
+1 5 0 5
+1 5 0 5
+24 5 5
fi=(11)
-30 15 0 0 1 0 0 1
fe=(10)

fl=(52) ./elf/./elf/dl-error-skeleton.c
fn=(1060) _rtld_catch_error
257 17 0 0 2
+3 17
cob=(2)
cfi=(51)
cfn=(164) 0x0000000004002080
calls=17 0 
* 21245 5045 2801 308 187 50 76 12 26

fn=(166) _dl_catch_error
225 10 0 3 1 0 0 1
+2 2 0 1
cob=(2)
cfi=(51)
cfn=(168) 0x0000000004002050
calls=1 0 
* 2759 589 289 108 35 34 108 35 34
+1 2 1 1
+1 1 1
+1 1 1 0 1 0 0 1
-1 1 0 1
+1 1 0 1
+2 5 4

fn=(170) _dl_catch_exception
175 51 0 17 1 0 0 1
+5 17 17
-5 51 0 51 1 0 3 1 0 3
+5 17 0 17
-2 34
+22 17
-1 17 0 17 0 0 1 0 0 1
+7 34
-6 17 0 17
+3 34 0 17
+3 17 0 17
cfi=(53) ./setjmp/../sysdeps/x86_64/setjmp.S
cfn=(172) __sigsetjmp
calls=17 30 
* 408 85 153 3 0 1 3 0 1
* 68
+2 51 34 17 1 0 0 1
cfi=(66) ./elf/./elf/dl-deps.c
cfn=(218) openaux
calls=16 61 
* 46517 9779 4747 110 190 243 110 190 241
cfi=(2) ./elf/./elf/rtld.c
cfn=(174) map_doit
calls=1 663 
* 2698 576 267 101 35 32 101 35 32
+2 17 17
-1 17 17
+1 17
-1 17 0 17
+1 34 0 34
+9 68 34

fn=(1090) _dl_signal_cexception
133 30 0 10 4 0 0 1
+1 10 5
+6 15 5
+8 15 0 5 10 0 0 2
cob=(2)
cfi=(51)
cfn=(1092) 0x0000000004002060
calls=5 0 
* 215 95 25 12 0 0 5

fn=(254) _dl_receive_error
238 6 0 2
+1 1 1
+1 1 1
+3 1 0 1 1 0 0 1
+1 1 0 1
+2 1 0 1
cfi=(2)
cfn=(256) version_check_doit
calls=1 696 
* 31544 9353 1596 40 138 82 40 125 75
+2 1 0 1
+1 1 0 1
+1 4 3

fl=(190) ./elf/./elf/dl-open.c
fn=(860) _dl_find_dso_for_object
214 72 0 32 3 0 2 1
+4 24 8
+1 32 8
+1 96 48 0 3 14 0 1
+1 16 8
-2 48 16 0 0 1
+5 16 8 0 7 0 0 1
+4 56 40

fn=(1072) _dl_open
824 84 7 49 5 0 0 2
+1 21
+5 42 7 7 0 3 2
cob=(3)
cfi=(189) ./nptl/./nptl/pthread_mutex_lock.c
cfn=(854) pthread_mutex_lock@@GLIBC_2.2.5
calls=7 77 
* 301 77 35 9 2
+2 14
+26 21 0 0 2 0 0 1
+21 7 7
-8 7 0 7
+12 28
-10 7 0 7 0 0 1
+6 7 0 7
-7 7 0 7
+2 7 0 7
+1 7 0 7 2 0 0 1
+3 7 0 7
+5 7 0 7
cob=(2)
cfi=(51)
cfn=(168)
calls=7 0 
* 8883 2259 1144 129 88 39 27 5 23
* 7
+4 7 0 7
cfi=(68) ./elf/./elf/dl-cache.c
cfn=(552) _dl_unload_cache
calls=7 537 
* 49 14 7 2 3 2
+12 21 7
+2 35 7 7
+3 14 7 0 2 0 0 1
+25 5 0 5
cfi=(46) ./elf/./elf/dl-debug.c
cfn=(190) _dl_debug_update
calls=5 38 
* 35 10
* 15 5
+3 10 5 5
cob=(3)
cfi=(191) ./nptl/./nptl/pthread_mutex_unlock.c
cfn=(862) pthread_mutex_unlock@@GLIBC_2.2.5
calls=5 367 
* 170 35 20
+2 5 5
+1 40 35
-27 4 2 0 1 0 0 1
+5 6 2
+10 4 2 2
cob=(3)
cfi=(191)
cfn=(862)
calls=2 367 
* 68 14 8
+3 8 0 2 1 0 0 1
cob=(2)
cfi=(51)
cfn=(1092)
calls=2 0 
* 86 38 10

fn=(1074) dl_open_worker
772 21 0 14 4 0 0 1
+7 7
-7 28 0 14
+3 7 0 7
+4 14 7 7 4 0 0 1
cob=(3)
cfi=(189)
cfn=(854)
calls=7 77 
* 301 77 35 0 3 0 0 1
+3 35 0 7
cob=(2)
cfi=(51)
cfn=(169) 0x0000000004002050'2
calls=7 0 
* 7527 1904 849 107 83 39 23 4 23
+2 7
-2 7
+2 7 7 7 0 2
cob=(3)
cfi=(191)
cfn=(862)
calls=7 367 
* 238 49 28 5
+2 14 7
+5 10 5
+28 30 25 0 4 0 0 1
-31 8 0 2 2 0 0 1
cob=(2)
cfi=(51)
cfn=(1092)
calls=2 0 
* 86 38 10

fn=(1076) dl_open_worker_begin
490 14 0 7 2 0 0 1
+10 7
-10 49 0 35
+2 7 7
+1 7 7
+7 14 0 7
cfi=(42) ./string/../sysdeps/x86_64/multiarch/../strchr.S
cfn=(118) index
calls=7 23 
* 300 45 0 10 4 0 2 1
+1 14
+9 7 7
-2 7 7 0 0 1
+2 7 0 7 2 0 0 1
cfn=(860)
calls=7 214 
* 315 119 28 10 12 2
* 7
-2 14
+7 21 7
+1 4 2 2
+6 4
+8 2
-8 6 2
+4 2 2
-4 2 0 2
+8 2
-4 2 0 2
+4 2 0 2
cfi=(46)
cfn=(150) _dl_debug_initialize
calls=2 56 
* 32 8
-8 10
+8 5
-8 15 5
+4 5 5
-4 5 0 5
+8 5 0 0 3 0 0 1
-4 5 0 5
+4 5 0 5
cfi=(46)
cfn=(150)
calls=5 56 
* 80 20 0 6 3
+4 56 7 7
cfi=(31) ./elf/./elf/dl-load.c
cfn=(176) _dl_map_object
calls=7 2022 
* 5581 1422 551 51 63 37 9 3 23
* 10 0 5
+5 10
+6 10 0 0 3 0 0 1
+5 15 5
+3 5 5
-3 10 0 5
+3 5
768 40 35 0 2 0 0 1
501 21 7 0 2 0 0 1
+1 20 0 5 2 0 0 1
cfi=(42)
cfn=(118)
calls=5 23 
* 120 15
* 15
+54 10 5 0 4 0 0 2
+7 10
+5 10 0 0 3 0 0 1
+13 10 5 5
cfi=(46)
cfn=(190)
calls=5 38 
* 35 10 0 1
* 15 5 0 4 0 0 1

fl=(55) ./io/../sysdeps/unix/sysv/linux/open64_nocancel.c
fn=(182) __open_nocancel
28 100 0 0 2 0 0 1
+3 100
-3 300 0 100 0 0 3 0 0 3
+3 600 0 0 2 0 0 1
+8 700
+2 7 7
-2 279 0 93 1
+2 93 93

fl=(1) ???
fn=(0) 0x0000000000020290
0 2 0 1 1 0 1 1 0 1
cfi=(2)
cfn=(2) _dl_start
calls=1 527 
0 2815060 680383 239363 1118 17574 3249 1110 9972 2306
0 14 3 2 2 0 0 1
cfi=(167) ./elf/./elf/dl-init.c
cfn=(558) _dl_init
calls=1 77 
0 33123 9162 3123 336 662 118 328 96 65
0 3
cob=(9)
cfi=(213)
cfn=(976) (below main)
calls=1 0 
0 751089436 233744256 119400648 359067 25940213 1574382 31329 93660 96738

fl=(50) ./string/../sysdeps/x86_64/strcspn.S
fn=(162) strcspn
25 1 0 0 1 0 0 1
+2 1
+7 1
+1 1 0 0 1 0 0 1
+2 1
+1 1
+1 1
+1 1
+1 33 0 32 0 0 4 0 0 4
+3 3
+7 1 1
+1 1
+1 1
+1 1 0 1
+2 1 1
+1 1
+1 1
+1 1 0 1
+2 1 1
+1 1
+1 1
+9 3 0 0 1 0 0 1
+12 1
+2 1 1
+1 1 1
+1 1
-4 12
+2 12 12
+1 12 12
+1 12
+2 13 13 0 0 1 0 0 1
+1 13 13
+1 13
+2 13 13
+1 13 13
+1 13
+2 13 13
+1 13 13
+1 13
+2 1
+1 1
+1 1
+2 1
+7 1
+4 1 1

fl=(54) ./elf/./elf/dl-misc.c
fn=(230) _dl_sysdep_read_whole_file
36 2 0 1 1 0 0 1
+3 1
-3 6 0 3
+3 1
-3 1
+3 1 0 1
cfi=(55)
cfn=(182)
calls=1 -11 
* 19 1 1
+1 2
+23 7 5
-21 4 0 1 1 0 0 1
cfi=(58) ./io/../sysdeps/unix/sysv/linux/fstat64.c
cfn=(194) fstat
calls=1 -13 
* 15 1
* 2
+2 2 1 1 0 0 1 0 0 1
+3 2
+13 2 0 1
cfi=(64)
cfn=(208)
calls=1 -35 
* 6 1
* 1
-11 6 0 1
cfi=(60) ./misc/../sysdeps/unix/sysv/linux/mmap64.c
cfn=(198) mmap
calls=1 -2 
* 9 1
* 2

fn=(486) _dl_higher_prime_number
87 2 0 0 1 0 0 1
+38 2
-1 2
+3 2
+2 80
+1 37 10 0 0 4 0 0 2
-3 24 0 0 1 0 0 1
+18 2 2
+1 2 2
-15 6

fn=(178) _dl_name_match_p
68 1236 0 412 4 0 3 1
+1 412 206 206 0 0 3 0 0 1
cfi=(32) ./string/../sysdeps/x86_64/strcmp.S
cfn=(90) strcmp
calls=206 +39 
* 6348 1410 0 12 10 0 7
* 412
+3 201 201
+2 402
+6 197 197
-6 394
+1 669 223 223 1 9 0 1
cfi=(32)
cfn=(90)
calls=223 +33 
* 7619 1513 0 18 6 0 16 3
* 446
+8 31 0 0 2
-13 31
+13 268 93
-1 175
+1 525 525

fl=(229) ./elf/./elf/dl-close.c
fn=(1118) _dl_close
783 10 0 5 5 0 0 1
+5 5
-5 10 0 5
+5 5 0 0 5 0 0 1
-5 5
+5 5 5 5
cob=(3)
cfi=(189)
cfn=(854)
calls=5 77 
* 215 55 25
+7 10 5
+17 15 5
149 5
-7 5
+7 5
-7 5 0 5 3 0 0 1
+7 15 5
821 5
-1 5
+1 10 10
-1 5 5
cob=(3)
cfi=(191)
cfn=(862)
calls=5 367 
* 170 35 20
156 10 5 0 2 0 0 1

fl=(72) ./io/../sysdeps/unix/sysv/linux/pread64_nocancel.c
fn=(242) __pread64_nocancel
25 8 0 0 1 0 0 1
+1 16
+1 4 4

fl=(225) ./elf/./elf/dl-exception.c
fn=(1108) _dl_error_free
39 7 0 0 2 0 0 1
+1 21
fi=(28) ./elf/../include/rtld-malloc.h
+10 7 7 0 3 0 0 1
cob=(3)
cfi=(177)
cfn=(1112)
calls=7 3352 
* 623 196 105 10 5 0 10
fe=(225)

fn=(1086) _dl_exception_create_format
107 95 0 55 4 0 0 2
+1 10
+2 15 0 5
cfi=(22) ./string/../sysdeps/x86_64/multiarch/strlen-vec.S
cfn=(60) strlen
calls=5 -69 
* 305 65 0 13 7
* 15 0 5 2 0 0 1
+3 5
+3 25 0 15
+1 15 5 0 0 5 0 0 1
+7 15 5 0 2 0 0 1
+24 180
-31 360 90 0 0 3 0 0 1
+3 105
-2 210
+3 120 15 0 2 0 0 1
+3 135 30 30
cfi=(22)
cfn=(60)
calls=15 -83 
* 327 42 0 0 4
-7 15
+7 15
-7 50 15
+35 10 0 0 2 0 0 1
fi=(28)
-96 10 5 5
cob=(3)
cfi=(177)
cfn=(664)
calls=5 3287 
* 503 103 74 4 1 2 0 0 2
* 5
fe=(225)
158 10
+5 10 5 5
-91 5 5
+1 30 10
174 5 0 5 2 0 0 1
-3 10 0 5
+3 20 0 10
+2 25 5
+54 180
+2 90 0 90
+1 180
-57 420 105
+1 210 0 0 2 0 0 1
+3 15 15
-1 15
+1 30
+56 10 0 0 2 0 0 1
+3 5
+1 10 5
-2 5 0 5 2 0 0 1
+2 15
+2 15 0 5
cfi=(29) ./string/../sysdeps/x86_64/multiarch/memmove-vec-unaligned-erms.S
cfn=(80) memcpy
calls=5 -30 
* 95 25 20 5
* 10 5 5
+3 40 35
-61 120 45 15 2 0 0 1
+1 30 0 15
cfi=(22)
cfn=(60)
calls=15 41 
* 327 42
* 15
+1 60 0 0 4 0 0 1
+2 45 0 15
cfi=(29)
cfn=(128) mempcpy
calls=15 +11 
* 203 27 12 11 0 1 0 0 1
* 15
+2 15

fn=(1156) _dl_exception_create
84 32 0 14 1 0 0 1
+1 4
+2 6 0 2
cfi=(22)
cfn=(60)
calls=2 -46 
* 122 26
* 2
+1 4 0 2
cfi=(22)
cfn=(60)
calls=2 -47 
* 70 10 0 0 2 0 0 2
* 2
+1 2
fi=(28)
-33 2 2 2 1 0 0 1
cob=(3)
cfi=(177)
cfn=(664)
calls=2 3287 
* 230 46 34 0 0 1 0 0 1
* 2
fe=(225)
+34 4
+3 8 0 2
cfi=(29)
cfn=(128)
calls=2 199 
* 26 6 4
* 8 0 2
cfi=(29)
cfn=(80)
calls=2 212 
* 54 18 16 0 0 1 0 0 1
* 4
-21 2 2
+21 4 0 2 1 0 0 1
-20 10 2
+5 2 0 2
+23 16 14

fl=(46)
fn=(156) _dl_debug_state
116 2 0 0 1 0 0 1
+1 2 2

fn=(150)
56 8 0 0 3 0 0 1
+3 16
+4 8 8 0 0 4 0 0 1
-6 8
+4 8
+2 16
+22 16 8 0 3 0 0 1
+5 2 1
+1 1
+1 1 0 1
-1 1 0 1
-1 1 0 1
+5 16 8
+4 16
+8 16 8 0 3 0 0 1
-43 2 0 1 1 0 0 1
+32 6 1 1 1 0 0 1

fn=(190)
38 17 0 0 2
+3 17
-1 34
+4 34 17 0 0 1
+4 17 17

fl=(167)
fn=(558)
77 12 0 6 1 0 0 1
+1 1 1 0 0 1
+1 1 1
+3 3 1 0 1 0 0 1
+8 2
+25 1 1
+1 5
+1 2 2 0 0 1
-86 4 2 0 1 0 0 1
+86 14 14 0 0 2
-86 28 14
+2 44 8 7
cfn=(560) call_init.part.0
calls=7 -7 
* 32901 9089 3099 320 652 117 312 96 65
+83 24
+7 8 7 0 1 1 0 1
-92 4 2 0 1 0 0 1
+2 6 1 1
cfn=(560)
calls=1 -7 
* 61 19 9 10 5 1 10
+52 2 0 1 1 0 0 1

fn=(560)
26 64 0 40 1 0 1 1
+13 8 8
-13 8
+16 8 8 0 0 1
-3 16 0 8 1 0 0 1
+3 16 8 0 0 6
+5 14 7
+8 21 7 0 0 6
+1 30 10 5 0 5
cob=(2)
cfi=(51)
cfn=(822) 0x0000000004853000
calls=1 -56 
* 7 2 0 1 1 0 1
cob=(2)
cfi=(51)
cfn=(612) 0x000000000493c000
calls=1 -56 
* 7 2 0 1 1 0 1
cob=(2)
cfi=(51)
cfn=(602) 0x0000000004adc000
calls=1 -56 
* 7 2 0 1 1 0 1
cob=(2)
cfi=(51)
cfn=(590) 0x0000000004bb8000
calls=1 -56 
* 7 2 0 1 1 0 1
cob=(2)
cfi=(51)
cfn=(562) 0x000000000483f000
calls=1 -56 
* 26 5 2 6 1 0 6
+3 7 7 0 1 5 0 1
+1 14
+6 10 10 0 0 5
+2 10 10
-2 5
+3 50
+1 80 20 20 0 1
cob=(8)
cfi=(197)
cfn=(958)
calls=1 585 
* 1119 339 176 12 16 3 12 4 3
cob=(8)
cfi=(209)
cfn=(956)
calls=1 363 
* 5 1 2 1 0 1 1 0 1
cob=(8)
cfi=(195)
cfn=(878)
calls=1 1400 
* 10231 3607 983 67 233 28 65 16 5
cob=(8)
cfi=(184)
cfn=(832)
calls=1 573 
* 14033 3346 643 62 230 6 56 54 1
cob=(7)
cfi=(175)
cfn=(816)
calls=1 -70 
* 247 46 48 2 0 1 2 0 1
cob=(7)
cfi=(175)
cfn=(790)
calls=1 -70 
* 50 25 12 3 10 0 3 2
cob=(7)
cfi=(175)
cfn=(764)
calls=1 -70 
* 50 25 12 3 12 0 3 2
cob=(7)
cfi=(175)
cfn=(746)
calls=1 -70 
* 34 17 8 2 8 0 2 1
cob=(7)
cfi=(175)
cfn=(728)
calls=1 -70 
* 34 17 8 2 9 0 2 1
cob=(7)
cfi=(175)
cfn=(726)
calls=1 -70 
* 82 15 15 0 0 1
cob=(7)
cfi=(175)
cfn=(722)
calls=1 -70 
* 166 31 32 1 0 1 1
cob=(7)
cfi=(175)
cfn=(720)
calls=1 -70 
* 82 15 15 1 0 0 1
cob=(7)
cfi=(175)
cfn=(718)
calls=1 -70 
* 44 13 28 5 3 6 5 3 6
cob=(7)
cfi=(175)
cfn=(692)
calls=1 -70 
* 78 7 36 4 1 4 4
cob=(7)
cfi=(175)
cfn=(658)
calls=1 -70 
* 2732 507 496 78 29 50 78 8 46
cob=(7)
cfi=(175)
cfn=(656)
calls=1 -70 
* 3 1 1 0 0 1
cob=(7)
cfi=(175)
cfn=(646)
calls=1 -70 
* 842 264 136 3 11 1 3 1
cob=(7)
cfi=(175)
cfn=(622)
calls=1 -70 
* 2036 624 325 15 43 10 15 1 1
cob=(6) /usr/lib/x86_64-linux-gnu/libgcc_s.so.1
cfi=(173) ???
cfn=(596) 0x0000000000004600
calls=1 -70 
* 12 1 0 2 0 0 2
cob=(3)
cfi=(172) ./libio/./libio/vtables.c
cfn=(588) check_stdfiles_vtables
calls=1 +13 
* 12 7 0 2 4 0 2
* 20 5 5 0 5
cob=(8)
cfi=(183)
cfn=(826)
calls=1 -70 
* 12 1 0 2 0 0 2
cob=(7)
cfi=(175)
cfn=(616)
calls=1 -70 
* 12 1 0 2 0 0 2
cob=(4) /usr/lib/x86_64-linux-gnu/libm.so.6
cfi=(174) ???
cfn=(606) 0x000000000000e460
calls=1 -70 
* 12 1 0 3 0 0 3
cob=(6)
cfi=(173)
cfn=(594) __cpu_indicator_init
calls=1 -70 
* 364 17 43 34 3 1 34 2
cob=(3)
cfi=(169) ./csu/./csu/init-first.c
cfn=(580) _init_first
calls=1 -24 
* 110 19 9 10 5 3 10 1 1
-1 75
+3 48 48 0 1 1 0 1
-29 2

fl=(13) ./elf/../sysdeps/unix/sysv/linux/dl-sysdep.c
fn=(100) _dl_discover_osversion
46 5 0 3 1 0 0 1
+2 3 1
+40 2 0 1 1 0 1 1 0 1
cfi=(36)
cfn=(102)
calls=1 +32 
* 6 1 0 1 0 0 1
+15 1
-15 2
+20 1
-1 1
+3 12 3 0 1 1 0 1 1
+4 3 3
-2 6
+2 11
+3 2
-1 2
+1 6
-3 8 2
+7 3
-1 3 0 0 1 0 0 1
+4 3
-2 3
+2 12
+9 5 4

fl=(47) ./elf/../elf/dl-tls.c
fn=(266) _dl_determine_tlsoffset
221 8 0 6 2 0 0 2
+6 3 1
+3 2 1
+36 3 1
+2 1 1
-2 1
-2 1
-40 1
-1 1
-1 1
+46 2 0 1 1 0 0 1
+23 6
+3 2
-3 8
+2 4
-2 2
-25 2
+20 2 0 2
-20 10 2
+2 4 2 0 1 0 0 1
+3 2 2
-1 2 2 0 0 1
+5 4 2
-5 2
+1 2
-1 2
+3 4 0 0 1 0 0 1
+2 6
+32 3 1 0 1 0 0 1
-1 1 0 1
+1 4
+2 2
-2 2 0 1
+53 8 7 0 1 0 0 1

fn=(264) _dl_tls_static_surplus_init
97 2 0 1 1 0 0 1
+4 1
-4 2 0 1
+4 1
-4 2 0 1
+4 3 0 1
cfi=(10)
cfn=(24)
calls=1 405 
* 21 4 1 0 2 0 0 1
* 1 1 0 1 0 0 1
+1 4 0 1
cfi=(10)
cfn=(24)
calls=1 405 
* 21 4 1 0 2 0 0 1
* 1
+8 1
-8 1 1
+6 2
+2 3
+3 1
+2 1 0 1
-32 3
+34 3 0 1 0 0 1
+1 5 4

fn=(152) _dl_count_modids
197 1 0 0 1 0 0 1
+2 2 1
+1 1 1
+15 2 1

fn=(498) _dl_allocate_tls_init
528 10 0 8 2 0 0 2
+1 2
+4 1 1 0 0 1
+6 1
-6 1 0 1
+6 1 1 1 0 1
cfi=(24)
cfn=(84)
calls=1 42 
* 3 1
+3 3 2 0 0 1
+12 1 1 0 1 0 0 1
-18 1
-1 1 0 1
+43 3
-19 13 2 0 1 1 0 1
+9 6 2
+1 4
+6 6 4
+1 2
+2 4 4 0 1 3 0 1
-2 2
+6 2 2 0 0 1
-4 4
+4 2
-4 4 2 2 0 0 1 0 0 1
+3 4
+4 4
+1 8 4 0 1 1 0 1
+2 4
+1 4 2
+17 2 2
-8 2 0 2
+8 2
+2 6 2 2
cfi=(29)
cfn=(128)
calls=2 199 
* 26 4 2 0 1 1 0 0 1
* 10 0 2
cfi=(44) ./string/../sysdeps/x86_64/multiarch/memset-vec-unaligned-erms.S
cfn=(132) memset
calls=2 125 
* 38 2 10 1 0 2 0 0 2
-49 2 2
+55 2 2
-55 8
+6 6 0 0 1 0 0 1
+55 2 1 1 0 1
cfi=(24)
cfn=(84)
calls=1 42 
* 3 1
+3 2 1 1 1 0 0 1
+3 9 8

fn=(240) _dl_assign_tls_modid
131 4 0 0 1 0 0 1
+3 2 2
+13 2 2 0 1 0 0 1
-13 2
+52 2
+2 2 0 2
+3 2 0 2
+1 4 2

fn=(416) _dl_add_to_slotinfo
1015 16 0 8 1 0 0 1
+6 2 2
+3 2 2 0 0 2
+1 2
+4 6 2 0 1 2 0 1
+34 4
+3 6 0 2
+1 6 2 2
+3 12 10

fn=(268) _dl_allocate_tls_storage
422 2 0 1 1 0 0 1
+13 1 1
-13 2 0 2
+2 1 1
+12 1
fi=(28)
56 1 1 1
cfi=(27) ./elf/./elf/dl-minimal-malloc.c
cfn=(76) __minimal_malloc
calls=1 -21 
* 54 9 7
fe=(47)
437 3
+8 2 0 0 1 0 0 1
fi=(28)
44 1
fe=(47)
445 2
+1 1
+4 321 0 313 1 0 39 1 0 39
+19 1 0 1 0 0 1 0 0 1
-99 1 1
+4 1
+1 1
fi=(28)
44 1 1 1
cfi=(27)
cfn=(72) __minimal_calloc
calls=1 +34 
* 36 6 5
fe=(47)
376 2
+3 1 0 1
+6 2 0 1
+90 5 4

fl=(7) ./elf/./elf/dl-minimal.c
fn=(512) lookup_malloc_symbol
61 8 0 4 1 0 0 1
+3 4
-3 16 0 8
+3 4
-3 4
+3 8 4 0 1 0 0 1
-1 4 0 4
+1 12 0 12
cfi=(79) ./elf/./elf/dl-lookup.c
cfn=(284) _dl_lookup_symbol_x
calls=4 840 
* 3036 922 344 0 38 3 0 1
+4 28 16
+1 28 12
+2 4 0 4 1 0 0 1
fi=(155) ./elf/./dl-sym-post.h
-30 8
+12 12 4
fe=(7)
+19 20 16

fn=(12) __rtld_malloc_init_stubs
42 1 0 0 1 0 0 1
+1 2 0 1 0 0 1 0 0 1
+1 2 0 1
+1 2 0 1 1 0 0 1
+1 2 0 1
+1 1 1

fn=(508) __rtld_malloc_init_real
76 2 0 1 1 0 0 1
+10 1
fi=(154) ./elf/../sysdeps/generic/dl-hash.h
-41 1 0 0 1 0 0 1
fe=(7)
+31 1 0 1
fi=(154)
-32 1
fe=(7)
+32 5 0 3
+11 1 0 1
-1 1 0 1
fi=(154)
-43 1
+5 3
+14 4
-17 3 1 0 1 1 0 1 1
+3 15
+14 20
-17 15 5
fe=(7)
+46 2
fi=(154)
-24 1
fe=(7)
+22 1 0 1
+2 2
fi=(154)
-19 1 0 1
fe=(7)
+19 1 0 1
cfn=(512)
calls=1 -30 
* 788 241 94 3 14 3 3
+1 3
-1 1
+1 1 0 1 1 0 0 1
cfn=(512)
calls=1 -31 
* 836 246 94 0 10 0 0 1
+1 3
-1 1
+1 1 0 1
cfn=(512)
calls=1 -32 
* 798 245 94 0 10
+1 3
-1 1
+1 1 0 1
cfn=(512)
calls=1 -33 
* 774 242 94 0 4
+5 1 0 1
+1 1 0 1
+1 1 0 1 1 0 0 1
+1 1 0 1
+1 7 6

fn=(142) strsep
239 6 0 0 1 0 0 1
+3 12 6 0 0 2 0 0 2
+2 6 6
+1 12
+4 220 4 0 1 0 0 1
+7 399 133 0 0 1 0 0 1
-2 270 135
+6 4 0 2
+7 2 0 2
+4 4 2
-4 2 0 2
+4 8 4
-22 98 98
+15 98
-15 200

fl=(41) ./elf/./elf/dl-hwcaps_split.c
fn=(116) _dl_hwcaps_split_masked
51 55 0 22 1 0 0 1
-25 42 14
+4 24 12 12
+4 48 12 0 1 1 0 1 1
+1 12 0 6
-1 24 6
+2 24
+5 27 0 9
cfi=(42)
cfn=(118)
calls=9 -18 
* 216 27 0 2 1 0 2 1
+1 18
+3 6
+11 12 6 6
+1 12
+1 6
-1 6 0 6
+1 6
-2 6 3 3
+1 6
+1 3
-1 3 0 3
+1 27 6 6
cfn=(120) _dl_hwcaps_contains
calls=6 +8 
* 30 6 0 1 0 0 1
* 12
-3 5 0 0 1 0 0 1
+7 44 33
-19 6 0 3
cfi=(22)
cfn=(60)
calls=3 -2 
* 51 6
* 3

fn=(122) _dl_hwcaps_split
25 4 0 2 1 0 0 1
+1 3 1
+21 1 0 0 1 0 0 1
-20 1
+20 3 3

fn=(120)
66 6 0 0 1 0 0 1
+1 12
+1 6
+9 6 6

fl=(25) ./elf/./elf/dl-environ.c
fn=(68) _dl_next_ld_env_entry
28 3 0 0 1 0 0 1
+1 3 3
+3 110 103
+13 100
-13 200
+2 204 102
+1 12 6 0 1 0 0 1
+5 2
-3 2
+3 2 0 2
+2 2 2
+7 1 1

fl=(401) ./elf/./elf/dl-fini.c
fn=(4830) _dl_fini
31 9 0 6 1 0 0 1
+20 3 1 0 0 1
-3 7 0 1 1 0 0 1
+3 4
+3 2 1 1 0 1
cob=(3)
cfi=(189)
cfn=(854)
calls=1 +23 
* 43 11 5 7 1
+2 1 1 0 0 1
+3 2
+2 6 3 0 1 0 0 1
+7 2
-2 1 0 1
+2 1 0 1
cfi=(49) ./elf/./elf/dl-audit.c
cfn=(550) _dl_audit_activity_nsid
calls=1 -28 
* 21 7 4 2 1
+5 14 0 0 1 0 0 1
+5 1 1
-5 1
+5 3 0 0 1 0 0 1
+2 16 8 0 0 4
+2 16
+2 16 0 8
+1 8 0 8 0 0 6
+1 8
+4 8 0 8 0 0 4
-12 24 8 0 0 2
+14 6 0 0 1 0 0 1
+1 4
+6 5 0 2
cfi=(12) ./elf/./elf/dl-sort-maps.c
cfn=(250) _dl_sort_maps
calls=1 290 
* 604 167 87 17 10
+9 2 1 1 1 1 0 1
cob=(3)
cfi=(191)
cfn=(862)
calls=1 367 
* 34 7 4 5
+5 6 1 1
+2 1 1
+2 3 1
-2 7 7 0 0 1
+2 21 7 0 0 1
+3 16 0 8
+3 24 8 0 1 8 0 1
+4 10 5
+11 20 10 5 0 4 0 0 1
+1 5 5 0 0 1
+1 10 5
+1 25 0 0 1 0 0 1
+1 10 5 10 0 5 0 0 1
cob=(6)
cfi=(173)
cfn=(5040) 0x00000000000045c0
calls=1 0 
* 149 36 16 3 3 0 2
cob=(4)
cfi=(174)
cfn=(5022) 0x000000000000e420
calls=1 0 
* 149 36 16 5 2 0 1
cob=(7)
cfi=(175)
cfn=(4980)
calls=1 0 
* 1223 373 188 13 23 0 7
cob=(8)
cfi=(183)
cfn=(4880)
calls=1 0 
* 12941 3819 2029 86 483 33 49 7 1
cob=(9)
cfi=(213)
cfn=(4832) 0x000000000002d150
calls=1 0 
* 149 36 16 13 8 1 12 1 1
-1 25 10
+5 15 5 0 0 4
+1 18 12 6 0 4 0 0 1
cob=(2)
cfi=(51)
cfn=(5056) 0x0000000004bce808
calls=1 0 
* 4 1 0 1 0 0 1
cob=(2)
cfi=(51)
cfn=(5038) 0x0000000004b578c8
calls=1 0 
* 4 1 0 1 0 0 1
cob=(2)
cfi=(51)
cfn=(5020) 0x0000000004a4cfc4
calls=1 0 
* 4 1 0 1 0 0 1
cob=(2)
cfi=(51)
cfn=(4978) 0x0000000004874bdc
calls=1 0 
* 4 1 0 1 0 0 1
cob=(2)
cfi=(51)
cfn=(4858) 0x000000000483f334
calls=1 0 
* 167 40 19 7 2 0 3
cob=(2)
cfi=(51)
cfn=(4854) 0x00000000002b1cd0
calls=1 0 
* 4 1 0 1 0 0 1
+6 16 0 8
cfi=(49)
cfn=(4856) _dl_audit_objclose
calls=8 -57 
* 40 16 0 1 1 0 1
+5 8 0 8 1 0 0 1
-45 24 8
+49 3 0 1
cfi=(49)
cfn=(550)
calls=1 40 
* 21 7 4 0 1
* 2 1
-38 9 3 0 0 3
+3 2 1
+41 6 2 0 1 0 0 1
+6 2 1
+7 8 7 0 0 1
73 2 0 1 1 0 0 1

fl=(2)
fn=(64) dl_main
1320 2 0 1 1 0 0 1
205 1
311 1
1320 2 0 1
2818 1
1320 3 0 2 1 0 0 1
2829 1
1320 2 0 2
2698 1
1320 2 0 1 0 0 1 0 0 1
311 1 0 1
1320 3 0 3
207 1 0 1 1 0 0 1
310 1 0 1
205 1 0 1
+99 3 0 3
1332 1 0 1 0 0 1 0 0 1
cfi=(24)
cfn=(66)
calls=1 53 
* 17 1 5 2 0 1 2 0 1
2677 3 1 2
+6 5 1 0 1 0 0 1
-4 1
+4 1 0 1 0 0 1 0 0 1
+2 3 0 1
cfi=(25)
cfn=(68)
calls=1 28 
* 75 26 1 2 0 0 2
* 4 0 2
cfi=(25)
cfn=(68)
calls=2 28 
* 566 191 1
* 9
+4 6 2
-2 2
+2 6
+1 2 0 0 1 0 0 1
-1 6 2
+1 17
-1 89 17
+9 12 2 0 0 1 0 0 1
2845 4 1 0 1 0 0 1
+32 2
1348 1 1
+1 2 1
-1 2 1 1
+1 2 1 0 1 0 0 1
2774 3 1 0 1 0 0 1
+1 3 1
-56 2 1 0 1 0 0 1
+7 2 1
1627 9 0 2 2 0 0 2
cfi=(26) ./elf/./elf/dl-object.c
cfn=(70) _dl_new_object
calls=1 59 
* 230 29 51 21 4 14 21 4 14
* 1
+2 2
+1 1 1
+6 2
-6 1 0 1
+1 2 1 1
+1 3 2 1 1 0 0 1
+4 1 0 1
cfi=(26)
cfn=(82) _dl_add_to_namespace_list
calls=1 31 
* 36 9 8 3 0 0 3
+1 2 1
1140 1 1
1326 1 0 1
1169 1 1
-29 1 0 1
+11 1 0 1
+18 2 1 0 1 0 0 1
-21 1 1 0 0 1 0 0 1
+21 1
-19 1 0 1
-4 1 0 1
+23 1
-21 1 0 1 0 0 1 0 0 1
+21 2
+57 1 1 0 1 0 0 1
-83 1 0 1
+23 1
+4 1
+19 1
+22 1
+15 5
-56 116 22 0 1 7 0 1 7
1275 4 2 1 0 1 0 0 1
+2 1
1169 18 0 0 1 0 0 1
fi=(30) ./elf/../sysdeps/x86/dl-prop.h
105 2 0 1
fe=(2)
1282 22
+6 4 0 1
cfi=(31)
cfn=(88) _dl_process_pt_gnu_property
calls=1 868 
* 20 8 0 3 1 0 3 1
-7 26 13
+1 13 13 0 1 0 0 1
+6 13
-6 26
fi=(30)
212 4 4
+1 2 2
95 8 4
+10 2
212 1
105 1
-2 1
-3 1 0 0 1 0 0 1
+2 1 0 1
+3 1
-4 2 0 1
+92 4
-1 1
-87 3
+3 3 1 0 1 0 0 1
+1 2 1
+1 2 1
+4 3 1
+4 3 0 1
+3 3 1 0 1 0 0 1
+1 2
+4 1
+1 4 0 1
+58 3
+2 4
-56 4 2 0 1 0 0 1
+1 2 2
+3 4
+3 2
+1 8
+5 4 0 0 1 0 0 1
+2 4
+5 4
+14 2 2
-1 4
+2 2
fe=(2)
1174 1 1 0 1 0 0 1
-5 1 0 0 1 0 0 1
+5 2 1 1
-5 2
+30 1 1
-9 1 1
+27 1 0 1
-27 1 1 0 0 1 0 0 1
+2 1 0 1
-3 1 0 1
+10 2 0 0 1 0 0 1
-20 2 2 0 1 0 0 1
-10 1
+10 1 0 1
+1 9 2 1
-11 2
+57 4 4 0 1 1 0 1 1
-1 4 4
+1 8
-1 4
+2 8 4
+1 1 0 1
+2 12 4
+1 14 0 0 1 0 0 1
+1 2 0 1
+3 2 1 0 0 1 0 0 1
+1 2 1
-1 6 3 0 0 2 0 0 2
+1 6 3
+1 4 0 4
+1 10 5
+1 1 0 1
+4 1
-74 1
+74 2
-74 2
+74 3 0 0 1 0 0 1
-74 3
+74 6
-74 6
fi=(30)
165 2 0 1
fe=(2)
1271 1 1
1169 1
1271 1 0 1 0 0 1 0 0 1
1169 2 0 0 1 0 0 1
1294 1 1 0 0 1 0 0 1
+3 2 2
+2 1 1
-5 2
+3 2
+2 2 0 0 1 0 0 1
+2 2 1
1662 3 1
+2 1
-1 1 1
+1 2 2 0 1 0 0 1
+1 2 2
-2 1 1
+2 1 1
-2 2 0 1
cfi=(32)
cfn=(90)
calls=1 108 
* 34 5 0 5 1 0 5 1
* 2
+7 1 0 1 0 0 1 0 0 1
+3 1 1
-5 1 0 1
+3 1 0 1 1 0 1 1 0 1
+2 1
+1 2 0 1
+4 2 1
+2 2 1
fi=(3) ./elf/./get-dynamic-info.h
39 3 1 0 1 0 0 1
+6 1 1 0 0 1 0 0 1
-2 1
+2 2
+9 1
+5 1
+3 1
+2 1
-3 1
-3 1
-3 17
+13 5 0 5 0 0 2 0 0 2
-23 20 5 0 0 1 0 0 1
+23 26 0 26 0 0 4 0 0 4
-23 104 26 0 0 7 0 0 7
+4 62 0 0 1 0 0 1
+5 24
+2 5
+16 3 1 0 1 0 0 1
+25 3 1
+5 2 1
+7 2 1
+1 3 2
+22 3 1 0 1 0 0 1
+5 2 1 1
+2 2
+2 2
+2 2
+1 1 0 1
+3 3 1 0 1 0 0 1
+2 3 1 1
+1 2
+9 2 1
+6 2
+1 2 1 1
+3 2 1 0 1 0 0 1
+2 1 0 1
fe=(2)
1688 3 1
+7 2 0 1 1 0 0 1
cfi=(8) ./elf/./elf/dl-setup_hash.c
cfn=(14) _dl_setup_hash
calls=1 25 
* 29 8 5 0 1 0 0 1
+3 2 1
fi=(33) ./elf/./setup-vdso.h
24 2 1 0 0 1 0 0 1
fi=(35) ./elf/../sysdeps/unix/sysv/linux/dl-vdso-setup.h
+21 1 0 1 1 0 0 1
fe=(2)
1723 1 0 1
cfi=(13)
cfn=(100)
calls=1 46 
* 100 14 4 5 1 1 5 1 1
* 8 1 1
fi=(37) ./elf/./dl-main.h
109 5 4 1 1 0 0 1
cfi=(31)
cfn=(106) _dl_init_paths
calls=1 706 
* 5967 1217 582 107 12 27 107 12 27
fe=(2)
1731 3 1 1
cfi=(46)
cfn=(150)
calls=1 56 
* 30 6 5 5 1 0 5 1
+7 1 1
-7 1 0 1
+2 1 0 1
+5 1
+4 1 1
+3 1 0 1 1 0 0 1
-3 3 0 1
+1 2 0 1
+3 1 0 1
+5 1 1
-7 1 0 1
+7 1
+1 3 1 1 1 0 0 1
+12 2 1 0 0 1 0 0 1
+1 2 1
+5 1 1
-3 2 1
+2 1 0 1
+1 2 0 1 1 0 0 1
+5 3
+1 5 1 0 0 1 0 0 1
-1 2
233 1 1 0 1 0 0 1
-1 1 1 0 0 1 0 0 1
+1 3 2
+1 2
-2 1 1 0 1 0 0 1
+2 2
1793 2 1 0 1 0 0 1
+5 1 1
-1 1 0 1 1 0 0 1
+1 1
+24 1 0 1
cfi=(47)
cfn=(152)
calls=1 197 
* 6 3 0 1 0 0 1
* 1 0 1
fi=(48) ./elf/../sysdeps/generic/dl-debug.h
29 3 1
+1 2 1 1
fe=(2)
1828 2 1 1
+1 1 0 1
cfi=(46)
cfn=(156)
calls=1 116 
* 2 1 0 1 0 0 1
+1 1 0 0 1 0 0 1
+4 3 0 1
cfi=(49)
cfn=(158) _dl_audit_activity_map
calls=1 28 
* 16 7 4 3 0 0 3
+5 3 2
+2 1
+2 2 1
+9 2 1
+16 4 0 1 1 0 0 1
cfi=(65) ./io/../sysdeps/unix/sysv/linux/access.c
cfn=(212) access
calls=1 25 
* 9 1 1 1 0 0 1
* 2
+76 4 2
+16 3 1
85 1
1970 1
85 2 0 0 1 0 0 1
1970 2
85 1
1970 5 1 1
cfi=(66)
cfn=(214) _dl_map_object_deps
calls=1 159 
* 51998 10879 5637 164 216 261 162 196 259
92 1
1976 1 1
92 2
+9 2 0 1
1976 2 0 0 1 0 0 1
+1 5 2 1
-1 4
+1 14 7 7
-1 28
+4 4 3 1
+1 3 1 0 1 0 0 1
+1 1 0 1
+2 2
+1 4 1
-1 25
+1 21 7 0 1 0 0 1
+12 3 1 1
+1 2
+2 1
+2 3
+2 1 1 0 0 1
-4 1 0 1
+5 1 1
-1 2
+14 2 0 0 1 0 0 1
+1 2 0 1
+1 3 1
+11 2 0 0 1 0 0 1
+2 1
-2 1
+2 2
-2 1 0 1 0 0 1 0 0 1
+1 2
+1 1 0 0 1 0 0 1
-1 2 0 1
+1 1 0 1
cfi=(52)
cfn=(254)
calls=1 238 
* 31561 9358 1603 41 138 82 41 125 75
+10 2 1 1 0 1
+1 2
+3 2 1
862 1 1
fi=(417) ./elf/../sysdeps/unix/sysv/linux/dl-osinfo.h
64 2 1 0 0 1
fe=(2)
864 1 0 1 1 0 0 1
+6 1 1
+3 1 0 1
+7 1 0 1
-5 1 0 1
2052 3 1
2282 3 1 0 0 1
1778 2 2 0 1 1 0 1 1
+6 1 1 0 0 1 0 0 1
-6 2 0 1 0 0 1 0 0 1
+6 1
+2 3 2 0 1 0 0 1
fi=(30)
198 4 1 0 1 0 0 1
+2 1 1
+1 1 0 1
+2 1 0 1
-3 3 0 1
+3 1
fi=(3)
59 4 0 0 1 0 0 1
+3 4
+2 4
fi=(34) ./elf/../sysdeps/unix/sysv/linux/dl-vdso.h
-24 1 1 0 1 0 0 1
+1 2
fe=(2)
2331 1 1
1325 1
2342 1 1 0 1 0 0 1
-4 2 0 1
+10 1 1
-6 1 0 1
+6 1 0 1 0 0 1
+3 2
+8 1 1
fi=(30)
36 1 1 0 1 0 0 1
fe=(2)
2359 1 1
fi=(30)
37 3
+3 1 1
+13 10 1 0 0 1
-13 7 7
+9 14 7 0 0 1
-9 1 1
+9 40 8
+4 35 7
-16 24 0 0 1 0 0 1
+34 3 0 1
cfi=(77) ./elf/../sysdeps/x86/dl-cet.c
cfn=(274) _dl_cet_check
calls=1 252 
* 30 9 6 3 1 0 3 1
fe=(2)
2361 2
+54 3 1 0 1 0 0 1
+3 1 0 1 1 0 0 1
85 4 0 1
2422 1 1
+1 28 0 1 1 0 0 1
+2 16 16 0 0 5
+5 16 16 0 0 7
+2 16
+6 8 0 8 0 0 1
+2 24 0 0 1 0 0 1
+1 56 14 7 0 9
cfi=(78) ./elf/./elf/dl-reloc.c
cfn=(276) _dl_relocate_object
calls=7 194 
* 2640593 641897 228378 271 16583 2665 269 9310 1758
+4 20 10 0 0 4
+1 4
-23 2 0 0 1 0 0 1
+23 2 0 2
cfi=(47)
cfn=(416)
calls=2 1015 
* 56 18 12 2 4 0 2
-23 8 1 0 0 1
92 3
+1 1 1
2454 1 1
93 1 0 1 0 0 1
2454 1 0 0 1 0 0 1
+5 4 2 0 0 1
+2 1 0 1
+7 3 0 1
cfi=(47)
cfn=(498)
calls=1 528 
* 221 53 33 9 11 4 8 0 4
+3 2 1 0 1 0 0 1
fi=(3)
72 2 1 0 1 0 0 1
+10 3 1
+1 4 1 1
+1 4 1 1 1 0 0 1
+1 4 1 1
+2 4 1 1
+5 4 1 1
+1 4 1 1 1 0 0 1
+1 5 1 1
fi=(35)
-64 3 0 2 1 0 0 1
+3 1 0 1 1 0 0 1
+3 1 0 1
+3 1 0 1
fi=(34)
+16 2
fe=(2)
2434 1 0 1 1 0 0 1
+1 1 1
-3 2
+49 3 2 0 1 1 0 1
+2 4 1
+10 1 0 1
cfi=(152) ./elf/./elf/dl-find_object.c
cfn=(500) _dl_find_object_init
calls=1 561 
* 1877 422 116 18 89 9 18 8 6
+5 2 0 1
cfi=(7)
cfn=(508)
calls=1 76 
* 3304 986 393 8 39 3 8 2
+3 1 0 1
cfi=(156) ./elf/../sysdeps/nptl/dl-mutex.c
cfn=(516) __rtld_mutex_init
calls=1 30 
* 415 107 33 10 15 0 10 1
85 1
2507 1 0 1
+1 3 1
85 3 0 0 1 0 0 1
2508 2 0 1
cfi=(78)
cfn=(276)
calls=1 194 
* 6008 1710 615 1 81 5 0 16
92 3
+9 2 0 1
2516 3 1 1
cfi=(158) ./elf/./elf/dl-call-libc-early-init.c
cfn=(522) _dl_call_libc_early_init
calls=1 27 
* 1485 448 195 28 38 17 28 9 5
+7 1 0 1
cfi=(9) ./elf/../elf/dl-sysdep.c
cfn=(548) _dl_sysdep_start_cleanup
calls=1 262 
* 2 1 0 1 0 0 1
+4 3 0 1 1 0 0 1
cfi=(49)
cfn=(550)
calls=1 40 
* 21 7 4 2 0 0 2
+5 2 0 1
cfi=(46)
cfn=(190)
calls=1 38 
* 7 2 0 1 1
+1 1 0 1
-1 1
+2 1 0 1
cfi=(46)
cfn=(156)
calls=1 116 
* 2 1
+1 1
+4 1 0 1
cfi=(68)
cfn=(552)
calls=1 537 
* 18 4 3 3 2 0 3
+5 8 7 0 0 2
1741 4 2 1 1 0 0 1
1995 2 0 1 1 0 0 1
+50 2 0 1 1 0 0 1
cfn=(262) init_tls
calls=1 756 
* 841 105 393 22 16 42 22 4 41
* 2
2726 4 2 0 1 0 0 1
+2 2 0 1
+1 1
+46 2 1 0 1 0 0 1
+2 1
+1 1
-1 1 0 1 1 0 0 1
+1 1 0 1
+1 1
85 1 0 0 1 0 0 1
1847 1 1
85 2
1847 1
85 1
1847 2 0 1
cfn=(160) handle_preload_list
calls=1 894 
* 3107 726 351 119 36 41 119 36 41
* 1
92 3 0 0 1 0 0 1
+9 3 0 1
1948 16 0 1 3 0 0 3
+1 1
-1 1
+4 3 0 1
+1 1 1
+1 2
+1 2
-7 2
fi=(30)
170 3 1 1 1 0 0 1
-39 2
fe=(2)

fn=(174)
663 2 0 1 1 0 0 1
+2 1 1
-2 1
+2 1
+1 2 2 0 1 0 0 1
-1 2
+1 3 0 1
cfi=(31)
cfn=(176)
calls=1 2022 
* 2683 571 264 99 35 32 99 35 32
* 1 0 1
+2 2 2

fn=(256)
696 3 0 1 1 0 0 1
+2 4 2 1 1 0 0 1
cfi=(75) ./elf/./elf/dl-version.c
cfn=(258) _dl_check_all_versions
calls=1 361 
* 31533 9349 1594 38 138 82 38 125 75
* 2
+4 2 2

fn=(262)
756 3 0 2 1 0 0 1
+2 1 1
+4 1 1
-4 1 0 1
+4 2
+11 1
fi=(28)
44 1
fe=(2)
768 1 0 0 1 0 0 1
+4 1
fi=(28)
44 1 1 1
cfi=(27)
cfn=(72)
calls=1 +34 
* 36 6 5
fe=(2)
783 1 1 0 0 1 0 0 1
-12 1 0 1
+6 1
-9 1 0 1 0 0 1 0 0 1
+11 1 0 1
+4 1
+2 3 1 0 1 0 0 1
-1 2
+3 16 8 0 0 5
+4 2
+2 2
-2 4 0 2
-5 2 2
-1 4
+10 3 1
+3 2 0 1 1 0 0 1
cfi=(47)
cfn=(264)
calls=1 97 
* 79 14 9 2 4 1 2 2
+3 1 0 1
cfi=(47)
cfn=(266)
calls=1 221 
* 108 22 11 7 1 0 7
+7 1 0 1
cfi=(47)
cfn=(268)
calls=1 422 
* 443 24 333 3 0 40 3 0 40
* 1
+1 2
+6 1 1
+3 2
-3 1 0 1
+3 6 0 2
+3 1 0 1
cfi=(24)
cfn=(270)
calls=1 68 
* 75 13 18 5 5 0 5 1
+1 1 0 1
+3 5 3
-39 6 6 0 1 0 0 1
-1 13

fn=(2)
527 10 0 7 2 0 2 2 0 2
85 1
fi=(6) ./elf/../sysdeps/x86_64/dl-machine.h
-40 1
fe=(2)
557 1 0 1 0 0 1 0 0 1
-4 1 0 1 0 0 1 0 0 1
85 2
556 1
85 1 0 1 0 0 1 0 0 1
fi=(3)
-40 1 1 0 0 1 0 0 1
fe=(2)
556 1 0 1 1 0 1 1 0 1
fi=(3)
45 2
+9 1
+5 1
+3 1
+2 1
+4 1
-7 1
-3 1
-3 14
+13 4 0 4 0 0 2 0 0 2
-23 16 4 0 0 1 0 0 1
+23 14 0 14 0 0 4 0 0 4
-23 56 14 0 0 3 0 0 3
+4 36 0 0 1 0 0 1
+5 20
+2 5
+3 4 0 0 1 0 0 1
fi=(4) ./elf/../sysdeps/generic/ldsodefs.h
+21 1 1
fi=(3)
-8 3
+10 4 1 1 1 0 0 1
+1 4 1 1
+1 4 1 1
+1 4 1 1
+2 4 1 1 1 0 0 1
+5 4 1 1
+1 4 1 1
+1 4 1 1
+3 3 1 0 1 0 0 1
+5 2 1
+7 3 1
+1 3 2
+8 2 1 0 0 1 0 0 1
+1 2 1 0 1 0 0 1
+5 3 1
+3 3 1
fe=(2)
573 1 0 0 1 0 0 1
fi=(6)
71 1 1
fe=(2)
573 42 8 7 2 0 1 2 0 1
fi=(6)
414 1 0 0 1 0 0 1
fi=(5) ./elf/./elf/do-rel.h
86 1 1
fe=(2)
573 2 2
fi=(5)
49 1 1
+37 1 1
-37 1
+37 1
+2 1
-2 1
+2 1
-2 1
+27 2
-27 1 1
fe=(2)
573 2 2
fi=(5)
49 1 1
+37 1 1
-37 1
+37 1
+2 1
-2 1
+2 1
-2 1
+27 3
+1 2 1 0 1 1 0 1 1
fi=(6)
534 2 1
fi=(5)
114 282 141 0 0 17 0 0 17
fi=(6)
534 282 141 0 0 18 0 0 18
+1 142 142 0 0 18 0 0 18
fi=(5)
113 142
fi=(6)
535 284 0 142 0 0 20 0 0 20
fi=(5)
113 284
+5 4 2
+8 7
fi=(6)
326 12
fi=(5)
126 21
+2 7 7 0 1 2 0 1 2
+2 7 7
-2 7
fi=(6)
287 7
fi=(5)
130 7
-2 7
+1 14
fi=(6)
287 14
+9 70 28 0 1 7 0 1 7
+3 14
+27 33 0 0 1 0 0 1
fe=(2)
573 6
fi=(5)
50 1 1
fi=(4)
+30 2 1
fi=(6)
326 2 0 0 1 0 0 1
+20 12 6 6 1 1 2 1 1 2
+1 6
fe=(2)
575 1 0 1 1 0 0 1
+13 1 0 1
cfi=(7)
cfn=(12)
calls=1 42 
* 10 1 4 2 0 1 2 0 1
+4 2 0 1
85 1
488 2
85 3 0 1 1 0 0 1
488 1 0 1
cfi=(8)
cfn=(14)
calls=1 25 
* 29 8 5 3 1 1 3 1 1
+2 2
-1 1 0 1
+1 2
+17 1 1
-15 1
-2 1
+17 1
-15 1 0 1 1 0 1 1 0 1
+9 1 0 1
-11 1 0 1
+17 1 0 1
cfi=(9)
cfn=(16) _dl_sysdep_start
calls=1 85 
* 2812967 679831 239151 1089 17501 3211 1082 9901 2268
* 1 0 0 1
+2 2 1
+98 9 7 0 0 2
fi=(3)
62 4 0 0 1 0 0 1
+2 4
fe=(2)
573 3 0 1

fn=(160)
894 10 0 7 1 0 1 1 0 1
+5 1 1
-5 2 0 2 0 0 1 0 0 1
+5 2
+6 1
-64 1
+54 3 0 0 1 0 0 1
+7 3 0 1
cfi=(50)
cfn=(162)
calls=1 25 
* 233 108 34 3 1 4 3 1 4
* 1
+1 3
+9 1
191 1 1 0 1 0 0 1
914 2 1
191 2
916 2 1
-80 1 1
+5 5
-10 1 0 1 1 0 0 1
+8 1 1
-4 1 0 1
+1 1 0 1
+1 1 0 1
+4 1 0 1
cob=(2)
cfi=(51)
cfn=(164)
calls=1 0 
* 2784 597 296 111 35 34 111 35 34
+1 3 1
+8 3 1
+67 1
-18 2 1
+21 9 7
-15 4 0 1 1 0 0 1
cfi=(29)
cfn=(80)
calls=1 212 
* 19 5 4 0 0 1 0 0 1
+1 2 0 1

fl=(19) ./elf/../sysdeps/x86/dl-cacheinfo.h
fn=(52) get_common_cache_info.constprop.0
481 1 0 1 1 0 0 1
+17 1 1
-17 4 0 1
+16 1 1
-16 1 0 1
+15 1 1
-15 3 0 3
+18 1 1
-1 1 0 1
+9 2 1 1
+3 3 0 1 1 0 0 1
+11 1
-11 1 0 1
-5 1 0 1
+21 3 1
+4 2
681 4 0 0 1 0 0 1
+1 5
+4 2 1
+9 2 2
-2 1 0 1
+2 2 2
-1 1 0 1
+1 3 3
535 6 1 1 1 0 0 1
+3 8 0 0 1 0 0 1
+7 2
-7 9
+7 6
+3 26
+14 2
+4 1
+3 1
+1 1
-4 2
+3 3 0 1
+6 2
-37 6 0 0 1 0 0 1
+15 2 0 0 1 0 0 1
+4 1
+1 1
-1 2
+18 2
-68 6 2 1 1 0 0 1
+74 4
+8 7 1
+2 2
+4 3 0 0 1 0 0 1
+2 1
+2 5 1
-4 1
+16 1
-16 3
+21 2
-21 4
+3 1
+1 4
-4 1
+6 4 0 0 1 0 0 1
+3 2
+5 1
+2 2
+1 1
+1 1 0 0 1 0 0 1
-2 2
+1 1
-19 5
+46 2
+1 1
+1 2
+2 2 1
-1 3
-23 2 0 0 1 0 0 1
+7 1
+2 2
-16 1
+22 1
-6 2
+1 1
+5 1 0 0 1 0 0 1

fn=(46) handle_intel.constprop.0
255 24 12 0 1 0 0 1
-5 24 0 24
+16 12
-16 72 0 48
+13 12 0 12
+1 36 0 12 1 0 0 1
-3 24 0 12
+11 60 0 12
+5 24
+2 12
+1 12
-1 12 0 12
+5 48 0 12 1 0 1 1 0 1
cfn=(48) intel_check_word.constprop.0
calls=12 123 
* 3876 396 36 5 6 0 5 6
+2 24
+3 60 0 12
cfn=(48)
calls=12 123 
* 1156 72 36 7 0 0 7
+2 24
+3 5 0 1
cfn=(48)
calls=1 123 
* 20 4 3
+2 2
+3 5 1 1
cfn=(48)
calls=1 123 
* 255 27 3 0 2 0 0 2
+2 2
-35 3 1
+39 3
+5 96 84 0 1 0 0 1

fn=(48)
123 78 0 0 1 0 0 1
-4 78 0 52
+10 104
-10 26 0 26
+10 52
+2 52 0 0 1 0 0 1
+71 200 50
-71 102
+2 63 0 0 1 0 0 1
+2 126
+8 126
+51 102
+22 51
fi=(20) ./elf/../bits/stdlib-bsearch.h
28 51
-1 102
+4 102 0 0 1 0 0 1
+1 51
fe=(19)
+78 102 51 0 0 1 0 0 1
fi=(20)
-79 76
+1 38
fe=(19)
+78 76 38 0 0 2 0 0 2
+3 345
fi=(20)
-84 820
+2 512
+1 256
fe=(19)
+78 512 256 0 0 5 0 0 5
+15 15
246 104 104
fi=(20)
37 63 0 0 1 0 0 1
-8 151
fe=(19)
155 36
+3 36
-6 54 0 0 1 0 0 1
+3 14
+9 14
+23 19
-32 57
+3 57
+4 50
+2 100
+2 50
+2 36
+4 11 0 0 1 0 0 1
+2 22
+6 14
+3 8
+1 12
-8 4 0 0 1 0 0 1
+2 4
-1 4
-1 4
+2 8 0 0 1 0 0 1
-2 4
+3 12
-2 12
+2 8
-10 24
+1 10
+11 12 0 0 1 0 0 1
-26 4 0 0 1 0 0 1
+9 4
+23 2
-32 6
+3 6
+4 8
+2 16
+2 8
-11 3 0 0 1 0 0 1
+7 6
+2 12

fl=(16) ./elf/../sysdeps/x86/cpu-features.c
fn=(40) update_active.constprop.0
43 7 0 6 1 0 1 1 0 1
+45 1 1
-41 1 1
+28 1 1
-18 1 1
+31 1 0 1 0 0 1 0 0 1
+4 1 0 0 1 0 0 1
-36 1
-1 1
+37 1 1
-26 1 1
-11 1
+1 1
+36 2 0 1
+1 1 1
-17 1
-21 1 1
+25 1
-4 1
-11 1 0 0 1 0 0 1
+28 1
-1 1
-36 1
+18 1
+19 1 1
-13 1
-4 1 0 1
-11 1
+19 1 1
+11 1 1
-3 1
-12 1
+14 1 1 0 1 0 0 1
-29 1 1
+18 1
+9 1
-18 1
+13 1
-13 1 1
-9 1 0 1
+29 2 0 1
+3 1
-14 1
-9 1 0 1 1 0 0 1
+9 1 1
+4 1
+10 1
-17 1 0 1
+7 1 1
+5 1 0 1
+5 1 1
+1 1 1 0 0 1 0 0 1
-1 1 0 1
+1 2 0 1 1 0 0 1
+2 2
+1 4 0 1
+3 1
+1 1
-1 1
+1 1
-1 1
+1 1
-1 1 0 1
+1 1 0 1 1 0 0 1
+4 2
+4 2
+2 4
+83 3
+12 2 0 1
+1 1 1
+3 3 1 0 1 0 0 1
+4 1 1
-4 1 0 1
+4 1
+67 3 1
+4 3 1
fi=(18) ./elf/../sysdeps/x86/get-isa-level.h
31 1 0 0 1 0 0 1
-3 1
+3 1
-1 2
fe=(16)
296 1 0 1
+1 8 7
-75 3 0 0 1 0 0 1
+1 2
+3 1
-1 1
+9 1
-5 1
+2 1 0 1
-2 1 0 1
+5 1
fi=(18)
32 3
+4 3
fe=(16)
+83 2 0 0 1 0 0 1
+2 1
+3 2 0 0 1 0 0 1
+10 1
+10 1
-10 1
+10 1
-10 1
+6 1
+4 1 0 1
-4 1
-6 1 0 1
+6 1
+2 1 1
-2 1 0 1
+2 3 1 1 1 0 0 1
+7 4
fi=(18)
39 3 1 0 1 0 0 1
+1 4 1
+5 1 0 0 1 0 0 1
-7 1
+7 3
+2 1
+1 2
+1 3 1
+2 4 0 0 1 0 0 1
+1 2
+1 2
+6 1
-4 1
+4 1
-3 2
fe=(16)
+75 1 0 1 0 0 1 0 0 1
-5 2 0 1
+4 1

fn=(34) init_cpu_features.constprop.0
399 1 0 1 1 0 0 1
+16 1
-16 6 0 5 1 0 0 1
+3 1 0 1 0 0 1 0 0 1
+1 1 0 1
+1 1 0 1
+11 2 0 1
+3 6 0 0 1 0 0 1
593 1 0 0 1 0 0 1
+94 5 1 0 1 0 0 1
+1 1 0 1
+3 2
+1 1 0 1
+6 1 0 1
+3 1 0 1
fi=(19)
+5 1 0 1
+2 1 0 1 1 0 0 1
fe=(16)
-9 1 0 1
fi=(19)
+23 2
840 1 1 0 1 0 0 1
+46 1 1
-46 17 9 6 2 0 2 2 0 2
+45 2 1
+25 2 1 0 1 0 0 1
+21 2
-21 2
+13 3 1
+8 1
-8 1 0 1
+8 1 0 1
cfi=(10)
cfn=(24)
calls=1 405 
* 21 4 1 0 1 0 0 1
* 1 1
+2 2 0 0 1 0 0 1
+3 4 0 1
cfi=(10)
cfn=(24)
calls=1 405 
* 21 4 1 0 1 0 0 1
* 1 1
+2 1 1
+3 2
-3 2
+3 1
-3 1 0 1
+3 1 0 1 1 0 0 1
cfi=(10)
cfn=(24)
calls=1 405 
* 21 4 1 0 1 0 0 1
* 1 1
+1 5 0 1
+16 2 0 1
-12 5 0 2 1 0 0 1
cfi=(10)
cfn=(24)
calls=1 405 
* 21 4 1
* 1 1
+1 3 1
+23 1
-17 5 1 1
+3 3 0 1 1 0 0 1
-3 1 0 1
cfi=(10)
cfn=(24)
calls=1 405 
* 21 4 1
+3 3 1
-3 2 2
+3 9 0 5 1 0 0 1
cfi=(10)
cfn=(54)
calls=1 157 
* 58 7 4 5 0 0 5
+1 9 1 4 1 0 0 1
cfi=(10)
cfn=(54)
calls=1 157 
* 58 7 4
+1 10 1 4 1 0 0 1
cfi=(10)
cfn=(54)
calls=1 157 
* 58 7 4
+3 8 0 4
cfi=(10)
cfn=(54)
calls=1 157 
* 58 7 4
+2 8 0 4 1 0 0 1
cfi=(10)
cfn=(54)
calls=1 157 
* 58 7 4
+4 1 1
fe=(16)
706 1
fi=(19)
967 2 2 0 1 0 0 1
fe=(16)
706 2
fi=(19)
967 4 1 3
fe=(16)
706 1 0 1
cfi=(10)
cfn=(24)
calls=1 405 
* 19 4 1 0 1 0 0 1
+4 3 1 0 1 0 0 1
+14 1 1
-1 2
+1 3
+47 1 1 0 1 0 0 1
-1 1 0 1
+1 1
+46 4 0 1 1 0 0 1
cfi=(10)
cfn=(24)
calls=1 405 
* 19 4 1
+2 4 0 1
cfi=(10)
cfn=(24)
calls=1 405 
* 19 4 1 0 1 0 0 1
fi=(21) ./elf/../sysdeps/unix/sysv/linux/x86/cpu-features.c
27 6
fe=(16)
829 2 0 1 1 0 0 1
+45 8 7
fi=(19)
+19 11 0 0 2 0 0 2
fe=(16)
775 3 1 0 1 0 0 1
+27 2 0 1
-10 2 0 0 1 0 0 1
+1 2
+2 3 0 0 1 0 0 1
+1 2 1
+2 3
+1 2
fi=(19)
-75 3 0 2 1 0 0 1
cfn=(46)
calls=1 255 
* 437 47 19 13 6 1 13 6 1
+1 1
-1 2 0 1 0 0 1 0 0 1
+1 1 0 1
cfn=(46)
calls=1 255 
* 478 47 19 1 0 0 1
+1 1
-1 1
+1 1 0 1
cfn=(46)
calls=1 255 
* 503 47 19
+3 1
-3 2 0 1 1 0 0 1
+3 1 0 1
cfn=(46)
calls=1 255 
* 459 47 19 1 0 0 1
+2 1
-2 1 0 1
+2 1 0 1
cfn=(46)
calls=1 255 
* 451 47 19
+3 1
-2 1 0 1
-1 1 0 1
+3 1 0 1
cfn=(46)
calls=1 255 
* 428 47 19 1 0 0 1
+2 1
-2 1 0 1
+2 1 0 1
cfn=(46)
calls=1 255 
* 429 47 19
+3 1 0 0 1 0 0 1
-2 1 0 1
-1 1 0 1
+3 1 0 1
cfn=(46)
calls=1 255 
* 469 47 19
+2 1
-2 1 0 1
+2 1 0 1
cfn=(46)
calls=1 255 
* 470 47 19
+3 1
-3 1 0 1
+3 1 0 1
cfn=(46)
calls=1 255 
* 494 47 19
+2 1
-2 1 0 1
+2 1 0 1
cfn=(46)
calls=1 255 
* 495 47 19
+2 1 0 0 1 0 0 1
-2 1
+2 1 0 1
cfn=(46)
calls=1 255 
* 790 80 27 0 2 0 0 2
+2 3
-2 1 0 1
+2 1 0 1
cfn=(52)
calls=1 481 
* 215 20 16 13 0 0 13
863 15 2 1 1 0 0 1
fe=(16)
424 6 0 1 2 0 1 2 0 1
cfn=(36) get_common_indices.constprop.0
calls=1 -99 
* 71 9 22 7 0 3 7 0 3
303 3
+1 2
+1 6 0 4 1 0 0 1
+5 2
+1 6 0 4
+5 2
+1 6 0 4 1 0 0 1
429 1 0 1
cfn=(40)
calls=1 43 
* 194 35 30 16 1 3 16 1 3
+2 1 1
+2 1 1
+83 1 1
-85 2
564 2 1 0 1 0 0 1
+7 2 1
+2 1 0 1
+4 2 1
+6 2 1
422 2
-3 1 0 0 1 0 0 1
+14 3 1 1 1 0 0 1
+1 4 0 0 1 0 0 1
+69 1 0 1
+10 11 1 0 1 1 0 1 1
+42 1 0 1
+1 1
434 11 0 0 1 0 0 1
+55 3 1 0 1 0 0 1

fn=(36)
325 1 0 1 1 0 0 1
+4 4
+3 3 0 1
+5 2
-5 1 0 1 1 0 0 1
+5 1
-5 1 0 1
+4 1 0 1
+1 1 0 1
+1 4 0 1
+1 4 0 1
+1 3 0 1
+1 2 1
+7 2 1 0 1 0 0 1
+2 5
+5 1
-5 1 0 1 0 0 1 0 0 1
+5 1
-5 1 0 1
+5 1
-5 2 0 2
+5 1
+7 1 1 0 1 0 0 1
-7 4 0 4 0 0 1 0 0 1
+7 1
+1 3
+6 1 1
-6 4 0 4 1 0 1 1 0 1
+6 1
fi=(17) ./elf/../sysdeps/unix/sysv/linux/x86/dl-minsigstacksize.h
24 2 1 0 1 0 0 1
+3 2 1
+1 2 1
+37 3
+7 1
+2 1 0 1 1 0 0 1
fe=(16)
384 2 2

fl=(14) ./elf/../sysdeps/unix/sysv/linux/brk.c
fn=(28) brk
35 1 0 0 1 0 0 1
+1 3 0 1 0 0 1 0 0 1
+1 2
+6 1
+1 1 1

fl=(67) ./io/../sysdeps/unix/sysv/linux/stat64.c
fn=(224) stat
28 58 0 0 1 0 0 1
+1 116
cfi=(59) ./io/../sysdeps/unix/sysv/linux/fstatat64.c
cfn=(196) fstatat
calls=29 153 
* 286 29 27

fl=(32)
fn=(90)
108 3705 0 0 16 0 0 1
+33 3705
+1 3705
+2 3705
+1 3705
+21 3705
+1 3705
+1 3233
+1 3233
+1 2962 2962 0 0 367 0 0 133
+1 2962 2962 0 19 55 0 1 15
+1 2962 2962
+1 2962 2962
+21 2962
+1 2962
+1 2962
+1 2962
+1 2962
+1 2962
+1 2962
+5 218
+1 654
+9 218 0 0 2
+1 218
+1 218
+1 218
+1 218
+1 218
+1 218
+1 218
-7 743 0 0 9 0 0 1
+1 743
+1 743
+1 743
+1 743
+1 743
+1 743
+1 743
+1 811
+1 475
+1 475
+1 475
+2 475
+1 475
+1 475
+1 475 475 0 0 20
+1 475
+1 475
-5 336
+1 336
+1 336
+1 336 336 0 0 18 0 0 2
+1 336
+1 336
+10 150 150 0 5 16 0 1 2
+1 150
+1 150
+2 150 150 0 0 5 0 0 4
+6 150
+1 150
+1 150
+1 150
+1 150
+5 150
+2 130
+1 130
+1 260
+8 130 130 0 4 15 0 1
+1 130 130 0 0 5 0 0 4
+3 130
+1 130
+1 130
+1 130
+1 130
+1 130
-9 27 27
+1 27 27 0 0 2 0 0 1
+3 27
+1 27
+1 27
+1 27
+1 27
+1 27
+6 41
+1 41 41
+1 41 41 0 0 3 0 0 3
+3 41
+1 41
+1 41
+1 41 0 0 2 0 0 1
+1 41
+1 41
+5 27
+1 27
+9 2
+1 2 2
+1 2 2
+1 2
+1 2
+2 2
+1 2
+1 2 0 0 1 0 0 1
+1 2
+1 2
+1 2
+1 2
+1 2 2
+3 2
+1 2
+1 2
+6 2
+1 2
+1 4
+4 2 0 0 1 0 0 1
+1 2
+3 2 2 0 0 1 0 0 1
+1 2 2
+1 2
+3 2
+1 2
+1 2
+6 2
+1 2
+1 2
+1 2
+1 2
+1 2 0 0 1 0 0 1
+6 2
+1 2
+2 2
+1 2
+2 2 2
+1 2 2
+1 2
+3 2
+1 2
+1 2
+6 2
+1 2
+1 2
+1 2
+1 2 0 0 1 0 0 1
+1 2
+48 7 0 0 1 0 0 1
+1 7 7 0 0 2 0 0 2
+1 7 7 0 0 1
+1 7
+1 7
+2 7
+1 7
+1 7 0 0 1 0 0 1
+1 7
+1 7
+1 7
+1 7
+1 7 7
+3 7
+1 7
+1 7
+6 7
+1 7
+1 14
+4 7 0 0 1 0 0 1
+1 7
-1 1
+1 1
+3 8 8 0 0 1
+1 8 8 0 0 1
+1 8
+3 8
+1 8
+1 8
+6 8
+1 8
+1 8
+1 8
+1 8
+1 8 0 0 1 0 0 1
+7 1
+1 1
+2 1
+1 1
+2 1 1
+1 1 1 0 0 1 0 0 1
+1 1
+3 1
+1 1
+1 1
+6 1
+1 1
+1 1
+1 1
+1 1 0 0 1 0 0 1
+1 1
+7 1
+1 1
+1 1
+32 10 0 0 1 0 0 1
+1 10 10 0 0 3 0 0 2
+1 10 10 0 0 2 0 0 2
+1 10
+1 10
+2 10
+1 10
+1 10 0 0 1 0 0 1
+1 10
+1 10
+1 10
+1 10
+1 10 10
+4 10
+1 10
+1 10
+6 10
+1 10
+1 20
+4 10 0 0 1 0 0 1
+1 10
-1 2
+1 2
+3 12 12 0 0 2 0 0 1
+1 12 12 0 0 4 0 0 3
+1 12
+3 12
+1 12
+1 12
+6 12
+1 12
+1 12
+1 12
+1 12
+1 12 0 0 1 0 0 1
+7 8
+1 8
+2 8
+1 8
+2 8 8
+1 8 8
+1 8
+3 8
+1 8
+1 8
+6 8
+1 8
+1 8
+1 8
+1 8 0 0 1 0 0 1
+1 8
+7 2
+1 2
+1 2
+32 25 0 0 1 0 0 1
+1 25 25 0 0 3 0 0 1
+1 25 25 0 0 3 0 0 2
+1 25
+1 25
+2 25
+1 25
+1 25 0 0 1 0 0 1
+1 25
+1 25
+1 25
+1 25
+1 15 15
+4 15
+1 15
+1 15
+6 15
+1 15
+1 30
+4 15 0 0 1 0 0 1
+1 15
-1 3
+1 3
+3 18 18 0 0 2 0 0 1
+1 18 18 0 0 3 0 0 1
+1 18
+3 18
+1 18
+1 18
+6 18
+1 18
+1 18
+1 18
+1 18
+1 18 0 0 1 0 0 1
+7 5
+1 5
+2 5
+1 5
+2 5 5 0 0 1
+1 5 5
+1 5
+3 5
+1 5
+1 5
+6 5
+1 5
+1 5
+1 5
+1 5 0 0 1 0 0 1
+1 5
+7 3
+1 3
+1 3
+32 14 0 0 1 0 0 1
+1 14 14
+1 14 14 0 0 5 0 0 1
+1 14
+1 14
+2 14
+1 14
+1 14 0 0 1 0 0 1
+1 14
+1 14
+1 14
+1 14
+1 14 14
+4 14
+1 14
+1 14
+6 14
+1 14
+1 28
+4 14 0 0 1 0 0 1
+1 14
-1 7
+1 7
+3 21 21 0 0 3 0 0 1
+1 21 21 0 0 4 0 0 2
+1 21
+3 21
+1 21
+1 21
+6 21
+1 21
+1 21
+1 21
+1 21
+1 21 0 0 1 0 0 1
+7 12
+1 12
+2 12
+1 12
+2 12 12
+1 12 12 0 0 3 0 0 1
+1 12
+3 12
+1 12
+1 12
+6 12
+1 12
+1 12
+1 12
+1 12 0 0 1 0 0 1
+1 12
+7 7
+1 7
+1 7
+4 1
+1 1
+1 1
+1 1
+7 1
+1 1
+1 1
+16 14 0 0 2 0 0 1
+1 14 14 0 0 5 0 0 3
+1 14 14 0 0 3 0 0 1
+1 14
+1 14
+2 14
+1 14
+1 14 0 0 2 0 0 1
+1 14
+1 14
+1 14
+1 14
+1 14 14
+4 14
+1 14
+1 14
+6 14
+1 14
+1 28
+4 14 0 0 2 0 0 1
+1 14
-1 7
+1 7
+3 21 21 0 0 6 0 0 5
+1 21 21 0 0 4 0 0 3
+1 21
+3 21
+1 21
+1 21
+6 21
+1 21
+1 21
+1 21
+1 21
+1 21 0 0 2 0 0 1
+7 11
+1 11
+2 11
+1 11
+2 11 11
+1 11 11 0 0 1 0 0 1
+1 11
+3 11
+1 11
+1 11
+6 11
+1 11
+1 11
+1 11
+1 11 0 0 1 0 0 1
+1 11
+7 7
+1 7
+1 7
+32 19 0 0 2 0 0 1
+1 19 19 0 0 1 0 0 1
+1 19 19
+1 19
+1 19
+2 19
+1 19
+1 19 0 0 2 0 0 1
+1 19
+1 19
+1 19
+1 19
+1 11 11
+4 11
+1 11
+1 11
+6 11
+1 11
+1 22
+4 11 0 0 2 0 0 1
+1 11
-1 2
+1 2
+3 13 13
+1 13 13 0 0 6 0 0 2
+1 13
+3 13
+1 13
+1 13
+6 13
+1 13
+1 13
+1 13
+1 13
+1 13 0 0 2 0 0 1
+7 3
+1 3
+2 3
+1 3
+2 3 3
+1 3 3 0 0 1 0 0 1
+1 3
+3 3
+1 3
+1 3
+6 3
+1 3
+1 3
+1 3
+1 3 0 0 1 0 0 1
+1 3
+7 2
+1 2
+1 2
+32 35 0 0 2 0 0 1
+1 35 35 0 0 4 0 0 1
+1 35 35 0 0 6 0 0 2
+1 35
+1 35
+2 35
+1 35
+1 35 0 0 2 0 0 1
+1 35
+1 35
+1 35
+1 35
+1 25 25
+4 25
+1 25
+1 25
+6 25
+1 25
+1 50
+4 25 0 0 1 0 0 1
+1 25
-1 13
+1 13
+3 38 38 0 0 4 0 0 1
+1 38 38 0 0 7 0 0 1
+1 38
+3 38
+1 38
+1 38
+6 38
+1 38
+1 38
+1 38
+1 38
+1 38 0 0 1 0 0 1
+7 23
+1 23
+2 23
+1 23
+2 23 23 0 0 6 0 0 1
+1 23 23 0 0 5 0 0 3
+1 23
+3 23
+1 23
+1 23
+6 23
+1 23
+1 23
+1 23
+1 23 0 0 1 0 0 1
+1 23
+7 13
+1 13
+1 13
+32 119 0 0 3 0 0 1
+1 119 119 0 0 14 0 0 5
+1 119 119 0 0 15 0 0 1
+1 119
+1 119
+2 119
+1 119
+1 119 0 0 2 0 0 1
+1 119
+1 119
+1 119
+1 119
+1 94 94
+4 94
+1 94
+1 94
+6 94
+1 94
+1 188
+4 94 0 0 2 0 0 1
+1 94
-1 8
+1 8
+3 96 96 0 0 6 0 0 4
+1 96 96 0 0 9 0 0 4
+1 96
+3 96
+1 96
+1 96
+6 96
+1 96
+1 96
+1 96
+1 96
+1 96 0 0 1 0 0 1
+7 16
+1 16
+2 16
+1 16
+2 15 15
+1 15 15 0 0 1 0 0 1
+1 15
+3 15
+1 15
+1 15
+6 15
+1 15
+1 15
+1 15
+1 15
+1 15
+7 8
+1 8
+1 8
+4 9 0 0 2 0 0 1
+1 9
+1 9
+1 9
+7 2
+1 2
+1 2
+4 7 7 0 1
+1 7
+1 7
+1 7
+9 46 0 0 1 0 0 1
+1 46 46 0 0 12 0 0 8
+1 46 46 0 0 9 0 0 4
+1 46
+1 46
+2 46
+1 46
+1 46 0 0 3 0 0 1
+1 46
+1 46
+1 46
+1 46
+1 36 36
+4 36
+1 36
+1 36
+6 36
+1 36
+1 72
+4 36 0 0 2 0 0 1
+1 36
-1 12
+1 12
+3 48 48 0 0 8 0 0 7
+1 48 48 0 0 13 0 0 9
+1 48
+3 48
+1 48
+1 48
+6 48
+1 48
+1 48
+1 48
+1 48
+1 48 0 0 2 0 0 1
+7 18
+1 18
+2 18
+1 18
+2 18 18 0 0 1 0 0 1
+1 18 18 0 0 1 0 0 1
+1 18
+3 18
+1 18
+1 18
+6 18
+1 18
+1 18
+1 18
+1 18 0 0 1 0 0 1
+1 18
+7 12
+1 12
+1 12
+32 52 0 0 3 0 0 1
+1 52 52 0 0 10 0 0 3
+1 52 52 0 0 10 0 0 7
+1 52
+1 52
+2 52
+1 52
+1 52 0 0 4 0 0 1
+1 52
+1 52
+1 52
+1 52
+1 35 35
+4 35
+1 35
+1 35
+6 35
+1 35
+1 70
+4 35 0 0 2 0 0 1
+1 35
-1 7
+1 7
+3 42 42 0 0 9 0 0 4
+1 42 42 0 0 7 0 0 5
+1 42
+3 42
+1 42
+1 42
+6 42
+1 42
+1 42
+1 42
+1 42
+1 42 0 0 3 0 0 1
+7 24
+1 24
+2 24
+1 24
+2 24 24 0 0 2 0 0 2
+1 24 24 0 0 1 0 0 1
+1 24
+3 24
+1 24
+1 24
+6 24
+1 24
+1 24
+1 24
+1 24 0 0 1 0 0 1
+1 24
+7 7
+1 7
+1 7
+32 71 0 0 6 0 0 1
+1 71 71 0 0 11 0 0 3
+1 71 71 0 0 12 0 0 4
+1 71
+1 71
+2 71
+1 71
+1 71 0 0 6 0 0 1
+1 71
+1 71
+1 71
+1 71
+1 41 41
+4 41
+1 41
+1 41
+6 41
+1 41
+1 82
+4 41 0 0 4 0 0 1
+1 41
-1 13
+1 13
+3 54 54 0 0 10 0 0 5
+1 54 54 0 0 11 0 0 4
+1 54
+3 54
+1 54
+1 54
+6 54
+1 54
+1 54
+1 54
+1 54
+1 54 0 0 4 0 0 1
+7 27
+1 27
+2 27
+1 27
+2 27 27 0 0 3 0 0 1
+1 27 27 0 0 4 0 0 3
+1 27
+3 27
+1 27
+1 27
+6 27
+1 27
+1 27
+1 27
+1 27 0 0 1 0 0 1
+1 27
+7 13
+1 13
+1 13
+4 1
+1 1
+1 1
+1 1
+7 1
+1 1
+1 1
+16 211 0 0 4 0 0 1
+1 211 211 0 0 15 0 0 4
+1 211 211 0 0 12 0 0 7
+1 211
+1 211
+2 211
+1 211
+1 211 0 0 4 0 0 1
+1 211
+1 211
+1 211
+1 211
+1 199 199
+4 199
+1 199
+1 199
+6 199
+1 199
+1 398
+4 199 0 0 2 0 0 1
+1 199
-1 15
+1 15
+3 214 214 0 0 8 0 0 5
+1 214 214 0 0 14 0 0 4
+1 214
+3 214
+1 214
+1 214
+6 214
+1 214
+1 214
+1 214
+1 214
+1 214 0 0 2 0 0 1
+7 24
+1 24
+2 24
+1 24
+2 24 24
+1 24 24 0 0 4 0 0 2
+1 24
+3 24
+1 24
+1 24
+6 24
+1 24
+1 24
+1 24
+1 24 0 0 1 0 0 1
+1 24
+7 15
+1 15
+1 15
+32 72 0 0 5 0 0 1
+1 72 72 0 0 14 0 0 3
+1 72 72 0 0 15 0 0 6
+1 72
+1 72
+2 72
+1 72
+1 72 0 0 5 0 0 1
+1 72
+1 72
+1 72
+1 72
+1 45 45
+4 45
+1 45
+1 45
+6 45
+1 45
+1 90
+4 45 0 0 3 0 0 1
+1 45
-1 8
+1 8
+3 53 53 0 0 10 0 0 6
+1 53 53 0 0 9 0 0 4
+1 53
+3 53
+1 53
+1 53
+6 53
+1 53
+1 53
+1 53
+1 53
+1 53 0 0 4 0 0 1
+7 22
+1 22
+2 22
+1 22
+2 22 22
+1 22 22 0 0 3
+1 22
+3 22
+1 22
+1 22
+6 22
+1 22
+1 22
+1 22
+1 22 0 0 1 0 0 1
+1 22
+7 8
+1 8
+1 8
+32 114 0 0 6 0 0 1
+1 114 114 0 0 19 0 0 10
+1 114 114 0 0 22 0 0 11
+1 114
+1 114
+2 114
+1 114
+1 114 0 0 7 0 0 1
+1 114
+1 114
+1 114
+1 114
+2 59 59
+4 59
+1 59
+1 59
+6 59
+1 59
+2 118
+4 59 0 0 5 0 0 1
+1 59
-1 11
+1 11
+3 70 70 0 0 19 0 0 10
+1 70 70 0 0 12 0 0 8
+1 70
+3 70
+1 70
+1 70
+6 70
+1 70
+1 70
+1 70
+1 70
+1 70 0 0 5 0 0 1
+7 21
+1 21
+2 21
+1 21
+2 21 21 0 0 1 0 0 1
+1 21 21 0 0 2 0 0 1
+1 21
+3 21
+1 21
+1 21
+6 21
+1 21
+1 21
+1 21
+1 21 0 0 1 0 0 1
+1 21
+7 11
+1 11
+1 11
+27 7
+1 7
+1 7
+1 14
+4 7
+2 7
+1 7
+1 7
+1 7
-5 730 0 0 7
+2 730
+1 730
+1 730
+1 730
-3 224 0 0 3 0 0 1
+1 224
+1 224
+1 224
+1 950
+5 475
+6 475 475
+1 475 475
+8 475
+1 475 475
-16 3230 0 0 12 0 0 1
+6 3230 3230
+1 3230 3230
+8 3230
+1 3230 3230

fl=(59)
fn=(196)
153 72 0 0 1 0 0 1
-55 72
+70 81
+1 9 9
-2 54 0 27
+1 54 27

fl=(78)
fn=(276)
194 16 0 8 1 0 0 1
+14 8
-14 72 0 40
+16 8 0 0 1 0 0 1
-16 16 0 16 0 0 1
+14 8 0 8
+2 16
+3 8 8 0 0 4
-1 8 8
+1 16
+19 16 8 0 1 0 0 1
+6 40 16
-34 14
+38 14
+7 28 7 7 1 2 0 1
fi=(6)
71 26 7
+6 20 15 0 0 4
+4 15 5 0 0 5 0 0 5
+14 5 5 0 1 0 0 1
-8 5 0 5
+8 10
+20 10 5 0 0 1
+4 25 5 0 0 3
-2 10 0 5
fe=(78)
288 340 107 58 4 30 1 4
-83 5
fi=(6)
474 20 0 5
fe=(78)
205 10 0 10
+83 10 10 0 1 0 0 1
fi=(5)
49 5 5
fe=(78)
288 5 5
fi=(5)
60 5 5
-11 10 0 5
+11 10
fe=(78)
288 3
-83 3
fi=(6)
474 12 0 3
fe=(78)
205 6 0 6
+83 6 6
fi=(5)
49 3 3
fe=(78)
288 3 3
fi=(5)
60 3 3
-11 6 0 3
+11 6
fe=(78)
288 16 16
fi=(5)
49 8 8
fe=(78)
288 8 8 0 0 4
fi=(5)
60 8 8
-11 16 0 8
+11 16
-7 5
-1 5
+11 40 5 0 1 0 0 1
fi=(6)
545 2510 1255
+4 2510
+3 3765 1255
+1 1255 0 1255 0 0 163 0 0 160
fi=(5)
63 3765
+2 5248 1312 0 1 491 0 1 491
+2 171
-4 171
+13 30
+1 16 2
+1 114 57
fi=(6)
545 57 57
+34 114 114
+2 57 0 57
cob=(4)
cfi=(134) ./math/../sysdeps/x86_64/fpu/multiarch/s_sin.c
cfn=(480) sin
calls=1 27 
* 9 4 0 1 0 0 1
cob=(4)
cfi=(146) ./math/../sysdeps/x86_64/fpu/multiarch/e_atan2.c
cfn=(476) __atan2_finite@GLIBC_2.15
calls=1 26 
* 9 4 0 2 0 0 2
cob=(4)
cfi=(145) ./math/../sysdeps/x86_64/fpu/multiarch/e_exp2f.c
cfn=(472) exp2f@@GLIBC_2.27
calls=1 27 
* 9 4 0 2 0 0 2
cob=(4)
cfi=(142) ./math/../sysdeps/x86_64/fpu/multiarch/e_asin.c
cfn=(468) __asin_finite@GLIBC_2.15
calls=1 27 
* 8 4 0 1 0 0 1
cob=(4)
cfi=(144) ./math/../sysdeps/x86_64/fpu/multiarch/s_fma.c
cfn=(466) fma
calls=1 49 
* 6 3 0 1 0 0 1
cob=(4)
cfi=(143) ./math/../sysdeps/x86_64/fpu/multiarch/s_sinf.c
cfn=(462) sinf
calls=1 26 
* 9 4 0 1 0 0 1
cob=(4)
cfi=(142)
cfn=(458) __acos_finite@GLIBC_2.15
calls=1 35 
* 8 4 0 2 0 0 2
cob=(4)
cfi=(141) ./math/../sysdeps/x86_64/fpu/multiarch/e_log.c
cfn=(454) __log_finite@GLIBC_2.15
calls=1 27 
* 9 4 0 2 0 0 2
cob=(4)
cfi=(140) ./math/../sysdeps/x86_64/fpu/multiarch/e_log2f.c
cfn=(450) log2f@@GLIBC_2.27
calls=1 27 
* 9 4 0 2 0 0 2
cob=(4)
cfi=(138) ./math/../sysdeps/x86_64/fpu/multiarch/e_pow.c
cfn=(446) __pow_finite@GLIBC_2.15
calls=1 27 
* 8 4 0 1 0 0 1
cob=(4)
cfi=(137) ./math/../sysdeps/x86_64/fpu/multiarch/e_powf.c
cfn=(442) powf@@GLIBC_2.27
calls=1 30 
* 9 4 0 1 0 0 1
cob=(4)
cfi=(136) ./math/../sysdeps/x86_64/fpu/multiarch/s_sincosf.c
cfn=(438) sincosf
calls=1 26 
* 9 4 0 2 0 0 2
cob=(4)
cfi=(135) ./math/../sysdeps/x86_64/fpu/multiarch/e_logf.c
cfn=(434) logf@@GLIBC_2.27
calls=1 27 
* 9 4 0 1 0 0 1
cob=(4)
cfi=(134)
cfn=(430) cos
calls=1 34 
* 9 4 0 2 0 0 2
cob=(4)
cfi=(133) ./math/../sysdeps/x86_64/fpu/multiarch/e_expf.c
cfn=(426) expf@@GLIBC_2.27
calls=1 27 
* 9 4 0 2 0 0 2
cob=(4)
cfi=(131) ./math/../sysdeps/x86_64/fpu/multiarch/e_exp.c
cfn=(422) __exp_finite@GLIBC_2.15
calls=1 27 
* 9 4 0 2 0 0 2
cob=(4)
cfi=(129) ./math/../sysdeps/x86_64/fpu/multiarch/s_cosf.c
cfn=(418) cosf
calls=1 26 
* 9 4 0 2 0 0 2
cob=(3)
cfi=(128) ./string/../sysdeps/x86_64/multiarch/rawmemchr.c
cfn=(412) rawmemchr
calls=1 31 
* 23 4 0 2 0 0 2
cob=(3)
cfi=(127) ./string/../sysdeps/x86_64/multiarch/strncase.c
cfn=(410) strncasecmp
calls=1 31 
* 7 3 0 1 0 0 1
cob=(3)
cfi=(126) ./string/../sysdeps/x86_64/multiarch/mempcpy.c
cfn=(406) mempcpy
calls=1 33 
* 22 4 0 3 0 0 3
cob=(3)
cfi=(125) ./string/../sysdeps/x86_64/multiarch/strspn.c
cfn=(404) strspn
calls=1 29 
* 7 3 0 1 0 0 1
cob=(3)
cfi=(123) ./string/../sysdeps/x86_64/multiarch/memchr.c
cfn=(400) memchr
calls=1 29 
* 23 4 0 3 0 0 3
cob=(3)
cfi=(122) ./string/../sysdeps/x86_64/multiarch/stpcpy.c
cfn=(396) stpcpy
calls=1 33 
* 17 4 0 2 0 0 2
cob=(3)
cfi=(120) ./wcsmbs/../sysdeps/x86_64/multiarch/wmemcmp.c
cfn=(392) wmemcmp
calls=1 29 
* 22 5 0 3 0 0 3
cob=(3)
cfi=(119) ./string/../sysdeps/x86_64/multiarch/strncpy.c
cfn=(388) strncpy
calls=1 29 
* 17 4 0 2 0 0 2
cob=(3)
cfi=(118) ./string/../sysdeps/x86_64/multiarch/strlen.c
cfn=(384) strlen
calls=1 29 
* 21 4 0 2 0 0 2
cob=(3)
cfi=(117) ./string/../sysdeps/x86_64/multiarch/strcasecmp_l.c
cfn=(382) strcasecmp_l
calls=1 31 
* 7 3 0 1 0 0 1
cob=(3)
cfi=(116) ./string/../sysdeps/x86_64/multiarch/strcpy.c
cfn=(378) strcpy
calls=1 29 
* 17 4 0 2 0 0 2
cob=(3)
cfi=(115) ./string/../sysdeps/x86_64/multiarch/strchrnul.c
cfn=(374) strchrnul
calls=1 31 
* 21 4 0 2 0 0 2
cob=(3)
cfi=(114) ./string/../sysdeps/x86_64/multiarch/memrchr.c
cfn=(370) memrchr
calls=1 29 
* 21 4 0 3 0 0 3
cob=(3)
cfi=(112) ./wcsmbs/../sysdeps/x86_64/multiarch/wmemset.c
cfn=(366) wmemset
calls=2 31 
* 38 8 0 2 0 0 2
cob=(3)
cfi=(110) ./string/../sysdeps/x86_64/multiarch/memcmp.c
cfn=(362) bcmp
calls=1 29 
* 22 5 0 3 0 0 3
cob=(3)
cfi=(109) ./string/../sysdeps/x86_64/multiarch/strncase_l.c
cfn=(360) strncasecmp_l
calls=1 31 
* 7 3 0 2 0 0 2
cob=(3)
cfi=(108) ./string/../sysdeps/x86_64/multiarch/strcat.c
cfn=(356) strcat
calls=1 29 
* 17 4 0 2 0 0 2
cob=(3)
cfi=(107) ./wcsmbs/../sysdeps/x86_64/multiarch/wcscpy.c
cfn=(354) wcscpy
calls=1 43 
* 7 3 0 1 0 0 1
cob=(3)
cfi=(106) ./string/../sysdeps/x86_64/multiarch/strcspn.c
cfn=(352) strcspn
calls=1 29 
* 7 3 0 2 0 0 2
cob=(3)
cfi=(105) ./string/../sysdeps/x86_64/multiarch/strcasecmp.c
cfn=(350) strcasecmp
calls=1 31 
* 7 3 0 1 0 0 1
cob=(3)
cfi=(104) ./string/../sysdeps/x86_64/multiarch/strncmp.c
cfn=(348) strncmp
calls=1 66 
* 17 4 0 3 0 0 3
cob=(3)
cfi=(102) ./wcsmbs/../sysdeps/x86_64/multiarch/wmemchr.c
cfn=(344) wmemchr
calls=2 31 
* 46 8 0 3 0 0 3
cob=(3)
cfi=(100) ./string/../sysdeps/x86_64/multiarch/stpncpy.c
cfn=(340) stpncpy
calls=1 31 
* 17 4 0 3 0 0 3
cob=(3)
cfi=(99) ./wcsmbs/../sysdeps/x86_64/multiarch/wcscmp.c
cfn=(336) wcscmp
calls=1 30 
* 21 4 0 2 0 0 2
cob=(3)
cfi=(98) ./string/../sysdeps/x86_64/multiarch/memmove.c
cfn=(332) memmove
calls=2 29 
* 44 8 0 4 0 0 4
cob=(3)
cfi=(97) ./string/../sysdeps/x86_64/multiarch/strrchr.c
cfn=(328) rindex
calls=1 28 
* 21 4 0 2 0 0 2
cob=(3)
cfi=(96) ./string/../sysdeps/x86_64/multiarch/strchr.c
cfn=(326) index
calls=1 61 
* 19 4 0 2 0 0 2
cob=(3)
cfi=(94) ./wcsmbs/../sysdeps/x86_64/multiarch/wcschr.c
cfn=(322) wcschr
calls=2 31 
* 42 8 0 3 0 0 3
cob=(3)
cfi=(92) ./string/../sysdeps/x86_64/multiarch/memcpy.c
cfn=(318) memcpy@@GLIBC_2.14
calls=1 29 
* 22 4 0 3 0 0 3
cob=(3)
cfi=(91) ./wcsmbs/../sysdeps/x86_64/multiarch/wcslen.c
cfn=(314) wcslen
calls=1 29 
* 19 4 0 2 0 0 2
cob=(3)
cfi=(89) ./string/../sysdeps/x86_64/multiarch/memset.c
cfn=(310) memset
calls=1 29 
* 24 4 0 2 0 0 2
cob=(3)
cfi=(87) ./wcsmbs/../sysdeps/x86_64/multiarch/wcsnlen.c
cfn=(306) wcsnlen
calls=1 29 
* 19 4 0 2 0 0 2
cob=(3)
cfi=(86) ./string/../sysdeps/x86_64/multiarch/strcmp.c
cfn=(304) strcmp
calls=1 65 
* 17 4 0 3 0 0 3
cob=(3)
cfi=(85) ./string/../sysdeps/x86_64/multiarch/strpbrk.c
cfn=(302) strpbrk
calls=1 29 
* 7 3 0 2 1 0 2
cob=(3)
cfi=(83) ./string/../sysdeps/x86_64/multiarch/strnlen.c
cfn=(298) strnlen
calls=2 31 
* 42 8 0 3 1 0 3
-36 57
+37 57 0 57 0 0 1 0 0 1
fi=(5)
77 173
fe=(78)
288 64 32 16 2 0 4 2
+3 48 16
+24 8 0 8 0 0 1
+3 16 8
+17 24 8 0 0 7
+2 64 56 0 0 5
-98 16 8 0 1 7 0 1
+3 2
+7 4 1 1 1 0 0 1
-9 2
fi=(5)
86 22 22 0 1 0 0 1
+2 22
+12 11
-14 44 11 11 0 2
+14 22 0 0 1 0 0 1
+10 18
+3 25
+1 7 7 0 0 6 0 0 2
fi=(6)
529 7 7
fi=(5)
114 7
fi=(6)
529 14
fi=(5)
114 5397 5397 0 0 674 0 0 674
fi=(6)
529 5397 5397 0 0 676 0 0 676
fi=(5)
114 5397
fi=(6)
529 10794
+5 10808
+1 5404 5404 0 0 676 0 0 676
fi=(5)
113 5404
fi=(6)
535 5404
-5 5404 0 5404 1 0 1045 1 0 1036
fi=(5)
113 10808
+7 44 11 11 0 9 3
+4 36 18 9 0 9
+2 18 9 0 1 0 0 1
-73 7 0 7 0 0 3
fi=(6)
484 7
fi=(5)
52 7 0 7
fi=(6)
484 14 0 7
fi=(5)
128 14 14 0 0 1
+1 7 7
+1 7 7 0 1 0 0 1
-2 7
+2 7 7
+3 7
-5 7
+2 7 0 7
-2 7 7 0 0 7 0 0 4
+1 14
+2 7
-2 7 0 7 0 0 3
+2 21 7 0 0 4
+2 14 0 0 1 0 0 1
-5 8372 8372 0 0 1054 0 0 1052
+1 4186 4186
+1 4186 4186
-2 4186
+2 4186 4186
+3 4186
-5 4186
+2 4186 0 4186
-2 4186 4186 0 0 1226 0 0 258
+1 8372
+2 4186
-2 4186 0 4186
+2 12558 4186
+2 8372
+9 4191 0 4191
fi=(6)
262 8382
+21 8382
+4 8382
+7 16764 4191 0 0 1941 0 0 1504
fi=(4)
138 12522 4174
fi=(6)
294 121534 19601 15192 3 91 3 3 3
cfi=(79)
cfn=(284)
calls=2532 840 
* 2134436 510120 183398 91 9048 90 90 3431 40
* 22788 10128 2532 1 0 2 1
+2 12522
+30 25122 4191 0 0 9 0 0 2
450 12393 8262 4131 1 515 1297 1 514 473
fi=(5)
145 12439 4131
-19 12579 4193
+32 35 14 0 1 0 0 1
+1 6 2
fi=(6)
294 2 0 2
+22 2
-22 4
fi=(5)
160 6 2 0 1 0 0 1
+3 2 2
+4 2 2
-4 2
+4 4 2 2
-2 2 2
-2 2 2
+2 2
+1 2 2
-1 4 0 2
fi=(6)
294 8 2 0 1 2 0 1
508 2 2 0 1 0 0 1
-1 4 4
+1 4
+1 2 0 2
cfi=(15) ./elf/../sysdeps/x86/dl-get-cpu-features.c
cfn=(520) __x86_cpu_features
calls=1 71 
* 6 2 0 1 1
cob=(3)
cfi=(81) ./string/../sysdeps/x86/cacheinfo.c
cfn=(294) __x86_cacheinfo
calls=1 86 
* 28 9 8 3 2 3 3 0 3
+1 2 2
fi=(5)
159 2
fi=(6)
510 2 0 2 0 0 1
fi=(5)
159 8 0 0 1 0 0 1
-14 111 37
+1 693 231 0 1 1 0 1
fi=(6)
360 6 0 0 1 0 0 1
+1 9 6 3 0 2 1 0 0 1
fi=(5)
145 6 3
fi=(6)
490 111 37 0 1 0 0 1
+5 74 74 0 0 10 0 0 4
-1 111 37 37 1 0 0 1
+1 74
-1 37 0 37
cfi=(29)
cfn=(80)
calls=37 212 
* 730 210 173 3 52 38 2 11 37
+2 148 111
+1 37
-75 54 18 0 1 0 0 1
+4 72 18
+5 18 18
+9 18 18
-9 36 18 0 0 2 0 0 2
+9 18 0 18 0 0 6 0 0 6
fi=(5)
145 36 18 0 1 0 0 1
fi=(6)
368 6 2
+11 2 2
-9 4 4 0 0 1 0 0 1
+9 2 0 2 0 0 1
fi=(5)
145 38 2 0 1 0 0 1
fi=(6)
296 4214 4180 0 1 25 0 1
+3 4163
-3 4163 4163
+3 8326
+2 60 12 0 0 3
+3 24
+1 36 12 0 1 0 0 1
+11 24 0 24 1 0 0 1
+7 12 0 12
cob=(4)
cfi=(151) ./math/../sysdeps/x86_64/fpu/multiarch/s_floor.c
cfn=(496) floor
calls=1 31 
* 7 3 0 1 2 0 1
cob=(3)
cfi=(149) ./debug/../sysdeps/x86_64/multiarch/memcpy_chk.c
cfn=(492) __memcpy_chk
calls=1 29 
* 22 4 0 3 0 0 3
cob=(3)
cfi=(98)
cfn=(332)
calls=1 29 
* 22 4 0 0 1
cob=(3)
cfi=(148) ./time/../sysdeps/unix/sysv/linux/gettimeofday.c
cfn=(490) gettimeofday
calls=1 42 
* 7 3 0 2 1 0 2
cob=(3)
cfi=(86)
cfn=(304)
calls=1 65 
* 17 4 0 0 3
cob=(3)
cfi=(92)
cfn=(318)
calls=1 29 
* 22 4 0 0 1
cob=(3)
cfi=(89)
cfn=(310)
calls=1 29 
* 24 4
cob=(3)
cfi=(110)
cfn=(362)
calls=1 29 
* 22 5
cob=(3)
cfi=(118)
cfn=(384)
calls=1 29 
* 21 4
cob=(3)
cfi=(96)
cfn=(326)
calls=1 61 
* 19 4 0 0 2
cob=(4)
cfi=(134)
cfn=(480)
calls=1 27 
* 9 4 0 0 1
cob=(4)
cfi=(147) ./math/../sysdeps/x86_64/fpu/multiarch/s_ceil.c
cfn=(488) ceil
calls=1 31 
* 7 3 0 2 2 0 2
* 36 24
+3 24
fi=(5)
135 10 2 4 1 0 1 1
+3 2
fi=(6)
296 4146 4146 0 1 0 0 1
+3 4146 4146
-3 8308 6
+3 4 0 0 1 0 0 1
fi=(5)
50 16 8 0 1 1 0 1
fe=(78)
308 3956 0 0 1 0 0 1
fi=(6)
-14 12162 5260 3284 1 0 0 1
fe=(78)
+49 40 24 0 2 2 0 2
+3 8
-3 8
+3 8
+4 16
+1 32 0 8 0 0 1
cfi=(71) ./misc/../sysdeps/unix/syscall-template.S
cfn=(238) mprotect
calls=8 117 
* 48 8
* 16
fi=(6)
-57 12 4 0 1 0 0 1
fe=(78)
-6 6 0 2
fi=(5)
53 2 0 2 1 0 0 1
175 7 2 1
+2 2 2
+1 2 2
-1 1
+3 1
-3 4 0 1 1 0 0 1
+3 2
-3 10 10 0 0 1 0 0 1
+1 10 10
-1 5
+3 5
-3 20 0 5
+3 10
+8 6 0 6
fi=(6)
+74 12
+21 12
+4 12
+7 24 6 0 1 2 0 1 2
fi=(4)
138 18 6
fi=(6)
294 204 36 36 2 1 0 2
cfi=(79)
cfn=(284)
calls=6 840 
* 4393 1208 441 0 28 0 0 11
* 54 24 6 1 0 0 1
+2 18
+30 36 6 0 0 1 0 0 1
450 12 6 6 1 1 1 1 1 1
fi=(5)
191 18 6
-16 18 6
+30 4 1
fi=(6)
+91 3 3 0 1 0 0 1
+3 3
-3 3 3
+3 6
-3 3 3 0 1 0 0 1
+3 3 3
-3 6
fe=(78)

fl=(389) ./elf/../sysdeps/x86_64/tls_get_addr.S
fn=(3732) __tls_get_addr
29 182 0 0 6 0 0 1
+1 182 182
+1 182 182 0 0 6
+2 182 182 0 0 6
+1 182
+1 182 182 0 0 9
+3 182
+1 182 182
+4 182
+1 182
+1 182 182
+1 182 182

fl=(153) ./elf/./dl-find_object.h
fn=(504) _dl_find_object_from_map
95 18 9 9 1 5 0 1
+1 18 9 9 1 1 0 1
+1 9 0 9 0 0 4 0 0 4
+6 45 18 0 0 7
+1 258
+1 178 89 0 0 67 0 0 8
+2 27 18 9 0 2
+5 9 9

fl=(31)
fn=(134) decompose_rpath
580 11 0 6 1 0 0 1
+11 1 1
-9 1 1
+9 2
+31 2 1 0 0 1 0 0 1
+7 1 0 1 1 0 0 1
cfi=(45) ./string/./string/strdup.c
cfn=(136) strdup
calls=1 40 
* 123 26 13 7 1 1 7 1 1
* 1
+1 2
+8 4 1
-1 2
+3 2
-2 1 0 0 1 0 0 1
+2 2
-2 3 1
+2 124
-2 62
+2 124
-2 186 62
+6 1
fi=(28)
56 1 1 1
cfi=(27)
cfn=(76)
calls=1 -21 
* 25 5 5
* 1
fe=(31)
646 2
+8 7 0 1 1 0 0 1
cfn=(140) fillin_rpath.isra.0
calls=1 468 
* 1168 283 68 20 1 4 20 1 4
fi=(28)
50 2 1 1
cfi=(27)
cfn=(148) __minimal_free
calls=1 +45 
* 5 2
fe=(31)
661 2 1
+7 1 0 1
+3 1
-1 1 0 1
+2 8 7

fn=(106)
706 11 0 7 1 0 0 1
+14 1
-14 2 0 1
+14 2 0 1 1 0 0 1
cfi=(38) ./elf/./elf/dl-hwcaps.c
cfn=(108) _dl_important_hwcaps
calls=1 175 
* 1847 337 256 59 4 10 59 4 10
fi=(28)
56 1
fe=(31)
720 1 0 1 0 0 1 0 0 1
fi=(28)
56 1 1 1
cfi=(27)
cfn=(76)
calls=1 -21 
* 25 5 5
fe=(31)
725 1 0 1
+2 2
+7 2
+1 2 1 0 1 0 0 1
-1 3
+5 3
fi=(28)
56 1 1 1
cfi=(27)
cfn=(76)
calls=1 -21 
* 25 5 5
fe=(31)
739 1 0 1 0 0 1 0 0 1
+2 4 2
+17 1
-10 1 0 1 1 0 0 1
+19 1 1
-11 1
-9 1 0 1
+9 1 0 1
+12 2
-10 1 0 1 0 0 1 0 0 1
+3 2 0 1
+9 1 0 0 1 0 0 1
-7 1
+4 1 0 1
+3 2 0 1
-3 1 1
-8 1 0 1
+3 1 0 1
+8 1 0 1
-3 1
+1 16 0 4
cfi=(44)
cfn=(132)
calls=4 125 
* 72 4 16 2 0 2 2 0 2
+2 18 6 0 1 0 0 1
-14 3
+10 3
+4 3 0 3
-12 3
-2 3 0 3
+2 3 0 3
+4 3 3 0 0 1 0 0 1
-3 3 0 3 0 0 1 0 0 1
+3 3 0 3 0 0 1 0 0 1
+1 3 0 0 1 0 0 1
-2 3 0 3
+5 6 3 0 0 1 0 0 1
+1 3 3
-4 3
+4 3
+15 1 1
+3 1
-15 1 0 1 1 0 0 1
+7 1 0 1
-1 1 0 1
+9 2
+2 4 1
+2 3 1 0 1 0 0 1
+5 5 3
+1 1 1
-2 2
+2 1
-2 2 0 1
cfn=(134)
calls=1 580 
* 1879 393 98 31 3 5 31 3 5
+6 1 0 1
+3 1 0 1 1 0 0 1
+23 5 2
+2 2 0 1
cfi=(22)
cfn=(60)
calls=1 41 
* 35 5
* 18 1 1 2 0 0 2
cfi=(29)
cfn=(80)
calls=1 212 
* 19 5 4
* 1
+5 4 1 0 1 0 0 1
-1 2
+2 1
+1 2
-2 4 1
+1 36
+1 72
-2 144 36
+5 1
fi=(28)
56 1 1 1
cfi=(27)
cfn=(76)
calls=1 -21 
* 25 5 5
fe=(31)
836 1 0 1
fi=(28)
56 1
fe=(31)
838 2 0 0 1 0 0 1
+6 6 1 1
cfn=(140)
calls=1 468 
* 1555 377 134 0 3 5 0 3 5
+3 3 2
+6 1 0 1
+4 8 7
-30 2 0 1 1 0 0 1

fn=(176)
2022 240 0 192 3 0 8 1 0 4
+8 48
+1 96 24 0 3 1 0 1 1
+3 477 119
+5 777 222 0 3 0 0 1
+2 333 0 111 0 0 2 0 0 1
cfi=(54)
cfn=(178)
calls=111 68 
* 10329 2410 458 37 24 5 25 3 1
* 222
+4 190 95
+1 285 95 0 0 7
+4 61 61 0 1 6 0 1
-1 305 183
+1 61
+1 61
-1 61
+1 61 0 61
cfi=(32)
cfn=(90)
calls=61 108 
* 1914 407 0 4 5 0 4
* 122
2329 198 154 0 2
2068 8 0 0 1 0 0 1
+1 8
-1 8 0 8
+1 8
-1 8 8
+1 8 0 8
-1 16 8
-44 8 0 8 2 0 1 1 0 1
+53 24 8
+17 16
-2 8 0 8 0 0 2 0 0 1
+2 8 0 8
cfi=(42)
cfn=(118)
calls=8 23 
* 192 24
* 16
2260 6
-1 9 0 3 2 0 0 1
cfn=(144) expand_dynamic_string_token
calls=3 385 
* 836 168 92 7 0 7 0 0 6
+2 3
-3 3 0 3
+1 3
+2 6
+4 15 0 6
cfn=(180) open_verify.constprop.1
calls=3 1568 
* 391 78 32 26 11 2 17 11 2
+3 6 3
-3 3
+3 3 0 0 2 0 0 1
+12 4 1
+46 1 1
+1 3
-1 1 0 1
+1 9 3 5 1 0 0 1
cfn=(188) _dl_map_object_from_fd
calls=1 944 
* 1819 390 195 69 22 25 69 22 25
-1 5 5
+1 15
-1 5 0 5
+1 45 15 25
cfn=(188)
calls=5 944 
* 10740 2080 1595 13 115 221 13 115 219
* 18
2098 10 0 5 1 0 0 1
cfi=(22)
cfn=(60)
calls=5 41 
* 85 10
* 10 0 5
+2 10 5
+7 20 5
+50 15 5 0 1 0 0 1
+1 55 5 20
cfn=(220) open_path
calls=5 1870 
* 11656 2552 1624 20 0 10 20 0 10
+6 5
-6 5
+6 20 5 0 1 0 0 1
682 5 5
2165 5
682 10
+3 10
2167 60 5 20 1 0 0 1
cfn=(220)
calls=5 1870 
* 3082 672 421 11 12 1 11 12 1
* 10
+4 10
+81 10 5
+28 20 5
+2 20 0 0 1 0 0 1
fi=(28)
50 4 4 2 1
cob=(3)
cfi=(177)
cfn=(1112)
calls=2 3352 
* 178 56 30
fe=(31)
2280 8 2
+4 6 2
+32 4 2 0 1 0 0 1
2173 4 0 4 1 0 0 1
+14 8
+2 12 4
+4 8 0 4 1 0 0 1
cfi=(68)
cfn=(228) _dl_load_cache_lookup
calls=4 416 
* 5936 971 233 24 61 5 24 61 5
* 4
+2 8
+4 8
+8 12 4
+23 24 0 8 1 0 0 1
cfn=(222) open_verify.constprop.0
calls=4 1568 
* 1246 258 69 9 0 1 9 0 1
+4 8 4
-4 4
+4 4
+1 8 0 4
+87 10 2 2 1 0 0 1
cob=(2)
cfi=(51)
cfn=(1148) 0x0000000004002070
calls=2 0 
* 1730 494 239 8 24 21 6 3 18

fn=(144)
385 42 0 30 3 0 0 1
241 6 0 0 2 0 0 1
385 6 0 6
241 6
385 6
241 6 0 6
cfi=(42)
cfn=(118)
calls=6 23 
* 348 51 0 3 0 0 3
+3 12
410 6
-11 6
+11 36 36
-11 6
cfi=(45)
cfn=(136)
calls=6 40 
* 796 161 106 4 0 11 0 0 10

fn=(140)
468 14 0 12 1 0 0 1
+4 2
-4 16 0 10 1 0 0 1
+6 6 2 2
cfi=(7)
cfn=(142)
calls=2 239 
* 1065 303 3 2 3 0 2 3
* 12 4 4
cfi=(7)
cfn=(142)
calls=4 239 
* 276 85 3
* 18
+7 8 4
+2 9 3 3
cfn=(144)
calls=3 -98 
* 446 80 56 5 0 4 5 0 4
* 3
+4 6
+5 6 0 3 1 0 0 1
cfi=(22)
cfn=(60)
calls=3 41 
* 87 12 0 0 1 0 0 1
* 3
+1 6
+7 15 3
+9 75 25 0 1 0 0 1
+1 48 23 1
cfi=(43) ./string/../sysdeps/x86_64/memcmp.S
cfn=(124) bcmp
calls=1 22 
* 33 3
* 2
+55 8 0 4 1 0 0 1
fi=(28)
50 8 8 4
cfi=(27)
cfn=(148)
calls=4 +45 
* 20 8 0 1 0 0 1
+1 4
fe=(31)
509 1 1
-31 1
-1 1 0 1
+32 2
+19 10 5 1 1 0 0 1
cfi=(22)
cfn=(60)
calls=1 41 
* 17 2
* 2 0 1
+4 3 2 0 1 0 0 1
fi=(28)
56 1 1 1
cfi=(27)
cfn=(76)
calls=1 -21 
* 25 5 5
fe=(31)
532 9 6
fi=(28)
56 3 3 3
cfi=(27)
cfn=(76)
calls=3 -21 
* 75 15 15
* 4
fe=(31)
534 8
+5 4 4
+1 8
-1 4
-1 4 0 4
+2 4 0 4
cfi=(29)
cfn=(128)
calls=4 199 
* 60 12 8 0 0 4 0 0 4
+3 4 4 0 1 0 0 1
-3 4 0 4 0 0 1 0 0 1
+1 4 0 4
+2 4
+1 1 0 1
+5 1
+1 1 1
-1 3 1
+1 2
-1 3
+1 3 3
-1 9 3
+1 42 0 0 1 0 0 1
+1 4
-1 4
+1 8 0 4
-1 8
+1 4
-1 4
+1 8 0 4
-1 24
+1 4
-1 4 0 0 1 0 0 1
+1 4 0 4
-1 12
+1 4 0 4
-1 8
+3 4 4
+1 4 4
-1 4 0 4
+1 8
+2 1
-1 3 1 1
cfi=(29)
cfn=(80)
calls=1 212 
* 14 2 1
* 4 0 4
+6 8 4 4
+1 8 0 4
-57 12 0 6 1 0 0 1
+66 2 0 2
+3 16 14 0 1 0 0 1
-46 12 0 3

fn=(180)
1568 33 0 18 3 0 0 1
+39 9 3 0 3 0 0 1
+19 12 0 3 0 0 1 0 0 1
cfi=(55)
cfn=(182)
calls=3 28 
* 63 3 5 5 0 0 2
* 3
+2 6
+11 1 0 1
+6 2
-5 1 0 1 0 0 1 0 0 1
+5 8 1 2 1 0 0 1
cfi=(56) ./io/../sysdeps/unix/sysv/linux/read_nocancel.c
cfn=(184) __read_nocancel
calls=1 25 
* 6 1 0 1 0 0 1
+2 2
+2 2 1 1
+2 2
+6 2
+17 11 4 0 1 0 0 1
fi=(28)
50 2 1 1 1 0 0 1
cfi=(27)
cfn=(148)
calls=1 +45 
* 5 2
fe=(31)
1856 27 21 0 2
1674 3 1 0 1 0 0 1
+74 2 1
+5 2 1
+2 4 1 0 1 0 0 1
+6 2 1 0 0 1 0 0 1
+6 1 1
+1 1 1
-1 3
+1 1
-1 1
+1 2
+1 2 1
+20 3 0 0 1 0 0 1
+31 1
-31 1
1633 1
1820 2
-31 66
+1 28 13 0 1 9 0 1 9
+1 8 2
+4 8 4
+25 12 4 0 1 1 0 1 1
+3 18 6 0 1 0 0 1
+3 2
-4 2
+4 4
+6 4 2 0 1 0 0 1
-36 6 2 0 1 0 0 1
1612 4 0 0 1 0 0 1

fn=(188)
944 60 0 42 0 0 1 0 0 1
+10 6 6
-10 24 0 24 1 0 1 1 0 1
+10 6 0 6 0 0 1 0 0 1
cfi=(46)
cfn=(190)
calls=6 38 
* 42 12
* 6 0 6
+7 24 6 6
+85 24 6 6 1 0 0 1
+10 12 6
+7 42 30 6 1 0 0 1
cfi=(26)
cfn=(70)
calls=6 59 
* 2116 413 316 4 6 47 4 6 47
* 6
+1 12
+11 12 12
+5 6 6
-5 6 0 6 0 0 4 0 0 4
+1 12 6 6
+1 6 6
+2 6
-2 6 0 6 1 0 0 1
+2 12
+1 18 6
+1 10 0 5
+19 10 5
-2 5 0 5
+2 52 1 0 1 0 0 1
-2 1 0 1
+2 70 0 12 1 0 0 1
+10 24 6
+85 6 6
-58 6 6
-34 6 0 6 1 0 0 1
-1 6 0 6
+93 6 0 6
+6 6 6
-64 12 0 6
+9 6
+55 12
-55 6 0 6
-42 6
+97 12 0 6 1 0 0 1
1101 6
-5 12 0 6
+15 164
+20 2 1 1
+1 1
-22 192
+1 362 70 0 1 1 0 1 1
1213 12 12
1110 6
1213 12 0 6 0 0 3 0 0 3
1110 18 0 0 1 0 0 1
1218 18
+10 12
+1 6
-1 6
+1 6 0 6
-1 18
+1 18
-1 18
+1 18 0 18
-1 54
1076 12 6 6
1235 12 0 0 1 0 0 1
+10 24 12
+7 12 6
fi=(61) ./elf/./dl-map-segments.h
96 6 6
fe=(31)
1252 18 12 0 1 0 0 1
fi=(61)
28 6 6
fe=(31)
1252 6
fi=(61)
96 6
fe=(31)
1252 6 0 6
fi=(61)
28 12 6
+1 48 24 12 1 0 2 1 0 1
cfi=(60)
cfn=(198)
calls=6 +18 
* 54 6
+74 12 6
-1 6 0 6
-73 6
+74 6
+3 12 6 0 1 0 0 1
+1 6
+2 6 6
-3 6 0 6
+1 6 0 6
+2 6
+7 16 6 2
+3 8 0 2
cfi=(71)
cfn=(238)
calls=2 -2 
* 12 2 0 1 0 0 1
* 6 2
+7 6 0 6 1 0 0 1
+2 6
fi=(62) ./elf/./dl-load.h
-37 48
+1 18 12 6
+2 48 24 0 1 1 0 1 1
fi=(61)
+56 96 48
+8 6 6
-2 6 6
+1 6 6
+2 6
-1 6
+1 6
-1 18
+8 12 0 0 1 0 0 1
+3 12
+8 42 0 18
cfi=(44)
cfn=(132)
calls=6 -52 
* 1028 6 544 2 0 137 2 0 137
+1 12 12
+5 12
+12 24 0 0 1 0 0 1
-59 120
+2 36 36
+3 18 18
-3 36
+2 144 54 36 1 0 0 1
cfi=(60)
cfn=(198)
calls=18 -93 
* 162 18
* 54 18
fi=(57) ./elf/../sysdeps/posix/dl-fileid.h
37 18 6 6 1 0 0 1
cfi=(58)
cfn=(194)
calls=6 -8 
* 90 6 0 2 0 0 2
* 12
fe=(31)
999 12 6
fi=(57)
40 18 18 0 1 0 0 1
fe=(31)
999 6
fi=(57)
40 6 0 6
fe=(31)
999 105 33
+1 54 27
fi=(57)
49 84 42 0 0 1 0 0 1
fe=(31)
1515 54 42 0 1 0 0 1
1018 12 6 0 1 0 0 1
+66 13 0 0 2 0 0 2
+1 2 1
-1 1
+1 1
-1 1 0 1
+1 1 0 1 0 0 1 0 0 1
cfi=(72)
cfn=(242)
calls=1 25 
* 7 1
* 2
+26 74 0 0 1 0 0 1
+26 144 48
+10 24 24 0 1 0 0 1
-1 24
-1 24
+2 24
+2 24 24
-2 24
-1 144 0 24 0 0 6 0 0 5
+2 48
+1 24 0 24 1 0 2 1 0 2
+2 24 24
-3 24 0 24
+3 144
+2 48 24 24 0 0 2 0 0 2
+4 48
+1 90 36 18
+4 18
+1 18
-1 18
+1 126 18 18 0 0 1 0 0 1
-18 18
+28 18
-11 6 0 0 1 0 0 1
+1 6
-1 6
+1 42 6 6
-18 6
+28 6
-56 12 6 0 1 0 0 1
+7 6 6
+2 6 6
-2 6 0 6
+1 6 6
+1 6
-1 12 0 6
+1 48 6 6 1 0 0 1
+50 6 2
+5 2 2
-1 4
+5 2
-5 4 0 2 0 0 2 0 0 2
-56 2 2
+61 8 0 2 1 0 1 1 0 1
+1 2 2
+3 2 0 2
-3 2 0 2
+8 8 2
+15 12 6 6 1 0 0 1
+1 6
+58 24 12 0 2 0 0 2
+1 18 6 6
fi=(63) ./elf/./elf/get-dynamic-info.h
39 12
+6 6 6 0 0 6 0 0 6
-2 6
+2 12
+9 6
+5 6
+3 6 0 0 1 0 0 1
+2 6
-3 6
-3 6
-3 102
+13 30 0 30 0 0 14 0 0 14
-23 120 30 0 0 8 0 0 8
+23 118 0 118 0 0 21 0 0 21
-23 472 118 0 0 30 0 0 30
+4 296
+5 144 0 0 1 0 0 1
+2 30
+3 24 0 0 1 0 0 1
+13 24 6
+10 20 6 2 1 0 0 1
+1 24 6 6
+1 24 6 6
+1 24 6 6
+2 24 6 6
+5 23 6 5 1 1 0 1 1
+1 23 6 5 0 1 0 0 1
+1 24 6 6
+3 18 6
+5 10 5
+7 12 6 0 1 0 0 1
+1 18 12
+22 18 6 0 0 1 0 0 1
+5 4 2 2
+2 4
+2 4
+2 4
+4 18 6 0 1 0 0 1
+2 3 1 1
+1 2
+9 2 1 0 1 0 0 1
+6 2
+4 12 6
+2 1 0 1
fe=(31)
1275 2
+1 2
-1 10
+1 10
+2 12 0 0 1 0 0 1
+10 18 6
+19 18 6 6
+2 30 12 0 1 0 0 1
+52 18 6 0 0 4 0 0 4
+1 4 2 2
+6 48 6 6 1 0 0 1
+1 116
+6 24 6 6
cfn=(88)
calls=6 868 
* 120 48 0 0 6 0 0 6
-7 152 76 6
+1 70 70 0 0 58 0 0 58
+6 70 0 0 1 0 0 1
-6 140
fi=(30)
95 48 24
213 6 6
-1 12 12
105 12
212 6
105 6
-2 6
-3 6
+2 6 0 6 1 0 0 1
+3 6
-4 12 0 6
+92 24
-1 6
-87 18
+3 18 6 0 1 0 0 1
+1 12 6
+1 12 6
+4 18 6
+4 18 0 6
+3 18 6 0 1 0 0 1
+1 12
+4 6
+1 24 0 6
+58 18
+2 24
-56 16 8 0 1 0 0 1
+1 8 8
+3 16
+3 8
+1 32
+5 16 0 0 1 0 0 1
+2 16
+5 16
+14 8 8 0 0 4 0 0 4
-1 16
+2 4
-1 12 0 6
fe=(31)
1380 12 6 6 1 0 0 1
cfi=(64)
cfn=(208)
calls=6 25 
* 36 6 0 1 0 0 1
* 12
+13 12 6
+2 24 12 6
+2 12 6 0 1 0 0 1
+16 12 0 6
cfi=(8)
cfn=(14)
calls=6 25 
* 174 48 30 0 3 0 0 3
+4 12 6
+1 12 6
+17 12 6
+1 1 0 1
+3 1 1
+5 1 1
-5 1 0 1 1 0 0 1
+5 1
-5 5 5
+5 5 5
-5 5 0 5
+5 5
+10 12 6
+7 36 12
+10 12 6 0 1 0 0 1
+1 8 2
+5 4 0 2
cfi=(47)
cfn=(240)
calls=2 131 
* 20 6 4 2 0 0 2
+7 18 6 6
cfi=(26)
cfn=(82)
calls=6 31 
* 330 81 54
+3 24 12
+23 42 18 0 1 0 0 1
+1 18 6 6
cfi=(49)
cfn=(210) _dl_audit_objopen
calls=6 76 
* 30 12 0 1 0 0 1
* 6
fi=(62)
95 25 15 0 1 0 0 1
+2 5 5 0 1 0 0 1
-1 10 10
+1 5
-1 5
+1 5
-1 5
+1 5
-1 10
+3 20 0 5
fe=(31)
1506 30 12 0 2 0 0 2
fi=(30)
198 24 6
+2 6 6
+1 6 0 6
+2 6 0 6
-3 18 0 6
fe=(31)
1368 18 6 6
fi=(63)
62 24 0 0 1 0 0 1
+2 24
fe=(31)
1084 2 0 1 1 0 0 1
fi=(61)
187 24 0 3 1 0 0 1
cfi=(60)
cfn=(198)
calls=3 47 
* 27 3
+3 6
fe=(31)
1462 18 6 0 1 0 0 1
+2 5 5
-1 25 15
+1 5
-1 5
+1 5
-1 5 0 5
cfi=(32)
cfn=(90)
calls=5 108 
* 125 35 0 0 6 0 0 6
* 10
+2 5 1 1
1275 10 5 0 2 0 0 2
fi=(57)
49 12 4 0 1 0 0 1
fi=(30)
170 6 2 2 1 0 0 1
-39 4
fe=(31)

fn=(216) _dl_dst_count
238 32 0 16 1 0 0 1
+3 16
-3 32 0 32
+7 16 0 0 1 0 0 1
-7 32 0 32
+3 16 0 16 0 0 1 0 0 1
cfi=(42)
cfn=(118)
calls=16 23 
* 456 57 0 1 5 0 0 5
+3 32
+20 112 96

fn=(222)
1568 1056 0 576 1 0 1 1 0 1
+39 288 96
+19 384 0 96
cfi=(55)
cfn=(182)
calls=96 28 
* 2097 96 187 0 0 3 0 0 3
* 96
+2 192 0 0 1 0 0 1
+11 5 0 5
+6 10
-5 5 0 5
+5 40 5 10
cfi=(56)
cfn=(184)
calls=5 25 
* 30 5
+2 10 0 0 1 0 0 1
+2 10 5 5
+2 10
+6 10
+17 55 20 0 1 1 0 1 1
fi=(28)
50 10 5 5
cfi=(27)
cfn=(148)
calls=5 +45 
* 25 10
fe=(31)
1856 864 672 0 1 0 0 1
1674 15 5
+74 10 5 0 1 0 0 1
+5 10 5
+2 20 5
+6 10 5
+6 5 5
+1 5 5
-1 15 0 0 1 0 0 1
+1 5
-1 5
+1 10
+1 8 4
+20 15
+31 5
-31 5
1633 5
1820 10 0 0 1 0 0 1
-31 288
+1 130 60 0 0 8 0 0 8
+1 40 10 0 1 1 0 1 1
+4 40 20
+6 4
+1 28 0 0 1 0 0 1
+10 12 0 8 1 0 1 1 0 1
cfi=(72)
cfn=(242)
calls=2 25 
* 14 2
* 16 6
+8 72 24 0 1 2 0 1 2
+15 4
+6 2 2
-3 2 2
+1 2 2
+1 2 2
+1 4
-3 2
+1 2
+1 2
+2 2 2
-3 6
-1 2
+4 4
-19 90 30 0 2 0 0 2
+3 10
-4 10
+4 20
+5 2
+1 20 8
-60 13 0 0 2 0 0 2
+1 3 0 0 1 0 0 1
-1 1
+1 3 0 2
cfi=(72)
cfn=(242)
calls=1 25 
* 7 1 0 1 0 0 1
* 3 1
+16 5 1
+7 24 8
1612 182 0 0 1 0 0 1
+62 9 3 0 2 0 0 2
1802 4 0 2
-30 2 0 1 1 0 0 1

fn=(88)
868 7 0 0 1 0 0 1
+8 7 7
-8 7
+8 7
-6 7 7
+12 14
-13 7 7
+13 7
-13 7 7 0 1 0 0 1
+13 14
+3 21 7 0 0 6 0 0 6
+1 14 7 0 0 1 0 0 1
+1 14 7 0 1 0 0 1
+43 7 7

fn=(220)
1870 80 0 60 1 0 1 1 0 1
+1 10 10
-1 60 10 50 1 0 2 1 0 2
+1 10 0 10
+6 20
+5 160 20 0 1 0 0 1
-7 20 0 20 1 0 0 1
+7 10
-8 10 0 10
+8 20
+3 20 20
+9 60 10 10 1 0 1 1 0 1
-9 20 20
+9 60 10 10
+7 60 40
+1 20
-1 20 0 20 0 0 1 0 0 1
cfi=(29)
cfn=(128)
calls=20 199 
* 300 60 40 0 0 1 0 0 1
-12 20 0 20
+12 20
+59 100 0 20
-58 80 20 0 1 0 0 1
+3 400 200
+5 736 276 92
cfi=(29)
cfn=(128)
calls=92 199 
* 1228 236 144
* 368 184 92 1 0 0 1
cfi=(29)
cfn=(128)
calls=92 199 
* 1196 276 184
+3 184 0 92
+6 276 92
+3 552 276 92 1 0 0 1
cfn=(222)
calls=92 1568 
* 5197 879 833 13 12 4 13 12 4
* 92
+2 276 92
+2 60
+1 1 0 1
+23 1 0 1
+2 3 1
-50 1 0 1 1 0 0 1
fi=(28)
56 2 2 1
cfi=(27)
cfn=(76)
calls=1 -21 
* 25 5 5
fe=(31)
1977 1 1
+1 2 1
-1 1 0 1
+1 1
+2 5 1 2
cfi=(29)
cfn=(80)
calls=1 212 
* 27 9 8 1 0 1 1 0 1
+1 2 1
+10 152 38 0 2 0 0 2
+7 38 19 19
-2 38 19 19
+2 38 19
+3 27 9
-13 9
+27 90 70
-65 248 0 62
+2 124
-50 1048 91 0 1 0 0 1
+29 58 0 0 1 0 0 1
+1 203 87
+6 58 58 0 1 0 0 1
+2 29
-2 29 0 29
+2 58 29 29
cfi=(67)
cfn=(224)
calls=29 28 
* 460 29 27 1 0 0 1
* 29
+3 29
-3 58
+1 2 2
+2 4
-2 2
+2 70 2 31 1 0 0 1
-61 20 0 10 1 0 0 1

fl=(152)
fn=(500)
561 4 0 2 1 0 0 1
+3 1 1 0 1 1 0 1
+2 2 1
+7 2 0 1 0 0 1
+6 1 0 1
cfn=(502) _dlfo_process_initial
calls=1 474 
* 306 73 7 9 16 0 9
+1 1 1
-1 1
+1 1
fi=(28)
56 1 1 1
cfi=(27)
cfn=(76)
calls=1 -21 
* 25 5 5 0 1 1
fe=(152)
580 1 0 1
fi=(28)
56 1
fe=(152)
582 2 0 0 1 0 0 1
+3 2 0 0 1 0 0 1
+5 1 0 1 1 0 0 1
+1 1 0 1
cfn=(502)
calls=1 474 
* 828 217 54 1 71 7 1 8 6
+3 3 1
+10 4 3
-8 2 0 1 1 0 0 1
cfn=(506) _dlfo_sort_mappings
calls=1 -60 
* 680 116 40 2 0 0 2
+3 6 3 1
+2 1

fn=(506)
536 1 0 0 1 0 0 1
+1 2
+3 4
+4 1
+1 1
-1 1 1
+1 2
-1 9
+1 9
-1 9 9
+1 38
+1 287 55 0 1 0 0 1
-1 165
+8 30 10
+1 20 10
-1 10 10
-13 20 10
+14 30 10 20
+1 20 0 20
-15 20
+17 1 1

fn=(502)
474 2 0 2 1 0 0 1
+3 2
-3 2
+1 2 2
+3 4 2
+26 14 2 0 1 1 0 1
+1 6 2
+1 16 16
-1 32
+3 60 14 0 1 1 0 1
+3 56 14 0 0 1
-7 10 2 0 1 0 0 1
+25 2 0 2
+2 8 4
-18 42 14
+3 14
-1 14 0 7
cfi=(153)
cfn=(504)
calls=7 95 
* 426 116 28 0 71 4 0 8 4
+2 28
-36 6 0 2 1 0 0 1
cfi=(153)
cfn=(504)
calls=2 95 
* 136 36 8 2 11 0 2
+5 2 2
-1 2 2
+1 6 0 0 1 0 0 1
+1 82
+1 52 26 0 0 1
+2 24 8 0 0 1
+3 8 4 0 1 0 0 1
+2 4 4
-2 8
+2 4 4
-2 12 4 8 0 0 3 0 0 2
+2 32 12 4
+4 16 0 0 1 0 0 1

fn=(3786) _dl_find_object
360 3195 0 1775 5
+3 1065 355 0 6 5 0 1
+9 1775 710
+7 1065 710 0 0 10
+86 2485 2130 0 5 0 0 1
-85 710 355 0 5 0 0 1
+3 355 355
-62 1065
+4 710 0 0 5 0 0 1
+2 2270
+1 3405
+1 3405 1135 0 0 20
+2 1210
-6 1210
+13 1775 355
+12 355 355
-1 355 0 0 5 0 0 1
+1 710
fi=(153)
77 355 355
-1 355 0 355 0 0 4
+1 355 0 355
+2 355 355
fe=(152)
388 355
fi=(153)
79 355 0 355
fe=(152)
388 355
-63 2120 0 0 5 0 0 1

fl=(43)
fn=(124)
22 2 0 0 1 0 0 1
+5 2
+1 2
+1 2
+1 2
+1 2
+1 2
+1 2
+1 2
+3 2
+1 2
+1 1 1 0 1 0 0 1
+1 1 1
+1 1
+1 1
+1 1
+1 1
+1 1
+2 2
+1 2
+1 1 1
+1 1 1
+1 1
+4 1
+2 1
+1 1
+4 1
+3 1 0 0 1 0 0 1
+1 1
+17 1
+1 1
+1 1 1
+1 1 1
+1 1
+4 1
+47 2 0 0 1 0 0 1
+1 2
+1 2
+1 2
+1 2
+1 2
+1 2 0 0 1 0 0 1
+1 2
+1 2
+1 2
+1 2
+1 2
+1 2 2

fl=(9)
fn=(548)
262 1 0 0 1 0 0 1
+1 1 1

fn=(16)
85 4 0 2 1 0 1 1 0 1
+25 1
-25 6 0 4
+25 1 1
-1 1 0 1
+1 315 103 3 1 13 2 1 13 2
+11 1 1
-8 1
+1 1 0 1
-4 1 0 1 0 0 1 0 0 1
+3 1 0 1
+6 1 0 1 1 0 1 1 0 1
+2 13 0 3 0 0 1 0 0 1
-34 1
-1 1
+36 119 17 0 1 3 0 1 3
+3 1 1
+1 1
-5 94 24 7 3 4 0 3 4
+57 1 1 0 1 1 0 1 1
-57 1
+58 1
-1 1 0 1 0 0 1 0 0 1
-57 3 1
+29 1 1 0 1 0 0 1
-29 1
+30 1 0 1
-1 1 0 1
-29 3 1
+41 1 1 0 1 1 0 1 1
-41 1
+42 1
-1 1 0 1
-41 3 1
+35 1 1 0 1 0 0 1
-35 1
+36 1
-1 1 0 1
-35 3 1
+32 1 1
-32 1
+33 1
-1 1 0 1
-32 3 1
+13 1 1 0 1 0 0 1
-13 1
+14 1 0 1
-1 1 0 1
-13 3 1
+10 1 1 0 1 0 0 1
-10 1
+11 1 0 1
-1 1 0 1
-10 3 1
+7 1 1
-7 4 1 0 1 0 0 1
224 1 0 1
cfi=(10)
cfn=(18)
calls=1 +58 
* 54341 10176 6 6 102 1 6 102 1
+3 1 0 1
cfi=(12)
cfn=(22) _dl_sort_maps_init
calls=1 +54 
* 32 6 3 4 1 0 4 1
fi=(13)
36 2 0 1
cfi=(14)
cfn=(28)
calls=1 -1 
* 8 1 1 1 0 1 1 0 1
fi=(6)
215 1 0 1
cfi=(15)
cfn=(32) _dl_x86_init_cpu_features
calls=1 37 
* 7224 784 442 103 15 12 103 15 12
fe=(9)
+23 3 1
+1 1 0 1 1 0 0 1
cfi=(22)
cfn=(60)
calls=1 41 
* 17 2 0 1 1 0 1 1
* 1 0 1
+2 2 0 1
cfi=(23) ./elf/../misc/sbrk.c
cfn=(62) sbrk
calls=1 37 
* 15 4 2 1 0 0 1
* 3
+12 3 1
+3 5 1 1
cfi=(2)
cfn=(64)
calls=1 1320 
* 2750680 668684 238655 957 17358 3190 950 9760 2247
+2 9 8 0 1 2 0 1

fl=(68)
fn=(552)
537 8 0 0 3 0 0 1
+1 32 8 0 0 4
+7 14 7 7 0 0 2
-8 1
+3 2 1 1 0 1
cfi=(71)
cfn=(554) munmap
calls=1 117 
* 6 1 0 1 0 0 1
+1 1 0 1 1 0 0 1
+4 1 0 1
+2 2 1

fn=(228)
416 40 0 24 1 0 0 1
+2 8 4
+3 12 4 0 1 0 0 1
+69 9 3
+5 3 3
208 3 3
495 7 1
208 1 1
495 2
+3 12 4 4 0 0 1 0 0 1
fi=(70) ./elf/../sysdeps/x86/dl-procinfo.h
39 8 0 0 1 0 0 1
+3 12 0 8
cfi=(32)
cfn=(90)
calls=4 +66 
* 100 28
* 16 0 4
fe=(68)
212 24 0 8 1 0 0 1
cfi=(10)
cfn=(24)
calls=4 405 
* 84 16 4
* 4 4
+16 8 0 4
-16 4 0 4 1 0 0 1
+6 8 4 4
+10 4
-7 20
+9 12 4
+1 4
-37 8
+37 4 4 0 0 1 0 0 1
+4 8 4
-5 84 28
+1 28
-37 56
+37 28 28 0 0 25 0 0 25
+4 56 28
+4 96 0 32 1 0 0 1
cfn=(236) _dl_cache_libcmp
calls=32 370 
* 2572 380 0 4 27 0 4 27
+1 64
359 28
+3 30 0 15
228 30
360 13
228 38 13 4 1 0 0 1
+2 20 4
+20 16 8 0 0 1 0 0 1
+3 16
+2 32 0 8
cfn=(236)
calls=8 370 
* 1048 152 0 0 2 0 0 2
* 16
+2 4
-9 16 0 0 1 0 0 1
-30 8 8
+1 4
+95 4 0 4
-95 4
-1 32 4 12 1 0 0 1
+96 12 4
+41 16 4
-88 16
+4 3 1
+1 3 1 1
cfn=(236)
calls=1 +98 
* 146 21
* 2
+5 16 8 0 1 0 0 1
+1 12 4
fi=(69) ./elf/../sysdeps/generic/dl-cache.h
125 20 4 0 1 1 0 1 1
fe=(68)
294 8
+9 8 4
+3 8 4
+2 12 4
+1 8 4
+5 8 0 0 1 0 0 1
+1 16 4
+7 8
+21 16 4 4
513 8 4
+12 8 4 4 1 0 0 1
cfi=(22)
cfn=(60)
calls=4 41 
* 140 20 0 0 3 0 0 3
* 48 0 0 1 0 0 1
+1 4 4
-1 4
+1 4
-1 4
+1 4 0 4
cfi=(29)
cfn=(80)
calls=4 212 
* 60 16 12
* 4
+1 4 0 4
cfi=(45)
cfn=(136)
calls=4 40 
* 372 68 48 0 0 3 0 0 3
+1 32 28
-3 8 0 4
424 4 0 1 1 0 0 1
cfi=(54)
cfn=(230)
calls=1 36 
* 91 10 10 2 0 1 2 0 1
* 1
+8 5 1 0 1 0 0 1
+1 8 3 0 0 1 0 0 1
+3 4 0 0 1 0 0 1
+1 1 1
-1 3
fi=(69)
194 1 1
+1 5
fe=(68)
444 1 0 1 1 0 0 1
+1 2 0 1

fn=(236)
370 41 0 0 1 0 0 1
+1 41 41
+32 41 41 0 0 27 0 0 27
-33 82
+1 100 0 0 1 0 0 1
+2 247
+2 247
-2 494
+20 476
+2 476
-12 206 206
+2 206 206 0 0 2 0 0 2
+14 206
+1 206
-29 412
+32 27 9
-28 18 0 0 1 0 0 1
+8 9 9
-2 18
+1 18
-1 9
+2 27
+2 9 9
-3 9
+3 27
+2 18
+9 96 32 0 1 0 0 1

fl=(38)
fn=(108)
175 5 0 3 1 0 0 1
+1 1
-1 6 0 4 0 0 1 0 0 1
+1 1
-1 1 0 1 0 0 1 0 0 1
+1 1
-1 1 0 1
+1 1
-1 1 0 1 1 0 0 1
+1 2 0 2 0 0 1 0 0 1
cfi=(10)
cfn=(24)
calls=1 405 
* 21 4 1
* 1 1
+2 2 1 1
+1 3 1
+26 2
-26 1 0 1
+25 1 0 1
cfi=(39) ./elf/../sysdeps/x86_64/dl-hwcaps-subdirs.c
cfn=(110) _dl_hwcaps_subdirs_active
calls=1 29 
* 47 6 0 4 0 0 4
fi=(40) ./elf/./dl-hwcaps.h
54 1 0 1
fe=(38)
205 1 0 0 1 0 0 1
-1 1 0 1
fi=(40)
56 1 0 1
+32 1 0 1
+1 1 0 1
+1 1
fe=(38)
-35 2 0 1 1 0 0 1
cfi=(41)
cfn=(116)
calls=1 -4 
* 13 4 2 2 0 0 2
* 2
fi=(40)
-1 1
+2 2 1 1
-2 1 0 1
+34 2 1 1
+1 2 1 1
+1 1
fe=(38)
-32 2 2
-1 2
+1 2
+1 2
-1 2
-3 4 0 2
cfi=(41)
cfn=(116)
calls=2 -4 
* 114 21 12
* 2 0 1 1 0 0 1
cfi=(41)
cfn=(116)
calls=1 -4 
* 122 20 12 4 2 0 4 2
* 6
+48 5 0 3
fi=(28)
-47 1 1 1
cfi=(27)
cfn=(76)
calls=1 -21 
* 25 5 5
fe=(38)
+47 1 0 1
+2 2 0 0 1 0 0 1
+3 2 2
fi=(40)
-52 1 0 1
fe=(38)
+55 1
-3 1 0 1
fi=(40)
-54 2 1 1
+3 1
fe=(38)
+58 2 0 1 1 0 0 1
cfi=(41)
cfn=(122)
calls=1 -90 
* 12 4 2 2 0 0 2
* 2
fi=(40)
-61 1
+2 2 1 1
-2 1 0 1 1 0 0 1
+34 2 1 1
+1 2 1 1
+1 1
fe=(38)
+40 4 2
+1 2 2
-1 6 2 2
+2 2
+1 2
-2 6 0 2
-3 4 0 2
cfi=(41)
cfn=(116)
calls=2 -77 
* 114 21 12
* 2 0 1 1 0 0 1
cfi=(41)
cfn=(116)
calls=1 -77 
* 122 20 12
* 6
+8 2 1
+9 1 1
-15 1 1
+15 2 0 2
-15 1 0 1 1 0 0 1
+15 8 2
+9 2 2
+4 7 2 1 1 0 0 1
cfi=(43)
cfn=(124)
calls=1 22 
* 41 5 0 5 0 0 5
+1 2
+1 1
+4 1 1
+1 2 1
+1 1 0 1
-20 2
+19 1 0 1
+1 1 0 1
-20 2
-1 4 2 1 1 0 0 1
+70 1 1
+1 1 1
+4 1
-5 2 0 1
+1 4 1
+4 2 1
-4 1 0 1 1 0 0 1
+4 4 2
+1 1
-1 1
+1 2
+1 2
-2 5
+1 1
-1 1
+1 2
+1 2
-2 5
+5 1
+3 2 0 1 1 0 0 1
-3 2 0 1
+3 15 0 1 1 0 0 1
+7 1
-7 2 0 1
+2 3 1
+1 4 2 2 1 0 1 1 0 1
+2 1
fi=(418) ./elf/../sysdeps/x86/dl-hwcap.h
57 1
fe=(38)
233 2 0 1
fi=(418)
57 1
fe=(38)
233 2 0 1
fi=(418)
57 1
fe=(38)
233 1 0 1
+1 1 0 1 0 0 1 0 0 1
cfi=(22)
cfn=(60)
calls=1 41 
* 17 2 0 0 1 0 0 1
+1 1
+1 1 1
-6 1
+4 1 0 1
+1 1
-5 1 1
+5 1
+1 1
-1 2
-5 4 0 0 1 0 0 1
+10 3
-2 3 1
+2 1 0 1
+1 1 1 0 1 0 0 1
+1 1
-1 1 0 1
+4 4 1
+1 1 0 1
-1 1 0 1
+4 2 1
+4 1 1
-1 1 1
+1 4 2 1 1 0 0 1
-1 2
+4 3 3
+1 3 1
+19 10 3 3 1 0 1 1 0 1
+6 2
fi=(28)
56 1 1 1 1 0 0 1
cfi=(27)
cfn=(76)
calls=1 -21 
* 25 5 5
* 1 0 1
fe=(38)
283 2
+8 1 1
fi=(40)
54 1 1
+2 1 0 1
+34 1
-2 2 1 1
fe=(38)
-5 1
291 1
fi=(40)
54 1 0 1 1 0 0 1
+35 1 0 1
fe=(38)
291 1
fi=(40)
90 1
fe=(38)
-10 2 0 1 1 0 0 1
cfi=(41)
cfn=(116)
calls=1 -29 
* 13 4 2
* 2
fi=(40)
-26 2 1
+2 1 0 1
fe=(38)
+27 1
fi=(40)
-29 1 0 1
+34 2 1 1 1 0 0 1
+1 2 1 1
+1 1
fe=(38)
-8 2 0 2 0 0 1 0 0 1
+1 4 2
+7 2
-7 10 2 8 0 0 1 0 0 1
cfi=(29)
cfn=(128)
calls=2 199 
* 26 6 4 1 0 0 1
+4 2 0 2
+2 2 2
+2 2
-2 4 0 2
-9 4 0 2
cfi=(41)
cfn=(116)
calls=2 -29 
* 114 21 12
* 2 0 1 1 0 0 1
cfi=(41)
cfn=(116)
calls=1 -29 
* 122 20 12
* 6
304 1 1
+2 1 0 1
-2 1
-48 2 2
+72 1 0 1 1 0 0 1
-72 1
376 2 1
+13 2
-58 1 1
+45 1 0 1
+13 1 0 1
-58 1
-75 1 1
+82 1 1
+10 2 0 1 1 0 0 1
-92 1 0 1
+88 1 1
+4 3 1
-4 1 0 1
+3 7 2 2
-3 2 2 0 1 0 0 1
-3 1
+3 1 0 1
cfi=(29)
cfn=(128)
calls=1 199 
* 18 3 2 0 1 1 0 1 1
* 2 2
-3 1
+3 1 0 1
cfi=(29)
cfn=(128)
calls=1 199 
* 18 3 2
* 2 2
+3 2 2
-3 4 0 2
+3 5
+1 12 0 0 1 0 0 1
+1 2 2
-2 1
+2 1 0 1
cfi=(29)
cfn=(128)
calls=1 199 
* 15 3 2
* 2 0 1
-2 2
+5 8 4 2
cfi=(29)
cfn=(128)
calls=2 199 
* 30 6 4
* 4 0 2
+2 5 1 0 1 0 0 1
+5 6 1
+1 1 0 1
-1 3
+1 7 0 7 0 0 1 0 0 1
-1 25 2 0 1 0 0 1
+5 11 1
+4 1
-1 1
+1 2
-4 12
+4 2
-1 2
+1 13
-1 9
+1 18
+1 24 24 0 1 0 0 1
-1 12
-1 12
+2 24 0 12
-1 24
-1 24
+4 9
+3 1 1
+2 2 1
-1 1 0 0 1 0 0 1
-1 1
+2 1
-2 1
+2 2
-1 1
+1 2
+2 6
+1 2 2
+3 2 0 1
-6 2
+6 3 0 0 1 0 0 1
+7 8 3
+1 1
-1 2 0 1
+3 2
-3 3 3
+1 3
-1 6 0 3
+3 6
+3 4 2
-80 2 1 1
+86 9 8
-20 1 1 0 1 0 0 1
+1 2 0 1
-6 3
259 2 0 0 1 0 0 1
+1 2
+1 4 2 0 1 0 0 1
-1 3 1
+12 4 1
-44 2 0 1 1 0 0 1
+34 4 1 1 1 0 0 1
-2 3 0 0 2 0 0 2

fl=(66)
fn=(218)
61 48 0 16
+7 16 16
-4 32 32
+1 16 16
-1 128 32 16 1 0 1 1 0 1
cfi=(31)
cfn=(176)
calls=16 2022 
* 46229 9651 4699 109 190 242 109 190 240
* 16 0 16
+5 32 32

fn=(214)
159 5 0 1 1 0 0 1
+1 3
-1 1
+1 1
-1 2 0 2
+1 1
-1 3 0 1
+1 1
-1 4 0 3 1 0 1 1 0 1
+1 12 0 1 1 0 0 1
-8 1 1
-7 1
+15 1
-14 1
+6 1
+8 1 0 1
-15 1
+7 1
-8 1 0 1 1 0 1 1 0 1
+1 1
+7 1 0 1
-7 1 0 1
+31 3
-28 3 0 1
-2 1
+31 1 1
-33 2 0 1
+2 2 0 0 1 0 0 1
+30 2
-30 1
-1 4 0 1
+7 4 1 1
+24 2
-32 1
+60 1 1 0 1 0 0 1
-60 2 0 1 0 0 1 0 0 1
+36 1 0 1
fi=(74) ./elf/../include/scratch_buffer.h
77 3 0 2 0 0 1 0 0 1
fe=(66)
198 1 1
fi=(74)
78 1 0 1
fe=(66)
200 2 0 2 1 0 0 1
+98 1 0 1
198 1 0 1
+4 1
+7 1 0 1
+4 4 1 1
-4 7 0 7
+4 28 7 7 0 3
+11 20 10 0 1 3 0 1
-18 2
+18 4 2
433 24 8
+2 6
+3 6 0 0 1 0 0 1
-3 12 0 6
+3 6
fi=(28)
56 6 6 6
cfi=(27)
cfn=(76)
calls=6 -21 
* 178 33 32
* 6
fe=(66)
439 12
+6 6 0 6 0 0 2 0 0 2
+1 30 6 6
cfi=(29)
cfn=(80)
calls=6 212 
* 74 20 14 0 0 2 0 0 2
+1 30 0 6
cfi=(29)
cfn=(80)
calls=6 212 
* 74 20 14 0 0 2 0 0 2
+4 6 0 6
-1 6 0 6
+5 32 16 0 1 0 0 1
204 21 14
458 21 7
-1 8 8
+1 16
199 3 1 1
+27 30 18 6 2 0 0 2
+5 6 6
+6 6 6
-5 6 0 6 0 0 1 0 0 1
-1 6 0 6
+2 12 6 6 1 0 0 1
+4 24 12 0 0 1
-31 6
+31 6 0 6
+1 18
+6 24 12 6 1 0 0 1
cfi=(31)
cfn=(216)
calls=6 -6 
* 276 57 36 2 5 1 2 5 1
* 40 20 10
cfi=(31)
cfn=(216)
calls=10 -6 
* 468 96 60 1
* 48
+4 32 0 0 1 0 0 1
-2 16 0 16
+2 32 0 16
cob=(2)
cfi=(51)
cfn=(168)
calls=16 0 
* 47493 9987 5099 110 190 246 110 190 244
+1 32 16 0 1 0 0 1
+9 16 16
+2 32 16
+5 30 0 6 1 0 0 1
+6 6 6
+2 6 0 6
-8 12
+3 6 0 6
+1 6 0 6
+1 6 0 6
+1 6 0 6
+4 30 6 12 1 0 0 1
+4 48 16
+1 33 0 11
-43 664 166 0 0 10
+1 320
+44 450 0 0 1 0 0 1
-38 32 0 0 1 0 0 1
fi=(74)
85 3 2 0 1 0 0 1
fe=(66)
464 6 2 0 1 0 0 1
+1 1 0 1
+3 4 1 1
+11 3 1 0 1 0 0 1
fi=(28)
56 1 1 1
cfi=(27)
cfn=(76)
calls=1 -21 
* 25 5 5
* 1
fe=(66)
481 2
+5 3 2
+1 1 0 1
-1 2 0 1
+4 2 0 0 1 0 0 1
-2 1 1
+2 1
-2 2
+13 7 0 7 0 0 1 0 0 1
+5 7 0 7
-16 21 7
-2 7
+6 7 7
+7 7
-2 14
-5 1 1
+7 1
-2 2 0 0 1 0 0 1
+2 2 0 1 0 0 1 0 0 1
+5 1 0 1
-16 6 1 1
+19 2 1
+52 3 1 0 1 0 0 1
+37 3 1 0 1 0 0 1
+15 1
-11 1 1
+11 1
-14 2
+20 1 1 0 1 0 0 1
-1 3
+1 3 1
-1 5 1 1 1 0 0 1
cfi=(12)
cfn=(250)
calls=1 290 
* 528 142 87 13 1 0 12
+5 1 0 1
+3 1 0 1
-1 1 0 1
+2 2
+7 3 1
+3 3 1
+3 8 7
214 53 23 0 2 3 0 2 1
+3 6
fi=(74)
-86 18 0 6
cfi=(73) ./malloc/./malloc/scratch_buffer_set_array_size.c
cfn=(244) __libc_scratch_buffer_set_array_size
calls=6 30 
* 120 30 18 3 0 0 3
fe=(66)
+86 12
+4 18 6 6 1 0 0 1
613 2 0 1
cfi=(29)
cfn=(80)
calls=1 212 
* 19 5 4
* 1
-53 2 0 0 1 0 0 1
160 2 0 1 1 0 1 1 0 1
380 14 0 7 1 0 0 1

fl=(53)
fn=(172)
30 17 0 0 1 0 0 1
+2 17 0 17
+9 17
+1 34 17 0 1 0 0 1
+1 17 0 17
+4 17 0 17
+1 17 0 17
+1 17 0 17
+1 17 0 17
+1 17
+2 34 17
+2 17 0 17 0 0 1 0 0 1
+1 17 17
+1 17
+2 34 17
+2 17 0 17 1 0 0 1
+8 17
+3 17
+1 17 0 17
+7 17
+1 17 17

fl=(29)
fn=(80)
212 85 0 0 2 0 0 1
+1 85
+6 85
+1 85
+2 74 74 0 0 28 0 0 2
+1 74 0 0 1
+1 74
+2 32 32 0 0 1
+1 32 0 32 0 0 8 0 0 8
+1 32 0 32 0 0 3 0 0 3
+2 32 32
360 11 0 0 1 0 0 1
+1 11
+2 3
+4 3
+1 3
+1 3
+1 3 3 0 0 2 0 0 2
+1 3
+4 3 0 3 0 0 2 0 0 2
+2 3 3
+39 8 8
+1 8 8
+1 8 0 8 0 0 6 0 0 6
+1 8 0 8 0 0 1 0 0 1
+1 8 8
+7 25 25 0 4
+1 25 25
+1 25 0 25 0 0 7 0 0 7
+1 25 0 25 0 0 3 0 0 3
+1 25 0 25 0 0 4 0 0 4
+1 25 0 25
+1 25 25
+11 42 0 0 5 0 0 1
+1 42
+2 40 40 0 0 3
+1 40
+1 40
+2 15 15 0 0 2
+1 15 15 0 0 3
+1 15 15 0 0 6
+1 15 15
+1 15 15
+1 15 15
+1 15 0 15 0 0 3 0 0 3
+1 15 0 15 0 0 6 0 0 6
+1 15 0 15 0 0 4 0 0 4
+1 15 0 15
+1 15 0 15 3 0 8 1 0 7
+1 15 0 15
+1 15 0 15
+1 15 0 15
+1 15 15
+4 2
+1 2
+4 2
+2 2
+16 2
+3 2
+2 2
+2 2
+4 2
+1 2
+9 2 2 0 0 2 0 0 2
+1 2 2 0 1 1 0 1 1
+2 2
+2 2
+1 2 2
+1 2 2 0 0 1 0 0 1
+3 2
+2 2
+2 2
+2 2
+6 2 2
+1 2 2 0 0 1 0 0 1
+1 2 2
+1 2 2 0 0 1 0 0 1
+1 2
+1 2 0 2 0 0 1 0 0 1
+1 2 0 2 0 0 1 0 0 1
+1 2 0 2
+1 2 0 2 1 0 1 1 0 1
+1 2
+1 2
+1 2
-11 4 4
+1 4 4 0 0 1 0 0 1
+1 4 4
+1 4 4 0 0 1 0 0 1
+1 4
+1 4 0 4
+1 4 0 4 0 0 2 0 0 2
+1 4 0 4
+1 4 0 4 0 0 2 0 0 2
+1 4
+1 4
+1 4
+2 2 0 2 0 0 2 0 0 2
+1 2 0 2
+1 2 0 2
+1 2 0 2
+2 2 0 2
+4 2 2

fn=(128)
199 240 0 0 4
+1 240
+1 240
+1 240
+17 240
+1 240
+2 49 49 0 0 1
+1 49 0 0 3
+1 49
+2 38 38
+1 38 0 38 0 0 3 0 0 3
+1 38 0 38 0 0 1 0 0 1
+2 38 38
360 191 0 0 1
+1 191
+2 58
+4 58
+1 39
+1 39
+1 2 2 0 0 1 0 0 1
+1 2
+1 2 2
+1 2 0 2 0 0 1 0 0 1
+2 2 0 2
+2 39 39
+6 19 19
+1 19 19
+1 19 0 19
+1 19 0 19
+1 19 19
+29 133 133 0 2 0 0 1
+1 133 133
+1 133 0 133 0 0 1 0 0 1
+1 133 0 133 0 0 1 0 0 1
+1 133 133
+7 10 10 0 1
+1 10 10
+1 10 0 10 0 0 1 0 0 1
+1 10 0 10 0 0 1 0 0 1
+1 10 0 10 0 0 2 0 0 2
+1 10 0 10
+1 10 10
+11 11 0 0 1
+1 11
+2 11 11
+1 11
+1 11
+2 1 1
+1 1 1
+1 1 1
+1 1 1
+1 1 1
+1 1 1
+1 1 0 1
+1 1 0 1 0 0 1 0 0 1
+1 1 0 1
+1 1 0 1
+1 1 0 1
+1 1 0 1
+1 1 0 1
+1 1 0 1
+1 1 1

fl=(156)
fn=(516)
30 2 0 1 1 0 0 1
+10 3
-10 1 0 1
+10 2 0 0 1 0 0 1
-10 1 0 1
+7 1 1 0 0 1
+3 2 0 1
cfi=(157) ./elf/./elf/dl-lookup-direct.c
cfn=(518) _dl_lookup_direct
calls=1 +34 
* 175 47 13 6 7 0 6 1
+4 2
+1 8 3
+2 3 0 0 1 0 0 1
-2 1 0 1
+2 3 0 1
cfi=(157)
cfn=(518)
calls=1 +27 
* 198 49 13 1 7 0 1
+4 2
+1 6 3
+1 2 2
-1 1 0 1
+1 2 2

fl=(8)
fn=(14)
25 8 0 0 1 0 0 1
+3 8 8
-3 8
+3 16 0 0 1 0 0 1
+3 24 16
+1 16 8 8 0 5 1 0 5 1
+2 8 8
-1 8 8
+3 24
+1 8 0 8
+4 8
-3 8
+7 8
-4 8
-3 8 8
+2 16 0 0 1 0 0 1
+5 8
-5 8
-2 8 0 8
+7 8 0 8
-5 8 0 8
+10 8 8

fl=(27)
fn=(148)
95 13
+2 52 26 0 2 0 0 1

fn=(72)
78 19 0 0 1 0 0 1
+4 19
-4 76 0 0 1 0 0 1
+7 19
+1 57
fi=(28)
-30 19 19
cfi=(27)
cfn=(76)
calls=19 -21 
* 510 99 98 5 3 4 5 1 2
fe=(27)

fn=(76)
35 270 0 108 1 0 0 1
+1 54 54 0 0 4 0 0 1
+11 54 54
-11 108
+11 108
+3 54
-3 54 0 54 1 0 0 1
+3 312
+18 54 0 54 0 0 4 0 0 1
+1 54 0 54
+2 216 162
-16 12 3 0 1 0 0 1
+1 6
+2 3
+1 21 0 3 0 0 1 0 0 1
cfi=(60)
cfn=(198)
calls=3 -12 
* 27 3 0 1 0 0 1
* 3
+2 6
+2 6 3
+2 2
+4 2
-4 4 0 2
-23 1 1 0 1 0 0 1
-1 1
+1 1
+1 2
-2 2 0 1
+27 1 1
-3 2 0 1
+4 2

fl=(60)
fn=(198)
47 62 0 0 1 0 0 1
+3 62
+8 124
+2 31 31

fl=(39)
fn=(110)
29 1 0 0 1 0 0 1
fi=(18)
+2 1 1
fe=(39)
+7 1
fi=(18)
-7 2 0 0 1 0 0 1
-1 2
fe=(39)
+22 1 1
fi=(18)
-20 3 1
+4 1
fe=(39)
+2 1
fi=(18)
-2 2
+3 4 1
+1 4 1 0 1 0 0 1
+5 1
fe=(39)
-7 1
fi=(18)
+7 3
fe=(39)
-2 1
fi=(18)
+5 2
+1 3 1
+2 4 0 0 1 0 0 1
+1 2
+1 2
+6 1
fe=(39)
-11 1
fi=(18)
+11 1
-3 2
fe=(39)

fl=(75)
fn=(258)
361 6 0 4 1 0 0 1
+4 5
-2 2
+4 48 8 8 1 0 0 1
cfn=(260) _dl_check_map_versions
calls=8 155 
* 31409 9328 1582 36 138 82 36 125 75
-2 8 8
+2 24
-1 8
-1 16
+5 7 5

fn=(260)
155 64 0 48 2 0 1 2
+15 8 8
-15 16 0 16
+15 16
+2 40 16 8 0 1 1
+2 8 8 0 0 1
+1 8 8 0 1 0 0 1
-1 8 0 8
+1 8 0 8
+2 16
+3 12 12 0 0 1
-16 6
-8 6 0 6
+28 6 6 0 0 5 0 0 5
-4 6 0 6
+4 12
+16 6 6
36 12 6 0 1 0 0 1
200 6 6
36 30 6
200 9 9 0 0 1 0 0 1
36 18 9
200 9 9
36 45 9
+1 80 80
-1 160
+2 285 0 95 1 0 0 1
cfi=(54)
cfn=(178)
calls=95 +30 
* 9037 1958 383 0 1 1
* 190
208 45 15
+5 15 15
-71 30 0 30
+71 45 15 0 0 2 0 0 2
+8 15 15 0 0 4 0 0 4
-2 15 15 0 0 1 0 0 1
-2 30 30
+4 15 0 15
-4 90 75 0 1 0 0 1
+4 54 54 0 0 5 0 0 5
-2 54 54 0 0 8 0 0 8
-2 108 108
+4 54 0 54
-4 434 314 0 0 1
56 276 207
+8 207 69 0 1 0 0 1
+6 207 69 0 0 1
+16 69 69 0 0 1
+1 138
+2 69 69
+5 621 69 138 1 5 0 1 5
+14 2458 1229 0 0 11 0 0 11
+12 3480 1160 0 0 12 0 0 12
+4 1160
-30 2320 1160 0 0 33 0 0 33
224 276 69 0 1 0 0 1
+3 207 69
+5 54
-11 54
110 69 69 0 1 1 0 1 1
+3 276 69 69 0 3 0 0 2
cfi=(32)
cfn=(90)
calls=69 -5 
* 2678 513 0 16 33 0 16 32
* 291 15
236 60 30 0 1 0 0 1
+5 18 0 9
-44 9
+1 9
+52 12 6 0 1 0 0 1
+3 20 15
+10 116
-7 464 116 0 0 2 0 0 2
+3 348 116 0 0 1 0 0 1
-3 20 5
+3 15 5
+8 14 0 0 1 0 0 1
+6 7
fi=(28)
44 7
fe=(75)
273 7
fi=(28)
44 7 7 7
cfi=(27)
cfn=(72)
calls=7 +34 
* 252 42 35
fe=(75)
272 7 0 7 0 0 2
fi=(28)
44 7
fe=(75)
274 14
+13 7 7 0 0 3
-3 7 0 7
+3 28 14 7 1 1 2 1
+2 21 7
+3 24 18
+4 45 15
+7 69
+1 69
-1 207 69
+1 69 0 69 0 0 26 0 0 26
+1 69 69
-2 69 0 69
+2 138 0 69 0 0 6 0 0 6
+1 207 69 69 0 0 1 0 0 1
+3 207 69
+5 54
-15 54 54
+2 54
-2 54
+2 54
-2 54
+2 108
-2 15 15 0 1 0 0 1
+2 15
-2 15 0 0 1 0 0 1
+2 15
-2 15
+2 30
+16 45 15
+5 9
-28 9
+62 72 64 0 1 0 0 1
-29 21 7 0 1 0 0 1
+3 20 15
+4 116 116
+6 116 116
+1 116 116
+1 116 116
-1 348
+1 116
-1 116 0 116 0 0 30 0 0 30
+1 116 0 116
+1 116 0 116 0 0 12 0 0 12
+3 348 116
+4 116
-14 242 121
+10 15 5
164 2 0 0 1 0 0 1
+86 2 2 0 1 0 0 1
-94 2 0 2
+94 3

fl=(12)
fn=(252) dfs_traversal.part.0
140 128 0 64 2 0 0 1
+10 16 16 0 0 3
-2 16 0 16 2 0 0 1
+2 32
+2 52 13 0 0 5
+3 84 42
-3 168 42 0 0 1
+9 32
+15 48 16 16
+1 16 0 16
+1 96 80 0 1 0 0 1
-17 24 8 0 1

fn=(250)
290 20 0 12 4 0 0 1
+8 2 2 0 0 2
-8 2 0 2
+8 4
+4 16 14 0 2 0 0 1
-79 4 0 0 2 0 0 1
-37 2
+37 2
-36 8
+1 2 2
-1 2
+1 2 0 2
-1 4
+1 14 14
-1 14
+1 14 0 14
-1 28
+36 30 0 2 4 0 0 2
+8 6
-3 2
+2 2 0 2
+1 2
-8 2
+5 2 0 2
+3 8
+2 42
+2 16 16 0 2 0 0 1
-90 80 16 16
cfn=(252)
calls=16 -5 
* 712 217 112 6 9 0 3
+93 32 16
+18 4 2
+13 2 0 0 2 0 0 1
+33 2 0 0 2 0 0 1
-26 8 0 2 2 0 0 1
cfi=(29)
cfn=(80)
calls=2 -64 
* 38 10 8 4
* 2

fn=(22)
281 2 0 0 1 0 0 1
+1 4 0 1
cfi=(10)
cfn=(24)
calls=1 405 
* 20 4 1 3 1 0 3 1
+2 3 1
-1 1 0 1
+2 2 1

fl=(22)
fn=(60)
41 81 0 0 3 0 0 1
+44 81
+1 81
+1 81
+1 81
+1 81
+1 81
+1 81
+2 81
+2 81
+31 81 81 0 0 13 0 0 6
+1 81
+1 81
+1 81
+1 81
+1 40
+2 40 40
+4 41 0 0 4 0 0 1
+1 41 41
+1 41 41 0 0 5 0 0 1
+1 41 41 0 0 1 0 0 1
+1 41
+1 41
+1 41
+1 41
+1 41
+1 41
+1 41
+1 41
+5 306 30 0 3 0 0 1
+74 11 11 0 3 1 0 1 1
+1 11 11
+1 11 11
+1 11 11
+1 11
+1 11
+1 11
+1 11
+16 11 0 0 3 0 0 1
+2 11
+1 154 44 0 3 0 0 1
+2 11
+1 11
+1 11
+2 11 11

fl=(165) ./elf/./elf/dl-runtime.c
fn=(542) _dl_fixup
46 1656 0 828 24 0 0 2
+2 1035 828 0 0 51
+1 207 207
+6 207
fi=(419) ./elf/../sysdeps/x86_64/dl-runtime.h
-27 207
fe=(165)
+21 207 207
+5 207 207 0 0 22
+1 207 207 0 0 26
-6 207
+6 414 0 0 10 0 0 1
+1 207 207 0 0 200
+2 207 207 0 0 22
-2 207
+2 207
-2 1035 0 207
+7 414
+4 414 207 0 0 201 0 0 82
+4 621 207 0 9 26 0 1
+4 621 414 0 0 197 0 0 1
+1 828 207 0 0 11
-7 828 207 0 0 68
+16 207 207
-1 207
+1 414
+10 2070 414 621 11 29 13 1 0 2
cfi=(79)
cfn=(284)
calls=207 840 
* 171865 43325 15515 525 1911 197 0 255 18
* 207
+4 1035 621 0 14 0 0 1
+10 2070 828 207 0 8
+15 828 207
+9 621 207 0 16 1 0 1
+26 621 207 0 0 7
fi=(6)
+70 207 0 207
fe=(165)
-66 1242 1035
fi=(192) ./elf/../sysdeps/x86_64/dl-irel.h
32 11 0 11 7 0 0 1
cob=(3)
cfi=(86)
cfn=(304)
calls=1 +33 
* 17 4 0 3 2
cob=(3)
cfi=(123)
cfn=(400)
calls=1 -3 
* 23 4 0 3
cob=(3)
cfi=(110)
cfn=(362)
calls=1 -3 
* 22 5 0 3 1
cob=(3)
cfi=(92)
cfn=(318)
calls=1 -3 
* 22 4 0 3 2
cob=(3)
cfi=(89)
cfn=(310)
calls=2 -3 
* 48 8 0 4
cob=(3)
cfi=(118)
cfn=(384)
calls=3 -3 
* 63 12 0 9 1
cob=(3)
cfi=(119)
cfn=(388)
calls=1 -3 
* 17 4 0 2
cob=(3)
cfi=(97)
cfn=(328)
calls=1 -4 
* 21 4 0 3 1
fe=(165)
+93 22 0 11

fl=(49)
fn=(158)
28 6 0 4 1 0 0 1
+2 1 1 0 1 0 0 1
-1 1 1
+1 2
+6 6 5 0 1 0 0 1

fn=(210)
76 6 0 0 1 0 0 1
+1 24 12

fn=(550)
40 6 0 3 2 0 0 1
+4 3
-4 3 0 3
+4 3
-4 3 0 3
+4 3
-4 6 0 3
+4 3 3 0 0 1
+1 3 3 0 0 1
+1 12 0 0 2 0 0 1
+4 18 15

fn=(1892) _dl_audit_preinit
117 1 0 0 1 0 0 1
+1 4 2 0 0 1

fn=(4856)
96 8 0 0 1 0 0 1
+1 32 16 0 0 1

fl=(23)
fn=(62)
37 5 0 2
+3 1 1 0 1 0 0 1
+18 2
+4 2
+16 5 3

fl=(26)
fn=(82)
31 14 0 7 1 0 0 1
+2 7
-2 14 0 7 1 0 0 1
+2 7
-2 14 0 7
+2 7 7 7
cfi=(24)
cfn=(84)
calls=7 +9 
* 21 7
+2 55 7
+3 108 27
+2 6 0 6
+2 6 0 6
+4 6
+4 6
-4 12 0 6
+1 6 6
+4 6 6
-4 6 0 6
+1 6
+3 6 6
-3 6 0 6
+3 6 6
-1 6 6
cfi=(24)
cfn=(84)
calls=6 -8 
* 18 6
-4 1 0 0 1 0 0 1
+4 1
-4 2 0 1
+1 1 1
+4 1 1
-4 1 0 1
+1 1
+3 1 1
-3 1 0 1
+3 1 1
-1 1 1
cfi=(24)
cfn=(84)
calls=1 -8 
* 3 1
-5 2 0 1

fn=(70)
59 98 0 56 1 0 3 1 0 3
+3 14 0 0 1 0 0 1
+18 6 6
+3 6
-3 6 0 6
+3 6 0 6
cfi=(22)
cfn=(60)
calls=6 -42 
* 120 15
+4 12
-4 12
+9 12 0 6
fi=(28)
-48 18 6 12
cfi=(27)
cfn=(72)
calls=6 +34 
* 244 39 32 2 0 1 2 0 1
fe=(26)
+48 1 0 1
fi=(28)
-48 3 1 2 1 0 0 1
cfi=(27)
cfn=(72)
calls=1 +34 
* 43 7 6 5 1 1 5 1 1
* 7
fe=(26)
+51 14
+5 7 7
-2 7 0 7 0 0 6 0 0 6
+6 7
-4 7
+4 7 7
-5 7 0 7 0 0 7 0 0 7
+4 7
+1 7
-1 7 0 7 0 0 1 0 0 1
+1 14 0 14 1 0 0 1
cfi=(29)
cfn=(80)
calls=7 212 
* 88 22 15 2 1 9 2 1 9
* 14 7 7 0 0 2 0 0 2
+2 7 0 7
+13 14 7
+6 1
+2 7 2 2 1 1 0 1 1
+3 2 1
-3 42 12 12 0 6 0 0 6
+3 12 6
+9 7 7
-7 7 0 7
+4 7 0 7
+3 23 1 0 1 0 0 1
+2 1 0 1 0 0 1 0 0 1
-2 3
+2 15 0 15 0 0 3 0 0 3
-2 45
+16 14
-5 7 0 7 0 0 7 0 0 7
+5 7
-6 7 0 0 1 0 0 1
+6 7 7 0 0 1 0 0 1
-6 7 0 7
+6 14
+2 12 0 6 0 0 4 0 0 4
+3 12
-3 12
+7 24 6
+4 12
+8 2 0 1 1 0 0 1
+3 2 0 1 0 0 1 0 0 1
+10 3 1
-10 12 0 6 0 0 1 0 0 1
+10 18 6
+2 6
+21 6
-21 6 0 6
cfi=(22)
cfn=(60)
calls=6 41 
* 236 38
* 18 0 12 1 0 0 1
+17 6
-13 18
+50 18 6 6
cfi=(29)
cfn=(128)
calls=6 -46 
* 118 30 24 0 0 4 0 0 4
* 6
+5 12
+1 12 6
-1 182
+1 182 91
+2 12
+3 6 0 6
+3 6 0 6 0 0 2 0 0 2
+4 63 49 0 1 0 0 1
131 20 0 7 1 0 7 1 0 7
-12 12 6
+34 1 0 0 1 0 0 1
+7 4
+8 24 6 0 1 0 0 1
fi=(28)
56 12 6 6
cfi=(27)
cfn=(76)
calls=6 -21 
* 150 30 30
* 6
fe=(26)
200 24
64 2 0 0 2 0 0 2
+2 3 1
+1 2 0 0 1 0 0 1
+10 5 0 1 0 0 1 0 0 1
-6 2

fl=(73)
fn=(244)
30 60 0 18 2 0 0 2
+4 6
+1 12
+11 6
-1 12 6
+18 24 24 0 1 0 0 1

fl=(65)
fn=(212)
25 1 0 0 1 0 0 1
+2 7 0 1
+4 1 1

fl=(15)
fn=(520)
71 1 0 0 1
-32 3 1 0 0 1
+32 2 1

fn=(32)
37 1 0 0 1 0 0 1
+2 3 1
+2 1 0 0 1 0 0 1
cfi=(16)
cfn=(34)
calls=1 399 
* 7219 783 442 101 15 12 101 15 12

fl=(157)
fn=(518)
74 30 0 18 2 0 0 2
+2 3 3
-2 3 0 3
+4 3 3
-4 3 0 3
+2 3
+2 9
+37 3
-37 9 6 0 0 3
+1 6 0 0 1 0 0 1
+2 12 3 3
+3 25 5 0 0 4
-52 3 3
+54 6 3
-54 3
+54 3
-54 9 6 0 1 0 0 1
+1 9
+2 6 3 0 0 3 0 0 1
+1 6 3
+12 12 3 6
+3 3 3 0 1 0 0 1
+2 3
-2 3 3
+2 9 3 3
cfi=(32)
cfn=(90)
calls=3 +55 
* 207 27 0 0 8 0 0 4
* 6
+4 6 6
+1 3 3
-1 3 3 0 0 2
+1 18 6 0 1 0 0 1
+1 9 6 3
cfi=(32)
cfn=(90)
calls=3 +49 
* 75 21
* 6
+57 27 21
-23 6 0 0 1 0 0 1

fl=(158)
fn=(522)
27 1 0 0 1 0 0 1
+2 2
-2 1 0 1
+6 3
-6 1 0 1
+6 3
-6 1
+6 1 0 1 1 0 0 1
cfi=(157)
cfn=(518)
calls=1 +41 
* 177 47 13 0 6 0 0 4
+4 2
+2 4 3
+2 1
-1 1
+1 2 2
-1 1
cob=(3)
cfi=(159) ./elf/./elf/libc_early_init.c
cfn=(524) __libc_early_init
calls=1 -7 
* 1284 396 179 26 32 17 26 5 5

fl=(164) ./elf/../sysdeps/x86_64/dl-trampoline.h
fn=(540) _dl_runtime_resolve_xsave
67 207 0 0 11 0 0 1
+5 207 0 207
+3 207
+2 207
+10 207 207 0 0 14
+6 207 0 207 0 0 11 0 0 3
+1 207 0 207
+1 207 0 207 11 0 0 1
+1 207 0 207
+1 207 0 207
+1 207 0 207
+1 207 0 207
+4 207
+1 207
+3 207 0 207 0 0 7
+1 207 0 207
+2 207 0 207
+1 207 0 207
+1 207 0 207 12 0 0 1
+1 207 0 207
+1 207 0 207
+1 207 0 207
+2 207 0 7038 0 0 81 0 0 9
+7 207 207
+1 207 207
+1 207 0 207 0 0 12 0 0 2
cfi=(165)
cfn=(542)
calls=207 -80 
* 192003 50408 17607 646 2787 210 8 338 20
+1 207
+5 207
+1 207
+1 207 7452
+2 207 207 0 11 0 0 1
+1 207 207
+1 207 207
+1 207 207
+1 207 207
+1 207 207
+1 207 207
+2 207
+2 207 207
+4 207
+2 207

fl=(44)
fn=(132)
125 12 0 0 2 0 0 1
+1 60
+6 12
+1 12 0 0 1 0 0 1
+1 11
+1 11
+2 2 0 2 0 0 2 0 0 2
+1 2 0 2
+1 2 2
+65 4 0 4
+1 4 0 4
+2 4 4
+76 9 0 9 0 0 5 0 0 5
+1 9 0 9 0 0 2 0 0 2
+5 9
+3 9
+1 9
+3 5 0 5 0 0 3 0 0 3
+1 5 0 5 0 0 1 0 0 1
+13 5
+1 5
+2 5
+3 4 0 0 1 0 0 1
+3 8
+3 4 0 4
+1 4 0 4
+1 4 0 4 0 0 2 0 0 2
+1 4 0 4
+1 4
+1 4
+1 4
-6 123 0 123 0 0 79 0 0 79
+1 123 0 123
+1 123 0 123 0 0 44 0 0 44
+1 123 0 123
+1 123
+1 123
+1 123
+3 5 0 5 0 0 2 0 0 2
+1 5 0 5
+1 5 0 5
+1 5 0 5
+5 5 5
+29 1 0 0 1 0 0 1
+1 1
+1 1
+32 1 0 1 0 0 1 0 0 1
+1 1 0 1
+1 1 1

fl=(56)
fn=(184)
25 6 0 0 1 0 0 1
+1 24
+1 6 6

fl=(77)
fn=(274)
252 8 0 6 1 0 0 1
42 1 1 0 0 1 0 0 1
+9 1 1
-10 1
+4 1
-4 1
+3 1
+4 2
+1 2
-1 2 0 0 1 0 0 1
+14 2
254 8 7 0 1 0 0 1

fl=(58)
fn=(194)
29 14 0 0 1 0 0 1
+1 14
+5 21
cfi=(59)
cfn=(196)
calls=7 153 
* 56 7 0 1 0 0 1

fl=(79)
fn=(286) do_lookup_x
363 22032 0 16524 24 0 21 2 0 3
+1 2754 2754 0 0 17
-1 13770 5508 8262 0 0 29 0 0 2
+48 2754
-30 5508 0 2754
-11 2754 2754
+41 2754
-30 8262 2754 2754 14 0 29 1 0 3
+30 2754 0 2754
fi=(80) ./elf/../sysdeps/generic/dl-protected.h
44 8262
fe=(79)
381 2754 0 2754
fi=(80)
44 11016 0 5508
fe=(79)
395 34176 11392 0 11 61 0 1
+4 11392 0 11392
+4 11392 11392 0 0 107
-3 11392 0 11392
+3 45568 22784 0 0 113 0 0 6
+1 34176 22784 11392 13 51 0 1
+3 11392 11392
+1 22784
+7 11392 11392
-3 22784 22784
-2 11392 11392 0 0 1521 0 0 123
+5 45568 11392
+3 79744
570 26133
374 22858 22858 0 12 163 0 1
+3 22858
+4 23160 151 0 0 2
+4 22784 11392 0 0 93
+4 22784 11392 0 9 16 0 1
+88 5436 2718 0 10 0 0 1
fi=(4)
137 5436 2718 0 15 0 0 1
+1 8154
fe=(79)
528 5436
fi=(80)
29 5436
fe=(79)
535 14472 2718
+16 5192 2596 2596
+1 2596 0 2596
+1 5436
422 12220 0 0 11 0 0 1
-1 6110 6110 0 0 1698 0 0 245
+2 6110
+2 35856 8964 14940 13 0 0 1
+13 12972
-10 35205 7041 0 14 2272 0 1 560
+3 2758
-1 5516 2758
+1 2758 2758 2758
-1 2758
+2 5516
-1 33096 11032 13790 11 0 34 1 0 3
cfn=(288) check_match
calls=2758 70 
* 265534 73892 16882 258 2188 40 39 819 3
+4 8274
+3 82 41
573 36 0 0 1
+1 22032 19278 0 14 0 0 1
-35 5271 1757 0 16 10 0 1
222 366 122 0 1 0 0 1
+2 610 122 122
-2 122 0 122
+2 366 0 122
+2 122
-2 366 122 244 1 2 0 1
cfi=(24)
cfn=(84)
calls=122 42 
* 366 122
+2 122 122 0 0 2 0 0 1
+1 122 122
+1 244 122
-2 122 0 122
+2 122
+2 242
+1 121
-1 605 121 363 1 0 0 1
+1 121
-1 121
+1 242
-1 605 0 121
+1 242
-1 1111 187 0 1 0 0 1
+24 426
+3 132
+1 396
-24 253 253 0 0 70 0 0 23
+1 253 253
-1 506
+1 80 40 40
cfi=(32)
cfn=(90)
calls=40 108 
* 2781 488 0 1 0 0 1
* 80
+2 200 120 0 1 0 0 1
+10 40 40
+1 80 80
+2 160 80 120
cfi=(24)
cfn=(84)
calls=40 42 
* 120 40
+1 40
469 543 272 0 7 0 0 1
+2 2
262 1134 405
+62 492 164 0 1 0 0 1
-1 574 246
+19 410 82 82 1 0 0 1
+5 164 164 82 0 1
cfi=(24)
cfn=(84)
calls=82 42 
* 246 82
+2 328 164 82
176 518 0 0 1 0 0 1
-2 84
+1 252
-3 332 166 0 1 2 0 1 2
+7 82 0 82
+3 82 0 82 0 0 21 0 0 11
-2 82 0 82
331 328 82
-72 132 0 0 1 0 0 1
+46 3 0 1 1 0 0 1
fi=(28)
44 3 1 1 1 1 0 1
cfi=(27)
cfn=(72)
calls=1 +34 
* 36 6 5 0 1 1
* 1 0 1
fe=(79)
315 2
+3 1 0 1
-5 1 1
170 1
313 1
+7 1 1
-1 1 0 1 1 0 0 1
+1 1 0 1
170 6
+1 1
-1 6
+1 1911 1355 0 15 0 0 2
+98 6 0 4 1 0 0 1
cfi=(54)
cfn=(486)
calls=2 87 
* 159 14 0 2 4 0 2 2
fi=(28)
44 2
fe=(79)
269 2
fi=(28)
44 4 2 2
cfi=(27)
cfn=(72)
calls=2 +34 
* 72 12 10 0 1 1
* 2
fe=(79)
272 4
171 4 2
279 2 2 0 1 0 0 1
171 8 2 2
279 284
+1 276 92 0 0 6 0 0 2
+1 140 70
170 70
281 140 140 0 1 11 0 1
170 70
281 70
170 70
+1 70
-1 70
+1 210
+1 440
+2 14
+1 42
-3 168 84 0 1 48 0 1 47
+7 70 0 70
+3 70 0 70 0 0 24 0 0 24
-2 70 0 70
+3 70
-7 10
285 6 4 2
-16 2
+16 10 2 2
cfi=(27)
cfn=(148)
calls=2 95 
* 10 4 0 1
+4 2 2 0 1 0 0 1
170 2
286 2 0 2
+2 2 0 2
+1 4 2 2
170 4
+1 4 0 2
-1 2
+1 8 2
452 21736 13585 0 16 0 0 1

fn=(288)
70 2758 0 2758 20 0 0 1
+3 2758 2758 0 0 470 0 0 233
-3 33096 5516 11032
+3 10976 2758 0 0 291 0 0 195
+13 2730
-13 2730 0 0 10 0 0 1
+13 2730
-13 2730
+13 8190
+3 7480 1010 505 0 0 17 0 0 1
cfi=(32)
cfn=(90)
calls=505 +19 
* 37098 5527 0 123 676 0 33 334
* 1010
+4 2730 2730 0 0 33
+1 5460
+2 5206 0 0 13 0 0 1
+19 5206 5206 0 0 362 0 0 55
+1 20824 7809 0 0 84
+2 36 18
+1 12
-41 2717 0 0 11 0 0 1
+84 16302 16302
-18 254
+2 254 254 0 0 21 0 0 1
+1 127
-1 254
+1 381
-1 254
+4 2
+1 7 3 1
+2 3 1 1
+2 1
+7 6 6
-7 12
+7 240 240
-45 7755 5170 2585 10 28 23 1 0 2
cfi=(32)
cfn=(90)
calls=2585 -9 
* 77867 18584 0 58 223 0 0 1
* 5170 0 0 13 0 0 1
-44 112
+82 56

fn=(284)
840 27540 0 16524 15 0 18 1 0 2
+10 2754 2754
-10 5508 0 5508 0 0 17 0 0 2
+10 2754
-10 2754 0 2754 11 0 0 1
+10 2754 0 2754 0 0 17 0 0 2
204 2754 2754
840 2754 0 2754
204 13770 2754 5508
581 11016 2754 0 0 1303 0 0 886
-1 5508
+2 2754 0 0 14 0 0 1
-1 2754
+1 8262
-1 8262 2754 0 0 30 0 0 23
+1 108285
-1 108285
+1 324855
-1 324855 108285 0 0 1188 0 0 964
+2 2754
846 2754 0 2754 0 0 16
-4 2754
+1 2754
+7 2754 2754
-8 2754 0 2754
+1 2754 0 2754 0 0 1
+7 10527 2591 0 13 0 0 1
+3 2754 2754
+2 5508 5508 0 0 26
-2 2754
+6 5508
-7 16524 2754 2754 14 0 0 1
+7 180 36
+1 38556 16524 19278 13 0 22 1 0 3
cfn=(286)
calls=2754 363 
* 1143052 360416 131167 506 8461 200 79 1830 49
* 8262
+28 2754 2754
-23 2754 2754
+23 2754
-23 5508
+24 16292 2714
+7 2718 2718 0 20 0 0 1
-7 2718
+40 10872 2718
+79 5436 2718
-65 8154 2718 0 0 71
+3 8154 2718
-62 2749 0 2749 11 0 0 1
+69 24741 19243
-86 196 31 0 3 0 0 1
+1 10 5
+3 20 10 0 2 0 0 1
+1 5 5
+6 5 5
-6 5
+5 40 0 5 2
cfi=(225)
cfn=(1086)
calls=5 107 
* 4835 704 396 59 20 3 12 2 3
+4 20 0 5
cfi=(52)
cfn=(1090)
calls=5 133 
* 285 105 40 26 0 0 8
+4 93 0 0 1 0 0 1
+59 2 0 1 1 0 0 1
-66 30 10 0 3 1 0 1
-6 5 0 0 4 0 0 1
+2 10

fl=(45)
fn=(136)
40 55 0 22 3 0 0 1
+1 11 0 11
cfi=(22)
cfn=(60)
calls=11 * 
* 445 76 0 5 1 0 5 1
* 11
fi=(420) ./string/../include/rtld-malloc.h
+15 22 11 11
cob=(3)
cfi=(177)
cfn=(664)
calls=2 3287 
* 230 46 34 0 0 5 0 0 4
cfi=(27)
cfn=(76)
calls=9 -21 
* 225 45 45
fe=(45)
-12 22
+4 11
-1 33
+1 22 22
-1 11
cfi=(29)
cfn=(80)
calls=11 212 
* 193 55 44 3 0 10 1 0 10

fl=(71)
fn=(554)
117 5 0 0 1 0 0 1
+5 1 1

fn=(238)
117 50 0 0 1 0 0 1
+5 10 10

fl=(42)
fn=(118)
23 51 0 0 3 0 0 1
+1 51
+1 51
+1 51
+1 51
+1 51
+1 51
+1 51
+1 51
+1 51 51 0 0 10 0 0 7
+1 51
+1 51 0 0 3 0 0 1
+1 51
+1 51
+1 51
+1 51
+1 51
+1 51
+1 41
+4 41
+1 41
+1 41 41
+1 41
+2 41 41
+4 10 10
+1 10
+1 10
+1 10 0 0 2 0 0 1
+1 10
+1 10
+1 10 10
+1 10
+1 10
+1 10
+1 10
+1 10
+1 10
+1 10 10
+1 10
+1 10
+1 10
+1 10
+1 10
+1 10 0 0 2 0 0 1
+1 10
+1 10
+1 10
+1 18
+5 4
+1 4
+3 4
+1 4 4
+1 4 4
+1 4 4
+1 4
+1 4 4 0 1 0 0 1
+1 4
+1 4
+1 4 4
+1 4
+1 4 4
+1 4 4
+1 4
+1 4 4
+1 4
+1 4
+1 4
+1 4
+2 4
+1 4
+2 4 4
+1 4 0 0 2 0 0 1
+1 4
+1 4
+1 4
+1 4
+1 4
+1 4
+2 4
+1 4
+1 4
+1 4
+1 4
+1 4
+1 4
+1 4
+1 4
+1 4
+3 4 0 0 1
+4 4
+1 4
+1 4 4
+1 4
+2 4 4
-9 6 0 0 2 0 0 1
+4 6
+1 6
+1 6 6
+1 6
+2 6 6

ob=(3)
fl=(114)
fn=(370)
29 1 0 0 1 0 0 1
fi=(84) ./string/../sysdeps/x86_64/multiarch/ifunc-avx2.h
+4 5 2 0 1 0 0 1
-1 2
+2 3 1
+2 2
+4 3
+3 4 0 0 1 0 0 1
fe=(114)
-14 1 1

fl=(248) ./string/./string/_strerror.c
fn=(1218) strerror_r
26 14 0 6 1 0 0 1
+1 2 0 2
cfi=(249) ./stdio-common/./stdio-common/errlist.c
cfn=(1220) __get_errlist
calls=2 +9 
* 16 4 0 2 1 0 1
+1 4
+7 6 4
-1 4 0 0 2 0 0 1
+1 2 2
-1 2
cfi=(233) ./intl/./intl/dcgettext.c
cfn=(1166) dcgettext
calls=2 +12 
* 1028 224 150

fl=(322) ./stdlib/../sysdeps/x86_64/lshift.S
fn=(2180) __mpn_lshift
28 1462 0 0 46 0 0 1
+1 1462
+1 1462
+2 1462
+1 1462
+1 1462
+12 1462 0 0 45 0 0 1
+1 1462
+1 1448 1448
+1 1448
+1 1448
+1 1448
+1 1448
+6 1448
+1 1448 0 1448
+1 1448 1448
+3 14
+1 14 14
+1 14 14
+1 14
+1 14
+1 14 0 0 7 0 0 1
+1 14
+5 14
+1 14 0 14
+1 14
+1 14 0 14
+1 14 14

fl=(126)
fn=(406)
33 1 0 0 1 0 0 1
fi=(93) ./string/../sysdeps/x86_64/multiarch/ifunc-memmove.h
+20 3 2
-1 2
+4 3 1
+14 2
+2 2 0 0 1 0 0 1
+8 2
+8 2
+2 5 1 0 1 0 0 1
fe=(126)

fl=(148)
fn=(490)
42 1 0 0 1 0 0 1
fi=(421) ./time/../sysdeps/unix/sysv/linux/dl-vdso.h
-2 2 2 0 0 1
+1 2
fe=(148)
+1 2 1 0 1 0 0 1

fn=(1976) __gettimeofday_syscall
33 1 0 0 1 0 0 1
+1 2
+2 4
+1 1 1

fl=(189)
fn=(854)
77 35 0 0 5 0 0 1
+3 105 35 0 0 9 0 0 3
+2 35
+2 70 0 0 5 0 0 1
-7 70 0 35
+11 70
+2 21 7 0 0 4
-46 7 7
+1 35 7
+49 21 7
+73 35 35 0 3 1 0 1
+3 35 0 35
+2 35 0 35
+3 35
+2 35
+1 105 70
45 21 7 0 2
+1 14 0 7
+51 56 0 0 3 0 0 1
+11 112 28 0 5 0 0 1
+4 28 28 0 0 3
+3 56 28
-71 28 28 0 3 0 0 1
+1 224 56
+1 28 0 28
+84 84 28
+1 56 0 28 3 0 0 1

fl=(253) ./posix/../sysdeps/unix/sysv/linux/x86/sysconf.c
fn=(1242) sysconf
32 20 2 10 2 0 0 1
+1 6
fi=(254) ./posix/../sysdeps/unix/sysv/linux/x86/../sysconf.c
+16 16 0 0 2 0 0 1
fi=(255) ./posix/../sysdeps/posix/sysconf.c
+7 18 1 0 2 1 0 2 1
fi=(254)
-7 4 0 0 1 0 0 1
fe=(253)
-12 18 14 0 1 0 0 1
fi=(255)
+19 7 1 0 2 1 0 2 1
217 1 0 1 1 0 0 1
cfi=(266) ./misc/../sysdeps/unix/sysv/linux/getpagesize.c
cfn=(1298) getpagesize
calls=1 27 
* 6 3 0 1 0 0 1
* 2
629 1 0 1 1 0 0 1
cfi=(256) ./misc/../sysdeps/unix/sysv/linux/getsysstats.c
cfn=(1248) get_nprocs
calls=1 241 
* 400 68 38 28 7 0 28 4
* 2 0 0 1 0 0 1
fe=(253)

fl=(304) ./libio/./libio/iofread_u.c
fn=(2016) fread_unlocked
34 30 0 15 1 0 0 1
+1 30
-1 30 0 30
+4 30
+4 30
-2 60 0 15
cfi=(244) ./libio/./libio/genops.c
cfn=(2018) _IO_sgetn
calls=15 409 
* 1841 478 312 40 26 22 34 21 22
+1 45 0 0 1 0 0 1
+1 75 60

fl=(177)
fn=(674) tcache_init.part.0
3235 3 0 2 1 0 0 1
+9 8 2 1
+1 3 0 1 1 0 0 1
cfn=(676) _int_malloc
calls=1 1343 
* 367 77 58 46 3 3 46 1 2
* 1
+1 2
+8 4 1 1
+7 2
+2 1 1
+1 2
-1 1 0 1
+1 86 0 81 1 0 9 1 0 9
+3 4 3

fn=(678) sysmalloc
2548 99 0 66 3 0 2 1
+20 44 33 11 0 16 1
+11 22 0 0 5 0 0 1
+1 28 11 6 0 10 1 0 1
+26 6 6
+1 18 6
+1 6
+9 44 0 0 3
+6 18 0 0 1 0 0 1
+3 18
2941 12 6 0 5 0 0 1
+1 6 0 6
+5 12 6
+3 12
+5 12
-2 6
+2 6
-1 6 0 6
+1 6
-3 6
+3 6
+1 6
-1 18 0 6 4 0 0 1
+1 6 0 6 0 0 6 0 0 6
+2 12
2581 15 10 0 0 5
+4 15 5
+9 20 0 5 0 0 1
cfn=(3130) sysmalloc_mmap.constprop.0
calls=5 2420 
* 309 50 47 7 0 5 6 0 5
+1 10
2964 121 99 0 4 0 0 1
2687 12 6 0 4 0 0 1
+9 24 6
+13 18 6 0 0 4
+8 30 0 6
+8 12 0 0 4 0 0 1
+39 12 6 0 4 1 0 1
+2 18 6 6
+6 22 0 0 4 0 0 1
+1 5
2946 5 5
2773 15 0 5
+2 2 1 0 1 0 0 1
2896 1
-1 1 0 1
+1 3 0 1 0 0 1 0 0 1
+1 1 0 1
+11 2 0 0 1 0 0 1
fi=(178) ./malloc/./malloc/arena.c
565 6 0 6 5 0 0 1
fe=(177)
2727 6 0 6 0 0 3
cfi=(180) ./malloc/./malloc/morecore.c
cfn=(682) __glibc_morecore
calls=6 25 
* 272 69 38 25 15 2 6
+1 12 6
-1 6 0 0 3 0 0 1
+1 6
2028 6 6
2729 6 6
2028 6
2729 6
2028 12
2730 6
+3 12
+33 12 6
2610 12 0 0 3 0 0 1
2775 2 0 0 1 0 0 1
+40 3 0 0 1 0 0 1
+22 1
+1 1
-1 1
+1 6
+2 2 0 0 1 0 0 1
+1 3 0 2
cfi=(180)
cfn=(682)
calls=1 25 
* 28 10 4
+12 2 1
-12 1
+12 1
2028 4 1
2897 4 2 0 1 0 0 1
2765 2 0 1 1 0 0 1
-52 3 0 1 1 0 0 1

fn=(3180) malloc_consolidate
4715 3 0 3 2 0 0 1
+17 3
-17 12 0 9
+28 3 0 0 2 0 0 1
-28 9 0 6
+15 3 0 3
+2 3 0 3
+13 6 3 3
+1 6
-1 54 27 27
+1 54
+62 90 30
+1 24 21
-31 442 221 0 2 65 0 1
+4 196 0 98
+2 98 98
+1 196 0 98
+1 196 98 98
+2 196
-4 123 123
+1 246 0 123
+1 246 123 123
+2 246
+1 66 0 33 0 0 4
+4 33
+2 33 0 33
-2 66 0 33
+3 33 0 33
+9 66
-12 188
+2 188 0 188
-2 376 0 188
+3 188 0 188
+9 582
-56 442 0 0 2 0 0 1
+4 663 221 0 0 49
+1 884
+8 221
-3 442 221 0 2 17 0 1
+3 221
-3 221
+4 221
-4 221
+5 221 221 0 0 21
-5 221
+5 442
+2 442
+1 114 114
+2 114
-1 114
+2 456 114 0 0 8
+2 684 0 570
cfn=(2080) unlink_chunk.constprop.0
calls=114 1626 
* 2526 918 228 0 18
* 456 456
+3 442 221 0 2 0 0 1
+4 123 0 0 1 0 0 1
+1 369 0 246
+16 123
-16 123 0 123
cfn=(2080)
calls=123 1626 
* 2763 1003 246 0 29
* 369 246

fn=(664)
3287 211374 0 105687 1 0 381 1 0 1
+7 70458 35229 0 0 1377 0 0 1
1343 70456 0 0 1
+19 140916 0 0 1 0 0 1
3306 140916 70458 0 0 2756
+3 70456 35228 0 0 1377
+10 15837 5279 0 63 6 0 1
+28 26395 21116
1362 35054 0 0 2 0 0 1
3304 105162 0 0 113 0 0 1
-63 4 2 1
cfn=(674)
calls=1 -6 
* 484 84 145 49 3 12 49 1 11
+68 2 1
+2 101577 33859 0 54 1436 0 1
3193 59900 29950 0 0 1686
+1 59900
+2 29950
+1 29950
-1 89850 29950 29950 0 3520
+1 29950 0 29950
+1 29950 0 29950
3347 149750 119800 0 1
-26 21116 0 5279 1 0 186 1 0 1
cfn=(676)
calls=5279 1343 
* 1148311 189499 193695 8339 9370 9558 52 0 354
+1 26395 5279 0 0 41
fi=(178)
162 10548 0 0 77 0 0 1
315 1 0 1 1 0 0 1
cfn=(668) ptmalloc_init.part.0
calls=1 -2 
* 1128 71 160 11 19 36 11 5 34
fe=(177)
1343 2

fn=(1112)
3352 37908 0 0 5 0 0 1
+4 75816
-4 36552 0 36552
+14 36552
-14 73104 0 36552 0 0 290
+12 36552 36552 0 0 3381
+4 36552 36552 0 6 3689 0 1
-4 36552 36552 0 0 3384
+4 73104
+17 109641 73094 0 0 5353
fi=(178)
162 109641
fe=(177)
3391 73094 0 36547 10 0 1248 1
cfn=(1116) _int_free
calls=36547 4421 
* 2774939 850294 430233 3636 26080 3276 20 3 2
+3 36547 0 36547
+1 146188 109641
-23 15 5 0 0 5
+2 20 5 0 0 4
+2 5
+1 5 0 0 3
-1 5 0 5
+1 5 0 5
+1 5
+3 10 0 5 0 0 1
cfn=(3134) munmap_chunk
calls=5 3044 
* 175 40 10 9 9 0 5
+13 5 0 5
+1 1376 1371 0 658 0 0 1

fn=(3130)
2420 15 0 15 2 0 0 1
+13 15
+5 10 0 0 1 0 0 1
+3 45 0 5
cfi=(369) ./misc/../sysdeps/unix/sysv/linux/mmap64.c
cfn=(3132) mmap
calls=5 47 
* 45 5 0 1 0 0 1
* 5
+3 10 0 0 1 0 0 1
+4 10
2028 20 5
2466 15
+19 5
-1 5 0 5 0 0 5 0 0 5
+5 5
-4 10 0 5
+4 10 5 5 1 0 0 1
+1 19 5 2
+3 15 5 5
+1 25 5 5 1 0 0 1
+5 25 20

fn=(676)
1343 13234 0 0 90 0 0 1
3771 6617 0 6617
1362 6617
3771 52936 0 33085 124 0 732 1
1362 13234
3811 56
+27 56 28 0 0 1
+66 4577 0 0 704 0 0 1
+2 4577 4577 0 0 1293
-2 4577
+2 9154
+2 84 84 0 0 77
+1 168 84 0 0 13
+6 84
-4 84 0 84 0 0 82
+1 84 0 84
+1 84 0 84
+2 168 0 0 83 0 0 1
+7 336 168
-1 168
+1 168 84 0 0 4
3181 84 84
3927 84 84
3183 84 0 0 83 0 0 1
3927 84 84 0 0 4
3181 84 0 84 0 0 83
3927 306
+1 196
+4 18 18
+1 18 0 18 0 0 18
+1 36
3181 18 18
3936 18 0 18
3185 18
3937 18 0 18 0 0 3
3181 18 0 18
+2 90 18 36
-6 18 18
+9 18
-9 18 0 18
+8 18 0 18
+1 18
1362 13178 0 0 89 0 0 1
3811 13178 0 0 50 0 0 1
4397 13178
3838 13178 6589 0 0 1356
+63 12666
+62 79462 0 24457 637 0 1740 3 0 3
+1 6120 2040 0 3 710
+1 2 0 1
cfn=(3180)
calls=1 4715 
* 475 90 72 6 1 0 6
* 29 0 0 5
3838 56
1362 28
3843 56 28 0 0 2
+2 56 0 0 7 0 0 1
+8 768 0 0 6 0 0 1
-10 256 256 0 0 8
+2 1364 0 0 7 0 0 1
4399 8986 0 0 90 0 0 1
3903 4493 0 4493 0 0 1135 0 0 1
4399 58409 0 40437 619 0 718 2 0 1
3983 4493
+1 4493 4493
-1 8986
-1 8986 0 4493 0 0 764 0 0 1
+2 8986 4493
-1 2040 0 0 92
+1 2040 2040
-1 4080
-1 4080 0 2040 0 0 696 0 0 1
+2 4080 2040
-2 19596 6532 6532 0 663
+12 6532
-6 6532 0 6532
+73 26128 0 13064 97
-67 19597 6532 0 0 689
-6 1 0 1
+73 4 0 2 1 0 0 1
-67 3 1
4158 4235 4235
-91 4235 4235
+91 8470 0 4235
-91 4235 4235
-74 4235
3181 4235
4067 4235 0 4235 94 0 0 1
3181 8470 4235 4235
4025 8470 0 4235
3183 8470 0 4235
3997 16940 4235 0 0 56
+1 4235
+2 8470 0 0 85 0 0 1
-3 5668 1417 0 0 3
+1 1417
+2 2834
+1 16956 5652 0 0 13
+2 5652 5652 0 0 344
+1 22608
+2 22608 5652
-10 5652 5652 0 0 4
+12 11304 5652 0 95 63 0 1
+1 11304 5652
+2 11304
+11 19230
+31 3658 0 3658
+1 3658 0 3658
+4 7316
+29 5990 0 0 91 0 0 1
+2 1662
+1 2493
+1 831 831 0 0 506
-1 831
+57 831
+2 1662
-2 1662
+2 831
+7 831 0 831
-9 2493 0 831 6 0 95
+9 831 831
-7 831 0 831
+1 831 0 831 0 0 11
+1 831 0 831
+6 1662
-10 2164
+2 4328
-2 4328
+2 2164
+7 2164 0 2164
-9 6492 0 2164 48 0 588 1
+9 2164 2164
-7 2164 0 2164
+1 2164 0 2164
+1 2164 0 2164
+6 4328
+2 776 194
+7 582
3994 2412 194 0 390 0 0 1
4413 59553 46319 0 766 0 0 2
2005 84 84
3944 84
2005 168
4060 663 0 0 390 0 0 1
+1 663
-1 663 0 663
+1 1326 0 0 1
+5 663 663
-21 663
+21 663
+1 2652 1326
+28 27152 0 0 154 0 0 2
+1 3
+1 1 1 0 0 1
-1 1
+4 2
-4 6489 0 0 90 0 0 1
+1 2163 2163 0 0 1393
-1 2163
+4 4326
+5 27 27
-2 54 0 27 23 0 0 1
+2 81 27 0 0 3
+1 54 27
+60 8403 0 0 152
3994 8403 2801
4183 7868 0 0 14 0 0 1
+2 6120 2040
+3 2040 2040 0 0 697
-3 2040 0 0 110
+3 4080
+1 8 4 0 0 1
+67 7866 3933 0 8 0 0 1
+1 3933
+1 3933
-1 3933
+1 3933
+1 7866 3933 0 0 1338
+1 11799
+5 16401 0 0 62 0 0 1
+16 21104
+2 42208
-4 50036
+8 3914 3914 0 0 1586
+3 7828
+2 1683
+1 1683
+1 1683
-2 6732 0 1683 84 0 0 1
-27 1683
3181 663 663
+2 663 663
+2 663
-4 663 0 663
+2 2652 663 663
4071 663 0 0 390
3184 663 0 663
+1 663 0 663
4071 663
3963 56 0 14 3 0 0 1
4144 6411 0 2137 391 0 123 1
4023 6052 3026 0 585 0 0 1
+1 4880 2440
+5 1994
-1 3988 1994
+3 1994
-1 1994 0 1994
+1 3988 0 1994
+1 1994 0 1994 0 0 1876 0 0 16
+1 3988
+2 2646 0 1323 229 0 575 1 0 2
+4 1323
+6 1323
-6 9261 0 1323
+2 3969 0 1323 0 0 60 0 0 1
+1 1323 0 1323
2005 3969 1323 0 231 0 0 1
4039 671 0 0 190
+6 671
-6 4697 0 671
+2 2013 0 671 0 0 76 0 0 1
+1 671 0 671
2005 2013 671 0 190
4269 9099 0 0 315 0 0 1
+3 6696 1674
-3 3348
+3 4440 1110 0 26 0 0 1
-3 1422
+3 2106 702
+97 1702 1702 0 384
+1 3404 1702 0 0 678
+2 3404 1702 0 0 675
+3 5128 0 22 4 0 0 1
+17 33 11
3904 12879 0 0 107 0 0 1
4118 135 54 0 36 0 0 1
+1 54
+6 27
+6 12 4 4 0 1
+2 12 8
+2 4 0 4
+1 12 4 4
+2 4 4
+1 8 4
-1 23 23
+1 46 23
-11 46 23 0 11
4299 6693 4462 0 55 802 0 1
+3 4462
+2 2231
+3 4462 0 2231
-3 2231
+3 4462 0 4462 0 0 375 0 0 1
cfn=(2080)
calls=2231 1626 
* 73700 27078 7534 213 1870 0 3
+3 8924 4462
+15 4154 2077 0 65 0 0 1
-5 2077
+5 4154
+1 4154 2077
+3 2077 0 2077 0 0 1253 0 0 1
+1 2077 0 2077
+1 2077 0 2077
+3 4154
+1 1402 0 1402
+1 4154
+2 2970 0 1485 632 0 168 1
+3 11880 0 1485
+2 4455 0 1485 0 0 317
+1 1485 0 1485
2005 1485 1485
4347 1485
2005 2970 0 0 93
4341 4736 0 592 187
+2 1776 0 592 0 0 69
+1 592 0 592
2005 592 592
4347 592
2005 1338 154 0 1
4347 154
2005 308
4272 957 0 0 3
+2 3828
+1 1914
-1 1496
+1 748
-3 748 0 0 265 0 0 1
+41 154 0 0 154
-1 154 0 154
+1 308
3193 1815 1210 0 390 0 0 1
+1 1210
+2 2420 605 605
+1 605 0 605
+1 605 0 605
4174 605
+18 2 2 0 1 1 0 1
+1 6 1
+6 2 1
+5 1
+1 3 0 2 1 0 1 1
cfn=(2080)
calls=1 1626 
* 38 14 4 0 1
-1 1
+4 3 1
2005 1 1 0 1 0 0 1
4239 1
2005 2
4380 1691 0 0 672 0 0 1
-2 3382 1691 0 615 0 0 1
+2 1691
-1 1691 0 1691
+6 1691
-5 1691
-3 1691
+3 1691
+2 1691
-2 6764 0 1691
2005 1691 1691
4382 1691 0 1691 0 0 1027 0 0 317
2005 3382
4407 44 11 11 8 0 1 1
cfn=(678)
calls=11 2548 
* 1558 375 237 92 51 22 33 1 12
* 11
+1 22
2005 33 11
4211 1 0 0 1 0 0 1
-1 1 0 1
+1 2

fn=(2488) realloc
3400 40 0 24 2 0 0 1
+6 8 4
+4 8
3515 3
-97 3
+97 18 18
-97 3
cfn=(664)
calls=3 3287 
* 413 80 62 6 2 2 0 0 2
-1 8 0 0 2 0 0 1
+11 1 1
-2 1
+5 1
-3 2
+2 2
+4 3 2
fi=(178)
162 3 0 0 1 0 0 1
fe=(177)
3442 4
+1 2 0 0 1 0 0 1
1343 2
+19 6
3452 2
+31 3 1
+2 5 0 1 2 0 0 2
cfn=(2492) _int_realloc
calls=1 4818 
* 292 64 48 7 1 3 6 1 3
* 1
+1 5 1
fi=(178)
162 3
fe=(177)
3486 2 0 0 1 0 0 1
+29 9 7 0 1 0 0 1

fn=(2492)
4818 7 0 6 1 0 0 1
+11 4 1 0 1 0 0 1
+1 5 1
+6 2
+2 2
+1 3 1
+2 4 0 0 1 0 0 1
+3 2
+89 9 7
-79 2 1 0 1 0 0 1
+12 2 1
+12 3 0 1 1 0 0 1
cfn=(676)
calls=1 1343 
* 137 23 24 0 0 1 0 0 1
* 1
+1 2
+3 1
+1 1 1
+5 2
+8 1 1
-1 1
+4 1
-3 6 0 0 1 0 0 1
+3 1 0 1
cob=(2)
cfi=(51)
cfn=(1136) 0x0000000004bfd620
calls=1 0 
* 24 7 4 1 1 2 0 1 2
+1 4 0 1
cfn=(1116)
calls=1 4421 
* 64 20 11
+2 1

fn=(3134)
3044 5 0 0 2 0 0 1
+2 5 5
-1 5 5 0 0 5
+1 5
-1 5 5 0 0 4
+1 5
+2 10
+4 5 5 0 2 0 0 1
-1 10 5
+7 5
-8 5
+8 5
-6 5
+7 5
-1 10
+1 20
+3 5 5 5
+1 15 5 5
+5 5 0 0 2 0 0 1
+1 5
-1 5
cfi=(370) ./misc/../sysdeps/unix/syscall-template.S
cfn=(3136) munmap
calls=5 117 
* 30 5 0 3 0 0 2

fn=(2522) calloc
3624 2672 0 1336 312 0 0 1
+10 1336
-10 5344 0 4008 0 0 294
+10 10688 0 0 668 0 0 1
+8 2672 1336 0 0 667
+3 4008 2672 0 0 1334
+2 4008 1336 0 0 667
+32 4008 0 1336 92 0 373 1
cfn=(676)
calls=1336 1343 
* 335338 49098 49365 3612 5535 3046 0 0 1
+2 6680 1336 0 91 4 0 1
fi=(178)
162 4008
fe=(177)
3681 2672
+3 4008 1336
+14 2672 0 0 621 0 0 1
+11 1336 1336
+5 1336 1336
-2 2672
-3 1336
+12 5344
-20 5344 0 0 669 0 0 1
+31 1336
+2 2672
+2 2672
-79 1336 1336 0 669 667 0 1
+1 4008 1336 0 668 56 0 1
+7 1336
+97 1336 0 0 669 0 0 1
-25 2672
+25 5344 5344
-25 1336
cob=(2)
cfi=(51)
cfn=(1216) 0x0000000004bfd670
calls=1336 0 
* 26756740 4008 26730688 1338 2003 418582 0 0 1

fn=(2080)
1626 6442 0 0 66 0 0 1
+2 32210 12884 0 0 974
+3 12884 12884 0 0 508
+1 6442 6442
-1 19326 0 0 81 0 0 1
+3 25768 12884 0 0 819
+3 6442 0 6442
+1 6442 0 6442
+1 23285 3467 0 0 1194
+2 4296 2148 0 0 2
+1 12888 4296 0 77 0 0 1
+3 4296 2148 0 0 260
+14 2141 0 2141
+1 4282 2141 2141
+3 12884 6442 0 2
-16 14
+1 14 0 7 6

fn=(1116)
4421 292384 0 219288 14 0 1757 1
+10 36548 36548
-10 109644 36548 36548 3 2677 710 1 0 1
+10 73096
+6 182740
+1 73096
+4 146192
+8 182740 73096 0 4 0 0 1
-1 73096
+1 73096 36548 0 0 2676
+29 34521 34521
-20 34521 34521 0 0 1335
-6 34521
+6 69042 34521 0 0 204 0 0 3
+20 138084 34521 0 4 2007 0 1
+14 13094 6547 0 0 1853
+11 920 230 0 0 48
+2 690 230
2012 690 230 0 2 0 0 1
4527 230 0 230
+1 230
+4 690 230
+2 690 230
+4 460
+2 920 0 230
+1 230 0 230
+19 884
4702 402028 328932 0 17 0 0 2
4569 12634 6317
+3 6317 6317
+3 18951 0 6317 0 0 387
+7 6317 6317 0 0 1852
-4 6317 0 0 636 0 0 1
+4 12634
+3 12634 6317 0 0 1856
+5 18951 6317 0 0 485
+3 12634
+1 12634
+1 12634 6317 0 106 1854 0 1
2012 18951 6317 0 0 1341
4601 12634 6317
+1 976 976
+2 976
-1 976
+2 3904 976 0 0 65
+2 1952 0 976 0 0 2
cfn=(2080)
calls=976 1626 
* 22533 8189 2043 10 134
+3 12634 6317 0 630 0 0 1
+5 9960 4980 0 0 1974
+4 1983 0 1983
+9 1983 1983
-1 1983
+1 5949
+1 3966 1983 0 0 27
-1 2997 2997
-1 2997
+1 8991
+1 5994 2997 0 0 323
+2 4980 0 4980 0 0 4 0 0 1
+2 9960 0 0 9 0 0 1
+5 4980 0 4980
+1 4980 0 4980
+2 14940 0 4980
+1 4980 0 4980
+30 12634 0 0 362
+20 18951 6317
3181 30001 30001 0 106 0 0 1
+4 30001
-4 30001 0 30001
+2 120004 30001 30001 0 1440
+1 30001 0 30001
+1 30001 0 30001
4482 30001
4635 6219 0 2073 673 0 116 1
+38 4026 1342 0 582 0 0 1
+3 2684
+2 1342 1342
-2 1342 0 0 52 0 0 1
-23 1337 0 0 34 0 0 1
+1 4011 0 1337
+1 2674 0 1337
-39 2997 0 0 50 0 0 1
+1 2997
-1 2997 0 2997 0 0 296
cfn=(2080)
calls=2997 1626 
* 78496 28534 7118 9 1705
+1 2997
-30 18951 6317 0 129 677 0 1
-2 12634
+89 4 0 2 1
cfn=(3180)
calls=2 +41 
* 17437 4389 2631 7 206 4 1
* 2
+4 5368 2684 0 196 1341 0 1

fl=(359) ./nptl/./nptl/pthread_attr_destroy.c
fn=(2536) pthread_attr_destroy
26 1 0 0 1 0 0 1
+10 3 1
-10 2 0 1
+12 2 1 1
cob=(2)
cfi=(51)
cfn=(1120) 0x0000000004bfd370
calls=1 -38 
* 91 29 15
+1 2 1 1
cob=(2)
cfi=(51)
cfn=(1120)
calls=1 -39 
* 91 29 15
+5 3 2

fl=(211) ./nptl/./nptl/pthread_key_create.c
fn=(968) pthread_key_create@@GLIBC_2.34
25 1 0 0 1 0 0 1
+2 3
+2 1 1 0 0 1 0 0 1
+2 4
+2 3 0 1 1 0 0 1
+4 3 0 1
+6 1
-3 1 0 1 0 0 1 0 0 1
+3 1 1

fl=(226) ./setjmp/../sysdeps/x86_64/__longjmp.S
fn=(1096) __longjmp
36 11 0 0 3 0 0 1
+2 11 11
+1 11 11
+1 11 11
+2 22 11
+1 22 11
+1 22 11 0 2 0 0 1
+13 11 11
+1 11
+31 11 0 0 2 0 0 1
+11 11 11
+1 11 11
+1 11 11
+1 11 11
+1 11 11
+2 11
+1 11
+1 11
+1 11
+2 11

fl=(115)
fn=(374)
31 1 0 0 1 0 0 1
fi=(84)
+2 5 2
-1 2
+2 3 1 0 1 0 0 1
+2 2
+4 3
+3 4
fe=(115)
-12 1 1

fl=(191)
fn=(862)
367 35 0 0 5 0 0 1
51 105 35
+1 70 0 0 5 0 0 1
367 35
57 70
+8 35 0 35
-3 35 0 35
-23 35 35
+1 70
+30 35
369 70 35
40 105 35 0 3
+1 70 0 35
+33 56 0 0 3 0 0 1
+6 112 28 0 3 0 0 1
+4 84 56
+3 84 0 28 3 0 0 1

fl=(317) ./time/./time/offtime.c
fn=(2084) __offtime
30 4 0 2 2 0 0 1
+4 2
-4 14 0 10 2 0 0 1
+4 12
+1 2
-1 2
+1 2
+2 4
+10 8 0 0 2 0 0 1
+16 2
-16 2
+20 2 0 0 2 0 0 1
-20 8 0 2 0 0 1 0 0 1
+1 4
+2 16
+2 2 0 0 2 0 0 1
-2 6
+2 4
-2 2
+2 4
-2 2 0 2
+2 16 0 0 2 0 0 1
+3 2
-3 4 0 2
+8 2
+3 28 0 0 2 0 0 1
+4 68 0 0 4 0 0 2
-1 2
+1 2
-1 2
+1 4
-1 4
+2 2
-2 2
+1 2
+1 66 0 0 2 0 0 1
+1 2
-1 10
-2 2
-6 32 0 0 6 0 0 3
+11 2
+1 2
-1 2 0 2
+1 6
-30 6 0 0 2 0 0 1
+36 2 0 2
+1 6 0 0 2 0 0 1
+1 8 2 0 2 2 0 1 1
+2 2
+2 2
+1 2
-1 8 0 2
+2 14 14
-6 40 8 0 2 0 0 1

fl=(332) ./stdlib/./stdlib/divrem.c
fn=(2260) __mpn_divrem
46 9997 0 6152 47 0 19 1
+3 1538
+13 769 769 0 51 0 0 1
+1 769 769
-16 769 0 769 0 0 27
+18 1538
+7 5035 682 0 41
+1 682 682
-1 1364
+1 1364 0 682
-1 1364
+4 1538 0 0 10 0 0 1
+3 769 0 769 46 0 0 1
234 6921 6152
68 12 0 12 8 0 0 1
-1 12
+1 12

fl=(180)
fn=(682)
25 7 0 0 4 0 0 1
+1 14 7
-1 7 0 0 5 0 0 1
+4 7 0 7 0 0 1
cfi=(181) ./misc/./misc/sbrk.c
cfn=(684) sbrk
calls=7 +8 
* 237 65 35 16 15 1 4
+1 14
+4 14 7

fl=(293) ./time/./time/gmtime.c
fn=(3344) gmtime
50 1 0 0 1
+1 4 1 0 1 0 0 1
cfi=(294) ./time/./time/tzset.c
cfn=(1982) __tz_convert
calls=1 568 
* 348 40 41 29 3 2 0 0 1

fn=(1980) gmtime_r
25 1 0 0 1 0 0 1
+1 1 1
-1 1
+1 2
cfi=(294)
cfn=(1982)
calls=1 568 
* 9802 2212 1271 266 128 34 239 30 34

fl=(86)
fn=(304)
65 3 0 0 2 0 0 1
-24 6 6 0 0 4
+1 3 3 0 0 1
-1 6
+1 6 0 0 2 0 0 1
+2 6
+5 9
+3 9 0 0 2 0 0 1
+13 3 3

fl=(108)
fn=(356)
29 1 0 0 1 0 0 1
fi=(101) ./string/../sysdeps/x86_64/multiarch/ifunc-strcpy.h
+7 2 2
+1 1 1
-1 2
+1 2
+2 2 0 0 1 0 0 1
+4 3
+3 3
fe=(108)
-17 1 1

fl=(355) ./nptl/./nptl/pthread_getaffinity.c
fn=(2512) pthread_getaffinity_np@@GLIBC_2.32
30 2 0 0 1 0 0 1
+3 6 1
+2 2
+4 1 0 0 1 0 0 1
-9 1
+9 5 0 1
cob=(2)
cfi=(51)
cfn=(1216)
calls=1 -39 
* 14 2 2 4 1
+2 1
+1 2 1

fl=(363) ./libio/./libio/putc.c
fn=(2640) putc
25 616 0 264 11 0 0 1
+3 176 88 0 0 5
+1 541 176 126 12 2 2 1
+5 340 252 0 5 0 0 1
-5 50
+5 75 75
-5 25
cfi=(244)
cfn=(4404) __overflow
calls=25 199 
* 4075 1025 575 44 0 0 2

fl=(203) ./nptl/./nptl/pthread_mutex_init.c
fn=(916) pthread_mutex_init@@GLIBC_2.2.5
53 10 1 5 1 0 0 1
+12 2
+3 5 1
+21 4 0 3 1 0 1 1
+3 3 1
+2 2
+11 4
+31 4
+4 1 0 1
+9 1
+2 1
+1 9 7
-47 2 0 0 1 0 0 1

fl=(394) ./stdlib/./stdlib/exit.c
fn=(4686) __run_exit_handlers
40 11 0 7 1 0 0 1
+5 2
+3 5 0 1 1 0 1 1
+50 1
-42 1 1 0 0 1
+2 3
+8 88 22 0 0 1
+2 32
+3 32
-3 32 0 32
+3 214 32 0 1 11 0 1
+34 21 0 0 1 0 0 1
+1 21 21
+1 21 21 0 0 1
-2 21 0 21
+7 21
-3 42 21 0 1 0 0 1
+3 63 21 21
+1 63 0 21
cob=(1)
cfi=(401)
cfn=(4830)
calls=1 -82 
* 16029 4689 2473 176 577 44 92 11 2
cob=(9)
cfi=(213)
cfn=(4806) tbb::interface5::concurrent_unordered_map<std::pair<std::__cxx11::basic_string<char, std::char_traits<char>, std::allocator<char> >, std::thread::id>, stan::math::profile_info, stan::math::internal::hash_profile_key, stan::math::internal::equal_profile_key, tbb::tbb_allocator<std::pair<std::pair<std::__cxx11::basic_string<char, std::char_traits<char>, std::allocator<char> >, std::thread::id> const, stan::math::profile_info> > >::~concurrent_unordered_map()
calls=1 0 
* 705 139 39 6 13 0 5 9
cob=(7)
cfi=(175)
cfn=(4804)
calls=2 0 
* 3452 1103 496 32 79 2 14 6
cob=(9)
cfi=(213)
cfn=(4800) stan::math::ad_tape_observer::~ad_tape_observer()
calls=2 0 
* 5345 1534 806 24 63 5 14 1 2
cob=(9)
cfi=(213)
cfn=(4782) tbb::interface9::global_control::~global_control()
calls=1 0 
* 297 85 58 24 4 0 17
cob=(9)
cfi=(213)
cfn=(4712) tbb::interface7::task_arena::~task_arena()
calls=1 0 
* 4956 1506 754 46 116 17 33 5
cob=(9)
cfi=(213)
cfn=(4704) boost::object_cache<boost::re_detail_500::cpp_regex_traits_base<char>, boost::re_detail_500::cpp_regex_traits_implementation<char> >::data::~data()
calls=1 0 
* 583 179 82 12 10 0 9 3
cob=(7)
cfi=(175)
cfn=(4702)
calls=10 0 
* 60 20 0 2 6 0 2 6
cob=(9)
cfi=(213)
cfn=(4692) boost::basic_regex<char, boost::regex_traits<char, boost::cpp_regex_traits<char> > >::~basic_regex()
calls=1 0 
* 656 198 87 8 10 0 8 3
cob=(9)
cfi=(213)
cfn=(4690) boost::re_detail_500::mem_block_cache::~mem_block_cache()
calls=1 0 
* 272 67 24 3 4 3 3 2
+1 84 0 21
+10 2 1 1 1 0 0 1
+1 2
-63 1 0 1
+69 4 1 1
+2 2 1
+1 6 1 1 1 1 0 1
cfi=(244)
cfn=(5058) _IO_cleanup
calls=1 863 
* 365 97 85 27 15 0 24 1
* 3
+2 2 0 1
cfi=(407) ./posix/../sysdeps/unix/sysv/linux/_exit.c
cfn=(5070) _Exit
calls=1 27 
* 7 1 0 1 1 0 1
-90 1 0 1
cfi=(395) ./stdlib/./stdlib/cxa_thread_atexit_impl.c
cfn=(4688) __call_tls_dtors
calls=1 149 
* 12 5 2 2 0 0 2
* 1

fn=(4684) exit
142 3 1 1 1 0 0 1
+1 3 0 0 1 0 0 1
-1 1
+1 1 0 1
cfn=(4686)
calls=1 40 
* 33541 9766 5036 370 913 72 231 47 4

fl=(263) ./io/../sysdeps/unix/sysv/linux/close_nocancel.c
fn=(1266) __close_nocancel
25 5 0 0 5 0 0 1
+1 20
+1 5 5

fl=(274) ./locale/./locale/uselocale.c
fn=(1466) uselocale
30 2898 0 0 51 0 0 1
+1 8694 5796 0 0 48
+2 5796
+3 5796
+1 2898 0 2898
+28 8694 5796 2898 0 150
+1 8694 5796 2898 51 0 0 1
+2 8694 5796 2898 0 48
+4 8694
+1 2898 2898

fl=(318) ./libio/./libio/vsnprintf.c
fn=(2168) vsnprintf
123 1448 0 0 1092 0 0 1
+1 2896
cfn=(2170) __vsnprintf_internal
calls=1448 -29 
* 3078682 633084 442995 15336 1214 484 160 13 1

fn=(2170)
95 20328 1452 10164 106 0 25 2
+4 1452 0 1452 0 0 6
+5 4356
+9 2904 0 0 58 0 0 1
-3 11616 0 2904 0 0 8
cfi=(244)
cfn=(1198) _IO_no_init
calls=1452 563 
* 66792 11616 26136 270 49 42
+3 4356
-2 1452
+2 1452
-2 1452 0 1452 50 0 3 1
+1 1452 0 1452
+1 1452 0 1452
cfi=(245) ./libio/./libio/strops.c
cfn=(1202) _IO_str_init_static_internal
calls=1452 -77 
* 104544 17424 21780 399 0 51
+1 7260 0 1452
cfi=(246) ./stdio-common/./stdio-common/vfprintf-internal.c
cfn=(1206) __vfprintf_internal
calls=1452 1180 
* 2831715 586565 374368 14446 1173 349 170 14 1
+2 4356 2904
+1 2904 1452 1452
+2 15972 13068 0 52 0 0 1

fl=(81)
fn=(294)
86 1 0 0 1 0 0 1
fi=(82) ./string/../sysdeps/x86/cacheinfo.h
-25 1 1
+3 3 1 0 0 1
+2 1
+1 1 0 1 1 0 1 1 0 1
-1 2 0 1
+7 3 1
+2 1
+1 1 0 1
-1 2 0 1
+5 2 1 1 1 0 1 1 0 1
+2 2 1 1 0 0 1 0 0 1
+1 2 1 1 0 1
+1 2 1 1
+2 2 1
fe=(81)
* 2 1

fl=(109)
fn=(360)
31 1 0 0 1 0 0 1
fi=(422) ./string/../sysdeps/x86_64/multiarch/ifunc-strcasecmp.h
+1 5 2
fe=(109)
-1 1 1 0 1 0 0 1

fl=(233)
fn=(1166)
46 8 0 0 1 0 0 1
+1 16 0 0 1 0 0 1
cfi=(234) ./intl/./intl/dcigettext.c
cfn=(1168) __dcigettext
calls=4 485 
* 2032 448 300 39 15 0 37 5

fl=(298) ./libio/./libio/fileops.c
fn=(2000) _IO_file_fopen@@GLIBC_2.2.5
213 44 4 28 4 0 0 1
+9 8 4
+2 26 4 0 1 4 0 0 3
356 48 36 0 3 0 0 1
224 3 0 0 1
+23 86 12 0 11 4 0 5 2
+33 8 0 2
cfn=(2002) _IO_file_open
calls=2 -98 
* 170 40 30 12 0 0 4
* 8 0 2 2
cfn=(2002)
calls=2 -98 
* 185 47 37 13 0 0 4
* 4
+3 8
+3 12 0 4
cfi=(300) ./string/../string/strstr.c
cfn=(2004) __GI_strstr
calls=4 77 
* 228 60 32 23 6 0 5
* 4
+1 8
-40 4 0 0 2 0 0 1
+20 6 0 2 2 0 0 1
+4 2 0 2
-1 2
+2 2
-44 3 0 0 3 0 0 1
-1 3
-13 6

fn=(2042) _IO_file_seekoff@@GLIBC_2.2.5
900 24 2 14 2 0 0 2
+8 5
-60 3 2
+66 3 2
+2 1
+1 2
+25 2 0 0 1 0 0 1
-25 2 1 0 1 0 0 1
+12 2 1
+17 3 2 0 1 0 0 1
+2 3 1 0 1 0 0 1
fi=(309) ./libio/./libio/libioP.h
-6 1 0 0 1 0 0 1
-2 3
fe=(298)
+94 2 0 1
cfi=(244)
cfn=(2046) _IO_unsave_markers
calls=1 -74 
* 10 4 1 2 0 0 2
+1 1 1 0 1 0 0 1
fi=(309)
-93 2
+1 2
fe=(298)
+92 4 1 1
cfn=(2048) _IO_file_seek
calls=1 1139 
* 9 2 0 2 0 0 2
+1 2
+2 2 1 1
+1 1 0 1
+1 4 0 3 1 0 0 1
+14 22 18
846 2 1 0 1 0 0 1
+4 1 1
-2 2 2
+2 1
+5 2
+24 2 0 0 1 0 0 1
+10 2
-10 1 1 0 1 0 0 1
-14 2
+1 3 2

fn=(2626) _IO_do_write@@GLIBC_2.2.5
423 109 0 0 11 0 0 1
+2 327
+1 21 21
-3 88 0 88 12 0 0 1
fi=(309)
940 88
fe=(298)
423 176 0 176
fi=(309)
940 88
fe=(298)
423 88 0 88
fi=(309)
940 176
fe=(298)
423 440 0 176
+20 88 88
-10 176 88
+7 352 176 0 11 0 0 1
fi=(309)
942 176 0 0 18 0 0 1
+1 176
fe=(298)
448 352 88 88
cfn=(2658) _IO_file_write@@GLIBC_2.2.5
calls=88 1173 
* 4048 880 440 42 0 0 5
* 88
+1 440 88
+2 88 88
+4 176 88 0 22 0 0 1
-3 176 0 88
-1 176 0 176
+4 239 63
-2 63 0 63
-28 252
+1 504 441
+27 25 0 25
-28 100
+1 200 175
+28 239 88 0 15 0 0 1

fn=(2048)
1139 1 0 0 1 0 0 1
+1 2 1
cfi=(310) ./io/../sysdeps/unix/sysv/linux/lseek64.c
cfn=(2050) lseek
calls=1 28 
* 6 1 0 1 0 0 1

fn=(2074) _IO_file_finish@@GLIBC_2.2.5
168 20 0 8 4 0 0 1
+1 8 4 0 4 0 0 1
+7 4 0 0 4 0 0 1
-1 8
+1 8 8
-1 4
cfi=(244)
cfn=(2076) _IO_default_finish
calls=4 601 
* 64 24 4 8 0 0 2

fn=(2624) _IO_file_overflow@@GLIBC_2.2.5
731 230 0 138 6 0 0 1
+1 184 46
+7 226 46
+37 44 44
-2 90
+3 50 25
+3 75 0 50 4
+1 75 25
+5 25
+1 100 100
-45 4 0 0 2 0 0 1
+12 4 0 0 2 0 0 1
+9 6 2
+5 6 2 4
+2 4
-3 4 0 2
+3 2 0 2
+1 2 2
-6 2 0 2
+1 2 0 2
+5 8 0 0 2 0 0 1
+1 1 0 1
+2 2
+13 21 21 0 4
-12 21
+1 21
+11 42 42
-12 21
cfn=(2626)
calls=21 423 
* 105 21 0 6 0 0 1
+9 50 50
-1 25
+1 25
-1 25 0 25 5 0 0 1
cfn=(2626)
calls=25 423 
* 2700 650 400 25
* 50
-39 4 0 2 2 0 0 1
cfi=(244)
cfn=(2022) _IO_doallocbuf
calls=2 343 
* 332 67 49 13 2 1 0 0 1
+1 2 2
+9 2 2
-9 10 0 4

fn=(2020) _IO_file_xsgetn
1272 150 0 90 2 0 0 2
+7 15 15
-7 15 0 15
+7 15
+11 15 15
fi=(309)
940 45
fe=(298)
1290 60
+2 45 30 0 1 0 0 1
+1 30
-1 6 4
+1 4
+8 4
+8 4 2
+9 6 2
+1 8 2 0 1 0 0 1
-24 45 0 15
cob=(2)
cfi=(51)
cfn=(1136)
calls=15 0 
* 378 104 71 3 22 21 3 21 21
+1 45 15 15
+25 4 0 2 1 0 0 1
cfi=(244)
cfn=(2028) __underflow
calls=2 269 
* 271 78 44 15 1 0 14
* 4 0 0 1 0 0 1
+39 135 105
-78 3 1 0 1 0 0 1
+5 2 0 1 1 0 0 1
cfi=(244)
cfn=(2022)
calls=1 343 
* 306 60 44 12 2 1 8 0 1
* 1

fn=(2030) _IO_file_underflow@@GLIBC_2.2.5
461 9 0 0 2 0 0 1
+4 27 9
-4 72 0 54 2 0 0 1
+7 18
+6 27 18
+3 18 9
+12 16
+9 18 0 0 2 0 0 1
fi=(309)
940 9
+2 9
-2 9
fe=(298)
505 18 0 9
cfi=(244)
cfn=(2032) _IO_switch_to_get_mode
calls=9 164 
* 225 72 63 6 0 0 3
+6 9 9
+5 9 9 0 2 0 0 1
-5 9
fi=(309)
942 18
fe=(298)
511 9
fi=(309)
942 9
fe=(298)
511 27 0 27
fi=(309)
943 18
fe=(298)
516 36 18 9
cfn=(2034) _IO_file_read
calls=9 1130 
* 108 27 0 6 0 0 2
+2 18
+16 9 9 0 2 0 0 1
-9 9 0 9
+9 18
+1 2 0 1
+1 2 2
+1 8 7
-1 16 16
+1 64 56
-57 3 1 0 1 0 0 1
+5 2 0 1
cfi=(244)
cfn=(2022)
calls=1 343 
* 313 62 43 13 3 1 0 0 1
+4 4 1

fn=(2070) _IO_file_close_it@@GLIBC_2.2.5
128 16 0 12 4 0 0 1
+2 12 4
+4 8 4
+3 4
-3 4
-1 8
+6 4
+3 4 0 0 4 0 0 1
-3 4 0 4
cfi=(244)
cfn=(2046)
calls=4 960 
* 40 16 4 6
+3 12 8
fi=(309)
940 12
+2 8
+1 8
fe=(298)
142 8 4 4 0 2
cfn=(2072) _IO_file_close
calls=4 1164 
* 36 8 0 8 0 0 1
* 4 0 0 4 0 0 1
+3 12 4
+8 20 0 4 4 0 0 1
cfi=(244)
cfn=(1204) _IO_setb
calls=4 329 
* 335 91 54 9 1 0 6
+1 4
+3 4
-3 12 0 12
+3 4 0 4
cfi=(244)
cfn=(2064) _IO_un_link
calls=4 53 
* 16 8
+5 4
-4 4 0 4
+1 4 0 4
+3 4 0 0 4 0 0 1
-2 4 0 4
+3 20 16

fn=(2072)
1164 4 0 0 4 0 0 1
+3 8 4
cfi=(263)
cfn=(1266)
calls=4 25 
* 24 4 0 4

fn=(2622) _IO_file_xsputn@@GLIBC_2.2.5
1197 380 0 304 11 0 0 1
+7 76
-7 228 0 152
+6 304
+9 152 76 0 0 5 0 0 1
-2 304 76
+17 228 76
+1 55 0 0 7
+3 165
+2 55
+2 55
+2 110
-2 55
+1 55
+1 55
-2 55 0 55
cob=(2)
cfi=(51)
cfn=(1190) 0x0000000004bfd3e0
calls=55 0 
* 890 226 114 3 1 5 0 0 1
* 55 0 55
+4 110
+28 684 532 0 6 0 0 1
-36 21 0 0 6 0 0 1
+12 21 21
fi=(309)
940 63
+2 42 0 0 6 0 0 1
+1 42
fe=(298)
1243 63 21 21
cfn=(2624)
calls=21 731 
* 977 222 131 37 2 1 6 0 1
* 42
+6 42 42
+1 67
+2 42
+11 63 0 0 6 0 0 1
+1 4 0 1
cfi=(244)
cfn=(1212) _IO_default_xsputn
calls=1 371 
* 62 14 11 7 0 1 0 0 1
+2 3
443 20 20 0 5 0 0 1
-10 40 20
+7 80 40
fi=(309)
942 40 0 0 5 0 0 1
+1 40
fe=(298)
448 100 20 40 5 0 0 1
cfn=(2658)
calls=20 1173 
* 920 200 100 25
+1 20 20
-1 20
+1 100 20
+2 20 20
+4 40 20
-3 40 0 20 5 0 0 1
-1 40 0 40
+4 40
-2 20 0 20
1256 40
-1 40
454 40 20 0 5 0 0 1

fn=(2034)
1130 9 0 0 2 0 0 1
+1 9 9
+2 9 9
-1 9
+1 9 0 0 2 0 0 1
-1 9
cfi=(258) ./io/../sysdeps/unix/sysv/linux/read_nocancel.c
cfn=(1254) __read_nocancel
calls=9 25 
* 54 9 0 2

fn=(2658)
1173 756 0 432 13 0 0 1
+2 648
+5 108 0 108
cfi=(365) ./io/../sysdeps/unix/sysv/linux/write.c
cfn=(2660) write
calls=108 25 
* 972 216 0 30 0 0 2
+1 216
+5 108
+1 108
-12 216
+4 324 108 0 13 0 0 1
+1 216 108
+10 324 108
+3 648 540
-4 324 0 0 11 0 0 1

fn=(5066) _IO_file_setbuf@@GLIBC_2.2.5
381 3 0 1 1
+1 1 0 1
cfi=(244)
cfn=(5068) _IO_default_setbuf
calls=1 +70 
* 69 16 14 4 0 0 4
* 2
+3 1 1
+4 2
-2 3 0 3 1 0 0 1
+3 2 2

fn=(1992) _IO_new_file_init_internal
106 4 0 0 4 0 0 1
+5 4 0 4
-5 8 0 4
+4 4 0 4
+3 4 0 4
cfi=(244)
cfn=(1994) _IO_link_in
calls=4 -26 
* 416 124 132 36 12 0 9 1
+1 4 0 4
+1 8 8

fn=(2002)
182 8 0 4 4 0 0 1
+3 4
-3 28 0 8
+2 8 4
+4 2 0 2
cfi=(366) ./io/../sysdeps/unix/sysv/linux/open64.c
cfn=(2784) open
calls=2 30 
* 71 15 11 7 0 0 4
* 2
+1 8 0 0 4 0 0 1
+3 8 4
+3 4
-4 4 0 4
+1 16 0 4
+3 8
+10 8 0 4 4 0 0 1
cfi=(244)
cfn=(1994)
calls=4 87 
* 96 40 24
+1 4
+1 16 16
-22 2 0 2 2 0 0 1
cfi=(257) ./io/../sysdeps/unix/sysv/linux/open64_nocancel.c
cfn=(1252) __open_nocancel
calls=2 28 
* 54 8 4 4
* 4

fn=(2026) _IO_file_stat
1146 3 0 0 2 0 0 1
+1 6 3
cfi=(302) ./io/../sysdeps/unix/sysv/linux/fstat64.c
cfn=(2012) fstat
calls=3 29 
* 45 3 0 6

fn=(2654) _IO_file_sync@@GLIBC_2.2.5
792 1245 0 498 13 0 0 1
+5 996 498 0 14 1 0 1
+1 189 63
+1 249 249
+1 498 249
+11 498 0 249 14 0 0 1
+4 996 747
-17 126 0 63 7 0 0 1
cfn=(2626)
calls=63 423 
* 6930 1701 1008 100 0 0 10
* 126

fl=(160) ./ctype/./ctype/ctype-info.c
fn=(526) __ctype_init
29 1 0 0 1 0 0 1
+2 7 5 1 0 4
+2 4 2 1 0 1
+2 4 2 1 1 0 0 1
+1 1 1

fl=(238) ./locale/./locale/localename.c
fn=(1176) __current_locale_name
24 8 0 0 1 0 0 1
+1 32 24 0 1 1 0 1
+1 8 8

fl=(243) ./libio/./libio/vasprintf.c
fn=(1196) __vasprintf_internal
34 22 0 12 1 0 0 1
+11 2
-11 14 6 4 1 0 0 1
+11 2 0 2
cob=(2)
cfi=(51)
cfn=(1098) 0x0000000004bfd380
calls=2 -45 
* 90 24 12
+1 4
+5 14 0 0 2 0 0 1
-2 2 0 2
+2 2 0 2
cfi=(244)
cfn=(1198)
calls=2 563 
* 92 16 36 7 1 0 5 1
+2 6
-1 2
+1 2
-1 2 0 2
+1 2 0 2
cfi=(245)
cfn=(1202)
calls=2 -17 
* 144 24 30 7 0 0 6
+2 2 2
+2 8 0 0 1 0 0 1
-3 2 0 2
+1 2 0 2
+2 2 0 2
cfi=(246)
cfn=(1206)
calls=2 1180 
* 4285 827 590 67 12 18 50 7 6
* 2
+1 4
+7 2 2
+1 2 2
-1 2 2
+1 2 2
-1 2
+2 2
-7 2 2 0 1 0 0 1
+7 4
+16 2 0 2
+2 24 18
-14 4 0 2 1 0 0 1
cob=(2)
cfi=(51)
cfn=(1098)
calls=2 -71 
* 370 70 56 6 1 2 0 0 2
* 4 0 2
+1 4
+2 6 0 2
cob=(2)
cfi=(51)
cfn=(1136)
calls=2 -74 
* 64 22 16 2 0 2 1 0 2
+1 4 0 2
cob=(2)
cfi=(51)
cfn=(1120)
calls=2 -75 
* 182 58 30 0 1
+6 6 2

fl=(307) ./libio/./libio/fseek.c
fn=(2038) fseek
32 9 0 4 1 0 0 1
+3 3 1
+1 5 0 1 2 0 0 2
cfi=(308) ./libio/./libio/ioseekoff.c
cfn=(2040) _IO_seekoff_unlocked
calls=1 -3 
* 122 35 18 17 0 0 17
* 4
fi=(309)
883 2 1
fe=(307)
39 6 5 0 1 0 0 1

fl=(330) ./debug/./debug/vsnprintf_chk.c
fn=(2256) __vsnprintf_chk
26 4 0 0 1 0 0 1
+1 16
+5 16
+2 8 0 0 1 0 0 1
cfi=(318)
cfn=(2170)
calls=4 +61 
* 7133 1397 1069 45 8 0 15 1

fl=(224) ./elf/./elf/dl-sym.c
fn=(1084) _dl_sym
194 55 5 25 3 0 0 1
88 5 0 5
+7 10 0 0 2 0 0 1
+34 10
+24 45 5 10
-60 5
+60 5 5 5
cob=(1)
cfi=(79)
cfn=(284)
calls=5 840 
* 8516 1747 761 102 75 4 23 7 3

fl=(324) ./stdlib/../sysdeps/x86_64/mul_1.S
fn=(2184) __mpn_mul_1
31 14195 0 0 49 0 0 1
+1 14195 0 14195
+3 14195
+1 14195 14195
+1 14195
+1 14195
+1 14195
+2 14195
+1 14195
+2 14195
+1 14195
+1 14195 0 0 70 0 0 1
+1 14195
+1 12670
+2 12657
+1 12657
+1 12657 0 12657
+1 12657
+19 13
+1 13
+1 13
+1 13
+1 13
+1 13
+2 1525 0 0 49 0 0 1
+1 1525
+1 1525
+1 1525
+1 1525
+1 1525
+1 1525 1525
+1 1525
+1 1525
+17 13 13 0 6 0 0 1
+1 13
+1 13 0 13
+1 13
+1 13
+1 13
+1 13 13
+1 13
+1 13
+1 13
+1 13
+1 13
-2 1525 0 0 51 0 0 1
+1 1525
+1 1525
+2 1538 0 1538
+1 1538
+1 1538
+1 1538 0 1538
+1 1538
+1 1538
+2 1538 1538
+3 1538 1538
-5 12657 0 0 2
+2 12657 12657
+3 12657 12657

fl=(208) ./string/../sysdeps/x86_64/multiarch/strcmp-avx2.S
fn=(942) __strncmp_avx2
83 2 0 0 1 0 0 1
+3 2
+1 2
+1 2
+16 2
+2 2
+1 2
+2 2
+1 2
+1 2
+1 2
+1 2
+2 2 2
+1 2 2
+1 2
+1 2 0 0 1 0 0 1
+1 2
+1 2
+1 2
+1 2
+4 2
+1 2
+13 2 2
+1 2 2
+1 2
+3 4 2

fn=(2288) __strcmp_avx2
83 186 0 0 17 0 0 1
+23 186
+1 186
+2 186
+1 186
+1 186
+1 186
+1 186
+2 144 144 0 0 3 0 0 2
+1 144 144 0 0 11 0 0 2
+1 144
+1 144
+1 144
+1 144
+1 144
+1 144
+18 144 144
+1 144 144 0 10 0 0 1
+1 144
+3 288 144
718 42
+1 42
+4 42
+11 42 42
+1 42 42
+1 42
+2 84 42
+10 42 0 0 5 0 0 1
+1 42
+23 42 0 0 3 0 0 1
+1 42
+1 42 42
+1 42 42
+1 42
+1 42
+1 42
+1 42
+1 42

fl=(244)
fn=(1200) _IO_old_init
531 1524 0 0 53 0 0 1
+3 1524 1524 0 0 53 0 0 1
-2 1524
+2 1524
+5 1524
-7 1524 0 1524
+2 1524
+10 1524 0 1524 52 0 4 1 0 1
-10 1524
+16 1524
-11 1524 0 1524 0 0 3
-5 1524
+16 1524 0 1524
-16 1524 0 1524
+21 1524 1524
-16 7620 0 7620 0 0 2
+16 3048
+1 8 0 8 0 0 4 0 0 1
+2 1524 1524

fn=(2018)
409 30 0 15 1
fi=(309)
940 45
fe=(244)
409 15
+2 15 15
fi=(309)
942 30
+1 30
fe=(244)
411 15 15 0 0 1
+1 30 15 0 1 0 0 1
-1 15
cfi=(298)
cfn=(2020)
calls=15 1272 
* 1616 433 297 38 25 22 33 21 22

fn=(2028)
269 45 0 18 2 0 0 1
+1 29 9 2 2 0 0 1
+5 27 9
+3 9 9
173 9 9
278 18
+2 18
+6 18 9
+7 9 9 0 2 0 0 1
fi=(309)
940 27
+2 18
+1 18
fe=(244)
293 9 9 0 0 2
+1 9
-1 9
+1 18 18
-1 9
cfi=(298)
cfn=(2030)
calls=9 461 
* 1195 325 216 36 3 1 11 0 1
-23 14
+21 27 9 0 2 0 0 1

fn=(2032)
164 45 0 18 2 0 0 1
+1 27 18
+3 27 9 0 2 0 0 1
+4 18 9 9
+1 18 9 0 2 0 0 1
+7 9
-4 9 0 9
+4 9 0 9
-2 18 0 18
+3 9
+1 36 27

fn=(1204)
329 13761 0 3058 54 0 29 1
+1 6120 3058 0 57 0 0 1
+5 3058
-3 1529 0 1529
+3 6116 0 1529
+3 6118 4587 2
-7 2 0 2
cob=(2)
cfi=(51)
cfn=(1120)
calls=2 0 
* 225 67 34 6 1 0 6
+4 6 4

fn=(2046)
960 10 0 5 4 0 0 1
+2 5 5
-2 5
+2 5
+5 15 5 0 4 0 0 1
+2 10 10

fn=(5060) _IO_flush_all_lockp
686 12 1 7 2 0 0 2
+5 6 0 3
cfi=(299) ./nptl/./nptl/libc-cleanup.c
cfn=(1996) __libc_cleanup_push_defer
calls=1 24 
* 10 3 4 1 1
+1 9 3 2 1 1 0 1
+3 1 1 0 0 1
-8 1
+5 2 0 1
+3 2
fi=(309)
940 4 0 0 1 0 0 1
fe=(244)
709 6 0 0 1 0 0 1
+2 3 0 3
-16 9 3 0 0 3
+2 3 0 3 1 0 0 1
+1 6
+3 21 9 0 2 5 0 2 1
+14 9 2 3
+1 2 0 1 1 0 0 1
cfi=(299)
cfn=(1998) __libc_cleanup_pop_restore
calls=1 39 
* 8 3 2 1
+4 12 9

fn=(1212)
371 2923 0 0 51 0 0 1
+3 5846
-3 88 0 44 0 0 1
fi=(309)
940 11
fe=(244)
371 11 0 11
fi=(309)
940 11
fe=(244)
371 11 0 11
fi=(309)
940 11
fe=(244)
371 22
+18 14
+8 13 0 0 2 0 0 1
+2 28 2
fi=(309)
942 4
+1 4
fe=(244)
399 8 4 2
cfi=(245)
cfn=(1214) _IO_str_overflow
calls=2 82 
* 766 175 138 15 1 10 7 0 6
* 4
+2 2
-22 54 26 0 2 0 0 1
+2 39
+3 26
+2 24 0 12 0 0 2
cob=(2)
cfi=(51)
cfn=(1190)
calls=6 0 
* 112 30 16 2 0 1 0 0 1
+1 6 6
-1 6 0 6
+1 12
+17 11 0 0 2 0 0 1
-29 11
+29 77 77 0 2 0 0 1
-11 60
+1 1 1
-1 3 0 0 1 0 0 1
+1 1 0 1
-1 2
+1 4 2 2
-1 4
+1 2 1 1
-1 2
+1 2 1 1
-1 2
+1 2 1 1
-1 2
+1 32 1 8 1 0 0 1
-1 2915 0 0 51 0 0 1
+11 2912 2912
-11 10
+1 10 5 5
-1 15
+1 20 10 10
-1 35 0 0 2 0 0 1

fn=(1994)
87 56 0 40 4 0 0 1
+1 8 8
-1 24 8 8
+1 24
+18 80 64
-16 4 0 0 4 0 0 1
+2 12
-2 4 0 4
+2 4
+1 4
-1 12 0 12 4 0 0 1
cfi=(299)
cfn=(1996)
calls=4 -68 
* 40 12 16 4 5 0 1
+1 36 12 8 4 3 0 1 1
+2 4 4
-1 4 0 4
-1 8 0 4
+2 40 16 4 4 0 0 1
+5 4 4
-3 4 4 0 0 4
-2 8 0 8
+3 4 0 4
-1 4 0 4
+3 48 16 12 4 0 0 1
+1 4 0 4 4 0 0 1
+1 28 4 12
+1 8 0 4
cfi=(299)
cfn=(1998)
calls=4 -64 
* 32 12 8 4 0 0 1
+3 4

fn=(2064)
53 8 0 0 4 0 0 1
+1 16 8
+28 8 4 0 2
cfn=(2066) __GI__IO_un_link.part.0
calls=4 -30 
* 372 104 112 34 14 0 8

fn=(2066)
52 8 0 8 4 0 0 1
+7 4
-7 28 4 12 4 0 0 1
+6 24 0 12
cfi=(299)
cfn=(1996)
calls=4 -34 
* 40 12 16 2 4
+1 36 12 8 4 2 0 1
+2 4 4
-1 4 0 4
-1 8 0 4
+2 26 6 2 4 4 0 1
+13 2 2
-13 2 2
+2 2 2 0 0 2
+13 2 0 0 2
-15 4 0 4
+15 2
-13 4
+3 4 4 0 2 2 0 1
-1 8
+1 4 0 4
+8 8 0 4
+2 26 6 6 2
+2 8 4 0 2 0 0 1
-1 4 0 4
+1 28 4 12 2
+1 8 0 4
cfi=(299)
cfn=(1998)
calls=4 -40 
* 32 12 8 2
+3 36 28
-19 6 2 0 4 0 0 2

fn=(2022)
343 4 0 0 3 0 0 1
+1 8 4
-1 12 0 12
+3 19 5
+1 3 3
fi=(309)
940 9 0 0 3 0 0 1
+2 6
+1 6
fe=(244)
347 6 3 3 0 1
cfi=(305) ./libio/./libio/filedoalloc.c
cfn=(2024) _IO_file_doallocate
calls=3 78 
* 847 158 119 28 6 3 5 0 3
* 6
-10 1
-5 2
+5 1 0 1
-5 2 0 1
+18 16 16 0 3 0 0 1
-1 2 0 0 1
-19 1

fn=(4404)
199 75 0 25 5 0 0 1
+2 75 25
+2 25 25
fi=(309)
940 75
+2 50
+1 50
fe=(244)
203 25 25 0 5
+1 50 25
-1 25
cfi=(298)
cfn=(2624)
calls=25 731 
* 3625 925 550 34 0 0 1

fn=(5068)
452 2 0 1 1 0 0 1
fi=(309)
940 1
fe=(244)
452 2 0 1 1 0 0 1
fi=(309)
940 1
fe=(244)
452 1 0 1
fi=(309)
940 1
fe=(244)
452 4 0 1
+1 1 1
fi=(309)
942 2
+1 2
fe=(244)
453 2 1 1
cfi=(298)
cfn=(2654)
calls=1 792 
* 18 7 3
* 2
+4 1 1
330 1 1 0 1 0 0 1
462 1
-7 2
332 2
+5 1
-5 1
+5 1 0 1
467 1
332 1 0 1
466 4 0 3
+2 6 5
-11 1 0 0 1 0 0 1
+1 2
-1 1 0 1
330 4

fn=(2506) _IO_sputbackc
635 1320 0 528 1 0 0 1
+3 792 528 0 1 0 0 1
+1 528 264
+9 264 0 264
+3 1056 792
-10 528 0 264 1 0 0 1
+1 264
+5 264

fn=(5058)
863 2 0 1 1 0 0 1
+3 1
-3 9 1 6
-77 1
+80 1 0 1
cfn=(5060)
calls=1 686 
* 126 34 29 11 11 0 9 1
-80 2 0 1 1 0 0 1
+80 1
-80 3 0 2
cfi=(299)
cfn=(1996)
calls=1 24 
* 10 3 4
+1 9 3 2 1 0 0 1
+3 1 1
-3 2 0 1
+3 2
fi=(309)
940 4
fe=(244)
838 3 0 3
-48 9 3
+9 9 3 0 1 1 0 1
+2 6 2
+6 13 4 3 1 1 0 1
+8 5 2 0 1 1 0 1
+9 1 1
fi=(309)
942 2
+1 2
fe=(244)
824 4 1 1 0 1
cfi=(298)
cfn=(5066)
calls=1 381 
* 83 19 19 6 0 0 5
+2 3 1
+4 5 1 0 1 0 0 1
+1 8 2 3
+11 9 2 3 1 0 0 1
+1 2 0 1
cfi=(299)
cfn=(1998)
calls=1 39 
* 8 3 2
+35 12 9
-59 1 1 0 1 0 0 1
-2 1
+3 1 0 1
-3 1 0 1
+2 3 1 1 1 0 0 1

fn=(2076)
601 12 0 4 4 0 0 1
+2 12 4 0 4 0 0 1
+6 12 4
+3 12 4
54 8 4
624 8 8

fn=(1198)
563 15240 0 6096 69 0 32 1
+1 1524 0 1524
cfn=(1200)
calls=1524 -33 
* 35060 4572 15248 105 53 13 2 1 2
+1 1524 0 1524 0 0 5
+1 3048
+2 4 0 4 4
+4 4
+7 4 0 4 0 0 3 0 0 1
+2 4 0 4 0 0 3
-9 20 0 20 0 0 4 0 0 1
+15 4 0 4
+1 24 20
-1 1520 0 1520 62 0 0 1
+1 9120 7600
-2 3040 0 1520 52 0 0 1

fl=(256)
fn=(1248)
241 2 0 0 1 0 0 1
+2 1 0 1
cfn=(1250) get_nprocs_cpu_online
calls=1 140 
* 393 67 37 26 7 0 26 4
+1 2 0 0 1 0 0 1
+5 2 1

fn=(1250)
140 1 0 1 1 0 0 1
+9 2
-9 10 1 6 1 0 0 1
+9 1 0 1
cfi=(257)
cfn=(1252)
calls=1 28 
* 27 4 2 2 0 0 2
+3 2
+39 12 9
73 6 0 1 1 0 0 1
cfi=(258)
cfn=(1254)
calls=1 -48 
* 6 1 0 1 0 0 1
* 1
+1 2
+5 2
-2 1
+2 1 0 1
cob=(2)
cfi=(51)
cfn=(1256) 0x0000000004bfd420
calls=1 -79 
* 22 3 0 3 0 0 3
+1 2
fi=(262) ./misc/../sysdeps/unix/sysv/linux/not-cancel.h
-21 2 0 1
cfi=(263)
cfn=(1266)
calls=1 -34 
* 6 1 0 1 0 0 1
+1 1
fe=(256)
+46 2 0 0 1 0 0 1
+45 3
+28 3
+3 5 1
+3 2 1
-26 4 0 1 1 0 0 1
cfi=(260) ./stdlib/../stdlib/strtol.c
cfn=(1260) strtoul
calls=1 -54 
* 110 21 11 12 6 0 12 3
+1 1 1
-1 1
+1 2
+7 2 1
+2 1 0 0 1 0 0 1
+1 4 0 1
cfi=(260)
cfn=(1260)
calls=1 -65 
* 137 22 11 0 1 0 0 1
+1 3 1
+7 3
-75 1 0 0 1 0 0 1
+1 2

fl=(264) ./posix/../sysdeps/unix/syscall-template.S
fn=(1272) getpid
91 3 0 0 1 0 0 1
+2 1 1

fl=(395)
fn=(4688)
149 4 0 2 1 0 0 1
+1 4 2
+18 4 3 0 1 0 0 1

fl=(178)
fn=(668)
313 1 0 1 1 0 0 1
fi=(177)
3162 3 0 0 1 0 0 1
fe=(178)
313 5 1 2
+5 1 0 1
fi=(177)
3162 2 0 1
cfi=(179) ./stdlib/../sysdeps/unix/sysv/linux/getrandom.c
cfn=(670) getrandom
calls=1 28 
* 9 2 0 2 0 0 2
* 2
fe=(178)
343 2 1 0 2 1 0 2
+4 3 1 1 0 1 1
fi=(177)
1966 4
+3 1
-3 1
+3 2 0 1 0 0 1 0 0 1
-3 2 0 0 1 0 0 1
+3 126
-3 126
+3 252 0 126 0 0 32 0 0 31
-3 252
fe=(178)
352 3
fi=(177)
1977 1 0 1 0 0 1 0 0 1
+1 1 0 1 0 0 1 0 0 1
+2 1 0 1
fe=(178)
352 1 0 1
cob=(2)
cfi=(51)
cfn=(534) 0x0000000004bfd650
calls=1 0 
* 23 5 1 0 1
+1 4 0 1 1 0 0 1
cob=(2)
cfi=(51)
cfn=(534)
calls=1 0 
* 22 5 1 0 1
+1 4 0 1
cob=(2)
cfi=(51)
cfn=(534)
calls=1 0 
* 23 5 1 0 1
+1 4 0 1
cob=(2)
cfi=(51)
cfn=(534)
calls=1 0 
* 23 5 1 0 1
+1 4 0 1 1 0 0 1
cob=(2)
cfi=(51)
cfn=(534)
calls=1 0 
* 22 5 1 0 2 0 0 1
+1 4 0 1
cob=(2)
cfi=(51)
cfn=(534)
calls=1 0 
* 23 5 1 0 1
+1 4 0 1
cob=(2)
cfi=(51)
cfn=(534)
calls=1 0 
* 23 5 1 0 1
+2 4 0 1 1 0 0 1
cob=(2)
cfi=(51)
cfn=(534)
calls=1 0 
* 23 5 1 0 2 0 0 1
+1 4 0 1
cob=(2)
cfi=(51)
cfn=(534)
calls=1 0 
* 23 5 1 0 2 0 0 1
+1 4 0 1
cob=(2)
cfi=(51)
cfn=(534)
calls=1 0 
* 23 5 1 0 1
+3 4 0 1
cob=(2)
cfi=(51)
cfn=(534)
calls=1 0 
* 23 5 1 0 1
+1 4 0 1 1 0 0 1
cob=(2)
cfi=(51)
cfn=(534)
calls=1 0 
* 23 5 1 0 2 0 0 1
+1 2 1 0 0 1 0 0 1
+63 7 5

fl=(187) ./dlfcn/./dlfcn/dladdr.c
fn=(850) dladdr@@GLIBC_2.34
25 1 0 0 1 0 0 1
fi=(423) ./dlfcn/../sysdeps/generic/ldsodefs.h
1388 1 1
fe=(187)
27 2 1 0 1 1 0 1
+3 3
cfi=(188) ./elf/./elf/dl-addr.c
cfn=(852) _dl_addr
calls=1 +96 
* 11095 2369 173 28 169 0 27 37

fl=(219) ./dlfcn/./dlfcn/dlerror.c
fn=(1164) dlerror@@GLIBC_2.34
33 10 0 6 1 0 0 1
fi=(423)
1388 2 2
fe=(219)
33 6 2 2
+2 4 2
+4 4 4
+3 4 0 0 1 0 0 1
+5 4
+8 6 2
+5 4 2
+13 6 2
+7 2 2
+1 4
-1 2 0 2 1 0 0 1
+1 4 0 2
cfi=(233)
cfn=(1166)
calls=2 -35 
* 1028 224 150 41 15 0 39 5
+2 2 2
-2 18 2 2
cfi=(242) ./stdio-common/./stdio-common/asprintf.c
cfn=(1194) asprintf
calls=2 -55 
* 5447 1087 832 101 15 22 72 8 10
+5 4 2 2 1 0 0 1
+4 2 0 2
+2 4
+12 16 12
fi=(228) ./dlfcn/./dlerror.h
-37 6 2 0 4 0 0 2
fe=(219)
+29 2 2
+1 2 0 2
-1 2 0 2
+2 2
fi=(228)
-44 4 4 2
cob=(1)
cfi=(225)
cfn=(1108)
calls=2 -15 
* 188 58 30 0 1
+7 2
fe=(219)

fn=(1058) _dlerror_run
113 153 0 85 4 0 1 1
+1 17 17 0 0 1
-1 51 17 17 4 0 0 1
+1 17 17
+1 34
+2 14
fi=(228)
-50 25 7
fe=(219)
+64 14 0 7
-10 10 10 0 2 0 0 1
+17 40 10 10 0 3
cob=(1)
cfi=(52)
cfn=(1060)
calls=10 257 
* 18546 4325 2250 274 183 43 72 12 26
* 28 7 7
cob=(1)
cfi=(52)
cfn=(1060)
calls=7 257 
* 2733 720 551 36 4 7 4
+7 17 17
-2 17 17
-5 17
+7 34 0 0 2 0 0 1
+17 21
+6 14 0 7
cob=(2)
cfi=(51)
cfn=(1098)
calls=7 0 
* 459 108 64 2 3 0 1
* 7
+5 7 7
-4 14
+9 7 0 7
+8 14 7
+5 7 7
-6 7 0 7
+3 7 0 7
-2 14 0 7
+5 7
+7 170 136 0 2 0 0 1
-6 7 0 7 3 0 0 1
+4 14
fi=(228)
76 2 0 2
-1 6 2 4 2 0 0 1
cob=(2)
cfi=(51)
cfn=(1120)
calls=2 -75 
* 182 58 30 0 0 1
+1 8 6
fe=(219)
+80 10 0 0 2 0 0 1
-5 41 7 7
+3 7
-1 7 0 7
+1 7 0 7
cob=(2)
cfi=(51)
cfn=(1120)
calls=7 0 
* 637 203 105 2 1 0 1
* 14 7
fi=(228)
54 25 15 15 5 2 0 1
cob=(1)
cfi=(225)
cfn=(1108)
calls=5 -15 
* 470 145 75 15 4 0 12
+7 15 10
fe=(219)

fl=(280) ./wctype/./wctype/wctype_l.c
fn=(1496) wctype_l
26 70 0 50 1 0 0 1
+7 10
-7 30 0 10
+3 10 0 10
cob=(2)
cfi=(51)
cfn=(936) 0x0000000004bfd490
calls=10 -29 
* 160 30 0 2 2 0 0 2
+3 10 10
-3 10
+3 10 10 0 0 1
+1 10
+7 48
+1 96 48
-8 48
+2 96 0 48
cob=(2)
cfi=(51)
cfn=(936)
calls=48 -35 
* 768 144 0 0 1 0 0 1
* 20 0 10 1 0 0 1
cob=(2)
cfi=(51)
cfn=(936)
calls=10 -35 
* 160 30 0 0 1 0 0 1
* 58
+2 312 0 49
cob=(2)
cfi=(51)
cfn=(1498) 0x0000000004bfd520
calls=49 -37 
* 1146 274 0 5 1 0 5
* 98
+8 10 10 0 0 1
+1 10 10 0 0 2
+1 80 70

fl=(204) ./nptl/./nptl/pthread_mutexattr_destroy.c
fn=(920) pthread_mutexattr_destroy@@GLIBC_2.34
23 1 0 0 1 0 0 1
+2 2 1

fl=(297) ./libio/./libio/iofopen.c
fn=(1990) fopen@@GLIBC_2.2.5
85 24 0 12 4 0 0 1
-20 4 0 0 4 0 0 1
+20 8 0 4
-20 4 0 4
cob=(2)
cfi=(51)
cfn=(1098)
calls=4 -65 
* 320 71 46 2 11 1 0 0 1
+2 12
+3 4
+2 8
-2 4 0 4 0 0 4 0 0 1
+2 20 0 4 4 0 0 1
cfi=(244)
cfn=(1198)
calls=4 563 
* 220 32 108 14 3 18 0 0 4
+1 4
+1 4
-1 4 0 4
+1 4 0 4
cfi=(298)
cfn=(1992)
calls=4 +32 
* 452 132 152 40 12 0 10 1
+1 20 0 4
cfi=(298)
cfn=(2000)
calls=4 213 
* 878 207 139 77 14 0 23 5
* 8
-38 8 4
+50 28 20 0 4 0 0 1

fl=(393) ./misc/../sysdeps/unix/sysv/linux/writev.c
fn=(4530) writev
25 1 0 0 1 0 0 1
+1 7 1
+1 1 1

fl=(362) ./libio/./libio/iofwrite.c
fn=(2620) fwrite
31 640 0 512 13 0 0 1
+1 128
-1 128 0 128
+1 128
-1 256 0 128
+4 256 0 0 11 0 0 1
+2 1292 380 228 11 21 0 1 1
+1 230 76 2 0 9
+1 2 2
fi=(309)
940 6
+2 4 0 0 2 0 0 1
+1 4
fe=(362)
39 74 74
fi=(309)
940 222
+2 148 0 0 9
+1 148
fe=(362)
39 304 76 76 0 10
cfi=(298)
cfn=(2622)
calls=76 1197 
* 7325 1706 1064 139 8 7 16 1 3
+6 76
-6 76
+6 76
fi=(309)
883 152 76
+1 608 152 228 1
fe=(362)
45 152
+1 76
+3 1152 896 0 4 0 0 1
-11 148 0 0 12

fl=(105)
fn=(350)
31 1
fi=(422)
+1 5 2 0 1 0 0 1
fe=(105)
-1 1 1

fl=(240) ./nptl/./nptl/pthread_rwlock_unlock.c
fn=(1180) pthread_rwlock_unlock@@GLIBC_2.34
30 60 0 24 1 0 0 1
+1 12
+7 12 12
+1 12 12
-1 24
fi=(236) ./nptl/./nptl/pthread_rwlock_common.c
221 36 12
+11 12 12
-11 36 0 0 2 0 0 1
+15 12
+4 36
+14 36 0 12
+5 24
+16 36
fe=(240)
44 60 36
fi=(236)
243 48 0 0 1 0 0 1
+1 24
fe=(240)

fl=(311) ./libio/./libio/ftello.c
fn=(2052) ftello
38 5 0 2 1 0 0 1
+3 3 1
+1 5 0 1 1 0 0 1
cfi=(308)
cfn=(2040)
calls=1 -9 
* 70 22 10 3 0 0 3
+1 1 1
fi=(312) ./libio/../libio/libioP.h
883 2
fe=(311)
43 2
+6 2 0 0 1 0 0 1
+12 4 3
fi=(312)
883 2 0 0 1 0 0 1
fe=(311)

fl=(176) ./stdlib/./stdlib/cxa_atexit.c
fn=(638) __cxa_atexit
69 288 0 128 5 0 0 1
-28 64
+2 192 0 32 0 0 6
+1 64 0 32 5 0 0 1
cfn=(640) __new_exitfn
calls=32 +38 
* 1148 224 161 16 16 3 4
+2 64
+10 32 32
+2 32 0 32
-5 96 32
+3 32 0 32 0 0 16 0 0 13
-1 32 0 32
+4 64 32 32
+1 32
-1 64 0 0 5 0 0 1
+12 192 128

fn=(640)
82 32 0 0 5 0 0 1
+6 64 32
-6 128 0 64
+11 128 32 0 0 5
-10 64
+12 64 32 0 5 6 0 1
+1 155 31 0 0 5
-1 64
-2 1 1
+10 1 0 1
-10 3
+13 62 0 0 4
+25 31
+1 62 0 31
-1 62
+7 31 0 31 0 0 3
+5 31
-4 31 0 31
+4 124 93
-5 1 0 1 1 0 0 1
+5 1
-4 1 0 1
+4 4 3
-18 1 0 1 1 0 0 1
-1 1
+1 1

fl=(223) ./dlfcn/./dlfcn/dlsym.c
fn=(1080) dlsym@@GLIBC_2.34
64 45 5 20 2 0 0 1
fi=(423)
1388 10 10
fe=(223)
65 10 5
+3 5 5
-20 5 0 5 2 0 0 1
+6 5
-7 5 0 5
+5 20 5 5
cfi=(189)
cfn=(854)
calls=5 +25 
* 215 55 25
+2 15 0 5
cfi=(219)
cfn=(1058)
calls=5 +59 
* 9885 2101 1083 115 78 4 28 7 3
+2 5
-2 10 5
+2 5 0 5 2 0 0 1
cfi=(191)
cfn=(862)
calls=5 367 
* 170 35 20
+13 40 25

fn=(1082) dlsym_doit
37 15 0 5 3 0 0 1
+3 20 15 5
cfi=(224)
cfn=(1084)
calls=5 194 
* 8651 1762 806 107 75 4 25 7 3

fl=(273) ./locale/./locale/newlocale.c
fn=(1390) newlocale
43 17 1 8 2 0 0 2
+12 2
+8 2
+3 3
+6 2 0 0 1 0 0 1
277 12 9 0 1 0 0 1
73 1 1 0 1 0 0 1
+2 1
-2 4 1
-17 2 0 1 1 0 0 1
+17 2 1 0 1 0 0 1

fl=(319) ./stdio-common/./stdio-common/printf_fp.c
fn=(2172) __printf_fp
1278 1452 0 0 69 0 0 1
+1 1452 1452
-1 2904
+1 4356 1452
cfn=(2174) __printf_fp_l
calls=1452 216 
* 2314963 477705 300324 11246 719 258 156 12 1

fn=(2192) hack_digit
170 54192 0 27096 1121 0 0 1
+3 61166 23809
+2 12805 12805
+2 25610 25610
-2 25610
+8 1538 0 0 51 0 0 1
+21 2187 0 729
cfi=(324)
cfn=(2184)
calls=729 31 
* 15309 2187 1458
+1 1458
+1 3375 1350 1350
+4 3645 2187
-23 5383 1538 769 46 0 0 1
cfi=(332)
cfn=(2260)
calls=769 46 
* 34453 9054 8384 203 0 46 5
+2 769 769
-2 769
+2 2307 1538 769
+1 769 769
+2 1538 769 769
+1 3076 769 0 40
+1 80 0 40
-1 1578 769
+7 1458
-23 12036 0 0 5 0 0 1
+1 36108
-1 12036 12036
+1 12036 0 12036 9
cfi=(324)
cfn=(2184)
calls=12036 31 
* 254052 36216 24180 15
* 12036 0 12036
+31 12036
+1 60180 36108
-37 60648 10108 10108 36 0 0 1
+37 3715 2229
-11 40 0 40 12 0 0 1
+1 40
+10 200 120

fn=(2174)
216 23232 1452 13068 110 0 59 2
+50 1452 1452
-9 1452 0 1452 0 0 1
+17 1452 0 1452 90 0 4 1
-8 4356
+32 1452 1452
-21 1452
-11 2904 0 1452
+11 2904
fi=(320) ./stdio-common/../include/../locale/localeinfo.h
+38 4356 2904 1452 0 104 1
fe=(319)
-35 2904 1452 1452
+18 2904 0 0 101 0 0 1
+8 1452 0 1452
-72 1452 0 1452 0 0 8
-1 1452 0 1452
388 1452 1452
-1 2904
+15 10 10 0 5 0 0 1
+6 20
-4 10
-12 2904 0 0 54 0 0 1
+4 10244 4381 5 139 106 0 3 2
+19 10 0 0 5 0 0 1
-11 10 0 0 5 0 0 1
+2 5
+2 15
+5 10 0 0 5 0 0 1
+5 15 5 0 5 0 0 1
1272 17424 13068 0 51 0 0 1
396 8682 0 1447 119 0 29 2
cfi=(321) ./stdlib/../sysdeps/ieee754/dbl-64/dbl2mpn.c
cfn=(2178) __mpn_extract_double
calls=1447 33 
* 31852 1447 5788 1150 0 5 2
* 5788
+36 1447 1447
+5 1447
-49 1447 0 1447
+44 5788
+1 1447
+1 2894
+3 17364 0 0 99 0 0 2
+1 1447
-1 1447
+1 4341
-1 1447
+1 2894
-1 1447 0 1447
+1 11576 0 1447 51 0 3 1
+1 1447
-1 2894 0 1447
+1 18811 0 1447 64 0 28 1
+6 1447 0 1447
-6 2894 0 1447 47 0 0 1
+7 2894
+17 93
+4 372
-4 186
+16 186 0 0 44 0 0 1
+11 93 0 0 51 0 0 1
-41 93
+10 93
+31 93 93
-30 651 0 93
+33 279 186
+41 93 93
+1 186 93
-1 93 0 93
+1 279 0 93
cob=(2)
cfi=(51)
cfn=(1136)
calls=93 0 
* 1209 372 186 51 83
+16 651 279
+18 7 7
-9 7
+2 14
-2 1023 0 0 51 0 0 1
+2 2046
-74 2232 2232 0 0 160
-4 1116
+4 4557 93 0 46 40 0 1
-4 93
+4 372
+15 186 186
-13 372
+53 93 93
-2 558 186 93
cfi=(323) ./stdlib/./stdlib/mul.c
cfn=(2182) __mpn_mul
calls=93 48 
* 6975 1488 1302 379 0 51
+5 186 186
+1 186
+7 895 358 358 90 0 0 2
cob=(2)
cfi=(51)
cfn=(1136)
calls=179 0 
* 2327 716 358
+1 537 537
+1 537
+1 179
+3 179
-5 179
+1 179
+1 358
-1 179
+1 179
+5 358 0 0 46 0 0 1
+1 186 93 93
+6 186
+4 93 93
+4 93 93
-4 93 93
+4 186
-4 1014 198 0 44 0 0 1
+6 162
831 1447 1447 0 45 0 0 1
+10 1447 1447 0 0 1
-10 1447 1447
+10 1447 1447
+6 1447 1447
-16 1447 0 1447
+10 2894 1447
+6 1447 0 1447
-6 2894 1447 1447 0 45 0 0 1
+2 2894 0 0 49 0 0 1
+10 2894 1447
+20 8658 0 2886
+1 1443 1443
-13 1443 1443
+13 2886 0 0 48 0 0 1
+1 2124
+13 3129 1043 2086
+7 1043 1043
-8 1043 0 1043
+8 2086 0 1043
+3 6258 3129 1043 8 0 0 1
+3 2086 1043
-6 378 378
-8 378 0 378
+8 756 0 378
+3 2268 1134 378 45
+3 756 378
-3 132 66 22
+3 48 24 0 1
+14 6 2
+1 1447 1447 0 47 0 0 1
-1 5788 1447 1447 1121 0 0 1
+7 1447
fi=(327) ./stdio-common/../sysdeps/pthread/allocalim.h
27 2894 0 1447
cfi=(326) ./nptl/./nptl/alloca_cutoff.c
cfn=(2188) __libc_alloca_cutoff
calls=1447 * 
* 15917 2894 0 136 45 0 2
+2 4341 1447
fe=(319)
932 26046 0 5788 107 0 0 2
+4 1447 1447
-3 1447
+3 5022 1064
+3 2010 804 0 49 0 0 1
-6 1608
+9 1206 0 402 0 0 1
cfn=(2192)
calls=402 170 
* 25056 6405 3769 452 0 46 8
* 780 0 260
cfn=(2192)
calls=260 170 
* 29948 8386 5340 2
* 662 0 662
-3 1324
+3 1608 402 402 40
+4 2412 1206
+2 780 390
-4 390
+4 390 0 390
+14 390 390 0 44
-2 1170 0 390
+1 1560 0 780
+1 780 390
+1 780
-1 1057 1057 0 12 0 0 1
-2 3171 0 1057
+1 4228 0 2114
+1 2114 1057
+1 2114
-1 1486 743
+1 50064 24289 0 56 0 0 1
+3 11439
-1 11439
+2 11439
-1 11439 0 11439
cfn=(2192)
calls=11439 170 
* 597864 145969 79585 1084 0 0 3
* 11439 0 11439
+3 26450
-7 32088 10696
+1 21412 0 0 2 0 0 1
418 105 45 30 10 5 0 2 1
+2 5 5
-2 5
+2 10 5 0 5 0 0 1
+17 2894 0 1447 52 0 0 1
548 279 0 93 87 0 0 1
963 4440 1513 0 40 0 0 1
+15 4341 2894
+1 5788 0 4341 96 0 0 1
cfn=(2192)
calls=1447 170 
* 81370 19980 11070
+2 4341 2894
-2 1447
+2 7235
+2 1320 440
+3 852 426 0 10 0 0 1
-3 417 417
+8 2826 627
-9 269
fi=(328) ./stdio-common/../sysdeps/generic/get-rounding-mode.h
94 269 0 269
+1 1076 269 0 6 0 0 1
-1 1178 0 1178 40
+1 9053 1178 0 39
fi=(329) ./stdio-common/../include/rounding-mode.h
-43 4196
+6 734
fe=(319)
1097 1616
+3 1251
-1 1251
-2 7542 2520 0 45 0 0 1
+7 3938 696
+1 324
+2 4341 1447 0 46 0 0 1
+13 4341 1447 0 49 0 0 1
+2 44 44
+20 22
-20 44 0 0 11 0 0 1
+19 44
+1 22
-1 44 0 22
+5 44
-1 12
+2 12
-1 18
+9 6
+1 12
-1 30
+1 24 0 6
+1 6
+2 18 0 6
+1 18 0 6
+6 12 12
+2 12
-2 18 6
-6 48 0 16
+6 32 32
+2 32
-2 2898 2866 0 61 0 0 1
+2 2850 0 0 63 0 0 1
-2 6257 1425
+2 4955 991 991
+2 7928 1982 0 45 0 0 1
+3 912 0 0 40 0 0 1
+1 1368 456
+6 456 456 0 3
-2 456
+2 7691 3350 0 42 0 0 1
+8 1447 1447 0 45 0 0 1
+7 1447 1447
-7 2894
+7 2894 1447
+5 4341 1447 2894 45 0 0 1
cob=(2)
cfi=(51)
cfn=(936)
calls=1447 0 
* 23152 4341 0 146 45 0 0 1
+2 2894 2894
-2 1447
+2 2894
+5 4341 1447 0 46 0 0 1
+2 1447 1447
-2 1447 0 1447
+2 2894
+11 23152 0 2894 47 0 0 1
+7 17364 4341 4341 46 0 0 1
+3 23966
+3 23966 0 11983
-6 35949
+1 39768 13256 0 45 0 0 1
+1 2546 1273
-2 1273
+2 1273 0 1273
cob=(2)
cfi=(51)
cfn=(1190)
calls=1273 0 
* 25460 3819 1273 105 47
* 1273
-2 2546
+10 8682 7235 0 45 0 0 1
+17 7235
+3 4341 1447 0 73 0 0 1
+11 4341 2894
972 743 743 0 49 0 0 1
-1 743 0 743
+1 1486 0 0 50 0 0 1
+36 651 651 0 48 0 0 1
-5 1953 651
+5 651
-1 651
+1 1302 651
+2 82 0 82
-2 164 82
+3 82
-3 1622 0 0 50 0 0 1
+5 3085 1244
+4 1294 0 647 37
+11 1302 651 0 1 0 0 1
+69 1294
+70 456 456 0 5
+1 912 0 0 40 0 0 1
-1 456
+1 456
+2 456
-2 456 0 456
+2 2280 912
260 912
649 2708 0 0 84 0 0 1
825 1160 0 290
cfi=(322)
cfn=(2180)
calls=290 28 
* 4640 580 290
* 290
+1 1450 580 580 3
+1 580 0 290
551 558 372 186 51 0 0 1
cfi=(331) ./stdlib/./stdlib/cmp.c
cfn=(2258) __mpn_cmp
calls=186 31 
* 2282 578 0 97 0 0 2
+3 186 186
-3 379 0 0 3 0 0 1
856 2 2 0 1 0 0 1
+2 2
-1 2 0 2
+10 2 0 2
-11 4 0 2
1031 12 8 0 2
+3 12 0 0 1 0 0 1
+1 3 0 3
-1 21 4
+3 2
+2 3 0 1
1151 48 0 16 7
840 2890 0 1445 45 0 0 1
1175 2973
855 4 0 4 2 0 0 1
-7 4
+8 16 0 4
+3 16 4 4 2 0 0 1
+2 2 2
+40 2 2
-43 2
-1 2 0 2
+4 2
+2 4 0 2
-7 2 2
+5 2 0 2
-5 2 0 2
+45 4
-27 762 381 0 54
+15 378 378
-1 756 0 378
+1 1134 0 378
665 3192 0 0 63 0 0 2
+5 1064
-5 1064 0 1064 0 0 3 0 0 1
cfi=(322)
cfn=(2180)
calls=1064 28 
* 17024 2128 1064 9 0 0 2
+5 1064 1064
-18 1064 0 1064
+10 1064
+3 1064
+1 1064 1064
+24 1064 0 1064
-20 1064
-4 4256 1064 2128 1062 0 0 1
+3 1064 0 1064
+1 2128 0 1064
+23 2079 1386 0 60 0 0 1
+1 1386
+3 1386 693
+1 693
-1 1386 693
+1 693
+8 693 693
-7 1386
+7 693
-9 693
+2 693
-2 693
+2 693
+7 1386
+22 1707
+61 12748 0 0 47 0 0 1
-2 12748
+2 48892
675 12748 0 0 48 0 0 1
+2 25496 12748 0 0 31 0 0 5
+7 693 693
+1 1386 693
-1 693 693
+4 693 693
-4 693
+2 693 693
-2 1386
+6 2772 0 693 46 0 0 1
cfi=(323)
cfn=(2182)
calls=693 48 
* 52038 11097 9711 104 7 13 10 2
* 693
+5 2079 0 693
+42 1200
-1 600
+1 1200 0 600
+5 1800 0 0 53 0 0 1
-6 600 0 600
+6 600
+3 1800 600
-37 248 0 0 42 0 0 1
+4 248
-2 124 0 124
+2 496 0 124
+16 372 0 0 7 0 0 1
+2 248 124
+1 90
+1 15 10
1174 3192 912 912 39
+3 1982 0 0 42 0 0 1
+77 191372 39768 26512 99 0 0 2
882 22 0 22 12 0 0 1
-4 44 0 22
+3 66 22 22
+2 2982 0 22 45 0 0 1
474 93 0 0 51
-2 93
+2 93
-3 186
+3 186
-3 93
+3 186
-3 93 0 93 0 0 6
cfi=(322)
cfn=(2180)
calls=93 28 
* 1488 186 93 80
+4 837 186 93 47 0 0 1
+1 186
+1 465 93 186 40
260 1982 0 0 12 0 0 1
1043 6 3 0 3 0 0 1
+2 3 3
+1 3 3
-1 3 0 3
+1 12 0 3
+5 3
+36 15 6
947 2057 830 0 158 0 0 1
-3 24
+12 2090 1045 0 17 0 0 1
-1 2090 0 1045 49 0 0 1
-1 1045 0 1045
+2 1045 0 1045
835 2090 0 1045
983 42 28 0 1
+3 2 2
+4 2
-4 4 0 0 2
579 24 0 0 5 0 0 1
+16 12
+1 12 12
-1 24
+1 24
+3 12
+9 12
-9 12
+1 24
+8 12
+31 12 0 0 5 0 0 1
-21 24
+19 12
-1 24
+1 12
-1 36 0 12
cfi=(325) ./stdlib/../sysdeps/x86_64/rshift.S
cfn=(2186) __mpn_rshift
calls=12 28 
* 216 36 24
+4 24 12
-1 12 0 12
+1 48 12 12
cfi=(325)
cfn=(2186)
calls=12 28 
* 216 36 24
+3 12 12
+1 60 24
-1 210 0 93 40
791 3150 1050 0 52 0 0 2
+4 3220 1932 644
cfi=(324)
cfn=(2184)
calls=644 31 
* 21280 2580 1936 2
+4 1288 644
+1 644
-4 644 644
+4 1288 644
-4 644 0 644
+3 644 644 0 45 0 0 1
+1 2576
+3 1
-1 2 1
+1 1
-1 2 0 1
cfi=(322)
cfn=(2180)
calls=1 28 
* 20 3 2 1
+2 2
+1 5 2 2
+4 1 1
+1 1 0 1
-1 1 0 1
+4 3 1 1
-4 643 643 0 1
+1 643 0 643
-1 643 0 643
+4 4636 1063 1063 45 0 0 1
1203 2894
868 6 0 2 1 0 0 1
-89 1174 0 587 45 0 0 1
cfi=(325)
cfn=(2186)
calls=587 28 
* 10602 1770 1183 27 0 0 5
+3 587 587
+7 587 587
-7 1761 0 587
1013 11 5 0 4 0 0 2
+84 8 8 0 2
-79 4 4
+10 4 4
-10 10 3
1171 28 14 0 11 0 0 1
608 81 0 0 41 0 0 1
-3 81
+3 567 0 0 41 0 0 1
+16 162
+2 81
-2 81 0 81
cfi=(325)
cfn=(2186)
calls=81 28 
* 1458 243 162 122
+3 162 81
-1 81
+1 81 81
-1 81 0 81
+1 243 0 81
cfi=(325)
cfn=(2186)
calls=81 28 
* 1458 243 162
+2 486 243 0 41 0 0 1
1122 76 19 0 35 0 0 2
+20 38
808 1929 643 643 50 0 0 1
cfi=(325)
cfn=(2186)
calls=643 28 
* 11590 1933 1290
* 643
-62 1200 0 0 59 0 0 1
+10 600
-3 600
+3 2974 587
+13 1761
-7 39 13 0 12 0 0 1
+1 13
-1 13 0 13
cfi=(322)
cfn=(2180)
calls=13 28 
* 260 39 26 6 0 0 1
+3 13 13
+24 13 13
-27 13
+2 39 13 13
+1 26 0 13

fl=(321)
fn=(2178)
33 4341 0 0 1086 0 0 1
+4 2894
-2 1447
+2 1447 0 1447
+1 7235 0 1447
+9 2894
+9 1447 0 0 64 0 0 1
-9 1447 0 1447 0 0 5
+9 2894
+4 36
+2 18 0 18
+45 36 18
-4 1429
+4 1429
-4 1429 0 1429
+4 1429 1429

fl=(316) ./libio/./libio/iofclose.c
fn=(2062) fclose@@GLIBC_2.2.5
34 20 0 12 4 0 0 1
+14 12 4 0 4 1 0 1
fi=(309)
883 8
+1 12 4 4
fe=(316)
57 4 4
fi=(309)
940 12 0 0 4 0 0 1
+2 8
+1 8
fe=(316)
57 12 4 4 0 2
cfi=(298)
cfn=(2074)
calls=4 168 
* 116 36 12 20 0 0 5
+1 12 4
+13 8 4
fi=(309)
855 16 8 0 0 5
+1 16 4 0 0 2
+6 8 0 4
cob=(2)
cfi=(51)
cfn=(1120)
calls=4 0 
* 364 116 60 2 3
fe=(316)
76 20 16
-27 4 0 4 4 0 0 1
cfi=(244)
cfn=(2064)
calls=4 +4 
* 388 108 112 40 14 0 9
+2 30 12 2 2
+1 2 2
-1 4 0 4
fi=(309)
883 4
fe=(316)
52 4 0 0 2
fi=(309)
883 4 0 0 2 0 0 1
fe=(316)
52 4 0 0 2 0 0 1
+1 8 0 4
cfi=(298)
cfn=(2070)
calls=4 +75 
* 639 163 110 43 3 0 12
fi=(309)
883 4 4
fe=(316)
53 4
fi=(309)
883 8
+1 8 2 4
fe=(316)

fl=(235) ./nptl/./nptl/pthread_rwlock_rdlock.c
fn=(1170) pthread_rwlock_rdlock@@GLIBC_2.34
23 60 0 36 1 0 0 1
+1 12
fi=(236)
298 48 24 0 0 3
+12 24 12 0 0 3
+43 24 12 12
+2 12
+15 24
+20 24 0 0 1 0 0 1
fi=(237) ./nptl/../sysdeps/nptl/futex-internal.h
213 12
fe=(235)
27 12
+2 60 48

fl=(170) ./misc/./misc/init-misc.c
fn=(582) __init_misc
30 1 0 0 1 0 0 1
+1 2
-1 4 0 2 1 0 0 1
+1 3 1
+2 3 0 1
cob=(2)
cfi=(51)
cfn=(584) 0x0000000004bfd5f0
calls=1 -33 
* 66 5 0 6 2 0 6 1
+4 5 1 1 0 0 1
+1 3 2 1
+2 4 3

fl=(257)
fn=(1252)
28 6 0 0 3 0 0 1
+3 3
-3 18 3 6
+3 18 0 0 3 0 0 1
+8 21
+2 15 9

fl=(259) ./string/../sysdeps/x86_64/multiarch/memchr-avx2.S
fn=(2502) __rawmemchr_avx2
60 66 0 0 1 0 0 1
+12 66
+1 66
+2 66
+1 66
+1 66
+1 66
+3 66 66
+1 66
+6 66
+1 66
+61 19
+1 19
+1 19
+1 38 19
+11 36
+1 36
+1 36
+1 72 36
+5 11 0 0 1 0 0 1
+1 11
+1 11
+1 22 11
+20 66 0 0 1 0 0 1
+4 66 66
+1 66
+6 66
+1 66
+2 47 47
+1 47
+1 47
+1 47
+2 47 47
+1 47
+1 47
+1 47
+2 11 11
+1 11
+1 11
+1 11

fn=(1258) __memchr_avx2
60 1545 0 0 52 0 0 1
+7 1545
+2 1545
+3 1545
+1 1545
+2 1545
+1 1545
+1 1545
+1 1545
+3 1543 1543 0 0 4 0 0 4
+1 1543
+3 1543
+1 1543
+2 73
+1 73
+1 5
+1 5
+1 10 5
+6 1470 0 0 56 0 0 1
+5 1470
+1 1470
+1 1470
+1 1470
+1 2940 1470
+11 2
+3 2
+1 2 2
+1 2
+4 2
+1 2
+7 2
+3 2
+1 2
+2 2
+1 2
+8 12 0 0 1 0 0 1
+1 12
+1 12
+1 24 12
+4 8
+1 8
+1 8
+1 16 8
+4 15
+1 15
+1 15
+1 30 15
+5 24
+1 24
+1 24
+1 48 24
+10 70 0 0 2 0 0 1
+1 70
+1 70
+2 70
+10 70 70 0 2 1 0 1 1
+1 70
+3 70
+1 70
+2 62
+1 62
+2 50 50 0 0 3 0 0 3
+1 50
+1 50
+1 50
+2 42 42 0 0 4 0 0 4
+1 42
+1 42
+1 42
+2 27 27 0 0 3 0 0 3
+1 27
+1 27
+1 27
+4 3 0 0 1 0 0 1
+1 3
+3 3
+1 3
+1 3
+1 3
+5 6
+10 3 3
+1 3 3
+1 3 3
+1 3 3
+1 3
+1 3
+1 3
+2 3
+6 3
+1 3
+18 8 0 0 2 0 0 1
+1 8
+3 7
+1 7
+4 3
+1 3
+3 3 3
+1 3
+1 3
+1 3 0 0 3 0 0 1
+1 3
+12 3
+1 3
+1 3
+2 3
+1 3
+1 3
+2 2
+2 2
+1 2
+1 2
+4 2
+2 2
+1 4 2
+5 1
+2 1
+2 1
+1 1
+1 1
+1 1
+1 2 1
+3 3 0 0 2 0 0 1
+1 6 3
+16 1 0 0 1 0 0 1
+4 1
+2 1
+1 2 1
+21 4 4
+1 4
+1 4
+1 4
+2 4 4 0 1 0 0 1
+1 4
+3 4
+1 4
+3 4
+1 4
+4 3
+1 3
+2 1 1
+1 1
+2 1
+1 1
+1 1
+1 1
+1 1
+1 1
+2 6 3
+4 1
+1 1
+1 1
+1 2 1

fl=(169)
fn=(580)
46 4 0 1 1 0 0 1
+5 2 1 0 1 0 0 1
+4 5 4 0 0 2
+8 1 1 0 0 1
-2 1 0 1 0 0 1
+10 1
-9 1 0 1
+1 1 0 1 0 0 1 0 0 1
+9 2 1
-1 1
cfi=(170)
cfn=(582)
calls=1 -41 
* 91 12 5 8 2 1 8 1

fl=(87)
fn=(306)
29 1 0 0 1 0 0 1
fi=(88) ./wcsmbs/../sysdeps/x86_64/multiarch/ifunc-wcslen.h
+5 4 2
-1 2
+2 3 1 0 1 0 0 1
+2 2
+4 3
+3 3
fe=(87)
-15 1 1

fl=(99)
fn=(336)
30 1
fi=(95) ./wcsmbs/../sysdeps/x86_64/multiarch/ifunc-avx2.h
+3 5 2 0 1 0 0 1
-1 2
+2 3 1
+2 2
+4 3
+3 4 0 0 1 0 0 1
fe=(99)
-13 1 1

fl=(159)
fn=(524)
33 7 1 2 1 0 0 1
+2 1 0 1
cfi=(160)
cfn=(526)
calls=1 -6 
* 17 10 3 2 5 0 2
+3 1 1 0 1 1 0 1
fi=(162) ./elf/../sysdeps/nptl/pthread_early_init.h
-5 2
fe=(159)
+8 1 0 1 0 0 1 0 0 1
-3 1 0 1 0 0 1
fi=(162)
-5 1 0 1
cfi=(161) ./resource/../sysdeps/unix/sysv/linux/getrlimit64.c
cfn=(528) getrlimit
calls=1 +5 
* 10 1 0 1 0 0 1
* 3
+1 6 1
+11 1 1 0 1 1 0 1
fi=(424) ./elf/../nptl/nptl-stack.h
+13 3 2 0 0 1
fi=(162)
-13 1 1
fi=(424)
+13 2
fi=(162)
-4 1 0 1 0 0 1 0 0 1
fi=(424)
+4 2
fi=(162)
-6 1
fi=(424)
+6 1
fi=(162)
-12 1
+6 6 0 1 1 0 0 1
+1 1 0 1
+4 1 0 1
cfi=(163) ./nptl/./nptl/pthread_mutex_conf.c
cfn=(532) __pthread_tunables_init
calls=1 -7 
* 1060 344 153 16 14 13 16 0 2
fe=(159)
-10 3 2
+2 2 1
-2 1
cfi=(166) ./nptl/../sysdeps/unix/sysv/linux/x86/elision-conf.c
cfn=(546) __lll_elision_init
calls=1 +49 
* 147 31 13 3 10 1 3 5 1

fl=(202) ./nptl/./nptl/pthread_mutexattr_settype.c
fn=(912) pthread_mutexattr_settype@@GLIBC_2.34
24 1 0 0 1 0 0 1
+4 1
-1 2
+6 3
+4 4 1 1
+2 1
+1 1 1

fl=(325)
fn=(2186)
28 1416 0 0 45 0 0 1
+1 1416
+1 1416
+1 1416
+13 1416 0 0 46 0 0 1
+1 1416
+16 1416 0 0 50 0 0 1
+1 1403 1403
+1 1403 1403
+1 1403
+1 1403
+1 1403
+1 1403
+5 1403
+1 1403 0 1403
+1 1403
+1 1403 0 1403
+1 1403 1403
+4 13 13 0 4 0 0 1
+1 13 13
+1 13
+1 13
+1 13 13
+1 13
+1 13
+1 13
+20 13 0 0 4 0 0 1
+1 13 0 13
+1 13
+1 13 0 13
+1 13
+1 13 0 13
+1 13 13

fl=(295) ./string/./string/strdup.c
fn=(1986) strdup
40 5 0 2 1 0 0 1
+1 1 0 1 1 0 0 1
cob=(2)
cfi=(51)
cfn=(936)
calls=1 -41 
* 16 3
* 1
+1 2 0 1
cob=(2)
cfi=(51)
cfn=(1098)
calls=1 -42 
* 45 12 6 1 1
+2 2
+4 1
-1 3
+1 2 2
-1 1
cob=(2)
cfi=(51)
cfn=(1136)
calls=1 -47 
* 15 4 2 1 1

fl=(300)
fn=(2004)
77 32 0 24 4 0 0 1
+5 4 4 0 0 4
-5 12 4 4
+5 8
+2 16 0 4
cob=(2)
cfi=(51)
cfn=(2006) 0x0000000004bfd600
calls=4 -84 
* 92 16 0 11 2 0 2
* 4 0 0 4 0 0 1
+1 8
+44 4 0 0 4 0 0 1
+32 48 36

fl=(301) ./libio/./libio/fileno.c
fn=(2010) fileno
32 346 0 0 18 0 0 1
+3 1730 692 0 0 28
+7 346 346

fl=(372) ./stdlib/./stdlib/strtod_l.c
fn=(3262) ____strtod_l_internal
508 7 0 4 2 0 0 2
+45 1
-45 4 0 3
+53 3 2 1 0 1
+26 1
-24 2
+32 3 1 2 0 1
+1 3 0 2 1 0 0 1
cob=(2)
cfi=(51)
cfn=(936)
calls=1 0 
* 16 3 0 1 2
+1 3 2
-1 1 0 1
+1 2 1
+4 1 0 1
+10 1 1 0 0 1
-4 2
+3 4 1 0 1 0 0 1
+1 2 1 0 0 1
+3 2
-12 1 0 1
+17 2
+13 6 1
+1 2 1 0 1 0 0 1
+8 3
1770 11 9 0 1 0 0 1
689 3 1 0 1 0 0 1
+19 2
+57 2 0 0 1 0 0 1
+10 6
+1 2 0 0 1 0 0 1
+12 2
+16 2
+42 2
+9 4
+1 3 1 0 1 0 0 1
+18 2
+6 3 2 0 0 1 0 0 1
+1 2
732 1 0 0 1 0 0 1
+1 2 0 1
514 1
732 1 1 0 0 1
+1 1
+1 1
-1 2 0 0 1 0 0 1
+46 2 0 0 1 0 0 1
+22 2 1
-26 1 0 0 1 0 0 1
882 3 0 0 1 0 0 1
+13 1
1013 2
+10 7 1 0 1 0 0 1
+19 2 1 0 1 0 0 1
+1 2 1 1
+2 2
+3 2
+33 2 0 0 1 0 0 1
+92 1 1
+2 10 0 0 1 0 0 1
+1 1
+1 1
+3 2
-3 1 0 1
+3 2
+12 2 0 0 1 0 0 1
+3 2
+3 14 1 5 2 0 0 2
cfn=(3264) str_to_mpn.constprop.0
calls=1 365 
* 50 13 10 6 1 0 6 1
+6 2 2 0 1 0 0 1
-6 1
+6 1 1
+20 1 1
-20 3 1
+44 1 0 0 1 0 0 1
+1 1
-1 1 1
+1 1
-1 1
+1 2 0 0 1 0 0 1
+4 2
+6 2
+32 2
+3 1 0 0 1 0 0 1
+4 2
-4 1
+4 1
-4 1
+4 1
-4 4
+2 2
+10 5 0 1 1 0 0 1
cfi=(322)
cfn=(2180)
calls=1 28 
* 16 2 1 2
+4 2 1
+15 7 1 1
cfn=(3266) round_and_return
calls=1 215 
* 88 13 8 9 0 0 9
* 1 0 0 1 0 0 1

fn=(3264)
365 7 0 6 1 0 0 1
+13 1 0 1
-13 2 1 1
+14 6 0 0 1 0 0 1
+13 1
-17 1
-1 1
+39 4 1
+13 2
+1 1
-1 1 0 0 1 0 0 1
+3 2
+2 4 2 0 2 0 0 2
+7 3 1 0 0 1 0 0 1
+2 3 1
+2 1 0 1
+1 1 0 1
+15 9 7 0 1 0 0 1

fn=(3266)
215 16 1 7 2 0 0 2
fi=(373) ./stdlib/../sysdeps/generic/get-rounding-mode.h
94 1 0 1
+1 8 1 0 1 0 0 1
fe=(372)
218 2
fi=(374) ./stdlib/../include/rounding-mode.h
52 3 0 0 1 0 0 1
fe=(372)
313 2 0 0 1 0 0 1
-80 1 1
+39 1
-46 1
+43 1
+3 1
-3 3
+50 9 0 0 1 0 0 1
fi=(374)
46 5
fe=(372)
355 1 0 0 1 0 0 1
-5 4
+5 3 2
+1 1
-1 2 0 0 1 0 0 1
+1 6 6
-1 1
cfi=(375) ./stdlib/../sysdeps/ieee754/dbl-64/mpn2dbl.c
cfn=(3272) __mpn_construct_double
calls=1 29 
* 16 2 0 1 0 0 1

fl=(291) ./csu/../sysdeps/nptl/libc_start_call_main.h
fn=(1894) (below main)
29 4 0 2 1 0 0 1
+15 1
-15 5 1 3
+15 1 0 1 1 0 0 1
cfi=(292) ./setjmp/../sysdeps/x86_64/bsd-_setjmp.S
cfn=(1896) _setjmp
calls=1 -16 
* 34 7 10 4 1 0 1
* 1
+2 2
+5 2 1 1
+1 2 1 1
+3 2 0 1
+3 6 5 1 1 2 0 1
cob=(9)
cfi=(213)
cfn=(1898) main
calls=1 -58 
* 750896812 233691888 119374426 357282 25938006 1574014 30064 93330 96542
* 1 0 0 1
+16 1 0 1
cfi=(394)
cfn=(4684)
calls=1 +68 
* 33549 9767 5038 372 913 72 233 47 4

fl=(356) ./nptl/./nptl/pthread_attr_setaffinity.c
fn=(2514) pthread_attr_setaffinity_np@@GLIBC_2.32
29 7 0 4 1 0 0 1
+5 5
+29 1 0 0 1 0 0 1
-18 1 0 1
cfi=(357) ./nptl/./nptl/pthread_attr_extension.c
cfn=(2516) __pthread_attr_extension
calls=1 -20 
* 1093 348 188 14 12 2 11 0 2
* 1
+1 2
+3 1 1
+2 1 1
-2 2 1
+2 2 0 1
cob=(2)
cfi=(51)
cfn=(2484) 0x0000000004bfd3b0
calls=1 -51 
* 214 43 34 0 0 1 0 0 1
* 1
+1 2
+3 2 1 1
+1 1 0 1
+3 3 0 1 1 0 0 1
cob=(2)
cfi=(51)
cfn=(1136)
calls=1 -59 
* 14 4 2
+4 7 5

fl=(245)
fn=(1214)
82 18 0 12 1 0 0 1
+3 6 2
+2 10 0 0 1 0 0 1
+6 2 2
+1 4 4
-11 2
+10 10
+1 2
-11 2
+10 2 0 2 0 0 1
-10 2
+10 2 2
+1 6 0 0 1 0 0 1
+2 4
+7 2
+1 4
+2 4 0 2
cob=(2)
cfi=(51)
cfn=(1098)
calls=2 0 
* 230 47 34 0 0 4 0 0 2
* 8 0 2
+1 4
+5 4 0 0 2 0 0 1
+2 8 0 2
cob=(2)
cfi=(51)
cfn=(1136)
calls=2 0 
* 48 14 8 0 0 1 0 0 1
+1 4 0 2
cob=(2)
cfi=(51)
cfn=(1120)
calls=2 0 
* 182 58 30
+2 2 0 2
+2 10 0 2
cob=(2)
cfi=(51)
cfn=(1216)
calls=2 0 
* 56 6 16 7 1 4 1 0 3
+2 10 0 2 2 0 0 1
cfi=(244)
cfn=(1204)
calls=2 329 
* 48 10 8
+1 2 2
+3 2 2
-2 4 4
-1 2
+1 2 2
+2 2
-3 2
+3 2
-3 2 0 2
+6 2 2
-1 2
-4 2 0 2
+4 2
+1 2 0 2 1 0 0 1
-1 4 0 2
+5 4
+1 6 0 4
+1 8 4
+1 2 0 2
+2 16 14

fn=(1202)
36 21280 0 9120 146 0 0 2
+4 3040
+1 198 0 66
cob=(2)
cfi=(51)
cfn=(2500) 0x0000000004bfd3a0
calls=66 -41 
* 1938 369 0 3 0 0 3
* 66
+5 330 0 66
cfi=(244)
cfn=(1204)
calls=66 329 
* 1584 330 264
* 7270 0 1454
cfi=(244)
cfn=(1204)
calls=1454 329 
* 34896 7270 5816 104 0 29 2
+5 4494 0 0 102 0 0 1
-1 5816 1454
+14 1454 0 1454 0 0 22
-14 8724 0 4362
+15 10178 8724
-15 264 66 0 1
+14 66 0 66
-14 396 0 198
+15 462 396
-23 1454 0 0 56 0 0 1
+1 7270
+8 198 0 0 1

fl=(375)
fn=(3272)
29 1 0 0 1 0 0 1
+10 1 1
-6 1
+7 10
+6 2
+1 1 1

fl=(406) ./nptl/./nptl/pthread_key_delete.c
fn=(4964) pthread_key_delete@@GLIBC_2.34
25 1 0 0 1
+3 2
+2 5 1 0 1 0 0 1
+2 2
+1 4 0 1
+3 1
+4 1 1

fl=(171) ./string/../sysdeps/x86_64/multiarch/strrchr-avx2.S
fn=(586) __strrchr_avx2
46 2 0 0 1 0 0 1
+1 2
+1 2
+2 2
+1 2
+3 2
+1 2
+1 2
+2 1 1
+1 1
+1 1
+1 1
+1 1
+1 1 0 0 1 0 0 1
+2 1
+1 1
+12 1
+1 1
+3 1
+1 1
+1 1
+1 1
+4 1 0 0 1 0 0 1
+1 1
+1 1 1 0 0 1
+1 1
+1 1
+1 1
+1 1
+1 1
+1 1
+1 1
+3 1
+1 1
+9 1 0 0 1 0 0 1
+1 1
+3 1
+1 2
+4 1 1 0 0 1 0 0 1
+1 1
+1 1
+1 1
+1 1
+1 1
+1 1
+1 1
-7 3 3
+1 3
+1 3
+1 3
+1 3
+1 3
+1 3
+1 3
+32 4 0 0 1 0 0 1
+1 4
+2 1
+1 1
+1 1
+1 1
+6 1
+1 1
+2 2 1
+5 3
+1 3
+1 3
+3 2
+1 2
+1 2
+10 1 0 0 1 0 0 1
+1 1
+1 1
+1 1
+1 1
+2 1
+1 1
+1 1
+1 2 1

fl=(402) ./stdlib/./stdlib/cxa_finalize.c
fn=(4840) __cxa_finalize
30 12 0 6 1 0 0 1
+3 12
-3 42 0 30
+3 24 0 6 1 0 0 1
+3 18 6 0 0 2
+4 213 6
+1 154 77 0 1 8 0 1
+2 11 11
+36 11 11
-3 11 0 11
+6 11
-37 11 11
+34 22 11 0 1 0 0 1
+3 33 11 11
+1 33 0 11
cob=(7)
cfi=(175)
cfn=(5010)
calls=1 -83 
* 8 2 1 1 0 0 1
cob=(7)
cfi=(175)
cfn=(5002)
calls=1 -83 
* 862 265 135 5 19 0 1
cob=(7)
cfi=(175)
cfn=(5000)
calls=1 -83 
* 2 1 0 1 0 0 1
cob=(7)
cfi=(175)
cfn=(4998)
calls=1 -83 
* 2 1
cob=(7)
cfi=(175)
cfn=(4996)
calls=1 -83 
* 2 1 0 1 0 0 1
cob=(7)
cfi=(175)
cfn=(4994)
calls=1 -83 
* 2 1 0 1 0 0 1
cob=(7)
cfi=(175)
cfn=(4992)
calls=1 -83 
* 2 1
cob=(7)
cfi=(175)
cfn=(4990)
calls=1 -83 
* 2 1
cob=(7)
cfi=(175)
cfn=(4988)
calls=1 -83 
* 2 1 0 1 0 0 1
cob=(8)
cfi=(196)
cfn=(4746)
calls=1 +53 
* 22 9 5 0 2
cob=(8)
cfi=(405)
cfn=(4888)
calls=1 -10 
* 12728 3760 2000 83 473 31 47 7 1
+1 44 0 11
+4 22 11
-48 34
-4 18 6 0 1 0 0 1
+58 24 6 0 0 1
+4 36 6 0 0 2
-4 18 6 0 1 0 0 1
+11 12
+1 12 0 6
cfi=(403) ./posix/./posix/register-atfork.c
cfn=(4842) __unregister_atfork
calls=6 -30 
* 96 24 18 2 0 2 2 0 1
+1 24 6 6
+1 48 42 0 1 0 0 1

fl=(215) ./string/../sysdeps/x86_64/multiarch/memset-vec-unaligned-erms.S
fn=(1022) __memset_avx2_unaligned_erms
181 4209 0 0 672 0 0 1
+1 12627
+5 4209
+1 4209
+1 2693
+1 2693
+14 6 0 6 0 0 1 0 0 1
+1 6 0 6
+2 12 6
+52 2693 2693 0 54 0 0 1
+1 2693
+23 2023 0 2023 0 0 1432 0 0 5
+1 2023 0 2023 0 0 199 0 0 1
+5 2023
+3 2023
+1 2023
+3 2017 0 2017 0 0 1813 0 0 4
+1 2017 0 2017 0 0 196
+13 2017
+1 2017
+2 2017
+3 1
+3 1
+3 1 0 1 1 0 1 0 0 1
+1 1 0 1
+1 1 0 1 0 0 1 0 0 1
+1 1 0 1
+1 1
+1 1
+1 1
-6 6 0 6 0 0 6 0 0 6
+1 6 0 6
+1 6 0 6 0 0 6 0 0 6
+1 6 0 6
+1 6
+1 6
+1 7
+3 1 0 1 0 0 1 0 0 1
+1 1 0 1
+1 1 0 1 0 0 1 0 0 1
+1 1 0 1
+3 2 1
-6 2016 0 2016 51 0 0 1
+1 2016 0 2016 0 0 129
+1 2016 0 2016 0 0 673 0 0 2
+1 2016 0 2016 0 0 667 0 0 1
+3 4032 2016
+11 670 0 0 670
+1 670
+1 670
+1 27728302 0 27727632 0 0 433160 0 0 15660
+1 670
+1 1340 670 0 0 669
+12 1516 0 0 17 0 0 1
+1 1516
+2 1515
+1 1515
+1 1515
+1 150
+1 150
+1 90
+1 90
+1 3
+1 3 0 3
+1 6 3 0 2
+17 1 0 1 1
+1 1 0 1
+1 2 1
+6 1365 0 1365 48 0 667 0 0 1
+1 1365 0 1365
+1 2730 1365
+5 60 0 60 1 0 0 1
+1 60 0 60
+1 120 60
+5 87 0 87 2
+1 87 0 87
+1 174 87

fl=(261) ./stdlib/../stdlib/strtol_l.c
fn=(1262) ____strtoul_l_internal
225 402 0 268 2 0 0 1
+54 134
-54 402 0 268 2 0 0 1
+19 134
-19 402 0 268
+14 134 134 0 0 1
-14 268 0 134
+26 268
+31 536
+9 804 402 0 2 2 0 1 1
+2 268
+5 268
-1 134 0 134
+6 268 0 0 2 0 0 1
+4 268
+10 74
+10 4
-82 1
372 3 1
+1 3 1 1
+4 1
+56 2
-61 108 36
+1 108 36 36
+4 36
+56 146
309 38 38 0 1 1 0 1
449 38
+10 114
-10 38 0 38
+10 38 38
+12 76 0 0 1 0 0 1
-22 96 0 0 1
+10 288
-10 96 0 96
+10 96 96
+12 192 0 0 1
-5 1111
+5 1111
+1 3333
-41 2222 1111
+2 4180
+2 3339
+7 328
+17 328 164 0 0 1 0 0 1
+1 324 162 0 0 1 0 0 1
+3 3333 0 0 2 0 0 1
+3 2222
+11 268
+5 402 134 0 2 0 0 1
+1 134 0 134
+12 268
+11 804 134
+18 1206 938 0 2 0 0 1
324 74
+48 36
245 36
369 72
-60 194 0 0 2 0 0 1
+15 194
+48 192
-3 96
245 96
372 96
-63 96 96
+63 96 96 0 0 1 0 0 1
+1 288 96 96 0 1
+4 192 0 0 1 0 0 1
-68 384 288 0 1 2 0 1 1
+5 192
+13 2 0 0 1 0 0 1
+46 1 1 0 0 1 0 0 1
-1 1 1 0 0 1 0 0 1
245 1
373 1 0 1
+4 2

fn=(2320) ____strtol_l_internal
225 12 0 8 1 0 0 1
+54 4
-54 16 0 8
+19 4
-19 12 0 8
+14 4 4 0 0 1
-14 4 0 4
+26 8
+31 16
+9 24 12 0 1 2 0 1
+2 8
+5 8 0 0 1 0 0 1
-1 4 0 4
+6 8
+4 8
+10 8
+10 16 0 4
-82 8 0 0 1 0 0 1
377 4
+56 16
309 4 4
449 4
+10 12 4
-10 4 0 4
+10 4
+12 8 0 0 1 0 0 1
-5 13
+5 13
+1 39
-41 26 13
+2 44
+2 39
+28 39 0 0 1 0 0 1
+3 26
+11 8
+5 12 4 0 1 0 0 1
+1 4 0 4
+5 8
324 8 0 0 1 0 0 1
491 12 4 0 2 0 0 2
-2 8
+17 20 4
+18 32 28

fl=(310)
fn=(2050)
28 1 0 0 1 0 0 1
+8 4
+2 1 1

fl=(368) ./string/./string/strxfrm_l.c
fn=(2932) strxfrm_l
668 36 0 27 1 0 0 1
+2 9 6 3 0 1
+1 6 3 3 0 1 0 0 1
+3 6 0 0 1 0 0 1
+67 36 30 0 1 0 0 1
-65 6 0 3 1 0 0 1
cob=(2)
cfi=(51)
cfn=(936)
calls=3 0 
* 48 9 0 1 1
+2 3 3
-2 3 0 3
+2 3
+1 24 9 3 1 0 0 1
cob=(2)
cfi=(51)
cfn=(2934) 0x0000000004bfd5b0
calls=3 0 
* 129 15 3 8 1 0 7
* 3

fl=(128)
fn=(412)
31 1 0 0 1 0 0 1
fi=(124) ./string/../sysdeps/x86_64/multiarch/ifunc-evex.h
+4 5 2
-1 2
+2 3 1
+5 2 0 0 1 0 0 1
-3 2
+9 3
+3 4
fe=(128)
-19 1 1

fl=(272) ./nptl/./nptl/cleanup_compat.c
fn=(1392) _pthread_cleanup_pop@@GLIBC_2.34
40 2 0 0 2 0 0 1
+3 4 2 2
+4 4
+2 2 2

fn=(1376) _pthread_cleanup_push@@GLIBC_2.34
25 2 0 0 2 0 0 1
+3 2 0 2
+1 2 0 2
+1 4 2 2 0 1
+2 2 0 2
+1 2 2

fl=(314) ./malloc/./malloc/alloc_buffer_alloc_array.c
fn=(2058) __libc_alloc_buffer_alloc_array
25 6 0 0 1 0 0 1
+1 6 6
+4 6
-5 6
+3 18
+2 36
+1 6
+1 6
+2 36 0 0 1 0 0 1
+4 6
-3 18 6 6
+10 6 6

fl=(370)
fn=(3136)
117 25 0 0 3 0 0 2
+5 5 5

fl=(376) ./time/../sysdeps/unix/sysv/linux/clock_gettime.c
fn=(3340) clock_gettime@@GLIBC_2.17
30 7 0 0 6 0 0 1
+8 14 14 0 0 13
+2 14
+28 14 0 0 6 0 0 1
+1 14
-25 7
+42 7 7

fl=(118)
fn=(384)
29 5 0 0 4 0 0 1
fi=(84)
+4 25 10 0 0 1
-1 10 0 0 4 0 0 1
+2 15 5
+2 10
+4 15
+3 20
fe=(118)
-14 5 5 0 3

fl=(172)
fn=(588)
83 1 0 0 1 0 0 1
+1 4 2 0 0 1
+1 3 2 0 1 1 0 1
+1 3 2 0 0 2
+2 1 1

fl=(100)
fn=(340)
31 1 0 0 1 0 0 1
fi=(101)
+5 2 2
+1 1 1
-1 2
+1 2 0 0 1 0 0 1
+2 2
+4 3
+3 3 0 0 1 0 0 1
fe=(100)
-15 1 1

fl=(221) ./setjmp/../sysdeps/x86_64/setjmp.S
fn=(1066) __sigsetjmp
30 32 0 0 3 0 0 1
+2 32 0 32
+9 32
+1 64 32
+1 32 0 32
+4 32 0 32
+1 32 0 32
+1 32 0 32 0 0 1
+1 32 0 32
+1 32
+2 64 32 0 3 0 0 1
+2 32 0 32
+1 32 32
+1 32
+2 64 32
+2 32 0 32
+5 32 32 0 0 3
+1 32
+17 32 0 0 3 0 0 1
cfi=(222) ./setjmp/./setjmp/sigjmp.c
cfn=(1068) __sigjmp_save
calls=32 -56 
* 288 64 64

fl=(230) ./debug/./debug/strcpy_chk.c
fn=(1134) __strcpy_chk
27 6 0 2 1 0 0 1
+1 2
-1 8 0 4
+1 2 0 2
cob=(2)
cfi=(51)
cfn=(936)
calls=2 -28 
* 56 10 0 1 2 0 1
+1 4
+4 2 2
-1 4 0 0 1 0 0 1
+1 2 2
-1 2
+1 2 2
-1 2
cob=(2)
cfi=(51)
cfn=(1136)
calls=2 -32 
* 48 14 8 4 1 1 4

fl=(271) ./nptl/./nptl/pthread_once.c
fn=(1372) pthread_once@@GLIBC_2.34
136 1522 0 0 52 0 0 1
+3 1522 1522 0 0 57 0 0 1
+1 3044
+4 3040 1520
-1 2
cfn=(1374) __pthread_once_slow
calls=2 -75 
* 2277 653 347 31 29 2 24 6

fn=(1374)
68 2 0 2 2 0 0 1
fi=(237)
+78 2
+1 2
fe=(271)
-79 16 2 6
+8 2 2
+4 4
+52 18 12
-44 4 2 0 2 2 0 1 1
+4 4 0 2
+9 4
+13 26 0 14 4 0 0 2
cfi=(272)
cfn=(1376)
calls=2 -89 
* 14 4 8 2 1 0 1
+2 2 0 2
cob=(6)
cfi=(173)
cfn=(3948) 0x0000000000014620
calls=1 0 
* 19 1 17 3 0 0 3
cob=(7)
cfi=(175)
cfn=(1378)
calls=1 0 
* 2122 626 290 14 26 2 14 5
+2 6 0 2
cfi=(272)
cfn=(1392)
calls=2 -78 
* 12 4 2 2 0 0 1
fi=(237)
+91 6
fe=(271)
-85 2 0 2 2 0 0 1
fi=(237)
+85 10
fe=(271)

fl=(166)
fn=(546)
96 2 0 1 1 0 0 1
+5 1
-5 1
+5 1
-5 3 1 1
+5 3 0 1 1 0 0 1
cob=(2)
cfi=(51)
cfn=(534)
calls=1 0 
* 22 5 1 0 2 0 0 1
+2 4 0 1
cob=(2)
cfi=(51)
cfn=(534)
calls=1 0 
* 22 5 1 0 2 0 0 1
+2 4 0 1
cob=(2)
cfi=(51)
cfn=(534)
calls=1 0 
* 22 5 1 0 2 0 0 1
+2 4 0 1
cob=(2)
cfi=(51)
cfn=(534)
calls=1 0 
* 22 5 1 0 1
+2 4 0 1 1 0 0 1
cob=(2)
cfi=(51)
cfn=(534)
calls=1 0 
* 22 5 1 0 2 0 0 1
+4 3 1 0 0 1 0 0 1
+1 1 0 1 0 0 1 0 0 1
+1 6 4

fl=(127)
fn=(410)
31 1 0 0 1 0 0 1
fi=(422)
+1 5 2
fe=(127)
-1 1 1

fl=(163)
fn=(532)
50 2 0 1 1 0 0 1
+1 2
-1 4 1 1 1 0 0 1
+1 3 0 1
cob=(2)
cfi=(51)
cfn=(534)
calls=1 -51 
* 1016 334 148 14 13 13 14 0 2
+2 4 0 1
cob=(2)
cfi=(51)
cfn=(534)
calls=1 -53 
* 23 5 1 0 1
+2 6 4

fl=(102)
fn=(344)
31 2 0 0 1 0 0 1
fi=(103) ./wcsmbs/../sysdeps/x86_64/multiarch/ifunc-evex.h
+4 10 4 0 1 0 0 1
-1 4
+2 6 2
+5 4
-3 4
+9 6 0 0 1 0 0 1
+3 8
fe=(102)
-19 2 2

fl=(242)
fn=(1194)
26 22 2 10 3 0 0 2
+4 2 0 0 1 0 0 1
+1 4
-1 10 0 8
+1 2 0 2
cfi=(243)
cfn=(1196)
calls=2 +3 
* 5397 1079 812 96 15 22 68 8 10
+4 10 6 0 1 0 0 1

fl=(276) ./wcsmbs/./wcsmbs/btowc.c
fn=(1478) btowc
32 512 0 256 1 0 0 1
+5 256
-5 3072 256 1024 1 0 0 1
+5 1536 0 0 1 0 0 1
+5 512
+4 384 384 0 0 1
fi=(277) ./wcsmbs/./wcsmbsload.h
+23 384 128 0 0 1
fe=(276)
-22 128 128 0 0 1
+2 128 128 0 0 1
-2 128 128 0 0 1
+2 128
+5 512 128
+3 256 0 128
cfi=(278) ./elf/./elf/dl-profstub.c
cfn=(1482) _dl_mcount_wrapper_check
calls=128 -21 
* 768 384 0 2 0 0 2
* 384 128 128
cfi=(279) ./iconv/./iconv/gconv_simple.c
cfn=(1484) __gconv_btwoc_ascii
calls=128 -8 
* 768 128 0 2 0 0 2
+41 2304 1792 0 1 0 0 1
fi=(277)
-27 128 0 0 1 0 0 1
+1 128
-1 256
fe=(276)

fl=(407)
fn=(5070)
27 2 1 0 1 1 0 1
+3 1
+1 2

fl=(91)
fn=(314)
29 1 0 0 1 0 0 1
fi=(88)
+5 4 2
-1 2
+2 3 1 0 1 0 0 1
+2 2
+4 3
+3 3
fe=(91)
-15 1 1

fl=(106)
fn=(352)
29 1 0 0 1 0 0 1
fi=(425) ./string/../sysdeps/x86_64/multiarch/ifunc-sse4_2.h
+1 5 2 0 1 0 0 1
fe=(106)
-1 1 1

fl=(125)
fn=(404)
29 1 0 0 1 0 0 1
fi=(425)
+1 5 2
fe=(125)
-1 1 1

fl=(294)
fn=(1984) tzset_internal
368 14 0 6 2 0 0 1
+4 10 2 2 2 2 0 1 1
+5 1
-3 1 0 1
+3 1 0 1
cfi=(206) ./stdlib/./stdlib/getenv.c
cfn=(934) getenv
calls=1 34 
* 663 220 7 5 79 0 0 2
* 1
+1 2
+23 1 1 0 1 0 0 1
+1 1
-5 1 0 1 0 0 1 0 0 1
+1 1 0 1 1 0 0 1
+3 1 0 1
cob=(2)
cfi=(51)
cfn=(1120)
calls=1 0 
* 6 2 0 1
+1 2 0 1
cfi=(295)
cfn=(1986)
calls=1 40 
* 94 21 12 4 2 0 2
+3 3
-3 1 0 1
+3 1 0 1
cfi=(296) ./time/./time/tzfile.c
cfn=(1988) __tzfile_read
calls=1 102 
* 8672 1927 1203 225 45 32 206 26 32
+1 3 1
+18 10 8 0 2 0 0 1

fn=(1982)
568 18 0 10 2 0 0 1
+4 2
-4 8 2 2
+4 4 0 2 2 0 2 1 0 1
+5 16 0 2
cfn=(1984)
calls=2 368 
* 9490 2182 1238 243 128 33 213 29 33
+2 6 2
+1 14 0 2 2 0 0 1
cfi=(296)
cfn=(2082) __tzfile_compute
calls=2 +2 
* 68 20 20 8 1 0 4
+12 8 2 2
+2 4
+2 4
+7 8 2 2 2 0 0 1
cfi=(317)
cfn=(2084)
calls=2 30 
* 458 24 24 34 2 1 17 1 1
* 4
+1 4 2 2
+6 22 16
-11 2 0 0 2 0 0 1
+1 2
-2 2 0 2
+1 2 0 2
+1 4 0 2

fn=(2078) __tzstring
120 77 0 55 1 0 0 1
+1 11 0 11
cob=(2)
cfi=(51)
cfn=(936)
calls=11 0 
* 176 33
-32 11 11
+32 11
-32 22
+3 45 0 0 1 0 0 1
-2 75 25
+2 17
+1 34
-1 17
+1 34 0 17
cob=(2)
cfi=(51)
cfn=(1498)
calls=17 -93 
* 449 94 0 7 1 0 2
* 34
-4 54 18
+9 6 0 3
cob=(2)
cfi=(51)
cfn=(1098)
calls=3 -98 
* 621 121 96 19 0 0 19
* 3 0 0 1 0 0 1
+1 6
+4 3 0 3
+1 9
-2 3 0 3
+2 6 0 3
cob=(2)
cfi=(51)
cfn=(1136)
calls=3 0 
* 54 12 6
+1 3 0 3
+3 3 0 3
+14 70 60
-24 2 0 1 1 0 0 1
cob=(2)
cfi=(51)
cfn=(1098)
calls=1 -98 
* 45 12 6 1
* 1
+1 2
+4 1 0 1
+1 3
-2 1 0 1
+2 2 0 1
cob=(2)
cfi=(51)
cfn=(1136)
calls=1 0 
* 20 4 2
+1 1 0 1 1 0 0 1
+17 1
-12 1 0 1
+12 6 6

fl=(366)
fn=(2784)
30 4 0 2 2 0 0 1
+3 2
-3 16 2 6 2 0 0 1
+3 8
+8 20 2 0 1 0 0 1
+2 14 10
-7 2 0 1 1
+1 1 1
-1 3 0 2 1 0 0 1
+2 1

fl=(247) ./string/../sysdeps/x86_64/multiarch/strchr-avx2.S
fn=(1210) __strchrnul_avx2
51 2914 0 0 51 0 0 1
+2 2914
+1 2914
+1 2914
+1 2914
+1 2914
+3 2914
+1 2914
+4 2914 2914 0 0 2 0 0 2
+1 2914
+1 2914
+1 2914
+1 2914
+1 2914
+1 2914
+1 2914 0 0 52 0 0 1
+6 2914
+1 5828 2914

fn=(2008) __strchr_avx2
51 4 0 0 4 0 0 1
+2 4
+1 4
+1 4
+1 4
+1 4
+3 4
+1 4
+4 4 4
+1 4
+1 4
+1 4
+1 4
+1 4
+1 4 0 0 4 0 0 1
+1 4
+3 4 4
+1 4
+23 4
+1 8 4

fl=(181)
fn=(684)
37 14 0 7 4 0 0 1
+6 7 7 0 0 5
-6 7 0 7
+3 7 7 0 0 6
-3 14 0 7
+3 7 7 0 0 4
+3 7
+20 1 1
+15 35 28
-20 14 0 0 4 0 0 1
+1 2 0 1
cfi=(182) ./misc/../sysdeps/unix/sysv/linux/brk.c
cfn=(686) brk
calls=1 -24 
* 9 2 1 1 0 0 1
* 2
+4 1 1
-1 14
+4 24 0 0 4 0 0 1
+8 6 0 6 0 0 1
cfi=(182)
cfn=(686)
calls=6 -39 
* 54 12 6 3
* 12

fl=(275) ./wcsmbs/./wcsmbs/wctob.c
fn=(1472) wctob
30 1664 128 512 2 0 0 2
+9 384
+6 128
-1 256
+37 1024 768 0 1 0 0 1

fl=(119)
fn=(388)
29 2 0 0 2 0 0 1
fi=(101)
+7 4 4
+1 2 2
-1 4
+1 4
+2 4 0 0 2 0 0 1
+4 6
+3 6
fe=(119)
-17 2 2

fl=(258)
fn=(1254)
25 10 0 0 3 0 0 1
+1 40
+1 10 10

fl=(266)
fn=(1298)
27 2 0 0 2 0 0 1
+1 8 4
+2 2 2

fl=(292)
fn=(1896)
28 1 0 0 1 0 0 1
+2 1
+2 1
cfi=(221)
cfn=(1066)
calls=1 -2 
* 31 7 10 3 1

fl=(265) ./posix/../sysdeps/unix/sysv/linux/sched_getaffinity.c
fn=(1294) sched_getaffinity@@GLIBC_2.3.4
34 2 0 0 1 0 0 1
+1 8
+2 2
+3 1
-6 1
+6 5 0 1 1 0 0 1
cob=(2)
cfi=(51)
cfn=(1216)
calls=1 -40 
* 21 3 4
+5 3 1

fl=(220) ./elf/./elf/dl-error-skeleton.c
fn=(1150) _dl_signal_error
109 14 0 4
+1 2 2
+3 2
-3 2 2
+3 4 0 0 1 0 0 1
+2 4
+2 4 2 2
cob=(2)
cfi=(51)
cfn=(1152) 0x0000000004bfd3d0
calls=2 0 
* 1638 460 229 7 24 21 5 3 18
+1 2 2
+3 4
-3 2 0 2
+3 2 0 2
cfi=(226)
cfn=(1096)
calls=2 -85 
* 46 24

fn=(1062) _dl_catch_error
225 221 17 68 4 0 0 2
+2 34 0 17
cfn=(1064) _dl_catch_exception
calls=17 -52 
* 20718 4858 2665 298 184 50 73 12 26
+1 34 17 17
+1 17 17
+1 17 17
-1 17 0 17
+1 17 0 17
+2 136 102 0 2 0 0 1

fn=(1064)
175 51 0 17 2 0 0 1
+5 17 17 0 0 2
-5 102 17 68 0 0 1
+5 34 17 17 0 2
-2 34 0 0 2 0 0 1
+22 17
-1 17 0 17
+7 34
-6 17 0 17
+3 34 0 17
+3 17 0 17
cfi=(221)
cfn=(1066)
calls=17 30 
* 527 119 170 6 2 1 3
* 96
+2 51 34 17 2 0 0 1
cob=(1)
cfi=(229)
cfn=(1118)
calls=5 783 
* 520 130 65 15 0 0 4
cfi=(223)
cfn=(1082)
calls=5 37 
* 8686 1777 816 110 75 4 26 7 3
cfi=(218) ./dlfcn/./dlfcn/dlopen.c
cfn=(1070) dlopen_doit
calls=7 48 
* 10240 2628 1390 161 103 44 37 5 23
+1 20 20
+1 10
-1 10 0 10
+1 30 10 20
+9 119 68
-2 21 14 7
+1 14 7

fn=(1065) _dl_catch_exception'2
175 42 0 14
+5 14 14
-5 84 14 56
+5 28 14 14
-2 28
+22 14
-1 14 0 14
+7 28
-6 14 0 14
+3 28 0 14
+3 14 0 14
cfi=(221)
cfn=(1066)
calls=14 30 
* 434 98 140
* 72
+2 42 28 14
cob=(1)
cfi=(190)
cfn=(1076)
calls=7 490 
* 6991 1764 685 105 83 39 22 4 23
cob=(1)
cfi=(190)
cfn=(1074)
calls=7 772 
* 8347 2119 980 126 88 39 27 5 23
+1 20 20
+1 10
-1 10 0 10
+1 30 10 20
+9 98 56 0 2 0 0 1
-2 12 8 4
+1 8 4

fn=(1094) _dl_signal_exception
91 36 0 9 3 0 0 1
+1 18 18
+1 18
+2 36 27 9
+4 9
-4 9 0 9 2 0 0 1
+1 18 9 9
+3 18 0 9
cfi=(226)
cfn=(1096)
calls=9 -63 
* 207 108 0 7 0 0 3

fl=(232) ./debug/./debug/strcat_chk.c
fn=(1144) __strcat_chk
25 4 0 0 1 0 0 1
+2 4
-1 4
+11 130 130
-2 130
+2 258
-4 520 0 0 1 0 0 1
+1 33
+14 29 29
+1 29 0 29
+2 58
-3 2 2
+1 2 0 2
+2 4
-5 87
+8 2 2

fl=(85)
fn=(302)
29 1 0 0 1 0 0 1
fi=(425)
+1 5 2 0 1 1 0 1
fe=(85)
-1 1 1

fl=(107)
fn=(354)
43 1
-6 5 2 0 1 0 0 1
+6 1 1

fl=(206)
fn=(934)
34 48 0 36 4 0 0 2
+4 48 18 0 0 5 0 0 5
+3 12 6 0 0 1 0 0 1
+50 54 42
-26 6 0 6 2 0 0 1
cob=(2)
cfi=(51)
cfn=(936)
calls=6 -65 
* 96 18 0 5 3 0 3 1
+10 6 6 0 0 2
-8 6 6
+6 6
-8 6 0 0 2 0 0 1
+7 6
+3 2460 612 0 0 27
+9 1232 612 2 0 141
cob=(2)
cfi=(51)
cfn=(940) 0x0000000004bfd590
calls=2 -84 
* 58 12 0 3 1 0 3
* 4

fl=(348) ./nptl/./nptl/pthread_attr_init.c
fn=(2478) pthread_attr_init@@GLIBC_2.2.5
32 2 0 1 1 0 0 1
+9 1
-9 1
+9 4 0 4
+5 1 0 1
cfi=(266)
cfn=(1298)
calls=1 -19 
* 6 3 0 1
* 2 0 1
+3 3 2

fl=(227) ./dlfcn/./dlfcn/dlclose.c
fn=(1104) dlclose@@GLIBC_2.34
25 5 0 0 2 0 0 1
fi=(423)
1388 5 5
fe=(227)
25 5
+2 10 5 0 2 0 0 1
-2 5
+6 10 5 5
cfi=(219)
cfn=(1058)
calls=5 +82 
* 2285 680 445 37 7 0 18
* 10
+1 10 5

fl=(364) ./libio/./libio/iofflush.c
fn=(2652) fflush
32 248 0 0 14 0 0 1
+1 496
-1 744 0 744 11 0 0 1
+7 3472 1240 744 11 24 0 1
+1 248 248 0 0 9
fi=(309)
940 744
+2 496
+1 496
fe=(364)
40 496 248 248 0 11
cfi=(298)
cfn=(2654)
calls=248 792 
* 11835 3500 1815 148 1 0 14
* 496
fi=(309)
883 496 248
+1 2232 744 744 22 0 0 1
fe=(364)
44 1240 992

fl=(231) ./string/../sysdeps/x86_64/multiarch/memmove-vec-unaligned-erms.S
fn=(1138) __memcpy_avx_unaligned_erms
307 643078 0 0 5 0 0 1
+1 643078
+6 643078
+1 643078
+2 7827 7827 0 0 855 0 0 6
+1 7827
+1 7827
+3 348 348 0 0 3 0 0 1
+1 348 0 348 0 0 5 0 0 3
+1 348 0 348 0 0 54
+3 696 348
+30 635251
+1 635251
+2 594675
+1 594675
+2 591264
+4 591264
+1 2774 0 0 11
+1 2774
+1 2774 2774 0 0 54 0 0 53
+1 2774
+1 912 912
+1 912 0 912 0 0 7 0 0 2
+2 912 0 912
+2 912 912
-2 1862 0 1862 0 0 25
+2 1862 1862
+6 588490 588490 0 9 1067 0 0 134
+1 588490 588490 0 0 1 0 0 1
+1 588490 0 588490 0 0 5
+1 588490 0 588490
+1 588490 588490
+7 40576 40576 0 42 54 0 0 5
+1 40576 40576 0 0 3 0 0 2
+1 40576 0 40576 0 0 2
+1 40576 0 40576 0 0 2
+2 40576 40576
+17 3411 3411 0 58 54 0 0 17
+1 3411 3411
+1 3411 0 3411 0 0 123
+1 3411 0 3411 0 0 59
+1 3411 3411
+7 104 104 0 6 3 0 1
+1 104 104
+1 104 0 104 0 0 15 0 0 8
+1 104 0 104 0 0 20 0 0 4
+1 104 0 104 0 0 9 0 0 2
+1 104 0 104
+1 208 104
+5 7479 7479 0 32 2 0 1
+1 7479
+5 6794
+1 6794
+2 6706 6706 0 0 502 0 0 2
+1 6706
+1 6706
+2 6602 6602 0 0 331 0 0 1
+1 6602 6602 0 0 501 0 0 1
+1 6602 6602 0 0 750 0 0 1
+1 6602 6602
+1 6602 6602
+1 6602 6602 0 26 0 0 1
+1 6602 0 6602 0 0 2046 0 0 5
+1 6602 0 6602 0 0 1887 0 0 5
+1 6602 0 6602 0 0 2880 0 0 4
+1 6602 0 6602 0 0 1884 0 0 3
+1 6602 0 6602 0 0 3106 0 0 5
+1 6602 0 6602 0 0 1 0 0 1
+1 6602 0 6602
+1 6602 0 6602
+1 13204 6602
+4 88 0 0 4
+1 88
+4 88
+2 88 0 0 44 0 0 1
+4 88 88 0 0 43
+1 88
+11 88
+3 88
+2 88
+2 88
+4 88
+1 88
+9 85 85 0 0 1 0 0 1
+1 85 85
+2 85
+2 85
+1 85 85 0 44 1 0 1 1
+1 85 85
+3 85
+2 85
+2 85
+2 170
+6 85 85 0 0 1 0 0 1
+1 85 85
+1 85 85 0 0 1 0 0 1
+1 85 85
+1 85
+1 85 0 85 0 0 78 0 0 3
+1 85 0 85 0 0 25 0 0 5
+1 85 0 85 44 0 58 1 0 1
+1 85 0 85 0 0 25 0 0 5
+1 85
+1 85
+1 85
-11 109 109 0 0 7 0 0 7
+1 109 109
+1 109 109 0 0 6 0 0 6
+1 109 109
+1 109
+1 109 0 109 0 0 58 0 0 2
+1 109 0 109 0 0 48 0 0 29
+1 109 0 109 0 0 58 0 0 2
+1 109 0 109 0 0 48 0 0 29
+1 109
+1 109
+1 109
+2 85 0 85 0 0 78 0 0 5
+1 85 0 85 0 0 15 0 0 1
+1 85 0 85 0 0 1
+1 85 0 85
+2 85 0 85 0 0 20
+4 170 85
+13 3 3
+1 3 3
+2 3 0 0 2 0 0 1
+1 3 3
+1 3 3
+2 3
+2 3
+2 6
+6 3 3
+1 3 3
+1 3 3
+1 3 3
+1 3
+1 3 0 3 0 0 2 0 0 1
+1 3 0 3 2 0 2 1 0 1
+1 3 0 3 0 0 1 0 0 1
+1 3 0 3 0 0 2 0 0 1
+1 3
+1 3
+1 3
-11 93 93 0 0 2
+1 93 93
+1 93 93 0 0 1
+1 93 93
+1 93
+1 93 0 93 0 0 30 0 0 30
+1 93 0 93 0 0 63 0 0 62
+1 93 0 93 0 0 30 0 0 30
+1 93 0 93 0 0 63 0 0 62
+1 93
+1 93
+1 93
+2 3 0 3 0 0 2 0 0 1
+1 3 0 3 0 0 1 0 0 1
+1 3 0 3
+1 3 0 3
+2 3 0 3
+1 6 3
+9 680 680 0 51 675 0 1 2
+7 680
+1 680
+6 5
+3 5
+2 5
+3 5
+1 5
+2 5
+2 966437 966432 966432 0 15033 15104 0 0 15100
+2 5 0 5 0 0 4
+2 5 0 5 0 0 4
+2 10 5 0 0 5
+5 685 0 0 53 0 0 1
+1 685
+4 685
+2 685
+3 685
+4 685 685 0 0 685
+1 685
+3 680 680
+1 680
+24 675
+2 675
+2 675
+2 675 0 0 581 0 0 1
+3 675
+1 675
+2 26959475 26958800 26958800 0 420893 421551 0 541 1832
+3 675 0 675 0 0 675 0 0 1
+2 675 0 675 0 0 672
+2 1350 675 0 0 675
+12 5 5
+1 5
+6 5
+1 5
+1 5
+7 5 5 0 0 2
+6 5 0 5 3 0 3 1 0 2
+2 5 0 5 0 0 2 0 0 1
+8 5
+1 5
+2 5
+2 5
+2 5
+2 5
+8 5
+1 5
+1 5
+2 5
+1 5
+1 5 5
+1 5
+3 5 0 0 2 0 0 1
+2 10
+5 5
+2 10
+1 10
+1 10
+1 10 0 0 3 0 0 1
+2 20 20 0 0 8
+1 20 20 0 0 13
+1 5 0 0 3 0 0 1
+2 20 0 20 0 0 6 0 0 4
+1 20 0 20 0 0 10 0 0 6
+1 5
+1 5
+1 5 0 0 2 0 0 1
-15 605
+2 1210
+1 1210
+1 1210
+1 1210
+2 2420 2420 0 0 1210 0 0 2
+1 2420 2420 0 0 1573 0 0 12
+1 605
+2 2420 0 2420 0 0 1210 0 0 727
+1 2420 0 2420 0 0 1210 0 0 726
+1 605
+1 605
+1 605
-13 37820
+1 37820
+1 37820
+1 37820
+2 75640 75640 0 0 37332 0 0 195
+1 75640 75640 0 0 37820 0 0 146
+1 18910
+2 75640 0 75640 0 0 37820 0 0 22726
+1 75640 0 75640 0 0 37820 0 0 22706
+1 18910
+1 18910
+1 18910
+1 610
+1 610
+1 610
+1 610
+1 5
+3 5
+1 5
+5 38
+1 38 0 0 2 0 0 1
+1 19 19 0 0 7
+1 19 19 0 0 12
+1 19 19 0 0 7
+1 19 19 0 0 12
+1 19
+1 19
+1 19 0 19 0 0 19 0 0 11
+1 19 0 19
+1 19 0 19 0 0 19 0 0 11
+1 19 0 19
+1 19
+1 19
+1 19
+4 5 5 0 0 1
+1 5 5 0 2 0 0 1
+1 5 5 0 0 1
+1 5 5 0 0 2
+2 5 0 5 0 0 1 0 0 1
+1 5 0 5
+1 5 0 5 0 0 3 0 0 1
+1 5 0 5 0 0 2
+1 10 5 0 0 5

fn=(1192) __mempcpy_avx_unaligned_erms
294 1338 0 0 49 0 0 1
+1 1338
+1 1338
+1 1338
+17 1338
+1 1338
+2 27 27
+1 27
+1 27
+3 23 23
+1 23 0 23 0 0 3
+1 23 0 23
+3 46 23
+30 1311
+1 1311
+2 1284
+1 1284
+2 1280
+4 1280
+1 1273 0 0 11
+1 1273
+1 1273 1273
+1 1273
+4 1273 0 1273
+2 1273 1273
+6 7 7 0 1 0 0 1
+1 7 7
+1 7 0 7
+1 7 0 7
+1 7 7
+7 27 27
+1 27 27
+1 27 0 27 0 0 1 0 0 1
+1 27 0 27
+2 27 27
+17 4 4
+1 4 4
+1 4 0 4
+1 4 0 4
+1 4 4
+7 4 4
+1 4 4
+1 4 0 4
+1 4 0 4
+1 4 0 4 0 0 2 0 0 1
+1 4 0 4
+1 8 4
+5 4 4
+1 4
+5 4
+1 4
+2 4 4
+1 4
+1 4

fl=(323)
fn=(2182)
48 13362 786 7074 114 0 37 2
+6 1572
+12 1572
+76 8646 7074
-71 786 786 0 0 7 0 0 2
+1 1572 0 0 51 0 0 1
+9 786 0 786 61 0 27 1
cfi=(324)
cfn=(2184)
calls=786 -50 
* 26001 3153 2367 210 0 0 5
+2 2358 786 786
+1 786 0 0 47 0 0 1
+4 1572

fl=(349) ./stdio-common/./stdio-common/getline.c
fn=(2480) getline
27 132 0 0 1 0 0 1
+1 132 0 0 1 0 0 1
cfi=(350) ./libio/./libio/iogetdelim.c
cfn=(2482) getdelim
calls=66 +13 
* 12502 3012 1595 73 40 6 34 16 5

fl=(120)
fn=(392)
29 1 0 0 1 0 0 1
fi=(121) ./wcsmbs/../sysdeps/x86_64/multiarch/ifunc-memcmp.h
+5 2 2
+1 1 1
-1 2
+1 2
+1 2 0 0 1 0 0 1
+1 3 1
+2 2
+4 3
+3 3 0 0 1 0 0 1
fe=(120)
-17 1 1

fl=(305)
fn=(2024)
78 27 3 12 3 0 0 1
+6 12 6 0 3 1 0 1
fi=(309)
940 9
+2 6
+1 6
fe=(305)
84 9 3 3 0 2
cfi=(298)
cfn=(2026)
calls=3 1146 
* 54 6 0 8 0 0 1
* 6
+2 12 3 0 2 0 0 1
+11 12 3
+4 6 0 3
cob=(2)
cfi=(51)
cfn=(1098)
calls=3 0 
* 568 101 86 5 3 3 0 0 3
* 3
+1 6
+2 12 0 3
cfi=(244)
cfn=(1204)
calls=3 329 
* 72 15 12 4
+1 3 0 0 3 0 0 1
+1 24 18

fl=(161)
fn=(528)
38 4 0 0 2 0 0 1
+1 14
+1 2 2

fl=(218)
fn=(1070)
48 14 0 7 2 0 0 1
+3 21 7
+5 28 14 0 2 2 0 1
+2 7 7
-2 84 35 14 0 5
cob=(1)
cfi=(190)
cfn=(1072)
calls=7 824 
* 10046 2545 1364 153 96 44 34 5 23
* 5 0 5
+4 20 20
-4 15 0 0 4 0 0 1

fn=(1056) dlopen@@GLIBC_2.34
77 14 0 0 4 0 0 1
fi=(423)
1388 21 14 7
fe=(218)
78 14 7 0 0 2
-9 7 7
-2 7 0 7
+4 7
-3 7 0 7
+3 7
-2 7 0 7 2 0 0 1
+2 7 0 7
cfi=(219)
cfn=(1058)
calls=7 +42 
* 11804 3101 1757 203 116 48 53 5 23
* 21 7
+11 35 21

fl=(279)
fn=(1484)
49 128 0 0 1 0 0 1
+2 512 0 0 1 0 0 1
+3 128 128

fl=(246)
fn=(1206)
1180 17448 0 13086 135 0 43 2
+30 7270 4362 2908 0 0 5
+8 4362 1454 0 56 0 0 1
+4 7270 2908
+11 2908
+11 1454 1454
fi=(426) ./stdio-common/./stdio-common/printf-parse.h
111 2908 1454
fe=(246)
1244 7270 2908 4362 58 0 36 1
fi=(426)
111 1454 0 1454 0 0 1
cob=(2)
cfi=(51)
cfn=(1208) 0x0000000004bfd4d0
calls=1454 0 
* 30534 4362 0 155 51 0 3 2
fe=(246)
1259 1454 0 1454 0 0 6
fi=(426)
111 1454 0 1454 0 0 2
fe=(246)
1259 4362 0 1454 0 0 3
239 1454 1454 0 70 0 0 1
fi=(427) ./stdio-common/../libio/libioP.h
940 1454
fe=(246)
1263 1454 1454
fi=(427)
942 1454
-2 1454 1454 0 0 52
fe=(246)
1263 1454 1454
fi=(427)
940 2908 0 1454
+2 2908
+1 2908
fe=(246)
239 5816 2908 1454 53 52 0 1
cfi=(244)
cfn=(1212)
calls=1454 371 
* 7270 1454 0 101 0 0 2
* 2908
127 13086
1263 2908
+4 4362 2908 0 51 0 0 1
+4 11632 4362 1454 101 102 0 1 1
1532 1454 1454
1214 1454 0 1454
+34 1454 0 1454
-8 1454 0 1454
1532 4362 0 1454
+23 1454
-39 1454
+39 1454
-39 1454 0 1454
+39 2908 0 1454 59 0 0 1
1313 21900 4380 0 52 104 0 1 3
+39 1460 1460
-51 1460
-1 1460
-1 1460
-1 1460
+5 1460
1501 1460
fi=(426)
88 1460
fe=(246)
1352 1460 1460
-46 1460 0 1460 54 0 0 1
-4 1460 0 1460
+50 1460 0 1460
1501 1460
1295 1460 0 1460
-1 1460 0 1460
-1 1460 0 1460
-1 1460 0 1460
-1 1460 0 1460
+16 2920 0 1460 51 0 0 1
1608 2908 1454 0 51 0 0 1
+1 2908 1454
+3 17448 13086
1499 2904 0 0 52 0 0 1
+33 2904 1452
+3 49368 11616 8712 138 0 0 2
+20 2904
1218 2908 0 0 1092 0 0 1
1555 15972 5808 2904 100 0 0 2
+9 2910 0 0 51 0 0 1
-47 78 24 6 1 0 0 1
+47 2
-48 12 2
+1 72 8 0 2 0 0 2
127 56 0 0 1 0 0 1
1517 16
-1 1448 0 0 51 0 0 1
-94 1448 1448
-1 1448 0 0 53 0 0 1
+1 2896
+41 17376 2896 0 51 101 0 1 1
1589 1460 0 0 52 0 0 1
fi=(426)
111 1460
fe=(246)
1583 1460 0 1460
fi=(426)
111 2920 0 1460
cob=(2)
cfi=(51)
cfn=(1208)
calls=1460 0 
* 30660 4380
fe=(246)
239 1460 1460
fi=(427)
942 1460
fe=(246)
1593 1460
fi=(426)
111 1460
fi=(427)
942 1460
fe=(246)
1593 1460
fi=(427)
942 1460
+1 2920 1460
fe=(246)
239 5840 1460 1460 52 0 0 1
cfi=(244)
cfn=(1212)
calls=1460 371 
* 7422 1480 18
* 2920
127 18980 0 0 79 0 0 1
1593 2920
+2 4374 1460
-39 1452 0 0 79 0 0 1
351 1452
+1 1452
1556 1452 0 1452
352 2904
-1 2904
1559 2904
127 10164
354 1452 0 1452 51 0 0 1
cfi=(319)
cfn=(2172)
calls=1452 1278 
* 2325127 480609 300324 11315 719 258 157 12 1
* 1452
1516 8 2 2 2 0 0 2
cfi=(248)
cfn=(1218)
calls=2 26 
* 1078 234 158 5 1 0 3
* 4
+1 16 0 8 1 0 0 1
cob=(2)
cfi=(51)
cfn=(936)
calls=8 0 
* 156 29 0 1 2 0 1 2
* 16
239 8 8 0 1 0 0 1
fi=(427)
942 24
+1 16 8
fe=(246)
239 32 8 8 1 0 0 1
cfi=(244)
cfn=(1212)
calls=8 371 
* 1437 306 240 23 1 13 14 0 6
* 16
127 48
1427 1448 1448 0 55 0 0 1
-1 2896 0 1448
+1 4344
+15 5792 2896
+3 2896 1448 0 56 0 0 1
+18 8688 2896
-21 7240 1448 1448 101 0 0 1

fl=(281) ./string/../sysdeps/x86_64/multiarch/memcmp-avx2-movbe.S
fn=(1500) __memcmp_avx2_movbe
71 705683 0 0 8 0 0 1
+7 705683
+1 705683
+3 1 1
+1 1 1
+1 1
+4 1
+1 1
+2 1
+1 1
+3 1 1
+1 1 1
+1 1
+3 1
+1 1 0 0 1 0 0 1
+3 1
+1 1
+3 1 1
+1 1 1
+1 1
+1 1
+1 1
+1 1 1
+1 1 1
+1 1
+1 1
+1 1
+3 1 0 0 1 0 0 1
+1 1
+6 1 1
+1 1 1
+1 1
+1 1
+4 1 1
+1 1 1
+2 1 1
+1 1 1
+1 1 1
+1 1 1
+3 1
+1 1 0 0 1
+1 1
+1 1
+1 1
+1 1
+2 2 1
+4 138 0 0 8 0 0 1
+10 138 138
+1 138 138
+1 138
+3 276 138
399 705682 0 0 7 0 0 1
+1 705682
+5 332
+1 332
+1 332
+1 332
+1 332
+3 321 321 0 0 3
+1 321 321 0 0 7
+1 321 0 0 6 0 0 1
+1 321
+3 321
+1 321
+1 183
+1 366 183
+6 11
+1 11
+2 11
+1 11
+1 10
+1 10
+3 4 4
+1 4 4
+1 4
+1 4 0 0 1 0 0 1
+1 4
+1 4
+1 4 4
+1 4 4
+1 4
+1 4
+2 4
+2 4 4
+4 705350 0 0 2
+1 705350 705350 0 0 2
+1 705350 705350 0 0 17
+1 705350
+2 705350 705350
+6 1 1 0 1
+1 1 1
+1 1
+1 1
+1 1 0 0 1 0 0 1
+1 1
+2 1
+1 1
+1 1 1
+1 1 1
+1 1
+1 1
+1 1
+1 1
+2 1 1
+46 6 6 0 2 0 0 1
+1 6 6
+1 6
+1 6
+1 6 6
+1 6 6
+1 6
+1 6
+1 6
+1 6
+1 2
+1 2
+3 6 6

fl=(360) ./nptl/./nptl/pthread_setspecific.c
fn=(2552) pthread_setspecific@@GLIBC_2.34
25 16 0 8 2 0 0 1
+7 2 2
+4 4
+3 4
+2 2
-2 10 2 0 2 1 0 1
+4 6
+3 4
+35 1 0 1
+5 1
+1 1 0 1
+2 1
-3 1 0 1
+4 7 5 0 1 0 0 1
-4 1
+1 1 0 1
+2 1
-3 1 0 1
+4 7 5 0 1

fl=(94)
fn=(322)
31 2 0 0 1 0 0 1
fi=(95)
+2 10 4 0 1 0 0 1
-1 4
+2 6 2
+2 4
+4 6
+3 8 0 0 1 0 0 1
fe=(94)
-12 2 2

fl=(179)
fn=(670)
28 1 0 0 1 0 0 1
+1 7 1 0 1 0 0 1
+1 1 1

fl=(239) ./misc/./misc/tsearch.c
fn=(1178) tfind
372 24 0 16 1 0 0 1
+4 8
+6 24 4 0 1 0 0 1
+12 4 0 0 1 0 0 1
-17 4
+17 24 20

fl=(201) ./nptl/./nptl/pthread_mutexattr_init.c
fn=(908) pthread_mutexattr_init@@GLIBC_2.34
24 1 0 0 1 0 0 1
+11 1 0 1
+3 2 1

fl=(207) ./string/../sysdeps/x86_64/multiarch/strlen-avx2.S
fn=(938) __strlen_avx2
50 8128 0 0 58 0 0 1
+13 8128
+1 8128
+1 8128
+3 8128
+2 8128
+1 8128
+3 8121 8121 0 5071 288 0 1 184
+1 8121
+8 8121
+1 8121
+1 8004
+5 16008 8004
+26 49
+13 49
+1 49
+1 49
+6 98 49
+4 42
+13 42
+1 42
+1 42
+6 84 42
+4 10
+13 10
+1 10
+1 10
+6 20 10
+4 18
+13 18
+1 18
+1 18
+6 36 18
+7 117 0 0 15 0 0 1
+15 117 117 0 0 13 0 0 12
+6 117
+1 117
+1 117
-8 7 7 0 1 3
+6 7
+1 7
+1 7
+2 75 75 0 0 26 0 0 23
+1 75
+1 75
+1 75
+2 33 33 0 10 14 0 1 9
+1 33
+1 33
+1 33
+2 23 23 0 0 14 0 0 14
+1 23
+1 23
+1 23
+18 5
+1 10
+14 5 5 0 0 2 0 0 2
+1 5 5
+1 5 5 0 0 4 0 0 4
+1 5 5
+2 5
+1 5
+1 5
+2 5 0 0 3 0 0 1
+1 5
+1 5
-11 4 4 0 0 4 0 0 4
+1 4 4
+1 4 4 0 0 4 0 0 4
+1 4 4
+2 4
+1 4
+1 4
+2 4
+1 4
+1 4
+3 5
+1 5
+1 5
+1 5
+1 5
+2 4
+1 4
+1 4
+1 4
+3 4
+1 4
+3 4
+1 4
+1 4
+1 4
+1 4
+5 8 4 0 3 0 0 1
+50 1
+1 1
+1 1
+5 2 1
509 7 0 0 6
+1 7 7 0 0 2
+1 7
+3 7 0 0 6 0 0 1
+15 7
+1 7

fl=(390) ./elf/./elf/libc-dl_find_object.c
fn=(3784) _dl_find_object
24 355 0 0 5
+1 710 710 0 0 10
cob=(1)
cfi=(152)
cfn=(3786)
calls=355 360 
* 31725 7170 2840 36 35 4 6

fl=(89)
fn=(310)
29 4 0 0 3 0 0 1
fi=(90) ./string/../sysdeps/x86_64/multiarch/ifunc-memset.h
+21 20 8
+3 12 4
+7 8 0 0 3 0 0 1
+9 8
+2 8
+10 8
+8 8
+2 20 4
fe=(89)

fl=(97)
fn=(328)
28 2 0 0 2 0 0 1
fi=(84)
+5 10 4 0 0 1
-1 4 0 0 2 0 0 1
+2 6 2
+2 4
+4 6
+3 8
fe=(97)
-15 2 2 0 1

fl=(296)
fn=(1988)
102 10 0 6 1 0 0 1
+7 1 1
-7 3 1 1 1 0 0 1
+9 1 0 1
+5 1 0 1
+2 2
+3 4 1
+9 4 2 0 0 2
484 11 9 0 1 0 0 1
154 2 0 0 1 0 0 1
+8 3 0 1 1 0 0 1
cfi=(297)
cfn=(1990)
calls=1 -77 
* 628 134 137 38 10 6 32 4 6
* 1
+1 2
+4 2 0 1
cfi=(301)
cfn=(2010)
calls=1 32 
* 7 3 0 1 0 0 1
* 3 0 1
cfi=(302)
cfn=(2012)
calls=1 29 
* 15 1 0 3 0 0 3
* 3 0 1
-27 2 0 0 1 0 0 1
+30 1 1 0 1 1 0 1
+9 2 0 0 1 0 0 1
-9 1 0 1
cob=(2)
cfi=(51)
cfn=(1120)
calls=1 0 
* 6 2
+4 1 1
-3 1 0 1
+3 1 0 1 0 0 1 0 0 1
+1 2 1 1
+1 1 1
+3 1 0 1
-3 1 0 1 1 0 0 1
+6 5 0 1
cfi=(304)
cfn=(2016)
calls=1 34 
* 558 128 84 39 5 1 33 1 1
* 5 0 1
cfi=(304)
cfn=(2016)
calls=1 34 
* 249 67 39
* 4
+2 4 2
fi=(306) ./time/../bits/byteswap.h
52 12 8 0 1 0 0 1
fe=(296)
191 2
+1 2
fi=(306)
52 2 2
fe=(296)
194 4
fi=(306)
52 4 2
fe=(296)
194 2
-7 2
fi=(306)
52 4
fe=(296)
188 2
+2 2
-3 2 0 2 0 0 1 0 0 1
fi=(306)
52 2 0 0 1 0 0 1
fe=(296)
188 2 0 2
+1 2
+1 2 0 2
+4 4
+3 4
+23 5 1 3
cfi=(311)
cfn=(2052)
calls=1 38 
* 96 27 13 7 0 0 7
+1 3 1 0 1 0 0 1
+1 1 1
+1 1 1
-1 1
+1 2
+1 1 1
-3 2
+8 1
-3 1 0 0 1 0 0 1
+3 3 1
+1 2
-1 2
+3 1
+1 2
+3 5 0 0 1 0 0 1
+2 1
+1 3 0 1
+32 3 0 1
-2 6 1 1
+6 2 0 1 1 0 0 1
cob=(2)
cfi=(51)
cfn=(1098)
calls=1 0 
* 191 34 28 0 1 1 0 0 1
* 2 0 1
+1 2
fi=(313) ./time/../include/alloc_buffer.h
126 2
+1 6 2
fe=(296)
283 5 0 1 1 0 0 1
-5 1 0 1
+5 1 0 1
cfi=(314)
cfn=(2058)
calls=1 25 
* 26 3 1 2 0 0 2
+1 5 1 1
cfi=(314)
cfn=(2058)
calls=1 25 
* 26 3 1
+1 4 1 0 1 0 0 1
-1 1 0 1
+1 1 0 1
cfi=(314)
cfn=(2058)
calls=1 25 
* 26 3 1
+1 4 1
-1 1 0 1
+1 1 0 1
cfi=(314)
cfn=(2058)
calls=1 25 
* 26 3 1
+1 4 1 0 1 0 0 1
-1 1 0 1
+1 1 0 1
cfi=(314)
cfn=(2058)
calls=1 25 
* 26 3 1
+1 1 1
-1 1 0 1
+1 3 1
+1 1 0 1
+3 2
+2 3 1 1 1 0 0 1
+3 6 3 1
cfi=(304)
cfn=(2016)
calls=1 34 
* 217 60 51 3 18 18 3 17 18
* 3 1
+3 4 1 1 1 0 0 1
cfi=(304)
cfn=(2016)
calls=1 34 
* 110 30 22 0 2 3 0 2 3
* 3 1
+6 1
+22 1 1
-22 434 2
+1 429 143 0 1 0 0 1
474 1 0 1 1 0 0 1
+1 2 1 1
cob=(2)
cfi=(51)
cfn=(1120)
calls=1 0 
* 6 2
+1 1
197 2 1 0 1 0 0 1
+6 2 0 0 1 0 0 1
+1 1
+5 1
-6 5
+6 2 0 1
cfi=(307)
cfn=(2038)
calls=1 32 
* 151 42 23 21 0 0 21
* 2
+80 5 0 1 1 0 0 1
cfi=(314)
cfn=(2058)
calls=1 25 
* 26 3 1
* 2 1
+21 2 1
+14 3 1 0 1 0 0 1
fi=(306)
73 1 1
fe=(296)
324 1
fi=(306)
73 1
fe=(296)
325 1 0 1
-1 2
fi=(306)
73 142 142
fe=(296)
324 142
fi=(306)
73 142
fe=(296)
325 142 0 142
-1 292 1 2
+8 5 0 1 1 0 0 1
cfi=(304)
cfn=(2016)
calls=1 34 
* 95 23 16
* 40 0 8
cfi=(304)
cfn=(2016)
calls=8 34 
* 760 184 128
* 18
fi=(315) ./time/../include/stdio.h
-48 54 27 9
fe=(296)
+53 18
+2 27 9 9 1 0 1 1 0 1
fi=(315)
-55 54 27 9 0 1 0 0 1
fe=(296)
+57 27
+3 9 9
-16 18 9 0 1 0 0 1
+16 9 0 9
fi=(306)
52 18 9
fe=(296)
345 9 0 9
-17 12 2
+20 7 2 2 1 0 0 1
cfi=(304)
cfn=(2016)
calls=1 34 
* 91 23 16
* 3 1
+3 2 1
+16 6 1 0 1 0 0 1
fi=(315)
-83 27 9 9
fe=(296)
+88 27 9 9
-5 27
fi=(315)
-83 27 18 0 1 0 0 1
fe=(296)
+67 1 0 0 1 0 0 1
+23 4 1
+3 3
fi=(315)
-93 27 9 9
fe=(296)
+98 18 0 9
-5 29 0 0 1 0 0 1
fi=(315)
-93 27 18
fe=(296)
384 4 1 0 1 0 0 1
+4 2 1
+2 2
fi=(315)
284 6 3 1
fe=(296)
392 2
+12 1 0 0 1 0 0 1
+3 1
-3 1 0 1
cfi=(316)
cfn=(2062)
calls=1 34 
* 505 139 90 33 2 0 32
+3 1
+1 36 27 9
cfi=(294)
cfn=(2078)
calls=9 120 
* 1701 346 201 32 1 0 26
* 18
-1 29 10
+7 2 1 0 1 0 0 1
+2 1 1
+11 1
-13 1 0 1
+2 4
+2 4 2
+1 8 6
+2 4 2 0 1 0 0 1
+4 6 4 2
cfi=(294)
cfn=(2078)
calls=2 120 
* 239 50 16
* 2 0 2
+2 10 2
+4 2 1
+7 2 1
+3 1 1
+2 1 1 0 1 0 0 1
-2 2
+29 4 2 0 0 1
+1 1
-1 1 0 1
+1 3 1 1
-78 6 1 1 1 0 0 1
cfi=(304)
cfn=(2016)
calls=1 34 
* 91 23 16 0 1 0 0 1
* 2
+4 2 1 1
+4 4 1 0 1 0 0 1
+55 2 2 0 1 0 0 1
-10 1
+10 1
-9 1 0 1
+9 1
-9 1 0 1
+1 2
+3 4 2
+3 2 1
-1 1
+1 1 0 1
+7 4
+3 3
-13 4 0 0 1 0 0 1
+5 7 2 0 1 0 0 1
+11 10 3 2 1 0 0 1
-8 2 1 0 1 0 0 1
-1 1
+1 2 0 1

fn=(2082)
582 24 0 16 4 0 0 2
+3 4
762 2 2 0 2 0 0 1
-4 2 2 0 0 1
-4 10 2 2
+1 4 0 2
+3 2
+2 4 0 0 2 0 0 1
+19 16 14

fl=(303) ./io/../sysdeps/unix/sysv/linux/fstatat64.c
fn=(2014) fstatat
153 8 0 0 3 0 0 1
-55 8
+70 12 0 0 3 0 0 1
+1 4 4

fl=(110)
fn=(362)
29 3 0 0 2 0 0 1
fi=(111) ./string/../sysdeps/x86_64/multiarch/ifunc-memcmp.h
+5 6 6
+1 3 3 0 0 1
-1 6
+1 6
+1 6 0 0 2 0 0 1
+1 9 3
+2 6
+4 9
+3 9 0 0 2 0 0 1
fe=(110)
-17 3 3

fl=(302)
fn=(2012)
29 8 0 0 3 0 0 1
+1 8
+5 12
cfi=(303)
cfn=(2014)
calls=4 153 
* 32 4 0 6 0 0 2

fl=(353) ./stdio-common/./stdio-common/vfscanf-internal.c
fn=(2504) __vfscanf_internal
278 858 0 528 2 0 2 2
+10 330 198 132 0 0 1
+1 66 66 0 0 1
fi=(354) ./stdio-common/../include/scratch_buffer.h
78 66 0 66
fe=(353)
289 66 0 66 0 0 1
fi=(354)
77 132 0 66 1 0 0 1
fe=(353)
339 66 66
fi=(354)
77 66 0 66
fe=(353)
339 264 66 198 0 0 1
+6 198 66
+3 264 132 0 1 0 0 1
+4 132 132
+13 66 66 0 0 1
-6 66 66
+8 132 66
-8 66 0 66 1 0 0 1
+8 66
+5 66 0 66 0 0 1
-5 66 0 66
+5 396 66 198
cfi=(299)
cfn=(1996)
calls=66 24 
* 660 198 264
* 198 66 0 1 0 0 1
+9 66 66
-4 66 0 66
+4 198 66 0 0 1 0 0 1
570 66
284 66
-1 66
+10 66 0 66
-11 66 0 66
570 132 0 66 1 0 0 1
2428 264
328 132 0 132
+4 66
-5 66 0 66
-1 66 0 66 1 0 0 1
-1 66 0 66
-12 66 0 66
2179 66 0 66
2428 66 0 66
2179 330
418 396
+24 396 198 0 1 0 0 1
+1 396
+3 330 198
+7 528 198 66
+8 66 66
-8 66
+8 132
+8 198
-27 132 0 132
-61 792 396 0 1 0 0 1
3014 330 66
222 264 132 0 1 0 0 1
+1 264 264
-1 132
488 132 132
222 132
488 264
222 132 0 132
488 264
345 132 0 0 1 0 0 1
482 132 0 132 1 0 0 1
+22 528 0 132
+25 132 0 132 1 0 0 1
-4 528
+7 1320 132 132 1 1 0 1 1
+80 264 0 0 1 0 0 1
+5 132 132
-1 264 0 132
+1 264
+1 396
+3 396 264 132 1 0 0 1
+1 1056 264 396
+6 792 396 132
+3 264 132 0 0 1
-3 132
+3 528 132 0 0 1
-3 264 0 0 1 0 0 1
+4 924 396 264 2 0 0 2
+1 660
+4 264 0 132
-4 264 0 264
cfi=(244)
cfn=(2506)
calls=132 +2 
* 2508 792 528 3 0 0 3
+4 1056 264 0 1 1 0 1 1
3024 264 132 66 2 0 0 2
cfi=(299)
cfn=(1998)
calls=66 39 
* 528 198 132
fi=(354)
85 198 132
fe=(353)
3028 132 66
+17 132 66
+6 792 660 0 1 0 0 1
545 396 132 0 1 0 0 1
+8 132 0 132
-21 264 132
1376 132 0 132 1 0 0 1
+21 1320 528 132 1 0 0 1
+5 396
+9 984 132 0 1 0 0 1
+3 384
260 96 96
1414 96 0 96
260 288 96 0 1 0 0 1
+3 288 0 192
1417 672 288 96
+2 768 384 0 1 1 0 1 1
+11 96 96
1732 192
1430 192
1732 264 0 0 1 0 0 1
+9 132 132
fi=(354)
113 396 132
fe=(353)
1741 264 0 132
fi=(354)
113 396 0 132
fe=(353)
260 2024 2024 0 1 0 0 1
1796 1012
260 2024
+3 3036 0 2024 1 0 0 1
1798 4048
+2 9108 3036 1012
-68 2024
+2 2288 1144 0 1 0 0 1
+2 6248 3564 132 0 1 0 0 1
+67 264 0 0 1 0 0 1
206 132 132
1810 264
214 264
1811 264
+28 792 0 132
cfi=(244)
cfn=(2506)
calls=132 635 
* 2508 792 528
260 396 264 0 1 0 0 1
+3 396 0 264
1843 264 132
1668 132 132
206 132 132
1861 264 132 0 1 0 0 1
1668 264
1860 396
+7 396 264
+3 660 132 132 1 0 0 1
+6 132
-4 264
+18 1188 396 264 1 0 0 1
+9 264 0 132
1434 108 36 0 2 0 0 2
+3 396 132 0 1 0 0 1
1864 132 0 132 1 0 0 1
cfi=(260)
cfn=(2508) __strtoul_internal
calls=132 97 
* 33832 4228 1452 13 5 0 2 3
* 264
+25 264 0 0 2 0 0 2
+1 396 132

fl=(369)
fn=(3132)
47 10 0 0 1 0 0 1
+3 10
+8 20
+2 5 5

fl=(122)
fn=(396)
33 1 0 0 1 0 0 1
fi=(101)
+3 2 2
+1 1 1
-1 2
+1 2
+2 2 0 0 1 0 0 1
+4 3
+3 3
fe=(122)
-13 1 1

fl=(403)
fn=(4842)
76 12 0 6 1 0 0 1
+1 6
-1 6
+1 18 0 6 0 0 2 0 0 1
fi=(404) ./posix/../malloc/dynarray-skeleton.c
243 6 6
fe=(403)
65 12
+38 24 6 6 1 0 0 1
+1 12 12

fl=(96)
fn=(326)
61 2 0 0 1 0 0 1
-20 4 4 0 0 1
+1 2 2 0 0 1
-1 4
-1 4 0 0 1 0 0 1
+2 4
+2 4
+4 6
+3 6
+10 2 2

fl=(116)
fn=(378)
29 1 0 0 1 0 0 1
fi=(101)
+7 2 2
+1 1 1
-1 2
+1 2
+2 2 0 0 1 0 0 1
+4 3
+3 3
fe=(116)
-17 1 1

fl=(149)
fn=(492)
29 1 0 0 1 0 0 1
fi=(150) ./debug/../sysdeps/x86_64/multiarch/ifunc-memmove.h
+24 3 2
-1 2
+4 3 1
+14 2
+2 2
+8 2
+8 2 0 0 1 0 0 1
+2 5 1 0 1 0 0 1
fe=(149)

fl=(214) ./csu/../csu/libc-start.c
fn=(978) __libc_start_main@@GLIBC_2.34
242 12 0 6 1 0 0 1
343 3
+1 3 0 1
cfi=(176)
cfn=(638)
calls=1 69 
* 75 14 15 0 0 1 0 0 1
+25 6 2 1 1 1 0 1
+6 2 2
-3 2
+10 2 1 1 1 1
cob=(2)
cfi=(51)
cfn=(1888) 0x0000000004bfd6d0
calls=1 0 
* 1012 331 147 21 52 0 2 4
+2 2
+8 4 0 1
cfi=(291)
cfn=(1894)
calls=1 29 
* 750930423 233701670 119379485 357662 25938922 1574086 30301 93377 96546
128 2 2 0 1 1 0 1
+6 3 1 0 0 1
+1 6 2 2 0 1
cob=(2)
cfi=(51)
cfn=(980) 0x000000000011f000
calls=1 0 
* 7 2 0 1 1 0 1
* 1 1
+3 1 1 0 0 1
+1 2
+3 2 2 0 1 1 0 1
+1 2 2
-1 1
+2 11 2 1
+1 8 2 4 0 1
cob=(9)
cfi=(213)
cfn=(1882) _GLOBAL__sub_I__ZN7cmdstan8internal11from_stringERNSt7__cxx1112basic_stringIcSt11char_traitsIcESaIcEEERd
calls=1 0 
* 2491 521 436 117 29 13 17 1 11
cob=(9)
cfi=(213)
cfn=(990) _GLOBAL__sub_I__ZN21model_model_namespace10profiles__B5cxx11E
calls=1 0 
* 155315 41691 20543 1253 1199 282 998 278 180
* 4 1 2 0 1
cob=(9)
cfi=(213)
cfn=(984) 0x000000000002d190
calls=1 0 
* 12 1 0 3 0 0 3
-1 10 3 0 3 0 0 1

fl=(249)
fn=(1220)
36 2 0 0 2 0 0 1
+4 2
-2 4
+1 6 2 0 0 1
+2 2 2

fl=(308)
fn=(2040)
33 2 0 0 1 0 0 1
+1 4
-1 12 0 6 1 0 0 1
+10 7 1
+16 2 2 0 1 0 0 1
fi=(312)
940 6
+2 4
+1 4
fe=(308)
59 2 2
+1 2
-1 4
+1 6 6
-1 2
cfi=(298)
cfn=(2042)
calls=2 900 
* 133 45 22 16 0 0 16
-16 2 1 0 1 0 0 1

fl=(351) ./stdio-common/./stdio-common/isoc99_sscanf.c
fn=(2496) __isoc99_sscanf
24 858 0 462 2 0 0 2
fi=(352) ./stdio-common/../libio/strfile.h
+69 264 0 0 1 0 0 1
fe=(351)
-69 198 66 66
fi=(352)
+69 132
-1 66 0 66
+1 66 0 66 1 0 0 1
cfi=(244)
cfn=(1198)
calls=66 563 
* 3036 528 1188 1
+1 66
+1 264
-1 66 0 66
+1 66 0 66
cfi=(245)
cfn=(1202)
calls=66 -59 
* 6690 1161 1056 7 0 0 3
fe=(351)
-64 198
-1 66
+1 66
-1 330 0 264 1 0 0 1
+1 66 0 66
cfi=(353)
cfn=(2504)
calls=66 278 
* 111850 26146 12858 61 14 6 50 8
+4 528 396 0 1 0 0 1

fl=(123)
fn=(400)
29 2 0 0 2 0 0 1
fi=(124)
+6 10 4 0 2 0 0 1
-1 4
+2 6 2
+5 4
-3 4
+9 6 0 0 2 0 0 1
+3 8
fe=(123)
-21 2 2

fl=(182)
fn=(686)
35 7 0 0 4 0 0 1
+1 28 7 7
+1 14
+6 7
+1 7 7

fl=(222)
fn=(1068)
28 96 0 32
+2 64
-1 32 0 32
+5 96 64

fl=(358) ./nptl/./nptl/pthread_attr_getstack.c
fn=(2530) pthread_attr_getstack@@GLIBC_2.34
24 1 0 0 1 0 0 1
+7 1 1
-7 1
+7 3 1 1
+7 1
-3 1 0 1
+3 1 1

fl=(278)
fn=(1482)
36 128 0 0 1 0 0 1
+1 128 128
-1 128
+1 256 128 0 1 0 0 1
+2 128 128

fl=(331)
fn=(2258)
31 186 0 0 51 0 0 1
+4 412
+2 196 196
+1 196 196
+1 392 0 0 46 0 0 1
+8 880 176
-5 10
+6 10 10

fl=(365)
fn=(2660)
25 164 0 0 36 0 0 1
+1 1148 164 0 13 0 0 1
+1 164 164

fl=(270) ./nptl/./nptl/pthread_getspecific.c
fn=(1320) pthread_getspecific@@GLIBC_2.34
24 5 0 0 4 0 0 1
+5 10
+1 15 5
+24 5 5 0 0 4
+1 10 0 0 4 0 0 1
+4 12 4 0 0 1
+5 10 5

fl=(98)
fn=(332)
29 3 0 0 1 0 0 1
fi=(93)
+24 9 6 0 0 1
-1 6
+4 9 3 0 1 0 0 1
+14 6
+2 6
+8 6
+8 6 0 0 1 0 0 1
+2 15 3 0 1 0 0 1
fe=(98)

fl=(83)
fn=(298)
31 2 0 0 1 0 0 1
fi=(84)
+2 10 4 0 0 1
-1 4 0 0 1 0 0 1
+2 6 2
+2 4
+4 6
+3 8
fe=(83)
-12 2 2 0 1 0 0 1

fl=(112)
fn=(366)
31 2 0 0 1 0 0 1
fi=(113) ./wcsmbs/../sysdeps/x86_64/multiarch/ifunc-wmemset.h
+2 10 4
+1 6 2
+2 4
+8 6
+3 8 0 0 1 0 0 1
fe=(112)
-16 2 2

fl=(117)
fn=(382)
31 1 0 0 1 0 0 1
fi=(422)
+1 5 2
fe=(117)
-1 1 1

fl=(234)
fn=(1168)
485 64 4 44 2 0 0 2
+9 4 0 4
+14 12
+4 16
+9 8 4
+4 4
-4 8 4 4 1 0 0 1
+4 4 0 4
cfi=(235)
cfn=(1170)
calls=4 23 
* 104 32 16 2 2 0 2
+3 8 0 4
cfi=(235)
cfn=(1170)
calls=4 23 
* 104 32 16 0 2
+19 4 4
-13 4
+11 4 0 4
-11 4 4
+10 4 0 4
+7 4
-4 4 0 4
-1 4 0 4
+5 4 0 4 1 0 0 1
cfi=(238)
cfn=(1176)
calls=4 24 
* 24 16 0 2 1 0 2
+16 4
-16 4 0 4
+9 4 0 4
+7 4 0 4
cfi=(235)
cfn=(1170)
calls=4 23 
* 104 32 16 0 2
+2 16 0 4
cfi=(239)
cfn=(1178)
calls=4 372 
* 88 24 16 3 0 0 3
+2 4
-2 8 0 4 1 0 0 1
+2 4 0 4
cfi=(240)
cfn=(1180)
calls=4 30 
* 160 28 12 4 0 0 3
+2 8
+28 20 8 0 0 1
fi=(241) ./intl/../include/../locale/localeinfo.h
206 24 8 0 2 1 0 2 1
fe=(234)
1539 4 0 4
cfi=(238)
cfn=(1176)
calls=4 24 
* 24 16
+29 4 4 0 0 1 0 0 1
-29 4
+29 12 4
650 8 0 4
cob=(2)
cfi=(51)
cfn=(936)
calls=4 0 
* 64 12 0 0 1 0 0 1
+1 4
-1 4 0 4
+1 4 0 4 1 0 0 1
cob=(2)
cfi=(51)
cfn=(936)
calls=4 0 
* 64 12 0 0 1 0 0 1
* 56 4 0 1 0 0 1
+4 4
-4 4
+4 4
-4 4 0 4
+4 4 0 4
cob=(2)
cfi=(51)
cfn=(1186) 0x0000000004bfd450
calls=4 0 
* 112 24 8 6 2 0 5 1
* 20 4 8
cob=(2)
cfi=(51)
cfn=(1190)
calls=4 0 
* 76 16 8 2 0 0 2
+5 4 0 0 1 0 0 1
-5 4 0 4
+5 4 0 4
cob=(2)
cfi=(51)
cfn=(936)
calls=4 0 
* 64 12
* 72 0 8 1 0 0 1
+9 12 4
+2 8
+25 16 8 0 1 0 0 1
857 48 36 0 1 0 0 1
-24 8 4 4 1 0 0 1
cob=(2)
cfi=(51)
cfn=(1120)
calls=4 0 
* 24 8 0 1 0 0 1
+2 8 0 4 1 0 0 1
cfi=(240)
cfn=(1180)
calls=4 30 
* 160 28 12
+2 8 0 4
cfi=(240)
cfn=(1180)
calls=4 30 
* 160 28 12
+15 12 8 4
+4 12 4
509 8
616 12 0 4 1 0 0 1
+35 8 0 4 1 0 0 1
+9 8 0 0 1 0 0 1
+24 12 0 4
-1 12 4
+6 4 4 0 0 1
-4 4 0 4
+4 12 4 0 1 0 0 1

fl=(188)
fn=(852)
126 3 0 2 1 0 0 1
+2 1
-2 9 0 4
+5 3 1 1
cfi=(189)
cfn=(854)
calls=1 -54 
* 43 11 5 7 1 0 7
+2 2 0 1
cob=(2)
cfi=(51)
cfn=(856) 0x0000000004bfd470
calls=1 0 
* 1089 353 151 6 17 0 5 2
+2 3 0 0 1 0 0 1
30 4 2 1
+4 2 1
+5 5 3
+1 1 1 0 1 0 0 1
+5 1 1 0 0 1
-7 1
+2 1 1
+2 1 1
-2 2 0 1
+2 2 1 1 0 1
+3 2
+4 5 2 0 1 0 0 1
-5 4
+5 1051
+2 262 262 0 0 15
+1 524
-1 1 1 0 0 1
+1 2
+2 543 181
+10 1196 299 0 1 0 0 1
+1 1680 635 0 0 43 0 0 15
+5 897 299 0 0 20
-10 897 0 0 1 0 0 1
+1 1794 299 0 0 70 0 0 20
+2 897
+37 2 0 0 1 0 0 1
+2 2
+3 2
+36 3 1 1 1 0 0 1
cfi=(191)
cfn=(862)
calls=1 367 
* 34 7 4 5 0 0 5
+3 9 7
-79 111 0 0 2 0 0 2
+52 1
+21 1
-21 2 0 1

fl=(194) ./string/../sysdeps/x86_64/multiarch/strcpy-avx2.S
fn=(1188) __stpcpy_avx2
53 4 0 0 1 0 0 1
+6 4
+7 4
+2 4
+1 4
+1 4
304 4 4 0 1 0 0 1
+1 4 4 0 0 1 0 0 1
+1 4
+1 4
+10 4
+1 4
+33 4 0 0 1 0 0 1
+2 4
+1 4
+1 4
+1 4
+1 4
+1 4
609 4 4 0 1 0 0 1
+1 4 4
+1 4 0 4
+1 4 0 4
+2 4 0 0 1 0 0 1
+8 8 4

fn=(876) __strncpy_avx2
53 1 0 0 1 0 0 1
+2 1
+1 1
+1 1
+2 1
+2 1
+5 1
+2 1
+1 1
+1 1
304 1 1 0 1 0 0 1
+1 1 1
+1 1
+1 1
+6 1
+2 1
+2 1
+1 1
+2 1 0 1 1 0 1 1
+1 1
+1 1
+6 1
+2 1
536 1 0 0 1 0 0 1
+1 1
+1 1
+2 1
+1 1 0 0 1 0 0 1
+1 1
728 1 1 0 1 0 0 1
+1 1 1
+1 1 0 1
+1 1 0 1 1 0 0 1
+7 2 1
963 1 0 0 1 0 0 1
+1 1
+1 1 0 0 1 0 0 1
+1 1
+1 1
+1 1

fn=(2936) __stpncpy_avx2
53 3 0 0 1 0 0 1
+2 3
+1 3
+1 3
+2 3
+7 3
+2 3
+1 3
+1 3
304 3 3 0 1 0 0 1
+1 3 3
+1 3
+1 3 0 0 1 0 0 1
+4 3
+4 3
+38 3 0 0 1 0 0 1
+1 3
+1 3
+1 3
+1 3
+1 3
+1 3
+1 3
+1 3
+1 3
+1 3
+1 3
+1 3
503 3 0 0 1 0 0 1
+1 3
+1 3
+35 3 0 0 1 0 0 1
+1 3
+8 3 3 0 1 0 0 1
+1 3 0 3
+2 3
+3 3
+1 3
+1 3
+2 6 3

fl=(205) ./nptl/./nptl/pthread_self.c
fn=(926) pthread_self
23 7 0 0 4 0 0 1
+2 14 14

fl=(357)
fn=(2516)
25 1 0 0 1 0 0 1
+1 2 1
-1 1 0 1
+3 4 0 1
cob=(2)
cfi=(51)
cfn=(2518) 0x0000000004bfd400
calls=1 -28 
* 1079 345 185 13 12 2 10 0 2
* 1 0 1
+1 2
-2 1
+5 2 2

fl=(92)
fn=(318)
29 3 0 0 2 0 0 1
fi=(93)
+24 9 6 0 0 2
-1 6
+4 9 3 0 0 1
+14 6
+2 6 0 0 2 0 0 1
+8 6
+8 6
+2 15 3 0 2 0 0 1
fe=(92)

fl=(260)
fn=(2508)
97 132 0 0 1
+1 396 264
cfi=(261)
cfn=(1262)
calls=132 225 
* 33304 3964 1452 12 5 0 2 3

fn=(2318) strtol
105 4 0 0 1 0 0 1
+1 16 8
cfi=(261)
cfn=(2320)
calls=4 225 
* 579 77 44 10 3 0 10

fn=(1260)
105 2 0 0 1 0 0 1
+1 8 4
cfi=(261)
cfn=(1262)
calls=2 225 
* 237 39 22 11 7 0 11 4

fl=(350)
fn=(2482)
41 660 0 528 2 0 0 2
+5 264
+6 396 66
+1 132
+6 327 196 0 1 0 0 1
+2 1 1
+1 1
-1 1 0 1
+1 1 0 1
cob=(2)
cfi=(51)
cfn=(1098)
calls=1 -62 
* 189 36 28 1 0 1 0 0 1
* 1 0 1
+1 2
+7 198 132
+1 132 0 0 1 0 0 1
-30 132
+55 72 72
-1 72
+7 72 72
-7 72
+1 216 72
+4 3
+2 2 0 2
cob=(2)
cfi=(51)
cfn=(2484)
calls=1 0 
* 1216 382 203 20 20 4 14 1 3
+1 2 1 0 1 0 0 1
-1 1
+1 1
+5 1 0 1
+1 1 1
+2 1 1
-2 1 0 1
+2 4 0 1
cob=(2)
cfi=(51)
cfn=(1136)
calls=1 0 
* 32 11 8 1
* 284 0 71
cob=(2)
cfi=(51)
cfn=(1136)
calls=71 0 
* 1516 455 268
+1 72 0 72
+2 156 0 6
cfi=(244)
cfn=(2028)
calls=6 269 
* 810 234 126
* 12
+2 12 12
-21 6
+21 6
-31 30 6 12
cob=(2)
cfi=(51)
cfn=(1256)
calls=6 -85 
* 213 31
* 330 66 132 1 0 0 1
cob=(2)
cfi=(51)
cfn=(1256)
calls=66 -85 
* 2677 394 0 12 16 0 9 15
+2 72 72
-2 72
+2 288 0 0 1 0 0 1
+1 288
fi=(309)
883 132
fe=(350)
124 594 462 0 1 0 0 1
-6 132 66 66 1 0 0 1
fi=(309)
883 132 66
fe=(350)
73 2 0 1 1 0 0 1
cfi=(244)
cfn=(2028)
calls=1 269 
* 454 103 66 29 4 1 1 0 1
* 2
+5 4 2

fl=(371) ./stdlib/./stdlib/strtod.c
fn=(3260) strtod
81 1 0 0 1 0 0 1
+1 4 2 0 0 1
cfi=(372)
cfn=(3262)
calls=1 508 
* 394 70 44 46 9 0 43 2

fl=(299)
fn=(1996)
24 76 0 0 7 0 0 1
+3 152 76 76 0 3
+3 304 76 76 0 7
+1 76 0 76
+2 76 0 76
+1 76 76

fn=(1998)
39 76 0 0 7 0 0 1
+3 152 76 76
+2 152 76 76
+1 152
+2 76 76

fl=(326)
fn=(2188)
27 1447 0 0 51 0 0 1
+1 13023 1447 0 85 45 0 1
+7 1447 1447

fl=(104)
fn=(348)
66 1 0 0 1 0 0 1
-25 4 2 0 1 0 0 1
+1 3 1
+2 2
+5 3
+3 3
+14 1 1 0 1 0 0 1

fl=(333) ./csu/./csu/errno-loc.c
fn=(2314) __errno_location
25 5 0 0 2 0 0 1
+1 10 10
+1 5 5

fl=(347) ./nptl/./nptl/pthread_getattr_np.c
fn=(2476) pthread_getattr_np@@GLIBC_2.32
33 9 0 6 1 0 0 1
+4 1
-4 4 1 1 1 0 0 1
+4 1 0 1
cfi=(348)
cfn=(2478)
calls=1 -5 
* 20 5 7 2 0 0 1
* 1
+1 2
207 12 9
43 7 0 2 1 0 1 1
+4 2 1 1
+5 1 1
-3 4 1 1 1 0 0 1
+6 2 1
+4 2 1 1 0 1
+3 3 1
+50 3 0 0 1 0 0 1
+66 1
+2 4 0 1
cob=(2)
cfi=(51)
cfn=(2484)
calls=1 0 
* 70 19 12 0 1
* 1
+1 2 0 0 1 0 0 1
+7 4 0 1
cfi=(355)
cfn=(2512)
calls=1 30 
* 34 4 3 6 1 0 2
+3 2
+2 2
+5 2 0 1
cob=(2)
cfi=(51)
cfn=(1120)
calls=1 0 
* 91 29 15
+3 4 1 1
+2 2
-9 4 0 1 1 0 0 1
cfi=(356)
cfn=(2514)
calls=1 29 
* 1360 404 233 17 12 3 14 0 3
* 2
85 3 0 1 1 0 0 1
cfi=(297)
cfn=(1990)
calls=1 * 
* 488 111 115 39 11 6
* 1
+1 2
+5 3 0 1 1 0 0 1
cfi=(161)
cfn=(528)
calls=1 -53 
* 10 1 0 1
* 2
+74 2 0 1
cfi=(316)
cfn=(2062)
calls=1 34 
* 462 130 86 29 1
+6 1 1
-2 1 0 1
+2 2
-68 1 1 0 1 0 0 1
+14 3
-14 2 1 1
-1 3 2 1 0 1
+6 3 1 0 1 0 0 1
+12 1
-12 1 0 1
+12 1 0 1
-6 1 0 1
+1 1 0 1
+5 4 0 1
+7 396 66 66
cfi=(351)
cfn=(2496)
calls=66 24 
* 124876 28297 16224 75 14 6 59 8
* 132
+2 132 132
+1 66 66
-1 132 66
+1 197
-10 130 65
+2 264 0 66 2 0 0 2
cfi=(349)
cfn=(2480)
calls=66 -95 
* 12766 3012 1595 75 40 6 36 16 5
* 132
+40 2 1 1
cob=(2)
cfi=(51)
cfn=(1120)
calls=1 0 
* 91 29 15
* 1
-59 1 1
-1 1 1
+1 4 1 0 1 0 0 1
-1 1
+3 1
+30 1
-2 1 0 1
+12 1
-10 3 1
+6 1
-1 4 0 1

fl=(367) ./io/../sysdeps/unix/sysv/linux/read.c
fn=(2846) read
25 288 0 0 4 0 0 1
+1 1728 288
+1 288 288

ob=(2)
fl=(51)
fn=(914)
0 2 1 0 1 0 0 1
cob=(3)
cfi=(203)
cfn=(916)
calls=1 53 
0 48 10 9 3 0 1 3

fn=(946)
0 4 2
cob=(3)
cfi=(191)
cfn=(862)
calls=2 367 
0 68 14 8

fn=(1008) 0x0000000000120770
0 4 2 0 2 2 0 1
cob=(7)
cfi=(175)
cfn=(1010)
calls=2 0 
0 1218 320 138 25 27 0 12 5

fn=(1028) 0x0000000000120170
0 8 4 0 3 2 0 1
cob=(8)
cfi=(209)
cfn=(1030)
calls=4 294 
0 41812 10956 5954 591 394 104 358 66 40

fn=(1054)
0 14 7 0 2 2
cob=(3)
cfi=(218)
cfn=(1056)
calls=7 77 
0 11958 3157 1792 209 118 48 55 5 23

fn=(1140)
0 4 2
cob=(3)
cfi=(232)
cfn=(1144)
calls=2 25 
0 1296 163 31 2 0 0 2
cob=(1)
cfi=(164)
cfn=(540)
calls=1 67 
0 921 306 142 3 9 0 0 3
0 5 2 2

fn=(1148)
0 4 2
cob=(3)
cfi=(220)
cfn=(1150)
calls=2 109 
0 1726 492 239 8 24 21 6 3 18

fn=(1274)
0 8 4 0 2 1
cob=(7)
cfi=(175)
cfn=(1278)
calls=4 0 
0 1320 370 232 12 18 3 3 0 3
cob=(1)
cfi=(164)
cfn=(540)
calls=1 67 
0 727 261 138 0 14 0 0 1
0 5 2 2

fn=(1306)
0 16 8 0 4 4 0 1
cob=(8)
cfi=(267)
cfn=(1310)
calls=8 38 
0 216 56 32 12 5 0 3
cob=(1)
cfi=(164)
cfn=(540)
calls=1 67 
0 950 257 128 0 7 0 0 2
0 5 2 2 1 0 0 1

fn=(1328)
0 8364 4182 0 694 680 0 1
cob=(7)
cfi=(175)
cfn=(1332)
calls=4182 0 
0 184740 63884 35153 3159 1822 220 330 748 96
cob=(1)
cfi=(164)
cfn=(540)
calls=1 67 
0 747 251 132 0 10
0 5 2 2 1 0 0 1

fn=(1356)
0 2 1 0 1 1 0 1
cob=(7)
cfi=(175)
cfn=(1360)
calls=1 0 
0 4283 1268 680 33 55 11 31 14 9
cob=(1)
cfi=(164)
cfn=(540)
calls=1 67 
0 824 268 137 0 9 0 0 1
0 5 2 2 1 0 0 1

fn=(1408)
0 2 1 0 1 1 0 1
cob=(7)
cfi=(175)
cfn=(1412)
calls=1 0 
0 37 10 7 2 1 2 2 0 2
cob=(1)
cfi=(164)
cfn=(540)
calls=1 67 
0 891 269 132 0 6 0 0 1
0 5 2 2 1 0 0 1

fn=(1462)
0 5796 2898 0 51 51 0 1
cob=(3)
cfi=(274)
cfn=(1466)
calls=2898 30 
0 63756 26082 11592 102 246 0 2
cob=(1)
cfi=(164)
cfn=(540)
calls=1 67 
0 878 304 142 0 15 0 0 4
0 5 2 2 1 0 0 1

fn=(1468)
0 256 128 0 1 1 0 1
cob=(3)
cfi=(275)
cfn=(1472)
calls=128 30 
0 3456 896 512 3 0 0 3
cob=(1)
cfi=(164)
cfn=(540)
calls=1 67 
0 937 322 152 2 16 0 0 3
0 5 2 2 1 0 0 1

fn=(1532)
0 2 1 0 1 1 0 1
cob=(7)
cfi=(175)
cfn=(1536)
calls=1 0 
0 168 12 30 14 0 0 14
cob=(1)
cfi=(164)
cfn=(540)
calls=1 67 
0 1155 302 132 0 9 0 0 3
0 5 2 2 1 0 0 1

fn=(1736)
0 5084 2542 0 683 670 0 1
cob=(7)
cfi=(175)
cfn=(1740)
calls=2542 0 
0 7626 2542 0 674 0 0 1
cob=(1)
cfi=(164)
cfn=(540)
calls=1 67 
0 938 276 132 0 7 0 0 2
0 5 2 2 1 0 0 1

fn=(1778)
0 8 4 0 1 1 0 1
cob=(7)
cfi=(175)
cfn=(1782)
calls=4 0 
0 7598 2012 872 20 48 0 20 13
cob=(1)
cfi=(164)
cfn=(540)
calls=1 67 
0 1146 302 132 0 8 0 0 2
0 5 2 2 1 0 0 1

fn=(1796)
0 8 4 0 1 1 0 1
cob=(7)
cfi=(175)
cfn=(1800)
calls=4 0 
0 12 4 0 1 0 0 1
cob=(1)
cfi=(164)
cfn=(540)
calls=1 67 
0 1290 320 132 0 6 0 0 2
0 5 2 2 1 0 0 1

fn=(1808)
0 8 4 0 1 1 0 1
cob=(7)
cfi=(175)
cfn=(1812)
calls=4 0 
0 12 4
cob=(1)
cfi=(164)
cfn=(540)
calls=1 67 
0 1306 322 132 0 7 0 0 2
0 5 2 2 1 0 0 1

fn=(2114) 0x0000000000120390
0 1656 828 0 690 670 0 2 667
cob=(7)
cfi=(175)
cfn=(2116)
calls=828 0 
0 705456 216108 163944 26272 17618 891 6 669

fn=(2236)
0 1830 915 0 683 687 0 1
cob=(7)
cfi=(175)
cfn=(2240)
calls=915 0 
0 10065 4575 2745 1416 359 0 2
cob=(1)
cfi=(164)
cfn=(540)
calls=1 67 
0 1009 281 132 2 10 0 0 1
0 5 2 2 1 0 0 1

fn=(2242)
0 1748 874 0 678 672 0 1
cob=(7)
cfi=(175)
cfn=(2246)
calls=874 0 
0 11362 4370 3496 757 0 0 1
cob=(1)
cfi=(164)
cfn=(540)
calls=1 67 
0 937 272 132 0 6 0 0 1
0 5 2 2 1 0 0 1

fn=(2284)
0 372 186 0 11 7
cob=(3)
cfi=(208)
cfn=(2288)
calls=186 83 
0 4158 930 0 35 14 0 4 4
cob=(1)
cfi=(164)
cfn=(540)
calls=1 67 
0 858 303 144 45 72 7 0 1
0 5 2 2 1 1

fn=(2300)
0 352 176 0 11 13 0 1
cob=(3)
cfi=(207)
cfn=(938)
calls=176 50 
0 2524 362 0 10 19 0 0 15
cob=(1)
cfi=(164)
cfn=(540)
calls=1 67 
0 862 303 144 3 13
0 5 2 2 1 0 0 1

fn=(2312) 0x000000000011ff00
0 10 5 0 2 2 0 2 1
cob=(3)
cfi=(333)
cfn=(2314)
calls=5 25 
0 20 15 0 2 0 0 1

fn=(2330) 0x000000000011ff40
0 2 1 0 1 1
cob=(3)
cfi=(260)
cfn=(2318)
calls=1 105 
0 240 26 11

fn=(4520)
0 2 1 0 1 1 0 1
cob=(7)
cfi=(175)
cfn=(4524)
calls=1 0 
0 898 319 159 12 40 1 6 5
cob=(1)
cfi=(164)
cfn=(540)
calls=1 67 
0 939 275 132 43 46 5 0 2
0 5 2 2 2 1 0 1

fn=(2548)
0 4 2 0 2 2
cob=(3)
cfi=(360)
cfn=(2552)
calls=2 25 
0 71 14 13 6 1 0 3
cob=(1)
cfi=(164)
cfn=(540)
calls=1 67 
0 1128 351 154 2 12 0 0 3
0 5 2 2 1 0 0 1

fn=(2604)
0 174 87 0 3 3 0 1
cob=(7)
cfi=(175)
cfn=(1970)
calls=87 0 
0 16380 4224 2613 23 3
cob=(1)
cfi=(164)
cfn=(540)
calls=1 67 
0 1231 320 137 3 22
0 5 2 2 2 1 0 1

fn=(2832)
0 690 345 0 7 14
cob=(7)
cfi=(175)
cfn=(2836)
calls=345 0 
0 5000 2026 144 43 65 0 0 3
cob=(1)
cfi=(164)
cfn=(540)
calls=1 67 
0 843 263 132 0 6 0 0 1
0 5 2 2

fn=(2838)
0 690 345 0 17 14
cob=(3)
cfi=(301)
cfn=(2010)
calls=345 32 
0 2415 1035 0 17 28
cob=(1)
cfi=(164)
cfn=(540)
calls=1 67 
0 855 299 142 4 13 0 0 3
0 5 2 2 1

fn=(2874) 0x0000000000120cf0
0 10 5 0 4 4 0 1 3
cob=(7)
cfi=(175)
cfn=(1332)
calls=5 0 
0 125 50 30 2

fn=(2880) 0x0000000000120580
0 2 1 0 1 0 0 1
cob=(7)
cfi=(175)
cfn=(1722)
calls=1 0 
0 20 7 3

fn=(2938)
0 16 8 0 3 4 0 1
cob=(7)
cfi=(175)
cfn=(2940)
calls=8 0 
0 862 258 128 4 9 1

fn=(2942) 0x0000000000120960
0 22 11 0 3 3 0 1 1
cob=(7)
cfi=(175)
cfn=(2944)
calls=11 0 
0 977 242 148 10 0 0 4

fn=(2950) 0x000000000011ff20
0 2 1 0 1 1
cob=(7)
cfi=(175)
cfn=(2952)
calls=1 0 
0 9 2 3 1 0 0 1

fn=(3202)
0 8 4 0 2 2 0 1
cob=(7)
cfi=(175)
cfn=(3206)
calls=4 0 
0 1735 552 316 76 66 0 1 6
cob=(1)
cfi=(164)
cfn=(540)
calls=1 67 
0 867 266 132 0 8 0 0 2
0 5 2 2 1 0 0 1

fn=(3286)
0 300 150 0 43 43
cob=(7)
cfi=(175)
cfn=(2208)
calls=150 0 
0 10284 2488 1951 18 2 254 7
cob=(1)
cfi=(164)
cfn=(540)
calls=1 67 
0 1058 291 132 41 45 11 0 2
0 5 2 2 2 1

fn=(3472) 0x0000000000120430
0 9414 4707 0 222 716 0 1 668
cob=(4)
cfi=(380) ./math/./w_log_template.c
cfn=(3474) log@@GLIBC_2.29
calls=4707 31 
0 231921 49802 0 2944 5270 0 12 35

fn=(3682) 0x0000000000120670
0 20 10 0 1 1
cob=(7)
cfi=(175)
cfn=(3684)
calls=10 0 
0 4063 1067 658 168 85 31 14 2

fn=(3722)
0 294 147 0 4 2 0 1
cob=(7)
cfi=(175)
cfn=(3726)
calls=147 0 
0 4030 1647 294 19 70 0 4 2
cob=(1)
cfi=(164)
cfn=(540)
calls=1 67 
0 763 253 132 0 10 0 0 1
0 5 2 2 1 0 0 1

fn=(3944) 0x0000000004bb85f0
0 120 60 0 10 5 0 1
cob=(3)
cfi=(271)
cfn=(1372)
calls=60 136 
0 446 133 37 10 7 0 3
cob=(1)
cfi=(164)
cfn=(540)
calls=1 67 
0 992 338 154 0 16
0 5 2 2 1 0 0 1

fn=(4308) 0x0000000000120c60
0 40 20 0 5 5 0 1
cob=(7)
cfi=(175)
cfn=(4310)
calls=20 0 
0 305004 55282 29938 125 166 12 6 53

fn=(4350)
0 60 30 0 5 5 0 1
cob=(7)
cfi=(175)
cfn=(4354)
calls=30 0 
0 60 30 0 5 0 0 1
cob=(1)
cfi=(164)
cfn=(540)
calls=1 67 
0 771 254 132 0 8
0 5 2 2 1 0 0 1

fn=(4398)
0 154 77 0 6 6 0 1
cob=(7)
cfi=(175)
cfn=(4402)
calls=77 0 
0 2387 924 154 10 6 0 1
cob=(1)
cfi=(164)
cfn=(540)
calls=1 67 
0 856 272 137 3 12 1 0 1
0 5 2 2 1 0 0 1

fn=(634)
0 18 9 0 1 1 0 1
cob=(3)
cfi=(176)
cfn=(638)
calls=9 69 
0 671 126 136 7 2 5 7 0 1
cob=(1)
cfi=(164)
cfn=(540)
calls=1 67 
0 1001 323 147 0 21 0 0 1
0 5 2 2 1 0 0 1

fn=(880)
0 6 3 0 2 2 0 1
cob=(8)
cfi=(196)
cfn=(884)
calls=3 198 
0 8457 3061 721 68 211 25 60 14 3
cob=(1)
cfi=(164)
cfn=(540)
calls=1 67 
0 806 239 128 0 6
0 5 2 2 1 0 0 1

fn=(892)
0 6 3 0 2 2 0 1
cob=(8)
cfi=(197)
cfn=(896)
calls=3 205 
0 6268 2480 404 52 196 22 51 11
cob=(1)
cfi=(164)
cfn=(540)
calls=1 67 
0 750 232 128 0 5
0 5 2 2 1 0 0 1

fn=(940)
0 4 2 0 1 1 0 1
cob=(3)
cfi=(208)
cfn=(942)
calls=2 83 
0 54 10 0 2 0 0 2

fn=(1160)
0 4 2
cob=(3)
cfi=(219)
cfn=(1164)
calls=2 33 
0 6791 1413 1036 150 31 22 117 13 10
cob=(1)
cfi=(164)
cfn=(540)
calls=1 67 
0 838 300 142 0 11 0 0 4
0 5 2 2 1

fn=(1322) 0x0000000000120490
0 40 20 0 2 2
cob=(3)
cfi=(176)
cfn=(638)
calls=20 69 
0 1500 280 300 24 11 17 0 0 10

fn=(1368)
0 2924 1462 0 64 51 0 1
cob=(3)
cfi=(271)
cfn=(1372)
calls=1462 136 
0 10961 3562 310 73 79 2 22 7
cob=(1)
cfi=(164)
cfn=(540)
calls=1 67 
0 1010 337 154 2 16 0 0 6
0 5 2 2 1 0 0 1

fn=(1514)
0 2 1 0 1 1 0 1
cob=(7)
cfi=(175)
cfn=(1518)
calls=1 0 
0 109 30 31 6 1 0 6
cob=(1)
cfi=(164)
cfn=(540)
calls=1 67 
0 1283 318 132 0 8 0 0 1
0 5 2 2 1 0 0 1

fn=(1520)
0 2 1 0 1 1 0 1
cob=(7)
cfi=(175)
cfn=(1524)
calls=1 0 
0 109 30 31 6 0 0 6
cob=(1)
cfi=(164)
cfn=(540)
calls=1 67 
0 1251 314 132 0 8
0 5 2 2 1 0 0 1

fn=(1526)
0 2 1 0 1 1 0 1
cob=(7)
cfi=(175)
cfn=(1530)
calls=1 0 
0 1358 323 173 18 11 0 18 3
cob=(1)
cfi=(164)
cfn=(540)
calls=1 67 
0 1026 287 132 0 5
0 5 2 2 1 0 0 1

fn=(1766)
0 5084 2542 0 780 681
cob=(7)
cfi=(175)
cfn=(1770)
calls=2542 0 
0 48298 22878 5084 674 677 0 1
cob=(1)
cfi=(164)
cfn=(540)
calls=1 67 
0 1314 323 132 0 8 0 0 3
0 5 2 2 1

fn=(2118) 0x00000000001209e0
0 2896 1448 0 103 8 0 1 7
cob=(7)
cfi=(175)
cfn=(2120)
calls=1448 0 
0 3887351 852871 591902 22050 2687 766 232 110 1

fn=(2222)
0 322 161 0 54 1 0 1
cob=(7)
cfi=(175)
cfn=(1912)
calls=161 0 
0 23984 5288 3809 1096 121 208
cob=(1)
cfi=(164)
cfn=(540)
calls=1 67 
0 1186 307 132 0 8
0 5 2 2 1 0 0 1

fn=(2278) 0x00000000001205d0
0 126 63 0 4 1 0 2 1
cob=(7)
cfi=(175)
cfn=(2280)
calls=63 0 
0 15560 4830 2558 198 218 7 18 84

fn=(2292) 0x0000000000120750
0 50 25 0 3 3 0 1 1
cob=(7)
cfi=(175)
cfn=(2294)
calls=25 0 
0 1123 200 74 15 3 1 2

fn=(2296) 0x0000000000120020
0 154 77 0 5 8 0 3 3
cob=(7)
cfi=(175)
cfn=(2298)
calls=77 0 
0 6072 1498 607 31 37 0 4 7

fn=(2304) 0x0000000000120140
0 1411080 705540 0 7 19 0 1 3
cob=(3)
cfi=(281)
cfn=(1500)
calls=705540 71 
0 7057278 2116694 0 17 28 0 1

fn=(2402)
0 16 8 0 0 1
cob=(3)
cfi=(177)
cfn=(664)
calls=8 3287 
0 1479 267 226 7 9 9 0 0 8

fn=(2616)
0 256 128 0 11 11
cob=(3)
cfi=(362)
cfn=(2620)
calls=128 31 
0 13811 3438 2366 202 48 7 21 2 3
cob=(1)
cfi=(164)
cfn=(540)
calls=1 67 
0 829 299 142 0 20 0 0 5
0 5 2 2 1

fn=(2642) 0x0000000000120360
0 368 184 0 51 4 0 2 2
cob=(7)
cfi=(175)
cfn=(2644)
calls=184 0 
0 44315 15273 7011 510 146 1 36 56

fn=(2732) 0x0000000000120540
0 4 2 0 2 2 0 1 1
cob=(7)
cfi=(175)
cfn=(2734)
calls=2 0 
0 4548 1340 710 29 53 15 17 3

fn=(2804) 0x00000000001206f0
0 1175228 587614 0 1 9 0 1
cob=(7)
cfi=(175)
cfn=(2806)
calls=587614 0 
0 92897454 27633950 17636431 173 1363 23 37 136

fn=(3306)
0 112 56 0 3
cob=(3)
cfi=(365)
cfn=(2660)
calls=56 25 
0 504 112 0 19
cob=(1)
cfi=(164)
cfn=(540)
calls=1 67 
0 866 311 147 3 37 0 0 5
0 5 2 2 1

fn=(3314)
0 144 72 0 52 49 0 1
cob=(7)
cfi=(175)
cfn=(2944)
calls=72 0 
0 8460 2100 1245 504 246 10
cob=(1)
cfi=(164)
cfn=(540)
calls=1 67 
0 1122 299 132 0 11 6
0 5 2 2 1 0 0 1

fn=(3332) 0x000000000011ff10
0 2 1
cob=(7)
cfi=(175)
cfn=(3334)
calls=1 0 
0 967 319 146 12 23 4 6 4

fn=(3502) 0x0000000004adc300
0 2772 1386 0 674 2 0 1
cob=(4)
cfi=(387) ./math/../sysdeps/ieee754/dbl-64/e_pow.c
cfn=(3504) __ieee754_pow_fma
calls=1386 283 
0 86322 14411 673 8201 2727 0 17 23

fn=(3574)
0 1424 712 0 667 671
cob=(7)
cfi=(175)
cfn=(1944)
calls=712 0 
0 26344 7832 5696 1681 356
cob=(1)
cfi=(164)
cfn=(540)
calls=1 67 
0 1162 304 132 44 46 7 0 1
0 5 2 2 2 1

fn=(3718) 0x0000000000120af0
0 20 10 0 6 6 0 0 5
cob=(7)
cfi=(175)
cfn=(3720)
calls=10 0 
0 293815 50295 26221 1033 837 69 198 331

fn=(4058)
0 240 120 0 6 5 0 1
cob=(6)
cfi=(173)
cfn=(4062) _Unwind_GetLanguageSpecificData
calls=120 0 
0 360 240 0 5 0 0 1
cob=(1)
cfi=(164)
cfn=(540)
calls=1 67 
0 1088 313 139 4 19 0 0 7
0 5 2 2 1 0 0 1

fn=(4284) 0x0000000000120b60
0 50 25 0 0 6
cob=(6)
cfi=(173)
cfn=(4286) _Unwind_Resume
calls=25 0 
0 280345 49685 26225 49 26 11 8 2

fn=(4312)
0 40 20 0 5 5 0 1
cob=(7)
cfi=(175)
cfn=(3680)
calls=20 0 
0 2004 344 555 36 14 12
cob=(1)
cfi=(164)
cfn=(540)
calls=1 67 
0 811 259 132 5 13
0 5 2 2 1 1 0 1

fn=(4316)
0 40 20 0 5 6 0 1
cob=(7)
cfi=(175)
cfn=(3720)
calls=20 0 
0 301140 54310 29015 62 105 0 0 53
cob=(1)
cfi=(164)
cfn=(540)
calls=1 67 
0 699 245 132 0 7
0 5 2 2 1 0 0 1

fn=(4428)
0 82 41 0 41 41
cob=(7)
cfi=(175)
cfn=(2878)
calls=41 0 
0 287 123 41 82
cob=(1)
cfi=(164)
cfn=(540)
calls=1 67 
0 763 253 132 43 45 8 0 1
0 5 2 2 2 1

fn=(4714) 0x00000000001205e0
0 2 1 0 0 1
cob=(8)
cfi=(336)
cfn=(4716)
calls=1 909 
0 4947 1503 753 45 114 17 32 4

fn=(4960)
0 2 1 0 1 0 0 1
cob=(3)
cfi=(406)
cfn=(4964)
calls=1 25 
0 16 2 1 2 0 0 1
cob=(1)
cfi=(164)
cfn=(540)
calls=1 67 
0 1017 325 147 9 33 0 0 5
0 5 2 2 1

fn=(5046) 0x0000000004bb8340
0 2 1 0 1
cob=(3)
cfi=(402)
cfn=(4840)
calls=1 30 
0 129 29 12

fn=(534)
0 38 19 0 1 1 0 1
cob=(1)
cfi=(10)
cfn=(24)
calls=19 405 
0 391 76 19 0 27 0 0 8
cob=(1)
cfi=(164)
cfn=(540)
calls=1 67 
0 989 327 145 11 10 13 11 0 2
0 5 2 2 2 1 0 2

fn=(584)
0 2 1 0 1 0 0 1
cob=(3)
cfi=(171)
cfn=(586)
calls=1 46 
0 64 4 0 5 2 0 5 1

fn=(822)
0 7 2 0 1 1 0 1

fn=(924)
0 6 3 0 2 0 0 1
cob=(3)
cfi=(205)
cfn=(926)
calls=3 23 
0 9 6 0 3 0 0 1

fn=(930)
0 10 5 0 1 1 0 1
cob=(3)
cfi=(206)
cfn=(934)
calls=5 34 
0 3385 1112 37 11 101 0 10 5
cob=(1)
cfi=(164)
cfn=(540)
calls=1 67 
0 891 313 147 0 14 2 0 5
0 5 2 2 1 0 0 1

fn=(936)
0 3118 1559 0 52 4 0 1
cob=(3)
cfi=(207)
cfn=(938)
calls=1559 50 
0 21878 3127 0 105 57 0 4 10

fn=(1380)
0 2 1 0 1 1 0 1
cob=(7)
cfi=(175)
cfn=(1384)
calls=1 0 
0 971 323 156 11 17 1 11 3
cob=(1)
cfi=(164)
cfn=(540)
calls=1 67 
0 1139 300 132 0 8 1 0 2
0 5 2 2 1 0 0 1

fn=(1414)
0 2 1 0 1 1 0 1
cob=(7)
cfi=(175)
cfn=(1418)
calls=1 0 
0 414 137 75 7 5 0 7 2
cob=(1)
cfi=(164)
cfn=(540)
calls=1 67 
0 1179 305 132 0 10 0 0 2
0 5 2 2 1 0 0 1

fn=(1444)
0 2 1 0 1 1 0 1
cob=(7)
cfi=(175)
cfn=(1448)
calls=1 0 
0 44 12 9 2 1 1 2 0 1
cob=(1)
cfi=(164)
cfn=(540)
calls=1 67 
0 842 264 132 0 6 0 0 1
0 5 2 2 1 0 0 1

fn=(1486)
0 24 12 0 1 1 0 1
cob=(7)
cfi=(175)
cfn=(1490)
calls=12 0 
0 4394 977 326 22 20 0 14 7
cob=(1)
cfi=(164)
cfn=(540)
calls=1 67 
0 931 274 132 0 6 0 0 1
0 5 2 2 1 0 0 1

fn=(1492)
0 20 10 0 1 1
cob=(3)
cfi=(280)
cfn=(1496)
calls=10 26 
0 3270 636 177 9 9 0 7 4
cob=(1)
cfi=(164)
cfn=(540)
calls=1 67 
0 953 317 147 4 10 0 0 3
0 5 2 2 1

fn=(1748)
0 5084 2542 0 490 676 0 1
cob=(7)
cfi=(175)
cfn=(1752)
calls=2542 0 
0 7626 2542 0 627 0 0 1
cob=(1)
cfi=(164)
cfn=(540)
calls=1 67 
0 1290 320 132 0 5 0 0 3
0 5 2 2 1 0 0 1

fn=(1978) 0x0000000000120cc0
0 2 1 0 1 0 0 1
cob=(3)
cfi=(293)
cfn=(1980)
calls=1 25 
0 9807 2213 1271 267 128 34 240 30 34

fn=(2212)
0 380 190 0 55 52
cob=(7)
cfi=(175)
cfn=(2216)
calls=190 0 
0 2470 190 570 113 0 0 2
cob=(1)
cfi=(164)
cfn=(540)
calls=1 67 
0 1186 307 132 0 11 0 0 2
0 5 2 2

fn=(2532)
0 2 1 0 1 0 0 1
cob=(3)
cfi=(359)
cfn=(2536)
calls=1 26 
0 195 63 33 1 0 0 1
cob=(1)
cfi=(164)
cfn=(540)
calls=1 67 
0 1013 328 147 0 13 0 0 7
0 5 2 2 1 0 0 1

fn=(2842)
0 576 288 0 3 10 0 1
cob=(3)
cfi=(367)
cfn=(2846)
calls=288 25 
0 2304 576 0 4 0 0 1
cob=(1)
cfi=(164)
cfn=(540)
calls=1 67 
0 842 297 142 2 14 0 0 3
0 5 2 2 1 0 0 1

fn=(2882) 0x0000000000120110
0 2 1
cob=(7)
cfi=(175)
cfn=(1746)
calls=1 0 
0 19 9 2 0 1

fn=(2890) 0x00000000001206d0
0 2 1
cob=(7)
cfi=(175)
cfn=(2892)
calls=1 0 
0 181 62 31 2 0 0 2

fn=(2968) 0x00000000001204d0
0 6 3 0 1 0 0 1
cob=(7)
cfi=(175)
cfn=(1956)
calls=3 0 
0 262 77 36 1 4 2

fn=(3150) 0x0000000000120380
0 10 5 0 1 1 0 1
cob=(7)
cfi=(175)
cfn=(3152)
calls=5 0 
0 68 24 0 2 2 0 1

fn=(3208)
0 4 2 0 2 2
cob=(3)
cfi=(316)
cfn=(2062)
calls=2 34 
0 804 226 160 67 27
cob=(1)
cfi=(164)
cfn=(540)
calls=1 67 
0 848 298 142 4 37 0 0 6
0 5 2 2 1

fn=(3740)
0 60 30 0 5 6 0 1
cob=(7)
cfi=(175)
cfn=(3744)
calls=30 0 
0 120 60 0 10 6 0 1
cob=(1)
cfi=(164)
cfn=(540)
calls=1 67 
0 827 261 132 0 9 0 0 1
0 5 2 2 1 0 0 1

fn=(3746)
0 60 30 0 5 0 0 1
cob=(7)
cfi=(175)
cfn=(3750)
calls=30 0 
0 120 60 0 6 0 0 1
cob=(1)
cfi=(164)
cfn=(540)
calls=1 67 
0 787 256 132 0 7
0 5 2 2 1 0 0 1

fn=(4184) 0x0000000004bb8470
0 390 195 0 6 5 0 1
cob=(6)
cfi=(173)
cfn=(4188) _Unwind_GetCFA
calls=195 0 
0 585 390 0 10 0 0 1
cob=(1)
cfi=(164)
cfn=(540)
calls=1 67 
0 819 281 138 0 5 0 0 1
0 5 2 2 1 0 0 1

fn=(4298) 0x00000000001200f0
0 70 35 0 6 0 0 1
cob=(7)
cfi=(175)
cfn=(4300)
calls=35 0 
0 1750 560 245 11 8 0 2

fn=(4382)
0 10 5 0 5 0 0 1
cob=(6)
cfi=(173)
cfn=(4386) _Unwind_Resume_or_Rethrow
calls=5 0 
0 95665 18580 9965 12 64 1 3 31
cob=(1)
cfi=(164)
cfn=(540)
calls=1 67 
0 993 306 139 4 17 0 0 1
0 5 2 2 1 0 0 1

fn=(4756)
0 16 8 0 0 1
cob=(3)
cfi=(177)
cfn=(1112)
calls=8 3352 
0 1032 306 146 0 17 2 0 2 1

fn=(4808) 0x0000000000120cd0
0 4 2 0 1 1 0 0 1
cob=(8)
cfi=(217)
cfn=(4772)
calls=2 232 
0 207 62 29 0 1

fn=(4886)
0 2 1
cob=(3)
cfi=(402)
cfn=(4840)
calls=1 30 
0 12921 3812 2025 84 480 32 48 7 1

fn=(164)
0 36 18 0 5 3 0 1
cob=(3)
cfi=(220)
cfn=(1062)
calls=17 225 
0 21211 5028 2801 304 184 50 76 12 26
cob=(1)
cfi=(52)
cfn=(166)
calls=1 225 
0 2782 596 296 110 35 34 110 35 34

fn=(590)
0 7 2 0 1 1 0 1

fn=(602)
0 7 2 0 1 1 0 1

fn=(612)
0 7 2 0 1 1 0 1

fn=(994) 0x0000000000120880
0 14 7 0 4 3 0 1
cob=(3)
cfi=(189)
cfn=(854)
calls=7 77 
0 252 63 28 6 9 0 0 2

fn=(1136)
0 744 372 0 53 45 0 1
cob=(3)
cfi=(231)
cfn=(1138)
calls=372 307 
0 5005 1367 939 10 63 27 7 22 26

fn=(1186)
0 8 4 0 1 1
cob=(3)
cfi=(194)
cfn=(1188)
calls=4 53 
0 104 20 8 5 1 0 5 1

fn=(1208)
0 5828 2914 0 52 49 0 1
cob=(3)
cfi=(247)
cfn=(1210)
calls=2914 51 
0 55366 5828 0 103 2 0 2 2

fn=(1316)
0 10 5 0 2 2
cob=(3)
cfi=(270)
cfn=(1320)
calls=5 24 
0 67 19 0 8 5 0 2
cob=(1)
cfi=(164)
cfn=(540)
calls=1 67 
0 961 313 142 1 11 0 0 5
0 5 2 2

fn=(1324) 0x0000000000120920
0 4 2 0 2 2 0 1
cob=(7)
cfi=(175)
cfn=(1326)
calls=2 0 
0 105986 29114 13663 442 646 148 424 110 114

fn=(1350)
0 14 7 0 1 1 0 1
cob=(7)
cfi=(175)
cfn=(1354)
calls=7 0 
0 21 7 0 1 0 0 1
cob=(1)
cfi=(164)
cfn=(540)
calls=1 67 
0 921 270 132 0 11 0 0 2
0 5 2 2 1 0 0 1

fn=(1362)
0 2924 1462 0 52 52 0 1
cob=(7)
cfi=(175)
cfn=(1366)
calls=1462 0 
0 28058 8287 1928 251 146 2 25 13
cob=(1)
cfi=(164)
cfn=(540)
calls=1 67 
0 939 275 132 0 8 0 0 1
0 5 2 2 1 0 0 1

fn=(1386)
0 2 1 0 1 1 0 1
cob=(3)
cfi=(273)
cfn=(1390)
calls=1 43 
0 48 13 9 7 0 0 7
cob=(1)
cfi=(164)
cfn=(540)
calls=1 67 
0 906 305 142 0 16 1 0 3
0 5 2 2 1 0 0 1

fn=(1396)
0 64 32 0 1 1 0 1
cob=(7)
cfi=(175)
cfn=(1400)
calls=32 0 
0 13480 3972 486 10 16 0 10 5
cob=(1)
cfi=(164)
cfn=(540)
calls=1 67 
0 1099 295 132 0 7 0 0 2
0 5 2 2 1 0 0 1

fn=(1508)
0 2 1 0 1 1 0 1
cob=(7)
cfi=(175)
cfn=(1512)
calls=1 0 
0 350 74 74 5 1 3 5 1 3
cob=(1)
cfi=(164)
cfn=(540)
calls=1 67 
0 1155 302 132 0 8
0 5 2 2 1 0 0 1

fn=(1576)
0 2 1 0 1 1 0 1
cob=(7)
cfi=(175)
cfn=(1580)
calls=1 0 
0 113 38 31 5 0 1 5
cob=(1)
cfi=(164)
cfn=(540)
calls=1 67 
0 1203 308 132 0 7 0 0 2
0 5 2 2 1 0 0 1

fn=(1784)
0 8 4 0 1 1 0 1
cob=(7)
cfi=(175)
cfn=(1788)
calls=4 0 
0 12 4 0 1 0 0 1
cob=(1)
cfi=(164)
cfn=(540)
calls=1 67 
0 922 274 132 0 9 0 0 2
0 5 2 2 1 0 0 1

fn=(1802)
0 8 4 0 1 1 0 1
cob=(7)
cfi=(175)
cfn=(1806)
calls=4 0 
0 76 36 8 1 0 0 1
cob=(1)
cfi=(164)
cfn=(540)
calls=1 67 
0 1330 325 132 0 7 0 0 3
0 5 2 2 1 0 0 1

fn=(1814)
0 8 4 0 1 1 0 1
cob=(7)
cfi=(175)
cfn=(1818)
calls=4 0 
0 76 36 8 1 0 0 1
cob=(1)
cfi=(164)
cfn=(540)
calls=1 67 
0 1338 326 132 0 4 0 0 1
0 5 2 2 1 0 0 1

fn=(1846) 0x0000000000120680
0 4 2 0 1 1 0 1
cob=(4)
cfi=(285) ./math/./s_ldexp_template.c
cfn=(1848) ldexpl
calls=2 22 
0 82 18 6 3 0 0 3

fn=(1868) 0x0000000000120840
0 2 1 0 1 1 0 1
cob=(4)
cfi=(289) ./math/./math/w_sqrtl_compat.c
cfn=(1870) sqrtl
calls=1 32 
0 13 3 1 2 0 0 2

fn=(1916)
0 1187832 593916 0 54 84 0 1
cob=(3)
cfi=(231)
cfn=(1138)
calls=593916 307 
0 8910179 1781220 1187087 184 1181 718 0 190 26
cob=(1)
cfi=(164)
cfn=(540)
calls=1 67 
0 1100 364 166 4 27 17 0 2
0 5 2 2 1 1 0 1

fn=(1942) 0x0000000000120240
0 136 68 0 5 1
cob=(7)
cfi=(175)
cfn=(1944)
calls=68 0 
0 6910 1690 1183 30 2 9 4 0 9

fn=(1946) 0x0000000000120a20
0 60886 30443 0 84 67 0 2 43
cob=(3)
cfi=(231)
cfn=(1138)
calls=30443 307 
0 1929240 1368808 1338304 123 80492 80808 12 351 47668

fn=(1958)
0 43098 21549 0 48 91 0 1
cob=(3)
cfi=(177)
cfn=(1112)
calls=21549 3352 
0 1942945 609438 325640 226 803 38 12 0 1
cob=(1)
cfi=(164)
cfn=(540)
calls=1 67 
0 891 313 147 0 17 0 0 1
0 5 2 2 1 0 0 1

fn=(1974) 0x00000000001209f0
0 2 1 0 1 0 0 1
cob=(3)
cfi=(148)
cfn=(1976)
calls=1 33 
0 8 1 0 1 0 0 1

fn=(2348) 0x0000000000120610
0 2 1
cob=(8)
cfi=(197)
cfn=(2350)
calls=1 523 
0 90 30 22 10 4 0 10

fn=(2472)
0 2 1 0 1 0 0 1
cob=(3)
cfi=(347)
cfn=(2476)
calls=1 33 
0 141993 32464 18469 258 82 22 126 24 8
cob=(1)
cfi=(164)
cfn=(540)
calls=1 67 
0 1021 316 142 14 24 0 0 3
0 5 2 2 1 0 0 1

fn=(2698) 0x0000000000120180
0 2 1 0 1
cob=(7)
cfi=(175)
cfn=(2700)
calls=1 0 
0 1834 629 327 31 43 1 6

fn=(2706)
0 158 79 0 7 7 0 1
cob=(7)
cfi=(175)
cfn=(2645)
calls=25 0 
0 3350 1300 575
cob=(7)
cfi=(175)
cfn=(2644)
calls=54 0 
0 7610 2931 1300 76 86 3 0 13
cob=(1)
cfi=(164)
cfn=(540)
calls=1 67 
0 746 252 132 0 10
0 5 2 2 1 0 0 1

fn=(2707)
0 2 1
cob=(7)
cfi=(175)
cfn=(2645)
calls=1 0 
0 134 52 23

fn=(2748)
0 14 7 0 3 2 0 1
cob=(7)
cfi=(175)
cfn=(2280)
calls=7 0 
0 762 248 156 10 17 0 7 2
cob=(1)
cfi=(164)
cfn=(540)
calls=1 67 
0 731 249 132 0 11
0 5 2 2 1 0 0 1

fn=(2758) 0x00000000001204b0
0 4 2 0 2 0 0 1
cob=(7)
cfi=(175)
cfn=(2760)
calls=2 0 
0 5746 1564 926 129 94 14 21 11 1

fn=(2808)
0 1175228 587614 0 2 9 0 1
cob=(7)
cfi=(175)
cfn=(2812)
calls=587614 0 
0 16453192 5288526 3525684 15 24 0 3
cob=(1)
cfi=(164)
cfn=(540)
calls=1 67 
0 778 256 132 0 8 6
0 5 2 2 1 0 0 1

fn=(2928)
0 6 3 0 1 1
cob=(3)
cfi=(368)
cfn=(2932)
calls=3 668 
0 312 75 45 14 4 0 12 1
cob=(1)
cfi=(164)
cfn=(540)
calls=1 67 
0 878 304 142 0 15 0 0 3
0 5 2 2 1

fn=(3346) 0x0000000000120b10
0 30 15 0 4 4 0 1 3
cob=(7)
cfi=(175)
cfn=(3348)
calls=15 0 
0 9580 2438 1334 121 50 6 30 1

fn=(3372)
0 8 4 0 3 3
cob=(7)
cfi=(175)
cfn=(3376)
calls=4 0 
0 398 69 54 22 1 1 4
cob=(1)
cfi=(164)
cfn=(540)
calls=1 67 
0 1346 327 132 0 10 4 0 1
0 5 2 2 1

fn=(3456) 0x0000000004adc380
0 4390 2195 0 261 733 0 1
cob=(4)
cfi=(378) ./math/../sysdeps/ieee754/dbl-64/e_exp.c
cfn=(3458) __ieee754_exp_fma
calls=2195 98 
0 79631 23915 45 2358 3046 0 9 34

fn=(4366)
0 20 10 0 5 6 0 1
cob=(7)
cfi=(175)
cfn=(4370)
calls=10 0 
0 2195 697 334 28 17 0 5
cob=(1)
cfi=(164)
cfn=(540)
calls=1 67 
0 811 260 132 3 15 1
0 5 2 2 1 0 0 1

fn=(4748)
0 16 8 0 1
cob=(8)
cfi=(217)
cfn=(4752)
calls=8 198 
0 1104 330 146 2 26 2 0 2 1
cob=(1)
cfi=(164)
cfn=(540)
calls=1 67 
0 758 233 128 0 32 17
0 5 2 2 2 1

fn=(5020)
0 4 1 0 1 0 0 1

fn=(624)
0 4 2 0 1 1 0 1
cob=(7)
cfi=(175)
cfn=(630)
calls=2 0 
0 10 4 2 1 1 0 1
cob=(1)
cfi=(164)
cfn=(540)
calls=1 67 
0 833 259 132 0 16 7 0 0 1
0 5 2 2 1 1 0 1

fn=(872)
0 2 1 0 1 0 0 1
cob=(3)
cfi=(194)
cfn=(876)
calls=1 53 
0 41 5 3 9 0 1 9
cob=(1)
cfi=(164)
cfn=(540)
calls=1 67 
0 938 317 149 2 13 0 0 9
0 5 2 2 1 0 0 1

fn=(918)
0 2 1
cob=(3)
cfi=(204)
cfn=(920)
calls=1 23 
0 3 1 0 1 0 0 1

fn=(922)
0 4 2 0 1
cob=(3)
cfi=(189)
cfn=(854)
calls=2 77 
0 86 22 10 0 1

fn=(980)
0 7 2 0 1 1 0 1

fn=(998) 0x000000000011ff70
0 12 6 0 3 2 0 1
cob=(7)
cfi=(175)
cfn=(1000)
calls=6 0 
0 216 12 0 9 0 0 3

fn=(1004) 0x0000000000120510
0 41800 20900 0 54 57 0 1 43
cob=(7)
cfi=(175)
cfn=(1006)
calls=20900 0 
0 1235401 300012 174200 510 787 339 28 0 180

fn=(1152)
0 4 2 0 1 1 0 1
cob=(1)
cfi=(225)
cfn=(1156)
calls=2 84 
0 616 126 82 3 2 2 3 2 2
cob=(1)
cfi=(164)
cfn=(540)
calls=1 67 
0 1013 330 145 1 21 19 0 1 16
0 5 2 2 2 0 0 1

fn=(1238)
0 4 2 0 1 1 0 1
cob=(3)
cfi=(253)
cfn=(1242)
calls=2 32 
0 501 89 50 42 9 0 40 6
cob=(1)
cfi=(164)
cfn=(540)
calls=1 67 
0 853 302 142 9 16 0 0 5
0 5 2 2 1 0 0 1

fn=(1692)
0 2 1 0 0 1
cob=(7)
cfi=(175)
cfn=(1696)
calls=1 0 
0 3 1 1 1 0 0 1
cob=(1)
cfi=(164)
cfn=(540)
calls=1 67 
0 819 260 132 0 9 0 0 2
0 5 2 2

fn=(1718)
0 5092 2546 0 781 674 0 1
cob=(7)
cfi=(175)
cfn=(1722)
calls=2546 0 
0 50920 17822 7638 2179 0 0 3
cob=(1)
cfi=(164)
cfn=(540)
calls=1 67 
0 771 254 132 0 7
0 5 2 2 1 0 0 1

fn=(1724)
0 7046 3523 0 6 676
cob=(7)
cfi=(175)
cfn=(1728)
calls=3523 0 
0 28184 14092 3523 5 209 0 1
cob=(1)
cfi=(164)
cfn=(540)
calls=1 67 
0 779 255 132 0 7
0 5 2 2

fn=(1772)
0 8 4 0 1 1 0 1
cob=(7)
cfi=(175)
cfn=(1776)
calls=4 0 
0 9197 2460 1118 24 57 0 24 15
cob=(1)
cfi=(164)
cfn=(540)
calls=1 67 
0 1162 304 132 0 4 0 0 2
0 5 2 2 1 0 0 1

fn=(1862) 0x00000000001201a0
0 2 1 0 1 1 0 1
cob=(4)
cfi=(287) ./math/./math/w_logl_compat.c
cfn=(1864) logl
calls=1 29 
0 32 6 1 4 2 0 4 2

fn=(1874) 0x0000000000120bc0
0 16 8 0 4 4 0 1
cob=(7)
cfi=(175)
cfn=(1876)
calls=8 0 
0 136 48 16 6 3 0 2

fn=(1920)
0 814 407 0 79 33 0 1
cob=(7)
cfi=(175)
cfn=(1924)
calls=407 0 
0 96132 22083 15134 772 432 397 10 5 134
cob=(1)
cfi=(164)
cfn=(540)
calls=1 67 
0 1194 308 132 1 12
0 5 2 2 1 0 0 1

fn=(1948) 0x0000000000120520
0 42776 21388 0 42 36 0 0 4
cob=(7)
cfi=(175)
cfn=(1950)
calls=21388 0 
0 2101171 648247 323511 321 936 35 15 1 1

fn=(1968) 0x0000000000120050
0 1442 721 0 8 28 0 3 2
cob=(7)
cfi=(175)
cfn=(1970)
calls=721 0 
0 57824 12899 8728 72 325 90 3 5 13

fn=(2218) 0x0000000000120980
0 1602 801 0 759 683 0 2 668
cob=(7)
cfi=(175)
cfn=(2220)
calls=801 0 
0 65006 16838 13787 5096 1877 1032 5 1

fn=(2230)
0 288 144 0 50 46 0 1
cob=(7)
cfi=(175)
cfn=(2234)
calls=144 0 
0 9876 3437 1996 328 50 0 9 2
cob=(1)
cfi=(164)
cfn=(540)
calls=1 67 
0 763 253 132 0 6
0 5 2 2 1 0 0 1

fn=(2316) 0x0000000000120810
0 6 3 0 1 1 0 1
cob=(3)
cfi=(260)
cfn=(2318)
calls=3 105 
0 359 59 33 11 3 0 11

fn=(2380)
0 2 1 0 1 1 0 1
cob=(8)
cfi=(197)
cfn=(2384)
calls=1 579 
0 20 8 1 3 2 0 3
cob=(1)
cfi=(164)
cfn=(540)
calls=1 67 
0 942 256 128 11 16 0 0 1
0 5 2 2 2 1 0 1

fn=(2500)
0 132 66
cob=(3)
cfi=(259)
cfn=(2502)
calls=66 60 
0 1806 303 0 3 0 0 3

fn=(4526)
0 2 1 0 1 1 0 1
cob=(3)
cfi=(393)
cfn=(4530)
calls=1 25 
0 9 2 0 1 0 0 1
cob=(1)
cfi=(164)
cfn=(540)
calls=1 67 
0 821 298 142 1 35 1 0 5
0 5 2 2 1 0 0 1

fn=(2610) 0x00000000001205f0
0 3560 1780 0 48 47 0 0 47
cob=(7)
cfi=(175)
cfn=(2612)
calls=1780 0 
0 281717 91795 52251 1216 794 332 68 130 3

fn=(2648)
0 496 248 0 13 12 0 1
cob=(3)
cfi=(364)
cfn=(2652)
calls=248 32 
0 23739 7220 4295 206 45 0 18
cob=(1)
cfi=(164)
cfn=(540)
calls=1 67 
0 829 299 142 0 7 0 0 3
0 5 2 2 1 0 0 1

fn=(2736)
0 4 2 0 2 2 0 1
cob=(7)
cfi=(175)
cfn=(2740)
calls=2 0 
0 8 2 4 1 0 0 1
cob=(1)
cfi=(164)
cfn=(540)
calls=1 67 
0 979 280 132 0 6 12 0 2
0 5 2 2 1 0 0 1

fn=(2768)
0 4 2
cob=(7)
cfi=(175)
cfn=(2772)
calls=2 0 
0 1881 554 398 83 49 11 11 6
cob=(1)
cfi=(164)
cfn=(540)
calls=1 67 
0 1011 284 132 0 10 0 0 2
0 5 2 2 1

fn=(2816)
0 1175228 587614 0 3 10 0 1
cob=(7)
cfi=(175)
cfn=(2820)
calls=587614 0 
0 28844579 7066606 5296133 77 1233 5 19 135
cob=(1)
cfi=(164)
cfn=(540)
calls=1 67 
0 1050 290 132 0 7
0 5 2 2 1 0 0 1

fn=(2894) 0x00000000001204c0
0 2 1 0 1 0 0 1
cob=(7)
cfi=(175)
cfn=(2896)
calls=1 0 
0 122 43 23 3 5 0 2

fn=(2956) 0x000000000011ff50
0 50 25 0 2 8 0 1 1
cob=(7)
cfi=(175)
cfn=(2958)
calls=25 0 
0 572 98 190 17 1 0 5

fn=(3196)
0 4 2 0 2 2 0 1
cob=(7)
cfi=(175)
cfn=(3200)
calls=2 0 
0 324 90 52 8 8 1 2
cob=(1)
cfi=(164)
cfn=(540)
calls=1 67 
0 1202 309 132 0 10 0 0 3
0 5 2 2 1 0 0 1

fn=(3318)
0 144 72
cob=(7)
cfi=(175)
cfn=(3322)
calls=72 0 
0 3528 936 648 321 0 0 6
cob=(1)
cfi=(164)
cfn=(540)
calls=1 67 
0 1146 302 132 0 8 0 0 3
0 5 2 2 1

fn=(3336)
0 14 7 0 5 6 0 1
cob=(3)
cfi=(376)
cfn=(3340)
calls=7 30 
0 77 21 0 12 13 0 2
cob=(1)
cfi=(164)
cfn=(540)
calls=1 67 
0 934 307 142 6 20 4 0 4
0 5 2 2 1 0 0 1

fn=(3358)
0 30 15 0 4 4 0 1
cob=(7)
cfi=(175)
cfn=(3362)
calls=15 0 
0 5806 1271 850 80 20 6 18 1
cob=(1)
cfi=(164)
cfn=(540)
calls=1 67 
0 1426 337 132 0 7
0 5 2 2 1 0 0 1

fn=(3452) 0x0000000000120b80
0 4390 2195 0 2 669 0 0 667
cob=(4)
cfi=(377) ./math/./w_exp_template.c
cfn=(3454) exp@@GLIBC_2.29
calls=2195 31 
0 119402 37125 4480 2831 4423 43 13 34

fn=(3482) 0x0000000000120ca0
0 3724 1862 0 48 679 0 0 666
cob=(4)
cfi=(382) ./math/./w_log1p_template.c
cfn=(3484) log1p
calls=1862 24 
0 118497 20969 0 1463 3063 0 14 8

fn=(3512) 0x0000000000120320
0 2670 1335 0 668 1335 0 1 1335
cob=(3)
cfi=(177)
cfn=(2522)
calls=1335 3624 
0 27188033 71770 26786696 9398 10932 422293

fn=(3516) 0x0000000000120780
0 12 6 0 0 2 0 0 2
cob=(7)
cfi=(175)
cfn=(3518)
calls=6 0 
0 168 60 12 23 16 0 2

fn=(3808) 0x0000000004bb8400
0 1420 710 0 5 5 0 1
cob=(3)
cfi=(207)
cfn=(938)
calls=710 50 
0 9940 1420 0 0 20 0 0 12
cob=(1)
cfi=(164)
cfn=(540)
calls=1 67 
0 908 305 144 8 16 1
0 5 2 2 1 0 0 1

fn=(4086)
0 240 120 0 5 5 0 1
cob=(6)
cfi=(173)
cfn=(4090) _Unwind_GetIPInfo
calls=120 0 
0 840 360 120
cob=(1)
cfi=(164)
cfn=(540)
calls=1 67 
0 914 294 139 0 10 0 0 2
0 5 2 2 1 0 0 1

fn=(4328)
0 70 35 0 15
cob=(7)
cfi=(175)
cfn=(4332)
calls=35 0 
0 735 315 35 5 0 0 1
cob=(1)
cfi=(164)
cfn=(540)
calls=1 67 
0 787 256 132 0 6 0 0 1
0 5 2 2 1

fn=(4378) 0x0000000000120870
0 10 5 0 5 5 0 1 5
cob=(7)
cfi=(175)
cfn=(4380)
calls=5 0 
0 96908 18958 10136 32 81 1 7 32

fn=(4388) 0x0000000004bb8370
0 10 5 0 5 5 0 1
cob=(6)
cfi=(173)
cfn=(3756) _Unwind_RaiseException
calls=5 0 
0 94700 18280 9780 0 48 1 0 31
cob=(1)
cfi=(164)
cfn=(540)
calls=1 67 
0 875 288 138 0 11
0 5 2 2 2 0 0 1

fn=(4672)
0 2 1 0 1 1 0 1
cob=(7)
cfi=(175)
cfn=(3214)
calls=1 0 
0 19 6 2 1
cob=(1)
cfi=(164)
cfn=(540)
calls=1 67 
0 819 260 132 0 8
0 5 2 2 1 0 0 1

fn=(4744)
0 4 2 0 1 2
cob=(8)
cfi=(196)
cfn=(4746)
calls=2 136 
0 44 18 10 2 4 0 2

fn=(4838) 0x000000000011fe60
0 2 1 0 1 0 0 1
cob=(3)
cfi=(402)
cfn=(4840)
calls=1 30 
0 129 29 12 8 7 1 8 0 1

fn=(4854)
0 4 1 0 1 0 0 1

fn=(4986)
0 2 1 0 1
cob=(3)
cfi=(402)
cfn=(4840)
calls=1 30 
0 1203 366 184 10 20 0 6

fn=(5004)
0 4 2 0 0 1
cob=(7)
cfi=(175)
cfn=(5008)
calls=2 0 
0 4 2
cob=(1)
cfi=(164)
cfn=(540)
calls=1 67 
0 849 261 132 2 17
0 5 2 2 1 1

fn=(864)
0 2 1 0 1 1 0 1
cob=(3)
cfi=(171)
cfn=(586)
calls=1 46 
0 56 4 0 1 0 0 1
cob=(1)
cfi=(164)
cfn=(540)
calls=1 67 
0 870 305 144 4 21 0 1 4
0 5 2 2 1 0 0 1

fn=(906)
0 2 1 0 1 0 0 1
cob=(3)
cfi=(201)
cfn=(908)
calls=1 24 
0 4 1 1 1 0 0 1

fn=(996) 0x00000000001204a0
0 8 4 0 1 2 0 1
cob=(3)
cfi=(205)
cfn=(926)
calls=4 23 
0 12 8 0 1

fn=(1012)
0 4 2 0 1 2
cob=(7)
cfi=(175)
cfn=(1016)
calls=2 0 
0 76 14 2 12 2 0 6 1
cob=(1)
cfi=(164)
cfn=(540)
calls=1 67 
0 1027 286 132 0 18 0 0 2
0 5 2 2 0 1

fn=(1024) 0x0000000000120790
0 27236 13618 0 11 2012 0 3 1335
cob=(3)
cfi=(177)
cfn=(664)
calls=13618 3287 
0 1667900 325102 252775 7932 20301 9593 2 0 3

fn=(1032)
0 4 2 0 2 2 0 1
cob=(7)
cfi=(175)
cfn=(1006)
calls=2 0 
0 402 76 60 0 0 2 0 0 2
cob=(1)
cfi=(164)
cfn=(540)
calls=1 67 
0 730 250 133 5 14 0 0 1
0 5 2 2 1 0 0 1

fn=(1078)
0 10 5 0 4 4 0 1
cob=(3)
cfi=(223)
cfn=(1080)
calls=5 64 
0 10450 2251 1173 121 78 4 31 7 3

fn=(1092)
0 18 9
cob=(3)
cfi=(220)
cfn=(1094)
calls=9 91 
0 369 162 45 12 0 0 5

fn=(1124)
0 4 2 0 1 1 0 1
cob=(3)
cfi=(207)
cfn=(938)
calls=2 50 
0 28 4 0 0 1 0 0 1
cob=(1)
cfi=(164)
cfn=(540)
calls=1 67 
0 903 305 144 6 15 23 0 1
0 5 2 2 1 0 0 1

fn=(1256)
0 146 73 0 2 1 0 1
cob=(3)
cfi=(259)
cfn=(1258)
calls=73 60 
0 2766 355 0 13 15 0 11 15

fn=(1280)
0 1234 617 0 54 80 0 1
cob=(7)
cfi=(175)
cfn=(1006)
calls=617 0 
0 62048 13074 9065 404 512 178 0 0 135
cob=(1)
cfi=(164)
cfn=(540)
calls=1 67 
0 651 239 132 0 11
0 5 2 2 2 1 0 1

fn=(1438)
0 2 1 0 1 1 0 1
cob=(7)
cfi=(175)
cfn=(1442)
calls=1 0 
0 168 12 30 14 0 0 14
cob=(1)
cfi=(164)
cfn=(540)
calls=1 67 
0 1131 299 132 0 8 0 0 2
0 5 2 2 1 0 0 1

fn=(1546)
0 2 1 0 1 0 0 1
cob=(7)
cfi=(175)
cfn=(1550)
calls=1 0 
0 414 137 75 5 0 0 5
cob=(1)
cfi=(164)
cfn=(540)
calls=1 67 
0 1091 294 132 0 8 1 0 1
0 5 2 2 1 0 0 1

fn=(1564)
0 2 1 0 1 1 0 1
cob=(7)
cfi=(175)
cfn=(1568)
calls=1 0 
0 113 38 31 4 0 1 4
cob=(1)
cfi=(164)
cfn=(540)
calls=1 67 
0 1232 319 137 0 10 0 0 3
0 5 2 2 1 0 0 1

fn=(1630)
0 2 1 0 1 1 0 1
cob=(7)
cfi=(175)
cfn=(1634)
calls=1 0 
0 109 30 31 5 0 0 5
cob=(1)
cfi=(164)
cfn=(540)
calls=1 67 
0 1219 310 132 0 8 0 0 2
0 5 2 2 1 0 0 1

fn=(1700)
0 1672 836 0 486 676 0 1
cob=(7)
cfi=(175)
cfn=(1704)
calls=836 0 
0 71060 10032 25080 5552 2074 600 3 669 17
cob=(1)
cfi=(164)
cfn=(540)
calls=1 67 
0 755 252 132 0 6
0 5 2 2 1 0 0 1

fn=(1742)
0 7980 3990 0 111 674
cob=(7)
cfi=(175)
cfn=(1746)
calls=3990 0 
0 75810 35910 7980 2091 3378 0 2
cob=(1)
cfi=(164)
cfn=(540)
calls=1 67 
0 946 277 132 0 7
0 5 2 2 1

fn=(1754)
0 5084 2542 0 766 675 0 1
cob=(7)
cfi=(175)
cfn=(1758)
calls=2542 0 
0 48298 22878 5084 675 1352 0 1
cob=(1)
cfi=(164)
cfn=(540)
calls=1 67 
0 1314 323 132 0 6 0 0 1
0 5 2 2 1 0 0 1

fn=(1886) 0x0000000000120450
0 36694 18347 0 79 2021 0 2 1337
cob=(3)
cfi=(231)
cfn=(1138)
calls=18347 307 
0 27228609 26907651 26880696 714 438478 447420 0 576 16449

fn=(1926)
0 1004 502 0 54 75 0 1
cob=(7)
cfi=(175)
cfn=(1930)
calls=502 0 
0 59759 11842 7838 463 500 148 2 0 117
cob=(1)
cfi=(164)
cfn=(540)
calls=1 67 
0 1154 303 132 0 8 3
0 5 2 2 1 0 0 1

fn=(1938) 0x0000000000120690
0 278 139 0 2 2 0 1 1
cob=(7)
cfi=(175)
cfn=(1940)
calls=139 0 
0 6906 1729 1226 42 1 0 4

fn=(2430)
0 24 12 0 1 1 0 1
cob=(8)
cfi=(217)
cfn=(1826)
calls=12 224 
0 1717 338 260 1 6 8 0 0 8
cob=(1)
cfi=(164)
cfn=(540)
calls=1 67 
0 878 248 128 0 22 9
0 5 2 2 1

fn=(2442)
0 4 2 0 2 1 0 1
cob=(8)
cfi=(196)
cfn=(2446)
calls=2 429 
0 24 4 8 1 0 0 1
cob=(1)
cfi=(164)
cfn=(540)
calls=1 67 
0 942 256 128 0 7 2 0 2
0 5 2 2 1 0 0 1

fn=(2484)
0 6 3 0 0 1
cob=(3)
cfi=(177)
cfn=(2488)
calls=3 3400 
0 645 137 101 15 2 4 14 1 4
cob=(1)
cfi=(164)
cfn=(540)
calls=1 67 
0 844 302 146 4 18 1
0 5 2 2 1

fn=(2678) 0x0000000000120820
0 1390 695 0 674 669 0 2 666
cob=(7)
cfi=(175)
cfn=(1728)
calls=695 0 
0 5560 2780 695 2 669

fn=(2792)
0 10 5 0 3 2 0 1
cob=(7)
cfi=(175)
cfn=(1278)
calls=5 0 
0 927 172 132 30 14 6 0 0 1

fn=(2826)
0 576 288 0 3 12
cob=(7)
cfi=(175)
cfn=(2830)
calls=288 0 
0 16955 4897 2150 27 94 0 5 7
cob=(1)
cfi=(164)
cfn=(540)
calls=1 67 
0 883 268 132 0 6 1 0 1
0 5 2 2 1

fn=(3122) 0x0000000000120560
0 6 3 0 1 2
cob=(7)
cfi=(175)
cfn=(3124)
calls=3 0 
0 45 21 0 1 0 0 1

fn=(3142)
0 84 42 0 42 42 0 1
cob=(7)
cfi=(175)
cfn=(2796)
calls=42 0 
0 294 126 42 42
cob=(1)
cfi=(164)
cfn=(540)
calls=1 67 
0 1090 295 132 44 45 3 0 1
0 5 2 2 2 1 0 1

fn=(3186) 0x000000000011ffd0
0 2 1 0 1 1 0 1
cob=(7)
cfi=(175)
cfn=(3188)
calls=1 0 
0 4745 1375 681 76 128 20 17 14

fn=(3294)
0 112 56 0 3 3 0 1
cob=(7)
cfi=(175)
cfn=(3298)
calls=56 0 
0 7095 2209 1123 118 60 1 7 7
cob=(1)
cfi=(164)
cfn=(540)
calls=1 67 
0 1170 305 132 0 9 0 0 2
0 5 2 2 1 0 0 1

fn=(3324)
0 144 72 0 55 49 0 1
cob=(7)
cfi=(175)
cfn=(3328)
calls=72 0 
0 3456 576 576 161 0 0 3
cob=(1)
cfi=(164)
cfn=(540)
calls=1 67 
0 1178 306 132 0 10
0 5 2 2 1 0 0 1

fn=(3476) 0x0000000004adc2e0
0 10766 5383 0 48 713 0 1
cob=(4)
cfi=(381) ./math/../sysdeps/ieee754/dbl-64/e_log.c
cfn=(3478) __ieee754_log_fma
calls=5383 49 
0 230744 52531 0 2399 5224 0 9 36

fn=(3580) 0x0000000000120500
0 24 12 0 5 5 0 1 5
cob=(7)
cfi=(175)
cfn=(3582)
calls=12 0 
0 8184 2197 1266 384 92 23 4 16

fn=(3734)
0 60 30 0 6 0 0 1
cob=(7)
cfi=(175)
cfn=(3738)
calls=30 0 
0 2494 761 568 34 28 0 7 1
cob=(1)
cfi=(164)
cfn=(540)
calls=1 67 
0 873 264 132 4 10 0 0 2
0 5 2 2 1 0 0 1

fn=(4218)
0 240 120 0 5 5 0 1
cob=(6)
cfi=(173)
cfn=(4222) _Unwind_SetGR
calls=120 0 
0 1800 600 120 5 0 0 1
cob=(1)
cfi=(164)
cfn=(540)
calls=1 67 
0 881 289 139 0 11 0 0 3
0 5 2 2 1 0 0 1

fn=(4224)
0 120 60
cob=(6)
cfi=(173)
cfn=(4228) _Unwind_SetIP
calls=60 0 
0 180 60 60
cob=(1)
cfi=(164)
cfn=(540)
calls=1 67 
0 934 303 144 3 5 0 0 3
0 5 2 2 1

fn=(4324) 0x0000000000120a40
0 70 35 0 5 5 0 1 5
cob=(7)
cfi=(175)
cfn=(4326)
calls=35 0 
0 11988 3737 1696 141 96 1 22 4

fn=(4768)
0 24 12 0 1 1 0 1
cob=(8)
cfi=(217)
cfn=(4772)
calls=12 232 
0 1389 411 183 1 10 0 0 1
cob=(1)
cfi=(164)
cfn=(540)
calls=1 67 
0 910 252 128 0 7
0 5 2 2 1

fn=(4866) 0x000000000483f040
0 2 1 0 1 0 0 1
cob=(3)
cfi=(402)
cfn=(4840)
calls=1 30 
0 129 29 12

fn=(5038)
0 4 1 0 1 0 0 1

fn=(856)
0 2 1 0 1 1 0 1
cob=(1)
cfi=(190)
cfn=(860)
calls=1 214 
0 45 17 4 3 3 0 3
cob=(1)
cfi=(164)
cfn=(540)
calls=1 67 
0 1037 333 145 0 12 0 0 2
0 5 2 2 2 1 0 1

fn=(1268)
0 2 1 0 1 1 0 1
cob=(3)
cfi=(264)
cfn=(1272)
calls=1 91 
0 4 1 0 1 0 0 1
cob=(1)
cfi=(164)
cfn=(540)
calls=1 67 
0 856 299 142 0 11 0 0 3
0 5 2 2 1

fn=(1290)
0 2 1 0 1
cob=(3)
cfi=(265)
cfn=(1294)
calls=1 34 
0 43 4 5 2 0 0 2
cob=(1)
cfi=(164)
cfn=(540)
calls=1 67 
0 1102 349 154 1 12 0 0 3
0 5 2 2

fn=(1420)
0 2 1 0 1 1 0 1
cob=(7)
cfi=(175)
cfn=(1424)
calls=1 0 
0 113 38 31 4 2 0 4 1
cob=(1)
cfi=(164)
cfn=(540)
calls=1 67 
0 1259 315 132 0 9 0 0 1
0 5 2 2 1 0 0 1

fn=(1426)
0 2 1 0 1 1 0 1
cob=(7)
cfi=(175)
cfn=(1430)
calls=1 0 
0 113 38 31 5 0 0 5
cob=(1)
cfi=(164)
cfn=(540)
calls=1 67 
0 1267 316 132 0 8 0 0 1
0 5 2 2 1 0 0 1

fn=(1432)
0 2 1 0 1 1 0 1
cob=(7)
cfi=(175)
cfn=(1436)
calls=1 0 
0 1334 320 173 18 10 1 18 2 1
cob=(1)
cfi=(164)
cfn=(540)
calls=1 67 
0 1018 286 132 0 8 0 0 1
0 5 2 2 1 0 0 1

fn=(1450)
0 2 1 0 1 1 0 1
cob=(7)
cfi=(175)
cfn=(1454)
calls=1 0 
0 28635 7495 3910 54 87 21 44 19 21
cob=(1)
cfi=(164)
cfn=(540)
calls=1 67 
0 763 253 132 0 6 0 0 1
0 5 2 2 1 0 0 1

fn=(1456)
0 2 1 0 1 1 0 1
cob=(7)
cfi=(175)
cfn=(1460)
calls=1 0 
0 27682 7212 3768 50 79 20 40 18 20
cob=(1)
cfi=(164)
cfn=(540)
calls=1 67 
0 907 271 132 0 7 0 0 1
0 5 2 2 1 0 0 1

fn=(1538)
0 2 1
cob=(7)
cfi=(175)
cfn=(1542)
calls=1 0 
0 44 12 9 1 1 0 1
cob=(1)
cfi=(164)
cfn=(540)
calls=1 67 
0 842 264 132 0 7
0 5 2 2

fn=(1600)
0 2 1 0 1 1 0 1
cob=(7)
cfi=(175)
cfn=(1604)
calls=1 0 
0 44 12 9 2 1 1 2 0 1
cob=(1)
cfi=(164)
cfn=(540)
calls=1 67 
0 794 258 132 0 7 0 0 1
0 5 2 2 1 0 0 1

fn=(1612)
0 2 1 0 1 1
cob=(7)
cfi=(175)
cfn=(1616)
calls=1 0 
0 350 74 74 6 0 0 6
cob=(1)
cfi=(164)
cfn=(540)
calls=1 67 
0 1099 295 132 0 5
0 5 2 2 1

fn=(1712)
0 5010 2505 0 737 674 0 1
cob=(7)
cfi=(175)
cfn=(1716)
calls=2505 0 
0 214485 78168 45358 3848 1388 101 9 1
cob=(1)
cfi=(164)
cfn=(540)
calls=1 67 
0 811 259 132 0 7 0 0 1
0 5 2 2 1 0 0 1

fn=(1730)
0 5084 2542 0 680 679 0 1
cob=(7)
cfi=(175)
cfn=(1734)
calls=2542 0 
0 284200 100989 44018 9287 9501 0 16 11
cob=(1)
cfi=(164)
cfn=(540)
calls=1 67 
0 1154 303 132 0 7
0 5 2 2 1 0 0 1

fn=(1878) 0x00000000001202f0
0 16 8 0 5 4 0 1
cob=(7)
cfi=(175)
cfn=(1880)
calls=8 0 
0 48 24 8 4 0 0 1

fn=(1910) 0x0000000000120930
0 300888 150444 0 13 16 0 1 6
cob=(7)
cfi=(175)
cfn=(1912)
calls=150444 0 
0 8735367 1659953 1356115 182 66 154 21 7 121

fn=(2006)
0 8 4 0 3 2
cob=(3)
cfi=(247)
cfn=(2008)
calls=4 51 
0 84 12 0 8 0 0 2

fn=(2122)
0 7262 3631 0 59 4 0 1
cob=(7)
cfi=(175)
cfn=(2126)
calls=3631 0 
0 94381 33228 19979 241 154 3 3 86
cob=(1)
cfi=(164)
cfn=(540)
calls=1 67 
0 839 271 137 4 14 7 0 2
0 5 2 2 1 0 0 1

fn=(2123)
0 152 76
cob=(7)
cfi=(175)
cfn=(2127)
calls=76 0 
0 1748 608 380

fn=(2134)
0 154 77 0 7 9 0 1
cob=(3)
cfi=(281)
cfn=(1500)
calls=77 71 
0 1626 365 0 12 1 0 2
cob=(1)
cfi=(164)
cfn=(540)
calls=1 67 
0 863 304 144 4 15 4 0 2
0 5 2 2 1 0 0 1

fn=(2140)
0 2896 1448 0 81 50 0 1
cob=(7)
cfi=(175)
cfn=(2144)
calls=1448 0 
0 3754290 803575 570907 21396 2425 751 201 62 1
cob=(1)
cfi=(164)
cfn=(540)
calls=1 67 
0 1487 352 137 0 10 0 0 1
0 5 2 2 1 0 0 1

fn=(2600) 0x0000000000120c80
0 168 84 0 20 2 0 1
cob=(7)
cfi=(175)
cfn=(2602)
calls=84 0 
0 20628 5113 2989 33 32 0 4 2

fn=(2630) 0x000000000011fef0
0 368 184 0 53 49 0 2 48
cob=(7)
cfi=(175)
cfn=(2632)
calls=184 0 
0 25932 9414 4250 287 24 2 10 4

fn=(2636)
0 176 88 0 15 6
cob=(3)
cfi=(363)
cfn=(2640)
calls=88 25 
0 5898 1616 965 72 7 2 5
cob=(1)
cfi=(164)
cfn=(540)
calls=1 67 
0 805 296 142 0 11 0 0 4
0 5 2 2 1

fn=(2702)
0 2 1 0 1 1 0 1
cob=(7)
cfi=(175)
cfn=(2632)
calls=1 0 
0 97 37 16
cob=(1)
cfi=(164)
cfn=(540)
calls=1 67 
0 706 247 132 25 30 1
0 5 2 2 1 1 0 1

fn=(2752)
0 4 2 0 2 0 0 1
cob=(7)
cfi=(175)
cfn=(2756)
calls=2 0 
0 244 86 46 4 0 0 2
cob=(1)
cfi=(164)
cfn=(540)
calls=1 67 
0 1074 293 132 0 8
0 5 2 2 1 0 0 1

fn=(2762)
0 24 12 0 3 4 0 1
cob=(7)
cfi=(175)
cfn=(2766)
calls=12 0 
0 48 24 0 2 2
cob=(1)
cfi=(164)
cfn=(540)
calls=1 67 
0 883 268 132 0 8 0 0 1
0 5 2 2 1 0 0 1

fn=(2794) 0x0000000000120ae0
0 6 3 0 2 2 0 2 1
cob=(7)
cfi=(175)
cfn=(2796)
calls=3 0 
0 21 9 3 2 0 0 1

fn=(3170) 0x0000000000120660
0 32596 16298 0 45 3379 0 2 1337
cob=(3)
cfi=(177)
cfn=(1112)
calls=16298 3352 
0 1745932 532991 249979 4083 41063 4774

fn=(3488) 0x00000000001201f0
0 9422 4711 0 659 673 0 1 668
cob=(4)
cfi=(384) ./math/./math/w_lgamma_r_compat.c
cfn=(3490) lgamma_r
calls=4711 26 
0 417260 101623 34996 7923 4697 487 15 6

fn=(3584)
0 24 12 0 12 6 0 1
cob=(7)
cfi=(175)
cfn=(2612)
calls=12 0 
0 6433 1787 1084 330 60 23 0 10
cob=(1)
cfi=(164)
cfn=(540)
calls=1 67 
0 1242 314 132 10 13
0 5 2 2 1 0 0 1

fn=(3752)
0 60 30 0 6 5
cob=(6)
cfi=(173)
cfn=(3756)
calls=30 0 
0 587516 102337 53842 1004 809 64 181 373
cob=(1)
cfi=(164)
cfn=(540)
calls=1 67 
0 1001 300 139 9 20 0 0 5
0 5 2 2 1

fn=(4372)
0 20 10 0 10 6 0 1
cob=(7)
cfi=(175)
cfn=(4376)
calls=10 0 
0 970 300 150 5 0 0 1
cob=(1)
cfi=(164)
cfn=(540)
calls=1 67 
0 850 265 132 1 10
0 5 2 2 1 0 0 1

fn=(4784) 0x00000000001207e0
0 2 1 0 1
cob=(8)
cfi=(197)
cfn=(4786)
calls=1 539 
0 290 83 57 23 4 0 17

fn=(4858)
0 3 0 1 2 0 0 1
cob=(5) /usr/libexec/valgrind/vgpreload_core-amd64-linux.so
cfi=(168) ???
cfn=(4860) 0x00000000000010e0
calls=1 0 
0 162 39 18 5 2 0 2
0 2 1

fn=(4954)
0 2 1
cob=(7)
cfi=(175)
cfn=(2940)
calls=1 0 
0 97 30 15 0 4
cob=(1)
cfi=(164)
cfn=(540)
calls=1 67 
0 690 249 133 0 33 11
0 5 2 2 0 1

fn=(168)
0 48 24 0 4 0 0 1
cob=(3)
cfi=(220)
cfn=(1065)
calls=7 175 
0 8869 2252 1144 126 88 39 27 5 23
cob=(1)
cfi=(52)
cfn=(170)
calls=17 175 
0 50218 10559 5388 217 225 280 217 225 278

fn=(169)
0 14 7
cob=(3)
cfi=(220)
cfn=(1065)
calls=7 175 
0 7513 1897 849 107 83 39 23 4 23

fn=(562)
0 6 1 1 1 1 0 1
cob=(5)
cfi=(168)
cfn=(566) 0x0000000000001170
calls=1 0 
0 12 1 0 3 0 0 3
0 1 0 1
cob=(5)
cfi=(168)
cfn=(574) 0x00000000000012f0
calls=1 0 
0 5 2 0 2 0 0 2
0 2 1

fn=(660)
0 43100 21550 0 63 98 0 1
cob=(3)
cfi=(177)
cfn=(664)
calls=21550 3287 
0 1000244 249216 140891 729 1249 541 100 7 363
cob=(1)
cfi=(164)
cfn=(540)
calls=1 67 
0 899 314 147 0 5 0 0 1
0 5 2 2 1 0 0 1

fn=(910)
0 2 1 0 1 0 0 1
cob=(3)
cfi=(202)
cfn=(912)
calls=1 24 
0 13 2 1 1 0 0 1

fn=(952)
0 4 2 0 1 0 0 1
cob=(3)
cfi=(176)
cfn=(638)
calls=2 69 
0 150 28 30 0 3 2 0 0 1
cob=(1)
cfi=(164)
cfn=(540)
calls=1 67 
0 996 323 147 2 15 0 0 2
0 5 2 2 1 0 0 1

fn=(1026) 0x00000000001203e0
0 14 7 0 4 4 0 1
cob=(3)
cfi=(191)
cfn=(862)
calls=7 367 
0 154 28 21 7

fn=(1098)
0 54 27 0 5 5 0 1
cob=(3)
cfi=(177)
cfn=(664)
calls=27 3287 
0 3074 609 462 32 15 12 19 0 10

fn=(1102)
0 10 5 0 1 3
cob=(3)
cfi=(227)
cfn=(1104)
calls=5 25 
0 2345 700 450 41 7 0 20

fn=(1120)
0 60 30 0 4 0 0 1
cob=(3)
cfi=(177)
cfn=(1112)
calls=30 3352 
0 2118 660 349 8 6 1 7

fn=(1130)
0 4 2 0 1 1 0 1
cob=(3)
cfi=(230)
cfn=(1134)
calls=2 27 
0 140 30 16 7 3 1 7
cob=(1)
cfi=(164)
cfn=(540)
calls=1 67 
0 870 303 142 0 13 0 0 3
0 5 2 2 1 0 0 1

fn=(1190)
0 2676 1338 0 51 48
cob=(3)
cfi=(231)
cfn=(1192)
calls=1338 294 
0 23862 2753 1411 61 0 6 2 0 2

fn=(1216)
0 2680 1340 0 671 1337
cob=(3)
cfi=(215)
cfn=(1022)
calls=1340 181 
0 26754151 2679 26730710 678 668 418586 1 0 4

fn=(1286)
0 6 3 0 2 2 0 1
cob=(3)
cfi=(215)
cfn=(1022)
calls=3 181 
0 2410 6 2336 4 0 55 0 0 55
cob=(1)
cfi=(164)
cfn=(540)
calls=1 67 
0 889 306 144 2 13 0 0 1
0 5 2 2 1 0 0 1

fn=(1344)
0 2 1 0 1 1 0 1
cob=(7)
cfi=(175)
cfn=(1348)
calls=1 0 
0 78547 21539 9787 335 450 100 321 75 95
cob=(1)
cfi=(164)
cfn=(540)
calls=1 67 
0 787 256 132 0 4 0 0 1
0 5 2 2 1 0 0 1

fn=(1474)
0 512 256 0 1 1 0 1
cob=(3)
cfi=(276)
cfn=(1478)
calls=256 32 
0 12672 3712 1536 9 5 0 9
cob=(1)
cfi=(164)
cfn=(540)
calls=1 67 
0 821 298 142 0 10 0 0 3
0 5 2 2 1 0 0 1

fn=(1502)
0 2 1 0 1 1 0 1
cob=(7)
cfi=(175)
cfn=(1506)
calls=1 0 
0 37 10 7 2 0 1 2 0 1
cob=(1)
cfi=(164)
cfn=(540)
calls=1 67 
0 891 269 132 0 8 0 0 2
0 5 2 2 1 0 0 1

fn=(1666)
0 2 1 0 1 1 0 1
cob=(7)
cfi=(175)
cfn=(1670)
calls=1 0 
0 44 12 9 2 0 0 2
cob=(1)
cfi=(164)
cfn=(540)
calls=1 67 
0 794 258 132 0 7 0 0 2
0 5 2 2 1 0 0 1

fn=(1706)
0 4976 2488 0 93 676 0 1
cob=(7)
cfi=(175)
cfn=(1710)
calls=2488 0 
0 560505 189530 110812 15947 12253 101 31 13
cob=(1)
cfi=(164)
cfn=(540)
calls=1 67 
0 1202 309 132 0 7
0 5 2 2 1 0 0 1

fn=(1760)
0 5084 2542 0 753 679 0 1
cob=(7)
cfi=(175)
cfn=(1764)
calls=2542 0 
0 7626 2542
cob=(1)
cfi=(164)
cfn=(540)
calls=1 67 
0 1290 320 132 0 6 0 0 2
0 5 2 2 1 0 0 1

fn=(1822) 0x0000000000120120
0 11362 5681 0 8 20 0 4 8
cob=(3)
cfi=(207)
cfn=(938)
calls=5681 50 
0 81102 11634 0 5058 277 0 3 218

fn=(1952)
0 43032 21516 0 56 92
cob=(7)
cfi=(175)
cfn=(1956)
calls=21516 0 
0 2026985 630355 325303 263 905 36 14 1 1
cob=(1)
cfi=(164)
cfn=(540)
calls=1 67 
0 659 240 132 0 8
0 5 2 2 1

fn=(2104)
0 360 180 0 13 2 0 1
cob=(3)
cfi=(215)
cfn=(1022)
calls=180 181 
0 3180 180 357 29 0 0 2
cob=(1)
cfi=(164)
cfn=(540)
calls=1 67 
0 889 306 144 25 31 7 0 1
0 5 2 2 1 1 0 1

fn=(2128)
0 2 1 0 1 1 0 1
cob=(7)
cfi=(175)
cfn=(2132)
calls=1 0 
0 1649 360 184 21 22 8 14 5
cob=(1)
cfi=(164)
cfn=(540)
calls=1 67 
0 883 268 132 0 9
0 5 2 2 1 0 0 1

fn=(2204)
0 2944 1472 0 11 13 0 1
cob=(3)
cfi=(259)
cfn=(1258)
calls=1472 60 
0 29470 2948 0 110
cob=(1)
cfi=(164)
cfn=(540)
calls=1 67 
0 880 305 144 4 9 0 0 4
0 5 2 2 1 0 0 1

fn=(2254) 0x0000000000120440
0 8 4
cob=(3)
cfi=(330)
cfn=(2256)
calls=4 26 
0 7177 1397 1069 47 8 0 17 1

fn=(2362) 0x0000000000120160
0 2 1
cob=(8)
cfi=(336)
cfn=(2364)
calls=1 863 
0 173200 39085 27390 629 365 398 249 45 362

fn=(2394)
0 16 8 0 1 2
cob=(8)
cfi=(217)
cfn=(2398)
calls=8 176 
0 1767 315 266 11 12 12 3 0 11
cob=(1)
cfi=(164)
cfn=(540)
calls=1 67 
0 814 240 128 0 7
0 5 2 2 1

fn=(2518)
0 2 1
cob=(3)
cfi=(177)
cfn=(2522)
calls=1 3624 
0 237 40 37 11 1 2 9 0 2
cob=(1)
cfi=(164)
cfn=(540)
calls=1 67 
0 835 302 146 1 11
0 5 2 2 1 0 0 1

fn=(2526)
0 2 1 0 1 1 0 1
cob=(3)
cfi=(358)
cfn=(2530)
calls=1 24 
0 9 3 2 1 0 0 1
cob=(1)
cfi=(164)
cfn=(540)
calls=1 67 
0 1016 320 142 4 14 0 0 2
0 5 2 2 2 0 0 1

fn=(2720) 0x0000000000120cb0
0 6 3 0 1 1 0 1 1
cob=(7)
cfi=(175)
cfn=(2722)
calls=3 0 
0 299 47 0 4 0 0 2

fn=(2730) 0x00000000001207c0
0 26 13 0 5 1 0 2 1
cob=(7)
cfi=(175)
cfn=(1710)
calls=13 0 
0 2873 975 572 41 3

fn=(2742)
0 4 2 0 2 2 0 1
cob=(7)
cfi=(175)
cfn=(2746)
calls=2 0 
0 984 337 180 5 27 0 3
cob=(1)
cfi=(164)
cfn=(540)
calls=1 67 
0 1066 292 132 0 6 0 0 1
0 5 2 2 1 0 0 1

fn=(2876) 0x00000000001202b0
0 8 4 0 1 1 0 1
cob=(7)
cfi=(175)
cfn=(2878)
calls=4 0 
0 28 12 4 3 0 1

fn=(2986) 0x0000000000120620
0 2 1 0 1
cob=(7)
cfi=(175)
cfn=(2988)
calls=1 0 
0 16 7 0 2 0 0 2

fn=(3190)
0 4 2 0 2 0 0 1
cob=(7)
cfi=(175)
cfn=(3194)
calls=2 0 
0 69 30 15 9 5 0 4
cob=(1)
cfi=(164)
cfn=(540)
calls=1 67 
0 1130 300 132 15 47 19 0 3
0 5 2 2 1 1 0 1

fn=(3300)
0 112 56 0 3 3 0 1
cob=(7)
cfi=(175)
cfn=(3304)
calls=56 0 
0 3727 1097 485 82 48 0 2 5
cob=(1)
cfi=(164)
cfn=(540)
calls=1 67 
0 899 270 132 0 9 1 0 2
0 5 2 2 1 0 0 1

fn=(3464) 0x0000000000120740
0 2 1 0 1 1
cob=(7)
cfi=(175)
cfn=(3328)
calls=1 0 
0 49 7 8 5 1

fn=(3498) 0x0000000000120b40
0 2772 1386 0 193 0 0 1
cob=(4)
cfi=(386) ./math/./w_pow_template.c
cfn=(3500) pow@@GLIBC_2.29
calls=1386 31 
0 120139 23400 5504 9792 2729 0 20 23

fn=(3700)
0 20 10 0 5 6 0 1
cob=(7)
cfi=(175)
cfn=(3704)
calls=10 0 
0 944 198 150 35 5 1 3
cob=(1)
cfi=(164)
cfn=(540)
calls=1 67 
0 850 265 132 1 10 1 0 1
0 5 2 2 1 0 0 1

fn=(3772) 0x0000000004bb8540
0 710 355 0 5 5 0 1
cob=(6)
cfi=(173)
cfn=(3778) _Unwind_Find_FDE
calls=355 0 
0 177990 29902 10185 152 502 27 27 237
cob=(1)
cfi=(164)
cfn=(540)
calls=1 67 
0 827 282 138 0 13 11 0 2
0 5 2 2 2 1 0 1

fn=(4334)
0 60 30 0 5 5 0 1
cob=(6)
cfi=(173)
cfn=(4338) _Unwind_DeleteException
calls=30 0 
0 8586 2645 1311 98 69 1 17 2
cob=(1)
cfi=(164)
cfn=(540)
calls=1 67 
0 1035 307 139 6 16 0 0 1
0 5 2 2 1 0 0 1

fn=(4358)
0 60 30
cob=(7)
cfi=(175)
cfn=(4362)
calls=30 0 
0 3000 930 450 16 9 0 1
cob=(1)
cfi=(164)
cfn=(540)
calls=1 67 
0 824 268 137 2 9 0 0 2
0 5 2 2 1

fn=(4424) 0x0000000000120150
0 82 41 0 41 41 0 0 41
cob=(7)
cfi=(175)
cfn=(4426)
calls=41 0 
0 14469 4808 2760 619 335 8 9 1

fn=(4826)
0 4 2 0 1 1
cob=(7)
cfi=(175)
cfn=(1950)
calls=2 0 
0 234 68 28
cob=(1)
cfi=(164)
cfn=(540)
calls=1 67 
0 706 251 133 0 9
0 5 2 2 1 0 0 1

fn=(5056)
0 4 1 0 1 0 0 1

fn=(648)
0 2 1 0 1 1 0 1
cob=(7)
cfi=(175)
cfn=(652)
calls=1 0 
0 3 1 0 1 0 0 1
cob=(1)
cfi=(164)
cfn=(540)
calls=1 67 
0 825 258 132 0 9 0 0 1
0 5 2 2 1 0 0 1

fn=(844)
0 2 1 0 1 1 0 1
cob=(3)
cfi=(187)
cfn=(850)
calls=1 25 
0 11102 2371 173 30 170 0 29 37
cob=(1)
cfi=(164)
cfn=(540)
calls=1 67 
0 915 312 147 0 22 2 0 4
0 5 2 2 1 1 0 1

fn=(886)
0 6 3 0 2 2 0 1
cob=(8)
cfi=(197)
cfn=(890)
calls=3 314 
0 7125 2747 558 59 205 22 55 12
cob=(1)
cfi=(164)
cfn=(540)
calls=1 67 
0 1246 294 128 0 4 0 0 2
0 5 2 2 1 0 0 1

fn=(964)
0 2 1 0 1 1 0 1
cob=(3)
cfi=(211)
cfn=(968)
calls=1 25 
0 18 2 3 2 1 1 2 1 1
cob=(1)
cfi=(164)
cfn=(540)
calls=1 67 
0 961 313 142 0 14 0 0 3
0 5 2 2 1 0 0 1

fn=(1020) 0x0000000000120260
0 5372 2686 0 54 1345 0 2 1336
cob=(3)
cfi=(215)
cfn=(1022)
calls=2686 181 
0 1055106 4037 1013446 808 1 20312 2 0 15632

fn=(1402)
0 21244 10622 0 678 673 0 1
cob=(7)
cfi=(175)
cfn=(1406)
calls=10622 0 
0 64164 21388 96 103 1365 0 2 4
cob=(1)
cfi=(164)
cfn=(540)
calls=1 67 
0 803 258 132 0 6 0 0 1
0 5 2 2 1 0 0 1

fn=(1498)
0 132 66 0 2 2 0 1
cob=(3)
cfi=(281)
cfn=(1500)
calls=66 71 
0 1463 302 0 10 0 0 6

fn=(1642)
0 2 1 0 1 1 0 1
cob=(7)
cfi=(175)
cfn=(1646)
calls=1 0 
0 109 30 31 6 0 0 6
cob=(1)
cfi=(164)
cfn=(540)
calls=1 67 
0 1195 307 132 0 7
0 5 2 2 1 0 0 1

fn=(1790)
0 8 4 0 1 1 0 1
cob=(7)
cfi=(175)
cfn=(1794)
calls=4 0 
0 76 36 8 2 2 0 2
cob=(1)
cfi=(164)
cfn=(540)
calls=1 67 
0 946 277 132 0 7 0 0 3
0 5 2 2 1 0 0 1

fn=(1824) 0x0000000000120570
0 4 2 0 1 1 0 1
cob=(8)
cfi=(217)
cfn=(1826)
calls=2 224 
0 100 26 14 5 10 0 1

fn=(1830) 0x000000000011ff90
0 50 25 0 1 1 0 1
cob=(4)
cfi=(282) ./math/./math/w_expl_compat.c
cfn=(1832) expl
calls=25 30 
0 1666 369 123 6 2 0 6 2

fn=(1842) 0x0000000000120940
0 2 1 0 1 1 0 1
cob=(4)
cfi=(284) ./math/../sysdeps/ieee754/ldbl-96/s_frexpl.c
cfn=(1844) frexpl
calls=1 43 
0 28 5 4 3 0 0 3

fn=(1888)
0 2 1 0 1 1 0 1
cob=(1)
cfi=(49)
cfn=(1892)
calls=1 117 
0 5 2 0 1 1 0 1
cob=(1)
cfi=(164)
cfn=(540)
calls=1 67 
0 1000 326 145 17 49 0 0 4
0 5 2 2 2 1

fn=(1964) 0x0000000000120b90
0 192 96 0 15 10 0 3 3
cob=(7)
cfi=(175)
cfn=(1930)
calls=96 0 
0 9462 1968 1157 48 67 20 0 0 14

fn=(2100) 0x0000000000120630
0 474 237 0 14 3 0 2 1
cob=(7)
cfi=(175)
cfn=(2102)
calls=237 0 
0 10285 2040 1899 115 33 7 7 1

fn=(2152)
0 2896 1448 0 56 50 0 1
cob=(7)
cfi=(175)
cfn=(2156)
calls=1448 0 
0 44888 4344 5792 156 50 0 3 1
cob=(1)
cfi=(164)
cfn=(540)
calls=1 67 
0 1027 286 132 0 9 0 0 1
0 5 2 2 1 0 0 1

fn=(2164)
0 2896 1448 0 50 50 0 1
cob=(3)
cfi=(318)
cfn=(2168)
calls=1448 123 
0 3083026 633084 442995 16428 1214 484 161 13 1
cob=(1)
cfi=(164)
cfn=(540)
calls=1 67 
0 917 306 142 6 16 4 0 1
0 5 2 2 1 0 0 1

fn=(2226) 0x00000000001203d0
0 286 143 0 56 46 0 1 1
cob=(7)
cfi=(175)
cfn=(2228)
calls=143 0 
0 23838 7428 4779 561 206 9 14 2

fn=(2558)
0 8 4 0 2 1 0 1
cob=(8)
cfi=(267)
cfn=(2562)
calls=4 63 
0 104 28 12 6 0 0 3
cob=(1)
cfi=(164)
cfn=(540)
calls=1 67 
0 958 258 128 0 9 0 0 2
0 5 2 2 1 0 0 1

fn=(2680) 0x0000000000120070
0 1378 689 0 504 667 0 0 666
cob=(7)
cfi=(175)
cfn=(2234)
calls=689 0 
0 37895 13780 8268 4705 3900

fn=(2728) 0x0000000000120030
0 10 5 0 3 3 0 0 3
cob=(7)
cfi=(175)
cfn=(1704)
calls=5 0 
0 425 60 150 10 1 9

fn=(2780)
0 4 2 0 2 2 0 1
cob=(3)
cfi=(297)
cfn=(1990)
calls=2 85 
0 922 221 233 72 19 11 5 2
cob=(1)
cfi=(164)
cfn=(540)
calls=1 67 
0 866 311 147 1 26 0 0 3
0 5 2 2 1 0 0 1

fn=(2786)
0 4 2 0 2 2 0 1
cob=(7)
cfi=(175)
cfn=(2790)
calls=2 0 
0 644 115 94 34 15 3 3 0 1
cob=(1)
cfi=(164)
cfn=(540)
calls=1 67 
0 1186 307 132 0 8 0 0 2
0 5 2 2 1 0 0 1

fn=(2866) 0x0000000000120a50
0 2 1 0 1 1 0 1
cob=(3)
cfi=(177)
cfn=(2488)
calls=1 3400 
0 208 41 34 8 1 1 0 0 1

fn=(2884) 0x00000000001208c0
0 2 1 0 1 0 0 1
cob=(7)
cfi=(175)
cfn=(2886)
calls=1 0 
0 183 62 31 12 11 0 9 2

fn=(2922)
0 6 3 0 1 1
cob=(7)
cfi=(175)
cfn=(2926)
calls=3 0 
0 1222 387 189 17 20 0 13 4
cob=(1)
cfi=(164)
cfn=(540)
calls=1 67 
0 1016 292 137 6 14 19 0 1 15
0 5 2 2 1 1

fn=(2934)
0 6 3 0 1 1
cob=(3)
cfi=(194)
cfn=(2936)
calls=3 53 
0 123 12 3 7 0 0 7

fn=(2946) 0x0000000000120c40
0 108 54 0 2 2 0 1 1
cob=(7)
cfi=(175)
cfn=(2948)
calls=54 0 
0 2538 486 432 10 0 0 5

fn=(3212) 0x0000000000120c10
0 2 1 0 1 1 0 1
cob=(7)
cfi=(175)
cfn=(3214)
calls=1 0 
0 19 6 2 1

fn=(3342) 0x0000000000120480
0 2 1
cob=(3)
cfi=(293)
cfn=(3344)
calls=1 50 
0 353 41 41 31 3 2 1 0 1

fn=(3350)
0 30 15 0 4 4 0 1
cob=(7)
cfi=(175)
cfn=(3354)
calls=15 0 
0 8578 2117 1200 112 37 6 27 1
cob=(1)
cfi=(164)
cfn=(540)
calls=1 67 
0 802 259 132 0 9
0 5 2 2 1 0 0 1

fn=(3620) 0x0000000000120350
0 6 3
cob=(7)
cfi=(175)
cfn=(3622)
calls=3 0 
0 2340 585 286 55 25 1 13 2

fn=(3626)
0 6 3 0 1 1
cob=(7)
cfi=(175)
cfn=(3630)
calls=3 0 
0 604 134 104 11 0 0 6
cob=(1)
cfi=(164)
cfn=(540)
calls=1 67 
0 1434 338 132 34 23 1 0 2
0 5 2 2 2

fn=(3678) 0x0000000000120190
0 20 10 0 6 6 0 1 5
cob=(7)
cfi=(175)
cfn=(3680)
calls=10 0 
0 956 168 281 12 10 16 2

fn=(3686)
0 20 10 0 6 6 0 1
cob=(7)
cfi=(175)
cfn=(3690)
calls=10 0 
0 2729 715 494 107 32 21 11 1
cob=(1)
cfi=(164)
cfn=(540)
calls=1 67 
0 1219 310 132 43 46 10 0 1
0 5 2 2 2 1 0 1

fn=(3728)
0 364 182 0 6 9 0 1
cob=(1)
cfi=(389)
cfn=(3732)
calls=182 29 
0 2184 1274 0 6 21 0 1
cob=(1)
cfi=(164)
cfn=(540)
calls=1 67 
0 938 322 145 0 40 0 0 2
0 5 2 2 1 0 0 1

fn=(3780) 0x0000000004bb8560
0 710 355
cob=(3)
cfi=(390)
cfn=(3784)
calls=355 24 
0 32790 7880 2840 41 45 4 6
cob=(1)
cfi=(164)
cfn=(540)
calls=1 67 
0 942 308 142 0 20 5 0 3
0 5 2 2 1 0 0 1

fn=(4068)
0 240 120 0 6 5 0 1
cob=(6)
cfi=(173)
cfn=(4072) _Unwind_GetRegionStart
calls=120 0 
0 360 240 0 10 0 0 1
cob=(1)
cfi=(164)
cfn=(540)
calls=1 67 
0 999 300 139 4 7 0 0 2
0 5 2 2 1 0 0 1

fn=(4172)
0 40 20 0 10 5 0 1
cob=(7)
cfi=(175)
cfn=(4176)
calls=20 0 
0 960 280 80 5 0 0 1
cob=(1)
cfi=(164)
cfn=(540)
calls=1 67 
0 1251 314 132 0 12
0 5 2 2 1 0 0 1

fn=(4446) 0x00000000001201b0
0 6 3 0 3 1 0 0 1
cob=(4)
cfi=(391) ./math/./math/w_log10_compat.c
cfn=(4448) log10
calls=3 29 
0 276 51 6 32 14 0 4 2

fn=(4668)
0 2 1 0 1 1 0 1
cob=(7)
cfi=(175)
cfn=(3188)
calls=1 0 
0 689 198 136 53 25 1
cob=(1)
cfi=(164)
cfn=(540)
calls=1 67 
0 1050 290 132 44 45 22 0 1
0 5 2 2 2 1 0 1

fn=(4776)
0 6 3
cob=(7)
cfi=(175)
cfn=(4780)
calls=3 0 
0 303 93 45 0 3
cob=(1)
cfi=(164)
cfn=(540)
calls=1 67 
0 730 254 133 0 19 0 0 2
0 5 2 2 1 0 0 1

fn=(4810)
0 6 3 0 1 1 0 1
cob=(7)
cfi=(175)
cfn=(4814)
calls=3 0 
0 1730 545 244 9 22 0 9 2
cob=(1)
cfi=(164)
cfn=(540)
calls=1 67 
0 1010 285 132 1 15 2 0 1
0 5 2 2 1 1 0 1

fn=(4811)
0 2 1
cob=(7)
cfi=(175)
cfn=(4815)
calls=1 0 
0 134 52 23

fn=(4816)
0 6 3 0 1 1 0 1
cob=(7)
cfi=(175)
cfn=(4820)
calls=3 0 
0 212 79 39 3 1 0 3
cob=(1)
cfi=(164)
cfn=(540)
calls=1 67 
0 1066 292 132 0 8 0 0 2
0 5 2 2 1 0 0 1

fn=(4817)
0 2 1
cob=(7)
cfi=(175)
cfn=(4821)
calls=1 0 
0 23 8 5

ob=(5)
fl=(168)
fn=(574)
0 5 2 0 2 0 0 2

fn=(4860)
0 11 3 4 2 2 0 1
cob=(2)
cfi=(51)
cfn=(4866)
calls=1 0 
0 131 30 12 1 0 0 1
0 10 1 1 1
cfn=(4872) 0x0000000000001070
calls=1 0 
0 5 1 0 1
0 5 4 1

fn=(4872)
0 5 1 0 1

fn=(566)
0 10 1 0 2 0 0 2

ob=(2)
fl=(51)
fn=(4978)
0 4 1 0 1 0 0 1

fn=(5028) 0x0000000004adc1e0
0 2 1 0 1 0 0 1
cob=(3)
cfi=(402)
cfn=(4840)
calls=1 30 
0 129 29 12

ob=(5)
fl=(168)
fn=(566)
0 2 0 0 1 0 0 1

ob=(4)
fl=(388) ./math/../sysdeps/ieee754/dbl-64/math_err.c
fn=(4482) __math_check_uflow
84 31 0 0 12
+1 93 31
+1 21 21
-1 10
cfn=(3508) with_errno.constprop.0
calls=10 -56 
* 30 20 10 0 4

fn=(3508)
29 1436 718 718 665 674 0 1
+2 718 718

fn=(3672) xflow
40 140 0 0 5
+1 35
cfn=(3508)
calls=35 -12 
* 105 70 35 0 35

fn=(4406) __math_check_oflow
90 1 0 0 1 0 0 1
+1 4 2 0 0 1
+1 1 1

fn=(4468) __math_uflow
46 30
+1 60 30 0 0 30
cfn=(3672)
calls=30 -7 
* 240 60 30 0 30

fn=(3670) __math_oflow
62 5
+1 10 5 0 0 5
cfn=(3672)
calls=5 -23 
* 40 10 5 5 5

fn=(3506) __math_divzero
68 673 0 0 667 0 0 1
+1 3365 2019
+1 673 0 0 672 0 0 1
cfn=(3508)
calls=673 -41 
* 2019 1346 673 665 635 0 1

fl=(282)
fn=(1832)
30 50 0 0 1 0 0 1
+4 75 50 75
cfi=(283) ./math/../sysdeps/x86_64/fpu/e_expl.S
cfn=(1834) __expl_finite@GLIBC_2.15
calls=25 +45 
* 1141 219 48 4 1 0 4 1
+1 350 75 0 1 1 0 1 1
+6 50 25

fl=(289)
fn=(1870)
32 3 1 0 1 0 0 1
+1 3
+3 1 0 1
+1 1
-1 1
cfi=(290) ./math/../sysdeps/x86/fpu/e_sqrtl.c
cfn=(1872) __sqrtl_finite@GLIBC_2.15
calls=1 -12 
* 4 2 0 1 0 0 1

fl=(147)
fn=(488)
31 1 0 0 1 0 0 1
fi=(428) ./math/../sysdeps/x86_64/fpu/multiarch/ifunc-sse4_1.h
-2 5 2 0 1 2 0 1
fe=(147)
+2 1 1

fl=(283)
fn=(1834)
79 25 0 0 1 0 0 1
+7 25 25
+5 25
+36 25 25
+1 25 0 0 1 0 0 1
+1 25
+1 25
+1 25
+1 25
+2 1
+1 1
+1 1
+16 24 0 0 1 0 0 1
+1 24
+2 48 0 24
+1 24
+1 24 24
+1 24 0 24
+1 24 24
+1 24
+1 24
+1 24
+1 24 24
+1 24
+1 24 24 0 0 1 0 0 1
+1 24
+1 24
+1 24
+1 24
+1 24
+1 24
+1 24
+1 24 24
+1 24
+1 24
+1 24
+12 24
+1 24
+1 24
+1 24
+1 24
+1 120 24
+2 24
+1 24
+13 25 25 0 1 0 0 1

fl=(151)
fn=(496)
31 1 0 0 1 0 0 1
fi=(428)
-2 5 2 0 0 2
fe=(151)
+2 1 1

fl=(137)
fn=(442)
30 1 0 0 1 0 0 1
fi=(130) ./math/../sysdeps/x86_64/fpu/multiarch/ifunc-fma.h
-1 4 2
+1 4 2
fe=(137)

fl=(384)
fn=(3490)
26 9422 0 0 657 0 0 1
+1 9422 0 9422 671 0 179 1
cfi=(385) ./math/../sysdeps/ieee754/dbl-64/e_lgamma_r.c
cfn=(3492) __lgamma_r_finite@GLIBC_2.15
calls=4711 204 
* 356017 82779 25574 6595 4697 308 13 6
+1 32977 14133
+8 9422 4711

fl=(377)
fn=(3454)
31 4390 0 0 17 0 0 1
+1 4390 0 4390 154 0 43 1
cob=(2)
cfi=(51)
cfn=(3456)
calls=2195 -32 
* 84021 26110 45 2619 3779 0 10 34
+1 21935 8775 0 0 644
+4 4390 2195
-4 141 0 0 41 0 0 1
+2 90 45 45
+1 45

fl=(391)
fn=(4448)
29 3 0 0 3 0 0 1
+1 9
+14 3
cfi=(392) ./math/../sysdeps/ieee754/dbl-64/e_log10.c
cfn=(4450) __log10_finite@GLIBC_2.15
calls=3 +15 
* 261 51 6 29 14 0 3 2

fl=(141)
fn=(454)
27 1 0 0 1 0 0 1
fi=(132) ./math/../sysdeps/x86_64/fpu/multiarch/ifunc-avx-fma4.h
+5 5 2
+1 2 1
fe=(141)
-6 1 1 0 1 0 0 1

fl=(285)
fn=(1848)
22 6 2 0 1 0 0 1
+1 24 2 0 1 0 0 1
+4 4 2
-3 6 0 4
cfi=(286) ./math/../sysdeps/x86_64/fpu/s_scalbnl.S
cfn=(1850) __scalbnl
calls=2 -17 
* 14 6 2
+1 28 6 0 1 0 0 1

fl=(134)
fn=(430)
34 1 0 0 1 0 0 1
fi=(132)
-2 5 2 0 1 0 0 1
+1 2 1
fe=(134)
+1 1 1

fn=(480)
27 2 0 0 1 0 0 1
fi=(132)
+5 10 4
+1 4 2 0 0 1
fe=(134)
-6 2 2

fl=(383) ./math/../sysdeps/ieee754/dbl-64/s_log1p.c
fn=(3486) __log1p
104 1862 0 0 18
+4 5586
+4 3724 0 0 48 0 0 1
-3 3034
+5 3034
+7 3034
+11 4323
+37 1441 1441 0 49 470 0 1 1
-35 1441
+35 2882
+18 2882 1441 0 0 488 0 0 1
+2 1441 1441 0 0 480 0 0 1
-2 2882
+3 1441 1441
-2 2882
+2 1441
-1 2882 0 0 49 0 0 1
+1 1441 1441
-1 1441
+4 1441
-3 2882
+3 1441
-2 5764 2882
+1 2882 2882 0 46 469 0 1 1
+1 5764
+2 2882
-1 2882
-7 678 339 0 0 200
+2 339 339 0 0 200
-2 678
+3 339 339
-2 678
+2 339
-1 678
+1 339 339
-1 339
+4 339
-3 678
+3 339
-2 1356 678
+1 678 678 0 0 200
+1 1356
+2 678
-1 678
+1 4323 1441
-58 690 0 0 38 0 0 1
+4 678
+12 6 3
-2 3
+3 3
-1 3
+3 3
+1 6
-1 336
+1 672
+2 60 0 0 9 0 0 1
+8 10
+2 10 10 0 0 6
-2 10
+2 20
+1 20
-3 329 0 0 203
+2 329 329 0 0 194
-2 329
+2 658
+1 658
+37 51 51 0 40
-43 658 0 0 200 0 0 1
-1 329
+1 1316
+1 1645
-22 1008 336 0 211 0 0 1
+1 336
+2 336
-2 672
+1 672
+1 705
+1 1008 0 0 211 0 0 1
+57 3729 678 0 8 212 0 1 1
+3 339 339
-61 975 0 0 200
-8 12 6 0 6 0 0 1
-15 152 76 0 53 53 0 1 1
+3 76
-2 152
+2 239 117 0 5 32 0 1 1
+4 80 40 0 19 17

fl=(133)
fn=(426)
27 1 0 0 1 0 0 1
fi=(130)
+2 4 2 0 1 0 0 1
+1 3 1
fe=(133)
-3 1 1

fl=(284)
fn=(1844)
43 1 0 0 1 0 0 1
+2 2 2
+2 3 0 1 1 0 0 1
-1 4
+2 5
+1 2
-4 2
+12 1 1
-1 1
-1 1
+1 1 0 0 1 0 0 1
-1 1 0 1
+2 3 1 2
+2 1 1

fl=(290)
fn=(1872)
24 1 0 0 1 0 0 1
+1 2 1
+1 1 1

fl=(385)
fn=(3492)
204 9422 0 4711 673 0 0 1
+4 4711
-4 9422 0 4711 0 0 88
+4 4711
-4 9422 0 9422 0 0 36
+8 9422
-8 4711
+7 4711 0 4711
+2 14133
+1 18844 0 0 614 0 0 1
+6 9422
+7 9422
+14 32977
+2 5384 0 0 672 0 0 1
+1 5384
+7 4038
+57 5384
+3 32977 23555 0 1239 0 0 2
-66 2692 0 2019 299 0 184 1
cob=(2)
cfi=(51)
cfn=(3476)
calls=673 0 
* 32977 8076 0 0 659 0 0 1
+1 2019 1346 0 672 0 0 1
-1 1346 673
+1 673
+6 6057 2019 0 1344 673 0 2 1
-2 2019
+13 2019
+2 2019 2019 0 0 673 0 0 1
-2 2019
+1 4038
+1 16152 8076 0 48 673 0 1 1
+3 2019
-1 18171 10095 0 259 0 0 1
+1 2019
-2 18171 10095 0 102 673 0 1 1
+2 10095 2019
+1 6057 2019 0 0 673
-6 673
+2 673 673
-2 673
+1 1346
+1 5384 2692
+3 673
-1 6057 3365
+1 673
-2 6057 3365
+2 3365 673
+1 2019 673
-22 2692 1346 0 673 673 0 1 1
+8 673

fl=(381)
fn=(3478)
49 5383 0 0 634 0 0 1
fi=(379) ./math/../sysdeps/ieee754/dbl-64/math_config.h
+18 5383
fe=(381)
-28 5383
+22 16149 0 0 57 0 0 1
-22 5383
+22 10766
+24 14082
+17 4694
+17 4694
-14 4694
+9 4694 4694 0 585 653 0 1
-12 4694
+20 4694 4694 0 0 838 0 0 1
+8 4694 4694 0 0 1043 0 0 1
-27 4694
+2 4694
-1 4694
+26 4694 4694
-27 4694
+16 4694
-14 4694
+1 9388
+8 4694
-8 14082 0 0 311 0 0 1
+8 4694 4694 0 0 2626 0 0 33
+8 4694 4694
+8 4694 4694
-7 4694
+4 4694
-3 14082 4694
+6 28164 9388 0 4
+1 4694 4694
-66 2067 0 0 141 0 0 1
+2 16 16 0 0 16
+3 16 16 0 16 16 0 1
+1 16 16 0 0 16
-1 16 16
+1 16 16
+1 16 16
-4 16
+4 16 16
-2 16 16
+1 16 16 0 16 0 0 1
-2 16
+3 48 32
+3 16 16 0 0 16 0 0 1
-4 16
+4 48
+2 32 16 0 16 0 0 1
-1 16
+2 32
+1 16
+1 16
-1 16
+1 32
+1 16
+1 16
+1 16 16
-17 673 0 0 619 0 0 1
+66 673 673

fl=(144)
fn=(466)
49 6 3 0 1 0 0 1

fl=(287)
fn=(1864)
29 3 1 0 1 0 0 1
+1 5
+14 1 0 1 1 0 0 1
+1 1
-1 1
cfi=(288) ./math/../sysdeps/x86_64/fpu/e_logl.S
cfn=(1866) __ieee754_logl
calls=1 -14 
* 21 5 0 2 2 0 2 2

fl=(131)
fn=(422)
27 1 0 0 1 0 0 1
fi=(132)
+5 4 2
fe=(131)

ob=(6)
fl=(173)
fn=(3948)
0 19 1 17 3 0 0 3

fn=(4190) 0x0000000000016820
0 2040 215 510 11 0 0 2
cob=(7)
cfi=(175)
cfn=(4056)
calls=90 0 
0 121885 13616 7707 20 21 0 4 6
0 600 0 100 10 0 0 1
cfn=(3958) 0x0000000000016280
calls=100 0 
0 31405 10630 3830
0 2300 700 200 5 0 0 1
cfn=(3764) 0x00000000000153f0
calls=100 0 
0 164255 29005 15810 0 4
0 180 0 60 5 0 0 1
cfn=(3764)
calls=60 0 
0 96485 17455 9835 0 3 2
0 480 0 160
cob=(2)
cfi=(51)
cfn=(4184)
calls=160 0 
0 800 480
0 1740 835 60 10 0 0 1

fn=(5040)
0 9 3 2 1 3 0 1
cob=(2)
cfi=(51)
cfn=(5046)
calls=1 0 
0 131 30 12 1
0 1 0 1
cfn=(5050) 0x0000000000004550
calls=1 0 
0 5 1 0 1 0 0 1
0 3 2 1

fn=(3758) 0x00000000000166a0
0 2940 60 2220 11 0 7 2
cfn=(3764)
calls=60 0 
0 88877 15916 8805 297 188 58 56 21
0 420 60 60 6 5 0 1
cob=(2)
cfi=(51)
cfn=(3944)
calls=60 0 
0 1563 533 193 21 28 0 5
0 960 120 420 5 0 0 1
cfn=(3958)
calls=60 0 
0 20280 6780 2700 68 5 0 13 1
0 420 300 60 5 0 0 1

fn=(3806) 0x00000000000178b0
0 2485 0 1065 15 0 4 2
cob=(2)
cfi=(51)
cfn=(3808)
calls=355 0 
0 6593 1372 146 14 41 1 2 12
0 11865 2440 155 11 0 0 2
cfn=(3790) 0x0000000000017760
calls=155 0 
0 4340 465 155
0 3305 1575 0 5 0 0 1

fn=(4016) 0x00000000000149a0
0 14725 2325 1550 25 5 0 5 5

fn=(4228)
0 180 60 60

fn=(4338)
0 210 30 0 10 0 0 2
cob=(7)
cfi=(175)
cfn=(4340)
calls=30 0 
0 8376 2615 1311 88 69 1 15 2

fn=(4286)
0 450 25 225 11 0 2 2
cfn=(3758)
calls=25 0 
0 45675 9250 5750 0 13 3 0 2
0 900 400 400 28 0 6 4
cfn=(4190)
calls=25 0 
0 222245 37060 19350 0 4
0 125 0 25
cfn=(4236) 0x00000000000146a0
calls=25 0 
0 10375 2650 425 0 9
0 100 50 25 5 0 0 1
cfn=(4282) 0x0000000000016c20
calls=25 0 
0 50 25
0 425 225 25 5 0 0 1

fn=(594)
0 364 17 43 34 3 1 34 2

fn=(3958)
0 78350 27440 8390 68 5 0 13 1

ob=(4)
fl=(131)
fn=(422)
fi=(132)
32 1
+1 2 1
fe=(131)
-6 1 1 0 1 0 0 1

fl=(146)
fn=(476)
26 1 0 0 1 0 0 1
fi=(132)
+6 5 2 0 1 0 0 1
+1 2 1
fe=(146)
-7 1 1

fl=(286)
fn=(1850)
7 2
+1 2 0 2
+1 2 2
+1 2 2
+1 2
+1 2
+1 2 2

fl=(140)
fn=(450)
27 1 0 0 1 0 0 1
fi=(130)
+2 4 2
+1 3 1 0 1 0 0 1
fe=(140)
-3 1 1

fl=(387)
fn=(3504)
283 1386 0 0 2
45 2772
fi=(379)
+22 1386 0 0 657 0 0 1
fe=(387)
-22 1386
fi=(379)
+22 1386
fe=(387)
-22 1386
292 1386
45 1386
292 3485
-8 713
+8 2852
62 713 0 0 671 0 0 1
+5 713
+10 713 713 0 0 2
+11 713 713 0 0 673 0 0 1
-26 713
+28 713 713
+22 713 713 0 0 673 0 0 1
-49 713
+1 713
+48 1426 1426 0 672 0 0 1
-48 713
-1 713
+4 713
+3 713
-5 1426
+5 713
-5 713
+5 2139
+7 713
+11 713 713 0 0 707 0 0 20
-11 713 713 0 673 0 0 1
+18 713 713
-5 713 713
+22 1426 1426
-23 713
+7 713
-5 713
+6 713
+4 713
-10 713
+21 713 713 0 673 0 0 1
-12 713
+2 713
+10 713
-10 713
+10 713
+1 2852
+1 713
+1 1426
369 713
+1 713 0 0 635 0 0 1
45 713
fi=(379)
+22 713
fe=(387)
-22 713
193 713
+1 713
370 713
194 1426
+31 156 78 0 39 2 0 1
+18 39 39 0 0 4
fi=(379)
67 39
fe=(387)
227 39
+2 39 39
+4 39
+1 39
-5 39 39
+4 39
+1 39
-1 39
+4 39 39 0 39 31 0 1 1
-6 39
+12 117 117
-3 39
+3 156 39
+1 78 0 0 2
fi=(379)
79 39
fe=(387)
249 78
380 1426 713 0 46 0 0 1
-81 673
-26 1346
+26 1346
-26 1346
+41 1346 0 0 49 0 0 1
197 1348 0 0 578 0 0 1
+4 674 674 0 121 0 0 1
+1 1348
316 673 0 0 668 0 0 1
-32 673
+33 1346
+5 2692
+1 1346 0 0 672 0 0 1
cfi=(388)
cfn=(3506)
calls=673 68 
* 6730 3365 673 2004 635 0 3

fl=(143)
fn=(462)
26 1 0 0 1 0 0 1
fi=(130)
+3 4 2
+1 3 1
fe=(143)
-4 1 1

fl=(174)
fn=(5032) 0x000000000000e3b0
0 5 1 0 2

fn=(606)
0 12 1 0 3 0 0 3

fn=(5022)
0 9 3 2 2 2
cob=(2)
cfi=(51)
cfn=(5028)
calls=1 0 
0 131 30 12 1 0 0 1
0 1 0 1
cfn=(5032)
calls=1 0 
0 5 1 0 2
0 3 2 1

fl=(378)
fn=(3458)
98 2195 0 0 713 0 0 1
-10 2195
fi=(379)
-21 2195
fe=(378)
+21 2195 0 0 129 0 0 1
+16 2195
+1 6585
+30 8616 4308 0 0 637 0 0 1
+16 2154 2154 0 0 665 0 0 1
fi=(379)
-84 2154
fe=(378)
+70 2154 0 0 708 0 0 1
+14 2154 2154
-12 2154 2154
+2 2154
+1 2154
-3 2154 2154
+2 2154
+1 2154
+9 2154 2154
-10 2154
+10 2154 2154 0 0 1645 0 0 31
-6 2154 2154 0 664 0 0 1
+3 2154
+3 8616 2154
+1 4308
fi=(379)
-73 2122
fe=(378)
+78 4244 2122
-49 146 0 0 49
+4 138
+2 111 0 0 34 0 0 1
+2 70
+3 35
-1 70
+3 5
cfi=(388)
cfn=(3670)
calls=5 -59 
* 55 15 5 5 10
-70 64 0 0 13
fi=(379)
+28 31
fe=(378)
-16 31 31 0 0 11
fi=(379)
+16 62
fe=(378)
-17 62
+1 62
+17 18 18 0 0 7
fi=(379)
+48 18
cfi=(388)
cfn=(4482)
calls=18 -44 
* 90 36 0 7
* 13
cfi=(388)
cfn=(4482)
calls=13 -44 
* 95 36 10 5 4
fe=(378)
-4 64 0 0 13 0 0 1
-53 13 0 0 5 0 0 1
-1 13
+5 13
-5 13
+2 39
+1 26
+2 39
+5 6 3 0 0 1
-2 39 0 0 5
+33 8 8 0 4
fi=(379)
-32 3 0 0 1 0 0 1
fe=(378)
-23 2 1 0 0 1 0 0 1
fi=(379)
+65 1
cfi=(388)
cfn=(4406)
calls=1 -31 
* 6 3 0 1 1 0 1
* 30 10 0 0 4
fe=(378)
-2 30
cfi=(388)
cfn=(4468)
calls=30 -73 
* 330 90 30 0 60
-4 2 0 0 2
+43 2 2

fl=(129)
fn=(418)
26 1 0 0 1 0 0 1
fi=(130)
+3 4 2 0 1 0 0 1
+1 3 1
fe=(129)
-4 1 1

fl=(138)
fn=(446)
27 1 0 0 1 0 0 1
fi=(139) ./math/../sysdeps/x86_64/fpu/multiarch/ifunc-fma4.h
+4 4 2
+1 2 1
fe=(138)
-5 1 1

fl=(136)
fn=(438)
26 1 0 0 1 0 0 1
fi=(130)
+3 4 2 0 1 0 0 1
+1 3 1
fe=(136)
-4 1 1

fl=(142)
fn=(468)
27 1 0 0 1 0 0 1
fi=(139)
+4 4 2
+1 2 1
fe=(142)
-5 1 1

fn=(458)
35 1 0 0 1 0 0 1
fi=(139)
-4 4 2
+1 2 1 0 1 0 0 1
+3 1 1
fe=(142)

fl=(288)
fn=(1866)
30 1 0 0 1 0 0 1
+1 1
+1 1 1
+1 1
+1 1
+1 1
+1 1
+1 1
+1 1 1
+1 1
+1 1 0 0 1 0 0 1
+1 1 1 0 0 1 0 0 1
+1 1
+1 1
+1 1 1 0 0 1 0 0 1
+1 1
+1 1
+1 1
+11 1
+1 1
+1 1 1

fl=(135)
fn=(434)
27 1 0 0 1 0 0 1
fi=(130)
+2 4 2
+1 3 1
fe=(135)
-3 1 1

fl=(386)
fn=(3500)
31 2772 0 0 2
+1 4158 0 4158 631 0 0 1
cob=(2)
cfi=(51)
cfn=(3502)
calls=1386 -32 
* 89094 15797 673 8875 2729 0 18 23
+1 11088 5544
+12 2852
+4 2772 1386 0 284 0 0 1
-14 4038
+2 1346
+5 2019 673 673

fl=(145)
fn=(472)
27 1 0 0 1 0 0 1
fi=(130)
+2 4 2
+1 3 1 0 1 0 0 1
fe=(145)
-3 1 1

fl=(380)
fn=(3474)
31 4707 0 0 265 0 0 1
+1 14121

ob=(6)
fl=(173)
fn=(3958)
0 4740 600 1970 5 0 0 1

fn=(4386)
0 75 5 45 5 0 0 1
cob=(2)
cfi=(51)
cfn=(4388)
calls=5 0 
0 95590 18575 9920 7 64 1 2 31

fn=(3778)
0 5680 355 2485 10 5 8 2
cob=(2)
cfi=(51)
cfn=(3780)
calls=355 0 
0 34447 8545 2984 42 65 9 7 3
0 4260 1065 355 5 18 0 1 7
cfn=(3790)
calls=355 0 
0 9940 1065 355 15 5 5 3 1
0 3550 710 355
cfn=(3790)
calls=355 0 
0 9940 1065 355 5 0 0 1
0 61350 9470 355 25 363 0 5 213
cfn=(3806)
calls=355 0 
0 28588 5852 1521 45 41 5 7 12
0 6745 0 355
cfn=(3790)
calls=355 0 
0 9940 1065 355 0 5 0 0 1
0 3550 710 710 5 0 0 1

fn=(3790)
0 34160 3660 1220 20 10 5 4 2

fn=(4072)
0 360 240 0 10 0 0 1

fn=(5050)
0 5 1 0 1 0 0 1

fn=(4222)
0 1800 600 120 5 0 0 1

fn=(596)
0 12 1 0 2 0 0 2

fn=(3764)
0 25205 710 20235 15 0 22 3
cob=(2)
cfi=(51)
cfn=(3772)
calls=355 0 
0 179532 30541 10325 159 521 38 29 239
0 3905 710 710 5 0 0 1
cob=(2)
cfi=(51)
cfn=(3808)
calls=355 0 
0 5680 1065
0 27395 3460 1930 25 10 0 5 6
cfn=(3872) 0x0000000000014b70
calls=355 0 
0 58575 10650 4260 46 10 0 9 2
0 11540 1620 200 10 5 0 2 5
cfn=(3872)
calls=200 0 
0 74895 14285 4345 11 16 0 2 7
0 930 155 155
cfn=(3872)
calls=155 0 
0 136735 28135 9655 17 30 0 3 30
0 12290 1930 865 16 0 0 3
cfn=(4016)
calls=155 0 
0 7440 1240 775 25 5 0 5 5
0 4545 2795 310 20 0 0 4
cfn=(4016)
calls=155 0 
0 7285 1085 775
0 620 155 155

fn=(4062)
0 360 240 0 5 0 0 1

fn=(4090)
0 840 360 120

fn=(4282)
0 120 60

fn=(3756)
0 700 35 315 10 0 0 2
cfn=(3758)
calls=35 0 
0 69785 14519 8708 413 213 62 79 20
0 2150 725 590 21 1 1 4
cob=(7)
cfi=(175)
cfn=(4056)
calls=65 0 
0 151377 17134 9332 332 194 0 55 104
0 490 0 100 5 0 0 1
cfn=(3958)
calls=100 0 
0 31405 10630 3830 5 0 0 1
0 2200 700 200 0 13
cfn=(3764)
calls=100 0 
0 164255 29005 15810 52 310 0 10 258
0 105 0 35 10 0 0 2
cfn=(3764)
calls=35 0 
0 42700 7155 4435 0 92 0 0 15
0 375 0 70
cob=(2)
cfi=(51)
cfn=(4184)
calls=35 0 
0 999 388 140 17 10 0 3 1
0 1330 560 595 25 0 0 5
cfn=(4190)
calls=35 0 
0 199925 35876 18922 61 24 2 10 6
0 175 0 35
cfn=(4236)
calls=35 0 
0 13405 3470 435 43 0 0 7
0 175 70 35
cfn=(4282)
calls=35 0 
0 70 35
0 595 315 35 10 0 0 2

fn=(3872)
0 270205 53070 18260 74 56 0 14 39

fn=(4188)
0 585 390 0 10 0 0 1

fn=(4236)
0 22100 5340 680 27 9 0 4

ob=(4)
fl=(380)
fn=(3474)
41 4707 0 0 249 0 0 1
cob=(2)
cfi=(51)
cfn=(3476)
calls=4707 -41 
* 208386 49802 0 2430 5270 0 10 35

fl=(382)
fn=(3484)
24 1862 0 0 50 0 0 1
+1 5586 1862 0 0 42 0 0 1

ob=(6)
fl=(173)
fn=(4236)
0 1680 780 180 16 0 0 3

ob=(4)
fl=(382)
fn=(3484)
33 1862
cfi=(383)
cfn=(3486)
calls=1862 +71 
* 109187 19107 0 1413 3021 0 13 7

fl=(392)
fn=(4450)
59 3 0 0 3
+8 3
-3 3
+3 6
+8 3 0 0 3 0 0 1
+3 9
+2 3
+3 3
-24 3 0 0 3 0 0 1
+21 6
+1 9
+2 6
-1 15
+5 6
-4 3 0 3 3 0 0 1
+4 3 0 3
cob=(2)
cfi=(51)
cfn=(3476)
calls=3 -87 
* 147 36 0 17 8
* 15 9 0 0 6 0 0 2
+1 3 3
+1 3
-2 3
+1 3
+1 3 3

ob=(9)
fl=(213)
fn=(4578) cmdstan::arg_dense_e::~arg_dense_e()
0 12 2 3
cob=(2)
cfi=(51)
cfn=(1948)
calls=1 0 
0 120 35 14 0 1
0 8 2 0 1 0 0 1
cob=(2)
cfi=(51)
cfn=(1948)
calls=1 0 
0 99 31 15

fn=(3052) std::_Rb_tree<std::__cxx11::basic_string<char, std::char_traits<char>, std::allocator<char> >, std::pair<std::__cxx11::basic_string<char, std::char_traits<char>, std::allocator<char> > const, bool>, std::_Select1st<std::pair<std::__cxx11::basic_string<char, std::char_traits<char>, std::allocator<char> > const, bool> >, std::less<std::__cxx11::basic_string<char, std::char_traits<char>, std::allocator<char> > >, std::allocator<std::pair<std::__cxx11::basic_string<char, std::char_traits<char>, std::allocator<char> > const, bool> > >::_M_get_insert_unique_pos(std::__cxx11::basic_string<char, std::char_traits<char>, std::allocator<char> > const&)
0 30 10 8 5 0 0 5

fn=(3594) Eigen::PlainObjectBase<Eigen::Matrix<double, -1, 1, 0, -1, 1> >::resize(long)
0 10050 2674 2013 93 0 0 1
cob=(2)
cfi=(51)
cfn=(3170)
calls=5 0 
0 30 10 0 2
0 35 0 5 1 0 0 1
cfn=(3596) Eigen::internal::aligned_malloc(unsigned long)
calls=5 0 
0 753 154 133 18 1 5 2
0 30 15 10

fn=(1828) long double boost::math::detail::igamma_temme_large<long double, boost::math::policies::policy<boost::math::policies::promote_float<false>, boost::math::policies::promote_double<false>, boost::math::policies::default_policy, boost::math::policies::default_policy, boost::math::policies::default_policy, boost::math::policies::default_policy, boost::math::policies::default_policy, boost::math::policies::default_policy, boost::math::policies::default_policy, boost::math::policies::default_policy, boost::math::policies::default_policy, boost::math::policies::default_policy, boost::math::policies::default_policy> >(long double, long double, boost::math::policies::policy<boost::math::policies::promote_float<false>, boost::math::policies::promote_double<false>, boost::math::policies::default_policy, boost::math::policies::default_policy, boost::math::policies::default_policy, boost::math::policies::default_policy, boost::math::policies::default_policy, boost::math::policies::default_policy, boost::math::policies::default_policy, boost::math::policies::default_policy, boost::math::policies::default_policy, boost::math::policies::default_policy, boost::math::policies::default_policy> const&, std::integral_constant<int, 64> const&) [clone .isra.0]
0 443 138 7 25 35 0 25 35
cob=(2)
cfi=(51)
cfn=(1830)
calls=1 0 
0 36 10 3 6 2 0 6 1
0 28 8 3 2 0 0 2
cfn=(1836) long double boost::math::detail::erf_imp<long double, boost::math::policies::policy<boost::math::policies::promote_float<false>, boost::math::policies::promote_double<false>, boost::math::policies::default_policy, boost::math::policies::default_policy, boost::math::policies::default_policy, boost::math::policies::default_policy, boost::math::policies::default_policy, boost::math::policies::default_policy, boost::math::policies::default_policy, boost::math::policies::default_policy, boost::math::policies::default_policy, boost::math::policies::default_policy, boost::math::policies::default_policy> >(long double, bool, boost::math::policies::policy<boost::math::policies::promote_float<false>, boost::math::policies::promote_double<false>, boost::math::policies::default_policy, boost::math::policies::default_policy, boost::math::policies::default_policy, boost::math::policies::default_policy, boost::math::policies::default_policy, boost::math::policies::default_policy, boost::math::policies::default_policy, boost::math::policies::default_policy, boost::math::policies::default_policy, boost::math::policies::default_policy, boost::math::policies::default_policy> const&, std::integral_constant<int, 64> const&) [clone .isra.0]
calls=1 0 
0 32 7 2 3 0 0 3
0 24 9 1 1 2 0 1 2

fn=(1856) boost::math::tools::promote_args<long double>::type boost::math::lgamma<long double, boost::math::policies::policy<boost::math::policies::promote_float<false>, boost::math::policies::promote_double<false>, boost::math::policies::default_policy, boost::math::policies::default_policy, boost::math::policies::default_policy, boost::math::policies::default_policy, boost::math::policies::default_policy, boost::math::policies::default_policy, boost::math::policies::default_policy, boost::math::policies::default_policy, boost::math::policies::default_policy, boost::math::policies::default_policy, boost::math::policies::default_policy> >(long double, int*, boost::math::policies::policy<boost::math::policies::promote_float<false>, boost::math::policies::promote_double<false>, boost::math::policies::default_policy, boost::math::policies::default_policy, boost::math::policies::default_policy, boost::math::policies::default_policy, boost::math::policies::default_policy, boost::math::policies::default_policy, boost::math::policies::default_policy, boost::math::policies::default_policy, boost::math::policies::default_policy, boost::math::policies::default_policy, boost::math::policies::default_policy> const&) [clone .isra.0]
0 51 9 24 3 1 0 3 1
cfn=(1858) long double boost::math::detail::lgamma_imp_final<long double, boost::math::policies::policy<boost::math::policies::promote_float<false>, boost::math::policies::promote_double<false>, boost::math::policies::default_policy, boost::math::policies::default_policy, boost::math::policies::default_policy, boost::math::policies::default_policy, boost::math::policies::default_policy, boost::math::policies::default_policy, boost::math::policies::default_policy, boost::math::policies::default_policy, boost::math::policies::default_policy, boost::math::policies::default_policy, boost::math::policies::default_policy>, boost::math::lanczos::lanczos17m64>(long double, boost::math::policies::policy<boost::math::policies::promote_float<false>, boost::math::policies::promote_double<false>, boost::math::policies::default_policy, boost::math::policies::default_policy, boost::math::policies::default_policy, boost::math::policies::default_policy, boost::math::policies::default_policy, boost::math::policies::default_policy, boost::math::policies::default_policy, boost::math::policies::default_policy, boost::math::policies::default_policy, boost::math::policies::default_policy, boost::math::policies::default_policy> const&, boost::math::lanczos::lanczos17m64 const&, int*) [clone .isra.0]
calls=3 0 
0 338 81 9 17 10 0 17 10
0 48 24

fn=(1858)
0 338 81 9 17 10 0 17 10

fn=(1902) stan::callbacks::stream_writer::stream_writer(std::ostream&, std::__cxx11::basic_string<char, std::char_traits<char>, std::allocator<char> > const&)
0 54 2 28 3 0 4 3
cfn=(1884) void std::__cxx11::basic_string<char, std::char_traits<char>, std::allocator<char> >::_M_construct<char const*>(char const*, char const*, std::forward_iterator_tag) [clone .isra.0]
calls=2 0 
0 120 28 20 0 1 1 0 1
0 14 0 6 1 0 0 1
cfn=(1884)
calls=2 0 
0 66 16 14
0 16 0 6 1 0 1 1
cfn=(1884)
calls=2 0 
0 66 16 14
0 18 0 8
cfn=(1884)
calls=2 0 
0 70 22 16 0 1 0 0 1
0 18 0 8 1 0 1 1
cfn=(1884)
calls=2 0 
0 66 16 14
0 16 0 6 1 0 0 1
cfn=(1884)
calls=2 0 
0 66 16 14
0 22 6 10
cfn=(1904) Eigen::IOFormat::IOFormat(int, int, std::__cxx11::basic_string<char, std::char_traits<char>, std::allocator<char> > const&, std::__cxx11::basic_string<char, std::char_traits<char>, std::allocator<char> > const&, std::__cxx11::basic_string<char, std::char_traits<char>, std::allocator<char> > const&, std::__cxx11::basic_string<char, std::char_traits<char>, std::allocator<char> > const&, std::__cxx11::basic_string<char, std::char_traits<char>, std::allocator<char> > const&, std::__cxx11::basic_string<char, std::char_traits<char>, std::allocator<char> > const&, char)
calls=2 0 
0 696 178 164 12 0 10 12
0 60 32 4 4 0 0 4
cfn=(1906) void std::__cxx11::basic_string<char, std::char_traits<char>, std::allocator<char> >::_M_construct<char*>(char*, char*, std::forward_iterator_tag) [clone .constprop.0]
calls=2 0 
0 66 16 14 0 0 1
0 22 18 0 1 0 0 1

fn=(1932) cmdstan::argument*& std::vector<cmdstan::argument*, std::allocator<cmdstan::argument*> >::emplace_back<cmdstan::argument*>(cmdstan::argument*&&) [clone .isra.0]
0 713 300 74 2 1 0 2
cfn=(1934) void std::vector<cmdstan::argument*, std::allocator<cmdstan::argument*> >::_M_realloc_insert<cmdstan::argument*>(__gnu_cxx::__normal_iterator<cmdstan::argument**, std::vector<cmdstan::argument*, std::allocator<cmdstan::argument*> > >, cmdstan::argument*&&)
calls=76 0 
0 22094 5248 3561 171 35 27 13 1 26

fn=(1966) std::__cxx11::basic_string<char, std::char_traits<char>, std::allocator<char> > std::operator+<char, std::char_traits<char>, std::allocator<char> >(std::__cxx11::basic_string<char, std::char_traits<char>, std::allocator<char> >&&, std::__cxx11::basic_string<char, std::char_traits<char>, std::allocator<char> >&&)
0 1835 479 206 20 0 0 6
cob=(2)
cfi=(51)
cfn=(1968)
calls=103 0 
0 9158 2206 1376 27 2 10 4 0 6
0 1871 515 697 6 0 0 4

fn=(2086) cmdstan::arg_output::arg_output()
0 30 2 18 3 0 0 3
cfn=(1914) std::__cxx11::basic_string<char, std::char_traits<char>, std::allocator<char> >::assign(char const*) [clone .isra.0]
calls=1 0 
0 110 21 14 1 1 0 0 1
0 6 1 1
cob=(2)
cfi=(51)
cfn=(1910)
calls=1 0 
0 365 79 65 2
0 2 0 1 1 0 0 1
cob=(2)
cfi=(51)
cfn=(1004)
calls=1 0 
0 215 43 39
0 3 0 1
cfn=(1936) cmdstan::singleton_argument<std::__cxx11::basic_string<char, std::char_traits<char>, std::allocator<char> > >::singleton_argument()
calls=1 0 
0 311 66 79 2
0 8 1 2
cob=(2)
cfi=(51)
cfn=(1910)
calls=1 0 
0 78 15 11
0 3 0 1 1 0 0 1
cfn=(1914)
calls=1 0 
0 453 99 73 4 3 0 2 3
0 7 1 1
cob=(2)
cfi=(51)
cfn=(1910)
calls=1 0 
0 362 79 64
0 4 0 1 1 0 0 1
cfn=(1914)
calls=1 0 
0 108 21 14 1
0 7 1 1
cob=(2)
cfi=(51)
cfn=(1910)
calls=1 0 
0 76 15 11
0 3 0 1
cob=(2)
cfi=(51)
cfn=(1942)
calls=1 0 
0 62 18 11 1
0 6 0 2 1 0 0 1
cfn=(1932)
calls=1 0 
0 287 58 51
0 2 0 1
cob=(2)
cfi=(51)
cfn=(1004)
calls=1 0 
0 215 43 39
0 3 0 1
cfn=(1936)
calls=1 0 
0 311 66 79
0 8 1 2 1 0 0 1
cob=(2)
cfi=(51)
cfn=(1910)
calls=1 0 
0 76 15 11
0 3 0 1
cfn=(1914)
calls=1 0 
0 297 71 42 0 4 0 0 4
0 3 0 1
cfn=(1914)
calls=1 0 
0 402 86 67
0 4 0 1 1 0 0 1
cfn=(1914)
calls=1 0 
0 113 21 14
0 4 0 1
cfn=(1914)
calls=1 0 
0 85 17 11
0 3 0 1
cob=(2)
cfi=(51)
cfn=(1942)
calls=1 0 
0 39 12 8
0 4 0 2
cfn=(1932)
calls=1 0 
0 412 94 70 1
0 2 0 1 1 0 0 1
cob=(2)
cfi=(51)
cfn=(1004)
calls=1 0 
0 215 43 39
0 3 0 1
cfn=(1908) cmdstan::singleton_argument<int>::singleton_argument()
calls=1 0 
0 279 61 61 4
0 8 1 2
cob=(2)
cfi=(51)
cfn=(1910)
calls=1 0 
0 78 15 11
0 3 0 1 1 0 0 1
cfn=(1914)
calls=1 0 
0 242 57 36
0 6 1 1
cob=(2)
cfi=(51)
cfn=(1910)
calls=1 0 
0 76 15 11
0 6 1 1 1 0 0 1
cob=(2)
cfi=(51)
cfn=(1910)
calls=1 0 
0 81 15 11
0 6 1 3 0 1
cfn=(1932)
calls=1 0 
0 410 94 70 0 0 1 0 0 1
0 2 0 1
cob=(2)
cfi=(51)
cfn=(1004)
calls=1 0 
0 215 43 39 0 0 1 0 0 1
0 3 0 1
cfn=(1908)
calls=1 0 
0 279 61 61 0 0 2 0 0 2
0 8 1 2 1 0 0 1
cob=(2)
cfi=(51)
cfn=(1910)
calls=1 0 
0 76 15 11
0 3 0 1
cfn=(1914)
calls=1 0 
0 500 113 78 0 9 7 0 8 7
0 3 0 1 1 0 0 1
cfn=(1914)
calls=1 0 
0 402 86 67
0 6 1 1
cob=(2)
cfi=(51)
cfn=(1910)
calls=1 0 
0 60 12 9 0 1 0 0 1
0 6 1 3 1 1 0 1 1
cfn=(1932)
calls=1 0 
0 9 4 2
0 2 0 1
cob=(2)
cfi=(51)
cfn=(1004)
calls=1 0 
0 215 43 39 0 0 1 0 0 1
0 3 0 1
cfn=(1936)
calls=1 0 
0 311 66 79 0 0 4 0 0 4
0 5 0 2
cfn=(1914)
calls=1 0 
0 108 21 14
0 3 0 1 1 0 0 1
cfn=(1914)
calls=1 0 
0 402 86 67 0 0 1 0 0 1
0 6 1 1
cob=(2)
cfi=(51)
cfn=(1910)
calls=1 0 
0 362 79 64 0 1 1 0 1 1
0 3 0 1
cfn=(1914)
calls=1 0 
0 113 21 14
0 7 1 1 1 0 0 1
cob=(2)
cfi=(51)
cfn=(1910)
calls=1 0 
0 76 15 11
0 3 0 1
cob=(2)
cfi=(51)
cfn=(1942)
calls=1 0 
0 62 18 11
0 4 0 2 1 0 0 1
cfn=(1932)
calls=1 0 
0 251 65 39
0 2 0 1
cob=(2)
cfi=(51)
cfn=(1004)
calls=1 0 
0 215 43 39 0 0 1 0 0 1
0 5 0 1
cfn=(2088) cmdstan::arg_single_bool::arg_single_bool(char const*, char const*, bool) [clone .constprop.1]
calls=1 0 
0 1435 319 261 8 3 5 8 3 5
0 4 0 2
cfn=(1932)
calls=1 0 
0 9 4 2
0 11 9 0 1 0 0 1

fn=(2096) cmdstan::arg_single_int_nonneg::arg_single_int_nonneg(char const*, char const*, int)
0 45 3 21 2 0 0 1
cfn=(1908)
calls=3 0 
0 837 183 183 0 0 6 0 0 6
0 12 0 6 2 0 0 1
cob=(2)
cfi=(51)
cfn=(1822)
calls=3 0 
0 48 9 0 0 1 0 0 1
0 18 3 3
cob=(2)
cfi=(51)
cfn=(1910)
calls=3 0 
0 230 45 33
0 6 0 3
cob=(2)
cfi=(51)
cfn=(1822)
calls=3 0 
0 56 10 0 0 2 0 0 2
0 18 3 3
cob=(2)
cfi=(51)
cfn=(1910)
calls=3 0 
0 1128 235 184 0 0 2 0 0 2
0 21 0 6 2 0 0 1
cfn=(1884)
calls=3 0 
0 171 42 30
0 6 0 3
cob=(2)
cfi=(51)
cfn=(1822)
calls=3 0 
0 48 9
0 24 3 3 2 0 0 1
cob=(2)
cfi=(51)
cfn=(1968)
calls=3 0 
0 146 33 21 3
0 9 0 3
cob=(2)
cfi=(51)
cfn=(1942)
calls=3 0 
0 186 54 33
0 18 3 3
cfn=(2098) std::__cxx11::to_string(int)
calls=3 0 
0 1239 368 203 39 35 7 13 2
0 99 36 15 8 0 0 4
cob=(2)
cfi=(51)
cfn=(1886)
calls=3 0 
0 51 12 6
0 21 12 6

fn=(2252) std::__cxx11::basic_string<char, std::char_traits<char>, std::allocator<char> > __gnu_cxx::__to_xstring<std::__cxx11::basic_string<char, std::char_traits<char>, std::allocator<char> >, char>(int (*)(char*, unsigned long, char const*, __va_list_tag*), unsigned long, char const*, ...) [clone .constprop.0]
0 160 4 80 10 0 0 4
cob=(2)
cfi=(51)
cfn=(2254)
calls=4 0 
0 7185 1401 1069 47 8 0 17 1
0 28 0 8
cfn=(1906)
calls=4 0 
0 220 56 40 5
0 36 24

fn=(2274) std::__cxx11::basic_string<char, std::char_traits<char>, std::allocator<char> >& std::vector<std::__cxx11::basic_string<char, std::char_traits<char>, std::allocator<char> >, std::allocator<std::__cxx11::basic_string<char, std::char_traits<char>, std::allocator<char> > > >::emplace_back<std::__cxx11::basic_string<char, std::char_traits<char>, std::allocator<char> > >(std::__cxx11::basic_string<char, std::char_traits<char>, std::allocator<char> >&&)
0 1810 550 550 6 0 27 6 0 2
cfn=(2276) void std::vector<std::__cxx11::basic_string<char, std::char_traits<char>, std::allocator<char> >, std::allocator<std::__cxx11::basic_string<char, std::char_traits<char>, std::allocator<char> > > >::_M_realloc_insert<std::__cxx11::basic_string<char, std::char_traits<char>, std::allocator<char> > >(__gnu_cxx::__normal_iterator<std::__cxx11::basic_string<char, std::char_traits<char>, std::allocator<char> >*, std::vector<std::__cxx11::basic_string<char, std::char_traits<char>, std::allocator<char> >, std::allocator<std::__cxx11::basic_string<char, std::char_traits<char>, std::allocator<char> > > > >, std::__cxx11::basic_string<char, std::char_traits<char>, std::allocator<char> >&&)
calls=15 0 
0 4978 1054 825 36 18 24 29 1 13
0 60 45

fn=(2290) cmdstan::argument::split_arg(std::__cxx11::basic_string<char, std::char_traits<char>, std::allocator<char> > const&, std::__cxx11::basic_string<char, std::char_traits<char>, std::allocator<char> >&, std::__cxx11::basic_string<char, std::char_traits<char>, std::allocator<char> >&)
0 374 22 176 2 0 1 2
cob=(2)
cfi=(51)
cfn=(2292)
calls=22 0 
0 1030 198 66 3 2 1 2
0 231 34 34 1 0 0 1
cfn=(1884)
calls=17 0 
0 963 238 170
0 51 0 17
cob=(2)
cfi=(51)
cfn=(1938)
calls=17 0 
0 912 238 153
0 306 51 34 1 0 0 1
cfn=(1884)
calls=17 0 
0 1485 348 254 0 0 2 0 0 2
0 51 0 17
cob=(2)
cfi=(51)
cfn=(1938)
calls=17 0 
0 774 202 141 1
0 253 170 5 1 0 0 1
cob=(2)
cfi=(51)
cfn=(1942)
calls=5 0 
0 320 90 55 1
0 80 45 0 1 0 0 1
cob=(2)
cfi=(51)
cfn=(1910)
calls=5 0 
0 265 55 40 1

fn=(2334) cmdstan::list_argument::parse_args(std::vector<std::__cxx11::basic_string<char, std::char_traits<char>, std::allocator<char> >, std::allocator<std::__cxx11::basic_string<char, std::char_traits<char>, std::allocator<char> > > >&, stan::callbacks::writer&, stan::callbacks::writer&, bool&)
0 33 3 17 3 0 0 3
cfn=(2290)
calls=1 0 
0 337 81 55
0 4 0 2
cob=(2)
cfi=(51)
cfn=(2296)
calls=1 0 
0 70 17 6 0 1
0 24 12 2 3 0 0 3
cob=(2)
cfi=(51)
cfn=(2296)
calls=1 0 
0 70 17 6
0 6 1 1
cfn=(2308) __gnu_cxx::__enable_if<std::__is_char<char>::__value, bool>::__type std::operator==<char>(std::__cxx11::basic_string<char, std::char_traits<char>, std::allocator<char> > const&, std::__cxx11::basic_string<char, std::char_traits<char>, std::allocator<char> > const&)
calls=1 0 
0 45 11 1 1
0 4 0 1 1 0 0 1
cfn=(2310) std::vector<std::__cxx11::basic_string<char, std::char_traits<char>, std::allocator<char> >, std::allocator<std::__cxx11::basic_string<char, std::char_traits<char>, std::allocator<char> > > >::pop_back()
calls=1 0 
0 9 3 1
0 16 7 4 1 0 0 1
cfn=(1906)
calls=1 0 
0 57 14 10
0 3 1 1
cfn=(2308)
calls=1 0 
0 37 9 1
0 20 10 2 2 1 0 2
cfn=(2324) cmdstan::categorical_argument::parse_args(std::vector<std::__cxx11::basic_string<char, std::char_traits<char>, std::allocator<char> >, std::allocator<std::__cxx11::basic_string<char, std::char_traits<char>, std::allocator<char> > > >&, stan::callbacks::writer&, stan::callbacks::writer&, bool&)
calls=1 0 
0 5087 1254 743 15 11 5 14
0 2

fn=(2584) cmdstan::file::validate_output_filename(std::__cxx11::basic_string<char, std::char_traits<char>, std::allocator<char> > const&)
0 26 2 12 2 0 0 2
cob=(2)
cfi=(51)
cfn=(2292)
calls=2 0 
0 79 16 5 5 2
0 36 14 4 2 0 0 2
cob=(2)
cfi=(51)
cfn=(2100)
calls=2 0 
0 52 14 12 4
0 21 5 1 1 0 0 1
cfn=(2586) std::__cxx11::basic_string<char, std::char_traits<char>, std::allocator<char> > std::operator+<char, std::char_traits<char>, std::allocator<char> >(std::__cxx11::basic_string<char, std::char_traits<char>, std::allocator<char> > const&, char const*)
calls=1 0 
0 113 29 20 6 2 0 2
0 26 8 0 1 0 0 1

fn=(2666) cmdstan::singleton_argument<int>::print_value[abi:cxx11]()
0 453 27 141 7 16 0 6
cob=(2)
cfi=(51)
cfn=(2100)
calls=3 0 
0 147 27 24
0 297 117 42 11 0 0 4
cob=(2)
cfi=(51)
cfn=(2100)
calls=9 0 
0 441 81 72
0 237 81 48 2 4 0 2 2
cob=(2)
cfi=(51)
cfn=(2100)
calls=15 0 
0 390 105 90 1
0 84 15 0 4 0 0 3

fn=(2686) cmdstan::singleton_argument<unsigned int>::is_default()
0 45 27 0 3 0 0 2

fn=(2692) cmdstan::singleton_argument<std::__cxx11::basic_string<char, std::char_traits<char>, std::allocator<char> > >::is_default()
0 162 60 6 5 6 0 4
cob=(2)
cfi=(51)
cfn=(2304)
calls=6 0 
0 99 24 0 8 2
0 24 6

fn=(2800) void stan::json::rapidjson_parse<stan::json::json_data_handler>(std::istream&, stan::json::json_data_handler&)
0 42 1 31 5 0 0 5
cfn=(2802) rapidjson::BasicIStreamWrapper<std::istream>::Read()
calls=1 0 
0 5622 1794 881 49 65 7 38 8
0 9 4 1 1 1 0 1
cfn=(2848) std::_Rb_tree<std::__cxx11::basic_string<char, std::char_traits<char>, std::allocator<char> >, std::pair<std::__cxx11::basic_string<char, std::char_traits<char>, std::allocator<char> > const, std::pair<std::vector<int, std::allocator<int> >, std::vector<unsigned long, std::allocator<unsigned long> > > >, std::_Select1st<std::pair<std::__cxx11::basic_string<char, std::char_traits<char>, std::allocator<char> > const, std::pair<std::vector<int, std::allocator<int> >, std::vector<unsigned long, std::allocator<unsigned long> > > > >, std::less<std::__cxx11::basic_string<char, std::char_traits<char>, std::allocator<char> > >, std::allocator<std::pair<std::__cxx11::basic_string<char, std::char_traits<char>, std::allocator<char> > const, std::pair<std::vector<int, std::allocator<int> >, std::vector<unsigned long, std::allocator<unsigned long> > > > > >::_M_erase(std::_Rb_tree_node<std::pair<std::__cxx11::basic_string<char, std::char_traits<char>, std::allocator<char> > const, std::pair<std::vector<int, std::allocator<int> >, std::vector<unsigned long, std::allocator<unsigned long> > > > >*)
calls=1 0 
0 4 1 0 2 0 0 2
0 9 2 5
cfn=(2850) std::_Rb_tree<std::__cxx11::basic_string<char, std::char_traits<char>, std::allocator<char> >, std::pair<std::__cxx11::basic_string<char, std::char_traits<char>, std::allocator<char> > const, std::pair<std::vector<double, std::allocator<double> >, std::vector<unsigned long, std::allocator<unsigned long> > > >, std::_Select1st<std::pair<std::__cxx11::basic_string<char, std::char_traits<char>, std::allocator<char> > const, std::pair<std::vector<double, std::allocator<double> >, std::vector<unsigned long, std::allocator<unsigned long> > > > >, std::less<std::__cxx11::basic_string<char, std::char_traits<char>, std::allocator<char> > >, std::allocator<std::pair<std::__cxx11::basic_string<char, std::char_traits<char>, std::allocator<char> > const, std::pair<std::vector<double, std::allocator<double> >, std::vector<unsigned long, std::allocator<unsigned long> > > > > >::_M_erase(std::_Rb_tree_node<std::pair<std::__cxx11::basic_string<char, std::char_traits<char>, std::allocator<char> > const, std::pair<std::vector<double, std::allocator<double> >, std::vector<unsigned long, std::allocator<unsigned long> > > > >*)
calls=1 0 
0 4 1 0 2 0 0 2
0 63 9 29 10 0 0 10
cfn=(2852) void rapidjson::SkipWhitespace<rapidjson::BasicIStreamWrapper<std::istream> >(rapidjson::BasicIStreamWrapper<std::istream>&)
calls=1 0 
0 15 5 2 2 0 0 2
0 10 3 1
cfn=(2854) void rapidjson::GenericReader<rapidjson::UTF8<char>, rapidjson::UTF8<char>, rapidjson::CrtAllocator>::ParseValue<274u, rapidjson::BasicIStreamWrapper<std::istream>, stan::json::RapidJSONHandler<stan::json::json_data_handler> >(rapidjson::BasicIStreamWrapper<std::istream>&, stan::json::RapidJSONHandler<stan::json::json_data_handler>&)
calls=1 0 
0 315491496 96015120 56611060 31520 82005 112351 905 192 79563
0 5 1 1 2 0 0 2
cfn=(2852)
calls=1 0 
0 28 9 5
0 15 6 2 1 1 0 1
cfn=(3148) stan::json::json_data_handler::update_array_dims()
calls=1 0 
0 8179 1993 1304 122 13 5 118
0 8 4 1 1 0 0 1
cob=(2)
cfi=(51)
cfn=(3170)
calls=1 0 
0 91 29 15 1 2 0 1
0 5 1 1
cob=(2)
cfi=(51)
cfn=(1948)
calls=1 0 
0 99 31 15 0 2
0 11 9 0 1 1 0 1

fn=(3012) bool boost::regex_match<__gnu_cxx::__normal_iterator<char const*, std::__cxx11::basic_string<char, std::char_traits<char>, std::allocator<char> > >, std::allocator<boost::sub_match<__gnu_cxx::__normal_iterator<char const*, std::__cxx11::basic_string<char, std::char_traits<char>, std::allocator<char> > > > >, char, boost::regex_traits<char, boost::cpp_regex_traits<char> > >(__gnu_cxx::__normal_iterator<char const*, std::__cxx11::basic_string<char, std::char_traits<char>, std::allocator<char> > >, __gnu_cxx::__normal_iterator<char const*, std::__cxx11::basic_string<char, std::char_traits<char>, std::allocator<char> > >, boost::match_results<__gnu_cxx::__normal_iterator<char const*, std::__cxx11::basic_string<char, std::char_traits<char>, std::allocator<char> > >, std::allocator<boost::sub_match<__gnu_cxx::__normal_iterator<char const*, std::__cxx11::basic_string<char, std::char_traits<char>, std::allocator<char> > > > > >&, boost::basic_regex<char, boost::regex_traits<char, boost::cpp_regex_traits<char> > > const&, boost::regex_constants::_match_flags)
0 230 15 110 10 2 8 10
cfn=(3014) boost::re_detail_500::perl_matcher<__gnu_cxx::__normal_iterator<char const*, std::__cxx11::basic_string<char, std::char_traits<char>, std::allocator<char> > >, std::allocator<boost::sub_match<__gnu_cxx::__normal_iterator<char const*, std::__cxx11::basic_string<char, std::char_traits<char>, std::allocator<char> > > > >, boost::regex_traits<char, boost::cpp_regex_traits<char> > >::construct_init(boost::basic_regex<char, boost::regex_traits<char, boost::cpp_regex_traits<char> > > const&, boost::regex_constants::_match_flags)
calls=5 0 
0 520 105 70 17 4 2 15
0 10 0 5
cfn=(3016) boost::re_detail_500::perl_matcher<__gnu_cxx::__normal_iterator<char const*, std::__cxx11::basic_string<char, std::char_traits<char>, std::allocator<char> > >, std::allocator<boost::sub_match<__gnu_cxx::__normal_iterator<char const*, std::__cxx11::basic_string<char, std::char_traits<char>, std::allocator<char> > > > >, boost::regex_traits<char, boost::cpp_regex_traits<char> > >::match_imp()
calls=5 0 
0 6537 1733 1118 152 49 23 108 3 6
0 115 55 0 7 0 0 6

fn=(3026) boost::re_detail_500::perl_matcher<__gnu_cxx::__normal_iterator<char const*, std::__cxx11::basic_string<char, std::char_traits<char>, std::allocator<char> > >, std::allocator<boost::sub_match<__gnu_cxx::__normal_iterator<char const*, std::__cxx11::basic_string<char, std::char_traits<char>, std::allocator<char> > > > >, boost::regex_traits<char, boost::cpp_regex_traits<char> > >::match_set()
0 120 55 20 6 2 0 6

fn=(3028) boost::re_detail_500::perl_matcher<__gnu_cxx::__normal_iterator<char const*, std::__cxx11::basic_string<char, std::char_traits<char>, std::allocator<char> > >, std::allocator<boost::sub_match<__gnu_cxx::__normal_iterator<char const*, std::__cxx11::basic_string<char, std::char_traits<char>, std::allocator<char> > > > >, boost::regex_traits<char, boost::cpp_regex_traits<char> > >::match_set_repeat()
0 379 131 75 27 5 3 14 0 1

fn=(3036) boost::match_results<__gnu_cxx::__normal_iterator<char const*, std::__cxx11::basic_string<char, std::char_traits<char>, std::allocator<char> > >, std::allocator<boost::sub_match<__gnu_cxx::__normal_iterator<char const*, std::__cxx11::basic_string<char, std::char_traits<char>, std::allocator<char> > > > > >::operator[](int) const
0 85 20 0 6 0 0 4

fn=(3044) std::_Rb_tree<std::__cxx11::basic_string<char, std::char_traits<char>, std::allocator<char> >, std::pair<std::__cxx11::basic_string<char, std::char_traits<char>, std::allocator<char> > const, int>, std::_Select1st<std::pair<std::__cxx11::basic_string<char, std::char_traits<char>, std::allocator<char> > const, int> >, std::less<std::__cxx11::basic_string<char, std::char_traits<char>, std::allocator<char> > >, std::allocator<std::pair<std::__cxx11::basic_string<char, std::char_traits<char>, std::allocator<char> > const, int> > >::_M_get_insert_hint_unique_pos(std::_Rb_tree_const_iterator<std::pair<std::__cxx11::basic_string<char, std::char_traits<char>, std::allocator<char> > const, int> >, std::__cxx11::basic_string<char, std::char_traits<char>, std::allocator<char> > const&)
0 186 16 68 2 0 0 2
cob=(2)
cfi=(51)
cfn=(2304)
calls=4 0 
0 48 16
0 40 8 2
cob=(2)
cfi=(51)
cfn=(3122)
calls=2 0 
0 34 16 0 2 2 0 1
0 12 4 2
cfn=(3060) std::__cxx11::basic_string<char, std::char_traits<char>, std::allocator<char> >::compare(std::__cxx11::basic_string<char, std::char_traits<char>, std::allocator<char> > const&) const [clone .isra.0]
calls=2 0 
0 60 14 6
0 24 12 0 2 0 0 2
cfn=(3046) std::_Rb_tree<std::__cxx11::basic_string<char, std::char_traits<char>, std::allocator<char> >, std::pair<std::__cxx11::basic_string<char, std::char_traits<char>, std::allocator<char> > const, int>, std::_Select1st<std::pair<std::__cxx11::basic_string<char, std::char_traits<char>, std::allocator<char> > const, int> >, std::less<std::__cxx11::basic_string<char, std::char_traits<char>, std::allocator<char> > >, std::allocator<std::pair<std::__cxx11::basic_string<char, std::char_traits<char>, std::allocator<char> > const, int> > >::_M_get_insert_unique_pos(std::__cxx11::basic_string<char, std::char_traits<char>, std::allocator<char> > const&)
calls=2 0 
0 60 20 16 4 0 0 4
0 116 82 4 2 0 1 2
cfn=(3060)
calls=4 0 
0 120 28 12
0 26 2 0 1 0 0 1

fn=(3078) std::map<std::__cxx11::basic_string<char, std::char_traits<char>, std::allocator<char> >, std::pair<std::vector<int, std::allocator<int> >, std::vector<unsigned long, std::allocator<unsigned long> > >, std::less<std::__cxx11::basic_string<char, std::char_traits<char>, std::allocator<char> > >, std::allocator<std::pair<std::__cxx11::basic_string<char, std::char_traits<char>, std::allocator<char> > const, std::pair<std::vector<int, std::allocator<int> >, std::vector<unsigned long, std::allocator<unsigned long> > > > > >::operator[](std::__cxx11::basic_string<char, std::char_traits<char>, std::allocator<char> > const&)
0 74 12 29 4 0 0 4
cob=(2)
cfi=(51)
cfn=(2304)
calls=2 0 
0 24 8
0 25 5 1 3 0 0 2
cob=(2)
cfi=(51)
cfn=(2304)
calls=1 0 
0 12 4
0 40 21 3 5 0 0 4
cob=(2)
cfi=(51)
cfn=(1004)
calls=3 0 
0 497 103 86 0 4 3
0 33 9 6 0 0 1
cfn=(1906)
calls=3 0 
0 125 36 26 0 0 1
0 24 3 12 2 0 0 1
cfn=(3080) std::_Rb_tree<std::__cxx11::basic_string<char, std::char_traits<char>, std::allocator<char> >, std::pair<std::__cxx11::basic_string<char, std::char_traits<char>, std::allocator<char> > const, std::pair<std::vector<int, std::allocator<int> >, std::vector<unsigned long, std::allocator<unsigned long> > > >, std::_Select1st<std::pair<std::__cxx11::basic_string<char, std::char_traits<char>, std::allocator<char> > const, std::pair<std::vector<int, std::allocator<int> >, std::vector<unsigned long, std::allocator<unsigned long> > > > >, std::less<std::__cxx11::basic_string<char, std::char_traits<char>, std::allocator<char> > >, std::allocator<std::pair<std::__cxx11::basic_string<char, std::char_traits<char>, std::allocator<char> > const, std::pair<std::vector<int, std::allocator<int> >, std::vector<unsigned long, std::allocator<unsigned long> > > > > >::_M_get_insert_hint_unique_pos(std::_Rb_tree_const_iterator<std::pair<std::__cxx11::basic_string<char, std::char_traits<char>, std::allocator<char> > const, std::pair<std::vector<int, std::allocator<int> >, std::vector<unsigned long, std::allocator<unsigned long> > > > >, std::__cxx11::basic_string<char, std::char_traits<char>, std::allocator<char> > const&)
calls=3 0 
0 178 54 32 15 2 0 12
0 27 7 1
cfn=(3060)
calls=1 0 
0 30 7 3
0 13 2 2 1 0 0 1
cob=(2)
cfi=(51)
cfn=(2956)
calls=2 0 
0 45 8 15
0 4 1 1
cob=(2)
cfi=(51)
cfn=(2956)
calls=1 0 
0 25 6 7
0 9 3 3

fn=(3088) unsigned long& std::vector<unsigned long, std::allocator<unsigned long> >::emplace_back<unsigned long>(unsigned long&&)
0 54 12 12 4 0 0 2
cfn=(3090) void std::vector<unsigned long, std::allocator<unsigned long> >::_M_realloc_insert<unsigned long>(__gnu_cxx::__normal_iterator<unsigned long*, std::vector<unsigned long, std::allocator<unsigned long> > >, unsigned long&&)
calls=6 0 
0 1450 316 242 5 0 1 5
0 24 18

fn=(3154) void std::__introsort_loop<char*, long, __gnu_cxx::__ops::_Iter_less_iter>(char*, char*, long, __gnu_cxx::__ops::_Iter_less_iter) [clone .isra.0]
0 30 12 10 2 0 0 2

fn=(3168) void std::vector<unsigned long, std::allocator<unsigned long> >::_M_realloc_insert<unsigned long const&>(__gnu_cxx::__normal_iterator<unsigned long*, std::vector<unsigned long, std::allocator<unsigned long> > >, unsigned long const&)
0 226 44 41 8 1 0 8
cob=(2)
cfi=(51)
cfn=(1946)
calls=1 0 
0 15 4 2
0 6 1 1
cob=(2)
cfi=(51)
cfn=(1948)
calls=1 0 
0 99 31 15
0 13 0 8 2 0 0 2
cob=(2)
cfi=(51)
cfn=(1004)
calls=4 0 
0 542 118 94 3 2 2
0 36 4 0 2 0 0 2

fn=(3176) std::_Rb_tree<std::__cxx11::basic_string<char, std::char_traits<char>, std::allocator<char> >, std::pair<std::__cxx11::basic_string<char, std::char_traits<char>, std::allocator<char> > const, int>, std::_Select1st<std::pair<std::__cxx11::basic_string<char, std::char_traits<char>, std::allocator<char> > const, int> >, std::less<std::__cxx11::basic_string<char, std::char_traits<char>, std::allocator<char> > >, std::allocator<std::pair<std::__cxx11::basic_string<char, std::char_traits<char>, std::allocator<char> > const, int> > >::_M_erase(std::_Rb_tree_node<std::pair<std::__cxx11::basic_string<char, std::char_traits<char>, std::allocator<char> > const, int> >*)
0 96 18 40 5 1 0 5
cob=(2)
cfi=(51)
cfn=(1948)
calls=2 0 
0 219 66 29
0 44 12 6 1 0 0 1
cob=(2)
cfi=(51)
cfn=(1948)
calls=4 0 
0 457 136 57 0 1
0 40 28

fn=(3218) model_model_namespace::model_model::model_model(stan::io::var_context&, unsigned int, std::ostream*)
0 84 1 53 6 0 13 6 0 12
cob=(2)
cfi=(51)
cfn=(1886)
calls=1 0 
0 17394 17367 17362 0 275 263 0 272 186
0 237277 13866 9344 31 4 26 31 2 21
cfn=(1820) std::__cxx11::basic_string<char, std::char_traits<char>, std::allocator<char> >::basic_string<std::allocator<char> >(char const*, std::allocator<char> const&) [clone .constprop.0]
calls=1 0 
0 79 17 13 7 4 1 5 0 1
0 4 1 1
cfn=(1820)
calls=1 0 
0 51 12 11 0 1 0 0 1
0 4 0 1 1 0 0 1
cfn=(1820)
calls=1 0 
0 148 35 24 4 11 1 1 1 1
0 7 1 1
cfn=(3220) stan::json::json_data::validate_dims(std::__cxx11::basic_string<char, std::char_traits<char>, std::allocator<char> > const&, std::__cxx11::basic_string<char, std::char_traits<char>, std::allocator<char> > const&, std::__cxx11::basic_string<char, std::char_traits<char>, std::allocator<char> > const&, std::vector<unsigned long, std::allocator<unsigned long> > const&) const
calls=1 0 
0 687 173 69 17 11 3 13 0 3
0 8 2 2 1 0 0 1
cob=(2)
cfi=(51)
cfn=(1948)
calls=1 0 
0 99 31 15 0 6
0 19 7 3 2 0 1 2
cfn=(1820)
calls=1 0 
0 51 12 11
0 6 2 2
cfn=(3222) stan::json::json_data::vals_i(std::__cxx11::basic_string<char, std::char_traits<char>, std::allocator<char> > const&) const
calls=1 0 
0 393 98 47 3 2 1 3 0 1
0 6 3 2 1 0 0 1
cob=(2)
cfi=(51)
cfn=(1948)
calls=1 0 
0 99 31 15
0 16 5 4 1 0 0 1
cob=(2)
cfi=(51)
cfn=(1004)
calls=1 0 
0 55 15 8
0 10 1 4 1 0 0 1
cfn=(1820)
calls=1 0 
0 85 18 13 3 2 0 1
0 5 1 1 1 0 0 1
cfn=(1820)
calls=1 0 
0 51 12 11
0 3 0 1
cfn=(1820)
calls=1 0 
0 148 35 24 0 1
0 7 3 1
cfn=(3220)
calls=1 0 
0 764 196 86 2 2 1 1 0 1
0 6 3 1 1 0 0 1
cob=(2)
cfi=(51)
cfn=(1948)
calls=1 0 
0 99 31 15
0 12 5 1 1 0 0 1
cob=(2)
cfi=(51)
cfn=(1948)
calls=1 0 
0 99 31 15
0 10037 8 2503 3 4 627 3 1
cfn=(1820)
calls=1 0 
0 51 12 11 0 3 2
0 6 1 2 0 0 1
cfn=(3224) stan::json::json_data::vals_r(std::__cxx11::basic_string<char, std::char_traits<char>, std::allocator<char> > const&) const
calls=1 0 
0 40694 40123 40064 5 648 638 5 0 3
0 60016 10005 20001 3 627 630 3 0 3
cob=(2)
cfi=(51)
cfn=(1948)
calls=1 0 
0 170 49 21 1 17 3 1
0 9 4 3 0 3 1
cfn=(1820)
calls=1 0 
0 79 17 13 0 3 1
0 4 1 1 1 0 0 1
cfn=(1820)
calls=1 0 
0 51 12 11 0 1 1
0 3 0 1
cfn=(1820)
calls=1 0 
0 148 35 24 0 7 1
0 6 3 1
cfn=(3220)
calls=1 0 
0 690 173 69 0 11 3
0 6 3 1 1 0 0 1
cob=(2)
cfi=(51)
cfn=(1948)
calls=1 0 
0 99 31 15 0 1
0 16 8 2 2 0 1 2
cfn=(1820)
calls=1 0 
0 51 12 11
0 6 2 2
cfn=(3222)
calls=1 0 
0 395 98 47 0 2
0 6 3 2 1 0 0 1
cob=(2)
cfi=(51)
cfn=(1948)
calls=1 0 
0 99 31 15
0 26 6 7 2 0 1 2
cob=(2)
cfi=(51)
cfn=(1004)
calls=1 0 
0 59 15 8
0 11 2 4 1 0 0 1
cfn=(1820)
calls=1 0 
0 85 18 13 0 2
0 3 1 1
cfn=(1820)
calls=1 0 
0 51 12 11 0 1
0 3 0 1
cfn=(1820)
calls=1 0 
0 148 35 24 0 1
0 6 3 1 1 0 0 1
cfn=(3220)
calls=1 0 
0 783 200 86 0 4 1
0 6 3 1
cob=(2)
cfi=(51)
cfn=(1948)
calls=1 0 
0 99 31 15
0 12 5 1 2 0 0 2
cob=(2)
cfi=(51)
cfn=(1948)
calls=1 0 
0 99 31 15
0 23 6 4 1 0 0 1
cob=(2)
cfi=(51)
cfn=(3170)
calls=1 0 
0 6 2 0 0 1
0 250047 9 62504 4 4 15627 4 0 55
cfn=(1820)
calls=1 0 
0 51 12 11 0 3 2
0 6 1 2
cfn=(3224)
calls=1 0 
0 110736 31415 31348 24 15655 15636 0 91 15625
0 2500372 375056 875003 4 15654 15629 4
cob=(2)
cfi=(51)
cfn=(1948)
calls=1 0 
0 137 41 14 1 16 2 0 1
0 9 4 3 1 2 1 1 1
cfn=(1820)
calls=1 0 
0 79 17 13 0 3 1 0 3
0 4 1 1 1 0 0 1
cfn=(1820)
calls=1 0 
0 74 17 13 0 1 1 0 1
0 3 0 1
cfn=(1820)
calls=1 0 
0 148 35 24 0 7 1 0 2
0 6 3 1
cfn=(3220)
calls=1 0 
0 686 159 67 0 10 3 0 2
0 6 3 1 1 0 0 1
cob=(2)
cfi=(51)
cfn=(1948)
calls=1 0 
0 99 31 15 0 1
0 16 8 2 2 0 1 2
cfn=(1820)
calls=1 0 
0 74 17 13
0 5 2 1
cfn=(3222)
calls=1 0 
0 429 98 47 0 2 0 0 1
0 6 3 2
cob=(2)
cfi=(51)
cfn=(1948)
calls=1 0 
0 99 31 15
0 37 6 9 4 1 2 4 0 1
cob=(2)
cfi=(51)
cfn=(3170)
calls=1 0 
0 6 2 0 0 1 0 0 1
0 240045 6 60004 3 2 15002 3 1 15
cob=(2)
cfi=(51)
cfn=(3170)
calls=1 0 
0 6 2 0 0 1 0 0 1
0 213370 60411 1120 18 15073 315 18 1 2
cfn=(3226) void stan::model::internal::assign_impl<Eigen::Block<Eigen::Map<Eigen::Matrix<double, -1, -1, 0, -1, -1>, 0, Eigen::Stride<0, 0> >, -1, 1, true>&, Eigen::MatrixWrapper<Eigen::CwiseBinaryOp<Eigen::internal::scalar_difference_op<double, double>, Eigen::ArrayWrapper<Eigen::Block<Eigen::Map<Eigen::Matrix<double, -1, -1, 0, -1, -1>, 0, Eigen::Stride<0, 0> >, -1, 1, true> const> const, Eigen::CwiseNullaryOp<Eigen::internal::scalar_constant_op<double>, Eigen::Array<double, -1, 1, 0, -1, 1> const> const> const> const&, (void*)0>(Eigen::Block<Eigen::Map<Eigen::Matrix<double, -1, -1, 0, -1, -1>, 0, Eigen::Stride<0, 0> >, -1, 1, true>&, Eigen::MatrixWrapper<Eigen::CwiseBinaryOp<Eigen::internal::scalar_difference_op<double, double>, Eigen::ArrayWrapper<Eigen::Block<Eigen::Map<Eigen::Matrix<double, -1, -1, 0, -1, -1>, 0, Eigen::Stride<0, 0> >, -1, 1, true> const> const, Eigen::CwiseNullaryOp<Eigen::internal::scalar_constant_op<double>, Eigen::Array<double, -1, 1, 0, -1, 1> const> const> const> const&, char const*)
calls=24 0 
0 378384 64704 63312 25 15576 15192 14 6 6
0 119 34 5 1 27 3 1
cob=(2)
cfi=(51)
cfn=(3170)
calls=1 0 
0 6 2 0 1 1
0 14 1 4 2 0 0 2
cob=(2)
cfi=(51)
cfn=(1024)
calls=1 0 
0 294 47 44 1 2 3
0 17 3 2 2 0 0 2
cob=(2)
cfi=(51)
cfn=(1024)
calls=1 0 
0 194 33 31 0 2 3 0 1
0 12 1 2
cob=(2)
cfi=(51)
cfn=(1024)
calls=1 0 
0 313 52 40 2 14 5 0 1
0 9 0 2 1 0 0 1
cob=(2)
cfi=(51)
cfn=(1024)
calls=1 0 
0 530 86 71 3 15 4 1 0 2
0 11 1 0 2 0 0 2

fn=(3224)
0 32 2 12 2 0 2 2
cfn=(3066) std::_Rb_tree<std::__cxx11::basic_string<char, std::char_traits<char>, std::allocator<char> >, std::pair<std::__cxx11::basic_string<char, std::char_traits<char>, std::allocator<char> > const, std::pair<std::vector<double, std::allocator<double> >, std::vector<unsigned long, std::allocator<unsigned long> > > >, std::_Select1st<std::pair<std::__cxx11::basic_string<char, std::char_traits<char>, std::allocator<char> > const, std::pair<std::vector<double, std::allocator<double> >, std::vector<unsigned long, std::allocator<unsigned long> > > > >, std::less<std::__cxx11::basic_string<char, std::char_traits<char>, std::allocator<char> > >, std::allocator<std::pair<std::__cxx11::basic_string<char, std::char_traits<char>, std::allocator<char> > const, std::pair<std::vector<double, std::allocator<double> >, std::vector<unsigned long, std::allocator<unsigned long> > > > > >::find(std::__cxx11::basic_string<char, std::char_traits<char>, std::allocator<char> > const&) const
calls=2 0 
0 249 64 20 0 8 2
0 12 0 2
cfn=(3066)
calls=2 0 
0 249 64 20
0 6 0 2
cfn=(3110) std::vector<double, std::allocator<double> >::vector(std::vector<double, std::allocator<double> > const&)
calls=2 0 
0 150862 71394 71356 26 16289 16270 2 91 15628
0 20 14 0 1 6 0 1

fn=(3248) void cmdstan::init_null_writers<stan::callbacks::unique_stream_writer<std::basic_ofstream<char, std::char_traits<char> >, std::default_delete<std::basic_ofstream<char, std::char_traits<char> > > > >(std::vector<stan::callbacks::unique_stream_writer<std::basic_ofstream<char, std::char_traits<char> >, std::default_delete<std::basic_ofstream<char, std::char_traits<char> > > >, std::allocator<stan::callbacks::unique_stream_writer<std::basic_ofstream<char, std::char_traits<char> >, std::default_delete<std::basic_ofstream<char, std::char_traits<char> > > > > >&, unsigned long)
0 15 1 9 2 0 0 2
cfn=(3234) std::vector<stan::callbacks::unique_stream_writer<std::basic_ofstream<char, std::char_traits<char> >, std::default_delete<std::basic_ofstream<char, std::char_traits<char> > > >, std::allocator<stan::callbacks::unique_stream_writer<std::basic_ofstream<char, std::char_traits<char> >, std::default_delete<std::basic_ofstream<char, std::char_traits<char> > > > > >::reserve(unsigned long)
calls=1 0 
0 511 93 75 0 1 2
0 14 1 4 1 0 0 1
cfn=(1884)
calls=1 0 
0 33 8 7
0 4 0 1 1 0 0 1
cfn=(3246) stan::callbacks::unique_stream_writer<std::basic_ofstream<char, std::char_traits<char> >, std::default_delete<std::basic_ofstream<char, std::char_traits<char> > > >::unique_stream_writer(std::unique_ptr<std::basic_ofstream<char, std::char_traits<char> >, std::default_delete<std::basic_ofstream<char, std::char_traits<char> > > >&&, std::__cxx11::basic_string<char, std::char_traits<char>, std::allocator<char> > const&)
calls=1 0 
0 729 184 175 0 0 3
0 26 15 2 3 0 0 3

fn=(3276) cmdstan::write_config(stan::callbacks::writer&, cmdstan::argument_parser&, stan::model::model_base&)
0 17 1 8 2 0 0 2
cfn=(3278) cmdstan::write_stan(stan::callbacks::writer&)
calls=1 0 
0 7278 2226 1098 119 117 12 36 17
0 4 2 1 0 1 0 0 1
cfn=(3310) model_model_namespace::model_model::model_name[abi:cxx11]() const
calls=1 0 
0 12 1 6 2 0 0 2
0 6 2 1
cfn=(3280) std::__cxx11::basic_string<char, std::char_traits<char>, std::allocator<char> > std::operator+<char, std::char_traits<char>, std::allocator<char> >(char const*, std::__cxx11::basic_string<char, std::char_traits<char>, std::allocator<char> > const&)
calls=1 0 
0 266 66 43
0 3 0 1 1 0 0 1
cfn=(3282) stan::callbacks::unique_stream_writer<std::basic_ofstream<char, std::char_traits<char> >, std::default_delete<std::basic_ofstream<char, std::char_traits<char> > > >::operator()(std::__cxx11::basic_string<char, std::char_traits<char>, std::allocator<char> > const&)
calls=1 0 
0 690 239 117
0 7 2 1
cob=(2)
cfi=(51)
cfn=(1948)
calls=1 0 
0 99 31 15
0 6 1 1 1 0 0 1
cfn=(3312) cmdstan::write_datetime(stan::callbacks::writer&)
calls=1 0 
0 16540 4545 2492 189 123 18 74 15 1
0 5 0 2
cfn=(1884)
calls=1 0 
0 33 8 7
0 12 6 1 1 2 0 1 1
cfn=(2588) cmdstan::list_argument::print(stan::callbacks::writer&, int, std::__cxx11::basic_string<char, std::char_traits<char>, std::allocator<char> > const&)
calls=1 0 
0 62273 17393 10780 725 145 19 58 31
0 36 18 6 1 10 0 0 4
cfn=(2664) cmdstan::categorical_argument::print(stan::callbacks::writer&, int, std::__cxx11::basic_string<char, std::char_traits<char>, std::allocator<char> > const&)
calls=3 0 
0 16638 4904 2840 20 54 4 13 10
cfn=(2590) cmdstan::valued_argument::print(stan::callbacks::writer&, int, std::__cxx11::basic_string<char, std::char_traits<char>, std::allocator<char> > const&)
calls=3 0 
0 4645 1368 802 3 8 0 0 2
0 72 30 0 2 2 0 1
cfn=(3390) cmdstan::write_compile_info(stan::callbacks::writer&, stan::model::model_base&)
calls=1 0 
0 2922 906 492 20 5 1 20 2

fn=(3278)
0 32 6 12 2 2 0 1 1
cfn=(3280)
calls=2 0 
0 500 126 82 19 3 0 6 2
0 6 0 2 2 0 0 1
cfn=(3282)
calls=2 0 
0 4772 1445 680 103 112 12 27 12
0 14 4 2
cob=(2)
cfi=(51)
cfn=(1948)
calls=2 0 
0 198 62 30 0 1
0 12 4 2 2 0 0 1
cfn=(3280)
calls=2 0 
0 538 132 86
0 6 0 2
cfn=(3282)
calls=2 0 
0 695 241 117
0 12 4 2
cob=(2)
cfi=(51)
cfn=(1948)
calls=2 0 
0 198 62 30
0 12 4 2
cfn=(3280)
calls=2 0 
0 500 126 82 0 3 0 0 2
0 6 0 2 2 0 0 1
cfn=(3282)
calls=2 0 
0 695 241 117
0 12 4 2
cob=(2)
cfi=(51)
cfn=(1948)
calls=2 0 
0 198 62 30
0 18 14

fn=(3394) cmdstan::write_model(stan::callbacks::writer&, std::__cxx11::basic_string<char, std::char_traits<char>, std::allocator<char> > const&)
0 15 3 5 2 0 0 2
cfn=(3280)
calls=1 0 
0 266 66 43
0 3 0 1
cfn=(3282)
calls=1 0 
0 5 2
0 7 2 1 1 0 0 1
cob=(2)
cfi=(51)
cfn=(1948)
calls=1 0 
0 99 31 15
0 8 6

fn=(3400) auto cmdstan::get_arg_val<cmdstan::singleton_argument<int>, cmdstan::argument_parser&, char const (&) [7], char const (&) [7], char const (&) [5]>(cmdstan::argument_parser&, char const (&) [7], char const (&) [7], char const (&) [5])
0 20 1 9 2 0 0 2
cob=(2)
cfi=(51)
cfn=(1822)
calls=1 0 
0 16 3
0 4 0 1
cfn=(1884)
calls=1 0 
0 57 14 10
0 3 0 1
cfn=(2346) cmdstan::argument_parser::arg(std::__cxx11::basic_string<char, std::char_traits<char>, std::allocator<char> > const&)
calls=1 0 
0 110 31 16
0 9 2 3 1 0 0 1
cob=(2)
cfi=(51)
cfn=(1822)
calls=1 0 
0 16 3
0 4 0 1
cfn=(1884)
calls=1 0 
0 57 14 10
0 4 1 1 1 0 0 1
cfn=(2574) cmdstan::list_argument::arg(std::__cxx11::basic_string<char, std::char_traits<char>, std::allocator<char> > const&)
calls=1 0 
0 135 40 18
0 3 0 1
cfn=(2582) auto cmdstan::internal::get_arg_pointer<cmdstan::argument*>(cmdstan::argument*&&, char const*) [clone .isra.0]
calls=1 0 
0 375 98 57 0 2 0 0 1
0 14 2 1 1 0 0 1
cob=(2)
cfi=(51)
cfn=(2278)
calls=1 0 
0 217 66 36 0 2 0 0 2
0 12 10 0 1 0 0 1

fn=(3408) auto cmdstan::get_arg_val<cmdstan::singleton_argument<std::__cxx11::basic_string<char, std::char_traits<char>, std::allocator<char> > >, cmdstan::argument_parser&, char const (&) [7], char const (&) [7], char const (&) [10], char const (&) [4], char const (&) [12]>(cmdstan::argument_parser&, char const (&) [7], char const (&) [7], char const (&) [10], char const (&) [4], char const (&) [12])
0 25 2 12 3 0 0 3
cob=(2)
cfi=(51)
cfn=(1822)
calls=1 0 
0 16 3
0 4 0 1
cfn=(1884)
calls=1 0 
0 57 14 10
0 3 1 1
cfn=(2346)
calls=1 0 
0 110 31 16
0 10 2 4 1 0 0 1
cob=(2)
cfi=(51)
cfn=(1822)
calls=1 0 
0 16 3
0 4 0 1
cfn=(1884)
calls=1 0 
0 57 14 10
0 4 1 1
cfn=(2574)
calls=1 0 
0 135 40 18
0 9 2 3 1 0 0 1
cob=(2)
cfi=(51)
cfn=(1822)
calls=1 0 
0 16 3
0 4 0 1
cfn=(1884)
calls=1 0 
0 55 14 10
0 4 1 1
cfn=(2578) cmdstan::categorical_argument::arg(std::__cxx11::basic_string<char, std::char_traits<char>, std::allocator<char> > const&)
calls=1 0 
0 362 95 51
0 9 2 3 1 0 0 1
cob=(2)
cfi=(51)
cfn=(1822)
calls=1 0 
0 16 3
0 4 0 1
cfn=(1884)
calls=1 0 
0 60 14 10
0 4 1 1
cfn=(2574)
calls=1 0 
0 138 40 18
0 3 1 1 1 0 0 1
cfn=(2582)
calls=1 0 
0 325 85 50 0 1 0 0 1
0 20 6 1 2 0 0 2
cob=(2)
cfi=(51)
cfn=(2278)
calls=1 0 
0 217 66 36 0 5 0 0 3
0 7 2 2
cfn=(1906)
calls=1 0 
0 33 8 7
0 12 9 0 1 0 0 1

fn=(3420) auto cmdstan::get_arg_val<cmdstan::singleton_argument<unsigned int>, cmdstan::argument_parser&, char const (&) [7], char const (&) [7], char const (&) [6], char const (&) [12]>(cmdstan::argument_parser&, char const (&) [7], char const (&) [7], char const (&) [6], char const (&) [12])
0 42 2 20 2 0 0 2
cob=(2)
cfi=(51)
cfn=(1822)
calls=2 0 
0 32 6
0 8 0 2
cfn=(1884)
calls=2 0 
0 114 28 20
0 6 0 2 1 0 0 1
cfn=(2346)
calls=2 0 
0 220 62 32
0 18 4 6
cob=(2)
cfi=(51)
cfn=(1822)
calls=2 0 
0 32 6
0 8 0 2
cfn=(1884)
calls=2 0 
0 114 28 20
0 8 2 2 1 0 0 1
cfn=(2574)
calls=2 0 
0 270 80 36
0 18 4 6
cob=(2)
cfi=(51)
cfn=(1822)
calls=2 0 
0 32 6
0 8 0 2
cfn=(1884)
calls=2 0 
0 114 28 20
0 8 2 2 1 0 0 1
cfn=(2578)
calls=2 0 
0 624 164 88
0 6 2 2
cfn=(2582)
calls=2 0 
0 1049 268 150 0 1
0 34 6 2 1 0 0 1
cob=(2)
cfi=(51)
cfn=(2278)
calls=2 0 
0 434 132 72 0 2 0 0 2
0 24 20 0 1 1 0 1

fn=(3440) model_model_namespace::model_model::get_param_names(std::vector<std::__cxx11::basic_string<char, std::char_traits<char>, std::allocator<char> >, std::allocator<std::__cxx11::basic_string<char, std::char_traits<char>, std::allocator<char> > > >&, bool, bool) const
0 66 2 44 4 0 0 4
cob=(2)
cfi=(51)
cfn=(1004)
calls=2 0 
0 278 59 47 0 16 2
0 226 48 34 10 0 0 10
cob=(2)
cfi=(51)
cfn=(1886)
calls=2 0 
0 30 8 4 0 1 1
0 12 4 2 2 0 0 2
cob=(2)
cfi=(51)
cfn=(1886)
calls=2 0 
0 34 8 4
0 6 4 0 1 0 0 1

fn=(3444) stan::io::random_var_context::random_var_context<stan::model::model_base, boost::random::mixmax_engine<17, 36u, 0l> >(stan::model::model_base&, boost::random::mixmax_engine<17, 36u, 0l>&, double, bool)
0 32 2 18 3 0 0 3
cfn=(3138) std::vector<double, std::allocator<double> >::vector(unsigned long, std::allocator<double> const&) [clone .constprop.0]
calls=1 0 
0 126 23 28 5 3 3 3
0 13 4 5 1 0 0 1
cfn=(3440)
calls=1 0 
0 406 81 83 0 7 2
0 6 4 1
cfn=(3446) model_model_namespace::model_model::get_dims(std::vector<std::vector<unsigned long, std::allocator<unsigned long> >, std::allocator<std::vector<unsigned long, std::allocator<unsigned long> > > >&, bool, bool) const
calls=1 0 
0 442 115 82 10 9 1 10
0 17 3 7 2 1 0 2 1
cfn=(3450) stan::model::model_base_crtp<model_model_namespace::model_model>::write_array(boost::random::mixmax_engine<17, 36u, 0l>&, std::vector<double, std::allocator<double> >&, std::vector<int, std::allocator<int> >&, std::vector<double, std::allocator<double> >&, bool, bool, std::ostream*) const
calls=1 0 
0 376 76 54 22 7 3 21 4
0 20 2 2 1 0 0 1
cob=(2)
cfi=(51)
cfn=(1004)
calls=1 0 
0 59 15 8 0 1
0 105 16 16 6 0 1 6
cob=(2)
cfi=(51)
cfn=(1004)
calls=3 0 
0 325 73 55 0 2 2
0 36 0 9 1 0 0 1
cob=(2)
cfi=(51)
cfn=(1886)
calls=3 0 
0 62 19 12 0 0 1
0 75 26 16 3 0 0 3
cfn=(3462) std::vector<std::vector<double, std::allocator<double> >, std::allocator<std::vector<double, std::allocator<double> > > >::~vector()
calls=1 0 
0 15 6 3 3 0 0 3
0 2 0 1
cfn=(3462)
calls=1 0 
0 15 6 3
0 9 3 1 1 0 0 1
cob=(2)
cfi=(51)
cfn=(1948)
calls=1 0 
0 99 31 15
0 215 117 30 5 3 0 5 3
cfn=(3448) double boost::random::detail::generate_uniform_real<boost::random::mixmax_engine<17, 36u, 0l>, double>(boost::random::mixmax_engine<17, 36u, 0l>&, double, double, boost::integral_constant<bool, true>) [clone .isra.0]
calls=26 0 
0 1135 147 70 6 1 0 6 1
0 131 26 26

fn=(3446)
0 16 2 9 2 1 0 2
cob=(2)
cfi=(51)
cfn=(1004)
calls=1 0 
0 55 15 8 0 1
0 13 0 7 1 0 0 1
cob=(2)
cfi=(51)
cfn=(1004)
calls=1 0 
0 59 15 8 0 1
0 15 0 5 1 0 0 1
cob=(2)
cfi=(51)
cfn=(1004)
calls=1 0 
0 55 15 8 0 1
0 20 0 8
cob=(2)
cfi=(51)
cfn=(1886)
calls=1 0 
0 15 4 2
0 76 20 12 4 0 1 4
cob=(2)
cfi=(51)
cfn=(1948)
calls=1 0 
0 99 31 15 0 5
0 19 13 0 2 0 0 2

fn=(3462)
0 30 12 6 3 0 0 3

fn=(3480) stan::return_type<double, double, double, double>::type stan::math::student_t_lpdf<false, double, double, double, double, (void*)0>(double const&, double const&, double const&, double const&) [clone .isra.0]
0 202 10 40 9 0 0 9
cob=(2)
cfi=(51)
cfn=(3482)
calls=2 0 
0 120 24 0 7 6 0 5 5
0 24 8 6 2 0 0 2
cob=(2)
cfi=(51)
cfn=(3488)
calls=2 0 
0 104 20 14 7 1 0 7 1
0 10 2 6
cob=(2)
cfi=(51)
cfn=(3488)
calls=2 0 
0 210 56 14 6 5 0 6 4
0 6 2 4
cob=(2)
cfi=(51)
cfn=(3472)
calls=2 0 
0 112 26 0 2 3 0 2 3
0 26 10 4 1 0 0 1
cob=(2)
cfi=(51)
cfn=(3472)
calls=2 0 
0 112 26 0 0 1 0 0 1
0 18 10 0 1 0 0 1

fn=(3524) stan::model::model_base_crtp<model_model_namespace::model_model>::log_prob_propto_jacobian(std::vector<stan::math::var_value<double, void>, std::allocator<stan::math::var_value<double, void> > >&, std::vector<int, std::allocator<int> >&, std::ostream*) const
0 2 0 0 1 0 0 1
cfn=(3526) stan::scalar_type<std::vector<stan::math::var_value<double, void>, std::allocator<stan::math::var_value<double, void> > >, void>::type model_model_namespace::model_model::log_prob_impl<true, true, std::vector<stan::math::var_value<double, void>, std::allocator<stan::math::var_value<double, void> > >, std::vector<int, std::allocator<int> >, (void*)0, (void*)0, (void*)0>(std::vector<stan::math::var_value<double, void>, std::allocator<stan::math::var_value<double, void> > >&, std::vector<int, std::allocator<int> >&, std::ostream*) const
calls=1 0 
0 626961 200378 89094 232 38430 1999 186 53 35

fn=(3558) stan::math::internal::reverse_pass_callback_vari<stan::math::internal::partials_propagator<stan::math::var_value<double, void>, void, stan::math::var_value<double, void>, double, double, double>::build(double)::{lambda(auto:1&&)#1}::operator()<stan::math::internal::ops_partials_edge<double, double, void>&>(stan::math::internal::ops_partials_edge<double, double, void>&)::{lambda()#1}>::chain()
0 8004 4002 0 667 0 0 1

fn=(3650) stan::math::start_nested()
0 42240 18104 11396 3277 122 33 6
cfn=(3090)
calls=1 0 
0 124 27 20 4 0 0 4
0 5 1 1 1 0 0 1
cfn=(3090)
calls=1 0 
0 124 27 20
0 5 1 1
cfn=(3090)
calls=1 0 
0 124 27 20
0 8 3 1 1 0 0 1
cfn=(3168)
calls=1 0 
0 282 56 51 9 2 1 6
0 7 2 1 1 0 0 1
cfn=(3652) void std::vector<char*, std::allocator<char*> >::_M_realloc_insert<char* const&>(__gnu_cxx::__normal_iterator<char**, std::vector<char*, std::allocator<char*> > >, char* const&)
calls=1 0 
0 282 56 51 6 0 0 6
0 12 5 0 1 0 0 1
cfn=(3652)
calls=1 0 
0 282 56 51 0 0 1

fn=(3668) void Eigen::internal::call_dense_assignment_loop<Eigen::Matrix<double, -1, 1, 0, -1, 1>, Eigen::CwiseBinaryOp<Eigen::internal::scalar_product_op<double, double>, Eigen::CwiseNullaryOp<Eigen::internal::scalar_constant_op<double>, Eigen::Matrix<double, -1, 1, 0, -1, 1> const> const, Eigen::Matrix<double, -1, 1, 0, -1, 1> const>, Eigen::internal::add_assign_op<double, double> >(Eigen::Matrix<double, -1, 1, 0, -1, 1>&, Eigen::CwiseBinaryOp<Eigen::internal::scalar_product_op<double, double>, Eigen::CwiseNullaryOp<Eigen::internal::scalar_constant_op<double>, Eigen::Matrix<double, -1, 1, 0, -1, 1> const> const, Eigen::Matrix<double, -1, 1, 0, -1, 1> const> const&, Eigen::internal::add_assign_op<double, double> const&)
0 113 33 13 3 4 0 3

fn=(3676) void stan::math::internal::elementwise_throw_domain_error<char const*, char const*, char const*, char const*, double, char const*, char const*, char const*>(char const* const, char const* const, char const* const, char const* const, double const, char const* const, char const* const, char const* const)
0 125 10 60 15 0 9 3
cob=(2)
cfi=(51)
cfn=(2114)
calls=5 0 
0 4270 1310 990 0 0 40
0 15 5 5
cob=(2)
cfi=(51)
cfn=(3580)
calls=5 0 
0 3535 960 575 308 80 22 1 20
0 20 0 5
cob=(2)
cfi=(51)
cfn=(1822)
calls=5 0 
0 80 15 0 2 10 0 0 10
0 20 0 5
cob=(2)
cfi=(51)
cfn=(2610)
calls=5 0 
0 705 235 135 5 5 0 0 5
0 20 0 5 5 0 0 1
cob=(2)
cfi=(51)
cfn=(1822)
calls=5 0 
0 80 15 0 0 5 0 0 5
0 20 0 5
cob=(2)
cfi=(51)
cfn=(2610)
calls=5 0 
0 680 235 135
0 20 0 5
cob=(2)
cfi=(51)
cfn=(1822)
calls=5 0 
0 80 15
0 20 0 5
cob=(2)
cfi=(51)
cfn=(2610)
calls=5 0 
0 690 235 135
0 15 5 5
cob=(2)
cfi=(51)
cfn=(2118)
calls=5 0 
0 6020 1465 1115 575 190 98 9 6
0 20 0 5 5 0 0 1
cob=(2)
cfi=(51)
cfn=(1822)
calls=5 0 
0 80 15 0 0 5 0 0 5
0 20 0 5
cob=(2)
cfi=(51)
cfn=(2610)
calls=5 0 
0 680 235 135
0 20 0 5
cob=(2)
cfi=(51)
cfn=(1822)
calls=5 0 
0 80 15 0 0 5 0 0 5
0 20 0 5
cob=(2)
cfi=(51)
cfn=(2610)
calls=5 0 
0 680 235 135 0 0 5
0 25 10 5 5 0 0 1
cob=(2)
cfi=(51)
cfn=(1822)
calls=5 0 
0 80 15 0 0 5 0 0 5
0 20 0 5
cob=(2)
cfi=(51)
cfn=(2610)
calls=5 0 
0 695 230 130
0 15 0 5
cob=(2)
cfi=(51)
cfn=(3678)
calls=5 0 
0 410 75 125 15 10 8 3 5
0 20 0 5
cob=(2)
cfi=(51)
cfn=(2218)
calls=5 0 
0 1220 300 205 60 12 5
0 15 0 5 5 0 0 1
cob=(2)
cfi=(51)
cfn=(3682)
calls=5 0 
0 2984 804 438 107 82 18 14 2
0 35 10 5
cob=(2)
cfi=(51)
cfn=(1948)
calls=5 0 
0 495 155 75 25 15
0 20 5 5 0 5 0 0 5
cob=(2)
cfi=(51)
cfn=(3718)
calls=5 0 
0 135005 25295 13126 997 761 69 198 271
0 25 5 5 10 0 0 2
cob=(2)
cfi=(51)
cfn=(2226)
calls=5 0 
0 1000 315 195 57 27
0 10 0 5
cob=(2)
cfi=(51)
cfn=(4284)
calls=5 0 
0 77605 13410 6970 40 24 0 8 2

fn=(4436) model_model_namespace::model_model::unconstrained_param_names(std::vector<std::__cxx11::basic_string<char, std::char_traits<char>, std::allocator<char> >, std::allocator<std::__cxx11::basic_string<char, std::char_traits<char>, std::allocator<char> > > >&, bool, bool) const
0 152 20 58 5 0 0 5
cob=(2)
cfi=(51)
cfn=(1968)
calls=9 0 
0 306 72 45
0 135 30 75
cob=(2)
cfi=(51)
cfn=(1968)
calls=15 0 
0 510 120 75
0 432 72 168 1 0 0 1
cob=(2)
cfi=(51)
cfn=(2946)
calls=24 0 
0 1176 240 192
0 576 168 144 3 0 0 3
cob=(2)
cfi=(51)
cfn=(1968)
calls=24 0 
0 1101 237 150
0 776 302 178 5 0 0 5
cob=(2)
cfi=(51)
cfn=(1968)
calls=1 0 
0 48 11 7
0 33 10 12 4 0 0 4
cob=(2)
cfi=(51)
cfn=(1968)
calls=1 0 
0 50 11 7
0 112 48 38 4 0 0 4
cob=(2)
cfi=(51)
cfn=(2100)
calls=15 0 
0 735 135 120 1
0 369 111 33 2 0 0 2
cob=(2)
cfi=(51)
cfn=(2100)
calls=9 0 
0 234 63 54
0 306 99 96 2 0 0 2
cfn=(2276)
calls=6 0 
0 2007 460 359 2
0 75 10 4 4 0 0 4

fn=(4586) cmdstan::arg_optimize::~arg_optimize()
0 36 14 7 1 5 0 1 1
cfn=(4552) cmdstan::arg_single_int_pos::~arg_single_int_pos()
calls=1 0 
0 304 86 37 0 3
cfn=(4550) cmdstan::arg_single_bool::~arg_single_bool()
calls=2 0 
0 833 240 105 0 9
cfn=(4588) cmdstan::arg_optimize_algo::~arg_optimize_algo()
calls=1 0 
0 5853 1684 712 21 81 0 21 4
0 21 6 2 1 0 0 1
cob=(2)
cfi=(51)
cfn=(1948)
calls=1 0 
0 120 35 14
0 9 2 2 1 0 0 1
cob=(2)
cfi=(51)
cfn=(1948)
calls=1 0 
0 120 35 14
0 10 3
cob=(2)
cfi=(51)
cfn=(1948)
calls=1 0 
0 120 35 14

fn=(4588)
0 30 11 6 2 6 0 2 3
cfn=(4596) cmdstan::arg_newton::~arg_newton()
calls=1 0 
0 151 41 18 4 1 0 4
cfn=(4592) cmdstan::arg_lbfgs::~arg_lbfgs()
calls=1 0 
0 2837 816 345 8 37 0 8 1
cfn=(4590) cmdstan::arg_bfgs::~arg_bfgs()
calls=1 0 
0 2399 690 292 4 34 0 4
0 19 5 2 1 0 0 1
cob=(2)
cfi=(51)
cfn=(1948)
calls=1 0 
0 120 35 14 0 1
0 19 4 3 1 2 0 1
cob=(2)
cfi=(51)
cfn=(1948)
calls=1 0 
0 120 35 14
0 10 3 0 1 0 0 1
cob=(2)
cfi=(51)
cfn=(1948)
calls=1 0 
0 148 44 18

fn=(4596)
0 29 6 4 4 1 0 4
cob=(2)
cfi=(51)
cfn=(1948)
calls=1 0 
0 120 35 14
0 2

fn=(4604) cmdstan::arg_variational_fullrank::~arg_variational_fullrank()
0 22 4 5 4 1 0 4
cob=(2)
cfi=(51)
cfn=(1948)
calls=1 0 
0 120 35 14 0 1
0 10 3
cob=(2)
cfi=(51)
cfn=(1948)
calls=1 0 
0 120 35 14
0 2

fn=(4616) cmdstan::arg_test_grad_err::~arg_test_grad_err()
0 33 6 4 3 2 0 3
cob=(2)
cfi=(51)
cfn=(1948)
calls=1 0 
0 148 44 18 0 1

fn=(4646) cmdstan::arg_output_file::~arg_output_file()
0 6 0 3 2 0 0 2
cfn=(4582) cmdstan::singleton_argument<std::__cxx11::basic_string<char, std::char_traits<char>, std::allocator<char> > >::~singleton_argument()
calls=1 0 
0 395 115 50 0 10
0 4 1
cob=(2)
cfi=(51)
cfn=(1948)
calls=1 0 
0 148 44 18

fn=(4652) cmdstan::arg_output_sig_figs::~arg_output_sig_figs()
0 12 2 3 1 1 0 1
cob=(2)
cfi=(51)
cfn=(1948)
calls=1 0 
0 120 35 14 0 2
0 19 4 3 2 1 0 2
cob=(2)
cfi=(51)
cfn=(1948)
calls=1 0 
0 99 31 15 0 1
0 8 2
cob=(2)
cfi=(51)
cfn=(1948)
calls=1 0 
0 148 44 18

fn=(4660) std::_Sp_counted_ptr_inplace<stan::io::empty_var_context, std::allocator<stan::io::empty_var_context>, (__gnu_cxx::_Lock_policy)2>::_M_destroy()
0 3 0 0 1 0 0 1
cob=(2)
cfi=(51)
cfn=(1948)
calls=1 0 
0 120 35 14

fn=(4806)
0 472 67 5 3 9 0 3 8
cob=(2)
cfi=(51)
cfn=(4808)
calls=1 0 
0 116 34 14 1 1 0 0 1
0 16 3 5 2 2 0 2
cob=(2)
cfi=(51)
cfn=(4808)
calls=1 0 
0 95 30 15 0 1
0 6 5

fn=(3604) stan::io::array_var_context::dims_r(std::__cxx11::basic_string<char, std::char_traits<char>, std::allocator<char> > const&) const
0 12 0 5 2 0 0 2
cfn=(3066)
calls=1 0 
0 114 25 9
0 15 2 3 1 0 0 1
cob=(2)
cfi=(51)
cfn=(1004)
calls=1 0 
0 55 15 8 0 1
0 15 2 3 1 0 0 1
cob=(2)
cfi=(51)
cfn=(1946)
calls=1 0 
0 15 4 2 1 1
0 10 5 1

fn=(2092) cmdstan::list_argument::list_argument()
0 136 4 76 12 0 8 3 0 8
cob=(2)
cfi=(51)
cfn=(1910)
calls=4 0 
0 304 60 44 0 1 0 0 1
0 16 12 0 4 0 0 1

fn=(2098)
0 370 0 97 6 0 0 3
cob=(2)
cfi=(51)
cfn=(2100)
calls=1 0 
0 47 9 8
0 60 0 20 4 0 0 1
cob=(2)
cfi=(51)
cfn=(2100)
calls=10 0 
0 1368 398 226 44 34 7 7 1
0 376 83 38 9 1 0 2 1
cob=(2)
cfi=(51)
cfn=(2100)
calls=3 0 
0 147 27 24 3
0 183 91 32 6 0 0 1
cob=(2)
cfi=(51)
cfn=(2100)
calls=5 0 
0 130 35 30 2 0 0 1
0 56 5 0 4 0 0 1

fn=(2264) cmdstan::arg_hmc::arg_hmc()
0 30 2 18 3 0 1 3 0 1
cfn=(1914)
calls=1 0 
0 113 21 14 0 1 0 0 1
0 3 0 1
cfn=(1914)
calls=1 0 
0 381 80 59 0 0 1 0 0 1
0 2 0 1
cob=(2)
cfi=(51)
cfn=(1004)
calls=1 0 
0 199 38 30 0 0 1 0 0 1
0 31 0 18 3 0 2 3 0 2
cob=(2)
cfi=(51)
cfn=(1910)
calls=1 0 
0 76 15 11
0 5 0 2
cfn=(1914)
calls=1 0 
0 110 21 14 0 1
0 3 0 1 1 0 0 1
cfn=(1914)
calls=1 0 
0 386 81 58 0 1 0 0 1
0 2 0 1
cob=(2)
cfi=(51)
cfn=(1004)
calls=1 0 
0 203 39 30 0 0 1 0 0 1
0 20 0 12 1 0 1 1 0 1
cfn=(1914)
calls=1 0 
0 110 21 14
0 3 0 1 1 0 0 1
cfn=(1914)
calls=1 0 
0 381 80 59 0 0 1 0 0 1
0 2 0 1
cob=(2)
cfi=(51)
cfn=(1004)
calls=1 0 
0 199 38 30 0 0 1 0 0 1
0 6 1 1
cfn=(2112) cmdstan::arg_single_real_pos::arg_single_real_pos(char const*, char const*, double)
calls=1 0 
0 4440 1071 791 70 2 4 0 2 4
0 5 0 2 1 0 0 1
cfn=(1932)
calls=1 0 
0 129 29 20 1
0 4 0 2
cfn=(1932)
calls=1 0 
0 129 29 20
0 2 0 1
cob=(2)
cfi=(51)
cfn=(1004)
calls=1 0 
0 203 39 30 3 0 1 0 0 1
0 20 0 12 2 0 0 2
cfn=(1914)
calls=1 0 
0 110 21 14
0 3 0 1
cfn=(1914)
calls=1 0 
0 381 80 59 1 0 1 0 0 1
0 2 0 1
cob=(2)
cfi=(51)
cfn=(1004)
calls=1 0 
0 199 38 30 0 0 1 0 0 1
0 6 0 2 1 0 0 1
cfn=(2108) cmdstan::arg_single_int_pos::arg_single_int_pos(char const*, char const*, int)
calls=1 0 
0 1131 245 200 24 0 3 0 0 3
0 5 1 2
cfn=(1932)
calls=1 0 
0 271 53 42 2 0 1 0 0 1
0 4 0 2
cfn=(1932)
calls=1 0 
0 396 89 61 5
0 7 1 3 1 0 0 1
cfn=(1932)
calls=1 0 
0 129 29 20
0 2 0 1
cob=(2)
cfi=(51)
cfn=(1004)
calls=1 0 
0 199 38 30 0 0 1 0 0 1
0 31 0 18 3 0 2 3 0 2
cob=(2)
cfi=(51)
cfn=(1910)
calls=1 0 
0 76 15 11
0 5 0 2
cfn=(1914)
calls=1 0 
0 110 21 14 0 1 0 0 1
0 3 0 1
cfn=(1914)
calls=1 0 
0 381 80 59 0 0 1 0 0 1
0 2 0 1
cob=(2)
cfi=(51)
cfn=(1004)
calls=1 0 
0 203 39 30 0 0 1 0 0 1
0 16 0 10 2 0 0 2
cfn=(1914)
calls=1 0 
0 110 21 14
0 3 0 1
cfn=(1914)
calls=1 0 
0 386 81 58 0 1 1 0 1 1
0 4 0 2
cfn=(1932)
calls=1 0 
0 271 53 42 0 0 1 0 0 1
0 2 0 1
cob=(2)
cfi=(51)
cfn=(1004)
calls=1 0 
0 203 39 30 0 0 1 0 0 1
0 16 0 10 2 0 0 2
cfn=(1914)
calls=1 0 
0 110 21 14
0 3 0 1
cfn=(1914)
calls=1 0 
0 386 81 58 0 0 1 0 0 1
0 4 0 2
cfn=(1932)
calls=1 0 
0 396 89 61
0 2 0 1
cob=(2)
cfi=(51)
cfn=(1004)
calls=1 0 
0 203 39 30 0 0 1 0 0 1
0 16 0 10 2 0 1 2 0 1
cfn=(1914)
calls=1 0 
0 110 21 14
0 3 0 1
cfn=(1914)
calls=1 0 
0 386 81 58 0 1 1 0 1 1
0 4 0 2
cfn=(1932)
calls=1 0 
0 394 89 61
0 6 1 3 1 0 0 1
cfn=(1932)
calls=1 0 
0 252 65 39
0 2 0 1
cob=(2)
cfi=(51)
cfn=(1004)
calls=1 0 
0 199 38 30 0 1 1 0 0 1
0 3 0 1
cfn=(1936)
calls=1 0 
0 311 66 79 6 1 4 0 0 4
0 5 0 2
cfn=(1914)
calls=1 0 
0 108 21 14
0 3 0 1 1 0 0 1
cfn=(1914)
calls=1 0 
0 390 82 58 0 1 1 0 1 1
0 4 0 1
cfn=(1914)
calls=1 0 
0 85 17 11 0 1
0 4 0 1
cfn=(1914)
calls=1 0 
0 85 17 11
0 3 0 1
cob=(2)
cfi=(51)
cfn=(1942)
calls=1 0 
0 39 12 8
0 4 0 2 1 0 0 1
cfn=(1932)
calls=1 0 
0 394 89 61 0 0 1 0 0 1
0 2 0 1
cob=(2)
cfi=(51)
cfn=(1004)
calls=1 0 
0 199 38 30 0 0 1 0 0 1
0 7 1 1 0 1 0 0 1
cfn=(2112)
calls=1 0 
0 4210 1026 759 70 1 3 0 1 3
0 4 0 2 1 0 0 1
cfn=(1932)
calls=1 0 
0 9 4 2
0 2 0 1
cob=(2)
cfi=(51)
cfn=(1004)
calls=1 0 
0 199 38 30 5 0 1 0 0 1
0 9 1 1 1 0 0 1
cfn=(2248) cmdstan::arg_single_real_bounded::arg_single_real_bounded(char const*, char const*, double, double, double)
calls=1 0 
0 8779 1968 1490 59 0 6 0 0 6
0 4 0 2
cfn=(1932)
calls=1 0 
0 251 65 39 4
0 11 9

fn=(2324)
0 181 40 75 3 0 0 3
cfn=(1906)
calls=9 0 
0 945 211 158 0 0 3 0 0 3
0 27 0 9 1 0 0 1
cob=(2)
cfi=(51)
cfn=(2296)
calls=9 0 
0 630 153 54
0 45 0 9
cob=(2)
cfi=(51)
cfn=(2296)
calls=9 0 
0 630 153 54
0 144 0 81 2 0 0 2
cfn=(2290)
calls=9 0 
0 2972 706 487 0 0 1 0 0 1
0 63 18 18
cfn=(1906)
calls=9 0 
0 513 126 90
0 475 148 69 3 22 0 3
cob=(2)
cfi=(51)
cfn=(1948)
calls=1 0 
0 99 31 15
0 446 132 70 4 0 0 4
cob=(2)
cfi=(51)
cfn=(1948)
calls=2 0 
0 198 62 30
0 60 38 2 1 0 0 1
cob=(2)
cfi=(51)
cfn=(1948)
calls=2 0 
0 198 62 30
0 94 78 6 1 5 0 1
cfn=(2338) cmdstan::singleton_argument<bool>::parse_args(std::vector<std::__cxx11::basic_string<char, std::char_traits<char>, std::allocator<char> >, std::allocator<std::__cxx11::basic_string<char, std::char_traits<char>, std::allocator<char> > > >&, stan::callbacks::writer&, stan::callbacks::writer&, bool&)
calls=1 0 
0 848 210 121 12 3 1 12
cfn=(2306) cmdstan::singleton_argument<int>::parse_args(std::vector<std::__cxx11::basic_string<char, std::char_traits<char>, std::allocator<char> >, std::allocator<std::__cxx11::basic_string<char, std::char_traits<char>, std::allocator<char> > > >&, stan::callbacks::writer&, stan::callbacks::writer&, bool&)
calls=2 0 
0 1550 364 214 3 1 4 2
cfn=(2328) cmdstan::singleton_argument<long long>::parse_args(std::vector<std::__cxx11::basic_string<char, std::char_traits<char>, std::allocator<char> >, std::allocator<std::__cxx11::basic_string<char, std::char_traits<char>, std::allocator<char> > > >&, stan::callbacks::writer&, stan::callbacks::writer&, bool&)
calls=1 0 
0 875 186 107 14 1 1 13
cfn=(2326) cmdstan::singleton_argument<std::__cxx11::basic_string<char, std::char_traits<char>, std::allocator<char> > >::parse_args(std::vector<std::__cxx11::basic_string<char, std::char_traits<char>, std::allocator<char> >, std::allocator<std::__cxx11::basic_string<char, std::char_traits<char>, std::allocator<char> > > >&, stan::callbacks::writer&, stan::callbacks::writer&, bool&)
calls=2 0 
0 3758 926 596 10 5 6 10 0 6
0 55 1 1 1 0 0 1
cob=(2)
cfi=(51)
cfn=(1948)
calls=1 0 
0 99 31 15
0 7 2 1
cob=(2)
cfi=(51)
cfn=(1964)
calls=1 0 
0 73 17 8
0 7 1 3
cob=(2)
cfi=(51)
cfn=(1886)
calls=1 0 
0 13 4 2 0 1
0 48 0 16 2 0 0 2
cob=(2)
cfi=(51)
cfn=(1886)
calls=16 0 
0 254 64 32 0 2
0 86 41 7
cob=(2)
cfi=(51)
cfn=(2304)
calls=7 0 
0 150 30
0 62 1 1 1 0 0 1
cob=(2)
cfi=(51)
cfn=(1964)
calls=1 0 
0 73 17 8
0 7 1 3
cob=(2)
cfi=(51)
cfn=(1886)
calls=1 0 
0 13 4 2
0 48 0 16 1 0 0 1
cob=(2)
cfi=(51)
cfn=(1886)
calls=16 0 
0 254 64 32
0 98 49 3 1 0 0 1
cob=(2)
cfi=(51)
cfn=(2304)
calls=3 0 
0 72 18
0 70 0 0 3 0 0 3

fn=(4544) cmdstan::arg_method::~arg_method()
0 60 26 11 2 15 0 2 8
cfn=(4630) cmdstan::arg_laplace::~arg_laplace()
calls=1 0 
0 1852 535 232 3 24 0 3
cfn=(4624) cmdstan::arg_log_prob::~arg_log_prob()
calls=1 0 
0 1900 548 236 6 22 0 6 2
cfn=(4622) cmdstan::arg_pathfinder::~arg_pathfinder()
calls=1 0 
0 6201 1796 763 3 78 0 3
cfn=(4618) cmdstan::arg_generate_quantities::~arg_generate_quantities()
calls=1 0 
0 1226 355 156 4 15 0 4 1
cfn=(4608) cmdstan::arg_diagnose::~arg_diagnose()
calls=1 0 
0 1637 469 200 17 20 0 17 4
cfn=(4598) cmdstan::arg_variational::~arg_variational()
calls=1 0 
0 5111 1473 625 19 61 0 19 4
cfn=(4586)
calls=1 0 
0 7426 2140 907 24 98 0 24 5
cfn=(4546) cmdstan::arg_sample::~arg_sample()
calls=1 0 
0 10225 2998 1337 73 145 2 72 18
0 34 10 2 1 0 0 1
cob=(2)
cfi=(51)
cfn=(1948)
calls=1 0 
0 120 35 14
0 19 4 3 2 1 1 2
cob=(2)
cfi=(51)
cfn=(1948)
calls=1 0 
0 120 35 14 0 1
0 10 3 0 0 1
cob=(2)
cfi=(51)
cfn=(1948)
calls=1 0 
0 148 44 18

fn=(4546)
0 54 23 10 2 10 0 2 5
cfn=(4562) cmdstan::arg_sample_algo::~arg_sample_algo()
calls=1 0 
0 4828 1424 648 41 67 1 41 10
cfn=(4554) cmdstan::arg_adapt::~arg_adapt()
calls=1 0 
0 3386 987 434 15 47 1 15 3
cfn=(4552)
calls=2 0 
0 608 172 74 4 8 0 4
cfn=(4550)
calls=1 0 
0 378 109 49 4 4 0 4
cfn=(4548) cmdstan::arg_single_int_nonneg::~arg_single_int_nonneg()
calls=2 0 
0 585 168 75 5 9 0 4
0 30 9 2
cob=(2)
cfi=(51)
cfn=(1948)
calls=1 0 
0 120 35 14
0 9 2 2 1 0 0 1
cob=(2)
cfi=(51)
cfn=(1948)
calls=1 0 
0 118 35 14
0 10 3 0 1 0 0 1
cob=(2)
cfi=(51)
cfn=(1948)
calls=1 0 
0 99 31 15

fn=(2598) cmdstan::list_argument::is_default()
0 60 36 0 2 0 0 2

fn=(2684) cmdstan::singleton_argument<unsigned int>::print_value[abi:cxx11]()
0 135 9 45 5 6 0 4
cob=(2)
cfi=(51)
cfn=(2100)
calls=9 0 
0 441 81 72
0 153 63 18 6 2 0 4 1

fn=(2688) cmdstan::unvalued_argument::print(stan::callbacks::writer&, int, std::__cxx11::basic_string<char, std::char_traits<char>, std::allocator<char> > const&)
0 6 3 0 2 0 0 1

fn=(2696) cmdstan::singleton_argument<long long>::is_default()
0 15 9 0 3 0 0 2

fn=(2714) cmdstan::check_valid_context_file_name(std::__cxx11::basic_string<char, std::char_traits<char>, std::allocator<char> > const&)
0 16 1 7 2 0 0 2
cfn=(2716) cmdstan::file::get_basename_suffix(std::__cxx11::basic_string<char, std::char_traits<char>, std::allocator<char> > const&)
calls=1 0 
0 1232 303 189 22 2 2 18
0 3 0 1
cob=(2)
cfi=(51)
cfn=(2296)
calls=1 0 
0 74 15 6 4 3
0 13 3 1 1 0 0 1
cob=(2)
cfi=(51)
cfn=(1948)
calls=1 0 
0 99 31 15
0 10 8 0 1 0 0 1

fn=(2850)
0 36 3 12 3 2 0 1
cfn=(2851) std::_Rb_tree<std::__cxx11::basic_string<char, std::char_traits<char>, std::allocator<char> >, std::pair<std::__cxx11::basic_string<char, std::char_traits<char>, std::allocator<char> > const, std::pair<std::vector<double, std::allocator<double> >, std::vector<unsigned long, std::allocator<unsigned long> > > >, std::_Select1st<std::pair<std::__cxx11::basic_string<char, std::char_traits<char>, std::allocator<char> > const, std::pair<std::vector<double, std::allocator<double> >, std::vector<unsigned long, std::allocator<unsigned long> > > > >, std::less<std::__cxx11::basic_string<char, std::char_traits<char>, std::allocator<char> > >, std::allocator<std::pair<std::__cxx11::basic_string<char, std::char_traits<char>, std::allocator<char> > const, std::pair<std::vector<double, std::allocator<double> >, std::vector<unsigned long, std::allocator<unsigned long> > > > > >::_M_erase(std::_Rb_tree_node<std::pair<std::__cxx11::basic_string<char, std::char_traits<char>, std::allocator<char> > const, std::pair<std::vector<double, std::allocator<double> >, std::vector<unsigned long, std::allocator<unsigned long> > > > >*)'2
calls=3 0 
0 12 3 0 1 0 0 1
0 6 2 2 0 1
cfn=(2851)
calls=2 0 
0 8 2
0 35 15 5 3 4 0 2
cob=(2)
cfi=(51)
cfn=(1948)
calls=5 0 
0 537 163 73 0 2
0 30 10 5
cob=(2)
cfi=(51)
cfn=(1948)
calls=5 0 
0 16302 4135 2426 20 193 5 2
0 35 5 5
cob=(2)
cfi=(51)
cfn=(1948)
calls=5 0 
0 535 163 73 0 1
0 27 13 0 1 0 0 1

fn=(2851)
0 20 5 0 1 0 0 1

fn=(2898) boost::object_cache<boost::re_detail_500::cpp_regex_traits_base<char>, boost::re_detail_500::cpp_regex_traits_implementation<char> >::do_get(boost::re_detail_500::cpp_regex_traits_base<char> const&, unsigned long)
0 23 2 9 2 1 0 2 1
cfn=(2900) std::_Rb_tree<boost::re_detail_500::cpp_regex_traits_base<char>, std::pair<boost::re_detail_500::cpp_regex_traits_base<char> const, std::_List_iterator<std::pair<std::shared_ptr<boost::re_detail_500::cpp_regex_traits_implementation<char> const>, boost::re_detail_500::cpp_regex_traits_base<char> const*> > >, std::_Select1st<std::pair<boost::re_detail_500::cpp_regex_traits_base<char> const, std::_List_iterator<std::pair<std::shared_ptr<boost::re_detail_500::cpp_regex_traits_implementation<char> const>, boost::re_detail_500::cpp_regex_traits_base<char> const*> > > >, std::less<boost::re_detail_500::cpp_regex_traits_base<char> >, std::allocator<std::pair<boost::re_detail_500::cpp_regex_traits_base<char> const, std::_List_iterator<std::pair<std::shared_ptr<boost::re_detail_500::cpp_regex_traits_implementation<char> const>, boost::re_detail_500::cpp_regex_traits_base<char> const*> > > > >::find(boost::re_detail_500::cpp_regex_traits_base<char> const&)
calls=1 0 
0 8 2 0 2 0 0 2
0 21 9 2 4 0 0 3
cob=(2)
cfi=(51)
cfn=(1874)
calls=1 0 
0 19 7 2
0 14 1 8 1 0 1 1 0 1
cob=(2)
cfi=(51)
cfn=(1322)
calls=1 0 
0 77 15 15 6 3 2
0 2 0 1
cob=(2)
cfi=(51)
cfn=(1878)
calls=1 0 
0 8 4 1 2 1
0 3 0 1 1 0 0 1
cob=(2)
cfi=(51)
cfn=(1004)
calls=1 0 
0 199 38 30 0 0 1 0 0 1
0 4 0 1
cob=(2)
cfi=(51)
cfn=(2876)
calls=1 0 
0 9 4 1
0 6 2 3 1 0 0 1
cfn=(2902) boost::re_detail_500::cpp_regex_traits_char_layer<char>::init()
calls=1 0 
0 7109 4509 3714 15 45 5 11 27 5
0 20 0 16 2 0 2 2 0 2
cfn=(2906) boost::re_detail_500::cpp_regex_traits_implementation<char>::init()
calls=1 0 
0 4280 1208 697 75 43 22 53 5 15
0 2 0 1 1 0 0 1
cob=(2)
cfi=(51)
cfn=(1004)
calls=1 0 
0 59 15 8
0 12 2 6 1 1 0 1
cob=(2)
cfi=(51)
cfn=(1004)
calls=1 0 
0 59 15 8 0 1
0 9 1 4 0 0 1
cob=(2)
cfi=(51)
cfn=(2950)
calls=1 0 
0 11 3 3 2 1 0 1
0 6 1 3 1 0 0 1
cob=(2)
cfi=(51)
cfn=(2876)
calls=1 0 
0 9 4 1 1
0 9 3 4
cfn=(2954) std::pair<std::_Rb_tree_iterator<std::pair<boost::re_detail_500::cpp_regex_traits_base<char> const, std::_List_iterator<std::pair<std::shared_ptr<boost::re_detail_500::cpp_regex_traits_implementation<char> const>, boost::re_detail_500::cpp_regex_traits_base<char> const*> > > >, bool> std::_Rb_tree<boost::re_detail_500::cpp_regex_traits_base<char>, std::pair<boost::re_detail_500::cpp_regex_traits_base<char> const, std::_List_iterator<std::pair<std::shared_ptr<boost::re_detail_500::cpp_regex_traits_implementation<char> const>, boost::re_detail_500::cpp_regex_traits_base<char> const*> > >, std::_Select1st<std::pair<boost::re_detail_500::cpp_regex_traits_base<char> const, std::_List_iterator<std::pair<std::shared_ptr<boost::re_detail_500::cpp_regex_traits_implementation<char> const>, boost::re_detail_500::cpp_regex_traits_base<char> const*> > > >, std::less<boost::re_detail_500::cpp_regex_traits_base<char> >, std::allocator<std::pair<boost::re_detail_500::cpp_regex_traits_base<char> const, std::_List_iterator<std::pair<std::shared_ptr<boost::re_detail_500::cpp_regex_traits_implementation<char> const>, boost::re_detail_500::cpp_regex_traits_base<char> const*> > > > >::_M_emplace_unique<std::pair<boost::re_detail_500::cpp_regex_traits_base<char>, std::_List_iterator<std::pair<std::shared_ptr<boost::re_detail_500::cpp_regex_traits_implementation<char> const>, boost::re_detail_500::cpp_regex_traits_base<char> const*> > > >(std::pair<boost::re_detail_500::cpp_regex_traits_base<char>, std::_List_iterator<std::pair<std::shared_ptr<boost::re_detail_500::cpp_regex_traits_implementation<char> const>, boost::re_detail_500::cpp_regex_traits_base<char> const*> > >&&)
calls=1 0 
0 139 36 31 7 1 1 6
0 2 0 1
cob=(2)
cfi=(51)
cfn=(2678)
calls=1 0 
0 10 5 1
0 3 0 1 1 0 0 1
cfn=(2900)
calls=1 0 
0 42 14 0 1 0 0 1
0 10 4 3 1 0 0 1

fn=(2906)
0 15 1 8 2 0 0 2
cfn=(2904) boost::cpp_regex_traits<char>::get_catalog_name[abi:cxx11]()
calls=1 0 
0 122 30 21
0 5 1 1 1 0 0 1
cfn=(2908) unsigned int boost::re_detail_500::find_sort_syntax<boost::re_detail_500::cpp_regex_traits_implementation<char>, char>(boost::re_detail_500::cpp_regex_traits_implementation<char> const*, char*)
calls=1 0 
0 4122 1166 666 70 43 22 48 5 15
0 16 10 1 2 0 0 2

fn=(2962) boost::re_detail_500::cpp_regex_traits_implementation<char>::lookup_classname_imp(char const*, char const*) const
0 90 15 45 2 0 0 2
cfn=(2964) int boost::re_detail_500::get_default_class_id<char>(char const*, char const*)
calls=5 0 
0 977 172 20 5 9 0 4 2
0 75 50 0 1 2 0 1 2

fn=(2964)
0 840 132 20 4 8 0 4 2
cob=(2)
cfi=(51)
cfn=(2304)
calls=5 0 
0 87 20 0 1 1
0 50 20

fn=(2984) std::pair<std::_Rb_tree_iterator<boost::re_detail_500::digraph<char> >, bool> std::_Rb_tree<boost::re_detail_500::digraph<char>, boost::re_detail_500::digraph<char>, std::_Identity<boost::re_detail_500::digraph<char> >, std::less<boost::re_detail_500::digraph<char> >, std::allocator<boost::re_detail_500::digraph<char> > >::_M_insert_unique<boost::re_detail_500::digraph<char> const&>(boost::re_detail_500::digraph<char> const&)
0 16 1 7 2 0 0 2
cob=(2)
cfi=(51)
cfn=(1004)
calls=1 0 
0 203 39 30 0 0 1 0 0 1
0 8 1 2
cob=(2)
cfi=(51)
cfn=(2956)
calls=1 0 
0 18 2 8
0 16 8 1 2 0 0 2

fn=(3016)
0 220 30 41 4 4 2 4 2
cob=(2)
cfi=(51)
cfn=(1004)
calls=1 0 
0 201 36 31 1 1 1 0 0 1
0 349 85 89 10 2 3 8
cfn=(3020) std::_Sp_counted_base<(__gnu_cxx::_Lock_policy)2>::_M_release()
calls=5 0 
0 60 20 10 2 0 0 2
0 165 50 35 3 0 0 3
cfn=(3022) boost::re_detail_500::perl_matcher<__gnu_cxx::__normal_iterator<char const*, std::__cxx11::basic_string<char, std::char_traits<char>, std::allocator<char> > >, std::allocator<boost::sub_match<__gnu_cxx::__normal_iterator<char const*, std::__cxx11::basic_string<char, std::char_traits<char>, std::allocator<char> > > > >, boost::regex_traits<char, boost::cpp_regex_traits<char> > >::match_all_states()
calls=5 0 
0 2830 977 574 78 36 3 57 1 1
0 80 25 5 5 0 0 4
cfn=(3018) std::vector<boost::sub_match<__gnu_cxx::__normal_iterator<char const*, std::__cxx11::basic_string<char, std::char_traits<char>, std::allocator<char> > > >, std::allocator<boost::sub_match<__gnu_cxx::__normal_iterator<char const*, std::__cxx11::basic_string<char, std::char_traits<char>, std::allocator<char> > > > > >::_M_fill_insert(__gnu_cxx::__normal_iterator<boost::sub_match<__gnu_cxx::__normal_iterator<char const*, std::__cxx11::basic_string<char, std::char_traits<char>, std::allocator<char> > > >*, std::vector<boost::sub_match<__gnu_cxx::__normal_iterator<char const*, std::__cxx11::basic_string<char, std::char_traits<char>, std::allocator<char> > > >, std::allocator<boost::sub_match<__gnu_cxx::__normal_iterator<char const*, std::__cxx11::basic_string<char, std::char_traits<char>, std::allocator<char> > > > > > >, unsigned long, boost::sub_match<__gnu_cxx::__normal_iterator<char const*, std::__cxx11::basic_string<char, std::char_traits<char>, std::allocator<char> > > > const&)
calls=5 0 
0 2225 364 297 36 6 13 19 0 3
0 185 90 15 5 0 0 5
cfn=(3036)
calls=5 0 
0 85 20 0 6 0 0 4
0 23 10 1 1 0 0 1
cob=(2)
cfi=(51)
cfn=(1874)
calls=1 0 
0 19 7 2
0 7 0 1 1 0 0 1
cob=(2)
cfi=(51)
cfn=(1322)
calls=1 0 
0 77 15 15 0 0 1 0 0 1
0 2 0 1
cob=(2)
cfi=(51)
cfn=(1878)
calls=1 0 
0 8 4 1
0 1

fn=(3034) boost::re_detail_500::perl_matcher<__gnu_cxx::__normal_iterator<char const*, std::__cxx11::basic_string<char, std::char_traits<char>, std::allocator<char> > >, std::allocator<boost::sub_match<__gnu_cxx::__normal_iterator<char const*, std::__cxx11::basic_string<char, std::char_traits<char>, std::allocator<char> > > > >, boost::regex_traits<char, boost::cpp_regex_traits<char> > >::unwind_recursion_stopper(bool)
0 25 5 10 3 0 0 2

fn=(3066)
0 829 161 234 6 16 5 5 0 1
cob=(2)
cfi=(51)
cfn=(2304)
calls=38 0 
0 483 152 0 1 9 0 0 2
0 610 95 21 5 4 0 5
cob=(2)
cfi=(51)
cfn=(2304)
calls=21 0 
0 279 84
0 441 217 0 5 0 0 3

fn=(3114) std::map<std::__cxx11::basic_string<char, std::char_traits<char>, std::allocator<char> >, std::pair<std::vector<double, std::allocator<double> >, std::vector<unsigned long, std::allocator<unsigned long> > >, std::less<std::__cxx11::basic_string<char, std::char_traits<char>, std::allocator<char> > >, std::allocator<std::pair<std::__cxx11::basic_string<char, std::char_traits<char>, std::allocator<char> > const, std::pair<std::vector<double, std::allocator<double> >, std::vector<unsigned long, std::allocator<unsigned long> > > > > >::operator[](std::__cxx11::basic_string<char, std::char_traits<char>, std::allocator<char> > const&)
0 120 21 41 3 3 1 3
cob=(2)
cfi=(51)
cfn=(2304)
calls=5 0 
0 60 20 0 0 3
0 85 13 3 3 0 0 3
cob=(2)
cfi=(51)
cfn=(2304)
calls=3 0 
0 36 12
0 68 28 2 2 0 1 2
cob=(2)
cfi=(51)
cfn=(1004)
calls=2 0 
0 988 130 100 2 18 11
0 22 6 4
cfn=(1906)
calls=2 0 
0 70 22 16 0 1 2
0 16 2 8 1 0 0 1
cfn=(3116) std::_Rb_tree<std::__cxx11::basic_string<char, std::char_traits<char>, std::allocator<char> >, std::pair<std::__cxx11::basic_string<char, std::char_traits<char>, std::allocator<char> > const, std::pair<std::vector<double, std::allocator<double> >, std::vector<unsigned long, std::allocator<unsigned long> > > >, std::_Select1st<std::pair<std::__cxx11::basic_string<char, std::char_traits<char>, std::allocator<char> > const, std::pair<std::vector<double, std::allocator<double> >, std::vector<unsigned long, std::allocator<unsigned long> > > > >, std::less<std::__cxx11::basic_string<char, std::char_traits<char>, std::allocator<char> > >, std::allocator<std::pair<std::__cxx11::basic_string<char, std::char_traits<char>, std::allocator<char> > const, std::pair<std::vector<double, std::allocator<double> >, std::vector<unsigned long, std::allocator<unsigned long> > > > > >::_M_get_insert_hint_unique_pos(std::_Rb_tree_const_iterator<std::pair<std::__cxx11::basic_string<char, std::char_traits<char>, std::allocator<char> > const, std::pair<std::vector<double, std::allocator<double> >, std::vector<unsigned long, std::allocator<unsigned long> > > > >, std::__cxx11::basic_string<char, std::char_traits<char>, std::allocator<char> > const&)
calls=2 0 
0 113 34 22 11 0 0 9
0 24 4 2 2 0 0 1
cob=(2)
cfi=(51)
cfn=(2956)
calls=2 0 
0 45 8 15 0 2
0 6 2 2

fn=(3138)
0 36 0 14 4 0 0 4
cob=(2)
cfi=(51)
cfn=(1004)
calls=2 0 
0 363 78 58 3 12 6 0 0 1
0 28 0 8
cob=(2)
cfi=(51)
cfn=(1020)
calls=2 0 
0 1000039 6 1000000 6 3 15628 0 0 15625
0 14 10 2 2 1 1 2

fn=(3160) boost::detail::function::function_obj_invoker<boost::algorithm::detail::token_finderF<boost::algorithm::detail::is_any_ofF<char> >, boost::iterator_range<__gnu_cxx::__normal_iterator<char const*, std::__cxx11::basic_string<char, std::char_traits<char>, std::allocator<char> > > >, __gnu_cxx::__normal_iterator<char const*, std::__cxx11::basic_string<char, std::char_traits<char>, std::allocator<char> > >, __gnu_cxx::__normal_iterator<char const*, std::__cxx11::basic_string<char, std::char_traits<char>, std::allocator<char> > > >::invoke(boost::detail::function::function_buffer&, __gnu_cxx::__normal_iterator<char const*, std::__cxx11::basic_string<char, std::char_traits<char>, std::allocator<char> > >, __gnu_cxx::__normal_iterator<char const*, std::__cxx11::basic_string<char, std::char_traits<char>, std::allocator<char> > >)
0 80 8 40 2 0 0 2
cfn=(3158) boost::algorithm::detail::is_any_ofF<char>::is_any_ofF(boost::algorithm::detail::is_any_ofF<char> const&)
calls=4 0 
0 132 24 20
0 36 4 12
cob=(2)
cfi=(51)
cfn=(1886)
calls=4 0 
0 72 12 4
0 48 4 20 1 0 0 1
cob=(2)
cfi=(51)
cfn=(1886)
calls=4 0 
0 72 12 4
0 16 4 4 1 0 0 1
cfn=(3158)
calls=4 0 
0 132 24 20
0 44 12 12 1 0 0 1
cob=(2)
cfi=(51)
cfn=(1886)
calls=4 0 
0 72 12 4
0 180 64 4 9 0 0 9
cfn=(3162) bool std::binary_search<char const*, char>(char const*, char const*, char const&)
calls=2 0 
0 42 6 0 2 0 0 2
0 6

fn=(3220)
0 125 15 50 2 0 6 2 0 2
cfn=(3066)
calls=5 0 
0 527 146 48 1 11 3 1 1 1
0 23 0 2
cfn=(3066)
calls=2 0 
0 249 64 20
0 6 0 2
cfn=(3074) std::vector<unsigned long, std::allocator<unsigned long> >::vector(std::vector<unsigned long, std::allocator<unsigned long> > const&)
calls=2 0 
0 220 54 40 0 4
0 193 35 3 5 0 0 5
cfn=(3068) std::_Rb_tree<std::__cxx11::basic_string<char, std::char_traits<char>, std::allocator<char> >, std::pair<std::__cxx11::basic_string<char, std::char_traits<char>, std::allocator<char> > const, std::pair<std::vector<int, std::allocator<int> >, std::vector<unsigned long, std::allocator<unsigned long> > > >, std::_Select1st<std::pair<std::__cxx11::basic_string<char, std::char_traits<char>, std::allocator<char> > const, std::pair<std::vector<int, std::allocator<int> >, std::vector<unsigned long, std::allocator<unsigned long> > > > >, std::less<std::__cxx11::basic_string<char, std::char_traits<char>, std::allocator<char> > >, std::allocator<std::pair<std::__cxx11::basic_string<char, std::char_traits<char>, std::allocator<char> > const, std::pair<std::vector<int, std::allocator<int> >, std::vector<unsigned long, std::allocator<unsigned long> > > > > >::find(std::__cxx11::basic_string<char, std::char_traits<char>, std::allocator<char> > const&) const
calls=3 0 
0 391 96 30 0 10
0 21 0 3 1 0 0 1
cfn=(3068)
calls=3 0 
0 391 96 30
0 9 0 3
cfn=(3074)
calls=3 0 
0 93 24 24 0 2
0 19 4 2 0 2
cfn=(3066)
calls=2 0 
0 249 64 20
0 30 10 2 1 0 0 1
cob=(2)
cfi=(51)
cfn=(1948)
calls=2 0 
0 198 62 30 0 0 2 0 0 1
0 70 50 5 3 0 0 3
cob=(2)
cfi=(51)
cfn=(2296)
calls=5 0 
0 362 79 30 6 9 0 1 1
0 34 6 3
cfn=(3068)
calls=3 0 
0 391 96 30
0 9

fn=(3234)
0 62 6 16 3 0 0 3
cob=(2)
cfi=(51)
cfn=(1004)
calls=2 0 
0 636 113 94 3 6 6
0 10 0 2 1 0 0 1
cfn=(3236) stan::callbacks::unique_stream_writer<std::basic_ofstream<char, std::char_traits<char> >, std::default_delete<std::basic_ofstream<char, std::char_traits<char> > > >* std::__uninitialized_copy<false>::__uninit_copy<std::move_iterator<stan::callbacks::unique_stream_writer<std::basic_ofstream<char, std::char_traits<char> >, std::default_delete<std::basic_ofstream<char, std::char_traits<char> > > >*>, stan::callbacks::unique_stream_writer<std::basic_ofstream<char, std::char_traits<char> >, std::default_delete<std::basic_ofstream<char, std::char_traits<char> > > >*>(std::move_iterator<stan::callbacks::unique_stream_writer<std::basic_ofstream<char, std::char_traits<char> >, std::default_delete<std::basic_ofstream<char, std::char_traits<char> > > >*>, std::move_iterator<stan::callbacks::unique_stream_writer<std::basic_ofstream<char, std::char_traits<char> >, std::default_delete<std::basic_ofstream<char, std::char_traits<char> > > >*>, stan::callbacks::unique_stream_writer<std::basic_ofstream<char, std::char_traits<char> >, std::default_delete<std::basic_ofstream<char, std::char_traits<char> > > >*)
calls=2 0 
0 58 20 18 3 0 1 3
0 50 20 4 3 0 0 3

fn=(3256) auto cmdstan::get_arg_val<cmdstan::singleton_argument<std::__cxx11::basic_string<char, std::char_traits<char>, std::allocator<char> > >, cmdstan::argument_parser&>(cmdstan::argument_parser&, char const*)
0 20 1 8 2 0 0 2
cob=(2)
cfi=(51)
cfn=(1822)
calls=1 0 
0 16 3 0 0 1 0 0 1
0 5 0 1
cfn=(1884)
calls=1 0 
0 57 14 10
0 3 0 1
cfn=(2346)
calls=1 0 
0 303 80 38
0 11 1 1 1 0 0 1
cob=(2)
cfi=(51)
cfn=(2278)
calls=1 0 
0 217 66 36 0 2 0 0 2
0 7 2 2 1 1 0 1
cfn=(1906)
calls=1 0 
0 35 11 8 0 1
0 11 8

fn=(3258) double __gnu_cxx::__stoa<double, double, char>(double (*)(char const*, char**), char const*, char const*, unsigned long*)
0 16 1 8 1 0 0 1
cob=(2)
cfi=(51)
cfn=(2312)
calls=1 0 
0 6 4 0 2 1 0 1 1
0 6 1 2 1 0 0 1
cob=(3)
cfi=(371)
cfn=(3260)
calls=1 81 
0 399 72 44 47 10 0 44 2
0 23 11 1 1 0 0 1

fn=(3402) auto cmdstan::get_arg_val<cmdstan::singleton_argument<bool>, cmdstan::argument_parser&, char const (&) [7], char const (&) [7], char const (&) [12]>(cmdstan::argument_parser&, char const (&) [7], char const (&) [7], char const (&) [12])
0 20 1 9 2 0 0 2
cob=(2)
cfi=(51)
cfn=(1822)
calls=1 0 
0 16 3
0 4 0 1
cfn=(1884)
calls=1 0 
0 57 14 10
0 3 0 1
cfn=(2346)
calls=1 0 
0 110 31 16
0 9 2 3 1 0 0 1
cob=(2)
cfi=(51)
cfn=(1822)
calls=1 0 
0 16 3
0 4 0 1
cfn=(1884)
calls=1 0 
0 57 14 10
0 4 1 1 1 0 0 1
cfn=(2574)
calls=1 0 
0 135 40 18
0 3 0 1
cfn=(2582)
calls=1 0 
0 352 92 51 1
0 14 2 1 1 0 0 1
cob=(2)
cfi=(51)
cfn=(2278)
calls=1 0 
0 217 66 36 0 4
0 12 10 0 1 0 0 1

fn=(3410) auto cmdstan::get_arg_val<cmdstan::singleton_argument<double>, cmdstan::argument_parser&, char const (&) [7], char const (&) [7], char const (&) [10], char const (&) [4], char const (&) [9]>(cmdstan::argument_parser&, char const (&) [7], char const (&) [7], char const (&) [10], char const (&) [4], char const (&) [9])
0 23 1 11 2 0 0 2
cob=(2)
cfi=(51)
cfn=(1822)
calls=1 0 
0 16 3
0 4 0 1
cfn=(1884)
calls=1 0 
0 57 14 10
0 3 0 1
cfn=(2346)
calls=1 0 
0 110 31 16
0 9 2 3 1 0 0 1
cob=(2)
cfi=(51)
cfn=(1822)
calls=1 0 
0 16 3
0 4 0 1
cfn=(1884)
calls=1 0 
0 57 14 10
0 4 1 1
cfn=(2574)
calls=1 0 
0 135 40 18
0 9 2 3 1 0 0 1
cob=(2)
cfi=(51)
cfn=(1822)
calls=1 0 
0 16 3
0 4 0 1
cfn=(1884)
calls=1 0 
0 55 14 10
0 4 1 1
cfn=(2578)
calls=1 0 
0 362 95 51
0 9 2 3 1 0 0 1
cob=(2)
cfi=(51)
cfn=(1822)
calls=1 0 
0 16 3
0 4 0 1
cfn=(1884)
calls=1 0 
0 60 14 10
0 4 1 1 1 0 0 1
cfn=(2574)
calls=1 0 
0 138 40 18
0 3 1 1
cfn=(2582)
calls=1 0 
0 375 98 57 0 1 0 0 1
0 20 5 1 2 0 0 2
cob=(2)
cfi=(51)
cfn=(2278)
calls=1 0 
0 217 66 36 0 4 0 0 4
0 12 10 0 1 0 0 1

fn=(3430) stan::io::array_var_context::add_r(std::vector<std::__cxx11::basic_string<char, std::char_traits<char>, std::allocator<char> >, std::allocator<std::__cxx11::basic_string<char, std::char_traits<char>, std::allocator<char> > > > const&, std::vector<double, std::allocator<double> > const&, std::vector<std::vector<unsigned long, std::allocator<unsigned long> >, std::allocator<std::vector<unsigned long, std::allocator<unsigned long> > > > const&)
0 41 7 13 4 0 0 4
cob=(2)
cfi=(51)
cfn=(1004)
calls=1 0 
0 59 15 8
0 20 3 4 1 0 0 1
cob=(2)
cfi=(51)
cfn=(1020)
calls=1 0 
0 17 2 2 2 1 0 1 1
0 48 12 3 3 0 0 3
cob=(2)
cfi=(51)
cfn=(1004)
calls=1 0 
0 215 43 39 0 0 2
0 8 0 2
cob=(2)
cfi=(51)
cfn=(1886)
calls=1 0 
0 32 11 8 1 0 2
0 5 3 1 1 0 0 1
cob=(2)
cfi=(51)
cfn=(1004)
calls=1 0 
0 215 43 39 0 0 1
0 11 1 4
cob=(2)
cfi=(51)
cfn=(1886)
calls=1 0 
0 32 11 8 0 0 2
0 15 3 4 2 0 0 2
cob=(2)
cfi=(51)
cfn=(1004)
calls=1 0 
0 213 44 39 0 0 1
0 13 2 3
cob=(2)
cfi=(51)
cfn=(1946)
calls=1 0 
0 15 4 2 1 1 0 1
0 12 3 2 1 0 0 1
cfn=(3432) std::pair<std::_Rb_tree_iterator<std::pair<std::__cxx11::basic_string<char, std::char_traits<char>, std::allocator<char> > const, std::pair<std::vector<double, std::allocator<double> >, std::vector<unsigned long, std::allocator<unsigned long> > > > >, bool> std::_Rb_tree<std::__cxx11::basic_string<char, std::char_traits<char>, std::allocator<char> >, std::pair<std::__cxx11::basic_string<char, std::char_traits<char>, std::allocator<char> > const, std::pair<std::vector<double, std::allocator<double> >, std::vector<unsigned long, std::allocator<unsigned long> > > >, std::_Select1st<std::pair<std::__cxx11::basic_string<char, std::char_traits<char>, std::allocator<char> > const, std::pair<std::vector<double, std::allocator<double> >, std::vector<unsigned long, std::allocator<unsigned long> > > > >, std::less<std::__cxx11::basic_string<char, std::char_traits<char>, std::allocator<char> > >, std::allocator<std::pair<std::__cxx11::basic_string<char, std::char_traits<char>, std::allocator<char> > const, std::pair<std::vector<double, std::allocator<double> >, std::vector<unsigned long, std::allocator<unsigned long> > > > > >::_M_emplace_unique<std::__cxx11::basic_string<char, std::char_traits<char>, std::allocator<char> > const&, std::pair<std::vector<double, std::allocator<double> >, std::vector<unsigned long, std::allocator<unsigned long> > > >(std::__cxx11::basic_string<char, std::char_traits<char>, std::allocator<char> > const&, std::pair<std::vector<double, std::allocator<double> >, std::vector<unsigned long, std::allocator<unsigned long> > >&&)
calls=1 0 
0 229 57 55 13 3 1 11 1
0 12 3 1 1 0 0 1
cob=(2)
cfi=(51)
cfn=(1948)
calls=1 0 
0 99 31 15
0 21 12 1 1 0 0 1
cob=(2)
cfi=(51)
cfn=(1948)
calls=1 0 
0 99 31 15

fn=(3510) stan::return_type<Eigen::Map<Eigen::Matrix<double, -1, 1, 0, -1, 1>, 0, Eigen::Stride<0, 0> >, Eigen::Map<Eigen::Matrix<double, -1, -1, 0, -1, -1>, 0, Eigen::Stride<0, 0> >, double, Eigen::Map<Eigen::Matrix<double, -1, 1, 0, -1, 1> const, 0, Eigen::Stride<0, 0> >, double>::type stan::math::normal_id_glm_lpdf<false, Eigen::Map<Eigen::Matrix<double, -1, 1, 0, -1, 1>, 0, Eigen::Stride<0, 0> >, Eigen::Map<Eigen::Matrix<double, -1, -1, 0, -1, -1>, 0, Eigen::Stride<0, 0> >, double, Eigen::Map<Eigen::Matrix<double, -1, 1, 0, -1, 1> const, 0, Eigen::Stride<0, 0> >, double, (void*)0>(Eigen::Map<Eigen::Matrix<double, -1, 1, 0, -1, 1>, 0, Eigen::Stride<0, 0> > const&, Eigen::Map<Eigen::Matrix<double, -1, -1, 0, -1, -1>, 0, Eigen::Stride<0, 0> > const&, double const&, Eigen::Map<Eigen::Matrix<double, -1, 1, 0, -1, 1> const, 0, Eigen::Stride<0, 0> > const&, double const&)
0 86 20 24 7 3 0 7
cob=(2)
cfi=(51)
cfn=(1024)
calls=1 0 
0 344 64 54 18 4 3
0 20 5 6 2 0 0 2
cob=(2)
cfi=(51)
cfn=(3512)
calls=1 0 
0 40408 57 40055 17 5 626 1 1
0 25 7 6 2 2 1 2
cfn=(3514) Eigen::internal::general_matrix_vector_product<long, double, Eigen::internal::const_blas_data_mapper<double, long, 0>, 0, false, double, Eigen::internal::const_blas_data_mapper<double, long, 1>, false, 0>::run(long, long, Eigen::internal::const_blas_data_mapper<double, long, 0> const&, Eigen::internal::const_blas_data_mapper<double, long, 1> const&, double*, long, double) [clone .isra.0]
calls=1 0 
0 242361 70665 2521 20 15657 2 20 468
0 16 1 3 1 1 0 1
cob=(2)
cfi=(51)
cfn=(1886)
calls=1 0 
0 40002 39975 39970 2 629 627 0 1
0 5 1 1 1 1 0 1
cob=(2)
cfi=(51)
cfn=(3170)
calls=1 0 
0 129 39 14 9 14 2 0 1
0 22547 5009 2504 8 1255 3 8 3
cob=(2)
cfi=(51)
cfn=(3472)
calls=1 0 
0 56 13 0 0 6 0 0 2
0 10 3 2 0 1 0 0 1
cob=(2)
cfi=(51)
cfn=(3170)
calls=1 0 
0 175 52 23 2 17 2
0 11262 2500 0 5 625 0 5

fn=(3526)
0 30 4 12 3 0 1 3 0 1
cfn=(3528) stan::math::vari_base*& std::vector<stan::math::vari_base*, std::allocator<stan::math::vari_base*> >::emplace_back<stan::math::vari_base*>(stan::math::vari_base*&&) [clone .isra.0]
calls=1 0 
0 9 4 2 1 0 0 1
0 40 12 10 4 2 1 4 1 1
cfn=(3528)
calls=1 0 
0 9 4 2
0 30 5 5 2 1 0 2
cob=(2)
cfi=(51)
cfn=(3452)
calls=1 0 
0 56 18 2 0 6 0 0 1
0 18 3 7 2 0 0 2
cfn=(3528)
calls=1 0 
0 252 65 39
0 16 3 7 1 0 0 1
cfn=(3530) stan::return_type<Eigen::Map<Eigen::Matrix<stan::math::var_value<double, void>, -1, 1, 0, -1, 1> const, 0, Eigen::Stride<0, 0> >&, double, double>::type stan::math::normal_lpdf<false, Eigen::Map<Eigen::Matrix<stan::math::var_value<double, void>, -1, 1, 0, -1, 1> const, 0, Eigen::Stride<0, 0> >&, double, double, (void*)0>(Eigen::Map<Eigen::Matrix<stan::math::var_value<double, void>, -1, 1, 0, -1, 1> const, 0, Eigen::Stride<0, 0> >&, double&&, double&&)
calls=1 0 
0 2291 513 400 40 6 23 37 0 12
0 4 0 1
cfn=(3532) void stan::math::accumulator<stan::math::var_value<double, void>, void>::add<stan::math::var_value<double, void>, void>(stan::math::var_value<double, void>)
calls=1 0 
0 29 10 8 2 0 0 2
0 8 3 2 1 2 0 1 2
cfn=(3534) stan::return_type<stan::math::var_value<double, void>, double, double, double>::type stan::math::student_t_lpdf<false, stan::math::var_value<double, void>, double, double, double, (void*)0>(stan::math::var_value<double, void> const&, double const&, double const&, double const&) [clone .isra.0]
calls=1 0 
0 848 194 128 27 13 2 24 2 2
0 3 0 1
cfn=(3532)
calls=1 0 
0 29 10 8
0 11 2 5 1 0 0 1
cfn=(3494) stan::return_type<double, double, double, double>::type stan::math::student_t_lccdf<double, double, double, double>(double const&, double const&, double const&, double const&) [clone .constprop.0]
calls=1 0 
0 859 187 94 15 6
0 9 2 2 1 0 0 1
cfn=(3534)
calls=1 0 
0 602 131 90 0 0 4 0 0 3
0 26 7 8 2 0 0 2
cfn=(3528)
calls=1 0 
0 9 4 2
0 8 2 3 1 0 0 1
cfn=(3532)
calls=1 0 
0 29 10 8
0 9 2 1
cfn=(3536) stan::return_type<Eigen::Map<Eigen::Matrix<double, -1, 1, 0, -1, 1>, 0, Eigen::Stride<0, 0> >, Eigen::Map<Eigen::Matrix<double, -1, -1, 0, -1, -1>, 0, Eigen::Stride<0, 0> >, stan::math::var_value<double, void>, Eigen::Map<Eigen::Matrix<stan::math::var_value<double, void>, -1, 1, 0, -1, 1> const, 0, Eigen::Stride<0, 0> >, stan::math::var_value<double, void> >::type stan::math::normal_id_glm_lpdf<false, Eigen::Map<Eigen::Matrix<double, -1, 1, 0, -1, 1>, 0, Eigen::Stride<0, 0> >, Eigen::Map<Eigen::Matrix<double, -1, -1, 0, -1, -1>, 0, Eigen::Stride<0, 0> >, stan::math::var_value<double, void>, Eigen::Map<Eigen::Matrix<stan::math::var_value<double, void>, -1, 1, 0, -1, 1> const, 0, Eigen::Stride<0, 0> >, stan::math::var_value<double, void>, (void*)0>(Eigen::Map<Eigen::Matrix<double, -1, 1, 0, -1, 1>, 0, Eigen::Stride<0, 0> > const&, Eigen::Map<Eigen::Matrix<double, -1, -1, 0, -1, -1>, 0, Eigen::Stride<0, 0> > const&, stan::math::var_value<double, void> const&, Eigen::Map<Eigen::Matrix<stan::math::var_value<double, void>, -1, 1, 0, -1, 1> const, 0, Eigen::Stride<0, 0> > const&, stan::math::var_value<double, void> const&)
calls=1 0 
0 621380 199087 88180 118 38387 1964 93 47 13
0 3 0 1
cfn=(3532)
calls=1 0 
0 29 10 8 0 1 1
0 3 0 1
cfn=(3532)
calls=1 0 
0 29 10 8
0 2 0 1
cfn=(3542) stan::math::var_value<double, void> stan::math::sum<stan::math::arena_allocator<stan::math::var_value<double, void> > >(std::vector<stan::math::var_value<double, void>, stan::math::arena_allocator<stan::math::var_value<double, void> > > const&)
calls=1 0 
0 116 33 20 8 4 2 8 0 2
0 29 12 6 3 2 1 3 0 1
cfn=(3528)
calls=1 0 
0 129 29 20
0 7 2 2

fn=(3546) stan::math::internal::reverse_pass_callback_vari<stan::math::internal::partials_propagator<stan::math::var_value<double, void>, void, Eigen::Matrix<double, -1, 1, 0, -1, 1>, Eigen::Matrix<double, -1, -1, 0, -1, -1>, stan::math::var_value<double, void>, Eigen::Matrix<stan::math::var_value<double, void>, -1, 1, 0, -1, 1>, stan::math::var_value<double, void> >::build(double)::{lambda(auto:1&&)#1}::operator()<stan::math::internal::ops_partials_edge<double, stan::math::var_value<double, void>, void>&>(stan::math::internal::ops_partials_edge<double, stan::math::var_value<double, void>, void>&)::{lambda()#1}>::chain()
0 10672 8004 1334 316 0 0 1

fn=(3562) stan::math::internal::reverse_pass_callback_vari<stan::math::internal::partials_propagator<stan::math::var_value<double, void>, void, Eigen::Matrix<stan::math::var_value<double, void>, -1, 1, 0, -1, 1>, double, double>::build(double)::{lambda(auto:1&&)#1}::operator()<stan::math::internal::ops_partials_edge<double, double, void>&>(stan::math::internal::ops_partials_edge<double, double, void>&)::{lambda()#1}>::chain()
0 2668 1334

fn=(3566) stan::math::internal::callback_vari<double, stan::math::lb_constrain<stan::math::var_value<double, void>, int, (void*)0, (void*)0>(stan::math::var_value<double, void> const&, int const&, stan::math::var_value<double, void>&)::{lambda(auto:1&)#1}>::chain()
0 6003 4669 667 732 0 0 2

fn=(3634) stan::mcmc::ps_point::ps_point(stan::mcmc::ps_point const&)
0 8632 0 3984 539 0 424 2
cfn=(3636) Eigen::DenseStorage<double, -1, -1, 1, 0>::DenseStorage(Eigen::DenseStorage<double, -1, -1, 1, 0> const&)
calls=664 0 
0 90258 22011 16685 300 804 1700 2 160
0 1992 0 664
cfn=(3636)
calls=664 0 
0 169688 34223 26669 570 1504 2759
0 5976 664 664 424 0 0 1
cob=(2)
cfi=(51)
cfn=(1024)
calls=664 0 
0 129985 22584 18323 571 758 723
0 6640 664 1992 0 0 208
cob=(2)
cfi=(51)
cfn=(1886)
calls=664 0 
0 21248 7304 5312 0 2 1254
0 6640 3984 664 424 0 0 1

fn=(3652)
0 120 22 24 4 0 0 4
cob=(2)
cfi=(51)
cfn=(1004)
calls=2 0 
0 426 88 78 0 0 1
0 18 2 0 2 0 0 2

fn=(3658) stan::math::recover_memory_nested()
0 48312 16775 9394 632 2676 0 8

fn=(3674) stan::math::elementwise_check<stan::math::check_positive_finite<double>(char const*, char const*, double const&)::{lambda(double)#1}, double, , (void*)0>(stan::math::check_positive_finite<double>(char const*, char const*, double const&)::{lambda(double)#1} const&, char const*, char const*, double const&, char const*)::{lambda()#1}::operator()() const
0 90 40 15 10 0 0 2
cfn=(3676)
calls=5 0 
0 237694 45634 24784 2236 1241 274 242 346

fn=(4394) stan::callbacks::stream_logger::error(std::__cxx11::basic_string<char, std::char_traits<char>, std::allocator<char> > const&)
0 200 75 75 5 0 0 1
cob=(2)
cfi=(51)
cfn=(2610)
calls=25 0 
0 14525 4775 2315 219 142 5 8 27
0 275 125 25 5 2 0 1
cob=(2)
cfi=(51)
cfn=(2630)
calls=25 0 
0 12950 4325 1950 94 5 0 3 5
0 125 50
cob=(2)
cfi=(51)
cfn=(2642)
calls=25 0 
0 9825 3700 1600 10 1 0 1

fn=(4420) stan::callbacks::unique_stream_writer<std::basic_ofstream<char, std::char_traits<char> >, std::default_delete<std::basic_ofstream<char, std::char_traits<char> > > >::operator()(std::vector<std::__cxx11::basic_string<char, std::char_traits<char>, std::allocator<char> >, std::allocator<std::__cxx11::basic_string<char, std::char_traits<char>, std::allocator<char> > > > const&)
0 7 2 0 1 1 0 1
cfn=(4422) void stan::callbacks::unique_stream_writer<std::basic_ofstream<char, std::char_traits<char> >, std::default_delete<std::basic_ofstream<char, std::char_traits<char> > > >::write_vector<std::__cxx11::basic_string<char, std::char_traits<char>, std::allocator<char> > >(std::vector<std::__cxx11::basic_string<char, std::char_traits<char>, std::allocator<char> >, std::allocator<std::__cxx11::basic_string<char, std::char_traits<char>, std::allocator<char> > > > const&)
calls=1 0 
0 13120 4266 2500 186 102 11 17 10
0 1 1

fn=(4456) Eigen::PlainObjectBase<Eigen::Matrix<double, -1, 1, 0, -1, 1> >::PlainObjectBase<Eigen::CwiseNullaryOp<Eigen::internal::scalar_constant_op<double>, Eigen::Matrix<double, -1, 1, 0, -1, 1> > >(Eigen::DenseBase<Eigen::CwiseNullaryOp<Eigen::internal::scalar_constant_op<double>, Eigen::Matrix<double, -1, 1, 0, -1, 1> > > const&)
0 29250 7020 8190 616 0 148 2
cfn=(3596)
calls=1170 0 
0 206585 39642 32682 954 410 747
0 91260 2340 17550 1146 0 1026 2

fn=(4458) stan::mcmc::base_nuts<stan::model::model_base, stan::mcmc::diag_e_metric, stan::mcmc::expl_leapfrog, boost::random::mixmax_engine<17, 36u, 0l> >::build_tree(int, stan::mcmc::ps_point&, Eigen::Matrix<double, -1, 1, 0, -1, 1>&, Eigen::Matrix<double, -1, 1, 0, -1, 1>&, Eigen::Matrix<double, -1, 1, 0, -1, 1>&, Eigen::Matrix<double, -1, 1, 0, -1, 1>&, Eigen::Matrix<double, -1, 1, 0, -1, 1>&, double, double, int&, double&, double&, stan::callbacks::logger&)
0 9160 1910 4970 1070 0 37 1070
cfn=(4472) Eigen::Matrix<double, -1, 1, 0, -1, 1>::Matrix<long>(long const&)
calls=150 0 
0 11850 2700 2250 268 0 0 2
0 1200 150 600
cfn=(4472)
calls=150 0 
0 43922 7229 6165 319 291 232
0 1200 300 300 150 0 40 150
cfn=(4474) Eigen::CwiseNullaryOp<Eigen::internal::scalar_constant_op<double>, Eigen::Matrix<double, -1, 1, 0, -1, 1> >::CwiseNullaryOp(long, long, Eigen::internal::scalar_constant_op<double> const&) [clone .constprop.0]
calls=150 0 
0 900 300 300 150 0 0 1
0 450 0 150
cfn=(4456)
calls=150 0 
0 37769 5666 6997 177 35 290
0 2700 1500 1200 150 0 0 150
cfn=(4459) stan::mcmc::base_nuts<stan::model::model_base, stan::mcmc::diag_e_metric, stan::mcmc::expl_leapfrog, boost::random::mixmax_engine<17, 36u, 0l> >::build_tree(int, stan::mcmc::ps_point&, Eigen::Matrix<double, -1, 1, 0, -1, 1>&, Eigen::Matrix<double, -1, 1, 0, -1, 1>&, Eigen::Matrix<double, -1, 1, 0, -1, 1>&, Eigen::Matrix<double, -1, 1, 0, -1, 1>&, Eigen::Matrix<double, -1, 1, 0, -1, 1>&, double, double, int&, double&, double&, stan::callbacks::logger&)'2
calls=150 0 
0 162069232 51784119 23095707 102330 9875866 518239 4878 35469
0 900 150 150 0 7 9
cob=(2)
cfi=(51)
cfn=(3170)
calls=150 0 
0 23787 7172 2993 0 58 3
0 300 150 150 0 1
cob=(2)
cfi=(51)
cfn=(3170)
calls=150 0 
0 24162 7292 2982 0 41 1
0 300 150 150 0 18
cob=(2)
cfi=(51)
cfn=(3170)
calls=150 0 
0 22960 6878 2887 0 121 2
0 3324 2211 141 160 456 141 160
cfn=(3634)
calls=141 0 
0 92755 19338 15887 670 392 1272
0 1269 282 564 141 0 120 141
cfn=(4472)
calls=141 0 
0 23171 4715 4500 22 0 105
0 987 141 423 141 0 0 141
cfn=(4472)
calls=141 0 
0 23861 4738 4500 0 15 104
0 1128 282 423 0 201 81
cfn=(4474)
calls=141 0 
0 846 282 282 141
0 705 0 282 141 0 0 141
cfn=(4456)
calls=141 0 
0 34580 5286 6605 439 0 332
0 2397 1410 1128 77 81 0 77
cfn=(4459)
calls=141 0 
0 150029605 47937906 21381319 89867 9143061 478061 4855 27164
0 846 141 141 168 12 19 168
cob=(2)
cfi=(51)
cfn=(3170)
calls=141 0 
0 17666 5487 2479 0 12 1
0 282 141 141 0 4
cob=(2)
cfi=(51)
cfn=(3170)
calls=141 0 
0 17402 5402 2455 0 2
0 282 141 141
cob=(2)
cfi=(51)
cfn=(3170)
calls=141 0 
0 15824 4894 2302 0 37
0 282 0 141
cfn=(4410) stan::mcmc::ps_point::~ps_point()
calls=141 0 
0 52796 16418 7657 168 179 6
0 861 160 80 160 0 0 160
cfn=(4460) stan::mcmc::base_leapfrog<stan::mcmc::diag_e_metric<stan::model::model_base, boost::random::mixmax_engine<17, 36u, 0l> > >::evolve(stan::mcmc::diag_e_point&, stan::mcmc::diag_e_metric<stan::model::model_base, boost::random::mixmax_engine<17, 36u, 0l> >&, double, stan::callbacks::logger&)
calls=80 0 
0 49551336 15791353 7042168 28559 3006539 155458 16 9406
0 320 80 160 80 78 80 78
cfn=(3660) stan::mcmc::diag_e_metric<stan::model::model_base, boost::random::mixmax_engine<17, 36u, 0l> >::T(stan::mcmc::diag_e_point&) [clone .constprop.0]
calls=80 0 
0 8080 3520 0 406 394 0 0 78
0 1440 480 240 160 237 80 160 78
cfn=(4464) stan::return_type<double, double>::type stan::math::log_sum_exp<double, double, (void*)0, (void*)0>(double const&, double const&)
calls=80 0 
0 640 320 0 123 80 0 2 78
0 474 248 124 22 11 0 22
cfn=(4408) stan::mcmc::ps_point::operator=(stan::mcmc::ps_point const&)
calls=22 0 
0 6512 1496 1166 110 132 245
0 232 58 116 58 0 0 58
cfn=(4408)
calls=58 0 
0 17168 3944 3074 296 341 645
0 720 240 240 80 0 0 80
cfn=(3612) Eigen::PlainObjectBase<Eigen::Matrix<double, -1, 1, 0, -1, 1> >::resize(long, long) [clone .constprop.0]
calls=80 0 
0 6960 1680 1120 324
0 8400 2800 1360 123 80 0 123
cob=(2)
cfi=(51)
cfn=(3170)
calls=80 0 
0 7280 2320 1200 0 85
0 320 80 80 43 0 0 43
cfn=(3614) void Eigen::internal::call_dense_assignment_loop<Eigen::Matrix<double, -1, 1, 0, -1, 1>, Eigen::Matrix<double, -1, 1, 0, -1, 1>, Eigen::internal::assign_op<double, double> >(Eigen::Matrix<double, -1, 1, 0, -1, 1>&, Eigen::Matrix<double, -1, 1, 0, -1, 1> const&, Eigen::internal::assign_op<double, double> const&)
calls=80 0 
0 7280 1680 1280 0 0 318
0 320 80 80
cfn=(4466) void Eigen::internal::call_dense_assignment_loop<Eigen::Matrix<double, -1, 1, 0, -1, 1>, Eigen::Matrix<double, -1, 1, 0, -1, 1>, Eigen::internal::add_assign_op<double, double> >(Eigen::Matrix<double, -1, 1, 0, -1, 1>&, Eigen::Matrix<double, -1, 1, 0, -1, 1> const&, Eigen::internal::add_assign_op<double, double> const&)
calls=80 0 
0 7600 2480 1040 240 370 0 3
0 320 0 80
cfn=(3614)
calls=80 0 
0 7280 1680 1280 0 23 262
0 320 80 80 41 0 0 41
cfn=(3614)
calls=80 0 
0 7280 1680 1280 0 0 265
0 692 404 125 107 202 122 107
cfn=(4464)
calls=122 0 
0 20017 4794 734 494 561 0 3 153
0 610 122 244
cfn=(4464)
calls=122 0 
0 976 488
0 1220 366 366 70 0 42 70
cob=(2)
cfi=(51)
cfn=(3452)
calls=122 0 
0 6970 2207 246 1 68 0 0 1
0 488 122 122
cfn=(4476) boost::random::detail::backward_compatible_uniform_01<boost::random::mixmax_engine<17, 36u, 0l>&, double>::operator()()
calls=122 0 
0 7680 1041 442 231 137 11 231
0 1464 366 244 140 0 80 140
cfn=(4478) Eigen::PlainObjectBase<Eigen::Matrix<double, -1, 1, 0, -1, 1> >::PlainObjectBase<Eigen::CwiseBinaryOp<Eigen::internal::scalar_sum_op<double, double>, Eigen::Matrix<double, -1, 1, 0, -1, 1> const, Eigen::Matrix<double, -1, 1, 0, -1, 1> const> >(Eigen::DenseBase<Eigen::CwiseBinaryOp<Eigen::internal::scalar_sum_op<double, double>, Eigen::Matrix<double, -1, 1, 0, -1, 1> const, Eigen::Matrix<double, -1, 1, 0, -1, 1> const> > const&)
calls=122 0 
0 22448 6466 3782 420 416 164 420
0 610 122 122
cfn=(4466)
calls=122 0 
0 11590 3782 1586 0 584
0 976 488 122 0 70 0 0 70
cfn=(4470) Eigen::ScalarBinaryOpTraits<double, Eigen::internal::traits<Eigen::Matrix<double, -1, 1, 0, -1, 1> >::Scalar, Eigen::internal::scalar_product_op<double, Eigen::internal::traits<Eigen::Matrix<double, -1, 1, 0, -1, 1> >::Scalar> >::ReturnType Eigen::MatrixBase<Eigen::Matrix<double, -1, 1, 0, -1, 1> >::dot<Eigen::Matrix<double, -1, 1, 0, -1, 1> >(Eigen::MatrixBase<Eigen::Matrix<double, -1, 1, 0, -1, 1> > const&) const
calls=122 0 
0 10614 3782 0 280
0 1586 488 244 139 0 42 139
cfn=(4480) void Eigen::internal::call_dense_assignment_loop<Eigen::Matrix<double, -1, 1, 0, -1, 1>, Eigen::CwiseBinaryOp<Eigen::internal::scalar_sum_op<double, double>, Eigen::Matrix<double, -1, 1, 0, -1, 1> const, Eigen::Matrix<double, -1, 1, 0, -1, 1> const>, Eigen::internal::assign_op<double, double> >(Eigen::Matrix<double, -1, 1, 0, -1, 1>&, Eigen::CwiseBinaryOp<Eigen::internal::scalar_sum_op<double, double>, Eigen::Matrix<double, -1, 1, 0, -1, 1> const, Eigen::Matrix<double, -1, 1, 0, -1, 1> const> const&, Eigen::internal::assign_op<double, double> const&)
calls=122 0 
0 13542 4636 2074 280 183 0 280
0 1098 488 122
cfn=(4470)
calls=122 0 
0 10614 3782
0 732 122 122 70 0 0 70
cfn=(4470)
calls=122 0 
0 10614 3782
0 1830 732 244 70 0 19 70
cfn=(4480)
calls=122 0 
0 13542 4636 2074 0 465
0 1098 488 122 70 0 0 70
cfn=(4470)
calls=122 0 
0 10614 3782
0 732 122 122
cfn=(4470)
calls=122 0 
0 10614 3782 0 0 382
0 854 122 122
cob=(2)
cfi=(51)
cfn=(3170)
calls=122 0 
0 11102 3538 1830
0 254 44 44 9 0 0 9
cfn=(4408)
calls=44 0 
0 13024 2992 2332 0 207 478
0 160 0 58 57 0 0 57
cob=(2)
cfi=(51)
cfn=(3452)
calls=58 0 
0 3218 1017 118 185 335 0 0 57
0 540 238 122 70 29 0 70
cfn=(4470)
calls=122 0 
0 10614 3782 0 0 394
0 488 0 122

fn=(4459)
0 25324 5404 14358 1476 0 229 1476
cfn=(4472)
calls=217 0 
0 22765 4720 4054 17 0 73
0 1736 217 868
cfn=(4472)
calls=217 0 
0 68879 12373 10567 725 440 305
0 1736 434 434 104 0 0 104
cfn=(4474)
calls=217 0 
0 1302 434 434
0 651 0 217
cfn=(4456)
calls=217 0 
0 94555 14084 14925 665 309 216
0 3906 2170 1736 104 0 0 104
cfn=(4459)
calls=217 0 
0 169975385 54333447 24222009 106046 10373928 541981 3559 37014
0 1302 217 217 0 0 15
cob=(2)
cfi=(51)
cfn=(3170)
calls=217 0 
0 29876 8993 3880 0 222
0 434 217 217 0 1
cob=(2)
cfi=(51)
cfn=(3170)
calls=217 0 
0 30523 9199 3932 0 153
0 434 217 217
cob=(2)
cfi=(51)
cfn=(3170)
calls=217 0 
0 32154 9727 4095 0 47
0 9328 6592 202 986 1279 154 986
cfn=(3634)
calls=202 0 
0 149747 29897 24913 1009 822 2514
0 1818 404 808 202 0 144 202
cfn=(4472)
calls=202 0 
0 44768 8740 8257 282 44 210
0 1414 202 606 202 0 0 202
cfn=(4472)
calls=202 0 
0 55106 9009 8309 56 224 262
0 1616 404 606 0 191 130
cfn=(4474)
calls=202 0 
0 1212 404 404 202
0 1010 0 404 202 0 0 202
cfn=(4456)
calls=202 0 
0 60092 9175 11109 702 44 555
0 3434 2020 1616 162 130 0 162
cfn=(4459)
calls=202 0 
0 159899146 51107905 22785449 92585 9758355 509108 4237 27820
0 1212 202 202 326 0 7 326
cob=(2)
cfi=(51)
cfn=(3170)
calls=202 0 
0 21351 6705 3248 0 8
0 404 202 202
cob=(2)
cfi=(51)
cfn=(3170)
calls=202 0 
0 21419 6727 3255 0 19
0 404 202 202
cob=(2)
cfi=(51)
cfn=(3170)
calls=202 0 
0 21124 6630 3214 0 7
0 404 0 202
cfn=(4410)
calls=202 0 
0 65428 20679 10268 326 78 3
0 4639 986 493 316 0 0 316
cfn=(4460)
calls=493 0 
0 310419905 99281911 44221416 167553 18994062 977716 3 60251
0 1972 493 986 493 493 493 493
cfn=(3660)
calls=493 0 
0 49793 21692 0 2659 2465 0 0 493
0 8874 2958 1479 986 1622 493 986 493
cfn=(4464)
calls=493 0 
0 3944 1972 0 493 986 0 0 493
0 2658 1378 689 98 27 0 98
cfn=(4408)
calls=98 0 
0 29008 6664 5194 413 579 1116
0 1580 395 790 395 0 0 395
cfn=(4408)
calls=395 0 
0 116920 26860 20935 1632 2295 4525
0 4437 1479 1479 493 0 0 493
cfn=(3612)
calls=493 0 
0 42891 10353 6902 1972
0 51765 17255 8381 254 493 0 254
cob=(2)
cfi=(51)
cfn=(3170)
calls=493 0 
0 44863 14297 7395 0 511
0 1972 493 493
cfn=(3614)
calls=493 0 
0 44863 10353 7888 0 411 1971
0 1972 493 493
cfn=(4466)
calls=493 0 
0 46835 15283 6409 986 1855
0 1972 0 493
cfn=(3614)
calls=493 0 
0 44863 10353 7888 0 89 1645
0 1972 493 493
cfn=(3614)
calls=493 0 
0 44863 10353 7888 0 22 1749
0 2613 1376 223 0 318 147
cfn=(4464)
calls=195 0 
0 33587 7868 1174 893 1333 0 1 348
0 975 195 390
cfn=(4464)
calls=195 0 
0 1560 780 0 0 127
0 1950 585 585 0 0 24
cob=(2)
cfi=(51)
cfn=(3452)
calls=195 0 
0 10980 3499 394 3 117
0 780 195 195
cfn=(4476)
calls=195 0 
0 9432 1552 588 333 284 11 333
0 2340 585 390 64 12 123 64
cfn=(4478)
calls=195 0 
0 35880 10335 6045 936 773 399 936
0 975 195 195 0 21
cfn=(4466)
calls=195 0 
0 18525 6045 2535 0 850
0 1560 780 195 0 156 0 0 156
cfn=(4470)
calls=195 0 
0 16965 6045 0 624
0 2535 780 390 200 0 72 200
cfn=(4480)
calls=195 0 
0 21645 7410 3315 624 126 0 624
0 1755 780 195
cfn=(4470)
calls=195 0 
0 16965 6045
0 1170 195 195 156 0 0 156
cfn=(4470)
calls=195 0 
0 16965 6045
0 2925 1170 390 156 0 6 156
cfn=(4480)
calls=195 0 
0 21645 7410 3315 0 718
0 1755 780 195 156 0 0 156
cfn=(4470)
calls=195 0 
0 16965 6045
0 1170 195 195
cfn=(4470)
calls=195 0 
0 16965 6045 0 0 679
0 1365 195 195
cob=(2)
cfi=(51)
cfn=(3170)
calls=195 0 
0 17745 5655 2925
0 462 89 89 20 27 0 20
cfn=(4408)
calls=89 0 
0 26344 6052 4717 0 306 993
0 879 0 395 128 0 0 128
cob=(2)
cfi=(51)
cfn=(3452)
calls=395 0 
0 22516 6955 854 1257 2343 0 1 399
0 1770 985 195 156 45 0 156
cfn=(4470)
calls=195 0 
0 16965 6045 0 0 764
0 780 0 195

fn=(4466)
0 84550 27590 11570 1226 3659 0 3

fn=(4478)
0 8876 2536 2536 904 0 0 904
cfn=(3596)
calls=317 0 
0 18069 4438 2536
0 31383 9827 4755 452 1189 563 452

fn=(4480)
0 70374 24092 10778 904 1492 0 904

fn=(4484) stan::mcmc::var_adaptation::learn_variance(Eigen::Matrix<double, -1, 1, 0, -1, 1>&, Eigen::Matrix<double, -1, 1, 0, -1, 1> const&)
0 1974 668 430 180 40 0 5
cfn=(4488) void Eigen::internal::call_dense_assignment_loop<Eigen::Matrix<double, -1, 1, 0, -1, 1>, Eigen::CwiseBinaryOp<Eigen::internal::scalar_difference_op<double, double>, Eigen::Matrix<double, -1, 1, 0, -1, 1> const, Eigen::Matrix<double, -1, 1, 0, -1, 1> const>, Eigen::internal::assign_op<double, double> >(Eigen::Matrix<double, -1, 1, 0, -1, 1>&, Eigen::CwiseBinaryOp<Eigen::internal::scalar_difference_op<double, double>, Eigen::Matrix<double, -1, 1, 0, -1, 1> const, Eigen::Matrix<double, -1, 1, 0, -1, 1> const> const&, Eigen::internal::assign_op<double, double> const&)
calls=30 0 
0 6090 1800 960 90 90 0 3
0 7050 2670 810 180 120 0 6
cob=(2)
cfi=(51)
cfn=(3170)
calls=30 0 
0 2730 870 450
0 60 30

fn=(4516) void stan::callbacks::unique_stream_writer<std::basic_ofstream<char, std::char_traits<char> >, std::default_delete<std::basic_ofstream<char, std::char_traits<char> > > >::write_vector<double>(std::vector<double, std::allocator<double> > const&)
0 880 160 360 80 0 0 80
cob=(2)
cfi=(51)
cfn=(2114)
calls=40 0 
0 34160 10480 7920 0 0 63
0 200 120 40 40 41 0 40 40
cob=(2)
cfi=(51)
cfn=(4424)
calls=40 0 
0 13440 4480 2560 600 321 0 0 40
0 440 120 40 40 0 0 40
cob=(2)
cfi=(51)
cfn=(2118)
calls=40 0 
0 140805 33644 22268 8817 1880 386 2 80
0 3840 1280 1280
cob=(2)
cfi=(51)
cfn=(2118)
calls=1280 0 
0 3429213 748759 520412 9076 281 175 0 1
0 5280 0 1320
cob=(2)
cfi=(51)
cfn=(2610)
calls=1320 0 
0 183482 60720 34320 240 80 25 0 80
0 4120 80 40
cob=(2)
cfi=(51)
cfn=(2118)
calls=40 0 
0 106766 23148 16133 268
0 440 200 40 40 40 0 40
cob=(2)
cfi=(51)
cfn=(2630)
calls=40 0 
0 2640 1080 480 160 40 0 0 40
0 80 0 40
cob=(2)
cfi=(51)
cfn=(2642)
calls=40 0 
0 2720 1200 400 200 40 0 0 40
0 160 40 40 40 0 0 40
cob=(2)
cfi=(51)
cfn=(2218)
calls=40 0 
0 13359 3060 2215 843 93 188
0 160 80 40
cob=(2)
cfi=(51)
cfn=(2610)
calls=40 0 
0 11124 3535 1999 300 367 252 9 7
0 280 80 40
cob=(2)
cfi=(51)
cfn=(1948)
calls=40 0 
0 3960 1240 600 85 2
0 80 40 40
cob=(2)
cfi=(51)
cfn=(2226)
calls=40 0 
0 8000 2520 1560 360 158
0 440 360 0 40 0 0 40

fn=(4580) cmdstan::arg_single_string::~arg_single_string()
0 12 0 6 1 0 0 1
cfn=(4582)
calls=2 0 
0 298 86 40 6 10 0 6
0 8 2
cob=(2)
cfi=(51)
cfn=(1948)
calls=2 0 
0 198 62 30

fn=(4658) std::_Sp_counted_ptr_inplace<stan::io::empty_var_context, std::allocator<stan::io::empty_var_context>, (__gnu_cxx::_Lock_policy)2>::_M_dispose()
0 8 3 0 2 1 0 1 1

fn=(4682) Eigen::IOFormat::~IOFormat()
0 66 18 2 4 6 0 4

fn=(4706) std::_Rb_tree<boost::re_detail_500::cpp_regex_traits_base<char>, std::pair<boost::re_detail_500::cpp_regex_traits_base<char> const, std::_List_iterator<std::pair<std::shared_ptr<boost::re_detail_500::cpp_regex_traits_implementation<char> const>, boost::re_detail_500::cpp_regex_traits_base<char> const*> > >, std::_Select1st<std::pair<boost::re_detail_500::cpp_regex_traits_base<char> const, std::_List_iterator<std::pair<std::shared_ptr<boost::re_detail_500::cpp_regex_traits_implementation<char> const>, boost::re_detail_500::cpp_regex_traits_base<char> const*> > > >, std::less<boost::re_detail_500::cpp_regex_traits_base<char> >, std::allocator<std::pair<boost::re_detail_500::cpp_regex_traits_base<char> const, std::_List_iterator<std::pair<std::shared_ptr<boost::re_detail_500::cpp_regex_traits_implementation<char> const>, boost::re_detail_500::cpp_regex_traits_base<char> const*> > > > >::_M_erase(std::_Rb_tree_node<std::pair<boost::re_detail_500::cpp_regex_traits_base<char> const, std::_List_iterator<std::pair<std::shared_ptr<boost::re_detail_500::cpp_regex_traits_implementation<char> const>, boost::re_detail_500::cpp_regex_traits_base<char> const*> > > >*) [clone .isra.0]
0 18 7 7 2 0 0 1

fn=(4712)
0 5 1 1 1 1 0 1 1
cob=(2)
cfi=(51)
cfn=(4714)
calls=1 0 
0 4949 1504 753 45 115 17 32 4
0 2 1

fn=(4574) cmdstan::arg_unit_e::~arg_unit_e()
0 12 2 3 1 1 0 1
cob=(2)
cfi=(51)
cfn=(1948)
calls=1 0 
0 120 35 14 0 1
0 8 2 0 1 0 0 1
cob=(2)
cfi=(51)
cfn=(1948)
calls=1 0 
0 99 31 15

fn=(3050) std::_Rb_tree<std::__cxx11::basic_string<char, std::char_traits<char>, std::allocator<char> >, std::pair<std::__cxx11::basic_string<char, std::char_traits<char>, std::allocator<char> > const, bool>, std::_Select1st<std::pair<std::__cxx11::basic_string<char, std::char_traits<char>, std::allocator<char> > const, bool> >, std::less<std::__cxx11::basic_string<char, std::char_traits<char>, std::allocator<char> > >, std::allocator<std::pair<std::__cxx11::basic_string<char, std::char_traits<char>, std::allocator<char> > const, bool> > >::_M_get_insert_hint_unique_pos(std::_Rb_tree_const_iterator<std::pair<std::__cxx11::basic_string<char, std::char_traits<char>, std::allocator<char> > const, bool> >, std::__cxx11::basic_string<char, std::char_traits<char>, std::allocator<char> > const&)
0 93 8 34 2 0 0 2
cob=(2)
cfi=(51)
cfn=(2304)
calls=2 0 
0 24 8
0 20 4 1
cob=(2)
cfi=(51)
cfn=(3122)
calls=1 0 
0 17 8
0 6 2 1
cfn=(3060)
calls=1 0 
0 30 7 3
0 12 6 0 2 0 0 2
cfn=(3052)
calls=1 0 
0 30 10 8 5 0 0 5
0 58 41 2 3 0 0 3
cfn=(3060)
calls=2 0 
0 60 14 6
0 13 1 0 1 0 0 1

fn=(3054) void rapidjson::GenericReader<rapidjson::UTF8<char>, rapidjson::UTF8<char>, rapidjson::CrtAllocator>::ParseNumber<274u, rapidjson::BasicIStreamWrapper<std::istream>, stan::json::RapidJSONHandler<stan::json::json_data_handler> >(rapidjson::BasicIStreamWrapper<std::istream>&, stan::json::RapidJSONHandler<stan::json::json_data_handler>&)
0 3421217 780018 1601175 5014 0 0 6
cfn=(2802)
calls=41139 0 
0 2233897 744887 408063 0 20 1
0 696015 123417 79918 4 0 0 1
cfn=(3056) rapidjson::GenericReader<rapidjson::UTF8<char>, rapidjson::UTF8<char>, rapidjson::CrtAllocator>::NumberStream<rapidjson::BasicIStreamWrapper<std::istream>, true, false>::TakePush()
calls=38779 0 
0 3380008 1216891 700842 16 51 3 2 8
0 820894 155116 246452 4 0 0 2
cfn=(2802)
calls=123226 0 
0 6722411 2241131 1227862 0 67 0 0 5
0 2957424 862582 492904 3 0 0 2
cfn=(2864) char* rapidjson::internal::Stack<rapidjson::CrtAllocator>::Push<char>(unsigned long) [clone .constprop.0]
calls=123226 0 
0 2218068 739356 492904
0 8113755 1622751 1622751
cfn=(2864)
calls=1622751 0 
0 29209518 9736506 6491004
0 10475862 5237931 5237931
cfn=(2802)
calls=1745977 0 
0 95628378 31874696 17465090 29 880 1 0 100
0 25822740 5361157 133248 2 0 0 2
cfn=(2802)
calls=5011 0 
0 267595 89299 48902
0 1543495 1190071 4 3 15 0 3
cfn=(3056)
calls=4 0 
0 526 182 104 7 11 3 1
0 520062 260018 260012 4 0 0 3
cfn=(2864)
calls=130003 0 
0 2340054 780018 520012
0 5804506 1812978 759687 8 26 0 8
cfn=(3100) stan::json::json_data_handler::promote_to_double()
calls=123226 0 
0 34358842 8221287 4677660 5032 52 5 19
0 369678 0 123226 2 0 0 1
cfn=(3104) std::vector<double, std::allocator<double> >::push_back(double const&)
calls=123226 0 
0 2273710 1527051 1280046 103 16261 31836 24 0 31209
0 599677 6777 91224 2 0 0 2
cfn=(3056)
calls=91224 0 
0 7919295 2852481 1642969 2 53 8 1
0 3345910 758320 381101 4 34 0 4 4
cfn=(2802)
calls=5011 0 
0 283526 94372 51750 0 3
0 35077 15033 5011
cfn=(2802)
calls=5011 0 
0 270611 90257 49437 0 2
0 100220 30066 5011 1 0 0 1
cfn=(2802)
calls=5011 0 
0 276162 92018 50423 0 3
0 335103 6777 123108 2 3 0 2
cfn=(3058) stan::json::json_data_handler::number_unsigned_int(unsigned int)
calls=6777 0 
0 2046679 501495 277867 25 0 846 22 0 804
0 127328 18565 5011 2 0 0 2
cfn=(3128) rapidjson::internal::StrtodDiyFp(char const*, int, int, double*)
calls=5011 0 
0 1587496 210479 35099 21 27 2 18 4 1
0 102322 46150 0 1 5 0 1

fn=(3592) stan::services::util::read_diag_inv_metric(stan::io::var_context const&, unsigned long, stan::callbacks::logger&)
0 19 1 11 2 0 1 2
cfn=(3594)
calls=1 0 
0 88 21 14 7 0 0 4
0 8 2 4 1 2 0 1 1
cob=(2)
cfi=(51)
cfn=(1004)
calls=1 0 
0 55 15 8
0 14 0 5 1 0 0 1
cfn=(1884)
calls=1 0 
0 55 14 10 0 1 0 0 1
0 9 0 4 1 0 0 1
cfn=(1884)
calls=1 0 
0 55 14 10 0 1 0 0 1
0 8 0 3
cfn=(1884)
calls=1 0 
0 128 31 21 0 2 0 0 1
0 8 2 2 1 0 0 1
cfn=(3598) stan::io::array_var_context::validate_dims(std::__cxx11::basic_string<char, std::char_traits<char>, std::allocator<char> > const&, std::__cxx11::basic_string<char, std::char_traits<char>, std::allocator<char> > const&, std::__cxx11::basic_string<char, std::char_traits<char>, std::allocator<char> > const&, std::vector<unsigned long, std::allocator<unsigned long> > const&) const
calls=1 0 
0 616 153 77 30 10 0 20 4
0 6 3 1
cob=(2)
cfi=(51)
cfn=(1948)
calls=1 0 
0 99 31 15
0 12 5 1 1 0 0 1
cob=(2)
cfi=(51)
cfn=(1948)
calls=1 0 
0 99 31 15
0 7 2 2 1 0 0 1
cfn=(1884)
calls=1 0 
0 55 14 10
0 4 1 1
cfn=(3606) stan::io::array_var_context::vals_r(std::__cxx11::basic_string<char, std::char_traits<char>, std::allocator<char> > const&) const
calls=1 0 
0 273 66 43 6 3 0 2
0 220 56 27 2 0 0 2
cob=(2)
cfi=(51)
cfn=(1948)
calls=1 0 
0 99 31 15
0 12 9 0 1 0 0 1

fn=(1914)
0 35931 0 15399 3 0 0 2
cob=(2)
cfi=(51)
cfn=(1822)
calls=5133 0 
0 82512 15467 0 5014 76 0 3 56
0 46197 15399 0 0 3
cob=(2)
cfi=(51)
cfn=(1910)
calls=5133 0 
0 291164 60824 44041 38 53 64 16 3 42

fn=(1962) cmdstan::arg_init::arg_init()
0 13 1 8 1 0 0 1
cfn=(1936)
calls=1 0 
0 311 66 79 0 0 4 0 0 4
0 8 1 2 1 0 0 1
cob=(2)
cfi=(51)
cfn=(1910)
calls=1 0 
0 78 15 11
0 8 0 3 1 0 0 1
cfn=(1884)
calls=1 0 
0 287 61 49 3 4 4 1 3 4
0 8 0 3
cfn=(1884)
calls=1 0 
0 128 31 21
0 8 0 3 1 0 0 1
cfn=(1884)
calls=1 0 
0 273 55 43 0 1 1 0 1 1
0 8 0 3 1 0 0 1
cfn=(1884)
calls=1 0 
0 272 55 43
0 5 0 1
cfn=(1966)
calls=1 0 
0 484 118 79 8 1 1 8 0 1
0 5 0 1
cfn=(1966)
calls=1 0 
0 354 97 60 0 1 2
0 5 0 1 1 0 0 1
cfn=(1966)
calls=1 0 
0 509 127 87 0 0 5 0 0 5
0 3 0 1
cob=(2)
cfi=(51)
cfn=(1938)
calls=1 0 
0 31 8 8
0 21 8 1 2 0 0 2
cob=(2)
cfi=(51)
cfn=(1948)
calls=1 0 
0 99 31 15
0 6 3 1 1 0 0 1
cob=(2)
cfi=(51)
cfn=(1948)
calls=1 0 
0 99 31 15
0 6 3 1
cob=(2)
cfi=(51)
cfn=(1948)
calls=1 0 
0 99 31 15
0 6 1 1 1 0 0 1
cob=(2)
cfi=(51)
cfn=(1910)
calls=1 0 
0 81 15 11
0 7 1 1
cob=(2)
cfi=(51)
cfn=(1910)
calls=1 0 
0 60 12 9
0 3 0 1 1 0 0 1
cob=(2)
cfi=(51)
cfn=(1942)
calls=1 0 
0 46 15 9
0 11 9

fn=(2094) cmdstan::arg_sample::arg_sample()
0 30 2 18 3 0 0 3
cfn=(1914)
calls=1 0 
0 110 21 14 0 1 0 0 1
0 3 0 1
cfn=(1914)
calls=1 0 
0 400 86 66 0 1 1 0 1 1
0 2 0 1
cob=(2)
cfi=(51)
cfn=(1004)
calls=1 0 
0 213 43 38 0 0 1 0 0 1
0 6 0 1 1 0 0 1
cfn=(2096)
calls=1 0 
0 2058 560 356 50 37 10 21 4 3
0 6 0 2
cfn=(1932)
calls=1 0 
0 129 29 20
0 2 0 1 1 0 0 1
cob=(2)
cfi=(51)
cfn=(1004)
calls=1 0 
0 323 55 43 2 0 1 1 0 1
0 6 0 1
cfn=(2096)
calls=1 0 
0 1220 255 211 0 0 2 0 0 2
0 4 0 2
cfn=(1932)
calls=1 0 
0 252 65 39
0 2 0 1
cob=(2)
cfi=(51)
cfn=(1004)
calls=1 0 
0 282 54 42 0 0 1 0 0 1
0 5 0 1 1 0 0 1
cfn=(2088)
calls=1 0 
0 1325 282 235 0 1 3 0 1 3
0 4 0 2
cfn=(1932)
calls=1 0 
0 424 101 73 5 0 0 3
0 2 0 1
cob=(2)
cfi=(51)
cfn=(1004)
calls=1 0 
0 199 38 30 0 0 1 0 0 1
0 6 0 1 1 0 0 1
cfn=(2108)
calls=1 0 
0 1147 239 196 12 1 3 12 1 3
0 4 0 2
cfn=(1932)
calls=1 0 
0 9 4 2
0 2 0 1
cob=(2)
cfi=(51)
cfn=(1004)
calls=1 0 
0 203 39 30 0 0 1 0 0 1
0 19 0 11 2 0 1 2 0 1
cfn=(1914)
calls=1 0 
0 110 21 14 0 1 0 0 1
0 3 0 1
cfn=(1914)
calls=1 0 
0 381 80 59 0 1 0 0 1
0 2 0 1
cob=(2)
cfi=(51)
cfn=(1004)
calls=1 0 
0 199 38 30 0 0 1 0 0 1
0 5 0 2
cfn=(2110) cmdstan::arg_single_bool::arg_single_bool(char const*, char const*, bool) [clone .constprop.0]
calls=1 0 
0 1253 268 219 9 1 4 9 1 4
0 5 1 2 1 0 0 1
cfn=(1932)
calls=1 0 
0 129 29 20
0 2 0 1
cob=(2)
cfi=(51)
cfn=(1004)
calls=1 0 
0 199 38 30 0 0 1 0 0 1
0 6 1 2 0 1 0 0 1
cfn=(2112)
calls=1 0 
0 17562 4714 2511 331 211 34 217 32 4
0 5 1 2 1 0 0 1
cfn=(1932)
calls=1 0 
0 252 65 39 12 3 1
0 2 0 1
cob=(2)
cfi=(51)
cfn=(1004)
calls=1 0 
0 199 38 30 10 1 1 0 0 1
0 8 3 2 1 2 0 1 1
cfn=(2248)
calls=1 0 
0 9470 2058 1546 140 16 5 39 3 5
0 5 1 2
cfn=(1932)
calls=1 0 
0 250 65 39 2
0 2 0 1
cob=(2)
cfi=(51)
cfn=(1004)
calls=1 0 
0 199 38 30 3 0 1 0 0 1
0 6 1 2 1 0 0 1
cfn=(2112)
calls=1 0 
0 4599 1093 802 47 0 3 0 0 3
0 5 1 2
cfn=(1932)
calls=1 0 
0 9 4 2
0 2 0 1
cob=(2)
cfi=(51)
cfn=(1004)
calls=1 0 
0 199 38 30 3 0 1 0 0 1
0 6 1 2 1 0 0 1
cfn=(2112)
calls=1 0 
0 4477 1098 791 65 1 6 25 0 4
0 5 1 2
cfn=(1932)
calls=1 0 
0 395 89 61 7 0 1 0 0 1
0 2 0 1
cob=(2)
cfi=(51)
cfn=(1004)
calls=1 0 
0 199 38 30 0 1 1 0 0 1
0 6 0 2 1 0 0 1
cfn=(2262) cmdstan::arg_single_u_int::arg_single_u_int(char const*, char const*, unsigned int)
calls=1 0 
0 1122 242 195 21 3 3 13 2 3
0 5 1 2
cfn=(1932)
calls=1 0 
0 9 4 2
0 2 0 1
cob=(2)
cfi=(51)
cfn=(1004)
calls=1 0 
0 199 38 30 0 0 1 0 0 1
0 6 0 2 1 0 0 1
cfn=(2262)
calls=1 0 
0 978 218 173 0 1 2 0 0 2
0 5 1 2
cfn=(1932)
calls=1 0 
0 9 4 2
0 2 0 1
cob=(2)
cfi=(51)
cfn=(1004)
calls=1 0 
0 199 38 30 0 0 1 0 0 1
0 6 0 2 1 0 0 1
cfn=(2262)
calls=1 0 
0 1126 242 195 0 2 4 0 2 4
0 5 1 2
cfn=(1932)
calls=1 0 
0 9 4 2
0 2 0 1
cob=(2)
cfi=(51)
cfn=(1004)
calls=1 0 
0 199 38 30 0 0 1 0 0 1
0 5 0 2 1 0 0 1
cfn=(2088)
calls=1 0 
0 1251 268 219 6 1 3 0 0 3
0 5 1 2
cfn=(1932)
calls=1 0 
0 251 65 39 0 1
0 4 0 2
cfn=(1932)
calls=1 0 
0 251 65 39 0 2
0 2 0 1
cob=(2)
cfi=(51)
cfn=(1004)
calls=1 0 
0 199 38 30 0 0 1 0 0 1
0 31 0 18 3 0 2 3 0 2
cob=(2)
cfi=(51)
cfn=(1910)
calls=1 0 
0 76 15 11
0 5 0 2
cfn=(1914)
calls=1 0 
0 108 21 14
0 3 0 1 1 0 0 1
cfn=(1914)
calls=1 0 
0 237 56 37
0 2 0 1
cob=(2)
cfi=(51)
cfn=(1004)
calls=1 0 
0 203 39 30 0 0 1 0 0 1
0 3 0 1
cfn=(2264)
calls=1 0 
0 29464 6528 5021 278 14 50 28 10 50
0 4 0 2
cfn=(1932)
calls=1 0 
0 129 29 20
0 2 0 1
cob=(2)
cfi=(51)
cfn=(1004)
calls=1 0 
0 203 39 30 4 0 1 0 0 1
0 16 0 10 2 0 1 2 0 1
cfn=(1914)
calls=1 0 
0 108 21 14
0 3 0 1
cfn=(1914)
calls=1 0 
0 237 56 37 1
0 4 0 2
cfn=(1932)
calls=1 0 
0 252 65 39
0 5 0 3 1 0 0 1
cfn=(1932)
calls=1 0 
0 9 4 2
0 2 0 1
cob=(2)
cfi=(51)
cfn=(1004)
calls=1 0 
0 199 38 30 0 0 1 0 0 1
0 6 0 1
cfn=(2108)
calls=1 0 
0 1074 237 194 14 0 3 0 0 3
0 4 0 2
cfn=(1932)
calls=1 0 
0 9 4 2
0 11 9 0 1 0 0 1

fn=(2108)
0 240 16 112 6 0 0 2
cfn=(1908)
calls=16 0 
0 4464 976 976 11 0 33 0 0 33
0 64 0 32
cob=(2)
cfi=(51)
cfn=(1822)
calls=16 0 
0 256 48 0 0 5 0 0 3
0 96 16 16 3 0 0 1
cob=(2)
cfi=(51)
cfn=(1910)
calls=16 0 
0 1224 240 176
0 32 0 16
cob=(2)
cfi=(51)
cfn=(1822)
calls=16 0 
0 344 60 0 0 3 0 0 2
0 96 16 16
cob=(2)
cfi=(51)
cfn=(1910)
calls=16 0 
0 5335 1138 844 2 0 14 0 0 14
0 112 0 32 2 0 0 1
cfn=(1884)
calls=16 0 
0 912 224 160
0 32 0 16
cob=(2)
cfi=(51)
cfn=(1822)
calls=16 0 
0 256 48
0 128 16 16
cob=(2)
cfi=(51)
cfn=(1968)
calls=16 0 
0 2354 512 356 0 0 4 0 0 4
0 48 0 16 5 0 0 1
cob=(2)
cfi=(51)
cfn=(1942)
calls=16 0 
0 2360 546 386 4 0 4 0 0 4
0 66 22 6
cob=(2)
cfi=(51)
cfn=(1948)
calls=6 0 
0 594 186 90 2
0 48 0 16
cfn=(2098)
calls=16 0 
0 1498 280 272 39 0 0 3
0 513 192 70 19 0 0 3
cob=(2)
cfi=(51)
cfn=(1886)
calls=11 0 
0 202 44 22
0 122 64 37 6 0 0 2

fn=(2306)
0 66 9 24 2 0 0 2
cob=(2)
cfi=(51)
cfn=(2296)
calls=3 0 
0 210 51 18 0 1 0 0 1
0 51 30 3 2 0 0 2
cob=(2)
cfi=(51)
cfn=(2296)
calls=3 0 
0 210 51 18 0 1 0 0 1
0 48 3 21 2 0 0 2
cfn=(2290)
calls=3 0 
0 984 237 161 0 0 2
0 9 0 3
cfn=(2308)
calls=3 0 
0 121 29 3 3 1 0 2
0 36 6 3 1 0 0 1
cfn=(2310)
calls=3 0 
0 27 9 3 1 0 0 1
0 9 3 6 1 0 0 1
cob=(2)
cfi=(51)
cfn=(2312)
calls=3 0 
0 18 12 0 2 1 0 2
0 24 6 9
cob=(2)
cfi=(51)
cfn=(2316)
calls=3 0 
0 365 62 33 12 4 0 12
0 51 21 6 1 2 0 1
cfn=(2336) cmdstan::arg_single_int_nonneg::is_valid(int)
calls=2 0 
0 10 2 0 1 0 0 1
cfn=(2322) cmdstan::arg_id::is_valid(int)
calls=1 0 
0 5 1 0 1 0 0 1
0 24 6 6 2 0 3 2

fn=(2332) cmdstan::arg_seed::is_valid(long long)
0 6 1 0 2 0 0 2

fn=(2338)
0 22 3 8 2 0 0 2
cob=(2)
cfi=(51)
cfn=(2296)
calls=1 0 
0 70 17 6
0 18 10 1 2 0 0 2
cob=(2)
cfi=(51)
cfn=(2296)
calls=1 0 
0 70 17 6
0 18 1 8 2 0 0 2
cfn=(2290)
calls=1 0 
0 296 75 51
0 3 0 1
cfn=(2308)
calls=1 0 
0 37 9 1
0 11 3 1 1 0 0 1
cfn=(2310)
calls=1 0 
0 9 3 1
0 3 0 1 1 0 0 1
cfn=(2340) cmdstan::internal::from_string(std::__cxx11::basic_string<char, std::char_traits<char>, std::allocator<char> >&, bool&)
calls=1 0 
0 283 69 35 4 2 0 4
0 8 3 1 0 1 1

fn=(2676) cmdstan::internal::to_string[abi:cxx11](double&)
0 252 18 108 10 0 0 3
cob=(2)
cfi=(51)
cfn=(2114)
calls=18 0 
0 15372 4716 3564 175 30
0 54 18 18 0 13
cob=(2)
cfi=(51)
cfn=(2118)
calls=18 0 
0 42288 9564 6543 1039 97 45 1 1
0 324 54 72 2 0 0 2
cob=(2)
cfi=(51)
cfn=(1910)
calls=18 0 
0 1314 252 186 39 1
0 324 18 90 4 0 0 4
cob=(2)
cfi=(51)
cfn=(2678)
calls=18 0 
0 180 90 18 1 1
0 342 162 144 2 6 0 2
cob=(2)
cfi=(51)
cfn=(2680)
calls=18 0 
0 1026 378 216 34 2
0 204 126 0 3 0 0 2

fn=(2726) cmdstan::file::safe_open(std::__cxx11::basic_string<char, std::char_traits<char>, std::allocator<char> > const&)
0 17 2 8 2 0 0 2
cob=(2)
cfi=(51)
cfn=(2728)
calls=1 0 
0 87 13 30 4 1
0 18 4 9 2 2 0 2
cob=(2)
cfi=(51)
cfn=(2730)
calls=1 0 
0 223 76 44 20 3 0 1
0 7 0 3 1 0 0 1
cob=(2)
cfi=(51)
cfn=(2732)
calls=1 0 
0 4211 1232 623 18 43 12 17 3
0 3 0 1
cob=(2)
cfi=(51)
cfn=(2730)
calls=1 0 
0 223 76 44
0 4 0 1
cob=(2)
cfi=(51)
cfn=(2758)
calls=1 0 
0 4752 1356 725 74 72 6 20 10 1
0 7 2 1 0 1
cob=(2)
cfi=(51)
cfn=(2794)
calls=1 0 
0 9 4 1 2 1 0 2
0 3 0 1 1 0 0 1
cob=(2)
cfi=(51)
cfn=(2296)
calls=1 0 
0 48 10 5
0 16 10

fn=(2870) boost::range_value<std::vector<std::__cxx11::basic_string<char, std::char_traits<char>, std::allocator<char> >, std::allocator<std::__cxx11::basic_string<char, std::char_traits<char>, std::allocator<char> > > > >::type boost::algorithm::join<std::vector<std::__cxx11::basic_string<char, std::char_traits<char>, std::allocator<char> >, std::allocator<std::__cxx11::basic_string<char, std::char_traits<char>, std::allocator<char> > > >, char [2]>(std::vector<std::__cxx11::basic_string<char, std::char_traits<char>, std::allocator<char> >, std::allocator<std::__cxx11::basic_string<char, std::char_traits<char>, std::allocator<char> > > > const&, char const (&) [2])
0 3045516 580094 1305229 2 12 30 2
cob=(2)
cfi=(51)
cfn=(1910)
calls=145021 0 
0 8701308 1740261 1305195 9 9 10
0 1595266 870156 0 1 0 0 1

fn=(2872) void std::vector<std::__cxx11::basic_string<char, std::char_traits<char>, std::allocator<char> >, std::allocator<std::__cxx11::basic_string<char, std::char_traits<char>, std::allocator<char> > > >::_M_realloc_insert<std::__cxx11::basic_string<char, std::char_traits<char>, std::allocator<char> > const&>(__gnu_cxx::__normal_iterator<std::__cxx11::basic_string<char, std::char_traits<char>, std::allocator<char> >*, std::vector<std::__cxx11::basic_string<char, std::char_traits<char>, std::allocator<char> >, std::allocator<std::__cxx11::basic_string<char, std::char_traits<char>, std::allocator<char> > > > >, std::__cxx11::basic_string<char, std::char_traits<char>, std::allocator<char> > const&)
0 42 4 11 3 0 0 3
cfn=(1906)
calls=1 0 
0 35 11 8
0 24 8 5 4 0 0 4
cob=(2)
cfi=(51)
cfn=(1004)
calls=1 0 
0 59 15 8 0 1
0 14 2 1 2 0 0 2

fn=(2900)
0 50 16 0 3 0 0 3

fn=(2982) boost::re_detail_500::basic_regex_creator<char, boost::regex_traits<char, boost::cpp_regex_traits<char> > >::append_set(boost::re_detail_500::basic_char_set<char, boost::regex_traits<char, boost::cpp_regex_traits<char> > > const&, std::integral_constant<bool, true>*) [clone .isra.0]
0 34 2 18 2 0 0 2
cfn=(2966) boost::re_detail_500::basic_regex_creator<char, boost::regex_traits<char, boost::cpp_regex_traits<char> > >::append_state(boost::re_detail_500::syntax_element_type, unsigned long)
calls=2 0 
0 96 24 24 0 0 1
0 2663 518 74 2 0 8 2
cob=(2)
cfi=(51)
cfn=(2986)
calls=1 0 
0 18 8 0 3 0 0 2
0 271 89 35 16 0 0 16

fn=(2992) boost::re_detail_500::basic_regex_parser<char, boost::regex_traits<char, boost::cpp_regex_traits<char> > >::parse_repeat(unsigned long, unsigned long)
0 42 8 10 5 0 0 5
cfn=(2994) boost::re_detail_500::basic_regex_creator<char, boost::regex_traits<char, boost::cpp_regex_traits<char> > >::insert_state(long, boost::re_detail_500::syntax_element_type, unsigned long)
calls=1 0 
0 111 28 23 10 2 4 4
0 11 3 4 1 0 0 1
cfn=(2966)
calls=1 0 
0 48 12 12 0 0 1
0 31 12 3 3 0 0 3

fn=(2996) boost::re_detail_500::basic_regex_parser<char, boost::regex_traits<char, boost::cpp_regex_traits<char> > >::unwind_alts(long)
0 28 12 3 3 0 0 3

fn=(3002) boost::re_detail_500::basic_regex_creator<char, boost::regex_traits<char, boost::cpp_regex_traits<char> > >::create_startmaps(boost::re_detail_500::re_syntax_base*)
0 114 21 16 6 0 0 6
cfn=(3006) boost::re_detail_500::basic_regex_creator<char, boost::regex_traits<char, boost::cpp_regex_traits<char> > >::create_startmap(boost::re_detail_500::re_syntax_base*, unsigned char*, unsigned int*, unsigned char)
calls=1 0 
0 1670 279 82 12 1 0 12 1
0 9 2 2 1 0 0 1
cfn=(3006)
calls=1 0 
0 133 40 37 7 1 0 7 1
0 30 19 1 1 0 0 1
cob=(2)
cfi=(51)
cfn=(1948)
calls=1 0 
0 99 31 15
0 13 3 3 3 0 0 3
cfn=(3004) void std::vector<std::pair<bool, boost::re_detail_500::re_syntax_base*>, std::allocator<std::pair<bool, boost::re_detail_500::re_syntax_base*> > >::_M_realloc_insert<std::pair<bool, boost::re_detail_500::re_syntax_base*> >(__gnu_cxx::__normal_iterator<std::pair<bool, boost::re_detail_500::re_syntax_base*>*, std::vector<std::pair<bool, boost::re_detail_500::re_syntax_base*>, std::allocator<std::pair<bool, boost::re_detail_500::re_syntax_base*> > > >, std::pair<bool, boost::re_detail_500::re_syntax_base*>&&)
calls=1 0 
0 125 27 20 6 0 0 6
0 1

fn=(3004)
0 54 10 12 5 0 0 5
cob=(2)
cfi=(51)
cfn=(1004)
calls=1 0 
0 59 15 8
0 12 2 0 1 0 0 1

fn=(3038) boost::match_results<__gnu_cxx::__normal_iterator<char const*, std::__cxx11::basic_string<char, std::char_traits<char>, std::allocator<char> > >, std::allocator<boost::sub_match<__gnu_cxx::__normal_iterator<char const*, std::__cxx11::basic_string<char, std::char_traits<char>, std::allocator<char> > > > > >::~match_results()
0 35 5 10 2 0 0 2
cfn=(3020)
calls=5 0 
0 60 20 10
0 35 15 0 1 0 0 1
cob=(2)
cfi=(51)
cfn=(1948)
calls=5 0 
0 495 155 75

fn=(3042) std::map<std::__cxx11::basic_string<char, std::char_traits<char>, std::allocator<char> >, int, std::less<std::__cxx11::basic_string<char, std::char_traits<char>, std::allocator<char> > >, std::allocator<std::pair<std::__cxx11::basic_string<char, std::char_traits<char>, std::allocator<char> > const, int> > >::operator[](std::__cxx11::basic_string<char, std::char_traits<char>, std::allocator<char> > const&)
0 981171 200230 240329 2 31 1 2
cob=(2)
cfi=(51)
cfn=(2304)
calls=60059 0 
0 720726 240236 0 0 6
0 780800 100109 20024 1 5 0 1
cob=(2)
cfi=(51)
cfn=(2304)
calls=20024 0 
0 240306 80096
0 400536 140210 10 4 0 0 2
cob=(2)
cfi=(51)
cfn=(1004)
calls=10 0 
0 1410 275 200 3 18 9 0 0 1
0 110 30 20
cfn=(1906)
calls=10 0 
0 390 116 84
0 50 10 20 3 0 1 1
cfn=(3044)
calls=10 0 
0 726 218 110 13 2 1 12
0 96 26 4
cfn=(3060)
calls=4 0 
0 120 28 12
0 42 6 6 1 0 0 1
cob=(2)
cfi=(51)
cfn=(2956)
calls=6 0 
0 172 34 48 5 3
0 16 4 4
cob=(2)
cfi=(51)
cfn=(2956)
calls=4 0 
0 100 24 28 8 2 0 3
0 30 10 10

fn=(3096) std::_Rb_tree<std::__cxx11::basic_string<char, std::char_traits<char>, std::allocator<char> >, std::pair<std::__cxx11::basic_string<char, std::char_traits<char>, std::allocator<char> > const, stan::json::array_dims>, std::_Select1st<std::pair<std::__cxx11::basic_string<char, std::char_traits<char>, std::allocator<char> > const, stan::json::array_dims> >, std::less<std::__cxx11::basic_string<char, std::char_traits<char>, std::allocator<char> > >, std::allocator<std::pair<std::__cxx11::basic_string<char, std::char_traits<char>, std::allocator<char> > const, stan::json::array_dims> > >::_M_get_insert_hint_unique_pos(std::_Rb_tree_const_iterator<std::pair<std::__cxx11::basic_string<char, std::char_traits<char>, std::allocator<char> > const, stan::json::array_dims> >, std::__cxx11::basic_string<char, std::char_traits<char>, std::allocator<char> > const&)
0 40 4 14 3 0 0 2
cob=(2)
cfi=(51)
cfn=(2304)
calls=1 0 
0 12 4
0 19 8 0 3 0 0 2
cfn=(3098) std::_Rb_tree<std::__cxx11::basic_string<char, std::char_traits<char>, std::allocator<char> >, std::pair<std::__cxx11::basic_string<char, std::char_traits<char>, std::allocator<char> > const, stan::json::array_dims>, std::_Select1st<std::pair<std::__cxx11::basic_string<char, std::char_traits<char>, std::allocator<char> > const, stan::json::array_dims> >, std::less<std::__cxx11::basic_string<char, std::char_traits<char>, std::allocator<char> > >, std::allocator<std::pair<std::__cxx11::basic_string<char, std::char_traits<char>, std::allocator<char> > const, stan::json::array_dims> > >::_M_get_insert_unique_pos(std::__cxx11::basic_string<char, std::char_traits<char>, std::allocator<char> > const&)
calls=1 0 
0 30 10 8 4 0 0 4
0 12 8 0 1 0 0 1

fn=(3110)
0 131 16 47 10 1 4 7
cob=(2)
cfi=(51)
cfn=(1004)
calls=7 0 
0 3100 577 445 53 41 21 6 0 5
0 116 16 23 5 0 0 4
cob=(2)
cfi=(51)
cfn=(1946)
calls=7 0 
0 340224 182531 182498 9 33142 33127 1 91 31248
0 57 32 8 0 3 5

fn=(3146) stan::json::json_data_handler::end_object()
0 33 12 8 4 0 0 4
cfn=(3064) stan::json::json_data_handler::save_key_value_pair()
calls=1 0 
0 2599 637 389 37 12 4 37

fn=(3182) std::_Rb_tree_node<std::pair<std::__cxx11::basic_string<char, std::char_traits<char>, std::allocator<char> > const, std::pair<std::vector<int, std::allocator<int> >, std::vector<unsigned long, std::allocator<unsigned long> > > > >* std::_Rb_tree<std::__cxx11::basic_string<char, std::char_traits<char>, std::allocator<char> >, std::pair<std::__cxx11::basic_string<char, std::char_traits<char>, std::allocator<char> > const, std::pair<std::vector<int, std::allocator<int> >, std::vector<unsigned long, std::allocator<unsigned long> > > >, std::_Select1st<std::pair<std::__cxx11::basic_string<char, std::char_traits<char>, std::allocator<char> > const, std::pair<std::vector<int, std::allocator<int> >, std::vector<unsigned long, std::allocator<unsigned long> > > > >, std::less<std::__cxx11::basic_string<char, std::char_traits<char>, std::allocator<char> > >, std::allocator<std::pair<std::__cxx11::basic_string<char, std::char_traits<char>, std::allocator<char> > const, std::pair<std::vector<int, std::allocator<int> >, std::vector<unsigned long, std::allocator<unsigned long> > > > > >::_M_copy<false, std::_Rb_tree<std::__cxx11::basic_string<char, std::char_traits<char>, std::allocator<char> >, std::pair<std::__cxx11::basic_string<char, std::char_traits<char>, std::allocator<char> > const, std::pair<std::vector<int, std::allocator<int> >, std::vector<unsigned long, std::allocator<unsigned long> > > >, std::_Select1st<std::pair<std::__cxx11::basic_string<char, std::char_traits<char>, std::allocator<char> > const, std::pair<std::vector<int, std::allocator<int> >, std::vector<unsigned long, std::allocator<unsigned long> > > > >, std::less<std::__cxx11::basic_string<char, std::char_traits<char>, std::allocator<char> > >, std::allocator<std::pair<std::__cxx11::basic_string<char, std::char_traits<char>, std::allocator<char> > const, std::pair<std::vector<int, std::allocator<int> >, std::vector<unsigned long, std::allocator<unsigned long> > > > > >::_Alloc_node>(std::_Rb_tree_node<std::pair<std::__cxx11::basic_string<char, std::char_traits<char>, std::allocator<char> > const, std::pair<std::vector<int, std::allocator<int> >, std::vector<unsigned long, std::allocator<unsigned long> > > > >*, std::_Rb_tree_node_base*, std::_Rb_tree<std::__cxx11::basic_string<char, std::char_traits<char>, std::allocator<char> >, std::pair<std::__cxx11::basic_string<char, std::char_traits<char>, std::allocator<char> > const, std::pair<std::vector<int, std::allocator<int> >, std::vector<unsigned long, std::allocator<unsigned long> > > >, std::_Select1st<std::pair<std::__cxx11::basic_string<char, std::char_traits<char>, std::allocator<char> > const, std::pair<std::vector<int, std::allocator<int> >, std::vector<unsigned long, std::allocator<unsigned long> > > > >, std::less<std::__cxx11::basic_string<char, std::char_traits<char>, std::allocator<char> > >, std::allocator<std::pair<std::__cxx11::basic_string<char, std::char_traits<char>, std::allocator<char> > const, std::pair<std::vector<int, std::allocator<int> >, std::vector<unsigned long, std::allocator<unsigned long> > > > > >::_Alloc_node&) [clone .isra.0]
0 12 0 8 1 0 0 1
cob=(2)
cfi=(51)
cfn=(1004)
calls=1 0 
0 391 56 42 3 9 6
0 8 2 2 1 1 0 1
cfn=(1906)
calls=1 0 
0 35 11 8 0 1
0 3 0 1
cfn=(3072) std::vector<int, std::allocator<int> >::vector(std::vector<int, std::allocator<int> > const&)
calls=1 0 
0 111 27 20 2 1 0 2
0 3 0 1
cfn=(3074)
calls=1 0 
0 31 8 8
0 11 3 5 1 0 0 1
cfn=(3183) std::_Rb_tree_node<std::pair<std::__cxx11::basic_string<char, std::char_traits<char>, std::allocator<char> > const, std::pair<std::vector<int, std::allocator<int> >, std::vector<unsigned long, std::allocator<unsigned long> > > > >* std::_Rb_tree<std::__cxx11::basic_string<char, std::char_traits<char>, std::allocator<char> >, std::pair<std::__cxx11::basic_string<char, std::char_traits<char>, std::allocator<char> > const, std::pair<std::vector<int, std::allocator<int> >, std::vector<unsigned long, std::allocator<unsigned long> > > >, std::_Select1st<std::pair<std::__cxx11::basic_string<char, std::char_traits<char>, std::allocator<char> > const, std::pair<std::vector<int, std::allocator<int> >, std::vector<unsigned long, std::allocator<unsigned long> > > > >, std::less<std::__cxx11::basic_string<char, std::char_traits<char>, std::allocator<char> > >, std::allocator<std::pair<std::__cxx11::basic_string<char, std::char_traits<char>, std::allocator<char> > const, std::pair<std::vector<int, std::allocator<int> >, std::vector<unsigned long, std::allocator<unsigned long> > > > > >::_M_copy<false, std::_Rb_tree<std::__cxx11::basic_string<char, std::char_traits<char>, std::allocator<char> >, std::pair<std::__cxx11::basic_string<char, std::char_traits<char>, std::allocator<char> > const, std::pair<std::vector<int, std::allocator<int> >, std::vector<unsigned long, std::allocator<unsigned long> > > >, std::_Select1st<std::pair<std::__cxx11::basic_string<char, std::char_traits<char>, std::allocator<char> > const, std::pair<std::vector<int, std::allocator<int> >, std::vector<unsigned long, std::allocator<unsigned long> > > > >, std::less<std::__cxx11::basic_string<char, std::char_traits<char>, std::allocator<char> > >, std::allocator<std::pair<std::__cxx11::basic_string<char, std::char_traits<char>, std::allocator<char> > const, std::pair<std::vector<int, std::allocator<int> >, std::vector<unsigned long, std::allocator<unsigned long> > > > > >::_Alloc_node>(std::_Rb_tree_node<std::pair<std::__cxx11::basic_string<char, std::char_traits<char>, std::allocator<char> > const, std::pair<std::vector<int, std::allocator<int> >, std::vector<unsigned long, std::allocator<unsigned long> > > > >*, std::_Rb_tree_node_base*, std::_Rb_tree<std::__cxx11::basic_string<char, std::char_traits<char>, std::allocator<char> >, std::pair<std::__cxx11::basic_string<char, std::char_traits<char>, std::allocator<char> > const, std::pair<std::vector<int, std::allocator<int> >, std::vector<unsigned long, std::allocator<unsigned long> > > >, std::_Select1st<std::pair<std::__cxx11::basic_string<char, std::char_traits<char>, std::allocator<char> > const, std::pair<std::vector<int, std::allocator<int> >, std::vector<unsigned long, std::allocator<unsigned long> > > > >, std::less<std::__cxx11::basic_string<char, std::char_traits<char>, std::allocator<char> > >, std::allocator<std::pair<std::__cxx11::basic_string<char, std::char_traits<char>, std::allocator<char> > const, std::pair<std::vector<int, std::allocator<int> >, std::vector<unsigned long, std::allocator<unsigned long> > > > > >::_Alloc_node&) [clone .isra.0]'2
calls=1 0 
0 463 105 93 1 6 3 1
0 8 1 2 1 0 0 1
cob=(2)
cfi=(51)
cfn=(1004)
calls=1 0 
0 219 44 39 0 0 2
0 8 2 2 0 1
cfn=(1906)
calls=1 0 
0 35 11 8
0 12 2 3 1 0 0 1
cob=(2)
cfi=(51)
cfn=(1004)
calls=1 0 
0 55 15 8 0 1
0 15 2 3 1 0 0 1
cob=(2)
cfi=(51)
cfn=(1946)
calls=1 0 
0 17 4 2 0 1
0 45 14 11 3 2 0 3

fn=(3183)
0 12 0 8
cob=(2)
cfi=(51)
cfn=(1004)
calls=1 0 
0 219 44 39 0 1 3
0 8 2 2 0 1
cfn=(1906)
calls=1 0 
0 55 14 10 0 1
0 3 0 1
cfn=(3072)
calls=1 0 
0 111 27 20 0 3
0 3 0 1
cfn=(3074)
calls=1 0 
0 31 8 8
0 21 10 4 1 0 0 1

fn=(3222)
0 54 6 15 2 0 0 2
cfn=(3068)
calls=3 0 
0 391 96 30
0 18 0 3
cfn=(3068)
calls=3 0 
0 391 96 30
0 9 0 3
cfn=(3072)
calls=3 0 
0 333 81 60 0 6 1 0 1 1
0 21 15 0 1 0 0 1

fn=(3236)
0 58 20 18 3 0 1 3

fn=(3238) cmdstan::file::make_filenames(std::__cxx11::basic_string<char, std::char_traits<char>, std::allocator<char> > const&, std::__cxx11::basic_string<char, std::char_traits<char>, std::allocator<char> > const&, std::__cxx11::basic_string<char, std::char_traits<char>, std::allocator<char> > const&, unsigned int, unsigned int)
0 28 1 13 2 0 2 2
cob=(2)
cfi=(51)
cfn=(1004)
calls=1 0 
0 59 15 8 0 1 1
0 17 1 7 2 0 0 2
cob=(2)
cfi=(51)
cfn=(2292)
calls=1 0 
0 64 11 3 10 2 0 1 1
0 19 10 2 2 0 0 2
cfn=(2716)
calls=1 0 
0 1205 301 191 23 9 8 18 2
0 19 6 3 2 0 0 2
cfn=(2594) std::__cxx11::basic_string<char, std::char_traits<char>, std::allocator<char> > std::operator+<char, std::char_traits<char>, std::allocator<char> >(std::__cxx11::basic_string<char, std::char_traits<char>, std::allocator<char> > const&, std::__cxx11::basic_string<char, std::char_traits<char>, std::allocator<char> > const&)
calls=1 0 
0 181 47 32 2 1 0 2
0 5 0 1
cfn=(1966)
calls=1 0 
0 60 17 13 4 0 0 4
0 4 2 1 1 0 0 1
cob=(2)
cfi=(51)
cfn=(1968)
calls=1 0 
0 308 83 49 0 4 1
0 19 6 8 1 0 0 1
cob=(2)
cfi=(51)
cfn=(1938)
calls=1 0 
0 31 8 8
0 16 5 1 2 0 0 2
cfn=(3240) std::pair<std::__cxx11::basic_string<char, std::char_traits<char>, std::allocator<char> >, std::__cxx11::basic_string<char, std::char_traits<char>, std::allocator<char> > >::~pair()
calls=1 0 
0 114 35 16 1 1 0 1
0 9 2 2 1 0 0 1
cfn=(1820)
calls=1 0 
0 68 13 11 0 0 1
0 5 0 1 2 0 0 2
cob=(2)
cfi=(51)
cfn=(2296)
calls=1 0 
0 74 15 6 2 3 0 0 1
0 2

fn=(3242) cmdstan::file::safe_create(std::__cxx11::basic_string<char, std::char_traits<char>, std::allocator<char> > const&, int)
0 13 1 7 2 0 0 2
cob=(2)
cfi=(51)
cfn=(1004)
calls=1 0 
0 59 15 8 0 3
0 4 0 1
cob=(2)
cfi=(51)
cfn=(2728)
calls=1 0 
0 87 13 30 0 0 4
0 16 3 8 1 2 1 1 1
cob=(2)
cfi=(51)
cfn=(2730)
calls=1 0 
0 223 76 44 1 1 0 1 1
0 7 0 3 1 0 0 1
cob=(2)
cfi=(51)
cfn=(2732)
calls=1 0 
0 341 110 87 13 12 3 1 1
0 3 0 1
cob=(2)
cfi=(51)
cfn=(2730)
calls=1 0 
0 223 76 44
0 4 0 1
cob=(2)
cfi=(51)
cfn=(2758)
calls=1 0 
0 998 210 201 57 22 8 2 1
0 7 2 1 1 1 0 1 1
cob=(2)
cfi=(51)
cfn=(2794)
calls=1 0 
0 9 4 1 2 1 0 1 1
0 7 3 3
cob=(2)
cfi=(51)
cfn=(2794)
calls=1 0 
0 9 4 1
0 15 10 1 1 0 0 1

fn=(3250) void cmdstan::init_null_writers<stan::callbacks::json_writer<std::basic_ofstream<char, std::char_traits<char> >, std::default_delete<std::basic_ofstream<char, std::char_traits<char> > > > >(std::vector<stan::callbacks::json_writer<std::basic_ofstream<char, std::char_traits<char> >, std::default_delete<std::basic_ofstream<char, std::char_traits<char> > > >, std::allocator<stan::callbacks::json_writer<std::basic_ofstream<char, std::char_traits<char> >, std::default_delete<std::basic_ofstream<char, std::char_traits<char> > > > > >&, unsigned long)
0 22 0 14 1 0 0 1
cfn=(3252) std::vector<stan::callbacks::json_writer<std::basic_ofstream<char, std::char_traits<char> >, std::default_delete<std::basic_ofstream<char, std::char_traits<char> > > >, std::allocator<stan::callbacks::json_writer<std::basic_ofstream<char, std::char_traits<char> >, std::default_delete<std::basic_ofstream<char, std::char_traits<char> > > > > >::reserve(unsigned long)
calls=2 0 
0 226 52 30 4 2 0 4
0 54 18 10 2 0 1 2

fn=(3252)
0 58 6 10 2 0 0 2
cob=(2)
cfi=(51)
cfn=(1004)
calls=2 0 
0 118 30 16 0 2
0 50 16 4 2 0 0 2

fn=(3390)
0 17 3 9 1 1 0 1
cfn=(3392) model_model_namespace::model_model::model_compile_info[abi:cxx11]() const
calls=1 0 
0 725 189 130 12 4 1 12 2
0 42 10 11 2 0 0 2
cfn=(3282)
calls=2 0 
0 1381 478 234
0 14 4 2 1 0 0 1
cob=(2)
cfi=(51)
cfn=(1948)
calls=2 0 
0 198 62 30
0 25 8 2 1 0 0 1
cob=(2)
cfi=(51)
cfn=(1948)
calls=2 0 
0 198 62 30
0 11 2 1
cob=(2)
cfi=(51)
cfn=(1948)
calls=1 0 
0 99 31 15
0 19 9 2 2 0 0 2
cob=(2)
cfi=(51)
cfn=(1964)
calls=2 0 
0 146 34 16
0 14 2 6
cob=(2)
cfi=(51)
cfn=(1886)
calls=2 0 
0 27 8 4
0 6 4 0 1 0 0 1

fn=(3426) std::vector<std::unique_ptr<stan::io::array_var_context, std::default_delete<stan::io::array_var_context> >, std::allocator<std::unique_ptr<stan::io::array_var_context, std::default_delete<stan::io::array_var_context> > > >::reserve(unsigned long)
0 26 3 5 2 0 0 2
cob=(2)
cfi=(51)
cfn=(1004)
calls=1 0 
0 55 15 8
0 24 8 2 2 0 0 2

fn=(3434) int stan::services::sample::hmc_nuts_diag_e_adapt<stan::model::model_base>(stan::model::model_base&, stan::io::var_context const&, stan::io::var_context const&, unsigned int, unsigned int, double, int, int, int, bool, int, double, double, int, double, double, double, double, unsigned int, unsigned int, unsigned int, stan::callbacks::interrupt&, stan::callbacks::logger&, stan::callbacks::writer&, stan::callbacks::writer&, stan::callbacks::writer&, stan::callbacks::structured_writer&)
0 69 8 43 5 0 2 5
cfn=(3436) boost::random::mixmax_engine<17, 36u, 0l>::apply_bigskip(unsigned long*, unsigned long*, unsigned int, unsigned int, unsigned int, unsigned int) [clone .isra.0]
calls=1 0 
0 270588 32214 27371 40 282 297 37 274 13
0 15 1 7 2 1 2 2
cfn=(3438) std::vector<double, std::allocator<double> > stan::services::util::initialize<true, stan::model::model_base, stan::io::var_context, boost::random::mixmax_engine<17, 36u, 0l> >(stan::model::model_base&, stan::io::var_context const&, boost::random::mixmax_engine<17, 36u, 0l>&, double, bool, stan::callbacks::logger&, stan::callbacks::writer&)
calls=1 0 
0 1016542 327369 179517 1288 57095 3367 553 609 44
0 15 5 4 2 3 1 1
cfn=(3592)
calls=1 0 
0 1949 502 299 54 19 1 37 8
0 19 3 5 2 1 1 2
cob=(2)
cfi=(51)
cfn=(3170)
calls=1 0 
0 6 2
0 3 0 1
cfn=(3608) stan::services::util::validate_diag_inv_metric(Eigen::Matrix<double, -1, 1, 0, -1, 1> const&, stan::callbacks::logger&)
calls=1 0 
0 553 63 116 7 0 0 7
0 10 2 5 1 0 3 1
cfn=(3594)
calls=1 0 
0 88 21 14
0 7 0 4 1 0 0 1
cfn=(3594)
calls=1 0 
0 244 49 45 15 1 2
0 7 0 4
cfn=(3594)
calls=1 0 
0 244 49 45 0 0 1
0 8 0 5 1 0 1 1
cfn=(3594)
calls=1 0 
0 244 49 45 0 0 2
0 119 13 33 6 4 5 6 3
cfn=(3610) stan::mcmc::var_adaptation::var_adaptation(int)
calls=1 0 
0 799 156 167 18 2 8 14 2
0 9 0 3 1 0 0 1
cfn=(3614)
calls=1 0 
0 91 21 16 4 0 0 4
0 17 6 3 2 1 0 2
cob=(2)
cfi=(51)
cfn=(3472)
calls=1 0 
0 56 13 0 8 3
0 30 10 5 2 1 0 2
cfn=(3616) stan::mcmc::windowed_adaptation::set_window_params(unsigned int, unsigned int, unsigned int, unsigned int, stan::callbacks::logger&)
calls=1 0 
0 14910 4350 2564 141 35 8 31 8
0 16 4 5 1 0 0 1
cfn=(3632) void Eigen::internal::call_dense_assignment_loop<Eigen::Matrix<double, -1, 1, 0, -1, 1>, Eigen::Map<Eigen::Matrix<double, -1, 1, 0, -1, 1>, 0, Eigen::Stride<0, 0> >, Eigen::internal::assign_op<double, double> >(Eigen::Matrix<double, -1, 1, 0, -1, 1>&, Eigen::Map<Eigen::Matrix<double, -1, 1, 0, -1, 1>, 0, Eigen::Stride<0, 0> > const&, Eigen::internal::assign_op<double, double> const&)
calls=1 0 
0 91 21 16 4 3 0 4
0 4 1 1 1 0 0 1
cfn=(3634)
calls=1 0 
0 812 173 161 7 4 11 6
0 17 4 2 1 1 0 1 1
cfn=(3638) stan::mcmc::diag_e_metric<stan::model::model_base, boost::random::mixmax_engine<17, 36u, 0l> >::sample_p(stan::mcmc::diag_e_point&, boost::random::mixmax_engine<17, 36u, 0l>&)
calls=1 0 
0 3049 590 328 12 15 1 12 13
0 4 1 1 1 0 0 1
cfn=(3644) stan::mcmc::base_hamiltonian<stan::model::model_base, stan::mcmc::diag_e_point, boost::random::mixmax_engine<17, 36u, 0l> >::update_potential_gradient(stan::mcmc::diag_e_point&, stan::callbacks::logger&)
calls=1 0 
0 629616 201281 89717 435 38494 1996 79 127
0 3 0 1 1
cfn=(3660)
calls=1 0 
0 101 44 0 7 9 0 7 1
0 11 4 4 1 1 0 1
cfn=(3636)
calls=1 0 
0 111 29 21 2 2 1 0 2
0 6 0 1
cfn=(3662) Eigen::CwiseBinaryOp<Eigen::internal::scalar_product_op<Eigen::internal::promote_scalar_arg<double, double, Eigen::internal::has_ReturnType<Eigen::ScalarBinaryOpTraits<double, double, Eigen::internal::scalar_product_op<double, double> > >::value>::type, double>, Eigen::internal::plain_constant_type<Eigen::Matrix<double, -1, 1, 0, -1, 1>, Eigen::internal::promote_scalar_arg<double, double, Eigen::internal::has_ReturnType<Eigen::ScalarBinaryOpTraits<double, double, Eigen::internal::scalar_product_op<double, double> > >::value>::type>::type const, Eigen::Matrix<double, -1, 1, 0, -1, 1> const> const Eigen::operator*<double>(double const&, Eigen::MatrixBase<Eigen::Matrix<double, -1, 1, 0, -1, 1> > const&)
calls=1 0 
0 10 3 3 1 0 1 1
0 6 1 2 1 0 1 1
cfn=(3664) void Eigen::internal::call_dense_assignment_loop<Eigen::Matrix<double, -1, 1, 0, -1, 1>, Eigen::CwiseBinaryOp<Eigen::internal::scalar_product_op<double, double>, Eigen::CwiseNullaryOp<Eigen::internal::scalar_constant_op<double>, Eigen::Matrix<double, -1, 1, 0, -1, 1> const> const, Eigen::Matrix<double, -1, 1, 0, -1, 1> const>, Eigen::internal::sub_assign_op<double, double> >(Eigen::Matrix<double, -1, 1, 0, -1, 1>&, Eigen::CwiseBinaryOp<Eigen::internal::scalar_product_op<double, double>, Eigen::CwiseNullaryOp<Eigen::internal::scalar_constant_op<double>, Eigen::Matrix<double, -1, 1, 0, -1, 1> const> const, Eigen::Matrix<double, -1, 1, 0, -1, 1> const> const&, Eigen::internal::sub_assign_op<double, double> const&)
calls=1 0 
0 126 33 13 3 0 0 3
0 2 1 1
cob=(2)
cfi=(51)
cfn=(3170)
calls=1 0 
0 91 29 15
0 6 1 2 1 0 0 1
cfn=(3666) stan::mcmc::diag_e_metric<stan::model::model_base, boost::random::mixmax_engine<17, 36u, 0l> >::dtau_dp(stan::mcmc::diag_e_point&)
calls=1 0 
0 185 52 31 7 0 1 6
0 4 0 1
cfn=(3662)
calls=1 0 
0 10 3 3
0 4 2 1
cfn=(3668)
calls=1 0 
0 113 33 13 3 4 0 3
0 2 1 1
cob=(2)
cfi=(51)
cfn=(3170)
calls=1 0 
0 91 29 15
0 4 1 1 1 0 0 1
cfn=(3644)
calls=1 0 
0 245116 49884 26779 1115 909 118 343 210
0 5 1 2 1 1 1
cfn=(3636)
calls=1 0 
0 111 29 21 3 1 3
0 4 0 1
cfn=(3662)
calls=1 0 
0 10 3 3 1 0 1
0 4 2 1 1 1 0 1
cfn=(3664)
calls=1 0 
0 126 33 13 3 2
0 2 1 1
cob=(2)
cfi=(51)
cfn=(3170)
calls=1 0 
0 91 29 15
0 2 0 1
cfn=(3660)
calls=1 0 
0 101 44 0 7 6
0 26 7 6 3 1 1 3 1
cfn=(3614)
calls=1 0 
0 91 21 16 4 5 4
0 28 21 7 14 7
cfn=(3614)
calls=7 0 
0 637 147 112 13 35 22
0 32 24 8
cfn=(3614)
calls=8 0 
0 728 168 128 0 24
0 32 8 8
cfn=(3614)
calls=8 0 
0 728 168 128 0 25
0 88 24 16 8 0 0 1
cfn=(3640) double boost::random::detail::unit_normal_distribution<double>::operator()<boost::random::mixmax_engine<17, 36u, 0l> >(boost::random::mixmax_engine<17, 36u, 0l>&)
calls=8 0 
0 912 145 90 60 44 1 0 25
0 600 0 200
cfn=(3640)
calls=200 0 
0 17599 3474 2038 22 115 4 6 108
0 4608 1056 216 16 0 0 2
cfn=(3644)
calls=8 0 
0 5026877 1608136 715872 2761 308144 15891 0 1086
0 24 0 8 8
cfn=(3660)
calls=8 0 
0 808 352 0 40 72 0 0 8
0 80 32 32 8 8 8 1
cfn=(3636)
calls=8 0 
0 888 232 168 16 16 8 0 16
0 88 32 32 11 0 8 2
cfn=(3664)
calls=8 0 
0 1008 264 104 16
0 16 8 8
cob=(2)
cfi=(51)
cfn=(3170)
calls=8 0 
0 728 232 120
0 120 16 24 3 0 0 1
cfn=(3596)
calls=8 0 
0 456 112 64 8
0 1880 472 352 24 32 0 7
cob=(2)
cfi=(51)
cfn=(3170)
calls=8 0 
0 728 232 120
0 32 16 8
cfn=(3644)
calls=8 0 
0 4204030 1288416 581786 3211 231891 12028 4 708
0 32 16 8 2 14 0 1
cfn=(3636)
calls=8 0 
0 888 232 168 18 14 10 0 12
0 88 24 32 8 0 8 1
cfn=(3664)
calls=8 0 
0 1008 264 104 19 18
0 16 8 8
cob=(2)
cfi=(51)
cfn=(3170)
calls=8 0 
0 728 232 120
0 16 0 8
cfn=(3660)
calls=8 0 
0 808 352 0 44 40 0 0 6
0 188 72 9 16 22 0 3 21
cfn=(4410)
calls=1 0 
0 283 91 48 2 1 0 2
0 10 3 5 1 0 0 1
cfn=(4412) Eigen::PlainObjectBase<Eigen::Matrix<double, -1, 1, 0, -1, 1> >::PlainObjectBase<Eigen::Map<Eigen::Matrix<double, -1, 1, 0, -1, 1>, 0, Eigen::Stride<0, 0> > >(Eigen::DenseBase<Eigen::Map<Eigen::Matrix<double, -1, 1, 0, -1, 1>, 0, Eigen::Stride<0, 0> > > const&)
calls=1 0 
0 167 35 30 7 4 1 6
0 16 4 6 2 0 0 2
cfn=(4414) void stan::services::util::mcmc_writer::write_sample_names<stan::model::model_base>(stan::mcmc::sample&, stan::mcmc::base_mcmc&, stan::model::model_base&) [clone .isra.0]
calls=1 0 
0 24872 7028 4716 276 143 63 78 23
0 4 0 2
cfn=(3636)
calls=1 0 
0 111 29 21 0 1
0 7 1 3 1 0 0 1
cfn=(4434) void stan::services::util::mcmc_writer::write_diagnostic_names<stan::model::model_base>(stan::mcmc::sample, stan::mcmc::base_mcmc&, stan::model::model_base&) [clone .isra.0]
calls=1 0 
0 20589 5060 4017 68 4 28 58 2
0 2 1 1
cob=(2)
cfi=(51)
cfn=(3170)
calls=1 0 
0 91 29 15 1
0 1 0 1
cob=(2)
cfi=(51)
cfn=(3516)
calls=1 0 
0 30 11 2 5 3
0 20 9 10 1 1 0 1
cfn=(4444) void stan::services::util::generate_transitions<stan::model::model_base, boost::random::mixmax_engine<17, 36u, 0l> >(stan::mcmc::base_mcmc&, int, int, int, int, int, bool, bool, stan::services::util::mcmc_writer&, stan::mcmc::sample&, stan::model::model_base&, boost::random::mixmax_engine<17, 36u, 0l>&, stan::callbacks::interrupt&, stan::callbacks::logger&, unsigned long, unsigned long) [clone .constprop.1]
calls=1 0 
0 254867111 81298415 36300498 170011 15441291 816248 14677 53217
0 2 0 1 1 0 1
cob=(2)
cfi=(51)
cfn=(3516)
calls=1 0 
0 30 11 2 5 3
0 18 3 3 2 1 1 2 1
cob=(2)
cfi=(51)
cfn=(3452)
calls=1 0 
0 56 18 2 0 1
0 3 1 2 0 1
cfn=(4490) stan::services::util::mcmc_writer::write_adapt_finish(stan::mcmc::base_mcmc&) [clone .isra.0]
calls=1 0 
0 1586 410 243 84 43 6 3 8
0 3 0 1
cob=(2)
cfi=(51)
cfn=(2114)
calls=1 0 
0 854 262 198 43 26 7 0 1
0 5 0 1 1 0 0 1
cob=(2)
cfi=(51)
cfn=(2610)
calls=1 0 
0 235 76 43 10 4 0 0 3
0 3 1 1
cob=(2)
cfi=(51)
cfn=(2118)
calls=1 0 
0 3189 705 481 226 50 4 0 1
0 7 3 1 1 1 0 1
cob=(2)
cfi=(51)
cfn=(2218)
calls=1 0 
0 237 57 40 12 2 3
0 3 1 1
cfn=(3282)
calls=1 0 
0 690 239 117 8 0 1
0 7 2 1
cob=(2)
cfi=(51)
cfn=(1948)
calls=1 0 
0 99 31 15 1
0 2 0 1
cob=(2)
cfi=(51)
cfn=(2226)
calls=1 0 
0 200 63 39 11 4
0 3 1 1 1 0 0 1
cfn=(4492) stan::mcmc::diag_e_point::write_metric(stan::callbacks::writer&)
calls=1 0 
0 60249 14266 9755 79 4 6 6 2
0 4 2 1 0 1
cfn=(4494) stan::mcmc::base_hmc<stan::model::model_base, stan::mcmc::diag_e_metric, stan::mcmc::expl_leapfrog, boost::random::mixmax_engine<17, 36u, 0l> >::write_sampler_state_struct(stan::callbacks::structured_writer&)
calls=1 0 
0 396 117 84 18 10 0 18 9
0 1 0 1
cob=(2)
cfi=(51)
cfn=(3516)
calls=1 0 
0 30 11 2 2 1
0 17 10 9 1 2 0 1
cfn=(4506) void stan::services::util::generate_transitions<stan::model::model_base, boost::random::mixmax_engine<17, 36u, 0l> >(stan::mcmc::base_mcmc&, int, int, int, int, int, bool, bool, stan::services::util::mcmc_writer&, stan::mcmc::sample&, stan::model::model_base&, boost::random::mixmax_engine<17, 36u, 0l>&, stan::callbacks::interrupt&, stan::callbacks::logger&, unsigned long, unsigned long) [clone .constprop.0]
calls=1 0 
0 163767004 51893613 23397200 135846 9692961 514146 9996 35394
0 2 0 1 1 0 1
cob=(2)
cfi=(51)
cfn=(3516)
calls=1 0 
0 30 11 2 5 3
0 15 3 1 2 2 0 2 1
cfn=(4532) stan::services::util::mcmc_writer::write_timing(double, double, stan::callbacks::writer&) [clone .isra.0]
calls=1 0 
0 16314 4509 2887 259 12 10 14 3
0 4 2 1
cfn=(4532)
calls=1 0 
0 13256 3452 2370 122 0 0 1
0 4 1 1
cfn=(4536) stan::services::util::mcmc_writer::log_timing(double, double)
calls=1 0 
0 16081 4406 2855 228 20 1 12 4
0 3 1 1
cob=(2)
cfi=(51)
cfn=(3170)
calls=1 0 
0 171 52 21 5
0 6 1 3 1 1 0 1
cob=(2)
cfi=(51)
cfn=(3170)
calls=1 0 
0 140 42 18 0 1
0 2 1 1
cob=(2)
cfi=(51)
cfn=(3170)
calls=1 0 
0 165 50 20 1
0 8 2 2 1 1 0 1
cob=(2)
cfi=(51)
cfn=(3170)
calls=1 0 
0 165 50 20
0 2 1 1
cob=(2)
cfi=(51)
cfn=(3170)
calls=1 0 
0 165 50 20
0 2 1 1 1 0 0 1
cob=(2)
cfi=(51)
cfn=(3170)
calls=1 0 
0 168 50 21
0 2 1 1
cob=(2)
cfi=(51)
cfn=(3170)
calls=1 0 
0 140 42 18
0 2 1 1 0 1
cob=(2)
cfi=(51)
cfn=(3170)
calls=1 0 
0 171 51 21 0 1 1
0 6 2 1 0 1
cob=(2)
cfi=(51)
cfn=(1948)
calls=1 0 
0 148 44 18 0 2
0 17 10 2 3 3 0 3
cfn=(4408)
calls=1 0 
0 296 68 53 5 11 4 4
0 1

fn=(3448)
0 1135 147 70 6 1 0 6 1

fn=(3528)
0 90430 40190 20090 50 1334 1371 1
cfn=(3522) void std::vector<stan::math::vari_base*, std::allocator<stan::math::vari_base*> >::_M_realloc_insert<stan::math::vari_base*>(__gnu_cxx::__normal_iterator<stan::math::vari_base**, std::vector<stan::math::vari_base*, std::allocator<stan::math::vari_base*> > >, stan::math::vari_base*&&)
calls=5 0 
0 1274 310 209 3 11 7 0 2

fn=(3538) void Eigen::internal::gemv_dense_selector<2, 1, true>::run<Eigen::Transpose<Eigen::Map<Eigen::Matrix<double, -1, -1, 0, -1, -1>, 0, Eigen::Stride<0, 0> > const>, Eigen::Transpose<Eigen::Transpose<Eigen::Matrix<double, -1, 1, 0, -1, 1> > const>, Eigen::Transpose<Eigen::Matrix<double, 1, -1, 1, 1, -1> > >(Eigen::Transpose<Eigen::Map<Eigen::Matrix<double, -1, -1, 0, -1, -1>, 0, Eigen::Stride<0, 0> > const> const&, Eigen::Transpose<Eigen::Transpose<Eigen::Matrix<double, -1, 1, 0, -1, 1> > const> const&, Eigen::Transpose<Eigen::Matrix<double, 1, -1, 1, 1, -1> >&, Eigen::Transpose<Eigen::Matrix<double, 1, -1, 1, 1, -1> >::Scalar const&) [clone .isra.0]
0 25346 6670 8004 1542 0 2 3
cfn=(3540) Eigen::internal::general_matrix_vector_product<long, double, Eigen::internal::const_blas_data_mapper<double, long, 1>, 1, false, double, Eigen::internal::const_blas_data_mapper<double, long, 0>, false, 0>::run(long, long, Eigen::internal::const_blas_data_mapper<double, long, 1> const&, Eigen::internal::const_blas_data_mapper<double, long, 0> const&, double*, long, double) [clone .constprop.0]
calls=667 0 
0 160357472 50095035 43355 8067 12544028 5801 15 4669
0 8671 6003 0 667 2001 0 1

fn=(3544) stan::math::internal::callback_vari<double, stan::math::sum<stan::math::arena_allocator<stan::math::var_value<double, void> > >(std::vector<stan::math::var_value<double, void>, stan::math::arena_allocator<stan::math::var_value<double, void> > > const&)::{lambda(auto:1&)#1}>::chain()
0 30015 9338 3335 1334 667 0 2

fn=(3552) stan::math::internal::reverse_pass_callback_vari<stan::math::internal::partials_propagator<stan::math::var_value<double, void>, void, Eigen::Matrix<double, -1, 1, 0, -1, 1>, Eigen::Matrix<double, -1, -1, 0, -1, -1>, stan::math::var_value<double, void>, Eigen::Matrix<stan::math::var_value<double, void>, -1, 1, 0, -1, 1>, stan::math::var_value<double, void> >::build(double)::{lambda(auto:1&&)#1}::operator()<stan::math::internal::ops_partials_edge<double, Eigen::Matrix<double, -1, -1, 0, -1, -1>, void>&>(stan::math::internal::ops_partials_edge<double, Eigen::Matrix<double, -1, -1, 0, -1, -1>, void>&)::{lambda()#1}>::chain()
0 1334 667 0 299 0 0 1

fn=(3578) stan::callbacks::stream_logger::info(std::__cxx11::basic_string<char, std::char_traits<char>, std::allocator<char> > const&)
0 88 33 33 7 0 0 2
cob=(2)
cfi=(51)
cfn=(2610)
calls=11 0 
0 1792 598 338 23 16 1 0 5
0 121 55 11 0 2
cob=(2)
cfi=(51)
cfn=(2630)
calls=11 0 
0 1089 418 176 16 7 2 0 1
0 55 22 0 3 0 0 1
cob=(2)
cfi=(51)
cfn=(2642)
calls=11 0 
0 2783 891 440 48 13 0 0 1

fn=(3606)
0 14 0 7 1 0 0 1
cfn=(3066)
calls=1 0 
0 114 25 9
0 6 0 1
cfn=(3110)
calls=1 0 
0 130 34 26 4 3
0 9 7 0 1 0 0 1

fn=(3616)
0 44 12 8 6 0 0 6
cfn=(1820)
calls=1 0 
0 176 38 25 0 3 0 0 2
0 3 0 1
cfn=(3578)
calls=1 0 
0 600 197 100 4 0 1
0 7 2 1
cob=(2)
cfi=(51)
cfn=(1948)
calls=1 0 
0 99 31 15 0 1
0 7 2 2 1 0 0 1
cfn=(1820)
calls=1 0 
0 90 19 14 0 1 0 0 1
0 4 0 1
cfn=(3618) std::__cxx11::basic_string<char, std::char_traits<char>, std::allocator<char> > std::operator+<char, std::char_traits<char>, std::allocator<char> >(char const*, std::__cxx11::basic_string<char, std::char_traits<char>, std::allocator<char> >&&)
calls=1 0 
0 283 67 48 3 0 0 2
0 4 1 1
cfn=(3578)
calls=1 0 
0 600 197 100
0 6 2 1 1 0 0 1
cob=(2)
cfi=(51)
cfn=(1948)
calls=1 0 
0 99 31 15
0 29 5 3 2 0 0 2
cfn=(1820)
calls=1 0 
0 172 37 25 0 1 0 0 1
0 3 0 1
cfn=(3578)
calls=1 0 
0 600 197 100
0 6 2 1 1 0 0 1
cob=(2)
cfi=(51)
cfn=(1948)
calls=1 0 
0 99 31 15
0 5 2 1
cfn=(1820)
calls=1 0 
0 172 37 25 0 1 0 0 1
0 3 0 1
cfn=(3578)
calls=1 0 
0 600 197 100
0 6 2 1 1 0 0 1
cob=(2)
cfi=(51)
cfn=(1948)
calls=1 0 
0 99 31 15
0 3 0 1
cob=(2)
cfi=(51)
cfn=(2114)
calls=1 0 
0 854 262 198 32 0 2
0 6 0 2
cob=(2)
cfi=(51)
cfn=(2610)
calls=1 0 
0 665 185 111 22 0 1
0 3 2 1 1 0 0 1
cob=(2)
cfi=(51)
cfn=(3620)
calls=1 0 
0 1736 422 184 55 25 1 13 2
0 4 2 1
cfn=(3588) stan::callbacks::stream_logger::info(std::__cxx11::basic_stringstream<char, std::char_traits<char>, std::allocator<char> > const&)
calls=1 0 
0 939 288 157 2
0 2 0 1
cob=(2)
cfi=(51)
cfn=(2114)
calls=1 0 
0 854 262 198
0 4 1 1
cob=(2)
cfi=(51)
cfn=(2610)
calls=1 0 
0 665 185 111 0 1 0 0 1
0 3 2 1
cob=(2)
cfi=(51)
cfn=(3620)
calls=1 0 
0 313 84 52
0 4 2 1 1 0 0 1
cfn=(3588)
calls=1 0 
0 939 288 157
0 2 0 1
cob=(2)
cfi=(51)
cfn=(2114)
calls=1 0 
0 854 262 198
0 4 0 1
cob=(2)
cfi=(51)
cfn=(2610)
calls=1 0 
0 821 213 142 1 1 3
0 3 1 1
cob=(2)
cfi=(51)
cfn=(3620)
calls=1 0 
0 297 82 50
0 4 2 1
cfn=(3588)
calls=1 0 
0 939 288 157
0 6 2 1 1 0 0 1
cfn=(1820)
calls=1 0 
0 68 13 11
0 3 0 1
cfn=(3578)
calls=1 0 
0 488 172 83 1
0 6 1 1 1 0 0 1
cob=(2)
cfi=(51)
cfn=(2226)
calls=1 0 
0 200 63 39 5 1
0 2 0 1
cob=(2)
cfi=(51)
cfn=(2226)
calls=1 0 
0 200 63 39
0 2 0 1
cob=(2)
cfi=(51)
cfn=(2226)
calls=1 0 
0 200 63 39
0 1

fn=(3640)
0 34710 4628 16198 178 51 0 2 9
cfn=(3642) std::pair<double, int> boost::random::detail::generate_int_float_pair<double, 8ul, boost::random::mixmax_engine<17, 36u, 0l> >(boost::random::mixmax_engine<17, 36u, 0l>&, boost::integral_constant<bool, true>) [clone .isra.0]
calls=2314 0 
0 115708 14120 7328 397 157 57 5 88
0 70 0 35
cfn=(3642)
calls=35 0 
0 770 175 70
0 31066 4967 91 260 1298 1 7 1298
cob=(2)
cfi=(51)
cfn=(3452)
calls=4 0 
0 224 72 8 13 9 0 0 1
0 25582 16178 8 143 0 0 3
cfn=(3642)
calls=4 0 
0 88 20 8
0 5 0 2
cfn=(3642)
calls=1 0 
0 22 5 2
0 85 25 15 9 9 0 3 9
cfn=(3642)
calls=5 0 
0 542 42 28 1 0 1
0 127 52 0 12 4 0 4 4

fn=(3662)
0 30 9 9 2 0 2 1

fn=(4442) std::vector<std::__cxx11::basic_string<char, std::char_traits<char>, std::allocator<char> >, std::allocator<std::__cxx11::basic_string<char, std::char_traits<char>, std::allocator<char> > > >::reserve(unsigned long)
0 27 3 5 2 0 0 2
cob=(2)
cfi=(51)
cfn=(1004)
calls=1 0 
0 473 68 54 1 1 1
0 58 10 8 1 0 0 1
cob=(2)
cfi=(51)
cfn=(1948)
calls=1 0 
0 99 31 15
0 70 19 16 2 0 0 2

fn=(4454) stan::mcmc::base_nuts<stan::model::model_base, stan::mcmc::diag_e_metric, stan::mcmc::expl_leapfrog, boost::random::mixmax_engine<17, 36u, 0l> >::transition(stan::mcmc::sample&, stan::callbacks::logger&)
0 2480 240 1040 218 1 0 218
cfn=(3614)
calls=80 0 
0 7280 1680 1280 3 13 2
0 560 80 160 80 0 0 78
cfn=(3638)
calls=80 0 
0 238064 47415 26035 1159 1370 54 9 1263
0 400 80 80
cfn=(3644)
calls=80 0 
0 50292433 16086897 7161849 32986 3081018 159173 2 13315
0 320 0 160 160 0 40 160
cfn=(3634)
calls=80 0 
0 27520 7120 5440 480 987 771 0 160
0 320 0 160
cfn=(3634)
calls=80 0 
0 28110 7204 5519 3 189 755
0 320 0 160 0 0 40
cfn=(3634)
calls=80 0 
0 59744 12248 9543 264 487 916
0 240 0 80
cfn=(3634)
calls=80 0 
0 82371 15454 13494 395 187 829
0 480 0 240 80 0 120 80
cfn=(3636)
calls=80 0 
0 22923 4699 4182 26 15 347
0 720 160 320 80 80 40 80
cfn=(3612)
calls=80 0 
0 21231 4112 3641 414 35 67
0 8080 2560 1200 160 320 169 160
cfn=(3636)
calls=80 0 
0 23391 4795 4218 14 35 265
0 480 80 160 80 0 40 80
cfn=(3636)
calls=80 0 
0 23619 4741 4202 0 24 263
0 480 80 160
cfn=(3636)
calls=80 0 
0 22530 4679 4177 2 18 318
0 320 0 160 80 0 0 80
cfn=(3636)
calls=80 0 
0 22154 4677 4180 0 9 303
0 400 0 160
cfn=(3636)
calls=80 0 
0 22760 4731 4214 0 11 272
0 400 0 160
cfn=(3636)
calls=80 0 
0 22425 4685 4189 0 18 222
0 720 80 320 80 0 40 80
cfn=(3612)
calls=80 0 
0 20077 4029 3622 0 19 67
0 6720 1440 1120 320 0 130 320
cfn=(3660)
calls=80 0 
0 8080 3520 0 524 80 0 0 80
0 3260 390 1170 221 80 80 221
cfn=(4456)
calls=230 0 
0 50390 7414 9398 733 17 245 4
0 2300 230 920 230 0 44 230
cfn=(4456)
calls=230 0 
0 49709 7377 9388 0 5 283
0 12164 2172 1265 827 260 13 827 80
cfn=(3614)
calls=111 0 
0 10101 2331 1776 34 155
0 555 111 111
cfn=(3614)
calls=111 0 
0 10101 2331 1776 0 140
0 888 0 333 111 0 0 111
cfn=(3614)
calls=111 0 
0 10101 2331 1776 0 118
0 666 333 222
cfn=(3614)
calls=111 0 
0 10101 2331 1776
0 444 222 111 111 0 0 111
cfn=(3614)
calls=111 0 
0 10101 2331 1776 0 119
0 444 222 111
cfn=(3614)
calls=111 0 
0 10101 2331 1776
0 1998 999 777 184 0 0 184
cfn=(4458)
calls=111 0 
0 176675767 56380258 25163055 112994 10727677 563746 7068 35517
0 666 111 111 111 109 57 109
cfn=(3614)
calls=111 0 
0 10101 2331 1776 0 111 443
0 444 111 111 111 55 0 111
cfn=(3614)
calls=111 0 
0 10101 2331 1776 0 54 399
0 444 222 111 0 109
cfn=(3614)
calls=111 0 
0 10101 2331 1776 0 57 401
0 1436 509 359 199 0 0 199
cfn=(3614)
calls=49 0 
0 4459 1029 784 0 91 170
0 196 0 49 49 0 0 49
cfn=(3614)
calls=49 0 
0 4459 1029 784 0 57 195
0 196 0 49
cfn=(3614)
calls=49 0 
0 4459 1029 784 0 64 164
0 26072 8805 3582 1693 807 630 1693 77
cfn=(4470)
calls=199 0 
0 17313 6169 0 308 506 0 4
0 3208 199 621 42 0 43 42
cfn=(3596)
calls=199 0 
0 11343 2786 1592
0 21492 6567 3383 388 564 214 388
cfn=(4470)
calls=199 0 
0 17313 6169 0 0 318
0 21900 7164 2995 726 443 0 726
cfn=(4470)
calls=199 0 
0 17313 6169
0 623 13 13 13 0 0 13
cob=(2)
cfi=(51)
cfn=(3170)
calls=13 0 
0 1183 377 195
0 36 0 36 36 0 0 36
cob=(2)
cfi=(51)
cfn=(3170)
calls=36 0 
0 3276 1044 540
0 160 80 80 31 0 0 31
cob=(2)
cfi=(51)
cfn=(3170)
calls=80 0 
0 13009 3911 1614 0 25 13
0 160 0 80
cob=(2)
cfi=(51)
cfn=(3170)
calls=80 0 
0 12709 3843 1583 0 49
0 960 320 160 80 0 0 80
cfn=(4408)
calls=80 0 
0 23680 5440 4240 0 471
0 160 0 80
cfn=(3660)
calls=80 0 
0 8080 3520
0 1200 320 320 80 0 80 80
cfn=(3636)
calls=80 0 
0 8880 2320 1680 0 0 18
0 320 160 160 80 3 0 80
cob=(2)
cfi=(51)
cfn=(3170)
calls=80 0 
0 7280 2320 1200 0 34
0 160 80 80 0 21
cob=(2)
cfi=(51)
cfn=(3170)
calls=80 0 
0 11053 3321 1431 0 32
0 160 80 80
cob=(2)
cfi=(51)
cfn=(3170)
calls=80 0 
0 14260 4351 1712 0 23
0 160 80 80
cob=(2)
cfi=(51)
cfn=(3170)
calls=80 0 
0 14291 4325 1743 0 25 5
0 160 80 80
cob=(2)
cfi=(51)
cfn=(3170)
calls=80 0 
0 14288 4327 1745 0 14 4
0 160 80 80 80 16 0 80
cob=(2)
cfi=(51)
cfn=(3170)
calls=80 0 
0 14810 4465 1792 20 28 9
0 160 80 80
cob=(2)
cfi=(51)
cfn=(3170)
calls=80 0 
0 12798 3839 1587 0 38 5
0 160 80 80
cob=(2)
cfi=(51)
cfn=(3170)
calls=80 0 
0 13055 3923 1607 0 43
0 160 80 80
cob=(2)
cfi=(51)
cfn=(3170)
calls=80 0 
0 13120 3942 1613 0 54 1
0 160 80 80 0 27
cfn=(4410)
calls=80 0 
0 38918 11802 4949 20 141 8
0 160 0 80 80 0 0 80
cfn=(4410)
calls=80 0 
0 36451 11047 4743 0 247 1
0 160 80 80
cfn=(4410)
calls=80 0 
0 43788 13329 5487 0 150 22
0 160 80 80
cfn=(4410)
calls=80 0 
0 41691 12609 5263 0 242 25
0 1555 919 119 125 83 0 125
cfn=(3614)
calls=119 0 
0 10829 2499 1904 46 98
0 595 119 119 69 0 0 69
cfn=(3614)
calls=119 0 
0 10829 2499 1904 0 126
0 952 0 357
cfn=(3614)
calls=119 0 
0 10829 2499 1904 0 100
0 714 238 238 119 0 0 119
cfn=(3614)
calls=119 0 
0 10829 2499 1904
0 476 238 119
cfn=(3614)
calls=119 0 
0 10829 2499 1904 0 90
0 595 238 119 119 0 0 119
cfn=(3614)
calls=119 0 
0 10829 2499 1904
0 2142 1071 833 77 46 0 77 46
cfn=(4458)
calls=119 0 
0 185739401 59334205 26470662 117273 11305616 593660 7388 37037
0 714 119 119 238 119 64 238
cfn=(3614)
calls=119 0 
0 10829 2499 1904 0 119 473
0 476 119 119 0 64
cfn=(3614)
calls=119 0 
0 10829 2499 1904 0 55 451
0 476 238 119 119 119 0 119
cfn=(3614)
calls=119 0 
0 10829 2499 1904 0 64 428
0 1200 331 450 244 28 0 244
cob=(2)
cfi=(51)
cfn=(3452)
calls=150 0 
0 8400 2700 300 0 65 0 0 1
0 7049 1226 389 466 119 8 466
cfn=(4408)
calls=95 0 
0 28120 6460 5035 0 524 1015
0 715 270 175 175 64 0 175
cfn=(4470)
calls=175 0 
0 15225 5425 0 0 353
0 1267 189 364 24 0 0 24
cfn=(4470)
calls=189 0 
0 16443 5859
0 1719 579 384 199 0 0 199
cfn=(4470)
calls=195 0 
0 16965 6045 0 0 280
0 1293 372 150 110 0 0 110
cob=(2)
cfi=(51)
cfn=(3170)
calls=150 0 
0 13650 4350 2250
0 300 150 150
cob=(2)
cfi=(51)
cfn=(3170)
calls=150 0 
0 17900 5503 2535 0 5 3
0 300 0 150
cob=(2)
cfi=(51)
cfn=(3170)
calls=150 0 
0 19210 5929 2637 0 3
0 940 300 147 245 0 0 245
cob=(2)
cfi=(51)
cfn=(3452)
calls=49 0 
0 2746 875 100 89 147 0 0 25
0 392 98 98 49 22 0 49 22
cob=(2)
cfi=(51)
cfn=(3482)
calls=49 0 
0 3941 654 0 108 136 0 2 24
0 248 49 150 150 0 0 150
cob=(2)
cfi=(51)
cfn=(3452)
calls=150 0 
0 8400 2700 300
0 900 150 150 150 55 0 150 55
cob=(2)
cfi=(51)
cfn=(3482)
calls=150 0 
0 12130 1971 0 202 361 0 0 55
0 550 0 0 80 0 0 80

fn=(4470)
0 266046 94798 0 1212 3676 0 4

fn=(4476)
0 17112 2593 1030 564 421 22 564

fn=(4602) cmdstan::arg_variational_meanfield::~arg_variational_meanfield()
0 22 4 5 4 1 0 4
cob=(2)
cfi=(51)
cfn=(1948)
calls=1 0 
0 120 35 14 0 1
0 10 3
cob=(2)
cfi=(51)
cfn=(1948)
calls=1 0 
0 120 35 14 0 1
0 2

fn=(4608)
0 18 5 4 1 4 0 1 1
cfn=(4610) cmdstan::arg_test::~arg_test()
calls=1 0 
0 1228 351 150 14 15 0 14 3
0 12 3 2 1 0 0 1
cob=(2)
cfi=(51)
cfn=(1948)
calls=1 0 
0 120 35 14
0 9 2 2 1 1 0 1
cob=(2)
cfi=(51)
cfn=(1948)
calls=1 0 
0 120 35 14
0 10 3
cob=(2)
cfi=(51)
cfn=(1948)
calls=1 0 
0 120 35 14

fn=(4610)
0 18 5 4 2 3 0 2 1
cfn=(4612) cmdstan::arg_test_gradient::~arg_test_gradient()
calls=1 0 
0 903 258 110 9 11 0 9 2
0 13 3 2 1 0 0 1
cob=(2)
cfi=(51)
cfn=(1948)
calls=1 0 
0 120 35 14
0 26 6 2 2 1 0 2
cob=(2)
cfi=(51)
cfn=(1948)
calls=1 0 
0 148 44 18

fn=(4638) cmdstan::arg_init::~arg_init()
0 6 0 3 1 0 0 1
cfn=(4582)
calls=1 0 
0 149 43 20 0 6
0 4 1
cob=(2)
cfi=(51)
cfn=(1948)
calls=1 0 
0 99 31 15

fn=(4648) cmdstan::arg_diagnostic_file::~arg_diagnostic_file()
0 6 0 3 1 0 0 1
cfn=(4582)
calls=1 0 
0 321 92 38 0 7
0 4 1
cob=(2)
cfi=(51)
cfn=(1948)
calls=1 0 
0 148 44 18

fn=(4650) cmdstan::arg_refresh::~arg_refresh()
0 28 5 5 2 2 0 2
cob=(2)
cfi=(51)
cfn=(1948)
calls=1 0 
0 120 35 14
0 8 2 0 1 0 0 1
cob=(2)
cfi=(51)
cfn=(1948)
calls=1 0 
0 148 44 18 0 1

fn=(4654) cmdstan::arg_profile_file::~arg_profile_file()
0 6 0 3 1 0 0 1
cfn=(4582)
calls=1 0 
0 293 83 34 0 7
0 4 1
cob=(2)
cfi=(51)
cfn=(1948)
calls=1 0 
0 148 44 18

fn=(4678) std::_Sp_counted_ptr_inplace<stan::json::json_data, std::allocator<stan::json::json_data>, (__gnu_cxx::_Lock_policy)2>::_M_dispose()
0 6 2 0 2 2 0 2 1
cfn=(3184) stan::json::json_data::~json_data()
calls=1 0 
0 17181 4387 2536 15 200 4 4

fn=(4708) std::_Sp_counted_ptr<boost::re_detail_500::cpp_regex_traits_implementation<char>*, (__gnu_cxx::_Lock_policy)2>::_M_dispose()
0 18 4 4 4 2 0 4
cob=(2)
cfi=(51)
cfn=(2678)
calls=1 0 
0 10 5 1 0 1
0 6 3 0 1 0 0 1
cob=(2)
cfi=(51)
cfn=(1948)
calls=1 0 
0 99 31 15

fn=(3056)
0 1300070 520028 390021 8 0 0 3
cfn=(2864)
calls=130007 0 
0 2340126 780042 520028 1 8
0 2309203 1105691 455235 4 0 6 1
cob=(2)
cfi=(51)
cfn=(2804)
calls=32607 0 
0 5220002 1565972 978631 12 107 8 0 8
0 130428 97821

fn=(3596)
0 20520 0 10260 48 0 6 1
cob=(2)
cfi=(51)
cfn=(1024)
calls=5130 0 
0 581211 118435 86613 2407 1482 1953
0 41040 10260 0 713 0 0 1

fn=(3600) stan::io::validate_dims(stan::io::var_context const&, std::__cxx11::basic_string<char, std::char_traits<char>, std::allocator<char> > const&, std::__cxx11::basic_string<char, std::char_traits<char>, std::allocator<char> > const&, std::__cxx11::basic_string<char, std::char_traits<char>, std::allocator<char> > const&, std::vector<unsigned long, std::allocator<unsigned long> > const&)
0 19 1 9 2 0 0 2
cob=(2)
cfi=(51)
cfn=(2296)
calls=1 0 
0 70 17 6 8 3 0 0 2
0 11 3 2
cfn=(3604)
calls=1 0 
0 236 53 31 5 2 0 4
0 18 7 1 3 1 0 3 1
cfn=(3602) stan::io::array_var_context::contains_r(std::__cxx11::basic_string<char, std::char_traits<char>, std::allocator<char> > const&) const
calls=1 0 
0 131 28 12 8 3 0 7 1
0 5 1 1 1 0 0 1
cob=(2)
cfi=(51)
cfn=(1948)
calls=1 0 
0 99 31 15 0 1
0 11 9 0 1 0 0 1

fn=(1018) std::_Hashtable<std::thread::id, std::pair<std::thread::id const, std::unique_ptr<stan::math::AutodiffStackSingleton<stan::math::vari_base, stan::math::chainable_alloc>, std::default_delete<stan::math::AutodiffStackSingleton<stan::math::vari_base, stan::math::chainable_alloc> > > >, std::allocator<std::pair<std::thread::id const, std::unique_ptr<stan::math::AutodiffStackSingleton<stan::math::vari_base, stan::math::chainable_alloc>, std::default_delete<stan::math::AutodiffStackSingleton<stan::math::vari_base, stan::math::chainable_alloc> > > > >, std::__detail::_Select1st, std::equal_to<std::thread::id>, std::hash<std::thread::id>, std::__detail::_Mod_range_hashing, std::__detail::_Default_ranged_hash, std::__detail::_Prime_rehash_policy, std::__detail::_Hashtable_traits<false, false, true> >::_M_rehash(unsigned long, unsigned long const&)
0 38 0 14 4 0 0 2
cob=(2)
cfi=(51)
cfn=(1004)
calls=2 0 
0 262 54 38 0 2 1 0 0 1
0 10 0 2
cob=(2)
cfi=(51)
cfn=(1020)
calls=2 0 
0 42 6 8 6 2 1 3
0 44 22 10 6 0 0 3

fn=(1884)
0 18162 4305 3837 46 2 3 6 2
cob=(2)
cfi=(51)
cfn=(1964)
calls=53 0 
0 5795 1213 703 41 26 13 1 1 8
0 371 53 159
cob=(2)
cfi=(51)
cfn=(1886)
calls=53 0 
0 1071 331 200 22 8 11 0 8 4
0 1275 0 425
cob=(2)
cfi=(51)
cfn=(1886)
calls=425 0 
0 7454 1700 850 35 25 3 2 21 2
0 1434 956

fn=(1934)
0 4234 836 809 24 0 3 4 0 3
cob=(2)
cfi=(51)
cfn=(1946)
calls=49 0 
0 692 196 98 1 4 0 1
0 294 49 49
cob=(2)
cfi=(51)
cfn=(1948)
calls=49 0 
0 6411 2076 1018 45 30 1 3 1
0 277 0 152
cob=(2)
cfi=(51)
cfn=(1004)
calls=76 0 
0 9502 2015 1435 92 1 23 3 0 23
0 684 76 0 9 0 0 2

fn=(1972) cmdstan::arg_seed::arg_seed()
0 39 2 23 4 0 3 4 0 3
cfn=(1884)
calls=1 0 
0 60 14 10
0 5 0 2
cfn=(1914)
calls=1 0 
0 85 17 11
0 8 2 1 1 2 0 1 1
cfn=(1820)
calls=1 0 
0 70 16 12 0 1 0 0 1
0 4 0 1
cob=(2)
cfi=(51)
cfn=(1938)
calls=1 0 
0 39 11 7 1 0 0 1
0 8 1 2 1 0 0 1
cfn=(1914)
calls=1 0 
0 110 21 14 0 1 0 0 1
0 3 0 1
cfn=(1914)
calls=1 0 
0 381 80 59 0 0 1 0 0 1
0 3 0 1
cfn=(1914)
calls=1 0 
0 256 61 38 1 1 1 0 1
0 3 0 1 1 0 0 1
cfn=(1914)
calls=1 0 
0 113 21 14
0 5 0 2
cob=(2)
cfi=(51)
cfn=(1974)
calls=1 0 
0 10 2 0 2 0 0 2
0 6 2 2 1 0 0 1
cob=(2)
cfi=(51)
cfn=(1978)
calls=1 0 
0 9809 2214 1271 268 128 34 241 30 34
0 106 15 1 9 0 0 9

fn=(2112)
0 1075 50 650 16 0 63 4 0 63
cfn=(1884)
calls=25 0 
0 1500 350 250 18
0 200 25 50 2 0 0 1
cob=(2)
cfi=(51)
cfn=(1910)
calls=25 0 
0 1325 275 200
0 175 0 50
cfn=(1884)
calls=25 0 
0 1425 350 250 0 1 0 0 1
0 75 0 25
cob=(2)
cfi=(51)
cfn=(1938)
calls=25 0 
0 1350 350 225
0 175 25 50 1 0 0 1
cob=(2)
cfi=(51)
cfn=(1822)
calls=25 0 
0 400 75 0 0 6 0 0 5
0 150 25 25
cob=(2)
cfi=(51)
cfn=(1910)
calls=25 0 
0 1920 375 275
0 50 0 25
cob=(2)
cfi=(51)
cfn=(1822)
calls=25 0 
0 620 109 0 0 7 0 0 6
0 150 25 25 1 0 0 1
cob=(2)
cfi=(51)
cfn=(1910)
calls=25 0 
0 8724 1871 1391 40 0 28 0 0 28
0 125 0 50
cfn=(1884)
calls=25 0 
0 1425 350 250
0 50 0 25
cob=(2)
cfi=(51)
cfn=(1822)
calls=25 0 
0 400 75
0 200 25 25 1 0 0 1
cob=(2)
cfi=(51)
cfn=(1968)
calls=25 0 
0 2153 467 319 3 0 1 0 0 1
0 75 25 25
cob=(2)
cfi=(51)
cfn=(1942)
calls=25 0 
0 2238 579 380 19 0 2 0 0 2
0 84 28 3
cob=(2)
cfi=(51)
cfn=(1948)
calls=3 0 
0 297 93 45 3
0 50 0 25
cob=(2)
cfi=(51)
cfn=(2114)
calls=25 0 
0 21350 6550 4950 295 30 0 7
0 100 25 25 3 0 0 1
cob=(2)
cfi=(51)
cfn=(2118)
calls=25 0 
0 75418 17428 11262 1487 150 34 218 28 1
0 100 0 25
cob=(2)
cfi=(51)
cfn=(2218)
calls=25 0 
0 3979 853 555 76 9 0 5
0 150 0 50
cob=(2)
cfi=(51)
cfn=(1938)
calls=25 0 
0 1323 344 221 28
0 200 50 50 5 0 0 1
cob=(2)
cfi=(51)
cfn=(2226)
calls=25 0 
0 5324 1637 977 88 26 0 14 2
0 275 225 0 4 0 0 1

fn=(2250) cmdstan::singleton_argument<double>::singleton_argument()
0 148 8 88 6 1 11 3 0 11
cfn=(1884)
calls=4 0 
0 240 56 40 3
0 28 4 8 2 0 0 1
cob=(2)
cfi=(51)
cfn=(1910)
calls=4 0 
0 212 44 32
0 28 0 8
cfn=(1884)
calls=4 0 
0 228 56 40
0 116 48 12 8 0 0 3
cob=(2)
cfi=(51)
cfn=(1886)
calls=4 0 
0 68 16 8
0 24 12 8 2 0 0 1

fn=(2268) cmdstan::arg_variational::arg_variational()
0 30 2 18 2 0 1 2 0 1
cfn=(1914)
calls=1 0 
0 108 21 14 0 1 0 0 1
0 3 0 1 1 0 0 1
cfn=(1914)
calls=1 0 
0 381 80 59 0 0 1 0 0 1
0 2 0 1
cob=(2)
cfi=(51)
cfn=(1004)
calls=1 0 
0 199 38 30 0 0 1 0 0 1
0 3 0 1
cfn=(2092)
calls=1 0 
0 114 19 30 4 0 2 0 0 2
0 5 0 2
cfn=(1914)
calls=1 0 
0 108 21 14
0 3 0 1 1 0 0 1
cfn=(1914)
calls=1 0 
0 377 80 58 0 1 0 0 1
0 3 0 1
cob=(2)
cfi=(51)
cfn=(1004)
calls=1 0 
0 203 39 30 0 0 1 0 0 1
0 19 1 11 1 0 1 1 0 1
cfn=(1914)
calls=1 0 
0 108 21 14
0 3 0 1 1 0 0 1
cfn=(1914)
calls=1 0 
0 381 80 59 0 0 1 0 0 1
0 5 0 2
cfn=(1932)
calls=1 0 
0 129 29 20
0 2 0 1
cob=(2)
cfi=(51)
cfn=(1004)
calls=1 0 
0 203 39 30 0 0 1 0 0 1
0 19 1 11 2 0 1 2 0 1
cfn=(1914)
calls=1 0 
0 108 21 14
0 3 0 1
cfn=(1914)
calls=1 0 
0 381 80 59
0 4 0 2
cfn=(1932)
calls=1 0 
0 252 65 39
0 6 0 3 1 0 0 1
cfn=(1932)
calls=1 0 
0 129 29 20
0 4 0 1
cfn=(1820)
calls=1 0 
0 316 61 47 3 1 1 0 0 1
0 3 1 1
cob=(2)
cfi=(51)
cfn=(1004)
calls=1 0 
0 199 38 30 0 0 1 0 0 1
0 6 0 1
cfn=(2108)
calls=1 0 
0 1183 248 202 2 0 3 1 0 3
0 4 0 2 1 0 0 1
cfn=(1932)
calls=1 0 
0 252 65 39
0 7 2 1
cob=(2)
cfi=(51)
cfn=(1948)
calls=1 0 
0 99 31 15
0 3 0 1
cfn=(1820)
calls=1 0 
0 320 62 47 0 1 1 0 1 1
0 4 1 2 1 0 0 1
cob=(2)
cfi=(51)
cfn=(1004)
calls=1 0 
0 199 38 30 0 0 1 0 0 1
0 6 1 1
cfn=(2108)
calls=1 0 
0 1580 354 270 1 0 4 0 0 4
0 4 0 2
cfn=(1932)
calls=1 0 
0 250 65 39
0 6 2 1 1 0 0 1
cob=(2)
cfi=(51)
cfn=(1948)
calls=1 0 
0 99 31 15
0 3 0 1
cfn=(1820)
calls=1 0 
0 176 38 25 0 1 0 0 1
0 4 1 2
cob=(2)
cfi=(51)
cfn=(1004)
calls=1 0 
0 199 38 30 0 0 1 0 0 1
0 6 1 1 1 0 0 1
cfn=(2108)
calls=1 0 
0 1798 386 299 0 0 5 0 0 5
0 4 0 2
cfn=(1932)
calls=1 0 
0 9 4 2
0 6 2 1
cob=(2)
cfi=(51)
cfn=(1948)
calls=1 0 
0 99 31 15
0 3 0 1 1 0 0 1
cfn=(1820)
calls=1 0 
0 163 36 25
0 4 1 2
cob=(2)
cfi=(51)
cfn=(1004)
calls=1 0 
0 199 38 30 0 0 1 0 0 1
0 6 2 1
cfn=(2112)
calls=1 0 
0 4217 1025 760 99 1 3 0 1 3
0 4 0 2 2 0 0 1
cfn=(1932)
calls=1 0 
0 395 89 61 6 0 1 0 0 1
0 6 2 1
cob=(2)
cfi=(51)
cfn=(1948)
calls=1 0 
0 99 31 15
0 2 0 1
cob=(2)
cfi=(51)
cfn=(1004)
calls=1 0 
0 203 39 30 0 0 1 0 0 1
0 21 1 12 2 0 1 2 0 1
cfn=(1914)
calls=1 0 
0 110 21 14
0 3 0 1
cfn=(1914)
calls=1 0 
0 242 57 36 1 1 0 0 1
0 3 0 1
cfn=(1820)
calls=1 0 
0 172 37 25 1
0 4 1 2 1 0 0 1
cob=(2)
cfi=(51)
cfn=(1004)
calls=1 0 
0 199 38 30 0 0 1 0 0 1
0 5 1 2
cfn=(2110)
calls=1 0 
0 1114 245 196 4 1 3 0 0 3
0 5 1 2
cfn=(1932)
calls=1 0 
0 129 29 20
0 6 2 1 1 0 0 1
cob=(2)
cfi=(51)
cfn=(1948)
calls=1 0 
0 99 31 15
0 3 0 1
cfn=(1820)
calls=1 0 
0 316 61 47 0 1 1 0 1 1
0 4 1 2
cob=(2)
cfi=(51)
cfn=(1004)
calls=1 0 
0 199 38 30 0 0 1 0 0 1
0 6 1 2 1 0 0 1
cfn=(2108)
calls=1 0 
0 1140 246 199 3 0 3 0 0 3
0 5 1 2
cfn=(1932)
calls=1 0 
0 252 65 39
0 6 2 1 1 0 0 1
cob=(2)
cfi=(51)
cfn=(1948)
calls=1 0 
0 99 31 15
0 4 0 2
cfn=(1932)
calls=1 0 
0 9 4 2
0 3 0 1
cfn=(1820)
calls=1 0 
0 172 37 25 0 1 0 0 1
0 4 1 2
cob=(2)
cfi=(51)
cfn=(1004)
calls=1 0 
0 199 38 30 0 0 1 0 0 1
0 6 2 1 1 0 0 1
cfn=(2112)
calls=1 0 
0 4741 1122 820 64 0 4 0 0 4
0 4 0 2
cfn=(1932)
calls=1 0 
0 9 4 2
0 6 2 1
cob=(2)
cfi=(51)
cfn=(1948)
calls=1 0 
0 99 31 15 1
0 3 0 1 1 0 0 1
cfn=(1820)
calls=1 0 
0 172 37 25 1 1 0 0 1
0 4 1 2
cob=(2)
cfi=(51)
cfn=(1004)
calls=1 0 
0 199 38 30 3 0 1 0 0 1
0 6 1 1
cfn=(2108)
calls=1 0 
0 1153 246 200 10 0 3 0 0 3
0 4 0 2 1 0 0 1
cfn=(1932)
calls=1 0 
0 9 4 2
0 6 2 1
cob=(2)
cfi=(51)
cfn=(1948)
calls=1 0 
0 99 31 15
0 3 0 1
cfn=(1820)
calls=1 0 
0 176 38 25
0 3 1 1 1 0 0 1
cob=(2)
cfi=(51)
cfn=(1004)
calls=1 0 
0 199 38 30 0 0 1 0 0 1
0 6 0 1
cfn=(2108)
calls=1 0 
0 1652 363 278 1 1 4 0 0 4
0 4 0 2
cfn=(1932)
calls=1 0 
0 391 88 61 1 0 2 0 0 2
0 6 2 1 1 0 0 1
cob=(2)
cfi=(51)
cfn=(1948)
calls=1 0 
0 99 31 15
0 11 9

fn=(2308)
0 108 36 9 1 0 0 1
cob=(2)
cfi=(51)
cfn=(2304)
calls=9 0 
0 207 40 0 3 2 0 1
0 36 9

fn=(2344) auto cmdstan::get_arg_val<cmdstan::singleton_argument<int>, cmdstan::argument_parser&>(cmdstan::argument_parser&, char const*)
0 38 2 16 4 0 0 2
cob=(2)
cfi=(51)
cfn=(1822)
calls=2 0 
0 32 6 0 3 1
0 10 0 2
cfn=(1884)
calls=2 0 
0 115 28 20 3
0 6 0 2
cfn=(2346)
calls=2 0 
0 595 160 81 16 6 0 7
0 22 2 2 2 0 0 1
cob=(2)
cfi=(51)
cfn=(2278)
calls=2 0 
0 434 132 72 17 10 0 1 3
0 22 18 0 0 1

fn=(2346)
0 3310 1104 662 25 20 0 10
cob=(2)
cfi=(51)
cfn=(2304)
calls=50 0 
0 1098 232 0 4 4 0 0 1
0 661 34 85 4 0 0 2
cob=(2)
cfi=(51)
cfn=(1886)
calls=85 0 
0 1479 340 170
0 425 170 0 6 0 0 2

fn=(4542) get_stan_profile_data[abi:cxx11]()
0 3 1 0 1

fn=(4560) cmdstan::arg_single_u_int::~arg_single_u_int()
0 84 15 15 3 7 0 3
cob=(2)
cfi=(51)
cfn=(1948)
calls=3 0 
0 318 97 44 0 1
0 24 6 0 1 0 0 1
cob=(2)
cfi=(51)
cfn=(1948)
calls=3 0 
0 475 142 57 0 3

fn=(4562)
0 24 8 5 2 4 0 2 2
cfn=(4584) cmdstan::arg_fixed_param::~arg_fixed_param()
calls=1 0 
0 239 70 32 1 1 0 1
cfn=(4564) cmdstan::arg_hmc::~arg_hmc()
calls=1 0 
0 4183 1234 563 35 60 1 35 8
0 16 4 2 1 0 0 1
cob=(2)
cfi=(51)
cfn=(1948)
calls=1 0 
0 118 35 14
0 19 4 3 2 2 0 2
cob=(2)
cfi=(51)
cfn=(1948)
calls=1 0 
0 120 35 14
0 10 3
cob=(2)
cfi=(51)
cfn=(1948)
calls=1 0 
0 99 31 15

fn=(4564)
0 42 17 8 2 10 0 2 3
cfn=(4558) cmdstan::arg_single_real_bounded::~arg_single_real_bounded()
calls=1 0 
0 357 105 50 0 4
cfn=(4556) cmdstan::arg_single_real_pos::~arg_single_real_pos()
calls=1 0 
0 304 86 37 0 4
cfn=(4580)
calls=1 0 
0 258 75 38 7 5 0 7
cfn=(4572) cmdstan::arg_metric::~arg_metric()
calls=1 0 
0 1134 334 150 12 15 0 12 3
cfn=(4566) cmdstan::arg_engine::~arg_engine()
calls=1 0 
0 1708 504 233 12 21 1 12 2
0 24 7 2
cob=(2)
cfi=(51)
cfn=(1948)
calls=1 0 
0 118 35 14
0 9 2 2 1 1 0 1
cob=(2)
cfi=(51)
cfn=(1948)
calls=1 0 
0 120 35 14
0 10 3 0 1 0 0 1
cob=(2)
cfi=(51)
cfn=(1948)
calls=1 0 
0 99 31 15

fn=(2592) cmdstan::list_argument::print_value[abi:cxx11]()
0 204 72 36 6 21 0 4
cfn=(1906)
calls=12 0 
0 693 168 120 4
0 36 24

fn=(2596) std::__cxx11::basic_string<char, std::char_traits<char>, std::allocator<char> > std::operator+<char, std::char_traits<char>, std::allocator<char> >(std::__cxx11::basic_string<char, std::char_traits<char>, std::allocator<char> >&&, char const*)
0 891 0 396 2 0 0 2
cob=(2)
cfi=(51)
cfn=(1822)
calls=99 0 
0 1584 297 0 2 2 0 0 2
0 792 99 99 20 0 0 2
cob=(2)
cfi=(51)
cfn=(1968)
calls=99 0 
0 9675 2196 1395
0 1881 693 648 20 0 0 2

fn=(2608) stan::callbacks::stream_writer::operator()(std::__cxx11::basic_string<char, std::char_traits<char>, std::allocator<char> > const&)
0 360 120 120 1 1 0 1
cob=(2)
cfi=(51)
cfn=(2610)
calls=40 0 
0 5314 2021 1064 27 28 0 10 5
0 160 80 40 1 0 0 1
cob=(2)
cfi=(51)
cfn=(2610)
calls=40 0 
0 9390 2808 1668 33 5 3 13 1 3
0 440 200 40 0 2
cob=(2)
cfi=(51)
cfn=(2630)
calls=40 0 
0 4770 1818 784 20 13 0 8 4
0 200 80 0 1 0 0 1
cob=(2)
cfi=(51)
cfn=(2642)
calls=40 0 
0 10954 3541 1744 52 10 0 25 3

fn=(2694) cmdstan::arg_seed::print_value[abi:cxx11]()
0 150 9 21 15 3 0 10
cob=(2)
cfi=(51)
cfn=(2100)
calls=3 0 
0 135 27 24
0 282 48 24 11 5 0 8 4

fn=(2864)
0 36108118 12036037 8024025 3 8 0 2
cob=(2)
cfi=(51)
cfn=(2866)
calls=1 0 
0 210 42 34 9 2 1 1 0 1
0 18 2 3 2 0 0 2
cob=(2)
cfi=(51)
cfn=(1004)
calls=1 0 
0 55 15 8 0 1
0 6 2 1

fn=(2910) boost::re_detail_500::cpp_regex_traits_implementation<char>::transform[abi:cxx11](char const*, char const*) const
0 66 12 36 2 1 0 2
cob=(7)
cfi=(175)
cfn=(2912)
calls=3 0 
0 3342 966 527 43 40 22 22 5 15
0 57 21 9 2 0 0 2
cob=(2)
cfi=(51)
cfn=(2942)
calls=3 0 
0 63 21 12 4 1 0 3
0 30 3 3
cob=(2)
cfi=(51)
cfn=(2946)
calls=3 0 
0 147 30 24 6 1 0 6
0 18 3 3
cob=(2)
cfi=(51)
cfn=(2946)
calls=3 0 
0 147 30 24
0 111 48 9 5 0 0 5

fn=(2990) std::_Rb_tree<boost::re_detail_500::digraph<char>, boost::re_detail_500::digraph<char>, std::_Identity<boost::re_detail_500::digraph<char> >, std::less<boost::re_detail_500::digraph<char> >, std::allocator<boost::re_detail_500::digraph<char> > >::_M_erase(std::_Rb_tree_node<boost::re_detail_500::digraph<char> >*) [clone .isra.0]
0 18 7 7 2 0 0 2

fn=(3024) boost::re_detail_500::perl_matcher<__gnu_cxx::__normal_iterator<char const*, std::__cxx11::basic_string<char, std::char_traits<char>, std::allocator<char> > >, std::allocator<boost::sub_match<__gnu_cxx::__normal_iterator<char const*, std::__cxx11::basic_string<char, std::char_traits<char>, std::allocator<char> > > > >, boost::regex_traits<char, boost::cpp_regex_traits<char> > >::match_startmark()
0 135 55 35 12 3 0 6 1

fn=(3074)
0 170261 20036 60099 5011 12 1 4
cob=(2)
cfi=(51)
cfn=(1004)
calls=10009 0 
0 590511 150135 80072 0 59
0 150234 20036 30045 2
cob=(2)
cfi=(51)
cfn=(1946)
calls=10009 0 
0 130127 40036 20018 1 13
0 70135 40072 10018 3 0 0 2

fn=(3090)
0 509 99 92 7 0 0 7
cob=(2)
cfi=(51)
cfn=(1946)
calls=2 0 
0 30 8 4
0 12 2 2
cob=(2)
cfi=(51)
cfn=(1948)
calls=2 0 
0 198 62 30
0 29 0 18
cob=(2)
cfi=(51)
cfn=(1004)
calls=9 0 
0 963 217 156 0 0 1
0 81 9 0 2 0 0 2

fn=(3126) double& std::vector<double, std::allocator<double> >::emplace_back<double>(double&&)
0 81276 33865 20319 2 0 839 2 0 804

fn=(3148)
0 28 7 15 2 0 0 2
cob=(2)
cfi=(51)
cfn=(3150)
calls=5 0 
0 78 29 0 3 3 0 2
0 54 15 19 2 3 0 2
cfn=(3154)
calls=2 0 
0 30 12 10 2 0 0 2
0 24 4 8 1 0 0 1
cob=(2)
cfi=(51)
cfn=(1886)
calls=2 0 
0 36 6 2
0 18 2 6 1 0 0 1
cob=(2)
cfi=(51)
cfn=(1886)
calls=2 0 
0 36 6 2
0 20 2 8 1 0 0 1
cob=(2)
cfi=(51)
cfn=(1886)
calls=2 0 
0 36 6 2
0 18 8 6 1 0 0 1
cfn=(3156) std::vector<std::__cxx11::basic_string<char, std::char_traits<char>, std::allocator<char> >, std::allocator<std::__cxx11::basic_string<char, std::char_traits<char>, std::allocator<char> > > >& boost::algorithm::iter_split<std::vector<std::__cxx11::basic_string<char, std::char_traits<char>, std::allocator<char> >, std::allocator<std::__cxx11::basic_string<char, std::char_traits<char>, std::allocator<char> > > >, std::__cxx11::basic_string<char, std::char_traits<char>, std::allocator<char> > const&, boost::algorithm::detail::token_finderF<boost::algorithm::detail::is_any_ofF<char> > >(std::vector<std::__cxx11::basic_string<char, std::char_traits<char>, std::allocator<char> >, std::allocator<std::__cxx11::basic_string<char, std::char_traits<char>, std::allocator<char> > > >&, std::__cxx11::basic_string<char, std::char_traits<char>, std::allocator<char> > const&, boost::algorithm::detail::token_finderF<boost::algorithm::detail::is_any_ofF<char> >) [clone .isra.0]
calls=2 0 
0 4862 1135 871 74 1 4 74
0 52 14 16 3 0 0 3
cob=(2)
cfi=(51)
cfn=(1968)
calls=2 0 
0 68 16 10 4 1 0 1
0 14 2 6 1 0 0 1
cfn=(3070) std::_Rb_tree<std::__cxx11::basic_string<char, std::char_traits<char>, std::allocator<char> >, std::pair<std::__cxx11::basic_string<char, std::char_traits<char>, std::allocator<char> > const, stan::json::array_dims>, std::_Select1st<std::pair<std::__cxx11::basic_string<char, std::char_traits<char>, std::allocator<char> > const, stan::json::array_dims> >, std::less<std::__cxx11::basic_string<char, std::char_traits<char>, std::allocator<char> > >, std::allocator<std::pair<std::__cxx11::basic_string<char, std::char_traits<char>, std::allocator<char> > const, stan::json::array_dims> > >::find(std::__cxx11::basic_string<char, std::char_traits<char>, std::allocator<char> > const&) const
calls=2 0 
0 249 64 20 0 2
0 55 15 4 1 0 0 1
cob=(2)
cfi=(51)
cfn=(2304)
calls=4 0 
0 48 16
0 66 9 2 1 0 0 1
cob=(2)
cfi=(51)
cfn=(2304)
calls=2 0 
0 24 8
0 46 6 2 2 1 0 2
cob=(2)
cfi=(51)
cfn=(1968)
calls=2 0 
0 68 16 10 0 1
0 28 14 6 1 0 0 1
cfn=(3068)
calls=2 0 
0 220 64 20 1 0 0 1
0 16 6 2 2 0 0 2
cfn=(2342) std::vector<std::__cxx11::basic_string<char, std::char_traits<char>, std::allocator<char> >, std::allocator<std::__cxx11::basic_string<char, std::char_traits<char>, std::allocator<char> > > >::~vector()
calls=2 0 
0 254 78 36
0 10 0 2
cob=(2)
cfi=(51)
cfn=(1948)
calls=2 0 
0 198 62 30
0 8 2 2 1 0 0 1
cfn=(3092) std::map<std::__cxx11::basic_string<char, std::char_traits<char>, std::allocator<char> >, stan::json::array_dims, std::less<std::__cxx11::basic_string<char, std::char_traits<char>, std::allocator<char> > >, std::allocator<std::pair<std::__cxx11::basic_string<char, std::char_traits<char>, std::allocator<char> > const, stan::json::array_dims> > >::operator[](std::__cxx11::basic_string<char, std::char_traits<char>, std::allocator<char> > const&)
calls=2 0 
0 267 68 26 5 0 0 5
0 39 10 3 1 0 0 1
cfn=(3168)
calls=3 0 
0 655 146 110 6 1 1 6
0 24 13 2 2 0 0 2
cfn=(3066)
calls=2 0 
0 249 64 20
0 18 2 2 1 0 0 1
cfn=(3114)
calls=2 0 
0 255 62 24 3 0 0 3
0 8 4

fn=(3158)
0 450 90 120 2 0 1 2
cob=(2)
cfi=(51)
cfn=(1886)
calls=30 0 
0 540 90 30

fn=(3172) std::_Rb_tree<std::__cxx11::basic_string<char, std::char_traits<char>, std::allocator<char> >, std::pair<std::__cxx11::basic_string<char, std::char_traits<char>, std::allocator<char> > const, bool>, std::_Select1st<std::pair<std::__cxx11::basic_string<char, std::char_traits<char>, std::allocator<char> > const, bool> >, std::less<std::__cxx11::basic_string<char, std::char_traits<char>, std::allocator<char> > >, std::allocator<std::pair<std::__cxx11::basic_string<char, std::char_traits<char>, std::allocator<char> > const, bool> > >::_M_erase(std::_Rb_tree_node<std::pair<std::__cxx11::basic_string<char, std::char_traits<char>, std::allocator<char> > const, bool> >*)
0 48 9 20 4 1 0 4
cob=(2)
cfi=(51)
cfn=(1948)
calls=1 0 
0 99 31 15 0 0 1
0 22 6 3 2 0 0 2
cob=(2)
cfi=(51)
cfn=(1948)
calls=2 0 
0 198 62 30 0 1
0 20 14

fn=(3178) std::_Rb_tree_node<std::pair<std::__cxx11::basic_string<char, std::char_traits<char>, std::allocator<char> > const, std::pair<std::vector<double, std::allocator<double> >, std::vector<unsigned long, std::allocator<unsigned long> > > > >* std::_Rb_tree<std::__cxx11::basic_string<char, std::char_traits<char>, std::allocator<char> >, std::pair<std::__cxx11::basic_string<char, std::char_traits<char>, std::allocator<char> > const, std::pair<std::vector<double, std::allocator<double> >, std::vector<unsigned long, std::allocator<unsigned long> > > >, std::_Select1st<std::pair<std::__cxx11::basic_string<char, std::char_traits<char>, std::allocator<char> > const, std::pair<std::vector<double, std::allocator<double> >, std::vector<unsigned long, std::allocator<unsigned long> > > > >, std::less<std::__cxx11::basic_string<char, std::char_traits<char>, std::allocator<char> > >, std::allocator<std::pair<std::__cxx11::basic_string<char, std::char_traits<char>, std::allocator<char> > const, std::pair<std::vector<double, std::allocator<double> >, std::vector<unsigned long, std::allocator<unsigned long> > > > > >::_M_copy<false, std::_Rb_tree<std::__cxx11::basic_string<char, std::char_traits<char>, std::allocator<char> >, std::pair<std::__cxx11::basic_string<char, std::char_traits<char>, std::allocator<char> > const, std::pair<std::vector<double, std::allocator<double> >, std::vector<unsigned long, std::allocator<unsigned long> > > >, std::_Select1st<std::pair<std::__cxx11::basic_string<char, std::char_traits<char>, std::allocator<char> > const, std::pair<std::vector<double, std::allocator<double> >, std::vector<unsigned long, std::allocator<unsigned long> > > > >, std::less<std::__cxx11::basic_string<char, std::char_traits<char>, std::allocator<char> > >, std::allocator<std::pair<std::__cxx11::basic_string<char, std::char_traits<char>, std::allocator<char> > const, std::pair<std::vector<double, std::allocator<double> >, std::vector<unsigned long, std::allocator<unsigned long> > > > > >::_Alloc_node>(std::_Rb_tree_node<std::pair<std::__cxx11::basic_string<char, std::char_traits<char>, std::allocator<char> > const, std::pair<std::vector<double, std::allocator<double> >, std::vector<unsigned long, std::allocator<unsigned long> > > > >*, std::_Rb_tree_node_base*, std::_Rb_tree<std::__cxx11::basic_string<char, std::char_traits<char>, std::allocator<char> >, std::pair<std::__cxx11::basic_string<char, std::char_traits<char>, std::allocator<char> > const, std::pair<std::vector<double, std::allocator<double> >, std::vector<unsigned long, std::allocator<unsigned long> > > >, std::_Select1st<std::pair<std::__cxx11::basic_string<char, std::char_traits<char>, std::allocator<char> > const, std::pair<std::vector<double, std::allocator<double> >, std::vector<unsigned long, std::allocator<unsigned long> > > > >, std::less<std::__cxx11::basic_string<char, std::char_traits<char>, std::allocator<char> > >, std::allocator<std::pair<std::__cxx11::basic_string<char, std::char_traits<char>, std::allocator<char> > const, std::pair<std::vector<double, std::allocator<double> >, std::vector<unsigned long, std::allocator<unsigned long> > > > > >::_Alloc_node&) [clone .isra.0]
0 12 0 8 2 0 0 2
cob=(2)
cfi=(51)
cfn=(1004)
calls=1 0 
0 59 15 8
0 8 2 2
cfn=(1906)
calls=1 0 
0 35 11 8
0 3 0 1
cfn=(3110)
calls=1 0 
0 41488 40263 40204 19 632 627 9
0 3 0 1
cfn=(3074)
calls=1 0 
0 109 27 20 0 11 1
0 15 3 5 2 1 1 2
cob=(2)
cfi=(51)
cfn=(1004)
calls=1 0 
0 59 15 8 0 2
0 8 2 2 0 1
cfn=(1906)
calls=1 0 
0 35 11 8 0 2
0 12 2 3 1 0 1 1
cob=(2)
cfi=(51)
cfn=(1004)
calls=1 0 
0 332 64 50 4 9 5 4
0 15 2 3 1 0 0 1
cob=(2)
cfi=(51)
cfn=(1946)
calls=1 0 
0 110045 31260 31254 7 15627 15624 0 260 49
0 14 2 4 1 1 1 1
cob=(2)
cfi=(51)
cfn=(1004)
calls=1 0 
0 59 15 8 0 9 1
0 15 2 3 1 0 0 1
cob=(2)
cfi=(51)
cfn=(1946)
calls=1 0 
0 13 4 2 0 2
0 24 10 6 1 2 2 1

fn=(3310)
0 24 2 12 4 0 1 2

fn=(3312)
0 15 1 7 1 0 0 1
cob=(2)
cfi=(51)
cfn=(2114)
calls=1 0 
0 854 262 198 24 6
0 4 0 1 1 0 0 1
cob=(2)
cfi=(51)
cfn=(2610)
calls=1 0 
0 4285 1125 543 33 35 7 17 5
0 3 0 1
cfn=(3330) cmdstan::current_datetime[abi:cxx11]()
calls=1 0 
0 9881 2668 1482 113 72 11 48 9 1
0 4 2 1
cob=(2)
cfi=(51)
cfn=(2610)
calls=1 0 
0 134 47 27
0 7 2 1 1 0 0 1
cob=(2)
cfi=(51)
cfn=(1948)
calls=1 0 
0 99 31 15 0 1
0 5 2 1
cob=(2)
cfi=(51)
cfn=(2218)
calls=1 0 
0 234 57 39 0 1
0 3 0 1
cfn=(3282)
calls=1 0 
0 691 239 117 10 4
0 6 2 1
cob=(2)
cfi=(51)
cfn=(1948)
calls=1 0 
0 99 31 15
0 17 2 4 2 0 0 2
cob=(2)
cfi=(51)
cfn=(1948)
calls=1 0 
0 99 31 15
0 4 0 2
cob=(2)
cfi=(51)
cfn=(2678)
calls=1 0 
0 10 5 1 1 0 0 1
0 19 9 8 2 4 0 2 1
cob=(2)
cfi=(51)
cfn=(2680)
calls=1 0 
0 57 21 12
0 10 8 0 1 0 0 1

fn=(3412) auto cmdstan::get_arg_val<cmdstan::singleton_argument<double>, cmdstan::argument_parser&, char const (&) [7], char const (&) [7], char const (&) [10], char const (&) [4], char const (&) [16]>(cmdstan::argument_parser&, char const (&) [7], char const (&) [7], char const (&) [10], char const (&) [4], char const (&) [16])
0 23 1 11 3 0 0 3
cob=(2)
cfi=(51)
cfn=(1822)
calls=1 0 
0 16 3
0 4 0 1
cfn=(1884)
calls=1 0 
0 57 14 10
0 3 0 1
cfn=(2346)
calls=1 0 
0 110 31 16
0 9 2 3 1 0 0 1
cob=(2)
cfi=(51)
cfn=(1822)
calls=1 0 
0 16 3
0 4 0 1
cfn=(1884)
calls=1 0 
0 57 14 10
0 4 1 1
cfn=(2574)
calls=1 0 
0 135 40 18
0 9 2 3 1 0 0 1
cob=(2)
cfi=(51)
cfn=(1822)
calls=1 0 
0 16 3
0 4 0 1
cfn=(1884)
calls=1 0 
0 55 14 10
0 4 1 1
cfn=(2578)
calls=1 0 
0 362 95 51
0 9 2 3 1 0 0 1
cob=(2)
cfi=(51)
cfn=(1822)
calls=1 0 
0 16 3
0 4 0 1
cfn=(1884)
calls=1 0 
0 60 14 10
0 4 1 1
cfn=(2574)
calls=1 0 
0 138 40 18
0 3 1 1
cfn=(2582)
calls=1 0 
0 425 111 64
0 20 5 1 3 0 0 3
cob=(2)
cfi=(51)
cfn=(2278)
calls=1 0 
0 217 66 36 0 1 0 0 1
0 12 10

fn=(3424) int stan::services::sample::hmc_nuts_diag_e_adapt<stan::model::model_base, std::shared_ptr<stan::io::var_context>, stan::callbacks::writer, stan::callbacks::unique_stream_writer<std::basic_ofstream<char, std::char_traits<char> >, std::default_delete<std::basic_ofstream<char, std::char_traits<char> > > >, stan::callbacks::unique_stream_writer<std::basic_ofstream<char, std::char_traits<char> >, std::default_delete<std::basic_ofstream<char, std::char_traits<char> > > >, stan::callbacks::json_writer<std::basic_ofstream<char, std::char_traits<char> >, std::default_delete<std::basic_ofstream<char, std::char_traits<char> > > > >(stan::model::model_base&, unsigned long, std::vector<std::shared_ptr<stan::io::var_context>, std::allocator<std::shared_ptr<stan::io::var_context> > > const&, unsigned int, unsigned int, double, int, int, int, bool, int, double, double, int, double, double, double, double, unsigned int, unsigned int, unsigned int, stan::callbacks::interrupt&, stan::callbacks::logger&, std::vector<stan::callbacks::writer, std::allocator<stan::callbacks::writer> >&, std::vector<stan::callbacks::unique_stream_writer<std::basic_ofstream<char, std::char_traits<char> >, std::default_delete<std::basic_ofstream<char, std::char_traits<char> > > >, std::allocator<stan::callbacks::unique_stream_writer<std::basic_ofstream<char, std::char_traits<char> >, std::default_delete<std::basic_ofstream<char, std::char_traits<char> > > > > >&, std::vector<stan::callbacks::unique_stream_writer<std::basic_ofstream<char, std::char_traits<char> >, std::default_delete<std::basic_ofstream<char, std::char_traits<char> > > >, std::allocator<stan::callbacks::unique_stream_writer<std::basic_ofstream<char, std::char_traits<char> >, std::default_delete<std::basic_ofstream<char, std::char_traits<char> > > > > >&, std::vector<stan::callbacks::json_writer<std::basic_ofstream<char, std::char_traits<char> >, std::default_delete<std::basic_ofstream<char, std::char_traits<char> > > >, std::allocator<stan::callbacks::json_writer<std::basic_ofstream<char, std::char_traits<char> >, std::default_delete<std::basic_ofstream<char, std::char_traits<char> > > > > >&)
0 46 8 30 5 0 0 5
cfn=(3426)
calls=1 0 
0 105 26 15 4 0 0 4
0 11 2 3 1 0 0 1
cfn=(3428) stan::services::util::create_unit_e_diag_inv_metric(unsigned long)
calls=1 0 
0 2966 704 546 72 13 13 45 3
0 2 0 1
cob=(2)
cfi=(51)
cfn=(1004)
calls=1 0 
0 215 43 39 0 1 2
0 104 24 31 12 0 0 12
cfn=(2848)
calls=1 0 
0 4 1 0 2 0 0 2
0 19 7 1 4 4 1 4 1
cfn=(4538) stan::io::array_var_context::~array_var_context()
calls=1 0 
0 545 166 77 8 5 1 5
0 8 1 1
cob=(2)
cfi=(51)
cfn=(1948)
calls=1 0 
0 99 31 15
0 72 42 20 7 5 1 6
cfn=(3434)
calls=1 0 
0 430250086 136755811 61355629 316935 25772050 1364361 26106 91918 57
0 3 0 0 2 0 0 1

fn=(3438)
0 35 4 21 4 2 2 4
cfn=(3440)
calls=1 0 
0 246 52 52 17 10 1 17
0 14 5 3 1 2 0 1 1
cfn=(3442) stan::io::empty_var_context::contains_r(std::__cxx11::basic_string<char, std::char_traits<char>, std::allocator<char> > const&) const
calls=1 0 
0 3 1 0 1 0 0 1
0 14 6 2
cfn=(3442)
calls=2 0 
0 6 2
0 18 9 6
cfn=(3442)
calls=3 0 
0 9 3
0 43 9 10 2 0 0 2
cob=(2)
cfi=(51)
cfn=(2114)
calls=1 0 
0 854 262 198 34 30
0 7 3 2 1 0 0 1
cfn=(3444)
calls=1 0 
0 3721 795 545 69 34 13 66 9
0 30 9 4 2 0 0 2
cob=(2)
cfi=(51)
cfn=(1948)
calls=3 0 
0 297 93 45
0 13 2 1 1 0 0 1
cob=(2)
cfi=(51)
cfn=(1948)
calls=1 0 
0 99 31 15
0 6 2 1
cob=(2)
cfi=(51)
cfn=(1948)
calls=1 0 
0 99 31 15
0 18 6 1 1 0 0 1
cob=(2)
cfi=(51)
cfn=(1948)
calls=1 0 
0 99 31 15
0 9 2 1 1 0 0 1
cob=(2)
cfi=(51)
cfn=(1948)
calls=1 0 
0 99 31 15 0 1
0 5 0 1
cfn=(2342)
calls=1 0 
0 141 41 18
0 5 0 2 1 0 0 1
cfn=(1884)
calls=1 0 
0 33 8 7
0 6 3 1
cob=(2)
cfi=(51)
cfn=(1910)
calls=1 0 
0 56 11 8 7 1
0 8 3 1 1 0 0 1
cob=(2)
cfi=(51)
cfn=(3464)
calls=1 0 
0 51 8 8 6 2
0 10 4 2 1 1 0 1 1
cfn=(3466) stan::model::model_base_crtp<model_model_namespace::model_model>::log_prob_jacobian(std::vector<double, std::allocator<double> >&, std::vector<int, std::allocator<int> >&, std::ostream*) const
calls=1 0 
0 361092 119221 85670 230 18264 1271 181 503
0 4 0 2 0 0 1
cob=(2)
cfi=(51)
cfn=(2218)
calls=1 0 
0 86 18 14 5 3 1 0 1
0 16 5 2 2 2 0 2
cob=(2)
cfi=(51)
cfn=(2114)
calls=1 0 
0 854 262 198 19 29 7 0 2
0 4 0 3 1 0 1 1
cob=(2)
cfi=(51)
cfn=(3516)
calls=1 0 
0 30 11 2 5 4 0 2 1
0 7 3 2
cfn=(3520) double stan::model::log_prob_grad<true, true, stan::model::model_base>(stan::model::model_base const&, std::vector<double, std::allocator<double> >&, std::vector<int, std::allocator<int> >&, std::vector<double, std::allocator<double> >&, std::ostream*)
calls=1 0 
0 630857 201563 89773 276 38498 2022 229 65 44
0 1 0 1 1
cob=(2)
cfi=(51)
cfn=(3516)
calls=1 0 
0 30 11 2 1 4 0 0 1
0 4 0 2 1 0 0 1
cob=(2)
cfi=(51)
cfn=(2218)
calls=1 0 
0 1227 323 148 55 50 8 1 2
0 130 35 1 3 3 0 3 1
cfn=(1820)
calls=1 0 
0 68 13 11 8 2 0 1 2
0 3 0 1
cfn=(3578)
calls=1 0 
0 488 172 83 53 22 1 3 5
0 7 1 2 1 0 1 1
cob=(2)
cfi=(51)
cfn=(2114)
calls=1 0 
0 854 262 198 39 28 6 0 1
0 5 0 1 1 0 0 1
cob=(2)
cfi=(51)
cfn=(2610)
calls=1 0 
0 665 185 111 43 12 0 0 3
0 14 3 2 1 1 0 1 1
cob=(2)
cfi=(51)
cfn=(2118)
calls=1 0 
0 2575 558 390 191 43 16
0 3 0 1
cob=(2)
cfi=(51)
cfn=(3580)
calls=1 0 
0 1420 370 165 15 15 0 4 1
0 4 3 1
cfn=(3588)
calls=1 0 
0 937 288 156 35 4 0 5 1
0 2 0 1
cob=(2)
cfi=(51)
cfn=(2114)
calls=1 0 
0 854 262 198 11 0 6
0 4 0 1 1 0 0 1
cob=(2)
cfi=(51)
cfn=(2610)
calls=1 0 
0 663 185 111 9 2 0 0 1
0 4 0 1
cob=(2)
cfi=(51)
cfn=(2610)
calls=1 0 
0 134 47 27 0 1 1 0 1
0 4 0 1
cob=(2)
cfi=(51)
cfn=(2610)
calls=1 0 
0 139 46 26 0 1 0 0 1
0 4 2 1 1 1 0 1 1
cob=(2)
cfi=(51)
cfn=(2118)
calls=1 0 
0 3102 732 486 78 1 1 3
0 3 0 1
cob=(2)
cfi=(51)
cfn=(3580)
calls=1 0 
0 173 54 31 3
0 4 2 1
cfn=(3588)
calls=1 0 
0 957 294 160 16 1 2
0 6 2 1 1 0 0 1
cfn=(1820)
calls=1 0 
0 172 37 25 3 4 2 0 3
0 3 0 1
cfn=(3578)
calls=1 0 
0 600 197 100 2
0 8 2 2
cob=(2)
cfi=(51)
cfn=(1948)
calls=1 0 
0 99 31 15
0 5 2 1 1 0 0 1
cfn=(1820)
calls=1 0 
0 68 13 11
0 3 0 1
cfn=(3578)
calls=1 0 
0 488 172 83
0 8 4 1 1 0 0 1
cfn=(1820)
calls=1 0 
0 68 13 11
0 3 0 1
cfn=(3578)
calls=1 0 
0 488 172 83
0 5 2 1
cob=(2)
cfi=(51)
cfn=(2226)
calls=1 0 
0 200 63 39 12 5
0 2 1 1
cob=(2)
cfi=(51)
cfn=(2226)
calls=1 0 
0 200 63 39 0 1
0 4 4 1 1 2 0 1 1
cfn=(3590) stan::callbacks::writer::operator()(std::vector<double, std::allocator<double> > const&)
calls=1 0 
0 2 1 0 1 0 0 1
0 6 1 1
cob=(2)
cfi=(51)
cfn=(1948)
calls=1 0 
0 99 31 15
0 2 1 1
cob=(2)
cfi=(51)
cfn=(2226)
calls=1 0 
0 104 33 23 0 1 2
0 2 1 1
cob=(2)
cfi=(51)
cfn=(2226)
calls=1 0 
0 104 33 23 0 3 2
0 2 1 1 1 0 0 1
cfn=(2342)
calls=1 0 
0 141 41 18 3 3
0 25 11 1 3 1 0 2
cfn=(3110)
calls=1 0 
0 130 34 26 3 1 0 3
0 9 5 2 1 0 0 1

fn=(3520)
0 28 3 10 2 1 0 2
cob=(2)
cfi=(51)
cfn=(1004)
calls=1 0 
0 59 15 8 0 2
0 10 0 4 1 0 0 1
cob=(2)
cfi=(51)
cfn=(1020)
calls=1 0 
0 28 3 8 1 1 3 0 1
0 697 264 198 3 9 12 3 2 9
cfn=(3524)
calls=1 0 
0 626963 200378 89094 233 38430 1999 187 53 35
0 111 107 21 1 14 0 1 8
cfn=(3568) stan::math::internal::callback_vari<double, stan::math::operator+<double, (void*)0>(stan::math::var_value<double, void> const&, double)::{lambda(auto:1&&)#1}>::chain()
calls=1 0 
0 6 4 1 1 0 0 1
cfn=(3566)
calls=1 0 
0 9 7 1 2 0 0 2
cfn=(3564) stan::math::internal::reverse_pass_callback_vari<stan::math::internal::partials_propagator<stan::math::var_value<double, void>, void, Eigen::Matrix<stan::math::var_value<double, void>, -1, 1, 0, -1, 1>, double, double>::build(double)::{lambda(auto:1&&)#1}::operator()<stan::math::internal::ops_partials_edge<double, Eigen::Matrix<stan::math::var_value<double, void>, -1, 1, 0, -1, 1>, void>&>(stan::math::internal::ops_partials_edge<double, Eigen::Matrix<stan::math::var_value<double, void>, -1, 1, 0, -1, 1>, void>&)::{lambda()#1}>::chain()
calls=1 0 
0 216 79 24 0 6
cfn=(3562)
calls=2 0 
0 4 2
cfn=(3560) stan::math::internal::reverse_pass_callback_vari<stan::math::internal::partials_propagator<stan::math::var_value<double, void>, void, stan::math::var_value<double, void>, double, double, double>::build(double)::{lambda(auto:1&&)#1}::operator()<stan::math::internal::ops_partials_edge<double, stan::math::var_value<double, void>, void>&>(stan::math::internal::ops_partials_edge<double, stan::math::var_value<double, void>, void>&)::{lambda()#1}>::chain()
calls=2 0 
0 16 12 2 1 0 0 1
cfn=(3558)
calls=6 0 
0 12 6 0 1 0 0 1
cfn=(3556) stan::math::internal::callback_vari<double, stan::math::operator-<double, (void*)0>(stan::math::var_value<double, void> const&, double)::{lambda(auto:1&&)#1}>::chain()
calls=1 0 
0 6 4 1 1 1 0 1
cfn=(3554) stan::math::internal::reverse_pass_callback_vari<stan::math::internal::partials_propagator<stan::math::var_value<double, void>, void, Eigen::Matrix<double, -1, 1, 0, -1, 1>, Eigen::Matrix<double, -1, -1, 0, -1, -1>, stan::math::var_value<double, void>, Eigen::Matrix<stan::math::var_value<double, void>, -1, 1, 0, -1, 1>, stan::math::var_value<double, void> >::build(double)::{lambda(auto:1&&)#1}::operator()<stan::math::internal::ops_partials_edge<double, Eigen::Matrix<double, -1, 1, 0, -1, 1>, void>&>(stan::math::internal::ops_partials_edge<double, Eigen::Matrix<double, -1, 1, 0, -1, 1>, void>&)::{lambda()#1}>::chain()
calls=1 0 
0 2 1
cfn=(3552)
calls=1 0 
0 2 1 0 1 0 0 1
cfn=(3548) stan::math::internal::reverse_pass_callback_vari<stan::math::internal::partials_propagator<stan::math::var_value<double, void>, void, Eigen::Matrix<double, -1, 1, 0, -1, 1>, Eigen::Matrix<double, -1, -1, 0, -1, -1>, stan::math::var_value<double, void>, Eigen::Matrix<stan::math::var_value<double, void>, -1, 1, 0, -1, 1>, stan::math::var_value<double, void> >::build(double)::{lambda(auto:1&&)#1}::operator()<stan::math::internal::ops_partials_edge<double, Eigen::Matrix<stan::math::var_value<double, void>, -1, 1, 0, -1, 1>, void>&>(stan::math::internal::ops_partials_edge<double, Eigen::Matrix<stan::math::var_value<double, void>, -1, 1, 0, -1, 1>, void>&)::{lambda()#1}>::chain()
calls=1 0 
0 216 79 24 4 16 0 4
cfn=(3546)
calls=2 0 
0 16 12 2 1 0 0 1
cfn=(3544)
calls=1 0 
0 45 14 5 2 1 0 2
0 258 57 27 2 6 0 2
cfn=(3572) stan::math::recover_memory()
calls=1 0 
0 33 17 7 3 2 0 3
0 6 2 1
cob=(2)
cfi=(51)
cfn=(1948)
calls=1 0 
0 99 31 15
0 42 9 18 2 1 0 2
cfn=(3522)
calls=6 0 
0 1364 345 217 6 5 3 6
0 28 12 1 1 0 0 1
cfn=(3570) std::vector<double, std::allocator<double> >::_M_default_append(unsigned long)
calls=1 0 
0 576 97 84 7 3 5 7 1
0 5 2

fn=(3530)
0 26880 4704 10080 2907 151 225 5
cob=(2)
cfi=(51)
cfn=(3170)
calls=672 0 
0 61152 19488 10080
0 10080 6048 672 624 0 0 1
cob=(2)
cfi=(51)
cfn=(1024)
calls=672 0 
0 30577 8119 4079 2 673 6
0 10752 0 1344 672 0 0 1
cob=(2)
cfi=(51)
cfn=(1886)
calls=672 0 
0 21504 7392 5376 44 2 1346
0 25536 2016 5376 2016 0 0 3
cob=(2)
cfi=(51)
cfn=(1020)
calls=672 0 
0 18816 2016 5376 793 670 2004 0 665 3
0 16128 3360 4704 986 0 81 2
cob=(2)
cfi=(51)
cfn=(1886)
calls=672 0 
0 21504 7392 5376 0 0 97 0 0 3
0 5376 0 4032 672 0 195 1
cob=(2)
cfi=(51)
cfn=(3170)
calls=672 0 
0 61152 19488 10080 40 35 619
0 55776 11424 2016 3077 183 0 6
cob=(2)
cfi=(51)
cfn=(3472)
calls=672 0 
0 15456 2016 0 2214 88
0 95424 16128 15456 4688 74 335 7 0 4
cfn=(3528)
calls=672 0 
0 6048 2688 1344
0 12768 2688 6048 672 0 66 1 0 1
cfn=(3528)
calls=672 0 
0 6289 2749 1381
0 10752 2016 4032 672 0 0 1
cfn=(3528)
calls=672 0 
0 6048 2688 1344
0 11424 3360 4032 672 0 155 1 0 1
cfn=(3528)
calls=672 0 
0 6290 2749 1381 0 0 15
0 1344 0 672
cob=(2)
cfi=(51)
cfn=(3170)
calls=672 0 
0 61152 19488 10080
0 4704 0 672 1344 0 253 2
cob=(2)
cfi=(51)
cfn=(1024)
calls=672 0 
0 30240 8064 4032 0 670 34
0 254688 51072 56448 1730 0 2134 4
cob=(2)
cfi=(51)
cfn=(1024)
calls=672 0 
0 30240 8064 4032
0 71232 10752 8064 80 0 0 2

fn=(3536)
0 62983 16058 20110 4821 2001 332 10
cob=(2)
cfi=(51)
cfn=(1024)
calls=667 0 
0 247397 45492 37467 3930 803 1787 2
0 14674 3335 4669 875 0 0 2
cob=(2)
cfi=(51)
cfn=(3512)
calls=667 0 
0 26916170 36707 26715357 8788 2200 416915 0 667
0 19343 6003 5336 2001 1707 1334 3
cfn=(3514)
calls=667 0 
0 161654787 47133555 1681507 12535 10440845 1485 0 53602
0 1334 0 667
cob=(2)
cfi=(51)
cfn=(3170)
calls=667 0 
0 60697 19343 10005 0 6670 0 0 667
0 11339 2668 2001 978 373 667 2
cob=(2)
cfi=(51)
cfn=(1886)
calls=667 0 
0 26681334 26663325 26659990 672 418876 418209 0 667
0 4002 2001 1334 667 373 0 1
cob=(2)
cfi=(51)
cfn=(3170)
calls=667 0 
0 86043 26013 9338 2675 9338 1334
0 15056191 3345005 1676838 3708 839237 2152 7 1334
cob=(2)
cfi=(51)
cfn=(1020)
calls=667 0 
0 11339 1334 1334 48 667 667 0 667 1
0 8671 1334 1334 667 0 0 1
cob=(2)
cfi=(51)
cfn=(1020)
calls=667 0 
0 18676 2001 5336 0 0 2001 0 0 3
0 6003 667 667 667 0 0 1
cob=(2)
cfi=(51)
cfn=(1020)
calls=667 0 
0 11339 1334 1334
0 16675 6670 4669 1334 0 357 2
cob=(2)
cfi=(51)
cfn=(1886)
calls=667 0 
0 21344 7337 5336 0 0 2001 0 0 3
0 14007 3335 8671 1334 167 1334 2
cob=(2)
cfi=(51)
cfn=(3170)
calls=667 0 
0 60697 19343 10005 0 2668 1024
0 7337 2001 2001 667 0 310 1
cob=(2)
cfi=(51)
cfn=(1024)
calls=667 0 
0 127397 22011 20010 0 4669 2001
0 11339 667 2668 1321 0 373 2
cob=(2)
cfi=(51)
cfn=(1024)
calls=667 0 
0 30015 8004 4002 0 5336 143 0 667
0 9338 3335 1334
cob=(2)
cfi=(51)
cfn=(1886)
calls=667 0 
0 21344 7337 5336 0 3007 2001
0 8671 0 4669 1327 0 151 2
cob=(2)
cfi=(51)
cfn=(1024)
calls=667 0 
0 30015 8004 4002 0 5336 143
0 10136399 1710188 1689511 3682 429498 420671 8
cob=(2)
cfi=(51)
cfn=(3512)
calls=667 0 
0 234125 36341 31284 1261 10062 4752 0 667
0 18009 3335 4669 1024 667 1191 3
cfn=(3538)
calls=667 0 
0 160391489 50107708 51359 10276 12546029 5803 19 4669
0 63365 10005 8671 1546 2415 2668 4 0 3
cob=(2)
cfi=(51)
cfn=(3170)
calls=667 0 
0 100791 30426 12960 414 8496 0 0 667
0 7526428 1671502 3335 2539 418558 2168 5
cob=(2)
cfi=(51)
cfn=(3170)
calls=667 0 
0 86043 26013 9338 0 10005 1334
0 10005 3335 2001 667 1485 0 1 1334
cob=(2)
cfi=(51)
cfn=(3472)
calls=667 0 
0 37304 8719 0 48 4002 0 3 697
0 17342 5336 4002 2001 2874 1334 3 2001
cfn=(3528)
calls=667 0 
0 6003 2668 1334 0 667 667
0 10672 2001 4002 311 0 1334 1 0 1
cfn=(3528)
calls=667 0 
0 6003 2668 1334 0 667 667
0 10672 2001 4002 667 0 206 1
cfn=(3528)
calls=667 0 
0 6003 2668 1334
0 12673 4002 4669 768 516 667 2 0 1
cfn=(3528)
calls=667 0 
0 6411 2760 1404 3 11 7 0 2
0 15341 2668 6003 368 151 818 2 0 1
cfn=(3528)
calls=667 0 
0 6003 2668 1334
0 12006 4002 4669 662 206 310 1
cfn=(3528)
calls=667 0 
0 6003 2668 1334
0 1334 0 667
cob=(2)
cfi=(51)
cfn=(3170)
calls=667 0 
0 114242 33729 14959 297 2800 293
0 4192115 1668834 682 4674 416875 669 8
cfn=(3674)
calls=5 0 
0 237784 45674 24799 2246 1241 274 244 346

fn=(3550) void stan::math::internal::update_adjoints<stan::math::arena_matrix<Eigen::Matrix<stan::math::var_value<double, void>, -1, 1, 0, -1, 1>, void>, stan::math::arena_matrix<Eigen::Matrix<double, -1, 1, 0, -1, 1>, void>, (void*)0, (void*)0>(stan::math::arena_matrix<Eigen::Matrix<stan::math::var_value<double, void>, -1, 1, 0, -1, 1>, void>&, stan::math::arena_matrix<Eigen::Matrix<double, -1, 1, 0, -1, 1>, void> const&, stan::math::var_value<double, void> const&)
0 280140 105386 32016 237 14674 0 3

fn=(3564)
0 4002
cfn=(3550)
calls=667 0 
0 140070 52693 16008 0 4002

fn=(3614)
0 528255 121905 92880 684 3510 15245 4

fn=(3646) void stan::model::gradient<stan::model::model_base>(stan::model::model_base const&, Eigen::Matrix<double, -1, 1, 0, -1, 1> const&, double&, Eigen::Matrix<double, -1, 1, 0, -1, 1>&, stan::callbacks::logger&)
0 12749 671 5368 152 0 43 2
cob=(2)
cfi=(51)
cfn=(2114)
calls=671 0 
0 573034 175802 132858 24476 16946 742 0 1248
0 5368 0 2013 0 0 2
cfn=(3648) void stan::math::gradient<stan::model::model_functional<stan::model::model_base> >(stan::model::model_functional<stan::model::model_base> const&, Eigen::Matrix<double, -1, 1, 0, -1, 1> const&, double&, Eigen::Matrix<double, -1, 1, 0, -1, 1>&)
calls=671 0 
0 418608666 133816704 59509661 184965 25624294 1317657 387 77962
0 1998 0 666 120 0 0 1
cob=(2)
cfi=(51)
cfn=(2218)
calls=666 0 
0 39960 11322 9324 4697 2354 809 0 666
0 16650 1998 3330 755 0 477 2
cob=(2)
cfi=(51)
cfn=(2678)
calls=666 0 
0 6660 3330 666 667 1332 0 0 666
0 12654 5994 5328 1330 2664 0 2 666
cob=(2)
cfi=(51)
cfn=(2680)
calls=666 0 
0 37962 13986 7992 5160 4558 0 0 666
0 7361 5994 5 320 1126 0 1
cob=(2)
cfi=(51)
cfn=(2226)
calls=5 0 
0 520 165 115 0 6 2
0 10 0 5
cob=(2)
cfi=(51)
cfn=(4284)
calls=5 0 
0 40115 7900 4210 0 3 3
0 5 0 5
cob=(2)
cfi=(51)
cfn=(4298)
calls=5 0 
0 260 85 35
0 15 0 5 5 0 0 1
cob=(2)
cfi=(51)
cfn=(2218)
calls=5 0 
0 300 85 70 28 8 5
0 40 10 5 5 0 0 1
cob=(2)
cfi=(51)
cfn=(4378)
calls=5 0 
0 96918 18963 10136 37 86 1 8 37
0 15 0 5
cob=(2)
cfi=(51)
cfn=(4324)
calls=5 0 
0 230 80 20
0 5

fn=(4412)
0 27 6 7 4 1 1 4
cfn=(3596)
calls=1 0 
0 57 14 8 1
0 83 15 15 2 3 0 2

fn=(4416) stan::mcmc::base_nuts<stan::model::model_base, stan::mcmc::diag_e_metric, stan::mcmc::expl_leapfrog, boost::random::mixmax_engine<17, 36u, 0l> >::get_sampler_param_names(std::vector<std::__cxx11::basic_string<char, std::char_traits<char>, std::allocator<char> >, std::allocator<std::__cxx11::basic_string<char, std::char_traits<char>, std::allocator<char> > > >&)
0 32 2 12 3 0 0 2
cfn=(1884)
calls=2 0 
0 110 28 20 0 1 0 0 1
0 6 0 2
cfn=(2274)
calls=2 0 
0 590 146 100 0 2 2
0 16 2 4 1 0 0 1
cfn=(1884)
calls=2 0 
0 110 28 20
0 6 0 2
cfn=(2274)
calls=2 0 
0 52 16 16
0 16 2 4 1 0 0 1
cfn=(1884)
calls=2 0 
0 110 28 20
0 6 0 2
cfn=(2274)
calls=2 0 
0 1092 215 161 2 6 4
0 16 2 4 1 0 0 1
cfn=(1884)
calls=2 0 
0 110 28 20 0 1 0 0 1
0 6 0 2
cfn=(2274)
calls=2 0 
0 52 16 16 0 0 1
0 16 2 4 1 0 0 1
cfn=(1884)
calls=2 0 
0 110 28 20
0 6 0 2
cfn=(2274)
calls=2 0 
0 52 16 16
0 22 14 0 1 0 0 1

fn=(4434)
0 24 1 11 2 0 0 2
cfn=(1884)
calls=1 0 
0 57 14 10 1
0 3 0 1
cfn=(2274)
calls=1 0 
0 154 34 27
0 8 1 2 1 0 0 1
cfn=(1884)
calls=1 0 
0 55 14 10
0 3 0 1
cfn=(2274)
calls=1 0 
0 281 70 47
0 7 3 1 1 0 0 1
cfn=(4416)
calls=1 0 
0 1045 258 199 1
0 10 2 3 0 1 0 0 1
cfn=(4436)
calls=1 0 
0 9133 2219 1815 33 0 0 30
0 5 2 1 1 1 0 1 1
cfn=(4438) stan::mcmc::base_hmc<stan::model::model_base, stan::mcmc::diag_e_metric, stan::mcmc::expl_leapfrog, boost::random::mixmax_engine<17, 36u, 0l> >::get_sampler_diagnostic_names(std::vector<std::__cxx11::basic_string<char, std::char_traits<char>, std::allocator<char> >, std::allocator<std::__cxx11::basic_string<char, std::char_traits<char>, std::allocator<char> > > >&, std::vector<std::__cxx11::basic_string<char, std::char_traits<char>, std::allocator<char> >, std::allocator<std::__cxx11::basic_string<char, std::char_traits<char>, std::allocator<char> > > >&)
calls=1 0 
0 8713 2229 1850 24 1 28 19
0 4 3 1 0 1
cfn=(4420)
calls=1 0 
0 4 2
0 116 30 1 1 0 0 1
cob=(2)
cfi=(51)
cfn=(1948)
calls=1 0 
0 99 31 15
0 352 89 1 1 0 0 1
cob=(2)
cfi=(51)
cfn=(1948)
calls=1 0 
0 170 49 21
0 346 9 0 2 0 0 2

fn=(4488)
0 3390 1140 540 90 90 0 3
cfn=(3612)
calls=30 0 
0 2610 630 420
0 90 30

fn=(4490)
0 17 3 7 2 2 0 2 1
cfn=(1884)
calls=1 0 
0 762 128 102 22 12 5 0 1
0 3 0 1
cfn=(3282)
calls=1 0 
0 690 239 117 55 25 1 0 5
0 6 2 1
cob=(2)
cfi=(51)
cfn=(1948)
calls=1 0 
0 99 31 15 4 4 0 0 1
0 9 7 0 1 0 0 1

fn=(4582)
0 216 42 22 3 25 0 3
cob=(2)
cfi=(51)
cfn=(1948)
calls=2 0 
0 240 70 28 0 5
0 61 17 7 1 5 0 1
cob=(2)
cfi=(51)
cfn=(1948)
calls=7 0 
0 840 245 98 0 9
0 187 39 29 1 12 0 1
cob=(2)
cfi=(51)
cfn=(1948)
calls=9 0 
0 1003 304 135 0 9
0 48 14 0 1 0 0 1
cob=(2)
cfi=(51)
cfn=(1948)
calls=2 0 
0 240 70 28
0 16 16

fn=(4624)
0 30 11 6 1 6 0 1 2
cfn=(4550)
calls=1 0 
0 425 122 52 0 4
cfn=(4628) cmdstan::arg_log_prob_constrained_params::~arg_log_prob_constrained_params()
calls=1 0 
0 524 150 66 1 7 0 1
cfn=(4626) cmdstan::arg_log_prob_unconstrained_params::~arg_log_prob_unconstrained_params()
calls=1 0 
0 524 150 66 2 5 0 2
0 18 5 2 1 0 0 1
cob=(2)
cfi=(51)
cfn=(1948)
calls=1 0 
0 120 35 14
0 9 2 2 1 0 0 1
cob=(2)
cfi=(51)
cfn=(1948)
calls=1 0 
0 120 35 14
0 10 3
cob=(2)
cfi=(51)
cfn=(1948)
calls=1 0 
0 120 35 14

fn=(4634) cmdstan::arg_data::~arg_data()
0 18 5 4 2 4 0 2 1
cfn=(4636) cmdstan::arg_data_file::~arg_data_file()
calls=1 0 
0 402 115 52 2 7 0 1
0 12 3 2
cob=(2)
cfi=(51)
cfn=(1948)
calls=1 0 
0 120 35 14
0 9 2 2 1 1 0 1
cob=(2)
cfi=(51)
cfn=(1948)
calls=1 0 
0 120 35 14
0 10 3
cob=(2)
cfi=(51)
cfn=(1948)
calls=1 0 
0 120 35 14

fn=(4636)
0 6 0 3 1 0 0 1
cfn=(4582)
calls=1 0 
0 293 83 34 0 7
0 4 1 0 1
cob=(2)
cfi=(51)
cfn=(1948)
calls=1 0 
0 99 31 15

fn=(4642) cmdstan::arg_seed::~arg_seed()
0 12 2 3 1 1 0 1
cob=(2)
cfi=(51)
cfn=(1948)
calls=1 0 
0 120 35 14 0 2
0 19 4 3 2 2 0 2
cob=(2)
cfi=(51)
cfn=(1948)
calls=1 0 
0 120 35 14 0 2
0 8 2
cob=(2)
cfi=(51)
cfn=(1948)
calls=1 0 
0 99 31 15

fn=(4656) cmdstan::arg_num_threads::~arg_num_threads()
0 12 2 3 1 1 0 1
cob=(2)
cfi=(51)
cfn=(1948)
calls=1 0 
0 120 35 14 0 1
0 19 4 3 1 1 0 1
cob=(2)
cfi=(51)
cfn=(1948)
calls=1 0 
0 99 31 15
0 8 2
cob=(2)
cfi=(51)
cfn=(1948)
calls=1 0 
0 173 52 20

fn=(4700) std::_Sp_counted_ptr<boost::re_detail_500::basic_regex_implementation<char, boost::regex_traits<char, boost::cpp_regex_traits<char> > >*, (__gnu_cxx::_Lock_policy)2>::_M_destroy()
0 3 0 0 1 0 0 1
cob=(2)
cfi=(51)
cfn=(1948)
calls=1 0 
0 120 35 14

fn=(3048) std::map<std::__cxx11::basic_string<char, std::char_traits<char>, std::allocator<char> >, bool, std::less<std::__cxx11::basic_string<char, std::char_traits<char>, std::allocator<char> > >, std::allocator<std::pair<std::__cxx11::basic_string<char, std::char_traits<char>, std::allocator<char> > const, bool> > >::operator[](std::__cxx11::basic_string<char, std::char_traits<char>, std::allocator<char> > const&)
0 363 70 107 2 6 0 2
cob=(2)
cfi=(51)
cfn=(2304)
calls=17 0 
0 213 68
0 225 32 7 1 0 0 1
cob=(2)
cfi=(51)
cfn=(2304)
calls=7 0 
0 93 28
0 168 70 5 2 0 0 2
cob=(2)
cfi=(51)
cfn=(1004)
calls=5 0 
0 1063 210 177 3 0 6 0 0 2
0 55 15 10 2 0 1 2 0 1
cfn=(1906)
calls=5 0 
0 195 58 42
0 25 5 10
cfn=(3050)
calls=5 0 
0 363 109 55 13 0 0 13
0 48 13 2 1 0 0 1
cfn=(3060)
calls=2 0 
0 60 14 6
0 21 3 3 2 0 0 1
cob=(2)
cfi=(51)
cfn=(2956)
calls=3 0 
0 86 17 24
0 8 2 2
cob=(2)
cfi=(51)
cfn=(2956)
calls=2 0 
0 50 12 14
0 15 5 5

fn=(992)
0 60 4 32 6 0 0 2
cob=(2)
cfi=(51)
cfn=(994)
calls=4 0 
0 152 40 16 6 8 0 1
0 12 0 4
cob=(2)
cfi=(51)
cfn=(996)
calls=4 0 
0 20 12 0 2 2 0 1
0 24 0 8
cob=(2)
cfi=(51)
cfn=(998)
calls=4 0 
0 152 12 0 12 2 0 4
0 44 18 4 6 4 0 2
cob=(2)
cfi=(51)
cfn=(1026)
calls=4 0 
0 96 20 12 7 3 0 1
0 56 38 6 3 0 0 1
cfn=(1002) std::pair<std::__detail::_Node_iterator<std::pair<std::thread::id const, std::unique_ptr<stan::math::AutodiffStackSingleton<stan::math::vari_base, stan::math::chainable_alloc>, std::default_delete<stan::math::AutodiffStackSingleton<stan::math::vari_base, stan::math::chainable_alloc> > > >, false, false>, bool> std::_Hashtable<std::thread::id, std::pair<std::thread::id const, std::unique_ptr<stan::math::AutodiffStackSingleton<stan::math::vari_base, stan::math::chainable_alloc>, std::default_delete<stan::math::AutodiffStackSingleton<stan::math::vari_base, stan::math::chainable_alloc> > > >, std::allocator<std::pair<std::thread::id const, std::unique_ptr<stan::math::AutodiffStackSingleton<stan::math::vari_base, stan::math::chainable_alloc>, std::default_delete<stan::math::AutodiffStackSingleton<stan::math::vari_base, stan::math::chainable_alloc> > > > >, std::__detail::_Select1st, std::equal_to<std::thread::id>, std::hash<std::thread::id>, std::__detail::_Mod_range_hashing, std::__detail::_Default_ranged_hash, std::__detail::_Prime_rehash_policy, std::__detail::_Hashtable_traits<false, false, true> >::_M_emplace<std::pair<std::thread::id const, std::unique_ptr<stan::math::AutodiffStackSingleton<stan::math::vari_base, stan::math::chainable_alloc>, std::default_delete<stan::math::AutodiffStackSingleton<stan::math::vari_base, stan::math::chainable_alloc> > > > >(std::integral_constant<bool, true>, std::pair<std::thread::id const, std::unique_ptr<stan::math::AutodiffStackSingleton<stan::math::vari_base, stan::math::chainable_alloc>, std::default_delete<stan::math::AutodiffStackSingleton<stan::math::vari_base, stan::math::chainable_alloc> > > >&&)
calls=2 0 
0 2276 534 320 92 56 3 35 5 2
0 12 2 2 2 0 0 1
cob=(2)
cfi=(51)
cfn=(1004)
calls=2 0 
0 394 78 60 3 0 2 1 0 2
0 25 5 6 4 1 0 3 1
cob=(2)
cfi=(51)
cfn=(1004)
calls=1 0 
0 199 38 30 1 1 1 0 0 1
0 3 0 1
cob=(2)
cfi=(51)
cfn=(1024)
calls=1 0 
0 353 72 54 8 5 1 1 0 1
0 43 0 37 0 0 4 0 0 4
cob=(2)
cfi=(51)
cfn=(1004)
calls=1 0 
0 197 39 30
0 12 0 6 1 0 0 1
cob=(2)
cfi=(51)
cfn=(1004)
calls=1 0 
0 197 39 30 0 0 1 0 0 1
0 30 3 17 3 0 1 3 0 1

fn=(1820)
0 448 28 196 14 3 15 6 0 3
cob=(2)
cfi=(51)
cfn=(1822)
calls=28 0 
0 526 96 0 12 30 0 3 14
0 539 207 105 7 0 0 3
cob=(2)
cfi=(51)
cfn=(1964)
calls=10 0 
0 730 170 80 19 32 1 1 1 1
0 80 10 30 5 0 1 1
cob=(2)
cfi=(51)
cfn=(1886)
calls=10 0 
0 135 40 20 5 1 5
0 28 0 7 1 0 0 1
cob=(2)
cfi=(51)
cfn=(1886)
calls=7 0 
0 124 28 14 0 3 0 0 1
0 1239 34 396 15 0 14 2 0 3
cob=(2)
cfi=(51)
cfn=(1822)
calls=99 0 
0 2101 392 0 28 85 0 1 69
0 693 198 0 16 0 0 2
cfn=(1884)
calls=99 0 
0 8384 2058 1474 78 12 11 7 3 3

fn=(1838) boost::math::tools::promote_args<double, double>::type boost::math::owens_t<double, double, boost::math::policies::policy<boost::math::policies::default_policy, boost::math::policies::default_policy, boost::math::policies::default_policy, boost::math::policies::default_policy, boost::math::policies::default_policy, boost::math::policies::default_policy, boost::math::policies::default_policy, boost::math::policies::default_policy, boost::math::policies::default_policy, boost::math::policies::default_policy, boost::math::policies::default_policy, boost::math::policies::default_policy, boost::math::policies::default_policy> >(double, double, boost::math::policies::policy<boost::math::policies::default_policy, boost::math::policies::default_policy, boost::math::policies::default_policy, boost::math::policies::default_policy, boost::math::policies::default_policy, boost::math::policies::default_policy, boost::math::policies::default_policy, boost::math::policies::default_policy, boost::math::policies::default_policy, boost::math::policies::default_policy, boost::math::policies::default_policy, boost::math::policies::default_policy, boost::math::policies::default_policy> const&) [clone .isra.0]
0 60 10 14 5 1 0 5 1
cfn=(1840) long double boost::math::detail::owens_t_dispatch<long double, boost::math::policies::policy<boost::math::policies::default_policy, boost::math::policies::default_policy, boost::math::policies::default_policy, boost::math::policies::default_policy, boost::math::policies::default_policy, boost::math::policies::default_policy, boost::math::policies::default_policy, boost::math::policies::default_policy, boost::math::policies::default_policy, boost::math::policies::default_policy, boost::math::policies::default_policy, boost::math::policies::default_policy, boost::math::policies::default_policy> >(long double, long double, long double, boost::math::policies::policy<boost::math::policies::default_policy, boost::math::policies::default_policy, boost::math::policies::default_policy, boost::math::policies::default_policy, boost::math::policies::default_policy, boost::math::policies::default_policy, boost::math::policies::default_policy, boost::math::policies::default_policy, boost::math::policies::default_policy, boost::math::policies::default_policy, boost::math::policies::default_policy, boost::math::policies::default_policy, boost::math::policies::default_policy> const&, std::integral_constant<int, 64> const&) [clone .isra.0]
calls=2 0 
0 3198 724 307 37 33 0 37 31
0 4

fn=(1840)
0 248 63 16 12 8 0 12 8
cob=(2)
cfi=(51)
cfn=(1830)
calls=1 0 
0 70 16 5
0 324 72 126 0 8 0 0 8
cob=(2)
cfi=(51)
cfn=(1830)
calls=18 0 
0 1260 288 90
0 222 100 11 2 0 0 2
cob=(2)
cfi=(51)
cfn=(1830)
calls=1 0 
0 70 16 5 1 1 0 1 1
0 11 4 3 1 0 0 1
cfn=(1836)
calls=1 0 
0 426 104 41 16 7 0 16 5
0 486 41 5 2 9 0 2 9
cob=(2)
cfi=(51)
cfn=(1830)
calls=1 0 
0 70 16 5
0 11 4 0 3 0 0 3

fn=(1860) long double boost::math::detail::bessel_k1_imp<long double>(long double const&, std::integral_constant<int, 64> const&) [clone .isra.0]
0 23 3 3 1 0 0 1
cob=(2)
cfi=(51)
cfn=(1830)
calls=1 0 
0 70 16 5
0 5 1 2
cob=(2)
cfi=(51)
cfn=(1868)
calls=1 0 
0 15 4 1 3 1 0 3
0 10 2 4 1 0 0 1
cob=(2)
cfi=(51)
cfn=(1862)
calls=1 0 
0 34 7 1 5 3 0 5 2
0 4 2

fn=(1904)
0 104 16 40 6 0 2 6
cfn=(1906)
calls=4 0 
0 132 32 28 3 0 1 3
0 36 12 12 0 0 1
cfn=(1906)
calls=4 0 
0 132 32 28 0 0 2
0 32 8 12 2 0 0 2
cfn=(1906)
calls=4 0 
0 132 32 28 0 0 1
0 36 12 12 0 0 1
cfn=(1906)
calls=4 0 
0 140 44 32 0 0 2
0 32 8 12 2 0 0 2
cfn=(1906)
calls=4 0 
0 132 32 28 0 0 1
0 28 0 8 2 0 1 2
cfn=(1884)
calls=4 0 
0 132 32 28 0 0 2
0 32 8 12
cfn=(1906)
calls=4 0 
0 240 56 40 1 0 1 1
0 52 32 8 4 0 2 4

fn=(2266) cmdstan::arg_bfgs::arg_bfgs()
0 93 6 48 5 0 3 3 0 3
cob=(2)
cfi=(51)
cfn=(1910)
calls=3 0 
0 234 45 33 0 1
0 18 3 3 1 0 0 1
cob=(2)
cfi=(51)
cfn=(1910)
calls=3 0 
0 759 174 124 2 1 0 0 1
0 6 0 3
cob=(2)
cfi=(51)
cfn=(1004)
calls=3 0 
0 597 114 90 1 0 3 0 0 3
0 18 3 3 2 1 0 1 1
cfn=(2112)
calls=3 0 
0 15027 3543 2571 267 8 11 0 2 11
0 18 0 6
cfn=(1932)
calls=3 0 
0 387 87 60 6
0 6 0 3
cob=(2)
cfi=(51)
cfn=(1004)
calls=3 0 
0 597 114 90 15 0 3 0 0 3
0 18 3 3 3 0 0 1
cfn=(2112)
calls=3 0 
0 15468 3585 2592 214 1 11 10 1 11
0 12 0 6 3
cfn=(1932)
calls=3 0 
0 1188 267 183 33 0 2 0 0 2
0 6 0 3
cob=(2)
cfi=(51)
cfn=(1004)
calls=3 0 
0 597 114 90 3 0 3 0 0 3
0 18 3 3 0 1 0 0 1
cfn=(2112)
calls=3 0 
0 15102 3762 2679 227 2 11 2 1 11
0 12 0 6 6 0 0 1
cfn=(1932)
calls=3 0 
0 1038 243 161 29 0 1 0 0 1
0 6 0 3
cob=(2)
cfi=(51)
cfn=(1004)
calls=3 0 
0 597 114 90 7 0 3 0 0 3
0 21 3 3
cfn=(2112)
calls=3 0 
0 14292 3354 2451 210 1 11 1 1 11
0 12 0 6 6 0 0 1
cfn=(1932)
calls=3 0 
0 27 12 6
0 6 0 3
cob=(2)
cfi=(51)
cfn=(1004)
calls=3 0 
0 597 114 90 18 0 3 0 0 3
0 18 3 3
cfn=(2112)
calls=3 0 
0 16191 3909 2775 219 1 16 0 1 15
0 12 0 6 3 0 0 1
cfn=(1932)
calls=3 0 
0 1185 267 183 27 0 4 0 0 4
0 6 0 3
cob=(2)
cfi=(51)
cfn=(1004)
calls=3 0 
0 597 114 90 3 0 3 0 0 3
0 21 3 3
cfn=(2112)
calls=3 0 
0 14304 3357 2451 207 0 11 0 0 11
0 12 0 6 3 0 0 1
cfn=(1932)
calls=3 0 
0 27 12 6
0 27 21

fn=(2276)
0 2175 234 423 18 0 29 18 0 6
cob=(2)
cfi=(51)
cfn=(1948)
calls=18 0 
0 1782 558 270 1 7 1
0 1292 416 350 8 0 11 8 0 2
cob=(2)
cfi=(51)
cfn=(1004)
calls=24 0 
0 3297 643 459 8 19 11 0 1 5
0 402 70 22 3 0 3 3

fn=(2336)
0 10 2 0 1 0 0 1

fn=(4532)
0 40 2 24 2 0 0 2
cfn=(1884)
calls=2 0 
0 110 28 20 4 1 0 0 1
0 6 4 2
cfn=(4534) stan::callbacks::unique_stream_writer<std::basic_ofstream<char, std::char_traits<char> >, std::default_delete<std::basic_ofstream<char, std::char_traits<char> > > >::operator()()
calls=2 0 
0 510 177 83 26 7 0 3 1
0 6 0 2
cob=(2)
cfi=(51)
cfn=(2114)
calls=2 0 
0 1708 524 396 26
0 8 4 2 1 0 0 1
cob=(2)
cfi=(51)
cfn=(2610)
calls=2 0 
0 472 152 86 3
0 6 2 2
cob=(2)
cfi=(51)
cfn=(2118)
calls=2 0 
0 5122 1174 814 99 1 3
0 8 0 2
cob=(2)
cfi=(51)
cfn=(2610)
calls=2 0 
0 268 94 54
0 12 4 2
cob=(2)
cfi=(51)
cfn=(2218)
calls=2 0 
0 468 114 78 11 0 2
0 6 0 2 1 0 0 1
cfn=(3282)
calls=2 0 
0 696 241 117 11 0 1
0 14 4 2
cob=(2)
cfi=(51)
cfn=(1948)
calls=2 0 
0 198 62 30 2
0 8 0 4 1 0 0 1
cob=(2)
cfi=(51)
cfn=(2114)
calls=2 0 
0 1708 524 396 14
0 10 2 4
cob=(2)
cfi=(51)
cfn=(2100)
calls=2 0 
0 90 18 16 8
0 8 4 2
cob=(2)
cfi=(51)
cfn=(2610)
calls=2 0 
0 472 152 86
0 6 2 2 1 0 0 1
cob=(2)
cfi=(51)
cfn=(2118)
calls=2 0 
0 5084 1170 808 53 1
0 8 0 2
cob=(2)
cfi=(51)
cfn=(2610)
calls=2 0 
0 268 94 54
0 16 6 2 1 0 0 1
cob=(2)
cfi=(51)
cfn=(2218)
calls=2 0 
0 468 114 78 6
0 6 0 2
cfn=(3282)
calls=2 0 
0 696 241 117 9
0 12 4 2
cob=(2)
cfi=(51)
cfn=(1948)
calls=2 0 
0 198 62 30 2
0 4 0 2
cob=(2)
cfi=(51)
cfn=(2114)
calls=2 0 
0 1708 524 396 14 0 3
0 14 2 4 1 0 0 1
cob=(2)
cfi=(51)
cfn=(2100)
calls=2 0 
0 90 18 16 1
0 8 4 2
cob=(2)
cfi=(51)
cfn=(2610)
calls=2 0 
0 472 152 86
0 8 4 2 1 0 0 1
cob=(2)
cfi=(51)
cfn=(2118)
calls=2 0 
0 5122 1174 814 51 1 1
0 8 0 2
cob=(2)
cfi=(51)
cfn=(2610)
calls=2 0 
0 268 94 54 0 1 0 0 1
0 16 6 2 1 0 0 1
cob=(2)
cfi=(51)
cfn=(2218)
calls=2 0 
0 468 114 78 8
0 6 0 2
cfn=(3282)
calls=2 0 
0 696 241 117 11
0 12 4 2
cob=(2)
cfi=(51)
cfn=(1948)
calls=2 0 
0 198 62 30 2
0 6 4 2
cfn=(4534)
calls=2 0 
0 510 177 83
0 4 0 2
cob=(2)
cfi=(51)
cfn=(2226)
calls=2 0 
0 400 126 78 7
0 4 2 2 1 0 0 1
cob=(2)
cfi=(51)
cfn=(2226)
calls=2 0 
0 400 126 78
0 4 0 2
cob=(2)
cfi=(51)
cfn=(2226)
calls=2 0 
0 400 126 78
0 28 22 0 2 0 0 1

fn=(4538)
0 17 4 3 2 2 0 2
cfn=(2848)
calls=1 0 
0 4 1 0 2
0 3 1 1 1 0 0 1
cfn=(2850)
calls=1 0 
0 418 128 58 3 3 1 2
0 4 1
cob=(2)
cfi=(51)
cfn=(1948)
calls=1 0 
0 99 31 15

fn=(4554)
0 66 29 12 2 10 0 2 3
cfn=(4560)
calls=3 0 
0 901 260 116 4 11 0 4
cfn=(4558)
calls=1 0 
0 378 109 49 4 6 0 4
cfn=(4556)
calls=3 0 
0 912 258 111 3 11 0 3
cfn=(4550)
calls=2 0 
0 756 218 98 0 9 1
0 36 11 2 1 0 0 1
cob=(2)
cfi=(51)
cfn=(1948)
calls=1 0 
0 99 31 15
0 9 2 2 1 0 0 1
cob=(2)
cfi=(51)
cfn=(1948)
calls=1 0 
0 120 35 14
0 10 3
cob=(2)
cfi=(51)
cfn=(1948)
calls=1 0 
0 99 31 15

fn=(2574)
0 1092 294 294 6 7 0 4
cfn=(1906)
calls=42 0 
0 2412 588 420 4
0 717 449 29 6 0 0 4
cob=(2)
cfi=(51)
cfn=(2304)
calls=29 0 
0 609 116 0 2 0 0 1
0 403 116 0 4 0 0 2

fn=(2586)
0 13 2 5 1 0 0 1
cfn=(1906)
calls=1 0 
0 35 11 8
0 2 0 1
cob=(2)
cfi=(51)
cfn=(1822)
calls=1 0 
0 16 3 0 0 1
0 8 1 1 1 0 0 1
cob=(2)
cfi=(51)
cfn=(1968)
calls=1 0 
0 34 8 5 4 1
0 5 4

fn=(2664)
0 312 24 120 7 8 0 6
cob=(2)
cfi=(51)
cfn=(2100)
calls=12 0 
0 336 72 69 4
0 84 36 24
cfn=(2594)
calls=12 0 
0 1110 291 225
0 48 24 12
cob=(2)
cfi=(51)
cfn=(1968)
calls=12 0 
0 600 132 84
0 180 36 72 7 0 0 4
cfn=(3282)
calls=8 0 
0 2794 964 468
cfn=(2608)
calls=4 0 
0 2878 968 496
0 216 84 12 2 24 0 2 3
cfn=(2590)
calls=12 0 
0 17350 4839 2957 49 46 7 32 8 1
0 198 99 33 0 26 0 0 4
cfn=(2589) cmdstan::list_argument::print(stan::callbacks::writer&, int, std::__cxx11::basic_string<char, std::char_traits<char>, std::allocator<char> > const&)'2
calls=3 0 
0 56779 15672 9978 420 98 3 7 10
cfn=(2665) cmdstan::categorical_argument::print(stan::callbacks::writer&, int, std::__cxx11::basic_string<char, std::char_traits<char>, std::allocator<char> > const&)'2
calls=3 0 
0 84983 22470 14677 1311 204 42 31 9
cfn=(2590)
calls=27 0 
0 39936 11154 6837 31 53 0 11 6
0 339 177 12 2 2 0 2

fn=(2665)
0 234 18 90 3 4
cob=(2)
cfi=(51)
cfn=(2100)
calls=9 0 
0 417 81 72
0 63 27 18
cfn=(2594)
calls=9 0 
0 975 252 189
0 36 18 9
cob=(2)
cfi=(51)
cfn=(1968)
calls=9 0 
0 459 99 63
0 135 27 54 4
cfn=(3282)
calls=6 0 
0 2091 723 351
cfn=(2608)
calls=3 0 
0 2154 726 372
0 162 63 9 0 15 0 0 1
cfn=(2589)
calls=3 0 
0 12384 3552 2136 4 27 0 0 3
cfn=(2590)
calls=6 0 
0 9295 2592 1589 4 12 0 0 2
0 216 108 36 0 36 0 0 5
cfn=(2589)
calls=3 0 
0 5073 1440 862 2 14 0 1 2
cfn=(2590)
calls=33 0 
0 110784 29163 19334 1715 197 45 37 6
0 288 144 9

fn=(2672) cmdstan::singleton_argument<bool>::is_default()
0 60 36 0 5 0 0 2

fn=(2690) cmdstan::singleton_argument<std::__cxx11::basic_string<char, std::char_traits<char>, std::allocator<char> > >::print_value()
0 180 36 54 3 10 0 2
cfn=(1906)
calls=18 0 
0 1272 318 228 8 12 3
0 54 36

fn=(2710) auto cmdstan::get_arg<cmdstan::argument_parser&, char const (&) [5]>(cmdstan::argument_parser&, char const*, char const (&) [5])
0 21 1 9 2 0 0 2
cob=(2)
cfi=(51)
cfn=(1822)
calls=1 0 
0 16 3 0 0 1
0 5 0 1
cfn=(1884)
calls=1 0 
0 57 14 10
0 3 0 1
cfn=(2346)
calls=1 0 
0 219 59 30
0 8 2 2 1 0 0 1
cob=(2)
cfi=(51)
cfn=(1822)
calls=1 0 
0 16 3
0 4 0 1
cfn=(1884)
calls=1 0 
0 57 14 10
0 3 0 1
cfn=(2578)
calls=1 0 
0 110 30 16
0 19 11 0 1 0 0 1

fn=(2718) cmdstan::file::get_suffix(std::__cxx11::basic_string<char, std::char_traits<char>, std::allocator<char> > const&)
0 105 36 27 6 0 4 6
cfn=(1906)
calls=3 0 
0 397 96 65 0 3 4
0 12 0 3
cob=(2)
cfi=(51)
cfn=(2720)
calls=3 0 
0 305 50 0 5 1 0 3 1
0 15 3 3
cfn=(2724) cmdstan::file::find_dot_suffix(std::__cxx11::basic_string<char, std::char_traits<char>, std::allocator<char> > const&)
calls=3 0 
0 180 29 0 4 0 0 4
0 36 12 6 2 0 0 2
cob=(2)
cfi=(51)
cfn=(1948)
calls=3 0 
0 297 93 45 0 5 1
0 27 3 6 2 0 0 2
cfn=(1884)
calls=3 0 
0 165 42 30
0 9 0 3
cob=(2)
cfi=(51)
cfn=(1938)
calls=3 0 
0 156 42 27 8 3 0 1 1
0 21 3 3 2 0 0 2
cfn=(1884)
calls=3 0 
0 171 42 30
0 3

fn=(2724)
0 180 29 0 4 0 0 4

fn=(2854)
0 28 7 4 3 1 0 3 1
cfn=(2856) void rapidjson::GenericReader<rapidjson::UTF8<char>, rapidjson::UTF8<char>, rapidjson::CrtAllocator>::ParseObject<274u, rapidjson::BasicIStreamWrapper<std::istream>, stan::json::RapidJSONHandler<stan::json::json_data_handler> >(rapidjson::BasicIStreamWrapper<std::istream>&, stan::json::RapidJSONHandler<stan::json::json_data_handler>&)
calls=1 0 
0 315491468 96015113 56611056 31517 82004 112351 902 191 79563

fn=(2855) void rapidjson::GenericReader<rapidjson::UTF8<char>, rapidjson::UTF8<char>, rapidjson::CrtAllocator>::ParseValue<274u, rapidjson::BasicIStreamWrapper<std::istream>, stan::json::RapidJSONHandler<stan::json::json_data_handler> >(rapidjson::BasicIStreamWrapper<std::istream>&, stan::json::RapidJSONHandler<stan::json::json_data_handler>&)'2
0 3355117 795024 540020 4 6 0 1 1
cfn=(3054)
calls=130003 0 
0 256208061 79300133 46587808 10291 17513 32705 127 121 32014
0 45018 25010 5002 1 6 0 1
cfn=(2802)
calls=5002 0 
0 272700 90904 49800 0 1
0 20008 0 10004
cfn=(1914)
calls=5002 0 
0 425170 85034 55022 5000 9
0 15006 15006 5002 0 1
cfn=(3086) stan::json::json_data_handler::start_array()
calls=5002 0 
0 8120614 2101338 1045923 5060 5 9 40 0 3
0 10004 0 5002 1 0 0 1
cfn=(2852)
calls=5002 0 
0 75264 25083 10046
0 570012 15006 135000 1 0 0 1
cfn=(2855)
calls=135000 0 
0 545901197 167710535 98088562 40356 33928 63747 130 127 62378
0 675000 135000 135000 2 6 0 1
cfn=(2852)
calls=135000 0 
0 2025033 675009 270006 0 6
0 1204996 405000 129998
cfn=(2802)
calls=129998 0 
0 7146667 2381745 1305157 0 81 1 0 5
0 259996 0 129998
cfn=(2852)
calls=129998 0 
0 10316693 3276239 1760634 0 71 1 0 9
0 410002 129998 5002 2 0 0 1
cfn=(2802)
calls=5002 0 
0 273591 91201 49972
0 15006 15006 5002 0 5
cfn=(3108) stan::json::json_data_handler::end_array()
calls=5002 0 
0 7682918 2005765 1060422 10037 83 29 19
0 15006 5002

fn=(2858) stan::json::json_data_handler::start_object()
0 45 22 8 6 0 0 6

fn=(2862) bool rapidjson::UTF8<char>::Validate<rapidjson::BasicIStreamWrapper<std::istream>, rapidjson::GenericReader<rapidjson::UTF8<char>, rapidjson::UTF8<char>, rapidjson::CrtAllocator>::StackStream<char> >(rapidjson::BasicIStreamWrapper<std::istream>&, rapidjson::GenericReader<rapidjson::UTF8<char>, rapidjson::UTF8<char>, rapidjson::CrtAllocator>::StackStream<char>&)
0 182 28 98 7 0 0 2
cfn=(2802)
calls=14 0 
0 498 170 92
0 28 14 14
cfn=(2864)
calls=14 0 
0 551 146 103 13 3 1 5 0 1
0 182 98 28 2 0 0 1

fn=(2976) boost::re_detail_500::basic_regex_parser<char, boost::regex_traits<char, boost::cpp_regex_traits<char> > >::parse_set_literal(boost::re_detail_500::basic_char_set<char, boost::regex_traits<char, boost::cpp_regex_traits<char> > >&)
0 102 6 42 2 0 0 2
cfn=(2978) boost::re_detail_500::basic_regex_parser<char, boost::regex_traits<char, boost::cpp_regex_traits<char> > >::get_next_set_literal(boost::re_detail_500::basic_char_set<char, boost::regex_traits<char, boost::cpp_regex_traits<char> > >&)
calls=6 0 
0 222 78 48 3 0 0 3
0 119 46 10 1 0 0 1
cfn=(2978)
calls=5 0 
0 185 65 40
0 106 51 15 2 0 0 2
cfn=(2984)
calls=1 0 
0 261 51 48 4 0 1 4 0 1
0 78 49 6 2 0 0 2
cfn=(2980) void std::vector<boost::re_detail_500::digraph<char>, std::allocator<boost::re_detail_500::digraph<char> > >::_M_realloc_insert<boost::re_detail_500::digraph<char> const&>(__gnu_cxx::__normal_iterator<boost::re_detail_500::digraph<char>*, std::vector<boost::re_detail_500::digraph<char>, std::allocator<boost::re_detail_500::digraph<char> > > >, boost::re_detail_500::digraph<char> const&)
calls=5 0 
0 1150 262 177 10 0 1 10 0 1
0 21 10 2 1 0 0 1
cfn=(2980)
calls=2 0 
0 636 146 98
0 2

fn=(2980)
0 380 27 60 7 0 0 7
cob=(2)
cfi=(51)
cfn=(1948)
calls=5 0 
0 495 155 75
0 96 54 28 1 0 0 1
cob=(2)
cfi=(51)
cfn=(1004)
calls=7 0 
0 673 153 100 0 0 1 0 0 1
0 142 19 12 2 0 0 2

fn=(2998) boost::re_detail_500::basic_regex_creator<char, boost::regex_traits<char, boost::cpp_regex_traits<char> > >::finalize(char const*, char const*)
0 21 3 8 3 0 0 3
cfn=(2966)
calls=1 0 
0 48 12 12
0 22 5 7 2 0 0 2
cfn=(3000) boost::re_detail_500::basic_regex_creator<char, boost::regex_traits<char, boost::cpp_regex_traits<char> > >::fixup_pointers(boost::re_detail_500::re_syntax_base*)
calls=1 0 
0 124 16 43 3 1 0 3 1
0 7 3 2
cfn=(3002)
calls=1 0 
0 2194 422 176 36 2 0 36 2
0 52 4 36 2 0 0 2
cfn=(3006)
calls=1 0 
0 1673 283 71 2 0 0 2
0 32 16 1 0 2 0 0 2
cfn=(3010) boost::re_detail_500::basic_regex_creator<char, boost::regex_traits<char, boost::cpp_regex_traits<char> > >::probe_leading_repeat(boost::re_detail_500::re_syntax_base*)
calls=1 0 
0 31 5 0 2 0 0 2
0 7 1 1 2 0 0 2
cob=(2)
cfi=(51)
cfn=(1946)
calls=1 0 
0 13 4 2
0 1

fn=(3076) std::pair<std::vector<int, std::allocator<int> >, std::vector<unsigned long, std::allocator<unsigned long> > >::~pair()
0 66 18 6 3 0 0 3
cob=(2)
cfi=(51)
cfn=(1948)
calls=3 0 
0 297 93 45
0 6 6

fn=(3102) std::vector<double, std::allocator<double> >::reserve(unsigned long)
0 952 124 250 82 0 0 3
cob=(2)
cfi=(51)
cfn=(1004)
calls=40 0 
0 2673 647 363 0 40
0 892 332 120 44 0 0 3
cob=(2)
cfi=(51)
cfn=(1946)
calls=40 0 
0 560 160 80 0 0 39
0 160 40 40
cob=(2)
cfi=(51)
cfn=(1948)
calls=40 0 
0 3960 1240 600 0 1
0 40

fn=(3106) void std::vector<double, std::allocator<double> >::_M_realloc_insert<double const&>(__gnu_cxx::__normal_iterator<double*, std::vector<double, std::allocator<double> > >, double const&)
0 14574 2882 2800 172 8 56 8 0 14
cob=(2)
cfi=(51)
cfn=(1946)
calls=180 0 
0 1036157 1033169 1032779 173 16123 16386 4 41 16371
0 1080 180 180 0 6
cob=(2)
cfi=(51)
cfn=(1948)
calls=180 0 
0 18255 5682 2728 106 175 12 8
0 966 0 524 86 0 0 2
cob=(2)
cfi=(51)
cfn=(1004)
calls=262 0 
0 19206 4612 2717 219 326 24 6 41 14
0 2358 262 0 43 0 0 2

fn=(3128)
0 1569415 210462 35081 13 24 0 13 4
cob=(2)
cfi=(51)
cfn=(1874)
calls=1 0 
0 19 7 2 1 2
0 28 3 15 4 0 2 4 0 1
cob=(2)
cfi=(51)
cfn=(1878)
calls=1 0 
0 8 4 1 2 1
0 18026 3 0 1 0 0 1

fn=(3156)
0 34 2 14 2 0 0 2
cfn=(3158)
calls=2 0 
0 66 12 10 2 0 0 2
0 12 2 4 1 0 0 1
cfn=(3158)
calls=2 0 
0 66 12 10
0 12 2 4
cfn=(3158)
calls=2 0 
0 66 12 10
0 14 2 6 1 0 0 1
cfn=(3158)
calls=2 0 
0 66 12 10
0 12 2 4
cfn=(3158)
calls=2 0 
0 66 12 10
0 12 2 4 1 0 0 1
cfn=(3158)
calls=2 0 
0 66 12 10
0 12 2 4
cfn=(3158)
calls=2 0 
0 66 12 10
0 8 2 4 1 0 0 1
cob=(2)
cfi=(51)
cfn=(1004)
calls=2 0 
0 118 30 16
0 8 0 2
cfn=(3158)
calls=2 0 
0 66 12 10 0 0 1
0 80 22 18 5 1 0 5
cfn=(3160)
calls=2 0 
0 498 98 74 16 0 0 16
0 40 12 10 2 0 0 2
cfn=(3164) boost::detail::function::functor_manager<boost::algorithm::detail::token_finderF<boost::algorithm::detail::is_any_ofF<char> > >::manage(boost::detail::function::function_buffer const&, boost::detail::function::function_buffer&, boost::detail::function::functor_manager_operation_type)
calls=2 0 
0 392 83 71 3 0 1 3
0 42 12 10 1 0 0 1
cfn=(3164)
calls=2 0 
0 254 74 40 1 0 0 1
0 48 6 24 3 0 0 3
cfn=(3164)
calls=2 0 
0 232 54 40
0 28 8 10 2 0 0 2
cfn=(3166) std::vector<std::__cxx11::basic_string<char, std::char_traits<char>, std::allocator<char> >, std::allocator<std::__cxx11::basic_string<char, std::char_traits<char>, std::allocator<char> > > >::vector<boost::iterators::transform_iterator<boost::algorithm::detail::copy_iterator_rangeF<std::__cxx11::basic_string<char, std::char_traits<char>, std::allocator<char> >, __gnu_cxx::__normal_iterator<char const*, std::__cxx11::basic_string<char, std::char_traits<char>, std::allocator<char> > > >, boost::algorithm::split_iterator<__gnu_cxx::__normal_iterator<char const*, std::__cxx11::basic_string<char, std::char_traits<char>, std::allocator<char> > > >, boost::use_default, boost::use_default>, void>(boost::iterators::transform_iterator<boost::algorithm::detail::copy_iterator_rangeF<std::__cxx11::basic_string<char, std::char_traits<char>, std::allocator<char> >, __gnu_cxx::__normal_iterator<char const*, std::__cxx11::basic_string<char, std::char_traits<char>, std::allocator<char> > > >, boost::algorithm::split_iterator<__gnu_cxx::__normal_iterator<char const*, std::__cxx11::basic_string<char, std::char_traits<char>, std::allocator<char> > > >, boost::use_default, boost::use_default>, boost::iterators::transform_iterator<boost::algorithm::detail::copy_iterator_rangeF<std::__cxx11::basic_string<char, std::char_traits<char>, std::allocator<char> >, __gnu_cxx::__normal_iterator<char const*, std::__cxx11::basic_string<char, std::char_traits<char>, std::allocator<char> > > >, boost::algorithm::split_iterator<__gnu_cxx::__normal_iterator<char const*, std::__cxx11::basic_string<char, std::char_traits<char>, std::allocator<char> > > >, boost::use_default, boost::use_default>, std::allocator<std::__cxx11::basic_string<char, std::char_traits<char>, std::allocator<char> > > const&)
calls=2 0 
0 1828 426 332 25 0 2 25
0 26 4 2
cfn=(3164)
calls=2 0 
0 254 74 40
0 26 10 10 2 0 0 2
cfn=(2342)
calls=2 0 
0 30 12 6 3 0 0 3
0 32 6 2 1 0 0 1
cfn=(3164)
calls=2 0 
0 254 74 40
0 28 18 0 2 0 0 2

fn=(3232) void cmdstan::init_filestream_writers<stan::callbacks::unique_stream_writer<std::basic_ofstream<char, std::char_traits<char> >, std::default_delete<std::basic_ofstream<char, std::char_traits<char> > > >, char const (&) [3]>(std::vector<stan::callbacks::unique_stream_writer<std::basic_ofstream<char, std::char_traits<char> >, std::default_delete<std::basic_ofstream<char, std::char_traits<char> > > >, std::allocator<stan::callbacks::unique_stream_writer<std::basic_ofstream<char, std::char_traits<char> >, std::default_delete<std::basic_ofstream<char, std::char_traits<char> > > > > >&, unsigned int, unsigned int, std::__cxx11::basic_string<char, std::char_traits<char>, std::allocator<char> >&, std::__cxx11::basic_string<char, std::char_traits<char>, std::allocator<char> >, std::__cxx11::basic_string<char, std::char_traits<char>, std::allocator<char> >, int, char const (&) [3])
0 22 2 10 2 0 0 2
cfn=(3234)
calls=1 0 
0 305 66 59 13 5 5 10
0 10 1 2
cfn=(3238)
calls=1 0 
0 2307 578 376 57 21 13 41 4
0 11 3 2 1 0 0 1
cfn=(3242)
calls=1 0 
0 2025 527 442 79 42 16 11 6
0 8 2 3 1 0 0 1
cob=(2)
cfi=(51)
cfn=(1822)
calls=1 0 
0 16 3 0 0 1 0 0 1
0 12 1 4 1 0 0 1
cfn=(3246)
calls=1 0 
0 756 190 178 19 2 4 19 2
0 20 7 2 2 0 0 2
cob=(2)
cfi=(51)
cfn=(1948)
calls=1 0 
0 99 31 15
0 9 2 1
cob=(2)
cfi=(51)
cfn=(1948)
calls=1 0 
0 99 31 15 0 1
0 20 10 1 2 0 0 2
cob=(2)
cfi=(51)
cfn=(1886)
calls=1 0 
0 20 4 2
0 5 3 0 1 0 0 1

fn=(3240)
0 15 4 1 1 0 0 1
cob=(2)
cfi=(51)
cfn=(1948)
calls=1 0 
0 99 31 15 0 1

fn=(3246)
0 54 2 26 2 0 0 2
cfn=(1884)
calls=2 0 
0 120 28 20 0 1 0 0 1
0 14 0 6 1 0 0 1
cfn=(1884)
calls=2 0 
0 66 16 14
0 16 0 6 1 0 0 1
cfn=(1884)
calls=2 0 
0 66 16 14
0 18 0 8 1 0 0 1
cfn=(1884)
calls=2 0 
0 70 22 16 0 1 0 0 1
0 18 0 8
cfn=(1884)
calls=2 0 
0 66 16 14
0 18 0 8 1 0 0 1
cfn=(1884)
calls=2 0 
0 66 16 14
0 22 8 10 1 0 0 1
cfn=(1904)
calls=2 0 
0 696 178 164 8 0 7 8
0 60 32 8 4 0 0 4
cfn=(1906)
calls=2 0 
0 93 22 17
0 22 18

fn=(3392)
0 21 1 11 2 0 0 2
cob=(2)
cfi=(51)
cfn=(1964)
calls=1 0 
0 73 17 8
0 22 4 12 2 1 0 2 1
cob=(2)
cfi=(51)
cfn=(1964)
calls=1 0 
0 73 17 8
0 19 5 11 1 1 0 1 1
cob=(2)
cfi=(51)
cfn=(1004)
calls=1 0 
0 59 15 8
0 41 7 13 3 0 0 3
cob=(2)
cfi=(51)
cfn=(1948)
calls=1 0 
0 99 31 15
0 6 3 1 1 0 0 1
cob=(2)
cfi=(51)
cfn=(1948)
calls=1 0 
0 99 31 15
0 16 9 1 1 0 0 1
cob=(2)
cfi=(51)
cfn=(1964)
calls=1 0 
0 73 17 8 0 1
0 7 1 3 1 0 0 1
cob=(2)
cfi=(51)
cfn=(1886)
calls=1 0 
0 13 4 2 0 0 1
0 7 3 1
cob=(2)
cfi=(51)
cfn=(1964)
calls=1 0 
0 73 17 8 0 1
0 7 1 3 1 0 0 1
cob=(2)
cfi=(51)
cfn=(1886)
calls=1 0 
0 14 4 2
0 3 2

fn=(3416) auto cmdstan::get_arg_val<cmdstan::singleton_argument<double>, cmdstan::argument_parser&, char const (&) [7], char const (&) [7], char const (&) [6], char const (&) [6]>(cmdstan::argument_parser&, char const (&) [7], char const (&) [7], char const (&) [6], char const (&) [6])
0 63 3 30 2 0 0 2
cob=(2)
cfi=(51)
cfn=(1822)
calls=3 0 
0 48 9
0 12 0 3
cfn=(1884)
calls=3 0 
0 171 42 30
0 9 0 3
cfn=(2346)
calls=3 0 
0 330 93 48
0 27 6 9 1 0 0 1
cob=(2)
cfi=(51)
cfn=(1822)
calls=3 0 
0 48 9
0 12 0 3
cfn=(1884)
calls=3 0 
0 171 42 30
0 12 3 3
cfn=(2574)
calls=3 0 
0 405 120 54
0 27 6 9 1 0 0 1
cob=(2)
cfi=(51)
cfn=(1822)
calls=3 0 
0 48 9
0 12 0 3
cfn=(1884)
calls=3 0 
0 171 42 30
0 12 3 3
cfn=(2578)
calls=3 0 
0 936 246 132
0 9 3 3
cfn=(2582)
calls=3 0 
0 1080 276 153 0 2 0 0 1
0 51 9 3 2 0 0 2
cob=(2)
cfi=(51)
cfn=(2278)
calls=3 0 
0 651 198 108
0 36 30 0 1 0 0 1

fn=(3418) auto cmdstan::get_arg_val<cmdstan::singleton_argument<double>, cmdstan::argument_parser&, char const (&) [7], char const (&) [7], char const (&) [6], char const (&) [3]>(cmdstan::argument_parser&, char const (&) [7], char const (&) [7], char const (&) [6], char const (&) [3])
0 21 1 10 2 0 0 2
cob=(2)
cfi=(51)
cfn=(1822)
calls=1 0 
0 16 3
0 4 0 1
cfn=(1884)
calls=1 0 
0 57 14 10
0 3 0 1
cfn=(2346)
calls=1 0 
0 110 31 16
0 9 2 3 1 0 0 1
cob=(2)
cfi=(51)
cfn=(1822)
calls=1 0 
0 16 3
0 4 0 1
cfn=(1884)
calls=1 0 
0 57 14 10
0 4 1 1
cfn=(2574)
calls=1 0 
0 135 40 18
0 9 2 3 1 0 0 1
cob=(2)
cfi=(51)
cfn=(1822)
calls=1 0 
0 16 3
0 4 0 1
cfn=(1884)
calls=1 0 
0 57 14 10
0 4 1 1
cfn=(2578)
calls=1 0 
0 312 82 44
0 3 1 1 1 0 0 1
cfn=(2582)
calls=1 0 
0 439 111 64 0 1
0 17 3 1 1 0 0 1
cob=(2)
cfi=(51)
cfn=(2278)
calls=1 0 
0 217 66 36
0 12 10 0 1 0 0 1

fn=(3432)
0 13 0 7 2 0 0 2
cob=(2)
cfi=(51)
cfn=(1004)
calls=1 0 
0 59 15 8 0 2
0 9 2 2
cfn=(1906)
calls=1 0 
0 55 14 10 0 0 1
0 20 7 10 1 0 0 1
cfn=(3118) std::_Rb_tree<std::__cxx11::basic_string<char, std::char_traits<char>, std::allocator<char> >, std::pair<std::__cxx11::basic_string<char, std::char_traits<char>, std::allocator<char> > const, std::pair<std::vector<double, std::allocator<double> >, std::vector<unsigned long, std::allocator<unsigned long> > > >, std::_Select1st<std::pair<std::__cxx11::basic_string<char, std::char_traits<char>, std::allocator<char> > const, std::pair<std::vector<double, std::allocator<double> >, std::vector<unsigned long, std::allocator<unsigned long> > > > >, std::less<std::__cxx11::basic_string<char, std::char_traits<char>, std::allocator<char> > >, std::allocator<std::pair<std::__cxx11::basic_string<char, std::char_traits<char>, std::allocator<char> > const, std::pair<std::vector<double, std::allocator<double> >, std::vector<unsigned long, std::allocator<unsigned long> > > > > >::_M_get_insert_unique_pos(std::__cxx11::basic_string<char, std::char_traits<char>, std::allocator<char> > const&)
calls=1 0 
0 30 10 8 4 0 0 4
0 12 0 1 1 0 0 1
cob=(2)
cfi=(51)
cfn=(2956)
calls=1 0 
0 18 2 8 3 1 0 1 1
0 13 7 1 2 0 0 2

fn=(3436)
0 42 1 14 3 0 7 3 0 2
cob=(2)
cfi=(51)
cfn=(1886)
calls=1 0 
0 17426 17399 17394 3 275 269 0 273
0 253120 14814 9963 34 7 21 34 1 11

fn=(3496) double boost::math::detail::ibeta_imp<double, boost::math::policies::policy<boost::math::policies::pole_error<(boost::math::policies::error_policy_type)1>, boost::math::policies::overflow_error<(boost::math::policies::error_policy_type)1>, boost::math::policies::promote_float<false>, boost::math::policies::promote_double<false>, boost::math::policies::default_policy, boost::math::policies::default_policy, boost::math::policies::default_policy, boost::math::policies::default_policy, boost::math::policies::default_policy, boost::math::policies::default_policy, boost::math::policies::default_policy, boost::math::policies::default_policy, boost::math::policies::default_policy> >(double, double, double, boost::math::policies::policy<boost::math::policies::pole_error<(boost::math::policies::error_policy_type)1>, boost::math::policies::overflow_error<(boost::math::policies::error_policy_type)1>, boost::math::policies::promote_float<false>, boost::math::policies::promote_double<false>, boost::math::policies::default_policy, boost::math::policies::default_policy, boost::math::policies::default_policy, boost::math::policies::default_policy, boost::math::policies::default_policy, boost::math::policies::default_policy, boost::math::policies::default_policy, boost::math::policies::default_policy, boost::math::policies::default_policy> const&, bool, bool, double*) [clone .isra.0]
0 45091 8076 6057 3149 0 0 7

fn=(3534)
0 151872 9408 34944 6888 0 0 11
cob=(2)
cfi=(51)
cfn=(3482)
calls=1344 0 
0 80878 16115 0 372 2051 0 7 364
0 13440 4032 6720
cob=(2)
cfi=(51)
cfn=(3488)
calls=1344 0 
0 69888 13440 9408 4506 672 0 0 667
0 6720 1344 2688 657 0 0 1
cob=(2)
cfi=(51)
cfn=(3488)
calls=1344 0 
0 141120 37632 9408 2419 3360
0 6720 1344 4032
cob=(2)
cfi=(51)
cfn=(3472)
calls=1344 0 
0 75264 17472 0 886 1228
0 6720 1344 4032 671 0 0 1
cob=(2)
cfi=(51)
cfn=(3472)
calls=1344 0 
0 75264 17472 0 0 653
0 181439 56448 49727 909 0 458 11 0 5
cfn=(3522)
calls=1 0 
0 246 63 39
0 1

fn=(3568)
0 4002 2668 667 667 0 0 1

fn=(3570)
0 46 3 10 4 0 0 4
cob=(2)
cfi=(51)
cfn=(1020)
calls=1 0 
0 28 3 8 0 1 2 0 1
0 27 9 3 3 0 0 3
cob=(2)
cfi=(51)
cfn=(1004)
calls=1 0 
0 469 80 63 0 2 3
0 6 2

fn=(3588)
0 297 55 88 15 0 0 3
cob=(2)
cfi=(51)
cfn=(1910)
calls=11 0 
0 2241 553 368 26 8 1 0 5
0 44 22 11
cob=(2)
cfi=(51)
cfn=(2610)
calls=11 0 
0 2471 751 442 47 39 4 0 6
0 121 55 11 5 0 0 1
cob=(2)
cfi=(51)
cfn=(2630)
calls=11 0 
0 1089 418 176 26 6
0 22 0 11
cob=(2)
cfi=(51)
cfn=(2642)
calls=11 0 
0 2783 891 440 93 9
0 66 22 11
cob=(2)
cfi=(51)
cfn=(1948)
calls=11 0 
0 1089 341 165 9
0 110 66 0 5 0 0 1

fn=(3654) stan::model::model_base_crtp<model_model_namespace::model_model>::log_prob_propto_jacobian(Eigen::Matrix<stan::math::var_value<double, void>, -1, 1, 0, -1, 1>&, std::ostream*) const
0 6039 671 2684 689 0 0 2
cfn=(3656) stan::scalar_type<Eigen::Matrix<stan::math::var_value<double, void>, -1, 1, 0, -1, 1>, void>::type model_model_namespace::model_model::log_prob_impl<true, true, Eigen::Matrix<stan::math::var_value<double, void>, -1, 1, 0, -1, 1>, Eigen::Matrix<int, -1, 1, 0, -1, 1>, (void*)0, (void*)0, (void*)0>(Eigen::Matrix<stan::math::var_value<double, void>, -1, 1, 0, -1, 1>&, Eigen::Matrix<int, -1, 1, 0, -1, 1>&, std::ostream*) const [clone .isra.0]
calls=671 0 
0 417273660 133344205 59237908 167921 25586279 1311917 340 71968
0 3330 1998 0 666 460

fn=(3664)
0 146664 38412 15132 1429 1733 0 3

fn=(4414)
0 24 1 11 3 0 0 3
cfn=(1884)
calls=1 0 
0 57 14 10 4 1 0 0 1
0 3 0 1
cfn=(2274)
calls=1 0 
0 154 34 27 15 4 2 11 1
0 8 1 2 1 0 0 1
cfn=(1884)
calls=1 0 
0 55 14 10 1
0 3 0 1
cfn=(2274)
calls=1 0 
0 281 70 47 2 3 1 1
0 11 5 2 1 2 0 1 1
cfn=(4416)
calls=1 0 
0 1491 315 248 9 10 7 7 2
0 11 5 2 0 2 0 0 1
cfn=(4418) model_model_namespace::model_model::constrained_param_names(std::vector<std::__cxx11::basic_string<char, std::char_traits<char>, std::allocator<char> >, std::allocator<std::__cxx11::basic_string<char, std::char_traits<char>, std::allocator<char> > > >&, bool, bool) const
calls=1 0 
0 9208 2199 1831 48 16 42 33 6
0 10 7 2 1 2 0 1 1
cfn=(4420)
calls=1 0 
0 13124 4267 2500 187 103 11 18 10
0 148 38 1 1 0 0 1
cob=(2)
cfi=(51)
cfn=(1948)
calls=1 0 
0 170 49 21 2
0 114 9 0 1 0 0 1

fn=(4438)
0 3 0 0 1 0 0 1
cfn=(4440) stan::mcmc::ps_point::get_param_names(std::vector<std::__cxx11::basic_string<char, std::char_traits<char>, std::allocator<char> >, std::allocator<std::__cxx11::basic_string<char, std::char_traits<char>, std::allocator<char> > > >&, std::vector<std::__cxx11::basic_string<char, std::char_traits<char>, std::allocator<char> >, std::allocator<std::__cxx11::basic_string<char, std::char_traits<char>, std::allocator<char> > > >&)
calls=1 0 
0 8710 2229 1850 23 1 28 18

fn=(4494)
0 17 3 8 2 2 0 2 1
cfn=(4496) stan::callbacks::json_writer<std::basic_ofstream<char, std::char_traits<char> >, std::default_delete<std::basic_ofstream<char, std::char_traits<char> > > >::begin_record()
calls=1 0 
0 8 3 1 2 0 0 2
0 9 3 3 1 1 0 1 1
cfn=(1884)
calls=1 0 
0 55 14 10 0 1 0 0 1
0 4 1 1
cfn=(4498) stan::callbacks::json_writer<std::basic_ofstream<char, std::char_traits<char> >, std::default_delete<std::basic_ofstream<char, std::char_traits<char> > > >::write(std::__cxx11::basic_string<char, std::char_traits<char>, std::allocator<char> > const&, double)
calls=1 0 
0 12 4 2 2 0 0 2
0 13 3 3 1 1 0 1 1
cfn=(1884)
calls=1 0 
0 57 14 10 0 2 0 0 2
0 5 0 2 1 0 0 1
cfn=(1884)
calls=1 0 
0 55 14 10 0 1 0 0 1
0 5 1 1
cfn=(4500) stan::callbacks::json_writer<std::basic_ofstream<char, std::char_traits<char> >, std::default_delete<std::basic_ofstream<char, std::char_traits<char> > > >::write(std::__cxx11::basic_string<char, std::char_traits<char>, std::allocator<char> > const&, std::__cxx11::basic_string<char, std::char_traits<char>, std::allocator<char> > const&)
calls=1 0 
0 26 11 9 3 0 0 3
0 13 4 2 1 1 0 1 1
cfn=(1884)
calls=1 0 
0 55 14 10 0 1 0 0 1
0 4 0 1
cfn=(4502) stan::callbacks::json_writer<std::basic_ofstream<char, std::char_traits<char> >, std::default_delete<std::basic_ofstream<char, std::char_traits<char> > > >::write(std::__cxx11::basic_string<char, std::char_traits<char>, std::allocator<char> > const&, Eigen::Matrix<double, -1, 1, 0, -1, 1> const&)
calls=1 0 
0 20 8 6 2 0 0 2
0 17 11 0 1 0 0 1
cfn=(4504) stan::callbacks::json_writer<std::basic_ofstream<char, std::char_traits<char> >, std::default_delete<std::basic_ofstream<char, std::char_traits<char> > > >::end_record()
calls=1 0 
0 21 9 5 2 0 0 2

fn=(4500)
0 26 11 9 3 0 0 3

fn=(4590)
0 48 20 9 2 5 0 2
cfn=(4556)
calls=6 0 
0 1947 552 237 0 29
0 27 8 2
cob=(2)
cfi=(51)
cfn=(1948)
calls=1 0 
0 120 35 14
0 9 2 2 1 0 0 1
cob=(2)
cfi=(51)
cfn=(1948)
calls=1 0 
0 120 35 14
0 10 3 0 1 0 0 1
cob=(2)
cfi=(51)
cfn=(1948)
calls=1 0 
0 118 35 14

fn=(4628)
0 6 0 3 1 0 0 1
cfn=(4582)
calls=1 0 
0 415 118 48 0 7
0 4 1
cob=(2)
cfi=(51)
cfn=(1948)
calls=1 0 
0 99 31 15

fn=(4664) std::vector<stan::callbacks::unique_stream_writer<std::basic_ofstream<char, std::char_traits<char> >, std::default_delete<std::basic_ofstream<char, std::char_traits<char> > > >, std::allocator<stan::callbacks::unique_stream_writer<std::basic_ofstream<char, std::char_traits<char> >, std::default_delete<std::basic_ofstream<char, std::char_traits<char> > > > > >::~vector()
0 44 10 11 3 5 2 3 1
cob=(7)
cfi=(175)
cfn=(4666)
calls=1 0 
0 2785 821 444 106 94 24 7 1
0 80 26 0 3 6 0 3
cob=(2)
cfi=(51)
cfn=(1948)
calls=2 0 
0 198 62 30
0 8 0 0 1 0 0 1

fn=(4680) std::_Sp_counted_ptr_inplace<stan::json::json_data, std::allocator<stan::json::json_data>, (__gnu_cxx::_Lock_policy)2>::_M_destroy()
0 3
cob=(2)
cfi=(51)
cfn=(1948)
calls=1 0 
0 179 53 21

fn=(4698) std::_Sp_counted_ptr<boost::regex_traits_wrapper<boost::regex_traits<char, boost::cpp_regex_traits<char> > >*, (__gnu_cxx::_Lock_policy)2>::_M_destroy()
0 3 0 0 1 0 0 1
cob=(2)
cfi=(51)
cfn=(1948)
calls=1 0 
0 120 35 14

fn=(4572)
0 30 11 6 2 8 0 2 3
cfn=(4578)
calls=1 0 
0 239 70 32 1 1 0 1
cfn=(4576) cmdstan::arg_diag_e::~arg_diag_e()
calls=1 0 
0 239 70 32 3 2 0 3
cfn=(4574)
calls=1 0 
0 239 70 32 2 2 0 2
0 19 5 2 1 0 0 1
cob=(2)
cfi=(51)
cfn=(1948)
calls=1 0 
0 120 35 14
0 19 4 3 2 2 0 2
cob=(2)
cfi=(51)
cfn=(1948)
calls=1 0 
0 120 35 14
0 10 3 0 1 0 0 1
cob=(2)
cfi=(51)
cfn=(1948)
calls=1 0 
0 99 31 15

fn=(4576)
0 12 2 3 2 1 0 2
cob=(2)
cfi=(51)
cfn=(1948)
calls=1 0 
0 120 35 14 0 1
0 8 2 0 1 0 0 1
cob=(2)
cfi=(51)
cfn=(1948)
calls=1 0 
0 99 31 15

fn=(3062) void std::vector<int, std::allocator<int> >::_M_realloc_insert<int>(__gnu_cxx::__normal_iterator<int*, std::vector<int, std::allocator<int> > >, int&&)
0 60 11 12 4 0 0 4
cob=(2)
cfi=(51)
cfn=(1004)
calls=1 0 
0 55 15 8
0 9 1 0 2 0 0 2

fn=(1854) double boost::math::detail::lgamma_small_imp<double, boost::math::policies::policy<boost::math::policies::pole_error<(boost::math::policies::error_policy_type)1>, boost::math::policies::overflow_error<(boost::math::policies::error_policy_type)1>, boost::math::policies::promote_float<false>, boost::math::policies::promote_double<false>, boost::math::policies::default_policy, boost::math::policies::default_policy, boost::math::policies::default_policy, boost::math::policies::default_policy, boost::math::policies::default_policy, boost::math::policies::default_policy, boost::math::policies::default_policy, boost::math::policies::default_policy, boost::math::policies::default_policy>, boost::math::lanczos::lanczos13m53>(double, double, double, std::integral_constant<int, 64> const&, boost::math::policies::policy<boost::math::policies::pole_error<(boost::math::policies::error_policy_type)1>, boost::math::policies::overflow_error<(boost::math::policies::error_policy_type)1>, boost::math::policies::promote_float<false>, boost::math::policies::promote_double<false>, boost::math::policies::default_policy, boost::math::policies::default_policy, boost::math::policies::default_policy, boost::math::policies::default_policy, boost::math::policies::default_policy, boost::math::policies::default_policy, boost::math::policies::default_policy, boost::math::policies::default_policy, boost::math::policies::default_policy> const&, boost::math::lanczos::lanczos13m53 const&) [clone .isra.0]
0 198 61 3 14 4 0 14 4

fn=(1882)
0 12 0 5 1 0 0 1
cob=(2)
cfi=(51)
cfn=(1324)
calls=1 0 
0 27 11 7 2 1
0 5 1 1 1 0 0 1
cob=(2)
cfi=(51)
cfn=(1322)
calls=1 0 
0 77 15 15
0 3 0 1
cfn=(1820)
calls=1 0 
0 70 16 12 5 0 1 5 0 1
0 5 1 1
cob=(2)
cfi=(51)
cfn=(1322)
calls=1 0 
0 77 15 15 0 0 1 0 0 1
0 3 0 1
cfn=(1820)
calls=1 0 
0 95 19 14 3 1 0 1 1
0 4 0 1 1 0 0 1
cob=(2)
cfi=(51)
cfn=(1322)
calls=1 0 
0 77 15 15
0 4 0 1
cfn=(1820)
calls=1 0 
0 70 16 12 0 0 1 0 0 1
0 4 0 1
cob=(2)
cfi=(51)
cfn=(1322)
calls=1 0 
0 77 15 15 0 0 1 0 0 1
0 4 0 1 1 0 0 1
cfn=(1820)
calls=1 0 
0 70 16 12
0 4 0 1
cob=(2)
cfi=(51)
cfn=(1322)
calls=1 0 
0 77 15 15
0 4 0 1
cfn=(1820)
calls=1 0 
0 70 16 12 0 0 1 0 0 1
0 4 0 1
cob=(2)
cfi=(51)
cfn=(1322)
calls=1 0 
0 77 15 15 0 0 1 0 0 1
0 4 0 1 1 0 0 1
cfn=(1820)
calls=1 0 
0 70 16 12
0 4 0 1
cob=(2)
cfi=(51)
cfn=(1322)
calls=1 0 
0 77 15 15
0 20 0 14 2 0 2 2 0 2
cfn=(992)
calls=1 0 
0 921 189 137 77 19 2 0 0 1
0 5 1 1 1 0 0 1
cob=(2)
cfi=(51)
cfn=(1028)
calls=1 0 
0 356 83 63 18 8 2 0 0 1
0 4 0 1
cob=(2)
cfi=(51)
cfn=(1322)
calls=1 0 
0 77 15 15 0 0 1 0 0 1
0 33 16 1 4 0 0 3

fn=(1898)
0 3 0 2 1 0 0 1
cfn=(1900) cmdstan::command(int, char const**)
calls=1 0 
0 750896804 233691886 119374424 357280 25938005 1574014 30062 93330 96542
0 5 2 0 1 1 0 1

fn=(2110)
0 287 14 175 10 0 14 4 0 14
cfn=(1884)
calls=7 0 
0 420 98 70
0 56 7 14 1 0 0 1
cob=(2)
cfi=(51)
cfn=(1910)
calls=7 0 
0 371 77 56
0 49 0 14
cfn=(1884)
calls=7 0 
0 399 98 70
0 21 0 7
cob=(2)
cfi=(51)
cfn=(1938)
calls=7 0 
0 378 98 63
0 49 7 14 1 0 0 1
cob=(2)
cfi=(51)
cfn=(1822)
calls=7 0 
0 112 21
0 42 7 7
cob=(2)
cfi=(51)
cfn=(1910)
calls=7 0 
0 536 105 77
0 14 0 7
cob=(2)
cfi=(51)
cfn=(1822)
calls=7 0 
0 249 50 0 3 12 0 0 9
0 42 7 7 1 0 0 1
cob=(2)
cfi=(51)
cfn=(1910)
calls=7 0 
0 2374 521 387 5 3 13 0 0 13
0 42 14 7
cob=(2)
cfi=(51)
cfn=(1910)
calls=7 0 
0 2443 518 392 0 0 6 0 0 6
0 35 0 14 1 0 0 1
cfn=(1884)
calls=7 0 
0 399 98 70 0 2 0 0 1
0 21 0 7
cob=(2)
cfi=(51)
cfn=(1938)
calls=7 0 
0 378 98 63
0 112 70 7 2 0 0 1

fn=(2248)
0 36 2 22 3 0 0 2
cfn=(2250)
calls=2 0 
0 546 122 122 14 1 6 8 0 6
0 8 0 4
cob=(2)
cfi=(51)
cfn=(1822)
calls=2 0 
0 32 6
0 12 2 2
cob=(2)
cfi=(51)
cfn=(1910)
calls=2 0 
0 154 30 22
0 4 0 2
cob=(2)
cfi=(51)
cfn=(1822)
calls=2 0 
0 52 9 0 1 1 0 0 1
0 12 2 2 1 0 0 1
cob=(2)
cfi=(51)
cfn=(1910)
calls=2 0 
0 692 148 110 7 0 2 0 0 2
0 20 4 2 0 1
cfn=(2252)
calls=2 0 
0 3846 750 604 56 8 0 15 1
0 18 2 2 2 0 0 1
cob=(2)
cfi=(51)
cfn=(1968)
calls=2 0 
0 100 22 14 1 1 0 0 1
0 6 0 4
cob=(2)
cfi=(51)
cfn=(1822)
calls=2 0 
0 32 6
0 18 4 2 2 0 0 1
cob=(2)
cfi=(51)
cfn=(1968)
calls=2 0 
0 716 150 110 0 0 1 0 0 1
0 16 2 2 2 0 0 1
cob=(2)
cfi=(51)
cfn=(1968)
calls=2 0 
0 500 119 78 2 0 1 0 0 1
0 18 2 2
cfn=(2252)
calls=2 0 
0 3783 735 593 6 0 0 6
0 8 4 2 2 0 0 1
cob=(2)
cfi=(51)
cfn=(1968)
calls=2 0 
0 94 24 14
0 6 0 2
cob=(2)
cfi=(51)
cfn=(1942)
calls=2 0 
0 433 98 69 5 1 1 0 0 1
0 22 6 2 1 0 0 1
cob=(2)
cfi=(51)
cfn=(1948)
calls=2 0 
0 198 62 30
0 4 0 2
cob=(2)
cfi=(51)
cfn=(2114)
calls=2 0 
0 1708 524 396 29 3
0 8 2 2
cob=(2)
cfi=(51)
cfn=(2118)
calls=2 0 
0 4570 1029 710 44
0 6 0 2
cob=(2)
cfi=(51)
cfn=(2218)
calls=2 0 
0 209 41 32 9
0 18 4 6 2 0 0 1
cob=(2)
cfi=(51)
cfn=(1938)
calls=2 0 
0 96 25 16 3
0 18 6 6 1 0 0 1
cob=(2)
cfi=(51)
cfn=(2226)
calls=2 0 
0 208 66 46 6
0 22 18

fn=(2262)
0 129 6 78 4 0 7 4 0 7
cfn=(1884)
calls=3 0 
0 180 42 30
0 24 3 6 1 0 0 1
cob=(2)
cfi=(51)
cfn=(1910)
calls=3 0 
0 159 33 24
0 21 0 6
cfn=(1884)
calls=3 0 
0 165 42 30
0 9 0 3
cob=(2)
cfi=(51)
cfn=(1938)
calls=3 0 
0 156 42 27
0 21 3 6 1 0 0 1
cob=(2)
cfi=(51)
cfn=(1822)
calls=3 0 
0 48 9 0 0 1 0 0 1
0 18 3 3
cob=(2)
cfi=(51)
cfn=(1910)
calls=3 0 
0 230 45 33
0 9 3 3 1 0 0 1
cob=(2)
cfi=(51)
cfn=(1822)
calls=3 0 
0 72 12 0 0 2 0 0 1
0 18 3 3
cob=(2)
cfi=(51)
cfn=(1910)
calls=3 0 
0 894 198 143 1 0 2 0 0 2
0 15 0 6
cfn=(1884)
calls=3 0 
0 171 42 30
0 6 0 3
cob=(2)
cfi=(51)
cfn=(1822)
calls=3 0 
0 48 9
0 24 3 3 1 0 0 1
cob=(2)
cfi=(51)
cfn=(1968)
calls=3 0 
0 146 33 21
0 18 3 3
cob=(2)
cfi=(51)
cfn=(1942)
calls=3 0 
0 186 54 33
0 33 3 6 2 0 0 2
cob=(2)
cfi=(51)
cfn=(2100)
calls=3 0 
0 147 27 24 7 1
0 36 6 6 1 0 0 1
cob=(2)
cfi=(51)
cfn=(1938)
calls=3 0 
0 171 42 27
0 72 36 6 2 2 0 2 2

fn=(2272) cmdstan::argument_parser::parse_args(int, char const**, stan::callbacks::writer&, stan::callbacks::writer&)
0 117 23 36 4 2 0 4 1
cob=(2)
cfi=(51)
cfn=(1822)
calls=11 0 
0 200 37 0 0 5 0 0 3
0 44 0 11
cfn=(1884)
calls=11 0 
0 915 215 156 0 1 2 0 0 2
0 33 11 11
cfn=(2274)
calls=11 0 
0 2294 511 409 12 3 15 12 0 15
0 49 16 4 2 0 0 2
cob=(2)
cfi=(51)
cfn=(1004)
calls=1 0 
0 203 39 30 0 0 1 0 0 1
0 10 3 2 1 0 0 1
cob=(2)
cfi=(51)
cfn=(1946)
calls=1 0 
0 14 4 2
0 53 13 22 1 0 0 1
cfn=(1906)
calls=5 0 
0 283 70 50 4
0 60 25 5 1 0 0 1
cob=(2)
cfi=(51)
cfn=(2278)
calls=5 0 
0 1978 635 326 61 84 7 15 4
0 154 53 5 1 0 0 1
cob=(2)
cfi=(51)
cfn=(1948)
calls=5 0 
0 495 155 75
0 882 244 162 3 5 0 3
cob=(2)
cfi=(51)
cfn=(2304)
calls=2 0 
0 48 12
0 100 10 50 3 0 0 3
cfn=(2290)
calls=5 0 
0 1249 300 199 12 2 0 8
0 15 0 5
cob=(2)
cfi=(51)
cfn=(2296)
calls=5 0 
0 1221 388 176 12 16 0 5
0 523 136 90 6 6 0 6
cob=(2)
cfi=(51)
cfn=(2296)
calls=5 0 
0 350 85 30
0 93 51 1 4 0 0 4
cob=(2)
cfi=(51)
cfn=(1948)
calls=1 0 
0 99 31 15 0 1
0 2 0 1
cfn=(2342)
calls=1 0 
0 117 37 18 2 1 0 2
0 73 14 5 3 0 0 3
cob=(2)
cfi=(51)
cfn=(2304)
calls=5 0 
0 111 24
0 82 36 13 1 4 0 1
cfn=(2334)
calls=1 0 
0 5824 1440 853 26 13 5 24
cfn=(2324)
calls=3 0 
0 11153 2735 1702 48 29 11 47 0 10
cfn=(2306)
calls=1 0 
0 718 174 103 28 9 1 28 2
0 45 5 10
cob=(2)
cfi=(51)
cfn=(1946)
calls=5 0 
0 69 20 10
0 70 0 21 4 0 0 4
cob=(2)
cfi=(51)
cfn=(1886)
calls=11 0 
0 190 44 22
0 53 26 4
cob=(2)
cfi=(51)
cfn=(2304)
calls=4 0 
0 90 20 0 1 1
0 52 0 8 2 0 0 2
cob=(2)
cfi=(51)
cfn=(1886)
calls=8 0 
0 139 32 16
0 114 16 5 1 0 0 1
cob=(2)
cfi=(51)
cfn=(1964)
calls=5 0 
0 365 85 40
0 35 5 15
cob=(2)
cfi=(51)
cfn=(1886)
calls=5 0 
0 65 20 10 0 1
0 105 0 35 1 0 0 1
cob=(2)
cfi=(51)
cfn=(1886)
calls=35 0 
0 545 140 70
0 183 101 11 3 0 0 3
cob=(2)
cfi=(51)
cfn=(2296)
calls=5 0 
0 350 85 30
0 25 5 5 1 0 0 1
cob=(2)
cfi=(51)
cfn=(2296)
calls=5 0 
0 350 85 30 0 1 0 0 1
0 118 0 0 1 0 0 1

fn=(2342)
0 194 60 27 8 3 0 6
cob=(2)
cfi=(51)
cfn=(1948)
calls=7 0 
0 693 217 105 0 2
0 40 8 0 3 0 0 1

fn=(2590)
0 2376 198 990 6 67 0 6
cob=(2)
cfi=(51)
cfn=(2100)
calls=99 0 
0 4353 843 756 48 0 0 1
0 396 198 99 0 31 0 0 12
cfn=(2694)
calls=3 0 
0 567 84 69 26 8 0 18 4
cfn=(2690)
calls=18 0 
0 1506 390 282 11 22 3 2
cfn=(2684)
calls=9 0 
0 729 153 135 11 8 0 8 1
cfn=(2674) cmdstan::singleton_argument<double>::print_value[abi:cxx11]()
calls=18 0 
0 61968 15486 11013 1319 150 45 18 1
cfn=(2670) cmdstan::singleton_argument<bool>::print_value[abi:cxx11]()
calls=12 0 
0 1140 252 180 15 12 0 5 2
cfn=(2666)
calls=27 0 
0 2049 453 417 25 20 0 15 2
cfn=(2592)
calls=12 0 
0 933 264 156 10 21 0 4
0 495 0 99
cfn=(2594)
calls=99 0 
0 10551 2712 2043 42 0 0 2
0 396 198 99 20 0 0 2
cob=(2)
cfi=(51)
cfn=(1968)
calls=99 0 
0 9363 2169 1395 15 3
0 945 153 288 2
cfn=(2596)
calls=27 0 
0 2808 621 513 12
0 720 72 360 6 0 0 2
cfn=(2596)
calls=72 0 
0 12015 2664 2025 32 2 0 6 2
0 495 0 99
cfn=(1966)
calls=99 0 
0 11457 2841 2040 41 0 2 2
0 1503 402 6 4 0 0 4
cob=(2)
cfi=(51)
cfn=(1948)
calls=6 0 
0 594 186 90 0 1
0 297 198 99 2 12 0 2 4
cfn=(2696)
calls=3 0 
0 15 9 0 3 0 0 2
cfn=(2692)
calls=18 0 
0 285 90 6 13 8 0 4
cfn=(2686)
calls=9 0 
0 45 27 0 3 0 0 2
cfn=(2682) cmdstan::singleton_argument<double>::is_default()
calls=18 0 
0 126 54 0 3 0 0 2
cfn=(2672)
calls=12 0 
0 60 36 0 5 0 0 2
cfn=(2668) cmdstan::singleton_argument<int>::is_default()
calls=27 0 
0 135 81 0 2 0 0 2
cfn=(2598)
calls=12 0 
0 60 36 0 2 0 0 2
0 594 198 99 0 2
cfn=(3282)
calls=66 0 
0 22957 7956 3863 82 0 1
cfn=(2608)
calls=33 0 
0 26556 8974 4592 135 59 3 59 13 3
0 693 198 99
cob=(2)
cfi=(51)
cfn=(1948)
calls=99 0 
0 9801 3069 1485 22 2
0 1638 1089 84 2 0 0 2
cob=(2)
cfi=(51)
cfn=(2600)
calls=84 0 
0 20796 5197 2989 53 34 0 5 2
0 300 72 72 2 0 0 2

fn=(2716)
0 52 4 28 4 0 2 4
cfn=(2718)
calls=2 0 
0 1257 300 166 29 10 7 20 2
0 8 0 2 2 0 0 2
cob=(2)
cfi=(51)
cfn=(1938)
calls=2 0 
0 108 28 18
0 38 8 4 2 0 0 2
cfn=(1884)
calls=2 0 
0 258 62 42
0 6 0 2
cob=(2)
cfi=(51)
cfn=(1938)
calls=2 0 
0 62 16 16
0 14 2 4 2 0 1 2
cfn=(1906)
calls=2 0 
0 258 62 42 0 1
0 14 4 4 2 0 0 2
cfn=(1906)
calls=2 0 
0 114 28 20
0 18 6 2
cob=(2)
cfi=(51)
cfn=(1948)
calls=2 0 
0 198 62 30
0 32 22 0 4 0 0 4

fn=(2798) stan::json::json_data::json_data(std::istream&)
0 78 1 59 9 0 1 9
cfn=(2800)
calls=1 0 
0 315505715 96019023 56613354 31719 82090 112363 1089 200 79563
0 7 2 2 1 0 0 1
cob=(2)
cfi=(51)
cfn=(1948)
calls=1 0 
0 99 31 15 0 0 1
0 6 2 1
cob=(2)
cfi=(51)
cfn=(1948)
calls=1 0 
0 76 19 8 5 3
0 7 2 1 1 0 0 1
cfn=(3172)
calls=1 0 
0 367 115 60 6 2 1 6
0 3 1 1 0 1
cfn=(3172)
calls=1 0 
0 20 7 8
0 16 4 2 1 0 0 1
cob=(2)
cfi=(51)
cfn=(1948)
calls=2 0 
0 198 62 30 0 1
0 16 3 1 2 0 0 2
cfn=(3174) std::_Rb_tree<std::__cxx11::basic_string<char, std::char_traits<char>, std::allocator<char> >, std::pair<std::__cxx11::basic_string<char, std::char_traits<char>, std::allocator<char> > const, stan::json::array_dims>, std::_Select1st<std::pair<std::__cxx11::basic_string<char, std::char_traits<char>, std::allocator<char> > const, stan::json::array_dims> >, std::less<std::__cxx11::basic_string<char, std::char_traits<char>, std::allocator<char> > >, std::allocator<std::pair<std::__cxx11::basic_string<char, std::char_traits<char>, std::allocator<char> > const, stan::json::array_dims> > >::_M_erase(std::_Rb_tree_node<std::pair<std::__cxx11::basic_string<char, std::char_traits<char>, std::allocator<char> > const, stan::json::array_dims> >*)
calls=1 0 
0 20 7 8 2 0 0 2
0 3 1 1
cfn=(3174)
calls=1 0 
0 20 7 8
0 14 6 2 0 1
cob=(2)
cfi=(51)
cfn=(1948)
calls=2 0 
0 198 62 30
0 12 4 2
cob=(2)
cfi=(51)
cfn=(1948)
calls=2 0 
0 217 66 29 1 0 0 1
0 14 2 2 1 0 0 1
cob=(2)
cfi=(51)
cfn=(1948)
calls=2 0 
0 198 62 30 0 1
0 13 2 1 1 0 0 1
cfn=(3176)
calls=1 0 
0 386 119 59 6 1 0 6
0 3 1 1
cfn=(3176)
calls=1 0 
0 20 7 8
0 16 4 2
cob=(2)
cfi=(51)
cfn=(1948)
calls=2 0 
0 240 70 28 0 1
0 13 2 1 1 0 0 1
cfn=(3176)
calls=1 0 
0 430 127 57 0 1
0 3 1 1
cfn=(3176)
calls=1 0 
0 20 7 8
0 16 4 2 1 0 0 1
cob=(2)
cfi=(51)
cfn=(1948)
calls=2 0 
0 240 70 28
0 8 0 1
cfn=(2342)
calls=1 0 
0 117 37 18 0 1
0 11 9 0 0 1

fn=(2852)
0 6150728 1987738 915115 8 9 3 4
cob=(2)
cfi=(51)
cfn=(2804)
calls=37511 0 
0 6006581 1801909 1126009 67 140 5 3 10
0 262584 187558 4 3 0 0 2

fn=(2960) boost::re_detail_500::cpp_regex_traits_implementation<char>::lookup_classname(char const*, char const*) const
0 65 5 30 1 0 0 1
cfn=(2962)
calls=5 0 
0 1142 237 65 8 11 0 7 4
0 55 35 0 1 0 0 1

fn=(2966)
0 246 60 60 4 0 2 4
cob=(2)
cfi=(51)
cfn=(1004)
calls=1 0 
0 59 15 8 0 2
0 6 1 2 1 0 0 1
cob=(2)
cfi=(51)
cfn=(2968)
calls=1 0 
0 10 3 0 1
0 7 2 1 1 0 0 1

fn=(2974) boost::re_detail_500::basic_regex_parser<char, boost::regex_traits<char, boost::cpp_regex_traits<char> > >::parse_set()
0 182 50 52 6 0 0 6
cfn=(2976)
calls=6 0 
0 2882 764 486 25 0 2 25 0 2
0 58 8 4 3 0 0 3
cob=(2)
cfi=(51)
cfn=(1948)
calls=2 0 
0 198 62 30
0 8 3 1
cfn=(2990)
calls=1 0 
0 18 7 7 2 0 0 2
0 4 1 1
cob=(2)
cfi=(51)
cfn=(1948)
calls=1 0 
0 99 31 15
0 28 18 2 2 0 0 2
cfn=(2982)
calls=2 0 
0 3082 641 151 23 0 9 22
0 2

fn=(3018)
0 475 75 80 33 0 3 17 0 1
cob=(2)
cfi=(51)
cfn=(1004)
calls=5 0 
0 1680 274 217 0 6 10 0 0 2
0 70 15 0 3 0 0 2

fn=(3020)
0 158 52 28 6 3 0 4 1
cfn=(4696) std::_Sp_counted_ptr<boost::regex_traits_wrapper<boost::regex_traits<char, boost::cpp_regex_traits<char> > >*, (__gnu_cxx::_Lock_policy)2>::_M_dispose()
calls=1 0 
0 143 42 18 1 0 0 1
cfn=(4678)
calls=1 0 
0 17187 4389 2536 17 202 4 6 1
0 24 10 2 0 2
cfn=(4698)
calls=1 0 
0 123 35 14 1 0 0 1
cfn=(4680)
calls=1 0 
0 182 53 21

fn=(3021) std::_Sp_counted_base<(__gnu_cxx::_Lock_policy)2>::_M_release()'2
0 12 4 2

fn=(3030) boost::re_detail_500::perl_matcher<__gnu_cxx::__normal_iterator<char const*, std::__cxx11::basic_string<char, std::char_traits<char>, std::allocator<char> > >, std::allocator<boost::sub_match<__gnu_cxx::__normal_iterator<char const*, std::__cxx11::basic_string<char, std::char_traits<char>, std::allocator<char> > > > >, boost::regex_traits<char, boost::cpp_regex_traits<char> > >::match_match()
0 519 183 129 9 0 0 9

fn=(3072)
0 148 18 53 6 1 1 4 0 1
cob=(2)
cfi=(51)
cfn=(1004)
calls=8 0 
0 440 120 64 0 1
0 131 18 26 2 0 0 2
cob=(2)
cfi=(51)
cfn=(1946)
calls=8 0 
0 136 32 16 0 10 0 0 1
0 64 36 9

fn=(3082) std::_Rb_tree<std::__cxx11::basic_string<char, std::char_traits<char>, std::allocator<char> >, std::pair<std::__cxx11::basic_string<char, std::char_traits<char>, std::allocator<char> > const, std::pair<std::vector<int, std::allocator<int> >, std::vector<unsigned long, std::allocator<unsigned long> > > >, std::_Select1st<std::pair<std::__cxx11::basic_string<char, std::char_traits<char>, std::allocator<char> > const, std::pair<std::vector<int, std::allocator<int> >, std::vector<unsigned long, std::allocator<unsigned long> > > > >, std::less<std::__cxx11::basic_string<char, std::char_traits<char>, std::allocator<char> > >, std::allocator<std::pair<std::__cxx11::basic_string<char, std::char_traits<char>, std::allocator<char> > const, std::pair<std::vector<int, std::allocator<int> >, std::vector<unsigned long, std::allocator<unsigned long> > > > > >::_M_get_insert_unique_pos(std::__cxx11::basic_string<char, std::char_traits<char>, std::allocator<char> > const&)
0 30 10 8 4 0 0 4

fn=(3094) std::_Rb_tree_iterator<std::pair<std::__cxx11::basic_string<char, std::char_traits<char>, std::allocator<char> > const, stan::json::array_dims> > std::_Rb_tree<std::__cxx11::basic_string<char, std::char_traits<char>, std::allocator<char> >, std::pair<std::__cxx11::basic_string<char, std::char_traits<char>, std::allocator<char> > const, stan::json::array_dims>, std::_Select1st<std::pair<std::__cxx11::basic_string<char, std::char_traits<char>, std::allocator<char> > const, stan::json::array_dims> >, std::less<std::__cxx11::basic_string<char, std::char_traits<char>, std::allocator<char> > >, std::allocator<std::pair<std::__cxx11::basic_string<char, std::char_traits<char>, std::allocator<char> > const, stan::json::array_dims> > >::_M_emplace_hint_unique<std::piecewise_construct_t const&, std::tuple<std::__cxx11::basic_string<char, std::char_traits<char>, std::allocator<char> > const&>, std::tuple<> >(std::_Rb_tree_const_iterator<std::pair<std::__cxx11::basic_string<char, std::char_traits<char>, std::allocator<char> > const, stan::json::array_dims> >, std::piecewise_construct_t const&, std::tuple<std::__cxx11::basic_string<char, std::char_traits<char>, std::allocator<char> > const&>&&, std::tuple<>&&) [clone .isra.0]
0 24 0 14 1 0 0 1
cob=(2)
cfi=(51)
cfn=(1004)
calls=2 0 
0 422 83 69 0 1 2 0 0 1
0 20 6 4 2 0 2 1 0 1
cfn=(1906)
calls=2 0 
0 70 22 16
0 18 0 10
cfn=(3096)
calls=2 0 
0 113 34 22 11 0 0 9
0 24 0 2 2 0 0 1
cob=(2)
cfi=(51)
cfn=(2956)
calls=2 0 
0 45 8 15
0 22 14 2 1 0 0 1

fn=(3108)
0 165066 55022 45018 7 0 10 3
cfn=(2870)
calls=5002 0 
0 460184 110044 90036 0 0 10
0 25010 0 10004
cfn=(3070)
calls=5002 0 
0 625221 160057 50019 3 18 0 2
0 75030 5002 15006 5003 0 0 2
cfn=(2870)
calls=5002 0 
0 460184 110044 90036 0 0 5
0 15006 5002 5002
cfn=(3092)
calls=5002 0 
0 670239 170061 65025 1 0 4 1
0 25010 0 10004
cfn=(3074)
calls=5002 0 
0 555220 135054 100040 5007 37
0 25010 0 10004 2 0 0 1
cfn=(3074)
calls=5002 0 
0 555220 135054 100040 0 5
0 220079 55020 35013 2 0 0 1
cob=(2)
cfi=(51)
cfn=(2304)
calls=15005 0 
0 180060 60020
0 175062 25009 5002 3 0 0 2
cfn=(3060)
calls=5002 0 
0 185074 35014 15006
0 30012 10004 5002
cfn=(3042)
calls=5002 0 
0 780283 190069 65025 0 23
0 70039 30017 4 1 0 0 1
cfn=(3092)
calls=1 0 
0 134 34 13
0 30006 15003 15003 2 0 0 1
cfn=(3092)
calls=5001 0 
0 670105 170027 65012
0 20008 5002 5002
cfn=(3084) std::vector<unsigned long, std::allocator<unsigned long> >::operator=(std::vector<unsigned long, std::allocator<unsigned long> > const&)
calls=5002 0 
0 255104 80032 45018
0 15006 5002 5002
cfn=(3084)
calls=5002 0 
0 255104 80032 45018
0 40016 15006 10004 2 0 0 1
cob=(2)
cfi=(51)
cfn=(1948)
calls=5002 0 
0 495198 155062 75030
0 30012 10004 5002
cob=(2)
cfi=(51)
cfn=(1948)
calls=5002 0 
0 495198 155062 75030
0 80018 25006 2 4 0 0 4

fn=(3112) std::pair<std::vector<double, std::allocator<double> >, std::vector<unsigned long, std::allocator<unsigned long> > >::~pair()
0 30 6 6
cob=(2)
cfi=(51)
cfn=(1948)
calls=2 0 
0 198 62 30 0 10 1
0 20 8 0 1 0 0 1
cob=(2)
cfi=(51)
cfn=(1948)
calls=2 0 
0 295 84 38 8 10 2
0 4 4

fn=(3116)
0 40 4 14 2 0 0 2
cob=(2)
cfi=(51)
cfn=(2304)
calls=1 0 
0 12 4
0 19 8 0 3 0 0 2
cfn=(3118)
calls=1 0 
0 30 10 8 4 0 0 4
0 12 8 0 2 0 0 1

fn=(3162)
0 42 6 0 2 0 0 2

fn=(3216) new_model(stan::io::var_context&, unsigned int, std::ostream*)
0 11 0 5 2 0 0 2
cob=(2)
cfi=(51)
cfn=(1004)
calls=1 0 
0 59 15 8 0 1
0 6 0 1
cfn=(3218)
calls=1 0 
0 4068297 615370 1183920 210 63728 79654 156 391 15938
0 7 5 0 0 1

fn=(3274) cmdstan::get_vec_var_context(std::__cxx11::basic_string<char, std::char_traits<char>, std::allocator<char> > const&, unsigned long, unsigned int)
0 18 1 11 3 0 0 3
cfn=(2712) cmdstan::get_var_context(std::__cxx11::basic_string<char, std::char_traits<char>, std::allocator<char> > const&)
calls=1 0 
0 98 27 20 3 2 2 3 1
0 6 1 3 1 0 1 1
cob=(2)
cfi=(51)
cfn=(1004)
calls=1 0 
0 59 15 8 0 1
0 17 4 6 1 0 0 1
cfn=(3020)
calls=1 0 
0 12 4 2 2 0 0 2
0 12 10 0 1 0 0 1

fn=(3280)
0 96 0 48 4 0 0 2
cob=(2)
cfi=(51)
cfn=(1822)
calls=8 0 
0 128 24 0 0 1 0 0 1
0 64 8 32 0 3 0 0 2
cob=(2)
cfi=(51)
cfn=(2942)
calls=8 0 
0 936 232 136 9 2 0 2 1
0 64 8 8 2 0 0 1
cob=(2)
cfi=(51)
cfn=(1968)
calls=8 0 
0 364 96 56 4 0 0 1
0 32 16 8
cob=(2)
cfi=(51)
cfn=(1968)
calls=8 0 
0 330 84 48
0 56 48

fn=(3404) cmdstan::list_argument::value[abi:cxx11]()
0 51 18 9 2 0 1 2
cfn=(1906)
calls=3 0 
0 174 42 30
0 9 6

fn=(3466)
0 2 0 0 1 0 0 1
cfn=(3468) stan::scalar_type<std::vector<double, std::allocator<double> >, void>::type model_model_namespace::model_model::log_prob_impl<false, true, std::vector<double, std::allocator<double> >, std::vector<int, std::allocator<int> >, (void*)0, (void*)0, (void*)0>(std::vector<double, std::allocator<double> >&, std::vector<int, std::allocator<int> >&, std::ostream*) const
calls=1 0 
0 361090 119221 85670 229 18264 1271 180 503

fn=(3514)
0 161897148 47204220 1684028 12555 10456502 1487 20 54070

fn=(3542)
0 77372 22011 13340 3443 2668 1334 8 0 2

fn=(3554)
0 1334 667

fn=(3556)
0 4002 2668 667 666 667 0 1

fn=(3618)
0 9 0 4 2 0 0 1
cob=(2)
cfi=(51)
cfn=(1822)
calls=1 0 
0 24 4
0 6 0 1
cob=(2)
cfi=(51)
cfn=(1910)
calls=1 0 
0 225 56 36
0 19 7 7 1 0 0 1

fn=(3642)
0 117130 14362 7436 398 157 58 5 88

fn=(3660)
0 75851 33044 0 3687 3066 0 7 666

fn=(4422)
0 22 4 9 2 0 0 2
cob=(2)
cfi=(51)
cfn=(2114)
calls=1 0 
0 854 262 198 38 27 0 0 2
0 5 3 1 0 1 0 0 1
cob=(2)
cfi=(51)
cfn=(4424)
calls=1 0 
0 1111 369 200 60 55 8 9 2
0 12 4 1 1 0 0 1
cob=(2)
cfi=(51)
cfn=(2610)
calls=1 0 
0 240 76 43 23 3 0 0 2
0 128 64 32
cob=(2)
cfi=(51)
cfn=(2610)
calls=32 0 
0 4864 1613 932 28 4
0 132 0 33
cob=(2)
cfi=(51)
cfn=(2610)
calls=33 0 
0 4587 1518 858 0 1 0 0 1
0 104 3 1 1 0 0 1
cob=(2)
cfi=(51)
cfn=(2610)
calls=1 0 
0 136 47 27
0 11 5 1 1 0 0 1
cob=(2)
cfi=(51)
cfn=(2630)
calls=1 0 
0 66 27 12 4 1 0 0 1
0 2 0 1
cob=(2)
cfi=(51)
cfn=(2642)
calls=1 0 
0 68 30 10 5 1 0 1 1
0 4 1 1
cob=(2)
cfi=(51)
cfn=(2218)
calls=1 0 
0 252 64 45 10
0 4 2 1
cob=(2)
cfi=(51)
cfn=(2610)
calls=1 0 
0 199 68 38 6 6 3
0 7 2 1 1 0 0 1
cob=(2)
cfi=(51)
cfn=(1948)
calls=1 0 
0 99 31 15
0 2 1 1
cob=(2)
cfi=(51)
cfn=(2226)
calls=1 0 
0 200 63 39 5 3
0 11 9 0 1 0 0 1

fn=(4464)
0 13887 5462 110 867 1193 0 4 571
cob=(2)
cfi=(51)
cfn=(3452)
calls=55 0 
0 3080 990 110 116 188 0 0 30
0 385 110 110 9 38 0 0 38
cob=(2)
cfi=(51)
cfn=(3482)
calls=55 0 
0 3975 682 0 107 213 0 0 38
0 896 55 524 61 0 0 1
cob=(2)
cfi=(51)
cfn=(3452)
calls=262 0 
0 14966 4752 530 59 292 0 0 19
0 1834 524 524 69 188 0 1 188
cob=(2)
cfi=(51)
cfn=(3482)
calls=262 0 
0 21177 3385 0 715 975 0 0 188
0 524 262

fn=(4498)
0 12 4 2 2 0 0 2

fn=(4584)
0 12 2 3 1 1 0 1
cob=(2)
cfi=(51)
cfn=(1948)
calls=1 0 
0 120 35 14
0 8 2
cob=(2)
cfi=(51)
cfn=(1948)
calls=1 0 
0 99 31 15

fn=(4592)
0 54 23 10 2 8 0 2 1
cfn=(4594) cmdstan::arg_history_size::~arg_history_size()
calls=1 0 
0 427 122 52 4 3 0 4
cfn=(4556)
calls=6 0 
0 1947 552 237 0 25
0 30 9 2
cob=(2)
cfi=(51)
cfn=(1948)
calls=1 0 
0 120 35 14
0 9 2 2 1 1 0 1
cob=(2)
cfi=(51)
cfn=(1948)
calls=1 0 
0 120 35 14
0 10 3 0 1 0 0 1
cob=(2)
cfi=(51)
cfn=(1948)
calls=1 0 
0 120 35 14

fn=(4620) cmdstan::arg_generate_quantities_fitted_params::~arg_generate_quantities_fitted_params()
0 6 0 3 1 0 0 1
cfn=(4582)
calls=1 0 
0 272 79 35 0 6
0 4 1
cob=(2)
cfi=(51)
cfn=(1948)
calls=1 0 
0 99 31 15

fn=(4644) cmdstan::arg_output::~arg_output()
0 48 20 9 2 10 0 2 5
cfn=(4550)
calls=1 0 
0 550 158 67 0 4
cfn=(4654)
calls=1 0 
0 451 128 55 1 7 0 1
cfn=(4652)
calls=1 0 
0 406 118 53 3 5 0 3
cfn=(4650)
calls=1 0 
0 304 86 37 3 3 0 3
cfn=(4648)
calls=1 0 
0 479 137 59 1 7 0 1
cfn=(4646)
calls=1 0 
0 553 160 71 2 10 0 2
0 27 8 2
cob=(2)
cfi=(51)
cfn=(1948)
calls=1 0 
0 120 35 14
0 9 2 2 1 0 0 1
cob=(2)
cfi=(51)
cfn=(1948)
calls=1 0 
0 120 35 14
0 10 3
cob=(2)
cfi=(51)
cfn=(1948)
calls=1 0 
0 120 35 14

fn=(4662) std::vector<stan::callbacks::json_writer<std::basic_ofstream<char, std::char_traits<char> >, std::default_delete<std::basic_ofstream<char, std::char_traits<char> > > >, std::allocator<stan::callbacks::json_writer<std::basic_ofstream<char, std::char_traits<char> >, std::default_delete<std::basic_ofstream<char, std::char_traits<char> > > > > >::~vector()
0 58 18 10 2 3 0 2
cob=(2)
cfi=(51)
cfn=(1948)
calls=2 0 
0 240 70 28 0 1
0 8 0 0 1

fn=(4676) stan::callbacks::writer::~writer()
0 2 1 0 1

fn=(4690)
0 103 17 3 2 2 1 2 2
cob=(2)
cfi=(51)
cfn=(2968)
calls=1 0 
0 163 47 21 1 2 2 1
0 6 3

fn=(4692)
0 15 5 3 2 3 0 2 2
cfn=(4694) std::_Sp_counted_ptr<boost::re_detail_500::basic_regex_implementation<char, boost::regex_traits<char, boost::cpp_regex_traits<char> > >*, (__gnu_cxx::_Lock_policy)2>::_M_dispose()
calls=1 0 
0 506 153 69 5 7 0 5 1
0 12 5 1
cfn=(4700)
calls=1 0 
0 123 35 14 1 0 0 1

fn=(3058)
0 155871 13554 67770 6 0 0 5
cfn=(2870)
calls=6777 0 
0 623500 149097 121988 0 0 5
0 264273 67763 27105 2 0 0 2
cob=(2)
cfi=(51)
cfn=(2304)
calls=20328 0 
0 243945 81312 0 2
0 243952 33883 6777 2 0 0 2
cfn=(3060)
calls=6777 0 
0 250758 47439 20331 1 0 0 1
0 176203 74555 13556 3 0 2 3
cfn=(3126)
calls=6773 0 
0 81276 33865 20319 2 0 839 2 0 804
0 6776 0 1 1 0 0 1
cfn=(3062)
calls=1 0 
0 124 27 20 6 0 0 6
0 1

fn=(3060)
0 1620288 0 405072 1 0 0 1
cob=(2)
cfi=(51)
cfn=(2304)
calls=135024 0 
0 1620297 540096
0 1755193 405072

fn=(3598)
0 16 3 0 2 0 0 2
cfn=(3600)
calls=1 0 
0 600 150 77 28 10 0 18 4

fn=(3602)
0 8 0 3 2 0 0 2
cfn=(3066)
calls=1 0 
0 114 25 9 6 3 0 5 1
0 9 3

fn=(990)
0 25 0 17 4 0 2 4 0 2
cfn=(992)
calls=1 0 
0 3130 691 500 67 52 11 57 6 11
0 5 1 1
cob=(2)
cfi=(51)
cfn=(1028)
calls=1 0 
0 40462 10536 5704 566 374 102 356 66 39
0 7 0 1 1 0 0 1
cob=(2)
cfi=(51)
cfn=(1322)
calls=1 0 
0 77 15 15 7 3 2
0 2 0 1
cob=(2)
cfi=(51)
cfn=(1324)
calls=1 0 
0 105963 29105 13656 442 647 148 425 110 114
0 5 1 1 0 1
cob=(2)
cfi=(51)
cfn=(1322)
calls=1 0 
0 77 15 15 6 4 2 0 0 1
0 3 0 1 1 0 0 1
cfn=(1820)
calls=1 0 
0 51 12 11 4 2 1 4 1 1
0 5 1 1 0 1
cob=(2)
cfi=(51)
cfn=(1322)
calls=1 0 
0 77 15 15
0 3 0 1
cfn=(1820)
calls=1 0 
0 51 12 11 0 1 1 0 1 1
0 4 0 1
cob=(2)
cfi=(51)
cfn=(1322)
calls=1 0 
0 77 15 15 0 0 1 0 0 1
0 4 0 1 1 0 0 1
cfn=(1820)
calls=1 0 
0 51 12 11 0 1 0 0 1
0 4 0 1
cob=(2)
cfi=(51)
cfn=(1322)
calls=1 0 
0 77 15 15
0 3 0 2 0 0 1 0 0 1
cob=(2)
cfi=(51)
cfn=(1824)
calls=1 0 
0 52 14 7 6 9 0 2
0 80 2 70 2 0 9 2 0 8
cob=(2)
cfi=(51)
cfn=(1824)
calls=1 0 
0 52 14 7 0 2
0 12 1 4 1 0 0 1
cob=(2)
cfi=(51)
cfn=(1322)
calls=1 0 
0 77 15 15 0 0 1 0 0 1
0 34 12 7 3 3 0 3 1
cfn=(1828)
calls=1 0 
0 563 172 16 37 39 0 37 38
0 16 3 2 1 1 0 1 1
cfn=(1838)
calls=1 0 
0 1250 226 80 37 23 0 37 21
0 3 2 1 1 1 0 1 1
cfn=(1838)
calls=1 0 
0 2012 508 241 5 11 0 5 11
0 10 3 5 0 0 1
cfn=(1856)
calls=1 0 
0 147 39 11 13 5 0 13 5
0 11 5 4
cfn=(1856)
calls=1 0 
0 146 38 11 4 3 0 4 3
0 11 4 4
cfn=(1856)
calls=1 0 
0 144 37 11 3 3 0 3 3
0 8 3 2 2 1 0 2 1
cfn=(1852) double boost::math::detail::lgamma_imp_final<double, boost::math::policies::policy<boost::math::policies::pole_error<(boost::math::policies::error_policy_type)1>, boost::math::policies::overflow_error<(boost::math::policies::error_policy_type)1>, boost::math::policies::promote_float<false>, boost::math::policies::promote_double<false>, boost::math::policies::default_policy, boost::math::policies::default_policy, boost::math::policies::default_policy, boost::math::policies::default_policy, boost::math::policies::default_policy, boost::math::policies::default_policy, boost::math::policies::default_policy, boost::math::policies::default_policy, boost::math::policies::default_policy>, boost::math::lanczos::lanczos13m53>(double, boost::math::policies::policy<boost::math::policies::pole_error<(boost::math::policies::error_policy_type)1>, boost::math::policies::overflow_error<(boost::math::policies::error_policy_type)1>, boost::math::policies::promote_float<false>, boost::math::policies::promote_double<false>, boost::math::policies::default_policy, boost::math::policies::default_policy, boost::math::policies::default_policy, boost::math::policies::default_policy, boost::math::policies::default_policy, boost::math::policies::default_policy, boost::math::policies::default_policy, boost::math::policies::default_policy, boost::math::policies::default_policy> const&, boost::math::lanczos::lanczos13m53 const&, int*) [clone .isra.0]
calls=1 0 
0 94 28 4 12 4 0 12 4
0 6 3 1
cfn=(1852)
calls=1 0 
0 93 27 4 4 1 0 4 1
0 6 3 1 1 0 0 1
cfn=(1852)
calls=1 0 
0 92 27 4 3 1 0 3 1
0 10 3 2 1 0 0 1
cob=(2)
cfi=(51)
cfn=(1874)
calls=1 0 
0 19 7 2 3 1 0 3
0 10 4 1
cob=(2)
cfi=(51)
cfn=(1878)
calls=1 0 
0 8 4 1 2 1 0 2
0 8 3 5 1 0 0 1
cfn=(1860)
calls=1 0 
0 49 11 5 7 3 0 7 2
0 7 3 4
cfn=(1860)
calls=1 0 
0 112 24 11 3 1 0 3
0 10 0 3 2 0 0 1

fn=(1002)
0 34 2 18 4 0 0 2
cob=(2)
cfi=(51)
cfn=(1004)
calls=2 0 
0 406 78 60 33 23 1 6 0 1
0 24 4 12 2 0 0 1
cob=(2)
cfi=(51)
cfn=(998)
calls=2 0 
0 76 6
0 34 10 8 2 0 0 1
cob=(2)
cfi=(51)
cfn=(1008)
calls=2 0 
0 1222 322 138 27 29 0 13 5
0 56 24 4 6 0 0 3
cfn=(1018)
calls=2 0 
0 396 82 72 16 4 2 8 0 1
0 28 6 8 2 0 0 1

fn=(1836)
0 139 36 8 8 5 0 8 5
cob=(2)
cfi=(51)
cfn=(1842)
calls=1 0 
0 30 6 4 4 1 0 4
0 4 0 2
cob=(2)
cfi=(51)
cfn=(1846)
calls=1 0 
0 43 10 3 4 1 0 4
0 14 6 4 1 0 0 1
cob=(2)
cfi=(51)
cfn=(1846)
calls=1 0 
0 43 10 3
0 17 1 6 1 0 0 1
cob=(2)
cfi=(51)
cfn=(1830)
calls=1 0 
0 70 16 5
0 19 5 3
cob=(2)
cfi=(51)
cfn=(1830)
calls=1 0 
0 70 16 5
0 9 5 0 1 0 0 1

fn=(1852)
0 72 21 9 5 2 0 5 2
cfn=(1854)
calls=3 0 
0 198 61 3 14 4 0 14 4
0 9

fn=(1906)
0 4386170 1377753 1002386 20 8 12 6
cob=(2)
cfi=(51)
cfn=(1964)
calls=19 0 
0 2107 443 262 3 17 6 1 1 5
0 133 19 57 3 0 1 1
cob=(2)
cfi=(51)
cfn=(1886)
calls=19 0 
0 346 100 54 4 12 9 0 0 2
0 384 0 128 10 0 0 2
cob=(2)
cfi=(51)
cfn=(1886)
calls=128 0 
0 2202 512 256 0 2 6
0 441 294

fn=(2088)
0 246 12 150 16 0 12 4 0 12
cfn=(1884)
calls=6 0 
0 360 84 60
0 48 6 12
cob=(2)
cfi=(51)
cfn=(1910)
calls=6 0 
0 318 66 48
0 42 0 12 4 0 0 1
cfn=(1884)
calls=6 0 
0 342 84 60
0 18 0 6
cob=(2)
cfi=(51)
cfn=(1938)
calls=6 0 
0 324 84 54
0 42 6 12
cob=(2)
cfi=(51)
cfn=(1822)
calls=6 0 
0 96 18 0 0 1 0 0 1
0 36 6 6 4 0 0 1
cob=(2)
cfi=(51)
cfn=(1910)
calls=6 0 
0 858 184 134 0 0 1 0 0 1
0 12 0 6
cob=(2)
cfi=(51)
cfn=(1822)
calls=6 0 
0 156 28 0 1 5 0 0 5
0 36 6 6
cob=(2)
cfi=(51)
cfn=(1910)
calls=6 0 
0 2170 463 353 1 0 5 0 0 5
0 36 12 6 3 0 0 1
cob=(2)
cfi=(51)
cfn=(1910)
calls=6 0 
0 2124 454 353 0 2 5 0 1 5
0 30 0 12
cfn=(1884)
calls=6 0 
0 342 84 60 0 1 0 0 1
0 18 0 6
cob=(2)
cfi=(51)
cfn=(1938)
calls=6 0 
0 324 84 54
0 96 60 6 3 0 0 1

fn=(2270) cmdstan::arg_pathfinder::arg_pathfinder()
0 13 1 7 1 0 0 1
cfn=(2266)
calls=1 0 
0 33059 7783 5646 543 5 34 0 0 33
0 8 1 2 1 0 0 1
cob=(2)
cfi=(51)
cfn=(1910)
calls=1 0 
0 78 15 11
0 7 1 1
cob=(2)
cfi=(51)
cfn=(1910)
calls=1 0 
0 73 16 11
0 3 0 1 1 0 0 1
cob=(2)
cfi=(51)
cfn=(1004)
calls=1 0 
0 199 38 30 5 0 1 0 0 1
0 3 0 1
cfn=(1908)
calls=1 0 
0 279 61 61 4 0 2 0 0 2
0 8 1 2
cob=(2)
cfi=(51)
cfn=(1910)
calls=1 0 
0 76 15 11
0 6 1 1 1 0 0 1
cob=(2)
cfi=(51)
cfn=(1910)
calls=1 0 
0 202 50 33 2
0 6 1 1
cob=(2)
cfi=(51)
cfn=(1910)
calls=1 0 
0 205 50 34
0 6 1 1 1 0 0 1
cob=(2)
cfi=(51)
cfn=(1910)
calls=1 0 
0 60 12 9
0 7 1 3
cfn=(1932)
calls=1 0 
0 9 4 2
0 8 1 2 1 0 0 1
cob=(2)
cfi=(51)
cfn=(1910)
calls=1 0 
0 76 15 11
0 6 1 1
cob=(2)
cfi=(51)
cfn=(1910)
calls=1 0 
0 73 16 11
0 2 0 1
cob=(2)
cfi=(51)
cfn=(1004)
calls=1 0 
0 199 38 30 0 0 1 0 0 1
0 6 0 1 1 0 0 1
cfn=(2108)
calls=1 0 
0 1796 387 300 16 2 5 0 2 5
0 4 0 2
cfn=(1932)
calls=1 0 
0 9 4 2
0 2 0 1
cob=(2)
cfi=(51)
cfn=(1004)
calls=1 0 
0 199 38 30 0 0 1 0 0 1
0 6 0 1 1 0 0 1
cfn=(2108)
calls=1 0 
0 930 213 172 2 1 2 0 0 2
0 4 0 2
cfn=(1932)
calls=1 0 
0 391 88 61 1 0 2 0 0 2
0 2 0 1
cob=(2)
cfi=(51)
cfn=(1004)
calls=1 0 
0 199 38 30 0 0 1 0 0 1
0 5 0 1 1 0 0 1
cfn=(2088)
calls=1 0 
0 1533 329 263 8 1 5 0 1 5
0 4 0 2
cfn=(1932)
calls=1 0 
0 9 4 2
0 2 0 1
cob=(2)
cfi=(51)
cfn=(1004)
calls=1 0 
0 199 38 30 0 0 1 0 0 1
0 5 0 1
cfn=(2110)
calls=1 0 
0 1282 278 224 6 2 5 0 2 5
0 4 0 2 1 0 0 1
cfn=(1932)
calls=1 0 
0 9 4 2
0 2 0 1
cob=(2)
cfi=(51)
cfn=(1004)
calls=1 0 
0 199 38 30 0 0 1 0 0 1
0 5 0 1
cfn=(2110)
calls=1 0 
0 1362 296 229 5 9 9 0 6 9
0 4 0 2
cfn=(1932)
calls=1 0 
0 9 4 2
0 2 0 1 1 0 0 1
cob=(2)
cfi=(51)
cfn=(1004)
calls=1 0 
0 199 38 30 0 0 1 0 0 1
0 6 0 1
cfn=(2108)
calls=1 0 
0 1796 387 300 0 1 4 0 1 4
0 4 0 2
cfn=(1932)
calls=1 0 
0 9 4 2
0 2 0 1
cob=(2)
cfi=(51)
cfn=(1004)
calls=1 0 
0 199 38 30 0 0 1 0 0 1
0 6 0 1 1 0 0 1
cfn=(2108)
calls=1 0 
0 1011 224 179 0 0 3 0 0 3
0 4 0 2
cfn=(1932)
calls=1 0 
0 9 4 2
0 2 0 1
cob=(2)
cfi=(51)
cfn=(1004)
calls=1 0 
0 199 38 30 0 0 1 0 0 1
0 6 0 1 1 0 0 1
cfn=(2108)
calls=1 0 
0 1777 385 298 0 1 4 0 0 4
0 4 0 2
cfn=(1932)
calls=1 0 
0 9 4 2
0 10 8

fn=(2326)
0 44 6 16 2 0 0 2
cob=(2)
cfi=(51)
cfn=(2296)
calls=2 0 
0 140 34 12
0 36 20 2 2 0 0 2
cob=(2)
cfi=(51)
cfn=(2296)
calls=2 0 
0 140 34 12
0 36 2 16 1 0 0 1
cfn=(2290)
calls=2 0 
0 924 211 154 0 0 1 0 0 1
0 6 0 2
cfn=(2308)
calls=2 0 
0 74 18 2 0 1
0 18 4 2
cob=(2)
cfi=(51)
cfn=(1948)
calls=2 0 
0 198 62 30
0 10 4 2 1 0 0 1
cfn=(2310)
calls=2 0 
0 220 68 32
0 18 0 12 1 0 0 1
cob=(2)
cfi=(51)
cfn=(1942)
calls=2 0 
0 584 125 92 0 0 2 0 0 2
0 24 8 8 2 2 0 2
cfn=(1906)
calls=2 0 
0 556 113 88 0 0 3 0 0 3
0 18 8 2
cob=(2)
cfi=(51)
cfn=(1948)
calls=2 0 
0 198 62 30
0 6 2 2 1 0 0 1
cob=(2)
cfi=(51)
cfn=(1942)
calls=2 0 
0 296 77 48 0 2
0 12 6 2
cob=(2)
cfi=(51)
cfn=(1948)
calls=2 0 
0 198 62 30
0 2

fn=(4534)
0 30 8 6 1 0 0 1
cob=(2)
cfi=(51)
cfn=(2610)
calls=2 0 
0 374 122 64
0 22 10 2 1 0 0 1
cob=(2)
cfi=(51)
cfn=(2630)
calls=2 0 
0 132 54 24
0 10 4
cob=(2)
cfi=(51)
cfn=(2642)
calls=2 0 
0 450 154 70 23 7 0 0 1
0 2 2 0 1 0 0 1

fn=(4556)
0 234 28 53 1 27 0 1
cob=(2)
cfi=(51)
cfn=(1948)
calls=3 0 
0 360 105 42 0 4
0 475 100 75 2 31 0 2
cob=(2)
cfi=(51)
cfn=(1948)
calls=25 0 
0 2979 871 351 0 46 1
0 200 50
cob=(2)
cfi=(51)
cfn=(1948)
calls=25 0 
0 3700 1100 450 0 3

fn=(2580) cmdstan::check_file_config(cmdstan::argument_parser&)
0 17 1 8 2 0 0 2
cfn=(1820)
calls=1 0 
0 92 19 14 0 1
0 3 0 1
cfn=(2346)
calls=1 0 
0 440 115 53 0 3
0 3 0 1 1 0 0 1
cfn=(2582)
calls=1 0 
0 225 59 36 3 6 0 3
0 13 1 1 1 0 0 1
cob=(2)
cfi=(51)
cfn=(2278)
calls=1 0 
0 217 66 36 0 6 0 0 2
0 9 2 4 1 1 0 1
cfn=(1906)
calls=1 0 
0 283 58 45 0 2 1 0 0 1
0 2 0 1
cfn=(2584)
calls=1 0 
0 275 66 38 21 4 0 8
0 3 0 1
cfn=(1820)
calls=1 0 
0 92 19 14
0 3 0 1
cfn=(2346)
calls=1 0 
0 440 115 53
0 3 0 1
cfn=(2582)
calls=1 0 
0 273 72 43 0 2
0 12 1 1 1 0 0 1
cob=(2)
cfi=(51)
cfn=(2278)
calls=1 0 
0 217 66 36 0 2 0 0 1
0 8 2 3 1 1 0 1
cfn=(1906)
calls=1 0 
0 33 8 7
0 2 0 1
cfn=(2584)
calls=1 0 
0 78 22 16
0 3 0 1
cfn=(1820)
calls=1 0 
0 92 19 14
0 3 0 1 1 0 0 1
cfn=(2346)
calls=1 0 
0 110 31 16
0 10 1 2 1 0 0 1
cfn=(1820)
calls=1 0 
0 68 13 11 0 1
0 5 0 2
cfn=(1820)
calls=1 0 
0 68 13 11
0 6 2 1
cfn=(1820)
calls=1 0 
0 163 36 25
0 3 0 1
cfn=(2574)
calls=1 0 
0 100 31 17
0 7 2 1 1 0 0 1
cob=(2)
cfi=(51)
cfn=(1948)
calls=1 0 
0 99 31 15
0 21 8 1 3 0 0 3
cob=(2)
cfi=(51)
cfn=(1948)
calls=1 0 
0 99 31 15
0 17 11 1 1 0 0 1
cfn=(1820)
calls=1 0 
0 92 19 14 0 1
0 3 0 1 1 0 0 1
cfn=(2574)
calls=1 0 
0 100 31 17
0 12 3 1 2 0 0 2
cfn=(1820)
calls=1 0 
0 90 19 14
0 3 0 1
cfn=(2574)
calls=1 0 
0 100 31 17
0 6 1

fn=(2582)
0 456 72 192 7 6 0 4 3
cob=(2)
cfi=(51)
cfn=(1822)
calls=24 0 
0 384 72 0 0 10 0 0 9
0 120 0 24
cfn=(1884)
calls=24 0 
0 1416 353 251 0 1
0 72 0 24
cfn=(2578)
calls=24 0 
0 6258 1639 859 16 42 3 8
0 99 25 1 4 0 0 2
cob=(2)
cfi=(51)
cfn=(1948)
calls=1 0 
0 99 31 15
0 264 192

fn=(2670)
0 156 12 48 8 8 0 2
cob=(2)
cfi=(51)
cfn=(1822)
calls=12 0 
0 192 36 0 0 4 0 0 2
0 48 0 12 4 0 0 2
cfn=(1884)
calls=12 0 
0 684 168 120 3 0 0 1
0 60 36

fn=(2802)
0 28466680 11386672 5175840 6 0 0 3
cob=(2)
cfi=(51)
cfn=(2804)
calls=517496 0 
0 82846099 24853683 15531791 95 1125 10 35 118
0 2069984 1552488

fn=(2908)
0 20 1 7 2 0 0 2
cfn=(2910)
calls=1 0 
0 2691 794 419 62 43 22 40 5 15
0 3 0 1
cob=(2)
cfi=(51)
cfn=(2296)
calls=1 0 
0 58 15 6
0 23 8 2 2 0 0 2
cfn=(2910)
calls=1 0 
0 645 170 114
0 7 0 2
cfn=(2910)
calls=1 0 
0 645 170 114
0 30 8 1 4 0 0 4

fn=(2978)
0 407 143 88 3 0 0 3

fn=(2994)
0 40 5 10 3 0 0 3
cob=(2)
cfi=(51)
cfn=(1946)
calls=1 0 
0 55 13 9 6 2 4
0 16 10 4 1 0 0 1

fn=(3008) boost::re_detail_500::basic_regex_creator<char, boost::regex_traits<char, boost::cpp_regex_traits<char> > >::set_all_masks(unsigned char*, unsigned char) [clone .isra.0]
0 62 18 17 6 0 0 6

fn=(3022)
0 265 56 49 3 5 0 3
cfn=(3034)
calls=5 0 
0 25 5 10 3 0 0 2
cfn=(3032) boost::re_detail_500::perl_matcher<__gnu_cxx::__normal_iterator<char const*, std::__cxx11::basic_string<char, std::char_traits<char>, std::allocator<char> > >, std::allocator<boost::sub_match<__gnu_cxx::__normal_iterator<char const*, std::__cxx11::basic_string<char, std::char_traits<char>, std::allocator<char> > > > >, boost::regex_traits<char, boost::cpp_regex_traits<char> > >::unwind_short_set_repeat(bool)
calls=4 0 
0 96 36 32 4 0 0 3
0 55 4 29 1 0 0 1
cfn=(3030)
calls=14 0 
0 519 183 129 9 0 0 9
cfn=(3028)
calls=5 0 
0 379 131 75 27 5 3 14 0 1
cfn=(3026)
calls=5 0 
0 120 55 20 6 2 0 6
cfn=(3024)
calls=5 0 
0 135 55 35 12 3 0 6 1
0 238 63 27 1 1 0 1
cfn=(3032)
calls=9 0 
0 584 234 134 9 2 0 9
0 414 155 34 3 18 0 3

fn=(3070)
0 350302 70057 90090 5 19 0 4
cob=(2)
cfi=(51)
cfn=(2304)
calls=20013 0 
0 240156 80052
0 340228 50036 10008 2 5 0 2
cob=(2)
cfi=(51)
cfn=(2304)
calls=10008 0 
0 120096 40032
0 200173 80085 0 2 0 0 1

fn=(3086)
0 165066 65026 40016 5 0 0 3
cfn=(2870)
calls=5002 0 
0 460184 110044 90036 0 0 2
0 15006 0 5002 1 0 0 1
cfn=(3042)
calls=5002 0 
0 780283 190069 65025
0 30018 5006 5002 2 0 0 1
cfn=(3042)
calls=5002 0 
0 780283 190069 65025
0 30006 5002 5000
cfn=(3042)
calls=5000 0 
0 780000 190000 65000
0 55018 5000 25010 2 0 0 1
cfn=(3070)
calls=5002 0 
0 625104 160033 50016
0 35006 0 5000 2 0 0 1
cfn=(3092)
calls=5000 0 
0 670000 170000 65000
0 20000 0 5000
cfn=(3084)
calls=5000 0 
0 599998 150000 100000 0 4
0 20000 0 5000
cfn=(3084)
calls=5000 0 
0 599998 150000 100000
0 60015 15000 5006 2 0 0 1
cfn=(3088)
calls=3 0 
0 694 161 116 9 0 1 7
0 15 0 6 2 0 0 1
cfn=(3088)
calls=3 0 
0 834 185 138
0 45007 5003 10000
cfn=(3092)
calls=5000 0 
0 670000 170000 65000
0 6 0 2
cfn=(3092)
calls=2 0 
0 894 209 180 22 1 4 18 0 2
0 20008 0 5002 2 0 0 1
cfn=(3084)
calls=5002 0 
0 255707 80159 45120 5 0 2 2 0 1
0 15006 0 5002
cfn=(3084)
calls=5002 0 
0 255707 80159 45120
0 90036 35014 15006 3 0 0 1
cob=(2)
cfi=(51)
cfn=(1948)
calls=5002 0 
0 495198 155062 75030
0 30012 10004 5002 4999
cob=(2)
cfi=(51)
cfn=(1948)
calls=5002 0 
0 495198 155062 75030
0 20014 5002 2 2 0 0 1
cfn=(3042)
calls=2 0 
0 283 69 25
0 10 0 4 2 0 0 1

fn=(3092)
0 800345 160067 240114 4 0 4 4
cob=(2)
cfi=(51)
cfn=(2304)
calls=40014 0 
0 480168 160056
0 700271 100040 20009 3 0 0 3
cob=(2)
cfi=(51)
cfn=(2304)
calls=20009 0 
0 240108 80036
0 460224 180094 4 3 0 0 3
cfn=(3094)
calls=2 0 
0 758 167 154 17 1 4 13 0 2
0 4 0 0 1 0 0 1

fn=(3164)
0 268 48 50 2 0 0 2
cob=(2)
cfi=(51)
cfn=(1948)
calls=8 0 
0 792 248 120
0 34 6 14 1 0 0 1
cob=(2)
cfi=(51)
cfn=(1004)
calls=6 0 
0 674 148 110 0 0 1
0 24 0 6 1 0 0 1
cfn=(3158)
calls=6 0 
0 198 36 30
0 42 30 12

fn=(3174)
0 40 14 16 2 0 0 2

fn=(3282)
0 836 209 216 27 2 0 2
cob=(2)
cfi=(51)
cfn=(2610)
calls=54 0 
0 11225 3606 1874 112 65 14 11 4
0 216 108 54
cob=(2)
cfi=(51)
cfn=(2610)
calls=54 0 
0 9779 3300 1732 0 0 2
0 594 270 54 4 4 0 1
cob=(2)
cfi=(51)
cfn=(2630)
calls=54 0 
0 3564 1458 648 20 1 0 1 1
0 270 162
cob=(2)
cfi=(51)
cfn=(2642)
calls=54 0 
0 15100 5050 2307 130 69 1 11 12
0 47 47 0 2 0 0 1

fn=(3330)
0 15 1 8 2 0 0 2
cob=(2)
cfi=(51)
cfn=(3332)
calls=1 0 
0 969 320 146 12 23 4 6 4
0 9 0 2 1 0 0 1
cob=(2)
cfi=(51)
cfn=(3342)
calls=1 0 
0 355 42 41 31 3 2 1 0 1
0 3 0 1
cob=(2)
cfi=(51)
cfn=(2114)
calls=1 0 
0 854 262 198
0 10 4 2 1 0 0 1
cob=(2)
cfi=(51)
cfn=(3346)
calls=1 0 
0 2685 715 336 23 24 0 22
0 6 0 1
cob=(2)
cfi=(51)
cfn=(2610)
calls=1 0 
0 139 46 26 0 1 0 0 1
0 7 3 2 1 0 0 1
cob=(2)
cfi=(51)
cfn=(3346)
calls=1 0 
0 1789 435 199 15 12 4 8 1
0 5 0 1
cob=(2)
cfi=(51)
cfn=(2610)
calls=1 0 
0 139 46 26
0 6 3 2
cob=(2)
cfi=(51)
cfn=(3346)
calls=1 0 
0 320 84 50
0 5 0 1 1 0 0 1
cob=(2)
cfi=(51)
cfn=(2610)
calls=1 0 
0 139 46 26 0 1 0 0 1
0 6 3 2
cob=(2)
cfi=(51)
cfn=(3346)
calls=1 0 
0 320 84 50
0 6 0 1 1 0 0 1
cob=(2)
cfi=(51)
cfn=(2610)
calls=1 0 
0 139 46 26 0 1 0 0 1
0 6 3 2
cob=(2)
cfi=(51)
cfn=(3346)
calls=1 0 
0 876 214 144 0 0 1
0 5 0 1
cob=(2)
cfi=(51)
cfn=(2610)
calls=1 0 
0 139 46 26
0 6 3 2 1 0 0 1
cob=(2)
cfi=(51)
cfn=(3346)
calls=1 0 
0 320 84 50
0 4 0 1
cob=(2)
cfi=(51)
cfn=(2610)
calls=1 0 
0 138 47 27
0 3 0 1
cob=(2)
cfi=(51)
cfn=(2218)
calls=1 0 
0 237 57 40 11 3 0 1
0 2 0 1
cob=(2)
cfi=(51)
cfn=(2226)
calls=1 0 
0 200 63 39 12 4 0 1 1
0 19 11 1 1 0 0 1

fn=(3414) auto cmdstan::get_arg_val<cmdstan::singleton_argument<int>, cmdstan::argument_parser&, char const (&) [7], char const (&) [7], char const (&) [10], char const (&) [4], char const (&) [7], char const (&) [5], char const (&) [10]>(cmdstan::argument_parser&, char const (&) [7], char const (&) [7], char const (&) [10], char const (&) [4], char const (&) [7], char const (&) [5], char const (&) [10])
0 27 3 13 3 0 0 3
cob=(2)
cfi=(51)
cfn=(1822)
calls=1 0 
0 16 3
0 4 1 1
cfn=(1884)
calls=1 0 
0 57 14 10
0 3 2 1
cfn=(2346)
calls=1 0 
0 110 31 16
0 11 2 5 1 0 0 1
cob=(2)
cfi=(51)
cfn=(1822)
calls=1 0 
0 16 3
0 5 1 1
cfn=(1884)
calls=1 0 
0 57 14 10
0 4 1 1 1 0 0 1
cfn=(2574)
calls=1 0 
0 135 40 18
0 10 2 4
cob=(2)
cfi=(51)
cfn=(1822)
calls=1 0 
0 16 3
0 4 0 1 1 0 0 1
cfn=(1884)
calls=1 0 
0 55 14 10
0 4 1 1
cfn=(2578)
calls=1 0 
0 362 95 51
0 9 2 3
cob=(2)
cfi=(51)
cfn=(1822)
calls=1 0 
0 16 3
0 4 0 1 1 0 0 1
cfn=(1884)
calls=1 0 
0 60 14 10
0 4 1 1
cfn=(2574)
calls=1 0 
0 138 40 18
0 9 2 3 1 0 0 1
cob=(2)
cfi=(51)
cfn=(1822)
calls=1 0 
0 16 3
0 4 0 1
cfn=(1884)
calls=1 0 
0 57 14 10
0 4 1 1
cfn=(2578)
calls=1 0 
0 110 30 16
0 9 2 3 1 1 0 1
cob=(2)
cfi=(51)
cfn=(1822)
calls=1 0 
0 16 3
0 4 0 1
cfn=(1884)
calls=1 0 
0 57 14 10
0 4 1 1
cfn=(2574)
calls=1 0 
0 135 40 18
0 3 1 1
cfn=(2582)
calls=1 0 
0 221 59 36 0 3 0 0 1
0 26 9 1 4 0 0 4
cob=(2)
cfi=(51)
cfn=(2278)
calls=1 0 
0 217 66 36
0 12 10

fn=(3470) stan::return_type<Eigen::Map<Eigen::Matrix<double, -1, 1, 0, -1, 1> const, 0, Eigen::Stride<0, 0> >&, double, double>::type stan::math::normal_lpdf<false, Eigen::Map<Eigen::Matrix<double, -1, 1, 0, -1, 1> const, 0, Eigen::Stride<0, 0> >&, double, double, (void*)0>(Eigen::Map<Eigen::Matrix<double, -1, 1, 0, -1, 1> const, 0, Eigen::Stride<0, 0> >&, double&&, double&&) [clone .isra.0]
0 266 36 74 8 2 0 8 2
cob=(2)
cfi=(51)
cfn=(3472)
calls=1 0 
0 23 3 0 8 2 0 8
0 7 2 2 1 0 0 1
cob=(2)
cfi=(51)
cfn=(3170)
calls=1 0 
0 91 29 15 1 1 0 1
0 89 22 4 5 1 0 5 1
cob=(2)
cfi=(51)
cfn=(1024)
calls=1 0 
0 45 12 6 1 0 0 1
0 110 15 12 2 0 0 2

fn=(3548)
0 4002 0 0 667 0 0 1
cfn=(3550)
calls=667 0 
0 140070 52693 16008 237 10672 0 3

fn=(3560)
0 10672 8004 1334 264 0 0 1

fn=(3572)
0 33 17 7 3 2 0 3

fn=(3632)
0 91 21 16 4 3 0 4

fn=(4302) stan::lang::rethrow_located(std::exception const&, std::__cxx11::basic_string<char, std::char_traits<char>, std::allocator<char> >)
0 85 5 40 10 0 0 2
cob=(2)
cfi=(51)
cfn=(2114)
calls=5 0 
0 4270 1310 990 123 22 7
0 20 0 5
cob=(2)
cfi=(51)
cfn=(2610)
calls=5 0 
0 1175 380 215 46 9 0 0 5
0 15 10 5 0 5 0 0 5
cob=(7)
cfi=(175)
cfn=(4304)
calls=5 0 
0 15 10 0 5 0 0 1
0 15 0 5
cob=(2)
cfi=(51)
cfn=(3580)
calls=5 0 
0 3080 825 495 63 2 1
0 20 10 5
cob=(2)
cfi=(51)
cfn=(2610)
calls=5 0 
0 675 235 135 0 0 5
0 20 0 5 5 0 0 1
cob=(2)
cfi=(51)
cfn=(2218)
calls=5 0 
0 1260 320 225 19 13 10
0 30 0 5
cob=(2)
cfi=(51)
cfn=(2278)
calls=5 0 
0 1550 490 240 75 25 0 3 12
0 15 0 5 5 0 0 1
cob=(2)
cfi=(51)
cfn=(4308)
calls=5 0 
0 70474 13617 7423 130 162 12 7 48
0 35 10 5
cob=(2)
cfi=(51)
cfn=(1948)
calls=5 0 
0 495 155 75 5
0 10 0 5
cob=(2)
cfi=(51)
cfn=(2226)
calls=5 0 
0 1000 315 195 43 7
0 10 0 5
cob=(2)
cfi=(51)
cfn=(4284)
calls=5 0 
0 57940 9525 5035 9 3
0 15 0 5 5 0 0 1
cob=(2)
cfi=(51)
cfn=(4298)
calls=5 0 
0 260 85 35 2
0 5 0 5
cob=(2)
cfi=(51)
cfn=(4324)
calls=5 0 
0 4337 1368 658 88 61 0 14 9
0 25 0 5
cob=(2)
cfi=(51)
cfn=(2278)
calls=5 0 
0 1550 490 240 0 12 0 0 2
0 30 0 5 5 0 0 1
cob=(2)
cfi=(51)
cfn=(4308)
calls=5 0 
0 73870 13515 7325 0 4
0 15 0 5 5 0 0 1
cob=(2)
cfi=(51)
cfn=(4298)
calls=5 0 
0 260 85 35
0 5 0 5
cob=(2)
cfi=(51)
cfn=(4324)
calls=5 0 
0 900 275 110
0 25 0 5
cob=(2)
cfi=(51)
cfn=(2278)
calls=5 0 
0 1550 490 240 0 5 0 0 5
0 15 0 5 5 0 0 1
cob=(2)
cfi=(51)
cfn=(4308)
calls=5 0 
0 78190 13895 7505 0 5 0 0 5
0 15 0 5
cob=(2)
cfi=(51)
cfn=(4298)
calls=5 0 
0 260 85 35
0 5 0 5
cob=(2)
cfi=(51)
cfn=(4324)
calls=5 0 
0 900 275 110
0 25 0 5
cob=(2)
cfi=(51)
cfn=(2278)
calls=5 0 
0 1550 490 240 0 5 0 0 5
0 15 0 5 5 0 0 1
cob=(2)
cfi=(51)
cfn=(4308)
calls=5 0 
0 82510 14275 7685
0 15 0 5 5 0 0 1
cob=(2)
cfi=(51)
cfn=(4298)
calls=5 0 
0 260 85 35
0 5 0 5
cob=(2)
cfi=(51)
cfn=(4324)
calls=5 0 
0 900 275 110
0 30 0 5
cob=(2)
cfi=(51)
cfn=(2278)
calls=5 0 
0 470 155 100
0 20 0 5
cob=(2)
cfi=(51)
cfn=(3678)
calls=5 0 
0 566 103 156 3 6 8
0 20 0 5
cob=(2)
cfi=(51)
cfn=(3682)
calls=5 0 
0 1099 273 220 62 4 13
0 20 5 5 5 1 0 1
cob=(2)
cfi=(51)
cfn=(3718)
calls=5 0 
0 158830 25010 13095 42 82 0 0 65

fn=(4444)
0 555 89 60 81 1 0 5 1
cob=(2)
cfi=(51)
cfn=(4446)
calls=1 0 
0 94 18 2 12 5 0 4 2
0 25 3 4 2 2 0 2
cob=(2)
cfi=(51)
cfn=(2728)
calls=1 0 
0 87 13 30 5 1 0 0 1
0 19 4 9 2 0 0 2
cob=(2)
cfi=(51)
cfn=(2730)
calls=1 0 
0 223 76 44 6
0 10 3 3 1 0 0 1
cob=(2)
cfi=(51)
cfn=(2730)
calls=1 0 
0 223 76 44
0 19 4 9 2 0 0 2
cob=(2)
cfi=(51)
cfn=(2874)
calls=1 0 
0 27 11 6 1 1 0 1 1
0 11 1 7 1 0 0 1
cob=(2)
cfi=(51)
cfn=(2730)
calls=1 0 
0 223 76 44
0 6 1 1 1 0 0 1
cob=(2)
cfi=(51)
cfn=(2610)
calls=1 0 
0 235 76 43 1 1 0 0 1
0 7 4 2 1 0 0 1
cob=(2)
cfi=(51)
cfn=(3346)
calls=1 0 
0 450 110 67 32 9 1 1 1
0 5 0 1
cob=(2)
cfi=(51)
cfn=(2610)
calls=1 0 
0 543 150 91 9
0 3 1 1
cob=(2)
cfi=(51)
cfn=(3346)
calls=1 0 
0 320 84 50
0 4 0 1 1 0 0 1
cob=(2)
cfi=(51)
cfn=(2610)
calls=1 0 
0 141 47 27 0 1 0 0 1
0 10 5 2 1 1 0 1 1
cob=(2)
cfi=(51)
cfn=(3346)
calls=1 0 
0 438 106 66
0 4 0 1
cob=(2)
cfi=(51)
cfn=(2610)
calls=1 0 
0 141 47 27
0 4 0 1
cob=(2)
cfi=(51)
cfn=(2610)
calls=1 0 
0 136 47 27 0 1 0 0 1
0 4 3 1 0 2 0 0 1
cfn=(3588)
calls=1 0 
0 937 288 156 45 19 1 0 3
0 12 4 4 2 0 0 2
cob=(2)
cfi=(51)
cfn=(1948)
calls=1 0 
0 99 31 15
0 4 1 2
cob=(2)
cfi=(51)
cfn=(2678)
calls=1 0 
0 10 5 1 1
0 19 10 8 2 0 0 2
cob=(2)
cfi=(51)
cfn=(2680)
calls=1 0 
0 57 21 12 4 1
0 320 80 40 0 43 0 0 39
cfn=(4452) stan::mcmc::adapt_diag_e_nuts<stan::model::model_base, boost::random::mixmax_engine<17, 36u, 0l> >::transition(stan::mcmc::sample&, stan::callbacks::logger&)
calls=40 0 
0 254853168 81294217 36298506 169716 15441025 816242 14647 53124
0 320 160 160 40 40 0 1
cob=(2)
cfi=(51)
cfn=(3170)
calls=40 0 
0 7747 2334 923 0 16 4
0 451 209 0 42 122 0 2 40

fn=(4474)
0 4260 1420 1420 493 0 0 1

fn=(4502)
0 20 8 6 2 0 0 2

fn=(4504)
0 21 9 5 2 0 0 2

fn=(4508) void stan::services::util::mcmc_writer::write_sample_params<stan::model::model_base, boost::random::mixmax_engine<17, 36u, 0l> >(boost::random::mixmax_engine<17, 36u, 0l>&, stan::mcmc::sample&, stan::mcmc::base_mcmc&, stan::model::model_base&)
0 1040 40 440 120 0 0 3
cfn=(3106)
calls=40 0 
0 4960 1080 800 400 156 0 0 40
0 120 40 40
cfn=(3104)
calls=40 0 
0 10856 2715 1649 208 166 1 1 40
0 160 120 40 0 67 0 0 40
cfn=(4510) stan::mcmc::base_nuts<stan::model::model_base, stan::mcmc::diag_e_metric, stan::mcmc::expl_leapfrog, boost::random::mixmax_engine<17, 36u, 0l> >::get_sampler_params(std::vector<double, std::allocator<double> >&)
calls=40 0 
0 22000 5680 3680 520 80 40 12
0 320 0 200 40 0 0 1
cob=(2)
cfi=(51)
cfn=(2114)
calls=40 0 
0 34160 10480 7920 1490 1081 0 0 80
0 560 80 160 40 0 0 1
cob=(2)
cfi=(51)
cfn=(1004)
calls=40 0 
0 2360 600 320
0 320 40 160 40 0 0 1
cob=(2)
cfi=(51)
cfn=(1886)
calls=40 0 
0 1280 440 320 0 0 62
0 520 120 160 40 40 0 1 40
cfn=(3450)
calls=40 0 
0 19440 4160 2520 867 307 45 7 40
0 320 160 40 40 0 0 1
cob=(2)
cfi=(51)
cfn=(1948)
calls=40 0 
0 3960 1240 600
0 200 0 40
cob=(2)
cfi=(51)
cfn=(2218)
calls=40 0 
0 2400 680 560 0 11
0 1280 560 80 160 120 0 4 40
cfn=(4514) stan::callbacks::unique_stream_writer<std::basic_ofstream<char, std::char_traits<char> >, std::default_delete<std::basic_ofstream<char, std::char_traits<char> > > >::operator()(std::vector<double, std::allocator<double> > const&)
calls=40 0 
0 3966229 896466 614187 21269 3383 1089 331 328
0 80 0 40 40 0 0 1
cob=(2)
cfi=(51)
cfn=(2226)
calls=40 0 
0 4160 1320 920
0 360 120 40
cob=(2)
cfi=(51)
cfn=(1948)
calls=40 0 
0 3960 1240 600 0 1
0 240 80 40 40 0 0 1
cob=(2)
cfi=(51)
cfn=(1948)
calls=40 0 
0 3960 1240 600 0 40
0 1760 360 280 160 0 0 4
cob=(2)
cfi=(51)
cfn=(1946)
calls=40 0 
0 560 160 80
0 160 40 40
cob=(2)
cfi=(51)
cfn=(1886)
calls=40 0 
0 1280 440 320 0 0 117
0 600 280 120 80 0 0 2
cob=(2)
cfi=(51)
cfn=(1948)
calls=40 0 
0 3960 1240 600 0 40
0 80 0 40 40 0 0 1
cob=(2)
cfi=(51)
cfn=(1004)
calls=40 0 
0 2592 632 351 1 79
0 800 160 120 40 0 0 1

fn=(4514)
0 280 80 0 40 40 0 40
cfn=(4516)
calls=40 0 
0 3966069 896426 614187 21229 3343 1089 291 328
0 40 40

fn=(4518) stan::mcmc::base_hmc<stan::model::model_base, stan::mcmc::diag_e_metric, stan::mcmc::expl_leapfrog, boost::random::mixmax_engine<17, 36u, 0l> >::get_sampler_diagnostics(std::vector<double, std::allocator<double> >&)
0 560 200 160 80 0 0 2
cfn=(3102)
calls=40 0 
0 9193 2527 1443 120 41 39 3
0 34960 12880 6240 80 16 317 2

fn=(4618)
0 24 8 5 1 5 0 1 1
cfn=(4552)
calls=1 0 
0 304 86 37 0 3
cfn=(4620)
calls=1 0 
0 381 111 53 1 6 0 1
0 15 4 2 1 0 0 1
cob=(2)
cfi=(51)
cfn=(1948)
calls=1 0 
0 120 35 14
0 9 2 2 1 0 0 1
cob=(2)
cfi=(51)
cfn=(1948)
calls=1 0 
0 120 35 14 0 1
0 7 2 1
cob=(2)
cfi=(51)
cfn=(1948)
calls=1 0 
0 120 35 14
0 6 2
cob=(2)
cfi=(51)
cfn=(1948)
calls=1 0 
0 120 35 14

fn=(4622)
0 102 47 18 1 7 0 1
cfn=(4550)
calls=3 0 
0 1362 394 173 0 17
cfn=(4552)
calls=5 0 
0 1951 558 236 0 21
cfn=(4594)
calls=1 0 
0 427 122 52 0 4
cfn=(4556)
calls=6 0 
0 1947 552 237 0 29
0 54 17 2 1 0 0 1
cob=(2)
cfi=(51)
cfn=(1948)
calls=1 0 
0 99 31 15
0 9 2 2 1 0 0 1
cob=(2)
cfi=(51)
cfn=(1948)
calls=1 0 
0 120 35 14
0 10 3
cob=(2)
cfi=(51)
cfn=(1948)
calls=1 0 
0 120 35 14

fn=(4632) cmdstan::arg_id::~arg_id()
0 28 5 5 2 2 0 2
cob=(2)
cfi=(51)
cfn=(1948)
calls=1 0 
0 120 35 14 0 2
0 8 2
cob=(2)
cfi=(51)
cfn=(1948)
calls=1 0 
0 148 44 18

fn=(4640) cmdstan::arg_random::~arg_random()
0 18 5 4 2 4 0 2 1
cfn=(4642)
calls=1 0 
0 378 109 49 3 7 0 3
0 12 3 2
cob=(2)
cfi=(51)
cfn=(1948)
calls=1 0 
0 120 35 14 0 1
0 9 2 2 1 0 0 1
cob=(2)
cfi=(51)
cfn=(1948)
calls=1 0 
0 120 35 14
0 10 3
cob=(2)
cfi=(51)
cfn=(1948)
calls=1 0 
0 120 35 14

fn=(4710) std::_Sp_counted_ptr<boost::re_detail_500::cpp_regex_traits_implementation<char>*, (__gnu_cxx::_Lock_policy)2>::_M_destroy()
0 3
cob=(2)
cfi=(51)
cfn=(1948)
calls=1 0 
0 120 35 14

fn=(4800)
0 26 0 16 1 0 2 1 0 2
cob=(2)
cfi=(51)
cfn=(1028)
calls=2 0 
0 1002 341 187 10 14 0 3
0 31 11 1 2 6 0 2
cob=(2)
cfi=(51)
cfn=(1948)
calls=1 0 
0 120 35 14 0 1
0 6 2 1
cob=(2)
cfi=(51)
cfn=(1948)
calls=1 0 
0 120 35 14 0 2
0 6 2 1 1 1 0 1
cob=(2)
cfi=(51)
cfn=(1948)
calls=1 0 
0 120 35 14 0 1
0 10 3 2 0 2
cob=(2)
cfi=(51)
cfn=(3170)
calls=1 0 
0 2131 546 326 0 30 1
0 9 3 1 1 0 0 1
cob=(2)
cfi=(51)
cfn=(1948)
calls=1 0 
0 118 35 14 0 1
0 6 2 1
cob=(2)
cfi=(51)
cfn=(1948)
calls=1 0 
0 120 35 14 0 1
0 6 2 1 1 1 0 1
cob=(2)
cfi=(51)
cfn=(1948)
calls=1 0 
0 120 35 14
0 6 2 1
cob=(2)
cfi=(51)
cfn=(1948)
calls=1 0 
0 120 35 14
0 6 2 1 1 0 0 1
cob=(2)
cfi=(51)
cfn=(1948)
calls=1 0 
0 120 35 14
0 9 3 1
cob=(2)
cfi=(51)
cfn=(1948)
calls=1 0 
0 99 31 15
0 6 2 1
cob=(2)
cfi=(51)
cfn=(1948)
calls=1 0 
0 99 31 15 0 1
0 3 0 1
cob=(2)
cfi=(51)
cfn=(1948)
calls=1 0 
0 99 31 15
0 4 0 2
cob=(2)
cfi=(51)
cfn=(1948)
calls=1 0 
0 120 35 14 0 1
0 3 0 1 1 0 0 1
cob=(2)
cfi=(51)
cfn=(1948)
calls=1 0 
0 120 35 14
0 6 0 2
cob=(2)
cfi=(51)
cfn=(1948)
calls=2 0 
0 240 70 28
0 14 4 2 1 0 0 1
cob=(2)
cfi=(51)
cfn=(1020)
calls=2 0 
0 42 6 8 3 1 2 0 1
0 18 4 6 1 0 0 1
cob=(2)
cfi=(51)
cfn=(1948)
calls=2 0 
0 236 70 28
0 24 16 2 1 0 0 1

fn=(4832)
0 9 3 2 1 1 0 1 1
cob=(2)
cfi=(51)
cfn=(4838)
calls=1 0 
0 131 30 12 9 7 1 9 0 1
0 1 0 1
cfn=(4848) 0x000000000002d0e0
calls=1 0 
0 5 1 0 2 0 0 2
0 3 2 1 1

fn=(3064)
0 135 20 50 6 0 6 6
cfn=(2870)
calls=5 0 
0 476 113 92 0 0 9
0 15 0 5
cfn=(3040) std::_Rb_tree<std::__cxx11::basic_string<char, std::char_traits<char>, std::allocator<char> >, std::pair<std::__cxx11::basic_string<char, std::char_traits<char>, std::allocator<char> > const, int>, std::_Select1st<std::pair<std::__cxx11::basic_string<char, std::char_traits<char>, std::allocator<char> > const, int> >, std::less<std::__cxx11::basic_string<char, std::char_traits<char>, std::allocator<char> > >, std::allocator<std::pair<std::__cxx11::basic_string<char, std::char_traits<char>, std::allocator<char> > const, int> > >::find(std::__cxx11::basic_string<char, std::char_traits<char>, std::allocator<char> > const&) const
calls=5 0 
0 668 167 51 8 0 0 2
0 30 0 5
cfn=(3042)
calls=5 0 
0 683 162 61 2 0 0 2
0 40 10 5 2 0 0 2
cfn=(3066)
calls=5 0 
0 264 84 40 10 7 0 7
0 25 0 5
cfn=(3048)
calls=5 0 
0 683 162 61 1 0 0 1
0 35 10 15 4 0 0 2
cfn=(3066)
calls=5 0 
0 264 84 40
0 55 0 25 0 0 2
cfn=(3070)
calls=5 0 
0 381 108 43 6 4 0 5
0 21 0 2 2 0 0 2
cfn=(3092)
calls=2 0 
0 239 61 25
0 6 0 2
cfn=(3084)
calls=2 0 
0 238 60 40 0 1
0 32 10 6 3 0 0 2
cfn=(3042)
calls=2 0 
0 283 69 25
0 14 7 5 1 0 0 1
cfn=(2310)
calls=5 0 
0 45 15 5 2 4 0 1
0 85 52 2 3 4 0 3
cfn=(3068)
calls=2 0 
0 112 36 16
0 25 2 9 2 0 0 1
cfn=(3042)
calls=5 0 
0 683 162 61 0 8 1
0 20 5 5
cfn=(3042)
calls=5 0 
0 2420 559 391 15 33 11 0 0 1
0 50 5 23 4 0 0 2
cfn=(3072)
calls=3 0 
0 333 81 60 6 2 0 4
0 9 0 3 3 0 0 2
cfn=(3074)
calls=3 0 
0 93 24 24 9 0 0 6
0 45 15 21 3 0 0 2
cfn=(3076)
calls=3 0 
0 33 12 3 3 0 0 3
0 9 3 3 3 0 0 2
cfn=(3078)
calls=3 0 
0 1185 289 227 30 6 5 24
0 42 6 6 3 0 0 2
cfn=(3084)
calls=3 0 
0 105 33 18 4 0 0 4
0 6 0 3
cfn=(3076)
calls=3 0 
0 336 105 48
0 28 5 5 5 0 0 2
cfn=(3068)
calls=5 0 
0 272 87 40 12 8 0 9
0 21 2 6 1 0 0 1
cfn=(3138)
calls=1 0 
0 1000354 71 1000054 10 13 15632 3 0 15626
0 9 2 3 1 0 2 1
cfn=(1906)
calls=1 0 
0 35 11 8 0 1
0 36 10 4 3 2 1 3
cfn=(1906)
calls=1 0 
0 35 11 8
0 874993 374997 249998
cfn=(1906)
calls=124999 0 
0 4374965 1374989 999992
0 625000 250000 125000
cfn=(3140) stan::json::json_data_handler::convert_offset_rtl_2_ltr(std::__cxx11::basic_string<char, std::char_traits<char>, std::allocator<char> >, unsigned long, std::vector<unsigned long, std::allocator<unsigned long> > const&) [clone .isra.0]
calls=125000 0 
0 7375000 1500000 625000 6 0 0 6
0 1625016 750008 125002 4 15628 15650 4
cob=(2)
cfi=(51)
cfn=(1948)
calls=1 0 
0 76 19 8 1 10 1
0 22 7 2 2 2 0 2
cob=(2)
cfi=(51)
cfn=(1948)
calls=2 0 
0 198 62 30 0 1
0 12 0 2 1 0 0 1
cfn=(3110)
calls=2 0 
0 150987 71439 71401 25 16262 16260 4 0 15625
0 6 0 2 2 0 0 1
cfn=(3074)
calls=2 0 
0 220 54 40 1 24
0 26 6 14 2 0 2 1
cfn=(3112)
calls=2 0 
0 22 8 2 1 0 0 1
0 6 2 2 0 2
cfn=(3114)
calls=2 0 
0 1398 240 191 21 27 15 16
0 8 0 2
cfn=(3120) std::vector<double, std::allocator<double> >::operator=(std::vector<double, std::allocator<double> > const&) [clone .isra.0]
calls=2 0 
0 150899 71393 71355 10 16149 16256 8 4 16251
0 6 0 2 1 0 0 1
cfn=(3084)
calls=2 0 
0 548 101 74 1 31 5
0 4 0 2
cfn=(3112)
calls=2 0 
0 525 156 72 8 20 3
0 14 2 2 2 0 0 2
cob=(2)
cfi=(51)
cfn=(1946)
calls=1 0 
0 110045 31260 31254 8 15630 15626 7
0 24 2 3 5 1 0 4
cob=(2)
cfi=(51)
cfn=(1004)
calls=3 0 
0 307 69 46
0 21 0 3
cob=(2)
cfi=(51)
cfn=(1886)
calls=3 0 
0 51 12 6 1
0 21 3 6

fn=(2322)
0 5 1 0 1 0 0 1

fn=(4536)
0 24 1 12 3 0 0 3
cfn=(1884)
calls=1 0 
0 55 14 10
0 8 3 2 0 2 0 0 1
cfn=(1884)
calls=1 0 
0 33 8 7
0 3 0 1
cfn=(3578)
calls=1 0 
0 488 172 83 36 16 1 0 2
0 6 1 1 1 0 0 1
cob=(2)
cfi=(51)
cfn=(2114)
calls=1 0 
0 854 262 198 10
0 4 2 1
cob=(2)
cfi=(51)
cfn=(2610)
calls=1 0 
0 236 76 43
0 3 1 1 1 0 0 1
cob=(2)
cfi=(51)
cfn=(2118)
calls=1 0 
0 2561 587 407 40
0 4 0 1
cob=(2)
cfi=(51)
cfn=(2610)
calls=1 0 
0 134 47 27
0 4 3 1
cfn=(3588)
calls=1 0 
0 937 288 156 19 2 0 0 1
0 3 0 1
cob=(2)
cfi=(51)
cfn=(2114)
calls=1 0 
0 854 262 198 8
0 5 1 2 1 0 0 1
cob=(2)
cfi=(51)
cfn=(2100)
calls=1 0 
0 45 9 8 1
0 4 2 1
cob=(2)
cfi=(51)
cfn=(2610)
calls=1 0 
0 236 76 43
0 3 1 1 1 0 0 1
cob=(2)
cfi=(51)
cfn=(2118)
calls=1 0 
0 2542 585 404 26
0 4 0 1
cob=(2)
cfi=(51)
cfn=(2610)
calls=1 0 
0 134 47 27
0 7 4 1 1 0 0 1
cfn=(3588)
calls=1 0 
0 937 288 156 11
0 2 0 1
cob=(2)
cfi=(51)
cfn=(2114)
calls=1 0 
0 854 262 198 9
0 8 1 4
cob=(2)
cfi=(51)
cfn=(2100)
calls=1 0 
0 45 9 8
0 4 2 1 1 0 0 1
cob=(2)
cfi=(51)
cfn=(2610)
calls=1 0 
0 236 76 43
0 4 2 1
cob=(2)
cfi=(51)
cfn=(2118)
calls=1 0 
0 2561 587 407 36
0 4 0 1
cob=(2)
cfi=(51)
cfn=(2610)
calls=1 0 
0 134 47 27
0 7 5 1 1 0 0 1
cfn=(3588)
calls=1 0 
0 937 288 156 14
0 10 5 2
cfn=(1884)
calls=1 0 
0 33 8 7
0 3 0 1 1 0 0 1
cfn=(3578)
calls=1 0 
0 488 172 83 1
0 5 2 1
cob=(2)
cfi=(51)
cfn=(2226)
calls=1 0 
0 200 63 39 5
0 2 0 1
cob=(2)
cfi=(51)
cfn=(2226)
calls=1 0 
0 200 63 39
0 2 0 1
cob=(2)
cfi=(51)
cfn=(2226)
calls=1 0 
0 200 63 39
0 14 11 0 1 0 0 1

fn=(4540) std::vector<std::shared_ptr<stan::io::var_context>, std::allocator<std::shared_ptr<stan::io::var_context> > >::~vector()
0 36 9 10 2 6 1 2 1
cfn=(4658)
calls=1 0 
0 8 3 0 2 1 0 1 1
0 11 4 2 0 1 0 0 1
cfn=(4660)
calls=1 0 
0 123 35 14 1 0 0 1
0 17 6 0 1 0 0 1
cob=(2)
cfi=(51)
cfn=(1948)
calls=1 0 
0 120 35 14
0 6 5 0 1 0 0 1

fn=(4548)
0 84 15 15 3 7 0 3
cob=(2)
cfi=(51)
cfn=(1948)
calls=3 0 
0 337 101 43 1 3
0 24 6 0 1 0 0 1
cob=(2)
cfi=(51)
cfn=(1948)
calls=3 0 
0 444 132 54 0 3

fn=(4570) cmdstan::arg_nuts::~arg_nuts()
0 18 5 4 2 3 0 2
cfn=(4552)
calls=1 0 
0 304 86 37 0 3
0 12 3 2
cob=(2)
cfi=(51)
cfn=(1948)
calls=1 0 
0 99 31 15
0 9 2 2 1 0 0 1
cob=(2)
cfi=(51)
cfn=(1948)
calls=1 0 
0 120 35 14
0 10 3 0 1 0 0 1
cob=(2)
cfi=(51)
cfn=(1948)
calls=1 0 
0 99 31 15

fn=(2576) auto cmdstan::get_arg_val<cmdstan::singleton_argument<int>, cmdstan::argument&>(cmdstan::argument&, char const*)
0 20 3 8 2 1 0 2
cob=(2)
cfi=(51)
cfn=(1822)
calls=1 0 
0 16 3 0 0 1
0 5 0 1
cfn=(1884)
calls=1 0 
0 55 14 10
0 3 0 1 1 0 0 1
cfn=(2578)
calls=1 0 
0 443 115 59 9 12 0 8
0 11 1 1
cob=(2)
cfi=(51)
cfn=(2278)
calls=1 0 
0 217 66 36 0 3 0 0 1
0 11 9 0 1 1 0 1

fn=(2578)
0 5963 1816 1138 20 58 3 10
cob=(2)
cfi=(51)
cfn=(2304)
calls=54 0 
0 1161 234 0 2
0 202 1 1
cob=(2)
cfi=(51)
cfn=(1948)
calls=1 0 
0 99 31 15
0 454 46 1 4 0 0 2
cob=(2)
cfi=(51)
cfn=(1964)
calls=1 0 
0 73 17 8
0 7 1 3
cob=(2)
cfi=(51)
cfn=(1886)
calls=1 0 
0 13 4 2 0 1
0 540 0 180 3 0 0 2
cob=(2)
cfi=(51)
cfn=(1886)
calls=180 0 
0 2899 720 360 0 5
0 903 362 0 3 0 0 2

fn=(2594)
0 1815 242 726 42 0 0 4
cfn=(1906)
calls=121 0 
0 4089 991 861
0 484 242 121
cob=(2)
cfi=(51)
cfn=(1968)
calls=121 0 
0 5582 1222 781 2 1
0 847 605

fn=(2668)
0 135 81 0 2 0 0 2

fn=(2682)
0 126 54 0 3 0 0 2

fn=(2712)
0 31 4 15 3 0 2 3
cob=(2)
cfi=(51)
cfn=(1004)
calls=1 0 
0 59 15 8 0 1
0 38 19 5 4 3 0 4 1
cfn=(2714)
calls=1 0 
0 1447 361 219 30 5 2 22
0 4 0 1 1 0 0 1
cfn=(2726)
calls=1 0 
0 9628 2785 1496 124 123 18 46 13 1
0 3 0 1
cfn=(2718)
calls=1 0 
0 642 151 82 0 2 2
0 3 0 1
cob=(2)
cfi=(51)
cfn=(2296)
calls=1 0 
0 74 15 6
0 11 1 1 1 0 0 1
cfn=(2798)
calls=1 0 
0 315508840 96019949 56613869 31757 82104 112366 1122 200 79563
0 2 0 1 1 0 0 1
cob=(2)
cfi=(51)
cfn=(1004)
calls=1 0 
0 215 43 39 1 1 2
0 21 2 10 2 1 0 2
cfn=(3178)
calls=1 0 
0 152363 71710 71608 39 16299 16263 22 260 49
0 33 5 10 2 1 2 2
cfn=(3182)
calls=1 0 
0 1482 307 266 15 23 11 12
0 28 5 5 1 1 0 1
cfn=(3110)
calls=1 0 
0 31 8 8
0 3 0 1
cfn=(3072)
calls=1 0 
0 31 8 8
0 3 0 1
cfn=(3074)
calls=1 0 
0 31 8 8 0 1
0 6 1 2 1 0 1 1
cfn=(3184)
calls=1 0 
0 1526 468 217 16 15 0 7
0 8 0 4 1 0 2 1
cob=(2)
cfi=(51)
cfn=(3186)
calls=1 0 
0 4747 1376 681 77 129 20 18 14
0 2 0 1
cob=(2)
cfi=(51)
cfn=(3212)
calls=1 0 
0 21 7 2 2 1 0 1
0 4 0 2
cob=(2)
cfi=(51)
cfn=(2678)
calls=1 0 
0 10 5 1 2 2 0 1
0 10 3 5 2 2 0 2
cob=(2)
cfi=(51)
cfn=(2680)
calls=1 0 
0 57 21 12 8 6
0 1

fn=(2848)
0 31 2 8 4 1 0 3
cfn=(2849) std::_Rb_tree<std::__cxx11::basic_string<char, std::char_traits<char>, std::allocator<char> >, std::pair<std::__cxx11::basic_string<char, std::char_traits<char>, std::allocator<char> > const, std::pair<std::vector<int, std::allocator<int> >, std::vector<unsigned long, std::allocator<unsigned long> > > >, std::_Select1st<std::pair<std::__cxx11::basic_string<char, std::char_traits<char>, std::allocator<char> > const, std::pair<std::vector<int, std::allocator<int> >, std::vector<unsigned long, std::allocator<unsigned long> > > > >, std::less<std::__cxx11::basic_string<char, std::char_traits<char>, std::allocator<char> > >, std::allocator<std::pair<std::__cxx11::basic_string<char, std::char_traits<char>, std::allocator<char> > const, std::pair<std::vector<int, std::allocator<int> >, std::vector<unsigned long, std::allocator<unsigned long> > > > > >::_M_erase(std::_Rb_tree_node<std::pair<std::__cxx11::basic_string<char, std::char_traits<char>, std::allocator<char> > const, std::pair<std::vector<int, std::allocator<int> >, std::vector<unsigned long, std::allocator<unsigned long> > > > >*)'2
calls=2 0 
0 516 156 70 2 9 0 2
0 6 2 2 0 1
cfn=(2849)
calls=2 0 
0 8 2
0 48 20 4
cob=(2)
cfi=(51)
cfn=(1948)
calls=4 0 
0 438 132 58 0 2
0 28 4 4
cob=(2)
cfi=(51)
cfn=(1948)
calls=4 0 
0 438 132 58
0 23 11 0 3 0 0 2

fn=(2849)
0 34 2 8 0 1
cfn=(2849)
calls=2 0 
0 8 2
0 24 10 2 2 1 0 2
cob=(2)
cfi=(51)
cfn=(1948)
calls=2 0 
0 219 66 29 0 4
0 14 2 2
cob=(2)
cfi=(51)
cfn=(1948)
calls=2 0 
0 217 66 29 0 3
0 16 12

fn=(2954)
0 12 0 7 1 0 0 1
cob=(2)
cfi=(51)
cfn=(1004)
calls=1 0 
0 59 15 8
0 6 0 2
cob=(2)
cfi=(51)
cfn=(2876)
calls=1 0 
0 9 4 1 0 0 1
0 18 7 4 2 0 0 2
cob=(2)
cfi=(51)
cfn=(2956)
calls=1 0 
0 18 2 8 3 1 0 2
0 17 8 1 1 0 0 1

fn=(2970) boost::re_detail_500::basic_regex_parser<char, boost::regex_traits<char, boost::cpp_regex_traits<char> > >::parse_all()
0 44 16 9 3 0 0 3
cfn=(2972) boost::re_detail_500::basic_regex_parser<char, boost::regex_traits<char, boost::cpp_regex_traits<char> > >::parse_extended()
calls=3 0 
0 6881 1682 808 86 3 16 79 1 2
0 17 6 0 1 0 0 1

fn=(3000)
0 124 16 43 3 1 0 3 1

fn=(3006)
0 144 25 49 9 2 0 9 2
cfn=(3008)
calls=1 0 
0 62 18 17 6 0 0 6
0 3270 559 124 6 0 0 6

fn=(3010)
0 31 5 0 2 0 0 2

fn=(3032)
0 680 270 166 13 2 0 12

fn=(3040)
0 490 99 128 6 7 0 3
cob=(2)
cfi=(51)
cfn=(2304)
calls=23 0 
0 285 92 0 0 2
0 278 42 9 6 0 0 2
cob=(2)
cfi=(51)
cfn=(2304)
calls=9 0 
0 117 36
0 206 114 0 2 0 0 2

fn=(3068)
0 815 167 208 9 13 0 6
cob=(2)
cfi=(51)
cfn=(2304)
calls=40 0 
0 525 160 0 0 5
0 565 82 18 2 0 0 2
cob=(2)
cfi=(51)
cfn=(2304)
calls=18 0 
0 261 72
0 393 186 0 2 0 0 2

fn=(3080)
0 53 4 20 4 0 0 3
cob=(2)
cfi=(51)
cfn=(2304)
calls=1 0 
0 12 4
0 19 8 0 3 1 0 2
cfn=(3082)
calls=1 0 
0 30 10 8 4 0 0 4
0 30 21 1 4 1 0 3
cfn=(3060)
calls=1 0 
0 30 7 3
0 4

fn=(3084)
0 770326 140065 170077 2 2 0 2
cob=(2)
cfi=(51)
cfn=(1946)
calls=20002 0 
0 260030 80008 40004
0 250088 140014 30012 1 0 0 1
cob=(2)
cfi=(51)
cfn=(1004)
calls=10010 0 
0 591468 150297 80220 1 25 7 0 0 1
0 70070 0 10010 1 0 0 1
cob=(2)
cfi=(51)
cfn=(1886)
calls=10010 0 
0 130146 40040 20020 3 9
0 30036 10012 2
cob=(2)
cfi=(51)
cfn=(1948)
calls=2 0 
0 198 62 30
0 120147 60078 30033 2 0 0 2

fn=(3098)
0 30 10 8 4 0 0 4

fn=(3100)
0 2341294 123226 1232260 5004 0 0 2
cfn=(2870)
calls=123226 0 
0 11336792 2710972 2218068 0 18 5
0 5007266 1222260 611130 2 22 0 1
cob=(2)
cfi=(51)
cfn=(2304)
calls=364678 0 
0 4376136 1458712 0 0 12
0 4272910 611130 123226 2 0 0 1
cfn=(3060)
calls=123226 0 
0 4559362 862582 369678
0 2464528 1232264 123228 6 0 0 3
cfn=(2870)
calls=2 0 
0 184 44 36
0 65 20 5 2 0 0 1
cob=(2)
cfi=(51)
cfn=(2304)
calls=5 0 
0 60 20
0 62 9 2 2 0 0 1
cfn=(3060)
calls=2 0 
0 74 14 6
0 20 6 4 1 0 0 1
cfn=(3102)
calls=2 0 
0 44 16 10 6 0 0 3
0 45 12 7 7 0 0 6

fn=(3104)
0 1232428 492948 246416 40 0 15403 1 0 14810
cfn=(3106)
calls=58 0 
0 1052138 1036818 1035279 271 16427 16434 24 40 16399

fn=(3118)
0 60 20 16 8 0 0 8

fn=(3120)
0 50 8 12 6 0 0 6
cob=(2)
cfi=(51)
cfn=(1004)
calls=2 0 
0 779 140 115 2 12 4 0 0 2
0 14 0 2 2 0 0 2
cob=(2)
cfi=(51)
cfn=(1886)
calls=2 0 
0 150030 71231 71220 0 16133 16252 0 4 16249
0 26 14 6 0 4

fn=(3228) auto cmdstan::get_arg_val<cmdstan::singleton_argument<std::__cxx11::basic_string<char, std::char_traits<char>, std::allocator<char> > >, cmdstan::argument_parser&, char const (&) [7], char const (&) [5]>(cmdstan::argument_parser&, char const (&) [7], char const (&) [5])
0 20 1 9 2 0 0 2
cob=(2)
cfi=(51)
cfn=(1822)
calls=1 0 
0 16 3
0 4 0 1
cfn=(1884)
calls=1 0 
0 57 14 10
0 3 0 1
cfn=(2346)
calls=1 0 
0 440 115 53
0 3 0 1
cfn=(2582)
calls=1 0 
0 225 59 36 0 1 2 0 1
0 11 1 1 1 0 0 1
cob=(2)
cfi=(51)
cfn=(2278)
calls=1 0 
0 217 66 36 0 4 0 0 4
0 7 2 2 1 1 1 1
cfn=(1906)
calls=1 0 
0 139 34 23 2 12 1 2 1
0 12 9

fn=(3230) auto cmdstan::get_arg_val<cmdstan::singleton_argument<std::__cxx11::basic_string<char, std::char_traits<char>, std::allocator<char> > >, cmdstan::argument_parser&, char const (&) [7], char const (&) [16]>(cmdstan::argument_parser&, char const (&) [7], char const (&) [16])
0 20 1 9 2 0 0 2
cob=(2)
cfi=(51)
cfn=(1822)
calls=1 0 
0 16 3
0 4 0 1
cfn=(1884)
calls=1 0 
0 57 14 10
0 3 0 1
cfn=(2346)
calls=1 0 
0 440 115 53
0 3 0 1 1 0 0 1
cfn=(2582)
calls=1 0 
0 273 72 43
0 11 1 1
cob=(2)
cfi=(51)
cfn=(2278)
calls=1 0 
0 217 66 36 0 2 0 0 2
0 7 2 2 1 1 0 1
cfn=(1906)
calls=1 0 
0 33 8 7 0 0 1
0 12 9 0 1 0 0 1

fn=(3254) auto cmdstan::get_arg<cmdstan::argument_parser&, char const (&) [7], char const (&) [6], char const (&) [12]>(cmdstan::argument_parser&, char const*, char const (&) [7], char const (&) [6], char const (&) [12])
0 23 1 10 2 0 0 2
cob=(2)
cfi=(51)
cfn=(1822)
calls=1 0 
0 16 3
0 5 0 1
cfn=(1884)
calls=1 0 
0 57 14 10
0 3 0 1
cfn=(2346)
calls=1 0 
0 110 31 16 3
0 9 2 3 1 0 0 1
cob=(2)
cfi=(51)
cfn=(1822)
calls=1 0 
0 16 3
0 4 0 1
cfn=(1884)
calls=1 0 
0 57 14 10
0 4 1 1
cfn=(2574)
calls=1 0 
0 135 40 18
0 9 2 3 1 1 0 1 1
cob=(2)
cfi=(51)
cfn=(1822)
calls=1 0 
0 16 3 0 0 1 0 0 1
0 4 0 1
cfn=(1884)
calls=1 0 
0 57 14 10
0 4 1 1
cfn=(2578)
calls=1 0 
0 312 82 44 2 8
0 3 1 1
cfn=(2582)
calls=1 0 
0 698 177 94 2 18 0 0 2
0 22 12 0 2 0 0 2

fn=(3396) auto cmdstan::get_arg_val<cmdstan::singleton_argument<int>, cmdstan::argument_parser&, char const (&) [7], char const (&) [7], char const (&) [11]>(cmdstan::argument_parser&, char const (&) [7], char const (&) [7], char const (&) [11])
0 20 1 9 2 0 0 2
cob=(2)
cfi=(51)
cfn=(1822)
calls=1 0 
0 16 3
0 4 0 1
cfn=(1884)
calls=1 0 
0 57 14 10
0 3 0 1
cfn=(2346)
calls=1 0 
0 110 31 16 7
0 9 2 3 1 0 0 1
cob=(2)
cfi=(51)
cfn=(1822)
calls=1 0 
0 16 3
0 4 0 1
cfn=(1884)
calls=1 0 
0 57 14 10
0 4 1 1 1 0 0 1
cfn=(2574)
calls=1 0 
0 135 40 18
0 3 0 1
cfn=(2582)
calls=1 0 
0 271 72 43 10 2 0 0 1
0 14 2 1 1 0 0 1
cob=(2)
cfi=(51)
cfn=(2278)
calls=1 0 
0 217 66 36 15 7 0 0 3
0 12 10 0 1 0 0 1

fn=(3422) auto cmdstan::get_arg_val<cmdstan::singleton_argument<unsigned int>, cmdstan::argument_parser&, char const (&) [7], char const (&) [7], char const (&) [6], char const (&) [7]>(cmdstan::argument_parser&, char const (&) [7], char const (&) [7], char const (&) [6], char const (&) [7])
0 21 1 10 2 0 0 2
cob=(2)
cfi=(51)
cfn=(1822)
calls=1 0 
0 16 3
0 4 0 1 1 0 0 1
cfn=(1884)
calls=1 0 
0 57 14 10
0 3 0 1
cfn=(2346)
calls=1 0 
0 110 31 16
0 9 2 3
cob=(2)
cfi=(51)
cfn=(1822)
calls=1 0 
0 16 3
0 4 0 1 1 0 0 1
cfn=(1884)
calls=1 0 
0 57 14 10
0 4 1 1
cfn=(2574)
calls=1 0 
0 135 40 18
0 9 2 3
cob=(2)
cfi=(51)
cfn=(1822)
calls=1 0 
0 16 3
0 4 0 1 1 0 0 1
cfn=(1884)
calls=1 0 
0 57 14 10
0 4 1 1
cfn=(2578)
calls=1 0 
0 312 82 44
0 3 1 1
cfn=(2582)
calls=1 0 
0 588 150 85 0 1
0 17 3 1 2 0 0 2
cob=(2)
cfi=(51)
cfn=(2278)
calls=1 0 
0 217 66 36
0 12 10

fn=(3428)
0 18 1 8 2 0 0 2
cfn=(1884)
calls=1 0 
0 55 14 10
0 5 0 3 1 0 0 1
cob=(2)
cfi=(51)
cfn=(1004)
calls=1 0 
0 59 15 8
0 11 2 4 1 0 0 1
cfn=(1906)
calls=1 0 
0 55 14 10
0 14 1 3 1 0 0 1
cob=(2)
cfi=(51)
cfn=(1004)
calls=1 0 
0 215 43 39 18 2 2
0 79 1 17 2 1 2 2 1
cob=(2)
cfi=(51)
cfn=(1004)
calls=1 0 
0 55 15 8 0 1
0 7 0 4
cob=(2)
cfi=(51)
cfn=(1004)
calls=1 0 
0 138 34 16 4 4 0 2
0 9 0 5 1 0 0 1
cob=(2)
cfi=(51)
cfn=(1004)
calls=1 0 
0 213 44 39 2
0 14 1 5 1 0 0 1
cob=(2)
cfi=(51)
cfn=(1948)
calls=1 0 
0 99 31 15
0 25 0 17 2 0 0 2
cfn=(3430)
calls=1 0 
0 1431 341 268 31 5 9 27 2
0 13 4 1 1 0 0 1
cob=(2)
cfi=(51)
cfn=(1948)
calls=1 0 
0 99 31 15
0 8 1 1 1 0 0 1
cob=(2)
cfi=(51)
cfn=(1948)
calls=1 0 
0 99 31 15
0 6 2 1
cob=(2)
cfi=(51)
cfn=(1948)
calls=1 0 
0 99 31 15
0 2 0 1
cfn=(2342)
calls=1 0 
0 127 39 18 3 0 0 2
0 11 8 0 1 0 0 1

fn=(3442)
0 18 6 0 1 0 0 1

fn=(3468)
0 48 8 14 4 0 0 4
cob=(2)
cfi=(51)
cfn=(3452)
calls=1 0 
0 56 18 2
0 7 1 2
cfn=(3470)
calls=1 0 
0 631 119 113 26 6 0 26 3
0 7 0 2 1 0 0 1
cfn=(3106)
calls=1 0 
0 124 27 20 6 0 0 6
0 7 4 1 0 2 0 0 2
cfn=(3480)
calls=1 0 
0 472 97 44 35 16 0 33 14
0 12 5 2 2 0 0 2
cfn=(3480)
calls=1 0 
0 472 97 44
0 13 2 6 1 0 0 1
cfn=(3494)
calls=1 0 
0 859 187 94 53 6 0 53 5
0 53 9 4 3 0 1 3
cob=(2)
cfi=(51)
cfn=(1948)
calls=1 0 
0 99 31 15 0 1
0 18 10 1 1 2 0 1
cfn=(3510)
calls=1 0 
0 357446 118411 85183 94 18220 1266 47 477
0 12 1 4 1 1 1 1
cfn=(3106)
calls=1 0 
0 246 63 39 0 9 2 0 2
0 8 3 1 1 0 0 1
cfn=(3106)
calls=1 0 
0 247 63 39
0 6 1 1 1 0 0 1
cfn=(3106)
calls=1 0 
0 245 63 39 0 1 1
0 2 1

fn=(3532)
0 97150 33500 26800 836 834 667 2

fn=(3608)
0 553 63 116 7 0 0 7

fn=(3610)
0 20 1 8 2 0 0 2
cfn=(1884)
calls=1 0 
0 55 14 10 0 1 0 0 1
0 7 2 3
cfn=(1906)
calls=1 0 
0 55 14 10 4 0 0 3
0 25 4 8 2 1 1 2 1
cob=(2)
cfi=(51)
cfn=(1020)
calls=1 0 
0 28 3 8
0 15 7 0 1 0 0 1
cob=(2)
cfi=(51)
cfn=(1020)
calls=1 0 
0 28 3 8
0 3 0 1 1 0 0 1
cfn=(3612)
calls=1 0 
0 243 49 45 3 0 1 3
0 7 2 1 1 0 0 1
cob=(2)
cfi=(51)
cfn=(1020)
calls=1 0 
0 28 3 8 3 0 2
0 5 0 3
cfn=(3612)
calls=1 0 
0 243 49 45 0 0 2
0 8 2 1 1 0 0 1
cob=(2)
cfi=(51)
cfn=(1020)
calls=1 0 
0 28 3 8 0 0 2
0 1

fn=(3636)
0 53261 3133 15665 672 0 0 1
cob=(2)
cfi=(51)
cfn=(1024)
calls=3133 0 
0 455986 89577 69915 1000 2544 2784 0 666
0 46995 15665 6266 672 0 977 1
cob=(2)
cfi=(51)
cfn=(1886)
calls=3133 0 
0 100256 34463 25064 1 1229 4881 0 666
0 6266

fn=(3638)
0 1620 162 567 160 0 0 2
cfn=(3640)
calls=81 0 
0 5886 1349 771 663 245 2 8 179
0 6075 0 2025
cfn=(3640)
calls=2025 0 
0 184602 35316 20894 268 1124 52 10 1097
0 42930 11178 2106 80 16 1 1

fn=(3648)
0 10736 671 5368 930 0 0 2
cfn=(3650)
calls=671 0 
0 43495 18365 11613 3300 124 35 26
0 7381 4026 2013 0 1078 0 0 666
cfn=(3654)
calls=671 0 
0 417283029 133346874 59240592 169276 25586739 1311917 342 71968
0 3996 1332 1332 653 666 0 1
cfn=(3594)
calls=666 0 
0 9990 2664 1998 92
0 74592 71262 13986 666 11322 0 1 5328
cfn=(3568)
calls=666 0 
0 3996 2664 666 666
cfn=(3566)
calls=666 0 
0 5994 4662 666 730
cfn=(3564)
calls=666 0 
0 143856 52614 15984 0 3996
cfn=(3562)
calls=1332 0 
0 2664 1332
cfn=(3560)
calls=1332 0 
0 10656 7992 1332 263
cfn=(3558)
calls=3996 0 
0 7992 3996 0 666
cfn=(3556)
calls=666 0 
0 3996 2664 666 665 666
cfn=(3554)
calls=666 0 
0 1332 666
cfn=(3552)
calls=666 0 
0 1332 666 0 298
cfn=(3548)
calls=666 0 
0 143856 52614 15984 900 10656
cfn=(3546)
calls=1332 0 
0 10656 7992 1332 315
cfn=(3544)
calls=666 0 
0 29970 9324 3330 1332 666
0 167832 37296 17982 666 3202 2664 1
cob=(2)
cfi=(51)
cfn=(3170)
calls=666 0 
0 68890 21771 10703 6 1679 42
0 666 0 666
cfn=(3658)
calls=666 0 
0 47952 16650 9324 592 2649 0 8
0 11352 5994 671 791 816 0 2
cfn=(3596)
calls=671 0 
0 38403 9422 5399 96 3 1
0 430812 124811 143599 2017 3 2994 4
cob=(2)
cfi=(51)
cfn=(3170)
calls=5 0 
0 455 145 75 0 2
0 5 0 5 5
cfn=(3658)
calls=5 0 
0 360 125 70 40 27
0 10 0 5
cob=(2)
cfi=(51)
cfn=(4284)
calls=5 0 
0 42410 8110 4300 0 0 4

fn=(4410)
0 3320 664 1328 516 81 0 2
cob=(2)
cfi=(51)
cfn=(3170)
calls=664 0 
0 92929 28415 12296 0 195 16
0 1328 664 664 0 12
cob=(2)
cfi=(51)
cfn=(3170)
calls=664 0 
0 91216 27872 12204 0 385 24
0 1992 1328 0 0 1
cob=(2)
cfi=(51)
cfn=(3170)
calls=664 0 
0 88570 27032 11923 0 364 25

fn=(4418)
0 152 20 58 4 1 0 4
cob=(2)
cfi=(51)
cfn=(1968)
calls=9 0 
0 306 72 45 3 1 0 0 1
0 135 30 75
cob=(2)
cfi=(51)
cfn=(1968)
calls=15 0 
0 510 120 75
0 432 72 168 2 0 0 2
cob=(2)
cfi=(51)
cfn=(2946)
calls=24 0 
0 1176 240 192 6 1 0 0 1
0 576 168 144 3 0 0 3
cob=(2)
cfi=(51)
cfn=(1968)
calls=24 0 
0 1101 237 150 1 1
0 808 310 190 5 0 3 5
cob=(2)
cfi=(51)
cfn=(1968)
calls=1 0 
0 48 11 7 0 1 0 0 1
0 33 10 12 4 0 0 4
cob=(2)
cfi=(51)
cfn=(1968)
calls=1 0 
0 50 11 7
0 104 46 35 4 0 0 4
cob=(2)
cfi=(51)
cfn=(2100)
calls=15 0 
0 735 135 120 1
0 369 111 33 2 2 0 2 2
cob=(2)
cfi=(51)
cfn=(2100)
calls=9 0 
0 234 63 54 4 1 0 0 1
0 306 103 96 2 0 7 2
cfn=(2276)
calls=2 0 
0 846 196 156 0 7 13
0 14 4 4 1 0 0 1
cob=(2)
cfi=(51)
cfn=(1968)
calls=1 0 
0 48 11 7
0 13 2 6 2 0 0 2
cfn=(2274)
calls=1 0 
0 26 8 8 0 0 1
0 63 6 4 3 0 0 3
cfn=(2276)
calls=1 0 
0 1117 211 184 0 1 18
0 6 2 1 1 0 0 1

fn=(4440)
0 23 6 8 2 0 0 2
cfn=(4442)
calls=1 0 
0 727 131 98 6 1 1 5
0 368 131 52 1 0 0 1
cfn=(1906)
calls=26 0 
0 1507 364 260 4 0 4
0 98 30 32 2 0 0 2
cob=(2)
cfi=(51)
cfn=(1968)
calls=1 0 
0 53 11 7
0 300 75 125
cob=(2)
cfi=(51)
cfn=(1968)
calls=25 0 
0 1272 275 175
0 364 78 156 1 0 0 1
cfn=(2274)
calls=26 0 
0 676 208 208 0 0 11
0 176 82 6 2 0 0 2
cob=(2)
cfi=(51)
cfn=(1968)
calls=1 0 
0 53 11 7
0 300 75 125
cob=(2)
cfi=(51)
cfn=(1968)
calls=25 0 
0 1272 275 175
0 364 78 156 2 0 0 2
cfn=(2274)
calls=26 0 
0 676 208 208 0 0 12
0 481 191 52 3 0 0 3

fn=(4462) stan::mcmc::expl_leapfrog<stan::mcmc::diag_e_metric<stan::model::model_base, boost::random::mixmax_engine<17, 36u, 0l> > >::update_q(stan::mcmc::diag_e_point&, stan::mcmc::diag_e_metric<stan::model::model_base, boost::random::mixmax_engine<17, 36u, 0l> >&, double, stan::callbacks::logger&)
0 15471 2865 6876 1719 0 0 2
cfn=(3612)
calls=573 0 
0 49851 12033 8022 0 0 6
0 119184 36099 15471 2945 0 0 6
cob=(2)
cfi=(51)
cfn=(3170)
calls=573 0 
0 52143 16617 8595
0 8022 5157 0 573 0 0 1
cfn=(3644)
calls=573 0 
0 359193718 114863244 51137811 184810 21994987 1130552 3 67213

fn=(4472)
0 22720 1420 7100 268 0 228 2
cfn=(3596)
calls=1420 0 
0 263082 48544 38662 1421 1014 1063
0 8520 4260 2840

fn=(4506)
0 795 249 22 84 81 0 6 41
cob=(2)
cfi=(51)
cfn=(4446)
calls=2 0 
0 188 36 4 23 10 0 0 1
0 50 6 8 4 1 0 2
cob=(2)
cfi=(51)
cfn=(2728)
calls=2 0 
0 174 26 60 4 2 5 0 2
0 38 8 18 4 0 0 2
cob=(2)
cfi=(51)
cfn=(2730)
calls=2 0 
0 446 152 88 19
0 20 6 6 2 0 1 1
cob=(2)
cfi=(51)
cfn=(2730)
calls=2 0 
0 446 152 88
0 38 8 18 4 1 0 2
cob=(2)
cfi=(51)
cfn=(2874)
calls=2 0 
0 54 22 12 2 2 0 0 2
0 22 2 14 2 0 0 1
cob=(2)
cfi=(51)
cfn=(2730)
calls=2 0 
0 446 152 88
0 12 2 2 2 1 0 1
cob=(2)
cfi=(51)
cfn=(2610)
calls=2 0 
0 470 152 86 5 2 0 0 2
0 14 8 4 2 0 0 1
cob=(2)
cfi=(51)
cfn=(3346)
calls=2 0 
0 664 176 104 42 8 0 0 2
0 10 0 2
cob=(2)
cfi=(51)
cfn=(2610)
calls=2 0 
0 1086 300 182 18
0 6 2 2
cob=(2)
cfi=(51)
cfn=(3346)
calls=2 0 
0 640 168 100
0 8 0 2 2 0 0 1
cob=(2)
cfi=(51)
cfn=(2610)
calls=2 0 
0 282 94 54 0 2 0 0 2
0 20 10 4 0 2 0 0 2
cob=(2)
cfi=(51)
cfn=(3346)
calls=2 0 
0 788 193 118 13 1
0 8 0 2 2 0 0 1
cob=(2)
cfi=(51)
cfn=(2610)
calls=2 0 
0 282 94 54
0 8 0 2
cob=(2)
cfi=(51)
cfn=(2610)
calls=2 0 
0 272 94 54 0 2 0 0 2
0 8 6 2 0 4 0 0 2
cfn=(3588)
calls=2 0 
0 1874 576 312 84 36 2 0 6
0 24 8 8 2 0 0 1
cob=(2)
cfi=(51)
cfn=(1948)
calls=2 0 
0 198 62 30
0 8 2 4 2 0 0 1
cob=(2)
cfi=(51)
cfn=(2678)
calls=2 0 
0 20 10 2 2
0 38 20 16 3 0 0 2
cob=(2)
cfi=(51)
cfn=(2680)
calls=2 0 
0 114 42 24 3
0 320 80 40 0 1 0 0 1
cfn=(4452)
calls=40 0 
0 159564030 50929201 22741435 108947 9686958 512421 9588 34654
0 320 160 160 80 40 0 1
cob=(2)
cfi=(51)
cfn=(3170)
calls=40 0 
0 7925 2392 947 0 23 6
0 440 160 40 40 80 0 1
cfn=(4508)
calls=40 0 
0 4097037 932013 638107 25635 5571 1354 373 648
0 280 0 120 3
cfn=(3106)
calls=40 0 
0 4960 1080 800 40
0 280 160 40 40 0 0 1
cfn=(4510)
calls=40 0 
0 22000 5680 3680 289
0 160 80 40 0 27 0 0 27
cfn=(4518)
calls=40 0 
0 44713 15607 7843 280 57 356 7
0 200 160 40 40 41 0 1
cfn=(4514)
calls=40 0 
0 160 80
0 280 80 40
cob=(2)
cfi=(51)
cfn=(1948)
calls=40 0 
0 3960 1240 600 0 1
0 252 49 80 80 2 0 2
cfn=(3106)
calls=40 0 
0 10076 2553 1592 42 5 1
0 40

fn=(4510)
0 4000 960 1040 400 0 0 5
cfn=(3106)
calls=80 0 
0 19600 5040 3120 40 40 40
0 480 160 80 41 0 0 1
cfn=(4512) void std::vector<double, std::allocator<double> >::_M_realloc_insert<double>(__gnu_cxx::__normal_iterator<double*, std::vector<double, std::allocator<double> > >, double&&)
calls=80 0 
0 19680 5040 3120 328 40 0 6
0 240 160

fn=(4594)
0 24 4 6 2 4 0 2
cob=(2)
cfi=(51)
cfn=(1948)
calls=2 0 
0 240 70 28
0 38 8 6 2 2 0 2
cob=(2)
cfi=(51)
cfn=(1948)
calls=2 0 
0 240 70 28
0 16 4
cob=(2)
cfi=(51)
cfn=(1948)
calls=2 0 
0 296 88 36 0 1

fn=(4598)
0 66 29 12 1 9 0 1 2
cfn=(4606) cmdstan::arg_variational_adapt::~arg_variational_adapt()
calls=1 0 
0 1149 330 140 4 10 0 4
cfn=(4556)
calls=2 0 
0 608 172 74 0 8
cfn=(4552)
calls=5 0 
0 1889 538 230 0 23
cfn=(4600) cmdstan::arg_variational_algo::~arg_variational_algo()
calls=1 0 
0 1005 287 122 12 10 0 12 2
0 36 11 2 1 0 0 1
cob=(2)
cfi=(51)
cfn=(1948)
calls=1 0 
0 99 31 15
0 9 2 2 1 1 0 1
cob=(2)
cfi=(51)
cfn=(1948)
calls=1 0 
0 120 35 14
0 10 3
cob=(2)
cfi=(51)
cfn=(1948)
calls=1 0 
0 120 35 14

fn=(4600)
0 24 8 5 2 4 0 2 2
cfn=(4604)
calls=1 0 
0 274 77 33 4 2 0 4
cfn=(4602)
calls=1 0 
0 274 77 33 4 3 0 4
0 16 4 2
cob=(2)
cfi=(51)
cfn=(1948)
calls=1 0 
0 120 35 14
0 19 4 3 2 1 0 2
cob=(2)
cfi=(51)
cfn=(1948)
calls=1 0 
0 120 35 14
0 10 3
cob=(2)
cfi=(51)
cfn=(1948)
calls=1 0 
0 148 44 18

fn=(4606)
0 24 8 5 2 2 0 2
cfn=(4552)
calls=1 0 
0 304 86 37 0 4
cfn=(4550)
calls=1 0 
0 427 122 52 0 4
0 15 4 2
cob=(2)
cfi=(51)
cfn=(1948)
calls=1 0 
0 120 35 14
0 9 2 2 1 0 0 1
cob=(2)
cfi=(51)
cfn=(1948)
calls=1 0 
0 120 35 14
0 10 3 0 1 0 0 1
cob=(2)
cfi=(51)
cfn=(1948)
calls=1 0 
0 120 35 14

fn=(4612)
0 24 8 5 1 4 0 1 2
cfn=(4616)
calls=1 0 
0 181 50 22 3 3 0 3
cfn=(4614) cmdstan::arg_test_grad_eps::~arg_test_grad_eps()
calls=1 0 
0 304 86 37 3 4 0 3
0 15 4 2 1 0 0 1
cob=(2)
cfi=(51)
cfn=(1948)
calls=1 0 
0 120 35 14
0 9 2 2 1 0 0 1
cob=(2)
cfi=(51)
cfn=(1948)
calls=1 0 
0 120 35 14
0 10 3
cob=(2)
cfi=(51)
cfn=(1948)
calls=1 0 
0 120 35 14

fn=(4626)
0 6 0 3 2 0 0 2
cfn=(4582)
calls=1 0 
0 415 118 48 0 5
0 4 1
cob=(2)
cfi=(51)
cfn=(1948)
calls=1 0 
0 99 31 15

fn=(4630)
0 36 14 7 2 4 0 2
cfn=(4548)
calls=1 0 
0 304 86 37 0 4
cfn=(4550)
calls=2 0 
0 854 244 104 0 10
cfn=(4580)
calls=1 0 
0 258 75 38 0 5
0 21 6 2
cob=(2)
cfi=(51)
cfn=(1948)
calls=1 0 
0 120 35 14
0 9 2 2 1 1 0 1
cob=(2)
cfi=(51)
cfn=(1948)
calls=1 0 
0 120 35 14
0 10 3
cob=(2)
cfi=(51)
cfn=(1948)
calls=1 0 
0 120 35 14

fn=(4694)
0 10 3 2 2 1 0 2
cob=(2)
cfi=(51)
cfn=(2968)
calls=1 0 
0 95 30 15 0 2
0 4 1 1 0 1
cfn=(3020)
calls=1 0 
0 291 86 36 2 2 0 2 1
0 7 2 0 1 1 0 1
cob=(2)
cfi=(51)
cfn=(1948)
calls=1 0 
0 99 31 15

fn=(4704)
0 13 2 5 1 2 0 1 1
cfn=(4706)
calls=1 0 
0 18 7 7 2 0 0 1
0 3 1 1
cob=(2)
cfi=(51)
cfn=(2678)
calls=1 0 
0 10 5 1 1 2
0 3 0 1
cob=(2)
cfi=(51)
cfn=(1948)
calls=1 0 
0 120 35 14 0 1
0 8 1 1 1 1 0 1 1
cob=(2)
cfi=(51)
cfn=(1948)
calls=1 0 
0 118 35 14
0 17 6 2 1 1 0 1 1
cfn=(4708)
calls=1 0 
0 133 43 20 5 3 0 5
0 10 4 2
cfn=(4710)
calls=1 0 
0 123 35 14
0 7 5 0 1

fn=(4782)
0 3 0 1
cob=(2)
cfi=(51)
cfn=(4784)
calls=1 0 
0 292 84 57 24 4 0 17
0 2 1

fn=(4848)
0 5 1 0 2 0 0 2

fn=(3046)
0 60 20 16 4 0 0 4

fn=(3590)
0 2 1 0 1 0 0 1

fn=(976)
0 12 2 3 2 1 0 2
cob=(3)
cfi=(214)
cfn=(978)
calls=1 242 
0 751089424 233744254 119400645 359065 25940212 1574382 31327 93660 96738

fn=(984)
0 12 1 0 3 0 0 3

fn=(1900)
0 27 4 13 3 1 3 3
cfn=(1820)
calls=1 0 
0 68 13 11 0 1 1 0 1
0 6 0 2
cfn=(1902)
calls=1 0 
0 728 183 173 24 2 14 24 2
0 8 1 2 1 0 0 1
cfn=(1820)
calls=1 0 
0 68 13 11
0 6 0 2 1 0 1 1
cfn=(1902)
calls=1 0 
0 728 183 173 0 0 4
0 14 5 6 1 0 2 1
cob=(2)
cfi=(51)
cfn=(1004)
calls=1 0 
0 199 38 30 1 1 1 0 0 1
0 3 0 1
cfn=(1908)
calls=1 0 
0 279 61 61 14 3 2 14 3 2
0 5 0 2 1 0 0 1
cfn=(1914)
calls=1 0 
0 1218 387 182 7 29 17 3 3
0 3 0 1
cfn=(1914)
calls=1 0 
0 2739 695 327 15 24 4 13 1 1
0 3 0 1
cfn=(1914)
calls=1 0 
0 110 21 14
0 4 0 1 1 0 0 1
cfn=(1914)
calls=1 0 
0 92 18 12 0 1 0 0 1
0 9 1 4 0 1 1 0 1
cfn=(1932)
calls=1 0 
0 271 53 42 8 0 0 8
0 2 0 1 1 0 0 1
cob=(2)
cfi=(51)
cfn=(1004)
calls=1 0 
0 203 39 30 0 1 1 0 0 1
0 32 1 20 1 0 1 1 0 1
cfn=(1914)
calls=1 0 
0 110 21 14 0 1 0 0 1
0 3 0 1
cfn=(1914)
calls=1 0 
0 381 80 59 0 0 1 0 0 1
0 2 0 1
cob=(2)
cfi=(51)
cfn=(1004)
calls=1 0 
0 59 15 8 0 2
0 3 0 1 1 0 0 1
cfn=(1936)
calls=1 0 
0 311 66 79 11 1 4 11 1
0 5 0 2
cfn=(1914)
calls=1 0 
0 110 21 14
0 3 0 1
cfn=(1914)
calls=1 0 
0 108 21 14 1
0 3 0 1 1 0 0 1
cfn=(1914)
calls=1 0 
0 381 80 59 0 1 0 0 1
0 3 0 1
cfn=(1914)
calls=1 0 
0 113 21 14 0 1 0 0 1
0 4 0 1
cfn=(1914)
calls=1 0 
0 85 17 11
0 3 0 1
cob=(2)
cfi=(51)
cfn=(1942)
calls=1 0 
0 39 12 8 5 0 0 4
0 5 2 2 1 0 0 1
cfn=(1932)
calls=1 0 
0 271 53 42 0 0 1 0 0 1
0 5 1 2
cfn=(1932)
calls=1 0 
0 1956 646 344 16 30 0 4 1
0 2 0 1
cob=(2)
cfi=(51)
cfn=(1004)
calls=1 0 
0 199 38 30 0 1 1 0 0 1
0 3 0 1 1 0 0 1
cfn=(1962)
calls=1 0 
0 3342 795 586 22 7 17 20 4 15
0 4 1 2
cfn=(1932)
calls=1 0 
0 394 89 61 0 0 1 0 0 1
0 2 0 1
cob=(2)
cfi=(51)
cfn=(1004)
calls=1 0 
0 203 39 30 0 0 1 0 0 1
0 21 1 12 2 0 0 2
cfn=(1914)
calls=1 0 
0 110 21 14
0 4 0 2
cfn=(1914)
calls=1 0 
0 381 80 59 0 0 1 0 0 1
0 2 0 1 1 0 0 1
cob=(2)
cfi=(51)
cfn=(1004)
calls=1 0 
0 199 38 30 0 1 1 0 0 1
0 3 0 1
cfn=(1972)
calls=1 0 
0 11123 2479 1473 289 133 39 261 34 38
0 5 1 2
cfn=(1932)
calls=1 0 
0 287 58 51 1
0 5 1 2 1 0 0 1
cfn=(1932)
calls=1 0 
0 9 4 2
0 2 0 1
cob=(2)
cfi=(51)
cfn=(1004)
calls=1 0 
0 219 44 39
0 3 0 1
cfn=(2086)
calls=1 0 
0 11094 2378 1995 43 24 24 29 22 24
0 4 1 2
cfn=(1932)
calls=1 0 
0 411 94 70 0 0 1 0 0 1
0 2 0 1
cob=(2)
cfi=(51)
cfn=(1004)
calls=1 0 
0 213 43 38 0 0 1 0 0 1
0 3 0 1 1 0 0 1
cfn=(1908)
calls=1 0 
0 279 61 61 0 0 2 0 0 2
0 6 0 2
cfn=(1914)
calls=1 0 
0 108 21 14
0 3 0 1
cfn=(1820)
calls=1 0 
0 194 43 27 2 3 1 0 2
0 3 0 1
cob=(2)
cfi=(51)
cfn=(1938)
calls=1 0 
0 31 8 8
0 6 2 1 1 0 0 1
cfn=(1914)
calls=1 0 
0 237 56 37
0 3 0 1
cfn=(1914)
calls=1 0 
0 92 18 12
0 6 2 3 1 0 0 1
cfn=(1932)
calls=1 0 
0 9 4 2
0 5 0 3 0 0 1
cob=(2)
cfi=(51)
cfn=(1004)
calls=1 0 
0 213 43 38 0 0 1 0 0 1
0 4 0 2 1 0 0 1
cfn=(2090) cmdstan::arg_method::arg_method()
calls=1 0 
0 265145 60570 44568 2996 386 485 510 118 443
0 19 5 4 2 3 1 1
cob=(2)
cfi=(51)
cfn=(1946)
calls=1 0 
0 14 4 2 0 1
0 10 5 3 1 3 0 1
cfn=(2272)
calls=1 0 
0 32525 8216 4909 249 184 42 184 11 28
0 13 3 3 1 0 0 1
cfn=(2344)
calls=1 0 
0 766 209 115 11 7 0 11 2
0 5 1 1 0 1 0 0 1
cob=(2)
cfi=(51)
cfn=(1874)
calls=1 0 
0 19 7 2 3 3
0 10 3 1 2 2 0 1 1
cfn=(2344)
calls=1 0 
0 508 139 80 34 11 0 0 1
0 8 1 3 1 1 1 1
cfn=(1884)
calls=1 0 
0 57 14 10 0 1
0 3 1 1
cfn=(2346)
calls=1 0 
0 110 31 16 0 1
0 13 5 2 1 1 0 1
cfn=(1884)
calls=1 0 
0 55 14 10 0 1
0 3 0 1 1 0 0 1
cfn=(2574)
calls=1 0 
0 100 31 17 8 3 0 4
0 8 3 1 1 0 0 1
cfn=(2580)
calls=1 0 
0 4023 1025 615 41 30 1 28 3 1
0 3 0 1
cfn=(1820)
calls=1 0 
0 68 13 11
0 12 7 1 1 1 0 1
cfn=(2588)
calls=1 0 
0 67091 18778 11599 827 270 22 119 15 2
0 36 24 6 0 8
cfn=(2664)
calls=3 0 
0 16924 4937 2917 23 51 2 12 2 1
cfn=(2590)
calls=3 0 
0 4723 1377 823 4 10
0 63 26 1 1 0 0 1
cob=(2)
cfi=(51)
cfn=(2610)
calls=1 0 
0 112 43 23
0 2 0 1
cob=(2)
cfi=(51)
cfn=(2698)
calls=1 0 
0 1836 630 327 32 43 1 6
0 6 0 2 1 0 0 1
cfn=(1820)
calls=1 0 
0 92 19 14 1 1 1
0 3 1 1
cfn=(2346)
calls=1 0 
0 356 94 45 6 1
0 6 2 1 0 1
cfn=(1820)
calls=1 0 
0 92 19 14 0 1
0 3 0 1
cfn=(2578)
calls=1 0 
0 110 30 16 5
0 8 0 1 1 0 0 1
cob=(2)
cfi=(51)
cfn=(2278)
calls=1 0 
0 94 31 20 7 2
0 17 6 3 2 0 1 2
cfn=(2710)
calls=1 0 
0 538 137 81 4 1 0 4
0 7 0 1 1 0 0 1
cob=(2)
cfi=(51)
cfn=(2278)
calls=1 0 
0 217 66 36 6 4 0 0 1
0 9 2 3 0 0 2
cfn=(1906)
calls=1 0 
0 129 31 21 0 0 1
0 3 0 1 1 0 0 1
cfn=(2712)
calls=1 0 
0 315681317 96097250 56688576 32087 98718 128689 1267 487 79613
0 4 2 1 1 1 0 1
cfn=(3216)
calls=1 0 
0 4068380 615390 1183934 212 63730 79654 158 391 15938
0 5 0 3 1 0 2 1
cob=(2)
cfi=(51)
cfn=(2114)
calls=1 0 
0 854 262 198 44 30 8 1 2
0 3 0 1
cfn=(1820)
calls=1 0 
0 92 19 14 5 3 1 5 3
0 3 1 1
cfn=(2346)
calls=1 0 
0 110 31 16 7 6 0 7 1
0 7 2 1 1 1 0 1
cfn=(1820)
calls=1 0 
0 92 19 14 0 1 0 0 1
0 3 1 1
cfn=(2346)
calls=1 0 
0 440 115 53 0 7
0 3 0 1
cfn=(2582)
calls=1 0 
0 375 98 57 11 11 1 11 2
0 12 2 1 1 0 0 1
cob=(2)
cfi=(51)
cfn=(2278)
calls=1 0 
0 217 66 36 17 12 0 1 10
0 5 1 2 1 1 1 1
cfn=(1820)
calls=1 0 
0 92 19 14
0 3 1 1
cfn=(2346)
calls=1 0 
0 440 115 53
0 3 0 1
cfn=(2582)
calls=1 0 
0 327 85 50
0 11 2 1 1 0 0 1
cob=(2)
cfi=(51)
cfn=(2278)
calls=1 0 
0 217 66 36 0 2 0 0 2
0 9 2 3 1 1 0 1
cfn=(3228)
calls=1 0 
0 1154 304 173 6 18 4 6 6
0 6 1 1 1 0 0 1
cfn=(3230)
calls=1 0 
0 1096 291 164 5 3 1 5 2
0 15 1 7 1 1 1 1
cob=(2)
cfi=(51)
cfn=(1004)
calls=1 0 
0 55 15 8 0 2
0 35 4 18 5 1 2 5 1
cfn=(1820)
calls=1 0 
0 90 19 14 0 1 1 0 1
0 3 1 1
cfn=(2574)
calls=1 0 
0 100 31 17 4 3 0 4
0 20 3 6 3 0 0 3
cfn=(1820)
calls=1 0 
0 90 19 14
0 3 0 1
cfn=(2574)
calls=1 0 
0 100 31 17
0 13 4 2 2 0 0 2
cfn=(1820)
calls=1 0 
0 92 19 14 0 1 0 0 1
0 3 0 1
cfn=(2574)
calls=1 0 
0 135 40 18 4 0 0 2
0 9 1 1 1 0 0 1
cfn=(3254)
calls=1 0 
0 1564 401 225 13 28 0 6 4
0 7 0 1 1 0 0 1
cob=(2)
cfi=(51)
cfn=(2278)
calls=1 0 
0 217 66 36 4 4 0 0 4
0 9 4 1 2 1 0 2
cob=(2)
cfi=(51)
cfn=(1948)
calls=1 0 
0 118 35 14
0 8 1 2 1 0 1 1
cfn=(4682)
calls=1 0 
0 33 9 1 4 3 0 4
0 7 1 2 1 1 1 1
cfn=(4682)
calls=1 0 
0 33 9 1 0 3
0 16 10 1 2 3 0 2
cob=(2)
cfi=(51)
cfn=(1874)
calls=1 0 
0 19 7 2
0 12 0 5 1 0 0 1
cob=(2)
cfi=(51)
cfn=(1322)
calls=1 0 
0 77 15 15 0 0 1 0 0 1
0 2 0 1
cob=(2)
cfi=(51)
cfn=(1878)
calls=1 0 
0 8 4 1
0 8 2 2 2 0 0 2
cfn=(3250)
calls=1 0 
0 151 35 27 0 1 1
0 5 1 1
cfn=(3256)
calls=1 0 
0 685 186 105 4 5 0 4 3
0 5 2 1 1 1 0 1 1
cfn=(3258)
calls=1 0 
0 450 89 55 52 11 0 48 3
0 4 0 2
cfn=(1914)
calls=1 0 
0 87 17 11 8 1 0 2 1
0 7 2 2 1 0 0 1
cfn=(3274)
calls=1 0 
0 222 62 50 11 3 3 11 1
0 3 0 1
cfn=(1820)
calls=1 0 
0 92 19 14
0 3 1 1
cfn=(2346)
calls=1 0 
0 440 115 53
0 3 0 1
cfn=(2582)
calls=1 0 
0 826 224 125 0 5
0 11 2 1 1 0 0 1
cob=(2)
cfi=(51)
cfn=(2278)
calls=1 0 
0 217 66 36
0 17 6 2 2 1 0 2
cfn=(3276)
calls=1 0 
0 111564 31749 18714 1086 467 54 209 83 1
0 3 1 1 1 1
cfn=(3278)
calls=1 0 
0 1146 311 184 11 4 0 1
0 4 2 1
cfn=(3310)
calls=1 0 
0 12 1 6 2 0 1
0 4 1 1 1 0 0 1
cfn=(3394)
calls=1 0 
0 403 110 65 3 0 0 3
0 6 2 1
cfn=(1820)
calls=1 0 
0 68 13 11 2
0 15 8 2 1 0 0 1
cfn=(2588)
calls=1 0 
0 44447 11231 7738 396 39 6
0 36 24 6 0 3
cfn=(2664)
calls=3 0 
0 9077 2294 1551 13 7 1
cfn=(2590)
calls=3 0 
0 2590 657 451 0 3
0 64 25 1 2 0 0 2
cfn=(1820)
calls=1 0 
0 90 19 14 0 1
0 3 0 1
cfn=(2574)
calls=1 0 
0 100 31 17 4 1
0 7 2 1 2 0 0 2
cfn=(4542)
calls=1 0 
0 3 1 0 1
0 51 24 7 1 17 0 1 8
cfn=(4656)
calls=1 0 
0 431 126 55 2 3 0 2
cfn=(4644)
calls=1 0 
0 3197 925 397 13 46 0 13 5
cfn=(4640)
calls=1 0 
0 787 227 99 6 12 0 6 1
cfn=(4638)
calls=1 0 
0 258 75 38 1 6 0 1
cfn=(4634)
calls=1 0 
0 811 233 102 5 12 0 4 1
cfn=(4632)
calls=1 0 
0 304 86 37 2 4 0 2
cfn=(4544)
calls=1 0 
0 36089 10471 4518 154 481 3 153 42
0 51 15 1 1 2 0 1
cfn=(4540)
calls=1 0 
0 301 90 36 4 7 0 3 3
0 6 2 1 0 2
cfn=(4662)
calls=1 0 
0 153 44 19 3 3 0 2
0 2 1 1 1 1 0 1
cfn=(4662)
calls=1 0 
0 153 44 19 0 1
0 2 1 1 0 1
cfn=(4664)
calls=1 0 
0 164 48 20 7 5 1 7
0 2 1 1
cfn=(4664)
calls=1 0 
0 2951 871 465 106 100 25 7 2
0 9 4 1 1 2 0 1 1
cfn=(4676)
calls=1 0 
0 2 1 0 1
0 11 2 1
cob=(2)
cfi=(51)
cfn=(1948)
calls=1 0 
0 120 35 14 0 1
0 11 3 1 1 1 0 1
cob=(2)
cfi=(51)
cfn=(1948)
calls=1 0 
0 120 35 14 0 2
0 2 1 1 1 0 0 1
cob=(2)
cfi=(51)
cfn=(2226)
calls=1 0 
0 104 33 23 2 6 3
0 4 1 1 0 1
cfn=(3020)
calls=1 0 
0 17394 4451 2561 19 205 4 6 1
0 6 3 1 0 2
cob=(2)
cfi=(51)
cfn=(1948)
calls=1 0 
0 118 35 14 0 2
0 7 1 1 2 1 0 2
cob=(2)
cfi=(51)
cfn=(2362)
calls=1 0 
0 173202 39086 27390 629 365 398 249 45 362
0 7 2 2
cfn=(1820)
calls=1 0 
0 163 36 25 8 2
0 3 0 1
cfn=(2574)
calls=1 0 
0 100 31 17
0 7 3 1 1 0 0 1
cob=(2)
cfi=(51)
cfn=(1948)
calls=1 0 
0 99 31 15 4 4
0 8 2 1 2 0 0 2
cfn=(1820)
calls=1 0 
0 163 36 25 0 1 0 0 1
0 3 0 1
cfn=(2574)
calls=1 0 
0 100 31 17
0 7 3 1
cob=(2)
cfi=(51)
cfn=(1948)
calls=1 0 
0 99 31 15
0 8 0 4 3 0 0 3
cob=(2)
cfi=(51)
cfn=(2348)
calls=1 0 
0 92 31 22 10 4 0 10
0 4 0 1
cob=(2)
cfi=(51)
cfn=(1322)
calls=1 0 
0 77 15 15 7 3 2
0 2 0 1
cob=(2)
cfi=(51)
cfn=(1878)
calls=1 0 
0 8 4 1 2 1
0 7 2 1 1 0 0 1
cfn=(1820)
calls=1 0 
0 92 19 14 0 1 0 0 1
0 3 0 1
cfn=(2574)
calls=1 0 
0 100 31 17
0 18 3 7 3 0 0 3
cfn=(1820)
calls=1 0 
0 92 19 14
0 3 1 1 1 0 0 1
cfn=(1820)
calls=1 0 
0 68 13 11 0 1 1 0 1
0 13 5 4 1 0 0 1
cfn=(3232)
calls=1 0 
0 5744 1461 1112 178 72 38 91 13
0 15 9 1 2 0 0 2
cfn=(1820)
calls=1 0 
0 92 19 14 0 1
0 3 0 1
cfn=(2574)
calls=1 0 
0 135 40 18 1 0 0 1
0 10 2 1 1 0 0 1
cfn=(2576)
calls=1 0 
0 781 211 116 13 18 0 12 1
0 12 1 5 2 0 0 2
cfn=(3248)
calls=1 0 
0 1332 302 273 7 1 5 7
0 6 0 3 1 0 0 1
cfn=(3250)
calls=1 0 
0 151 35 27 7 1 0 7
0 7 2 1 1 0 0 1
cfn=(1820)
calls=1 0 
0 90 19 14
0 3 0 1
cfn=(2574)
calls=1 0 
0 100 31 17
0 12 4 1 3 0 0 3
cfn=(1820)
calls=1 0 
0 90 19 14 0 1 0 0 1
0 3 0 1
cfn=(2574)
calls=1 0 
0 100 31 17
0 12 4 1 2 0 0 2
cfn=(1820)
calls=1 0 
0 90 19 14 0 1 0 0 1
0 3 0 1
cfn=(2574)
calls=1 0 
0 100 31 17
0 11 4 1 2 0 0 2
cfn=(1820)
calls=1 0 
0 92 19 14
0 3 0 1
cfn=(2574)
calls=1 0 
0 135 40 18 1
0 12 3 1 1 1 0 1
cfn=(3396)
calls=1 0 
0 952 259 151 38 9 0 6 4
0 6 0 2 1 0 0 1
cfn=(3398) auto cmdstan::get_arg_val<cmdstan::singleton_argument<int>, cmdstan::argument_parser&, char const (&) [7], char const (&) [7], char const (&) [12]>(cmdstan::argument_parser&, char const (&) [7], char const (&) [7], char const (&) [12])
calls=1 0 
0 902 246 144 6 1 0 6 1
0 6 0 2
cfn=(3400)
calls=1 0 
0 1056 285 165 6 4 0 6 3
0 6 0 2 1 0 0 1
cfn=(3402)
calls=1 0 
0 1033 279 159 7 4 0 6
0 5 1 2
cfn=(1820)
calls=1 0 
0 92 19 14 0 0 1
0 3 0 1
cfn=(2346)
calls=1 0 
0 110 31 16
0 7 3 1 1 0 0 1
cfn=(1820)
calls=1 0 
0 92 19 14 0 0 1
0 3 0 1
cfn=(2574)
calls=1 0 
0 135 40 18
0 6 2 1
cfn=(1820)
calls=1 0 
0 90 19 14 0 1
0 3 0 1
cfn=(2578)
calls=1 0 
0 362 95 51 0 1
0 8 0 2 1 0 1 1
cob=(2)
cfi=(51)
cfn=(2278)
calls=1 0 
0 217 66 36 0 4 0 0 4
0 15 7 3 2 0 1 2
cfn=(3404)
calls=1 0 
0 80 22 13 2 0 1 2
0 7 1 1
cfn=(3406) auto cmdstan::get_arg_val<cmdstan::singleton_argument<bool>, cmdstan::argument_parser&, char const (&) [7], char const (&) [7], char const (&) [6], char const (&) [8]>(cmdstan::argument_parser&, char const (&) [7], char const (&) [7], char const (&) [6], char const (&) [8])
calls=1 0 
0 1312 350 204 7 2 0 7
0 5 0 2 1 0 0 1
cob=(2)
cfi=(51)
cfn=(2296)
calls=1 0 
0 70 17 6 4 3 0 1 1
0 7 3 1
cob=(2)
cfi=(51)
cfn=(2296)
calls=1 0 
0 70 17 6
0 9 2 1 4 1 0 4
cob=(2)
cfi=(51)
cfn=(2296)
calls=1 0 
0 74 15 6 0 1 0 0 1
0 7 0 2 1 0 0 1
cfn=(1820)
calls=1 0 
0 92 19 14 0 0 1
0 3 1 1
cfn=(2346)
calls=1 0 
0 110 31 16
0 7 2 2 1 0 0 1
cfn=(1820)
calls=1 0 
0 92 19 14
0 3 1 1
cfn=(2574)
calls=1 0 
0 135 40 18
0 6 3 2
cfn=(1820)
calls=1 0 
0 90 19 14
0 3 2 1 1 0 0 1
cfn=(2578)
calls=1 0 
0 362 95 51
0 6 3 2
cfn=(1820)
calls=1 0 
0 95 19 14
0 3 2 1
cfn=(2574)
calls=1 0 
0 138 40 18
0 6 2 2 1 0 0 1
cfn=(1820)
calls=1 0 
0 92 19 14 0 1 0 0 1
0 3 1 1
cfn=(2578)
calls=1 0 
0 193 50 24 0 1
0 8 0 1 1 0 0 1
cob=(2)
cfi=(51)
cfn=(2278)
calls=1 0 
0 217 66 36 0 3 0 0 3
0 22 8 2 3 0 0 3
cfn=(3404)
calls=1 0 
0 77 22 13
0 10 2 3
cfn=(3408)
calls=1 0 
0 1739 463 270 10 6 0 10 4
0 17 3 4 2 0 1 2
cfn=(3410)
calls=1 0 
0 1746 464 266 9 5 0 9 5
0 8 0 2 1 0 0 1
cfn=(3412)
calls=1 0 
0 1796 477 273 9 1 0 9 1
0 8 4 3 1 0 0 1
cfn=(1820)
calls=1 0 
0 95 19 14
0 4 2 1
cfn=(2574)
calls=1 0 
0 138 40 18
0 6 2 2
cfn=(1820)
calls=1 0 
0 92 19 14
0 3 1 1 1 0 0 1
cfn=(2578)
calls=1 0 
0 110 30 16
0 8 0 1
cob=(2)
cfi=(51)
cfn=(2278)
calls=1 0 
0 217 66 36 0 3 0 0 3
0 10 4 1 1 0 0 1
cfn=(3404)
calls=1 0 
0 77 22 13
0 3 0 1 1 0 0 1
cob=(2)
cfi=(51)
cfn=(2296)
calls=1 0 
0 74 15 6 0 1 0 0 1
0 15 1 4 1 0 0 1
cfn=(3414)
calls=1 0 
0 2031 545 314 13 4 0 13 1
0 10 6 2 2 2 1 2
cfn=(4540)
calls=1 0 
0 20 7 4 3 1 1 3
0 15 5 2 2 3 0 2
cfn=(3416)
calls=1 0 
0 1447 383 219 7 1 0 7 1
0 9 0 3 1 0 0 1
cfn=(3416)
calls=1 0 
0 1364 363 211
0 9 0 3 1 0 0 1
cfn=(3416)
calls=1 0 
0 1530 403 227 0 1
0 9 0 3 1 0 0 1
cfn=(3418)
calls=1 0 
0 1526 402 232 7 1 0 7
0 9 0 3 1 0 0 1
cfn=(3420)
calls=1 0 
0 1571 415 239 7 3 0 7 2
0 9 0 3
cfn=(3420)
calls=1 0 
0 1652 435 247 0 1
0 9 0 3 1 0 0 1
cfn=(3422)
calls=1 0 
0 1675 441 253 7 1 0 7
0 5 0 1
cob=(2)
cfi=(51)
cfn=(2296)
calls=1 0 
0 70 17 6
0 7 1 1 1 0 0 1
cob=(2)
cfi=(51)
cfn=(2296)
calls=1 0 
0 70 17 6
0 11 0 3 4 0 2 4
cob=(2)
cfi=(51)
cfn=(2296)
calls=1 0 
0 74 15 6
0 7 0 1
cob=(2)
cfi=(51)
cfn=(2296)
calls=1 0 
0 74 15 6
0 42 23 16 3 0 0 3
cfn=(3424)
calls=1 0 
0 430254285 136756866 61356408 317052 25772078 1364379 26191 91922 57
0 1 0 0 1

fn=(1908)
0 925 50 550 14 1 49 3 1 49
cfn=(1884)
calls=25 0 
0 1500 350 250 4 1 0 0 1
0 175 25 50 4 0 0 1
cob=(2)
cfi=(51)
cfn=(1910)
calls=25 0 
0 1325 275 200 6 0 0 6
0 175 0 50
cfn=(1884)
calls=25 0 
0 1500 350 250 0 1 0 0 1
0 725 300 75 6 0 0 3
cob=(2)
cfi=(51)
cfn=(1886)
calls=25 0 
0 500 100 50
0 150 75 50 5 0 0 1

fn=(1936)
0 390 20 240 8 0 19 3 0 17
cfn=(1884)
calls=10 0 
0 600 140 100 0 0 2 0 0 2
0 240 10 150 8 0 11 3 0 9
cob=(2)
cfi=(51)
cfn=(1910)
calls=10 0 
0 530 110 80
0 70 0 20 2 0 0 1
cfn=(1884)
calls=10 0 
0 570 140 100 0 2 0 0 1
0 30 0 10
cob=(2)
cfi=(51)
cfn=(1938)
calls=10 0 
0 540 140 90 3 0 0 3
0 140 100 0 3 0 0 1

fn=(2090)
0 14 1 9 1 0 0 1
cfn=(2092)
calls=1 0 
0 114 19 30 4 1 2 4 1 2
0 5 0 2 1 0 0 1
cfn=(1914)
calls=1 0 
0 110 21 14 0 1 0 0 1
0 3 0 1
cfn=(1914)
calls=1 0 
0 400 86 66 0 2 1 0 2 1
0 4 0 2
cob=(2)
cfi=(51)
cfn=(1004)
calls=1 0 
0 217 44 38 0 0 2 0 0 2
0 3 0 1 1 0 0 1
cfn=(2094)
calls=1 0 
0 86815 20125 14287 1048 304 160 394 62 120
0 5 0 2 0 0 1
cfn=(1932)
calls=1 0 
0 129 29 20
0 2 0 1
cob=(2)
cfi=(51)
cfn=(1004)
calls=1 0 
0 203 39 30 0 0 1 0 0 1
0 20 1 11 2 0 0 2
cfn=(1914)
calls=1 0 
0 108 21 14 0 1 0 0 1
0 3 0 1
cfn=(1914)
calls=1 0 
0 381 80 59 0 1 1 0 0 1
0 2 0 1
cob=(2)
cfi=(51)
cfn=(1004)
calls=1 0 
0 199 38 30 0 0 1 0 0 1
0 3 0 1
cfn=(2092)
calls=1 0 
0 114 19 30 4 0 2 0 0 2
0 5 0 2 1 0 0 1
cfn=(1914)
calls=1 0 
0 108 21 14
0 3 0 1
cfn=(1914)
calls=1 0 
0 381 80 59 0 0 1 0 0 1
0 4 0 2
cob=(2)
cfi=(51)
cfn=(1004)
calls=1 0 
0 203 39 30 0 0 1 0 0 1
0 3 0 1
cfn=(2266)
calls=1 0 
0 33203 7807 5668 513 12 33 23 9 33
0 4 0 2 1 0 0 1
cfn=(1932)
calls=1 0 
0 129 29 20 3
0 2 0 1
cob=(2)
cfi=(51)
cfn=(1004)
calls=1 0 
0 203 39 30 4 0 1 0 0 1
0 3 0 1
cfn=(2266)
calls=1 0 
0 32915 7759 5624 464 0 32 0 0 32
0 5 0 2
cfn=(1914)
calls=1 0 
0 110 21 14
0 3 0 1 1 0 0 1
cfn=(1914)
calls=1 0 
0 105 22 14
0 4 0 2
cob=(2)
cfi=(51)
cfn=(1004)
calls=1 0 
0 199 38 30 5 0 1 0 0 1
0 3 0 1
cfn=(1908)
calls=1 0 
0 279 61 61 6 0 2 0 0 2
0 5 0 2 1 0 0 1
cfn=(1914)
calls=1 0 
0 108 21 14
0 3 0 1
cfn=(1914)
calls=1 0 
0 242 57 36 2 1 0 0 1
0 3 0 1
cfn=(1914)
calls=1 0 
0 237 56 37
0 3 0 1
cfn=(1914)
calls=1 0 
0 92 18 12 0 1
0 6 1 3 1 1 0 1
cfn=(1932)
calls=1 0 
0 9 4 2
0 4 1 2
cfn=(1932)
calls=1 0 
0 252 65 39 2
0 2 0 1
cob=(2)
cfi=(51)
cfn=(1004)
calls=1 0 
0 203 39 30 0 0 1 0 0 1
0 19 1 11 2 0 1 2 0 1
cfn=(1914)
calls=1 0 
0 110 21 14
0 3 0 1
cfn=(1914)
calls=1 0 
0 108 21 14
0 4 1 2 1 0 0 1
cfn=(1932)
calls=1 0 
0 394 89 61 0 0 1 0 0 1
0 6 1 3
cfn=(1932)
calls=1 0 
0 129 29 20
0 2 0 1
cob=(2)
cfi=(51)
cfn=(1004)
calls=1 0 
0 199 38 30 0 0 1 0 0 1
0 5 0 1 1 0 0 1
cfn=(2088)
calls=1 0 
0 1274 274 220 10 2 4 0 2 4
0 4 0 2
cfn=(1932)
calls=1 0 
0 252 65 39
0 2 0 1
cob=(2)
cfi=(51)
cfn=(1004)
calls=1 0 
0 199 38 30 0 0 1 0 0 1
0 6 0 1 1 0 0 1
cfn=(2108)
calls=1 0 
0 1154 247 202 14 1 3 0 1 3
0 4 0 2
cfn=(1932)
calls=1 0 
0 394 89 61 0 0 1 0 0 1
0 2 0 1
cob=(2)
cfi=(51)
cfn=(1004)
calls=1 0 
0 199 38 30 0 0 1 0 0 1
0 5 0 1
cfn=(2088)
calls=1 0 
0 1256 269 218 0 1 3 0 1 3
0 4 0 2 1 0 0 1
cfn=(1932)
calls=1 0 
0 9 4 2
0 4 1 2
cfn=(1932)
calls=1 0 
0 252 65 39
0 2 0 1
cob=(2)
cfi=(51)
cfn=(1004)
calls=1 0 
0 203 39 30 0 0 1 0 0 1
0 3 0 1
cfn=(2268)
calls=1 0 
0 29043 6511 4893 232 12 59 27 9 59
0 4 1 2
cfn=(1932)
calls=1 0 
0 250 65 39
0 2 0 1 1 0 0 1
cob=(2)
cfi=(51)
cfn=(1004)
calls=1 0 
0 203 39 30 0 0 1 0 0 1
0 21 1 12 1 0 1 1 0 1
cfn=(1914)
calls=1 0 
0 108 21 14
0 3 0 1 1 0 0 1
cfn=(1914)
calls=1 0 
0 381 80 59 0 0 1 0 0 1
0 2 0 1
cob=(2)
cfi=(51)
cfn=(1004)
calls=1 0 
0 199 38 30 0 0 1 0 0 1
0 3 0 1
cfn=(2092)
calls=1 0 
0 114 19 30 4 0 2 0 0 2
0 5 0 2
cfn=(1914)
calls=1 0 
0 110 21 14 0 1 0 0 1
0 3 0 1
cfn=(1914)
calls=1 0 
0 108 21 14
0 4 0 2 1 0 0 1
cob=(2)
cfi=(51)
cfn=(1004)
calls=1 0 
0 203 39 30 0 0 1 0 0 1
0 21 1 12 2 0 0 2
cfn=(1914)
calls=1 0 
0 108 21 14
0 3 0 1
cfn=(1914)
calls=1 0 
0 242 57 36
0 2 0 1
cob=(2)
cfi=(51)
cfn=(1004)
calls=1 0 
0 199 38 30 0 0 1 0 0 1
0 3 0 1
cfn=(2250)
calls=1 0 
0 273 61 61 7 0 3 0 0 3
0 5 0 2 1 0 0 1
cfn=(1914)
calls=1 0 
0 110 21 14 0 1
0 3 0 1
cfn=(1914)
calls=1 0 
0 381 80 59 0 0 1 0 0 1
0 3 0 1
cfn=(1914)
calls=1 0 
0 108 21 14
0 4 0 1 1 0 0 1
cfn=(1914)
calls=1 0 
0 110 21 14
0 6 1 3
cfn=(1932)
calls=1 0 
0 129 29 20
0 2 0 1
cob=(2)
cfi=(51)
cfn=(1004)
calls=1 0 
0 199 38 30 0 0 1 0 0 1
0 3 0 1
cfn=(2250)
calls=1 0 
0 273 61 61 0 0 2 0 0 2
0 5 0 2 1 0 0 1
cfn=(1914)
calls=1 0 
0 110 21 14
0 3 0 1
cfn=(1914)
calls=1 0 
0 108 21 14
0 3 0 1
cfn=(1914)
calls=1 0 
0 108 21 14
0 3 0 1 1 0 0 1
cfn=(1914)
calls=1 0 
0 110 21 14
0 6 1 3
cfn=(1932)
calls=1 0 
0 252 65 39
0 4 0 2
cfn=(1932)
calls=1 0 
0 129 29 20
0 5 0 3 1 0 0 1
cfn=(1932)
calls=1 0 
0 271 53 42 1 0 1 0 0 1
0 4 1 2
cfn=(1932)
calls=1 0 
0 9 4 2
0 2 0 1
cob=(2)
cfi=(51)
cfn=(1004)
calls=1 0 
0 203 39 30 0 0 1 0 0 1
0 21 1 12 2 0 0 2
cfn=(1914)
calls=1 0 
0 381 80 59 0 0 1 0 0 1
0 3 0 1
cfn=(1914)
calls=1 0 
0 377 80 58 0 1 1 0 1 1
0 2 0 1
cob=(2)
cfi=(51)
cfn=(1004)
calls=1 0 
0 199 38 30 0 0 1 0 0 1
0 3 0 1 1 0 0 1
cfn=(1936)
calls=1 0 
0 311 66 79 4 0 4 0 0 4
0 5 0 2
cfn=(1914)
calls=1 0 
0 108 21 14 0 1
0 3 0 1
cfn=(1914)
calls=1 0 
0 437 94 64 5 4 4 0 4 4
0 4 0 1 1 0 0 1
cfn=(1914)
calls=1 0 
0 381 80 59
0 3 0 1
cfn=(1914)
calls=1 0 
0 113 21 14 0 1
0 5 0 1
cfn=(1914)
calls=1 0 
0 85 17 11
0 3 0 1 1 0 0 1
cob=(2)
cfi=(51)
cfn=(1942)
calls=1 0 
0 39 12 8
0 5 0 2
cfn=(1932)
calls=1 0 
0 271 53 42 0 0 1 0 0 1
0 2 0 1
cob=(2)
cfi=(51)
cfn=(1004)
calls=1 0 
0 199 38 30 0 0 1 0 0 1
0 6 0 1
cfn=(2108)
calls=1 0 
0 1074 237 194 0 0 3 0 0 3
0 4 0 2 1 0 0 1
cfn=(1932)
calls=1 0 
0 396 89 61
0 4 1 2
cfn=(1932)
calls=1 0 
0 251 65 39
0 2 0 1
cob=(2)
cfi=(51)
cfn=(1004)
calls=1 0 
0 203 39 30 0 0 1 0 0 1
0 3 0 1
cfn=(2270)
calls=1 0 
0 48106 11012 8205 605 22 84 13 12 83
0 4 1 2 2 0 0 1
cfn=(1932)
calls=1 0 
0 9 4 2
0 2 0 1
cob=(2)
cfi=(51)
cfn=(1004)
calls=1 0 
0 203 39 30 0 0 1 0 0 1
0 20 1 11 1 0 1 1 0 1
cfn=(1914)
calls=1 0 
0 108 21 14
0 3 0 1 1 0 0 1
cfn=(1914)
calls=1 0 
0 400 85 60 0 1 2 0 1 2
0 2 0 1
cob=(2)
cfi=(51)
cfn=(1004)
calls=1 0 
0 199 38 30 0 0 1 0 0 1
0 3 0 1
cfn=(1936)
calls=1 0 
0 311 66 79 1 0 4 0 0 4
0 5 0 2
cfn=(1914)
calls=1 0 
0 237 56 37
0 3 0 1 1 0 0 1
cfn=(1914)
calls=1 0 
0 256 61 38 0 1 0 0 1
0 3 0 1
cfn=(1914)
calls=1 0 
0 381 80 59
0 3 0 1
cfn=(1914)
calls=1 0 
0 113 21 14
0 5 0 2
cfn=(1914)
calls=1 0 
0 85 17 11
0 3 1 1 1 0 0 1
cob=(2)
cfi=(51)
cfn=(1942)
calls=1 0 
0 39 12 8
0 4 0 2
cfn=(1932)
calls=1 0 
0 129 29 20
0 2 0 1
cob=(2)
cfi=(51)
cfn=(1004)
calls=1 0 
0 199 38 30 0 0 1 0 0 1
0 3 0 1
cfn=(1936)
calls=1 0 
0 311 66 79 0 0 4 0 0 4
0 5 0 2 1 0 0 1
cfn=(1914)
calls=1 0 
0 381 80 59 0 0 1 0 0 1
0 3 0 1
cfn=(1914)
calls=1 0 
0 400 85 60 0 1 1 0 1 1
0 3 0 1
cfn=(1914)
calls=1 0 
0 381 80 59 0 0 1 0 0 1
0 3 0 1 1 0 0 1
cfn=(1914)
calls=1 0 
0 113 21 14
0 4 0 1
cfn=(1914)
calls=1 0 
0 85 17 11
0 3 0 1
cob=(2)
cfi=(51)
cfn=(1942)
calls=1 0 
0 39 12 8
0 4 0 2
cfn=(1932)
calls=1 0 
0 252 65 39
0 2 0 1
cob=(2)
cfi=(51)
cfn=(1004)
calls=1 0 
0 199 38 30 0 0 1 0 0 1
0 5 0 1 1 0 0 1
cfn=(2110)
calls=1 0 
0 1274 274 220 0 2 4 0 0 4
0 4 0 2
cfn=(1932)
calls=1 0 
0 394 89 61 0 0 1 0 0 1
0 4 1 2
cfn=(1932)
calls=1 0 
0 9 4 2
0 2 0 1 1 0 0 1
cob=(2)
cfi=(51)
cfn=(1004)
calls=1 0 
0 203 39 30 0 0 1 0 0 1
0 20 1 11 1 0 1 1 0 1
cfn=(1914)
calls=1 0 
0 110 21 14 0 1 0 0 1
0 3 0 1
cfn=(1914)
calls=1 0 
0 386 81 58 0 1 1 0 1 1
0 2 0 1 1 0 0 1
cob=(2)
cfi=(51)
cfn=(1004)
calls=1 0 
0 199 38 30 0 0 1 0 0 1
0 3 0 1
cfn=(1936)
calls=1 0 
0 311 66 79 0 0 4 0 0 4
0 5 0 2
cfn=(1914)
calls=1 0 
0 110 21 14 0 1 0 0 1
0 3 0 1
cfn=(1914)
calls=1 0 
0 408 87 60 0 2 2 0 2 2
0 3 0 1 1 0 0 1
cfn=(1914)
calls=1 0 
0 85 17 11
0 4 0 1
cfn=(1914)
calls=1 0 
0 85 17 11
0 3 0 1
cob=(2)
cfi=(51)
cfn=(1942)
calls=1 0 
0 39 12 8
0 4 0 2
cfn=(1932)
calls=1 0 
0 129 29 20
0 2 0 1 1 0 0 1
cob=(2)
cfi=(51)
cfn=(1004)
calls=1 0 
0 199 38 30 0 0 1 0 0 1
0 5 0 1
cfn=(2110)
calls=1 0 
0 1274 274 220 0 1 4 0 1 4
0 4 0 2
cfn=(1932)
calls=1 0 
0 252 65 39
0 2 0 1
cob=(2)
cfi=(51)
cfn=(1004)
calls=1 0 
0 199 38 30 0 0 1 0 0 1
0 6 0 1 1 0 0 1
cfn=(2096)
calls=1 0 
0 1159 248 201 8 1 3 0 1 3
0 4 0 2
cfn=(1932)
calls=1 0 
0 394 89 61 0 0 1 0 0 1
0 2 0 1
cob=(2)
cfi=(51)
cfn=(1004)
calls=1 0 
0 199 38 30 0 0 1 0 0 1
0 5 0 1 1 0 0 1
cfn=(2110)
calls=1 0 
0 1270 273 220 0 1 4 0 0 4
0 4 0 2
cfn=(1932)
calls=1 0 
0 9 4 2
0 4 1 2
cfn=(1932)
calls=1 0 
0 9 4 2
0 13 10 1 1 1 0 1

fn=(2310)
0 110 28 13 3 4 0 2
cob=(2)
cfi=(51)
cfn=(1948)
calls=2 0 
0 198 62 30
0 11 11

fn=(2328)
0 22 3 8 2 0 0 2
cob=(2)
cfi=(51)
cfn=(2296)
calls=1 0 
0 70 17 6
0 17 10 1 2 0 0 2
cob=(2)
cfi=(51)
cfn=(2296)
calls=1 0 
0 70 17 6
0 16 1 7 2 0 0 2
cfn=(2290)
calls=1 0 
0 333 81 55
0 3 0 1
cfn=(2308)
calls=1 0 
0 37 9 1
0 12 2 1 1 0 0 1
cfn=(2310)
calls=1 0 
0 9 3 1
0 3 1 2 1 0 0 1
cob=(2)
cfi=(51)
cfn=(2312)
calls=1 0 
0 6 4
0 8 2 3
cob=(2)
cfi=(51)
cfn=(2330)
calls=1 0 
0 242 27 11 1 1
0 13 6 2 1 0 0 1
cfn=(2332)
calls=1 0 
0 6 1 0 2 0 0 2
0 8 2 2 2 0 1 2

fn=(2340)
0 14 1 7 2 0 0 2
cob=(2)
cfi=(51)
cfn=(2296)
calls=1 0 
0 58 15 6
0 16 8 2 1 0 0 1
cob=(2)
cfi=(51)
cfn=(2296)
calls=1 0 
0 58 15 6 0 1
0 5 0 1
cob=(2)
cfi=(51)
cfn=(2296)
calls=1 0 
0 58 15 6
0 5 0 1 1 0 0 1
cob=(2)
cfi=(51)
cfn=(2296)
calls=1 0 
0 65 15 6 0 1
0 4

fn=(4550)
0 156 26 39 2 13 0 2
cob=(2)
cfi=(51)
cfn=(1948)
calls=13 0 
0 1560 455 182 0 23 1
0 247 52 39 2 17 0 2
cob=(2)
cfi=(51)
cfn=(1948)
calls=13 0 
0 1495 443 185 0 7
0 58 15 2
cob=(2)
cfi=(51)
cfn=(1948)
calls=2 0 
0 240 70 28
0 52 13
cob=(2)
cfi=(51)
cfn=(1948)
calls=13 0 
0 1777 533 225 0 1

fn=(4552)
0 162 22 38 2 17 0 2
cob=(2)
cfi=(51)
cfn=(1948)
calls=6 0 
0 720 210 84 0 9
0 304 64 48 1 21 0 1
cob=(2)
cfi=(51)
cfn=(1948)
calls=16 0 
0 1920 560 224 0 15
0 128 32 0 1 0 0 1
cob=(2)
cfi=(51)
cfn=(1948)
calls=16 0 
0 2430 724 294 0 3

fn=(4558)
0 24 4 6 2 2 0 2
cob=(2)
cfi=(51)
cfn=(1948)
calls=2 0 
0 240 70 28 0 3
0 38 8 6 1 3 0 1
cob=(2)
cfi=(51)
cfn=(1948)
calls=2 0 
0 219 66 29 0 2
0 16 4 0 1 0 0 1
cob=(2)
cfi=(51)
cfn=(1948)
calls=2 0 
0 198 62 30

fn=(4566)
0 24 8 5 2 5 0 2 2
cfn=(4570)
calls=1 0 
0 671 196 89 4 6 0 4
cfn=(4568) cmdstan::arg_static::~arg_static()
calls=1 0 
0 650 192 90 4 9 1 4
0 16 4 2
cob=(2)
cfi=(51)
cfn=(1948)
calls=1 0 
0 99 31 15
0 19 4 3 2 1 0 2
cob=(2)
cfi=(51)
cfn=(1948)
calls=1 0 
0 120 35 14
0 10 3
cob=(2)
cfi=(51)
cfn=(1948)
calls=1 0 
0 99 31 15

fn=(4568)
0 18 5 4 2 3 0 2
cfn=(4556)
calls=1 0 
0 283 82 38 0 5 1
0 12 3 2
cob=(2)
cfi=(51)
cfn=(1948)
calls=1 0 
0 99 31 15
0 9 2 2 1 0 0 1
cob=(2)
cfi=(51)
cfn=(1948)
calls=1 0 
0 120 35 14
0 10 3 0 1 0 0 1
cob=(2)
cfi=(51)
cfn=(1948)
calls=1 0 
0 99 31 15 0 1

fn=(2588)
0 33 0 15 4 0 0 4
cfn=(2590)
calls=3 0 
0 8217 2465 1334 165 102 2 101 17 2
0 57 30 0 2 3 0 2 1
cfn=(2664)
calls=3 0 
0 165504 44907 28768 1777 349 45 70 28

fn=(2589)
0 99 0 45
cfn=(2590)
calls=9 0 
0 14177 4008 2415 3 31 0 0 2
0 171 90 0 0 7 0 0 3
cfn=(2688)
calls=3 0 
0 6 3 0 2 0 0 1
cfn=(2665)
calls=6 0 
0 59783 16563 10516 421 101 3 7 10

fn=(2674)
0 162 18 54 10 0 0 4
cfn=(2676)
calls=18 0 
0 61680 15396 10959 1309 150 45 14 1
0 126 72

fn=(2856)
0 12 2 4 2 0 0 2
cfn=(2802)
calls=1 0 
0 10 4 2
0 7 1 2
cob=(2)
cfi=(51)
cfn=(1910)
calls=1 0 
0 53 11 8 7
0 3 3 1
cfn=(2858)
calls=1 0 
0 45 22 8 6 0 0 6
0 2 0 1
cfn=(2852)
calls=1 0 
0 227 72 40 2 0 0 2
0 9 3 1 1 0 0 1
cfn=(2802)
calls=1 0 
0 10 4 2
0 7 6
cfn=(3146)
calls=1 0 
0 2632 649 397 41 12 4 41
0 8 0 4 1
cfn=(2802)
calls=4 0 
0 40 16 8
0 8 0 4
cfn=(2852)
calls=4 0 
0 908 288 160 2
0 59 12 5 1 0 0 1
cfn=(2860) void rapidjson::GenericReader<rapidjson::UTF8<char>, rapidjson::UTF8<char>, rapidjson::CrtAllocator>::ParseString<274u, rapidjson::BasicIStreamWrapper<std::istream>, stan::json::RapidJSONHandler<stan::json::json_data_handler> >(rapidjson::BasicIStreamWrapper<std::istream>&, stan::json::RapidJSONHandler<stan::json::json_data_handler>&, bool)
calls=5 0 
0 16343241 4440838 3310255 956 64121 79595 649 54 47546
0 25 5 5 3 3 0 2
cfn=(2852)
calls=5 0 
0 75 25 10 4 3 0 1
0 40 15 5
cfn=(2802)
calls=5 0 
0 408 134 74 23 3
0 10 0 5
cfn=(2852)
calls=5 0 
0 130 40 20 0 0 3
0 35 5 5 1 0 0 1
cfn=(2855)
calls=5 0 
0 299141882 91572503 53299820 30399 17793 32745 192 136 32017
0 25 5 5
cfn=(2852)
calls=5 0 
0 1520 435 205 68 69 4 4 1
0 37 15

fn=(2860)
0 95 15 45 3 0 0 2
cfn=(2802)
calls=5 0 
0 50 20 10
0 236 66 24 1 0 0 1
cfn=(2862)
calls=14 0 
0 1441 456 335 22 3 1 8 0 1
0 93 45 5 3 2 0 1
cfn=(2802)
calls=5 0 
0 587 191 106
0 15 5 5
cfn=(2864)
calls=5 0 
0 90 30 20
0 120 40 25 3 4 0 2
cfn=(1820)
calls=5 0 
0 370 83 62 21 1
0 20 5 5
cfn=(2868) stan::json::json_data_handler::key(std::__cxx11::basic_string<char, std::char_traits<char>, std::allocator<char> > const&)
calls=5 0 
0 16339604 4439779 3309546 894 64101 79593 633 54 47545
0 35 5 5 2 0 0 1
cfn=(1914)
calls=5 0 
0 470 93 62 7 7 1 1
0 15 5 0 0 3

fn=(2868)
0 137 30 48 13 2 2 4
cfn=(2870)
calls=2 0 
0 44 16 16
0 27 0 6
cfn=(2870)
calls=3 0 
0 66 24 24 2 0 2 2
0 39 18 8 5 2 0 2
cfn=(1906)
calls=4 0 
0 160 47 34 1 2 0 1
0 49 8 9 4 0 0 2
cfn=(2870)
calls=5 0 
0 476 113 92 10 3 2 1
0 20 0 5 5 0 0 2
cfn=(3040)
calls=5 0 
0 354 108 43
0 114 55 4 7 2 2 2
cfn=(3064)
calls=4 0 
0 16298834 4426922 3300783 232 63868 79483 128 4 47503
0 8 0 1 1 0 0 1
cfn=(2872)
calls=1 0 
0 174 40 33 9 1 0 9
0 99 17 40 7 4 4 4 1
cfn=(3012)
calls=5 0 
0 7412 1908 1303 186 55 33 139 3 6
0 15 0 10
cfn=(3038)
calls=5 0 
0 625 195 95 3 0 0 3
0 60 15 10 3 0 0 2
cfn=(3040)
calls=5 0 
0 354 108 43 6 9 0 5
0 18 0 1 2 0 0 2
cob=(2)
cfi=(51)
cfn=(1874)
calls=1 0 
0 19 7 2 3 1
0 7 0 2
cob=(2)
cfi=(51)
cfn=(1004)
calls=1 0 
0 199 38 30 0 1 1 0 0 1
0 6 0 4 1 0 1 1 0 1
cob=(2)
cfi=(51)
cfn=(1004)
calls=1 0 
0 59 15 8 0 1
0 5 0 3
cob=(2)
cfi=(51)
cfn=(2874)
calls=1 0 
0 27 11 6 3 1
0 2 0 1
cob=(2)
cfi=(51)
cfn=(2874)
calls=1 0 
0 27 11 6
0 5 0 2
cob=(2)
cfi=(51)
cfn=(2876)
calls=1 0 
0 9 4 1 3 1 0 1
0 3 1 1 1 0 0 1
cob=(2)
cfi=(51)
cfn=(2880)
calls=1 0 
0 22 8 3 1 0 0 1
0 2 1 1
cob=(2)
cfi=(51)
cfn=(2882)
calls=1 0 
0 21 10 2 0 1
0 3 1 2
cob=(2)
cfi=(51)
cfn=(2884)
calls=1 0 
0 185 63 31 13 11 0 10 2
0 4 1 1
cob=(2)
cfi=(51)
cfn=(2890)
calls=1 0 
0 183 63 31 2 0 0 2
0 3 1 2 1 0 0 1
cob=(2)
cfi=(51)
cfn=(2894)
calls=1 0 
0 124 44 23 4 5 0 3
0 3 1 2
cob=(2)
cfi=(51)
cfn=(2678)
calls=1 0 
0 10 5 1 1
0 2 0 1
cob=(2)
cfi=(51)
cfn=(994)
calls=1 0 
0 38 10 4 4 3 0 0 1
0 6 1 1
cfn=(2898)
calls=1 0 
0 12184 5904 4576 127 97 35 89 33 24
0 2 0 1 1 0 0 1
cob=(2)
cfi=(51)
cfn=(1026)
calls=1 0 
0 24 5 3
0 2 0 1
cob=(2)
cfi=(51)
cfn=(2678)
calls=1 0 
0 10 5 1
0 2 1 1
cob=(2)
cfi=(51)
cfn=(2678)
calls=1 0 
0 10 5 1
0 6 2 3
cob=(2)
cfi=(51)
cfn=(1004)
calls=1 0 
0 203 39 30 2 0 1 0 0 1
0 68 3 52 4 0 4 4 0 4
cob=(2)
cfi=(51)
cfn=(1004)
calls=1 0 
0 203 39 30
0 34 7 19 3 0 0 3
cfn=(2960)
calls=1 0 
0 236 51 19 10 6 0 9 3
0 6 2 2
cfn=(2960)
calls=1 0 
0 234 51 19 0 1 0 0 1
0 6 2 2 1 0 0 1
cfn=(2960)
calls=1 0 
0 253 55 19 0 2
0 6 2 2
cfn=(2960)
calls=1 0 
0 256 57 19 0 1
0 6 2 2 1 0 0 1
cfn=(2960)
calls=1 0 
0 283 63 19 0 1
0 27 4 16 3 1 0 3
cfn=(2966)
calls=1 0 
0 136 33 23 7 2 0 6
0 8 2 3
cfn=(2970)
calls=1 0 
0 6942 1704 817 90 3 16 83 1 2
0 4 0 2 1 0 0 1
cfn=(2996)
calls=1 0 
0 28 12 3 3 0 0 3
0 19 6 3 3 0 0 3
cfn=(2998)
calls=1 0 
0 4225 774 359 52 5 0 52 5
0 20 6 4 2 0 0 2
cob=(2)
cfi=(51)
cfn=(1322)
calls=1 0 
0 77 15 15
0 2 0 1
cob=(2)
cfi=(51)
cfn=(1878)
calls=1 0 
0 8 4 1 1
0 17 1 5 2 0 0 2
cfn=(3042)
calls=5 0 
0 1600 434 271 23 3 0 20
0 20 0 10
cfn=(3048)
calls=5 0 
0 2368 569 408 25 6 7 21 0 3
0 10 0 5

fn=(2902)
0 56 1 41 2 0 4 2 0 4
cfn=(2904)
calls=1 0 
0 242 57 45 8 2 1 4 1 1
0 6811 4451 3628 5 43 0 5 26

fn=(2904)
0 16 0 8 1 0 0 1
cob=(2)
cfi=(51)
cfn=(994)
calls=2 0 
0 76 20 8 0 1 0 0 1
0 24 6 4 1 0 0 1
cfn=(1906)
calls=2 0 
0 66 16 14
0 4 0 2
cob=(2)
cfi=(51)
cfn=(1026)
calls=2 0 
0 48 10 6 4 1
0 13 8 1 1 0 0 1
cob=(2)
cfi=(51)
cfn=(1874)
calls=1 0 
0 19 7 2
0 10 1 4 1 0 0 1
cob=(2)
cfi=(51)
cfn=(1322)
calls=1 0 
0 77 15 15 0 0 1 0 0 1
0 2 0 1
cob=(2)
cfi=(51)
cfn=(1878)
calls=1 0 
0 8 4 1
0 1

fn=(2972)
0 56 25 6 3 1 0 3 1
cfn=(2992)
calls=1 0 
0 243 63 52 19 2 5 13
0 21 9 1 3 0 0 3
cfn=(2974)
calls=2 0 
0 6561 1585 749 61 0 11 60 0 2

fn=(3014)
0 520 105 70 17 4 2 15

fn=(3140)
0 7375000 1500000 625000 6 0 0 6

fn=(3166)
0 82 16 34 4 0 0 4
cfn=(3164)
calls=2 0 
0 392 83 71
0 28 12 10 1 0 0 1
cfn=(3160)
calls=2 0 
0 434 88 70
0 94 24 18 3 0 0 3
cfn=(2274)
calls=2 0 
0 468 97 85 11 0 2 11
0 32 10 4 3 0 0 3
cfn=(3164)
calls=2 0 
0 254 74 40
0 44 22 0 3 0 0 3

fn=(3184)
0 34 8 6 3 2 0 3
cfn=(2848)
calls=2 0 
0 1524 458 204 3 13 0 3
0 8 4 0 2 0 0 2
cfn=(2850)
calls=2 0 
0 17141 4385 2543 23 200 4 3

fn=(3226)
0 696 48 312 3 24 72 3
cob=(2)
cfi=(51)
cfn=(1968)
calls=24 0 
0 5160 1224 792 11 336 72 0 4
0 480 120 192 2 0 0 2
cob=(2)
cfi=(51)
cfn=(1948)
calls=24 0 
0 2376 744 360 0 144 0 0 2
0 408 72 192 2 0 0 2
cob=(2)
cfi=(51)
cfn=(1968)
calls=24 0 
0 5160 1224 792
0 696 168 312 2 0 24 2
cob=(2)
cfi=(51)
cfn=(1948)
calls=24 0 
0 2376 744 360
0 361032 60360 60000 5 15072 15024 5 0 6

fn=(3398)
0 20 1 9 2 0 0 2
cob=(2)
cfi=(51)
cfn=(1822)
calls=1 0 
0 16 3
0 4 0 1
cfn=(1884)
calls=1 0 
0 57 14 10
0 3 0 1
cfn=(2346)
calls=1 0 
0 110 31 16
0 9 2 3 1 0 0 1
cob=(2)
cfi=(51)
cfn=(1822)
calls=1 0 
0 16 3
0 4 0 1
cfn=(1884)
calls=1 0 
0 57 14 10
0 4 1 1 1 0 0 1
cfn=(2574)
calls=1 0 
0 135 40 18
0 3 0 1
cfn=(2582)
calls=1 0 
0 221 59 36 0 1 0 0 1
0 14 2 1 1 0 0 1
cob=(2)
cfi=(51)
cfn=(2278)
calls=1 0 
0 217 66 36
0 12 10 0 1 0 0 1

fn=(3406)
0 21 1 10 2 0 0 2
cob=(2)
cfi=(51)
cfn=(1822)
calls=1 0 
0 16 3
0 4 0 1
cfn=(1884)
calls=1 0 
0 57 14 10
0 3 0 1 1 0 0 1
cfn=(2346)
calls=1 0 
0 110 31 16
0 9 2 3
cob=(2)
cfi=(51)
cfn=(1822)
calls=1 0 
0 16 3
0 4 0 1
cfn=(1884)
calls=1 0 
0 57 14 10
0 4 1 1 1 0 0 1
cfn=(2574)
calls=1 0 
0 135 40 18
0 9 2 3
cob=(2)
cfi=(51)
cfn=(1822)
calls=1 0 
0 16 3 0 0 1
0 4 0 1
cfn=(1884)
calls=1 0 
0 57 14 10
0 4 1 1 1 0 0 1
cfn=(2578)
calls=1 0 
0 312 82 44
0 3 1 1
cfn=(2582)
calls=1 0 
0 225 59 36 0 1
0 17 3 1 1 0 0 1
cob=(2)
cfi=(51)
cfn=(2278)
calls=1 0 
0 217 66 36
0 12 10 0 1 0 0 1

fn=(3450)
0 1148 123 328 123 40 0 3
cob=(2)
cfi=(51)
cfn=(1004)
calls=41 0 
0 2419 615 328 0 0 27
0 5164 532 942 205 41 21 5 41
cob=(2)
cfi=(51)
cfn=(3452)
calls=41 0 
0 2296 738 82 35 73 0 7 3
0 8789 2228 894 526 160 0 13

fn=(3494)
0 100277 10768 19517 8334 0 95 15
cob=(2)
cfi=(51)
cfn=(3488)
calls=673 0 
0 109699 29612 6730 1644 1332 487 3 2
0 4711 673 2692
cob=(2)
cfi=(51)
cfn=(3488)
calls=673 0 
0 70665 18844 4711
0 6730 2019 2692 672 0 0 1
cob=(2)
cfi=(51)
cfn=(3488)
calls=673 0 
0 34996 6730 4711
0 28266 8076 7403 2807 0 0 5
cfn=(3496)
calls=673 0 
0 45091 8076 6057 3149 0 0 7
0 15479 6730 2019 1345 0 0 2
cob=(2)
cfi=(51)
cfn=(3498)
calls=673 0 
0 70665 14806 2019 6266 1933 0 13 3
0 2692 1346 673 672 0 0 1
cob=(2)
cfi=(51)
cfn=(3498)
calls=673 0 
0 47110 8749 3365 3393 635 0 6
0 2019 673 673
cob=(2)
cfi=(51)
cfn=(3472)
calls=673 0 
0 37688 8749
0 2019

fn=(3522)
0 664 132 130 4 1 3 4
cob=(2)
cfi=(51)
cfn=(1946)
calls=10 0 
0 160 46 24 0 2 2 0 1
0 60 10 10
cob=(2)
cfi=(51)
cfn=(1948)
calls=10 0 
0 990 310 150 0 3
0 46 0 24 1 0 0 1
cob=(2)
cfi=(51)
cfn=(1004)
calls=12 0 
0 856 208 127 3 10 5 0 1
0 108 12 0 1 0 0 1

fn=(3540)
0 160357472 50095035 43355 8067 12544028 5801 15 4669

fn=(3612)
0 14718 2676 4014 1308 0 0 2
cob=(2)
cfi=(51)
cfn=(3170)
calls=1338 0 
0 8028 2676 0 653
0 9366 0 1338 83 0 0 1
cfn=(3596)
calls=1338 0 
0 103966 23569 15789 669 54 143
0 8028 4014 2676

fn=(3644)
0 12749 1342 5368 132 0 0 2
cfn=(3646)
calls=671 0 
0 419461495 134063089 59691822 222717 25653377 1319741 405 81911
0 71141 18107 9394 2013 1845 0 3 666
cob=(2)
cfi=(51)
cfn=(4298)
calls=5 0 
0 260 85 35
0 35 10 5 5 10 0 1 5
cfn=(1820)
calls=5 0 
0 950 210 135 59 19 7 0 15
0 15 0 5
cfn=(4394)
calls=5 0 
0 8530 2890 1345 333 150 5 14 32
0 45 25 5 0 1
cob=(7)
cfi=(175)
cfn=(4304)
calls=5 0 
0 15 10
0 15 0 5
cfn=(1820)
calls=5 0 
0 1015 235 155 15 6
0 15 0 5 5 0 0 1
cfn=(4394)
calls=5 0 
0 7615 2605 1190
0 40 15 5
cfn=(1820)
calls=5 0 
0 1010 235 155 0 10 0 0 10
0 15 0 5
cfn=(4394)
calls=5 0 
0 7615 2605 1190
0 40 15 5 5 0 0 1
cfn=(1820)
calls=5 0 
0 970 215 135 0 10 0 0 10
0 15 0 5
cfn=(4394)
calls=5 0 
0 7615 2605 1190
0 40 15 5
cfn=(1820)
calls=5 0 
0 340 65 55 0 5 0 0 5
0 15 0 5 5 0 0 1
cfn=(4394)
calls=5 0 
0 6525 2345 1050
0 30 10 10 0 5 5 0 5
cob=(2)
cfi=(51)
cfn=(4324)
calls=5 0 
0 1560 485 210 11 4
0 20 5 5 5 0 0 1
cob=(2)
cfi=(51)
cfn=(1948)
calls=5 0 
0 495 155 75 3 1
0 20 5 5
cob=(2)
cfi=(51)
cfn=(1948)
calls=5 0 
0 495 155 75
0 20 5 5 5 0 0 1
cob=(2)
cfi=(51)
cfn=(1948)
calls=5 0 
0 495 155 75
0 20 5 5 5 0 0 1
cob=(2)
cfi=(51)
cfn=(1948)
calls=5 0 
0 495 155 75
0 5

fn=(3656)
0 19459 2684 8052 997 0 181 3
cfn=(3528)
calls=671 0 
0 6039 2684 1342 49
0 24156 7381 6710 2323 74 23 4 1
cfn=(3528)
calls=671 0 
0 6039 2684 1342
0 20130 3355 3355 127 633 369 2
cob=(2)
cfi=(51)
cfn=(3452)
calls=671 0 
0 37588 12041 1352 1071 1414 43 5 163
0 12078 2013 4697 378 0 0 1
cfn=(3528)
calls=671 0 
0 6039 2684 1342
0 10736 2013 4697 1328 1 0 2
cfn=(3530)
calls=671 0 
0 987041 225456 187209 23865 2540 7542 0 665
0 2684 0 671
cfn=(3532)
calls=671 0 
0 19459 6710 5368 834
0 5368 2013 1342 671 1338 0 1 1332
cfn=(3534)
calls=671 0 
0 404186 87918 60390 17251 7942 97 5 1029
0 2013 0 671
cfn=(3532)
calls=671 0 
0 19459 6710 5368
0 7381 1342 3355 77 0 0 1
cfn=(3494)
calls=671 0 
0 576389 125477 63074 28214 3888 582
0 6039 1342 1342 657 0 0 1
cfn=(3534)
calls=671 0 
0 403936 87871 60390 30 9 355 2
0 17446 4697 5368 1294 0 0 2
cfn=(3528)
calls=671 0 
0 6039 2684 1342
0 5368 1342 2013
cfn=(3532)
calls=671 0 
0 19459 6710 5368
0 6039 1342 671 671 0 0 1
cfn=(3536)
calls=671 0 
0 413873686 132587051 58708803 82351 25563111 1300590 250 68607
0 1998 0 666
cfn=(3532)
calls=666 0 
0 19314 6660 5328 0 833 666
0 1998 0 666
cfn=(3532)
calls=666 0 
0 19314 6660 5328
0 1332 0 666
cfn=(3542)
calls=666 0 
0 77256 21978 13320 3435 2664 1332
0 19404 8007 4026 718 1332 46 2
cfn=(3528)
calls=671 0 
0 6039 2684 1342 0 0 22
0 4712 1342 1347 681 0 0 3
cob=(2)
cfi=(51)
cfn=(4298)
calls=5 0 
0 260 85 35 15 8 0 3
0 30 5 5 0 5 0 0 5
cfn=(1820)
calls=5 0 
0 805 185 120 45 14 8 4 5
0 15 0 5
cfn=(4302)
calls=5 0 
0 550776 98451 53142 770 433 56 36 161
0 35 10 5 5 1 0 1
cob=(2)
cfi=(51)
cfn=(1948)
calls=5 0 
0 495 155 75 0 1
0 5 0 5
cob=(2)
cfi=(51)
cfn=(4324)
calls=5 0 
0 3231 1014 478 47 36 1 9
0 10 0 5
cob=(2)
cfi=(51)
cfn=(4284)
calls=5 0 
0 62325 10765 5710 0 2 4
0 50 0 0 17 0 0 2

fn=(3666)
0 125 38 22 6 0 1 6
cfn=(3596)
calls=1 0 
0 57 14 8 1
0 3 0 1

fn=(4408)
0 86436 15876 16758 1876 3621 3138 4
cfn=(3614)
calls=882 0 
0 80262 18522 14112 580 608 2918
0 3528 0 882
cfn=(3614)
calls=882 0 
0 80262 18522 14112 0 637 2965
0 10584 7056 882

fn=(4452)
0 960 80 400 41 0 0 1
cfn=(4454)
calls=80 0 
0 414388078 132214269 59036371 277676 25127376 1328663 24052 87757
0 2200 960 160 163 162 0 163
cob=(2)
cfi=(51)
cfn=(3498)
calls=40 0 
0 5136 1231 120 326 161 0 2 20
0 400 120 80 3 0 0 3
cob=(2)
cfi=(51)
cfn=(3452)
calls=40 0 
0 2240 720 80 4 34 0 0 1
0 200 0 80
cfn=(4484)
calls=40 0 
0 17904 6038 2650 450 250 0 14
0 80

fn=(4460)
0 18336 3438 5157 911 160 42 3 160
cfn=(3636)
calls=573 0 
0 168424 34109 30082 246 157 1724
0 6876 1146 2865 80 0 0 1
cfn=(3664)
calls=573 0 
0 72198 18909 7449 240
0 1146 573 573
cob=(2)
cfi=(51)
cfn=(3170)
calls=573 0 
0 52143 16617 8595
0 4584 1719 573
cfn=(4462)
calls=573 0 
0 359438389 114936015 51176775 190047 21994987 1130558 12 67213
0 8022 2292 573 1146 1717 0 1 1142
cfn=(3636)
calls=573 0 
0 63603 16617 12033 1148 1144 429 0 1142
0 5730 573 2292 573 0 421 1
cfn=(3664)
calls=573 0 
0 72198 18909 7449 1148 1713
0 1146 573 573
cob=(2)
cfi=(51)
cfn=(3170)
calls=573 0 
0 52143 16617 8595
0 6303 5157 0 573 723 0 1

fn=(4492)
0 21 3 9 2 0 0 2
cfn=(1884)
calls=1 0 
0 129 31 21 0 2 0 0 1
0 3 0 1
cfn=(3282)
calls=1 0 
0 691 239 117
0 6 2 1 1 0 0 1
cob=(2)
cfi=(51)
cfn=(1948)
calls=1 0 
0 99 31 15
0 2 0 1
cob=(2)
cfi=(51)
cfn=(2114)
calls=1 0 
0 854 262 198 9
0 8 3 1
cob=(2)
cfi=(51)
cfn=(2218)
calls=1 0 
0 244 60 41 5 1 1
0 3 0 1
cfn=(3282)
calls=1 0 
0 701 242 119 6 0 1
0 7 2 1 1 0 0 1
cob=(2)
cfi=(51)
cfn=(1948)
calls=1 0 
0 99 31 15 1
0 2 0 1
cob=(2)
cfi=(51)
cfn=(2226)
calls=1 0 
0 200 63 39 4
0 15 11 1 1 0 0 1
cob=(2)
cfi=(51)
cfn=(2118)
calls=1 0 
0 2113 485 337 42 0 3
0 105 51 25
cob=(2)
cfi=(51)
cfn=(2118)
calls=25 0 
0 51196 11525 8111 5
0 175 25 25 1 0 0 1
cob=(2)
cfi=(51)
cfn=(2610)
calls=25 0 
0 3526 1175 675 1 1 1 0 1
0 50 25

fn=(4496)
0 8 3 1 2 0 0 2

fn=(4512)
0 4400 880 880 168 0 0 4
cob=(2)
cfi=(51)
cfn=(1946)
calls=80 0 
0 1120 320 160
0 480 80 80
cob=(2)
cfi=(51)
cfn=(1948)
calls=80 0 
0 7920 2480 1200
0 320 0 160 80 0 0 1
cob=(2)
cfi=(51)
cfn=(1004)
calls=80 0 
0 4720 1200 640 0 40
0 720 80 0 80 0 0 1

fn=(4614)
0 28 5 5 3 2 0 3
cob=(2)
cfi=(51)
cfn=(1948)
calls=1 0 
0 120 35 14 0 2
0 8 2
cob=(2)
cfi=(51)
cfn=(1948)
calls=1 0 
0 148 44 18

fn=(4696)
0 9 2 2 1 0 0 1
cfn=(3021)
calls=1 0 
0 12 4 2
0 4 1
cob=(2)
cfi=(51)
cfn=(1948)
calls=1 0 
0 118 35 14

totals: 753937636 234433804 119643137 360524 25958449 1577750 32769 103728 99110
