# callgrind format
version: 1
creator: callgrind-3.18.1
pid: 366557
cmd:  /home/m0hawk/Documents/apin/stan/build/lsat_model__default/model id=1 data file=/home/m0hawk/Documents/apin/stan/data/lsat_model.json random seed=20260819 output file=/home/m0hawk/Documents/apin/stan/results/profile/lsat_model/chain.csv method=sample num_warmup=40 num_samples=40 save_warmup=0
part: 1


desc: I1 cache: 32768 B, 64 B, 8-way associative
desc: D1 cache: 32768 B, 64 B, 8-way associative
desc: LL cache: 67108864 B, 64 B, direct-mapped

desc: Timerange: Basic block 0 - 2416954213
desc: Trigger: Program termination

positions: line
events: Ir Dr Dw I1mr D1mr D1mw ILmr DLmr DLmw
summary: 13951128393 3449016433 2240136387 2898130 305444571 144643011 198943 70377 179995


ob=(4) /usr/lib/x86_64-linux-gnu/libm.so.6
fl=(133) ./math/../sysdeps/x86_64/fpu/multiarch/e_expf.c
fn=(426) expf@@GLIBC_2.27
27 1 0 0 1 0 0 1
fi=(130) ./math/../sysdeps/x86_64/fpu/multiarch/ifunc-fma.h
+2 4 2 0 1 0 0 1
+1 3 1
fe=(133)
-3 1 1

fl=(144) ./math/../sysdeps/x86_64/fpu/multiarch/s_fma.c
fn=(466) fma
49 6 3 0 1 0 0 1

fl=(385) ./math/../sysdeps/ieee754/dbl-64/e_log10.c
fn=(3712) __log10_finite@GLIBC_2.15
59 3 0 0 3
+8 3
-3 3
+3 6
+8 3 0 0 3 0 0 1
+3 9
+2 3
+3 3
-24 3 0 0 3 0 0 1
+21 6
+1 9
+2 6
-1 15
+5 6
-4 3 0 3 3 0 0 1
+4 3 0 3 0 0 1
cob=(2) ???
cfi=(51) ???
cfn=(3452) 0x0000000004adc2e0
calls=3 -87 
* 147 36 0 18 15
* 15 9 0 0 6 0 0 2
+1 3 3
+1 3
-2 3
+1 3
+1 3 3

fl=(131) ./math/../sysdeps/x86_64/fpu/multiarch/e_exp.c
fn=(422) __exp_finite@GLIBC_2.15
27 1 0 0 1 0 0 1
fi=(132) ./math/../sysdeps/x86_64/fpu/multiarch/ifunc-avx-fma4.h
+5 5 2
+1 2 1
fe=(131)
-6 1 1 0 1 0 0 1

fl=(386) ./math/../sysdeps/ieee754/dbl-64/math_err.c
fn=(3744) with_errno.constprop.0
29 30 15 15 4 12 2 1
+2 15 15

fn=(3730) __math_check_uflow
84 21 0 0 7 0 0 1
+1 63 21
+1 13 13
-1 8
cfn=(3744)
calls=8 -56 
* 24 16 8 4 5 2 1

fn=(3758) xflow
40 28
+1 7
cfn=(3744)
calls=7 -12 
* 21 14 7 0 7

fn=(3756) __math_uflow
46 7 0 0 7
+1 14 7 0 0 7
cfn=(3758)
calls=7 -7 
* 56 14 7 0 7

fl=(288) ./math/../sysdeps/x86_64/fpu/e_logl.S
fn=(1868) __ieee754_logl
30 1 0 0 1 0 0 1
+1 1
+1 1 1
+1 1
+1 1
+1 1
+1 1
+1 1
+1 1 1
+1 1
+1 1 0 0 1 0 0 1
+1 1 1 0 0 1 0 0 1
+1 1
+1 1
+1 1 1 0 0 1 0 0 1
+1 1
+1 1
+1 1
+11 1
+1 1
+1 1 1

fl=(146) ./math/../sysdeps/x86_64/fpu/multiarch/e_atan2.c
fn=(476) __atan2_finite@GLIBC_2.15
26 1 0 0 1 0 0 1
fi=(132)
+6 5 2 0 1 0 0 1
+1 2 1
fe=(146)
-7 1 1

fl=(174) ???
fn=(4324) 0x000000000000e3b0
0 5 1 0 2

fn=(606) 0x000000000000e460
0 12 1 0 3 0 0 3

fn=(4314) 0x000000000000e420
0 9 3 2 2 2
cob=(2)
cfi=(51)
cfn=(4320) 0x0000000004adc1e0
calls=1 0 
0 131 30 12 1 0 0 1
0 1 0 1
cfn=(4324)
calls=1 0 
0 5 1 0 2
0 3 2 1

fl=(376) ./math/../sysdeps/ieee754/dbl-64/e_exp.c
fn=(3430) __ieee754_exp_fma
98 26417 0 0 123 0 0 1
-10 26417
fi=(377) ./math/../sysdeps/ieee754/dbl-64/math_config.h
-21 26417
fe=(376)
+21 26417 0 0 43 0 0 1
+16 26417
+1 79251
+30 105552 52776 0 0 19117 0 0 1
+16 26388 26388 0 0 19117 0 0 1
fi=(377)
-84 26388
fe=(376)
+70 26388 0 0 43 0 0 1
+14 26388 26388
-12 26388 26388
+2 26388
+1 26388
-3 26388 26388
+2 26388
+1 26388
+9 26388 26388
-10 26388
+10 26388 26388 0 0 24543 0 0 32
-6 26388 26388 0 43 0 0 1
+3 26388
+3 105552 26388
+1 52776
fi=(377)
-73 26367
fe=(376)
+78 52734 26367
-49 100
+4 56
+2 21 0 0 7
+2 14
+3 7
-1 14
-67 42 0 0 3 0 0 1
fi=(377)
+28 21
fe=(376)
-16 21 21 0 0 16
fi=(377)
+16 42
fe=(376)
-17 42
+1 42
+17 12 12 0 0 10
fi=(377)
+48 12
cfi=(386)
cfn=(3730)
calls=12 -44 
* 60 24 0 6
* 9
cfi=(386)
cfn=(3730)
calls=9 -44 
* 69 26 8 5 5 2 2
fe=(376)
-4 42 0 0 12 0 0 1
-53 9 0 0 5 0 0 1
-1 9
+5 9
-5 9
+2 27
+1 18
+2 27
+5 2 1 0 0 1 0 0 1
-2 27 0 0 5 0 0 1
+33 44 44 0 17
fi=(377)
+10 24 8 0 4 5
fe=(376)
-2 7 0 0 7
cfi=(386)
cfn=(3756)
calls=7 -73 
* 77 21 7 7 14

fl=(289) ./math/./math/w_sqrtl_compat.c
fn=(1872) sqrtl
32 3 1 0 1 0 0 1
+1 3
+3 1 0 1
+1 1
-1 1
cfi=(290) ./math/../sysdeps/x86/fpu/e_sqrtl.c
cfn=(1874) __sqrtl_finite@GLIBC_2.15
calls=1 -12 
* 4 2 0 1 0 0 1

fl=(140) ./math/../sysdeps/x86_64/fpu/multiarch/e_log2f.c
fn=(450) log2f@@GLIBC_2.27
27 1 0 0 1 0 0 1
fi=(130)
+2 4 2
+1 3 1 0 1 0 0 1
fe=(140)
-3 1 1

fl=(143) ./math/../sysdeps/x86_64/fpu/multiarch/s_sinf.c
fn=(462) sinf
26 1 0 0 1 0 0 1
fi=(130)
+3 4 2
+1 3 1
fe=(143)
-4 1 1

fl=(384) ./math/./math/w_log10_compat.c
fn=(3710) log10
29 3 0 0 3 0 0 1
+1 9
+14 3
cfi=(385)
cfn=(3712)
calls=3 +15 
* 261 51 6 30 21 1 3 2

fl=(129) ./math/../sysdeps/x86_64/fpu/multiarch/s_cosf.c
fn=(418) cosf
26 1 0 0 1 0 0 1
fi=(130)
+3 4 2 0 1 0 0 1
+1 3 1
fe=(129)
-4 1 1

fl=(138) ./math/../sysdeps/x86_64/fpu/multiarch/e_pow.c
fn=(446) __pow_finite@GLIBC_2.15
27 1 0 0 1 0 0 1
fi=(139) ./math/../sysdeps/x86_64/fpu/multiarch/ifunc-fma4.h
+4 4 2
+1 2 1
fe=(138)
-5 1 1

fl=(380) ./math/./w_log1p_template.c
fn=(3470) log1p
24 38414565 0 0 3842 0 0 1
+1 115243695 38414565 0 0 45972
+8 38414565
cfi=(381) ./math/../sysdeps/ieee754/dbl-64/s_log1p.c
cfn=(3472) __log1p
calls=38414565 +71 
* 2604493280 430288906 0 67323 267772 0 14 6

fl=(285) ./math/./s_ldexp_template.c
fn=(1852) ldexpl
22 6 2 0 1 0 0 1
+1 24 2 0 1 0 0 1
+4 4 2
-3 6 0 4
cfi=(286) ./math/../sysdeps/x86_64/fpu/s_scalbnl.S
cfn=(1854) __scalbnl
calls=2 -17 
* 14 6 2
+1 28 6 0 1 0 0 1

fl=(136) ./math/../sysdeps/x86_64/fpu/multiarch/s_sincosf.c
fn=(438) sincosf
26 1 0 0 1 0 0 1
fi=(130)
+3 4 2 0 1 0 0 1
+1 3 1
fe=(136)
-4 1 1

fl=(142) ./math/../sysdeps/x86_64/fpu/multiarch/e_asin.c
fn=(468) __asin_finite@GLIBC_2.15
27 1 0 0 1 0 0 1
fi=(139)
+4 4 2
+1 2 1
fe=(142)
-5 1 1

fn=(458) __acos_finite@GLIBC_2.15
35 1 0 0 1 0 0 1
fi=(139)
-4 4 2
+1 2 1 0 1 0 0 1
+3 1 1
fe=(142)

fl=(284) ./math/../sysdeps/ieee754/ldbl-96/s_frexpl.c
fn=(1848) frexpl
43 1 0 0 1 0 0 1
+2 2 2
+2 3 0 1 1 0 0 1
-1 4
+2 5
+1 2
-4 2
+12 1 1
-1 1
-1 1
+1 1 0 0 1 0 0 1
-1 1 0 1
+2 3 1 2
+2 1 1

fl=(135) ./math/../sysdeps/x86_64/fpu/multiarch/e_logf.c
fn=(434) logf@@GLIBC_2.27
27 1 0 0 1 0 0 1
fi=(130)
+2 4 2
+1 3 1
fe=(135)
-3 1 1

fl=(378) ./math/./w_log_template.c
fn=(3450) log@@GLIBC_2.29
31 4 0 0 2 0 0 1
+1 12
+9 4 0 0 2 0 0 1
cob=(2)
cfi=(51)
cfn=(3452)
calls=4 -41 
* 163 38 0 13 10 0 7 5

fl=(145) ./math/../sysdeps/x86_64/fpu/multiarch/e_exp2f.c
fn=(472) exp2f@@GLIBC_2.27
27 1 0 0 1 0 0 1
fi=(130)
+2 4 2
+1 3 1 0 1 0 0 1
fe=(145)
-3 1 1

fl=(151) ./math/../sysdeps/x86_64/fpu/multiarch/s_floor.c
fn=(496) floor
31 1 0 0 1 0 0 1
fi=(405) ./math/../sysdeps/x86_64/fpu/multiarch/ifunc-sse4_1.h
-2 5 2 0 0 2
fe=(151)
+2 1 1

fl=(290)
fn=(1874)
24 1 0 0 1 0 0 1
+1 2 1
+1 1 1

fl=(388) ./math/../sysdeps/ieee754/dbl-64/e_pow.c
fn=(3752) __ieee754_pow_fma
283 40 0 0 40
45 80
fi=(377)
+22 40 0 0 40 0 0 1
fe=(388)
-22 40
fi=(377)
+22 40
fe=(388)
-22 40
292 40
45 40
292 120
-8 40
+8 160
62 40 0 0 40 0 0 1
+5 40
+10 40 40 0 0 40
+11 40 40 0 0 40 0 0 1
-26 40
+28 40 40
+22 40 40 0 0 40 0 0 1
-49 40
+1 40
+48 80 80 0 40 0 0 1
-48 40
-1 40
+4 40
+3 40
-5 80
+5 40
-5 40
+5 120
+7 40
+11 40 40 0 0 40 0 0 20
-11 40 40 0 40 0 0 1
+18 40 40
-5 40 40
+22 80 80
-23 40
+7 40
-5 40
+6 40
+4 40
-10 40
+21 40 40 0 40 0 0 1
-12 40
+2 40
+10 40
-10 40
+10 40
+1 160
+1 40
+1 80
369 40
+1 40 0 0 40 0 0 1
45 40
fi=(377)
+22 40
fe=(388)
-22 40
193 40
+1 40
370 40
194 80
+31 156 78 0 39 39 0 1
+18 39 39 0 0 39
fi=(377)
67 39
fe=(388)
227 39
+2 39 39
+4 39
+1 39
-5 39 39
+4 39
+1 39
-1 39
+4 39 39 0 39 39 0 1
-6 39
+12 117 117
-3 39
+3 156 39
+1 78 0 0 39
fi=(377)
79 39
fe=(388)
249 78
380 80 40 0 1 0 0 1
197 2 0 0 1 0 0 1
+4 1 1 0 1 1 0 1
+1 2

fl=(375) ./math/./w_exp_template.c
fn=(3426) exp@@GLIBC_2.29
31 52834 0 0 7725 0 0 1
+1 52834 0 52834 14 0 237 1
cob=(2)
cfi=(51)
cfn=(3428) 0x0000000004adc380
calls=26417 -32 
* 1003886 316821 15 373 81991 2 11 35
+1 264170 105668 0 0 19107
+4 52834 26417
-4 45 0 0 9 0 0 1
+2 30 15 15
+1 15

fl=(286)
fn=(1854)
7 2
+1 2 0 2
+1 2 2
+1 2 2
+1 2
+1 2
+1 2 2

fl=(287) ./math/./math/w_logl_compat.c
fn=(1866) logl
29 3 1 0 1 0 0 1
+1 5
+14 1 0 1 1 0 0 1
+1 1
-1 1
cfi=(288)
cfn=(1868)
calls=1 -14 
* 21 5 0 2 2 0 2 2

fl=(282) ./math/./math/w_expl_compat.c
fn=(1834) expl
30 50 0 0 1 0 0 1
+4 75 50 75
cfi=(283) ./math/../sysdeps/x86_64/fpu/e_expl.S
cfn=(1836) __expl_finite@GLIBC_2.15
calls=25 +45 
* 1141 219 48 4 1 0 4 1
+1 350 75 0 1 1 0 1 1
+6 50 25

fl=(137) ./math/../sysdeps/x86_64/fpu/multiarch/e_powf.c
fn=(442) powf@@GLIBC_2.27
30 1 0 0 1 0 0 1
fi=(130)
-1 4 2
+1 4 2
fe=(137)

fl=(381)
fn=(3472)
104 38414565 0 0 3921
+4 115243695
+4 76829130 0 0 7266 0 0 1
-3 46066436
+5 46066436
+7 46066436
+11 69099399
+37 23033133 23033133 0 4 7727
-35 23033133
+35 46066266
+18 46066266 23033133 0 0 7727
+2 23033133 23033133 0 0 7727
-2 46066266
+3 23033133 23033133
-2 46066266
+2 23033133
-1 46066266 0 0 4
+1 23033133 23033133
-1 23033133
+4 23033133
-3 46066266
+3 23033133
-2 92132532 46066266
+1 46066266 46066266 0 4 7727
+1 92132532
+2 46066266
-1 46066266
-7 30762622 15381311 0 7678 38159 0 1 1
+2 15381311 15381311 0 0 38159 0 0 1
-2 30762622
+3 15381311 15381311
-2 30762622
+2 15381311
-1 30762622 0 0 7678 0 0 1
+1 15381311 15381311
-1 15381311
+4 15381311
-3 30762622
+3 15381311
-2 61525244 30762622
+1 30762622 30762622 0 0 38159 0 0 1
+1 61525244
+2 30762622
-1 30762622
+1 69099399 23033133
-58 30762694 0 0 15272 0 0 2
+4 30762694
+15 15381347
+1 30762694
+2 31347756 0 0 2070
+8 5224626
+2 5224626 5224626 0 0 12362
-2 5224626
+2 10449252
+1 10449252
-3 10156721 0 0 2007 0 0 1
+2 10156721 10156721 0 0 25798 0 0 1
-2 10156721
+2 20313442
+1 20313442
+2 144
+35 58 58 0 15
-43 20313442 0 0 7318 0 0 1
-1 10156721
+1 40626884
+1 50783605
-22 46144041 15381347 0 7667 38407 0 1
+1 15381347
+2 15381347
-2 30762694
+1 30762694
+1 55709122
+1 46144041 0 0 2203 0 0 1
+34 144 36 0 0 1
+1 72
+22 169194421 30762622 0 3934 45658 0 1 1
+3 15381311 15381311
-61 21197613 0 0 145
+39 396 108 0 60 1 0 2
-62 170 85 0 55 85 0 1 1
+3 85
-2 170
+2 260 128 0 4 52 0 1
+4 92 46 0 18 23

fl=(283)
fn=(1836)
79 25 0 0 1 0 0 1
+7 25 25
+5 25
+36 25 25
+1 25 0 0 1 0 0 1
+1 25
+1 25
+1 25
+1 25
+2 1
+1 1
+1 1
+16 24 0 0 1 0 0 1
+1 24
+2 48 0 24
+1 24
+1 24 24
+1 24 0 24
+1 24 24
+1 24
+1 24
+1 24
+1 24 24
+1 24
+1 24 24 0 0 1 0 0 1
+1 24
+1 24
+1 24
+1 24
+1 24
+1 24
+1 24
+1 24 24
+1 24
+1 24
+1 24
+12 24
+1 24
+1 24
+1 24
+1 24
+1 120 24
+2 24
+1 24
+13 25 25 0 1 0 0 1

fl=(387) ./math/./w_pow_template.c
fn=(3748) pow@@GLIBC_2.29
31 80 0 0 40
+1 120 0 120 40 0 0 1
cob=(2)
cfi=(51)
cfn=(3750) 0x0000000004adc300
calls=40 -32 
* 4296 991 0 439 318 0 12 22
+1 320 160 0 0 39
+12 160
+4 80 40 0 40 0 0 1

fl=(141) ./math/../sysdeps/x86_64/fpu/multiarch/e_log.c
fn=(454) __log_finite@GLIBC_2.15
27 1 0 0 1 0 0 1
fi=(132)
+5 5 2
+1 2 1
fe=(141)
-6 1 1 0 1 0 0 1

fl=(134) ./math/../sysdeps/x86_64/fpu/multiarch/s_sin.c
fn=(430) cos
34 1 0 0 1 0 0 1
fi=(132)
-2 5 2 0 1 0 0 1
+1 2 1
fe=(134)
+1 1 1

fn=(480) sin
27 2 0 0 1 0 0 1
fi=(132)
+5 10 4
+1 4 2 0 0 1
fe=(134)
-6 2 2

fl=(147) ./math/../sysdeps/x86_64/fpu/multiarch/s_ceil.c
fn=(488) ceil
31 1 0 0 1 0 0 1
fi=(405)
-2 5 2 0 1 2 0 1
fe=(147)
+2 1 1

fl=(379) ./math/../sysdeps/ieee754/dbl-64/e_log.c
fn=(3454) __ieee754_log_fma
49 7 0 0 5 0 0 1
fi=(377)
+18 7
fe=(379)
-28 7
+22 21 0 0 5 0 0 1
-22 7
+22 14
+24 18
+17 6
+17 6
-14 6
+9 6 6 0 5 5 0 1 1
-12 6
+20 6 6 0 0 5 0 0 1
+8 6 6 0 0 5 0 0 1
-27 6
+2 6
-1 6
+26 6 6
-27 6
+16 6
-14 6
+1 12
+8 6
-8 18 0 0 5 0 0 1
+8 6 6 0 0 5 0 0 2
+8 6 6
+8 6 6
-7 6
+4 6
-3 18 6
+6 36 12 0 5 0 0 1
+1 6 6
-66 3
+1 1 0 0 1 0 0 1
+66 1 1

ob=(1) /usr/lib/x86_64-linux-gnu/ld-linux-x86-64.so.2
fl=(79) ./elf/./elf/dl-lookup.c
fn=(288) check_match
70 2724 0 2724 18 0 0 1
+3 2724 2724 0 0 458 0 0 223
-3 32688 5448 10896 0 0 5 0 0 1
+3 10840 2724 0 0 283 0 0 192
+13 2696
-13 2696 0 0 9 0 0 1
+13 2696
-13 2696
+13 8088
+3 7336 972 486 0 0 16 0 0 1
cfi=(32) ./string/../sysdeps/x86_64/strcmp.S
cfn=(90) strcmp
calls=486 +19 
* 35924 5361 0 94 656 0 20 331
* 972
+4 2696 2696 0 0 31
+1 5392
+2 5138 0 0 9 0 0 1
+19 5138 5138 0 0 353 0 0 50
+1 20552 7707 0 0 80
+2 34 17
+1 12
-41 2684 0 0 8 0 0 1
+84 16104 16104
-18 254
+2 254 254 0 0 20 0 0 1
+1 127
-1 254
+1 381
-1 254
+4 2
+1 7 3 1
+2 3 1 1
+2 1
+7 6 6
-7 11
+7 234 234
-45 7656 5104 2552 9 28 17 1 0 1
cfi=(32)
cfn=(90)
calls=2552 -9 
* 76329 18356 0 36 200 0 0 1
* 5104 0 0 11 0 0 1
-44 112
+82 56

fn=(284) _dl_lookup_symbol_x
840 27210 0 16326 14 0 18 1 0 2
+10 2721 2721
-10 5442 0 5442 0 0 17 0 0 2
+10 2721
-10 2721 0 2721 8 0 0 1
+10 2721 0 2721 0 0 15 0 0 2
204 2721 2721
840 2721 0 2721
204 13605 2721 5442 0 0 4
581 10884 2721 0 0 1288 0 0 878
-1 5442
+2 2721 0 0 9 0 0 1
-1 2721
+1 8163
-1 8163 2721 0 0 27 0 0 21
+1 107632
-1 107632
+1 322896
-1 322896 107632 0 0 1193 0 0 964
+2 2721
846 2721 0 2721 0 0 14
-4 2721
+1 2721
+7 2721 2721
-8 2721 0 2721
+1 2721 0 2721
+7 10395 2558 0 11 0 0 1
+3 2721 2721
+2 5442 5442 0 0 23
-2 2721
+6 5442
-7 16326 2721 2721 12 0 0 1
+7 180 36
+1 38094 16326 19047 12 0 20 1 0 3
cfn=(286) do_lookup_x
calls=2721 363 
* 1126838 355531 129502 392 8189 188 65 1788 49
* 8163
+28 2721 2721
-23 2721 2721
+23 2721
-23 5442
+24 16094 2681
+7 2685 2685 0 18 0 0 1
-7 2685
+40 10740 2685
+79 5370 2685
-65 8055 2685 0 0 67
+3 8055 2685
-62 2716 0 2716 10 0 0 1
+69 24444 19012
-86 196 31 0 3 0 0 1
+1 10 5
+3 20 10 0 2 0 0 1
+1 5 5
+6 5 5
-6 5
+5 40 0 5 2
cfi=(225) ./elf/./elf/dl-exception.c
cfn=(1088) _dl_exception_create_format
calls=5 107 
* 4875 724 416 63 20 4 12 2 4
+4 20 0 5
cfi=(52) ./elf/./elf/dl-error-skeleton.c
cfn=(1092) _dl_signal_cexception
calls=5 133 
* 285 105 40 26 0 0 8
+4 93 0 0 1 0 0 1
+59 2 0 1 1 0 0 1
-66 30 10 0 3 1 0 1
-6 5 0 0 4 0 0 1
+2 10

fn=(286)
363 21768 0 16326 23 0 20 2 0 3
+1 2721 2721 0 0 14
-1 13605 5442 8163 0 0 23 0 0 2
+48 2721
-30 5442 0 2721
-11 2721 2721
+41 2721
-30 8163 2721 2721 11 0 27 1 0 3
+30 2721 0 2721
fi=(80) ./elf/../sysdeps/generic/dl-protected.h
44 8163
fe=(79)
381 2721 0 2721
fi=(80)
44 10884 0 5442
fe=(79)
395 33678 11226 0 11 56 0 1
+4 11226 0 11226
+4 11226 11226 0 0 92
-3 11226 0 11226
+3 44904 22452 0 0 102
+1 33678 22452 11226 11 48 0 1
+3 11226 11226
+1 22452
+7 11226 11226
-3 22452 22452
-2 11226 11226 0 0 1466 0 0 121
+5 44904 11226
+3 78582
570 25731
374 22524 22524 0 8 145 0 1
+3 22524
+4 22818 147 0 0 3
+4 22452 11226 0 0 86
+4 22452 11226 0 7 10 0 1
+88 5370 2685 0 8 0 0 1
fi=(4) ./elf/../sysdeps/generic/ldsodefs.h
137 5370 2685 0 10 0 0 1
+1 8055
fe=(79)
528 5370
fi=(80)
29 5370
fe=(79)
535 14240 2685
+16 5126 2563 2563
+1 2563 0 2563
+1 5370
422 12072 0 0 8 0 0 1
-1 6036 6036 0 0 1665 0 0 240
+2 6036
+2 35424 8856 14760 8 0 0 1
+13 12849
-10 34835 6967 0 9 2236 0 1 552
+3 2724
-1 5448 2724
+1 2724 2724 2724
-1 2724
+2 5448
-1 32688 10896 13620 8 0 34 1 0 3
cfn=(288)
calls=2724 70 
* 260875 72849 16660 194 2109 38 26 798 3
+4 8172
+3 80 40
573 36
+1 21768 19047 0 9 0 0 1
-35 5247 1749 0 12 9 0 1
222 366 122 0 1 0 0 1
+2 610 122 122
-2 122 0 122
+2 366 0 122
+2 122
-2 366 122 244 1 2 0 1
cfi=(24) ./elf/../sysdeps/nptl/dl-tls_init_tp.c
cfn=(84) rtld_mutex_dummy
calls=122 42 
* 366 122
+2 122 122 0 0 2 0 0 1
+1 122 122
+1 244 122
-2 122 0 122
+2 122
+2 242
+1 121
-1 605 121 363 1 0 0 1
+1 121
-1 121
+1 242
-1 605 0 121
+1 242
-1 1111 187 0 1 0 0 1
+24 426
+3 132
+1 396
-24 253 253 0 0 69 0 0 23
+1 253 253
-1 506
+1 80 40 40
cfi=(32)
cfn=(90)
calls=40 108 
* 2781 488
* 80
+2 200 120 0 1 0 0 1
+10 40 40
+1 80 80
+2 160 80 120
cfi=(24)
cfn=(84)
calls=40 42 
* 120 40
+1 40
469 537 269 0 9 0 0 1
+2 2
262 1134 405
+62 492 164 0 1 0 0 1
-1 574 246
+19 410 82 82 1 0 0 1
+5 164 164 82 0 1
cfi=(24)
cfn=(84)
calls=82 42 
* 246 82
+2 328 164 82
176 518 0 0 1 0 0 1
-2 84
+1 252
-3 332 166 0 1 2 0 1 2
+7 82 0 82
+3 82 0 82 0 0 20 0 0 11
-2 82 0 82
331 328 82
-72 132 0 0 1 0 0 1
+46 3 0 1 1 0 0 1
fi=(28) ./elf/../include/rtld-malloc.h
44 3 1 1 1 1 0 1
cfi=(27) ./elf/./elf/dl-minimal-malloc.c
cfn=(72) __minimal_calloc
calls=1 +34 
* 36 6 5 1 1 1
* 1 0 1
fe=(79)
315 2
+3 1 0 1
-5 1 1
170 1
313 1
+7 1 1
-1 1 0 1 1 0 0 1
+1 1 0 1
170 6
+1 1
-1 6
+1 1890 1340 0 11 0 0 2
+98 6 0 4 1 0 0 1
cfi=(54) ./elf/./elf/dl-misc.c
cfn=(486) _dl_higher_prime_number
calls=2 87 
* 159 14 0 2 4 0 2 2
fi=(28)
44 2
fe=(79)
269 2
fi=(28)
44 4 2 2
cfi=(27)
cfn=(72)
calls=2 +34 
* 72 12 10 0 1 1
* 2
fe=(79)
272 4
171 4 2
279 2 2 0 1 0 0 1
171 8 2 2
279 284
+1 276 92 0 0 6 0 0 2
+1 140 70
170 70
281 140 140 0 1 11 0 1
170 70
281 70
170 70
+1 70
-1 70
+1 210
+1 440
+2 14
+1 42
-3 168 84 0 1 48 0 1 47
+7 70 0 70
+3 70 0 70 0 0 24 0 0 24
-2 70 0 70
+3 70
-7 10
285 6 4 2
-16 2
+16 10 2 2
cfi=(27)
cfn=(148) __minimal_free
calls=2 95 
* 10 4 0 1
+4 2 2 0 1 0 0 1
170 2
286 2 0 2
+2 2 0 2
+1 4 2 2
170 4
+1 4 0 2
-1 2
+1 8 2
452 21472 13420 0 13 0 0 1

fl=(16) ./elf/../sysdeps/x86/cpu-features.c
fn=(40) update_active.constprop.0
43 7 0 6 1 0 1 1 0 1
+45 1 1
-41 1 1
+28 1 1
-18 1 1
+31 1 0 1 0 0 1 0 0 1
+4 1 0 0 1 0 0 1
-36 1
-1 1
+37 1 1
-26 1 1
-11 1
+1 1
+36 2 0 1
+1 1 1
-17 1
-21 1 1
+25 1
-4 1
-11 1 0 0 1 0 0 1
+28 1
-1 1
-36 1
+18 1
+19 1 1
-13 1
-4 1 0 1
-11 1
+19 1 1
+11 1 1
-3 1
-12 1
+14 1 1 0 1 0 0 1
-29 1 1
+18 1
+9 1
-18 1
+13 1
-13 1 1
-9 1 0 1
+29 2 0 1
+3 1
-14 1
-9 1 0 1 1 0 0 1
+9 1 1
+4 1
+10 1
-17 1 0 1
+7 1 1
+5 1 0 1
+5 1 1
+1 1 1 0 0 1 0 0 1
-1 1 0 1
+1 2 0 1 1 0 0 1
+2 2
+1 4 0 1
+3 1
+1 1
-1 1
+1 1
-1 1
+1 1
-1 1 0 1
+1 1 0 1 1 0 0 1
+4 2
+4 2
+2 4
+83 3
+12 2 0 1
+1 1 1
+3 3 1 0 1 0 0 1
+4 1 1
-4 1 0 1
+4 1
+67 3 1
+4 3 1
fi=(18) ./elf/../sysdeps/x86/get-isa-level.h
31 1 0 0 1 0 0 1
-3 1
+3 1
-1 2
fe=(16)
296 1 0 1
+1 8 7
-75 3 0 0 1 0 0 1
+1 2
+3 1
-1 1
+9 1
-5 1
+2 1 0 1
-2 1 0 1
+5 1
fi=(18)
32 3
+4 3
fe=(16)
+83 2 0 0 1 0 0 1
+2 1
+3 2 0 0 1 0 0 1
+10 1
+10 1
-10 1
+10 1
-10 1
+6 1
+4 1 0 1
-4 1
-6 1 0 1
+6 1
+2 1 1
-2 1 0 1
+2 3 1 1 1 0 0 1
+7 4
fi=(18)
39 3 1 0 1 0 0 1
+1 4 1
+5 1 0 0 1 0 0 1
-7 1
+7 3
+2 1
+1 2
+1 3 1
+2 4 0 0 1 0 0 1
+1 2
+1 2
+6 1
-4 1
+4 1
-3 2
fe=(16)
+75 1 0 1 0 0 1 0 0 1
-5 2 0 1
+4 1

fn=(34) init_cpu_features.constprop.0
399 1 0 1 1 0 0 1
+16 1
-16 6 0 5 1 0 0 1
+3 1 0 1 0 0 1 0 0 1
+1 1 0 1
+1 1 0 1
+11 2 0 1
+3 6 0 0 1 0 0 1
593 1 0 0 1 0 0 1
+94 5 1 0 1 0 0 1
+1 1 0 1
+3 2
+1 1 0 1
+6 1 0 1
+3 1 0 1
fi=(19) ./elf/../sysdeps/x86/dl-cacheinfo.h
+5 1 0 1
+2 1 0 1 1 0 0 1
fe=(16)
-9 1 0 1
fi=(19)
+23 2
840 1 1 0 1 0 0 1
+46 1 1
-46 17 9 6 2 0 2 2 0 2
+45 2 1
+25 2 1 0 1 0 0 1
+21 2
-21 2
+13 3 1
+8 1
-8 1 0 1
+8 1 0 1
cfi=(10) ./elf/./elf/dl-tunables.c
cfn=(24) __tunable_get_val
calls=1 405 
* 21 4 1 0 1 0 0 1
* 1 1
+2 2 0 0 1 0 0 1
+3 4 0 1
cfi=(10)
cfn=(24)
calls=1 405 
* 21 4 1 0 1 0 0 1
* 1 1
+2 1 1
+3 2
-3 2
+3 1
-3 1 0 1
+3 1 0 1 1 0 0 1
cfi=(10)
cfn=(24)
calls=1 405 
* 21 4 1 0 1 0 0 1
* 1 1
+1 5 0 1
+16 2 0 1
-12 5 0 2 1 0 0 1
cfi=(10)
cfn=(24)
calls=1 405 
* 21 4 1
* 1 1
+1 3 1
+23 1
-17 5 1 1
+3 3 0 1 1 0 0 1
-3 1 0 1
cfi=(10)
cfn=(24)
calls=1 405 
* 21 4 1
+3 3 1
-3 2 2
+3 9 0 5 1 0 0 1
cfi=(10)
cfn=(54) __GI___tunable_set_val
calls=1 157 
* 58 7 4 5 0 0 5
+1 9 1 4 1 0 0 1
cfi=(10)
cfn=(54)
calls=1 157 
* 58 7 4
+1 10 1 4 1 0 0 1
cfi=(10)
cfn=(54)
calls=1 157 
* 58 7 4
+3 8 0 4
cfi=(10)
cfn=(54)
calls=1 157 
* 58 7 4
+2 8 0 4 1 0 0 1
cfi=(10)
cfn=(54)
calls=1 157 
* 58 7 4
+4 1 1
fe=(16)
706 1
fi=(19)
967 2 2 0 1 0 0 1
fe=(16)
706 2
fi=(19)
967 4 1 3
fe=(16)
706 1 0 1
cfi=(10)
cfn=(24)
calls=1 405 
* 19 4 1 0 1 0 0 1
+4 3 1 0 1 0 0 1
+14 1 1
-1 2
+1 3
+47 1 1 0 1 0 0 1
-1 1 0 1
+1 1
+46 4 0 1 1 0 0 1
cfi=(10)
cfn=(24)
calls=1 405 
* 19 4 1
+2 4 0 1
cfi=(10)
cfn=(24)
calls=1 405 
* 19 4 1 0 1 0 0 1
fi=(21) ./elf/../sysdeps/unix/sysv/linux/x86/cpu-features.c
27 6
fe=(16)
829 2 0 1 1 0 0 1
+45 8 7
fi=(19)
+19 11 0 0 2 0 0 2
fe=(16)
775 3 1 0 1 0 0 1
+27 2 0 1
-10 2 0 0 1 0 0 1
+1 2
+2 3 0 0 1 0 0 1
+1 2 1
+2 3
+1 2
fi=(19)
-75 3 0 2 1 0 0 1
cfn=(46) handle_intel.constprop.0
calls=1 255 
* 437 47 19 13 6 1 13 6 1
+1 1
-1 2 0 1 0 0 1 0 0 1
+1 1 0 1
cfn=(46)
calls=1 255 
* 478 47 19 1 0 0 1
+1 1
-1 1
+1 1 0 1
cfn=(46)
calls=1 255 
* 503 47 19
+3 1
-3 2 0 1 1 0 0 1
+3 1 0 1
cfn=(46)
calls=1 255 
* 459 47 19 1 0 0 1
+2 1
-2 1 0 1
+2 1 0 1
cfn=(46)
calls=1 255 
* 451 47 19
+3 1
-2 1 0 1
-1 1 0 1
+3 1 0 1
cfn=(46)
calls=1 255 
* 428 47 19 1 0 0 1
+2 1
-2 1 0 1
+2 1 0 1
cfn=(46)
calls=1 255 
* 429 47 19
+3 1 0 0 1 0 0 1
-2 1 0 1
-1 1 0 1
+3 1 0 1
cfn=(46)
calls=1 255 
* 469 47 19
+2 1
-2 1 0 1
+2 1 0 1
cfn=(46)
calls=1 255 
* 470 47 19
+3 1
-3 1 0 1
+3 1 0 1
cfn=(46)
calls=1 255 
* 494 47 19
+2 1
-2 1 0 1
+2 1 0 1
cfn=(46)
calls=1 255 
* 495 47 19
+2 1 0 0 1 0 0 1
-2 1
+2 1 0 1
cfn=(46)
calls=1 255 
* 790 80 27 0 2 0 0 2
+2 3
-2 1 0 1
+2 1 0 1
cfn=(52) get_common_cache_info.constprop.0
calls=1 481 
* 215 20 16 13 0 0 13
863 15 2 1 1 0 0 1
fe=(16)
424 6 0 1 2 0 1 2 0 1
cfn=(36) get_common_indices.constprop.0
calls=1 -99 
* 71 9 22 7 0 3 7 0 3
303 3
+1 2
+1 6 0 4 1 0 0 1
+5 2
+1 6 0 4
+5 2
+1 6 0 4 1 0 0 1
429 1 0 1
cfn=(40)
calls=1 43 
* 194 35 30 16 1 3 16 1 3
+2 1 1
+2 1 1
+83 1 1
-85 2
564 2 1 0 1 0 0 1
+7 2 1
+2 1 0 1
+4 2 1
+6 2 1
422 2
-3 1 0 0 1 0 0 1
+14 3 1 1 1 0 0 1
+1 4 0 0 1 0 0 1
+69 1 0 1
+10 11 1 0 1 1 0 1 1
+42 1 0 1
+1 1
434 11 0 0 1 0 0 1
+55 3 1 0 1 0 0 1

fn=(36)
325 1 0 1 1 0 0 1
+4 4
+3 3 0 1
+5 2
-5 1 0 1 1 0 0 1
+5 1
-5 1 0 1
+4 1 0 1
+1 1 0 1
+1 4 0 1
+1 4 0 1
+1 3 0 1
+1 2 1
+7 2 1 0 1 0 0 1
+2 5
+5 1
-5 1 0 1 0 0 1 0 0 1
+5 1
-5 1 0 1
+5 1
-5 2 0 2
+5 1
+7 1 1 0 1 0 0 1
-7 4 0 4 0 0 1 0 0 1
+7 1
+1 3
+6 1 1
-6 4 0 4 1 0 1 1 0 1
+6 1
fi=(17) ./elf/../sysdeps/unix/sysv/linux/x86/dl-minsigstacksize.h
24 2 1 0 1 0 0 1
+3 2 1
+1 2 1
+37 3
+7 1
+2 1 0 1 1 0 0 1
fe=(16)
384 2 2

fl=(24)
fn=(66) __tls_pre_init_tp
53 3 0 0 1 0 0 1
+3 8 0 2 1 0 1 1 0 1
+5 1
-5 1
+5 1 0 1
+1 1 0 1
-6 1 0 1
+8 1 1

fn=(84)
42 260
+2 520 260

fn=(270) __tls_init_tp
68 2 0 1
fi=(406) ./elf/../include/list.h
-24 1
fe=(24)
+24 1
fi=(406)
-25 1 1 0 1 1 0 1
fe=(24)
+26 1 1
+3 1
fi=(406)
-29 1 0 1
+1 1 0 1
+1 1 0 1
+2 1 0 1
fe=(24)
+28 4 0 1 1 0 0 1
+1 2 0 1
+1 1 0 1
+5 2 1 1 0 1
+5 1
+6 1
-3 1 0 1 1 0 0 1
+3 1
-6 3 0 1
+6 1
+13 3
fi=(76) ./elf/../sysdeps/unix/sysv/linux/rseq-internal.h
-72 1
fe=(24)
+72 1 0 1
cfi=(10)
cfn=(24)
calls=1 405 
* 20 4 1 0 2 0 0 1
fi=(76)
-74 3 1
+2 6 0 0 1 0 0 1
+3 2
+3 1 0 1
fe=(24)
+83 3 2 1 0 1
+7 2 1 1 1 0 0 1
+2 1 0 1
+1 1 0 1
+1 3 2

fl=(36) ./posix/../sysdeps/unix/syscall-template.S
fn=(102) uname
120 5 0 0 1 0 0 1
+2 1 1

fl=(14) ./elf/../sysdeps/unix/sysv/linux/brk.c
fn=(28) brk
35 1 0 0 1 0 0 1
+1 3 0 1 0 0 1 0 0 1
+1 2
+6 1
+1 1 1

fl=(52)
fn=(166) _dl_catch_error
225 10 0 3 1 0 0 1
+2 2 0 1
cob=(2)
cfi=(51)
cfn=(168) 0x0000000004002050
calls=1 0 
* 2759 589 289 108 35 33 108 35 33
+1 2 1 1
+1 1 1
+1 1 1 0 1 0 0 1
-1 1 0 1
+1 1 0 1
+2 5 4

fn=(1092)
133 30 0 10 4 0 0 1
+1 10 5
+6 15 5
+8 15 0 5 10 0 0 2
cob=(2)
cfi=(51)
cfn=(1094) 0x0000000004002060
calls=5 0 
* 215 95 25 12 0 0 5

fn=(254) _dl_receive_error
238 6 0 2
+1 1 1
+1 1 1
+3 1 0 1 1 0 0 1
+1 1 0 1
+2 1 0 1
cfi=(2) ./elf/./elf/rtld.c
cfn=(256) version_check_doit
calls=1 696 
* 31953 9347 1596 56 136 82 56 124 75
+2 1 0 1
+1 1 0 1
+1 4 3

fn=(170) _dl_catch_exception
175 51 0 17 1 0 0 1
+5 17 17
-5 51 0 51 1 0 2 1 0 2
+5 17 0 17
-2 34
+22 17
-1 17 0 17
+7 34
-6 17 0 17
+3 34 0 17
+3 17 0 17 0 0 1 0 0 1
cfi=(53) ./setjmp/../sysdeps/x86_64/setjmp.S
cfn=(172) __sigsetjmp
calls=17 30 
* 408 85 153 3 0 2 3 0 2
* 68
+2 51 34 17 1 0 0 1
cfi=(66) ./elf/./elf/dl-deps.c
cfn=(218) openaux
calls=16 61 
* 46806 9774 4747 108 193 240 108 192 238
cfi=(2)
cfn=(174) map_doit
calls=1 663 
* 2698 576 267 101 35 32 101 35 32
+2 17 17
-1 17 17
+1 17
-1 17 0 17
+1 34 0 34
+9 68 34

fn=(1062) _rtld_catch_error
257 17 0 0 2
+3 17
cob=(2)
cfi=(51)
cfn=(164) 0x0000000004002080
calls=17 0 
* 21285 5065 2821 311 189 50 76 12 27

fl=(157) ./elf/./elf/dl-lookup-direct.c
fn=(518) _dl_lookup_direct
74 30 0 18 2 0 0 2
+2 3 3
-2 3 0 3
+4 3 3
-4 3 0 3
+2 3
+2 9
+37 3
-37 9 6 0 0 3
+1 6 0 0 1 0 0 1
+2 12 3 3
+3 25 5 0 0 4
-52 3 3
+54 6 3
-54 3
+54 3
-54 9 6 0 1 0 0 1
+1 9
+2 6 3 0 0 3 0 0 1
+1 6 3
+12 12 3 6
+3 3 3 0 1 0 0 1
+2 3
-2 3 3
+2 9 3 3
cfi=(32)
cfn=(90)
calls=3 +55 
* 207 27 0 0 8 0 0 4
* 6
+4 6 6
+1 3 3
-1 3 3 0 0 2
+1 18 6 0 1 0 0 1
+1 9 6 3
cfi=(32)
cfn=(90)
calls=3 +49 
* 75 21
* 6
+57 27 21
-23 6 0 0 1 0 0 1

fl=(158) ./elf/./elf/dl-call-libc-early-init.c
fn=(522) _dl_call_libc_early_init
27 1 0 0 1 0 0 1
+2 2
-2 1 0 1
+6 3
-6 1 0 1
+6 3
-6 1
+6 1 0 1 1 0 0 1
cfi=(157)
cfn=(518)
calls=1 +41 
* 177 47 13 0 6 0 0 4
+4 2
+2 4 3
+2 1
-1 1
+1 2 2
-1 1
cob=(3) /usr/lib/x86_64-linux-gnu/libc.so.6
cfi=(159) ./elf/./elf/libc_early_init.c
cfn=(524) __libc_early_init
calls=1 -7 
* 1284 396 179 26 32 17 26 5 5

fl=(1) ???
fn=(0) 0x0000000000020290
0 2 0 1 1 0 1 1 0 1
cfi=(2)
cfn=(2) _dl_start
calls=1 527 
0 2811066 679153 238869 1122 17536 3248 1110 9961 2305
0 14 3 2 2 1 0 1
cfi=(167) ./elf/./elf/dl-init.c
cfn=(558) _dl_init
calls=1 77 
0 33123 9162 3123 336 662 120 328 96 66
0 3
cob=(9) /home/m0hawk/Documents/apin/stan/build/lsat_model__default/model
cfi=(213) ???
cfn=(976) (below main)
calls=1 0 
0 13948284185 3448328115 2239894392 2896669 305426372 144639642 197503 60320 177623

fl=(50) ./string/../sysdeps/x86_64/strcspn.S
fn=(162) strcspn
25 1 0 0 1 0 0 1
+2 1
+7 1
+1 1 0 0 1 0 0 1
+2 1
+1 1
+1 1
+1 1
+1 33 0 32 0 0 4 0 0 4
+3 3
+7 1 1
+1 1
+1 1
+1 1 0 1
+2 1 1
+1 1
+1 1
+1 1 0 1
+2 1 1
+1 1
+1 1
+9 3 0 0 1 0 0 1
+12 1
+2 1 1
+1 1 1
+1 1
-4 12
+2 12 12
+1 12 12
+1 12
+2 13 13
+1 13 13
+1 13
+2 13 13
+1 13 13
+1 13
+2 13 13 0 0 1 0 0 1
+1 13 13
+1 13
+2 1
+1 1
+1 1
+2 1
+7 1
+4 1 1

fl=(164) ./elf/../sysdeps/x86_64/dl-trampoline.h
fn=(540) _dl_runtime_resolve_xsave
67 180 0 0 8 0 0 1
+5 180 0 180
+3 180
+2 180
+10 180 180 0 0 13
+6 180 0 180 0 0 14 0 0 3
+1 180 0 180
+1 180 0 180 8 0 0 1
+1 180 0 180
+1 180 0 180
+1 180 0 180
+1 180 0 180
+4 180
+1 180
+3 180 0 180 0 0 8
+1 180 0 180
+2 180 0 180
+1 180 0 180
+1 180 0 180 9 0 0 1
+1 180 0 180
+1 180 0 180
+1 180 0 180
+2 180 0 6120 0 0 90 0 0 10
+7 180 180
+1 180 180
+1 180 0 180 0 0 12 0 0 2
cfi=(165) ./elf/./elf/dl-runtime.c
cfn=(542) _dl_fixup
calls=180 -80 
* 168534 43985 15292 505 2394 199 8 293 20
+1 180
+5 180
+1 180
+1 180 6480
+2 180 180 0 8 0 0 1
+1 180 180
+1 180 180
+1 180 180
+1 180 180
+1 180 180
+1 180 180
+2 180
+2 180 180
+4 180
+2 180

fl=(46) ./elf/./elf/dl-debug.c
fn=(156) _dl_debug_state
116 2 0 0 1 0 0 1
+1 2 2

fn=(150) _dl_debug_initialize
56 8 0 0 3 0 0 1
+3 16
+4 8 8 0 0 4 0 0 1
-6 8
+4 8
+2 16
+22 16 8 0 3 0 0 1
+5 2 1
+1 1
+1 1 0 1
-1 1 0 1
-1 1 0 1
+5 16 8
+4 16
+8 16 8 0 3 0 0 1
-43 2 0 1 1 0 0 1
+32 6 1 1 1 0 0 1

fn=(190) _dl_debug_update
38 17 0 0 2
+3 17
-1 34
+4 34 17 0 0 1
+4 17 17

fl=(398) ./elf/./elf/dl-fini.c
fn=(4122) _dl_fini
31 9 0 6 1 0 0 1
+20 3 1 0 0 1
-3 7 0 1 1 0 0 1
+3 4
+3 2 1 1 0 1
cob=(3)
cfi=(189) ./nptl/./nptl/pthread_mutex_lock.c
cfn=(854) pthread_mutex_lock@@GLIBC_2.2.5
calls=1 +23 
* 43 11 5 7
+2 1 1 0 0 1
+3 2
+2 6 3 0 1 0 0 1
+7 2
-2 1 0 1
+2 1 0 1
cfi=(49) ./elf/./elf/dl-audit.c
cfn=(550) _dl_audit_activity_nsid
calls=1 -28 
* 21 7 4 2 1
+5 14 0 0 1 0 0 1
+5 1 1
-5 1
+5 3 0 0 1 0 0 1
+2 16 8 0 0 1
+2 16
+2 16 0 8
+1 8 0 8 0 0 5
+1 8
+4 8 0 8
-12 24 8 0 0 2
+14 6 0 0 1 0 0 1
+1 4
+6 5 0 2
cfi=(12) ./elf/./elf/dl-sort-maps.c
cfn=(250) _dl_sort_maps
calls=1 290 
* 604 167 87 17 10
+9 2 1 1 1 1 0 1
cob=(3)
cfi=(191) ./nptl/./nptl/pthread_mutex_unlock.c
cfn=(862) pthread_mutex_unlock@@GLIBC_2.2.5
calls=1 367 
* 34 7 4 5
+5 6 1 1
+2 1 1
+2 3 1
-2 7 7
+2 21 7 0 0 1
+3 16 0 8
+3 24 8 0 1 8 0 1
+4 10 5
+11 20 10 5 0 4
+1 5 5 0 0 1
+1 10 5
+1 25 0 0 1 0 0 1
+1 10 5 10 0 5
cob=(6) /usr/lib/x86_64-linux-gnu/libgcc_s.so.1
cfi=(173) ???
cfn=(4332) 0x00000000000045c0
calls=1 0 
* 149 36 16 3 3 0 3
cob=(4)
cfi=(174)
cfn=(4314)
calls=1 0 
* 149 36 16 5 2 0 1
cob=(7) /usr/lib/x86_64-linux-gnu/libstdc++.so.6.0.30
cfi=(175) ???
cfn=(4272) 0x00000000000aaf80
calls=1 0 
* 1223 373 188 13 24 2 7
cob=(8) /home/m0hawk/.cmdstan/cmdstan-2.39.0/stan/lib/stan_math/lib/tbb/libtbb.so.2
cfi=(183) ???
cfn=(4172) 0x0000000000012280
calls=1 0 
* 12941 3819 2029 83 488 32 49 6
cob=(9)
cfi=(213)
cfn=(4124) 0x000000000002e010
calls=1 0 
* 149 36 16 13 9 1 13 0 1
-1 25 10
+5 15 5 0 0 4
+1 18 12 6 0 3
cob=(2)
cfi=(51)
cfn=(4348) 0x0000000004bce808
calls=1 0 
* 4 1 0 1 0 0 1
cob=(2)
cfi=(51)
cfn=(4330) 0x0000000004b578c8
calls=1 0 
* 4 1 0 1 0 0 1
cob=(2)
cfi=(51)
cfn=(4312) 0x0000000004a4cfc4
calls=1 0 
* 4 1 0 1 0 0 1
cob=(2)
cfi=(51)
cfn=(4270) 0x0000000004874bdc
calls=1 0 
* 4 1 0 1 0 0 1
cob=(2)
cfi=(51)
cfn=(4150) 0x000000000483f334
calls=1 0 
* 167 40 19 7 2 0 3
cob=(2)
cfi=(51)
cfn=(4146) 0x00000000002adca0
calls=1 0 
* 4 1 0 1 0 0 1
+6 16 0 8
cfi=(49)
cfn=(4148) _dl_audit_objclose
calls=8 -57 
* 40 16 0 1 1 0 1
+5 8 0 8 1 0 0 1
-45 24 8 0 0 1
+49 3 0 1
cfi=(49)
cfn=(550)
calls=1 40 
* 21 7 4 0 1
* 2 1
-38 9 3 0 0 3
+3 2 1
+41 6 2 0 1 0 0 1
+6 2 1
+7 8 7 0 0 1
73 2 0 1 1 0 0 1

fl=(38) ./elf/./elf/dl-hwcaps.c
fn=(108) _dl_important_hwcaps
175 5 0 3 1 0 0 1
+1 1
-1 6 0 4 0 0 1 0 0 1
+1 1
-1 1 0 1
+1 1
-1 1 0 1
+1 1
-1 1 0 1 1 0 0 1
+1 2 0 2 0 0 2 0 0 2
cfi=(10)
cfn=(24)
calls=1 405 
* 21 4 1
* 1 1
+2 2 1 1
+1 3 1
+26 2
-26 1 0 1
+25 1 0 1
cfi=(39) ./elf/../sysdeps/x86_64/dl-hwcaps-subdirs.c
cfn=(110) _dl_hwcaps_subdirs_active
calls=1 29 
* 47 6 0 4 0 0 4
fi=(40) ./elf/./dl-hwcaps.h
54 1 0 1
fe=(38)
205 1 0 0 1 0 0 1
-1 1 0 1
fi=(40)
56 1 0 1
+32 1 0 1
+1 1 0 1
+1 1
fe=(38)
-35 2 0 1 1 0 0 1
cfi=(41) ./elf/./elf/dl-hwcaps_split.c
cfn=(116) _dl_hwcaps_split_masked
calls=1 -4 
* 13 4 2 2 0 0 2
* 2
fi=(40)
-1 1
+2 2 1 1
-2 1 0 1
+34 2 1 1
+1 2 1 1
+1 1
fe=(38)
-32 2 2
-1 2
+1 2
+1 2
-1 2
-3 4 0 2
cfi=(41)
cfn=(116)
calls=2 -4 
* 114 21 12
* 2 0 1 1 0 0 1
cfi=(41)
cfn=(116)
calls=1 -4 
* 122 20 12 4 2 0 4 2
* 6
+48 5 0 3
fi=(28)
-47 1 1 1
cfi=(27)
cfn=(76) __minimal_malloc
calls=1 -21 
* 25 5 5
fe=(38)
+47 1 0 1
+2 2 0 0 1 0 0 1
+3 2 2
fi=(40)
-52 1 0 1
fe=(38)
+55 1
-3 1 0 1
fi=(40)
-54 2 1 1
+3 1
fe=(38)
+58 2 0 1 1 0 0 1
cfi=(41)
cfn=(122) _dl_hwcaps_split
calls=1 -90 
* 12 4 2 2 0 0 2
* 2
fi=(40)
-61 1
+2 2 1 1
-2 1 0 1 1 0 0 1
+34 2 1 1
+1 2 1 1
+1 1
fe=(38)
+40 4 2
+1 2 2
-1 6 2 2
+2 2
+1 2
-2 6 0 2
-3 4 0 2
cfi=(41)
cfn=(116)
calls=2 -77 
* 114 21 12
* 2 0 1 1 0 0 1
cfi=(41)
cfn=(116)
calls=1 -77 
* 122 20 12
* 6
+8 2 1
+9 1 1
-15 1 1
+15 2 0 2
-15 1 0 1 1 0 0 1
+15 8 2
+9 2 2
+4 7 2 1 1 0 0 1
cfi=(43) ./string/../sysdeps/x86_64/memcmp.S
cfn=(124) bcmp
calls=1 22 
* 41 5 0 5 0 0 5
+1 2
+1 1
+4 1 1
+1 2 1
+1 1 0 1
-20 2
+19 1 0 1
+1 1 0 1
-20 2
-1 4 2 1 1 0 0 1
+70 1 1
+1 1 1
+4 1
-5 2 0 1
+1 4 1
+4 2 1
-4 1 0 1 1 0 0 1
+4 4 2
+1 1
-1 1
+1 2
+1 2
-2 5
+1 1
-1 1
+1 2
+1 2
-2 5
+5 1
+3 2 0 1 1 0 0 1
-3 2 0 1
+3 15 0 1 1 0 0 1
+7 1
-7 2 0 1
+2 3 1
+1 4 2 2 1 0 1 1 0 1
+2 1
fi=(407) ./elf/../sysdeps/x86/dl-hwcap.h
57 1
fe=(38)
233 2 0 1
fi=(407)
57 1
fe=(38)
233 2 0 1
fi=(407)
57 1
fe=(38)
233 1 0 1 0 0 1 0 0 1
+1 1 0 1
cfi=(22) ./string/../sysdeps/x86_64/multiarch/strlen-vec.S
cfn=(60) strlen
calls=1 41 
* 17 2 0 0 1 0 0 1
+1 1
+1 1 1
-6 1
+4 1 0 1
+1 1
-5 1 1
+5 1
+1 1
-1 2
-5 4 0 0 1 0 0 1
+10 3
-2 3 1
+2 1 0 1
+1 1 1 0 1 0 0 1
+1 1
-1 1 0 1
+4 4 1
+1 1 0 1
-1 1 0 1
+4 2 1
+4 1 1
-1 1 1
+1 4 2 1 1 0 0 1
-1 2
+4 3 3
+1 3 1
+19 10 3 3 1 0 1 1 0 1
+6 2
fi=(28)
56 1 1 1 1 0 0 1
cfi=(27)
cfn=(76)
calls=1 -21 
* 25 5 5
* 1 0 1
fe=(38)
283 2
+8 1 1
fi=(40)
54 1 1
+2 1 0 1
+34 1
-2 2 1 1
fe=(38)
-5 1
291 1
fi=(40)
54 1 0 1 1 0 0 1
+35 1 0 1
fe=(38)
291 1
fi=(40)
90 1
fe=(38)
-10 2 0 1 1 0 0 1
cfi=(41)
cfn=(116)
calls=1 -29 
* 13 4 2
* 2
fi=(40)
-26 2 1
+2 1 0 1
fe=(38)
+27 1
fi=(40)
-29 1 0 1
+34 2 1 1 1 0 0 1
+1 2 1 1
+1 1
fe=(38)
-8 2 0 2 0 0 1 0 0 1
+1 4 2
+7 2
-7 10 2 8 0 0 1 0 0 1
cfi=(29) ./string/../sysdeps/x86_64/multiarch/memmove-vec-unaligned-erms.S
cfn=(128) mempcpy
calls=2 199 
* 26 6 4 1 0 0 1
+4 2 0 2
+2 2 2
+2 2
-2 4 0 2
-9 4 0 2
cfi=(41)
cfn=(116)
calls=2 -29 
* 114 21 12
* 2 0 1 1 0 0 1
cfi=(41)
cfn=(116)
calls=1 -29 
* 122 20 12
* 6
304 1 1
+2 1 0 1
-2 1
-48 2 2
+72 1 0 1 1 0 0 1
-72 1
376 2 1
+13 2
-58 1 1
+45 1 0 1
+13 1 0 1
-58 1
-75 1 1
+82 1 1
+10 2 0 1 1 0 0 1
-92 1 0 1
+88 1 1
+4 3 1
-4 1 0 1
+3 7 2 2
-3 2 2 0 1 0 0 1
-3 1
+3 1 0 1
cfi=(29)
cfn=(128)
calls=1 199 
* 18 3 2 0 1 1 0 1 1
* 2 2
-3 1
+3 1 0 1
cfi=(29)
cfn=(128)
calls=1 199 
* 18 3 2
* 2 2
+3 2 2
-3 4 0 2
+3 5
+1 12 0 0 1 0 0 1
+1 2 2
-2 1
+2 1 0 1
cfi=(29)
cfn=(128)
calls=1 199 
* 15 3 2
* 2 0 1
-2 2
+5 8 4 2
cfi=(29)
cfn=(128)
calls=2 199 
* 30 6 4
* 4 0 2
+2 5 1 0 1 0 0 1
+5 6 1
+1 1 0 1
-1 3
+1 7 0 7 0 0 1 0 0 1
-1 25 2 0 1 0 0 1
+5 11 1
+4 1
-1 1
+1 2
-4 12
+4 2
-1 2
+1 13
-1 9
+1 18
+1 24 24 0 1 0 0 1
-1 12
-1 12
+2 24 0 12
-1 24
-1 24
+4 9
+3 1 1
+2 2 1
-1 1 0 0 1 0 0 1
-1 1
+2 1
-2 1
+2 2
-1 1
+1 2
+2 6
+1 2 2
+3 2 0 1
-6 2
+6 3 0 0 1 0 0 1
+7 8 3
+1 1
-1 2 0 1
+3 2
-3 3 3
+1 3
-1 6 0 3
+3 6
+3 4 2
-80 2 1 1
+86 9 8
-20 1 1 0 1 0 0 1
+1 2 0 1
-6 3
259 2 0 0 1 0 0 1
+1 2
+1 4 2 0 1 0 0 1
-1 3 1
+12 4 1
-44 2 0 1 1 0 0 1
+34 4 1 1 1 0 0 1
-2 3 0 0 2 0 0 2

fl=(8) ./elf/./elf/dl-setup_hash.c
fn=(14) _dl_setup_hash
25 8 0 0 1 0 0 1
+3 8 8
-3 8
+3 16 0 0 1 0 0 1
+3 24 16
+1 16 8 8 0 5 1 0 5 1
+2 8 8
-1 8 8
+3 24
+1 8 0 8
+4 8
-3 8
+7 8
-4 8
-3 8 8
+2 16 0 0 1 0 0 1
+5 8
-5 8
-2 8 0 8
+7 8 0 8
-5 8 0 8
+10 8 8

fl=(27)
fn=(148)
95 13
+2 52 26 0 2 0 0 1

fn=(72)
78 19 0 0 1 0 0 1
+4 19
-4 76 0 0 2 0 0 1
+7 19
+1 57
fi=(28)
-30 19 19
cfi=(27)
cfn=(76)
calls=19 -21 
* 510 99 98 5 3 4 5 1 2
fe=(27)

fn=(76)
35 270 0 108 1 0 1 1 0 1
+1 54 54 0 0 4 0 0 1
+11 54 54
-11 108
+11 108
+3 54
-3 54 0 54 1 0 0 1
+3 312
+18 54 0 54 0 0 4 0 0 1
+1 54 0 54
+2 216 162
-16 12 3 0 1 0 0 1
+1 6
+2 3
+1 21 0 3
cfi=(60) ./misc/../sysdeps/unix/sysv/linux/mmap64.c
cfn=(198) mmap
calls=3 -12 
* 27 3 0 1 0 0 1
* 3
+2 6
+2 6 3
+2 2
+4 2
-4 4 0 2
-23 1 1 0 1 0 0 1
-1 1
+1 1
+1 2
-2 2 0 1
+27 1 1
-3 2 0 1
+4 2

fl=(60)
fn=(198)
47 62 0 0 1 0 0 1
+3 62
+8 124
+2 31 31

fl=(12)
fn=(22) _dl_sort_maps_init
281 2 0 0 1 0 0 1
+1 4 0 1
cfi=(10)
cfn=(24)
calls=1 405 
* 20 4 1 3 1 0 3 1
+2 3 1
-1 1 0 1
+2 2 1

fn=(252) dfs_traversal.part.0
140 128 0 64 2 0 0 1
+10 16 16 0 0 3
-2 16 0 16 2 0 0 1
+2 32
+2 52 13 0 0 5
+3 84 42
-3 168 42 0 0 1
+9 32
+15 48 16 16
+1 16 0 16
+1 96 80 0 1 0 0 1
-17 24 8 0 1

fn=(250)
290 20 0 12 4 0 0 1
+8 2 2 0 0 2
-8 2 0 2
+8 4
+4 16 14 0 2 0 0 1
-79 4 0 0 2 0 0 1
-37 2
+37 2
-36 8
+1 2 2
-1 2
+1 2 0 2
-1 4
+1 14 14
-1 14
+1 14 0 14
-1 28
+36 30 0 2 4 0 0 2
+8 6
-3 2
+2 2 0 2
+1 2
-8 2
+5 2 0 2
+3 8
+2 42
+2 16 16 0 2 0 0 1
-90 80 16 16
cfn=(252)
calls=16 -5 
* 712 217 112 6 9 0 3
+93 32 16
+18 4 2
+13 2 0 0 2 0 0 1
+33 2 0 0 2 0 0 1
-26 8 0 2 2 0 0 1
cfi=(29)
cfn=(80) memcpy
calls=2 -64 
* 38 10 8 4
* 2

fl=(22)
fn=(60)
41 81 0 0 3 0 0 1
+44 81
+1 81
+1 81
+1 81
+1 81
+1 81
+1 81
+2 81
+2 81
+31 81 81 0 0 13 0 0 6
+1 81
+1 81
+1 81
+1 81
+1 40
+2 40 40
+4 41 0 0 4 0 0 1
+1 41 41
+1 41 41 0 0 5 0 0 1
+1 41 41 0 0 1 0 0 1
+1 41
+1 41
+1 41
+1 41
+1 41
+1 41
+1 41
+1 41
+5 306 30 0 3 0 0 1
+74 11 11 0 3 1 0 1 1
+1 11 11
+1 11 11
+1 11 11
+1 11
+1 11
+1 11
+1 11
+16 11 0 0 3 0 0 1
+2 11
+1 154 44 0 3 0 0 1
+2 11
+1 11
+1 11
+2 11 11

fl=(190) ./elf/./elf/dl-open.c
fn=(860) _dl_find_dso_for_object
214 72 0 32 3 0 1 1
+4 24 8
+1 32 8
+1 96 48 0 3 14 0 1
+1 16 8
-2 48 16 0 0 1
+5 16 8 0 7 0 0 1
+4 56 40

fn=(1078) dl_open_worker_begin
490 14 0 7 2 0 0 1
+10 7
-10 49 0 35
+2 7 7
+1 7 7
+7 14 0 7 0 0 1
cfi=(42) ./string/../sysdeps/x86_64/multiarch/../strchr.S
cfn=(118) index
calls=7 23 
* 300 45 0 10 4 0 2 1
+1 14
+9 7 7
-2 7 7 0 0 1
+2 7 0 7 2 0 0 1
cfn=(860)
calls=7 214 
* 315 119 28 10 12 1
* 7
-2 14
+7 21 7
+1 4 2 2
+6 4
+8 2
-8 6 2
+4 2 2
-4 2 0 2
+8 2
-4 2 0 2
+4 2 0 2
cfi=(46)
cfn=(150)
calls=2 56 
* 32 8
-8 10
+8 5
-8 15 5
+4 5 5
-4 5 0 5
+8 5 0 0 3 0 0 1
-4 5 0 5
+4 5 0 5
cfi=(46)
cfn=(150)
calls=5 56 
* 80 20 0 6 3
+4 56 7 7
cfi=(31) ./elf/./elf/dl-load.c
cfn=(176) _dl_map_object
calls=7 2022 
* 5581 1422 551 49 62 37 9 3 23
* 10 0 5
+5 10
+6 10 0 0 3 0 0 1
+5 15 5
+3 5 5
-3 10 0 5
+3 5
768 40 35 0 2 0 0 1
501 21 7 0 2 0 0 1
+1 20 0 5 2 0 0 1
cfi=(42)
cfn=(118)
calls=5 23 
* 120 15
* 15
+54 10 5 0 4 0 0 2
+7 10
+5 10 0 0 3 0 0 1
+13 10 5 5
cfi=(46)
cfn=(190)
calls=5 38 
* 35 10 0 1
* 15 5 0 4 0 0 1

fn=(1074) _dl_open
824 84 7 49 5 0 2 2
+1 21
+5 42 7 7 0 3
cob=(3)
cfi=(189)
cfn=(854)
calls=7 77 
* 301 77 35 10 2
+2 14
+26 21 0 0 2 0 0 1
+21 7 7
-8 7 0 7
+12 28
-10 7 0 7
+6 7 0 7
-7 7 0 7
+2 7 0 7
+1 7 0 7 2 0 0 1
+3 7 0 7
+5 7 0 7
cob=(2)
cfi=(51)
cfn=(168)
calls=7 0 
* 8883 2259 1144 127 87 39 27 5 23
* 7
+4 7 0 7
cfi=(68) ./elf/./elf/dl-cache.c
cfn=(552) _dl_unload_cache
calls=7 537 
* 49 14 7 2 3 2
+12 21 7
+2 35 7 7
+3 14 7 0 2 0 0 1
+25 5 0 5
cfi=(46)
cfn=(190)
calls=5 38 
* 35 10
* 15 5
+3 10 5 5
cob=(3)
cfi=(191)
cfn=(862)
calls=5 367 
* 170 35 20
+2 5 5
+1 40 35
-27 4 2 0 1 0 0 1
+5 6 2
+10 4 2 2
cob=(3)
cfi=(191)
cfn=(862)
calls=2 367 
* 68 14 8
+3 8 0 2 1 0 0 1
cob=(2)
cfi=(51)
cfn=(1094)
calls=2 0 
* 86 38 10

fn=(1076) dl_open_worker
772 21 0 14 4 0 0 1
+7 7
-7 28 0 14
+3 7 0 7
+4 14 7 7 4 0 0 1
cob=(3)
cfi=(189)
cfn=(854)
calls=7 77 
* 301 77 35 0 3 0 0 1
+3 35 0 7
cob=(2)
cfi=(51)
cfn=(169) 0x0000000004002050'2
calls=7 0 
* 7527 1904 849 105 82 39 23 4 23
+2 7
-2 7
+2 7 7 7 0 2
cob=(3)
cfi=(191)
cfn=(862)
calls=7 367 
* 238 49 28 5
+2 14 7
+5 10 5
+28 30 25 0 4 0 0 1
-31 8 0 2 2 0 0 1
cob=(2)
cfi=(51)
cfn=(1094)
calls=2 0 
* 86 38 10

fl=(25) ./elf/./elf/dl-environ.c
fn=(68) _dl_next_ld_env_entry
28 3 0 0 1 0 0 1
+1 3 3
+3 110 103
+13 100
-13 200
+2 204 102
+1 12 6 0 1 0 0 1
+5 2
-3 2
+3 2 0 2
+2 2 2
+7 1 1

fl=(23) ./elf/../misc/sbrk.c
fn=(62) sbrk
37 5 0 2
+3 1 1 0 1 0 0 1
+18 2
+4 2
+16 5 3

fl=(19)
fn=(52)
481 1 0 1 1 0 0 1
+17 1 1
-17 4 0 1
+16 1 1
-16 1 0 1
+15 1 1
-15 3 0 3
+18 1 1
-1 1 0 1
+9 2 1 1
+3 3 0 1 1 0 0 1
+11 1
-11 1 0 1
-5 1 0 1
+21 3 1
+4 2
681 4 0 0 1 0 0 1
+1 5
+4 2 1
+9 2 2
-2 1 0 1
+2 2 2
-1 1 0 1
+1 3 3
535 6 1 1 1 0 0 1
+3 8 0 0 1 0 0 1
+7 2
-7 9
+7 6
+3 26
+14 2
+4 1
+3 1
+1 1
-4 2
+3 3 0 1
+6 2
-37 6 0 0 1 0 0 1
+15 2 0 0 1 0 0 1
+4 1
+1 1
-1 2
+18 2
-68 6 2 1 1 0 0 1
+74 4
+8 7 1
+2 2
+4 3 0 0 1 0 0 1
+2 1
+2 5 1
-4 1
+16 1
-16 3
+21 2
-21 4
+3 1
+1 4
-4 1
+6 4 0 0 1 0 0 1
+3 2
+5 1
+2 2
+1 1
+1 1 0 0 1 0 0 1
-2 2
+1 1
-19 5
+46 2
+1 1
+1 2
+2 2 1
-1 3
-23 2 0 0 1 0 0 1
+7 1
+2 2
-16 1
+22 1
-6 2
+1 1
+5 1 0 0 1 0 0 1

fn=(46)
255 24 12 0 1 0 0 1
-5 24 0 24
+16 12
-16 72 0 48
+13 12 0 12
+1 36 0 12 1 0 0 1
-3 24 0 12 0 0 1 0 0 1
+11 60 0 12
+5 24
+2 12
+1 12
-1 12 0 12
+5 48 0 12 1 0 0 1
cfn=(48) intel_check_word.constprop.0
calls=12 123 
* 3876 396 36 5 6 0 5 6
+2 24
+3 60 0 12
cfn=(48)
calls=12 123 
* 1156 72 36 7 0 0 7
+2 24
+3 5 0 1
cfn=(48)
calls=1 123 
* 20 4 3
+2 2
+3 5 1 1
cfn=(48)
calls=1 123 
* 255 27 3 0 2 0 0 2
+2 2
-35 3 1
+39 3
+5 96 84 0 1 0 0 1

fn=(48)
123 78 0 0 1 0 0 1
-4 78 0 52
+10 104
-10 26 0 26
+10 52
+2 52 0 0 1 0 0 1
+71 200 50
-71 102
+2 63 0 0 1 0 0 1
+2 126
+8 126
+51 102
+22 51
fi=(20) ./elf/../bits/stdlib-bsearch.h
28 51
-1 102
+4 102 0 0 1 0 0 1
+1 51
fe=(19)
+78 102 51 0 0 1 0 0 1
fi=(20)
-79 76
+1 38
fe=(19)
+78 76 38 0 0 2 0 0 2
+3 345
fi=(20)
-84 820
+2 512
+1 256
fe=(19)
+78 512 256 0 0 5 0 0 5
+15 15
246 104 104
fi=(20)
37 63 0 0 1 0 0 1
-8 151
fe=(19)
155 36
+3 36
-6 54 0 0 1 0 0 1
+3 14
+9 14
+23 19
-32 57
+3 57
+4 50
+2 100
+2 50
+2 36
+4 11 0 0 1 0 0 1
+2 22
+6 14
+3 8
+1 12
-8 4 0 0 1 0 0 1
+2 4
-1 4
-1 4
+2 8 0 0 1 0 0 1
-2 4
+3 12
-2 12
+2 8
-10 24
+1 10
+11 12 0 0 1 0 0 1
-26 4 0 0 1 0 0 1
+9 4
+23 2
-32 6
+3 6
+4 8
+2 16
+2 8
-11 3 0 0 1 0 0 1
+7 6
+2 12

fl=(26) ./elf/./elf/dl-object.c
fn=(70) _dl_new_object
59 98 0 56 1 0 3 1 0 3
+3 14 0 0 1 0 0 1
+18 6 6
+3 6
-3 6 0 6
+3 6 0 6
cfi=(22)
cfn=(60)
calls=6 -42 
* 120 15
+4 12
-4 12
+9 12 0 6
fi=(28)
-48 18 6 12
cfi=(27)
cfn=(72)
calls=6 +34 
* 244 39 32 2 0 1 2 0 1
fe=(26)
+48 1 0 1
fi=(28)
-48 3 1 2 1 0 0 1
cfi=(27)
cfn=(72)
calls=1 +34 
* 43 7 6 5 1 1 5 1 1
* 7
fe=(26)
+51 14
+5 7 7
-2 7 0 7 0 0 6 0 0 6
+6 7
-4 7
+4 7 7
-5 7 0 7 0 0 7 0 0 7
+4 7
+1 7
-1 7 0 7 0 0 1 0 0 1
+1 14 0 14 1 0 0 1
cfi=(29)
cfn=(80)
calls=7 212 
* 88 22 15 2 1 9 2 1 9
* 14 7 7 0 0 2 0 0 2
+2 7 0 7
+13 14 7
+6 1
+2 7 2 2 1 1 0 1 1
+3 2 1
-3 42 12 12 0 6 0 0 6
+3 12 6
+9 7 7
-7 7 0 7
+4 7 0 7
+3 23 1 0 1 0 0 1
+2 1 0 1 0 0 1 0 0 1
-2 3
+2 15 0 15 0 0 3 0 0 3
-2 45
+16 14
-5 7 0 7 0 0 7 0 0 7
+5 7
-6 7 0 0 1 0 0 1
+6 7 7 0 0 1 0 0 1
-6 7 0 7
+6 14
+2 12 0 6 0 0 4 0 0 4
+3 12
-3 12
+7 24 6
+4 12
+8 2 0 1 1 0 0 1
+3 2 0 1 0 0 1 0 0 1
+10 3 1
-10 12 0 6 0 0 1 0 0 1
+10 18 6
+2 6
+21 6
-21 6 0 6
cfi=(22)
cfn=(60)
calls=6 41 
* 236 38
* 18 0 12 1 0 0 1
+17 6
-13 18
+50 18 6 6
cfi=(29)
cfn=(128)
calls=6 -46 
* 118 30 24 0 0 4 0 0 4
* 6
+5 12
+1 12 6
-1 182
+1 182 91
+2 12
+3 6 0 6
+3 6 0 6 0 0 2 0 0 2
+4 63 49 0 1 0 0 1
131 20 0 7 1 0 7 1 0 7
-12 12 6
+34 1 0 0 1 0 0 1
+7 4
+8 24 6 0 1 0 0 1
fi=(28)
56 12 6 6
cfi=(27)
cfn=(76)
calls=6 -21 
* 150 30 30
* 6
fe=(26)
200 24
64 2 0 0 2 0 0 2
+2 3 1
+1 2 0 0 1 0 0 1
+10 5 0 1
-6 2

fn=(82) _dl_add_to_namespace_list
31 14 0 7 1 0 0 1
+2 7
-2 14 0 7 1 0 0 1
+2 7
-2 14 0 7
+2 7 7 7
cfi=(24)
cfn=(84)
calls=7 +9 
* 21 7
+2 55 7
+3 108 27
+2 6 0 6
+2 6 0 6
+4 6
+4 6
-4 12 0 6
+1 6 6
+4 6 6
-4 6 0 6
+1 6
+3 6 6
-3 6 0 6
+3 6 6
-1 6 6
cfi=(24)
cfn=(84)
calls=6 -8 
* 18 6
-4 1 0 0 1 0 0 1
+4 1
-4 2 0 1
+1 1 1
+4 1 1
-4 1 0 1
+1 1
+3 1 1
-3 1 0 1
+3 1 1
-1 1 1
cfi=(24)
cfn=(84)
calls=1 -8 
* 3 1
-5 2 0 1

fl=(15) ./elf/../sysdeps/x86/dl-get-cpu-features.c
fn=(32) _dl_x86_init_cpu_features
37 1 0 0 1 0 0 1
+2 3 1
+2 1 0 0 1 0 0 1
cfi=(16)
cfn=(34)
calls=1 399 
* 7219 783 442 101 15 12 101 15 12

fn=(520) __x86_cpu_features
71 1 0 0 1
-32 3 1 0 0 1
+32 2 1

fl=(73) ./malloc/./malloc/scratch_buffer_set_array_size.c
fn=(244) __libc_scratch_buffer_set_array_size
30 60 0 18 2 0 0 2
+4 6
+1 12
+11 6
-1 12 6
+18 24 24 0 1 0 0 1

fl=(32)
fn=(90)
108 3653 0 0 13 0 0 1
+33 3653
+1 3653
+2 3653
+1 3653
+21 3653
+1 3653
+1 3205
+1 3205
+1 2904 2904 0 0 345 0 0 127
+1 2904 2904 0 17 53 0 1 13
+1 2904 2904
+1 2904 2904
+21 2904
+1 2904
+1 2904
+1 2904
+1 2904
+1 2904
+1 2904
+5 223
+1 669
+9 223 0 0 1
+1 223
+1 223
+1 223
+1 223
+1 223
+1 223
+1 223
-7 749 0 0 8 0 0 1
+1 749
+1 749
+1 749
+1 749
+1 749
+1 749
+1 749
+1 819
+1 371
+1 371
+1 371
+2 371
+1 371
+1 371
+1 371 371 0 0 16 0 0 1
+1 371
+1 371
-5 448
+1 448
+1 448
+1 448 448 0 0 14 0 0 1
+1 448
+1 448
+10 153 153 0 4 15 0 1 2
+1 153
+1 153
+2 153 153 0 0 7 0 0 5
+6 153
+1 153
+1 153
+1 153
+1 153
+5 153
+2 138
+1 138
+1 276
+8 138 138 0 3 14 0 1
+1 138 138 0 0 6 0 0 3
+3 138
+1 138
+1 138
+1 138
+1 138
+1 138
-9 29 29
+1 29 29 0 0 2 0 0 1
+3 29
+1 29
+1 29
+1 29
+1 29
+1 29
+6 48
+1 48 48
+1 48 48 0 0 4 0 0 3
+3 48
+1 48
+1 48
+1 48 0 0 1
+1 48
+1 48
+5 29
+1 29
+9 5 0 0 1 0 0 1
+1 5 5 0 0 1 0 0 1
+1 5 5 0 0 1
+1 5
+1 5
+2 5
+1 5
+1 5 0 0 2 0 0 1
+1 5
+1 5
+1 5
+1 5
+1 5 5
+3 5
+1 5
+1 5
+6 5
+1 5
+1 10
+4 5 0 0 2 0 0 1
+1 5
+3 5 5 0 0 2 0 0 2
+1 5 5 0 0 1 0 0 1
+1 5
+3 5
+1 5
+1 5
+6 5
+1 5
+1 5
+1 5
+1 5
+1 5 0 0 2 0 0 1
+6 3
+1 3
+2 3
+1 3
+2 3 3
+1 3 3
+1 3
+3 3
+1 3
+1 3
+6 3
+1 3
+1 3
+1 3
+1 3 0 0 1 0 0 1
+1 3
+48 6 0 0 1 0 0 1
+1 6 6 0 0 2 0 0 1
+1 6 6 0 0 2 0 0 1
+1 6
+1 6
+2 6
+1 6
+1 6 0 0 1 0 0 1
+1 6
+1 6
+1 6
+1 6
+1 6 6
+3 6
+1 6
+1 6
+6 6
+1 6
+1 12
+4 6 0 0 1 0 0 1
+1 6
+3 6 6 0 0 2 0 0 1
+1 6 6 0 0 1
+1 6
+3 6
+1 6
+1 6
+6 6
+1 6
+1 6
+1 6
+1 6
+1 6 0 0 1 0 0 1
+7 4
+1 4
+2 4
+1 4
+2 4 4 0 0 1 0 0 1
+1 4 4
+1 4
+3 4
+1 4
+1 4
+6 4
+1 4
+1 4
+1 4
+1 4 0 0 1 0 0 1
+1 4
+41 17 0 0 1 0 0 1
+1 17 17 0 0 1 0 0 1
+1 17 17 0 0 4 0 0 1
+1 17
+1 17
+2 17
+1 17
+1 17 0 0 1 0 0 1
+1 17
+1 17
+1 17
+1 17
+1 17 17
+4 17
+1 17
+1 17
+6 17
+1 17
+1 34
+4 17 0 0 1 0 0 1
+1 17
-1 4
+1 4
+3 21 21 0 0 4
+1 21 21 0 0 2
+1 21
+3 21
+1 21
+1 21
+6 21
+1 21
+1 21
+1 21
+1 21
+1 21 0 0 1 0 0 1
+7 7
+1 7
+2 7
+1 7
+2 7 7 0 0 1 0 0 1
+1 7 7 0 0 1 0 0 1
+1 7
+3 7
+1 7
+1 7
+6 7
+1 7
+1 7
+1 7
+1 7 0 0 1 0 0 1
+1 7
+7 4
+1 4
+1 4
+32 30 0 0 1 0 0 1
+1 30 30 0 0 6 0 0 2
+1 30 30 0 0 4 0 0 2
+1 30
+1 30
+2 30
+1 30
+1 30 0 0 1 0 0 1
+1 30
+1 30
+1 30
+1 30
+1 19 19
+4 19
+1 19
+1 19
+6 19
+1 19
+1 38
+4 19 0 0 1 0 0 1
+1 19
-1 5
+1 5
+3 24 24 0 0 4 0 0 1
+1 24 24 0 0 2 0 0 2
+1 24
+3 24
+1 24
+1 24
+6 24
+1 24
+1 24
+1 24
+1 24
+1 24 0 0 1 0 0 1
+7 8
+1 8
+2 8
+1 8
+2 8 8
+1 8 8
+1 8
+3 8
+1 8
+1 8
+6 8
+1 8
+1 8
+1 8
+1 8 0 0 1 0 0 1
+1 8
+7 5
+1 5
+1 5
+32 14 0 0 1 0 0 1
+1 14 14 0 0 3
+1 14 14 0 0 3 0 0 2
+1 14
+1 14
+2 14
+1 14
+1 14 0 0 1 0 0 1
+1 14
+1 14
+1 14
+1 14
+1 14 14
+4 14
+1 14
+1 14
+6 14
+1 14
+1 28
+4 14 0 0 1 0 0 1
+1 14
-1 1
+1 1
+3 15 15 0 0 3 0 0 2
+1 15 15 0 0 2
+1 15
+3 15
+1 15
+1 15
+6 15
+1 15
+1 15
+1 15
+1 15
+1 15 0 0 1 0 0 1
+7 6
+1 6
+2 6
+1 6
+2 6 6 0 0 1 0 0 1
+1 6 6 0 0 1
+1 6
+3 6
+1 6
+1 6
+6 6
+1 6
+1 6
+1 6
+1 6 0 0 1 0 0 1
+1 6
+7 1
+1 1
+1 1
+32 22 0 0 2 0 0 1
+1 22 22 0 0 4 0 0 2
+1 22 22 0 0 4
+1 22
+1 22
+2 22
+1 22
+1 22 0 0 2 0 0 1
+1 22
+1 22
+1 22
+1 22
+1 22 22
+4 22
+1 22
+1 22
+6 22
+1 22
+1 44
+4 22 0 0 2 0 0 1
+1 22
-1 7
+1 7
+3 29 29 0 0 5 0 0 3
+1 29 29 0 0 4 0 0 2
+1 29
+3 29
+1 29
+1 29
+6 29
+1 29
+1 29
+1 29
+1 29
+1 29 0 0 2 0 0 1
+7 17
+1 17
+2 17
+1 17
+2 17 17 0 0 2 0 0 1
+1 17 17 0 0 4 0 0 1
+1 17
+3 17
+1 17
+1 17
+6 17
+1 17
+1 17
+1 17
+1 17 0 0 1 0 0 1
+1 17
+7 7
+1 7
+1 7
+32 19 0 0 1 0 0 1
+1 19 19 0 0 3 0 0 3
+1 19 19 0 0 3
+1 19
+1 19
+2 19
+1 19
+1 19 0 0 1 0 0 1
+1 19
+1 19
+1 19
+1 19
+1 10 10
+4 10
+1 10
+1 10
+6 10
+1 10
+1 20
+4 10 0 0 1 0 0 1
+1 10
-1 5
+1 5
+3 15 15 0 0 2
+1 15 15 0 0 3 0 0 3
+1 15
+3 15
+1 15
+1 15
+6 15
+1 15
+1 15
+1 15
+1 15
+1 15 0 0 1 0 0 1
+7 10
+1 10
+2 10
+1 10
+2 10 10 0 0 2 0 0 1
+1 10 10
+1 10
+3 10
+1 10
+1 10
+6 10
+1 10
+1 10
+1 10
+1 10 0 0 1 0 0 1
+1 10
+7 5
+1 5
+1 5
+32 30 0 0 2 0 0 1
+1 30 30 0 0 2
+1 30 30 0 0 8 0 0 4
+1 30
+1 30
+2 30
+1 30
+1 30 0 0 2 0 0 1
+1 30
+1 30
+1 30
+1 30
+1 20 20
+4 20
+1 20
+1 20
+6 20
+1 20
+1 40
+4 20 0 0 1 0 0 1
+1 20
-1 11
+1 11
+3 31 31 0 0 8 0 0 3
+1 31 31 0 0 8 0 0 6
+1 31
+3 31
+1 31
+1 31
+6 31
+1 31
+1 31
+1 31
+1 31
+1 31 0 0 1 0 0 1
+7 13
+1 13
+2 13
+1 13
+2 13 13 0 0 3 0 0 3
+1 13 13
+1 13
+3 13
+1 13
+1 13
+6 13
+1 13
+1 13
+1 13
+1 13 0 0 1 0 0 1
+1 13
+7 11
+1 11
+1 11
+32 70 0 0 1 0 0 1
+1 70 70 0 0 11 0 0 4
+1 70 70 0 0 8 0 0 3
+1 70
+1 70
+2 70
+1 70
+1 70 0 0 1 0 0 1
+1 70
+1 70
+1 70
+1 70
+1 40 40
+4 40
+1 40
+1 40
+6 40
+1 40
+1 80
+4 40 0 0 1 0 0 1
+1 40
-1 4
+1 4
+3 44 44 0 0 8 0 0 3
+1 44 44 0 0 8 0 0 4
+1 44
+3 44
+1 44
+1 44
+6 44
+1 44
+1 44
+1 44
+1 44
+1 44 0 0 1 0 0 1
+7 16
+1 16
+2 16
+1 16
+2 15 15
+1 15 15 0 0 1
+1 15
+3 15
+1 15
+1 15
+6 15
+1 15
+1 15
+1 15
+1 15
+1 15
+7 4
+1 4
+1 4
+4 3 0 0 1 0 0 1
+1 3
+1 3
+1 3
+7 2
+1 2
+1 2
+4 1 1
+1 1
+1 1
+1 1
+9 195 0 0 1 0 0 1
+1 195 195 0 0 8 0 0 2
+1 195 195 0 0 12 0 0 1
+1 195
+1 195
+2 195
+1 195
+1 195 0 0 2 0 0 1
+1 195
+1 195
+1 195
+1 195
+1 184 184
+4 184
+1 184
+1 184
+6 184
+1 184
+1 368
+4 184 0 0 1 0 0 1
+1 184
-1 8
+1 8
+3 192 192 0 0 11 0 0 3
+1 192 192 0 0 9 0 0 4
+1 192
+3 192
+1 192
+1 192
+6 192
+1 192
+1 192
+1 192
+1 192
+1 192 0 0 1 0 0 1
+7 15
+1 15
+2 15
+1 15
+2 15 15 0 0 1 0 0 1
+1 15 15 0 0 1 0 0 1
+1 15
+3 15
+1 15
+1 15
+6 15
+1 15
+1 15
+1 15
+1 15 0 0 1 0 0 1
+1 15
+7 8
+1 8
+1 8
+4 1
+1 1
+1 1
+1 1
+7 1
+1 1
+1 1
+16 50 0 0 4 0 0 1
+1 50 50 0 0 6 0 0 1
+1 50 50 0 0 7 0 0 2
+1 50
+1 50
+2 50
+1 50
+1 50 0 0 4 0 0 1
+1 50
+1 50
+1 50
+1 50
+1 37 37
+4 37
+1 37
+1 37
+6 37
+1 37
+1 74
+4 37 0 0 2 0 0 1
+1 37
-1 9
+1 9
+3 46 46 0 0 9 0 0 5
+1 46 46 0 0 6 0 0 4
+1 46
+3 46
+1 46
+1 46
+6 46
+1 46
+1 46
+1 46
+1 46
+1 46 0 0 2 0 0 1
+7 14
+1 14
+2 14
+1 14
+2 14 14 0 0 1
+1 14 14 0 0 3 0 0 2
+1 14
+3 14
+1 14
+1 14
+6 14
+1 14
+1 14
+1 14
+1 14 0 0 1 0 0 1
+1 14
+7 9
+1 9
+1 9
+32 97 0 0 5 0 0 1
+1 97 97 0 0 11 0 0 1
+1 97 97 0 0 14 0 0 9
+1 97
+1 97
+2 97
+1 97
+1 97 0 0 5 0 0 1
+1 97
+1 97
+1 97
+1 97
+1 36 36
+4 36
+1 36
+1 36
+6 36
+1 36
+1 72
+4 36 0 0 3 0 0 1
+1 36
-1 13
+1 13
+3 49 49 0 0 11 0 0 8
+1 49 49 0 0 10 0 0 5
+1 49
+3 49
+1 49
+1 49
+6 49
+1 49
+1 49
+1 49
+1 49
+1 49 0 0 3 0 0 1
+7 19
+1 19
+2 19
+1 19
+2 19 19 0 0 1 0 0 1
+1 19 19 0 0 3 0 0 1
+1 19
+3 19
+1 19
+1 19
+6 19
+1 19
+1 19
+1 19
+1 19 0 0 1 0 0 1
+1 19
+7 13
+1 13
+1 13
+32 46 0 0 3 0 0 1
+1 46 46 0 0 10 0 0 6
+1 46 46 0 0 12 0 0 9
+1 46
+1 46
+2 46
+1 46
+1 46 0 0 3 0 0 1
+1 46
+1 46
+1 46
+1 46
+1 36 36
+4 36
+1 36
+1 36
+6 36
+1 36
+1 72
+4 36 0 0 1 0 0 1
+1 36
-1 12
+1 12
+3 49 49 0 0 9 0 0 7
+1 49 49 0 0 10 0 0 5
+1 49
+3 49
+1 49
+1 49
+6 49
+1 49
+1 49
+1 49
+1 49
+1 49 0 0 1 0 0 1
+7 27
+1 27
+2 27
+1 27
+2 26 26 0 0 3
+1 26 26 0 0 2 0 0 1
+1 26
+3 26
+1 26
+1 26
+6 26
+1 26
+1 26
+1 26
+1 26 0 0 1 0 0 1
+1 26
+7 12
+1 12
+1 12
+4 1
+1 1
+1 1
+1 1
+7 1
+1 1
+1 1
+16 109 0 0 4 0 0 1
+1 109 109 0 0 13 0 0 5
+1 109 109 0 0 16 0 0 3
+1 109
+1 109
+2 109
+1 109
+1 109 0 0 4 0 0 1
+1 109
+1 109
+1 109
+1 109
+1 93 93
+4 93
+1 93
+1 93
+6 93
+1 93
+1 186
+4 93 0 0 3 0 0 1
+1 93
-1 10
+1 10
+3 103 103 0 0 16 0 0 11
+1 103 103 0 0 10 0 0 7
+1 103
+3 103
+1 103
+1 103
+6 103
+1 103
+1 103
+1 103
+1 103
+1 103 0 0 3 0 0 1
+7 22
+1 22
+2 22
+1 22
+2 22 22 0 0 1
+1 22 22 0 0 2 0 0 2
+1 22
+3 22
+1 22
+1 22
+6 22
+1 22
+1 22
+1 22
+1 22 0 0 1 0 0 1
+1 22
+7 10
+1 10
+1 10
+32 109 0 0 5 0 0 1
+1 109 109 0 0 19 0 0 14
+1 109 109 0 0 17 0 0 9
+1 109
+1 109
+2 109
+1 109
+1 109 0 0 6 0 0 1
+1 109
+1 109
+1 109
+1 109
+2 53 53
+4 53
+1 53
+1 53
+6 53
+1 53
+2 106
+4 53 0 0 4 0 0 1
+1 53
-1 10
+1 10
+3 63 63 0 0 12 0 0 8
+1 63 63 0 0 10 0 0 9
+1 63
+3 63
+1 63
+1 63
+6 63
+1 63
+1 63
+1 63
+1 63
+1 63 0 0 4 0 0 1
+7 25
+1 25
+2 25
+1 25
+2 25 25 0 0 1
+1 25 25 0 0 4 0 0 4
+1 25
+3 25
+1 25
+1 25
+6 25
+1 25
+1 25
+1 25
+1 25 0 0 1 0 0 1
+1 25
+7 10
+1 10
+1 10
+27 1
+1 1
+1 1
+1 2
+4 1
+2 1
+1 1
+1 1
+1 1
-5 729 0 0 5
+2 729
+1 729
+1 729
+1 729
-3 242 0 0 3 0 0 1
+1 242
+1 242
+1 242
+1 742
+5 371 0 0 1
+6 371 371
+1 371 371
+8 371
+1 371 371
-16 3282 0 0 9 0 0 1
+6 3282 3282
+1 3282 3282
+8 3282
+1 3282 3282

fl=(59) ./io/../sysdeps/unix/sysv/linux/fstatat64.c
fn=(196) fstatat
153 72 0 0 1 0 0 1
-55 72
+70 81
+1 9 9
-2 54 0 27
+1 54 27

fl=(167)
fn=(558)
77 12 0 6 1 0 0 1
+1 1 1 0 0 1
+1 1 1
+3 3 1 0 1 0 0 1
+8 2
+25 1 1
+1 5
+1 2 2 0 0 1
-86 4 2 0 1 0 0 1
+86 14 14 0 0 2
-86 28 14
+2 44 8 7
cfn=(560) call_init.part.0
calls=7 -7 
* 32901 9089 3099 320 652 118 312 96 66
+83 24
+7 8 7 0 1 1 0 1
-92 4 2 0 1 0 0 1
+2 6 1 1 0 0 1
cfn=(560)
calls=1 -7 
* 61 19 9 10 5 1 10
+52 2 0 1 1 0 0 1

fn=(560)
26 64 0 40 1 0 0 1
+13 8 8
-13 8
+16 8 8 0 0 1
-3 16 0 8 1 0 0 1
+3 16 8 0 0 6
+5 14 7
+8 21 7 0 0 6
+1 30 10 5 0 5
cob=(2)
cfi=(51)
cfn=(822) 0x0000000004853000
calls=1 -56 
* 7 2 0 1 1 0 1
cob=(2)
cfi=(51)
cfn=(612) 0x000000000493c000
calls=1 -56 
* 7 2 0 1 1 0 1
cob=(2)
cfi=(51)
cfn=(602) 0x0000000004adc000
calls=1 -56 
* 7 2 0 1 1 0 1
cob=(2)
cfi=(51)
cfn=(590) 0x0000000004bb8000
calls=1 -56 
* 7 2 0 1 1 0 1
cob=(2)
cfi=(51)
cfn=(562) 0x000000000483f000
calls=1 -56 
* 26 5 2 6 1 1 6
+3 7 7 0 1 5 0 1
+1 14
+6 10 10 0 0 5
+2 10 10
-2 5
+3 50
+1 80 20 20 0 1
cob=(8)
cfi=(197) /home/m0hawk/.cmdstan/cmdstan-2.39.0/stan/lib/stan_math/lib/tbb/../tbb_2020.3/src/tbb/tbb_main.cpp
cfn=(958) _GLOBAL__sub_I_tbb_main.cpp
calls=1 585 
* 1119 339 176 12 16 3 12 4 3
cob=(8)
cfi=(209) /home/m0hawk/.cmdstan/cmdstan-2.39.0/stan/lib/stan_math/lib/tbb/../tbb_2020.3/src/tbb/observer_proxy.cpp
cfn=(956) _GLOBAL__sub_I_observer_proxy.cpp
calls=1 363 
* 5 1 2 1 0 1 1 0 1
cob=(8)
cfi=(195) /home/m0hawk/.cmdstan/cmdstan-2.39.0/stan/lib/stan_math/lib/tbb/../tbb_2020.3/src/tbb/scheduler.cpp
cfn=(878) _GLOBAL__sub_I_scheduler.cpp
calls=1 1400 
* 10231 3607 983 67 234 29 65 16 5
cob=(8)
cfi=(184) /home/m0hawk/.cmdstan/cmdstan-2.39.0/stan/lib/stan_math/lib/tbb/../tbb_2020.3/src/tbb/dynamic_link.cpp
cfn=(832) _GLOBAL__sub_I_dynamic_link.cpp
calls=1 573 
* 14033 3346 643 62 230 6 56 54 1
cob=(7)
cfi=(175)
cfn=(816) 0x00000000000aaec0
calls=1 -70 
* 247 46 48 2 0 1 2 0 1
cob=(7)
cfi=(175)
cfn=(790) 0x00000000000aae00
calls=1 -70 
* 50 25 12 3 10 0 3 2
cob=(7)
cfi=(175)
cfn=(764) 0x00000000000aad40
calls=1 -70 
* 50 25 12 3 12 0 3 2
cob=(7)
cfi=(175)
cfn=(746) 0x00000000000aacc0
calls=1 -70 
* 34 17 8 2 8 0 2 1
cob=(7)
cfi=(175)
cfn=(728) 0x00000000000aac40
calls=1 -70 
* 34 17 8 2 9 0 2 1
cob=(7)
cfi=(175)
cfn=(726) 0x00000000000aac20
calls=1 -70 
* 82 15 15 0 0 1
cob=(7)
cfi=(175)
cfn=(722) 0x00000000000aabe0
calls=1 -70 
* 166 31 32 1 0 1 1
cob=(7)
cfi=(175)
cfn=(720) 0x00000000000aabc0
calls=1 -70 
* 82 15 15 1 0 0 1
cob=(7)
cfi=(175)
cfn=(718) 0x00000000000aaa60
calls=1 -70 
* 44 13 28 5 3 6 5 3 6
cob=(7)
cfi=(175)
cfn=(692) 0x00000000000aa970
calls=1 -70 
* 78 7 36 4 1 4 4
cob=(7)
cfi=(175)
cfn=(658) 0x00000000000aa900
calls=1 -70 
* 2732 507 496 78 29 50 78 8 46
cob=(7)
cfi=(175)
cfn=(656) 0x00000000000aa8f0
calls=1 -70 
* 3 1 1 0 0 1
cob=(7)
cfi=(175)
cfn=(646) 0x00000000000aa8d0
calls=1 -70 
* 842 264 136 3 11 1 3 1
cob=(7)
cfi=(175)
cfn=(622) 0x00000000000aa840
calls=1 -70 
* 2036 624 325 15 43 10 15 1 2
cob=(6)
cfi=(173)
cfn=(596) 0x0000000000004600
calls=1 -70 
* 12 1 0 2 0 0 2
cob=(3)
cfi=(172) ./libio/./libio/vtables.c
cfn=(588) check_stdfiles_vtables
calls=1 +13 
* 12 7 0 2 4 0 2
* 20 5 5 0 5
cob=(8)
cfi=(183)
cfn=(826) 0x00000000000122c0
calls=1 -70 
* 12 1 0 2 0 0 2
cob=(7)
cfi=(175)
cfn=(616) 0x00000000000aafc0
calls=1 -70 
* 12 1 0 2 0 0 2
cob=(4)
cfi=(174)
cfn=(606)
calls=1 -70 
* 12 1 0 3 0 0 3
cob=(6)
cfi=(173)
cfn=(594) __cpu_indicator_init
calls=1 -70 
* 364 17 43 34 3 1 34 2
cob=(3)
cfi=(169) ./csu/./csu/init-first.c
cfn=(580) _init_first
calls=1 -24 
* 110 19 9 10 5 3 10 1 1
-1 75
+3 48 48 0 1 0 0 1
-29 2

fl=(229) ./elf/./elf/dl-close.c
fn=(1120) _dl_close
783 10 0 5 5 0 0 1
+5 5
-5 10 0 5
+5 5 0 0 5 0 0 1
-5 5
+5 5 5 5
cob=(3)
cfi=(189)
cfn=(854)
calls=5 77 
* 215 55 25
+7 10 5
+17 15 5
149 5
-7 5
+7 5
-7 5 0 5 3 0 0 1
+7 15 5
821 5
-1 5
+1 10 10
-1 5 5
cob=(3)
cfi=(191)
cfn=(862)
calls=5 367 
* 170 35 20
156 10 5 0 2 0 0 1

fl=(225)
fn=(1110) _dl_error_free
39 7 0 0 2 0 0 1
+1 21
fi=(28)
+10 7 7 0 3 0 0 1
cob=(3)
cfi=(177) ./malloc/./malloc/malloc.c
cfn=(1114) free
calls=7 3352 
* 623 196 105 10 5 0 10
fe=(225)

fn=(1088)
107 95 0 55 4 0 0 2
+1 10
+2 15 0 5
cfi=(22)
cfn=(60)
calls=5 -69 
* 305 65 0 13 7
* 15 0 5 2 0 0 1
+3 5
+3 25 0 15
+1 15 5 0 0 5 0 0 1
+7 15 5 0 2 0 0 1
+24 180
-31 360 90 0 0 3 0 0 1
+3 105
-2 210
+3 120 15 0 2 0 0 1
+3 135 30 30
cfi=(22)
cfn=(60)
calls=15 -83 
* 327 42 0 0 4
-7 15
+7 15
-7 50 15
+35 10 0 0 2 0 0 1
fi=(28)
-96 10 5 5
cob=(3)
cfi=(177)
cfn=(664) malloc
calls=5 3287 
* 503 103 74 7 1 2 0 0 2
* 5
fe=(225)
158 10
+5 10 5 5
-91 5 5
+1 30 10
174 5 0 5 2 0 0 1
-3 10 0 5
+3 20 0 10
+2 25 5
+54 180
+2 90 0 90
+1 180
-57 420 105
+1 210 0 0 2 0 0 1
+3 15 15
-1 15
+1 30
+56 10 0 0 2 0 0 1
+3 5
+1 10 5
-2 5 0 5 2 0 0 1
+2 15
+2 15 0 5
cfi=(29)
cfn=(80)
calls=5 -30 
* 135 45 40 6 0 1 0 0 1
* 10 5 5
+3 40 35
-61 120 45 15 2 0 0 1
+1 30 0 15
cfi=(22)
cfn=(60)
calls=15 41 
* 327 42
* 15
+1 60 0 0 4 0 0 1
+2 45 0 15
cfi=(29)
cfn=(128)
calls=15 +11 
* 203 27 12 11 0 1 0 0 1
* 15
+2 15

fn=(1158) _dl_exception_create
84 32 0 14 1 0 0 1
+1 4
+2 6 0 2
cfi=(22)
cfn=(60)
calls=2 -46 
* 122 26
* 2
+1 4 0 2
cfi=(22)
cfn=(60)
calls=2 -47 
* 70 10 0 0 2 0 0 2
* 2
+1 2
fi=(28)
-33 2 2 2 1 0 0 1
cob=(3)
cfi=(177)
cfn=(664)
calls=2 3287 
* 230 46 34 0 0 1 0 0 1
* 2
fe=(225)
+34 4
+3 8 0 2
cfi=(29)
cfn=(128)
calls=2 199 
* 26 6 4
* 8 0 2
cfi=(29)
cfn=(80)
calls=2 212 
* 54 18 16 0 0 1 0 0 1
* 4
-21 2 2
+21 4 0 2 1 0 0 1
-20 10 2
+5 2 0 2
+23 16 14

fl=(31)
fn=(88) _dl_process_pt_gnu_property
868 7 0 0 1 0 0 1
+8 7 7
-8 7
+8 7
-6 7 7
+12 14
-13 7 7
+13 7
-13 7 7 0 1 0 0 1
+13 14
+3 21 7 0 0 6 0 0 6
+1 14 7 0 0 1 0 0 1
+1 14 7 0 1 0 0 1
+43 7 7

fn=(134) decompose_rpath
580 11 0 6 1 0 0 1
+11 1 1
-9 1 1
+9 2
+31 2 1 0 0 1 0 0 1
+7 1 0 1 1 0 0 1
cfi=(45) ./string/./string/strdup.c
cfn=(136) strdup
calls=1 40 
* 123 26 13 7 1 1 7 1 1
* 1
+1 2
+8 4 1
-1 2
+3 2
-2 1 0 0 1 0 0 1
+2 2
-2 3 1
+2 124
-2 62
+2 124
-2 186 62
+6 1
fi=(28)
56 1 1 1
cfi=(27)
cfn=(76)
calls=1 -21 
* 25 5 5
* 1
fe=(31)
646 2
+8 7 0 1 1 0 0 1
cfn=(140) fillin_rpath.isra.0
calls=1 468 
* 1168 283 68 20 1 4 20 1 4
fi=(28)
50 2 1 1
cfi=(27)
cfn=(148)
calls=1 +45 
* 5 2
fe=(31)
661 2 1
+7 1 0 1
+3 1
-1 1 0 1
+2 8 7

fn=(220) open_path
1870 80 0 60 1 0 2 1 0 2
+1 10 10
-1 60 10 50 1 0 2 1 0 2
+1 10 0 10
+6 20
+5 160 20 0 1 0 0 1
-7 20 0 20 1 0 0 1
+7 10
-8 10 0 10
+8 20
+3 20 20
+9 60 10 10 1 0 0 1
-9 20 20
+9 60 10 10
+7 60 40
+1 20
-1 20 0 20 0 0 1 0 0 1
cfi=(29)
cfn=(128)
calls=20 199 
* 300 60 40
-12 20 0 20
+12 20
+59 100 0 20
-58 80 20 0 1 0 0 1
+3 400 200
+5 736 276 92
cfi=(29)
cfn=(128)
calls=92 199 
* 1228 236 144 0 0 1 0 0 1
* 368 184 92 1 0 0 1
cfi=(29)
cfn=(128)
calls=92 199 
* 1196 276 184
+3 184 0 92
+6 276 92
+3 552 276 92 1 0 0 1
cfn=(222) open_verify.constprop.0
calls=92 1568 
* 5197 879 833 13 11 4 13 11 4
* 92
+2 276 92
+2 60
+1 1 0 1
+23 1 0 1
+2 3 1
-50 1 0 1 1 0 0 1
fi=(28)
56 2 2 1
cfi=(27)
cfn=(76)
calls=1 -21 
* 25 5 5
fe=(31)
1977 1 1
+1 2 1
-1 1 0 1
+1 1
+2 5 1 2
cfi=(29)
cfn=(80)
calls=1 212 
* 27 9 8 1 0 1 1 0 1
+1 2 1
+10 152 38 0 2 0 0 2
+7 38 19 19
-2 38 19 19
+2 38 19
+3 27 9
-13 9
+27 90 70
-65 248 0 62
+2 124
-50 1048 91 0 1 0 0 1
+29 58 0 0 1 0 0 1
+1 203 87
+6 58 58 0 1 0 0 1
+2 29
-2 29 0 29
+2 58 29 29
cfi=(67) ./io/../sysdeps/unix/sysv/linux/stat64.c
cfn=(224) stat
calls=29 28 
* 460 29 27 1 0 0 1
* 29
+3 29
-3 58
+1 2 2 0 0 1 0 0 1
+2 4
-2 2
+2 70 2 31 1 0 0 1
-61 20 0 10 1 0 0 1

fn=(144) expand_dynamic_string_token
385 42 0 30 3 0 0 1
241 6 0 0 2 0 0 1
385 6 0 6
241 6
385 6
241 6 0 6 0 0 1
cfi=(42)
cfn=(118)
calls=6 23 
* 348 51 0 3 0 0 3
+3 12
410 6
-11 6
+11 36 36
-11 6
cfi=(45)
cfn=(136)
calls=6 40 
* 796 161 106 2 0 10 0 0 10

fn=(106) _dl_init_paths
706 11 0 7 1 0 0 1
+14 1
-14 2 0 1
+14 2 0 1 1 0 0 1
cfi=(38)
cfn=(108)
calls=1 175 
* 1847 337 256 59 4 10 59 4 10
fi=(28)
56 1
fe=(31)
720 1 0 1 0 0 1 0 0 1
fi=(28)
56 1 1 1
cfi=(27)
cfn=(76)
calls=1 -21 
* 25 5 5
fe=(31)
725 1 0 1
+2 2
+7 2
+1 2 1 0 1 0 0 1
-1 3
+5 3
fi=(28)
56 1 1 1
cfi=(27)
cfn=(76)
calls=1 -21 
* 25 5 5
fe=(31)
739 1 0 1 0 0 1 0 0 1
+2 4 2
+17 1
-10 1 0 1 1 0 0 1
+19 1 1
-11 1
-9 1 0 1
+9 1 0 1
+12 2
-10 1 0 1 0 0 1 0 0 1
+3 2 0 1
+9 1 0 0 1 0 0 1
-7 1
+4 1 0 1
+3 2 0 1
-3 1 1
-8 1 0 1
+3 1 0 1
+8 1 0 1
-3 1
+1 16 0 4
cfi=(44) ./string/../sysdeps/x86_64/multiarch/memset-vec-unaligned-erms.S
cfn=(132) memset
calls=4 125 
* 72 4 16 2 0 2 2 0 2
+2 18 6 0 1 0 0 1
-14 3
+10 3
+4 3 0 3
-12 3
-2 3 0 3
+2 3 0 3
+4 3 3 0 0 1 0 0 1
-3 3 0 3 0 0 1 0 0 1
+3 3 0 3 0 0 1 0 0 1
+1 3 0 0 1 0 0 1
-2 3 0 3
+5 6 3 0 0 1 0 0 1
+1 3 3
-4 3
+4 3
+15 1 1
+3 1
-15 1 0 1 1 0 0 1
+7 1 0 1
-1 1 0 1
+9 2
+2 4 1
+2 3 1 0 1 0 0 1
+5 5 3
+1 1 1
-2 2
+2 1
-2 2 0 1
cfn=(134)
calls=1 580 
* 1879 393 98 31 3 5 31 3 5
+6 1 0 1
+3 1 0 1 1 0 0 1
+23 5 2
+2 2 0 1
cfi=(22)
cfn=(60)
calls=1 41 
* 35 5
* 18 1 1 2 0 0 2
cfi=(29)
cfn=(80)
calls=1 212 
* 19 5 4
* 1
+5 4 1 0 1 0 0 1
-1 2
+2 1
+1 2
-2 4 1
+1 36
+1 72
-2 144 36
+5 1
fi=(28)
56 1 1 1
cfi=(27)
cfn=(76)
calls=1 -21 
* 25 5 5
fe=(31)
836 1 0 1
fi=(28)
56 1
fe=(31)
838 2 0 0 1 0 0 1
+6 6 1 1
cfn=(140)
calls=1 468 
* 1555 377 134 0 3 5 0 3 5
+3 3 2
+6 1 0 1
+4 8 7
-30 2 0 1 1 0 0 1

fn=(176)
2022 240 0 192 3 0 9 1 0 5
+8 48
+1 96 24 0 3 1 0 1 1
+3 477 119
+5 777 222 0 3 0 0 1
+2 333 0 111 0 0 3
cfi=(54)
cfn=(178) _dl_name_match_p
calls=111 68 
* 10538 2409 458 37 24 3 25 3 1
* 222
+4 190 95
+1 285 95 0 0 7
+4 61 61 0 1 6 0 1
-1 305 183
+1 61
+1 61
-1 61
+1 61 0 61
cfi=(32)
cfn=(90)
calls=61 108 
* 1994 403 0 2 5 0 2
* 122
2329 198 154 0 2
2068 8 0 0 1 0 0 1
+1 8
-1 8 0 8
+1 8
-1 8 8
+1 8 0 8
-1 16 8
-44 8 0 8 2 0 0 1
+53 24 8
+17 16
-2 8 0 8 0 0 3 0 0 2
+2 8 0 8
cfi=(42)
cfn=(118)
calls=8 23 
* 192 24
* 16
2260 6
-1 9 0 3 2 0 0 1
cfn=(144)
calls=3 385 
* 836 168 92 5 0 7 0 0 6
+2 3
-3 3 0 3
+1 3
+2 6
+4 15 0 6
cfn=(180) open_verify.constprop.1
calls=3 1568 
* 391 78 32 26 11 2 17 11 2
+3 6 3
-3 3
+3 3 0 0 2 0 0 1
+12 4 1
+46 1 1
+1 3
-1 1 0 1
+1 9 3 5 1 0 0 1
cfn=(188) _dl_map_object_from_fd
calls=1 944 
* 1819 390 195 69 22 25 69 22 25
-1 5 5
+1 15
-1 5 0 5
+1 45 15 25
cfn=(188)
calls=5 944 
* 10740 2080 1595 13 116 220 13 116 218
* 18
2098 10 0 5 1 0 0 1
cfi=(22)
cfn=(60)
calls=5 41 
* 85 10
* 10 0 5
+2 10 5
+7 20 5
+50 15 5 0 1 0 0 1
+1 55 5 20
cfn=(220)
calls=5 1870 
* 11656 2552 1624 20 1 10 20 1 10
+6 5
-6 5
+6 20 5 0 1 0 0 1
682 5 5
2165 5
682 10
+3 10
2167 60 5 20 1 0 0 1
cfn=(220)
calls=5 1870 
* 3082 672 421 11 11 1 11 11 1
* 10
+4 10
+81 10 5
+28 20 5
+2 20 0 0 1 0 0 1
fi=(28)
50 4 4 2 1
cob=(3)
cfi=(177)
cfn=(1114)
calls=2 3352 
* 178 56 30
fe=(31)
2280 8 2
+4 6 2
+32 4 2 0 1 0 0 1
2173 4 0 4 1 0 0 1
+14 8
+2 12 4 0 0 1
+4 8 0 4 1 0 0 1
cfi=(68)
cfn=(228) _dl_load_cache_lookup
calls=4 416 
* 5936 971 233 24 61 4 24 61 4
* 4
+2 8
+4 8
+8 12 4
+23 24 0 8 1 0 0 1
cfn=(222)
calls=4 1568 
* 1246 258 69 9 1 1 9 1 1
+4 8 4
-4 4
+4 4
+1 8 0 4
+87 10 2 2 1 0 0 1
cob=(2)
cfi=(51)
cfn=(1150) 0x0000000004002070
calls=2 0 
* 1730 494 239 8 23 21 6 3 18

fn=(140)
468 14 0 12 1 0 0 1
+4 2
-4 16 0 10 1 0 0 1
+6 6 2 2
cfi=(7) ./elf/./elf/dl-minimal.c
cfn=(142) strsep
calls=2 239 
* 1065 303 3 2 3 0 2 3
* 12 4 4
cfi=(7)
cfn=(142)
calls=4 239 
* 276 85 3
* 18
+7 8 4
+2 9 3 3
cfn=(144)
calls=3 -98 
* 446 80 56 5 0 4 5 0 4
* 3
+4 6
+5 6 0 3 1 0 0 1
cfi=(22)
cfn=(60)
calls=3 41 
* 87 12 0 0 1 0 0 1
* 3
+1 6
+7 15 3
+9 75 25 0 1 0 0 1
+1 48 23 1
cfi=(43)
cfn=(124)
calls=1 22 
* 33 3
* 2
+55 8 0 4 1 0 0 1
fi=(28)
50 8 8 4
cfi=(27)
cfn=(148)
calls=4 +45 
* 20 8 0 1 0 0 1
+1 4
fe=(31)
509 1 1
-31 1
-1 1 0 1
+32 2
+19 10 5 1 1 0 0 1
cfi=(22)
cfn=(60)
calls=1 41 
* 17 2
* 2 0 1
+4 3 2 0 1 0 0 1
fi=(28)
56 1 1 1
cfi=(27)
cfn=(76)
calls=1 -21 
* 25 5 5
fe=(31)
532 9 6
fi=(28)
56 3 3 3
cfi=(27)
cfn=(76)
calls=3 -21 
* 75 15 15
* 4
fe=(31)
534 8
+5 4 4
+1 8
-1 4
-1 4 0 4
+2 4 0 4
cfi=(29)
cfn=(128)
calls=4 199 
* 60 12 8 0 0 4 0 0 4
+3 4 4 0 1 0 0 1
-3 4 0 4 0 0 1 0 0 1
+1 4 0 4
+2 4
+1 1 0 1
+5 1
+1 1 1
-1 3 1
+1 2
-1 3
+1 3 3
-1 9 3
+1 42 0 0 1 0 0 1
+1 4
-1 4
+1 8 0 4
-1 8
+1 4
-1 4
+1 8 0 4
-1 24
+1 4
-1 4 0 0 1 0 0 1
+1 4 0 4
-1 12
+1 4 0 4
-1 8
+3 4 4
+1 4 4
-1 4 0 4
+1 8
+2 1
-1 3 1 1
cfi=(29)
cfn=(80)
calls=1 212 
* 14 2 1
* 4 0 4
+6 8 4 4
+1 8 0 4
-57 12 0 6 1 0 0 1
+66 2 0 2
+3 16 14 0 1 0 0 1
-46 12 0 3

fn=(222)
1568 1056 0 576 1 0 1 1 0 1
+39 288 96
+19 384 0 96 0 0 1 0 0 1
cfi=(55) ./io/../sysdeps/unix/sysv/linux/open64_nocancel.c
cfn=(182) __open_nocancel
calls=96 28 
* 2097 96 187 0 0 2 0 0 2
* 96
+2 192 0 0 1 0 0 1
+11 5 0 5
+6 10
-5 5 0 5
+5 40 5 10
cfi=(56) ./io/../sysdeps/unix/sysv/linux/read_nocancel.c
cfn=(184) __read_nocancel
calls=5 25 
* 30 5
+2 10 0 0 1 0 0 1
+2 10 5 5
+2 10
+6 10
+17 55 20 0 1 0 0 1
fi=(28)
50 10 5 5
cfi=(27)
cfn=(148)
calls=5 +45 
* 25 10
fe=(31)
1856 864 672 0 1 0 0 1
1674 15 5
+74 10 5 0 1 0 0 1
+5 10 5
+2 20 5
+6 10 5 0 0 1 0 0 1
+6 5 5
+1 5 5
-1 15 0 0 1 0 0 1
+1 5
-1 5
+1 10
+1 8 4
+20 15
+31 5
-31 5
1633 5
1820 10 0 0 1 0 0 1
-31 288
+1 130 60 0 0 9 0 0 9
+1 40 10 0 1 0 0 1
+4 40 20
+6 4
+1 28 0 0 1 0 0 1
+10 12 0 8 1 0 1 1 0 1
cfi=(72) ./io/../sysdeps/unix/sysv/linux/pread64_nocancel.c
cfn=(242) __pread64_nocancel
calls=2 25 
* 14 2
* 16 6
+8 72 24 0 1 2 0 1 2
+15 4
+6 2 2
-3 2 2
+1 2 2
+1 2 2
+1 4
-3 2
+1 2
+1 2
+2 2 2
-3 6
-1 2
+4 4
-19 90 30 0 2 0 0 2
+3 10
-4 10
+4 20
+5 2
+1 20 8
-60 13 0 0 2 0 0 2
+1 3 0 0 1 0 0 1
-1 1
+1 3 0 2
cfi=(72)
cfn=(242)
calls=1 25 
* 7 1 0 1 0 0 1
* 3 1
+16 5 1
+7 24 8
1612 182 0 0 1 0 0 1
+62 9 3 0 2 0 0 2
1802 4 0 2
-30 2 0 1 1 0 0 1

fn=(180)
1568 33 0 18 3 0 0 1
+39 9 3 0 3 0 0 1
+19 12 0 3 0 0 1 0 0 1
cfi=(55)
cfn=(182)
calls=3 28 
* 63 3 5 5 0 0 2
* 3
+2 6
+11 1 0 1
+6 2
-5 1 0 1 0 0 1 0 0 1
+5 8 1 2 1 0 0 1
cfi=(56)
cfn=(184)
calls=1 25 
* 6 1 0 1 0 0 1
+2 2
+2 2 1 1
+2 2
+6 2
+17 11 4 0 1 0 0 1
fi=(28)
50 2 1 1 1 0 0 1
cfi=(27)
cfn=(148)
calls=1 +45 
* 5 2
fe=(31)
1856 27 21 0 2
1674 3 1 0 1 0 0 1
+74 2 1
+5 2 1
+2 4 1 0 1 0 0 1
+6 2 1
+6 1 1 0 0 1 0 0 1
+1 1 1
-1 3
+1 1
-1 1
+1 2
+1 2 1
+20 3 0 0 1 0 0 1
+31 1
-31 1
1633 1
1820 2
-31 66
+1 28 13 0 1 7 0 1 7
+1 8 2 0 0 1 0 0 1
+4 8 4
+25 12 4 0 1 2 0 1 2
+3 18 6 0 1 0 0 1
+3 2
-4 2
+4 4
+6 4 2 0 1 0 0 1
-36 6 2 0 1 0 0 1
1612 4 0 0 1 0 0 1

fn=(188)
944 60 0 42 0 0 1 0 0 1
+10 6 6
-10 24 0 24 1 0 1 1 0 1
+10 6 0 6 0 0 1 0 0 1
cfi=(46)
cfn=(190)
calls=6 38 
* 42 12
* 6 0 6
+7 24 6 6 0 0 1 0 0 1
+85 24 6 6 1 0 0 1
+10 12 6
+7 42 30 6 1 0 0 1
cfi=(26)
cfn=(70)
calls=6 59 
* 2116 413 316 4 6 46 4 6 46
* 6
+1 12
+11 12 12
+5 6 6
-5 6 0 6 0 0 4 0 0 4
+1 12 6 6
+1 6 6
+2 6
-2 6 0 6 1 0 0 1
+2 12
+1 18 6
+1 10 0 5
+19 10 5
-2 5 0 5
+2 52 1 0 1 0 0 1
-2 1 0 1
+2 70 0 12 1 0 0 1
+10 24 6
+85 6 6
-58 6 6
-34 6 0 6 1 0 0 1
-1 6 0 6
+93 6 0 6
+6 6 6
-64 12 0 6
+9 6
+55 12
-55 6 0 6
-42 6
+97 12 0 6 1 0 0 1
1101 6
-5 12 0 6
+15 164
+20 2 1 1
+1 1
-22 192
+1 362 70 0 1 2 0 1 2
1213 12 12
1110 6
1213 12 0 6 0 0 3 0 0 3
1110 18 0 0 1 0 0 1
1218 18
+10 12
+1 6
-1 6
+1 6 0 6
-1 18
+1 18
-1 18
+1 18 0 18
-1 54
1076 12 6 6
1235 12 0 0 1 0 0 1
+10 24 12
+7 12 6
fi=(61) ./elf/./dl-map-segments.h
96 6 6
fe=(31)
1252 18 12 0 1 0 0 1
fi=(61)
28 6 6
fe=(31)
1252 6
fi=(61)
96 6
fe=(31)
1252 6 0 6
fi=(61)
28 12 6
+1 48 24 12 1 0 0 1
cfi=(60)
cfn=(198)
calls=6 +18 
* 54 6
+74 12 6
-1 6 0 6
-73 6
+74 6
+3 12 6 0 1 0 0 1
+1 6
+2 6 6
-3 6 0 6
+1 6 0 6
+2 6
+7 16 6 2
+3 8 0 2
cfi=(71) ./misc/../sysdeps/unix/syscall-template.S
cfn=(238) mprotect
calls=2 -2 
* 12 2 0 1 0 0 1
* 6 2
+7 6 0 6 1 0 0 1
+2 6
fi=(62) ./elf/./dl-load.h
-37 48
+1 18 12 6
+2 48 24 0 1 1 0 1 1
fi=(61)
+56 96 48
+8 6 6
-2 6 6
+1 6 6
+2 6
-1 6
+1 6
-1 18
+8 12 0 0 1 0 0 1
+3 12
+8 42 0 18
cfi=(44)
cfn=(132)
calls=6 -52 
* 1028 6 544 2 0 137 2 0 137
+1 12 12
+5 12
+12 24 0 0 1 0 0 1
-59 120
+2 36 36
+3 18 18
-3 36
+2 144 54 36 1 0 0 1
cfi=(60)
cfn=(198)
calls=18 -93 
* 162 18
* 54 18
fi=(57) ./elf/../sysdeps/posix/dl-fileid.h
37 18 6 6 1 0 0 1
cfi=(58) ./io/../sysdeps/unix/sysv/linux/fstat64.c
cfn=(194) fstat
calls=6 -8 
* 90 6 0 2 0 0 2
* 12
fe=(31)
999 12 6
fi=(57)
40 18 18 0 1 0 0 1
fe=(31)
999 6
fi=(57)
40 6 0 6
fe=(31)
999 105 33
+1 54 27
fi=(57)
49 84 42 0 0 1 0 0 1
fe=(31)
1515 54 42 0 1 0 0 1
1018 12 6 0 1 0 0 1
+66 13 0 0 2 0 0 2
+1 2 1
-1 1
+1 1
-1 1 0 1
+1 1 0 1
cfi=(72)
cfn=(242)
calls=1 25 
* 7 1
* 2
+26 74 0 0 1 0 0 1
+26 144 48
+10 24 24 0 1 0 0 1
-1 24
-1 24
+2 24
+2 24 24
-2 24
-1 144 0 24 0 0 6 0 0 5
+2 48
+1 24 0 24 1 0 4 1 0 3
+2 24 24
-3 24 0 24
+3 144
+2 48 24 24 0 0 2 0 0 2
+4 48
+1 90 36 18
+4 18
+1 18
-1 18
+1 126 18 18
-18 18
+28 18
-11 6 0 0 1 0 0 1
+1 6
-1 6
+1 42 6 6 0 0 1 0 0 1
-18 6
+28 6
-56 12 6 0 1 0 0 1
+7 6 6
+2 6 6
-2 6 0 6
+1 6 6
+1 6
-1 12 0 6
+1 48 6 6 1 0 0 1
+50 6 2
+5 2 2
-1 4
+5 2
-5 4 0 2 0 0 2 0 0 2
-56 2 2
+61 8 0 2 1 0 1 1 0 1
+1 2 2
+3 2 0 2
-3 2 0 2
+8 8 2
+15 12 6 6 1 0 0 1
+1 6
+58 24 12 0 2 0 0 2
+1 18 6 6
fi=(63) ./elf/./elf/get-dynamic-info.h
39 12
+6 6 6 0 0 6 0 0 6
-2 6
+2 12
+9 6
+5 6
+3 6 0 0 1 0 0 1
+2 6
-3 6
-3 6
-3 102
+13 30 0 30 0 0 14 0 0 14
-23 120 30 0 0 8 0 0 8
+23 118 0 118 0 0 21 0 0 21
-23 472 118 0 0 30 0 0 30
+4 296
+5 144 0 0 1 0 0 1
+2 30
+3 24 0 0 1 0 0 1
+13 24 6
+10 20 6 2 1 0 0 1
+1 24 6 6
+1 24 6 6
+1 24 6 6
+2 24 6 6
+5 23 6 5 1 1 0 1 1
+1 23 6 5 0 1 0 0 1
+1 24 6 6
+3 18 6
+5 10 5
+7 12 6 0 1 0 0 1
+1 18 12
+22 18 6 0 0 1 0 0 1
+5 4 2 2
+2 4
+2 4
+2 4
+4 18 6 0 1 0 0 1
+2 3 1 1
+1 2
+9 2 1 0 1 0 0 1
+6 2
+4 12 6
+2 1 0 1
fe=(31)
1275 2
+1 2
-1 10
+1 10
+2 12 0 0 1 0 0 1
+10 18 6
+19 18 6 6
+2 30 12 0 1 0 0 1
+52 18 6 0 0 4 0 0 4
+1 4 2 2
+6 48 6 6 1 0 0 1
+1 116
+6 24 6 6
cfn=(88)
calls=6 868 
* 120 48 0 0 6 0 0 6
-7 152 76 6
+1 70 70 0 0 58 0 0 58
+6 70 0 0 1 0 0 1
-6 140
fi=(30) ./elf/../sysdeps/x86/dl-prop.h
95 48 24
213 6 6
-1 12 12
105 12
212 6
105 6
-2 6
-3 6
+2 6 0 6 1 0 0 1
+3 6
-4 12 0 6
+92 24
-1 6
-87 18
+3 18 6 0 1 0 0 1
+1 12 6
+1 12 6
+4 18 6
+4 18 0 6
+3 18 6 0 1 0 0 1
+1 12
+4 6
+1 24 0 6
+58 18
+2 24
-56 16 8 0 1 0 0 1
+1 8 8
+3 16
+3 8
+1 32
+5 16 0 0 1 0 0 1
+2 16
+5 16
+14 8 8 0 0 4 0 0 4
-1 16
+2 4
-1 12 0 6
fe=(31)
1380 12 6 6 1 0 0 1
cfi=(64) ./io/../sysdeps/unix/sysv/linux/close_nocancel.c
cfn=(208) __GI___close_nocancel
calls=6 25 
* 36 6 0 1 0 0 1
* 12
+13 12 6
+2 24 12 6
+2 12 6 0 1 0 0 1
+16 12 0 6
cfi=(8)
cfn=(14)
calls=6 25 
* 174 48 30 0 3 0 0 3
+4 12 6
+1 12 6
+17 12 6
+1 1 0 1
+3 1 1
+5 1 1
-5 1 0 1 1 0 0 1
+5 1
-5 5 5
+5 5 5
-5 5 0 5
+5 5
+10 12 6
+7 36 12
+10 12 6 0 1 0 0 1
+1 8 2
+5 4 0 2
cfi=(47) ./elf/../elf/dl-tls.c
cfn=(240) _dl_assign_tls_modid
calls=2 131 
* 20 6 4 2 0 0 2
+7 18 6 6
cfi=(26)
cfn=(82)
calls=6 31 
* 330 81 54
+3 24 12
+23 42 18 0 1 0 0 1
+1 18 6 6
cfi=(49)
cfn=(210) _dl_audit_objopen
calls=6 76 
* 30 12 0 1 0 0 1
* 6
fi=(62)
95 25 15 0 1 0 0 1
+2 5 5 0 1 0 0 1
-1 10 10
+1 5
-1 5
+1 5
-1 5
+1 5
-1 10
+3 20 0 5
fe=(31)
1506 30 12 0 2 0 0 2
fi=(30)
198 24 6
+2 6 6
+1 6 0 6
+2 6 0 6
-3 18 0 6
fe=(31)
1368 18 6 6
fi=(63)
62 24 0 0 1 0 0 1
+2 24
fe=(31)
1084 2 0 1 1 0 0 1
fi=(61)
187 24 0 3 1 0 0 1
cfi=(60)
cfn=(198)
calls=3 47 
* 27 3
+3 6
fe=(31)
1462 18 6 0 1 0 0 1
+2 5 5
-1 25 15
+1 5
-1 5
+1 5
-1 5 0 5
cfi=(32)
cfn=(90)
calls=5 108 
* 125 35 0 0 6 0 0 6
* 10
+2 5 1 1
1275 10 5 0 2 0 0 2
fi=(57)
49 12 4 0 1 0 0 1
fi=(30)
170 6 2 2 1 0 0 1
-39 4
fe=(31)

fn=(216) _dl_dst_count
238 32 0 16 1 0 0 1
+3 16
-3 32 0 32
+7 16 0 0 1 0 0 1
-7 32 0 32 0 0 1 0 0 1
+3 16 0 16
cfi=(42)
cfn=(118)
calls=16 23 
* 456 57 0 1 6 0 0 6
+3 32
+20 112 96

fl=(43)
fn=(124)
22 2 0 0 1 0 0 1
+5 2
+1 2
+1 2
+1 2
+1 2
+1 2
+1 2
+1 2
+3 2
+1 2
+1 1 1 0 1 0 0 1
+1 1 1
+1 1
+1 1
+1 1
+1 1
+1 1
+2 2
+1 2
+1 1 1
+1 1 1
+1 1
+4 1
+2 1
+1 1
+4 1
+3 1 0 0 1 0 0 1
+1 1
+17 1
+1 1
+1 1 1
+1 1 1
+1 1
+4 1
+47 2 0 0 1 0 0 1
+1 2
+1 2
+1 2
+1 2
+1 2
+1 2 0 0 1 0 0 1
+1 2
+1 2
+1 2
+1 2
+1 2
+1 2 2

fl=(67)
fn=(224)
28 58 0 0 1 0 0 1
+1 116
cfi=(59)
cfn=(196)
calls=29 153 
* 286 29 27

fl=(9) ./elf/../elf/dl-sysdep.c
fn=(16) _dl_sysdep_start
85 4 0 2 1 0 0 1
+25 1
-25 6 0 4
+25 1 1 0 0 1 0 0 1
-1 1 0 1
+1 315 103 3 1 14 2 1 14 2
+11 1 1
-8 1
+1 1 0 1
-4 1 0 1 0 0 1 0 0 1
+3 1 0 1 0 0 1 0 0 1
+6 1 0 1 1 0 1 1 0 1
+2 13 0 3 0 0 1 0 0 1
-34 1
-1 1
+36 119 17 0 1 3 0 1 3
+3 1 1 0 0 1 0 0 1
+1 1
-5 94 24 7 3 5 0 3 5
+57 1 1 0 1 0 0 1
-57 1
+58 1
-1 1 0 1
-57 3 1
+29 1 1 0 1 0 0 1
-29 1
+30 1 0 1
-1 1 0 1
-29 3 1
+41 1 1 0 1 0 0 1
-41 1
+42 1
-1 1 0 1
-41 3 1
+35 1 1 0 1 0 0 1
-35 1
+36 1
-1 1 0 1
-35 3 1
+32 1 1
-32 1
+33 1
-1 1 0 1
-32 3 1
+13 1 1 0 1 0 0 1
-13 1
+14 1 0 1
-1 1 0 1
-13 3 1
+10 1 1 0 1 0 0 1
-10 1
+11 1 0 1
-1 1 0 1
-10 3 1
+7 1 1
-7 4 1 0 1 0 0 1
224 1 0 1
cfi=(10)
cfn=(18) __GI___tunables_init
calls=1 +58 
* 54341 10176 6 6 102 1 6 102 1
+3 1 0 1
cfi=(12)
cfn=(22)
calls=1 +54 
* 32 6 3 4 1 0 4 1
fi=(13) ./elf/../sysdeps/unix/sysv/linux/dl-sysdep.c
36 2 0 1
cfi=(14)
cfn=(28)
calls=1 -1 
* 8 1 1 1 0 1 1 0 1
fi=(6) ./elf/../sysdeps/x86_64/dl-machine.h
215 1 0 1
cfi=(15)
cfn=(32)
calls=1 37 
* 7224 784 442 103 15 12 103 15 12
fe=(9)
+23 3 1
+1 1 0 1 1 0 0 1
cfi=(22)
cfn=(60)
calls=1 41 
* 17 2 0 1 1 0 1 1
* 1 0 1
+2 2 0 1
cfi=(23)
cfn=(62)
calls=1 37 
* 15 4 2 1 0 0 1
* 3
+12 3 1
+3 5 1 1
cfi=(2)
cfn=(64) dl_main
calls=1 1320 
* 2746686 667454 238161 961 17319 3190 950 9747 2247
+2 9 8 0 1 2 0 1

fn=(548) _dl_sysdep_start_cleanup
262 1 0 0 1 0 0 1
+1 1 1

fl=(396) ./elf/../sysdeps/x86_64/tls_get_addr.S
fn=(4096) __tls_get_addr
29 2 0 0 1 0 0 1
+1 2 2
+1 2 2 0 0 1
+2 2 2 0 0 1
+1 2
+1 2 2 0 0 1
+3 2
+1 2 2
+4 2
+1 2
+1 2 2
+1 2 2

fl=(78) ./elf/./elf/dl-reloc.c
fn=(276) _dl_relocate_object
194 16 0 8 1 0 0 1
+14 8
-14 72 0 40
+16 8 0 0 1 0 0 1
-16 16 0 16 0 0 1
+14 8 0 8
+2 16
+3 8 8 0 0 4
-1 8 8
+1 16
+19 16 8 0 1 0 0 1
+6 40 16
-34 14
+38 14
+7 28 7 7 1 2 0 1
fi=(6)
71 26 7
+6 20 15 0 0 4
+4 15 5 0 0 5 0 0 5
+14 5 5 0 1 0 0 1
-8 5 0 5
+8 10
+20 10 5 0 0 1
+4 25 5 0 0 3
-2 10 0 5
fe=(78)
288 340 107 58 4 30 1 4
-83 5
fi=(6)
474 20 0 5
fe=(78)
205 10 0 10
+83 10 10 0 1 0 0 1
fi=(5) ./elf/./elf/do-rel.h
49 5 5
fe=(78)
288 5 5
fi=(5)
60 5 5
-11 10 0 5
+11 10
fe=(78)
288 3
-83 3
fi=(6)
474 12 0 3
fe=(78)
205 6 0 6
+83 6 6
fi=(5)
49 3 3
fe=(78)
288 3 3
fi=(5)
60 3 3
-11 6 0 3
+11 6
fe=(78)
288 16 16 0 0 4
fi=(5)
49 8 8
fe=(78)
288 8 8
fi=(5)
60 8 8
-11 16 0 8
+11 16
-7 5
-1 5
+11 40 5 0 1 0 0 1
fi=(6)
545 2510 1255
+4 2510
+3 3765 1255
+1 1255 0 1255 0 0 163 0 0 160
fi=(5)
63 3765
+2 5248 1312 0 1 491 0 1 491
+2 171
-4 171
+13 30
+1 16 2
+1 114 57
fi=(6)
545 57 57
+34 114 114
+2 57 0 57
cob=(4)
cfi=(134)
cfn=(480)
calls=1 27 
* 9 4 0 1 0 0 1
cob=(4)
cfi=(146)
cfn=(476)
calls=1 26 
* 9 4 0 2 0 0 2
cob=(4)
cfi=(145)
cfn=(472)
calls=1 27 
* 9 4 0 2 0 0 2
cob=(4)
cfi=(142)
cfn=(468)
calls=1 27 
* 8 4 0 1 0 0 1
cob=(4)
cfi=(144)
cfn=(466)
calls=1 49 
* 6 3 0 1 0 0 1
cob=(4)
cfi=(143)
cfn=(462)
calls=1 26 
* 9 4 0 1 0 0 1
cob=(4)
cfi=(142)
cfn=(458)
calls=1 35 
* 8 4 0 2 0 0 2
cob=(4)
cfi=(141)
cfn=(454)
calls=1 27 
* 9 4 0 2 0 0 2
cob=(4)
cfi=(140)
cfn=(450)
calls=1 27 
* 9 4 0 2 0 0 2
cob=(4)
cfi=(138)
cfn=(446)
calls=1 27 
* 8 4 0 1 0 0 1
cob=(4)
cfi=(137)
cfn=(442)
calls=1 30 
* 9 4 0 1 0 0 1
cob=(4)
cfi=(136)
cfn=(438)
calls=1 26 
* 9 4 0 2 0 0 2
cob=(4)
cfi=(135)
cfn=(434)
calls=1 27 
* 9 4 0 1 0 0 1
cob=(4)
cfi=(134)
cfn=(430)
calls=1 34 
* 9 4 0 2 0 0 2
cob=(4)
cfi=(133)
cfn=(426)
calls=1 27 
* 9 4 0 2 0 0 2
cob=(4)
cfi=(131)
cfn=(422)
calls=1 27 
* 9 4 0 2 0 0 2
cob=(4)
cfi=(129)
cfn=(418)
calls=1 26 
* 9 4 0 2 0 0 2
cob=(3)
cfi=(128) ./string/../sysdeps/x86_64/multiarch/rawmemchr.c
cfn=(412) rawmemchr
calls=1 31 
* 23 4 0 2 0 0 2
cob=(3)
cfi=(127) ./string/../sysdeps/x86_64/multiarch/strncase.c
cfn=(410) strncasecmp
calls=1 31 
* 7 3 0 1 0 0 1
cob=(3)
cfi=(126) ./string/../sysdeps/x86_64/multiarch/mempcpy.c
cfn=(406) mempcpy
calls=1 33 
* 22 4 0 3 0 0 3
cob=(3)
cfi=(125) ./string/../sysdeps/x86_64/multiarch/strspn.c
cfn=(404) strspn
calls=1 29 
* 7 3 0 1 0 0 1
cob=(3)
cfi=(123) ./string/../sysdeps/x86_64/multiarch/memchr.c
cfn=(400) memchr
calls=1 29 
* 23 4 0 3 0 0 3
cob=(3)
cfi=(122) ./string/../sysdeps/x86_64/multiarch/stpcpy.c
cfn=(396) stpcpy
calls=1 33 
* 17 4 0 2 0 0 2
cob=(3)
cfi=(120) ./wcsmbs/../sysdeps/x86_64/multiarch/wmemcmp.c
cfn=(392) wmemcmp
calls=1 29 
* 22 5 0 3 0 0 3
cob=(3)
cfi=(119) ./string/../sysdeps/x86_64/multiarch/strncpy.c
cfn=(388) strncpy
calls=1 29 
* 17 4 0 2 0 0 2
cob=(3)
cfi=(118) ./string/../sysdeps/x86_64/multiarch/strlen.c
cfn=(384) strlen
calls=1 29 
* 21 4 0 2 0 0 2
cob=(3)
cfi=(117) ./string/../sysdeps/x86_64/multiarch/strcasecmp_l.c
cfn=(382) strcasecmp_l
calls=1 31 
* 7 3 0 1 0 0 1
cob=(3)
cfi=(116) ./string/../sysdeps/x86_64/multiarch/strcpy.c
cfn=(378) strcpy
calls=1 29 
* 17 4 0 2 0 0 2
cob=(3)
cfi=(115) ./string/../sysdeps/x86_64/multiarch/strchrnul.c
cfn=(374) strchrnul
calls=1 31 
* 21 4 0 2 0 0 2
cob=(3)
cfi=(114) ./string/../sysdeps/x86_64/multiarch/memrchr.c
cfn=(370) memrchr
calls=1 29 
* 21 4 0 3 0 0 3
cob=(3)
cfi=(112) ./wcsmbs/../sysdeps/x86_64/multiarch/wmemset.c
cfn=(366) wmemset
calls=2 31 
* 38 8 0 2 0 0 2
cob=(3)
cfi=(110) ./string/../sysdeps/x86_64/multiarch/memcmp.c
cfn=(362) bcmp
calls=1 29 
* 22 5 0 3 0 0 3
cob=(3)
cfi=(109) ./string/../sysdeps/x86_64/multiarch/strncase_l.c
cfn=(360) strncasecmp_l
calls=1 31 
* 7 3 0 2 0 0 2
cob=(3)
cfi=(108) ./string/../sysdeps/x86_64/multiarch/strcat.c
cfn=(356) strcat
calls=1 29 
* 17 4 0 2 0 0 2
cob=(3)
cfi=(107) ./wcsmbs/../sysdeps/x86_64/multiarch/wcscpy.c
cfn=(354) wcscpy
calls=1 43 
* 7 3 0 1 0 0 1
cob=(3)
cfi=(106) ./string/../sysdeps/x86_64/multiarch/strcspn.c
cfn=(352) strcspn
calls=1 29 
* 7 3 0 2 0 0 2
cob=(3)
cfi=(105) ./string/../sysdeps/x86_64/multiarch/strcasecmp.c
cfn=(350) strcasecmp
calls=1 31 
* 7 3 0 1 0 0 1
cob=(3)
cfi=(104) ./string/../sysdeps/x86_64/multiarch/strncmp.c
cfn=(348) strncmp
calls=1 66 
* 17 4 0 3 0 0 3
cob=(3)
cfi=(102) ./wcsmbs/../sysdeps/x86_64/multiarch/wmemchr.c
cfn=(344) wmemchr
calls=2 31 
* 46 8 0 3 0 0 3
cob=(3)
cfi=(100) ./string/../sysdeps/x86_64/multiarch/stpncpy.c
cfn=(340) stpncpy
calls=1 31 
* 17 4 0 3 0 0 3
cob=(3)
cfi=(99) ./wcsmbs/../sysdeps/x86_64/multiarch/wcscmp.c
cfn=(336) wcscmp
calls=1 30 
* 21 4 0 2 0 0 2
cob=(3)
cfi=(98) ./string/../sysdeps/x86_64/multiarch/memmove.c
cfn=(332) memmove
calls=2 29 
* 44 8 0 4 0 0 4
cob=(3)
cfi=(97) ./string/../sysdeps/x86_64/multiarch/strrchr.c
cfn=(328) rindex
calls=1 28 
* 21 4 0 2 0 0 2
cob=(3)
cfi=(96) ./string/../sysdeps/x86_64/multiarch/strchr.c
cfn=(326) index
calls=1 61 
* 19 4 0 2 0 0 2
cob=(3)
cfi=(94) ./wcsmbs/../sysdeps/x86_64/multiarch/wcschr.c
cfn=(322) wcschr
calls=2 31 
* 42 8 0 3 0 0 3
cob=(3)
cfi=(92) ./string/../sysdeps/x86_64/multiarch/memcpy.c
cfn=(318) memcpy@@GLIBC_2.14
calls=1 29 
* 22 4 0 3 0 0 3
cob=(3)
cfi=(91) ./wcsmbs/../sysdeps/x86_64/multiarch/wcslen.c
cfn=(314) wcslen
calls=1 29 
* 19 4 0 2 0 0 2
cob=(3)
cfi=(89) ./string/../sysdeps/x86_64/multiarch/memset.c
cfn=(310) memset
calls=1 29 
* 24 4 0 2 0 0 2
cob=(3)
cfi=(87) ./wcsmbs/../sysdeps/x86_64/multiarch/wcsnlen.c
cfn=(306) wcsnlen
calls=1 29 
* 19 4 0 2 0 0 2
cob=(3)
cfi=(86) ./string/../sysdeps/x86_64/multiarch/strcmp.c
cfn=(304) strcmp
calls=1 65 
* 17 4 0 3 0 0 3
cob=(3)
cfi=(85) ./string/../sysdeps/x86_64/multiarch/strpbrk.c
cfn=(302) strpbrk
calls=1 29 
* 7 3 0 2 1 0 2
cob=(3)
cfi=(83) ./string/../sysdeps/x86_64/multiarch/strnlen.c
cfn=(298) strnlen
calls=2 31 
* 42 8 0 3 1 0 3
-36 57
+37 57 0 57 0 0 1 0 0 1
fi=(5)
77 173
fe=(78)
288 64 32 16 2 0 1 2
+3 48 16
+24 8 0 8 0 0 1
+3 16 8
+17 24 8 0 0 7
+2 64 56 0 0 4
-98 16 8 0 1 7 0 1
+3 2
+7 4 1 1 1 0 0 1
-9 2
fi=(5)
86 22 22 0 1 0 0 1
+2 22
+12 11
-14 44 11 11 0 2
+14 22 0 0 1 0 0 1
+10 18
+3 25
+1 7 7 0 0 6 0 0 2
fi=(6)
529 7 7
fi=(5)
114 7
fi=(6)
529 14
fi=(5)
114 5419 5419 0 0 677 0 0 677
fi=(6)
529 5419 5419 0 0 678 0 0 678
fi=(5)
114 5419
fi=(6)
529 10838
+5 10852
+1 5426 5426 0 0 679 0 0 679
fi=(5)
113 5426
fi=(6)
535 5426
-5 5426 0 5426 1 0 1047 1 0 1038
fi=(5)
113 10852
+7 44 11 11 0 9 3
+4 36 18 9 0 9
+2 18 9 0 1 0 0 1
-73 7 0 7 0 0 3
fi=(6)
484 7
fi=(5)
52 7 0 7
fi=(6)
484 14 0 7
fi=(5)
128 14 14 0 0 1
+1 7 7
+1 7 7 0 1 0 0 1
-2 7
+2 7 7
+3 7
-5 7
+2 7 0 7
-2 7 7 0 0 7 0 0 4
+1 14
+2 7
-2 7 0 7
+2 21 7 0 0 4
+2 14 0 0 1 0 0 1
-5 8360 8360 0 0 1053 0 0 1051
+1 4180 4180
+1 4180 4180
-2 4180
+2 4180 4180
+3 4180
-5 4180
+2 4180 0 4180
-2 4180 4180 0 0 1222 0 0 258
+1 8360
+2 4180
-2 4180 0 4180
+2 12540 4180
+2 8360
+9 4185 0 4185
fi=(6)
262 8370
+21 8370
+4 8370
+7 16740 4185 0 0 1936 0 0 1502
fi=(4)
138 12504 4168
fi=(6)
294 121290 19554 15156 3 91 3 3 3
cfi=(79)
cfn=(284)
calls=2526 840 
* 2130155 509027 182951 81 9017 88 76 3412 40
* 22734 10104 2526 1 0 2 1
+2 12504
+30 25086 4185 0 0 9 0 0 2
450 12378 8252 4126 1 514 1305 1 513 474
fi=(5)
145 12424 4126
-19 12561 4187
+32 35 14 0 1 0 0 1
+1 6 2
fi=(6)
294 2 0 2
+22 2
-22 4
fi=(5)
160 6 2 0 1 0 0 1
+3 2 2
+4 2 2
-4 2
+4 4 2 2
-2 2 2
-2 2 2
+2 2
+1 2 2
-1 4 0 2
fi=(6)
294 8 2 0 1 2 0 1
508 2 2 0 1 0 0 1
-1 4 4
+1 4
+1 2 0 2
cfi=(15)
cfn=(520)
calls=1 71 
* 6 2 0 1 1
cob=(3)
cfi=(81) ./string/../sysdeps/x86/cacheinfo.c
cfn=(294) __x86_cacheinfo
calls=1 86 
* 28 9 8 3 2 3 3 0 3
+1 2 2
fi=(5)
159 2
fi=(6)
510 2 0 2 0 0 1
fi=(5)
159 8 0 0 1 0 0 1
-14 108 36
+1 678 226 0 1 1 0 1
fi=(6)
360 6 0 0 1 0 0 1
+1 9 6 3 0 2 1 0 0 1
fi=(5)
145 6 3
fi=(6)
490 108 36 0 1 0 0 1
+5 72 72 0 0 8 0 0 3
-1 108 36 36 1 0 0 1
+1 72
-1 36 0 36
cfi=(29)
cfn=(80)
calls=36 212 
* 719 207 171 3 51 38 2 11 37
+2 144 108
+1 36
-75 54 18 0 1 0 0 1
+4 72 18
+5 18 18
+9 18 18
-9 36 18 0 0 2 0 0 2
+9 18 0 18 0 0 6 0 0 6
fi=(5)
145 36 18 0 1 0 0 1
fi=(6)
368 6 2
+11 2 2
-9 4 4 0 0 1 0 0 1
+9 2 0 2 0 0 1
fi=(5)
145 38 2 0 1 0 0 1
fi=(6)
296 4208 4174 0 1 25 0 1
+3 4157
-3 4157 4157
+3 8314
+2 60 12
+3 24
+1 36 12 0 1 0 0 1
+11 24 0 24 1 0 0 1
+7 12 0 12
cob=(4)
cfi=(151)
cfn=(496)
calls=1 31 
* 7 3 0 1 2 0 1
cob=(3)
cfi=(149) ./debug/../sysdeps/x86_64/multiarch/memcpy_chk.c
cfn=(492) __memcpy_chk
calls=1 29 
* 22 4 0 3 0 0 3
cob=(3)
cfi=(98)
cfn=(332)
calls=1 29 
* 22 4 0 0 1
cob=(3)
cfi=(148) ./time/../sysdeps/unix/sysv/linux/gettimeofday.c
cfn=(490) gettimeofday
calls=1 42 
* 7 3 0 2 1 0 2
cob=(3)
cfi=(86)
cfn=(304)
calls=1 65 
* 17 4 0 0 2
cob=(3)
cfi=(92)
cfn=(318)
calls=1 29 
* 22 4
cob=(3)
cfi=(89)
cfn=(310)
calls=1 29 
* 24 4
cob=(3)
cfi=(110)
cfn=(362)
calls=1 29 
* 22 5
cob=(3)
cfi=(118)
cfn=(384)
calls=1 29 
* 21 4
cob=(3)
cfi=(96)
cfn=(326)
calls=1 61 
* 19 4 0 0 2
cob=(4)
cfi=(134)
cfn=(480)
calls=1 27 
* 9 4 0 0 1
cob=(4)
cfi=(147)
cfn=(488)
calls=1 31 
* 7 3 0 2 2 0 2
* 36 24
+3 24
fi=(5)
135 10 2 4 1 0 0 1
+3 2
fi=(6)
296 4140 4140 0 1 0 0 1
+3 4140 4140
-3 8296 6
+3 4 0 0 1 0 0 1
fi=(5)
50 16 8 0 1 1 0 1
fe=(78)
308 3956 0 0 1 0 0 1
fi=(6)
-14 12162 5260 3284 1 0 0 1
fe=(78)
+49 40 24 0 2 2 0 2
+3 8
-3 8
+3 8
+4 16
+1 32 0 8 0 0 1
cfi=(71)
cfn=(238)
calls=8 117 
* 48 8
* 16
fi=(6)
-57 12 4 0 1 0 0 1
fe=(78)
-6 6 0 2
fi=(5)
53 2 0 2 1 0 0 1
175 7 2 1
+2 2 2
+1 2 2
-1 1
+3 1
-3 4 0 1 1 0 0 1
+3 2
-3 10 10 0 0 1 0 0 1
+1 10 10
-1 5
+3 5
-3 20 0 5
+3 10
+8 6 0 6
fi=(6)
+74 12
+21 12
+4 12
+7 24 6 0 1 2 0 1 2
fi=(4)
138 18 6
fi=(6)
294 204 36 36 2 1 0 2
cfi=(79)
cfn=(284)
calls=6 840 
* 4393 1208 441 0 28 0 0 11
* 54 24 6 1 0 0 1
+2 18
+30 36 6 0 0 1 0 0 1
450 12 6 6 1 1 1 1 1 1
fi=(5)
191 18 6
-16 18 6
+30 4 1
fi=(6)
+91 3 3 0 1 0 0 1
+3 3
-3 3 3
+3 6
-3 3 3 0 1 0 0 1
+3 3 3
-3 6
fe=(78)

fl=(66)
fn=(214) _dl_map_object_deps
159 5 0 1 1 0 0 1
+1 3
-1 1
+1 1
-1 2 0 2
+1 1
-1 3 0 1
+1 1
-1 4 0 3 1 0 1 1 0 1
+1 12 0 1 1 0 0 1
-8 1 1
-7 1
+15 1
-14 1
+6 1
+8 1 0 1
-15 1
+7 1
-8 1 0 1 1 0 1 1 0 1
+1 1
+7 1 0 1
-7 1 0 1
+31 3
-28 3 0 1
-2 1
+31 1 1
-33 2 0 1
+2 2 0 0 1 0 0 1
+30 2
-30 1
-1 4 0 1
+7 4 1 1
+24 2
-32 1
+60 1 1 0 1 0 0 1
-60 2 0 1
+36 1 0 1
fi=(74) ./elf/../include/scratch_buffer.h
77 3 0 2 0 0 1 0 0 1
fe=(66)
198 1 1
fi=(74)
78 1 0 1
fe=(66)
200 2 0 2 1 0 0 1
+98 1 0 1
198 1 0 1
+4 1
+7 1 0 1
+4 4 1 1 0 0 1 0 0 1
-4 7 0 7
+4 28 7 7 0 3
+11 20 10 0 1 3 0 1
-18 2
+18 4 2
433 24 8
+2 6
+3 6 0 0 1 0 0 1
-3 12 0 6 0 0 1 0 0 1
+3 6
fi=(28)
56 6 6 6
cfi=(27)
cfn=(76)
calls=6 -21 
* 178 33 32
* 6
fe=(66)
439 12
+6 6 0 6 0 0 2 0 0 2
+1 30 6 6
cfi=(29)
cfn=(80)
calls=6 212 
* 74 20 14 0 0 2 0 0 2
+1 30 0 6
cfi=(29)
cfn=(80)
calls=6 212 
* 74 20 14 0 0 2 0 0 2
+4 6 0 6
-1 6 0 6
+5 32 16 0 1 0 0 1
204 21 14
458 21 7
-1 8 8
+1 16
199 3 1 1
+27 30 18 6 2 0 0 2
+5 6 6
+6 6 6
-5 6 0 6
-1 6 0 6
+2 12 6 6 1 0 0 1
+4 24 12 0 0 1
-31 6
+31 6 0 6
+1 18
+6 24 12 6 1 0 0 1
cfi=(31)
cfn=(216)
calls=6 -6 
* 276 57 36 2 5 1 2 5 1
* 40 20 10
cfi=(31)
cfn=(216)
calls=10 -6 
* 468 96 60 1 1 0 0 1
* 48
+4 32 0 0 1 0 0 1
-2 16 0 16
+2 32 0 16
cob=(2)
cfi=(51)
cfn=(168)
calls=16 0 
* 47782 9982 5099 108 193 244 108 192 242
+1 32 16 0 1 0 0 1
+9 16 16
+2 32 16
+5 30 0 6 1 0 0 1
+6 6 6
+2 6 0 6
-8 12
+3 6 0 6
+1 6 0 6
+1 6 0 6
+1 6 0 6
+4 30 6 12 1 0 0 1
+4 48 16
+1 33 0 11
-43 664 166 0 0 10
+1 320
+44 450 0 0 1 0 0 1
-38 32 0 0 1 0 0 1
fi=(74)
85 3 2 0 1 0 0 1
fe=(66)
464 6 2 0 1 0 0 1
+1 1 0 1
+3 4 1 1
+11 3 1 0 1 0 0 1
fi=(28)
56 1 1 1
cfi=(27)
cfn=(76)
calls=1 -21 
* 25 5 5
* 1
fe=(66)
481 2
+5 3 2
+1 1 0 1
-1 2 0 1
+4 2 0 0 1 0 0 1
-2 1 1
+2 1
-2 2
+13 7 0 7 0 0 1 0 0 1
+5 7 0 7
-16 21 7
-2 7
+6 7 7
+7 7
-2 14
-5 1 1
+7 1
-2 2 0 0 1 0 0 1
+2 2 0 1 0 0 1 0 0 1
+5 1 0 1
-16 6 1 1
+19 2 1
+52 3 1 0 1 0 0 1
+37 3 1 0 1 0 0 1
+15 1
-11 1 1
+11 1
-14 2
+20 1 1 0 1 0 0 1
-1 3
+1 3 1
-1 5 1 1 1 0 0 1
cfi=(12)
cfn=(250)
calls=1 290 
* 528 142 87 13 1 0 12
+5 1 0 1
+3 1 0 1
-1 1 0 1
+2 2
+7 3 1
+3 3 1
+3 8 7
214 53 23 0 2 3 0 2 1
+3 6
fi=(74)
-86 18 0 6
cfi=(73)
cfn=(244)
calls=6 30 
* 120 30 18 3 0 0 3
fe=(66)
+86 12
+4 18 6 6 1 0 0 1
613 2 0 1
cfi=(29)
cfn=(80)
calls=1 212 
* 19 5 4
* 1
-53 2 0 0 1 0 0 1
160 2 0 1 1 0 1 1 0 1
380 14 0 7 1 0 0 1

fn=(218)
61 48 0 16
+7 16 16
-4 32 32
+1 16 16
-1 128 32 16 1 0 0 1
cfi=(31)
cfn=(176)
calls=16 2022 
* 46518 9646 4699 107 193 240 107 192 238
* 16 0 16
+5 32 32

fl=(64)
fn=(208)
25 7 0 0 1 0 0 1
+1 28
+1 7 7

fl=(53)
fn=(172)
30 17 0 0 1 0 0 1
+2 17 0 17 0 0 1 0 0 1
+9 17
+1 34 17 0 1 0 0 1
+1 17 0 17
+4 17 0 17
+1 17 0 17
+1 17 0 17
+1 17 0 17
+1 17
+2 34 17
+2 17 0 17
+1 17 17
+1 17
+2 34 17
+2 17 0 17 1 0 0 1
+8 17
+3 17
+1 17 0 17 0 0 1 0 0 1
+7 17
+1 17 17

fl=(29)
fn=(128)
199 240 0 0 4
+1 240
+1 240
+1 240
+17 240
+1 240
+2 49 49 0 0 1
+1 49 0 0 3
+1 49
+2 38 38
+1 38 0 38 0 0 4 0 0 4
+1 38 0 38
+2 38 38
360 191 0 0 1
+1 191
+2 58
+4 58
+1 39
+1 39
+1 2 2 0 0 1 0 0 1
+1 2
+1 2 2
+1 2 0 2 0 0 1 0 0 1
+2 2 0 2
+2 39 39
+6 19 19
+1 19 19
+1 19 0 19
+1 19 0 19
+1 19 19
+29 133 133 0 2 0 0 1
+1 133 133
+1 133 0 133 0 0 1 0 0 1
+1 133 0 133 0 0 1 0 0 1
+1 133 133
+7 10 10 0 1
+1 10 10
+1 10 0 10 0 0 1 0 0 1
+1 10 0 10 0 0 1 0 0 1
+1 10 0 10 0 0 2 0 0 2
+1 10 0 10
+1 10 10
+11 11 0 0 1
+1 11
+2 11 11
+1 11
+1 11
+2 1 1
+1 1 1
+1 1 1
+1 1 1
+1 1 1
+1 1 1
+1 1 0 1
+1 1 0 1 0 0 1 0 0 1
+1 1 0 1
+1 1 0 1
+1 1 0 1
+1 1 0 1
+1 1 0 1
+1 1 0 1
+1 1 1

fn=(80)
212 84 0 0 2 0 0 1
+1 84
+6 84
+1 84
+2 73 73 0 0 27 0 0 2
+1 73 0 0 1
+1 73
+2 31 31 0 0 1
+1 31 0 31 0 0 9 0 0 9
+1 31 0 31 0 0 2 0 0 2
+2 31 31
360 11 0 0 1 0 0 1
+1 11
+2 3
+4 3
+1 3
+1 3
+1 3 3 0 0 2 0 0 2
+1 3
+4 3 0 3 0 0 2 0 0 2
+2 3 3
+39 8 8
+1 8 8
+1 8 0 8 0 0 6 0 0 6
+1 8 0 8 0 0 1 0 0 1
+1 8 8
+7 20 20 0 2
+1 20 20
+1 20 0 20 0 0 7 0 0 7
+1 20 0 20 0 0 3 0 0 3
+1 20 0 20 0 0 4 0 0 4
+1 20 0 20
+1 20 20
+11 42 0 0 5 0 0 1
+1 42
+2 40 40 0 0 3
+1 40
+1 40
+2 20 20 0 0 2
+1 20 20 0 0 3
+1 20 20 0 0 6
+1 20 20
+1 20 20
+1 20 20
+1 20 0 20 0 0 4 0 0 4
+1 20 0 20 0 0 6 0 0 6
+1 20 0 20 0 0 4 0 0 4
+1 20 0 20
+1 20 0 20 4 0 8 1 0 7
+1 20 0 20
+1 20 0 20
+1 20 0 20
+1 20 20
+4 2
+1 2
+4 2
+2 2
+16 2
+3 2
+2 2
+2 2
+4 2
+1 2
+9 2 2 0 0 2 0 0 2
+1 2 2 0 1 1 0 1 1
+2 2
+2 2
+1 2 2
+1 2 2 0 0 1 0 0 1
+3 2
+2 2
+2 2
+2 2
+6 2 2
+1 2 2 0 0 1 0 0 1
+1 2 2
+1 2 2 0 0 1 0 0 1
+1 2
+1 2 0 2 0 0 1 0 0 1
+1 2 0 2 0 0 1 0 0 1
+1 2 0 2
+1 2 0 2 1 0 1 1 0 1
+1 2
+1 2
+1 2
-11 4 4
+1 4 4 0 0 1 0 0 1
+1 4 4
+1 4 4 0 0 1 0 0 1
+1 4
+1 4 0 4
+1 4 0 4 0 0 2 0 0 2
+1 4 0 4
+1 4 0 4 0 0 2 0 0 2
+1 4
+1 4
+1 4
+2 2 0 2 0 0 2 0 0 2
+1 2 0 2
+1 2 0 2
+1 2 0 2
+2 2 0 2
+4 2 2

fl=(71)
fn=(554) munmap
117 5 0 0 1 0 0 1
+5 1 1

fn=(238)
117 50 0 0 1 0 0 1
+5 10 10

fl=(10)
fn=(24)
405 36 0 0 1 0 0 1
+3 252 36 0 1 28 0 1 17
+9 36 36 0 0 4
-9 138
+9 10 0 10
+17 180 36 0 0 7
+2 36 36 0 1 0 0 1
-9 26 0 26
+1 26

fn=(18)
282 9 0 6 2 0 1 2 0 1
-9 7 1
71 311 103
+6 102 102 0 0 42 0 0 42
-3 102
+3 11665 1579 0 1 24 0 1 24
-3 102
-3 204
357 8 7
81 204 0 0 1 0 0 1
+5 306
fi=(11) ./elf/./elf/dl-tunables.h
+54 102
fe=(10)
-54 102
fi=(11)
+54 102
+1 230
-1 91 26 0 0 1 0 0 1
+1 26
-1 102 102
+1 204 0 0 1 0 0 1
fe=(10)
323 408 102
-18 14280
+6 22440 7140 0 1 35 0 1 35
fi=(11)
140 918 918
+1 1836
-1 48 48
+1 192
-1 240 48
fe=(10)

fn=(54)
157 15 0 0 1 0 0 1
-55 5
+55 5
-55 5
+55 5
-55 35 5 0 1 0 0 1
+9 5 5
+1 5 5
fi=(408) ./elf/./dl-tunable-types.h
-22 10
fe=(10)
+22 20 5
+1 40 10 0 1 0 0 1
fi=(11)
+8 10
+1 5
fe=(10)
-6 15
fi=(11)
+15 5
fe=(10)
-12 10
+4 10
+7 10 0 0 1 0 0 1
+1 10
+3 30 0 5
+1 5 0 5
+1 5 0 5
+1 5 0 5
+24 5 5
fi=(11)
-30 15 0 0 1 0 0 1
fe=(10)

fl=(39)
fn=(110)
29 1 0 0 1 0 0 1
fi=(18)
+2 1 1
fe=(39)
+7 1
fi=(18)
-7 2 0 0 1 0 0 1
-1 2
fe=(39)
+22 1 1
fi=(18)
-20 3 1
+4 1
fe=(39)
+2 1
fi=(18)
-2 2
+3 4 1
+1 4 1 0 1 0 0 1
+5 1
fe=(39)
-7 1
fi=(18)
+7 3
fe=(39)
-2 1
fi=(18)
+5 2
+1 3 1
+2 4 0 0 1 0 0 1
+1 2
+1 2
+6 1
fe=(39)
-11 1
fi=(18)
+11 1
-3 2
fe=(39)

fl=(55)
fn=(182)
28 100 0 0 2 0 0 1
+3 100
-3 300 0 100 0 0 2 0 0 2
+3 600 0 0 2 0 0 1
+8 700
+2 7 7
-2 279 0 93 1
+2 93 93

fl=(49)
fn=(550)
40 6 0 3 2 0 0 1
+4 3
-4 3 0 3
+4 3
-4 3 0 3
+4 3
-4 6 0 3
+4 3 3 0 0 1
+1 3 3 0 0 1
+1 12 0 0 2 0 0 1
+4 18 15

fn=(4148)
96 8 0 0 1 0 0 1
+1 32 16 0 0 1

fn=(158) _dl_audit_activity_map
28 6 0 4 1 0 0 1
+2 1 1 0 1 0 0 1
-1 1 1
+1 2
+6 6 5 0 1 0 0 1

fn=(1894) _dl_audit_preinit
117 1 0 0 1 0 0 1
+1 4 2 0 0 1

fn=(210)
76 6 0 0 1 0 0 1
+1 24 12

fl=(54)
fn=(486)
87 2 0 0 1 0 0 1
+38 2
-1 2
+3 2
+2 80
+1 37 10 0 0 4 0 0 2
-3 24 0 0 1 0 0 1
+18 2 2
+1 2 2
-15 6

fn=(230) _dl_sysdep_read_whole_file
36 2 0 1 1 0 0 1
+3 1
-3 6 0 3
+3 1
-3 1
+3 1 0 1
cfi=(55)
cfn=(182)
calls=1 -11 
* 19 1 1
+1 2
+23 7 5
-21 4 0 1 1 0 0 1
cfi=(58)
cfn=(194)
calls=1 -13 
* 15 1
* 2
+2 2 1 1 0 0 1 0 0 1
+3 2
+13 2 0 1
cfi=(64)
cfn=(208)
calls=1 -35 
* 6 1
* 1
-11 6 0 1
cfi=(60)
cfn=(198)
calls=1 -2 
* 9 1
* 2

fn=(178)
68 1236 0 412 4 0 3 1 0 1
+1 412 206 206 0 0 1
cfi=(32)
cfn=(90)
calls=206 +39 
* 6636 1401 0 10 9 0 5
* 412
+3 201 201
+2 402
+6 197 197
-6 394
+1 669 223 223 1 9 0 1
cfi=(32)
cfn=(90)
calls=223 +33 
* 7843 1511 0 22 6 0 20 3
* 446
+8 31 0 0 2
-13 31
+13 268 93
-1 175
+1 525 525

fl=(72)
fn=(242)
25 8 0 0 1 0 0 1
+1 16
+1 4 4

fl=(65) ./io/../sysdeps/unix/sysv/linux/access.c
fn=(212) access
25 1 0 0 1 0 0 1
+2 7 0 1
+4 1 1

fl=(153) ./elf/./dl-find_object.h
fn=(504) _dl_find_object_from_map
95 18 9 9 1 5 0 1
+1 18 9 9 1 1 0 1
+1 9 0 9 0 0 4 0 0 4
+6 45 18 0 0 7
+1 258
+1 178 89 0 0 67 0 0 8
+2 27 18 9 0 2
+5 9 9

fl=(152) ./elf/./elf/dl-find_object.c
fn=(500) _dl_find_object_init
561 4 0 2 1 0 0 1
+3 1 1 0 1 1 0 1
+2 2 1
+7 2 0 1 0 0 1
+6 1 0 1
cfn=(502) _dlfo_process_initial
calls=1 474 
* 306 73 7 9 16 0 9
+1 1 1
-1 1
+1 1
fi=(28)
56 1 1 1
cfi=(27)
cfn=(76)
calls=1 -21 
* 25 5 5 0 1 1
fe=(152)
580 1 0 1
fi=(28)
56 1
fe=(152)
582 2 0 0 1 0 0 1
+3 2 0 0 1 0 0 1
+5 1 0 1 1 0 0 1
+1 1 0 1
cfn=(502)
calls=1 474 
* 828 217 54 1 71 7 1 8 6
+3 3 1
+10 4 3
-8 2 0 1 1 0 0 1
cfn=(506) _dlfo_sort_mappings
calls=1 -60 
* 680 116 40 2 0 0 2
+3 6 3 1
+2 1

fn=(506)
536 1 0 0 1 0 0 1
+1 2
+3 4
+4 1
+1 1
-1 1 1
+1 2
-1 9
+1 9
-1 9 9
+1 38
+1 287 55 0 1 0 0 1
-1 165
+8 30 10
+1 20 10
-1 10 10
-13 20 10
+14 30 10 20
+1 20 0 20
-15 20
+17 1 1

fn=(502)
474 2 0 2 1 0 0 1
+3 2
-3 2
+1 2 2
+3 4 2
+26 14 2 0 1 1 0 1
+1 6 2
+1 16 16
-1 32
+3 60 14 0 1 1 0 1
+3 56 14 0 0 1
-7 10 2 0 1 0 0 1
+25 2 0 2
+2 8 4
-18 42 14
+3 14
-1 14 0 7
cfi=(153)
cfn=(504)
calls=7 95 
* 426 116 28 0 71 4 0 8 4
+2 28
-36 6 0 2 1 0 0 1
cfi=(153)
cfn=(504)
calls=2 95 
* 136 36 8 2 11 0 2
+5 2 2
-1 2 2
+1 6 0 0 1 0 0 1
+1 82
+1 52 26 0 0 1
+2 24 8 0 0 1
+3 8 4 0 1 0 0 1
+2 4 4
-2 8
+2 4 4
-2 12 4 8 0 0 3 0 0 2
+2 32 12 4
+4 16 0 0 1 0 0 1

fl=(13)
fn=(100) _dl_discover_osversion
46 5 0 3 1 0 0 1
+2 3 1
+40 2 0 1 1 0 1 1 0 1
cfi=(36)
cfn=(102)
calls=1 +32 
* 6 1 0 1 0 0 1
+15 1
-15 2
+20 1
-1 1
+3 12 3 0 1 1 0 1 1
+4 3 3
-2 6
+2 11
+3 2
-1 2
+1 6
-3 8 2
+7 3
-1 3 0 0 1 0 0 1
+4 3
-2 3
+2 12
+9 5 4

fl=(44)
fn=(132)
125 12 0 0 2 0 0 1
+1 60
+6 12
+1 12 0 0 1 0 0 1
+1 11
+1 11
+2 2 0 2 0 0 2 0 0 2
+1 2 0 2
+1 2 2
+65 4 0 4
+1 4 0 4
+2 4 4
+76 9 0 9 0 0 5 0 0 5
+1 9 0 9 0 0 2 0 0 2
+5 9
+3 9
+1 9
+3 5 0 5 0 0 3 0 0 3
+1 5 0 5 0 0 1 0 0 1
+13 5
+1 5
+2 5
+3 4 0 0 1 0 0 1
+3 8
+3 4 0 4
+1 4 0 4
+1 4 0 4 0 0 2 0 0 2
+1 4 0 4
+1 4
+1 4
+1 4
-6 123 0 123 0 0 79 0 0 79
+1 123 0 123
+1 123 0 123 0 0 44 0 0 44
+1 123 0 123
+1 123
+1 123
+1 123
+3 5 0 5 0 0 2 0 0 2
+1 5 0 5
+1 5 0 5
+1 5 0 5
+5 5 5
+29 1 0 0 1 0 0 1
+1 1
+1 1
+32 1 0 1 0 0 1 0 0 1
+1 1 0 1
+1 1 1

fl=(56)
fn=(184)
25 6 0 0 1 0 0 1
+1 24
+1 6 6

fl=(47)
fn=(152) _dl_count_modids
197 1 0 0 1 0 0 1
+2 2 1
+1 1 1
+15 2 1

fn=(264) _dl_tls_static_surplus_init
97 2 0 1 1 0 0 1
+4 1
-4 2 0 1
+4 1
-4 2 0 1
+4 3 0 1
cfi=(10)
cfn=(24)
calls=1 405 
* 21 4 1 0 2 0 0 1
* 1 1 0 1 0 0 1
+1 4 0 1
cfi=(10)
cfn=(24)
calls=1 405 
* 21 4 1 0 2 0 0 1
* 1
+8 1
-8 1 1
+6 2
+2 3
+3 1
+2 1 0 1
-32 3
+34 3 0 1 0 0 1
+1 5 4

fn=(240)
131 4 0 0 1 0 0 1
+3 2 2
+13 2 2 0 1 0 0 1
-13 2
+52 2
+2 2 0 2
+3 2 0 2
+1 4 2

fn=(498) _dl_allocate_tls_init
528 10 0 8 2 0 0 2
+1 2
+4 1 1 0 0 1
+6 1
-6 1 0 1
+6 1 1 1 0 1
cfi=(24)
cfn=(84)
calls=1 42 
* 3 1
+3 3 2 0 0 1
+12 1 1 0 1 0 0 1
-18 1
-1 1 0 1
+43 3
-19 13 2 0 1 1 0 1
+9 6 2
+1 4
+6 6 4
+1 2
+2 4 4 0 1 3 0 1
-2 2
+6 2 2 0 0 1
-4 4
+4 2
-4 4 2 2 0 0 1 0 0 1
+3 4
+4 4
+1 8 4 0 1 1 0 1
+2 4
+1 4 2
+17 2 2
-8 2 0 2
+8 2
+2 6 2 2
cfi=(29)
cfn=(128)
calls=2 199 
* 26 4 2 0 1 1 0 0 1
* 10 0 2
cfi=(44)
cfn=(132)
calls=2 125 
* 38 2 10 1 0 2 0 0 2
-49 2 2
+55 2 2
-55 8
+6 6 0 0 1 0 0 1
+55 2 1 1 0 1
cfi=(24)
cfn=(84)
calls=1 42 
* 3 1
+3 2 1 1 1 0 0 1
+3 9 8

fn=(268) _dl_allocate_tls_storage
422 2 0 1 1 0 0 1
+13 1 1
-13 2 0 2
+2 1 1
+12 1
fi=(28)
56 1 1 1
cfi=(27)
cfn=(76)
calls=1 -21 
* 54 9 7
fe=(47)
437 3
+8 2 0 0 1 0 0 1
fi=(28)
44 1
fe=(47)
445 2
+1 1
+4 321 0 313 1 0 39 1 0 39
+19 1 0 1 0 0 1 0 0 1
-99 1 1
+4 1
+1 1
fi=(28)
44 1 1 1
cfi=(27)
cfn=(72)
calls=1 +34 
* 36 6 5
fe=(47)
376 2
+3 1 0 1
+6 2 0 1
+90 5 4

fn=(416) _dl_add_to_slotinfo
1015 16 0 8 1 0 0 1
+6 2 2
+3 2 2 0 0 2
+1 2
+4 6 2 0 1 2 0 1
+34 4
+3 6 0 2
+1 6 2 2
+3 12 10

fn=(266) _dl_determine_tlsoffset
221 8 0 6 2 0 0 2
+6 3 1
+3 2 1
+36 3 1
+2 1 1
-2 1
-2 1
-40 1
-1 1
-1 1
+46 2 0 1 1 0 0 1
+23 6
+3 2
-3 8
+2 4
-2 2
-25 2
+20 2 0 2
-20 10 2
+2 4 2 0 1 0 0 1
+3 2 2
-1 2 2 0 0 1
+5 4 2
-5 2
+1 2
-1 2
+3 4 0 0 1 0 0 1
+2 6
+32 3 1 0 1 0 0 1
-1 1 0 1
+1 4
+2 2
-2 2 0 1
+53 8 7 0 1 0 0 1

fl=(58)
fn=(194)
29 14 0 0 1 0 0 1
+1 14
+5 21
cfi=(59)
cfn=(196)
calls=7 153 
* 56 7 0 1 0 0 1

fl=(75) ./elf/./elf/dl-version.c
fn=(258) _dl_check_all_versions
361 6 0 4 1 0 0 1
+4 5
-2 2
+4 48 8 8 1 0 0 1
cfn=(260) _dl_check_map_versions
calls=8 155 
* 31818 9322 1582 52 136 82 52 124 75
-2 8 8
+2 24
-1 8
-1 16
+5 7 5

fn=(260)
155 64 0 48 2 0 1 2
+15 8 8
-15 16 0 16
+15 16
+2 40 16 8 0 1 1
+2 8 8 0 0 1
+1 8 8 0 1 0 0 1
-1 8 0 8
+1 8 0 8
+2 16
+3 12 12 0 0 1
-16 6
-8 6 0 6
+28 6 6 0 0 5 0 0 5
-4 6 0 6
+4 12
+16 6 6
36 12 6 0 1 0 0 1
200 6 6
36 30 6
200 9 9 0 0 1 0 0 1
36 18 9
200 9 9
36 45 9
+1 80 80
-1 160
+2 285 0 95 1 0 0 1
cfi=(54)
cfn=(178)
calls=95 +30 
* 9340 1948 383 2 0 1 2
* 190
208 45 15
+5 15 15
-71 30 0 30
+71 45 15 0 0 2 0 0 2
+8 15 15 0 0 4 0 0 4
-2 15 15 0 0 1 0 0 1
-2 30 30
+4 15 0 15
-4 90 75 0 1 0 0 1
+4 54 54 0 0 5 0 0 5
-2 54 54 0 0 8 0 0 8
-2 108 108
+4 54 0 54
-4 434 314 0 0 1
56 276 207
+8 207 69 0 1 0 0 1
+6 207 69 0 0 1
+16 69 69 0 0 1
+1 138
+2 69 69
+5 621 69 138 1 5 0 1 5
+14 2458 1229 0 0 11 0 0 11
+12 3480 1160 0 0 12 0 0 12
+4 1160
-30 2320 1160 0 0 33 0 0 33
224 276 69 0 1 0 0 1
+3 207 69
+5 54
-11 54
110 69 69 0 1 1 0 1 1
+3 276 69 69 0 3 0 0 2
cfi=(32)
cfn=(90)
calls=69 -5 
* 2784 517 0 30 32 0 30 31
* 291 15
236 60 30 0 1 0 0 1
+5 18 0 9
-44 9
+1 9
+52 12 6 0 1 0 0 1
+3 20 15
+10 116
-7 464 116 0 0 2 0 0 2
+3 348 116 0 0 1 0 0 1
-3 20 5
+3 15 5
+8 14 0 0 1 0 0 1
+6 7
fi=(28)
44 7
fe=(75)
273 7
fi=(28)
44 7 7 7
cfi=(27)
cfn=(72)
calls=7 +34 
* 252 42 35
fe=(75)
272 7 0 7 0 0 2
fi=(28)
44 7
fe=(75)
274 14
+13 7 7 0 0 2
-3 7 0 7
+3 28 14 7 1 2 2 1
+2 21 7
+3 24 18
+4 45 15
+7 69
+1 69
-1 207 69
+1 69 0 69 0 0 26 0 0 26
+1 69 69
-2 69 0 69
+2 138 0 69 0 0 6 0 0 6
+1 207 69 69 0 0 1 0 0 1
+3 207 69
+5 54
-15 54 54
+2 54
-2 54
+2 54
-2 54
+2 108
-2 15 15 0 1 0 0 1
+2 15
-2 15 0 0 1 0 0 1
+2 15
-2 15
+2 30
+16 45 15
+5 9
-28 9
+62 72 64 0 1 0 0 1
-29 21 7 0 1 0 0 1
+3 20 15
+4 116 116
+6 116 116
+1 116 116
+1 116 116
-1 348
+1 116
-1 116 0 116 0 0 30 0 0 30
+1 116 0 116
+1 116 0 116 0 0 12 0 0 12
+3 348 116
+4 116
-14 242 121
+10 15 5
164 2 0 0 1 0 0 1
+86 2 2 0 1 0 0 1
-94 2 0 2
+94 3

fl=(7)
fn=(512) lookup_malloc_symbol
61 8 0 4 1 0 0 1
+3 4
-3 16 0 8
+3 4
-3 4
+3 8 4 0 1 0 0 1
-1 4 0 4
+1 12 0 12
cfi=(79)
cfn=(284)
calls=4 840 
* 3036 922 344 0 41 4 0 3
+4 28 16
+1 28 12
+2 4 0 4 1 0 0 1
fi=(155) ./elf/./dl-sym-post.h
-30 8
+12 12 4
fe=(7)
+19 20 16

fn=(142)
239 6 0 0 1 0 0 1
+3 12 6 0 0 2 0 0 2
+2 6 6
+1 12
+4 220 4 0 1 0 0 1
+7 399 133 0 0 1 0 0 1
-2 270 135
+6 4 0 2
+7 2 0 2
+4 4 2
-4 2 0 2
+4 8 4
-22 98 98
+15 98
-15 200

fn=(508) __rtld_malloc_init_real
76 2 0 1 1 0 0 1
+10 1
fi=(154) ./elf/../sysdeps/generic/dl-hash.h
-41 1 0 0 1 0 0 1
fe=(7)
+31 1 0 1
fi=(154)
-32 1
fe=(7)
+32 5 0 3
+11 1 0 1
-1 1 0 1
fi=(154)
-43 1
+5 3
+14 4
-17 3 1 0 1 1 0 1 1
+3 15
+14 20
-17 15 5
fe=(7)
+46 2
fi=(154)
-24 1
fe=(7)
+22 1 0 1
+2 2
fi=(154)
-19 1 0 1
fe=(7)
+19 1 0 1
cfn=(512)
calls=1 -30 
* 788 241 94 3 15 4 3 2
+1 3
-1 1
+1 1 0 1 1 0 0 1
cfn=(512)
calls=1 -31 
* 836 246 94 0 10 0 0 1
+1 3
-1 1
+1 1 0 1
cfn=(512)
calls=1 -32 
* 798 245 94 0 10
+1 3
-1 1
+1 1 0 1
cfn=(512)
calls=1 -33 
* 774 242 94 0 6
+5 1 0 1
+1 1 0 1
+1 1 0 1 1 0 0 1
+1 1 0 1
+1 7 6

fn=(12) __rtld_malloc_init_stubs
42 1 0 0 1 0 0 1
+1 2 0 1 0 0 1 0 0 1
+1 2 0 1
+1 2 0 1 1 0 0 1
+1 2 0 1
+1 1 1

fl=(45)
fn=(136)
40 55 0 22 3 0 0 1
+1 11 0 11
cfi=(22)
cfn=(60)
calls=11 * 
* 445 76 0 5 1 0 5 1
* 11
fi=(409) ./string/../include/rtld-malloc.h
+15 22 11 11
cob=(3)
cfi=(177)
cfn=(664)
calls=2 3287 
* 230 46 34 0 0 4 0 0 4
cfi=(27)
cfn=(76)
calls=9 -21 
* 225 45 45
fe=(45)
-12 22
+4 11
-1 33
+1 22 22
-1 11
cfi=(29)
cfn=(80)
calls=11 212 
* 193 55 44 1 0 10 1 0 10

fl=(41)
fn=(120) _dl_hwcaps_contains
66 6 0 0 1 0 0 1
+1 12
+1 6
+9 6 6

fn=(116)
51 55 0 22 1 0 0 1
-25 42 14
+4 24 12 12
+4 48 12 0 1 1 0 1 1
+1 12 0 6
-1 24 6
+2 24
+5 27 0 9
cfi=(42)
cfn=(118)
calls=9 -18 
* 216 27 0 2 1 0 2 1
+1 18
+3 6
+11 12 6 6
+1 12
+1 6
-1 6 0 6
+1 6
-2 6 3 3
+1 6
+1 3
-1 3 0 3
+1 27 6 6
cfn=(120)
calls=6 +8 
* 30 6 0 1 0 0 1
* 12
-3 5 0 0 1 0 0 1
+7 44 33
-19 6 0 3
cfi=(22)
cfn=(60)
calls=3 -2 
* 51 6
* 3

fn=(122)
25 4 0 2 1 0 0 1
+1 3 1
+21 1 0 0 1 0 0 1
-20 1
+20 3 3

fl=(156) ./elf/../sysdeps/nptl/dl-mutex.c
fn=(516) __rtld_mutex_init
30 2 0 1 1 0 0 1
+10 3
-10 1 0 1
+10 2 0 0 1 0 0 1
-10 1 0 1
+7 1 1 0 0 1
+3 2 0 1
cfi=(157)
cfn=(518)
calls=1 +34 
* 175 47 13 6 7 0 6 1
+4 2
+1 8 3
+2 3 0 0 1 0 0 1
-2 1 0 1
+2 3 0 1
cfi=(157)
cfn=(518)
calls=1 +27 
* 198 49 13 1 7 0 1
+4 2
+1 6 3
+1 2 2
-1 1 0 1
+1 2 2

fl=(42)
fn=(118)
23 51 0 0 3 0 0 1
+1 51
+1 51
+1 51
+1 51
+1 51
+1 51
+1 51
+1 51
+1 51 51 0 0 11 0 0 8
+1 51
+1 51 0 0 3 0 0 1
+1 51
+1 51
+1 51
+1 51
+1 51
+1 51
+1 41
+4 41
+1 41
+1 41 41
+1 41
+2 41 41
+4 10 10
+1 10
+1 10
+1 10 0 0 2 0 0 1
+1 10
+1 10
+1 10 10
+1 10
+1 10
+1 10
+1 10
+1 10
+1 10
+1 10 10
+1 10
+1 10
+1 10
+1 10
+1 10
+1 10 0 0 2 0 0 1
+1 10
+1 10
+1 10
+1 18
+5 4
+1 4
+3 4
+1 4 4
+1 4 4
+1 4 4
+1 4
+1 4 4 0 1 0 0 1
+1 4
+1 4
+1 4 4
+1 4
+1 4 4
+1 4 4
+1 4
+1 4 4
+1 4
+1 4
+1 4
+1 4
+2 4
+1 4
+2 4 4
+1 4 0 0 2 0 0 1
+1 4
+1 4
+1 4
+1 4
+1 4
+1 4
+2 4
+1 4
+1 4
+1 4
+1 4
+1 4
+1 4
+1 4
+1 4
+1 4
+3 4 0 0 1
+4 4
+1 4
+1 4 4
+1 4
+2 4 4
-9 6 0 0 2 0 0 1
+4 6
+1 6
+1 6 6
+1 6
+2 6 6

fl=(165)
fn=(542)
46 1440 0 720 21 0 0 2
+2 900 720 0 0 44
+1 180 180
+6 180
fi=(410) ./elf/../sysdeps/x86_64/dl-runtime.h
-27 180
fe=(165)
+21 180 180
+5 180 180 0 0 17
+1 180 180 0 0 24
-6 180
+6 360 0 0 7 0 0 1
+1 180 180 0 0 174
+2 180 180 0 0 18
-2 180
+2 180
-2 900 0 180
+7 360
+4 360 180 0 0 174 0 0 72
+4 540 180 0 5 22 0 1
+4 540 360 0 0 169 0 0 1
+1 720 180 0 0 9
-7 720 180 0 0 56
+16 180 180
-1 180
+1 360
+10 1800 360 540 10 24 16 1 0 2
cfi=(79)
cfn=(284)
calls=180 840 
* 151012 37824 13472 404 1644 183 0 220 18
* 180
+4 900 540 0 12 0 0 1
+10 1800 720 180 0 5
+15 720 180
+9 540 180 0 13 1 0 1
+26 540 180 0 0 7
fi=(6)
+70 180 0 180
fe=(165)
-66 1080 900
fi=(192) ./elf/../sysdeps/x86_64/dl-irel.h
32 10 0 10 6 0 0 1
cob=(3)
cfi=(86)
cfn=(304)
calls=1 +33 
* 17 4 0 3 2
cob=(3)
cfi=(123)
cfn=(400)
calls=1 -3 
* 23 4 0 3
cob=(3)
cfi=(110)
cfn=(362)
calls=1 -3 
* 22 5 0 3 1
cob=(3)
cfi=(92)
cfn=(318)
calls=1 -3 
* 22 4 0 3 2
cob=(3)
cfi=(89)
cfn=(310)
calls=2 -3 
* 48 8 0 4
cob=(3)
cfi=(118)
cfn=(384)
calls=2 -3 
* 42 8 0 6
cob=(3)
cfi=(119)
cfn=(388)
calls=1 -3 
* 17 4 0 2
cob=(3)
cfi=(97)
cfn=(328)
calls=1 -4 
* 21 4 0 3 1
fe=(165)
+93 20 0 10

fl=(2)
fn=(256)
696 3 0 1 1 0 0 1
+2 4 2 1 1 0 0 1
cfi=(75)
cfn=(258)
calls=1 361 
* 31942 9343 1594 54 136 82 54 124 75
* 2
+4 2 2

fn=(64)
1320 2 0 1 1 0 0 1
205 1
311 1
1320 2 0 1
2818 1
1320 3 0 2 1 0 0 1
2829 1
1320 2 0 2
2698 1
1320 2 0 1 0 0 1 0 0 1
311 1 0 1
1320 3 0 3
207 1 0 1 1 0 0 1
310 1 0 1
205 1 0 1
+99 3 0 3
1332 1 0 1 0 0 1 0 0 1
cfi=(24)
cfn=(66)
calls=1 53 
* 17 1 5 2 0 1 2 0 1
2677 3 1 2
+6 5 1 0 1 0 0 1
-4 1
+4 1 0 1 0 0 1 0 0 1
+2 3 0 1
cfi=(25)
cfn=(68)
calls=1 28 
* 75 26 1 2 0 0 2
* 4 0 2
cfi=(25)
cfn=(68)
calls=2 28 
* 566 191 1
* 9
+4 6 2
-2 2
+2 6
+1 2 0 0 1 0 0 1
-1 6 2
+1 17
-1 89 17
+9 12 2 0 0 1 0 0 1
2845 4 1 0 1 0 0 1
+32 2
1348 1 1
+1 2 1
-1 2 1 1
+1 2 1 0 1 0 0 1
2774 3 1 0 1 0 0 1
+1 3 1
-56 2 1 0 1 0 0 1
+7 2 1
1627 9 0 2 2 0 0 2
cfi=(26)
cfn=(70)
calls=1 59 
* 230 29 51 21 4 14 21 4 14
* 1
+2 2
+1 1 1
+6 2
-6 1 0 1
+1 2 1 1
+1 3 2 1 1 0 0 1
+4 1 0 1
cfi=(26)
cfn=(82)
calls=1 31 
* 36 9 8 3 0 0 3
+1 2 1
1140 1 1
1326 1 0 1
1169 1 1
-29 1 0 1
+11 1 0 1
+18 2 1 0 1 0 0 1
-21 1 1 0 0 1 0 0 1
+21 1
-19 1 0 1
-4 1 0 1
+23 1
-21 1 0 1 0 0 1 0 0 1
+21 2
+57 1 1 0 1 0 0 1
-83 1 0 1
+23 1
+4 1
+19 1
+22 1
+15 5
-56 116 22 0 1 7 0 1 7
1275 4 2 1 0 1 0 0 1
+2 1
1169 18 0 0 1 0 0 1
fi=(30)
105 2 0 1
fe=(2)
1282 22
+6 4 0 1
cfi=(31)
cfn=(88)
calls=1 868 
* 20 8 0 3 1 0 3 1
-7 26 13
+1 13 13 0 1 0 0 1
+6 13
-6 26
fi=(30)
212 4 4
+1 2 2
95 8 4
+10 2
212 1
105 1
-2 1
-3 1 0 0 1 0 0 1
+2 1 0 1
+3 1
-4 2 0 1
+92 4
-1 1
-87 3
+3 3 1 0 1 0 0 1
+1 2 1
+1 2 1
+4 3 1
+4 3 0 1
+3 3 1 0 1 0 0 1
+1 2
+4 1
+1 4 0 1
+58 3
+2 4
-56 4 2 0 1 0 0 1
+1 2 2
+3 4
+3 2
+1 8
+5 4 0 0 1 0 0 1
+2 4
+5 4
+14 2 2
-1 4
+2 2
fe=(2)
1174 1 1 0 1 0 0 1
-5 1 0 0 1 0 0 1
+5 2 1 1
-5 2
+30 1 1
-9 1 1
+27 1 0 1
-27 1 1 0 0 1 0 0 1
+2 1 0 1
-3 1 0 1
+10 2 0 0 1 0 0 1
-20 2 2 0 1 0 0 1
-10 1
+10 1 0 1
+1 9 2 1
-11 2
+57 4 4 0 1 1 0 1 1
-1 4 4
+1 8
-1 4
+2 8 4
+1 1 0 1
+2 12 4
+1 14 0 0 1 0 0 1
+1 2 0 1
+3 2 1 0 0 1 0 0 1
+1 2 1
-1 6 3 0 0 2 0 0 2
+1 6 3
+1 4 0 4
+1 10 5
+1 1 0 1
+4 1
-74 1
+74 2
-74 2
+74 3 0 0 1 0 0 1
-74 3
+74 6
-74 6
fi=(30)
165 2 0 1
fe=(2)
1271 1 1
1169 1
1271 1 0 1 0 0 1 0 0 1
1169 2 0 0 1 0 0 1
1294 1 1 0 0 1 0 0 1
+3 2 2
+2 1 1
-5 2
+3 2
+2 2 0 0 1 0 0 1
+2 2 1
1662 3 1
+2 1
-1 1 1
+1 2 2 0 1 0 0 1
+1 2 2
-2 1 1
+2 1 1
-2 2 0 1
cfi=(32)
cfn=(90)
calls=1 108 
* 34 5 0 5 1 0 5 1
* 2
+7 1 0 1 0 0 1 0 0 1
+3 1 1
-5 1 0 1
+3 1 0 1 1 0 1 1 0 1
+2 1
+1 2 0 1
+4 2 1
+2 2 1
fi=(3) ./elf/./get-dynamic-info.h
39 3 1 0 1 0 0 1
+6 1 1 0 0 1 0 0 1
-2 1
+2 2
+9 1
+5 1
+3 1
+2 1
-3 1
-3 1
-3 17
+13 5 0 5 0 0 2 0 0 2
-23 20 5 0 0 1 0 0 1
+23 26 0 26 0 0 4 0 0 4
-23 104 26 0 0 6 0 0 6
+4 62 0 0 1 0 0 1
+5 24
+2 5
+16 3 1 0 1 0 0 1
+25 3 1
+5 2 1
+7 2 1
+1 3 2
+22 3 1 0 1 0 0 1
+5 2 1 1
+2 2
+2 2
+2 2
+1 1 0 1
+3 3 1 0 1 0 0 1
+2 3 1 1
+1 2
+9 2 1
+6 2
+1 2 1 1
+3 2 1 0 1 0 0 1
+2 1 0 1
fe=(2)
1688 3 1
+7 2 0 1 1 0 0 1
cfi=(8)
cfn=(14)
calls=1 25 
* 29 8 5 0 1 0 0 1
+3 2 1
fi=(33) ./elf/./setup-vdso.h
24 2 1 0 0 1 0 0 1
fi=(35) ./elf/../sysdeps/unix/sysv/linux/dl-vdso-setup.h
+21 1 0 1 1 0 0 1
fe=(2)
1723 1 0 1
cfi=(13)
cfn=(100)
calls=1 46 
* 100 14 4 5 1 1 5 1 1
* 8 1 1
fi=(37) ./elf/./dl-main.h
109 5 4 1 1 0 0 1
cfi=(31)
cfn=(106)
calls=1 706 
* 5967 1217 582 107 12 27 107 12 27
fe=(2)
1731 3 1 1
cfi=(46)
cfn=(150)
calls=1 56 
* 30 6 5 5 1 0 5 1
+7 1 1
-7 1 0 1
+2 1 0 1
+5 1
+4 1 1
+3 1 0 1 1 0 0 1
-3 3 0 1
+1 2 0 1
+3 1 0 1
+5 1 1
-7 1 0 1
+7 1
+1 3 1 1 1 0 0 1
+12 2 1 0 0 1 0 0 1
+1 2 1
+5 1 1
-3 2 1
+2 1 0 1
+1 2 0 1 1 0 0 1
+5 3
+1 5 1 0 0 1 0 0 1
-1 2
233 1 1 0 1 0 0 1
-1 1 1 0 0 1 0 0 1
+1 3 2
+1 2
-2 1 1 0 1 0 0 1
+2 2
1793 2 1 0 1 0 0 1
+5 1 1
-1 1 0 1 1 0 0 1
+1 1
+24 1 0 1
cfi=(47)
cfn=(152)
calls=1 197 
* 6 3 0 1 0 0 1
* 1 0 1
fi=(48) ./elf/../sysdeps/generic/dl-debug.h
29 3 1
+1 2 1 1
fe=(2)
1828 2 1 1
+1 1 0 1
cfi=(46)
cfn=(156)
calls=1 116 
* 2 1 0 1 0 0 1
+1 1 0 0 1 0 0 1
+4 3 0 1
cfi=(49)
cfn=(158)
calls=1 28 
* 16 7 4 3 0 0 3
+5 3 2
+2 1
+2 2 1
+9 2 1
+16 4 0 1 1 0 0 1
cfi=(65)
cfn=(212)
calls=1 25 
* 9 1 1 1 0 0 1
* 2
+76 4 2
+16 3 1
85 1
1970 1
85 2 0 0 1 0 0 1
1970 2
85 1
1970 5 1 1
cfi=(66)
cfn=(214)
calls=1 159 
* 52287 10874 5637 162 220 259 160 199 257
92 1
1976 1 1
92 2
+9 2 0 1
1976 2 0 0 1 0 0 1
+1 5 2 1
-1 4
+1 14 7 7
-1 28
+4 4 3 1
+1 3 1 0 1 0 0 1
+1 1 0 1
+2 2
+1 4 1
-1 25
+1 21 7 0 1 0 0 1
+12 3 1 1
+1 2
+2 1
+2 3
+2 1 1 0 0 1
-4 1 0 1
+5 1 1
-1 2
+14 2 0 0 1 0 0 1
+1 2 0 1
+1 3 1
+11 2 0 0 1 0 0 1
+2 1
-2 1
+2 2
-2 1 0 1
+1 2
+1 1 0 0 1 0 0 1
-1 2 0 1
+1 1 0 1
cfi=(52)
cfn=(254)
calls=1 238 
* 31970 9352 1603 57 136 82 57 124 75
+10 2 1 1 0 1
+1 2
+3 2 1
862 1 1
fi=(411) ./elf/../sysdeps/unix/sysv/linux/dl-osinfo.h
64 2 1 0 0 1
fe=(2)
864 1 0 1 1 0 0 1
+6 1 1
+3 1 0 1
+7 1 0 1
-5 1 0 1
2052 3 1
2282 3 1 0 0 1
1778 2 2 0 1 1 0 1 1
+6 1 1 0 0 1 0 0 1
-6 2 0 1 0 0 1 0 0 1
+6 1
+2 3 2 0 1 0 0 1
fi=(30)
198 4 1 0 1 0 0 1
+2 1 1
+1 1 0 1
+2 1 0 1
-3 3 0 1
+3 1
fi=(3)
59 4 0 0 1 0 0 1
+3 4
+2 4
fi=(34) ./elf/../sysdeps/unix/sysv/linux/dl-vdso.h
-24 1 1 0 1 0 0 1
+1 2
fe=(2)
2331 1 1
1325 1
2342 1 1 0 1 0 0 1
-4 2 0 1
+10 1 1
-6 1 0 1 0 0 1
+6 1 0 1 0 0 1
+3 2
+8 1 1
fi=(30)
36 1 1 0 1 0 0 1
fe=(2)
2359 1 1
fi=(30)
37 3
+3 1 1
+13 10 1 0 0 1
-13 7 7
+9 14 7 0 0 1
-9 1 1
+9 40 8
+4 35 7
-16 24 0 0 1 0 0 1
+34 3 0 1
cfi=(77) ./elf/../sysdeps/x86/dl-cet.c
cfn=(274) _dl_cet_check
calls=1 252 
* 30 9 6 3 1 0 3 1
fe=(2)
2361 2
+54 3 1 0 1 0 0 1
+3 1 0 1 1 0 0 1
85 4 0 1
2422 1 1
+1 28 0 1 1 0 0 1
+2 16 16 0 0 5
+5 16 16 0 0 7
+2 16
+6 8 0 8 0 0 1
+2 24 0 0 1 0 0 1
+1 56 14 7 0 9
cfi=(78)
cfn=(276)
calls=7 194 
* 2635901 640678 227884 261 16540 2667 255 9294 1761
+4 20 10 0 0 4
+1 4
-23 2 0 0 1 0 0 1
+23 2 0 2
cfi=(47)
cfn=(416)
calls=2 1015 
* 56 18 12 2 4 0 2
-23 8 1 0 0 1
92 3
+1 1 1
2454 1 1
93 1 0 1 0 0 1
2454 1 0 0 1 0 0 1
+5 4 2 0 0 1
+2 1 0 1
+7 3 0 1
cfi=(47)
cfn=(498)
calls=1 528 
* 221 53 33 9 11 4 8 0 4
+3 2 1 0 1 0 0 1
fi=(3)
72 2 1 0 1 0 0 1
+10 3 1
+1 4 1 1
+1 4 1 1 1 0 0 1
+1 4 1 1
+2 4 1 1
+5 4 1 1
+1 4 1 1 1 0 0 1
+1 5 1 1
fi=(35)
-64 3 0 2 1 0 0 1
+3 1 0 1 1 0 0 1
+3 1 0 1
+3 1 0 1
fi=(34)
+16 2
fe=(2)
2434 1 0 1 1 0 0 1
+1 1 1
-3 2
+49 3 2 0 1 1 0 1
+2 4 1
+10 1 0 1
cfi=(152)
cfn=(500)
calls=1 561 
* 1877 422 116 18 89 9 18 8 6
+5 2 0 1
cfi=(7)
cfn=(508)
calls=1 76 
* 3304 986 393 8 42 4 8 4
+3 1 0 1
cfi=(156)
cfn=(516)
calls=1 30 
* 415 107 33 10 15 0 10 1
85 1
2507 1 0 1
+1 3 1
85 3 0 0 1 0 0 1
2508 2 0 1
cfi=(78)
cfn=(276)
calls=1 194 
* 6008 1710 615 1 81 4 0 16
92 3
+9 2 0 1
2516 3 1 1
cfi=(158)
cfn=(522)
calls=1 27 
* 1485 448 195 28 38 17 28 9 5
+7 1 0 1
cfi=(9)
cfn=(548)
calls=1 262 
* 2 1 0 1 0 0 1
+4 3 0 1 1 0 0 1
cfi=(49)
cfn=(550)
calls=1 40 
* 21 7 4 2 0 0 2
+5 2 0 1
cfi=(46)
cfn=(190)
calls=1 38 
* 7 2 0 1 1
+1 1 0 1
-1 1
+2 1 0 1
cfi=(46)
cfn=(156)
calls=1 116 
* 2 1
+1 1
+4 1 0 1
cfi=(68)
cfn=(552)
calls=1 537 
* 18 4 3 3 2 0 3
+5 8 7 0 0 2
1741 4 2 1 1 0 0 1
1995 2 0 1 1 0 0 1
+50 2 0 1 1 0 0 1
cfn=(262) init_tls
calls=1 756 
* 841 105 393 22 16 42 22 4 41
* 2
2726 4 2 0 1 0 0 1
+2 2 0 1
+1 1
+46 2 1 0 1 0 0 1
+2 1
+1 1
-1 1 0 1 1 0 0 1
+1 1 0 1
+1 1
85 1 0 0 1 0 0 1
1847 1 1
85 2
1847 1
85 1
1847 2 0 1
cfn=(160) handle_preload_list
calls=1 894 
* 3107 726 351 119 36 41 119 36 41
* 1
92 3 0 0 1 0 0 1
+9 3 0 1
1948 16 0 1 3 0 0 3
+1 1
-1 1
+4 3 0 1
+1 1 1
+1 2
+1 2
-7 2
fi=(30)
170 3 1 1 1 0 0 1
-39 2
fe=(2)

fn=(174)
663 2 0 1 1 0 0 1
+2 1 1
-2 1
+2 1
+1 2 2 0 1 0 0 1
-1 2
+1 3 0 1
cfi=(31)
cfn=(176)
calls=1 2022 
* 2683 571 264 99 35 32 99 35 32
* 1 0 1
+2 2 2

fn=(2)
527 10 0 7 2 0 1 2 0 1
85 1
fi=(6)
-40 1
fe=(2)
557 1 0 1 0 0 1 0 0 1
-4 1 0 1 0 0 1 0 0 1
85 2
556 1
85 1 0 1 0 0 1 0 0 1
fi=(3)
-40 1 1 0 0 1 0 0 1
fe=(2)
556 1 0 1 1 0 1 1 0 1
fi=(3)
45 2
+9 1
+5 1
+3 1
+2 1
+4 1
-7 1
-3 1
-3 14
+13 4 0 4 0 0 2 0 0 2
-23 16 4 0 0 1 0 0 1
+23 14 0 14 0 0 4 0 0 4
-23 56 14 0 0 3 0 0 3
+4 36 0 0 1 0 0 1
+5 20
+2 5
+3 4 0 0 1 0 0 1
fi=(4)
+21 1 1
fi=(3)
-8 3
+10 4 1 1 1 0 0 1
+1 4 1 1
+1 4 1 1
+1 4 1 1
+2 4 1 1 1 0 0 1
+5 4 1 1
+1 4 1 1
+1 4 1 1
+3 3 1 0 1 0 0 1
+5 2 1
+7 3 1
+1 3 2
+8 2 1 0 0 1 0 0 1
+1 2 1 0 1 0 0 1
+5 3 1
+3 3 1
fe=(2)
573 1 0 0 1 0 0 1
fi=(6)
71 1 1
fe=(2)
573 42 8 7 2 0 1 2 0 1
fi=(6)
414 1 0 0 1 0 0 1
fi=(5)
86 1 1
fe=(2)
573 2 2
fi=(5)
49 1 1
+37 1 1
-37 1
+37 1
+2 1
-2 1
+2 1
-2 1
+27 2
-27 1 1
fe=(2)
573 2 2
fi=(5)
49 1 1
+37 1 1
-37 1
+37 1
+2 1
-2 1
+2 1
-2 1
+27 3
+1 2 1 0 1 1 0 1 1
fi=(6)
534 2 1
fi=(5)
114 282 141 0 0 17 0 0 17
fi=(6)
534 282 141 0 0 18 0 0 18
+1 142 142 0 0 18 0 0 18
fi=(5)
113 142
fi=(6)
535 284 0 142 0 0 20 0 0 20
fi=(5)
113 284
+5 4 2
+8 7
fi=(6)
326 12
fi=(5)
126 21
+2 7 7 0 1 2 0 1 2
+2 7 7
-2 7
fi=(6)
287 7
fi=(5)
130 7
-2 7
+1 14
fi=(6)
287 14
+9 70 28 0 1 7 0 1 7
+3 14
+27 33 0 0 1 0 0 1
fe=(2)
573 6
fi=(5)
50 1 1
fi=(4)
+30 2 1
fi=(6)
326 2 0 0 1 0 0 1
+20 12 6 6 1 1 2 1 1 2
+1 6
fe=(2)
575 1 0 1 1 0 0 1
+13 1 0 1 0 0 1 0 0 1
cfi=(7)
cfn=(12)
calls=1 42 
* 10 1 4 2 0 1 2 0 1
+4 2 0 1
85 1
488 2
85 3 0 1 1 0 0 1
488 1 0 1
cfi=(8)
cfn=(14)
calls=1 25 
* 29 8 5 3 1 1 3 1 1
+2 2
-1 1 0 1
+1 2
+17 1 1
-15 1
-2 1
+17 1
-15 1 0 1 1 0 1 1 0 1
+9 1 0 1
-11 1 0 1
+17 1 0 1
cfi=(9)
cfn=(16)
calls=1 85 
* 2808973 678601 238657 1093 17464 3210 1082 9890 2267
* 1 0 0 1
+2 2 1
+98 9 7 0 0 1
fi=(3)
62 4 0 0 1 0 0 1
+2 4
fe=(2)
573 3 0 1

fn=(160)
894 10 0 7 1 0 1 1 0 1
+5 1 1
-5 2 0 2 0 0 1 0 0 1
+5 2
+6 1
-64 1
+54 3 0 0 1 0 0 1
+7 3 0 1 0 0 1 0 0 1
cfi=(50)
cfn=(162)
calls=1 25 
* 233 108 34 3 1 4 3 1 4
* 1
+1 3
+9 1
191 1 1 0 1 0 0 1
914 2 1
191 2
916 2 1
-80 1 1
+5 5
-10 1 0 1 1 0 0 1
+8 1 1
-4 1 0 1
+1 1 0 1
+1 1 0 1
+4 1 0 1
cob=(2)
cfi=(51)
cfn=(164)
calls=1 0 
* 2784 597 296 111 35 33 111 35 33
+1 3 1
+8 3 1
+67 1
-18 2 1
+21 9 7
-15 4 0 1 1 0 0 1
cfi=(29)
cfn=(80)
calls=1 212 
* 19 5 4 0 0 1 0 0 1
+1 2 0 1

fn=(262)
756 3 0 2 1 0 0 1
+2 1 1
+4 1 1
-4 1 0 1
+4 2
+11 1
fi=(28)
44 1
fe=(2)
768 1 0 0 1 0 0 1
+4 1
fi=(28)
44 1 1 1
cfi=(27)
cfn=(72)
calls=1 +34 
* 36 6 5
fe=(2)
783 1 1 0 0 1 0 0 1
-12 1 0 1
+6 1
-9 1 0 1 0 0 1 0 0 1
+11 1 0 1
+4 1
+2 3 1 0 1 0 0 1
-1 2
+3 16 8 0 0 5
+4 2
+2 2
-2 4 0 2
-5 2 2
-1 4
+10 3 1
+3 2 0 1 1 0 0 1
cfi=(47)
cfn=(264)
calls=1 97 
* 79 14 9 2 4 1 2 2
+3 1 0 1
cfi=(47)
cfn=(266)
calls=1 221 
* 108 22 11 7 1 0 7
+7 1 0 1
cfi=(47)
cfn=(268)
calls=1 422 
* 443 24 333 3 0 40 3 0 40
* 1
+1 2
+6 1 1
+3 2
-3 1 0 1
+3 6 0 2
+3 1 0 1
cfi=(24)
cfn=(270)
calls=1 68 
* 75 13 18 5 5 0 5 1
+1 1 0 1
+3 5 3
-39 6 6 0 1 0 0 1
-1 13

fl=(68)
fn=(228)
416 40 0 24 1 0 0 1
+2 8 4
+3 12 4 0 1 0 0 1
+69 9 3
+5 3 3
208 3 3
495 7 1
208 1 1
495 2
+3 12 4 4
fi=(70) ./elf/../sysdeps/x86/dl-procinfo.h
39 8 0 0 1 0 0 1
+3 12 0 8
cfi=(32)
cfn=(90)
calls=4 +66 
* 100 28
* 16 0 4
fe=(68)
212 24 0 8 1 0 0 1
cfi=(10)
cfn=(24)
calls=4 405 
* 84 16 4
* 4 4
+16 8 0 4
-16 4 0 4 1 0 0 1
+6 8 4 4
+10 4
-7 20
+9 12 4
+1 4
-37 8
+37 4 4 0 0 1 0 0 1
+4 8 4
-5 84 28
+1 28
-37 56
+37 28 28 0 0 25 0 0 25
+4 56 28
+4 96 0 32 1 0 0 1
cfn=(236) _dl_cache_libcmp
calls=32 370 
* 2572 380 0 4 27 0 4 27
+1 64
359 28
+3 30 0 15
228 30
360 13
228 38 13 4 1 0 0 1
+2 20 4
+20 16 8 0 0 1 0 0 1
+3 16
+2 32 0 8
cfn=(236)
calls=8 370 
* 1048 152 0 0 2 0 0 2
* 16
+2 4
-9 16 0 0 1 0 0 1
-30 8 8
+1 4
+95 4 0 4
-95 4
-1 32 4 12 1 0 0 1
+96 12 4
+41 16 4
-88 16
+4 3 1
+1 3 1 1
cfn=(236)
calls=1 +98 
* 146 21
* 2
+5 16 8 0 1 0 0 1
+1 12 4
fi=(69) ./elf/../sysdeps/generic/dl-cache.h
125 20 4 0 1 1 0 1 1
fe=(68)
294 8
+9 8 4
+3 8 4
+2 12 4
+1 8 4
+5 8 0 0 1 0 0 1
+1 16 4
+7 8
+21 16 4 4
513 8 4
+12 8 4 4 1 0 0 1
cfi=(22)
cfn=(60)
calls=4 41 
* 140 20 0 0 3 0 0 3
* 48 0 0 1 0 0 1
+1 4 4
-1 4
+1 4
-1 4
+1 4 0 4
cfi=(29)
cfn=(80)
calls=4 212 
* 60 16 12
* 4
+1 4 0 4
cfi=(45)
cfn=(136)
calls=4 40 
* 372 68 48 0 0 3 0 0 3
+1 32 28
-3 8 0 4
424 4 0 1 1 0 0 1
cfi=(54)
cfn=(230)
calls=1 36 
* 91 10 10 2 0 1 2 0 1
* 1
+8 5 1 0 1 0 0 1
+1 8 3 0 0 1 0 0 1
+3 4 0 0 1 0 0 1
+1 1 1
-1 3
fi=(69)
194 1 1
+1 5
fe=(68)
444 1 0 1 1 0 0 1
+1 2 0 1

fn=(552)
537 8 0 0 3 0 0 1
+1 32 8 0 0 4
+7 14 7 7 0 0 2
-8 1
+3 2 1 1 0 1
cfi=(71)
cfn=(554)
calls=1 117 
* 6 1 0 1 0 0 1
+1 1 0 1 1 0 0 1
+4 1 0 1
+2 2 1

fn=(236)
370 41 0 0 1 0 0 1
+1 41 41
+32 41 41 0 0 27 0 0 27
-33 82
+1 100 0 0 1 0 0 1
+2 247
+2 247
-2 494
+20 476
+2 476
-12 206 206
+2 206 206 0 0 2 0 0 2
+14 206
+1 206
-29 412
+32 27 9
-28 18 0 0 1 0 0 1
+8 9 9
-2 18
+1 18
-1 9
+2 27
+2 9 9
-3 9
+3 27

ob=(5) /usr/libexec/valgrind/vgpreload_core-amd64-linux.so
fl=(168) ???
fn=(574) 0x00000000000012f0
0 5 2 0 2 0 0 2

fn=(4152) 0x00000000000010e0
0 3 1 0 1 1

ob=(1)
fl=(68)
fn=(236)
387 18
+9 96 32 0 1 0 0 1

ob=(5)
fl=(168)
fn=(4152)
0 8 2 4 1 1 0 1
cob=(2)
cfi=(51)
cfn=(4158) 0x000000000483f040
calls=1 0 
0 131 30 12 1 0 0 1
0 10 1 1 1
cfn=(4164) 0x0000000000001070
calls=1 0 
0 5 1 0 1
0 5 4 1

fn=(4164)
0 5 1 0 1

fn=(566) 0x0000000000001170
0 10 1 0 2 0 0 2

ob=(1)
fl=(77)
fn=(274)
252 8 0 6 1 0 0 1
42 1 1 0 0 1 0 0 1
+9 1 1
-10 1
+4 1
-4 1
+3 1
+4 2
+1 2
-1 2 0 0 1 0 0 1
+14 2
254 8 7 0 1 0 0 1

ob=(5)
fl=(168)
fn=(566)
0 2 0 0 1 0 0 1

ob=(6)
fl=(173)
fn=(4332)
0 9 3 2 1 3 0 1
cob=(2)
cfi=(51)
cfn=(4338) 0x0000000004bb8340
calls=1 0 
0 131 30 12 1 0 0 1
0 1 0 1
cfn=(4342) 0x0000000000004550
calls=1 0 
0 5 1 0 1 0 0 1
0 3 2 1

fn=(594)
0 364 17 43 34 3 1 34 2

fn=(4342)
0 5 1 0 1 0 0 1

fn=(596)
0 12 1 0 2 0 0 2

ob=(9)
fl=(213)
fn=(3070) std::_Rb_tree<std::__cxx11::basic_string<char, std::char_traits<char>, std::allocator<char> >, std::pair<std::__cxx11::basic_string<char, std::char_traits<char>, std::allocator<char> > const, stan::json::array_dims>, std::_Select1st<std::pair<std::__cxx11::basic_string<char, std::char_traits<char>, std::allocator<char> > const, stan::json::array_dims> >, std::less<std::__cxx11::basic_string<char, std::char_traits<char>, std::allocator<char> > >, std::allocator<std::pair<std::__cxx11::basic_string<char, std::char_traits<char>, std::allocator<char> > const, stan::json::array_dims> > >::_M_get_insert_unique_pos(std::__cxx11::basic_string<char, std::char_traits<char>, std::allocator<char> > const&)
0 30 10 8 5 0 0 5

fn=(1822) std::__cxx11::basic_string<char, std::char_traits<char>, std::allocator<char> >::basic_string<std::allocator<char> >(char const*, std::allocator<char> const&) [clone .constprop.0]
0 496 31 217 8 1 3 2 0 3
cob=(2)
cfi=(51)
cfn=(1824) 0x00000000001200d0
calls=31 0 
0 508 95 0 5 16 0 1 9
0 604 226 109 3 0 0 1
cob=(2)
cfi=(51)
cfn=(1966) 0x0000000000120b00
calls=7 0 
0 511 119 56 4 11 1 0 0 1
0 56 7 21 1
cob=(2)
cfi=(51)
cfn=(1888) 0x00000000001203e0
calls=7 0 
0 92 28 14
0 60 0 15 2 0 0 1
cob=(2)
cfi=(51)
cfn=(1888)
calls=15 0 
0 266 60 30 0 2
0 954 44 296 13 0 12 2 0 3
cob=(2)
cfi=(51)
cfn=(1824)
calls=74 0 
0 1345 245 0 16 45 0 0 17
0 518 148
cfn=(1886) void std::__cxx11::basic_string<char, std::char_traits<char>, std::allocator<char> >::_M_construct<char const*>(char const*, char const*, std::forward_iterator_tag) [clone .isra.0]
calls=74 0 
0 5381 1301 941 27 19 8 4 0 3

fn=(1840) boost::math::tools::promote_args<double, double>::type boost::math::owens_t<double, double, boost::math::policies::policy<boost::math::policies::default_policy, boost::math::policies::default_policy, boost::math::policies::default_policy, boost::math::policies::default_policy, boost::math::policies::default_policy, boost::math::policies::default_policy, boost::math::policies::default_policy, boost::math::policies::default_policy, boost::math::policies::default_policy, boost::math::policies::default_policy, boost::math::policies::default_policy, boost::math::policies::default_policy, boost::math::policies::default_policy> >(double, double, boost::math::policies::policy<boost::math::policies::default_policy, boost::math::policies::default_policy, boost::math::policies::default_policy, boost::math::policies::default_policy, boost::math::policies::default_policy, boost::math::policies::default_policy, boost::math::policies::default_policy, boost::math::policies::default_policy, boost::math::policies::default_policy, boost::math::policies::default_policy, boost::math::policies::default_policy, boost::math::policies::default_policy, boost::math::policies::default_policy> const&) [clone .isra.0]
0 60 10 14 5 0 0 5
cfn=(1842) long double boost::math::detail::owens_t_dispatch<long double, boost::math::policies::policy<boost::math::policies::default_policy, boost::math::policies::default_policy, boost::math::policies::default_policy, boost::math::policies::default_policy, boost::math::policies::default_policy, boost::math::policies::default_policy, boost::math::policies::default_policy, boost::math::policies::default_policy, boost::math::policies::default_policy, boost::math::policies::default_policy, boost::math::policies::default_policy, boost::math::policies::default_policy, boost::math::policies::default_policy> >(long double, long double, long double, boost::math::policies::policy<boost::math::policies::default_policy, boost::math::policies::default_policy, boost::math::policies::default_policy, boost::math::policies::default_policy, boost::math::policies::default_policy, boost::math::policies::default_policy, boost::math::policies::default_policy, boost::math::policies::default_policy, boost::math::policies::default_policy, boost::math::policies::default_policy, boost::math::policies::default_policy, boost::math::policies::default_policy, boost::math::policies::default_policy> const&, std::integral_constant<int, 64> const&) [clone .isra.0]
calls=2 0 
0 3222 733 314 35 33 0 35 31
0 4 0 0 1 0 0 1

fn=(1842)
0 248 63 16 11 8 0 11 8
cob=(2)
cfi=(51)
cfn=(1832) 0x000000000011ff40
calls=1 0 
0 70 16 5
0 324 72 126 0 8 0 0 8
cob=(2)
cfi=(51)
cfn=(1832)
calls=18 0 
0 1260 288 90
0 222 100 11 2 0 0 2
cob=(2)
cfi=(51)
cfn=(1832)
calls=1 0 
0 70 16 5 1 1 0 1 1
0 11 4 3 1 0 0 1
cfn=(1838) long double boost::math::detail::erf_imp<long double, boost::math::policies::policy<boost::math::policies::promote_float<false>, boost::math::policies::promote_double<false>, boost::math::policies::default_policy, boost::math::policies::default_policy, boost::math::policies::default_policy, boost::math::policies::default_policy, boost::math::policies::default_policy, boost::math::policies::default_policy, boost::math::policies::default_policy, boost::math::policies::default_policy, boost::math::policies::default_policy, boost::math::policies::default_policy, boost::math::policies::default_policy> >(long double, bool, boost::math::policies::policy<boost::math::policies::promote_float<false>, boost::math::policies::promote_double<false>, boost::math::policies::default_policy, boost::math::policies::default_policy, boost::math::policies::default_policy, boost::math::policies::default_policy, boost::math::policies::default_policy, boost::math::policies::default_policy, boost::math::policies::default_policy, boost::math::policies::default_policy, boost::math::policies::default_policy, boost::math::policies::default_policy, boost::math::policies::default_policy> const&, std::integral_constant<int, 64> const&) [clone .isra.0]
calls=1 0 
0 450 113 48 15 7 0 15 5
0 486 41 5 2 9 0 2 9
cob=(2)
cfi=(51)
cfn=(1832)
calls=1 0 
0 70 16 5
0 11 4 0 3 0 0 3

fn=(1886)
0 17352 4120 3643 26 2 4 6 1
cob=(2)
cfi=(51)
cfn=(1966)
calls=35 0 
0 4345 894 555 27 28 14 1 0 8
0 245 35 105 1 0 0 1
cob=(2)
cfi=(51)
cfn=(1888)
calls=35 0 
0 547 162 86 4 7 6 0 5 4
0 1272 0 424 5
cob=(2)
cfi=(51)
cfn=(1888)
calls=424 0 
0 7441 1696 848 8 31 5 1 11 2
0 1377 918

fn=(2114) cmdstan::arg_single_real_pos::arg_single_real_pos(char const*, char const*, double)
0 1075 50 650 12 0 63 4 0 63
cfn=(1886)
calls=25 0 
0 1500 350 250
0 200 25 50 1 0 0 1
cob=(2)
cfi=(51)
cfn=(1912) 0x00000000001208b0
calls=25 0 
0 1325 275 200 17
0 175 0 50
cfn=(1886)
calls=25 0 
0 1425 350 250 0 1 0 0 1
0 75 0 25
cob=(2)
cfi=(51)
cfn=(1940) 0x0000000000120620
calls=25 0 
0 1350 350 225
0 175 25 50 1 0 0 1
cob=(2)
cfi=(51)
cfn=(1824)
calls=25 0 
0 400 75 0 12 5 0 0 4
0 150 25 25
cob=(2)
cfi=(51)
cfn=(1912)
calls=25 0 
0 1920 375 275
0 50 0 25
cob=(2)
cfi=(51)
cfn=(1824)
calls=25 0 
0 620 109 0 0 9 0 0 9
0 150 25 25 1 0 0 1
cob=(2)
cfi=(51)
cfn=(1912)
calls=25 0 
0 8724 1871 1391 51 0 28 0 0 28
0 125 0 50
cfn=(1886)
calls=25 0 
0 1425 350 250
0 50 0 25
cob=(2)
cfi=(51)
cfn=(1824)
calls=25 0 
0 400 75
0 200 25 25 1 0 0 1
cob=(2)
cfi=(51)
cfn=(1970) 0x0000000000120000
calls=25 0 
0 2153 467 319 13 0 1 0 0 1
0 75 25 25
cob=(2)
cfi=(51)
cfn=(1944) 0x00000000001201e0
calls=25 0 
0 2238 579 380 42 0 2 0 0 2
0 84 28 3
cob=(2)
cfi=(51)
cfn=(1950) 0x00000000001204b0
calls=3 0 
0 297 93 45 3
0 50 0 25
cob=(2)
cfi=(51)
cfn=(2116) 0x0000000000120320
calls=25 0 
0 21350 6550 4950 257 30 0 7
0 100 25 25 1 0 0 1
cob=(2)
cfi=(51)
cfn=(2120) 0x0000000000120960
calls=25 0 
0 75410 17427 11262 1495 144 34 218 28 1
0 100 0 25
cob=(2)
cfi=(51)
cfn=(2220) 0x0000000000120900
calls=25 0 
0 3979 853 555 85 9 0 5
0 150 0 50
cob=(2)
cfi=(51)
cfn=(1940)
calls=25 0 
0 1323 344 221 28
0 200 50 50 1 0 0 1
cob=(2)
cfi=(51)
cfn=(2228) 0x0000000000120360
calls=25 0 
0 5324 1637 977 104 27 0 14 2
0 275 225 0 1 0 0 1

fn=(2252) cmdstan::singleton_argument<double>::singleton_argument()
0 148 8 88 6 0 11 3 0 11
cfn=(1886)
calls=4 0 
0 240 56 40 1
0 28 4 8 2 0 0 1
cob=(2)
cfi=(51)
cfn=(1912)
calls=4 0 
0 212 44 32 2
0 28 0 8
cfn=(1886)
calls=4 0 
0 228 56 40
0 116 48 12 8 0 0 3
cob=(2)
cfi=(51)
cfn=(1888)
calls=4 0 
0 68 16 8
0 24 12 8 2 0 0 1

fn=(2270) cmdstan::arg_variational::arg_variational()
0 30 2 18 3 0 1 3 0 1
cfn=(1916) std::__cxx11::basic_string<char, std::char_traits<char>, std::allocator<char> >::assign(char const*) [clone .isra.0]
calls=1 0 
0 108 21 14 0 1 0 0 1
0 3 0 1
cfn=(1916)
calls=1 0 
0 381 80 59 0 0 1 0 0 1
0 2 0 1
cob=(2)
cfi=(51)
cfn=(1004) 0x00000000001204a0
calls=1 0 
0 199 38 30 0 0 1 0 0 1
0 3 0 1
cfn=(2094) cmdstan::list_argument::list_argument()
calls=1 0 
0 114 19 30 0 0 2 0 0 2
0 5 0 2 1 0 0 1
cfn=(1916)
calls=1 0 
0 108 21 14
0 3 0 1
cfn=(1916)
calls=1 0 
0 377 80 58
0 3 0 1
cob=(2)
cfi=(51)
cfn=(1004)
calls=1 0 
0 203 39 30 0 0 1 0 0 1
0 19 1 11 2 0 1 2 0 1
cfn=(1916)
calls=1 0 
0 108 21 14
0 3 0 1
cfn=(1916)
calls=1 0 
0 381 80 59 0 0 1 0 0 1
0 5 0 2
cfn=(1934) cmdstan::argument*& std::vector<cmdstan::argument*, std::allocator<cmdstan::argument*> >::emplace_back<cmdstan::argument*>(cmdstan::argument*&&) [clone .isra.0]
calls=1 0 
0 129 29 20
0 2 0 1
cob=(2)
cfi=(51)
cfn=(1004)
calls=1 0 
0 203 39 30 0 0 1 0 0 1
0 19 1 11 2 0 1 2 0 1
cfn=(1916)
calls=1 0 
0 108 21 14
0 3 0 1
cfn=(1916)
calls=1 0 
0 381 80 59
0 4 0 2
cfn=(1934)
calls=1 0 
0 252 65 39
0 6 0 3 1 0 0 1
cfn=(1934)
calls=1 0 
0 129 29 20
0 4 0 1
cfn=(1822)
calls=1 0 
0 316 61 47 2 2 1 0 1 1
0 3 1 1
cob=(2)
cfi=(51)
cfn=(1004)
calls=1 0 
0 199 38 30 0 0 1 0 0 1
0 6 0 1 1 0 0 1
cfn=(2110) cmdstan::arg_single_int_pos::arg_single_int_pos(char const*, char const*, int)
calls=1 0 
0 1183 248 202 1 0 3 1 0 3
0 4 0 2
cfn=(1934)
calls=1 0 
0 252 65 39
0 7 2 1
cob=(2)
cfi=(51)
cfn=(1950)
calls=1 0 
0 99 31 15
0 3 0 1 1 0 0 1
cfn=(1822)
calls=1 0 
0 320 62 47 0 1 1 0 1 1
0 4 1 2
cob=(2)
cfi=(51)
cfn=(1004)
calls=1 0 
0 199 38 30 0 0 1 0 0 1
0 6 1 1
cfn=(2110)
calls=1 0 
0 1580 354 270 2 0 4 0 0 4
0 4 0 2 1 0 0 1
cfn=(1934)
calls=1 0 
0 250 65 39
0 6 2 1
cob=(2)
cfi=(51)
cfn=(1950)
calls=1 0 
0 99 31 15
0 3 0 1
cfn=(1822)
calls=1 0 
0 176 38 25 0 1 0 0 1
0 4 1 2 1 0 0 1
cob=(2)
cfi=(51)
cfn=(1004)
calls=1 0 
0 199 38 30 0 0 1 0 0 1
0 6 1 1
cfn=(2110)
calls=1 0 
0 1798 386 299 0 0 5 0 0 5
0 4 0 2
cfn=(1934)
calls=1 0 
0 9 4 2
0 6 2 1 1 0 0 1
cob=(2)
cfi=(51)
cfn=(1950)
calls=1 0 
0 99 31 15
0 3 0 1
cfn=(1822)
calls=1 0 
0 163 36 25
0 4 1 2
cob=(2)
cfi=(51)
cfn=(1004)
calls=1 0 
0 199 38 30 0 0 1 0 0 1
0 6 2 1 1 0 0 1
cfn=(2114)
calls=1 0 
0 4217 1025 760 74 1 3 0 1 3
0 4 0 2 1
cfn=(1934)
calls=1 0 
0 395 89 61 9 0 1 0 0 1
0 6 2 1
cob=(2)
cfi=(51)
cfn=(1950)
calls=1 0 
0 99 31 15
0 2 0 1
cob=(2)
cfi=(51)
cfn=(1004)
calls=1 0 
0 203 39 30 0 0 1 0 0 1
0 21 1 12 2 0 1 2 0 1
cfn=(1916)
calls=1 0 
0 110 21 14 2
0 3 0 1
cfn=(1916)
calls=1 0 
0 242 57 36 2
0 3 0 1 1 0 0 1
cfn=(1822)
calls=1 0 
0 172 37 25 0 1 0 0 1
0 4 1 2
cob=(2)
cfi=(51)
cfn=(1004)
calls=1 0 
0 199 38 30 0 0 1 0 0 1
0 5 1 2
cfn=(2112) cmdstan::arg_single_bool::arg_single_bool(char const*, char const*, bool) [clone .constprop.0]
calls=1 0 
0 1114 245 196 8 1 3 0 0 3
0 5 1 2 1 0 0 1
cfn=(1934)
calls=1 0 
0 129 29 20
0 6 2 1
cob=(2)
cfi=(51)
cfn=(1950)
calls=1 0 
0 99 31 15
0 3 0 1
cfn=(1822)
calls=1 0 
0 316 61 47 0 1 1 0 1 1
0 4 1 2 1 0 0 1
cob=(2)
cfi=(51)
cfn=(1004)
calls=1 0 
0 199 38 30 0 0 1 0 0 1
0 6 1 2
cfn=(2110)
calls=1 0 
0 1140 246 199 4 1 3 0 0 3
0 5 1 2
cfn=(1934)
calls=1 0 
0 252 65 39
0 6 2 1 1 0 0 1
cob=(2)
cfi=(51)
cfn=(1950)
calls=1 0 
0 99 31 15
0 4 0 2
cfn=(1934)
calls=1 0 
0 9 4 2
0 3 0 1
cfn=(1822)
calls=1 0 
0 172 37 25
0 4 1 2 1 0 0 1
cob=(2)
cfi=(51)
cfn=(1004)
calls=1 0 
0 199 38 30 0 0 1 0 0 1
0 6 2 1
cfn=(2114)
calls=1 0 
0 4741 1122 820 68 0 4 0 0 4
0 4 0 2
cfn=(1934)
calls=1 0 
0 9 4 2 1
0 6 2 1 1 0 0 1
cob=(2)
cfi=(51)
cfn=(1950)
calls=1 0 
0 99 31 15 2
0 3 0 1
cfn=(1822)
calls=1 0 
0 172 37 25 2 1 0 0 1
0 4 1 2
cob=(2)
cfi=(51)
cfn=(1004)
calls=1 0 
0 199 38 30 3 0 1 0 0 1
0 6 1 1 1 0 0 1
cfn=(2110)
calls=1 0 
0 1153 246 200 11 0 3 0 0 3
0 4 0 2
cfn=(1934)
calls=1 0 
0 9 4 2
0 6 2 1
cob=(2)
cfi=(51)
cfn=(1950)
calls=1 0 
0 99 31 15
0 3 0 1 1 0 0 1
cfn=(1822)
calls=1 0 
0 176 38 25
0 3 1 1
cob=(2)
cfi=(51)
cfn=(1004)
calls=1 0 
0 199 38 30 0 0 1 0 0 1
0 6 0 1
cfn=(2110)
calls=1 0 
0 1652 363 278 0 1 4 0 0 4
0 4 0 2
cfn=(1934)
calls=1 0 
0 391 88 61 2 0 2 0 0 2
0 6 2 1 1 0 0 1
cob=(2)
cfi=(51)
cfn=(1950)
calls=1 0 
0 99 31 15
0 11 9

fn=(2274) cmdstan::argument_parser::parse_args(int, char const**, stan::callbacks::writer&, stan::callbacks::writer&)
0 117 23 36 3 2 0 3
cob=(2)
cfi=(51)
cfn=(1824)
calls=11 0 
0 200 37 0 0 4 0 0 3
0 44 0 11
cfn=(1886)
calls=11 0 
0 915 215 156 0 1 2 0 0 2
0 33 11 11 1 0 0 1
cfn=(2276) std::__cxx11::basic_string<char, std::char_traits<char>, std::allocator<char> >& std::vector<std::__cxx11::basic_string<char, std::char_traits<char>, std::allocator<char> >, std::allocator<std::__cxx11::basic_string<char, std::char_traits<char>, std::allocator<char> > > >::emplace_back<std::__cxx11::basic_string<char, std::char_traits<char>, std::allocator<char> > >(std::__cxx11::basic_string<char, std::char_traits<char>, std::allocator<char> >&&)
calls=11 0 
0 2294 511 409 13 3 15 13 0 15
0 49 16 4 1 0 0 1
cob=(2)
cfi=(51)
cfn=(1004)
calls=1 0 
0 203 39 30 0 0 1 0 0 1
0 10 3 2 1 0 0 1
cob=(2)
cfi=(51)
cfn=(1948) 0x00000000001209a0
calls=1 0 
0 14 4 2
0 53 13 22 2 0 0 2
cfn=(1908) void std::__cxx11::basic_string<char, std::char_traits<char>, std::allocator<char> >::_M_construct<char*>(char*, char*, std::forward_iterator_tag) [clone .constprop.0]
calls=5 0 
0 283 70 50 3
0 60 25 5
cob=(2)
cfi=(51)
cfn=(2280) 0x0000000000120560
calls=5 0 
0 1918 635 326 62 84 6 14 6
0 154 53 5 1 0 0 1
cob=(2)
cfi=(51)
cfn=(1950)
calls=5 0 
0 495 155 75
0 882 244 162 3 4 0 3
cob=(2)
cfi=(51)
cfn=(2306) 0x00000000001200f0
calls=2 0 
0 48 12
0 100 10 50 4 0 0 4
cfn=(2292) cmdstan::argument::split_arg(std::__cxx11::basic_string<char, std::char_traits<char>, std::allocator<char> > const&, std::__cxx11::basic_string<char, std::char_traits<char>, std::allocator<char> >&, std::__cxx11::basic_string<char, std::char_traits<char>, std::allocator<char> >&)
calls=5 0 
0 1249 300 199 12 2 0 9
0 15 0 5
cob=(2)
cfi=(51)
cfn=(2298) 0x000000000011ffd0
calls=5 0 
0 1221 388 176 13 16 0 5
0 523 136 90 7 6 0 7
cob=(2)
cfi=(51)
cfn=(2298)
calls=5 0 
0 385 85 30 1
0 93 51 1 4 0 0 4
cob=(2)
cfi=(51)
cfn=(1950)
calls=1 0 
0 99 31 15
0 2 0 1
cfn=(2344) std::vector<std::__cxx11::basic_string<char, std::char_traits<char>, std::allocator<char> >, std::allocator<std::__cxx11::basic_string<char, std::char_traits<char>, std::allocator<char> > > >::~vector()
calls=1 0 
0 117 37 18 2 1 0 2
0 73 14 5 3 0 0 3
cob=(2)
cfi=(51)
cfn=(2306)
calls=5 0 
0 111 24
0 82 36 13 2 4 0 2
cfn=(2336) cmdstan::list_argument::parse_args(std::vector<std::__cxx11::basic_string<char, std::char_traits<char>, std::allocator<char> >, std::allocator<std::__cxx11::basic_string<char, std::char_traits<char>, std::allocator<char> > > >&, stan::callbacks::writer&, stan::callbacks::writer&, bool&)
calls=1 0 
0 5826 1440 853 23 14 6 21 1
cfn=(2326) cmdstan::categorical_argument::parse_args(std::vector<std::__cxx11::basic_string<char, std::char_traits<char>, std::allocator<char> >, std::allocator<std::__cxx11::basic_string<char, std::char_traits<char>, std::allocator<char> > > >&, stan::callbacks::writer&, stan::callbacks::writer&, bool&)
calls=3 0 
0 11175 2735 1702 48 29 11 46 0 10
cfn=(2308) cmdstan::singleton_argument<int>::parse_args(std::vector<std::__cxx11::basic_string<char, std::char_traits<char>, std::allocator<char> >, std::allocator<std::__cxx11::basic_string<char, std::char_traits<char>, std::allocator<char> > > >&, stan::callbacks::writer&, stan::callbacks::writer&, bool&)
calls=1 0 
0 718 174 103 28 9 1 28 2
0 45 5 10
cob=(2)
cfi=(51)
cfn=(1948)
calls=5 0 
0 69 20 10
0 70 0 21 2 0 0 2
cob=(2)
cfi=(51)
cfn=(1888)
calls=11 0 
0 190 44 22
0 53 26 4
cob=(2)
cfi=(51)
cfn=(2306)
calls=4 0 
0 90 20
0 52 0 8 2 0 0 2
cob=(2)
cfi=(51)
cfn=(1888)
calls=8 0 
0 139 32 16
0 114 16 5 1 0 0 1
cob=(2)
cfi=(51)
cfn=(1966)
calls=5 0 
0 365 85 40
0 35 5 15
cob=(2)
cfi=(51)
cfn=(1888)
calls=5 0 
0 65 20 10
0 105 0 35 1 0 0 1
cob=(2)
cfi=(51)
cfn=(1888)
calls=35 0 
0 545 140 70
0 183 101 11 3 0 0 3
cob=(2)
cfi=(51)
cfn=(2298)
calls=5 0 
0 350 85 30
0 25 5 5 1 0 0 1
cob=(2)
cfi=(51)
cfn=(2298)
calls=5 0 
0 350 85 30 0 1 0 0 1
0 118 0 0 2 0 0 2

fn=(2292)
0 374 22 176 2 0 1 2
cob=(2)
cfi=(51)
cfn=(2294) 0x00000000001206e0
calls=22 0 
0 1030 198 66 3 2 0 3
0 231 34 34 1 0 0 1
cfn=(1886)
calls=17 0 
0 963 238 170
0 51 0 17
cob=(2)
cfi=(51)
cfn=(1940)
calls=17 0 
0 912 238 153 1
0 306 51 34 1 0 0 1
cfn=(1886)
calls=17 0 
0 1485 348 254 0 0 2 0 0 2
0 51 0 17
cob=(2)
cfi=(51)
cfn=(1940)
calls=17 0 
0 774 202 141 1
0 253 170 5 2 0 0 2
cob=(2)
cfi=(51)
cfn=(1944)
calls=5 0 
0 320 90 55
0 80 45
cob=(2)
cfi=(51)
cfn=(1912)
calls=5 0 
0 265 55 40 1

fn=(3908) cmdstan::arg_init::~arg_init()
0 6 0 3 1 0 0 1
cfn=(3852) cmdstan::singleton_argument<std::__cxx11::basic_string<char, std::char_traits<char>, std::allocator<char> > >::~singleton_argument()
calls=1 0 
0 149 43 20 0 6
0 4 1
cob=(2)
cfi=(51)
cfn=(1950)
calls=1 0 
0 99 31 15

fn=(3918) cmdstan::arg_diagnostic_file::~arg_diagnostic_file()
0 6 0 3 1 0 0 1
cfn=(3852)
calls=1 0 
0 321 92 38 0 7
0 4 1
cob=(2)
cfi=(51)
cfn=(1950)
calls=1 0 
0 148 44 18

fn=(3920) cmdstan::arg_refresh::~arg_refresh()
0 28 5 5 2 2 0 2
cob=(2)
cfi=(51)
cfn=(1950)
calls=1 0 
0 120 35 14
0 8 2 0 1 0 0 1
cob=(2)
cfi=(51)
cfn=(1950)
calls=1 0 
0 148 44 18 0 1

fn=(3924) cmdstan::arg_profile_file::~arg_profile_file()
0 6 0 3 1 0 0 1
cfn=(3852)
calls=1 0 
0 293 83 34 0 7
0 4 1
cob=(2)
cfi=(51)
cfn=(1950)
calls=1 0 
0 148 44 18

fn=(2578) auto cmdstan::get_arg_val<cmdstan::singleton_argument<int>, cmdstan::argument&>(cmdstan::argument&, char const*)
0 20 3 8 2 1 0 2
cob=(2)
cfi=(51)
cfn=(1824)
calls=1 0 
0 16 3 0 0 1
0 5 0 1
cfn=(1886)
calls=1 0 
0 55 14 10
0 3 0 1 1 0 0 1
cfn=(2580) cmdstan::categorical_argument::arg(std::__cxx11::basic_string<char, std::char_traits<char>, std::allocator<char> > const&)
calls=1 0 
0 443 115 59 8 12 0 7
0 11 1 1
cob=(2)
cfi=(51)
cfn=(2280)
calls=1 0 
0 217 66 36 0 3 0 0 1
0 11 9 0 1 1 0 1

fn=(2580)
0 5963 1816 1138 24 57 2 5
cob=(2)
cfi=(51)
cfn=(2306)
calls=54 0 
0 1161 234 0 2
0 202 1 1
cob=(2)
cfi=(51)
cfn=(1950)
calls=1 0 
0 99 31 15
0 454 46 1 5 0 0 1
cob=(2)
cfi=(51)
cfn=(1966)
calls=1 0 
0 233 46 39
0 7 1 3
cob=(2)
cfi=(51)
cfn=(1888)
calls=1 0 
0 13 4 2 0 1
0 540 0 180
cob=(2)
cfi=(51)
cfn=(1888)
calls=180 0 
0 2899 720 360 0 5
0 903 362 0 5 0 0 1

fn=(2600) cmdstan::list_argument::is_default()
0 60 36 0 3 0 0 1

fn=(2686) cmdstan::singleton_argument<unsigned int>::print_value[abi:cxx11]()
0 135 9 45 7 6 0 3
cob=(2)
cfi=(51)
cfn=(2102) 0x00000000001205c0
calls=9 0 
0 441 81 72
0 153 63 18 5 3 0 2

fn=(2690) cmdstan::unvalued_argument::print(stan::callbacks::writer&, int, std::__cxx11::basic_string<char, std::char_traits<char>, std::allocator<char> > const&)
0 6 3

fn=(2698) cmdstan::singleton_argument<long long>::is_default()
0 15 9 0 2 0 0 1

fn=(2716) cmdstan::check_valid_context_file_name(std::__cxx11::basic_string<char, std::char_traits<char>, std::allocator<char> > const&)
0 16 1 7 2 0 0 2
cfn=(2718) cmdstan::file::get_basename_suffix(std::__cxx11::basic_string<char, std::char_traits<char>, std::allocator<char> > const&)
calls=1 0 
0 1403 349 216 23 4 3 18
0 3 0 1
cob=(2)
cfi=(51)
cfn=(2298)
calls=1 0 
0 74 15 6 4 2 0 0 1
0 13 3 1 1 0 0 1
cob=(2)
cfi=(51)
cfn=(1950)
calls=1 0 
0 99 31 15
0 10 8 0 1 0 0 1

fn=(2802) void stan::json::rapidjson_parse<stan::json::json_data_handler>(std::istream&, stan::json::json_data_handler&)
0 42 1 31 5 0 0 5
cfn=(2804) rapidjson::BasicIStreamWrapper<std::istream>::Read()
calls=1 0 
0 5622 1794 881 49 66 5 38 8
0 9 4 1 1 1 0 1
cfn=(2850) std::_Rb_tree<std::__cxx11::basic_string<char, std::char_traits<char>, std::allocator<char> >, std::pair<std::__cxx11::basic_string<char, std::char_traits<char>, std::allocator<char> > const, std::pair<std::vector<int, std::allocator<int> >, std::vector<unsigned long, std::allocator<unsigned long> > > >, std::_Select1st<std::pair<std::__cxx11::basic_string<char, std::char_traits<char>, std::allocator<char> > const, std::pair<std::vector<int, std::allocator<int> >, std::vector<unsigned long, std::allocator<unsigned long> > > > >, std::less<std::__cxx11::basic_string<char, std::char_traits<char>, std::allocator<char> > >, std::allocator<std::pair<std::__cxx11::basic_string<char, std::char_traits<char>, std::allocator<char> > const, std::pair<std::vector<int, std::allocator<int> >, std::vector<unsigned long, std::allocator<unsigned long> > > > > >::_M_erase(std::_Rb_tree_node<std::pair<std::__cxx11::basic_string<char, std::char_traits<char>, std::allocator<char> > const, std::pair<std::vector<int, std::allocator<int> >, std::vector<unsigned long, std::allocator<unsigned long> > > > >*)
calls=1 0 
0 4 1 0 2 0 0 2
0 9 2 5 1 0 0 1
cfn=(2852) std::_Rb_tree<std::__cxx11::basic_string<char, std::char_traits<char>, std::allocator<char> >, std::pair<std::__cxx11::basic_string<char, std::char_traits<char>, std::allocator<char> > const, std::pair<std::vector<double, std::allocator<double> >, std::vector<unsigned long, std::allocator<unsigned long> > > >, std::_Select1st<std::pair<std::__cxx11::basic_string<char, std::char_traits<char>, std::allocator<char> > const, std::pair<std::vector<double, std::allocator<double> >, std::vector<unsigned long, std::allocator<unsigned long> > > > >, std::less<std::__cxx11::basic_string<char, std::char_traits<char>, std::allocator<char> > >, std::allocator<std::pair<std::__cxx11::basic_string<char, std::char_traits<char>, std::allocator<char> > const, std::pair<std::vector<double, std::allocator<double> >, std::vector<unsigned long, std::allocator<unsigned long> > > > > >::_M_erase(std::_Rb_tree_node<std::pair<std::__cxx11::basic_string<char, std::char_traits<char>, std::allocator<char> > const, std::pair<std::vector<double, std::allocator<double> >, std::vector<unsigned long, std::allocator<unsigned long> > > > >*)
calls=1 0 
0 4 1 0 2 0 0 2
0 63 9 29 10 0 0 10
cfn=(2854) void rapidjson::SkipWhitespace<rapidjson::BasicIStreamWrapper<std::istream> >(rapidjson::BasicIStreamWrapper<std::istream>&)
calls=1 0 
0 15 5 2 2 0 0 2
0 10 3 1 1 0 0 1
cfn=(2856) void rapidjson::GenericReader<rapidjson::UTF8<char>, rapidjson::UTF8<char>, rapidjson::CrtAllocator>::ParseValue<274u, rapidjson::BasicIStreamWrapper<std::istream>, stan::json::RapidJSONHandler<stan::json::json_data_handler> >(rapidjson::BasicIStreamWrapper<std::istream>&, stan::json::RapidJSONHandler<stan::json::json_data_handler>&)
calls=1 0 
0 347697 95218 57463 1163 218 150 673 61 119
0 5 1 1 1
cfn=(2854)
calls=1 0 
0 39 12 7
0 15 6 2 1 0 0 1
cfn=(3116) stan::json::json_data_handler::update_array_dims()
calls=1 0 
0 8459 1971 1252 115 3 2 92 0 2
0 8 4 1 1 0 0 1
cob=(2)
cfi=(51)
cfn=(3136) 0x00000000001205f0
calls=1 0 
0 91 29 15 1 1
0 5 1 1
cob=(2)
cfi=(51)
cfn=(1950)
calls=1 0 
0 99 31 15 0 1
0 11 9 0 1 0 0 1

fn=(3014) bool boost::regex_match<__gnu_cxx::__normal_iterator<char const*, std::__cxx11::basic_string<char, std::char_traits<char>, std::allocator<char> > >, std::allocator<boost::sub_match<__gnu_cxx::__normal_iterator<char const*, std::__cxx11::basic_string<char, std::char_traits<char>, std::allocator<char> > > > >, char, boost::regex_traits<char, boost::cpp_regex_traits<char> > >(__gnu_cxx::__normal_iterator<char const*, std::__cxx11::basic_string<char, std::char_traits<char>, std::allocator<char> > >, __gnu_cxx::__normal_iterator<char const*, std::__cxx11::basic_string<char, std::char_traits<char>, std::allocator<char> > >, boost::match_results<__gnu_cxx::__normal_iterator<char const*, std::__cxx11::basic_string<char, std::char_traits<char>, std::allocator<char> > >, std::allocator<boost::sub_match<__gnu_cxx::__normal_iterator<char const*, std::__cxx11::basic_string<char, std::char_traits<char>, std::allocator<char> > > > > >&, boost::basic_regex<char, boost::regex_traits<char, boost::cpp_regex_traits<char> > > const&, boost::regex_constants::_match_flags)
0 230 15 110 8 0 0 5
cfn=(3016) boost::re_detail_500::perl_matcher<__gnu_cxx::__normal_iterator<char const*, std::__cxx11::basic_string<char, std::char_traits<char>, std::allocator<char> > >, std::allocator<boost::sub_match<__gnu_cxx::__normal_iterator<char const*, std::__cxx11::basic_string<char, std::char_traits<char>, std::allocator<char> > > > >, boost::regex_traits<char, boost::cpp_regex_traits<char> > >::construct_init(boost::basic_regex<char, boost::regex_traits<char, boost::cpp_regex_traits<char> > > const&, boost::regex_constants::_match_flags)
calls=5 0 
0 520 105 70 11 0 0 10
0 10 0 5
cfn=(3018) boost::re_detail_500::perl_matcher<__gnu_cxx::__normal_iterator<char const*, std::__cxx11::basic_string<char, std::char_traits<char>, std::allocator<char> > >, std::allocator<boost::sub_match<__gnu_cxx::__normal_iterator<char const*, std::__cxx11::basic_string<char, std::char_traits<char>, std::allocator<char> > > > >, boost::regex_traits<char, boost::cpp_regex_traits<char> > >::match_imp()
calls=5 0 
0 5967 1691 1067 127 10 10 70 3 10
0 115 55 0 4 0 0 4

fn=(3028) boost::re_detail_500::perl_matcher<__gnu_cxx::__normal_iterator<char const*, std::__cxx11::basic_string<char, std::char_traits<char>, std::allocator<char> > >, std::allocator<boost::sub_match<__gnu_cxx::__normal_iterator<char const*, std::__cxx11::basic_string<char, std::char_traits<char>, std::allocator<char> > > > >, boost::regex_traits<char, boost::cpp_regex_traits<char> > >::match_set()
0 120 55 20 2 0 0 2

fn=(3030) boost::re_detail_500::perl_matcher<__gnu_cxx::__normal_iterator<char const*, std::__cxx11::basic_string<char, std::char_traits<char>, std::allocator<char> > >, std::allocator<boost::sub_match<__gnu_cxx::__normal_iterator<char const*, std::__cxx11::basic_string<char, std::char_traits<char>, std::allocator<char> > > > >, boost::regex_traits<char, boost::cpp_regex_traits<char> > >::match_set_repeat()
0 378 132 75 27 0 0 9

fn=(3138) std::_Rb_tree<std::__cxx11::basic_string<char, std::char_traits<char>, std::allocator<char> >, std::pair<std::__cxx11::basic_string<char, std::char_traits<char>, std::allocator<char> > const, bool>, std::_Select1st<std::pair<std::__cxx11::basic_string<char, std::char_traits<char>, std::allocator<char> > const, bool> >, std::less<std::__cxx11::basic_string<char, std::char_traits<char>, std::allocator<char> > >, std::allocator<std::pair<std::__cxx11::basic_string<char, std::char_traits<char>, std::allocator<char> > const, bool> > >::_M_erase(std::_Rb_tree_node<std::pair<std::__cxx11::basic_string<char, std::char_traits<char>, std::allocator<char> > const, bool> >*)
0 64 10 28 4 0 0 4
cob=(2)
cfi=(51)
cfn=(1950)
calls=2 0 
0 198 62 30 0 0 2
0 28 21

fn=(3148) stan::json::json_data::~json_data()
0 34 8 6 3 2 0 1
cfn=(2850)
calls=2 0 
0 2911 880 403 4 19 0 1
0 8 4 0 2 0 0 1
cfn=(2852)
calls=2 0 
0 8 2 0 1

fn=(3180) new_model(stan::io::var_context&, unsigned int, std::ostream*)
0 11 0 5 2 0 0 2
cob=(2)
cfi=(51)
cfn=(1004)
calls=1 0 
0 421 70 55 17 1 1
0 6 0 1
cfn=(3182) model_model_namespace::model_model::model_model(stan::io::var_context&, unsigned int, std::ostream*)
calls=1 0 
0 495434 78559 78136 177 414 1092 152 276 750
0 7 5

fn=(3184) stan::json::json_data::validate_dims(std::__cxx11::basic_string<char, std::char_traits<char>, std::allocator<char> > const&, std::__cxx11::basic_string<char, std::char_traits<char>, std::allocator<char> > const&, std::__cxx11::basic_string<char, std::char_traits<char>, std::allocator<char> > const&, std::vector<unsigned long, std::allocator<unsigned long> > const&) const
0 125 15 50 2 0 2 2 0 2
cfn=(3090) std::_Rb_tree<std::__cxx11::basic_string<char, std::char_traits<char>, std::allocator<char> >, std::pair<std::__cxx11::basic_string<char, std::char_traits<char>, std::allocator<char> > const, std::pair<std::vector<double, std::allocator<double> >, std::vector<unsigned long, std::allocator<unsigned long> > > >, std::_Select1st<std::pair<std::__cxx11::basic_string<char, std::char_traits<char>, std::allocator<char> > const, std::pair<std::vector<double, std::allocator<double> >, std::vector<unsigned long, std::allocator<unsigned long> > > > >, std::less<std::__cxx11::basic_string<char, std::char_traits<char>, std::allocator<char> > >, std::allocator<std::pair<std::__cxx11::basic_string<char, std::char_traits<char>, std::allocator<char> > const, std::pair<std::vector<double, std::allocator<double> >, std::vector<unsigned long, std::allocator<unsigned long> > > > > >::find(std::__cxx11::basic_string<char, std::char_traits<char>, std::allocator<char> > const&) const
calls=5 0 
0 110 40 35 1 0 1 0 0 1
0 224 37 5 5 0 0 5
cfn=(3092) std::_Rb_tree<std::__cxx11::basic_string<char, std::char_traits<char>, std::allocator<char> >, std::pair<std::__cxx11::basic_string<char, std::char_traits<char>, std::allocator<char> > const, std::pair<std::vector<int, std::allocator<int> >, std::vector<unsigned long, std::allocator<unsigned long> > > >, std::_Select1st<std::pair<std::__cxx11::basic_string<char, std::char_traits<char>, std::allocator<char> > const, std::pair<std::vector<int, std::allocator<int> >, std::vector<unsigned long, std::allocator<unsigned long> > > > >, std::less<std::__cxx11::basic_string<char, std::char_traits<char>, std::allocator<char> > >, std::allocator<std::pair<std::__cxx11::basic_string<char, std::char_traits<char>, std::allocator<char> > const, std::pair<std::vector<int, std::allocator<int> >, std::vector<unsigned long, std::allocator<unsigned long> > > > > >::find(std::__cxx11::basic_string<char, std::char_traits<char>, std::allocator<char> > const&) const
calls=5 0 
0 784 190 54 1 11
0 35 0 5 1 0 0 1
cfn=(3092)
calls=5 0 
0 784 190 54
0 15 0 5
cfn=(3086) std::vector<unsigned long, std::allocator<unsigned long> >::vector(std::vector<unsigned long, std::allocator<unsigned long> > const&)
calls=5 0 
0 313 78 64 0 2
0 29 10 2 1 0 0 1
cob=(2)
cfi=(51)
cfn=(1950)
calls=2 0 
0 198 62 30 0 0 1 0 0 1
0 70 50 5 3 0 0 3
cob=(2)
cfi=(51)
cfn=(2298)
calls=5 0 
0 370 75 30 5 3
0 50 10 5
cfn=(3092)
calls=5 0 
0 784 190 54
0 15

fn=(3188) std::vector<unsigned long, std::allocator<unsigned long> >::vector(std::initializer_list<unsigned long>, std::allocator<unsigned long> const&) [clone .constprop.0]
0 10 0 5 1 0 0 1
cob=(2)
cfi=(51)
cfn=(1004)
calls=1 0 
0 55 15 8
0 10 4 4

fn=(3192) auto cmdstan::get_arg_val<cmdstan::singleton_argument<std::__cxx11::basic_string<char, std::char_traits<char>, std::allocator<char> > >, cmdstan::argument_parser&, char const (&) [7], char const (&) [5]>(cmdstan::argument_parser&, char const (&) [7], char const (&) [5])
0 20 1 9 2 0 0 2
cob=(2)
cfi=(51)
cfn=(1824)
calls=1 0 
0 16 3
0 4 0 1 1 0 0 1
cfn=(1886)
calls=1 0 
0 57 14 10
0 3 0 1
cfn=(2348) cmdstan::argument_parser::arg(std::__cxx11::basic_string<char, std::char_traits<char>, std::allocator<char> > const&)
calls=1 0 
0 440 115 53 0 0 1
0 3 0 1
cfn=(2584) auto cmdstan::internal::get_arg_pointer<cmdstan::argument*>(cmdstan::argument*&&, char const*) [clone .isra.0]
calls=1 0 
0 225 59 36 0 1 1
0 11 1 1 1 0 0 1
cob=(2)
cfi=(51)
cfn=(2280)
calls=1 0 
0 215 66 36 2 5
0 7 2 2 0 1 1
cfn=(1908)
calls=1 0 
0 139 34 23 3 12 1
0 12 9 0 1 0 0 1

fn=(3194) auto cmdstan::get_arg_val<cmdstan::singleton_argument<std::__cxx11::basic_string<char, std::char_traits<char>, std::allocator<char> > >, cmdstan::argument_parser&, char const (&) [7], char const (&) [16]>(cmdstan::argument_parser&, char const (&) [7], char const (&) [16])
0 20 1 9 2 0 0 2
cob=(2)
cfi=(51)
cfn=(1824)
calls=1 0 
0 16 3
0 4 0 1
cfn=(1886)
calls=1 0 
0 57 14 10
0 3 0 1
cfn=(2348)
calls=1 0 
0 440 115 53
0 3 0 1
cfn=(2584)
calls=1 0 
0 273 72 43
0 11 1 1 1 0 0 1
cob=(2)
cfi=(51)
cfn=(2280)
calls=1 0 
0 221 66 36 0 2
0 7 2 2 1 1 0 1
cfn=(1908)
calls=1 0 
0 33 8 7
0 12 9

fn=(3246) stan::callbacks::unique_stream_writer<std::basic_ofstream<char, std::char_traits<char> >, std::default_delete<std::basic_ofstream<char, std::char_traits<char> > > >::operator()(std::__cxx11::basic_string<char, std::char_traits<char>, std::allocator<char> > const&)
0 836 209 216 12 3 0 2
cob=(2)
cfi=(51)
cfn=(2612) 0x0000000000120580
calls=54 0 
0 11225 3606 1874 123 68 10 12
0 216 108 54
cob=(2)
cfi=(51)
cfn=(2612)
calls=54 0 
0 9818 3308 1742 9 4 1 0 0 1
0 594 270 54 9 5 0 1
cob=(2)
cfi=(51)
cfn=(2632) 0x000000000011fea0
calls=54 0 
0 3564 1458 648 29 1 0 1
0 270 162
cob=(2)
cfi=(51)
cfn=(2644) 0x00000000001202f0
calls=54 0 
0 15100 5050 2307 152 71 1 11 9
0 47 47 0 2 0 0 1

fn=(3294) cmdstan::current_datetime[abi:cxx11]()
0 15 1 8 1 0 0 1
cob=(2)
cfi=(51)
cfn=(3296) 0x000000000011fec0
calls=1 0 
0 969 320 146 13 22 3 6 4
0 9 0 2 1 0 0 1
cob=(2)
cfi=(51)
cfn=(3306) 0x0000000000120410
calls=1 0 
0 355 42 41 32 3 2 1 0 1
0 3 0 1
cob=(2)
cfi=(51)
cfn=(2116)
calls=1 0 
0 854 262 198 0 1
0 10 4 2 1 0 0 1
cob=(2)
cfi=(51)
cfn=(3310) 0x0000000000120a80
calls=1 0 
0 2685 715 336 23 25 1 22
0 6 0 1
cob=(2)
cfi=(51)
cfn=(2612)
calls=1 0 
0 139 46 26 0 1
0 7 3 2 1 0 0 1
cob=(2)
cfi=(51)
cfn=(3310)
calls=1 0 
0 1789 435 199 15 12 3 8 1
0 5 0 1
cob=(2)
cfi=(51)
cfn=(2612)
calls=1 0 
0 139 46 26
0 6 3 2 1 0 0 1
cob=(2)
cfi=(51)
cfn=(3310)
calls=1 0 
0 320 84 50
0 5 0 1
cob=(2)
cfi=(51)
cfn=(2612)
calls=1 0 
0 139 46 26 0 1
0 6 3 2
cob=(2)
cfi=(51)
cfn=(3310)
calls=1 0 
0 320 84 50
0 6 0 1 1 0 0 1
cob=(2)
cfi=(51)
cfn=(2612)
calls=1 0 
0 139 46 26 0 1
0 6 3 2
cob=(2)
cfi=(51)
cfn=(3310)
calls=1 0 
0 994 236 159 0 1 2
0 5 0 1 1 0 0 1
cob=(2)
cfi=(51)
cfn=(2612)
calls=1 0 
0 139 46 26
0 6 3 2
cob=(2)
cfi=(51)
cfn=(3310)
calls=1 0 
0 438 106 65
0 4 0 1
cob=(2)
cfi=(51)
cfn=(2612)
calls=1 0 
0 138 47 27 0 1
0 3 0 1
cob=(2)
cfi=(51)
cfn=(2220)
calls=1 0 
0 237 57 40 10 1
0 2 0 1
cob=(2)
cfi=(51)
cfn=(2228)
calls=1 0 
0 200 63 39 11 4
0 19 11 1 2 0 0 2

fn=(3380) auto cmdstan::get_arg_val<cmdstan::singleton_argument<double>, cmdstan::argument_parser&, char const (&) [7], char const (&) [7], char const (&) [6], char const (&) [6]>(cmdstan::argument_parser&, char const (&) [7], char const (&) [7], char const (&) [6], char const (&) [6])
0 63 3 30 2 0 0 2
cob=(2)
cfi=(51)
cfn=(1824)
calls=3 0 
0 48 9
0 12 0 3 1 0 0 1
cfn=(1886)
calls=3 0 
0 171 42 30
0 9 0 3
cfn=(2348)
calls=3 0 
0 330 93 48
0 27 6 9
cob=(2)
cfi=(51)
cfn=(1824)
calls=3 0 
0 48 9
0 12 0 3 1 0 0 1
cfn=(1886)
calls=3 0 
0 171 42 30
0 12 3 3
cfn=(2576) cmdstan::list_argument::arg(std::__cxx11::basic_string<char, std::char_traits<char>, std::allocator<char> > const&)
calls=3 0 
0 405 120 54
0 27 6 9
cob=(2)
cfi=(51)
cfn=(1824)
calls=3 0 
0 48 9
0 12 0 3 1 0 0 1
cfn=(1886)
calls=3 0 
0 171 42 30
0 12 3 3
cfn=(2580)
calls=3 0 
0 936 246 132
0 9 3 3
cfn=(2584)
calls=3 0 
0 1080 276 153 0 1
0 51 9 3 2 0 0 2
cob=(2)
cfi=(51)
cfn=(2280)
calls=3 0 
0 637 198 108
0 36 30

fn=(3382) auto cmdstan::get_arg_val<cmdstan::singleton_argument<double>, cmdstan::argument_parser&, char const (&) [7], char const (&) [7], char const (&) [6], char const (&) [3]>(cmdstan::argument_parser&, char const (&) [7], char const (&) [7], char const (&) [6], char const (&) [3])
0 21 1 10 2 0 0 2
cob=(2)
cfi=(51)
cfn=(1824)
calls=1 0 
0 16 3
0 4 0 1
cfn=(1886)
calls=1 0 
0 57 14 10
0 3 0 1
cfn=(2348)
calls=1 0 
0 110 31 16
0 9 2 3 1 0 0 1
cob=(2)
cfi=(51)
cfn=(1824)
calls=1 0 
0 16 3
0 4 0 1
cfn=(1886)
calls=1 0 
0 57 14 10
0 4 1 1
cfn=(2576)
calls=1 0 
0 135 40 18
0 9 2 3 1 0 0 1
cob=(2)
cfi=(51)
cfn=(1824)
calls=1 0 
0 16 3
0 4 0 1
cfn=(1886)
calls=1 0 
0 57 14 10
0 4 1 1
cfn=(2580)
calls=1 0 
0 312 82 44
0 3 1 1
cfn=(2584)
calls=1 0 
0 439 111 64 0 1
0 17 3 1 2 0 0 2
cob=(2)
cfi=(51)
cfn=(2280)
calls=1 0 
0 211 66 36
0 12 10 0 1 0 0 1

fn=(3394) stan::io::array_var_context::add_r(std::vector<std::__cxx11::basic_string<char, std::char_traits<char>, std::allocator<char> >, std::allocator<std::__cxx11::basic_string<char, std::char_traits<char>, std::allocator<char> > > > const&, std::vector<double, std::allocator<double> > const&, std::vector<std::vector<unsigned long, std::allocator<unsigned long> >, std::allocator<std::vector<unsigned long, std::allocator<unsigned long> > > > const&)
0 41 7 13 4 0 0 4
cob=(2)
cfi=(51)
cfn=(1004)
calls=1 0 
0 59 15 8
0 20 3 4 1 0 0 1
cob=(2)
cfi=(51)
cfn=(1020) 0x0000000000120200
calls=1 0 
0 17 2 2 2 1
0 48 12 3 3 0 0 3
cob=(2)
cfi=(51)
cfn=(1004)
calls=1 0 
0 201 36 31 0 0 1 0 0 1
0 8 0 2 1 0 0 1
cob=(2)
cfi=(51)
cfn=(1888)
calls=1 0 
0 787 257 253 4 1 125 0 0 125
0 5 3 1
cob=(2)
cfi=(51)
cfn=(1004)
calls=1 0 
0 201 36 31 0 0 1 0 0 1
0 11 1 4 1 0 0 1
cob=(2)
cfi=(51)
cfn=(1888)
calls=1 0 
0 787 257 253 0 0 125 0 0 125
0 15 3 4 1 0 0 1
cob=(2)
cfi=(51)
cfn=(1004)
calls=1 0 
0 249 48 40 1 2
0 13 2 3 1 0 0 1
cob=(2)
cfi=(51)
cfn=(1948)
calls=1 0 
0 15 4 2 1 1
0 12 3 2
cfn=(3396) std::pair<std::_Rb_tree_iterator<std::pair<std::__cxx11::basic_string<char, std::char_traits<char>, std::allocator<char> > const, std::pair<std::vector<double, std::allocator<double> >, std::vector<unsigned long, std::allocator<unsigned long> > > > >, bool> std::_Rb_tree<std::__cxx11::basic_string<char, std::char_traits<char>, std::allocator<char> >, std::pair<std::__cxx11::basic_string<char, std::char_traits<char>, std::allocator<char> > const, std::pair<std::vector<double, std::allocator<double> >, std::vector<unsigned long, std::allocator<unsigned long> > > >, std::_Select1st<std::pair<std::__cxx11::basic_string<char, std::char_traits<char>, std::allocator<char> > const, std::pair<std::vector<double, std::allocator<double> >, std::vector<unsigned long, std::allocator<unsigned long> > > > >, std::less<std::__cxx11::basic_string<char, std::char_traits<char>, std::allocator<char> > >, std::allocator<std::pair<std::__cxx11::basic_string<char, std::char_traits<char>, std::allocator<char> > const, std::pair<std::vector<double, std::allocator<double> >, std::vector<unsigned long, std::allocator<unsigned long> > > > > >::_M_emplace_unique<std::__cxx11::basic_string<char, std::char_traits<char>, std::allocator<char> > const&, std::pair<std::vector<double, std::allocator<double> >, std::vector<unsigned long, std::allocator<unsigned long> > > >(std::__cxx11::basic_string<char, std::char_traits<char>, std::allocator<char> > const&, std::pair<std::vector<double, std::allocator<double> >, std::vector<unsigned long, std::allocator<unsigned long> > >&&)
calls=1 0 
0 229 57 55 14 2 2 11
0 12 3 1 1 0 0 1
cob=(2)
cfi=(51)
cfn=(1950)
calls=1 0 
0 142 40 19 6
0 21 12 1 2 0 0 2
cob=(2)
cfi=(51)
cfn=(1950)
calls=1 0 
0 99 31 15

fn=(3398) std::_Rb_tree<std::__cxx11::basic_string<char, std::char_traits<char>, std::allocator<char> >, std::pair<std::__cxx11::basic_string<char, std::char_traits<char>, std::allocator<char> > const, std::pair<std::vector<double, std::allocator<double> >, std::vector<unsigned long, std::allocator<unsigned long> > > >, std::_Select1st<std::pair<std::__cxx11::basic_string<char, std::char_traits<char>, std::allocator<char> > const, std::pair<std::vector<double, std::allocator<double> >, std::vector<unsigned long, std::allocator<unsigned long> > > > >, std::less<std::__cxx11::basic_string<char, std::char_traits<char>, std::allocator<char> > >, std::allocator<std::pair<std::__cxx11::basic_string<char, std::char_traits<char>, std::allocator<char> > const, std::pair<std::vector<double, std::allocator<double> >, std::vector<unsigned long, std::allocator<unsigned long> > > > > >::_M_get_insert_unique_pos(std::__cxx11::basic_string<char, std::char_traits<char>, std::allocator<char> > const&)
0 30 10 8 5 0 0 5

fn=(3464) stan::math::internal::bounded<std::vector<int, std::allocator<int> >, int, int, true>::check(char const*, char const*, std::vector<int, std::allocator<int> > const&, int const&, int const&) [clone .isra.0]
0 308708190 38891160 269010 23053 2428774 26935 6441

fn=(3482) stan::model::model_base_crtp<model_model_namespace::model_model>::log_prob_propto_jacobian(std::vector<stan::math::var_value<double, void>, std::allocator<stan::math::var_value<double, void> > >&, std::vector<int, std::allocator<int> >&, std::ostream*) const
0 2 0 0 1 0 0 1
cfn=(3484) stan::scalar_type<std::vector<stan::math::var_value<double, void>, std::allocator<stan::math::var_value<double, void> > >, void>::type model_model_namespace::model_model::log_prob_impl<true, true, std::vector<stan::math::var_value<double, void>, std::allocator<stan::math::var_value<double, void> > >, std::vector<int, std::allocator<int> >, (void*)0, (void*)0, (void*)0>(std::vector<stan::math::var_value<double, void>, std::allocator<stan::math::var_value<double, void> > >&, std::vector<int, std::allocator<int> >&, std::ostream*) const
calls=1 0 
0 1621680 431553 356836 256 17914 17775 220 0 14181

fn=(3488) std::vector<stan::math::var_value<double, void>, stan::math::arena_allocator<stan::math::var_value<double, void> > >::reserve(unsigned long) [clone .constprop.0]
0 138330 53795 30740 15357 0 0 4294

fn=(3502) stan::math::stack_alloc::move_to_next_block(unsigned long)
0 968322 345825 161391 30740 61477 9878 6080
cob=(2)
cfi=(51)
cfn=(1026) 0x0000000000120720
calls=3 0 
0 1071 208 173 13 39 22 6 0 3
0 50 18 9 2 0 1 2
cfn=(3508) void std::vector<char*, std::allocator<char*> >::_M_realloc_insert<char*>(__gnu_cxx::__normal_iterator<char**, std::vector<char*, std::allocator<char*> > >, char*&&)
calls=2 0 
0 492 126 78 5 20 0 5
0 12 4 2
cfn=(3134) void std::vector<unsigned long, std::allocator<unsigned long> >::_M_realloc_insert<unsigned long const&>(__gnu_cxx::__normal_iterator<unsigned long*, std::vector<unsigned long, std::allocator<unsigned long> > >, unsigned long const&)
calls=2 0 
0 492 126 78 6 1
0 2

fn=(3538) stan::math::internal::reverse_pass_callback_vari<stan::math::multiply<stan::math::var_value<double, void>, Eigen::Map<Eigen::Matrix<double, -1, 1, 0, -1, 1>, 0, Eigen::Stride<0, 0> > const&, (void*)0, (void*)0, (void*)0, (void*)0>(stan::math::var_value<double, void> const&, Eigen::Map<Eigen::Matrix<double, -1, 1, 0, -1, 1>, 0, Eigen::Stride<0, 0> > const&)::{lambda()#1}>::chain()
0 269628225 115543975 38425 22986 24184695 0 5868

fn=(3550) stan::math::internal::reverse_pass_callback_vari<stan::math::internal::partials_propagator<stan::math::var_value<double, void>, void, std::vector<stan::math::var_value<double, void>, std::allocator<stan::math::var_value<double, void> > >, double, double>::build(double)::{lambda(auto:1&&)#1}::operator()<stan::math::internal::ops_partials_edge<double, std::vector<stan::math::var_value<double, void>, std::allocator<stan::math::var_value<double, void> > >, void>&>(stan::math::internal::ops_partials_edge<double, std::vector<stan::math::var_value<double, void>, std::allocator<stan::math::var_value<double, void> > >, void>&)::{lambda()#1}>::chain()
0 537950 261290 38425 4604 38425 0 1639

fn=(3604) std::__cxx11::basic_string<char, std::char_traits<char>, std::allocator<char> > std::operator+<char, std::char_traits<char>, std::allocator<char> >(char const*, std::__cxx11::basic_string<char, std::char_traits<char>, std::allocator<char> >&&)
0 9 0 4 1 0 0 1
cob=(2)
cfi=(51)
cfn=(1824)
calls=1 0 
0 28 5 0 0 1 0 0 1
0 6 0 1
cob=(2)
cfi=(51)
cfn=(1912)
calls=1 0 
0 225 56 36 4 4
0 19 7 7 1 0 0 1

fn=(3628) std::pair<double, int> boost::random::detail::generate_int_float_pair<double, 8ul, boost::random::mixmax_engine<17, 36u, 0l> >(boost::random::mixmax_engine<17, 36u, 0l>&, boost::integral_constant<bool, true>) [clone .isra.0]
0 4242740 525309 270682 424 202 53 40

fn=(3632) void stan::model::gradient<stan::model::model_base>(stan::model::model_base const&, Eigen::Matrix<double, -1, 1, 0, -1, 1> const&, double&, Eigen::Matrix<double, -1, 1, 0, -1, 1>&, stan::callbacks::logger&)
0 145996 7684 61472 15366 0 7693 2
cob=(2)
cfi=(51)
cfn=(2116)
calls=7684 0 
0 6562136 2013208 1521432 212676 230520 59080
0 61472 0 23052 42 0 2082 1
cfn=(3634) void stan::math::gradient<stan::model::model_functional<stan::model::model_base> >(stan::model::model_functional<stan::model::model_base> const&, Eigen::Matrix<double, -1, 1, 0, -1, 1> const&, double&, Eigen::Matrix<double, -1, 1, 0, -1, 1>&)
calls=7684 0 
0 13139010222 3224076746 2118436755 1645901 275194291 128056326 176916 25560 102237
0 23052 0 7684 7681
cob=(2)
cfi=(51)
cfn=(2220)
calls=7684 0 
0 461040 130628 107576 53914 27222 12014 4219
0 192100 23052 38420 15276 0 4946 2
cob=(2)
cfi=(51)
cfn=(2680) 0x00000000001207b0
calls=7684 0 
0 76840 38420 7684 7624 15368 0 4242
0 145996 69156 61472 15362 30736 0 2
cob=(2)
cfi=(51)
cfn=(2682) 0x0000000000120020
calls=7684 0 
0 437988 161364 92208 49760 52196 0 4064
0 84524 69156 0 7682 13446 0 1

fn=(3648) Eigen::CwiseBinaryOp<Eigen::internal::scalar_product_op<Eigen::internal::promote_scalar_arg<double, double, Eigen::internal::has_ReturnType<Eigen::ScalarBinaryOpTraits<double, double, Eigen::internal::scalar_product_op<double, double> > >::value>::type, double>, Eigen::internal::plain_constant_type<Eigen::Matrix<double, -1, 1, 0, -1, 1>, Eigen::internal::promote_scalar_arg<double, double, Eigen::internal::has_ReturnType<Eigen::ScalarBinaryOpTraits<double, double, Eigen::internal::scalar_product_op<double, double> > >::value>::type>::type const, Eigen::Matrix<double, -1, 1, 0, -1, 1> const> const Eigen::operator*<double>(double const&, Eigen::MatrixBase<Eigen::Matrix<double, -1, 1, 0, -1, 1> > const&)
0 30 9 9 1 0 4 1

fn=(3660) Eigen::PlainObjectBase<Eigen::Matrix<double, -1, 1, 0, -1, 1> >::PlainObjectBase<Eigen::Map<Eigen::Matrix<double, -1, 1, 0, -1, 1>, 0, Eigen::Stride<0, 0> > >(Eigen::DenseBase<Eigen::Map<Eigen::Matrix<double, -1, 1, 0, -1, 1>, 0, Eigen::Stride<0, 0> > > const&)
0 27 6 7 4 1 1 4
cfn=(3582) Eigen::internal::aligned_malloc(unsigned long)
calls=1 0 
0 444 67 56 0 4 3
0 2533 505 505 2 127 125 2

fn=(3664) stan::mcmc::base_nuts<stan::model::model_base, stan::mcmc::diag_e_metric, stan::mcmc::expl_leapfrog, boost::random::mixmax_engine<17, 36u, 0l> >::get_sampler_param_names(std::vector<std::__cxx11::basic_string<char, std::char_traits<char>, std::allocator<char> >, std::allocator<std::__cxx11::basic_string<char, std::char_traits<char>, std::allocator<char> > > >&)
0 32 2 12 2 0 0 1
cfn=(1886)
calls=2 0 
0 110 28 20 0 2 0 0 1
0 6 0 2 1 0 0 1
cfn=(2276)
calls=2 0 
0 590 146 100 0 4 4
0 16 2 4
cfn=(1886)
calls=2 0 
0 110 28 20 0 2 0 0 1
0 6 0 2 1 0 0 1
cfn=(2276)
calls=2 0 
0 52 16 16 1 0 2
0 16 2 4
cfn=(1886)
calls=2 0 
0 110 28 20
0 6 0 2
cfn=(2276)
calls=2 0 
0 646 158 112 0 4 4
0 16 2 4 1 0 0 1
cfn=(1886)
calls=2 0 
0 110 28 20
0 6 0 2
cfn=(2276)
calls=2 0 
0 52 16 16 0 0 2
0 16 2 4 1 0 0 1
cfn=(1886)
calls=2 0 
0 110 28 20
0 6 0 2
cfn=(2276)
calls=2 0 
0 52 16 16
0 22 14 0 1 0 0 1

fn=(3796) void stan::callbacks::unique_stream_writer<std::basic_ofstream<char, std::char_traits<char> >, std::default_delete<std::basic_ofstream<char, std::char_traits<char> > > >::write_vector<double>(std::vector<double, std::allocator<double> > const&)
0 880 160 360 120 0 0 3
cob=(2)
cfi=(51)
cfn=(2116)
calls=40 0 
0 34160 10480 7920 0 1200
0 200 120 40 0 80
cob=(2)
cfi=(51)
cfn=(3672) 0x0000000000120100
calls=40 0 
0 13440 4480 2560 708 400 0 40
0 440 120 40 40 0 0 1
cob=(2)
cfi=(51)
cfn=(2120)
calls=40 0 
0 140943 33807 22305 8918 1880 1200 42
0 122040 40680 40680 0 2905
cob=(2)
cfi=(51)
cfn=(2120)
calls=40680 0 
0 103476716 22626016 15842051 196926 1295 15184
0 162880 0 40720
cob=(2)
cfi=(51)
cfn=(2612)
calls=40720 0 
0 5685334 1879628 1063593 486 179 1623 40
0 122320 80 40 0 40
cob=(2)
cfi=(51)
cfn=(2120)
calls=40 0 
0 104610 22769 15843 280 0 5
0 440 200 40 40 40 0 1
cob=(2)
cfi=(51)
cfn=(2632)
calls=40 0 
0 2640 1080 480 160 40 0 40
0 80 0 40
cob=(2)
cfi=(51)
cfn=(2644)
calls=40 0 
0 2720 1200 400 200 80 0 40
0 160 40 40 40 40 0 1
cob=(2)
cfi=(51)
cfn=(2220)
calls=40 0 
0 478378 456958 455878 815 1809 7142
0 160 80 40
cob=(2)
cfi=(51)
cfn=(2612)
calls=40 0 
0 9200 2880 1760 680 655
0 280 80 40
cob=(2)
cfi=(51)
cfn=(1950)
calls=40 0 
0 7190 2100 880 100 250 0 40
0 80 40 40 40 0 0 1
cob=(2)
cfi=(51)
cfn=(2228)
calls=40 0 
0 12850 3930 2020 410 445 0 40
0 440 360 0 0 40

fn=(3884) cmdstan::arg_test_grad_eps::~arg_test_grad_eps()
0 28 5 5 3 2 0 3
cob=(2)
cfi=(51)
cfn=(1950)
calls=1 0 
0 120 35 14 0 2
0 8 2
cob=(2)
cfi=(51)
cfn=(1950)
calls=1 0 
0 148 44 18

fn=(3896) cmdstan::arg_log_prob_unconstrained_params::~arg_log_prob_unconstrained_params()
0 6 0 3 1 0 0 1
cfn=(3852)
calls=1 0 
0 415 118 48 0 5
0 4 1
cob=(2)
cfi=(51)
cfn=(1950)
calls=1 0 
0 99 31 15

fn=(1862) long double boost::math::detail::bessel_k1_imp<long double>(long double const&, std::integral_constant<int, 64> const&) [clone .isra.0]
0 23 3 3 1 0 0 1
cob=(2)
cfi=(51)
cfn=(1832)
calls=1 0 
0 70 16 5
0 5 1 2
cob=(2)
cfi=(51)
cfn=(1870) 0x00000000001207d0
calls=1 0 
0 15 4 1 3 1 0 3
0 10 2 4 2 0 0 2
cob=(2)
cfi=(51)
cfn=(1864) 0x0000000000120150
calls=1 0 
0 34 7 1 5 3 0 5 2
0 4 2

fn=(1906) Eigen::IOFormat::IOFormat(int, int, std::__cxx11::basic_string<char, std::char_traits<char>, std::allocator<char> > const&, std::__cxx11::basic_string<char, std::char_traits<char>, std::allocator<char> > const&, std::__cxx11::basic_string<char, std::char_traits<char>, std::allocator<char> > const&, std::__cxx11::basic_string<char, std::char_traits<char>, std::allocator<char> > const&, std::__cxx11::basic_string<char, std::char_traits<char>, std::allocator<char> > const&, std::__cxx11::basic_string<char, std::char_traits<char>, std::allocator<char> > const&, char)
0 104 16 40 4 0 2 2
cfn=(1908)
calls=4 0 
0 132 32 28 2 0 0 2
0 36 12 12 2 0 2 1
cfn=(1908)
calls=4 0 
0 132 32 28
0 32 8 12 0 0 1
cfn=(1908)
calls=4 0 
0 132 32 28 0 0 1
0 36 12 12 2 0 2 1
cfn=(1908)
calls=4 0 
0 140 44 32
0 32 8 12 0 0 1
cfn=(1908)
calls=4 0 
0 132 32 28 0 0 1
0 28 0 8 2 0 2 1
cfn=(1886)
calls=4 0 
0 132 32 28
0 32 8 12 2 0 1 1
cfn=(1908)
calls=4 0 
0 240 56 40 1 0 2 1
0 52 32 8 2 0 2 1

fn=(2090) cmdstan::arg_single_bool::arg_single_bool(char const*, char const*, bool) [clone .constprop.1]
0 246 12 150 8 0 12 4 0 12
cfn=(1886)
calls=6 0 
0 360 84 60
0 48 6 12
cob=(2)
cfi=(51)
cfn=(1912)
calls=6 0 
0 318 66 48
0 42 0 12 1 0 0 1
cfn=(1886)
calls=6 0 
0 342 84 60 0 2 0 0 1
0 18 0 6
cob=(2)
cfi=(51)
cfn=(1940)
calls=6 0 
0 324 84 54
0 42 6 12 1 0 0 1
cob=(2)
cfi=(51)
cfn=(1824)
calls=6 0 
0 96 18 0 0 3 0 0 3
0 36 6 6
cob=(2)
cfi=(51)
cfn=(1912)
calls=6 0 
0 858 184 134 0 0 1 0 0 1
0 12 0 6
cob=(2)
cfi=(51)
cfn=(1824)
calls=6 0 
0 156 28 0 1 6 0 0 6
0 36 6 6
cob=(2)
cfi=(51)
cfn=(1912)
calls=6 0 
0 2170 463 353 1 0 5 0 0 5
0 36 12 6 4 0 0 1
cob=(2)
cfi=(51)
cfn=(1912)
calls=6 0 
0 2124 454 353 0 0 5 0 0 5
0 30 0 12
cfn=(1886)
calls=6 0 
0 342 84 60 0 1 0 0 1
0 18 0 6 1 0 0 1
cob=(2)
cfi=(51)
cfn=(1940)
calls=6 0 
0 324 84 54
0 96 60 6 4 0 0 1

fn=(2268) cmdstan::arg_bfgs::arg_bfgs()
0 93 6 48 6 0 3 3 0 3
cob=(2)
cfi=(51)
cfn=(1912)
calls=3 0 
0 234 45 33 1 1
0 18 3 3
cob=(2)
cfi=(51)
cfn=(1912)
calls=3 0 
0 759 174 124 3
0 6 0 3
cob=(2)
cfi=(51)
cfn=(1004)
calls=3 0 
0 597 114 90 0 0 3 0 0 3
0 18 3 3 2 1 0 1 1
cfn=(2114)
calls=3 0 
0 15027 3543 2571 233 4 11 0 2 11
0 18 0 6
cfn=(1934)
calls=3 0 
0 387 87 60 12
0 6 0 3
cob=(2)
cfi=(51)
cfn=(1004)
calls=3 0 
0 597 114 90 9 0 3 0 0 3
0 18 3 3 2 0 0 1
cfn=(2114)
calls=3 0 
0 15468 3585 2592 219 1 11 10 1 11
0 12 0 6
cfn=(1934)
calls=3 0 
0 1188 267 183 42 0 2 0 0 2
0 6 0 3
cob=(2)
cfi=(51)
cfn=(1004)
calls=3 0 
0 597 114 90 0 0 3 0 0 3
0 18 3 3 3 0 0 1
cfn=(2114)
calls=3 0 
0 15102 3762 2679 252 1 12 2 1 11
0 12 0 6 3
cfn=(1934)
calls=3 0 
0 1038 243 161 40 0 1 0 0 1
0 6 0 3
cob=(2)
cfi=(51)
cfn=(1004)
calls=3 0 
0 597 114 90 5 0 3 0 0 3
0 21 3 3 3 0 0 1
cfn=(2114)
calls=3 0 
0 14292 3354 2451 252 1 11 1 1 11
0 12 0 6 3
cfn=(1934)
calls=3 0 
0 27 12 6 3
0 6 0 3
cob=(2)
cfi=(51)
cfn=(1004)
calls=3 0 
0 597 114 90 24 0 3 0 0 3
0 18 3 3 3 0 0 1
cfn=(2114)
calls=3 0 
0 16191 3909 2775 228 1 15 0 1 15
0 12 0 6
cfn=(1934)
calls=3 0 
0 1185 267 183 42 0 4 0 0 4
0 6 0 3
cob=(2)
cfi=(51)
cfn=(1004)
calls=3 0 
0 597 114 90 0 0 3 0 0 3
0 21 3 3 3 0 0 1
cfn=(2114)
calls=3 0 
0 14304 3357 2451 234 0 11 0 0 11
0 12 0 6
cfn=(1934)
calls=3 0 
0 27 12 6 3
0 27 21

fn=(2326)
0 181 40 75 3 0 0 3
cfn=(1908)
calls=9 0 
0 945 211 158 0 0 3 0 0 3
0 27 0 9
cob=(2)
cfi=(51)
cfn=(2298)
calls=9 0 
0 630 153 54
0 45 0 9
cob=(2)
cfi=(51)
cfn=(2298)
calls=9 0 
0 652 153 54 2 0 0 1
0 144 0 81 2 0 0 2
cfn=(2292)
calls=9 0 
0 2972 706 487 0 0 1 0 0 1
0 63 18 18
cfn=(1908)
calls=9 0 
0 513 126 90
0 475 148 69 4 22 0 4
cob=(2)
cfi=(51)
cfn=(1950)
calls=1 0 
0 99 31 15
0 446 132 70 3 0 0 3
cob=(2)
cfi=(51)
cfn=(1950)
calls=2 0 
0 198 62 30
0 60 38 2 1 0 0 1
cob=(2)
cfi=(51)
cfn=(1950)
calls=2 0 
0 198 62 30
0 94 78 6 2 5 0 2
cfn=(2340) cmdstan::singleton_argument<bool>::parse_args(std::vector<std::__cxx11::basic_string<char, std::char_traits<char>, std::allocator<char> >, std::allocator<std::__cxx11::basic_string<char, std::char_traits<char>, std::allocator<char> > > >&, stan::callbacks::writer&, stan::callbacks::writer&, bool&)
calls=1 0 
0 850 210 121 12 4 2 10 1
cfn=(2308)
calls=2 0 
0 1550 364 214 1 1 4 1
cfn=(2330) cmdstan::singleton_argument<long long>::parse_args(std::vector<std::__cxx11::basic_string<char, std::char_traits<char>, std::allocator<char> >, std::allocator<std::__cxx11::basic_string<char, std::char_traits<char>, std::allocator<char> > > >&, stan::callbacks::writer&, stan::callbacks::writer&, bool&)
calls=1 0 
0 875 186 107 12 1 1 12
cfn=(2328) cmdstan::singleton_argument<std::__cxx11::basic_string<char, std::char_traits<char>, std::allocator<char> > >::parse_args(std::vector<std::__cxx11::basic_string<char, std::char_traits<char>, std::allocator<char> >, std::allocator<std::__cxx11::basic_string<char, std::char_traits<char>, std::allocator<char> > > >&, stan::callbacks::writer&, stan::callbacks::writer&, bool&)
calls=2 0 
0 3758 926 596 11 5 6 10 0 6
0 55 1 1 1 0 0 1
cob=(2)
cfi=(51)
cfn=(1950)
calls=1 0 
0 99 31 15
0 7 2 1 1 0 0 1
cob=(2)
cfi=(51)
cfn=(1966)
calls=1 0 
0 73 17 8
0 7 1 3
cob=(2)
cfi=(51)
cfn=(1888)
calls=1 0 
0 13 4 2 0 1
0 48 0 16 1 0 0 1
cob=(2)
cfi=(51)
cfn=(1888)
calls=16 0 
0 254 64 32 0 2
0 86 41 7
cob=(2)
cfi=(51)
cfn=(2306)
calls=7 0 
0 150 30
0 62 1 1 1 0 0 1
cob=(2)
cfi=(51)
cfn=(1966)
calls=1 0 
0 73 17 8
0 7 1 3
cob=(2)
cfi=(51)
cfn=(1888)
calls=1 0 
0 13 4 2
0 48 0 16 1 0 0 1
cob=(2)
cfi=(51)
cfn=(1888)
calls=16 0 
0 254 64 32
0 98 49 3 2 0 0 2
cob=(2)
cfi=(51)
cfn=(2306)
calls=3 0 
0 72 18
0 70 0 0 1 0 0 1

fn=(2330)
0 22 3 8 2 0 0 2
cob=(2)
cfi=(51)
cfn=(2298)
calls=1 0 
0 70 17 6
0 17 10 1 2 0 0 2
cob=(2)
cfi=(51)
cfn=(2298)
calls=1 0 
0 70 17 6
0 16 1 7 1 0 0 1
cfn=(2292)
calls=1 0 
0 333 81 55
0 3 0 1
cfn=(2310) __gnu_cxx::__enable_if<std::__is_char<char>::__value, bool>::__type std::operator==<char>(std::__cxx11::basic_string<char, std::char_traits<char>, std::allocator<char> > const&, std::__cxx11::basic_string<char, std::char_traits<char>, std::allocator<char> > const&)
calls=1 0 
0 37 9 1
0 12 2 1 2 0 0 2
cfn=(2312) std::vector<std::__cxx11::basic_string<char, std::char_traits<char>, std::allocator<char> >, std::allocator<std::__cxx11::basic_string<char, std::char_traits<char>, std::allocator<char> > > >::pop_back()
calls=1 0 
0 9 3 1
0 3 1 2
cob=(2)
cfi=(51)
cfn=(2314) 0x000000000011feb0
calls=1 0 
0 6 4
0 8 2 3
cob=(2)
cfi=(51)
cfn=(2332) 0x000000000011fef0
calls=1 0 
0 242 27 11 1 1 0 1
0 13 6 2 1 0 0 1
cfn=(2334) cmdstan::arg_seed::is_valid(long long)
calls=1 0 
0 6 1 0 1 0 0 1
0 8 2 2 2 0 1 2

fn=(3904) cmdstan::arg_data::~arg_data()
0 18 5 4 2 4 0 2
cfn=(3906) cmdstan::arg_data_file::~arg_data_file()
calls=1 0 
0 402 115 52 2 7 0 1
0 12 3 2 1 0 0 1
cob=(2)
cfi=(51)
cfn=(1950)
calls=1 0 
0 120 35 14
0 9 2 2 0 1
cob=(2)
cfi=(51)
cfn=(1950)
calls=1 0 
0 120 35 14
0 10 3 0 1 0 0 1
cob=(2)
cfi=(51)
cfn=(1950)
calls=1 0 
0 120 35 14

fn=(3906)
0 6 0 3 2 0 0 1
cfn=(3852)
calls=1 0 
0 293 83 34 0 7
0 4 1
cob=(2)
cfi=(51)
cfn=(1950)
calls=1 0 
0 99 31 15

fn=(3912) cmdstan::arg_seed::~arg_seed()
0 12 2 3 1 1 0 1
cob=(2)
cfi=(51)
cfn=(1950)
calls=1 0 
0 120 35 14 0 2
0 19 4 3 2 2 0 2
cob=(2)
cfi=(51)
cfn=(1950)
calls=1 0 
0 120 35 14 0 2
0 8 2
cob=(2)
cfi=(51)
cfn=(1950)
calls=1 0 
0 99 31 15

fn=(3926) cmdstan::arg_num_threads::~arg_num_threads()
0 12 2 3 1 1 0 1
cob=(2)
cfi=(51)
cfn=(1950)
calls=1 0 
0 120 35 14 0 1
0 19 4 3 2 1 0 2
cob=(2)
cfi=(51)
cfn=(1950)
calls=1 0 
0 99 31 15
0 8 2
cob=(2)
cfi=(51)
cfn=(1950)
calls=1 0 
0 173 52 20

fn=(3970) std::_Sp_counted_ptr<boost::re_detail_500::basic_regex_implementation<char, boost::regex_traits<char, boost::cpp_regex_traits<char> > >*, (__gnu_cxx::_Lock_policy)2>::_M_destroy()
0 3 0 0 1 0 0 1
cob=(2)
cfi=(51)
cfn=(1950)
calls=1 0 
0 120 35 14

fn=(2678) cmdstan::internal::to_string[abi:cxx11](double&)
0 252 18 108 6 0 0 1
cob=(2)
cfi=(51)
cfn=(2116)
calls=18 0 
0 15372 4716 3564 205 31
0 54 18 18 0 14
cob=(2)
cfi=(51)
cfn=(2120)
calls=18 0 
0 42288 9564 6543 1151 92 45
0 324 54 72 32 0 0 2
cob=(2)
cfi=(51)
cfn=(1912)
calls=18 0 
0 1314 252 186 62 1
0 324 18 90 9 0 0 1
cob=(2)
cfi=(51)
cfn=(2680)
calls=18 0 
0 180 90 18 2 1
0 342 162 144 4 6 0 2
cob=(2)
cfi=(51)
cfn=(2682)
calls=18 0 
0 1026 378 216 48 1
0 204 126 0 2 0 0 1

fn=(2852)
0 20 1 4 2 0 1 1
cfn=(2853) std::_Rb_tree<std::__cxx11::basic_string<char, std::char_traits<char>, std::allocator<char> >, std::pair<std::__cxx11::basic_string<char, std::char_traits<char>, std::allocator<char> > const, std::pair<std::vector<double, std::allocator<double> >, std::vector<unsigned long, std::allocator<unsigned long> > > >, std::_Select1st<std::pair<std::__cxx11::basic_string<char, std::char_traits<char>, std::allocator<char> > const, std::pair<std::vector<double, std::allocator<double> >, std::vector<unsigned long, std::allocator<unsigned long> > > > >, std::less<std::__cxx11::basic_string<char, std::char_traits<char>, std::allocator<char> > >, std::allocator<std::pair<std::__cxx11::basic_string<char, std::char_traits<char>, std::allocator<char> > const, std::pair<std::vector<double, std::allocator<double> >, std::vector<unsigned long, std::allocator<unsigned long> > > > > >::_M_erase(std::_Rb_tree_node<std::pair<std::__cxx11::basic_string<char, std::char_traits<char>, std::allocator<char> > const, std::pair<std::vector<double, std::allocator<double> >, std::vector<unsigned long, std::allocator<unsigned long> > > > >*)'2
calls=1 0 
0 4 1 0 1
0 7 3 1 1 2 0 1
cob=(2)
cfi=(51)
cfn=(1950)
calls=1 0 
0 99 31 15
0 6 2 1
cob=(2)
cfi=(51)
cfn=(1950)
calls=1 0 
0 243 74 28
0 7 1 1
cob=(2)
cfi=(51)
cfn=(1950)
calls=1 0 
0 99 31 15 0 1
0 9 7 0 2 0 0 1

fn=(2853)
0 4 1 0 1

fn=(2900) boost::object_cache<boost::re_detail_500::cpp_regex_traits_base<char>, boost::re_detail_500::cpp_regex_traits_implementation<char> >::do_get(boost::re_detail_500::cpp_regex_traits_base<char> const&, unsigned long)
0 23 2 9 2 1 0 2 1
cfn=(2902) std::_Rb_tree<boost::re_detail_500::cpp_regex_traits_base<char>, std::pair<boost::re_detail_500::cpp_regex_traits_base<char> const, std::_List_iterator<std::pair<std::shared_ptr<boost::re_detail_500::cpp_regex_traits_implementation<char> const>, boost::re_detail_500::cpp_regex_traits_base<char> const*> > >, std::_Select1st<std::pair<boost::re_detail_500::cpp_regex_traits_base<char> const, std::_List_iterator<std::pair<std::shared_ptr<boost::re_detail_500::cpp_regex_traits_implementation<char> const>, boost::re_detail_500::cpp_regex_traits_base<char> const*> > > >, std::less<boost::re_detail_500::cpp_regex_traits_base<char> >, std::allocator<std::pair<boost::re_detail_500::cpp_regex_traits_base<char> const, std::_List_iterator<std::pair<std::shared_ptr<boost::re_detail_500::cpp_regex_traits_implementation<char> const>, boost::re_detail_500::cpp_regex_traits_base<char> const*> > > > >::find(boost::re_detail_500::cpp_regex_traits_base<char> const&)
calls=1 0 
0 8 2 0 2 0 0 2
0 21 9 2 3 0 0 3
cob=(2)
cfi=(51)
cfn=(1876) 0x0000000000120b30
calls=1 0 
0 19 7 2
0 14 1 8 1 0 1 1 0 1
cob=(2)
cfi=(51)
cfn=(1324) 0x0000000000120420
calls=1 0 
0 77 15 15 7 3 2
0 2 0 1 1 0 0 1
cob=(2)
cfi=(51)
cfn=(1880) 0x0000000000120290
calls=1 0 
0 8 4 1 2
0 3 0 1
cob=(2)
cfi=(51)
cfn=(1004)
calls=1 0 
0 199 38 30 0 0 1 0 0 1
0 4 0 1 1 0 0 1
cob=(2)
cfi=(51)
cfn=(2878) 0x0000000000120250
calls=1 0 
0 9 4 1
0 6 2 3
cfn=(2904) boost::re_detail_500::cpp_regex_traits_char_layer<char>::init()
calls=1 0 
0 7109 4509 3714 15 41 6 11 21 5
0 20 0 16 3 0 2 3 0 2
cfn=(2908) boost::re_detail_500::cpp_regex_traits_implementation<char>::init()
calls=1 0 
0 4280 1208 697 82 40 21 54 5 15
0 2 0 1
cob=(2)
cfi=(51)
cfn=(1004)
calls=1 0 
0 59 15 8
0 12 2 6 1 1 0 1
cob=(2)
cfi=(51)
cfn=(1004)
calls=1 0 
0 59 15 8 0 1
0 9 1 4 0 0 1
cob=(2)
cfi=(51)
cfn=(2952) 0x000000000011fed0
calls=1 0 
0 11 3 3 2 1 0 1
0 6 1 3 1 0 0 1
cob=(2)
cfi=(51)
cfn=(2878)
calls=1 0 
0 9 4 1 2
0 9 3 4 1 0 0 1
cfn=(2956) std::pair<std::_Rb_tree_iterator<std::pair<boost::re_detail_500::cpp_regex_traits_base<char> const, std::_List_iterator<std::pair<std::shared_ptr<boost::re_detail_500::cpp_regex_traits_implementation<char> const>, boost::re_detail_500::cpp_regex_traits_base<char> const*> > > >, bool> std::_Rb_tree<boost::re_detail_500::cpp_regex_traits_base<char>, std::pair<boost::re_detail_500::cpp_regex_traits_base<char> const, std::_List_iterator<std::pair<std::shared_ptr<boost::re_detail_500::cpp_regex_traits_implementation<char> const>, boost::re_detail_500::cpp_regex_traits_base<char> const*> > >, std::_Select1st<std::pair<boost::re_detail_500::cpp_regex_traits_base<char> const, std::_List_iterator<std::pair<std::shared_ptr<boost::re_detail_500::cpp_regex_traits_implementation<char> const>, boost::re_detail_500::cpp_regex_traits_base<char> const*> > > >, std::less<boost::re_detail_500::cpp_regex_traits_base<char> >, std::allocator<std::pair<boost::re_detail_500::cpp_regex_traits_base<char> const, std::_List_iterator<std::pair<std::shared_ptr<boost::re_detail_500::cpp_regex_traits_implementation<char> const>, boost::re_detail_500::cpp_regex_traits_base<char> const*> > > > >::_M_emplace_unique<std::pair<boost::re_detail_500::cpp_regex_traits_base<char>, std::_List_iterator<std::pair<std::shared_ptr<boost::re_detail_500::cpp_regex_traits_implementation<char> const>, boost::re_detail_500::cpp_regex_traits_base<char> const*> > > >(std::pair<boost::re_detail_500::cpp_regex_traits_base<char>, std::_List_iterator<std::pair<std::shared_ptr<boost::re_detail_500::cpp_regex_traits_implementation<char> const>, boost::re_detail_500::cpp_regex_traits_base<char> const*> > >&&)
calls=1 0 
0 139 36 31 8 1 1 7
0 2 0 1
cob=(2)
cfi=(51)
cfn=(2680)
calls=1 0 
0 10 5 1
0 3 0 1
cfn=(2902)
calls=1 0 
0 42 14 0 2 0 0 2
0 10 4 3 1 0 0 1

fn=(2908)
0 15 1 8 2 0 0 2
cfn=(2906) boost::cpp_regex_traits<char>::get_catalog_name[abi:cxx11]()
calls=1 0 
0 122 30 21
0 5 1 1 2 0 0 2
cfn=(2910) unsigned int boost::re_detail_500::find_sort_syntax<boost::re_detail_500::cpp_regex_traits_implementation<char>, char>(boost::re_detail_500::cpp_regex_traits_implementation<char> const*, char*)
calls=1 0 
0 4122 1166 666 77 40 21 49 5 15
0 16 10 1 1 0 0 1

fn=(2964) boost::re_detail_500::cpp_regex_traits_implementation<char>::lookup_classname_imp(char const*, char const*) const
0 90 15 45 2 0 0 2
cfn=(2966) int boost::re_detail_500::get_default_class_id<char>(char const*, char const*)
calls=5 0 
0 977 172 20 4 9 0 4 2
0 75 50 0 0 2 0 0 2

fn=(2966)
0 840 132 20 4 8 0 4 2
cob=(2)
cfi=(51)
cfn=(2306)
calls=5 0 
0 87 20 0 0 1
0 50 20

fn=(2986) std::pair<std::_Rb_tree_iterator<boost::re_detail_500::digraph<char> >, bool> std::_Rb_tree<boost::re_detail_500::digraph<char>, boost::re_detail_500::digraph<char>, std::_Identity<boost::re_detail_500::digraph<char> >, std::less<boost::re_detail_500::digraph<char> >, std::allocator<boost::re_detail_500::digraph<char> > >::_M_insert_unique<boost::re_detail_500::digraph<char> const&>(boost::re_detail_500::digraph<char> const&)
0 16 1 7 2 0 0 2
cob=(2)
cfi=(51)
cfn=(1004)
calls=1 0 
0 203 39 30 0 0 1 0 0 1
0 8 1 2
cob=(2)
cfi=(51)
cfn=(2958) 0x000000000011ff00
calls=1 0 
0 18 2 8
0 16 8 1 3 0 0 3

fn=(3018)
0 220 30 41 3 2 0 3 2
cob=(2)
cfi=(51)
cfn=(1004)
calls=1 0 
0 201 36 31 1 1 1 0 0 1
0 349 85 89 6 0 0 6
cfn=(3022) std::_Sp_counted_base<(__gnu_cxx::_Lock_policy)2>::_M_release()
calls=5 0 
0 60 20 10 2 0 0 2
0 165 50 35 3 0 0 3
cfn=(3024) boost::re_detail_500::perl_matcher<__gnu_cxx::__normal_iterator<char const*, std::__cxx11::basic_string<char, std::char_traits<char>, std::allocator<char> > >, std::allocator<boost::sub_match<__gnu_cxx::__normal_iterator<char const*, std::__cxx11::basic_string<char, std::char_traits<char>, std::allocator<char> > > > >, boost::regex_traits<char, boost::cpp_regex_traits<char> > >::match_all_states()
calls=5 0 
0 2925 1014 590 68 7 0 36 1
0 80 25 5 3 0 0 2
cfn=(3020) std::vector<boost::sub_match<__gnu_cxx::__normal_iterator<char const*, std::__cxx11::basic_string<char, std::char_traits<char>, std::allocator<char> > > >, std::allocator<boost::sub_match<__gnu_cxx::__normal_iterator<char const*, std::__cxx11::basic_string<char, std::char_traits<char>, std::allocator<char> > > > > >::_M_fill_insert(__gnu_cxx::__normal_iterator<boost::sub_match<__gnu_cxx::__normal_iterator<char const*, std::__cxx11::basic_string<char, std::char_traits<char>, std::allocator<char> > > >*, std::vector<boost::sub_match<__gnu_cxx::__normal_iterator<char const*, std::__cxx11::basic_string<char, std::char_traits<char>, std::allocator<char> > > >, std::allocator<boost::sub_match<__gnu_cxx::__normal_iterator<char const*, std::__cxx11::basic_string<char, std::char_traits<char>, std::allocator<char> > > > > > >, unsigned long, boost::sub_match<__gnu_cxx::__normal_iterator<char const*, std::__cxx11::basic_string<char, std::char_traits<char>, std::allocator<char> > > > const&)
calls=5 0 
0 1560 285 230 35 0 8 12 0 8
0 185 90 15 2 0 0 2
cfn=(3038) boost::match_results<__gnu_cxx::__normal_iterator<char const*, std::__cxx11::basic_string<char, std::char_traits<char>, std::allocator<char> > >, std::allocator<boost::sub_match<__gnu_cxx::__normal_iterator<char const*, std::__cxx11::basic_string<char, std::char_traits<char>, std::allocator<char> > > > > >::operator[](int) const
calls=5 0 
0 85 20 0 2 0 0 2
0 23 10 1 1 0 0 1
cob=(2)
cfi=(51)
cfn=(1876)
calls=1 0 
0 19 7 2
0 7 0 1 1 0 0 1
cob=(2)
cfi=(51)
cfn=(1324)
calls=1 0 
0 77 15 15 0 0 1 0 0 1
0 2 0 1
cob=(2)
cfi=(51)
cfn=(1880)
calls=1 0 
0 8 4 1
0 1

fn=(3098) std::pair<std::vector<int, std::allocator<int> >, std::vector<unsigned long, std::allocator<unsigned long> > >::~pair()
0 66 12 12 1 0 0 1
cob=(2)
cfi=(51)
cfn=(1950)
calls=2 0 
0 198 62 30
0 50 20
cob=(2)
cfi=(51)
cfn=(1950)
calls=5 0 
0 495 155 75
0 10 10 0 1 0 0 1

fn=(3132) std::vector<std::__cxx11::basic_string<char, std::char_traits<char>, std::allocator<char> >, std::allocator<std::__cxx11::basic_string<char, std::char_traits<char>, std::allocator<char> > > >::vector<boost::iterators::transform_iterator<boost::algorithm::detail::copy_iterator_rangeF<std::__cxx11::basic_string<char, std::char_traits<char>, std::allocator<char> >, __gnu_cxx::__normal_iterator<char const*, std::__cxx11::basic_string<char, std::char_traits<char>, std::allocator<char> > > >, boost::algorithm::split_iterator<__gnu_cxx::__normal_iterator<char const*, std::__cxx11::basic_string<char, std::char_traits<char>, std::allocator<char> > > >, boost::use_default, boost::use_default>, void>(boost::iterators::transform_iterator<boost::algorithm::detail::copy_iterator_rangeF<std::__cxx11::basic_string<char, std::char_traits<char>, std::allocator<char> >, __gnu_cxx::__normal_iterator<char const*, std::__cxx11::basic_string<char, std::char_traits<char>, std::allocator<char> > > >, boost::algorithm::split_iterator<__gnu_cxx::__normal_iterator<char const*, std::__cxx11::basic_string<char, std::char_traits<char>, std::allocator<char> > > >, boost::use_default, boost::use_default>, boost::iterators::transform_iterator<boost::algorithm::detail::copy_iterator_rangeF<std::__cxx11::basic_string<char, std::char_traits<char>, std::allocator<char> >, __gnu_cxx::__normal_iterator<char const*, std::__cxx11::basic_string<char, std::char_traits<char>, std::allocator<char> > > >, boost::algorithm::split_iterator<__gnu_cxx::__normal_iterator<char const*, std::__cxx11::basic_string<char, std::char_traits<char>, std::allocator<char> > > >, boost::use_default, boost::use_default>, std::allocator<std::__cxx11::basic_string<char, std::char_traits<char>, std::allocator<char> > > const&)
0 82 16 34 4 0 0 4
cfn=(3130) boost::detail::function::functor_manager<boost::algorithm::detail::token_finderF<boost::algorithm::detail::is_any_ofF<char> > >::manage(boost::detail::function::function_buffer const&, boost::detail::function::function_buffer&, boost::detail::function::functor_manager_operation_type)
calls=2 0 
0 376 78 62 0 0 1 0 0 1
0 28 12 10 1 0 0 1
cfn=(3128) boost::detail::function::function_obj_invoker<boost::algorithm::detail::token_finderF<boost::algorithm::detail::is_any_ofF<char> >, boost::iterator_range<__gnu_cxx::__normal_iterator<char const*, std::__cxx11::basic_string<char, std::char_traits<char>, std::allocator<char> > > >, __gnu_cxx::__normal_iterator<char const*, std::__cxx11::basic_string<char, std::char_traits<char>, std::allocator<char> > >, __gnu_cxx::__normal_iterator<char const*, std::__cxx11::basic_string<char, std::char_traits<char>, std::allocator<char> > > >::invoke(boost::detail::function::function_buffer&, __gnu_cxx::__normal_iterator<char const*, std::__cxx11::basic_string<char, std::char_traits<char>, std::allocator<char> > >, __gnu_cxx::__normal_iterator<char const*, std::__cxx11::basic_string<char, std::char_traits<char>, std::allocator<char> > >)
calls=2 0 
0 434 88 70
0 88 22 16 3 0 0 3
cfn=(2276)
calls=2 0 
0 452 92 76 11 0 1 0 0 1
0 32 10 4 2 0 0 2
cfn=(3130)
calls=2 0 
0 254 74 40
0 32 20 2 2 0 0 2
cob=(2)
cfi=(51)
cfn=(1888)
calls=2 0 
0 32 8 4 1
0 32 6 0 3 0 0 3

fn=(3144) std::_Rb_tree_node<std::pair<std::__cxx11::basic_string<char, std::char_traits<char>, std::allocator<char> > const, std::pair<std::vector<int, std::allocator<int> >, std::vector<unsigned long, std::allocator<unsigned long> > > > >* std::_Rb_tree<std::__cxx11::basic_string<char, std::char_traits<char>, std::allocator<char> >, std::pair<std::__cxx11::basic_string<char, std::char_traits<char>, std::allocator<char> > const, std::pair<std::vector<int, std::allocator<int> >, std::vector<unsigned long, std::allocator<unsigned long> > > >, std::_Select1st<std::pair<std::__cxx11::basic_string<char, std::char_traits<char>, std::allocator<char> > const, std::pair<std::vector<int, std::allocator<int> >, std::vector<unsigned long, std::allocator<unsigned long> > > > >, std::less<std::__cxx11::basic_string<char, std::char_traits<char>, std::allocator<char> > >, std::allocator<std::pair<std::__cxx11::basic_string<char, std::char_traits<char>, std::allocator<char> > const, std::pair<std::vector<int, std::allocator<int> >, std::vector<unsigned long, std::allocator<unsigned long> > > > > >::_M_copy<false, std::_Rb_tree<std::__cxx11::basic_string<char, std::char_traits<char>, std::allocator<char> >, std::pair<std::__cxx11::basic_string<char, std::char_traits<char>, std::allocator<char> > const, std::pair<std::vector<int, std::allocator<int> >, std::vector<unsigned long, std::allocator<unsigned long> > > >, std::_Select1st<std::pair<std::__cxx11::basic_string<char, std::char_traits<char>, std::allocator<char> > const, std::pair<std::vector<int, std::allocator<int> >, std::vector<unsigned long, std::allocator<unsigned long> > > > >, std::less<std::__cxx11::basic_string<char, std::char_traits<char>, std::allocator<char> > >, std::allocator<std::pair<std::__cxx11::basic_string<char, std::char_traits<char>, std::allocator<char> > const, std::pair<std::vector<int, std::allocator<int> >, std::vector<unsigned long, std::allocator<unsigned long> > > > > >::_Alloc_node>(std::_Rb_tree_node<std::pair<std::__cxx11::basic_string<char, std::char_traits<char>, std::allocator<char> > const, std::pair<std::vector<int, std::allocator<int> >, std::vector<unsigned long, std::allocator<unsigned long> > > > >*, std::_Rb_tree_node_base*, std::_Rb_tree<std::__cxx11::basic_string<char, std::char_traits<char>, std::allocator<char> >, std::pair<std::__cxx11::basic_string<char, std::char_traits<char>, std::allocator<char> > const, std::pair<std::vector<int, std::allocator<int> >, std::vector<unsigned long, std::allocator<unsigned long> > > >, std::_Select1st<std::pair<std::__cxx11::basic_string<char, std::char_traits<char>, std::allocator<char> > const, std::pair<std::vector<int, std::allocator<int> >, std::vector<unsigned long, std::allocator<unsigned long> > > > >, std::less<std::__cxx11::basic_string<char, std::char_traits<char>, std::allocator<char> > >, std::allocator<std::pair<std::__cxx11::basic_string<char, std::char_traits<char>, std::allocator<char> > const, std::pair<std::vector<int, std::allocator<int> >, std::vector<unsigned long, std::allocator<unsigned long> > > > > >::_Alloc_node&) [clone .isra.0]
0 12 0 8 1 0 0 1
cob=(2)
cfi=(51)
cfn=(1004)
calls=1 0 
0 59 15 8
0 8 2 2 1 0 0 1
cfn=(1908)
calls=1 0 
0 57 14 10 1
0 3 0 1
cfn=(3096) std::vector<int, std::allocator<int> >::vector(std::vector<int, std::allocator<int> > const&)
calls=1 0 
0 122 30 22 1
0 3 0 1
cfn=(3086)
calls=1 0 
0 109 27 20
0 11 3 5 1 0 0 1
cfn=(3145) std::_Rb_tree_node<std::pair<std::__cxx11::basic_string<char, std::char_traits<char>, std::allocator<char> > const, std::pair<std::vector<int, std::allocator<int> >, std::vector<unsigned long, std::allocator<unsigned long> > > > >* std::_Rb_tree<std::__cxx11::basic_string<char, std::char_traits<char>, std::allocator<char> >, std::pair<std::__cxx11::basic_string<char, std::char_traits<char>, std::allocator<char> > const, std::pair<std::vector<int, std::allocator<int> >, std::vector<unsigned long, std::allocator<unsigned long> > > >, std::_Select1st<std::pair<std::__cxx11::basic_string<char, std::char_traits<char>, std::allocator<char> > const, std::pair<std::vector<int, std::allocator<int> >, std::vector<unsigned long, std::allocator<unsigned long> > > > >, std::less<std::__cxx11::basic_string<char, std::char_traits<char>, std::allocator<char> > >, std::allocator<std::pair<std::__cxx11::basic_string<char, std::char_traits<char>, std::allocator<char> > const, std::pair<std::vector<int, std::allocator<int> >, std::vector<unsigned long, std::allocator<unsigned long> > > > > >::_M_copy<false, std::_Rb_tree<std::__cxx11::basic_string<char, std::char_traits<char>, std::allocator<char> >, std::pair<std::__cxx11::basic_string<char, std::char_traits<char>, std::allocator<char> > const, std::pair<std::vector<int, std::allocator<int> >, std::vector<unsigned long, std::allocator<unsigned long> > > >, std::_Select1st<std::pair<std::__cxx11::basic_string<char, std::char_traits<char>, std::allocator<char> > const, std::pair<std::vector<int, std::allocator<int> >, std::vector<unsigned long, std::allocator<unsigned long> > > > >, std::less<std::__cxx11::basic_string<char, std::char_traits<char>, std::allocator<char> > >, std::allocator<std::pair<std::__cxx11::basic_string<char, std::char_traits<char>, std::allocator<char> > const, std::pair<std::vector<int, std::allocator<int> >, std::vector<unsigned long, std::allocator<unsigned long> > > > > >::_Alloc_node>(std::_Rb_tree_node<std::pair<std::__cxx11::basic_string<char, std::char_traits<char>, std::allocator<char> > const, std::pair<std::vector<int, std::allocator<int> >, std::vector<unsigned long, std::allocator<unsigned long> > > > >*, std::_Rb_tree_node_base*, std::_Rb_tree<std::__cxx11::basic_string<char, std::char_traits<char>, std::allocator<char> >, std::pair<std::__cxx11::basic_string<char, std::char_traits<char>, std::allocator<char> > const, std::pair<std::vector<int, std::allocator<int> >, std::vector<unsigned long, std::allocator<unsigned long> > > >, std::_Select1st<std::pair<std::__cxx11::basic_string<char, std::char_traits<char>, std::allocator<char> > const, std::pair<std::vector<int, std::allocator<int> >, std::vector<unsigned long, std::allocator<unsigned long> > > > >, std::less<std::__cxx11::basic_string<char, std::char_traits<char>, std::allocator<char> > >, std::allocator<std::pair<std::__cxx11::basic_string<char, std::char_traits<char>, std::allocator<char> > const, std::pair<std::vector<int, std::allocator<int> >, std::vector<unsigned long, std::allocator<unsigned long> > > > > >::_Alloc_node&) [clone .isra.0]'2
calls=1 0 
0 461 116 93 3 0 0 1
0 11 1 3 1 0 0 1
cob=(2)
cfi=(51)
cfn=(1004)
calls=2 0 
0 406 78 60 0 0 2 0 0 2
0 16 4 4
cfn=(1908)
calls=2 0 
0 70 22 16 0 0 2 0 0 2
0 24 4 6 1 0 0 1
cob=(2)
cfi=(51)
cfn=(1004)
calls=2 0 
0 110 30 16
0 30 4 6 1 0 0 1
cob=(2)
cfi=(51)
cfn=(1948)
calls=2 0 
0 34 8 4
0 65 13 23 2 0 0 2
cfn=(3145)
calls=1 0 
0 427 97 82 0 0 2 0 0 2
0 20 9 1 1 0 0 1

fn=(3145)
0 24 0 16
cob=(2)
cfi=(51)
cfn=(1004)
calls=2 0 
0 262 54 38 0 0 1 0 0 1
0 16 4 4
cfn=(1908)
calls=2 0 
0 90 25 18 0 0 1 0 0 1
0 6 0 2
cfn=(3096)
calls=2 0 
0 300 75 59 2
0 6 0 2
cfn=(3086)
calls=2 0 
0 142 35 28
0 42 20 8 1 0 0 1

fn=(3218) auto cmdstan::get_arg<cmdstan::argument_parser&, char const (&) [7], char const (&) [6], char const (&) [12]>(cmdstan::argument_parser&, char const*, char const (&) [7], char const (&) [6], char const (&) [12])
0 23 1 10 3 0 0 3
cob=(2)
cfi=(51)
cfn=(1824)
calls=1 0 
0 16 3
0 5 0 1
cfn=(1886)
calls=1 0 
0 57 14 10
0 3 0 1
cfn=(2348)
calls=1 0 
0 110 31 16 4
0 9 2 3 1 0 0 1
cob=(2)
cfi=(51)
cfn=(1824)
calls=1 0 
0 16 3
0 4 0 1
cfn=(1886)
calls=1 0 
0 57 14 10
0 4 1 1
cfn=(2576)
calls=1 0 
0 135 40 18
0 9 2 3 1 1 0 1
cob=(2)
cfi=(51)
cfn=(1824)
calls=1 0 
0 16 3 0 0 1
0 4 0 1
cfn=(1886)
calls=1 0 
0 57 14 10
0 4 1 1
cfn=(2580)
calls=1 0 
0 312 82 44 6 8
0 3 1 1
cfn=(2584)
calls=1 0 
0 698 177 94 1 18
0 22 12 0 2 0 0 2

fn=(3368) cmdstan::list_argument::value[abi:cxx11]()
0 51 18 9 2 1 1 2
cfn=(1908)
calls=3 0 
0 174 42 30
0 9 6

fn=(3420) auto stan::io::deserializer<double>::read<std::vector<double, std::allocator<double> >, , (void*)0, (void*)0>(long)
0 1260 126 378 82 0 25 82
cob=(2)
cfi=(51)
cfn=(1004)
calls=42 0 
0 2478 630 336 0 41
0 378 0 126 41 0 0 41
cob=(2)
cfi=(51)
cfn=(1888)
calls=42 0 
0 588 168 84
0 336 252 42

fn=(3438) stan::model::model_base_crtp<model_model_namespace::model_model>::log_prob_jacobian(std::vector<double, std::allocator<double> >&, std::vector<int, std::allocator<int> >&, std::ostream*) const
0 2 0 0 1 0 0 1
cfn=(3440) stan::scalar_type<std::vector<double, std::allocator<double> >, void>::type model_model_namespace::model_model::log_prob_impl<false, true, std::vector<double, std::allocator<double> >, std::vector<int, std::allocator<int> >, (void*)0, (void*)0, (void*)0>(std::vector<double, std::allocator<double> >&, std::vector<int, std::allocator<int> >&, std::ostream*) const
calls=1 0 
0 895418 171208 46868 146 1728 1801 140 12 125

fn=(3466) double Eigen::DenseBase<Eigen::Select<Eigen::CwiseBinaryOp<Eigen::internal::scalar_cmp_op<double, double, (Eigen::internal::ComparisonName)1>, Eigen::CwiseNullaryOp<Eigen::internal::scalar_constant_op<double>, Eigen::Array<double, -1, 1, 0, -1, 1> > const, Eigen::Array<double, -1, 1, 0, -1, 1> const>, Eigen::CwiseUnaryOp<Eigen::internal::scalar_opposite_op<double>, Eigen::Array<double, -1, 1, 0, -1, 1> const>, Eigen::Select<Eigen::CwiseBinaryOp<Eigen::internal::scalar_cmp_op<double, double, (Eigen::internal::ComparisonName)1>, Eigen::Array<double, -1, 1, 0, -1, 1> const, Eigen::CwiseNullaryOp<Eigen::internal::scalar_constant_op<double>, Eigen::Array<double, -1, 1, 0, -1, 1> > const>, Eigen::Array<double, -1, 1, 0, -1, 1>, Eigen::CwiseUnaryOp<Eigen::internal::scalar_opposite_op<double>, Eigen::CwiseUnaryOp<stan::math::apply_scalar_unary<stan::math::log1p_fun, Eigen::Array<double, -1, 1, 0, -1, 1>&, void>::apply<Eigen::Array<double, -1, 1, 0, -1, 1>&>(Eigen::Array<double, -1, 1, 0, -1, 1>&)::{lambda(auto:1&&)#1}::operator()<Eigen::Array<double, -1, 1, 0, -1, 1>&>(Eigen::Array<double, -1, 1, 0, -1, 1>&) const::{lambda(auto:1&&)#1}, Eigen::Array<double, -1, 1, 0, -1, 1> const> const> > > >::redux<Eigen::internal::scalar_sum_op<double, double> >(Eigen::internal::scalar_sum_op<double, double> const&) const [clone .isra.0]
0 730756124 154374650 192073545 751 0 0 271
cob=(2)
cfi=(51)
cfn=(3468) 0x0000000000120c00
calls=38368593 0 
0 2869225519 506452432 0 3782 14998 0 2
0 307371297 191958224 153628 564 0 0 148
cob=(2)
cfi=(51)
cfn=(3468)
calls=38407 0 
0 3435660 553608 0 71038 292258 0 3032 5
0 230442 153628 0 3967 0 0 1300

fn=(3478) double stan::model::log_prob_grad<true, true, stan::model::model_base>(stan::model::model_base const&, std::vector<double, std::allocator<double> >&, std::vector<int, std::allocator<int> >&, std::vector<double, std::allocator<double> >&, std::ostream*)
0 28 3 10 2 1 0 2
cob=(2)
cfi=(51)
cfn=(1004)
calls=1 0 
0 209 41 36 0 0 3
0 10 0 4 1 0 0 1
cob=(2)
cfi=(51)
cfn=(1020)
calls=1 0 
0 8067 3 8048 2 1 53
0 27142 10064 8028 3 131 566 3 0 388
cfn=(3482)
calls=1 0 
0 1621682 431553 356836 257 17914 17775 221 0 14181
0 171 167 33 2 110 0 1
cfn=(3554) stan::math::internal::callback_vari<double, stan::math::operator+<double, (void*)0>(stan::math::var_value<double, void> const&, double)::{lambda(auto:1&&)#1}>::chain()
calls=1 0 
0 6 4 1 1 0 0 1
cfn=(3552) stan::math::internal::callback_vari<double, stan::math::lb_constrain<stan::math::var_value<double, void>, int, (void*)0, (void*)0>(stan::math::var_value<double, void> const&, int const&, stan::math::var_value<double, void>&)::{lambda(auto:1&)#1}>::chain()
calls=1 0 
0 9 7 1 1 1 0 1
cfn=(3550)
calls=1 0 
0 70 34 5 2 5 0 2
cfn=(3548) stan::math::internal::reverse_pass_callback_vari<stan::math::internal::partials_propagator<stan::math::var_value<double, void>, void, std::vector<stan::math::var_value<double, void>, std::allocator<stan::math::var_value<double, void> > >, double, double>::build(double)::{lambda(auto:1&&)#1}::operator()<stan::math::internal::ops_partials_edge<double, double, void>&>(stan::math::internal::ops_partials_edge<double, double, void>&)::{lambda()#1}>::chain()
calls=2 0 
0 4 2
cfn=(3546) stan::math::internal::reverse_pass_callback_vari<stan::math::internal::partials_propagator<stan::math::var_value<double, void>, void, Eigen::Matrix<stan::math::var_value<double, void>, -1, 1, 0, -1, 1>, double, double>::build(double)::{lambda(auto:1&&)#1}::operator()<stan::math::internal::ops_partials_edge<double, Eigen::Matrix<stan::math::var_value<double, void>, -1, 1, 0, -1, 1>, void>&>(stan::math::internal::ops_partials_edge<double, Eigen::Matrix<stan::math::var_value<double, void>, -1, 1, 0, -1, 1>, void>&)::{lambda()#1}>::chain()
calls=1 0 
0 8024 3007 1000 1 629 0 1
cfn=(3544) stan::math::internal::reverse_pass_callback_vari<stan::math::internal::partials_propagator<stan::math::var_value<double, void>, void, Eigen::Matrix<stan::math::var_value<double, void>, -1, 1, 0, -1, 1>, double, double>::build(double)::{lambda(auto:1&&)#1}::operator()<stan::math::internal::ops_partials_edge<double, double, void>&>(stan::math::internal::ops_partials_edge<double, double, void>&)::{lambda()#1}>::chain()
calls=2 0 
0 4 2 0 1 0 0 1
cfn=(3542) stan::math::internal::reverse_pass_callback_vari<stan::math::internal::partials_propagator<stan::math::var_value<double, void>, void, stan::math::var_value<double, void>, double, double>::build(double)::{lambda(auto:1&&)#1}::operator()<stan::math::internal::ops_partials_edge<double, stan::math::var_value<double, void>, void>&>(stan::math::internal::ops_partials_edge<double, stan::math::var_value<double, void>, void>&)::{lambda()#1}>::chain()
calls=1 0 
0 8 6 1 1 2 0 1
cfn=(3540) stan::math::internal::reverse_pass_callback_vari<stan::math::internal::partials_propagator<stan::math::var_value<double, void>, void, stan::math::var_value<double, void>, double, double>::build(double)::{lambda(auto:1&&)#1}::operator()<stan::math::internal::ops_partials_edge<double, double, void>&>(stan::math::internal::ops_partials_edge<double, double, void>&)::{lambda()#1}>::chain()
calls=2 0 
0 4 2 0 1 0 0 1
cfn=(3538)
calls=5 0 
0 35085 15035 5 3 3147 0 3
cfn=(3536) stan::math::internal::reverse_pass_callback_vari<stan::math::multiply<stan::math::var_value<double, void>, Eigen::Map<Eigen::Matrix<stan::math::var_value<double, void>, -1, 1, 0, -1, 1> const, 0, Eigen::Stride<0, 0> >&, (void*)0, (void*)0, (void*)0, (void*)0>(stan::math::var_value<double, void> const&, Eigen::Map<Eigen::Matrix<stan::math::var_value<double, void>, -1, 1, 0, -1, 1> const, 0, Eigen::Stride<0, 0> >&)::{lambda()#1}>::chain()
calls=5 0 
0 65050 35025 10000 2 5024 0 2
cfn=(3534) stan::math::internal::reverse_pass_callback_vari<stan::math::subtract<stan::math::arena_matrix<Eigen::Matrix<stan::math::var_value<double, void>, -1, 1, 0, -1, 1>, void>, stan::math::arena_matrix<Eigen::Matrix<stan::math::var_value<double, void>, -1, 1, 0, -1, 1>, void>, (void*)0>(stan::math::arena_matrix<Eigen::Matrix<stan::math::var_value<double, void>, -1, 1, 0, -1, 1>, void> const&, stan::math::arena_matrix<Eigen::Matrix<stan::math::var_value<double, void>, -1, 1, 0, -1, 1>, void> const&)::{lambda()#1}>::chain()
calls=5 0 
0 65050 30025 10000 2 7535 0 2
cfn=(3530) stan::math::internal::reverse_pass_callback_vari<stan::math::internal::partials_propagator<stan::math::var_value<double, void>, void, Eigen::Matrix<stan::math::var_value<double, void>, -1, 1, 0, -1, 1> >::build(double)::{lambda(auto:1&&)#1}::operator()<stan::math::internal::ops_partials_edge<double, Eigen::Matrix<stan::math::var_value<double, void>, -1, 1, 0, -1, 1>, void>&>(stan::math::internal::ops_partials_edge<double, Eigen::Matrix<stan::math::var_value<double, void>, -1, 1, 0, -1, 1>, void>&)::{lambda()#1}>::chain()
calls=5 0 
0 40120 15035 5000 3 3144 0 3
cfn=(3528) stan::math::internal::callback_vari<double, stan::math::sum<stan::math::arena_allocator<stan::math::var_value<double, void> > >(std::vector<stan::math::var_value<double, void>, stan::math::arena_allocator<stan::math::var_value<double, void> > > const&)::{lambda(auto:1&)#1}>::chain()
calls=1 0 
0 73 22 9 1 1 0 1
0 6186 2017 1007 2 504 37 2
cfn=(3558) stan::math::recover_memory()
calls=1 0 
0 33 17 7 3 8 0 3
0 6 2 1 1 2 0 1
cob=(2)
cfi=(51)
cfn=(1950)
calls=1 0 
0 142 40 19 0 17 2
0 67 9 33 1 1 0 1
cfn=(3480) void std::vector<stan::math::vari_base*, std::allocator<stan::math::vari_base*> >::_M_realloc_insert<stan::math::vari_base*>(__gnu_cxx::__normal_iterator<stan::math::vari_base**, std::vector<stan::math::vari_base*, std::allocator<stan::math::vari_base*> > >, stan::math::vari_base*&&)
calls=11 0 
0 4279 1055 774 9 19 128 8 0 2
0 48 22 1 2 0 0 2
cfn=(3556) std::vector<double, std::allocator<double> >::_M_default_append(unsigned long)
calls=1 0 
0 8589 85 8109 7 17 132 7
0 5 2

fn=(3526) stan::math::var_value<double, void> stan::math::sum<stan::math::arena_allocator<stan::math::var_value<double, void> > >(std::vector<stan::math::var_value<double, void>, stan::math::arena_allocator<stan::math::var_value<double, void> > > const&)
0 983680 261290 138330 27092 69165 23055 2015 0 3
cfn=(3490) stan::math::vari_base*& std::vector<stan::math::vari_base*, std::allocator<stan::math::vari_base*> >::emplace_back<stan::math::vari_base*>(stan::math::vari_base*&&) [clone .isra.0]
calls=7685 0 
0 69165 30740 15370
0 107590 53795 23055 53 0 0 23

fn=(3552)
0 69165 53795 7685 43 7685 0 41

fn=(3576) stan::callbacks::writer::operator()(std::vector<double, std::allocator<double> > const&)
0 2 1 0 1 0 0 1

fn=(3598) Eigen::PlainObjectBase<Eigen::Matrix<double, -1, 1, 0, -1, 1> >::resize(long, long) [clone .constprop.0]
0 169180 30760 46140 3595 0 0 19
cob=(2)
cfi=(51)
cfn=(3136)
calls=15380 0 
0 92280 30760 0 0 7754
0 107660 0 15380 7675 0 0 18
cfn=(3582)
calls=15380 0 
0 3080729 541135 478992 22 92164 45394 0 0 1
0 92280 46140 30760

fn=(3618) void Eigen::internal::call_dense_assignment_loop<Eigen::Matrix<double, -1, 1, 0, -1, 1>, Eigen::Map<Eigen::Matrix<double, -1, 1, 0, -1, 1>, 0, Eigen::Stride<0, 0> >, Eigen::internal::assign_op<double, double> >(Eigen::Matrix<double, -1, 1, 0, -1, 1>&, Eigen::Map<Eigen::Matrix<double, -1, 1, 0, -1, 1>, 0, Eigen::Stride<0, 0> > const&, Eigen::internal::assign_op<double, double> const&)
0 2541 511 506 3 126 127 3

fn=(3640) stan::model::model_base_crtp<model_model_namespace::model_model>::log_prob_propto_jacobian(Eigen::Matrix<stan::math::var_value<double, void>, -1, 1, 0, -1, 1>&, std::ostream*) const
0 69156 7684 30736 190 7684 5762 8
cfn=(3642) stan::scalar_type<Eigen::Matrix<stan::math::var_value<double, void>, -1, 1, 0, -1, 1>, void>::type model_model_namespace::model_model::log_prob_impl<true, true, Eigen::Matrix<stan::math::var_value<double, void>, -1, 1, 0, -1, 1>, Eigen::Matrix<int, -1, 1, 0, -1, 1>, (void*)0, (void*)0, (void*)0>(Eigen::Matrix<stan::math::var_value<double, void>, -1, 1, 0, -1, 1>&, Eigen::Matrix<int, -1, 1, 0, -1, 1>&, std::ostream*) const [clone .isra.0]
calls=7684 0 
0 11259230701 2397226145 1847770015 1381830 119958746 122514892 151743 21422 102237
0 38420 23052 0 7684 5762 0 201

fn=(3662) void stan::services::util::mcmc_writer::write_sample_names<stan::model::model_base>(stan::mcmc::sample&, stan::mcmc::base_mcmc&, stan::model::model_base&) [clone .isra.0]
0 24 1 11 2 0 0 2
cfn=(1886)
calls=1 0 
0 57 14 10 3 2 0 0 1
0 3 0 1
cfn=(2276)
calls=1 0 
0 154 34 27 12 5
0 8 1 2 1 0 0 1
cfn=(1886)
calls=1 0 
0 55 14 10 1
0 3 0 1
cfn=(2276)
calls=1 0 
0 281 70 47 1 4 2
0 11 5 2 1 2 0 1
cfn=(3664)
calls=1 0 
0 1045 258 199 7 6 6 6 2
0 11 5 2 1 2 0 1
cfn=(3666) model_model_namespace::model_model::constrained_param_names(std::vector<std::__cxx11::basic_string<char, std::char_traits<char>, std::allocator<char> >, std::allocator<std::__cxx11::basic_string<char, std::char_traits<char>, std::allocator<char> > > >&, bool, bool) const
calls=1 0 
0 392728 87671 74213 74 137 1024 45 3 9
0 10 7 2 0 4
cfn=(3668) stan::callbacks::unique_stream_writer<std::basic_ofstream<char, std::char_traits<char> >, std::default_delete<std::basic_ofstream<char, std::char_traits<char> > > >::operator()(std::vector<std::__cxx11::basic_string<char, std::char_traits<char>, std::allocator<char> >, std::allocator<std::__cxx11::basic_string<char, std::char_traits<char>, std::allocator<char> > > > const&)
calls=1 0 
0 313432 110123 68238 228 817 618 30 6 158
0 4088 1023 1 1 510 0 1
cob=(2)
cfi=(51)
cfn=(1950)
calls=1 0 
0 256 79 30 0 22 3
0 3069 9 0 1 2 0 1

fn=(3670) void stan::callbacks::unique_stream_writer<std::basic_ofstream<char, std::char_traits<char> >, std::default_delete<std::basic_ofstream<char, std::char_traits<char> > > >::write_vector<std::__cxx11::basic_string<char, std::char_traits<char>, std::allocator<char> > >(std::vector<std::__cxx11::basic_string<char, std::char_traits<char>, std::allocator<char> >, std::allocator<std::__cxx11::basic_string<char, std::char_traits<char>, std::allocator<char> > > > const&)
0 22 4 9 2 0 0 2
cob=(2)
cfi=(51)
cfn=(2116)
calls=1 0 
0 854 262 198 26 30 2
0 5 3 1 1 2 0 1
cob=(2)
cfi=(51)
cfn=(3672)
calls=1 0 
0 1111 369 200 60 56 22 9
0 12 4 1
cob=(2)
cfi=(51)
cfn=(2612)
calls=1 0 
0 240 76 43 23 3
0 4068 2034 1017
cob=(2)
cfi=(51)
cfn=(2612)
calls=1017 0 
0 144659 49386 28660 32 552 411
0 4072 0 1018 1 0 0 1
cob=(2)
cfi=(51)
cfn=(2612)
calls=1018 0 
0 141504 46828 26468 0 1 2
0 3059 3 1 0 1
cob=(2)
cfi=(51)
cfn=(2612)
calls=1 0 
0 141 47 27
0 11 5 1 1 3 0 1
cob=(2)
cfi=(51)
cfn=(2632)
calls=1 0 
0 66 27 12 4 1
0 2 0 1
cob=(2)
cfi=(51)
cfn=(2644)
calls=1 0 
0 68 30 10 5 2 0 1
0 4 1 1 0 1
cob=(2)
cfi=(51)
cfn=(2220)
calls=1 0 
0 10886 10194 10156 35 35 159 0 0 158
0 4 2 1 1 0 0 1
cob=(2)
cfi=(51)
cfn=(2612)
calls=1 0 
0 2000 649 322 23 97 21 9 6
0 7 2 1
cob=(2)
cfi=(51)
cfn=(1950)
calls=1 0 
0 289 84 37 7 14 0 3
0 2 1 1
cob=(2)
cfi=(51)
cfn=(2228)
calls=1 0 
0 331 102 52 5 16 1
0 11 9 0 1 2 0 1

fn=(3700) stan::mcmc::base_hmc<stan::model::model_base, stan::mcmc::diag_e_metric, stan::mcmc::expl_leapfrog, boost::random::mixmax_engine<17, 36u, 0l> >::get_sampler_diagnostic_names(std::vector<std::__cxx11::basic_string<char, std::char_traits<char>, std::allocator<char> >, std::allocator<std::__cxx11::basic_string<char, std::char_traits<char>, std::allocator<char> > > >&, std::vector<std::__cxx11::basic_string<char, std::char_traits<char>, std::allocator<char> >, std::allocator<std::__cxx11::basic_string<char, std::char_traits<char>, std::allocator<char> > > >&)
0 3 0 0 1 0 0 1
cfn=(3702) stan::mcmc::ps_point::get_param_names(std::vector<std::__cxx11::basic_string<char, std::char_traits<char>, std::allocator<char> >, std::allocator<std::__cxx11::basic_string<char, std::char_traits<char>, std::allocator<char> > > >&, std::vector<std::__cxx11::basic_string<char, std::char_traits<char>, std::allocator<char> >, std::allocator<std::__cxx11::basic_string<char, std::char_traits<char>, std::allocator<char> > > >&)
calls=1 0 
0 298550 80621 67510 23 1528 1516 18 0 1355

fn=(3768) stan::mcmc::base_hmc<stan::model::model_base, stan::mcmc::diag_e_metric, stan::mcmc::expl_leapfrog, boost::random::mixmax_engine<17, 36u, 0l> >::write_sampler_state_struct(stan::callbacks::structured_writer&)
0 17 3 8 1 2 0 1
cfn=(3770) stan::callbacks::json_writer<std::basic_ofstream<char, std::char_traits<char> >, std::default_delete<std::basic_ofstream<char, std::char_traits<char> > > >::begin_record()
calls=1 0 
0 8 3 1 2 0 0 2
0 9 3 3 1 1 0 1
cfn=(1886)
calls=1 0 
0 55 14 10 0 1 1
0 4 1 1
cfn=(3772) stan::callbacks::json_writer<std::basic_ofstream<char, std::char_traits<char> >, std::default_delete<std::basic_ofstream<char, std::char_traits<char> > > >::write(std::__cxx11::basic_string<char, std::char_traits<char>, std::allocator<char> > const&, double)
calls=1 0 
0 12 4 2 2 0 0 2
0 13 3 3 1 1 0 1
cfn=(1886)
calls=1 0 
0 57 14 10 0 1
0 5 0 2 1 0 0 1
cfn=(1886)
calls=1 0 
0 55 14 10 0 1 0 0 1
0 5 1 1
cfn=(3774) stan::callbacks::json_writer<std::basic_ofstream<char, std::char_traits<char> >, std::default_delete<std::basic_ofstream<char, std::char_traits<char> > > >::write(std::__cxx11::basic_string<char, std::char_traits<char>, std::allocator<char> > const&, std::__cxx11::basic_string<char, std::char_traits<char>, std::allocator<char> > const&)
calls=1 0 
0 26 11 9 2 0 0 2
0 13 4 2 1 1 0 1
cfn=(1886)
calls=1 0 
0 55 14 10 0 1
0 4 0 1 1 0 0 1
cfn=(3776) stan::callbacks::json_writer<std::basic_ofstream<char, std::char_traits<char> >, std::default_delete<std::basic_ofstream<char, std::char_traits<char> > > >::write(std::__cxx11::basic_string<char, std::char_traits<char>, std::allocator<char> > const&, Eigen::Matrix<double, -1, 1, 0, -1, 1> const&)
calls=1 0 
0 20 8 6 3 0 0 3
0 17 11 0 1 0 0 1
cfn=(3778) stan::callbacks::json_writer<std::basic_ofstream<char, std::char_traits<char> >, std::default_delete<std::basic_ofstream<char, std::char_traits<char> > > >::end_record()
calls=1 0 
0 21 9 5 3 0 0 3

fn=(3774)
0 26 11 9 2 0 0 2

fn=(3812) get_stan_profile_data[abi:cxx11]()
0 3 1 0 1 0 0 1

fn=(3830) cmdstan::arg_single_u_int::~arg_single_u_int()
0 84 15 15 3 7 0 3
cob=(2)
cfi=(51)
cfn=(1950)
calls=3 0 
0 318 97 44 0 2
0 24 6 0 1 0 0 1
cob=(2)
cfi=(51)
cfn=(1950)
calls=3 0 
0 297 93 45

fn=(3832) cmdstan::arg_sample_algo::~arg_sample_algo()
0 24 8 5 2 4 0 2
cfn=(3854) cmdstan::arg_fixed_param::~arg_fixed_param()
calls=1 0 
0 239 70 32 1 1 0 1
cfn=(3834) cmdstan::arg_hmc::~arg_hmc()
calls=1 0 
0 4036 1195 554 34 61 1 34
0 16 4 2
cob=(2)
cfi=(51)
cfn=(1950)
calls=1 0 
0 118 35 14
0 19 4 3 2 2 0 2
cob=(2)
cfi=(51)
cfn=(1950)
calls=1 0 
0 120 35 14
0 10 3
cob=(2)
cfi=(51)
cfn=(1950)
calls=1 0 
0 99 31 15

fn=(3834)
0 42 17 8 2 10 0 2
cfn=(3828) cmdstan::arg_single_real_bounded::~arg_single_real_bounded()
calls=1 0 
0 357 105 50 0 4
cfn=(3826) cmdstan::arg_single_real_pos::~arg_single_real_pos()
calls=1 0 
0 255 73 34 0 4
cfn=(3850) cmdstan::arg_single_string::~arg_single_string()
calls=1 0 
0 258 75 38 7 6 0 7
cfn=(3842) cmdstan::arg_metric::~arg_metric()
calls=1 0 
0 1134 334 150 10 15 0 10
cfn=(3836) cmdstan::arg_engine::~arg_engine()
calls=1 0 
0 1610 478 227 13 21 1 13
0 24 7 2 1 0 0 1
cob=(2)
cfi=(51)
cfn=(1950)
calls=1 0 
0 118 35 14
0 9 2 2 0 1
cob=(2)
cfi=(51)
cfn=(1950)
calls=1 0 
0 120 35 14
0 10 3 0 1 0 0 1
cob=(2)
cfi=(51)
cfn=(1950)
calls=1 0 
0 99 31 15

fn=(3864) cmdstan::arg_history_size::~arg_history_size()
0 24 4 6 1 4 0 1
cob=(2)
cfi=(51)
cfn=(1950)
calls=2 0 
0 240 70 28
0 38 8 6 2 2 0 2
cob=(2)
cfi=(51)
cfn=(1950)
calls=2 0 
0 240 70 28
0 16 4 0 1 0 0 1
cob=(2)
cfi=(51)
cfn=(1950)
calls=2 0 
0 296 88 36 0 1

fn=(3868) cmdstan::arg_variational::~arg_variational()
0 66 29 12 2 9 0 2
cfn=(3876) cmdstan::arg_variational_adapt::~arg_variational_adapt()
calls=1 0 
0 1149 330 140 4 10 0 4
cfn=(3826)
calls=2 0 
0 608 172 74 0 8
cfn=(3822) cmdstan::arg_single_int_pos::~arg_single_int_pos()
calls=5 0 
0 1889 538 230 0 23
cfn=(3870) cmdstan::arg_variational_algo::~arg_variational_algo()
calls=1 0 
0 1005 287 122 11 10 0 11
0 36 11 2
cob=(2)
cfi=(51)
cfn=(1950)
calls=1 0 
0 99 31 15
0 9 2 2 1 1 0 1
cob=(2)
cfi=(51)
cfn=(1950)
calls=1 0 
0 120 35 14
0 10 3
cob=(2)
cfi=(51)
cfn=(1950)
calls=1 0 
0 120 35 14

fn=(3870)
0 24 8 5 2 4 0 2
cfn=(3874) cmdstan::arg_variational_fullrank::~arg_variational_fullrank()
calls=1 0 
0 274 77 33 3 2 0 3
cfn=(3872) cmdstan::arg_variational_meanfield::~arg_variational_meanfield()
calls=1 0 
0 274 77 33 3 3 0 3
0 16 4 2 1 0 0 1
cob=(2)
cfi=(51)
cfn=(1950)
calls=1 0 
0 120 35 14
0 19 4 3 1 1 0 1
cob=(2)
cfi=(51)
cfn=(1950)
calls=1 0 
0 120 35 14
0 10 3 0 1 0 0 1
cob=(2)
cfi=(51)
cfn=(1950)
calls=1 0 
0 148 44 18

fn=(3876)
0 24 8 5 2 2 0 2
cfn=(3822)
calls=1 0 
0 304 86 37 0 4
cfn=(3820) cmdstan::arg_single_bool::~arg_single_bool()
calls=1 0 
0 427 122 52 0 4
0 15 4 2 1 0 0 1
cob=(2)
cfi=(51)
cfn=(1950)
calls=1 0 
0 120 35 14
0 9 2 2
cob=(2)
cfi=(51)
cfn=(1950)
calls=1 0 
0 120 35 14
0 10 3 0 1 0 0 1
cob=(2)
cfi=(51)
cfn=(1950)
calls=1 0 
0 120 35 14

fn=(4124)
0 9 3 2 1 2 0 1
cob=(2)
cfi=(51)
cfn=(4130) 0x000000000011fe10
calls=1 0 
0 131 30 12 9 7 1 9 0 1
0 1 0 1
cfn=(4140) 0x000000000002dfa0
calls=1 0 
0 5 1 0 2 0 0 2
0 3 2 1 1 0 0 1

fn=(4076) tbb::interface5::concurrent_unordered_map<std::pair<std::__cxx11::basic_string<char, std::char_traits<char>, std::allocator<char> >, std::thread::id>, stan::math::profile_info, stan::math::internal::hash_profile_key, stan::math::internal::equal_profile_key, tbb::tbb_allocator<std::pair<std::pair<std::__cxx11::basic_string<char, std::char_traits<char>, std::allocator<char> >, std::thread::id> const, stan::math::profile_info> > >::~concurrent_unordered_map()
0 472 67 5 3 9 0 3
cob=(2)
cfi=(51)
cfn=(4078) 0x0000000000120c30
calls=1 0 
0 116 34 14 1 1 0 1
0 16 3 5 2 2 0 2
cob=(2)
cfi=(51)
cfn=(4078)
calls=1 0 
0 95 30 15
0 6 5

fn=(3060) unsigned long& std::vector<unsigned long, std::allocator<unsigned long> >::emplace_back<unsigned long>(unsigned long&&)
0 54 12 12 3 0 0 2
cfn=(3062) void std::vector<unsigned long, std::allocator<unsigned long> >::_M_realloc_insert<unsigned long>(__gnu_cxx::__normal_iterator<unsigned long*, std::vector<unsigned long, std::allocator<unsigned long> > >, unsigned long&&)
calls=6 0 
0 1134 258 180 6 0 0 5
0 24 18

fn=(3594) stan::services::util::validate_diag_inv_metric(Eigen::Matrix<double, -1, 1, 0, -1, 1> const&, stan::callbacks::logger&)
0 19173 2023 4036 7 1 1 7

fn=(3596) stan::mcmc::var_adaptation::var_adaptation(int)
0 20 1 8 2 0 0 2
cfn=(1886)
calls=1 0 
0 55 14 10 0 2
0 7 2 3 1 0 1 1
cfn=(1908)
calls=1 0 
0 55 14 10 3
0 25 4 8 2 1 1 2
cob=(2)
cfi=(51)
cfn=(1020)
calls=1 0 
0 8067 3 8048
0 15 7 0 1 0 0 1
cob=(2)
cfi=(51)
cfn=(1020)
calls=1 0 
0 8067 3 8048
0 3 0 1 1 0 0 1
cfn=(3598)
calls=1 0 
0 462 73 61 3 1 1 3
0 7 2 1
cob=(2)
cfi=(51)
cfn=(1020)
calls=1 0 
0 8067 3 8048 3 1 125
0 5 0 3 1 0 0 1
cfn=(3598)
calls=1 0 
0 462 73 61 0 0 1
0 8 2 1
cob=(2)
cfi=(51)
cfn=(1020)
calls=1 0 
0 8067 3 8048 0 0 125
0 1

fn=(1018) std::_Hashtable<std::thread::id, std::pair<std::thread::id const, std::unique_ptr<stan::math::AutodiffStackSingleton<stan::math::vari_base, stan::math::chainable_alloc>, std::default_delete<stan::math::AutodiffStackSingleton<stan::math::vari_base, stan::math::chainable_alloc> > > >, std::allocator<std::pair<std::thread::id const, std::unique_ptr<stan::math::AutodiffStackSingleton<stan::math::vari_base, stan::math::chainable_alloc>, std::default_delete<stan::math::AutodiffStackSingleton<stan::math::vari_base, stan::math::chainable_alloc> > > > >, std::__detail::_Select1st, std::equal_to<std::thread::id>, std::hash<std::thread::id>, std::__detail::_Mod_range_hashing, std::__detail::_Default_ranged_hash, std::__detail::_Prime_rehash_policy, std::__detail::_Hashtable_traits<false, false, true> >::_M_rehash(unsigned long, unsigned long const&)
0 38 0 14 4 0 0 2
cob=(2)
cfi=(51)
cfn=(1004)
calls=2 0 
0 262 54 38 0 2 1 0 0 1
0 10 0 2 2 0 0 1
cob=(2)
cfi=(51)
cfn=(1020)
calls=2 0 
0 42 6 8 6 2 1 3
0 44 22 10 4 0 0 2

fn=(1838)
0 84 18 8 4 0 0 4
cfn=(1844) long double boost::math::tools::detail::evaluate_polynomial_c_imp<long double, long double>(long double const*, long double const&, std::integral_constant<int, 9> const*) [clone .isra.0]
calls=1 0 
0 30 11 0 1 3 0 1 3
0 5 1 3
cfn=(1844)
calls=1 0 
0 30 11 0 0 2 0 0 2
0 13 5 4 1 0 0 1
cob=(2)
cfi=(51)
cfn=(1846) 0x00000000001208c0
calls=1 0 
0 30 6 4 4 1 0 4
0 4 0 2
cob=(2)
cfi=(51)
cfn=(1850) 0x0000000000120610
calls=1 0 
0 43 10 3 4 1 0 4
0 14 5 4 1 0 0 1
cob=(2)
cfi=(51)
cfn=(1850)
calls=1 0 
0 43 10 3
0 17 1 6 1 0 0 1
cob=(2)
cfi=(51)
cfn=(1832)
calls=1 0 
0 70 16 5
0 20 5 3 1 0 0 1
cob=(2)
cfi=(51)
cfn=(1832)
calls=1 0 
0 70 16 5
0 9 5

fn=(1856) double boost::math::detail::lgamma_imp_final<double, boost::math::policies::policy<boost::math::policies::pole_error<(boost::math::policies::error_policy_type)1>, boost::math::policies::overflow_error<(boost::math::policies::error_policy_type)1>, boost::math::policies::promote_float<false>, boost::math::policies::promote_double<false>, boost::math::policies::default_policy, boost::math::policies::default_policy, boost::math::policies::default_policy, boost::math::policies::default_policy, boost::math::policies::default_policy, boost::math::policies::default_policy, boost::math::policies::default_policy, boost::math::policies::default_policy, boost::math::policies::default_policy>, boost::math::lanczos::lanczos13m53>(double, boost::math::policies::policy<boost::math::policies::pole_error<(boost::math::policies::error_policy_type)1>, boost::math::policies::overflow_error<(boost::math::policies::error_policy_type)1>, boost::math::policies::promote_float<false>, boost::math::policies::promote_double<false>, boost::math::policies::default_policy, boost::math::policies::default_policy, boost::math::policies::default_policy, boost::math::policies::default_policy, boost::math::policies::default_policy, boost::math::policies::default_policy, boost::math::policies::default_policy, boost::math::policies::default_policy, boost::math::policies::default_policy> const&, boost::math::lanczos::lanczos13m53 const&, int*) [clone .isra.0]
0 250 73 6 19 8 0 19 8

fn=(1884) _GLOBAL__sub_I__ZN7cmdstan8internal11from_stringERNSt7__cxx1112basic_stringIcSt11char_traitsIcESaIcEEERd
0 12 0 5 1 0 0 1
cob=(2)
cfi=(51)
cfn=(1326) 0x00000000001208a0
calls=1 0 
0 27 11 7 2
0 5 1 1 1 0 0 1
cob=(2)
cfi=(51)
cfn=(1324)
calls=1 0 
0 77 15 15
0 3 0 1
cfn=(1822)
calls=1 0 
0 70 16 12 5 0 1 5 0 1
0 5 1 1
cob=(2)
cfi=(51)
cfn=(1324)
calls=1 0 
0 77 15 15 0 0 1 0 0 1
0 3 0 1
cfn=(1822)
calls=1 0 
0 95 19 14 3 1 0 1 1
0 4 0 1 1 0 0 1
cob=(2)
cfi=(51)
cfn=(1324)
calls=1 0 
0 77 15 15
0 4 0 1
cfn=(1822)
calls=1 0 
0 70 16 12 0 0 1 0 0 1
0 4 0 1
cob=(2)
cfi=(51)
cfn=(1324)
calls=1 0 
0 77 15 15 0 0 1 0 0 1
0 4 0 1 1 0 0 1
cfn=(1822)
calls=1 0 
0 70 16 12
0 4 0 1
cob=(2)
cfi=(51)
cfn=(1324)
calls=1 0 
0 77 15 15
0 4 0 1
cfn=(1822)
calls=1 0 
0 70 16 12 0 0 1 0 0 1
0 4 0 1
cob=(2)
cfi=(51)
cfn=(1324)
calls=1 0 
0 77 15 15 0 0 1 0 0 1
0 4 0 1 1 0 0 1
cfn=(1822)
calls=1 0 
0 70 16 12
0 4 0 1
cob=(2)
cfi=(51)
cfn=(1324)
calls=1 0 
0 77 15 15
0 20 0 14 2 0 2 2 0 2
cfn=(992) stan::math::ad_tape_observer::on_scheduler_entry(bool)
calls=1 0 
0 921 189 137 80 19 2 0 0 1
0 5 1 1 1 0 0 1
cob=(2)
cfi=(51)
cfn=(1030) 0x0000000000120120
calls=1 0 
0 356 83 63 20 8 2 0 0 1
0 4 0 1
cob=(2)
cfi=(51)
cfn=(1324)
calls=1 0 
0 77 15 15 0 0 1 0 0 1
0 33 16 1 4 0 0 3

fn=(1900) main
0 3 0 2 1 0 0 1
cfn=(1902) cmdstan::command(int, char const**)
calls=1 0 
0 13948087607 3448274560 2239867530 2894869 305424096 144639277 196214 60016 177429
0 5 2 0 1 0 0 1

fn=(2112)
0 287 14 175 7 0 14 3 0 14
cfn=(1886)
calls=7 0 
0 420 98 70
0 56 7 14 2 0 0 1
cob=(2)
cfi=(51)
cfn=(1912)
calls=7 0 
0 371 77 56
0 49 0 14
cfn=(1886)
calls=7 0 
0 399 98 70
0 21 0 7 2 0 0 1
cob=(2)
cfi=(51)
cfn=(1940)
calls=7 0 
0 378 98 63
0 49 7 14
cob=(2)
cfi=(51)
cfn=(1824)
calls=7 0 
0 112 21
0 42 7 7 2 0 0 1
cob=(2)
cfi=(51)
cfn=(1912)
calls=7 0 
0 536 105 77
0 14 0 7
cob=(2)
cfi=(51)
cfn=(1824)
calls=7 0 
0 245 50 0 3 13 0 0 12
0 42 7 7
cob=(2)
cfi=(51)
cfn=(1912)
calls=7 0 
0 2374 521 387 5 3 13 0 0 13
0 42 14 7
cob=(2)
cfi=(51)
cfn=(1912)
calls=7 0 
0 2443 518 392 0 0 6 0 0 6
0 35 0 14 3 0 0 1
cfn=(1886)
calls=7 0 
0 399 98 70 0 2 0 0 1
0 21 0 7
cob=(2)
cfi=(51)
cfn=(1940)
calls=7 0 
0 378 98 63
0 112 70 7 3 0 0 1

fn=(2250) cmdstan::arg_single_real_bounded::arg_single_real_bounded(char const*, char const*, double, double, double)
0 36 2 22 3 0 0 2
cfn=(2252)
calls=2 0 
0 546 122 122 14 0 6 8 0 6
0 8 0 4
cob=(2)
cfi=(51)
cfn=(1824)
calls=2 0 
0 32 6 0 2
0 12 2 2
cob=(2)
cfi=(51)
cfn=(1912)
calls=2 0 
0 154 30 22 1
0 4 0 2
cob=(2)
cfi=(51)
cfn=(1824)
calls=2 0 
0 52 9 0 0 1
0 12 2 2 1 0 0 1
cob=(2)
cfi=(51)
cfn=(1912)
calls=2 0 
0 692 148 110 7 0 2 0 0 2
0 20 4 2 0 1
cfn=(2254) std::__cxx11::basic_string<char, std::char_traits<char>, std::allocator<char> > __gnu_cxx::__to_xstring<std::__cxx11::basic_string<char, std::char_traits<char>, std::allocator<char> >, char>(int (*)(char*, unsigned long, char const*, __va_list_tag*), unsigned long, char const*, ...) [clone .constprop.0]
calls=2 0 
0 3846 750 604 62 5 0 15 1
0 18 2 2 2 0 0 1
cob=(2)
cfi=(51)
cfn=(1970)
calls=2 0 
0 100 22 14 1 1 0 0 1
0 6 0 4
cob=(2)
cfi=(51)
cfn=(1824)
calls=2 0 
0 32 6 0 1
0 18 4 2 2 0 0 1
cob=(2)
cfi=(51)
cfn=(1970)
calls=2 0 
0 716 150 110 0 0 1 0 0 1
0 16 2 2 2 0 0 1
cob=(2)
cfi=(51)
cfn=(1970)
calls=2 0 
0 500 119 78 2 0 1 0 0 1
0 18 2 2
cfn=(2254)
calls=2 0 
0 3783 735 593 6 0 0 6
0 8 4 2 2 0 0 1
cob=(2)
cfi=(51)
cfn=(1970)
calls=2 0 
0 94 24 14
0 6 0 2
cob=(2)
cfi=(51)
cfn=(1944)
calls=2 0 
0 433 98 69 6 1 1 0 0 1
0 22 6 2 1 0 0 1
cob=(2)
cfi=(51)
cfn=(1950)
calls=2 0 
0 198 62 30
0 4 0 2
cob=(2)
cfi=(51)
cfn=(2116)
calls=2 0 
0 1708 524 396 25 1
0 8 2 2
cob=(2)
cfi=(51)
cfn=(2120)
calls=2 0 
0 4570 1029 710 41
0 6 0 2
cob=(2)
cfi=(51)
cfn=(2220)
calls=2 0 
0 209 41 32 8
0 18 4 6 2 0 0 1
cob=(2)
cfi=(51)
cfn=(1940)
calls=2 0 
0 96 25 16 3
0 18 6 6 1 0 0 1
cob=(2)
cfi=(51)
cfn=(2228)
calls=2 0 
0 208 66 46 9
0 22 18

fn=(2264) cmdstan::arg_single_u_int::arg_single_u_int(char const*, char const*, unsigned int)
0 129 6 78 4 0 7 4 0 7
cfn=(1886)
calls=3 0 
0 180 42 30
0 24 3 6
cob=(2)
cfi=(51)
cfn=(1912)
calls=3 0 
0 159 33 24 1
0 21 0 6 1 0 0 1
cfn=(1886)
calls=3 0 
0 165 42 30
0 9 0 3
cob=(2)
cfi=(51)
cfn=(1940)
calls=3 0 
0 156 42 27
0 21 3 6 1 0 0 1
cob=(2)
cfi=(51)
cfn=(1824)
calls=3 0 
0 48 9
0 18 3 3
cob=(2)
cfi=(51)
cfn=(1912)
calls=3 0 
0 230 45 33
0 9 3 3
cob=(2)
cfi=(51)
cfn=(1824)
calls=3 0 
0 72 12 0 0 2 0 0 1
0 18 3 3 1 0 0 1
cob=(2)
cfi=(51)
cfn=(1912)
calls=3 0 
0 894 198 143 2 0 2 0 0 2
0 15 0 6
cfn=(1886)
calls=3 0 
0 171 42 30
0 6 0 3
cob=(2)
cfi=(51)
cfn=(1824)
calls=3 0 
0 48 9
0 24 3 3 1 0 0 1
cob=(2)
cfi=(51)
cfn=(1970)
calls=3 0 
0 146 33 21
0 18 3 3
cob=(2)
cfi=(51)
cfn=(1944)
calls=3 0 
0 186 54 33 1
0 33 3 6 2 0 0 2
cob=(2)
cfi=(51)
cfn=(2102)
calls=3 0 
0 147 27 24 5
0 36 6 6 2 0 0 2
cob=(2)
cfi=(51)
cfn=(1940)
calls=3 0 
0 171 42 27
0 72 36 6 2 2 0 2 2

fn=(2308)
0 66 9 24 2 0 0 2
cob=(2)
cfi=(51)
cfn=(2298)
calls=3 0 
0 210 51 18 0 1 1 0 1
0 51 30 3 2 0 0 2
cob=(2)
cfi=(51)
cfn=(2298)
calls=3 0 
0 210 51 18 0 1 0 0 1
0 48 3 21 1 0 0 1
cfn=(2292)
calls=3 0 
0 984 237 161 0 0 1
0 9 0 3
cfn=(2310)
calls=3 0 
0 121 29 3 2 1 0 2
0 36 6 3 2 0 0 2
cfn=(2312)
calls=3 0 
0 27 9 3 1 0 0 1
0 9 3 6
cob=(2)
cfi=(51)
cfn=(2314)
calls=3 0 
0 18 12 0 2 1 0 2
0 24 6 9
cob=(2)
cfi=(51)
cfn=(2318) 0x00000000001207a0
calls=3 0 
0 365 62 33 12 4 0 12
0 51 21 6 2 2 0 2
cfn=(2338) cmdstan::arg_single_int_nonneg::is_valid(int)
calls=2 0 
0 10 2 0 1 0 0 1
cfn=(2324) cmdstan::arg_id::is_valid(int)
calls=1 0 
0 5 1 0 1 0 0 1
0 24 6 6 1 0 3 1

fn=(2336)
0 33 3 17 3 0 0 3
cfn=(2292)
calls=1 0 
0 337 81 55
0 4 0 2
cob=(2)
cfi=(51)
cfn=(2298)
calls=1 0 
0 70 17 6 0 1
0 24 12 2 3 0 0 3
cob=(2)
cfi=(51)
cfn=(2298)
calls=1 0 
0 70 17 6
0 6 1 1 1 0 0 1
cfn=(2310)
calls=1 0 
0 45 11 1
0 4 0 1
cfn=(2312)
calls=1 0 
0 9 3 1
0 16 7 4 1 0 0 1
cfn=(1908)
calls=1 0 
0 57 14 10
0 3 1 1 1 0 0 1
cfn=(2310)
calls=1 0 
0 37 9 1
0 20 10 2 1 1 0 1
cfn=(2326)
calls=1 0 
0 5089 1254 743 13 12 6 11 1
0 2

fn=(2340)
0 22 3 8 2 0 0 2
cob=(2)
cfi=(51)
cfn=(2298)
calls=1 0 
0 70 17 6
0 18 10 1 2 0 0 2
cob=(2)
cfi=(51)
cfn=(2298)
calls=1 0 
0 70 17 6
0 18 1 8 1 0 0 1
cfn=(2292)
calls=1 0 
0 296 75 51
0 3 0 1
cfn=(2310)
calls=1 0 
0 37 9 1
0 11 3 1 2 0 0 2
cfn=(2312)
calls=1 0 
0 9 3 1
0 3 0 1
cfn=(2342) cmdstan::internal::from_string(std::__cxx11::basic_string<char, std::char_traits<char>, std::allocator<char> >&, bool&)
calls=1 0 
0 285 69 35 5 3 1 3 1
0 8 3 1 0 1 1

fn=(3934) std::vector<stan::callbacks::unique_stream_writer<std::basic_ofstream<char, std::char_traits<char> >, std::default_delete<std::basic_ofstream<char, std::char_traits<char> > > >, std::allocator<stan::callbacks::unique_stream_writer<std::basic_ofstream<char, std::char_traits<char> >, std::default_delete<std::basic_ofstream<char, std::char_traits<char> > > > > >::~vector()
0 44 10 11 3 5 2 3
cob=(7)
cfi=(175)
cfn=(3936) std::basic_ofstream<char, std::char_traits<char> >::~basic_ofstream()
calls=1 0 
0 16890 4323 2560 114 222 25 8 1
0 80 26 0 3 7 0 3
cob=(2)
cfi=(51)
cfn=(1950)
calls=2 0 
0 198 62 30 0 1
0 8 0 0 1 0 0 1

fn=(3950) std::_Sp_counted_ptr_inplace<stan::json::json_data, std::allocator<stan::json::json_data>, (__gnu_cxx::_Lock_policy)2>::_M_destroy()
0 3
cob=(2)
cfi=(51)
cfn=(1950)
calls=1 0 
0 148 44 18 0 1

fn=(3968) std::_Sp_counted_ptr<boost::regex_traits_wrapper<boost::regex_traits<char, boost::cpp_regex_traits<char> > >*, (__gnu_cxx::_Lock_policy)2>::_M_destroy()
0 3 0 0 1 0 0 1
cob=(2)
cfi=(51)
cfn=(1950)
calls=1 0 
0 120 35 14

fn=(2594) cmdstan::list_argument::print_value[abi:cxx11]()
0 204 72 36 8 22 0 2
cfn=(1908)
calls=12 0 
0 693 168 120 4
0 36 24

fn=(2598) std::__cxx11::basic_string<char, std::char_traits<char>, std::allocator<char> > std::operator+<char, std::char_traits<char>, std::allocator<char> >(std::__cxx11::basic_string<char, std::char_traits<char>, std::allocator<char> >&&, char const*)
0 963 0 428 15 0 0 1
cob=(2)
cfi=(51)
cfn=(1824)
calls=107 0 
0 1712 321 0 22 8 0 0 3
0 856 107 107 3 0 0 1
cob=(2)
cfi=(51)
cfn=(1970)
calls=107 0 
0 9993 2269 1441 2
0 2033 749 696 6 0 0 1

fn=(2610) stan::callbacks::stream_writer::operator()(std::__cxx11::basic_string<char, std::char_traits<char>, std::allocator<char> > const&)
0 360 120 120 2 1 0 2
cob=(2)
cfi=(51)
cfn=(2612)
calls=40 0 
0 5314 2021 1064 42 28 1 10 5
0 160 80 40
cob=(2)
cfi=(51)
cfn=(2612)
calls=40 0 
0 9390 2808 1668 34 7 2 13 1 2
0 440 200 40 1 2 0 1
cob=(2)
cfi=(51)
cfn=(2632)
calls=40 0 
0 4770 1818 784 32 13 0 7 4
0 200 80
cob=(2)
cfi=(51)
cfn=(2644)
calls=40 0 
0 10954 3541 1744 68 10 0 25 3

fn=(2696) cmdstan::arg_seed::print_value[abi:cxx11]()
0 150 9 21 11 3 0 4
cob=(2)
cfi=(51)
cfn=(2102)
calls=3 0 
0 135 27 24
0 282 48 24 12 5 0 5 2

fn=(2728) cmdstan::file::safe_open(std::__cxx11::basic_string<char, std::char_traits<char>, std::allocator<char> > const&)
0 17 2 8 1 0 0 1
cob=(2)
cfi=(51)
cfn=(2730) 0x000000000011ffe0
calls=1 0 
0 87 13 30 3 1
0 18 4 9 2 2 0 2
cob=(2)
cfi=(51)
cfn=(2732) 0x0000000000120750
calls=1 0 
0 223 76 44 16 2 0 1
0 7 0 3 1 0 0 1
cob=(2)
cfi=(51)
cfn=(2734) 0x00000000001204d0
calls=1 0 
0 4211 1232 623 18 45 12 18 3
0 3 0 1
cob=(2)
cfi=(51)
cfn=(2732)
calls=1 0 
0 223 76 44
0 4 0 1
cob=(2)
cfi=(51)
cfn=(2760) 0x0000000000120440
calls=1 0 
0 4752 1356 725 77 74 9 21 10 1
0 7 2 1 1 1 0 1
cob=(2)
cfi=(51)
cfn=(2796) 0x0000000000120a50
calls=1 0 
0 9 4 1 2 1 0 2
0 3 0 1
cob=(2)
cfi=(51)
cfn=(2298)
calls=1 0 
0 48 10 5 0 1
0 16 10 0 1 0 0 1

fn=(2872) boost::range_value<std::vector<std::__cxx11::basic_string<char, std::char_traits<char>, std::allocator<char> >, std::allocator<std::__cxx11::basic_string<char, std::char_traits<char>, std::allocator<char> > > > >::type boost::algorithm::join<std::vector<std::__cxx11::basic_string<char, std::char_traits<char>, std::allocator<char> >, std::allocator<std::__cxx11::basic_string<char, std::char_traits<char>, std::allocator<char> > > >, char [2]>(std::vector<std::__cxx11::basic_string<char, std::char_traits<char>, std::allocator<char> >, std::allocator<std::__cxx11::basic_string<char, std::char_traits<char>, std::allocator<char> > > > const&, char const (&) [2])
0 6522 1238 2803 2 0 0 2
cob=(2)
cfi=(51)
cfn=(1912)
calls=307 0 
0 23262 4578 3359 13
0 3412 1872 0 1 0 0 1

fn=(2874) void std::vector<std::__cxx11::basic_string<char, std::char_traits<char>, std::allocator<char> >, std::allocator<std::__cxx11::basic_string<char, std::char_traits<char>, std::allocator<char> > > >::_M_realloc_insert<std::__cxx11::basic_string<char, std::char_traits<char>, std::allocator<char> > const&>(__gnu_cxx::__normal_iterator<std::__cxx11::basic_string<char, std::char_traits<char>, std::allocator<char> >*, std::vector<std::__cxx11::basic_string<char, std::char_traits<char>, std::allocator<char> >, std::allocator<std::__cxx11::basic_string<char, std::char_traits<char>, std::allocator<char> > > > >, std::__cxx11::basic_string<char, std::char_traits<char>, std::allocator<char> > const&)
0 42 4 11 3 0 0 3
cfn=(1908)
calls=1 0 
0 55 14 10 1
0 24 8 5 5 0 0 5
cob=(2)
cfi=(51)
cfn=(1004)
calls=1 0 
0 59 15 8
0 14 2 1 1 0 0 1

fn=(2902)
0 50 16 0 4 0 0 4

fn=(2984) boost::re_detail_500::basic_regex_creator<char, boost::regex_traits<char, boost::cpp_regex_traits<char> > >::append_set(boost::re_detail_500::basic_char_set<char, boost::regex_traits<char, boost::cpp_regex_traits<char> > > const&, std::integral_constant<bool, true>*) [clone .isra.0]
0 34 2 18 2 0 0 2
cfn=(2968) boost::re_detail_500::basic_regex_creator<char, boost::regex_traits<char, boost::cpp_regex_traits<char> > >::append_state(boost::re_detail_500::syntax_element_type, unsigned long)
calls=2 0 
0 96 24 24 0 0 1
0 2663 518 74 2 0 8 2
cob=(2)
cfi=(51)
cfn=(2988) 0x00000000001205b0
calls=1 0 
0 18 8 0 3 0 0 2
0 271 89 35 13 0 0 13

fn=(2994) boost::re_detail_500::basic_regex_parser<char, boost::regex_traits<char, boost::cpp_regex_traits<char> > >::parse_repeat(unsigned long, unsigned long)
0 42 8 10 5 0 0 5
cfn=(2996) boost::re_detail_500::basic_regex_creator<char, boost::regex_traits<char, boost::cpp_regex_traits<char> > >::insert_state(long, boost::re_detail_500::syntax_element_type, unsigned long)
calls=1 0 
0 111 28 23 10 2 4 4
0 11 3 4 1 0 0 1
cfn=(2968)
calls=1 0 
0 48 12 12
0 31 12 3 3 0 0 3

fn=(2998) boost::re_detail_500::basic_regex_parser<char, boost::regex_traits<char, boost::cpp_regex_traits<char> > >::unwind_alts(long)
0 28 12 3 4 0 0 4

fn=(3004) boost::re_detail_500::basic_regex_creator<char, boost::regex_traits<char, boost::cpp_regex_traits<char> > >::create_startmaps(boost::re_detail_500::re_syntax_base*)
0 114 21 16 6 0 0 6
cfn=(3008) boost::re_detail_500::basic_regex_creator<char, boost::regex_traits<char, boost::cpp_regex_traits<char> > >::create_startmap(boost::re_detail_500::re_syntax_base*, unsigned char*, unsigned int*, unsigned char)
calls=1 0 
0 1670 279 82 12 1 0 12 1
0 9 2 2 1 0 0 1
cfn=(3008)
calls=1 0 
0 133 40 37 6 0 0 6
0 30 19 1 2 0 0 2
cob=(2)
cfi=(51)
cfn=(1950)
calls=1 0 
0 99 31 15
0 13 3 3 2 0 0 2
cfn=(3006) void std::vector<std::pair<bool, boost::re_detail_500::re_syntax_base*>, std::allocator<std::pair<bool, boost::re_detail_500::re_syntax_base*> > >::_M_realloc_insert<std::pair<bool, boost::re_detail_500::re_syntax_base*> >(__gnu_cxx::__normal_iterator<std::pair<bool, boost::re_detail_500::re_syntax_base*>*, std::vector<std::pair<bool, boost::re_detail_500::re_syntax_base*>, std::allocator<std::pair<bool, boost::re_detail_500::re_syntax_base*> > > >, std::pair<bool, boost::re_detail_500::re_syntax_base*>&&)
calls=1 0 
0 125 27 20 6 0 0 6
0 1 0 0 1 0 0 1

fn=(3006)
0 54 10 12 5 0 0 5
cob=(2)
cfi=(51)
cfn=(1004)
calls=1 0 
0 59 15 8
0 12 2 0 1 0 0 1

fn=(3092)
0 1380 291 307 4 6 0 3
cob=(2)
cfi=(51)
cfn=(2306)
calls=83 0 
0 1188 346 0 0 5
0 1070 145 31 3 0 0 1
cob=(2)
cfi=(51)
cfn=(2306)
calls=31 0 
0 492 126
0 601 255 0 1 0 0 1

fn=(3104) std::_Rb_tree<std::__cxx11::basic_string<char, std::char_traits<char>, std::allocator<char> >, std::pair<std::__cxx11::basic_string<char, std::char_traits<char>, std::allocator<char> > const, std::pair<std::vector<int, std::allocator<int> >, std::vector<unsigned long, std::allocator<unsigned long> > > >, std::_Select1st<std::pair<std::__cxx11::basic_string<char, std::char_traits<char>, std::allocator<char> > const, std::pair<std::vector<int, std::allocator<int> >, std::vector<unsigned long, std::allocator<unsigned long> > > > >, std::less<std::__cxx11::basic_string<char, std::char_traits<char>, std::allocator<char> > >, std::allocator<std::pair<std::__cxx11::basic_string<char, std::char_traits<char>, std::allocator<char> > const, std::pair<std::vector<int, std::allocator<int> >, std::vector<unsigned long, std::allocator<unsigned long> > > > > >::_M_get_insert_unique_pos(std::__cxx11::basic_string<char, std::char_traits<char>, std::allocator<char> > const&)
0 30 10 8 5 0 0 5

fn=(3116)
0 28 7 15 2 0 0 2
cob=(2)
cfi=(51)
cfn=(3118) 0x0000000000120310
calls=5 0 
0 75 29 0 2 1 0 1
0 54 15 19 2 0 0 2
cfn=(3122) void std::__introsort_loop<char*, long, __gnu_cxx::__ops::_Iter_less_iter>(char*, char*, long, __gnu_cxx::__ops::_Iter_less_iter) [clone .isra.0]
calls=2 0 
0 30 12 10 2 0 0 2
0 24 4 8 1 0 0 1
cob=(2)
cfi=(51)
cfn=(1888)
calls=2 0 
0 36 6 2
0 18 2 6 1 0 0 1
cob=(2)
cfi=(51)
cfn=(1888)
calls=2 0 
0 36 6 2
0 20 2 8 1 0 0 1
cob=(2)
cfi=(51)
cfn=(1888)
calls=2 0 
0 36 6 2
0 18 8 6 1 0 0 1
cfn=(3124) std::vector<std::__cxx11::basic_string<char, std::char_traits<char>, std::allocator<char> >, std::allocator<std::__cxx11::basic_string<char, std::char_traits<char>, std::allocator<char> > > >& boost::algorithm::iter_split<std::vector<std::__cxx11::basic_string<char, std::char_traits<char>, std::allocator<char> >, std::allocator<std::__cxx11::basic_string<char, std::char_traits<char>, std::allocator<char> > > >, std::__cxx11::basic_string<char, std::char_traits<char>, std::allocator<char> > const&, boost::algorithm::detail::token_finderF<boost::algorithm::detail::is_any_ofF<char> > >(std::vector<std::__cxx11::basic_string<char, std::char_traits<char>, std::allocator<char> >, std::allocator<std::__cxx11::basic_string<char, std::char_traits<char>, std::allocator<char> > > >&, std::__cxx11::basic_string<char, std::char_traits<char>, std::allocator<char> > const&, boost::algorithm::detail::token_finderF<boost::algorithm::detail::is_any_ofF<char> >) [clone .isra.0]
calls=2 0 
0 5037 1150 844 75 1 2 61 0 2
0 52 14 16 3 0 0 3
cob=(2)
cfi=(51)
cfn=(1970)
calls=2 0 
0 98 22 14 5
0 14 2 6 1 0 0 1
cfn=(3058) std::_Rb_tree<std::__cxx11::basic_string<char, std::char_traits<char>, std::allocator<char> >, std::pair<std::__cxx11::basic_string<char, std::char_traits<char>, std::allocator<char> > const, stan::json::array_dims>, std::_Select1st<std::pair<std::__cxx11::basic_string<char, std::char_traits<char>, std::allocator<char> > const, stan::json::array_dims> >, std::less<std::__cxx11::basic_string<char, std::char_traits<char>, std::allocator<char> > >, std::allocator<std::pair<std::__cxx11::basic_string<char, std::char_traits<char>, std::allocator<char> > const, stan::json::array_dims> > >::find(std::__cxx11::basic_string<char, std::char_traits<char>, std::allocator<char> > const&) const
calls=2 0 
0 309 68 20 1
0 55 15 4 1 0 0 1
cob=(2)
cfi=(51)
cfn=(2306)
calls=4 0 
0 90 20
0 66 9 2 2 0 0 2
cob=(2)
cfi=(51)
cfn=(2306)
calls=2 0 
0 42 8
0 46 6 2 2 0 0 2
cob=(2)
cfi=(51)
cfn=(1970)
calls=2 0 
0 68 16 10 0 1
0 28 14 6 1 0 0 1
cfn=(3092)
calls=2 0 
0 324 73 21
0 18 2 2
cfn=(3100) std::map<std::__cxx11::basic_string<char, std::char_traits<char>, std::allocator<char> >, std::pair<std::vector<int, std::allocator<int> >, std::vector<unsigned long, std::allocator<unsigned long> > >, std::less<std::__cxx11::basic_string<char, std::char_traits<char>, std::allocator<char> > >, std::allocator<std::pair<std::__cxx11::basic_string<char, std::char_traits<char>, std::allocator<char> > const, std::pair<std::vector<int, std::allocator<int> >, std::vector<unsigned long, std::allocator<unsigned long> > > > > >::operator[](std::__cxx11::basic_string<char, std::char_traits<char>, std::allocator<char> > const&)
calls=2 0 
0 330 71 25
0 18 10 2 1 0 0 1
cfn=(2344)
calls=2 0 
0 254 78 36
0 10 0 2
cob=(2)
cfi=(51)
cfn=(1950)
calls=2 0 
0 198 62 30
0 8 2 2 1 0 0 1
cfn=(3064) std::map<std::__cxx11::basic_string<char, std::char_traits<char>, std::allocator<char> >, stan::json::array_dims, std::less<std::__cxx11::basic_string<char, std::char_traits<char>, std::allocator<char> > >, std::allocator<std::pair<std::__cxx11::basic_string<char, std::char_traits<char>, std::allocator<char> > const, stan::json::array_dims> > >::operator[](std::__cxx11::basic_string<char, std::char_traits<char>, std::allocator<char> > const&)
calls=2 0 
0 327 72 26 2
0 39 10 3 1 0 0 1
cfn=(3134)
calls=3 0 
0 639 141 101 6 0 0 6
0 14 9 0 1 0 0 1

fn=(3122)
0 30 12 10 2 0 0 2

fn=(3198) std::vector<stan::callbacks::unique_stream_writer<std::basic_ofstream<char, std::char_traits<char> >, std::default_delete<std::basic_ofstream<char, std::char_traits<char> > > >, std::allocator<stan::callbacks::unique_stream_writer<std::basic_ofstream<char, std::char_traits<char> >, std::default_delete<std::basic_ofstream<char, std::char_traits<char> > > > > >::reserve(unsigned long)
0 62 6 16 3 0 0 3
cob=(2)
cfi=(51)
cfn=(1004)
calls=2 0 
0 727 111 85 2 8 5
0 10 0 2
cfn=(3200) stan::callbacks::unique_stream_writer<std::basic_ofstream<char, std::char_traits<char> >, std::default_delete<std::basic_ofstream<char, std::char_traits<char> > > >* std::__uninitialized_copy<false>::__uninit_copy<std::move_iterator<stan::callbacks::unique_stream_writer<std::basic_ofstream<char, std::char_traits<char> >, std::default_delete<std::basic_ofstream<char, std::char_traits<char> > > >*>, stan::callbacks::unique_stream_writer<std::basic_ofstream<char, std::char_traits<char> >, std::default_delete<std::basic_ofstream<char, std::char_traits<char> > > >*>(std::move_iterator<stan::callbacks::unique_stream_writer<std::basic_ofstream<char, std::char_traits<char> >, std::default_delete<std::basic_ofstream<char, std::char_traits<char> > > >*>, std::move_iterator<stan::callbacks::unique_stream_writer<std::basic_ofstream<char, std::char_traits<char> >, std::default_delete<std::basic_ofstream<char, std::char_traits<char> > > >*>, stan::callbacks::unique_stream_writer<std::basic_ofstream<char, std::char_traits<char> >, std::default_delete<std::basic_ofstream<char, std::char_traits<char> > > >*)
calls=2 0 
0 58 20 18 3 0 1 3
0 50 20 4 2 0 0 2

fn=(3378) auto cmdstan::get_arg_val<cmdstan::singleton_argument<int>, cmdstan::argument_parser&, char const (&) [7], char const (&) [7], char const (&) [10], char const (&) [4], char const (&) [7], char const (&) [5], char const (&) [10]>(cmdstan::argument_parser&, char const (&) [7], char const (&) [7], char const (&) [10], char const (&) [4], char const (&) [7], char const (&) [5], char const (&) [10])
0 27 3 13 3 0 0 3
cob=(2)
cfi=(51)
cfn=(1824)
calls=1 0 
0 16 3
0 4 1 1
cfn=(1886)
calls=1 0 
0 57 14 10
0 3 2 1
cfn=(2348)
calls=1 0 
0 110 31 16
0 11 2 5 1 0 0 1
cob=(2)
cfi=(51)
cfn=(1824)
calls=1 0 
0 16 3
0 5 1 1
cfn=(1886)
calls=1 0 
0 57 14 10
0 4 1 1
cfn=(2576)
calls=1 0 
0 135 40 18
0 10 2 4 1 0 0 1
cob=(2)
cfi=(51)
cfn=(1824)
calls=1 0 
0 16 3
0 4 0 1
cfn=(1886)
calls=1 0 
0 55 14 10
0 4 1 1
cfn=(2580)
calls=1 0 
0 362 95 51
0 9 2 3 1 0 0 1
cob=(2)
cfi=(51)
cfn=(1824)
calls=1 0 
0 16 3
0 4 0 1
cfn=(1886)
calls=1 0 
0 60 14 10
0 4 1 1 1 0 0 1
cfn=(2576)
calls=1 0 
0 138 40 18
0 9 2 3
cob=(2)
cfi=(51)
cfn=(1824)
calls=1 0 
0 16 3
0 4 0 1 1 0 0 1
cfn=(1886)
calls=1 0 
0 57 14 10
0 4 1 1
cfn=(2580)
calls=1 0 
0 110 30 16
0 9 2 3 1 1 0 1
cob=(2)
cfi=(51)
cfn=(1824)
calls=1 0 
0 16 3
0 4 0 1
cfn=(1886)
calls=1 0 
0 57 14 10
0 4 1 1
cfn=(2576)
calls=1 0 
0 135 40 18
0 3 1 1
cfn=(2584)
calls=1 0 
0 221 59 36 0 3
0 26 9 1 3 0 0 3
cob=(2)
cfi=(51)
cfn=(2280)
calls=1 0 
0 217 66 36
0 12 10 0 1 1 0 1

fn=(3400) int stan::services::sample::hmc_nuts_diag_e_adapt<stan::model::model_base>(stan::model::model_base&, stan::io::var_context const&, stan::io::var_context const&, unsigned int, unsigned int, double, int, int, int, bool, int, double, double, int, double, double, double, double, unsigned int, unsigned int, unsigned int, stan::callbacks::interrupt&, stan::callbacks::logger&, stan::callbacks::writer&, stan::callbacks::writer&, stan::callbacks::writer&, stan::callbacks::structured_writer&)
0 69 8 43 5 0 8 5
cfn=(3402) boost::random::mixmax_engine<17, 36u, 0l>::apply_bigskip(unsigned long*, unsigned long*, unsigned int, unsigned int, unsigned int, unsigned int) [clone .isra.0]
calls=1 0 
0 270572 32198 27355 40 280 298 37 272 15
0 15 1 7 2 1 2 2
cfn=(3404) std::vector<double, std::allocator<double> > stan::services::util::initialize<true, stan::model::model_base, stan::io::var_context, boost::random::mixmax_engine<17, 36u, 0l> >(stan::model::model_base&, stan::io::var_context const&, boost::random::mixmax_engine<17, 36u, 0l>&, double, bool, stan::callbacks::logger&, stan::callbacks::writer&)
calls=1 0 
0 2894762 734393 474808 1277 40360 20954 564 23 14821
0 15 5 4 2 3 1 1
cfn=(3578) stan::services::util::read_diag_inv_metric(stan::io::var_context const&, unsigned long, stan::callbacks::logger&)
calls=1 0 
0 11156 2808 1605 77 150 187 33
0 19 3 5 2 1 1 2
cob=(2)
cfi=(51)
cfn=(3136)
calls=1 0 
0 6 2 0 0 1
0 3 0 1
cfn=(3594)
calls=1 0 
0 19173 2023 4036 7 1 1 7
0 10 2 5 1 0 1 1
cfn=(3580) Eigen::PlainObjectBase<Eigen::Matrix<double, -1, 1, 0, -1, 1> >::resize(long)
calls=1 0 
0 468 73 61 0 1
0 7 0 4 1 0 2 1
cfn=(3580)
calls=1 0 
0 468 73 61 0 0 1
0 7 0 4 1 0 0 1
cfn=(3580)
calls=1 0 
0 468 73 61 0 0 1
0 8 0 5
cfn=(3580)
calls=1 0 
0 468 73 61 0 0 1
0 2079 13 523 7 6 128 7 2
cfn=(3596)
calls=1 0 
0 33393 204 32359 17 5 254 11
0 9 0 3
cfn=(3600) void Eigen::internal::call_dense_assignment_loop<Eigen::Matrix<double, -1, 1, 0, -1, 1>, Eigen::Matrix<double, -1, 1, 0, -1, 1>, Eigen::internal::assign_op<double, double> >(Eigen::Matrix<double, -1, 1, 0, -1, 1>&, Eigen::Matrix<double, -1, 1, 0, -1, 1> const&, Eigen::internal::assign_op<double, double> const&)
calls=1 0 
0 2541 511 506 3 61 30 3
0 17 6 3 2 4 1 2
cob=(2)
cfi=(51)
cfn=(3448) 0x00000000001203c0
calls=1 0 
0 56 13 0 8 6 0 0 1
0 30 10 5 2 2 1 2
cfn=(3602) stan::mcmc::windowed_adaptation::set_window_params(unsigned int, unsigned int, unsigned int, unsigned int, stan::callbacks::logger&)
calls=1 0 
0 15170 4379 2581 157 163 52 31 8
0 16 4 5 2 0 1 2
cfn=(3618)
calls=1 0 
0 2541 511 506 3 126 127 3
0 4 1 1
cfn=(3620) stan::mcmc::ps_point::ps_point(stan::mcmc::ps_point const&)
calls=1 0 
0 3719 983 944 10 259 380 6
0 17 4 2 2 3 1 2
cfn=(3624) stan::mcmc::diag_e_metric<stan::model::model_base, boost::random::mixmax_engine<17, 36u, 0l> >::sample_p(stan::mcmc::diag_e_point&, boost::random::mixmax_engine<17, 36u, 0l>&)
calls=1 0 
0 113158 22487 12326 29 172 62 21 33
0 4 1 1
cfn=(3630) stan::mcmc::base_hamiltonian<stan::model::model_base, stan::mcmc::diag_e_point, boost::random::mixmax_engine<17, 36u, 0l> >::update_potential_gradient(stan::mcmc::diag_e_point&, stan::callbacks::logger&)
calls=1 0 
0 1750765 424176 277414 347 35986 16756 68
0 3 0 1
cfn=(3646) stan::mcmc::diag_e_metric<stan::model::model_base, boost::random::mixmax_engine<17, 36u, 0l> >::T(stan::mcmc::diag_e_point&) [clone .constprop.0]
calls=1 0 
0 2796 1514 0 6 253 0 6
0 11 4 4 1 2 1 1
cfn=(3622) Eigen::DenseStorage<double, -1, -1, 1, 0>::DenseStorage(Eigen::DenseStorage<double, -1, -1, 1, 0> const&)
calls=1 0 
0 1284 331 317 1 16 121
0 6 0 1 1 0 0 1
cfn=(3648)
calls=1 0 
0 10 3 3 1 0 2 1
0 6 1 2
cfn=(3650) void Eigen::internal::call_dense_assignment_loop<Eigen::Matrix<double, -1, 1, 0, -1, 1>, Eigen::CwiseBinaryOp<Eigen::internal::scalar_product_op<double, double>, Eigen::CwiseNullaryOp<Eigen::internal::scalar_constant_op<double>, Eigen::Matrix<double, -1, 1, 0, -1, 1> const> const, Eigen::Matrix<double, -1, 1, 0, -1, 1> const>, Eigen::internal::sub_assign_op<double, double> >(Eigen::Matrix<double, -1, 1, 0, -1, 1>&, Eigen::CwiseBinaryOp<Eigen::internal::scalar_product_op<double, double>, Eigen::CwiseNullaryOp<Eigen::internal::scalar_constant_op<double>, Eigen::Matrix<double, -1, 1, 0, -1, 1> const> const, Eigen::Matrix<double, -1, 1, 0, -1, 1> const> const&, Eigen::internal::sub_assign_op<double, double> const&)
calls=1 0 
0 4046 1013 503 3 29 0 3
0 2 1 1
cob=(2)
cfi=(51)
cfn=(3136)
calls=1 0 
0 162 47 21 0 5
0 6 1 2 1 0 0 1
cfn=(3652) stan::mcmc::diag_e_metric<stan::model::model_base, boost::random::mixmax_engine<17, 36u, 0l> >::dtau_dp(stan::mcmc::diag_e_point&)
calls=1 0 
0 3495 1084 568 6 46 1 6
0 4 0 1
cfn=(3648)
calls=1 0 
0 10 3 3
0 4 2 1 0 1
cfn=(3654) void Eigen::internal::call_dense_assignment_loop<Eigen::Matrix<double, -1, 1, 0, -1, 1>, Eigen::CwiseBinaryOp<Eigen::internal::scalar_product_op<double, double>, Eigen::CwiseNullaryOp<Eigen::internal::scalar_constant_op<double>, Eigen::Matrix<double, -1, 1, 0, -1, 1> const> const, Eigen::Matrix<double, -1, 1, 0, -1, 1> const>, Eigen::internal::add_assign_op<double, double> >(Eigen::Matrix<double, -1, 1, 0, -1, 1>&, Eigen::CwiseBinaryOp<Eigen::internal::scalar_product_op<double, double>, Eigen::CwiseNullaryOp<Eigen::internal::scalar_constant_op<double>, Eigen::Matrix<double, -1, 1, 0, -1, 1> const> const, Eigen::Matrix<double, -1, 1, 0, -1, 1> const> const&, Eigen::internal::add_assign_op<double, double> const&)
calls=1 0 
0 3543 1013 503 4 127 0 4
0 2 1 1 1 0 0 1
cob=(2)
cfi=(51)
cfn=(3136)
calls=1 0 
0 162 47 21 0 13 2
0 4 1 1
cfn=(3630)
calls=1 0 
0 1234496 312877 252306 151 35267 16687 2 1
0 5 1 2 0 1 1
cfn=(3622)
calls=1 0 
0 1284 331 317 0 7 50
0 4 0 1 1 0 0 1
cfn=(3648)
calls=1 0 
0 10 3 3 0 0 2
0 4 2 1
cfn=(3650)
calls=1 0 
0 4046 1013 503 2 126
0 2 1 1
cob=(2)
cfi=(51)
cfn=(3136)
calls=1 0 
0 162 47 21 0 3
0 2 0 1
cfn=(3646)
calls=1 0 
0 2796 1514 0 2 127
0 26 7 6 3 2 1 3 2
cfn=(3600)
calls=1 0 
0 2541 511 506 3 128 126
0 12 9 3 5 3
cfn=(3600)
calls=3 0 
0 7623 1533 1518 9 384 378
0 16 12 4
cfn=(3600)
calls=4 0 
0 10164 2044 2024 0 508 120
0 16 4 4 4 0 0 1
cfn=(3600)
calls=4 0 
0 10164 2044 2024 0 504 504
0 44 12 8 0 4
cfn=(3626) double boost::random::detail::unit_normal_distribution<double>::operator()<boost::random::mixmax_engine<17, 36u, 0l> >(boost::random::mixmax_engine<17, 36u, 0l>&)
calls=4 0 
0 240 64 36 11 23 4
0 12060 0 4020
cfn=(3626)
calls=4020 0 
0 362433 69852 41263 26 150 6 3 17
0 88544 20128 4028 8 508 187 2
cfn=(3630)
calls=4 0 
0 7000068 1696060 1109204 690 143912 67049
0 12 0 4 5 0 0 1
cfn=(3646)
calls=4 0 
0 11184 6056 0 1 1012
0 40 16 16 1 8 4 1
cfn=(3622)
calls=4 0 
0 5136 1324 1268 0 64 484
0 44 16 16 1 0 8 1
cfn=(3650)
calls=4 0 
0 16184 4052 2012 8 116
0 8 4 4
cob=(2)
cfi=(51)
cfn=(3136)
calls=4 0 
0 648 188 84 0 20
0 60 8 12 1 0 0 1
cfn=(3582)
calls=4 0 
0 1708 264 220
0 30340 8076 6056 20 692 8 6
cob=(2)
cfi=(51)
cfn=(3136)
calls=4 0 
0 648 188 84 0 52 8
0 16 8 4 4 4 0 1
cfn=(3630)
calls=4 0 
0 5937246 1484989 1064213 640 142514 66794 0 3
0 16 8 4 3 4
cfn=(3622)
calls=4 0 
0 5136 1324 1268 0 28 200
0 44 12 16 4 0 4 1
cfn=(3650)
calls=4 0 
0 16184 4052 2012 8 504
0 8 4 4
cob=(2)
cfi=(51)
cfn=(3136)
calls=4 0 
0 648 188 84 0 12
0 8 0 4
cfn=(3646)
calls=4 0 
0 11184 6056 0 0 508
0 92 36 5 12 16 1 4
cfn=(3658) stan::mcmc::ps_point::~ps_point()
calls=1 0 
0 518 153 66 5 16 2 2
0 10 3 5 1 1 0 1
cfn=(3660)
calls=1 0 
0 3004 578 568 6 132 129 6
0 16 4 6 2 0 1 2
cfn=(3662)
calls=1 0 
0 715235 199314 142796 333 1513 1653 88 12 167
0 4 0 2 0 0 1
cfn=(3622)
calls=1 0 
0 1265 329 315 0 131 128
0 7 1 3 1 0 1 1
cfn=(3696) void stan::services::util::mcmc_writer::write_diagnostic_names<stan::model::model_base>(stan::mcmc::sample, stan::mcmc::base_mcmc&, stan::model::model_base&) [clone .isra.0]
calls=1 0 
0 720990 172676 141882 85 3691 2555 61 0 1359
0 2 1 1 0 1
cob=(2)
cfi=(51)
cfn=(3136)
calls=1 0 
0 201 61 25 0 4
0 1 0 1
cob=(2)
cfi=(51)
cfn=(3474) 0x0000000000120710
calls=1 0 
0 30 11 2 5 3
0 20 9 10 1 4 0 1
cfn=(3706) void stan::services::util::generate_transitions<stan::model::model_base, boost::random::mixmax_engine<17, 36u, 0l> >(stan::mcmc::base_mcmc&, int, int, int, int, int, bool, bool, stan::services::util::mcmc_writer&, stan::mcmc::sample&, stan::model::model_base&, boost::random::mixmax_engine<17, 36u, 0l>&, stan::callbacks::interrupt&, stan::callbacks::logger&, unsigned long, unsigned long) [clone .constprop.1]
calls=1 0 
0 7591021774 1877712817 1218806757 1461841 167613043 79310921 137667 42681 117736
0 2 0 1 2 0 1 1
cob=(2)
cfi=(51)
cfn=(3474)
calls=1 0 
0 30 11 2 5 2
0 18 3 3 1 1 1 1
cob=(2)
cfi=(51)
cfn=(3424) 0x0000000000120af0
calls=1 0 
0 56 18 2 0 1
0 3 1 2 0 1
cfn=(3764) stan::services::util::mcmc_writer::write_adapt_finish(stan::mcmc::base_mcmc&) [clone .isra.0]
calls=1 0 
0 1290 368 208 80 40 5 11
0 3 0 1 1 0 0 1
cob=(2)
cfi=(51)
cfn=(2116)
calls=1 0 
0 854 262 198 33 28 7
0 5 0 1
cob=(2)
cfi=(51)
cfn=(2612)
calls=1 0 
0 235 76 43 10 4 0 0 1
0 3 1 1
cob=(2)
cfi=(51)
cfn=(2120)
calls=1 0 
0 3038 671 462 223 50 16 1
0 7 3 1 1 1 0 1
cob=(2)
cfi=(51)
cfn=(2220)
calls=1 0 
0 237 57 40 12 2 1 1
0 3 1 1
cfn=(3246)
calls=1 0 
0 690 239 117 9
0 7 2 1 1 0 0 1
cob=(2)
cfi=(51)
cfn=(1950)
calls=1 0 
0 99 31 15 1 0 0 1
0 2 0 1
cob=(2)
cfi=(51)
cfn=(2228)
calls=1 0 
0 200 63 39 10 5 0 1
0 3 1 1
cfn=(3766) stan::mcmc::diag_e_point::write_metric(stan::callbacks::writer&)
calls=1 0 
0 2206937 512940 354342 126 149 130 6 1 15
0 4 2 1 0 1
cfn=(3768)
calls=1 0 
0 396 117 84 19 9 1 19 1
0 1 0 1
cob=(2)
cfi=(51)
cfn=(3474)
calls=1 0 
0 30 11 2 3 2
0 17 10 9 1 3 0 1
cfn=(3780) void stan::services::util::generate_transitions<stan::model::model_base, boost::random::mixmax_engine<17, 36u, 0l> >(stan::mcmc::base_mcmc&, int, int, int, int, int, bool, bool, stan::services::util::mcmc_writer&, stan::mcmc::sample&, stan::model::model_base&, boost::random::mixmax_engine<17, 36u, 0l>&, stan::callbacks::interrupt&, stan::callbacks::logger&, unsigned long, unsigned long) [clone .constprop.0]
calls=1 0 
0 6331655006 1564393958 1016787111 1417079 137395024 65128414 53947 16269 41118
0 2 0 1 1 0 1 1
cob=(2)
cfi=(51)
cfn=(3474)
calls=1 0 
0 30 11 2 6 4 0 1
0 15 3 1 1 2 0 1
cfn=(3802) stan::services::util::mcmc_writer::write_timing(double, double, stan::callbacks::writer&) [clone .isra.0]
calls=1 0 
0 18829 5189 3255 341 127 50 15 1
0 4 2 1 1
cfn=(3802)
calls=1 0 
0 15771 4132 2738 155 0 0 1
0 4 1 1 1
cfn=(3806) stan::services::util::mcmc_writer::log_timing(double, double)
calls=1 0 
0 18596 5086 3223 326 20 1 13
0 3 1 1 1 1 0 1
cob=(2)
cfi=(51)
cfn=(3136)
calls=1 0 
0 248 77 30 9 7
0 6 1 3 0 1 2
cob=(2)
cfi=(51)
cfn=(3136)
calls=1 0 
0 201 61 25 0 1
0 2 1 1 1 0 0 1
cob=(2)
cfi=(51)
cfn=(3136)
calls=1 0 
0 201 61 25 0 1
0 8 2 2 0 1 1
cob=(2)
cfi=(51)
cfn=(3136)
calls=1 0 
0 201 61 25
0 2 1 1 1 0 0 1
cob=(2)
cfi=(51)
cfn=(3136)
calls=1 0 
0 201 61 25
0 2 1 1
cob=(2)
cfi=(51)
cfn=(3136)
calls=1 0 
0 201 61 25 0 1
0 2 1 1
cob=(2)
cfi=(51)
cfn=(3136)
calls=1 0 
0 201 61 25 0 1
0 2 1 1 0 1
cob=(2)
cfi=(51)
cfn=(3136)
calls=1 0 
0 134 38 19 0 3
0 6 2 1 1 1 0 1
cob=(2)
cfi=(51)
cfn=(1950)
calls=1 0 
0 176 51 22
0 17 10 2 2 3 0 2
cfn=(3656) stan::mcmc::ps_point::operator=(stan::mcmc::ps_point const&)
calls=1 0 
0 7646 1538 1523 8 383 282 5
0 1

fn=(3406) model_model_namespace::model_model::get_param_names(std::vector<std::__cxx11::basic_string<char, std::char_traits<char>, std::allocator<char> >, std::allocator<std::__cxx11::basic_string<char, std::char_traits<char>, std::allocator<char> > > >&, bool, bool) const
0 36 2 18 2 0 0 2
cfn=(1822)
calls=2 0 
0 152 34 26 4 3 0 0 1
0 6 0 2
cfn=(1822)
calls=2 0 
0 152 34 26 0 1 0 0 1
0 6 0 2 1 0 0 1
cfn=(1822)
calls=2 0 
0 152 34 26 0 1
0 4 0 2
cob=(2)
cfi=(51)
cfn=(1004)
calls=2 0 
0 604 115 94 2 14 2
0 232 46 38 9 0 1 9
cob=(2)
cfi=(51)
cfn=(1888)
calls=2 0 
0 34 8 4
0 12 4 2 1 0 0 1
cob=(2)
cfi=(51)
cfn=(1888)
calls=2 0 
0 34 8 4 0 0 1
0 12 4 2 1 0 0 1
cob=(2)
cfi=(51)
cfn=(1888)
calls=2 0 
0 34 8 4
0 6 4

fn=(3408) stan::io::empty_var_context::contains_r(std::__cxx11::basic_string<char, std::char_traits<char>, std::allocator<char> > const&) const
0 18 6 0 1 0 0 1

fn=(3492) stan::return_type<std::vector<stan::math::var_value<double, void>, std::allocator<stan::math::var_value<double, void> > >&, double, double>::type stan::math::normal_lpdf<true, std::vector<stan::math::var_value<double, void>, std::allocator<stan::math::var_value<double, void> > >&, double, double, (void*)0>(std::vector<stan::math::var_value<double, void>, std::allocator<stan::math::var_value<double, void> > >&, double&&, double&&)
0 207495 23055 76850 19174 0 19540 1536
cfn=(3444) Eigen::PlainObjectBase<Eigen::Array<double, -1, 1, 0, -1, 1> >::resize(long, long) [clone .constprop.0]
calls=7685 0 
0 630170 153700 99905 208 23055 5437 160
0 914515 192125 207495 30463 23055 13447 2539
cfn=(3494) stan::math::stack_alloc::alloc(unsigned long)
calls=7685 0 
0 107590 23055 7685 126 0 0 109
0 30740 7685 7685
cfn=(3494)
calls=7685 0 
0 107590 23055 7685
0 92220 0 23055 7685 0 7684 561
cob=(2)
cfi=(51)
cfn=(1020)
calls=7685 0 
0 130645 15370 15370 15495 7685 7685 4308 0 1
0 76850 0 7685 43 0 0 16
cob=(2)
cfi=(51)
cfn=(1020)
calls=7685 0 
0 107590 15370 15370
0 161385 23055 46110 284 0 0 49
cfn=(3494)
calls=7685 0 
0 107590 23055 7685
0 476470 92220 146015 203 7685 7685 77 0 1
cfn=(3444)
calls=7685 0 
0 630170 153700 99905 0 3457
0 384250 76850 30740 707 0 4228 86
cfn=(3446) double Eigen::DenseBase<Eigen::CwiseBinaryOp<Eigen::internal::scalar_product_op<double, double>, Eigen::Array<double, -1, 1, 0, -1, 1> const, Eigen::Array<double, -1, 1, 0, -1, 1> const> >::redux<Eigen::internal::scalar_sum_op<double, double> >(Eigen::internal::scalar_sum_op<double, double> const&) const [clone .isra.0]
calls=7685 0 
0 292030 92220 0 26283 0 0 8848
0 84535 15370 30740 43 0 0 16
cfn=(3496) stan::math::arena_matrix<Eigen::Matrix<double, -1, 1, 0, -1, 1>, void>& stan::math::arena_matrix<Eigen::Matrix<double, -1, 1, 0, -1, 1>, void>::operator=<Eigen::CwiseUnaryOp<Eigen::internal::scalar_opposite_op<double>, Eigen::CwiseBinaryOp<Eigen::internal::scalar_product_op<double, double>, Eigen::CwiseNullaryOp<Eigen::internal::scalar_constant_op<double>, Eigen::Array<double, -1, 1, 0, -1, 1> const> const, Eigen::Array<double, -1, 1, 0, -1, 1> const> const>, (void*)0>(Eigen::CwiseUnaryOp<Eigen::internal::scalar_opposite_op<double>, Eigen::CwiseBinaryOp<Eigen::internal::scalar_product_op<double, double>, Eigen::CwiseNullaryOp<Eigen::internal::scalar_constant_op<double>, Eigen::Array<double, -1, 1, 0, -1, 1> const> const, Eigen::Array<double, -1, 1, 0, -1, 1> const> const> const&) [clone .isra.0]
calls=7685 0 
0 561005 115275 61480 35288 0 0 10067
0 130645 30740 46110 3524 0 7685 428 0 1
cfn=(3490)
calls=7685 0 
0 69165 30740 15370
0 222865 61480 92220 18987 0 7685 1550 0 1
cfn=(3490)
calls=7685 0 
0 69406 30801 15407 0 1 7686
0 122960 23055 46110 3832 0 0 428
cfn=(3490)
calls=7685 0 
0 69165 30740 15370
0 130645 30740 46110 459 0 7685 38 0 1
cfn=(3490)
calls=7685 0 
0 69407 30801 15407 0 1
0 23055 7685 7685 417 0 0 38
cob=(2)
cfi=(51)
cfn=(3136)
calls=7685 0 
0 699335 222865 115275 3797 18760 7684
0 15370 7685 7685
cob=(2)
cfi=(51)
cfn=(3136)
calls=7685 0 
0 699335 222865 115275 0 3393
0 261290 92220 7685 11389 0 0 989

fn=(3564) stan::callbacks::stream_logger::info(std::__cxx11::basic_string<char, std::char_traits<char>, std::allocator<char> > const&)
0 88 33 33 4 0 0 1
cob=(2)
cfi=(51)
cfn=(2612)
calls=11 0 
0 1792 598 338 23 31 5
0 121 55 11 4 4 0 1
cob=(2)
cfi=(51)
cfn=(2632)
calls=11 0 
0 1089 418 176 18 10 2
0 55 22
cob=(2)
cfi=(51)
cfn=(2644)
calls=11 0 
0 2783 891 440 47 17

fn=(3580)
0 115320 30746 23067 7679 0 0 2
cob=(2)
cfi=(51)
cfn=(3136)
calls=5 0 
0 30 10 0 2 1
0 35 0 5
cfn=(3582)
calls=5 0 
0 1955 304 256 14 3 3 2
0 30 15 10

fn=(3622)
0 521509 30677 153385 44 11644 6162 2
cob=(2)
cfi=(51)
cfn=(1026)
calls=30677 0 
0 6730682 1188028 1033881 26589 91573 66623 2 0 9
0 460155 153385 61354 0 0 11418
cob=(2)
cfi=(51)
cfn=(1888)
calls=30677 0 
0 24139163 7883989 7761281 4832 2344413 3249760 0 0 19585
0 61354

fn=(3624)
0 1620 162 567 162 32 71 2
cfn=(3626)
calls=81 0 
0 8588 1469 886 595 412 150 30 1
0 244215 0 81405
cfn=(3626)
calls=81405 0 
0 7317619 1413886 834590 1037 2941 43 54 49
0 1630530 408078 81486 81 10167 10056 1

fn=(3650)
0 61491108 15395574 7644594 15448 1914463 0 3

fn=(3726) stan::return_type<double, double>::type stan::math::log_sum_exp<double, double, (void*)0, (void*)0>(double const&, double const&)
0 273275 101206 7116 18025 45711 0 4
cob=(2)
cfi=(51)
cfn=(3424)
calls=3558 0 
0 199328 64056 7116 1215 21352 0 0 4
0 24906 7116 7116 1873 3558
cob=(2)
cfi=(51)
cfn=(3468)
calls=3558 0 
0 346201 52784 0 65 24710
0 17691 3558 7050 1879 0 0 1
cob=(2)
cfi=(51)
cfn=(3424)
calls=3525 0 
0 197578 63471 7056 778 21158 2 2 5
0 24675 7050 7050 2392 3525 0 1
cob=(2)
cfi=(51)
cfn=(3468)
calls=3525 0 
0 341679 52127 0 77 24425
0 7050 3525

fn=(3736) Eigen::CwiseNullaryOp<Eigen::internal::scalar_constant_op<double>, Eigen::Matrix<double, -1, 1, 0, -1, 1> >::CwiseNullaryOp(long, long, Eigen::internal::scalar_constant_op<double> const&) [clone .constprop.0]
0 85218 28406 28406 3780 0 0 79

fn=(3772)
0 12 4 2 2 0 0 2

fn=(3792) void stan::io::serializer<double>::write<double, (void*)0, (void*)0>(double)
0 400 160 80 80 0 0 80

fn=(3802)
0 40 2 24 2 0 2 2
cfn=(1886)
calls=2 0 
0 110 28 20 4 2 1
0 6 4 2 0 1
cfn=(3804) stan::callbacks::unique_stream_writer<std::basic_ofstream<char, std::char_traits<char> >, std::default_delete<std::basic_ofstream<char, std::char_traits<char> > > >::operator()()
calls=2 0 
0 510 177 83 22 26 5 3
0 6 0 2
cob=(2)
cfi=(51)
cfn=(2116)
calls=2 0 
0 1708 524 396 35 28 6
0 8 4 2 2 0 0 1
cob=(2)
cfi=(51)
cfn=(2612)
calls=2 0 
0 472 152 86 5 3
0 6 2 2
cob=(2)
cfi=(51)
cfn=(2120)
calls=2 0 
0 6800 1636 1056 149 53 29
0 8 0 2
cob=(2)
cfi=(51)
cfn=(2612)
calls=2 0 
0 268 94 54
0 12 4 2 2 0 0 1
cob=(2)
cfi=(51)
cfn=(2220)
calls=2 0 
0 468 114 78 12 5 2
0 6 0 2
cfn=(3246)
calls=2 0 
0 696 241 117 13
0 14 4 2
cob=(2)
cfi=(51)
cfn=(1950)
calls=2 0 
0 198 62 30 2
0 8 0 4 1 0 0 1
cob=(2)
cfi=(51)
cfn=(2116)
calls=2 0 
0 1708 524 396 15
0 10 2 4
cob=(2)
cfi=(51)
cfn=(2102)
calls=2 0 
0 90 18 16 9 1 0 1
0 8 4 2 1 0 0 1
cob=(2)
cfi=(51)
cfn=(2612)
calls=2 0 
0 472 152 86
0 6 2 2
cob=(2)
cfi=(51)
cfn=(2120)
calls=2 0 
0 6648 1588 1036 62 1
0 8 0 2
cob=(2)
cfi=(51)
cfn=(2612)
calls=2 0 
0 268 94 54 0 0 1
0 16 6 2 2 0 0 1
cob=(2)
cfi=(51)
cfn=(2220)
calls=2 0 
0 468 114 78 6 1
0 6 0 2
cfn=(3246)
calls=2 0 
0 696 241 117 13
0 12 4 2 2 0 0 1
cob=(2)
cfi=(51)
cfn=(1950)
calls=2 0 
0 198 62 30 2
0 4 0 2
cob=(2)
cfi=(51)
cfn=(2116)
calls=2 0 
0 1708 524 396 15 0 4
0 14 2 4
cob=(2)
cfi=(51)
cfn=(2102)
calls=2 0 
0 90 18 16 2
0 8 4 2 2 0 0 1
cob=(2)
cfi=(51)
cfn=(2612)
calls=2 0 
0 472 152 86
0 8 4 2
cob=(2)
cfi=(51)
cfn=(2120)
calls=2 0 
0 6910 1654 1080 75 1
0 8 0 2
cob=(2)
cfi=(51)
cfn=(2612)
calls=2 0 
0 268 94 54 0 1 0 0 1
0 16 6 2 1 0 0 1
cob=(2)
cfi=(51)
cfn=(2220)
calls=2 0 
0 468 114 78 8
0 6 0 2
cfn=(3246)
calls=2 0 
0 696 241 117 12
0 12 4 2
cob=(2)
cfi=(51)
cfn=(1950)
calls=2 0 
0 198 62 30 2
0 6 4 2 1 0 0 1
cfn=(3804)
calls=2 0 
0 510 177 83 3
0 4 0 2
cob=(2)
cfi=(51)
cfn=(2228)
calls=2 0 
0 400 126 78 13 4
0 4 2 2
cob=(2)
cfi=(51)
cfn=(2228)
calls=2 0 
0 400 126 78
0 4 0 2
cob=(2)
cfi=(51)
cfn=(2228)
calls=2 0 
0 400 126 78
0 28 22 0 1 0 0 1

fn=(3808) stan::io::array_var_context::~array_var_context()
0 17 4 3 2 3 0 2
cfn=(2850)
calls=1 0 
0 4 1 0 2
0 3 1 1 1
cfn=(2852)
calls=1 0 
0 482 148 65 3 3 1 1
0 4 1
cob=(2)
cfi=(51)
cfn=(1950)
calls=1 0 
0 99 31 15

fn=(3824) cmdstan::arg_adapt::~arg_adapt()
0 66 29 12 2 12 0 2
cfn=(3830)
calls=3 0 
0 723 211 104 4 9 0 4
cfn=(3828)
calls=1 0 
0 378 109 49 4 6 0 4
cfn=(3826)
calls=3 0 
0 765 219 102 3 11 0 3
cfn=(3820)
calls=2 0 
0 756 218 98 0 9
0 36 11 2
cob=(2)
cfi=(51)
cfn=(1950)
calls=1 0 
0 99 31 15
0 9 2 2 1 0 0 1
cob=(2)
cfi=(51)
cfn=(1950)
calls=1 0 
0 120 35 14
0 10 3
cob=(2)
cfi=(51)
cfn=(1950)
calls=1 0 
0 99 31 15

fn=(3882) cmdstan::arg_test_gradient::~arg_test_gradient()
0 24 8 5 2 4 0 2
cfn=(3886) cmdstan::arg_test_grad_err::~arg_test_grad_err()
calls=1 0 
0 181 50 22 3 3 0 3
cfn=(3884)
calls=1 0 
0 304 86 37 3 4 0 3
0 15 4 2
cob=(2)
cfi=(51)
cfn=(1950)
calls=1 0 
0 120 35 14
0 9 2 2 1 0 0 1
cob=(2)
cfi=(51)
cfn=(1950)
calls=1 0 
0 120 35 14
0 10 3
cob=(2)
cfi=(51)
cfn=(1950)
calls=1 0 
0 120 35 14

fn=(3978) std::_Sp_counted_ptr<boost::re_detail_500::cpp_regex_traits_implementation<char>*, (__gnu_cxx::_Lock_policy)2>::_M_dispose()
0 18 4 4 5 2 0 5
cob=(2)
cfi=(51)
cfn=(2680)
calls=1 0 
0 10 5 1 0 1
0 6 3
cob=(2)
cfi=(51)
cfn=(1950)
calls=1 0 
0 99 31 15

fn=(4140)
0 5 1 0 2 0 0 2

fn=(3980) std::_Sp_counted_ptr<boost::re_detail_500::cpp_regex_traits_implementation<char>*, (__gnu_cxx::_Lock_policy)2>::_M_destroy()
0 3
cob=(2)
cfi=(51)
cfn=(1950)
calls=1 0 
0 120 35 14

fn=(3042) std::_Rb_tree<std::__cxx11::basic_string<char, std::char_traits<char>, std::allocator<char> >, std::pair<std::__cxx11::basic_string<char, std::char_traits<char>, std::allocator<char> > const, int>, std::_Select1st<std::pair<std::__cxx11::basic_string<char, std::char_traits<char>, std::allocator<char> > const, int> >, std::less<std::__cxx11::basic_string<char, std::char_traits<char>, std::allocator<char> > >, std::allocator<std::pair<std::__cxx11::basic_string<char, std::char_traits<char>, std::allocator<char> > const, int> > >::find(std::__cxx11::basic_string<char, std::char_traits<char>, std::allocator<char> > const&) const
0 514 103 132 3 1 0 2
cob=(2)
cfi=(51)
cfn=(2306)
calls=27 0 
0 385 114 0 3
0 362 58 13 6 0 0 1
cob=(2)
cfi=(51)
cfn=(2306)
calls=13 0 
0 205 56
0 222 118 0 3 0 0 2

fn=(3048) std::_Rb_tree<std::__cxx11::basic_string<char, std::char_traits<char>, std::allocator<char> >, std::pair<std::__cxx11::basic_string<char, std::char_traits<char>, std::allocator<char> > const, int>, std::_Select1st<std::pair<std::__cxx11::basic_string<char, std::char_traits<char>, std::allocator<char> > const, int> >, std::less<std::__cxx11::basic_string<char, std::char_traits<char>, std::allocator<char> > >, std::allocator<std::pair<std::__cxx11::basic_string<char, std::char_traits<char>, std::allocator<char> > const, int> > >::_M_get_insert_unique_pos(std::__cxx11::basic_string<char, std::char_traits<char>, std::allocator<char> > const&)
0 60 20 16 5 0 0 5

fn=(992)
0 60 4 32 6 0 0 2
cob=(2)
cfi=(51)
cfn=(994) 0x0000000000120810
calls=4 0 
0 152 40 16 6 8 0 1
0 12 0 4
cob=(2)
cfi=(51)
cfn=(996) 0x0000000000120430
calls=4 0 
0 20 12 0 3 2 0 1
0 24 0 8 3 0 0 1
cob=(2)
cfi=(51)
cfn=(998) 0x000000000011ff20
calls=4 0 
0 152 12 0 12 2 0 4
0 44 18 4 3 4 0 1
cob=(2)
cfi=(51)
cfn=(1028) 0x0000000000120370
calls=4 0 
0 96 20 12 7 3 0 1
0 56 38 6 3 0 0 1
cfn=(1002) std::pair<std::__detail::_Node_iterator<std::pair<std::thread::id const, std::unique_ptr<stan::math::AutodiffStackSingleton<stan::math::vari_base, stan::math::chainable_alloc>, std::default_delete<stan::math::AutodiffStackSingleton<stan::math::vari_base, stan::math::chainable_alloc> > > >, false, false>, bool> std::_Hashtable<std::thread::id, std::pair<std::thread::id const, std::unique_ptr<stan::math::AutodiffStackSingleton<stan::math::vari_base, stan::math::chainable_alloc>, std::default_delete<stan::math::AutodiffStackSingleton<stan::math::vari_base, stan::math::chainable_alloc> > > >, std::allocator<std::pair<std::thread::id const, std::unique_ptr<stan::math::AutodiffStackSingleton<stan::math::vari_base, stan::math::chainable_alloc>, std::default_delete<stan::math::AutodiffStackSingleton<stan::math::vari_base, stan::math::chainable_alloc> > > > >, std::__detail::_Select1st, std::equal_to<std::thread::id>, std::hash<std::thread::id>, std::__detail::_Mod_range_hashing, std::__detail::_Default_ranged_hash, std::__detail::_Prime_rehash_policy, std::__detail::_Hashtable_traits<false, false, true> >::_M_emplace<std::pair<std::thread::id const, std::unique_ptr<stan::math::AutodiffStackSingleton<stan::math::vari_base, stan::math::chainable_alloc>, std::default_delete<stan::math::AutodiffStackSingleton<stan::math::vari_base, stan::math::chainable_alloc> > > > >(std::integral_constant<bool, true>, std::pair<std::thread::id const, std::unique_ptr<stan::math::AutodiffStackSingleton<stan::math::vari_base, stan::math::chainable_alloc>, std::default_delete<stan::math::AutodiffStackSingleton<stan::math::vari_base, stan::math::chainable_alloc> > > >&&)
calls=2 0 
0 2276 534 320 93 56 3 36 5 2
0 12 2 2 4 0 0 2
cob=(2)
cfi=(51)
cfn=(1004)
calls=2 0 
0 394 78 60 3 0 2 1 0 2
0 25 5 6 3 1 0 2 1
cob=(2)
cfi=(51)
cfn=(1004)
calls=1 0 
0 199 38 30 1 1 1 0 0 1
0 43 0 37 0 0 4 0 0 4
cfn=(1024) stan::math::AutodiffStackSingleton<stan::math::vari_base, stan::math::chainable_alloc>::AutodiffStackStorage::AutodiffStackStorage()
calls=1 0 
0 809 156 147 12 5 2 6 0 2
0 3 0 1 1 0 1 1 0 1

fn=(1844)
0 60 22 0 1 5 0 1 5

fn=(1908)
0 49921 11846 10357 46 2 7 2 0 3
cob=(2)
cfi=(51)
cfn=(1966)
calls=19 0 
0 2107 443 262 3 16 7 0 0 5
0 133 19 57
cob=(2)
cfi=(51)
cfn=(1888)
calls=19 0 
0 366 106 58 3 12 8 0 0 3
0 3831 0 1277 12 0 1 1
cob=(2)
cfi=(51)
cfn=(1888)
calls=1277 0 
0 19404 5108 2554 1 504 4 0 0 2
0 3888 2592

fn=(1938) cmdstan::singleton_argument<std::__cxx11::basic_string<char, std::char_traits<char>, std::allocator<char> > >::singleton_argument()
0 390 20 240 9 0 19 3 0 17
cfn=(1886)
calls=10 0 
0 600 140 100 0 0 2 0 0 2
0 240 10 150 10 0 11 3 0 9
cob=(2)
cfi=(51)
cfn=(1912)
calls=10 0 
0 530 110 80
0 70 0 20 2 0 0 1
cfn=(1886)
calls=10 0 
0 570 140 100 0 2 0 0 1
0 30 0 10
cob=(2)
cfi=(51)
cfn=(1940)
calls=10 0 
0 540 140 90 3 0 0 3
0 140 100 0 3 0 0 1

fn=(2272) cmdstan::arg_pathfinder::arg_pathfinder()
0 13 1 7 1 0 0 1
cfn=(2268)
calls=1 0 
0 33059 7783 5646 569 1 34 0 0 33
0 8 1 2 1 0 0 1
cob=(2)
cfi=(51)
cfn=(1912)
calls=1 0 
0 78 15 11 1
0 7 1 1 1 0 0 1
cob=(2)
cfi=(51)
cfn=(1912)
calls=1 0 
0 73 16 11
0 3 0 1
cob=(2)
cfi=(51)
cfn=(1004)
calls=1 0 
0 199 38 30 8 0 1 0 0 1
0 3 0 1
cfn=(1910) cmdstan::singleton_argument<int>::singleton_argument()
calls=1 0 
0 279 61 61 2 0 2 0 0 2
0 8 1 2 1 0 0 1
cob=(2)
cfi=(51)
cfn=(1912)
calls=1 0 
0 76 15 11
0 6 1 1
cob=(2)
cfi=(51)
cfn=(1912)
calls=1 0 
0 202 50 33 3
0 6 1 1 1 0 0 1
cob=(2)
cfi=(51)
cfn=(1912)
calls=1 0 
0 205 50 34
0 6 1 1
cob=(2)
cfi=(51)
cfn=(1912)
calls=1 0 
0 60 12 9 0 1
0 7 1 3 1 0 0 1
cfn=(1934)
calls=1 0 
0 9 4 2
0 8 1 2
cob=(2)
cfi=(51)
cfn=(1912)
calls=1 0 
0 76 15 11 0 1 0 0 1
0 6 1 1 1 0 0 1
cob=(2)
cfi=(51)
cfn=(1912)
calls=1 0 
0 73 16 11
0 2 0 1
cob=(2)
cfi=(51)
cfn=(1004)
calls=1 0 
0 199 38 30 0 0 1 0 0 1
0 6 0 1
cfn=(2110)
calls=1 0 
0 1796 387 300 14 0 5 0 0 5
0 4 0 2
cfn=(1934)
calls=1 0 
0 9 4 2
0 2 0 1 1 0 0 1
cob=(2)
cfi=(51)
cfn=(1004)
calls=1 0 
0 199 38 30 0 0 1 0 0 1
0 6 0 1
cfn=(2110)
calls=1 0 
0 930 213 172 1 1 2 0 0 2
0 4 0 2
cfn=(1934)
calls=1 0 
0 391 88 61 2 0 2 0 0 2
0 2 0 1
cob=(2)
cfi=(51)
cfn=(1004)
calls=1 0 
0 199 38 30 0 0 1 0 0 1
0 5 0 1 1 0 0 1
cfn=(2090)
calls=1 0 
0 1533 329 263 4 1 5 0 1 5
0 4 0 2
cfn=(1934)
calls=1 0 
0 9 4 2
0 2 0 1
cob=(2)
cfi=(51)
cfn=(1004)
calls=1 0 
0 199 38 30 0 0 1 0 0 1
0 5 0 1 1 0 0 1
cfn=(2112)
calls=1 0 
0 1282 278 224 6 2 5 0 2 5
0 4 0 2
cfn=(1934)
calls=1 0 
0 9 4 2
0 2 0 1
cob=(2)
cfi=(51)
cfn=(1004)
calls=1 0 
0 199 38 30 0 0 1 0 0 1
0 5 0 1
cfn=(2112)
calls=1 0 
0 1358 296 229 5 10 9 0 7 9
0 4 0 2 1 0 0 1
cfn=(1934)
calls=1 0 
0 9 4 2
0 2 0 1
cob=(2)
cfi=(51)
cfn=(1004)
calls=1 0 
0 199 38 30 0 0 1 0 0 1
0 6 0 1
cfn=(2110)
calls=1 0 
0 1796 387 300 0 0 4 0 0 4
0 4 0 2
cfn=(1934)
calls=1 0 
0 9 4 2
0 2 0 1 1 0 0 1
cob=(2)
cfi=(51)
cfn=(1004)
calls=1 0 
0 199 38 30 0 0 1 0 0 1
0 6 0 1
cfn=(2110)
calls=1 0 
0 1011 224 179 0 1 3 0 1 3
0 4 0 2
cfn=(1934)
calls=1 0 
0 9 4 2
0 2 0 1
cob=(2)
cfi=(51)
cfn=(1004)
calls=1 0 
0 199 38 30 0 0 1 0 0 1
0 6 0 1 1 0 0 1
cfn=(2110)
calls=1 0 
0 1777 385 298 0 1 4 0 0 4
0 4 0 2
cfn=(1934)
calls=1 0 
0 9 4 2
0 10 8 0 1 0 0 1

fn=(2310)
0 108 36 9 2 0 0 2
cob=(2)
cfi=(51)
cfn=(2306)
calls=9 0 
0 207 40 0 0 2
0 36 9

fn=(2346) auto cmdstan::get_arg_val<cmdstan::singleton_argument<int>, cmdstan::argument_parser&>(cmdstan::argument_parser&, char const*)
0 38 2 16 4 0 0 2
cob=(2)
cfi=(51)
cfn=(1824)
calls=2 0 
0 34 6 0 3 2
0 10 0 2
cfn=(1886)
calls=2 0 
0 115 28 20 5
0 6 0 2
cfn=(2348)
calls=2 0 
0 595 160 81 15 4 0 7
0 22 2 2 2 0 0 1
cob=(2)
cfi=(51)
cfn=(2280)
calls=2 0 
0 426 132 72 16 11 0 2 3
0 22 18 0 0 1

fn=(2348)
0 3310 1104 662 27 21 0 5
cob=(2)
cfi=(51)
cfn=(2306)
calls=50 0 
0 1098 232 0 3 1
0 661 34 85 6 0 1 1
cob=(2)
cfi=(51)
cfn=(1888)
calls=85 0 
0 1479 340 170
0 425 170 0 5 0 0 1

fn=(3914) cmdstan::arg_output::~arg_output()
0 48 20 9 2 10 0 2
cfn=(3820)
calls=1 0 
0 550 158 67 0 4
cfn=(3924)
calls=1 0 
0 451 128 55 1 7 0 1
cfn=(3922) cmdstan::arg_output_sig_figs::~arg_output_sig_figs()
calls=1 0 
0 406 118 53 2 5 0 2
cfn=(3920)
calls=1 0 
0 304 86 37 3 3 0 3
cfn=(3918)
calls=1 0 
0 479 137 59 1 7 0 1
cfn=(3916) cmdstan::arg_output_file::~arg_output_file()
calls=1 0 
0 553 160 71 1 10 0 1
0 27 8 2 1 0 0 1
cob=(2)
cfi=(51)
cfn=(1950)
calls=1 0 
0 120 35 14
0 9 2 2
cob=(2)
cfi=(51)
cfn=(1950)
calls=1 0 
0 120 35 14
0 10 3 0 1 0 0 1
cob=(2)
cfi=(51)
cfn=(1950)
calls=1 0 
0 120 35 14

fn=(3932) std::vector<stan::callbacks::json_writer<std::basic_ofstream<char, std::char_traits<char> >, std::default_delete<std::basic_ofstream<char, std::char_traits<char> > > >, std::allocator<stan::callbacks::json_writer<std::basic_ofstream<char, std::char_traits<char> >, std::default_delete<std::basic_ofstream<char, std::char_traits<char> > > > > >::~vector()
0 58 18 10 2 2 0 2
cob=(2)
cfi=(51)
cfn=(1950)
calls=2 0 
0 240 70 28
0 8 0 0 1

fn=(3948) std::_Sp_counted_ptr_inplace<stan::json::json_data, std::allocator<stan::json::json_data>, (__gnu_cxx::_Lock_policy)2>::_M_dispose()
0 6 2 0 1 1 0 1
cfn=(3148)
calls=1 0 
0 1574 465 200 4 21

fn=(3960) boost::re_detail_500::mem_block_cache::~mem_block_cache()
0 103 17 3 1 2 0 1
cob=(2)
cfi=(51)
cfn=(2970) 0x0000000000120460
calls=1 0 
0 138 39 19 1 3 3 1 0 1
0 6 3 0 1 0 0 1

fn=(3962) boost::basic_regex<char, boost::regex_traits<char, boost::cpp_regex_traits<char> > >::~basic_regex()
0 15 5 3 2 2 0 1
cfn=(3964) std::_Sp_counted_ptr<boost::re_detail_500::basic_regex_implementation<char, boost::regex_traits<char, boost::cpp_regex_traits<char> > >*, (__gnu_cxx::_Lock_policy)2>::_M_dispose()
calls=1 0 
0 508 153 69 5 8 0 4
0 12 5 1
cfn=(3970)
calls=1 0 
0 123 35 14 1 0 0 1

fn=(2588) std::__cxx11::basic_string<char, std::char_traits<char>, std::allocator<char> > std::operator+<char, std::char_traits<char>, std::allocator<char> >(std::__cxx11::basic_string<char, std::char_traits<char>, std::allocator<char> > const&, char const*)
0 13 2 5 2 0 0 2
cfn=(1908)
calls=1 0 
0 35 11 8
0 2 0 1
cob=(2)
cfi=(51)
cfn=(1824)
calls=1 0 
0 16 3 0 0 1
0 8 1 1 1 0 0 1
cob=(2)
cfi=(51)
cfn=(1970)
calls=1 0 
0 34 8 5 4 1
0 5 4

fn=(2666) cmdstan::categorical_argument::print(stan::callbacks::writer&, int, std::__cxx11::basic_string<char, std::char_traits<char>, std::allocator<char> > const&)
0 312 24 120 4 7 0 2
cob=(2)
cfi=(51)
cfn=(2102)
calls=12 0 
0 336 72 69 4 1
0 84 36 24 3 0 0 1
cfn=(2596) std::__cxx11::basic_string<char, std::char_traits<char>, std::allocator<char> > std::operator+<char, std::char_traits<char>, std::allocator<char> >(std::__cxx11::basic_string<char, std::char_traits<char>, std::allocator<char> > const&, std::__cxx11::basic_string<char, std::char_traits<char>, std::allocator<char> > const&)
calls=12 0 
0 1110 291 225
0 48 24 12
cob=(2)
cfi=(51)
cfn=(1970)
calls=12 0 
0 600 132 84
0 180 36 72 2 0 0 1
cfn=(3246)
calls=8 0 
0 2794 964 468
cfn=(2610)
calls=4 0 
0 2878 968 496
0 216 84 12 4 26 0 2
cfn=(2592) cmdstan::valued_argument::print(stan::callbacks::writer&, int, std::__cxx11::basic_string<char, std::char_traits<char>, std::allocator<char> > const&)
calls=12 0 
0 17350 4839 2957 50 47 6 17 2 2
0 198 99 33 0 27
cfn=(2591) cmdstan::list_argument::print(stan::callbacks::writer&, int, std::__cxx11::basic_string<char, std::char_traits<char>, std::allocator<char> > const&)'2
calls=3 0 
0 56779 15672 9978 548 98 2 3
cfn=(2667) cmdstan::categorical_argument::print(stan::callbacks::writer&, int, std::__cxx11::basic_string<char, std::char_traits<char>, std::allocator<char> > const&)'2
calls=3 0 
0 84983 22470 14677 1552 200 43 16
cfn=(2592)
calls=27 0 
0 39936 11154 6837 34 49 0 5
0 339 177 12 2 2 0 1

fn=(2667)
0 234 18 90 0 5
cob=(2)
cfi=(51)
cfn=(2102)
calls=9 0 
0 417 81 72
0 63 27 18 3
cfn=(2596)
calls=9 0 
0 975 252 189
0 36 18 9
cob=(2)
cfi=(51)
cfn=(1970)
calls=9 0 
0 459 99 63
0 135 27 54
cfn=(3246)
calls=6 0 
0 2091 723 351
cfn=(2610)
calls=3 0 
0 2154 726 372
0 162 63 9 0 15
cfn=(2591)
calls=3 0 
0 12384 3552 2136 7 28
cfn=(2592)
calls=6 0 
0 9295 2592 1589 7 12
0 216 108 36 0 34
cfn=(2591)
calls=3 0 
0 5073 1440 862 0 15
cfn=(2592)
calls=33 0 
0 110784 29163 19334 2073 193 45 19
0 288 144 9 12

fn=(2674) cmdstan::singleton_argument<bool>::is_default()
0 60 36 0 2 0 0 1

fn=(2692) cmdstan::singleton_argument<std::__cxx11::basic_string<char, std::char_traits<char>, std::allocator<char> > >::print_value()
0 180 36 54 2 9 0 1
cfn=(1908)
calls=18 0 
0 1272 318 228 6 12 1
0 54 36

fn=(2712) auto cmdstan::get_arg<cmdstan::argument_parser&, char const (&) [5]>(cmdstan::argument_parser&, char const*, char const (&) [5])
0 21 1 9 2 0 0 2
cob=(2)
cfi=(51)
cfn=(1824)
calls=1 0 
0 16 3 0 0 1
0 5 0 1 1 0 0 1
cfn=(1886)
calls=1 0 
0 57 14 10
0 3 0 1
cfn=(2348)
calls=1 0 
0 219 59 30
0 8 2 2
cob=(2)
cfi=(51)
cfn=(1824)
calls=1 0 
0 16 3
0 4 0 1 1 0 0 1
cfn=(1886)
calls=1 0 
0 57 14 10
0 3 0 1
cfn=(2580)
calls=1 0 
0 110 30 16
0 19 11 0 1 0 0 1

fn=(2720) cmdstan::file::get_suffix(std::__cxx11::basic_string<char, std::char_traits<char>, std::allocator<char> > const&)
0 105 36 27 6 0 2 3
cfn=(1908)
calls=3 0 
0 397 96 65 0 3 5
0 12 0 3
cob=(2)
cfi=(51)
cfn=(2722) 0x0000000000120c10
calls=3 0 
0 333 54 0 6 1 0 2
0 15 3 3 2 0 0 1
cfn=(2726) cmdstan::file::find_dot_suffix(std::__cxx11::basic_string<char, std::char_traits<char>, std::allocator<char> > const&)
calls=3 0 
0 180 29 0 5 0 0 2
0 36 12 6 0 0 1
cob=(2)
cfi=(51)
cfn=(1950)
calls=3 0 
0 297 93 45 1 6 1
0 27 3 6 2 0 0 1
cfn=(1886)
calls=3 0 
0 311 76 52 0 1
0 9 0 3
cob=(2)
cfi=(51)
cfn=(1940)
calls=3 0 
0 118 32 27 8 3
0 15 5 2 2 0 0 1
cob=(2)
cfi=(51)
cfn=(1950)
calls=2 0 
0 198 62 30 0 1
0 14 0 3
cfn=(1886)
calls=3 0 
0 171 42 30
0 3

fn=(2866) char* rapidjson::internal::Stack<rapidjson::CrtAllocator>::Push<char>(unsigned long) [clone .constprop.0]
0 8290 2761 1841 5 0 0 3
cob=(2)
cfi=(51)
cfn=(2868) 0x00000000001209d0
calls=1 0 
0 210 42 34 9 2 1 1 0 1
0 18 2 3 1 0 0 1
cob=(2)
cfi=(51)
cfn=(1004)
calls=1 0 
0 55 15 8
0 6 2 1 1 0 0 1

fn=(2912) boost::re_detail_500::cpp_regex_traits_implementation<char>::transform[abi:cxx11](char const*, char const*) const
0 66 12 36 2 1 0 2
cob=(7)
cfi=(175)
cfn=(2914) std::__cxx11::collate<char>::do_transform(char const*, char const*) const
calls=3 0 
0 3342 966 527 46 37 21 22 5 15
0 57 21 9 3 0 0 3
cob=(2)
cfi=(51)
cfn=(2944) 0x00000000001208e0
calls=3 0 
0 63 21 12 4 1 0 3
0 30 3 3
cob=(2)
cfi=(51)
cfn=(2948) 0x0000000000120ba0
calls=3 0 
0 147 30 24 6 1 0 6
0 18 3 3
cob=(2)
cfi=(51)
cfn=(2948)
calls=3 0 
0 147 30 24
0 111 48 9 5 0 0 5

fn=(2992) std::_Rb_tree<boost::re_detail_500::digraph<char>, boost::re_detail_500::digraph<char>, std::_Identity<boost::re_detail_500::digraph<char> >, std::less<boost::re_detail_500::digraph<char> >, std::allocator<boost::re_detail_500::digraph<char> > >::_M_erase(std::_Rb_tree_node<boost::re_detail_500::digraph<char> >*) [clone .isra.0]
0 18 7 7 2 0 0 2

fn=(3026) boost::re_detail_500::perl_matcher<__gnu_cxx::__normal_iterator<char const*, std::__cxx11::basic_string<char, std::char_traits<char>, std::allocator<char> > >, std::allocator<boost::sub_match<__gnu_cxx::__normal_iterator<char const*, std::__cxx11::basic_string<char, std::char_traits<char>, std::allocator<char> > > > >, boost::regex_traits<char, boost::cpp_regex_traits<char> > >::match_startmark()
0 135 55 35 9 1 0 2 1

fn=(3032) boost::re_detail_500::perl_matcher<__gnu_cxx::__normal_iterator<char const*, std::__cxx11::basic_string<char, std::char_traits<char>, std::allocator<char> > >, std::allocator<boost::sub_match<__gnu_cxx::__normal_iterator<char const*, std::__cxx11::basic_string<char, std::char_traits<char>, std::allocator<char> > > > >, boost::regex_traits<char, boost::cpp_regex_traits<char> > >::match_match()
0 550 195 135 6 0 0 4

fn=(3082) void std::vector<int, std::allocator<int> >::_M_realloc_insert<int>(__gnu_cxx::__normal_iterator<int*, std::vector<int, std::allocator<int> > >, int&&)
0 497 99 98 4 0 5 4 0 4
cob=(2)
cfi=(51)
cfn=(1948)
calls=8 0 
0 208 59 39 3 0 11 0 0 11
0 48 8 8
cob=(2)
cfi=(51)
cfn=(1950)
calls=8 0 
0 792 248 120 0 2
0 35 0 18 1 0 0 1
cob=(2)
cfi=(51)
cfn=(1004)
calls=9 0 
0 1093 227 160 1 4 4 0 0 4
0 81 9 0 1 0 0 1

fn=(3128)
0 80 8 40 2 0 0 2
cfn=(3126) boost::algorithm::detail::is_any_ofF<char>::is_any_ofF(boost::algorithm::detail::is_any_ofF<char> const&)
calls=4 0 
0 132 24 20
0 36 4 12 1 0 0 1
cob=(2)
cfi=(51)
cfn=(1888)
calls=4 0 
0 72 12 4
0 48 4 20 1 0 0 1
cob=(2)
cfi=(51)
cfn=(1888)
calls=4 0 
0 72 12 4
0 16 4 4
cfn=(3126)
calls=4 0 
0 132 24 20
0 44 12 12 1 0 0 1
cob=(2)
cfi=(51)
cfn=(1888)
calls=4 0 
0 72 12 4
0 405 90 0 11 0 0 11

fn=(3146) std::vector<double, std::allocator<double> >::vector(std::vector<double, std::allocator<double> > const&)
0 46 6 17 6 0 1 2 0 1
cob=(2)
cfi=(51)
cfn=(1004)
calls=2 0 
0 648 108 91 11 2 1
0 41 6 8 2
cob=(2)
cfi=(51)
cfn=(1948)
calls=2 0 
0 1574 514 506 4 134 61
0 22 12 3 1 0 0 1

fn=(3212) void cmdstan::init_null_writers<stan::callbacks::unique_stream_writer<std::basic_ofstream<char, std::char_traits<char> >, std::default_delete<std::basic_ofstream<char, std::char_traits<char> > > > >(std::vector<stan::callbacks::unique_stream_writer<std::basic_ofstream<char, std::char_traits<char> >, std::default_delete<std::basic_ofstream<char, std::char_traits<char> > > >, std::allocator<stan::callbacks::unique_stream_writer<std::basic_ofstream<char, std::char_traits<char> >, std::default_delete<std::basic_ofstream<char, std::char_traits<char> > > > > >&, unsigned long)
0 15 1 9 1 0 0 1
cfn=(3198)
calls=1 0 
0 392 78 62 2 0 1
0 14 1 4 2 0 0 2
cfn=(1886)
calls=1 0 
0 33 8 7
0 4 0 1
cfn=(3210) stan::callbacks::unique_stream_writer<std::basic_ofstream<char, std::char_traits<char> >, std::default_delete<std::basic_ofstream<char, std::char_traits<char> > > >::unique_stream_writer(std::unique_ptr<std::basic_ofstream<char, std::char_traits<char> >, std::default_delete<std::basic_ofstream<char, std::char_traits<char> > > >&&, std::__cxx11::basic_string<char, std::char_traits<char>, std::allocator<char> > const&)
calls=1 0 
0 729 184 175 0 0 4
0 26 15 2 2 0 0 2

fn=(3240) cmdstan::write_config(stan::callbacks::writer&, cmdstan::argument_parser&, stan::model::model_base&)
0 17 1 8 2 0 0 1
cfn=(3242) cmdstan::write_stan(stan::callbacks::writer&)
calls=1 0 
0 7278 2226 1098 120 116 9 33 10
0 4 2 1 0 2
cfn=(3274) model_model_namespace::model_model::model_name[abi:cxx11]() const
calls=1 0 
0 12 1 6 2 0 0 1
0 6 2 1
cfn=(3244) std::__cxx11::basic_string<char, std::char_traits<char>, std::allocator<char> > std::operator+<char, std::char_traits<char>, std::allocator<char> >(char const*, std::__cxx11::basic_string<char, std::char_traits<char>, std::allocator<char> > const&)
calls=1 0 
0 266 66 43
0 3 0 1 1 0 0 1
cfn=(3246)
calls=1 0 
0 690 239 117
0 7 2 1
cob=(2)
cfi=(51)
cfn=(1950)
calls=1 0 
0 99 31 15
0 6 1 1 1 0 0 1
cfn=(3276) cmdstan::write_datetime(stan::callbacks::writer&)
calls=1 0 
0 16776 4589 2522 185 126 15 71 8 1
0 5 0 2
cfn=(1886)
calls=1 0 
0 33 8 7 2
0 12 6 1 1 1 0 1
cfn=(2590) cmdstan::list_argument::print(stan::callbacks::writer&, int, std::__cxx11::basic_string<char, std::char_traits<char>, std::allocator<char> > const&)
calls=1 0 
0 62273 17393 10780 900 139 18
0 36 18 6 1 10
cfn=(2666)
calls=3 0 
0 16638 4904 2840 15 51 4 0 0 1
cfn=(2592)
calls=3 0 
0 4645 1368 802 4 8
0 72 30 0 1 1 0 1
cfn=(3354) cmdstan::write_compile_info(stan::callbacks::writer&, stan::model::model_base&)
calls=1 0 
0 3047 932 501 22 7 0 17 1

fn=(3242)
0 32 6 12 4 1 0 2
cfn=(3244)
calls=2 0 
0 500 126 82 17 5 0 4
0 6 0 2
cfn=(3246)
calls=2 0 
0 4772 1445 680 104 111 9 25 9
0 14 4 2
cob=(2)
cfi=(51)
cfn=(1950)
calls=2 0 
0 198 62 30
0 12 4 2 2 0 0 1
cfn=(3244)
calls=2 0 
0 538 132 86 0 2 0 0 1
0 6 0 2
cfn=(3246)
calls=2 0 
0 695 241 117
0 12 4 2
cob=(2)
cfi=(51)
cfn=(1950)
calls=2 0 
0 198 62 30
0 12 4 2 2 0 0 1
cfn=(3244)
calls=2 0 
0 500 126 82 0 2
0 6 0 2
cfn=(3246)
calls=2 0 
0 695 241 117
0 12 4 2
cob=(2)
cfi=(51)
cfn=(1950)
calls=2 0 
0 198 62 30
0 18 14 0 2 0 0 1

fn=(3360) auto cmdstan::get_arg_val<cmdstan::singleton_argument<int>, cmdstan::argument_parser&, char const (&) [7], char const (&) [7], char const (&) [11]>(cmdstan::argument_parser&, char const (&) [7], char const (&) [7], char const (&) [11])
0 20 1 9 2 0 0 2
cob=(2)
cfi=(51)
cfn=(1824)
calls=1 0 
0 16 3
0 4 0 1
cfn=(1886)
calls=1 0 
0 57 14 10
0 3 0 1
cfn=(2348)
calls=1 0 
0 110 31 16 7
0 9 2 3 1 0 0 1
cob=(2)
cfi=(51)
cfn=(1824)
calls=1 0 
0 16 3
0 4 0 1
cfn=(1886)
calls=1 0 
0 57 14 10
0 4 1 1
cfn=(2576)
calls=1 0 
0 135 40 18
0 3 0 1
cfn=(2584)
calls=1 0 
0 271 72 43 11 2
0 14 2 1 2 0 0 2
cob=(2)
cfi=(51)
cfn=(2280)
calls=1 0 
0 211 66 36 15 8 0 0 1
0 12 10

fn=(3386) auto cmdstan::get_arg_val<cmdstan::singleton_argument<unsigned int>, cmdstan::argument_parser&, char const (&) [7], char const (&) [7], char const (&) [6], char const (&) [7]>(cmdstan::argument_parser&, char const (&) [7], char const (&) [7], char const (&) [6], char const (&) [7])
0 21 1 10 2 0 0 2
cob=(2)
cfi=(51)
cfn=(1824)
calls=1 0 
0 16 3
0 4 0 1
cfn=(1886)
calls=1 0 
0 57 14 10
0 3 0 1 1 0 0 1
cfn=(2348)
calls=1 0 
0 110 31 16
0 9 2 3
cob=(2)
cfi=(51)
cfn=(1824)
calls=1 0 
0 16 3
0 4 0 1
cfn=(1886)
calls=1 0 
0 57 14 10
0 4 1 1 1 0 0 1
cfn=(2576)
calls=1 0 
0 135 40 18
0 9 2 3
cob=(2)
cfi=(51)
cfn=(1824)
calls=1 0 
0 16 3
0 4 0 1
cfn=(1886)
calls=1 0 
0 57 14 10
0 4 1 1 1 0 0 1
cfn=(2580)
calls=1 0 
0 312 82 44
0 3 1 1
cfn=(2584)
calls=1 0 
0 588 150 85 0 1
0 17 3 1 1 0 0 1
cob=(2)
cfi=(51)
cfn=(2280)
calls=1 0 
0 211 66 36
0 12 10 0 1 0 0 1

fn=(3392) stan::services::util::create_unit_e_diag_inv_metric(unsigned long)
0 18 1 8 2 0 0 2
cfn=(1886)
calls=1 0 
0 55 14 10
0 5 0 3
cob=(2)
cfi=(51)
cfn=(1004)
calls=1 0 
0 59 15 8
0 11 2 4 1 0 0 1
cfn=(1908)
calls=1 0 
0 55 14 10
0 14 1 3 1 0 0 1
cob=(2)
cfi=(51)
cfn=(1004)
calls=1 0 
0 291 50 44 29 5 2 0 0 1
0 2039 1 507 2 1 125 2 0 125
cob=(2)
cfi=(51)
cfn=(1004)
calls=1 0 
0 55 15 8
0 7 0 4
cob=(2)
cfi=(51)
cfn=(1004)
calls=1 0 
0 243 47 39 12 3
0 9 0 5 1 0 0 1
cob=(2)
cfi=(51)
cfn=(1004)
calls=1 0 
0 287 61 45 3
0 14 1 5 1 0 0 1
cob=(2)
cfi=(51)
cfn=(1950)
calls=1 0 
0 99 31 15
0 25 0 17 3 0 0 3
cfn=(3394)
calls=1 0 
0 2992 832 747 43 7 254 26 0 252
0 13 4 1
cob=(2)
cfi=(51)
cfn=(1950)
calls=1 0 
0 99 31 15
0 8 1 1 1 1 0 1
cob=(2)
cfi=(51)
cfn=(1950)
calls=1 0 
0 99 31 15
0 6 2 1
cob=(2)
cfi=(51)
cfn=(1950)
calls=1 0 
0 170 49 21 1
0 2 0 1
cfn=(2344)
calls=1 0 
0 127 39 18 3 1
0 11 8 0 1 1 0 1

fn=(3396)
0 13 0 7 2 0 0 2
cob=(2)
cfi=(51)
cfn=(1004)
calls=1 0 
0 59 15 8 0 1
0 9 2 2 0 0 1
cfn=(1908)
calls=1 0 
0 55 14 10
0 20 7 10 2 0 1 2
cfn=(3398)
calls=1 0 
0 30 10 8 5 0 0 5
0 12 0 1
cob=(2)
cfi=(51)
cfn=(2958)
calls=1 0 
0 18 2 8 3 1
0 13 7 1 2 0 0 2

fn=(3404)
0 35 4 21 4 2 1 4
cfn=(3406)
calls=1 0 
0 655 137 117 20 19 2 14 2
0 14 5 3 1 2 0 1
cfn=(3408)
calls=1 0 
0 3 1 0 1 0 0 1
0 14 6 2
cfn=(3408)
calls=2 0 
0 6 2
0 18 9 6
cfn=(3408)
calls=3 0 
0 9 3
0 43 9 10 2 0 0 2
cob=(2)
cfi=(51)
cfn=(2116)
calls=1 0 
0 854 262 198 39 30
0 7 3 2 1 0 0 1
cfn=(3410) stan::io::random_var_context::random_var_context<stan::model::model_base, boost::random::mixmax_engine<17, 36u, 0l> >(stan::model::model_base&, boost::random::mixmax_engine<17, 36u, 0l>&, double, bool)
calls=1 0 
0 83526 12752 15114 83 33 381 79 3 125
0 30 9 4 2 0 0 2
cob=(2)
cfi=(51)
cfn=(1950)
calls=3 0 
0 335 103 44 4 1 0 4
0 13 2 1 1 0 0 1
cob=(2)
cfi=(51)
cfn=(1950)
calls=1 0 
0 99 31 15 0 1
0 6 2 1
cob=(2)
cfi=(51)
cfn=(1950)
calls=1 0 
0 142 40 19
0 22 7 2 1 0 0 1
cob=(2)
cfi=(51)
cfn=(1950)
calls=2 0 
0 198 62 30 0 1
0 11 2 1 1 0 0 1
cob=(2)
cfi=(51)
cfn=(1950)
calls=1 0 
0 99 31 15
0 5 0 1
cfn=(2344)
calls=1 0 
0 141 41 18 0 2
0 5 0 2 1 0 1 1
cfn=(1886)
calls=1 0 
0 33 8 7
0 6 3 1
cob=(2)
cfi=(51)
cfn=(1912)
calls=1 0 
0 56 11 8 6 1
0 8 3 1 1 1 0 1
cob=(2)
cfi=(51)
cfn=(3436) 0x00000000001206d0
calls=1 0 
0 51 8 8 7 2
0 10 4 2 1 2 0 1
cfn=(3438)
calls=1 0 
0 895420 171208 46868 147 1728 1801 141 12 125
0 4 0 2 1 0 0 1
cob=(2)
cfi=(51)
cfn=(2220)
calls=1 0 
0 86 18 14 4 3 2
0 16 5 2 2 1 0 2
cob=(2)
cfi=(51)
cfn=(2116)
calls=1 0 
0 854 262 198 15 29 8
0 4 0 3 0 0 1
cob=(2)
cfi=(51)
cfn=(3474)
calls=1 0 
0 30 11 2 5 3 0 2
0 7 3 2 1 1 0 1
cfn=(3478)
calls=1 0 
0 1890171 543286 408968 311 38213 18696 271 0 14571
0 1 0 1
cob=(2)
cfi=(51)
cfn=(3474)
calls=1 0 
0 30 11 2 2 4
0 4 0 2
cob=(2)
cfi=(51)
cfn=(2220)
calls=1 0 
0 1227 323 148 55 51 21 1
0 3560 1015 1 4 47 0 4
cfn=(1822)
calls=1 0 
0 68 13 11 8 2
0 3 0 1
cfn=(3564)
calls=1 0 
0 488 172 83 52 22 1 2
0 7 1 2 1 0 0 1
cob=(2)
cfi=(51)
cfn=(2116)
calls=1 0 
0 854 262 198 36 28 6
0 5 0 1
cob=(2)
cfi=(51)
cfn=(2612)
calls=1 0 
0 665 185 111 45 14 1 0 2
0 14 3 2 1 1 0 1
cob=(2)
cfi=(51)
cfn=(2120)
calls=1 0 
0 2575 558 390 191 44 17
0 3 0 1
cob=(2)
cfi=(51)
cfn=(3566) 0x0000000000120490
calls=1 0 
0 1420 370 165 15 22 0 4 1
0 4 3 1
cfn=(3574) stan::callbacks::stream_logger::info(std::__cxx11::basic_stringstream<char, std::char_traits<char>, std::allocator<char> > const&)
calls=1 0 
0 937 288 156 36 5 0 5
0 2 0 1 1 0 0 1
cob=(2)
cfi=(51)
cfn=(2116)
calls=1 0 
0 854 262 198 11 0 6
0 4 0 1
cob=(2)
cfi=(51)
cfn=(2612)
calls=1 0 
0 663 185 111 9 3 1 0 2
0 4 0 1
cob=(2)
cfi=(51)
cfn=(2612)
calls=1 0 
0 134 47 27
0 4 0 1 1 0 0 1
cob=(2)
cfi=(51)
cfn=(2612)
calls=1 0 
0 139 46 26 0 1
0 4 2 1 0 1
cob=(2)
cfi=(51)
cfn=(2120)
calls=1 0 
0 2866 679 452 80 3 2 3
0 3 0 1
cob=(2)
cfi=(51)
cfn=(3566)
calls=1 0 
0 173 54 31 3 1
0 4 2 1
cfn=(3574)
calls=1 0 
0 957 294 160 23 1 2
0 6 2 1 1 0 0 1
cfn=(1822)
calls=1 0 
0 172 37 25 4 4 1 0 1
0 3 0 1
cfn=(3564)
calls=1 0 
0 600 197 100 2
0 8 2 2 1 0 0 1
cob=(2)
cfi=(51)
cfn=(1950)
calls=1 0 
0 99 31 15 0 1
0 5 2 1
cfn=(1822)
calls=1 0 
0 68 13 11
0 3 0 1
cfn=(3564)
calls=1 0 
0 488 172 83
0 8 4 1 1 0 0 1
cfn=(1822)
calls=1 0 
0 68 13 11
0 3 0 1
cfn=(3564)
calls=1 0 
0 488 172 83
0 5 2 1 1 0 0 1
cob=(2)
cfi=(51)
cfn=(2228)
calls=1 0 
0 200 63 39 12 5
0 2 1 1
cob=(2)
cfi=(51)
cfn=(2228)
calls=1 0 
0 200 63 39
0 4 4 1 0 3
cfn=(3576)
calls=1 0 
0 2 1 0 1 0 0 1
0 6 1 1
cob=(2)
cfi=(51)
cfn=(1950)
calls=1 0 
0 181 53 21 6 5
0 2 1 1 1 0 0 1
cob=(2)
cfi=(51)
cfn=(2228)
calls=1 0 
0 104 33 23 0 3 2
0 2 1 1
cob=(2)
cfi=(51)
cfn=(2228)
calls=1 0 
0 104 33 23 0 3 1
0 2 1 1
cfn=(2344)
calls=1 0 
0 141 41 18 3 3
0 22 11 1 3 1 0 2
cfn=(3146)
calls=1 0 
0 1035 306 299 4 7
0 9 5 2 1 0 0 1

fn=(3422) auto stan::io::deserializer<double>::read<Eigen::Matrix<double, -1, 1, 0, -1, 1>, (void*)0, (void*)0>(long)
0 756 168 126 82 0 1 82

fn=(3456) void std::vector<double, std::allocator<double> >::_M_realloc_insert<double const&>(__gnu_cxx::__normal_iterator<double*, std::vector<double, std::allocator<double> > >, double const&)
0 13637 2695 2614 284 120 81 64
cob=(2)
cfi=(51)
cfn=(1948)
calls=164 0 
0 2296 656 328 160 84 0 40
0 984 164 164
cob=(2)
cfi=(51)
cfn=(1950)
calls=164 0 
0 16236 5084 2460 40 162 39
0 899 0 490 81 0 0 16
cob=(2)
cfi=(51)
cfn=(1004)
calls=245 0 
0 15139 3837 2103 187 530 2
0 2205 245 0 81 0 0 16

fn=(3462) stan::return_type<Eigen::CwiseBinaryOp<Eigen::internal::scalar_difference_op<double, double>, Eigen::CwiseBinaryOp<Eigen::internal::scalar_product_op<double, double>, Eigen::CwiseNullaryOp<Eigen::internal::scalar_constant_op<double>, Eigen::Matrix<double, -1, 1, 0, -1, 1> const> const, Eigen::Map<Eigen::Matrix<double, -1, 1, 0, -1, 1> const, 0, Eigen::Stride<0, 0> > const> const, Eigen::CwiseBinaryOp<Eigen::internal::scalar_product_op<double, double>, Eigen::CwiseNullaryOp<Eigen::internal::scalar_constant_op<double>, Eigen::Matrix<double, -1, 1, 0, -1, 1> const> const, Eigen::Map<Eigen::Matrix<double, -1, 1, 0, -1, 1>, 0, Eigen::Stride<0, 0> > const> const> >::type stan::math::bernoulli_logit_lpmf<false, std::vector<int, std::allocator<int> >, Eigen::CwiseBinaryOp<Eigen::internal::scalar_difference_op<double, double>, Eigen::CwiseBinaryOp<Eigen::internal::scalar_product_op<double, double>, Eigen::CwiseNullaryOp<Eigen::internal::scalar_constant_op<double>, Eigen::Matrix<double, -1, 1, 0, -1, 1> const> const, Eigen::Map<Eigen::Matrix<double, -1, 1, 0, -1, 1> const, 0, Eigen::Stride<0, 0> > const> const, Eigen::CwiseBinaryOp<Eigen::internal::scalar_product_op<double, double>, Eigen::CwiseNullaryOp<Eigen::internal::scalar_constant_op<double>, Eigen::Matrix<double, -1, 1, 0, -1, 1> const> const, Eigen::Map<Eigen::Matrix<double, -1, 1, 0, -1, 1>, 0, Eigen::Stride<0, 0> > const> const>, (void*)0>(std::vector<int, std::allocator<int> > const&, Eigen::CwiseBinaryOp<Eigen::internal::scalar_difference_op<double, double>, Eigen::CwiseBinaryOp<Eigen::internal::scalar_product_op<double, double>, Eigen::CwiseNullaryOp<Eigen::internal::scalar_constant_op<double>, Eigen::Matrix<double, -1, 1, 0, -1, 1> const> const, Eigen::Map<Eigen::Matrix<double, -1, 1, 0, -1, 1> const, 0, Eigen::Stride<0, 0> > const> const, Eigen::CwiseBinaryOp<Eigen::internal::scalar_product_op<double, double>, Eigen::CwiseNullaryOp<Eigen::internal::scalar_constant_op<double>, Eigen::Matrix<double, -1, 1, 0, -1, 1> const> const, Eigen::Map<Eigen::Matrix<double, -1, 1, 0, -1, 1>, 0, Eigen::Stride<0, 0> > const> const> const&)
0 225 25 65 4 2 0 4
cfn=(3464)
calls=5 0 
0 40165 5060 35 3 314 0 3
0 65 30 25 1 0 0 1
cfn=(3444)
calls=5 0 
0 1790 355 290
0 62745 10050 12545 6 1147 490 6
cfn=(3444)
calls=5 0 
0 1120 205 180 0 0 5 0 0 1
0 207735 32585 2555 12 40 635 12 2 124
cob=(2)
cfi=(51)
cfn=(3136)
calls=5 0 
0 645 195 70 0 15
0 10 5 5
cob=(2)
cfi=(51)
cfn=(3136)
calls=5 0 
0 645 195 70
0 10 5 5
cob=(2)
cfi=(51)
cfn=(3136)
calls=5 0 
0 795 230 105 0 5
0 80 50 5 2 5 0 2
cfn=(3444)
calls=5 0 
0 1505 275 240 0 6 6
0 22625 5015 2505 4 89 616 4 1
cfn=(3466)
calls=5 0 
0 538053 113605 25025 21 40 0 19 5
0 5

fn=(3510) stan::return_type<stan::math::var_value<double, void>&, double, double>::type stan::math::normal_lpdf<true, stan::math::var_value<double, void>&, double, double, (void*)0>(stan::math::var_value<double, void>&, double&&, double&&) [clone .isra.0]
0 745445 92220 199810 54023 12165 0 15135
cfn=(3490)
calls=7685 0 
0 69165 30740 15370 0 0 7685
0 130645 30740 53795 15279 0 7685 4294 0 1
cfn=(3490)
calls=7685 0 
0 69407 30801 15407 0 2 1
0 122960 23055 46110 7678 0 0 2147
cfn=(3490)
calls=7685 0 
0 69165 30740 15370
0 130645 30740 46110 7685 0 7685 2147 0 1
cfn=(3490)
calls=7685 0 
0 69165 30740 15370 0 0 7684
0 69165 46110 0 7685 0 0 2147

fn=(3516) auto stan::math::subtract<stan::math::arena_matrix<Eigen::Matrix<stan::math::var_value<double, void>, -1, 1, 0, -1, 1>, void>, stan::math::arena_matrix<Eigen::Matrix<stan::math::var_value<double, void>, -1, 1, 0, -1, 1>, void>, (void*)0>(stan::math::arena_matrix<Eigen::Matrix<stan::math::var_value<double, void>, -1, 1, 0, -1, 1>, void> const&, stan::math::arena_matrix<Eigen::Matrix<stan::math::var_value<double, void>, -1, 1, 0, -1, 1>, void> const&)
0 1002661950 308091650 308322200 70948 38615725 24197858 6301 0 3135
cfn=(3490)
calls=38425 0 
0 345825 153700 76850 0 38425 38425
0 660910 345825 107590 43 56000 50280 16
cfn=(3502)
calls=7685 0 
0 323674 115483 53940 0 23084 5772 0 0 1
0 322770 69165 38425 7770 7685 0 692
cob=(2)
cfi=(51)
cfn=(1026)
calls=38425 0 
0 7304834 1284288 1127124 0 501156 183429
0 192624525 38463425 38501850 19497 3796321 4802670 1767 0 1849

fn=(3522) stan::math::internal::ops_partials_edge<double, Eigen::Matrix<stan::math::var_value<double, void>, -1, 1, 0, -1, 1>, void>::ops_partials_edge(Eigen::Matrix<stan::math::var_value<double, void>, -1, 1, 0, -1, 1> const&)
0 1928935 153700 484155 23288 115275 10415 1496
cob=(2)
cfi=(51)
cfn=(1020)
calls=23055 0 
0 391935 46110 46110 0 23055 23055 0 0 3
0 384250 0 38425 7676 0 0 486
cob=(2)
cfi=(51)
cfn=(1020)
calls=38425 0 
0 307761195 115275 307031120 0 15370 4803125 0 0 625
0 192125 0 23055
cob=(2)
cfi=(51)
cfn=(1020)
calls=23055 0 
0 391935 46110 46110 0 0 7685 0 0 1
0 193585150 39039800 38693975 23051 4803335 4833865 1458 369 629

fn=(3542)
0 61480 46110 7685 7685 15370 0 2078

fn=(3544)
0 30740 15370 0 3779 0 0 1304

fn=(3646)
0 21708144 11754696 0 19526 987254 0 302

fn=(3698) model_model_namespace::model_model::unconstrained_param_names(std::vector<std::__cxx11::basic_string<char, std::char_traits<char>, std::allocator<char> >, std::allocator<std::__cxx11::basic_string<char, std::char_traits<char>, std::allocator<char> > > >&, bool, bool) const
0 82 12 39 4 1 0 4
cob=(2)
cfi=(51)
cfn=(1970)
calls=5 0 
0 250 55 35 2 3
0 90 15 30 1 0 0 1
cob=(2)
cfi=(51)
cfn=(2948)
calls=5 0 
0 245 50 40 1 1
0 80 15 30 2 0 0 2
cfn=(1968) std::__cxx11::basic_string<char, std::char_traits<char>, std::allocator<char> > std::operator+<char, std::char_traits<char>, std::allocator<char> >(std::__cxx11::basic_string<char, std::char_traits<char>, std::allocator<char> >&&, std::__cxx11::basic_string<char, std::char_traits<char>, std::allocator<char> >&&)
calls=5 0 
0 345 85 65
0 15 5 5
cfn=(2276)
calls=5 0 
0 1449 320 236 5 6 9
0 8386 1838 1804 6 0 0 6
cob=(2)
cfi=(51)
cfn=(2102)
calls=901 0 
0 44147 8109 7208 0 2
0 29813 4521 6347 3 4 0 3
cob=(2)
cfi=(51)
cfn=(1970)
calls=909 0 
0 45450 9999 6363 0 3
0 819 182 455
cob=(2)
cfi=(51)
cfn=(1970)
calls=91 0 
0 4550 1001 637
0 18000 3000 6000 1 0 0 1
cob=(2)
cfi=(51)
cfn=(2948)
calls=1000 0 
0 49000 10000 8000 0 1
0 16000 3000 6000 2 0 0 2
cfn=(1968)
calls=1000 0 
0 87826 19973 14982
0 3000 1000 1000
cfn=(2276)
calls=1000 0 
0 44148 11834 11590 4 104 1014 0 0 4
0 16008 7002 4 3 3 0 3
cfn=(2598)
calls=1 0 
0 102 22 18 2 2
0 3 1 1 1 0 0 1
cfn=(2276)
calls=1 0 
0 26 8 8 0 0 1
0 470 193 180 4 1 0 4
cob=(2)
cfi=(51)
cfn=(2102)
calls=90 0 
0 4410 810 720 1 1
0 968 292 101 2 4 0 2
cob=(2)
cfi=(51)
cfn=(2102)
calls=5 0 
0 130 35 30 0 1 1
0 7061 2023 18 0 1
cob=(2)
cfi=(51)
cfn=(2102)
calls=9 0 
0 234 63 54
0 9021 2019 2010 4 0 0 4

fn=(3706)
0 555 89 60 83 1 3 7
cob=(2)
cfi=(51)
cfn=(3708) 0x0000000000120160
calls=1 0 
0 94 18 2 12 8 1 4 2
0 25 3 4 2 3 0 2
cob=(2)
cfi=(51)
cfn=(2730)
calls=1 0 
0 87 13 30 1 6 1
0 19 4 9 2 2 1 2
cob=(2)
cfi=(51)
cfn=(2732)
calls=1 0 
0 223 76 44 14 20 1
0 10 3 3 1 1 0 1
cob=(2)
cfi=(51)
cfn=(2732)
calls=1 0 
0 223 76 44
0 19 4 9 2 1 1 2
cob=(2)
cfi=(51)
cfn=(2876) 0x0000000000120c50
calls=1 0 
0 27 11 6 1 1
0 11 1 7 1 0 0 1
cob=(2)
cfi=(51)
cfn=(2732)
calls=1 0 
0 223 76 44
0 6 1 1 1 0 0 1
cob=(2)
cfi=(51)
cfn=(2612)
calls=1 0 
0 235 76 43 7 7 3 0 2
0 7 4 2 1 0 0 1
cob=(2)
cfi=(51)
cfn=(3310)
calls=1 0 
0 450 110 67 32 12 2 1
0 5 0 1
cob=(2)
cfi=(51)
cfn=(2612)
calls=1 0 
0 543 150 91 12 8
0 3 1 1 1 0 0 1
cob=(2)
cfi=(51)
cfn=(3310)
calls=1 0 
0 320 84 50
0 4 0 1
cob=(2)
cfi=(51)
cfn=(2612)
calls=1 0 
0 141 47 27 0 1
0 10 5 2 1 1 0 1 1
cob=(2)
cfi=(51)
cfn=(3310)
calls=1 0 
0 438 106 66
0 4 0 1
cob=(2)
cfi=(51)
cfn=(2612)
calls=1 0 
0 141 47 27
0 4 0 1
cob=(2)
cfi=(51)
cfn=(2612)
calls=1 0 
0 136 47 27
0 4 3 1 1 2 0 1
cfn=(3574)
calls=1 0 
0 937 288 156 56 26 1
0 12 4 4 1 0 0 1
cob=(2)
cfi=(51)
cfn=(1950)
calls=1 0 
0 99 31 15
0 4 1 2
cob=(2)
cfi=(51)
cfn=(2680)
calls=1 0 
0 10 5 1 1
0 19 10 8 2 0 0 2
cob=(2)
cfi=(51)
cfn=(2682)
calls=1 0 
0 57 21 12 4 1
0 320 80 40 40 71 0 2
cfn=(3714) stan::mcmc::adapt_diag_e_nuts<stan::model::model_base, boost::random::mixmax_engine<17, 36u, 0l> >::transition(stan::mcmc::sample&, stan::callbacks::logger&)
calls=40 0 
0 7591004607 1877707623 1218804329 1461480 167612387 79310907 137633 42676 117736
0 320 160 160 40 100 0 1
cob=(2)
cfi=(51)
cfn=(3136)
calls=40 0 
0 10971 3330 1359 6 262
0 451 209 0 36 122 0 3

fn=(3734) Eigen::Matrix<double, -1, 1, 0, -1, 1>::Matrix<long>(long const&)
0 454496 28406 142030 15028 0 16733 2
cfn=(3582)
calls=28406 0 
0 7287517 1212315 1056270 112 15228 59353
0 170436 85218 56812 7514 0 0 1

fn=(3776)
0 20 8 6 3 0 0 3

fn=(3778)
0 21 9 5 3 0 0 3

fn=(3784) std::vector<double, std::allocator<double> >::push_back(double const&)
0 240 80 0 40 0 0 14
cfn=(3456)
calls=40 0 
0 10114 2566 1597 81 199 0 40

fn=(3800) std::vector<double, std::allocator<double> >::reserve(unsigned long)
0 920 120 240 80 0 0 2
cob=(2)
cfi=(51)
cfn=(1004)
calls=40 0 
0 18506 3055 2536 15 60 39
0 880 320 120 40 0 0 1
cob=(2)
cfi=(51)
cfn=(1948)
calls=40 0 
0 560 160 80 0 0 15
0 160 40 40
cob=(2)
cfi=(51)
cfn=(1950)
calls=40 0 
0 3960 1240 600
0 40

fn=(3848) cmdstan::arg_dense_e::~arg_dense_e()
0 12 2 3 1 0 0 1
cob=(2)
cfi=(51)
cfn=(1950)
calls=1 0 
0 120 35 14 0 1
0 8 2
cob=(2)
cfi=(51)
cfn=(1950)
calls=1 0 
0 99 31 15

fn=(3856) cmdstan::arg_optimize::~arg_optimize()
0 36 14 7 2 5 0 2
cfn=(3822)
calls=1 0 
0 304 86 37 0 3
cfn=(3820)
calls=2 0 
0 833 240 105 0 9
cfn=(3858) cmdstan::arg_optimize_algo::~arg_optimize_algo()
calls=1 0 
0 5755 1658 706 20 81 0 20
0 21 6 2
cob=(2)
cfi=(51)
cfn=(1950)
calls=1 0 
0 120 35 14
0 9 2 2 1 0 0 1
cob=(2)
cfi=(51)
cfn=(1950)
calls=1 0 
0 120 35 14
0 10 3
cob=(2)
cfi=(51)
cfn=(1950)
calls=1 0 
0 120 35 14

fn=(3858)
0 30 11 6 2 6 0 2
cfn=(3866) cmdstan::arg_newton::~arg_newton()
calls=1 0 
0 151 41 18 3 1 0 3
cfn=(3862) cmdstan::arg_lbfgs::~arg_lbfgs()
calls=1 0 
0 2837 816 345 8 37 0 8
cfn=(3860) cmdstan::arg_bfgs::~arg_bfgs()
calls=1 0 
0 2301 664 286 4 34 0 4
0 19 5 2 1 0 0 1
cob=(2)
cfi=(51)
cfn=(1950)
calls=1 0 
0 120 35 14 0 1
0 19 4 3 2 2 0 2
cob=(2)
cfi=(51)
cfn=(1950)
calls=1 0 
0 120 35 14
0 10 3
cob=(2)
cfi=(51)
cfn=(1950)
calls=1 0 
0 148 44 18

fn=(3866)
0 29 6 4 3 1 0 3
cob=(2)
cfi=(51)
cfn=(1950)
calls=1 0 
0 120 35 14
0 2

fn=(3874)
0 22 4 5 3 1 0 3
cob=(2)
cfi=(51)
cfn=(1950)
calls=1 0 
0 120 35 14 0 1
0 10 3
cob=(2)
cfi=(51)
cfn=(1950)
calls=1 0 
0 120 35 14
0 2

fn=(3894) cmdstan::arg_log_prob::~arg_log_prob()
0 30 11 6 2 6 0 2
cfn=(3820)
calls=1 0 
0 425 122 52 0 4
cfn=(3898) cmdstan::arg_log_prob_constrained_params::~arg_log_prob_constrained_params()
calls=1 0 
0 524 150 66 2 7 0 2
cfn=(3896)
calls=1 0 
0 524 150 66 1 5 0 1
0 18 5 2
cob=(2)
cfi=(51)
cfn=(1950)
calls=1 0 
0 120 35 14
0 9 2 2 1 0 0 1
cob=(2)
cfi=(51)
cfn=(1950)
calls=1 0 
0 120 35 14
0 10 3
cob=(2)
cfi=(51)
cfn=(1950)
calls=1 0 
0 120 35 14

fn=(3982) tbb::interface7::task_arena::~task_arena()
0 5 1 1 1 1 0 1
cob=(2)
cfi=(51)
cfn=(3984) 0x0000000000120570
calls=1 0 
0 4949 1504 753 46 96 17 33 4
0 2 1

fn=(3054) std::_Rb_tree<std::__cxx11::basic_string<char, std::char_traits<char>, std::allocator<char> >, std::pair<std::__cxx11::basic_string<char, std::char_traits<char>, std::allocator<char> > const, bool>, std::_Select1st<std::pair<std::__cxx11::basic_string<char, std::char_traits<char>, std::allocator<char> > const, bool> >, std::less<std::__cxx11::basic_string<char, std::char_traits<char>, std::allocator<char> > >, std::allocator<std::pair<std::__cxx11::basic_string<char, std::char_traits<char>, std::allocator<char> > const, bool> > >::_M_get_insert_unique_pos(std::__cxx11::basic_string<char, std::char_traits<char>, std::allocator<char> > const&)
0 30 10 8 4 0 0 4

fn=(3056) stan::json::json_data_handler::start_array()
0 1122 442 272 3 0 0 3
cfn=(2872)
calls=34 0 
0 3674 850 680
0 102 0 34
cfn=(3044) std::map<std::__cxx11::basic_string<char, std::char_traits<char>, std::allocator<char> >, int, std::less<std::__cxx11::basic_string<char, std::char_traits<char>, std::allocator<char> > >, std::allocator<std::pair<std::__cxx11::basic_string<char, std::char_traits<char>, std::allocator<char> > const, int> > >::operator[](std::__cxx11::basic_string<char, std::char_traits<char>, std::allocator<char> > const&)
calls=34 0 
0 4019 825 375 1 0 0 1
0 210 38 34 2 0 0 2
cfn=(3044)
calls=34 0 
0 4019 825 375
0 198 34 32
cfn=(3044)
calls=32 0 
0 3744 768 352
0 370 32 170 2 0 0 1
cfn=(3058)
calls=34 0 
0 3776 837 304 6 0 0 4
0 230 0 32
cfn=(3064)
calls=32 0 
0 3936 864 384 2 0 0 2
0 128 0 32
cfn=(3072) std::vector<unsigned long, std::allocator<unsigned long> >::operator=(std::vector<unsigned long, std::allocator<unsigned long> > const&)
calls=32 0 
0 3838 960 640
0 128 0 32
cfn=(3072)
calls=32 0 
0 3838 960 640
0 399 96 38 4 0 0 2
cfn=(3060)
calls=3 0 
0 678 156 107 9 0 0 7
0 15 0 6
cfn=(3060)
calls=3 0 
0 534 132 85
0 295 35 64
cfn=(3064)
calls=32 0 
0 3936 864 384
0 6 0 2 2 0 0 1
cfn=(3064)
calls=2 0 
0 819 192 153 19 2 4 18 0 2
0 136 0 34
cfn=(3072)
calls=34 0 
0 2323 666 399 7 0 1 6 0 1
0 102 0 34
cfn=(3072)
calls=34 0 
0 2323 666 399 0 0 1 0 0 1
0 612 238 102 2 0 0 1
cob=(2)
cfi=(51)
cfn=(1950)
calls=34 0 
0 3366 1054 510
0 204 68 34 2 0 0 1
cob=(2)
cfi=(51)
cfn=(1950)
calls=34 0 
0 3366 1054 510
0 142 34 2 2 0 0 1
cfn=(3044)
calls=2 0 
0 275 57 23
0 10 0 4

fn=(3068) std::_Rb_tree<std::__cxx11::basic_string<char, std::char_traits<char>, std::allocator<char> >, std::pair<std::__cxx11::basic_string<char, std::char_traits<char>, std::allocator<char> > const, stan::json::array_dims>, std::_Select1st<std::pair<std::__cxx11::basic_string<char, std::char_traits<char>, std::allocator<char> > const, stan::json::array_dims> >, std::less<std::__cxx11::basic_string<char, std::char_traits<char>, std::allocator<char> > >, std::allocator<std::pair<std::__cxx11::basic_string<char, std::char_traits<char>, std::allocator<char> > const, stan::json::array_dims> > >::_M_get_insert_hint_unique_pos(std::_Rb_tree_const_iterator<std::pair<std::__cxx11::basic_string<char, std::char_traits<char>, std::allocator<char> > const, stan::json::array_dims> >, std::__cxx11::basic_string<char, std::char_traits<char>, std::allocator<char> > const&)
0 40 4 14 3 0 0 2
cob=(2)
cfi=(51)
cfn=(2306)
calls=1 0 
0 31 6
0 19 8 0 2 0 0 2
cfn=(3070)
calls=1 0 
0 30 10 8 5 0 0 5
0 12 8 0 1 0 0 1

fn=(1858) boost::math::tools::promote_args<long double>::type boost::math::lgamma<long double, boost::math::policies::policy<boost::math::policies::promote_float<false>, boost::math::policies::promote_double<false>, boost::math::policies::default_policy, boost::math::policies::default_policy, boost::math::policies::default_policy, boost::math::policies::default_policy, boost::math::policies::default_policy, boost::math::policies::default_policy, boost::math::policies::default_policy, boost::math::policies::default_policy, boost::math::policies::default_policy, boost::math::policies::default_policy, boost::math::policies::default_policy> >(long double, int*, boost::math::policies::policy<boost::math::policies::promote_float<false>, boost::math::policies::promote_double<false>, boost::math::policies::default_policy, boost::math::policies::default_policy, boost::math::policies::default_policy, boost::math::policies::default_policy, boost::math::policies::default_policy, boost::math::policies::default_policy, boost::math::policies::default_policy, boost::math::policies::default_policy, boost::math::policies::default_policy, boost::math::policies::default_policy, boost::math::policies::default_policy> const&) [clone .isra.0]
0 93 27 24 4 1 0 4 1
cfn=(1860) long double boost::math::detail::lgamma_imp_final<long double, boost::math::policies::policy<boost::math::policies::promote_float<false>, boost::math::policies::promote_double<false>, boost::math::policies::default_policy, boost::math::policies::default_policy, boost::math::policies::default_policy, boost::math::policies::default_policy, boost::math::policies::default_policy, boost::math::policies::default_policy, boost::math::policies::default_policy, boost::math::policies::default_policy, boost::math::policies::default_policy, boost::math::policies::default_policy, boost::math::policies::default_policy>, boost::math::lanczos::lanczos17m64>(long double, boost::math::policies::policy<boost::math::policies::promote_float<false>, boost::math::policies::promote_double<false>, boost::math::policies::default_policy, boost::math::policies::default_policy, boost::math::policies::default_policy, boost::math::policies::default_policy, boost::math::policies::default_policy, boost::math::policies::default_policy, boost::math::policies::default_policy, boost::math::policies::default_policy, boost::math::policies::default_policy, boost::math::policies::default_policy, boost::math::policies::default_policy> const&, boost::math::lanczos::lanczos17m64 const&, int*) [clone .isra.0]
calls=3 0 
0 338 81 9 15 10 0 15 10
0 9 6

fn=(1860)
0 338 81 9 15 10 0 15 10

fn=(1934)
0 713 300 74 30 1 0 1
cfn=(1936) void std::vector<cmdstan::argument*, std::allocator<cmdstan::argument*> >::_M_realloc_insert<cmdstan::argument*>(__gnu_cxx::__normal_iterator<cmdstan::argument**, std::vector<cmdstan::argument*, std::allocator<cmdstan::argument*> > >, cmdstan::argument*&&)
calls=76 0 
0 22094 5248 3561 215 34 27 13 1 26

fn=(1968)
0 34075 8539 4236 32 0 0 2
cob=(2)
cfi=(51)
cfn=(1970)
calls=2118 0 
0 115320 24272 15415 50 2 11 4 0 6
0 40156 10590 12787 15 0 1 2

fn=(2088) cmdstan::arg_output::arg_output()
0 30 2 18 3 0 0 3
cfn=(1916)
calls=1 0 
0 110 21 14 4 1 0 0 1
0 6 1 1 1 0 0 1
cob=(2)
cfi=(51)
cfn=(1912)
calls=1 0 
0 365 79 65 4
0 2 0 1
cob=(2)
cfi=(51)
cfn=(1004)
calls=1 0 
0 215 43 39
0 3 0 1
cfn=(1938)
calls=1 0 
0 311 66 79 2
0 8 1 2 1 0 0 1
cob=(2)
cfi=(51)
cfn=(1912)
calls=1 0 
0 78 15 11
0 3 0 1
cfn=(1916)
calls=1 0 
0 449 99 73 3 4 0 1 4
0 7 1 1 1 0 0 1
cob=(2)
cfi=(51)
cfn=(1912)
calls=1 0 
0 362 79 64
0 4 0 1
cfn=(1916)
calls=1 0 
0 108 21 14 1
0 7 1 1
cob=(2)
cfi=(51)
cfn=(1912)
calls=1 0 
0 76 15 11
0 3 0 1 1 0 0 1
cob=(2)
cfi=(51)
cfn=(1944)
calls=1 0 
0 62 18 11 1
0 6 0 2
cfn=(1934)
calls=1 0 
0 287 58 51
0 2 0 1
cob=(2)
cfi=(51)
cfn=(1004)
calls=1 0 
0 215 43 39
0 3 0 1
cfn=(1938)
calls=1 0 
0 311 66 79
0 8 1 2 1 0 0 1
cob=(2)
cfi=(51)
cfn=(1912)
calls=1 0 
0 76 15 11
0 3 0 1
cfn=(1916)
calls=1 0 
0 293 71 42 0 4 0 0 4
0 3 0 1 1 0 0 1
cfn=(1916)
calls=1 0 
0 402 86 67
0 4 0 1
cfn=(1916)
calls=1 0 
0 113 21 14
0 4 0 1
cfn=(1916)
calls=1 0 
0 85 17 11
0 3 0 1
cob=(2)
cfi=(51)
cfn=(1944)
calls=1 0 
0 39 12 8
0 4 0 2 1 0 0 1
cfn=(1934)
calls=1 0 
0 412 94 70 2
0 2 0 1
cob=(2)
cfi=(51)
cfn=(1004)
calls=1 0 
0 215 43 39
0 3 0 1
cfn=(1910)
calls=1 0 
0 279 61 61 4
0 8 1 2 1 0 0 1
cob=(2)
cfi=(51)
cfn=(1912)
calls=1 0 
0 78 15 11
0 3 0 1
cfn=(1916)
calls=1 0 
0 242 57 36
0 6 1 1
cob=(2)
cfi=(51)
cfn=(1912)
calls=1 0 
0 76 15 11
0 6 1 1 1 0 0 1
cob=(2)
cfi=(51)
cfn=(1912)
calls=1 0 
0 81 15 11
0 6 1 3
cfn=(1934)
calls=1 0 
0 410 94 70 0 0 1 0 0 1
0 2 0 1 1 0 0 1
cob=(2)
cfi=(51)
cfn=(1004)
calls=1 0 
0 215 43 39 0 0 1 0 0 1
0 3 0 1
cfn=(1910)
calls=1 0 
0 279 61 61 0 0 2 0 0 2
0 8 1 2
cob=(2)
cfi=(51)
cfn=(1912)
calls=1 0 
0 76 15 11
0 3 0 1 1 0 0 1
cfn=(1916)
calls=1 0 
0 508 113 78 0 7 7 0 6 7
0 3 0 1
cfn=(1916)
calls=1 0 
0 402 86 67 0 1 0 0 1
0 6 1 1
cob=(2)
cfi=(51)
cfn=(1912)
calls=1 0 
0 60 12 9 0 1 0 0 1
0 6 1 3 1 0 0 1
cfn=(1934)
calls=1 0 
0 9 4 2
0 2 0 1
cob=(2)
cfi=(51)
cfn=(1004)
calls=1 0 
0 215 43 39 0 0 1 0 0 1
0 3 0 1
cfn=(1938)
calls=1 0 
0 311 66 79 0 0 4 0 0 4
0 5 0 2 1 0 0 1
cfn=(1916)
calls=1 0 
0 108 21 14
0 3 0 1
cfn=(1916)
calls=1 0 
0 402 86 67 0 0 1 0 0 1
0 6 1 1
cob=(2)
cfi=(51)
cfn=(1912)
calls=1 0 
0 362 79 64 0 1 1 0 1 1
0 3 0 1 1 0 0 1
cfn=(1916)
calls=1 0 
0 113 21 14
0 7 1 1
cob=(2)
cfi=(51)
cfn=(1912)
calls=1 0 
0 76 15 11
0 3 0 1 1 0 0 1
cob=(2)
cfi=(51)
cfn=(1944)
calls=1 0 
0 62 18 11
0 4 0 2
cfn=(1934)
calls=1 0 
0 251 65 39
0 2 0 1
cob=(2)
cfi=(51)
cfn=(1004)
calls=1 0 
0 215 43 39 0 0 1 0 0 1
0 5 0 1
cfn=(2090)
calls=1 0 
0 1435 319 261 9 4 5 9 4 5
0 4 0 2 1 0 0 1
cfn=(1934)
calls=1 0 
0 9 4 2
0 11 9

fn=(2276)
0 104888 32258 32258 8 0 2005 3 0 1016
cfn=(2278) void std::vector<std::__cxx11::basic_string<char, std::char_traits<char>, std::allocator<char> >, std::allocator<std::__cxx11::basic_string<char, std::char_traits<char>, std::allocator<char> > > >::_M_realloc_insert<std::__cxx11::basic_string<char, std::char_traits<char>, std::allocator<char> > >(__gnu_cxx::__normal_iterator<std::__cxx11::basic_string<char, std::char_traits<char>, std::allocator<char> >*, std::vector<std::__cxx11::basic_string<char, std::char_traits<char>, std::allocator<char> >, std::allocator<std::__cxx11::basic_string<char, std::char_traits<char>, std::allocator<char> > > > >, std::__cxx11::basic_string<char, std::char_traits<char>, std::allocator<char> >&&)
calls=33 0 
0 42425 8995 8252 40 243 1080 10 0 18
0 132 99 0 0 1

fn=(2334)
0 6 1 0 1 0 0 1

fn=(2338)
0 10 2 0 1 0 0 1

fn=(3902) cmdstan::arg_id::~arg_id()
0 28 5 5 3 2 0 3
cob=(2)
cfi=(51)
cfn=(1950)
calls=1 0 
0 120 35 14 0 2
0 8 2
cob=(2)
cfi=(51)
cfn=(1950)
calls=1 0 
0 148 44 18

fn=(3910) cmdstan::arg_random::~arg_random()
0 18 5 4 2 4 0 2
cfn=(3912)
calls=1 0 
0 378 109 49 3 7 0 3
0 12 3 2 1 0 0 1
cob=(2)
cfi=(51)
cfn=(1950)
calls=1 0 
0 120 35 14 0 1
0 9 2 2
cob=(2)
cfi=(51)
cfn=(1950)
calls=1 0 
0 120 35 14
0 10 3 0 1 0 0 1
cob=(2)
cfi=(51)
cfn=(1950)
calls=1 0 
0 120 35 14

fn=(2592)
0 2376 198 990 36 68 0 3
cob=(2)
cfi=(51)
cfn=(2102)
calls=99 0 
0 4353 843 756 32
0 396 198 99 0 31
cfn=(2696)
calls=3 0 
0 567 84 69 23 8 0 9 2
cfn=(2692)
calls=18 0 
0 1506 390 282 8 21 1 1
cfn=(2686)
calls=9 0 
0 729 153 135 12 9 0 5
cfn=(2676) cmdstan::singleton_argument<double>::print_value[abi:cxx11]()
calls=18 0 
0 61968 15486 11013 1528 146 45 9
cfn=(2672) cmdstan::singleton_argument<bool>::print_value[abi:cxx11]()
calls=12 0 
0 1140 252 180 10 10 0 2
cfn=(2668) cmdstan::singleton_argument<int>::print_value[abi:cxx11]()
calls=27 0 
0 2049 453 417 30 19 0 7
cfn=(2594)
calls=12 0 
0 933 264 156 12 22 0 2
0 495 0 99
cfn=(2596)
calls=99 0 
0 10551 2712 2043 42 0 0 2
0 396 198 99 10 0 0 1
cob=(2)
cfi=(51)
cfn=(1970)
calls=99 0 
0 9363 2169 1395 29 2
0 945 153 288 2
cfn=(2598)
calls=27 0 
0 2808 621 513 8
0 720 72 360 6 0 0 1
cfn=(2598)
calls=72 0 
0 12015 2664 2025 32 2 0 3 1
0 495 0 99
cfn=(1968)
calls=99 0 
0 11457 2841 2040 83 0 3 1
0 1503 402 6 4 0 0 2
cob=(2)
cfi=(51)
cfn=(1950)
calls=6 0 
0 594 186 90 0 1
0 297 198 99 2 12 0 1
cfn=(2698)
calls=3 0 
0 15 9 0 2 0 0 1
cfn=(2694) cmdstan::singleton_argument<std::__cxx11::basic_string<char, std::char_traits<char>, std::allocator<char> > >::is_default()
calls=18 0 
0 285 90 6 16 8 0 2
cfn=(2688) cmdstan::singleton_argument<unsigned int>::is_default()
calls=9 0 
0 45 27 0 3 0 0 1
cfn=(2684) cmdstan::singleton_argument<double>::is_default()
calls=18 0 
0 126 54 0 3 0 0 1
cfn=(2674)
calls=12 0 
0 60 36 0 2 0 0 1
cfn=(2670) cmdstan::singleton_argument<int>::is_default()
calls=27 0 
0 135 81 0 4 0 0 2
cfn=(2600)
calls=12 0 
0 60 36 0 3 0 0 1
0 594 198 99 0 2
cfn=(3246)
calls=66 0 
0 22957 7956 3863 104 0 1 0 0 1
cfn=(2610)
calls=33 0 
0 26556 8974 4592 179 61 3 58 13 2
0 693 198 99
cob=(2)
cfi=(51)
cfn=(1950)
calls=99 0 
0 9801 3069 1485 33
0 1638 1089 84 2 0 0 1
cob=(2)
cfi=(51)
cfn=(2602) 0x0000000000120be0
calls=84 0 
0 20796 5197 2989 80 33 0 5 1
0 300 72 72 2 0 0 1

fn=(2718)
0 52 4 28 6 0 2 3
cfn=(2720)
calls=2 0 
0 1428 346 193 31 13 8 10
0 8 0 2
cob=(2)
cfi=(51)
cfn=(1940)
calls=2 0 
0 108 28 18 1
0 38 8 4 2 0 0 1
cfn=(1886)
calls=2 0 
0 268 65 44
0 6 0 2
cob=(2)
cfi=(51)
cfn=(1940)
calls=2 0 
0 62 16 16
0 14 2 4 2 0 1 1
cfn=(1908)
calls=2 0 
0 268 65 44 0 1 2
0 14 4 4 2 0 0 1
cfn=(1908)
calls=2 0 
0 114 28 20
0 18 6 2 2 0 0 1
cob=(2)
cfi=(51)
cfn=(1950)
calls=2 0 
0 198 62 30
0 32 22 0 2 0 0 1

fn=(2726)
0 180 29 0 5 0 0 2

fn=(2856)
0 28 7 4 3 1 0 3 1
cfn=(2858) void rapidjson::GenericReader<rapidjson::UTF8<char>, rapidjson::UTF8<char>, rapidjson::CrtAllocator>::ParseObject<274u, rapidjson::BasicIStreamWrapper<std::istream>, stan::json::RapidJSONHandler<stan::json::json_data_handler> >(rapidjson::BasicIStreamWrapper<std::istream>&, stan::json::RapidJSONHandler<stan::json::json_data_handler>&)
calls=1 0 
0 347669 95211 57459 1160 217 150 670 60 119

fn=(2857) void rapidjson::GenericReader<rapidjson::UTF8<char>, rapidjson::UTF8<char>, rapidjson::CrtAllocator>::ParseValue<274u, rapidjson::BasicIStreamWrapper<std::istream>, stan::json::RapidJSONHandler<stan::json::json_data_handler> >(rapidjson::BasicIStreamWrapper<std::istream>&, stan::json::RapidJSONHandler<stan::json::json_data_handler>&)'2
0 5589 1272 916 5 1 0 0 1
cfn=(3074) void rapidjson::GenericReader<rapidjson::UTF8<char>, rapidjson::UTF8<char>, rapidjson::CrtAllocator>::ParseNumber<274u, rapidjson::BasicIStreamWrapper<std::istream>, stan::json::RapidJSONHandler<stan::json::json_data_handler> >(rapidjson::BasicIStreamWrapper<std::istream>&, stan::json::RapidJSONHandler<stan::json::json_data_handler>&)
calls=195 0 
0 105763 29478 18689 79 12 27 39 5 25
0 306 170 34 1 0 0 1
cfn=(2804)
calls=34 0 
0 519 193 100 7
0 136 0 68 1 0 0 1
cfn=(1916)
calls=34 0 
0 2890 578 374
0 102 102 34
cfn=(3056)
calls=34 0 
0 52873 12747 7278 63 2 6 50 0 4
0 68 0 34
cfn=(2854)
calls=34 0 
0 934 304 144 2
0 1100 102 224 2 0 0 2
cfn=(2857)
calls=224 0 
0 316589 84965 52161 129 26 54 103 12 50
0 1120 224 224
cfn=(2854)
calls=224 0 
0 3583 1190 488
0 1948 672 190
cfn=(2804)
calls=190 0 
0 11029 3667 2012 0 3 0 0 3
0 380 0 190 2 0 0 1
cfn=(2854)
calls=190 0 
0 21323 6741 3694 0 5 0 0 5
0 706 190 34 2 0 0 1
cfn=(2804)
calls=34 0 
0 340 136 68
0 102 102 34
cfn=(3084) stan::json::json_data_handler::end_array()
calls=34 0 
0 49801 12223 7114 31 0 0 19
0 102 34 0 2 0 0 1

fn=(2860) stan::json::json_data_handler::start_object()
0 45 22 8 5 0 0 5

fn=(2864) bool rapidjson::UTF8<char>::Validate<rapidjson::BasicIStreamWrapper<std::istream>, rapidjson::GenericReader<rapidjson::UTF8<char>, rapidjson::UTF8<char>, rapidjson::CrtAllocator>::StackStream<char> >(rapidjson::BasicIStreamWrapper<std::istream>&, rapidjson::GenericReader<rapidjson::UTF8<char>, rapidjson::UTF8<char>, rapidjson::CrtAllocator>::StackStream<char>&)
0 195 30 105 5 0 0 1
cfn=(2804)
calls=15 0 
0 866 288 158 0 1 0 0 1
0 30 15 15
cfn=(2866)
calls=15 0 
0 569 152 107 14 2 1 6 0 1
0 195 105 30 4 0 0 2

fn=(2978) boost::re_detail_500::basic_regex_parser<char, boost::regex_traits<char, boost::cpp_regex_traits<char> > >::parse_set_literal(boost::re_detail_500::basic_char_set<char, boost::regex_traits<char, boost::cpp_regex_traits<char> > >&)
0 102 6 42 2 0 0 2
cfn=(2980) boost::re_detail_500::basic_regex_parser<char, boost::regex_traits<char, boost::cpp_regex_traits<char> > >::get_next_set_literal(boost::re_detail_500::basic_char_set<char, boost::regex_traits<char, boost::cpp_regex_traits<char> > >&)
calls=6 0 
0 222 78 48 3 0 0 3
0 119 46 10 1 0 0 1
cfn=(2980)
calls=5 0 
0 185 65 40
0 106 51 15 3 0 0 3
cfn=(2986)
calls=1 0 
0 261 51 48 5 0 1 5 0 1
0 78 49 6 2 0 0 2
cfn=(2982) void std::vector<boost::re_detail_500::digraph<char>, std::allocator<boost::re_detail_500::digraph<char> > >::_M_realloc_insert<boost::re_detail_500::digraph<char> const&>(__gnu_cxx::__normal_iterator<boost::re_detail_500::digraph<char>*, std::vector<boost::re_detail_500::digraph<char>, std::allocator<boost::re_detail_500::digraph<char> > > >, boost::re_detail_500::digraph<char> const&)
calls=5 0 
0 1150 262 177 10 0 1 10 0 1
0 21 10 2
cfn=(2982)
calls=2 0 
0 636 146 98 1 0 0 1
0 2

fn=(2982)
0 380 27 60 8 0 0 8
cob=(2)
cfi=(51)
cfn=(1950)
calls=5 0 
0 495 155 75
0 96 54 28 1 0 0 1
cob=(2)
cfi=(51)
cfn=(1004)
calls=7 0 
0 673 153 100 0 0 1 0 0 1
0 142 19 12 2 0 0 2

fn=(3000) boost::re_detail_500::basic_regex_creator<char, boost::regex_traits<char, boost::cpp_regex_traits<char> > >::finalize(char const*, char const*)
0 21 3 8 2 0 0 2
cfn=(2968)
calls=1 0 
0 48 12 12
0 22 5 7 2 0 0 2
cfn=(3002) boost::re_detail_500::basic_regex_creator<char, boost::regex_traits<char, boost::cpp_regex_traits<char> > >::fixup_pointers(boost::re_detail_500::re_syntax_base*)
calls=1 0 
0 124 16 43 4 1 0 4 1
0 7 3 2
cfn=(3004)
calls=1 0 
0 2194 422 176 36 1 0 36 1
0 52 4 36 2 0 0 2
cfn=(3008)
calls=1 0 
0 1673 283 71 2 1 0 2 1
0 32 16 1 1 2 0 1 2
cfn=(3012) boost::re_detail_500::basic_regex_creator<char, boost::regex_traits<char, boost::cpp_regex_traits<char> > >::probe_leading_repeat(boost::re_detail_500::re_syntax_base*)
calls=1 0 
0 31 5 0 2 0 0 2
0 7 1 1 1 0 0 1
cob=(2)
cfi=(51)
cfn=(1948)
calls=1 0 
0 13 4 2 0 0 1
0 1 0 0 1 0 0 1

fn=(3078) stan::json::json_data_handler::number_unsigned_int(unsigned int)
0 4485 390 1950 3 0 0 2
cfn=(2872)
calls=195 0 
0 21076 4866 3894
0 3849 1051 427 2 0 0 1
cob=(2)
cfi=(51)
cfn=(2306)
calls=232 0 
0 4896 992
0 4968 815 195 2 0 0 2
cfn=(3080) std::__cxx11::basic_string<char, std::char_traits<char>, std::allocator<char> >::compare(std::__cxx11::basic_string<char, std::char_traits<char>, std::allocator<char> > const&) const [clone .isra.0]
calls=195 0 
0 8943 1365 585 2 0 0 2
0 5265 2535 576 4 0 7 4 0 6
cfn=(3082)
calls=9 0 
0 2754 650 443 10 6 20 6 0 19
0 9

fn=(3080)
0 2940 0 735 1 0 0 1
cob=(2)
cfi=(51)
cfn=(2306)
calls=245 0 
0 4974 980
0 3073 735 0 1 0 0 1

fn=(3094) stan::json::json_data_handler::convert_offset_rtl_2_ltr(std::__cxx11::basic_string<char, std::char_traits<char>, std::allocator<char> >, unsigned long, std::vector<unsigned long, std::allocator<unsigned long> > const&) [clone .isra.0]
0 9440 1920 800 6 0 0 6

fn=(3102) std::_Rb_tree<std::__cxx11::basic_string<char, std::char_traits<char>, std::allocator<char> >, std::pair<std::__cxx11::basic_string<char, std::char_traits<char>, std::allocator<char> > const, std::pair<std::vector<int, std::allocator<int> >, std::vector<unsigned long, std::allocator<unsigned long> > > >, std::_Select1st<std::pair<std::__cxx11::basic_string<char, std::char_traits<char>, std::allocator<char> > const, std::pair<std::vector<int, std::allocator<int> >, std::vector<unsigned long, std::allocator<unsigned long> > > > >, std::less<std::__cxx11::basic_string<char, std::char_traits<char>, std::allocator<char> > >, std::allocator<std::pair<std::__cxx11::basic_string<char, std::char_traits<char>, std::allocator<char> > const, std::pair<std::vector<int, std::allocator<int> >, std::vector<unsigned long, std::allocator<unsigned long> > > > > >::_M_get_insert_hint_unique_pos(std::_Rb_tree_const_iterator<std::pair<std::__cxx11::basic_string<char, std::char_traits<char>, std::allocator<char> > const, std::pair<std::vector<int, std::allocator<int> >, std::vector<unsigned long, std::allocator<unsigned long> > > > >, std::__cxx11::basic_string<char, std::char_traits<char>, std::allocator<char> > const&)
0 121 16 38 7 0 0 2
cob=(2)
cfi=(51)
cfn=(2306)
calls=4 0 
0 60 18
0 40 8 2 4
cob=(2)
cfi=(51)
cfn=(3106) 0x00000000001204f0
calls=2 0 
0 36 11
0 12 4 2
cfn=(3080)
calls=2 0 
0 60 14 6
0 14 6 0 2 0 0 2
cfn=(3104)
calls=1 0 
0 30 10 8 5 0 0 5
0 52 31 0 9 1 0 2

fn=(3140) std::_Rb_tree<std::__cxx11::basic_string<char, std::char_traits<char>, std::allocator<char> >, std::pair<std::__cxx11::basic_string<char, std::char_traits<char>, std::allocator<char> > const, stan::json::array_dims>, std::_Select1st<std::pair<std::__cxx11::basic_string<char, std::char_traits<char>, std::allocator<char> > const, stan::json::array_dims> >, std::less<std::__cxx11::basic_string<char, std::char_traits<char>, std::allocator<char> > >, std::allocator<std::pair<std::__cxx11::basic_string<char, std::char_traits<char>, std::allocator<char> > const, stan::json::array_dims> > >::_M_erase(std::_Rb_tree_node<std::pair<std::__cxx11::basic_string<char, std::char_traits<char>, std::allocator<char> > const, stan::json::array_dims> >*)
0 40 14 16 2 0 0 2

fn=(3182)
0 76 1 45 5 0 8 5 0 8
cob=(2)
cfi=(51)
cfn=(1888)
calls=1 0 
0 17442 17415 17410 3 273 261 3 272 186
0 237277 13881 9343 31 3 26 31 1 22
cfn=(1822)
calls=1 0 
0 79 17 13 6 4 1 1 0 1
0 3 1 1
cfn=(1822)
calls=1 0 
0 51 12 11 0 1
0 5 0 1 1 0 0 1
cfn=(1822)
calls=1 0 
0 148 35 24 4 11 1 0 1 1
0 8 2 2
cfn=(3184)
calls=1 0 
0 688 170 69 18 9 3 11 0 3
0 8 2 2 1 0 0 1
cob=(2)
cfi=(51)
cfn=(1950)
calls=1 0 
0 99 31 15 0 5
0 19 7 3 2 0 1 2
cfn=(1822)
calls=1 0 
0 51 12 11
0 6 2 2 1 0 0 1
cfn=(3186) stan::json::json_data::vals_i(std::__cxx11::basic_string<char, std::char_traits<char>, std::allocator<char> > const&) const
calls=1 0 
0 453 112 49 3 2 1 3 0 1
0 6 3 2
cob=(2)
cfi=(51)
cfn=(1950)
calls=1 0 
0 99 31 15
0 15 6 3 1 0 0 1
cfn=(1822)
calls=1 0 
0 79 17 13
0 3 1 1 1 0 0 1
cfn=(1822)
calls=1 0 
0 51 12 11 0 1 0 0 1
0 3 0 1
cfn=(1822)
calls=1 0 
0 148 35 24
0 6 4 1
cfn=(3184)
calls=1 0 
0 685 170 69
0 6 3 1 1 0 0 1
cob=(2)
cfi=(51)
cfn=(1950)
calls=1 0 
0 99 31 15
0 16 8 2 2 0 0 2
cfn=(1822)
calls=1 0 
0 51 12 11
0 6 2 2
cfn=(3186)
calls=1 0 
0 451 112 49 0 0 1 0 0 1
0 6 3 2 1 0 0 1
cob=(2)
cfi=(51)
cfn=(1950)
calls=1 0 
0 99 31 15
0 15 6 3 1 0 0 1
cfn=(1822)
calls=1 0 
0 79 17 13
0 3 1 1
cfn=(1822)
calls=1 0 
0 51 12 11 0 1 0 0 1
0 3 0 1
cfn=(1822)
calls=1 0 
0 148 35 24
0 6 4 1 1 0 0 1
cfn=(3184)
calls=1 0 
0 685 170 69 0 2
0 6 3 1
cob=(2)
cfi=(51)
cfn=(1950)
calls=1 0 
0 99 31 15
0 16 8 2 2 0 0 2
cfn=(1822)
calls=1 0 
0 51 12 11
0 6 2 2 1 0 0 1
cfn=(3186)
calls=1 0 
0 451 112 49 0 1
0 6 3 2
cob=(2)
cfi=(51)
cfn=(1950)
calls=1 0 
0 99 31 15
0 22 7 5 2 0 1 2 0 1
cfn=(3188)
calls=1 0 
0 75 19 17 1 0 0 1
0 3 1 1
cfn=(1822)
calls=1 0 
0 79 17 13
0 3 1 1 1 0 0 1
cfn=(1822)
calls=1 0 
0 76 17 13
0 3 0 1
cfn=(1822)
calls=1 0 
0 148 35 24 0 1
0 6 4 1
cfn=(3184)
calls=1 0 
0 940 224 97 1 3 1 1 0 1
0 6 3 1 1 0 0 1
cob=(2)
cfi=(51)
cfn=(1950)
calls=1 0 
0 99 31 15
0 12 5 1 1 0 0 1
cob=(2)
cfi=(51)
cfn=(1950)
calls=1 0 
0 99 31 15
0 9 1 1 1 0 0 1
cob=(2)
cfi=(51)
cfn=(1004)
calls=1 0 
0 59 15 8 0 2
0 67 7 11 3 1 2 3
cfn=(1822)
calls=1 0 
0 76 17 13
0 6 2 2
cfn=(3186)
calls=1 0 
0 652 143 82 2 8 5 0 0 3
0 13 4 5 2 0 0 2
cob=(2)
cfi=(51)
cfn=(1950)
calls=1 0 
0 99 31 15
0 239 42 12 4 0 1 4 0 1
cob=(2)
cfi=(51)
cfn=(1004)
calls=1 0 
0 59 15 8
0 11 2 4 1 0 0 1
cfn=(1822)
calls=1 0 
0 79 17 13
0 4 1 1
cfn=(1822)
calls=1 0 
0 74 17 13
0 3 0 1
cfn=(1822)
calls=1 0 
0 148 35 24
0 6 3 1 1 0 0 1
cfn=(3184)
calls=1 0 
0 908 213 94 0 2
0 6 3 1
cob=(2)
cfi=(51)
cfn=(1950)
calls=1 0 
0 99 31 15
0 12 5 1 2 0 0 2
cob=(2)
cfi=(51)
cfn=(1950)
calls=1 0 
0 99 31 15
0 9 1 1
cob=(2)
cfi=(51)
cfn=(1004)
calls=1 0 
0 59 15 8
0 42 3 5 4 0 0 4
cob=(2)
cfi=(51)
cfn=(1004)
calls=1 0 
0 215 43 39 0 2 2 0 0 2
0 14 3 4 1 0 0 1
cob=(2)
cfi=(51)
cfn=(1004)
calls=1 0 
0 59 15 8
0 155 31 93 0 0 11 0 0 2
cob=(2)
cfi=(51)
cfn=(1004)
calls=31 0 
0 5989 1219 1054 0 4 13 0 0 13
0 416 64 128 1 0 0 1
cob=(2)
cfi=(51)
cfn=(1888)
calls=32 0 
0 416 128 64 0 0 1
0 151 37 36 2 1 0 2
cob=(2)
cfi=(51)
cfn=(1950)
calls=1 0 
0 99 31 15
0 7 4 1 1 0 0 1
cfn=(1822)
calls=1 0 
0 74 17 13
0 4 1 1
cfn=(3186)
calls=1 0 
0 531 123 66 0 13 9
0 3455 495 961 4 0 0 4
cob=(2)
cfi=(51)
cfn=(1950)
calls=1 0 
0 99 31 15
0 1500 228 71 4 0 0 4
cob=(2)
cfi=(51)
cfn=(1004)
calls=1 0 
0 1314 230 178 9 19 3 6 0 2
0 1031 2 253 3 0 61 3 0 61
cob=(2)
cfi=(51)
cfn=(1004)
calls=1 0 
0 59 15 8
0 12 0 3 1 0 1 1
cob=(2)
cfi=(51)
cfn=(1004)
calls=1 0 
0 355 52 46 2 3 1 0 0 1
0 20 0 12
cob=(2)
cfi=(51)
cfn=(1004)
calls=4 0 
0 804 144 124 0 0 4 0 0 4
0 65 5 20 1 0 0 1
cob=(2)
cfi=(51)
cfn=(1888)
calls=5 0 
0 2051 657 637 0 0 308 0 0 308
0 111 14 23 10 0 3 10 0 2
cob=(2)
cfi=(51)
cfn=(1950)
calls=1 0 
0 183 54 23 1 2 0 1
0 211568 41188 46175 19 38 361 19 0 125
cob=(2)
cfi=(51)
cfn=(3136)
calls=1 0 
0 6 2 0 1 1
0 12 2 5 1 0 0 1
cob=(2)
cfi=(51)
cfn=(1026)
calls=1 0 
0 277 47 42 1 1 1 0 0 1
0 7 0 1 2 0 0 2

fn=(3220) auto cmdstan::get_arg_val<cmdstan::singleton_argument<std::__cxx11::basic_string<char, std::char_traits<char>, std::allocator<char> > >, cmdstan::argument_parser&>(cmdstan::argument_parser&, char const*)
0 20 1 8 2 0 0 2
cob=(2)
cfi=(51)
cfn=(1824)
calls=1 0 
0 16 3 0 0 1
0 5 0 1
cfn=(1886)
calls=1 0 
0 57 14 10
0 3 0 1
cfn=(2348)
calls=1 0 
0 303 80 38
0 11 1 1 1 0 0 1
cob=(2)
cfi=(51)
cfn=(2280)
calls=1 0 
0 221 66 36 0 3
0 7 2 2 1 1 1 1
cfn=(1908)
calls=1 0 
0 35 11 8 0 1
0 11 8

fn=(3222) double __gnu_cxx::__stoa<double, double, char>(double (*)(char const*, char**), char const*, char const*, unsigned long*)
0 16 1 8 2 0 0 2
cob=(2)
cfi=(51)
cfn=(2314)
calls=1 0 
0 6 4 0 2 1
0 6 1 2
cob=(3)
cfi=(369) ./stdlib/./stdlib/strtod.c
cfn=(3224) strtod
calls=1 81 
0 399 72 44 47 10 0 44 2
0 23 11 1 2 0 0 1

fn=(3362) auto cmdstan::get_arg_val<cmdstan::singleton_argument<int>, cmdstan::argument_parser&, char const (&) [7], char const (&) [7], char const (&) [12]>(cmdstan::argument_parser&, char const (&) [7], char const (&) [7], char const (&) [12])
0 20 1 9 2 0 0 2
cob=(2)
cfi=(51)
cfn=(1824)
calls=1 0 
0 16 3
0 4 0 1
cfn=(1886)
calls=1 0 
0 57 14 10
0 3 0 1
cfn=(2348)
calls=1 0 
0 110 31 16
0 9 2 3 1 0 0 1
cob=(2)
cfi=(51)
cfn=(1824)
calls=1 0 
0 16 3
0 4 0 1
cfn=(1886)
calls=1 0 
0 57 14 10
0 4 1 1
cfn=(2576)
calls=1 0 
0 135 40 18
0 3 0 1
cfn=(2584)
calls=1 0 
0 221 59 36 0 1
0 14 2 1 2 0 0 2
cob=(2)
cfi=(51)
cfn=(2280)
calls=1 0 
0 211 66 36
0 12 10

fn=(3370) auto cmdstan::get_arg_val<cmdstan::singleton_argument<bool>, cmdstan::argument_parser&, char const (&) [7], char const (&) [7], char const (&) [6], char const (&) [8]>(cmdstan::argument_parser&, char const (&) [7], char const (&) [7], char const (&) [6], char const (&) [8])
0 21 1 10 2 0 0 2
cob=(2)
cfi=(51)
cfn=(1824)
calls=1 0 
0 16 3
0 4 0 1
cfn=(1886)
calls=1 0 
0 57 14 10
0 3 0 1
cfn=(2348)
calls=1 0 
0 110 31 16
0 9 2 3 1 0 0 1
cob=(2)
cfi=(51)
cfn=(1824)
calls=1 0 
0 16 3
0 4 0 1
cfn=(1886)
calls=1 0 
0 57 14 10
0 4 1 1
cfn=(2576)
calls=1 0 
0 135 40 18
0 9 2 3 1 0 0 1
cob=(2)
cfi=(51)
cfn=(1824)
calls=1 0 
0 16 3 0 0 1
0 4 0 1
cfn=(1886)
calls=1 0 
0 57 14 10
0 4 1 1
cfn=(2580)
calls=1 0 
0 312 82 44
0 3 1 1 1 0 0 1
cfn=(2584)
calls=1 0 
0 225 59 36 0 1
0 17 3 1 1 0 0 1
cob=(2)
cfi=(51)
cfn=(2280)
calls=1 0 
0 215 66 36
0 12 10 0 1 0 0 1

fn=(3402)
0 42 1 14 3 0 7 3 0 2
cob=(2)
cfi=(51)
cfn=(1888)
calls=1 0 
0 17410 17383 17378 3 273 270 0 272
0 253120 14814 9963 34 7 21 34 0 13

fn=(3410)
0 32 2 18 3 0 0 3
cfn=(3412) std::vector<double, std::allocator<double> >::vector(unsigned long, std::allocator<double> const&) [clone .constprop.0]
calls=1 0 
0 8482 75 8107 6 7 127 3
0 13 4 5 1 0 0 1
cfn=(3406)
calls=1 0 
0 821 164 133 0 0 2
0 6 4 1
cfn=(3414) model_model_namespace::model_model::get_dims(std::vector<std::vector<unsigned long, std::allocator<unsigned long> >, std::allocator<std::vector<unsigned long, std::allocator<unsigned long> > > >&, bool, bool) const
calls=1 0 
0 1005 238 185 10 10 1 10
0 17 3 7 2 1 0 2
cfn=(3418) stan::model::model_base_crtp<model_model_namespace::model_model>::write_array(boost::random::mixmax_engine<17, 36u, 0l>&, std::vector<double, std::allocator<double> >&, std::vector<int, std::allocator<int> >&, std::vector<double, std::allocator<double> >&, bool, bool, std::ostream*) const
calls=1 0 
0 5369 688 1130 35 8 125 35 3
0 20 2 2 1 0 0 1
cob=(2)
cfi=(51)
cfn=(1004)
calls=1 0 
0 59 15 8 0 1
0 119 17 17 6 0 1 6
cob=(2)
cfi=(51)
cfn=(1004)
calls=3 0 
0 362 67 48 0 1 1 0 0 1
0 36 0 9 1 0 0 1
cob=(2)
cfi=(51)
cfn=(1888)
calls=3 0 
0 816 265 257 0 1 124 0 0 124
0 75 26 16 3 0 0 3
cfn=(3434) std::vector<std::vector<double, std::allocator<double> >, std::allocator<std::vector<double, std::allocator<double> > > >::~vector()
calls=1 0 
0 15 6 3 3 0 0 3
0 2 0 1
cfn=(3434)
calls=1 0 
0 15 6 3
0 9 3 1 1 0 0 1
cob=(2)
cfi=(51)
cfn=(1950)
calls=1 0 
0 142 40 19 1
0 7072 4037 1010 4 3 0 4
cfn=(3416) double boost::random::detail::generate_uniform_real<boost::random::mixmax_engine<17, 36u, 0l>, double>(boost::random::mixmax_engine<17, 36u, 0l>&, double, double, boost::integral_constant<bool, true>) [clone .isra.0]
calls=1006 0 
0 54008 6084 3128 6 1 0 6
0 5031 1006 1006

fn=(3414)
0 18 2 11 2 1 0 2
cob=(2)
cfi=(51)
cfn=(1004)
calls=1 0 
0 55 15 8 0 2
0 10 1 4 1 0 0 1
cob=(2)
cfi=(51)
cfn=(1004)
calls=1 0 
0 55 15 8 0 1
0 12 0 6 1 0 0 1
cob=(2)
cfi=(51)
cfn=(1004)
calls=1 0 
0 59 15 8 0 1
0 21 0 5 1 0 0 1
cob=(2)
cfi=(51)
cfn=(1004)
calls=2 0 
0 426 88 78 0 1 1
0 25 0 10
cob=(2)
cfi=(51)
cfn=(1888)
calls=2 0 
0 30 8 4
0 77 19 13 4 0 0 4
cob=(2)
cfi=(51)
cfn=(1950)
calls=2 0 
0 198 62 30 0 4
0 19 13 0 1 0 0 1

fn=(3416)
0 54008 6084 3128 6 1 0 6

fn=(3444)
0 2029027 368914 737828 43 0 3354 41
cob=(2)
cfi=(51)
cfn=(3136)
calls=184457 0 
0 1106742 368914 0 84 84536 0 40
0 1475656 0 184457 43 0 0 41
cob=(2)
cfi=(51)
cfn=(1026)
calls=184457 0 
0 33231405 5947651 5112452 43505 543598 433877 0 0 1315
0 2213484 737828 368914 43 0 0 41

fn=(3484)
0 16 1 8 2 0 1 2
cfn=(3486) stan::math::var_value<double, void>::var_value<double, (void*)0>(double) [clone .constprop.1]
calls=1 0 
0 35 12 10 3 0 2 3
0 7 0 4 0 0 1
cfn=(3488)
calls=1 0 
0 18 7 4 2 0 0 2
0 28 9 5 2 2 2 2 0 2
cfn=(3490)
calls=1 0 
0 9 4 2 1 0 0 1
0 17 1 3 2 1 0 2
cob=(2)
cfi=(51)
cfn=(1004)
calls=1 0 
0 59 15 8 0 5
0 74 13 18 4 2 0 4
cfn=(3490)
calls=1 0 
0 129 29 20 0 1 1
0 12 2 5 1 0 0 1
cob=(2)
cfi=(51)
cfn=(3424)
calls=1 0 
0 56 18 2 0 6
0 18 4 7 2 0 1 2 0 1
cfn=(3490)
calls=1 0 
0 252 65 39 0 1 1
0 15 4 7 1 1 0 1
cfn=(3492)
calls=1 0 
0 1483 365 261 42 12 11 38 0 5
0 3 1 1
cfn=(3498) void stan::math::accumulator<stan::math::var_value<double, void>, void>::add<stan::math::var_value<double, void>, void>(stan::math::var_value<double, void>)
calls=1 0 
0 29 10 8 2 0 0 2
0 9 2 4 1 0 0 1
cfn=(3500) stan::return_type<Eigen::Map<Eigen::Matrix<stan::math::var_value<double, void>, -1, 1, 0, -1, 1> const, 0, Eigen::Stride<0, 0> >&, double, double>::type stan::math::normal_lpdf<true, Eigen::Map<Eigen::Matrix<stan::math::var_value<double, void>, -1, 1, 0, -1, 1> const, 0, Eigen::Stride<0, 0> >&, double, double, (void*)0>(Eigen::Map<Eigen::Matrix<stan::math::var_value<double, void>, -1, 1, 0, -1, 1> const, 0, Eigen::Stride<0, 0> >&, double&&, double&&)
calls=1 0 
0 35301 6082 12888 59 734 654 46 0 573
0 3 1 1
cfn=(3498)
calls=1 0 
0 29 10 8 0 1 1 0 0 1
0 7 1 2 1 1 0 1
cfn=(3510)
calls=1 0 
0 434 106 90 13 4 4 13 0 2
0 3 1 1
cfn=(3498)
calls=1 0 
0 29 10 8
0 78 21 21 2 6 10 2
cfn=(3512) auto stan::math::multiply<stan::math::var_value<double, void>, Eigen::Map<Eigen::Matrix<double, -1, 1, 0, -1, 1>, 0, Eigen::Stride<0, 0> > const&, (void*)0, (void*)0, (void*)0, (void*)0>(stan::math::var_value<double, void> const&, Eigen::Map<Eigen::Matrix<double, -1, 1, 0, -1, 1>, 0, Eigen::Stride<0, 0> > const&) [clone .isra.0]
calls=5 0 
0 160600 58463 73350 23 1351 3650 8 0 3274
0 25 10 5
cfn=(3514) auto stan::math::multiply<stan::math::var_value<double, void>, Eigen::Map<Eigen::Matrix<stan::math::var_value<double, void>, -1, 1, 0, -1, 1> const, 0, Eigen::Stride<0, 0> >&, (void*)0, (void*)0, (void*)0, (void*)0>(stan::math::var_value<double, void> const&, Eigen::Map<Eigen::Matrix<stan::math::var_value<double, void>, -1, 1, 0, -1, 1> const, 0, Eigen::Stride<0, 0> >&)
calls=5 0 
0 226279 114784 124651 15 4357 5096 13 0 5043
0 25 0 5 1 0 0 1
cfn=(3516)
calls=5 0 
0 158728 45705 45570 16 5671 3819 16 0 3136
0 80 10 20 1 5 0 1
cfn=(3518) stan::return_type<Eigen::Matrix<stan::math::var_value<double, void>, -1, 1, 0, -1, 1> >::type stan::math::bernoulli_logit_lpmf<true, std::vector<int, std::allocator<int> >, Eigen::Matrix<stan::math::var_value<double, void>, -1, 1, 0, -1, 1>, (void*)0>(std::vector<int, std::allocator<int> > const&, Eigen::Matrix<stan::math::var_value<double, void>, -1, 1, 0, -1, 1> const&)
calls=5 0 
0 1036455 205376 99596 51 5715 4503 49 0 2141
0 15 5 5
cfn=(3498)
calls=5 0 
0 145 50 40 0 5 5
0 20 5 5 0 5
cob=(2)
cfi=(51)
cfn=(3136)
calls=5 0 
0 843 247 105 0 5 10
0 16 7 1 1 5 0 1
cob=(2)
cfi=(51)
cfn=(1950)
calls=1 0 
0 99 31 15 0 7
0 4 2 1
cfn=(3498)
calls=1 0 
0 29 10 8
0 2 0 1
cfn=(3526)
calls=1 0 
0 151 45 23 7 9 3 7 0 3
0 11 9 0 1 2 0 1

fn=(3500)
0 169070 23055 76850 8088 0 0 599
cfn=(3444)
calls=7685 0 
0 1745829 319098 279516 599 46495 27434 0 0 59
0 107912770 23124165 23147220 30970 3932924 983631 2282 5339 7074
cob=(2)
cfi=(51)
cfn=(3136)
calls=7685 0 
0 1009308 301371 116740 31 8514
0 146015 69165 7685 15368 11200 5763 1122
cob=(2)
cfi=(51)
cfn=(1026)
calls=7685 0 
0 1511107 269606 232507 5055 102453 37316 0 0 608
0 69165 7685 7685
cob=(2)
cfi=(51)
cfn=(1888)
calls=7685 0 
0 6048095 1975045 1944305 237 332027 952927 40 0 13684
0 30740 7685 7685 7685 7685 0 666
cfn=(3494)
calls=7685 0 
0 107590 23055 7685 0 7685
0 30740 7685 7685
cfn=(3494)
calls=7685 0 
0 107590 23055 7685
0 161385 0 23055 7684 0 7685 666
cob=(2)
cfi=(51)
cfn=(1020)
calls=7685 0 
0 130645 15370 15370 0 7685 7685 0 0 1
0 76850 0 7685 7595 0 0 666
cob=(2)
cfi=(51)
cfn=(1020)
calls=7685 0 
0 61503055 23055 61357040 3760 0 960625 0 0 125
0 61480 0 7685
cob=(2)
cfi=(51)
cfn=(1020)
calls=7685 0 
0 130645 15370 15370
0 46110 7685 15370 7678 0 1922 666
cfn=(3494)
calls=7685 0 
0 107590 23055 7685
0 30740 7685 7685
cfn=(3494)
calls=7685 0 
0 107590 23055 7685
0 69165 0 15370 7685 0 2171 666
cob=(2)
cfi=(51)
cfn=(1888)
calls=7685 0 
0 6046757 1975045 1944305 726 0 968310 0 0 126
0 53795 0 46110 0 0 7348
cob=(2)
cfi=(51)
cfn=(3136)
calls=7685 0 
0 1004891 300132 116095 1157 88183 14918
0 99905 30740 38425 13487 16190 0 1181
cfn=(3444)
calls=7685 0 
0 1741670 317875 278820 0 17898 15323
0 27097310 3903980 3857870 11550 966380 14 1111
cfn=(3446)
calls=7685 0 
0 17483375 7731110
0 84535 15370 30740 7685 7685 2288 666
cfn=(3496)
calls=7685 0 
0 27643758 4057874 3942537 46080 24579 968314 10386 0 126
0 130645 30740 46110 15370 0 0 1332
cfn=(3490)
calls=7685 0 
0 69165 30740 15370 0 0 7685
0 230550 53795 69165 11816 0 7685 1094 0 1
cfn=(3490)
calls=7685 0 
0 69165 30740 15370 0 7685 7685
0 122960 23055 46110 3213 0 7685 428 0 1
cfn=(3490)
calls=7685 0 
0 69165 30740 15370 0 0 1
0 130645 30740 46110 11636 0 0 1094
cfn=(3490)
calls=7685 0 
0 69165 30740 15370
0 23055 7685 7685
cob=(2)
cfi=(51)
cfn=(3136)
calls=7685 0 
0 963103 289011 109692 0 2773 40
0 23055 0 0 7685 0 0 561

fn=(3524) stan::math::var_value<double, void>::var_value<double, (void*)0>(double)
0 1383300 461100 422675 27005 148484 94257 6438 0 3

fn=(3530)
0 230550 0 0 7682 0 0 374
cfn=(3532) void stan::math::internal::update_adjoints<stan::math::arena_matrix<Eigen::Matrix<stan::math::var_value<double, void>, -1, 1, 0, -1, 1>, void>, stan::math::arena_matrix<Eigen::Matrix<double, -1, 1, 0, -1, 1>, void>, (void*)0, (void*)0>(stan::math::arena_matrix<Eigen::Matrix<stan::math::var_value<double, void>, -1, 1, 0, -1, 1>, void>&, stan::math::arena_matrix<Eigen::Matrix<double, -1, 1, 0, -1, 1>, void> const&, stan::math::var_value<double, void> const&)
calls=38425 0 
0 308091650 115543975 38425000 15368 24088294 0 748

fn=(3536)
0 499909250 269167125 76850000 15370 38609440 0 4156

fn=(3554)
0 46110 30740 7685 7685 0 0 2078

fn=(3556)
0 46 3 10 4 0 1 4
cob=(2)
cfi=(51)
cfn=(1020)
calls=1 0 
0 8059 3 8040 0 1 125
0 27 9 3 2 0 0 2
cob=(2)
cfi=(51)
cfn=(1004)
calls=1 0 
0 451 68 56 0 16 6
0 6 2 0 1 0 0 1

fn=(3574)
0 297 55 88 23 0 0 3
cob=(2)
cfi=(51)
cfn=(1912)
calls=11 0 
0 2241 553 368 35 20 3 3
0 44 22 11
cob=(2)
cfi=(51)
cfn=(2612)
calls=11 0 
0 2471 751 442 49 41 4
0 121 55 11 5 0 0 1
cob=(2)
cfi=(51)
cfn=(2632)
calls=11 0 
0 1089 418 176 40 8
0 22 0 11
cob=(2)
cfi=(51)
cfn=(2644)
calls=11 0 
0 2783 891 440 107 11
0 66 22 11
cob=(2)
cfi=(51)
cfn=(1950)
calls=11 0 
0 1089 341 165 15 2
0 110 66 0 5 0 0 1

fn=(3578)
0 19 1 11 2 0 1 2
cfn=(3580)
calls=1 0 
0 238 47 42 18 3 0 4
0 8 2 4 1 2 0 1
cob=(2)
cfi=(51)
cfn=(1004)
calls=1 0 
0 55 15 8 0 1
0 14 0 5 1 0 0 1
cfn=(1886)
calls=1 0 
0 55 14 10 0 1
0 9 0 4 1 0 0 1
cfn=(1886)
calls=1 0 
0 55 14 10 0 1
0 8 0 3 1 0 0 1
cfn=(1886)
calls=1 0 
0 128 31 21 0 1
0 8 2 2
cfn=(3584) stan::io::array_var_context::validate_dims(std::__cxx11::basic_string<char, std::char_traits<char>, std::allocator<char> > const&, std::__cxx11::basic_string<char, std::char_traits<char>, std::allocator<char> > const&, std::__cxx11::basic_string<char, std::char_traits<char>, std::allocator<char> > const&, std::vector<unsigned long, std::allocator<unsigned long> > const&) const
calls=1 0 
0 616 153 77 29 10 0 16
0 6 3 1
cob=(2)
cfi=(51)
cfn=(1950)
calls=1 0 
0 99 31 15
0 12 5 1 2 0 0 2
cob=(2)
cfi=(51)
cfn=(1950)
calls=1 0 
0 99 31 15
0 7 2 2
cfn=(1886)
calls=1 0 
0 55 14 10
0 4 1 1 1 0 0 1
cfn=(3592) stan::io::array_var_context::vals_r(std::__cxx11::basic_string<char, std::char_traits<char>, std::allocator<char> > const&) const
calls=1 0 
0 1408 364 335 19 129 62 2
0 8060 2016 1007 1 0 124 1
cob=(2)
cfi=(51)
cfn=(1950)
calls=1 0 
0 181 53 21 0 2
0 12 9 0 1 0 0 1

fn=(3634)
0 122944 7684 61472 15301 0 0 2
cfn=(3636) stan::math::start_nested()
calls=7684 0 
0 484840 207629 130741 38162 46117 38417 67
0 84524 46104 23052 3854 23052 1922 1
cfn=(3640)
calls=7684 0 
0 11259338277 2397256881 1847800751 1389704 119972192 122520654 151952 21422 102237
0 46104 15368 15368 0 7684 7684
cfn=(3580)
calls=7684 0 
0 115260 30736 23052 7677
0 1321648 1283228 253572 7232 852924 0 1
cfn=(3554)
calls=7684 0 
0 46104 30736 7684 7684 0 0 2077
cfn=(3552)
calls=7684 0 
0 69156 53788 7684 42 7684 0 40
cfn=(3550)
calls=7684 0 
0 537880 261256 38420 4602 38420 0 1637
cfn=(3548)
calls=15368 0 
0 30736 15368
cfn=(3546)
calls=7684 0 
0 61656416 23105788 7684000 7491 4833236 0 373
cfn=(3544)
calls=15368 0 
0 30736 15368 0 3778 0 0 1303
cfn=(3542)
calls=7684 0 
0 61472 46104 7684 7684 15368 0 2077
cfn=(3540)
calls=15368 0 
0 30736 15368 0 7491 0 0 2077
cfn=(3538)
calls=38420 0 
0 269593140 115528940 38420 22983 24181548 0 5865
cfn=(3536)
calls=38420 0 
0 499844200 269132100 76840000 15368 38604416 0 4154
cfn=(3534)
calls=38420 0 
0 499844200 230712100 76840000 7768 57898940 0 2119
cfn=(3530)
calls=38420 0 
0 308282080 115528940 38420000 23047 24085150 0 1119
cfn=(3528)
calls=7684 0 
0 560932 169048 69156 7624 7684 0 1955
0 47487120 15490944 7737788 7684 3764311 983552 1 3958
cob=(2)
cfi=(51)
cfn=(3136)
calls=7684 0 
0 1516903 448351 187315 716 128459 21468 0 180
0 7684 0 7684
cfn=(3644) stan::math::recover_memory_nested()
calls=7684 0 
0 553248 192100 107576 34145 84524 0 52
0 130628 69156 7684 7726 15368 0 2
cfn=(3582)
calls=7684 0 
0 1552446 272197 240716 184 24120 29527 39
0 185660808 54141464 61886936 17954 603094 4453102 3

fn=(3642)
0 115260 7684 61472 15282 0 15368 358
cfn=(3486)
calls=7684 0 
0 268940 92208 76840 14827 0 11198 4737
0 53788 0 30736 7684 0 7684 179
cfn=(3488)
calls=7684 0 
0 138312 53788 30736 15355 0 0 4292
0 184416 61472 38420 15368 9606 23052 358
cfn=(3490)
calls=7684 0 
0 69156 30736 15368 42 0 0 40
0 130628 7684 23052 7595 7684 4170 179
cob=(2)
cfi=(51)
cfn=(1004)
calls=7684 0 
0 453356 115260 61472 30568 69156
0 568616 99892 138312 10952 7725 5538 370
cfn=(3490)
calls=7684 0 
0 69156 30736 15368 0 7684 7684
0 92208 15368 38420 7595 0 0 179
cob=(2)
cfi=(51)
cfn=(3424)
calls=7684 0 
0 430304 138312 15368 4265 46104 0 1551 15
0 138312 30736 53788 8096 0 7684 217
cfn=(3490)
calls=7684 0 
0 69156 30736 15368
0 115260 30736 53788 7595 7684 3354 179
cfn=(3492)
calls=7684 0 
0 7684000 1867212 1436908 178365 87080 104120 31805
0 23052 7684 7684 3838 0 0 143
cfn=(3498)
calls=7684 0 
0 222836 76840 61472 15355 0 0 356
0 69156 15368 30736
cfn=(3500)
calls=7684 0 
0 264434642 45149975 97951614 232781 5587307 4993801 25180 5339 21232
0 23052 7684 7684 3764 4170 0 143
cfn=(3498)
calls=7684 0 
0 222836 76840 61472 0 9116 7684
0 53788 7684 15368 0 7684
cfn=(3510)
calls=7684 0 
0 1475328 345780 407252 92337 12163 30736 25857
0 23052 7684 7684
cfn=(3498)
calls=7684 0 
0 222836 76840 61472
0 599352 161364 161364 15368 55714 60070 442
cfn=(3512)
calls=38420 0 
0 963819488 193083552 308320500 902 5046432 24223792 411
0 192100 76840 38420 7597 20850 0 221
cfn=(3514)
calls=38420 0 
0 1099426720 250882600 327568920 72772 22359231 29044118 6427 13027
0 192100 0 38420
cfn=(3516)
calls=38420 0 
0 1204085760 348477831 348182409 98242 43032725 29274615 8760 0 1849
0 614720 76840 153680 3691 38420 20850 143
cfn=(3518)
calls=38420 0 
0 7703373655 1553060574 761159605 461083 43206574 34556430 36783 3041 79156
0 115260 38420 38420 0 20850
cfn=(3498)
calls=38420 0 
0 1114180 384200 307360 0 45580 38420
0 153680 38420 38420 0 10410
cob=(2)
cfi=(51)
cfn=(3136)
calls=38420 0 
0 5794832 1761429 668127 0 81351 51472
0 122944 53788 7684 7677 42590 0 201
cob=(2)
cfi=(51)
cfn=(1950)
calls=7684 0 
0 760716 238204 115260 8012 50332
0 30736 15368 7684
cfn=(3498)
calls=7684 0 
0 222836 76840 61472
0 15368 0 7684 7684 0 0 201
cfn=(3526)
calls=7684 0 
0 1160284 345780 176732 27138 69156 23052 2031
0 84524 69156 0 0 15368

fn=(3658)
0 37095 7419 14838 3613 7418 0 1
cob=(2)
cfi=(51)
cfn=(3136)
calls=7419 0 
0 1592900 464289 207909 0 7725 4172
0 14838 7419 7419 0 1840
cob=(2)
cfi=(51)
cfn=(3136)
calls=7419 0 
0 1570088 456910 206255 3 9059 3491 0 1
0 22257 14838 0 3761 1903 0 1
cob=(2)
cfi=(51)
cfn=(3136)
calls=7419 0 
0 1025351 292059 143291 22 19496 7212 0 9

fn=(3666)
0 82 12 39 6 1 0 6
cob=(2)
cfi=(51)
cfn=(1970)
calls=5 0 
0 250 55 35 4 3
0 90 15 30 2 0 0 2
cob=(2)
cfi=(51)
cfn=(2948)
calls=5 0 
0 245 50 40 6 1
0 80 15 30 1 0 0 1
cfn=(1968)
calls=5 0 
0 345 85 65 4
0 15 5 5 1 0 0 1
cfn=(2276)
calls=5 0 
0 483 123 100 0 3 10
0 8386 1838 1804 6 0 0 6
cob=(2)
cfi=(51)
cfn=(2102)
calls=901 0 
0 44147 8109 7208 0 2
0 29813 4521 6347 2 4 0 2
cob=(2)
cfi=(51)
cfn=(1970)
calls=909 0 
0 45450 9999 6363 0 3
0 819 182 455
cob=(2)
cfi=(51)
cfn=(1970)
calls=91 0 
0 4550 1001 637
0 18000 3000 6000 2 0 0 2
cob=(2)
cfi=(51)
cfn=(2948)
calls=1000 0 
0 49000 10000 8000 0 1
0 16000 3000 6000 1 0 0 1
cfn=(1968)
calls=1000 0 
0 87826 19973 14982 0 0 1
0 3000 1000 1000
cfn=(2276)
calls=1000 0 
0 43837 11752 11531 1 105 1010 0 0 9
0 16008 7002 4 4 3 0 4
cfn=(2598)
calls=1 0 
0 102 22 18 6 2
0 3 1 1
cfn=(2276)
calls=1 0 
0 26 8 8
0 470 193 180 3 0 0 3
cob=(2)
cfi=(51)
cfn=(2102)
calls=90 0 
0 4410 810 720 1 1
0 968 292 101 2 4 0 2 1
cob=(2)
cfi=(51)
cfn=(2102)
calls=5 0 
0 130 35 30 3 1
0 7061 2023 18 1 1 0 1
cob=(2)
cfi=(51)
cfn=(2102)
calls=9 0 
0 234 63 54
0 6056 2021 2014 4 0 0 4
cfn=(2598)
calls=1 0 
0 100 22 18 0 1 0 0 1
0 3 1 1
cfn=(2276)
calls=1 0 
0 26 8 8 0 0 1
0 22 6 3 2 0 0 2
cfn=(2100) std::__cxx11::to_string(int)
calls=1 0 
0 57 14 14 4
0 12 4 4
cfn=(2100)
calls=4 0 
0 228 56 56
0 40 10 20 1 0 0 1
cfn=(2598)
calls=5 0 
0 430 95 80 0 1 0 0 1
0 30 5 5
cob=(2)
cfi=(51)
cfn=(2948)
calls=5 0 
0 245 50 40
0 70 15 30 2 0 0 2
cfn=(1968)
calls=5 0 
0 345 85 65
0 15 5 5
cfn=(2276)
calls=5 0 
0 130 40 40 0 0 2
0 3089 50 5 5 0 0 5

fn=(3702)
0 23 6 8 2 1 0 2
cfn=(3704) std::vector<std::__cxx11::basic_string<char, std::char_traits<char>, std::allocator<char> >, std::allocator<std::__cxx11::basic_string<char, std::char_traits<char>, std::allocator<char> > > >::reserve(unsigned long)
calls=1 0 
0 628 123 98 7 10 6 5 0 1
0 14088 5031 2012 1 0 503 1 0 349
cfn=(1908)
calls=1006 0 
0 55360 14084 10060 3 504
0 3038 1010 1012 2 2 1 2
cob=(2)
cfi=(51)
cfn=(1970)
calls=1 0 
0 50 11 7 0 2
0 12060 3015 5025
cob=(2)
cfi=(51)
cfn=(1970)
calls=1005 0 
0 48268 11055 7035 0 503
0 14084 3018 6036 1 0 0 1
cfn=(2276)
calls=1006 0 
0 26156 8048 8048 0 0 503 0 0 503
0 6056 3022 6 3 1 0 3
cob=(2)
cfi=(51)
cfn=(1970)
calls=1 0 
0 50 11 7
0 12060 3015 5025
cob=(2)
cfi=(51)
cfn=(1970)
calls=1005 0 
0 48268 11055 7035 0 503
0 14084 3018 6036 1 0 0 1
cfn=(2276)
calls=1006 0 
0 26156 8048 8048 0 0 503 0 0 502
0 18121 7051 2012 3 2 0 3

fn=(3724) stan::mcmc::expl_leapfrog<stan::mcmc::diag_e_metric<stan::model::model_base, boost::random::mixmax_engine<17, 36u, 0l> > >::update_q(stan::mcmc::diag_e_point&, stan::mcmc::diag_e_metric<stan::model::model_base, boost::random::mixmax_engine<17, 36u, 0l> >&, double, stan::callbacks::logger&)
0 205038 37970 91128 15188 0 0 2
cfn=(3598)
calls=7594 0 
0 1739026 318948 280978 0 976 12954
0 49953332 15362662 7647158 40653 1921898 3800 6
cob=(2)
cfi=(51)
cfn=(3136)
calls=7594 0 
0 941861 282430 106388 0 88200 13595
0 106316 68346 0 496 8049 0 1
cfn=(3630)
calls=7594 0 
0 13017124100 3192936260 2099403035 2029583 272613828 126634448 179611 25556 102237

fn=(3780)
0 795 249 22 83 81 0 5
cob=(2)
cfi=(51)
cfn=(3708)
calls=2 0 
0 188 36 4 24 16 0 2
0 50 6 8 4 6 0 2
cob=(2)
cfi=(51)
cfn=(2730)
calls=2 0 
0 174 26 60 5 9 4 2
0 38 8 18 4 4 1 2
cob=(2)
cfi=(51)
cfn=(2732)
calls=2 0 
0 446 152 88 25 25 0 2
0 20 6 6 2 2 0 1
cob=(2)
cfi=(51)
cfn=(2732)
calls=2 0 
0 446 152 88
0 38 8 18 4 2 1 2
cob=(2)
cfi=(51)
cfn=(2876)
calls=2 0 
0 54 22 12 2 2 0 2
0 22 2 14 2 0 0 1
cob=(2)
cfi=(51)
cfn=(2732)
calls=2 0 
0 446 152 88
0 12 2 2 2 1 0 1
cob=(2)
cfi=(51)
cfn=(2612)
calls=2 0 
0 470 152 86 10 10 2
0 14 8 4 2 0 0 1
cob=(2)
cfi=(51)
cfn=(3310)
calls=2 0 
0 664 176 104 42 14 0 1
0 10 0 2
cob=(2)
cfi=(51)
cfn=(2612)
calls=2 0 
0 1086 300 182 24 9 1
0 6 2 2
cob=(2)
cfi=(51)
cfn=(3310)
calls=2 0 
0 640 168 100
0 8 0 2 2 0 0 1
cob=(2)
cfi=(51)
cfn=(2612)
calls=2 0 
0 282 94 54 0 2
0 20 10 4 2 2 0 1
cob=(2)
cfi=(51)
cfn=(3310)
calls=2 0 
0 788 193 118 13 1
0 8 0 2
cob=(2)
cfi=(51)
cfn=(2612)
calls=2 0 
0 282 94 54
0 8 0 2
cob=(2)
cfi=(51)
cfn=(2612)
calls=2 0 
0 272 94 54 0 2 0 0 1
0 8 6 2 2 4 0 1
cfn=(3574)
calls=2 0 
0 1874 576 312 90 46 4 2
0 24 8 8 2 0 0 1
cob=(2)
cfi=(51)
cfn=(1950)
calls=2 0 
0 198 62 30
0 8 2 4
cob=(2)
cfi=(51)
cfn=(2680)
calls=2 0 
0 20 10 2 2 0 0 2
0 38 20 16 4 0 0 2
cob=(2)
cfi=(51)
cfn=(2682)
calls=2 0 
0 114 42 24 3 2 0 2
0 320 80 40 39 80 0 1
cfn=(3714)
calls=40 0 
0 6219398140 1538709693 998938025 1200300 137362998 65072281 52474 16268 41118
0 320 160 160 40 40
cob=(2)
cfi=(51)
cfn=(3136)
calls=40 0 
0 10600 3195 1300
0 440 160 40 40 40 0 1
cfn=(3782) void stan::services::util::mcmc_writer::write_sample_params<stan::model::model_base, boost::random::mixmax_engine<17, 36u, 0l> >(boost::random::mixmax_engine<17, 36u, 0l>&, stan::mcmc::sample&, stan::mcmc::base_mcmc&, stan::model::model_base&)
calls=40 0 
0 110835204 25177300 17593381 214968 14770 40734 1423
0 280 0 120 40 0 80 1
cfn=(3456)
calls=40 0 
0 4960 1080 800 240 196
0 280 160 40 0 80
cfn=(3786) stan::mcmc::base_nuts<stan::model::model_base, stan::mcmc::diag_e_metric, stan::mcmc::expl_leapfrog, boost::random::mixmax_engine<17, 36u, 0l> >::get_sampler_params(std::vector<double, std::allocator<double> >&)
calls=40 0 
0 22000 5680 3680 480 199 80
0 160 80 40 40 40 0 1
cfn=(3798) stan::mcmc::base_hmc<stan::model::model_base, stan::mcmc::diag_e_metric, stan::mcmc::expl_leapfrog, boost::random::mixmax_engine<17, 36u, 0l> >::get_sampler_diagnostics(std::vector<double, std::allocator<double> >&)
calls=40 0 
0 1354146 488415 245216 335 15300 15065 8
0 200 160 40 0 160
cfn=(3794) stan::callbacks::unique_stream_writer<std::basic_ofstream<char, std::char_traits<char> >, std::default_delete<std::basic_ofstream<char, std::char_traits<char> > > >::operator()(std::vector<double, std::allocator<double> > const&)
calls=40 0 
0 160 80 0 40 40
0 280 80 40 40 0 0 1
cob=(2)
cfi=(51)
cfn=(1950)
calls=40 0 
0 7385 2170 900 0 755 120
0 252 49 80 40 2 0 1
cfn=(3456)
calls=40 0 
0 10268 2578 1613 82 84 41
0 40

fn=(3804)
0 30 8 6 5 1 0 2
cob=(2)
cfi=(51)
cfn=(2612)
calls=2 0 
0 374 122 64 1 14 4
0 22 10 2 0 2
cob=(2)
cfi=(51)
cfn=(2632)
calls=2 0 
0 132 54 24 0 1
0 10 4
cob=(2)
cfi=(51)
cfn=(2644)
calls=2 0 
0 450 154 70 18 8 1
0 2 2 0 1 0 0 1

fn=(3826)
0 234 28 53 1 27 0 1
cob=(2)
cfi=(51)
cfn=(1950)
calls=3 0 
0 360 105 42 0 4
0 475 100 75 2 31 0 2
cob=(2)
cfi=(51)
cfn=(1950)
calls=25 0 
0 2979 871 351 0 46 1
0 200 50
cob=(2)
cfi=(51)
cfn=(1950)
calls=25 0 
0 3357 1009 429 0 2

fn=(3850)
0 12 0 6 1 0 0 1
cfn=(3852)
calls=2 0 
0 298 86 40 6 10 0 6
0 8 2
cob=(2)
cfi=(51)
cfn=(1950)
calls=2 0 
0 198 62 30 0 1

fn=(4052) tbb::interface9::global_control::~global_control()
0 3 0 1
cob=(2)
cfi=(51)
cfn=(4054) 0x0000000000120770
calls=1 0 
0 292 84 57 24 4 0 18
0 2 1 0 1 0 0 1

fn=(3046) std::_Rb_tree<std::__cxx11::basic_string<char, std::char_traits<char>, std::allocator<char> >, std::pair<std::__cxx11::basic_string<char, std::char_traits<char>, std::allocator<char> > const, int>, std::_Select1st<std::pair<std::__cxx11::basic_string<char, std::char_traits<char>, std::allocator<char> > const, int> >, std::less<std::__cxx11::basic_string<char, std::char_traits<char>, std::allocator<char> > >, std::allocator<std::pair<std::__cxx11::basic_string<char, std::char_traits<char>, std::allocator<char> > const, int> > >::_M_get_insert_hint_unique_pos(std::_Rb_tree_const_iterator<std::pair<std::__cxx11::basic_string<char, std::char_traits<char>, std::allocator<char> > const, int> >, std::__cxx11::basic_string<char, std::char_traits<char>, std::allocator<char> > const&)
0 242 32 76 2 0 0 2
cob=(2)
cfi=(51)
cfn=(2306)
calls=8 0 
0 127 36
0 80 16 4 1
cob=(2)
cfi=(51)
cfn=(3106)
calls=4 0 
0 72 22 0 3 0 0 1
0 24 8 4
cfn=(3080)
calls=4 0 
0 120 28 12
0 28 12 0 2 0 0 2
cfn=(3048)
calls=2 0 
0 60 20 16 5 0 0 5
0 104 62 0 2 0 0 2

fn=(3058)
0 2003 386 606 7 0 0 2
cob=(2)
cfi=(51)
cfn=(2306)
calls=81 0 
0 1662 334 0 1
0 1948 302 74 4 0 0 1
cob=(2)
cfi=(51)
cfn=(2306)
calls=74 0 
0 1530 298
0 1461 599 0 1 0 0 1

fn=(3062)
0 509 99 92 8 1 1 4
cob=(2)
cfi=(51)
cfn=(1948)
calls=2 0 
0 30 8 4 1
0 12 2 2
cob=(2)
cfi=(51)
cfn=(1950)
calls=2 0 
0 198 62 30
0 29 0 18
cob=(2)
cfi=(51)
cfn=(1004)
calls=9 0 
0 647 159 94 0 11 1
0 81 9 0 3 0 0 1

fn=(990) _GLOBAL__sub_I__ZN21model_model_namespace10profiles__B5cxx11E
0 25 0 17 4 0 2 4 0 2
cfn=(992)
calls=1 0 
0 3150 694 510 67 52 11 60 6 11
0 5 1 1
cob=(2)
cfi=(51)
cfn=(1030)
calls=1 0 
0 40486 10548 5716 561 378 103 356 66 39
0 7 0 1 2 0 0 1
cob=(2)
cfi=(51)
cfn=(1324)
calls=1 0 
0 77 15 15 6 3 2
0 2 0 1
cob=(2)
cfi=(51)
cfn=(1326)
calls=1 0 
0 105963 29105 13656 442 648 148 425 110 114
0 5 1 1 0 1
cob=(2)
cfi=(51)
cfn=(1324)
calls=1 0 
0 77 15 15 6 4 2 0 0 1
0 3 0 1 1 0 0 1
cfn=(1822)
calls=1 0 
0 51 12 11 4 2 1 4 1 1
0 5 1 1 0 1
cob=(2)
cfi=(51)
cfn=(1324)
calls=1 0 
0 77 15 15
0 3 0 1
cfn=(1822)
calls=1 0 
0 51 12 11 0 1 1 0 1 1
0 4 0 1
cob=(2)
cfi=(51)
cfn=(1324)
calls=1 0 
0 77 15 15 0 0 1 0 0 1
0 4 0 1 1 0 0 1
cfn=(1822)
calls=1 0 
0 51 12 11 0 1 0 0 1
0 4 0 1
cob=(2)
cfi=(51)
cfn=(1324)
calls=1 0 
0 77 15 15
0 3 0 2 0 0 1 0 0 1
cob=(2)
cfi=(51)
cfn=(1826) 0x0000000000120500
calls=1 0 
0 52 14 7 6 9 0 2
0 80 2 70 2 0 9 2 0 8
cob=(2)
cfi=(51)
cfn=(1826)
calls=1 0 
0 52 14 7 0 2
0 12 1 4 1 0 0 1
cob=(2)
cfi=(51)
cfn=(1324)
calls=1 0 
0 77 15 15 0 0 1 0 0 1
0 34 12 7 3 3 0 3 1
cfn=(1830) long double boost::math::detail::igamma_temme_large<long double, boost::math::policies::policy<boost::math::policies::promote_float<false>, boost::math::policies::promote_double<false>, boost::math::policies::default_policy, boost::math::policies::default_policy, boost::math::policies::default_policy, boost::math::policies::default_policy, boost::math::policies::default_policy, boost::math::policies::default_policy, boost::math::policies::default_policy, boost::math::policies::default_policy, boost::math::policies::default_policy, boost::math::policies::default_policy, boost::math::policies::default_policy> >(long double, long double, boost::math::policies::policy<boost::math::policies::promote_float<false>, boost::math::policies::promote_double<false>, boost::math::policies::default_policy, boost::math::policies::default_policy, boost::math::policies::default_policy, boost::math::policies::default_policy, boost::math::policies::default_policy, boost::math::policies::default_policy, boost::math::policies::default_policy, boost::math::policies::default_policy, boost::math::policies::default_policy, boost::math::policies::default_policy, boost::math::policies::default_policy> const&, std::integral_constant<int, 64> const&) [clone .isra.0]
calls=1 0 
0 563 172 16 35 39 0 35 38
0 16 3 2 1 1 0 1 1
cfn=(1840)
calls=1 0 
0 1274 235 87 36 22 0 36 20
0 3 2 1 1 1 0 1 1
cfn=(1840)
calls=1 0 
0 2012 508 241 5 11 0 5 11
0 10 3 5
cfn=(1858)
calls=1 0 
0 148 39 11 12 5 0 12 5
0 11 5 4
cfn=(1858)
calls=1 0 
0 147 38 11 4 3 0 4 3
0 11 4 4
cfn=(1858)
calls=1 0 
0 145 37 11 3 3 0 3 3
0 8 3 2 2 0 0 2
cfn=(1856)
calls=1 0 
0 83 25 2 10 4 0 10 4
0 6 3 1 0 1 0 0 1
cfn=(1856)
calls=1 0 
0 84 24 2 5 2 0 5 2
0 6 3 1 1 0 0 1
cfn=(1856)
calls=1 0 
0 83 24 2 4 2 0 4 2
0 10 3 2 1 0 0 1
cob=(2)
cfi=(51)
cfn=(1876)
calls=1 0 
0 19 7 2 3 1 0 3
0 10 4 1 0 2 0 0 1
cob=(2)
cfi=(51)
cfn=(1880)
calls=1 0 
0 8 4 1 2 1 0 2
0 8 3 5 1 0 0 1
cfn=(1862)
calls=1 0 
0 49 11 5 8 3 0 8 2
0 7 3 4
cfn=(1862)
calls=1 0 
0 112 24 11 3 1 0 3
0 10 0 3 2 0 0 1

fn=(1002)
0 34 2 18 4 0 0 2
cob=(2)
cfi=(51)
cfn=(1004)
calls=2 0 
0 406 78 60 32 23 1 6 0 1
0 24 4 12 2 0 0 1
cob=(2)
cfi=(51)
cfn=(998)
calls=2 0 
0 76 6
0 34 10 8 6 0 0 3
cob=(2)
cfi=(51)
cfn=(1008) 0x0000000000120700
calls=2 0 
0 1222 322 138 27 29 0 13 5
0 56 24 4 4 0 0 2
cfn=(1018)
calls=2 0 
0 396 82 72 16 4 2 8 0 1
0 28 6 8 2 0 0 1

fn=(1024)
0 13 0 8 2 0 0 2
cob=(2)
cfi=(51)
cfn=(1026)
calls=1 0 
0 353 72 54 6 5 1 0 0 1
0 6 0 3
cob=(2)
cfi=(51)
cfn=(1004)
calls=1 0 
0 197 39 30
0 12 0 6 1 0 0 1
cob=(2)
cfi=(51)
cfn=(1004)
calls=1 0 
0 197 39 30 0 0 1 0 0 1
0 31 6 16 3 0 0 3

fn=(1830)
0 443 138 7 24 35 0 24 35
cob=(2)
cfi=(51)
cfn=(1832)
calls=1 0 
0 36 10 3 6 2 0 6 1
0 28 8 3 1 0 0 1
cfn=(1838)
calls=1 0 
0 32 7 2 2 0 0 2
0 24 9 1 2 2 0 2 2

fn=(1902)
0 27 4 13 3 2 3 3
cfn=(1822)
calls=1 0 
0 68 13 11 0 1 0 0 1
0 6 0 2
cfn=(1904) stan::callbacks::stream_writer::stream_writer(std::ostream&, std::__cxx11::basic_string<char, std::char_traits<char>, std::allocator<char> > const&)
calls=1 0 
0 728 183 173 21 2 14 21 2
0 8 1 2 1 0 0 1
cfn=(1822)
calls=1 0 
0 68 13 11
0 6 0 2 1 0 1 1
cfn=(1904)
calls=1 0 
0 728 183 173 0 0 5
0 14 5 6 1 0 3 1
cob=(2)
cfi=(51)
cfn=(1004)
calls=1 0 
0 199 38 30 1 1 1 0 0 1
0 3 0 1 1 0 0 1
cfn=(1910)
calls=1 0 
0 279 61 61 14 2 2 14 2 2
0 5 0 2
cfn=(1916)
calls=1 0 
0 1218 387 182 8 29 16 3 3
0 3 0 1
cfn=(1916)
calls=1 0 
0 2739 695 327 14 25 4 13 1 1
0 3 0 1 1 0 0 1
cfn=(1916)
calls=1 0 
0 110 21 14
0 4 0 1
cfn=(1916)
calls=1 0 
0 94 18 12 2 1 0 2 1
0 9 1 4 1 1 0 1 1
cfn=(1934)
calls=1 0 
0 271 53 42 7 0 0 7
0 2 0 1
cob=(2)
cfi=(51)
cfn=(1004)
calls=1 0 
0 203 39 30 0 1 1 0 0 1
0 32 1 20 1 0 1 1 0 1
cfn=(1916)
calls=1 0 
0 110 21 14 0 1 0 0 1
0 3 0 1
cfn=(1916)
calls=1 0 
0 381 80 59 0 0 1 0 0 1
0 2 0 1 1 0 0 1
cob=(2)
cfi=(51)
cfn=(1004)
calls=1 0 
0 59 15 8 0 2
0 3 0 1
cfn=(1938)
calls=1 0 
0 311 66 79 11 1 4 11 1
0 5 0 2
cfn=(1916)
calls=1 0 
0 110 21 14
0 3 0 1 1 0 0 1
cfn=(1916)
calls=1 0 
0 108 21 14 1
0 3 0 1
cfn=(1916)
calls=1 0 
0 381 80 59 0 1 0 0 1
0 3 0 1
cfn=(1916)
calls=1 0 
0 113 21 14 0 1 0 0 1
0 4 0 1
cfn=(1916)
calls=1 0 
0 85 17 11
0 3 0 1 1 0 0 1
cob=(2)
cfi=(51)
cfn=(1944)
calls=1 0 
0 39 12 8 5 0 0 5
0 5 2 2
cfn=(1934)
calls=1 0 
0 271 53 42 0 0 1 0 0 1
0 5 1 2 1 0 0 1
cfn=(1934)
calls=1 0 
0 1956 646 344 16 31 0 4 1
0 2 0 1
cob=(2)
cfi=(51)
cfn=(1004)
calls=1 0 
0 199 38 30 0 1 1 0 0 1
0 3 0 1
cfn=(1964) cmdstan::arg_init::arg_init()
calls=1 0 
0 3342 795 586 20 7 17 18 4 15
0 4 1 2
cfn=(1934)
calls=1 0 
0 394 89 61 0 0 1 0 0 1
0 2 0 1
cob=(2)
cfi=(51)
cfn=(1004)
calls=1 0 
0 203 39 30 0 0 1 0 0 1
0 21 1 12 2 0 0 2
cfn=(1916)
calls=1 0 
0 110 21 14 1
0 4 0 2 1 0 0 1
cfn=(1916)
calls=1 0 
0 381 80 59 0 0 1 0 0 1
0 2 0 1
cob=(2)
cfi=(51)
cfn=(1004)
calls=1 0 
0 199 38 30 0 1 1 0 0 1
0 3 0 1
cfn=(1974) cmdstan::arg_seed::arg_seed()
calls=1 0 
0 11127 2479 1473 289 135 39 261 34 38
0 5 1 2
cfn=(1934)
calls=1 0 
0 287 58 51 3
0 5 1 2 1 0 0 1
cfn=(1934)
calls=1 0 
0 9 4 2
0 2 0 1
cob=(2)
cfi=(51)
cfn=(1004)
calls=1 0 
0 219 44 39
0 3 0 1
cfn=(2088)
calls=1 0 
0 11094 2378 1995 49 23 24 29 22 24
0 4 1 2
cfn=(1934)
calls=1 0 
0 411 94 70 0 0 1 0 0 1
0 2 0 1 1 0 0 1
cob=(2)
cfi=(51)
cfn=(1004)
calls=1 0 
0 213 43 38 0 0 1 0 0 1
0 3 0 1
cfn=(1910)
calls=1 0 
0 279 61 61 0 0 2 0 0 2
0 6 0 2
cfn=(1916)
calls=1 0 
0 110 21 14
0 3 0 1
cfn=(1822)
calls=1 0 
0 190 42 27 2 4 1 0 2
0 3 0 1 1 0 0 1
cob=(2)
cfi=(51)
cfn=(1940)
calls=1 0 
0 31 8 8
0 6 2 1
cfn=(1916)
calls=1 0 
0 239 56 37
0 3 0 1 1 0 0 1
cfn=(1916)
calls=1 0 
0 94 18 12
0 6 2 3
cfn=(1934)
calls=1 0 
0 9 4 2
0 5 0 3 1 0 1 1
cob=(2)
cfi=(51)
cfn=(1004)
calls=1 0 
0 213 43 38 0 0 1 0 0 1
0 4 0 2
cfn=(2092) cmdstan::arg_method::arg_method()
calls=1 0 
0 265143 60573 44568 3094 379 483 511 118 443
0 19 5 4 2 4 1 1
cob=(2)
cfi=(51)
cfn=(1948)
calls=1 0 
0 14 4 2 0 1
0 10 5 3 1 3 0 1
cfn=(2274)
calls=1 0 
0 32524 8216 4909 249 180 42 182 13 28
0 13 3 3 1 0 1 1
cfn=(2346)
calls=1 0 
0 762 209 115 10 6 0 10 2
0 5 1 1 1 1 0 1 1
cob=(2)
cfi=(51)
cfn=(1876)
calls=1 0 
0 19 7 2 2 2
0 10 3 1 2 2 0 1 1
cfn=(2346)
calls=1 0 
0 506 139 80 35 12 0 2 1
0 8 1 3 0 1 2
cfn=(1886)
calls=1 0 
0 57 14 10 0 1
0 3 1 1
cfn=(2348)
calls=1 0 
0 110 31 16
0 13 5 2 2 1 0 2
cfn=(1886)
calls=1 0 
0 55 14 10 0 1
0 3 0 1
cfn=(2576)
calls=1 0 
0 100 31 17 8 3 0 5
0 8 3 1 2 0 0 2
cfn=(2582) cmdstan::check_file_config(cmdstan::argument_parser&)
calls=1 0 
0 4025 1025 615 45 31 2 32 3 2
0 3 0 1
cfn=(1822)
calls=1 0 
0 68 13 11
0 12 7 1 1 1 0 1
cfn=(2590)
calls=1 0 
0 67091 18778 11599 1022 269 22 121 15 1
0 36 24 6 0 9
cfn=(2666)
calls=3 0 
0 16924 4937 2917 21 50 2 12 2 1
cfn=(2592)
calls=3 0 
0 4723 1377 823 3 10
0 63 26 1 2 0 0 1
cob=(2)
cfi=(51)
cfn=(2612)
calls=1 0 
0 112 43 23
0 2 0 1
cob=(2)
cfi=(51)
cfn=(2700) 0x0000000000120130
calls=1 0 
0 1836 630 327 30 45 1 6
0 6 0 2 1 0 1 1
cfn=(1822)
calls=1 0 
0 92 19 14 1 1 1
0 3 1 1
cfn=(2348)
calls=1 0 
0 356 94 45 8 1
0 6 2 1 1 1 0 1
cfn=(1822)
calls=1 0 
0 94 19 14 2 1
0 3 0 1
cfn=(2580)
calls=1 0 
0 110 30 16 7
0 8 0 1
cob=(2)
cfi=(51)
cfn=(2280)
calls=1 0 
0 94 31 20 10 2
0 17 6 3 2 0 1 2
cfn=(2712)
calls=1 0 
0 538 137 81 5 1 0 5
0 7 0 1 1 0 0 1
cob=(2)
cfi=(51)
cfn=(2280)
calls=1 0 
0 215 66 36 6 4 0 0 1
0 9 2 3 1 1 2 1
cfn=(1908)
calls=1 0 
0 129 31 21
0 3 0 1
cfn=(2714) cmdstan::get_var_context(std::__cxx11::basic_string<char, std::char_traits<char>, std::allocator<char> > const&)
calls=1 0 
0 386143 105825 63491 1671 503 198 976 96 132
0 4 2 1 1 1
cfn=(3180)
calls=1 0 
0 495879 78634 78197 196 415 1093 154 276 750
0 5 0 3 1 0 2 1
cob=(2)
cfi=(51)
cfn=(2116)
calls=1 0 
0 854 262 198 43 30 8
0 3 0 1
cfn=(1822)
calls=1 0 
0 92 19 14 5 3 1
0 3 1 1
cfn=(2348)
calls=1 0 
0 110 31 16 7 4
0 7 2 1 1 1 0 1
cfn=(1822)
calls=1 0 
0 92 19 14 0 1
0 3 1 1
cfn=(2348)
calls=1 0 
0 440 115 53 0 7
0 3 0 1
cfn=(2584)
calls=1 0 
0 375 98 57 11 11 1
0 12 2 1 2 0 0 2
cob=(2)
cfi=(51)
cfn=(2280)
calls=1 0 
0 211 66 36 14 11
0 5 1 2 0 1
cfn=(1822)
calls=1 0 
0 92 19 14
0 3 1 1
cfn=(2348)
calls=1 0 
0 440 115 53
0 3 0 1
cfn=(2584)
calls=1 0 
0 327 85 50
0 11 2 1 1 0 0 1
cob=(2)
cfi=(51)
cfn=(2280)
calls=1 0 
0 211 66 36 0 3 0 0 1
0 9 2 3 1 1 1 1
cfn=(3192)
calls=1 0 
0 1152 304 173 10 19 4 5
0 6 1 1 1 0 0 1
cfn=(3194)
calls=1 0 
0 1100 291 164 4 3 0 4
0 15 1 7 1 1 2 1
cob=(2)
cfi=(51)
cfn=(1004)
calls=1 0 
0 55 15 8 0 2
0 35 4 18 5 1 2 5
cfn=(1822)
calls=1 0 
0 99 20 14 3 2 1
0 3 1 1
cfn=(2576)
calls=1 0 
0 100 31 17 5 3
0 20 3 6 3 0 0 3
cfn=(1822)
calls=1 0 
0 99 20 14
0 3 0 1
cfn=(2576)
calls=1 0 
0 100 31 17
0 13 4 2 2 0 0 2
cfn=(1822)
calls=1 0 
0 92 19 14 0 1
0 3 0 1 1 0 0 1
cfn=(2576)
calls=1 0 
0 135 40 18 2
0 9 1 1
cfn=(3218)
calls=1 0 
0 1564 401 225 18 28 0 7
0 7 0 1 1 0 0 1
cob=(2)
cfi=(51)
cfn=(2280)
calls=1 0 
0 215 66 36 3 4 0 0 2
0 9 4 1 1 1 0 1
cob=(2)
cfi=(51)
cfn=(1950)
calls=1 0 
0 120 35 14
0 8 1 2 1 0 1 1
cfn=(3952) Eigen::IOFormat::~IOFormat()
calls=1 0 
0 33 9 1 5 3 0 5
0 7 1 2 1 1 1
cfn=(3952)
calls=1 0 
0 33 9 1 0 3
0 16 10 1 1 3 0 1
cob=(2)
cfi=(51)
cfn=(1876)
calls=1 0 
0 19 7 2
0 12 0 5 1 0 0 1
cob=(2)
cfi=(51)
cfn=(1324)
calls=1 0 
0 77 15 15 0 0 1 0 0 1
0 2 0 1
cob=(2)
cfi=(51)
cfn=(1880)
calls=1 0 
0 8 4 1
0 8 2 2 2 0 0 1
cfn=(3214) void cmdstan::init_null_writers<stan::callbacks::json_writer<std::basic_ofstream<char, std::char_traits<char> >, std::default_delete<std::basic_ofstream<char, std::char_traits<char> > > > >(std::vector<stan::callbacks::json_writer<std::basic_ofstream<char, std::char_traits<char> >, std::default_delete<std::basic_ofstream<char, std::char_traits<char> > > >, std::allocator<stan::callbacks::json_writer<std::basic_ofstream<char, std::char_traits<char> >, std::default_delete<std::basic_ofstream<char, std::char_traits<char> > > > > >&, unsigned long)
calls=1 0 
0 311 64 58
0 5 1 1 1 0 0 1
cfn=(3220)
calls=1 0 
0 689 186 105 4 6 1 4
0 5 2 1 0 1
cfn=(3222)
calls=1 0 
0 450 89 55 53 11 0 47 2
0 4 0 2
cfn=(1916)
calls=1 0 
0 87 17 11 8 1
0 7 2 2 1 0 0 1
cfn=(3238) cmdstan::get_vec_var_context(std::__cxx11::basic_string<char, std::char_traits<char>, std::allocator<char> > const&, unsigned long, unsigned int)
calls=1 0 
0 542 120 112 11 1 10 6
0 3 0 1
cfn=(1822)
calls=1 0 
0 92 19 14
0 3 1 1
cfn=(2348)
calls=1 0 
0 440 115 53 0 1
0 3 0 1 1 0 0 1
cfn=(2584)
calls=1 0 
0 1146 282 187 1 4 1
0 11 2 1 1 0 0 1
cob=(2)
cfi=(51)
cfn=(2280)
calls=1 0 
0 215 66 36
0 17 6 2 1 1 0 1
cfn=(3240)
calls=1 0 
0 111925 31819 18753 1257 461 46 127 19 2
0 3 1 1 1 1
cfn=(3242)
calls=1 0 
0 1146 311 184 11 5 0 1
0 4 2 1 1 1 0 1
cfn=(3274)
calls=1 0 
0 12 1 6 2 0 1
0 4 1 1
cfn=(3358) cmdstan::write_model(stan::callbacks::writer&, std::__cxx11::basic_string<char, std::char_traits<char>, std::allocator<char> > const&)
calls=1 0 
0 403 110 65 2 0 0 2
0 6 2 1 1 0 0 1
cfn=(1822)
calls=1 0 
0 68 13 11 1
0 15 8 2 1 0 0 1
cfn=(2590)
calls=1 0 
0 44447 11231 7738 407 44 7
0 36 24 6 0 4
cfn=(2666)
calls=3 0 
0 9077 2294 1551 9 9
cfn=(2592)
calls=3 0 
0 2590 657 451 1 1
0 64 25 1 1 0 0 1
cfn=(1822)
calls=1 0 
0 99 20 14 3 2
0 3 0 1
cfn=(2576)
calls=1 0 
0 100 31 17 5 1
0 7 2 1 2 0 0 2
cfn=(3812)
calls=1 0 
0 3 1 0 1 0 0 1
0 51 24 7 1 17 0 1
cfn=(3926)
calls=1 0 
0 431 126 55 3 3 0 3
cfn=(3914)
calls=1 0 
0 3197 925 397 12 46 0 12
cfn=(3910)
calls=1 0 
0 787 227 99 7 12 0 7
cfn=(3908)
calls=1 0 
0 258 75 38 1 6 0 1
cfn=(3904)
calls=1 0 
0 811 233 102 6 12 0 5
cfn=(3902)
calls=1 0 
0 304 86 37 3 4 0 3
cfn=(3814) cmdstan::arg_method::~arg_method()
calls=1 0 
0 35372 10279 4473 151 481 3 150
0 51 15 1 1 1 0 1
cfn=(3810) std::vector<std::shared_ptr<stan::io::var_context>, std::allocator<std::shared_ptr<stan::io::var_context> > >::~vector()
calls=1 0 
0 301 90 36 3 8 0 2
0 6 2 1 1 2 0 1
cfn=(3932)
calls=1 0 
0 153 44 19 3 1 0 2
0 2 1 1 0 1
cfn=(3932)
calls=1 0 
0 153 44 19 0 1
0 2 1 1 0 1
cfn=(3934)
calls=1 0 
0 164 48 20 7 4 1 7
0 2 1 1
cfn=(3934)
calls=1 0 
0 17056 4373 2581 114 231 26 8 1
0 9 4 1 1 2 0 1
cfn=(3946) stan::callbacks::writer::~writer()
calls=1 0 
0 2 1 0 1 0 0 1
0 11 2 1 1 0 0 1
cob=(2)
cfi=(51)
cfn=(1950)
calls=1 0 
0 118 35 14
0 11 3 1 1 1 0 1
cob=(2)
cfi=(51)
cfn=(1950)
calls=1 0 
0 118 35 14 0 2
0 2 1 1
cob=(2)
cfi=(51)
cfn=(2228)
calls=1 0 
0 104 33 23 0 6 2
0 4 1 1
cfn=(3022)
calls=1 0 
0 1756 520 222 8 26 0 1
0 6 3 1 1 1
cob=(2)
cfi=(51)
cfn=(1950)
calls=1 0 
0 118 35 14 0 2
0 7 1 1 2 1 0 2
cob=(2)
cfi=(51)
cfn=(2364) 0x0000000000120110
calls=1 0 
0 173326 39129 27378 636 362 402 251 44 364
0 7 2 2 2 0 0 1
cfn=(1822)
calls=1 0 
0 163 36 25 7 2
0 3 0 1
cfn=(2576)
calls=1 0 
0 100 31 17
0 7 3 1
cob=(2)
cfi=(51)
cfn=(1950)
calls=1 0 
0 99 31 15 3 3
0 8 2 1 1 0 0 1
cfn=(1822)
calls=1 0 
0 163 36 25 0 2
0 3 0 1
cfn=(2576)
calls=1 0 
0 100 31 17
0 7 3 1 1 0 0 1
cob=(2)
cfi=(51)
cfn=(1950)
calls=1 0 
0 99 31 15
0 8 0 4 2 0 0 2
cob=(2)
cfi=(51)
cfn=(2350) 0x00000000001205a0
calls=1 0 
0 92 31 22 11 4 0 11
0 4 0 1
cob=(2)
cfi=(51)
cfn=(1324)
calls=1 0 
0 77 15 15 7 3 2
0 2 0 1 1 0 0 1
cob=(2)
cfi=(51)
cfn=(1880)
calls=1 0 
0 8 4 1 2 1
0 7 2 1 2 0 0 2
cfn=(1822)
calls=1 0 
0 92 19 14 0 1
0 3 0 1
cfn=(2576)
calls=1 0 
0 100 31 17
0 18 3 7 3 0 0 3
cfn=(1822)
calls=1 0 
0 92 19 14 0 1
0 3 1 1 1 0 0 1
cfn=(1822)
calls=1 0 
0 68 13 11 0 1 1
0 13 5 4 1 0 0 1
cfn=(3196) void cmdstan::init_filestream_writers<stan::callbacks::unique_stream_writer<std::basic_ofstream<char, std::char_traits<char> >, std::default_delete<std::basic_ofstream<char, std::char_traits<char> > > >, char const (&) [3]>(std::vector<stan::callbacks::unique_stream_writer<std::basic_ofstream<char, std::char_traits<char> >, std::default_delete<std::basic_ofstream<char, std::char_traits<char> > > >, std::allocator<stan::callbacks::unique_stream_writer<std::basic_ofstream<char, std::char_traits<char> >, std::default_delete<std::basic_ofstream<char, std::char_traits<char> > > > > >&, unsigned int, unsigned int, std::__cxx11::basic_string<char, std::char_traits<char>, std::allocator<char> >&, std::__cxx11::basic_string<char, std::char_traits<char>, std::allocator<char> >, std::__cxx11::basic_string<char, std::char_traits<char>, std::allocator<char> >, int, char const (&) [3])
calls=1 0 
0 6035 1508 1136 200 78 38 53 1 1
0 15 9 1 2 0 0 2
cfn=(1822)
calls=1 0 
0 92 19 14 0 1
0 3 0 1
cfn=(2576)
calls=1 0 
0 135 40 18
0 10 2 1 1 0 0 1
cfn=(2578)
calls=1 0 
0 781 211 116 12 18 0 11 1
0 12 1 5 2 0 0 2
cfn=(3212)
calls=1 0 
0 1213 287 260 7 0 5 5
0 6 0 3 1 0 0 1
cfn=(3214)
calls=1 0 
0 311 64 58 9 1 1 8
0 7 2 1 1 0 0 1
cfn=(1822)
calls=1 0 
0 90 19 14
0 3 0 1
cfn=(2576)
calls=1 0 
0 100 31 17
0 12 4 1 3 0 0 3
cfn=(1822)
calls=1 0 
0 90 19 14 0 1
0 3 0 1
cfn=(2576)
calls=1 0 
0 100 31 17
0 12 4 1 3 0 0 3
cfn=(1822)
calls=1 0 
0 90 19 14 0 1
0 3 0 1
cfn=(2576)
calls=1 0 
0 100 31 17
0 11 4 1 2 0 0 2
cfn=(1822)
calls=1 0 
0 92 19 14 0 1
0 3 0 1
cfn=(2576)
calls=1 0 
0 135 40 18
0 12 3 1 1 1 0 1
cfn=(3360)
calls=1 0 
0 946 259 151 38 10 0 5 1
0 6 0 2 1 0 0 1
cfn=(3362)
calls=1 0 
0 896 246 144 5 1 0 5
0 6 0 2
cfn=(3364) auto cmdstan::get_arg_val<cmdstan::singleton_argument<int>, cmdstan::argument_parser&, char const (&) [7], char const (&) [7], char const (&) [5]>(cmdstan::argument_parser&, char const (&) [7], char const (&) [7], char const (&) [5])
calls=1 0 
0 1056 285 165 7 4 0 5
0 6 0 2 1 0 0 1
cfn=(3366) auto cmdstan::get_arg_val<cmdstan::singleton_argument<bool>, cmdstan::argument_parser&, char const (&) [7], char const (&) [7], char const (&) [12]>(cmdstan::argument_parser&, char const (&) [7], char const (&) [7], char const (&) [12])
calls=1 0 
0 1031 279 159 6 2 0 5
0 5 1 2 0 1
cfn=(1822)
calls=1 0 
0 92 19 14 0 0 2
0 3 0 1
cfn=(2348)
calls=1 0 
0 110 31 16
0 7 3 1 1 0 0 1
cfn=(1822)
calls=1 0 
0 92 19 14
0 3 0 1
cfn=(2576)
calls=1 0 
0 135 40 18
0 6 2 1
cfn=(1822)
calls=1 0 
0 90 19 14 0 1
0 3 0 1
cfn=(2580)
calls=1 0 
0 362 95 51 0 1
0 8 0 2 1 0 1 1
cob=(2)
cfi=(51)
cfn=(2280)
calls=1 0 
0 211 66 36 0 4 0 0 1
0 15 7 3 2 0 0 2
cfn=(3368)
calls=1 0 
0 80 22 13 2 0 1 2
0 7 1 1 1 0 0 1
cfn=(3370)
calls=1 0 
0 1310 350 204 7 2 0 7
0 5 0 2
cob=(2)
cfi=(51)
cfn=(2298)
calls=1 0 
0 70 17 6 4 1
0 7 3 1 1 0 0 1
cob=(2)
cfi=(51)
cfn=(2298)
calls=1 0 
0 70 17 6
0 9 2 1 3 1 0 3
cob=(2)
cfi=(51)
cfn=(2298)
calls=1 0 
0 74 15 6 0 1
0 7 0 2
cfn=(1822)
calls=1 0 
0 92 19 14
0 3 1 1
cfn=(2348)
calls=1 0 
0 110 31 16 0 1
0 7 2 2 1 0 0 1
cfn=(1822)
calls=1 0 
0 92 19 14
0 3 1 1
cfn=(2576)
calls=1 0 
0 135 40 18
0 6 3 2 1 0 0 1
cfn=(1822)
calls=1 0 
0 90 19 14
0 3 2 1
cfn=(2580)
calls=1 0 
0 362 95 51
0 6 3 2
cfn=(1822)
calls=1 0 
0 95 19 14
0 3 2 1 1 0 0 1
cfn=(2576)
calls=1 0 
0 138 40 18
0 6 2 2
cfn=(1822)
calls=1 0 
0 92 19 14 0 1
0 3 1 1
cfn=(2580)
calls=1 0 
0 193 50 24
0 8 0 1 1 0 0 1
cob=(2)
cfi=(51)
cfn=(2280)
calls=1 0 
0 217 66 36 0 3 0 0 1
0 22 8 2 3 0 1 3
cfn=(3368)
calls=1 0 
0 77 22 13
0 10 2 3 1 0 0 1
cfn=(3372) auto cmdstan::get_arg_val<cmdstan::singleton_argument<std::__cxx11::basic_string<char, std::char_traits<char>, std::allocator<char> > >, cmdstan::argument_parser&, char const (&) [7], char const (&) [7], char const (&) [10], char const (&) [4], char const (&) [12]>(cmdstan::argument_parser&, char const (&) [7], char const (&) [7], char const (&) [10], char const (&) [4], char const (&) [12])
calls=1 0 
0 1743 463 270 10 6 0 10 2
0 17 3 4 1 0 2 1
cfn=(3374) auto cmdstan::get_arg_val<cmdstan::singleton_argument<double>, cmdstan::argument_parser&, char const (&) [7], char const (&) [7], char const (&) [10], char const (&) [4], char const (&) [9]>(cmdstan::argument_parser&, char const (&) [7], char const (&) [7], char const (&) [10], char const (&) [4], char const (&) [9])
calls=1 0 
0 1740 464 266 9 6 0 9 2
0 8 0 2 1 0 0 1
cfn=(3376) auto cmdstan::get_arg_val<cmdstan::singleton_argument<double>, cmdstan::argument_parser&, char const (&) [7], char const (&) [7], char const (&) [10], char const (&) [4], char const (&) [16]>(cmdstan::argument_parser&, char const (&) [7], char const (&) [7], char const (&) [10], char const (&) [4], char const (&) [16])
calls=1 0 
0 1794 477 273 9 0 0 9
0 8 4 3 1 0 0 1
cfn=(1822)
calls=1 0 
0 95 19 14
0 4 2 1
cfn=(2576)
calls=1 0 
0 138 40 18
0 6 2 2 1 0 0 1
cfn=(1822)
calls=1 0 
0 92 19 14
0 3 1 1
cfn=(2580)
calls=1 0 
0 110 30 16
0 8 0 1
cob=(2)
cfi=(51)
cfn=(2280)
calls=1 0 
0 211 66 36 0 3 0 0 1
0 10 4 1 2 0 0 2
cfn=(3368)
calls=1 0 
0 77 22 13 0 1
0 3 0 1
cob=(2)
cfi=(51)
cfn=(2298)
calls=1 0 
0 74 15 6 0 1
0 15 1 4 1 0 0 1
cfn=(3378)
calls=1 0 
0 2031 545 314 13 5 0 13
0 10 6 2 3 2 1 3
cfn=(3810)
calls=1 0 
0 20 7 4 3 1 0 3
0 15 5 2 3 4 0 3
cfn=(3380)
calls=1 0 
0 1445 383 219 7 1 0 7
0 9 0 3
cfn=(3380)
calls=1 0 
0 1358 363 211
0 9 0 3 1 0 0 1
cfn=(3380)
calls=1 0 
0 1524 403 227
0 9 0 3 1 0 0 1
cfn=(3382)
calls=1 0 
0 1520 402 232 7 1 0 7
0 9 0 3 1 0 0 1
cfn=(3384) auto cmdstan::get_arg_val<cmdstan::singleton_argument<unsigned int>, cmdstan::argument_parser&, char const (&) [7], char const (&) [7], char const (&) [6], char const (&) [12]>(cmdstan::argument_parser&, char const (&) [7], char const (&) [7], char const (&) [6], char const (&) [12])
calls=1 0 
0 1565 415 239 7 4 0 7 2
0 9 0 3 1 0 0 1
cfn=(3384)
calls=1 0 
0 1646 435 247 0 1
0 9 0 3
cfn=(3386)
calls=1 0 
0 1669 441 253 7 1 0 7
0 5 0 1 1 0 0 1
cob=(2)
cfi=(51)
cfn=(2298)
calls=1 0 
0 77 17 6 1
0 7 1 1
cob=(2)
cfi=(51)
cfn=(2298)
calls=1 0 
0 77 17 6
0 11 0 3 2 0 2 2
cob=(2)
cfi=(51)
cfn=(2298)
calls=1 0 
0 74 15 6
0 7 0 1
cob=(2)
cfi=(51)
cfn=(2298)
calls=1 0 
0 74 15 6
0 42 23 16 4 0 0 4
cfn=(3388) int stan::services::sample::hmc_nuts_diag_e_adapt<stan::model::model_base, std::shared_ptr<stan::io::var_context>, stan::callbacks::writer, stan::callbacks::unique_stream_writer<std::basic_ofstream<char, std::char_traits<char> >, std::default_delete<std::basic_ofstream<char, std::char_traits<char> > > >, stan::callbacks::unique_stream_writer<std::basic_ofstream<char, std::char_traits<char> >, std::default_delete<std::basic_ofstream<char, std::char_traits<char> > > >, stan::callbacks::json_writer<std::basic_ofstream<char, std::char_traits<char> >, std::default_delete<std::basic_ofstream<char, std::char_traits<char> > > > >(stan::model::model_base&, unsigned long, std::vector<std::shared_ptr<stan::io::var_context>, std::allocator<std::shared_ptr<stan::io::var_context> > > const&, unsigned int, unsigned int, double, int, int, int, bool, int, double, double, int, double, double, double, double, unsigned int, unsigned int, unsigned int, stan::callbacks::interrupt&, stan::callbacks::logger&, std::vector<stan::callbacks::writer, std::allocator<stan::callbacks::writer> >&, std::vector<stan::callbacks::unique_stream_writer<std::basic_ofstream<char, std::char_traits<char> >, std::default_delete<std::basic_ofstream<char, std::char_traits<char> > > >, std::allocator<stan::callbacks::unique_stream_writer<std::basic_ofstream<char, std::char_traits<char> >, std::default_delete<std::basic_ofstream<char, std::char_traits<char> > > > > >&, std::vector<stan::callbacks::unique_stream_writer<std::basic_ofstream<char, std::char_traits<char> >, std::default_delete<std::basic_ofstream<char, std::char_traits<char> > > >, std::allocator<stan::callbacks::unique_stream_writer<std::basic_ofstream<char, std::char_traits<char> >, std::default_delete<std::basic_ofstream<char, std::char_traits<char> > > > > >&, std::vector<stan::callbacks::json_writer<std::basic_ofstream<char, std::char_traits<char> >, std::default_delete<std::basic_ofstream<char, std::char_traits<char> > > >, std::allocator<stan::callbacks::json_writer<std::basic_ofstream<char, std::char_traits<char> >, std::default_delete<std::basic_ofstream<char, std::char_traits<char> > > > > >&)
calls=1 0 
0 13946313436 3447868018 2239580380 2884554 305419752 144636694 192804 59328 175609
0 1 0 0 1

fn=(1910)
0 925 50 550 11 1 49 3 1 49
cfn=(1886)
calls=25 0 
0 1500 350 250
0 175 25 50 4 0 0 1
cob=(2)
cfi=(51)
cfn=(1912)
calls=25 0 
0 1325 275 200 8 0 0 6
0 175 0 50
cfn=(1886)
calls=25 0 
0 1500 350 250 0 1 0 0 1
0 725 300 75 5 0 0 3
cob=(2)
cfi=(51)
cfn=(1888)
calls=25 0 
0 500 100 50
0 150 75 50 4 0 0 1

fn=(2092)
0 14 1 9 2 0 0 2
cfn=(2094)
calls=1 0 
0 114 19 30 3 0 2 3 0 2
0 5 0 2
cfn=(1916)
calls=1 0 
0 110 21 14 0 1 0 0 1
0 3 0 1
cfn=(1916)
calls=1 0 
0 400 86 66 0 1 1 0 1 1
0 4 0 2 1 0 0 1
cob=(2)
cfi=(51)
cfn=(1004)
calls=1 0 
0 217 44 38 0 0 2 0 0 2
0 3 0 1
cfn=(2096) cmdstan::arg_sample::arg_sample()
calls=1 0 
0 86807 20124 14287 1048 306 159 396 65 120
0 5 0 2 1
cfn=(1934)
calls=1 0 
0 129 29 20
0 2 0 1
cob=(2)
cfi=(51)
cfn=(1004)
calls=1 0 
0 203 39 30 0 0 1 0 0 1
0 20 1 11 2 0 0 2
cfn=(1916)
calls=1 0 
0 108 21 14 0 1 0 0 1
0 3 0 1
cfn=(1916)
calls=1 0 
0 381 80 59 0 0 1 0 0 1
0 2 0 1
cob=(2)
cfi=(51)
cfn=(1004)
calls=1 0 
0 199 38 30 0 0 1 0 0 1
0 3 0 1 1 0 0 1
cfn=(2094)
calls=1 0 
0 114 19 30 3 0 2 0 0 2
0 5 0 2
cfn=(1916)
calls=1 0 
0 108 21 14
0 3 0 1
cfn=(1916)
calls=1 0 
0 381 80 59 0 0 1 0 0 1
0 4 0 2 1 0 0 1
cob=(2)
cfi=(51)
cfn=(1004)
calls=1 0 
0 203 39 30 0 0 1 0 0 1
0 3 0 1
cfn=(2268)
calls=1 0 
0 33203 7807 5668 549 9 33 22 7 33
0 4 0 2
cfn=(1934)
calls=1 0 
0 129 29 20 4
0 2 0 1
cob=(2)
cfi=(51)
cfn=(1004)
calls=1 0 
0 203 39 30 5 0 1 0 0 1
0 3 0 1
cfn=(2268)
calls=1 0 
0 32915 7759 5624 512 0 32 0 0 32
0 5 0 2 1 0 0 1
cfn=(1916)
calls=1 0 
0 110 21 14 2
0 3 0 1
cfn=(1916)
calls=1 0 
0 105 22 14
0 4 0 2
cob=(2)
cfi=(51)
cfn=(1004)
calls=1 0 
0 199 38 30 9 0 1 0 0 1
0 3 0 1
cfn=(1910)
calls=1 0 
0 279 61 61 2 0 2 0 0 2
0 5 0 2 1 0 0 1
cfn=(1916)
calls=1 0 
0 110 21 14 2
0 3 0 1
cfn=(1916)
calls=1 0 
0 242 57 36 3 1 0 0 1
0 3 0 1
cfn=(1916)
calls=1 0 
0 239 56 37
0 3 0 1 1 0 0 1
cfn=(1916)
calls=1 0 
0 92 18 12 0 1
0 6 1 3 0 1 0 0 1
cfn=(1934)
calls=1 0 
0 9 4 2
0 4 1 2
cfn=(1934)
calls=1 0 
0 252 65 39 3
0 2 0 1 1 0 0 1
cob=(2)
cfi=(51)
cfn=(1004)
calls=1 0 
0 203 39 30 0 0 1 0 0 1
0 19 1 11 1 0 1 1 0 1
cfn=(1916)
calls=1 0 
0 110 21 14
0 3 0 1 1 0 0 1
cfn=(1916)
calls=1 0 
0 108 21 14
0 4 1 2
cfn=(1934)
calls=1 0 
0 394 89 61 0 0 1 0 0 1
0 6 1 3
cfn=(1934)
calls=1 0 
0 129 29 20
0 2 0 1 1 0 0 1
cob=(2)
cfi=(51)
cfn=(1004)
calls=1 0 
0 199 38 30 0 0 1 0 0 1
0 5 0 1
cfn=(2090)
calls=1 0 
0 1274 274 220 4 2 4 0 2 4
0 4 0 2
cfn=(1934)
calls=1 0 
0 252 65 39
0 2 0 1
cob=(2)
cfi=(51)
cfn=(1004)
calls=1 0 
0 199 38 30 0 0 1 0 0 1
0 6 0 1 1 0 0 1
cfn=(2110)
calls=1 0 
0 1154 247 202 13 2 3 0 1 3
0 4 0 2
cfn=(1934)
calls=1 0 
0 394 89 61 0 0 1 0 0 1
0 2 0 1
cob=(2)
cfi=(51)
cfn=(1004)
calls=1 0 
0 199 38 30 0 0 1 0 0 1
0 5 0 1 1 0 0 1
cfn=(2090)
calls=1 0 
0 1256 269 218 0 1 3 0 1 3
0 4 0 2
cfn=(1934)
calls=1 0 
0 9 4 2
0 4 1 2
cfn=(1934)
calls=1 0 
0 252 65 39
0 2 0 1
cob=(2)
cfi=(51)
cfn=(1004)
calls=1 0 
0 203 39 30 0 0 1 0 0 1
0 3 0 1
cfn=(2270)
calls=1 0 
0 29043 6511 4893 220 12 59 27 8 59
0 4 1 2 2 0 0 1
cfn=(1934)
calls=1 0 
0 250 65 39
0 2 0 1
cob=(2)
cfi=(51)
cfn=(1004)
calls=1 0 
0 203 39 30 0 0 1 0 0 1
0 21 1 12 2 0 1 2 0 1
cfn=(1916)
calls=1 0 
0 108 21 14 1
0 3 0 1
cfn=(1916)
calls=1 0 
0 381 80 59 0 0 1 0 0 1
0 2 0 1
cob=(2)
cfi=(51)
cfn=(1004)
calls=1 0 
0 199 38 30 0 0 1 0 0 1
0 3 0 1
cfn=(2094)
calls=1 0 
0 114 19 30 0 0 2 0 0 2
0 5 0 2
cfn=(1916)
calls=1 0 
0 110 21 14
0 3 0 1 1 0 0 1
cfn=(1916)
calls=1 0 
0 108 21 14
0 4 0 2
cob=(2)
cfi=(51)
cfn=(1004)
calls=1 0 
0 203 39 30 0 0 1 0 0 1
0 21 1 12 2 0 0 2
cfn=(1916)
calls=1 0 
0 108 21 14 0 1 0 0 1
0 3 0 1
cfn=(1916)
calls=1 0 
0 242 57 36 0 1 0 0 1
0 2 0 1
cob=(2)
cfi=(51)
cfn=(1004)
calls=1 0 
0 199 38 30 0 0 1 0 0 1
0 3 0 1 1 0 0 1
cfn=(2252)
calls=1 0 
0 273 61 61 7 0 3 0 0 3
0 5 0 2
cfn=(1916)
calls=1 0 
0 110 21 14
0 3 0 1
cfn=(1916)
calls=1 0 
0 381 80 59 0 0 1 0 0 1
0 3 0 1 1 0 0 1
cfn=(1916)
calls=1 0 
0 108 21 14
0 4 0 1
cfn=(1916)
calls=1 0 
0 110 21 14
0 6 1 3
cfn=(1934)
calls=1 0 
0 129 29 20
0 2 0 1 1 0 0 1
cob=(2)
cfi=(51)
cfn=(1004)
calls=1 0 
0 199 38 30 0 0 1 0 0 1
0 3 0 1
cfn=(2252)
calls=1 0 
0 273 61 61 0 0 2 0 0 2
0 5 0 2
cfn=(1916)
calls=1 0 
0 110 21 14 0 1
0 3 0 1
cfn=(1916)
calls=1 0 
0 108 21 14
0 3 0 1 1 0 0 1
cfn=(1916)
calls=1 0 
0 108 21 14
0 3 0 1
cfn=(1916)
calls=1 0 
0 110 21 14
0 6 1 3
cfn=(1934)
calls=1 0 
0 252 65 39
0 4 0 2 1 0 0 1
cfn=(1934)
calls=1 0 
0 129 29 20
0 5 0 3
cfn=(1934)
calls=1 0 
0 271 53 42 1 0 1 0 0 1
0 4 1 2
cfn=(1934)
calls=1 0 
0 9 4 2
0 2 0 1 1 0 0 1
cob=(2)
cfi=(51)
cfn=(1004)
calls=1 0 
0 203 39 30 0 0 1 0 0 1
0 21 1 12 1 0 0 1
cfn=(1916)
calls=1 0 
0 381 80 59 0 0 1 0 0 1
0 3 0 1
cfn=(1916)
calls=1 0 
0 377 80 58 0 0 1 0 0 1
0 2 0 1 1 0 0 1
cob=(2)
cfi=(51)
cfn=(1004)
calls=1 0 
0 199 38 30 0 0 1 0 0 1
0 3 0 1
cfn=(1938)
calls=1 0 
0 311 66 79 5 0 4 0 0 4
0 5 0 2
cfn=(1916)
calls=1 0 
0 108 21 14
0 3 0 1
cfn=(1916)
calls=1 0 
0 443 98 64 5 5 4 0 5 4
0 4 0 1 1 0 0 1
cfn=(1916)
calls=1 0 
0 381 80 59
0 3 0 1
cfn=(1916)
calls=1 0 
0 113 21 14 0 1
0 5 0 1 1 0 0 1
cfn=(1916)
calls=1 0 
0 85 17 11
0 3 0 1
cob=(2)
cfi=(51)
cfn=(1944)
calls=1 0 
0 39 12 8
0 5 0 2
cfn=(1934)
calls=1 0 
0 271 53 42 0 0 1 0 0 1
0 2 0 1
cob=(2)
cfi=(51)
cfn=(1004)
calls=1 0 
0 199 38 30 0 0 1 0 0 1
0 6 0 1 1 0 0 1
cfn=(2110)
calls=1 0 
0 1074 237 194 1 1 3 0 0 3
0 4 0 2
cfn=(1934)
calls=1 0 
0 396 89 61
0 4 1 2
cfn=(1934)
calls=1 0 
0 251 65 39
0 2 0 1
cob=(2)
cfi=(51)
cfn=(1004)
calls=1 0 
0 203 39 30 0 0 1 0 0 1
0 3 0 1 1 0 0 1
cfn=(2272)
calls=1 0 
0 48102 11012 8205 629 19 84 14 12 83
0 4 1 2 1
cfn=(1934)
calls=1 0 
0 9 4 2
0 2 0 1
cob=(2)
cfi=(51)
cfn=(1004)
calls=1 0 
0 203 39 30 0 0 1 0 0 1
0 20 1 11 2 0 1 2 0 1
cfn=(1916)
calls=1 0 
0 108 21 14 1 1 0 0 1
0 3 0 1
cfn=(1916)
calls=1 0 
0 400 85 60 0 0 2 0 0 2
0 2 0 1
cob=(2)
cfi=(51)
cfn=(1004)
calls=1 0 
0 199 38 30 0 0 1 0 0 1
0 3 0 1
cfn=(1938)
calls=1 0 
0 311 66 79 2 0 4 0 0 4
0 5 0 2 1 0 0 1
cfn=(1916)
calls=1 0 
0 237 56 37
0 3 0 1
cfn=(1916)
calls=1 0 
0 256 61 38 0 2 0 0 2
0 3 0 1
cfn=(1916)
calls=1 0 
0 381 80 59
0 3 0 1
cfn=(1916)
calls=1 0 
0 113 21 14
0 5 0 2 1 0 0 1
cfn=(1916)
calls=1 0 
0 85 17 11
0 3 1 1
cob=(2)
cfi=(51)
cfn=(1944)
calls=1 0 
0 39 12 8
0 4 0 2
cfn=(1934)
calls=1 0 
0 129 29 20
0 2 0 1
cob=(2)
cfi=(51)
cfn=(1004)
calls=1 0 
0 199 38 30 0 0 1 0 0 1
0 3 0 1 1 0 0 1
cfn=(1938)
calls=1 0 
0 311 66 79 0 0 4 0 0 4
0 5 0 2
cfn=(1916)
calls=1 0 
0 381 80 59 0 0 1 0 0 1
0 3 0 1
cfn=(1916)
calls=1 0 
0 400 85 60 0 1 1 0 1 1
0 3 0 1 1 0 0 1
cfn=(1916)
calls=1 0 
0 381 80 59 0 0 1 0 0 1
0 3 0 1
cfn=(1916)
calls=1 0 
0 113 21 14
0 4 0 1
cfn=(1916)
calls=1 0 
0 85 17 11
0 3 0 1
cob=(2)
cfi=(51)
cfn=(1944)
calls=1 0 
0 39 12 8
0 4 0 2 1 0 0 1
cfn=(1934)
calls=1 0 
0 252 65 39
0 2 0 1
cob=(2)
cfi=(51)
cfn=(1004)
calls=1 0 
0 199 38 30 0 0 1 0 0 1
0 5 0 1
cfn=(2112)
calls=1 0 
0 1274 274 220 0 1 4 0 0 4
0 4 0 2
cfn=(1934)
calls=1 0 
0 394 89 61 0 0 1 0 0 1
0 4 1 2 1 0 0 1
cfn=(1934)
calls=1 0 
0 9 4 2
0 2 0 1
cob=(2)
cfi=(51)
cfn=(1004)
calls=1 0 
0 203 39 30 0 0 1 0 0 1
0 20 1 11 1 0 1 1 0 1
cfn=(1916)
calls=1 0 
0 110 21 14
0 3 0 1 1 0 0 1
cfn=(1916)
calls=1 0 
0 386 81 58 0 0 1 0 0 1
0 2 0 1
cob=(2)
cfi=(51)
cfn=(1004)
calls=1 0 
0 199 38 30 0 0 1 0 0 1
0 3 0 1
cfn=(1938)
calls=1 0 
0 311 66 79 0 0 4 0 0 4
0 5 0 2
cfn=(1916)
calls=1 0 
0 110 21 14 0 1 0 0 1
0 3 0 1 1 0 0 1
cfn=(1916)
calls=1 0 
0 408 87 60 0 2 2 0 2 2
0 3 0 1
cfn=(1916)
calls=1 0 
0 85 17 11
0 4 0 1
cfn=(1916)
calls=1 0 
0 85 17 11
0 3 0 1
cob=(2)
cfi=(51)
cfn=(1944)
calls=1 0 
0 39 12 8
0 4 0 2 1 0 0 1
cfn=(1934)
calls=1 0 
0 129 29 20
0 2 0 1
cob=(2)
cfi=(51)
cfn=(1004)
calls=1 0 
0 199 38 30 0 0 1 0 0 1
0 5 0 1
cfn=(2112)
calls=1 0 
0 1274 274 220 0 2 4 0 2 4
0 4 0 2
cfn=(1934)
calls=1 0 
0 252 65 39
0 2 0 1 1 0 0 1
cob=(2)
cfi=(51)
cfn=(1004)
calls=1 0 
0 199 38 30 0 0 1 0 0 1
0 6 0 1
cfn=(2098) cmdstan::arg_single_int_nonneg::arg_single_int_nonneg(char const*, char const*, int)
calls=1 0 
0 1159 248 201 8 1 3 0 1 3
0 4 0 2
cfn=(1934)
calls=1 0 
0 394 89 61 0 0 1 0 0 1
0 2 0 1
cob=(2)
cfi=(51)
cfn=(1004)
calls=1 0 
0 199 38 30 0 0 1 0 0 1
0 5 0 1 1 0 0 1
cfn=(2112)
calls=1 0 
0 1270 273 220 0 0 4 0 0 4
0 4 0 2
cfn=(1934)
calls=1 0 
0 9 4 2
0 4 1 2
cfn=(1934)
calls=1 0 
0 9 4 2
0 13 10 1 1 1 0 1

fn=(2344)
0 194 60 27 8 5 0 2
cob=(2)
cfi=(51)
cfn=(1950)
calls=7 0 
0 693 217 105 0 2
0 40 8 0 3 0 0 1

fn=(3964)
0 10 3 2 2 1 0 2
cob=(2)
cfi=(51)
cfn=(2970)
calls=1 0 
0 95 30 15 0 3
0 4 1 1 0 1
cfn=(3022)
calls=1 0 
0 293 86 36 2 2 0 1
0 7 2 0 1 0 0 1
cob=(2)
cfi=(51)
cfn=(1950)
calls=1 0 
0 99 31 15 0 1

fn=(3974) boost::object_cache<boost::re_detail_500::cpp_regex_traits_base<char>, boost::re_detail_500::cpp_regex_traits_implementation<char> >::data::~data()
0 13 2 5 1 2 0 1
cfn=(3976) std::_Rb_tree<boost::re_detail_500::cpp_regex_traits_base<char>, std::pair<boost::re_detail_500::cpp_regex_traits_base<char> const, std::_List_iterator<std::pair<std::shared_ptr<boost::re_detail_500::cpp_regex_traits_implementation<char> const>, boost::re_detail_500::cpp_regex_traits_base<char> const*> > >, std::_Select1st<std::pair<boost::re_detail_500::cpp_regex_traits_base<char> const, std::_List_iterator<std::pair<std::shared_ptr<boost::re_detail_500::cpp_regex_traits_implementation<char> const>, boost::re_detail_500::cpp_regex_traits_base<char> const*> > > >, std::less<boost::re_detail_500::cpp_regex_traits_base<char> >, std::allocator<std::pair<boost::re_detail_500::cpp_regex_traits_base<char> const, std::_List_iterator<std::pair<std::shared_ptr<boost::re_detail_500::cpp_regex_traits_implementation<char> const>, boost::re_detail_500::cpp_regex_traits_base<char> const*> > > > >::_M_erase(std::_Rb_tree_node<std::pair<boost::re_detail_500::cpp_regex_traits_base<char> const, std::_List_iterator<std::pair<std::shared_ptr<boost::re_detail_500::cpp_regex_traits_implementation<char> const>, boost::re_detail_500::cpp_regex_traits_base<char> const*> > > >*) [clone .isra.0]
calls=1 0 
0 18 7 7 3 0 0 2
0 3 1 1 1 0 0 1
cob=(2)
cfi=(51)
cfn=(2680)
calls=1 0 
0 10 5 1 1 1 0 1
0 3 0 1
cob=(2)
cfi=(51)
cfn=(1950)
calls=1 0 
0 120 35 14 0 2
0 8 1 1 0 1
cob=(2)
cfi=(51)
cfn=(1950)
calls=1 0 
0 118 35 14
0 17 6 2 1 1 0 1
cfn=(3978)
calls=1 0 
0 133 43 20 5 3 0 5
0 10 4 2 1 0 0 1
cfn=(3980)
calls=1 0 
0 123 35 14
0 7 5

fn=(2582)
0 17 1 8 2 0 0 2
cfn=(1822)
calls=1 0 
0 92 19 14 0 1
0 3 0 1
cfn=(2348)
calls=1 0 
0 440 115 53 0 4
0 3 0 1
cfn=(2584)
calls=1 0 
0 225 59 36 4 6 0 4
0 13 1 1 1 0 0 1
cob=(2)
cfi=(51)
cfn=(2280)
calls=1 0 
0 215 66 36 0 6 0 0 2
0 9 2 4 1 1 0 1
cfn=(1908)
calls=1 0 
0 283 58 45 1 1 2 0 0 2
0 2 0 1
cfn=(2586) cmdstan::file::validate_output_filename(std::__cxx11::basic_string<char, std::char_traits<char>, std::allocator<char> > const&)
calls=1 0 
0 275 66 38 23 4 0 11
0 3 0 1
cfn=(1822)
calls=1 0 
0 92 19 14
0 3 0 1
cfn=(2348)
calls=1 0 
0 440 115 53
0 3 0 1 1 0 0 1
cfn=(2584)
calls=1 0 
0 273 72 43 0 3
0 12 1 1 1 0 0 1
cob=(2)
cfi=(51)
cfn=(2280)
calls=1 0 
0 221 66 36 0 2 0 0 1
0 8 2 3 0 1
cfn=(1908)
calls=1 0 
0 33 8 7
0 2 0 1
cfn=(2586)
calls=1 0 
0 78 22 16
0 3 0 1 1 0 0 1
cfn=(1822)
calls=1 0 
0 92 19 14
0 3 0 1
cfn=(2348)
calls=1 0 
0 110 31 16
0 10 1 2 1 0 0 1
cfn=(1822)
calls=1 0 
0 68 13 11 0 1
0 5 0 2
cfn=(1822)
calls=1 0 
0 68 13 11
0 6 2 1 1 0 0 1
cfn=(1822)
calls=1 0 
0 163 36 25
0 3 0 1
cfn=(2576)
calls=1 0 
0 100 31 17
0 7 2 1
cob=(2)
cfi=(51)
cfn=(1950)
calls=1 0 
0 99 31 15
0 21 8 1 3 0 0 3
cob=(2)
cfi=(51)
cfn=(1950)
calls=1 0 
0 99 31 15
0 17 11 1 3 0 0 3
cfn=(1822)
calls=1 0 
0 92 19 14 0 1
0 3 0 1
cfn=(2576)
calls=1 0 
0 100 31 17
0 12 3 1 1 0 0 1
cfn=(1822)
calls=1 0 
0 90 19 14
0 3 0 1
cfn=(2576)
calls=1 0 
0 100 31 17
0 6 1 0 1 0 0 1

fn=(2584)
0 456 72 192 6 5 0 2
cob=(2)
cfi=(51)
cfn=(1824)
calls=24 0 
0 384 72 0 0 11
0 120 0 24 3 0 0 1
cfn=(1886)
calls=24 0 
0 1576 382 282 1 0 1
0 72 0 24
cfn=(2580)
calls=24 0 
0 6418 1668 890 15 42 2
0 99 25 1
cob=(2)
cfi=(51)
cfn=(1950)
calls=1 0 
0 99 31 15
0 264 192 0 4 0 0 1

fn=(2672)
0 156 12 48 8 7 0 2
cob=(2)
cfi=(51)
cfn=(1824)
calls=12 0 
0 192 36 0 0 3
0 48 0 12
cfn=(1886)
calls=12 0 
0 684 168 120 2
0 60 36

fn=(2800) stan::json::json_data::json_data(std::istream&)
0 78 1 59 9 0 1 9
cfn=(2802)
calls=1 0 
0 362207 99102 59707 1356 290 157 830 69 121
0 7 2 2 1
cob=(2)
cfi=(51)
cfn=(1950)
calls=1 0 
0 99 31 15
0 10 3 1 1 0 0 1
cfn=(3138)
calls=1 0 
0 135 43 25 4 0 2 4
0 6 2 2
cfn=(3138)
calls=2 0 
0 155 50 33
0 24 6 3 1 0 0 1
cob=(2)
cfi=(51)
cfn=(1950)
calls=3 0 
0 297 93 45
0 20 3 1 1 0 0 1
cfn=(3140)
calls=1 0 
0 20 7 8 2 0 0 2
0 3 1 1
cfn=(3140)
calls=1 0 
0 20 7 8
0 14 6 2
cob=(2)
cfi=(51)
cfn=(1950)
calls=2 0 
0 198 62 30
0 12 4 2 1 0 0 1
cob=(2)
cfi=(51)
cfn=(1950)
calls=2 0 
0 198 62 30
0 14 2 2
cob=(2)
cfi=(51)
cfn=(1950)
calls=2 0 
0 198 62 30
0 13 2 1 1 0 0 1
cfn=(3142) std::_Rb_tree<std::__cxx11::basic_string<char, std::char_traits<char>, std::allocator<char> >, std::pair<std::__cxx11::basic_string<char, std::char_traits<char>, std::allocator<char> > const, int>, std::_Select1st<std::pair<std::__cxx11::basic_string<char, std::char_traits<char>, std::allocator<char> > const, int> >, std::less<std::__cxx11::basic_string<char, std::char_traits<char>, std::allocator<char> > >, std::allocator<std::pair<std::__cxx11::basic_string<char, std::char_traits<char>, std::allocator<char> > const, int> > >::_M_erase(std::_Rb_tree_node<std::pair<std::__cxx11::basic_string<char, std::char_traits<char>, std::allocator<char> > const, int> >*)
calls=1 0 
0 135 43 25 4 0 0 4
0 6 2 2
cfn=(3142)
calls=2 0 
0 174 54 32 1 0 0 1
0 24 6 3 1 0 0 1
cob=(2)
cfi=(51)
cfn=(1950)
calls=3 0 
0 339 101 43
0 17 2 1
cfn=(3142)
calls=1 0 
0 156 47 24
0 6 2 2
cfn=(3142)
calls=2 0 
0 176 54 32
0 24 6 3 1 0 0 1
cob=(2)
cfi=(51)
cfn=(1950)
calls=3 0 
0 360 105 42
0 12 0 1
cfn=(2344)
calls=1 0 
0 117 37 18
0 11 9 0 1 0 0 1

fn=(2854)
0 12368 3958 1891 8 2 1 4
cob=(2)
cfi=(51)
cfn=(2806) 0x0000000000120680
calls=91 0 
0 15808 4714 2887 65 37 0 3 5
0 644 458 4

fn=(2962) boost::re_detail_500::cpp_regex_traits_implementation<char>::lookup_classname(char const*, char const*) const
0 65 5 30 1 0 0 1
cfn=(2964)
calls=5 0 
0 1142 237 65 6 11 0 6 4
0 55 35 0 1 0 0 1

fn=(2968)
0 246 60 60 5 0 1 5
cob=(2)
cfi=(51)
cfn=(1004)
calls=1 0 
0 59 15 8 0 2
0 6 1 2
cob=(2)
cfi=(51)
cfn=(2970)
calls=1 0 
0 10 3 0 1
0 7 2 1 1 0 0 1

fn=(2976) boost::re_detail_500::basic_regex_parser<char, boost::regex_traits<char, boost::cpp_regex_traits<char> > >::parse_set()
0 182 50 52 6 0 0 6
cfn=(2978)
calls=6 0 
0 2882 764 486 27 0 2 27 0 2
0 58 8 4 3 0 0 3
cob=(2)
cfi=(51)
cfn=(1950)
calls=2 0 
0 198 62 30
0 8 3 1
cfn=(2992)
calls=1 0 
0 18 7 7 2 0 0 2
0 4 1 1
cob=(2)
cfi=(51)
cfn=(1950)
calls=1 0 
0 99 31 15
0 28 18 2 2 0 0 2
cfn=(2984)
calls=2 0 
0 3082 641 151 20 0 9 19
0 2

fn=(3020)
0 475 75 80 30 0 3 11 0 3
cob=(2)
cfi=(51)
cfn=(1004)
calls=5 0 
0 1015 195 150 0 0 5 0 0 5
0 70 15 0 5 0 0 1

fn=(3022)
0 158 52 28 6 4 0 2
cfn=(3966) std::_Sp_counted_ptr<boost::regex_traits_wrapper<boost::regex_traits<char, boost::cpp_regex_traits<char> > >*, (__gnu_cxx::_Lock_policy)2>::_M_dispose()
calls=1 0 
0 145 42 18 1 1
cfn=(3948)
calls=1 0 
0 1580 467 200 5 22 0 1
0 24 10 2 1
cfn=(3968)
calls=1 0 
0 123 35 14 1 0 0 1
cfn=(3950)
calls=1 0 
0 151 44 18 0 1

fn=(3023) std::_Sp_counted_base<(__gnu_cxx::_Lock_policy)2>::_M_release()'2
0 12 4 2 0 1

fn=(3074)
0 6265 1170 2455 14 0 0 3
cfn=(3076) rapidjson::GenericReader<rapidjson::UTF8<char>, rapidjson::UTF8<char>, rapidjson::CrtAllocator>::NumberStream<rapidjson::BasicIStreamWrapper<std::istream>, true, false>::TakePush()
calls=115 0 
0 11632 4121 2366 17 1 0 0 1
0 4325 2215 50 7 0 0 4
cfn=(3076)
calls=50 0 
0 6217 2161 1236 0 2 0 0 2
0 1454 540 486 2 0 0 2
cfn=(2866)
calls=195 0 
0 3510 1170 780
0 5275 2145 665 4 0 0 4
cfn=(3076)
calls=80 0 
0 6224 2272 1312 6 2 0 4 2
0 3836 630 1269 6 1 0 5
cfn=(3078)
calls=195 0 
0 56245 12664 8070 23 6 27 17 0 25
0 780 390

fn=(3084)
0 1122 374 306 6 0 0 3
cfn=(2872)
calls=34 0 
0 3674 850 680
0 170 0 68
cfn=(3058)
calls=34 0 
0 3917 859 307
0 510 34 102 4 0 0 2
cfn=(2872)
calls=34 0 
0 3674 850 680
0 102 34 34
cfn=(3064)
calls=34 0 
0 4239 931 409
0 170 0 68
cfn=(3086)
calls=34 0 
0 3772 918 680 7 0 0 3
0 170 0 68 2 0 0 1
cfn=(3086)
calls=34 0 
0 3772 918 680
0 791 206 171 2 0 0 1
cob=(2)
cfi=(51)
cfn=(2306)
calls=35 0 
0 738 142
0 790 137 34 3 0 0 2
cfn=(3080)
calls=34 0 
0 1564 238 102
0 204 68 34
cfn=(3044)
calls=34 0 
0 4019 825 375
0 487 209 4 1 0 0 1
cfn=(3064)
calls=1 0 
0 123 27 12
0 198 99 99 1 0 0 1
cfn=(3064)
calls=33 0 
0 4116 904 397
0 136 34 34
cfn=(3072)
calls=34 0 
0 1736 544 306
0 102 34 34 1 0 0 1
cfn=(3072)
calls=34 0 
0 1736 544 306
0 272 102 68
cob=(2)
cfi=(51)
cfn=(1950)
calls=34 0 
0 3366 1054 510
0 204 68 34
cob=(2)
cfi=(51)
cfn=(1950)
calls=34 0 
0 3366 1054 510
0 561 166 2 4 0 0 4

fn=(3086)
0 1354 164 484 12 0 0 2
cob=(2)
cfi=(51)
cfn=(1004)
calls=74 0 
0 4346 1110 592 0 1
0 1198 164 238 2 0 0 1
cob=(2)
cfi=(51)
cfn=(1948)
calls=74 0 
0 972 296 148 1 1
0 582 328 82 3

fn=(3090)
0 273 30 129 4 2 1 2 0 1
cob=(2)
cfi=(51)
cfn=(2306)
calls=3 0 
0 63 12
0 78 12 3 2 1 0 1
cob=(2)
cfi=(51)
cfn=(2306)
calls=3 0 
0 63 12
0 195 129 0 8 0 0 1

fn=(3126)
0 450 90 120 2 0 0 2
cob=(2)
cfi=(51)
cfn=(1888)
calls=30 0 
0 540 90 30

fn=(3186)
0 90 10 25 2 0 0 2
cfn=(3092)
calls=5 0 
0 784 190 54
0 30 0 5
cfn=(3092)
calls=5 0 
0 784 190 54
0 15 0 5
cfn=(3096)
calls=5 0 
0 800 187 152 2 24 16 0 0 5
0 35 25 0 1 0 0 1

fn=(3196)
0 22 2 10 2 0 0 2
cfn=(3198)
calls=1 0 
0 515 79 63 8 8 5 8
0 10 1 2 1 0 0 1
cfn=(3202) cmdstan::file::make_filenames(std::__cxx11::basic_string<char, std::char_traits<char>, std::allocator<char> > const&, std::__cxx11::basic_string<char, std::char_traits<char>, std::allocator<char> > const&, std::__cxx11::basic_string<char, std::char_traits<char>, std::allocator<char> > const&, unsigned int, unsigned int)
calls=1 0 
0 2347 590 384 70 20 15 18
0 11 3 2
cfn=(3206) cmdstan::file::safe_create(std::__cxx11::basic_string<char, std::char_traits<char>, std::allocator<char> > const&, int)
calls=1 0 
0 2066 549 454 93 47 15 6 1 1
0 8 2 3 1 0 0 1
cob=(2)
cfi=(51)
cfn=(1824)
calls=1 0 
0 16 3 0 1 1
0 12 1 4 1 0 0 1
cfn=(3210)
calls=1 0 
0 756 190 178 18 2 3 11
0 20 7 2 2 0 0 2
cob=(2)
cfi=(51)
cfn=(1950)
calls=1 0 
0 99 31 15
0 9 2 1
cob=(2)
cfi=(51)
cfn=(1950)
calls=1 0 
0 99 31 15
0 20 10 1 2 0 0 2
cob=(2)
cfi=(51)
cfn=(1888)
calls=1 0 
0 20 4 2
0 5 3 0 1 0 0 1

fn=(3200)
0 58 20 18 3 0 1 3

fn=(3202)
0 28 1 13 3 0 1 3
cob=(2)
cfi=(51)
cfn=(1004)
calls=1 0 
0 59 15 8 0 1 1
0 17 1 7 1 0 0 1
cob=(2)
cfi=(51)
cfn=(2294)
calls=1 0 
0 64 11 3 10 2
0 19 10 2 3 0 0 3
cfn=(2718)
calls=1 0 
0 1225 307 195 25 10 10
0 19 6 3 3 0 0 3
cfn=(2596)
calls=1 0 
0 191 50 34 4 0 1
0 5 0 1 1 0 0 1
cfn=(1968)
calls=1 0 
0 60 17 13 3
0 4 2 1
cob=(2)
cfi=(51)
cfn=(1970)
calls=1 0 
0 318 86 51 8 4 1
0 19 6 8 2 0 0 2
cob=(2)
cfi=(51)
cfn=(1940)
calls=1 0 
0 31 8 8
0 16 5 1 1 0 0 1
cfn=(3204) std::pair<std::__cxx11::basic_string<char, std::char_traits<char>, std::allocator<char> >, std::__cxx11::basic_string<char, std::char_traits<char>, std::allocator<char> > >::~pair()
calls=1 0 
0 114 35 16 1 0 0 1
0 9 2 2 2 0 0 2
cfn=(1822)
calls=1 0 
0 68 13 11 0 0 1
0 5 0 1 1 0 0 1
cob=(2)
cfi=(51)
cfn=(2298)
calls=1 0 
0 74 15 6 2 3
0 2

fn=(3206)
0 13 1 7 1 0 0 1
cob=(2)
cfi=(51)
cfn=(1004)
calls=1 0 
0 59 15 8 0 3
0 4 0 1
cob=(2)
cfi=(51)
cfn=(2730)
calls=1 0 
0 87 13 30 0 0 4
0 16 3 8 2 2 1 2
cob=(2)
cfi=(51)
cfn=(2732)
calls=1 0 
0 223 76 44 4 1
0 7 0 3
cob=(2)
cfi=(51)
cfn=(2734)
calls=1 0 
0 341 110 87 13 12 3
0 3 0 1
cob=(2)
cfi=(51)
cfn=(2732)
calls=1 0 
0 223 76 44
0 4 0 1 1 0 0 1
cob=(2)
cfi=(51)
cfn=(2760)
calls=1 0 
0 1039 232 213 69 27 7 1 1 1
0 7 2 1 0 1
cob=(2)
cfi=(51)
cfn=(2796)
calls=1 0 
0 9 4 1 2 1
0 7 3 3
cob=(2)
cfi=(51)
cfn=(2796)
calls=1 0 
0 9 4 1
0 15 10 1 1 0 0 1

fn=(3214)
0 22 0 14 1 0 0 1
cfn=(3216) std::vector<stan::callbacks::json_writer<std::basic_ofstream<char, std::char_traits<char> >, std::default_delete<std::basic_ofstream<char, std::char_traits<char> > > >, std::allocator<stan::callbacks::json_writer<std::basic_ofstream<char, std::char_traits<char> >, std::default_delete<std::basic_ofstream<char, std::char_traits<char> > > > > >::reserve(unsigned long)
calls=2 0 
0 546 110 92 5 1 1 4
0 54 18 10 3 0 0 3

fn=(3216)
0 58 6 10 2 0 0 2
cob=(2)
cfi=(51)
cfn=(1004)
calls=2 0 
0 438 88 78 1 1 1
0 50 16 4 2 0 0 2

fn=(3354)
0 17 3 9 2 2 0 2
cfn=(3356) model_model_namespace::model_model::model_compile_info[abi:cxx11]() const
calls=1 0 
0 850 215 139 14 4 0 9 1
0 42 10 11 2 0 0 2
cfn=(3246)
calls=2 0 
0 1381 478 234
0 14 4 2
cob=(2)
cfi=(51)
cfn=(1950)
calls=2 0 
0 198 62 30
0 25 8 2 1 0 0 1
cob=(2)
cfi=(51)
cfn=(1950)
calls=2 0 
0 198 62 30 0 1
0 11 2 1
cob=(2)
cfi=(51)
cfn=(1950)
calls=1 0 
0 99 31 15
0 19 9 2 2 0 0 2
cob=(2)
cfi=(51)
cfn=(1966)
calls=2 0 
0 146 34 16
0 14 2 6 1 0 0 1
cob=(2)
cfi=(51)
cfn=(1888)
calls=2 0 
0 27 8 4
0 6 4

fn=(3358)
0 15 3 5 1 0 0 1
cfn=(3244)
calls=1 0 
0 266 66 43
0 3 0 1 1 0 0 1
cfn=(3246)
calls=1 0 
0 5 2
0 7 2 1
cob=(2)
cfi=(51)
cfn=(1950)
calls=1 0 
0 99 31 15
0 8 6

fn=(3364)
0 20 1 9 2 0 0 2
cob=(2)
cfi=(51)
cfn=(1824)
calls=1 0 
0 16 3
0 4 0 1
cfn=(1886)
calls=1 0 
0 57 14 10
0 3 0 1
cfn=(2348)
calls=1 0 
0 110 31 16
0 9 2 3 1 0 0 1
cob=(2)
cfi=(51)
cfn=(1824)
calls=1 0 
0 16 3
0 4 0 1
cfn=(1886)
calls=1 0 
0 57 14 10
0 4 1 1
cfn=(2576)
calls=1 0 
0 135 40 18
0 3 0 1
cfn=(2584)
calls=1 0 
0 375 98 57 0 2
0 14 2 1 2 0 0 2
cob=(2)
cfi=(51)
cfn=(2280)
calls=1 0 
0 217 66 36 2 2
0 12 10

fn=(3372)
0 25 2 12 2 0 0 2
cob=(2)
cfi=(51)
cfn=(1824)
calls=1 0 
0 16 3
0 4 0 1 1 0 0 1
cfn=(1886)
calls=1 0 
0 57 14 10
0 3 1 1
cfn=(2348)
calls=1 0 
0 110 31 16
0 10 2 4
cob=(2)
cfi=(51)
cfn=(1824)
calls=1 0 
0 16 3
0 4 0 1 1 0 0 1
cfn=(1886)
calls=1 0 
0 57 14 10
0 4 1 1
cfn=(2576)
calls=1 0 
0 135 40 18
0 9 2 3
cob=(2)
cfi=(51)
cfn=(1824)
calls=1 0 
0 16 3
0 4 0 1 1 0 0 1
cfn=(1886)
calls=1 0 
0 55 14 10
0 4 1 1
cfn=(2580)
calls=1 0 
0 362 95 51
0 9 2 3 1 0 0 1
cob=(2)
cfi=(51)
cfn=(1824)
calls=1 0 
0 16 3
0 4 0 1
cfn=(1886)
calls=1 0 
0 60 14 10
0 4 1 1
cfn=(2576)
calls=1 0 
0 138 40 18
0 3 1 1
cfn=(2584)
calls=1 0 
0 325 85 50 0 1
0 20 6 1 2 0 0 2
cob=(2)
cfi=(51)
cfn=(2280)
calls=1 0 
0 221 66 36 0 5 0 0 2
0 7 2 2 1 0 0 1
cfn=(1908)
calls=1 0 
0 33 8 7
0 12 9 0 1 0 0 1

fn=(3384)
0 42 2 20 2 0 0 2
cob=(2)
cfi=(51)
cfn=(1824)
calls=2 0 
0 32 6
0 8 0 2
cfn=(1886)
calls=2 0 
0 114 28 20
0 6 0 2
cfn=(2348)
calls=2 0 
0 220 62 32
0 18 4 6 1 0 0 1
cob=(2)
cfi=(51)
cfn=(1824)
calls=2 0 
0 32 6
0 8 0 2
cfn=(1886)
calls=2 0 
0 114 28 20
0 8 2 2
cfn=(2576)
calls=2 0 
0 270 80 36
0 18 4 6 1 0 0 1
cob=(2)
cfi=(51)
cfn=(1824)
calls=2 0 
0 32 6
0 8 0 2
cfn=(1886)
calls=2 0 
0 114 28 20
0 8 2 2
cfn=(2580)
calls=2 0 
0 624 164 88
0 6 2 2 1 0 0 1
cfn=(2584)
calls=2 0 
0 1049 268 150 0 1
0 34 6 2 1 0 0 1
cob=(2)
cfi=(51)
cfn=(2280)
calls=2 0 
0 422 132 72 0 3 0 0 2
0 24 20 0 1 1 0 1

fn=(3418)
0 1476 164 369 123 40 40 48
cob=(2)
cfi=(51)
cfn=(1004)
calls=41 0 
0 16875 2744 2248 4 0 200 4
0 85842 451 21276 246 25 5115 96
cfn=(3420)
calls=41 0 
0 4920 1148 943 123 41 25 123
0 164 41 41
cfn=(3422)
calls=41 0 
0 738 164 123 82 0 0 82
0 328 164 82 41 0 0 16
cob=(2)
cfi=(51)
cfn=(3424)
calls=41 0 
0 2296 738 82 8 246 0 8 3
0 3977 492 410 205 0 0 80
cob=(2)
cfi=(51)
cfn=(1950)
calls=41 0 
0 4059 1271 615 0 1
0 104254 21031 20621 163 2 0 63
cfn=(3790) std::vector<double, std::allocator<double> >::vector(unsigned long, double const&, std::allocator<double> const&)
calls=40 0 
0 4640 800 800 160 39 0 160
0 4760 400 1520 200 0 0 75
cfn=(3792)
calls=40 0 
0 400 160 80 80 0 0 80
0 2600 400 280 40 0 0 15
cob=(2)
cfi=(51)
cfn=(1950)
calls=40 0 
0 3960 1240 600 0 40
0 1600 120 0 200 0 0 75

fn=(3434)
0 30 12 6 3 0 0 3

fn=(3440)
0 44 6 16 4 1 1 4
cfn=(3420)
calls=1 0 
0 120 28 23
0 5 1 1
cfn=(3422)
calls=1 0 
0 18 4 3 0 0 1
0 12 4 3 1 0 0 1
cob=(2)
cfi=(51)
cfn=(3424)
calls=1 0 
0 56 18 2 0 1
0 12 1 5 1 1 0 1
cfn=(3442) stan::return_type<std::vector<double, std::allocator<double> >&, double, double>::type stan::math::normal_lpdf<false, std::vector<double, std::allocator<double> >&, double, double, (void*)0>(std::vector<double, std::allocator<double> >&, double&&, double&&)
calls=1 0 
0 505 114 73 36 11 1 32 4
0 8 0 4 1 0 1 1
cfn=(3456)
calls=1 0 
0 124 27 20 6 0 0 6
0 4 1 1
cfn=(3458) stan::return_type<Eigen::Map<Eigen::Matrix<double, -1, 1, 0, -1, 1> const, 0, Eigen::Stride<0, 0> >&, double, double>::type stan::math::normal_lpdf<false, Eigen::Map<Eigen::Matrix<double, -1, 1, 0, -1, 1> const, 0, Eigen::Stride<0, 0> >&, double, double, (void*)0>(Eigen::Map<Eigen::Matrix<double, -1, 1, 0, -1, 1> const, 0, Eigen::Stride<0, 0> >&, double&&, double&&) [clone .isra.0]
calls=1 0 
0 14480 2657 2617 19 1 7 19
0 10 4 2 2 0 0 2
cfn=(3460) stan::return_type<double&, double, double>::type stan::math::normal_lpdf<false, double&, double, double, (void*)0>(double&, double&&, double&&) [clone .isra.0]
calls=1 0 
0 138 24 15 8 0 0 8
0 359 76 159 8 18 31 8
cfn=(3462)
calls=5 0 
0 878218 167885 43725 53 1663 1752 51 8 125
0 23 11 6 1 6 5 1
cfn=(3456)
calls=1 0 
0 246 63 39 0 10
0 10 3 1 0 1
cob=(2)
cfi=(51)
cfn=(1950)
calls=1 0 
0 99 31 15 0 7
0 70 21 3 3 3 1 3
cob=(2)
cfi=(51)
cfn=(1950)
calls=1 0 
0 99 31 15
0 5 2 1 2 0 0 2
cfn=(3456)
calls=1 0 
0 247 63 39
0 6 3 1
cfn=(3456)
calls=1 0 
0 245 63 39
0 4 1 1
cfn=(3456)
calls=1 0 
0 246 63 39 0 5 1
0 5 3 0 1 0 0 1

fn=(3494)
0 1291080 276660 92220 126 7685 0 109

fn=(3496)
0 27850440 4042310 3950090 42918 1512 968309 12214 0 125
cfn=(3502)
calls=7685 0 
0 323583 115469 53927 30766 23067 5 6093 0 1
0 30740 15370 0 7684 0 0 2146

fn=(3512)
0 962661519 192470825 308130071 824 4916445 24140538 337 0 3009
cfn=(3490)
calls=38425 0 
0 345825 153700 76850 0 38425 38425
0 568690 345825 99905 43 69165 43868 41
cfn=(3502)
calls=7685 0 
0 323184 115355 53864 0 15386 4124 0 0 1
0 46118 23055 4 43 7685 0 41
cfn=(3480)
calls=2 0 
0 34744 33251 33156 15 676 487 0 0 264
0 8 4 0 0 1

fn=(3514)
0 1098686019 250415725 327457846 65098 22246937 28971055 5772 13027 3761
cfn=(3490)
calls=38425 0 
0 346077 153764 76889 0 38444 38429
0 537958 345825 76854 7686 76849 38425 667
cfn=(3480)
calls=2 0 
0 82937 82066 81982 2 1356 1305 0 0 1282
0 8 4 0 1 2 0 1

fn=(3520) void stan::math::elementwise_check<stan::math::check_not_nan<Eigen::Array<double, -1, 1, 0, -1, 1> >(char const*, char const*, Eigen::Array<double, -1, 1, 0, -1, 1> const&)::{lambda(double)#1}, Eigen::Array<double, -1, 1, 0, -1, 1>, , (void*)0, (void*)0>(stan::math::check_not_nan<Eigen::Array<double, -1, 1, 0, -1, 1> >(char const*, char const*, Eigen::Array<double, -1, 1, 0, -1, 1> const&)::{lambda(double)#1} const&, char const*, char const*, Eigen::Array<double, -1, 1, 0, -1, 1> const&, char const*) [clone .isra.0]
0 308514325 38655550 77042125 15774 403975 66435 4400

fn=(3546)
0 46110 0 0 7492 0 0 374
cfn=(3532)
calls=7685 0 
0 61618330 23108795 7685000 0 4833865

fn=(3582)
0 296964 0 148482 42 0 1762 1
cob=(2)
cfi=(51)
cfn=(1026)
calls=74241 0 
0 16505619 2844990 2472792 18941 212517 177860 39 0 322
0 593928 148482 0 42 0 0 1

fn=(3586) stan::io::validate_dims(stan::io::var_context const&, std::__cxx11::basic_string<char, std::char_traits<char>, std::allocator<char> > const&, std::__cxx11::basic_string<char, std::char_traits<char>, std::allocator<char> > const&, std::__cxx11::basic_string<char, std::char_traits<char>, std::allocator<char> > const&, std::vector<unsigned long, std::allocator<unsigned long> > const&)
0 19 1 9 2 0 0 2
cob=(2)
cfi=(51)
cfn=(2298)
calls=1 0 
0 70 17 6 8 3
0 11 3 2
cfn=(3590) stan::io::array_var_context::dims_r(std::__cxx11::basic_string<char, std::char_traits<char>, std::allocator<char> > const&) const
calls=1 0 
0 236 53 31 5 3 0 4
0 18 7 1 3 1 0 3
cfn=(3588) stan::io::array_var_context::contains_r(std::__cxx11::basic_string<char, std::char_traits<char>, std::allocator<char> > const&) const
calls=1 0 
0 131 28 12 7 3 0 4
0 5 1 1 1 0 0 1
cob=(2)
cfi=(51)
cfn=(1950)
calls=1 0 
0 99 31 15
0 11 9 0 1 0 0 1

fn=(3620)
0 96447 0 44514 146 0 7299 2
cfn=(3622)
calls=7419 0 
0 7821738 2270183 2208402 14418 1002651 934910 4 0 1133
0 22257 0 7419
cfn=(3622)
calls=7419 0 
0 8054110 2287053 2215761 12371 950348 926003 0 0 1822
0 66771 7419 7419 7179 40 0 1
cob=(2)
cfi=(51)
cfn=(1026)
calls=7419 0 
0 1962407 335113 283305 2837 5313 10293
0 74190 7419 22257 0 0 1756
cob=(2)
cfi=(51)
cfn=(1888)
calls=7419 0 
0 5837913 1906683 1877007 84 927300 923905 0 0 56
0 74190 44514 7419 7179 5823 0 1

fn=(3630)
0 145996 15368 61472 84 7603 1 2
cfn=(3632)
calls=7684 0 
0 13147201366 3226589414 2120357755 2031284 275563779 128142141 189449 25560 102237
0 23405464 3972628 3872736 26215 290455 0 4

fn=(3656)
0 29212820 5824220 5835685 22827 1471349 1447731 4 114 2042
cfn=(3600)
calls=11465 0 
0 29132565 5858615 5801290 22704 1023446 1446753 0 446 5471
0 45860 0 11465
cfn=(3600)
calls=11465 0 
0 29132565 5858615 5801290 0 1448533 1444590 0 219 4735
0 137580 91720 11465 53 22930 0 1

fn=(3714)
0 960 80 400 121 0 0 2
cfn=(3716) stan::mcmc::base_nuts<stan::model::model_base, stan::mcmc::diag_e_metric, stan::mcmc::expl_leapfrog, boost::random::mixmax_engine<17, 36u, 0l> >::transition(stan::mcmc::sample&, stan::callbacks::logger&)
calls=80 0 
0 13810049882 3416288206 2217692840 2660249 304966276 144379257 190034 58922 158854
0 2200 960 160 200 160 0 3
cob=(2)
cfi=(51)
cfn=(3746) 0x0000000000120ab0
calls=40 0 
0 5136 1231 120 599 397 0 50 22
0 400 120 80 40 0 0 1
cob=(2)
cfi=(51)
cfn=(3424)
calls=40 0 
0 2240 720 80 0 122
0 200 0 80 40 0 40 1
cfn=(3754) stan::mcmc::var_adaptation::learn_variance(Eigen::Matrix<double, -1, 1, 0, -1, 1>&, Eigen::Matrix<double, -1, 1, 0, -1, 1> const&)
calls=40 0 
0 341649 125999 48594 531 8430 3891 16
0 80

fn=(3722) stan::mcmc::base_leapfrog<stan::mcmc::diag_e_metric<stan::model::model_base, boost::random::mixmax_engine<17, 36u, 0l> > >::evolve(stan::mcmc::diag_e_point&, stan::mcmc::diag_e_metric<stan::model::model_base, boost::random::mixmax_engine<17, 36u, 0l> >&, double, stan::callbacks::logger&)
0 243008 45564 68346 7076 22862 16620 3
cfn=(3622)
calls=7594 0 
0 7656490 2248526 2195062 988 418320 993426 0 0 16639
0 91128 15188 37970 7594 0 2208 1
cfn=(3650)
calls=7594 0 
0 30725324 7692722 3819782 240 956844
0 15188 7594 7594
cob=(2)
cfi=(51)
cfn=(3136)
calls=7594 0 
0 944093 283024 106730 199 28867
0 60752 22782 7594 80 616 0 1
cfn=(3724)
calls=7594 0 
0 13070069673 3209006616 2107528687 2085920 274632951 126664797 179620 25556 102237
0 106316 30376 7594 11454 22782 0 1
cfn=(3622)
calls=7594 0 
0 7653646 2247824 2194666 3431 37970 397489
0 75940 7594 30376 0 0 5386
cfn=(3650)
calls=7594 0 
0 30725324 7692722 3819782 15187 956844
0 15188 7594 7594 488 0 0 1
cob=(2)
cfi=(51)
cfn=(3136)
calls=7594 0 
0 1075670 330464 120112 0 3810
0 83534 68346 0 0 9802

fn=(3732) Eigen::ScalarBinaryOpTraits<double, Eigen::internal::traits<Eigen::Matrix<double, -1, 1, 0, -1, 1> >::Scalar, Eigen::internal::scalar_product_op<double, Eigen::internal::traits<Eigen::Matrix<double, -1, 1, 0, -1, 1> >::Scalar> >::ReturnType Eigen::MatrixBase<Eigen::Matrix<double, -1, 1, 0, -1, 1> >::dot<Eigen::Matrix<double, -1, 1, 0, -1, 1> >(Eigen::MatrixBase<Eigen::Matrix<double, -1, 1, 0, -1, 1> > const&) const
0 103905528 45832674 0 15320 5743955 0 4 14330

fn=(3740) Eigen::PlainObjectBase<Eigen::Matrix<double, -1, 1, 0, -1, 1> >::PlainObjectBase<Eigen::CwiseBinaryOp<Eigen::internal::scalar_sum_op<double, double>, Eigen::Matrix<double, -1, 1, 0, -1, 1> const, Eigen::Matrix<double, -1, 1, 0, -1, 1> const> >(Eigen::DenseBase<Eigen::CwiseBinaryOp<Eigen::internal::scalar_sum_op<double, double>, Eigen::Matrix<double, -1, 1, 0, -1, 1> const, Eigen::Matrix<double, -1, 1, 0, -1, 1> const> > const&)
0 198324 56664 56664 7961 1607 0 4
cfn=(3582)
calls=7083 0 
0 1516401 289520 259948 15752 68371 20074
0 21525237 7160913 3576915 7504 1779055 878292 2 2292 3797

fn=(3742) void Eigen::internal::call_dense_assignment_loop<Eigen::Matrix<double, -1, 1, 0, -1, 1>, Eigen::CwiseBinaryOp<Eigen::internal::scalar_sum_op<double, double>, Eigen::Matrix<double, -1, 1, 0, -1, 1> const, Eigen::Matrix<double, -1, 1, 0, -1, 1> const>, Eigen::internal::assign_op<double, double> >(Eigen::Matrix<double, -1, 1, 0, -1, 1>&, Eigen::CwiseBinaryOp<Eigen::internal::scalar_sum_op<double, double>, Eigen::Matrix<double, -1, 1, 0, -1, 1> const, Eigen::Matrix<double, -1, 1, 0, -1, 1> const> const&, Eigen::internal::assign_op<double, double> const&)
0 43220466 14420988 7182162 15008 3569812 3483 4 5678

fn=(3754)
0 1974 668 430 180 70 0 5
cfn=(3762) void Eigen::internal::call_dense_assignment_loop<Eigen::Matrix<double, -1, 1, 0, -1, 1>, Eigen::CwiseBinaryOp<Eigen::internal::scalar_difference_op<double, double>, Eigen::Matrix<double, -1, 1, 0, -1, 1> const, Eigen::Matrix<double, -1, 1, 0, -1, 1> const>, Eigen::internal::assign_op<double, double> >(Eigen::Matrix<double, -1, 1, 0, -1, 1>&, Eigen::CwiseBinaryOp<Eigen::internal::scalar_difference_op<double, double>, Eigen::Matrix<double, -1, 1, 0, -1, 1> const, Eigen::Matrix<double, -1, 1, 0, -1, 1> const> const&, Eigen::internal::assign_op<double, double> const&)
calls=30 0 
0 107401 33084 17338 172 4072 3772 5
0 227550 90870 30210 179 3837 29 6
cob=(2)
cfi=(51)
cfn=(3136)
calls=30 0 
0 4664 1347 616 0 421 90
0 60 30 0 0 30

fn=(3762)
0 91590 30540 15240 150 4032 3742 5
cfn=(3598)
calls=30 0 
0 15721 2514 2098 22 40 30
0 90 30

fn=(3764)
0 17 3 7 2 2 0 2
cfn=(1886)
calls=1 0 
0 466 86 67 20 7 4 5
0 3 0 1
cfn=(3246)
calls=1 0 
0 690 239 117 55 27 1 3
0 6 2 1 1 0 0 1
cob=(2)
cfi=(51)
cfn=(1950)
calls=1 0 
0 99 31 15 2 4
0 9 7

fn=(3766)
0 21 3 9 2 0 0 2
cfn=(1886)
calls=1 0 
0 129 31 21 0 2 0 0 1
0 3 0 1
cfn=(3246)
calls=1 0 
0 691 239 117
0 6 2 1 1 0 0 1
cob=(2)
cfi=(51)
cfn=(1950)
calls=1 0 
0 99 31 15
0 2 0 1
cob=(2)
cfi=(51)
cfn=(2116)
calls=1 0 
0 854 262 198 9
0 8 3 1
cob=(2)
cfi=(51)
cfn=(2220)
calls=1 0 
0 913 216 187 10 2 15 0 0 15
0 3 0 1
cfn=(3246)
calls=1 0 
0 740 250 129 19 11 1
0 7 2 1 1 0 0 1
cob=(2)
cfi=(51)
cfn=(1950)
calls=1 0 
0 167 48 21
0 2 0 1
cob=(2)
cfi=(51)
cfn=(2228)
calls=1 0 
0 284 86 47 6 1
0 15 11 1 1 1 0 1
cob=(2)
cfi=(51)
cfn=(2120)
calls=1 0 
0 2113 485 337 38 0 9
0 4025 2011 1005 0 120
cob=(2)
cfi=(51)
cfn=(2120)
calls=1005 0 
0 2043537 459385 323671 15 0 16
0 7035 1005 1005 1 0 0 1
cob=(2)
cfi=(51)
cfn=(2612)
calls=1005 0 
0 144273 47865 27572 23 12 89
0 2010 1005

fn=(3770)
0 8 3 1 2 0 0 2

fn=(3786)
0 4000 960 1040 316 40 80 5
cfn=(3456)
calls=80 0 
0 19600 5040 3120 40 199 80
0 480 160 80
cfn=(3788) void std::vector<double, std::allocator<double> >::_M_realloc_insert<double>(__gnu_cxx::__normal_iterator<double*, std::vector<double, std::allocator<double> > >, double&&)
calls=80 0 
0 19680 5040 3120 441 80 0 6
0 240 160 0 80 0 0 1

fn=(3794)
0 280 80 0 80 80 0 1
cfn=(3796)
calls=40 0 
0 110378581 25087288 17497810 209963 11378 25154 289
0 40 40

fn=(3806)
0 24 1 12 3 0 0 3
cfn=(1886)
calls=1 0 
0 55 14 10
0 8 3 2 0 2
cfn=(1886)
calls=1 0 
0 33 8 7
0 3 0 1
cfn=(3564)
calls=1 0 
0 488 172 83 38 16 1
0 6 1 1 1 0 0 1
cob=(2)
cfi=(51)
cfn=(2116)
calls=1 0 
0 854 262 198 14
0 4 2 1
cob=(2)
cfi=(51)
cfn=(2612)
calls=1 0 
0 236 76 43
0 3 1 1 1 0 0 1
cob=(2)
cfi=(51)
cfn=(2120)
calls=1 0 
0 3400 818 528 63
0 4 0 1
cob=(2)
cfi=(51)
cfn=(2612)
calls=1 0 
0 134 47 27
0 4 3 1
cfn=(3574)
calls=1 0 
0 937 288 156 27 2 0 1
0 3 0 1
cob=(2)
cfi=(51)
cfn=(2116)
calls=1 0 
0 854 262 198 11
0 5 1 2 1 0 0 1
cob=(2)
cfi=(51)
cfn=(2102)
calls=1 0 
0 45 9 8
0 4 2 1
cob=(2)
cfi=(51)
cfn=(2612)
calls=1 0 
0 236 76 43
0 3 1 1 1 0 0 1
cob=(2)
cfi=(51)
cfn=(2120)
calls=1 0 
0 3324 794 518 40
0 4 0 1
cob=(2)
cfi=(51)
cfn=(2612)
calls=1 0 
0 134 47 27
0 7 4 1 1 0 0 1
cfn=(3574)
calls=1 0 
0 937 288 156 20
0 2 0 1
cob=(2)
cfi=(51)
cfn=(2116)
calls=1 0 
0 854 262 198 12
0 8 1 4
cob=(2)
cfi=(51)
cfn=(2102)
calls=1 0 
0 45 9 8
0 4 2 1 1 0 0 1
cob=(2)
cfi=(51)
cfn=(2612)
calls=1 0 
0 236 76 43
0 4 2 1
cob=(2)
cfi=(51)
cfn=(2120)
calls=1 0 
0 3455 827 540 57
0 4 0 1
cob=(2)
cfi=(51)
cfn=(2612)
calls=1 0 
0 134 47 27
0 7 5 1 1 0 0 1
cfn=(3574)
calls=1 0 
0 937 288 156 23
0 10 5 2
cfn=(1886)
calls=1 0 
0 33 8 7
0 3 0 1 1 0 0 1
cfn=(3564)
calls=1 0 
0 488 172 83 2
0 5 2 1
cob=(2)
cfi=(51)
cfn=(2228)
calls=1 0 
0 200 63 39 7
0 2 0 1
cob=(2)
cfi=(51)
cfn=(2228)
calls=1 0 
0 200 63 39
0 2 0 1
cob=(2)
cfi=(51)
cfn=(2228)
calls=1 0 
0 200 63 39
0 14 11 0 1 0 0 1

fn=(3810)
0 36 9 10 2 5 0 2
cfn=(3928) std::_Sp_counted_ptr_inplace<stan::io::empty_var_context, std::allocator<stan::io::empty_var_context>, (__gnu_cxx::_Lock_policy)2>::_M_dispose()
calls=1 0 
0 8 3 0 1 1
0 11 4 2 0 1
cfn=(3930) std::_Sp_counted_ptr_inplace<stan::io::empty_var_context, std::allocator<stan::io::empty_var_context>, (__gnu_cxx::_Lock_policy)2>::_M_destroy()
calls=1 0 
0 123 35 14 1 0 0 1
0 17 6 0 1 1 0 1
cob=(2)
cfi=(51)
cfn=(1950)
calls=1 0 
0 120 35 14 0 1
0 6 5 0 1 0 0 1

fn=(3818) cmdstan::arg_single_int_nonneg::~arg_single_int_nonneg()
0 84 15 15 3 7 0 3
cob=(2)
cfi=(51)
cfn=(1950)
calls=3 0 
0 337 101 43 1 3 1
0 24 6 0 1 0 0 1
cob=(2)
cfi=(51)
cfn=(1950)
calls=3 0 
0 346 106 48 0 1

fn=(3840) cmdstan::arg_nuts::~arg_nuts()
0 18 5 4 2 3 0 2
cfn=(3822)
calls=1 0 
0 255 73 34 0 3
0 12 3 2 1 0 0 1
cob=(2)
cfi=(51)
cfn=(1950)
calls=1 0 
0 99 31 15
0 9 2 2
cob=(2)
cfi=(51)
cfn=(1950)
calls=1 0 
0 120 35 14
0 10 3 0 1 0 0 1
cob=(2)
cfi=(51)
cfn=(1950)
calls=1 0 
0 99 31 15

fn=(3844) cmdstan::arg_unit_e::~arg_unit_e()
0 12 2 3 2 1 0 2
cob=(2)
cfi=(51)
cfn=(1950)
calls=1 0 
0 120 35 14 0 1
0 8 2
cob=(2)
cfi=(51)
cfn=(1950)
calls=1 0 
0 99 31 15

fn=(3872)
0 22 4 5 3 1 0 3
cob=(2)
cfi=(51)
cfn=(1950)
calls=1 0 
0 120 35 14 0 1
0 10 3
cob=(2)
cfi=(51)
cfn=(1950)
calls=1 0 
0 120 35 14 0 1
0 2

fn=(3890) cmdstan::arg_generate_quantities_fitted_params::~arg_generate_quantities_fitted_params()
0 6 0 3 1 0 0 1
cfn=(3852)
calls=1 0 
0 272 79 35 0 6
0 4 1 0 1 0 0 1
cob=(2)
cfi=(51)
cfn=(1950)
calls=1 0 
0 99 31 15

fn=(3880) cmdstan::arg_test::~arg_test()
0 18 5 4 2 3 0 2
cfn=(3882)
calls=1 0 
0 903 258 110 9 11 0 9
0 13 3 2 1 0 0 1
cob=(2)
cfi=(51)
cfn=(1950)
calls=1 0 
0 120 35 14
0 26 6 2 2 1 0 2
cob=(2)
cfi=(51)
cfn=(1950)
calls=1 0 
0 148 44 18

fn=(3888) cmdstan::arg_generate_quantities::~arg_generate_quantities()
0 24 8 5 2 5 0 2
cfn=(3822)
calls=1 0 
0 304 86 37 0 3
cfn=(3890)
calls=1 0 
0 381 111 53 2 6 0 2
0 15 4 2
cob=(2)
cfi=(51)
cfn=(1950)
calls=1 0 
0 120 35 14
0 9 2 2 1 0 0 1
cob=(2)
cfi=(51)
cfn=(1950)
calls=1 0 
0 120 35 14 0 1
0 7 2 1
cob=(2)
cfi=(51)
cfn=(1950)
calls=1 0 
0 120 35 14
0 6 2
cob=(2)
cfi=(51)
cfn=(1950)
calls=1 0 
0 120 35 14

fn=(3898)
0 6 0 3 2 0 0 2
cfn=(3852)
calls=1 0 
0 415 118 48 0 7
0 4 1
cob=(2)
cfi=(51)
cfn=(1950)
calls=1 0 
0 99 31 15

fn=(3052) std::_Rb_tree<std::__cxx11::basic_string<char, std::char_traits<char>, std::allocator<char> >, std::pair<std::__cxx11::basic_string<char, std::char_traits<char>, std::allocator<char> > const, bool>, std::_Select1st<std::pair<std::__cxx11::basic_string<char, std::char_traits<char>, std::allocator<char> > const, bool> >, std::less<std::__cxx11::basic_string<char, std::char_traits<char>, std::allocator<char> > >, std::allocator<std::pair<std::__cxx11::basic_string<char, std::char_traits<char>, std::allocator<char> > const, bool> > >::_M_get_insert_hint_unique_pos(std::_Rb_tree_const_iterator<std::pair<std::__cxx11::basic_string<char, std::char_traits<char>, std::allocator<char> > const, bool> >, std::__cxx11::basic_string<char, std::char_traits<char>, std::allocator<char> > const&)
0 121 16 38 2 0 0 2
cob=(2)
cfi=(51)
cfn=(2306)
calls=4 0 
0 60 18
0 40 8 2 1 0 0 1
cob=(2)
cfi=(51)
cfn=(3106)
calls=2 0 
0 36 11
0 12 4 2
cfn=(3080)
calls=2 0 
0 60 14 6
0 14 6 0 1 0 0 1
cfn=(3054)
calls=1 0 
0 30 10 8 4 0 0 4
0 52 31 0 2 0 0 2

fn=(3592)
0 14 0 7 1 0 0 1
cfn=(3090)
calls=1 0 
0 114 25 9
0 6 0 1
cfn=(3146)
calls=1 0 
0 1265 332 318 17 129 62
0 9 7 0 1 0 0 1

fn=(1904)
0 54 2 28 3 0 5 3
cfn=(1886)
calls=2 0 
0 120 28 20 0 1 2 0 1
0 14 0 6 1 0 0 1
cfn=(1886)
calls=2 0 
0 66 16 14
0 16 0 6
cfn=(1886)
calls=2 0 
0 66 16 14 0 0 1
0 18 0 8 1 0 0 1
cfn=(1886)
calls=2 0 
0 70 22 16 0 1 0 0 1
0 18 0 8 1 0 0 1
cfn=(1886)
calls=2 0 
0 66 16 14
0 16 0 6
cfn=(1886)
calls=2 0 
0 66 16 14
0 22 6 10 1 0 0 1
cfn=(1906)
calls=2 0 
0 696 178 164 10 0 10 10
0 60 32 4 4 0 1 4
cfn=(1908)
calls=2 0 
0 66 16 14
0 22 18

fn=(1964)
0 13 1 8 1 0 0 1
cfn=(1938)
calls=1 0 
0 311 66 79 0 0 4 0 0 4
0 8 1 2 1 0 0 1
cob=(2)
cfi=(51)
cfn=(1912)
calls=1 0 
0 78 15 11
0 8 0 3 1 0 0 1
cfn=(1886)
calls=1 0 
0 287 61 49 2 4 4 0 3 4
0 8 0 3
cfn=(1886)
calls=1 0 
0 128 31 21
0 8 0 3 1 0 0 1
cfn=(1886)
calls=1 0 
0 273 55 43 0 1 1 0 1 1
0 8 0 3 1 0 0 1
cfn=(1886)
calls=1 0 
0 272 55 43
0 5 0 1
cfn=(1968)
calls=1 0 
0 484 118 79 7 1 1 7 0 1
0 5 0 1
cfn=(1968)
calls=1 0 
0 354 97 60 0 1 2
0 5 0 1 1 0 0 1
cfn=(1968)
calls=1 0 
0 509 127 87 0 0 5 0 0 5
0 3 0 1
cob=(2)
cfi=(51)
cfn=(1940)
calls=1 0 
0 31 8 8
0 21 8 1 2 0 0 2
cob=(2)
cfi=(51)
cfn=(1950)
calls=1 0 
0 99 31 15
0 6 3 1 1 0 0 1
cob=(2)
cfi=(51)
cfn=(1950)
calls=1 0 
0 99 31 15
0 6 3 1
cob=(2)
cfi=(51)
cfn=(1950)
calls=1 0 
0 99 31 15
0 6 1 1 1 0 0 1
cob=(2)
cfi=(51)
cfn=(1912)
calls=1 0 
0 81 15 11
0 7 1 1
cob=(2)
cfi=(51)
cfn=(1912)
calls=1 0 
0 60 12 9
0 3 0 1 1 0 0 1
cob=(2)
cfi=(51)
cfn=(1944)
calls=1 0 
0 46 15 9
0 11 9

fn=(2098)
0 45 3 21 2 0 0 1
cfn=(1910)
calls=3 0 
0 837 183 183 1 0 6 0 0 6
0 12 0 6 2 0 0 1
cob=(2)
cfi=(51)
cfn=(1824)
calls=3 0 
0 48 9 0 1 2 0 0 2
0 18 3 3
cob=(2)
cfi=(51)
cfn=(1912)
calls=3 0 
0 230 45 33 1
0 6 0 3
cob=(2)
cfi=(51)
cfn=(1824)
calls=3 0 
0 56 10 0 0 2 0 0 2
0 18 3 3
cob=(2)
cfi=(51)
cfn=(1912)
calls=3 0 
0 1128 235 184 1 0 2 0 0 2
0 21 0 6 2 0 0 1
cfn=(1886)
calls=3 0 
0 171 42 30
0 6 0 3
cob=(2)
cfi=(51)
cfn=(1824)
calls=3 0 
0 48 9
0 24 3 3 2 0 0 1
cob=(2)
cfi=(51)
cfn=(1970)
calls=3 0 
0 146 33 21 3
0 9 0 3
cob=(2)
cfi=(51)
cfn=(1944)
calls=3 0 
0 186 54 33
0 18 3 3
cfn=(2100)
calls=3 0 
0 1239 368 203 38 42 6 14 2
0 99 36 15 8 0 0 4
cob=(2)
cfi=(51)
cfn=(1888)
calls=3 0 
0 51 12 6
0 21 12 6

fn=(2254)
0 160 4 80 7 0 0 4
cob=(2)
cfi=(51)
cfn=(2256) 0x00000000001203d0
calls=4 0 
0 7185 1401 1069 56 5 0 17 1
0 28 0 8
cfn=(1908)
calls=4 0 
0 220 56 40 5
0 36 24

fn=(2328)
0 44 6 16 2 0 0 2
cob=(2)
cfi=(51)
cfn=(2298)
calls=2 0 
0 140 34 12
0 36 20 2 2 0 0 2
cob=(2)
cfi=(51)
cfn=(2298)
calls=2 0 
0 140 34 12
0 36 2 16 1 0 0 1
cfn=(2292)
calls=2 0 
0 924 211 154 0 0 1 0 0 1
0 6 0 2
cfn=(2310)
calls=2 0 
0 74 18 2 0 1
0 18 4 2 1 0 0 1
cob=(2)
cfi=(51)
cfn=(1950)
calls=2 0 
0 198 62 30
0 10 4 2 1 0 0 1
cfn=(2312)
calls=2 0 
0 220 68 32
0 18 0 12 1 0 0 1
cob=(2)
cfi=(51)
cfn=(1944)
calls=2 0 
0 584 125 92 1 0 2 0 0 2
0 24 8 8 1 2 0 1
cfn=(1908)
calls=2 0 
0 556 113 88 0 0 3 0 0 3
0 18 8 2 1 0 0 1
cob=(2)
cfi=(51)
cfn=(1950)
calls=2 0 
0 198 62 30
0 6 2 2
cob=(2)
cfi=(51)
cfn=(1944)
calls=2 0 
0 296 77 48 0 2
0 12 6 2
cob=(2)
cfi=(51)
cfn=(1950)
calls=2 0 
0 198 62 30
0 2

fn=(3946)
0 2 1 0 1 0 0 1

fn=(3966)
0 9 2 2 1
cfn=(3023)
calls=1 0 
0 12 4 2 0 1
0 4 1
cob=(2)
cfi=(51)
cfn=(1950)
calls=1 0 
0 120 35 14

fn=(2576)
0 1092 294 294 10 7 0 3
cfn=(1908)
calls=42 0 
0 2412 588 420 3
0 717 449 29 3 0 0 1
cob=(2)
cfi=(51)
cfn=(2306)
calls=29 0 
0 609 116 0 1
0 403 116 0 3 0 0 1

fn=(2596)
0 1815 242 726 21 0 1 1
cfn=(1908)
calls=121 0 
0 4099 994 863 18
0 484 242 121 3 0 0 1
cob=(2)
cfi=(51)
cfn=(1970)
calls=121 0 
0 5582 1222 781 4
0 847 605

fn=(2670)
0 135 81 0 4 0 0 2

fn=(2684)
0 126 54 0 3 0 0 1

fn=(2714)
0 31 4 15 4 0 1 2
cob=(2)
cfi=(51)
cfn=(1004)
calls=1 0 
0 219 44 39 0 0 5
0 38 19 5 4 1 0 2
cfn=(2716)
calls=1 0 
0 1618 407 246 31 6 3 22 1
0 4 0 1
cfn=(2728)
calls=1 0 
0 9628 2785 1496 122 127 21 48 13 1
0 3 0 1
cfn=(2720)
calls=1 0 
0 813 197 109 1 2 1
0 3 0 1
cob=(2)
cfi=(51)
cfn=(2298)
calls=1 0 
0 74 15 6 0 1
0 11 1 1 1 0 0 1
cfn=(2800)
calls=1 0 
0 365285 100019 60235 1385 290 160 858 69 121
0 2 0 1 1
cob=(2)
cfi=(51)
cfn=(1004)
calls=1 0 
0 199 38 30 1 1 1 0 0 1
0 31 3 15 4 0 2 4 0 2
cfn=(3144)
calls=1 0 
0 2058 477 391 14 0 6 10 0 6
0 32 6 5 1 0 0 1
cfn=(3146)
calls=1 0 
0 31 8 8 3 0 1 3 0 1
0 3 0 1
cfn=(3096)
calls=1 0 
0 31 8 8
0 3 0 1 1 0 0 1
cfn=(3086)
calls=1 0 
0 31 8 8
0 6 1 2 0 0 1
cfn=(3148)
calls=1 0 
0 1387 429 209 6 0 0 3
0 8 0 4 1 0 0 1
cob=(2)
cfi=(51)
cfn=(3150) 0x000000000011ff80
calls=1 0 
0 4747 1376 681 80 68 2 18 13
0 2 0 1
cob=(2)
cfi=(51)
cfn=(3176) 0x0000000000120b80
calls=1 0 
0 21 7 2 2 1
0 4 0 2 1 0 0 1
cob=(2)
cfi=(51)
cfn=(2680)
calls=1 0 
0 10 5 1 2 1
0 10 3 5 1 1 0 1
cob=(2)
cfi=(51)
cfn=(2682)
calls=1 0 
0 57 21 12 8 5
0 1

fn=(2804)
0 3895 1558 716 6 0 0 3
cob=(2)
cfi=(51)
cfn=(2806)
calls=63 0 
0 15513 4757 2737 79 71 5 35 12
0 252 189

fn=(2910)
0 20 1 7 2 0 0 2
cfn=(2912)
calls=1 0 
0 2691 794 419 66 40 21 41 5 15
0 3 0 1
cob=(2)
cfi=(51)
cfn=(2298)
calls=1 0 
0 58 15 6 3
0 23 8 2 2 0 0 2
cfn=(2912)
calls=1 0 
0 645 170 114
0 7 0 2
cfn=(2912)
calls=1 0 
0 645 170 114
0 30 8 1 4 0 0 4

fn=(2980)
0 407 143 88 3 0 0 3

fn=(2996)
0 40 5 10 3 0 0 3
cob=(2)
cfi=(51)
cfn=(1948)
calls=1 0 
0 55 13 9 6 2 4
0 16 10 4 1 0 0 1

fn=(3010) boost::re_detail_500::basic_regex_creator<char, boost::regex_traits<char, boost::cpp_regex_traits<char> > >::set_all_masks(unsigned char*, unsigned char) [clone .isra.0]
0 62 18 17 5 0 0 5

fn=(3024)
0 255 52 48 3 1 0 3
cfn=(3034) boost::re_detail_500::perl_matcher<__gnu_cxx::__normal_iterator<char const*, std::__cxx11::basic_string<char, std::char_traits<char>, std::allocator<char> > >, std::allocator<boost::sub_match<__gnu_cxx::__normal_iterator<char const*, std::__cxx11::basic_string<char, std::char_traits<char>, std::allocator<char> > > > >, boost::regex_traits<char, boost::cpp_regex_traits<char> > >::unwind_short_set_repeat(bool)
calls=3 0 
0 72 27 24
cfn=(3036) boost::re_detail_500::perl_matcher<__gnu_cxx::__normal_iterator<char const*, std::__cxx11::basic_string<char, std::char_traits<char>, std::allocator<char> > >, std::allocator<boost::sub_match<__gnu_cxx::__normal_iterator<char const*, std::__cxx11::basic_string<char, std::char_traits<char>, std::allocator<char> > > > >, boost::regex_traits<char, boost::cpp_regex_traits<char> > >::unwind_recursion_stopper(bool)
calls=5 0 
0 25 5 10 3 0 0 2
0 52 3 30 1 0 0 1
cfn=(3032)
calls=15 0 
0 550 195 135 6 0 0 4
cfn=(3030)
calls=5 0 
0 378 132 75 27 0 0 9
cfn=(3028)
calls=5 0 
0 120 55 20 2 0 0 2
cfn=(3026)
calls=5 0 
0 135 55 35 9 1 0 2 1
0 260 70 30 2 1 0 2
cfn=(3034)
calls=10 0 
0 648 260 148 13 0 0 9
0 430 160 35 2 4 0 2

fn=(3038)
0 85 20 0 2 0 0 2

fn=(3076)
0 2450 980 735 7 0 0 2
cfn=(2866)
calls=245 0 
0 4410 1470 980 2
0 4585 2177 889 6 0 0 2
cob=(2)
cfi=(51)
cfn=(2806)
calls=77 0 
0 12320 3696 2310 8 5 0 0 5
0 308 231

fn=(3100)
0 264 51 76 2 0 0 2
cob=(2)
cfi=(51)
cfn=(2306)
calls=13 0 
0 198 56
0 162 25 6 1 0 0 1
cob=(2)
cfi=(51)
cfn=(2306)
calls=6 0 
0 102 26
0 116 49 5 2 0 0 2
cob=(2)
cfi=(51)
cfn=(1004)
calls=5 0 
0 1015 195 150 0 1 5 0 0 5
0 55 15 10 1 0 3 1 0 3
cfn=(1908)
calls=5 0 
0 217 61 44 0 0 2 0 0 2
0 40 5 20
cfn=(3102)
calls=5 0 
0 425 118 56 27 1 0 11
0 48 13 2
cfn=(3080)
calls=2 0 
0 60 14 6
0 21 3 3 1 0 0 1
cob=(2)
cfi=(51)
cfn=(2958)
calls=3 0 
0 104 24 29
0 8 2 2
cob=(2)
cfi=(51)
cfn=(2958)
calls=2 0 
0 97 27 22
0 15 5 5 1 0 0 1

fn=(3124)
0 34 2 14 1 0 0 1
cfn=(3126)
calls=2 0 
0 66 12 10 2 0 0 2
0 12 2 4 1 0 0 1
cfn=(3126)
calls=2 0 
0 66 12 10
0 12 2 4
cfn=(3126)
calls=2 0 
0 66 12 10
0 14 2 6 1 0 0 1
cfn=(3126)
calls=2 0 
0 66 12 10
0 12 2 4 1 0 0 1
cfn=(3126)
calls=2 0 
0 66 12 10
0 12 2 4
cfn=(3126)
calls=2 0 
0 66 12 10
0 12 2 4 1 0 0 1
cfn=(3126)
calls=2 0 
0 66 12 10
0 8 2 4
cob=(2)
cfi=(51)
cfn=(1004)
calls=2 0 
0 118 30 16
0 8 0 2
cfn=(3126)
calls=2 0 
0 66 12 10
0 80 22 18 5 1 0 5
cfn=(3128)
calls=2 0 
0 675 118 70 16 0 0 16
0 40 12 10 2 0 0 2
cfn=(3130)
calls=2 0 
0 376 78 62 3 0 0 3
0 42 12 10 2 0 0 2
cfn=(3130)
calls=2 0 
0 254 74 40 1 0 0 1
0 48 6 24 2 0 0 2
cfn=(3130)
calls=2 0 
0 232 54 40
0 28 8 10 2 0 0 2
cfn=(3132)
calls=2 0 
0 1842 426 318 27 0 2 15 0 2
0 26 4 2 1 0 0 1
cfn=(3130)
calls=2 0 
0 254 74 40
0 26 10 10 1 0 0 1
cfn=(2344)
calls=2 0 
0 30 12 6 3 0 0 1
0 32 6 2 2 0 0 2
cfn=(3130)
calls=2 0 
0 254 74 40
0 28 18 0 1 0 0 1

fn=(3274)
0 24 2 12 4 0 1 1

fn=(3276)
0 15 1 7 2 0 0 2
cob=(2)
cfi=(51)
cfn=(2116)
calls=1 0 
0 854 262 198 28 9
0 4 0 1
cob=(2)
cfi=(51)
cfn=(2612)
calls=1 0 
0 4285 1125 543 28 35 4 17 3
0 3 0 1
cfn=(3294)
calls=1 0 
0 10117 2712 1512 113 73 11 46 5 1
0 4 2 1
cob=(2)
cfi=(51)
cfn=(2612)
calls=1 0 
0 134 47 27
0 7 2 1 1 0 0 1
cob=(2)
cfi=(51)
cfn=(1950)
calls=1 0 
0 99 31 15
0 5 2 1
cob=(2)
cfi=(51)
cfn=(2220)
calls=1 0 
0 234 57 39 0 1
0 3 0 1
cfn=(3246)
calls=1 0 
0 691 239 117 7 3
0 6 2 1 1 0 0 1
cob=(2)
cfi=(51)
cfn=(1950)
calls=1 0 
0 99 31 15
0 17 2 4 1 0 0 1
cob=(2)
cfi=(51)
cfn=(1950)
calls=1 0 
0 99 31 15
0 4 0 2 1 0 0 1
cob=(2)
cfi=(51)
cfn=(2680)
calls=1 0 
0 10 5 1 1 1
0 19 9 8 1 4 0 1
cob=(2)
cfi=(51)
cfn=(2682)
calls=1 0 
0 57 21 12
0 10 8 0 1 0 0 1

fn=(3366)
0 20 1 9 2 0 0 2
cob=(2)
cfi=(51)
cfn=(1824)
calls=1 0 
0 16 3
0 4 0 1
cfn=(1886)
calls=1 0 
0 57 14 10
0 3 0 1
cfn=(2348)
calls=1 0 
0 110 31 16
0 9 2 3 1 0 0 1
cob=(2)
cfi=(51)
cfn=(1824)
calls=1 0 
0 16 3
0 4 0 1
cfn=(1886)
calls=1 0 
0 57 14 10
0 4 1 1
cfn=(2576)
calls=1 0 
0 135 40 18
0 3 0 1
cfn=(2584)
calls=1 0 
0 352 92 51 1
0 14 2 1 2 0 0 2
cob=(2)
cfi=(51)
cfn=(2280)
calls=1 0 
0 215 66 36 0 2
0 12 10

fn=(3374)
0 23 1 11 3 0 0 3
cob=(2)
cfi=(51)
cfn=(1824)
calls=1 0 
0 16 3
0 4 0 1
cfn=(1886)
calls=1 0 
0 57 14 10
0 3 0 1
cfn=(2348)
calls=1 0 
0 110 31 16
0 9 2 3 1 0 0 1
cob=(2)
cfi=(51)
cfn=(1824)
calls=1 0 
0 16 3
0 4 0 1
cfn=(1886)
calls=1 0 
0 57 14 10
0 4 1 1
cfn=(2576)
calls=1 0 
0 135 40 18
0 9 2 3 1 0 0 1
cob=(2)
cfi=(51)
cfn=(1824)
calls=1 0 
0 16 3
0 4 0 1
cfn=(1886)
calls=1 0 
0 55 14 10
0 4 1 1
cfn=(2580)
calls=1 0 
0 362 95 51
0 9 2 3 1 0 0 1
cob=(2)
cfi=(51)
cfn=(1824)
calls=1 0 
0 16 3
0 4 0 1
cfn=(1886)
calls=1 0 
0 60 14 10
0 4 1 1
cfn=(2576)
calls=1 0 
0 138 40 18
0 3 1 1
cfn=(2584)
calls=1 0 
0 375 98 57 0 1
0 20 5 1 3 0 0 3
cob=(2)
cfi=(51)
cfn=(2280)
calls=1 0 
0 211 66 36 0 4 0 0 2
0 12 10 0 0 1

fn=(3458)
0 8106 1011 2031 11 0 0 11
cfn=(3444)
calls=1 0 
0 358 71 58 0 1 5
0 3518 504 501 3 0 2 3
cfn=(3446)
calls=1 0 
0 2275 1006
0 11 3 3 1 0 0 1
cob=(2)
cfi=(51)
cfn=(3448)
calls=1 0 
0 23 3 0 1 0 0 1
0 7 2 2
cob=(2)
cfi=(51)
cfn=(3136)
calls=1 0 
0 159 46 21
0 23 11 1 3 0 0 3

fn=(3480)
0 1159 231 229 4 4 17 4 0 4
cob=(2)
cfi=(51)
cfn=(1948)
calls=19 0 
0 116477 115143 115083 5 1935 1879 2 0 1539
0 114 19 19 0 3
cob=(2)
cfi=(51)
cfn=(1950)
calls=19 0 
0 2379 725 333 0 65 12
0 82 0 42 1 0 0 1
cob=(2)
cfi=(51)
cfn=(1004)
calls=21 0 
0 2924 578 423 15 69 22 0 0 5
0 189 21 0 1 0 0 1

fn=(3486)
0 268975 92220 76850 14830 0 11200 4740

fn=(3490)
0 2489916 1106628 553308 43 169069 199807 41
cfn=(3480)
calls=6 0 
0 1364 345 217 0 25 10

fn=(3498)
0 2005785 691650 553320 15357 54702 46110 358 0 1

fn=(3508)
0 110 22 22 4 0 0 4
cob=(2)
cfi=(51)
cfn=(1948)
calls=2 0 
0 28 8 4 0 4
0 12 2 2
cob=(2)
cfi=(51)
cfn=(1950)
calls=2 0 
0 198 62 30 0 6
0 8 0 4 1 0 0 1
cob=(2)
cfi=(51)
cfn=(1004)
calls=2 0 
0 118 30 16 0 10
0 18 2

fn=(3518)
0 1767550 192125 537950 30740 46110 0 1528
cfn=(3464)
calls=38425 0 
0 308668025 38886100 268975 23050 2428460 26935 6438
0 230550 76850 115275
cfn=(3444)
calls=38425 0 
0 8713802 1590006 1394696 0 38567 165400
0 231126375 77003700 38463425 10173 16233582 4841480 695 0 7768
cfn=(3520)
calls=38425 0 
0 308514325 38655550 77042125 15774 403975 66435 4400
0 499525 76850 115275 0 46110 10415
cfn=(3444)
calls=38425 0 
0 8706530 1589530 1394220 0 461771 138160 0 0 538
0 126187700 9798375 19443050 16456 2466885 4781330 870 0 32333
cfn=(3444)
calls=38425 0 
0 9176534 1707786 1460935 42462 36520 46701 0 0 699
0 1596481900 250454150 19596750 80649 313084 4907530 4278 0 26459
cfn=(3522)
calls=38425 0 
0 504635525 39400995 346362950 54015 4957035 9678145 3440 369 1258
0 922200 268975 153700 11490 38425 28007 751
cfn=(3494)
calls=38425 0 
0 537950 115275 38425
0 538497100 192280000 38540275 15455 14559089 4834446 996 2672 625
cfn=(3524)
calls=38425 0 
0 1383300 461100 422675 27005 148484 94257 6438 0 3
0 768500 192125 345825 7685 0 38425 487 0 5
cfn=(3490)
calls=38425 0 
0 345825 153700 76850 0 38425 38425
0 76850 38425 38425 0 32926
cob=(2)
cfi=(51)
cfn=(3136)
calls=38425 0 
0 5224300 1556794 611007 15285 499093 61491
0 76850 38425 38425
cob=(2)
cfi=(51)
cfn=(3136)
calls=38425 0 
0 5228020 1557784 611577 30 91 30
0 76850 0 38425 7190 0 0 487
cob=(2)
cfi=(51)
cfn=(3136)
calls=38425 0 
0 5396597 1619081 611586 0 26104 36
0 76850 38425 38425
cob=(2)
cfi=(51)
cfn=(3136)
calls=38425 0 
0 5398234 1619676 611584 0 38572 70
0 614800 384250 38425 15370 76850 0 869
cfn=(3444)
calls=38425 0 
0 8706754 1590686 1394873 443 362 38760 0 0 18
0 115812950 38540275 19250925 7728 14553 4764455 398 0 11591
cfn=(3466)
calls=38425 0 
0 3910480989 853378937 192202148 80081 307216 0 4734
0 76850 0 0 53 0 0 23

fn=(3532)
0 369709980 138652770 46110000 15368 28922159 0 748

fn=(3540)
0 30740 15370 0 7492 0 0 2078

fn=(3558)
0 33 17 7 3 8 0 3

fn=(3602)
0 44 12 8 6 2 1 6
cfn=(1822)
calls=1 0 
0 176 38 25 0 12 4 0 2
0 3 0 1
cfn=(3564)
calls=1 0 
0 600 197 100 2 24 5
0 7 2 1
cob=(2)
cfi=(51)
cfn=(1950)
calls=1 0 
0 99 31 15 0 5
0 7 2 2 1 0 0 1
cfn=(1822)
calls=1 0 
0 90 19 14 0 1 1 0 1
0 4 0 1
cfn=(3604)
calls=1 0 
0 287 68 48 6 5 0 2 1
0 4 1 1
cfn=(3564)
calls=1 0 
0 600 197 100
0 6 2 1 1 0 0 1
cob=(2)
cfi=(51)
cfn=(1950)
calls=1 0 
0 99 31 15
0 29 5 3 2 2 1 2
cfn=(1822)
calls=1 0 
0 176 38 25 0 1 0 0 1
0 3 0 1
cfn=(3564)
calls=1 0 
0 600 197 100
0 6 2 1 1 0 0 1
cob=(2)
cfi=(51)
cfn=(1950)
calls=1 0 
0 99 31 15
0 5 2 1
cfn=(1822)
calls=1 0 
0 172 37 25 0 1
0 3 0 1
cfn=(3564)
calls=1 0 
0 600 197 100
0 6 2 1 1 0 0 1
cob=(2)
cfi=(51)
cfn=(1950)
calls=1 0 
0 99 31 15
0 3 0 1
cob=(2)
cfi=(51)
cfn=(2116)
calls=1 0 
0 854 262 198 31 28 6
0 6 0 2
cob=(2)
cfi=(51)
cfn=(2612)
calls=1 0 
0 665 185 111 25 8 2
0 3 2 1 1 0 0 1
cob=(2)
cfi=(51)
cfn=(3606) 0x00000000001202e0
calls=1 0 
0 1736 422 184 55 54 19 13 2
0 4 2 1
cfn=(3574)
calls=1 0 
0 939 288 157 4 2
0 2 0 1
cob=(2)
cfi=(51)
cfn=(2116)
calls=1 0 
0 854 262 198 0 0 5
0 4 1 1
cob=(2)
cfi=(51)
cfn=(2612)
calls=1 0 
0 665 185 111 0 2 0 0 1
0 3 2 1
cob=(2)
cfi=(51)
cfn=(3606)
calls=1 0 
0 313 84 52
0 4 2 1 1 0 0 1
cfn=(3574)
calls=1 0 
0 939 288 157
0 2 0 1
cob=(2)
cfi=(51)
cfn=(2116)
calls=1 0 
0 854 262 198 0 0 5
0 4 0 1
cob=(2)
cfi=(51)
cfn=(2612)
calls=1 0 
0 1073 240 159 10 11 3
0 3 1 1
cob=(2)
cfi=(51)
cfn=(3606)
calls=1 0 
0 297 82 50
0 4 2 1
cfn=(3574)
calls=1 0 
0 939 288 157
0 6 2 1 1 0 0 1
cfn=(1822)
calls=1 0 
0 68 13 11 2 1
0 3 0 1
cfn=(3564)
calls=1 0 
0 488 172 83
0 6 1 1 1 0 0 1
cob=(2)
cfi=(51)
cfn=(2228)
calls=1 0 
0 200 63 39 6 4
0 2 0 1
cob=(2)
cfi=(51)
cfn=(2228)
calls=1 0 
0 200 63 39
0 2 0 1
cob=(2)
cfi=(51)
cfn=(2228)
calls=1 0 
0 200 63 39
0 1

fn=(3626)
0 1282650 171020 598570 158 158 146 2
cfn=(3628)
calls=85510 0 
0 4188100 518330 267140 424 200 53 40
0 300 150 75
cfn=(3628)
calls=75 0 
0 3378 443 222
0 1966 0 983
cfn=(3628)
calls=983 0 
0 45386 5850 2956 0 2
0 1201077 185535 5776 456 2519 1 7 34
cob=(2)
cfi=(51)
cfn=(3424)
calls=207 0 
0 11592 3726 414 271 489 3 31 2
0 946104 598620 104 167 0 0 2
cfn=(3628)
calls=52 0 
0 2872 328 176
0 15 0 6
cfn=(3628)
calls=3 0 
0 66 15 6
0 935 275 165 77 99 0 2 11
cfn=(3628)
calls=55 0 
0 2938 343 182
0 1501 636 0 116 59 0 3 20

fn=(3636)
0 484059 207455 130617 38141 46102 38415 58
cfn=(3062)
calls=1 0 
0 124 27 20 6 10 2
0 5 1 1
cfn=(3062)
calls=1 0 
0 124 27 20 0 1
0 5 1 1 1 0 0 1
cfn=(3062)
calls=1 0 
0 124 27 20 0 1
0 8 3 1 0 1
cfn=(3134)
calls=1 0 
0 124 27 20 6
0 7 2 1 1 0 0 1
cfn=(3638) void std::vector<char*, std::allocator<char*> >::_M_realloc_insert<char* const&>(__gnu_cxx::__normal_iterator<char**, std::vector<char*, std::allocator<char*> > >, char* const&)
calls=1 0 
0 124 27 20 6 1 0 6
0 12 5 0 1 0 0 1
cfn=(3638)
calls=1 0 
0 124 27 20 0 1

fn=(3652)
0 3065 1018 512 5 46 1 5
cfn=(3582)
calls=1 0 
0 427 66 55
0 3 0 1 1 0 0 1

fn=(3668)
0 7 2 0 1 2 0 1
cfn=(3670)
calls=1 0 
0 313428 110122 68238 227 816 618 29 6 158
0 1 1

fn=(3696)
0 24 1 11 2 0 0 2
cfn=(1886)
calls=1 0 
0 57 14 10 3 1
0 3 0 1 1 0 0 1
cfn=(2276)
calls=1 0 
0 154 34 27 0 4
0 8 1 2
cfn=(1886)
calls=1 0 
0 55 14 10
0 3 0 1 1 0 0 1
cfn=(2276)
calls=1 0 
0 281 70 47 0 2 2
0 7 3 1 0 2
cfn=(3664)
calls=1 0 
0 1045 258 199 1 6 6
0 10 2 3 1 2 0 1
cfn=(3698)
calls=1 0 
0 392128 87482 74010 48 138 1025 33 0 4
0 5 2 1 0 2
cfn=(3700)
calls=1 0 
0 298553 80621 67510 24 1528 1516 19 0 1355
0 4 3 1 0 3
cfn=(3668)
calls=1 0 
0 4 2 0 0 1
0 4036 1010 1 2 446 1 2
cob=(2)
cfi=(51)
cfn=(1950)
calls=1 0 
0 230 70 28 0 21 2
0 12112 3029 1 0 1514 1
cob=(2)
cfi=(51)
cfn=(1950)
calls=1 0 
0 165 51 18 0 19 2
0 12106 9 0 2 2 0 2

fn=(3738) boost::random::detail::backward_compatible_uniform_01<boost::random::mixmax_engine<17, 36u, 0l>&, double>::operator()()
0 360936 57095 22122 12140 25209 442 5

fn=(3788)
0 4400 880 880 319 0 0 4
cob=(2)
cfi=(51)
cfn=(1948)
calls=80 0 
0 1120 320 160
0 480 80 80
cob=(2)
cfi=(51)
cfn=(1950)
calls=80 0 
0 7920 2480 1200
0 320 0 160 42 0 0 1
cob=(2)
cfi=(51)
cfn=(1004)
calls=80 0 
0 4720 1200 640 0 80
0 720 80 0 80 0 0 1

fn=(3790)
0 680 0 240 80 0 0 80
cob=(2)
cfi=(51)
cfn=(1004)
calls=40 0 
0 2360 600 320 0 39
0 1600 200 240 80 0 0 80

fn=(3798)
0 560 200 160 80 40 0 2
cfn=(3800)
calls=40 0 
0 25026 4935 3616 135 60 54 3
0 1328560 483280 241440 120 15200 15011 3

fn=(3820)
0 156 26 39 1 14 0 1
cob=(2)
cfi=(51)
cfn=(1950)
calls=13 0 
0 1560 455 182 0 23
0 247 52 39 2 17 0 2
cob=(2)
cfi=(51)
cfn=(1950)
calls=13 0 
0 1495 443 185 0 7
0 58 15 2
cob=(2)
cfi=(51)
cfn=(1950)
calls=2 0 
0 240 70 28
0 52 13 0 1 0 0 1
cob=(2)
cfi=(51)
cfn=(1950)
calls=13 0 
0 1777 533 225 0 1

fn=(3822)
0 162 22 38 2 17 0 2
cob=(2)
cfi=(51)
cfn=(1950)
calls=6 0 
0 720 210 84 0 9
0 304 64 48 2 21 0 2
cob=(2)
cfi=(51)
cfn=(1950)
calls=16 0 
0 1920 560 224 0 15
0 128 32
cob=(2)
cfi=(51)
cfn=(1950)
calls=16 0 
0 2332 698 288 0 3

fn=(3828)
0 24 4 6 2 2 0 2
cob=(2)
cfi=(51)
cfn=(1950)
calls=2 0 
0 240 70 28 0 3
0 38 8 6 2 3 0 2
cob=(2)
cfi=(51)
cfn=(1950)
calls=2 0 
0 219 66 29 0 2
0 16 4
cob=(2)
cfi=(51)
cfn=(1950)
calls=2 0 
0 198 62 30

fn=(3836)
0 24 8 5 2 6 0 2
cfn=(3840)
calls=1 0 
0 622 183 86 4 6 0 4
cfn=(3838) cmdstan::arg_static::~arg_static()
calls=1 0 
0 601 179 87 4 8 1 4
0 16 4 2 1 0 0 1
cob=(2)
cfi=(51)
cfn=(1950)
calls=1 0 
0 99 31 15
0 19 4 3 1 1 0 1
cob=(2)
cfi=(51)
cfn=(1950)
calls=1 0 
0 120 35 14
0 10 3 0 1 0 0 1
cob=(2)
cfi=(51)
cfn=(1950)
calls=1 0 
0 99 31 15

fn=(3838)
0 18 5 4 2 3 0 2
cfn=(3826)
calls=1 0 
0 234 69 35 0 4 1
0 12 3 2 1 0 0 1
cob=(2)
cfi=(51)
cfn=(1950)
calls=1 0 
0 99 31 15
0 9 2 2
cob=(2)
cfi=(51)
cfn=(1950)
calls=1 0 
0 120 35 14
0 10 3 0 1 0 0 1
cob=(2)
cfi=(51)
cfn=(1950)
calls=1 0 
0 99 31 15 0 1

fn=(3852)
0 216 42 22 3 25 0 3
cob=(2)
cfi=(51)
cfn=(1950)
calls=2 0 
0 240 70 28 0 5
0 61 17 7 1 5 0 1
cob=(2)
cfi=(51)
cfn=(1950)
calls=7 0 
0 840 245 98 0 9
0 187 39 29 2 12 0 2
cob=(2)
cfi=(51)
cfn=(1950)
calls=9 0 
0 1003 304 135 0 9
0 48 14
cob=(2)
cfi=(51)
cfn=(1950)
calls=2 0 
0 240 70 28
0 16 16

fn=(3878) cmdstan::arg_diagnose::~arg_diagnose()
0 18 5 4 2 4 0 2
cfn=(3880)
calls=1 0 
0 1228 351 150 14 15 0 14
0 12 3 2
cob=(2)
cfi=(51)
cfn=(1950)
calls=1 0 
0 120 35 14
0 9 2 2 1 1 0 1
cob=(2)
cfi=(51)
cfn=(1950)
calls=1 0 
0 120 35 14
0 10 3
cob=(2)
cfi=(51)
cfn=(1950)
calls=1 0 
0 120 35 14

fn=(3900) cmdstan::arg_laplace::~arg_laplace()
0 36 14 7 2 4 0 2
cfn=(3818)
calls=1 0 
0 304 86 37 0 4
cfn=(3820)
calls=2 0 
0 854 244 104 0 10
cfn=(3850)
calls=1 0 
0 258 75 38 0 5
0 21 6 2 1 0 0 1
cob=(2)
cfi=(51)
cfn=(1950)
calls=1 0 
0 120 35 14
0 9 2 2 0 1
cob=(2)
cfi=(51)
cfn=(1950)
calls=1 0 
0 120 35 14
0 10 3 0 1 0 0 1
cob=(2)
cfi=(51)
cfn=(1950)
calls=1 0 
0 120 35 14

fn=(3040) boost::match_results<__gnu_cxx::__normal_iterator<char const*, std::__cxx11::basic_string<char, std::char_traits<char>, std::allocator<char> > >, std::allocator<boost::sub_match<__gnu_cxx::__normal_iterator<char const*, std::__cxx11::basic_string<char, std::char_traits<char>, std::allocator<char> > > > > >::~match_results()
0 35 5 10 2 0 0 2
cfn=(3022)
calls=5 0 
0 60 20 10
0 35 15
cob=(2)
cfi=(51)
cfn=(1950)
calls=5 0 
0 495 155 75

fn=(3044)
0 4653 842 1603 2 0 0 2
cob=(2)
cfi=(51)
cfn=(2306)
calls=181 0 
0 3558 742
0 4308 639 156 1 0 0 1
cob=(2)
cfi=(51)
cfn=(2306)
calls=156 0 
0 3174 628
0 3112 1106 10 2 0 0 2
cob=(2)
cfi=(51)
cfn=(1004)
calls=10 0 
0 1166 246 168 0 0 4 0 0 4
0 110 30 20 1 0 1 1 0 1
cfn=(1908)
calls=10 0 
0 434 122 88 8
0 50 10 20
cfn=(3046)
calls=10 0 
0 857 236 112 15 0 0 12
0 96 26 4
cfn=(3080)
calls=4 0 
0 120 28 12
0 42 6 6 1 0 0 1
cob=(2)
cfi=(51)
cfn=(2958)
calls=6 0 
0 208 48 58 10 0 0 6
0 16 4 4
cob=(2)
cfi=(51)
cfn=(2958)
calls=4 0 
0 194 54 44 2 0 0 2
0 30 10 10

fn=(3066) std::_Rb_tree_iterator<std::pair<std::__cxx11::basic_string<char, std::char_traits<char>, std::allocator<char> > const, stan::json::array_dims> > std::_Rb_tree<std::__cxx11::basic_string<char, std::char_traits<char>, std::allocator<char> >, std::pair<std::__cxx11::basic_string<char, std::char_traits<char>, std::allocator<char> > const, stan::json::array_dims>, std::_Select1st<std::pair<std::__cxx11::basic_string<char, std::char_traits<char>, std::allocator<char> > const, stan::json::array_dims> >, std::less<std::__cxx11::basic_string<char, std::char_traits<char>, std::allocator<char> > >, std::allocator<std::pair<std::__cxx11::basic_string<char, std::char_traits<char>, std::allocator<char> > const, stan::json::array_dims> > >::_M_emplace_hint_unique<std::piecewise_construct_t const&, std::tuple<std::__cxx11::basic_string<char, std::char_traits<char>, std::allocator<char> > const&>, std::tuple<> >(std::_Rb_tree_const_iterator<std::pair<std::__cxx11::basic_string<char, std::char_traits<char>, std::allocator<char> > const, stan::json::array_dims> >, std::piecewise_construct_t const&, std::tuple<std::__cxx11::basic_string<char, std::char_traits<char>, std::allocator<char> > const&>&&, std::tuple<>&&) [clone .isra.0]
0 24 0 14 1 0 0 1
cob=(2)
cfi=(51)
cfn=(1004)
calls=2 0 
0 262 54 38 0 2 1 0 0 1
0 20 6 4 1 0 1 1 0 1
cfn=(1908)
calls=2 0 
0 112 28 20 0 0 1
0 18 0 10 1 0 1 1
cfn=(3068)
calls=2 0 
0 132 36 22 11 0 0 10
0 24 0 2
cob=(2)
cfi=(51)
cfn=(2958)
calls=2 0 
0 45 8 15
0 22 14 2 1 0 0 1

fn=(976)
0 12 2 3 2 2 0 2
cob=(3)
cfi=(214) ./csu/../csu/libc-start.c
cfn=(978) __libc_start_main@@GLIBC_2.34
calls=1 242 
0 13948284173 3448328113 2239894389 2896667 305426370 144639642 197501 60320 177623

fn=(984) 0x000000000002e050
0 12 1 0 3 0 0 3

fn=(1936)
0 4234 836 809 30 0 3 4 0 3
cob=(2)
cfi=(51)
cfn=(1948)
calls=49 0 
0 692 196 98 20 3 0 1
0 294 49 49
cob=(2)
cfi=(51)
cfn=(1950)
calls=49 0 
0 6411 2076 1018 37 30 1 3 1
0 277 0 152 1 0 0 1
cob=(2)
cfi=(51)
cfn=(1004)
calls=76 0 
0 9502 2015 1435 118 1 23 3 0 23
0 684 76 0 9 0 0 1

fn=(1974)
0 39 2 23 4 0 3 4 0 3
cfn=(1886)
calls=1 0 
0 60 14 10
0 5 0 2
cfn=(1916)
calls=1 0 
0 85 17 11
0 8 2 1 1 2 0 1 1
cfn=(1822)
calls=1 0 
0 70 16 12 0 1 0 0 1
0 4 0 1
cob=(2)
cfi=(51)
cfn=(1940)
calls=1 0 
0 39 11 7 1 0 0 1
0 8 1 2 1 0 0 1
cfn=(1916)
calls=1 0 
0 112 21 14
0 3 0 1
cfn=(1916)
calls=1 0 
0 383 80 59 0 0 1 0 0 1
0 3 0 1
cfn=(1916)
calls=1 0 
0 256 61 38 1 2 1 0 2
0 3 0 1 1 0 0 1
cfn=(1916)
calls=1 0 
0 113 21 14
0 5 0 2
cob=(2)
cfi=(51)
cfn=(1976) 0x0000000000120970
calls=1 0 
0 10 2 0 2 0 0 2
0 6 2 2 1 0 0 1
cob=(2)
cfi=(51)
cfn=(1980) 0x0000000000120c20
calls=1 0 
0 9809 2214 1271 268 130 34 241 30 34
0 106 15 1 9 0 0 9

fn=(2094)
0 136 4 76 6 0 8 3 0 8
cob=(2)
cfi=(51)
cfn=(1912)
calls=4 0 
0 304 60 44
0 16 12

fn=(2100)
0 440 0 122 7 0 0 3
cob=(2)
cfi=(51)
cfn=(2102)
calls=1 0 
0 47 9 8
0 60 0 20 3 0 0 1
cob=(2)
cfi=(51)
cfn=(2102)
calls=10 0 
0 1368 398 226 40 41 6 7 1
0 421 113 43 6 1 0 2 1
cob=(2)
cfi=(51)
cfn=(2102)
calls=3 0 
0 147 27 24 5
0 208 91 42 9 3 0 2
cob=(2)
cfi=(51)
cfn=(2102)
calls=10 0 
0 260 70 60 2 0 0 1
0 71 10 0 6 0 0 1

fn=(2266) cmdstan::arg_hmc::arg_hmc()
0 30 2 18 3 0 1 3 0 1
cfn=(1916)
calls=1 0 
0 113 21 14 0 1 0 0 1
0 3 0 1 1 0 0 1
cfn=(1916)
calls=1 0 
0 381 80 59 0 0 1 0 0 1
0 2 0 1
cob=(2)
cfi=(51)
cfn=(1004)
calls=1 0 
0 199 38 30 0 0 1 0 0 1
0 31 0 18 2 0 2 2 0 2
cob=(2)
cfi=(51)
cfn=(1912)
calls=1 0 
0 76 15 11
0 5 0 2 1 0 0 1
cfn=(1916)
calls=1 0 
0 110 21 14
0 3 0 1
cfn=(1916)
calls=1 0 
0 386 81 58 0 1 0 0 1
0 2 0 1
cob=(2)
cfi=(51)
cfn=(1004)
calls=1 0 
0 203 39 30 0 0 1 0 0 1
0 20 0 12 2 0 1 2 0 1
cfn=(1916)
calls=1 0 
0 110 21 14 0 1 0 0 1
0 3 0 1
cfn=(1916)
calls=1 0 
0 381 80 59 0 0 1 0 0 1
0 2 0 1
cob=(2)
cfi=(51)
cfn=(1004)
calls=1 0 
0 199 38 30 0 0 1 0 0 1
0 6 1 1 1 0 0 1
cfn=(2114)
calls=1 0 
0 4440 1071 791 58 1 4 0 1 4
0 5 0 2
cfn=(1934)
calls=1 0 
0 129 29 20 3
0 4 0 2
cfn=(1934)
calls=1 0 
0 129 29 20
0 2 0 1
cob=(2)
cfi=(51)
cfn=(1004)
calls=1 0 
0 203 39 30 2 0 1 0 0 1
0 20 0 12 2 0 0 2
cfn=(1916)
calls=1 0 
0 110 21 14 3
0 3 0 1
cfn=(1916)
calls=1 0 
0 381 80 59 2 0 1 0 0 1
0 2 0 1
cob=(2)
cfi=(51)
cfn=(1004)
calls=1 0 
0 199 38 30 0 0 1 0 0 1
0 6 0 2 1 0 0 1
cfn=(2110)
calls=1 0 
0 1131 245 200 19 1 3 0 1 3
0 5 1 2
cfn=(1934)
calls=1 0 
0 271 53 42 1 0 1 0 0 1
0 4 0 2 1 0 0 1
cfn=(1934)
calls=1 0 
0 396 89 61 4
0 7 1 3
cfn=(1934)
calls=1 0 
0 129 29 20
0 2 0 1
cob=(2)
cfi=(51)
cfn=(1004)
calls=1 0 
0 199 38 30 0 0 1 0 0 1
0 31 0 18 3 0 2 3 0 2
cob=(2)
cfi=(51)
cfn=(1912)
calls=1 0 
0 76 15 11
0 5 0 2
cfn=(1916)
calls=1 0 
0 110 21 14 0 1 0 0 1
0 3 0 1
cfn=(1916)
calls=1 0 
0 381 80 59 0 0 1 0 0 1
0 2 0 1 1 0 0 1
cob=(2)
cfi=(51)
cfn=(1004)
calls=1 0 
0 203 39 30 0 0 1 0 0 1
0 16 0 10 1 0 0 1
cfn=(1916)
calls=1 0 
0 110 21 14
0 3 0 1
cfn=(1916)
calls=1 0 
0 386 81 58 0 1 1 0 1 1
0 4 0 2
cfn=(1934)
calls=1 0 
0 271 53 42 0 0 1 0 0 1
0 2 0 1 1 0 0 1
cob=(2)
cfi=(51)
cfn=(1004)
calls=1 0 
0 203 39 30 0 0 1 0 0 1
0 16 0 10 1 0 0 1
cfn=(1916)
calls=1 0 
0 110 21 14
0 3 0 1
cfn=(1916)
calls=1 0 
0 386 81 58 0 1 1 0 1 1
0 4 0 2
cfn=(1934)
calls=1 0 
0 396 89 61
0 2 0 1 1 0 0 1
cob=(2)
cfi=(51)
cfn=(1004)
calls=1 0 
0 203 39 30 0 0 1 0 0 1
0 16 0 10 1 0 1 1 0 1
cfn=(1916)
calls=1 0 
0 110 21 14
0 3 0 1
cfn=(1916)
calls=1 0 
0 386 81 58 0 0 1 0 0 1
0 4 0 2
cfn=(1934)
calls=1 0 
0 394 89 61
0 6 1 3 1 0 0 1
cfn=(1934)
calls=1 0 
0 252 65 39
0 2 0 1
cob=(2)
cfi=(51)
cfn=(1004)
calls=1 0 
0 199 38 30 0 1 1 0 0 1
0 3 0 1
cfn=(1938)
calls=1 0 
0 311 66 79 7 1 4 0 0 4
0 5 0 2 1 0 0 1
cfn=(1916)
calls=1 0 
0 108 21 14
0 3 0 1
cfn=(1916)
calls=1 0 
0 390 82 58 0 1 1 0 1 1
0 4 0 1
cfn=(1916)
calls=1 0 
0 85 17 11 0 1
0 4 0 1
cfn=(1916)
calls=1 0 
0 85 17 11
0 3 0 1 1 0 0 1
cob=(2)
cfi=(51)
cfn=(1944)
calls=1 0 
0 39 12 8
0 4 0 2
cfn=(1934)
calls=1 0 
0 394 89 61 0 0 1 0 0 1
0 2 0 1
cob=(2)
cfi=(51)
cfn=(1004)
calls=1 0 
0 199 38 30 0 0 1 0 0 1
0 7 1 1 1 1 0 1
cfn=(2114)
calls=1 0 
0 4210 1026 759 68 2 3 0 2 3
0 4 0 2
cfn=(1934)
calls=1 0 
0 9 4 2 1
0 2 0 1
cob=(2)
cfi=(51)
cfn=(1004)
calls=1 0 
0 199 38 30 4 0 1 0 0 1
0 9 1 1 1 0 0 1
cfn=(2250)
calls=1 0 
0 8779 1968 1490 63 1 6 0 0 6
0 4 0 2
cfn=(1934)
calls=1 0 
0 251 65 39 4
0 11 9 0 1 0 0 1

fn=(2324)
0 5 1 0 1 0 0 1

fn=(3916)
0 6 0 3 1 0 0 1
cfn=(3852)
calls=1 0 
0 395 115 50 0 10
0 4 1
cob=(2)
cfi=(51)
cfn=(1950)
calls=1 0 
0 148 44 18

fn=(3922)
0 12 2 3 1 1 0 1
cob=(2)
cfi=(51)
cfn=(1950)
calls=1 0 
0 120 35 14 0 2
0 19 4 3 1 1 0 1
cob=(2)
cfi=(51)
cfn=(1950)
calls=1 0 
0 99 31 15 0 1
0 8 2
cob=(2)
cfi=(51)
cfn=(1950)
calls=1 0 
0 148 44 18

fn=(3930)
0 3 0 0 1 0 0 1
cob=(2)
cfi=(51)
cfn=(1950)
calls=1 0 
0 120 35 14

fn=(2590)
0 33 0 15 4 0 0 2
cfn=(2592)
calls=3 0 
0 8217 2465 1334 165 103 2 82 15 1
0 57 30 0 2 2 0 1
cfn=(2666)
calls=3 0 
0 165504 44907 28768 2158 347 45 36

fn=(2591)
0 99 0 45
cfn=(2592)
calls=9 0 
0 14177 4008 2415 5 32
0 171 90 0 0 7
cfn=(2690)
calls=3 0 
0 6 3
cfn=(2667)
calls=6 0 
0 59783 16563 10516 550 102 2 3

fn=(2676)
0 162 18 54 7 0 0 2
cfn=(2678)
calls=18 0 
0 61680 15396 10959 1521 146 45 7
0 126 72

fn=(2850)
0 31 2 8 5 1 0 1
cfn=(2851) std::_Rb_tree<std::__cxx11::basic_string<char, std::char_traits<char>, std::allocator<char> >, std::pair<std::__cxx11::basic_string<char, std::char_traits<char>, std::allocator<char> > const, std::pair<std::vector<int, std::allocator<int> >, std::vector<unsigned long, std::allocator<unsigned long> > > >, std::_Select1st<std::pair<std::__cxx11::basic_string<char, std::char_traits<char>, std::allocator<char> > const, std::pair<std::vector<int, std::allocator<int> >, std::vector<unsigned long, std::allocator<unsigned long> > > > >, std::less<std::__cxx11::basic_string<char, std::char_traits<char>, std::allocator<char> > >, std::allocator<std::pair<std::__cxx11::basic_string<char, std::char_traits<char>, std::allocator<char> > const, std::pair<std::vector<int, std::allocator<int> >, std::vector<unsigned long, std::allocator<unsigned long> > > > > >::_M_erase(std::_Rb_tree_node<std::pair<std::__cxx11::basic_string<char, std::char_traits<char>, std::allocator<char> > const, std::pair<std::vector<int, std::allocator<int> >, std::vector<unsigned long, std::allocator<unsigned long> > > > >*)'2
calls=2 0 
0 697 214 103 2 6 0 1
0 12 4 4 0 1
cfn=(2851)
calls=4 0 
0 526 158 70 0 4
0 38 18 2 0 3
cob=(2)
cfi=(51)
cfn=(1950)
calls=2 0 
0 219 66 29
0 36 12 6
cob=(2)
cfi=(51)
cfn=(1950)
calls=6 0 
0 636 194 88 0 2
0 42 6 6
cob=(2)
cfi=(51)
cfn=(1950)
calls=6 0 
0 655 198 87 0 2
0 31 11 0 3 0 0 1

fn=(2851)
0 62 4 16 0 1
cfn=(2851)
calls=4 0 
0 16 4
0 26 12 2 0 2
cob=(2)
cfi=(51)
cfn=(1950)
calls=2 0 
0 219 66 29 0 1
0 24 8 4 2 0 0 1
cob=(2)
cfi=(51)
cfn=(1950)
calls=4 0 
0 417 128 59 0 4
0 28 4 4
cob=(2)
cfi=(51)
cfn=(1950)
calls=4 0 
0 417 128 59 0 2
0 30 22

fn=(2956)
0 12 0 7
cob=(2)
cfi=(51)
cfn=(1004)
calls=1 0 
0 59 15 8 0 1
0 6 0 2 1 0 0 1
cob=(2)
cfi=(51)
cfn=(2878)
calls=1 0 
0 9 4 1
0 18 7 4 2 0 1 2
cob=(2)
cfi=(51)
cfn=(2958)
calls=1 0 
0 18 2 8 3 0 0 2
0 17 8 1 2 0 0 2

fn=(2972) boost::re_detail_500::basic_regex_parser<char, boost::regex_traits<char, boost::cpp_regex_traits<char> > >::parse_all()
0 44 16 9 4 0 0 4
cfn=(2974) boost::re_detail_500::basic_regex_parser<char, boost::regex_traits<char, boost::cpp_regex_traits<char> > >::parse_extended()
calls=3 0 
0 6881 1682 808 85 3 15 78 1 2
0 17 6

fn=(3002)
0 124 16 43 4 1 0 4 1

fn=(3008)
0 144 25 49 9 2 0 9 2
cfn=(3010)
calls=1 0 
0 62 18 17 5 0 0 5
0 3270 559 124 6 0 0 6

fn=(3012)
0 31 5 0 2 0 0 2

fn=(3034)
0 720 287 172 13 0 0 9

fn=(3036)
0 25 5 10 3 0 0 2

fn=(3072)
0 5254 961 1165 2 0 0 2
cob=(2)
cfi=(51)
cfn=(1948)
calls=130 0 
0 1694 520 260
0 1688 910 204 1 0 0 1
cob=(2)
cfi=(51)
cfn=(1004)
calls=74 0 
0 5044 1230 702 0 0 2 0 0 2
0 518 0 74 1 0 0 1
cob=(2)
cfi=(51)
cfn=(1888)
calls=74 0 
0 978 296 148 1
0 228 76 2
cob=(2)
cfi=(51)
cfn=(1950)
calls=2 0 
0 198 62 30
0 915 462 225 2 0 0 2

fn=(3088) stan::json::json_data_handler::save_key_value_pair()
0 135 20 50 5 0 0 3
cfn=(2872)
calls=5 0 
0 494 116 94
0 15 0 5
cfn=(3042)
calls=5 0 
0 700 169 51 9 0 0 2
0 30 0 5 1 0 0 1
cfn=(3044)
calls=5 0 
0 715 164 61
0 40 10 5
cfn=(3090)
calls=5 0 
0 110 40 35 8 0 0 2
0 25 0 5
cfn=(3050) std::map<std::__cxx11::basic_string<char, std::char_traits<char>, std::allocator<char> >, bool, std::less<std::__cxx11::basic_string<char, std::char_traits<char>, std::allocator<char> > >, std::allocator<std::pair<std::__cxx11::basic_string<char, std::char_traits<char>, std::allocator<char> > const, bool> > >::operator[](std::__cxx11::basic_string<char, std::char_traits<char>, std::allocator<char> > const&)
calls=5 0 
0 731 168 61 2 0 0 2
0 35 10 15 1 0 0 1
cfn=(3090)
calls=5 0 
0 110 40 35
0 55 0 25 3 0 0 1
cfn=(3058)
calls=5 0 
0 602 155 49 6
0 21 0 2
cfn=(3064)
calls=2 0 
0 287 63 25
0 6 0 2
cfn=(3072)
calls=2 0 
0 238 60 40
0 30 7 6 2 0 0 2
cob=(2)
cfi=(51)
cfn=(1004)
calls=1 0 
0 196 37 30 0 1 1 0 0 1
0 13 0 5 1 0 1 1 0 1
cob=(2)
cfi=(51)
cfn=(1020)
calls=1 0 
0 52 3 20 4 1 9 0 0 9
0 9 2 3 1 0 0 1
cfn=(1908)
calls=1 0 
0 55 14 10 3
0 34 9 3 2 0 0 2
cfn=(1908)
calls=1 0 
0 55 14 10
0 1113 477 318
cfn=(1908)
calls=159 0 
0 8745 2226 1590
0 800 320 160
cfn=(3094)
calls=160 0 
0 9440 1920 800 6 0 0 6
0 2092 967 161 4 0 0 4
cob=(2)
cfi=(51)
cfn=(1950)
calls=1 0 
0 99 31 15 0 1
0 17 5 2 3 0 0 1
cfn=(3044)
calls=2 0 
0 275 57 23
0 14 7 5 1 0 0 1
cfn=(2312)
calls=5 0 
0 45 15 5 1
0 90 50 5 2 0 0 2
cfn=(3044)
calls=5 0 
0 715 164 61
0 20 5 5 1 0 0 1
cfn=(3044)
calls=5 0 
0 2458 594 379 9 0 5 0 0 5
0 60 5 25 5 0 0 1
cfn=(3096)
calls=5 0 
0 644 159 121 4 0 0 3
0 15 0 5
cfn=(3086)
calls=5 0 
0 313 78 64 11
0 75 25 35 7 0 0 2
cfn=(3098)
calls=5 0 
0 55 20 5 2 0 0 2
0 15 5 5
cfn=(3100)
calls=5 0 
0 2617 618 411 35 2 10 19 0 10
0 70 10 10 2 0 0 1
cfn=(3072)
calls=5 0 
0 485 117 80
0 10 0 5
cfn=(3098)
calls=5 0 
0 764 239 112
0 30 5 5 3 0 0 1
cfn=(3092)
calls=5 0 
0 487 140 47 7 0 0 5
0 36 7 7 1 0 0 1
cob=(2)
cfi=(51)
cfn=(1950)
calls=2 0 
0 198 62 30
0 14 3 1 2 0 0 2
cob=(2)
cfi=(51)
cfn=(1948)
calls=1 0 
0 91 25 21
0 37 1 5 2 0 0 2
cob=(2)
cfi=(51)
cfn=(1004)
calls=5 0 
0 844 168 128 0 0 3 0 0 3
0 35 0 5
cob=(2)
cfi=(51)
cfn=(1888)
calls=5 0 
0 166 44 31 1 0 10 0 0 10
0 35 5 10 3 0 0 1

fn=(3114) stan::json::json_data_handler::end_object()
0 33 12 8 4 0 0 4
cfn=(3088)
calls=1 0 
0 2968 738 413 28 0 4 0 0 4

fn=(3134)
0 336 66 63 12 0 0 4
cob=(2)
cfi=(51)
cfn=(1948)
calls=3 0 
0 43 12 6
0 18 3 3
cob=(2)
cfi=(51)
cfn=(1950)
calls=3 0 
0 297 93 45
0 21 0 12
cob=(2)
cfi=(51)
cfn=(1004)
calls=6 0 
0 486 114 70 0 1
0 54 6 0 6 0 0 2

fn=(3142)
0 128 20 56 4 0 0 4
cob=(2)
cfi=(51)
cfn=(1950)
calls=4 0 
0 457 136 57 1 0 0 1
0 56 42

fn=(3204)
0 15 4 1 1 0 0 1
cob=(2)
cfi=(51)
cfn=(1950)
calls=1 0 
0 99 31 15

fn=(3210)
0 54 2 26 2 0 0 2
cfn=(1886)
calls=2 0 
0 120 28 20 0 1
0 14 0 6 1 0 0 1
cfn=(1886)
calls=2 0 
0 66 16 14
0 16 0 6 1 0 0 1
cfn=(1886)
calls=2 0 
0 66 16 14
0 18 0 8 1 0 0 1
cfn=(1886)
calls=2 0 
0 70 22 16 0 1
0 18 0 8
cfn=(1886)
calls=2 0 
0 66 16 14
0 18 0 8 1 0 0 1
cfn=(1886)
calls=2 0 
0 66 16 14
0 22 8 10 1 0 0 1
cfn=(1906)
calls=2 0 
0 696 178 164 7 0 7
0 60 32 8 4 0 0 4
cfn=(1908)
calls=2 0 
0 93 22 17
0 22 18

fn=(3356)
0 15 1 8 2 0 0 2
cfn=(1822)
calls=1 0 
0 148 35 24 4 1
0 3 0 1
cfn=(1822)
calls=1 0 
0 161 37 24 1 1 0 0 1
0 5 0 3 1 0 0 1
cob=(2)
cfi=(51)
cfn=(1004)
calls=1 0 
0 59 15 8
0 41 6 12 3 0 0 3
cob=(2)
cfi=(51)
cfn=(1950)
calls=1 0 
0 99 31 15
0 7 2 1
cob=(2)
cfi=(51)
cfn=(1950)
calls=1 0 
0 99 31 15
0 16 9 1 2 0 0 2
cob=(2)
cfi=(51)
cfn=(1966)
calls=1 0 
0 73 17 8 0 1
0 7 1 3
cob=(2)
cfi=(51)
cfn=(1888)
calls=1 0 
0 13 4 2
0 7 2 1 1 0 0 1
cob=(2)
cfi=(51)
cfn=(1966)
calls=1 0 
0 73 17 8 0 1
0 7 1 3
cob=(2)
cfi=(51)
cfn=(1888)
calls=1 0 
0 14 4 2
0 3 2

fn=(3390) std::vector<std::unique_ptr<stan::io::array_var_context, std::default_delete<stan::io::array_var_context> >, std::allocator<std::unique_ptr<stan::io::array_var_context, std::default_delete<stan::io::array_var_context> > > >::reserve(unsigned long)
0 26 3 5 2 0 0 2
cob=(2)
cfi=(51)
cfn=(1004)
calls=1 0 
0 55 15 8
0 24 8 2 2 0 0 2

fn=(3412)
0 18 0 7 2 0 0 2
cob=(2)
cfi=(51)
cfn=(1004)
calls=1 0 
0 384 67 55 1 6 2
0 14 0 4 1 0 0 1
cob=(2)
cfi=(51)
cfn=(1020)
calls=1 0 
0 8059 3 8040 2 1 125
0 7 5 1

fn=(3442)
0 145 14 35 10 2 0 10
cfn=(3444)
calls=1 0 
0 82 20 13 6 2 0 3
0 62 12 6 5 1 0 5
cob=(2)
cfi=(51)
cfn=(3448)
calls=1 0 
0 56 13 0 8 6 0 8 4
0 7 2 2
cob=(2)
cfi=(51)
cfn=(3136)
calls=1 0 
0 91 29 15 0 0 1
0 20 11 2 2 0 0 2
cfn=(3446)
calls=1 0 
0 38 12 0 5 0 0 4
0 4 1

fn=(3446)
0 17777718 7824348 0 26288 0 0 8852

fn=(3460)
0 74 7 15 8 0 0 8
cob=(2)
cfi=(51)
cfn=(3448)
calls=1 0 
0 56 13
0 8 4

fn=(3590)
0 12 0 5 2 0 0 2
cfn=(3090)
calls=1 0 
0 114 25 9
0 15 2 3 1 1 0 1
cob=(2)
cfi=(51)
cfn=(1004)
calls=1 0 
0 55 15 8 0 1
0 15 2 3 1 0 0 1
cob=(2)
cfi=(51)
cfn=(1948)
calls=1 0 
0 15 4 2 1 1
0 10 5 1

fn=(3600)
0 129524934 26047714 25792844 23002 3162699 6421864 3 665 28869

fn=(3638)
0 120 22 24 5 0 0 5
cob=(2)
cfi=(51)
cfn=(1004)
calls=2 0 
0 110 30 16 0 2
0 18 2 0 1 0 0 1

fn=(3654)
0 3543 1013 503 4 127 0 4

fn=(3718) Eigen::PlainObjectBase<Eigen::Matrix<double, -1, 1, 0, -1, 1> >::PlainObjectBase<Eigen::CwiseNullaryOp<Eigen::internal::scalar_constant_op<double>, Eigen::Matrix<double, -1, 1, 0, -1, 1> > >(Eigen::DenseBase<Eigen::CwiseNullaryOp<Eigen::internal::scalar_constant_op<double>, Eigen::Matrix<double, -1, 1, 0, -1, 1> > > const&)
0 379875 91170 106365 15188 0 1974 2
cfn=(3582)
calls=15195 0 
0 3756602 645384 557891 717 4576 22250 0 0 321
0 30967410 30390 7673475 15188 0 1871056 2 0 1049

fn=(3720) stan::mcmc::base_nuts<stan::model::model_base, stan::mcmc::diag_e_metric, stan::mcmc::expl_leapfrog, boost::random::mixmax_engine<17, 36u, 0l> >::build_tree(int, stan::mcmc::ps_point&, Eigen::Matrix<double, -1, 1, 0, -1, 1>&, Eigen::Matrix<double, -1, 1, 0, -1, 1>&, Eigen::Matrix<double, -1, 1, 0, -1, 1>&, Eigen::Matrix<double, -1, 1, 0, -1, 1>&, Eigen::Matrix<double, -1, 1, 0, -1, 1>&, double, double, int&, double&, double&, stan::callbacks::logger&)
0 20864 4304 11088 1887 1328 2534 4
cfn=(3734)
calls=416 0 
0 149830 25441 22954 1360 6373 3199 3
0 3328 416 1664
cfn=(3734)
calls=416 0 
0 125631 21470 20118 0 429 344
0 3328 832 832 416 416 0 1
cfn=(3736)
calls=416 0 
0 2496 832 832 416 0 0 9
0 1248 0 416
cfn=(3718)
calls=416 0 
0 995727 25739 231573 0 830 52630
0 7488 4160 3328 493 0 0 2
cfn=(3721) stan::mcmc::base_nuts<stan::model::model_base, stan::mcmc::diag_e_metric, stan::mcmc::expl_leapfrog, boost::random::mixmax_engine<17, 36u, 0l> >::build_tree(int, stan::mcmc::ps_point&, Eigen::Matrix<double, -1, 1, 0, -1, 1>&, Eigen::Matrix<double, -1, 1, 0, -1, 1>&, Eigen::Matrix<double, -1, 1, 0, -1, 1>&, Eigen::Matrix<double, -1, 1, 0, -1, 1>&, Eigen::Matrix<double, -1, 1, 0, -1, 1>&, double, double, int&, double&, double&, stan::callbacks::logger&)'2
calls=416 0 
0 6757729421 1671374733 1085630165 1289788 148624879 70200466 57382 18211 53968
0 2496 416 416 156 5 2
cob=(2)
cfi=(51)
cfn=(3136)
calls=416 0 
0 70882 20835 9141 0 241 373
0 832 416 416
cob=(2)
cfi=(51)
cfn=(3136)
calls=416 0 
0 67759 19750 8846 66 50 6
0 832 416 416
cob=(2)
cfi=(51)
cfn=(3136)
calls=416 0 
0 74095 21896 9418 0 330 325
0 7608 4878 414 455 1072 414 2
cfn=(3620)
calls=414 0 
0 1421743 394307 381086 2906 160652 152057
0 3726 828 1656 0 414 828
cfn=(3734)
calls=414 0 
0 136453 22740 20785 1242 983 960
0 2898 414 1242 414 0 0 1
cfn=(3734)
calls=414 0 
0 147579 23491 21435 0 194 632
0 3312 828 1242 414 828 414 1
cfn=(3736)
calls=414 0 
0 2484 828 828 348 0 0 8
0 2070 0 828
cfn=(3718)
calls=414 0 
0 990371 25592 230806 1656 108 52164 0 0 3
0 7038 4140 3312 492 414 0 2
cfn=(3721)
calls=414 0 
0 6716051698 1661049644 1078942634 1278866 147747338 69784891 122606 40687 103753
0 2484 414 414 79 217 4
cob=(2)
cfi=(51)
cfn=(3136)
calls=414 0 
0 81907 24392 10092 198 802 432
0 828 414 414
cob=(2)
cfi=(51)
cfn=(3136)
calls=414 0 
0 128053 38074 16209 152 3172 383
0 828 414 414
cob=(2)
cfi=(51)
cfn=(3136)
calls=414 0 
0 71820 21016 9344 0 516 335
0 828 0 414
cfn=(3658)
calls=414 0 
0 207685 60746 28040 169 2413 1048
0 1134 160 80 80 80 80 1
cfn=(3722)
calls=80 0 
0 137598007 33827588 22285230 19413 2916646 1349835 23 1 753
0 320 80 160 160 80 80 1
cfn=(3646)
calls=80 0 
0 223680 121120 0 113 10160 0 1
0 1440 480 240 80 240 80 1
cfn=(3726)
calls=80 0 
0 640 320 0 160 80 0 2
0 614 328 164 80 122 0 1
cfn=(3656)
calls=42 0 
0 321132 64596 63966 256 12404 15927
0 152 38 76
cfn=(3656)
calls=38 0 
0 290548 58444 57874 236 11464 14402
0 720 240 240 80 80 80 1
cfn=(3598)
calls=80 0 
0 18320 3360 2960 111 1040 360
0 243600 81200 40560 320 17779 10000 4
cob=(2)
cfi=(51)
cfn=(3136)
calls=80 0 
0 11827 3418 1628 27 547 67
0 320 80 80
cfn=(3600)
calls=80 0 
0 203280 40880 40480 0 86 10103
0 320 80 80
cfn=(3728) void Eigen::internal::call_dense_assignment_loop<Eigen::Matrix<double, -1, 1, 0, -1, 1>, Eigen::Matrix<double, -1, 1, 0, -1, 1>, Eigen::internal::add_assign_op<double, double> >(Eigen::Matrix<double, -1, 1, 0, -1, 1>&, Eigen::Matrix<double, -1, 1, 0, -1, 1> const&, Eigen::internal::add_assign_op<double, double> const&)
calls=80 0 
0 242800 80880 40240 240 15462 0 3
0 320 0 80
cfn=(3600)
calls=80 0 
0 203280 40880 40480 0 80 10097
0 320 80 80 78 80 0 1
cfn=(3600)
calls=80 0 
0 203280 40880 40480 0 80 10103
0 1554 980 412 80 980 410 1
cfn=(3726)
calls=410 0 
0 75571 17089 2460 351 7337 0 3 1
0 2050 410 820
cfn=(3726)
calls=410 0 
0 3280 1640 0 0 287
0 4100 1230 1230 78 0 0 1
cob=(2)
cfi=(51)
cfn=(3424)
calls=410 0 
0 22936 7371 820 0 319
0 1640 410 410 78 0 0 1
cfn=(3738)
calls=410 0 
0 24096 3431 1414 300 1290 33 3
0 4920 1230 820 78 666 410 1
cfn=(3740)
calls=410 0 
0 1356839 435980 226522 886 106711 52022 6
0 2050 410 410
cfn=(3728)
calls=410 0 
0 1244350 414510 206230 0 52231
0 3280 1640 410 78 1200 0 1
cfn=(3732)
calls=410 0 
0 939720 414510 0 312 52173
0 5333 1640 823 78 410 196 1
cfn=(3742)
calls=410 0 
0 1250910 417380 207870 312 103300 345 4
0 3690 1640 410 78 819 0 1
cfn=(3732)
calls=410 0 
0 939720 414510 0 0 51660
0 2460 410 410 0 410
cfn=(3732)
calls=410 0 
0 939720 414510 0 0 52068
0 6150 2460 820 78 410 410 1
cfn=(3742)
calls=410 0 
0 1250910 417380 207870 0 103320
0 3690 1640 410 78 986 0 1
cfn=(3732)
calls=410 0 
0 939720 414510 0 0 52194
0 2460 410 410
cfn=(3732)
calls=410 0 
0 939720 414510 0 0 51895
0 2870 410 410 17 0 0 1
cob=(2)
cfi=(51)
cfn=(3136)
calls=410 0 
0 54940 15580 7790 0 6092 410
0 1016 202 202 17
cfn=(3656)
calls=202 0 
0 1544492 310676 307646 0 77493 76479
0 278 0 38 38
cob=(2)
cfi=(51)
cfn=(3424)
calls=38 0 
0 2132 670 80 45 226
0 1335 483 407 116 0 0 1
cfn=(3732)
calls=407 0 
0 932844 411477 0 0 51478
0 1628 0 407

fn=(3721)
0 534764 112799 296613 17560 0 43659
cfn=(3734)
calls=6689 0 
0 1813149 316030 298881 0 498 40071
0 53512 6689 26756
cfn=(3734)
calls=6689 0 
0 2000109 313921 297140 0 1747 8922
0 53512 13378 13378
cfn=(3736)
calls=6689 0 
0 40134 13378 13378
0 20067 0 6689
cfn=(3718)
calls=6689 0 
0 15431266 333657 3667679 0 429 844685 0 0 4
0 120402 66890 53512 3342
cfn=(3721)
calls=6689 0 
0 27137059922 6698809338 4366224000 5068063 590046309 279230817 452409 96425 253999
0 40134 6689 6689 7358 6 3
cob=(2)
cfi=(51)
cfn=(3136)
calls=6689 0 
0 985067 282866 133566 0 3913 6681
0 13378 6689 6689 0 2
cob=(2)
cfi=(51)
cfn=(3136)
calls=6689 0 
0 1095821 318597 141668 3670 1902 16
0 13378 6689 6689 0 4
cob=(2)
cfi=(51)
cfn=(3136)
calls=6689 0 
0 1044229 301999 137885 0 4368 6686
0 197172 134511 6684 6684 38361 5088
cfn=(3620)
calls=6684 0 
0 21440877 6153978 5993454 40714 2608495 2534761 2 0 3011
0 60156 13368 26736 0 6684 16694
cfn=(3734)
calls=6684 0 
0 1735334 305997 290779 20052 3165 12881
0 46788 6684 20052 6684
cfn=(3734)
calls=6684 0 
0 1804364 296849 283020 0 1839 9077
0 53472 13368 20052 6684 13368 3328
cfn=(3736)
calls=6684 0 
0 40104 13368 13368 3016 0 0 62
0 33420 0 13368
cfn=(3718)
calls=6684 0 
0 15339540 321779 3655764 26736 1532 845117 0 0 1111
0 113628 66840 53472 10362 3328
cfn=(3721)
calls=6684 0 
0 27117573728 6694170025 4362968678 4997737 589390589 278987195 529948 200119 561523
0 40104 6684 6684 3679 1695 7
cob=(2)
cfi=(51)
cfn=(3136)
calls=6684 0 
0 1199198 352082 152420 3664 4241 3561
0 13368 6684 6684 0 3
cob=(2)
cfi=(51)
cfn=(3136)
calls=6684 0 
0 2064225 610530 261135 0 48018 8040
0 13368 6684 6684 0 3
cob=(2)
cfi=(51)
cfn=(3136)
calls=6684 0 
0 1425870 414327 188762 0 8446 3005
0 13368 0 6684
cfn=(3658)
calls=6684 0 
0 3894360 1135095 530270 7221 43585 13298 0 10
0 74310 15028 7514 0 7514 7514
cfn=(3722)
calls=7514 0 
0 13011943267 3195879348 2097666659 2113244 274175022 126730091 179604 25555 118123
0 30056 7514 15028 15028 7514 7514
cfn=(3646)
calls=7514 0 
0 21009144 11376196 0 19120 954278 0 283
0 135252 45084 22542 7514 24624 7514
cfn=(3726)
calls=7514 0 
0 60112 30056 0 11686 15028
0 58091 31048 15524 7514 12292
cfn=(3656)
calls=4005 0 
0 30622230 6159690 6099615 24030 1302773 1516220 0 0 6900
0 14036 3509 7018
cfn=(3656)
calls=3509 0 
0 26829814 5396842 5344207 21054 1155096 1328641 0 0 3577
0 67626 22542 22542 2161 7514 7514
cfn=(3598)
calls=7514 0 
0 1720706 315588 278018 10916 97682 31888 31
0 22880130 7626710 3809598 22606 1552054 939250 0 0 740
cob=(2)
cfi=(51)
cfn=(3136)
calls=7514 0 
0 1007778 285840 142854 914 35966 7552 0 99 24
0 30056 7514 7514 0 1432
cfn=(3600)
calls=7514 0 
0 19093074 3839654 3802084 0 11892 946687 0 0 2289
0 30056 7514 7514
cfn=(3728)
calls=7514 0 
0 22804990 7596654 3779542 10091 1494122 0 0 8510
0 30056 0 7514
cfn=(3600)
calls=7514 0 
0 19093074 3839654 3802084 0 5281 946973 0 0 10850
0 30056 7514 7514 416 5432
cfn=(3600)
calls=7514 0 
0 19093074 3839654 3802084 0 5757 946888 0 0 5524
0 50087 28374 6679 3674 27884 5081
cfn=(3726)
calls=6673 0 
0 1239396 279096 40044 14107 116375 2 3 8
0 33365 6673 13346
cfn=(3726)
calls=6673 0 
0 53384 26692 0 0 5332
0 66730 20019 20019 3674 0 1756
cob=(2)
cfi=(51)
cfn=(3424)
calls=6673 0 
0 373362 119946 13352 17 4977 0 0 1
0 26692 6673 6673 3674
cfn=(3738)
calls=6673 0 
0 336840 53664 20708 11840 23919 409 2
0 80076 20019 13346 3674 12313 3325
cfn=(3740)
calls=6673 0 
0 21883123 7071117 3667005 30331 1742322 846344 0 2292 3797
0 33365 6673 6673 0 1592
cfn=(3728)
calls=6673 0 
0 20252555 6746403 3356519 0 847471 0 0 1634
0 53384 26692 6673 3674 21330
cfn=(3732)
calls=6673 0 
0 15294516 6746403 0 14696 845208
0 86749 26692 13346 3674 8265 4986
cfn=(3742)
calls=6673 0 
0 20359323 6793114 3383211 14696 1681596 3138 0 490
0 60057 26692 6673 3674 15102
cfn=(3732)
calls=6673 0 
0 15294516 6746403 0 0 840798
0 40038 6673 6673 0 6609
cfn=(3732)
calls=6673 0 
0 15294516 6746403 0 0 847389
0 100095 40038 13346 3674 6673 6673
cfn=(3742)
calls=6673 0 
0 20359323 6793114 3383211 0 1681596 0 0 5188
0 60057 26692 6673 3674 16345
cfn=(3732)
calls=6673 0 
0 15294516 6746403 0 0 847790
0 40038 6673 6673 0 1498
cfn=(3732)
calls=6673 0 
0 15294516 6746403 0 0 846799 0 0 2720
0 46711 6673 6673 938
cob=(2)
cfi=(51)
cfn=(3136)
calls=6673 0 
0 894182 253574 126787 0 96688 10021
0 16780 3369 3369 1003 816
cfn=(3656)
calls=3369 0 
0 25759374 5181522 5130987 0 1291927 1273796 0 779 1771
0 10387 0 3509 3509
cob=(2)
cfi=(51)
cfn=(3424)
calls=3509 0 
0 196686 63149 7032 3548 21057 0 0 2
0 30546 13691 6673 7183 659 0 1
cfn=(3732)
calls=6673 0 
0 15294516 6746403 0 0 844982 0 0 11610
0 26692 0 6673

fn=(3728)
0 44544695 14838447 7382531 10331 2409286 0 3 10144

fn=(3782)
0 1040 40 440 80 0 0 2
cfn=(3456)
calls=40 0 
0 5346 1138 853 384 203 0 90
0 120 40 40
cfn=(3784)
calls=40 0 
0 10354 2646 1597 121 199 0 54
0 160 120 40 40 40 0 1
cfn=(3786)
calls=40 0 
0 22000 5680 3680 397 120 80 12
0 320 0 200
cob=(2)
cfi=(51)
cfn=(2116)
calls=40 0 
0 34160 10480 7920 1343 1200 40 40
0 560 80 160 80 0 0 2
cob=(2)
cfi=(51)
cfn=(1004)
calls=40 0 
0 20995 3209 2602 51 66
0 320 40 160
cob=(2)
cfi=(51)
cfn=(1888)
calls=40 0 
0 31480 10280 10120 0 200 4975
0 520 120 160 40 80 0 1
cfn=(3418)
calls=40 0 
0 237520 30840 48960 1640 426 5255 890
0 320 160 40 40 0 0 1
cob=(2)
cfi=(51)
cfn=(1950)
calls=40 0 
0 5680 1600 760 0 15
0 200 0 40
cob=(2)
cfi=(51)
cfn=(2220)
calls=40 0 
0 2400 680 560 34 80 40 25
0 1280 560 80 200 160 0 5
cfn=(3794)
calls=40 0 
0 110378741 25087328 17497810 210003 11418 25154 290
0 80 0 40
cob=(2)
cfi=(51)
cfn=(2228)
calls=40 0 
0 4160 1320 920 0 120 80
0 360 120 40 40 40 0 1
cob=(2)
cfi=(51)
cfn=(1950)
calls=40 0 
0 8175 2450 1020 0 175
0 240 80 40
cob=(2)
cfi=(51)
cfn=(1950)
calls=40 0 
0 8235 2445 975 90 75 15
0 1760 360 280 185 80 0 4
cob=(2)
cfi=(51)
cfn=(1948)
calls=40 0 
0 560 160 80 0 58 15
0 160 40 40
cob=(2)
cfi=(51)
cfn=(1888)
calls=40 0 
0 31960 10440 10280 0 0 5025
0 600 280 120 80 0 0 2
cob=(2)
cfi=(51)
cfn=(1950)
calls=40 0 
0 3960 1240 600
0 80 0 40 40 0 0 1
cob=(2)
cfi=(51)
cfn=(1004)
calls=40 0 
0 20558 3164 2564 0 15 55
0 800 160 120 80 0 0 2

fn=(3860)
0 48 20 9 2 5 0 2
cfn=(3826)
calls=6 0 
0 1849 526 231 0 29
0 27 8 2 1 0 0 1
cob=(2)
cfi=(51)
cfn=(1950)
calls=1 0 
0 120 35 14
0 9 2 2
cob=(2)
cfi=(51)
cfn=(1950)
calls=1 0 
0 120 35 14
0 10 3 0 1 0 0 1
cob=(2)
cfi=(51)
cfn=(1950)
calls=1 0 
0 118 35 14

fn=(3886)
0 33 6 4 3 2 0 3
cob=(2)
cfi=(51)
cfn=(1950)
calls=1 0 
0 148 44 18 0 1

fn=(3050)
0 372 71 109 3 0 0 3
cob=(2)
cfi=(51)
cfn=(2306)
calls=19 0 
0 278 82
0 271 41 9 1 0 0 1
cob=(2)
cfi=(51)
cfn=(2306)
calls=9 0 
0 146 40
0 176 70 5 1 0 0 1
cob=(2)
cfi=(51)
cfn=(1004)
calls=5 0 
0 1015 195 150 0 0 5 0 0 5
0 55 15 10 1 0 1 1 0 1
cfn=(1908)
calls=5 0 
0 217 61 44
0 25 5 10
cfn=(3052)
calls=5 0 
0 425 118 56 10 0 0 10
0 48 13 2
cfn=(3080)
calls=2 0 
0 60 14 6
0 21 3 3 1 0 0 1
cob=(2)
cfi=(51)
cfn=(2958)
calls=3 0 
0 104 24 29
0 8 2 2
cob=(2)
cfi=(51)
cfn=(2958)
calls=2 0 
0 97 27 22
0 15 5 5 1 0 0 1

fn=(3064)
0 4313 835 1522 4 0 0 3
cob=(2)
cfi=(51)
cfn=(2306)
calls=142 0 
0 3016 584
0 3727 552 137 1 0 0 1
cob=(2)
cfi=(51)
cfn=(2306)
calls=137 0 
0 2896 554
0 3168 1246 4 3 0 0 2
cfn=(3066)
calls=2 0 
0 659 146 127 15 2 4 14 0 2
0 4

fn=(1916)
0 1155 0 495 10 0 0 1
cob=(2)
cfi=(51)
cfn=(1824)
calls=165 0 
0 3046 567 0 26 57 0 3 53
0 1485 495
cob=(2)
cfi=(51)
cfn=(1912)
calls=165 0 
0 27880 6179 4299 48 54 63 15 2 42

fn=(2096)
0 30 2 18 3 0 0 3
cfn=(1916)
calls=1 0 
0 110 21 14 0 1 0 0 1
0 3 0 1 1 0 0 1
cfn=(1916)
calls=1 0 
0 400 86 66 0 1 1 0 1 1
0 2 0 1
cob=(2)
cfi=(51)
cfn=(1004)
calls=1 0 
0 213 43 38 0 0 1 0 0 1
0 6 0 1
cfn=(2098)
calls=1 0 
0 2058 560 356 49 44 9 22 4 3
0 6 0 2 1 0 0 1
cfn=(1934)
calls=1 0 
0 129 29 20 2
0 2 0 1
cob=(2)
cfi=(51)
cfn=(1004)
calls=1 0 
0 323 55 43 3 0 1 1 0 1
0 6 0 1
cfn=(2098)
calls=1 0 
0 1220 255 211 4 1 2 0 1 2
0 4 0 2
cfn=(1934)
calls=1 0 
0 252 65 39
0 2 0 1 1 0 0 1
cob=(2)
cfi=(51)
cfn=(1004)
calls=1 0 
0 282 54 42 0 0 1 0 0 1
0 5 0 1
cfn=(2090)
calls=1 0 
0 1325 282 235 0 2 3 0 2 3
0 4 0 2
cfn=(1934)
calls=1 0 
0 424 101 73 5 0 0 3
0 2 0 1
cob=(2)
cfi=(51)
cfn=(1004)
calls=1 0 
0 199 38 30 0 0 1 0 0 1
0 6 0 1 1 0 0 1
cfn=(2110)
calls=1 0 
0 1147 239 196 12 0 3 12 0 3
0 4 0 2
cfn=(1934)
calls=1 0 
0 9 4 2
0 2 0 1
cob=(2)
cfi=(51)
cfn=(1004)
calls=1 0 
0 203 39 30 0 0 1 0 0 1
0 19 0 11 2 0 1 2 0 1
cfn=(1916)
calls=1 0 
0 110 21 14 0 1 0 0 1
0 3 0 1
cfn=(1916)
calls=1 0 
0 381 80 59
0 2 0 1
cob=(2)
cfi=(51)
cfn=(1004)
calls=1 0 
0 199 38 30 0 0 1 0 0 1
0 5 0 2 1 0 0 1
cfn=(2112)
calls=1 0 
0 1253 268 219 8 2 4 8 2 4
0 5 1 2
cfn=(1934)
calls=1 0 
0 129 29 20
0 2 0 1
cob=(2)
cfi=(51)
cfn=(1004)
calls=1 0 
0 199 38 30 0 1 1 0 0 1
0 6 1 2 1 1 0 1 1
cfn=(2114)
calls=1 0 
0 17554 4713 2511 331 211 35 217 32 4
0 5 1 2
cfn=(1934)
calls=1 0 
0 252 65 39 15 2 1
0 2 0 1
cob=(2)
cfi=(51)
cfn=(1004)
calls=1 0 
0 199 38 30 10 1 1 0 0 1
0 8 3 2 1 1 0 1 1
cfn=(2250)
calls=1 0 
0 9470 2058 1546 141 9 5 39 2 5
0 5 1 2
cfn=(1934)
calls=1 0 
0 250 65 39 4
0 2 0 1
cob=(2)
cfi=(51)
cfn=(1004)
calls=1 0 
0 199 38 30 2 0 1 0 0 1
0 6 1 2 1 0 0 1
cfn=(2114)
calls=1 0 
0 4599 1093 802 49 1 3 0 1 3
0 5 1 2
cfn=(1934)
calls=1 0 
0 9 4 2 1
0 2 0 1
cob=(2)
cfi=(51)
cfn=(1004)
calls=1 0 
0 199 38 30 3 0 1 0 0 1
0 6 1 2 1 0 0 1
cfn=(2114)
calls=1 0 
0 4477 1098 791 60 1 5 25 1 4
0 5 1 2
cfn=(1934)
calls=1 0 
0 395 89 61 13 0 1 0 0 1
0 2 0 1
cob=(2)
cfi=(51)
cfn=(1004)
calls=1 0 
0 199 38 30 0 1 1 0 0 1
0 6 0 2 1 0 0 1
cfn=(2264)
calls=1 0 
0 1122 242 195 23 1 3 14 1 3
0 5 1 2
cfn=(1934)
calls=1 0 
0 9 4 2
0 2 0 1
cob=(2)
cfi=(51)
cfn=(1004)
calls=1 0 
0 199 38 30 0 0 1 0 0 1
0 6 0 2 1 0 0 1
cfn=(2264)
calls=1 0 
0 978 218 173 0 1 2 0 1 2
0 5 1 2
cfn=(1934)
calls=1 0 
0 9 4 2
0 2 0 1
cob=(2)
cfi=(51)
cfn=(1004)
calls=1 0 
0 199 38 30 0 0 1 0 0 1
0 6 0 2 1 0 0 1
cfn=(2264)
calls=1 0 
0 1126 242 195 0 2 4 0 1 4
0 5 1 2
cfn=(1934)
calls=1 0 
0 9 4 2
0 2 0 1
cob=(2)
cfi=(51)
cfn=(1004)
calls=1 0 
0 199 38 30 0 0 1 0 0 1
0 5 0 2 1 0 0 1
cfn=(2090)
calls=1 0 
0 1251 268 219 4 2 3 0 1 3
0 5 1 2
cfn=(1934)
calls=1 0 
0 251 65 39 0 1
0 4 0 2
cfn=(1934)
calls=1 0 
0 251 65 39 0 1
0 2 0 1 1 0 0 1
cob=(2)
cfi=(51)
cfn=(1004)
calls=1 0 
0 199 38 30 0 0 1 0 0 1
0 31 0 18 2 0 2 2 0 2
cob=(2)
cfi=(51)
cfn=(1912)
calls=1 0 
0 76 15 11
0 5 0 2 1 0 0 1
cfn=(1916)
calls=1 0 
0 108 21 14 1
0 3 0 1
cfn=(1916)
calls=1 0 
0 237 56 37
0 2 0 1
cob=(2)
cfi=(51)
cfn=(1004)
calls=1 0 
0 203 39 30 0 0 1 0 0 1
0 3 0 1
cfn=(2266)
calls=1 0 
0 29464 6528 5021 268 16 50 29 11 50
0 4 0 2
cfn=(1934)
calls=1 0 
0 129 29 20
0 2 0 1 1 0 0 1
cob=(2)
cfi=(51)
cfn=(1004)
calls=1 0 
0 203 39 30 4 0 1 0 0 1
0 16 0 10 1 0 1 1 0 1
cfn=(1916)
calls=1 0 
0 108 21 14 3
0 3 0 1
cfn=(1916)
calls=1 0 
0 237 56 37 2
0 4 0 2
cfn=(1934)
calls=1 0 
0 252 65 39
0 5 0 3 1 0 0 1
cfn=(1934)
calls=1 0 
0 9 4 2
0 2 0 1
cob=(2)
cfi=(51)
cfn=(1004)
calls=1 0 
0 199 38 30 0 0 1 0 0 1
0 6 0 1
cfn=(2110)
calls=1 0 
0 1074 237 194 5 1 3 0 0 3
0 4 0 2 1 0 0 1
cfn=(1934)
calls=1 0 
0 9 4 2
0 11 9

fn=(2110)
0 240 16 112 4 0 0 2
cfn=(1910)
calls=16 0 
0 4464 976 976 9 0 33 0 0 33
0 64 0 32
cob=(2)
cfi=(51)
cfn=(1824)
calls=16 0 
0 256 48 0 1 5 0 0 1
0 96 16 16 1 0 0 1
cob=(2)
cfi=(51)
cfn=(1912)
calls=16 0 
0 1224 240 176
0 32 0 16
cob=(2)
cfi=(51)
cfn=(1824)
calls=16 0 
0 344 60 0 0 2 0 0 2
0 96 16 16
cob=(2)
cfi=(51)
cfn=(1912)
calls=16 0 
0 5335 1138 844 3 0 14 0 0 14
0 112 0 32 1 0 0 1
cfn=(1886)
calls=16 0 
0 912 224 160
0 32 0 16
cob=(2)
cfi=(51)
cfn=(1824)
calls=16 0 
0 256 48
0 128 16 16
cob=(2)
cfi=(51)
cfn=(1970)
calls=16 0 
0 2354 512 356 3 0 4 0 0 4
0 48 0 16 2 0 0 1
cob=(2)
cfi=(51)
cfn=(1944)
calls=16 0 
0 2360 546 386 8 0 4 0 0 4
0 66 22 6
cob=(2)
cfi=(51)
cfn=(1950)
calls=6 0 
0 594 186 90 1
0 48 0 16
cfn=(2100)
calls=16 0 
0 1498 280 272 36 3 0 3
0 513 192 70 9 0 0 3
cob=(2)
cfi=(51)
cfn=(1888)
calls=11 0 
0 202 44 22
0 122 64 37 5 0 0 2

fn=(2278)
0 14463 2231 2492 21 142 357 7 0 6
cob=(2)
cfi=(51)
cfn=(1950)
calls=27 0 
0 3287 1001 465 0 49 11
0 17052 4392 4299 5 2 675 2 0 2
cob=(2)
cfi=(51)
cfn=(1004)
calls=33 0 
0 7068 1274 965 11 50 30 0 0 10
0 555 97 31 3 0 7 1

fn=(2312)
0 110 28 13 2 0 0 1
cob=(2)
cfi=(51)
cfn=(1950)
calls=2 0 
0 198 62 30
0 11 11

fn=(2342)
0 14 1 7 1 0 0 1
cob=(2)
cfi=(51)
cfn=(2298)
calls=1 0 
0 58 15 6 0 0 1
0 16 8 2 1 0 0 1
cob=(2)
cfi=(51)
cfn=(2298)
calls=1 0 
0 60 15 6 2 1
0 5 0 1 1 0 0 1
cob=(2)
cfi=(51)
cfn=(2298)
calls=1 0 
0 58 15 6 0 1 0 0 1
0 5 0 1
cob=(2)
cfi=(51)
cfn=(2298)
calls=1 0 
0 65 15 6 0 1
0 4

fn=(3928)
0 8 3 0 1 1

fn=(3952)
0 66 18 2 5 6 0 5

fn=(3976)
0 18 7 7 3 0 0 2

fn=(2586)
0 26 2 12 2 0 0 2
cob=(2)
cfi=(51)
cfn=(2294)
calls=2 0 
0 79 16 5 4 2
0 36 14 4 2 0 0 2
cob=(2)
cfi=(51)
cfn=(2102)
calls=2 0 
0 52 14 12 4
0 21 5 1 2 0 0 2
cfn=(2588)
calls=1 0 
0 113 29 20 7 2 0 3
0 26 8 0 2 0 0 2

fn=(2668)
0 453 27 141 7 14 0 3
cob=(2)
cfi=(51)
cfn=(2102)
calls=3 0 
0 147 27 24
0 297 117 42 13 0 0 3
cob=(2)
cfi=(51)
cfn=(2102)
calls=9 0 
0 441 81 72
0 237 81 48 3 5
cob=(2)
cfi=(51)
cfn=(2102)
calls=15 0 
0 390 105 90 1
0 84 15 0 6 0 0 1

fn=(2688)
0 45 27 0 3 0 0 1

fn=(2694)
0 162 60 6 6 6 0 2
cob=(2)
cfi=(51)
cfn=(2306)
calls=6 0 
0 99 24 0 10 2
0 24 6

fn=(2858)
0 12 2 4 2 0 0 2
cfn=(2804)
calls=1 0 
0 10 4 2
0 7 1 2
cob=(2)
cfi=(51)
cfn=(1912)
calls=1 0 
0 53 11 8 5
0 3 3 1 1 0 0 1
cfn=(2860)
calls=1 0 
0 45 22 8 5 0 0 5
0 2 0 1
cfn=(2854)
calls=1 0 
0 238 75 42 2 0 0 2
0 9 3 1 1
cfn=(2804)
calls=1 0 
0 10 4 2
0 7 6
cfn=(3114)
calls=1 0 
0 3001 750 421 32 0 4 4 0 4
0 8 0 4 1
cfn=(2804)
calls=4 0 
0 398 130 72
0 8 0 4
cfn=(2854)
calls=4 0 
0 952 300 168
0 59 12 5 2 0 0 2
cfn=(2862) void rapidjson::GenericReader<rapidjson::UTF8<char>, rapidjson::UTF8<char>, rapidjson::CrtAllocator>::ParseString<274u, rapidjson::BasicIStreamWrapper<std::istream>, stan::json::RapidJSONHandler<stan::json::json_data_handler> >(rapidjson::BasicIStreamWrapper<std::istream>&, stan::json::RapidJSONHandler<stan::json::json_data_handler>&, bool)
calls=5 0 
0 79638 23024 14403 814 159 112 535 46 86
0 25 5 5 1
cfn=(2854)
calls=5 0 
0 75 25 10 2 2
0 40 15 5
cfn=(2804)
calls=5 0 
0 587 191 106 29 1
0 10 0 5
cfn=(2854)
calls=5 0 
0 130 40 20 0 0 1
0 35 5 5 1 0 0 1
cfn=(2857)
calls=5 0 
0 260714 70125 41943 197 23 33 115 14 29
0 25 5 5
cfn=(2854)
calls=5 0 
0 1531 438 207 65 32 0 3
0 37 15

fn=(2862)
0 95 15 45 4 0 0 2
cfn=(2804)
calls=5 0 
0 229 77 42
0 250 70 25 2 0 0 1
cfn=(2864)
calls=15 0 
0 1855 590 415 23 3 1 9 1 1
0 95 45 5 2 0 0 1
cfn=(2804)
calls=5 0 
0 50 20 10
0 15 5 5 2 0 0 1
cfn=(2866)
calls=5 0 
0 90 30 20
0 120 40 25 1 2 0 1
cfn=(1822)
calls=5 0 
0 392 86 64 6 1 0 0 1
0 20 5 5
cfn=(2870) stan::json::json_data_handler::key(std::__cxx11::basic_string<char, std::char_traits<char>, std::allocator<char> > const&)
calls=5 0 
0 75887 21935 13673 760 153 110 519 44 85
0 35 5 5 2 0 0 1
cfn=(1916)
calls=5 0 
0 490 96 64 12 0 1
0 15 5

fn=(2870)
0 155 30 52 10 0 0 3
cfn=(2872)
calls=4 0 
0 88 32 32
0 9 0 2 1 0 0 1
cfn=(2872)
calls=1 0 
0 22 8 8 2 0 0 2
0 39 18 8
cfn=(1908)
calls=4 0 
0 162 47 34
0 49 8 9 5 0 0 2
cfn=(2872)
calls=5 0 
0 494 116 94 14 0 0 1
0 20 0 5
cfn=(3042)
calls=5 0 
0 487 140 47 1
0 114 55 4 8 0 0 1
cfn=(3088)
calls=4 0 
0 34844 8937 4936 132 5 35 73 0 35
0 8 0 1 1 0 0 1
cfn=(2874)
calls=1 0 
0 194 43 35 10 0 0 9
0 99 17 40 8 1 0 2 1
cfn=(3014)
calls=5 0 
0 6842 1866 1252 150 10 10 89 3 10
0 15 0 10 2 0 0 1
cfn=(3040)
calls=5 0 
0 625 195 95 2 0 0 2
0 60 15 10
cfn=(3042)
calls=5 0 
0 501 140 47 5 1 0 3
0 18 0 1 4 0 0 2
cob=(2)
cfi=(51)
cfn=(1876)
calls=1 0 
0 19 7 2 2
0 7 0 2
cob=(2)
cfi=(51)
cfn=(1004)
calls=1 0 
0 199 38 30 0 1 1 0 0 1
0 6 0 4 1 0 1 1 0 1
cob=(2)
cfi=(51)
cfn=(1004)
calls=1 0 
0 59 15 8 0 1
0 5 0 3
cob=(2)
cfi=(51)
cfn=(2876)
calls=1 0 
0 27 11 6 4 1 0 1
0 2 0 1
cob=(2)
cfi=(51)
cfn=(2876)
calls=1 0 
0 27 11 6
0 5 0 2 1 0 0 1
cob=(2)
cfi=(51)
cfn=(2878)
calls=1 0 
0 9 4 1 3 1 0 1
0 3 1 1
cob=(2)
cfi=(51)
cfn=(2882) 0x0000000000120510
calls=1 0 
0 22 8 3 2
0 2 1 1
cob=(2)
cfi=(51)
cfn=(2884) 0x00000000001200c0
calls=1 0 
0 21 10 2 0 2
0 3 1 2
cob=(2)
cfi=(51)
cfn=(2886) 0x0000000000120850
calls=1 0 
0 185 63 31 14 11 0 10 2
0 4 1 1 1 0 0 1
cob=(2)
cfi=(51)
cfn=(2892) 0x0000000000120660
calls=1 0 
0 183 63 31 3 0 0 3
0 3 1 2
cob=(2)
cfi=(51)
cfn=(2896) 0x0000000000120450
calls=1 0 
0 124 44 23 2 5 0 2
0 3 1 2
cob=(2)
cfi=(51)
cfn=(2680)
calls=1 0 
0 10 5 1
0 2 0 1
cob=(2)
cfi=(51)
cfn=(994)
calls=1 0 
0 38 10 4 4 3 0 0 1
0 6 1 1 1 0 0 1
cfn=(2900)
calls=1 0 
0 12184 5904 4576 137 89 35 92 27 24
0 2 0 1
cob=(2)
cfi=(51)
cfn=(1028)
calls=1 0 
0 24 5 3
0 2 0 1
cob=(2)
cfi=(51)
cfn=(2680)
calls=1 0 
0 10 5 1
0 2 1 1
cob=(2)
cfi=(51)
cfn=(2680)
calls=1 0 
0 10 5 1
0 6 2 3 1 0 0 1
cob=(2)
cfi=(51)
cfn=(1004)
calls=1 0 
0 203 39 30 2 0 1 0 0 1
0 68 3 52 3 0 5 3 0 5
cob=(2)
cfi=(51)
cfn=(1004)
calls=1 0 
0 203 39 30
0 34 7 19 3 0 0 3
cfn=(2962)
calls=1 0 
0 236 51 19 8 6 0 8 3
0 6 2 2 1 0 0 1
cfn=(2962)
calls=1 0 
0 234 51 19 0 1 0 0 1
0 6 2 2
cfn=(2962)
calls=1 0 
0 253 55 19 0 2
0 6 2 2 1 0 0 1
cfn=(2962)
calls=1 0 
0 256 57 19 0 1
0 6 2 2
cfn=(2962)
calls=1 0 
0 283 63 19 0 1
0 27 4 16 3 1 0 3
cfn=(2968)
calls=1 0 
0 136 33 23 7 2 0 6
0 8 2 3 1 0 0 1
cfn=(2972)
calls=1 0 
0 6942 1704 817 89 3 15 82 1 2
0 4 0 2
cfn=(2998)
calls=1 0 
0 28 12 3 4 0 0 4
0 19 6 3 2 0 0 2
cfn=(3000)
calls=1 0 
0 4225 774 359 53 5 1 53 5
0 20 6 4 2 0 0 2
cob=(2)
cfi=(51)
cfn=(1324)
calls=1 0 
0 77 15 15
0 2 0 1
cob=(2)
cfi=(51)
cfn=(1880)
calls=1 0 
0 8 4 1
0 17 1 5 1 0 0 1
cfn=(3044)
calls=5 0 
0 1889 498 291 32 0 0 26
0 20 0 10 1 0 0 1
cfn=(3050)
calls=5 0 
0 2602 618 401 16 0 6 16 0 6
0 10 0 5

fn=(2904)
0 56 1 41 2 0 4 2 0 4
cfn=(2906)
calls=1 0 
0 242 57 45 8 2 2 4 1 1
0 6811 4451 3628 5 39 0 5 20

fn=(2906)
0 16 0 8 1 0 0 1
cob=(2)
cfi=(51)
cfn=(994)
calls=2 0 
0 76 20 8 0 1 0 0 1
0 24 6 4 1 0 0 1
cfn=(1908)
calls=2 0 
0 66 16 14
0 4 0 2
cob=(2)
cfi=(51)
cfn=(1028)
calls=2 0 
0 48 10 6 4 1
0 13 8 1 1 0 0 1
cob=(2)
cfi=(51)
cfn=(1876)
calls=1 0 
0 19 7 2
0 10 1 4 1 0 0 1
cob=(2)
cfi=(51)
cfn=(1324)
calls=1 0 
0 77 15 15 0 0 2 0 0 1
0 2 0 1
cob=(2)
cfi=(51)
cfn=(1880)
calls=1 0 
0 8 4 1
0 1

fn=(2974)
0 56 25 6 3 1 0 3 1
cfn=(2994)
calls=1 0 
0 243 63 52 19 2 4 13
0 21 9 1 3 0 0 3
cfn=(2976)
calls=2 0 
0 6561 1585 749 60 0 11 59 0 2

fn=(3016)
0 520 105 70 11 0 0 10

fn=(3096)
0 233 28 83 2 0 2 2 0 2
cob=(2)
cfi=(51)
cfn=(1004)
calls=13 0 
0 895 223 135 2 8 4 0 0 3
0 206 28 41 1 0 0 1
cob=(2)
cfi=(51)
cfn=(1948)
calls=13 0 
0 464 124 89 4 16 10
0 99 56 14

fn=(3130)
0 268 48 50 2 0 0 2
cob=(2)
cfi=(51)
cfn=(1950)
calls=8 0 
0 792 248 120
0 34 6 14 1 0 0 1
cob=(2)
cfi=(51)
cfn=(1004)
calls=6 0 
0 642 138 92 0 0 1 0 0 1
0 24 0 6 1 0 0 1
cfn=(3126)
calls=6 0 
0 198 36 30
0 42 30 12

fn=(3238)
0 18 1 11 3 0 0 3
cfn=(2714)
calls=1 0 
0 258 56 51 3 1 6
0 6 1 3 1 0 1 1
cob=(2)
cfi=(51)
cfn=(1004)
calls=1 0 
0 219 44 39 0 0 3
0 17 4 6 1 0 0 1
cfn=(3022)
calls=1 0 
0 12 4 2 2
0 12 10 0 1 0 0 1

fn=(3244)
0 96 0 48 4 0 0 2
cob=(2)
cfi=(51)
cfn=(1824)
calls=8 0 
0 128 24 0 0 3 0 0 1
0 64 8 32 0 3
cob=(2)
cfi=(51)
cfn=(2944)
calls=8 0 
0 936 232 136 8 2 0 1
0 64 8 8 2 0 0 1
cob=(2)
cfi=(51)
cfn=(1970)
calls=8 0 
0 364 96 56 3 1
0 32 16 8
cob=(2)
cfi=(51)
cfn=(1970)
calls=8 0 
0 330 84 48
0 56 48

fn=(3376)
0 23 1 11 2 0 0 2
cob=(2)
cfi=(51)
cfn=(1824)
calls=1 0 
0 16 3
0 4 0 1 1 0 0 1
cfn=(1886)
calls=1 0 
0 57 14 10
0 3 0 1
cfn=(2348)
calls=1 0 
0 110 31 16
0 9 2 3
cob=(2)
cfi=(51)
cfn=(1824)
calls=1 0 
0 16 3
0 4 0 1 1 0 0 1
cfn=(1886)
calls=1 0 
0 57 14 10
0 4 1 1
cfn=(2576)
calls=1 0 
0 135 40 18
0 9 2 3
cob=(2)
cfi=(51)
cfn=(1824)
calls=1 0 
0 16 3
0 4 0 1 1 0 0 1
cfn=(1886)
calls=1 0 
0 55 14 10
0 4 1 1
cfn=(2580)
calls=1 0 
0 362 95 51
0 9 2 3 1 0 0 1
cob=(2)
cfi=(51)
cfn=(1824)
calls=1 0 
0 16 3
0 4 0 1
cfn=(1886)
calls=1 0 
0 60 14 10
0 4 1 1
cfn=(2576)
calls=1 0 
0 138 40 18
0 3 1 1
cfn=(2584)
calls=1 0 
0 425 111 64
0 20 5 1 2 0 0 2
cob=(2)
cfi=(51)
cfn=(2280)
calls=1 0 
0 215 66 36
0 12 10 0 1 0 0 1

fn=(3388)
0 46 8 30 5 0 0 5
cfn=(3390)
calls=1 0 
0 105 26 15 4 0 0 4
0 11 2 3 1 0 0 1
cfn=(3392)
calls=1 0 
0 6813 1250 1555 104 19 381 39 0 378
0 2 0 1
cob=(2)
cfi=(51)
cfn=(1004)
calls=1 0 
0 451 80 62 1 2 2
0 104 24 31 14 0 0 14
cfn=(2850)
calls=1 0 
0 4 1 0 2
0 19 7 1 2 4 1 2
cfn=(3808)
calls=1 0 
0 609 186 84 8 6 1 3
0 8 1 1 1 1
cob=(2)
cfi=(51)
cfn=(1950)
calls=1 0 
0 99 31 15
0 72 42 20 7 6 1 7
cfn=(3400)
calls=1 0 
0 13946305090 3447866360 2239578562 2884404 305419714 144636308 192729 59328 175231
0 3 0 0 1

fn=(3528)
0 561005 169070 69165 7625 7685 0 1956

fn=(3534)
0 499909250 230742125 76850000 7770 57906475 0 2121

fn=(3548)
0 30740 15370

fn=(3584)
0 16 3 0 2 0 0 1
cfn=(3586)
calls=1 0 
0 600 150 77 27 10 0 15

fn=(3588)
0 8 0 3 2 0 0 2
cfn=(3090)
calls=1 0 
0 114 25 9 5 3 0 2
0 9 3

fn=(3644)
0 553248 192100 107576 34145 84524 0 52

fn=(3704)
0 27 3 5 2 0 0 2
cob=(2)
cfi=(51)
cfn=(1004)
calls=1 0 
0 374 60 54 2 4 2 0 0 1
0 58 10 8 1 1 4 1
cob=(2)
cfi=(51)
cfn=(1950)
calls=1 0 
0 99 31 15 0 2
0 70 19 16 2 3 0 2

fn=(3716)
0 2480 240 1040 240 70 219 3
cfn=(3600)
calls=80 0 
0 203280 40880 40480 43 8949 6041
0 560 80 160
cfn=(3624)
calls=80 0 
0 9089414 1801108 986608 1846 13380 10258 66 17
0 400 80 80 80 80 0 1
cfn=(3630)
calls=80 0 
0 137706151 33723048 22185791 26172 2890330 1340408 9774
0 320 0 160 80
cfn=(3620)
calls=80 0 
0 301193 79327 76121 435 30919 26002
0 320 0 160
cfn=(3620)
calls=80 0 
0 293080 78640 75520 0 29941 30360
0 320 0 160 80 0 80 1
cfn=(3620)
calls=80 0 
0 273995 75662 73330 149 30680 30232
0 240 0 80
cfn=(3620)
calls=80 0 
0 275416 75487 73048 0 30529 30374
0 480 0 240 0 0 160
cfn=(3622)
calls=80 0 
0 91622 25199 24296 0 10160 10160
0 720 160 320 80 0 80 1
cfn=(3598)
calls=80 0 
0 29112 4879 4136 240 99 80 3
0 243280 80960 40400 220 10265 10050 3
cfn=(3622)
calls=80 0 
0 90942 25199 24296 0 129 10120
0 480 80 160 41 40 40 1
cfn=(3622)
calls=80 0 
0 90452 25199 24296 0 1259 10080
0 480 80 160 0 0 50
cfn=(3622)
calls=80 0 
0 91326 25004 24215 67 3558 10080
0 320 0 160 80 0 40 1
cfn=(3622)
calls=80 0 
0 86280 24610 23840 0 4993 10120
0 400 0 160 0 0 50
cfn=(3622)
calls=80 0 
0 88140 24300 23710 101 3440 10120
0 400 0 160 76 0 0 1
cfn=(3622)
calls=80 0 
0 80602 23680 23120 0 2787 10080
0 720 80 320 0 80 40
cfn=(3598)
calls=80 0 
0 18320 3360 2960 0 80 80 0 0 1
0 202720 40640 40320 201 3498 10000 3 0 124
cfn=(3646)
calls=80 0 
0 223680 121120 0 284 10240 0 12
0 5920 656 1968 112 282 280 2
cfn=(3718)
calls=496 0 
0 1174709 30278 276434 2186 1020 43170 4 0 126
0 4960 496 1984 439 0 254 1
cfn=(3718)
calls=496 0 
0 1172274 29899 275475 515 657 57514 0 0 126
0 28848 4792 2842 1954 2882 407 6 1
cfn=(3600)
calls=246 0 
0 625086 125706 124476 99 31217 31242
0 1230 246 246
cfn=(3600)
calls=246 0 
0 625086 125706 124476 0 31242 30996
0 1968 0 738 232 0 369 1
cfn=(3600)
calls=246 0 
0 625086 125706 124476 0 31212 30996
0 1476 738 492 246 246 0 1
cfn=(3600)
calls=246 0 
0 625086 125706 124476 0 31488 31083
0 984 492 246 0 246
cfn=(3600)
calls=246 0 
0 625086 125706 124476 0 31636 31035
0 984 492 246 41 399 0 1
cfn=(3600)
calls=246 0 
0 625086 125706 124476 0 31039 30996
0 4428 2214 1722 146 399 246 1
cfn=(3720)
calls=246 0 
0 6722034126 1662961843 1079713521 1285706 148090961 69937296 84504 29399 72921
0 1476 246 246 492 246 246 1
cfn=(3600)
calls=246 0 
0 625086 125706 124476 0 31524 31094
0 984 246 246 0 123
cfn=(3600)
calls=246 0 
0 625086 125706 124476 0 31242 30996
0 984 492 246 0 369
cfn=(3600)
calls=246 0 
0 625086 125706 124476 0 31119 31089
0 3852 1210 963 489 924 482 1
cfn=(3600)
calls=235 0 
0 597135 120085 118910 0 30174 29650
0 940 0 235 235 0 0 1
cfn=(3600)
calls=235 0 
0 597135 120085 118910 0 29610 29666
0 940 0 235
cfn=(3600)
calls=235 0 
0 597135 120085 118910 0 29724 29610
0 1479764 493803 244856 3778 125584 60732 9
cfn=(3732)
calls=482 0 
0 1104744 487302 0 312 61280 0 4
0 7758 482 1492 964 234 498 2
cfn=(3582)
calls=482 0 
0 198282 32220 26870 2224 8051 3018
0 1469136 488266 244374 1446 121405 59833 3
cfn=(3732)
calls=482 0 
0 1104744 487302 0 0 60601
0 1470105 489712 243415 1928 122405 0 4
cfn=(3732)
calls=482 0 
0 1104744 487302 0 0 61266
0 1460 7 7 482 0 0 1
cob=(2)
cfi=(51)
cfn=(3136)
calls=7 0 
0 1134 329 147 0 107 15
0 59 0 59
cob=(2)
cfi=(51)
cfn=(3136)
calls=59 0 
0 9675 2815 1251 0 896 150
0 160 80 80 14
cob=(2)
cfi=(51)
cfn=(3136)
calls=80 0 
0 12926 3795 1734 0 438 67
0 160 0 80
cob=(2)
cfi=(51)
cfn=(3136)
calls=80 0 
0 10817 3072 1528 1 97 51
0 960 320 160 80 114 80 1
cfn=(3656)
calls=80 0 
0 611680 123040 121840 0 30644 30320
0 160 0 80
cfn=(3646)
calls=80 0 
0 223680 121120 0 0 10676
0 1200 320 320 143 200 240 2
cfn=(3622)
calls=80 0 
0 93410 25663 24752 88 11769 10392
0 320 160 160 0 80
cob=(2)
cfi=(51)
cfn=(3136)
calls=80 0 
0 16926 5206 2135 3 929 80
0 160 80 80
cob=(2)
cfi=(51)
cfn=(3136)
calls=80 0 
0 15896 4814 1980 0 80 80
0 160 80 80
cob=(2)
cfi=(51)
cfn=(3136)
calls=80 0 
0 16547 5026 2038 0 72 62
0 160 80 80 80 40 0 1
cob=(2)
cfi=(51)
cfn=(3136)
calls=80 0 
0 22520 6845 2808 0 155 2
0 160 80 80 0 40
cob=(2)
cfi=(51)
cfn=(3136)
calls=80 0 
0 13550 4002 1782 0 71 40
0 160 80 80
cob=(2)
cfi=(51)
cfn=(3136)
calls=80 0 
0 24617 7269 3124 16 139 2
0 160 80 80
cob=(2)
cfi=(51)
cfn=(3136)
calls=80 0 
0 11822 3409 1618 0 98 31
0 160 80 80 0 40
cob=(2)
cfi=(51)
cfn=(3136)
calls=80 0 
0 12960 3760 1680 0 80 31
0 160 80 80 0 40
cob=(2)
cfi=(51)
cfn=(3136)
calls=80 0 
0 12960 3760 1680 0 80 31
0 160 80 80 80 0 0 1
cfn=(3658)
calls=80 0 
0 39680 11600 5280 4 299 93
0 160 0 80
cfn=(3658)
calls=80 0 
0 39353 11566 5316 0 432 140
0 160 80 80
cfn=(3658)
calls=80 0 
0 39680 11600 5280 0 320 147
0 160 80 80
cfn=(3658)
calls=80 0 
0 41253 12174 5460 0 376 147
0 2210 1050 250 330 184 0 2
cfn=(3600)
calls=250 0 
0 635250 127750 126500 141 31840 31750
0 1250 250 250 236 0 0 1
cfn=(3600)
calls=250 0 
0 635250 127750 126500 0 31750 31500
0 2000 0 750 250 0 381 1
cfn=(3600)
calls=250 0 
0 635250 127750 126500 0 31631 31500
0 1500 500 500 0 90
cfn=(3600)
calls=250 0 
0 635250 127750 126500 0 31881 31593
0 1000 500 250 250 250 0 1
cfn=(3600)
calls=250 0 
0 635250 127750 126500 0 31750 31585
0 1250 500 250 0 131
cfn=(3600)
calls=250 0 
0 635250 127750 126500 0 31500 31500
0 4500 2250 1750 399 750 250 2
cfn=(3720)
calls=250 0 
0 6908572002 1709139444 1109702850 1320799 152225508 71869074 95583 29501 85556
0 1500 250 250 250 250 250
cfn=(3600)
calls=250 0 
0 635250 127750 126500 0 32050 31590
0 1000 250 250 0 131
cfn=(3600)
calls=250 0 
0 635250 127750 126500 0 31750 31500
0 1000 500 250 65 381 0 1
cfn=(3600)
calls=250 0 
0 635250 127750 126500 0 31631 31500
0 2044 525 758 68 22 13 1
cob=(2)
cfi=(51)
cfn=(3424)
calls=247 0 
0 13832 4446 494 0 1482 113 0 1
0 11287 2124 682 402 724 12 5
cfn=(3656)
calls=219 0 
0 1674474 336822 333537 0 84074 83007
0 1746 655 436 436 451 0 1
cfn=(3732)
calls=436 0 
0 999312 440796 0 0 54936
0 3175 477 913 44
cfn=(3732)
calls=477 0 
0 1093284 482247 0 0 60579
0 4302 1437 957 57 480 0 1
cfn=(3732)
calls=480 0 
0 1100160 485280 0 0 60859
0 3281 950 416 41 0 0 1
cob=(2)
cfi=(51)
cfn=(3136)
calls=416 0 
0 64857 18765 8578 0 6181 987
0 832 416 416
cob=(2)
cfi=(51)
cfn=(3136)
calls=416 0 
0 66032 19262 8812 0 984 332
0 832 0 416
cob=(2)
cfi=(51)
cfn=(3136)
calls=416 0 
0 59773 17140 8240 104 473 296
0 3598 832 705 510 416 0 3
cob=(2)
cfi=(51)
cfn=(3424)
calls=235 0 
0 13196 4233 470 47 1411 121 5 2
0 1880 470 470 235 235 0 1
cob=(2)
cfi=(51)
cfn=(3468)
calls=235 0 
0 22674 3464 0 7 1624 0 2 1
0 717 235 247 247
cob=(2)
cfi=(51)
cfn=(3424)
calls=247 0 
0 13832 4446 494 0 1314
0 1482 247 247 211 247
cob=(2)
cfi=(51)
cfn=(3468)
calls=247 0 
0 23502 3621 0 3 1701
0 647 0 0 67 0 0 1

fn=(3814)
0 60 26 11 2 15 0 2
cfn=(3900)
calls=1 0 
0 1852 535 232 4 24 0 4
cfn=(3894)
calls=1 0 
0 1900 548 236 6 22 0 6
cfn=(3892) cmdstan::arg_pathfinder::~arg_pathfinder()
calls=1 0 
0 6201 1796 763 3 78 0 3
cfn=(3888)
calls=1 0 
0 1226 355 156 5 15 0 5
cfn=(3878)
calls=1 0 
0 1637 469 200 17 20 0 17
cfn=(3868)
calls=1 0 
0 5111 1473 625 18 61 0 18
cfn=(3856)
calls=1 0 
0 7328 2114 901 23 98 0 23
cfn=(3816) cmdstan::arg_sample::~arg_sample()
calls=1 0 
0 9606 2832 1298 70 146 2 69
0 34 10 2 1 0 0 1
cob=(2)
cfi=(51)
cfn=(1950)
calls=1 0 
0 120 35 14
0 19 4 3 2 1 1 2
cob=(2)
cfi=(51)
cfn=(1950)
calls=1 0 
0 120 35 14 0 1
0 10 3
cob=(2)
cfi=(51)
cfn=(1950)
calls=1 0 
0 148 44 18

fn=(3816)
0 54 23 10 2 11 0 2
cfn=(3832)
calls=1 0 
0 4681 1385 639 39 68 1 39
cfn=(3824)
calls=1 0 
0 3061 899 413 14 47 0 14
cfn=(3822)
calls=2 0 
0 559 159 71 4 8 0 4
cfn=(3820)
calls=1 0 
0 378 109 49 4 5 0 4
cfn=(3818)
calls=2 0 
0 487 142 69 5 7 1 4
0 30 9 2 1 0 0 1
cob=(2)
cfi=(51)
cfn=(1950)
calls=1 0 
0 120 35 14
0 9 2 2
cob=(2)
cfi=(51)
cfn=(1950)
calls=1 0 
0 118 35 14
0 10 3 0 1 0 0 1
cob=(2)
cfi=(51)
cfn=(1950)
calls=1 0 
0 99 31 15

fn=(3842)
0 30 11 6 2 8 0 2
cfn=(3848)
calls=1 0 
0 239 70 32 1 1 0 1
cfn=(3846) cmdstan::arg_diag_e::~arg_diag_e()
calls=1 0 
0 239 70 32 2 2 0 2
cfn=(3844)
calls=1 0 
0 239 70 32 2 2 0 2
0 19 5 2
cob=(2)
cfi=(51)
cfn=(1950)
calls=1 0 
0 120 35 14
0 19 4 3 2 2 0 2
cob=(2)
cfi=(51)
cfn=(1950)
calls=1 0 
0 120 35 14
0 10 3 0 1 0 0 1
cob=(2)
cfi=(51)
cfn=(1950)
calls=1 0 
0 99 31 15

fn=(3846)
0 12 2 3 1 1 0 1
cob=(2)
cfi=(51)
cfn=(1950)
calls=1 0 
0 120 35 14 0 1
0 8 2 0 1 0 0 1
cob=(2)
cfi=(51)
cfn=(1950)
calls=1 0 
0 99 31 15

fn=(3854)
0 12 2 3 1 1 0 1
cob=(2)
cfi=(51)
cfn=(1950)
calls=1 0 
0 120 35 14
0 8 2
cob=(2)
cfi=(51)
cfn=(1950)
calls=1 0 
0 99 31 15

fn=(3862)
0 54 23 10 2 8 0 2
cfn=(3864)
calls=1 0 
0 427 122 52 4 3 0 4
cfn=(3826)
calls=6 0 
0 1947 552 237 0 25
0 30 9 2 1 0 0 1
cob=(2)
cfi=(51)
cfn=(1950)
calls=1 0 
0 120 35 14
0 9 2 2 0 1
cob=(2)
cfi=(51)
cfn=(1950)
calls=1 0 
0 120 35 14
0 10 3 0 1 0 0 1
cob=(2)
cfi=(51)
cfn=(1950)
calls=1 0 
0 120 35 14

fn=(3892)
0 102 47 18 2 7 0 2
cfn=(3820)
calls=3 0 
0 1362 394 173 0 17
cfn=(3822)
calls=5 0 
0 1951 558 236 0 21
cfn=(3864)
calls=1 0 
0 427 122 52 0 4
cfn=(3826)
calls=6 0 
0 1947 552 237 0 29
0 54 17 2
cob=(2)
cfi=(51)
cfn=(1950)
calls=1 0 
0 99 31 15
0 9 2 2 1 0 0 1
cob=(2)
cfi=(51)
cfn=(1950)
calls=1 0 
0 120 35 14
0 10 3
cob=(2)
cfi=(51)
cfn=(1950)
calls=1 0 
0 120 35 14

fn=(4070) stan::math::ad_tape_observer::~ad_tape_observer()
0 26 0 16 1 0 2 1
cob=(2)
cfi=(51)
cfn=(1030)
calls=2 0 
0 1002 341 187 10 13 0 3
0 31 11 1 2 6 0 2
cob=(2)
cfi=(51)
cfn=(1950)
calls=1 0 
0 120 35 14 0 1
0 6 2 1
cob=(2)
cfi=(51)
cfn=(1950)
calls=1 0 
0 120 35 14 0 1
0 6 2 1 0 1
cob=(2)
cfi=(51)
cfn=(1950)
calls=1 0 
0 120 35 14
0 22 6 5 1 2 0 1
cob=(2)
cfi=(51)
cfn=(3136)
calls=4 0 
0 2984 744 451 8 49 1 5
0 18 6 1 1 0 0 1
cob=(2)
cfi=(51)
cfn=(1950)
calls=1 0 
0 118 35 14 0 2
0 6 2 1
cob=(2)
cfi=(51)
cfn=(1950)
calls=1 0 
0 120 35 14 0 1
0 6 2 1 1 1 0 1
cob=(2)
cfi=(51)
cfn=(1950)
calls=1 0 
0 120 35 14
0 6 2 1
cob=(2)
cfi=(51)
cfn=(1950)
calls=1 0 
0 118 35 14
0 6 2 1
cob=(2)
cfi=(51)
cfn=(1950)
calls=1 0 
0 120 35 14
0 9 3 1 1 0 0 1
cob=(2)
cfi=(51)
cfn=(1950)
calls=1 0 
0 584 152 84 1 5
0 6 2 1
cob=(2)
cfi=(51)
cfn=(1950)
calls=1 0 
0 99 31 15 0 1
0 3 0 1
cob=(2)
cfi=(51)
cfn=(1950)
calls=1 0 
0 99 31 15
0 4 0 2
cob=(2)
cfi=(51)
cfn=(1950)
calls=1 0 
0 118 35 14 0 1
0 3 0 1 1 0 0 1
cob=(2)
cfi=(51)
cfn=(1950)
calls=1 0 
0 120 35 14
0 6 0 2
cob=(2)
cfi=(51)
cfn=(1950)
calls=2 0 
0 240 70 28
0 14 4 2 1 0 0 1
cob=(2)
cfi=(51)
cfn=(1020)
calls=2 0 
0 42 6 8 3 1 2 1
0 18 4 6
cob=(2)
cfi=(51)
cfn=(1950)
calls=2 0 
0 236 70 28
0 24 16 2 1 0 0 1

ob=(2)
fl=(51)
fn=(562)
0 6 1 1 1 1 1 1
cob=(5)
cfi=(168)
cfn=(566)
calls=1 0 
0 12 1 0 3 0 0 3
0 1 0 1
cob=(5)
cfi=(168)
cfn=(574)
calls=1 0 
0 5 2 0 2 0 0 2
0 2 1

fn=(660) 0x00000000049410d0
0 19158 9579 0 7885 7815 0 1
cob=(3)
cfi=(177)
cfn=(664)
calls=9579 3287 
0 633583 140043 89247 9463 55731 1191 92 7 412
cob=(1)
cfi=(164)
cfn=(540)
calls=1 67 
0 899 314 147 0 5 0 0 1
0 5 2 2 1 0 0 1

fn=(910) 0x00000000048539b0
0 2 1 0 1 0 0 1
cob=(3)
cfi=(202) ./nptl/./nptl/pthread_mutexattr_settype.c
cfn=(912) pthread_mutexattr_settype@@GLIBC_2.34
calls=1 24 
0 13 2 1 1 0 0 1

fn=(952) 0x0000000004853dc0
0 4 2 0 1 0 0 1
cob=(3)
cfi=(176) ./stdlib/./stdlib/cxa_atexit.c
cfn=(638) __cxa_atexit
calls=2 69 
0 150 28 30 0 3 2 0 0 1
cob=(1)
cfi=(164)
cfn=(540)
calls=1 67 
0 996 323 147 2 15 0 0 2
0 5 2 2 1 0 0 1

fn=(994)
0 14 7 0 4 3 0 1
cob=(3)
cfi=(189)
cfn=(854)
calls=7 77 
0 252 63 28 6 9 0 0 2

fn=(1154) 0x0000000004bfd3d0
0 4 2 0 1 1 0 1
cob=(1)
cfi=(225)
cfn=(1158)
calls=2 84 
0 616 126 82 3 2 2 3 2 2
cob=(1)
cfi=(164)
cfn=(540)
calls=1 67 
0 1013 330 145 1 20 19 0 1 16
0 5 2 2 2 0 0 1

fn=(1240) 0x0000000004853cc0
0 4 2 0 1 1 0 1
cob=(3)
cfi=(253) ./posix/../sysdeps/unix/sysv/linux/x86/sysconf.c
cfn=(1244) sysconf
calls=2 32 
0 501 89 50 42 9 0 40 6
cob=(1)
cfi=(164)
cfn=(540)
calls=1 67 
0 853 302 142 9 16 0 0 5
0 5 2 2 1 0 0 1

fn=(1694) 0x0000000004940690
0 2 1 0 0 1
cob=(7)
cfi=(175)
cfn=(1698) std::locale::locale(std::locale::_Impl*)
calls=1 0 
0 3 1 1 1 0 0 1
cob=(1)
cfi=(164)
cfn=(540)
calls=1 67 
0 819 260 132 0 9 0 0 2
0 5 2 2

fn=(1720) 0x0000000004942880
0 47110 23555 0 7788 7779 0 1
cob=(7)
cfi=(175)
cfn=(1724) std::locale::operator=(std::locale const&)
calls=23555 0 
0 471100 164885 70665 18072 0 0 3
cob=(1)
cfi=(164)
cfn=(540)
calls=1 67 
0 771 254 132 0 7
0 5 2 2 1 0 0 1

fn=(1726) 0x0000000004942d50
0 63040 31520 0 5 15504
cob=(7)
cfi=(175)
cfn=(1730) std::locale::~locale()
calls=31520 0 
0 252160 126080 31520 15 1992 0 1
cob=(1)
cfi=(164)
cfn=(540)
calls=1 67 
0 779 255 132 0 7
0 5 2 2

fn=(1888)
0 111906 55953 0 48 26444 0 41
cob=(3)
cfi=(231) ./string/../sysdeps/x86_64/multiarch/memmove-vec-unaligned-erms.S
cfn=(1140) __memcpy_avx_unaligned_erms
calls=55953 307 
0 42100806 13751371 13588285 5860 3578609 6106150 3 560 34340

fn=(1928) 0x00000000049426e0
0 1284 642 0 48 50 0 1
cob=(7)
cfi=(175)
cfn=(1932) std::__cxx11::basic_string<char, std::char_traits<char>, std::allocator<char> >::_M_create(unsigned long&, unsigned long)
calls=642 0 
0 145508 26065 19624 1644 973 518 2 0 119
cob=(1)
cfi=(164)
cfn=(540)
calls=1 67 
0 1154 303 132 0 9 3
0 5 2 2 1 0 0 1

fn=(1954) 0x00000000049412e0
0 19070 9535 0 15 7885
cob=(7)
cfi=(175)
cfn=(1958) operator delete(void*)
calls=9535 0 
0 943098 291149 148406 890 36913 246 12 1 1
cob=(1)
cfi=(164)
cfn=(540)
calls=1 67 
0 659 240 132 0 9
0 5 2 2 1

fn=(2332)
0 2 1 0 1 1 0 1
cob=(3)
cfi=(260) ./stdlib/../stdlib/strtol.c
cfn=(2320) strtol
calls=1 105 
0 240 26 11

fn=(2404) 0x0000000004853980
0 16 8 0 0 1
cob=(3)
cfi=(177)
cfn=(664)
calls=8 3287 
0 1479 267 226 7 9 9 0 0 8

fn=(2520) 0x0000000004bfd400
0 2 1
cob=(3)
cfi=(177)
cfn=(2524) calloc
calls=1 3624 
0 237 40 37 11 1 3 9 0 3
cob=(1)
cfi=(164)
cfn=(540)
calls=1 67 
0 835 302 146 1 11
0 5 2 2 1 0 0 1

fn=(2528) 0x0000000004854100
0 2 1 0 1 1 0 1
cob=(3)
cfi=(358) ./nptl/./nptl/pthread_attr_getstack.c
cfn=(2532) pthread_attr_getstack@@GLIBC_2.34
calls=1 24 
0 9 3 2 1 0 0 1
cob=(1)
cfi=(164)
cfn=(540)
calls=1 67 
0 1016 320 142 4 14 0 0 2
0 5 2 2 2 0 0 1

fn=(2700)
0 2 1 0 1
cob=(7)
cfi=(175)
cfn=(2702) std::basic_ostream<char, std::char_traits<char> >& std::endl<char, std::char_traits<char> >(std::basic_ostream<char, std::char_traits<char> >&)
calls=1 0 
0 1834 629 327 29 45 1 6

fn=(2708) 0x0000000004942770
0 8 4 0 2 2 0 1
cob=(7)
cfi=(175)
cfn=(2646) std::ostream::flush()
calls=4 0 
0 3482 1184 570 27 94 2 10 5
cob=(1)
cfi=(164)
cfn=(540)
calls=1 67 
0 746 252 132 0 10
0 5 2 2 1 0 0 1

fn=(2709) 0x0000000004942770'2
0 2 1
cob=(7)
cfi=(175)
cfn=(2647) std::ostream::flush()'2
calls=1 0 
0 134 52 23

fn=(2844) 0x00000000049410a0
0 4 2 0 2 1 0 1
cob=(3)
cfi=(367) ./io/../sysdeps/unix/sysv/linux/read.c
cfn=(2848) read
calls=2 25 
0 16 4 0 2 0 0 1
cob=(1)
cfi=(164)
cfn=(540)
calls=1 67 
0 842 297 142 2 14 0 0 3
0 5 2 2 1 0 0 1

fn=(2884)
0 2 1 0 0 1
cob=(7)
cfi=(175)
cfn=(1748) std::ctype<char> const& std::use_facet<std::ctype<char> >(std::locale const&)
calls=1 0 
0 19 9 2 0 1

fn=(2892)
0 2 1 0 1 0 0 1
cob=(7)
cfi=(175)
cfn=(2894) std::__cxx11::messages<char> const& std::use_facet<std::__cxx11::messages<char> >(std::locale const&)
calls=1 0 
0 181 62 31 2 0 0 2

fn=(2970)
0 6 3 0 1 0 0 1
cob=(7)
cfi=(175)
cfn=(1958)
calls=3 0 
0 237 69 34 1 6 3 0 0 1

fn=(3154) 0x0000000004941af0
0 4 2 0 2 0 0 1
cob=(7)
cfi=(175)
cfn=(3158) std::basic_filebuf<char, std::char_traits<char> >::_M_terminate_output()
calls=2 0 
0 69 30 15 9 4 0 4
cob=(1)
cfi=(164)
cfn=(540)
calls=1 67 
0 1130 300 132 11 8 1 0 2
0 5 2 2 2 0 0 1

fn=(3306)
0 2 1 0 1
cob=(3)
cfi=(293) ./time/./time/gmtime.c
cfn=(3308) gmtime
calls=1 50 
0 353 41 41 31 3 2 1 0 1

fn=(3314) 0x0000000004941360
0 30 15 0 4 4 0 1
cob=(7)
cfi=(175)
cfn=(3318) std::ostream& std::ostream::_M_insert<long>(long)
calls=15 0 
0 8814 2161 1230 112 47 8 27 1
cob=(1)
cfi=(164)
cfn=(540)
calls=1 67 
0 802 259 132 0 10
0 5 2 2 1 0 0 1

fn=(3428)
0 52834 26417 0 43 19163 0 1
cob=(4)
cfi=(376)
cfn=(3430)
calls=26417 98 
0 951052 290404 15 330 62828 2 10 35

fn=(3474)
0 12 6 0 1 3 0 1
cob=(7)
cfi=(175)
cfn=(3476) std::chrono::_V2::steady_clock::now()
calls=6 0 
0 168 60 12 25 15 0 2

fn=(4246) 0x0000000004853fa0
0 2 1
cob=(7)
cfi=(175)
cfn=(2942) operator delete[](void*)
calls=1 0 
0 97 30 15 0 5
cob=(1)
cfi=(164)
cfn=(540)
calls=1 67 
0 690 249 133 0 34 11
0 5 2 2 0 1

fn=(164)
0 36 18 0 5 3 0 1
cob=(3)
cfi=(220) ./elf/./elf/dl-error-skeleton.c
cfn=(1064) _dl_catch_error
calls=17 225 
0 21251 5048 2821 307 186 50 76 12 27
cob=(1)
cfi=(52)
cfn=(166)
calls=1 225 
0 2782 596 296 110 35 33 110 35 33

fn=(648) 0x0000000004941400
0 2 1 0 1 1 0 1
cob=(7)
cfi=(175)
cfn=(652) std::future_category()
calls=1 0 
0 3 1 0 1 0 0 1
cob=(1)
cfi=(164)
cfn=(540)
calls=1 67 
0 825 258 132 0 9 0 0 1
0 5 2 2 1 0 0 1

fn=(844) 0x0000000004853bd0
0 2 1 0 1 1 0 1
cob=(3)
cfi=(187) ./dlfcn/./dlfcn/dladdr.c
cfn=(850) dladdr@@GLIBC_2.34
calls=1 25 
0 11102 2371 173 30 170 0 29 37
cob=(1)
cfi=(164)
cfn=(540)
calls=1 67 
0 915 312 147 0 22 2 0 4
0 5 2 2 1 1 0 1

fn=(886) 0x0000000004853e00
0 6 3 0 2 2 0 1
cob=(8)
cfi=(197)
cfn=(890) tbb::internal::itt_make_task_group_v7(tbb::internal::itt_domain_enum, void*, unsigned long long, void*, unsigned long long, tbb::internal::string_index)
calls=3 314 
0 7125 2747 558 59 206 23 55 12
cob=(1)
cfi=(164)
cfn=(540)
calls=1 67 
0 1246 294 128 0 4 0 0 2
0 5 2 2 1 0 0 1

fn=(964) 0x00000000048540e0
0 2 1 0 1 1 0 1
cob=(3)
cfi=(211) ./nptl/./nptl/pthread_key_create.c
cfn=(968) pthread_key_create@@GLIBC_2.34
calls=1 25 
0 18 2 3 2 1 1 2 1 1
cob=(1)
cfi=(164)
cfn=(540)
calls=1 67 
0 961 313 142 0 14 0 0 3
0 5 2 2 1 0 0 1

fn=(980) 0x000000000011f000
0 7 2 0 1 1 0 1

fn=(998)
0 12 6 0 3 2 0 1
cob=(7)
cfi=(175)
cfn=(1000) std::_Hash_bytes(void const*, unsigned long, unsigned long)
calls=6 0 
0 216 12 0 9 0 0 3

fn=(1004)
0 17704 8852 0 17 7738 0 1
cob=(7)
cfi=(175)
cfn=(1006) operator new(unsigned long)
calls=8852 0 
0 621405 141947 87361 31180 62569 597 20 0 226

fn=(1034) 0x0000000004853e60
0 4 2 0 2 2 0 1
cob=(7)
cfi=(175)
cfn=(1006)
calls=2 0 
0 402 76 60 0 0 2 0 0 2
cob=(1)
cfi=(164)
cfn=(540)
calls=1 67 
0 730 250 133 2 14 0 0 1
0 5 2 2 1 0 0 1

fn=(1080) 0x0000000004853940
0 10 5 0 4 4 0 1
cob=(3)
cfi=(223) ./dlfcn/./dlfcn/dlsym.c
cfn=(1082) dlsym@@GLIBC_2.34
calls=5 64 
0 10490 2271 1193 125 81 5 31 7 4

fn=(1094)
0 18 9
cob=(3)
cfi=(220)
cfn=(1096) _dl_signal_exception
calls=9 91 
0 369 162 45 12 0 0 5

fn=(1126) 0x0000000004853b80
0 4 2 0 1 1 0 1
cob=(3)
cfi=(207) ./string/../sysdeps/x86_64/multiarch/strlen-avx2.S
cfn=(938) __strlen_avx2
calls=2 50 
0 28 4 0 0 1 0 0 1
cob=(1)
cfi=(164)
cfn=(540)
calls=1 67 
0 903 305 144 6 16 23 0 1
0 5 2 2 1 0 1 1

fn=(1258) 0x0000000004bfd420
0 146 73 0 2 1 0 1
cob=(3)
cfi=(259) ./string/../sysdeps/x86_64/multiarch/memchr-avx2.S
cfn=(1260) __memchr_avx2
calls=73 60 
0 2734 348 0 13 15 0 11 15

fn=(1282) 0x0000000004940ba0
0 1448 724 0 49 91 0 1
cob=(7)
cfi=(175)
cfn=(1006)
calls=724 0 
0 144059 26565 20644 1560 953 547 0 0 138
cob=(1)
cfi=(164)
cfn=(540)
calls=1 67 
0 651 239 132 0 11
0 5 2 2 2 1 0 1

fn=(1440) 0x0000000004942d70
0 2 1 0 1 1 0 1
cob=(7)
cfi=(175)
cfn=(1444) std::__timepunct<char>::_M_initialize_timepunct(__locale_struct*)
calls=1 0 
0 168 12 30 14 0 0 14
cob=(1)
cfi=(164)
cfn=(540)
calls=1 67 
0 1131 299 132 0 8 0 0 2
0 5 2 2 1 0 0 1

fn=(1548) 0x00000000049415e0
0 2 1 0 1 0 0 1
cob=(7)
cfi=(175)
cfn=(1552) std::numpunct<char>::_M_initialize_numpunct(__locale_struct*)
calls=1 0 
0 414 137 75 5 0 0 5
cob=(1)
cfi=(164)
cfn=(540)
calls=1 67 
0 1091 294 132 0 8 1 0 1
0 5 2 2 1 0 0 1

fn=(1566) 0x0000000004940930
0 2 1 0 1 1 0 1
cob=(7)
cfi=(175)
cfn=(1570) std::moneypunct<char, false>::_M_initialize_moneypunct(__locale_struct*, char const*)
calls=1 0 
0 113 38 31 4 0 1 4
cob=(1)
cfi=(164)
cfn=(540)
calls=1 67 
0 1232 319 137 0 10 0 0 3
0 5 2 2 1 0 0 1

fn=(1632) 0x00000000049425e0
0 2 1 0 1 1 0 1
cob=(7)
cfi=(175)
cfn=(1636) std::moneypunct<wchar_t, false>::_M_initialize_moneypunct(__locale_struct*, char const*)
calls=1 0 
0 109 30 31 5 0 0 5
cob=(1)
cfi=(164)
cfn=(540)
calls=1 67 
0 1219 310 132 0 8 0 0 2
0 5 2 2 1 0 0 1

fn=(1702) 0x00000000049411b0
0 15678 7839 0 7785 7776 0 1
cob=(7)
cfi=(175)
cfn=(1706) std::ios_base::ios_base()
calls=7839 0 
0 666315 94068 235170 12407 38872 26985 3 0 17
cob=(1)
cfi=(164)
cfn=(540)
calls=1 67 
0 755 252 132 0 6
0 5 2 2 1 0 0 1

fn=(1744) 0x0000000004940550
0 130748 65374 0 4 7776
cob=(7)
cfi=(175)
cfn=(1748)
calls=65374 0 
0 1242106 588366 130748 34538 38882 0 2
cob=(1)
cfi=(164)
cfn=(540)
calls=1 67 
0 946 277 132 0 7
0 5 2 2 1

fn=(1756) 0x00000000049409b0
0 47102 23551 0 7774 7780 0 1
cob=(7)
cfi=(175)
cfn=(1760) std::num_put<char, std::ostreambuf_iterator<char, std::char_traits<char> > > const& std::use_facet<std::num_put<char, std::ostreambuf_iterator<char, std::char_traits<char> > > >(std::locale const&)
calls=23551 0 
0 447469 211959 47102 47 15554 0 1
cob=(1)
cfi=(164)
cfn=(540)
calls=1 67 
0 1314 323 132 0 6 0 0 1
0 5 2 2 1 0 0 1

fn=(1824)
0 1338 669 0 47 9 0 1
cob=(3)
cfi=(207)
cfn=(938)
calls=669 50 
0 10536 1533 0 47 198 0 3 129

fn=(1880)
0 14 7 0 3 2 0 1
cob=(7)
cfi=(175)
cfn=(1882) __cxa_guard_release
calls=7 0 
0 42 21 7 3 0 0 1

fn=(1912)
0 1524 762 0 61 9 0 3
cob=(7)
cfi=(175)
cfn=(1914) std::__cxx11::basic_string<char, std::char_traits<char>, std::allocator<char> >::_M_replace(unsigned long, unsigned long, char const*, unsigned long)
calls=762 0 
0 93401 19307 14537 225 79 145 21 5 121

fn=(1966)
0 146 73 0 9 10 0 1
cob=(7)
cfi=(175)
cfn=(1932)
calls=73 0 
0 7853 1616 1000 25 47 22 0 0 14

fn=(2124) 0x00000000049441f0
0 172462 86231 0 65 6 0 1
cob=(7)
cfi=(175)
cfn=(2128) std::ostream::sentry::sentry(std::ostream&)
calls=86231 0 
0 1983456 689903 431179 167 246 0 3
cob=(1)
cfi=(164)
cfn=(540)
calls=1 67 
0 831 270 137 5 13 7 0 2
0 5 2 2 1 0 0 1

fn=(2125) 0x00000000049441f0'2
0 2 1
cob=(7)
cfi=(175)
cfn=(2129) std::ostream::sentry::sentry(std::ostream&)'2
calls=1 0 
0 23 8 5

fn=(2136) 0x0000000004943500
0 154 77 0 7 7 0 1
cob=(3)
cfi=(281) ./string/../sysdeps/x86_64/multiarch/memcmp-avx2-movbe.S
cfn=(1502) __memcmp_avx2_movbe
calls=77 71 
0 1691 361 0 18 1 0 3
cob=(1)
cfi=(164)
cfn=(540)
calls=1 67 
0 863 304 144 4 13 5 0 2
0 5 2 2 1 0 0 1

fn=(2142) 0x0000000004942440
0 83646 41823 0 55 46 0 1
cob=(7)
cfi=(175)
cfn=(2146) std::ostreambuf_iterator<char, std::char_traits<char> > std::num_put<char, std::ostreambuf_iterator<char, std::char_traits<char> > >::_M_insert_float<double>(std::ostreambuf_iterator<char, std::char_traits<char> >, std::ios_base&, char, char, double) const
calls=41823 0 
0 102159564 21756234 15642549 209153 3243 16541 192 20 1
cob=(1)
cfi=(164)
cfn=(540)
calls=1 67 
0 1487 352 137 0 10 0 0 1
0 5 2 2 1 0 0 1

fn=(2560) 0x0000000004853c80
0 8 4 0 2 1 0 1
cob=(8)
cfi=(267) /home/m0hawk/.cmdstan/cmdstan-2.39.0/stan/lib/stan_math/lib/tbb/../tbb_2020.3/src/tbb/spin_rw_mutex.cpp
cfn=(2564) tbb::spin_rw_mutex_v3::internal_acquire_reader()
calls=4 63 
0 104 28 12 6 0 0 3
cob=(1)
cfi=(164)
cfn=(540)
calls=1 67 
0 958 258 128 0 7 0 0 2
0 5 2 2 1 0 0 1

fn=(2612)
0 88130 44065 0 57 61 0 41
cob=(7)
cfi=(175)
cfn=(2614) std::basic_ostream<char, std::char_traits<char> >& std::__ostream_insert<char, std::char_traits<char> >(std::basic_ostream<char, std::char_traits<char> >&, char const*, long)
calls=44065 0 
0 6096126 2001357 1158361 1676 1756 2191 60 25 3

fn=(2650) 0x0000000004944340
0 146 73 0 7 8 0 1
cob=(3)
cfi=(364) ./libio/./libio/iofflush.c
cfn=(2654) fflush
calls=73 32 
0 12189 3370 2020 198 20 0 18 1
cob=(1)
cfi=(164)
cfn=(540)
calls=1 67 
0 829 299 142 0 7 0 0 3
0 5 2 2 1 0 0 1

fn=(2750) 0x00000000049431f0
0 14 7 0 3 2 0 1
cob=(7)
cfi=(175)
cfn=(2282) __dynamic_cast
calls=7 0 
0 762 248 156 10 17 0 7 2
cob=(1)
cfi=(164)
cfn=(540)
calls=1 67 
0 731 249 132 0 11
0 5 2 2 1 0 0 1

fn=(2760)
0 4 2 0 2 0 0 1
cob=(7)
cfi=(175)
cfn=(2762) std::basic_filebuf<char, std::char_traits<char> >::open(char const*, std::_Ios_Openmode)
calls=2 0 
0 5787 1586 938 144 101 16 21 11 2

fn=(2810) 0x0000000004943990
0 462 231 0 3 1 0 1
cob=(7)
cfi=(175)
cfn=(2814) std::istream::sentry::sentry(std::istream&, bool)
calls=231 0 
0 6468 2079 1386 16 0 0 3
cob=(1)
cfi=(164)
cfn=(540)
calls=1 67 
0 778 256 132 0 8 4
0 5 2 2 1 0 0 1

fn=(2930) 0x0000000004940f00
0 6 3 0 1 1
cob=(3)
cfi=(368) ./string/./string/strxfrm_l.c
cfn=(2934) strxfrm_l
calls=3 668 
0 312 75 45 14 4 0 12 1
cob=(1)
cfi=(164)
cfn=(540)
calls=1 67 
0 878 304 142 0 13 0 0 3
0 5 2 2 1

fn=(3176)
0 2 1 0 1 1
cob=(7)
cfi=(175)
cfn=(3178) std::__basic_file<char>::~__basic_file()
calls=1 0 
0 19 6 2 1

fn=(3250) 0x00000000049428d0
0 218 109 0 4 4
cob=(7)
cfi=(175)
cfn=(2210) std::basic_streambuf<char, std::char_traits<char> >::xsputn(char const*, long)
calls=109 0 
0 6059 1438 1104 16 5 5 7 0 1
cob=(1)
cfi=(164)
cfn=(540)
calls=1 67 
0 1058 291 132 42 44 8
0 5 2 2 2 1

fn=(3424)
0 52834 26417 0 2073 19167 0 1583
cob=(4)
cfi=(375)
cfn=(3426)
calls=26417 31 
0 1426648 448921 52864 8121 101098 239 14 35

fn=(3436)
0 2 1 0 1 1
cob=(7)
cfi=(175)
cfn=(3292) std::__cxx11::basic_stringbuf<char, std::char_traits<char>, std::allocator<char> >::_M_sync(char*, unsigned long, unsigned long)
calls=1 0 
0 49 7 8 6 1

fn=(3606)
0 6 3
cob=(7)
cfi=(175)
cfn=(3608) std::ostream& std::ostream::_M_insert<unsigned long>(unsigned long)
calls=3 0 
0 2340 585 286 55 54 19 13 2

fn=(3612) 0x0000000004943d00
0 6 3 0 1 1
cob=(7)
cfi=(175)
cfn=(3616) std::ostreambuf_iterator<char, std::char_traits<char> > std::num_put<char, std::ostreambuf_iterator<char, std::char_traits<char> > >::_M_insert_int<unsigned long>(std::ostreambuf_iterator<char, std::char_traits<char> >, std::ios_base&, char, unsigned long) const
calls=3 0 
0 604 134 104 11 3 0 6
cob=(1)
cfi=(164)
cfn=(540)
calls=1 67 
0 1434 338 132 35 47 19 0 2
0 5 2 2 1 1

fn=(3672)
0 82 41 0 41 40 0 40
cob=(7)
cfi=(175)
cfn=(3674) std::basic_ios<char, std::char_traits<char> >::copyfmt(std::basic_ios<char, std::char_traits<char> > const&)
calls=41 0 
0 14469 4808 2760 727 416 22 9

fn=(4092) 0x0000000004942020
0 4 2 0 1 1 0 1
cob=(1)
cfi=(396)
cfn=(4096)
calls=2 29 
0 24 14 0 1 3 0 1
cob=(1)
cfi=(164)
cfn=(540)
calls=1 67 
0 938 322 145 0 40 0 0 2
0 5 2 2 1 0 0 1

fn=(4348)
0 4 1 0 1 0 0 1

fn=(914) 0x00000000048539d0
0 2 1 0 1 0 0 1
cob=(3)
cfi=(203) ./nptl/./nptl/pthread_mutex_init.c
cfn=(916) pthread_mutex_init@@GLIBC_2.2.5
calls=1 53 
0 48 10 9 3 0 1 3

fn=(946) 0x0000000004853910
0 4 2
cob=(3)
cfi=(191)
cfn=(862)
calls=2 367 
0 68 14 8

fn=(996)
0 8 4 0 2 2 0 1
cob=(3)
cfi=(205) ./nptl/./nptl/pthread_self.c
cfn=(926) pthread_self
calls=4 23 
0 12 8 0 1

fn=(1012) 0x00000000049414a0
0 4 2 0 1 2
cob=(7)
cfi=(175)
cfn=(1016) std::__detail::_Prime_rehash_policy::_M_next_bkt(unsigned long) const
calls=2 0 
0 76 14 2 12 2 0 6 1
cob=(1)
cfi=(164)
cfn=(540)
calls=1 67 
0 1027 286 132 0 18 0 0 2
0 5 2 2 0 1

fn=(1270) 0x0000000004854070
0 2 1 0 1 1 0 1
cob=(3)
cfi=(264) ./posix/../sysdeps/unix/syscall-template.S
cfn=(1274) getpid
calls=1 91 
0 4 1 0 1 0 0 1
cob=(1)
cfi=(164)
cfn=(540)
calls=1 67 
0 856 299 142 0 11 0 0 3
0 5 2 2 1

fn=(1292) 0x0000000004854090
0 2 1 0 1
cob=(3)
cfi=(265) ./posix/../sysdeps/unix/sysv/linux/sched_getaffinity.c
cfn=(1296) sched_getaffinity@@GLIBC_2.3.4
calls=1 34 
0 43 4 5 2 0 0 2
cob=(1)
cfi=(164)
cfn=(540)
calls=1 67 
0 1102 349 154 1 12 0 0 3
0 5 2 2

fn=(1422) 0x0000000004941d00
0 2 1 0 1 1 0 1
cob=(7)
cfi=(175)
cfn=(1426) std::__cxx11::moneypunct<char, false>::_M_initialize_moneypunct(__locale_struct*, char const*)
calls=1 0 
0 113 38 31 4 2 0 4 1
cob=(1)
cfi=(164)
cfn=(540)
calls=1 67 
0 1259 315 132 0 9 0 0 1
0 5 2 2 1 0 0 1

fn=(1428) 0x0000000004943410
0 2 1 0 1 1 0 1
cob=(7)
cfi=(175)
cfn=(1432) std::__cxx11::moneypunct<char, true>::_M_initialize_moneypunct(__locale_struct*, char const*)
calls=1 0 
0 113 38 31 5 0 0 5
cob=(1)
cfi=(164)
cfn=(540)
calls=1 67 
0 1267 316 132 0 8 0 0 1
0 5 2 2 1 0 0 1

fn=(1434) 0x00000000049428c0
0 2 1 0 1 1 0 1
cob=(7)
cfi=(175)
cfn=(1438) std::__timepunct<char>::__timepunct(std::__timepunct_cache<char>*, unsigned long)
calls=1 0 
0 1334 320 173 18 10 1 18 2 1
cob=(1)
cfi=(164)
cfn=(540)
calls=1 67 
0 1018 286 132 0 8 0 0 1
0 5 2 2 1 0 0 1

fn=(1452) 0x0000000004940a60
0 2 1 0 1 1 0 1
cob=(7)
cfi=(175)
cfn=(1456) std::ctype<wchar_t>::ctype(unsigned long)
calls=1 0 
0 28635 7495 3910 54 87 21 44 19 21
cob=(1)
cfi=(164)
cfn=(540)
calls=1 67 
0 763 253 132 0 6 0 0 1
0 5 2 2 1 0 0 1

fn=(1458) 0x0000000004941950
0 2 1 0 1 1 0 1
cob=(7)
cfi=(175)
cfn=(1462) std::ctype<wchar_t>::_M_initialize_ctype()
calls=1 0 
0 27682 7212 3768 50 79 20 40 18 20
cob=(1)
cfi=(164)
cfn=(540)
calls=1 67 
0 907 271 132 0 7 0 0 1
0 5 2 2 1 0 0 1

fn=(1540) 0x0000000004940b80
0 2 1
cob=(7)
cfi=(175)
cfn=(1544) std::__cxx11::messages<wchar_t>::messages(unsigned long)
calls=1 0 
0 44 12 9 1 1 0 1
cob=(1)
cfi=(164)
cfn=(540)
calls=1 67 
0 842 264 132 0 7
0 5 2 2

fn=(1602) 0x0000000004944380
0 2 1 0 1 1 0 1
cob=(7)
cfi=(175)
cfn=(1606) std::messages<char>::messages(unsigned long)
calls=1 0 
0 44 12 9 2 1 1 2 0 1
cob=(1)
cfi=(164)
cfn=(540)
calls=1 67 
0 794 258 132 0 7 0 0 1
0 5 2 2 1 0 0 1

fn=(1614) 0x0000000004941f90
0 2 1 0 1 1
cob=(7)
cfi=(175)
cfn=(1618) std::numpunct<wchar_t>::_M_initialize_numpunct(__locale_struct*)
calls=1 0 
0 350 74 74 6 0 0 6
cob=(1)
cfi=(164)
cfn=(540)
calls=1 67 
0 1099 295 132 0 5
0 5 2 2 1

fn=(1714) 0x0000000004943640
0 47028 23514 0 7731 7778 0 1
cob=(7)
cfi=(175)
cfn=(1718) std::ios_base::_M_init()
calls=23514 0 
0 2000250 729447 423520 41585 23349 9120 9 1
cob=(1)
cfi=(164)
cfn=(540)
calls=1 67 
0 811 259 132 0 7 0 0 1
0 5 2 2 1 0 0 1

fn=(1732) 0x0000000004943800
0 47102 23551 0 7631 7777 0 1
cob=(7)
cfi=(175)
cfn=(1736) std::basic_ios<char, std::char_traits<char> >::_M_cache_locale(std::locale const&)
calls=23551 0 
0 2574181 920340 401171 80294 108914 0 16 11
cob=(1)
cfi=(164)
cfn=(540)
calls=1 67 
0 1154 303 132 0 7
0 5 2 2 1 0 0 1

fn=(1792) 0x00000000049404c0
0 8 4 0 1 1 0 1
cob=(7)
cfi=(175)
cfn=(1796) std::ctype<wchar_t> const& std::use_facet<std::ctype<wchar_t> >(std::locale const&)
calls=4 0 
0 76 36 8 2 2 0 2
cob=(1)
cfi=(164)
cfn=(540)
calls=1 67 
0 946 277 132 0 7 0 0 3
0 5 2 2 1 0 0 1

fn=(1826)
0 4 2 0 1 1 0 1
cob=(8)
cfi=(217) /home/m0hawk/.cmdstan/cmdstan-2.39.0/stan/lib/stan_math/lib/tbb/../tbb_2020.3/src/tbb/cache_aligned_allocator.cpp
cfn=(1828) tbb::internal::allocate_via_handler_v3(unsigned long)
calls=2 224 
0 100 26 14 5 10 0 1

fn=(1832)
0 50 25 0 1 1 0 1
cob=(4)
cfi=(282)
cfn=(1834)
calls=25 30 
0 1666 369 123 6 2 0 6 2

fn=(2106) 0x0000000004940790
0 4268 2134 0 10 9 0 1
cob=(3)
cfi=(215) ./string/../sysdeps/x86_64/multiarch/memset-vec-unaligned-erms.S
cfn=(1022) __memset_avx2_unaligned_erms
calls=2134 181 
0 40302 2134 4263 44 0 0 2
cob=(1)
cfi=(164)
cfn=(540)
calls=1 67 
0 889 306 144 22 38 6 0 1
0 5 2 2 2 1 0 1

fn=(2130) 0x0000000004941eb0
0 2 1 0 1 1 0 1
cob=(7)
cfi=(175)
cfn=(2134) std::ctype<char>::_M_widen_init() const
calls=1 0 
0 1649 360 184 21 20 9 14 5
cob=(1)
cfi=(164)
cfn=(540)
calls=1 67 
0 883 268 132 0 9
0 5 2 2 1 0 0 1

fn=(2206) 0x0000000004940ab0
0 83694 41847 0 6 8 0 1
cob=(3)
cfi=(259)
cfn=(1260)
calls=41847 60 
0 836970 83698 0 94
cob=(1)
cfi=(164)
cfn=(540)
calls=1 67 
0 880 305 144 4 9 0 0 4
0 5 2 2 1 0 0 1

fn=(2256)
0 8 4
cob=(3)
cfi=(330) ./debug/./debug/vsnprintf_chk.c
cfn=(2258) __vsnprintf_chk
calls=4 26 
0 7177 1397 1069 56 5 0 17 1

fn=(2286) 0x0000000004943000
0 152 76 0 4 2
cob=(3)
cfi=(208) ./string/../sysdeps/x86_64/multiarch/strcmp-avx2.S
cfn=(2290) __strcmp_avx2
calls=76 83 
0 1700 380 0 20 7 0 4 4
cob=(1)
cfi=(164)
cfn=(540)
calls=1 67 
0 858 303 144 46 72 6 0 1
0 5 2 2 2 1

fn=(2318)
0 6 3 0 1 1 0 1
cob=(3)
cfi=(260)
cfn=(2320)
calls=3 105 
0 359 59 33 11 3 0 11

fn=(2350)
0 2 1 0 1 0 0 1
cob=(8)
cfi=(197)
cfn=(2352) tbb::interface9::global_control::internal_create()
calls=1 523 
0 90 30 22 10 4 0 10

fn=(2474) 0x0000000004853d00
0 2 1 0 1 0 0 1
cob=(3)
cfi=(347) ./nptl/./nptl/pthread_getattr_np.c
cfn=(2478) pthread_getattr_np@@GLIBC_2.32
calls=1 33 
0 142101 32499 18449 261 82 22 128 23 8
cob=(1)
cfi=(164)
cfn=(540)
calls=1 67 
0 1021 316 142 14 24 0 0 3
0 5 2 2 1 0 0 1

fn=(2550) 0x0000000004853a90
0 4 2 0 2 2
cob=(3)
cfi=(360) ./nptl/./nptl/pthread_setspecific.c
cfn=(2554) pthread_setspecific@@GLIBC_2.34
calls=2 25 
0 71 14 13 6 1 0 3
cob=(1)
cfi=(164)
cfn=(540)
calls=1 67 
0 1128 351 154 2 12 0 0 3
0 5 2 2 1 0 0 1

fn=(2680)
0 15426 7713 0 7632 7688 0 4245
cob=(7)
cfi=(175)
cfn=(1730)
calls=7713 0 
0 61704 30852 7713 1 7685

fn=(2738) 0x0000000004943e20
0 4 2 0 2 2 0 1
cob=(7)
cfi=(175)
cfn=(2742) std::__basic_file<char>::__basic_file(pthread_mutex_t*)
calls=2 0 
0 8 2 4 1 0 0 1
cob=(1)
cfi=(164)
cfn=(540)
calls=1 67 
0 979 280 132 0 8 12 0 2
0 5 2 2 1 0 0 1

fn=(2770) 0x00000000049410f0
0 4 2
cob=(7)
cfi=(175)
cfn=(2774) std::__basic_file<char>::open(char const*, std::_Ios_Openmode, int)
calls=2 0 
0 1881 554 398 84 51 14 11 6
cob=(1)
cfi=(164)
cfn=(540)
calls=1 67 
0 1011 284 132 0 10 0 0 2
0 5 2 2 1

fn=(2818) 0x0000000004942100
0 462 231 0 2 2 0 1
cob=(7)
cfi=(175)
cfn=(2822) std::basic_streambuf<char, std::char_traits<char> >::xsgetn(char*, long)
calls=231 0 
0 15051 3997 2679 55 68 1 19 22
cob=(1)
cfi=(164)
cfn=(540)
calls=1 67 
0 1050 290 132 0 7
0 5 2 2 1 0 0 1

fn=(2896)
0 2 1
cob=(7)
cfi=(175)
cfn=(2898) std::__cxx11::collate<char> const& std::use_facet<std::__cxx11::collate<char> >(std::locale const&)
calls=1 0 
0 122 43 23 2 5 0 2

fn=(2958)
0 50 25 0 2 1
cob=(7)
cfi=(175)
cfn=(2960) std::_Rb_tree_insert_and_rebalance(bool, std::_Rb_tree_node_base*, std::_Rb_tree_node_base*, std::_Rb_tree_node_base&)
calls=25 0 
0 853 193 243 16 0 0 10

fn=(3166) 0x0000000004943900
0 8 4 0 2 2 0 1
cob=(7)
cfi=(175)
cfn=(3170) std::__basic_file<char>::close()
calls=4 0 
0 1735 552 316 76 52 1 1 6
cob=(1)
cfi=(164)
cfn=(540)
calls=1 67 
0 867 266 132 0 8 0 0 2
0 5 2 2 1 0 0 1

fn=(3270) 0x0000000004943ed0
0 112 56 0 3
cob=(3)
cfi=(365) ./io/../sysdeps/unix/sysv/linux/write.c
cfn=(2662) write
calls=56 25 
0 504 112 0 19
cob=(1)
cfi=(164)
cfn=(540)
calls=1 67 
0 866 311 147 3 37 0 0 5
0 5 2 2 1

fn=(3278) 0x0000000004943b10
0 540 270 0 49 49 0 1
cob=(7)
cfi=(175)
cfn=(2946) std::__cxx11::basic_string<char, std::char_traits<char>, std::allocator<char> >::reserve(unsigned long)
calls=270 0 
0 91175 17216 12937 1528 810 298
cob=(1)
cfi=(164)
cfn=(540)
calls=1 67 
0 1122 299 132 0 11 3
0 5 2 2 1 0 0 1

fn=(3296)
0 2 1 0 1
cob=(7)
cfi=(175)
cfn=(3298) std::chrono::_V2::system_clock::now()
calls=1 0 
0 967 319 146 12 22 3 6 4

fn=(3688) 0x0000000004943610
0 84 42 0 42 42 0 1
cob=(3)
cfi=(383) ./misc/../sysdeps/unix/sysv/linux/writev.c
cfn=(3692) writev
calls=42 25 
0 378 84 0 42 0 0 1
cob=(1)
cfi=(164)
cfn=(540)
calls=1 67 
0 821 298 142 1 35 3 0 5
0 5 2 2 1 0 0 1

fn=(3746)
0 80 40 0 40 40 0 36
cob=(4)
cfi=(387)
cfn=(3748)
calls=40 31 
0 5056 1191 120 559 357 0 14 22

fn=(4046) 0x0000000004854260
0 6 3
cob=(7)
cfi=(175)
cfn=(4050) operator delete[](void*, unsigned long)
calls=3 0 
0 303 93 45 0 1
cob=(1)
cfi=(164)
cfn=(540)
calls=1 67 
0 730 254 133 0 13 0 0 2
0 5 2 2 1 0 0 1

fn=(4080) 0x0000000004941820
0 4 2 0 1 1 0 1
cob=(7)
cfi=(175)
cfn=(4084) std::uncaught_exception()
calls=2 0 
0 1773 603 285 7 58 0 7 3
cob=(1)
cfi=(164)
cfn=(540)
calls=1 67 
0 856 272 137 3 11 2 0 1
0 5 2 2 1 1 0 1

fn=(4270)
0 4 1 0 1 0 0 1

fn=(4320)
0 2 1 0 1 0 0 1
cob=(3)
cfi=(399) ./stdlib/./stdlib/cxa_finalize.c
cfn=(4132) __cxa_finalize
calls=1 30 
0 129 29 12

fn=(634) 0x00000000049414b0
0 18 9 0 1 1 0 1
cob=(3)
cfi=(176)
cfn=(638)
calls=9 69 
0 671 126 136 7 2 5 7 0 1
cob=(1)
cfi=(164)
cfn=(540)
calls=1 67 
0 1001 323 147 0 21 0 0 1
0 5 2 2 1 0 0 1

fn=(880) 0x0000000004854080
0 6 3 0 2 2 0 1
cob=(8)
cfi=(196) /home/m0hawk/.cmdstan/cmdstan-2.39.0/stan/lib/stan_math/lib/tbb/../tbb_2020.3/src/tbb/task_group_context.cpp
cfn=(884) tbb::task_group_context::init()
calls=3 198 
0 8457 3061 721 68 212 26 60 14 3
cob=(1)
cfi=(164)
cfn=(540)
calls=1 67 
0 806 239 128 0 6
0 5 2 2 1 0 0 1

fn=(892) 0x00000000048541a0
0 6 3 0 2 2 0 1
cob=(8)
cfi=(197)
cfn=(896) ITT_DoOneTimeInitialization
calls=3 205 
0 6268 2480 404 52 197 23 51 11
cob=(1)
cfi=(164)
cfn=(540)
calls=1 67 
0 750 232 128 0 5
0 5 2 2 1 0 0 1

fn=(940) 0x0000000004bfd590
0 4 2 0 1 1 0 1
cob=(3)
cfi=(208)
cfn=(942) __strncmp_avx2
calls=2 83 
0 54 10 0 2 0 0 2

fn=(1028)
0 14 7 0 4 4 0 1
cob=(3)
cfi=(191)
cfn=(862)
calls=7 367 
0 154 28 21 7

fn=(1100) 0x0000000004bfd380
0 54 27 0 5 5 0 1
cob=(3)
cfi=(177)
cfn=(664)
calls=27 3287 
0 2930 585 440 31 16 12 19 0 9

fn=(1104) 0x0000000004853920
0 10 5 0 1 3
cob=(3)
cfi=(227) ./dlfcn/./dlfcn/dlclose.c
cfn=(1106) dlclose@@GLIBC_2.34
calls=5 25 
0 2345 700 450 41 7 0 20

fn=(1122) 0x0000000004bfd370
0 60 30 0 4 0 0 1
cob=(3)
cfi=(177)
cfn=(1114)
calls=30 3352 
0 2118 660 349 8 6 1 7

fn=(1132) 0x0000000004853da0
0 4 2 0 1 1 0 1
cob=(3)
cfi=(230) ./debug/./debug/strcpy_chk.c
cfn=(1136) __strcpy_chk
calls=2 27 
0 140 30 16 7 3 1 7
cob=(1)
cfi=(164)
cfn=(540)
calls=1 67 
0 870 303 142 0 13 0 0 3
0 5 2 2 1 0 0 1

fn=(1192) 0x0000000004bfd3e0
0 81476 40738 0 50 50
cob=(3)
cfi=(231)
cfn=(1194) __mempcpy_avx_unaligned_erms
calls=40738 294 
0 733062 81553 40811 50 0 7 2 0 1

fn=(1218) 0x0000000004bfd670
0 10 5 0 3 2
cob=(3)
cfi=(215)
cfn=(1022)
calls=5 181 
0 109 9 30 10 0 6 1 0 5

fn=(1288) 0x0000000004853c40
0 6 3 0 2 2 0 1
cob=(3)
cfi=(215)
cfn=(1022)
calls=3 181 
0 2410 6 2336 4 0 56 0 0 56
cob=(1)
cfi=(164)
cfn=(540)
calls=1 67 
0 889 306 144 2 13 0 0 1
0 5 2 2 1 0 0 1

fn=(1346) 0x00000000049412c0
0 2 1 0 1 1 0 1
cob=(7)
cfi=(175)
cfn=(1350) std::locale::_Impl::_Impl(unsigned long)
calls=1 0 
0 78547 21539 9787 335 451 100 321 75 95
cob=(1)
cfi=(164)
cfn=(540)
calls=1 67 
0 787 256 132 0 4 0 0 1
0 5 2 2 1 0 0 1

fn=(1476) 0x0000000004943a60
0 512 256 0 1 1 0 1
cob=(3)
cfi=(276) ./wcsmbs/./wcsmbs/btowc.c
cfn=(1480) btowc
calls=256 32 
0 12672 3712 1536 9 5 0 9
cob=(1)
cfi=(164)
cfn=(540)
calls=1 67 
0 821 298 142 0 10 0 0 3
0 5 2 2 1 0 0 1

fn=(1504) 0x0000000004941440
0 2 1 0 1 1 0 1
cob=(7)
cfi=(175)
cfn=(1508) std::codecvt<wchar_t, char, __mbstate_t>::codecvt(unsigned long)
calls=1 0 
0 37 10 7 2 0 1 2 0 1
cob=(1)
cfi=(164)
cfn=(540)
calls=1 67 
0 891 269 132 0 8 0 0 2
0 5 2 2 1 0 0 1

fn=(1668) 0x0000000004942b30
0 2 1 0 1 1 0 1
cob=(7)
cfi=(175)
cfn=(1672) std::messages<wchar_t>::messages(unsigned long)
calls=1 0 
0 44 12 9 2 0 0 2
cob=(1)
cfi=(164)
cfn=(540)
calls=1 67 
0 794 258 132 0 7 0 0 2
0 5 2 2 1 0 0 1

fn=(1708) 0x00000000049435a0
0 46994 23497 0 3556 7775 0 1
cob=(7)
cfi=(175)
cfn=(1712) std::basic_ios<char, std::char_traits<char> >::init(std::basic_streambuf<char, std::char_traits<char> >*)
calls=23497 0 
0 5203494 1765205 1035208 152665 147788 9119 31 13
cob=(1)
cfi=(164)
cfn=(540)
calls=1 67 
0 1202 309 132 0 7
0 5 2 2 1 0 0 1

fn=(1762) 0x0000000004940460
0 47102 23551 0 632 7777 0 1
cob=(7)
cfi=(175)
cfn=(1766) bool std::has_facet<std::num_get<char, std::istreambuf_iterator<char, std::char_traits<char> > > >(std::locale const&)
calls=23551 0 
0 70653 23551
cob=(1)
cfi=(164)
cfn=(540)
calls=1 67 
0 1290 320 132 0 6 0 0 2
0 5 2 2 1 0 0 1

fn=(1780) 0x0000000004944100
0 8 4 0 1 1 0 1
cob=(7)
cfi=(175)
cfn=(1784) std::basic_ios<wchar_t, std::char_traits<wchar_t> >::_M_cache_locale(std::locale const&)
calls=4 0 
0 7598 2012 872 20 48 0 20 13
cob=(1)
cfi=(164)
cfn=(540)
calls=1 67 
0 1146 302 132 0 8 0 0 2
0 5 2 2 1 0 0 1

fn=(1798) 0x0000000004940dd0
0 8 4 0 1 1 0 1
cob=(7)
cfi=(175)
cfn=(1802) bool std::has_facet<std::num_put<wchar_t, std::ostreambuf_iterator<wchar_t, std::char_traits<wchar_t> > > >(std::locale const&)
calls=4 0 
0 12 4 0 1 0 0 1
cob=(1)
cfi=(164)
cfn=(540)
calls=1 67 
0 1290 320 132 0 6 0 0 2
0 5 2 2 1 0 0 1

fn=(1810) 0x0000000004942820
0 8 4 0 1 1 0 1
cob=(7)
cfi=(175)
cfn=(1814) bool std::has_facet<std::num_get<wchar_t, std::istreambuf_iterator<wchar_t, std::char_traits<wchar_t> > > >(std::locale const&)
calls=4 0 
0 12 4
cob=(1)
cfi=(164)
cfn=(540)
calls=1 67 
0 1306 322 132 0 7 0 0 2
0 5 2 2 1 0 0 1

fn=(1846)
0 2 1 0 1 1 0 1
cob=(4)
cfi=(284)
cfn=(1848)
calls=1 43 
0 28 5 4 3 0 0 3

fn=(1890) 0x0000000004bfd6d0
0 2 1 0 1 1 0 1
cob=(1)
cfi=(49)
cfn=(1894)
calls=1 117 
0 5 2 0 1 1 0 1
cob=(1)
cfi=(164)
cfn=(540)
calls=1 67 
0 1000 326 145 14 49 0 0 4
0 5 2 2 2 1

fn=(2102)
0 4408 2204 0 4 5 0 2
cob=(7)
cfi=(175)
cfn=(2104) std::__cxx11::basic_string<char, std::char_traits<char>, std::allocator<char> >::_M_construct(unsigned long, char)
calls=2204 0 
0 102385 17746 17605 105 46 7 7 1

fn=(2154) 0x00000000049420b0
0 83646 41823 0 55 46 0 1
cob=(7)
cfi=(175)
cfn=(2158) std::__num_base::_S_format_float(std::ios_base const&, char*, char)
calls=41823 0 
0 1296513 125469 167292 138 46 0 3 1
cob=(1)
cfi=(164)
cfn=(540)
calls=1 67 
0 1027 286 132 0 9 0 0 1
0 5 2 2 1 0 0 1

fn=(2166) 0x0000000004942b50
0 83646 41823 0 45 46 0 1
cob=(3)
cfi=(318) ./libio/./libio/vsnprintf.c
cfn=(2170) vsnprintf
calls=41823 123 
0 83515878 17016243 12045395 176001 1317 1127 152 11 1
cob=(1)
cfi=(164)
cfn=(540)
calls=1 67 
0 917 306 142 6 16 3 0 1
0 5 2 2 1 0 0 1

fn=(2228)
0 256 128 0 46 47 0 41
cob=(7)
cfi=(175)
cfn=(2230) std::__cxx11::basic_stringstream<char, std::char_traits<char>, std::allocator<char> >::~basic_stringstream()
calls=128 0 
0 26413 8120 4755 547 596 86 14 2

fn=(2280)
0 76 38 0 5 1 0 1
cob=(7)
cfi=(175)
cfn=(2282)
calls=38 0 
0 8792 2740 1498 125 173 6 15 27

fn=(2382) 0x0000000004853ab0
0 2 1 0 1 1 0 1
cob=(8)
cfi=(197)
cfn=(2386) tbb::interface9::global_control::active_value(int)
calls=1 579 
0 20 8 1 3 2 0 3
cob=(1)
cfi=(164)
cfn=(540)
calls=1 67 
0 942 256 128 10 16 0 0 1
0 5 2 2 2 1 0 1

fn=(2502) 0x0000000004bfd3a0
0 132 66
cob=(3)
cfi=(259)
cfn=(2504) __rawmemchr_avx2
calls=66 60 
0 2021 348 0 5 0 0 5

fn=(3942) 0x00000000049416c0
0 2 1 0 1 1 0 1
cob=(7)
cfi=(175)
cfn=(3178)
calls=1 0 
0 19 6 2 1
cob=(1)
cfi=(164)
cfn=(540)
calls=1 67 
0 819 260 132 0 18 1
0 5 2 2 1 1 0 1

fn=(2602)
0 168 84 0 14 2 0 1
cob=(7)
cfi=(175)
cfn=(2604) std::__cxx11::basic_string<char, std::char_traits<char>, std::allocator<char> >::append(char const*)
calls=84 0 
0 20628 5113 2989 66 31 0 4 1

fn=(2632)
0 318 159 0 61 48 0 41
cob=(7)
cfi=(175)
cfn=(2634) std::ostream::put(char)
calls=159 0 
0 13032 5114 2300 222 26 2 7 4

fn=(2638) 0x0000000004942a30
0 126 63 0 16 7
cob=(3)
cfi=(363) ./libio/./libio/putc.c
cfn=(2642) putc
calls=63 25 
0 1323 441 315 17 8 2 2
cob=(1)
cfi=(164)
cfn=(540)
calls=1 67 
0 805 296 142 0 11 0 0 4
0 5 2 2 1

fn=(2704) 0x0000000004940fa0
0 2 1 0 1 1 0 1
cob=(7)
cfi=(175)
cfn=(2634)
calls=1 0 
0 97 37 16
cob=(1)
cfi=(164)
cfn=(540)
calls=1 67 
0 706 247 132 22 32 1
0 5 2 2 2 1 0 1

fn=(2794) 0x00000000049401d0
0 10 5 0 3 2 0 1
cob=(7)
cfi=(175)
cfn=(1280) operator new[](unsigned long)
calls=5 0 
0 968 194 144 44 19 4 0 0 2

fn=(2828) 0x0000000004941f00
0 4 2 0 2 2
cob=(7)
cfi=(175)
cfn=(2832) std::__basic_file<char>::xsgetn(char*, long)
calls=2 0 
0 2655 893 434 22 38 0 5 7
cob=(1)
cfi=(164)
cfn=(540)
calls=1 67 
0 883 268 132 0 6 1 0 1
0 5 2 2 1

fn=(3106)
0 16 8 0 2
cob=(7)
cfi=(175)
cfn=(3108) std::_Rb_tree_decrement(std::_Rb_tree_node_base*)
calls=8 0 
0 128 36 0 1 0 0 1

fn=(3136)
0 1085506 542753 0 44 168985 0 40
cob=(3)
cfi=(177)
cfn=(1114)
calls=542753 3352 
0 50885751 14970349 6176304 30122 1202811 235941 5 289 24

fn=(3448)
0 8 4 0 0 2
cob=(4)
cfi=(378)
cfn=(3450)
calls=4 31 
0 183 38 0 17 10 0 9 5

fn=(3468)
0 76829130 38414565 0 3807 45972 0 3021
cob=(4)
cfi=(380)
cfn=(3470)
calls=38414565 24 
0 2796566105 468703471 0 71165 313744 0 15 6

fn=(3566)
0 4 2 0 1
cob=(7)
cfi=(175)
cfn=(3568) std::basic_ostream<char, std::char_traits<char> >& std::operator<< <std::char_traits<char> >(std::basic_ostream<char, std::char_traits<char> >&, char const*)
calls=2 0 
0 1589 422 196 17 23 0 4 1

fn=(3708)
0 6 3 0 3 3 0 2
cob=(4)
cfi=(384)
cfn=(3710)
calls=3 29 
0 276 51 6 33 21 1 4 2

fn=(4026) 0x0000000004853960
0 16 8 0 0 2
cob=(3)
cfi=(177)
cfn=(1114)
calls=8 3352 
0 1032 306 146 0 19 1 0 1

fn=(534) 0x0000000004bfd650
0 38 19 0 1 1 0 1
cob=(1)
cfi=(10)
cfn=(24)
calls=19 405 
0 391 76 19 0 27 0 0 8
cob=(1)
cfi=(164)
cfn=(540)
calls=1 67 
0 989 327 145 11 10 13 11 0 2
0 5 2 2 2 1 0 2

fn=(584) 0x0000000004bfd5f0
0 2 1 0 1 0 0 1
cob=(3)
cfi=(171) ./string/../sysdeps/x86_64/multiarch/strrchr-avx2.S
cfn=(586) __strrchr_avx2
calls=1 46 
0 64 4 0 5 2 0 5 1

fn=(822)
0 7 2 0 1 1 0 1

fn=(924) 0x0000000004853930
0 6 3 0 2 0 0 1
cob=(3)
cfi=(205)
cfn=(926)
calls=3 23 
0 9 6 0 3 0 0 1

fn=(930) 0x0000000004853f60
0 10 5 0 1 1 0 1
cob=(3)
cfi=(206) ./stdlib/./stdlib/getenv.c
cfn=(934) getenv
calls=5 34 
0 3385 1112 37 11 105 0 10 5
cob=(1)
cfi=(164)
cfn=(540)
calls=1 67 
0 891 313 147 0 14 3 0 5
0 5 2 2 1 0 0 1

fn=(936) 0x0000000004bfd490
0 83878 41939 0 71 4 0 1
cob=(3)
cfi=(207)
cfn=(938)
calls=41939 50 
0 587198 83887 0 100 58 0 4 10

fn=(1026)
0 685818 342909 0 42 139310 0 39
cob=(3)
cfi=(177)
cfn=(664)
calls=342909 3287 
0 66561937 11527094 10262330 96905 1317345 909422 8 0 2259

fn=(1404) 0x00000000049416b0
0 308798 154399 0 3793 7777 0 1
cob=(7)
cfi=(175)
cfn=(1408) std::locale::id::_M_id() const
calls=154399 0 
0 926826 308942 96 15379 15566 0 2 4
cob=(1)
cfi=(164)
cfn=(540)
calls=1 67 
0 803 258 132 0 6 0 0 1
0 5 2 2 1 0 0 1

fn=(1500) 0x0000000004bfd520
0 132 66 0 2 2 0 1
cob=(3)
cfi=(281)
cfn=(1502)
calls=66 71 
0 1463 302 0 10 0 0 6

fn=(1644) 0x0000000004943160
0 2 1 0 1 1 0 1
cob=(7)
cfi=(175)
cfn=(1648) std::moneypunct<wchar_t, true>::_M_initialize_moneypunct(__locale_struct*, char const*)
calls=1 0 
0 109 30 31 6 0 0 6
cob=(1)
cfi=(164)
cfn=(540)
calls=1 67 
0 1195 307 132 0 7
0 5 2 2 1 0 0 1

fn=(1980)
0 2 1 0 1 1 0 1
cob=(3)
cfi=(293)
cfn=(1982) gmtime_r
calls=1 25 
0 9807 2213 1271 267 129 34 240 30 34

fn=(2116)
0 15662 7831 0 48 7769 0 41
cob=(7)
cfi=(175)
cfn=(2118) std::__cxx11::basic_stringstream<char, std::char_traits<char>, std::allocator<char> >::basic_stringstream()
calls=7831 0 
0 6672012 2043891 1550538 214831 225454 59183 6

fn=(2238) 0x00000000049423b0
0 15836 7918 0 75 7777 0 1
cob=(7)
cfi=(175)
cfn=(2242) std::ios_base::_M_call_callbacks(std::ios_base::event)
calls=7918 0 
0 87098 39590 23754 15521 4214 0 2
cob=(1)
cfi=(164)
cfn=(540)
calls=1 67 
0 1009 281 132 2 10 0 0 1
0 5 2 2 1 0 0 1

fn=(2244) 0x0000000004940770
0 15754 7877 0 3724 7771 0 1
cob=(7)
cfi=(175)
cfn=(2248) std::ios_base::_M_dispose_callbacks()
calls=7877 0 
0 102401 39385 31508 7848 0 0 1
cob=(1)
cfi=(164)
cfn=(540)
calls=1 67 
0 937 272 132 0 7 0 0 1
0 5 2 2 1 0 0 1

fn=(2432) 0x0000000004853eb0
0 24 12 0 1 1 0 1
cob=(8)
cfi=(217)
cfn=(1828)
calls=12 224 
0 1717 338 260 1 6 8 0 0 8
cob=(1)
cfi=(164)
cfn=(540)
calls=1 67 
0 878 248 128 0 22 9
0 5 2 2 1

fn=(2444) 0x0000000004854210
0 4 2 0 2 1 0 1
cob=(8)
cfi=(196)
cfn=(2448) tbb::task_group_context::capture_fp_settings()
calls=2 429 
0 24 4 8 1 0 0 1
cob=(1)
cfi=(164)
cfn=(540)
calls=1 67 
0 942 256 128 0 7 2 0 2
0 5 2 2 1 0 0 1

fn=(2486) 0x0000000004bfd3b0
0 6 3 0 0 1
cob=(3)
cfi=(177)
cfn=(2490) realloc
calls=3 3400 
0 645 137 101 17 3 3 14 0 3
cob=(1)
cfi=(164)
cfn=(540)
calls=1 67 
0 844 302 146 4 18 1
0 5 2 2 1

fn=(3938) 0x00000000049439d0
0 2 1 0 1 1 0 1
cob=(7)
cfi=(175)
cfn=(3152) std::basic_filebuf<char, std::char_traits<char> >::close()
calls=1 0 
0 14794 3700 2252 60 142 3 1
cob=(1)
cfi=(164)
cfn=(540)
calls=1 67 
0 1050 290 132 44 45 20 0 1
0 5 2 2 2 1 0 1

fn=(2534) 0x0000000004854140
0 2 1 0 1 0 0 1
cob=(3)
cfi=(359) ./nptl/./nptl/pthread_attr_destroy.c
cfn=(2538) pthread_attr_destroy
calls=1 26 
0 195 63 33 1 0 0 1
cob=(1)
cfi=(164)
cfn=(540)
calls=1 67 
0 1013 328 147 0 13 0 0 7
0 5 2 2 1 0 0 1

fn=(2722)
0 6 3 0 2 1
cob=(7)
cfi=(175)
cfn=(2724) std::__cxx11::basic_string<char, std::char_traits<char>, std::allocator<char> >::rfind(char, unsigned long) const
calls=3 0 
0 327 51 0 4 0 0 2

fn=(2754) 0x0000000004942fc0
0 4 2 0 2 0 0 1
cob=(7)
cfi=(175)
cfn=(2758) std::codecvt<char, char, __mbstate_t> const& std::use_facet<std::codecvt<char, char, __mbstate_t> >(std::locale const&)
calls=2 0 
0 244 86 46 4 0 0 2
cob=(1)
cfi=(164)
cfn=(540)
calls=1 67 
0 1074 293 132 0 8
0 5 2 2 1 0 0 1

fn=(2764) 0x00000000049433d0
0 24 12 0 4 4 0 1
cob=(7)
cfi=(175)
cfn=(2768) std::__basic_file<char>::is_open() const
calls=12 0 
0 48 24 0 2 1
cob=(1)
cfi=(164)
cfn=(540)
calls=1 67 
0 883 268 132 0 8 0 0 1
0 5 2 2 1 0 0 1

fn=(2796)
0 6 3 0 2 2 0 1
cob=(7)
cfi=(175)
cfn=(2798) std::basic_ios<char, std::char_traits<char> >::clear(std::_Ios_Iostate)
calls=3 0 
0 21 9 3 2 0 0 1

fn=(3172) 0x0000000004943670
0 4 2 0 2 2
cob=(3)
cfi=(316) ./libio/./libio/iofclose.c
cfn=(2064) fclose@@GLIBC_2.2.5
calls=2 34 
0 804 226 160 67 22
cob=(1)
cfi=(164)
cfn=(540)
calls=1 67 
0 848 298 142 4 28 1 0 6
0 5 2 2 1

fn=(3310)
0 30 15 0 4 4 0 2
cob=(7)
cfi=(175)
cfn=(3312) std::ostream::operator<<(int)
calls=15 0 
0 9816 2482 1364 121 61 8 30 1

fn=(3336) 0x00000000049425c0
0 12 6 0 3 3
cob=(7)
cfi=(175)
cfn=(3340) std::num_put<char, std::ostreambuf_iterator<char, std::char_traits<char> > >::_M_pad(char, long, std::ios_base&, char*, char const*, int&) const
calls=6 0 
0 596 103 80 22 2 2 4
cob=(1)
cfi=(164)
cfn=(540)
calls=1 67 
0 1346 327 132 0 10 3 0 1
0 5 2 2 1

fn=(3570) 0x00000000049429f0
0 4 2 0 2 0 0 1
cob=(7)
cfi=(175)
cfn=(2614)
calls=2 0 
0 268 92 54
cob=(1)
cfi=(164)
cfn=(540)
calls=1 67 
0 1242 314 132 9 20
0 5 2 2 1 0 0 1

fn=(3676) 0x0000000004940a80
0 82 41 0 41 41
cob=(7)
cfi=(175)
cfn=(2880) std::locale::locale(std::locale const&)
calls=41 0 
0 287 123 41 82
cob=(1)
cfi=(164)
cfn=(540)
calls=1 67 
0 763 253 132 43 45 22
0 5 2 2 2 1

fn=(4178) 0x00000000048538f0
0 2 1
cob=(3)
cfi=(399)
cfn=(4132)
calls=1 30 
0 12921 3812 2025 81 485 31 48 6

fn=(4252) 0x0000000004853f30
0 2 1 0 1 0 0 1
cob=(3)
cfi=(403) ./nptl/./nptl/pthread_key_delete.c
cfn=(4256) pthread_key_delete@@GLIBC_2.34
calls=1 25 
0 16 2 1 2 0 0 1
cob=(1)
cfi=(164)
cfn=(540)
calls=1 67 
0 1017 325 147 6 32 0 0 5
0 5 2 2 1

fn=(4338)
0 2 1 0 1 0 0 1
cob=(3)
cfi=(399)
cfn=(4132)
calls=1 30 
0 129 29 12

fn=(168)
0 48 24 0 4 0 0 1
cob=(3)
cfi=(220)
cfn=(1067) _dl_catch_exception'2
calls=7 175 
0 8869 2252 1144 124 87 39 27 5 23
cob=(1)
cfi=(52)
cfn=(170)
calls=17 175 
0 50507 10554 5388 215 228 277 215 227 275

fn=(169)
0 14 7
cob=(3)
cfi=(220)
cfn=(1067)
calls=7 175 
0 7513 1897 849 105 82 39 23 4 23

fn=(590)
0 7 2 0 1 1 0 1

fn=(602)
0 7 2 0 1 1 0 1

fn=(612)
0 7 2 0 1 1 0 1

fn=(1020)
0 245946 122973 0 7691 53804 0 4310
cob=(3)
cfi=(215)
cfn=(1022)
calls=122973 181 
0 370358305 169095 368598218 11586 0 5810425 2 0 765

fn=(1030)
0 8 4 0 3 2 0 1
cob=(8)
cfi=(209)
cfn=(1032) tbb::internal::task_scheduler_observer_v3::observe(bool)
calls=4 294 
0 41836 10968 5966 588 397 105 358 66 40

fn=(1056) 0x0000000004853990
0 14 7 0 2 2
cob=(3)
cfi=(218) ./dlfcn/./dlfcn/dlopen.c
cfn=(1058) dlopen@@GLIBC_2.34
calls=7 77 
0 11958 3157 1792 208 117 47 55 5 23

fn=(1142) 0x0000000004853e30
0 4 2
cob=(3)
cfi=(232) ./debug/./debug/strcat_chk.c
cfn=(1146) __strcat_chk
calls=2 25 
0 1296 163 31 2 0 0 2
cob=(1)
cfi=(164)
cfn=(540)
calls=1 67 
0 921 306 142 4 9 0 0 3
0 5 2 2

fn=(1150)
0 4 2
cob=(3)
cfi=(220)
cfn=(1152) _dl_signal_error
calls=2 109 
0 1726 492 239 8 23 21 6 3 18

fn=(1276) 0x00000000048539e0
0 8 4 0 2 1
cob=(7)
cfi=(175)
cfn=(1280)
calls=4 0 
0 1320 370 232 12 17 3 3 0 3
cob=(1)
cfi=(164)
cfn=(540)
calls=1 67 
0 727 261 138 1 14 0 0 1
0 5 2 2

fn=(1308) 0x0000000004853f80
0 16 8 0 4 4 0 1
cob=(8)
cfi=(267)
cfn=(1312) tbb::spin_rw_mutex_v3::internal_acquire_writer()
calls=8 38 
0 216 56 32 12 5 0 3
cob=(1)
cfi=(164)
cfn=(540)
calls=1 67 
0 950 257 128 0 7 0 0 2
0 5 2 2 1 0 0 1

fn=(1330) 0x0000000004941780
0 78394 39197 0 7636 7778 0 1
cob=(7)
cfi=(175)
cfn=(1334) std::locale::locale()
calls=39197 0 
0 1060115 414034 245243 552 23801 7631 330 79 96
cob=(1)
cfi=(164)
cfn=(540)
calls=1 67 
0 747 251 132 0 10
0 5 2 2 1 0 0 1

fn=(1358) 0x00000000049406b0
0 2 1 0 1 1 0 1
cob=(7)
cfi=(175)
cfn=(1362) std::ctype<char>::ctype(unsigned short const*, bool, unsigned long)
calls=1 0 
0 4283 1268 680 33 55 11 31 14 9
cob=(1)
cfi=(164)
cfn=(540)
calls=1 67 
0 824 268 137 0 9 0 0 1
0 5 2 2 1 0 0 1

fn=(1410) 0x0000000004941880
0 2 1 0 1 1 0 1
cob=(7)
cfi=(175)
cfn=(1414) std::codecvt<char, char, __mbstate_t>::codecvt(unsigned long)
calls=1 0 
0 37 10 7 2 1 2 2 0 2
cob=(1)
cfi=(164)
cfn=(540)
calls=1 67 
0 891 269 132 0 6 0 0 1
0 5 2 2 1 0 0 1

fn=(1464) 0x0000000004942eb0
0 167296 83648 0 48 47 0 1
cob=(3)
cfi=(274) ./locale/./locale/uselocale.c
cfn=(1468) uselocale
calls=83648 30 
0 1840256 752832 334592 92 242 0 2
cob=(1)
cfi=(164)
cfn=(540)
calls=1 67 
0 878 304 142 0 15 0 0 4
0 5 2 2 1 0 0 1

fn=(1470) 0x0000000004941f30
0 256 128 0 1 1 0 1
cob=(3)
cfi=(275) ./wcsmbs/./wcsmbs/wctob.c
cfn=(1474) wctob
calls=128 30 
0 3456 896 512 3 0 0 3
cob=(1)
cfi=(164)
cfn=(540)
calls=1 67 
0 937 322 152 2 16 0 0 3
0 5 2 2 1 0 0 1

fn=(1534) 0x00000000049421f0
0 2 1 0 1 1 0 1
cob=(7)
cfi=(175)
cfn=(1538) std::__timepunct<wchar_t>::_M_initialize_timepunct(__locale_struct*)
calls=1 0 
0 168 12 30 14 0 0 14
cob=(1)
cfi=(164)
cfn=(540)
calls=1 67 
0 1155 302 132 0 9 0 0 3
0 5 2 2 1 0 0 1

fn=(1738) 0x0000000004944210
0 47102 23551 0 7712 7772 0 1
cob=(7)
cfi=(175)
cfn=(1742) bool std::has_facet<std::ctype<char> >(std::locale const&)
calls=23551 0 
0 70653 23551 0 294 0 0 1
cob=(1)
cfi=(164)
cfn=(540)
calls=1 67 
0 938 276 132 0 7 0 0 2
0 5 2 2 1 0 0 1

fn=(1944)
0 136 68 0 20 1 0 1
cob=(7)
cfi=(175)
cfn=(1946) std::__cxx11::basic_string<char, std::char_traits<char>, std::allocator<char> >::_M_assign(std::__cxx11::basic_string<char, std::char_traits<char>, std::allocator<char> > const&)
calls=68 0 
0 6910 1690 1183 44 2 9 4 0 9

fn=(1948)
0 1280 640 0 105 113 0 41
cob=(3)
cfi=(231)
cfn=(1140)
calls=640 307 
0 125758 117622 116939 101 2127 1996 2 0 1550

fn=(1960) 0x0000000004941b30
0 19076 9538 0 455 7818 0 1
cob=(3)
cfi=(177)
cfn=(1114)
calls=9538 3352 
0 904287 281365 148291 432 29084 249 10 0 2
cob=(1)
cfi=(164)
cfn=(540)
calls=1 67 
0 891 313 147 0 17 0 0 1
0 5 2 2 1 0 0 1

fn=(1976)
0 2 1 0 1 0 0 1
cob=(3)
cfi=(148)
cfn=(1978) __gettimeofday_syscall
calls=1 33 
0 8 1 0 1 0 0 1

fn=(2120)
0 83646 41823 0 61 68 0 41
cob=(7)
cfi=(175)
cfn=(2122) std::ostream& std::ostream::_M_insert<double>(double)
calls=41823 0 
0 105845557 23137884 16228784 209743 3495 16557 223 28 1

fn=(2224) 0x0000000004940490
0 698 349 0 65 1 0 1
cob=(7)
cfi=(175)
cfn=(1914)
calls=349 0 
0 577354 492558 489777 1587 1971 17211 0 0 173
cob=(1)
cfi=(164)
cfn=(540)
calls=1 67 
0 1186 307 132 0 8
0 5 2 2 1 0 0 1

fn=(2682)
0 15414 7707 0 7686 7684 0 4066
cob=(7)
cfi=(175)
cfn=(2236) std::ios_base::~ios_base()
calls=7707 0 
0 423885 154140 92484 42137 44521

fn=(2732)
0 26 13 0 5 4 0 3
cob=(7)
cfi=(175)
cfn=(1712)
calls=13 0 
0 2873 975 572 54 44 1

fn=(2744) 0x0000000004941c00
0 4 2 0 2 2 0 1
cob=(7)
cfi=(175)
cfn=(2748) bool std::has_facet<std::codecvt<char, char, __mbstate_t> >(std::locale const&)
calls=2 0 
0 984 337 180 5 27 0 3
cob=(1)
cfi=(164)
cfn=(540)
calls=1 67 
0 1066 292 132 0 6 0 0 1
0 5 2 2 1 0 0 1

fn=(2878)
0 8 4 0 2 1 0 1
cob=(7)
cfi=(175)
cfn=(2880)
calls=4 0 
0 28 12 4 3

fn=(2988)
0 2 1 0 1
cob=(7)
cfi=(175)
cfn=(2990) std::_Rb_tree_increment(std::_Rb_tree_node_base const*)
calls=1 0 
0 16 7 0 2 0 0 2

fn=(3282) 0x0000000004942d60
0 540 270
cob=(7)
cfi=(175)
cfn=(3286) std::__cxx11::basic_string<char, std::char_traits<char>, std::allocator<char> >::swap(std::__cxx11::basic_string<char, std::char_traits<char>, std::allocator<char> >&)
calls=270 0 
0 10734 3302 2430 300 0 0 6
cob=(1)
cfi=(164)
cfn=(540)
calls=1 67 
0 1146 302 132 0 8 0 0 3
0 5 2 2 1

fn=(3300) 0x0000000004940b10
0 14 7 0 6 6 0 1
cob=(3)
cfi=(374) ./time/../sysdeps/unix/sysv/linux/clock_gettime.c
cfn=(3304) clock_gettime@@GLIBC_2.17
calls=7 30 
0 77 21 0 11 11 0 2
cob=(1)
cfi=(164)
cfn=(540)
calls=1 67 
0 934 307 142 6 20 3 0 4
0 5 2 2 1 0 0 1

fn=(3322) 0x0000000004942ae0
0 30 15 0 4 4 0 1
cob=(7)
cfi=(175)
cfn=(3326) std::ostreambuf_iterator<char, std::char_traits<char> > std::num_put<char, std::ostreambuf_iterator<char, std::char_traits<char> > >::_M_insert_int<long>(std::ostreambuf_iterator<char, std::char_traits<char> >, std::ios_base&, char, long) const
calls=15 0 
0 6042 1315 880 80 25 7 18 1
cob=(1)
cfi=(164)
cfn=(540)
calls=1 67 
0 1426 337 132 0 7 1
0 5 2 2 1 0 0 1

fn=(3750)
0 80 40 0 39 40 0 1
cob=(4)
cfi=(388)
cfn=(3752)
calls=40 283 
0 4216 951 0 400 278 0 11 22

fn=(3984)
0 2 1 0 1 1 0 1
cob=(8)
cfi=(336) /home/m0hawk/.cmdstan/cmdstan-2.39.0/stan/lib/stan_math/lib/tbb/../tbb_2020.3/src/tbb/arena.cpp
cfn=(3986) tbb::interface7::internal::task_arena_base::internal_terminate()
calls=1 909 
0 4947 1503 753 45 95 17 32 4

fn=(4114) 0x0000000004853e80
0 4 2 0 1 1
cob=(7)
cfi=(175)
cfn=(1952) operator delete(void*, unsigned long)
calls=2 0 
0 234 68 28
cob=(1)
cfi=(164)
cfn=(540)
calls=1 67 
0 706 251 133 0 8
0 5 2 2 1 0 0 1

fn=(624) 0x0000000004941fb0
0 4 2 0 1 1 0 1
cob=(7)
cfi=(175)
cfn=(630) std::error_category::error_category()
calls=2 0 
0 10 4 2 1 1 0 1
cob=(1)
cfi=(164)
cfn=(540)
calls=1 67 
0 833 259 132 0 16 7 0 0 2
0 5 2 2 1 1 0 1

fn=(872) 0x0000000004853c00
0 2 1 0 1 0 0 1
cob=(3)
cfi=(194) ./string/../sysdeps/x86_64/multiarch/strcpy-avx2.S
cfn=(876) __strncpy_avx2
calls=1 53 
0 41 5 3 9 0 1 9
cob=(1)
cfi=(164)
cfn=(540)
calls=1 67 
0 938 317 149 2 13 0 0 9
0 5 2 2 1 0 0 1

fn=(918) 0x00000000048539c0
0 2 1
cob=(3)
cfi=(204) ./nptl/./nptl/pthread_mutexattr_destroy.c
cfn=(920) pthread_mutexattr_destroy@@GLIBC_2.34
calls=1 23 
0 3 1 0 1 0 0 1

fn=(922) 0x00000000048539a0
0 4 2 0 1
cob=(3)
cfi=(189)
cfn=(854)
calls=2 77 
0 86 22 10 0 1

fn=(1008)
0 4 2 0 2 2 0 1
cob=(7)
cfi=(175)
cfn=(1010) std::__detail::_Prime_rehash_policy::_M_need_rehash(unsigned long, unsigned long, unsigned long) const
calls=2 0 
0 1218 320 138 25 27 0 12 5

fn=(1162) 0x0000000004853df0
0 4 2
cob=(3)
cfi=(219) ./dlfcn/./dlfcn/dlerror.c
cfn=(1166) dlerror@@GLIBC_2.34
calls=2 33 
0 6791 1413 1036 150 31 23 117 13 10
cob=(1)
cfi=(164)
cfn=(540)
calls=1 67 
0 838 300 142 0 11 0 0 4
0 5 2 2 1

fn=(1324)
0 40 20 0 3 2
cob=(3)
cfi=(176)
cfn=(638)
calls=20 69 
0 1500 280 300 23 11 18 0 0 10

fn=(1370) 0x0000000004941630
0 83674 41837 0 57 47 0 1
cob=(3)
cfi=(271) ./nptl/./nptl/pthread_once.c
cfn=(1374) pthread_once@@GLIBC_2.34
calls=41837 136 
0 253211 84312 310 68 75 2 22 7
cob=(1)
cfi=(164)
cfn=(540)
calls=1 67 
0 1010 337 154 2 16 0 0 6
0 5 2 2 1 0 0 1

fn=(1516) 0x0000000004942c20
0 2 1 0 1 1 0 1
cob=(7)
cfi=(175)
cfn=(1520) std::__cxx11::moneypunct<wchar_t, false>::_M_initialize_moneypunct(__locale_struct*, char const*)
calls=1 0 
0 109 30 31 6 1 0 6
cob=(1)
cfi=(164)
cfn=(540)
calls=1 67 
0 1283 318 132 0 8 0 0 1
0 5 2 2 1 0 0 1

fn=(1522) 0x0000000004940f10
0 2 1 0 1 1 0 1
cob=(7)
cfi=(175)
cfn=(1526) std::__cxx11::moneypunct<wchar_t, true>::_M_initialize_moneypunct(__locale_struct*, char const*)
calls=1 0 
0 109 30 31 6 0 0 6
cob=(1)
cfi=(164)
cfn=(540)
calls=1 67 
0 1251 314 132 0 8
0 5 2 2 1 0 0 1

fn=(1528) 0x00000000049432b0
0 2 1 0 1 1 0 1
cob=(7)
cfi=(175)
cfn=(1532) std::__timepunct<wchar_t>::__timepunct(std::__timepunct_cache<wchar_t>*, unsigned long)
calls=1 0 
0 1358 323 173 18 11 0 18 3
cob=(1)
cfi=(164)
cfn=(540)
calls=1 67 
0 1026 287 132 0 5
0 5 2 2 1 0 0 1

fn=(1768) 0x0000000004941890
0 47102 23551 0 7787 7779
cob=(7)
cfi=(175)
cfn=(1772) std::num_get<char, std::istreambuf_iterator<char, std::char_traits<char> > > const& std::use_facet<std::num_get<char, std::istreambuf_iterator<char, std::char_traits<char> > > >(std::locale const&)
calls=23551 0 
0 447469 211959 47102 294 7777 0 1
cob=(1)
cfi=(164)
cfn=(540)
calls=1 67 
0 1314 323 132 0 8 0 0 3
0 5 2 2 1

fn=(1786) 0x0000000004941230
0 8 4 0 1 1 0 1
cob=(7)
cfi=(175)
cfn=(1790) bool std::has_facet<std::ctype<wchar_t> >(std::locale const&)
calls=4 0 
0 12 4 0 1 0 0 1
cob=(1)
cfi=(164)
cfn=(540)
calls=1 67 
0 922 274 132 0 9 0 0 2
0 5 2 2 1 0 0 1

fn=(1804) 0x0000000004942ed0
0 8 4 0 1 1 0 1
cob=(7)
cfi=(175)
cfn=(1808) std::num_put<wchar_t, std::ostreambuf_iterator<wchar_t, std::char_traits<wchar_t> > > const& std::use_facet<std::num_put<wchar_t, std::ostreambuf_iterator<wchar_t, std::char_traits<wchar_t> > > >(std::locale const&)
calls=4 0 
0 76 36 8 1 0 0 1
cob=(1)
cfi=(164)
cfn=(540)
calls=1 67 
0 1330 325 132 0 7 0 0 3
0 5 2 2 1 0 0 1

fn=(1816) 0x0000000004943bd0
0 8 4 0 1 1 0 1
cob=(7)
cfi=(175)
cfn=(1820) std::num_get<wchar_t, std::istreambuf_iterator<wchar_t, std::char_traits<wchar_t> > > const& std::use_facet<std::num_get<wchar_t, std::istreambuf_iterator<wchar_t, std::char_traits<wchar_t> > > >(std::locale const&)
calls=4 0 
0 76 36 8 1 0 0 1
cob=(1)
cfi=(164)
cfn=(540)
calls=1 67 
0 1338 326 132 0 4 0 0 1
0 5 2 2 1 0 0 1

fn=(1950)
0 18438 9219 0 47 7779 0 41
cob=(7)
cfi=(175)
cfn=(1952)
calls=9219 0 
0 923219 284168 140369 8328 44541 213 12 1 1

fn=(1970)
0 13130 6565 0 20 7 0 1
cob=(7)
cfi=(175)
cfn=(1972) std::__cxx11::basic_string<char, std::char_traits<char>, std::allocator<char> >::_M_append(char const*, unsigned long)
calls=6565 0 
0 332744 69512 48450 113 1025 19 3 1 13

fn=(2214) 0x0000000004941e90
0 756 378 0 62 122
cob=(7)
cfi=(175)
cfn=(2218) std::__cxx11::basic_stringbuf<char, std::char_traits<char>, std::allocator<char> >::_M_pbump(char*, char*, long)
calls=378 0 
0 4914 378 1134 99 0 0 2
cob=(1)
cfi=(164)
cfn=(540)
calls=1 67 
0 1186 307 132 0 11 0 0 2
0 5 2 2

fn=(2364)
0 2 1 0 1
cob=(8)
cfi=(336)
cfn=(2366) tbb::interface7::internal::task_arena_base::internal_initialize()
calls=1 863 
0 173324 39128 27378 635 362 402 251 44 364

fn=(2396) 0x0000000004853ce0
0 16 8 0 1 2
cob=(8)
cfi=(217)
cfn=(2400) tbb::internal::NFS_Allocate(unsigned long, unsigned long, void*)
calls=8 176 
0 1767 315 266 11 12 13 3 0 12
cob=(1)
cfi=(164)
cfn=(540)
calls=1 67 
0 814 240 128 0 7
0 5 2 2 1

fn=(2606) 0x0000000004942590
0 174 87 0 15 3 0 1
cob=(7)
cfi=(175)
cfn=(1972)
calls=87 0 
0 16380 4224 2613 34 2
cob=(1)
cfi=(164)
cfn=(540)
calls=1 67 
0 1231 320 137 1 22
0 5 2 2 2 1 0 1

fn=(2730)
0 10 5 0 3 3 0 2
cob=(7)
cfi=(175)
cfn=(1706)
calls=5 0 
0 425 60 150 6 13 9

fn=(2782) 0x0000000004943b60
0 4 2 0 2 2 0 1
cob=(3)
cfi=(297) ./libio/./libio/iofopen.c
cfn=(1992) fopen@@GLIBC_2.2.5
calls=2 85 
0 922 221 233 71 19 12 5 2
cob=(1)
cfi=(164)
cfn=(540)
calls=1 67 
0 866 311 147 3 28 2 0 3
0 5 2 2 1 0 0 1

fn=(2788) 0x0000000004940ca0
0 4 2 0 2 2 0 1
cob=(7)
cfi=(175)
cfn=(2792) std::basic_filebuf<char, std::char_traits<char> >::_M_allocate_internal_buffer()
calls=2 0 
0 685 137 106 47 20 2 3 0 2
cob=(1)
cfi=(164)
cfn=(540)
calls=1 67 
0 1186 307 132 0 8 0 0 2
0 5 2 2 1 0 0 1

fn=(2868)
0 2 1 0 1 1 0 1
cob=(3)
cfi=(177)
cfn=(2490)
calls=1 3400 
0 208 41 34 8 1 1 0 0 1

fn=(2886)
0 2 1 0 1 0 0 1
cob=(7)
cfi=(175)
cfn=(2888) bool std::has_facet<std::__cxx11::messages<char> >(std::locale const&)
calls=1 0 
0 183 62 31 13 11 0 9 2

fn=(2924) 0x00000000049432d0
0 6 3 0 1 1
cob=(7)
cfi=(175)
cfn=(2928) std::__cxx11::collate<char>::_M_transform(char*, char const*, unsigned long) const
calls=3 0 
0 1222 387 189 17 18 0 13 4
cob=(1)
cfi=(164)
cfn=(540)
calls=1 67 
0 1016 292 137 6 13 19 0 1 15
0 5 2 2 1 1

fn=(2936) 0x0000000004bfd5b0
0 6 3 0 1 1
cob=(3)
cfi=(194)
cfn=(2938) __stpncpy_avx2
calls=3 53 
0 123 12 3 7 0 0 7

fn=(2948)
0 4042 2021 0 2 5 0 1
cob=(7)
cfi=(175)
cfn=(2950) std::__cxx11::basic_string<char, std::char_traits<char>, std::allocator<char> >::_M_replace_aux(unsigned long, unsigned long, unsigned long, char)
calls=2021 0 
0 94987 18189 16168 11 0 0 5

fn=(3160) 0x0000000004941d40
0 4 2 0 2 2 0 1
cob=(7)
cfi=(175)
cfn=(3164) std::basic_filebuf<char, std::char_traits<char> >::_M_destroy_internal_buffer()
calls=2 0 
0 14429 3592 2168 21 121 2 3
cob=(1)
cfi=(164)
cfn=(540)
calls=1 67 
0 1202 309 132 0 9 0 0 3
0 5 2 2 1 0 0 1

fn=(3258) 0x0000000004943f20
0 112 56 0 3 4 0 1
cob=(7)
cfi=(175)
cfn=(3262) std::basic_filebuf<char, std::char_traits<char> >::_M_convert_to_external(char*, long)
calls=56 0 
0 7095 2209 1123 133 61 2 7 7
cob=(1)
cfi=(164)
cfn=(540)
calls=1 67 
0 1170 305 132 0 9 0 0 2
0 5 2 2 1 0 0 1

fn=(3288) 0x0000000004942cf0
0 540 270 0 51 49 0 1
cob=(7)
cfi=(175)
cfn=(3292)
calls=270 0 
0 12960 2160 2160 344 71 0 3
cob=(1)
cfi=(164)
cfn=(540)
calls=1 67 
0 1178 306 132 0 10
0 5 2 2 1 0 0 1

fn=(4078)
0 4 2 0 1 1 0 1
cob=(8)
cfi=(217)
cfn=(4042) tbb::internal::deallocate_via_handler_v3(void*)
calls=2 232 
0 207 62 29

fn=(4098) 0x0000000004943860
0 6 3 0 1 1 0 1
cob=(7)
cfi=(175)
cfn=(4102) std::basic_ostream<wchar_t, std::char_traits<wchar_t> >::flush()
calls=3 0 
0 1730 545 244 9 22 0 9 2
cob=(1)
cfi=(164)
cfn=(540)
calls=1 67 
0 1010 285 132 1 8 0 0 1
0 5 2 2 1 0 0 1

fn=(4099) 0x0000000004943860'2
0 2 1
cob=(7)
cfi=(175)
cfn=(4103) std::basic_ostream<wchar_t, std::char_traits<wchar_t> >::flush()'2
calls=1 0 
0 134 52 23

fn=(4104) 0x0000000004942230
0 6 3 0 1 1 0 1
cob=(7)
cfi=(175)
cfn=(4108) std::basic_ostream<wchar_t, std::char_traits<wchar_t> >::sentry::sentry(std::basic_ostream<wchar_t, std::char_traits<wchar_t> >&)
calls=3 0 
0 212 79 39 3 1 0 3
cob=(1)
cfi=(164)
cfn=(540)
calls=1 67 
0 1066 292 132 0 8 0 0 2
0 5 2 2 1 0 0 1

fn=(4105) 0x0000000004942230'2
0 2 1
cob=(7)
cfi=(175)
cfn=(4109) std::basic_ostream<wchar_t, std::char_traits<wchar_t> >::sentry::sentry(std::basic_ostream<wchar_t, std::char_traits<wchar_t> >&)'2
calls=1 0 
0 23 8 5

fn=(4130)
0 2 1 0 1 0 0 1
cob=(3)
cfi=(399)
cfn=(4132)
calls=1 30 
0 129 29 12 8 7 1 8 0 1

fn=(4146)
0 4 1 0 1 0 0 1

fn=(4014) 0x0000000004853970
0 4 2 0 1 2
cob=(8)
cfi=(196)
cfn=(4016) tbb::task_group_context::~task_group_context()
calls=2 136 
0 44 18 10 2 4 0 2

fn=(4038) 0x0000000004854270
0 24 12 0 1 1 0 1
cob=(8)
cfi=(217)
cfn=(4042)
calls=12 232 
0 1389 411 183 1 11 0 0 2
cob=(1)
cfi=(164)
cfn=(540)
calls=1 67 
0 910 252 128 0 7
0 5 2 2 1

fn=(4054)
0 2 1 0 1 0 0 1
cob=(8)
cfi=(197)
cfn=(4056) tbb::interface9::global_control::internal_destroy()
calls=1 539 
0 290 83 57 23 4 0 17

fn=(4312)
0 4 1 0 1 0 0 1

fn=(864) 0x0000000004853ee0
0 2 1 0 1 1 0 1
cob=(3)
cfi=(171)
cfn=(586)
calls=1 46 
0 56 4 0 1 0 0 1
cob=(1)
cfi=(164)
cfn=(540)
calls=1 67 
0 870 305 144 4 21 0 1 4
0 5 2 2 1 0 0 1

fn=(906) 0x00000000048538e0
0 2 1 0 1 0 0 1
cob=(3)
cfi=(201) ./nptl/./nptl/pthread_mutexattr_init.c
cfn=(908) pthread_mutexattr_init@@GLIBC_2.34
calls=1 24 
0 4 1 1 1 0 0 1

fn=(1382) 0x00000000049413a0
0 2 1 0 1 1 0 1
cob=(7)
cfi=(175)
cfn=(1386) std::locale::facet::_S_create_c_locale(__locale_struct*&, char const*, __locale_struct*)
calls=1 0 
0 971 323 156 11 17 0 11 3
cob=(1)
cfi=(164)
cfn=(540)
calls=1 67 
0 1139 300 132 0 8 2 0 2
0 5 2 2 1 0 0 1

fn=(1416) 0x00000000049435c0
0 2 1 0 1 1 0 1
cob=(7)
cfi=(175)
cfn=(1420) std::__cxx11::numpunct<char>::_M_initialize_numpunct(__locale_struct*)
calls=1 0 
0 414 137 75 7 5 0 7 2
cob=(1)
cfi=(164)
cfn=(540)
calls=1 67 
0 1179 305 132 0 10 0 0 2
0 5 2 2 1 0 0 1

fn=(1446) 0x0000000004940560
0 2 1 0 1 1 0 1
cob=(7)
cfi=(175)
cfn=(1450) std::__cxx11::messages<char>::messages(unsigned long)
calls=1 0 
0 44 12 9 2 1 1 2 0 1
cob=(1)
cfi=(164)
cfn=(540)
calls=1 67 
0 842 264 132 0 6 0 0 1
0 5 2 2 1 0 0 1

fn=(1488) 0x0000000004941de0
0 24 12 0 1 1 0 1
cob=(7)
cfi=(175)
cfn=(1492) std::ctype<wchar_t>::_M_convert_to_wmask(unsigned short) const
calls=12 0 
0 4394 977 326 22 20 0 14 7
cob=(1)
cfi=(164)
cfn=(540)
calls=1 67 
0 931 274 132 0 6 0 0 1
0 5 2 2 1 0 0 1

fn=(1494) 0x0000000004941420
0 20 10 0 1 1
cob=(3)
cfi=(280) ./wctype/./wctype/wctype_l.c
cfn=(1498) wctype_l
calls=10 26 
0 3270 636 177 9 9 0 7 4
cob=(1)
cfi=(164)
cfn=(540)
calls=1 67 
0 953 317 147 4 10 0 0 3
0 5 2 2 1

fn=(1750) 0x00000000049431b0
0 47102 23551 0 7789 7778 0 1
cob=(7)
cfi=(175)
cfn=(1754) bool std::has_facet<std::num_put<char, std::ostreambuf_iterator<char, std::char_traits<char> > > >(std::locale const&)
calls=23551 0 
0 70653 23551 0 6 0 0 1
cob=(1)
cfi=(164)
cfn=(540)
calls=1 67 
0 1290 320 132 0 5 0 0 3
0 5 2 2 1 0 0 1

fn=(1774) 0x0000000004942a20
0 8 4 0 1 1 0 1
cob=(7)
cfi=(175)
cfn=(1778) std::basic_ios<wchar_t, std::char_traits<wchar_t> >::init(std::basic_streambuf<wchar_t, std::char_traits<wchar_t> >*)
calls=4 0 
0 9197 2460 1118 24 57 0 24 15
cob=(1)
cfi=(164)
cfn=(540)
calls=1 67 
0 1162 304 132 0 4 0 0 2
0 5 2 2 1 0 0 1

fn=(1850)
0 4 2 0 1 1 0 1
cob=(4)
cfi=(285)
cfn=(1852)
calls=2 22 
0 82 18 6 3 0 0 3

fn=(1870)
0 2 1 0 1 1 0 1
cob=(4)
cfi=(289)
cfn=(1872)
calls=1 32 
0 13 3 1 2 0 0 2

fn=(1918) 0x00000000049440f0
0 271606 135803 0 55 55 0 1
cob=(3)
cfi=(231)
cfn=(1140)
calls=135803 307 
0 2448606 846571 710191 490 3336 24209 0 23 198
cob=(1)
cfi=(164)
cfn=(540)
calls=1 67 
0 1100 364 166 5 27 16 0 2
0 5 2 2 1 1 0 1

fn=(1940)
0 278 139 0 2 2
cob=(7)
cfi=(175)
cfn=(1942) std::__cxx11::basic_string<char, std::char_traits<char>, std::allocator<char> >::operator=(std::__cxx11::basic_string<char, std::char_traits<char>, std::allocator<char> >&&)
calls=139 0 
0 6868 1719 1226 44 1 0 4

fn=(2302) 0x0000000004941bb0
0 332 166 0 6 6 0 1
cob=(3)
cfi=(207)
cfn=(938)
calls=166 50 
0 2326 332 0 2 17 0 0 7
cob=(1)
cfi=(164)
cfn=(540)
calls=1 67 
0 862 303 144 3 13
0 5 2 2 1 0 0 1

fn=(2314)
0 10 5 0 2 2 0 1
cob=(3)
cfi=(333) ./csu/./csu/errno-loc.c
cfn=(2316) __errno_location
calls=5 25 
0 20 15 0 2 0 0 1

fn=(2618) 0x0000000004943bf0
0 206 103 0 12 7
cob=(3)
cfi=(362) ./libio/./libio/iofwrite.c
cfn=(2622) fwrite
calls=103 31 
0 8872 2212 1640 85 33 10 16 1 2
cob=(1)
cfi=(164)
cfn=(540)
calls=1 67 
0 829 299 142 0 20 1 0 5
0 5 2 2 1

fn=(2644)
0 318 159 0 47 48 0 42
cob=(7)
cfi=(175)
cfn=(2646)
calls=159 0 
0 34540 11598 5411 550 151 2 35 12

fn=(2834) 0x0000000004940f80
0 200 100 0 44 44
cob=(7)
cfi=(175)
cfn=(2838) std::__basic_file<char>::fd()
calls=100 0 
0 2060 801 144 166 150 0 0 3
cob=(1)
cfi=(164)
cfn=(540)
calls=1 67 
0 843 263 132 0 6 0 0 1
0 5 2 2

fn=(2840) 0x00000000049404e0
0 200 100 0 56 46
cob=(3)
cfi=(301) ./libio/./libio/fileno.c
cfn=(2012) fileno
calls=100 32 
0 700 300 0 56 91
cob=(1)
cfi=(164)
cfn=(540)
calls=1 67 
0 855 299 142 4 13 0 0 3
0 5 2 2 1

fn=(2876)
0 10 5 0 4 4 0 3
cob=(7)
cfi=(175)
cfn=(1334)
calls=5 0 
0 125 50 30 3

fn=(2882)
0 2 1 0 1
cob=(7)
cfi=(175)
cfn=(1724)
calls=1 0 
0 20 7 3 1

fn=(2940) 0x0000000004940170
0 16 8 0 3 3 0 1
cob=(7)
cfi=(175)
cfn=(2942)
calls=8 0 
0 14967 3760 2244 19 121 1 1

fn=(2944)
0 22 11 0 3 3
cob=(7)
cfi=(175)
cfn=(2946)
calls=11 0 
0 977 242 148 9 0 0 4

fn=(2952)
0 2 1 0 1 1
cob=(7)
cfi=(175)
cfn=(2954) std::__detail::_List_node_base::_M_hook(std::__detail::_List_node_base*)
calls=1 0 
0 9 2 3 1 0 0 1

fn=(3150)
0 2 1 0 1 1 0 1
cob=(7)
cfi=(175)
cfn=(3152)
calls=1 0 
0 4745 1375 681 79 67 2 17 13

fn=(3682) 0x0000000004943d60
0 84 42 0 42 42 0 1
cob=(7)
cfi=(175)
cfn=(3686) std::__basic_file<char>::xsputn_2(char const*, long, char const*, long)
calls=42 0 
0 3850 1098 774 419 243 3 6 5
cob=(1)
cfi=(164)
cfn=(540)
calls=1 67 
0 939 275 132 3 45 18 0 1
0 5 2 2 1 1 0 1

fn=(4086) 0x0000000004942d30
0 4 2 0 1 1 0 1
cob=(7)
cfi=(175)
cfn=(4090) __cxa_get_globals
calls=2 0 
0 985 342 149 4 44 0 4 2
cob=(1)
cfi=(164)
cfn=(540)
calls=1 67 
0 763 253 132 0 12 0 0 1
0 5 2 2 1 0 0 1

fn=(4158)
0 2 1 0 1 0 0 1
cob=(3)
cfi=(399)
cfn=(4132)
calls=1 30 
0 129 29 12

fn=(4278) 0x00000000049401e0
0 2 1 0 1
cob=(3)
cfi=(399)
cfn=(4132)
calls=1 30 
0 1203 366 184 10 21 2 6

fn=(4296) 0x0000000004942210
0 4 2 0 0 1
cob=(7)
cfi=(175)
cfn=(4300) std::error_category::~error_category()
calls=2 0 
0 4 2
cob=(1)
cfi=(164)
cfn=(540)
calls=1 67 
0 849 261 132 2 18 2
0 5 2 2 1 1

fn=(856) 0x0000000004bfd470
0 2 1 0 1 1 0 1
cob=(1)
cfi=(190)
cfn=(860)
calls=1 214 
0 45 17 4 3 3 0 3
cob=(1)
cfi=(164)
cfn=(540)
calls=1 67 
0 1037 333 145 0 12 0 0 2
0 5 2 2 2 1 0 1

fn=(1138) 0x0000000004bfd620
0 938 469 0 54 44 0 1
cob=(3)
cfi=(231)
cfn=(1140)
calls=469 307 
0 6087 1661 1135 17 63 28 7 21 27

fn=(1188) 0x0000000004bfd450
0 8 4 0 1 1
cob=(3)
cfi=(194)
cfn=(1190) __stpcpy_avx2
calls=4 53 
0 104 20 8 5 1 0 5 1

fn=(1210) 0x0000000004bfd4d0
0 167328 83664 0 47 44 0 1
cob=(3)
cfi=(247) ./string/../sysdeps/x86_64/multiarch/strchr-avx2.S
cfn=(1212) __strchrnul_avx2
calls=83664 51 
0 1589616 167328 0 93 2 0 2 2

fn=(1318) 0x00000000048540a0
0 10 5 0 2 2
cob=(3)
cfi=(270) ./nptl/./nptl/pthread_getspecific.c
cfn=(1322) pthread_getspecific@@GLIBC_2.34
calls=5 24 
0 67 19 0 8 5 0 2
cob=(1)
cfi=(164)
cfn=(540)
calls=1 67 
0 961 313 142 1 11 0 0 5
0 5 2 2

fn=(1326)
0 4 2 0 2 1 0 1
cob=(7)
cfi=(175)
cfn=(1328) std::ios_base::Init::Init()
calls=2 0 
0 105986 29114 13663 442 647 148 424 110 114

fn=(1352) 0x0000000004941290
0 14 7 0 1 1 0 1
cob=(7)
cfi=(175)
cfn=(1356) std::locale::facet::_S_get_c_name()
calls=7 0 
0 21 7 0 1 0 0 1
cob=(1)
cfi=(164)
cfn=(540)
calls=1 67 
0 921 270 132 0 11 0 0 2
0 5 2 2 1 0 0 1

fn=(1364) 0x00000000049432c0
0 83674 41837 0 49 48 0 1
cob=(7)
cfi=(175)
cfn=(1368) std::locale::facet::_S_get_c_locale()
calls=41837 0 
0 714433 210162 42303 222 138 42 25 13
cob=(1)
cfi=(164)
cfn=(540)
calls=1 67 
0 939 275 132 0 8 0 0 1
0 5 2 2 1 0 0 1

fn=(1388) 0x0000000004942370
0 2 1 0 1 1 0 1
cob=(3)
cfi=(273) ./locale/./locale/newlocale.c
cfn=(1392) newlocale
calls=1 43 
0 48 13 9 7 0 0 7
cob=(1)
cfi=(164)
cfn=(540)
calls=1 67 
0 906 305 142 0 16 0 0 3
0 5 2 2 1 0 0 1

fn=(1398) 0x0000000004941fc0
0 64 32 0 1 1 0 1
cob=(7)
cfi=(175)
cfn=(1402) std::locale::_Impl::_M_install_facet(std::locale::id const*, std::locale::facet const*)
calls=32 0 
0 13480 3972 486 10 16 0 10 5
cob=(1)
cfi=(164)
cfn=(540)
calls=1 67 
0 1099 295 132 0 7 0 0 2
0 5 2 2 1 0 0 1

fn=(1510) 0x0000000004940b40
0 2 1 0 1 1 0 1
cob=(7)
cfi=(175)
cfn=(1514) std::__cxx11::numpunct<wchar_t>::_M_initialize_numpunct(__locale_struct*)
calls=1 0 
0 350 74 74 5 1 3 5 1 3
cob=(1)
cfi=(164)
cfn=(540)
calls=1 67 
0 1155 302 132 0 8
0 5 2 2 1 0 0 1

fn=(1578) 0x0000000004943ee0
0 2 1 0 1 1 0 1
cob=(7)
cfi=(175)
cfn=(1582) std::moneypunct<char, true>::_M_initialize_moneypunct(__locale_struct*, char const*)
calls=1 0 
0 113 38 31 5 0 1 5
cob=(1)
cfi=(164)
cfn=(540)
calls=1 67 
0 1203 308 132 0 7 0 0 2
0 5 2 2 1 0 0 1

fn=(1864)
0 2 1 0 1 1 0 1
cob=(4)
cfi=(287)
cfn=(1866)
calls=1 29 
0 32 6 1 4 2 0 4 2

fn=(1876)
0 14 7 0 1 1 0 1
cob=(7)
cfi=(175)
cfn=(1878) __cxa_guard_acquire
calls=7 0 
0 119 42 14 6 2 0 2

fn=(1922) 0x0000000004943fd0
0 698 349 0 78 51 0 1
cob=(7)
cfi=(175)
cfn=(1926) std::__cxx11::basic_string<char, std::char_traits<char>, std::allocator<char> >::_M_mutate(unsigned long, unsigned long, char const*, unsigned long)
calls=349 0 
0 562106 483776 477432 844 1804 7464 10 1 307
cob=(1)
cfi=(164)
cfn=(540)
calls=1 67 
0 1194 308 132 0 12
0 5 2 2 1 0 0 1

fn=(2008) 0x0000000004bfd600
0 8 4 0 3 2
cob=(3)
cfi=(247)
cfn=(2010) __strchr_avx2
calls=4 51 
0 84 12 0 8 0 0 2

fn=(2220)
0 15608 7804 0 7728 7771 0 4246
cob=(7)
cfi=(175)
cfn=(2222) std::__cxx11::basic_stringbuf<char, std::char_traits<char>, std::allocator<char> >::str() const
calls=7804 0 
0 945622 592620 575459 47280 21450 19396 5 0 173

fn=(2232) 0x0000000004943020
0 258 129 0 64 47 0 1
cob=(7)
cfi=(175)
cfn=(2236)
calls=129 0 
0 9051 3137 1816 313 242 0 9 2
cob=(1)
cfi=(164)
cfn=(540)
calls=1 67 
0 763 253 132 0 6
0 5 2 2 1 0 0 1

fn=(2294)
0 50 25 0 3 3 0 1
cob=(7)
cfi=(175)
cfn=(2296) std::__cxx11::basic_string<char, std::char_traits<char>, std::allocator<char> >::find(char, unsigned long) const
calls=25 0 
0 1123 200 74 14 3 0 2

fn=(2298)
0 154 77 0 5 3 0 1
cob=(7)
cfi=(175)
cfn=(2300) std::__cxx11::basic_string<char, std::char_traits<char>, std::allocator<char> >::compare(char const*) const
calls=77 0 
0 6153 1494 607 40 36 2 5 5

fn=(2306)
0 3374 1687
cob=(3)
cfi=(281)
cfn=(1502)
calls=1687 71 
0 30332 5313 0 20 11

fn=(2734)
0 4 2 0 2 2 0 1
cob=(7)
cfi=(175)
cfn=(2736) std::basic_filebuf<char, std::char_traits<char> >::basic_filebuf()
calls=2 0 
0 4548 1340 710 29 55 15 17 3

fn=(2806)
0 462 231 0 1 1 0 1
cob=(7)
cfi=(175)
cfn=(2808) std::istream::read(char*, long)
calls=231 0 
0 43179 12936 7934 151 112 5 37 22

fn=(3110) 0x0000000004943d10
0 84 42 0 42 42 0 1
cob=(7)
cfi=(175)
cfn=(2798)
calls=42 0 
0 294 126 42 42
cob=(1)
cfi=(164)
cfn=(540)
calls=1 67 
0 1090 295 132 43 24
0 5 2 2 2 0 0 1

fn=(3118)
0 10 5 0 1 1
cob=(7)
cfi=(175)
cfn=(3120) std::_Rb_tree_increment(std::_Rb_tree_node_base*)
calls=5 0 
0 65 24 0 1 0 0 1

fn=(3264) 0x0000000004941a70
0 112 56 0 3 4 0 1
cob=(7)
cfi=(175)
cfn=(3268) std::__basic_file<char>::xsputn(char const*, long)
calls=56 0 
0 3727 1097 485 83 48 1 2 5
cob=(1)
cfi=(164)
cfn=(540)
calls=1 67 
0 899 270 132 0 9 1 0 2
0 5 2 2 1 0 0 1

fn=(3452)
0 14 7 0 5 5 0 1
cob=(4)
cfi=(379)
cfn=(3454)
calls=7 49 
0 296 67 0 26 20 0 6 5

fn=(3560) 0x0000000004943fe0
0 15450 7725 0 7685 7725
cob=(7)
cfi=(175)
cfn=(1946)
calls=7725 0 
0 285825 84975 61800 15498 4171 2248
cob=(1)
cfi=(164)
cfn=(540)
calls=1 67 
0 1162 304 132 44 46 20
0 5 2 2 2 1

fn=(4150)
0 3 0 1 2 0 0 1
cob=(5)
cfi=(168)
cfn=(4152)
calls=1 0 
0 162 39 18 5 2 0 2
0 2 1

fn=(4018) 0x0000000004853f70
0 16 8 0 1
cob=(8)
cfi=(217)
cfn=(4022) tbb::internal::NFS_Free(void*)
calls=8 198 
0 1104 330 146 2 30 1 0 1
cob=(1)
cfi=(164)
cfn=(540)
calls=1 67 
0 758 233 128 0 20 16
0 5 2 2 2 1

fn=(4330)
0 4 1 0 1 0 0 1

ob=(8)
fl=(197)
fn=(890)
314 6 0 3 2 0 0 1
-15 3
+15 21 0 12
-15 3
+15 9 0 3
-15 9 3 0 0 2 0 0 1
+27 3 0 3 2 0 0 1
-26 3 0 3
cob=(2)
cfi=(51)
cfn=(892)
calls=3 0 
* 7029 2717 534 55 204 23 53 11
+2 3
+13 3 3
-13 3 3
+13 6
+11 24 21

fn=(896)
205 3 0 0 2 0 0 1
fi=(186) /home/m0hawk/.cmdstan/cmdstan-2.39.0/stan/lib/stan_math/lib/tbb/../tbb_2020.3/include/tbb/machine/gcc_generic.h
-45 3 3
fe=(197)
+46 8 2
-1 1 0 1 1 0 0 1
fi=(186)
-61 1
fe=(197)
+61 3 0 2
fi=(268) /home/m0hawk/.cmdstan/cmdstan-2.39.0/stan/lib/stan_math/lib/tbb/../tbb_2020.3/include/tbb/tbb_machine.h
355 2
fi=(186)
144 2 1 1 0 1 0 0 1
fi=(268)
921 2
fe=(197)
208 1 0 1 1 0 0 1
cfn=(898) tbb::internal::ITT_DoUnsafeOneTimeInitialization()
calls=1 -17 
* 6237 2470 398 48 196 23 48 10
fi=(186)
-60 1 0 1
fe=(197)
+63 4 4

fn=(1046) tbb::internal::DoOneTimeInitializations()
215 3 0 2
fi=(186)
-71 1
fe=(197)
+71 2 0 2
fi=(268)
355 1
fe=(197)
215 2
fi=(186)
-71 2 1 1 1 0 0 1
fi=(268)
921 2
fe=(197)
219 3 1
fi=(186)
-71 1 0 1
fe=(197)
+93 6 5
-21 1 0 1 1 0 0 1
cfn=(960) tbb::internal::__TBB_InitOnce::add_ref()
calls=1 117 
* 7 2 1
fi=(216) /home/m0hawk/.cmdstan/cmdstan-2.39.0/stan/lib/stan_math/lib/tbb/../tbb_2020.3/src/tbb/tbb_environment.h
39 2 0 1
cob=(2)
cfi=(51)
cfn=(930)
calls=1 -39 
* 665 221 7 1 23 0 0 1
* 3
fe=(197)
225 1 0 1 1 0 0 1
cfn=(898)
calls=1 -34 
* 5 2
+1 1 1
+2 1 0 1
cfi=(217)
cfn=(1050) tbb::internal::initialize_cache_aligned_allocator()
calls=1 -96 
* 15777 4056 2236 328 187 83 255 35 33
+1 1 0 1
cfi=(210) /home/m0hawk/.cmdstan/cmdstan-2.39.0/stan/lib/stan_math/lib/tbb/../tbb_2020.3/src/tbb/governor.cpp
cfn=(1228) tbb::internal::governor::initialize_rml_factory()
calls=1 +13 
* 10698 2446 1433 69 22 13 7 2 2
+1 2 0 1
cfi=(195)
cfn=(1232) tbb::internal::Scheduler_OneTimeInitialization(bool)
calls=1 52 
* 9 1 3 2 0 0 2
fi=(251) /home/m0hawk/.cmdstan/cmdstan-2.39.0/stan/lib/stan_math/lib/tbb/../tbb_2020.3/src/tbb/governor.h
86 4 1
+4 3 1
fe=(197)
236 1 0 1
cfi=(210)
cfn=(1302) tbb::internal::governor::print_version_info()
calls=1 -7 
* 36 10 8 3 1 0 2
+1 7 0 1 1 0 0 1
cfi=(212) /home/m0hawk/.cmdstan/cmdstan-2.39.0/stan/lib/stan_math/lib/tbb/../tbb_2020.3/src/tbb/tbb_misc.cpp
cfn=(1226) tbb::internal::PrintExtraVersionInfo(char const*, char const*, ...)
calls=1 -26 
* 23 7 7
+1 2 0 1
fi=(251)
91 1 0 1
cfi=(212)
cfn=(1298) tbb::internal::DefaultSystemPageSize()
calls=1 -21 
* 60 13 6 6 1 0 4 1
* 2 0 1
-4 1 0 1 1 0 0 1
cfi=(252) /home/m0hawk/.cmdstan/cmdstan-2.39.0/stan/lib/stan_math/lib/tbb/../tbb_2020.3/src/tbb/tbb_misc_ex.cpp
cfn=(1236) tbb::internal::AvailableHwConcurrency()
calls=1 206 
* 10135 2872 1524 118 106 6 59 19 3
* 2 0 1
fe=(197)

fn=(2394) tbb::internal::market::app_parallelism_limit()
512 2 0 0 1 0 0 1
fi=(186)
160 2 2
fe=(197)
513 6 2
+1 2 2

fn=(2390) tbb::internal::stack_size_control::default_value() const
497 1
+2 2 1

fn=(4236) tbb::internal::__TBB_InitOnce::remove_ref()
122 3 0 0 1
fi=(186)
-22 3
fe=(197)
+25 8 5 3
-3 1
+4 1 0 1 1
cfi=(210)
cfn=(4240) tbb::internal::governor::release_resources()
calls=1 -47 
* 1867 621 306 16 75 11 6 5
+3 1
-2 1
cfi=(199) /home/m0hawk/.cmdstan/cmdstan-2.39.0/stan/lib/stan_math/lib/tbb/../tbb_2020.3/src/tbb/tools_api/ittnotify_static.c
cfn=(4260) __itt_fini_ittlib
calls=1 1029 
* 1312 620 162 11 97 18 8

fn=(960)
117 3 0 0 2 0 0 1
fi=(186)
-17 9 3 3 2 0 0 1
fe=(197)
+18 6
+2 2 2
-1 1
cfi=(210)
cfn=(962) tbb::internal::governor::acquire_resources()
calls=1 -52 
* 1016 322 153 8 16 1 8 4 1

fn=(4056)
539 12 1 7 2 0 0 1
+3 3 1
fi=(334) /home/m0hawk/.cmdstan/cmdstan-2.39.0/stan/lib/stan_math/lib/tbb/../tbb_2020.3/include/tbb/spin_mutex.h
80 1 0 1 1 0 0 1
fe=(197)
543 1
fi=(268)
355 1
fi=(186)
144 1
fe=(197)
543 1 1 0 0 1
+8 1
fi=(334)
86 1 0 1
fi=(186)
+58 2 1 1 0 1
fi=(268)
921 2
fe=(197)
552 1 1 0 1 0 0 1
fi=(412) /home/m0hawk/.cmdstan/cmdstan-2.39.0/stan/lib/stan_math/lib/tbb/../tbb_2020.3/include/tbb/atomic.h
311 1
fi=(186)
160 1 1
fe=(197)
554 1
fi=(186)
160 1 1
fe=(197)
554 1
fi=(186)
160 1 1
fe=(197)
559 2
-19 2
+19 4 1
+1 2 0 0 1 0 0 1
+2 1 1
-1 2
fi=(186)
160 1 1 0 1 0 0 1
fe=(197)
569 2
+2 3 2 1 0 1
cfn=(4062) tbb::internal::allowed_parallelism_control::default_value() const
calls=1 467 
* 12 3 1 1 1
* 1
+2 2
+2 1 1
-1 1 0 1
+1 2 1 1
cfn=(2358) tbb::internal::allowed_parallelism_control::apply_active() const
calls=1 473 
* 199 54 41 15 0 0 11
fi=(334)
126 3 1
fi=(186)
+22 1 0 1
fe=(197)
577 11 9
fi=(186)
168 1 0 1
fi=(412)
515 1
fe=(197)
+41 1 1 0 1 0 0 1
-4 1
+4 1

fn=(898)
191 2 0 0 1 0 0 1
fi=(186)
-31 2 2
fe=(197)
+34 5 1
-3 3 0 3
+4 1 0 1
cfi=(198) /home/m0hawk/.cmdstan/cmdstan-2.39.0/stan/lib/stan_math/lib/tbb/../tbb_2020.3/src/tbb/itt_notify.cpp
cfn=(900) tbb::internal::__TBB_load_ittnotify()
calls=1 47 
* 6217 2464 392 46 196 23 46 10
* 2 0 1
+1 1
fi=(186)
-28 1 0 1
fe=(197)
+30 4 1 0 1 0 0 1
+2 4 4

fn=(958)
585 2
fi=(334)
46 2 0 1
fi=(402) /home/m0hawk/.cmdstan/cmdstan-2.39.0/stan/lib/stan_math/lib/tbb/../tbb_2020.3/src/tbb/tbb_main.h
+23 1 0 1
cfi=(197)
cfn=(960)
calls=1 +48 
* 1023 323 154 10 16 1 10 4 1
fe=(197)
-1 4 0 1 1 0 0 1
cob=(2)
cfi=(51)
cfn=(952)
calls=1 -68 
* 77 15 15
466 1
fi=(334)
46 2 0 2 0 0 2 0 0 2
fe=(197)
466 2 0 1
+30 3 0 1 1 0 0 1
+89 2 1

fn=(2388) tbb::internal::control_storage::active_value() const
461 1
fi=(186)
160 1 1
fe=(197)
462 4 2 0 1 0 0 1
cfn=(2390)
calls=1 +35 
* 3 1

fn=(4062)
467 2 0 1 1
fi=(251)
86 4 1 0 0 1
fe=(197)
468 2
+1 1 1
-1 2
+1 1 1

fn=(2352)
523 11 1 6 1 0 0 1
+1 3 1
fi=(334)
80 1 0 1 1 0 0 1
fe=(197)
525 1
fi=(268)
355 1
fi=(186)
144 1
fe=(197)
525 1 1 0 0 1
+2 1
fi=(334)
86 1 0 1
fi=(268)
355 1
fi=(186)
144 2 1 1 0 1
fi=(268)
921 2
fi=(186)
160 1 1 0 1 0 0 1
fe=(197)
528 2
fi=(186)
160 1 1 0 1 0 0 1
fe=(197)
534 1 0 1
fi=(186)
168 1 0 1
fi=(334)
-42 3 1
fi=(186)
+22 1 0 1
fe=(197)
537 10 8
-8 1 1 0 1 0 0 1
+3 1
-3 1 0 1
+3 2 2 1 0 1
cfn=(2358)
calls=1 -59 
* 38 12 8 5 1 0 5
* 1

fn=(2358)
473 2 0 0 2 0 0 1
+3 6 2
cfi=(335) /home/m0hawk/.cmdstan/cmdstan-2.39.0/stan/lib/stan_math/lib/tbb/../tbb_2020.3/src/tbb/market.cpp
cfn=(2360) tbb::internal::market::set_active_num_workers(unsigned int)
calls=2 235 
* 229 64 49 18 1 0 15

fn=(2386)
579 3 0 1 1 0 0 1
+1 2
+1 2 1 0 1 0 0 1
+1 1 1
-1 3 2 0 0 2
cfn=(2388)
calls=1 461 
* 9 4 0 1 0 0 1

fl=(335)
fn=(2438) tbb::internal::market::insert_arena_into_list(tbb::internal::arena&)
29 1 0 0 1 0 0 1
+2 1 1
+1 1 1
fi=(392) /home/m0hawk/.cmdstan/cmdstan-2.39.0/stan/lib/stan_math/lib/tbb/../tbb_2020.3/src/tbb/intrusive_list.h
159 3
+1 1
-1 1 0 1
+1 2 1 1
+1 1 0 1
+2 1 1 0 1 1 0 1
-1 1 0 1
+1 2 0 1
fe=(335)
38 2
+1 2 0 1
+1 1 1

fn=(4234) tbb::internal::market::destroy()
165 2
+6 1 0 1
cob=(2)
cfi=(51)
cfn=(4018)
calls=1 0 
* 143 41 19 0 13 1
+2 1
-1 1
cfi=(197)
cfn=(4236)
calls=1 -50 
* 5 2 1 1

fn=(4002) tbb::internal::market::detach_arena(tbb::internal::arena&)
322 6 0 2 1 0 0 1
+3 2 1
+3 3 0 1
cfn=(4004) tbb::internal::market::remove_arena_from_list(tbb::internal::arena&)
calls=1 42 
* 28 8 4 3 1 0 2
+1 3 2
+1 2 0 1
+1 4 3

fn=(4066) tbb::internal::market::update_allotment(long)
476 2 0 1 1 0 0 1
+2 1
-2 2 0 1
+2 1
-2 4 0 2
+3 1 1
-1 1 1 0 1 0 0 1
+1 9 1
+3 1 1
-1 1 0 1
+1 2
+9 3 0 0 1 0 0 1
+9 6 5

fn=(2378) tbb::internal::market::global_market(bool, unsigned int, unsigned long)
96 6 0 3 1 0 0 1
fi=(186)
+48 3
fe=(335)
-48 15 0 9
fi=(268)
355 3
fe=(335)
96 18 0 6
fi=(186)
+48 6 3 3 1 0 0 1
fi=(268)
921 6
fe=(335)
98 6 3 0 1 0 0 1
+1 6
+1 2 0 2
+1 4
fi=(186)
+47 2 0 2
fe=(335)
-45 2
fi=(251)
-17 6 2 0 0 1
fe=(335)
+21 6
+3 2 2
+1 4
+12 6 2
+40 27 21 0 1 0 0 1
-33 2 0 0 1 0 0 1
fi=(251)
-44 4 1 0 0 1
fe=(335)
+49 4
+5 1 0 1 1 0 0 1
cfi=(197)
cfn=(2394)
calls=1 512 
* 6 3 0 1 0 0 1
* 1 0 1
fi=(251)
-54 4 2
fe=(335)
+54 7 0 1
-53 1 0 1
cfi=(197)
cfn=(2394)
calls=1 512 
* 6 3
* 2
+1 1
+4 4 1 0 1 0 0 1
+55 1
+2 1 0 1
cfi=(197)
cfn=(960)
calls=1 -32 
* 7 2 1 2
+1 4 0 1
cob=(2)
cfi=(51)
cfn=(2396)
calls=1 0 
* 1046 282 163 9 10 2 3 0 2
fi=(193) /usr/include/x86_64-linux-gnu/bits/string_fortified.h
-91 3
fe=(335)
+91 1
fi=(193)
-91 1 0 1
cob=(2)
cfi=(51)
cfn=(1288)
calls=1 -59 
* 2315 3 2296 4 1 36 0 0 36
fe=(335)
+94 5 1 1 1 0 0 1
cfn=(2408) tbb::internal::market::market(unsigned int, unsigned int, unsigned long)
calls=1 -89 
* 7233 1133 3193 16 6 261 15 0 260
+1 2
+1 1 0 1
+1 2 0 1
+2 3 1
fi=(186)
-10 1 0 1
fe=(335)
+14 1
fi=(337) /home/m0hawk/.cmdstan/cmdstan-2.39.0/stan/lib/stan_math/lib/tbb/../tbb_2020.3/include/tbb/global_control.h
61 2 0 1 1 0 0 1
cob=(2)
cfi=(51)
cfn=(2382)
calls=1 -61 
* 969 267 131 16 20 0 5 1
* 2
fe=(335)

fn=(4064) tbb::internal::market::update_workers_request()
217 5 0 2 1 0 0 1
+4 1 1
-3 1 1 0 1 0 0 1
+1 1 1
fi=(185) /home/m0hawk/.cmdstan/cmdstan-2.39.0/stan/lib/stan_math/lib/tbb/../tbb_2020.3/src/tbb/tbb_misc.h
111 1 1
fe=(335)
221 2
+6 2 1 1
+1 1
-1 2 0 1
+1 1 0 1
cfn=(4066)
calls=1 476 
* 34 9 5 3 0 0 3
+4 1 1
+1 2 1
-1 1
+1 6 2 0 1 0 0 1

fn=(4232) tbb::internal::market::acknowledge_close_connection()
695 1 0 0 1
+1 1
cfn=(4234)
calls=1 165 
* 153 43 21 1 13 1

fn=(2376) tbb::internal::market::create_arena(int, int, unsigned long)
308 3 0 1 1 0 0 1
+4 1
-4 1 0 1
+4 1
-4 1
+4 1
-4 5 1 2
+4 1 0 1
cfn=(2378)
calls=1 96 
* 11675 1708 5803 57 38 299 33 1 298
+2 3
-2 1
+2 1 0 1
cfi=(336)
cfn=(2424) tbb::internal::arena::allocate_arena(tbb::internal::market&, unsigned int, unsigned int)
calls=1 -29 
* 3830 788 710 27 43 50 18 0 36
+2 1 0 0 1 0 0 1
fi=(342) /home/m0hawk/.cmdstan/cmdstan-2.39.0/stan/lib/stan_math/lib/tbb/../tbb_2020.3/include/tbb/spin_rw_mutex.h
108 1 0 1 0 0 1
fe=(335)
314 1
fi=(342)
109 1 0 1
+1 1 0 1
cob=(2)
cfi=(51)
cfn=(1308)
calls=1 0 
* 29 8 4 4 1
fe=(335)
317 3 0 1
cfn=(2438)
calls=1 29 
* 20 5 6 2 1 0 2
fi=(342)
127 1 0 1
fi=(186)
+13 1 1 1
fe=(335)
319 9 6 0 1 0 0 1

fn=(2408)
64 1 0 0 1 0 0 1
+9 1
-9 2 0 1
fi=(342)
+6 1 0 1
fe=(335)
+3 1
-8 1 0 1
+8 2 0 1
fi=(392)
+66 1 0 1
+1 1 0 1
-1 2 0 1
+1 1 0 1
-1 2 0 1 1 0 0 1
+1 1 0 1
-1 1
fe=(335)
-73 1 0 1
+2 1 0 1
+1 1 0 1
fi=(392)
+69 3 0 3 1 0 0 1
fe=(335)
-67 1 0 1
+1 1 0 1
+1 1 0 1
fi=(392)
+65 1 0 1
+1 1 0 1
+1 1 0 1
fe=(335)
-63 1 0 1
+5 1 0 1 1 0 0 1
cfi=(210)
cfn=(2410) tbb::internal::governor::create_rml_server(tbb::internal::rml::tbb_client&)
calls=1 +10 
* 7198 1131 3168 12 6 260 11 0 260
* 1 0 1 0 0 1
+2 2 2

fn=(3988) tbb::internal::market::release(bool, bool)
175 20 0 12 1 0 0 1
fi=(186)
-31 4
fe=(335)
+31 4 0 4
fi=(268)
355 4
fe=(335)
175 28 0 12 0 0 1
fi=(186)
-31 8 4 4 0 2
fi=(268)
921 8
fe=(335)
201 8 4 0 1 1 0 1
-21 8
+16 8 4 0 1 0 0 1
+3 1 0 1
+2 12 0 4 1 0 0 1
fi=(186)
-53 3 0 3
fe=(335)
+67 36 28 0 0 1
-11 1 0 0 1 0 0 1
+7 1
+1 1
-8 1 0 1
fi=(186)
-56 1 0 1
fe=(335)
+62 1 0 1
+1 3 3 1 0 2
cfi=(338) /home/m0hawk/.cmdstan/cmdstan-2.39.0/stan/lib/stan_math/lib/tbb/../tbb_2020.3/src/tbb/private_server.cpp
cfn=(4228) tbb::internal::rml::private_server::request_close_connection(bool)
calls=1 -27 
* 8506 2216 1352 7 277 1 5
+1 1

fn=(4004)
42 1 0 0 1
+2 1 1
-2 1
+3 1 1 0 1 0 0 1
+5 1
+2 2 1
fi=(392)
170 3 0 1
+1 3 2 1
+1 1 0 1
fe=(335)
58 1 1
fi=(392)
+87 1
-64 1 1 0 0 1
+64 2 0 0 1 0 0 1
+4 1
-4 1 1
fe=(335)
-92 2
+2 3 0 1
-2 2

fn=(3996) tbb::internal::market::try_destroy_arena(tbb::internal::arena*, unsigned long)
333 7 0 3 1 0 0 1
+6 1
fi=(342)
180 1 0 1
cob=(2)
cfi=(51)
cfn=(1308)
calls=1 0 
* 29 8 4 4 2
fe=(335)
344 2 0 0 1 0 0 1
fi=(392)
147 1 1 0 0 1
fe=(335)
349 2
fi=(392)
147 1 1 0 0 1
fe=(335)
349 2
+1 3
-6 3
+7 2 1 0 1 0 0 1
+2 3 1
fi=(186)
160 1 1
fe=(335)
353 2
+3 3 0 1
cfn=(4002)
calls=1 -34 
* 48 14 8 4 1 0 3
fi=(342)
192 2 1
fi=(186)
-52 1 1 1
fe=(335)
371 1 1
-12 1
+12 2 2
-12 1
cfi=(336)
cfn=(4010) tbb::internal::arena::free_arena()
calls=1 -63 
* 4715 1433 706 24 82 17 16 4

fn=(2360)
235 6 0 4 2 0 0 1
fi=(186)
-91 2
fe=(335)
+91 8 0 6
fi=(268)
355 2
fe=(335)
235 10 2 2 2 0 0 1
fi=(268)
355 2
fi=(186)
144 4 2 2 0 1
fi=(268)
921 4
fe=(335)
240 8 2 0 2 0 0 1
+3 2 1
+2 1 0 1
+6 1
fi=(186)
148 1 0 1
fi=(342)
-40 1 0 1 1 0 0 1
+1 1 0 1
+1 1 0 1
cob=(2)
cfi=(51)
cfn=(1308)
calls=1 0 
* 29 8 4
fe=(335)
268 6 2
fi=(186)
168 1 0 1 1 0 0 1
fe=(335)
280 1 0 1
+3 3 1 0 1 0 0 1
+12 2 0 1 1 0 0 1
cfn=(4064)
calls=1 -78 
* 61 18 10 6 0 0 6
* 1
fi=(342)
102 3 1
+30 1 1
-5 1 0 1 1 0 0 1
+5 1
fi=(186)
+8 1 1 1
fe=(335)
298 2
+3 3 2
+1 1
-1 3
+1 5 5
-1 1
cfn=(3988)
calls=1 175 
* 38 10 10
fi=(186)
148 1 0 1 1 0 0 1
fe=(335)
302 10 8

fl=(345) /home/m0hawk/.cmdstan/cmdstan-2.39.0/stan/lib/stan_math/lib/tbb/../tbb_2020.3/src/tbb/custom_scheduler.h
fn=(4224) tbb::internal::custom_scheduler<tbb::internal::IntelSchedulerTraits>::~custom_scheduler()
52 1 0 0 1 0 0 1
fi=(346) /home/m0hawk/.cmdstan/cmdstan-2.39.0/stan/lib/stan_math/lib/tbb/../tbb_2020.3/src/tbb/scheduler.h
+85 4 0 1 1 0 0 1
cfi=(195)
cfn=(4226) tbb::internal::scheduler::~scheduler()
calls=1 -65 
* 2 1 0 1
fe=(345)

fn=(2460) tbb::internal::custom_scheduler<tbb::internal::IntelSchedulerTraits>::allocate_scheduler(tbb::internal::market&, bool)
137 2 0 1 1 0 0 1
+1 1
-1 2 0 1
+1 1
-1 2 0 1
+1 2 0 1
cob=(2)
cfi=(51)
cfn=(2396)
calls=1 0 
* 218 40 33 3 0 1 0 0 1
+2 1
-85 1
fi=(193)
+4 3 0 1 0 0 1 0 0 1
fe=(345)
+79 1
fi=(193)
-79 55 0 49 1 0 6 1 0 6
fe=(345)
-4 2 0 1
cfi=(195)
cfn=(2464) tbb::internal::generic_scheduler::generic_scheduler(tbb::internal::market&, bool)
calls=1 +29 
* 312 54 70 9 0 3 9 0 3
* 3 0 1
+87 4 1
+2 5 4 0 1 0 0 1

fl=(184)
fn=(840) tbb::internal::init_dl_data()
346 5 0 3 1 0 0 1
240 1
346 3 1 1
240 1 0 1
cfn=(842) tbb::internal::init_atomic_incrementer(tbb::atomic<unsigned long>&)
calls=1 -51 
* 2 1 0 1 0 0 1
+61 3 0 1
cob=(2)
cfi=(51)
cfn=(844)
calls=1 0 
* 12024 2686 322 32 194 2 31 41
+1 2
+8 1 1 0 1 0 0 1
fi=(413) /usr/include/string.h
-42 3 0 1
cob=(2)
cfi=(51)
cfn=(864)
calls=1 0 
* 933 312 146 7 22 0 4 4
fe=(184)
+44 2
+2 1
+4 1 1
-4 1
+4 1
+3 2 0 1 0 0 1 0 0 1
+12 3
fi=(193)
95 3 0 1 1 0 0 1
cob=(2)
cfi=(51)
cfn=(872)
calls=1 -95 
* 986 325 154 13 13 1 11 9
fe=(184)
340 2 1 1
+1 2 0 1 0 0 1
+8 8 6

fn=(1124) tbb::internal::dynamic_load(char const*, tbb::internal::dynamic_link_descriptor const*, unsigned long)
509 18 0 12 1 0 1 1
364 2 2 0 1 1 0 1
540 2
-31 6 2 2
364 10
+3 2 0 2
cob=(2)
cfi=(51)
cfn=(1126)
calls=2 0 
* 940 313 146 8 18 24 2 2
+1 2
+1 4
541 22 16
fi=(193)
79 8 0 2 1 0 0 1
cob=(2)
cfi=(51)
cfn=(1132)
calls=2 -79 
* 1019 337 160 9 17 1 9 3
+51 4 0 0 1 0 0 1
-51 2
+51 2 0 2
cob=(2)
cfi=(51)
cfn=(1142)
calls=2 0 
* 2226 473 175 6 9 0 2 3
fe=(184)
522 2
fi=(193)
130 2
fe=(184)
522 2 0 2
cob=(2)
cfi=(51)
cfn=(1056)
calls=2 0 
* 7050 1816 843 44 60 31 14 3 23
* 2
+4 4
+7 2 0 2
cob=(2)
cfi=(51)
cfn=(1162)
calls=2 0 
* 7638 1717 1180 151 42 23 117 17 10
113 2

fn=(4258) tbb::internal::dynamic_unlink_all()
422 2 0 1 1
fi=(186)
160 1
fe=(184)
422 2 0 2
fi=(186)
160 1 1 0 0 1
fe=(184)
+91 2
426 4 4 0 1

fn=(834) tbb::internal::init_dynamic_link_data()
378 12 0 0 2 0 0 1
192 42 6 18 1 0 0 1
cfi=(185)
cfn=(837) void tbb::internal::atomic_do_once<void (*)()>(void (* const&)(), tbb::atomic<tbb::internal::do_once_state>&)'2
calls=2 +21 
* 38 12 8 0 1
cfi=(185)
cfn=(836) void tbb::internal::atomic_do_once<void (*)()>(void (* const&)(), tbb::atomic<tbb::internal::do_once_state>&)
calls=4 +21 
* 14074 3360 652 62 231 6 53 54 1
382 30 18

fn=(842)
189 2 1 0 1 0 0 1

fn=(1102) tbb::internal::dynamic_unlink(void*)
413 5 0 0 2 0 0 1
+4 10
+1 5
cob=(2)
cfi=(51)
cfn=(1104)
calls=5 0 
* 2355 705 450 42 10 0 20

fn=(832)
573 1 0 0 1 0 0 1
390 1
cfn=(834)
calls=1 -12 
* 14031 3346 643 61 230 6 55 54 1

fn=(1054) tbb::internal::dynamic_link(char const*, tbb::internal::dynamic_link_descriptor const*, unsigned long, void**, int)
543 80 5 35 3 0 0 1
+1 5 0 5
cfn=(834)
calls=5 378 
* 165 50 35 4 2
+3 10
+2 10
+3 10
+7 5
+1 55 45 0 2
-85 15 0 5 2 0 0 1
cob=(2)
cfi=(51)
cfn=(1056)
calls=5 0 
* 4922 1348 949 166 59 16 41 2
+9 5 5 0 0 4
-9 5
118 10 0 0 4 0 0 1
+14 10 0 10
cob=(2)
cfi=(51)
cfn=(1080)
calls=5 0 
* 10500 2276 1193 129 85 5 32 7 4
+1 10 5
-1 5
+1 5
550 8 0 2 1 0 0 1
cfn=(1124)
calls=2 -41 
* 18973 4676 2528 222 147 80 148 28 33
* 2 0 0 2
+2 4
399 8
+1 6 2 0 2
+94 5 0 5 2 0 0 1
cfn=(1102)
calls=5 -81 
* 2375 705 450 44 10 0 21
+55 5

fl=(199)
fn=(928) __itt_get_env_var(char const*)
776 8 0 0 1 0 0 1
-5 20 0 12 1 0 0 1
+31 4 0 4
cob=(2)
cfi=(51)
cfn=(930)
calls=4 0 
* 3626 1211 179 12 97 3 12 9
* 4
+1 8
+16 4 0 0 1 0 0 1
-1 4
+1 20 16

fn=(902) __itt_init_ittlib
1066 9 0 6 2 0 0 2
+8 1
-8 3 1 1
+8 3 1 0 0 1 0 0 1
+3 26 8 0 2 5 0 2
1182 5 2
+2 576 432 0 1 0 0 1
-2 432 144
+8 1
+1 11 9
1077 3 1 0 1 0 0 1
fi=(200) /home/m0hawk/.cmdstan/cmdstan-2.39.0/stan/lib/stan_math/lib/tbb/../tbb_2020.3/src/tbb/tools_api/ittnotify_config.h
324 2 1 1
fe=(199)
1077 5 0 1 1 0 0 1
cob=(2)
cfi=(51)
cfn=(922)
calls=1 0 
* 45 12 5
+3 3 1
+2 3 1
+2 3 0 1
cob=(2)
cfi=(51)
cfn=(924)
calls=1 0 
* 5 3 0 2 0 0 2
* 2 0 1
+6 8 3 0 1 0 0 1
-5 2
-67 5 2 0 1 1 0 1
+1 3 2 1 0 0 1
-1 5 2
+1 429 286 143 0 54 18
-1 715 286 0 0 36
1169 1 0 1
+1 1 0 1
+2 1 0 1
+5 4 0 1
cob=(2)
cfi=(51)
cfn=(946)
calls=1 0 
* 36 8 4
* 1
823 2 0 1 1 0 0 1
cfn=(928)
calls=1 -47 
* 1614 546 161 15 94 3 15 6
* 1 0 1
1089 1 0 1
cfn=(944) __itt_get_groups()
calls=1 945 
* 2136 693 44 6 4 0 6 3
* 1
+1 6 1 0 1 0 0 1
-13 3 0 1 1 0 0 1
cob=(2)
cfi=(51)
cfn=(906)
calls=1 0 
* 6 2 1 2 0 0 2
* 6 0 1
cob=(2)
cfi=(51)
cfn=(910)
calls=1 0 
* 15 3 1 2 0 0 2
* 6 0 1
cob=(2)
cfi=(51)
cfn=(914)
calls=1 0 
* 50 11 9 4 0 1 4
* 5 0 1 1 0 0 1
cob=(2)
cfi=(51)
cfn=(918)
calls=1 0 
* 5 2 0 1 0 0 1
* 5 0 1

fn=(944)
945 1 0 1 1 0 0 1
+4 1
-4 3 0 3
+2 1
-2 7 1 3
+4 1 0 1
cfn=(928)
calls=1 776 
* 718 231 12 0 1 0 0 1
* 1
+2 2 0 0 1 0 0 1
+38 12 9 0 2 0 0 2
736 1 0 0 1 0 0 1
983 14 2 0 0 1
+1 2 0 2 1 0 0 1
cfn=(928)
calls=2 776 
* 1366 450 22 0 2 0 0 2
* 4
+4 2

fn=(4260)
1029 5 0 3 1 0 0 1
+4 1 0 0 1 0 0 1
-4 3 1 1
+4 3 1 0 0 1
+2 25 8 0 2 4 0 2
+6 3 1
-23 5 2 0 1 1 0 1
+1 3 2 1 0 0 1
-1 5 2
+1 429 286 143 0 54 17
-1 715 286 0 0 35
+39 1 0 1
+1 1 0 1
+3 2
-26 5 1 1 2 0 0 2
cob=(2)
cfi=(51)
cfn=(922)
calls=1 0 
* 45 12 5 1 1
+1 3 1
+2 3 1 0 0 1
+2 3 0 1 1 0 0 1
cob=(2)
cfi=(51)
cfn=(924)
calls=1 0 
* 5 3 0 2
* 2 0 1
+21 3 2
+2 1
-2 1
+2 3 3
-2 1
cob=(2)
cfi=(51)
cfn=(946)
calls=1 0 
* 36 8 4

fl=(196)
fn=(2448)
429 2 0 0 1 0 0 1
+5 2 2
-1 2
+1 4
+2 4 0 2
fi=(414) /home/m0hawk/.cmdstan/cmdstan-2.39.0/stan/lib/stan_math/lib/tbb/../tbb_2020.3/include/tbb/machine/gcc_ia32_common.h
87 6 0 4
+6 2 0 2
fe=(196)
439 2 2

fn=(884)
198 6 0 3 2 0 0 1
+3 3 3
-3 3
+3 3
+3 21 3 3 2 0 0 1
cob=(2)
cfi=(51)
cfn=(886)
calls=3 0 
* 8382 3046 688 62 212 23 57 14
+5 3 0 3
+1 3 0 3
+1 3 0 3
+1 3 0 3 0 0 3 0 0 3
+1 3 0 3
+1 3 0 3
+1 3 0 3 2 0 0 1
+1 3 0 3
+2 3 0 3
+9 6 3
+3 6 6

fn=(4016)
136 18 0 15 1 0 0 1
fi=(186)
+24 3 3 0 0 3
fe=(196)
-24 3
+1 6
+56 9 3 0 0 3
+2 9 3
+1 18 18 0 1 0 0 1

fl=(338)
fn=(2414) tbb::internal::rml::private_server::private_server(tbb::internal::rml::tbb_client&)
319 10 0 6 2 0 0 2
+4 1
-3 1 0 1 0 0 1 0 0 1
+3 2 0 1
-2 3 2 1 0 1
cfi=(339) /home/m0hawk/.cmdstan/cmdstan-2.39.0/stan/lib/stan_math/lib/tbb/../tbb_2020.3/src/tbb/market.h
cfn=(2416) tbb::internal::market::max_job_count() const
calls=1 -58 
* 3 2 0 1 0 0 1
+1 1
-1 1 0 1
+1 2 2 1
cfi=(339)
cfn=(2418) tbb::internal::market::min_stack_size() const
calls=1 -57 
* 3 2 0 1 0 0 1
+1 1 0 1
-1 1 0 1
+3 1 1 0 1 0 0 1
fi=(334)
46 1 0 1
fe=(338)
325 1
fi=(186)
168 2 0 2
fi=(415) /home/m0hawk/.cmdstan/cmdstan-2.39.0/stan/lib/stan_math/lib/tbb/../tbb_2020.3/include/tbb/cache_aligned_allocator.h
-86 2
fi=(186)
+86 1 0 1
fe=(338)
331 1 1
fi=(415)
82 1 0 1
cob=(2)
cfi=(51)
cfn=(2396)
calls=1 -82 
* 227 39 35 0 1 1 0 0 1
fe=(338)
332 1 1
-1 1 0 1
+1 4 0 0 1 0 0 1
fi=(416) /home/m0hawk/.cmdstan/cmdstan-2.39.0/stan/lib/stan_math/lib/tbb/../tbb_2020.3/src/tbb/../rml/server/thread_monitor.h
79 1
fe=(338)
332 2
+1 1020 255
93 255 0 255 0 0 255 0 0 255
fi=(412)
338 255
fe=(338)
93 510 0 510
fi=(416)
-16 255 0 255
fi=(186)
+91 510 0 510
fi=(416)
-89 1020 255
fe=(338)
333 3
93 1 0 1 0 0 1 0 0 1
fi=(412)
338 1
fe=(338)
93 2 0 2
fi=(416)
-16 1 0 1
fi=(186)
+91 2 0 2 1 0 0 1
fi=(416)
-89 4 1 0 0 1
fi=(186)
+89 256 0 256
fe=(338)
-74 512 0 512
fi=(186)
+74 256 0 256
-8 256 256
fe=(338)
334 256 0 256 1 0 0 1
-2 256
fi=(186)
168 256 0 256
fe=(338)
332 768 256
+5 8 7 0 0 1

fn=(2412) tbb::internal::rml::make_private_server(tbb::internal::rml::tbb_client&)
411 2 0 1 1 0 0 1
fi=(415)
82 2
fe=(338)
411 2 0 1
fi=(415)
82 1
fe=(338)
411 1
fi=(415)
82 1 0 1
cob=(2)
cfi=(51)
cfn=(2396)
calls=1 -82 
* 221 41 33 1 0 2 0 0 2
fe=(338)
412 2
fi=(415)
82 1
fe=(338)
412 1 0 1
cfn=(2414)
calls=1 -93 
* 6938 1080 3126 8 4 258 8 0 258
+1 5 3

fn=(4230) tbb::internal::rml::private_worker::start_shutdown()
233 512 0 256 1 0 0 1
fi=(186)
100 256
fe=(338)
233 1024 0 256
fi=(186)
-73 256 256 0 0 256
fe=(338)
+79 768 0 256 1 0 0 1
+1 768
+10 512
+4 1024 768
-2 256 256
-83 512 256 256

fn=(4228)
184 5 0 2 1 0 0 1
+1 5 1
+1 1 0 0 1 0 0 1
-1 1
+1 3 1 1
cfn=(4230)
calls=1 +47 
* 23 6 4 2 1 0 2
* 255
-1 255
+1 765 255 255
cfn=(4230)
calls=255 +47 
* 5865 1530 1020 0 255
-1 768 256
-16 2 1 1
+1 3 3 1 0 2
cfi=(335)
cfn=(4232)
calls=1 695 
* 155 43 21 2 13 1
+1 5 2 0 1 1 0 1
339 1
fi=(415)
87 1 1
fe=(338)
339 2 0 1
fi=(415)
87 1 0 1
cob=(2)
cfi=(51)
cfn=(4018)
calls=1 -87 
* 171 50 21 0 3
fe=(338)
188 1
fi=(415)
87 1
fe=(338)
188 2 2
fi=(415)
87 1
cob=(2)
cfi=(51)
cfn=(4018)
calls=1 -87 
* 214 65 24 0 2
fe=(338)

fl=(340) /home/m0hawk/.cmdstan/cmdstan-2.39.0/stan/lib/stan_math/lib/tbb/../tbb_2020.3/src/tbb/task_stream.h
fn=(2430) tbb::internal::task_stream<3>::initialize(unsigned int)
83 7 0 6 1 0 0 1
+3 1
-3 2 0 1
+3 7 1 1
+3 3 0 1 1 0 0 1
+1 5 0 1
cob=(2)
cfi=(51)
cfn=(1276)
calls=1 -90 
* 63 16 8 6 4
* 10 0 2
cob=(2)
cfi=(51)
cfn=(1276)
calls=2 -90 
* 406 78 60 0 1 2 0 0 2
* 33 0 9
-48 3 0 0 1 0 0 1
fi=(395) /home/m0hawk/.cmdstan/cmdstan-2.39.0/stan/lib/stan_math/lib/tbb/../tbb_2020.3/include/tbb/tbb_allocator.h
+44 3
fe=(340)
-44 3 0 3
fi=(341) /usr/include/c++/11/bits/stl_deque.h
623 3 0 3
fe=(340)
42 12 0 12 0 0 3 0 0 2
fi=(395)
+44 3 0 3
cob=(2)
cfi=(51)
cfn=(2432)
calls=3 -86 
* 1183 316 173 3 25 10 1 0 1
fe=(340)
-44 3
fi=(395)
+44 3
fe=(340)
-44 3 0 3 0 0 3 0 0 2
fi=(341)
623 3 0 3
fe=(340)
42 12 0 12 0 0 3 0 0 2
fi=(395)
+44 3 0 3
cob=(2)
cfi=(51)
cfn=(2432)
calls=3 -86 
* 444 90 65 0 2 2 0 0 2
fi=(341)
633 6 6
-8 6 0 6
fi=(395)
86 6
fi=(341)
633 12 0 0 1 0 0 1
-1 6
fi=(395)
86 6 0 6
cob=(2)
cfi=(51)
cfn=(2432)
calls=6 -86 
* 997 194 152 0 2 5 0 0 5
fi=(341)
264 6
663 6 0 6 0 0 2 0 0 1
fe=(340)
90 6
fi=(341)
263 6 0 6
+1 6 0 6
-1 6 6
-1 6 0 6
+2 6
-2 6 0 6
+1 6 0 6
+1 6 0 6
648 6 0 6
+1 6 0 6 1 0 0 1
fi=(334)
46 6 0 6
fe=(340)
+44 15 3
-1 3
+1 3 0 3
-1 6 3
+1 6 4
+3 8 7 0 1 0 0 1

fl=(212)
fn=(972) tbb::internal::gcc_rethrow_exception_broken()
198 3 1 0 1 0 0 1

fn=(970) tbb::internal::cpu_has_speculation()
230 2 0 1 1 0 0 1
+14 6
+10 1
+9 1 1
-9 1
+9 1 1

fn=(1226)
211 42 3 21 4 0 0 3
+1 6 3 0 1 1 0 1 1
+8 21 15

fn=(1298)
70 1 0 0 1 0 0 1
+6 2
cob=(2)
cfi=(51)
cfn=(1240)
calls=1 -76 
* 57 13 6 5 1 0 3 1

fl=(339)
fn=(2418)
265 3 2 0 1 0 0 1

fn=(2416)
263 3 2 0 1 0 0 1

fl=(195)
fn=(1232)
52 1 0 0 1 0 0 1
+1 4
+5 1 0 1 1 0 0 1
+3 1 0 1
-8 1 0 1
+11 1 1

fn=(878)
1400 1
fi=(334)
46 1
fe=(195)
1400 1 0 1
fi=(343) /home/m0hawk/.cmdstan/cmdstan-2.39.0/stan/lib/stan_math/lib/tbb/../tbb_2020.3/include/tbb/task.h
509 2 0 1 0 0 1 0 0 1
+4 1
fi=(334)
46 1 0 1 1 0 1 1 0 1
fi=(343)
510 1 0 1 0 0 1 0 0 1
+1 1 0 1
+2 1 0 1
cob=(2)
cfi=(51)
cfn=(880)
calls=1 0 
* 9138 3265 813 62 216 24 62 14 1
fe=(195)
49 2 1
1400 1 1
49 2
cob=(2)
cfi=(51)
cfn=(952)
calls=1 -49 
* 1078 340 164 4 18 2 2 2 1

fn=(2464)
84 1 0 0 1 0 0 1
+7 1
-7 1 0 1
+15 1
-15 2 0 1
+7 1
-7 2 0 1
+7 1 0 1 1 0 0 1
fi=(185)
+74 2
fe=(195)
-80 1 0 1
+14 1
fi=(185)
+66 1
fi=(417) /home/m0hawk/.cmdstan/cmdstan-2.39.0/stan/lib/stan_math/lib/tbb/../tbb_2020.3/src/tbb/mailbox.h
+36 1 0 1
fi=(185)
-28 1
+1 1
fi=(334)
46 1 0 1
fe=(195)
+41 1 0 1
fi=(185)
+86 2
fe=(195)
-82 1 0 1 1 0 0 1
fi=(185)
+83 1
-1 1 0 1
fe=(195)
-74 1
fi=(185)
+75 1 0 1
fe=(195)
-75 1 0 1
cfn=(2466) tbb::internal::generic_scheduler::allocate_task(unsigned long, tbb::task*, tbb::task_group_context*)
calls=1 338 
* 263 48 50 4 0 3 4 0 3
* 2 0 2
+15 1
+1 1
-1 1 0 1
+5 1
-4 1 0 1
+7 1 0 0 1 0 0 1
-3 1 1
-7 1 0 1
+7 1 0 1
+1 2 0 1
+1 1 0 1
+1 3 1
+4 4 4 0 1 0 0 1

fn=(4188) tbb::internal::generic_scheduler::cleanup_master(bool)
1341 9 0 6 1 0 0 1
+1 1 1
+1 1 1
-2 1 0 1
+4 2
fi=(268)
355 2 0 0 1 0 0 1
fi=(186)
144 4 1 1 0 1
fi=(268)
921 2
fe=(195)
1387 1 1 0 1 0 0 1
fi=(392)
171 1 1
fe=(195)
1391 1
fi=(392)
170 1 0 1 0 0 1
+1 2 1 1
+1 2 1 1
fi=(186)
-24 1 0 1
fe=(195)
1390 1 0 1
+1 1 0 1 1 0 0 1
cfn=(4212) tbb::internal::generic_scheduler::cleanup_scheduler()
calls=1 294 
* 406 117 67 16 9 0 8 1
+2 2
+3 6 1 1 1 0 0 1
cfi=(335)
cfn=(3988)
calls=1 175 
* 8553 2229 1365 8 281 1 6
+1 8 7
fi=(361) /home/m0hawk/.cmdstan/cmdstan-2.39.0/stan/lib/stan_math/lib/tbb/../tbb_2020.3/src/tbb/observer_proxy.h
154 3 1 0 1 0 0 1
+3 3 0 1
cfi=(209)
cfn=(4192) tbb::internal::observer_list::do_notify_exit_observers(tbb::internal::observer_proxy*, bool)
calls=1 +86 
* 290 84 48 12 1 0 8
fi=(346)
663 1 1
fe=(195)
1383 2 1 1 0 1
cob=(2)
cfi=(51)
cfn=(4014)
calls=1 0 
* 24 10 5 0 3
fi=(346)
663 1 1
fe=(195)
1384 2 1 1 1 0 0 1
cob=(2)
cfi=(51)
cfn=(4018)
calls=1 0 
* 100 32 15 0 3
* 1

fn=(4214) tbb::internal::generic_scheduler::cleanup_local_context_list()
251 2 0 1 1
+17 1
-17 5 0 4
fi=(412)
+67 1
fe=(195)
-67 2 0 1 1 0 0 1
+3 1 1 0 0 1
fi=(186)
-86 1 0 1
fi=(268)
339 1 1 1
fi=(186)
160 1 1
fe=(195)
263 5 1
+19 8 7
-15 1 1 0 1 1 0 1
fi=(334)
77 1
fe=(195)
268 2
fi=(186)
168 1 0 1
fe=(195)
280 1

fn=(4226)
72 2 1 0 1

fn=(2466)
338 9 0 4 2 0 0 2
+3 2
+8 3 1
+57 1
-11 1 0 1
+3 1 0 1
+1 1 0 1
+2 1 0 1
+1 1 0 1
+3 1 0 1
+1 1 0 1
+1 1 0 1
+1 1 0 1
+2 6 5
-57 2 1 0 1 0 0 1
+8 4 0 1 1 0 0 1
cob=(2)
cfi=(51)
cfn=(2396)
calls=1 0 
* 221 41 33 0 0 2 0 0 2
* 2
+4 1 0 1 0 0 1 0 0 1
+1 1 0 1
+1 2 0 1

fn=(4222) tbb::internal::generic_scheduler::destroy()
285 2 0 1
+2 1 1
-2 1
+2 1 1 1 0 1
cfi=(345)
cfn=(4224)
calls=1 52 
* 7 1 1 3 0 0 2
+4 1
+1 1 1
-1 1
cob=(2)
cfi=(51)
cfn=(4018)
calls=1 0 
* 149 45 18 0 2

fn=(2458) tbb::internal::generic_scheduler::create_master(tbb::internal::arena*)
1287 2 0 1 1 0 0 1
+2 2
fi=(186)
144 1
fe=(195)
1287 2 0 1
+2 1
-2 3 0 3
+2 1 0 1
cfi=(335)
cfn=(2378)
calls=1 96 
* 49 12 9
38 1
1289 1
38 2 1 1
cfi=(345)
cfn=(2460)
calls=1 +99 
* 615 99 159 15 0 11 12 0 11
1296 3
-4 1 1 0 1 0 0 1
+1 1 0 1
38 1
1294 1 0 1
+2 1 0 1
cob=(2)
cfi=(51)
cfn=(2396)
calls=1 0 
* 221 41 33 0 0 2 0 0 2
fi=(343)
509 1 0 1 0 0 1 0 0 1
+4 1
fe=(195)
1296 1
fi=(343)
510 1 0 1 0 0 1 0 0 1
+1 1 0 1
+2 1 0 1
cob=(2)
cfi=(51)
cfn=(880)
calls=1 0 
* 68 20 19 0 0 1 0 0 1
fi=(346)
663 1 1 0 1 0 0 1
fe=(195)
1296 1 0 1
fi=(268)
355 1
fe=(195)
1299 2 1 1
cob=(2)
cfi=(51)
cfn=(2444)
calls=1 0 
* 14 3 4 1
+3 2 0 1
cfn=(2472) tbb::internal::generic_scheduler::init_stack_info()
calls=1 158 
* 145426 33552 18934 293 134 22 140 35 8
fi=(268)
355 2
fi=(186)
144 2 1 1
fi=(268)
921 2
fe=(195)
1304 1 1 0 1 0 0 1
fi=(392)
159 2 0 1
+1 2 1 1
+1 1 1 0 1 0 0 1
+67 1
-67 1 0 1
+2 1 0 1
-1 1 0 1
fi=(186)
-14 1 0 1
fe=(195)
1307 2
+9 2 0 1 1 0 0 1
cfi=(210)
cfn=(2542) tbb::internal::governor::sign_on(tbb::internal::generic_scheduler*)
calls=1 124 
* 1202 368 166 11 14 0 8 3
fi=(361)
148 4 2 0 0 1
fe=(195)
1326 1
fi=(361)
150 2 0 1
cfi=(209)
cfn=(2558) tbb::internal::observer_list::do_notify_entry_observers(tbb::internal::observer_proxy*&, bool)
calls=1 +34 
* 1484 399 210 25 25 0 12 2
fe=(195)
1329 7 6 0 1 0 0 1

fn=(2472)
158 6 0 3 1 0 0 1
fi=(339)
314 3 2 1 1 0 0 1
fe=(195)
209 2
-14 1 0 1
+2 1 0 1
-35 2 1 1
+47 1 0 1
cob=(2)
cfi=(51)
cfn=(924)
calls=1 0 
* 5 3 0 1
* 3 0 1
cob=(2)
cfi=(51)
cfn=(2474)
calls=1 0 
* 143129 32818 18593 277 106 22 130 26 8
* 2
+32 4 1 1
+2 8 6
-33 4 0 1 1 0 0 1
cob=(2)
cfi=(51)
cfn=(2528)
calls=1 0 
* 1032 326 146 8 15 0 3 2
* 2
+25 3 1 1 1 0 0 1
+2 2 0 1
cob=(2)
cfi=(51)
cfn=(2534)
calls=1 0 
* 1215 394 182 3 13 0 3 7
* 1

fn=(4212)
294 2 0 1 1 0 0 1
fi=(186)
101 1
fe=(195)
294 3 0 2
+22 1
-13 1 0 1
cfn=(4214)
calls=1 -52 
* 34 12 9 3 2 0 2
+2 1 1 0 1 0 0 1
fi=(346)
750 1 0 1
+3 2 1 1
+1 1 0 1
fe=(195)
316 1
+2 4
+1 1 1
fi=(346)
690 1
fe=(195)
321 1
-2 1 0 1
fi=(346)
690 1 0 1
cob=(2)
cfi=(51)
cfn=(4018)
calls=1 0 
* 100 32 15 0 3 0 0 1
fe=(195)
318 3 1 0 1 0 0 1
+5 4 2
fi=(186)
101 2 1 1
fe=(195)
325 1 0 1
+1 1
+6 2 0 1
cfi=(210)
cfn=(4220) tbb::internal::governor::sign_off(tbb::internal::generic_scheduler*)
calls=1 145 
* 62 13 9 6 1 0 1
+1 2
fi=(186)
101 1 1 1 1
fe=(195)
333 2
+2 1 1
-1 1
+1 2 2
-1 1
cfn=(4222)
calls=1 -49 
* 164 49 21 3 3 0 2

fl=(252)
fn=(4244) tbb::internal::destroy_process_mask()
85 1 0 0 1 0 0 1
+1 3 1 0 0 1
+1 1
cob=(2)
cfi=(51)
cfn=(4246)
calls=1 -87 
* 794 282 150 0 40 11

fn=(1236)
206 2 0 0 1 0 0 1
+1 7 1 3 1 0 0 1
cfi=(185)
cfn=(836)
calls=1 +6 
* 10120 2867 1521 116 106 6 57 19 3
+1 1 1
+1 5 3

fn=(1238) tbb::internal::initialize_hardware_concurrency_info()
129 2 0 1 1 0 0 1
+9 1
-9 1 0 1
+3 1 0 0 1 0 0 1
-3 2 0 2
+18 1
-18 6 1 3
+9 1 0 1
cob=(2)
cfi=(51)
cfn=(1240)
calls=1 0 
* 1306 382 188 48 25 0 39 10
* 2 0 1
+1 1 0 1
cob=(2)
cfi=(51)
cfn=(1270)
calls=1 0 
* 867 303 144 3 12 0 2 3
* 1 0 1
+8 1 0 0 1 0 0 1
-8 1 0 1
+9 2
+1 1
-1 1 0 1
cob=(2)
cfi=(51)
cfn=(1276)
calls=1 0 
* 1591 543 304 9 27 1 3 1 1
fi=(193)
-89 3 0 0 1 0 0 1
fe=(252)
+89 1
fi=(193)
-89 1 0 1
cob=(2)
cfi=(51)
cfn=(1288)
calls=1 -59 
* 915 311 150 4 14 2 2 1 2
fe=(252)
+92 4 1 1
cob=(2)
cfi=(51)
cfn=(1292)
calls=1 0 
* 1152 356 161 4 12 0 2 3
* 1
+1 2
+50 1 0 1 1 0 0 1
+2 11 9
-30 3 0 0 1 0 0 1
-5 1 0 1
+5 3 0 1
cfi=(184)
cfn=(1054)
calls=1 543 
* 3802 928 548 39 16 3 0 1
* 2
+15 4 1 0 1 0 0 1
+1 2
-1 3
+2 7 1
-1 1
+1 1
+1 1
-2 4 0 0 1 0 0 1
+1 161 23
-1 23
+1 23
+1 23
-2 140
-1 3
+6 2 0 1
+7 4 0 0 1 0 0 1

fl=(402)
fn=(4180) tbb::internal::__TBB_InitOnce::~__TBB_InitOnce()
73 2 0 0 1 0 0 1
fi=(269) /home/m0hawk/.cmdstan/cmdstan-2.39.0/stan/lib/stan_math/lib/tbb/../tbb_2020.3/src/tbb/tls.h
-30 3 1 1
cob=(2)
cfi=(51)
cfn=(1318)
calls=1 -43 
* 19 6 0 3 3
fi=(251)
+80 2
+22 1 0 1 1 0 0 1
cfi=(210)
cfn=(4184) tbb::internal::governor::auto_terminate(void*)
calls=1 +70 
* 9501 2507 1525 47 302 2 31 1
fe=(402)
-70 1 0 1
cfi=(197)
cfn=(4236)
calls=1 +47 
* 5 2 1
fi=(186)
+85 2 1
fe=(402)
-82 2
+2 1 0 1
cfi=(197)
cfn=(4236)
calls=1 +42 
* 3187 1242 470 28 172 29 14 5
+2 2 1

fl=(210)
fn=(2368) tbb::internal::governor::one_time_init()
156 4 0 0 1 0 0 1
fi=(186)
+4 8 4 2
fe=(210)
-3 4
+3 10 0 4
cfi=(185)
cfn=(2370) void tbb::internal::atomic_do_once<bool (*)()>(bool (* const&)(), tbb::atomic<tbb::internal::do_once_state>&)
calls=2 +53 
* 7144 1732 1052 165 90 6 2 1 2
+2 10 6 0 1 0 0 1

fn=(962)
67 2 0 0 1 0 0 1
fi=(269)
-28 3 0 1 1 0 0 1
cob=(2)
cfi=(51)
cfn=(964)
calls=1 -39 
* 986 318 147 4 16 1 4 4 1
fe=(210)
+34 2
+2 1 0 1
cfi=(212)
cfn=(970)
calls=1 230 
* 12 2 1 1 0 0 1
* 2 0 1
+1 1 0 1
cfi=(212)
cfn=(972)
calls=1 198 
* 3 1 0 1 0 0 1
* 2 0 1
+1 2 1

fn=(1302)
229 2 0 0 1 0 0 1
+1 3 1
+1 4 0 1
cfi=(212)
cfn=(1226)
calls=1 -20 
* 23 7 7 1
+6 2 1 0 1 1 0 1
+3 2 1

fn=(2456) tbb::internal::governor::init_scheduler_weak()
164 2
+1 1 0 1
cfn=(2368)
calls=1 -9 
* 3518 859 518 14 38 1
+2 2 0 1 1 0 0 1
cfi=(195)
cfn=(2458)
calls=1 1287 
* 149151 34510 19560 352 174 38 179 40 24
+1 1 0 1 0 0 1
+2 2 1

fn=(2410)
92 5 0 2 1 0 0 1
+2 1
-2 3 1 1 1 0 0 1
+1 1 0 1
+1 2 1
+9 2 0 1
cfi=(338)
cfn=(2412)
calls=1 411 
* 7177 1124 3163 10 4 260 9 0 260
+4 7 5 0 0 2

fn=(4240)
79 2 0 0 1 0 0 1
+1 2 0 1
cfi=(250) /home/m0hawk/.cmdstan/cmdstan-2.39.0/stan/lib/stan_math/lib/tbb/../tbb_2020.3/src/rml/client/rml_factory.h
cfn=(4242) tbb::internal::rml::tbb_factory::close()
calls=1 -9 
* 4 2 0 2 1 0 2
+1 1 0 1
cfi=(252)
cfn=(4244)
calls=1 +4 
* 799 283 150 1 41 11 1
fi=(269)
-40 3 1 1
cob=(2)
cfi=(51)
cfn=(4252)
calls=1 -41 
* 1040 330 150 10 32 0 2 5
fe=(210)
+46 2
+3 1
-1 1
cfi=(184)
cfn=(4258)
calls=1 422 
* 12 5 3 2 1

fn=(2374) tbb::internal::initialize_cilk_interop()
56 2 0 0 1
+3 12
cfi=(184)
cfn=(1054)
calls=2 543 
* 7080 1718 1040 162 88 6 0 1 2

fn=(4220)
145 3 0 1 1
+3 2 0 1
cfn=(2544) tbb::internal::governor::assume_scheduler(tbb::internal::generic_scheduler*)
calls=1 -32 
* 52 10 7 4 1
+3 3 1 0 1 0 0 1
+3 2 2

fn=(2542)
124 3 0 1 1 0 0 1
+2 1 0 1
cfn=(2544)
calls=1 -10 
* 1193 365 164 9 14 0 6 3
+2 3 1 0 1 0 0 1
+15 2 2

fn=(1228)
242 2 0 0 1 0 0 1
+1 2 0 1
cfi=(250)
cfn=(1230) tbb::internal::rml::tbb_factory::open()
calls=1 49 
* 10689 2445 1431 67 22 12 5 2 2
+1 3 0 1 0 0 1
+1 2 1 0 1 0 0 1

fn=(4184)
215 1 0 0 1 0 0 1
+2 4 1 0 1 1 0 1
+1 2 0 1
-3 1
+6 2 0 2
cfn=(4186) tbb::internal::governor::is_set(tbb::internal::generic_scheduler*)
calls=1 120 
* 50 13 4 2 2
* 3 1
+2 1
+4 1
-4 1
cfi=(195)
cfn=(4188)
calls=1 1341 
* 9435 2492 1518 43 299 2 29 1

fn=(4186)
120 5 0 2 1
fi=(269)
-77 3 1 1
cob=(2)
cfi=(51)
cfn=(1318)
calls=1 -43 
* 19 6
fe=(210)
+78 1
fi=(269)
-78 1
fe=(210)
+78 1 0 1
cfn=(2546) tbb::internal::governor::tls_value_of(tbb::internal::generic_scheduler*)
calls=1 -11 
* 14 3 0 1 2
* 2
+1 4 3

fn=(2544)
116 4 0 0 1 0 0 1
+1 2 0 2
cfn=(2546)
calls=2 -7 
* 21 4 0 1 0 0 1
* 2
fi=(269)
-75 4 2
fe=(210)
+76 2
fi=(269)
-76 2
cob=(2)
cfi=(51)
cfn=(2550)
calls=2 -42 
* 1208 369 169 11 15 0 4 3
fe=(210)

fn=(2546)
110 6 0 0 2 0 0 1
+3 16 2 0 0 1
+1 1 1
fi=(346)
674 4 2 0 0 1
fe=(210)
113 6
+1 2 2

fl=(217)
fn=(2402) tbb::internal::padded_allocate(unsigned long, unsigned long)
202 16 0 8 1 0 0 1
+2 8
-2 8
+2 8 0 8
cob=(2)
cfi=(51)
cfn=(2404)
calls=8 0 
* 1495 275 226 7 10 9 0 0 8
+1 24 0 0 1
+2 24
+2 8 0 8 0 0 4 0 0 4
+3 16 16

fn=(4042)
232 14 0 0 1
+1 28
+1 14 14
cob=(3)
cfi=(177)
cfn=(1114)
calls=14 3352 
* 1540 459 212 0 11 0 0 2

fn=(1828)
224 28 0 0 2 0 0 1
+1 14 14 14 0 2
cob=(3)
cfi=(177)
cfn=(664)
calls=14 3287 
* 1719 336 260 4 14 8 0 0 8
+1 28
+4 28 14

fn=(1050)
132 2 0 0 1 0 0 1
+1 7 1 3 1 0 0 1
cfi=(185)
cfn=(836)
calls=1 +80 
* 15763 4052 2233 326 187 83 253 35 33
+1 5 3

fn=(1052) tbb::internal::initialize_handler_pointers()
113 1 0 0 1 0 0 1
+2 1
-2 1
+2 5 0 1 1 0 0 1
cfi=(184)
cfn=(1054)
calls=1 543 
* 15689 4035 2214 319 184 81 246 33 33
+1 3
+5 1 1 0 0 1
+6 1
-6 1 0 1
+1 2 1 1 0 0 1
+1 2 0 1 1 0 0 1
+1 2 0 1
+3 2
+2 1
-2 1
cfi=(212)
cfn=(1226)
calls=1 +84 
* 23 7 7 4 1 0 4 1

fn=(4022)
198 8 0 0 1
+1 8 8 0 0 2
cfn=(4024) tbb::internal::padded_free(void*)
calls=8 +15 
* 1088 322 146 1 28 1 0 1

fn=(2400)
176 16 0 8 1 0 0 1
+5 8
-5 8
+5 8
+2 32
+7 48 8 8 0 2
cfn=(2402)
calls=8 +12 
* 1607 291 250 9 10 13 1 0 12
+1 16
+5 24 16 0 1 0 0 1

fn=(4024)
214 8 0 0 1
+1 16
+5 16 8 0 0 7
cob=(2)
cfi=(51)
cfn=(4026)
calls=8 0 
* 1048 314 146 0 21 1 0 1

fl=(267)
fn=(1312)
38 8 0 0 4 0 0 1
+1 8
-1 32 0 24
+1 24 8 0 0 3
fi=(268)
355 24
fe=(267)
41 8 8 0 0 2
+1 16
+1 24 0 8 4 0 0 1
+7 32 8 0 4 0 0 1
+2 40 32

fn=(2564)
63 20 0 8 2 0 0 1
+1 16 4
fi=(268)
355 8
fe=(267)
66 4 4
+1 8
fi=(186)
+34 8 4 4 2 0 0 1
fe=(267)
-32 8
+7 16 4 0 2 0 0 1
+2 16 12

fl=(198)
fn=(900)
47 1 0 0 1 0 0 1
+4 2 1 0 0 1
+3 3
cfi=(199)
cfn=(902)
calls=1 1066 
* 6211 2463 392 45 195 23 45 10

fl=(336)
fn=(2366)
863 9 0 6 2 0 0 2
+1 1 0 1
cfi=(210)
cfn=(2368)
calls=1 156 
* 3662 883 540 153 52 5 4 1 2
+1 3 1
+7 3 1 1
cfi=(335)
cfn=(2376)
calls=1 308 
* 15592 2517 6535 93 83 350 56 1 334
+2 3
-2 1
+2 1 0 1
cfi=(335)
cfn=(2378)
calls=1 96 
* 49 12 9 0 1
+3 3
-3 1
+3 1 0 1 1 0 0 1
cob=(2)
cfi=(51)
cfn=(2396)
calls=1 0 
* 221 41 33 0 1 1 0 0 1
fi=(343)
509 1 0 1 0 0 1 0 0 1
fe=(336)
877 1
fi=(343)
513 1
-3 1 0 1 0 0 1 0 0 1
+1 1 0 1
+2 1 0 1
cob=(2)
cfi=(51)
cfn=(880)
calls=1 0 
* 68 20 19 9 4 1 0 0 1
fe=(336)
877 1 0 1
+3 2 0 1
cob=(2)
cfi=(51)
cfn=(2444)
calls=1 0 
* 961 261 134 3 8 2 3 2
+4 3 0 1 1 0 1 1
+12 1 1
-1 1 1
fi=(344) /home/m0hawk/.cmdstan/cmdstan-2.39.0/stan/lib/stan_math/lib/tbb/../tbb_2020.3/include/tbb/task_arena.h
148 2 1
fe=(336)
895 2 0 1
cfn=(2452) tbb::internal::construct_binding_observer(tbb::interface7::task_arena*, int, int)
calls=1 61 
* 16 6 5 2 0 0 2
+4 1 1
-4 1 0 1
+4 3 1 1 1 0 0 1
fi=(186)
168 1 0 1
fi=(269)
43 3 1 1
cob=(2)
cfi=(51)
cfn=(1318)
calls=1 -43 
* 13 4 0 2 1
fi=(251)
+93 2
fe=(336)
907 7 6
fi=(251)
136 1
cfi=(210)
cfn=(2456)
calls=1 +28 
* 152677 35370 20081 367 212 40 180 40 24
fi=(344)
+12 2 0 0 1 0 0 1
fe=(336)

fn=(2428) tbb::internal::arena::arena(tbb::internal::market&, unsigned int, unsigned int)
226 2 0 1 1 0 0 1
fi=(418) /home/m0hawk/.cmdstan/cmdstan-2.39.0/stan/lib/stan_math/lib/tbb/../tbb_2020.3/src/tbb/concurrent_monitor.h
42 1
fe=(336)
226 7 0 5
fi=(334)
46 1 0 1
fi=(340)
+30 1 0 1
+2 1 0 1 1 0 0 1
+1 1 0 1
-1 1 0 1
+1 1 0 1
-1 1 0 1
+1 1 0 1
fi=(361)
-19 2 0 2 1 0 0 1
fi=(418)
+22 2 0 2
fi=(186)
+86 2 0 2
fe=(336)
+65 1 0 1
+3 1 0 0 1 0 0 1
fi=(186)
-68 1 0 1
fe=(336)
+68 1
+1 1 0 1
-1 1
+2 2 0 1
-2 1 0 1
fi=(186)
-68 1 0 1
fe=(336)
+77 1 0 1
-4 1 0 1 1 0 0 1
+2 1 1
+9 1 1
-11 1 0 1
+2 1 0 1
+9 4
+7 2
+3 4 0 2 1 0 0 1
-10 8 2
+7 6 2 0 1 0 0 1
+1 6
fi=(391) /home/m0hawk/.cmdstan/cmdstan-2.39.0/stan/lib/stan_math/lib/tbb/../tbb_2020.3/src/tbb/arena.h
+49 8
fi=(417)
174 2 0 2
fe=(336)
+87 2
+9 3 0 1
cfi=(340)
cfn=(2430)
calls=1 83 
* 3382 724 596 15 34 30 7 0 17
+1 4 1 0 1 0 0 1
+6 2 0 1
+6 8 7

fn=(4010)
296 10 0 6 1 0 0 1
+13 4 1
fi=(393) /home/m0hawk/.cmdstan/cmdstan-2.39.0/stan/lib/stan_math/lib/tbb/../tbb_2020.3/src/tbb/scheduler_common.h
+91 12 2 0 1 2 0 1
fe=(336)
-82 4
fi=(391)
-9 8
fi=(417)
182 6 2 0 1 2 0 1
fe=(336)
309 6 2
+23 4 1 1
cfi=(335)
cfn=(3988)
calls=1 175 
* 38 10 10 0 0 1
+3 2 1 1 1 0 0 1
cob=(2)
cfi=(51)
cfn=(4014)
calls=1 0 
* 24 10 5 3 3 0 2
+1 2 1 1
cob=(2)
cfi=(51)
cfn=(4018)
calls=1 0 
* 863 267 145 5 24 16
+3 2 1
fi=(391)
145 2
fe=(336)
342 1 1 0 1 0 0 1
fi=(391)
-33 6 0 1
145 1 0 1
cfi=(394) /home/m0hawk/.cmdstan/cmdstan-2.39.0/stan/lib/stan_math/lib/tbb/../tbb_2020.3/src/tbb/concurrent_monitor.cpp
cfn=(4030) tbb::internal::concurrent_monitor::~concurrent_monitor()
calls=1 27 
* 28 12 8 4 0 0 4
fi=(340)
-48 9 3
-1 9
fe=(336)
349 1 1
+1 7 6
-1 1
cob=(2)
cfi=(51)
cfn=(4018)
calls=1 0 
* 143 41 19 0 1
fi=(340)
97 24 3 0 1 3 0 1
fi=(341)
599 6 3 0 0 3
fi=(340)
97 6
fi=(341)
599 6 3
+2 18 12 0 1 6 0 1
+77 18
fi=(395)
91 6 6 0 0 5
fi=(341)
678 6
fi=(395)
91 6 0 6
cob=(2)
cfi=(51)
cfn=(4038)
calls=6 -91 
* 1632 473 229 3 16 0 1 2
fi=(341)
678 12
fi=(395)
91 12 6 6
cob=(2)
cfi=(51)
cfn=(4038)
calls=6 -91 
* 696 204 84 0 3
* 12 6
fi=(340)
+6 15 3 3 1 0 0 1
cob=(2)
cfi=(51)
cfn=(4046)
calls=3 -97 
* 1044 352 180 1 14 0 1 2
* 3
fe=(336)

fn=(3986)
909 1 0 0 1 0 0 1
+1 3 1 0 0 1
-1 6 0 5
+3 3 1 0 0 1
+5 4 1 1 1 0 0 1
cfi=(335)
cfn=(3988)
calls=1 175 
* 39 10 11 4 2 0 4
+1 1 1
fi=(391)
449 1 1
+1 1 1
+16 3 2 0 0 1
+1 6 2 0 1 1 0 1
+3 2 0 1
cfi=(336)
cfn=(3994) tbb::internal::arena::is_out_of_work()
calls=1 -16 
* 26 11 7 2 1 0 2
+1 2
+9 2 1 1 0 1
fe=(336)
919 1 0 1
+2 1 0 1
+3 6 6
fi=(391)
481 4 0 1 1 0 0 1
cfi=(335)
cfn=(3996)
calls=1 333 
* 4834 1465 724 35 87 17 22 4
* 1
fe=(336)

fn=(3994)
454 8 0 6 1 0 0 1
fi=(186)
160 3 2 1 0 1
fe=(336)
460 1
-2 2
583 12 9 0 1 0 0 1

fn=(2424)
285 9 0 5 1 0 0 1
+5 1
-5 5 0 1
+5 1
fi=(391)
+11 1 0 0 1 0 0 1
fe=(336)
-8 1
fi=(391)
+8 1
fe=(336)
-12 1
+1 2 0 1
cob=(2)
cfi=(51)
cfn=(2396)
calls=1 0 
* 227 40 33 0 9 2 0 0 1
fi=(193)
59 2
fe=(336)
290 1
fi=(193)
59 2 0 1
cob=(2)
cfi=(51)
cfn=(1288)
calls=1 -59 
* 80 3 36 1 0 18 0 0 18
fe=(336)
293 6 0 1
cfn=(2428)
calls=1 -67 
* 3481 738 632 23 34 30 15 0 17
+1 9 7 0 1 0 0 1

fn=(2452)
61 6 0 5 1 0 0 1
+3 2
-2 1 0 0 1 0 0 1
+8 7 6

fl=(250)
fn=(1230)
49 2 0 1 1 0 0 1
+11 1
-11 1
+11 2
-11 1
+4 3 1 1
+7 1
-7 15 4 8 2 3 0 2
+5 2 0 1
-3 2 0 1
+1 2 0 1
+1 1
+3 1
-3 1 0 1
+3 1 0 1
cfi=(184)
cfn=(1054)
calls=1 543 
* 10642 2436 1415 63 19 11 1 2 2
* 2 0 0 1 0 0 1
+9 6 4
-4 1 0 1 0 0 1
+1 1
+2 1

fn=(4242)
71 1 0 0 1 0 0 1
+1 2 1 0 0 1
+6 1 1 0 1 0 0 1

fl=(209)
fn=(1038) tbb::internal::observer_proxy::observer_proxy(tbb::internal::task_scheduler_observer_v3&)
59 2 0 0 2 0 0 1
+1 8 0 8
fi=(186)
168 2 0 2
-8 4 4
fe=(209)
-93 12 0 2 2 0 0 1
+7 2 2

fn=(1040) tbb::internal::observer_proxy::is_global()
54 6 0 2 2 0 0 1
+1 2 0 2
cfn=(1042) tbb::internal::observer_proxy::get_v6_observer()
calls=2 -8 
* 12 6 0 2 0 0 1
* 12 0 2
cfn=(1042)
calls=2 -8 
* 12 6
* 4 2
+1 4 4

fn=(1306) tbb::internal::observer_list::insert(tbb::internal::observer_proxy*)
125 10 0 4 1
fi=(361)
-45 2
fe=(209)
+45 2
fi=(342)
-15 2 0 2
cob=(2)
cfi=(51)
cfn=(1308)
calls=2 0 
* 1013 275 138 9 12 0 5 2
fe=(209)
+17 4 2
+1 2 1 1
+1 1 0 1 0 0 1
+4 1 0 1
fi=(186)
+7 1 1 1 1
fe=(209)
-6 4 3
-1 1 0 1
fi=(186)
+7 1 1 1
fe=(209)
-6 4 3
-2 2 0 1 1 0 0 1

fn=(956)
363 1 0 0 1 0 0 1
fi=(361)
60 3 0 2 0 0 1 0 0 1
fe=(209)
363 1 1

fn=(2558)
184 4 0 2 1 0 0 1
fi=(361)
-43 1
fe=(209)
+43 1 0 1
fi=(361)
80 1
fe=(209)
184 5 0 3
+2 1 1
-2 4 1 2 1 0 0 1
fi=(342)
-73 1
-3 1 0 1
+1 1 0 1
+2 1 0 1
cob=(2)
cfi=(51)
cfn=(2560)
calls=1 0 
* 991 268 133 5 7 0 5 2
* 2
-3 2 0 2
+1 2 0 2
+2 2 0 2
cob=(2)
cfi=(51)
cfn=(2560)
calls=2 0 
* 56 16 6
* 6
fe=(209)
+84 6 2
+1 2
+27 1 1 0 0 1
+1 2
-31 6 0 0 1 0 0 1
+26 1 1
+1 2
fi=(342)
102 3 1
+25 1 0 1
+5 2 1
fe=(209)
241 11 9
fi=(361)
137 2 1
fi=(186)
-37 1 1 1
fi=(361)
+41 2
fe=(209)
+82 1 1 0 0 1
+1 3
fi=(186)
100 1 1 1
+1 1 1 1 0 1
fi=(342)
+1 3 1
fi=(186)
-2 1 1 1 1 1 0 1
+1 1 1 1 1 1 0 1
fi=(342)
+1 3 1
+30 2 2
-5 2 0 2
+5 2
fe=(209)
+98 4
+5 8 6 0 0 2
fi=(186)
101 2 2 2
fe=(209)
240 2 0 0 1 0 0 1
-38 2
+12 1 0 1
+1 1
fi=(186)
101 6 3 3 1 0 0 1
fe=(209)
235 6 2 2
cob=(9)
cfi=(213)
cfn=(992)
calls=2 0 
* 306 74 38 13 11
* 2

fn=(1042)
47 4 0 0 2 0 0 1
+1 12 4
+1 4 4
+1 4 4

fn=(4192)
243 4 0 2 1 0 0 1
fi=(361)
141 1
fe=(209)
243 1 0 1
fi=(361)
80 1
fe=(209)
243 3 0 2
+2 1
-2 6 1 3
fi=(342)
111 1
-3 1 0 1
+1 1 0 1 1 0 0 1
+2 1 0 1
cob=(2)
cfi=(51)
cfn=(2560)
calls=1 0 
* 28 8 3 4 1
* 2
fe=(209)
254 2
-2 4
+18 1 1
+3 1 1
+1 2
fi=(361)
137 2 1 0 1 0 0 1
fi=(342)
-35 3 1
fe=(209)
292 11 9
fi=(342)
132 1 1 0 1 0 0 1
-6 1 1
+1 1 0 1
+5 1
fi=(186)
-31 1 1 1
fe=(209)
264 3 0 1
cfn=(4200) tbb::internal::observer_list::remove_ref(tbb::internal::observer_proxy*)
calls=1 158 
* 204 59 31 4 0 0 4
* 1

fn=(4112) tbb::internal::observer_list::remove(tbb::internal::observer_proxy*)
136 2 0 0 1
+9 2 2
-4 2 2
-2 4 2
+6 1 0 1
+2 2 1
-6 1 0 1
+6 2 1
+2 4 2 2 1 0 0 1

fn=(4200)
158 10 1 4 1 0 0 1
fi=(186)
+2 1 1
fe=(209)
+1 3 0 0 1 0 0 1
fi=(361)
-81 1
fi=(342)
+28 1 0 1
+1 1 0 1
+1 1 0 1
cob=(2)
cfi=(51)
cfn=(1308)
calls=1 0 
* 29 8 4
fi=(186)
-10 2 1 1
fe=(209)
+76 3
fi=(342)
-44 1 1
-5 1 0 1
+5 1
fi=(186)
+8 1 1 1
fe=(209)
+41 2
-4 3 0 1 1 0 0 1
cfn=(4112)
calls=1 -41 
* 10 5 2
fi=(342)
-75 3 1 0 1 0 0 1
fe=(209)
+79 5 2
+1 1
-1 2
+1 3 3
-1 1
cob=(2)
cfi=(51)
cfn=(4114)
calls=1 0 
* 118 35 14

fn=(1032)
294 40 4 20 3 0 0 1
+1 8
+1 4 2 0 2 0 0 1
+64 36 28 0 1
fi=(186)
101 4 2 2 1
fe=(209)
339 4
+5 2 2 0 0 2
fi=(342)
108 2 0 2
fi=(361)
-28 2
fi=(342)
+29 2 0 2
+1 2 0 2 1 0 0 1
cob=(2)
cfi=(51)
cfn=(1308)
calls=2 0 
* 58 16 8 0 1
fe=(209)
348 2 0 2
+2 4 2 2
fi=(342)
102 6 2
+30 2 2
-5 2 0 2
+5 2
fi=(186)
+8 2 2 2
fi=(412)
338 2
fe=(209)
+18 2
fi=(186)
160 2 2 0 1
fe=(209)
356 6
-59 4 0 2 2 0 0 1
cob=(2)
cfi=(51)
cfn=(1034)
calls=2 0 
* 1141 330 195 5 16 2 2 1 2
* 8 0 2
cfn=(1038)
calls=2 59 
* 30 6 12 4 0 0 2
* 2 0 2
fi=(186)
168 2 0 2
fe=(209)
300 4 2 2 2 0 0 1
cfn=(1040)
calls=2 54 
* 52 18 6 4 0 0 2
* 4
fi=(186)
160 4 2 0 2 1 0 1
fe=(209)
325 4
+2 6 2 2 1 1
+1 4 0 2
cfn=(1306)
calls=2 125 
* 1050 286 151 12 12 1 6 2
fi=(269)
43 6 2 2 2 1 0 1
cob=(2)
cfi=(51)
cfn=(1318)
calls=2 -43 
* 992 323 144 6 14 0 2 5
fe=(209)
329 4
-3 1 0 1 1 0 0 1
cfi=(197)
cfn=(1046)
calls=1 215 
* 37473 9640 5244 532 340 102 334 58 38
* 1 0 0 1
+25 3 0 1 1
cfn=(4112)
calls=1 136 
* 10 5 2 2 0 0 1
+2 3 0 1
cob=(2)
cfi=(51)
cfn=(4114)
calls=1 0 
* 831 288 149 2 9 0 1
* 1

fl=(183)
fn=(4264) 0x0000000000012210
0 5 1 0 1

fn=(826)
0 12 1 0 2 0 0 2

fn=(4172)
0 9 3 2 1 3 0 1
cob=(2)
cfi=(51)
cfn=(4178)
calls=1 0 
0 12923 3813 2025 81 485 31 48 6
0 1 0 1
cfn=(4264)
calls=1 0 
0 5 1 0 1
0 3 2 1 0 0 1

fl=(185)
fn=(2370)
213 4 0 2 1 0 0 1
fi=(186)
100 2
fe=(185)
213 8 0 4
+7 2
fi=(186)
-60 2 2
fe=(185)
+61 4
fi=(186)
100 2 0 2
fe=(185)
222 4
fi=(186)
-62 2 2 0 1 2 0 1
fe=(185)
+60 4
+19 2 2 2
cfi=(210)
cfn=(2374)
calls=2 56 
* 7094 1718 1040 163 88 6 0 1 2
* 4
fi=(186)
-71 2 0 2
fe=(185)
+61 8 8

fn=(836)
213 12 0 6 2 0 0 1
fi=(186)
100 6
fe=(185)
213 42 0 18
fi=(186)
-53 6 6 0 0 3 0 0 1
fe=(185)
+60 12
fi=(186)
-60 3 3
fe=(185)
+61 6
fi=(186)
100 3 0 3 1 0 0 1
fe=(185)
222 6
+11 3 3 3
cfi=(252)
cfn=(1238)
calls=1 129 
* 10093 2859 1514 116 106 6 57 19 3
cfi=(217)
cfn=(1052)
calls=1 113 
* 15736 4044 2226 326 186 82 253 34 33
cfi=(184)
cfn=(840)
calls=1 346 
* 13990 3334 633 56 229 5 50 54 1
fi=(186)
-65 3 0 3 1 0 2 1
fe=(185)
+61 36 30 0 2

fn=(837)
213 4 0 2
fi=(186)
100 2
fe=(185)
213 14 0 6
fi=(186)
-53 2 2 0 0 1
fe=(185)
+60 4
+9 12 10

fl=(394)
fn=(4032) tbb::internal::concurrent_monitor::abort_all_relaxed()
107 10 1 6 2 0 0 2
+1 2 1
+21 10 8

fn=(4030)
27 2 0 0 1 0 0 1
fi=(268)
339 1 1 1
fi=(418)
175 1 0 1 1 0 0 1
cfi=(394)
cfn=(4032)
calls=1 -68 
* 22 10 6 2 0 0 2
fe=(394)
30 2 1

ob=(7)
fl=(175)
fn=(692)
0 78 7 36 4 1 4 4

fn=(722)
0 7 0 2 1 0 0 1
cob=(2)
cfi=(51)
cfn=(634)
calls=1 0 
0 77 15 15 0 0 1
0 5 1
cob=(2)
cfi=(51)
cfn=(634)
calls=1 0 
0 77 15 15

fn=(1334)
0 274414 0 196010 95 0 7530 1 0 1
cfn=(1336) 0x00000000000c2320
calls=39202 0 
0 393806 178872 10061 388 23800 100 327 79 95
0 392020 235212 39202 72 1 1 2

fn=(1350)
0 141 1 121 3 0 16 3 0 16
cob=(2)
cfi=(51)
cfn=(1352)
calls=1 0 
0 931 274 134 3 12 0 3 2
0 7 1 2 0 1 0 0 1
cob=(2)
cfi=(51)
cfn=(1358)
calls=1 0 
0 5114 1539 819 35 65 11 33 15 9
0 4 1 1 1 1 0 1
cob=(2)
cfi=(51)
cfn=(1398)
calls=1 0 
0 2310 674 279 12 15 0 12 3
0 4 0 1
cob=(2)
cfi=(51)
cfn=(1410)
calls=1 0 
0 935 282 141 4 8 2 4 1 2
0 4 1 1 0 1
cob=(2)
cfi=(51)
cfn=(1398)
calls=1 0 
0 398 117 11 0 1
0 23 1 15 3 0 4 3 0 4
cob=(2)
cfi=(51)
cfn=(1416)
calls=1 0 
0 1600 445 209 9 16 0 9 4
0 4 1 1 0 1
cob=(2)
cfi=(51)
cfn=(1398)
calls=1 0 
0 398 117 11 0 1 0 0 1
0 8 2 3 1 2 0 1
cob=(2)
cfi=(51)
cfn=(1398)
calls=1 0 
0 398 117 11 0 1 0 0 1
0 8 2 3 1 2 0 1
cob=(2)
cfi=(51)
cfn=(1398)
calls=1 0 
0 398 117 11
0 5 1 3 0 1
cob=(2)
cfi=(51)
cfn=(1364)
calls=1 0 
0 19 6 1
0 5 1 2 1 1 0 1
cob=(2)
cfi=(51)
cfn=(1398)
calls=1 0 
0 398 117 11
0 28 1 19 3 1 4 3 0 4
cob=(2)
cfi=(51)
cfn=(1422)
calls=1 0 
0 1379 356 165 6 12 0 6 2
0 4 1 1 1 1 0 1
cob=(2)
cfi=(51)
cfn=(1398)
calls=1 0 
0 398 117 11
0 28 1 19 3 1 1 3 0 1
cob=(2)
cfi=(51)
cfn=(1428)
calls=1 0 
0 1387 357 165 7 9 0 7 1
0 4 1 1 0 1
cob=(2)
cfi=(51)
cfn=(1398)
calls=1 0 
0 398 117 11
0 8 2 3 1 2 0 1
cob=(2)
cfi=(51)
cfn=(1398)
calls=1 0 
0 398 117 11
0 8 2 3 1 1 0 1
cob=(2)
cfi=(51)
cfn=(1398)
calls=1 0 
0 398 117 11
0 35 0 28 4 0 6 4 0 6
cob=(2)
cfi=(51)
cfn=(1434)
calls=1 0 
0 2359 609 307 20 19 1 20 3 1
0 4 1 1 0 1
cob=(2)
cfi=(51)
cfn=(1398)
calls=1 0 
0 398 117 11
0 8 2 3 1 2 0 1
cob=(2)
cfi=(51)
cfn=(1398)
calls=1 0 
0 398 117 11
0 8 2 3 0 2
cob=(2)
cfi=(51)
cfn=(1398)
calls=1 0 
0 398 117 11 0 1
0 4 0 1 1 0 0 1
cob=(2)
cfi=(51)
cfn=(1446)
calls=1 0 
0 893 279 143 4 8 1 4 1 1
0 4 1 1
cob=(2)
cfi=(51)
cfn=(1398)
calls=1 0 
0 398 117 11
0 4 0 1
cob=(2)
cfi=(51)
cfn=(1452)
calls=1 0 
0 29405 7751 4044 56 94 21 46 20 21
0 4 1 1 1 1 0 1
cob=(2)
cfi=(51)
cfn=(1398)
calls=1 0 
0 398 117 11
0 4 0 1
cob=(2)
cfi=(51)
cfn=(1504)
calls=1 0 
0 935 282 141 4 9 1 4 2 1
0 4 1 1 0 1
cob=(2)
cfi=(51)
cfn=(1398)
calls=1 0 
0 398 117 11
0 23 1 15 3 1 4 3 0 4
cob=(2)
cfi=(51)
cfn=(1510)
calls=1 0 
0 1512 379 208 7 10 3 7 1 3
0 4 1 1 0 1
cob=(2)
cfi=(51)
cfn=(1398)
calls=1 0 
0 398 117 11 0 2 0 0 1
0 8 2 3 1 0 0 1
cob=(2)
cfi=(51)
cfn=(1398)
calls=1 0 
0 398 117 11 0 1 0 0 1
0 8 2 3 1 1 0 1
cob=(2)
cfi=(51)
cfn=(1398)
calls=1 0 
0 398 117 11
0 5 1 3
cob=(2)
cfi=(51)
cfn=(1364)
calls=1 0 
0 19 6 1
0 16 3 5 2 1 0 2
cob=(2)
cfi=(51)
cfn=(1398)
calls=1 0 
0 398 117 11
0 27 1 19 3 1 4 3 0 4
cob=(2)
cfi=(51)
cfn=(1516)
calls=1 0 
0 1399 351 165 8 10 0 8 1
0 4 1 1
cob=(2)
cfi=(51)
cfn=(1398)
calls=1 0 
0 398 117 11
0 28 1 19 4 0 2 4 0 2
cob=(2)
cfi=(51)
cfn=(1522)
calls=1 0 
0 1367 347 165 8 9 0 8
0 4 1 1 0 1
cob=(2)
cfi=(51)
cfn=(1398)
calls=1 0 
0 398 117 11
0 8 2 3 1 0 0 1
cob=(2)
cfi=(51)
cfn=(1398)
calls=1 0 
0 398 117 11
0 8 2 3 1 2 1 1 0 1
cob=(2)
cfi=(51)
cfn=(1398)
calls=1 0 
0 398 117 11
0 35 0 28 3 0 6 3 0 6
cob=(2)
cfi=(51)
cfn=(1528)
calls=1 0 
0 2391 613 307 20 17 0 20 3
0 4 1 1 1 1 0 1
cob=(2)
cfi=(51)
cfn=(1398)
calls=1 0 
0 398 117 11
0 8 2 3 0 1 1 0 0 1
cob=(2)
cfi=(51)
cfn=(1398)
calls=1 0 
0 398 117 11
0 8 2 3 1 2 0 1
cob=(2)
cfi=(51)
cfn=(1398)
calls=1 0 
0 398 117 11 0 1
0 4 0 1 1 0 0 1
cob=(2)
cfi=(51)
cfn=(1540)
calls=1 0 
0 893 279 143 1 8 0 1
0 4 1 1 0 1
cob=(2)
cfi=(51)
cfn=(1398)
calls=1 0 
0 398 117 11
0 8 2 3 1 0 1 1 0 1
cob=(2)
cfi=(51)
cfn=(1398)
calls=1 0 
0 398 117 11 0 1
0 8 2 3
cob=(2)
cfi=(51)
cfn=(1398)
calls=1 0 
0 398 117 11
0 8 2 3 1 1 0 1
cob=(2)
cfi=(51)
cfn=(1398)
calls=1 0 
0 398 117 11
0 8 2 3 1 0 0 1
cob=(2)
cfi=(51)
cfn=(1398)
calls=1 0 
0 398 117 11
0 9 3 4 1 0 0 1
cfn=(1546) 0x00000000000dc6c0
calls=1 0 
0 10631 2971 1524 76 81 10 74 11 7
0 3 2 1
cob=(2)
cfi=(51)
cfn=(1404)
calls=1 0 
0 8 3
0 4 2 2
cob=(2)
cfi=(51)
cfn=(1404)
calls=1 0 
0 8 3
0 4 2 2 1 0 0 1
cob=(2)
cfi=(51)
cfn=(1404)
calls=1 0 
0 8 3
0 4 2 2
cob=(2)
cfi=(51)
cfn=(1404)
calls=1 0 
0 8 3
0 5 2 2
cob=(2)
cfi=(51)
cfn=(1404)
calls=1 0 
0 8 3
0 5 2 2 1 0 0 1
cob=(2)
cfi=(51)
cfn=(1404)
calls=1 0 
0 8 3
0 4 2 2
cob=(2)
cfi=(51)
cfn=(1404)
calls=1 0 
0 8 3
0 5 2 2
cob=(2)
cfi=(51)
cfn=(1404)
calls=1 0 
0 8 3
0 13 9 1 1 2 0 1

fn=(1368)
0 209185 0 41837 94 0 40 1
cob=(2)
cfi=(51)
cfn=(1370)
calls=41837 0 
0 337900 126488 466 128 138 2 24 13
0 167348 83674

fn=(1414)
0 13 1 5 1 1 1 1 0 1
cob=(2)
cfi=(51)
cfn=(1364)
calls=1 0 
0 19 6 1
0 5 3 1 1 0 1 1 0 1

fn=(1438)
0 15 1 7 2 1 1 2 0 1
cob=(2)
cfi=(51)
cfn=(1352)
calls=1 0 
0 5 2
0 4 0 2
cob=(2)
cfi=(51)
cfn=(1440)
calls=1 0 
0 1306 314 164 16 9 0 16 2
0 4 3

fn=(1492)
0 84 1 0 2 0 0 2
cob=(2)
cfi=(51)
cfn=(1494)
calls=1 0 
0 612 116 28
0 24 1 0 1 0 0 1
cob=(2)
cfi=(51)
cfn=(1494)
calls=1 0 
0 392 76 20 0 1 0 0 1
0 7 1
cob=(2)
cfi=(51)
cfn=(1494)
calls=1 0 
0 502 96 24
0 9 1 0 1 0 0 1
cob=(2)
cfi=(51)
cfn=(1494)
calls=1 0 
0 202 42 13
0 3 1
cob=(2)
cfi=(51)
cfn=(1494)
calls=1 0 
0 257 52 15
0 3 1 0 1 0 0 1
cob=(2)
cfi=(51)
cfn=(1494)
calls=1 0 
0 1050 341 158 14 17 0 6 5
0 3 1
cob=(2)
cfi=(51)
cfn=(1494)
calls=1 0 
0 557 106 26
0 3 1
cob=(2)
cfi=(51)
cfn=(1494)
calls=1 0 
0 192 38 13 0 1
0 3 1
cob=(2)
cfi=(51)
cfn=(1494)
calls=1 0 
0 337 66 18 0 1 0 0 1
0 7 3 0 2 0 0 2
cob=(2)
cfi=(51)
cfn=(1494)
calls=1 0 
0 147 32 11 1 0 0 1

fn=(1706)
0 454952 7844 188256 4571 7776 22820 3 0 16
cob=(2)
cfi=(51)
cfn=(1330)
calls=7844 0 
0 211788 86284 47064 7842 31109 4174 0 0 1

fn=(1730)
0 313864 156932 39233 16 9677 0 1

fn=(1942)
0 4027 847 722 38 0 0 3
cob=(2)
cfi=(51)
cfn=(1918)
calls=120 0 
0 2049 480 240 2 1
0 792 392 264 4 0 0 1

fn=(1972)
0 138534 13471 19707 20 0 0 2
cob=(2)
cfi=(51)
cfn=(1918)
calls=6403 0 
0 110995 25612 12806 4 1018 0 0 1
0 53707 26359 13452 2 0 0 1
cob=(2)
cfi=(51)
cfn=(1922)
calls=148 0 
0 32334 8002 5026 116 8 19 0 0 13
0 13554 292 72 5 1

fn=(2122)
0 710991 41823 334584 108 0 0 2
cob=(2)
cfi=(51)
cfn=(2124)
calls=41823 0 
0 1046411 376679 209254 214 55 7 5 2
0 835880 376175 41765 45 97 0 1
cfn=(2140) std::num_put<char, std::ostreambuf_iterator<char, std::char_traits<char> > >::do_put(std::ostreambuf_iterator<char, std::char_traits<char> >, std::ios_base&, char, double) const
calls=41765 0 
0 102257546 21763732 15619160 205739 2975 16405 2
0 522 174 58 0 12
cfn=(2140)
calls=58 0 
0 154448 34679 23528 3516 324 136 193 21 1
0 837214 543988 117 97 1 0 3
cob=(2)
cfi=(51)
cfn=(2130)
calls=1 0 
0 2539 631 318 23 30 9 16 5
0 6 3 0 1 1 0 1

fn=(2604)
0 672 0 252 2 0 0 1
cob=(2)
cfi=(51)
cfn=(2302)
calls=84 0 
0 1344 252 0 2 4 0 0 1
0 924 252 0 14 0 0 1
cob=(2)
cfi=(51)
cfn=(2606)
calls=84 0 
0 17688 4609 2737 48 27 0 2

fn=(2634)
0 2240 160 800 122 0 0 2
cob=(2)
cfi=(51)
cfn=(2124)
calls=160 0 
0 4000 1440 800
0 4063 2686 257 54 0 0 2
cfn=(2636) __gnu_cxx::stdio_sync_filebuf<char, std::char_traits<char> >::overflow(int)
calls=63 0 
0 2700 865 459 46 26 2 3 4
0 126

fn=(2798)
0 315 135 45 44 0 0 1

fn=(2832)
0 24 0 10 4 0 0 2
cob=(2)
cfi=(51)
cfn=(2834)
calls=2 0 
0 1736 578 278 11 23 0 0 4
0 8 0 2
cob=(2)
cfi=(51)
cfn=(2844)
calls=2 0 
0 867 305 144 7 15 0 3 3
0 20 10

fn=(3254) std::basic_filebuf<char, std::char_traits<char> >::overflow(int)
0 1249 285 227 17 0 0 3
cob=(2)
cfi=(51)
cfn=(3258)
calls=56 0 
0 8382 2572 1257 137 74 2 9 9
0 1540 456 289 11 0 0 4

fn=(4074) std::ios_base::Init::~Init()
0 24 8 3 2 3 0 2
cob=(2)
cfi=(51)
cfn=(2708)
calls=1 0 
0 136 53 23 15 13
0 2 1 1 0 1
cob=(2)
cfi=(51)
cfn=(2708)
calls=1 0 
0 2965 1001 484 13 80 2 10 5
0 2 1 1 0 1
cob=(2)
cfi=(51)
cfn=(2708)
calls=1 0 
0 136 53 23 0 2
0 2 1 1 0 1
cob=(2)
cfi=(51)
cfn=(4098)
calls=1 0 
0 2222 634 291 11 24 0 10 3
0 2 1 1 0 1
cob=(2)
cfi=(51)
cfn=(4098)
calls=1 0 
0 393 148 64 1 5 0 1
0 2 1 1 1 1 0 1
cob=(2)
cfi=(51)
cfn=(4098)
calls=1 0 
0 136 53 23 0 2
0 2 1

fn=(4284) 0x000000000018d800
0 2 1

fn=(726)
0 5
cob=(2)
cfi=(51)
cfn=(634)
calls=1 0 
0 77 15 15 0 0 1

fn=(1402)
0 448 0 224 1 0 0 1
cob=(2)
cfi=(51)
cfn=(1404)
calls=32 0 
0 1352 452 198 4 15 0 4 5
0 11680 3520 64 5 1 0 5

fn=(1408)
0 926826 308942 96 15379 15566 0 2 4

fn=(1570)
0 113 38 31 4 0 1 4

fn=(1766)
0 70653 23551

fn=(1802)
0 12 4 0 1 0 0 1

fn=(1814)
0 12 4

fn=(1882)
0 42 21 7 3 0 0 1

fn=(1926)
0 9575 1085 3528 95 0 0 2
cob=(2)
cfi=(51)
cfn=(1928)
calls=38 0 
0 3346 717 406 1 4 3 0 0 3
0 933 0 311
cob=(2)
cfi=(51)
cfn=(1928)
calls=311 0 
0 60211 11370 8109 339 218 213 4 0 107
0 1935 148 148 94 0 0 1
cob=(2)
cfi=(51)
cfn=(1918)
calls=148 0 
0 2249 601 302 0 0 4 0 0 2
0 3490 698 349 47 0 0 1
cob=(2)
cfi=(51)
cfn=(1918)
calls=349 0 
0 468745 463823 462970 108 1582 7244 0 1 195
0 1404 351 1
cob=(2)
cfi=(51)
cfn=(1918)
calls=1 0 
0 15 4 2
0 1085 349 38
cob=(2)
cfi=(51)
cfn=(1954)
calls=38 0 
0 3610 1140 570 8
0 5508 3490 698 152 0 0 2

fn=(2210)
0 1975501 172164 514848 93 0 1 2
cob=(2)
cfi=(51)
cfn=(1918)
calls=270 0 
0 4600 1035 495 1 5 0 0 2
0 775739 601853 648 138 9 0 2 4
cfn=(3254)
calls=1 0 
0 45 13 12 7 0 0 7
cfn=(2212) std::__cxx11::basic_stringbuf<char, std::char_traits<char>, std::allocator<char> >::overflow(int)
calls=377 0 
0 271216 69243 52164 4155 1341 10230 25 5
0 344895 0 85642 1 0 1
cob=(2)
cfi=(51)
cfn=(1918)
calls=85642 0 
0 1419312 299777 128492 4 569 7083 0 4 1
0 171284 0 85642

fn=(2636)
0 441 63 0 12 0 0 1
cob=(2)
cfi=(51)
cfn=(2638)
calls=63 0 
0 2259 802 459 34 26 2 2 4

fn=(2768)
0 48 24 0 2 1

fn=(2816) std::basic_filebuf<char, std::char_traits<char> >::xsgetn(char*, long)
0 5775 693 1617 8 0 0 4
cob=(2)
cfi=(51)
cfn=(2818)
calls=231 0 
0 16568 4520 2813 58 77 1 21 22
0 3465 1848 0 3 0 0 2

fn=(2824) std::basic_filebuf<char, std::char_traits<char> >::underflow()
0 66 20 16 6 2 0 3
cfn=(2826) std::codecvt<char, char, __mbstate_t>::do_always_noconv() const
calls=2 0 
0 6 2 0 2 0 0 1
0 34 20 2 6 0 0 3
cob=(2)
cfi=(51)
cfn=(2828)
calls=2 0 
0 3547 1165 568 25 46 1 5 8
0 33 4 10 3 0 0 3

fn=(2888)
0 5 1 2 2 0 0 2
cob=(2)
cfi=(51)
cfn=(1404)
calls=1 0 
0 8 3 0 0 1
0 12 6 1 0 2
cob=(2)
cfi=(51)
cfn=(2750)
calls=1 0 
0 153 50 28 11 8 0 7 2
0 5 2

fn=(2928)
0 21 3 0 1 0 0 1
cob=(2)
cfi=(51)
cfn=(2930)
calls=3 0 
0 1201 384 189 16 18 0 12 4

fn=(3152)
0 24 2 10 4 0 0 2
cob=(2)
cfi=(51)
cfn=(2764)
calls=2 0 
0 12 6 0 4 3
0 10 0 4
cob=(2)
cfi=(51)
cfn=(3154)
calls=2 0 
0 1208 334 149 24 12 1 6 2
0 10 0 6 2 0 0 1
cob=(2)
cfi=(51)
cfn=(3160)
calls=2 0 
0 15640 3905 2302 24 132 2 5 3
0 28 4 16 2 0 1 1
cob=(2)
cfi=(51)
cfn=(3166)
calls=2 0 
0 2581 812 446 79 62 1 3 8
0 26 12

fn=(3318)
0 255 15 120 8 0 0 2
cob=(2)
cfi=(51)
cfn=(2124)
calls=15 0 
0 375 135 75
0 270 123 12 1 2 0 1
cfn=(3320) std::num_put<char, std::ostreambuf_iterator<char, std::char_traits<char> > >::do_put(std::ostreambuf_iterator<char, std::char_traits<char> >, std::ios_base&, char, long) const
calls=12 0 
0 6761 1506 891 42 25 6 21 1
0 27 9 3 3 5
cfn=(3320)
calls=3 0 
0 787 163 123 47 11 2
0 339 210 6 11 4 0 3

fn=(4110) __gnu_cxx::stdio_sync_filebuf<wchar_t, std::char_traits<wchar_t> >::sync()
0 15 5 0 0 2
cob=(2)
cfi=(51)
cfn=(2650)
calls=5 0 
0 340 115 65

fn=(4280) 0x000000000018d820
0 2 1 0 1 0 0 1

fn=(4300)
0 4 2

fn=(1328)
0 64 17 24 6 6 3 5 1
cob=(2)
cfi=(51)
cfn=(1330)
calls=1 0 
0 80969 22328 10201 346 479 101 332 79 95
0 16 3 11 2 1 1 2
cob=(2)
cfi=(51)
cfn=(1330)
calls=1 0 
0 27 11 6 1 1
0 14 2 11 1 0 2 1
cob=(2)
cfi=(51)
cfn=(1330)
calls=1 0 
0 27 11 6
0 7 1 4 1 0 0 1
cob=(2)
cfi=(51)
cfn=(1702)
calls=1 0 
0 847 267 164 5 7 4 5
0 11 1 6 1 0 1 1
cob=(2)
cfi=(51)
cfn=(1708)
calls=1 0 
0 12087 3317 1518 35 85 0 33 13
0 4 1 1 0 1
cob=(2)
cfi=(51)
cfn=(1702)
calls=1 0 
0 87 13 30 0 0 4 0 0 3
0 15 1 8 2 0 0 2
cob=(2)
cfi=(51)
cfn=(1708)
calls=1 0 
0 223 76 44
0 5 1 1 0 1
cob=(2)
cfi=(51)
cfn=(1702)
calls=1 0 
0 87 13 30 0 0 3
0 11 1 6 1 0 1 1
cob=(2)
cfi=(51)
cfn=(1708)
calls=1 0 
0 223 76 44
0 4 1 2 1 1 0 1
cob=(2)
cfi=(51)
cfn=(1702)
calls=1 0 
0 87 13 30 0 0 4 0 0 4
0 11 2 6 1 0 1 1
cob=(2)
cfi=(51)
cfn=(1708)
calls=1 0 
0 223 76 44
0 23 4 12 2 2 1 2
cob=(2)
cfi=(51)
cfn=(1330)
calls=1 0 
0 27 11 6
0 16 3 11 2 0 3 2
cob=(2)
cfi=(51)
cfn=(1330)
calls=1 0 
0 27 11 6
0 14 2 11 2 0 1 2
cob=(2)
cfi=(51)
cfn=(1330)
calls=1 0 
0 27 11 6
0 7 1 4 1 0 0 1
cob=(2)
cfi=(51)
cfn=(1702)
calls=1 0 
0 87 13 30 0 0 4 0 0 4
0 11 1 7 1 0 1 1 0 1
cob=(2)
cfi=(51)
cfn=(1774)
calls=1 0 
0 9703 2542 1117 26 62 0 26 17
0 4 1 1
cob=(2)
cfi=(51)
cfn=(1702)
calls=1 0 
0 87 13 30 0 0 4 0 0 4
0 15 1 9 2 0 0 2
cob=(2)
cfi=(51)
cfn=(1774)
calls=1 0 
0 223 76 45
0 5 1 1
cob=(2)
cfi=(51)
cfn=(1702)
calls=1 0 
0 87 13 30 0 0 4 0 0 2
0 11 1 7 1 0 1 1 0 1
cob=(2)
cfi=(51)
cfn=(1774)
calls=1 0 
0 223 76 45
0 4 1 2
cob=(2)
cfi=(51)
cfn=(1702)
calls=1 0 
0 87 13 30 0 0 4
0 11 2 7 2 0 0 2
cob=(2)
cfi=(51)
cfn=(1774)
calls=1 0 
0 223 76 45
0 15 9 4 0 1

fn=(1426)
0 113 38 31 4 2 0 4 1

fn=(1432)
0 113 38 31 5 0 0 5

fn=(1450)
0 13 1 5 2 1 1 2 0 1
cob=(2)
cfi=(51)
cfn=(1364)
calls=1 0 
0 19 6 1
0 2 0 2
cob=(2)
cfi=(51)
cfn=(1352)
calls=1 0 
0 5 2
0 5 3 1

fn=(1748)
0 326875 65375 130750 7682 7776 0 1
cob=(2)
cfi=(51)
cfn=(1404)
calls=65375 0 
0 523000 196125 0 19169 15553
0 392250 326875 0 7687 15554 0 1

fn=(1760)
0 117755 23551 47102 47 7778 0 1
cob=(2)
cfi=(51)
cfn=(1404)
calls=23551 0 
0 188408 70653 0 0 7776
0 141306 117755

fn=(1778)
0 28 0 12 1 0 0 1
cob=(2)
cfi=(51)
cfn=(1714)
calls=4 0 
0 348 128 72
0 12 0 4
cob=(2)
cfi=(51)
cfn=(1780)
calls=4 0 
0 8757 2320 1006 22 57 0 22 15
0 52 12 24 1 0 0 1

fn=(2134)
0 720 30 37 10 6 4 10 3
cob=(2)
cfi=(51)
cfn=(2136)
calls=1 0 
0 917 324 146 10 14 5 4 2
0 12 6 1 1

fn=(2146)
0 961929 41823 543699 117 0 40 2
cfn=(2148) 0x000000000012b240
calls=41823 0 
0 1212867 501876 209115 45 90 40 1
0 460053 41823 83646 45 0 0 1
cob=(2)
cfi=(51)
cfn=(2154)
calls=41823 0 
0 1381191 167580 167426 194 101 0 5 2
0 543699 41823 125469 55 0 1 1
cob=(2)
cfi=(51)
cfn=(1364)
calls=41823 0 
0 794637 250938 41823 243 140 40
0 460053 83646 125469 45 0 0 1
cfn=(2160) 0x00000000000fb400
calls=41823 0 
0 87740923 18271241 13300229 203900 1664 1255 158 12 1
0 209115 41823 83646 45 0 0 1
cob=(2)
cfi=(51)
cfn=(1744)
calls=41823 0 
0 878283 418230 83646
0 1296513 167292 125469 141 0 0 3
cob=(2)
cfi=(51)
cfn=(2206)
calls=41823 0 
0 920991 125776 146 97 14 0 2 4
0 1119989 371791 124315 109 88 0 2
cfn=(2210)
calls=41823 0 
0 2458485 603168 462254 3883 1104 15165 12 2
0 964237 461207 41823 141 2 0 2
cob=(2)
cfi=(51)
cfn=(1918)
calls=41823 0 
0 631130 166197 82551 43 40
0 125469 0 41823 50 0 0 1

fn=(2212)
0 14157 1963 3471 145 0 2 2
cob=(2)
cfi=(51)
cfn=(3278)
calls=208 0 
0 83989 15577 11835 1027 555 288
0 434 0 248 101 0 0 2
cob=(2)
cfi=(51)
cfn=(3278)
calls=62 0 
0 8853 2210 1236 551 315 13 2
0 2700 810 270
cob=(2)
cfi=(51)
cfn=(2224)
calls=270 0 
0 85200 24976 23210 805 159 9893
0 4860 1620 1350 260 0 0 1
cob=(2)
cfi=(51)
cfn=(3282)
calls=270 0 
0 12425 3876 2564 301 8 0 6 3
0 1890 1350 270
cob=(2)
cfi=(51)
cfn=(3288)
calls=270 0 
0 14683 2738 2294 396 130 0 5
0 1018 270 208
cob=(2)
cfi=(51)
cfn=(1954)
calls=208 0 
0 28495 8518 3948 124 113 32
0 6190 3663 484 188 0 2 3
cob=(2)
cfi=(51)
cfn=(2214)
calls=107 0 
0 2796 523 455 158 61 0 2 2
0 3526 1149 321 99 0 0 2

fn=(2222)
0 94517 7962 39099 15518 7686 9810 2
cob=(2)
cfi=(51)
cfn=(2224)
calls=79 0 
0 494043 468240 466701 848 1821 7318 2 0 173
0 15995 237 7725 7685 0 0 1
cob=(2)
cfi=(51)
cfn=(3560)
calls=7725 0 
0 302442 93006 61934 23229 11943 2268
0 38625 23175

fn=(2236)
0 62688 7836 23508 7775 7728 0 1
cob=(2)
cfi=(51)
cfn=(2238)
calls=7836 0 
0 102882 47299 23642 15565 11960 0 4 1
0 15672 0 7836 7610 0 0 1
cob=(2)
cfi=(51)
cfn=(2244)
calls=7836 0 
0 118482 47290 31478 11499 7738 0 3 1
0 54852 15672 0 0 7729
cob=(2)
cfi=(51)
cfn=(1726)
calls=7836 0 
0 78360 39180 7836 1 9608

fn=(2282)
0 1575 360 495 16 52 0 3
cfn=(2890) __cxxabiv1::__vmi_class_type_info::__do_dyncast(long, __cxxabiv1::__class_type_info::__sub_kind, __cxxabiv1::__class_type_info const*, void const*, __cxxabiv1::__class_type_info const*, void const*, __cxxabiv1::__class_type_info::__dyncast_result&) const
calls=2 0 
0 192 60 34 8 4 0 7 2
cfn=(2284) __cxxabiv1::__si_class_type_info::__do_dyncast(long, __cxxabiv1::__class_type_info::__sub_kind, __cxxabiv1::__class_type_info const*, void const*, __cxxabiv1::__class_type_info const*, void const*, __cxxabiv1::__class_type_info::__dyncast_result&) const
calls=43 0 
0 6887 2073 1125 101 134 6 10 27
0 900 495 0 10 0 0 2

fn=(2826)
0 630 210 0 47 0 0 1

fn=(3158)
0 39 11 15 4 4 0 2
cfn=(2826)
calls=1 0 
0 3 1 0 1
0 27 18 0 4 0 0 2

fn=(3164)
0 18 4 4 2 0 0 1
cob=(2)
cfi=(51)
cfn=(2940)
calls=2 0 
0 14389 3582 2154 17 121 1 1
0 22 6 10 2 0 1 1

fn=(3328) 0x000000000012e8f0
0 628 50 32 15 4 0 3

fn=(4102)
0 45 12 12 2 7 0 2
cob=(2)
cfi=(51)
cfn=(4104)
calls=3 0 
0 1289 376 173 5 10 0 5 2
0 21 18 3 0 3
cfn=(4110)
calls=3 0 
0 213 72 39 0 2
0 49 27 1 1 0 0 1
cob=(2)
cfi=(51)
cfn=(4080)
calls=1 0 
0 33 13 2
0 7 3 1 1 0 0 1
cfn=(4110)
calls=1 0 
0 71 24 13
0 2

fn=(4103)
0 15 4 4
cob=(2)
cfi=(51)
cfn=(4105)
calls=1 0 
0 25 9 5
0 7 6 1
cfn=(4110)
calls=1 0 
0 71 24 13
0 16 9

fn=(764)
0 50 25 12 3 12 0 3 2

fn=(816)
0 7 0 2 1 0 0 1
cob=(2)
cfi=(51)
cfn=(634)
calls=1 0 
0 77 15 15
0 4 0 1
cob=(2)
cfi=(51)
cfn=(634)
calls=1 0 
0 77 15 15 0 0 1 0 0 1
0 5 1 0 1 0 0 1
cob=(2)
cfi=(51)
cfn=(634)
calls=1 0 
0 77 15 15

fn=(1362)
0 15 1 6 1 1 1 1 0 1
cob=(2)
cfi=(51)
cfn=(1364)
calls=1 0 
0 4167 1260 601 29 54 2 27 14
0 101 7 73 3 0 8 3 0 8

fn=(1636)
0 109 30 31 5 0 0 5

fn=(1742)
0 70653 23551 0 294 0 0 1

fn=(1796)
0 20 4 8 1 1 0 1
cob=(2)
cfi=(51)
cfn=(1404)
calls=4 0 
0 32 12
0 24 20 0 1 1 0 1

fn=(1952)
0 18442 0 0 7571 0 0 1
cob=(2)
cfi=(51)
cfn=(1954)
calls=9221 0 
0 905011 284236 140397 757 44541 213 11 1 1

fn=(1958)
0 19076 0 0 3
cob=(2)
cfi=(51)
cfn=(1960)
calls=9538 0 
0 924259 291218 148440 888 36919 249 12 1 2

fn=(2128)
0 1293469 344924 344925 97 246 0 2
cob=(2)
cfi=(51)
cfn=(2709)
calls=1 0 
0 136 53 23
0 689851 344926 86231 70 0 0 1

fn=(2129)
0 23 8 5

fn=(2148)
0 334728 41841 209205 48 49 40 1
cob=(2)
cfi=(51)
cfn=(1404)
calls=41841 0 
0 334728 125523
0 543933 334728 0 0 49

fn=(2158)
0 1296513 125469 167292 138 46 0 3 1

fn=(2160)
0 1087398 83646 669168 106 0 125 2
cob=(2)
cfi=(51)
cfn=(1464)
calls=41823 0 
0 1003752 418230 167292 137 239
0 501876 0 209115 46 0 0 1
cob=(2)
cfi=(51)
cfn=(2166)
calls=41823 0 
0 83600446 17058374 12045539 176053 1379 1130 154 12 1
0 125469 0 41823
cob=(2)
cfi=(51)
cfn=(1464)
calls=41823 0 
0 1003752 418230 167292 0 46
0 418230 292761 0 27558 0 0 1

fn=(2242)
0 87098 39590 23754 15521 4214 0 2

fn=(2284)
0 1218 246 406 14 42 0 3 21
cob=(2)
cfi=(51)
cfn=(2286)
calls=37 0 
0 1746 527 146 66 77 6 2 3
0 1002 486 92 6 1 0 1
cfn=(2285) __cxxabiv1::__si_class_type_info::__do_dyncast(long, __cxxabiv1::__class_type_info::__sub_kind, __cxxabiv1::__class_type_info const*, void const*, __cxxabiv1::__class_type_info const*, void const*, __cxxabiv1::__class_type_info::__dyncast_result&) const'2
calls=37 0 
0 1369 407 333
0 444 74 148 10 10 0 2 1
cob=(2)
cfi=(51)
cfn=(2286)
calls=37 0 
0 923 222 0 5 4 0 2 2
0 185 111

fn=(2285)
0 1369 407 333

fn=(2300)
0 847 77 385 6 0 2 1
cob=(2)
cfi=(51)
cfn=(2302)
calls=77 0 
0 2101 536 146 9 29 0 2 5
0 690 76 76 5 0 0 1
cob=(2)
cfi=(51)
cfn=(2136)
calls=76 0 
0 1796 420 0 20 7 0 1
0 719 385

fn=(2724)
0 327 51 0 4 0 0 2

fn=(2776) 0x00000000000d0980
0 18 4 0 3 2 0 2 1

fn=(2814)
0 6468 2079 1386 16 0 0 3

fn=(2890)
0 128 40 34 6 3 0 6 2
cob=(2)
cfi=(51)
cfn=(2286)
calls=2 0 
0 46 12 0 1 1
0 18 8 0 1 0 0 1

fn=(3108)
0 128 36 0 1 0 0 1

fn=(3262)
0 1120 224 448 24 0 0 1
cfn=(2826)
calls=56 0 
0 168 56
0 336 0 56 15 0 0 1
cob=(2)
cfi=(51)
cfn=(3264)
calls=56 0 
0 4743 1425 619 87 61 2 4 7
0 728 504 0 7 0 0 1

fn=(3320)
0 45 0 0 4 0 0 1
cob=(2)
cfi=(51)
cfn=(3322)
calls=15 0 
0 7503 1669 1014 85 36 8 20 1

fn=(3674)
0 1025 123 287 82 82 0 2
cob=(2)
cfi=(51)
cfn=(2238)
calls=41 0 
0 533 246 123 34 41
0 205 41 41 41 0 0 1
cob=(2)
cfi=(51)
cfn=(2244)
calls=41 0 
0 615 246 164 74 40
0 2785 654 656 123 82 0 3
cob=(2)
cfi=(51)
cfn=(3676)
calls=41 0 
0 1137 419 175 168 87 22
0 123 0 41
cob=(2)
cfi=(51)
cfn=(1720)
calls=41 0 
0 902 328 123
0 82 0 41
cob=(2)
cfi=(51)
cfn=(1726)
calls=41 0 
0 410 205 41
0 123 0 41
cob=(2)
cfi=(51)
cfn=(1732)
calls=41 0 
0 4551 1640 697
0 123 0 41
cob=(2)
cfi=(51)
cfn=(2238)
calls=41 0 
0 533 246 123
0 205 82 82 41 0 0 1
cob=(2)
cfi=(51)
cfn=(3110)
calls=41 0 
0 369 164 41 82 41
0 748 414 43 82 43 0 2

fn=(3680) std::basic_streambuf<char, std::char_traits<char> >::sync()
0 123 41 0 41 0 0 1

fn=(4090)
0 8 0 2 1 0 0 1
cob=(2)
cfi=(51)
cfn=(4092)
calls=2 0 
0 971 340 147 3 44 0 3 2
0 6 2

fn=(4290) 0x00000000000dbf00
0 2 1

fn=(4302) 0x00000000000ac0b0
0 4 0 1 1 0 0 1
cob=(2)
cfi=(51)
cfn=(4296)
calls=1 0 
0 4 2

fn=(622)
0 9 0 4 1 0 1 1
cob=(2)
cfi=(51)
cfn=(624)
calls=1 0 
0 845 264 135 3 19 7 3 0 2
0 7 0 2 1 0 0 1
cob=(2)
cfi=(51)
cfn=(634)
calls=1 0 
0 1079 340 165 9 24 1 9 1
0 3 0 2
cob=(2)
cfi=(51)
cfn=(624)
calls=1 0 
0 7 3 1
0 9 2 1 1 0 0 1
cob=(2)
cfi=(51)
cfn=(634)
calls=1 0 
0 77 15 15 0 0 1

fn=(746)
0 34 17 8 2 8 0 2 1

fn=(790)
0 50 25 12 3 10 0 3 2

fn=(1000)
0 216 12 0 9 0 0 3

fn=(1420)
0 414 137 75 7 5 0 7 2

fn=(1444)
0 11 2 4 2 0 0 2
cob=(2)
cfi=(51)
cfn=(1364)
calls=1 0 
0 19 6 1
0 138 4 25 12 0 0 12

fn=(1532)
0 15 1 7 2 1 0 2
cob=(2)
cfi=(51)
cfn=(1352)
calls=1 0 
0 5 2
0 4 0 2
cob=(2)
cfi=(51)
cfn=(1534)
calls=1 0 
0 1330 317 164 16 10 0 16 3
0 4 3

fn=(1790)
0 12 4 0 1 0 0 1

fn=(2140)
0 167292 0 0 46 0 0 1
cob=(2)
cfi=(51)
cfn=(2142)
calls=41823 0 
0 102244702 21798411 15642688 209209 3299 16541 194 21 1

fn=(3972) std::__cxx11::basic_string<char, std::char_traits<char>, std::allocator<char> >::~basic_string()
0 60 20 0 2 6 0 2

fn=(2614)
0 793206 44067 396603 109 0 3 2
cob=(2)
cfi=(51)
cfn=(2124)
calls=44067 0 
0 1101675 396603 220335 20 208
0 1454211 925407 132201 135 65 0 3
cfn=(2210)
calls=43813 0 
0 2496353 539088 404297 499 814 2143 17 13
cfn=(3248) std::basic_filebuf<char, std::char_traits<char> >::xsputn(char const*, long)
calls=151 0 
0 20084 5431 3195 803 602 34 20 6 1
cfn=(2616) __gnu_cxx::stdio_sync_filebuf<char, std::char_traits<char> >::xsputn(char const*, long)
calls=103 0 
0 10530 2719 1784 110 67 11 18 6 2
0 220335 88134

fn=(2762)
0 24 0 10 2 0 0 1
cob=(2)
cfi=(51)
cfn=(2764)
calls=2 0 
0 900 276 134 3 10 0 2 1
0 14 0 2
cob=(2)
cfi=(51)
cfn=(2770)
calls=2 0 
0 2901 842 532 85 61 14 11 8
0 4 0 2 2 0 0 1
cob=(2)
cfi=(51)
cfn=(2764)
calls=2 0 
0 12 6
0 8 0 2
cob=(2)
cfi=(51)
cfn=(2788)
calls=2 0 
0 1880 448 240 50 30 2 5 2 2
0 44 14 16 2 0 0 1

fn=(2894)
0 5 1 2 1 0 0 1
cob=(2)
cfi=(51)
cfn=(1404)
calls=1 0 
0 8 3
0 11 6 1 1 0 0 1
cob=(2)
cfi=(51)
cfn=(2750)
calls=1 0 
0 153 50 28
0 4 2

fn=(2942)
0 18 0 0 2
cob=(2)
cfi=(51)
cfn=(1954)
calls=9 0 
0 15046 3790 2259 17 126 1 1

fn=(3342) 0x000000000012d890
0 168 6 42 6 0 2 2
cob=(2)
cfi=(51)
cfn=(2106)
calls=6 0 
0 126 12 7 8 2
0 84 36 0 3 0 0 1
cob=(2)
cfi=(51)
cfn=(1918)
calls=6 0 
0 110 19 7

fn=(3610) std::num_put<char, std::ostreambuf_iterator<char, std::char_traits<char> > >::do_put(std::ostreambuf_iterator<char, std::char_traits<char> >, std::ios_base&, char, unsigned long) const
0 9 0 0 1 0 0 1
cob=(2)
cfi=(51)
cfn=(3612)
calls=3 0 
0 2049 477 238 48 52 19 6 2

fn=(3616)
0 60 3 30 2 0 0 2
cfn=(2148)
calls=3 0 
0 87 36 15 1 2
0 81 3 18 2 0 0 2
cfn=(3328)
calls=3 0 
0 86 7 4 3 1
0 72 21 9 2 0 0 2
cfn=(2210)
calls=3 0 
0 170 37 28 1
0 48 27

fn=(4286) 0x00000000000e28b0
0 2 1 0 1 0 0 1

fn=(616)
0 12 1 0 2 0 0 2

fn=(718)
0 44 13 28 5 3 6 5 3 6

fn=(728)
0 34 17 8 2 9 0 2 1

fn=(1010)
0 74 14 2 8 4 0 4 2
cob=(2)
cfi=(51)
cfn=(1012)
calls=2 0 
0 1112 304 136 13 23 0 6 3
0 32 2 0 4 0 0 2

fn=(1380) 0x00000000000c0250
0 5 0 0 1 0 0 1
cob=(2)
cfi=(51)
cfn=(1382)
calls=1 0 
0 2117 626 290 13 26 2 13 5

fn=(1514)
0 350 74 74 5 1 3 5 1 3

fn=(1718)
0 329196 47028 141084 15205 7779 5764 2 1
cob=(2)
cfi=(51)
cfn=(1330)
calls=23514 0 
0 634878 258654 141084 0 0 3356
0 70542 0 23514
cob=(2)
cfi=(51)
cfn=(1720)
calls=23514 0 
0 518084 188368 70676 25861 7786 0 5
0 47028 0 23514
cob=(2)
cfi=(51)
cfn=(1726)
calls=23514 0 
0 235924 117827 23648 9 7784 0 1
0 164598 117570 0 510 0 0 1

fn=(1724)
0 471120 164892 70668 18073 0 0 3

fn=(1736)
0 188408 0 70653 7737 0 0 1
cob=(2)
cfi=(51)
cfn=(1738)
calls=23551 0 
0 118698 47380 134 8007 7779 0 3 2
0 94204 0 23551
cob=(2)
cfi=(51)
cfn=(1744)
calls=23551 0 
0 495522 235789 47236 34543 46665 0 2
0 70653 0 47102
cob=(2)
cfi=(51)
cfn=(1750)
calls=23551 0 
0 119050 47424 134 7796 7783 0 3 3
0 94204 0 23551
cob=(2)
cfi=(51)
cfn=(1756)
calls=23551 0 
0 495890 235835 47236 7822 23340 0 3 1
0 70653 0 47102 5674 0 0 1
cob=(2)
cfi=(51)
cfn=(1762)
calls=23551 0 
0 119050 47424 134 633 7783 0 2 2
0 94204 0 23551
cob=(2)
cfi=(51)
cfn=(1768)
calls=23551 0 
0 495890 235835 47236 8082 15564 0 1 3
0 117755 70653 23551

fn=(1754)
0 70653 23551 0 6 0 0 1

fn=(1932)
0 8802 715 0 108 0 0 1
cob=(2)
cfi=(51)
cfn=(1282)
calls=493 0 
0 120660 21950 17063 1511 1015 488 0 0 81
0 666 0 222 1 0 0 1
cob=(2)
cfi=(51)
cfn=(1282)
calls=222 0 
0 23233 5016 3339 49 5 52 0 0 52

fn=(2230)
0 2490 384 570 98 84 86 2
cob=(2)
cfi=(51)
cfn=(1954)
calls=58 0 
0 10575 3212 1351 0 26
0 640 128 256 0 41
cob=(2)
cfi=(51)
cfn=(1726)
calls=128 0 
0 1280 640 128 10 109
0 1408 256 512 62 47 0 1
cob=(2)
cfi=(51)
cfn=(2232)
calls=128 0 
0 10020 3500 1938 377 289 0 11 2

fn=(2296)
0 344 49 74 6 0 0 2
cob=(2)
cfi=(51)
cfn=(2206)
calls=24 0 
0 558 76 0 8 3
0 221 75

fn=(2648) __gnu_cxx::stdio_sync_filebuf<char, std::char_traits<char> >::sync()
0 204 68 0 7 2 0 1
cob=(2)
cfi=(51)
cfn=(2650)
calls=68 0 
0 12829 3629 2099 206 35 0 20 4

fn=(2702)
0 15 5 3 2 0 0 2
cob=(2)
cfi=(51)
cfn=(2704)
calls=1 0 
0 810 287 150 25 34 1 2
0 5 2
cob=(2)
cfi=(51)
cfn=(2708)
calls=1 0 
0 1004 335 174 2 11 0 2

fn=(2736)
0 40 2 26 4 0 1 2
cob=(2)
cfi=(51)
cfn=(1330)
calls=2 0 
0 54 22 12
0 20 2 10 2 2 1 1
cob=(2)
cfi=(51)
cfn=(2738)
calls=2 0 
0 996 286 138 4 10 12 3 2
0 30 0 26 4 0 1 2
cob=(2)
cfi=(51)
cfn=(2744)
calls=2 0 
0 2059 633 314 8 35 0 5 1
0 8 0 2
cob=(2)
cfi=(51)
cfn=(2754)
calls=2 0 
0 1327 383 180 7 8 0 4
0 14 12 2

fn=(2758)
0 10 2 4 2 0 0 1
cob=(2)
cfi=(51)
cfn=(1404)
calls=2 0 
0 16 6
0 22 12 2 2 0 0 1
cob=(2)
cfi=(51)
cfn=(2750)
calls=2 0 
0 188 62 40
0 8 4

fn=(2822)
0 4858 464 1156 3 0 0 1
cob=(2)
cfi=(51)
cfn=(1918)
calls=1 0 
0 20 4 2
0 29 16 3 3 5 0 2
cfn=(2824)
calls=2 0 
0 3686 1211 596 42 48 1 15 8
0 703 2 232 2 0 0 1
cob=(2)
cfi=(51)
cfn=(1918)
calls=230 0 
0 3913 920 460 5 15 0 0 14
0 1842 1380 230

fn=(2838)
0 300 100 0 49
cob=(2)
cfi=(51)
cfn=(2840)
calls=100 0 
0 1760 701 144 117 150 0 0 3

fn=(2916) 0x00000000000fab90
0 93 33 24 2 0 0 2

fn=(2990)
0 16 7 0 2 0 0 2

fn=(3248)
0 2416 604 755 50 174 0 1
cfn=(2826)
calls=151 0 
0 453 151 0 44
0 2756 647 42 95 43 0 2
cob=(2)
cfi=(51)
cfn=(3682)
calls=42 0 
0 4878 1417 908 465 331 21 8 6
0 1569 646 0 2 0 0 1
cob=(2)
cfi=(51)
cfn=(3250)
calls=109 0 
0 7340 1840 1238 64 54 13 7 0 1
0 672 126 252 83 0 0 1

fn=(3268)
0 560 0 280 22 0 1 1
cob=(2)
cfi=(51)
cfn=(2834)
calls=56 0 
0 784 336 0 33 11
0 280 0 56
cob=(2)
cfi=(51)
cfn=(3270)
calls=56 0 
0 1487 481 149 26 37 0 0 5
0 616 280 0 2 0 0 1

fn=(3568)
0 20 0 6 2 0 0 1
cob=(2)
cfi=(51)
cfn=(2302)
calls=2 0 
0 32 6 0 1 3 0 0 1
0 8 0 2
cob=(2)
cfi=(51)
cfn=(3570)
calls=2 0 
0 1519 410 188 12 20 0 2
0 10 6 0 2 0 0 1

fn=(3608)
0 51 3 24 1 0 0 1
cob=(2)
cfi=(51)
cfn=(2124)
calls=3 0 
0 75 27 15
0 57 24 3 2 2 0 2
cfn=(3610)
calls=3 0 
0 2058 477 238 49 52 19 7 2
0 99 54 6 3 0 0 3

fn=(4282) 0x000000000018d810
0 2 1

fn=(4294) 0x00000000000ac070
0 4 0 1 2 0 0 1
cob=(2)
cfi=(51)
cfn=(4296)
calls=1 0 
0 858 265 134 3 20 2

fn=(4306) 0x00000000000aaf10
0 5 1 0 1

fn=(1356)
0 21 7 0 1 0 0 1

fn=(1456)
0 13 1 5 2 0 1 2 0 1
cob=(2)
cfi=(51)
cfn=(1364)
calls=1 0 
0 19 6 1
0 7 2 2
cob=(2)
cfi=(51)
cfn=(1458)
calls=1 0 
0 28596 7486 3902 52 87 20 42 19 20

fn=(1544)
0 13 1 5 1 1 0 1
cob=(2)
cfi=(51)
cfn=(1364)
calls=1 0 
0 19 6 1
0 2 0 2
cob=(2)
cfi=(51)
cfn=(1352)
calls=1 0 
0 5 2
0 5 3 1

fn=(1606)
0 13 1 5 2 1 1 2 0 1
cob=(2)
cfi=(51)
cfn=(1364)
calls=1 0 
0 19 6 1
0 2 0 2
cob=(2)
cfi=(51)
cfn=(1352)
calls=1 0 
0 5 2
0 5 3 1

fn=(1648)
0 15 2 7 2 0 0 2

ob=(3)
fl=(299) ./nptl/./nptl/libc-cleanup.c
fn=(1998) __libc_cleanup_push_defer
24 76 0 0 5 0 0 1
+3 152 76 76 0 2
+3 304 76 76 0 6
+1 76 0 76
+2 76 0 76
+1 76 76

fn=(2000) __libc_cleanup_pop_restore
39 76 0 0 6 0 0 1
+3 152 76 76
+2 152 76 76
+1 152
+2 76 76

fl=(169)
fn=(580)
46 4 0 1 1 0 0 1
+5 2 1 0 1 0 0 1
+4 5 4 0 0 2
+8 1 1 0 0 1
-2 1 0 1 0 0 1
+10 1
-9 1 0 1
+1 1 0 1 0 0 1 0 0 1
+9 2 1
-1 1
cfi=(170) ./misc/./misc/init-misc.c
cfn=(582) __init_misc
calls=1 -41 
* 91 12 5 8 2 1 8 1

fl=(244) ./libio/./libio/genops.c
fn=(2048) _IO_unsave_markers
960 10 0 5 4 0 0 1
+2 5 5
-2 5
+2 5
+5 15 5 0 4 0 0 1
+2 10 10

fn=(1996) _IO_link_in
87 56 0 40 3 0 0 1
+1 8 8
-1 24 8 8
+1 24
+18 80 64
-16 4 0 0 4 0 0 1
+2 12
-2 4 0 4
+2 4
+1 4
-1 12 0 12 4 0 0 1
cfi=(299)
cfn=(1998)
calls=4 -68 
* 40 12 16 3 5 0 1
+1 36 12 8 4 3 0 1 1
+2 4 4
-1 4 0 4
-1 8 0 4
+2 40 16 4 4 0 0 1
+5 4 4
-3 4 4 0 0 4
-2 8 0 8
+3 4 0 4
-1 4 0 4
+3 48 16 12 4 0 0 1
+1 4 0 4 4 0 0 1
+1 28 4 12
+1 8 0 4
cfi=(299)
cfn=(2000)
calls=4 -64 
* 32 12 8 3 0 0 1
+3 4

fn=(2066) _IO_un_link
53 8 0 0 4 0 0 1
+1 16 8
+28 8 4 0 2
cfn=(2068) __GI__IO_un_link.part.0
calls=4 -30 
* 372 104 112 34 11 0 8

fn=(2068)
52 8 0 8 4 0 0 1
+7 4
-7 28 4 12 4 0 0 1
+6 24 0 12
cfi=(299)
cfn=(1998)
calls=4 -34 
* 40 12 16 2 2
+1 36 12 8 4 2 0 1
+2 4 4
-1 4 0 4
-1 8 0 4
+2 26 6 2 4 3 0 1
+13 2 2
-13 2 2
+2 2 2 0 0 2
+13 2 0 0 2
-15 4 0 4
+15 2
-13 4
+3 4 4 0 2 2 0 1
-1 8
+1 4 0 4
+8 8 0 4
+2 26 6 6 2
+2 8 4 0 2 0 0 1
-1 4 0 4
+1 28 4 12 2
+1 8 0 4
cfi=(299)
cfn=(2000)
calls=4 -40 
* 32 12 8 2
+3 36 28
-19 6 2 0 4 0 0 2

fn=(4352) _IO_flush_all_lockp
686 12 1 7 2 0 0 2
+5 6 0 3
cfi=(299)
cfn=(1998)
calls=1 24 
* 10 3 4 0 1
+1 9 3 2 1 1 0 1
+3 1 1 0 0 1
-8 1
+5 2 0 1
+3 2
fi=(309) ./libio/./libio/libioP.h
940 4 0 0 1 0 0 1
fe=(244)
709 6 0 0 1 0 0 1
+2 3 0 3
-16 9 3 0 0 3
+2 3 0 3 1 0 0 1
+1 6
+3 21 9 0 2 6 0 2 1
+14 9 2 3
+1 2 0 1 1 0 0 1
cfi=(299)
cfn=(2000)
calls=1 39 
* 8 3 2 1
+4 12 9

fn=(1202) _IO_old_init
531 41899 0 0 62 0 0 1
+3 41899 41899 0 0 49 0 0 1
-2 41899
+2 41899
+5 41899
-7 41899 0 41899 0 0 1
+2 41899
+10 41899 0 41899 48 0 45 1 0 1
-10 41899
+16 41899
-11 41899 0 41899
-5 41899
+16 41899 0 41899
-16 41899 0 41899
+21 41899 41899
-16 209495 0 209495
+16 83798
+1 8 0 8 0 0 4 0 0 1
+2 41899 41899

fn=(2024) _IO_doallocbuf
343 3 0 0 3 0 0 1
+1 6 3
-1 9 0 9
+3 12 3
+1 3 3
fi=(309)
940 9 0 0 3 0 0 1
+2 6
+1 6
fe=(244)
347 6 3 3 0 1
cfi=(305) ./libio/./libio/filedoalloc.c
cfn=(2026) _IO_file_doallocate
calls=3 78 
* 847 158 119 29 7 3 5 0 3
* 6
+3 12 12 0 3 0 0 1

fn=(1206) _IO_setb
329 377136 0 83808 60 0 2 1
+1 167620 83808 0 64 0 0 1
+5 83808
-3 41904 0 41904
+3 167616 0 41904
+3 167618 125712 2
-7 2 0 2
cob=(2)
cfi=(51)
cfn=(1122)
calls=2 0 
* 225 67 34 6 1 0 6
+4 6 4

fn=(4360) _IO_default_setbuf
452 2 0 1 1 0 0 1
fi=(309)
940 1
fe=(244)
452 2 0 1 1 0 0 1
fi=(309)
940 1
fe=(244)
452 1 0 1
fi=(309)
940 1
fe=(244)
452 4 0 1
+1 1 1
fi=(309)
942 2
+1 2
fe=(244)
453 2 1 1
cfi=(298) ./libio/./libio/fileops.c
cfn=(2656) _IO_file_sync@@GLIBC_2.2.5
calls=1 792 
* 18 7 3 1
* 2
+4 1 1
330 1 1 0 1 0 0 1
462 1
-7 2
332 2
+5 1
-5 1
+5 1 0 1
467 1
332 1 0 1
466 4 0 3
+2 6 5
-11 1 0 0 1 0 0 1
+1 2
-1 1 0 1
330 4

fn=(1214) _IO_default_xsputn
371 83673 0 0 46 0 0 1
+3 167346
-3 88 0 44
fi=(309)
940 11
fe=(244)
371 11 0 11
fi=(309)
940 11
fe=(244)
371 11 0 11
fi=(309)
940 11
fe=(244)
371 22
+18 14
+8 13 0 0 2 0 0 1
+2 28 2
fi=(309)
942 4
+1 4
fe=(244)
399 8 4 2
cfi=(245) ./libio/./libio/strops.c
cfn=(1216) _IO_str_overflow
calls=2 82 
* 766 175 138 15 1 10 7 0 6
* 4
+2 2
-22 54 26 0 2 0 0 1
+2 39
+3 26
+2 24 0 12 0 0 2
cob=(2)
cfi=(51)
cfn=(1192)
calls=6 0 
* 112 30 16 2 1
+1 6 6
-1 6 0 6
+1 12
+17 11 0 0 2 0 0 1
-29 11
+29 77 77 0 2 0 0 1
-11 60
+1 1 1
-1 3 0 0 1 0 0 1
+1 1 0 1
-1 2
+1 4 2 2
-1 4
+1 2 1 1
-1 2
+1 2 1 1
-1 2
+1 2 1 1
-1 2
+1 32 1 8 1 0 0 1
-1 83665 0 0 46 0 0 1
+11 83662 83662
-11 10
+1 10 5 5
-1 15
+1 20 10 10
-1 35 0 0 2 0 0 1

fn=(2078) _IO_default_finish
601 12 0 4 4 0 0 1
+2 12 4 0 4 0 0 1
+6 12 4
+3 12 4
54 8 4
624 8 8

fn=(4350) _IO_cleanup
863 2 0 1 1 0 0 1
+3 1
-3 9 1 6
-77 1
+80 1 0 1
cfn=(4352)
calls=1 686 
* 126 34 29 10 12 0 9 1
-80 2 0 1 1 0 0 1
+80 1
-80 3 0 2
cfi=(299)
cfn=(1998)
calls=1 24 
* 10 3 4
+1 9 3 2 1 0 0 1
+3 1 1
-3 2 0 1
+3 2
fi=(309)
940 4
fe=(244)
838 3 0 3
-48 9 3
+9 9 3 0 1 1 0 1
+2 6 2
+6 13 4 3 1 1 0 1
+8 5 2 0 1 1 0 1
+9 1 1
fi=(309)
942 2
+1 2
fe=(244)
824 4 1 1 0 1
cfi=(298)
cfn=(4358) _IO_file_setbuf@@GLIBC_2.2.5
calls=1 381 
* 83 19 19 7 0 0 5
+2 3 1
+4 5 1 0 1 0 0 1
+1 8 2 3
+11 9 2 3 1 0 0 1
+1 2 0 1
cfi=(299)
cfn=(2000)
calls=1 39 
* 8 3 2
+35 12 9
-59 1 1 0 1 0 0 1
-2 1
+3 1 0 1
-3 1 0 1
+2 3 1 1 1 0 0 1

fn=(2508) _IO_sputbackc
635 1320 0 528 1 0 0 1
+3 792 528 0 1 0 0 1
+1 528 264
+9 264 0 264
+3 1056 792
-10 528 0 264 1 0 0 1
+1 264
+5 264

fn=(1200) _IO_no_init
563 418990 0 167596 62 0 2 1
+1 41899 0 41899 0 0 1
cfn=(1202)
calls=41899 -33 
* 963685 125697 418998 110 49 50 2 1 2
+1 41899 0 41899 0 0 42
+1 83798
+2 4 0 4 4
+4 4
+7 4 0 4 0 0 4 0 0 1
+2 4 0 4 0 0 3
-9 20 0 20 0 0 4 0 0 1
+15 4 0 4
+1 24 20
-1 41895 0 41895 48 0 0 1
+1 251370 209475
-2 83790 0 41895 46 0 0 1

fn=(2020) _IO_sgetn
409 30 0 15 1
fi=(309)
940 45
fe=(244)
409 15
+2 15 15
fi=(309)
942 30
+1 30
fe=(244)
411 15 15 0 0 1
+1 30 15 0 1 0 0 1
-1 15
cfi=(298)
cfn=(2022) _IO_file_xsgetn
calls=15 1272 
* 1616 433 297 38 25 22 33 21 22

fn=(2030) __underflow
269 45 0 18 2 0 0 1
+1 29 9 2 2 0 0 1
+5 27 9
+3 9 9
173 9 9
278 18
+2 18
+6 18 9
+7 9 9 0 2 0 0 1
fi=(309)
940 27
+2 18
+1 18
fe=(244)
293 9 9 0 0 2
+1 9
-1 9
+1 18 18
-1 9
cfi=(298)
cfn=(2032) _IO_file_underflow@@GLIBC_2.2.5
calls=9 461 
* 1195 325 216 36 3 1 11 0 1
-23 14
+21 27 9 0 2 0 0 1

fn=(2034) _IO_switch_to_get_mode
164 45 0 18 2 0 0 1
+1 27 18
+3 27 9 0 2 0 0 1
+4 18 9 9
+1 18 9 0 2 0 0 1
+7 9
-4 9 0 9
+4 9 0 9
-2 18 0 18
+3 9
+1 36 27

fl=(256) ./misc/../sysdeps/unix/sysv/linux/getsysstats.c
fn=(1250) get_nprocs
241 2 0 0 1 0 0 1
+2 1 0 1
cfn=(1252) get_nprocs_cpu_online
calls=1 140 
* 393 67 37 26 7 0 26 4
+1 2 0 0 1 0 0 1
+5 2 1

fn=(1252)
140 1 0 1 1 0 0 1
+9 2
-9 10 1 6 1 0 0 1
+9 1 0 1
cfi=(257) ./io/../sysdeps/unix/sysv/linux/open64_nocancel.c
cfn=(1254) __open_nocancel
calls=1 28 
* 27 4 2 2 0 0 2
+3 2
+39 12 9
73 6 0 1 1 0 0 1
cfi=(258) ./io/../sysdeps/unix/sysv/linux/read_nocancel.c
cfn=(1256) __read_nocancel
calls=1 -48 
* 6 1 0 1 0 0 1
* 1
+1 2
+5 2
-2 1
+2 1 0 1
cob=(2)
cfi=(51)
cfn=(1258)
calls=1 -79 
* 22 3 0 3 0 0 3
+1 2
fi=(262) ./misc/../sysdeps/unix/sysv/linux/not-cancel.h
-21 2 0 1
cfi=(263) ./io/../sysdeps/unix/sysv/linux/close_nocancel.c
cfn=(1268) __close_nocancel
calls=1 -34 
* 6 1 0 1 0 0 1
+1 1
fe=(256)
+46 2 0 0 1 0 0 1
+45 3
+28 3
+3 5 1
+3 2 1
-26 4 0 1 1 0 0 1
cfi=(260)
cfn=(1262) strtoul
calls=1 -54 
* 110 21 11 12 6 0 12 3
+1 1 1
-1 1
+1 2
+7 2 1
+2 1 0 0 1 0 0 1
+1 4 0 1
cfi=(260)
cfn=(1262)
calls=1 -65 
* 137 22 11 0 1 0 0 1
+1 3 1
+7 3
-75 1 0 0 1 0 0 1
+1 2

fl=(397) ./misc/../sysdeps/unix/syscall-template.S
fn=(4120) munmap
117 15 0 0 2 0 0 2
+5 3 3

fl=(159)
fn=(524)
33 7 1 2 1 0 0 1
+2 1 0 1
cfi=(160) ./ctype/./ctype/ctype-info.c
cfn=(526) __ctype_init
calls=1 -6 
* 17 10 3 2 5 0 2
+3 1 1 0 1 1 0 1
fi=(162) ./elf/../sysdeps/nptl/pthread_early_init.h
-5 2
fe=(159)
+8 1 0 1 0 0 1 0 0 1
-3 1 0 1 0 0 1
fi=(162)
-5 1 0 1
cfi=(161) ./resource/../sysdeps/unix/sysv/linux/getrlimit64.c
cfn=(528) getrlimit
calls=1 +5 
* 10 1 0 1 0 0 1
* 3
+1 6 1
+11 1 1 0 1 1 0 1
fi=(419) ./elf/../nptl/nptl-stack.h
+13 3 2 0 0 1
fi=(162)
-13 1 1
fi=(419)
+13 2
fi=(162)
-4 1 0 1 0 0 1 0 0 1
fi=(419)
+4 2
fi=(162)
-6 1
fi=(419)
+6 1
fi=(162)
-12 1
+6 6 0 1 1 0 0 1
+1 1 0 1
+4 1 0 1
cfi=(163) ./nptl/./nptl/pthread_mutex_conf.c
cfn=(532) __pthread_tunables_init
calls=1 -7 
* 1060 344 153 16 14 13 16 0 2
fe=(159)
-10 3 2
+2 2 1
-2 1
cfi=(166) ./nptl/../sysdeps/unix/sysv/linux/x86/elision-conf.c
cfn=(546) __lll_elision_init
calls=1 +49 
* 147 31 13 3 10 1 3 5 1

fl=(202)
fn=(912)
24 1 0 0 1 0 0 1
+4 1
-1 2
+6 3
+4 4 1 1
+2 1
+1 1 1

fl=(264)
fn=(1274)
91 3 0 0 1 0 0 1
+2 1 1

fl=(400) ./posix/./posix/register-atfork.c
fn=(4134) __unregister_atfork
76 12 0 6 1 0 0 1
+1 6
-1 6
+1 18 0 6 0 0 1 0 0 1
fi=(401) ./posix/../malloc/dynarray-skeleton.c
243 6 6
fe=(400)
65 12
+38 24 6 6 1 0 0 1
+1 12 12

fl=(219)
fn=(1166)
33 10 0 6 1 0 0 1
fi=(420) ./dlfcn/../sysdeps/generic/ldsodefs.h
1388 2 2
fe=(219)
33 6 2 2
+2 4 2
+4 4 4
+3 4 0 0 1 0 0 1
+5 4
+8 6 2
+5 4 2
+13 6 2
+7 2 2
+1 4
-1 2 0 2 1 0 0 1
+1 4 0 2
cfi=(233) ./intl/./intl/dcgettext.c
cfn=(1168) dcgettext
calls=2 -35 
* 1028 224 150 41 15 0 39 5
+2 2 2
-2 18 2 2
cfi=(242) ./stdio-common/./stdio-common/asprintf.c
cfn=(1196) asprintf
calls=2 -55 
* 5447 1087 832 101 15 23 72 8 10
+5 4 2 2 1 0 0 1
+4 2 0 2
+2 4
+12 16 12
fi=(228) ./dlfcn/./dlerror.h
-37 6 2 0 4 0 0 2
fe=(219)
+29 2 2
+1 2 0 2
-1 2 0 2
+2 2
fi=(228)
-44 4 4 2
cob=(1)
cfi=(225)
cfn=(1110)
calls=2 -15 
* 188 58 30 0 1
+7 2
fe=(219)

fn=(1060) _dlerror_run
113 153 0 85 4 0 1 1
+1 17 17 0 0 1
-1 51 17 17 4 0 0 1
+1 17 17
+1 34
+2 14
fi=(228)
-50 25 7
fe=(219)
+64 14 0 7
-10 10 10 0 2 0 0 1
+17 40 10 10 0 3
cob=(1)
cfi=(52)
cfn=(1062)
calls=10 257 
* 18586 4345 2270 277 185 43 72 12 27
* 28 7 7
cob=(1)
cfi=(52)
cfn=(1062)
calls=7 257 
* 2733 720 551 36 4 7 4
+7 17 17
-2 17 17
-5 17
+7 34 0 0 2 0 0 1
+17 21
+6 14 0 7
cob=(2)
cfi=(51)
cfn=(1100)
calls=7 0 
* 459 108 64 2 3 0 1
* 7
+5 7 7
-4 14
+9 7 0 7
+8 14 7
+5 7 7
-6 7 0 7
+3 7 0 7
-2 14 0 7
+5 7
+7 170 136 0 2 0 0 1
-6 7 0 7 3 0 0 1
+4 14
fi=(228)
76 2 0 2
-1 6 2 4 2 0 0 1
cob=(2)
cfi=(51)
cfn=(1122)
calls=2 -75 
* 182 58 30 0 0 1
+1 8 6
fe=(219)
+80 10 0 0 2 0 0 1
-5 41 7 7
+3 7
-1 7 0 7
+1 7 0 7
cob=(2)
cfi=(51)
cfn=(1122)
calls=7 0 
* 637 203 105 2 1 0 1
* 14 7
fi=(228)
54 25 15 15 5 2 0 1
cob=(1)
cfi=(225)
cfn=(1110)
calls=5 -15 
* 470 145 75 15 4 0 12
+7 15 10
fe=(219)

fl=(280)
fn=(1498)
26 70 0 50 1 0 0 1
+7 10
-7 30 0 10
+3 10 0 10
cob=(2)
cfi=(51)
cfn=(936)
calls=10 -29 
* 160 30 0 2 2 0 0 2
+3 10 10
-3 10
+3 10 10 0 0 1
+1 10
+7 48
+1 96 48
-8 48
+2 96 0 48
cob=(2)
cfi=(51)
cfn=(936)
calls=48 -35 
* 768 144 0 0 1 0 0 1
* 20 0 10 1 0 0 1
cob=(2)
cfi=(51)
cfn=(936)
calls=10 -35 
* 160 30 0 0 1 0 0 1
* 58
+2 312 0 49
cob=(2)
cfi=(51)
cfn=(1500)
calls=49 -37 
* 1146 274 0 5 1 0 5
* 98
+8 10 10 0 0 1
+1 10 10 0 0 2
+1 80 70

fl=(353) ./stdio-common/./stdio-common/vfscanf-internal.c
fn=(2506) __vfscanf_internal
278 858 0 528 2 0 2 2
+10 330 198 132 0 0 1
+1 66 66 0 0 1
fi=(354) ./stdio-common/../include/scratch_buffer.h
78 66 0 66
fe=(353)
289 66 0 66 0 0 1
fi=(354)
77 132 0 66 1 0 0 1
fe=(353)
339 66 66
fi=(354)
77 66 0 66
fe=(353)
339 264 66 198 0 0 1
+6 198 66
+3 264 132 0 1 0 0 1
+4 132 132
+13 66 66 0 0 1
-6 66 66
+8 132 66
-8 66 0 66 1 0 0 1
+8 66
+5 66 0 66
-5 66 0 66
+5 396 66 198 0 0 1
cfi=(299)
cfn=(1998)
calls=66 24 
* 660 198 264
* 198 66 0 1 0 0 1
+9 66 66
-4 66 0 66
+4 198 66 0 0 1 0 0 1
570 66
284 66
-1 66
+10 66 0 66
-11 66 0 66
570 132 0 66 1 0 0 1
2428 264
328 132 0 132
+4 66
-5 66 0 66
-1 66 0 66 1 0 0 1
-1 66 0 66
-12 66 0 66
2179 66 0 66
2428 66 0 66
2179 330
418 396
+24 396 198 0 1 0 0 1
+1 396
+3 330 198
+7 528 198 66
+8 66 66
-8 66
+8 132
+8 198
-27 132 0 132
-61 792 396 0 1 0 0 1
3014 330 66
222 264 132 0 1 0 0 1
+1 264 264
-1 132
488 132 132
222 132
488 264
222 132 0 132
488 264
345 132 0 0 1 0 0 1
482 132 0 132 1 0 0 1
+22 528 0 132
+25 132 0 132 1 0 0 1
-4 528
+7 1320 132 132 1 1 0 1 1
+80 264 0 0 1 0 0 1
+5 132 132
-1 264 0 132
+1 264
+1 396
+3 396 264 132 1 0 0 1
+1 1056 264 396
+6 792 396 132
+3 264 132
-3 132
+3 528 132 0 0 1
-3 264 0 0 1 0 0 1
+4 924 396 264 2 0 0 2
+1 660
+4 264 0 132
-4 264 0 264
cfi=(244)
cfn=(2508)
calls=132 +2 
* 2508 792 528 3 0 0 3
+4 1056 264 0 1 1 0 1 1
3024 264 132 66 2 0 0 2
cfi=(299)
cfn=(2000)
calls=66 39 
* 528 198 132
fi=(354)
85 198 132
fe=(353)
3028 132 66
+17 132 66
+6 792 660 0 1 0 0 1
545 396 132 0 1 0 0 1
+8 132 0 132
-21 264 132
1376 132 0 132 1 0 0 1
+21 1320 528 132 1 0 0 1
+5 396
+9 984 132 0 1 0 0 1
+3 384
260 96 96
1414 96 0 96
260 288 96 0 1 0 0 1
+3 288 0 192
1417 672 288 96
+2 768 384 0 1 1 0 1 1
+11 96 96
1732 192
1430 192
1732 264 0 0 1 0 0 1
+9 132 132
fi=(354)
113 396 132
fe=(353)
1741 264 0 132
fi=(354)
113 396 0 132
fe=(353)
260 2024 2024 0 1 0 0 1
1796 1012
260 2024
+3 3036 0 2024 1 0 0 1
1798 4048
+2 9108 3036 1012
-68 2024
+2 2288 1144 0 1 0 0 1
+2 6248 3564 132 0 1 0 0 1
+67 264 0 0 1 0 0 1
206 132 132
1810 264
214 264
1811 264
+28 792 0 132
cfi=(244)
cfn=(2508)
calls=132 635 
* 2508 792 528
260 396 264 0 1 0 0 1
+3 396 0 264
1843 264 132
1668 132 132
206 132 132
1861 264 132 0 1 0 0 1
1668 264
1860 396
+7 396 264
+3 660 132 132 1 0 0 1
+6 132
-4 264
+18 1188 396 264 1 0 0 1
+9 264 0 132
1434 108 36 0 2 0 0 2
+3 396 132 0 1 0 0 1
1864 132 0 132 1 0 0 1
cfi=(260)
cfn=(2510) __strtoul_internal
calls=132 97 
* 33886 4246 1452 13 5 0 2 3
* 264
+25 264 0 0 2 0 0 2
+1 396 132

fl=(292) ./setjmp/../sysdeps/x86_64/bsd-_setjmp.S
fn=(1898) _setjmp
28 1 0 0 1 0 0 1
+2 1
+2 1
cfi=(221) ./setjmp/../sysdeps/x86_64/setjmp.S
cfn=(1068) __sigsetjmp
calls=1 -2 
* 31 7 10 3 1

fl=(304) ./libio/./libio/iofread_u.c
fn=(2018) fread_unlocked
34 30 0 15 1 0 0 1
+1 30
-1 30 0 30
+4 30
+4 30
-2 60 0 15
cfi=(244)
cfn=(2020)
calls=15 409 
* 1841 478 312 40 26 22 34 21 22
+1 45 0 0 1 0 0 1
+1 75 60

fl=(240) ./nptl/./nptl/pthread_rwlock_unlock.c
fn=(1182) pthread_rwlock_unlock@@GLIBC_2.34
30 60 0 24 1 0 0 1
+1 12
+7 12 12
+1 12 12
-1 24
fi=(236) ./nptl/./nptl/pthread_rwlock_common.c
221 36 12
+11 12 12
-11 36 0 0 2 0 0 1
+15 12
+4 36
+14 36 0 12
+5 24
+16 36
fe=(240)
44 60 36
fi=(236)
243 48 0 0 1 0 0 1
+1 24
fe=(240)

fl=(105)
fn=(350)
31 1
fi=(421) ./string/../sysdeps/x86_64/multiarch/ifunc-strcasecmp.h
+1 5 2 0 1 0 0 1
fe=(105)
-1 1 1

fl=(318)
fn=(2170)
123 41823 0 0 27520 0 0 1
+1 83646
cfn=(2172) __vsnprintf_internal
calls=41823 -29 
* 83390409 17016243 12045395 148481 1317 1127 151 11 1

fn=(2172)
95 585578 41827 292789 93 0 42 2
+4 41827 0 41827 0 0 42
+5 125481
+9 83654 0 0 50 0 0 1
-3 334616 0 83654 0 0 83
cfi=(244)
cfn=(1200)
calls=41827 563 
* 1924042 334616 752886 246 45 87
+3 125481
-2 41827
+2 41827
-2 41827 0 41827 45 0 0 1
+1 41827 0 41827
+1 41827 0 41827
cfi=(245)
cfn=(1204) _IO_str_init_static_internal
calls=41827 -77 
* 3011544 501924 627405 474 0 42
+1 209135 0 41827
cfi=(246) ./stdio-common/./stdio-common/vfprintf-internal.c
cfn=(1208) __vfprintf_internal
calls=41827 1180 
* 76077817 15637349 10038768 147561 1277 831 161 12 1
+2 125481 83654
+1 83654 41827 41827
+2 460097 376443 0 66 0 0 1

fl=(351) ./stdio-common/./stdio-common/isoc99_sscanf.c
fn=(2498) __isoc99_sscanf
24 858 0 462 2 0 0 2
fi=(352) ./stdio-common/../libio/strfile.h
+69 264 0 0 1 0 0 1
fe=(351)
-69 198 66 66
fi=(352)
+69 132
-1 66 0 66
+1 66 0 66 1 0 0 1
cfi=(244)
cfn=(1200)
calls=66 563 
* 3036 528 1188 1
+1 66
+1 264
-1 66 0 66
+1 66 0 66
cfi=(245)
cfn=(1204)
calls=66 -59 
* 6905 1206 1056 9 0 0 5
fe=(351)
-64 198
-1 66
+1 66
-1 330 0 264 1 0 0 1
+1 66 0 66
cfi=(353)
cfn=(2506)
calls=66 278 
* 111904 26164 12858 61 13 6 50 8
+4 528 396 0 1 0 0 1

fl=(368)
fn=(2934)
668 36 0 27 1 0 0 1
+2 9 6 3 0 1
+1 6 3 3 0 1 0 0 1
+3 6 0 0 1 0 0 1
+67 36 30 0 1 0 0 1
-65 6 0 3 1 0 0 1
cob=(2)
cfi=(51)
cfn=(936)
calls=3 0 
* 48 9 0 1 1
+2 3 3
-2 3 0 3
+2 3
+1 24 9 3 1 0 0 1
cob=(2)
cfi=(51)
cfn=(2936)
calls=3 0 
* 129 15 3 8 1 0 7
* 3

fl=(365)
fn=(2662)
25 119 0 0 32 0 0 1
+1 833 119 0 9 0 0 1
+1 119 119

fl=(171)
fn=(586)
46 2 0 0 1 0 0 1
+1 2
+1 2
+2 2
+1 2
+3 2
+1 2
+1 2
+2 1 1
+1 1
+1 1
+1 1
+1 1
+1 1 0 0 1 0 0 1
+2 1
+1 1
+12 1
+1 1
+3 1
+1 1
+1 1
+1 1
+4 1 0 0 1 0 0 1
+1 1
+1 1 1 0 0 1
+1 1
+1 1
+1 1
+1 1
+1 1
+1 1
+1 1
+3 1
+1 1
+9 1 0 0 1 0 0 1
+1 1
+3 1
+1 2
+4 1 1 0 0 1 0 0 1
+1 1
+1 1
+1 1
+1 1
+1 1
+1 1
+1 1
-7 3 3
+1 3
+1 3
+1 3
+1 3
+1 3
+1 3
+1 3
+32 4 0 0 1 0 0 1
+1 4
+2 1
+1 1
+1 1
+1 1
+6 1
+1 1
+2 2 1
+5 3
+1 3
+1 3
+3 2
+1 2
+1 2
+10 1 0 0 1 0 0 1
+1 1
+1 1
+1 1
+1 1
+2 1
+1 1
+1 1
+1 2 1

fl=(223)
fn=(1082)
64 45 5 20 2 0 0 1
fi=(420)
1388 10 10
fe=(223)
65 10 5
+3 5 5
-20 5 0 5 2 0 0 1
+6 5
-7 5 0 5
+5 20 5 5
cfi=(189)
cfn=(854)
calls=5 +25 
* 215 55 25
+2 15 0 5
cfi=(219)
cfn=(1060)
calls=5 +59 
* 9925 2121 1103 119 81 5 28 7 4
+2 5
-2 10 5
+2 5 0 5 2 0 0 1
cfi=(191)
cfn=(862)
calls=5 367 
* 170 35 20
+13 40 25

fn=(1084) dlsym_doit
37 15 0 5 3 0 0 1
+3 20 15 5
cfi=(224) ./elf/./elf/dl-sym.c
cfn=(1086) _dl_sym
calls=5 194 
* 8691 1782 826 111 78 5 25 7 4

fl=(273)
fn=(1392)
43 17 1 8 2 0 0 2
+12 2
+8 2
+3 3
+6 2 0 0 1 0 0 1
277 12 9 0 1 0 0 1
73 1 1 0 1 0 0 1
+2 1
-2 4 1
-17 2 0 1 1 0 0 1
+17 2 1 0 1 0 0 1

fl=(317) ./time/./time/offtime.c
fn=(2086) __offtime
30 4 0 2 2 0 0 1
+4 2
-4 14 0 10 2 0 0 1
+4 12
+1 2
-1 2
+1 2
+2 4
+10 8 0 0 2 0 0 1
+16 2
-16 2
+20 2 0 0 2 0 0 1
-20 8 0 2 0 0 1 0 0 1
+1 4
+2 16
+2 2 0 0 2 0 0 1
-2 6
+2 4
-2 2
+2 4
-2 2 0 2
+2 16 0 0 2 0 0 1
+3 2
-3 4 0 2
+8 2
+3 28 0 0 2 0 0 1
+4 68 0 0 4 0 0 2
-1 2
+1 2
-1 2
+1 4
-1 4
+2 2
-2 2
+1 2
+1 66 0 0 2 0 0 1
+1 2
-1 10
-2 2
-6 32 0 0 6 0 0 3
+11 2
+1 2
-1 2 0 2
+1 6
-30 6 0 0 2 0 0 1
+36 2 0 2
+1 6 0 0 2 0 0 1
+1 8 2 0 2 2 0 1 1
+2 2
+2 2
+1 2
-1 8 0 2
+2 14 14
-6 40 8 0 2 0 0 1

fl=(293)
fn=(1982)
25 1 0 0 1 0 0 1
+1 1 1
-1 1
+1 2
cfi=(294) ./time/./time/tzset.c
cfn=(1984) __tz_convert
calls=1 568 
* 9802 2212 1271 266 129 34 239 30 34

fn=(3308)
50 1 0 0 1
+1 4 1 0 1 0 0 1
cfi=(294)
cfn=(1984)
calls=1 568 
* 348 40 41 29 3 2 0 0 1

fl=(360)
fn=(2554)
25 16 0 8 2 0 0 1
+7 2 2
+4 4
+3 4
+2 2
-2 10 2 0 2 1 0 1
+4 6
+3 4
+35 1 0 1
+5 1
+1 1 0 1
+2 1
-3 1 0 1
+4 7 5 0 1 0 0 1
-4 1
+1 1 0 1
+2 1
-3 1 0 1
+4 7 5 0 1

fl=(214)
fn=(978)
242 12 0 6 1 0 0 1
343 3
+1 3 0 1
cfi=(176)
cfn=(638)
calls=1 69 
* 75 14 15 0 0 1 0 0 1
+25 6 2 1 1 1 0 1
+6 2 2
-3 2
+10 2 1 1 1 1
cob=(2)
cfi=(51)
cfn=(1890)
calls=1 0 
* 1012 331 147 18 52 0 2 4
+2 2
+8 4 0 1
cfi=(291) ./csu/../sysdeps/nptl/libc_start_call_main.h
cfn=(1896) (below main)
calls=1 29 
* 13948125130 3448285514 2239873206 2895270 305425073 144639346 196475 60035 177431
128 2 2 0 1 1 0 1
+6 3 1 0 0 1
+1 6 2 2 0 1
cob=(2)
cfi=(51)
cfn=(980)
calls=1 0 
* 7 2 0 1 1 0 1
* 1 1
+3 1 1 0 0 1
+1 2
+3 2 2 0 1 1 0 1
+1 2 2
-1 1
+2 11 2 1
+1 8 2 4 0 1
cob=(9)
cfi=(213)
cfn=(1884)
calls=1 0 
* 2491 521 436 122 28 13 17 1 11
cob=(9)
cfi=(213)
cfn=(990)
calls=1 0 
* 155357 41706 20566 1245 1207 282 998 280 180
* 4 1 2 0 1
cob=(9)
cfi=(213)
cfn=(984)
calls=1 0 
* 12 1 0 3 0 0 3
-1 10 3 0 3 0 0 1

fl=(235) ./nptl/./nptl/pthread_rwlock_rdlock.c
fn=(1172) pthread_rwlock_rdlock@@GLIBC_2.34
23 60 0 36 1 0 0 1
+1 12
fi=(236)
298 48 24 0 0 3
+12 24 12 0 0 3
+43 24 12 12
+2 12
+15 24
+20 24 0 0 1 0 0 1
fi=(237) ./nptl/../sysdeps/nptl/futex-internal.h
213 12
fe=(235)
27 12
+2 60 48

fl=(257)
fn=(1254)
28 6 0 0 3 0 0 1
+3 3
-3 18 3 6
+3 18 0 0 3 0 0 1
+8 21
+2 15 9

fl=(259)
fn=(2504)
60 66 0 0 1 0 0 1
+12 66
+1 66
+2 66
+1 66
+1 66
+1 66
+3 66 66
+1 66
+6 66
+1 66
+61 19
+1 19
+1 19
+1 38 19
+11 11
+1 11
+1 11
+1 22 11
+5 31 0 0 1 0 0 1
+1 31
+1 31
+1 62 31
+20 66 0 0 1 0 0 1
+4 66 66
+1 66
+6 66
+1 66
+2 47 47
+1 47
+1 47
+1 47
+2 47 47
+1 47
+1 47
+1 47
+2 36 36
+1 36
+1 36
+1 36
+19 5
+1 10
+6 5 5 0 1 0 0 1
+1 5 5
+1 5 5
+1 5 5
+1 5
+1 5
+1 5
+2 5
+2 5
+1 5
+1 5
+50 5
+1 5
+1 5
+2 5
+1 5
+1 5
+2 5
+2 5 0 0 1 0 0 1
+1 5
+1 5
+2 5
+4 5
+1 10 5

fn=(1260)
60 41920 0 0 47 0 0 1
+7 41920
+2 41920
+3 41920
+1 41920
+2 41920
+1 41920
+1 41920
+1 41920
+3 41916 41916 0 0 4 0 0 4
+1 41916
+3 41916
+1 41916
+2 72
+1 72
+1 7
+1 7
+1 14 7
+6 41844 0 0 46 0 0 1
+5 41844
+1 41844
+1 41844
+1 41844
+1 83688 41844
+11 4
+3 4
+1 4 4
+1 4
+4 4
+1 4
+7 4
+3 4
+1 4
+2 4
+1 4
+8 10 0 0 1 0 0 1
+1 10
+1 10
+1 20 10
+4 8
+1 8
+1 8
+1 16 8
+4 16
+1 16
+1 16
+1 32 16
+5 24
+1 24
+1 24
+1 48 24
+10 69 0 0 2 0 0 1
+1 69
+1 69
+2 69
+10 69 69 0 2 2 0 1 2
+1 69
+3 69
+1 69
+2 60
+1 60
+2 50 50 0 0 1 0 0 1
+1 50
+1 50
+1 50
+2 42 42 0 0 6 0 0 6
+1 42
+1 42
+1 42
+2 26 26 0 0 1 0 0 1
+1 26
+1 26
+1 26
+4 2 0 0 1 0 0 1
+1 2
+3 2
+1 2
+1 2
+1 2
+5 4
+10 2 2
+1 2 2
+1 2 2 0 0 1 0 0 1
+1 2 2
+1 2
+1 2
+1 2
+2 2 0 0 1 0 0 1
+6 2
+1 2
+18 9 0 0 1
+1 9
+3 8
+1 8
+4 5
+1 5
+3 3 3
+1 3
+1 3
+1 3 0 0 1
+1 3
+4 4 2
+8 2 0 0 1 0 0 1
+1 2
+1 2
+2 2
+1 2
+1 2
+2 2
+2 2
+1 2
+1 2
+4 2
+2 2
+1 4 2
+5 1
+2 1
+2 1
+1 1
+1 1
+1 1
+1 2 1
+3 3 0 0 2 0 0 1
+1 6 3
+44 3 3 0 1 0 0 1
+1 3
+1 3
+1 3
+2 3 3 0 1 0 0 1
+1 3
+3 3
+1 3
+3 3
+1 3
+4 3
+1 3
+2 2 2
+1 2
+2 2
+1 2
+1 2
+1 2
+1 2
+1 2
+2 6 3

fl=(172)
fn=(588)
83 1 0 0 1 0 0 1
+1 4 2 0 0 1
+1 3 2 0 1 1 0 1
+1 3 2 0 0 2
+2 1 1

fl=(330)
fn=(2258)
26 4 0 0 1 0 0 1
+1 16
+5 16
+2 8 0 0 1 0 0 1
cfi=(318)
cfn=(2172)
calls=4 +61 
* 7133 1397 1069 54 5 0 15 1

fl=(324) ./stdlib/../sysdeps/x86_64/mul_1.S
fn=(2186) __mpn_mul_1
31 402656 0 0 48 0 0 1
+1 402656 0 402656
+3 402656
+1 402656 402656
+1 402656
+1 402656
+1 402656
+2 402656
+1 402656
+2 402656
+1 402656
+1 402656 0 0 52 0 0 1
+1 402656
+1 373875
+2 373869
+1 373869
+1 373869 0 373869
+1 373869
+19 6
+1 6
+1 6
+1 6
+1 6
+1 6
+2 28781 0 0 65 0 0 1
+1 28781
+1 28781
+1 28781
+1 28781
+1 28781
+1 28781 28781
+1 28781
+1 28781
+17 6 6 0 3 0 0 1
+1 6
+1 6 0 6
+1 6
+1 6
+1 6
+1 6 6
+1 6
+1 6
+1 6
+1 6
+1 6
-2 28781 0 0 45 0 0 1
+1 28781
+1 28781
+2 28787 0 28787
+1 28787
+1 28787
+1 28787 0 28787
+1 28787
+1 28787
+2 28787 28787
+3 28787 28787
-5 373869 0 0 1
+2 373869 373869
+3 373869 373869

fl=(382) ./misc/../sysdeps/unix/sysv/linux/mmap64.c
fn=(3506) mmap
47 6 0 0 1 0 0 1
+3 6
+8 12
+2 3 3

fl=(87)
fn=(306)
29 1 0 0 1 0 0 1
fi=(88) ./wcsmbs/../sysdeps/x86_64/multiarch/ifunc-wcslen.h
+5 4 2
-1 2
+2 3 1 0 1 0 0 1
+2 2
+4 3
+3 3
fe=(87)
-15 1 1

fl=(99)
fn=(336)
30 1
fi=(95) ./wcsmbs/../sysdeps/x86_64/multiarch/ifunc-avx2.h
+3 5 2 0 1 0 0 1
-1 2
+2 3 1
+2 2
+4 3
+3 4 0 0 1 0 0 1
fe=(99)
-13 1 1

fl=(166)
fn=(546)
96 2 0 1 1 0 0 1
+5 1
-5 1
+5 1
-5 3 1 1
+5 3 0 1 1 0 0 1
cob=(2)
cfi=(51)
cfn=(534)
calls=1 0 
* 22 5 1 0 2 0 0 1
+2 4 0 1
cob=(2)
cfi=(51)
cfn=(534)
calls=1 0 
* 22 5 1 0 2 0 0 1
+2 4 0 1
cob=(2)
cfi=(51)
cfn=(534)
calls=1 0 
* 22 5 1 0 2 0 0 1
+2 4 0 1
cob=(2)
cfi=(51)
cfn=(534)
calls=1 0 
* 22 5 1 0 1
+2 4 0 1 1 0 0 1
cob=(2)
cfi=(51)
cfn=(534)
calls=1 0 
* 22 5 1 0 2 0 0 1
+4 3 1 0 0 1 0 0 1
+1 1 0 1 0 0 1 0 0 1
+1 6 4

fl=(163)
fn=(532)
50 2 0 1 1 0 0 1
+1 2
-1 4 1 1 1 0 0 1
+1 3 0 1
cob=(2)
cfi=(51)
cfn=(534)
calls=1 -51 
* 1016 334 148 14 13 13 14 0 2
+2 4 0 1
cob=(2)
cfi=(51)
cfn=(534)
calls=1 -53 
* 23 5 1 0 1
+2 6 4

fl=(366) ./io/../sysdeps/unix/sysv/linux/open64.c
fn=(2786) open
30 4 0 2 2 0 0 1
+3 2
-3 16 2 6 2 0 0 1
+3 8
+8 20 2 0 1 0 0 1
+2 14 10
-7 2 0 1 1
+1 1 1
-1 3 0 2 1 0 0 1
+2 1

fl=(350) ./libio/./libio/iogetdelim.c
fn=(2484) getdelim
41 660 0 528 2 0 0 2
+5 264
+6 396 66
+1 132
+6 327 196 0 1 0 0 1
+2 1 1
+1 1
-1 1 0 1
+1 1 0 1
cob=(2)
cfi=(51)
cfn=(1100)
calls=1 -62 
* 45 12 6
* 1 0 1
+1 2
+7 198 132
+1 132 0 0 1 0 0 1
-30 132
+55 72 72
-1 72
+7 72 72
-7 72
+1 216 72
+4 3
+2 2 0 2
cob=(2)
cfi=(51)
cfn=(2486)
calls=1 0 
* 1216 382 203 20 21 4 14 0 3
+1 2 1 0 1 0 0 1
-1 1
+1 1
+5 1 0 1
+1 1 1
+2 1 1
-2 1 0 1
+2 4 0 1
cob=(2)
cfi=(51)
cfn=(1138)
calls=1 0 
* 32 11 8 1
* 284 0 71
cob=(2)
cfi=(51)
cfn=(1138)
calls=71 0 
* 1531 458 270 0 0 1 0 0 1
+1 72 0 72
+2 156 0 6
cfi=(244)
cfn=(2030)
calls=6 269 
* 810 234 126
* 12
+2 12 12
-21 6
+21 6
-31 30 6 12
cob=(2)
cfi=(51)
cfn=(1258)
calls=6 -85 
* 183 27
* 330 66 132 1 0 0 1
cob=(2)
cfi=(51)
cfn=(1258)
calls=66 -85 
* 2675 391 0 12 16 0 9 15
+2 72 72
-2 72
+2 288 0 0 1 0 0 1
+1 288
fi=(309)
883 132
fe=(350)
124 594 462 0 1 0 0 1
-6 132 66 66 1 0 0 1
fi=(309)
883 132 66
fe=(350)
73 2 0 1 1 0 0 1
cfi=(244)
cfn=(2030)
calls=1 269 
* 454 103 66 29 4 1 1 0 1
* 2
+5 4 2

fl=(298)
fn=(2656)
792 370 0 148 8 0 0 1
+5 296 148 0 10 1 0 1 1
+1 189 63
+1 74 74
+1 148 74
+11 148 0 74 9 0 0 1
+4 296 222
-17 126 0 63 12 0 0 1
cfn=(2628) _IO_do_write@@GLIBC_2.2.5
calls=63 423 
* 6930 1701 1008 117 0 0 10
* 126

fn=(2022)
1272 150 0 90 2 0 0 2
+7 15 15
-7 15 0 15
+7 15
+11 15 15
fi=(309)
940 45
fe=(298)
1290 60
+2 45 30 0 1 0 0 1
+1 30
-1 6 4
+1 4
+8 4
+8 4 2
+9 6 2
+1 8 2 0 1 0 0 1
-24 45 0 15
cob=(2)
cfi=(51)
cfn=(1138)
calls=15 0 
* 378 104 71 3 22 21 3 21 21
+1 45 15 15
+25 4 0 2 1 0 0 1
cfi=(244)
cfn=(2030)
calls=2 269 
* 271 78 44 15 1 0 14
* 4 0 0 1 0 0 1
+39 135 105
-78 3 1 0 1 0 0 1
+5 2 0 1 1 0 0 1
cfi=(244)
cfn=(2024)
calls=1 343 
* 306 60 44 12 2 1 8 0 1
* 1

fn=(2032)
461 9 0 0 2 0 0 1
+4 27 9
-4 72 0 54 2 0 0 1
+7 18
+6 27 18
+3 18 9
+12 16
+9 18 0 0 2 0 0 1
fi=(309)
940 9
+2 9
-2 9
fe=(298)
505 18 0 9
cfi=(244)
cfn=(2034)
calls=9 164 
* 225 72 63 6 0 0 3
+6 9 9
+5 9 9 0 2 0 0 1
-5 9
fi=(309)
942 18
fe=(298)
511 9
fi=(309)
942 9
fe=(298)
511 27 0 27
fi=(309)
943 18
fe=(298)
516 36 18 9
cfn=(2036) _IO_file_read
calls=9 1130 
* 108 27 0 6 0 0 2
+2 18
+16 9 9 0 2 0 0 1
-9 9 0 9
+9 18
+1 2 0 1
+1 2 2
+1 8 7
-1 16 16
+1 64 56
-57 3 1 0 1 0 0 1
+5 2 0 1
cfi=(244)
cfn=(2024)
calls=1 343 
* 313 62 43 13 3 1 0 0 1
+4 4 1

fn=(2072) _IO_file_close_it@@GLIBC_2.2.5
128 16 0 12 4 0 0 1
+2 12 4
+4 8 4
+3 4
-3 4
-1 8
+6 4
+3 4 0 0 4 0 0 1
-3 4 0 4
cfi=(244)
cfn=(2048)
calls=4 960 
* 40 16 4 6
+3 12 8
fi=(309)
940 12
+2 8
+1 8
fe=(298)
142 8 4 4 0 2
cfn=(2074) _IO_file_close
calls=4 1164 
* 36 8 0 8 0 0 1
* 4 0 0 4 0 0 1
+3 12 4
+8 20 0 4 4 0 0 1
cfi=(244)
cfn=(1206)
calls=4 329 
* 335 91 54 9 1 0 6
+1 4
+3 4
-3 12 0 12
+3 4 0 4
cfi=(244)
cfn=(2066)
calls=4 53 
* 16 8
+5 4
-4 4 0 4
+1 4 0 4
+3 4 0 0 4 0 0 1
-2 4 0 4
+3 20 16

fn=(2074)
1164 4 0 0 4 0 0 1
+3 8 4
cfi=(263)
cfn=(1268)
calls=4 25 
* 24 4 0 4

fn=(2628)
423 64 0 0 6 0 0 1
+2 192
+1 1 1
-3 63 0 63 6 0 0 1
fi=(309)
940 63
fe=(298)
423 126 0 126
fi=(309)
940 63
fe=(298)
423 63 0 63
fi=(309)
940 126
fe=(298)
423 315 0 126
+20 63 63
-10 126 63
+7 252 126 0 6 0 0 1
fi=(309)
942 126 0 0 16 0 0 1
+1 126
fe=(298)
448 252 63 63
cfn=(2660) _IO_file_write@@GLIBC_2.2.5
calls=63 1173 
* 2898 630 315 51 0 0 5
* 63
+1 315 63
+2 63 63
+4 126 63 0 17 0 0 1
-3 126 0 63
-1 126 0 126
+4 189 63
-2 63 0 63
-28 252
+1 504 441
+28 189 63 0 16 0 0 1

fn=(2036)
1130 9 0 0 2 0 0 1
+1 9 9
+2 9 9
-1 9
+1 9 0 0 2 0 0 1
-1 9
cfi=(258)
cfn=(1256)
calls=9 25 
* 54 9 0 2

fn=(1994) _IO_new_file_init_internal
106 4 0 0 4 0 0 1
+5 4 0 4
-5 8 0 4
+4 4 0 4
+3 4 0 4
cfi=(244)
cfn=(1996)
calls=4 -26 
* 416 124 132 33 12 0 9 1
+1 4 0 4
+1 8 8

fn=(2004) _IO_file_open
182 8 0 4 4 0 0 1
+3 4
-3 28 0 8
+2 8 4
+4 2 0 2
cfi=(366)
cfn=(2786)
calls=2 30 
* 71 15 11 7 0 0 4
* 2
+1 8 0 0 4 0 0 1
+3 8 4
+3 4
-4 4 0 4
+1 16 0 4
+3 8
+10 8 0 4 4 0 0 1
cfi=(244)
cfn=(1996)
calls=4 87 
* 96 40 24
+1 4
+1 16 16
-22 2 0 2 2 0 0 1
cfi=(257)
cfn=(1254)
calls=2 28 
* 54 8 4 4
* 4

fn=(2028) _IO_file_stat
1146 3 0 0 2 0 0 1
+1 6 3
cfi=(302) ./io/../sysdeps/unix/sysv/linux/fstat64.c
cfn=(2014) fstat
calls=3 29 
* 45 3 0 6

fn=(2626) _IO_file_overflow@@GLIBC_2.2.5
731 5 0 3 1 0 0 1
+1 4 1
+7 3 1
+35 2
-32 2 0 0 1 0 0 1
+12 2 0 0 1 0 0 1
+9 3 1
+5 3 1 2
+2 2
-3 2 0 1
+3 1 0 1
+1 1 1
-6 1 0 1
+1 1 0 1
+5 4 0 0 1 0 0 1
+16 1 1
-12 1
+1 1
+11 2 2
-12 1
cfn=(2628)
calls=1 423 
* 5 1 0 1 0 0 1
-31 2 0 1 1 0 0 1
cfi=(244)
cfn=(2024)
calls=1 343 
* 306 60 44 13 3 1 0 0 1
+1 1 1
+9 1 1
-9 5 0 2

fn=(4358)
381 3 0 1 1
+1 1 0 1
cfi=(244)
cfn=(4360)
calls=1 +70 
* 69 16 14 5 0 0 4
* 2
+3 1 1
+4 2
-2 3 0 3 1 0 0 1
+3 2 2

fn=(2624) _IO_file_xsputn@@GLIBC_2.2.5
1197 280 0 224 6 0 0 1
+7 56
-7 168 0 112 0 0 1
+6 224
+9 112 56
-2 224 56
+17 168 56
+1 55 0 0 7
+3 165
+2 55
+2 55
+2 110
-2 55
+1 55
+1 55
-2 55 0 55
cob=(2)
cfi=(51)
cfn=(1192)
calls=55 0 
* 890 226 114 4 4 7 0 0 1
* 55 0 55
+4 110
+28 504 392 0 1 0 0 1
-36 1 0 0 1 0 0 1
+12 1 1
fi=(309)
940 3
+2 2 0 0 1 0 0 1
+1 2
fe=(298)
1243 3 1 1
cfn=(2626)
calls=1 731 
* 362 71 56 19 3 1 6 0 1
* 2
+6 2 2
+1 7
+2 2
+11 3 0 0 1 0 0 1
+1 4 0 1
cfi=(244)
cfn=(1214)
calls=1 371 
* 62 14 11 7 1
+2 3

fn=(2002) _IO_file_fopen@@GLIBC_2.2.5
213 44 4 28 4 0 0 1
+9 8 4
+2 26 4 0 1 4 0 0 3
356 48 36 0 3 0 0 1
224 3 0 0 1
+23 86 12 0 11 4 0 5 2
+33 8 0 2
cfn=(2004)
calls=2 -98 
* 170 40 30 12 0 0 4
* 8 0 2 2
cfn=(2004)
calls=2 -98 
* 185 47 37 13 0 0 4
* 4
+3 8
+3 12 0 4
cfi=(300) ./string/../string/strstr.c
cfn=(2006) __GI_strstr
calls=4 77 
* 228 60 32 23 6 0 5
* 4
+1 8
-40 4 0 0 2 0 0 1
+20 6 0 2 2 0 0 1
+4 2 0 2
-1 2
+2 2
-44 3 0 0 3 0 0 1
-1 3
-13 6

fn=(2044) _IO_file_seekoff@@GLIBC_2.2.5
900 24 2 14 2 0 0 2
+8 5
-60 3 2
+66 3 2
+2 1
+1 2
+25 2 0 0 1 0 0 1
-25 2 1 0 1 0 0 1
+12 2 1
+17 3 2 0 1 0 0 1
+2 3 1 0 1 0 0 1
fi=(309)
-6 1 0 0 1 0 0 1
-2 3
fe=(298)
+94 2 0 1
cfi=(244)
cfn=(2048)
calls=1 -74 
* 10 4 1 2 0 0 2
+1 1 1 0 1 0 0 1
fi=(309)
-93 2
+1 2
fe=(298)
+92 4 1 1
cfn=(2050) _IO_file_seek
calls=1 1139 
* 9 2 0 2 0 0 2
+1 2
+2 2 1 1
+1 1 0 1
+1 4 0 3 1 0 0 1
+14 22 18
846 2 1 0 1 0 0 1
+4 1 1
-2 2 2
+2 1
+5 2
+24 2 0 0 1 0 0 1
+10 2
-10 1 1 0 1 0 0 1
-14 2
+1 3 2

fn=(2660)
1173 441 0 252 15 0 0 1
+2 378
+5 63 0 63
cfi=(365)
cfn=(2662)
calls=63 25 
* 567 126 0 22 0 0 2
+1 126
+5 63
+1 63
-12 126
+4 189 63 0 8 0 0 1
+1 126 63
+10 189 63
+3 378 315
-4 189 0 0 6 0 0 1

fn=(2050)
1139 1 0 0 1 0 0 1
+1 2 1
cfi=(310) ./io/../sysdeps/unix/sysv/linux/lseek64.c
cfn=(2052) lseek
calls=1 28 
* 6 1 0 1 0 0 1

fn=(2076) _IO_file_finish@@GLIBC_2.2.5
168 20 0 8 4 0 0 1
+1 8 4 0 4 0 0 1
+7 4 0 0 4 0 0 1
-1 8
+1 8 8
-1 4
cfi=(244)
cfn=(2078)
calls=4 601 
* 64 24 4 8 0 0 2

fl=(245)
fn=(1216)
82 18 0 12 1 0 1 1
+3 6 2
+2 10 0 0 1 0 0 1
+6 2 2
+1 4 4
-11 2
+10 10
+1 2
-11 2
+10 2 0 2
-10 2
+10 2 2
+1 6 0 0 1 0 0 1
+2 4
+7 2
+1 4
+2 4 0 2
cob=(2)
cfi=(51)
cfn=(1100)
calls=2 0 
* 230 47 34 0 0 4 0 0 2
* 8 0 2
+1 4
+5 4 0 0 2 0 0 1
+2 8 0 2
cob=(2)
cfi=(51)
cfn=(1138)
calls=2 0 
* 48 14 8 0 0 1 0 0 1
+1 4 0 2
cob=(2)
cfi=(51)
cfn=(1122)
calls=2 0 
* 182 58 30
+2 2 0 2
+2 10 0 2
cob=(2)
cfi=(51)
cfn=(1218)
calls=2 0 
* 56 6 16 7 1 4 1 0 3
+2 10 0 2 2 0 0 1
cfi=(244)
cfn=(1206)
calls=2 329 
* 48 10 8
+1 2 2
+3 2 2
-2 4 4
-1 2
+1 2 2
+2 2
-3 2
+3 2
-3 2 0 2
+6 2 2
-1 2
-4 2 0 2
+4 2
+1 2 0 2 1 0 0 1
-1 4 0 2
+5 4
+1 6 0 4
+1 8 4
+1 2 0 2
+2 16 14

fn=(1204)
36 586530 0 251370 216 0 0 2
+4 83790
+1 198 0 66
cob=(2)
cfi=(51)
cfn=(2502)
calls=66 -41 
* 2153 414 0 5 0 0 5
* 66
+5 330 0 66
cfi=(244)
cfn=(1206)
calls=66 329 
* 1584 330 264
* 209145 0 41829 0 0 40
cfi=(244)
cfn=(1206)
calls=41829 329 
* 1003896 209145 167316 117 0 2 2
+5 125619 0 0 93 0 0 1
-1 167316 41829
+14 41829 0 41829
-14 250974 0 125487
+15 292803 250974
-15 264 66 0 1
+14 66 0 66
-14 396 0 198
+15 462 396
-23 41829 0 0 57 0 0 1
+1 209145
+8 198 0 0 1

fl=(347)
fn=(2478)
33 9 0 6 1 0 0 1
+4 1
-4 4 1 1 1 0 0 1
+4 1 0 1
cfi=(348) ./nptl/./nptl/pthread_attr_init.c
cfn=(2480) pthread_attr_init@@GLIBC_2.2.5
calls=1 -5 
* 20 5 7 2 0 0 1
* 1
+1 2
207 12 9
43 7 0 2 1 0 1 1
+4 2 1 1
+5 1 1
-3 4 1 1 1 0 0 1
+6 2 1
+4 2 1 1 0 1
+3 3 1
+50 3 0 0 1 0 0 1
+66 1
+2 4 0 1
cob=(2)
cfi=(51)
cfn=(2486)
calls=1 0 
* 70 19 12 0 1
* 1
+1 2 0 0 1 0 0 1
+7 4 0 1
cfi=(355) ./nptl/./nptl/pthread_getaffinity.c
cfn=(2514) pthread_getaffinity_np@@GLIBC_2.32
calls=1 30 
* 34 4 3 6 1 0 2
+3 2
+2 2
+5 2 0 1
cob=(2)
cfi=(51)
cfn=(1122)
calls=1 0 
* 91 29 15
+3 4 1 1
+2 2
-9 4 0 1 1 0 0 1
cfi=(356) ./nptl/./nptl/pthread_attr_setaffinity.c
cfn=(2516) pthread_attr_setaffinity_np@@GLIBC_2.32
calls=1 29 
* 1360 404 233 19 12 3 14 0 3
* 2
85 3 0 1 1 0 0 1
cfi=(297)
cfn=(1992)
calls=1 * 
* 488 111 115 39 11 6
* 1
+1 2
+5 3 0 1 1 0 0 1
cfi=(161)
cfn=(528)
calls=1 -53 
* 10 1 0 1
* 2
+74 2 0 1
cfi=(316)
cfn=(2064)
calls=1 34 
* 462 130 86 29 1
+6 1 1
-2 1 0 1
+2 2
-68 1 1 0 1 0 0 1
+14 3
-14 2 1 1
-1 3 2 1 0 1
+6 3 1 0 1 0 0 1
+12 1
-12 1 0 1
+12 1 0 1
-6 1 0 1
+1 1 0 1
+5 4 0 1
+7 396 66 66
cfi=(351)
cfn=(2498)
calls=66 24 
* 125145 28360 16224 77 13 6 61 8
* 132
+2 132 132
+1 66 66
-1 132 66
+1 197
-10 130 65
+2 264 0 66 2 0 0 2
cfi=(349) ./stdio-common/./stdio-common/getline.c
cfn=(2482) getline
calls=66 -95 
* 12605 2984 1575 74 41 6 36 15 5
* 132
+40 2 1 1
cob=(2)
cfi=(51)
cfn=(1122)
calls=1 0 
* 91 29 15
* 1
-59 1 1
-1 1 1
+1 4 1 0 1 0 0 1
-1 1
+3 1
+30 1
-2 1 0 1
+12 1
-10 3 1
+6 1
-1 4 0 1

fl=(389) ./stdlib/./stdlib/exit.c
fn=(3956) __run_exit_handlers
40 11 0 7 1 0 0 1
+5 2
+3 5 0 1 1 0 1 1
+50 1
-42 1 1 0 0 1
+2 3
+8 88 22 0 0 1
+2 32
+3 32
-3 32 0 32
+3 214 32 0 1 11 0 1
+34 21 0 0 1 0 0 1
+1 21 21
+1 21 21 0 0 1
-2 21 0 21
+7 21
-3 42 21 0 1 0 0 1
+3 63 21 21
+1 63 0 21
cob=(1)
cfi=(398)
cfn=(4122)
calls=1 -82 
* 16029 4689 2473 173 579 40 94 6 1
cob=(9)
cfi=(213)
cfn=(4076)
calls=1 0 
* 705 139 39 6 12 0 6
cob=(7)
cfi=(175)
cfn=(4074)
calls=2 0 
* 6024 1956 916 43 134 2 24 8
cob=(9)
cfi=(213)
cfn=(4070)
calls=2 0 
* 6700 1859 1003 32 85 5 19
cob=(9)
cfi=(213)
cfn=(4052)
calls=1 0 
* 297 85 58 25 4 0 19
cob=(9)
cfi=(213)
cfn=(3982)
calls=1 0 
* 4956 1506 754 47 97 17 34 4
cob=(9)
cfi=(213)
cfn=(3974)
calls=1 0 
* 583 179 82 13 10 0 12
cob=(7)
cfi=(175)
cfn=(3972)
calls=10 0 
* 60 20 0 2 6 0 2
cob=(9)
cfi=(213)
cfn=(3962)
calls=1 0 
* 658 198 87 8 10 0 6
cob=(9)
cfi=(213)
cfn=(3960)
calls=1 0 
* 247 59 22 3 5 3 3 0 1
+1 84 0 21
+10 2 1 1 1 0 0 1
+1 2
-63 1 0 1
+69 4 1 1
+2 2 1
+1 6 1 1 1 1 0 1
cfi=(244)
cfn=(4350)
calls=1 863 
* 365 97 85 27 16 0 24 1
* 3
+2 2 0 1
cfi=(404) ./posix/../sysdeps/unix/sysv/linux/_exit.c
cfn=(4362) _Exit
calls=1 27 
* 7 1 0 1 1 0 1
-90 1 0 1
cfi=(390) ./stdlib/./stdlib/cxa_thread_atexit_impl.c
cfn=(3958) __call_tls_dtors
calls=1 149 
* 12 5 2 2 0 1 2
* 1

fn=(3954) exit
142 3 1 1 1 0 0 1
+1 3 0 0 1 0 0 1
-1 1
+1 1 0 1
cfn=(3956)
calls=1 40 
* 37445 10936 5651 389 974 69 253 19 2

fl=(358)
fn=(2532)
24 1 0 0 1 0 0 1
+7 1 1
-7 1
+7 3 1 1
+7 1
-3 1 0 1
+3 1 1

fl=(181) ./misc/./misc/sbrk.c
fn=(684) sbrk
37 226480 0 113240 3474 0 0 1
+6 113240 113240 0 0 17511
-6 113240 0 113240 0 0 4660
+3 113240 113240 0 0 17512
-3 226480 0 113240
+3 113240 113240 0 0 16887
+3 113240
+20 73191 73191
+15 566200 452960
-20 226480 0 0 3474 0 0 1
+1 2 0 1
cfi=(182) ./misc/../sysdeps/unix/sysv/linux/brk.c
cfn=(686) brk
calls=1 -24 
* 9 2 1 1 0 0 1
* 2
+4 1 1
-1 226480
+4 50411 0 0 3453 0 0 1
+2 73190 0 0 21
-2 109785
+8 36595 0 36595 0 0 4848
cfi=(182)
cfn=(686)
calls=36595 -39 
* 329355 73190 36595 21
* 3454 0 3454 0 0 967
cfi=(182)
cfn=(686)
calls=3454 -39 
* 31086 6908 3454 3452
* 80098

fl=(261) ./stdlib/../stdlib/strtol_l.c
fn=(2322) ____strtol_l_internal
225 12 0 8 1 0 0 1
+54 4
-54 16 0 8
+19 4
-19 12 0 8
+14 4 4 0 0 1
-14 4 0 4
+26 8
+31 16
+9 24 12 0 1 2 0 1
+2 8
+5 8 0 0 1 0 0 1
-1 4 0 4
+6 8
+4 8
+10 8
+10 16 0 4
-82 8 0 0 1 0 0 1
377 4
+56 16
309 4 4
449 4
+10 12 4
-10 4 0 4
+10 4
+12 8 0 0 1 0 0 1
-5 13
+5 13
+1 39
-41 26 13
+2 44
+2 39
+28 39 0 0 1 0 0 1
+3 26
+11 8
+5 12 4 0 1 0 0 1
+1 4 0 4
+5 8
324 8 0 0 1 0 0 1
491 12 4 0 2 0 0 2
-2 8
+17 20 4
+18 32 28

fn=(1264) ____strtoul_l_internal
225 402 0 268 2 0 0 1
+54 134
-54 402 0 268 2 0 0 1
+19 134
-19 402 0 268
+14 134 134 0 0 1
-14 268 0 134
+26 268
+31 536
+9 804 402 0 2 2 0 1 1
+2 268
+5 268
-1 134 0 134
+6 268 0 0 2 0 0 1
+4 268
+10 74
+10 4
-82 1
372 3 1
+1 3 1 1
+4 1
+56 2
-61 108 36
+1 108 36 36
+4 36
+56 146
309 38 38 0 1 1 0 1
449 38
+10 114
-10 38 0 38
+10 38 38
+12 76 0 0 1 0 0 1
-22 96 0 0 1
+10 288
-10 96 0 96
+10 96 96
+12 192 0 0 1
-5 1111
+5 1111
+1 3333
-41 2222 1111
+2 4180
+2 3339
+7 346
+17 346 173 0 0 1 0 0 1
+1 342 171 0 0 1 0 0 1
+3 3333 0 0 2 0 0 1
+3 2222
+11 268
+5 402 134 0 2 0 0 1
+1 134 0 134
+12 268
+11 804 134
+18 1206 938 0 2 0 0 1
324 74
+48 36
245 36
369 72
-60 194 0 0 2 0 0 1
+15 194
+48 192
-3 96
245 96
372 96
-63 96 96
+63 96 96 0 0 1 0 0 1
+1 288 96 96 0 1
+4 192 0 0 1 0 0 1
-68 384 288 0 1 2 0 1 1
+5 192
+13 2 0 0 1 0 0 1
+46 1 1 0 0 1 0 0 1
-1 1 1 0 0 1 0 0 1
245 1
373 1 0 1
+4 2

fl=(307) ./libio/./libio/fseek.c
fn=(2040) fseek
32 9 0 4 1 0 0 1
+3 3 1
+1 5 0 1 2 0 0 2
cfi=(308) ./libio/./libio/ioseekoff.c
cfn=(2042) _IO_seekoff_unlocked
calls=1 -3 
* 122 35 18 17 0 0 17
* 4
fi=(309)
883 2 1
fe=(307)
39 6 5 0 1 0 0 1

fl=(128)
fn=(412)
31 1 0 0 1 0 0 1
fi=(124) ./string/../sysdeps/x86_64/multiarch/ifunc-evex.h
+4 5 2
-1 2
+2 3 1
+5 2 0 0 1 0 0 1
-3 2
+9 3
+3 4
fe=(128)
-19 1 1

fl=(272) ./nptl/./nptl/cleanup_compat.c
fn=(1394) _pthread_cleanup_pop@@GLIBC_2.34
40 1 0 0 1 0 0 1
+3 2 1 1
+4 2
+2 1 1

fn=(1378) _pthread_cleanup_push@@GLIBC_2.34
25 1 0 0 1 0 0 1
+3 1 0 1
+1 1 0 1
+1 2 1 1
+2 1 0 1
+1 1 1

fl=(319) ./stdio-common/./stdio-common/printf_fp.c
fn=(2174) __printf_fp
1278 41827 0 0 46 0 0 1
+1 41827 41827
-1 83654
+1 125481 41827
cfn=(2176) __printf_fp_l
calls=41827 216 
* 61187565 12500364 7905599 118004 861 558 147 10 1

fn=(2194) hack_digit
170 1510140 0 755070 27557 0 1 1
+3 1634441 628453
+2 374050 374050
+2 748100 748100
-2 748100
+8 1918 0 0 50 0 0 1
+21 2523 0 841
cfi=(324)
cfn=(2186)
calls=841 31 
* 17661 2523 1682
+1 1682
+1 3805 1522 1522
+4 4205 2523
-23 6713 1918 959 45 0 0 1
cfi=(332) ./stdlib/./stdlib/divrem.c
cfn=(2262) __mpn_divrem
calls=959 46 
* 42515 11202 10424 231 0 89 5
+2 959 959
-2 959
+2 2877 1918 959
+1 959 959
+2 1918 959 959
+1 3836 959 0 43
+1 236 0 118
-1 2036 959
+7 1682
-23 373091 0 0 14 0 0 1
+1 1119273
-1 373091 373091
+1 373091 0 373091
cfi=(324)
cfn=(2186)
calls=373091 31 
* 7835667 1119336 746245 6
* 373091 0 373091
+31 373091
+1 1865455 1119273
-37 1505022 250837 250837 45 0 0 1
+37 17425 10455
-11 118 0 118 51 0 0 1
+1 118
+10 590 354

fn=(2176)
216 669232 41827 376443 111 0 140 2
+50 41827 41827
-9 41827 0 41827 0 0 2
+17 41827 0 41827 152 0 1 1
-8 125481
+32 41827 41827
-21 41827
-11 83654 0 41827
+11 83654
fi=(320) ./stdio-common/../include/../locale/localeinfo.h
+38 125481 83654 41827 0 125 42
fe=(319)
-35 83654 41827 41827
+18 83654 0 0 92 0 0 1
+8 41827 0 41827
-72 41827 0 41827 0 0 2
-1 41827 0 41827
388 41827 41827
-1 83654
+5 83654 0 0 61 0 0 1
+4 292789 125481 0 108 92 0 2 2
1272 501924 376443 0 46 0 0 1
396 250962 0 41827 122 0 48 2
cfi=(321) ./stdlib/../sysdeps/ieee754/dbl-64/dbl2mpn.c
cfn=(2180) __mpn_extract_double
calls=41827 33 
* 920239 41827 167308 27565 0 43 2
* 167308
+36 41827 41827
+5 41827
-49 41827 0 41827
+44 167308
+1 41827
+1 83654
+3 501924 0 0 108 0 0 2
+1 41827
-1 41827
+1 125481
-1 41827
+1 83654
-1 41827 0 41827
+1 334616 0 41827 55 0 45 1
+1 41827
-1 83654 0 41827
+1 543751 0 41827 131 0 5 1 0 1
+6 41827 0 41827
-6 83654 0 41827 45 0 0 1
+7 83654
+17 140
+4 560
-4 280
+16 280 0 0 45 0 0 1
+11 140 0 0 60 0 0 1
-41 140
+10 140
+31 140 140
-30 980 0 140
+33 429 286
+41 143 143
+1 286 143
-1 143 0 143
+1 429 0 143
cob=(2)
cfi=(51)
cfn=(1138)
calls=143 0 
* 1859 572 286 59 83
+16 902 396
+18 27 27
-9 27
+2 54
-2 1567 0 0 55 0 0 1
+2 3134
-74 3360 3360 0 0 165
-4 1680
+4 6860 140 0 48 41 0 1
-4 140
+4 560
+15 253 253
-13 506
+53 110 110
-2 660 220 110
cfi=(323) ./stdlib/./stdlib/mul.c
cfn=(2184) __mpn_mul
calls=110 48 
* 8250 1760 1540 395 0 80
+5 220 220
+1 220
+7 1130 452 452 90 0 0 2
cob=(2)
cfi=(51)
cfn=(1138)
calls=226 0 
* 2938 904 452
+1 678 678
+1 678
+1 226
+3 226
-5 226
+1 226
+1 452
-1 226
+1 226
+5 452 0 0 50 0 0 1
+1 280 140 140
+6 280
+4 140 140
+4 140 140
-4 140 140
+4 280
-4 1750 330 0 45 0 0 1
+6 180
831 41827 41827 0 45 0 0 1
+10 41827 41827 0 0 1
-10 41827 41827
+10 41827 41827
+6 41827 41827
-16 41827 0 41827
+10 83654 41827
+6 41827 0 41827
-6 83654 41827 41827 0 46 0 0 1
+2 83654 0 0 45 0 0 1
+10 83654 41827
+20 250938 0 83646
+1 41823 41823
-13 41823 41823
+13 83646 0 0 49 0 0 1
+1 54994
+13 82458 27486 54972
+7 27486 27486
-8 27486 0 27486
+8 54972 0 27486
+3 164916 82458 27486 6 0 0 1
+3 54972 27486
-6 14323 14323
-8 14323 0 14323
+8 28646 0 14323
+3 85938 42969 14323 44
+3 28646 14323
-3 84 42 14
+3 32 16 0 1
+14 6 2
+1 41827 41827 0 66 0 0 1
-1 167308 41827 41827 27557 0 0 1
+7 41827
fi=(327) ./stdio-common/../sysdeps/pthread/allocalim.h
27 83654 0 41827
cfi=(326) ./nptl/./nptl/alloca_cutoff.c
cfn=(2190) __libc_alloca_cutoff
calls=41827 * 
* 460097 83654 0 207 46 0 2
+2 125481 41827
fe=(319)
932 752886 0 167308 97 0 0 2
+4 41827 41827
-3 41827
+3 138652 27499
+3 71695 28678 0 181 0 0 1
-6 57356
+9 43017 0 14339 0 0 2
cfn=(2194)
calls=14339 170 
* 669452 160723 88105 457 0 90 8
* 972 0 324
cfn=(2194)
calls=324 170 
* 36579 10318 6577 43
* 14663 0 14663
-3 29326
+3 57356 14339 14339 40
+4 86034 43017
+2 28578 14289
-4 14289
+4 14289 0 14289
+14 14289 14289 0 50
-2 42867 0 14289
+1 57156 0 28578
+1 28578 14289
+1 28578
-1 27538 27538 0 16 0 0 1
-2 82614 0 27538
+1 110152 0 55076
+1 55076 27538
+1 55076
-1 6970 3485
+1 1374810 683920 0 47 0 0 1
+3 321045
-1 321045
+2 321045
-1 321045 0 321045
cfn=(2194)
calls=321045 170 
* 16462333 3961555 2140928 27542 0 0 3
* 321045 0 321045
+3 704032
-7 952680 317560
+1 635140 0 0 1 0 0 1
437 83654 0 41827 52 0 0 1
548 330 0 110 93 0 0 1
963 125736 41997 0 105 0 0 1
+15 125481 83654
+1 167308 0 125481 93 0 0 1
cfn=(2194)
calls=41827 170 
* 2152074 517754 280306
+2 125481 83654
-2 41827
+2 209135
+2 27918 9306
+3 18486 9243 0 12 0 0 1
-3 9234 9234
+8 46738 11134
-9 8154 0 0 5
fi=(328) ./stdio-common/../sysdeps/generic/get-rounding-mode.h
94 8154 0 8154
+1 32616 8154 0 8 0 0 1
-1 33673 0 33673 40
+1 260173 33673 0 37
fi=(329) ./stdio-common/../include/rounding-mode.h
-43 124224
+6 20258
fe=(319)
1097 43146
+3 10348
-1 10348
-2 122730 51017 0 45 0 0 1
+7 90578 4616
+1 2208
+2 125481 41827 0 46 0 0 1
+13 125481 41827 0 61 0 0 1
+2 28 28
+20 14
-20 28 0 0 2 0 0 1
+19 28
+1 14
-1 28 0 14
+5 28
-1 6
+2 6
-1 9
+9 3
+1 6
-1 15
+1 12 0 3
+1 3
+2 9 0 3
+1 9 0 3
+6 6 6
+2 6
-2 9 3
-6 33 0 11
+6 22 22
+2 22
-2 83659 83637 0 54 0 0 1
+2 83626 0 0 53 0 0 1
-2 168097 41813
+2 106645 21329 21329
+2 170632 42658 0 45 0 0 1
+3 40996 0 0 40 0 0 1
+1 61494 20498
+6 20498 20498 0 40
-2 20498
+2 229633 104152 0 5 0 0 1
+8 41827 41827 0 46 0 0 1
+7 41827 41827
-7 83654
+7 83654 41827
+5 125481 41827 83654 46 0 0 1
cob=(2)
cfi=(51)
cfn=(936)
calls=41827 0 
* 669232 125481 0 160 46 0 0 1
+2 83654 83654
-2 41827
+2 83654
+5 125481 41827 0 49 0 0 1
+2 41827 41827
-2 41827 0 41827
+2 83654
+11 669232 0 83654 62 0 0 1
+7 501924 125481 125481 46 0 0 1
+3 705808
+3 705808 0 352904
-6 1058712
+1 1180731 393577 0 45 0 0 1
+1 81346 40673
-2 40673
+2 40673 0 40673
cob=(2)
cfi=(51)
cfn=(1192)
calls=40673 0 
* 813460 122019 40673 92 45
* 40673
-2 81346
+10 250962 209135 0 46 0 0 1
+17 209135
+3 125481 41827 0 77 0 0 1
+11 125481 83654
972 3485 3485 0 49 0 0 1
-1 3485 0 3485
+1 6970 0 0 48 0 0 1
+36 20285 20285 0 44 0 0 1
-5 60855 20285
+5 20285
-1 20285
+1 40570 20285
+2 2376 0 2376
-2 4752 2376
+3 2376
-3 50066 0 0 175 0 0 1
+5 95111 38464
+4 40562 0 20281 19
+11 40570 20285 0 1 0 0 1
+69 40562
+70 20498 20498 0 22
+1 40996 0 0 40 0 0 1
-1 20498
+1 20498
+2 20498
-2 20498 0 20498
+2 102490 40996
260 40996
649 83374 0 0 75 0 0 1
825 56752 0 14188 0 0 1
cfi=(322) ./stdlib/../sysdeps/x86_64/lshift.S
cfn=(2182) __mpn_lshift
calls=14188 28 
* 227008 28376 14188
* 14188
+1 70940 28376 28376 3
+1 28376 0 14188
551 759 506 253 56 0 0 1
cfi=(331) ./stdlib/./stdlib/cmp.c
cfn=(2260) __mpn_cmp
calls=253 31 
* 3086 779 0 99 0 0 2
+3 253 253
-3 533 0 0 20 0 0 1
856 2 2 0 1 0 0 1
+2 2
-1 2 0 2
+10 2 0 2
-11 4 0 2
1031 12 8 0 2
+3 12 0 0 2 0 0 1
+1 3 0 3
-1 21 4
+3 2
+2 3 0 1
1151 33 0 11 1
840 83650 0 41825 45 0 0 1
1175 63987
855 4 0 4 2 0 0 1
-7 4
+8 16 0 4
+3 16 4 4 2 0 0 1
+2 2 2
+40 2 2
-43 2
-1 2 0 2
+4 2
+2 4 0 2
-7 2 2
+5 2 0 2
-5 2 0 2
+45 4
-27 28652 14326 0 45
+15 14323 14323
-1 28646 0 14323
+1 42969 0 14323
665 82497 0 0 72 0 0 2
+5 27499
-5 27499 0 27499 0 0 4
cfi=(322)
cfn=(2182)
calls=27499 28 
* 439984 54998 27499 10 0 0 2
+5 27499 27499
-18 27499 0 27499
+10 27499
+3 27499
+1 27499 27499
+24 27499 0 27499
-20 27499
-4 109996 27499 54998 27497 0 0 1
+3 27499 0 27499
+1 54998 0 27499
+23 11964 7976 0 53 0 0 1
+1 7976
+3 7976 3988
+1 3988
-1 7976 3988
+1 3988
+8 3988 3988
-7 7976
+7 3988
-9 3988
+2 3988
-2 3988
+2 3988
+7 7976
+22 7671
+61 329956 0 0 46 0 0 1
-2 329956
+2 1264878
675 329956 0 0 145 0 0 1
+2 659912 329956 0 0 166 0 0 5
+7 3988 3988
+1 7976 3988
-1 3988 3988
+4 3988 3988
-4 3988
+2 3988 3988
-2 7976
+6 15952 0 3988 46 0 0 1
cfi=(323)
cfn=(2184)
calls=3988 48 
* 299121 63811 55835 108 5 13 10 1
* 3988
+5 11964 0 3988
+42 6340
-1 3170
+1 6340 0 3170
+5 9510 0 0 58 0 0 1
-6 3170 0 3170
+6 3170
+3 9510 3170
-37 2862 0 0 41 0 0 1
+4 2862
-2 1431 0 1431
+2 5724 0 1431
+16 4293 0 0 3 0 0 1
+2 2862 1431
+1 803
+1 69 46
1174 143486 40996 40996 80
+3 42658 0 0 5 0 0 1
+77 5677386 1180731 787154 93 0 0 2
882 14 0 14 2 0 0 1
-4 28 0 14
+3 42 14 14
+2 83710 0 14 36 0 0 1
474 140 0 0 58
-2 140
+2 140
-3 280
+3 280
-3 140
+3 280
-3 140 0 140 0 0 40
cfi=(322)
cfn=(2182)
calls=140 28 
* 2240 280 140 80
+4 1260 280 140 48 0 0 1
+1 280
+1 700 140 280 43
260 42658 0 0 10 0 0 1
1043 6 3 0 3 0 0 1
+2 3 3
+1 3 3
-1 3 0 3
+1 12 0 3
+5 3
+36 15 6
947 71900 28784 0 319 0 0 1
-3 100
+12 54976 27488 0 17 0 0 1
-1 54976 0 27488 47 0 0 1
-1 27488 0 27488
+2 27488 0 27488
835 54976 0 27488
983 189 126 0 8
+3 12 12
+4 12
-4 24 0 0 1
579 100 0 0 42 0 0 1
+16 50
+1 50 50
-1 100
+1 100
+3 50
+9 50
-9 50
+1 100
+8 50
+31 50 0 0 44 0 0 1
-21 100
+19 50
-1 100
+1 50
-1 150 0 50
cfi=(325) ./stdlib/../sysdeps/x86_64/rshift.S
cfn=(2188) __mpn_rshift
calls=50 28 
* 900 150 100 1
+4 100 50
-1 50 0 50
+1 200 50 50
cfi=(325)
cfn=(2188)
calls=50 28 
* 900 150 100
+3 50 50
+1 250 100
-1 328 0 140 41
791 82419 27473 0 51 0 0 2
+4 123130 73878 24626
cfi=(324)
cfn=(2186)
calls=24626 31 
* 812679 98507 73881 3
+4 49252 24626
+1 24626
-4 24626 24626
+4 49252 24626
-4 24626 0 24626
+3 24626 24626 0 43 0 0 1
+1 98504
+9 24626 24626
+1 24626 0 24626
-1 24626 0 24626
+4 124324 27499 27499 45 0 0 1
1203 83654
868 6 0 2 1 0 0 1
-89 6322 0 3161 45 0 0 1
cfi=(325)
cfn=(2188)
calls=3161 28 
* 56910 9486 6325 26 0 0 5
+3 3161 3161
+7 3161 3161
-7 9483 0 3161
1013 11 5 0 4 0 0 2
+84 8 8 0 2
-79 4 4
+10 4 4
-10 10 3
1171 52 26 0 22 0 0 1
608 90 0 0 41 0 0 1
-3 90
+3 630 0 0 41 0 0 1
+16 180
+2 90
-2 90 0 90
cfi=(325)
cfn=(2188)
calls=90 28 
* 1620 270 180 131
+3 180 90
-1 90
+1 90 90
-1 90 0 90
+1 270 0 90
cfi=(325)
cfn=(2188)
calls=90 28 
* 1620 270 180
+2 540 270 0 42 0 0 1
1122 44 11 0 13 0 0 2
+20 22
808 73878 24626 24626 172 0 0 1
cfi=(325)
cfn=(2188)
calls=24626 28 
* 443280 73881 49255 2
* 24626
-62 6340 0 0 59 0 0 1
+10 3170
-3 3170
+3 15832 3161
+13 9483
-7 27 9 0 9 0 0 1
+1 9
-1 9 0 9
cfi=(322)
cfn=(2182)
calls=9 28 
* 180 27 18 2 0 0 1
+3 9 9
+24 9 9
-27 9
+2 27 9 9
+1 18 0 9

fl=(321)
fn=(2180)
33 125481 0 0 27519 0 0 1
+4 83654
-2 41827
+2 41827 0 41827
+1 209135 0 41827
+9 83654
+9 41827 0 0 46 0 0 1
-9 41827 0 41827 0 0 43
+9 83654
+4 90
+2 45 0 45
+45 90 45
-4 41782
+4 41782
-4 41782 0 41782
+4 41782 41782

fl=(370) ./stdlib/./stdlib/strtod_l.c
fn=(3226) ____strtod_l_internal
508 7 0 4 2 0 0 2
+45 1
-45 4 0 3
+53 3 2 1 0 1
+26 1
-24 2
+32 3 1 2 0 1
+1 3 0 2 1 0 0 1
cob=(2)
cfi=(51)
cfn=(936)
calls=1 0 
* 16 3 0 1 2
+1 3 2
-1 1 0 1
+1 2 1
+4 1 0 1
+10 1 1 0 0 1
-4 2
+3 4 1 0 1 0 0 1
+1 2 1 0 0 1
+3 2
-12 1 0 1
+17 2
+13 6 1
+1 2 1 0 1 0 0 1
+8 3
1770 11 9 0 1 0 0 1
689 3 1 0 1 0 0 1
+19 2
+57 2 0 0 1 0 0 1
+10 6
+1 2 0 0 1 0 0 1
+12 2
+16 2
+42 2
+9 4
+1 3 1 0 1 0 0 1
+18 2
+6 3 2 0 0 1 0 0 1
+1 2
732 1 0 0 1 0 0 1
+1 2 0 1
514 1
732 1 1 0 0 1
+1 1
+1 1
-1 2 0 0 1 0 0 1
+46 2 0 0 1 0 0 1
+22 2 1
-26 1 0 0 1 0 0 1
882 3 0 0 1 0 0 1
+13 1
1013 2
+10 7 1 0 1 0 0 1
+19 2 1 0 1 0 0 1
+1 2 1 1
+2 2
+3 2
+33 2 0 0 1 0 0 1
+92 1 1
+2 10 0 0 1 0 0 1
+1 1
+1 1
+3 2
-3 1 0 1
+3 2
+12 2 0 0 1 0 0 1
+3 2
+3 14 1 5 2 0 0 2
cfn=(3228) str_to_mpn.constprop.0
calls=1 365 
* 50 13 10 6 1 0 6 1
+6 2 2 0 1 0 0 1
-6 1
+6 1 1
+20 1 1
-20 3 1
+44 1 0 0 1 0 0 1
+1 1
-1 1 1
+1 1
-1 1
+1 2 0 0 1 0 0 1
+4 2
+6 2
+32 2
+3 1 0 0 1 0 0 1
+4 2
-4 1
+4 1
-4 1
+4 1
-4 4
+2 2
+10 5 0 1 1 0 0 1
cfi=(322)
cfn=(2182)
calls=1 28 
* 16 2 1 2
+4 2 1
+15 7 1 1
cfn=(3230) round_and_return
calls=1 215 
* 88 13 8 9 0 0 9
* 1 0 0 1 0 0 1

fn=(3228)
365 7 0 6 1 0 0 1
+13 1 0 1
-13 2 1 1
+14 6 0 0 1 0 0 1
+13 1
-17 1
-1 1
+39 4 1
+13 2
+1 1
-1 1 0 0 1 0 0 1
+3 2
+2 4 2 0 2 0 0 2
+7 3 1 0 0 1 0 0 1
+2 3 1
+2 1 0 1
+1 1 0 1
+15 9 7 0 1 0 0 1

fn=(3230)
215 16 1 7 2 0 0 2
fi=(371) ./stdlib/../sysdeps/generic/get-rounding-mode.h
94 1 0 1
+1 8 1 0 1 0 0 1
fe=(370)
218 2
fi=(372) ./stdlib/../include/rounding-mode.h
52 3 0 0 1 0 0 1
fe=(370)
313 2 0 0 1 0 0 1
-80 1 1
+39 1
-46 1
+43 1
+3 1
-3 3
+50 9 0 0 1 0 0 1
fi=(372)
46 5
fe=(370)
355 1 0 0 1 0 0 1
-5 4
+5 3 2
+1 1
-1 2 0 0 1 0 0 1
+1 6 6
-1 1
cfi=(373) ./stdlib/../sysdeps/ieee754/dbl-64/mpn2dbl.c
cfn=(3236) __mpn_construct_double
calls=1 29 
* 16 2 0 1 0 0 1

fl=(118)
fn=(384)
29 4 0 0 3 0 0 1
fi=(84) ./string/../sysdeps/x86_64/multiarch/ifunc-avx2.h
+4 20 8
-1 8 0 0 3 0 0 1
+2 12 4
+2 8
+4 12
+3 16
fe=(118)
-14 4 4 0 2

fl=(100)
fn=(340)
31 1 0 0 1 0 0 1
fi=(101) ./string/../sysdeps/x86_64/multiarch/ifunc-strcpy.h
+5 2 2
+1 1 1
-1 2
+1 2 0 0 1 0 0 1
+2 2
+4 3
+3 3 0 0 1 0 0 1
fe=(100)
-15 1 1

fl=(206)
fn=(934)
34 48 0 36 4 0 0 2
+4 48 18 0 0 5 0 0 5
+3 12 6 0 0 1 0 0 1
+50 54 42
-26 6 0 6 2 0 0 1
cob=(2)
cfi=(51)
cfn=(936)
calls=6 -65 
* 96 18 0 5 3 0 3 1
+10 6 6 0 0 3
-8 6 6
+6 6
-8 6 0 0 2 0 0 1
+7 6
+3 2460 612 0 0 29
+9 1232 612 2 0 143
cob=(2)
cfi=(51)
cfn=(940)
calls=2 -84 
* 58 12 0 3 1 0 3
* 4

fl=(221)
fn=(1068)
30 32 0 0 3 0 0 1
+2 32 0 32
+9 32
+1 64 32
+1 32 0 32
+4 32 0 32
+1 32 0 32
+1 32 0 32
+1 32 0 32
+1 32
+2 64 32 0 3 0 0 1
+2 32 0 32
+1 32 32
+1 32
+2 64 32
+2 32 0 32
+5 32 32 0 0 3
+1 32
+17 32 0 0 3 0 0 1
cfi=(222) ./setjmp/./setjmp/sigjmp.c
cfn=(1070) __sigjmp_save
calls=32 -56 
* 288 64 64

fl=(230)
fn=(1136)
27 6 0 2 1 0 0 1
+1 2
-1 8 0 4
+1 2 0 2
cob=(2)
cfi=(51)
cfn=(936)
calls=2 -28 
* 56 10 0 1 2 0 1
+1 4
+4 2 2
-1 4 0 0 1 0 0 1
+1 2 2
-1 2
+1 2 2
-1 2
cob=(2)
cfi=(51)
cfn=(1138)
calls=2 -32 
* 48 14 8 4 1 1 4

fl=(271)
fn=(1374)
136 41837 0 0 47 0 0 1
+3 41837 41837 0 0 48 0 0 1
+1 83674
+4 83672 41836
-1 1
cfn=(1376) __pthread_once_slow
calls=1 -75 
* 2190 639 310 21 27 2 21 6

fn=(1376)
68 1 0 1 1 0 0 1
fi=(237)
+78 1
+1 1
fe=(271)
-79 8 1 3
+8 1 1
+4 2
+52 9 6
-44 2 1 0 1 1 0 1 1
+4 2 0 1
+9 2
+13 13 0 7 2 0 0 2
cfi=(272)
cfn=(1378)
calls=1 -89 
* 7 2 4 1 0 0 1
+2 1 0 1
cob=(7)
cfi=(175)
cfn=(1380)
calls=1 0 
* 2122 626 290 14 26 2 14 5
+2 3 0 1
cfi=(272)
cfn=(1394)
calls=1 -78 
* 6 2 1 1 0 0 1
fi=(237)
+91 3
fe=(271)
-85 1 0 1 1 0 0 1
fi=(237)
+85 5
fe=(271)

fl=(373)
fn=(3236)
29 1 0 0 1 0 0 1
+10 1 1
-6 1
+7 10
+6 2
+1 1 1

fl=(297)
fn=(1992)
85 24 0 12 4 0 0 1
-20 4 0 0 4 0 0 1
+20 8 0 4
-20 4 0 4
cob=(2)
cfi=(51)
cfn=(1100)
calls=4 -65 
* 320 71 46 2 11 1 0 0 1
+2 12
+3 4
+2 8
-2 4 0 4 0 0 4 0 0 1
+2 20 0 4 4 0 0 1
cfi=(244)
cfn=(1200)
calls=4 563 
* 220 32 108 16 3 19 0 0 4
+1 4
+1 4
-1 4 0 4
+1 4 0 4
cfi=(298)
cfn=(1994)
calls=4 +32 
* 452 132 152 37 12 0 10 1
+1 20 0 4
cfi=(298)
cfn=(2002)
calls=4 213 
* 878 207 139 77 14 0 23 5
* 8
-38 8 4
+50 28 20 0 4 0 0 1

fl=(357) ./nptl/./nptl/pthread_attr_extension.c
fn=(2518) __pthread_attr_extension
25 1 0 0 1 0 0 1
+1 2 1
-1 1 0 1
+3 4 0 1
cob=(2)
cfi=(51)
cfn=(2520)
calls=1 -28 
* 1079 345 185 13 12 3 10 0 3
* 1 0 1
+1 2
-2 1
+5 2 2

fl=(363)
fn=(2642)
25 441 0 189 6 0 0 1
+3 126 63 0 0 6
+1 441 126 126 11 2 2 1
+5 315 252

fl=(127)
fn=(410)
31 1 0 0 1 0 0 1
fi=(421)
+1 5 2
fe=(127)
-1 1 1

fl=(311) ./libio/./libio/ftello.c
fn=(2054) ftello
38 5 0 2 1 0 0 1
+3 3 1
+1 5 0 1 1 0 0 1
cfi=(308)
cfn=(2042)
calls=1 -9 
* 70 22 10 3 0 0 3
+1 1 1
fi=(312) ./libio/../libio/libioP.h
883 2
fe=(311)
43 2
+6 2 0 0 1 0 0 1
+12 4 3
fi=(312)
883 2 0 0 1 0 0 1
fe=(311)

fl=(325)
fn=(2188)
28 28067 0 0 46 0 0 1
+1 28067
+1 28067
+1 28067
+13 28067 0 0 50 0 0 1
+1 28067
+16 28067 0 0 61 0 0 1
+1 28061 28061
+1 28061 28061
+1 28061
+1 28061
+1 28061
+1 28061
+5 28061
+1 28061 0 28061
+1 28061
+1 28061 0 28061
+1 28061 28061
+4 6 6 0 2 0 0 1
+1 6 6
+1 6
+1 6
+1 6 6
+1 6
+1 6
+1 6
+20 6 0 0 1 0 0 1
+1 6 0 6
+1 6
+1 6 0 6
+1 6
+1 6 0 6
+1 6 6

fl=(102)
fn=(344)
31 2 0 0 1 0 0 1
fi=(103) ./wcsmbs/../sysdeps/x86_64/multiarch/ifunc-evex.h
+4 10 4 0 1 0 0 1
-1 4
+2 6 2
+5 4
-3 4
+9 6 0 0 1 0 0 1
+3 8
fe=(102)
-19 2 2

fl=(242)
fn=(1196)
26 22 2 10 3 0 0 2
+4 2 0 0 1 0 0 1
+1 4
-1 10 0 8
+1 2 0 2
cfi=(243) ./libio/./libio/vasprintf.c
cfn=(1198) __vasprintf_internal
calls=2 +3 
* 5397 1079 812 96 15 23 68 8 10
+4 10 6 0 1 0 0 1

fl=(276)
fn=(1480)
32 512 0 256 1 0 0 1
+5 256
-5 3072 256 1024 1 0 0 1
+5 1536 0 0 1 0 0 1
+5 512
+4 384 384 0 0 1
fi=(277) ./wcsmbs/./wcsmbsload.h
+23 384 128 0 0 1
fe=(276)
-22 128 128 0 0 1
+2 128 128 0 0 1
-2 128 128 0 0 1
+2 128
+5 512 128
+3 256 0 128
cfi=(278) ./elf/./elf/dl-profstub.c
cfn=(1484) _dl_mcount_wrapper_check
calls=128 -21 
* 768 384 0 2 0 0 2
* 384 128 128
cfi=(279) ./iconv/./iconv/gconv_simple.c
cfn=(1486) __gconv_btwoc_ascii
calls=128 -8 
* 768 128 0 2 0 0 2
+41 2304 1792 0 1 0 0 1
fi=(277)
-27 128 0 0 1 0 0 1
+1 128
-1 256
fe=(276)

fl=(374)
fn=(3304)
30 7 0 0 6 0 0 1
+8 14 14 0 0 11
+2 14
+28 14 0 0 5 0 0 1
+1 14
-25 7
+42 7 7

fl=(91)
fn=(314)
29 1 0 0 1 0 0 1
fi=(88)
+5 4 2
-1 2
+2 3 1 0 1 0 0 1
+2 2
+4 3
+3 3
fe=(91)
-15 1 1

fl=(106)
fn=(352)
29 1 0 0 1 0 0 1
fi=(422) ./string/../sysdeps/x86_64/multiarch/ifunc-sse4_2.h
+1 5 2 0 1 0 0 1
fe=(106)
-1 1 1

fl=(125)
fn=(404)
29 1 0 0 1 0 0 1
fi=(422)
+1 5 2
fe=(125)
-1 1 1

fl=(161)
fn=(528)
38 4 0 0 2 0 0 1
+1 14
+1 2 2

fl=(247)
fn=(1212)
51 83664 0 0 46 0 0 1
+2 83664
+1 83664
+1 83664
+1 83664
+1 83664
+3 83664
+1 83664
+4 83664 83664 0 0 2 0 0 2
+1 83664
+1 83664
+1 83664
+1 83664
+1 83664
+1 83664
+1 83664 0 0 47 0 0 1
+6 83664
+1 167328 83664

fn=(2010)
51 4 0 0 4 0 0 1
+2 4
+1 4
+1 4
+1 4
+1 4
+3 4
+1 4
+4 4 4
+1 4
+1 4
+1 4
+1 4
+1 4
+1 4 0 0 4 0 0 1
+1 4
+3 4 4
+1 4
+23 4
+1 8 4

fl=(333)
fn=(2316)
25 5 0 0 2 0 0 1
+1 10 10
+1 5 5

fl=(390)
fn=(3958)
149 4 0 2 1 0 1 1
+1 4 2
+18 4 3 0 1 0 0 1

fl=(316)
fn=(2064)
34 20 0 12 4 0 0 1
+14 12 4 0 4 0 0 1
fi=(309)
883 8
+1 12 4 4
fe=(316)
57 4 4
fi=(309)
940 12 0 0 4 0 0 1
+2 8
+1 8
fe=(316)
57 12 4 4 0 2
cfi=(298)
cfn=(2076)
calls=4 168 
* 116 36 12 20 0 0 5
+1 12 4
+13 8 4
fi=(309)
855 16 8 0 0 4
+1 16 4 0 0 2
+6 8 0 4
cob=(2)
cfi=(51)
cfn=(1122)
calls=4 0 
* 364 116 60 2 3
fe=(316)
76 20 16
-27 4 0 4 4 0 0 1
cfi=(244)
cfn=(2066)
calls=4 +4 
* 388 108 112 40 11 0 9
+2 30 12 2 2
+1 2 2
-1 4 0 4
fi=(309)
883 4
fe=(316)
52 4 0 0 2
fi=(309)
883 4 0 0 2 0 0 1
fe=(316)
52 4 0 0 2 0 0 1
+1 8 0 4
cfi=(298)
cfn=(2072)
calls=4 +75 
* 639 163 110 43 3 0 12
fi=(309)
883 4 4
fe=(316)
53 4
fi=(309)
883 8
+1 8 2 4
fe=(316)

fl=(275)
fn=(1474)
30 1664 128 512 2 0 0 2
+9 384
+6 128
-1 256
+37 1024 768 0 1 0 0 1

fl=(258)
fn=(1256)
25 10 0 0 3 0 0 1
+1 40
+1 10 10

fl=(266) ./misc/../sysdeps/unix/sysv/linux/getpagesize.c
fn=(1300) getpagesize
27 2 0 0 2 0 0 1
+1 8 4
+2 2 2

fl=(359)
fn=(2538)
26 1 0 0 1 0 0 1
+10 3 1
-10 2 0 1
+12 2 1 1
cob=(2)
cfi=(51)
cfn=(1122)
calls=1 -38 
* 91 29 15
+1 2 1 1
cob=(2)
cfi=(51)
cfn=(1122)
calls=1 -39 
* 91 29 15
+5 3 2

fl=(119)
fn=(388)
29 2 0 0 2 0 0 1
fi=(101)
+7 4 4
+1 2 2
-1 4
+1 4
+2 4 0 0 2 0 0 1
+4 6
+3 6
fe=(119)
-17 2 2

fl=(179) ./stdlib/../sysdeps/unix/sysv/linux/getrandom.c
fn=(670) getrandom
28 1 0 0 1 0 0 1
+1 7 1 0 1 0 0 1
+1 1 1

fl=(265)
fn=(1296)
34 2 0 0 1 0 0 1
+1 8
+2 2
+3 1
-6 1
+6 5 0 1 1 0 0 1
cob=(2)
cfi=(51)
cfn=(1218)
calls=1 -40 
* 21 3 4
+5 3 1

fl=(201)
fn=(908)
24 1 0 0 1 0 0 1
+11 1 0 1
+3 2 1

fl=(207)
fn=(938)
50 42776 0 0 52 0 0 1
+13 42776
+1 42776
+1 42776
+3 42776
+2 42776
+1 42776
+3 42762 42762 0 68 222 0 1 103
+1 42762
+8 42762
+1 42762
+1 42669
+5 85338 42669
+26 48
+13 48
+1 48
+1 48
+6 96 48
+4 35
+13 35
+1 35
+1 35
+6 70 35
+4 6
+13 6
+1 6
+1 6
+6 12 6
+4 2
+13 2
+1 2
+1 2
+6 4 2
+7 93 0 0 5 0 0 1
+15 93 93 0 0 4 0 0 4
+6 93
+1 93
+1 93
-8 3 3 0 2 2
+6 3
+1 3
+1 3
+2 48 48 0 0 16 0 0 14
+1 48
+1 48
+1 48
+2 13 13 0 5 8 0 1 8
+1 13
+1 13
+1 13
+2 7 7 0 0 3 0 0 3
+1 7
+1 7
+1 7
+18 5
+1 10
+14 5 5 0 0 1 0 0 1
+1 5 5
+1 5 5 0 0 3 0 0 3
+1 5 5
+2 5
+1 5
+1 5
+2 5 0 0 3 0 0 1
+1 5
+1 5
-11 5 5 0 0 5 0 0 5
+1 5 5
+1 5 5 0 0 5 0 0 5
+1 5 5
+2 5
+1 5
+1 5
+2 5
+1 5
+1 5
+3 5
+1 5
+1 5
+1 5
+1 5
+2 5
+1 5
+1 5
+1 5
+3 1
+1 1
+3 1
+1 1
+1 1
+1 1
+1 1
+5 2 1
+61 4 0 0 2
+1 4
+1 4
+5 8 4
509 14 0 0 6 0 0 1
+1 14 14 0 0 5 0 0 1
+1 14
+3 14 0 0 6 0 0 1
+15 14
+1 14
+1 11
+7 22 11

fl=(220)
fn=(1152)
109 14 0 4
+1 2 2
+3 2
-3 2 2
+3 4 0 0 1 0 0 1
+2 4
+2 4 2 2
cob=(2)
cfi=(51)
cfn=(1154)
calls=2 0 
* 1638 460 229 7 23 21 5 3 18
+1 2 2
+3 4
-3 2 0 2
+3 2 0 2
cfi=(226) ./setjmp/../sysdeps/x86_64/__longjmp.S
cfn=(1098) __longjmp
calls=2 -85 
* 46 24

fn=(1064)
225 221 17 68 4 0 0 2
+2 34 0 17
cfn=(1066) _dl_catch_exception
calls=17 -52 
* 20758 4878 2685 301 186 50 73 12 27
+1 34 17 17
+1 17 17
+1 17 17
-1 17 0 17
+1 17 0 17
+2 136 102 0 2 0 0 1

fn=(1066)
175 51 0 17 2 0 0 1
+5 17 17 0 0 2
-5 102 17 68 0 0 1
+5 34 17 17 0 2
-2 34 0 0 2 0 0 1
+22 17
-1 17 0 17 0 0 1
+7 34
-6 17 0 17
+3 34 0 17
+3 17 0 17
cfi=(221)
cfn=(1068)
calls=17 30 
* 527 119 170 6 2 0 3
* 96
+2 51 34 17 2 0 0 1
cob=(1)
cfi=(229)
cfn=(1120)
calls=5 783 
* 520 130 65 15 0 0 4
cfi=(223)
cfn=(1084)
calls=5 37 
* 8726 1797 836 114 78 5 26 7 4
cfi=(218)
cfn=(1072) dlopen_doit
calls=7 48 
* 10240 2628 1390 160 102 43 37 5 23
+1 20 20
+1 10
-1 10 0 10
+1 30 10 20
+9 119 68
-2 21 14 7
+1 14 7

fn=(1067)
175 42 0 14
+5 14 14
-5 84 14 56
+5 28 14 14
-2 28
+22 14
-1 14 0 14
+7 28
-6 14 0 14
+3 28 0 14
+3 14 0 14
cfi=(221)
cfn=(1068)
calls=14 30 
* 434 98 140
* 72
+2 42 28 14
cob=(1)
cfi=(190)
cfn=(1078)
calls=7 490 
* 6991 1764 685 103 82 39 22 4 23
cob=(1)
cfi=(190)
cfn=(1076)
calls=7 772 
* 8347 2119 980 124 87 39 27 5 23
+1 20 20
+1 10
-1 10 0 10
+1 30 10 20
+9 98 56 0 2 0 0 1
-2 12 8 4
+1 8 4

fn=(1096)
91 36 0 9 3 0 0 1
+1 18 18
+1 18
+2 36 27 9
+4 9
-4 9 0 9 2 0 0 1
+1 18 9 9
+3 18 0 9
cfi=(226)
cfn=(1098)
calls=9 -63 
* 207 108 0 7 0 0 3

fl=(232)
fn=(1146)
25 4 0 0 1 0 0 1
+2 4
-1 4
+11 130 130
-2 130
+2 258
-4 520 0 0 1 0 0 1
+1 33
+14 29 29
+1 29 0 29
+2 58
-3 2 2
+1 2 0 2
+2 4
-5 87
+8 2 2

fl=(85)
fn=(302)
29 1 0 0 1 0 0 1
fi=(422)
+1 5 2 0 1 1 0 1
fe=(85)
-1 1 1

fl=(107)
fn=(354)
43 1
-6 5 2 0 1 0 0 1
+6 1 1

fl=(227)
fn=(1106)
25 5 0 0 2 0 0 1
fi=(420)
1388 5 5
fe=(227)
25 5
+2 10 5 0 2 0 0 1
-2 5
+6 10 5 5
cfi=(219)
cfn=(1060)
calls=5 +82 
* 2285 680 445 37 7 0 18
* 10
+1 10 5

fl=(295) ./string/./string/strdup.c
fn=(1988) strdup
40 5 0 2 1 0 0 1
+1 1 0 1 1 0 0 1
cob=(2)
cfi=(51)
cfn=(936)
calls=1 -41 
* 16 3
* 1
+1 2 0 1
cob=(2)
cfi=(51)
cfn=(1100)
calls=1 -42 
* 45 12 6 1 1
+2 2
+4 1
-1 3
+1 2 2
-1 1
cob=(2)
cfi=(51)
cfn=(1138)
calls=1 -47 
* 15 4 2 1 1

fl=(300)
fn=(2006)
77 32 0 24 4 0 0 1
+5 4 4 0 0 4
-5 12 4 4
+5 8
+2 16 0 4
cob=(2)
cfi=(51)
cfn=(2008)
calls=4 -84 
* 92 16 0 11 2 0 2
* 4 0 0 4 0 0 1
+1 8
+44 4 0 0 4 0 0 1
+32 48 36

fl=(301)
fn=(2012)
32 101 0 0 57 0 0 1
+3 505 202 0 0 91
+7 101 101

fl=(231)
fn=(1140)
307 192865 0 0 3 0 0 1
+1 192865
+6 192865
+1 192865
+2 54310 54310 0 0 21285 0 0 7
+1 54310
+1 54310
+3 372 372 0 0 42
+1 372 0 372 0 0 6 0 0 3
+1 372 0 372 0 0 35 0 0 1
+3 744 372
+30 138555
+1 138555
+2 137591
+1 137591
+2 51366
+4 51366
+1 47637 0 0 5
+1 47637
+1 47637 47637 0 0 56 0 0 2
+1 47637
+1 3650 3650
+1 3650 0 3650 0 0 37 0 0 2
+2 3650 0 3650
+2 3650 3650
-2 43987 0 43987 0 0 634
+2 43987 43987
+6 3729 3729 0 5 67 0 0 21
+1 3729 3729
+1 3729 0 3729 0 0 13 0 0 1
+1 3729 0 3729
+1 3729 3729
+7 964 964 0 49 48 0 0 2
+1 964 964
+1 964 0 964 0 0 3
+1 964 0 964 0 0 2
+2 964 964
+17 86225 86225 0 47 2015 0 0 9
+1 86225 86225
+1 86225 0 86225 0 0 5068 0 0 1
+1 86225 0 86225 0 0 1339
+1 86225 86225
+7 91 91 0 1 4 0 1
+1 91 91
+1 91 0 91 0 0 14 0 0 10
+1 91 0 91 0 0 13 0 0 4
+1 91 0 91 0 0 3 0 0 2
+1 91 0 91
+1 182 91
+5 53938 53938 0 3452 0 0 1
+1 53938
+5 53892
+1 53892
+2 112 112 0 0 2 0 0 1
+1 112
+1 112
+2 21 21 0 0 1 0 0 1
+1 21 21 0 0 1 0 0 1
+1 21 21 0 0 1 0 0 1
+1 21 21
+1 21 21
+1 21 21 0 7 0 0 1
+1 21 0 21 0 0 3 0 0 3
+1 21 0 21 0 0 6 0 0 5
+1 21 0 21 0 0 2 0 0 2
+1 21 0 21 0 0 4 0 0 3
+1 21 0 21 0 0 5 0 0 4
+1 21 0 21 0 0 1 0 0 1
+1 21 0 21
+1 21 0 21
+1 42 21
+4 53780 0 0 85
+1 53780
+4 53780
+2 53780 0 0 253 0 0 1
+4 53780 53780 0 0 26477
+1 53780
+11 53780
+3 53780
+2 53780
+2 53780
+4 53780
+1 53780
+9 50829 50829 0 0 24630 0 0 1
+1 50829 50829 0 0 343
+2 50829
+2 50829
+1 50829 50829 0 196 22181 0 1 1
+1 50829 50829 0 0 441
+3 50829
+2 50829
+2 50829
+2 101658
+6 50829 50829 0 0 24486 0 0 1
+1 50829 50829 0 0 358
+1 50829 50829 0 0 31796 0 0 1
+1 50829 50829 0 0 456
+1 50829
+1 50829 0 50829 0 0 29825 0 0 28
+1 50829 0 50829 0 0 49867 0 0 311
+1 50829 0 50829 47 0 936 1 0 6
+1 50829 0 50829 0 0 49866 0 0 642
+1 50829
+1 50829
+1 50829
-11 3091674 3091674 0 0 1595900 0 0 7
+1 3091674 3091674 0 0 27538
+1 3091674 3091674 0 0 1607464 0 0 6
+1 3091674 3091674 0 0 28596
+1 3091674
+1 3091674 0 3091674 0 0 50979 0 0 244
+1 3091674 0 3091674 0 0 2782512 0 0 14469
+1 3091674 0 3091674 0 0 51017 0 0 244
+1 3091674 0 3091674 0 0 2769320 0 0 17047
+1 3091674
+1 3091674
+1 3091674
+2 50829 0 50829 0 0 7926 0 0 8
+1 50829 0 50829 0 0 91 0 0 2
+1 50829 0 50829 0 0 1 0 0 1
+1 50829 0 50829
+2 50829 0 50829
+4 101658 50829
+13 2951 2951 0 0 1503
+1 2951 2951 0 0 1
+2 2951 0 0 1788 0 0 1
+1 2951 2951 0 0 1417
+1 2951 2951 0 0 1427
+2 2951
+2 2951
+2 5902
+6 2951 2951
+1 2951 2951
+1 2951 2951 0 0 1216
+1 2951 2951
+1 2951
+1 2951 0 2951 0 0 711 0 0 1
+1 2951 0 2951 429 0 1632 1 0 2
+1 2951 0 2951 0 0 709
+1 2951 0 2951 0 0 1633 0 0 2
+1 2951
+1 2951
+1 2951
-11 179983 179983 0 0 80435
+1 179983 179983 0 0 70
+1 179983 179983 0 0 79919
+1 179983 179983 0 0 40
+1 179983
+1 179983 0 179983 0 0 43289
+1 179983 0 179983 0 0 114762 0 0 592
+1 179983 0 179983 0 0 43289
+1 179983 0 179983 0 0 114723 0 0 591
+1 179983
+1 179983
+1 179983
+2 2951 0 2951 0 0 1924 0 0 1
+1 2951 0 2951 0 0 40
+1 2951 0 2951
+1 2951 0 2951
+2 2951 0 2951 0 0 709
+1 5902 2951
+9 46 46 0 44 2 0 1
+7 46
+1 46
+6 33
+3 33
+2 33
+3 33
+1 33
+2 33
+2 453500 453467 453467 0 3041 6979 0 0 1539
+2 33 0 33 0 0 2
+2 33 0 33 0 0 1
+2 66 33 0 0 3
+5 46 0 0 44 0 0 1
+1 46
+4 46
+2 46
+3 46
+4 46 46 0 0 43
+1 46
+3 46 46
+1 46
+24 13
+2 13
+2 13
+2 13 0 0 13 0 0 1
+3 13
+1 13
+2 157957 157944 157944 0 828 2449 0 542 343
+3 13 0 13 0 0 2
+2 13 0 13 0 0 1
+2 26 13 0 0 2

fn=(1194)
294 40738 0 0 47 0 0 1
+1 40738
+1 40738
+1 40738
+17 40738
+1 40738
+2 27 27
+1 27
+1 27
+3 23 23
+1 23 0 23 0 0 4
+1 23 0 23 0 0 2 0 0 1
+3 46 23
+30 40711
+1 40711
+2 40684
+1 40684
+2 40680
+4 40680
+1 40673 0 0 2
+1 40673
+1 40673 40673
+1 40673
+4 40673 0 40673
+2 40673 40673
+6 7 7 0 1 0 0 1
+1 7 7
+1 7 0 7
+1 7 0 7
+1 7 7
+7 27 27
+1 27 27
+1 27 0 27
+1 27 0 27
+2 27 27
+17 4 4
+1 4 4
+1 4 0 4
+1 4 0 4
+1 4 4
+7 4 4
+1 4 4
+1 4 0 4
+1 4 0 4 0 0 1
+1 4 0 4
+1 4 0 4
+1 8 4
+5 4 4
+1 4
+5 4
+1 4
+2 4 4
+1 4
+1 4

fl=(403)
fn=(4256)
25 1 0 0 1
+3 2
+2 5 1 0 1 0 0 1
+2 2
+1 4 0 1
+3 1
+4 1 1

fl=(149)
fn=(492)
29 1 0 0 1 0 0 1
fi=(150) ./debug/../sysdeps/x86_64/multiarch/ifunc-memmove.h
+24 3 2
-1 2
+4 3 1
+14 2
+2 2
+8 2
+8 2 0 0 1 0 0 1
+2 5 1 0 1 0 0 1
fe=(149)

fl=(120)
fn=(392)
29 1 0 0 1 0 0 1
fi=(121) ./wcsmbs/../sysdeps/x86_64/multiarch/ifunc-memcmp.h
+5 2 2
+1 1 1
-1 2
+1 2
+1 2 0 0 1 0 0 1
+1 3 1
+2 2
+4 3
+3 3 0 0 1 0 0 1
fe=(120)
-17 1 1

fl=(182)
fn=(686)
35 40050 0 0 3474 0 0 1
+1 160200 40050 40050
+1 80100
+6 40050
+1 40050 40050

fl=(218)
fn=(1072)
48 14 0 7 2 0 0 1
+3 21 7
+5 28 14 0 2 2 0 1
+2 7 7
-2 84 35 14 0 5
cob=(1)
cfi=(190)
cfn=(1074)
calls=7 824 
* 10046 2545 1364 152 95 43 34 5 23
* 5 0 5
+4 20 20
-4 15 0 0 4 0 0 1

fn=(1058)
77 14 0 0 4 0 0 1
fi=(420)
1388 21 14 7
fe=(218)
78 14 7 0 0 2
-9 7 7
-2 7 0 7
+4 7
-3 7 0 7
+3 7
-2 7 0 7 2 0 0 1
+2 7 0 7
cfi=(219)
cfn=(1060)
calls=7 +42 
* 11804 3101 1757 202 115 47 53 5 23
* 21 7
+11 35 21

fl=(279)
fn=(1486)
49 128 0 0 1 0 0 1
+2 512 0 0 1 0 0 1
+3 128 128

fl=(362)
fn=(2622)
31 515 0 412 8 0 0 1
+1 103
-1 103 0 103
+1 103
-1 206 0 103 0 0 1
+4 206 0 0 6 0 0 1
+2 952 280 168 6 14 0 1 1
+1 169 56 1 0 5
+1 1 1
fi=(309)
940 3
+2 2 0 0 1 0 0 1
+1 2
fe=(362)
39 55 55
fi=(309)
940 165
+2 110 0 0 5
+1 110
fe=(362)
39 224 56 56 0 6
cfi=(298)
cfn=(2624)
calls=56 1197 
* 3910 875 629 47 8 9 11 0 2
+6 56
-6 56
+6 56
fi=(309)
883 112 56
+1 448 112 168
fe=(362)
45 112
+1 56
+3 927 721 0 4 0 0 1
-11 110 0 0 8

fl=(246)
fn=(1208)
1180 501948 0 376461 140 0 136 2
+30 209145 125487 83658 0 0 3
+8 125487 41829 0 48 0 0 1
+4 209145 83658
+11 83658
+11 41829 41829
fi=(423) ./stdio-common/./stdio-common/printf-parse.h
111 83658 41829
fe=(246)
1244 209145 83658 125487 57 0 48 1
fi=(423)
111 41829 0 41829 0 0 3
cob=(2)
cfi=(51)
cfn=(1210)
calls=41829 0 
* 878409 125487 0 140 46 0 3 2
fe=(246)
1259 41829 0 41829 0 0 3
fi=(423)
111 41829 0 41829 0 0 42
fe=(246)
1259 125487 0 41829 0 0 2
239 41829 41829 0 132 0 0 1
fi=(424) ./stdio-common/../libio/libioP.h
940 41829
fe=(246)
1263 41829 41829
fi=(424)
942 41829
-2 41829 41829 0 0 48
fe=(246)
1263 41829 41829
fi=(424)
940 83658 0 41829
+2 83658
+1 83658
fe=(246)
239 167316 83658 41829 46 48 0 1
cfi=(244)
cfn=(1214)
calls=41829 371 
* 209145 41829 0 91 0 0 2
* 83658
127 376461
1263 83658
+4 125487 83658 0 46 0 0 1
+4 334632 125487 41829 96 94 0 1 1
1532 41829 41829
1214 41829 0 41829
+34 41829 0 41829
-8 41829 0 41829
1532 125487 0 41829
+23 41829
-39 41829
+39 41829
-39 41829 0 41829
+39 83658 0 41829 68 0 0 1
1313 627525 125505 0 49 95 0 1 3
+39 41835 41835
-51 41835
-1 41835
-1 41835
-1 41835
+5 41835
1501 41835
fi=(423)
88 41835
fe=(246)
1352 41835 41835
-46 41835 0 41835 47 0 0 1
-4 41835 0 41835
+50 41835 0 41835
1501 41835
1295 41835 0 41835
-1 41835 0 41835
-1 41835 0 41835
-1 41835 0 41835
-1 41835 0 41835
+16 83670 0 41835 46 0 0 1
1608 83658 41829 0 50 0 0 1
+1 83658 41829
+3 501948 376461
1499 83654 0 0 48 0 0 1
+33 83654 41827
+3 1422118 334616 250962 104 0 42 2
+20 83654
1218 83658 0 0 27520 0 0 1
1555 460097 167308 83654 102 0 0 2
+9 83660 0 0 46 0 0 1
-47 78 24 6 1 0 0 1
+47 2
-48 12 2
+1 72 8 0 2 0 0 2
127 56 0 0 1 0 0 1
1517 16
-1 41823 0 0 49 0 0 1
-94 41823 41823
-1 41823 0 0 63 0 0 1
+1 83646
+41 501876 83646 0 46 93 0 1 1
1589 41835 0 0 48 0 0 1
fi=(423)
111 41835
fe=(246)
1583 41835 0 41835
fi=(423)
111 83670 0 41835
cob=(2)
cfi=(51)
cfn=(1210)
calls=41835 0 
* 878535 125505
fe=(246)
239 41835 41835
fi=(424)
942 41835
fe=(246)
1593 41835
fi=(423)
111 41835
fi=(424)
942 41835
fe=(246)
1593 41835
fi=(424)
942 41835
+1 83670 41835
fe=(246)
239 167340 41835 41835 48 0 0 1
cfi=(244)
cfn=(1214)
calls=41835 371 
* 209297 41855 18
* 83670
127 543855 0 0 78 0 0 1
1593 83670
+2 125499 41835
-39 41827 0 0 89 0 0 1
351 41827
+1 41827
1556 41827 0 41827
352 83654
-1 83654
1559 83654
127 292789
354 41827 0 41827 46 0 0 1
cfi=(319)
cfn=(2174)
calls=41827 1278 
* 61480354 12584018 7905599 118050 861 558 148 10 1
* 41827
1516 8 2 2 2 0 0 2
cfi=(248) ./string/./string/_strerror.c
cfn=(1220) strerror_r
calls=2 26 
* 1078 234 158 5 1 0 3
* 4
+1 16 0 8 1 0 0 1
cob=(2)
cfi=(51)
cfn=(936)
calls=8 0 
* 156 29 0 1 2 0 1 2
* 16
239 8 8 0 1 0 0 1
fi=(424)
942 24
+1 16 8
fe=(246)
239 32 8 8 1 0 0 1
cfi=(244)
cfn=(1214)
calls=8 371 
* 1437 306 240 23 1 12 14 0 6
* 16
127 48
1427 41823 41823 0 46 0 0 1
-1 83646 0 41823
+1 125469
+15 167292 83646
+3 83646 41823 0 55 0 0 1
+18 250938 83646
-21 209115 41823 41823 96 0 0 1

fl=(281)
fn=(1502)
71 1830 0 0 10 0 0 1
+7 1830
+1 1830
+3 1 1
+1 1 1
+1 1
+4 1
+1 1
+2 1
+1 1
+3 1 1
+1 1 1
+1 1
+3 1
+1 1 0 0 1 0 0 1
+3 1
+1 1
+3 1 1
+1 1 1
+1 1
+1 1
+1 1
+1 1 1
+1 1 1
+1 1
+1 1
+1 1
+3 1 0 0 1 0 0 1
+1 1
+6 1 1
+1 1 1
+1 1
+1 1
+4 1 1
+1 1 1
+2 1 1
+1 1 1
+1 1 1
+1 1 1
+3 1
+1 1 0 0 1
+1 1
+1 1
+1 1
+1 1
+2 2 1
+4 206 0 0 9 0 0 1
+10 206 206
+1 206 206
+1 206
+3 412 206
399 1829 0 0 7 0 0 1
+1 1829
+5 1583
+1 1583
+1 1583
+1 1583
+1 1583
+3 1551 1551 0 0 3
+1 1551 1551 0 0 6
+1 1551 0 0 7 0 0 1
+1 1551
+3 1551
+1 1551
+1 1347
+1 2694 1347
+6 32
+1 32
+2 32
+1 32
+1 29
+1 29
+3 4 4
+1 4 4
+1 4
+1 4 0 0 1 0 0 1
+1 4
+1 4
+1 4 4
+1 4 4
+1 4
+1 4
+2 4
+2 4 4
+4 246 0 0 5
+1 246 246
+1 246 246 0 0 3
+1 246
+2 246 246
+6 3 3 0 1
+1 3 3
+1 3
+1 3
+1 3 0 0 1 0 0 1
+1 3
+2 1
+1 1
+1 1 1
+1 1 1
+1 1
+1 1
+1 1
+1 1
+2 1 1
+46 25 25 0 4 0 0 1
+1 25 25
+1 25
+1 25
+1 25 25
+1 25 25
+1 25
+1 25
+1 25
+1 25
+1 15
+1 15
+3 25 25

fl=(310)
fn=(2052)
28 1 0 0 1 0 0 1
+8 4
+2 1 1

fl=(314) ./malloc/./malloc/alloc_buffer_alloc_array.c
fn=(2060) __libc_alloc_buffer_alloc_array
25 6 0 0 1 0 0 1
+1 6 6
+4 6
-5 6
+3 18
+2 36
+1 6
+1 6
+2 36 0 0 1 0 0 1
+4 6
-3 18 6 6
+10 6 6

fl=(94)
fn=(322)
31 2 0 0 1 0 0 1
fi=(95)
+2 10 4 0 1 0 0 1
-1 4
+2 6 2
+2 4
+4 6
+3 8 0 0 1 0 0 1
fe=(94)
-12 2 2

fl=(239) ./misc/./misc/tsearch.c
fn=(1180) tfind
372 24 0 16 1 0 0 1
+4 8
+6 24 4 0 1 0 0 1
+12 4 0 0 1 0 0 1
-17 4
+17 24 20

fl=(383)
fn=(3692)
25 42 0 0 42 0 0 1
+1 294 42
+1 42 42

fl=(89)
fn=(310)
29 4 0 0 3 0 0 1
fi=(90) ./string/../sysdeps/x86_64/multiarch/ifunc-memset.h
+21 20 8
+3 12 4
+7 8 0 0 3 0 0 1
+9 8
+2 8
+10 8
+8 8
+2 20 4
fe=(89)

fl=(97)
fn=(328)
28 2 0 0 2 0 0 1
fi=(84)
+5 10 4 0 0 1
-1 4 0 0 2 0 0 1
+2 6 2
+2 4
+4 6
+3 8
fe=(97)
-15 2 2 0 1

fl=(188) ./elf/./elf/dl-addr.c
fn=(852) _dl_addr
126 3 0 2 1 0 0 1
+2 1
-2 9 0 4
+5 3 1 1
cfi=(189)
cfn=(854)
calls=1 -54 
* 43 11 5 7 1 0 7
+2 2 0 1
cob=(2)
cfi=(51)
cfn=(856)
calls=1 0 
* 1089 353 151 6 17 0 5 2
+2 3 0 0 1 0 0 1
30 4 2 1
+4 2 1
+5 5 3
+1 1 1 0 1 0 0 1
+5 1 1 0 0 1
-7 1
+2 1 1
+2 1 1
-2 2 0 1
+2 2 1 1 0 1
+3 2
+4 5 2 0 1 0 0 1
-5 4
+5 1051
+2 262 262 0 0 15
+1 524
-1 1 1 0 0 1
+1 2
+2 543 181
+10 1196 299 0 1 0 0 1
+1 1680 635 0 0 43 0 0 15
+5 897 299 0 0 20
-10 897 0 0 1 0 0 1
+1 1794 299 0 0 70 0 0 20
+2 897
+37 2 0 0 1 0 0 1
+2 2
+3 2
+36 3 1 1 1 0 0 1
cfi=(191)
cfn=(862)
calls=1 367 
* 34 7 4 5 0 0 5
+3 9 7
-79 111 0 0 2 0 0 2
+52 1
+21 1
-21 2 0 1

fl=(404)
fn=(4362)
27 2 1 0 1 1 0 1
+3 1
+1 2

fl=(194)
fn=(1190)
53 4 0 0 1 0 0 1
+6 4
+7 4
+2 4
+1 4
+1 4
304 4 4 0 1 0 0 1
+1 4 4 0 0 1 0 0 1
+1 4
+1 4
+10 4
+1 4
+33 4 0 0 1 0 0 1
+2 4
+1 4
+1 4
+1 4
+1 4
+1 4
609 4 4 0 1 0 0 1
+1 4 4
+1 4 0 4
+1 4 0 4
+2 4 0 0 1 0 0 1
+8 8 4

fn=(2938)
53 3 0 0 1 0 0 1
+2 3
+1 3
+1 3
+2 3
+7 3
+2 3
+1 3
+1 3
304 3 3 0 1 0 0 1
+1 3 3
+1 3
+1 3 0 0 1 0 0 1
+4 3
+4 3
+38 3 0 0 1 0 0 1
+1 3
+1 3
+1 3
+1 3
+1 3
+1 3
+1 3
+1 3
+1 3
+1 3
+1 3
+1 3
503 3 0 0 1 0 0 1
+1 3
+1 3
+35 3 0 0 1 0 0 1
+1 3
+8 3 3 0 1 0 0 1
+1 3 0 3
+2 3
+3 3
+1 3
+1 3
+2 6 3

fn=(876)
53 1 0 0 1 0 0 1
+2 1
+1 1
+1 1
+2 1
+2 1
+5 1
+2 1
+1 1
+1 1
304 1 1 0 1 0 0 1
+1 1 1
+1 1
+1 1
+6 1
+2 1
+2 1
+1 1
+2 1 0 1 1 0 1 1
+1 1
+1 1
+6 1
+2 1
536 1 0 0 1 0 0 1
+1 1
+1 1
+2 1
+1 1 0 0 1 0 0 1
+1 1
728 1 1 0 1 0 0 1
+1 1 1
+1 1 0 1
+1 1 0 1 1 0 0 1
+7 2 1
963 1 0 0 1 0 0 1
+1 1
+1 1 0 0 1 0 0 1
+1 1
+1 1
+1 1

fl=(110)
fn=(362)
29 3 0 0 2 0 0 1
fi=(111) ./string/../sysdeps/x86_64/multiarch/ifunc-memcmp.h
+5 6 6
+1 3 3 0 0 1
-1 6
+1 6
+1 6 0 0 2 0 0 1
+1 9 3
+2 6
+4 9
+3 9 0 0 2 0 0 1
fe=(110)
-17 3 3

fl=(205)
fn=(926)
23 7 0 0 4 0 0 1
+2 14 14

fl=(367)
fn=(2848)
25 2 0 0 2 0 0 1
+1 12 2
+1 2 2

fl=(122)
fn=(396)
33 1 0 0 1 0 0 1
fi=(101)
+3 2 2
+1 1 1
-1 2
+1 2
+2 2 0 0 1 0 0 1
+4 3
+3 3
fe=(122)
-13 1 1

fl=(249) ./stdio-common/./stdio-common/errlist.c
fn=(1222) __get_errlist
36 2 0 0 2 0 0 1
+4 2
-2 4
+1 6 2 0 0 1
+2 2 2

fl=(96)
fn=(326)
61 2 0 0 1 0 0 1
-20 4 4 0 0 1
+1 2 2 0 0 1
-1 4
-1 4 0 0 1 0 0 1
+2 4
+2 4
+4 6
+3 6
+10 2 2

fl=(116)
fn=(378)
29 1 0 0 1 0 0 1
fi=(101)
+7 2 2
+1 1 1
-1 2
+1 2
+2 2 0 0 1 0 0 1
+4 3
+3 3
fe=(116)
-17 1 1

fl=(294)
fn=(1986) tzset_internal
368 14 0 6 2 0 0 1
+4 10 2 2 2 2 0 1 1
+5 1
-3 1 0 1
+3 1 0 1
cfi=(206)
cfn=(934)
calls=1 34 
* 663 220 7 5 80 0 0 2
* 1
+1 2
+23 1 1 0 1 0 0 1
+1 1
-5 1 0 1 0 0 1 0 0 1
+1 1 0 1 1 0 0 1
+3 1 0 1
cob=(2)
cfi=(51)
cfn=(1122)
calls=1 0 
* 6 2 0 1
+1 2 0 1
cfi=(295)
cfn=(1988)
calls=1 40 
* 94 21 12 4 2 0 2
+3 3
-3 1 0 1
+3 1 0 1
cfi=(296) ./time/./time/tzfile.c
cfn=(1990) __tzfile_read
calls=1 102 
* 8672 1927 1203 225 45 32 206 26 32
+1 3 1
+18 10 8 0 2 0 0 1

fn=(1984)
568 18 0 10 2 0 0 1
+4 2
-4 8 2 2
+4 4 0 2 2 0 2 1 0 1
+5 16 0 2
cfn=(1986)
calls=2 368 
* 9490 2182 1238 243 129 33 213 29 33
+2 6 2
+1 14 0 2 2 0 0 1
cfi=(296)
cfn=(2084) __tzfile_compute
calls=2 +2 
* 68 20 20 8 1 0 4
+12 8 2 2
+2 4
+2 4
+7 8 2 2 2 0 0 1
cfi=(317)
cfn=(2086)
calls=2 30 
* 458 24 24 34 2 1 17 1 1
* 4
+1 4 2 2
+6 22 16
-11 2 0 0 2 0 0 1
+1 2
-2 2 0 2
+1 2 0 2
+1 4 0 2

fn=(2080) __tzstring
120 77 0 55 1 0 0 1
+1 11 0 11
cob=(2)
cfi=(51)
cfn=(936)
calls=11 0 
* 176 33
-32 11 11
+32 11
-32 22
+3 45 0 0 1 0 0 1
-2 75 25
+2 17
+1 34
-1 17
+1 34 0 17
cob=(2)
cfi=(51)
cfn=(1500)
calls=17 -93 
* 449 94 0 7 1 0 2
* 34
-4 54 18
+9 6 0 3
cob=(2)
cfi=(51)
cfn=(1100)
calls=3 -98 
* 621 121 96 19 0 0 19
* 3 0 0 1 0 0 1
+1 6
+4 3 0 3
+1 9
-2 3 0 3
+2 6 0 3
cob=(2)
cfi=(51)
cfn=(1138)
calls=3 0 
* 54 12 6
+1 3 0 3
+3 3 0 3
+14 70 60
-24 2 0 1 1 0 0 1
cob=(2)
cfi=(51)
cfn=(1100)
calls=1 -98 
* 45 12 6 1
* 1
+1 2
+4 1 0 1
+1 3
-2 1 0 1
+2 2 0 1
cob=(2)
cfi=(51)
cfn=(1138)
calls=1 0 
* 20 4 2
+1 1 0 1 1 0 0 1
+17 1
-12 1 0 1
+12 6 6

fl=(323)
fn=(2184)
48 69666 4098 36882 119 0 89 2
+6 8196
+12 8196
+76 45078 36882
-71 4098 4098 0 0 5 0 0 1
+1 8196 0 0 62 0 0 1
+9 4098 0 4098 66 0 4 1
cfi=(324)
cfn=(2186)
calls=4098 -50 
* 135255 16395 12297 205 0 0 5
+2 12294 4098 4098
+1 4098 0 0 51 0 0 1
+4 8196

fl=(123)
fn=(400)
29 2 0 0 2 0 0 1
fi=(124)
+6 10 4 0 2 0 0 1
-1 4
fe=(123)

ob=(7)
fl=(175)
fn=(1648)
0 94 28 24 4 0 0 4

fn=(1784)
0 32 0 12 1 0 0 1
cob=(2)
cfi=(51)
cfn=(1786)
calls=4 0 
0 947 284 134 3 10 0 3 2

ob=(3)
fl=(123)
fn=(400)
fi=(124)
36 6 2
+5 4
-3 4
+9 6 0 0 2 0 0 1
+3 8
fe=(123)
-21 2 2

fl=(222)
fn=(1070)
28 96 0 32
+2 64
-1 32 0 32
+5 96 64

fl=(148)
fn=(490)
42 1 0 0 1 0 0 1
fi=(425) ./time/../sysdeps/unix/sysv/linux/dl-vdso.h
-2 2 2 0 0 1
+1 2
fe=(148)
+1 2 1 0 1 0 0 1

fn=(1978)
33 1 0 0 1 0 0 1
+1 2
+2 4
+1 1 1

fl=(189)
fn=(854)
77 35 0 0 5 0 0 1
+3 105 35 0 0 9 0 0 3
+2 35
+2 70 0 0 5 0 0 1
-7 70 0 35
+11 70
+2 21 7 0 0 4
-46 7 7
+1 35 7
+49 21 7
+73 35 35 0 3 1 0 1
+3 35 0 35
+2 35 0 35
+3 35
+2 35
+1 105 70
45 21 7 0 2
+1 14 0 7
+51 56 0 0 3 0 0 1
+11 112 28 0 5 0 0 1
+4 28 28 0 0 2
+3 56 28
-71 28 28 0 3 0 0 1
+1 224 56
+1 28 0 28
+84 84 28
+1 56 0 28 4 0 0 1

fl=(278)
fn=(1484)
36 128 0 0 1 0 0 1
+1 128 128
-1 128
+1 256 128 0 1 0 0 1
+2 128 128

fl=(177)
fn=(1118) _int_free
4421 2819984 0 2114988 3 0 75360 1
+10 352498 352498
-10 1057494 352498 352498 2 30396 28609 1 0 1
+10 704996
+6 1762490
+1 704996
+4 1409992
+8 1762490 704996 0 42 0 0 1
-1 704996
+1 704996 352498 0 0 61389
+29 24560 24560
-20 24560 24560
-6 24560
+6 49120 24560 0 0 4261 0 0 3
+20 98240 24560 0 2 7691 0 1
+14 656462 328231 0 0 73376
+11 912 228 0 0 51
+2 684 228
2012 684 228 0 2 0 0 1
4527 228 0 228
+1 228
+4 684 228
+2 684 228
+4 456
+2 912 0 228
+1 228 0 228
+19 876
4702 3877478 3172482 0 5 0 0 2
4569 656006 328003
+3 328003 328003
+3 984009 0 328003 0 0 27168
+7 328003 328003 0 0 61137
-4 328003 0 0 4 0 0 1
+4 656006
+3 656006 328003 0 0 68717
+5 984009 328003 0 0 22100 0 0 22
+3 656006
+1 656006
+1 656006 328003 0 4 73296 0 1
2012 984009 328003 0 0 68912
4601 656006 328003
+1 14678 14678
+2 14678
-1 14678
+2 58712 14678 0 0 1515
+2 29356 0 14678 0 0 3619
cfn=(2082) unlink_chunk.constprop.0
calls=14678 1626 
* 376902 135930 30888 3862 1345
+3 656006 328003 0 52 0 0 1
+5 132932 66466 0 0 16751 0 0 73
+4 34608 0 34608
+9 34608 34608
-1 34608
+1 103824
+1 69216 34608 0 0 3401
-1 31858 31858
-1 31858
+1 95574
+1 63716 31858 0 0 7
+2 66466 0 66466 0 0 40790 0 0 24
+2 132932 0 0 8 0 0 1
+5 66466 0 66466
+1 66466 0 66466
+2 199398 0 66466
+1 66466 0 66466
+30 656006
+20 984009 328003
3181 24267 24267 0 3932 0 0 1
+4 24267
-4 24267 0 24267
+2 97068 24267 24267 0 7710
+1 24267 0 24267
+1 24267 0 24267
4482 24267
4635 199206 0 66402 880 0 71 1 0 1
+38 588180 196060 0 46 0 0 1
+3 392120
+2 196060 196060
-2 196060 0 0 3182 0 0 1
-23 261537 0 0 83 0 0 1
+1 784611 0 261537
+1 523074 0 261537
-39 31858 0 0 3866 0 0 1
+1 31858
-1 31858 0 31858 0 0 921
cfn=(2082)
calls=31858 1626 
* 806868 290726 65319 72 2348
+1 31858
-30 984009 328003 0 3 46245 0 1
-2 656006
+89 6 0 3
cfn=(3190) malloc_consolidate
calls=3 +41 
* 17049 4220 2578 9 158 2 1
* 3
+4 784240 392120 0 3867 61148 0 1
+2 112576 56288 56288 3509 0 9183 1
cfn=(3694) systrim.constprop.0
calls=56288 2986 
* 5944980 1714227 864169 7067 126382 24711 2
* 56288

fn=(676) _int_malloc
1343 656812 0 0 59 0 0 1
3771 328406 0 328406
1362 328406
3771 2627248 0 1642030 233 0 102933 1 0 2
1362 656812
3811 54
+27 54 27
+66 454 0 0 22 0 0 1
+2 454 454 0 0 44
-2 454
+2 908
1362 656758 0 0 6 0 0 1
3811 656758 0 0 6 0 0 1
4397 656758
3838 656758 328379 0 0 114656
+63 656182
+62 11478703 0 3607557 22 0 320636 3
+1 983856 327952 0 5 110958
+1 2 0 1
cfn=(3190)
calls=1 4715 
* 433 83 66 6 17 1 6 0 1
* 28 0 0 1
3838 54
1362 27
3843 54 27
+2 54 0 0 8 0 0 1
+8 864 0 0 5 0 0 1
-10 288 288 0 0 4
+2 1521 0 0 7 0 0 1
4399 908 0 0 8 0 0 1
3903 454 0 454 0 0 9 0 0 2
4399 5902 0 4086 10 0 8 2 0 1
3983 454
+1 454 454
-1 908
-1 908 0 454 0 0 2 0 0 1
+2 908 454
-1 327952 0 0 2
+1 327952 327952
-1 655904
-1 655904 0 327952 0 0 108581
+2 655904 327952
-2 985215 328405 328405
+12 328405
-6 328405 0 328405
+73 1313620 0 656810 6
-67 985216 328405 0 0 110180
-6 1 0 1
+73 4 0 2 1 0 0 1
-67 3 1
4158 38071 38071
-91 38071 38071
+91 76142 0 38071
-91 38071 38071
-74 38071
3181 38071
4067 38071 0 38071 5510 0 0 1
3181 76142 38071 38071
4025 76142 0 38071
3183 76142 0 38071
3997 152284 38071 0 0 6852
+1 38071
+2 76142 0 0 7598 0 0 1
-3 15312 3828 0 0 497
+1 3828
+2 7656
+1 125697 41899 0 0 12539
+2 41899 41899 0 0 12294
+1 167596
+2 167596 41899
-10 41899 41899 0 0 10217
+12 83798 41899 0 46 2716 0 1
+1 83798 41899
+2 83798
+11 83974
+31 41829 0 41829
+1 41829 0 41829
+4 83658
+29 43930 0 0 9 0 0 1
+2 38
+1 57
+1 19 19 0 0 1
-1 19
+57 19
+2 38
-2 38
+2 19
+7 19 0 19
-9 57 0 19
+9 19 19
-7 19 0 19
+1 19 0 19 0 0 1
+1 19 0 19
+6 38
-10 21946
+2 43892
-2 43892
+2 21946
+7 21946 0 21946
-9 65838 0 21946 64 0 6615 1
+9 21946 21946
-7 21946 0 21946
+1 21946 0 21946
+1 21946 0 21946
+6 43892
3994 2 0 0 1 0 0 1
2005 59589 19863 0 1
4413 2955654 2298842 0 23 0 0 2
4060 19864 0 0 3830 0 0 1
+1 19864
-1 19864 0 19864
+1 39728 0 0 7541
+5 19864 19864
-21 19864
+21 19864
+1 4 2
2005 39726 19863
4095 346912 0 0 3738 0 0 2
+1 3
+1 1 1 0 0 1
-1 1
+4 2
-4 65835 0 0 3867 0 0 1
+1 21945 21945 0 0 12843
-1 21945
+4 43890
+5 558 558
-2 1116 0 558 447 0 0 1
+2 1674 558 0 0 104
+1 1116 558
+7 274 274 0 0 19
-1 1096 0 274
+2 822 0 548
+52 65895 0 0 42
3994 65895 21965
4183 616944 0 0 23 0 0 1
+2 924267 308089
+3 308089 308089 0 0 126810
-3 308089 0 0 17
+3 616178
+1 126 63
+67 616928 308464 0 4 0 0 1
+1 308464
+1 308464
-1 308464
+1 308464
+1 616928 308464 0 0 131625
+1 925392
+5 725560 0 0 11 0 0 1
+16 214380
+2 428760
-4 503510
+8 37375 37375 0 0 3156
+3 74750
+2 16998
+1 16998
+1 16998
-2 67992 0 16998 27 0 0 1
-27 16998
3181 1 1
+2 1 1
+2 1
-4 1 0 1
+2 4 1 1
4071 1 0 0 1
3184 1 0 1
+1 1 0 1
4071 1
3963 32 0 8 3 0 0 1
4144 64164 0 21388 5 0 183 1
4023 168 84 0 8 0 0 1
+1 150 75
+5 70
-1 140 70
+3 70
-1 70 0 70
+1 140 0 70
+1 70 0 70 0 0 21 0 0 17
+1 140
+2 124 0 62 3 0 21 1 0 16
+4 62
+6 62
-6 434 0 62
+2 186 0 62 0 0 1 0 0 1
+1 62 0 62
2005 186 62 0 4 0 0 1
4039 8
+6 8
-6 56 0 8
+2 24 0 8 0 0 1 0 0 1
+1 8 0 8
2005 24 8
4269 864432 0 0 89 0 0 1
+3 1708 427
-3 1134
+3 1492 373 0 4 0 0 1
-3 742
+3 1080 360
+97 288087 288087 0 83
+1 576174 288087 0 0 60693
+2 576174 288087 0 0 103283
+3 871175 0 6914 79 0 0 1
+17 10371 3457
3904 417 0 0 11 0 0 1
4118 1420 568 0 117 0 0 1
+1 568
+6 284
+6 186 62 62 0 4
+2 186 124 0 16
+2 62 0 62
+1 186 62 62
+2 62 62
+1 124 62
-1 222 222
+1 444 222
-11 444 222 0 84 37
4299 61131 40754 0 3748 1541 0 1
+3 40754
+2 20377
+3 40754 0 20377
-3 20377
+3 40754 0 40754 0 0 2244
cfn=(2082)
calls=20377 1626 
* 771335 284129 81052 49 5360 0 3
+3 81508 40754
+15 40748 20374 0 3905 0 0 1
-5 20374
+5 40748
+1 40748 20374
+3 20374 0 20374 0 0 16805 0 0 6
+1 20374 0 20374
+1 20374 0 20374
+3 40748
+1 14 0 14
+1 40748
+2 40734 0 20367 3863 0 802 1 0 1
+3 162936 0 20367
+2 61101 0 20367 0 0 13725 0 0 1
+1 20367 0 20367
2005 20367 20367
4347 20367
2005 40734 0 0 3860
4341 56 0 7 1
+2 21 0 7
+1 7 0 7
2005 7 7
4347 7
2005 17 3 0 1
4347 3
2005 6
4272 51
+2 204
+1 102
-1 24
+1 12
-3 12 0 0 3 0 0 1
+41 3 0 0 3
-1 3 0 3
+1 6
3193 3 2 0 1 0 0 1
+1 2
+2 4 1 1
+1 1 0 1
+1 1 0 1
4174 1
+18 16 16 0 2 0 0 1
+1 48 8
+6 16 8
+5 8
+1 24 0 16 2 0 0 1
cfn=(2082)
calls=8 1626 
* 304 112 32
-1 8
+4 24 8
+13 14 7
-4 7
+4 14
+1 14 7
+3 7 0 7 0 0 1
+1 7 0 7
+1 7 0 7
+1 14 0 0 1
+2 2 0 1
+3 8 0 1
+2 3 0 1
+1 1 0 1
2005 1 1 0 1
4239 1
2005 2
4233 48 0 6
+2 18 0 6
+1 6 0 6
2005 6 6
4239 6
2005 13 1 0 1 0 0 1
4239 1
2005 2
4380 284630 0 0 79 0 0 1
-2 569260 284630 0 86 0 0 1
+2 284630
-1 284630 0 284630
+6 284630
-5 284630
-3 284630
+3 284630
+2 284630
-2 1138520 0 284630
2005 284630 284630
4382 284630 0 284630 0 0 254211 0 0 2218
2005 569260
4407 13828 3457 3457 3453 0 838 1
cfn=(678) sysmalloc
calls=3457 2548 
* 556500 131347 76074 45493 24182 11976 33 1 393
* 3457
+1 6914
2005 10371 3457
4211 1 0 0 1 0 0 1
-1 1 0 1
+1 2

fn=(3504) sysmalloc_mmap.constprop.0
2420 9 0 9 1 0 1 1
+13 9
+5 6 0 0 1 0 0 1
+3 27 0 3 0 0 1
cfi=(382)
cfn=(3506)
calls=3 47 
* 27 3 0 1 0 0 1
* 3
+3 6 0 0 1 0 0 1
+4 6
2028 12 3
2466 9
+19 3
-1 3 0 3 0 0 3 0 0 3
+5 3
-4 6 0 3
+4 6 3 3 1 0 0 1
+1 15 3 3
+3 9 3 3
+1 15 3 3 1 0 0 1
+5 15 12

fn=(3694)
2986 56288 56288 0 30
-9 168864 0 168864 0 0 8397
+9 112576 56288 0 3481 0 0 1
+2 56288
+1 112576
+5 56288 56288 0 0 28917
+1 56288
-1 112576
+4 281440 112576 0 0 55914
+2 112576
-10 19693
+50 225152 225152
-33 73190 0 36595 3471 0 4028 1
cfi=(180) ./malloc/./malloc/morecore.c
cfn=(682) __glibc_morecore
calls=36595 25 
* 1024660 365950 146380 43 41551 7438
* 36595
+1 146380 36595
+12 109785 0 36595
cfi=(180)
cfn=(682)
calls=36595 25 
* 1646775 402545 219570 42 0 4848
+1 73190 0 36595
cfi=(180)
cfn=(682)
calls=36595 25 
* 1024660 365950 146380
+2 36595
+2 73190
+4 73190
+4 73190 36595
-1 36595 0 36595
+1 73190 0 36595
+2 73190

fn=(1114)
3352 552352 0 0 3 0 0 1
+4 1104704
-4 352500 0 352500
+14 352500
-14 705000 0 352500 0 0 4534
+12 352500 352500 0 0 91828
+4 352500 352500 0 5 171713 0 1 194
-4 352500 352500 0 0 92966
+4 705000
+17 1057491 704994 0 0 137093
fi=(178) ./malloc/./malloc/arena.c
162 1057491
fe=(177)
3391 704994 0 352497 9 0 21224 1
cfn=(1118)
calls=352497 4421 
* 42183498 12233515 4915425 30502 738336 210434 23 98 26
+3 352497 0 352497
+1 1409988 1057491
-23 9 3
+2 12 3
+2 3
+1 3 0 0 1
-1 3 0 3
+1 3 0 3
+1 3
+3 6 0 3
cfn=(4118) munmap_chunk
calls=3 3044 
* 105 24 6 5 0 0 5
+13 3 0 3
+1 199864 199861 0 47 0 0 1

fn=(2524)
3624 2 0 1 1 0 0 1
+10 1
-10 4 0 3
+10 8 0 0 1 0 0 1
+8 2 1
+3 3 2
+2 3 1
+32 3 0 1 1 0 0 1
cfn=(676)
calls=1 1343 
* 137 23 24 0 1 1 0 0 1
+2 5 1 0 1 0 0 1
fi=(178)
162 3
fe=(177)
3681 2
+3 3 1
+14 2 0 0 1 0 0 1
+11 1 1
+5 1 1
-2 2
-3 1
+12 4
-20 4 0 0 1 0 0 1
+31 1
+2 2
+2 2
-79 1 1 0 1 0 0 1
+1 3 1 0 1 0 0 1
+7 1
+97 1 0 0 1 0 0 1
-25 2
+25 4 4
-25 1
cob=(2)
cfi=(51)
cfn=(1218)
calls=1 0 
* 28 3 8 2 0 2 0 0 2

fn=(3190)
4715 4 0 4 2 0 0 1
+17 4
-17 16 0 12
+28 4 0 0 2 0 0 1
-28 12 0 8
+15 4 0 4
+2 4 0 4 0 0 1 0 0 1
+13 8 4 4
+1 8
-1 72 36 36
+1 72
+62 120 40
+1 32 28
-31 448 224 0 3 65 0 1
+4 238 0 119
+2 119 119
+1 238 0 119
+1 238 119 119
+2 238
-4 105 105
+1 210 0 105
+1 210 105 105
+2 210
+1 62 0 31 0 0 2
+4 31
+2 31 0 31
-2 62 0 31
+3 31 0 31
+9 62
-12 193
+2 193 0 193
-2 386 0 193
+3 193 0 193
+9 595
-56 448 0 0 3 0 0 1
+4 672 224 0 0 35
+1 896
+8 224
-3 448 224 0 2 20 0 1
+3 224
-3 224
+4 224
-4 224
+5 224 224 0 0 26
-5 224
+5 448
+2 448
+1 111 111
+2 111
-1 111
+2 444 111 0 0 4
+2 666 0 555
cfn=(2082)
calls=111 1626 
* 2475 899 222 0 10
* 444 444
+3 448 224 0 2 0 0 1
+4 105 0 0 1 0 0 1
+1 315 0 210
+16 105
-16 105 0 105
cfn=(2082)
calls=105 1626 
* 2346 852 210 0 15
* 315 210

fn=(2082)
1626 67137 0 0 174 0 0 1
+2 335685 134274 0 0 1681
+3 134274 134274 0 0 2544
+1 67137 67137
-1 201411 0 0 70 0 0 1
+3 268548 134274 0 0 2273
+3 67137 0 67137
+1 67137 0 67137
+1 335049 66925 0 0 323
+2 43452 21726
+1 130356 43452 0 5 0 0 1
+3 43452 21726 0 0 2257
+14 21723 0 21723
+1 43446 21723 21723
+3 134274 67137 0 3731
-16 6
+1 6 0 3 3

fn=(674) tcache_init.part.0
3235 3 0 2 1 0 0 1
+9 8 2 1
+1 3 0 1 1 0 0 1
cfn=(676)
calls=1 1343 
* 367 77 58 46 3 3 46 1 2
* 1
+1 2
+8 4 1 1
+7 2
+2 1 1
+1 2
-1 1 0 1
+1 86 0 81 1 0 9 1 0 9
+3 4 3

fn=(678)
2548 31113 0 20742 3453 0 2614 1
+20 13828 10371 3457 0 6910 838
+11 6914 0 0 3453 0 0 1
+1 10368 3457 3454 0 3456 1612 0 1
+26 3454 3454
+1 10362 3454
+1 3454
+9 27628 0 0 3452
+6 10362 0 0 1 0 0 1
+3 10362
2941 6908 3454 0 3453 0 0 1
+1 20 0 20
+5 40 20
+3 40
-3 6868 3434
+3 6868
+5 6908
-2 3454
+2 3454
-1 3454 0 3454
+1 3454
-3 3454
+3 3454
+1 3454
-1 10362 0 3454 3453 0 0 1
+1 3454 0 3454 0 0 3454 0 0 389
+2 6908
2581 9 6 0 1 3
+4 9 3
+9 12 0 3 1 0 2
cfn=(3504)
calls=3 2420 
* 189 30 30 6 0 5 6 0 3
+1 6
2964 38027 31113 0 69 0 0 1
2687 6908 3454 0 64 0 0 1
+9 13816 3454
+13 10362 3454 0 0 3453
+8 17270 0 3454
+8 6908 0 0 260 0 0 1
+39 6908 3454 0 83 1 0 1
+2 10362 3454 3454
+6 13814 0 0 45 0 0 1
+1 3453
2946 3453 3453
2773 10359 0 3453
+2 2 1 0 1 0 0 1
2896 1
-1 1 0 1
+1 3 0 1 0 0 1 0 0 1
+1 1 0 1
+11 2 0 0 1 0 0 1
fi=(178)
565 3454 0 3454 3454 0 0 1
fe=(177)
2727 3454 0 3454 0 0 1001
cfi=(180)
cfn=(682)
calls=3454 25 
* 148536 37997 20726 17331 10359 2449 6
+1 6908 3454
-1 3454 0 0 3453 0 0 1
+1 3454
2028 3454 3454
2729 3454 3454
2028 3454
2729 3454
2028 6908
2730 3454
+3 6908
+33 6908 3454
2610 6908 0 0 3453 0 0 1
2775 2 0 0 1 0 0 1
+40 3 0 0 1 0 0 1
+22 1
+1 1
-1 1
+1 6
+2 2 0 0 1 0 0 1
+1 3 0 2
cfi=(180)
cfn=(682)
calls=1 25 
* 28 10 4
+12 2 1
-12 1
+12 1
2028 4 1
2897 4 2 0 1 0 0 1
2765 2 0 1 1 0 0 1
-52 3 0 1 1 0 0 1

fn=(664)
3287 2115294 0 1057647 1 0 16524 1 0 2
+7 705098 352549 0 0 110180 0 0 1
1343 705096 0 0 7
+19 1410196 0 0 1 0 0 1
3306 1410196 705098 0 0 220367
+3 705096 352548 0 0 110179
+10 985209 328403 0 236 46593 0 1
+28 1642015 1313612
1362 352373 0 0 2 0 0 1
3304 1057119 0 0 92 0 0 1
-63 4 2 1
cfn=(674)
calls=1 -6 
* 484 84 145 49 3 12 49 1 11
+68 2 1
+2 73797 24599 0 7792 7883 0 1
3193 48292 24146 0 0 7897
+1 48292
+2 24146
+1 24146
-1 72438 24146 24146 0 19368
+1 24146 0 24146
+1 24146 0 24146
3347 120730 96584 0 2
-26 1313612 0 328403 1 0 54468 1
cfn=(676)
calls=328403 1343 
* 52041151 8118354 8893912 98220 850629 839610 50 0 2657
+1 1642015 328403
fi=(178)
162 656800 0 0 10 0 0 1
315 1 0 1 1 0 0 1
cfn=(668) ptmalloc_init.part.0
calls=1 -2 
* 1128 71 160 11 19 36 11 5 34
fe=(177)
1343 2

fn=(2490)
3400 40 0 24 2 0 0 1
+6 8 4
+4 8
3515 3
-97 3
+97 18 18
-97 3
cfn=(664)
calls=3 3287 
* 413 80 62 8 2 1 0 0 1
-1 8 0 0 2 0 0 1
+11 1 1
-2 1
+5 1
-3 2
+2 2
+4 3 2
fi=(178)
162 3 0 0 1 0 0 1
fe=(177)
3442 4
+1 2 0 0 1 0 0 1
1343 2
+19 6
3452 2
+31 3 1
+2 5 0 1 2 0 0 2
cfn=(2494) _int_realloc
calls=1 4818 
* 292 64 48 7 2 3 6 0 3
* 1
+1 5 1
fi=(178)
162 3
fe=(177)
3486 2 0 0 1 0 0 1
+29 9 7 0 1 0 0 1

fn=(2494)
4818 7 0 6 1 0 0 1
+11 4 1 0 1 0 0 1
+1 5 1
+6 2
+2 2
+1 3 1 0 0 1
+2 4 0 0 1 0 0 1
+3 2
+89 9 7
-79 2 1 0 1 0 0 1
+12 2 1 0 0 1
+12 3 0 1 1 0 0 1
cfn=(676)
calls=1 1343 
* 137 23 24 0 0 1 0 0 1
* 1
+1 2
+3 1
+1 1 1
+5 2
+8 1 1
-1 1
+4 1
-3 6 0 0 1 0 0 1
+3 1 0 1
cob=(2)
cfi=(51)
cfn=(1138)
calls=1 0 
* 24 7 4 1 0 2 0 0 2
+1 4 0 1
cfn=(1118)
calls=1 4421 
* 64 20 11
+2 1

fn=(4118)
3044 3 0 0 1 0 0 1
+2 3 3
-1 3 3
+1 3
-1 3 3
+1 3
+2 6
+4 3 3 0 1 0 0 1
-1 6 3
+7 3
-8 3
+8 3
-6 3
+7 3
-1 6
+1 12
+3 3 3 3
+1 9 3 3
+5 3 0 0 1 0 0 1
+1 3
-1 3
cfi=(397)
cfn=(4120)
calls=3 117 
* 18 3 0 2 0 0 2

fl=(270)
fn=(1322)
24 5 0 0 4 0 0 1
+5 10
+1 15 5
+24 5 5 0 0 4
+1 10 0 0 4 0 0 1
+4 12 4 0 0 1
+5 10 5

fl=(399)
fn=(4132)
30 12 0 6 1 0 0 1
+3 12
-3 42 0 30
+3 24 0 6 1 0 0 1
+3 18 6 0 0 2
+4 213 6
+1 154 77 0 1 8 0 1
+2 11 11
+36 11 11
-3 11 0 11
+6 11
-37 11 11
+34 22 11 0 1 0 0 1
+3 33 11 11
+1 33 0 11
cob=(7)
cfi=(175)
cfn=(4302)
calls=1 -83 
* 8 2 1 1 0 0 1
cob=(7)
cfi=(175)
cfn=(4294)
calls=1 -83 
* 862 265 135 5 20 2 1
cob=(7)
cfi=(175)
cfn=(4292) 0x00000000000d9870
calls=1 -83 
* 2 1 0 1 0 0 1
cob=(7)
cfi=(175)
cfn=(4290)
calls=1 -83 
* 2 1
cob=(7)
cfi=(175)
cfn=(4288) 0x00000000000dbf10
calls=1 -83 
* 2 1 0 1 0 0 1
cob=(7)
cfi=(175)
cfn=(4286)
calls=1 -83 
* 2 1 0 1 0 0 1
cob=(7)
cfi=(175)
cfn=(4284)
calls=1 -83 
* 2 1
cob=(7)
cfi=(175)
cfn=(4282)
calls=1 -83 
* 2 1
cob=(7)
cfi=(175)
cfn=(4280)
calls=1 -83 
* 2 1 0 1 0 0 1
cob=(8)
cfi=(196)
cfn=(4016)
calls=1 +53 
* 22 9 5 0 2
cob=(8)
cfi=(402)
cfn=(4180)
calls=1 -10 
* 12728 3760 2000 80 477 31 47 6
+1 44 0 11
+4 22 11
-48 34
-4 18 6 0 1 0 0 1
+58 24 6 0 0 1
+4 36 6 0 0 2
-4 18 6 0 1 0 0 1
+11 12
+1 12 0 6
cfi=(400)
cfn=(4134)
calls=6 -30 
* 96 24 18 2 0 1 2 0 1
+1 24 6 6
+1 48 42 0 1 1 0 1

fl=(211)
fn=(968)
25 1 0 0 1 0 0 1
+2 3
+2 1 1 0 0 1 0 0 1
+2 4
+2 3 0 1 1 0 0 1
+4 3 0 1
+6 1
-3 1 0 1 0 0 1 0 0 1
+3 1 1

fl=(98)
fn=(332)
29 3 0 0 1 0 0 1
fi=(93) ./string/../sysdeps/x86_64/multiarch/ifunc-memmove.h
+24 9 6 0 0 1
-1 6
+4 9 3 0 1 0 0 1
+14 6
+2 6
+8 6
+8 6 0 0 1 0 0 1
+2 15 3 0 1 0 0 1
fe=(98)

fl=(234) ./intl/./intl/dcigettext.c
fn=(1170) __dcigettext
485 64 4 44 2 0 0 2
+9 4 0 4
+14 12
+4 16
+9 8 4
+4 4
-4 8 4 4 1 0 0 1
+4 4 0 4
cfi=(235)
cfn=(1172)
calls=4 23 
* 104 32 16 2 2 0 2
+3 8 0 4
cfi=(235)
cfn=(1172)
calls=4 23 
* 104 32 16 0 2
+19 4 4
-13 4
+11 4 0 4
-11 4 4
+10 4 0 4
+7 4
-4 4 0 4
-1 4 0 4
+5 4 0 4 1 0 0 1
cfi=(238) ./locale/./locale/localename.c
cfn=(1178) __current_locale_name
calls=4 24 
* 24 16 0 2 1 0 2
+16 4
-16 4 0 4
+9 4 0 4
+7 4 0 4
cfi=(235)
cfn=(1172)
calls=4 23 
* 104 32 16 0 2
+2 16 0 4
cfi=(239)
cfn=(1180)
calls=4 372 
* 88 24 16 3 0 0 3
+2 4
-2 8 0 4 1 0 0 1
+2 4 0 4
cfi=(240)
cfn=(1182)
calls=4 30 
* 160 28 12 4 0 0 3
+2 8
+28 20 8 0 0 1
fi=(241) ./intl/../include/../locale/localeinfo.h
206 24 8 0 2 1 0 2 1
fe=(234)
1539 4 0 4
cfi=(238)
cfn=(1178)
calls=4 24 
* 24 16
+29 4 4 0 0 1 0 0 1
-29 4
+29 12 4
650 8 0 4
cob=(2)
cfi=(51)
cfn=(936)
calls=4 0 
* 64 12 0 0 1 0 0 1
+1 4
-1 4 0 4
+1 4 0 4 1 0 0 1
cob=(2)
cfi=(51)
cfn=(936)
calls=4 0 
* 64 12 0 0 1 0 0 1
* 56 4 0 1 0 0 1
+4 4
-4 4
+4 4
-4 4 0 4
+4 4 0 4
cob=(2)
cfi=(51)
cfn=(1188)
calls=4 0 
* 112 24 8 6 2 0 5 1
* 20 4 8
cob=(2)
cfi=(51)
cfn=(1192)
calls=4 0 
* 76 16 8 2 0 0 2
+5 4 0 0 1 0 0 1
-5 4 0 4
+5 4 0 4
cob=(2)
cfi=(51)
cfn=(936)
calls=4 0 
* 64 12
* 72 0 8 1 0 0 1
+9 12 4
+2 8
+25 16 8 0 1 0 0 1
857 48 36 0 1 0 0 1
-24 8 4 4 1 0 0 1
cob=(2)
cfi=(51)
cfn=(1122)
calls=4 0 
* 24 8 0 1 0 0 1
+2 8 0 4 1 0 0 1
cfi=(240)
cfn=(1182)
calls=4 30 
* 160 28 12
+2 8 0 4
cfi=(240)
cfn=(1182)
calls=4 30 
* 160 28 12
+15 12 8 4
+4 12 4
509 8
616 12 0 4 1 0 0 1
+35 8 0 4 1 0 0 1
+9 8 0 0 1 0 0 1
+24 12 0 4
-1 12 4
+6 4 4 0 0 1
-4 4 0 4
+4 12 4 0 1 0 0 1

fl=(83)
fn=(298)
31 2 0 0 1 0 0 1
fi=(84)
+2 10 4 0 0 1
-1 4 0 0 1 0 0 1
+2 6 2
+2 4
+4 6
+3 8
fe=(83)
-12 2 2 0 1 0 0 1

fl=(112)
fn=(366)
31 2 0 0 1 0 0 1
fi=(113) ./wcsmbs/../sysdeps/x86_64/multiarch/ifunc-wmemset.h
+2 10 4
+1 6 2
+2 4
+8 6
+3 8 0 0 1 0 0 1
fe=(112)
-16 2 2

fl=(117)
fn=(382)
31 1 0 0 1 0 0 1
fi=(421)
+1 5 2
fe=(117)
-1 1 1

fl=(191)
fn=(862)
367 35 0 0 5 0 0 1
51 105 35
+1 70 0 0 5 0 0 1
367 35
57 70
+8 35 0 35
-3 35 0 35
-23 35 35
+1 70
+30 35
369 70 35
40 105 35 0 3
+1 70 0 35
+33 56 0 0 3 0 0 1
+6 112 28 0 3 0 0 1
+4 84 56
+3 84 0 28 3 0 0 1

fl=(356)
fn=(2516)
29 7 0 4 1 0 0 1
+5 5
+29 1 0 0 1 0 0 1
-18 1 0 1
cfi=(357)
cfn=(2518)
calls=1 -20 
* 1093 348 188 14 12 3 11 0 3
* 1
+1 2
+3 1 1
+2 1 1
-2 2 1
+2 2 0 1
cob=(2)
cfi=(51)
cfn=(2486)
calls=1 -51 
* 214 43 34 2
* 1
+1 2
+3 2 1 1
+1 1 0 1
+3 3 0 1 1 0 0 1
cob=(2)
cfi=(51)
cfn=(1138)
calls=1 -59 
* 14 4 2
+4 7 5

fl=(180)
fn=(682)
25 113240 0 0 66 0 0 1
+1 226480 113240
-1 113240 0 0 3454 0 0 1
+4 113240 0 113240 0 0 4260
cfi=(181)
cfn=(684)
calls=113240 +8 
* 2825499 945972 419820 13896 51910 10475 4
+1 226480
+4 226480 113240

fl=(260)
fn=(2510)
97 132 0 0 1
+1 396 264
cfi=(261)
cfn=(1264)
calls=132 225 
* 33358 3982 1452 12 5 0 2 3

fn=(2320)
105 4 0 0 1 0 0 1
+1 16 8
cfi=(261)
cfn=(2322)
calls=4 225 
* 579 77 44 10 3 0 10

fn=(1262)
105 2 0 0 1 0 0 1
+1 8 4
cfi=(261)
cfn=(1264)
calls=2 225 
* 237 39 22 11 7 0 11 4

fl=(92)
fn=(318)
29 3 0 0 2 0 0 1
fi=(93)
+24 9 6 0 0 1
-1 6
+4 9 3 0 0 1
+14 6
+2 6 0 0 2 0 0 1
+8 6
+8 6
+2 15 3 0 2 0 0 1
fe=(92)

fl=(305)
fn=(2026)
78 27 3 12 3 0 0 1
+6 12 6 0 3 1 0 1
fi=(309)
940 9
+2 6
+1 6
fe=(305)
84 9 3 3 0 2
cfi=(298)
cfn=(2028)
calls=3 1146 
* 54 6 0 8 0 0 1
* 6
+2 12 3 0 3 0 0 1
+11 12 3
+4 6 0 3
cob=(2)
cfi=(51)
cfn=(1100)
calls=3 0 
* 568 101 86 5 4 3 0 0 3
* 3
+1 6
+2 12 0 3
cfi=(244)
cfn=(1206)
calls=3 329 
* 72 15 12 4
+1 3 0 0 3 0 0 1
+1 24 18

fl=(215)
fn=(1022)
181 125115 0 0 7701 0 0 1
+1 375345
+5 125115
+1 125115
+1 53814
+1 53814
+3 7685 0 7685
+1 7685 0 7685
+1 15370 7685
+9 6 0 6 0 0 1 0 0 1
+1 6 0 6
+2 12 6
+52 46129 46129 0 3769 0 0 1
+1 46129
+23 11 0 11 0 0 6 0 0 4
+1 11 0 11 0 0 3 0 0 1
+5 11
+3 11
+1 11
+3 5 0 5 0 0 3 0 0 3
+1 5 0 5 0 0 1 0 0 1
+13 5
+1 5
+2 5
+3 2
+3 2
+3 2 0 2 2 0 1 0 0 1
+1 2 0 2
+1 2 0 2 0 0 2 0 0 2
+1 2 0 2
+1 2
+1 2
+1 2
-6 8 0 8 0 0 8 0 0 8
+1 8 0 8
+1 8 0 8 0 0 8 0 0 8
+1 8 0 8
+1 8
+1 8
+1 10
+3 2 0 2 0 0 2 0 0 2
+1 2 0 2
+1 2 0 2 0 0 2 0 0 2
+1 2 0 2
+3 4 2
-6 3 0 3 3 0 0 1
+1 3 0 3
+1 3 0 3 0 0 1 0 0 1
+1 3 0 3
+3 6 3
+11 46118 0 0 4
+1 46118
+1 46118
+1 368492894 0 368446776 0 0 5764339 0 0 786
+1 46118
+1 92236 46118
+12 71301 0 0 110 0 0 1
+1 71301
+2 71300
+1 71300
+1 71300
+1 2104
+1 2104
+1 2042
+1 2042
+1 5
+1 5 0 5
+1 10 5 0 2
+17 1 0 1 1
+1 1 0 1
+1 2 1
+6 69196 0 69196 50 0 46110 0 0 6
+1 69196 0 69196
+1 138392 69196
+5 62 0 62 1 0 0 1
+1 62 0 62
+1 124 62
+5 2037 0 2037 1
+1 2037 0 2037
+1 4074 2037

fl=(104)
fn=(348)
66 1 0 0 1 0 0 1
-25 4 2 0 1 0 0 1
+1 3 1
+2 2
+5 3
+3 3
+14 1 1 0 1 0 0 1

fl=(203)
fn=(916)
53 10 1 5 1 0 0 1
+12 2
+3 5 1
+21 4 0 3 1 0 1 1
+3 3 1
+2 2
+11 4
+31 4
+4 1 0 1
+9 1
+2 1
+1 9 7
-47 2 0 0 1 0 0 1

fl=(248)
fn=(1220)
26 14 0 6 1 0 0 1
+1 2 0 2
cfi=(249)
cfn=(1222)
calls=2 +9 
* 16 4 0 2 1 0 1
+1 4
+7 6 4
-1 4 0 0 2 0 0 1
+1 2 2
-1 2
cfi=(233)
cfn=(1168)
calls=2 +12 
* 1028 224 150

fl=(114)
fn=(370)
29 1 0 0 1 0 0 1
fi=(84)
+4 5 2 0 1 0 0 1
-1 2
+2 3 1
+2 2
+4 3
+3 4 0 0 1 0 0 1
fe=(114)
-14 1 1

fl=(126)
fn=(406)
33 1 0 0 1 0 0 1
fi=(93)
+20 3 2
-1 2
+4 3 1
+14 2
+2 2 0 0 1 0 0 1
+8 2
+8 2
+2 5 1 0 1 0 0 1
fe=(126)

fl=(253)
fn=(1244)
32 20 2 10 2 0 0 1
+1 6
fi=(254) ./posix/../sysdeps/unix/sysv/linux/x86/../sysconf.c
+16 16 0 0 2 0 0 1
fi=(255) ./posix/../sysdeps/posix/sysconf.c
+7 18 1 0 2 1 0 2 1
fi=(254)
-7 4 0 0 1 0 0 1
fe=(253)
-12 18 14 0 1 0 0 1
fi=(255)
+19 7 1 0 2 1 0 2 1
217 1 0 1 1 0 0 1
cfi=(266)
cfn=(1300)
calls=1 27 
* 6 3 0 1 0 0 1
* 2
629 1 0 1 1 0 0 1
cfi=(256)
cfn=(1250)
calls=1 241 
* 400 68 38 28 7 0 28 4
* 2 0 0 1 0 0 1
fe=(253)

fl=(355)
fn=(2514)
30 2 0 0 1 0 0 1
+3 6 1
+2 2
+4 1 0 0 1 0 0 1
-9 1
+9 5 0 1
cob=(2)
cfi=(51)
cfn=(1218)
calls=1 -39 
* 14 2 2 4 1
+2 1
+1 2 1

fl=(331)
fn=(2260)
31 253 0 0 52 0 0 1
+4 546
+2 263 263
+1 263 263
+1 526 0 0 47 0 0 1
+8 1215 243
-5 10
+6 10 10

fl=(226)
fn=(1098)
36 11 0 0 3 0 0 1
+2 11 11
+1 11 11
+1 11 11
+2 22 11
+1 22 11
+1 22 11 0 2 0 0 1
+13 11 11
+1 11
+31 11 0 0 2 0 0 1
+11 11 11
+1 11 11
+1 11 11
+1 11 11
+1 11 11
+2 11
+1 11
+1 11
+1 11
+2 11

fl=(296)
fn=(1990)
102 10 0 6 1 0 0 1
+7 1 1
-7 3 1 1 1 0 0 1
+9 1 0 1
+5 1 0 1
+2 2
+3 4 1
+9 4 2 0 0 2
484 11 9 0 1 0 0 1
154 2 0 0 1 0 0 1
+8 3 0 1 1 0 0 1
cfi=(297)
cfn=(1992)
calls=1 -77 
* 628 134 137 38 10 6 32 4 6
* 1
+1 2
+4 2 0 1
cfi=(301)
cfn=(2012)
calls=1 32 
* 7 3 0 1 0 0 1
* 3 0 1
cfi=(302)
cfn=(2014)
calls=1 29 
* 15 1 0 3 0 0 3
* 3 0 1
-27 2 0 0 1 0 0 1
+30 1 1 0 1 1 0 1
+9 2 0 0 1 0 0 1
-9 1 0 1
cob=(2)
cfi=(51)
cfn=(1122)
calls=1 0 
* 6 2
+4 1 1
-3 1 0 1
+3 1 0 1 0 0 1 0 0 1
+1 2 1 1
+1 1 1
+3 1 0 1
-3 1 0 1 1 0 0 1
+6 5 0 1
cfi=(304)
cfn=(2018)
calls=1 34 
* 558 128 84 39 5 1 33 1 1
* 5 0 1
cfi=(304)
cfn=(2018)
calls=1 34 
* 249 67 39
* 4
+2 4 2
fi=(306) ./time/../bits/byteswap.h
52 12 8 0 1 0 0 1
fe=(296)
191 2
+1 2
fi=(306)
52 2 2
fe=(296)
194 4
fi=(306)
52 4 2
fe=(296)
194 2
-7 2
fi=(306)
52 4
fe=(296)
188 2
+2 2
-3 2 0 2 0 0 1 0 0 1
fi=(306)
52 2 0 0 1 0 0 1
fe=(296)
188 2 0 2
+1 2
+1 2 0 2
+4 4
+3 4
+23 5 1 3
cfi=(311)
cfn=(2054)
calls=1 38 
* 96 27 13 7 0 0 7
+1 3 1 0 1 0 0 1
+1 1 1
+1 1 1
-1 1
+1 2
+1 1 1
-3 2
+8 1
-3 1 0 0 1 0 0 1
+3 3 1
+1 2
-1 2
+3 1
+1 2
+3 5 0 0 1 0 0 1
+2 1
+1 3 0 1
+32 3 0 1
-2 6 1 1
+6 2 0 1 1 0 0 1
cob=(2)
cfi=(51)
cfn=(1100)
calls=1 0 
* 191 34 28 0 1 1 0 0 1
* 2 0 1
+1 2
fi=(313) ./time/../include/alloc_buffer.h
126 2
+1 6 2
fe=(296)
283 5 0 1 1 0 0 1
-5 1 0 1
+5 1 0 1
cfi=(314)
cfn=(2060)
calls=1 25 
* 26 3 1 2 0 0 2
+1 5 1 1
cfi=(314)
cfn=(2060)
calls=1 25 
* 26 3 1
+1 4 1 0 1 0 0 1
-1 1 0 1
+1 1 0 1
cfi=(314)
cfn=(2060)
calls=1 25 
* 26 3 1
+1 4 1
-1 1 0 1
+1 1 0 1
cfi=(314)
cfn=(2060)
calls=1 25 
* 26 3 1
+1 4 1 0 1 0 0 1
-1 1 0 1
+1 1 0 1
cfi=(314)
cfn=(2060)
calls=1 25 
* 26 3 1
+1 1 1
-1 1 0 1
+1 3 1
+1 1 0 1
+3 2
+2 3 1 1 1 0 0 1
+3 6 3 1
cfi=(304)
cfn=(2018)
calls=1 34 
* 217 60 51 3 18 18 3 17 18
* 3 1
+3 4 1 1 1 0 0 1
cfi=(304)
cfn=(2018)
calls=1 34 
* 110 30 22 0 2 3 0 2 3
* 3 1
+6 1
+22 1 1
-22 434 2
+1 429 143 0 1 0 0 1
474 1 0 1 1 0 0 1
+1 2 1 1
cob=(2)
cfi=(51)
cfn=(1122)
calls=1 0 
* 6 2
+1 1
197 2 1 0 1 0 0 1
+6 2 0 0 1 0 0 1
+1 1
+5 1
-6 5
+6 2 0 1
cfi=(307)
cfn=(2040)
calls=1 32 
* 151 42 23 21 0 0 21
* 2
+80 5 0 1 1 0 0 1
cfi=(314)
cfn=(2060)
calls=1 25 
* 26 3 1
* 2 1
+21 2 1
+14 3 1 0 1 0 0 1
fi=(306)
73 1 1
fe=(296)
324 1
fi=(306)
73 1
fe=(296)
325 1 0 1
-1 2
fi=(306)
73 142 142
fe=(296)
324 142
fi=(306)
73 142
fe=(296)
325 142 0 142
-1 292 1 2
+8 5 0 1 1 0 0 1
cfi=(304)
cfn=(2018)
calls=1 34 
* 95 23 16
* 40 0 8
cfi=(304)
cfn=(2018)
calls=8 34 
* 760 184 128
* 18
fi=(315) ./time/../include/stdio.h
-48 54 27 9
fe=(296)
+53 18
+2 27 9 9 1 0 1 1 0 1
fi=(315)
-55 54 27 9 0 1 0 0 1
fe=(296)
+57 27
+3 9 9
-16 18 9 0 1 0 0 1
+16 9 0 9
fi=(306)
52 18 9
fe=(296)
345 9 0 9
-17 12 2
+20 7 2 2 1 0 0 1
cfi=(304)
cfn=(2018)
calls=1 34 
* 91 23 16
* 3 1
+3 2 1
+16 6 1 0 1 0 0 1
fi=(315)
-83 27 9 9
fe=(296)
+88 27 9 9
-5 27
fi=(315)
-83 27 18 0 1 0 0 1
fe=(296)
+67 1 0 0 1 0 0 1
+23 4 1
+3 3
fi=(315)
-93 27 9 9
fe=(296)
+98 18 0 9
-5 29 0 0 1 0 0 1
fi=(315)
-93 27 18
fe=(296)
384 4 1 0 1 0 0 1
+4 2 1
+2 2
fi=(315)
284 6 3 1
fe=(296)
392 2
+12 1 0 0 1 0 0 1
+3 1
-3 1 0 1
cfi=(316)
cfn=(2064)
calls=1 34 
* 505 139 90 33 2 0 32
+3 1
+1 36 27 9
cfi=(294)
cfn=(2080)
calls=9 120 
* 1701 346 201 32 1 0 26
* 18
-1 29 10
+7 2 1 0 1 0 0 1
+2 1 1
+11 1
-13 1 0 1
+2 4
+2 4 2
+1 8 6
+2 4 2 0 1 0 0 1
+4 6 4 2
cfi=(294)
cfn=(2080)
calls=2 120 
* 239 50 16
* 2 0 2
+2 10 2
+4 2 1
+7 2 1
+3 1 1
+2 1 1 0 1 0 0 1
-2 2
+29 4 2 0 0 1
+1 1
-1 1 0 1
+1 3 1 1
-78 6 1 1 1 0 0 1
cfi=(304)
cfn=(2018)
calls=1 34 
* 91 23 16 0 1 0 0 1
* 2
+4 2 1 1
+4 4 1 0 1 0 0 1
+55 2 2 0 1 0 0 1
-10 1
+10 1
-9 1 0 1
+9 1
-9 1 0 1
+1 2
+3 4 2
+3 2 1
-1 1
+1 1 0 1
+7 4
+3 3
-13 4 0 0 1 0 0 1
+5 7 2 0 1 0 0 1
+11 10 3 2 1 0 0 1
-8 2 1 0 1 0 0 1
-1 1
+1 2 0 1

fn=(2084)
582 24 0 16 4 0 0 2
+3 4
762 2 2 0 2 0 0 1
-4 2 2 0 0 1
-4 10 2 2
+1 4 0 2
+3 2
+2 4 0 0 2 0 0 1
+19 16 14

fl=(369)
fn=(3224)
81 1 0 0 1 0 0 1
+1 4 2 0 0 1
cfi=(370)
cfn=(3226)
calls=1 508 
* 394 70 44 46 9 0 43 2

fl=(160)
fn=(526)
29 1 0 0 1 0 0 1
+2 7 5 1 0 4
+2 4 2 1 0 1
+2 4 2 1 1 0 0 1
+1 1 1

fl=(303) ./io/../sysdeps/unix/sysv/linux/fstatat64.c
fn=(2016) fstatat
153 8 0 0 3 0 0 1
-55 8
+70 12 0 0 3 0 0 1
+1 4 4

fl=(115)
fn=(374)
31 1 0 0 1 0 0 1
fi=(84)
+2 5 2
-1 2
+2 3 1 0 1 0 0 1
+2 2
+4 3
+3 4
fe=(115)
-12 1 1

fl=(302)
fn=(2014)
29 8 0 0 3 0 0 1
+1 8
+5 12
cfi=(303)
cfn=(2016)
calls=4 153 
* 32 4 0 6 0 0 2

fl=(86)
fn=(304)
65 3 0 0 2 0 0 1
-24 6 6 0 0 4
+1 3 3
-1 6
+1 6 0 0 2 0 0 1
+2 6
+5 9
+3 9 0 0 2 0 0 1
+13 3 3

fl=(108)
fn=(356)
29 1 0 0 1 0 0 1
fi=(101)
+7 2 2
+1 1 1
-1 2
+1 2
+2 2 0 0 1 0 0 1
+4 3
+3 3
fe=(108)
-17 1 1

fl=(291)
fn=(1896)
29 4 0 2 1 0 0 1
+15 1
-15 5 1 3
+15 1 0 1 1 0 0 1
cfi=(292)
cfn=(1898)
calls=1 -16 
* 34 7 10 4 1 0 1
* 1
+2 2
+5 2 1 1
+1 2 1 1
+3 2 0 1
+3 6 5 1 1 2 0 1
cob=(9)
cfi=(213)
cfn=(1900)
calls=1 -58 
* 13948087615 3448274562 2239867532 2894871 305424096 144639277 196216 60016 177429
* 1 0 0 1
+16 1 0 1
cfi=(389)
cfn=(3954)
calls=1 +68 
* 37453 10937 5653 391 974 69 255 19 2

fl=(308)
fn=(2042)
33 2 0 0 1 0 0 1
+1 4
-1 12 0 6 1 0 0 1
+10 7 1
+16 2 2 0 1 0 0 1
fi=(312)
940 6
+2 4
+1 4
fe=(308)
59 2 2
+1 2
-1 4
+1 6 6
-1 2
cfi=(298)
cfn=(2044)
calls=2 900 
* 133 45 22 16 0 0 16
-16 2 1 0 1 0 0 1

fl=(364)
fn=(2654)
32 73 0 0 13 0 0 1
+1 146
-1 219 0 219 7 0 0 1
+7 1022 365 219 6 8 0 1
+1 73 73 0 0 4
fi=(309)
940 219
+2 146
+1 146
fe=(364)
40 146 73 73 0 7
cfi=(298)
cfn=(2656)
calls=73 792 
* 8685 2275 1290 155 1 0 14 1
* 146
fi=(309)
883 146 73
+1 657 219 219 17 0 0 1
fe=(364)
44 365 292

fl=(208)
fn=(942)
83 2 0 0 1 0 0 1
+3 2
+1 2
+1 2
+16 2
+2 2
+1 2
+2 2
+1 2
+1 2
+1 2
+1 2
+2 2 2
+1 2 2
+1 2
+1 2 0 0 1 0 0 1
+1 2
+1 2
+1 2
+1 2
+4 2
+1 2
+13 2 2
+1 2 2
+1 2
+3 4 2

fn=(2290)
83 76 0 0 7 0 0 1
+23 76
+1 76
+2 76
+1 76
+1 76
+1 76
+1 76
+2 54 54 0 0 2 0 0 2
+1 54 54 0 0 4 0 0 1
+1 54
+1 54
+1 54
+1 54
+1 54
+1 54
+18 54 54
+1 54 54 0 5 0 0 1
+1 54
+3 108 54
718 22
+1 22
+4 22
+11 22 22
+1 22 22
+1 22
+2 44 22
+10 22 0 0 4 0 0 1
+1 22
+2 14 14 0 0 1 0 0 1
+1 14 14 0 3 0 0 1
+1 14
+1 14
+1 14
+1 14
+1 14
+15 8 0 0 1
+1 8
+1 8 8
+1 8 8
+1 8
+1 8
+1 8
+1 8
+1 8

fl=(348)
fn=(2480)
32 2 0 1 1 0 0 1
+9 1
-9 1
+9 4 0 4
+5 1 0 1
cfi=(266)
cfn=(1300)
calls=1 -19 
* 6 3 0 1
* 2 0 1
+3 3 2

fl=(178)
fn=(668)
313 1 0 1 1 0 0 1
fi=(177)
3162 3 0 0 1 0 0 1
fe=(178)
313 5 1 2
+5 1 0 1
fi=(177)
3162 2 0 1
cfi=(179)
cfn=(670)
calls=1 28 
* 9 2 0 2 0 0 2
* 2
fe=(178)
343 2 1 0 2 1 0 2
+4 3 1 1 0 1 1
fi=(177)
1966 4
+3 1
-3 1
+3 2 0 1 0 0 1 0 0 1
-3 2 0 0 1 0 0 1
+3 126
-3 126
+3 252 0 126 0 0 32 0 0 31
-3 252
fe=(178)
352 3
fi=(177)
1977 1 0 1 0 0 1 0 0 1
+1 1 0 1 0 0 1 0 0 1
+2 1 0 1
fe=(178)
352 1 0 1
cob=(2)
cfi=(51)
cfn=(534)
calls=1 0 
* 23 5 1 0 1
+1 4 0 1 1 0 0 1
cob=(2)
cfi=(51)
cfn=(534)
calls=1 0 
* 22 5 1 0 1
+1 4 0 1
cob=(2)
cfi=(51)
cfn=(534)
calls=1 0 
* 23 5 1 0 1
+1 4 0 1
cob=(2)
cfi=(51)
cfn=(534)
calls=1 0 
* 23 5 1 0 1
+1 4 0 1 1 0 0 1
cob=(2)
cfi=(51)
cfn=(534)
calls=1 0 
* 22 5 1 0 2 0 0 1
+1 4 0 1
cob=(2)
cfi=(51)
cfn=(534)
calls=1 0 
* 23 5 1 0 1
+1 4 0 1
cob=(2)
cfi=(51)
cfn=(534)
calls=1 0 
* 23 5 1 0 1
+2 4 0 1 1 0 0 1
cob=(2)
cfi=(51)
cfn=(534)
calls=1 0 
* 23 5 1 0 2 0 0 1
+1 4 0 1
cob=(2)
cfi=(51)
cfn=(534)
calls=1 0 
* 23 5 1 0 2 0 0 1
+1 4 0 1
cob=(2)
cfi=(51)
cfn=(534)
calls=1 0 
* 23 5 1 0 1
+3 4 0 1
cob=(2)
cfi=(51)
cfn=(534)
calls=1 0 
* 23 5 1 0 1
+1 4 0 1 1 0 0 1
cob=(2)
cfi=(51)
cfn=(534)
calls=1 0 
* 23 5 1 0 2 0 0 1
+1 2 1 0 0 1 0 0 1
+63 7 5

fl=(187)
fn=(850)
25 1 0 0 1 0 0 1
fi=(420)
1388 1 1
fe=(187)
27 2 1 0 1 1 0 1
+3 3
cfi=(188)
cfn=(852)
calls=1 +96 
* 11095 2369 173 28 169 0 27 37

fl=(263)
fn=(1268)
25 5 0 0 5 0 0 1
+1 20
+1 5 5

fl=(274)
fn=(1468)
30 83648 0 0 46 0 0 1
+1 250944 167296 0 0 44
+2 167296
+3 167296
+1 83648 0 83648
+28 250944 167296 83648 0 153
+1 250944 167296 83648 46 0 0 1
+2 250944 167296 83648 0 45
+4 250944
+1 83648 83648

fl=(326)
fn=(2190)
27 41827 0 0 55 0 0 1
+1 376443 41827 0 152 46 0 1
+7 41827 41827

fl=(204)
fn=(920)
23 1 0 0 1 0 0 1
+2 2 1

fl=(81)
fn=(294)
86 1 0 0 1 0 0 1
fi=(82) ./string/../sysdeps/x86/cacheinfo.h
-25 1 1
+3 3 1 0 0 1
+2 1
+1 1 0 1 1 0 1 1 0 1
-1 2 0 1
+7 3 1
+2 1
+1 1 0 1
-1 2 0 1
+5 2 1 1 1 0 1 1 0 1
+2 2 1 1 0 0 1 0 0 1
+1 2 1 1 0 1
+1 2 1 1
+2 2 1
fe=(81)
* 2 1

fl=(322)
fn=(2182)
28 41837 0 0 46 0 0 1
+1 41837
+1 41837
+2 41837
+1 41837
+1 41837
+12 41837 0 0 46 0 0 1
+1 41837
+1 41828 41828
+1 41828
+1 41828
+1 41828
+1 41828
+6 41828
+1 41828 0 41828
+1 41828 41828
+3 9
+1 9 9
+1 9 9
+1 9
+1 9
+1 9 0 0 2 0 0 1
+1 9
+5 9
+1 9 0 9
+1 9
+1 9 0 9
+1 9 9

fl=(349)
fn=(2482)
27 132 0 0 1 0 0 1
+1 132 0 0 1 0 0 1
cfi=(350)
cfn=(2484)
calls=66 +13 
* 12341 2984 1575 72 41 6 34 15 5

fl=(233)
fn=(1168)
46 8 0 0 1 0 0 1
+1 16 0 0 1 0 0 1
cfi=(234)
cfn=(1170)
calls=4 485 
* 2032 448 300 39 15 0 37 5

fl=(109)
fn=(360)
31 1 0 0 1 0 0 1
fi=(421)
+1 5 2
fe=(109)
-1 1 1 0 1 0 0 1

fl=(176)
fn=(638)
69 288 0 128 5 0 0 1
-28 64
+2 192 0 32 0 0 6
+1 64 0 32 5 0 0 1
cfn=(640) __new_exitfn
calls=32 +38 
* 1148 224 161 15 16 4 4
+2 64
+10 32 32
+2 32 0 32
-5 96 32
+3 32 0 32 0 0 16 0 0 13
-1 32 0 32
+4 64 32 32
+1 32
-1 64 0 0 5 0 0 1
+12 192 128

fn=(640)
82 32 0 0 5 0 0 1
+6 64 32
-6 128 0 64 0 0 1
+11 128 32 0 0 5
-10 64
+12 64 32 0 5 6 0 1
+1 155 31 0 0 5
-1 64
-2 1 1
+10 1 0 1
-10 3
+13 62 0 0 3
+25 31
+1 62 0 31
-1 62
+7 31 0 31 0 0 3
+5 31
-4 31 0 31
+4 124 93
-5 1 0 1 1 0 0 1
+5 1
-4 1 0 1
+4 4 3
-18 1 0 1 1 0 0 1
-1 1
+1 1

fl=(238)
fn=(1178)
24 8 0 0 1 0 0 1
+1 32 24 0 1 1 0 1
+1 8 8

fl=(243)
fn=(1198)
34 22 0 12 1 0 0 1
+11 2
-11 14 6 4 1 0 0 1
+11 2 0 2
cob=(2)
cfi=(51)
cfn=(1100)
calls=2 -45 
* 90 24 12
+1 4
+5 14 0 0 2 0 0 1
-2 2 0 2
+2 2 0 2
cfi=(244)
cfn=(1200)
calls=2 563 
* 92 16 36 7 1 0 5 1
+2 6
-1 2
+1 2
-1 2 0 2
+1 2 0 2
cfi=(245)
cfn=(1204)
calls=2 -17 
* 144 24 30 7 0 0 6
+2 2 2
+2 8 0 0 1 0 0 1
-3 2 0 2
+1 2 0 2
+2 2 0 2
cfi=(246)
cfn=(1208)
calls=2 1180 
* 4285 827 590 67 12 18 50 7 6
* 2
+1 4
+7 2 2
+1 2 2
-1 2 2
+1 2 2
-1 2
+2 2
-7 2 2 0 1 0 0 1
+7 4
+16 2 0 2
+2 24 18
-14 4 0 2 1 0 0 1
cob=(2)
cfi=(51)
cfn=(1100)
calls=2 -71 
* 370 70 56 6 1 3 0 0 2
* 4 0 2
+1 4
+2 6 0 2
cob=(2)
cfi=(51)
cfn=(1138)
calls=2 -74 
* 64 22 16 2 0 2 1 0 2

ob=(7)
fl=(175)
fn=(1784)
0 16 0 4
cob=(2)
cfi=(51)
cfn=(1792)
calls=4 0 
0 1035 319 142 4 10 0 4 3
0 12 0 8 1 0 0 1
cob=(2)
cfi=(51)
cfn=(1798)
calls=4 0 
0 1315 330 134 3 7 0 3 2
0 16 0 4
cob=(2)
cfi=(51)
cfn=(1804)
calls=4 0 
0 1419 367 142 3 8 0 3 3
0 12 0 8
cob=(2)
cfi=(51)
cfn=(1810)
calls=4 0 
0 1331 332 134 2 8 0 2 2
0 16 0 4
cob=(2)
cfi=(51)
cfn=(1816)
calls=4 0 
0 1427 368 142 3 5 0 3 1
0 20 12 4

fn=(1914)
0 45275 2495 7416 396 0 2 4
cob=(2)
cfi=(51)
cfn=(1918)
calls=750 0 
0 77270 24022 21908 384 189 9894 2 3
0 14583 8888 2423 174 0 15 2
cob=(2)
cfi=(51)
cfn=(1922)
calls=201 0 
0 531669 476433 472540 807 1859 7445 12 1 294
0 1958 27 27 51 2 0 1 1

fn=(2118)
0 148789 15662 46986 7635 15548 7684 2
cob=(2)
cfi=(51)
cfn=(1702)
calls=7831 0 
0 681297 101803 234930 20188 46647 26954
0 101803 0 62648 15468 0 7732 2
cob=(2)
cfi=(51)
cfn=(1708)
calls=7831 0 
0 1746313 595156 344564 156187 155485 9119
0 54817 0 23493 0 0 1924
cob=(2)
cfi=(51)
cfn=(1708)
calls=7831 0 
0 1746313 595156 344564
0 101803 7831 54817 7611 0 5770 1
cob=(2)
cfi=(51)
cfn=(1330)
calls=7831 0 
0 211437 86141 46986
0 86141 7831 46986 7742 7774 0 1
cob=(2)
cfi=(51)
cfn=(1708)
calls=7831 0 
0 1746313 595156 344564
0 46986 39155

fn=(2646)
0 2445 652 652 92 7 0 2
cob=(2)
cfi=(51)
cfn=(2124)
calls=163 0 
0 4218 1522 839 4 2
0 1141 978 163 52 54 0 1
cfn=(3680)
calls=41 0 
0 123 41 0 41 0 0 1
cfn=(3256) std::basic_filebuf<char, std::char_traits<char> >::sync()
calls=56 0 
0 11910 3580 1817 162 74 2 10 9
cfn=(2648)
calls=66 0 
0 12891 3649 2073 213 37 0 21 4
0 2609 1467 1 1 0 0 1
cob=(2)
cfi=(51)
cfn=(4080)
calls=1 0 
0 2605 866 422 12 71 2 9 4
0 7 3 1
cfn=(2648)
calls=1 0 
0 71 24 13
0 2

fn=(2647)
0 15 4 4
cob=(2)
cfi=(51)
cfn=(2125)
calls=1 0 
0 25 9 5
0 7 6 1
cfn=(2648)
calls=1 0 
0 71 24 13
0 16 9

fn=(2748)
0 10 2 4 0 2
cob=(2)
cfi=(51)
cfn=(1404)
calls=2 0 
0 16 6 0 0 2
0 24 12 2 2 4 0 1
cob=(2)
cfi=(51)
cfn=(2750)
calls=2 0 
0 924 313 174 3 19 0 2
0 10 4

fn=(2774)
0 14 0 8 2 0 0 1
cfn=(2776)
calls=2 0 
0 18 4 0 3 2 0 2 1
0 12 0 2
cob=(2)
cfi=(51)
cfn=(2764)
calls=2 0 
0 12 6
0 10 0 2
cob=(2)
cfi=(51)
cfn=(2782)
calls=2 0 
0 1797 536 382 77 49 14 7 5
0 18 8 4 2 0 0 1

fn=(2898)
0 5 1 2 1 1 0 1
cob=(2)
cfi=(51)
cfn=(1404)
calls=1 0 
0 8 3
0 11 6 1 1 1 0 1
cob=(2)
cfi=(51)
cfn=(2750)
calls=1 0 
0 94 31 20 0 3
0 4 2

fn=(3312)
0 165 45 0 4 0 0 1
cob=(2)
cfi=(51)
cfn=(3314)
calls=15 0 
0 9651 2437 1364 117 61 8 29 1

fn=(3476)
0 48 6 12 5 0 0 1
cob=(2)
cfi=(51)
cfn=(3300)
calls=6 0 
0 78 24 0 14 15
0 42 30 0 6 0 0 1

fn=(630)
0 10 4 2 1 1 0 1

fn=(658)
0 9 0 5 1 0 1 1
cob=(2)
cfi=(51)
cfn=(660)
calls=1 0 
0 2715 506 487 76 29 49 76 8 46
0 8 1 4 1 0 0 1

fn=(720)
0 5 0 0 1 0 0 1
cob=(2)
cfi=(51)
cfn=(634)
calls=1 0 
0 77 15 15

fn=(1006)
0 76624 0 19156 15467 0 4 2
cob=(2)
cfi=(51)
cfn=(660)
calls=9578 0 
0 650930 149432 88909 17273 63522 1142 18 0 366
0 38312 19156

fn=(1336)
0 11 1 3 1 0 0 1
cob=(2)
cfi=(51)
cfn=(1346)
calls=1 0 
0 79341 21798 9921 337 456 100 323 76 95
0 9 2 2
cob=(2)
cfi=(51)
cfn=(1694)
calls=1 0 
0 829 264 135 1 10 0 1 2
0 313616 156807 0 49 23334 0 2 1

fn=(1508)
0 13 1 5 2 0 1 2 0 1
cob=(2)
cfi=(51)
cfn=(1364)
calls=1 0 
0 19 6 1
0 5 3 1

fn=(1552)
0 414 137 75 5 0 0 5

fn=(1672)
0 13 1 5 2 0 0 2
cob=(2)
cfi=(51)
cfn=(1364)
calls=1 0 
0 19 6 1
0 2 0 2
cob=(2)
cfi=(51)
cfn=(1352)
calls=1 0 
0 5 2
0 5 3 1

fn=(1698)
0 3 1 1 1 0 0 1

fn=(1712)
0 164570 0 70530 7765 0 0 1
cob=(2)
cfi=(51)
cfn=(1714)
calls=23510 0 
0 2047746 753094 423582 49317 31134 9120 11 2
0 70530 0 23510
cob=(2)
cfi=(51)
cfn=(1732)
calls=23510 0 
0 2617891 942556 400608 87926 116698 0 18 11
0 305630 70530 117550 7711 0 0 1

fn=(1772)
0 117755 23551 47102 294 7777 0 1
cob=(2)
cfi=(51)
cfn=(1404)
calls=23551 0 
0 188408 70653
0 141306 117755

fn=(1808)
0 20 4 8 1 0 0 1
cob=(2)
cfi=(51)
cfn=(1404)
calls=4 0 
0 32 12
0 24 20

fn=(1820)
0 20 4 8 1 0 0 1
cob=(2)
cfi=(51)
cfn=(1404)
calls=4 0 
0 32 12
0 24 20

fn=(2248)
0 102401 39385 31508 7848 0 0 1

fn=(2616)
0 618 103 0 12 7 0 2
cob=(2)
cfi=(51)
cfn=(2618)
calls=103 0 
0 9912 2616 1784 98 60 11 16 6 2

fn=(2914)
0 87 3 51 2 0 0 2
cfn=(2916)
calls=3 0 
0 93 33 24 2 0 0 2
0 24 6 6 1 0 0 1
cob=(2)
cfi=(51)
cfn=(2794)
calls=3 0 
0 319 72 46 4 1 2
0 24 3 3 1 0 0 1
cob=(2)
cfi=(51)
cfn=(2924)
calls=3 0 
0 2249 684 328 25 33 19 13 5 15
0 30 3 3 1 0 0 1
cob=(2)
cfi=(51)
cfn=(2606)
calls=3 0 
0 102 24 15 4 1
0 6 0 3
cob=(2)
cfi=(51)
cfn=(2302)
calls=3 0 
0 48 9
0 15 3 3 1 0 0 1
cob=(2)
cfi=(51)
cfn=(2940)
calls=3 0 
0 297 93 45 5 2 0 1
0 48 33

fn=(2946)
0 4221 574 1402 94 0 2 2
cob=(2)
cfi=(51)
cfn=(1928)
calls=278 0 
0 81531 14382 10849 1352 810 296
0 6400 2502 834 91 0 0 2

fn=(3178)
0 4 0 0 2
cob=(2)
cfi=(51)
cfn=(3166)
calls=2 0 
0 34 12 4

fn=(3286)
0 10734 3302 2430 300 0 0 6

fn=(3686)
0 756 42 420 83 0 0 1
cob=(2)
cfi=(51)
cfn=(2834)
calls=42 0 
0 588 252 0 166 166
0 546 0 210 42 0 0 1
cob=(2)
cfi=(51)
cfn=(3688)
calls=42 0 
0 1288 426 144 86 77 3 3 5
0 672 378 0 42 0 0 1

fn=(4050)
0 6
cob=(2)
cfi=(51)
cfn=(2940)
calls=3 0 
0 297 93 45 0 1

fn=(4084)
0 6 0 2 1 0 0 1
cob=(2)
cfi=(51)
cfn=(4086)
calls=2 0 
0 1757 599 283 6 57 0 6 3
0 10 4 0 0 1

fn=(4272)
0 9 3 2 1 3 0 1
cob=(2)
cfi=(51)
cfn=(4278)
calls=1 0 
0 1205 367 184 11 21 2 6
0 1 0 1
cfn=(4306)
calls=1 0 
0 5 1 0 1
0 3 2 1

fn=(4292)
0 2 1 0 1 0 0 1

fn=(646)
0 3 0 1
cob=(2)
cfi=(51)
cfn=(648)
calls=1 0 
0 835 262 134 3 10 0 3 1
0 4 2 1 0 1 1

fn=(652)
0 3 1 0 1 0 0 1

fn=(656)
0 3 1 1 0 0 1

fn=(1016)
0 76 14 2 12 2 0 6 1

fn=(1280)
0 18 0 0 5 0 0 1
cob=(2)
cfi=(51)
cfn=(1282)
calls=9 0 
0 2270 564 376 51 36 7 2 0 5

fn=(1386)
0 5 0 2 2 0 0 2
cob=(2)
cfi=(51)
cfn=(1388)
calls=1 0 
0 961 321 153 9 17 0 9 3
0 5 2 1

fn=(1462)
0 10 1 5 1 0 0 1
cob=(2)
cfi=(51)
cfn=(1464)
calls=1 0 
0 907 316 148 4 18 0 4 4
0 770 0 256 1 0 2 1 0 2
cob=(2)
cfi=(51)
cfn=(1470)
calls=128 0 
0 4654 1348 666 7 17 0 5 3
0 260 0 2
cob=(2)
cfi=(51)
cfn=(1476)
calls=1 0 
0 860 309 149 6 11 0 6 3
0 510 0 255
cob=(2)
cfi=(51)
cfn=(1476)
calls=255 0 
0 13150 3959 1531 5 5 0 5
0 1086 0 272 1 0 16 1 0 16
cob=(2)
cfi=(51)
cfn=(1488)
calls=8 0 
0 3618 939 382 24 27 0 16 8
0 72 0 16 0 0 2 0 0 2
cob=(2)
cfi=(51)
cfn=(1488)
calls=4 0 
0 1736 326 78
0 23 4 4
cob=(2)
cfi=(51)
cfn=(1464)
calls=1 0 
0 24 10 4 0 1
0 2 0 0 1 0 0 1

fn=(1520)
0 109 30 31 6 1 0 6

fn=(1526)
0 109 30 31 6 0 0 6

fn=(1538)
0 11 2 4 2 0 0 2
cob=(2)
cfi=(51)
cfn=(1364)
calls=1 0 
0 19 6 1
0 138 4 25 12 0 0 12

fn=(1546)
0 23 4 11 2 1 2 2 0 2
cob=(2)
cfi=(51)
cfn=(1548)
calls=1 0 
0 1512 434 209 7 8 1 7 1
0 8 4 3 1 0 0 1
cob=(2)
cfi=(51)
cfn=(1404)
calls=1 0 
0 17 6 2 0 1
0 7 2 4 0 1
cob=(2)
cfi=(51)
cfn=(1364)
calls=1 0 
0 19 6 1
0 7 3 3 1 0 0 1
cob=(2)
cfi=(51)
cfn=(1404)
calls=1 0 
0 17 6 2 0 1
0 12 1 5 1 0 1 1 0 1
cob=(2)
cfi=(51)
cfn=(1566)
calls=1 0 
0 1352 360 170 6 11 1 6 3
0 7 3 3 1 0 0 1
cob=(2)
cfi=(51)
cfn=(1404)
calls=1 0 
0 17 6 2
0 13 3 5 1 1 0 1
cob=(2)
cfi=(51)
cfn=(1578)
calls=1 0 
0 1323 349 165 7 8 1 7 2
0 7 3 3
cob=(2)
cfi=(51)
cfn=(1404)
calls=1 0 
0 17 6 2
0 12 5 5 1 0 0 1
cob=(2)
cfi=(51)
cfn=(1404)
calls=1 0 
0 17 6 2
0 12 4 5 1 2 0 1
cob=(2)
cfi=(51)
cfn=(1404)
calls=1 0 
0 17 6 2
0 12 4 5 2 0 0 2
cob=(2)
cfi=(51)
cfn=(1404)
calls=1 0 
0 17 6 2
0 6 0 2
cob=(2)
cfi=(51)
cfn=(1602)
calls=1 0 
0 845 273 143 4 9 1 4 1 1
0 7 3 3 1 0 0 1
cob=(2)
cfi=(51)
cfn=(1404)
calls=1 0 
0 17 6 2
0 16 5 7 1 0 1 1 0 1
cob=(2)
cfi=(51)
cfn=(1614)
calls=1 0 
0 1456 372 208 8 6 0 6
0 7 3 3 1 1 0 1
cob=(2)
cfi=(51)
cfn=(1404)
calls=1 0 
0 17 6 2
0 7 2 4 0 1
cob=(2)
cfi=(51)
cfn=(1364)
calls=1 0 
0 19 6 1
0 7 3 3 1 1 0 1
cob=(2)
cfi=(51)
cfn=(1404)
calls=1 0 
0 17 6 2
0 13 2 5 1 0 1 1 0 1
cob=(2)
cfi=(51)
cfn=(1632)
calls=1 0 
0 1335 343 165 7 9 0 7 2
0 7 3 3 1 1 0 1
cob=(2)
cfi=(51)
cfn=(1404)
calls=1 0 
0 17 6 2
0 13 3 5 1 1 0 1
cob=(2)
cfi=(51)
cfn=(1644)
calls=1 0 
0 1311 340 165 8 8 0 8
0 7 3 3 0 1
cob=(2)
cfi=(51)
cfn=(1404)
calls=1 0 
0 17 6 2
0 12 5 5 1 1 0 1
cob=(2)
cfi=(51)
cfn=(1404)
calls=1 0 
0 17 6 2
0 12 4 5 2 0 1 2 0 1
cob=(2)
cfi=(51)
cfn=(1404)
calls=1 0 
0 17 6 2
0 12 4 5 1 0 0 1
cob=(2)
cfi=(51)
cfn=(1404)
calls=1 0 
0 17 6 2
0 6 0 2
cob=(2)
cfi=(51)
cfn=(1668)
calls=1 0 
0 845 273 143 4 8 0 4 2
0 6 3 2 1 0 0 1
cob=(2)
cfi=(51)
cfn=(1404)
calls=1 0 
0 17 6 2
0 4 2 2
cob=(2)
cfi=(51)
cfn=(1404)
calls=1 0 
0 8 3
0 4 2 2
cob=(2)
cfi=(51)
cfn=(1404)
calls=1 0 
0 8 3
0 4 2 2 1 0 0 1
cob=(2)
cfi=(51)
cfn=(1404)
calls=1 0 
0 8 3
0 5 3 2
cob=(2)
cfi=(51)
cfn=(1404)
calls=1 0 
0 8 3
0 4 2 2 1 0 0 1
cob=(2)
cfi=(51)
cfn=(1404)
calls=1 0 
0 8 3
0 5 3 2
cob=(2)
cfi=(51)
cfn=(1404)
calls=1 0 
0 8 3
0 10 8 1

fn=(1582)
0 113 38 31 5 0 1 5

fn=(1618)
0 350 74 74 6 0 0 6

fn=(1878)
0 119 42 14 6 2 0 2

fn=(1946)
0 272785 85723 62374 7838 4173 2248 3
cob=(2)
cfi=(51)
cfn=(1928)
calls=15 0 
0 2863 543 394 1 0 9 0 0 9
0 468 91 90
cob=(2)
cfi=(51)
cfn=(1918)
calls=60 0 
0 909 246 124
0 15710 62 1 7703 0 0 1

fn=(2104)
0 39402 2204 8740 30 0 1 2
cob=(2)
cfi=(51)
cfn=(2106)
calls=2128 0 
0 45338 4564 4402 70 46 6 4 1
0 17645 10978 4463 5 0 0 1

fn=(2218)
0 4914 378 1134 99 0 0 2

fn=(3936)
0 15 2 4 2 2 1 2
cob=(2)
cfi=(51)
cfn=(3938)
calls=1 0 
0 15851 3993 2386 107 189 23 3 1
0 2 0 1
cob=(2)
cfi=(51)
cfn=(3942)
calls=1 0 
0 845 269 136 3 20 1 2
0 5 1 2 0 1
cob=(2)
cfi=(51)
cfn=(1726)
calls=1 0 
0 10 5 1 0 2
0 7 1 3 1 1 0 1
cob=(2)
cfi=(51)
cfn=(2232)
calls=1 0 
0 57 21 12 1 6
0 3 1
cob=(2)
cfi=(51)
cfn=(1954)
calls=1 0 
0 95 30 15 0 1

fn=(2742)
0 8 2 4 1 0 0 1

fn=(2792)
0 18 6 4 4 0 0 2
cob=(2)
cfi=(51)
cfn=(2794)
calls=2 0 
0 659 127 98 43 20 2 1 0 2
0 8 4 4

fn=(2808)
0 3696 231 1386 11 0 0 2
cob=(2)
cfi=(51)
cfn=(2810)
calls=231 0 
0 7713 2568 1520 20 9 4 5
0 2079 1386 231 0 1
cfn=(2816)
calls=231 0 
0 25808 7061 4430 69 77 1 27 22
0 2778 1389 232 4 0 0 1
cob=(2)
cfi=(51)
cfn=(3110)
calls=1 0 
0 1104 301 135 47 25 0 2
0 1

fn=(2880)
0 315 135 45 85

fn=(2950)
0 94987 18189 16168 11 0 0 5

fn=(2954)
0 9 2 3 1 0 0 1

fn=(2960)
0 853 193 243 16 0 0 10

fn=(3120)
0 65 24 0 1 0 0 1

fn=(3170)
0 16 0 8 2 0 0 1
cob=(2)
cfi=(51)
cfn=(2764)
calls=4 0 
0 24 12
0 22 8 2
cob=(2)
cfi=(51)
cfn=(3172)
calls=2 0 
0 1661 528 304 74 52 1 0 6
0 12 4 2

fn=(3256)
0 448 224 56 4 0 0 1
cfn=(3254)
calls=56 0 
0 11126 3300 1761 158 74 2 9 9
0 336 56

fn=(3292)
0 8942 1625 1355 346 0 0 3
cob=(2)
cfi=(51)
cfn=(2214)
calls=271 0 
0 4065 542 813 3 72
0 2 0 0 1

fn=(3298)
0 8 1 2 2 0 0 2
cob=(2)
cfi=(51)
cfn=(3300)
calls=1 0 
0 952 313 144 10 22 3 4 4
0 7 5

fn=(3326)
0 300 15 150 8 0 0 2
cfn=(2148)
calls=15 0 
0 435 180 75 2 6
0 435 15 90 8 0 0 2
cfn=(3328)
calls=15 0 
0 542 43 28 12 3 0 3
0 420 105 45 8 0 0 2
cfn=(2210)
calls=15 0 
0 1525 354 260 0 1 2
0 384 147 12 10 0 0 3
cob=(2)
cfi=(51)
cfn=(3336)
calls=6 0 
0 1959 438 214 26 15 5 4 1
0 42 18 6 6 0 0 2

fn=(3340)
0 78 12 18 5 0 0 1
cfn=(3342)
calls=6 0 
0 488 73 56 17 2 2 3
0 30 18 6

ob=(3)
fl=(243)
fn=(1198)
75 4 0 2
cob=(2)
cfi=(51)
cfn=(1122)
calls=2 -75 
* 182 58 30 0 1
+6 6 2

fl=(170)
fn=(582)
30 1 0 0 1 0 0 1
+1 2
-1 4 0 2 1 0 0 1
+1 3 1
+2 3 0 1
cob=(2)
cfi=(51)
cfn=(584)
calls=1 -33 
* 66 5 0 6 2 0 6 1
+4 5 1 1 0 0 1
+1 3 2 1
+2 4 3

fl=(224)
fn=(1086)
194 55 5 25 3 0 0 1
88 5 0 5
+7 10 0 0 2 0 0 1
+34 10
+24 45 5 10
-60 5
+60 5 5 5
cob=(1)
cfi=(79)
cfn=(284)
calls=5 840 
* 8556 1767 781 106 78 5 23 7 4

fl=(332)
fn=(2262)
46 12467 0 7672 47 0 87 1
+3 1918
+13 959 959 0 55 0 0 1
+1 959 959
-16 959 0 959 0 0 2
+18 1918

ob=(7)
fl=(175)
fn=(4108)
0 49 12 13 2 1 0 2
cob=(2)
cfi=(51)
cfn=(4099)
calls=1 0 
0 136 53 23
0 27 14 3 1 0 0 1

fn=(4109)
0 18 5 4

ob=(3)
fl=(332)
fn=(2262)
72 6101 806 0 46
+1 806 806
-1 1612
+1 1612 0 806
-1 1612
+4 1918 0 0 10 0 0 1
+3 959 0 959 50 0 0 1
234 8631 7672
68 28 0 28 23 0 0 1
-1 28
+1 28

ob=(7)
fl=(175)
fn=(4109)
0 5 3 1

fn=(4288)
0 2 1 0 1 0 0 1

totals: 13951128391 3449016433 2240136387 2898130 305444571 144643011 198943 70377 179995
