# callgrind format
version: 1
creator: callgrind-3.25.1
pid: 235652
cmd:  /home/m0hawk/Documents/apin/stan/external/walnutpie/build_e27/examples/stan_cli /home/m0hawk/Documents/apin/stan/scratch/w50/gp_regr_nme/gp_regr_model.so /home/m0hawk/Documents/apin/stan/data/gp_regr.json --seed 20260819 --init-file /home/m0hawk/Documents/apin/stan/inits_w27/gp_regr/rep0/chain_0.txt --warmup 50 --samples 50 --metric-window 50 --output /home/m0hawk/Documents/apin/stan/results/profile/w50/gp_regr_nme/draws.csv
part: 1


desc: I1 cache: 
desc: D1 cache: 
desc: LL cache: 

desc: Timerange: Basic block 0 - 6617718
desc: Trigger: Program termination

positions: line
events: Ir
summary: 44114506


ob=(5) /usr/lib/libgcc_s.so.1
fl=(448) /usr/src/debug/gcc/gcc-build/x86_64-pc-linux-gnu/libgcc/../../../gcc/libgcc/unwind-dw2-btree.h
fn=(4804) btree_destroy
354 2
+3 2
-3 6
+3 2
+1 4
+4 6
+6 8

fl=(161) /usr/src/debug/gcc/gcc-build/x86_64-pc-linux-gnu/libgcc/../../../gcc/libgcc/config/i386/cpuinfo.c
fn=(572) __cpu_indicator_init@GCC_4.8.0
60 1
fi=(163) /usr/src/debug/gcc/gcc-build/x86_64-pc-linux-gnu/libgcc/../../../gcc/libgcc/../gcc/common/config/i386/cpuinfo.h
1220 4
fe=(161)
60 1
fi=(162) /usr/src/debug/gcc/gcc-build/gcc/include/cpuid.h
319 1
fe=(161)
60 1
fi=(162)
319 1
+21 2
+3 4
fi=(163)
1233 2
fi=(162)
319 2
+21 3
+3 7
fi=(163)
1247 1
+1 1
fi=(162)
343 1
fi=(163)
1247 1
+1 1
-1 1
+1 1
-1 1
+2 1
+1 1
-2 1
+2 1
-1 1
+1 1
826 1
1249 1
826 1
1249 1
826 2
+24 2
92 1
852 2
92 1
854 2
92 1
856 2
92 1
+9 1
858 2
+2 2
+3 2
92 1
865 3
92 1
867 2
92 1
869 2
92 1
871 2
92 1
873 2
92 1
875 2
92 1
877 2
+2 2
+2 2
+2 2
92 1
885 2
+2 2
+2 2
+2 2
92 1
893 2
92 1
895 2
+5 2
+4 5
+1 2
92 1
907 2
+2 2
+2 2
+2 2
+2 2
92 1
917 2
+2 2
+3 2
92 1
924 2
+2 2
+2 2
+2 2
+2 2
+2 2
+3 2
+2 2
+2 2
+2 2
+2 2
+2 2
+2 2
+2 2
+2 2
+4 2
+2 2
+2 2
+2 2
+2 2
+2 2
+9 2
+30 2
+58 2
+2 3
+1 2
+2 2
+2 2
+5 2
+69 3
+4 2
+2 2
+2 2
+2 2
+2 3
+2 2
+2 2
+2 2
+2 2
+2 2
+3 2
+2 2
+2 2
+3 2
+2 2
+2 2
+5 2
+2 3
+1 2
+2 2
+4 2
+61 2
+16 1
75 1
1328 2
66 1
1329 2
1221 6
fe=(161)
62 1
+2 3
fi=(163)
832 2
+3 4
+7 5
+2 1
-1 3
1259 2
+5 2
824 2
101 14
824 2
1265 2
412 4
839 2
-2 1
+2 4
101 8
1334 1
101 1
1334 3
+1 4
101 4
1344 4
+1 3
101 13
412 9
+99 2
+2 1
fe=(161)

fl=(447) /usr/src/debug/gcc/gcc-build/x86_64-pc-linux-gnu/libgcc/../../../gcc/libgcc/unwind-dw2-fde.c
fn=(4802) release_registered_frames
58 2
+3 2
cfi=(448)
cfn=(4804)
calls=1 354 
* 15
+1 2
cfi=(448)
cfn=(4804)
calls=1 354 
* 15
+1 1
+1 2

fl=(164) ???
fn=(578) 0x0000000000005d00
0 12

fn=(4806) 0x0000000000005cb0
0 9
cob=(2) /usr/lib/libc.so.6
cfi=(441) /usr/src/debug/glibc/glibc/stdlib/cxa_finalize.c
cfn=(4674) __cxa_finalize
calls=1 45 
0 94
0 1
cfn=(4814) 0x0000000000005c40
calls=1 0 
0 5
0 3

fn=(4814)
0 5

ob=(3) ???
fl=(154) ???
fn=(560) 0x0000000005036310
0 2
cob=(2)
cfi=(158) ???
cfn=(562) __strrchr_avx2
calls=1 0 
0 34

fn=(1780) 0x00000000053bf930
0 1
cob=(2)
cfi=(322) /usr/src/debug/glibc/glibc/nptl/pthread_mutexattr_settype.c
cfn=(1782) pthread_mutexattr_settype@@GLIBC_2.34
calls=1 24 
0 10

fn=(1790) 0x00000000053bf938
0 1
cob=(2)
cfi=(325) /usr/src/debug/glibc/glibc/nptl/pthread_mutexattr_destroy.c
cfn=(1792) pthread_mutexattr_destroy@@GLIBC_2.34
calls=1 23 
0 3

fn=(1796) 0x00000000053bf8f0
0 2
cob=(2)
cfi=(326) /usr/src/debug/glibc/glibc/nptl/pthread_self.c
cfn=(1798) pthread_self
calls=2 23 
0 6

fn=(804) 0x00000000050362d0
0 1552
cob=(2)
cfi=(158)
cfn=(806) __strncmp_avx2
calls=776 0 
0 19400

fn=(584) 0x0000000004ee4000
0 7

fn=(1828) 0x0000000005358000
0 7

fn=(686) 0x0000000005036240
0 2452
cob=(2)
cfi=(158)
cfn=(688) __strlen_avx2
calls=1226 0 
0 17233

fn=(1794) 0x00000000053bf928
0 2
cob=(2)
cfi=(304) /usr/src/debug/glibc/glibc/nptl/pthread_mutex_lock.c
cfn=(1662) pthread_mutex_lock@@GLIBC_2.2.5
calls=2 71 
0 70

fn=(2104) 0x0000000005036320
0 12
cob=(2)
cfi=(158)
cfn=(2106) __strchr_avx2
calls=6 0 
0 126

fn=(4754) 0x00000000053e18f8
0 4

fn=(1302) 0x0000000005036290
0 848
cob=(2)
cfi=(158)
cfn=(1304) __strchrnul_avx2
calls=424 0 
0 8056

fn=(594) 0x0000000004c41000
0 7

fn=(2144) 0x0000000005036200
0 120
cob=(2)
cfi=(158)
cfn=(1002) __memchr_avx2
calls=60 0 
0 1178

fn=(2912) 0x000000000527e000
0 7

fn=(1776) 0x00000000053bf8d0
0 1
cob=(2)
cfi=(321) /usr/src/debug/glibc/glibc/nptl/pthread_mutexattr_init.c
cfn=(1778) pthread_mutexattr_init@@GLIBC_2.34
calls=1 24 
0 4

fn=(2978) 0x00000000053bf920
0 5
cob=(2)
cfi=(301) /usr/src/debug/glibc/glibc/dlfcn/dlopen.c
cfn=(1655) dlopen@@GLIBC_2.34'2
calls=5 77 
0 6026

fn=(2980) 0x00000000053bf8f8
0 7
cob=(2)
cfi=(336) /usr/src/debug/glibc/glibc/dlfcn/dlsym.c
cfn=(1974) dlsym@@GLIBC_2.34
calls=7 64 
0 7300

fn=(4738) 0x0000000005387060
0 4

fn=(4800) 0x0000000004e1e2f4
0 4

fn=(4856) 0x000000000540e5b4
0 4

fn=(546) 0x0000000004ba1000
0 7

fn=(568) 0x0000000004fe0000
0 7

fn=(1714) 0x00000000053bf000
0 7

fn=(4820) 0x000000000500be84
0 4

fn=(1784) 0x00000000053bf940
0 1
cob=(2)
cfi=(323) /usr/src/debug/glibc/glibc/nptl/pthread_mutex_init.c
cfn=(1786) pthread_mutex_init@@GLIBC_2.2.5
calls=1 53 
0 39

fn=(4722) 0x00000000053245a8
0 4

fn=(4840) 0x0000000004f79b24
0 4

fn=(874) 0x0000000004007000
0 7

fn=(1806) 0x00000000053bf8e0
0 2
cob=(2)
cfi=(305) /usr/src/debug/glibc/glibc/nptl/pthread_mutex_unlock.c
cfn=(1676) pthread_mutex_unlock@@GLIBC_2.2.5
calls=2 357 
0 52

fn=(2984) 0x00000000053bf8e8
0 4
cob=(2)
cfi=(389) /usr/src/debug/glibc/glibc/dlfcn/dlclose.c
cfn=(2986) dlclose@@GLIBC_2.34
calls=4 25 
0 979

fn=(3288) 0x00000000050362f0
0 6
cob=(2)
cfi=(158)
cfn=(3290) __stpncpy_avx2
calls=3 0 
0 99

fn=(1896) 0x0000000005036230
0 2
cob=(2)
cfi=(158)
cfn=(1748) __strncpy_avx2
calls=1 0 
0 27

fn=(1950) 0x00000000053f8000
0 7

fn=(4688) 0x00000000042e6dfc
0 4

fn=(4706) 0x0000000004ba1274
0 4

ob=(7) /usr/lib/libstdc++.so.6.0.36
fl=(279) /usr/src/debug/gcc/gcc-build/x86_64-pc-linux-gnu/libstdc++-v3/include/bits/ostream_insert.h
fn=(1392) std::basic_ostream<char, std::char_traits<char> >& std::__ostream_insert<char, std::char_traits<char> >(std::basic_ostream<char, std::char_traits<char> >&, char const*, long)
84 1221
+6 407
-6 4070
+6 814
cfi=(250) /usr/src/debug/gcc/gcc-build/x86_64-pc-linux-gnu/libstdc++-v3/include/bits/ostream.tcc
cfn=(1138) std::ostream::sentry::sentry(std::ostream&)
calls=407 -40 
* 6105
+1 814
+4 1221
fi=(206) /usr/src/debug/gcc/gcc-build/x86_64-pc-linux-gnu/libstdc++-v3/include/bits/ios_base.h
790 407
fe=(279)
96 814
fi=(206)
801 407
fi=(207) /usr/src/debug/gcc/gcc-build/x86_64-pc-linux-gnu/libstdc++-v3/include/bits/ostream.h
577 1628
+1 814
fe=(279)
121 4884
fi=(201) /usr/src/debug/gcc/gcc-build/x86_64-pc-linux-gnu/libstdc++-v3/include/bits/basic_ios.h
339 407
fi=(200) /usr/src/debug/gcc/gcc-build/x86_64-pc-linux-gnu/libstdc++-v3/include/streambuf
460 1628
cfi=(406) /usr/src/debug/gcc/gcc-build/x86_64-pc-linux-gnu/libstdc++-v3/include/bits/fstream.tcc
cfn=(4134) std::basic_filebuf<char, std::char_traits<char> >::xsputn(char const*, long)
calls=306 759 
* 22038
cfi=(199) /usr/src/debug/gcc/gcc-build/x86_64-pc-linux-gnu/libstdc++-v3/include/ext/stdio_sync_filebuf.h
cfn=(4016) __gnu_cxx::stdio_sync_filebuf<char, std::char_traits<char> >::xsputn(char const*, long)
calls=45 255 
* 5542
cfi=(252) /usr/src/debug/gcc/gcc-build/x86_64-pc-linux-gnu/libstdc++-v3/include/bits/streambuf.tcc
cfn=(1154) std::basic_streambuf<char, std::char_traits<char> >::xsputn(char const*, long)
calls=56 84 
* 4279
fe=(279)
60 407
+50 814
-51 814

fl=(226) /usr/src/debug/gcc/gcc-build/x86_64-pc-linux-gnu/libstdc++-v3/src/c++98/../../../../../gcc/libstdc++-v3/src/c++98/parallel_settings.cc
fn=(830) _GLOBAL__sub_I_parallel_settings.cc
42 1
fi=(450) /usr/src/debug/gcc/gcc-build/x86_64-pc-linux-gnu/libstdc++-v3/include/parallel/settings.h
290 1
+12 1
-4 2
+5 1
-4 1
-9 1
+40 1
-28 1
+11 1
+17 1
+4 1
-21 1
+6 2
+9 1
+6 1
+4 1
-10 1
+8 2
-36 1
+3 1
+4 1
+4 1
+3 1
+3 1
+5 1
+4 1
+12 1
-29 1
+1 1
+6 1
+4 1
+20 2
fe=(226)
42 1

fl=(250)
fn=(1282) std::ostream& std::ostream::_M_insert<double>(double)
67 1656
+3 1035
cfn=(1138)
calls=207 -20 
* 3105
+1 414
+6 828
fi=(201)
-25 414
390 414
+2 207
fi=(179) /usr/src/debug/gcc/gcc-build/x86_64-pc-linux-gnu/libstdc++-v3/include/bits/locale_facets.h
2474 828
fi=(201)
339 207
fi=(254) /usr/src/debug/gcc/gcc-build/x86_64-pc-linux-gnu/libstdc++-v3/include/bits/streambuf_iterator.h
-52 207
fi=(179)
2474 828
cfi=(251) /usr/src/debug/gcc/gcc-build/x86_64-pc-linux-gnu/libstdc++-v3/include/bits/locale_facets.tcc
cfn=(1286) std::num_put<char, std::ostreambuf_iterator<char, std::char_traits<char> > >::do_put(std::ostreambuf_iterator<char, std::char_traits<char> >, std::ios_base&, char, double) const
calls=207 1182 
* 425838
fe=(250)
82 414
fi=(207)
577 828
+1 414
fe=(250)
96 2070

fn=(1444) std::ostream& std::ostream::_M_insert<long>(long)
67 20
+3 6
cfn=(1138)
calls=2 -20 
* 30
+1 4
+6 8
fi=(201)
-25 4
390 4
+2 2
-53 2
fi=(179)
2408 8
fi=(254)
287 2
fi=(179)
2408 8
cfn=(1448) std::num_put<char, std::ostreambuf_iterator<char, std::char_traits<char> > >::do_put(std::ostreambuf_iterator<char, std::char_traits<char> >, std::ios_base&, char, long) const
calls=2 2549 
* 405
fe=(250)
82 4
fi=(207)
577 8
+1 4
fe=(250)
96 20

fn=(3566) std::ostream::put(char)
157 258
+9 215
cfn=(1138)
calls=43 50 
* 645
+1 86
+5 43
fi=(201)
339 86
fi=(200)
546 43
436 86
+2 27
559 27
fi=(207)
+18 108
+1 54
-1 64
+1 32
fe=(250)
187 344
fi=(200)
443 16
fi=(237) /usr/src/debug/gcc/gcc-build/x86_64-pc-linux-gnu/libstdc++-v3/include/bits/char_traits.h
+12 16
fi=(200)
-12 16
cfi=(199)
cfn=(4040) __gnu_cxx::stdio_sync_filebuf<char, std::char_traits<char> >::overflow(int)
calls=16 174 
* 416
fe=(250)
173 32

fn=(1250) std::ostream& std::ostream::_M_insert<bool>(bool)
67 8
+3 5
cfn=(1138)
calls=1 -20 
* 15
+1 2
+6 4
fi=(201)
-25 2
390 2
+2 1
fi=(179)
2366 4
fi=(201)
339 1
fi=(254)
-52 1
fi=(179)
2366 4
cfi=(251)
cfn=(1254) std::num_put<char, std::ostreambuf_iterator<char, std::char_traits<char> > >::do_put(std::ostreambuf_iterator<char, std::char_traits<char> >, std::ios_base&, char, bool) const
calls=1 1130 
* 292
fe=(250)
82 2
fi=(207)
577 4
+1 2
fe=(250)
96 10

fn=(3576) std::ostream::flush()
225 60
+8 30
-8 30
fi=(201)
339 30
fe=(250)
225 90
+8 60
+2 90
cfn=(1138)
calls=30 50 
* 584
+1 60
+5 30
fi=(201)
+98 60
fi=(200)
-59 60
cfi=(199)
cfn=(4050) __gnu_cxx::stdio_sync_filebuf<char, std::char_traits<char> >::sync()
calls=19 -87 
* 3296
cfn=(3578) std::basic_streambuf<char, std::char_traits<char> >::sync()
calls=11 641 
* 33
fe=(250)
-39 90
fi=(207)
577 120
+1 60
-1 3
+1 2
cfi=(445) /usr/src/debug/gcc/gcc-build/x86_64-pc-linux-gnu/libstdc++-v3/libsupc++/../../../../gcc/libstdc++-v3/libsupc++/eh_catch.cc
cfn=(4776) std::uncaught_exception()
calls=1 138 
* 27
* 2
-63 2
fi=(201)
339 1
fi=(207)
515 1
+1 1
+69 2
fi=(200)
280 2
cfi=(199)
cfn=(4050)
calls=1 -87 
* 67
fi=(207)
585 2
-66 7
fe=(250)
256 268

fn=(3577) std::ostream::flush()'2
225 2
+8 1
-8 1
fi=(201)
339 1
fe=(250)
225 3
+8 2
+2 3
cfn=(1139) std::ostream::sentry::sentry(std::ostream&)'2
calls=1 50 
* 15
+1 2
+5 1
fi=(201)
+98 2
fi=(200)
-59 2
cfi=(199)
cfn=(4050)
calls=1 -87 
* 67
fe=(250)
-39 3
fi=(207)
577 4
+1 2
fe=(250)
256 9

fn=(4782) std::basic_ostream<wchar_t, std::char_traits<wchar_t> >::flush()
225 6
+8 3
-8 3
fi=(201)
339 3
fe=(250)
225 9
+8 6
+2 9
cfn=(4784) std::basic_ostream<wchar_t, std::char_traits<wchar_t> >::sentry::sentry(std::basic_ostream<wchar_t, std::char_traits<wchar_t> >&)
calls=3 50 
* 179
+1 6
+5 3
fi=(201)
+98 6
fi=(200)
-59 6
cfi=(199)
cfn=(4786) __gnu_cxx::stdio_sync_filebuf<wchar_t, std::char_traits<wchar_t> >::sync()
calls=3 -87 
* 201
fe=(250)
-39 9
fi=(207)
577 12
+1 6
-1 3
+1 2
cfi=(445)
cfn=(4776)
calls=1 138 
* 27
* 2
-63 2
fi=(201)
339 1
fi=(207)
515 1
+1 1
+69 2
fi=(200)
280 2
cfi=(199)
cfn=(4786)
calls=1 -87 
* 67
fi=(207)
585 2
-66 7
fe=(250)
256 25

fn=(4783) std::basic_ostream<wchar_t, std::char_traits<wchar_t> >::flush()'2
225 2
+8 1
-8 1
fi=(201)
339 1
fe=(250)
225 3
+8 2
+2 3
cfn=(4785) std::basic_ostream<wchar_t, std::char_traits<wchar_t> >::sentry::sentry(std::basic_ostream<wchar_t, std::char_traits<wchar_t> >&)'2
calls=1 50 
* 15
+1 2
+5 1
fi=(201)
+98 2
fi=(200)
-59 2
cfi=(199)
cfn=(4786)
calls=1 -87 
* 67
fe=(250)
-39 3
fi=(207)
577 4
+1 2
fe=(250)
256 9

fn=(4784)
50 3
+5 3
-3 3
-2 3
+2 3
+3 6
fi=(201)
312 3
148 3
fe=(250)
-93 8
-5 1
+6 4
cfn=(4783)
calls=1 225 
* 120
+2 4
fi=(201)
+90 1
fe=(250)
-90 3
+1 1
+3 2
-4 4
+1 4

fn=(4785)
50 1
+5 1
-3 1
-2 1
+2 1
+3 2
fi=(201)
312 1
148 1
fe=(250)
-93 2
+3 2
+1 2

fn=(1442) std::ostream::operator<<(int)
114 2
+5 2
fi=(206)
695 2
87 4
fe=(250)
+33 8
+3 4
cfn=(1444)
calls=2 -56 
* 539

fn=(1136) std::ostream& std::ostream::_M_insert<unsigned long>(unsigned long)
67 180
+3 54
cfn=(1138)
calls=18 -20 
* 270
+1 36
+6 72
fi=(201)
-25 36
390 36
+2 18
-53 18
fi=(179)
2413 72
fi=(254)
287 18
fi=(179)
2413 72
cfn=(1142) std::num_put<char, std::ostreambuf_iterator<char, std::char_traits<char> > >::do_put(std::ostreambuf_iterator<char, std::char_traits<char> >, std::ios_base&, char, unsigned long) const
calls=18 2553 
* 4933
fe=(250)
82 36
fi=(207)
577 72
+1 36
fe=(250)
96 180

fn=(1138)
50 708
+5 708
-3 708
-2 708
+2 708
+3 1416
fi=(201)
312 708
148 708
fe=(250)
-93 1418
-5 1
+6 4
cfn=(3577)
calls=1 225 
* 120
+2 4
fi=(201)
+90 1
fe=(250)
-90 3
+1 1
+3 2
-4 1414
+1 1414

fn=(1139)
50 1
+5 1
-3 1
-2 1
+2 1
+3 2
fi=(201)
312 1
148 1
fe=(250)
-93 2
+3 2
+1 2

fl=(407) /usr/src/debug/gcc/gcc-build/x86_64-pc-linux-gnu/libstdc++-v3/src/c++11/basic_file.cc
fn=(3168) std::__basic_file<char>::__basic_file(pthread_mutex_t*)
207 3
+1 9

fn=(3524) std::__basic_file<char>::close()
318 24
+2 6
cfn=(3176) std::__basic_file<char>::is_open() const
calls=6 -16 
* 24
-1 6
+1 12
+3 6
+7 15
-6 6
cob=(2)
cfi=(363) /usr/src/debug/glibc/glibc/libio/iofclose.c
cfn=(2190) fclose@@GLIBC_2.2.5
calls=3 34 
* 1020
-5 3
+6 3
-6 6
+11 12

fn=(3178) std::__basic_file<char>::open(char const*, std::_Ios_Openmode, int)
255 3
93 12
255 3
93 3
255 6
93 6
+3 6
258 3
cfn=(3176)
calls=3 +46 
* 12
* 6
+2 9
cob=(2)
cfi=(344) /usr/src/debug/glibc/glibc/libio/iofopen.c
cfn=(2078) fopen@@GLIBC_2.2.5
calls=3 85 
* 1264
* 9
+2 3
+1 3
+4 12
101 4
-6 2

fn=(3216) std::__basic_file<char>::fd()
309 15
cob=(2)
cfi=(410) /usr/src/debug/glibc/glibc/libio/fileno.c
cfn=(3218) fileno
calls=5 32 
* 35

fn=(3528) std::__basic_file<char>::~__basic_file()
210 6
+1 3
cfn=(3524)
calls=3 318 
* 48
* 6

fn=(3176)
304 76

fn=(4156) std::__basic_file<char>::xsputn(char const*, long)
356 7
132 1
356 1
+4 1
cfn=(3216)
calls=1 -51 
* 10
* 1
141 4
cob=(2)
cfi=(433) /usr/src/debug/glibc/glibc/io/../sysdeps/unix/sysv/linux/write.c
cfn=(4058) write
calls=1 25 
* 18
+1 2
+6 2
362 1
148 1
362 5

fn=(3214) std::__basic_file<char>::xsgetn(char*, long)
334 40
+14 8
cfn=(3216)
calls=4 -39 
* 40
fi=(411) /usr/include/bits/unistd.h
32 16
cob=(2)
cfi=(357) /usr/src/debug/glibc/glibc/io/../sysdeps/unix/sysv/linux/read.c
cfn=(2140) read
calls=4 -7 
* 72
* 4
fe=(407)
349 8
+3 28

fl=(416) /usr/src/debug/gcc/gcc-build/x86_64-pc-linux-gnu/libstdc++-v3/libsupc++/../../../../gcc/libstdc++-v3/libsupc++/del_opv.cc
fn=(3522) operator delete[](void*)
34 4
+1 4
cfi=(235) /usr/src/debug/gcc/gcc-build/x86_64-pc-linux-gnu/libstdc++-v3/libsupc++/../../../../gcc/libstdc++-v3/libsupc++/del_op.cc
cfn=(930) operator delete(void*)
calls=4 +13 
* 308

fl=(287) /usr/src/debug/gcc/gcc-build/x86_64-pc-linux-gnu/libstdc++-v3/src/c++17/../../../../../gcc/libstdc++-v3/src/c++17/fs_path.cc
fn=(1590) std::filesystem::__cxx11::path::_List::_Impl_deleter::operator()(std::filesystem::__cxx11::path::_List::_Impl*) const
320 3
+2 6
-48 3
+46 3
-85 3
+85 3
-46 3
+46 3
+4 3
fi=(298) /usr/src/debug/gcc/gcc-build/x86_64-pc-linux-gnu/libstdc++-v3/include/bits/stl_construct.h
-73 12
fe=(287)
-30 18
fi=(289) /usr/src/debug/gcc/gcc-build/x86_64-pc-linux-gnu/libstdc++-v3/include/bits/unique_ptr.h
407 87
fi=(299) /usr/src/debug/gcc/gcc-build/x86_64-pc-linux-gnu/libstdc++-v3/include/tuple
137 29
fi=(289)
408 29
cfi=(287)
cfn=(1591) std::filesystem::__cxx11::path::_List::_Impl_deleter::operator()(std::filesystem::__cxx11::path::_List::_Impl*) const'2
calls=29 -88 
* 116
fi=(233) /usr/src/debug/gcc/gcc-build/x86_64-pc-linux-gnu/libstdc++-v3/include/bits/basic_string.h
238 29
+41 87
+25 2
fi=(234) /usr/src/debug/gcc/gcc-build/x86_64-pc-linux-gnu/libstdc++-v3/include/bits/new_allocator.h
183 1
cfi=(247) /usr/src/debug/gcc/gcc-build/x86_64-pc-linux-gnu/libstdc++-v3/libsupc++/../../../../gcc/libstdc++-v3/libsupc++/del_ops.cc
cfn=(1034) operator delete(void*, unsigned long)
calls=1 32 
* 37
fi=(298)
+68 93
fe=(287)
+63 3
+15 3
+2 6
-17 3
+17 3
-17 6
+15 3
cfi=(247)
cfn=(1034)
calls=3 32 
* 111

fn=(1591)
320 29
+2 58
+7 29

fn=(1546) std::filesystem::__cxx11::path::_List::_List()
333 32
fi=(289)
169 32
fe=(287)
333 32

fn=(1552) std::filesystem::__cxx11::path::_M_split_cmpts()
1948 33
274 9
494 6
fi=(233)
1356 6
fe=(287)
1951 9
+8 9
-10 6
fi=(233)
238 3
fe=(287)
1949 9
+10 3
fi=(233)
238 3
fe=(287)
1959 6
cob=(2)
cfi=(158)
cfn=(936) __memset_avx2_unaligned_erms
calls=3 0 
* 318
87 60
fi=(288) /usr/src/debug/gcc/gcc-build/x86_64-pc-linux-gnu/libstdc++-v3/include/bits/string_view.tcc
191 6
86 6
+3 6
-1 3
fi=(237)
408 6
fi=(288)
88 3
fi=(237)
408 12
cob=(2)
cfi=(158)
cfn=(1002)
calls=3 0 
* 57
fi=(288)
91 21
fe=(287)
+78 6
fi=(220) /usr/src/debug/gcc/gcc-build/x86_64-pc-linux-gnu/libstdc++-v3/include/bits/stl_algobase.h
+68 6
fe=(287)
1972 3
fi=(288)
191 21
fe=(287)
1976 12
163 6
1976 92
163 46
fi=(288)
+27 335
+1 16
86 46
+3 23
-1 46
fi=(237)
408 46
fi=(288)
88 23
fi=(237)
408 92
cob=(2)
cfi=(158)
cfn=(1002)
calls=23 0 
* 437
fe=(287)
1979 46
fi=(288)
91 23
fe=(287)
1979 46
fi=(288)
91 92
fe=(287)
+78 46
fi=(220)
+68 69
fe=(287)
1979 46
-3 46
+37 33
fi=(288)
190 57
+1 95
fi=(237)
432 3
fi=(292) /usr/src/debug/gcc/gcc-build/x86_64-pc-linux-gnu/libstdc++-v3/include/array
144 3
fe=(287)
1981 6
+14 30
274 12
1997 6
fi=(289)
202 3
fe=(287)
391 3
fi=(289)
202 3
fe=(287)
391 6
231 3
2004 15
cfn=(1562) std::filesystem::__cxx11::path::_List::reserve(int, bool)
calls=3 500 
* 684
+2 9
fi=(289)
192 6
fe=(287)
+30 3
fi=(289)
-30 3
fe=(287)
+30 15
fi=(233)
454 56
fi=(237)
-28 53
-71 3
fe=(287)
189 3
+5 6
-5 3
fi=(233)
+44 3
fe=(287)
-39 3
cfn=(1546)
calls=3 333 
* 9
fi=(237)
355 26
fe=(287)
189 26
+5 52
-5 26
fi=(233)
+44 26
fe=(287)
-39 26
cfn=(1546)
calls=26 333 
* 78
+2 58
+78 29
-72 29
2006 58
274 29
385 58
fi=(289)
192 58
fe=(287)
2010 29
-4 58
fi=(292)
210 26
fe=(287)
2009 26
fi=(292)
210 78
fi=(291) /usr/src/debug/gcc/gcc-build/x86_64-pc-linux-gnu/libstdc++-v3/include/string_view
+88 29
fi=(233)
-53 29
fe=(287)
2009 29
fi=(233)
245 58
-41 29
713 58
fi=(246) /usr/src/debug/gcc/gcc-build/x86_64-pc-linux-gnu/libstdc++-v3/include/bits/basic_string.tcc
233 58
-85 3
+16 2
fi=(234)
-2 3
cfi=(232) /usr/src/debug/gcc/gcc-build/x86_64-pc-linux-gnu/libstdc++-v3/libsupc++/../../../../gcc/libstdc++-v3/libsupc++/new_op.cc
cfn=(918) operator new(unsigned long)
calls=1 43 
* 42
fi=(233)
265 2
-37 2
fi=(234)
-66 1
fi=(233)
265 1
452 1
fi=(237)
-20 4
cob=(2)
cfi=(158)
cfn=(908) __memcpy_avx_unaligned_erms
calls=1 0 
* 11
fi=(233)
+20 25
fi=(237)
-20 100
cob=(2)
cfi=(158)
cfn=(908)
calls=25 0 
* 367
fi=(233)
238 104
fi=(237)
432 26
fi=(288)
190 38
fi=(237)
355 9
+71 50
fe=(287)
126 51
1966 3
160 3
1966 6
fi=(288)
190 18
fe=(287)

fn=(1562)
500 18
274 3
500 9
274 6
500 9
+5 6
+2 6
+5 30
283 6
+31 12
-6 3
cfi=(232)
cfn=(918)
calls=3 43 
* 513
+1 3
-1 3
-99 3
fi=(289)
-40 3
fe=(287)
517 6
fi=(290) /usr/src/debug/gcc/gcc-build/x86_64-pc-linux-gnu/libstdc++-v3/include/bits/move.h
239 3
+1 3
-1 3
fi=(289)
407 6
fe=(287)
525 30

fl=(200)
fn=(3578)
641 33

fl=(398) /usr/src/debug/gcc/gcc-build/x86_64-pc-linux-gnu/libstdc++-v3/libsupc++/../../../../gcc/libstdc++-v3/libsupc++/new_opv.cc
fn=(3046) operator new[](unsigned long)
31 4
+1 4
cfi=(232)
cfn=(918)
calls=4 +11 
* 734

fl=(333) /usr/src/debug/gcc/gcc-build/x86_64-pc-linux-gnu/libstdc++-v3/src/c++11/../../../../../gcc/libstdc++-v3/src/c++11/mutex.cc
fn=(1862) __once_proxy
52 2
+3 2
cob=(1) /usr/lib/ld-linux-x86-64.so.2
cfi=(1) ???
cfn=(1848) __tls_get_addr
calls=1 -55 
* 12
* 1
+1 1
-1 1
cob=(10) /usr/lib/libtbb.so.12.19
cfi=(331) ???
cfn=(1864) 0x0000000000009d80
calls=1 -55 
* 80175

fn=(1863) __once_proxy'2
52 2
+3 2
cob=(1)
cfi=(1)
cfn=(1848)
calls=1 -55 
* 12
* 1
+1 1
-1 1
cob=(10)
cfi=(331)
cfn=(1874) 0x0000000000009d50
calls=1 -55 
* 5389

fl=(197) /usr/src/debug/gcc/gcc-build/x86_64-pc-linux-gnu/libstdc++-v3/src/c++98/numeric_members_cow.cc
fn=(710) std::numpunct<char>::_M_initialize_numpunct(__locale_struct*)
92 2
+1 1
-1 4
+1 2
+3 2
+68 2
+5 2
-4 1
-1 1
+3 2
+1 1
+1 2
-70 1
+1 1
-1 1
+2 1
+2 1
+1 2
+3 2
-1 4
+1 3
-1 3
+1 105
-1 105
+4 2
-1 4
+1 3
-1 3
+1 75
-1 76

fn=(722) std::numpunct<wchar_t>::_M_initialize_numpunct(__locale_struct*)
183 8
+1 1
-1 2
+1 2
+3 2
+69 1
+3 1
-2 1
-1 1
+3 1
+1 1
+1 7
-71 2
+4 1
-3 1
+3 1
+6 2
-10 1
+10 1
-8 1
+6 3
+2 7
-1 2
+1 3
-1 2
+1 8
-2 1
+6 15
-1 2
+1 3
-1 2
+1 7
-1 2
+1 3
-1 2
+1 4
-2 1

fl=(198) /usr/src/debug/gcc/gcc-build/x86_64-pc-linux-gnu/libstdc++-v3/src/c++98/monetary_members_cow.cc
fn=(724) std::moneypunct<wchar_t, false>::_M_initialize_moneypunct(__locale_struct*, char const*)
741 2
+1 1
-1 6
+1 2
+3 2
914 7
748 1
+5 1
-1 1
-2 1
-2 1
+12 1
-7 1
+7 1
-5 1
+2 1
+3 1
-10 1
+1 1
+3 1
+2 1
+2 1
+1 1
+2 2
+5 2
-1 5
+1 7
-1 2
+1 3
-1 2
+1 6
-2 1

fn=(718) std::moneypunct<char, true>::_M_initialize_moneypunct(__locale_struct*, char const*)
216 2
+1 1
-1 4
+1 2
+3 2
+3 1
+12 1
-10 1
-1 1
+11 1
-11 1
+1 1
+10 1
-10 1
+3 1
+2 1
+2 1
-6 1
+1 1
+2 1
+2 1
+2 1
+1 1
+2 2
+3 35
366 4

fn=(716) std::moneypunct<char, false>::_M_initialize_moneypunct(__locale_struct*, char const*)
372 2
+1 1
-1 4
+1 2
+3 2
+3 1
+12 1
-10 1
-1 1
+11 1
-11 1
+1 1
+10 1
-10 1
+1 1
+1 1
+1 1
+1 1
+1 1
+1 1
+1 1
+1 1
+1 1
+2 2
+3 35
517 4

fn=(726) std::moneypunct<wchar_t, true>::_M_initialize_moneypunct(__locale_struct*, char const*)
558 2
+1 1
-1 6
+1 2
+3 2
731 7
565 1
+5 1
-1 1
-2 1
-2 1
+12 1
-7 1
+7 1
-5 1
+2 1
+3 1
-10 1
+1 1
+3 1
+2 1
+2 1
+1 1
+2 2
+5 2
-1 5
+1 7
-1 2
+1 3
-1 2
+1 6
-2 1

fl=(178) /usr/src/debug/gcc/gcc-build/x86_64-pc-linux-gnu/libstdc++-v3/src/c++98/../../../../../gcc/libstdc++-v3/src/c++98/codecvt.cc
fn=(3212) std::codecvt<char, char, __mbstate_t>::do_always_noconv() const
100 1386

fn=(648) std::codecvt<char, char, __mbstate_t>::codecvt(unsigned long)
38 2
fi=(177) /usr/src/debug/gcc/gcc-build/x86_64-pc-linux-gnu/libstdc++-v3/include/bits/locale_classes.h
437 3
fe=(178)
38 2
fi=(177)
437 1
fe=(178)
41 4
cfi=(170) /usr/src/debug/gcc/gcc-build/x86_64-pc-linux-gnu/libstdc++-v3/src/c++98/../../../../../gcc/libstdc++-v3/src/c++98/locale.cc
cfn=(616) std::locale::facet::_S_get_c_locale()
calls=1 221 
* 17
* 1
+1 3

fn=(692) std::codecvt<wchar_t, char, __mbstate_t>::codecvt(unsigned long)
118 2
fi=(177)
437 3
fe=(178)
118 2
fi=(177)
437 1
fe=(178)
121 4
cfi=(170)
cfn=(616)
calls=1 221 
* 17
* 1
+1 3

fl=(182) /usr/src/debug/gcc/gcc-build/x86_64-pc-linux-gnu/libstdc++-v3/src/c++98/monetary_members.cc
fn=(656) std::__cxx11::moneypunct<char, false>::_M_initialize_moneypunct(__locale_struct*, char const*)
372 2
+1 1
-1 4
+1 2
+3 2
+3 1
+12 1
-10 1
-1 1
+11 1
-11 1
+1 1
+10 1
-10 1
+1 1
+1 1
+1 1
+1 1
+1 1
+1 1
+1 1
+1 1
+1 1
+2 2
+3 35
517 4

fn=(696) std::__cxx11::moneypunct<wchar_t, false>::_M_initialize_moneypunct(__locale_struct*, char const*)
741 2
+1 1
-1 6
+1 2
+3 2
914 7
748 1
+5 1
-1 1
-2 1
-2 1
+12 1
-7 1
+7 1
-5 1
+2 1
+3 1
-10 1
+1 1
+3 1
+2 1
+2 1
+1 1
+2 2
+5 2
-1 5
+1 7
-1 2
+1 3
-1 2
+1 6
-2 1

fn=(698) std::__cxx11::moneypunct<wchar_t, true>::_M_initialize_moneypunct(__locale_struct*, char const*)
558 2
+1 1
-1 6
+1 2
+3 2
731 7
565 1
+5 1
-1 1
-2 1
-2 1
+12 1
-7 1
+7 1
-5 1
+2 1
+3 1
-10 1
+1 1
+3 1
+2 1
+2 1
+1 1
+2 2
+5 2
-1 5
+1 7
-1 2
+1 3
-1 2
+1 6
-2 1

fn=(658) std::__cxx11::moneypunct<char, true>::_M_initialize_moneypunct(__locale_struct*, char const*)
216 2
+1 1
-1 4
+1 2
+3 2
+3 1
+12 1
-10 1
-1 1
+11 1
-11 1
+1 1
+10 1
-10 1
+3 1
+2 1
+2 1
-6 1
+1 1
+2 1
+2 1
+2 1
+1 1
+2 2
+3 35
366 4

fl=(214) /usr/src/debug/gcc/gcc-build/x86_64-pc-linux-gnu/libstdc++-v3/src/../../../../gcc/libstdc++-v3/src/c++11/compatibility-thread-c++0x.cc
fn=(794) _GLOBAL__sub_I_compatibility_thread_c__0x.cc
128 2
-74 1
cfi=(215) /usr/src/debug/gcc/gcc-build/x86_64-pc-linux-gnu/libstdc++-v3/src/c++11/../../../../../gcc/libstdc++-v3/src/c++11/future.cc
cfn=(796) std::future_category()
calls=1 +35 
* 3
* 2
+74 2

fl=(254)
fn=(3650) std::istreambuf_iterator<char, std::char_traits<char> >::equal(std::istreambuf_iterator<char, std::char_traits<char> > const&) const
201 9
+8 42
-7 15
fi=(200)
350 9
fe=(254)
210 6

fn=(3652) std::istreambuf_iterator<char, std::char_traits<char> >::_M_get() const
206 6
+2 6
+1 30
fi=(200)
498 6
350 12
fi=(237)
455 12
fe=(254)

fn=(3668) std::istreambuf_iterator<char, std::char_traits<char> >::equal(std::istreambuf_iterator<char, std::char_traits<char> > const&) const [clone .constprop.0]
201 6
+8 9
fi=(200)
350 9
fe=(254)
201 3
+8 21
-7 12

fl=(185) /usr/src/debug/gcc/gcc-build/x86_64-pc-linux-gnu/libstdc++-v3/include/x86_64-pc-linux-gnu/bits/messages_members.h
fn=(728) std::messages<wchar_t>::messages(unsigned long)
44 2
fi=(177)
437 3
fe=(185)
44 2
fi=(177)
437 1
fe=(185)
46 3
-1 1
cfi=(170)
cfn=(616)
calls=1 221 
* 17
* 1
+1 1
cfi=(170)
cfn=(612) std::locale::facet::_S_get_c_name()
calls=1 233 
* 3
* 1
+1 3

fn=(664) std::__cxx11::messages<char>::messages(unsigned long)
44 2
fi=(177)
437 3
fe=(185)
44 2
fi=(177)
437 1
fe=(185)
46 3
-1 1
cfi=(170)
cfn=(616)
calls=1 221 
* 17
* 1
+1 1
cfi=(170)
cfn=(612)
calls=1 233 
* 3
* 1
+1 3

fn=(704) std::__cxx11::messages<wchar_t>::messages(unsigned long)
44 2
fi=(177)
437 3
fe=(185)
44 2
fi=(177)
437 1
fe=(185)
46 3
-1 1
cfi=(170)
cfn=(616)
calls=1 221 
* 17
* 1
+1 1
cfi=(170)
cfn=(612)
calls=1 233 
* 3
* 1
+1 3

fn=(720) std::messages<char>::messages(unsigned long)
44 2
fi=(177)
437 3
fe=(185)
44 2
fi=(177)
437 1
fe=(185)
46 3
-1 1
cfi=(170)
cfn=(616)
calls=1 221 
* 17
* 1
+1 1
cfi=(170)
cfn=(612)
calls=1 233 
* 3
* 1
+1 3

fl=(167) /usr/src/debug/gcc/gcc-build/x86_64-pc-linux-gnu/libstdc++-v3/src/c++98/../../../../../gcc/libstdc++-v3/src/c++98/ios_init.cc
fn=(4770) std::ios_base::Init::~Init()
123 1
fi=(168) /usr/src/debug/gcc/gcc-build/x86_64-pc-linux-gnu/libstdc++-v3/include/ext/atomicity.h
-66 1
+59 1
+25 2
-25 1
+5 2
fe=(167)
+6 2
-4 1
+11 2
cfi=(250)
cfn=(3576)
calls=1 +91 
* 239
+1 2
cfi=(250)
cfn=(3576)
calls=1 +90 
* 371
+1 2
cfi=(250)
cfn=(3576)
calls=1 +89 
* 120
+3 2
cfi=(250)
cfn=(4782)
calls=1 +86 
* 120
+1 2
cfi=(250)
cfn=(4782)
calls=1 +85 
* 371
+1 2
cfi=(250)
cfn=(4782)
calls=1 +84 
* 120
+6 2

fn=(600) std::ios_base::Init::Init()
78 10
fi=(168)
+63 1
-25 1
+25 2
-25 1
+5 2
fe=(167)
-41 3
fi=(200)
474 1
+1 1
-1 21
fe=(167)
83 1
fi=(200)
475 1
fe=(167)
83 1
+2 1
fi=(200)
475 1
fe=(167)
85 1
fi=(200)
475 2
cfi=(169) /usr/src/debug/gcc/gcc-build/x86_64-pc-linux-gnu/libstdc++-v3/src/c++11/../../../../../gcc/libstdc++-v3/src/c++11/locale_init.cc
cfn=(604) std::locale::locale()
calls=1 269 
* 33885
fi=(199)
83 1
fi=(200)
475 1
-1 1
fi=(199)
83 1
fi=(200)
475 1
fi=(199)
83 1
fe=(167)
+3 1
fi=(200)
475 1
fi=(199)
83 1
fe=(167)
+3 1
fi=(200)
474 1
fi=(199)
83 1
fi=(200)
474 1
+1 2
cfi=(169)
cfn=(604)
calls=1 269 
* 25
* 1
fi=(199)
83 1
fi=(200)
475 1
fe=(167)
87 1
fi=(200)
474 1
fi=(199)
83 1
fi=(200)
475 1
fe=(167)
87 1
fi=(200)
474 1
fi=(199)
83 1
fi=(200)
474 1
+1 2
cfi=(169)
cfn=(604)
calls=1 269 
* 25
fi=(201)
+3 1
fi=(199)
83 3
fi=(201)
478 2
cfi=(202) /usr/src/debug/gcc/gcc-build/x86_64-pc-linux-gnu/libstdc++-v3/src/c++11/../../../../../gcc/libstdc++-v3/src/c++11/ios.cc
cfn=(738) std::ios_base::ios_base()
calls=1 76 
* 56
-1 1
+1 1
fi=(207)
93 1
fi=(201)
477 1
fi=(207)
93 2
fi=(201)
477 1
+1 1
fi=(207)
93 3
cfi=(203) /usr/src/debug/gcc/gcc-build/x86_64-pc-linux-gnu/libstdc++-v3/include/bits/basic_ios.tcc
cfn=(740) std::basic_ios<char, std::char_traits<char> >::init(std::basic_streambuf<char, std::char_traits<char> >*)
calls=1 +38 
* 263
fi=(201)
478 3
cfi=(202)
cfn=(738)
calls=1 76 
* 56
-1 1
+1 1
fi=(208) /usr/src/debug/gcc/gcc-build/x86_64-pc-linux-gnu/libstdc++-v3/include/istream
103 1
-1 1
fi=(201)
477 1
fi=(208)
103 1
fi=(201)
477 1
fi=(208)
102 5
fi=(201)
478 1
fi=(208)
103 2
cfi=(203)
cfn=(740)
calls=1 +28 
* 147
fi=(201)
478 3
cfi=(202)
cfn=(738)
calls=1 76 
* 56
-1 1
+1 1
fi=(207)
93 2
fi=(201)
477 1
fi=(207)
93 1
fi=(201)
477 1
+1 1
fi=(207)
93 3
cfi=(203)
cfn=(740)
calls=1 +38 
* 147
fi=(201)
478 4
cfi=(202)
cfn=(738)
calls=1 76 
* 56
-1 1
+1 1
fi=(207)
93 3
fi=(201)
477 2
+1 1
fi=(207)
93 3
cfi=(203)
cfn=(740)
calls=1 +38 
* 147
fi=(206)
+14 1
fi=(200)
475 1
-1 1
+1 1
fi=(201)
326 1
fe=(167)
102 1
fi=(201)
326 1
fi=(200)
474 1
fe=(167)
102 1
fi=(200)
475 1
-1 2
+1 2
cfi=(169)
cfn=(604)
calls=1 269 
* 25
fi=(199)
83 1
fi=(200)
475 1
fi=(199)
83 1
fi=(200)
474 1
+1 1
fi=(199)
83 2
fe=(167)
+20 1
fi=(200)
475 1
fi=(199)
83 1
fe=(167)
+20 1
fi=(200)
474 2
+1 2
cfi=(169)
cfn=(604)
calls=1 269 
* 25
* 1
fi=(199)
83 1
fi=(200)
474 1
fe=(167)
104 1
fi=(199)
-21 1
fi=(200)
475 2
fe=(167)
104 1
fi=(200)
474 1
fi=(199)
83 1
fi=(200)
474 1
+1 2
cfi=(169)
cfn=(604)
calls=1 269 
* 25
fi=(201)
+3 1
fi=(199)
83 3
fi=(201)
478 2
cfi=(202)
cfn=(738)
calls=1 76 
* 56
fi=(207)
93 1
fi=(201)
478 1
-1 2
fi=(207)
93 2
fi=(201)
477 1
+1 1
fi=(207)
93 3
cfi=(203)
cfn=(764) std::basic_ios<wchar_t, std::char_traits<wchar_t> >::init(std::basic_streambuf<wchar_t, std::char_traits<wchar_t> >*)
calls=1 +38 
* 151
fi=(201)
478 3
cfi=(202)
cfn=(738)
calls=1 76 
* 56
fi=(208)
102 1
fi=(201)
478 1
-1 2
fi=(208)
103 2
-1 2
fi=(201)
477 1
fi=(208)
102 3
fi=(201)
478 1
fi=(208)
103 2
cfi=(203)
cfn=(764)
calls=1 +28 
* 151
fi=(201)
478 3
cfi=(202)
cfn=(738)
calls=1 76 
* 56
fi=(207)
93 1
fi=(201)
478 1
-1 2
fi=(207)
93 2
fi=(201)
477 1
+1 1
fi=(207)
93 3
cfi=(203)
cfn=(764)
calls=1 +38 
* 151
fi=(201)
478 4
cfi=(202)
cfn=(738)
calls=1 76 
* 56
fi=(207)
93 1
fi=(201)
478 1
-1 2
fi=(207)
93 2
fi=(201)
477 1
+1 1
fi=(207)
93 3
cfi=(203)
cfn=(764)
calls=1 +38 
* 151
fi=(168)
+58 1
fi=(201)
326 1
fi=(206)
107 1
fi=(201)
326 1
fi=(168)
151 2
-19 1
fe=(167)
-11 8

fl=(253) /usr/src/debug/gcc/gcc-build/x86_64-pc-linux-gnu/libstdc++-v3/include/bits/sstream.tcc
fn=(1164) std::__cxx11::basic_stringbuf<char, std::char_traits<char>, std::allocator<char> >::_M_pbump(char*, char*, long)
280 64
fi=(200)
571 64
fe=(253)
280 64
fi=(200)
572 64
fe=(253)
284 128
fi=(200)
559 192
fe=(253)
290 64

fn=(1158) std::__cxx11::basic_stringbuf<char, std::char_traits<char>, std::allocator<char> >::overflow(int)
83 320
+4 256
+4 128
fi=(233)
238 64
+18 192
+23 128
fi=(200)
549 64
-6 64
+3 64
fe=(253)
97 256
+19 12
fi=(200)
559 64
fe=(253)
110 192
+39 320
-48 348
cfn=(1164)
calls=58 280 
* 580
+1 116
fi=(200)
491 58
fe=(253)
105 58
+1 58
-1 58
+1 58
-2 58
fi=(200)
525 58
+2 58
fe=(253)
104 58
+2 58
fi=(200)
526 58
+20 58
fi=(237)
-97 116
fi=(233)
1303 128
fi=(237)
468 6
fe=(253)
116 18
fi=(220)
261 6
fe=(253)
133 6
fi=(234)
+29 6
fi=(220)
+99 6
fi=(234)
-99 6
fi=(233)
+71 6
fi=(220)
+28 6
-24 12
fi=(246)
-73 12
fi=(234)
-2 6
cfi=(232)
cfn=(918)
calls=6 43 
* 506
fi=(233)
265 6
fe=(253)
138 6
fi=(237)
355 6
fi=(234)
162 6
fi=(233)
+66 6
+37 6
fe=(253)
138 12
fi=(233)
426 18
fi=(246)
583 12
fi=(233)
445 12
fi=(237)
-13 18
cob=(2)
cfi=(158)
cfn=(908)
calls=6 0 
* 78
* 18
-77 6
fi=(233)
238 6
+41 6
-46 6
+46 18
1751 18
fi=(237)
449 6
-94 6
fe=(253)
141 12
fi=(237)
355 6
fi=(233)
233 6
fe=(253)
-92 6
cfi=(246)
cfn=(1420) std::__cxx11::basic_string<char, std::char_traits<char>, std::allocator<char> >::swap(std::__cxx11::basic_string<char, std::char_traits<char>, std::allocator<char> >&)
calls=6 -77 
* 312
+2 12
-1 12
+1 12
-1 6
cfn=(1426) std::__cxx11::basic_stringbuf<char, std::char_traits<char>, std::allocator<char> >::_M_sync(char*, unsigned long, unsigned long)
calls=6 249 
* 204
fi=(233)
+96 6
+41 12
445 12
fe=(253)
138 6
fi=(200)
559 6
fe=(253)

fn=(1426)
249 6
fi=(233)
-11 6
fe=(253)
+11 6
fi=(233)
+7 6
1189 6
279 12
1303 6
fe=(253)
252 6
+2 6
+1 6
+2 12
+8 12
+1 6
+1 6
fi=(200)
525 6
fe=(253)
266 6
fi=(200)
527 6
fe=(253)
267 6
+2 18
cfn=(1164)
calls=6 +11 
* 60

fl=(408) /usr/src/debug/gcc/gcc-build/x86_64-pc-linux-gnu/libstdc++-v3/include/fstream
fn=(3722) std::basic_ifstream<char, std::char_traits<char> >::~basic_ifstream()
642 1
+1 1
-1 2
+1 4
264 1
643 1
264 2
-3 1
cfi=(406)
cfn=(3516) std::basic_filebuf<char, std::char_traits<char> >::close()
calls=1 -8 
* 546
+3 2
cfi=(407)
cfn=(3528)
calls=1 -54 
* 21
fi=(200)
-57 5
cfi=(170)
cfn=(746) std::locale::~locale()
calls=1 91 
* 6
fi=(208)
-95 2
fi=(201)
297 1
fi=(208)
112 1
fi=(201)
297 3
fe=(408)
643 1
fi=(201)
297 1
cfi=(202)
cfn=(1196) std::ios_base::~ios_base()
calls=1 87 
* 43
fe=(408)

fn=(3622) std::basic_ifstream<char, std::char_traits<char> >::basic_ifstream(std::__cxx11::basic_string<char, std::char_traits<char>, std::allocator<char> > const&, std::_Ios_Openmode)
605 6
fi=(201)
478 1
fe=(408)
605 5
fi=(201)
478 1
cfi=(202)
cfn=(738)
calls=1 76 
* 56
fi=(208)
713 1
fi=(201)
477 1
fi=(208)
714 1
-1 2
fi=(201)
478 1
fi=(208)
714 1
fi=(201)
477 2
fi=(208)
713 2
fi=(201)
478 1
fi=(208)
714 2
cfi=(203)
cfn=(740)
calls=1 131 
* 147
fe=(408)
607 7
cfi=(406)
cfn=(3166) std::basic_filebuf<char, std::char_traits<char> >::basic_filebuf()
calls=1 85 
* 85
+2 3
cfi=(203)
cfn=(740)
calls=1 131 
* 147
fi=(206)
151 1
fe=(408)
345 2
fi=(206)
151 1
fe=(408)
345 1
cfi=(406)
cfn=(3174) std::basic_filebuf<char, std::char_traits<char> >::open(char const*, std::_Ios_Openmode)
calls=1 183 
* 746
750 3
-5 2
+5 2
cfi=(203)
cfn=(3186) std::basic_ios<char, std::char_traits<char> >::clear(std::_Ios_Iostate)
calls=1 46 
* 9
611 6

fl=(293) /usr/src/debug/gcc/gcc-build/x86_64-pc-linux-gnu/libstdc++-v3/src/c++17/../../../../../gcc/libstdc++-v3/src/c++17/fs_ops.cc
fn=(1576) std::filesystem::status(std::filesystem::__cxx11::path const&, std::error_code&)
1516 12
+24 3
-24 9
+24 6
cob=(2)
cfi=(294) /usr/src/debug/glibc/glibc/io/../sysdeps/unix/sysv/linux/stat64.c
cfn=(1578) stat
calls=3 28 
* 45
* 6
+2 1
cob=(2)
cfi=(255) /usr/src/debug/glibc/glibc/csu/errno-loc.c
cfn=(1220) __errno_location
calls=1 25 
* 4
* 1
+1 1
cfi=(286) /usr/src/debug/gcc/gcc-build/x86_64-pc-linux-gnu/libstdc++-v3/src/c++11/../../../../../gcc/libstdc++-v3/src/c++11/system_error.cc
cfn=(1602) std::_V2::generic_category()
calls=1 611 
* 3
+1 2
+3 4
fi=(451) /usr/src/debug/gcc/gcc-build/x86_64-pc-linux-gnu/libstdc++-v3/src/c++17/../../../../../gcc/libstdc++-v3/src/c++17/../filesystem/ops-common.h
337 2
-1 8
fi=(296) /usr/src/debug/gcc/gcc-build/x86_64-pc-linux-gnu/libstdc++-v3/include/bits/fs_fwd.h
174 6
fi=(297) /usr/src/debug/gcc/gcc-build/x86_64-pc-linux-gnu/libstdc++-v3/include/system_error
+85 2
cfi=(286)
cfn=(1540) std::_V2::system_category()
calls=2 608 
* 6
* 4
-5 2
fe=(293)
1556 4
fi=(297)
253 2
fe=(293)
1556 2
+1 6
fi=(297)
254 1
fe=(293)
1556 2
fi=(297)
253 1
fe=(293)
1556 1
+1 15
fi=(300) /usr/src/debug/gcc/gcc-build/x86_64-pc-linux-gnu/libstdc++-v3/include/bits/fs_dir.h
68 1
+14 2
fe=(293)

fl=(385) /usr/src/debug/gcc/gcc-build/x86_64-pc-linux-gnu/libstdc++-v3/src/c++11/../../../../../gcc/libstdc++-v3/src/c++11/hashtable_c++0x.cc
fn=(2940) std::__detail::_Prime_rehash_policy::_M_need_rehash(unsigned long, unsigned long, unsigned long) const
103 2
+1 8
fi=(220)
256 2
+5 10
fe=(385)
111 4
+1 4
-9 2
+11 12
+1 2
fi=(220)
261 4
fe=(385)
114 2
cfn=(2944) std::__detail::_Prime_rehash_policy::_M_next_bkt(unsigned long) const
calls=2 -67 
* 44
+1 2
+8 2
-8 2
+8 6
-11 6

fn=(2944)
47 8
+6 4
+6 2
-4 4
+7 12
-1 2
+1 2
-1 10

fl=(179)
fn=(1142)
2553 18
+2 36
cfi=(251)
cfn=(1144) std::ostreambuf_iterator<char, std::char_traits<char> > std::num_put<char, std::ostreambuf_iterator<char, std::char_traits<char> > >::_M_insert_int<unsigned long>(std::ostreambuf_iterator<char, std::char_traits<char> >, std::ios_base&, char, unsigned long) const
calls=18 875 
* 4879

fn=(1448)
2549 2
+1 4
cfi=(251)
cfn=(1256) std::ostreambuf_iterator<char, std::char_traits<char> > std::num_put<char, std::ostreambuf_iterator<char, std::char_traits<char> > >::_M_insert_int<long>(std::ostreambuf_iterator<char, std::char_traits<char> >, std::ios_base&, char, long) const
calls=2 875 
* 399

fl=(251)
fn=(3642) std::num_get<char, std::istreambuf_iterator<char, std::char_traits<char> > >::do_get(std::istreambuf_iterator<char, std::char_traits<char> >, std::istreambuf_iterator<char, std::char_traits<char> >, std::ios_base&, std::_Ios_Iostate&, double&) const
709 60
fi=(420) /usr/src/debug/gcc/gcc-build/x86_64-pc-linux-gnu/libstdc++-v3/include/bits/cow_string.h
312 12
fe=(251)
714 6
fi=(420)
312 3
fe=(251)
714 3
cfi=(420)
cfn=(3644) std::string::reserve(unsigned long) [clone .constprop.0]
calls=3 3668 
* 252
+1 27
cfn=(3646) std::num_get<char, std::istreambuf_iterator<char, std::char_traits<char> > >::_M_extract_float(std::istreambuf_iterator<char, std::char_traits<char> >, std::istreambuf_iterator<char, std::char_traits<char> >, std::ios_base&, std::_Ios_Iostate&, std::string&) const
calls=3 152 
* 3466
* 15
+1 3
cfi=(170)
cfn=(616)
calls=3 221 
* 51
* 18
cfi=(174) /usr/src/debug/gcc/gcc-build/x86_64-pc-linux-gnu/libstdc++-v3/src/c++98/c++locale.cc
cfn=(3678) void std::__convert_to_v<double>(char const*, double&, std::_Ios_Iostate&, __locale_struct* const&)
calls=3 75 
* 3360
fi=(254)
209 33
fe=(251)
717 6
+2 3
fi=(420)
338 3
fe=(251)
719 12
fi=(420)
338 3
fe=(251)
719 3
fi=(420)
269 3
fe=(251)
719 6
fi=(420)
269 3
fe=(251)
720 33
fi=(200)
350 12
fi=(254)
209 9
cfi=(168)
cfn=(3698) std::string::_Rep::_M_dispose(std::allocator<char> const&) [clone .part.0]
calls=3 57 
* 132
* 9
fe=(251)

fn=(1256)
875 39
fi=(206)
-22 3
fe=(251)
+22 12
+9 3
cfn=(1146) std::__use_cache<std::__numpunct_cache<char> >::operator()(std::locale const&) const [clone .isra.0]
calls=3 57 
* 75
fi=(206)
695 3
fe=(251)
884 3
+1 3
+5 15
fi=(206)
87 3
fe=(251)
890 3
+10 3
fi=(206)
87 3
fe=(251)
890 3
+6 3
fi=(206)
87 3
fe=(251)
896 3
+1 6
-1 3
+3 6
-1 6
+3 16
cfn=(1150) int std::__int_to_char<char, unsigned long>(char*, unsigned long, char const*, std::_Ios_Fmtflags, bool)
calls=2 -82 
* 52
* 8
cfn=(1150)
calls=1 -82 
* 26
+1 3
+3 6
-3 3
-1 3
+1 6
+3 6
+13 6
+3 6
+3 6
fi=(206)
790 3
fe=(251)
947 9
fi=(206)
801 3
+1 3
fi=(254)
329 6
fi=(200)
460 12
cfi=(252)
cfn=(1154)
calls=3 84 
* 216
fi=(254)
331 15
fe=(251)
959 33
-45 6

fn=(3646)
152 6
fi=(206)
853 3
fe=(251)
152 57
+8 3
cfn=(1146)
calls=3 57 
* 75
fi=(254)
+78 12
fe=(251)
-78 3
fi=(254)
+78 9
cfn=(3650)
calls=3 -37 
* 81
fe=(251)
-70 6
371 3
fi=(420)
-33 3
fe=(251)
+33 9
fi=(420)
269 6
fe=(251)
372 39
fi=(254)
238 3
-84 3
+84 6
-84 3
cfn=(3652)
calls=3 +52 
* 36
fe=(251)
+17 3
fi=(254)
-17 6
fi=(237)
449 3
fe=(251)
173 3
fi=(254)
-19 3
fe=(251)
+19 3
-1 15
+17 18
+1 10
+2 6
+2 4
fi=(200)
511 4
fi=(254)
246 14
cfn=(3668)
calls=2 -45 
* 40
fe=(251)
-45 4
fi=(254)
+45 4
-92 4
cfn=(3652)
calls=2 +52 
* 24
* 4
fe=(251)
+35 2
fi=(237)
449 2
fe=(251)
189 8
fi=(420)
1276 4
fe=(251)
199 2
fi=(420)
1276 2
cfn=(3660) std::string::push_back(char)
calls=2 1437 
* 62
fi=(200)
498 2
328 4
fe=(251)
173 2
fi=(420)
1276 3
cfn=(3660)
calls=1 1437 
* 31
fi=(200)
498 1
328 2
511 2
fi=(254)
246 4
cfn=(3668)
calls=1 -45 
* 20
fe=(251)
-69 2
fi=(254)
+69 2
-92 1
+92 1
-92 1
cfn=(3652)
calls=1 +52 
* 12
* 2
fi=(237)
449 1
fe=(251)
189 3
-13 1
-2 2
fi=(420)
330 6
fe=(251)
+29 6
173 9
fi=(168)
57 50
fi=(420)
221 100
1440 200
fi=(237)
355 50
fi=(420)
-25 50
+8 50
-99 100
fe=(251)
-13 50
fi=(200)
498 50
+3 50
328 100
498 3
+3 3
328 6
511 106
350 106
fi=(254)
209 371
fe=(251)
+52 106
fi=(254)
-52 106
fi=(200)
498 53
350 106
fi=(237)
455 53
fe=(251)
173 53
fi=(179)
2178 168
fi=(420)
330 50
961 50
1439 50
+1 100
fe=(251)
228 12
+6 6
+1 6
fi=(420)
-2 50
+10 50
fi=(237)
355 100
fe=(251)
229 9
+3 3
fi=(420)
1276 9
cfn=(3660)
calls=3 1437 
* 93
+1 6
312 27
fe=(251)
-98 6
+4 9

fn=(1150)
819 63
+4 42
+5 273
+3 21
-2 21
-1 42
+3 21
-3 160
+3 20
-2 20
-1 40
+3 20
+25 42
+1 21

fn=(1288) std::ostreambuf_iterator<char, std::char_traits<char> > std::num_put<char, std::ostreambuf_iterator<char, std::char_traits<char> > >::_M_insert_float<double>(std::ostreambuf_iterator<char, std::char_traits<char> >, std::ios_base&, char, char, double) const
999 3312
fi=(206)
853 621
fe=(251)
1006 207
cfn=(1146)
calls=207 57 
* 5175
fi=(206)
766 207
fe=(251)
1018 414
-12 207
+3 207
+9 207
-9 414
+9 207
cfi=(258) /usr/src/debug/gcc/gcc-build/x86_64-pc-linux-gnu/libstdc++-v3/src/c++98/../../../../../gcc/libstdc++-v3/src/c++98/locale_facets.cc
cfn=(1292) std::__num_base::_S_format_float(std::ios_base const&, char*, char)
calls=207 64 
* 6831
fi=(206)
87 207
fe=(251)
1028 207
fi=(206)
87 207
fe=(251)
1028 1656
+1 414
+1 207
cfi=(170)
cfn=(616)
calls=207 221 
* 3519
* 2277
cfi=(259) /usr/src/debug/gcc/gcc-build/x86_64-pc-linux-gnu/libstdc++-v3/include/x86_64-pc-linux-gnu/bits/c++locale.h
cfn=(1296) std::__convert_from_v(__locale_struct* const&, char*, int, char const*, ...)
calls=207 78 
* 349103
* 207
+7 414
fi=(205) /usr/src/debug/gcc/gcc-build/x86_64-pc-linux-gnu/libstdc++-v3/include/bits/locale_classes.tcc
119 414
cfi=(170)
cfn=(642) std::locale::id::_M_id() const
calls=207 507 
* 1242
* 207
+1 207
+8 414
228 414
fe=(251)
1071 2898
+2 207
-2 414
+2 207
fi=(179)
911 207
fe=(251)
1071 207
fi=(179)
911 414
fi=(237)
402 207
+6 1035
cob=(2)
cfi=(158)
cfn=(1002)
calls=207 0 
* 3933
fe=(251)
1078 621
fi=(237)
408 207
fe=(251)
1078 207
+3 185
-1 370
+1 185
+6 370
fi=(206)
790 207
fe=(251)
1114 621
fi=(206)
801 414
+1 207
fi=(254)
329 414
fi=(200)
460 1035
cfi=(406)
cfn=(4134)
calls=150 759 
* 13500
cfi=(199)
cfn=(4016)
calls=18 255 
* 2528
cfi=(252)
cfn=(1154)
calls=39 84 
* 5830
fi=(254)
331 1035
fe=(251)
1126 2277
-39 44
fi=(179)
913 621
+1 1242
cob=(2)
cfi=(158)
cfn=(908)
calls=207 0 
* 2801
fi=(237)
402 621
fe=(251)
1071 414

fn=(1144)
875 234
fi=(206)
-22 18
fe=(251)
+22 72
+9 18
cfn=(1146)
calls=18 57 
* 450
fi=(206)
695 18
fe=(251)
884 18
+1 18
+5 108
fi=(206)
87 18
fe=(251)
890 18
+11 36
fi=(206)
87 18
fe=(251)
890 18
+6 18
fi=(206)
87 18
fe=(251)
901 18
-5 18
+1 18
+4 18
-4 18
-1 18
+5 72
cfn=(1150)
calls=18 -82 
* 728
+4 18
-3 18
+3 18
-3 18
-1 18
+1 36
+3 36
+13 36
fi=(206)
790 18
fe=(251)
947 54
fi=(206)
801 18
+1 18
fi=(254)
329 36
fi=(200)
460 72
cfi=(199)
cfn=(4016)
calls=2 255 
* 290
cfi=(252)
cfn=(1154)
calls=16 84 
* 1881
fi=(254)
331 90
fe=(251)
959 198

fn=(1286)
1182 207
+2 621
cfn=(1288)
calls=207 999 
* 425010

fn=(1146)
57 693
+2 231
-2 462
+2 231
cfi=(170)
cfn=(642)
calls=231 507 
* 1386
* 231
+1 231
+1 1155
+16 1155

fn=(1254)
1130 12
fi=(206)
695 3
fe=(251)
1134 2
+3 3
cfn=(1256)
calls=1 875 
* 255
* 2
+40 1
-5 1
+6 13

fl=(247)
fn=(1034)
32 7420
+1 7420
cfi=(235)
cfn=(930)
calls=7420 +15 
* 286409

fl=(249) /usr/src/debug/gcc/gcc-build/x86_64-pc-linux-gnu/libstdc++-v3/include/sstream
fn=(1124) std::__cxx11::basic_stringstream<char, std::char_traits<char>, std::allocator<char> >::basic_stringstream()
1173 371
fi=(201)
478 53
fe=(249)
1173 530
fi=(201)
478 106
cfi=(202)
cfn=(738)
calls=53 76 
* 2968
-1 53
+1 53
fi=(208)
713 53
fi=(201)
477 53
fi=(208)
714 106
-1 106
fi=(201)
477 53
fi=(208)
713 106
fi=(201)
478 53
fi=(208)
714 106
cfi=(203)
cfn=(740)
calls=53 131 
* 7791
fi=(207)
441 371
cfi=(203)
cfn=(740)
calls=53 131 
* 7791
fe=(249)
1174 159
fi=(200)
475 53
fe=(249)
1174 265
fi=(200)
475 106
cfi=(169)
cfn=(604)
calls=53 269 
* 1325
fi=(237)
355 53
fe=(249)
142 106
1175 106
142 53
fi=(233)
+91 53
fe=(249)
-91 53
fi=(233)
245 106
fe=(249)
1175 53
cfi=(203)
cfn=(740)
calls=53 131 
* 7791
* 318

fn=(1178) std::__cxx11::basic_stringbuf<char, std::char_traits<char>, std::allocator<char> >::str() const &
288 364
fi=(233)
-43 52
fi=(237)
355 52
fi=(200)
546 52
fi=(233)
204 52
+29 52
fe=(249)
501 156
+6 52
fi=(200)
+36 52
fe=(249)
-36 156
fi=(233)
-81 52
fe=(249)
+81 52
fi=(233)
1913 52
426 104
fi=(246)
583 104
fi=(233)
445 94
fi=(246)
604 94
fi=(237)
355 52
fi=(233)
233 52
fe=(249)
+63 260
fi=(233)
454 94
fi=(237)
-22 352
-77 78
fe=(249)
-59 5
fi=(246)
154 10
394 10
fi=(234)
162 5
cfi=(232)
cfn=(918)
calls=5 43 
* 210
fi=(246)
399 10
fi=(234)
162 5
fi=(246)
399 10
fi=(237)
+33 15
cob=(2)
cfi=(158)
cfn=(908)
calls=5 0 
* 55
* 5
fi=(233)
265 10
-37 5
+36 5
fi=(246)
156 5
+8 10
fi=(237)
432 60
fe=(249)

fn=(3586) std::__cxx11::basic_stringbuf<char, std::char_traits<char>, std::allocator<char> >::str() const
288 5
fi=(233)
-43 1
fe=(249)
+43 3
fi=(237)
+67 1
fi=(200)
546 1
fi=(233)
204 1
+29 1
fe=(249)
501 3
+6 1
fi=(200)
+36 1
fe=(249)
-36 3
fi=(233)
-81 1
fe=(249)
+81 1
fi=(233)
1913 1
426 2
fi=(246)
583 2
fi=(237)
355 1
fe=(249)
-59 1
fi=(233)
-63 1
fe=(249)
+63 6
fi=(246)
611 4
cfn=(1484) std::__cxx11::basic_string<char, std::char_traits<char>, std::allocator<char> >::_M_mutate(unsigned long, unsigned long, char const*, unsigned long)
calls=1 388 
* 264
fi=(233)
238 3
fe=(249)

fn=(1190) std::__cxx11::basic_stringstream<char, std::char_traits<char>, std::allocator<char> >::~basic_stringstream()
1215 53
+1 53
-1 106
+1 265
fi=(233)
256 53
fe=(249)
1216 53
fi=(233)
238 53
+41 106
fi=(234)
-96 6
cfi=(235)
cfn=(930)
calls=6 48 
* 210
fi=(200)
+24 265
cfi=(170)
cfn=(746)
calls=53 91 
* 318
fi=(207)
101 53
fi=(208)
+11 53
fi=(201)
297 53
fi=(207)
101 53
fi=(208)
+11 106
fi=(201)
297 159
fe=(249)
1216 53
fi=(201)
297 53
cfi=(202)
cfn=(1196)
calls=53 87 
* 2279
fe=(249)

fl=(180) /usr/src/debug/gcc/gcc-build/x86_64-pc-linux-gnu/libstdc++-v3/src/c++98/numeric_members.cc
fn=(694) std::__cxx11::numpunct<wchar_t>::_M_initialize_numpunct(__locale_struct*)
183 8
+1 1
-1 2
+1 2
+3 2
+69 1
+3 1
-2 1
-1 1
+3 1
+1 1
+1 7
-71 2
+4 1
-3 1
+3 1
+6 2
-10 1
+10 1
-8 1
+6 3
+2 7
-1 2
+1 3
-1 2
+1 8
-2 1
+6 15
-1 2
+1 3
-1 2
+1 7
-1 2
+1 3
-1 2
+1 4
-2 1

fn=(652) std::__cxx11::numpunct<char>::_M_initialize_numpunct(__locale_struct*)
92 2
+1 1
-1 4
+1 2
+3 2
+68 2
+5 2
-4 1
-1 1
+3 2
+1 1
+1 2
-70 1
+1 1
-1 1
+2 1
+2 1
+1 2
+3 2
-1 4
+1 3
-1 3
+1 105
-1 105
+4 2
-1 4
+1 3
-1 3
+1 75
-1 76

fl=(205)
fn=(3278) std::__cxx11::collate<char>::do_transform(char const*, char const*) const
288 6
fi=(233)
-43 3
fi=(452) /usr/src/debug/gcc/gcc-build/x86_64-pc-linux-gnu/libstdc++-v3/include/bits/stl_iterator_base_funcs.h
108 3
fe=(205)
288 15
fi=(452)
108 3
fe=(205)
288 21
fi=(233)
-43 3
-37 3
-4 3
fi=(237)
355 3
fi=(233)
233 3
-29 6
878 3
fi=(246)
233 6
fi=(233)
454 6
fe=(205)
297 6
+2 3
-2 3
+34 3
cob=(2)
cfi=(255)
cfn=(1220)
calls=3 25 
* 12
* 66
fi=(237)
+24 6
fi=(233)
233 3
fi=(237)
355 3
fi=(233)
237 3
fe=(205)
+95 9
fi=(246)
483 6
+1 3
fi=(233)
-30 6
fi=(237)
-99 3
+41 3
fi=(233)
233 3
fi=(237)
396 3
cob=(2)
cfi=(158)
cfn=(688)
calls=3 0 
* 42
fe=(205)
-32 3
+1 6
-25 15
cfi=(412) /usr/src/debug/gcc/gcc-build/x86_64-pc-linux-gnu/libstdc++-v3/src/c++98/collate_members.cc
cfn=(3284) std::__cxx11::collate<char>::_M_transform(char*, char const*, unsigned long) const
calls=3 53 
* 327
* 3
+3 6
fi=(233)
+83 12
238 3
+41 6
fi=(246)
479 3
+2 6
fi=(233)
1189 6
1303 6
fi=(237)
355 6
fi=(233)
238 6
fe=(205)
+74 12
+1 12
+1 6
fi=(233)
-76 3
+41 6
fe=(205)
+94 36

fl=(445)
fn=(4776)
138 4
+2 2
cfi=(446) /usr/src/debug/gcc/gcc-build/x86_64-pc-linux-gnu/libstdc++-v3/libsupc++/../../../../gcc/libstdc++-v3/libsupc++/eh_globals.cc
cfn=(4778) __cxa_get_globals
calls=2 -78 
* 38
+1 6
+4 4

fl=(224) /usr/src/debug/gcc/gcc-build/x86_64-pc-linux-gnu/libstdc++-v3/src/c++98/../../../../../gcc/libstdc++-v3/src/c++98/bitmap_allocator.cc
fn=(826) _GLOBAL__sub_I_bitmap_allocator.cc
127 1
fi=(225) /usr/src/debug/gcc/gcc-build/x86_64-pc-linux-gnu/libstdc++-v3/include/ext/bitmap_allocator.h
1113 5
106 4
1126 3
+5 4
fi=(453) /usr/src/debug/gcc/gcc-build/x86_64-pc-linux-gnu/libstdc++-v3/include/ext/concurrence.h
134 6
fi=(225)
1113 4
106 4
1126 3
+5 4
fi=(453)
134 6
fe=(224)
-7 1
fi=(225)
1126 1
412 2
+9 1
-9 2
1126 1
412 2
+9 1
-9 2
fe=(224)

fl=(216) /usr/src/debug/gcc/gcc-build/x86_64-pc-linux-gnu/libstdc++-v3/libsupc++/../../../../gcc/libstdc++-v3/libsupc++/eh_alloc.cc
fn=(798) _GLOBAL__sub_I_eh_alloc.cc
456 2
fi=(453)
134 1
fe=(216)
+61 1
456 6
fi=(453)
134 4
fe=(216)
+53 1
+8 2
cob=(2)
cfi=(217) /usr/src/debug/glibc/glibc/stdlib/secure-getenv.c
cfn=(800) secure_getenv
calls=1 28 
* 838
fi=(219) /usr/src/debug/gcc/gcc-build/x86_64-pc-linux-gnu/libstdc++-v3/include/bits/stl_pair.h
467 1
fe=(216)
202 1
+1 2
fi=(220)
+34 2
fe=(216)
-47 1
fi=(220)
+47 2
fe=(216)
-9 1
-38 2
-52 2
+95 1
-1 1
+1 2
456 6
235 2
cob=(2)
cfi=(152) /usr/src/debug/glibc/glibc/malloc/malloc.c
cfn=(812) malloc
calls=1 3101 
* 356
* 1
+1 2
+12 1
-3 1
+2 1
+1 1
456 1

fl=(412)
fn=(3284)
53 21
cob=(2)
cfi=(413) /usr/src/debug/glibc/glibc/string/strxfrm_l.c
cfn=(3286) strxfrm_l
calls=3 668 
* 306

fl=(418) /usr/src/debug/gcc/gcc-build/x86_64-pc-linux-gnu/libstdc++-v3/include/ostream
fn=(3572) std::basic_ostream<char, std::char_traits<char> >& std::endl<char, std::char_traits<char> >(std::basic_ostream<char, std::char_traits<char> >&)
71 16
+1 12
fi=(201)
-20 8
fi=(179)
884 8
+1 4
fe=(418)
72 8
cfi=(250)
cfn=(3566)
calls=4 +85 
* 200
* 4
+22 4
-22 4
+22 4
cfi=(250)
cfn=(3576)
calls=4 225 
* 224

fl=(415) /usr/src/debug/gcc/gcc-build/x86_64-pc-linux-gnu/libstdc++-v3/src/c++98/../../../../../gcc/libstdc++-v3/src/c++98/tree.cc
fn=(3478) std::_Rb_tree_decrement(std::_Rb_tree_node_base*)
122 4
-25 12
+1 3
+2 15
+3 12
+21 8
-15 1
+1 2

fn=(3352) std::_Rb_tree_increment(std::_Rb_tree_node_base*)
84 5
-22 17
+3 8
+21 4
-16 3
+1 9
+3 3
-3 6
+5 6
+10 6

fn=(3318) std::_Rb_tree_insert_and_rebalance(bool, std::_Rb_tree_node_base*, std::_Rb_tree_node_base*, std::_Rb_tree_node_base&)
199 21
+13 21
-9 21
-4 21
+5 21
+1 21
+1 21
+6 21
+2 10
+2 20
+5 4
+11 4
+1 110
+2 7
+2 21
+25 8
-17 3
-12 6
+49 13
+1 13
-57 11
+2 22
+1 8
+3 16
+39 8
+5 4
136 4
277 4
138 8
+1 8
+2 8
+2 8
+6 4
+1 4
+82 8
+7 3
+1 15
+2 3
+1 3
+1 3
+1 3
-76 1
+1 1
-1 1
+1 2
+2 1
+2 2
+2 2
+5 1
-1 1
+1 1
+92 1
-92 2
-37 8
+33 2
+55 8
-14 8
+1 8
+63 8
+1 8
-61 1
+10 2

fl=(204) /usr/src/debug/gcc/gcc-build/x86_64-pc-linux-gnu/libstdc++-v3/src/c++98/../../../../../gcc/libstdc++-v3/src/c++98/ios_locale.cc
fn=(742) std::ios_base::_M_init()
39 564
+2 188
-2 564
+4 188
-2 188
+3 376
cfi=(169)
cfn=(604)
calls=188 269 
* 4700
* 564
cfi=(170)
cfn=(744) std::locale::operator=(std::locale const&)
calls=188 +76 
* 2632
* 376
cfi=(170)
cfn=(746)
calls=188 +47 
* 1128
+1 1128

fl=(409) /usr/src/debug/gcc/gcc-build/x86_64-pc-linux-gnu/libstdc++-v3/include/bits/istream.tcc
fn=(3632) std::istream& std::istream::_M_extract<double>(double&)
101 8
+3 4
-3 16
+3 4
-3 16
+3 8
cfn=(3196) std::istream::sentry::sentry(std::istream&, bool)
calls=4 -53 
* 485
+1 8
+6 3
-4 3
+4 9
fi=(201)
-59 6
338 15
fi=(179)
2116 27
cfi=(251)
cfn=(3642)
calls=3 709 
* 7546
* 6
fe=(409)
125 9
+4 36

fn=(3194) std::istream::read(char*, long)
709 336
+4 56
-4 224
+3 56
+1 168
cfn=(3196)
calls=56 51 
* 1624
+1 112
+5 56
fi=(200)
367 112
fi=(201)
-28 112
fi=(200)
+28 112
cfi=(406)
cfn=(3198) std::basic_filebuf<char, std::char_traits<char> >::xsgetn(char*, long)
calls=56 673 
* 5259
fe=(409)
719 56
+1 112
+14 504
-3 3
fi=(206)
198 2
fi=(201)
-30 1
cfi=(203)
cfn=(3186)
calls=1 46 
* 9
* 1
fe=(409)

fn=(3196)
51 120
+4 60
-4 240
+1 60
+3 120
fi=(201)
+93 60
fe=(409)
-93 240
fi=(201)
312 180
fe=(409)
59 120
fi=(201)
339 4
fi=(200)
498 4
350 8
fe=(409)
67 3
fi=(237)
455 3
fi=(201)
52 6
fi=(200)
511 6
350 6
fi=(237)
455 2
fi=(419) /usr/src/debug/gcc/gcc-build/x86_64-pc-linux-gnu/libstdc++-v3/include/x86_64-pc-linux-gnu/bits/ctype_inline.h
44 4
fe=(409)
+25 4
fi=(419)
-25 8
fe=(409)
+25 8
fi=(200)
498 3
+3 3
328 6
fe=(409)
89 9
fi=(201)
+59 3
fe=(409)
-59 6
+7 2
fi=(206)
198 1
fe=(409)
96 1
fi=(201)
+72 1
cfi=(203)
cfn=(3186)
calls=1 46 
* 9
fe=(409)
61 187
+35 59
-6 59
+6 236
fi=(200)
353 3
cfi=(406)
cfn=(3206) std::basic_filebuf<char, std::char_traits<char> >::underflow()
calls=1 -26 
* 114
fe=(409)
69 2
+20 3
fi=(201)
+58 5
fi=(200)
353 3
cfi=(406)
cfn=(3206)
calls=1 -26 
* 119
fe=(409)
67 4
fi=(201)
-15 2
fe=(409)
+17 3

fl=(246)
fn=(1092) std::__cxx11::basic_string<char, std::char_traits<char>, std::allocator<char> >::_M_assign(std::__cxx11::basic_string<char, std::char_traits<char>, std::allocator<char> > const&)
340 315
+3 126
fi=(233)
238 63
+18 189
1187 126
+2 63
279 126
fe=(246)
+69 126
+9 118
fi=(237)
-2 63
fi=(233)
233 189
fe=(246)
362 319
-11 12
-1 4
+1 4
cfn=(1266) std::__cxx11::basic_string<char, std::char_traits<char>, std::allocator<char> >::_M_create(unsigned long&, unsigned long)
calls=4 143 
* 216
fi=(233)
238 4
+41 12
-14 4
-37 4
+37 4
-27 4
fi=(237)
432 12
cob=(2)
cfi=(158)
cfn=(908)
calls=4 0 
* 78
* 174
cob=(2)
cfi=(158)
cfn=(908)
calls=58 0 
* 870
fi=(233)
238 62
fi=(237)
432 62
fi=(233)
1303 126
238 58
454 116
fe=(246)

fn=(1020) std::__cxx11::basic_string<char, std::char_traits<char>, std::allocator<char> >::_M_erase(unsigned long, unsigned long)
413 108
fi=(233)
1189 108
fe=(246)
413 432
+5 540
fi=(237)
-63 108
fe=(246)
+66 108
fi=(237)
-66 108
fi=(233)
233 216
fe=(246)

fn=(1054) void std::__cxx11::basic_string<char, std::char_traits<char>, std::allocator<char> >::_M_construct<char const*>(char const*, char const*, std::forward_iterator_tag)
227 646
fi=(452)
108 323
fe=(246)
227 323
fi=(452)
108 323
fe=(246)
227 1292
+4 323
+2 646
fi=(233)
+5 277
454 554
fi=(237)
-99 323
fi=(233)
233 323
fe=(246)
+25 1938
fi=(237)
426 877
fe=(246)
235 184
cfn=(1266)
calls=46 -92 
* 5277
* 92
fi=(233)
-7 46
fe=(246)
+7 46
fi=(233)
+30 92
fi=(237)
432 138
cob=(2)
cfi=(158)
cfn=(908)
calls=46 0 
* 518
* 831
cob=(2)
cfi=(158)
cfn=(908)
calls=277 0 
* 4381
fe=(246)
257 323
fi=(233)
-19 323
fi=(237)
432 323
fe=(246)

fn=(1042) std::__cxx11::basic_string<char, std::char_traits<char>, std::allocator<char> >::_M_construct(unsigned long, char)
263 12
+3 4
fi=(233)
-28 4
fe=(246)
+36 4
fi=(233)
474 4
fi=(237)
355 2
fe=(246)
-78 2
fi=(233)
-39 2
fi=(237)
355 2
fi=(233)
233 2
fe=(246)
+45 6

fn=(1420)
64 42
+3 12
fi=(233)
238 6
+18 6
-18 6
+18 6
+23 12
1189 6
233 12
fe=(246)
-95 30
fi=(233)
281 6
-2 12
fe=(246)
108 6
-2 6
fi=(237)
432 114
fi=(233)
228 12
+37 18
fe=(246)

fn=(1484)
388 4620
+6 2310
-6 4620
+6 2310
-6 13860
fi=(233)
1189 2310
fe=(246)
388 6930
+6 4620
fi=(233)
256 4620
+23 4620
1303 4620
fe=(246)
395 4620
-3 2310
+3 4620
cfn=(1266)
calls=2310 143 
* 134065
+2 4620
-2 2310
+2 2310
fi=(233)
238 2308
454 6924
fi=(237)
-22 6924
cob=(2)
cfi=(158)
cfn=(908)
calls=2308 0 
* 34620
* 2308
fe=(246)
-33 9240
+1 2310
fi=(233)
+54 4620
fi=(237)
-22 6930
cob=(2)
cfi=(158)
cfn=(908)
calls=2310 0 
* 30079
fe=(246)
-31 4620
fi=(233)
238 2310
+41 4620
-14 2310
-37 2310
+37 2310
fe=(246)
408 25410
fi=(233)
1303 4620
fe=(246)

fn=(3296) std::__cxx11::basic_string<char, std::char_traits<char>, std::allocator<char> >::reserve(unsigned long)
367 9
fi=(233)
256 3
fe=(246)
367 3
fi=(233)
-88 6
fe=(246)
+96 6
+8 9
fi=(233)
1303 6
fe=(246)

fn=(1480) std::__cxx11::basic_string<char, std::char_traits<char>, std::allocator<char> >::_M_replace(unsigned long, unsigned long, char const*, unsigned long)
574 78
fi=(233)
426 78
fe=(246)
574 234
fi=(233)
426 78
fe=(246)
574 78
fi=(233)
1189 78
426 234
238 78
+18 78
+23 156
fe=(246)
581 234
+2 156
+2 77
+2 231
fi=(233)
445 154
fe=(246)
602 154
+2 154
fi=(233)
454 122
fi=(237)
-22 20
cob=(2)
cfi=(158)
cfn=(908)
calls=5 0 
* 65
-77 156
fe=(246)
615 78
fi=(233)
233 78
fe=(246)
615 312
fi=(233)
445 15
fe=(246)
611 2
cfn=(1484)
calls=1 388 
* 140
* 1
fi=(233)
1303 156
fi=(237)
355 168
fe=(246)

fn=(1266)
143 2368
+5 9472
+16 2368
-10 11840
+4 4616
fi=(234)
+4 60
cfi=(232)
cfn=(918)
calls=60 43 
* 5406
fe=(246)
-6 2308
+8 2308
fi=(234)
-2 2308
cfi=(232)
cfn=(918)
calls=2308 43 
* 96936
fe=(246)

fn=(3496) std::__cxx11::basic_string<char, std::char_traits<char>, std::allocator<char> >::_M_append(char const*, unsigned long)
476 9316
fi=(233)
1189 2329
238 2329
+18 2329
+23 4658
fe=(246)
479 2329
+2 4658
+2 42
+1 21
fi=(233)
-30 57
fi=(237)
-22 45
cob=(2)
cfi=(158)
cfn=(908)
calls=15 0 
* 240
fi=(233)
238 15
fi=(237)
432 15
fi=(233)
238 15
fi=(237)
355 15
fe=(246)
491 15
fi=(233)
233 15
fe=(246)
491 30
fi=(237)
355 2314
fe=(246)
491 2314
fi=(233)
233 2314
fe=(246)
491 4628
-4 13848
cfn=(1484)
calls=2308 -99 
* 364664
fi=(233)
238 9232
1303 4658
fi=(237)
355 12
fi=(233)
238 12
fe=(246)

fn=(3302) std::__cxx11::basic_string<char, std::char_traits<char>, std::allocator<char> >::_M_replace_aux(unsigned long, unsigned long, unsigned long, char)
513 6
fi=(233)
-87 6
fe=(246)
+87 24
fi=(233)
-87 6
fe=(246)
+87 6
fi=(233)
1189 6
426 24
238 18
+18 6
+23 12
fe=(246)
520 18
+2 12
+4 6
+1 12
+6 12
+1 6
fi=(233)
-60 12
fi=(237)
355 6
fe=(246)
538 6
fi=(233)
233 6
fe=(246)
538 24
fi=(237)
355 6
fi=(233)
238 12
1303 12
fe=(246)

fl=(252)
fn=(1154)
84 1710
+4 1559
-1 3771
fi=(200)
546 419
fe=(252)
91 1257
fi=(200)
546 39
fe=(252)
91 117
+12 130
fi=(237)
455 1806
fe=(252)
114 2280
-21 399
fi=(237)
432 399
fe=(252)
93 399
fi=(220)
237 798
fe=(252)
96 399
fi=(237)
432 798
cob=(2)
cfi=(158)
cfn=(908)
calls=399 0 
* 5886
fi=(200)
812 399
fe=(252)
101 798
-4 12
fi=(237)
455 65
fe=(252)
103 130
cfi=(406)
cfn=(4140) std::basic_filebuf<char, std::char_traits<char> >::overflow(int)
calls=1 545 
* 52
cfi=(253)
cfn=(1158)
calls=64 -20 
* 5616
+1 130
+2 65
+1 65
-19 156
-1 151
+26 151

fn=(3202) std::basic_streambuf<char, std::char_traits<char> >::xsgetn(char*, long)
50 168
+4 224
-1 448
fi=(200)
498 56
fe=(252)
57 224
fi=(200)
498 1
fe=(252)
57 4
+12 4
fi=(200)
717 230
fe=(252)
80 224
-21 56
fi=(237)
432 56
fe=(252)
59 56
fi=(220)
237 112
fe=(252)
62 56
fi=(237)
432 112
cob=(2)
cfi=(158)
cfn=(908)
calls=56 0 
* 844
fi=(200)
809 56
fe=(252)
67 112
+2 1
-6 1
+6 3
+4 1
fi=(237)
355 1
fe=(252)
72 1
-18 2
fi=(200)
717 4
cfi=(406)
cfn=(3206)
calls=2 327 
* 233
+2 4
498 1
fi=(237)
-43 1
fi=(200)
+56 3
fe=(252)

fl=(258)
fn=(1292)
64 207
fi=(206)
695 207
fe=(258)
64 207
+2 414
+2 414
+2 414
fi=(206)
+17 414
fe=(258)
-10 207
fi=(206)
+10 414
fe=(258)
-10 414
+4 414
+4 414
+9 621
-1 414
-11 207
+9 414
+9 621
+1 207
+1 207

fl=(183) /usr/src/debug/gcc/gcc-build/x86_64-pc-linux-gnu/libstdc++-v3/include/x86_64-pc-linux-gnu/bits/time_members.h
fn=(700) std::__timepunct<wchar_t>::__timepunct(std::__timepunct_cache<wchar_t>*, unsigned long)
48 2
fi=(177)
437 3
fe=(183)
48 2
fi=(177)
437 1
fe=(183)
50 1
-1 1
+1 1
-1 1
+1 2
cfi=(170)
cfn=(612)
calls=1 233 
* 3
+1 2
-1 1
+1 1
cfi=(184) /usr/src/debug/gcc/gcc-build/x86_64-pc-linux-gnu/libstdc++-v3/src/c++98/time_members.cc
cfn=(702) std::__timepunct<wchar_t>::_M_initialize_timepunct(__locale_struct*)
calls=1 222 
* 152
* 3

fn=(660) std::__timepunct<char>::__timepunct(std::__timepunct_cache<char>*, unsigned long)
48 2
fi=(177)
437 3
fe=(183)
48 2
fi=(177)
437 1
fe=(183)
50 1
-1 1
+1 1
-1 1
+1 2
cfi=(170)
cfn=(612)
calls=1 233 
* 3
+1 2
-1 1
+1 1
cfi=(184)
cfn=(662) std::__timepunct<char>::_M_initialize_timepunct(__locale_struct*)
calls=1 +15 
* 155
* 3

fl=(166) /usr/src/debug/gcc/gcc-build/x86_64-pc-linux-gnu/libstdc++-v3/src/c++98/../../../../../gcc/libstdc++-v3/src/c++98/globals_io.cc
fn=(598) _GLOBAL__sub_I.00090_globals_io.cc
118 2
-38 2
cfi=(167)
cfn=(600)
calls=1 -2 
* 36030
* 1
+38 1
-38 3
cob=(2)
cfi=(209) /usr/src/debug/glibc/glibc/stdlib/cxa_atexit.c
cfn=(776) __cxa_atexit
calls=1 -13 
* 63

fl=(406)
fn=(4134)
759 2736
+8 456
+1 456
-1 456
fi=(201)
52 912
fi=(195) /usr/src/debug/gcc/gcc-build/x86_64-pc-linux-gnu/libstdc++-v3/include/bits/codecvt.h
219 912
-1 456
+1 456
cfi=(178)
cfn=(3212)
calls=456 100 
* 1368
fe=(406)
769 3192
fi=(200)
546 456
fe=(406)
771 912
+3 913
+1 3
+2 912
+23 456
-5 912
+5 1368
-5 456
cfi=(252)
cfn=(1154)
calls=456 84 
* 17750

fn=(3520) std::basic_filebuf<char, std::char_traits<char> >::_M_destroy_internal_buffer()
68 9
+3 6
+2 12
cfi=(416)
cfn=(3522)
calls=3 -39 
* 279
+1 3
+1 3
+2 9
+1 3
+2 3
-1 3
+1 3
+2 6

fn=(3174)
183 18
fi=(408)
+96 3
fe=(406)
-96 6
fi=(408)
+96 3
fe=(406)
-96 3
fi=(408)
+96 3
cfi=(407)
cfn=(3176)
calls=3 +25 
* 12
fe=(406)
-92 6
+2 15
cfi=(407)
cfn=(3178)
calls=3 +66 
* 1366
fi=(408)
+90 6
cfi=(407)
cfn=(3176)
calls=3 +25 
* 12
fe=(406)
-89 6
+2 6
cfn=(3182) std::basic_filebuf<char, std::char_traits<char> >::_M_allocate_internal_buffer()
calls=3 54 
* 743
fi=(408)
511 3
fe=(406)
196 3
-3 3
+3 3
+5 9
fi=(200)
571 6
fe=(406)
201 9
fi=(200)
571 3
fe=(406)
205 6
+8 3
-4 3
+4 15

fn=(4152) std::basic_filebuf<char, std::char_traits<char> >::_M_convert_to_external(char*, long)
610 12
+6 1
fi=(201)
52 2
fi=(195)
219 4
cfi=(178)
cfn=(3212)
calls=1 100 
* 3
fe=(406)
616 2
+30 4
cfi=(407)
cfn=(4156)
calls=1 356 
* 54
+22 2
+1 11

fn=(3206)
327 20
+5 16
+2 8
fi=(200)
498 4
fi=(408)
230 8
fi=(200)
501 4
fe=(406)
346 8
482 20
346 4
+4 12
+7 4
-7 12
fi=(201)
52 8
fi=(195)
219 8
cfi=(178)
cfn=(3212)
calls=4 100 
* 12
fe=(406)
357 8
-27 4
fi=(408)
509 6
fi=(200)
+62 2
fi=(408)
-62 2
fe=(406)
-51 8
fi=(408)
+51 4
fi=(200)
+62 4
-2 2
+2 2
fi=(237)
455 6
fe=(406)
-96 16
cfi=(407)
cfn=(3214)
calls=4 -25 
* 216
* 4
+2 8
+94 2
fi=(408)
+56 2
fi=(200)
+60 2
fe=(406)
467 8
fi=(200)
571 12
fe=(406)

fn=(3182)
54 3
+5 12
-5 6
+7 9
cfi=(398)
cfn=(3046)
calls=3 -30 
* 698
* 6
+1 3
+2 6

fn=(4140)
545 20
+6 8
+3 4
fi=(200)
-11 2
+3 2
fe=(406)
+16 4
+3 2
+8 3
cfn=(4152)
calls=1 +37 
* 95
* 2
fi=(408)
-62 1
-5 5
+7 3
+1 2
fi=(200)
+55 1
fi=(237)
468 5
fe=(406)
606 16

ob=(9) /home/m0hawk/.bridgestan/bridgestan-2.9.0/stan/lib/stan_math/lib/tbb/libtbb.so.2
fl=(316) /home/m0hawk/.bridgestan/bridgestan-2.9.0/stan/lib/stan_math/lib/tbb/../tbb_2020.3/src/tbb/task_group_context.cpp
fn=(4632) tbb::task_group_context::~task_group_context()
136 3
+1 2
+56 3
+2 3
+1 3

fn=(1754) tbb::task_group_context::init()
198 2
+3 2
+3 7
cfi=(317) /home/m0hawk/.bridgestan/bridgestan-2.9.0/stan/lib/stan_math/lib/tbb/../tbb_2020.3/src/tbb/tbb_main.cpp
cfn=(1758) tbb::internal::itt_make_task_group_v7(tbb::internal::itt_domain_enum, void*, unsigned long long, void*, unsigned long long, tbb::internal::string_index)
calls=1 314 
* 5261
* 1
+9 1
-1 1
+3 1
+3 1
-5 1
-4 2
+18 2
+3 2

fl=(327) /home/m0hawk/.bridgestan/bridgestan-2.9.0/stan/lib/stan_math/lib/tbb/../tbb_2020.3/src/tbb/observer_proxy.h
fn=(1810) _GLOBAL__sub_I_observer_proxy.cpp
60 3
fi=(386) /home/m0hawk/.bridgestan/bridgestan-2.9.0/stan/lib/stan_math/lib/tbb/../tbb_2020.3/src/tbb/observer_proxy.cpp
363 1
fe=(327)

fl=(330) /home/m0hawk/.bridgestan/bridgestan-2.9.0/stan/lib/stan_math/lib/tbb/../tbb_2020.3/src/tbb/tbb_misc.cpp
fn=(1824) tbb::internal::cpu_has_speculation()
230 1
+14 6
+10 1
+9 1
-9 1
+9 1

fn=(2994) tbb::internal::PrintExtraVersionInfo(char const*, char const*, ...)
211 36
+1 6
+8 15

fn=(3054) tbb::internal::DefaultSystemPageSize()
76 2
cob=(2)
cfi=(339) /usr/src/debug/glibc/glibc/posix/../sysdeps/unix/sysv/linux/x86/sysconf.c
cfn=(2030) sysconf
calls=1 -44 
* 48
* 1

fn=(1826) tbb::internal::gcc_rethrow_exception_broken()
198 2

fl=(386)
fn=(3060) tbb::internal::observer_list::insert(tbb::internal::observer_proxy*)
125 8
fi=(327)
-45 2
fe=(386)
+45 2
fi=(436) /home/m0hawk/.bridgestan/bridgestan-2.9.0/stan/lib/stan_math/lib/tbb/../tbb_2020.3/include/tbb/spin_rw_mutex.h
-15 2
cfi=(400) /home/m0hawk/.bridgestan/bridgestan-2.9.0/stan/lib/stan_math/lib/tbb/../tbb_2020.3/src/tbb/spin_rw_mutex.cpp
cfn=(3064) tbb::spin_rw_mutex_v3::internal_acquire_writer()
calls=2 -72 
* 60
* 2
fe=(386)
+17 4
+1 2
+1 1
+4 1
fi=(312) /home/m0hawk/.bridgestan/bridgestan-2.9.0/stan/lib/stan_math/lib/tbb/../tbb_2020.3/include/tbb/machine/gcc_generic.h
+7 1
fe=(386)
-6 4
-1 1
fi=(312)
+7 1
fe=(386)
-6 4
-2 2

fn=(4206) tbb::internal::observer_list::remove(tbb::internal::observer_proxy*)
145 2
-4 2
-2 4
+14 2
+3 1
-15 2
+6 4
+2 2

fn=(2956) tbb::internal::task_scheduler_observer_v3::observe(bool)
294 24
+1 8
+1 4
+64 24
fi=(312)
101 2
fe=(386)
339 4
+5 4
fi=(436)
108 2
fi=(327)
-28 4
fi=(436)
+29 2
+1 2
cfi=(400)
cfn=(3064)
calls=2 -72 
* 60
* 2
fe=(386)
348 4
fi=(312)
100 2
fe=(386)
350 2
fi=(436)
102 6
+25 2
+5 4
fi=(312)
+8 2
fi=(454) /home/m0hawk/.bridgestan/bridgestan-2.9.0/stan/lib/stan_math/lib/tbb/../tbb_2020.3/include/tbb/atomic.h
311 2
fe=(386)
+45 2
fi=(312)
160 2
fe=(386)
356 6
-59 6
cob=(7)
cfi=(232)
cfn=(918)
calls=2 43 
* 84
* 2
* 8
cfn=(2960) tbb::internal::observer_proxy::observer_proxy(tbb::internal::task_scheduler_observer_v3&)
calls=2 60 
* 30
* 2
fi=(312)
168 2
fe=(386)
300 4
cfn=(2962) tbb::internal::observer_proxy::is_global()
calls=2 54 
* 42
* 4
fi=(312)
160 4
fe=(386)
325 4
+2 6
+1 4
cfn=(3060)
calls=2 125 
* 97
fi=(402) /home/m0hawk/.bridgestan/bridgestan-2.9.0/stan/lib/stan_math/lib/tbb/../tbb_2020.3/src/tbb/tls.h
43 6
cob=(2)
cfi=(366) /usr/src/debug/glibc/glibc/nptl/pthread_getspecific.c
cfn=(2388) pthread_getspecific@@GLIBC_2.34
calls=2 -19 
* 22
* 2
fe=(386)
329 4
fi=(312)
101 4
fe=(386)
326 1
cfi=(317)
cfn=(2968) tbb::internal::DoOneTimeInitializations()
calls=1 215 
* 20419
* 1
+25 8
cfn=(4206)
calls=2 145 
* 19
+2 6
cob=(7)
cfi=(247)
cfn=(1034)
calls=2 32 
* 74
* 2
* 2

fn=(2964) tbb::internal::observer_proxy::get_v6_observer()
48 12
+1 4
+1 4

fn=(2960)
60 12
+7 2
fi=(312)
168 2
-8 2
fe=(386)
-93 10
+7 2

fn=(2962)
54 4
+1 2
cfn=(2964)
calls=2 -7 
* 10
* 8
cfn=(2964)
calls=2 -7 
* 10
+1 2
-1 4
+1 2

fl=(393) /home/m0hawk/.bridgestan/bridgestan-2.9.0/stan/lib/stan_math/lib/tbb/../tbb_2020.3/src/tbb/tbb_misc_ex.cpp
fn=(3026) tbb::internal::initialize_hardware_concurrency_info()
129 2
+10 1
-10 1
+3 1
-3 3
+18 1
-18 1
+9 4
cob=(2)
cfi=(339)
cfn=(2030)
calls=1 32 
* 468
* 1
* 1
+1 1
cob=(2)
cfi=(158)
cfn=(3042) getpid
calls=1 0 
* 4
* 1
+9 1
-9 1
+9 2
+1 1
-1 1
cob=(7)
cfi=(398)
cfn=(3046)
calls=1 31 
* 44
* 1
+1 2
-1 1
+1 2
cob=(2)
cfi=(158)
cfn=(936)
calls=1 0 
* 19
* 1
+2 4
cob=(2)
cfi=(399) /usr/src/debug/glibc/glibc/posix/../sysdeps/unix/sysv/linux/sched_getaffinity.c
cfn=(3052) sched_getaffinity@@GLIBC_2.3.4
calls=1 34 
* 41
* 1
+1 2
+50 1
+2 11
-30 6
-5 1
+5 1
cfi=(310) /home/m0hawk/.bridgestan/bridgestan-2.9.0/stan/lib/stan_math/lib/tbb/../tbb_2020.3/src/tbb/dynamic_link.cpp
cfn=(2976) tbb::internal::dynamic_link(char const*, tbb::internal::dynamic_link_descriptor const*, unsigned long, void**, int)
calls=1 543 
* 2772
* 3
+15 6
+1 7
+1 2
-1 1
+1 5
-1 4
+1 22
-1 11
+1 55
-1 68
-1 4
+13 4
-7 2

fn=(4620) tbb::internal::destroy_process_mask()
86 3
+1 1
cob=(7)
cfi=(416)
cfn=(3522)
calls=1 -53 
* 37
* 1

fn=(3024) tbb::internal::AvailableHwConcurrency()
206 1
+1 7
cfi=(311) /home/m0hawk/.bridgestan/bridgestan-2.9.0/stan/lib/stan_math/lib/tbb/../tbb_2020.3/src/tbb/tbb_misc.h
cfn=(1728) void tbb::internal::atomic_do_once<void (*)()>(void (* const&)(), tbb::atomic<tbb::internal::do_once_state>&)
calls=1 +6 
* 3621
+1 1
+1 5

fl=(318) /home/m0hawk/.bridgestan/bridgestan-2.9.0/stan/lib/stan_math/lib/tbb/../tbb_2020.3/src/tbb/itt_notify.cpp
fn=(1770) tbb::internal::__TBB_load_ittnotify()
51 2
+3 3
cfi=(319) /home/m0hawk/.bridgestan/bridgestan-2.9.0/stan/lib/stan_math/lib/tbb/../tbb_2020.3/src/tbb/tools_api/ittnotify_static.c
cfn=(1772) __itt_init_ittlib
calls=1 1066 
* 5199

fl=(319)
fn=(1800) __itt_get_env_var(char const*)
771 12
+31 4
cob=(2)
cfi=(218) /usr/src/debug/glibc/glibc/stdlib/getenv.c
cfn=(802) getenv
calls=4 25 
* 2668
* 4
+1 8
+15 4
+1 16

fn=(1772)
1066 1
+8 1
-8 3
+8 2
+3 27
+13 9
-5 2
-67 6
+1 3
-1 5
+1 429
-1 715
1169 1
+1 1
+2 1
+5 2
+5 5
+2 576
-2 432
+8 1
+1 6
-14 3
cob=(3)
cfi=(154)
cfn=(1806)
calls=1 0 
* 27
* 6
1077 2
fi=(320) /home/m0hawk/.bridgestan/bridgestan-2.9.0/stan/lib/stan_math/lib/tbb/../tbb_2020.3/src/tbb/tools_api/ittnotify_config.h
324 2
fe=(319)
1077 6
cob=(3)
cfi=(154)
cfn=(1794)
calls=1 0 
* 36
+3 4
+2 2
+2 2
cob=(3)
cfi=(154)
cfn=(1796)
calls=1 0 
* 4
* 4
823 4
cfn=(1800)
calls=1 -52 
* 679
* 1
1089 1
cfn=(1804) __itt_get_groups()
calls=1 945 
* 2079
+1 3
-1 1
+1 7
+15 1
-28 3
cob=(3)
cfi=(154)
cfn=(1776)
calls=1 0 
* 5
* 9
cob=(3)
cfi=(154)
cfn=(1780)
calls=1 0 
* 11
* 10
cob=(3)
cfi=(154)
cfn=(1784)
calls=1 0 
* 40
* 8
cob=(3)
cfi=(154)
cfn=(1790)
calls=1 0 
* 4
* 7

fn=(4630) __itt_fini_ittlib
1029 1
+4 5
+2 25
+6 3

ob=(7)
fl=(406)
fn=(4140)
580 3
fi=(408)
-69 1
-5 2
+8 1
fi=(200)
+57 1
fi=(408)
-57 1
fi=(200)
+55 3
fi=(237)
468 3
fe=(406)
586 2
+1 2
fi=(237)
449 1
+19 1
fi=(200)
+91 1
fi=(237)
-91 2
fe=(406)

fn=(3198)
673 504
+5 112
+23 280
+3 112
+48 224
cfi=(252)
cfn=(3202)
calls=56 50 
* 3299
* 56
+3 392
-66 112
fi=(408)
230 56
fe=(406)
677 112

fn=(3516)
253 12
fi=(408)
+26 4
fe=(406)
-26 8
fi=(408)
+26 8
cfi=(407)
cfn=(3176)
calls=4 +25 
* 16
fe=(406)
-23 11
+24 6
cfn=(3518) std::basic_filebuf<char, std::char_traits<char> >::_M_terminate_output()
calls=3 952 
* 230
* 3
-10 3
-2 3
+1 3
+1 3
cfn=(3520)
calls=3 68 
* 339
+4 3
-3 3
+19 3
fi=(408)
511 3
fe=(406)
271 3
fi=(200)
571 12
fe=(406)
274 9
fi=(200)
571 3
fe=(406)
290 3
cfi=(407)
cfn=(3524)
calls=3 +28 
* 1095
+3 12
+3 6
+1 14
-40 1
+40 2

fn=(3166)
85 6
fi=(200)
475 6
fe=(406)
85 6
fi=(200)
475 3
fe=(406)
85 3
fi=(200)
475 3
fe=(406)
85 3
fi=(200)
474 3
+1 3
-1 6
+1 6
cfi=(169)
cfn=(604)
calls=3 269 
* 75
fe=(406)
86 6
+6 3
-6 9
+6 3
-6 3
+6 3
-6 6
cfi=(407)
cfn=(3168)
calls=3 207 
* 12
+4 3
-3 3
fi=(205)
+32 3
fe=(406)
-32 6
+1 9
+1 3
+1 3
+1 3
-1 3
+1 6
fi=(205)
+28 3
cfi=(170)
cfn=(642)
calls=3 507 
* 18
* 3
+1 3
+11 3
fe=(406)
-37 6
+1 9

fn=(3518)
952 6
+5 3
-5 18
+5 6
+2 4
cfn=(4140)
calls=1 545 
* 147
+1 2
+6 6
-1 1
fi=(201)
52 2
fi=(195)
219 3
cfi=(178)
cfn=(3212)
calls=1 100 
* 3
* 1
fe=(406)
965 2
+44 26

fl=(235)
fn=(930)
48 7841
+1 7841
cob=(2)
cfi=(152)
cfn=(632) free
calls=7841 3137 
* 287675

fl=(233)
fn=(942) std::__cxx11::basic_string<char, std::char_traits<char>, std::allocator<char> >::basic_string(std::__cxx11::basic_string<char, std::char_traits<char>, std::allocator<char> >&&)
766 369
245 369
+11 369
-48 369
+30 369
+41 738
-51 189
+37 567
-32 189
-5 189
fi=(237)
355 189
fe=(233)
233 189
787 189
265 36
-32 36
-5 36
fi=(237)
355 36
fe=(233)
233 36
787 36
233 144
-5 144
fi=(237)
355 144
fe=(233)
233 144
787 144
-15 360
fi=(237)
432 3440
fe=(233)

fn=(4194) std::__cxx11::basic_string<char, std::char_traits<char>, std::allocator<char> >::~basic_string()
919 19
238 19
+18 19
+23 38
920 19

fn=(924) std::__cxx11::basic_string<char, std::char_traits<char>, std::allocator<char> >::_M_dispose()
295 2519
-57 2519
+18 2519
+23 5038
fi=(234)
-96 810
cfi=(235)
cfn=(930)
calls=405 48 
* 16165
fe=(233)
299 2114

fn=(1052) std::__cxx11::basic_string<char, std::char_traits<char>, std::allocator<char> >::substr(unsigned long, unsigned long) const
3465 969
1189 323
415 969
245 323
436 323
245 323
654 646
437 646
654 323
+2 969
cfi=(246)
cfn=(1054)
calls=323 227 
* 20742
3467 969

fl=(420)
fn=(3660)
1437 36
330 6
961 6
1439 6
+1 12
fi=(168)
57 6
fe=(420)
221 12
1440 24
fi=(237)
355 6
fe=(420)
-25 6
+8 6
-99 12
-6 6
+10 6
fi=(237)
355 6
fe=(420)
1444 30

fn=(3644)
3668 21
1060 6
3677 6
+86 6
961 3
330 3
3763 6
+6 3
fi=(234)
162 3
cfi=(232)
cfn=(918)
calls=3 43 
* 126
fe=(420)
3786 3
fi=(234)
162 3
fe=(420)
+90 3
-19 3
3807 6
239 6
+99 3
-69 6
+65 3
3690 21
3810 3
243 3
fi=(237)
355 6
fe=(420)

fl=(444) /usr/src/debug/gcc/gcc-build/x86_64-pc-linux-gnu/libstdc++-v3/include/bits/shared_ptr_atomic.h
fn=(4768) std::atomic<std::shared_ptr<std::chrono::tzdb_list::_Node> >::~atomic()
660 1
fi=(455) /usr/src/debug/gcc/gcc-build/x86_64-pc-linux-gnu/libstdc++-v3/include/bits/atomic_base.h
1156 1
fe=(444)
426 2
+1 3

fl=(168)
fn=(3698)
57 3
+84 6
-25 3
+4 6
fi=(420)
282 6
fi=(234)
-99 3
cfi=(235)
cfn=(930)
calls=3 48 
* 105
fe=(168)

fl=(215)
fn=(796)
89 3

fl=(187) /usr/src/debug/gcc/gcc-build/x86_64-pc-linux-gnu/libstdc++-v3/src/c++11/ctype_members.cc
fn=(772) std::ctype<wchar_t>::do_widen(char) const
205 16

fn=(682) std::ctype<wchar_t>::_M_convert_to_wmask(unsigned short) const
60 12
+2 73
+36 3
cob=(2)
cfi=(194) /usr/src/debug/glibc/glibc/wctype/wctype_l.c
cfn=(684) wctype_l
calls=1 -72 
* 484
-36 21
+6 3
cob=(2)
cfi=(194)
cfn=(684)
calls=1 -42 
* 378
+3 3
cob=(2)
cfi=(194)
cfn=(684)
calls=1 -45 
* 537
-9 6
+18 3
cob=(2)
cfi=(194)
cfn=(684)
calls=1 -54 
* 194
-3 3
cob=(2)
cfi=(194)
cfn=(684)
calls=1 -51 
* 141
-3 3
cob=(2)
cfi=(194)
cfn=(684)
calls=1 -48 
* 88
+9 3
cob=(2)
cfi=(194)
cfn=(684)
calls=1 -57 
* 247
+21 4
-39 3
cob=(2)
cfi=(194)
cfn=(684)
calls=1 -39 
* 325
+24 3
cob=(2)
cfi=(194)
cfn=(684)
calls=1 -63 
* 188
-3 3
cob=(2)
cfi=(194)
cfn=(684)
calls=1 -60 
* 590

fn=(668) std::ctype<wchar_t>::_M_initialize_ctype()
282 6
+2 1
-2 1
+2 2
cob=(2)
cfi=(188) /usr/src/debug/glibc/glibc/locale/uselocale.c
cfn=(670) uselocale
calls=1 30 
* 22
* 1
+3 1
+6 128
-6 384
fi=(189) /usr/include/wchar.h
+89 256
cob=(2)
cfi=(190) /usr/src/debug/glibc/glibc/wcsmbs/wctob.c
cfn=(674) wctob
calls=128 30 
* 2176
fe=(187)
-86 256
+5 1
+4 3
fi=(189)
+71 2
cob=(2)
cfi=(191) /usr/src/debug/glibc/glibc/wcsmbs/btowc.c
cfn=(676) btowc
calls=1 32 
* 18
* 510
cob=(2)
cfi=(191)
cfn=(676)
calls=255 32 
* 9070
fe=(187)
-69 256
-2 256
+1 512
+3 1
+2 5
+1 1
-1 1
+1 2
cfn=(682)
calls=1 60 
* 97
-1 14
+1 7
-1 7
+1 14
cfn=(682)
calls=7 60 
* 1553
* 8
-3 24
+2 3
+1 1
-1 1
+1 2
cfn=(682)
calls=1 60 
* 500
-1 6
+1 3
-1 3
+1 6
cfn=(682)
calls=3 60 
* 1168
* 4
-3 12
+8 1
-2 1
+2 4
-2 1
cob=(2)
cfi=(188)
cfn=(670)
calls=1 30 
* 22
-22 2

fl=(286)
fn=(1540)
608 15

fn=(1602)
611 3

fl=(174)
fn=(3678)
75 30
+2 9
cob=(2)
cfi=(421) /usr/src/debug/glibc/glibc/stdlib/strtod_l.c
cfn=(3680) strtod_l
calls=3 1781 
* 3261
+4 3
-4 3
+4 12
+15 24
-10 9
+5 9

fn=(626) std::locale::facet::_S_create_c_locale(__locale_struct*&, char const*, __locale_struct*)
134 3
+1 2
cob=(2)
cfi=(175) /usr/src/debug/glibc/glibc/locale/newlocale.c
cfn=(628) newlocale
calls=1 285 
* 67
* 1
+1 2
+6 2

fl=(196) /usr/src/debug/gcc/gcc-build/x86_64-pc-linux-gnu/libstdc++-v3/src/c++11/../../../../../gcc/libstdc++-v3/src/c++11/cow-locale_init.cc
fn=(708) std::locale::_Impl::_M_init_extra(std::locale::facet**)
100 9
fi=(179)
1720 1
fe=(196)
100 1
fi=(179)
1719 1
fe=(196)
101 1
+1 1
+1 1
fi=(179)
1720 1
fi=(177)
437 1
fi=(179)
1719 3
+1 1
cfi=(197)
cfn=(710)
calls=1 92 
* 414
fi=(168)
57 1
+94 2
-20 1
fi=(177)
660 4
cfi=(170)
cfn=(642)
calls=1 507 
* 15
* 3
+56 1
437 1
716 3
cfi=(170)
cfn=(616)
calls=1 221 
* 17
* 1
fi=(168)
151 2
-20 1
fi=(177)
660 4
cfi=(170)
cfn=(642)
calls=1 507 
* 15
* 1
fi=(181) /usr/src/debug/gcc/gcc-build/x86_64-pc-linux-gnu/libstdc++-v3/include/bits/locale_facets_nonio.h
1108 1
fi=(177)
660 1
fi=(181)
1108 1
fi=(177)
660 1
fi=(181)
1107 1
+1 1
fi=(177)
437 1
fi=(181)
1107 3
+1 1
cfi=(198)
cfn=(716)
calls=1 372 
* 70
fi=(168)
151 2
-20 1
fi=(177)
660 4
cfi=(170)
cfn=(642)
calls=1 507 
* 15
* 2
fi=(181)
1108 1
fi=(177)
660 1
fi=(181)
1107 1
+1 2
fi=(177)
437 1
fi=(181)
1107 3
+1 1
cfi=(198)
cfn=(718)
calls=1 216 
* 70
fi=(168)
151 2
-20 1
fi=(177)
660 4
cfi=(170)
cfn=(642)
calls=1 507 
* 15
* 3
fi=(181)
1530 1
fi=(177)
437 1
fi=(181)
1530 2
fi=(168)
151 2
-19 1
fi=(177)
660 4
cfi=(170)
cfn=(642)
calls=1 507 
* 15
* 3
fi=(181)
1690 1
fi=(177)
437 1
fi=(181)
1690 2
fi=(168)
151 2
-19 1
fi=(177)
660 4
cfi=(170)
cfn=(642)
calls=1 507 
* 15
* 3
fi=(181)
422 1
fi=(177)
+15 1
fi=(181)
-15 2
fi=(168)
151 2
-19 1
fi=(177)
660 4
cfi=(170)
cfn=(642)
calls=1 507 
* 15
* 2
fe=(196)
112 1
fi=(177)
660 1
fe=(196)
112 2
cfi=(185)
cfn=(720)
calls=1 -68 
* 38
fi=(168)
+39 2
-20 1
fi=(177)
660 4
cfi=(170)
cfn=(642)
calls=1 507 
* 15
* 1
fi=(179)
1720 1
fi=(177)
660 1
fi=(179)
1720 1
fi=(177)
660 1
fe=(196)
115 1
fi=(177)
437 1
fe=(196)
114 1
+1 1
fi=(179)
1719 1
fe=(196)
114 1
+2 1
fi=(179)
1719 3
+1 1
cfi=(197)
cfn=(722)
calls=1 183 
* 105
fi=(168)
151 2
-20 1
fi=(177)
660 4
cfi=(170)
cfn=(642)
calls=1 507 
* 15
* 3
+56 1
437 1
716 3
cfi=(170)
cfn=(616)
calls=1 221 
* 17
* 1
fi=(168)
151 2
-20 1
fi=(177)
660 4
cfi=(170)
cfn=(642)
calls=1 507 
* 15
* 1
fi=(181)
1108 1
fi=(177)
660 1
fi=(181)
1108 1
fi=(177)
660 1
fi=(181)
1107 1
+1 1
fi=(177)
437 1
fi=(181)
1107 4
+1 1
cfi=(198)
cfn=(724)
calls=1 741 
* 67
fi=(168)
151 2
-20 1
fi=(177)
660 4
cfi=(170)
cfn=(642)
calls=1 507 
* 15
* 2
fi=(181)
1108 1
fi=(177)
660 1
fi=(181)
1107 1
+1 2
fi=(177)
437 1
fi=(181)
1107 3
+1 1
cfi=(198)
cfn=(726)
calls=1 558 
* 67
fi=(168)
151 2
-20 1
fi=(177)
660 4
cfi=(170)
cfn=(642)
calls=1 507 
* 15
* 3
fi=(181)
1530 1
fi=(177)
437 1
fi=(181)
1530 2
fi=(168)
151 2
-19 1
fi=(177)
660 4
cfi=(170)
cfn=(642)
calls=1 507 
* 15
* 3
fi=(181)
1690 1
fi=(177)
437 1
fi=(181)
1690 2
fi=(168)
151 2
-19 1
fi=(177)
660 4
cfi=(170)
cfn=(642)
calls=1 507 
* 15
* 3
fi=(181)
422 1
fi=(177)
+15 1
fi=(181)
-15 2
fi=(168)
151 2
-19 1
fi=(177)
660 4
cfi=(170)
cfn=(642)
calls=1 507 
* 15
* 2
fe=(196)
125 1
fi=(177)
660 1
fe=(196)
125 2
cfi=(185)
cfn=(728)
calls=1 -81 
* 38
fi=(168)
+26 2
-20 1
fi=(177)
660 3
cfi=(170)
cfn=(642)
calls=1 507 
* 15
* 1
fe=(196)
129 1
fi=(177)
660 1
fe=(196)
129 2
cfi=(170)
cfn=(642)
calls=1 507 
* 6
+1 1
-1 1
+1 2
cfi=(170)
cfn=(642)
calls=1 507 
* 6
+1 1
-1 1
+1 2
cfi=(170)
cfn=(642)
calls=1 507 
* 6
+2 1
-2 1
+2 2
cfi=(170)
cfn=(642)
calls=1 507 
* 6
* 1
+1 1
-1 1
+1 2
cfi=(170)
cfn=(642)
calls=1 507 
* 6
* 1
+1 2
-1 1
+1 1
cfi=(170)
cfn=(642)
calls=1 507 
* 6
* 1
+2 8

fl=(171) /usr/src/debug/gcc/gcc-build/x86_64-pc-linux-gnu/libstdc++-v3/src/c++11/ctype_configure_char.cc
fn=(614) std::ctype<char>::ctype(unsigned short const*, bool, unsigned long)
121 2
fi=(177)
437 1
fe=(171)
121 8
fi=(177)
437 3
fe=(171)
127 3
-5 1
cfi=(170)
cfn=(616)
calls=1 +99 
* 169
+1 1
-1 1
+1 3
+1 2
+1 2
+1 3
+3 1
-2 2
+2 8
+1 9
+1 6
-5 2

fl=(203)
fn=(3186)
46 8
fi=(206)
198 40
fe=(203)
52 24

fn=(750) std::basic_ios<char, std::char_traits<char> >::_M_cache_locale(std::locale const&)
169 1122
fi=(205)
-50 374
cfi=(170)
cfn=(642)
calls=187 507 
* 1122
* 374
+1 187
+8 187
fe=(203)
+43 374
fi=(205)
-52 187
cfi=(170)
cfn=(642)
calls=187 507 
* 1122
* 374
+1 187
+10 187
fe=(203)
+42 374
fi=(205)
-53 187
cfi=(170)
cfn=(642)
calls=187 507 
* 1122
* 187
+1 187
+9 187
fe=(203)
+44 374
+1 748

fn=(764)
131 24
+3 4
cfi=(204)
cfn=(742)
calls=4 -95 
* 268
+3 12
cfn=(766) std::basic_ios<wchar_t, std::char_traits<wchar_t> >::_M_cache_locale(std::locale const&)
calls=4 +32 
* 196
+16 16
fi=(179)
299 12
cfi=(187)
cfn=(772)
calls=4 -94 
* 16
fe=(203)
155 4
+1 8
+8 12
-2 4
-1 4
+2 4
+1 4
+1 16

fn=(4076) std::basic_ios<char, std::char_traits<char> >::copyfmt(std::basic_ios<char, std::char_traits<char> > const&)
68 18
+4 6
+6 30
+4 3
+1 6
+2 9
cfi=(202)
cfn=(1198) std::ios_base::_M_call_callbacks(std::ios_base::event)
calls=3 +78 
* 27
+1 9
+5 6
cfi=(202)
cfn=(1200) std::ios_base::_M_dispose_callbacks()
calls=3 +86 
* 33
+4 3
-1 3
+1 9
+1 24
-1 9
+1 42
-1 63
fi=(206)
695 3
+71 3
fe=(203)
97 3
+1 3
fi=(206)
708 3
fi=(201)
312 3
fi=(206)
777 3
fi=(201)
326 3
+64 6
+2 3
fi=(206)
842 3
fi=(201)
408 3
fi=(206)
842 3
fi=(201)
409 3
fi=(206)
842 3
cfi=(170)
cfn=(3256) std::locale::locale(std::locale const&)
calls=3 78 
* 21
fe=(203)
105 9
cfi=(170)
cfn=(744)
calls=3 +15 
* 42
* 6
cfi=(170)
cfn=(746)
calls=3 -14 
* 18
+1 9
cfn=(750)
calls=3 +63 
* 147
+2 9
cfi=(202)
cfn=(1198)
calls=3 +55 
* 27
fi=(201)
238 3
+37 6
-1 3
+1 3
cfi=(203)
cfn=(3186)
calls=3 46 
* 27
* 12
fe=(203)
114 21

fn=(766)
169 24
fi=(205)
-50 8
cfi=(170)
cfn=(642)
calls=4 507 
* 24
* 8
+1 4
+23 4
fe=(203)
+28 8
fi=(205)
-52 4
cfi=(170)
cfn=(642)
calls=4 507 
* 24
* 8
+1 4
+25 4
fe=(203)
+27 8
fi=(205)
-53 4
cfi=(170)
cfn=(642)
calls=4 507 
* 24
* 4
+1 4
+24 4
fe=(203)
+29 8
+1 16

fn=(740)
131 1104
+3 184
cfi=(204)
cfn=(742)
calls=184 -95 
* 12328
+3 552
cfn=(750)
calls=184 +32 
* 9016
+16 736
fi=(179)
884 368
+1 183
fe=(203)
155 366
+1 183
+8 549
-2 183
-1 183
+2 183
+1 183
+1 732
-10 2
+1 1
+8 3
-2 1
-1 1
+2 1
+1 1
+1 4
fi=(179)
886 2
cfi=(186) /usr/src/debug/gcc/gcc-build/x86_64-pc-linux-gnu/libstdc++-v3/src/c++11/../../../../../gcc/libstdc++-v3/src/c++11/ctype.cc
cfn=(756) std::ctype<char>::_M_widen_init() const
calls=1 90 
* 109
+1 6
fe=(203)

fl=(212) /usr/src/debug/gcc/gcc-build/x86_64-pc-linux-gnu/libstdc++-v3/src/../../../../gcc/libstdc++-v3/src/c++11/compatibility-c++0x.cc
fn=(790) std::error_category::error_category()
180 10

fn=(4764) std::error_category::~error_category()
182 4

fn=(4766) std::(anonymous namespace)::generic_error_category::~generic_error_category()
188 4
cfn=(4764)
calls=1 -6 
* 2

fn=(4762) std::(anonymous namespace)::system_error_category::~system_error_category()
203 4
cfn=(4764)
calls=1 -21 
* 2

fn=(788) _GLOBAL__sub_I_compatibility_c__0x.cc
260 2
-72 1
+30 1
-30 1
cfn=(790)
calls=1 -8 
* 5
* 1
+30 3
-30 1
+30 1
cob=(2)
cfi=(209)
cfn=(776)
calls=1 67 
* 66
-15 1
+16 1
-16 1
cfn=(790)
calls=1 -23 
* 5
* 1
+15 1
-15 1
+15 1
+42 1
-42 2
cob=(2)
cfi=(209)
cfn=(776)
calls=1 67 
* 66

fl=(227) /usr/src/debug/gcc/gcc-build/x86_64-pc-linux-gnu/libstdc++-v3/src/c++11/../../../../../gcc/libstdc++-v3/src/c++11/locale-inst.cc
fn=(840) _GLOBAL__sub_I_cxx11_wlocale_inst.cc
160 1
fi=(181)
1653 4
1818 4
1415 8
fi=(179)
1893 4
fi=(181)
796 4
2024 4
fi=(177)
839 4
fe=(227)
160 1

fn=(848) _GLOBAL__sub_I_locale_inst.cc
160 1
fi=(179)
2310 4
2603 4
fi=(181)
1653 4
1818 4
1415 8
fi=(179)
1893 4
fi=(181)
328 4
929 4
796 4
2024 4
fi=(177)
839 4
fe=(227)
160 1

fn=(856) _GLOBAL__sub_I_wlocale_inst.cc
160 1
fi=(179)
2310 4
2603 4
fi=(181)
1653 4
1818 4
1415 8
fi=(179)
1893 4
fi=(181)
328 4
929 4
796 4
2024 4
fi=(177)
839 4
fe=(227)
160 1

fn=(832) _GLOBAL__sub_I_cxx11_locale_inst.cc
160 1
fi=(181)
1653 4
1818 4
1415 8
fi=(179)
1893 4
fi=(181)
796 4
2024 4
fi=(177)
839 4
fe=(227)
160 1

fl=(199)
fn=(4040)
174 48
+5 16
-2 32
+61 16
cob=(2)
cfi=(431) /usr/src/debug/glibc/glibc/libio/putc.c
cfn=(4042) putc
calls=16 25 
* 304

fn=(4786)
193 5
+1 10
cob=(2)
cfi=(432) /usr/src/debug/glibc/glibc/libio/iofflush.c
cfn=(4052) fflush
calls=5 32 
* 320

fn=(4050)
193 21
+1 42
cob=(2)
cfi=(432)
cfn=(4052)
calls=21 32 
* 3367

fn=(4016)
255 325
cob=(2)
cfi=(429) /usr/src/debug/glibc/glibc/libio/iofwrite.c
cfn=(4018) fwrite
calls=65 31 
* 8035

fl=(186)
fn=(666) std::ctype<wchar_t>::ctype(unsigned long)
103 2
fi=(177)
437 3
fe=(186)
103 2
fi=(177)
437 1
fe=(186)
105 4
cfi=(170)
cfn=(616)
calls=1 221 
* 17
* 1
+1 1
-1 1
+1 3
cfi=(187)
cfn=(668)
calls=1 282 
* 17336

fn=(756)
90 2
+4 1
-4 4
+3 1
+1 1
-4 3
+3 15
+1 3
fi=(179)
1120 18
fe=(186)
98 4
cob=(2)
cfi=(158)
cfn=(690) __memcmp_avx2_movbe
calls=1 -98 
* 47
+1 4
+1 6

fl=(170)
fn=(746)
91 535
+2 2140
fi=(177)
606 535
fe=(170)

fn=(3256)
78 7
+1 7
+2 7
-2 7
+2 14
+2 7

fn=(612)
233 21

fn=(624) std::locale::facet::_S_initialize_once()
208 1
+4 3
+4 3
cfi=(174)
cfn=(626)
calls=1 -82 
* 77

fn=(616)
221 448
fi=(456) /usr/src/debug/gcc/gcc-build/x86_64-pc-linux-gnu/libstdc++-v3/include/x86_64-pc-linux-gnu/bits/gthr-default.h
746 672
cob=(2)
cfi=(172) /usr/src/debug/glibc/glibc/nptl/pthread_once.c
cfn=(618) pthread_once@@GLIBC_2.34
calls=224 136 
* 1496
fe=(170)
226 896
+3 448

fn=(744)
120 384
+1 960

ob=(9)
fl=(319)
fn=(4630)
1018 5
+1 3
-1 5
+1 429
-1 715
+39 1
+1 1
+3 2
-26 5
cob=(3)
cfi=(154)
cfn=(1794)
calls=1 0 
* 36
+1 3
+2 2
+2 1
cob=(3)
cfi=(154)
cfn=(1796)
calls=1 0 
* 4
* 4
+21 4
+2 1
-2 1
cob=(3)
cfi=(154)
cfn=(1806)
calls=1 0 
* 27

fn=(1804)
945 4
+4 4
cfn=(1800)
calls=1 771 
* 679
+2 2
+38 9
749 1
983 14
+1 2
cfn=(1800)
calls=2 771 
* 1358
* 4
+4 2

fl=(310)
fn=(1732) tbb::internal::init_dl_data()
346 1
240 4
cfn=(1734) tbb::internal::init_atomic_incrementer(tbb::atomic<unsigned long>&)
calls=1 -51 
* 1
+61 3
cob=(2)
cfi=(313) /usr/src/debug/glibc/glibc/dlfcn/dladdr.c
cfn=(1738) dladdr@@GLIBC_2.34
calls=1 25 
* 11684
* 1
+1 3
+8 1
fi=(457) /usr/include/string.h
-23 5
cob=(2)
cfi=(158)
cfn=(562)
calls=1 0 
* 34
* 1
fe=(310)
+31 1
-6 2
+2 2
+4 2
+3 2
+12 3
+6 3
cob=(2)
cfi=(158)
cfn=(1748)
calls=1 0 
* 43
* 1
+1 1
+1 2
-1 1
+1 2
+8 6

fn=(1726) tbb::internal::init_dynamic_link_data()
378 4
192 28
cfi=(311)
cfn=(1729) void tbb::internal::atomic_do_once<void (*)()>(void (* const&)(), tbb::atomic<tbb::internal::do_once_state>&)'2
calls=2 +21 
* 26
cfi=(311)
cfn=(1728)
calls=2 +21 
* 11843
382 20

fn=(2990) tbb::internal::resolve_symbols(void*, tbb::internal::dynamic_link_descriptor const*, unsigned long) [clone .part.0]
116 4
+14 22
+6 4
-6 12
+2 12
cob=(3)
cfi=(154)
cfn=(2980)
calls=4 0 
* 2841
+1 8
-14 6
+23 2
-1 2
+1 1
-1 2
+1 6
-1 6
+1 3
-1 12
+2 1
+1 5

fn=(3006) tbb::internal::dynamic_load(char const*, tbb::internal::dynamic_link_descriptor const*, unsigned long)
509 2
364 9
+3 3
cob=(2)
cfi=(158)
cfn=(688)
calls=1 0 
* 14
* 1
+1 1
+1 2
541 7
371 3
cob=(2)
cfi=(158)
cfn=(3012) __strcpy_avx2
calls=1 0 
* 32
* 1
+1 3
cob=(2)
cfi=(158)
cfn=(3016) __strcat_avx2
calls=1 0 
* 42
* 1
522 3
cob=(3)
cfi=(154)
cfn=(2978)
calls=1 0 
* 2667
* 1
+4 2
+7 1
cob=(2)
cfi=(302) /usr/src/debug/glibc/glibc/dlfcn/dlerror.c
cfn=(2838) dlerror@@GLIBC_2.34
calls=1 33 
* 2322
* 1
* 4

fn=(2976)
543 39
+1 3
cfn=(1726)
calls=3 378 
* 78
+3 6
+5 4
+7 2
+1 30
-85 9
cob=(3)
cfi=(154)
cfn=(2978)
calls=3 0 
* 1729
* 3
118 6
+14 9
cob=(3)
cfi=(154)
cfn=(2980)
calls=3 0 
* 4466
+1 9
487 2
cfn=(2982) tbb::internal::dynamic_unlink(void*)
calls=1 -70 
* 198
-49 3
cob=(2)
cfi=(313)
cfn=(1738)
calls=1 25 
* 1631
* 1
* 2
+2 3
cob=(3)
cfi=(154)
cfn=(2978)
calls=1 0 
* 1635
* 1
+1 2
127 2
+3 4
cfn=(2990)
calls=1 -14 
* 2949
445 3
+49 2
cfn=(2982)
calls=2 -77 
* 576
+55 4
+1 4
cfn=(3006)
calls=1 -41 
* 5122
* 1
+2 2
-51 2
-96 2
-6 5
+1 3
fi=(312)
101 3
fe=(310)
246 2

fn=(1734)
189 1

fn=(2982)
417 8
+1 4
cob=(3)
cfi=(154)
cfn=(2984)
calls=4 0 
* 983

fn=(1724) _GLOBAL__sub_I_dynamic_link.cpp
390 1
cfn=(1726)
calls=1 -12 
* 11843

fn=(4628) tbb::internal::dynamic_unlink_all()
422 2
fi=(312)
160 1
fe=(310)
422 1
fi=(312)
160 1
fe=(310)
+91 6
+1 1
-1 1
+1 1
cfn=(2982)
calls=1 417 
* 221
-1 3
426 4

fl=(328) /home/m0hawk/.bridgestan/bridgestan-2.9.0/stan/lib/stan_math/lib/tbb/../tbb_2020.3/src/tbb/governor.cpp
fn=(4616) tbb::internal::governor::release_resources()
79 1
+1 2
cfi=(391) /home/m0hawk/.bridgestan/bridgestan-2.9.0/stan/lib/stan_math/lib/tbb/../tbb_2020.3/src/rml/client/rml_factory.h
cfn=(4618) tbb::internal::rml::tbb_factory::close()
calls=1 -8 
* 3
+1 1
cfi=(393)
cfn=(4620)
calls=1 +5 
* 42
fi=(402)
-40 3
cob=(2)
cfi=(437) /usr/src/debug/glibc/glibc/nptl/pthread_key_delete.c
cfn=(4264) pthread_key_delete@@GLIBC_2.34
calls=1 -16 
* 19
* 1
fe=(328)
+46 2
+3 1
-1 1
cfi=(310)
cfn=(4628)
calls=1 422 
* 242

fn=(4608) tbb::internal::governor::auto_terminate(void*)
217 2
+1 1

fn=(3056) tbb::internal::governor::print_version_info()
229 1
+1 3
+1 4
cfi=(330)
cfn=(2994)
calls=1 -20 
* 19
+6 2
+3 2

fn=(1818) tbb::internal::governor::acquire_resources()
67 1
fi=(402)
-28 3
cob=(2)
cfi=(329) /usr/src/debug/glibc/glibc/nptl/pthread_key_create.c
cfn=(1822) pthread_key_create@@GLIBC_2.34
calls=1 -14 
* 19
* 1
fe=(328)
+34 2
+2 1
cfi=(330)
cfn=(1824)
calls=1 230 
* 11
* 2
+1 1
cfi=(330)
cfn=(1826)
calls=1 198 
* 2
* 2
+1 2

fn=(2996) tbb::internal::governor::initialize_rml_factory()
242 1
+1 2
cfi=(391)
cfn=(2998) tbb::internal::rml::tbb_factory::open()
calls=1 49 
* 7745
+1 3
+1 2

fl=(309) ???
fn=(1718) 0x00000000000120d0
0 12

fn=(4740) 0x0000000000012080
0 9
cob=(2)
cfi=(441)
cfn=(4674)
calls=1 45 
0 94
0 1
cfn=(4748) 0x0000000000012010
calls=1 0 
0 5
0 3

fn=(4748)
0 5

fl=(315) /home/m0hawk/.bridgestan/bridgestan-2.9.0/stan/lib/stan_math/lib/tbb/../tbb_2020.3/src/tbb/scheduler.cpp
fn=(3020) tbb::internal::Scheduler_OneTimeInitialization(bool)
53 6
+5 1
+3 1
-8 1
+11 1

fn=(1750) _GLOBAL__sub_I_scheduler.cpp
1400 1
fi=(458) /home/m0hawk/.bridgestan/bridgestan-2.9.0/stan/lib/stan_math/lib/tbb/../tbb_2020.3/include/tbb/spin_mutex.h
46 1
fi=(459) /home/m0hawk/.bridgestan/bridgestan-2.9.0/stan/lib/stan_math/lib/tbb/../tbb_2020.3/include/tbb/task.h
513 1
-4 1
+1 1
fi=(458)
46 1
fi=(459)
511 1
+2 1
cfi=(316)
cfn=(1754)
calls=1 198 
* 5284
* 1
fe=(315)
49 1
1400 1
49 3
cob=(2)
cfi=(209)
cfn=(776)
calls=1 +18 
* 66
* 1

ob=(7)
fl=(170)
fn=(744)
125 384
+2 384
-4 576

fn=(640) std::locale::_Impl::_M_install_facet(std::locale::id const*, std::locale::facet const*)
325 32
+1 64
-1 384
+3 32
cfn=(642)
calls=32 507 
* 480
+3 32
-3 32
+3 128
fi=(168)
57 32
+75 32
+19 64
-19 32
fe=(170)
369 64
+1 32
-1 32
+1 64
+36 64
+15 32
-15 32
+15 64
+2 32
-2 4672
+2 1536
+1 4608
+7 256

fn=(730) std::locale::locale(std::locale::_Impl*)
88 2
+1 1

fn=(642)
507 1296
+1 3888
fi=(168)
57 48
fe=(170)
521 96
+22 288
+2 48
+1 48
-1 1248
+1 1248

fl=(446)
fn=(4778)
62 8
cob=(1)
cfi=(1)
cfn=(1848)
calls=2 -62 
* 24
* 6

fl=(232)
fn=(918)
43 7840
+4 15680
-4 7840
+4 15680
+3 15680
cob=(2)
cfi=(152)
cfn=(812)
calls=7840 3101 
* 289585
* 15680
+9 15680

fl=(414) /usr/src/debug/gcc/gcc-build/x86_64-pc-linux-gnu/libstdc++-v3/src/c++98/../../../../../gcc/libstdc++-v3/src/c++98/list.cc
fn=(3310) std::__detail::_List_node_base::_M_hook(std::__detail::_List_node_base*)
131 1
+2 1
-1 1
+1 1
+1 1
+1 1
+1 1

fl=(211) ???
fn=(4794) 0x00000000000b6400
0 5

fn=(782) 0x00000000000b64c0
0 12

fn=(4756) 0x00000000000b6470
0 9
cob=(2)
cfi=(441)
cfn=(4674)
calls=1 45 
0 1571
0 1
cfn=(4794)
calls=1 0 
0 5
0 3

fl=(213) /usr/src/debug/gcc/gcc-build/x86_64-pc-linux-gnu/libstdc++-v3/src/../../../../gcc/libstdc++-v3/src/c++11/compatibility-condvar.cc
fn=(792) _GLOBAL__sub_I_compatibility_condvar.cc
108 1
-26 1
+26 1

fl=(259)
fn=(1296)
78 4968
+2 414
cob=(2)
cfi=(188)
cfn=(670)
calls=207 -50 
* 4554
+17 621
-17 207
+14 414
+3 207
-3 828
+3 207
cob=(2)
cfi=(260) /usr/src/debug/glibc/glibc/libio/vsnprintf.c
cfn=(1298) vsnprintf
calls=207 +5 
* 329438
+8 207
-8 207
+8 207
cob=(2)
cfi=(188)
cfn=(670)
calls=207 -75 
* 4554
+9 2070

fl=(240) /usr/src/debug/gcc/gcc-build/x86_64-pc-linux-gnu/libstdc++-v3/src/c++11/../../../../../gcc/libstdc++-v3/src/c++11/chrono.cc
fn=(964) std::chrono::_V2::system_clock::now()
52 2318
+7 5795
cob=(2)
cfi=(241) /usr/src/debug/glibc/glibc/time/../sysdeps/unix/sysv/linux/clock_gettime.c
cfn=(966) clock_gettime@@GLIBC_2.17
calls=1159 -29 
* 12749
fi=(242) /usr/src/debug/gcc/gcc-build/x86_64-pc-linux-gnu/libstdc++-v3/include/bits/chrono.h
231 1159
706 1159
fe=(240)
73 5795

fl=(210) /usr/src/debug/gcc/gcc-build/x86_64-pc-linux-gnu/libstdc++-v3/src/c++20/../../../../../gcc/libstdc++-v3/src/c++20/tzdb.cc
fn=(864) _GLOBAL__sub_I_tzdb.cc
2798 1
fi=(228) /usr/src/debug/gcc/gcc-build/x86_64-pc-linux-gnu/libstdc++-v3/include/bits/chrono_io.h
412 4
fe=(210)
2798 1

fn=(780) _GLOBAL__sub_I.00098_tzdb.cc
2798 1
219 4
cob=(2)
cfi=(209)
cfn=(776)
calls=1 67 
* 66

fl=(202)
fn=(1196)
87 244
+2 61
-2 122
+2 61
cfn=(1198)
calls=61 +74 
* 549
+1 122
cfn=(1200)
calls=61 +87 
* 671
+1 244
+5 183
cfi=(170)
cfn=(746)
calls=61 -5 
* 366

fn=(1198)
163 201
+1 67
+1 134
+8 201

fn=(1200)
177 256
+1 64
+1 128
+6 64
+1 192

fn=(738)
76 69
+3 69
-2 138
+1 69
+1 69
fi=(206)
640 69
fe=(202)
79 207
-2 69
+1 69
fi=(206)
640 1104
fe=(202)
79 207
cfi=(169)
cfn=(604)
calls=69 269 
* 1725

fl=(384) /usr/src/debug/gcc/gcc-build/x86_64-pc-linux-gnu/libstdc++-v3/libsupc++/../../../../gcc/libstdc++-v3/libsupc++/hash_bytes.cc
fn=(2932) std::_Hash_bytes(void const*, unsigned long, unsigned long)
139 8
+7 4
-7 4
+9 8
-2 4
+1 4
+1 4
+1 16
+2 4
-2 4
+2 4
-89 12
+89 4
+1 4
+1 8
-4 8
+6 12
+6 4
-99 12
+99 4
-99 12
164 4

fl=(248) /usr/src/debug/gcc/gcc-build/x86_64-pc-linux-gnu/libstdc++-v3/libsupc++/../../../../gcc/libstdc++-v3/libsupc++/guard.cc
fn=(1080) __cxa_guard_acquire
273 8
149 8
278 16
-5 8
fi=(168)
57 16
fe=(248)
289 16
+7 8
+96 16
-99 24
+2 8
+1 8

fn=(1086) __cxa_guard_release
443 8
fi=(168)
57 8
fe=(248)
448 16
+3 8
+1 8

fl=(169)
fn=(608) std::locale::_S_initialize_once()
324 1
+4 3
-4 1
+9 3
cfn=(610) std::locale::_Impl::_Impl(unsigned long)
calls=1 490 
* 33840

ob=(9)
fl=(317)
fn=(1758)
314 1
-15 2
+15 1
-15 3
+1 7
cfi=(312)
cfn=(1762) ITT_DoOneTimeInitialization
calls=1 160 
* 5234
* 1
+2 1
+13 1
-13 1
+13 2
-13 1
+13 4
+11 2

fn=(2968)
215 1
fi=(401) /home/m0hawk/.bridgestan/bridgestan-2.9.0/stan/lib/stan_math/lib/tbb/../tbb_2020.3/include/tbb/tbb_machine.h
355 1
fe=(317)
215 3
fi=(312)
-71 2
fi=(401)
921 2
fe=(317)
219 3
fi=(312)
-71 1
fe=(317)
+93 4
-21 1
cfi=(312)
cfn=(1814) tbb::internal::__TBB_InitOnce::add_ref()
calls=1 100 
* 6
fi=(387) /home/m0hawk/.bridgestan/bridgestan-2.9.0/stan/lib/stan_math/lib/tbb/../tbb_2020.3/src/tbb/tbb_environment.h
39 2
cob=(2)
cfi=(218)
cfn=(802)
calls=1 -14 
* 700
* 1
* 2
fe=(317)
225 1
cfi=(312)
cfn=(1766) tbb::internal::ITT_DoUnsafeOneTimeInitialization()
calls=1 -65 
* 4
+1 1
+2 1
cfi=(388) /home/m0hawk/.bridgestan/bridgestan-2.9.0/stan/lib/stan_math/lib/tbb/../tbb_2020.3/src/tbb/cache_aligned_allocator.cpp
cfn=(2972) tbb::internal::initialize_cache_aligned_allocator()
calls=1 -96 
* 8154
+1 1
cfi=(328)
cfn=(2996)
calls=1 +13 
* 7753
+1 2
cfi=(315)
cfn=(3020)
calls=1 53 
* 10
fi=(392) /home/m0hawk/.bridgestan/bridgestan-2.9.0/stan/lib/stan_math/lib/tbb/../tbb_2020.3/src/tbb/governor.h
86 4
+4 3
fe=(317)
236 1
cfi=(328)
cfn=(3056)
calls=1 -7 
* 31
+1 7
cfi=(330)
cfn=(2994)
calls=1 -26 
* 19
+1 4
fi=(392)
91 1
cfi=(330)
cfn=(3054)
calls=1 -15 
* 51
* 3
-4 1
cfi=(393)
cfn=(3024)
calls=1 206 
* 3635
* 3
fe=(317)

fn=(1812) _GLOBAL__sub_I_tbb_main.cpp
585 1
fi=(458)
46 2
fi=(438) /home/m0hawk/.bridgestan/bridgestan-2.9.0/stan/lib/stan_math/lib/tbb/../tbb_2020.3/src/tbb/tbb_main.h
+23 1
cfi=(312)
cfn=(1814)
calls=1 +31 
* 53
fe=(317)
-1 4
cob=(2)
cfi=(209)
cfn=(776)
calls=1 -1 
* 66
* 1
466 1
fi=(458)
46 2
fe=(317)
466 2
+30 3
+89 2

fl=(312)
fn=(1814)
100 6
fi=(317)
+18 4
+2 1
-1 1
cfi=(328)
cfn=(1818)
calls=1 -52 
* 47
fe=(312)

fn=(4610) tbb::internal::__TBB_InitOnce::remove_ref()
100 4
fi=(317)
+25 3
-3 1
+4 1
cfi=(328)
cfn=(4616)
calls=1 -47 
* 318
fe=(312)

ob=(7)
fl=(169)
fn=(608)
333 2
+2 2
-2 1
+1 2
+2 1
-1 1
cfi=(170)
cfn=(730)
calls=1 88 
* 3

fn=(606) std::locale::_S_initialize()
340 542
fi=(168)
57 542
fe=(169)
342 1084
+3 2167
+1 1
cfn=(608)
calls=1 -22 
* 33860

fn=(604)
269 3252
+2 542
cfn=(606)
calls=542 +69 
* 38196
+11 542
+1 542
-1 1084
+1 1084
+6 2168

fn=(610)
490 2
+5 2
-5 11
+5 7
+1 1
-4 1
+3 6
-3 1
+4 2
+3 2
+1 2
-1 1
-3 11
+3 2
+2 2
cfi=(170)
cfn=(612)
calls=1 233 
* 3
+9 3
fi=(460) /usr/include/bits/string_fortified.h
29 1
fe=(169)
510 1
fi=(460)
29 1
fe=(169)
510 1
cfi=(171)
cfn=(614)
calls=1 121 
* 227
fi=(177)
653 4
cfi=(170)
cfn=(640)
calls=1 325 
* 401
fe=(169)
511 3
cfi=(178)
cfn=(648)
calls=1 38 
* 33
fi=(177)
653 4
cfi=(170)
cfn=(640)
calls=1 325 
* 401
fi=(179)
1636 1
-1 1
+85 1
fi=(177)
437 1
fi=(179)
1633 1
+87 1
-84 1
-4 1
+4 1
+83 1
-87 1
+87 1
-85 1
+85 2
-85 2
+1 2
+1 1
fi=(177)
437 1
fi=(179)
1719 1
+1 1
cfi=(180)
cfn=(652)
calls=1 92 
* 414
fi=(177)
653 4
cfi=(170)
cfn=(640)
calls=1 325 
* 401
fi=(179)
1983 1
fi=(177)
653 2
437 1
653 1
fi=(179)
1983 2
fi=(177)
653 1
cfi=(170)
cfn=(640)
calls=1 325 
* 401
fi=(179)
2347 1
fi=(177)
653 2
437 1
653 1
fi=(179)
2347 2
fi=(177)
653 1
cfi=(170)
cfn=(640)
calls=1 325 
* 401
+63 1
437 1
716 3
cfi=(170)
cfn=(616)
calls=1 221 
* 17
* 1
-63 4
cfi=(170)
cfn=(640)
calls=1 325 
* 401
fi=(181)
1026 1
-6 1
+88 1
fi=(177)
437 1
fi=(181)
1020 1
+88 2
-82 1
fi=(177)
437 1
fi=(181)
1026 1
+81 1
-88 1
+88 1
-88 2
+2 2
+1 2
+1 2
+1 1
+1 1
+1 1
fi=(177)
437 1
fi=(181)
1107 2
+1 1
cfi=(182)
cfn=(656)
calls=1 372 
* 70
fi=(177)
653 4
cfi=(170)
cfn=(640)
calls=1 325 
* 401
fi=(181)
1026 1
+82 2
fi=(177)
437 1
fi=(181)
1019 1
+89 1
-82 1
-7 1
+7 1
-6 2
+87 1
-88 1
+88 1
-86 1
+86 2
-86 1
+1 2
+1 2
+1 1
+1 1
+1 1
fi=(177)
437 1
fi=(181)
1107 1
+1 1
cfi=(182)
cfn=(658)
calls=1 216 
* 70
fi=(177)
653 4
cfi=(170)
cfn=(640)
calls=1 325 
* 401
fi=(181)
1530 1
fi=(177)
653 2
437 1
653 1
fi=(181)
1530 2
fi=(177)
653 1
cfi=(170)
cfn=(640)
calls=1 325 
* 401
fi=(181)
1690 1
fi=(177)
653 2
437 1
653 1
fi=(181)
1690 2
fi=(177)
653 1
cfi=(170)
cfn=(640)
calls=1 325 
* 401
fi=(181)
138 1
-13 1
fe=(169)
533 2
fi=(181)
125 1
fe=(169)
533 1
fi=(181)
138 1
-13 1
+13 1
-13 9
+12 2
fi=(177)
437 1
fi=(181)
138 2
fe=(169)
533 2
cfi=(183)
cfn=(660)
calls=1 48 
* 179
fi=(177)
653 4
cfi=(170)
cfn=(640)
calls=1 325 
* 401
fi=(181)
422 1
fi=(177)
653 2
437 1
653 1
fi=(181)
422 2
fi=(177)
653 1
cfi=(170)
cfn=(640)
calls=1 325 
* 401
fi=(181)
859 1
fi=(177)
653 2
437 1
653 1
fi=(181)
859 2
fi=(177)
653 1
cfi=(170)
cfn=(640)
calls=1 325 
* 401
fe=(169)
537 3
cfi=(185)
cfn=(664)
calls=1 44 
* 38
fi=(177)
653 4
cfi=(170)
cfn=(640)
calls=1 325 
* 401
fe=(169)
540 3
cfi=(186)
cfn=(666)
calls=1 103 
* 17371
fi=(177)
653 4
cfi=(170)
cfn=(640)
calls=1 325 
* 401
fe=(169)
541 3
cfi=(178)
cfn=(692)
calls=1 118 
* 33
fi=(177)
653 4
cfi=(170)
cfn=(640)
calls=1 325 
* 401
fi=(179)
1636 1
+84 1
fi=(177)
437 2
fi=(179)
1633 1
+87 1
-84 1
-4 1
+4 1
+83 1
-87 1
+87 1
-85 3
+1 2
+1 1
fi=(177)
437 1
fi=(179)
1719 2
+1 1
cfi=(180)
cfn=(694)
calls=1 183 
* 105
fi=(177)
653 4
cfi=(170)
cfn=(640)
calls=1 325 
* 401
fi=(179)
1983 1
fi=(177)
653 2
437 1
653 1
fi=(179)
1983 2
fi=(177)
653 1
cfi=(170)
cfn=(640)
calls=1 325 
* 401
fi=(179)
2347 1
fi=(177)
653 2
437 1
653 1
fi=(179)
2347 2
fi=(177)
653 1
cfi=(170)
cfn=(640)
calls=1 325 
* 401
+63 1
437 1
716 3
cfi=(170)
cfn=(616)
calls=1 221 
* 17
* 4
-64 1
+1 11
cfi=(170)
cfn=(640)
calls=1 325 
* 401
fi=(181)
1026 1
+82 2
fi=(177)
437 1
fi=(181)
1019 1
+89 1
-82 1
-7 1
+7 1
+81 1
-88 1
+88 1
-87 1
+87 2
-86 2
+1 2
+1 2
+1 1
+1 1
+1 1
fi=(177)
437 1
fi=(181)
1107 1
+1 1
cfi=(182)
cfn=(696)
calls=1 741 
* 67
fi=(177)
653 4
cfi=(170)
cfn=(640)
calls=1 325 
* 401
fi=(181)
1026 1
+82 2
fi=(177)
437 1
fi=(181)
1019 1
+89 1
-82 1
-7 1
+7 1
+81 1
-88 1
+88 1
-87 1
+1 2
+1 2
+1 2
+1 1
+1 1
+1 1
fi=(177)
437 1
fi=(181)
1107 2
+1 1
cfi=(182)
cfn=(698)
calls=1 558 
* 67
fi=(177)
653 4
cfi=(170)
cfn=(640)
calls=1 325 
* 401
fi=(181)
1530 1
fi=(177)
653 2
437 1
653 1
fi=(181)
1530 2
fi=(177)
653 1
cfi=(170)
cfn=(640)
calls=1 325 
* 401
fi=(181)
1690 1
fi=(177)
653 2
437 1
653 1
fi=(181)
1690 2
fi=(177)
653 1
cfi=(170)
cfn=(640)
calls=1 325 
* 401
fi=(181)
138 1
-13 1
fe=(169)
563 2
fi=(181)
125 1
fe=(169)
563 1
fi=(181)
138 1
-13 1
+13 1
-13 9
+12 2
fi=(177)
437 1
fi=(181)
138 2
fe=(169)
563 2
cfi=(183)
cfn=(700)
calls=1 48 
* 176
fi=(177)
+90 4
cfi=(170)
cfn=(640)
calls=1 325 
* 401
fi=(181)
422 1
fi=(177)
653 2
437 1
653 1
fi=(181)
422 2
fi=(177)
653 1
cfi=(170)
cfn=(640)
calls=1 325 
* 401
fi=(181)
859 1
fi=(177)
653 2
437 1
653 1
fi=(181)
859 2
fi=(177)
653 1
cfi=(170)
cfn=(640)
calls=1 325 
* 401
fe=(169)
-86 3
cfi=(185)
cfn=(704)
calls=1 44 
* 38
fi=(177)
+86 4
cfi=(170)
cfn=(640)
calls=1 325 
* 401
fi=(195)
489 1
fi=(177)
653 2
437 1
653 1
fi=(195)
489 2
fi=(177)
653 1
cfi=(170)
cfn=(640)
calls=1 325 
* 401
fi=(195)
546 1
fi=(177)
653 2
437 1
653 1
fi=(195)
546 2
fi=(177)
653 1
cfi=(170)
cfn=(640)
calls=1 325 
* 401
fi=(195)
-49 1
fi=(177)
+49 2
437 1
653 1
fi=(195)
-49 2
fi=(177)
+49 1
cfi=(170)
cfn=(640)
calls=1 325 
* 401
fi=(195)
+8 1
fi=(177)
-8 2
437 1
653 1
fi=(195)
+8 2
fi=(177)
-8 1
cfi=(170)
cfn=(640)
calls=1 325 
* 401
fe=(169)
-63 2
+3 2
-3 2
+3 2
cfi=(196)
cfn=(708)
calls=1 100 
* 1485
+5 3
cfi=(170)
cfn=(642)
calls=1 -91 
* 6
* 1
+1 1
-1 1
+1 2
cfi=(170)
cfn=(642)
calls=1 -92 
* 6
+1 1
-1 1
+1 2
cfi=(170)
cfn=(642)
calls=1 -93 
* 6
* 1
+1 1
-1 1
+1 2
cfi=(170)
cfn=(642)
calls=1 -94 
* 6
* 1
+2 1
-2 1
+2 2
cfi=(170)
cfn=(642)
calls=1 -96 
* 6
+1 1
-1 1
+1 2
cfi=(170)
cfn=(642)
calls=1 -97 
* 6
* 1
+1 1
-1 1
+1 2
cfi=(170)
cfn=(642)
calls=1 -98 
* 6
+1 2
-1 1
+1 1
cfi=(170)
cfn=(642)
calls=1 -99 
* 6
* 2
+2 11

fl=(184)
fn=(662)
66 9
+1 2
+3 2
192 87
73 2
cfi=(170)
cfn=(616)
calls=1 221 
* 17
+56 1
-54 1
-2 1
+2 1
+52 1
-52 3
+52 1
-52 3
+54 1
-54 6
+52 1
-52 9
+52 1
+2 1
+63 5

fn=(702)
222 8
+1 2
+3 2

ob=(9)
fl=(312)
fn=(4610)
fi=(317)
129 1
-2 1
cfi=(319)
cfn=(4630)
calls=1 1029 
* 1283
fe=(312)

fn=(1762)
160 1
fi=(317)
+46 2
-1 2
fi=(401)
355 2
fe=(312)
144 2
fi=(401)
921 2
fi=(317)
208 1
cfi=(312)
cfn=(1766)
calls=1 -48 
* 5219
fe=(312)
-60 1
fi=(317)
+63 2
fe=(312)

fn=(1766)
160 2
fi=(317)
+34 5
-3 1
+4 1
cfi=(318)
cfn=(1770)
calls=1 51 
* 5204
* 2
+1 1
fe=(312)
-28 1
fi=(317)
+30 4
+2 2
fe=(312)

fl=(311)
fn=(1728)
213 4
fi=(312)
100 4
fe=(311)
213 16
fi=(312)
-53 4
fe=(311)
+60 8
fi=(312)
-60 3
fe=(311)
+61 6
fi=(312)
100 3
fe=(311)
222 6
+11 3
cfi=(393)
cfn=(3026)
calls=1 129 
* 3600
cfi=(388)
cfn=(2974) tbb::internal::initialize_handler_pointers()
calls=1 115 
* 8120
cfi=(310)
cfn=(1732)
calls=1 346 
* 11809
fi=(312)
-65 3
fe=(311)
+61 16

fn=(1729)
213 2
fi=(312)
100 2
fe=(311)
213 8
fi=(312)
-53 2
fe=(311)
+60 4
+9 8

fl=(400)
fn=(3064)
38 20
+1 16
fi=(401)
355 12
fe=(400)
41 4
+1 8
fi=(312)
+59 8
fi=(454)
252 4
fe=(400)
43 8
+7 16
+2 24

fl=(438)
fn=(4604) tbb::internal::__TBB_InitOnce::~__TBB_InitOnce()
73 1
fi=(402)
-30 3
cob=(2)
cfi=(366)
cfn=(2388)
calls=1 -19 
* 11
* 1
fi=(392)
+80 2
+22 1
cfi=(328)
cfn=(4608)
calls=1 +72 
* 3
fe=(438)
-70 1
cfi=(312)
cfn=(4610)
calls=1 +25 
* 4
fi=(312)
+85 2
fe=(438)
-82 2
+2 1
cfi=(312)
cfn=(4610)
calls=1 +20 
* 1608
+2 2

fl=(391)
fn=(4618)
72 2
+6 1

fn=(2998)
49 1
+11 3
-11 1
+4 2
-4 3
+11 1
-7 15
+2 2
+1 1
-3 1
+3 1
+1 1
+3 1
-3 1
-4 1
+7 1
cfi=(310)
cfn=(2976)
calls=1 543 
* 7698
* 2
+9 6
-4 1
+1 1
+2 1

fl=(388)
fn=(4216) tbb::internal::deallocate_via_handler_v3(void*)
233 4
+1 2
cob=(11) /usr/lib/libtbbmalloc.so.2.19
cfi=(335) ???
cfn=(4218) scalable_free
calls=2 0 
* 124

fn=(3082) tbb::internal::allocate_via_handler_v3(unsigned long)
224 2
+1 2
cob=(11)
cfi=(335)
cfn=(3084) scalable_malloc
calls=2 0 
* 1118
+1 4
+4 4

fn=(2972)
132 1
+1 7
cfi=(311)
cfn=(1728)
calls=1 +80 
* 8141
+1 3

ob=(7)
fl=(184)
fn=(702)
396 87
229 2
cfi=(170)
cfn=(616)
calls=1 -8 
* 17
+56 1
-54 1
-2 1
+2 1
+52 1
-52 3
+52 1
-52 3
+54 1
-54 6
+52 1
-52 9
+52 1
+2 1
396 3

fl=(207)
fn=(1456) std::basic_ostream<char, std::char_traits<char> >& std::operator<< <std::char_traits<char> >(std::basic_ostream<char, std::char_traits<char> >&, char const*)
734 28
+2 14
fi=(237)
396 21
cob=(2)
cfi=(158)
cfn=(688)
calls=7 0 
* 98
fe=(207)
739 28
cfi=(279)
cfn=(1392)
calls=7 84 
* 1238
+3 28

ob=(9)
fl=(388)
fn=(2972)
134 2

fn=(2974)
115 1
-2 1
+2 5
cfi=(310)
cfn=(2976)
calls=1 543 
* 8087
+1 3
+11 2
+2 1
-2 1
cfi=(330)
cfn=(2994)
calls=1 +84 
* 19

ob=(1)
fl=(78) /usr/src/debug/glibc/glibc/elf/../sysdeps/x86_64/dl-cet.c
fn=(1698) _dl_cet_open_check
322 4
-40 2
+3 2
-3 2
+1 2
+2 2
-3 2
+1 2
-1 2
+1 2
+5 4
+5 4
+31 4

fn=(296) _dl_cet_check
361 3
-86 2
+2 2
-1 1
+6 1
+3 1
-3 1
+1 1
-1 1
+1 1
-1 1
+1 1
+5 2
+5 2
+70 2

fn=(538) _dl_cet_setup_features
331 1
+3 2
+16 1

fl=(31) /usr/src/debug/glibc/glibc/elf/../sysdeps/nptl/dl-tls_init_tp.c
fn=(90) __tls_pre_init_tp
54 4
+5 3
-2 4
+2 2
+3 2
+1 2
+2 1

fn=(286) __tls_init_tp
69 2
fi=(461) /usr/src/debug/glibc/glibc/elf/../include/list.h
-26 1
fe=(31)
+27 1
fi=(461)
-26 1
fe=(31)
+29 1
fi=(461)
-30 1
fe=(31)
+33 1
fi=(461)
-32 1
+1 1
+2 1
fe=(31)
+29 3
+1 1
+18 1
-6 1
-12 1
+1 1
+1 1
+5 2
+11 1
-6 1
+2 1
+1 1
+3 1
+16 4
cfi=(11) /usr/src/debug/glibc/glibc/elf/dl-tunables.c
cfn=(50) __tunable_get_val
calls=1 610 
* 18
fi=(75) /usr/src/debug/glibc/glibc/elf/../sysdeps/unix/sysv/linux/rseq-internal.h
-11 1
-7 1
+7 2
+24 1
fe=(31)
-11 1
+6 2
+1 2
fi=(75)
-12 2
-15 2
+15 2
+4 1
-19 1
+19 3
cfi=(1)
cfn=(160) memset
calls=1 0 
* 12
+4 1
+2 2
-6 1
+6 1
-2 1
+2 2
+1 2
fe=(31)

fn=(108) rtld_mutex_dummy
43 178
+2 356

fl=(16) /usr/src/debug/glibc/glibc/io/../sysdeps/unix/sysv/linux/fstat64.c
fn=(36) fstat
30 11
+9 44
+33 11

fl=(7) /usr/src/debug/glibc/glibc/elf/dl-minimal.c
fn=(504) lookup_malloc_symbol
61 16
+3 8
-3 4
+3 4
-1 4
+1 16
cfi=(80) /usr/src/debug/glibc/glibc/elf/dl-lookup.c
cfn=(308) _dl_lookup_symbol_x
calls=4 767 
* 2437
+4 32
+1 24
+2 4
fi=(143) /usr/src/debug/glibc/glibc/elf/./dl-sym-post.h
-26 8
+12 12
fe=(7)
+15 12

fn=(1684) strsep
239 2
+3 6
+2 2
+1 4
+4 3
-2 3
+4 136
+5 204
-2 136
+13 1
+4 4
-22 68
+15 68
-15 138

fn=(12) __rtld_malloc_init_stubs
42 1
+1 2
+1 2
+1 2
+1 2
+1 1

fn=(502) __rtld_malloc_init_real
76 2
+10 1
+5 1
-15 5
+15 1
-5 1
+2 1
+1 1
+2 1
cfn=(504)
calls=1 -30 
* 632
+1 3
-1 1
+1 1
cfn=(504)
calls=1 -31 
* 632
+1 3
-1 1
+1 1
cfn=(504)
calls=1 -32 
* 665
+1 3
-1 1
+1 1
cfn=(504)
calls=1 -33 
* 652
+5 1
+1 1
+1 1
+1 1
+1 6

fl=(440) /usr/src/debug/glibc/glibc/elf/dl-call_fini.c
fn=(4666) _dl_call_fini
24 44
+4 22
+6 11
-2 11
+3 22
+4 18
+3 27
-4 54
+5 9
cob=(11)
cfi=(335)
cfn=(4842) 0x0000000000002100
calls=1 -43 
* 112
cob=(6) /usr/lib/libm.so.6
cfi=(165) ???
cfn=(4822) release_registered_frames
calls=1 -43 
* 39
cob=(5)
cfi=(447)
cfn=(4802)
calls=1 +15 
* 39
cob=(7)
cfi=(211)
cfn=(4756)
calls=1 -43 
* 1589
cob=(9)
cfi=(309)
cfn=(4740)
calls=1 -43 
* 112
cob=(10)
cfi=(331)
cfn=(4724) 0x0000000000009cd0
calls=1 -43 
* 112
cob=(12) /home/m0hawk/Documents/apin/stan/scratch/w50/gp_regr_nme/gp_regr_model.so
cfi=(383) ???
cfn=(4708) 0x000000000001b4b0
calls=1 -43 
* 112
cob=(4) /usr/lib/valgrind/vgpreload_core-amd64-linux.so
cfi=(155) ???
cfn=(4692) 0x0000000000001090
calls=1 -43 
* 112
cob=(8) /home/m0hawk/Documents/apin/stan/external/walnutpie/build_e27/examples/stan_cli
cfi=(229) ???
cfn=(4668) 0x0000000000017a10
calls=1 -43 
* 112
* 2
cob=(6)
cfi=(165)
cfn=(4826) 0x0000000000011480
calls=1 -43 
* 112
cob=(5)
cfi=(164)
cfn=(4806)
calls=1 -43 
* 112
-1 51
+5 9
+1 18
-1 2
+1 4
+1 9
+1 9
-1 9
+1 9
-1 9
cob=(3)
cfi=(154)
cfn=(4856)
calls=1 -49 
* 4
cob=(3)
cfi=(154)
cfn=(4840)
calls=1 -49 
* 4
cob=(3)
cfi=(154)
cfn=(4820)
calls=1 -49 
* 4
cob=(3)
cfi=(154)
cfn=(4800)
calls=1 -49 
* 4
cob=(3)
cfi=(154)
cfn=(4754)
calls=1 -49 
* 4
cob=(3)
cfi=(154)
cfn=(4738)
calls=1 -49 
* 4
cob=(3)
cfi=(154)
cfn=(4722)
calls=1 -49 
* 4
cob=(3)
cfi=(154)
cfn=(4706)
calls=1 -49 
* 4
cob=(3)
cfi=(154)
cfn=(4688)
calls=1 -49 
* 4
+1 6

fl=(34) /usr/src/debug/glibc/glibc/elf/dl-minimal-malloc.c
fn=(100) __minimal_malloc
36 39
+1 117
+11 114
+3 38
-3 38
+3 76
-3 2
+3 1
-3 1
+3 146
+5 12
+1 6
-21 3
+24 9
-24 3
+23 3
+1 12
-24 3
+24 3
cfi=(17) /usr/src/debug/glibc/glibc/misc/../sysdeps/unix/sysv/linux/mmap64.c
cfn=(38) mmap
calls=3 -13 
* 69
+2 6
+2 15
cfi=(68) /usr/src/debug/glibc/glibc/misc/../sysdeps/unix/sysv/linux/setvmaname.c
cfn=(246) __set_vma_name
calls=3 -4 
* 54
+6 12
-3 6
+4 3
-1 3
+1 3
+2 12
-3 36
+1 36
+2 36
-30 1
-1 1
+1 1
+1 2
-2 2

fn=(96) __minimal_calloc
80 17
+4 51
+3 17
+1 51
fi=(35) /usr/src/debug/glibc/glibc/elf/../include/rtld-malloc.h
-32 34
cfi=(34)
cfn=(100)
calls=17 -20 
* 371
fe=(34)

fn=(480) __minimal_free
97 2
+2 8

fl=(60) /usr/src/debug/glibc/glibc/elf/../sysdeps/unix/sysv/linux/dl-map-segment-align.c
fn=(208) _dl_map_segment_align
28 36
+4 36
-3 36
+3 36
+1 72

fl=(66) /usr/src/debug/glibc/glibc/elf/dl-deps.c
fn=(238) openaux
62 114
+7 38
-4 76
+1 38
-1 304
cfi=(38) /usr/src/debug/glibc/glibc/elf/dl-load.c
cfn=(188) _dl_map_object
calls=38 2237 
* 50099
* 38
+5 76

fn=(234) expand_dst.constprop.0
94 114
+3 38
-3 152
+3 38
cfi=(38)
cfn=(236) _dl_dst_count
calls=38 212 
* 1254
+1 76
+14 190
-13 76

fn=(230) _dl_map_object_deps
132 24
+1 9
-1 6
+1 3
-1 3
+1 3
-1 18
+1 9
-1 3
+1 21
-8 3
+8 6
-8 3
-6 3
-1 3
+15 3
-8 3
-8 3
+2 3
+6 3
+24 7
-28 3
-2 1
+31 1
-33 1
+32 1
-30 2
+30 1
-30 1
-1 1
+1 1
+6 4
+24 3
+28 3
-6 1
-18 1
+81 1
fi=(70) /usr/src/debug/glibc/glibc/elf/../include/scratch_buffer.h
77 2
+1 1
fe=(66)
+95 1
+61 3
-48 1
-4 1
+4 2
-15 2
-18 2
+81 2
fi=(70)
77 4
+1 2
fe=(66)
+95 2
+61 6
-48 2
-4 2
+4 19
-4 15
+4 30
+11 44
-18 4
+18 8
439 36
+2 7
+3 21
-3 14
fi=(35)
56 7
cob=(2)
cfi=(152)
cfn=(812)
calls=2 3101 
* 60
cfi=(34)
cfn=(100)
calls=5 -20 
* 90
fe=(66)
445 14
fi=(35)
56 7
fe=(66)
445 7
+7 21
-1 14
+1 14
cfi=(1)
cfn=(104) memcpy
calls=7 0 
* 82
+1 35
cfi=(1)
cfn=(104)
calls=7 0 
* 82
+3 7
+1 14
+4 54
177 30
464 45
-1 18
+1 36
172 15
+27 56
+7 14
+4 14
-6 14
+1 14
+1 14
+1 28
+3 42
-2 14
-29 70
+32 778
fi=(67) /usr/src/debug/glibc/glibc/elf/./dl-scratch-buffer.h
100 38
fe=(66)
220 76
fi=(67)
100 380
fe=(66)
220 152
cfn=(234)
calls=38 94 
* 1938
+1 76
+13 76
-2 38
+2 76
cfi=(56) /usr/src/debug/glibc/glibc/elf/dl-catch.c
cfn=(183) _dl_catch_exception'2
calls=25 -26 
* 29239
cfi=(56)
cfn=(182) _dl_catch_exception
calls=13 -26 
* 24014
fi=(67)
-94 114
fe=(66)
+96 76
+9 38
+2 76
+5 70
+6 14
+2 14
-8 28
+3 14
+1 14
+1 14
+1 14
+4 14
-3 14
+3 42
+4 76
+1 51
-57 1612
+59 1053
fi=(70)
85 12
fe=(66)
470 15
+1 1
+3 12
+11 12
fi=(35)
56 3
cob=(2)
cfi=(152)
cfn=(812)
calls=2 3101 
* 60
cfi=(34)
cfn=(100)
calls=1 -20 
* 18
fe=(66)
487 6
fi=(35)
56 3
fe=(66)
487 3
+5 9
+1 3
-1 6
+4 9
-2 6
+13 15
-7 15
+7 15
-1 15
+1 15
-1 15
+6 15
-16 45
+4 3
+7 3
-1 3
+1 3
-1 3
+6 3
-16 9
+21 9
+37 6
+15 3
+10 3
-24 6
+20 3
-1 12
+1 3
-1 15
cfi=(21) /usr/src/debug/glibc/glibc/elf/dl-sort-maps.c
cfn=(256) _dl_sort_maps
calls=3 298 
* 1127
+5 3
+2 3
+1 3
-1 3
+2 6
+7 9
+3 9
+3 30
187 99
+3 7
fi=(70)
-59 21
cfi=(69) /usr/src/debug/glibc/glibc/malloc/scratch_buffer_set_array_size.c
cfn=(252) __libc_scratch_buffer_set_array_size
calls=7 30 
* 140
fe=(66)
+59 21
+4 17
569 6
cfi=(1)
cfn=(104)
calls=3 0 
* 35
* 6
-53 6
133 6
+16 6
-28 4

fl=(153) /usr/src/debug/glibc/glibc/elf/dl-init.c
fn=(544) call_init.part.0
26 10
+17 10
-17 20
+20 10
-3 10
-17 60
+17 10
+3 20
+5 18
+8 27
+1 42
cob=(3)
cfi=(154)
cfn=(2912)
calls=1 -60 
* 7
cob=(3)
cfi=(154)
cfn=(1828)
calls=1 -60 
* 7
cob=(3)
cfi=(154)
cfn=(1714)
calls=1 -60 
* 7
cob=(3)
cfi=(154)
cfn=(594)
calls=1 -60 
* 7
cob=(3)
cfi=(154)
cfn=(584)
calls=1 -60 
* 7
cob=(3)
cfi=(154)
cfn=(568)
calls=1 -60 
* 7
cob=(3)
cfi=(154)
cfn=(546)
calls=1 -60 
* 7
+3 9
+1 18
+6 24
+3 16
-1 79
+2 92
cob=(12)
cfi=(383)
cfn=(3138) _GLOBAL__sub_I_bridgestan.cpp
calls=1 -74 
* 2278
cob=(12)
cfi=(383)
cfn=(2922) _GLOBAL__sub_I_gp_regr.hpp
calls=1 -74 
* 27923
cob=(10)
cfi=(331)
cfn=(1838) 0x0000000000009b00
calls=1 -74 
* 238103
cob=(9)
cfi=(317)
cfn=(1812)
calls=1 585 
* 138
cob=(9)
cfi=(327)
cfn=(1810)
calls=1 -14 
* 4
cob=(9)
cfi=(315)
cfn=(1750)
calls=1 1400 
* 5365
cob=(9)
cfi=(310)
cfn=(1724)
calls=1 390 
* 11844
cob=(7)
cfi=(210)
cfn=(864)
calls=1 2798 
* 6
cob=(7)
cfi=(227)
cfn=(856)
calls=1 +86 
* 50
cob=(7)
cfi=(227)
cfn=(848)
calls=1 +86 
* 50
cob=(7)
cfi=(227)
cfn=(840)
calls=1 +86 
* 34
cob=(7)
cfi=(227)
cfn=(832)
calls=1 +86 
* 34
cob=(7)
cfi=(226)
cfn=(830)
calls=1 -32 
* 38
cob=(7)
cfi=(224)
cfn=(826)
calls=1 +53 
* 57
cob=(7)
cfi=(216)
cfn=(798)
calls=1 456 
* 1245
cob=(7)
cfi=(214)
cfn=(794)
calls=1 +54 
* 10
cob=(7)
cfi=(213)
cfn=(792)
calls=1 +34 
* 3
cob=(7)
cfi=(212)
cfn=(788)
calls=1 260 
* 163
cob=(7)
cfi=(211)
cfn=(782)
calls=1 -74 
* 12
cob=(7)
cfi=(210)
cfn=(780)
calls=1 2798 
* 71
cob=(5)
cfi=(164)
cfn=(578)
calls=1 -74 
* 12
cob=(2)
cfi=(160) /usr/src/debug/glibc/glibc/libio/stdfiles.c
cfn=(566) _IO_stdfiles_init
calls=1 -10 
* 22
cob=(2)
cfi=(159) /usr/src/debug/glibc/glibc/libio/vtables.c
cfn=(564) check_stdfiles_vtables
calls=1 549 
* 12
* 32
cob=(12)
cfi=(383)
cfn=(2916) 0x000000000001b500
calls=1 -74 
* 12
cob=(10)
cfi=(331)
cfn=(1832) 0x0000000000009d20
calls=1 -74 
* 12
cob=(9)
cfi=(309)
cfn=(1718)
calls=1 -74 
* 12
cob=(7)
cfi=(166)
cfn=(598)
calls=1 +44 
* 36102
cob=(6)
cfi=(165)
cfn=(588) 0x00000000000114d0
calls=1 -74 
* 12
cob=(5)
cfi=(161)
cfn=(572)
calls=1 -14 
* 367
cob=(2)
cfi=(156) /usr/src/debug/glibc/glibc/csu/init-first.c
cfn=(556) _init_first
calls=1 -28 
* 77
cob=(4)
cfi=(155)
cfn=(550) 0x00000000000010e0
calls=1 -74 
* 12
-1 101
+3 60
-29 2

fn=(545) call_init.part.0'2
26 1
+17 1
-17 2
+20 1
-3 1
-17 6
+17 1
+3 2
+5 2
+8 3
+1 6
cob=(3)
cfi=(154)
cfn=(1950)
calls=1 -60 
* 7
+3 1
+1 2
+6 3
+3 2
-1 8
+2 4
cob=(11)
cfi=(335)
cfn=(1960) 0x0000000000002040
calls=1 -74 
* 1930
* 4
cob=(11)
cfi=(335)
cfn=(1954) 0x0000000000002150
calls=1 -74 
* 12
-1 7
+3 6

fn=(542) _dl_init
81 4
+1 2
-1 2
+2 2
-2 4
+5 2
-5 12
+5 4
+8 4
+25 2
+1 28
+1 30
-92 30
+6 45
+2 30
+6 27
+77 18
cfn=(544)
calls=9 -94 
* 324725
* 18
+7 14
-98 2
+60 2
-54 3
+2 6
+6 1
cfn=(544)
calls=1 -17 
* 74
* 2

fn=(543) _dl_init'2
81 2
+1 1
-1 1
+2 1
-2 2
+5 1
-5 6
+5 2
+8 2
+25 1
+1 11
+1 6
-92 6
+6 9
+2 6
+6 3
+77 2
cfn=(545)
calls=1 -94 
* 2012
* 2
+7 7

fl=(79) /usr/src/debug/glibc/glibc/elf/dl-reloc.c
fn=(298) _dl_relocate_object
343 12
+1 26
-1 20
+3 10
cfn=(300) _dl_relocate_object_no_relro
calls=10 185 
* 3418637
+7 30
+3 50
+3 10
-3 10
+3 10
+4 20
-15 20
+16 40
cfi=(1)
cfn=(470) mprotect
calls=10 0 
* 60
* 20

fn=(510) _dl_protect_relro
352 1
+1 3
+3 5
+3 1
-3 1
+3 1
+4 2
-11 1
+12 6
cfi=(1)
cfn=(470)
calls=1 0 
* 6
* 2
+6 2

fn=(300)
185 132
+16 11
-16 11
+16 11
+3 33
-6 11
+26 33
+1 22
-30 8
+33 8
+7 12
fi=(6) /usr/src/debug/glibc/glibc/elf/../sysdeps/x86_64/dl-machine.h
78 14
+6 4
+4 3
+6 1
+9 2
+23 2
fe=(79)
+66 1
fi=(4) /usr/src/debug/glibc/glibc/elf/../sysdeps/generic/ldsodefs.h
80 1
fe=(79)
281 2
fi=(4)
80 2
fe=(79)
281 2
fi=(4)
80 10
fe=(79)
281 20
fi=(4)
80 20
fe=(79)
281 56022
fi=(4)
80 7
fe=(79)
281 7
fi=(4)
80 14
fe=(79)
281 359
fi=(5) /usr/src/debug/glibc/glibc/elf/do-rel.h
105 6
fe=(79)
281 1
fi=(5)
101 1
+4 2
+22 1
-22 1
-5 1
+1 2
+4 1
-3 2
+3 1
-3 1
+3 1
+22 2
-22 60
fe=(79)
281 10
fi=(5)
101 10
+4 20
+22 10
-22 10
-5 10
+1 20
+4 10
-3 20
+3 10
-3 10
+3 10
+22 20
fe=(79)
281 11
fi=(5)
101 11
+4 22
+22 11
-22 11
-5 11
+1 22
+4 11
-3 22
+3 11
-3 11
+3 11
+22 22
+3 7
-86 127
+4 254
fi=(6)
509 127
+1 127
-1 127
+4 254
+3 381
+1 127
fi=(5)
130 381
+2 127
-84 127
+84 635
-84 254
-2 508
+84 1
fe=(79)
281 48
fi=(6)
725 77
+4 20
fe=(79)
288 22
+1 6
+2 12
fi=(4)
80 11
fe=(79)
295 55
fi=(4)
80 11
fe=(79)
295 22
fi=(4)
80 11
fe=(79)
295 293
fi=(6)
-13 5
fe=(79)
+13 1
fi=(5)
-84 2
+1 1
-1 2
+3 1
-2 2
+2 3
+2 1
-2 3
+2 2
fi=(6)
+66 50
fe=(79)
+13 10
fi=(5)
-84 20
+1 10
-1 20
+3 10
-2 20
+2 30
+2 10
-2 30
+2 20
fe=(79)
+79 11
fi=(5)
-84 22
+1 11
-1 22
+3 11
-2 22
+2 33
+2 11
-2 33
+2 22
+2 391
+2 127
48 127
220 127
44 127
220 508
48 254
-2 508
+2 254
218 2
fe=(79)
+77 88
+3 77
+23 11
+3 22
+14 88
fi=(5)
141 63
+12 6
+3 76
+2 48
-89 60
+91 10
+1 10
-1 20
+1 20
48 20
160 5861
+1 5861
-1 11722
+1 11722
48 11722
-2 23484
-2 5871
+4 11742
160 5825
+2 5825
fi=(6)
+97 5825
fi=(5)
-97 5825
-2 11650
+3 23300
fi=(6)
+99 11650
+7 11650
+4 11650
fe=(79)
148 23300
fi=(4)
+5 17427
fe=(79)
-4 11618
+3 11618
+8 19598
+4 642
-3 321
+1 321
+2 7994
-3 3355
+1 3355
+2 17096
+1 3676
-1 3676
+2 7352
-1 14704
+3 25732
cfi=(80)
cfn=(308)
calls=3676 767 
* 2621591
+4 7352
-4 3676
+3 3676
+1 3676
-1 3676
+1 7352
fi=(6)
282 57476
+4 11608
+26 34950
493 5796
+5 3864
+1 3864
fi=(5)
150 1932
fi=(6)
499 3864
fi=(5)
150 3902
+3 57
+22 11
+2 5
48 2
177 25
48 10
-2 24
-2 6
+4 12
178 6
fi=(6)
+81 6
fi=(5)
-81 6
+4 6
fi=(6)
+80 12
+7 12
+4 12
fe=(79)
148 24
fi=(4)
+5 18
fe=(79)
-4 12
+3 12
+8 30
+4 12
-3 6
+1 6
+2 36
+4 30
-4 6
+4 18
cfi=(80)
cfn=(308)
calls=6 767 
* 3451
+4 12
-4 6
+3 6
+1 6
-1 6
+1 12
fi=(6)
282 39
+4 6
+26 36
+3 315
418 315
fi=(5)
68 315
169 315
68 630
fi=(6)
418 5462
fi=(5)
68 5462
169 5462
68 10946
169 22
68 44
169 26
68 52
+90 17623
fe=(79)
281 40
fi=(4)
80 11
fi=(5)
+23 22
-34 945
fi=(6)
282 80
+3 207
+24 69
cob=(2)
cfi=(307) /usr/src/debug/glibc/glibc/string/../sysdeps/x86_64/multiarch/strncat.c
cfn=(1702) strncat
calls=1 29 
* 12
cob=(2)
cfi=(126) /usr/src/debug/glibc/glibc/string/../sysdeps/x86_64/multiarch/strcpy.c
cfn=(430) strcspn
calls=1 29 
* 3
cob=(2)
cfi=(99) /usr/src/debug/glibc/glibc/string/../sysdeps/x86_64/multiarch/strcat.c
cfn=(354) strcat
calls=1 29 
* 12
cob=(2)
cfi=(119) /usr/src/debug/glibc/glibc/string/../sysdeps/x86_64/multiarch/strrchr.c
cfn=(408) rindex
calls=2 29 
* 24
cob=(2)
cfi=(126)
cfn=(444) strcpy
calls=1 29 
* 12
cob=(2)
cfi=(97) /usr/src/debug/glibc/glibc/wcsmbs/../sysdeps/x86_64/multiarch/wmemset.c
cfn=(350) wmemset
calls=1 31 
* 10
cob=(2)
cfi=(92) /usr/src/debug/glibc/glibc/debug/../sysdeps/x86_64/multiarch/memmove_chk.c
cfn=(340) __memmove_chk
calls=1 29 
* 18
cob=(2)
cfi=(120) /usr/src/debug/glibc/glibc/wcsmbs/../sysdeps/x86_64/multiarch/wcscmp.c
cfn=(412) wcscmp
calls=1 30 
* 12
cob=(2)
cfi=(132) /usr/src/debug/glibc/glibc/string/../sysdeps/x86_64/multiarch/strncpy.c
cfn=(456) strncpy
calls=4 29 
* 48
cob=(2)
cfi=(128) /usr/src/debug/glibc/glibc/string/../sysdeps/x86_64/multiarch/memcmp.c
cfn=(440) bcmp
calls=4 29 
* 48
cob=(2)
cfi=(112) /usr/src/debug/glibc/glibc/string/../sysdeps/x86_64/multiarch/strcmp.c
cfn=(390) strcmp
calls=5 79 
* 60
cob=(2)
cfi=(118) /usr/src/debug/glibc/glibc/string/../sysdeps/x86_64/multiarch/strchr.c
cfn=(406) index
calls=2 71 
* 24
cob=(2)
cfi=(136) /usr/src/debug/glibc/glibc/string/../sysdeps/x86_64/multiarch/strspn.c
cfn=(468) strspn
calls=4 29 
* 12
cob=(2)
cfi=(138) /usr/src/debug/glibc/glibc/string/../sysdeps/x86_64/multiarch/strstr.c
cfn=(484) strstr
calls=2 52 
* 14
cob=(2)
cfi=(123) /usr/src/debug/glibc/glibc/wcsmbs/../sysdeps/x86_64/multiarch/wmemchr.c
cfn=(420) wmemchr
calls=1 31 
* 12
cob=(2)
cfi=(104) /usr/src/debug/glibc/glibc/debug/../sysdeps/x86_64/multiarch/memcpy_chk.c
cfn=(368) __memcpy_chk
calls=1 29 
* 18
cob=(2)
cfi=(125) /usr/src/debug/glibc/glibc/string/../sysdeps/x86_64/multiarch/strncmp.c
cfn=(424) strncmp
calls=2 67 
* 24
cob=(2)
cfi=(137) /usr/src/debug/glibc/glibc/time/../sysdeps/unix/sysv/linux/gettimeofday.c
cfn=(482) gettimeofday
calls=1 41 
* 7
cob=(2)
cfi=(94) /usr/src/debug/glibc/glibc/wcsmbs/../sysdeps/x86_64/multiarch/wmemcmp.c
cfn=(344) wmemcmp
calls=1 29 
* 12
cob=(2)
cfi=(134) /usr/src/debug/glibc/glibc/string/../sysdeps/x86_64/multiarch/memchr.c
cfn=(464) memchr
calls=2 30 
* 24
cob=(2)
cfi=(106) /usr/src/debug/glibc/glibc/wcsmbs/../sysdeps/x86_64/multiarch/wcslen.c
cfn=(376) wcslen
calls=1 29 
* 12
cob=(2)
cfi=(100) /usr/src/debug/glibc/glibc/debug/../sysdeps/x86_64/multiarch/memset_chk.c
cfn=(358) __memset_chk
calls=3 29 
* 57
cob=(2)
cfi=(133) /usr/src/debug/glibc/glibc/string/../sysdeps/x86_64/multiarch/memmove.c
cfn=(460) memmove
calls=6 29 
* 108
cob=(2)
cfi=(102) /usr/src/debug/glibc/glibc/string/../sysdeps/x86_64/multiarch/memcmpeq.c
cfn=(362) memcpy@@GLIBC_2.14
calls=7 29 
* 126
cob=(2)
cfi=(113) /usr/src/debug/glibc/glibc/string/../sysdeps/x86_64/multiarch/memrchr.c
cfn=(392) memset
calls=7 29 
* 133
cob=(2)
cfi=(131) /usr/src/debug/glibc/glibc/string/../sysdeps/x86_64/multiarch/strlen.c
cfn=(452) strlen
calls=7 30 
* 84
* 345
fi=(5)
-81 63
+5 38
-2 90
+2 17613
+2 11742
+1 11742
-1 5871
44 5871
235 17613
48 11742
-2 29355
+2 11742
240 46
fi=(6)
+19 46
fi=(5)
-19 92
46 46
241 184
fe=(79)
-93 138
fi=(6)
282 46
+4 92
+26 276
fi=(5)
-99 11
fi=(4)
80 22
fe=(79)
+85 44
281 15
+14 15
fi=(6)
395 48
+2 64
+4 48
+9 16
fi=(5)
68 32
fi=(6)
347 12
+2 8
+9 4
fi=(5)
68 8
fi=(6)
341 12
+1 12
fi=(5)
68 12
fi=(6)
455 66
+5 44
-1 66
+1 44
-1 22
cfi=(1)
cfn=(104)
calls=22 0 
* 412
+2 44
-2 22
+2 66
+1 44
-44 6668
fi=(5)
244 46
68 92
233 20
68 46
fi=(6)
471 92
+2 46
cfi=(23) /usr/src/debug/glibc/glibc/elf/../sysdeps/x86/dl-get-cpu-features.c
cfn=(496) __x86_cpu_features
calls=1 76 
* 6
cob=(2)
cfi=(136)
cfn=(468)
calls=1 29 
* 3
cob=(2)
cfi=(134)
cfn=(464)
calls=1 30 
* 12
cob=(2)
cfi=(133)
cfn=(460)
calls=1 29 
* 18
cob=(2)
cfi=(132)
cfn=(456)
calls=1 29 
* 12
cob=(2)
cfi=(131)
cfn=(452)
calls=1 30 
* 12
cob=(2)
cfi=(130) /usr/src/debug/glibc/glibc/string/../sysdeps/x86_64/multiarch/strcasecmp.c
cfn=(448) strcasecmp_l
calls=1 31 
* 12
cob=(2)
cfi=(126)
cfn=(444)
calls=1 29 
* 12
cob=(2)
cfi=(128)
cfn=(440)
calls=1 29 
* 12
cob=(2)
cfi=(127) /usr/src/debug/glibc/glibc/string/../sysdeps/x86_64/multiarch/strchrnul.c
cfn=(436) strchrnul
calls=1 32 
* 12
cob=(2)
cfi=(85) /usr/src/debug/glibc/glibc/string/../sysdeps/x86_64/multiarch/strncase.c
cfn=(432) strncasecmp_l
calls=1 31 
* 12
cob=(2)
cfi=(126)
cfn=(430)
calls=1 29 
* 3
cob=(2)
cfi=(121) /usr/src/debug/glibc/glibc/string/../sysdeps/x86_64/multiarch/stpncpy.c
cfn=(426) strcasecmp
calls=1 31 
* 12
cob=(2)
cfi=(125)
cfn=(424)
calls=1 67 
* 12
cob=(2)
cfi=(123)
cfn=(420)
calls=2 31 
* 24
cob=(2)
cfi=(121)
cfn=(416) stpncpy
calls=1 31 
* 12
cob=(2)
cfi=(120)
cfn=(412)
calls=1 30 
* 12
cob=(2)
cfi=(119)
cfn=(408)
calls=1 29 
* 12
cob=(2)
cfi=(118)
cfn=(406)
calls=1 71 
* 12
cob=(2)
cfi=(116) /usr/src/debug/glibc/glibc/wcsmbs/../sysdeps/x86_64/multiarch/wcschr.c
cfn=(402) wcschr
calls=2 31 
* 24
cob=(2)
cfi=(113)
cfn=(398) memrchr
calls=1 29 
* 12
cob=(2)
cfi=(113)
cfn=(392)
calls=1 29 
* 19
cob=(2)
cfi=(112)
cfn=(390)
calls=1 79 
* 12
cob=(2)
cfi=(111) /usr/src/debug/glibc/glibc/string/../sysdeps/x86_64/multiarch/strpbrk.c
cfn=(388) strpbrk
calls=1 29 
* 3
cob=(2)
cfi=(109) /usr/src/debug/glibc/glibc/string/../sysdeps/x86_64/multiarch/strnlen.c
cfn=(384) strnlen
calls=2 32 
* 24
cob=(2)
cfi=(108) /usr/src/debug/glibc/glibc/wcsmbs/../sysdeps/x86_64/multiarch/wcsnlen.c
cfn=(380) wcsnlen
calls=1 30 
* 12
cob=(2)
cfi=(106)
cfn=(376)
calls=1 29 
* 12
cob=(2)
cfi=(105) /usr/src/debug/glibc/glibc/debug/../sysdeps/x86_64/multiarch/mempcpy_chk.c
cfn=(372) __mempcpy_chk
calls=1 29 
* 18
cob=(2)
cfi=(104)
cfn=(368)
calls=1 29 
* 18
cob=(2)
cfi=(103) /usr/src/debug/glibc/glibc/wcsmbs/../sysdeps/x86_64/multiarch/wcsncpy.c
cfn=(366) wcsncpy
calls=1 31 
* 9
cob=(2)
cfi=(102)
cfn=(362)
calls=1 29 
* 18
cob=(2)
cfi=(100)
cfn=(358)
calls=1 29 
* 19
cob=(2)
cfi=(99)
cfn=(354)
calls=1 29 
* 12
cob=(2)
cfi=(97)
cfn=(350)
calls=2 31 
* 20
cob=(2)
cfi=(96) /usr/src/debug/glibc/glibc/wcsmbs/../sysdeps/x86_64/multiarch/wcscat.c
cfn=(348) wcscat
calls=1 31 
* 9
cob=(2)
cfi=(94)
cfn=(344)
calls=1 29 
* 12
cob=(2)
cfi=(92)
cfn=(340)
calls=1 29 
* 18
cob=(2)
cfi=(90) /usr/src/debug/glibc/glibc/string/../sysdeps/x86_64/multiarch/stpcpy.c
cfn=(336) stpcpy
calls=1 33 
* 12
cob=(2)
cfi=(89) /usr/src/debug/glibc/glibc/wcsmbs/../sysdeps/x86_64/multiarch/wcpncpy.c
cfn=(334) wcpncpy
calls=1 31 
* 9
cob=(2)
cfi=(87) /usr/src/debug/glibc/glibc/string/../sysdeps/x86_64/multiarch/mempcpy.c
cfn=(330) mempcpy
calls=1 33 
* 18
cob=(2)
cfi=(85)
cfn=(326) strncasecmp
calls=1 31 
* 12
cob=(2)
cfi=(83) /usr/src/debug/glibc/glibc/string/../sysdeps/x86/cacheinfo.c
cfn=(322) __x86_cacheinfo
calls=1 86 
* 30
+1 46
fi=(5)
68 46
fi=(6)
475 92
282 230
fe=(79)
-1 370
153 12818
+3 2133
-1 2133
+19 2133
-18 4266
fi=(6)
290 138
+1 207
fe=(79)
153 4258
+12 6666
fi=(6)
418 6
fi=(5)
68 6
184 6
68 12
175 20
+75 29
+2 12
+1 12
-1 6
44 6
252 18
48 12
-2 30
+2 12
250 2
fe=(79)
+42 9
cfi=(50) /usr/src/debug/glibc/glibc/elf/../elf/dl-tls.c
cfn=(320) _dl_init_static_tls
calls=3 1323 
* 221
* 6
-64 14
+7 21
-9 14
-62 12

fl=(439) /usr/src/debug/glibc/glibc/elf/dl-fini.c
fn=(4664) _dl_fini
26 6
+17 1
-17 4
+20 10
+3 2
cob=(2)
cfi=(304)
cfn=(1662)
calls=1 +22 
* 35
+2 1
+3 2
+2 5
-10 4
+95 2
+13 8
-13 2
+2 1
-2 2
+6 2
-84 3
-2 1
+2 1
cfi=(53) /usr/src/debug/glibc/glibc/elf/dl-audit.c
cfn=(532) _dl_audit_activity_nsid
calls=1 -22 
* 10
+5 16
+6 1
-6 1
+4 1
+2 3
+2 22
+2 22
+2 22
+1 11
+1 11
+4 11
-12 33
+19 6
+1 4
+6 6
cfi=(21)
cfn=(256)
calls=1 298 
* 806
+9 2
cob=(2)
cfi=(305)
cfn=(1676)
calls=1 357 
* 26
+5 7
+2 1
+2 2
-2 10
+2 20
+13 2
+4 3
cfi=(53)
cfn=(532)
calls=1 -94 
* 10
* 2
-15 44
cfi=(440)
cfn=(4666)
calls=11 -96 
* 2954
+3 22
cfi=(53)
cfn=(4690) _dl_audit_objclose
calls=11 -26 
* 55
-9 22
+14 11
-14 34

fl=(45) /usr/src/debug/glibc/glibc/elf/dl-hwcaps.c
fn=(136) _dl_important_hwcaps
171 6
+3 1
-3 1
+3 1
-3 6
+2 1
cfi=(46) /usr/src/debug/glibc/glibc/elf/../sysdeps/x86_64/dl-hwcaps-subdirs.c
cfn=(138) _dl_hwcaps_subdirs_active
calls=1 29 
* 31
fi=(47) /usr/src/debug/glibc/glibc/elf/./dl-hwcaps.h
43 1
fe=(45)
174 1
fi=(47)
45 1
fe=(45)
173 1
fi=(47)
-96 1
+1 2
fe=(45)
-27 2
cfi=(48) /usr/src/debug/glibc/glibc/elf/dl-hwcaps_split.c
cfn=(144) _dl_hwcaps_split_masked
calls=1 * 
* 13
* 2
fi=(47)
-8 1
+34 1
-34 1
+35 1
-33 1
+33 2
fe=(45)
-24 2
-1 2
+1 2
+2 4
-5 4
cfi=(48)
cfn=(144)
calls=2 * 
* 109
* 2
cfi=(48)
cfn=(144)
calls=1 * 
* 117
* 6
+48 3
fi=(35)
-43 2
cfi=(34)
cfn=(100)
calls=1 -20 
* 18
fe=(45)
+43 1
+2 2
fi=(47)
-58 1
fe=(45)
+61 1
+3 1
fi=(47)
-62 1
-2 1
+2 1
fe=(45)
+66 2
cfi=(48)
cfn=(150) _dl_hwcaps_split
calls=1 -86 
* 7
* 2
fi=(47)
-68 1
+34 1
-34 1
+35 1
-33 1
+33 2
fe=(45)
+48 10
+1 4
+1 2
+1 2
-1 2
-4 4
cfi=(48)
cfn=(144)
calls=2 -73 
* 109
* 2
cfi=(48)
cfn=(144)
calls=1 -73 
* 117
* 6
+8 2
+9 3
+3 10
-2 7
+8 2
+4 2
-4 2
+4 3
cfi=(1)
cfn=(152) bcmp
calls=1 0 
* 22
+1 2
+1 1
+5 2
+1 1
-20 2
+19 1
+1 1
-20 2
-1 7
+47 3
-3 1
+7 1
-7 1
+7 1
fi=(35)
56 1
cfi=(34)
cfn=(100)
calls=1 -20 
* 18
* 1
fe=(45)
193 2
-9 1
+16 1
fi=(47)
45 1
fe=(45)
+34 2
184 1
+17 1
fi=(47)
77 1
+1 1
fe=(45)
201 1
fi=(47)
43 1
fe=(45)
201 1
fi=(47)
43 1
fe=(45)
201 1
fi=(47)
78 1
fe=(45)
-2 2
cfi=(48)
cfn=(144)
calls=1 -25 
* 13
* 2
fi=(47)
-33 1
+34 1
fe=(45)
+2 2
fi=(47)
-36 1
+35 1
-33 1
+33 2
fe=(45)
+1 10
+7 2
-7 2
cfi=(1)
cfn=(156) mempcpy
calls=2 -79 
* 30
+4 2
+2 2
+2 2
-2 4
-9 4
cfi=(48)
cfn=(144)
calls=2 -25 
* 109
* 2
cfi=(48)
cfn=(144)
calls=1 -25 
* 117
+2 3
-2 6
212 2
-4 1
+4 1
+3 9

fl=(18) /usr/src/debug/glibc/glibc/io/../sysdeps/unix/sysv/linux/close_nocancel.c
fn=(40) __GI___close_nocancel
25 11
+1 44
+1 11

fl=(17)
fn=(38)
47 46
+3 92
-3 184
+6 92
+5 276
+2 138
-7 83

fl=(65) /usr/src/debug/glibc/glibc/io/../sysdeps/unix/sysv/linux/access.c
fn=(228) access
25 1
+2 7
+4 1

fl=(1)
fn=(0) 0x0000000000028440
0 2
cfi=(2) /usr/src/debug/glibc/glibc/elf/rtld.c
cfn=(2) _dl_start
calls=1 517 
0 2737597
0 8
cfi=(78)
cfn=(538)
calls=1 331 
0 4
0 10
cfi=(153)
cfn=(542)
calls=1 81 
0 39021
0 3
cob=(8)
cfi=(229)
cfn=(870) (below main)
calls=1 0 
0 41337861

fn=(104)
0 1199

fn=(2818) __longjmp
0 297

fn=(268) strncmp
0 25

fn=(146) index
0 1555

fn=(892) _dl_runtime_resolve_xsave
0 1664
cfi=(231) /usr/src/debug/glibc/glibc/elf/dl-runtime.c
cfn=(894) _dl_fixup
calls=64 46 
0 50475
0 960

fn=(84) strlen
0 1200

fn=(184) __sigsetjmp
0 2160

fn=(122) strcmp
0 126751

fn=(160)
0 1168

fn=(156)
0 708

fn=(470)
0 66

fn=(152)
0 22

fn=(1848)
0 165
cfi=(332) /usr/src/debug/glibc/glibc/elf/../sysdeps/x86_64/dl-tls.c
cfn=(1850) __tls_get_addr_slow
calls=1 40 
0 123
0 3

fl=(13) /usr/src/debug/glibc/glibc/io/../sysdeps/unix/sysv/linux/fstatat64.c
fn=(28) fstatat
146 30
-55 30
+70 41
+1 11
-2 8
+1 8

fl=(68)
fn=(246)
60 3
-26 9
+26 4
-26 2
+36 1
-33 6
cfi=(11)
cfn=(50)
calls=1 610 
* 18
* 6
+5 1
+28 4

fn=(248) __is_decorate_maps_enabled
33 6
+1 18
+9 6
+7 6

fl=(40) /usr/src/debug/glibc/glibc/elf/dl-execstack-tunable.c
fn=(118) _dl_handle_execstack_tunable
24 2
+1 4
cfi=(11)
cfn=(50)
calls=1 610 
* 18
* 5
+14 2

fl=(56)
fn=(182)
208 87
58 29
208 87
+3 58
+22 29
-1 29
+1 29
58 58
+4 30
+11 30
239 45
cfi=(1)
cfn=(184)
calls=15 0 
* 360
* 42
cfi=(1)
cfn=(184)
calls=14 0 
* 336
* 87
+2 116
cfi=(390) /usr/src/debug/glibc/glibc/elf/dl-close.c
cfn=(2988) _dl_close
calls=2 763 
* 158
cob=(2)
cfi=(336)
cfn=(1976) dlsym_doit
calls=12 37 
* 6133
cob=(2)
cfi=(301)
cfn=(1658) dlopen_doit
calls=1 48 
* 1088858
cfi=(66)
cfn=(238)
calls=13 62 
* 23169
cfi=(2)
cfn=(186) map_doit
calls=1 639 
* 2496
69 87
+1 28
243 56
+9 42
-9 60
+9 45
59 28
+11 42
+3 45

fn=(183)
208 189
58 63
208 189
+3 126
+22 61
-1 61
+1 61
58 122
+4 122
+11 122
239 183
cfi=(1)
cfn=(184)
calls=61 0 
* 1464
* 216
+2 244
cfi=(390)
cfn=(2988)
calls=3 763 
* 168
cob=(2)
cfi=(336)
cfn=(1976)
calls=11 37 
* 7906
cfi=(303) /usr/src/debug/glibc/glibc/elf/dl-open.c
cfn=(1669) dl_open_worker'2
calls=5 751 
* 69512
cob=(2)
cfi=(301)
cfn=(1659) dlopen_doit'2
calls=10 48 
* 81830
cfi=(66)
cfn=(238)
calls=25 62 
* 27614
cfi=(303)
cfn=(1670) dl_open_worker_begin
calls=6 514 
* 867593
cfi=(303)
cfn=(1668) dl_open_worker
calls=1 751 
* 1087682
69 150
243 200
+9 183
73 150
-15 4
+4 2
+11 2
215 6
cfi=(303)
cfn=(1713) call_dl_init'2
calls=1 490 
* 2089
cfi=(303)
cfn=(1712) call_dl_init
calls=1 490 
* 286078
69 4
252 6
73 2
218 4
69 11
+1 11
-1 11
+4 11
251 22

fn=(260) _dl_receive_error
190 4
58 1
192 1
58 1
+1 1
+11 1
196 1
+2 2
cfi=(2)
cfn=(262) version_check_doit
calls=1 672 
* 30626
69 2
+1 1
201 1
+1 4

fn=(3004) _dl_signal_cexception
150 8
+1 4
+6 6
+8 6
cfn=(2820) _dl_signal_exception
calls=2 -69 
* 96

fn=(2814) _dl_signal_error
114 15
-56 6
+60 9
+2 6
+2 9
cfi=(368) /usr/src/debug/glibc/glibc/elf/dl-exception.c
cfn=(2816) _dl_exception_create
calls=3 -38 
* 422
+1 3
+3 6
-3 3
+3 3
cfi=(1)
cfn=(2818)
calls=3 0 
* 81
-64 6

fn=(180) _dl_catch_error
258 80
+2 16
-2 32
+2 16
-2 16
+2 32
cfn=(182)
calls=16 -52 
* 1098685
* 16
+1 32
+1 16
+1 16
-1 16
+3 16
-2 16
+2 80

fn=(181) _dl_catch_error'2
258 120
+2 24
-2 48
+2 24
-2 24
+2 48
cfn=(183)
calls=24 -52 
* 91459
* 24
+1 48
+1 24
+1 24
-1 24
+3 24
-2 24
+2 120

fn=(2820)
96 32
-38 8
+38 8
-38 8
+40 16
+2 16
+4 8
-4 16
+4 8
-4 8
+1 16
+3 8
cfi=(1)
cfn=(2818)
calls=8 0 
* 216
-42 16

fl=(306) /usr/src/debug/glibc/glibc/io/../sysdeps/unix/sysv/linux/stat64.c
fn=(1692) stat
28 12
+1 24
cfi=(13)
cfn=(28)
calls=6 146 
* 56

fl=(48)
fn=(148) _dl_hwcaps_contains
66 6
+1 12
+1 6
+9 6

fn=(150)
25 2
+1 3
+1 1
+20 1

fn=(144)
51 55
-25 42
+4 24
+4 54
+1 12
-1 24
+2 24
+5 27
cfi=(1)
cfn=(146)
calls=9 -41 
* 189
+1 18
+3 6
+11 12
+1 12
+1 6
-1 6
+1 6
-2 6
+1 6
+1 3
-1 3
+1 27
cfn=(148)
calls=6 +8 
* 30
* 12
-3 5
+7 44
-19 6
cfi=(1)
cfn=(84)
calls=3 -43 
* 42
* 3

fl=(80)
fn=(308)
767 11322
+3 3774
-3 75480
+3 3774
fi=(81) /usr/src/debug/glibc/glibc/elf/../sysdeps/generic/dl-new-hash.h
74 3774
+3 7548
-8 3774
+1 11322
+10 3774
+1 7548
-1 70619
+1 141238
+20 72511
-2 72511
+6 72511
-3 145022
+2 72511
-30 72511
+3 145022
fe=(80)
770 3774
-1 3774
+4 3774
-4 3774
+1 3774
+7 14410
+5 7548
-2 7548
+6 7548
-7 7548
-8 3774
+15 9403
+1 56924
cfn=(312) do_lookup_x
calls=4066 344 
* 1391236
* 12198
+5 11322
+23 3695
+1 22066
+7 3695
-7 3695
+35 25865
+14 11085
+3 7390
+17 3695
-74 3695
+76 40645
-76 77
+76 847
fi=(81)
87 1882
+1 1882
+1 3764
+1 1882
fe=(80)
794 624
+1 4
+3 8
+7 2
-6 4
+5 14
cfi=(368)
cfn=(3000) _dl_exception_create_format
calls=2 107 
* 1599
+4 8
cfi=(56)
cfn=(3004)
calls=2 150 
* 120
+64 77
-60 154
+54 2
-12 777
532 476
201 21
546 6
+4 6
+1 6
+2 18
+1 18
-1 30
805 4
-1 8
-5 2
+1 4

fn=(314) check_match
70 14960
+3 29920
+13 33660
+3 12430
cfi=(1)
cfn=(122)
calls=990 -89 
* 24124
* 1980
+4 7480
+1 7480
+4 6952
+4 6952
+1 31284
+1 17145
cfi=(1)
cfn=(122)
calls=3429 0 
* 74410
* 13716
+54 11076
+1 11076
-18 528
+2 528
+1 264
-1 528
+1 792
-1 528
+4 2
-38 141
+1 47
+1 188
-33 45
+81 144
-47 21
+3 12
-37 6

fn=(312)
344 4066
+65 4066
-65 20330
fi=(82) /usr/src/debug/glibc/glibc/elf/../sysdeps/generic/dl-protected.h
29 4066
fe=(80)
344 24396
+6 4066
+59 4066
fi=(82)
29 4066
fe=(80)
351 4066
+58 28462
-26 30364
+4 30364
+6 45546
+8 15182
-4 15182
+1 15182
+3 60728
+1 30364
+3 15182
-3 15182
+4 30364
+4 30364
-2 15182
+5 30364
+3 75910
+99 34461
355 30364
+3 30364
+4 30458
515 66
355 44
+3 44
+4 44
518 742
fi=(4)
152 7390
+1 11085
fe=(80)
473 7390
fi=(82)
29 7390
fe=(80)
480 21622
+16 7220
+1 3610
+1 7220
+21 25270
-21 170
+21 3192
-52 385
+2 382
-49 11865
-1 7910
+2 7910
+2 7766
+5 46596
+8 16437
-10 45855
+3 3740
-1 3740
+1 3740
-1 3740
+1 3740
-1 7480
+2 3740
-1 3740
+1 3740
-1 44880
cfn=(314)
calls=3740 70 
* 308419
+4 48140
219 255
+2 85
-2 85
+2 85
-2 170
+2 85
+2 85
-2 255
cob=(2)
cfi=(304)
cfn=(1662)
calls=3 71 
* 105
cfi=(31)
cfn=(108)
calls=82 43 
* 246
+2 85
+2 340
-1 84
+3 504
+1 84
-1 84
+1 84
-1 84
+1 168
-1 168
+1 168
-1 1850
+24 354
+3 96
+1 288
-23 180
-1 360
+1 6
cfi=(1)
cfn=(122)
calls=3 0 
* 60
* 6
+2 9
+13 9
cob=(2)
cfi=(305)
cfn=(1676)
calls=3 357 
* 78
+1 3
484 5826
+5 1
fi=(35)
44 4
cfi=(34)
cfn=(96)
calls=1 +36 
* 28
* 1
fe=(80)
299 2
+3 1
-75 1
+70 2
+7 1
-1 1
-6 1
+7 1
167 12
+1 6
313 1
-1 4
-5 2
+6 81
-1 324
-5 162
+19 82
+2 164
-2 164
+2 82
cfi=(31)
cfn=(108)
calls=82 43 
* 246
+2 164
+1 82
-1 82
+1 82
173 518
-2 84
+1 252
-3 332
+7 82
+1 82
+1 82
+1 82
315 328
-56 1215
+7 10
cfi=(14) /usr/src/debug/glibc/glibc/elf/dl-misc.c
cfn=(478) _dl_higher_prime_number
calls=2 85 
* 159
fi=(35)
44 2
fe=(80)
266 2
fi=(35)
44 4
cfi=(34)
cfn=(96)
calls=2 +36 
* 56
* 2
fe=(80)
269 4
168 6
276 2
168 6
276 286
+1 276
+1 140
167 70
278 210
167 70
+1 70
-1 70
+1 210
+1 440
+2 14
+1 42
-3 168
+7 70
+3 70
-2 70
+2 70
+77 368
445 1719
173 10
282 6
+2 2
-2 8
cfi=(34)
cfn=(480)
calls=2 97 
* 10
167 2
285 2
-2 2
+3 4
-1 2
+1 4
167 4
+1 2
-1 2
+1 8
+76 3
+1 3

fl=(21)
fn=(256)
298 64
+8 4
-8 4
+8 8
+4 40
-99 4
-28 4
-2 4
+1 4
+29 4
-28 16
+1 4
-1 4
+1 4
-1 8
+1 25
-1 25
+1 25
-1 50
+28 56
+8 20
-3 8
+3 20
-3 4
+2 8
+3 79
+2 29
-83 58
+3 72
cfn=(258) dfs_traversal.part.0
calls=24 -8 
* 1077
+83 82
+18 28
+19 12
cfi=(1)
cfn=(104)
calls=4 0 
* 55
+13 16
+7 4
+27 4

fn=(258)
135 72
+10 24
-2 24
+2 48
+2 72
-7 36
+7 248
-7 106
+3 6
cfn=(259) dfs_traversal.part.0'2
calls=2 -8 
* 215
+4 16
+9 48
+15 72
+1 24
+1 48
-17 18

fn=(259)
135 15
+10 5
-2 5
+2 10
+2 16
-7 8
+7 39
-7 27
+3 9
cfn=(259)
calls=3 -8 
* 96
+4 26
+9 10
+15 15
+1 5
+1 10
-17 15

fn=(48) _dl_sort_maps_init
289 2
+1 4
cfi=(11)
cfn=(50)
calls=1 610 
* 18
+2 3
-1 1
+2 2

fl=(28) /usr/src/debug/glibc/glibc/elf/../sysdeps/x86/dl-cacheinfo.h
fn=(74) intel_check_word.constprop.0
143 48
-5 24
+11 72
-11 48
+11 48
-11 48
250 24
138 24
243 24
-94 24
+87 24
-98 24
+98 48
-87 24
+87 72
-85 96
+2 60
+2 120
+73 120
-65 120
+65 96
+22 144
fi=(29) /usr/src/debug/glibc/glibc/elf/../bits/stdlib-bsearch.h
28 144
fe=(28)
129 96
fi=(29)
28 108
fe=(28)
129 72
+3 324
fi=(29)
26 768
+2 720
fe=(28)
129 480
+16 12
281 168
fi=(29)
44 60
-18 120
+17 72
fe=(28)
281 24
-80 27
+1 18
+2 18
-32 18
+8 4
+3 8
-3 12
+12 90
+4 58
+2 134
+23 21
-46 120
+2 130
+1 52
+22 40
+1 44
+1 50
+1 38
+1 32
+2 8
+2 16
-2 3
+2 6
+6 14
+3 8
+1 16
-35 4
+1 4
+2 4
-2 16
+1 8
+1 8
+29 9
-5 4
+2 4
+1 4
-2 4
-1 4
+2 8
-2 4
+3 4
-2 12
+2 12
+49 1
-38 2
-52 3
+17 6
-12 10
+1 2
+14 9
+6 15
-23 12
+5 4
+3 3
+1 1
+2 1
-2 3
+1 2
+1 2

fn=(78) get_common_cache_info.constprop.0
798 1
+15 1
+3 1
-18 3
+47 1
-47 3
+47 1
-32 1
+15 2
-11 1
+28 3
+4 3
+5 3
-5 2
-26 1
+17 1
-15 3
+32 13
+1 12
+1 4
+11 8
+4 26
+14 2
-17 8
1018 1
+1 1
-3 1
+1 1
+2 1
-1 1
+1 2
901 6
-22 2
+13 1
+3 1
+1 1
-4 2
+3 3
+6 4
-76 4
+82 4
+8 2
+2 1
-2 3
+2 2
-2 1
-4 3
+31 2
-21 4
+2 1
+2 2
-4 3
+2 1
+2 6
+2 4
+3 2
+8 1
+1 1
-4 1
+2 1
+1 1
-19 4
+46 2
+2 1
-1 1
+1 2
+1 1
+25 1
+11 2
+1 5
+4 2
883 1
+1 1
-1 2
+1 1
+61 2
+7 1
-14 1
+16 1
+6 1
-5 2
+5 1
+49 5

fn=(72) handle_intel.constprop.0
291 24
-6 36
+12 12
+1 12
+3 24
+2 6
+2 2
+5 4
-5 11
+5 44
+5 60
cfn=(74)
calls=12 143 
* 4020
+2 72
+5 72
cfn=(74)
calls=12 143 
* 1654
+2 24
+9 72

fl=(58) /usr/src/debug/glibc/glibc/io/../sysdeps/unix/sysv/linux/read_nocancel.c
fn=(204) __read_nocancel
25 10
+1 40
+1 10

fl=(24) /usr/src/debug/glibc/glibc/elf/../sysdeps/x86/cpu-features.c
fn=(58) init_cpu_features.constprop.0
728 1
+23 1
-23 6
+14 1
-2 1
-9 1
+1 1
+1 1
+18 2
+3 6
+6 6
cfn=(60) get_common_indices.constprop.0
calls=1 431 
* 68
409 3
+1 2
+1 6
+5 2
+1 6
+5 2
+1 7
765 1
cfn=(64) update_active.constprop.0
calls=1 94 
* 204
+4 1
+4 1
1162 1
770 3
+3 2
901 2
+7 2
+60 2
+7 2
+2 2
+4 2
+6 2
1162 1
fi=(28)
+62 1
-63 1
fe=(24)
758 1
1162 1
fi=(28)
+62 2
-30 5
fe=(24)
755 1
1154 3
+1 2
+3 2
+1 2
+3 2
+10 1
-3 1
+1 1
+1 1
+1 1
fi=(28)
1042 2
1148 1
+11 1
+5 2
-11 1
+11 1
-16 1
+1 1
+5 1
-5 1
+1 1
+5 1
-5 1
+1 1
+5 1
-5 1
+1 1
+6 1
-6 1
+5 2
+38 2
-17 3
+8 2
+29 6
+9 3
+20 2
+13 2
-13 1
+6 2
+20 1
-20 1
+7 2
cfi=(11)
cfn=(50)
calls=1 610 
* 17
* 1
+3 1
+2 2
-3 1
+1 3
+2 1
-2 1
+2 1
cfi=(11)
cfn=(50)
calls=1 610 
* 17
* 1
+90 1
-78 2
-10 1
+88 2
-82 2
+82 1
-78 1
+78 1
-78 1
cfi=(11)
cfn=(50)
calls=1 610 
* 17
* 1
+1 5
+3 3
+62 2
-53 4
cfi=(11)
cfn=(50)
calls=1 610 
* 17
* 1
+5 1
-4 3
+4 1
+33 1
-33 1
+33 2
-33 1
cfi=(11)
cfn=(50)
calls=1 610 
* 17
* 1
+1 1
+6 2
+44 1
-44 2
cfi=(11)
cfn=(50)
calls=1 610 
* 17
+2 2
-2 1
+44 1
-42 1
-2 1
+26 9
cfi=(11)
cfn=(80) __GI___tunable_set_val
calls=1 167 
* 42
+6 2
+1 2
cfi=(11)
cfn=(82) __tunable_is_initialized
calls=1 159 
* 6
+1 6
+3 10
cfi=(11)
cfn=(80)
calls=1 167 
* 42
+2 10
cfi=(11)
cfn=(80)
calls=1 167 
* 42
+1 10
cfi=(11)
cfn=(80)
calls=1 167 
* 42
+1 10
cfi=(11)
cfn=(80)
calls=1 167 
* 42
+3 10
cfi=(11)
cfn=(80)
calls=1 167 
* 42
+8 1
+5 1
fe=(24)
1176 3
fi=(28)
1354 1
-3 1
+1 1
+3 1
-3 1
+1 1
+3 1
-3 1
+4 1
fe=(24)
1176 1
cfi=(11)
cfn=(50)
calls=1 610 
* 16
+3 4
cfi=(11)
cfn=(50)
calls=1 610 
* 18
+64 1
-1 1
+1 1
+45 4
cfi=(11)
cfn=(50)
calls=1 610 
* 16
+2 4
cfi=(11)
cfn=(50)
calls=1 610 
* 16
+7 2
+6 1
+32 5
cfi=(11)
cfn=(50)
calls=1 610 
* 18
+7 8
fi=(28)
1230 3
+3 1
+1 2
fe=(24)
+75 1
+3 2
-65 3
+27 2
-10 3
+1 4
+6 1
-3 2
fi=(28)
1045 1
+2 2
-2 1
+2 1
cfn=(72)
calls=1 291 
* 470
+1 2
-1 2
+1 1
cfn=(72)
calls=1 291 
* 589
+4 2
-4 2
+1 1
+3 1
cfn=(72)
calls=1 291 
* 491
+2 2
-2 1
+2 1
cfn=(72)
calls=1 291 
* 484
+3 2
-2 1
-1 1
+3 1
cfn=(72)
calls=1 291 
* 443
+2 2
-2 1
+2 1
cfn=(72)
calls=1 291 
* 446
+2 2
-2 1
+2 1
cfn=(72)
calls=1 291 
* 524
+2 2
-2 1
+2 1
cfn=(72)
calls=1 291 
* 514
+2 2
-2 1
+2 1
cfn=(72)
calls=1 291 
* 517
+3 2
-3 1
+3 1
cfn=(72)
calls=1 291 
* 549
+2 2
-2 1
+2 1
cfn=(72)
calls=1 291 
* 552
+2 2
-2 1
+2 1
cfn=(72)
calls=1 291 
* 570
+2 5
-2 1
+2 1
cfn=(78)
calls=1 798 
* 222
* 2
1185 1
-6 2
+6 1
-6 1
+6 2
-6 2
+6 1
-1 3
fe=(24)
775 4
565 4
781 5
+37 2
+3 2
926 1
+1 2

fn=(60)
431 1
+4 4
+3 3
+5 2
-5 1
+5 1
-5 1
+4 1
+1 1
+1 4
+1 4
+1 3
+1 2
+7 2
+2 4
+5 1
-5 1
+5 1
-5 2
+5 1
+7 1
-7 4
+7 1
+1 3
+6 1
-6 4
+6 1
fi=(25) /usr/src/debug/glibc/glibc/elf/../sysdeps/unix/sysv/linux/x86/dl-minsigstacksize.h
24 2
+3 2
+1 2
+37 3
+9 2
fe=(24)
490 2

fn=(64)
94 1
+41 1
-45 1
+23 1
+9 1
-32 1
+12 1
-12 1
+13 1
+24 1
-37 1
+13 1
+18 1
-19 1
-12 1
+12 1
+25 1
-6 1
+10 1
-28 1
+1 1
-14 1
+37 1
+3 1
-9 1
+13 1
-4 2
-9 1
+13 2
-30 1
+8 1
+22 1
-22 1
+22 1
+5 3
-4 1
-23 1
+27 1
-12 1
+3 1
+9 1
+1 1
+2 1
+5 1
-7 2
+1 1
+7 1
-2 1
-5 2
+6 1
-1 1
+1 1
-1 1
+1 1
+1 1
-2 1
+2 1
-1 1
+3 2
+1 4
+14 2
389 2
+4 3
fi=(26) /usr/src/debug/glibc/glibc/elf/../sysdeps/unix/sysv/linux/x86/dl-hwcap2.h
25 2
fi=(27) /usr/src/debug/glibc/glibc/elf/../sysdeps/x86/get-isa-level.h
+6 1
-3 1
+3 2
fe=(24)
403 2
-1 1
+1 5
169 1
+1 1
+2 1
-3 1
+3 1
-3 4
+1 2
+2 3
+90 1
+1 1
-1 2
+17 4
+16 2
+5 1
-1 2
+4 4
+4 2
+4 3
+1 2
+5 1
-1 1
+10 1
-6 1
+2 1
-2 1
+3 1
+3 1
+63 1
fi=(27)
30 1
fe=(24)
389 2
fi=(27)
32 3
+7 4
+1 3
+8 3
+1 1
+2 4
fe=(24)
176 4
+6 2
+14 1
+12 2
-12 1
+12 1
-12 1
+2 1
+10 1
-10 2
+10 1
-12 1
+2 1
+6 2
+4 1
-4 1
+2 1
-2 1
+2 3
+7 5
-24 1
-5 2
+4 1
fi=(27)
54 2
+9 6
fe=(24)

fl=(33) /usr/src/debug/glibc/glibc/elf/dl-object.c
fn=(106) _dl_add_to_namespace_list
31 30
+2 10
-2 30
+2 10
cob=(2)
cfi=(304)
cfn=(1662)
calls=4 +38 
* 140
cfi=(31)
cfn=(108)
calls=6 +10 
* 18
+2 68
+3 216
+2 9
+2 9
+4 9
+1 9
+3 9
-4 9
+1 9
+1 18
+3 27
-1 9
cob=(2)
cfi=(305)
cfn=(1676)
calls=4 357 
* 104
cfi=(31)
cfn=(108)
calls=5 -7 
* 15
-4 1
+1 1
+3 1
-4 1
+1 1
+1 2
+3 3
-1 1
cfi=(31)
cfn=(108)
calls=1 -7 
* 3
-5 2

fn=(94) _dl_new_object
59 140
+3 20
+18 9
+3 18
cfi=(1)
cfn=(84)
calls=9 -83 
* 146
+4 9
-4 9
+4 9
+5 9
-9 27
fi=(35)
-39 18
cob=(2)
cfi=(152)
cfn=(1672) calloc
calls=4 3515 
* 1811
cfi=(34)
cfn=(96)
calls=5 +36 
* 140
fe=(33)
+39 1
fi=(35)
-39 2
cfi=(34)
cfn=(96)
calls=1 +36 
* 34
* 10
fe=(33)
+51 20
+4 10
-1 10
+6 10
-5 10
+5 10
-5 10
+4 10
+1 20
-1 10
+1 10
cfi=(1)
cfn=(104)
calls=10 0 
* 137
* 10
+15 10
-15 10
+2 10
+13 20
+6 1
+2 7
+3 2
-3 63
+3 18
+2 10
+4 10
+3 24
+2 12
-2 8
+2 8
-2 16
+16 20
-5 10
-1 10
+30 10
-30 10
+6 30
+2 18
+3 18
-3 14
+7 28
+4 14
+8 5
+3 5
+10 20
-10 5
+10 20
+2 9
cfi=(1)
cfn=(84)
calls=9 0 
* 158
+21 9
-21 18
+17 9
-13 27
+50 27
cfi=(1)
cfn=(156)
calls=9 0 
* 136
* 9
+5 18
+1 18
-1 278
+1 278
+4 18
+1 9
+3 9
+4 90
131 20
-8 9
-4 18
+34 1
+7 4
+8 34
+2 8
+6 8
-15 4
fi=(35)
56 18
cob=(2)
cfi=(152)
cfn=(812)
calls=4 3101 
* 120
cfi=(34)
cfn=(100)
calls=5 -20 
* 90
* 9
fe=(33)
200 18
-1 18
64 2
+2 3
+1 6
+10 1
-6 2

fl=(368)
fn=(2830) _dl_error_free
39 6
+1 18
fi=(35)
+10 6
cob=(2)
cfi=(152)
cfn=(632)
calls=6 3137 
* 169
fe=(368)

fn=(3000)
107 26
+1 6
+2 2
cfi=(1)
cfn=(84)
calls=2 0 
* 52
* 2
+3 2
-3 2
+6 2
+1 2
-1 8
+1 8
+31 72
-31 108
+4 42
-3 84
-1 6
+3 6
+1 42
+3 54
cfi=(1)
cfn=(84)
calls=6 0 
* 92
* 6
-4 6
-3 22
+35 4
fi=(35)
-96 4
cob=(2)
cfi=(152)
cfn=(812)
calls=2 3101 
* 60
* 2
fe=(368)
158 4
-86 2
+91 2
-85 2
-5 4
+5 6
+96 2
-3 2
+3 6
+2 2
-2 2
+2 8
+54 72
+2 36
+1 72
-57 168
+1 84
+3 6
-1 6
+1 12
-4 2
+60 4
+3 2
+1 2
-2 2
+2 6
+2 6
cfi=(1)
cfn=(104)
calls=2 0 
* 40
* 2
+3 14
-61 48
+1 12
cfi=(1)
cfn=(84)
calls=6 0 
* 92
+1 24
+2 24
cfi=(1)
cfn=(156)
calls=6 0 
* 87
* 6
+2 6

fn=(2816)
84 27
+1 6
+2 9
cfi=(1)
cfn=(84)
calls=3 -87 
* 58
* 3
+1 6
cfi=(1)
cfn=(84)
calls=3 -88 
* 42
* 3
+1 3
fi=(35)
-33 3
cob=(2)
cfi=(152)
cfn=(812)
calls=3 3101 
* 90
fe=(368)
+34 6
+3 15
cfi=(1)
cfn=(156)
calls=3 -93 
* 39
* 12
cfi=(1)
cfn=(104)
calls=3 -93 
* 46
+3 3
-3 3
-21 3
+24 3
-23 18
+5 3
+23 21

fl=(14)
fn=(32) _dl_sysdep_read_whole_file
36 2
+3 1
-3 3
+3 1
-3 1
+3 1
cfi=(15) /usr/src/debug/glibc/glibc/io/../sysdeps/unix/sysv/linux/open64_nocancel.c
cfn=(34) __open_nocancel
calls=1 -11 
* 17
+1 3
+2 4
cfi=(16)
cfn=(36)
calls=1 -12 
* 6
* 3
+2 2
+3 2
+13 3
cfi=(18)
cfn=(40)
calls=1 -35 
* 6
* 1
+3 5
-14 6
cfi=(17)
cfn=(38)
calls=1 -2 
* 23
* 3

fn=(192) _dl_name_match_p
68 2514
+1 838
cfi=(1)
cfn=(122)
calls=419 -69 
* 9659
* 838
+3 415
+2 830
+4 396
-4 792
+1 1359
cfi=(1)
cfn=(122)
calls=453 -75 
* 11425
* 906
+6 61
-11 61
+11 541
-1 358
+1 1074

fn=(478)
85 2
+38 2
-1 2
+3 2
+2 80
+1 30
+3 7
-6 24
+18 2
+1 2
-15 6

fl=(71) /usr/src/debug/glibc/glibc/elf/dl-version.c
fn=(264) _dl_check_all_versions
399 3
+4 3
-2 7
+4 14
+3 7
-3 28
cfn=(266) _dl_check_map_versions
calls=7 155 
* 30524
-2 7
+1 7
-1 15

fn=(266)
155 22
+15 44
+2 88
+2 11
+1 33
+2 22
+3 18
+4 18
-28 9
+8 9
+61 54
36 18
200 18
36 59
200 32
36 48
+1 107
-1 214
+2 396
cfi=(14)
cfn=(192)
calls=132 +30 
* 9943
* 264
208 50
+5 25
99 75
213 75
+8 25
-3 25
-1 25
+1 25
+3 25
-3 25
-1 25
+1 75
+3 113
-3 113
-1 113
+1 113
+3 113
-3 113
-1 113
+1 464
56 552
+8 276
+6 414
+16 138
+1 276
+2 138
+5 1242
+14 6092
+12 8724
+4 2908
-30 5816
231 552
+3 414
+5 113
-24 113
110 138
+3 552
cfi=(1)
cfn=(122)
calls=138 0 
* 3330
* 414
224 414
+1 15
cfi=(1)
cfn=(122)
calls=5 0 
* 140
* 10
+3 60
+15 75
+5 16
-50 16
+59 45
+3 10
+3 30
+3 25
+4 5
-7 20
+3 15
+4 139
-7 556
+3 422
+8 10
+6 20
fi=(35)
44 10
fe=(71)
280 10
fi=(35)
44 10
cob=(2)
cfi=(152)
cfn=(1672)
calls=4 3515 
* 786
cfi=(34)
cfn=(96)
calls=6 +36 
* 227
fe=(71)
281 20
-2 10
fi=(35)
44 10
fe=(71)
281 10
+13 10
-3 10
+3 40
+2 20
+3 27
+4 75
+7 138
+1 138
-1 414
+1 138
+1 138
-2 138
+2 276
+1 414
+3 414
+5 113
-15 113
+2 452
-2 25
+2 100
+16 75
+5 16
-28 16
+71 20
+1 18
+1 18
+1 12
+19 90
-60 20
+3 15
+4 144
+6 144
+1 144
+1 144
-1 288
+1 144
-1 144
+1 144
+1 144
+3 432
+4 144
-14 298
+10 15
+11 946
+1 604
+1 60
156 2
+8 2
+93 10
-86 1
394 3
274 10
377 4
+2 120
+1 58
+2 1
+1 2
-1 1
+1 1
cfi=(1)
cfn=(268)
calls=1 0 
* 25
* 3

fl=(23)
fn=(496)
76 1
-37 3
+37 2

fn=(56) _dl_x86_init_cpu_features
37 1
+2 3
-2 1
+4 1
cfi=(24)
cfn=(58)
calls=1 728 
* 7541
+8 3
+6 2
+19 2

fl=(46)
fn=(138)
29 1
fi=(27)
+2 4
+1 3
+7 5
+1 4
+8 3
+3 4
+3 2
fe=(46)
-3 4
+1 1

fl=(53)
fn=(532)
41 7
+4 14
+1 7
-1 7
+2 35

fn=(4690)
97 11
+1 44

fn=(226) _dl_audit_objopen
77 9
+1 36

fn=(172) _dl_audit_activity_map
29 1
+2 4

fn=(948) _dl_audit_preinit
118 1
+1 4

fl=(9) /usr/src/debug/glibc/glibc/elf/../sysdeps/unix/sysv/linux/dl-sysdep.c
fn=(530) _dl_sysdep_start_cleanup
147 1
+1 1

fn=(16) _dl_sysdep_start
102 6
+1 1
+3 2
cfn=(18) _dl_sysdep_parse_arguments
calls=1 -28 
* 530
+4 3
cfi=(11)
cfn=(22) __GI___tunables_init
calls=1 311 
* 26956
+3 1
cfi=(21)
cfn=(48)
calls=1 289 
* 30
+2 2
cfi=(22) /usr/src/debug/glibc/glibc/elf/../sysdeps/unix/sysv/linux/brk.c
cfn=(52) brk
calls=1 -79 
* 8
fi=(6)
+94 1
cfi=(23)
cfn=(56)
calls=1 37 
* 7554
fe=(9)
-87 3
+1 1
cfi=(1)
cfn=(84)
calls=1 0 
* 14
* 1
+2 2
cfi=(30) /usr/src/debug/glibc/glibc/elf/../misc/sbrk.c
cfn=(86) sbrk
calls=1 -88 
* 11
* 3
+12 3
+3 5
cfi=(2)
cfn=(88) dl_main
calls=1 1346 
* 2701599
+3 5

fn=(18)
78 1
+2 1
-2 7
+1 1
+1 1
-1 1
+2 3
+2 3
-1 1
+1 2
-1 87
+1 174
+3 1
fi=(10) /usr/src/debug/glibc/glibc/elf/../sysdeps/unix/sysv/linux/dl-parse_auxv.h
-43 2
-9 1
fe=(9)
+56 3
-4 1
fi=(10)
-52 1
+1 1
+1 1
fe=(9)
+54 10
fi=(10)
-47 5
+1 44
+1 22
-2 22
+2 22
-2 66
+23 3
fe=(9)
+27 1
+1 1
fi=(10)
-28 1
fe=(9)
+29 1
fi=(10)
-47 1
+18 1
-17 1
+19 1
-18 1
+18 1
-15 1
+1 1
+1 1
+1 1
+2 1
+10 1
fe=(9)
+25 3
fi=(10)
-40 1
+1 1
+1 1
-6 1
+1 1
+8 1
-7 1
-4 1
+1 1
+8 1
+12 1
-2 1
fe=(9)
+27 1
+1 1
+1 2
+1 8

fl=(12) /usr/src/debug/glibc/glibc/elf/dl-cache.c
fn=(24) _dl_load_cache_tunables
611 6
+6 1
cfn=(26) _dl_check_ldsocache_needs_loading
calls=1 407 
* 38
* 2
+3 3
fi=(19) /usr/src/debug/glibc/glibc/elf/../sysdeps/generic/dl-cache.h
324 1
-1 1
fe=(12)
621 1
fi=(19)
323 1
fe=(12)
625 2
fi=(19)
323 2
+1 2
+3 2
+4 1
+2 2
+3 1
+1 2
+2 3
+3 1
+3 2
+3 4
+8 1
+1 2
+3 3
+1 1
-1 1
+2 2
-14 3
+2 1
+2 5
fe=(12)
623 2
+49 4
-54 1
cfn=(30) _dl_maybe_load_ldsocache
calls=1 460 
* 210
* 1
fi=(19)
307 3
fe=(12)

fn=(30)
460 1
+6 2
-6 2
+3 1
+3 2
cfi=(14)
cfn=(32)
calls=1 36 
* 93
+8 6
+1 6
+3 2
+1 1
-1 4
fi=(19)
194 1
+1 5
fe=(12)
487 1
fi=(19)
324 1
-1 4
+1 2
+3 2
+4 1
+2 2
+3 1
+1 2
+2 3
+3 1
+3 2
+3 4
+8 1
+1 2
+3 3
+1 1
-1 1
+2 2
-14 3
+2 1
+2 5
-59 3
+4 1
+1 1
+1 1
+8 3
+4 1
+1 1
+1 2
fe=(12)
+78 3
64 1
394 1
+1 1
+1 1
64 1
542 1
+1 1
66 1
+1 1
542 1
+1 3
68 1
540 1
+1 1
+2 2
+2 3
+1 2

fn=(242) _dl_cache_libcmp
350 95
+1 285
+22 1090
+2 1090
-24 458
+28 458
+1 458
-29 916
+4 553
-2 1106
+20 553
-20 1106
+2 16
+8 8
-2 16
+1 16
+1 26
+1 3
-1 4
+2 35
+1 3
-1 4
+2 16
-16 24
+32 24
-7 261

fn=(26)
407 27
+12 18
+1 24
+1 40
cfi=(13)
cfn=(28)
calls=8 146 
* 64
* 5
cfi=(13)
cfn=(28)
calls=1 146 
* 8
+26 9
-26 9
+1 27
+4 18
+14 18
+1 18
+1 18
+1 18
+4 18
+5 40
+2 17
-6 1
+6 1

fn=(240) _dl_load_cache_lookup
558 40
+2 16
+3 8
cfn=(26)
calls=8 407 
* 360
* 16
+3 32
+7 8
-3 24
+3 8
-3 16
216 8
-7 8
+7 48
342 46
216 92
+2 435
+1 87
-23 87
+23 87
+4 174
+4 261
cfn=(242)
calls=87 350 
* 7588
+1 174
339 81
+1 35
216 80
567 4
+40 48
238 8
+3 16
+2 32
cfn=(242)
calls=8 350 
* 1036
* 16
+2 2
-9 22
+9 24
fi=(462) /usr/src/debug/glibc/glibc/elf/../sysdeps/x86/dl-isa-level.h
28 36
fe=(12)
255 12
+10 12
+1 18
+16 6
fi=(19)
125 6
fe=(12)
282 24
+9 12
+5 12
+27 12
588 12
fi=(67)
100 6
fe=(12)
601 12
fi=(67)
100 60
fe=(12)
601 12
cfi=(1)
cfn=(84)
calls=6 0 
* 84
fi=(67)
128 6
+1 6
fe=(12)
601 6
fi=(67)
128 6
+1 12
fe=(12)
603 18
cfi=(1)
cfn=(104)
calls=6 0 
* 66
+1 12
cfi=(57) /usr/src/debug/glibc/glibc/string/strdup.c
cfn=(200) strdup
calls=6 40 
* 488
* 6
fi=(67)
140 30
fe=(12)
607 36

fl=(49) /usr/src/debug/glibc/glibc/elf/dl-debug.c
fn=(168) _dl_debug_change_state
104 10
+3 10
-2 10
+2 20
+4 10
cfi=(52) /usr/src/debug/glibc/glibc/elf/dl-debug_state.c
cfn=(170) _dl_debug_state
calls=10 -83 
* 20
-4 30

fn=(224) _dl_debug_update
94 21
-17 21
-1 42
+20 42
+4 21

fn=(508) _dl_debug_post_relocate
46 3
+6 4
-1 1
+1 4
cfi=(80)
cfn=(308)
calls=1 767 
* 616
* 1
+2 5
+2 7
+1 3
+13 2

fn=(162) _dl_debug_initialize
120 7
-44 14
+46 14
+5 3
+27 3
+3 14
-37 7
+48 7
-8 2
+2 3

fl=(2)
fn=(186)
639 2
+2 1
-2 1
+2 1
+1 2
-1 2
+1 3
cfi=(38)
cfn=(188)
calls=1 2237 
* 2481
* 1
+2 2

fn=(2)
517 10
86 1
fi=(6)
-31 1
fe=(2)
547 1
-4 1
fi=(6)
55 1
fe=(2)
+31 3
546 2
fi=(3) /usr/src/debug/glibc/glibc/elf/./get-dynamic-info.h
45 4
+23 19
-23 68
+4 34
+3 5
-1 10
+3 20
+1 16
+1 5
fi=(4)
+24 1
fi=(3)
+30 2
-38 3
+12 3
+1 3
+1 4
+1 4
+1 5
+1 3
+1 4
+1 4
+12 7
+7 2
+13 3
+6 3
+1 3
+3 2
+1 3
+5 5
+3 5
fe=(2)
563 391
fi=(3)
59 4
fe=(2)
563 8
fi=(4)
80 1
fe=(2)
563 1
fi=(4)
80 2
fe=(2)
563 24
fi=(5)
105 1
fe=(2)
563 1
fi=(5)
101 1
+4 3
-4 1
-1 1
+1 1
+4 2
+3 2
fe=(2)
563 1
fi=(5)
101 1
+4 3
-4 1
-1 1
+1 1
+4 2
+3 2
-6 6
+11 5
+2 1
fi=(6)
273 3
fi=(5)
115 1
+2 1
-1 2
fi=(6)
282 10
+4 2
+26 4
fi=(5)
113 3
fe=(2)
563 8
fi=(5)
103 1
fi=(4)
-23 2
fe=(2)
565 1
452 1
cfi=(7)
cfn=(12)
calls=1 42 
* 10
+4 4
86 1
474 1
86 3
474 1
cfi=(8) /usr/src/debug/glibc/glibc/elf/dl-setup_hash.c
cfn=(14) _dl_setup_hash
calls=1 25 
* 27
+1 1
+4 1
+9 1
-13 1
+19 1
-17 1
+2 1
+15 2
cfi=(9)
cfn=(16)
calls=1 102 
* 2736741
* 1
+2 2
+87 9
fi=(3)
62 4
+2 4
+39 3
fe=(2)

fn=(88)
1346 3
194 1
1346 1
293 1
1346 13
196 1
299 1
+1 1
194 1
+99 1
+4 1
1358 2
cfi=(31)
cfn=(90)
calls=1 54 
* 18
2752 1
2520 1
2752 3
2591 1
+2 1
+15 2
-13 2
cfi=(32) /usr/src/debug/glibc/glibc/elf/dl-environ.c
cfn=(92) _dl_next_ld_env_entry
calls=1 28 
* 563
* 2
cfi=(32)
cfn=(92)
calls=1 28 
* 6
* 6
+4 3
-2 1
+2 4
+1 1
-1 3
+1 6
-1 32
+9 6
2719 2
+10 3
1368 1
+1 2
-1 3
+1 2
2633 2
+10 2
1639 8
cfi=(33)
cfn=(94)
calls=1 59 
* 196
* 1
+2 2
+1 1
+1 1
+5 2
-5 1
+1 3
+4 1
cfi=(33)
cfn=(106)
calls=1 31 
* 32
+1 2
1351 1
1089 1
+1 1
+27 1
-21 1
+2 1
+19 1
-18 1
-3 1
+21 3
-25 1
+25 1
-3 1
fi=(36) /usr/src/debug/glibc/glibc/elf/../include/stackinfo.h
62 1
fe=(2)
1118 135
+85 3
-86 21
fi=(37) /usr/src/debug/glibc/glibc/elf/../sysdeps/unix/sysv/linux/dl-exec-post.h
76 10
+1 5
+2 5
-2 10
+2 4
cfi=(38)
cfn=(114) _dl_process_pt_gnu_property
calls=1 855 
* 54
+1 1
+11 3
-65 5
cfi=(11)
cfn=(50)
calls=1 610 
* 18
* 3
fe=(2)
1122 1
-5 1
+5 2
-5 2
+21 2
-21 1
+25 1
-5 1
+3 2
-23 2
+10 2
-10 1
+10 1
+1 9
-11 2
+34 8
-1 4
+1 16
-1 4
+2 8
+1 1
+2 12
+1 14
+4 8
+1 8
+1 4
+4 4
-49 4
+49 4
-49 8
fi=(36)
62 1
fe=(2)
1117 1
fi=(36)
62 5
fe=(2)
1117 3
+95 3
+3 2
+2 2
1672 1
cfi=(40)
cfn=(118)
calls=1 24 
* 31
fi=(4)
97 3
+3 4
+1 1
fe=(2)
1678 3
+1 4
cfi=(1)
cfn=(122)
calls=1 0 
* 20
* 2
+13 2
+2 2
fi=(3)
39 3
+6 3
-2 2
+25 28
-23 112
+4 56
+3 6
-1 12
+3 24
+1 20
+17 3
+51 3
+6 3
+18 3
+15 3
+2 3
+1 2
+9 2
+6 2
+4 2
fi=(4)
-87 3
fe=(2)
1707 2
cfi=(8)
cfn=(14)
calls=1 25 
* 27
+3 2
fi=(41) /usr/src/debug/glibc/glibc/elf/./setup-vdso.h
24 2
fi=(44) /usr/src/debug/glibc/glibc/elf/./dl-main.h
+85 2
fi=(43) /usr/src/debug/glibc/glibc/elf/../sysdeps/unix/sysv/linux/dl-vdso-setup.h
-55 1
fi=(44)
+55 3
cfi=(38)
cfn=(134) _dl_init_paths
calls=1 675 
* 1214
fe=(2)
1735 3
cfi=(49)
cfn=(162)
calls=1 120 
* 20
+7 1
-5 1
-2 1
+7 1
+4 1
+3 1
-3 3
+1 2
+3 1
1242 1
1748 1
1242 1
+1 2
+5 2
-3 2
+2 1
+11 1
-10 1
+3 1
+7 3
+4 1
-5 1
+5 3
-3 8
-1 16
+2 24
+2 4
+1 8
-1 8
+2 8
+5 4
-10 4
+10 8
-11 10
+18 1
+1 2
-1 2
222 2
-1 1
+1 3
1764 2
1352 1
1768 1
+1 2
+24 1
cfi=(50)
cfn=(164) _dl_count_modids
calls=1 235 
* 6
* 1
fi=(51) /usr/src/debug/glibc/glibc/elf/../sysdeps/generic/dl-debug.h
29 3
+1 1
fe=(2)
1799 3
cfi=(49)
cfn=(168)
calls=1 104 
* 11
+1 1
+4 3
cfi=(53)
cfn=(172)
calls=1 29 
* 5
+5 2
+2 1
+2 2
+9 2
+16 3
cfi=(65)
cfn=(228)
calls=1 25 
* 9
* 2
+76 3
+16 3
86 1
1940 1
86 2
1940 2
86 1
1940 5
cfi=(66)
cfn=(230)
calls=1 132 
* 27933
93 1
1950 2
-4 1
+16 1
93 2
+9 2
1946 7
+1 1
-1 1
+1 1
-1 2
+1 6
-1 6
+1 6
-1 12
+4 1
+1 2
+1 1
+2 14
+1 5
-1 3
+1 4
-1 3
+1 4
-1 3
+1 4
-1 3
+1 4
-1 3
+1 4
+8 1
-1 1
+1 2
+2 1
+2 2
+16 4
+1 2
+1 3
+10 1
+2 1
-1 3
+1 3
-1 1
+1 1
cfi=(56)
cfn=(260)
calls=1 190 
* 30646
+10 2
+1 2
+3 2
818 1
fi=(76) /usr/src/debug/glibc/glibc/elf/../sysdeps/generic/dl-osinfo.h
32 2
+9 1
fi=(463) /usr/src/debug/glibc/glibc/elf/../sysdeps/unix/sysv/linux/not-cancel.h
+55 2
fi=(76)
-55 1
fe=(2)
820 1
+8 2
fi=(463)
96 2
fi=(77) /usr/src/debug/glibc/glibc/elf/../sysdeps/unix/sysv/linux/dl-reseed-random.h
-55 1
fe=(2)
2016 3
2219 1
-4 2
+10 1
-6 1
+6 1
+3 2
+8 2
fi=(39) /usr/src/debug/glibc/glibc/elf/../sysdeps/x86/dl-prop.h
36 1
+1 4
+16 4
-16 6
+3 6
+9 12
-9 1
+9 28
+4 12
-16 14
+34 2
fe=(2)
2240 1
fi=(39)
71 1
cfi=(78)
cfn=(296)
calls=1 361 
* 22
fe=(2)
2240 2
+3 1
+5 2
86 1
2253 1
-1 2
86 3
2252 5
cfi=(79)
cfn=(298)
calls=1 343 
* 79534
93 3
+9 2
2261 2
+2 1
+1 17
+2 14
+1 14
+1 3
-4 3
+4 3
cfi=(50)
cfn=(472) _dl_add_to_slotinfo
calls=3 1239 
* 78
-4 6
+9 2
+2 3
cfi=(50)
cfn=(474) _dl_allocate_tls_init
calls=1 624 
* 298
86 2
2281 1
86 2
2282 6
+2 2
+5 2
+2 2
-7 12
+5 12
+2 12
+6 7
+2 42
-17 7
+17 7
cfi=(79)
cfn=(298)
calls=7 343 
* 2548998
-17 14
93 3
+1 2
2307 1
cfi=(50)
cfn=(486) _dl_tls_initial_modid_limit_setup
calls=1 1196 
* 45
+6 2
+4 4
+2 1
+5 2
+4 3
+3 1
cfi=(139) /usr/src/debug/glibc/glibc/elf/dl-find_object.c
cfn=(488) _dl_find_object_init
calls=1 578 
* 1483
+5 2
86 1
2340 3
86 3
2340 2
cfi=(79)
cfn=(300)
calls=1 185 
* 363
93 3
+9 2
2343 1
cfi=(141) /usr/src/debug/glibc/glibc/elf/../sysdeps/nptl/dl-mutex.c
cfn=(498) __rtld_mutex_init
calls=1 30 
* 323
+1 2
cfi=(7)
cfn=(502)
calls=1 76 
* 2620
+3 2
cfi=(49)
cfn=(508)
calls=1 46 
* 646
+4 2
cfi=(79)
cfn=(510)
calls=1 352 
* 31
+5 3
cfi=(144) /usr/src/debug/glibc/glibc/elf/dl-call-libc-early-init.c
cfn=(512) _dl_call_libc_early_init
calls=1 27 
* 1071
+7 1
cfi=(9)
cfn=(530)
calls=1 147 
* 2
+4 2
cfi=(49)
cfn=(224)
calls=1 94 
* 7
+1 2
-1 1
+1 1
cfi=(49)
cfn=(168)
calls=1 104 
* 11
+1 1
+3 3
cfi=(53)
cfn=(532)
calls=1 41 
* 10
+4 10
223 2
-2 1
+2 2
2293 1
+1 1
-3 2
1279 1
1755 1
1279 2
1755 1
1962 3
fi=(3)
56 5
+3 4
fe=(2)
1969 1
-4 1
+4 2
+14 3
fi=(42) /usr/src/debug/glibc/glibc/elf/../sysdeps/unix/sysv/linux/dl-vdso.h
41 1
-1 1
+1 4
fi=(43)
-11 1
+3 1
+3 1
+3 1
+6 3
fe=(2)
1682 1
+1 1
+1 1
+2 2
+1 3
fi=(3)
72 2
+12 3
+1 4
+1 4
+1 4
+1 4
+1 4
+1 4
+1 4
+12 1
+7 1
-7 7
+7 2
+5 2
fe=(2)
2274 2
1745 4
2009 2
cfn=(270) init_tls
calls=1 732 
* 755
* 2
fi=(3)
62 4
+2 4
fe=(2)
2643 2
+2 2
+1 1
86 1
1817 1
86 2
1817 1
86 1
1817 2
cfn=(174) handle_preload_list
calls=1 847 
* 2737
* 1
93 3
+9 3
1918 10
+36 2
-36 6
+1 1
-1 1
+4 3
+1 1
+1 2
+1 2
-7 2

fn=(270)
732 1
+6 1
-6 1
+2 2
+4 1
fi=(35)
44 2
fe=(2)
749 1
fi=(35)
44 1
fe=(2)
748 1
-4 1
fi=(35)
44 1
cfi=(34)
cfn=(96)
calls=1 +36 
* 28
fe=(2)
757 1
-10 1
-3 1
+10 1
+3 1
cfi=(50)
cfn=(274) _dl_tls_static_surplus_init
calls=1 134 
* 68
+3 1
cfi=(50)
cfn=(276) _dl_determine_tlsoffset
calls=1 258 
* 231
+7 1
cfi=(50)
cfn=(280) _dl_allocate_tls_storage
calls=1 524 
* 296
* 1
+1 2
+6 1
fi=(74) /usr/src/debug/glibc/glibc/elf/../sysdeps/generic/dl-call_tls_init_tp.h
31 2
fe=(2)
774 1
fi=(74)
31 6
+2 1
cfi=(31)
cfn=(286)
calls=1 +36 
* 92
fe=(2)
781 1
-1 1
-2 1
+3 3

fn=(262)
672 3
+2 4
cfi=(71)
cfn=(264)
calls=1 399 
* 30615
* 2
+4 2

fn=(174)
847 10
+5 5
-4 1
+10 1
-63 2
+70 1
180 1
867 2
180 2
869 2
-14 3
cfi=(54) /usr/src/debug/glibc/glibc/string/../sysdeps/x86_64/multiarch/../multiarch/strcspn-sse4.c
cfn=(176) strcspn
calls=1 87 
* 70
* 1
+1 3
+2 4
cfi=(1)
cfn=(104)
calls=1 0 
* 12
+1 2
-62 2
-6 1
+4 1
+2 2
-10 1
+10 1
-5 1
+1 1
+4 1
cfi=(56)
cfn=(180)
calls=1 258 
* 2586
+1 3
+8 3
+64 1
-18 2
+21 9

fl=(140) /usr/src/debug/glibc/glibc/elf/./dl-find_object.h
fn=(490) _dl_find_object_from_map
105 11
-4 11
+4 11
+1 22
+1 11
+8 11
+1 11
+5 44
+1 22
-19 22
+21 230
+12 5
+2 5
-2 10
+7 10
-21 363
+2 378
+3 11
+5 11
-5 22
+16 22
+5 11
+1 11

fl=(303)
fn=(1670)
514 12
+8 6
-8 54
+8 6
-6 6
+1 6
+5 18
+4 6
-4 6
+4 6
+4 12
cfi=(49)
cfn=(162)
calls=6 120 
* 54
+3 6
+1 12
+12 4
+5 6
+3 4
+51 4
+4 14
cfi=(66)
cfn=(230)
calls=2 132 
* 35608
+4 10
+1 8
-1 4
+1 36
-1 25
fi=(39)
53 2
-4 6
-12 9
+3 9
+9 18
-9 2
+9 20
+4 8
-16 22
+43 4
cfi=(78)
cfn=(1698)
calls=2 322 
* 34
fe=(303)
631 4
+4 6
+8 2
-8 6
+11 2
-11 2
+9 2
+2 2
-11 2
+10 4
+4 4
+4 2
-4 22
+4 9
-4 18
+4 4
-2 8
+1 4
+3 4
+2 4
-2 18
+2 18
259 2
659 2
259 6
-23 4
+23 33
+2 22
+4 44
617 8
-4 4
+4 4
cfi=(71)
cfn=(266)
calls=4 155 
* 25646
-4 12
364 4
-1 14
+2 6
-1 2
+1 2
cfi=(50)
cfn=(472)
calls=2 1239 
* 10
* 27
-1 9
+1 9
cfi=(50)
cfn=(472)
calls=9 1239 
* 53
* 11
-1 22
671 10
+10 4
+18 8
cfi=(49)
cfn=(224)
calls=2 94 
* 14
+2 6
-2 2
+2 8
452 6
706 20
+1 4
452 6
707 4
452 6
+3 20
cfn=(1700) _dl_open_relocate_one_object.part.0
calls=4 -7 
* 790487
706 12
426 10
+11 2
-9 42
+2 2
+7 1
-10 1
-1 2
+1 20
-1 40
324 10
+2 2
+1 2
-1 2
+3 8
-3 9
+1 9
-1 9
+3 36
+22 22
-27 46
727 4
cfi=(139)
cfn=(1706) _dl_find_object_update
calls=2 +82 
* 1461
* 4
+5 4
+1 2
+6 4
+7 2
+1 24
535 48
cfi=(38)
cfn=(196) _dl_map_new_object
calls=6 1976 
* 12822
* 6
+5 6
+2 2
672 4
cfn=(1946) add_to_global_resize
calls=1 92 
* 133
* 3
-66 2

fn=(1712)
490 1
+2 5
cfi=(153)
cfn=(542)
calls=1 81 
* 286072

fn=(1713)
490 1
+2 5
cfi=(153)
cfn=(543)
calls=1 81 
* 2083

fn=(1968) add_to_global_update
173 1
+4 1
-4 1
+1 1
+4 1
-1 4
+1 6
+2 2
+2 3
-2 4
+2 6
+2 2
+3 3
+2 5
+3 2
-14 9
+22 4
+1 1
-1 2
+1 2
+1 4
+3 2
+1 3

fn=(1660) _dl_open
813 9
+1 7
+5 2
cob=(2)
cfi=(304)
cfn=(1662)
calls=1 71 
* 35
+2 2
+27 3
+20 1
-7 1
+1 1
+1 1
+3 1
+1 1
+1 1
+6 2
+4 3
cfi=(139)
cfn=(1664) _dl_find_object
calls=1 360 
* 41
+5 1
-4 4
+4 2
+1 2
+5 3
cfi=(38)
cfn=(190) _dl_lookup_map
calls=1 1941 
* 896
* 1
509 2
899 4
cfi=(56)
cfn=(183)
calls=1 208 
* 1087747
+11 1
-11 1
+11 2
+2 4
+3 2
+26 1
cfi=(49)
cfn=(224)
calls=1 94 
* 7
+1 3
+3 2
cob=(2)
cfi=(305)
cfn=(1676)
calls=1 357 
* 26
+2 1
+1 8

fn=(1661) _dl_open'2
813 90
+1 70
+5 20
cob=(2)
cfi=(304)
cfn=(1662)
calls=10 71 
* 230
+2 20
+27 30
+20 10
-7 10
+1 10
+1 10
+3 10
+1 10
+1 10
+6 32
cfi=(1)
cfn=(146)
calls=3 0 
* 63
* 6
+4 30
cfi=(139)
cfn=(1664)
calls=10 360 
* 1033
+5 10
-4 40
+4 20
+1 14
+5 21
cfi=(38)
cfn=(190)
calls=7 1941 
* 9049
* 9
cfi=(38)
cfn=(190)
calls=3 1941 
* 231
* 10
509 20
-4 10
+2 10
+2 10
893 5
+1 10
cob=(2)
cfi=(305)
cfn=(1676)
calls=5 357 
* 75
+1 10
+4 20
cfi=(56)
cfn=(183)
calls=5 208 
* 69834
+11 5
-11 5
+11 10
+2 20
+3 10
+26 2
cfi=(49)
cfn=(224)
calls=2 94 
* 14
+1 6
+3 4
cob=(2)
cfi=(305)
cfn=(1676)
calls=2 357 
* 30
+2 2
+1 56
-73 9
cfi=(1)
cfn=(146)
calls=3 0 
* 63
* 6
+44 6
+5 9
+10 6
cob=(2)
cfi=(305)
cfn=(1676)
calls=3 357 
* 45
+3 12
cfi=(56)
cfn=(2820)
calls=3 96 
* 144

fn=(1946)
92 4
+5 1
-4 1
+4 4
-1 2
+2 3
+1 2
-2 3
+1 6
+1 4
-2 6
+18 6
+10 1
+5 1
-5 3
+5 2
+18 1
fi=(35)
-92 1
fe=(303)
+92 1
fi=(35)
-92 2
cob=(2)
cfi=(152)
cfn=(812)
calls=1 3101 
* 30
fe=(303)
+96 3
fi=(35)
-96 1
fe=(303)
+96 1
+5 5
-1 1
+1 1
-1 1
cfi=(1)
cfn=(104)
calls=1 0 
* 12
+3 1
-3 1
+4 1
-1 1
+1 1
+2 3
+5 1
fi=(35)
50 1
fe=(303)
167 2
fi=(35)
50 1
cob=(2)
cfi=(152)
cfn=(632)
calls=1 3137 
* 4
fe=(303)
+82 4
-12 1
+25 2

fn=(1668)
751 7
+3 1
+4 2
cob=(2)
cfi=(304)
cfn=(1662)
calls=1 71 
* 35
+3 4
cfi=(56)
cfn=(183)
calls=1 208 
* 801432
+2 1
-2 1
+2 1
cob=(2)
cfi=(305)
cfn=(1676)
calls=1 357 
* 26
+4 5
+2 3
+1 2
cfi=(49)
cfn=(224)
calls=1 94 
* 7
+4 2
-2 1
-2 1
+4 1
cfi=(49)
cfn=(168)
calls=1 104 
* 11
+1 1
+3 2
+11 2
+19 6
-16 1
+6 3
-5 1
+5 1
cfi=(56)
cfn=(183)
calls=1 208 
* 286102
+3 2
+4 2
-25 3
cfi=(53)
cfn=(532)
calls=1 41 
* 10
* 1
+4 2

fn=(1669)
751 35
+3 5
+4 10
cob=(2)
cfi=(304)
cfn=(1662)
calls=5 71 
* 175
+3 20
cfi=(56)
cfn=(183)
calls=5 208 
* 66548
+2 5
-2 5
+2 5
cob=(2)
cfi=(305)
cfn=(1676)
calls=5 357 
* 130
+4 25
+2 11
+1 2
cfi=(49)
cfn=(224)
calls=1 94 
* 7
* 8
cfi=(49)
cfn=(224)
calls=4 94 
* 28
+4 10
-2 5
-2 5
+4 5
cfi=(49)
cfn=(168)
calls=5 104 
* 55
+1 5
+3 14
+6 8
+5 4
+19 12
-16 1
+6 3
-5 1
+5 1
cfi=(56)
cfn=(183)
calls=1 208 
* 2113
+3 2
+4 2
-25 3
cfi=(53)
cfn=(532)
calls=1 41 
* 10
* 1
+4 2
+2 15
cfi=(56)
cfn=(2820)
calls=3 96 
* 144
+16 2
cfn=(1968)
calls=1 173 
* 69
* 1

fn=(1700)
448 8
+7 8
+3 2
+1 2
+4 2
+9 2
-9 4
+9 2
-9 2
+22 12
cfi=(79)
cfn=(298)
calls=4 343 
* 790443

fn=(1742) _dl_find_dso_for_object
213 6
+4 3
-4 3
+4 30
+1 12
+1 120
+1 6
-2 81
+5 6
+4 24

fl=(390)
fn=(2988)
763 15
+5 10
cob=(2)
cfi=(304)
cfn=(1662)
calls=5 71 
* 139
+7 10
+17 15
124 5
-7 5
+7 5
+7 10
800 5
+1 5
-1 5
cob=(2)
cfi=(305)
cfn=(1676)
calls=5 357 
* 97

fl=(52)
fn=(170)
28 10
+1 10

fl=(38)
fn=(198) expand_dynamic_string_token
359 15
215 5
359 10
215 10
cfi=(1)
cfn=(146)
calls=5 0 
* 169
+3 10
384 5
-11 5
+11 10
-11 5
cfi=(57)
cfn=(200)
calls=5 40 
* 429

fn=(134)
675 7
+14 1
-14 3
+14 1
-14 2
+14 1
cfi=(45)
cfn=(136)
calls=1 171 
* 1084
fi=(35)
56 1
fe=(38)
689 1
fi=(35)
56 1
cfi=(34)
cfn=(100)
calls=1 -20 
* 18
fe=(38)
694 1
+2 2
+12 2
-4 1
+4 5
fi=(35)
56 1
cfi=(34)
cfn=(100)
calls=1 -20 
* 18
fe=(38)
708 1
+2 4
+17 1
+9 1
-19 1
-1 1
+11 1
+3 1
-5 1
+5 1
+1 1
-4 1
+9 2
+1 4
cfi=(1)
cfn=(160)
calls=1 0 
* 13
+2 1
+12 1
+3 1
-8 1
-1 1
+9 2
+2 4
+2 3
+36 2
+49 1
+1 7
-67 1
-2 1
+2 2
+14 2

fn=(1682) fillin_rpath
431 10
+2 1
-2 9
+4 3
cfi=(7)
cfn=(1684)
calls=1 239 
* 766
* 3
cfi=(7)
cfn=(1684)
calls=1 239 
* 9
* 6
+7 2
+2 3
cfn=(198)
calls=1 -85 
* 146
* 1
+4 2
+5 2
cfi=(1)
cfn=(84)
calls=1 0 
* 26
* 1
+1 2
+16 6
+1 2
fi=(35)
50 2
cob=(2)
cfi=(152)
cfn=(632)
calls=1 3137 
* 33
* 1
fe=(38)
489 6
cfi=(1)
cfn=(84)
calls=1 0 
* 26
* 2
+4 3
fi=(35)
56 1
cob=(2)
cfi=(152)
cfn=(812)
calls=1 3101 
* 30
* 1
fe=(38)
495 2
+7 1
+1 2
-1 1
-1 1
+2 1
cfi=(1)
cfn=(156)
calls=1 0 
* 22
+3 1
-3 1
+1 1
+2 1
+1 1
+6 3
-1 7
+2 1
-1 1
+1 1
-1 3
+1 1
-1 3
+1 1
-1 2
+3 1
+1 1
-1 1
+1 2
+2 1
-1 3
cfi=(1)
cfn=(104)
calls=1 0 
* 20
* 1
+6 2
+1 1
+3 9
-62 2
-22 2
+17 4
+73 1
+3 1
-1 1
+1 7
-24 2

fn=(190)
1941 200
+1 100
+1 100
+3 1050
+5 2009
+2 861
cfi=(14)
cfn=(192)
calls=287 68 
* 22124
* 574
+2 502
fi=(4)
97 744
+4 150
-1 750
+1 150
fe=(38)
1955 300
+1 450
cfi=(1)
cfn=(122)
calls=150 0 
* 3330
* 300
+4 3
cfn=(1962) add_name_to_object.isra.0
calls=1 392 
* 112
+1 1
+8 250

fn=(196)
1976 247
+10 26
+12 13
-5 13
-15 13
+20 26
+14 39
cfi=(1)
cfn=(146)
calls=13 0 
* 273
* 26
2164 8
-1 12
cfn=(198)
calls=4 359 
* 527
+6 4
-6 4
-1 4
+3 8
+4 32
cfn=(202) open_verify.constprop.0
calls=4 1566 
* 335
* 4
+3 8
+12 27
+45 18
1136 36
2229 2
1136 4
+85 40
+10 18
+6 18
+3 9
-3 9
+3 27
-3 9
+3 18
-3 27
+3 9
cfi=(33)
cfn=(94)
calls=9 59 
* 4472
* 9
+1 18
+10 9
973 9
1249 9
972 18
1251 9
973 9
-1 27
+3 18
fi=(59) /usr/src/debug/glibc/glibc/elf/../sysdeps/posix/dl-fileid.h
37 30
cfi=(16)
cfn=(36)
calls=10 -7 
* 60
* 20
+3 10
fe=(38)
1172 10
fi=(59)
40 10
+1 20
fe=(38)
1172 252
+1 128
fi=(59)
49 184
fe=(38)
2232 110
2016 18
cfi=(1)
cfn=(84)
calls=9 0 
* 126
* 18
+2 18
+7 36
+50 4
651 27
2083 3
654 6
2085 26
cfn=(1688) open_path
calls=2 1768 
* 876
* 4
+5 4
+66 2
+74 2
-46 4
994 18
-28 9
+1 18
+2 9
1269 9
971 9
fi=(36)
62 18
fe=(38)
966 18
1256 45
990 36
+13 364
+4 288
+6 72
+1 36
+6 36
-6 36
+4 72
-5 72
+3 36
-3 36
+1 36
fi=(36)
62 36
fe=(38)
1018 36
+2 36
fi=(36)
62 36
fe=(38)
1020 36
fi=(36)
62 36
fe=(38)
1020 36
fi=(36)
62 72
fe=(38)
1018 36
+2 36
-2 36
+2 36
-2 36
+2 72
-2 36
+2 72
cfi=(60)
cfn=(208)
calls=36 28 
* 216
+6 108
-6 36
+6 117
+2 27
+4 27
+1 27
-1 27
+3 27
-41 81
+34 9
+4 9
+1 9
-1 9
+3 9
-41 219
+9 571
+93 9
994 9
1096 18
994 108
1276 18
-26 18
+36 18
+10 36
+7 27
fi=(61) /usr/src/debug/glibc/glibc/elf/./dl-load.h
183 36
fe=(38)
965 9
fi=(61)
186 18
+3 27
-6 6
+3 2
+3 6
+3 18
+1 9
-1 18
+1 9
-1 9
+3 9
-2 9
-1 9
+1 18
+3 9
fi=(36)
62 9
fi=(61)
195 9
+1 9
fi=(36)
62 54
fi=(62) /usr/src/debug/glibc/glibc/elf/./dl-map-segments.h
+25 18
-58 9
+9 9
-9 9
+17 9
-16 54
cfi=(17)
cfn=(38)
calls=9 +17 
* 225
+76 18
-1 9
-75 9
+76 9
+3 18
+1 9
-1 9
+1 9
+2 18
+16 9
fi=(61)
+84 72
fi=(63) /usr/src/debug/glibc/glibc/elf/../sysdeps/unix/sysv/linux/dl-load-post.h
30 72
fi=(62)
152 144
+6 18
+1 9
+1 9
+1 9
-1 9
+1 9
-1 9
+3 27
+5 18
+3 18
+8 45
cfi=(1)
cfn=(160)
calls=9 0 
* 912
+6 18
fi=(61)
-2 538
+3 98
+3 196
+3 54
+1 27
-1 54
+1 27
-1 27
+3 27
-2 27
-1 27
+1 54
+3 27
fi=(36)
62 27
fi=(61)
195 27
+1 27
fi=(36)
62 162
fi=(62)
+78 54
+2 27
+1 27
-1 108
+1 27
-1 54
cfi=(17)
cfn=(38)
calls=27 -95 
* 486
* 54
fe=(38)
1055 2
+1 1
-15 18
+7 9
+2 9
-2 9
+1 18
+1 9
-1 9
+1 72
fi=(36)
62 54
fe=(38)
1093 9
-34 9
+5 3
-1 6
+5 3
-5 3
-56 3
+61 12
+1 3
+3 3
-3 3
+8 12
-47 18
fi=(61)
189 142
+24 32
+1 32
+3 32
fe=(38)
665 7
2029 7
+1 7
665 14
2034 30
651 30
2035 2
654 4
+3 6
1191 20
fi=(35)
50 1
fe=(38)
1227 1
fi=(35)
50 1
cob=(2)
cfi=(152)
cfn=(632)
calls=1 3137 
* 33
fe=(38)
1226 2
cfi=(18)
cfn=(40)
calls=1 25 
* 6
+1 1
660 2
+1 2
-10 21
2075 14
+1 7
-27 14
+1 42
1319 27
+1 9
fi=(64) /usr/src/debug/glibc/glibc/elf/get-dynamic-info.h
39 9
fe=(38)
1320 9
fi=(64)
39 9
+6 27
-2 18
+10 3
+15 3
-23 12
+23 236
-23 944
+4 478
+3 53
-1 106
+3 200
+1 164
fe=(38)
657 6
+8 5
+1 1
-1 2
+1 1
-1 2
cfn=(1678) decompose_rpath
calls=1 543 
* 1987
2083 2
+8 2
+2 3
+4 16
cfi=(12)
cfn=(240)
calls=8 558 
* 12055
* 8
+2 16
+4 12
+8 12
+23 60
cfn=(202)
calls=6 1566 
* 579
* 6
+4 12
+1 6
+17 12
fi=(62)
191 24
-3 6
+3 24
-3 30
+3 12
cfi=(17)
cfn=(38)
calls=6 47 
* 108
+3 12
+2 6
cfi=(68)
cfn=(248)
calls=6 33 
* 36
* 12
fe=(38)
2225 15
cfi=(56)
cfn=(2814)
calls=3 114 
* 569
1326 18
+1 18
+2 18
+10 27
+23 18
+2 36
+20 27
+1 6
+6 105
+1 39
+2 39
-2 78
+2 27
cfn=(114)
calls=9 855 
* 688
+5 18
cfi=(18)
cfn=(40)
calls=9 25 
* 54
* 18
+13 18
+2 36
+2 18
+16 18
cfi=(8)
cfn=(14)
calls=9 25 
* 243
+4 18
+1 18
+17 18
+1 1
+3 4
+5 2
-5 32
+5 16
+5 18
+10 36
+8 18
+1 12
+5 6
cfi=(50)
cfn=(250) _dl_assign_tls_modid
calls=3 162 
* 39
+7 36
cfi=(33)
cfn=(106)
calls=9 31 
* 742
+3 27
+3 27
cfn=(222) _dl_notify_new_object
calls=9 921 
* 427
* 9
660 1
2091 2
+2 21
+56 2
+1 4
+1 4
+1 28
cfn=(1688)
calls=2 1768 
* 780
+4 2
-4 2
+4 4
+28 6
+2 4
+2 6
+31 6
fi=(64)
56 45
fi=(35)
-6 2
cob=(2)
cfi=(152)
cfn=(632)
calls=1 3137 
* 33
fe=(38)
2184 4
fi=(64)
72 36
+12 27
+1 30
+1 36
+1 36
+1 43
+1 30
+1 35
+1 36
+12 9
+7 9
-7 63
+7 18
+5 6
+8 27
+6 27
+1 21
+17 27
+5 14
+2 14
+2 14
+2 14
+1 7
+3 27
+2 21
+1 14
+9 21
+6 14
+1 14
+3 18
+2 4
fe=(38)
2149 4
-58 12
fi=(64)
59 36
fi=(4)
+38 23
+3 8
+1 4
-1 8
+1 4
fe=(38)
1479 20
cfi=(1)
cfn=(122)
calls=4 0 
* 91
* 8
+1 7
fi=(64)
62 36
+2 36
fe=(38)
2060 14
+22 14

fn=(202)
1566 54
+32 18
-32 126
+32 36
+19 72
cfi=(15)
cfn=(34)
calls=18 28 
* 330
* 18
+2 36
+6 10
+6 10
-5 10
+6 10
-1 20
+1 10
-1 10
cfi=(58)
cfn=(204)
calls=10 25 
* 60
* 10
+4 10
-2 20
+2 20
+2 20
+6 20
+15 109
-55 10
+55 40
+64 20
+5 20
+8 40
+6 30
+14 144
-5 16

fn=(236)
212 76
+3 38
-3 38
+7 38
-4 38
cfi=(1)
cfn=(146)
calls=38 0 
* 798
+3 76
+20 152

fn=(1962)
392 5
+7 5
+1 3
cfi=(1)
cfn=(122)
calls=1 0 
* 20
* 2
+3 2
cfi=(1)
cfn=(84)
calls=1 0 
* 14
* 1
+1 1
-1 1
fi=(35)
56 1
cob=(2)
cfi=(152)
cfn=(812)
calls=1 3101 
* 30
fe=(38)
405 3
+9 4
cfi=(1)
cfn=(104)
calls=1 0 
* 11
* 2
+1 1
+1 1
+1 1
+1 4

fn=(114)
855 10
+8 20
-6 10
+12 20
-13 10
+13 10
-13 20
+13 20
+3 30
+1 20
+1 20
+3 30
+1 30
+4 10
+1 20
fi=(39)
97 14
251 21
+1 6
fe=(38)
901 14
+4 21
+2 28
-20 34
+4 34
-3 17
+6 17
+1 51
fi=(39)
95 68
+7 20
+16 10
-3 20
245 6
+5 3
-4 3
+4 9
+3 3
fe=(38)
917 7
fi=(39)
247 14
+1 7
+2 28
+3 7
fe=(38)

fn=(1688)
1768 12
+1 8
+5 16
+13 4
fi=(67)
100 4
fe=(38)
1787 8
fi=(67)
128 4
fe=(38)
1787 12
fi=(67)
100 36
+28 4
-28 32
+29 12
fe=(38)
1772 8
-1 4
+68 4
-46 4
+8 4
-8 4
+8 8
+7 16
cfi=(1)
cfn=(156)
calls=4 0 
* 74
* 4
+1 12
-12 8
+12 16
+3 24
+5 56
cfi=(1)
cfn=(156)
calls=8 0 
* 112
* 32
cfi=(1)
cfn=(156)
calls=8 0 
* 120
+3 16
+6 16
+3 56
cfn=(202)
calls=8 1566 
* 445
* 8
+2 24
+2 12
fi=(35)
56 4
cob=(2)
cfi=(152)
cfn=(812)
calls=1 3101 
* 30
fe=(38)
1889 2
+1 2
+2 4
cfi=(1)
cfn=(104)
calls=1 0 
* 20
fi=(67)
140 6
fe=(38)
1937 6
-78 4
-2 4
-48 27
1910 27
+9 6
-2 6
+2 6
+3 9
fi=(67)
140 24
fe=(38)
1937 3
1777 3
1937 6
-98 36
+6 12
+2 12
-2 6
+2 6
cfi=(306)
cfn=(1692)
calls=6 28 
* 92
* 6
+3 6
-3 10
-38 12
+39 18
+11 2

fn=(188)
2237 195
+1 39
-1 273
+1 78
cfn=(190)
calls=39 1941 
* 23884
+1 117
+3 231
-1 35
+1 35
-1 7
cfn=(196)
calls=7 1976 
* 27686

fn=(222)
921 18
+2 9
-2 54
+2 9
cfi=(49)
cfn=(224)
calls=9 94 
* 63
* 9
+1 27
+6 4
+7 6
cfi=(49)
cfn=(168)
calls=2 104 
* 22
+1 2
+7 45
-4 14
+7 9
-2 18
+2 36
-2 9
cfi=(53)
cfn=(226)
calls=9 77 
* 45
-15 6
cfi=(53)
cfn=(532)
calls=2 41 
* 20
* 2

fn=(1678)
543 1
+11 1
-11 2
+2 1
-2 3
+11 2
+31 2
+56 8
-49 5
cfi=(57)
cfn=(200)
calls=1 40 
* 94
* 1
+1 2
+8 4
-1 2
+3 2
-2 1
+2 2
-2 3
+2 134
-2 67
+2 134
-2 201
+6 1
fi=(35)
56 1
cob=(2)
cfi=(152)
cfn=(812)
calls=1 3101 
* 30
* 1
fe=(38)
609 2
+8 7
cfn=(1682)
calls=1 431 
* 1225
fi=(35)
50 1
fe=(38)
617 1
fi=(35)
50 1
fe=(38)
617 2
fi=(35)
50 1
cob=(2)
cfi=(152)
cfn=(632)
calls=1 3137 
* 33
fe=(38)
630 2
+9 2
-2 1
+2 3
+1 1

fl=(332)
fn=(1850)
40 3
+1 1
+2 1
+1 2
fi=(50)
+67 1
fe=(332)
-64 3
+11 2
+5 2
+13 1
-13 1
cfi=(50)
cfn=(1854) update_get_addr
calls=1 1065 
* 106

fl=(50)
fn=(472)
1239 14
+1 42
-1 9
+9 3
+3 3
+1 3
+4 9
+45 3
-9 6
-51 11
+61 11
-7 6
+1 9
+5 3
-3 3
+4 6

fn=(250)
162 6
+16 3
-13 9
+55 3
-2 3
+5 3
+2 6
+5 6

fn=(1856) _dl_update_slotinfo
836 3
+2 1
+46 4
+3 5
+1 2
+59 3
-61 1
+61 2
-53 15
+8 3
+3 6
+4 6
+6 3
-21 12
+5 12
+64 1
+1 2
+13 7
+4 4

fn=(280)
524 3
fi=(73) /usr/src/debug/glibc/glibc/elf/./dl-tls_block_align.h
23 1
fe=(50)
+75 1
530 2
fi=(35)
56 1
cfi=(34)
cfn=(100)
calls=1 -20 
* 77
fe=(50)
532 2
fi=(73)
41 2
+6 2
+1 1
-1 3
+5 1
-5 1
+5 1
-4 1
+4 2
cfi=(1)
cfn=(160)
calls=1 -52 
* 147
fe=(50)
542 1
fi=(35)
44 1
fe=(50)
472 1
+5 1
fi=(35)
44 1
cfi=(34)
cfn=(96)
calls=1 +36 
* 28
fe=(50)
478 2
-2 1
+11 1
-11 1
+11 1
+60 2
104 3
552 4

fn=(274)
134 2
+3 1
-3 1
+3 1
-3 2
+3 2
cfi=(11)
cfn=(50)
calls=1 610 
* 17
* 1
+1 4
cfi=(11)
cfn=(50)
calls=1 610 
* 17
+1 1
+2 1
-3 1
+1 2
+2 3
+3 1
+2 1
-26 3
+28 3
+1 4

fn=(486)
1196 1
+1 1
+3 4
+6 6
-6 9
+2 12
+1 8
+6 1
+2 2
+3 1

fn=(1854)
1065 2
+1 2
cfn=(1856)
calls=1 836 
* 92
+1 1
-1 1
+3 3
+2 2
-79 1
+83 2

fn=(164)
235 1
+2 2
+1 1
+15 2

fn=(276)
258 2
+37 1
-37 3
+37 3
-2 1
-32 1
-1 1
-1 2
+63 9
+3 3
-3 15
+5 3
+7 3
-7 12
+3 3
-34 3
-1 6
+1 4
-1 8
+3 21
+4 3
-1 3
+5 3
-5 3
+1 3
-1 3
+3 6
+2 9
-11 1
fi=(72) /usr/src/debug/glibc/glibc/elf/../sysdeps/unix/sysv/linux/dl-extra_tls.h
32 3
+12 1
-12 1
cfi=(11)
cfn=(50)
calls=1 610 
* 18
+1 3
+4 10
+14 4
cfi=(11)
cfn=(50)
calls=1 610 
* 18
+1 3
fe=(50)
357 6
462 1
+1 1
-95 1
+95 2
-93 1
-2 2
+3 7
+2 2
+90 2
fi=(72)
54 1
fe=(50)
351 3
+6 3

fn=(474)
624 3
+1 3
+4 1
+6 2
+3 3
-3 4
cfi=(31)
cfn=(108)
calls=1 43 
* 3
+3 3
+12 1
-18 3
+88 2
cfi=(31)
cfn=(108)
calls=1 43 
* 3
+3 7
+3 3
-95 1
+24 9
+26 6
+1 12
+2 6
+1 6
+9 3
+10 9
+2 15
cfi=(1)
cfn=(156)
calls=3 0 
* 44
* 15
cfi=(1)
cfn=(160)
calls=3 0 
* 42
+4 3
-55 3
+59 6
-59 12
+6 8
+3 9
+1 6
+6 9
+3 3
-2 3
+6 3
-6 3
+2 6
+4 3
-4 6
+3 6

fn=(320)
1323 6
+1 6
-1 15
+1 6
+4 12
+4 15
-14 3
-1 3
-8 6
+8 3
-8 3
+8 6
cfi=(1)
cfn=(156)
calls=3 0 
* 44
* 12
cfi=(1)
cfn=(160)
calls=3 0 
* 42
+15 9
+3 12
+1 18

fl=(11)
fn=(80)
167 18
-92 6
+92 6
-92 30
+3 30
+21 6
-11 6
+12 6
-1 18
+1 24
+4 12
+2 12
+4 6
-4 12
+11 12
+1 12
+3 12
+1 6
+1 6
+1 6
+47 6

fn=(22)
311 12
+11 2
-11 1
+11 6
+11 2
cfi=(12)
cfn=(24)
calls=1 611 
* 318
* 1
+1 2
471 3
+4 8
+2 1
45 178
+6 356
-6 267
+6 88
-3 88
+3 5948
+1 82
-3 164
+2 451
+1 2
-3 8
+2 2660
+4 176
+4 88
fi=(20) /usr/src/debug/glibc/glibc/elf/dl-tunables.h
161 186
fe=(11)
508 6
+11 3
-8 36
+7 27
+9 8
51 1304
201 88
490 88
+3 176
-2 264
+2 264
-3 704
+3 1408
-2 2112
+2 2112
-5 2464
fi=(20)
160 2625
+1 1750
-1 415
fe=(11)
49 4

fn=(50)
610 33
+3 66
-3 33
+3 165
+9 30
-9 60
+19 20
+7 99
+2 33
-19 13
+1 13
+9 6

fn=(82)
159 1
+1 4
+1 1

fl=(32)
fn=(92)
28 2
+1 2
+3 94
+13 87
-13 174
+2 176
+1 30
+5 1
-3 1
+3 1
+2 1

fl=(22)
fn=(52)
36 1
fi=(464) /usr/src/debug/glibc/glibc/elf/../sysdeps/unix/sysv/linux/brk_call.h
-12 2
fe=(22)
+13 1
+1 2
+6 1
+1 1

fl=(8)
fn=(14)
25 11
+3 33
+3 33
+1 22
+2 11
-1 11
+3 33
+1 11
+1 22
+2 11
-2 11
+3 22
+4 22
-2 11
+2 22
+5 11

fl=(54)
fn=(176)
87 1
+1 2
+8 4
+40 1
+3 1
-3 1
fi=(465) /usr/lib/gcc/x86_64-pc-linux-gnu/16/include/tmmintrin.h
+2 2
fi=(55) /usr/lib/gcc/x86_64-pc-linux-gnu/16/include/smmintrin.h
687 1
fe=(54)
144 1
+4 1
fi=(55)
634 1
fe=(54)
150 1
-2 3
fi=(55)
634 1
+53 1
fe=(54)
160 1
fi=(55)
711 4
-77 2
fe=(54)
166 2
fi=(55)
687 4
+24 2
-24 2
+24 2
fe=(54)
160 4
+2 6
fi=(55)
634 1
fe=(54)
163 3
+5 1
-69 2
fi=(466) /usr/lib/gcc/x86_64-pc-linux-gnu/16/include/emmintrin.h
1342 2
1462 1
fe=(54)
104 1
+1 2
+2 1
fi=(466)
707 1
fe=(54)
109 1
fi=(465)
+29 1
fe=(54)
-29 2

fl=(15)
fn=(34)
28 19
+3 19
-3 19
+3 114
+8 133
+2 11
-2 24
+2 8

fl=(30)
fn=(86)
37 2
+3 1
-3 1
+21 2
+4 2
+16 3

fl=(69)
fn=(252)
30 70
+4 7
+1 14
+10 14
+18 14
-17 7
+17 14

fl=(139)
fn=(1664)
360 121
+3 33
+9 55
+7 50
fi=(308) /usr/src/debug/glibc/glibc/elf/../include/atomic_wide_counter.h
36 10
fe=(139)
312 30
419 20
+7 30
-4 10
+1 20
321 20
+4 10
+2 20
+1 10
+1 20
-2 20
+1 10
+1 20
+2 22
-6 22
+13 47
+12 30
-1 10
fi=(140)
55 30
+2 20
+2 20
+2 20
+10 20
fi=(308)
-35 10
fe=(139)
440 20
fi=(140)
79 40
+10 10
-10 20
+10 10
fe=(139)
325 22
+55 20
fi=(140)
79 6
+10 1
+1 1
-1 1
+1 3
fe=(139)
375 2
+90 8
fi=(140)
90 10
-1 10
+1 30
fe=(139)
375 20
+90 80

fn=(488)
578 2
+3 1
-3 1
+5 2
+13 1
cfn=(492) _dlfo_process_initial
calls=1 -91 
* 155
* 1
+1 3
fi=(35)
56 1
cfi=(34)
cfn=(100)
calls=1 -20 
* 18
fe=(139)
597 1
+2 2
+3 3
+5 1
+1 1
cfn=(492)
calls=1 505 
* 875
+3 4
+10 3
-37 2
cfi=(140)
cfn=(490)
calls=1 105 
* 129
* 1
+29 1
cfn=(494) _dlfo_sort_mappings
calls=1 -60 
* 268
+3 6
+2 1

fn=(492)
505 2
+3 2
-3 16
+1 2
+3 4
+5 12
+10 2
-11 6
+2 6
+1 14
-1 28
+3 52
+3 48
-7 10
+32 2
+2 20
-24 24
+5 36
+3 6
-1 18
cfi=(140)
cfn=(490)
calls=6 105 
* 696
+2 24

fn=(1706)
809 20
+3 8
-1 4
+3 8
+4 2
fi=(35)
56 2
cob=(2)
cfi=(152)
cfn=(812)
calls=2 3101 
* 56
* 2
fe=(139)
819 4
+3 4
+2 16
+1 4
-2 4
+2 4
-2 10
627 4
+2 3
+4 1
+1 1
-1 1
+1 2
-1 1
+1 1
-1 1
+1 2
-1 2
+1 6
+1 6
+2 4
-3 6
+1 3
+2 2
-3 3
+8 4
+1 2
-14 2
+15 2
-15 4
fi=(308)
30 2
fe=(139)
673 2
136 2
+4 2
671 2
+2 4
-2 2
137 13
+3 2
-2 1
+2 1
-2 2
+2 2
-2 1
+2 1
-2 2
+2 2
-2 1
+2 1
-2 2
-1 3
677 1
+2 1
-2 1
150 4
+54 8
+11 4
-1 2
fi=(35)
56 8
cob=(2)
cfi=(152)
cfn=(812)
calls=2 3101 
* 329
fe=(139)
218 4
+6 2
+1 2
+10 2
-10 2
-1 2
+5 2
-5 2
+4 2
+5 2
-3 2
+5 6
-2 2
+3 8
696 2
+11 2
-51 6
+5 2
+61 4
+3 1
+3 8
+4 1
+1 2
+17 4
+5 6
+1 9
+10 3
+17 3
+7 3
-25 6
+18 3
cfi=(140)
cfn=(490)
calls=3 105 
* 330
-33 6
+44 4
+3 4
+3 6
+4 2
fi=(308)
57 6
fi=(35)
-7 4
cob=(2)
cfi=(152)
cfn=(632)
calls=2 3137 
* 66
fe=(139)
832 18
-18 4
-2 4
+2 16
-2 8
+3 4
-25 4
-47 20
+12 8
+1 8
+10 4
+2 8
-2 8
-1 4
+3 9
+3 2
-1 4
+13 3
+7 1
-7 1
cfi=(140)
cfn=(490)
calls=1 105 
* 110
+1 2
+6 2
fi=(140)
55 3
+2 3
fe=(139)
790 3
fi=(140)
55 6
+2 9
+2 6
+2 6
+10 6
fe=(139)
790 3
138 2
695 2
201 4
677 1
+2 1
-2 1
+9 1

fn=(494)
553 1
+1 2
-1 2
+4 2
-4 2
+4 1
-4 3
+8 1
+1 1
-1 1
+1 2
-1 4
+1 4
-1 4
+1 28
+1 10
+2 10
-3 20
+1 20
+2 20
-3 40
+8 15
+1 5
-1 15
+1 15
+1 20
-15 16
+17 4

fl=(231)
fn=(894)
46 320
+9 64
-9 128
fi=(467) /usr/src/debug/glibc/glibc/elf/../sysdeps/x86_64/dl-runtime.h
-18 64
fe=(231)
+18 64
+2 512
+1 128
+5 64
+1 192
+1 64
+2 64
-2 384
+7 128
+4 128
+4 64
-22 64
+20 64
+2 128
+4 192
+1 256
-7 256
+16 64
-1 64
+1 128
+10 576
cfi=(80)
cfn=(308)
calls=64 767 
* 44041
+4 192
-4 64
+4 128
+10 640
+15 256
+9 192
+26 192
fi=(6)
+64 64
fe=(231)
-60 448
-40 5
fi=(468) /usr/src/debug/glibc/glibc/elf/../sysdeps/x86_64/dl-irel.h
-91 5
cob=(2)
cfi=(113)
cfn=(392)
calls=1 -3 
* 19
cob=(2)
cfi=(128)
cfn=(440)
calls=1 -3 
* 12
cob=(2)
cfi=(134)
cfn=(464)
calls=1 -2 
* 12
cob=(2)
cfi=(102)
cfn=(362)
calls=1 -3 
* 18
cob=(2)
cfi=(131)
cfn=(452)
calls=1 -2 
* 12
fe=(231)
+93 15

fl=(144)
fn=(512)
27 1
+2 2
-2 1
+6 5
-6 1
+6 2
cfi=(142) /usr/src/debug/glibc/glibc/elf/dl-lookup-direct.c
cfn=(500) _dl_lookup_direct
calls=1 +41 
* 121
* 1
+4 3
+2 4
+2 1
-1 1
+1 1
-1 1
cob=(2)
cfi=(145) /usr/src/debug/glibc/glibc/elf/libc_early_init.c
cfn=(514) __libc_early_init
calls=1 -6 
* 926

fl=(57)
fn=(200)
40 60
+1 12
cfi=(1)
cfn=(84)
calls=12 -41 
* 228
* 12
fi=(469) /usr/src/debug/glibc/glibc/string/../include/rtld-malloc.h
+15 24
cob=(2)
cfi=(152)
cfn=(812)
calls=7 3101 
* 210
cfi=(34)
cfn=(100)
calls=5 -20 
* 188
fe=(57)
-12 24
+4 12
-1 36
+1 24
-1 12
cfi=(1)
cfn=(104)
calls=12 -47 
* 169

fl=(142)
fn=(500)
74 27
+2 6
+2 18
+1 6
+2 6
+5 12
-5 3
+5 6
-2 25
+2 3
-54 3
+54 3
-54 3
+54 3
-54 9
+1 9
+2 6
+1 6
+12 9
+3 3
+2 3
-2 3
+2 9
cfi=(1)
cfn=(122)
calls=3 -53 
* 60
* 6
+4 3
+1 3
-1 3
+1 15
+1 9
cfi=(1)
cfn=(122)
calls=3 -59 
* 82
* 15
+57 18
-23 6

fl=(141)
fn=(498)
30 2
+10 3
-10 1
+10 1
-10 1
+7 1
+3 2
cfi=(142)
cfn=(500)
calls=1 +34 
* 148
+4 2
+1 9
+2 5
-2 1
+2 1
cfi=(142)
cfn=(500)
calls=1 +27 
* 132
* 1
+4 2
+1 7
+1 4

ob=(12)
fl=(383)
fn=(3334) boost::re_detail_500::basic_regex_parser<char, boost::regex_traits<char, boost::cpp_regex_traits<char> > >::parse_set()
0 206
cfn=(3336) boost::re_detail_500::basic_regex_parser<char, boost::regex_traits<char, boost::cpp_regex_traits<char> > >::parse_set_literal(boost::re_detail_500::basic_char_set<char, boost::regex_traits<char, boost::cpp_regex_traits<char> > >&)
calls=6 0 
0 1780
0 24
cob=(7)
cfi=(247)
cfn=(1034)
calls=2 32 
0 74
0 2
0 8
cfn=(3354) std::_Rb_tree<boost::re_detail_500::digraph<char>, boost::re_detail_500::digraph<char>, std::_Identity<boost::re_detail_500::digraph<char> >, std::less<boost::re_detail_500::digraph<char> >, std::allocator<boost::re_detail_500::digraph<char> > >::_M_erase(std::_Rb_tree_node<boost::re_detail_500::digraph<char> >*) [clone .isra.0]
calls=1 0 
0 6
0 4
cob=(7)
cfi=(247)
cfn=(1034)
calls=1 32 
0 37
0 1
0 48
cfn=(3344) boost::re_detail_500::basic_regex_creator<char, boost::regex_traits<char, boost::cpp_regex_traits<char> > >::append_set(boost::re_detail_500::basic_char_set<char, boost::regex_traits<char, boost::cpp_regex_traits<char> > > const&, std::integral_constant<bool, true>*) [clone .isra.0]
calls=2 0 
0 3011
0 2

fn=(3242) stan::json::json_data_handler::key(std::__cxx11::basic_string<char, std::char_traits<char>, std::allocator<char> > const&)
0 107
cfn=(3244) boost::range_value<std::vector<std::__cxx11::basic_string<char, std::char_traits<char>, std::allocator<char> >, std::allocator<std::__cxx11::basic_string<char, std::char_traits<char>, std::allocator<char> > > > >::type boost::algorithm::join<std::vector<std::__cxx11::basic_string<char, std::char_traits<char>, std::allocator<char> >, std::allocator<std::__cxx11::basic_string<char, std::char_traits<char>, std::allocator<char> > > >, char [2]>(std::vector<std::__cxx11::basic_string<char, std::char_traits<char>, std::allocator<char> >, std::allocator<std::__cxx11::basic_string<char, std::char_traits<char>, std::allocator<char> > > > const&, char const (&) [2])
calls=2 0 
0 38
0 16
cfn=(3244)
calls=2 0 
0 38
0 27
cob=(8)
cfi=(229)
cfn=(912) void std::__cxx11::basic_string<char, std::char_traits<char>, std::allocator<char> >::_M_construct<true>(char const*, unsigned long)
calls=3 0 
0 108
0 3
0 45
cfn=(3244)
calls=4 0 
0 308
0 20
cfn=(3404) std::_Rb_tree<std::__cxx11::basic_string<char, std::char_traits<char>, std::allocator<char> >, std::pair<std::__cxx11::basic_string<char, std::char_traits<char>, std::allocator<char> > const, int>, std::_Select1st<std::pair<std::__cxx11::basic_string<char, std::char_traits<char>, std::allocator<char> > const, int> >, std::less<std::__cxx11::basic_string<char, std::char_traits<char>, std::allocator<char> > >, std::allocator<std::pair<std::__cxx11::basic_string<char, std::char_traits<char>, std::allocator<char> > const, int> > >::find(std::__cxx11::basic_string<char, std::char_traits<char>, std::allocator<char> > const&) const [clone .isra.0]
calls=4 0 
0 250
0 87
cfn=(3420) stan::json::json_data_handler::save_key_value_pair()
calls=3 0 
0 6499
0 366
cfn=(3378) boost::re_detail_500::perl_matcher<__gnu_cxx::__normal_iterator<char const*, std::__cxx11::basic_string<char, std::char_traits<char>, std::allocator<char> > >, std::allocator<boost::sub_match<__gnu_cxx::__normal_iterator<char const*, std::__cxx11::basic_string<char, std::char_traits<char>, std::allocator<char> > > > >, boost::regex_traits<char, boost::cpp_regex_traits<char> > >::match_imp()
calls=4 0 
0 3200
0 64
cfn=(3402) boost::match_results<__gnu_cxx::__normal_iterator<char const*, std::__cxx11::basic_string<char, std::char_traits<char>, std::allocator<char> > >, std::allocator<boost::sub_match<__gnu_cxx::__normal_iterator<char const*, std::__cxx11::basic_string<char, std::char_traits<char>, std::allocator<char> > > > > >::~match_results()
calls=4 0 
0 252
0 48
cfn=(3404)
calls=4 0 
0 250
0 15
cob=(7)
cfi=(248)
cfn=(1080)
calls=1 273 
0 17
0 1
0 10
cfn=(3248) void std::vector<std::__cxx11::basic_string<char, std::char_traits<char>, std::allocator<char> >, std::allocator<std::__cxx11::basic_string<char, std::char_traits<char>, std::allocator<char> > > >::_M_realloc_append<std::__cxx11::basic_string<char, std::char_traits<char>, std::allocator<char> > const&>(std::__cxx11::basic_string<char, std::char_traits<char>, std::allocator<char> > const&)
calls=1 0 
0 136
0 1
0 14
cfn=(3406) std::map<std::__cxx11::basic_string<char, std::char_traits<char>, std::allocator<char> >, int, std::less<std::__cxx11::basic_string<char, std::char_traits<char>, std::allocator<char> > >, std::allocator<std::pair<std::__cxx11::basic_string<char, std::char_traits<char>, std::allocator<char> > const, int> > >::operator[](std::__cxx11::basic_string<char, std::char_traits<char>, std::allocator<char> > const&)
calls=4 0 
0 1502
0 104
cob=(2)
cfi=(158)
cfn=(690)
calls=5 0 
0 50
0 5
0 53
cob=(2)
cfi=(158)
cfn=(690)
calls=1 0 
0 10
0 1
0 15
cob=(7)
cfi=(232)
cfn=(918)
calls=1 43 
0 42
0 1
0 2
cob=(7)
cfi=(232)
cfn=(918)
calls=1 43 
0 173
0 1
0 32
cob=(8)
cfi=(229)
cfn=(912)
calls=4 0 
0 144
0 4
0 32
cfn=(3412) std::_Rb_tree<std::__cxx11::basic_string<char, std::char_traits<char>, std::allocator<char> >, std::pair<std::__cxx11::basic_string<char, std::char_traits<char>, std::allocator<char> > const, bool>, std::_Select1st<std::pair<std::__cxx11::basic_string<char, std::char_traits<char>, std::allocator<char> > const, bool> >, std::less<std::__cxx11::basic_string<char, std::char_traits<char>, std::allocator<char> > >, std::allocator<std::pair<std::__cxx11::basic_string<char, std::char_traits<char>, std::allocator<char> > const, bool> > >::_M_get_insert_hint_unique_pos(std::_Rb_tree_const_iterator<std::pair<std::__cxx11::basic_string<char, std::char_traits<char>, std::allocator<char> > const, bool> >, std::__cxx11::basic_string<char, std::char_traits<char>, std::allocator<char> > const&) [clone .isra.0]
calls=4 0 
0 262
0 64
cob=(7)
cfi=(415)
cfn=(3318)
calls=4 199 
0 130
0 4
0 68
cob=(7)
cfi=(232)
cfn=(918)
calls=1 43 
0 240
0 1
0 6
cob=(7)
cfi=(232)
cfn=(918)
calls=1 43 
0 42
0 1
0 3
cob=(7)
cfi=(169)
cfn=(604)
calls=1 269 
0 25
0 1
0 4
cob=(7)
cfi=(169)
cfn=(604)
calls=1 269 
0 25
0 1
0 5
cob=(7)
cfi=(170)
cfn=(3256)
calls=1 78 
0 7
0 1
0 3
cob=(7)
cfi=(170)
cfn=(744)
calls=1 120 
0 14
0 1
0 2
cob=(7)
cfi=(170)
cfn=(642)
calls=1 507 
0 6
0 1
0 9
cob=(7)
cfi=(170)
cfn=(642)
calls=1 507 
0 6
0 1
0 8
cob=(7)
cfi=(170)
cfn=(642)
calls=1 507 
0 6
0 1
0 9
cob=(7)
cfi=(170)
cfn=(642)
calls=1 507 
0 6
0 1
0 9
cob=(7)
cfi=(170)
cfn=(746)
calls=1 91 
0 6
0 1
0 2
cob=(2)
cfi=(304)
cfn=(1662)
calls=1 71 
0 29
0 1
0 6
cfn=(3264) boost::object_cache<boost::re_detail_500::cpp_regex_traits_base<char>, boost::re_detail_500::cpp_regex_traits_implementation<char> >::do_get(boost::re_detail_500::cpp_regex_traits_base<char> const&, unsigned long)
calls=1 0 
0 10323
0 2
cob=(2)
cfi=(305)
cfn=(1676)
calls=1 357 
0 19
0 1
0 2
cob=(7)
cfi=(170)
cfn=(746)
calls=1 91 
0 6
0 1
0 2
cob=(7)
cfi=(170)
cfn=(746)
calls=1 91 
0 6
0 1
0 5
cob=(7)
cfi=(232)
cfn=(918)
calls=1 43 
0 42
0 1
0 55
cob=(7)
cfi=(232)
cfn=(918)
calls=1 43 
0 42
0 1
0 25
cfn=(3320) boost::re_detail_500::cpp_regex_traits_implementation<char>::lookup_classname(char const*, char const*) const
calls=1 0 
0 219
0 6
cfn=(3320)
calls=1 0 
0 219
0 6
cfn=(3320)
calls=1 0 
0 238
0 6
cfn=(3320)
calls=1 0 
0 239
0 6
cfn=(3320)
calls=1 0 
0 270
0 26
cfn=(3326) boost::re_detail_500::basic_regex_creator<char, boost::regex_traits<char, boost::cpp_regex_traits<char> > >::append_state(boost::re_detail_500::syntax_element_type, unsigned long) [clone .constprop.0]
calls=1 0 
0 114
0 9
cfn=(3330) boost::re_detail_500::basic_regex_parser<char, boost::regex_traits<char, boost::cpp_regex_traits<char> > >::parse_all()
calls=1 0 
0 5559
0 4
cfn=(3362) boost::re_detail_500::basic_regex_parser<char, boost::regex_traits<char, boost::cpp_regex_traits<char> > >::unwind_alts(long)
calls=1 0 
0 25
0 19
cfn=(3364) boost::re_detail_500::basic_regex_creator<char, boost::regex_traits<char, boost::cpp_regex_traits<char> > >::finalize(char const*, char const*)
calls=1 0 
0 4038
0 17
cob=(2)
cfi=(209)
cfn=(776)
calls=1 67 
0 66
0 1
0 2
cob=(7)
cfi=(248)
cfn=(1086)
calls=1 443 
0 6
0 1
0 7
cob=(7)
cfi=(232)
cfn=(918)
calls=2 43 
0 215
0 2
0 17
cfn=(3440) std::__cxx11::basic_string<char, std::char_traits<char>, std::allocator<char> >::compare(std::__cxx11::basic_string<char, std::char_traits<char>, std::allocator<char> > const&) const [clone .isra.0]
calls=3 0 
0 84
0 14

fn=(3244)
0 1092
cob=(7)
cfi=(246)
cfn=(1480)
calls=52 574 
0 2340
0 52
0 596

fn=(3314) std::_Rb_tree<boost::re_detail_500::cpp_regex_traits_base<char>, std::pair<boost::re_detail_500::cpp_regex_traits_base<char> const, std::_List_iterator<std::pair<std::shared_ptr<boost::re_detail_500::cpp_regex_traits_implementation<char> const>, boost::re_detail_500::cpp_regex_traits_base<char> const*> > >, std::_Select1st<std::pair<boost::re_detail_500::cpp_regex_traits_base<char> const, std::_List_iterator<std::pair<std::shared_ptr<boost::re_detail_500::cpp_regex_traits_implementation<char> const>, boost::re_detail_500::cpp_regex_traits_base<char> const*> > > >, std::less<boost::re_detail_500::cpp_regex_traits_base<char> >, std::allocator<std::pair<boost::re_detail_500::cpp_regex_traits_base<char> const, std::_List_iterator<std::pair<std::shared_ptr<boost::re_detail_500::cpp_regex_traits_implementation<char> const>, boost::re_detail_500::cpp_regex_traits_base<char> const*> > > > >::_M_get_insert_unique_pos(boost::re_detail_500::cpp_regex_traits_base<char> const&)
0 14

fn=(3320)
0 50
cfn=(3322) boost::re_detail_500::cpp_regex_traits_implementation<char>::lookup_classname_imp(char const*, char const*) const
calls=5 0 
0 1085
0 50

fn=(3324) int boost::re_detail_500::get_default_class_id<char>(char const*, char const*)
0 793
cob=(2)
cfi=(158)
cfn=(690)
calls=5 0 
0 77
0 5
0 100

fn=(3374) boost::re_detail_500::basic_regex_creator<char, boost::regex_traits<char, boost::cpp_regex_traits<char> > >::set_all_masks(unsigned char*, unsigned char) [clone .isra.0]
0 60

fn=(3388) boost::re_detail_500::perl_matcher<__gnu_cxx::__normal_iterator<char const*, std::__cxx11::basic_string<char, std::char_traits<char>, std::allocator<char> > >, std::allocator<boost::sub_match<__gnu_cxx::__normal_iterator<char const*, std::__cxx11::basic_string<char, std::char_traits<char>, std::allocator<char> > > > >, boost::regex_traits<char, boost::cpp_regex_traits<char> > >::match_startmark()
0 104

fn=(3398) boost::re_detail_500::perl_matcher<__gnu_cxx::__normal_iterator<char const*, std::__cxx11::basic_string<char, std::char_traits<char>, std::allocator<char> > >, std::allocator<boost::sub_match<__gnu_cxx::__normal_iterator<char const*, std::__cxx11::basic_string<char, std::char_traits<char>, std::allocator<char> > > > >, boost::regex_traits<char, boost::cpp_regex_traits<char> > >::unwind_recursion_stopper(bool)
0 16

fn=(3400) boost::match_results<__gnu_cxx::__normal_iterator<char const*, std::__cxx11::basic_string<char, std::char_traits<char>, std::allocator<char> > >, std::allocator<boost::sub_match<__gnu_cxx::__normal_iterator<char const*, std::__cxx11::basic_string<char, std::char_traits<char>, std::allocator<char> > > > > >::operator[](int) const
0 64

fn=(3404)
0 354
cob=(2)
cfi=(158)
cfn=(690)
calls=18 0 
0 180
0 18
0 203
cob=(2)
cfi=(158)
cfn=(690)
calls=6 0 
0 60
0 6
0 148

fn=(3416) void rapidjson::GenericReader<rapidjson::UTF8<char>, rapidjson::UTF8<char>, rapidjson::CrtAllocator>::ParseNumber<274u, rapidjson::BasicIStreamWrapper<std::istream>, stan::json::RapidJSONHandler<stan::json::json_data_handler> >(rapidjson::BasicIStreamWrapper<std::istream>&, stan::json::RapidJSONHandler<stan::json::json_data_handler>&)
0 792
cfn=(3228) rapidjson::BasicIStreamWrapper<std::istream>::Read()
calls=5 0 
0 30
0 185
cfn=(3240) char* rapidjson::internal::Stack<rapidjson::CrtAllocator>::Push<char>(unsigned long) [clone .constprop.0]
calls=32 0 
0 480
0 160
cfn=(3228)
calls=32 0 
0 2095
0 217
cfn=(3240)
calls=1 0 
0 15
0 5
cfn=(3228)
calls=1 0 
0 179
0 51
cfn=(3228)
calls=11 0 
0 585
0 631
cfn=(3240)
calls=10 0 
0 150
0 50
cfn=(3228)
calls=10 0 
0 752
0 959
cfn=(3240)
calls=55 0 
0 825
0 275
cfn=(3228)
calls=55 0 
0 2579
0 944
cfn=(3240)
calls=34 0 
0 510
0 957
cfn=(3462) stan::json::json_data_handler::promote_to_double()
calls=11 0 
0 2578
0 185
cfn=(3452) stan::json::json_data_handler::number_int(int)
calls=5 0 
0 1564
0 121
cfn=(3458) rapidjson::GenericReader<rapidjson::UTF8<char>, rapidjson::UTF8<char>, rapidjson::CrtAllocator>::NumberStream<rapidjson::BasicIStreamWrapper<std::istream>, true, false>::TakePush()
calls=2 0 
0 56
0 246
cfn=(3418) stan::json::json_data_handler::number_unsigned_int(unsigned int)
calls=18 0 
0 4545
0 87
cfn=(3466) void std::vector<double, std::allocator<double> >::_M_realloc_append<double const&>(double const&)
calls=5 0 
0 813
0 5
0 366

fn=(3430) std::vector<unsigned long, std::allocator<unsigned long> >::vector(std::vector<unsigned long, std::allocator<unsigned long> > const&)
0 78
cob=(7)
cfi=(232)
cfn=(918)
calls=5 43 
0 190
0 5
0 93
cob=(2)
cfi=(158)
cfn=(908)
calls=5 0 
0 65
0 5
0 44

fn=(3434) std::_Rb_tree_iterator<std::pair<std::__cxx11::basic_string<char, std::char_traits<char>, std::allocator<char> > const, std::pair<std::vector<int, std::allocator<int> >, std::vector<unsigned long, std::allocator<unsigned long> > > > > std::_Rb_tree<std::__cxx11::basic_string<char, std::char_traits<char>, std::allocator<char> >, std::pair<std::__cxx11::basic_string<char, std::char_traits<char>, std::allocator<char> > const, std::pair<std::vector<int, std::allocator<int> >, std::vector<unsigned long, std::allocator<unsigned long> > > >, std::_Select1st<std::pair<std::__cxx11::basic_string<char, std::char_traits<char>, std::allocator<char> > const, std::pair<std::vector<int, std::allocator<int> >, std::vector<unsigned long, std::allocator<unsigned long> > > > >, std::less<std::__cxx11::basic_string<char, std::char_traits<char>, std::allocator<char> > >, std::allocator<std::pair<std::__cxx11::basic_string<char, std::char_traits<char>, std::allocator<char> > const, std::pair<std::vector<int, std::allocator<int> >, std::vector<unsigned long, std::allocator<unsigned long> > > > > >::_M_emplace_hint_unique<std::piecewise_construct_t const&, std::tuple<std::__cxx11::basic_string<char, std::char_traits<char>, std::allocator<char> > const&>, std::tuple<> >(std::_Rb_tree_const_iterator<std::pair<std::__cxx11::basic_string<char, std::char_traits<char>, std::allocator<char> > const, std::pair<std::vector<int, std::allocator<int> >, std::vector<unsigned long, std::allocator<unsigned long> > > > >, std::piecewise_construct_t const&, std::tuple<std::__cxx11::basic_string<char, std::char_traits<char>, std::allocator<char> > const&>&&, std::tuple<>&&) [clone .isra.0]
0 36
cob=(7)
cfi=(232)
cfn=(918)
calls=3 43 
0 293
0 3
0 24
cob=(8)
cfi=(229)
cfn=(912)
calls=3 0 
0 108
0 3
0 50
cob=(2)
cfi=(158)
cfn=(690)
calls=1 0 
0 10
0 1
0 39
cob=(7)
cfi=(415)
cfn=(3478)
calls=1 122 
0 15
0 1
0 6
cfn=(3440)
calls=1 0 
0 28
0 6
cfn=(3436) std::_Rb_tree<std::__cxx11::basic_string<char, std::char_traits<char>, std::allocator<char> >, std::pair<std::__cxx11::basic_string<char, std::char_traits<char>, std::allocator<char> > const, std::pair<std::vector<int, std::allocator<int> >, std::vector<unsigned long, std::allocator<unsigned long> > > >, std::_Select1st<std::pair<std::__cxx11::basic_string<char, std::char_traits<char>, std::allocator<char> > const, std::pair<std::vector<int, std::allocator<int> >, std::vector<unsigned long, std::allocator<unsigned long> > > > >, std::less<std::__cxx11::basic_string<char, std::char_traits<char>, std::allocator<char> > >, std::allocator<std::pair<std::__cxx11::basic_string<char, std::char_traits<char>, std::allocator<char> > const, std::pair<std::vector<int, std::allocator<int> >, std::vector<unsigned long, std::allocator<unsigned long> > > > > >::_M_get_insert_unique_pos(std::__cxx11::basic_string<char, std::char_traits<char>, std::allocator<char> > const&) [clone .isra.0]
calls=1 0 
0 29
0 32
cob=(7)
cfi=(415)
cfn=(3318)
calls=3 199 
0 111
0 3
0 17
cfn=(3440)
calls=1 0 
0 28
0 17
cfn=(3440)
calls=1 0 
0 28
0 3

fn=(3436)
0 29

fn=(3438) std::vector<unsigned long, std::allocator<unsigned long> >::operator=(std::vector<unsigned long, std::allocator<unsigned long> > const&) [clone .isra.0]
0 448
cob=(7)
cfi=(232)
cfn=(918)
calls=12 43 
0 1302
0 12
0 48
cob=(2)
cfi=(158)
cfn=(908)
calls=12 0 
0 156
0 12
0 176

fn=(3452)
0 110
cfn=(3244)
calls=5 0 
0 385
0 160
cob=(2)
cfi=(158)
cfn=(690)
calls=10 0 
0 100
0 10
0 140
cob=(2)
cfi=(158)
cfn=(690)
calls=5 0 
0 50
0 5
0 152
cfn=(3456) void std::vector<int, std::allocator<int> >::_M_realloc_append<int const&>(int const&)
calls=3 0 
0 446
0 3
0 3

fn=(3484) stan::json::json_data_handler::update_array_dims()
0 25
cob=(7)
cfi=(415)
cfn=(3352)
calls=4 84 
0 52
0 4
0 51
cfn=(3486) void std::__introsort_loop<char*, long, std::less<void> >(char*, char*, long, std::less<void>) [clone .isra.0]
calls=3 0 
0 27
0 9
cfn=(3488) void std::__insertion_sort<char*, std::less<void> >(char*, char*, std::less<void>) [clone .isra.0]
calls=3 0 
0 30
0 27
cob=(2)
cfi=(158)
cfn=(908)
calls=3 0 
0 48
0 3
0 30
cob=(2)
cfi=(158)
cfn=(908)
calls=3 0 
0 48
0 3
0 104
cob=(2)
cfi=(158)
cfn=(908)
calls=3 0 
0 48
0 3
0 33
cob=(2)
cfi=(158)
cfn=(908)
calls=3 0 
0 48
0 3
0 30
cob=(2)
cfi=(158)
cfn=(908)
calls=3 0 
0 48
0 3
0 33
cob=(2)
cfi=(158)
cfn=(908)
calls=3 0 
0 48
0 3
0 30
cob=(2)
cfi=(158)
cfn=(908)
calls=3 0 
0 48
0 3
0 30
cob=(2)
cfi=(158)
cfn=(908)
calls=3 0 
0 48
0 3
0 30
cob=(2)
cfi=(158)
cfn=(908)
calls=3 0 
0 48
0 3
0 9
cob=(7)
cfi=(232)
cfn=(918)
calls=3 43 
0 126
0 3
0 171
cfn=(3490) boost::detail::function::function_obj_invoker<boost::algorithm::detail::token_finderF<boost::algorithm::detail::is_any_ofF<char> >, boost::iterator_range<__gnu_cxx::__normal_iterator<char const*, std::__cxx11::basic_string<char, std::char_traits<char>, std::allocator<char> > > >, __gnu_cxx::__normal_iterator<char const*, std::__cxx11::basic_string<char, std::char_traits<char>, std::allocator<char> > >, __gnu_cxx::__normal_iterator<char const*, std::__cxx11::basic_string<char, std::char_traits<char>, std::allocator<char> > > >::invoke(boost::detail::function::function_buffer&, __gnu_cxx::__normal_iterator<char const*, std::__cxx11::basic_string<char, std::char_traits<char>, std::allocator<char> > >, __gnu_cxx::__normal_iterator<char const*, std::__cxx11::basic_string<char, std::char_traits<char>, std::allocator<char> > >)
calls=3 0 
0 381
0 63
cfn=(3492) boost::detail::function::functor_manager<boost::algorithm::detail::token_finderF<boost::algorithm::detail::is_any_ofF<char> > >::manage(boost::detail::function::function_buffer const&, boost::detail::function::function_buffer&, boost::detail::function::functor_manager_operation_type)
calls=3 0 
0 282
0 63
cfn=(3492)
calls=3 0 
0 189
0 72
cfn=(3492)
calls=3 0 
0 282
0 90
cfn=(3492)
calls=3 0 
0 282
0 54
cfn=(3490)
calls=3 0 
0 255
0 216
cob=(7)
cfi=(232)
cfn=(918)
calls=3 43 
0 126
0 3
0 93
cfn=(3492)
calls=3 0 
0 189
0 48
cfn=(3492)
calls=3 0 
0 189
0 75
cfn=(3492)
calls=3 0 
0 189
0 108
cob=(7)
cfi=(246)
cfn=(3496)
calls=3 476 
0 84
0 3
0 118
cob=(2)
cfi=(158)
cfn=(690)
calls=6 0 
0 60
0 6
0 96
cob=(2)
cfi=(158)
cfn=(690)
calls=3 0 
0 30
0 3
0 109
cob=(2)
cfi=(158)
cfn=(690)
calls=6 0 
0 60
0 6
0 93
cob=(2)
cfi=(158)
cfn=(690)
calls=3 0 
0 30
0 3
0 63
cob=(7)
cfi=(246)
cfn=(3496)
calls=3 476 
0 84
0 3
0 51
cfn=(3424) std::_Rb_tree<std::__cxx11::basic_string<char, std::char_traits<char>, std::allocator<char> >, std::pair<std::__cxx11::basic_string<char, std::char_traits<char>, std::allocator<char> > const, std::pair<std::vector<int, std::allocator<int> >, std::vector<unsigned long, std::allocator<unsigned long> > > >, std::_Select1st<std::pair<std::__cxx11::basic_string<char, std::char_traits<char>, std::allocator<char> > const, std::pair<std::vector<int, std::allocator<int> >, std::vector<unsigned long, std::allocator<unsigned long> > > > >, std::less<std::__cxx11::basic_string<char, std::char_traits<char>, std::allocator<char> > >, std::allocator<std::pair<std::__cxx11::basic_string<char, std::char_traits<char>, std::allocator<char> > const, std::pair<std::vector<int, std::allocator<int> >, std::vector<unsigned long, std::allocator<unsigned long> > > > > >::find(std::__cxx11::basic_string<char, std::char_traits<char>, std::allocator<char> > const&) const [clone .isra.0]
calls=3 0 
0 314
0 68
cob=(2)
cfi=(158)
cfn=(690)
calls=4 0 
0 40
0 4
0 64
cob=(2)
cfi=(158)
cfn=(690)
calls=2 0 
0 20
0 2
0 110
cob=(2)
cfi=(158)
cfn=(690)
calls=6 0 
0 60
0 6
0 81
cob=(2)
cfi=(158)
cfn=(690)
calls=3 0 
0 30
0 3
0 90
cfn=(3504) void std::vector<unsigned long, std::allocator<unsigned long> >::_M_realloc_append<unsigned long const&>(unsigned long const&)
calls=3 0 
0 258
0 3
0 96
cob=(7)
cfi=(247)
cfn=(1034)
calls=3 32 
0 111
0 3
0 18
cob=(7)
cfi=(247)
cfn=(1034)
calls=3 32 
0 111
0 3
0 72
cfn=(3422) std::_Rb_tree<std::__cxx11::basic_string<char, std::char_traits<char>, std::allocator<char> >, std::pair<std::__cxx11::basic_string<char, std::char_traits<char>, std::allocator<char> > const, std::pair<std::vector<double, std::allocator<double> >, std::vector<unsigned long, std::allocator<unsigned long> > > >, std::_Select1st<std::pair<std::__cxx11::basic_string<char, std::char_traits<char>, std::allocator<char> > const, std::pair<std::vector<double, std::allocator<double> >, std::vector<unsigned long, std::allocator<unsigned long> > > > >, std::less<std::__cxx11::basic_string<char, std::char_traits<char>, std::allocator<char> > >, std::allocator<std::pair<std::__cxx11::basic_string<char, std::char_traits<char>, std::allocator<char> > const, std::pair<std::vector<double, std::allocator<double> >, std::vector<unsigned long, std::allocator<unsigned long> > > > > >::find(std::__cxx11::basic_string<char, std::char_traits<char>, std::allocator<char> > const&) const [clone .isra.0]
calls=1 0 
0 90
0 8
cfn=(3470) std::map<std::__cxx11::basic_string<char, std::char_traits<char>, std::allocator<char> >, std::pair<std::vector<double, std::allocator<double> >, std::vector<unsigned long, std::allocator<unsigned long> > >, std::less<std::__cxx11::basic_string<char, std::char_traits<char>, std::allocator<char> > >, std::allocator<std::pair<std::__cxx11::basic_string<char, std::char_traits<char>, std::allocator<char> > const, std::pair<std::vector<double, std::allocator<double> >, std::vector<unsigned long, std::allocator<unsigned long> > > > > >::operator[](std::__cxx11::basic_string<char, std::char_traits<char>, std::allocator<char> > const&)
calls=1 0 
0 92
0 40

fn=(3504)
0 108
cob=(7)
cfi=(232)
cfn=(918)
calls=4 43 
0 276
0 4
0 80

fn=(3538) stan::json::json_data::validate_dims(std::__cxx11::basic_string<char, std::char_traits<char>, std::allocator<char> > const&, std::__cxx11::basic_string<char, std::char_traits<char>, std::allocator<char> > const&, std::__cxx11::basic_string<char, std::char_traits<char>, std::allocator<char> > const&, std::vector<unsigned long, std::allocator<unsigned long> > const&) const
0 81
cfn=(3422)
calls=3 0 
0 246
0 17
cfn=(3422)
calls=1 0 
0 90
0 3
cfn=(3430)
calls=1 0 
0 86
0 93
cfn=(3424)
calls=2 0 
0 235
0 16
cfn=(3424)
calls=2 0 
0 235
0 6
cfn=(3430)
calls=2 0 
0 111
0 53
cfn=(3422)
calls=2 0 
0 168
0 23
cob=(7)
cfi=(247)
cfn=(1034)
calls=2 32 
0 74
0 2
0 48
cfn=(3424)
calls=1 0 
0 118
0 13
cfn=(3424)
calls=1 0 
0 117
0 3

fn=(3546) Eigen::internal::aligned_malloc(unsigned long)
0 39440
cob=(2)
cfi=(152)
cfn=(812)
calls=9860 3101 
0 297490
0 9860
0 88740

fn=(3606) bs_set_print_callback
0 24

fn=(3794) Eigen::PlainObjectBase<Eigen::Matrix<stan::math::var_value<double, void>, -1, -1, 0, -1, -1> >::PlainObjectBase<Eigen::CwiseNullaryOp<Eigen::internal::scalar_constant_op<stan::math::var_value<double, void> >, Eigen::Matrix<stan::math::var_value<double, void>, -1, -1, 0, -1, -1> > >(Eigen::DenseBase<Eigen::CwiseNullaryOp<Eigen::internal::scalar_constant_op<stan::math::var_value<double, void> >, Eigen::Matrix<stan::math::var_value<double, void>, -1, -1, 0, -1, -1> > > const&)
0 18464
cfn=(3546)
calls=577 0 
0 25579
0 110784

fn=(3810) long Eigen::internal::llt_inplace<double, 1>::blocked<Eigen::Ref<Eigen::Matrix<double, -1, -1, 0, -1, -1>, 0, Eigen::OuterStride<-1> > >(Eigen::Ref<Eigen::Matrix<double, -1, -1, 0, -1, -1>, 0, Eigen::OuterStride<-1> >&)
0 10963
cfn=(3812) long Eigen::internal::llt_inplace<double, 1>::unblocked<Eigen::Ref<Eigen::Matrix<double, -1, -1, 0, -1, -1>, 0, Eigen::OuterStride<-1> > >(Eigen::Ref<Eigen::Matrix<double, -1, -1, 0, -1, -1>, 0, Eigen::OuterStride<-1> >&)
calls=577 0 
0 2067391

fn=(3836) void Eigen::internal::evaluateProductBlockingSizesHeuristic<double, double, 4, long>(long&, long&, long&, long)
0 20200
cob=(7)
cfi=(248)
cfn=(1080)
calls=1 273 
0 17
0 1
0 12
cfn=(3838) Eigen::internal::queryCacheSizes(int&, int&, int&)
calls=1 0 
0 176
0 17
cob=(7)
cfi=(248)
cfn=(1086)
calls=1 443 
0 6
0 1
0 1158

fn=(3852) void Eigen::internal::trmv_selector<1, 0>::run<Eigen::Matrix<double, -1, -1, 0, -1, -1>, Eigen::Matrix<double, -1, 1, 0, -1, 1>, Eigen::Matrix<double, -1, 1, 0, -1, 1> >(Eigen::Matrix<double, -1, -1, 0, -1, -1> const&, Eigen::Matrix<double, -1, 1, 0, -1, 1> const&, Eigen::Matrix<double, -1, 1, 0, -1, 1>&, Eigen::Matrix<double, -1, 1, 0, -1, 1>::Scalar const&) [clone .isra.0]
0 17310
cfn=(3854) Eigen::internal::triangular_matrix_vector_product<long, 1, double, false, double, false, 0, 0>::run(long, long, double const*, long, double const*, long, double*, long, double const&) [clone .constprop.0]
calls=577 0 
0 609312
0 7501

fn=(3854)
0 398707
cfn=(3856) Eigen::internal::general_matrix_vector_product<long, double, Eigen::internal::const_blas_data_mapper<double, long, 0>, 0, false, double, Eigen::internal::const_blas_data_mapper<double, long, 1>, false, 1>::run(long, long, Eigen::internal::const_blas_data_mapper<double, long, 0> const&, Eigen::internal::const_blas_data_mapper<double, long, 1> const&, double*, long, double) [clone .isra.0]
calls=577 0 
0 185217
0 25388

fn=(3884) stan::math::internal::unblocked_cholesky_lambda<stan::math::arena_matrix<Eigen::Matrix<double, -1, -1, 0, -1, -1>, void>, stan::math::arena_matrix<Eigen::Matrix<stan::math::var_value<double, void>, -1, -1, 0, -1, -1>, void>, stan::math::arena_matrix<Eigen::Matrix<stan::math::var_value<double, void>, -1, -1, 0, -1, -1>, void> >(stan::math::arena_matrix<Eigen::Matrix<double, -1, -1, 0, -1, -1>, void>&, stan::math::arena_matrix<Eigen::Matrix<stan::math::var_value<double, void>, -1, -1, 0, -1, -1>, void>&, stan::math::arena_matrix<Eigen::Matrix<stan::math::var_value<double, void>, -1, -1, 0, -1, -1>, void>&)::{lambda()#1}::operator()()
0 20195
cfn=(3546)
calls=577 0 
0 25388
0 13271
cfn=(3832) Eigen::PlainObjectBase<Eigen::Matrix<double, -1, -1, 0, -1, -1> >::resize(long, long)
calls=577 0 
0 53084
0 9232
cob=(2)
cfi=(158)
cfn=(936)
calls=577 0 
0 40967
0 577
0 910506
cob=(2)
cfi=(152)
cfn=(632)
calls=577 3137 
0 19041
0 577
0 6924
cob=(2)
cfi=(152)
cfn=(632)
calls=577 3137 
0 19041
0 577
0 5599208

fn=(3892) stan::math::internal::callback_vari<double, stan::math::lb_constrain<stan::math::var_value<double, void>, int, (void*)0, (void*)0>(stan::math::var_value<double, void> const&, int const&, stan::math::var_value<double, void>&)::{lambda(auto:1&)#1}>::chain()
0 13848

fn=(4200) std::_Sp_counted_ptr<boost::re_detail_500::cpp_regex_traits_implementation<char>*, (__gnu_cxx::_Lock_policy)2>::_M_dispose()
0 18
cob=(7)
cfi=(170)
cfn=(746)
calls=1 91 
0 6
0 1
0 7
cob=(7)
cfi=(247)
cfn=(1034)
calls=1 32 
0 37
0 1

fn=(4202) std::_Sp_counted_ptr<boost::re_detail_500::cpp_regex_traits_implementation<char>*, (__gnu_cxx::_Lock_policy)2>::_M_destroy()
0 2
cob=(7)
cfi=(247)
cfn=(1034)
calls=1 32 
0 164
0 1

fn=(3148) bs_model::bs_model(char const*, unsigned int)
0 12
cfn=(3150) bridgestan::load_json(char const*)
calls=1 0 
0 93393
0 5
cfn=(3532) new_model(stan::io::var_context&, unsigned int, std::ostream*)
calls=1 0 
0 261057
0 7
cfn=(3548) stan::json::json_data::~json_data()
calls=1 0 
0 688
0 4
cfn=(3554) gp_regr_model_namespace::gp_regr_model::model_name[abi:cxx11]() const
calls=1 0 
0 10
0 3
cob=(2)
cfi=(417) /usr/src/debug/glibc/glibc/string/strdup.c
cfn=(3558) strdup
calls=1 40 
0 85
0 1
0 15
cob=(7)
cfi=(249)
cfn=(1124)
calls=1 1173 
0 591
0 1
0 4
cob=(7)
cfi=(279)
cfn=(1392)
calls=1 84 
0 494
0 1
0 4
cob=(7)
cfi=(279)
cfn=(1392)
calls=1 84 
0 122
0 1
0 10
cob=(7)
cfi=(279)
cfn=(1392)
calls=1 84 
0 122
0 1
0 10
cob=(7)
cfi=(279)
cfn=(1392)
calls=1 84 
0 122
0 1
0 2
cob=(7)
cfi=(418)
cfn=(3572)
calls=1 71 
0 124
0 1
0 4
cob=(7)
cfi=(279)
cfn=(1392)
calls=1 84 
0 119
0 1
0 4
cob=(7)
cfi=(279)
cfn=(1392)
calls=1 84 
0 122
0 1
0 10
cob=(7)
cfi=(279)
cfn=(1392)
calls=1 84 
0 124
0 1
0 10
cob=(7)
cfi=(279)
cfn=(1392)
calls=1 84 
0 122
0 1
0 2
cob=(7)
cfi=(418)
cfn=(3572)
calls=1 71 
0 124
0 1
0 4
cob=(7)
cfi=(279)
cfn=(1392)
calls=1 84 
0 117
0 1
0 10
cob=(7)
cfi=(250)
cfn=(3566)
calls=1 157 
0 50
0 1
0 2
cob=(7)
cfi=(250)
cfn=(3576)
calls=1 225 
0 56
0 1
0 4
cob=(7)
cfi=(279)
cfn=(1392)
calls=1 84 
0 117
0 1
0 10
cob=(7)
cfi=(250)
cfn=(3566)
calls=1 157 
0 50
0 1
0 2
cob=(7)
cfi=(250)
cfn=(3576)
calls=1 225 
0 56
0 1
0 4
cob=(7)
cfi=(279)
cfn=(1392)
calls=1 84 
0 119
0 1
0 10
cob=(7)
cfi=(250)
cfn=(3566)
calls=1 157 
0 50
0 1
0 2
cob=(7)
cfi=(250)
cfn=(3576)
calls=1 225 
0 56
0 1
0 4
cob=(7)
cfi=(279)
cfn=(1392)
calls=1 84 
0 117
0 1
0 10
cob=(7)
cfi=(250)
cfn=(3566)
calls=1 157 
0 50
0 1
0 2
cob=(7)
cfi=(250)
cfn=(3576)
calls=1 225 
0 56
0 1
0 4
cob=(7)
cfi=(279)
cfn=(1392)
calls=1 84 
0 117
0 1
0 10
cob=(7)
cfi=(250)
cfn=(3566)
calls=1 157 
0 50
0 1
0 2
cob=(7)
cfi=(250)
cfn=(3576)
calls=1 225 
0 56
0 1
0 4
cob=(7)
cfi=(279)
cfn=(1392)
calls=1 84 
0 117
0 1
0 2
cob=(7)
cfi=(418)
cfn=(3572)
calls=1 71 
0 124
0 1
0 4
cob=(7)
cfi=(279)
cfn=(1392)
calls=1 84 
0 117
0 1
0 2
cob=(7)
cfi=(418)
cfn=(3572)
calls=1 71 
0 124
0 1
0 4
cfn=(3582) gp_regr_model_namespace::gp_regr_model::model_compile_info[abi:cxx11]() const
calls=1 0 
0 507
0 15
cob=(7)
cfi=(279)
cfn=(1392)
calls=2 84 
0 234
0 2
0 22
cob=(7)
cfi=(250)
cfn=(3566)
calls=2 157 
0 100
0 2
0 4
cob=(7)
cfi=(250)
cfn=(3576)
calls=2 225 
0 112
0 2
0 12
cob=(7)
cfi=(247)
cfn=(1034)
calls=2 32 
0 74
0 2
0 16
cob=(8)
cfi=(229)
cfn=(912)
calls=2 0 
0 164
0 2
0 16
cob=(7)
cfi=(250)
cfn=(3566)
calls=2 157 
0 100
0 2
0 24
cob=(7)
cfi=(247)
cfn=(1034)
calls=2 32 
0 74
0 2
0 14
cob=(7)
cfi=(247)
cfn=(1034)
calls=1 32 
0 37
0 1
0 3
cob=(7)
cfi=(249)
cfn=(3586)
calls=1 288 
0 308
0 1
0 2
cob=(2)
cfi=(417)
cfn=(3558)
calls=1 40 
0 428
0 1
0 11
cob=(7)
cfi=(247)
cfn=(1034)
calls=1 32 
0 37
0 1
0 9
cfn=(3594) gp_regr_model_namespace::gp_regr_model::unconstrained_param_names(std::vector<std::__cxx11::basic_string<char, std::char_traits<char>, std::allocator<char> >, std::allocator<std::__cxx11::basic_string<char, std::char_traits<char>, std::allocator<char> > > >&, bool, bool) const
calls=1 0 
0 906
0 3
cfn=(3598) bridgestan::to_csv(std::vector<std::__cxx11::basic_string<char, std::char_traits<char>, std::allocator<char> >, std::allocator<std::__cxx11::basic_string<char, std::char_traits<char>, std::allocator<char> > > > const&)
calls=1 0 
0 1492
0 43
cfn=(3600) gp_regr_model_namespace::gp_regr_model::constrained_param_names(std::vector<std::__cxx11::basic_string<char, std::char_traits<char>, std::allocator<char> >, std::allocator<std::__cxx11::basic_string<char, std::char_traits<char>, std::allocator<char> > > >&, bool, bool) const
calls=1 0 
0 455
0 3
cfn=(3598)
calls=1 0 
0 1492
0 43
cfn=(3600)
calls=1 0 
0 455
0 3
cfn=(3598)
calls=1 0 
0 1492
0 44
cfn=(3600)
calls=1 0 
0 455
0 3
cfn=(3598)
calls=1 0 
0 1492
0 44
cfn=(3600)
calls=1 0 
0 455
0 3
cfn=(3598)
calls=1 0 
0 1492
0 43
cob=(7)
cfi=(247)
cfn=(1034)
calls=1 32 
0 37
0 1
0 2
cob=(7)
cfi=(249)
cfn=(1190)
calls=1 1215 
0 115
0 1
0 13
cob=(7)
cfi=(250)
cfn=(3566)
calls=1 157 
0 50
0 1
0 4
cob=(7)
cfi=(250)
cfn=(3566)
calls=1 157 
0 50
0 1
0 4
cob=(7)
cfi=(250)
cfn=(3566)
calls=1 157 
0 50
0 1
0 4
cob=(7)
cfi=(250)
cfn=(3566)
calls=1 157 
0 50
0 1
0 1

fn=(3270) boost::cpp_regex_traits<char>::get_catalog_name[abi:cxx11]()
0 14
cob=(2)
cfi=(304)
cfn=(1662)
calls=2 71 
0 58
0 2
0 36
cob=(2)
cfi=(305)
cfn=(1676)
calls=2 357 
0 38
0 2
0 25
cob=(7)
cfi=(248)
cfn=(1080)
calls=1 273 
0 17
0 1
0 11
cob=(2)
cfi=(209)
cfn=(776)
calls=1 67 
0 66
0 1
0 2
cob=(7)
cfi=(248)
cfn=(1086)
calls=1 443 
0 6
0 1
0 2

fn=(3312) std::_Rb_tree<boost::re_detail_500::cpp_regex_traits_base<char>, std::pair<boost::re_detail_500::cpp_regex_traits_base<char> const, std::_List_iterator<std::pair<std::shared_ptr<boost::re_detail_500::cpp_regex_traits_implementation<char> const>, boost::re_detail_500::cpp_regex_traits_base<char> const*> > >, std::_Select1st<std::pair<boost::re_detail_500::cpp_regex_traits_base<char> const, std::_List_iterator<std::pair<std::shared_ptr<boost::re_detail_500::cpp_regex_traits_implementation<char> const>, boost::re_detail_500::cpp_regex_traits_base<char> const*> > > >, std::less<boost::re_detail_500::cpp_regex_traits_base<char> >, std::allocator<std::pair<boost::re_detail_500::cpp_regex_traits_base<char> const, std::_List_iterator<std::pair<std::shared_ptr<boost::re_detail_500::cpp_regex_traits_implementation<char> const>, boost::re_detail_500::cpp_regex_traits_base<char> const*> > > > >::_M_get_insert_hint_unique_pos(std::_Rb_tree_const_iterator<std::pair<boost::re_detail_500::cpp_regex_traits_base<char> const, std::_List_iterator<std::pair<std::shared_ptr<boost::re_detail_500::cpp_regex_traits_implementation<char> const>, boost::re_detail_500::cpp_regex_traits_base<char> const*> > > >, boost::re_detail_500::cpp_regex_traits_base<char> const&)
0 9
cfn=(3314)
calls=1 0 
0 14

fn=(3376) boost::re_detail_500::basic_regex_creator<char, boost::regex_traits<char, boost::cpp_regex_traits<char> > >::probe_leading_repeat(boost::re_detail_500::re_syntax_base*)
0 17
cfn=(3377) boost::re_detail_500::basic_regex_creator<char, boost::regex_traits<char, boost::cpp_regex_traits<char> > >::probe_leading_repeat(boost::re_detail_500::re_syntax_base*)'2
calls=1 0 
0 12

fn=(3377)
0 12

fn=(3384) std::_Sp_counted_base<(__gnu_cxx::_Lock_policy)2>::_M_release()
0 52

fn=(3392) boost::re_detail_500::perl_matcher<__gnu_cxx::__normal_iterator<char const*, std::__cxx11::basic_string<char, std::char_traits<char>, std::allocator<char> > >, std::allocator<boost::sub_match<__gnu_cxx::__normal_iterator<char const*, std::__cxx11::basic_string<char, std::char_traits<char>, std::allocator<char> > > > >, boost::regex_traits<char, boost::cpp_regex_traits<char> > >::match_set_repeat()
0 260

fn=(3402)
0 100
cob=(7)
cfi=(247)
cfn=(1034)
calls=4 32 
0 148
0 4

fn=(3406)
0 1200
cob=(2)
cfi=(158)
cfn=(690)
calls=61 0 
0 610
0 61
0 752
cob=(2)
cfi=(158)
cfn=(690)
calls=25 0 
0 250
0 25
0 523
cob=(7)
cfi=(232)
cfn=(918)
calls=2 43 
0 84
0 2
0 12
cob=(7)
cfi=(232)
cfn=(918)
calls=6 43 
0 776
0 6
0 56
cob=(8)
cfi=(229)
cfn=(912)
calls=8 0 
0 288
0 8
0 64
cfn=(3408) std::_Rb_tree<std::__cxx11::basic_string<char, std::char_traits<char>, std::allocator<char> >, std::pair<std::__cxx11::basic_string<char, std::char_traits<char>, std::allocator<char> > const, int>, std::_Select1st<std::pair<std::__cxx11::basic_string<char, std::char_traits<char>, std::allocator<char> > const, int> >, std::less<std::__cxx11::basic_string<char, std::char_traits<char>, std::allocator<char> > >, std::allocator<std::pair<std::__cxx11::basic_string<char, std::char_traits<char>, std::allocator<char> > const, int> > >::_M_get_insert_hint_unique_pos(std::_Rb_tree_const_iterator<std::pair<std::__cxx11::basic_string<char, std::char_traits<char>, std::allocator<char> > const, int> >, std::__cxx11::basic_string<char, std::char_traits<char>, std::allocator<char> > const&) [clone .isra.0]
calls=8 0 
0 524
0 128
cob=(7)
cfi=(415)
cfn=(3318)
calls=8 199 
0 260
0 8
0 60
cfn=(3440)
calls=6 0 
0 168
0 18

fn=(3448) std::_Rb_tree_iterator<std::pair<std::__cxx11::basic_string<char, std::char_traits<char>, std::allocator<char> > const, stan::json::array_dims> > std::_Rb_tree<std::__cxx11::basic_string<char, std::char_traits<char>, std::allocator<char> >, std::pair<std::__cxx11::basic_string<char, std::char_traits<char>, std::allocator<char> > const, stan::json::array_dims>, std::_Select1st<std::pair<std::__cxx11::basic_string<char, std::char_traits<char>, std::allocator<char> > const, stan::json::array_dims> >, std::less<std::__cxx11::basic_string<char, std::char_traits<char>, std::allocator<char> > >, std::allocator<std::pair<std::__cxx11::basic_string<char, std::char_traits<char>, std::allocator<char> > const, stan::json::array_dims> > >::_M_emplace_hint_unique<std::piecewise_construct_t const&, std::tuple<std::__cxx11::basic_string<char, std::char_traits<char>, std::allocator<char> > const&>, std::tuple<> >(std::_Rb_tree_const_iterator<std::pair<std::__cxx11::basic_string<char, std::char_traits<char>, std::allocator<char> > const, stan::json::array_dims> >, std::piecewise_construct_t const&, std::tuple<std::__cxx11::basic_string<char, std::char_traits<char>, std::allocator<char> > const&>&&, std::tuple<>&&) [clone .isra.0]
0 36
cob=(7)
cfi=(232)
cfn=(918)
calls=3 43 
0 257
0 3
0 24
cob=(8)
cfi=(229)
cfn=(912)
calls=3 0 
0 108
0 3
0 53
cob=(2)
cfi=(158)
cfn=(690)
calls=1 0 
0 10
0 1
0 41
cfn=(3450) std::_Rb_tree<std::__cxx11::basic_string<char, std::char_traits<char>, std::allocator<char> >, std::pair<std::__cxx11::basic_string<char, std::char_traits<char>, std::allocator<char> > const, stan::json::array_dims>, std::_Select1st<std::pair<std::__cxx11::basic_string<char, std::char_traits<char>, std::allocator<char> > const, stan::json::array_dims> >, std::less<std::__cxx11::basic_string<char, std::char_traits<char>, std::allocator<char> > >, std::allocator<std::pair<std::__cxx11::basic_string<char, std::char_traits<char>, std::allocator<char> > const, stan::json::array_dims> > >::_M_get_insert_unique_pos(std::__cxx11::basic_string<char, std::char_traits<char>, std::allocator<char> > const&) [clone .isra.0]
calls=1 0 
0 29
0 32
cob=(7)
cfi=(415)
cfn=(3318)
calls=3 199 
0 62
0 3
0 17
cfn=(3440)
calls=1 0 
0 28
0 11
cfn=(3440)
calls=1 0 
0 28
0 5

fn=(3470)
0 45
cob=(2)
cfi=(158)
cfn=(690)
calls=1 0 
0 10
0 1
0 21
cob=(2)
cfi=(158)
cfn=(690)
calls=1 0 
0 10
0 1
0 31
cob=(8)
cfi=(229)
cfn=(912)
calls=1 0 
0 36
0 1
0 15
cfn=(3472) std::_Rb_tree<std::__cxx11::basic_string<char, std::char_traits<char>, std::allocator<char> >, std::pair<std::__cxx11::basic_string<char, std::char_traits<char>, std::allocator<char> > const, std::pair<std::vector<double, std::allocator<double> >, std::vector<unsigned long, std::allocator<unsigned long> > > >, std::_Select1st<std::pair<std::__cxx11::basic_string<char, std::char_traits<char>, std::allocator<char> > const, std::pair<std::vector<double, std::allocator<double> >, std::vector<unsigned long, std::allocator<unsigned long> > > > >, std::less<std::__cxx11::basic_string<char, std::char_traits<char>, std::allocator<char> > >, std::allocator<std::pair<std::__cxx11::basic_string<char, std::char_traits<char>, std::allocator<char> > const, std::pair<std::vector<double, std::allocator<double> >, std::vector<unsigned long, std::allocator<unsigned long> > > > > >::_M_get_insert_unique_pos(std::__cxx11::basic_string<char, std::char_traits<char>, std::allocator<char> > const&) [clone .isra.0]
calls=1 0 
0 29
0 16
cob=(7)
cfi=(415)
cfn=(3318)
calls=1 199 
0 16
0 1
0 4
cob=(7)
cfi=(232)
cfn=(918)
calls=1 43 
0 135
0 1
0 7

fn=(3490)
0 126
cob=(2)
cfi=(158)
cfn=(908)
calls=6 0 
0 96
0 6
0 54
cob=(2)
cfi=(158)
cfn=(908)
calls=6 0 
0 96
0 6
0 252

fn=(3508) std::_Rb_tree<std::__cxx11::basic_string<char, std::char_traits<char>, std::allocator<char> >, std::pair<std::__cxx11::basic_string<char, std::char_traits<char>, std::allocator<char> > const, bool>, std::_Select1st<std::pair<std::__cxx11::basic_string<char, std::char_traits<char>, std::allocator<char> > const, bool> >, std::less<std::__cxx11::basic_string<char, std::char_traits<char>, std::allocator<char> > >, std::allocator<std::pair<std::__cxx11::basic_string<char, std::char_traits<char>, std::allocator<char> > const, bool> > >::_M_erase(std::_Rb_tree_node<std::pair<std::__cxx11::basic_string<char, std::char_traits<char>, std::allocator<char> > const, bool> >*) [clone .isra.0]
0 38
cob=(7)
cfi=(247)
cfn=(1034)
calls=2 32 
0 74
0 2
0 10

fn=(3510) std::_Rb_tree<std::__cxx11::basic_string<char, std::char_traits<char>, std::allocator<char> >, std::pair<std::__cxx11::basic_string<char, std::char_traits<char>, std::allocator<char> > const, stan::json::array_dims>, std::_Select1st<std::pair<std::__cxx11::basic_string<char, std::char_traits<char>, std::allocator<char> > const, stan::json::array_dims> >, std::less<std::__cxx11::basic_string<char, std::char_traits<char>, std::allocator<char> > >, std::allocator<std::pair<std::__cxx11::basic_string<char, std::char_traits<char>, std::allocator<char> > const, stan::json::array_dims> > >::_M_erase(std::_Rb_tree_node<std::pair<std::__cxx11::basic_string<char, std::char_traits<char>, std::allocator<char> > const, stan::json::array_dims> >*) [clone .isra.0]
0 24
cob=(7)
cfi=(247)
cfn=(1034)
calls=1 32 
0 37
0 1
0 9
cob=(7)
cfi=(247)
cfn=(1034)
calls=1 32 
0 37
0 1
0 8
cob=(7)
cfi=(247)
cfn=(1034)
calls=1 32 
0 37
0 1
0 7

fn=(3534) gp_regr_model_namespace::gp_regr_model::gp_regr_model(stan::io::var_context&, unsigned int, std::ostream*)
0 39
cfn=(3536) boost::random::mixmax_engine<17, 36u, 0l>::apply_bigskip(unsigned long*, unsigned long*, unsigned int, unsigned int, unsigned int, unsigned int) [clone .isra.0]
calls=1 0 
0 256026
0 11
cfn=(3076) std::__cxx11::basic_string<char, std::char_traits<char>, std::allocator<char> >::basic_string<std::allocator<char> >(char const*, std::allocator<char> const&)
calls=1 0 
0 74
0 4
cfn=(3076)
calls=1 0 
0 47
0 4
cfn=(3076)
calls=1 0 
0 127
0 6
cfn=(3538)
calls=1 0 
0 559
0 7
cob=(7)
cfi=(247)
cfn=(1034)
calls=1 32 
0 37
0 1
0 18
cfn=(3076)
calls=1 0 
0 47
0 4
cfn=(3540) stan::json::json_data::vals_i(std::__cxx11::basic_string<char, std::char_traits<char>, std::allocator<char> > const&) const
calls=1 0 
0 349
0 6
cob=(7)
cfi=(247)
cfn=(1034)
calls=1 32 
0 37
0 1
0 11
cob=(7)
cfi=(232)
cfn=(918)
calls=1 43 
0 38
0 1
0 10
cfn=(3076)
calls=1 0 
0 71
0 4
cfn=(3076)
calls=1 0 
0 47
0 4
cfn=(3076)
calls=1 0 
0 127
0 7
cfn=(3538)
calls=1 0 
0 770
0 6
cob=(7)
cfi=(247)
cfn=(1034)
calls=1 32 
0 37
0 1
0 12
cob=(7)
cfi=(247)
cfn=(1034)
calls=1 32 
0 37
0 1
0 14
cob=(7)
cfi=(232)
cfn=(918)
calls=1 43 
0 42
0 1
0 48
cfn=(3076)
calls=1 0 
0 47
0 4
cfn=(3542) stan::json::json_data::vals_r(std::__cxx11::basic_string<char, std::char_traits<char>, std::allocator<char> > const&) const
calls=1 0 
0 598
0 12
cob=(7)
cfi=(247)
cfn=(1034)
calls=1 32 
0 37
0 1
0 21
cob=(7)
cfi=(232)
cfn=(918)
calls=1 43 
0 38
0 1
0 10
cfn=(3076)
calls=1 0 
0 71
0 4
cfn=(3076)
calls=1 0 
0 47
0 4
cfn=(3076)
calls=1 0 
0 127
0 7
cfn=(3538)
calls=1 0 
0 509
0 6
cob=(7)
cfi=(247)
cfn=(1034)
calls=1 32 
0 37
0 1
0 12
cob=(7)
cfi=(247)
cfn=(1034)
calls=1 32 
0 37
0 1
0 53
cfn=(3076)
calls=1 0 
0 47
0 4
cfn=(3542)
calls=1 0 
0 299
0 128
cob=(7)
cfi=(247)
cfn=(1034)
calls=1 32 
0 37
0 1
0 16
cfn=(3544) Eigen::PlainObjectBase<Eigen::Matrix<double, -1, 1, 0, -1, 1> >::resize(long, long)
calls=1 0 
0 76
0 5

fn=(3550) std::_Rb_tree<std::__cxx11::basic_string<char, std::char_traits<char>, std::allocator<char> >, std::pair<std::__cxx11::basic_string<char, std::char_traits<char>, std::allocator<char> > const, std::pair<std::vector<int, std::allocator<int> >, std::vector<unsigned long, std::allocator<unsigned long> > > >, std::_Select1st<std::pair<std::__cxx11::basic_string<char, std::char_traits<char>, std::allocator<char> > const, std::pair<std::vector<int, std::allocator<int> >, std::vector<unsigned long, std::allocator<unsigned long> > > > >, std::less<std::__cxx11::basic_string<char, std::char_traits<char>, std::allocator<char> > >, std::allocator<std::pair<std::__cxx11::basic_string<char, std::char_traits<char>, std::allocator<char> > const, std::pair<std::vector<int, std::allocator<int> >, std::vector<unsigned long, std::allocator<unsigned long> > > > > >::_M_erase(std::_Rb_tree_node<std::pair<std::__cxx11::basic_string<char, std::char_traits<char>, std::allocator<char> > const, std::pair<std::vector<int, std::allocator<int> >, std::vector<unsigned long, std::allocator<unsigned long> > > > >*) [clone .isra.0]
0 24
cob=(7)
cfi=(247)
cfn=(1034)
calls=1 32 
0 37
0 1
0 9
cob=(7)
cfi=(247)
cfn=(1034)
calls=1 32 
0 37
0 1
0 8
cob=(7)
cfi=(247)
cfn=(1034)
calls=1 32 
0 37
0 1
0 7

fn=(3770) bs_log_density_gradient
0 15002
cfn=(3772) Eigen::PlainObjectBase<Eigen::Matrix<double, -1, 1, 0, -1, 1> >::resize(long, long) [clone .constprop.0]
calls=577 0 
0 53425
0 139027
cfn=(3894) stan::math::internal::callback_vari<double, stan::math::operator+<double, (void*)0>(stan::math::var_value<double, void> const&, double)::{lambda(auto:1&&)#1}>::chain()
calls=1731 0 
0 8655
cfn=(3892)
calls=1731 0 
0 13848
cfn=(3888) stan::math::internal::reverse_pass_callback_vari<stan::math::gp_exp_quad_cov<double, stan::math::var_value<double, void>, (void*)0, (void*)0>(std::vector<double, std::allocator<double> > const&, stan::math::var_value<double, void>, stan::math::var_value<double, void>)::{lambda()#1}>::chain()
calls=577 0 
0 398130
cfn=(3886) stan::math::internal::reverse_pass_callback_vari<stan::math::add<Eigen::Matrix<stan::math::var_value<double, void>, -1, -1, 0, -1, -1>, Eigen::Matrix<stan::math::var_value<double, void>, -1, -1, 0, -1, -1>, (void*)0>(Eigen::Matrix<stan::math::var_value<double, void>, -1, -1, 0, -1, -1>&&, Eigen::Matrix<stan::math::var_value<double, void>, -1, -1, 0, -1, -1>&&)::{lambda()#1}>::chain()
calls=577 0 
0 924931
cfn=(3882) stan::math::internal::reverse_pass_callback_vari<stan::math::internal::unblocked_cholesky_lambda<stan::math::arena_matrix<Eigen::Matrix<double, -1, -1, 0, -1, -1>, void>, stan::math::arena_matrix<Eigen::Matrix<stan::math::var_value<double, void>, -1, -1, 0, -1, -1>, void>, stan::math::arena_matrix<Eigen::Matrix<stan::math::var_value<double, void>, -1, -1, 0, -1, -1>, void> >(stan::math::arena_matrix<Eigen::Matrix<double, -1, -1, 0, -1, -1>, void>&, stan::math::arena_matrix<Eigen::Matrix<stan::math::var_value<double, void>, -1, -1, 0, -1, -1>, void>&, stan::math::arena_matrix<Eigen::Matrix<stan::math::var_value<double, void>, -1, -1, 0, -1, -1>, void>&)::{lambda()#1}>::chain()
calls=577 0 
0 6719742
cfn=(3880) stan::math::internal::reverse_pass_callback_vari<stan::math::internal::partials_propagator<stan::math::var_value<double, void>, void, stan::math::var_value<double, void>, double, double>::build(double)::{lambda(auto:1&&)#1}::operator()<stan::math::internal::ops_partials_edge<double, stan::math::var_value<double, void>, void>&>(stan::math::internal::ops_partials_edge<double, stan::math::var_value<double, void>, void>&)::{lambda()#1}>::chain()
calls=1731 0 
0 12117
cfn=(3878) stan::math::internal::reverse_pass_callback_vari<stan::math::internal::partials_propagator<stan::math::var_value<double, void>, void, stan::math::var_value<double, void>, double, double>::build(double)::{lambda(auto:1&&)#1}::operator()<stan::math::internal::ops_partials_edge<double, double, void>&>(stan::math::internal::ops_partials_edge<double, double, void>&)::{lambda()#1}>::chain()
calls=3462 0 
0 3462
cfn=(3876) stan::math::internal::reverse_pass_callback_vari<stan::math::internal::partials_propagator<stan::math::var_value<double, void>, void, Eigen::Matrix<double, -1, 1, 0, -1, 1>, Eigen::Matrix<double, -1, 1, 0, -1, 1>, Eigen::Matrix<stan::math::var_value<double, void>, -1, -1, 0, -1, -1> >::build(double)::{lambda(auto:1&&)#1}::operator()<stan::math::internal::ops_partials_edge<double, Eigen::Matrix<double, -1, 1, 0, -1, 1>, void>&>(stan::math::internal::ops_partials_edge<double, Eigen::Matrix<double, -1, 1, 0, -1, 1>, void>&)::{lambda()#1}>::chain()
calls=1154 0 
0 1154
cfn=(3872) stan::math::internal::reverse_pass_callback_vari<stan::math::internal::partials_propagator<stan::math::var_value<double, void>, void, Eigen::Matrix<double, -1, 1, 0, -1, 1>, Eigen::Matrix<double, -1, 1, 0, -1, 1>, Eigen::Matrix<stan::math::var_value<double, void>, -1, -1, 0, -1, -1> >::build(double)::{lambda(auto:1&&)#1}::operator()<stan::math::internal::ops_partials_edge<double, Eigen::Matrix<stan::math::var_value<double, void>, -1, -1, 0, -1, -1>, void>&>(stan::math::internal::ops_partials_edge<double, Eigen::Matrix<stan::math::var_value<double, void>, -1, -1, 0, -1, -1>, void>&)::{lambda()#1}>::chain()
calls=577 0 
0 577000
cfn=(3870) stan::math::internal::callback_vari<double, stan::math::sum<stan::math::arena_allocator<stan::math::var_value<double, void> > >(std::vector<stan::math::var_value<double, void>, stan::math::arena_allocator<stan::math::var_value<double, void> > > const&)::{lambda(auto:1&)#1}>::chain()
calls=577 0 
0 25388
0 41544
cob=(2)
cfi=(152)
cfn=(632)
calls=577 3137 
0 19041
0 577
0 577
cfn=(3896) stan::math::recover_memory_nested()
calls=577 0 
0 168374
0 1154
cob=(2)
cfi=(152)
cfn=(632)
calls=577 3137 
0 21806
0 577
0 9809
cfn=(3780) stan::model::model_base_crtp<gp_regr_model_namespace::gp_regr_model>::log_prob_propto_jacobian(Eigen::Matrix<stan::math::var_value<double, void>, -1, 1, 0, -1, 1>&, std::ostream*) const
calls=577 0 
0 26115647
0 599
cob=(7)
cfi=(232)
cfn=(918)
calls=1 43 
0 162
0 1
0 39
cob=(7)
cfi=(232)
cfn=(918)
calls=1 43 
0 162
0 1
0 39
cob=(7)
cfi=(232)
cfn=(918)
calls=1 43 
0 162
0 1
0 23
cfn=(3504)
calls=1 0 
0 210
0 1
0 8
cfn=(3776) void std::vector<char*, std::allocator<char*> >::_M_realloc_append<char* const&>(char* const&)
calls=1 0 
0 265
0 1
0 7
cfn=(3776)
calls=1 0 
0 297
0 1
0 1732
cob=(2)
cfi=(152)
cfn=(812)
calls=577 3101 
0 37795
0 577
0 38082
cfn=(3778) stan::math::vari_base*& std::vector<stan::math::vari_base*, std::allocator<stan::math::vari_base*> >::emplace_back<stan::math::vari_base*>(stan::math::vari_base*&&) [clone .isra.0]
calls=1731 0 
0 16359
0 8078

fn=(3782) stan::scalar_type<Eigen::Matrix<stan::math::var_value<double, void>, -1, 1, 0, -1, 1>, void>::type gp_regr_model_namespace::gp_regr_model::log_prob_impl<true, true, Eigen::Matrix<stan::math::var_value<double, void>, -1, 1, 0, -1, 1>, Eigen::Matrix<int, -1, 1, 0, -1, 1>, (void*)0, (void*)0, (void*)0>(Eigen::Matrix<stan::math::var_value<double, void>, -1, 1, 0, -1, 1>&, Eigen::Matrix<int, -1, 1, 0, -1, 1>&, std::ostream*) const [clone .isra.0]
0 9232
cfn=(3784) stan::math::var_value<double, void>::var_value<double, (void*)0>(double)
calls=577 0 
0 17310
0 2885
cfn=(3786) stan::math::stack_alloc::alloc(unsigned long)
calls=577 0 
0 11540
0 6347
cfn=(3784)
calls=577 0 
0 17473
0 7501
cfn=(3786)
calls=577 0 
0 11540
0 2885
cob=(6)
cfi=(423) /usr/src/debug/glibc/glibc/math/../sysdeps/ieee754/dbl-64/e_exp.c
cfn=(3790) exp@@GLIBC_2.29
calls=577 98 
0 20772
0 577
0 8078
cfn=(3778)
calls=577 0 
0 5350
0 12117
cfn=(3786)
calls=577 0 
0 11540
0 2885
cob=(6)
cfi=(423)
cfn=(3790)
calls=577 98 
0 20772
0 577
0 8078
cfn=(3778)
calls=577 0 
0 5193
0 12117
cfn=(3786)
calls=577 0 
0 11540
0 2885
cob=(6)
cfi=(423)
cfn=(3790)
calls=577 98 
0 20772
0 577
0 6924
cfn=(3778)
calls=577 0 
0 5193
0 13271
cfn=(3794)
calls=577 0 
0 154827
0 9809
cfn=(3796) Eigen::PlainObjectBase<Eigen::Matrix<stan::math::var_value<double, void>, -1, -1, 0, -1, -1> >::PlainObjectBase<Eigen::DiagonalWrapper<Eigen::CwiseNullaryOp<Eigen::internal::scalar_constant_op<stan::math::var_value<double, void> >, Eigen::Matrix<stan::math::var_value<double, void>, -1, 1, 0, -1, 1> > const> >(Eigen::EigenBase<Eigen::DiagonalWrapper<Eigen::CwiseNullaryOp<Eigen::internal::scalar_constant_op<stan::math::var_value<double, void> >, Eigen::Matrix<stan::math::var_value<double, void>, -1, 1, 0, -1, 1> > const> > const&)
calls=577 0 
0 225886
0 2885
cfn=(3798) Eigen::Matrix<stan::math::var_value<double, void>, -1, -1, 0, -1, -1> stan::math::gp_exp_quad_cov<double, stan::math::var_value<double, void>, (void*)0, (void*)0>(std::vector<double, std::allocator<double> > const&, stan::math::var_value<double, void>, stan::math::var_value<double, void>)
calls=577 0 
0 4417463
0 2308
cfn=(3802) auto stan::math::add<Eigen::Matrix<stan::math::var_value<double, void>, -1, -1, 0, -1, -1>, Eigen::Matrix<stan::math::var_value<double, void>, -1, -1, 0, -1, -1>, (void*)0>(Eigen::Matrix<stan::math::var_value<double, void>, -1, -1, 0, -1, -1>&&, Eigen::Matrix<stan::math::var_value<double, void>, -1, -1, 0, -1, -1>&&)
calls=577 0 
0 2781318
0 2308
cfn=(3806) void stan::model::internal::assign_impl<Eigen::Matrix<stan::math::var_value<double, void>, -1, -1, 0, -1, -1>&, stan::math::arena_matrix<Eigen::Matrix<stan::math::var_value<double, void>, -1, -1, 0, -1, -1>, void>, (void*)0>(Eigen::Matrix<stan::math::var_value<double, void>, -1, -1, 0, -1, -1>&, stan::math::arena_matrix<Eigen::Matrix<stan::math::var_value<double, void>, -1, -1, 0, -1, -1>, void>&&, char const*)
calls=577 0 
0 688361
0 1154
cob=(2)
cfi=(152)
cfn=(632)
calls=577 3137 
0 2308
0 577
0 1154
cob=(2)
cfi=(152)
cfn=(632)
calls=577 3137 
0 2308
0 577
0 10963
cfn=(3808) auto stan::math::cholesky_decompose<Eigen::Matrix<stan::math::var_value<double, void>, -1, -1, 0, -1, -1>, (void*)0>(Eigen::Matrix<stan::math::var_value<double, void>, -1, -1, 0, -1, -1> const&)
calls=577 0 
0 6432951
0 2308
cfn=(3816) void stan::model::internal::assign_impl<Eigen::Matrix<stan::math::var_value<double, void>, -1, -1, 0, -1, -1>&, Eigen::Matrix<stan::math::var_value<double, void>, -1, -1, 0, -1, -1>, (void*)0>(Eigen::Matrix<stan::math::var_value<double, void>, -1, -1, 0, -1, -1>&, Eigen::Matrix<stan::math::var_value<double, void>, -1, -1, 0, -1, -1>&&, char const*)
calls=577 0 
0 379666
0 1154
cob=(2)
cfi=(152)
cfn=(632)
calls=577 3137 
0 19041
0 577
0 2308
cfn=(3818) stan::return_type<stan::math::var_value<double, void>, double, double>::type stan::math::gamma_lpdf<true, stan::math::var_value<double, void>, double, double, (void*)0>(stan::math::var_value<double, void> const&, double const&, double const&) [clone .isra.0]
calls=577 0 
0 165017
0 2885
cfn=(3824) void stan::math::accumulator<stan::math::var_value<double, void>, void>::add<stan::math::var_value<double, void>, void>(stan::math::var_value<double, void>)
calls=577 0 
0 8655
0 2308
cfn=(3826) stan::return_type<stan::math::var_value<double, void>&, double, double>::type stan::math::normal_lpdf<true, stan::math::var_value<double, void>&, double, double, (void*)0>(stan::math::var_value<double, void>&, double&&, double&&) [clone .isra.0]
calls=577 0 
0 103860
0 1731
cfn=(3824)
calls=577 0 
0 8655
0 2885
cfn=(3826)
calls=577 0 
0 104026
0 1731
cfn=(3824)
calls=577 0 
0 8655
0 9232
cfn=(3828) stan::return_type<Eigen::Map<Eigen::Matrix<double, -1, 1, 0, -1, 1>, 0, Eigen::Stride<0, 0> >, Eigen::CwiseNullaryOp<Eigen::internal::scalar_constant_op<double>, Eigen::Matrix<double, -1, 1, 0, -1, 1> >, Eigen::Matrix<stan::math::var_value<double, void>, -1, -1, 0, -1, -1> >::type stan::math::multi_normal_cholesky_lpdf<true, Eigen::Map<Eigen::Matrix<double, -1, 1, 0, -1, 1>, 0, Eigen::Stride<0, 0> >, Eigen::CwiseNullaryOp<Eigen::internal::scalar_constant_op<double>, Eigen::Matrix<double, -1, 1, 0, -1, 1> >, Eigen::Matrix<stan::math::var_value<double, void>, -1, -1, 0, -1, -1>, (void*)0, (void*)0>(Eigen::Map<Eigen::Matrix<double, -1, 1, 0, -1, 1>, 0, Eigen::Stride<0, 0> > const&, Eigen::CwiseNullaryOp<Eigen::internal::scalar_constant_op<double>, Eigen::Matrix<double, -1, 1, 0, -1, 1> > const&, Eigen::Matrix<stan::math::var_value<double, void>, -1, -1, 0, -1, -1> const&)
calls=577 0 
0 9903065
0 1731
cfn=(3824)
calls=577 0 
0 8655
0 1154
cob=(2)
cfi=(152)
cfn=(632)
calls=577 3137 
0 19041
0 577
0 1154
cob=(2)
cfi=(152)
cfn=(632)
calls=577 3137 
0 19041
0 577
0 2308
cfn=(3824)
calls=577 0 
0 8655
0 1154
cfn=(3868) stan::math::var_value<double, void> stan::math::sum<stan::math::arena_allocator<stan::math::var_value<double, void> > >(std::vector<stan::math::var_value<double, void>, stan::math::arena_allocator<stan::math::var_value<double, void> > > const&)
calls=577 0 
0 90012
0 11540
cfn=(3546)
calls=577 0 
0 25706
0 103283
cfn=(3786)
calls=577 0 
0 11540
0 7501
cfn=(3778)
calls=577 0 
0 5348
0 8078
cfn=(3786)
calls=577 0 
0 11540
0 7501
cfn=(3778)
calls=577 0 
0 5349
0 7501
cfn=(3786)
calls=577 0 
0 11540
0 7501
cfn=(3778)
calls=577 0 
0 5273
0 4039

fn=(3808)
0 18464
cfn=(3786)
calls=577 0 
0 11540
0 12117
cfn=(3786)
calls=577 0 
0 11540
0 361779
cfn=(3786)
calls=577 0 
0 11540
0 5193
cfn=(3786)
calls=577 0 
0 11540
0 946857
cfn=(3810)
calls=577 0 
0 2078354
0 439664
cob=(2)
cfi=(158)
cfn=(936)
calls=5770 0 
0 76741
0 5770
0 35774
cfn=(3786)
calls=577 0 
0 11540
0 8078
cfn=(3778)
calls=577 0 
0 5193
0 4616
cfn=(3786)
calls=577 0 
0 11540
0 1019559
cfn=(3778)
calls=38082 0 
0 343386
0 360625
cfn=(3786)
calls=577 0 
0 11540
0 9809
cfn=(3778)
calls=577 0 
0 5349
0 13848
cfn=(3800) Eigen::PlainObjectBase<Eigen::Matrix<stan::math::var_value<double, void>, -1, -1, 0, -1, -1> >::resize(long, long)
calls=577 0 
0 53422
0 547573

fn=(3816)
0 29427
cob=(7)
cfi=(246)
cfn=(3496)
calls=577 476 
0 107899
0 577
0 17310
cob=(7)
cfi=(247)
cfn=(1034)
calls=577 32 
0 21349
0 577
0 5770
cfn=(3076)
calls=577 0 
0 40967
0 4616
cob=(7)
cfi=(246)
cfn=(3496)
calls=577 476 
0 107899
0 577
0 16156
cob=(7)
cfi=(247)
cfn=(1034)
calls=577 32 
0 21349
0 577
0 4616

fn=(3840) Eigen::internal::queryCacheSizes_intel(int&, int&, int&, int)
0 154

fn=(3842) Eigen::internal::triangular_solve_matrix<double, long, 1, 1, false, 0, 0, 1>::run(long, long, double const*, long, double*, long, long, Eigen::internal::level3_blocking<double, double>&)
0 1515202
cfn=(3844) Eigen::internal::gemm_pack_rhs<double, long, Eigen::internal::blas_data_mapper<double, long, 0, 0, 1>, 4, 0, false, true>::operator()(double*, Eigen::internal::blas_data_mapper<double, long, 0, 0, 1> const&, long, long, long, long) [clone .isra.0]
calls=1731 0 
0 717211
0 25388
cfn=(3846) Eigen::internal::gemm_pack_lhs<double, long, Eigen::internal::const_blas_data_mapper<double, long, 0>, 4, 2, double __vector(2), 0, false, false>::operator()(double*, Eigen::internal::const_blas_data_mapper<double, long, 0> const&, long, long, long, long) [clone .constprop.0]
calls=1154 0 
0 195603
0 23080
cfn=(3848) Eigen::internal::gebp_kernel<double, double, long, Eigen::internal::blas_data_mapper<double, long, 0, 0, 1>, 4, 4, false, false>::operator()(Eigen::internal::blas_data_mapper<double, long, 0, 0, 1> const&, double const*, double const*, long, long, long, double, long, long, long, long) [clone .constprop.0]
calls=1154 0 
0 1673300
0 180024

fn=(3844)
0 717211

fn=(3846)
0 195603

fn=(3848)
0 548727
cfn=(3850) Eigen::internal::lhs_process_one_packet<4, 2l, 1l, double, double, double, double __vector(2), double __vector(2), double __vector(2), double __vector(2), Eigen::internal::gebp_traits<double, double, false, false, 1, 0>, Eigen::internal::BlasLinearMapper<double, long, 0, 1>, Eigen::internal::blas_data_mapper<double, long, 0, 0, 1> >::operator()(Eigen::internal::blas_data_mapper<double, long, 0, 0, 1> const&, double const*, double const*, double, long, long, long, long, long, long, int, long, long, long, long, long) [clone .constprop.0] [clone .isra.0]
calls=577 0 
0 317350
0 10963
cfn=(3850)
calls=577 0 
0 317350
0 478910

fn=(3862) Eigen::internal::triangular_matrix_vector_product<long, 2, double, false, double, false, 1, 0>::run(long, long, double const*, long, double const*, long, double*, long, double const&) [clone .constprop.0]
0 282153
cfn=(3864) Eigen::internal::general_matrix_vector_product<long, double, Eigen::internal::const_blas_data_mapper<double, long, 1>, 1, false, double, Eigen::internal::const_blas_data_mapper<double, long, 1>, false, 1>::run(long, long, Eigen::internal::const_blas_data_mapper<double, long, 1> const&, Eigen::internal::const_blas_data_mapper<double, long, 1> const&, double*, long, double) [clone .constprop.0]
calls=577 0 
0 95205
0 32889

fn=(3870)
0 25388

fn=(4172) bs_model_destruct
0 8
cob=(2)
cfi=(152)
cfn=(632)
calls=1 3137 
0 112
0 1
0 4
cob=(2)
cfi=(152)
cfn=(632)
calls=1 3137 
0 112
0 1
0 4
cob=(2)
cfi=(152)
cfn=(632)
calls=1 3137 
0 112
0 1
0 4
cob=(2)
cfi=(152)
cfn=(632)
calls=1 3137 
0 112
0 1
0 4
cob=(2)
cfi=(152)
cfn=(632)
calls=1 3137 
0 112
0 1
0 4
cob=(2)
cfi=(152)
cfn=(632)
calls=1 3137 
0 33
0 1
0 4
cob=(2)
cfi=(152)
cfn=(632)
calls=1 3137 
0 112
0 1
0 5
cfn=(4174) gp_regr_model_namespace::gp_regr_model::~gp_regr_model()
calls=1 0 
0 127
0 4
cob=(7)
cfi=(247)
cfn=(1034)
calls=1 32 
0 37
0 1

fn=(4708)
0 9
cob=(2)
cfi=(441)
cfn=(4674)
calls=1 45 
0 94
0 1
cfn=(4716) 0x000000000001b440
calls=1 0 
0 5
0 3

fn=(3346) boost::re_detail_500::basic_regex_creator<char, boost::regex_traits<char, boost::cpp_regex_traits<char> > >::append_state(boost::re_detail_500::syntax_element_type, unsigned long)
0 90

fn=(2948) stan::math::AutodiffStackSingleton<stan::math::vari_base, stan::math::chainable_alloc>::AutodiffStackStorage::AutodiffStackStorage()
0 13
cob=(2)
cfi=(152)
cfn=(812)
calls=1 3101 
0 206
0 1
0 6
cob=(7)
cfi=(232)
cfn=(918)
calls=1 43 
0 38
0 1
0 10
cob=(7)
cfi=(232)
cfn=(918)
calls=1 43 
0 38
0 1
0 30

fn=(3226) void rapidjson::GenericReader<rapidjson::UTF8<char>, rapidjson::UTF8<char>, rapidjson::CrtAllocator>::ParseValue<274u, rapidjson::BasicIStreamWrapper<std::istream>, stan::json::RapidJSONHandler<stan::json::json_data_handler> >(rapidjson::BasicIStreamWrapper<std::istream>&, stan::json::RapidJSONHandler<stan::json::json_data_handler>&)
0 22
cfn=(3228)
calls=1 0 
0 6
0 7
cob=(7)
cfi=(246)
cfn=(1480)
calls=1 574 
0 40
0 1
0 3
cfn=(3232) stan::json::json_data_handler::start_object()
calls=1 0 
0 28
0 2
cfn=(3224) void rapidjson::SkipWhitespace<rapidjson::BasicIStreamWrapper<std::istream> >(rapidjson::BasicIStreamWrapper<std::istream>&)
calls=1 0 
0 217
0 9
cfn=(3228)
calls=1 0 
0 330
0 8
cfn=(3482) stan::json::json_data_handler::end_object()
calls=1 0 
0 3294
0 6
cfn=(3228)
calls=3 0 
0 191
0 6
cfn=(3224)
calls=3 0 
0 480
0 49
cfn=(3234) void rapidjson::GenericReader<rapidjson::UTF8<char>, rapidjson::UTF8<char>, rapidjson::CrtAllocator>::ParseString<274u, rapidjson::BasicIStreamWrapper<std::istream>, stan::json::RapidJSONHandler<stan::json::json_data_handler> >(rapidjson::BasicIStreamWrapper<std::istream>&, stan::json::RapidJSONHandler<stan::json::json_data_handler>&, bool)
calls=4 0 
0 38372
0 20
cfn=(3224)
calls=4 0 
0 64
0 32
cfn=(3228)
calls=4 0 
0 543
0 8
cfn=(3224)
calls=4 0 
0 275
0 28
cfn=(3227) void rapidjson::GenericReader<rapidjson::UTF8<char>, rapidjson::UTF8<char>, rapidjson::CrtAllocator>::ParseValue<274u, rapidjson::BasicIStreamWrapper<std::istream>, stan::json::RapidJSONHandler<stan::json::json_data_handler> >(rapidjson::BasicIStreamWrapper<std::istream>&, stan::json::RapidJSONHandler<stan::json::json_data_handler>&)'2
calls=4 0 
0 37389
0 20
cfn=(3224)
calls=4 0 
0 74
0 30

fn=(3227)
0 338
cfn=(3228)
calls=3 0 
0 18
0 21
cob=(7)
cfi=(246)
cfn=(1480)
calls=3 574 
0 120
0 3
0 9
cfn=(3442) stan::json::json_data_handler::start_array()
calls=3 0 
0 4822
0 6
cfn=(3224)
calls=3 0 
0 48
0 165
cfn=(3227)
calls=33 0 
0 23834
0 165
cfn=(3224)
calls=33 0 
0 528
0 291
cfn=(3228)
calls=30 0 
0 1045
0 60
cfn=(3224)
calls=30 0 
0 1806
0 124
cfn=(3416)
calls=34 0 
0 23992
0 12
cfn=(3228)
calls=3 0 
0 364
0 9
cfn=(3460) stan::json::json_data_handler::end_array()
calls=3 0 
0 3434
0 9

fn=(3370) boost::re_detail_500::basic_regex_creator<char, boost::regex_traits<char, boost::cpp_regex_traits<char> > >::create_startmaps(boost::re_detail_500::re_syntax_base*)
0 111
cfn=(3372) boost::re_detail_500::basic_regex_creator<char, boost::regex_traits<char, boost::cpp_regex_traits<char> > >::create_startmap(boost::re_detail_500::re_syntax_base*, unsigned char*, unsigned int*, unsigned char)
calls=1 0 
0 1662
0 9
cfn=(3372)
calls=1 0 
0 123
0 30
cob=(7)
cfi=(247)
cfn=(1034)
calls=1 32 
0 37
0 1
0 19
cob=(7)
cfi=(232)
cfn=(918)
calls=1 43 
0 42
0 1
0 18

fn=(3382) std::vector<boost::sub_match<__gnu_cxx::__normal_iterator<char const*, std::__cxx11::basic_string<char, std::char_traits<char>, std::allocator<char> > > >, std::allocator<boost::sub_match<__gnu_cxx::__normal_iterator<char const*, std::__cxx11::basic_string<char, std::char_traits<char>, std::allocator<char> > > > > >::_M_fill_append(unsigned long, boost::sub_match<__gnu_cxx::__normal_iterator<char const*, std::__cxx11::basic_string<char, std::char_traits<char>, std::allocator<char> > > > const&)
0 168
cob=(7)
cfi=(232)
cfn=(918)
calls=4 43 
0 430
0 4
0 156

fn=(3424)
0 631
cob=(2)
cfi=(158)
cfn=(690)
calls=33 0 
0 330
0 33
0 400
cob=(2)
cfi=(158)
cfn=(690)
calls=13 0 
0 130
0 13
0 282

fn=(3432) std::map<std::__cxx11::basic_string<char, std::char_traits<char>, std::allocator<char> >, std::pair<std::vector<int, std::allocator<int> >, std::vector<unsigned long, std::allocator<unsigned long> > >, std::less<std::__cxx11::basic_string<char, std::char_traits<char>, std::allocator<char> > >, std::allocator<std::pair<std::__cxx11::basic_string<char, std::char_traits<char>, std::allocator<char> > const, std::pair<std::vector<int, std::allocator<int> >, std::vector<unsigned long, std::allocator<unsigned long> > > > > >::operator[](std::__cxx11::basic_string<char, std::char_traits<char>, std::allocator<char> > const&)
0 82
cob=(2)
cfi=(158)
cfn=(690)
calls=3 0 
0 30
0 3
0 31
cob=(2)
cfi=(158)
cfn=(690)
calls=1 0 
0 10
0 1
0 43
cfn=(3434)
calls=1 0 
0 235
0 12
cfn=(3434)
calls=2 0 
0 656
0 6

fn=(3446) std::map<std::__cxx11::basic_string<char, std::char_traits<char>, std::allocator<char> >, stan::json::array_dims, std::less<std::__cxx11::basic_string<char, std::char_traits<char>, std::allocator<char> > >, std::allocator<std::pair<std::__cxx11::basic_string<char, std::char_traits<char>, std::allocator<char> > const, stan::json::array_dims> > >::operator[](std::__cxx11::basic_string<char, std::char_traits<char>, std::allocator<char> > const&)
0 427
cob=(2)
cfi=(158)
cfn=(690)
calls=17 0 
0 170
0 17
0 246
cob=(2)
cfi=(158)
cfn=(690)
calls=10 0 
0 100
0 10
0 250
cfn=(3448)
calls=1 0 
0 236
0 12
cfn=(3448)
calls=2 0 
0 515
0 6

fn=(3456)
0 81
cob=(7)
cfi=(232)
cfn=(918)
calls=3 43 
0 122
0 3
0 27
cob=(2)
cfi=(158)
cfn=(908)
calls=3 0 
0 39
0 3
0 21
cob=(7)
cfi=(247)
cfn=(1034)
calls=3 32 
0 111
0 3
0 36

fn=(3460)
0 69
cfn=(3244)
calls=3 0 
0 231
0 21
cfn=(3428) std::_Rb_tree<std::__cxx11::basic_string<char, std::char_traits<char>, std::allocator<char> >, std::pair<std::__cxx11::basic_string<char, std::char_traits<char>, std::allocator<char> > const, stan::json::array_dims>, std::_Select1st<std::pair<std::__cxx11::basic_string<char, std::char_traits<char>, std::allocator<char> > const, stan::json::array_dims> >, std::less<std::__cxx11::basic_string<char, std::char_traits<char>, std::allocator<char> > >, std::allocator<std::pair<std::__cxx11::basic_string<char, std::char_traits<char>, std::allocator<char> > const, stan::json::array_dims> > >::find(std::__cxx11::basic_string<char, std::char_traits<char>, std::allocator<char> > const&) const [clone .isra.0]
calls=3 0 
0 325
0 30
cfn=(3244)
calls=3 0 
0 231
0 9
cfn=(3446)
calls=3 0 
0 349
0 30
cob=(7)
cfi=(232)
cfn=(918)
calls=3 43 
0 114
0 3
0 24
cob=(2)
cfi=(158)
cfn=(908)
calls=3 0 
0 39
0 3
0 24
cob=(7)
cfi=(232)
cfn=(918)
calls=3 43 
0 114
0 3
0 24
cob=(2)
cfi=(158)
cfn=(908)
calls=3 0 
0 39
0 3
0 124
cob=(2)
cfi=(158)
cfn=(690)
calls=7 0 
0 70
0 7
0 76
cfn=(3440)
calls=3 0 
0 105
0 27
cfn=(3406)
calls=3 0 
0 385
0 54
cfn=(3446)
calls=3 0 
0 349
0 12
cfn=(3438)
calls=3 0 
0 99
0 9
cfn=(3438)
calls=3 0 
0 99
0 21
cob=(7)
cfi=(247)
cfn=(1034)
calls=3 32 
0 111
0 3
0 18
cob=(7)
cfi=(247)
cfn=(1034)
calls=3 32 
0 111
0 3
0 66

fn=(3512) std::_Rb_tree<std::__cxx11::basic_string<char, std::char_traits<char>, std::allocator<char> >, std::pair<std::__cxx11::basic_string<char, std::char_traits<char>, std::allocator<char> > const, int>, std::_Select1st<std::pair<std::__cxx11::basic_string<char, std::char_traits<char>, std::allocator<char> > const, int> >, std::less<std::__cxx11::basic_string<char, std::char_traits<char>, std::allocator<char> > >, std::allocator<std::pair<std::__cxx11::basic_string<char, std::char_traits<char>, std::allocator<char> > const, int> > >::_M_erase(std::_Rb_tree_node<std::pair<std::__cxx11::basic_string<char, std::char_traits<char>, std::allocator<char> > const, int> >*) [clone .isra.0]
0 76
cob=(7)
cfi=(247)
cfn=(1034)
calls=4 32 
0 148
0 4
0 20

fn=(3582)
0 14
cob=(7)
cfi=(246)
cfn=(1266)
calls=1 143 
0 54
0 1
0 18
cob=(7)
cfi=(246)
cfn=(1266)
calls=1 143 
0 54
0 1
0 16
cob=(7)
cfi=(232)
cfn=(918)
calls=1 43 
0 42
0 1
0 16
cob=(2)
cfi=(158)
cfn=(908)
calls=1 0 
0 11
0 1
0 11
cob=(2)
cfi=(158)
cfn=(908)
calls=1 0 
0 11
0 1
0 20
cob=(7)
cfi=(247)
cfn=(1034)
calls=2 32 
0 74
0 2
0 21
cob=(7)
cfi=(246)
cfn=(1266)
calls=1 143 
0 54
0 1
0 17
cob=(7)
cfi=(246)
cfn=(1266)
calls=1 143 
0 54
0 1
0 11

fn=(3834) void Eigen::TriangularViewImpl<Eigen::CwiseUnaryOp<stan::math::value_of<Eigen::Matrix<stan::math::var_value<double, void>, -1, -1, 0, -1, -1> const&, (void*)0, (void*)0>(Eigen::Matrix<stan::math::var_value<double, void>, -1, -1, 0, -1, -1> const&)::{lambda(auto:1&&)#1}::operator()<Eigen::Matrix<stan::math::var_value<double, void>, -1, -1, 0, -1, -1> const&>(Eigen::Matrix<stan::math::var_value<double, void>, -1, -1, 0, -1, -1> const&) const::{lambda(auto:1&&)#1}, Eigen::Matrix<stan::math::var_value<double, void>, -1, -1, 0, -1, -1> const> const, 1u, Eigen::Dense>::solveInPlace<1, Eigen::Matrix<double, -1, -1, 0, -1, -1> >(Eigen::MatrixBase<Eigen::Matrix<double, -1, -1, 0, -1, -1> > const&) const
0 17887
cfn=(3832)
calls=577 0 
0 53526
0 507760
cfn=(3836)
calls=577 0 
0 21588
0 10386
cfn=(3842)
calls=577 0 
0 4329808
0 2308
cob=(2)
cfi=(152)
cfn=(632)
calls=577 3137 
0 2308
0 577
0 1154
cob=(2)
cfi=(152)
cfn=(632)
calls=577 3137 
0 2308
0 577
0 6347
cob=(2)
cfi=(152)
cfn=(632)
calls=577 3137 
0 19041
0 577

fn=(3858) void Eigen::internal::call_dense_assignment_loop<Eigen::Matrix<double, -1, 1, 0, -1, 1>, Eigen::Transpose<Eigen::Product<Eigen::Matrix<double, 1, -1, 1, 1, -1>, Eigen::TriangularView<Eigen::Matrix<double, -1, -1, 0, -1, -1>, 1u>, 0> const>, Eigen::internal::assign_op<double, double> >(Eigen::Matrix<double, -1, 1, 0, -1, 1>&, Eigen::Transpose<Eigen::Product<Eigen::Matrix<double, 1, -1, 1, 1, -1>, Eigen::TriangularView<Eigen::Matrix<double, -1, -1, 0, -1, -1>, 1u>, 0> const> const&, Eigen::internal::assign_op<double, double> const&)
0 13271
cfn=(3860) void Eigen::internal::trmv_selector<2, 1>::run<Eigen::Transpose<Eigen::Matrix<double, -1, -1, 0, -1, -1> const>, Eigen::Transpose<Eigen::Matrix<double, 1, -1, 1, 1, -1> const>, Eigen::Transpose<Eigen::Matrix<double, 1, -1, 1, 1, -1> > >(Eigen::Transpose<Eigen::Matrix<double, -1, -1, 0, -1, -1> const> const&, Eigen::Transpose<Eigen::Matrix<double, 1, -1, 1, 1, -1> const> const&, Eigen::Transpose<Eigen::Matrix<double, 1, -1, 1, 1, -1> >&, Eigen::Transpose<Eigen::Matrix<double, 1, -1, 1, 1, -1> >::Scalar const&) [clone .isra.0]
calls=577 0 
0 435058
0 27696
cob=(2)
cfi=(152)
cfn=(632)
calls=577 3137 
0 19041
0 577
0 10963
cob=(2)
cfi=(152)
cfn=(632)
calls=577 3137 
0 2308
0 577
0 5193
cfn=(3546)
calls=577 0 
0 25388
0 4616
cob=(2)
cfi=(158)
cfn=(936)
calls=577 0 
0 10963
0 577
0 4616
cfn=(3546)
calls=577 0 
0 25388
0 4616

fn=(3890) stan::math::gp_exp_quad_cov<double, stan::math::var_value<double, void>, (void*)0, (void*)0>(std::vector<double, std::allocator<double> > const&, stan::math::var_value<double, void>, stan::math::var_value<double, void>)::{lambda()#1}::operator()() const
0 396976

fn=(4190) std::_Sp_counted_ptr<boost::regex_traits_wrapper<boost::regex_traits<char, boost::cpp_regex_traits<char> > >*, (__gnu_cxx::_Lock_policy)2>::_M_destroy()
0 2
cob=(7)
cfi=(247)
cfn=(1034)
calls=1 32 
0 143
0 1

fn=(4716)
0 5

fn=(3340) void std::vector<boost::re_detail_500::digraph<char>, std::allocator<boost::re_detail_500::digraph<char> > >::_M_realloc_append<boost::re_detail_500::digraph<char> const&>(boost::re_detail_500::digraph<char> const&)
0 196
cob=(7)
cfi=(232)
cfn=(918)
calls=7 43 
0 270
0 7
0 181
cob=(7)
cfi=(247)
cfn=(1034)
calls=5 32 
0 185
0 5
0 106

fn=(2924) stan::math::ad_tape_observer::on_scheduler_entry(bool)
0 18
cob=(2)
cfi=(304)
cfn=(1662)
calls=2 71 
0 58
0 2
0 8
cob=(2)
cfi=(326)
cfn=(1798)
calls=2 23 
0 6
0 2
0 18
cob=(2)
cfi=(305)
cfn=(1676)
calls=2 357 
0 38
0 2
0 30
cob=(7)
cfi=(384)
cfn=(2932)
calls=2 139 
0 74
0 2
0 30
cob=(7)
cfi=(232)
cfn=(918)
calls=2 43 
0 76
0 2
0 38
cob=(7)
cfi=(384)
cfn=(2932)
calls=2 139 
0 74
0 2
0 12
cob=(7)
cfi=(232)
cfn=(918)
calls=2 43 
0 84
0 2
0 26
cfn=(2936) std::_Hashtable<std::thread::id, std::pair<std::thread::id const, std::unique_ptr<stan::math::AutodiffStackSingleton<stan::math::vari_base, stan::math::chainable_alloc>, std::default_delete<stan::math::AutodiffStackSingleton<stan::math::vari_base, stan::math::chainable_alloc> > > >, std::allocator<std::pair<std::thread::id const, std::unique_ptr<stan::math::AutodiffStackSingleton<stan::math::vari_base, stan::math::chainable_alloc>, std::default_delete<stan::math::AutodiffStackSingleton<stan::math::vari_base, stan::math::chainable_alloc> > > > >, std::__detail::_Select1st, std::equal_to<std::thread::id>, std::hash<std::thread::id>, std::__detail::_Mod_range_hashing, std::__detail::_Default_ranged_hash, std::__detail::_Prime_rehash_policy, std::__detail::_Hashtable_traits<false, false, true> >::_M_insert_unique_node(unsigned long, unsigned long, std::__detail::_Hash_node<std::pair<std::thread::id const, std::unique_ptr<stan::math::AutodiffStackSingleton<stan::math::vari_base, stan::math::chainable_alloc>, std::default_delete<stan::math::AutodiffStackSingleton<stan::math::vari_base, stan::math::chainable_alloc> > > >, false>*, unsigned long)
calls=2 0 
0 384
0 7
cob=(7)
cfi=(232)
cfn=(918)
calls=1 43 
0 205
0 1
0 5
cob=(2)
cfi=(158)
cfn=(936)
calls=1 0 
0 36
0 1
0 2
cfn=(2948)
calls=1 0 
0 344
0 3

fn=(3132) long double boost::math::detail::lgamma_small_imp<long double, boost::math::policies::policy<boost::math::policies::promote_float<false>, boost::math::policies::promote_double<false>, boost::math::policies::default_policy, boost::math::policies::default_policy, boost::math::policies::default_policy, boost::math::policies::default_policy, boost::math::policies::default_policy, boost::math::policies::default_policy, boost::math::policies::default_policy, boost::math::policies::default_policy, boost::math::policies::default_policy, boost::math::policies::default_policy, boost::math::policies::default_policy>, boost::math::lanczos::lanczos17m64>(long double, long double, long double, std::integral_constant<int, 64> const&, boost::math::policies::policy<boost::math::policies::promote_float<false>, boost::math::policies::promote_double<false>, boost::math::policies::default_policy, boost::math::policies::default_policy, boost::math::policies::default_policy, boost::math::policies::default_policy, boost::math::policies::default_policy, boost::math::policies::default_policy, boost::math::policies::default_policy, boost::math::policies::default_policy, boost::math::policies::default_policy, boost::math::policies::default_policy, boost::math::policies::default_policy> const&, boost::math::lanczos::lanczos17m64 const&) [clone .isra.0]
0 261

fn=(3232)
0 28

fn=(3276) boost::re_detail_500::cpp_regex_traits_implementation<char>::transform[abi:cxx11](char const*, char const*) const
0 57
cob=(7)
cfi=(205)
cfn=(3278)
calls=3 288 
0 762
0 54
cob=(7)
cfi=(246)
cfn=(3296)
calls=3 367 
0 42
0 3
0 33
cob=(7)
cfi=(246)
cfn=(3302)
calls=3 513 
0 132
0 3
0 18
cob=(7)
cfi=(246)
cfn=(3302)
calls=3 513 
0 132
0 3
0 117

fn=(3356) boost::re_detail_500::basic_regex_parser<char, boost::regex_traits<char, boost::cpp_regex_traits<char> > >::parse_repeat(unsigned long, unsigned long)
0 39
cfn=(3358) boost::re_detail_500::basic_regex_creator<char, boost::regex_traits<char, boost::cpp_regex_traits<char> > >::insert_state(long, boost::re_detail_500::syntax_element_type, unsigned long)
calls=1 0 
0 109
0 11
cfn=(3326)
calls=1 0 
0 42
0 30

fn=(3358)
0 39
cob=(2)
cfi=(158)
cfn=(908)
calls=1 0 
0 53
0 1
0 16

fn=(3364)
0 15
cfn=(3366) boost::re_detail_500::basic_regex_creator<char, boost::regex_traits<char, boost::cpp_regex_traits<char> > >::append_state(boost::re_detail_500::syntax_element_type, unsigned long) [clone .constprop.1] [clone .isra.0]
calls=1 0 
0 41
0 19
cob=(2)
cfi=(158)
cfn=(908)
calls=1 0 
0 11
0 1
0 8
cfn=(3368) boost::re_detail_500::basic_regex_creator<char, boost::regex_traits<char, boost::cpp_regex_traits<char> > >::fixup_pointers(boost::re_detail_500::re_syntax_base*)
calls=1 0 
0 112
0 7
cfn=(3370)
calls=1 0 
0 2053
0 43
cfn=(3372)
calls=1 0 
0 1666
0 33
cfn=(3376)
calls=1 0 
0 29

fn=(3366)
0 41

fn=(3378)
0 434
cfn=(3384)
calls=4 0 
0 52
0 92
cfn=(3386) boost::re_detail_500::perl_matcher<__gnu_cxx::__normal_iterator<char const*, std::__cxx11::basic_string<char, std::char_traits<char>, std::allocator<char> > >, std::allocator<boost::sub_match<__gnu_cxx::__normal_iterator<char const*, std::__cxx11::basic_string<char, std::char_traits<char>, std::allocator<char> > > > >, boost::regex_traits<char, boost::cpp_regex_traits<char> > >::match_all_states()
calls=4 0 
0 1168
0 150
cob=(7)
cfi=(232)
cfn=(918)
calls=1 43 
0 201
0 1
0 21
cfn=(3380) std::vector<boost::sub_match<__gnu_cxx::__normal_iterator<char const*, std::__cxx11::basic_string<char, std::char_traits<char>, std::allocator<char> > > >, std::allocator<boost::sub_match<__gnu_cxx::__normal_iterator<char const*, std::__cxx11::basic_string<char, std::char_traits<char>, std::allocator<char> > > > > >::_M_fill_insert(__gnu_cxx::__normal_iterator<boost::sub_match<__gnu_cxx::__normal_iterator<char const*, std::__cxx11::basic_string<char, std::char_traits<char>, std::allocator<char> > > >*, std::vector<boost::sub_match<__gnu_cxx::__normal_iterator<char const*, std::__cxx11::basic_string<char, std::char_traits<char>, std::allocator<char> > > >, std::allocator<boost::sub_match<__gnu_cxx::__normal_iterator<char const*, std::__cxx11::basic_string<char, std::char_traits<char>, std::allocator<char> > > > > > >, unsigned long, boost::sub_match<__gnu_cxx::__normal_iterator<char const*, std::__cxx11::basic_string<char, std::char_traits<char>, std::allocator<char> > > > const&)
calls=4 0 
0 810
0 88
cfn=(3400)
calls=4 0 
0 64
0 18
cob=(7)
cfi=(248)
cfn=(1080)
calls=1 273 
0 17
0 1
0 6
cob=(2)
cfi=(209)
cfn=(776)
calls=1 67 
0 66
0 1
0 2
cob=(7)
cfi=(248)
cfn=(1086)
calls=1 443 
0 6
0 1
0 1

fn=(3386)
0 256
cfn=(3394) boost::re_detail_500::perl_matcher<__gnu_cxx::__normal_iterator<char const*, std::__cxx11::basic_string<char, std::char_traits<char>, std::allocator<char> > >, std::allocator<boost::sub_match<__gnu_cxx::__normal_iterator<char const*, std::__cxx11::basic_string<char, std::char_traits<char>, std::allocator<char> > > > >, boost::regex_traits<char, boost::cpp_regex_traits<char> > >::match_match()
calls=4 0 
0 144
cfn=(3392)
calls=4 0 
0 260
cfn=(3390) boost::re_detail_500::perl_matcher<__gnu_cxx::__normal_iterator<char const*, std::__cxx11::basic_string<char, std::char_traits<char>, std::allocator<char> > >, std::allocator<boost::sub_match<__gnu_cxx::__normal_iterator<char const*, std::__cxx11::basic_string<char, std::char_traits<char>, std::allocator<char> > > > >, boost::regex_traits<char, boost::cpp_regex_traits<char> > >::match_set()
calls=4 0 
0 76
cfn=(3388)
calls=4 0 
0 104
0 220
cfn=(3398)
calls=4 0 
0 16
cfn=(3396) boost::re_detail_500::perl_matcher<__gnu_cxx::__normal_iterator<char const*, std::__cxx11::basic_string<char, std::char_traits<char>, std::allocator<char> > >, std::allocator<boost::sub_match<__gnu_cxx::__normal_iterator<char const*, std::__cxx11::basic_string<char, std::char_traits<char>, std::allocator<char> > > > >, boost::regex_traits<char, boost::cpp_regex_traits<char> > >::unwind_short_set_repeat(bool)
calls=4 0 
0 60
0 32

fn=(3426) std::map<std::__cxx11::basic_string<char, std::char_traits<char>, std::allocator<char> >, bool, std::less<std::__cxx11::basic_string<char, std::char_traits<char>, std::allocator<char> > >, std::allocator<std::pair<std::__cxx11::basic_string<char, std::char_traits<char>, std::allocator<char> > const, bool> > >::operator[](std::__cxx11::basic_string<char, std::char_traits<char>, std::allocator<char> > const&)
0 160
cob=(2)
cfi=(158)
cfn=(690)
calls=8 0 
0 80
0 8
0 109
cob=(2)
cfi=(158)
cfn=(690)
calls=4 0 
0 40
0 4
0 76

fn=(3462)
0 176
cfn=(3244)
calls=11 0 
0 847
0 363
cob=(2)
cfi=(158)
cfn=(690)
calls=22 0 
0 220
0 22
0 308
cob=(2)
cfi=(158)
cfn=(690)
calls=11 0 
0 110
0 11
0 312
cfn=(3244)
calls=1 0 
0 77
0 30
cob=(2)
cfi=(158)
cfn=(690)
calls=2 0 
0 20
0 2
0 28
cob=(2)
cfi=(158)
cfn=(690)
calls=1 0 
0 10
0 1
0 41

fn=(3536)
0 19
cob=(2)
cfi=(158)
cfn=(908)
calls=1 0 
0 17440
0 1
0 238604
cob=(2)
cfi=(158)
cfn=(908)
calls=2 0 
0 34848
0 2
0 461298

fn=(3616) bs_rng_construct
0 20
cob=(7)
cfi=(232)
cfn=(918)
calls=2 43 
0 84
0 2
0 36
cfn=(3536)
calls=2 0 
0 496186
0 22

fn=(3772)
0 5770
cob=(2)
cfi=(152)
cfn=(632)
calls=577 3137 
0 2308
0 577
0 6347
cob=(2)
cfi=(152)
cfn=(812)
calls=577 3101 
0 30345
0 577
0 7501

fn=(3776)
0 54
cob=(7)
cfi=(232)
cfn=(918)
calls=2 43 
0 466
0 2
0 40

fn=(3778)
0 1449099
cob=(7)
cfi=(232)
cfn=(918)
calls=12 43 
0 1237
0 12
0 186
cob=(2)
cfi=(158)
cfn=(908)
calls=11 0 
0 557
0 11
0 168
cob=(7)
cfi=(247)
cfn=(1034)
calls=11 32 
0 464
0 11
0 15759
cob=(7)
cfi=(232)
cfn=(918)
calls=3 43 
0 510
0 3
0 42
cob=(2)
cfi=(158)
cfn=(908)
calls=2 0 
0 24
0 2
0 33
cob=(7)
cfi=(247)
cfn=(1034)
calls=2 32 
0 74
0 2
0 27

fn=(3798)
0 89435
cfn=(3800)
calls=577 0 
0 53206
0 13271
cfn=(3786)
calls=577 0 
0 11540
0 2885
cfn=(3786)
calls=577 0 
0 11540
0 2885
cfn=(3786)
calls=577 0 
0 11540
0 125786
cfn=(3778)
calls=6347 0 
0 57279
0 1466734
cob=(6)
cfi=(423)
cfn=(3790)
calls=31735 98 
0 1142460
0 31735
0 317350
cfn=(3778)
calls=31735 0 
0 286442
0 761640
cfn=(3786)
calls=577 0 
0 11540
0 12694
cfn=(3778)
calls=577 0 
0 5193
0 2308

fn=(3866) void Eigen::internal::outer_product_selector_run<Eigen::Matrix<double, -1, -1, 0, -1, -1>, Eigen::Matrix<double, -1, 1, 0, -1, 1>, Eigen::Matrix<double, 1, -1, 1, 1, -1>, Eigen::internal::generic_product_impl<Eigen::Matrix<double, -1, 1, 0, -1, 1>, Eigen::Matrix<double, 1, -1, 1, 1, -1>, Eigen::DenseShape, Eigen::DenseShape, 5>::set>(Eigen::Matrix<double, -1, -1, 0, -1, -1>&, Eigen::Matrix<double, -1, 1, 0, -1, 1> const&, Eigen::Matrix<double, 1, -1, 1, 1, -1> const&, Eigen::internal::generic_product_impl<Eigen::Matrix<double, -1, 1, 0, -1, 1>, Eigen::Matrix<double, 1, -1, 1, 1, -1>, Eigen::DenseShape, Eigen::DenseShape, 5>::set const&, Eigen::internal::false_type const&) [clone .isra.0]
0 544688

fn=(4108) bs_param_names
0 16

fn=(4174)
0 4
cob=(2)
cfi=(152)
cfn=(632)
calls=1 3137 
0 33
0 1
0 6
cob=(7)
cfi=(247)
cfn=(1034)
calls=1 32 
0 37
0 1
0 7
cob=(7)
cfi=(247)
cfn=(1034)
calls=1 32 
0 37
0 1

fn=(3338) boost::re_detail_500::basic_regex_parser<char, boost::regex_traits<char, boost::cpp_regex_traits<char> > >::get_next_set_literal(boost::re_detail_500::basic_char_set<char, boost::regex_traits<char, boost::cpp_regex_traits<char> > >&)
0 330

fn=(3344)
0 30
cfn=(3346)
calls=2 0 
0 90
0 2645
cob=(7)
cfi=(415)
cfn=(3352)
calls=1 84 
0 15
0 1
0 230

fn=(4090) bs_param_constrain
0 600
cfn=(4092) bs_model::param_constrain(bool, bool, double const*, double*, boost::random::mixmax_engine<17, 36u, 0l>&) const
calls=50 0 
0 23350
0 400

fn=(4092)
0 1600
cfn=(4094) stan::model::model_base_crtp<gp_regr_model_namespace::gp_regr_model>::write_array(boost::random::mixmax_engine<17, 36u, 0l>&, Eigen::Matrix<double, -1, 1, 0, -1, 1>&, Eigen::Matrix<double, -1, 1, 0, -1, 1>&, bool, bool, std::ostream*) const
calls=50 0 
0 10950
0 450
cob=(2)
cfi=(152)
cfn=(632)
calls=50 3137 
0 1650
0 50
0 100
cob=(2)
cfi=(152)
cfn=(632)
calls=50 3137 
0 1650
0 50
0 2300
cob=(2)
cfi=(152)
cfn=(812)
calls=50 3101 
0 1500
0 50
0 950
cob=(2)
cfi=(158)
cfn=(908)
calls=50 0 
0 550
0 50
0 500
cob=(2)
cfi=(158)
cfn=(908)
calls=50 0 
0 650
0 50
0 250

fn=(2922)
0 31
cfn=(2924)
calls=1 0 
0 1094
0 5
cob=(9)
cfi=(386)
cfn=(2956)
calls=1 294 
0 20605
0 1
0 4
cob=(2)
cfi=(209)
cfn=(776)
calls=1 67 
0 66
0 1
0 4
cfn=(3076)
calls=1 0 
0 47
0 4
cob=(2)
cfi=(209)
cfn=(776)
calls=1 67 
0 66
0 1
0 4
cfn=(3076)
calls=1 0 
0 47
0 4
cob=(2)
cfi=(209)
cfn=(776)
calls=1 67 
0 66
0 1
0 4
cfn=(3076)
calls=1 0 
0 47
0 4
cob=(2)
cfi=(209)
cfn=(776)
calls=1 67 
0 66
0 1
0 3
cob=(9)
cfi=(388)
cfn=(3082)
calls=1 224 
0 264
0 1
0 9
cob=(2)
cfi=(158)
cfn=(936)
calls=1 0 
0 50
0 1
0 6
cob=(9)
cfi=(388)
cfn=(3082)
calls=1 224 
0 866
0 1
0 12
cob=(2)
cfi=(209)
cfn=(776)
calls=1 67 
0 66
0 1
0 37
cfn=(3108) long double boost::math::detail::igamma_temme_large<long double, boost::math::policies::policy<boost::math::policies::promote_float<false>, boost::math::policies::promote_double<false>, boost::math::policies::default_policy, boost::math::policies::default_policy, boost::math::policies::default_policy, boost::math::policies::default_policy, boost::math::policies::default_policy, boost::math::policies::default_policy, boost::math::policies::default_policy, boost::math::policies::default_policy, boost::math::policies::default_policy, boost::math::policies::default_policy, boost::math::policies::default_policy> >(long double, long double, boost::math::policies::policy<boost::math::policies::promote_float<false>, boost::math::policies::promote_double<false>, boost::math::policies::default_policy, boost::math::policies::default_policy, boost::math::policies::default_policy, boost::math::policies::default_policy, boost::math::policies::default_policy, boost::math::policies::default_policy, boost::math::policies::default_policy, boost::math::policies::default_policy, boost::math::policies::default_policy, boost::math::policies::default_policy, boost::math::policies::default_policy> const&, std::integral_constant<int, 64> const&) [clone .isra.0]
calls=1 0 
0 563
0 26
cfn=(3118) long double boost::math::detail::owens_t_dispatch<long double, boost::math::policies::policy<boost::math::policies::default_policy, boost::math::policies::default_policy, boost::math::policies::default_policy, boost::math::policies::default_policy, boost::math::policies::default_policy, boost::math::policies::default_policy, boost::math::policies::default_policy, boost::math::policies::default_policy, boost::math::policies::default_policy, boost::math::policies::default_policy, boost::math::policies::default_policy, boost::math::policies::default_policy, boost::math::policies::default_policy> >(long double, long double, long double, boost::math::policies::policy<boost::math::policies::default_policy, boost::math::policies::default_policy, boost::math::policies::default_policy, boost::math::policies::default_policy, boost::math::policies::default_policy, boost::math::policies::default_policy, boost::math::policies::default_policy, boost::math::policies::default_policy, boost::math::policies::default_policy, boost::math::policies::default_policy, boost::math::policies::default_policy, boost::math::policies::default_policy, boost::math::policies::default_policy> const&, std::integral_constant<int, 64> const&) [clone .isra.0]
calls=1 0 
0 1190
0 19
cfn=(3118)
calls=1 0 
0 2011
0 11
cfn=(3130) double boost::math::detail::lgamma_imp_final<double, boost::math::policies::policy<boost::math::policies::pole_error<(boost::math::policies::error_policy_type)1>, boost::math::policies::overflow_error<(boost::math::policies::error_policy_type)1>, boost::math::policies::promote_float<false>, boost::math::policies::promote_double<false>, boost::math::policies::default_policy, boost::math::policies::default_policy, boost::math::policies::default_policy, boost::math::policies::default_policy, boost::math::policies::default_policy, boost::math::policies::default_policy, boost::math::policies::default_policy, boost::math::policies::default_policy, boost::math::policies::default_policy>, boost::math::lanczos::lanczos13m53>(double, boost::math::policies::policy<boost::math::policies::pole_error<(boost::math::policies::error_policy_type)1>, boost::math::policies::overflow_error<(boost::math::policies::error_policy_type)1>, boost::math::policies::promote_float<false>, boost::math::policies::promote_double<false>, boost::math::policies::default_policy, boost::math::policies::default_policy, boost::math::policies::default_policy, boost::math::policies::default_policy, boost::math::policies::default_policy, boost::math::policies::default_policy, boost::math::policies::default_policy, boost::math::policies::default_policy, boost::math::policies::default_policy> const&, boost::math::lanczos::lanczos13m53 const&, int*) [clone .isra.0]
calls=1 0 
0 75
0 6
cfn=(3130)
calls=1 0 
0 77
0 6
cfn=(3130)
calls=1 0 
0 77
0 17
cfn=(3132)
calls=1 0 
0 88
0 20
cfn=(3132)
calls=1 0 
0 87
0 20
cfn=(3132)
calls=1 0 
0 86
0 13
cob=(7)
cfi=(248)
cfn=(1080)
calls=1 273 
0 17
0 1
0 12
cob=(7)
cfi=(248)
cfn=(1086)
calls=1 443 
0 6
0 1
0 4

fn=(2936)
0 34
cob=(7)
cfi=(385)
cfn=(2940)
calls=2 103 
0 114
0 2
0 40
cob=(7)
cfi=(232)
cfn=(918)
calls=2 43 
0 84
0 2
0 10
cob=(2)
cfi=(158)
cfn=(936)
calls=2 0 
0 38
0 2
0 58

fn=(3130)
0 229

fn=(3190) void stan::json::rapidjson_parse<stan::json::json_data_handler>(std::istream&, stan::json::json_data_handler&)
0 40
cob=(7)
cfi=(409)
cfn=(3194)
calls=1 709 
0 302
0 1
0 32

ob=(8)
fl=(229)
fn=(996) CLI::detail::split_names(std::__cxx11::basic_string<char, std::char_traits<char>, std::allocator<char> >)
0 2544
cob=(2)
cfi=(158)
cfn=(1002)
calls=106 0 
0 2014
cob=(1)
cfi=(1)
cfn=(892)
calls=1 0 
0 790
0 110
0 8
cob=(2)
cfi=(158)
cfn=(1002)
calls=2 0 
0 38
0 2
0 254
cfn=(912)
calls=2 0 
0 72
0 32
cob=(7)
cfi=(169)
cfn=(604)
calls=2 269 
0 50
cob=(1)
cfi=(1)
cfn=(892)
calls=1 0 
0 692
0 6
0 4
cob=(7)
cfi=(170)
cfn=(642)
calls=2 507 
0 12
cob=(1)
cfi=(1)
cfn=(892)
calls=1 0 
0 743
0 6
0 20
cob=(7)
cfi=(170)
cfn=(746)
calls=2 91 
0 12
cob=(1)
cfi=(1)
cfn=(892)
calls=1 0 
0 724
0 6
0 42
cob=(7)
cfi=(169)
cfn=(604)
calls=2 269 
0 50
0 2
0 4
cob=(7)
cfi=(170)
cfn=(642)
calls=2 507 
0 12
0 2
0 20
cob=(7)
cfi=(170)
cfn=(746)
calls=2 91 
0 12
0 2
0 26
cob=(7)
cfi=(246)
cfn=(1020)
calls=2 413 
0 32
cob=(1)
cfi=(1)
cfn=(892)
calls=1 0 
0 1014
0 6
0 10
cfn=(912)
calls=2 0 
0 72
0 610
cfn=(1024) CLI::detail::trim_copy(std::__cxx11::basic_string<char, std::char_traits<char>, std::allocator<char> > const&) [clone .isra.0]
calls=106 0 
0 41223
0 318
cfn=(1028) std::__cxx11::basic_string<char, std::char_traits<char>, std::allocator<char> >& std::vector<std::__cxx11::basic_string<char, std::char_traits<char>, std::allocator<char> >, std::allocator<std::__cxx11::basic_string<char, std::char_traits<char>, std::allocator<char> > > >::emplace_back<std::__cxx11::basic_string<char, std::char_traits<char>, std::allocator<char> > >(std::__cxx11::basic_string<char, std::char_traits<char>, std::allocator<char> >&&) [clone .isra.0]
calls=106 0 
0 14434
0 212
cob=(7)
cfi=(233)
cfn=(924)
calls=106 295 
0 636
0 106
0 1280
cob=(2)
cfi=(158)
cfn=(908)
calls=2 0 
0 36
0 2
0 18
cob=(2)
cfi=(158)
cfn=(908)
calls=2 0 
0 30
0 2
0 44
cob=(7)
cfi=(232)
cfn=(918)
calls=2 43 
0 217
0 2
0 10
cob=(7)
cfi=(233)
cfn=(942)
calls=2 766 
0 74
0 2
0 368
cob=(2)
cfi=(158)
cfn=(908)
calls=2 0 
0 30
0 2
0 20

fn=(1024)
0 1378
cfn=(912)
calls=106 0 
0 7231
0 1264
cob=(7)
cfi=(169)
cfn=(604)
calls=26 269 
0 650
0 26
0 52
cob=(7)
cfi=(170)
cfn=(642)
calls=26 507 
0 156
0 26
0 260
cob=(7)
cfi=(170)
cfn=(746)
calls=26 91 
0 156
0 26
0 94
cob=(7)
cfi=(169)
cfn=(604)
calls=14 269 
0 350
0 14
0 28
cob=(7)
cfi=(170)
cfn=(642)
calls=14 507 
0 84
0 14
0 140
cob=(7)
cfi=(170)
cfn=(746)
calls=14 91 
0 84
0 14
0 136
cob=(7)
cfi=(169)
cfn=(604)
calls=36 269 
0 900
0 36
0 72
cob=(7)
cfi=(170)
cfn=(642)
calls=36 507 
0 216
0 36
0 360
cob=(7)
cfi=(170)
cfn=(746)
calls=36 91 
0 216
0 36
0 192
cob=(7)
cfi=(169)
cfn=(604)
calls=30 269 
0 750
0 30
0 60
cob=(7)
cfi=(170)
cfn=(642)
calls=30 507 
0 180
0 30
0 300
cob=(7)
cfi=(170)
cfn=(746)
calls=30 91 
0 180
0 30
0 270
cfn=(1026) CLI::detail::ltrim(std::__cxx11::basic_string<char, std::char_traits<char>, std::allocator<char> >&)
calls=30 0 
0 3420
0 456
cfn=(1026)
calls=76 0 
0 8896
0 636
cfn=(912)
calls=106 0 
0 7630
0 510
cob=(7)
cfi=(247)
cfn=(1034)
calls=64 32 
0 2368
0 64
0 1166

fn=(1036) CLI::detail::get_names(std::vector<std::__cxx11::basic_string<char, std::char_traits<char>, std::allocator<char> >, std::allocator<std::__cxx11::basic_string<char, std::char_traits<char>, std::allocator<char> > > > const&, bool)
0 3816
cfn=(912)
calls=106 0 
0 7370
0 10
cfn=(912)
calls=2 0 
0 66
0 1712
cob=(7)
cfi=(233)
cfn=(1052)
calls=106 3465 
0 7526
cob=(1)
cfi=(1)
cfn=(892)
calls=1 0 
0 982
0 110
0 318
cfn=(1060) bool std::operator==<char, std::char_traits<char>, std::allocator<char> >(std::__cxx11::basic_string<char, std::char_traits<char>, std::allocator<char> > const&, char const*)
calls=106 0 
0 7036
0 318
cob=(7)
cfi=(233)
cfn=(924)
calls=106 295 
0 636
0 106
0 824
cob=(7)
cfi=(233)
cfn=(1052)
calls=102 3465 
0 12065
0 102
0 306
cfn=(1066) std::__cxx11::basic_string<char, std::char_traits<char>, std::allocator<char> >::operator=(std::__cxx11::basic_string<char, std::char_traits<char>, std::allocator<char> >&&) [clone .isra.0]
calls=102 0 
0 3712
0 204
cob=(7)
cfi=(233)
cfn=(924)
calls=102 295 
0 2196
0 102
0 17886
cfn=(1060)
calls=4 0 
0 120
0 20
cfn=(1060)
calls=4 0 
0 120
0 20
cfn=(1060)
calls=4 0 
0 120
0 248
cob=(7)
cfi=(246)
cfn=(1092)
calls=4 340 
0 216
0 4
0 516
cob=(7)
cfi=(247)
cfn=(1034)
calls=64 32 
0 2368
0 64
0 1278
cfn=(912)
calls=106 0 
0 1968
0 848
cfn=(1070) std::vector<std::__cxx11::basic_string<char, std::char_traits<char>, std::allocator<char> >, std::allocator<std::__cxx11::basic_string<char, std::char_traits<char>, std::allocator<char> > > >::vector(std::vector<std::__cxx11::basic_string<char, std::char_traits<char>, std::allocator<char> >, std::allocator<std::__cxx11::basic_string<char, std::char_traits<char>, std::allocator<char> > > > const&)
calls=106 0 
0 23736
0 1166
cfn=(1070)
calls=106 0 
0 3822
0 212
cob=(7)
cfi=(233)
cfn=(924)
calls=106 295 
0 636
0 106
0 212
cfn=(1072) std::vector<std::__cxx11::basic_string<char, std::char_traits<char>, std::allocator<char> >, std::allocator<std::__cxx11::basic_string<char, std::char_traits<char>, std::allocator<char> > > >::~vector()
calls=106 0 
0 8490
0 212
cfn=(1072)
calls=106 0 
0 1586
0 2200
cfn=(1068) void std::vector<std::__cxx11::basic_string<char, std::char_traits<char>, std::allocator<char> >, std::allocator<std::__cxx11::basic_string<char, std::char_traits<char>, std::allocator<char> > > >::_M_realloc_append<std::__cxx11::basic_string<char, std::char_traits<char>, std::allocator<char> > const&>(std::__cxx11::basic_string<char, std::char_traits<char>, std::allocator<char> > const&)
calls=102 0 
0 18700
0 448
cob=(7)
cfi=(232)
cfn=(918)
calls=2 43 
0 84
0 2
0 14
cob=(7)
cfi=(246)
cfn=(1042)
calls=2 263 
0 44
cob=(1)
cfi=(1)
cfn=(892)
calls=1 0 
0 1010
0 6
0 32

fn=(1098) CLI::Option::~Option()
0 636
cfn=(1072)
calls=106 0 
0 1484
0 212
cfn=(1072)
calls=106 0 
0 2578
0 734
cfn=(1380) std::_Function_handler<bool (std::vector<std::__cxx11::basic_string<char, std::char_traits<char>, std::allocator<char> >, std::allocator<std::__cxx11::basic_string<char, std::char_traits<char>, std::allocator<char> > > > const&), CLI::App::add_option<std::__cxx11::basic_string<char, std::char_traits<char>, std::allocator<char> >, std::__cxx11::basic_string<char, std::char_traits<char>, std::allocator<char> >, (CLI::detail::enabler)0>(std::__cxx11::basic_string<char, std::char_traits<char>, std::allocator<char> >, std::__cxx11::basic_string<char, std::char_traits<char>, std::allocator<char> >&, std::__cxx11::basic_string<char, std::char_traits<char>, std::allocator<char> >)::{lambda(std::vector<std::__cxx11::basic_string<char, std::char_traits<char>, std::allocator<char> >, std::allocator<std::__cxx11::basic_string<char, std::char_traits<char>, std::allocator<char> > > > const&)#1}>::_M_manager(std::_Any_data&, std::_Any_data const&, std::_Manager_operation)
calls=10 0 
0 80
cfn=(1272) std::_Function_handler<bool (std::vector<std::__cxx11::basic_string<char, std::char_traits<char>, std::allocator<char> >, std::allocator<std::__cxx11::basic_string<char, std::char_traits<char>, std::allocator<char> > > > const&), CLI::App::add_option<double, double, (CLI::detail::enabler)0>(std::__cxx11::basic_string<char, std::char_traits<char>, std::allocator<char> >, double&, std::__cxx11::basic_string<char, std::char_traits<char>, std::allocator<char> >)::{lambda(std::vector<std::__cxx11::basic_string<char, std::char_traits<char>, std::allocator<char> >, std::allocator<std::__cxx11::basic_string<char, std::char_traits<char>, std::allocator<char> > > > const&)#1}>::_M_manager(std::_Any_data&, std::_Any_data const&, std::_Manager_operation)
calls=52 0 
0 416
cfn=(1242) std::_Function_handler<bool (std::vector<std::__cxx11::basic_string<char, std::char_traits<char>, std::allocator<char> >, std::allocator<std::__cxx11::basic_string<char, std::char_traits<char>, std::allocator<char> > > > const&), CLI::App::add_flag<bool, (CLI::detail::enabler)0>(std::__cxx11::basic_string<char, std::char_traits<char>, std::allocator<char> >, bool&, std::__cxx11::basic_string<char, std::char_traits<char>, std::allocator<char> >)::{lambda(std::vector<std::__cxx11::basic_string<char, std::char_traits<char>, std::allocator<char> >, std::allocator<std::__cxx11::basic_string<char, std::char_traits<char>, std::allocator<char> > > > const&)#1}>::_M_manager(std::_Any_data&, std::_Any_data const&, std::_Manager_operation)
calls=10 0 
0 80
cfn=(1106) std::_Function_handler<bool (std::vector<std::__cxx11::basic_string<char, std::char_traits<char>, std::allocator<char> >, std::allocator<std::__cxx11::basic_string<char, std::char_traits<char>, std::allocator<char> > > > const&), CLI::App::add_option<unsigned long, unsigned long, (CLI::detail::enabler)0>(std::__cxx11::basic_string<char, std::char_traits<char>, std::allocator<char> >, unsigned long&, std::__cxx11::basic_string<char, std::char_traits<char>, std::allocator<char> >)::{lambda(std::vector<std::__cxx11::basic_string<char, std::char_traits<char>, std::allocator<char> >, std::allocator<std::__cxx11::basic_string<char, std::char_traits<char>, std::allocator<char> > > > const&)#1}>::_M_manager(std::_Any_data&, std::_Any_data const&, std::_Manager_operation)
calls=32 0 
0 256
0 212
cfn=(1100) std::_Rb_tree<CLI::Option*, CLI::Option*, std::_Identity<CLI::Option*>, std::less<CLI::Option*>, std::allocator<CLI::Option*> >::_M_erase(std::_Rb_tree_node<CLI::Option*>*) [clone .isra.0]
calls=106 0 
0 318
0 212
cfn=(1100)
calls=106 0 
0 318
0 748
cfn=(1472) std::_Function_handler<std::__cxx11::basic_string<char, std::char_traits<char>, std::allocator<char> > (std::__cxx11::basic_string<char, std::char_traits<char>, std::allocator<char> >&), CLI::detail::NonexistentPathValidator::NonexistentPathValidator()::{lambda(std::__cxx11::basic_string<char, std::char_traits<char>, std::allocator<char> >&)#1}>::_M_manager(std::_Any_data&, std::_Any_data const&, std::_Manager_operation)
calls=1 0 
0 6
cfn=(1470) std::_Function_handler<std::__cxx11::basic_string<char, std::char_traits<char>, std::allocator<char> > (std::__cxx11::basic_string<char, std::char_traits<char>, std::allocator<char> >&), CLI::detail::ExistingFileValidator::ExistingFileValidator()::{lambda(std::__cxx11::basic_string<char, std::char_traits<char>, std::allocator<char> >&)#1}>::_M_manager(std::_Any_data&, std::_Any_data const&, std::_Manager_operation)
calls=2 0 
0 12
cfn=(1646) std::_Function_handler<std::__cxx11::basic_string<char, std::char_traits<char>, std::allocator<char> > (std::__cxx11::basic_string<char, std::char_traits<char>, std::allocator<char> >&), CLI::Range::Range<int>(int, int, std::__cxx11::basic_string<char, std::char_traits<char>, std::allocator<char> > const&)::{lambda(std::__cxx11::basic_string<char, std::char_traits<char>, std::allocator<char> >&)#1}>::_M_manager(std::_Any_data&, std::_Any_data const&, std::_Manager_operation)
calls=1 0 
0 8
cfn=(1642) std::_Function_handler<std::__cxx11::basic_string<char, std::char_traits<char>, std::allocator<char> > (std::__cxx11::basic_string<char, std::char_traits<char>, std::allocator<char> >&), CLI::IsMember::IsMember<std::vector<char const*, std::allocator<char const*> >, decltype(nullptr)>(std::vector<char const*, std::allocator<char const*> >, decltype(nullptr))::{lambda(std::__cxx11::basic_string<char, std::char_traits<char>, std::allocator<char> >&)#1}>::_M_manager(std::_Any_data&, std::_Any_data const&, std::_Manager_operation)
calls=1 0 
0 185
cfn=(1234) std::_Function_handler<std::__cxx11::basic_string<char, std::char_traits<char>, std::allocator<char> > (std::__cxx11::basic_string<char, std::char_traits<char>, std::allocator<char> >&), CLI::Range::Range<double>(double, double, std::__cxx11::basic_string<char, std::char_traits<char>, std::allocator<char> > const&)::{lambda(std::__cxx11::basic_string<char, std::char_traits<char>, std::allocator<char> >&)#1}>::_M_manager(std::_Any_data&, std::_Any_data const&, std::_Manager_operation)
calls=22 0 
0 176
0 216
cfn=(1644) std::_Function_handler<std::__cxx11::basic_string<char, std::char_traits<char>, std::allocator<char> > (), CLI::IsMember::IsMember<std::vector<char const*, std::allocator<char const*> >, decltype(nullptr)>(std::vector<char const*, std::allocator<char const*> >, decltype(nullptr))::{lambda()#1}>::_M_manager(std::_Any_data&, std::_Any_data const&, std::_Manager_operation)
calls=1 0 
0 203
cfn=(1640) std::_Function_handler<std::__cxx11::basic_string<char, std::char_traits<char>, std::allocator<char> > (), CLI::Validator::description(std::__cxx11::basic_string<char, std::char_traits<char>, std::allocator<char> >)::{lambda()#1}>::_M_manager(std::_Any_data&, std::_Any_data const&, std::_Manager_operation)
calls=6 0 
0 1646
cfn=(1232) std::_Function_handler<std::__cxx11::basic_string<char, std::char_traits<char>, std::allocator<char> > (), CLI::Validator::Validator(std::__cxx11::basic_string<char, std::char_traits<char>, std::allocator<char> >)::{lambda()#1}>::_M_manager(std::_Any_data&, std::_Any_data const&, std::_Manager_operation)
calls=20 0 
0 3082
0 401
cob=(7)
cfi=(247)
cfn=(1034)
calls=27 32 
0 2146
0 27
0 506
cfn=(1382) std::_Function_handler<std::__cxx11::basic_string<char, std::char_traits<char>, std::allocator<char> > (), CLI::App::add_option<std::__cxx11::basic_string<char, std::char_traits<char>, std::allocator<char> >, std::__cxx11::basic_string<char, std::char_traits<char>, std::allocator<char> >, (CLI::detail::enabler)0>(std::__cxx11::basic_string<char, std::char_traits<char>, std::allocator<char> >, std::__cxx11::basic_string<char, std::char_traits<char>, std::allocator<char> >&, std::__cxx11::basic_string<char, std::char_traits<char>, std::allocator<char> >)::{lambda()#1}>::_M_manager(std::_Any_data&, std::_Any_data const&, std::_Manager_operation)
calls=5 0 
0 40
cfn=(1274) std::_Function_handler<std::__cxx11::basic_string<char, std::char_traits<char>, std::allocator<char> > (), CLI::App::add_option<double, double, (CLI::detail::enabler)0>(std::__cxx11::basic_string<char, std::char_traits<char>, std::allocator<char> >, double&, std::__cxx11::basic_string<char, std::char_traits<char>, std::allocator<char> >)::{lambda()#1}>::_M_manager(std::_Any_data&, std::_Any_data const&, std::_Manager_operation)
calls=26 0 
0 208
cfn=(1116) std::_Function_handler<std::__cxx11::basic_string<char, std::char_traits<char>, std::allocator<char> > (), CLI::App::add_option<unsigned long, unsigned long, (CLI::detail::enabler)0>(std::__cxx11::basic_string<char, std::char_traits<char>, std::allocator<char> >, unsigned long&, std::__cxx11::basic_string<char, std::char_traits<char>, std::allocator<char> >)::{lambda()#1}>::_M_manager(std::_Any_data&, std::_Any_data const&, std::_Manager_operation)
calls=16 0 
0 128
0 742
cfn=(1630) std::_Function_handler<std::__cxx11::basic_string<char, std::char_traits<char>, std::allocator<char> > (), CLI::Option::type_name(std::__cxx11::basic_string<char, std::char_traits<char>, std::allocator<char> >)::{lambda()#1}>::_M_manager(std::_Any_data&, std::_Any_data const&, std::_Manager_operation)
calls=47 0 
0 7604
cfn=(1102) std::_Function_handler<std::__cxx11::basic_string<char, std::char_traits<char>, std::allocator<char> > (), CLI::Option::type_name_::{lambda()#1}>::_M_manager(std::_Any_data&, std::_Any_data const&, std::_Manager_operation)
calls=59 0 
0 354
0 212
cob=(7)
cfi=(233)
cfn=(924)
calls=106 295 
0 636
0 106
0 212
cob=(7)
cfi=(233)
cfn=(924)
calls=106 295 
0 636
0 106
0 212
cob=(7)
cfi=(233)
cfn=(924)
calls=106 295 
0 5446
0 106
0 212
cob=(7)
cfi=(233)
cfn=(924)
calls=106 295 
0 636
0 106
0 212
cob=(7)
cfi=(233)
cfn=(924)
calls=106 295 
0 636
0 106
0 212
cfn=(1072)
calls=106 0 
0 1484
0 848
cfn=(1072)
calls=106 0 
0 14190
0 212
cfn=(1072)
calls=106 0 
0 1586
0 530
cob=(7)
cfi=(233)
cfn=(924)
calls=106 295 
0 636
0 106

fn=(1106)
0 736

fn=(1112) CLI::Option::check_lname(std::__cxx11::basic_string<char, std::char_traits<char>, std::allocator<char> >) const
0 23590
cfn=(1070)
calls=1685 0 
0 213726
0 15990
cfn=(1110) CLI::detail::find_member(std::__cxx11::basic_string<char, std::char_traits<char>, std::allocator<char> >, std::vector<std::__cxx11::basic_string<char, std::char_traits<char>, std::allocator<char> >, std::allocator<std::__cxx11::basic_string<char, std::char_traits<char>, std::allocator<char> > > >, bool, bool)
calls=490 0 
0 24654
0 10755
cfn=(1110)
calls=1195 0 
0 60359
0 8210
cob=(7)
cfi=(247)
cfn=(1034)
calls=490 32 
0 18130
0 490
0 20137
cob=(7)
cfi=(247)
cfn=(1034)
calls=779 32 
0 28823
0 779
0 17800
cob=(7)
cfi=(247)
cfn=(1034)
calls=1580 32 
0 58460
0 1580
0 93421

fn=(1234)
0 379

fn=(1244) CLI::Option* CLI::Option::default_val<bool>(bool const&) [clone .isra.0]
0 14
cob=(7)
cfi=(249)
cfn=(1124)
calls=1 1173 
0 591
0 1
0 3
cob=(7)
cfi=(250)
cfn=(1250)
calls=1 67 
0 359
cob=(1)
cfi=(1)
cfn=(892)
calls=1 0 
0 744
0 5
0 3
cob=(7)
cfi=(249)
cfn=(1178)
calls=1 288 
0 43
0 1
0 3
cob=(7)
cfi=(249)
cfn=(1190)
calls=1 1215 
0 79
0 1
0 14
cfn=(912)
calls=1 0 
0 36
0 4
cfn=(1202) CLI::Option::_add_result(std::__cxx11::basic_string<char, std::char_traits<char>, std::allocator<char> >&&, std::vector<std::__cxx11::basic_string<char, std::char_traits<char>, std::allocator<char> >, std::allocator<std::__cxx11::basic_string<char, std::char_traits<char>, std::allocator<char> > > >&) const
calls=1 0 
0 172
0 3
cob=(7)
cfi=(233)
cfn=(924)
calls=1 295 
0 6
0 1
0 6
cfn=(1206) CLI::Option::_validate_results(std::vector<std::__cxx11::basic_string<char, std::char_traits<char>, std::allocator<char> >, std::allocator<std::__cxx11::basic_string<char, std::char_traits<char>, std::allocator<char> > > >&) const [clone .isra.0]
calls=1 0 
0 11
0 14
cfn=(1072)
calls=1 0 
0 65
0 3
cfn=(1066)
calls=1 0 
0 29
0 2
cfn=(1072)
calls=1 0 
0 14
0 2
cob=(7)
cfi=(233)
cfn=(924)
calls=1 295 
0 6
0 1
0 11

fn=(1460) CLI::Option::check_sname(std::__cxx11::basic_string<char, std::char_traits<char>, std::allocator<char> >) const
0 1326
cfn=(1070)
calls=102 0 
0 3264
0 1530
cfn=(1110)
calls=102 0 
0 2856
0 6120

fn=(1474) std::__cxx11::basic_string<char, std::char_traits<char>, std::allocator<char> >::assign(char const*) [clone .isra.0]
0 91
cob=(2)
cfi=(158)
cfn=(688)
calls=13 0 
0 194
0 13
0 117
cob=(7)
cfi=(246)
cfn=(1480)
calls=13 574 
0 653
cob=(1)
cfi=(1)
cfn=(892)
calls=1 0 
0 1022
0 17

fn=(1640)
0 102
cob=(7)
cfi=(233)
cfn=(924)
calls=6 295 
0 665
0 6
0 18
cob=(7)
cfi=(247)
cfn=(1034)
calls=6 32 
0 843
0 6
0 6

fn=(1644)
0 22
cob=(7)
cfi=(247)
cfn=(1034)
calls=1 32 
0 137
0 1
0 4
cob=(7)
cfi=(247)
cfn=(1034)
calls=1 32 
0 37
0 1
0 1

fn=(3768) void walnutpie::DynamicStanModel::logp_grad<Eigen::Matrix<double, -1, 1, 0, -1, 1> >(Eigen::Matrix<double, -1, 1, 0, -1, 1> const&, double&, Eigen::Matrix<double, -1, 1, 0, -1, 1>&) const
0 30
cfn=(3712) Eigen::internal::DenseStorage_impl<double, -1, -1, 1, 0>::resize(long, long, long) [clone .isra.0]
calls=2 0 
0 270
0 22
cob=(12)
cfi=(383)
cfn=(3770)
calls=2 0 
0 130703
0 26

fn=(3940) double std::normal_distribution<double>::operator()<std::mersenne_twister_engine<unsigned long, 64ul, 312ul, 156ul, 31ul, 13043109905998158313ul, 29ul, 6148914691236517205ul, 17ul, 8202884508482404352ul, 37ul, 18444473444759240704ul, 43ul, 6364136223846793005ul> >(std::mersenne_twister_engine<unsigned long, 64ul, 312ul, 156ul, 31ul, 13043109905998158313ul, 29ul, 6148914691236517205ul, 17ul, 8202884508482404352ul, 37ul, 18444473444759240704ul, 43ul, 6364136223846793005ul>&, std::normal_distribution<double>::param_type const&) [clone .isra.0]
0 19496
cob=(6)
cfi=(425) /usr/src/debug/glibc/glibc/math/../sysdeps/ieee754/dbl-64/e_log.c
cfn=(3822) log@@GLIBC_2.29
calls=150 49 
0 7020
0 150
0 2554
cfn=(3942) std::mersenne_twister_engine<unsigned long, 64ul, 312ul, 156ul, 31ul, 13043109905998158313ul, 29ul, 6148914691236517205ul, 17ul, 8202884508482404352ul, 37ul, 18444473444759240704ul, 43ul, 6364136223846793005ul>::_M_gen_rand()
calls=2 0 
0 7856
0 12
cfn=(3942)
calls=2 0 
0 7856
0 2108

fn=(3966) bool walnutpie::detail::reversible<walnutpie::detail::NoExceptLogpGrad<run_walnuts<walnutpie::detail::Adam>(walnutpie::DynamicStanModel&, unsigned int, walnutpie::InitConfigBuilder&, unsigned long, unsigned long, bool, walnutpie::WarmupConfig&, walnutpie::SamplingConfig&, double, bool, double)::{lambda((auto:1&&)...)#1}, StanHandler> >(walnutpie::detail::NoExceptLogpGrad<run_walnuts<walnutpie::detail::Adam>(walnutpie::DynamicStanModel&, unsigned int, walnutpie::InitConfigBuilder&, unsigned long, unsigned long, bool, walnutpie::WarmupConfig&, walnutpie::SamplingConfig&, double, bool, double)::{lambda((auto:1&&)...)#1}, StanHandler> const&, Eigen::Matrix<double, -1, 1, 0, -1, 1> const&, double, unsigned long, unsigned long, double, double, Eigen::Matrix<double, -1, 1, 0, -1, 1> const&, Eigen::Matrix<double, -1, 1, 0, -1, 1> const&, Eigen::Matrix<double, -1, 1, 0, -1, 1> const&)
0 7236
cfn=(3968) Eigen::Matrix<double, -1, 1, 0, -1, 1>::Matrix<long>(long const&)
calls=47 0 
0 2716
0 235
cfn=(3968)
calls=47 0 
0 3502
0 235
cfn=(3968)
calls=47 0 
0 4839
0 478
cfn=(3956) void Eigen::internal::call_dense_assignment_loop<Eigen::Matrix<double, -1, 1, 0, -1, 1>, Eigen::Matrix<double, -1, 1, 0, -1, 1>, Eigen::internal::assign_op<double, double> >(Eigen::Matrix<double, -1, 1, 0, -1, 1>&, Eigen::Matrix<double, -1, 1, 0, -1, 1> const&, Eigen::internal::assign_op<double, double> const&)
calls=53 0 
0 1961
0 212
cfn=(3970) void Eigen::internal::call_dense_assignment_loop<Eigen::Matrix<double, -1, 1, 0, -1, 1>, Eigen::CwiseUnaryOp<Eigen::internal::scalar_opposite_op<double>, Eigen::Matrix<double, -1, 1, 0, -1, 1> const>, Eigen::internal::assign_op<double, double> >(Eigen::Matrix<double, -1, 1, 0, -1, 1>&, Eigen::CwiseUnaryOp<Eigen::internal::scalar_opposite_op<double>, Eigen::Matrix<double, -1, 1, 0, -1, 1> const> const&, Eigen::internal::assign_op<double, double> const&) [clone .isra.0]
calls=53 0 
0 2120
0 212
cfn=(3956)
calls=53 0 
0 1961
0 5466
cob=(7)
cfi=(240)
cfn=(964)
calls=59 52 
0 1475
0 59
0 1239
cob=(12)
cfi=(383)
cfn=(3770)
calls=59 0 
0 3619699
0 295
cob=(7)
cfi=(240)
cfn=(964)
calls=59 52 
0 1475
0 59
0 2825
cfn=(3946) Eigen::DenseBase<Eigen::CwiseBinaryOp<Eigen::internal::scalar_product_op<double, double>, Eigen::ArrayWrapper<Eigen::Matrix<double, -1, 1, 0, -1, 1> const> const, Eigen::CwiseUnaryOp<Eigen::internal::scalar_square_op<double>, Eigen::ArrayWrapper<Eigen::Matrix<double, -1, 1, 0, -1, 1> const> const> const> >::sum() const
calls=53 0 
0 2067
0 573
cob=(2)
cfi=(152)
cfn=(632)
calls=47 3137 
0 2025
0 47
0 188
cob=(2)
cfi=(152)
cfn=(632)
calls=47 3137 
0 2104
0 47
0 188
cob=(2)
cfi=(152)
cfn=(632)
calls=47 3137 
0 1630
0 47
0 5854

fn=(3976) bool walnutpie::detail::uturn<(walnutpie::detail::Direction)0>(walnutpie::detail::SpanW const&, walnutpie::detail::SpanW const&, Eigen::Matrix<double, -1, 1, 0, -1, 1> const&)
0 8002
cfn=(3978) Eigen::internal::inner_product_impl<Eigen::internal::inner_product_evaluator<Eigen::internal::scalar_inner_product_op<double, double, true>, Eigen::Matrix<double, -1, 1, 0, -1, 1>, Eigen::MatrixWrapper<Eigen::CwiseBinaryOp<Eigen::internal::scalar_product_op<double, double>, Eigen::ArrayWrapper<Eigen::Matrix<double, -1, 1, 0, -1, 1> const> const, Eigen::ArrayWrapper<Eigen::CwiseBinaryOp<Eigen::internal::scalar_difference_op<double, double>, Eigen::Matrix<double, -1, 1, 0, -1, 1> const, Eigen::Matrix<double, -1, 1, 0, -1, 1> const> const> const> const> >, true>::run(Eigen::internal::inner_product_evaluator<Eigen::internal::scalar_inner_product_op<double, double, true>, Eigen::Matrix<double, -1, 1, 0, -1, 1>, Eigen::MatrixWrapper<Eigen::CwiseBinaryOp<Eigen::internal::scalar_product_op<double, double>, Eigen::ArrayWrapper<Eigen::Matrix<double, -1, 1, 0, -1, 1> const> const, Eigen::ArrayWrapper<Eigen::CwiseBinaryOp<Eigen::internal::scalar_difference_op<double, double>, Eigen::Matrix<double, -1, 1, 0, -1, 1> const, Eigen::Matrix<double, -1, 1, 0, -1, 1> const> const> const> const> > const&)
calls=166 0 
0 5146
0 2621

fn=(3980) walnutpie::detail::SpanW walnutpie::detail::combine<(walnutpie::detail::Update)1, (walnutpie::detail::Direction)0, std::mersenne_twister_engine<unsigned long, 64ul, 312ul, 156ul, 31ul, 13043109905998158313ul, 29ul, 6148914691236517205ul, 17ul, 8202884508482404352ul, 37ul, 18444473444759240704ul, 43ul, 6364136223846793005ul> >(walnutpie::detail::Random<std::mersenne_twister_engine<unsigned long, 64ul, 312ul, 156ul, 31ul, 13043109905998158313ul, 29ul, 6148914691236517205ul, 17ul, 8202884508482404352ul, 37ul, 18444473444759240704ul, 43ul, 6364136223846793005ul> >&, walnutpie::detail::SpanW&&, walnutpie::detail::SpanW&&)
0 1805
cob=(6)
cfi=(428) /usr/src/debug/glibc/glibc/math/./s_fmax_template.c
cfn=(3986) fmax
calls=95 23 
0 665
cob=(1)
cfi=(1)
cfn=(892)
calls=1 0 
0 666
0 99
0 1425
cob=(6)
cfi=(423)
cfn=(3790)
calls=95 98 
0 2100
0 95
0 475
cob=(6)
cfi=(423)
cfn=(3790)
calls=95 98 
0 2460
0 95
0 190
cob=(6)
cfi=(425)
cfn=(3822)
calls=95 49 
0 4465
0 95
0 1422
cfn=(3988) std::mersenne_twister_engine<unsigned long, 64ul, 312ul, 156ul, 31ul, 13043109905998158313ul, 29ul, 6148914691236517205ul, 17ul, 8202884508482404352ul, 37ul, 18444473444759240704ul, 43ul, 6364136223846793005ul>::operator()()
calls=95 0 
0 2565
0 1152
cob=(6)
cfi=(425)
cfn=(3822)
calls=95 49 
0 4435
0 95
0 6562

fn=(4086) std::optional<walnutpie::detail::SpanW> walnutpie::detail::build_span<(walnutpie::detail::Direction)0, walnutpie::detail::NoExceptLogpGrad<run_walnuts<walnutpie::detail::Adam>(walnutpie::DynamicStanModel&, unsigned int, walnutpie::InitConfigBuilder&, unsigned long, unsigned long, bool, walnutpie::WarmupConfig&, walnutpie::SamplingConfig&, double, bool, double)::{lambda((auto:1&&)...)#1}, StanHandler>, std::mersenne_twister_engine<unsigned long, 64ul, 312ul, 156ul, 31ul, 13043109905998158313ul, 29ul, 6148914691236517205ul, 17ul, 8202884508482404352ul, 37ul, 18444473444759240704ul, 43ul, 6364136223846793005ul>, walnutpie::detail::NoOpStepSizeAdapter const>(walnutpie::detail::Random<std::mersenne_twister_engine<unsigned long, 64ul, 312ul, 156ul, 31ul, 13043109905998158313ul, 29ul, 6148914691236517205ul, 17ul, 8202884508482404352ul, 37ul, 18444473444759240704ul, 43ul, 6364136223846793005ul> >&, walnutpie::detail::NoExceptLogpGrad<run_walnuts<walnutpie::detail::Adam>(walnutpie::DynamicStanModel&, unsigned int, walnutpie::InitConfigBuilder&, unsigned long, unsigned long, bool, walnutpie::WarmupConfig&, walnutpie::SamplingConfig&, double, bool, double)::{lambda((auto:1&&)...)#1}, StanHandler> const&, Eigen::Matrix<double, -1, 1, 0, -1, 1> const&, double, unsigned long, unsigned long, unsigned long, double, walnutpie::detail::SpanW const&, walnutpie::detail::NoOpStepSizeAdapter const&) [clone .isra.0]
0 1439
cfn=(3956)
calls=23 0 
0 2300
0 10
cfn=(3956)
calls=2 0 
0 74
0 100
cfn=(3956)
calls=25 0 
0 2374
0 175
cfn=(3956)
calls=25 0 
0 2374
0 1866
cob=(7)
cfi=(240)
cfn=(964)
calls=27 52 
0 675
0 27
0 486
cob=(12)
cfi=(383)
cfn=(3770)
calls=27 0 
0 1653075
0 135
cob=(7)
cfi=(240)
cfn=(964)
calls=27 52 
0 675
0 27
0 1278
cfn=(3946)
calls=25 0 
0 975
0 669
cfn=(4087) std::optional<walnutpie::detail::SpanW> walnutpie::detail::build_span<(walnutpie::detail::Direction)0, walnutpie::detail::NoExceptLogpGrad<run_walnuts<walnutpie::detail::Adam>(walnutpie::DynamicStanModel&, unsigned int, walnutpie::InitConfigBuilder&, unsigned long, unsigned long, bool, walnutpie::WarmupConfig&, walnutpie::SamplingConfig&, double, bool, double)::{lambda((auto:1&&)...)#1}, StanHandler>, std::mersenne_twister_engine<unsigned long, 64ul, 312ul, 156ul, 31ul, 13043109905998158313ul, 29ul, 6148914691236517205ul, 17ul, 8202884508482404352ul, 37ul, 18444473444759240704ul, 43ul, 6364136223846793005ul>, walnutpie::detail::NoOpStepSizeAdapter const>(walnutpie::detail::Random<std::mersenne_twister_engine<unsigned long, 64ul, 312ul, 156ul, 31ul, 13043109905998158313ul, 29ul, 6148914691236517205ul, 17ul, 8202884508482404352ul, 37ul, 18444473444759240704ul, 43ul, 6364136223846793005ul> >&, walnutpie::detail::NoExceptLogpGrad<run_walnuts<walnutpie::detail::Adam>(walnutpie::DynamicStanModel&, unsigned int, walnutpie::InitConfigBuilder&, unsigned long, unsigned long, bool, walnutpie::WarmupConfig&, walnutpie::SamplingConfig&, double, bool, double)::{lambda((auto:1&&)...)#1}, StanHandler> const&, Eigen::Matrix<double, -1, 1, 0, -1, 1> const&, double, unsigned long, unsigned long, unsigned long, double, walnutpie::detail::SpanW const&, walnutpie::detail::NoOpStepSizeAdapter const&) [clone .isra.0]'2
calls=30 0 
0 3037176
0 1129
cob=(6)
cfi=(423)
cfn=(3790)
calls=23 98 
0 828
0 23
0 69
cob=(2)
cfi=(218)
cfn=(802)
calls=23 25 
0 16100
0 23
0 391
cfn=(3966)
calls=23 0 
0 124528
0 976
cfn=(3948) walnutpie::detail::SpanW::from_initial_point(Eigen::Matrix<double, -1, 1, 0, -1, 1>&&, Eigen::Matrix<double, -1, 1, 0, -1, 1>&&, Eigen::Matrix<double, -1, 1, 0, -1, 1>&&, double, double)
calls=23 0 
0 9387
0 69
cfn=(3972) walnutpie::detail::SpanW::SpanW(walnutpie::detail::SpanW&&)
calls=23 0 
0 1265
0 69
cfn=(3974) walnutpie::detail::SpanW::~SpanW()
calls=23 0 
0 644
0 406
cfn=(4087)
calls=30 0 
0 3069643
0 314
cfn=(3974)
calls=30 0 
0 9646
0 202
cfn=(3976)
calls=28 0 
0 2329
0 250
cfn=(3974)
calls=28 0 
0 8541
0 143
cfn=(3992) walnutpie::detail::SpanW walnutpie::detail::combine<(walnutpie::detail::Update)0, (walnutpie::detail::Direction)0, std::mersenne_twister_engine<unsigned long, 64ul, 312ul, 156ul, 31ul, 13043109905998158313ul, 29ul, 6148914691236517205ul, 17ul, 8202884508482404352ul, 37ul, 18444473444759240704ul, 43ul, 6364136223846793005ul> >(walnutpie::detail::Random<std::mersenne_twister_engine<unsigned long, 64ul, 312ul, 156ul, 31ul, 13043109905998158313ul, 29ul, 6148914691236517205ul, 17ul, 8202884508482404352ul, 37ul, 18444473444759240704ul, 43ul, 6364136223846793005ul> >&, walnutpie::detail::SpanW&&, walnutpie::detail::SpanW&&)
calls=23 0 
0 7278
0 69
cfn=(3972)
calls=23 0 
0 1265
0 69
cfn=(3974)
calls=23 0 
0 644
0 69

fn=(4087)
0 3972
cfn=(3956)
calls=84 0 
0 10366
0 20
cfn=(3956)
calls=4 0 
0 148
0 352
cfn=(3956)
calls=88 0 
0 12703
0 616
cfn=(3956)
calls=88 0 
0 10674
0 6392
cob=(7)
cfi=(240)
cfn=(964)
calls=92 52 
0 2300
0 92
0 1656
cob=(12)
cfi=(383)
cfn=(3770)
calls=92 0 
0 5641926
0 460
cob=(7)
cfi=(240)
cfn=(964)
calls=92 52 
0 2300
0 92
0 4380
cfn=(3946)
calls=88 0 
0 3432
0 1436
cfn=(4087)
calls=24 0 
0 1959040
0 3484
cob=(6)
cfi=(423)
cfn=(3790)
calls=84 98 
0 3024
0 84
0 252
cob=(2)
cfi=(218)
cfn=(802)
calls=84 25 
0 58800
0 84
0 1428
cfn=(3966)
calls=84 0 
0 251589
0 528
cob=(2)
cfi=(152)
cfn=(632)
calls=1 3137 
0 33
0 1
0 256
cob=(2)
cfi=(152)
cfn=(632)
calls=1 3137 
0 33
0 1
0 253
cob=(2)
cfi=(152)
cfn=(632)
calls=1 3137 
0 33
0 1
0 1860
cfn=(3948)
calls=83 0 
0 52250
0 249
cfn=(3972)
calls=83 0 
0 4565
0 249
cfn=(3974)
calls=83 0 
0 2324
0 454
cfn=(4087)
calls=24 0 
0 1974790
0 238
cfn=(3974)
calls=24 0 
0 4482
0 164
cfn=(3976)
calls=23 0 
0 2024
0 137
cfn=(3974)
calls=23 0 
0 5468
0 133
cfn=(3992)
calls=22 0 
0 6997
0 66
cfn=(3972)
calls=22 0 
0 1210
0 66
cfn=(3974)
calls=22 0 
0 616
0 66

fn=(4636) CLI::TypeValidator<double>::~TypeValidator()
0 13
cfn=(4638) std::_Function_handler<std::__cxx11::basic_string<char, std::char_traits<char>, std::allocator<char> > (std::__cxx11::basic_string<char, std::char_traits<char>, std::allocator<char> >&), CLI::TypeValidator<double>::TypeValidator(std::__cxx11::basic_string<char, std::char_traits<char>, std::allocator<char> > const&)::{lambda(std::__cxx11::basic_string<char, std::char_traits<char>, std::allocator<char> >&)#1}>::_M_manager(std::_Any_data&, std::_Any_data const&, std::_Manager_operation)
calls=1 0 
0 6
0 7
cfn=(4640) std::_Function_handler<std::__cxx11::basic_string<char, std::char_traits<char>, std::allocator<char> > (), CLI::Validator::Validator(std::__cxx11::basic_string<char, std::char_traits<char>, std::allocator<char> >, std::function<std::__cxx11::basic_string<char, std::char_traits<char>, std::allocator<char> > (std::__cxx11::basic_string<char, std::char_traits<char>, std::allocator<char> >&)>)::{lambda()#1}>::_M_manager(std::_Any_data&, std::_Any_data const&, std::_Manager_operation)
calls=1 0 
0 166
0 2

fn=(4652) CLI::detail::NonexistentPathValidator::~NonexistentPathValidator()
0 13
cfn=(1472)
calls=1 0 
0 6
0 7
cfn=(1232)
calls=1 0 
0 314
0 2

fn=(4682) 0x00000000000179a0
0 5

fn=(994) CLI::Option::Option(std::__cxx11::basic_string<char, std::char_traits<char>, std::allocator<char> >, std::__cxx11::basic_string<char, std::char_traits<char>, std::allocator<char> >, std::function<bool (std::vector<std::__cxx11::basic_string<char, std::char_traits<char>, std::allocator<char> >, std::allocator<std::__cxx11::basic_string<char, std::char_traits<char>, std::allocator<char> > > > const&)>, CLI::App*, bool)
0 1802
cfn=(898) std::__cxx11::basic_string<char, std::char_traits<char>, std::allocator<char> >::basic_string<std::allocator<char> >(char const*, std::allocator<char> const&)
calls=106 0 
0 6890
0 2332
cob=(7)
cfi=(233)
cfn=(942)
calls=106 766 
0 1696
0 106
0 6640
cfn=(912)
calls=104 0 
0 7032
0 28
cfn=(912)
calls=2 0 
0 62
0 318
cfn=(996)
calls=106 0 
0 69121
0 424
cfn=(1036)
calls=106 0 
0 138031
0 1484
cfn=(1072)
calls=106 0 
0 1484
0 1378
cfn=(1072)
calls=106 0 
0 1484
0 318
cfn=(1066)
calls=106 0 
0 2436
0 212
cfn=(1072)
calls=106 0 
0 1484
0 212
cfn=(1072)
calls=106 0 
0 1484
0 212
cob=(7)
cfi=(233)
cfn=(924)
calls=106 295 
0 636
0 106
0 212
cfn=(1072)
calls=106 0 
0 9528
0 212
cob=(7)
cfi=(233)
cfn=(924)
calls=106 295 
0 2940
0 106
0 1060

fn=(1028)
0 4929
cob=(7)
cfi=(232)
cfn=(918)
calls=159 43 
0 7476
0 159
0 795
cob=(7)
cfi=(233)
cfn=(942)
calls=159 766 
0 4147
0 159
0 1668
cob=(7)
cfi=(247)
cfn=(1034)
calls=2 32 
0 74
cob=(1)
cfi=(1)
cfn=(892)
calls=1 0 
0 640
0 6
0 1433

fn=(1116)
0 432

fn=(1118) CLI::Option* CLI::Option::default_val<unsigned long>(unsigned long const&)
0 224
cob=(7)
cfi=(249)
cfn=(1124)
calls=16 1173 
0 9456
cob=(1)
cfi=(1)
cfn=(892)
calls=1 0 
0 974
0 20
0 48
cob=(7)
cfi=(250)
cfn=(1136)
calls=16 67 
0 5385
cob=(1)
cfi=(1)
cfn=(892)
calls=1 0 
0 744
0 20
0 48
cob=(7)
cfi=(249)
cfn=(1178)
calls=16 288 
0 777
cob=(1)
cfi=(1)
cfn=(892)
calls=1 0 
0 998
0 20
0 48
cob=(7)
cfi=(249)
cfn=(1190)
calls=16 1215 
0 1264
cob=(1)
cfi=(1)
cfn=(892)
calls=1 0 
0 963
0 20
0 224
cfn=(912)
calls=16 0 
0 562
0 64
cfn=(1202)
calls=16 0 
0 2736
0 48
cob=(7)
cfi=(233)
cfn=(924)
calls=16 295 
0 96
0 16
0 288
cfn=(1072)
calls=16 0 
0 1040
0 48
cfn=(1066)
calls=16 0 
0 569
0 32
cfn=(1072)
calls=16 0 
0 224
0 32
cob=(7)
cfi=(233)
cfn=(924)
calls=16 295 
0 96
0 16
0 224
cfn=(1204) CLI::Option::run_callback()
calls=16 0 
0 7478
0 32

fn=(1274)
0 702

fn=(1276) CLI::Option* CLI::Option::default_val<double>(double const&)
0 364
cob=(7)
cfi=(249)
cfn=(1124)
calls=26 1173 
0 15366
0 26
0 78
cob=(7)
cfi=(250)
cfn=(1282)
calls=26 67 
0 50563
cob=(1)
cfi=(1)
cfn=(892)
calls=1 0 
0 739
0 30
0 78
cob=(7)
cfi=(249)
cfn=(1178)
calls=26 288 
0 1326
0 26
0 78
cob=(7)
cfi=(249)
cfn=(1190)
calls=26 1215 
0 2054
0 26
0 364
cfn=(912)
calls=26 0 
0 906
0 104
cfn=(1202)
calls=26 0 
0 4442
0 78
cob=(7)
cfi=(233)
cfn=(924)
calls=26 295 
0 156
0 26
0 468
cfn=(1072)
calls=26 0 
0 1690
0 78
cfn=(1066)
calls=26 0 
0 1003
0 52
cfn=(1072)
calls=26 0 
0 364
0 52
cob=(7)
cfi=(233)
cfn=(924)
calls=26 295 
0 156
0 26
0 364
cfn=(1204)
calls=26 0 
0 16525
0 52

fn=(1462) std::__cxx11::basic_string<char, std::char_traits<char>, std::allocator<char> > std::operator+<char, std::char_traits<char>, std::allocator<char> >(char const*, std::__cxx11::basic_string<char, std::char_traits<char>, std::allocator<char> > const&) [clone .isra.0]
0 28
cob=(2)
cfi=(158)
cfn=(688)
calls=2 0 
0 28
0 2
0 62
cob=(2)
cfi=(158)
cfn=(908)
calls=2 0 
0 30
0 2
0 38
cob=(2)
cfi=(158)
cfn=(908)
calls=2 0 
0 36
0 2
0 12

fn=(1470)
0 30

fn=(1500) CLI::App::_trigger_pre_parse(unsigned long)
0 16

fn=(1506) CLI::App::_find_subcommand(std::__cxx11::basic_string<char, std::char_traits<char>, std::allocator<char> > const&, bool, bool) const [clone .constprop.0]
0 150

fn=(1510) std::__cxx11::basic_string<char, std::char_traits<char>, std::allocator<char> >::compare(unsigned long, unsigned long, char const*) const [clone .isra.0]
0 224
cob=(2)
cfi=(158)
cfn=(688)
calls=14 0 
0 196
0 14
0 126
cob=(2)
cfi=(158)
cfn=(690)
calls=14 0 
0 272
0 14
0 196

fn=(1606) CLI::App::_process_requirements()
0 493
cob=(7)
cfi=(233)
cfn=(924)
calls=1 295 
0 6
0 1
0 2
cob=(7)
cfi=(233)
cfn=(924)
calls=1 295 
0 6
0 1
0 113

fn=(1608) CLI::App::_process_extras()
0 25

fn=(1610) CLI::App::run_callback(bool, bool)
0 34

fn=(1620) std::_Sp_counted_ptr<CLI::ConfigBase*, (__gnu_cxx::_Lock_policy)2>::_M_destroy()
0 2
cob=(7)
cfi=(247)
cfn=(1034)
calls=1 32 
0 37
0 1

fn=(3712)
0 29910
cob=(2)
cfi=(152)
cfn=(812)
calls=1759 3101 
0 80761
cob=(1)
cfi=(1)
cfn=(892)
calls=1 0 
0 773
0 1763
0 14077

fn=(3740) Eigen::PlainObjectBase<Eigen::Matrix<double, -1, 1, 0, -1, 1> >::PlainObjectBase<Eigen::CwiseNullaryOp<Eigen::internal::scalar_constant_op<double>, Eigen::Matrix<double, -1, 1, 0, -1, 1> > >(Eigen::DenseBase<Eigen::CwiseNullaryOp<Eigen::internal::scalar_constant_op<double>, Eigen::Matrix<double, -1, 1, 0, -1, 1> > > const&)
0 10
cfn=(3712)
calls=1 0 
0 187
0 36

fn=(3752) std::vector<Eigen::Matrix<double, -1, 1, 0, -1, 1>, std::allocator<Eigen::Matrix<double, -1, 1, 0, -1, 1> > >::vector(std::vector<Eigen::Matrix<double, -1, 1, 0, -1, 1>, std::allocator<Eigen::Matrix<double, -1, 1, 0, -1, 1> > > const&)
0 30
cob=(7)
cfi=(232)
cfn=(918)
calls=2 43 
0 346
0 2
0 42
cob=(2)
cfi=(152)
cfn=(812)
calls=2 3101 
0 322
0 2
0 16
cob=(2)
cfi=(158)
cfn=(908)
calls=2 0 
0 22
0 2
0 40

fn=(3900) void Eigen::internal::call_dense_assignment_loop<Eigen::Matrix<double, -1, 1, 0, -1, 1>, Eigen::CwiseBinaryOp<Eigen::internal::scalar_sum_op<double, double>, Eigen::CwiseBinaryOp<Eigen::internal::scalar_product_op<double, double>, Eigen::CwiseNullaryOp<Eigen::internal::scalar_constant_op<double>, Eigen::Array<double, -1, 1, 0, -1, 1> const> const, Eigen::CwiseUnaryOp<Eigen::internal::scalar_abs_op<double>, Eigen::ArrayWrapper<Eigen::Matrix<double, -1, 1, 0, -1, 1> > const> const> const, Eigen::CwiseNullaryOp<Eigen::internal::scalar_constant_op<double>, Eigen::Array<double, -1, 1, 0, -1, 1> const> const>, Eigen::internal::assign_op<double, double> >(Eigen::Matrix<double, -1, 1, 0, -1, 1>&, Eigen::CwiseBinaryOp<Eigen::internal::scalar_sum_op<double, double>, Eigen::CwiseBinaryOp<Eigen::internal::scalar_product_op<double, double>, Eigen::CwiseNullaryOp<Eigen::internal::scalar_constant_op<double>, Eigen::Array<double, -1, 1, 0, -1, 1> const> const, Eigen::CwiseUnaryOp<Eigen::internal::scalar_abs_op<double>, Eigen::ArrayWrapper<Eigen::Matrix<double, -1, 1, 0, -1, 1> > const> const> const, Eigen::CwiseNullaryOp<Eigen::internal::scalar_constant_op<double>, Eigen::Array<double, -1, 1, 0, -1, 1> const> const> const&, Eigen::internal::assign_op<double, double> const&)
0 53

fn=(3902) walnutpie::InitChainConfig::InitChainConfig(double, Eigen::Matrix<double, -1, 1, 0, -1, 1> const&, Eigen::Matrix<double, -1, 1, 0, -1, 1> const&)
0 16
cob=(2)
cfi=(152)
cfn=(812)
calls=1 3101 
0 30
0 1
0 9
cob=(2)
cfi=(158)
cfn=(908)
calls=1 0 
0 11
0 1
0 3
cfn=(3904) Eigen::internal::DenseStorage_impl<double, -1, -1, 1, 0>::DenseStorage_impl(Eigen::internal::DenseStorage_impl<double, -1, -1, 1, 0> const&)
calls=1 0 
0 69
0 5

fn=(3924) Eigen::PlainObjectBase<Eigen::Matrix<double, -1, 1, 0, -1, 1> >::PlainObjectBase<Eigen::MatrixWrapper<Eigen::CwiseUnaryOp<Eigen::internal::scalar_sqrt_op<double>, Eigen::CwiseUnaryOp<Eigen::internal::scalar_inverse_op<double>, Eigen::ArrayWrapper<Eigen::Matrix<double, -1, 1, 0, -1, 1> > const> const> const> >(Eigen::DenseBase<Eigen::MatrixWrapper<Eigen::CwiseUnaryOp<Eigen::internal::scalar_sqrt_op<double>, Eigen::CwiseUnaryOp<Eigen::internal::scalar_inverse_op<double>, Eigen::ArrayWrapper<Eigen::Matrix<double, -1, 1, 0, -1, 1> > const> const> const> > const&)
0 550
cfn=(3712)
calls=50 0 
0 2800
0 1950

fn=(3936) Eigen::Matrix<double, -1, 1, 0, -1, 1> walnutpie::detail::transition_w<walnutpie::detail::NoExceptLogpGrad<run_walnuts<walnutpie::detail::Adam>(walnutpie::DynamicStanModel&, unsigned int, walnutpie::InitConfigBuilder&, unsigned long, unsigned long, bool, walnutpie::WarmupConfig&, walnutpie::SamplingConfig&, double, bool, double)::{lambda((auto:1&&)...)#1}, StanHandler>, walnutpie::detail::Random<std::mersenne_twister_engine<unsigned long, 64ul, 312ul, 156ul, 31ul, 13043109905998158313ul, 29ul, 6148914691236517205ul, 17ul, 8202884508482404352ul, 37ul, 18444473444759240704ul, 43ul, 6364136223846793005ul> >, walnutpie::detail::Adam>(walnutpie::detail::Random<std::mersenne_twister_engine<unsigned long, 64ul, 312ul, 156ul, 31ul, 13043109905998158313ul, 29ul, 6148914691236517205ul, 17ul, 8202884508482404352ul, 37ul, 18444473444759240704ul, 43ul, 6364136223846793005ul> >&, walnutpie::detail::NoExceptLogpGrad<run_walnuts<walnutpie::detail::Adam>(walnutpie::DynamicStanModel&, unsigned int, walnutpie::InitConfigBuilder&, unsigned long, unsigned long, bool, walnutpie::WarmupConfig&, walnutpie::SamplingConfig&, double, bool, double)::{lambda((auto:1&&)...)#1}, StanHandler> const&, Eigen::Matrix<double, -1, 1, 0, -1, 1> const&, Eigen::Matrix<double, -1, 1, 0, -1, 1> const&, double, unsigned long, unsigned long, unsigned long, double, Eigen::Matrix<double, -1, 1, 0, -1, 1>&&, unsigned long&, Eigen::Matrix<double, -1, 1, 0, -1, 1>&, double&, walnutpie::detail::Adam&, Eigen::Matrix<double, -1, 1, 0, -1, 1> const&, double)
0 1750
cfn=(3938) Eigen::PlainObjectBase<Eigen::Matrix<double, -1, 1, 0, -1, 1> >::PlainObjectBase<Eigen::MatrixWrapper<Eigen::CwiseBinaryOp<Eigen::internal::scalar_product_op<double, double>, Eigen::ArrayWrapper<Eigen::Matrix<double, -1, 1, 0, -1, 1> const> const, Eigen::ArrayWrapper<Eigen::CwiseNullaryOp<walnutpie::detail::Random<std::mersenne_twister_engine<unsigned long, 64ul, 312ul, 156ul, 31ul, 13043109905998158313ul, 29ul, 6148914691236517205ul, 17ul, 8202884508482404352ul, 37ul, 18444473444759240704ul, 43ul, 6364136223846793005ul> >::standard_normal(long)::{lambda(long)#1}, Eigen::Matrix<double, -1, 1, 0, -1, 1> > > const> const> >(Eigen::DenseBase<Eigen::MatrixWrapper<Eigen::CwiseBinaryOp<Eigen::internal::scalar_product_op<double, double>, Eigen::ArrayWrapper<Eigen::Matrix<double, -1, 1, 0, -1, 1> const> const, Eigen::ArrayWrapper<Eigen::CwiseNullaryOp<walnutpie::detail::Random<std::mersenne_twister_engine<unsigned long, 64ul, 312ul, 156ul, 31ul, 13043109905998158313ul, 29ul, 6148914691236517205ul, 17ul, 8202884508482404352ul, 37ul, 18444473444759240704ul, 43ul, 6364136223846793005ul> >::standard_normal(long)::{lambda(long)#1}, Eigen::Matrix<double, -1, 1, 0, -1, 1> > > const> const> > const&)
calls=50 0 
0 29690
0 304
cfn=(3712)
calls=1 0 
0 56
0 5
cfn=(3944) walnutpie::detail::NoExceptLogpGrad<run_walnuts<walnutpie::detail::Adam>(walnutpie::DynamicStanModel&, unsigned int, walnutpie::InitConfigBuilder&, unsigned long, unsigned long, bool, walnutpie::WarmupConfig&, walnutpie::SamplingConfig&, double, bool, double)::{lambda((auto:1&&)...)#1}, StanHandler>::operator()(Eigen::Matrix<double, -1, 1, 0, -1, 1> const&, double&, Eigen::Matrix<double, -1, 1, 0, -1, 1>&) const
calls=1 0 
0 62116
0 8
cfn=(3946)
calls=1 0 
0 39
0 245
cfn=(3946)
calls=49 0 
0 1911
0 550
cfn=(3948)
calls=50 0 
0 20665
0 200
cob=(2)
cfi=(218)
cfn=(802)
calls=50 25 
0 35000
cob=(1)
cfi=(1)
cfn=(892)
calls=1 0 
0 791
0 54
0 5724
cfn=(3954) std::optional<walnutpie::detail::SpanW> walnutpie::detail::build_span<(walnutpie::detail::Direction)0, walnutpie::detail::NoExceptLogpGrad<run_walnuts<walnutpie::detail::Adam>(walnutpie::DynamicStanModel&, unsigned int, walnutpie::InitConfigBuilder&, unsigned long, unsigned long, bool, walnutpie::WarmupConfig&, walnutpie::SamplingConfig&, double, bool, double)::{lambda((auto:1&&)...)#1}, StanHandler>, std::mersenne_twister_engine<unsigned long, 64ul, 312ul, 156ul, 31ul, 13043109905998158313ul, 29ul, 6148914691236517205ul, 17ul, 8202884508482404352ul, 37ul, 18444473444759240704ul, 43ul, 6364136223846793005ul>, walnutpie::detail::Adam>(walnutpie::detail::Random<std::mersenne_twister_engine<unsigned long, 64ul, 312ul, 156ul, 31ul, 13043109905998158313ul, 29ul, 6148914691236517205ul, 17ul, 8202884508482404352ul, 37ul, 18444473444759240704ul, 43ul, 6364136223846793005ul> >&, walnutpie::detail::NoExceptLogpGrad<run_walnuts<walnutpie::detail::Adam>(walnutpie::DynamicStanModel&, unsigned int, walnutpie::InitConfigBuilder&, unsigned long, unsigned long, bool, walnutpie::WarmupConfig&, walnutpie::SamplingConfig&, double, bool, double)::{lambda((auto:1&&)...)#1}, StanHandler> const&, Eigen::Matrix<double, -1, 1, 0, -1, 1> const&, double, unsigned long, unsigned long, unsigned long, double, walnutpie::detail::SpanW const&, walnutpie::detail::Adam&)
calls=59 0 
0 10698188
0 177
cob=(2)
cfi=(218)
cfn=(802)
calls=59 25 
0 41300
0 59
0 495
cfn=(3956)
calls=50 0 
0 5000
0 600
cfn=(3974)
calls=50 0 
0 32643
0 1488
cfn=(4000) std::optional<walnutpie::detail::SpanW> walnutpie::detail::build_span<(walnutpie::detail::Direction)1, walnutpie::detail::NoExceptLogpGrad<run_walnuts<walnutpie::detail::Adam>(walnutpie::DynamicStanModel&, unsigned int, walnutpie::InitConfigBuilder&, unsigned long, unsigned long, bool, walnutpie::WarmupConfig&, walnutpie::SamplingConfig&, double, bool, double)::{lambda((auto:1&&)...)#1}, StanHandler>, std::mersenne_twister_engine<unsigned long, 64ul, 312ul, 156ul, 31ul, 13043109905998158313ul, 29ul, 6148914691236517205ul, 17ul, 8202884508482404352ul, 37ul, 18444473444759240704ul, 43ul, 6364136223846793005ul>, walnutpie::detail::Adam>(walnutpie::detail::Random<std::mersenne_twister_engine<unsigned long, 64ul, 312ul, 156ul, 31ul, 13043109905998158313ul, 29ul, 6148914691236517205ul, 17ul, 8202884508482404352ul, 37ul, 18444473444759240704ul, 43ul, 6364136223846793005ul> >&, walnutpie::detail::NoExceptLogpGrad<run_walnuts<walnutpie::detail::Adam>(walnutpie::DynamicStanModel&, unsigned int, walnutpie::InitConfigBuilder&, unsigned long, unsigned long, bool, walnutpie::WarmupConfig&, walnutpie::SamplingConfig&, double, bool, double)::{lambda((auto:1&&)...)#1}, StanHandler> const&, Eigen::Matrix<double, -1, 1, 0, -1, 1> const&, double, unsigned long, unsigned long, unsigned long, double, walnutpie::detail::SpanW const&, walnutpie::detail::Adam&)
calls=49 0 
0 9801050
0 147
cob=(2)
cfi=(218)
cfn=(802)
calls=49 25 
0 34300
0 49
0 409
cfn=(4002) bool walnutpie::detail::uturn<(walnutpie::detail::Direction)1>(walnutpie::detail::SpanW const&, walnutpie::detail::SpanW const&, Eigen::Matrix<double, -1, 1, 0, -1, 1> const&)
calls=41 0 
0 3293
0 246
cfn=(4004) walnutpie::detail::SpanW walnutpie::detail::combine<(walnutpie::detail::Update)1, (walnutpie::detail::Direction)1, std::mersenne_twister_engine<unsigned long, 64ul, 312ul, 156ul, 31ul, 13043109905998158313ul, 29ul, 6148914691236517205ul, 17ul, 8202884508482404352ul, 37ul, 18444473444759240704ul, 43ul, 6364136223846793005ul> >(walnutpie::detail::Random<std::mersenne_twister_engine<unsigned long, 64ul, 312ul, 156ul, 31ul, 13043109905998158313ul, 29ul, 6148914691236517205ul, 17ul, 8202884508482404352ul, 37ul, 18444473444759240704ul, 43ul, 6364136223846793005ul> >&, walnutpie::detail::SpanW&&, walnutpie::detail::SpanW&&)
calls=41 0 
0 13062
0 123
cfn=(4006) walnutpie::detail::SpanW::operator=(walnutpie::detail::SpanW&&) [clone .isra.0]
calls=41 0 
0 2911
0 82
cfn=(3974)
calls=41 0 
0 8271
0 123
cfn=(3974)
calls=41 0 
0 6065
0 666
cfn=(3976)
calls=49 0 
0 3817
0 294
cfn=(3980)
calls=49 0 
0 16225
0 4214
cfn=(3974)
calls=49 0 
0 12048
0 147
cfn=(3974)
calls=49 0 
0 8330
0 294
cfn=(3956)
calls=49 0 
0 4900
0 196

fn=(3948)
0 6776
cfn=(3904)
calls=484 0 
0 35623
0 1452
cfn=(3904)
calls=484 0 
0 39123
0 1452
cfn=(3904)
calls=484 0 
0 46337
0 2420
cfn=(3904)
calls=484 0 
0 50327
0 4356
cfn=(3904)
calls=484 0 
0 58323
0 11132

fn=(3954)
0 1734
cfn=(3956)
calls=24 0 
0 2521
0 10
cfn=(3956)
calls=2 0 
0 74
0 104
cfn=(3956)
calls=26 0 
0 2595
0 182
cfn=(3956)
calls=26 0 
0 2665
0 2048
cob=(7)
cfi=(240)
cfn=(964)
calls=28 52 
0 700
0 28
0 504
cob=(12)
cfi=(383)
cfn=(3770)
calls=28 0 
0 1714630
0 140
cob=(7)
cfi=(240)
cfn=(964)
calls=28 52 
0 700
0 28
0 1270
cfn=(3946)
calls=26 0 
0 1014
0 807
cfn=(3955) std::optional<walnutpie::detail::SpanW> walnutpie::detail::build_span<(walnutpie::detail::Direction)0, walnutpie::detail::NoExceptLogpGrad<run_walnuts<walnutpie::detail::Adam>(walnutpie::DynamicStanModel&, unsigned int, walnutpie::InitConfigBuilder&, unsigned long, unsigned long, bool, walnutpie::WarmupConfig&, walnutpie::SamplingConfig&, double, bool, double)::{lambda((auto:1&&)...)#1}, StanHandler>, std::mersenne_twister_engine<unsigned long, 64ul, 312ul, 156ul, 31ul, 13043109905998158313ul, 29ul, 6148914691236517205ul, 17ul, 8202884508482404352ul, 37ul, 18444473444759240704ul, 43ul, 6364136223846793005ul>, walnutpie::detail::Adam>(walnutpie::detail::Random<std::mersenne_twister_engine<unsigned long, 64ul, 312ul, 156ul, 31ul, 13043109905998158313ul, 29ul, 6148914691236517205ul, 17ul, 8202884508482404352ul, 37ul, 18444473444759240704ul, 43ul, 6364136223846793005ul> >&, walnutpie::detail::NoExceptLogpGrad<run_walnuts<walnutpie::detail::Adam>(walnutpie::DynamicStanModel&, unsigned int, walnutpie::InitConfigBuilder&, unsigned long, unsigned long, bool, walnutpie::WarmupConfig&, walnutpie::SamplingConfig&, double, bool, double)::{lambda((auto:1&&)...)#1}, StanHandler> const&, Eigen::Matrix<double, -1, 1, 0, -1, 1> const&, double, unsigned long, unsigned long, unsigned long, double, walnutpie::detail::SpanW const&, walnutpie::detail::Adam&)'2
calls=35 0 
0 4717229
0 1256
cob=(6)
cfi=(423)
cfn=(3790)
calls=24 98 
0 864
0 24
0 72
cob=(2)
cfi=(218)
cfn=(802)
calls=24 25 
0 16800
0 24
0 216
cfn=(3958) walnutpie::detail::Adam::operator()(double)
calls=24 0 
0 4664
0 360
cfn=(3966)
calls=24 0 
0 125150
0 168
cob=(2)
cfi=(152)
cfn=(632)
calls=1 3137 
0 33
0 1
0 76
cob=(2)
cfi=(152)
cfn=(632)
calls=1 3137 
0 33
0 1
0 73
cob=(2)
cfi=(152)
cfn=(632)
calls=1 3137 
0 33
0 1
0 748
cfn=(3948)
calls=23 0 
0 13058
0 69
cfn=(3972)
calls=23 0 
0 1265
0 69
cfn=(3974)
calls=23 0 
0 644
0 480
cfn=(3955)
calls=31 0 
0 4054882
0 314
cfn=(3974)
calls=31 0 
0 7787
0 205
cfn=(3976)
calls=28 0 
0 2374
0 184
cfn=(3974)
calls=28 0 
0 6501
0 158
cfn=(3992)
calls=26 0 
0 8226
0 78
cfn=(3972)
calls=26 0 
0 1430
0 78
cfn=(3974)
calls=26 0 
0 728
0 78

fn=(3955)
0 4444
cfn=(3956)
calls=88 0 
0 10789
0 75
cfn=(3956)
calls=15 0 
0 555
0 412
cfn=(3956)
calls=103 0 
0 11812
0 721
cfn=(3956)
calls=103 0 
0 12903
0 8800
cob=(7)
cfi=(240)
cfn=(964)
calls=122 52 
0 3050
0 122
0 2196
cob=(12)
cfi=(383)
cfn=(3770)
calls=122 0 
0 7480192
0 610
cob=(7)
cfi=(240)
cfn=(964)
calls=122 52 
0 3050
0 122
0 5441
cfn=(3946)
calls=103 0 
0 4017
0 1730
cfn=(3955)
calls=22 0 
0 1458748
0 4432
cob=(6)
cfi=(423)
cfn=(3790)
calls=88 98 
0 3168
0 88
0 264
cob=(2)
cfi=(218)
cfn=(802)
calls=88 25 
0 61600
0 88
0 792
cfn=(3958)
calls=88 0 
0 14784
0 1320
cfn=(3966)
calls=88 0 
0 1057944
0 672
cob=(2)
cfi=(152)
cfn=(632)
calls=6 3137 
0 277
0 6
0 288
cob=(2)
cfi=(152)
cfn=(632)
calls=6 3137 
0 198
0 6
0 270
cob=(2)
cfi=(152)
cfn=(632)
calls=6 3137 
0 277
0 6
0 1864
cfn=(3948)
calls=82 0 
0 46536
0 246
cfn=(3972)
calls=82 0 
0 4510
0 246
cfn=(3974)
calls=82 0 
0 2296
0 472
cfn=(3955)
calls=22 0 
0 2024659
0 242
cfn=(3974)
calls=22 0 
0 4936
0 142
cfn=(3976)
calls=19 0 
0 1627
0 117
cfn=(3974)
calls=19 0 
0 3893
0 109
cfn=(3992)
calls=18 0 
0 5698
0 54
cfn=(3972)
calls=18 0 
0 990
0 54
cfn=(3974)
calls=18 0 
0 504
0 54

fn=(4646) std::_Function_handler<std::__cxx11::basic_string<char, std::char_traits<char>, std::allocator<char> > (), CLI::Validator::desc_function_::{lambda()#1}>::_M_manager(std::_Any_data&, std::_Any_data const&, std::_Manager_operation)
0 6

fn=(4654) CLI::detail::ExistingPathValidator::~ExistingPathValidator()
0 13
cfn=(4656) std::_Function_handler<std::__cxx11::basic_string<char, std::char_traits<char>, std::allocator<char> > (std::__cxx11::basic_string<char, std::char_traits<char>, std::allocator<char> >&), CLI::detail::ExistingPathValidator::ExistingPathValidator()::{lambda(std::__cxx11::basic_string<char, std::char_traits<char>, std::allocator<char> >&)#1}>::_M_manager(std::_Any_data&, std::_Any_data const&, std::_Manager_operation)
calls=1 0 
0 6
0 7
cfn=(1232)
calls=1 0 
0 166
0 2

fn=(898)
0 6058
cob=(2)
cfi=(158)
cfn=(688)
calls=466 0 
0 7341
cob=(1)
cfi=(1)
cfn=(892)
calls=1 0 
0 766
0 470
0 6792
cob=(7)
cfi=(232)
cfn=(918)
calls=101 43 
0 6237
0 101
0 707
cob=(2)
cfi=(158)
cfn=(908)
calls=101 0 
0 1503
0 101
0 1288
cob=(2)
cfi=(158)
cfn=(908)
calls=322 0 
0 4538
cob=(1)
cfi=(1)
cfn=(892)
calls=1 0 
0 873
0 326
0 846

fn=(1026)
0 2244
cob=(7)
cfi=(169)
cfn=(604)
calls=26 269 
0 650
0 26
0 52
cob=(7)
cfi=(170)
cfn=(642)
calls=26 507 
0 156
0 26
0 260
cob=(7)
cfi=(170)
cfn=(746)
calls=26 91 
0 156
0 26
0 108
cob=(7)
cfi=(169)
cfn=(604)
calls=14 269 
0 350
0 14
0 28
cob=(7)
cfi=(170)
cfn=(642)
calls=14 507 
0 84
0 14
0 140
cob=(7)
cfi=(170)
cfn=(746)
calls=14 91 
0 84
0 14
0 172
cob=(7)
cfi=(169)
cfn=(604)
calls=36 269 
0 900
0 36
0 72
cob=(7)
cfi=(170)
cfn=(642)
calls=36 507 
0 216
0 36
0 360
cob=(7)
cfi=(170)
cfn=(746)
calls=36 91 
0 216
0 36
0 192
cob=(7)
cfi=(169)
cfn=(604)
calls=30 269 
0 750
0 30
0 60
cob=(7)
cfi=(170)
cfn=(642)
calls=30 507 
0 180
0 30
0 300
cob=(7)
cfi=(170)
cfn=(746)
calls=30 91 
0 180
0 30
0 1120
cob=(7)
cfi=(246)
cfn=(1020)
calls=106 413 
0 1696
0 106
0 1166

fn=(1208) CLI::Option::_reduce_results(std::vector<std::__cxx11::basic_string<char, std::char_traits<char>, std::allocator<char> >, std::allocator<std::__cxx11::basic_string<char, std::char_traits<char>, std::allocator<char> > > >&, std::vector<std::__cxx11::basic_string<char, std::char_traits<char>, std::allocator<char> >, std::allocator<std::__cxx11::basic_string<char, std::char_traits<char>, std::allocator<char> > > > const&) const
0 2028
cfn=(1060)
calls=52 0 
0 1764
0 728
cfn=(1210) std::enable_if<std::is_integral<int>::value, bool>::type CLI::detail::checked_multiply<int>(int&, int)
calls=52 0 
0 572
0 988

fn=(1240) CLI::Option* CLI::App::add_flag<bool, (CLI::detail::enabler)0>(std::__cxx11::basic_string<char, std::char_traits<char>, std::allocator<char> >, bool&, std::__cxx11::basic_string<char, std::char_traits<char>, std::allocator<char> >)
0 190
cfn=(912)
calls=5 0 
0 308
0 30
cfn=(990) CLI::App::_add_flag_internal(std::__cxx11::basic_string<char, std::char_traits<char>, std::allocator<char> >, std::function<bool (std::vector<std::__cxx11::basic_string<char, std::char_traits<char>, std::allocator<char> >, std::allocator<std::__cxx11::basic_string<char, std::char_traits<char>, std::allocator<char> > > > const&)>, std::__cxx11::basic_string<char, std::char_traits<char>, std::allocator<char> >)
calls=5 0 
0 108916
0 120

fn=(1378) CLI::Option* CLI::App::add_option<std::__cxx11::basic_string<char, std::char_traits<char>, std::allocator<char> >, std::__cxx11::basic_string<char, std::char_traits<char>, std::allocator<char> >, (CLI::detail::enabler)0>(std::__cxx11::basic_string<char, std::char_traits<char>, std::allocator<char> >, std::__cxx11::basic_string<char, std::char_traits<char>, std::allocator<char> >&, std::__cxx11::basic_string<char, std::char_traits<char>, std::allocator<char> >) [clone .isra.0]
0 115
cfn=(912)
calls=5 0 
0 833
0 65
cfn=(912)
calls=5 0 
0 210
0 35
cfn=(992) CLI::App::add_option(std::__cxx11::basic_string<char, std::char_traits<char>, std::allocator<char> >, std::function<bool (std::vector<std::__cxx11::basic_string<char, std::char_traits<char>, std::allocator<char> >, std::allocator<std::__cxx11::basic_string<char, std::char_traits<char>, std::allocator<char> > > > const&)>, std::__cxx11::basic_string<char, std::char_traits<char>, std::allocator<char> >, bool, std::function<std::__cxx11::basic_string<char, std::char_traits<char>, std::allocator<char> > ()>)
calls=5 0 
0 206009
0 23
cob=(7)
cfi=(247)
cfn=(1034)
calls=1 32 
0 37
0 1
0 35
cfn=(1380)
calls=5 0 
0 40
0 30
cob=(7)
cfi=(247)
cfn=(1034)
calls=5 32 
0 185
0 5
0 35
cfn=(1382)
calls=5 0 
0 40
0 20
cfn=(898)
calls=5 0 
0 325
0 25
cfn=(912)
calls=5 0 
0 165
0 30
cob=(7)
cfi=(232)
cfn=(918)
calls=5 43 
0 210
0 5
0 20
cob=(7)
cfi=(233)
cfn=(942)
calls=5 766 
0 165
0 5
0 110
cfn=(1102)
calls=5 0 
0 30
0 120

fn=(1498) CLI::App::increment_parsed()
0 10

fn=(1526) CLI::Option::_validate(std::__cxx11::basic_string<char, std::char_traits<char>, std::allocator<char> >&, int) const
0 225
cfn=(912)
calls=5 0 
0 341
0 40
cfn=(1600) std::_Function_handler<std::__cxx11::basic_string<char, std::char_traits<char>, std::allocator<char> > (std::__cxx11::basic_string<char, std::char_traits<char>, std::allocator<char> >&), CLI::detail::NonexistentPathValidator::NonexistentPathValidator()::{lambda(std::__cxx11::basic_string<char, std::char_traits<char>, std::allocator<char> >&)#1}>::_M_invoke(std::_Any_data const&, std::__cxx11::basic_string<char, std::char_traits<char>, std::allocator<char> >&)
calls=1 0 
0 2629
cfn=(1532) std::_Function_handler<std::__cxx11::basic_string<char, std::char_traits<char>, std::allocator<char> > (std::__cxx11::basic_string<char, std::char_traits<char>, std::allocator<char> >&), CLI::detail::ExistingFileValidator::ExistingFileValidator()::{lambda(std::__cxx11::basic_string<char, std::char_traits<char>, std::allocator<char> >&)#1}>::_M_invoke(std::_Any_data const&, std::__cxx11::basic_string<char, std::char_traits<char>, std::allocator<char> >&)
calls=2 0 
0 8991
cfn=(1528) std::_Function_handler<std::__cxx11::basic_string<char, std::char_traits<char>, std::allocator<char> > (std::__cxx11::basic_string<char, std::char_traits<char>, std::allocator<char> >&), CLI::Range::Range<double>(double, double, std::__cxx11::basic_string<char, std::char_traits<char>, std::allocator<char> > const&)::{lambda(std::__cxx11::basic_string<char, std::char_traits<char>, std::allocator<char> >&)#1}>::_M_invoke(std::_Any_data const&, std::__cxx11::basic_string<char, std::char_traits<char>, std::allocator<char> >&)
calls=2 0 
0 994
0 15
cfn=(1066)
calls=5 0 
0 110
0 49
cob=(7)
cfi=(247)
cfn=(1034)
calls=3 32 
0 111
0 3
0 155

fn=(1600)
0 9
cfn=(1534) CLI::detail::check_path(char const*)
calls=1 0 
0 2606
0 14

fn=(1612) CLI::App::~App()
0 12
cfn=(1614) std::_Sp_counted_base<(__gnu_cxx::_Lock_policy)2>::_M_release()
calls=1 0 
0 121
0 2
cfn=(1072)
calls=1 0 
0 14
0 2
cob=(7)
cfi=(233)
cfn=(924)
calls=1 295 
0 6
0 1
0 8
cfn=(1100)
calls=1 0 
0 3
0 5
cfn=(1100)
calls=1 0 
0 3
0 12
cob=(7)
cfi=(247)
cfn=(1034)
calls=1 32 
0 37
0 1
0 13
cfn=(1622) std::_Function_handler<std::__cxx11::basic_string<char, std::char_traits<char>, std::allocator<char> > (CLI::App const*, CLI::Error const&), std::__cxx11::basic_string<char, std::char_traits<char>, std::allocator<char> > (*)(CLI::App const*, CLI::Error const&)>::_M_manager(std::_Any_data&, std::_Any_data const&, std::_Manager_operation)
calls=1 0 
0 8
0 4
cfn=(1614)
calls=1 0 
0 112
0 5
cob=(7)
cfi=(233)
cfn=(924)
calls=1 295 
0 6
0 1
0 5
cob=(7)
cfi=(233)
cfn=(924)
calls=1 295 
0 6
0 1
0 324
cfn=(1098)
calls=53 0 
0 39626
0 159
cob=(7)
cfi=(247)
cfn=(1034)
calls=53 32 
0 5676
0 53
0 113
cob=(7)
cfi=(247)
cfn=(1034)
calls=1 32 
0 37
0 1
0 2
cob=(7)
cfi=(233)
cfn=(924)
calls=1 295 
0 6
0 1
0 11
cob=(7)
cfi=(233)
cfn=(924)
calls=1 295 
0 148
0 1
0 7
cob=(7)
cfi=(233)
cfn=(924)
calls=1 295 
0 42
0 1

fn=(1616) std::_Sp_counted_ptr<CLI::ConfigBase*, (__gnu_cxx::_Lock_policy)2>::_M_dispose()
0 5
cfn=(1618) CLI::ConfigBase::~ConfigBase()
calls=1 0 
0 62

fn=(1622)
0 8

fn=(1642)
0 25
cob=(7)
cfi=(247)
cfn=(1034)
calls=1 32 
0 116
0 1
0 4
cob=(7)
cfi=(247)
cfn=(1034)
calls=1 32 
0 37
0 1
0 1

fn=(3710) Eigen::Matrix<double, -1, 1, 0, -1, 1>::Matrix<Eigen::Map<Eigen::Matrix<double, -1, 1, 0, -1, 1>, 0, Eigen::Stride<0, 0> > >(Eigen::Map<Eigen::Matrix<double, -1, 1, 0, -1, 1>, 0, Eigen::Stride<0, 0> > const&)
0 13
cfn=(3712)
calls=1 0 
0 833
0 32

fn=(3728) Eigen::PlainObjectBase<Eigen::Matrix<double, -1, 1, 0, -1, 1> >::PlainObjectBase<Eigen::CwiseNullaryOp<Eigen::internal::scalar_zero_op<double>, Eigen::Matrix<double, -1, 1, 0, -1, 1> > >(Eigen::DenseBase<Eigen::CwiseNullaryOp<Eigen::internal::scalar_zero_op<double>, Eigen::Matrix<double, -1, 1, 0, -1, 1> > > const&)
0 51
cob=(2)
cfi=(152)
cfn=(812)
calls=3 3101 
0 352
0 3
0 39
cob=(2)
cfi=(158)
cfn=(936)
calls=3 0 
0 33
cob=(1)
cfi=(1)
cfn=(892)
calls=1 0 
0 773
0 7

fn=(3750) std::vector<Eigen::Matrix<double, -1, 1, 0, -1, 1>, std::allocator<Eigen::Matrix<double, -1, 1, 0, -1, 1> > >::~vector()
0 42

fn=(3914) walnutpie::detail::OnlineMoments::OnlineMoments(double, Eigen::Matrix<double, -1, 1, 0, -1, 1> const&, Eigen::Matrix<double, -1, 1, 0, -1, 1> const&)
0 76
cfn=(3904)
calls=4 0 
0 598
0 68
cfn=(898)
calls=4 0 
0 252
0 12
cfn=(3916) void walnutpie::detail::validate_positive<double>(double, std::__cxx11::basic_string<char, std::char_traits<char>, std::allocator<char> > const&)
calls=4 0 
0 60
0 8
cob=(7)
cfi=(233)
cfn=(924)
calls=4 295 
0 24
0 4
0 16
cfn=(898)
calls=4 0 
0 252
0 16
cfn=(898)
calls=4 0 
0 252
0 20
cob=(7)
cfi=(233)
cfn=(924)
calls=4 295 
0 24
0 4
0 8
cob=(7)
cfi=(233)
cfn=(924)
calls=4 295 
0 24
0 4
0 56
cfn=(3712)
calls=4 0 
0 531
0 156
cfn=(3712)
calls=4 0 
0 633
0 140

fn=(3922) void Eigen::internal::call_dense_assignment_loop<Eigen::Matrix<double, -1, 1, 0, -1, 1>, Eigen::CwiseBinaryOp<Eigen::internal::scalar_quotient_op<double, double>, Eigen::Matrix<double, -1, 1, 0, -1, 1> const, Eigen::CwiseNullaryOp<Eigen::internal::scalar_constant_op<double>, Eigen::Matrix<double, -1, 1, 0, -1, 1> const> const>, Eigen::internal::assign_op<double, double> >(Eigen::Matrix<double, -1, 1, 0, -1, 1>&, Eigen::CwiseBinaryOp<Eigen::internal::scalar_quotient_op<double, double>, Eigen::Matrix<double, -1, 1, 0, -1, 1> const, Eigen::CwiseNullaryOp<Eigen::internal::scalar_constant_op<double>, Eigen::Matrix<double, -1, 1, 0, -1, 1> const> const> const&, Eigen::internal::assign_op<double, double> const&)
0 4100

fn=(3968)
0 2115
cob=(2)
cfi=(152)
cfn=(812)
calls=141 3101 
0 7532
0 141
0 1269

fn=(4064) Eigen::PlainObjectBase<Eigen::Matrix<double, -1, 1, 0, -1, 1> >::PlainObjectBase<Eigen::CwiseUnaryOp<Eigen::internal::scalar_inverse_op<double>, Eigen::Matrix<double, -1, 1, 0, -1, 1> const> >(Eigen::DenseBase<Eigen::CwiseUnaryOp<Eigen::internal::scalar_inverse_op<double>, Eigen::Matrix<double, -1, 1, 0, -1, 1> const> > const&)
0 38
cob=(2)
cfi=(152)
cfn=(812)
calls=2 3101 
0 60
0 2
0 18
cfn=(3996) void Eigen::internal::call_dense_assignment_loop<Eigen::Matrix<double, -1, 1, 0, -1, 1>, Eigen::CwiseUnaryOp<Eigen::internal::scalar_inverse_op<double>, Eigen::Matrix<double, -1, 1, 0, -1, 1> const>, Eigen::internal::assign_op<double, double> >(Eigen::Matrix<double, -1, 1, 0, -1, 1>&, Eigen::CwiseUnaryOp<Eigen::internal::scalar_inverse_op<double>, Eigen::Matrix<double, -1, 1, 0, -1, 1> const> const&, Eigen::internal::assign_op<double, double> const&) [clone .isra.0]
calls=2 0 
0 84
0 14

fn=(4634) CLI::Range::~Range()
0 26
cfn=(1234)
calls=2 0 
0 16
0 14
cfn=(1232)
calls=2 0 
0 311
0 4

fn=(4638)
0 6

fn=(4648) CLI::detail::IPV4Validator::~IPV4Validator()
0 13
cfn=(4650) std::_Function_handler<std::__cxx11::basic_string<char, std::char_traits<char>, std::allocator<char> > (std::__cxx11::basic_string<char, std::char_traits<char>, std::allocator<char> >&), CLI::detail::IPV4Validator::IPV4Validator()::{lambda(std::__cxx11::basic_string<char, std::char_traits<char>, std::allocator<char> >&)#1}>::_M_manager(std::_Any_data&, std::_Any_data const&, std::_Manager_operation)
calls=1 0 
0 6
0 7
cfn=(1232)
calls=1 0 
0 166
0 2

fn=(958) main
0 14
cob=(7)
cfi=(240)
cfn=(964)
calls=1 52 
0 25
cob=(1)
cfi=(1)
cfn=(892)
calls=1 0 
0 800
0 5
0 2
cob=(2)
cfi=(243) /usr/src/debug/glibc/glibc/stdlib/random.c
cfn=(974) srand
calls=1 210 
0 6766
cob=(1)
cfi=(1)
cfn=(892)
calls=1 0 
0 736
0 5
0 1
cob=(2)
cfi=(245) /usr/src/debug/glibc/glibc/stdlib/rand.c
cfn=(982) rand
calls=1 26 
0 50
cob=(1)
cfi=(1)
cfn=(892)
calls=1 0 
0 778
0 5
0 26
cfn=(898)
calls=1 0 
0 65
0 44
cfn=(898)
calls=1 0 
0 43
0 20
cfn=(898)
calls=1 0 
0 238
0 4
cfn=(898)
calls=1 0 
0 43
0 6
cfn=(912)
calls=1 0 
0 18
0 6
cfn=(912)
calls=1 0 
0 215
0 5
cfn=(988) CLI::App::App(std::__cxx11::basic_string<char, std::char_traits<char>, std::allocator<char> >, std::__cxx11::basic_string<char, std::char_traits<char>, std::allocator<char> >, CLI::App*)
calls=1 0 
0 936
0 2
cob=(7)
cfi=(233)
cfn=(924)
calls=1 295 
0 6
0 1
0 2
cob=(7)
cfi=(233)
cfn=(924)
calls=1 295 
0 6
0 1
0 4
cfn=(898)
calls=1 0 
0 247
0 4
cfn=(898)
calls=1 0 
0 63
0 12
cfn=(912)
calls=1 0 
0 31
0 6
cfn=(912)
calls=1 0 
0 216
0 20
cfn=(912)
calls=1 0 
0 31
0 5
cfn=(990)
calls=1 0 
0 18260
0 3
cob=(7)
cfi=(233)
cfn=(924)
calls=1 295 
0 6
0 1
0 5
cob=(7)
cfi=(233)
cfn=(924)
calls=1 295 
0 6
0 1
0 3
cob=(7)
cfi=(233)
cfn=(924)
calls=1 295 
0 6
0 1
0 5
cob=(7)
cfi=(233)
cfn=(924)
calls=1 295 
0 6
0 1
0 3
cob=(7)
cfi=(233)
cfn=(924)
calls=1 295 
0 42
0 1
0 2
cob=(7)
cfi=(233)
cfn=(924)
calls=1 295 
0 6
0 1
0 2
cob=(7)
cfi=(233)
cfn=(924)
calls=1 295 
0 42
0 1
0 4
cfn=(898)
calls=1 0 
0 247
0 4
cfn=(898)
calls=1 0 
0 65
0 6
cfn=(1104) CLI::Option* CLI::App::add_option<unsigned long, unsigned long, (CLI::detail::enabler)0>(std::__cxx11::basic_string<char, std::char_traits<char>, std::allocator<char> >, unsigned long&, std::__cxx11::basic_string<char, std::char_traits<char>, std::allocator<char> >) [clone .isra.0]
calls=1 0 
0 6702
0 3
cfn=(1118)
calls=1 0 
0 7498
0 3
cob=(7)
cfi=(233)
cfn=(924)
calls=1 295 
0 6
0 1
0 3
cob=(7)
cfi=(233)
cfn=(924)
calls=1 295 
0 42
0 1
0 6
cfn=(898)
calls=1 0 
0 105
0 5
cfn=(898)
calls=1 0 
0 63
0 6
cfn=(1104)
calls=1 0 
0 6883
0 3
cfn=(1118)
calls=1 0 
0 1913
0 5
cfn=(898)
calls=1 0 
0 43
0 3
cfn=(1230) CLI::Validator::Validator(CLI::Validator const&)
calls=1 0 
0 175
0 4
cfn=(1236) CLI::Option::check(CLI::Validator, std::__cxx11::basic_string<char, std::char_traits<char>, std::allocator<char> > const&) [clone .isra.0]
calls=1 0 
0 323
0 2
cfn=(1238) CLI::Validator::~Validator()
calls=1 0 
0 14
0 2
cob=(7)
cfi=(233)
cfn=(924)
calls=1 295 
0 6
0 1
0 2
cob=(7)
cfi=(233)
cfn=(924)
calls=1 295 
0 6
0 1
0 2
cob=(7)
cfi=(233)
cfn=(924)
calls=1 295 
0 42
0 1
0 4
cfn=(898)
calls=1 0 
0 105
0 4
cfn=(898)
calls=1 0 
0 63
0 6
cfn=(1104)
calls=1 0 
0 7348
0 3
cfn=(1118)
calls=1 0 
0 1913
0 5
cfn=(898)
calls=1 0 
0 43
0 3
cfn=(1230)
calls=1 0 
0 175
0 4
cfn=(1236)
calls=1 0 
0 323
0 2
cfn=(1238)
calls=1 0 
0 14
0 2
cob=(7)
cfi=(233)
cfn=(924)
calls=1 295 
0 6
0 1
0 2
cob=(7)
cfi=(233)
cfn=(924)
calls=1 295 
0 6
0 1
0 2
cob=(7)
cfi=(233)
cfn=(924)
calls=1 295 
0 42
0 1
0 4
cfn=(898)
calls=1 0 
0 114
0 4
cfn=(898)
calls=1 0 
0 63
0 5
cfn=(1240)
calls=1 0 
0 7436
0 3
cfn=(1244)
calls=1 0 
0 2247
0 2
cob=(7)
cfi=(233)
cfn=(924)
calls=1 295 
0 6
0 1
0 2
cob=(7)
cfi=(233)
cfn=(924)
calls=1 295 
0 6
0 1
0 4
cfn=(898)
calls=1 0 
0 118
0 4
cfn=(898)
calls=1 0 
0 105
0 6
cfn=(1104)
calls=1 0 
0 11348
0 3
cfn=(1118)
calls=1 0 
0 1783
0 5
cfn=(898)
calls=1 0 
0 43
0 3
cfn=(1230)
calls=1 0 
0 175
0 4
cfn=(1236)
calls=1 0 
0 323
0 2
cfn=(1238)
calls=1 0 
0 14
0 2
cob=(7)
cfi=(233)
cfn=(924)
calls=1 295 
0 6
0 1
0 2
cob=(7)
cfi=(233)
cfn=(924)
calls=1 295 
0 42
0 1
0 2
cob=(7)
cfi=(233)
cfn=(924)
calls=1 295 
0 42
0 1
0 4
cfn=(898)
calls=1 0 
0 114
0 4
cfn=(898)
calls=1 0 
0 105
0 6
cfn=(1104)
calls=1 0 
0 11363
0 3
cfn=(1118)
calls=1 0 
0 1783
0 5
cfn=(898)
calls=1 0 
0 43
0 3
cfn=(1230)
calls=1 0 
0 175
0 4
cfn=(1236)
calls=1 0 
0 323
0 2
cfn=(1238)
calls=1 0 
0 14
0 2
cob=(7)
cfi=(233)
cfn=(924)
calls=1 295 
0 6
0 1
0 2
cob=(7)
cfi=(233)
cfn=(924)
calls=1 295 
0 42
0 1
0 2
cob=(7)
cfi=(233)
cfn=(924)
calls=1 295 
0 42
0 1
0 4
cfn=(898)
calls=1 0 
0 114
0 4
cfn=(898)
calls=1 0 
0 105
0 6
cfn=(1104)
calls=1 0 
0 10249
0 3
cfn=(1118)
calls=1 0 
0 1783
0 5
cfn=(898)
calls=1 0 
0 43
0 3
cfn=(1230)
calls=1 0 
0 175
0 4
cfn=(1236)
calls=1 0 
0 323
0 2
cfn=(1238)
calls=1 0 
0 14
0 2
cob=(7)
cfi=(233)
cfn=(924)
calls=1 295 
0 6
0 1
0 2
cob=(7)
cfi=(233)
cfn=(924)
calls=1 295 
0 42
0 1
0 2
cob=(7)
cfi=(233)
cfn=(924)
calls=1 295 
0 42
0 1
0 4
cfn=(898)
calls=1 0 
0 114
0 4
cfn=(898)
calls=1 0 
0 105
0 6
cfn=(1270) CLI::Option* CLI::App::add_option<double, double, (CLI::detail::enabler)0>(std::__cxx11::basic_string<char, std::char_traits<char>, std::allocator<char> >, double&, std::__cxx11::basic_string<char, std::char_traits<char>, std::allocator<char> >) [clone .isra.0]
calls=1 0 
0 12253
0 3
cfn=(1276)
calls=1 0 
0 5516
0 5
cfn=(898)
calls=1 0 
0 43
0 3
cfn=(1230)
calls=1 0 
0 175
0 4
cfn=(1236)
calls=1 0 
0 323
0 2
cfn=(1238)
calls=1 0 
0 14
0 2
cob=(7)
cfi=(233)
cfn=(924)
calls=1 295 
0 6
0 1
0 2
cob=(7)
cfi=(233)
cfn=(924)
calls=1 295 
0 42
0 1
0 2
cob=(7)
cfi=(233)
cfn=(924)
calls=1 295 
0 42
0 1
0 4
cfn=(898)
calls=1 0 
0 265
0 4
cfn=(898)
calls=1 0 
0 63
0 6
cfn=(1378)
calls=1 0 
0 10589
0 3
cfn=(1384) CLI::Option* CLI::Option::default_val<std::__cxx11::basic_string<char, std::char_traits<char>, std::allocator<char> > >(std::__cxx11::basic_string<char, std::char_traits<char>, std::allocator<char> > const&)
calls=1 0 
0 609
0 2
cob=(7)
cfi=(233)
cfn=(924)
calls=1 295 
0 6
0 1
0 2
cob=(7)
cfi=(233)
cfn=(924)
calls=1 295 
0 42
0 1
0 4
cfn=(898)
calls=1 0 
0 118
0 4
cfn=(898)
calls=1 0 
0 65
0 6
cfn=(1270)
calls=1 0 
0 10631
0 3
cfn=(1276)
calls=1 0 
0 3554
0 5
cfn=(898)
calls=1 0 
0 43
0 3
cfn=(1230)
calls=1 0 
0 175
0 4
cfn=(1236)
calls=1 0 
0 190
0 2
cfn=(1238)
calls=1 0 
0 14
0 2
cob=(7)
cfi=(233)
cfn=(924)
calls=1 295 
0 6
0 1
0 2
cob=(7)
cfi=(233)
cfn=(924)
calls=1 295 
0 6
0 1
0 2
cob=(7)
cfi=(233)
cfn=(924)
calls=1 295 
0 42
0 1
0 4
cfn=(898)
calls=1 0 
0 114
0 4
cfn=(898)
calls=1 0 
0 105
0 6
cfn=(1270)
calls=1 0 
0 12290
0 3
cfn=(1276)
calls=1 0 
0 3554
0 5
cfn=(898)
calls=1 0 
0 43
0 9
cfn=(946) CLI::Range::Range<double>(double, double, std::__cxx11::basic_string<char, std::char_traits<char>, std::allocator<char> > const&)
calls=1 0 
0 12138
0 29
cob=(7)
cfi=(233)
cfn=(942)
calls=1 766 
0 33
0 1
0 9
cfn=(1236)
calls=1 0 
0 190
0 3
cfn=(1238)
calls=1 0 
0 14
0 2
cfn=(1238)
calls=1 0 
0 14
0 2
cob=(7)
cfi=(233)
cfn=(924)
calls=1 295 
0 6
0 1
0 2
cob=(7)
cfi=(233)
cfn=(924)
calls=1 295 
0 6
0 1
0 2
cob=(7)
cfi=(233)
cfn=(924)
calls=1 295 
0 42
0 1
0 2
cob=(7)
cfi=(233)
cfn=(924)
calls=1 295 
0 42
0 1
0 6
cfn=(898)
calls=1 0 
0 114
0 4
cfn=(898)
calls=1 0 
0 105
0 6
cfn=(1270)
calls=1 0 
0 15032
0 3
cfn=(1276)
calls=1 0 
0 4466
0 5
cfn=(898)
calls=1 0 
0 43
0 3
cfn=(1230)
calls=1 0 
0 175
0 4
cfn=(1236)
calls=1 0 
0 190
0 2
cfn=(1238)
calls=1 0 
0 14
0 2
cob=(7)
cfi=(233)
cfn=(924)
calls=1 295 
0 6
0 1
0 2
cob=(7)
cfi=(233)
cfn=(924)
calls=1 295 
0 42
0 1
0 3
cob=(7)
cfi=(233)
cfn=(924)
calls=1 295 
0 42
0 1
0 5
cfn=(898)
calls=1 0 
0 105
0 4
cfn=(898)
calls=1 0 
0 105
0 6
cfn=(1270)
calls=1 0 
0 15452
0 3
cfn=(1276)
calls=1 0 
0 3865
0 5
cfn=(898)
calls=1 0 
0 43
0 3
cfn=(1230)
calls=1 0 
0 175
0 4
cfn=(1236)
calls=1 0 
0 323
0 2
cfn=(1238)
calls=1 0 
0 14
0 2
cob=(7)
cfi=(233)
cfn=(924)
calls=1 295 
0 6
0 1
0 2
cob=(7)
cfi=(233)
cfn=(924)
calls=1 295 
0 42
0 1
0 3
cob=(7)
cfi=(233)
cfn=(924)
calls=1 295 
0 42
0 1
0 5
cfn=(898)
calls=1 0 
0 118
0 4
cfn=(898)
calls=1 0 
0 105
0 6
cfn=(1270)
calls=1 0 
0 13473
0 3
cfn=(1276)
calls=1 0 
0 3554
0 5
cfn=(898)
calls=1 0 
0 43
0 3
cfn=(1230)
calls=1 0 
0 175
0 4
cfn=(1236)
calls=1 0 
0 323
0 2
cfn=(1238)
calls=1 0 
0 14
0 2
cob=(7)
cfi=(233)
cfn=(924)
calls=1 295 
0 6
0 1
0 2
cob=(7)
cfi=(233)
cfn=(924)
calls=1 295 
0 42
0 1
0 2
cob=(7)
cfi=(233)
cfn=(924)
calls=1 295 
0 42
0 1
0 4
cfn=(898)
calls=1 0 
0 114
0 4
cfn=(898)
calls=1 0 
0 105
0 6
cfn=(1270)
calls=1 0 
0 16279
0 3
cfn=(1276)
calls=1 0 
0 4015
0 5
cfn=(898)
calls=1 0 
0 43
0 8
cfn=(946)
calls=1 0 
0 7701
0 29
cob=(7)
cfi=(233)
cfn=(942)
calls=1 766 
0 33
0 1
0 9
cfn=(1236)
calls=1 0 
0 323
0 3
cfn=(1238)
calls=1 0 
0 14
0 2
cfn=(1238)
calls=1 0 
0 14
0 2
cob=(7)
cfi=(233)
cfn=(924)
calls=1 295 
0 6
0 1
0 3
cob=(7)
cfi=(233)
cfn=(924)
calls=1 295 
0 6
0 1
0 2
cob=(7)
cfi=(233)
cfn=(924)
calls=1 295 
0 42
0 1
0 2
cob=(7)
cfi=(233)
cfn=(924)
calls=1 295 
0 42
0 1
0 4
cfn=(898)
calls=1 0 
0 265
0 4
cfn=(898)
calls=1 0 
0 105
0 6
cfn=(1378)
calls=1 0 
0 15127
0 3
cfn=(1384)
calls=1 0 
0 690
0 5
cfn=(898)
calls=1 0 
0 43
0 2
cob=(7)
cfi=(232)
cfn=(918)
calls=1 43 
0 42
0 1
0 31
cob=(7)
cfi=(232)
cfn=(918)
calls=1 43 
0 42
0 1
0 10
cob=(7)
cfi=(232)
cfn=(918)
calls=1 43 
0 42
0 1
0 13
cob=(7)
cfi=(232)
cfn=(918)
calls=1 43 
0 42
0 1
0 17
cob=(7)
cfi=(232)
cfn=(918)
calls=1 43 
0 42
0 1
0 14
cob=(7)
cfi=(247)
cfn=(1034)
calls=1 32 
0 37
0 1
0 17
cob=(7)
cfi=(233)
cfn=(942)
calls=1 766 
0 33
0 1
0 8
cfn=(1236)
calls=1 0 
0 190
0 3
cfn=(1238)
calls=1 0 
0 14
0 3
cfn=(1238)
calls=1 0 
0 14
0 2
cob=(7)
cfi=(233)
cfn=(924)
calls=1 295 
0 6
0 1
0 2
cob=(7)
cfi=(233)
cfn=(924)
calls=1 295 
0 42
0 1
0 2
cob=(7)
cfi=(233)
cfn=(924)
calls=1 295 
0 42
0 1
0 4
cfn=(898)
calls=1 0 
0 261
0 4
cfn=(898)
calls=1 0 
0 105
0 6
cfn=(1104)
calls=1 0 
0 18095
0 3
cfn=(1118)
calls=1 0 
0 1783
0 5
cfn=(898)
calls=1 0 
0 43
0 3
cfn=(1230)
calls=1 0 
0 175
0 4
cfn=(1236)
calls=1 0 
0 190
0 2
cfn=(1238)
calls=1 0 
0 14
0 2
cob=(7)
cfi=(233)
cfn=(924)
calls=1 295 
0 6
0 1
0 2
cob=(7)
cfi=(233)
cfn=(924)
calls=1 295 
0 42
0 1
0 2
cob=(7)
cfi=(233)
cfn=(924)
calls=1 295 
0 42
0 1
0 4
cfn=(898)
calls=1 0 
0 105
0 4
cfn=(898)
calls=1 0 
0 63
0 6
cfn=(1270)
calls=1 0 
0 15008
0 3
cfn=(1276)
calls=1 0 
0 4180
0 2
cob=(7)
cfi=(233)
cfn=(924)
calls=1 295 
0 6
0 1
0 2
cob=(7)
cfi=(233)
cfn=(924)
calls=1 295 
0 42
0 1
0 4
cfn=(898)
calls=1 0 
0 114
0 4
cfn=(898)
calls=1 0 
0 65
0 6
cfn=(1270)
calls=1 0 
0 14916
0 3
cfn=(1276)
calls=1 0 
0 3829
0 2
cob=(7)
cfi=(233)
cfn=(924)
calls=1 295 
0 6
0 1
0 2
cob=(7)
cfi=(233)
cfn=(924)
calls=1 295 
0 42
0 1
0 4
cfn=(898)
calls=1 0 
0 114
0 4
cfn=(898)
calls=1 0 
0 63
0 6
cfn=(1270)
calls=1 0 
0 15403
0 3
cfn=(1276)
calls=1 0 
0 4028
0 2
cob=(7)
cfi=(233)
cfn=(924)
calls=1 295 
0 6
0 1
0 2
cob=(7)
cfi=(233)
cfn=(924)
calls=1 295 
0 42
0 1
0 4
cfn=(898)
calls=1 0 
0 118
0 4
cfn=(898)
calls=1 0 
0 105
0 6
cfn=(1270)
calls=1 0 
0 16989
0 3
cfn=(1276)
calls=1 0 
0 3330
0 2
cob=(7)
cfi=(233)
cfn=(924)
calls=1 295 
0 42
0 1
0 2
cob=(7)
cfi=(233)
cfn=(924)
calls=1 295 
0 42
0 1
0 4
cfn=(898)
calls=1 0 
0 118
0 4
cfn=(898)
calls=1 0 
0 105
0 5
cfn=(1240)
calls=1 0 
0 19807
0 2
cob=(7)
cfi=(233)
cfn=(924)
calls=1 295 
0 42
0 1
0 2
cob=(7)
cfi=(233)
cfn=(924)
calls=1 295 
0 6
0 1
0 4
cfn=(898)
calls=1 0 
0 128
0 4
cfn=(898)
calls=1 0 
0 105
0 6
cfn=(1270)
calls=1 0 
0 20595
0 3
cfn=(1276)
calls=1 0 
0 3330
0 2
cob=(7)
cfi=(233)
cfn=(924)
calls=1 295 
0 42
0 1
0 2
cob=(7)
cfi=(233)
cfn=(924)
calls=1 295 
0 42
0 1
0 4
cfn=(898)
calls=1 0 
0 128
0 4
cfn=(898)
calls=1 0 
0 105
0 6
cfn=(1270)
calls=1 0 
0 18463
0 3
cfn=(1276)
calls=1 0 
0 3330
0 2
cob=(7)
cfi=(233)
cfn=(924)
calls=1 295 
0 42
0 1
0 2
cob=(7)
cfi=(233)
cfn=(924)
calls=1 295 
0 42
0 1
0 4
cfn=(898)
calls=1 0 
0 298
0 4
cfn=(898)
calls=1 0 
0 63
0 6
cfn=(1270)
calls=1 0 
0 18217
0 3
cfn=(1276)
calls=1 0 
0 3330
0 2
cob=(7)
cfi=(233)
cfn=(924)
calls=1 295 
0 6
0 1
0 2
cob=(7)
cfi=(233)
cfn=(924)
calls=1 295 
0 42
0 1
0 4
cfn=(898)
calls=1 0 
0 277
0 4
cfn=(898)
calls=1 0 
0 63
0 5
cfn=(1240)
calls=1 0 
0 18516
0 2
cob=(7)
cfi=(233)
cfn=(924)
calls=1 295 
0 6
0 1
0 2
cob=(7)
cfi=(233)
cfn=(924)
calls=1 295 
0 6
0 1
0 4
cfn=(898)
calls=1 0 
0 128
0 4
cfn=(898)
calls=1 0 
0 63
0 6
cfn=(1104)
calls=1 0 
0 18808
0 3
cfn=(1118)
calls=1 0 
0 1794
0 2
cob=(7)
cfi=(233)
cfn=(924)
calls=1 295 
0 6
0 1
0 2
cob=(7)
cfi=(233)
cfn=(924)
calls=1 295 
0 42
0 1
0 4
cfn=(898)
calls=1 0 
0 277
0 4
cfn=(898)
calls=1 0 
0 63
0 6
cfn=(1104)
calls=1 0 
0 19634
0 3
cfn=(1118)
calls=1 0 
0 1794
0 5
cfn=(898)
calls=1 0 
0 43
0 9
cfn=(912)
calls=1 0 
0 18
0 3
cfn=(910) CLI::Validator::Validator(std::__cxx11::basic_string<char, std::char_traits<char>, std::allocator<char> >)
calls=1 0 
0 130
0 2
cob=(7)
cfi=(233)
cfn=(924)
calls=1 295 
0 6
0 1
0 4
cob=(7)
cfi=(249)
cfn=(1124)
calls=1 1173 
0 591
0 1
0 4
cob=(7)
cfi=(279)
cfn=(1392)
calls=1 84 
0 208
0 1
0 4
cob=(7)
cfi=(279)
cfn=(1392)
calls=1 84 
0 121
0 1
0 3
cob=(7)
cfi=(250)
cfn=(1442)
calls=1 114 
0 282
cob=(1)
cfi=(1)
cfn=(892)
calls=1 0 
0 686
0 5
0 5
cob=(7)
cfi=(279)
cfn=(1392)
calls=1 84 
0 124
0 1
0 3
cob=(7)
cfi=(250)
cfn=(1442)
calls=1 114 
0 279
0 1
0 3
cob=(7)
cfi=(207)
cfn=(1456)
calls=1 734 
0 153
cob=(1)
cfi=(1)
cfn=(892)
calls=1 0 
0 926
0 5
0 3
cob=(7)
cfi=(249)
cfn=(1178)
calls=1 288 
0 56
0 1
0 5
cfn=(912)
calls=1 0 
0 31
0 14
cob=(7)
cfi=(232)
cfn=(918)
calls=1 43 
0 42
0 1
0 4
cob=(7)
cfi=(233)
cfn=(942)
calls=1 766 
0 31
0 1
0 19
cfn=(1232)
calls=1 0 
0 66
0 2
cob=(7)
cfi=(233)
cfn=(924)
calls=1 295 
0 6
0 1
0 2
cob=(7)
cfi=(233)
cfn=(924)
calls=1 295 
0 6
0 1
0 2
cob=(7)
cfi=(249)
cfn=(1190)
calls=1 1215 
0 79
0 1
0 22
cfn=(926) std::_Function_handler<std::__cxx11::basic_string<char, std::char_traits<char>, std::allocator<char> > (std::__cxx11::basic_string<char, std::char_traits<char>, std::allocator<char> >&), CLI::Validator::func_::{lambda(std::__cxx11::basic_string<char, std::char_traits<char>, std::allocator<char> >&)#1}>::_M_manager(std::_Any_data&, std::_Any_data const&, std::_Manager_operation)
calls=1 0 
0 6
0 29
cob=(7)
cfi=(233)
cfn=(942)
calls=1 766 
0 33
0 1
0 8
cfn=(1236)
calls=1 0 
0 190
0 3
cfn=(1238)
calls=1 0 
0 14
0 3
cfn=(1238)
calls=1 0 
0 14
0 2
cob=(7)
cfi=(233)
cfn=(924)
calls=1 295 
0 6
0 1
0 2
cob=(7)
cfi=(233)
cfn=(924)
calls=1 295 
0 6
0 1
0 2
cob=(7)
cfi=(233)
cfn=(924)
calls=1 295 
0 6
0 1
0 2
cob=(7)
cfi=(233)
cfn=(924)
calls=1 295 
0 42
0 1
0 4
cfn=(898)
calls=1 0 
0 304
0 4
cfn=(898)
calls=1 0 
0 105
0 6
cfn=(1270)
calls=1 0 
0 24606
0 3
cfn=(1276)
calls=1 0 
0 3330
0 5
cfn=(898)
calls=1 0 
0 43
0 3
cfn=(1230)
calls=1 0 
0 175
0 4
cfn=(1236)
calls=1 0 
0 323
0 2
cfn=(1238)
calls=1 0 
0 14
0 2
cob=(7)
cfi=(233)
cfn=(924)
calls=1 295 
0 6
0 1
0 2
cob=(7)
cfi=(233)
cfn=(924)
calls=1 295 
0 42
0 1
0 3
cob=(7)
cfi=(233)
cfn=(924)
calls=1 295 
0 42
0 1
0 5
cfn=(898)
calls=1 0 
0 144
0 4
cfn=(898)
calls=1 0 
0 63
0 6
cfn=(1104)
calls=1 0 
0 20563
0 3
cfn=(1118)
calls=1 0 
0 1783
0 5
cfn=(898)
calls=1 0 
0 43
0 3
cfn=(1230)
calls=1 0 
0 175
0 4
cfn=(1236)
calls=1 0 
0 323
0 2
cfn=(1238)
calls=1 0 
0 14
0 2
cob=(7)
cfi=(233)
cfn=(924)
calls=1 295 
0 6
0 1
0 2
cob=(7)
cfi=(233)
cfn=(924)
calls=1 295 
0 6
0 1
0 3
cob=(7)
cfi=(233)
cfn=(924)
calls=1 295 
0 42
0 1
0 5
cfn=(898)
calls=1 0 
0 169
0 4
cfn=(898)
calls=1 0 
0 105
0 6
cfn=(1270)
calls=1 0 
0 25489
0 3
cfn=(1276)
calls=1 0 
0 3330
0 5
cfn=(898)
calls=1 0 
0 43
0 3
cfn=(1230)
calls=1 0 
0 175
0 4
cfn=(1236)
calls=1 0 
0 323
0 2
cfn=(1238)
calls=1 0 
0 14
0 2
cob=(7)
cfi=(233)
cfn=(924)
calls=1 295 
0 6
0 1
0 2
cob=(7)
cfi=(233)
cfn=(924)
calls=1 295 
0 42
0 1
0 3
cob=(7)
cfi=(233)
cfn=(924)
calls=1 295 
0 42
0 1
0 5
cfn=(898)
calls=1 0 
0 118
0 4
cfn=(898)
calls=1 0 
0 105
0 6
cfn=(1104)
calls=1 0 
0 22851
0 3
cfn=(1118)
calls=1 0 
0 1918
0 5
cfn=(898)
calls=1 0 
0 43
0 3
cfn=(1230)
calls=1 0 
0 175
0 4
cfn=(1236)
calls=1 0 
0 323
0 2
cfn=(1238)
calls=1 0 
0 14
0 2
cob=(7)
cfi=(233)
cfn=(924)
calls=1 295 
0 6
0 1
0 2
cob=(7)
cfi=(233)
cfn=(924)
calls=1 295 
0 42
0 1
0 3
cob=(7)
cfi=(233)
cfn=(924)
calls=1 295 
0 42
0 1
0 4
cfn=(898)
calls=1 0 
0 128
0 4
cfn=(898)
calls=1 0 
0 105
0 6
cfn=(1104)
calls=1 0 
0 26663
0 3
cfn=(1118)
calls=1 0 
0 1913
0 2
cob=(7)
cfi=(233)
cfn=(924)
calls=1 295 
0 42
0 1
0 2
cob=(7)
cfi=(233)
cfn=(924)
calls=1 295 
0 42
0 1
0 4
cfn=(898)
calls=1 0 
0 144
0 4
cfn=(898)
calls=1 0 
0 63
0 6
cfn=(1104)
calls=1 0 
0 22267
0 3
cfn=(1118)
calls=1 0 
0 1794
0 2
cob=(7)
cfi=(233)
cfn=(924)
calls=1 295 
0 6
0 1
0 2
cob=(7)
cfi=(233)
cfn=(924)
calls=1 295 
0 42
0 1
0 4
cfn=(898)
calls=1 0 
0 302
0 4
cfn=(898)
calls=1 0 
0 63
0 6
cfn=(1104)
calls=1 0 
0 23120
0 3
cfn=(1118)
calls=1 0 
0 1794
0 2
cob=(7)
cfi=(233)
cfn=(924)
calls=1 295 
0 6
0 1
0 2
cob=(7)
cfi=(233)
cfn=(924)
calls=1 295 
0 42
0 1
0 4
cfn=(898)
calls=1 0 
0 265
0 4
cfn=(898)
calls=1 0 
0 105
0 6
cfn=(1270)
calls=1 0 
0 24544
0 3
cfn=(1276)
calls=1 0 
0 3330
0 2
cob=(7)
cfi=(233)
cfn=(924)
calls=1 295 
0 42
0 1
0 2
cob=(7)
cfi=(233)
cfn=(924)
calls=1 295 
0 42
0 1
0 4
cfn=(898)
calls=1 0 
0 114
0 4
cfn=(898)
calls=1 0 
0 105
0 6
cfn=(1104)
calls=1 0 
0 24911
0 3
cfn=(1118)
calls=1 0 
0 1794
0 2
cob=(7)
cfi=(233)
cfn=(924)
calls=1 295 
0 42
0 1
0 2
cob=(7)
cfi=(233)
cfn=(924)
calls=1 295 
0 42
0 1
0 4
cfn=(898)
calls=1 0 
0 136
0 4
cfn=(898)
calls=1 0 
0 63
0 6
cfn=(1104)
calls=1 0 
0 24595
0 3
cfn=(1118)
calls=1 0 
0 1794
0 2
cob=(7)
cfi=(233)
cfn=(924)
calls=1 295 
0 6
0 1
0 2
cob=(7)
cfi=(233)
cfn=(924)
calls=1 295 
0 42
0 1
0 4
cfn=(898)
calls=1 0 
0 137
0 4
cfn=(898)
calls=1 0 
0 105
0 6
cfn=(1270)
calls=1 0 
0 29828
0 3
cfn=(1276)
calls=1 0 
0 3330
0 2
cob=(7)
cfi=(233)
cfn=(924)
calls=1 295 
0 42
0 1
0 2
cob=(7)
cfi=(233)
cfn=(924)
calls=1 295 
0 42
0 1
0 4
cfn=(898)
calls=1 0 
0 161
0 4
cfn=(898)
calls=1 0 
0 105
0 6
cfn=(1270)
calls=1 0 
0 30579
0 3
cfn=(1276)
calls=1 0 
0 3330
0 2
cob=(7)
cfi=(233)
cfn=(924)
calls=1 295 
0 42
0 1
0 2
cob=(7)
cfi=(233)
cfn=(924)
calls=1 295 
0 42
0 1
0 4
cfn=(898)
calls=1 0 
0 165
0 4
cfn=(898)
calls=1 0 
0 105
0 6
cfn=(1270)
calls=1 0 
0 31046
0 3
cfn=(1276)
calls=1 0 
0 3330
0 2
cob=(7)
cfi=(233)
cfn=(924)
calls=1 295 
0 42
0 1
0 2
cob=(7)
cfi=(233)
cfn=(924)
calls=1 295 
0 42
0 1
0 4
cfn=(898)
calls=1 0 
0 265
0 4
cfn=(898)
calls=1 0 
0 105
0 5
cfn=(1240)
calls=1 0 
0 31759
0 2
cob=(7)
cfi=(233)
cfn=(924)
calls=1 295 
0 42
0 1
0 2
cob=(7)
cfi=(233)
cfn=(924)
calls=1 295 
0 6
0 1
0 4
cfn=(898)
calls=1 0 
0 132
0 4
cfn=(898)
calls=1 0 
0 105
0 5
cfn=(1240)
calls=1 0 
0 32046
0 2
cob=(7)
cfi=(233)
cfn=(924)
calls=1 295 
0 42
0 1
0 2
cob=(7)
cfi=(233)
cfn=(924)
calls=1 295 
0 6
0 1
0 4
cfn=(898)
calls=1 0 
0 118
0 4
cfn=(898)
calls=1 0 
0 105
0 6
cfn=(1270)
calls=1 0 
0 28058
0 3
cfn=(1276)
calls=1 0 
0 3330
0 2
cob=(7)
cfi=(233)
cfn=(924)
calls=1 295 
0 42
0 1
0 2
cob=(7)
cfi=(233)
cfn=(924)
calls=1 295 
0 42
0 1
0 5
cfn=(898)
calls=1 0 
0 114
0 4
cfn=(898)
calls=1 0 
0 105
0 6
cfn=(1270)
calls=1 0 
0 33780
0 3
cfn=(1276)
calls=1 0 
0 4180
0 5
cfn=(898)
calls=1 0 
0 43
0 3
cfn=(1230)
calls=1 0 
0 175
0 4
cfn=(1236)
calls=1 0 
0 190
0 2
cfn=(1238)
calls=1 0 
0 14
0 2
cob=(7)
cfi=(233)
cfn=(924)
calls=1 295 
0 6
0 1
0 2
cob=(7)
cfi=(233)
cfn=(924)
calls=1 295 
0 42
0 1
0 2
cob=(7)
cfi=(233)
cfn=(924)
calls=1 295 
0 42
0 1
0 4
cfn=(898)
calls=1 0 
0 118
0 4
cfn=(898)
calls=1 0 
0 105
0 6
cfn=(1270)
calls=1 0 
0 33659
0 3
cfn=(1276)
calls=1 0 
0 4015
0 5
cfn=(898)
calls=1 0 
0 43
0 8
cfn=(946)
calls=1 0 
0 8094
0 29
cob=(7)
cfi=(233)
cfn=(942)
calls=1 766 
0 33
0 1
0 9
cfn=(1236)
calls=1 0 
0 190
0 3
cfn=(1238)
calls=1 0 
0 14
0 2
cfn=(1238)
calls=1 0 
0 14
0 2
cob=(7)
cfi=(233)
cfn=(924)
calls=1 295 
0 6
0 1
0 4
cob=(7)
cfi=(233)
cfn=(924)
calls=1 295 
0 6
0 1
0 2
cob=(7)
cfi=(233)
cfn=(924)
calls=1 295 
0 42
0 1
0 2
cob=(7)
cfi=(233)
cfn=(924)
calls=1 295 
0 42
0 1
0 4
cfn=(898)
calls=1 0 
0 128
0 4
cfn=(898)
calls=1 0 
0 105
0 6
cfn=(1270)
calls=1 0 
0 35135
0 3
cfn=(1276)
calls=1 0 
0 4009
0 5
cfn=(898)
calls=1 0 
0 43
0 8
cfn=(946)
calls=1 0 
0 7701
0 29
cob=(7)
cfi=(233)
cfn=(942)
calls=1 766 
0 33
0 1
0 9
cfn=(1236)
calls=1 0 
0 323
0 3
cfn=(1238)
calls=1 0 
0 14
0 2
cfn=(1238)
calls=1 0 
0 14
0 2
cob=(7)
cfi=(233)
cfn=(924)
calls=1 295 
0 6
0 1
0 2
cob=(7)
cfi=(233)
cfn=(924)
calls=1 295 
0 6
0 1
0 2
cob=(7)
cfi=(233)
cfn=(924)
calls=1 295 
0 42
0 1
0 2
cob=(7)
cfi=(233)
cfn=(924)
calls=1 295 
0 42
0 1
0 6
cfn=(898)
calls=1 0 
0 118
0 4
cfn=(898)
calls=1 0 
0 105
0 6
cfn=(1270)
calls=1 0 
0 35020
0 3
cfn=(1276)
calls=1 0 
0 4253
0 5
cfn=(898)
calls=1 0 
0 43
0 3
cfn=(1230)
calls=1 0 
0 175
0 4
cfn=(1236)
calls=1 0 
0 323
0 2
cfn=(1238)
calls=1 0 
0 14
0 2
cob=(7)
cfi=(233)
cfn=(924)
calls=1 295 
0 6
0 1
0 2
cob=(7)
cfi=(233)
cfn=(924)
calls=1 295 
0 42
0 1
0 2
cob=(7)
cfi=(233)
cfn=(924)
calls=1 295 
0 42
0 1
0 4
cfn=(898)
calls=1 0 
0 114
0 4
cfn=(898)
calls=1 0 
0 105
0 6
cfn=(1270)
calls=1 0 
0 35788
0 3
cfn=(1276)
calls=1 0 
0 4012
0 5
cfn=(898)
calls=1 0 
0 43
0 8
cfn=(946)
calls=1 0 
0 7967
0 29
cob=(7)
cfi=(233)
cfn=(942)
calls=1 766 
0 33
0 1
0 9
cfn=(1236)
calls=1 0 
0 323
0 3
cfn=(1238)
calls=1 0 
0 14
0 3
cfn=(1238)
calls=1 0 
0 14
0 2
cob=(7)
cfi=(233)
cfn=(924)
calls=1 295 
0 6
0 1
0 2
cob=(7)
cfi=(233)
cfn=(924)
calls=1 295 
0 6
0 1
0 2
cob=(7)
cfi=(233)
cfn=(924)
calls=1 295 
0 42
0 1
0 2
cob=(7)
cfi=(233)
cfn=(924)
calls=1 295 
0 42
0 1
0 4
cfn=(898)
calls=1 0 
0 114
0 4
cfn=(898)
calls=1 0 
0 65
0 6
cfn=(1378)
calls=1 0 
0 75322
0 6
cfn=(898)
calls=1 0 
0 43
0 3
cfn=(1230)
calls=1 0 
0 172
0 4
cfn=(1236)
calls=1 0 
0 323
0 2
cfn=(1238)
calls=1 0 
0 14
0 2
cob=(7)
cfi=(233)
cfn=(924)
calls=1 295 
0 6
0 1
0 2
cob=(7)
cfi=(233)
cfn=(924)
calls=1 295 
0 6
0 1
0 2
cob=(7)
cfi=(233)
cfn=(924)
calls=1 295 
0 42
0 1
0 4
cfn=(898)
calls=1 0 
0 118
0 4
cfn=(898)
calls=1 0 
0 65
0 6
cfn=(1378)
calls=1 0 
0 75977
0 5
cfn=(898)
calls=1 0 
0 43
0 3
cfn=(1230)
calls=1 0 
0 172
0 4
cfn=(1236)
calls=1 0 
0 323
0 2
cfn=(1238)
calls=1 0 
0 14
0 2
cob=(7)
cfi=(233)
cfn=(924)
calls=1 295 
0 6
0 1
0 2
cob=(7)
cfi=(233)
cfn=(924)
calls=1 295 
0 6
0 1
0 2
cob=(7)
cfi=(233)
cfn=(924)
calls=1 295 
0 42
0 1
0 4
cfn=(898)
calls=1 0 
0 238
0 4
cfn=(898)
calls=1 0 
0 63
0 8
cfn=(1378)
calls=1 0 
0 31913
0 5
cfn=(898)
calls=1 0 
0 43
0 3
cfn=(1230)
calls=1 0 
0 221
0 4
cfn=(1236)
calls=1 0 
0 323
0 2
cfn=(1238)
calls=1 0 
0 14
0 2
cob=(7)
cfi=(233)
cfn=(924)
calls=1 295 
0 6
0 1
0 2
cob=(7)
cfi=(233)
cfn=(924)
calls=1 295 
0 6
0 1
0 2
cob=(7)
cfi=(233)
cfn=(924)
calls=1 295 
0 42
0 1
0 11
cfn=(1492) std::vector<std::__cxx11::basic_string<char, std::char_traits<char>, std::allocator<char> >, std::allocator<std::__cxx11::basic_string<char, std::char_traits<char>, std::allocator<char> > > >::reserve(unsigned long)
calls=1 0 
0 219
0 60
cfn=(898)
calls=14 0 
0 1149
0 146
cfn=(1494) CLI::App::_validate() const
calls=1 0 
0 1310
0 2
cfn=(1496) CLI::App::_configure()
calls=1 0 
0 14
0 4
cfn=(1498)
calls=1 0 
0 10
0 5
cfn=(1500)
calls=1 0 
0 16
0 34
cfn=(1502) CLI::App::_parse_single(std::vector<std::__cxx11::basic_string<char, std::char_traits<char>, std::allocator<char> >, std::allocator<std::__cxx11::basic_string<char, std::char_traits<char>, std::allocator<char> > > >&, bool&)
calls=8 0 
0 57723
0 31
cfn=(1518) CLI::App::_process_help_flags(bool, bool) const
calls=1 0 
0 25
0 2
cfn=(1520) CLI::App::_process_config_file()
calls=1 0 
0 14
0 2
cfn=(1522) CLI::App::_process_env()
calls=1 0 
0 493
0 2
cfn=(1524) CLI::App::_process_callbacks()
calls=1 0 
0 17209
0 2
cfn=(1606)
calls=1 0 
0 622
0 2
cfn=(1608)
calls=1 0 
0 25
0 4
cfn=(1610)
calls=1 0 
0 34
0 2
cfn=(1072)
calls=1 0 
0 55
0 2
cfn=(1612)
calls=1 0 
0 46596
0 6
cfn=(1648) walnutpie::DynamicStanModel::DynamicStanModel(char const*, char const*, unsigned int, void (*)(char const*, unsigned long))
calls=1 0 
0 1471991
0 4
cob=(2)
cfi=(158)
cfn=(908)
calls=1 0 
0 65
0 1
0 5
cfn=(898)
calls=1 0 
0 63
0 3
cfn=(3608) void walnutpie::detail::validate_finite_positive<double>(double, std::__cxx11::basic_string<char, std::char_traits<char>, std::allocator<char> > const&)
calls=1 0 
0 17
0 2
cob=(7)
cfi=(233)
cfn=(924)
calls=1 295 
0 6
0 1
0 9
cfn=(898)
calls=1 0 
0 105
0 3
cfn=(3608)
calls=1 0 
0 17
0 2
cob=(7)
cfi=(233)
cfn=(924)
calls=1 295 
0 42
0 1
0 5
cfn=(898)
calls=1 0 
0 105
0 3
cfn=(3608)
calls=1 0 
0 17
0 2
cob=(7)
cfi=(233)
cfn=(924)
calls=1 295 
0 42
0 1
0 9
cfn=(898)
calls=1 0 
0 105
0 3
cfn=(3610) void walnutpie::detail::validate_probability<double>(double, std::__cxx11::basic_string<char, std::char_traits<char>, std::allocator<char> > const&)
calls=1 0 
0 15
0 2
cob=(7)
cfi=(233)
cfn=(924)
calls=1 295 
0 42
0 1
0 5
cfn=(898)
calls=1 0 
0 105
0 3
cfn=(3608)
calls=1 0 
0 17
0 2
cob=(7)
cfi=(233)
cfn=(924)
calls=1 295 
0 42
0 1
0 9
cfn=(898)
calls=1 0 
0 105
0 3
cfn=(3610)
calls=1 0 
0 15
0 2
cob=(7)
cfi=(233)
cfn=(924)
calls=1 295 
0 42
0 1
0 5
cfn=(898)
calls=1 0 
0 105
0 3
cfn=(3610)
calls=1 0 
0 15
0 2
cob=(7)
cfi=(233)
cfn=(924)
calls=1 295 
0 42
0 1
0 9
cfn=(898)
calls=1 0 
0 105
0 3
cfn=(3608)
calls=1 0 
0 17
0 2
cob=(7)
cfi=(233)
cfn=(924)
calls=1 295 
0 42
0 1
0 5
cfn=(898)
calls=1 0 
0 105
0 3
cfn=(3610)
calls=1 0 
0 15
0 2
cob=(7)
cfi=(233)
cfn=(924)
calls=1 295 
0 42
0 1
0 9
cfn=(898)
calls=1 0 
0 63
0 3
cfn=(3608)
calls=1 0 
0 17
0 2
cob=(7)
cfi=(233)
cfn=(924)
calls=1 295 
0 6
0 1
0 5
cfn=(898)
calls=1 0 
0 65
0 3
cfn=(3608)
calls=1 0 
0 17
0 2
cob=(7)
cfi=(233)
cfn=(924)
calls=1 295 
0 6
0 1
0 9
cfn=(898)
calls=1 0 
0 63
0 3
cfn=(3610)
calls=1 0 
0 15
0 2
cob=(7)
cfi=(233)
cfn=(924)
calls=1 295 
0 6
0 1
0 80
cob=(2)
cfi=(158)
cfn=(908)
calls=1 0 
0 65
0 1
0 12
cfn=(898)
calls=1 0 
0 63
0 3
cfn=(3612) void walnutpie::detail::validate_positive<unsigned long>(unsigned long, std::__cxx11::basic_string<char, std::char_traits<char>, std::allocator<char> > const&)
calls=1 0 
0 11
0 2
cob=(7)
cfi=(233)
cfn=(924)
calls=1 295 
0 6
0 1
0 11
cob=(2)
cfi=(158)
cfn=(908)
calls=1 0 
0 65
0 1
0 8
cfn=(898)
calls=1 0 
0 105
0 3
cfn=(3608)
calls=1 0 
0 17
0 2
cob=(7)
cfi=(233)
cfn=(924)
calls=1 295 
0 42
0 1
0 5
cfn=(898)
calls=1 0 
0 63
0 3
cfn=(3612)
calls=1 0 
0 11
0 2
cob=(7)
cfi=(233)
cfn=(924)
calls=1 295 
0 6
0 1
0 12
cfn=(3614) walnutpie::DynamicStanModel::make_rng(unsigned int) const
calls=1 0 
0 256132
0 13
cob=(12)
cfi=(383)
cfn=(4170) bs_rng_destruct
calls=1 0 
0 42
0 4
cob=(12)
cfi=(383)
cfn=(4172)
calls=1 0 
0 918
0 3
cob=(7)
cfi=(233)
cfn=(924)
calls=1 295 
0 42
0 1
0 2
cob=(7)
cfi=(233)
cfn=(924)
calls=1 295 
0 42
0 1
0 2
cob=(7)
cfi=(233)
cfn=(924)
calls=1 295 
0 42
0 1
0 2
cob=(7)
cfi=(233)
cfn=(924)
calls=1 295 
0 42
0 1
0 2
cob=(7)
cfi=(233)
cfn=(924)
calls=1 295 
0 6
0 1
0 17
cfn=(1474)
calls=1 0 
0 1243
0 8
cob=(12)
cfi=(383)
cfn=(3708) bs_param_unc_num
calls=1 0 
0 2
0 5
cob=(7)
cfi=(232)
cfn=(918)
calls=1 43 
0 233
0 1
0 14
cfn=(3728)
calls=1 0 
0 981
0 5
cfn=(3734) std::vector<Eigen::Matrix<double, -1, 1, 0, -1, 1>, std::allocator<Eigen::Matrix<double, -1, 1, 0, -1, 1> > >::vector(unsigned long, Eigen::Matrix<double, -1, 1, 0, -1, 1> const&, std::allocator<Eigen::Matrix<double, -1, 1, 0, -1, 1> > const&) [clone .constprop.0]
calls=1 0 
0 396
0 5
cob=(2)
cfi=(152)
cfn=(632)
calls=1 3137 
0 112
cob=(1)
cfi=(1)
cfn=(892)
calls=1 0 
0 729
0 5
0 8
cfn=(3740)
calls=1 0 
0 233
0 4
cfn=(3734)
calls=1 0 
0 396
0 4
cob=(2)
cfi=(152)
cfn=(632)
calls=1 3137 
0 112
0 1
0 3
cfn=(3742) walnutpie::InitConfigBuilder::step_sizes(double)
calls=1 0 
0 416
0 5
cfn=(898)
calls=1 0 
0 65
0 4
cfn=(898)
calls=1 0 
0 63
0 7
cfn=(3744) void walnutpie::detail::validate_size<double, -1, 1>(Eigen::Matrix<double, -1, 1, ((Eigen::StorageOptions)0)|((((-1)==(1))&&((1)!=(1)))?((Eigen::StorageOptions)1) : ((((1)==(1))&&((-1)!=(1)))?((Eigen::StorageOptions)0) : ((Eigen::StorageOptions)0))), -1, 1> const&, unsigned long, std::__cxx11::basic_string<char, std::char_traits<char>, std::allocator<char> > const&, std::__cxx11::basic_string<char, std::char_traits<char>, std::allocator<char> > const&)
calls=1 0 
0 11
0 2
cob=(7)
cfi=(233)
cfn=(924)
calls=1 295 
0 6
0 1
0 2
cob=(7)
cfi=(233)
cfn=(924)
calls=1 295 
0 6
0 1
0 4
cfn=(898)
calls=1 0 
0 63
0 33
cob=(7)
cfi=(233)
cfn=(924)
calls=1 295 
0 6
0 1
0 5
cfn=(3746) std::vector<Eigen::Matrix<double, -1, 1, 0, -1, 1>, std::allocator<Eigen::Matrix<double, -1, 1, 0, -1, 1> > >::vector(unsigned long, Eigen::Matrix<double, -1, 1, 0, -1, 1> const&, std::allocator<Eigen::Matrix<double, -1, 1, 0, -1, 1> > const&)
calls=1 0 
0 410
0 4
cfn=(3748) std::vector<Eigen::Matrix<double, -1, 1, 0, -1, 1>, std::allocator<Eigen::Matrix<double, -1, 1, 0, -1, 1> > >::operator=(std::vector<Eigen::Matrix<double, -1, 1, 0, -1, 1>, std::allocator<Eigen::Matrix<double, -1, 1, 0, -1, 1> > >&&) [clone .isra.0]
calls=1 0 
0 267
0 2
cfn=(3750)
calls=1 0 
0 14
0 12
cob=(7)
cfi=(232)
cfn=(918)
calls=1 43 
0 162
0 1
0 55
cob=(2)
cfi=(158)
cfn=(908)
calls=1 0 
0 13
0 1
0 6
cfn=(3752)
calls=1 0 
0 412
0 3
cfn=(3752)
calls=1 0 
0 412
0 2
cfn=(3754) walnutpie::InitConfigBuilder::~InitConfigBuilder()
calls=1 0 
0 630
0 19
cfn=(3756) main::{lambda()#2}::operator()() const
calls=1 0 
0 37603431
0 3
cfn=(4106) walnutpie::DynamicStanModel::param_names[abi:cxx11]() const
calls=1 0 
0 351
0 1754
cob=(7)
cfi=(279)
cfn=(1392)
calls=3 84 
0 633
0 3
0 15
cob=(7)
cfi=(279)
cfn=(1392)
calls=3 84 
0 624
0 3
0 9
cob=(7)
cfi=(250)
cfn=(1282)
calls=3 67 
0 5472
0 3
0 15
cob=(7)
cfi=(279)
cfn=(1392)
calls=3 84 
0 624
0 3
0 9
cob=(7)
cfi=(250)
cfn=(1282)
calls=3 67 
0 5799
0 3
0 9
cob=(7)
cfi=(207)
cfn=(1456)
calls=3 734 
0 726
0 3
0 7
cob=(7)
cfi=(408)
cfn=(3622)
calls=1 605 
0 1245
cob=(1)
cfi=(1)
cfn=(892)
calls=1 0 
0 1205
0 5
0 13
cob=(7)
cfi=(409)
cfn=(3632)
calls=1 101 
0 2820
cob=(1)
cfi=(1)
cfn=(892)
calls=1 0 
0 740
0 5
0 9
cob=(7)
cfi=(409)
cfn=(3632)
calls=3 101 
0 5389
0 3
0 24
cfn=(1072)
calls=1 0 
0 79
0 3
cfn=(4110) StanHandler::write_csv(std::__cxx11::basic_string<char, std::char_traits<char>, std::allocator<char> >&)
calls=1 0 
0 371293
0 2
cfn=(4168) StanHandler::~StanHandler()
calls=1 0 
0 147
0 2
cfn=(3754)
calls=1 0 
0 23
0 4
cob=(2)
cfi=(152)
cfn=(632)
calls=1 3137 
0 139
0 1
0 25
cfn=(3704) void std::vector<double, std::allocator<double> >::_M_realloc_append<double const&>(double const&)
calls=3 0 
0 515
0 24
cob=(12)
cfi=(383)
cfn=(3708)
calls=1 0 
0 2
0 14
cfn=(3710)
calls=1 0 
0 878
0 8
cob=(7)
cfi=(247)
cfn=(1034)
calls=1 32 
0 116
0 1
0 2
cob=(7)
cfi=(408)
cfn=(3722)
calls=1 642 
0 645
cob=(1)
cfi=(1)
cfn=(892)
calls=1 0 
0 878
0 5
0 1

fn=(1108) CLI::Option::matching_name[abi:cxx11](CLI::Option const&) const
0 40534
cfn=(912)
calls=52 0 
0 1872
0 260
cfn=(1070)
calls=52 0 
0 1664
0 780
cfn=(1110)
calls=52 0 
0 1456
0 24430
cfn=(912)
calls=1375 0 
0 67785
0 4125
cfn=(1112)
calls=1375 0 
0 489568
0 28422
cob=(7)
cfi=(248)
cfn=(1080)
calls=1 273 
0 17
0 1
0 6
cob=(2)
cfi=(209)
cfn=(776)
calls=1 67 
0 66
0 1
0 2
cob=(7)
cfi=(248)
cfn=(1086)
calls=1 443 
0 6
0 1
0 13959
cfn=(1114) bool std::operator==<char, std::char_traits<char>, std::allocator<char> >(std::__cxx11::basic_string<char, std::char_traits<char>, std::allocator<char> > const&, std::__cxx11::basic_string<char, std::char_traits<char>, std::allocator<char> > const&)
calls=99 0 
0 495
0 297
cob=(7)
cfi=(233)
cfn=(924)
calls=99 295 
0 594
0 99
0 198
cob=(7)
cfi=(233)
cfn=(924)
calls=99 295 
0 594
0 99
0 19359
cfn=(912)
calls=3 0 
0 99
0 9
cfn=(1460)
calls=3 0 
0 447
0 30
cfn=(912)
calls=3 0 
0 99
0 9
cfn=(1112)
calls=3 0 
0 756
0 5904
cfn=(912)
calls=99 0 
0 3267
0 297
cfn=(1460)
calls=99 0 
0 14649
0 990
cfn=(912)
calls=99 0 
0 3267
0 297
cfn=(1112)
calls=99 0 
0 33704
0 216
cfn=(1114)
calls=3 0 
0 15
0 9
cob=(7)
cfi=(233)
cfn=(924)
calls=3 295 
0 18
0 3
0 6
cob=(7)
cfi=(233)
cfn=(924)
calls=3 295 
0 18
0 3
0 6

fn=(1114)
0 8968
cob=(2)
cfi=(158)
cfn=(690)
calls=93 0 
0 2050
0 93
0 372

fn=(1206)
0 453
cfn=(1526)
calls=5 0 
0 13663
0 335

fn=(1210)
0 1254

fn=(1242)
0 230

fn=(1272)
0 1196

fn=(1348) std::_Function_handler<bool (std::vector<std::__cxx11::basic_string<char, std::char_traits<char>, std::allocator<char> >, std::allocator<std::__cxx11::basic_string<char, std::char_traits<char>, std::allocator<char> > > > const&), CLI::App::add_option<double, double, (CLI::detail::enabler)0>(std::__cxx11::basic_string<char, std::char_traits<char>, std::allocator<char> >, double&, std::__cxx11::basic_string<char, std::char_traits<char>, std::allocator<char> >)::{lambda(std::vector<std::__cxx11::basic_string<char, std::char_traits<char>, std::allocator<char> >, std::allocator<std::__cxx11::basic_string<char, std::char_traits<char>, std::allocator<char> > > > const&)#1}>::_M_invoke(std::_Any_data const&, std::vector<std::__cxx11::basic_string<char, std::char_traits<char>, std::allocator<char> >, std::allocator<std::__cxx11::basic_string<char, std::char_traits<char>, std::allocator<char> > > > const&)
0 156
cfn=(1350) bool CLI::detail::lexical_cast<double, (CLI::detail::enabler)0>(std::__cxx11::basic_string<char, std::char_traits<char>, std::allocator<char> > const&, double&)
calls=26 0 
0 11873

fn=(1380)
0 230

fn=(1496)
0 14

fn=(3614)
0 22
cob=(12)
cfi=(383)
cfn=(3616)
calls=2 0 
0 496350
0 26

fn=(3744)
0 11

fn=(3746)
0 20
cob=(7)
cfi=(232)
cfn=(918)
calls=1 43 
0 173
0 1
0 15
cob=(2)
cfi=(152)
cfn=(812)
calls=1 3101 
0 161
0 1
0 9
cob=(2)
cfi=(158)
cfn=(908)
calls=1 0 
0 11
0 1
0 18

fn=(3756)
0 21
cfn=(1060)
calls=1 0 
0 59
0 59
cfn=(3758) StanHandler run_walnuts<walnutpie::detail::Adam>(walnutpie::DynamicStanModel&, unsigned int, walnutpie::InitConfigBuilder&, unsigned long, unsigned long, bool, walnutpie::WarmupConfig&, walnutpie::SamplingConfig&, double, bool, double)
calls=1 0 
0 37603290
0 2

fn=(3758)
0 46
cob=(7)
cfi=(240)
cfn=(964)
calls=1 52 
0 25
0 1
0 12
cfn=(3760) StanHandler::StanHandler(walnutpie::DynamicStanModel&, unsigned int, unsigned long, unsigned long, bool)
calls=1 0 
0 240731
0 10
cfn=(898)
calls=1 0 
0 63
0 3
cfn=(3610)
calls=1 0 
0 15
0 2
cob=(7)
cfi=(233)
cfn=(924)
calls=1 295 
0 6
0 1
0 5
cfn=(3766) std::vector<Eigen::Matrix<double, -1, 1, 0, -1, 1>, std::allocator<Eigen::Matrix<double, -1, 1, 0, -1, 1> > >::resize(unsigned long)
calls=1 0 
0 21
0 17
cob=(7)
cfi=(240)
cfn=(964)
calls=1 52 
0 25
0 1
0 6
cfn=(3768)
calls=1 0 
0 69019
0 1
cob=(7)
cfi=(240)
cfn=(964)
calls=1 52 
0 25
0 1
0 26
cfn=(3900)
calls=1 0 
0 53
0 7
cob=(2)
cfi=(152)
cfn=(632)
calls=1 3137 
0 112
0 1
0 24
cfn=(3902)
calls=1 0 
0 145
0 3152
cfn=(3904)
calls=1 0 
0 162
0 8
cfn=(3904)
calls=1 0 
0 190
0 14
cob=(6)
cfi=(425)
cfn=(3822)
calls=1 49 
0 12
cob=(1)
cfi=(1)
cfn=(892)
calls=1 0 
0 655
0 5
0 21
cfn=(3910) walnutpie::detail::MassEstimator::MassEstimator(walnutpie::WarmupConfig const&, walnutpie::InitChainConfig const&)
calls=1 0 
0 3386
0 13
cfn=(4014) run_walnuts<walnutpie::detail::Adam>(walnutpie::DynamicStanModel&, unsigned int, walnutpie::InitConfigBuilder&, unsigned long, unsigned long, bool, walnutpie::WarmupConfig&, walnutpie::SamplingConfig&, double, bool, double)::{lambda()#1}::operator()() const
calls=1 0 
0 14201
0 7
cfn=(4064)
calls=1 0 
0 108
0 7
cob=(2)
cfi=(152)
cfn=(632)
calls=1 3137 
0 33
0 1
0 10
cob=(6)
cfi=(426) /usr/src/debug/glibc/glibc/math/../sysdeps/ieee754/dbl-64/s_llround.c
cfn=(3930) lround
calls=1 33 
0 18
0 1
0 10
cob=(6)
cfi=(423)
cfn=(3790)
calls=1 98 
0 36
0 1
0 5
cfn=(4064)
calls=1 0 
0 108
0 16
cfn=(3904)
calls=1 0 
0 69
0 3
cfn=(3904)
calls=1 0 
0 69
0 4
cfn=(4066) Eigen::Matrix<double, -1, 1, 0, -1, 1>::Matrix<Eigen::MatrixWrapper<Eigen::CwiseUnaryOp<Eigen::internal::scalar_inverse_op<double>, Eigen::CwiseUnaryOp<Eigen::internal::scalar_sqrt_op<double>, Eigen::ArrayWrapper<Eigen::Matrix<double, -1, 1, 0, -1, 1> const> const> const> const> >(Eigen::MatrixWrapper<Eigen::CwiseUnaryOp<Eigen::internal::scalar_inverse_op<double>, Eigen::CwiseUnaryOp<Eigen::internal::scalar_sqrt_op<double>, Eigen::ArrayWrapper<Eigen::Matrix<double, -1, 1, 0, -1, 1> const> const> const> const> const&)
calls=1 0 
0 103
0 20
cfn=(898)
calls=1 0 
0 63
0 3
cfn=(4068) void walnutpie::detail::validate_positive<double, -1, 1>(Eigen::Matrix<double, -1, 1, ((Eigen::StorageOptions)0)|((((-1)==(1))&&((1)!=(1)))?((Eigen::StorageOptions)1) : ((((1)==(1))&&((-1)!=(1)))?((Eigen::StorageOptions)0) : ((Eigen::StorageOptions)0))), -1, 1> const&, std::__cxx11::basic_string<char, std::char_traits<char>, std::allocator<char> > const&)
calls=1 0 
0 55
0 2
cob=(7)
cfi=(233)
cfn=(924)
calls=1 295 
0 6
0 1
0 4
cfn=(898)
calls=1 0 
0 63
0 3
cfn=(3916)
calls=1 0 
0 15
0 2
cob=(7)
cfi=(233)
cfn=(924)
calls=1 295 
0 6
0 1
0 4
cfn=(898)
calls=1 0 
0 63
0 3
cfn=(3612)
calls=1 0 
0 11
0 2
cob=(7)
cfi=(233)
cfn=(924)
calls=1 295 
0 6
0 1
0 5
cfn=(898)
calls=1 0 
0 105
0 3
cfn=(3612)
calls=1 0 
0 11
0 2
cob=(7)
cfi=(233)
cfn=(924)
calls=1 295 
0 42
0 1
0 4
cfn=(898)
calls=1 0 
0 63
0 3
cfn=(3612)
calls=1 0 
0 11
0 2
cob=(7)
cfi=(233)
cfn=(924)
calls=1 295 
0 6
0 1
0 4
cfn=(898)
calls=1 0 
0 63
0 3
cfn=(3916)
calls=1 0 
0 15
0 2
cob=(7)
cfi=(233)
cfn=(924)
calls=1 295 
0 6
0 1
0 4
cob=(2)
cfi=(152)
cfn=(632)
calls=1 3137 
0 33
0 1
0 7
cfn=(3904)
calls=1 0 
0 69
0 13
cob=(7)
cfi=(279)
cfn=(1392)
calls=1 84 
0 206
0 1
0 2
cfn=(4034) std::basic_ostream<char, std::char_traits<char> >& std::endl<char, std::char_traits<char> >(std::basic_ostream<char, std::char_traits<char> >&) [clone .isra.0]
calls=1 0 
0 337
0 4
cob=(7)
cfi=(279)
cfn=(1392)
calls=1 84 
0 225
0 1
0 2
cfn=(4034)
calls=1 0 
0 337
0 4
cob=(7)
cfi=(279)
cfn=(1392)
calls=1 84 
0 208
0 1
0 3
cob=(7)
cfi=(250)
cfn=(1282)
calls=1 67 
0 1989
0 1
0 2
cfn=(4034)
calls=1 0 
0 337
0 4
cob=(7)
cfi=(279)
cfn=(1392)
calls=1 84 
0 206
0 1
0 2
cfn=(4070) std::ostream& Eigen::operator<< <Eigen::Matrix<double, -1, 1, 0, -1, 1> >(std::ostream&, Eigen::DenseBase<Eigen::Matrix<double, -1, 1, 0, -1, 1> > const&) [clone .constprop.0]
calls=1 0 
0 18709
0 5
cob=(7)
cfi=(279)
cfn=(1392)
calls=1 84 
0 211
0 1
0 2
cfn=(4034)
calls=1 0 
0 337
0 3
cob=(7)
cfi=(240)
cfn=(964)
calls=1 52 
0 25
0 1
0 504
cfn=(4088) StanHandler::on_sample(Eigen::Matrix<double, -1, 1, 0, -1, 1> const&, double) [clone .isra.0]
calls=50 0 
0 26400
0 250
cob=(2)
cfi=(152)
cfn=(632)
calls=50 3137 
0 5859
0 50
0 102
cfn=(4014)
calls=1 0 
0 12572
0 4
cob=(2)
cfi=(152)
cfn=(632)
calls=1 3137 
0 133
0 1
0 2
cfn=(4098) walnutpie::detail::LowRankMass::~LowRankMass()
calls=1 0 
0 13
0 4
cob=(2)
cfi=(152)
cfn=(632)
calls=1 3137 
0 133
0 1
0 4
cob=(2)
cfi=(152)
cfn=(632)
calls=1 3137 
0 112
0 1
0 4
cob=(2)
cfi=(152)
cfn=(632)
calls=1 3137 
0 133
0 1
0 2
cfn=(4100) walnutpie::detail::MassEstimator::~MassEstimator()
calls=1 0 
0 1097
0 4
cob=(2)
cfi=(152)
cfn=(632)
calls=1 3137 
0 133
0 1
0 4
cob=(2)
cfi=(152)
cfn=(632)
calls=1 3137 
0 112
0 1
0 4
cob=(2)
cfi=(152)
cfn=(632)
calls=1 3137 
0 139
0 1
0 2
cfn=(4102) walnutpie::InitChainConfig::~InitChainConfig()
calls=1 0 
0 239
0 2
cfn=(4104) walnutpie::InitConfig::~InitConfig()
calls=1 0 
0 630
0 1212
cfn=(4084) Eigen::Matrix<double, -1, 1, 0, -1, 1> walnutpie::detail::transition_w<walnutpie::detail::NoExceptLogpGrad<run_walnuts<walnutpie::detail::Adam>(walnutpie::DynamicStanModel&, unsigned int, walnutpie::InitConfigBuilder&, unsigned long, unsigned long, bool, walnutpie::WarmupConfig&, walnutpie::SamplingConfig&, double, bool, double)::{lambda((auto:1&&)...)#1}, StanHandler>, walnutpie::detail::Random<std::mersenne_twister_engine<unsigned long, 64ul, 312ul, 156ul, 31ul, 13043109905998158313ul, 29ul, 6148914691236517205ul, 17ul, 8202884508482404352ul, 37ul, 18444473444759240704ul, 43ul, 6364136223846793005ul> >, walnutpie::detail::NoOpStepSizeAdapter const>(walnutpie::detail::Random<std::mersenne_twister_engine<unsigned long, 64ul, 312ul, 156ul, 31ul, 13043109905998158313ul, 29ul, 6148914691236517205ul, 17ul, 8202884508482404352ul, 37ul, 18444473444759240704ul, 43ul, 6364136223846793005ul> >&, walnutpie::detail::NoExceptLogpGrad<run_walnuts<walnutpie::detail::Adam>(walnutpie::DynamicStanModel&, unsigned int, walnutpie::InitConfigBuilder&, unsigned long, unsigned long, bool, walnutpie::WarmupConfig&, walnutpie::SamplingConfig&, double, bool, double)::{lambda((auto:1&&)...)#1}, StanHandler> const&, Eigen::Matrix<double, -1, 1, 0, -1, 1> const&, Eigen::Matrix<double, -1, 1, 0, -1, 1> const&, double, unsigned long, unsigned long, unsigned long, double, Eigen::Matrix<double, -1, 1, 0, -1, 1>&&, unsigned long&, Eigen::Matrix<double, -1, 1, 0, -1, 1>&, double&, walnutpie::detail::NoOpStepSizeAdapter const&, Eigen::Matrix<double, -1, 1, 0, -1, 1> const&, double)
calls=50 0 
0 16198424
0 506
cfn=(3918) walnutpie::AdaptiveWalnuts<run_walnuts<walnutpie::detail::Adam>(walnutpie::DynamicStanModel&, unsigned int, walnutpie::InitConfigBuilder&, unsigned long, unsigned long, bool, walnutpie::WarmupConfig&, walnutpie::SamplingConfig&, double, bool, double)::{lambda((auto:1&&)...)#1}, std::mersenne_twister_engine<unsigned long, 64ul, 312ul, 156ul, 31ul, 13043109905998158313ul, 29ul, 6148914691236517205ul, 17ul, 8202884508482404352ul, 37ul, 18444473444759240704ul, 43ul, 6364136223846793005ul>, StanHandler, walnutpie::detail::Adam>::operator()()
calls=1 0 
0 1566048
0 98
cfn=(3918)
calls=49 0 
0 19431384
0 151

fn=(3764) Eigen::internal::DenseStorage_impl<double, -1, -1, -1, 0>::resize(long, long, long)
0 21
cob=(2)
cfi=(152)
cfn=(812)
calls=1 3101 
0 376
0 1
0 10

fn=(3766)
0 21

fn=(3912) Eigen::Matrix<double, -1, 1, 0, -1, 1>::Matrix<Eigen::MatrixWrapper<Eigen::CwiseUnaryOp<Eigen::internal::scalar_inverse_op<double>, Eigen::ArrayWrapper<Eigen::Matrix<double, -1, 1, 0, -1, 1> const> const> const> >(Eigen::MatrixWrapper<Eigen::CwiseUnaryOp<Eigen::internal::scalar_inverse_op<double>, Eigen::ArrayWrapper<Eigen::Matrix<double, -1, 1, 0, -1, 1> const> const> const> const&)
0 13
cfn=(3712)
calls=1 0 
0 247
0 39

fn=(3938)
0 1400
cfn=(3712)
calls=100 0 
0 5600
0 1900
cfn=(3940)
calls=100 0 
0 14488
0 1000
cfn=(3940)
calls=200 0 
0 32564
0 2300

fn=(3970)
0 2120

fn=(3992)
0 1691
cob=(6)
cfi=(428)
cfn=(3986)
calls=89 23 
0 623
0 89
0 1335
cob=(6)
cfi=(423)
cfn=(3790)
calls=89 98 
0 2244
0 89
0 445
cob=(6)
cfi=(423)
cfn=(3790)
calls=89 98 
0 2028
0 89
0 178
cob=(6)
cfi=(425)
cfn=(3822)
calls=89 49 
0 4183
0 89
0 1249
cfn=(3988)
calls=89 0 
0 2403
0 1056
cob=(6)
cfi=(425)
cfn=(3822)
calls=89 49 
0 4133
0 89
0 6186

fn=(4002)
0 6766
cfn=(3978)
calls=138 0 
0 4278
0 2218

fn=(4010) walnutpie::detail::MassEstimator::low_rank_update()
0 11

fn=(4066)
0 13
cfn=(3712)
calls=1 0 
0 56
0 34

fn=(4088)
0 1350
cob=(12)
cfi=(383)
cfn=(4090)
calls=50 0 
0 24350
0 700

fn=(870)
0 12
cob=(2)
cfi=(230) /usr/src/debug/glibc/glibc/csu/../csu/libc-start.c
cfn=(872) __libc_start_main@@GLIBC_2.34
calls=1 242 
0 41337849

fn=(926)
0 78

fn=(988)
0 16
cob=(7)
cfi=(233)
cfn=(942)
calls=1 766 
0 33
0 1
0 5
cob=(7)
cfi=(233)
cfn=(942)
calls=1 766 
0 16
0 1
0 18
cfn=(898)
calls=1 0 
0 65
0 23
cob=(7)
cfi=(232)
cfn=(918)
calls=1 43 
0 175
0 1
0 20
cob=(7)
cfi=(232)
cfn=(918)
calls=1 43 
0 42
0 1
0 59
cfn=(898)
calls=1 0 
0 63
0 6
cob=(7)
cfi=(232)
cfn=(918)
calls=1 43 
0 175
0 1
0 20
cob=(7)
cfi=(232)
cfn=(918)
calls=1 43 
0 175
0 1
0 19

fn=(1100)
0 642

fn=(1270)
0 598
cfn=(912)
calls=26 0 
0 2961
0 338
cfn=(912)
calls=26 0 
0 1879
0 182
cfn=(992)
calls=26 0 
0 567290
0 167
cob=(7)
cfi=(247)
cfn=(1034)
calls=21 32 
0 777
0 21
0 182
cfn=(1272)
calls=26 0 
0 208
0 156
cob=(7)
cfi=(247)
cfn=(1034)
calls=26 32 
0 962
0 26
0 182
cfn=(1274)
calls=26 0 
0 208
0 104
cfn=(898)
calls=26 0 
0 1690
0 130
cfn=(912)
calls=26 0 
0 858
0 156
cob=(7)
cfi=(232)
cfn=(918)
calls=26 43 
0 1092
0 26
0 104
cob=(7)
cfi=(233)
cfn=(942)
calls=26 766 
0 858
0 26
0 572
cfn=(1102)
calls=26 0 
0 156
0 624

fn=(1350)
0 616
cob=(2)
cfi=(272) /usr/src/debug/glibc/glibc/stdlib/strtod.c
cfn=(1356) strtold
calls=28 81 
0 10948
cob=(1)
cfi=(1)
cfn=(892)
calls=1 0 
0 757
0 32
0 420

fn=(1386) std::_Function_handler<bool (std::vector<std::__cxx11::basic_string<char, std::char_traits<char>, std::allocator<char> >, std::allocator<std::__cxx11::basic_string<char, std::char_traits<char>, std::allocator<char> > > > const&), CLI::App::add_option<std::__cxx11::basic_string<char, std::char_traits<char>, std::allocator<char> >, std::__cxx11::basic_string<char, std::char_traits<char>, std::allocator<char> >, (CLI::detail::enabler)0>(std::__cxx11::basic_string<char, std::char_traits<char>, std::allocator<char> >, std::__cxx11::basic_string<char, std::char_traits<char>, std::allocator<char> >&, std::__cxx11::basic_string<char, std::char_traits<char>, std::allocator<char> >)::{lambda(std::vector<std::__cxx11::basic_string<char, std::char_traits<char>, std::allocator<char> >, std::allocator<std::__cxx11::basic_string<char, std::char_traits<char>, std::allocator<char> > > > const&)#1}>::_M_invoke(std::_Any_data const&, std::vector<std::__cxx11::basic_string<char, std::char_traits<char>, std::allocator<char> >, std::allocator<std::__cxx11::basic_string<char, std::char_traits<char>, std::allocator<char> > > > const&)
0 24
cob=(7)
cfi=(246)
cfn=(1092)
calls=6 340 
0 571
0 6
0 18

fn=(1512) std::__cxx11::basic_string<char, std::char_traits<char>, std::allocator<char> >::find(char, unsigned long) const [clone .isra.0]
0 140
cob=(2)
cfi=(158)
cfn=(1002)
calls=14 0 
0 299
0 14
0 70

fn=(1522)
0 493

fn=(1624) std::_Sp_counted_ptr<CLI::Formatter*, (__gnu_cxx::_Lock_policy)2>::_M_dispose()
0 5
cfn=(1626) CLI::Formatter::~Formatter()
calls=1 0 
0 53

fn=(1648)
0 17
cob=(2)
cfi=(301)
cfn=(1654) dlopen@@GLIBC_2.34
calls=1 77 
0 1089008
cob=(1)
cfi=(1)
cfn=(892)
calls=1 0 
0 850
0 5
0 6
cob=(2)
cfi=(336)
cfn=(1974)
calls=1 64 
0 738
cob=(1)
cfi=(1)
cfn=(892)
calls=1 0 
0 734
0 5
0 6
cob=(2)
cfi=(336)
cfn=(1974)
calls=1 64 
0 715
0 1
0 8
cob=(12)
cfi=(383)
cfn=(3146) bs_model_construct
calls=1 0 
0 372466
0 7
cfn=(3604) void (*walnutpie::internal::dlsym_cast_impl<void (*)(char*)>(std::unique_ptr<void, walnutpie::internal::dlclose_deleter>&, char const*))(char*)
calls=1 0 
0 731
0 4
cob=(2)
cfi=(336)
cfn=(1974)
calls=1 64 
0 723
0 1
0 6
cob=(2)
cfi=(336)
cfn=(1974)
calls=1 64 
0 683
0 1
0 6
cob=(2)
cfi=(336)
cfn=(1974)
calls=1 64 
0 829
0 1
0 6
cob=(2)
cfi=(336)
cfn=(1974)
calls=1 64 
0 738
0 1
0 6
cob=(2)
cfi=(336)
cfn=(1974)
calls=1 64 
0 738
0 1
0 6
cob=(2)
cfi=(336)
cfn=(1974)
calls=1 64 
0 695
0 1
0 6
cob=(2)
cfi=(336)
cfn=(1974)
calls=1 64 
0 707
0 1
0 6
cob=(2)
cfi=(336)
cfn=(1974)
calls=1 64 
0 722
0 1
0 6
cob=(2)
cfi=(336)
cfn=(1974)
calls=1 64 
0 758
0 1
0 5
cob=(12)
cfi=(383)
cfn=(3606)
calls=1 0 
0 24
0 11

fn=(3734)
0 24
cob=(7)
cfi=(232)
cfn=(918)
calls=2 43 
0 346
0 2
0 34
cob=(2)
cfi=(152)
cfn=(812)
calls=2 3101 
0 322
0 2
0 16
cob=(2)
cfi=(158)
cfn=(908)
calls=2 0 
0 22
0 2
0 22

fn=(3904)
0 34734
cob=(2)
cfi=(152)
cfn=(812)
calls=2481 3101 
0 138055
0 2481
0 29772
cob=(2)
cfi=(158)
cfn=(908)
calls=2481 0 
0 27291
0 2481

fn=(3916)
0 90

fn=(3942)
0 15712

fn=(3944)
0 10
cob=(7)
cfi=(240)
cfn=(964)
calls=1 52 
0 25
0 1
0 6
cfn=(3768)
calls=1 0 
0 62032
0 1
cob=(7)
cfi=(240)
cfn=(964)
calls=1 52 
0 25
0 1
0 15

fn=(3956)
0 15824
cfn=(3712)
calls=1394 0 
0 104333
0 57130

fn=(3958)
0 8550
cob=(6)
cfi=(427) /usr/src/debug/glibc/glibc/math/../sysdeps/ieee754/dbl-64/e_pow.c
cfn=(3964) pow@@GLIBC_2.29
calls=190 287 
0 19923
cob=(1)
cfi=(1)
cfn=(892)
calls=1 0 
0 655
0 194
0 3230

fn=(4000)
0 1633
cfn=(3956)
calls=26 0 
0 2600
0 40
cfn=(3956)
calls=10 0 
0 370
0 144
cfn=(3956)
calls=36 0 
0 2970
0 252
cfn=(3956)
calls=36 0 
0 2970
0 3532
cob=(7)
cfi=(240)
cfn=(964)
calls=50 52 
0 1250
0 50
0 900
cob=(12)
cfi=(383)
cfn=(3770)
calls=50 0 
0 3061205
0 250
cob=(7)
cfi=(240)
cfn=(964)
calls=50 52 
0 1250
0 50
0 2210
cfn=(3946)
calls=36 0 
0 1404
0 814
cfn=(4001) std::optional<walnutpie::detail::SpanW> walnutpie::detail::build_span<(walnutpie::detail::Direction)1, walnutpie::detail::NoExceptLogpGrad<run_walnuts<walnutpie::detail::Adam>(walnutpie::DynamicStanModel&, unsigned int, walnutpie::InitConfigBuilder&, unsigned long, unsigned long, bool, walnutpie::WarmupConfig&, walnutpie::SamplingConfig&, double, bool, double)::{lambda((auto:1&&)...)#1}, StanHandler>, std::mersenne_twister_engine<unsigned long, 64ul, 312ul, 156ul, 31ul, 13043109905998158313ul, 29ul, 6148914691236517205ul, 17ul, 8202884508482404352ul, 37ul, 18444473444759240704ul, 43ul, 6364136223846793005ul>, walnutpie::detail::Adam>(walnutpie::detail::Random<std::mersenne_twister_engine<unsigned long, 64ul, 312ul, 156ul, 31ul, 13043109905998158313ul, 29ul, 6148914691236517205ul, 17ul, 8202884508482404352ul, 37ul, 18444473444759240704ul, 43ul, 6364136223846793005ul> >&, walnutpie::detail::NoExceptLogpGrad<run_walnuts<walnutpie::detail::Adam>(walnutpie::DynamicStanModel&, unsigned int, walnutpie::InitConfigBuilder&, unsigned long, unsigned long, bool, walnutpie::WarmupConfig&, walnutpie::SamplingConfig&, double, bool, double)::{lambda((auto:1&&)...)#1}, StanHandler> const&, Eigen::Matrix<double, -1, 1, 0, -1, 1> const&, double, unsigned long, unsigned long, unsigned long, double, walnutpie::detail::SpanW const&, walnutpie::detail::Adam&)'2
calls=23 0 
0 2823788
0 1923
cob=(6)
cfi=(423)
cfn=(3790)
calls=26 98 
0 936
0 26
0 78
cob=(2)
cfi=(218)
cfn=(802)
calls=26 25 
0 18200
0 26
0 234
cfn=(3958)
calls=26 0 
0 4368
0 390
cfn=(3966)
calls=26 0 
0 743974
0 204
cob=(2)
cfi=(152)
cfn=(632)
calls=2 3137 
0 66
0 2
0 86
cob=(2)
cfi=(152)
cfn=(632)
calls=2 3137 
0 66
0 2
0 80
cob=(2)
cfi=(152)
cfn=(632)
calls=2 3137 
0 66
0 2
0 680
cfn=(3948)
calls=24 0 
0 12642
0 72
cfn=(3972)
calls=24 0 
0 1320
0 72
cfn=(3974)
calls=24 0 
0 672
0 378
cfn=(4001)
calls=22 0 
0 3086544
0 220
cfn=(3974)
calls=22 0 
0 5877
0 124
cfn=(4002)
calls=20 0 
0 1670
0 166
cfn=(3974)
calls=20 0 
0 5156
0 105
cfn=(4008) walnutpie::detail::SpanW walnutpie::detail::combine<(walnutpie::detail::Update)0, (walnutpie::detail::Direction)1, std::mersenne_twister_engine<unsigned long, 64ul, 312ul, 156ul, 31ul, 13043109905998158313ul, 29ul, 6148914691236517205ul, 17ul, 8202884508482404352ul, 37ul, 18444473444759240704ul, 43ul, 6364136223846793005ul> >(walnutpie::detail::Random<std::mersenne_twister_engine<unsigned long, 64ul, 312ul, 156ul, 31ul, 13043109905998158313ul, 29ul, 6148914691236517205ul, 17ul, 8202884508482404352ul, 37ul, 18444473444759240704ul, 43ul, 6364136223846793005ul> >&, walnutpie::detail::SpanW&&, walnutpie::detail::SpanW&&)
calls=17 0 
0 5377
0 51
cfn=(3972)
calls=17 0 
0 935
0 51
cfn=(3974)
calls=17 0 
0 476
0 51

fn=(4001)
0 2525
cfn=(3956)
calls=52 0 
0 6101
0 48
cfn=(3956)
calls=12 0 
0 444
0 256
cfn=(3956)
calls=64 0 
0 6699
0 448
cfn=(3956)
calls=64 0 
0 6477
0 5728
cob=(7)
cfi=(240)
cfn=(964)
calls=80 52 
0 2000
0 80
0 1440
cob=(12)
cfi=(383)
cfn=(3770)
calls=80 0 
0 4904649
0 400
cob=(7)
cfi=(240)
cfn=(964)
calls=80 52 
0 2000
0 80
0 3600
cfn=(3946)
calls=64 0 
0 2496
0 1000
cfn=(4001)
calls=7 0 
0 628509
0 3001
cob=(6)
cfi=(423)
cfn=(3790)
calls=52 98 
0 1872
0 52
0 156
cob=(2)
cfi=(218)
cfn=(802)
calls=52 25 
0 36400
0 52
0 468
cfn=(3958)
calls=52 0 
0 8736
0 780
cfn=(3966)
calls=52 0 
0 870733
0 360
cob=(2)
cfi=(152)
cfn=(632)
calls=2 3137 
0 66
0 2
0 164
cob=(2)
cfi=(152)
cfn=(632)
calls=2 3137 
0 66
0 2
0 158
cob=(2)
cfi=(152)
cfn=(632)
calls=2 3137 
0 66
0 2
0 1072
cfn=(3948)
calls=50 0 
0 28958
0 150
cfn=(3972)
calls=50 0 
0 2750
0 150
cfn=(3974)
calls=50 0 
0 1400
0 205
cfn=(4001)
calls=7 0 
0 447509
0 56
cfn=(3974)
calls=7 0 
0 1385
0 42
cfn=(4002)
calls=7 0 
0 616
0 57
cfn=(3974)
calls=7 0 
0 1397
0 37
cfn=(4008)
calls=6 0 
0 1898
0 18
cfn=(3972)
calls=6 0 
0 330
0 18
cfn=(3974)
calls=6 0 
0 168
0 18

fn=(4082) Eigen::IOFormat::~IOFormat()
0 96

fn=(4110)
0 11
cfn=(4106)
calls=1 0 
0 351
0 4
cfn=(4112) write_draws(std::__cxx11::basic_string<char, std::char_traits<char>, std::allocator<char> > const&, std::vector<std::__cxx11::basic_string<char, std::char_traits<char>, std::allocator<char> >, std::allocator<std::__cxx11::basic_string<char, std::char_traits<char>, std::allocator<char> > > > const&, Eigen::Matrix<double, -1, -1, 0, -1, -1> const&)
calls=1 0 
0 370849
0 40
cob=(7)
cfi=(247)
cfn=(1034)
calls=1 32 
0 37
0 1

fn=(4642) CLI::detail::EscapedStringTransformer::~EscapedStringTransformer()
0 13
cfn=(4644) std::_Function_handler<std::__cxx11::basic_string<char, std::char_traits<char>, std::allocator<char> > (std::__cxx11::basic_string<char, std::char_traits<char>, std::allocator<char> >&), CLI::detail::EscapedStringTransformer::EscapedStringTransformer()::{lambda(std::__cxx11::basic_string<char, std::char_traits<char>, std::allocator<char> >&)#1}>::_M_manager(std::_Any_data&, std::_Any_data const&, std::_Manager_operation)
calls=1 0 
0 6
0 7
cfn=(4646)
calls=1 0 
0 6
0 2

fn=(4650)
0 6

fn=(878) 0x0000000000017a60
0 12

fn=(1102)
0 636

fn=(1212) std::_Function_handler<bool (std::vector<std::__cxx11::basic_string<char, std::char_traits<char>, std::allocator<char> >, std::allocator<std::__cxx11::basic_string<char, std::char_traits<char>, std::allocator<char> > > > const&), CLI::App::add_option<unsigned long, unsigned long, (CLI::detail::enabler)0>(std::__cxx11::basic_string<char, std::char_traits<char>, std::allocator<char> >, unsigned long&, std::__cxx11::basic_string<char, std::char_traits<char>, std::allocator<char> >)::{lambda(std::vector<std::__cxx11::basic_string<char, std::char_traits<char>, std::allocator<char> >, std::allocator<std::__cxx11::basic_string<char, std::char_traits<char>, std::allocator<char> > > > const&)#1}>::_M_invoke(std::_Any_data const&, std::vector<std::__cxx11::basic_string<char, std::char_traits<char>, std::allocator<char> >, std::allocator<std::__cxx11::basic_string<char, std::char_traits<char>, std::allocator<char> > > > const&)
0 120
cfn=(1214) bool CLI::detail::integral_conversion<unsigned long, (CLI::detail::enabler)0>(std::__cxx11::basic_string<char, std::char_traits<char>, std::allocator<char> > const&, unsigned long&)
calls=20 0 
0 5464

fn=(1214)
0 340
cob=(2)
cfi=(255)
cfn=(1220)
calls=20 25 
0 80
cob=(1)
cfi=(1)
cfn=(892)
calls=1 0 
0 860
0 24
0 120
cob=(2)
cfi=(256) /usr/src/debug/glibc/glibc/stdlib/../stdlib/strtol.c
cfn=(1226) __isoc23_strtoul
calls=20 125 
0 2840
cob=(1)
cfi=(1)
cfn=(892)
calls=1 0 
0 816
0 24
0 360

fn=(1384)
0 36
cfn=(912)
calls=2 0 
0 51
0 30
cfn=(912)
calls=2 0 
0 51
0 8
cfn=(1202)
calls=2 0 
0 338
0 6
cob=(7)
cfi=(233)
cfn=(924)
calls=2 295 
0 12
0 2
0 36
cfn=(1072)
calls=2 0 
0 130
0 6
cfn=(1066)
calls=2 0 
0 70
0 4
cfn=(1072)
calls=2 0 
0 28
0 4
cob=(7)
cfi=(233)
cfn=(924)
calls=2 295 
0 12
0 2
0 28
cfn=(1204)
calls=2 0 
0 441
0 4

fn=(1472)
0 18

fn=(1502)
0 136
cfn=(1504) CLI::App::_recognize(std::__cxx11::basic_string<char, std::char_traits<char>, std::allocator<char> > const&, bool) const
calls=8 0 
0 3999
0 152
cfn=(1516) CLI::App::_parse_arg(std::vector<std::__cxx11::basic_string<char, std::char_traits<char>, std::allocator<char> >, std::allocator<std::__cxx11::basic_string<char, std::char_traits<char>, std::allocator<char> > > >&, CLI::detail::Classifier, bool)
calls=6 0 
0 51636
0 8
cfn=(1514) CLI::App::_parse_positional(std::vector<std::__cxx11::basic_string<char, std::char_traits<char>, std::allocator<char> >, std::allocator<std::__cxx11::basic_string<char, std::char_traits<char>, std::allocator<char> > > >&, bool)
calls=2 0 
0 1762
0 30

fn=(1508) CLI::detail::split_long(std::__cxx11::basic_string<char, std::char_traits<char>, std::allocator<char> > const&, std::__cxx11::basic_string<char, std::char_traits<char>, std::allocator<char> >&, std::__cxx11::basic_string<char, std::char_traits<char>, std::allocator<char> >&)
0 338
cfn=(1510)
calls=14 0 
0 1042
0 200
cfn=(1512)
calls=12 0 
0 420
0 108
cob=(7)
cfi=(233)
cfn=(1052)
calls=12 3465 
0 808
0 12
0 36
cfn=(1066)
calls=12 0 
0 568
0 24
cob=(7)
cfi=(233)
cfn=(924)
calls=12 295 
0 72
0 12
0 36
cfn=(1474)
calls=12 0 
0 864
0 36

fn=(1530) CLI::Range::Range<double>(double, double, std::__cxx11::basic_string<char, std::char_traits<char>, std::allocator<char> > const&)::{lambda(std::__cxx11::basic_string<char, std::char_traits<char>, std::allocator<char> >&)#1}::operator()(std::__cxx11::basic_string<char, std::char_traits<char>, std::allocator<char> >&) const
0 24
cfn=(1350)
calls=2 0 
0 900
0 44

fn=(3742)
0 13
cfn=(898)
calls=1 0 
0 63
0 3
cfn=(3608)
calls=1 0 
0 17
0 13
cob=(7)
cfi=(232)
cfn=(918)
calls=1 43 
0 162
0 1
0 15
cob=(7)
cfi=(247)
cfn=(1034)
calls=1 32 
0 116
0 1
0 12

fn=(3760)
0 22
cfn=(3614)
calls=1 0 
0 240266
0 4
cob=(12)
cfi=(383)
cfn=(3762) bs_param_num
calls=1 0 
0 8
0 9
cfn=(3764)
calls=1 0 
0 408
0 14

fn=(3978)
0 9424

fn=(3998) StanHandler::on_warmup(Eigen::Matrix<double, -1, 1, 0, -1, 1> const&, double, double, Eigen::Matrix<double, -1, 1, 0, -1, 1> const&)
0 750
cob=(2)
cfi=(218)
cfn=(802)
calls=50 25 
0 35000
0 50
0 750

fn=(4008)
0 1197
cob=(6)
cfi=(428)
cfn=(3986)
calls=63 23 
0 441
0 63
0 945
cob=(6)
cfi=(423)
cfn=(3790)
calls=63 98 
0 1380
0 63
0 315
cob=(6)
cfi=(423)
cfn=(3790)
calls=63 98 
0 1644
0 63
0 126
cob=(6)
cfi=(425)
cfn=(3822)
calls=63 49 
0 2961
0 63
0 891
cfn=(3988)
calls=63 0 
0 1701
0 720
cob=(6)
cfi=(425)
cfn=(3822)
calls=63 49 
0 2951
0 63
0 4374

fn=(4012) walnutpie::detail::MassEstimator::reset_to_seeds()
0 13
cfn=(3728)
calls=1 0 
0 73
0 6
cfn=(3914)
calls=1 0 
0 550
0 23
cob=(2)
cfi=(152)
cfn=(632)
calls=1 3137 
0 33
0 1
0 5
cob=(2)
cfi=(152)
cfn=(632)
calls=1 3137 
0 33
0 1
0 4
cob=(2)
cfi=(152)
cfn=(632)
calls=1 3137 
0 112
0 1
0 5
cfn=(3914)
calls=1 0 
0 550
0 23
cob=(2)
cfi=(152)
cfn=(632)
calls=1 3137 
0 112
0 1
0 5
cob=(2)
cfi=(152)
cfn=(632)
calls=1 3137 
0 33
0 1
0 4
cob=(2)
cfi=(152)
cfn=(632)
calls=1 3137 
0 33
0 1
0 11
cob=(2)
cfi=(152)
cfn=(632)
calls=1 3137 
0 33
0 1

fn=(4096) std::optional<walnutpie::detail::SpanW> walnutpie::detail::build_span<(walnutpie::detail::Direction)1, walnutpie::detail::NoExceptLogpGrad<run_walnuts<walnutpie::detail::Adam>(walnutpie::DynamicStanModel&, unsigned int, walnutpie::InitConfigBuilder&, unsigned long, unsigned long, bool, walnutpie::WarmupConfig&, walnutpie::SamplingConfig&, double, bool, double)::{lambda((auto:1&&)...)#1}, StanHandler>, std::mersenne_twister_engine<unsigned long, 64ul, 312ul, 156ul, 31ul, 13043109905998158313ul, 29ul, 6148914691236517205ul, 17ul, 8202884508482404352ul, 37ul, 18444473444759240704ul, 43ul, 6364136223846793005ul>, walnutpie::detail::NoOpStepSizeAdapter const>(walnutpie::detail::Random<std::mersenne_twister_engine<unsigned long, 64ul, 312ul, 156ul, 31ul, 13043109905998158313ul, 29ul, 6148914691236517205ul, 17ul, 8202884508482404352ul, 37ul, 18444473444759240704ul, 43ul, 6364136223846793005ul> >&, walnutpie::detail::NoExceptLogpGrad<run_walnuts<walnutpie::detail::Adam>(walnutpie::DynamicStanModel&, unsigned int, walnutpie::InitConfigBuilder&, unsigned long, unsigned long, bool, walnutpie::WarmupConfig&, walnutpie::SamplingConfig&, double, bool, double)::{lambda((auto:1&&)...)#1}, StanHandler> const&, Eigen::Matrix<double, -1, 1, 0, -1, 1> const&, double, unsigned long, unsigned long, unsigned long, double, walnutpie::detail::SpanW const&, walnutpie::detail::NoOpStepSizeAdapter const&) [clone .isra.0]
0 1657
cfn=(3956)
calls=27 0 
0 2700
0 12
cfn=(3956)
calls=3 0 
0 111
0 120
cfn=(3956)
calls=30 0 
0 2811
0 210
cfn=(3956)
calls=30 0 
0 2811
0 2274
cob=(7)
cfi=(240)
cfn=(964)
calls=33 52 
0 825
0 33
0 594
cob=(12)
cfi=(383)
cfn=(3770)
calls=33 0 
0 2020425
0 165
cob=(7)
cfi=(240)
cfn=(964)
calls=33 52 
0 825
0 33
0 1587
cfn=(3946)
calls=30 0 
0 1170
0 721
cfn=(4097) std::optional<walnutpie::detail::SpanW> walnutpie::detail::build_span<(walnutpie::detail::Direction)1, walnutpie::detail::NoExceptLogpGrad<run_walnuts<walnutpie::detail::Adam>(walnutpie::DynamicStanModel&, unsigned int, walnutpie::InitConfigBuilder&, unsigned long, unsigned long, bool, walnutpie::WarmupConfig&, walnutpie::SamplingConfig&, double, bool, double)::{lambda((auto:1&&)...)#1}, StanHandler>, std::mersenne_twister_engine<unsigned long, 64ul, 312ul, 156ul, 31ul, 13043109905998158313ul, 29ul, 6148914691236517205ul, 17ul, 8202884508482404352ul, 37ul, 18444473444759240704ul, 43ul, 6364136223846793005ul>, walnutpie::detail::NoOpStepSizeAdapter const>(walnutpie::detail::Random<std::mersenne_twister_engine<unsigned long, 64ul, 312ul, 156ul, 31ul, 13043109905998158313ul, 29ul, 6148914691236517205ul, 17ul, 8202884508482404352ul, 37ul, 18444473444759240704ul, 43ul, 6364136223846793005ul> >&, walnutpie::detail::NoExceptLogpGrad<run_walnuts<walnutpie::detail::Adam>(walnutpie::DynamicStanModel&, unsigned int, walnutpie::InitConfigBuilder&, unsigned long, unsigned long, bool, walnutpie::WarmupConfig&, walnutpie::SamplingConfig&, double, bool, double)::{lambda((auto:1&&)...)#1}, StanHandler> const&, Eigen::Matrix<double, -1, 1, 0, -1, 1> const&, double, unsigned long, unsigned long, unsigned long, double, walnutpie::detail::SpanW const&, walnutpie::detail::NoOpStepSizeAdapter const&) [clone .isra.0]'2
calls=31 0 
0 2962600
0 1306
cob=(6)
cfi=(423)
cfn=(3790)
calls=27 98 
0 972
0 27
0 81
cob=(2)
cfi=(218)
cfn=(802)
calls=27 25 
0 18900
0 27
0 459
cfn=(3966)
calls=27 0 
0 186597
0 1112
cfn=(3948)
calls=27 0 
0 10854
0 81
cfn=(3972)
calls=27 0 
0 1485
0 81
cfn=(3974)
calls=27 0 
0 756
0 444
cfn=(4097)
calls=30 0 
0 2676371
0 292
cfn=(3974)
calls=30 0 
0 6382
0 176
cfn=(4002)
calls=29 0 
0 2462
0 189
cfn=(3974)
calls=29 0 
0 7537
0 164
cfn=(4008)
calls=27 0 
0 8563
0 81
cfn=(3972)
calls=27 0 
0 1485
0 81
cfn=(3974)
calls=27 0 
0 756
0 81

fn=(4097)
0 3406
cfn=(3956)
calls=74 0 
0 8482
0 20
cfn=(3956)
calls=5 0 
0 185
0 316
cfn=(3956)
calls=79 0 
0 11872
0 553
cfn=(3956)
calls=79 0 
0 9022
0 5820
cob=(7)
cfi=(240)
cfn=(964)
calls=84 52 
0 2100
0 84
0 1512
cob=(12)
cfi=(383)
cfn=(3770)
calls=84 0 
0 5149085
0 420
cob=(7)
cfi=(240)
cfn=(964)
calls=84 52 
0 2100
0 84
0 4066
cfn=(3946)
calls=79 0 
0 3081
0 1202
cfn=(4097)
calls=14 0 
0 1069031
0 3054
cob=(6)
cfi=(423)
cfn=(3790)
calls=74 98 
0 2664
0 74
0 222
cob=(2)
cfi=(218)
cfn=(802)
calls=74 25 
0 51800
0 74
0 1258
cfn=(3966)
calls=74 0 
0 312554
0 492
cob=(2)
cfi=(152)
cfn=(632)
calls=2 3137 
0 66
0 2
0 230
cob=(2)
cfi=(152)
cfn=(632)
calls=2 3137 
0 66
0 2
0 224
cob=(2)
cfi=(152)
cfn=(632)
calls=2 3137 
0 66
0 2
0 1568
cfn=(3948)
calls=72 0 
0 42871
0 216
cfn=(3972)
calls=72 0 
0 3960
0 216
cfn=(3974)
calls=72 0 
0 2016
0 313
cfn=(4097)
calls=13 0 
0 830435
0 117
cfn=(3974)
calls=13 0 
0 2289
0 78
cfn=(4002)
calls=13 0 
0 1144
0 65
cfn=(3974)
calls=13 0 
0 2461
0 78
cfn=(4008)
calls=13 0 
0 4123
0 39
cfn=(3972)
calls=13 0 
0 715
0 39
cfn=(3974)
calls=13 0 
0 364
0 39

fn=(4102)
0 7
cob=(2)
cfi=(152)
cfn=(632)
calls=1 3137 
0 112
0 1
0 6
cob=(2)
cfi=(152)
cfn=(632)
calls=1 3137 
0 112
0 1

fn=(4640)
0 17
cob=(7)
cfi=(233)
cfn=(924)
calls=1 295 
0 6
0 1
0 3
cob=(7)
cfi=(247)
cfn=(1034)
calls=1 32 
0 137
0 1
0 1

fn=(4644)
0 6

fn=(910)
0 72
cfn=(912)
calls=6 0 
0 363
0 36
cob=(7)
cfi=(232)
cfn=(918)
calls=6 43 
0 917
cob=(1)
cfi=(1)
cfn=(892)
calls=1 0 
0 620
0 10
0 290

fn=(990)
0 1321
cob=(7)
cfi=(233)
cfn=(942)
calls=6 766 
0 96
0 6
0 104
cob=(7)
cfi=(233)
cfn=(942)
calls=5 766 
0 110
0 5
0 5
cob=(7)
cfi=(233)
cfn=(942)
calls=1 766 
0 31
0 1
0 54
cfn=(992)
calls=6 0 
0 124909
0 18
cob=(7)
cfi=(233)
cfn=(924)
calls=6 295 
0 144
0 6
0 38
cfn=(1242)
calls=5 0 
0 40
0 12
cob=(7)
cfi=(233)
cfn=(924)
calls=6 295 
0 252
0 6
0 18

fn=(992)
0 1272
cfn=(912)
calls=53 0 
0 3680
0 265
cfn=(912)
calls=53 0 
0 7497
0 684
cfn=(1380)
calls=5 0 
0 55
cfn=(1272)
calls=26 0 
0 286
cfn=(1242)
calls=5 0 
0 55
cfn=(1106)
calls=16 0 
0 176
0 468
cfn=(994)
calls=52 0 
0 124386
0 7
cfn=(994)
calls=1 0 
0 10779
0 265
cob=(7)
cfi=(233)
cfn=(924)
calls=53 295 
0 318
0 53
0 106
cob=(7)
cfi=(233)
cfn=(924)
calls=53 295 
0 1470
0 53
0 745
cfn=(1108)
calls=13 0 
0 7843
0 78
cfn=(1108)
calls=13 0 
0 6539
0 39
cfn=(1108)
calls=13 0 
0 7706
0 156
cfn=(1108)
calls=26 0 
0 13029
0 39
cfn=(1108)
calls=13 0 
0 8310
0 1170
cfn=(1108)
calls=325 0 
0 179539
0 2275
cfn=(1108)
calls=325 0 
0 178400
0 1950
cfn=(1108)
calls=325 0 
0 179439
0 1950
cfn=(1108)
calls=325 0 
0 180003
0 2538
cob=(7)
cfi=(232)
cfn=(918)
calls=46 43 
0 7774
0 46
0 14
cob=(7)
cfi=(232)
cfn=(918)
calls=7 43 
0 1183
0 7
0 738
cfn=(1380)
calls=5 0 
0 55
cfn=(1272)
calls=26 0 
0 286
cfn=(1242)
calls=5 0 
0 55
cfn=(1106)
calls=16 0 
0 176
0 468
cfn=(912)
calls=52 0 
0 10074
0 3
cfn=(912)
calls=1 0 
0 83
0 371
cfn=(912)
calls=53 0 
0 3281
0 371
cfn=(994)
calls=53 0 
0 126305
0 318
cob=(7)
cfi=(233)
cfn=(924)
calls=53 295 
0 1470
0 53
0 106
cob=(7)
cfi=(233)
cfn=(924)
calls=53 295 
0 318
0 53
0 824
cfn=(1382)
calls=5 0 
0 55
cfn=(1274)
calls=26 0 
0 286
cfn=(1116)
calls=16 0 
0 176
0 1048
cfn=(1074) void CLI::OptionBase<CLI::OptionDefaults>::copy_to<CLI::Option>(CLI::Option*) const
calls=53 0 
0 19645
0 265
cfn=(1098)
calls=53 0 
0 15732
0 802
cob=(7)
cfi=(232)
cfn=(918)
calls=7 43 
0 815
0 7
0 471
cob=(7)
cfi=(247)
cfn=(1034)
calls=6 32 
0 222
0 6
0 53
cfn=(1462)
calls=2 0 
0 240
0 16
cfn=(912)
calls=2 0 
0 64
0 6
cfn=(1464) CLI::App::get_option_no_throw(std::__cxx11::basic_string<char, std::char_traits<char>, std::allocator<char> >)
calls=2 0 
0 46485
0 6
cob=(7)
cfi=(233)
cfn=(924)
calls=2 295 
0 12
0 2
0 8
cob=(7)
cfi=(233)
cfn=(924)
calls=2 295 
0 12
0 2
0 2

fn=(1110)
0 53889
cfn=(1114)
calls=1580 0 
0 10973
0 24463

fn=(1202)
0 1313
cfn=(1028)
calls=41 0 
0 5540
0 36
cfn=(1028)
calls=12 0 
0 1512
0 583

fn=(1238)
0 476

fn=(1514)
0 378
cfn=(1210)
calls=3 0 
0 33
0 76
cfn=(912)
calls=2 0 
0 309
0 8
cfn=(1202)
calls=2 0 
0 306
0 6
cob=(7)
cfi=(233)
cfn=(924)
calls=2 295 
0 12
0 2
0 12
cob=(7)
cfi=(233)
cfn=(924)
calls=2 295 
0 84
0 2
0 359
cob=(7)
cfi=(232)
cfn=(918)
calls=2 43 
0 80
0 2
0 17
cob=(2)
cfi=(158)
cfn=(908)
calls=1 0 
0 13
0 1
0 12
cob=(7)
cfi=(247)
cfn=(1034)
calls=1 32 
0 37
0 1
0 12

fn=(1518)
0 25

fn=(1528)
0 12
cfn=(1530)
calls=2 0 
0 968
0 14

fn=(1534)
0 30
cob=(7)
cfi=(286)
cfn=(1540)
calls=3 608 
0 9
cob=(1)
cfi=(1)
cfn=(892)
calls=1 0 
0 756
0 7
0 9
cob=(2)
cfi=(158)
cfn=(688)
calls=3 0 
0 78
0 3
0 24
cob=(7)
cfi=(287)
cfn=(1546)
calls=3 333 
0 9
cob=(1)
cfi=(1)
cfn=(892)
calls=1 0 
0 824
0 7
0 9
cob=(7)
cfi=(287)
cfn=(1552)
calls=3 1948 
0 5365
cob=(1)
cfi=(1)
cfn=(892)
calls=1 0 
0 880
0 7
0 9
cob=(7)
cfi=(293)
cfn=(1576)
calls=3 1516 
0 164
cob=(1)
cfi=(1)
cfn=(892)
calls=1 0 
0 948
0 7
0 18
cob=(7)
cfi=(287)
cfn=(1590)
calls=3 320 
0 708
cob=(1)
cfi=(1)
cfn=(892)
calls=1 0 
0 1003
0 7
0 18
cob=(7)
cfi=(247)
cfn=(1034)
calls=3 32 
0 111
0 3
0 46
cob=(7)
cfi=(232)
cfn=(918)
calls=3 43 
0 392
0 3
0 18
cob=(2)
cfi=(158)
cfn=(908)
calls=3 0 
0 56
0 3
0 16

fn=(1614)
0 18
cfn=(1624)
calls=1 0 
0 58
cfn=(1616)
calls=1 0 
0 67
0 10
cfn=(1628) std::_Sp_counted_ptr<CLI::Formatter*, (__gnu_cxx::_Lock_policy)2>::_M_destroy()
calls=1 0 
0 40
cfn=(1620)
calls=1 0 
0 40

fn=(1626)
0 15
cob=(7)
cfi=(247)
cfn=(1034)
calls=1 32 
0 37
0 1

fn=(1630)
0 799
cob=(7)
cfi=(233)
cfn=(924)
calls=47 295 
0 282
0 47
0 141
cob=(7)
cfi=(247)
cfn=(1034)
calls=47 32 
0 6241
0 47
0 47

fn=(1646)
0 8

fn=(3604)
0 7
cob=(2)
cfi=(336)
cfn=(1974)
calls=1 64 
0 715
0 1
0 8

fn=(3612)
0 55

fn=(3748)
0 23
cob=(2)
cfi=(152)
cfn=(632)
calls=1 3137 
0 112
0 1
0 14
cob=(7)
cfi=(247)
cfn=(1034)
calls=1 32 
0 116
0 1

fn=(3920) walnutpie::detail::MassEstimator::inv_mass_estimate() const
0 1300
cfn=(3712)
calls=50 0 
0 2800
0 250
cfn=(3922)
calls=50 0 
0 2050
0 750
cfn=(3712)
calls=50 0 
0 2931
0 200
cfn=(3922)
calls=50 0 
0 2050
0 950
cfn=(3904)
calls=50 0 
0 3665
0 350
cfn=(3712)
calls=50 0 
0 2921
0 1800
cob=(2)
cfi=(152)
cfn=(632)
calls=50 3137 
0 1650
0 50
0 200
cob=(2)
cfi=(152)
cfn=(632)
calls=50 3137 
0 1650
0 50
0 200
cob=(2)
cfi=(152)
cfn=(632)
calls=50 3137 
0 1729
0 50
0 200
cob=(2)
cfi=(152)
cfn=(632)
calls=50 3137 
0 1650
0 50
0 950
cfn=(3712)
calls=50 0 
0 2921
0 2300

fn=(3946)
0 23556

fn=(3972)
0 29480

fn=(4004)
0 1805
cob=(6)
cfi=(428)
cfn=(3986)
calls=95 23 
0 665
0 95
0 1425
cob=(6)
cfi=(423)
cfn=(3790)
calls=95 98 
0 2148
0 95
0 475
cob=(6)
cfi=(423)
cfn=(3790)
calls=95 98 
0 2412
0 95
0 190
cob=(6)
cfi=(425)
cfn=(3822)
calls=95 49 
0 4465
0 95
0 1422
cfn=(3988)
calls=95 0 
0 2565
0 1152
cob=(6)
cfi=(425)
cfn=(3822)
calls=95 49 
0 4430
0 95
0 6563

fn=(4006)
0 6745

fn=(4100)
0 4
cfn=(3750)
calls=1 0 
0 14
0 2
cfn=(3750)
calls=1 0 
0 14
0 13
cob=(2)
cfi=(152)
cfn=(632)
calls=1 3137 
0 112
0 1
0 4
cob=(2)
cfi=(152)
cfn=(632)
calls=1 3137 
0 133
0 1
0 4
cob=(2)
cfi=(152)
cfn=(632)
calls=1 3137 
0 112
0 1
0 4
cob=(2)
cfi=(152)
cfn=(632)
calls=1 3137 
0 112
0 1
0 4
cob=(2)
cfi=(152)
cfn=(632)
calls=1 3137 
0 139
0 1
0 4
cob=(2)
cfi=(152)
cfn=(632)
calls=1 3137 
0 160
0 1
0 4
cob=(2)
cfi=(152)
cfn=(632)
calls=1 3137 
0 112
0 1
0 5
cob=(2)
cfi=(152)
cfn=(632)
calls=1 3137 
0 133
0 1

fn=(4104)
0 14
cob=(2)
cfi=(152)
cfn=(632)
calls=1 3137 
0 112
0 1
0 10
cob=(7)
cfi=(247)
cfn=(1034)
calls=1 32 
0 116
0 1
0 10
cob=(2)
cfi=(152)
cfn=(632)
calls=1 3137 
0 112
0 1
0 10
cob=(7)
cfi=(247)
cfn=(1034)
calls=1 32 
0 116
0 1
0 9
cob=(7)
cfi=(247)
cfn=(1034)
calls=1 32 
0 116
0 1

fn=(4106)
0 32
cob=(12)
cfi=(383)
cfn=(3762)
calls=2 0 
0 16
0 30
cob=(7)
cfi=(232)
cfn=(918)
calls=2 43 
0 84
0 2
0 30
cob=(12)
cfi=(383)
cfn=(4108)
calls=2 0 
0 16
0 344
cob=(2)
cfi=(158)
cfn=(908)
calls=2 0 
0 30
0 2
0 38
cob=(2)
cfi=(158)
cfn=(908)
calls=4 0 
0 66
0 4
0 8

fn=(884) _GLOBAL__sub_I_main
0 9
cob=(2)
cfi=(209)
cfn=(776)
calls=1 67 
0 66
cob=(1)
cfi=(1)
cfn=(892)
calls=1 0 
0 833
0 5
0 4
cob=(2)
cfi=(209)
cfn=(776)
calls=1 67 
0 66
0 1
0 4
cob=(2)
cfi=(209)
cfn=(776)
calls=1 67 
0 66
0 1
0 4
cob=(2)
cfi=(209)
cfn=(776)
calls=1 67 
0 66
0 1
0 4
cfn=(898)
calls=1 0 
0 1712
0 3
cfn=(910)
calls=1 0 
0 902
0 2
cob=(7)
cfi=(233)
cfn=(924)
calls=1 295 
0 6
cob=(1)
cfi=(1)
cfn=(892)
calls=1 0 
0 1026
0 5
0 18
cfn=(926)
calls=1 0 
0 6
0 4
cob=(2)
cfi=(209)
cfn=(776)
calls=1 67 
0 66
0 1
0 4
cfn=(898)
calls=1 0 
0 68
0 3
cfn=(910)
calls=1 0 
0 278
0 2
cob=(7)
cfi=(233)
cfn=(924)
calls=1 295 
0 6
0 1
0 18
cfn=(926)
calls=1 0 
0 6
0 4
cob=(2)
cfi=(209)
cfn=(776)
calls=1 67 
0 66
0 1
0 4
cfn=(898)
calls=1 0 
0 63
0 3
cfn=(910)
calls=1 0 
0 274
0 2
cob=(7)
cfi=(233)
cfn=(924)
calls=1 295 
0 6
0 1
0 18
cfn=(926)
calls=1 0 
0 6
0 4
cob=(2)
cfi=(209)
cfn=(776)
calls=1 67 
0 66
0 1
0 4
cfn=(898)
calls=1 0 
0 238
0 3
cfn=(910)
calls=1 0 
0 446
0 2
cob=(7)
cfi=(233)
cfn=(924)
calls=1 295 
0 298
0 1
0 18
cfn=(926)
calls=1 0 
0 6
0 4
cob=(2)
cfi=(209)
cfn=(776)
calls=1 67 
0 66
0 1
0 4
cfn=(898)
calls=1 0 
0 65
0 3
cfn=(910)
calls=1 0 
0 278
0 2
cob=(7)
cfi=(233)
cfn=(924)
calls=1 295 
0 6
0 1
0 18
cfn=(926)
calls=1 0 
0 6
0 5
cob=(2)
cfi=(209)
cfn=(776)
calls=1 67 
0 66
0 1
0 24
cob=(2)
cfi=(209)
cfn=(776)
calls=1 67 
0 66
0 1
0 4
cfn=(898)
calls=1 0 
0 65
0 13
cfn=(912)
calls=1 0 
0 33
0 6
cfn=(912)
calls=1 0 
0 33
0 6
cob=(7)
cfi=(232)
cfn=(918)
calls=1 43 
0 175
0 1
0 4
cob=(7)
cfi=(233)
cfn=(942)
calls=1 766 
0 33
cob=(1)
cfi=(1)
cfn=(892)
calls=1 0 
0 951
0 5
0 8
cob=(7)
cfi=(233)
cfn=(924)
calls=1 295 
0 6
0 1
0 21
cob=(7)
cfi=(233)
cfn=(924)
calls=1 295 
0 6
0 1
0 5
cob=(7)
cfi=(233)
cfn=(924)
calls=1 295 
0 6
0 1
0 4
cob=(2)
cfi=(209)
cfn=(776)
calls=1 67 
0 66
0 1
0 4
cfn=(898)
calls=1 0 
0 63
0 5
cfn=(946)
calls=1 0 
0 353
0 2
cob=(7)
cfi=(233)
cfn=(924)
calls=1 295 
0 6
0 1
0 4
cob=(2)
cfi=(209)
cfn=(776)
calls=1 67 
0 66
0 1
0 4
cfn=(898)
calls=1 0 
0 63
0 5
cfn=(946)
calls=1 0 
0 353
0 2
cob=(7)
cfi=(233)
cfn=(924)
calls=1 295 
0 6
0 1
0 4
cob=(2)
cfi=(209)
cfn=(776)
calls=1 67 
0 66
0 1
0 12

fn=(946)
0 140
cfn=(912)
calls=7 0 
0 152
0 35
cfn=(912)
calls=7 0 
0 152
0 42
cob=(7)
cfi=(232)
cfn=(918)
calls=7 43 
0 560
0 7
0 234
cob=(7)
cfi=(249)
cfn=(1124)
calls=5 1173 
0 2955
0 5
0 20
cob=(7)
cfi=(279)
cfn=(1392)
calls=5 84 
0 1025
cob=(1)
cfi=(1)
cfn=(892)
calls=1 0 
0 1070
0 9
0 20
cob=(7)
cfi=(279)
cfn=(1392)
calls=5 84 
0 605
0 5
0 15
cob=(7)
cfi=(250)
cfn=(1282)
calls=5 67 
0 17966
0 5
0 25
cob=(7)
cfi=(279)
cfn=(1392)
calls=5 84 
0 620
0 5
0 15
cob=(7)
cfi=(250)
cfn=(1282)
calls=5 67 
0 14168
0 5
0 20
cob=(7)
cfi=(279)
cfn=(1392)
calls=5 84 
0 610
0 5
0 15
cob=(7)
cfi=(249)
cfn=(1178)
calls=5 288 
0 545
0 5
0 30
cfn=(912)
calls=5 0 
0 809
0 30
cob=(7)
cfi=(232)
cfn=(918)
calls=5 43 
0 609
0 5
0 20
cob=(7)
cfi=(233)
cfn=(942)
calls=5 766 
0 80
0 5
0 95
cfn=(1232)
calls=5 0 
0 330
0 10
cob=(7)
cfi=(233)
cfn=(924)
calls=5 295 
0 30
0 5
0 10
cob=(7)
cfi=(233)
cfn=(924)
calls=5 295 
0 210
0 5
0 10
cob=(7)
cfi=(249)
cfn=(1190)
calls=5 1215 
0 575
0 5
0 140
cfn=(926)
calls=7 0 
0 42
0 192

fn=(1066)
0 5944
cob=(2)
cfi=(158)
cfn=(908)
calls=92 0 
0 1319
0 92
0 1142

fn=(1068)
0 2856
cob=(7)
cfi=(232)
cfn=(918)
calls=102 43 
0 7210
0 102
0 816
cfn=(912)
calls=102 0 
0 5676
0 2040

fn=(1072)
0 13612
cob=(7)
cfi=(247)
cfn=(1034)
calls=156 32 
0 7132
0 156
0 6797
cob=(7)
cfi=(247)
cfn=(1034)
calls=369 32 
0 18515
0 369
0 3984

fn=(1104)
0 368
cfn=(912)
calls=16 0 
0 2103
0 208
cfn=(912)
calls=16 0 
0 853
0 112
cfn=(992)
calls=16 0 
0 266285
0 85
cob=(7)
cfi=(247)
cfn=(1034)
calls=7 32 
0 259
0 7
0 112
cfn=(1106)
calls=16 0 
0 128
0 96
cob=(7)
cfi=(247)
cfn=(1034)
calls=16 32 
0 592
0 16
0 112
cfn=(1116)
calls=16 0 
0 128
0 64
cfn=(898)
calls=16 0 
0 1040
0 80
cfn=(912)
calls=16 0 
0 528
0 96
cob=(7)
cfi=(232)
cfn=(918)
calls=16 43 
0 672
0 16
0 64
cob=(7)
cfi=(233)
cfn=(942)
calls=16 766 
0 528
0 16
0 352
cfn=(1102)
calls=16 0 
0 96
0 384

fn=(1232)
0 761
cob=(7)
cfi=(233)
cfn=(924)
calls=33 295 
0 455
0 33
0 99
cob=(7)
cfi=(247)
cfn=(1034)
calls=33 32 
0 3553
0 33
0 153
cob=(7)
cfi=(232)
cfn=(918)
calls=20 43 
0 840
0 20
0 180
cfn=(912)
calls=20 0 
0 675
0 80

fn=(1236)
0 1350
cob=(7)
cfi=(232)
cfn=(918)
calls=27 43 
0 3661
0 27
0 1215
cob=(7)
cfi=(233)
cfn=(942)
calls=27 766 
0 891
0 27
0 486

fn=(1468) CLI::App::get_option_no_throw(std::__cxx11::basic_string<char, std::char_traits<char>, std::allocator<char> >) [clone .part.0]
0 32

fn=(1492)
0 23
cob=(7)
cfi=(232)
cfn=(918)
calls=1 43 
0 175
0 1
0 20

fn=(1494)
0 494
cfn=(1210)
calls=53 0 
0 583
0 233

fn=(1520)
0 14

fn=(1628)
0 2
cob=(7)
cfi=(247)
cfn=(1034)
calls=1 32 
0 37
0 1

fn=(3608)
0 153

fn=(3704)
0 81
cob=(7)
cfi=(232)
cfn=(918)
calls=3 43 
0 253
0 3
0 23
cob=(2)
cfi=(158)
cfn=(908)
calls=2 0 
0 24
0 2
0 17
cob=(7)
cfi=(247)
cfn=(1034)
calls=2 32 
0 74
0 2
0 36

fn=(3910)
0 13
cob=(2)
cfi=(158)
cfn=(908)
calls=1 0 
0 65
0 1
0 19
cfn=(3904)
calls=1 0 
0 190
0 4
cfn=(3912)
calls=1 0 
0 299
0 17
cfn=(3728)
calls=1 0 
0 204
0 6
cfn=(3914)
calls=1 0 
0 1085
0 31
cfn=(3712)
calls=1 0 
0 165
0 35
cfn=(3914)
calls=1 0 
0 1053
0 29
cob=(2)
cfi=(152)
cfn=(632)
calls=1 3137 
0 33
0 1
0 13
cob=(2)
cfi=(152)
cfn=(632)
calls=1 3137 
0 112
0 1
0 10

fn=(3974)
0 7294
cob=(2)
cfi=(152)
cfn=(632)
calls=484 3137 
0 17968
0 484
0 4470
cob=(2)
cfi=(152)
cfn=(632)
calls=384 3137 
0 15254
0 384
0 4570
cob=(2)
cfi=(152)
cfn=(632)
calls=484 3137 
0 24753
0 484
0 4570
cob=(2)
cfi=(152)
cfn=(632)
calls=484 3137 
0 23455
0 484
0 4570
cob=(2)
cfi=(152)
cfn=(632)
calls=484 3137 
0 27784
0 484
0 4570
cob=(2)
cfi=(152)
cfn=(632)
calls=484 3137 
0 27607
0 484
0 4570
cob=(2)
cfi=(152)
cfn=(632)
calls=484 3137 
0 27489
0 484
0 5054
cob=(2)
cfi=(152)
cfn=(632)
calls=484 3137 
0 27170
0 484
0 1756

fn=(3996)
0 2184

fn=(4112)
0 21
cob=(7)
cfi=(202)
cfn=(738)
calls=1 76 
0 56
cob=(1)
cfi=(1)
cfn=(892)
calls=1 0 
0 696
0 5
0 16
cob=(7)
cfi=(203)
cfn=(740)
calls=1 131 
0 147
cob=(1)
cfi=(1)
cfn=(892)
calls=1 0 
0 1057
0 5
0 6
cob=(7)
cfi=(406)
cfn=(3166)
calls=1 85 
0 85
cob=(1)
cfi=(1)
cfn=(892)
calls=1 0 
0 901
0 5
0 3
cob=(7)
cfi=(203)
cfn=(740)
calls=1 131 
0 147
0 1
0 4
cob=(7)
cfi=(406)
cfn=(3174)
calls=1 183 
0 678
cob=(1)
cfi=(1)
cfn=(892)
calls=1 0 
0 1013
0 5
0 7
cob=(7)
cfi=(203)
cfn=(3186)
calls=1 46 
0 9
cob=(1)
cfi=(1)
cfn=(892)
calls=1 0 
0 969
0 5
0 10
cob=(7)
cfi=(279)
cfn=(1392)
calls=1 84 
0 236
0 1
0 24
cob=(7)
cfi=(207)
cfn=(1456)
calls=2 734 
0 384
0 2
0 14
cob=(7)
cfi=(279)
cfn=(1392)
calls=2 84 
0 320
0 2
0 5
cob=(7)
cfi=(207)
cfn=(1456)
calls=1 734 
0 192
0 1
0 4
cfn=(898)
calls=1 0 
0 43
0 4
cfn=(898)
calls=1 0 
0 43
0 4
cfn=(898)
calls=1 0 
0 43
0 4
cfn=(898)
calls=1 0 
0 43
0 4
cfn=(898)
calls=1 0 
0 44
0 4
cfn=(898)
calls=1 0 
0 44
0 6
cfn=(912)
calls=1 0 
0 18
0 6
cfn=(912)
calls=1 0 
0 18
0 6
cfn=(912)
calls=1 0 
0 18
0 6
cfn=(912)
calls=1 0 
0 18
0 6
cfn=(912)
calls=1 0 
0 36
0 4
cfn=(898)
calls=1 0 
0 43
0 6
cfn=(912)
calls=1 0 
0 36
0 5
cob=(7)
cfi=(233)
cfn=(924)
calls=1 295 
0 6
0 1
0 2
cob=(7)
cfi=(233)
cfn=(924)
calls=1 295 
0 6
0 1
0 2
cob=(7)
cfi=(233)
cfn=(924)
calls=1 295 
0 6
0 1
0 2
cob=(7)
cfi=(233)
cfn=(924)
calls=1 295 
0 6
0 1
0 2
cob=(7)
cfi=(233)
cfn=(924)
calls=1 295 
0 6
0 1
0 2
cob=(7)
cfi=(233)
cfn=(924)
calls=1 295 
0 6
0 1
0 7
cfn=(912)
calls=1 0 
0 18
0 6
cfn=(912)
calls=1 0 
0 18
0 6
cfn=(912)
calls=1 0 
0 18
0 6
cfn=(912)
calls=1 0 
0 18
0 6
cfn=(912)
calls=1 0 
0 36
0 6
cfn=(912)
calls=1 0 
0 18
0 6
cfn=(912)
calls=1 0 
0 36
0 10
cfn=(4082)
calls=1 0 
0 32
0 2
cob=(7)
cfi=(406)
cfn=(3516)
calls=1 253 
0 710
cob=(1)
cfi=(1)
cfn=(892)
calls=1 0 
0 938
0 5
0 9
cfn=(4082)
calls=1 0 
0 32
0 6
cob=(7)
cfi=(406)
cfn=(3516)
calls=1 253 
0 19
0 1
0 2
cob=(7)
cfi=(407)
cfn=(3528)
calls=1 210 
0 21
cob=(1)
cfi=(1)
cfn=(892)
calls=1 0 
0 755
0 5
0 4
cob=(7)
cfi=(170)
cfn=(746)
calls=1 91 
0 6
0 1
0 9
cob=(7)
cfi=(202)
cfn=(1196)
calls=1 87 
0 43
cob=(1)
cfi=(1)
cfn=(892)
calls=1 0 
0 704
0 5
0 20
cob=(2)
cfi=(152)
cfn=(812)
calls=1 3101 
0 138
0 1
0 16
cob=(2)
cfi=(158)
cfn=(908)
calls=1 0 
0 149
0 1
0 36
cob=(7)
cfi=(279)
cfn=(1392)
calls=1 84 
0 118
0 1
0 13
cob=(7)
cfi=(279)
cfn=(1392)
calls=1 84 
0 118
0 1
0 147
cob=(7)
cfi=(279)
cfn=(1392)
calls=49 84 
0 5782
0 49
0 150
cob=(7)
cfi=(250)
cfn=(1282)
calls=50 67 
0 106177
0 50
0 450
cob=(7)
cfi=(279)
cfn=(1392)
calls=50 84 
0 8050
0 50
0 200
cob=(7)
cfi=(279)
cfn=(1392)
calls=50 84 
0 8050
0 50
0 300
cob=(7)
cfi=(250)
cfn=(1282)
calls=100 67 
0 208274
0 100
0 500
cob=(7)
cfi=(279)
cfn=(1392)
calls=50 84 
0 5900
0 50
0 296
cob=(7)
cfi=(279)
cfn=(1392)
calls=49 84 
0 7889
0 49
0 395
cob=(7)
cfi=(279)
cfn=(1392)
calls=49 84 
0 5782
0 49
0 102
cob=(7)
cfi=(279)
cfn=(1392)
calls=1 84 
0 118
0 1
0 10
cob=(2)
cfi=(152)
cfn=(632)
calls=1 3137 
0 87
0 1
0 5

fn=(4656)
0 6

fn=(4658) CLI::detail::ExistingDirectoryValidator::~ExistingDirectoryValidator()
0 13
cfn=(4660) std::_Function_handler<std::__cxx11::basic_string<char, std::char_traits<char>, std::allocator<char> > (std::__cxx11::basic_string<char, std::char_traits<char>, std::allocator<char> >&), CLI::detail::ExistingDirectoryValidator::ExistingDirectoryValidator()::{lambda(std::__cxx11::basic_string<char, std::char_traits<char>, std::allocator<char> >&)#1}>::_M_manager(std::_Any_data&, std::_Any_data const&, std::_Manager_operation)
calls=1 0 
0 6
0 7
cfn=(1232)
calls=1 0 
0 166
0 2

fn=(4668)
0 9
cob=(2)
cfi=(441)
cfn=(4674)
calls=1 45 
0 94
0 1
cfn=(4682)
calls=1 0 
0 5
0 3

fn=(912)
0 30870
cob=(2)
cfi=(158)
cfn=(908)
calls=2788 0 
0 36792
0 2788
0 13940

ob=(12)
fl=(383)
fn=(3190)
0 52
cfn=(3224)
calls=1 0 
0 16
0 10
cfn=(3226)
calls=1 0 
0 81554
0 5
cfn=(3224)
calls=1 0 
0 26
0 15
cfn=(3484)
calls=1 0 
0 7261
0 8
cob=(2)
cfi=(152)
cfn=(632)
calls=1 3137 
0 33
0 1
0 5
cob=(7)
cfi=(247)
cfn=(1034)
calls=1 32 
0 37
0 1
0 9

fn=(3266) std::_Rb_tree<boost::re_detail_500::cpp_regex_traits_base<char>, std::pair<boost::re_detail_500::cpp_regex_traits_base<char> const, std::_List_iterator<std::pair<std::shared_ptr<boost::re_detail_500::cpp_regex_traits_implementation<char> const>, boost::re_detail_500::cpp_regex_traits_base<char> const*> > >, std::_Select1st<std::pair<boost::re_detail_500::cpp_regex_traits_base<char> const, std::_List_iterator<std::pair<std::shared_ptr<boost::re_detail_500::cpp_regex_traits_implementation<char> const>, boost::re_detail_500::cpp_regex_traits_base<char> const*> > > >, std::less<boost::re_detail_500::cpp_regex_traits_base<char> >, std::allocator<std::pair<boost::re_detail_500::cpp_regex_traits_base<char> const, std::_List_iterator<std::pair<std::shared_ptr<boost::re_detail_500::cpp_regex_traits_implementation<char> const>, boost::re_detail_500::cpp_regex_traits_base<char> const*> > > > >::find(boost::re_detail_500::cpp_regex_traits_base<char> const&)
0 48

fn=(3362)
0 25

fn=(3390)
0 76

fn=(3440)
0 253
cob=(2)
cfi=(158)
cfn=(690)
calls=23 0 
0 230
0 23
0 159

fn=(3466)
0 135
cob=(7)
cfi=(232)
cfn=(918)
calls=5 43 
0 337
0 5
0 41
cob=(2)
cfi=(158)
cfn=(908)
calls=4 0 
0 48
0 4
0 31
cob=(7)
cfi=(247)
cfn=(1034)
calls=4 32 
0 148
0 4
0 60

fn=(3468) std::pair<std::vector<double, std::allocator<double> >, std::vector<unsigned long, std::allocator<unsigned long> > >::~pair()
0 13
cob=(7)
cfi=(247)
cfn=(1034)
calls=1 32 
0 37
0 1
0 8
cob=(7)
cfi=(247)
cfn=(1034)
calls=1 32 
0 37
0 1
0 4

fn=(3482)
0 30
cfn=(3420)
calls=1 0 
0 3264

fn=(3486)
0 27

fn=(3540)
0 20
cfn=(3424)
calls=1 0 
0 118
0 7
cfn=(3424)
calls=1 0 
0 118
0 8
cob=(7)
cfi=(232)
cfn=(918)
calls=1 43 
0 38
0 1
0 13
cob=(2)
cfi=(158)
cfn=(908)
calls=1 0 
0 15
0 1
0 10

fn=(3600)
0 60
cob=(7)
cfi=(246)
cfn=(3496)
calls=4 476 
0 196
0 4
0 56
cfn=(3596) std::__cxx11::basic_string<char, std::char_traits<char>, std::allocator<char> >& std::vector<std::__cxx11::basic_string<char, std::char_traits<char>, std::allocator<char> >, std::allocator<std::__cxx11::basic_string<char, std::char_traits<char>, std::allocator<char> > > >::emplace_back<std::__cxx11::basic_string<char, std::char_traits<char>, std::allocator<char> > >(std::__cxx11::basic_string<char, std::char_traits<char>, std::allocator<char> >&&) [clone .isra.0]
calls=4 0 
0 136
0 52
cob=(7)
cfi=(246)
cfn=(3496)
calls=4 476 
0 184
0 4
0 52
cfn=(3596)
calls=4 0 
0 136
0 52
cob=(7)
cfi=(246)
cfn=(3496)
calls=4 476 
0 184
0 4
0 52
cfn=(3596)
calls=4 0 
0 136
0 512

fn=(3784)
0 69262
cob=(7)
cfi=(232)
cfn=(918)
calls=1 43 
0 42
0 1
0 18
cob=(2)
cfi=(158)
cfn=(908)
calls=1 0 
0 12
0 1
0 18
cob=(7)
cfi=(247)
cfn=(1034)
calls=1 32 
0 37
0 1
0 11

fn=(3814) Eigen::internal::general_matrix_vector_product<long, double, Eigen::internal::const_blas_data_mapper<double, long, 0>, 0, false, double, Eigen::internal::const_blas_data_mapper<double, long, 1>, false, 0>::run(long, long, Eigen::internal::const_blas_data_mapper<double, long, 0> const&, Eigen::internal::const_blas_data_mapper<double, long, 1> const&, double*, long, double) [clone .isra.0]
0 1209392

fn=(3826)
0 56546
cfn=(3786)
calls=1154 0 
0 23080
0 17310
cfn=(3778)
calls=1154 0 
0 10386
0 21926
cfn=(3778)
calls=1154 0 
0 10386
0 19618
cfn=(3778)
calls=1154 0 
0 10552
0 19618
cfn=(3778)
calls=1154 0 
0 10386
0 8078

fn=(3830) Eigen::CwiseNullaryOp<Eigen::internal::scalar_constant_op<double>, Eigen::Matrix<double, -1, -1, 0, -1, -1> >::CwiseNullaryOp(long, long, Eigen::internal::scalar_constant_op<double> const&)
0 4039

fn=(3832)
0 62316
cob=(2)
cfi=(152)
cfn=(632)
calls=2308 3137 
0 9232
0 2308
0 18464
cfn=(3546)
calls=2308 0 
0 101994
0 18464

fn=(3894)
0 8655

fn=(4188) std::_Sp_counted_ptr<boost::regex_traits_wrapper<boost::regex_traits<char, boost::cpp_regex_traits<char> > >*, (__gnu_cxx::_Lock_policy)2>::_M_dispose()
0 24
cob=(7)
cfi=(247)
cfn=(1034)
calls=1 32 
0 116
0 1

fn=(4196) boost::object_cache<boost::re_detail_500::cpp_regex_traits_base<char>, boost::re_detail_500::cpp_regex_traits_implementation<char> >::data::~data()
0 11
cfn=(4198) std::_Rb_tree<boost::re_detail_500::cpp_regex_traits_base<char>, std::pair<boost::re_detail_500::cpp_regex_traits_base<char> const, std::_List_iterator<std::pair<std::shared_ptr<boost::re_detail_500::cpp_regex_traits_implementation<char> const>, boost::re_detail_500::cpp_regex_traits_base<char> const*> > >, std::_Select1st<std::pair<boost::re_detail_500::cpp_regex_traits_base<char> const, std::_List_iterator<std::pair<std::shared_ptr<boost::re_detail_500::cpp_regex_traits_implementation<char> const>, boost::re_detail_500::cpp_regex_traits_base<char> const*> > > >, std::less<boost::re_detail_500::cpp_regex_traits_base<char> >, std::allocator<std::pair<boost::re_detail_500::cpp_regex_traits_base<char> const, std::_List_iterator<std::pair<std::shared_ptr<boost::re_detail_500::cpp_regex_traits_implementation<char> const>, boost::re_detail_500::cpp_regex_traits_base<char> const*> > > > >::_M_erase(std::_Rb_tree_node<std::pair<boost::re_detail_500::cpp_regex_traits_base<char> const, std::_List_iterator<std::pair<std::shared_ptr<boost::re_detail_500::cpp_regex_traits_implementation<char> const>, boost::re_detail_500::cpp_regex_traits_base<char> const*> > > >*) [clone .isra.0]
calls=1 0 
0 6
0 3
cob=(7)
cfi=(170)
cfn=(746)
calls=1 91 
0 6
0 1
0 3
cob=(7)
cfi=(247)
cfn=(1034)
calls=1 32 
0 37
0 1
0 12
cob=(7)
cfi=(247)
cfn=(1034)
calls=1 32 
0 164
0 1
0 22
cfn=(4200)
calls=1 0 
0 70
0 3
cfn=(4202)
calls=1 0 
0 167
0 1

fn=(3332) boost::re_detail_500::basic_regex_parser<char, boost::regex_traits<char, boost::cpp_regex_traits<char> > >::parse_extended()
0 57
cfn=(3356)
calls=1 0 
0 231
0 12
cfn=(3334)
calls=2 0 
0 5203

fn=(3154) void std::__cxx11::basic_string<char, std::char_traits<char>, std::allocator<char> >::_M_construct<char const*>(char const*, char const*, std::forward_iterator_tag) [clone .isra.0]
0 28
cob=(2)
cfi=(158)
cfn=(908)
calls=1 0 
0 15
0 1
0 3

fn=(3264)
0 19
cfn=(3266)
calls=1 0 
0 6
0 16
cob=(7)
cfi=(248)
cfn=(1080)
calls=1 273 
0 17
0 1
0 17
cob=(2)
cfi=(209)
cfn=(776)
calls=1 67 
0 66
0 1
0 2
cob=(7)
cfi=(248)
cfn=(1086)
calls=1 443 
0 6
0 1
0 4
cob=(7)
cfi=(232)
cfn=(918)
calls=1 43 
0 324
0 1
0 4
cob=(7)
cfi=(170)
cfn=(3256)
calls=1 78 
0 7
0 1
0 6
cfn=(3268) boost::re_detail_500::cpp_regex_traits_char_layer<char>::init()
calls=1 0 
0 7894
0 20
cfn=(3272) boost::re_detail_500::cpp_regex_traits_implementation<char>::init()
calls=1 0 
0 1568
0 2
cob=(7)
cfi=(232)
cfn=(918)
calls=1 43 
0 42
0 1
0 13
cob=(7)
cfi=(232)
cfn=(918)
calls=1 43 
0 42
0 1
0 10
cob=(7)
cfi=(414)
cfn=(3310)
calls=1 131 
0 7
0 1
0 6
cob=(7)
cfi=(170)
cfn=(3256)
calls=1 78 
0 7
0 1
0 13
cob=(7)
cfi=(232)
cfn=(918)
calls=1 43 
0 42
0 1
0 7
cob=(7)
cfi=(170)
cfn=(3256)
calls=1 78 
0 7
0 1
0 13
cfn=(3312)
calls=1 0 
0 23
0 16
cob=(7)
cfi=(415)
cfn=(3318)
calls=1 199 
0 16
0 1
0 5
cob=(7)
cfi=(170)
cfn=(746)
calls=1 91 
0 6
0 1
0 3
cfn=(3266)
calls=1 0 
0 42
0 12

fn=(3268)
0 41
cfn=(3270)
calls=1 0 
0 196
0 1927
cob=(2)
cfi=(158)
cfn=(908)
calls=1 0 
0 77
0 1
0 232
cob=(2)
cfi=(158)
cfn=(908)
calls=58 0 
0 4466
0 58
0 896

fn=(3322)
0 60
cfn=(3324)
calls=5 0 
0 975
0 50

fn=(3394)
0 144

fn=(3450)
0 29

fn=(3474) std::vector<double, std::allocator<double> >::operator=(std::vector<double, std::allocator<double> > const&) [clone .isra.0]
0 21
cob=(7)
cfi=(232)
cfn=(918)
calls=1 43 
0 42
0 1
0 4
cob=(2)
cfi=(158)
cfn=(908)
calls=1 0 
0 22
0 1
0 12

fn=(3542)
0 30
cfn=(3422)
calls=2 0 
0 168
0 10
cfn=(3422)
calls=1 0 
0 90
0 8
cob=(7)
cfi=(232)
cfn=(918)
calls=1 43 
0 42
0 1
0 13
cob=(2)
cfi=(158)
cfn=(908)
calls=1 0 
0 22
0 1
0 28
cfn=(3424)
calls=1 0 
0 117
0 7
cfn=(3424)
calls=1 0 
0 117
0 7
cob=(7)
cfi=(232)
cfn=(918)
calls=1 43 
0 42
0 1
0 5
cob=(2)
cfi=(158)
cfn=(908)
calls=1 0 
0 12
0 1
0 6
cob=(7)
cfi=(232)
cfn=(918)
calls=1 43 
0 42
0 1
0 10
cob=(2)
cfi=(158)
cfn=(936)
calls=1 0 
0 19
0 1
0 56
cob=(7)
cfi=(247)
cfn=(1034)
calls=1 32 
0 37
0 1
0 2

fn=(3544)
0 13860
cob=(2)
cfi=(152)
cfn=(632)
calls=1155 3137 
0 4620
0 1155
0 10395
cfn=(3546)
calls=1155 0 
0 50820
0 6930

fn=(3548)
0 24
cfn=(3550)
calls=2 0 
0 162
0 11
cob=(7)
cfi=(247)
cfn=(1034)
calls=1 32 
0 37
0 1
0 12
cob=(7)
cfi=(247)
cfn=(1034)
calls=2 32 
0 74
0 2
0 14
cob=(7)
cfi=(247)
cfn=(1034)
calls=2 32 
0 74
0 2
0 10
cfn=(3552) std::_Rb_tree<std::__cxx11::basic_string<char, std::char_traits<char>, std::allocator<char> >, std::pair<std::__cxx11::basic_string<char, std::char_traits<char>, std::allocator<char> > const, std::pair<std::vector<double, std::allocator<double> >, std::vector<unsigned long, std::allocator<unsigned long> > > >, std::_Select1st<std::pair<std::__cxx11::basic_string<char, std::char_traits<char>, std::allocator<char> > const, std::pair<std::vector<double, std::allocator<double> >, std::vector<unsigned long, std::allocator<unsigned long> > > > >, std::less<std::__cxx11::basic_string<char, std::char_traits<char>, std::allocator<char> > >, std::allocator<std::pair<std::__cxx11::basic_string<char, std::char_traits<char>, std::allocator<char> > const, std::pair<std::vector<double, std::allocator<double> >, std::vector<unsigned long, std::allocator<unsigned long> > > > > >::_M_erase(std::_Rb_tree_node<std::pair<std::__cxx11::basic_string<char, std::char_traits<char>, std::allocator<char> > const, std::pair<std::vector<double, std::allocator<double> >, std::vector<unsigned long, std::allocator<unsigned long> > > > >*) [clone .isra.0]
calls=1 0 
0 6
0 7
cob=(7)
cfi=(247)
cfn=(1034)
calls=1 32 
0 116
0 1
0 6
cob=(7)
cfi=(247)
cfn=(1034)
calls=1 32 
0 37
0 1
0 7
cob=(7)
cfi=(247)
cfn=(1034)
calls=1 32 
0 37
0 1
0 8
cob=(7)
cfi=(247)
cfn=(1034)
calls=1 32 
0 37
0 1

fn=(3554)
0 10

fn=(3708)
0 4

fn=(3800)
0 31158
cob=(2)
cfi=(152)
cfn=(632)
calls=1154 3137 
0 4616
0 1154
0 9232
cfn=(3546)
calls=1154 0 
0 51236
0 9232

fn=(3824)
0 43275

fn=(3850)
0 634700

fn=(3856)
0 185217

fn=(3864)
0 95205

fn=(3896)
0 29427
cfn=(3898) stan::math::chainable_object<Eigen::Matrix<stan::math::var_value<double, void>, -1, -1, 0, -1, -1> >::~chainable_object()
calls=1154 0 
0 97403
0 41544

fn=(4184) boost::basic_regex<char, boost::regex_traits<char, boost::cpp_regex_traits<char> > >::~basic_regex()
0 13
cfn=(4186) std::_Sp_counted_ptr<boost::re_detail_500::basic_regex_implementation<char, boost::regex_traits<char, boost::cpp_regex_traits<char> > >*, (__gnu_cxx::_Lock_policy)2>::_M_dispose()
calls=1 0 
0 395
0 5
cfn=(4192) std::_Sp_counted_ptr<boost::re_detail_500::basic_regex_implementation<char, boost::regex_traits<char, boost::cpp_regex_traits<char> > >*, (__gnu_cxx::_Lock_policy)2>::_M_destroy()
calls=1 0 
0 146

fn=(4186)
0 10
cob=(7)
cfi=(235)
cfn=(930)
calls=1 48 
0 35
0 1
0 16
cob=(7)
cfi=(247)
cfn=(1034)
calls=1 32 
0 37
0 1
0 4
cfn=(4188)
calls=1 0 
0 141
0 3
cfn=(4190)
calls=1 0 
0 146
0 1

fn=(4192)
0 2
cob=(7)
cfi=(247)
cfn=(1034)
calls=1 32 
0 143
0 1

fn=(3326)
0 92
cob=(7)
cfi=(232)
cfn=(918)
calls=1 43 
0 42
0 1
0 7
cob=(7)
cfi=(235)
cfn=(930)
calls=1 48 
0 6
0 1
0 7

fn=(3108)
0 66
cob=(6)
cfi=(403) /usr/src/debug/glibc/glibc/math/w_expl_compat.c
cfn=(3112) expl
calls=1 30 
0 34
0 1
0 410
cfn=(3116) long double boost::math::detail::erf_imp<long double, boost::math::policies::policy<boost::math::policies::promote_float<false>, boost::math::policies::promote_double<false>, boost::math::policies::default_policy, boost::math::policies::default_policy, boost::math::policies::default_policy, boost::math::policies::default_policy, boost::math::policies::default_policy, boost::math::policies::default_policy, boost::math::policies::default_policy, boost::math::policies::default_policy, boost::math::policies::default_policy, boost::math::policies::default_policy, boost::math::policies::default_policy> >(long double, bool, boost::math::policies::policy<boost::math::policies::promote_float<false>, boost::math::policies::promote_double<false>, boost::math::policies::default_policy, boost::math::policies::default_policy, boost::math::policies::default_policy, boost::math::policies::default_policy, boost::math::policies::default_policy, boost::math::policies::default_policy, boost::math::policies::default_policy, boost::math::policies::default_policy, boost::math::policies::default_policy, boost::math::policies::default_policy, boost::math::policies::default_policy> const&, std::integral_constant<int, 64> const&) [clone .isra.0]
calls=1 0 
0 30
0 22

fn=(3146)
0 12
cob=(7)
cfi=(232)
cfn=(918)
calls=1 43 
0 42
0 1
0 5
cfn=(3148)
calls=1 0 
0 372396
0 10

fn=(3150)
0 15
cfn=(3076)
calls=1 0 
0 140
0 5
cob=(7)
cfi=(247)
cfn=(1034)
calls=1 32 
0 37
0 1
0 16
cfn=(3076)
calls=1 0 
0 71
0 19
cfn=(3154)
calls=1 0 
0 47
0 6
cob=(7)
cfi=(233)
cfn=(924)
calls=1 295 
0 6
0 1
0 8
cob=(7)
cfi=(202)
cfn=(738)
calls=1 76 
0 56
0 1
0 22
cob=(7)
cfi=(203)
cfn=(740)
calls=1 131 
0 147
0 1
0 8
cob=(7)
cfi=(406)
cfn=(3166)
calls=1 85 
0 85
0 1
0 3
cob=(7)
cfi=(203)
cfn=(740)
calls=1 131 
0 147
0 1
0 4
cob=(7)
cfi=(406)
cfn=(3174)
calls=1 183 
0 850
0 1
0 7
cob=(7)
cfi=(203)
cfn=(3186)
calls=1 46 
0 9
0 1
0 5
cob=(7)
cfi=(232)
cfn=(918)
calls=1 43 
0 42
0 1
0 4
cfn=(3188) stan::json::json_data::json_data(std::istream&)
calls=1 0 
0 90947
0 12
cob=(7)
cfi=(406)
cfn=(3516)
calls=1 253 
0 546
0 1
0 2
cob=(7)
cfi=(407)
cfn=(3528)
calls=1 210 
0 21
0 1
0 5
cob=(7)
cfi=(170)
cfn=(746)
calls=1 91 
0 6
0 1
0 9
cob=(7)
cfi=(202)
cfn=(1196)
calls=1 87 
0 43
0 1
0 7
cob=(2)
cfi=(158)
cfn=(690)
calls=1 0 
0 19
0 1
0 3

fn=(3188)
0 77
cfn=(3190)
calls=1 0 
0 89408
0 7
cob=(7)
cfi=(247)
cfn=(1034)
calls=1 32 
0 37
0 1
0 6
cob=(7)
cfi=(247)
cfn=(1034)
calls=1 32 
0 37
0 1
0 9
cfn=(3508)
calls=2 0 
0 124
0 16
cob=(7)
cfi=(247)
cfn=(1034)
calls=2 32 
0 74
0 2
0 16
cfn=(3510)
calls=2 0 
0 162
0 14
cob=(7)
cfi=(247)
cfn=(1034)
calls=2 32 
0 74
0 2
0 12
cob=(7)
cfi=(247)
cfn=(1034)
calls=2 32 
0 153
0 2
0 14
cob=(7)
cfi=(247)
cfn=(1034)
calls=2 32 
0 74
0 2
0 13
cfn=(3512)
calls=2 0 
0 124
0 16
cob=(7)
cfi=(247)
cfn=(1034)
calls=2 32 
0 74
0 2
0 13
cfn=(3512)
calls=2 0 
0 124
0 16
cob=(7)
cfi=(247)
cfn=(1034)
calls=2 32 
0 74
0 2
0 14
cob=(7)
cfi=(247)
cfn=(1034)
calls=1 32 
0 143
0 1
0 7

fn=(3224)
0 1924
cob=(7)
cfi=(409)
cfn=(3194)
calls=10 709 
0 1540
0 10
0 60

fn=(3248)
0 28
cob=(7)
cfi=(232)
cfn=(918)
calls=1 43 
0 42
0 1
0 8
cob=(8)
cfi=(229)
cfn=(912)
calls=1 0 
0 36
0 1
0 20

fn=(3354)
0 6

fn=(3368)
0 112

fn=(3380)
0 52
cfn=(3382)
calls=4 0 
0 758

fn=(3410) std::_Rb_tree<std::__cxx11::basic_string<char, std::char_traits<char>, std::allocator<char> >, std::pair<std::__cxx11::basic_string<char, std::char_traits<char>, std::allocator<char> > const, int>, std::_Select1st<std::pair<std::__cxx11::basic_string<char, std::char_traits<char>, std::allocator<char> > const, int> >, std::less<std::__cxx11::basic_string<char, std::char_traits<char>, std::allocator<char> > >, std::allocator<std::pair<std::__cxx11::basic_string<char, std::char_traits<char>, std::allocator<char> > const, int> > >::_M_get_insert_unique_pos(std::__cxx11::basic_string<char, std::char_traits<char>, std::allocator<char> > const&) [clone .isra.0]
0 58

fn=(3418)
0 432
cfn=(3244)
calls=18 0 
0 1386
0 656
cob=(2)
cfi=(158)
cfn=(690)
calls=46 0 
0 460
0 46
0 541
cob=(2)
cfi=(158)
cfn=(690)
calls=18 0 
0 180
0 18
0 658
cob=(7)
cfi=(232)
cfn=(918)
calls=2 43 
0 80
0 2
0 20
cob=(7)
cfi=(247)
cfn=(1034)
calls=1 32 
0 37
0 1
0 14
cob=(2)
cfi=(158)
cfn=(908)
calls=1 0 
0 12
0 1
0 1

fn=(3428)
0 278
cob=(2)
cfi=(158)
cfn=(690)
calls=12 0 
0 120
0 12
0 172
cob=(2)
cfi=(158)
cfn=(690)
calls=7 0 
0 70
0 7
0 146

fn=(3472)
0 29

fn=(3488)
0 30

fn=(3492)
0 327
cob=(7)
cfi=(247)
cfn=(1034)
calls=12 32 
0 444
0 12
0 90
cob=(7)
cfi=(232)
cfn=(918)
calls=9 43 
0 378
0 9
0 117
cob=(2)
cfi=(158)
cfn=(908)
calls=9 0 
0 144
0 9
0 72

fn=(3532)
0 10
cob=(7)
cfi=(232)
cfn=(918)
calls=1 43 
0 42
0 1
0 6
cfn=(3534)
calls=1 0 
0 260991
0 7

fn=(3598)
0 105
cob=(7)
cfi=(202)
cfn=(738)
calls=5 76 
0 280
0 5
0 105
cob=(7)
cfi=(203)
cfn=(740)
calls=5 131 
0 735
0 5
0 50
cob=(7)
cfi=(203)
cfn=(740)
calls=5 131 
0 735
0 5
0 90
cob=(7)
cfi=(169)
cfn=(604)
calls=5 269 
0 125
0 5
0 55
cob=(7)
cfi=(203)
cfn=(740)
calls=5 131 
0 735
0 5
0 40
cob=(7)
cfi=(279)
cfn=(1392)
calls=5 84 
0 1040
0 5
0 210
cob=(7)
cfi=(279)
cfn=(1392)
calls=10 84 
0 1210
0 10
0 40
cob=(7)
cfi=(250)
cfn=(3566)
calls=10 157 
0 500
0 10
0 105
cob=(7)
cfi=(246)
cfn=(1480)
calls=5 574 
0 310
0 5
0 10
cob=(2)
cfi=(417)
cfn=(3558)
calls=5 40 
0 415
0 5
0 100
cob=(7)
cfi=(170)
cfn=(746)
calls=5 91 
0 30
0 5
0 90
cob=(7)
cfi=(202)
cfn=(1196)
calls=5 87 
0 215
0 5
0 60

fn=(3762)
0 24

fn=(3796)
0 10386
cfn=(3786)
calls=577 0 
0 11540
0 6924
cfn=(3778)
calls=577 0 
0 5193
0 153482
cfn=(3546)
calls=577 0 
0 25667
0 12694

fn=(3804) void std::vector<stan::math::chainable_alloc*, std::allocator<stan::math::chainable_alloc*> >::_M_realloc_append<stan::math::chainable_alloc*>(stan::math::chainable_alloc*&&)
0 54
cob=(7)
cfi=(232)
cfn=(918)
calls=2 43 
0 80
0 2
0 14
cob=(2)
cfi=(158)
cfn=(908)
calls=1 0 
0 13
0 1
0 10
cob=(7)
cfi=(247)
cfn=(1034)
calls=1 32 
0 37
0 1
0 24

fn=(3812)
0 537187
cfn=(3814)
calls=4616 0 
0 1209392
0 320812

fn=(3828)
0 13271
cfn=(3546)
calls=577 0 
0 25388
0 31158
cfn=(3546)
calls=577 0 
0 25388
0 3462
cob=(2)
cfi=(158)
cfn=(908)
calls=577 0 
0 12694
0 577
0 153482
cfn=(3830)
calls=577 0 
0 4039
0 5770
cfn=(3786)
calls=577 0 
0 11540
0 4616
cfn=(3786)
calls=577 0 
0 11540
0 10963
cfn=(3786)
calls=577 0 
0 11540
0 8078
cfn=(3786)
calls=577 0 
0 11540
0 380243
cfn=(3544)
calls=577 0 
0 43852
0 50199
cfn=(3544)
calls=577 0 
0 43852
0 6924
cob=(2)
cfi=(158)
cfn=(936)
calls=577 0 
0 10963
0 577
0 5193
cfn=(3852)
calls=577 0 
0 634123
0 4039
cob=(2)
cfi=(152)
cfn=(632)
calls=577 3137 
0 2308
0 577
0 26542
cob=(2)
cfi=(152)
cfn=(632)
calls=577 3137 
0 19041
0 577
0 6347
cfn=(3858)
calls=577 0 
0 590848
0 11540
cob=(6)
cfi=(425)
cfn=(3822)
calls=577 49 
0 27119
0 577
0 10963
cob=(6)
cfi=(425)
cfn=(3822)
calls=577 49 
0 27119
0 577
0 25965
cob=(6)
cfi=(425)
cfn=(3822)
calls=5193 49 
0 243981
0 5193
0 38082
cfn=(3832)
calls=577 0 
0 53084
0 5770
cfn=(3866)
calls=577 0 
0 544688
0 682591
cob=(2)
cfi=(152)
cfn=(632)
calls=577 3137 
0 19041
0 577
0 1154
cob=(2)
cfi=(152)
cfn=(632)
calls=577 3137 
0 19041
0 577
0 38659
cob=(2)
cfi=(152)
cfn=(632)
calls=577 3137 
0 19041
0 577
0 1154
cob=(2)
cfi=(152)
cfn=(632)
calls=577 3137 
0 19041
0 577
0 1154
cob=(2)
cfi=(152)
cfn=(632)
calls=577 3137 
0 19041
0 577
0 1731
cfn=(3784)
calls=577 0 
0 17310
0 2885
cfn=(3786)
calls=577 0 
0 11540
0 6347
cfn=(3778)
calls=577 0 
0 5193
0 2308
cfn=(3786)
calls=577 0 
0 11540
0 6347
cfn=(3778)
calls=577 0 
0 5193
0 8078
cfn=(3786)
calls=577 0 
0 11540
0 15579
cfn=(3778)
calls=577 0 
0 5193
0 1154
cob=(2)
cfi=(152)
cfn=(632)
calls=577 3137 
0 19041
0 577
0 1154
cob=(2)
cfi=(152)
cfn=(632)
calls=577 3137 
0 19041
0 577
0 13271
cfn=(3832)
calls=577 0 
0 53084
0 572961
cfn=(3834)
calls=577 0 
0 4976152
0 102129
cfn=(3546)
calls=577 0 
0 25388
0 19041

fn=(3838)
0 22
cfn=(3840)
calls=1 0 
0 154

fn=(3860)
0 17310
cfn=(3862)
calls=577 0 
0 410247
0 7501

fn=(3868)
0 9809
cfn=(3786)
calls=577 0 
0 11540
0 2308
cfn=(3786)
calls=577 0 
0 11540
0 41544
cfn=(3778)
calls=577 0 
0 5193
0 8078

fn=(3872)
0 2308
cfn=(3874) void stan::math::internal::update_adjoints<stan::math::arena_matrix<Eigen::Matrix<stan::math::var_value<double, void>, -1, -1, 0, -1, -1>, void>, stan::math::arena_matrix<Eigen::Matrix<double, -1, -1, 0, -1, -1>, void>, (void*)0, (void*)0>(stan::math::arena_matrix<Eigen::Matrix<stan::math::var_value<double, void>, -1, -1, 0, -1, -1>, void>&, stan::math::arena_matrix<Eigen::Matrix<double, -1, -1, 0, -1, -1>, void> const&, stan::math::var_value<double, void> const&)
calls=577 0 
0 574692

fn=(3876)
0 1154

fn=(3880)
0 12117

fn=(3882)
0 1154
cfn=(3884)
calls=577 0 
0 6718588

fn=(3886)
0 924931

fn=(3888)
0 1154
cfn=(3890)
calls=577 0 
0 396976

fn=(4182) boost::re_detail_500::mem_block_cache::~mem_block_cache()
0 102
cob=(7)
cfi=(235)
cfn=(930)
calls=1 48 
0 119
0 1
0 6

fn=(3330)
0 39
cfn=(3332)
calls=3 0 
0 5503
0 17

fn=(3348) std::pair<std::_Rb_tree_iterator<boost::re_detail_500::digraph<char> >, bool> std::_Rb_tree<boost::re_detail_500::digraph<char>, boost::re_detail_500::digraph<char>, std::_Identity<boost::re_detail_500::digraph<char> >, std::less<boost::re_detail_500::digraph<char> >, std::allocator<boost::re_detail_500::digraph<char> > >::_M_insert_unique<boost::re_detail_500::digraph<char> const&>(boost::re_detail_500::digraph<char> const&) [clone .isra.0]
0 14
cob=(7)
cfi=(232)
cfn=(918)
calls=1 43 
0 42
0 1
0 7
cob=(7)
cfi=(415)
cfn=(3318)
calls=1 199 
0 16
0 1
0 13

fn=(3118)
0 228
cob=(6)
cfi=(403)
cfn=(3112)
calls=1 30 
0 68
0 1
0 288
cob=(6)
cfi=(403)
cfn=(3112)
calls=18 30 
0 1224
0 18
0 298
cfn=(3116)
calls=1 0 
0 405
0 36
cob=(6)
cfi=(403)
cfn=(3112)
calls=1 30 
0 68
0 1
0 483
cob=(6)
cfi=(403)
cfn=(3112)
calls=1 30 
0 68
0 1
0 14

fn=(3228)
0 1542
cob=(7)
cfi=(409)
cfn=(3194)
calls=45 709 
0 7073
0 45
0 278

fn=(3240)
0 2040

fn=(3372)
0 103
cfn=(3374)
calls=1 0 
0 60
0 3288

fn=(3396)
0 60

fn=(3408)
0 110
cob=(2)
cfi=(158)
cfn=(690)
calls=2 0 
0 20
0 2
0 54
cob=(7)
cfi=(415)
cfn=(3478)
calls=2 122 
0 28
0 2
0 22
cob=(2)
cfi=(158)
cfn=(690)
calls=2 0 
0 20
0 2
0 50
cfn=(3440)
calls=4 0 
0 112
0 24
cfn=(3410)
calls=2 0 
0 58
0 20

fn=(3414) std::_Rb_tree<std::__cxx11::basic_string<char, std::char_traits<char>, std::allocator<char> >, std::pair<std::__cxx11::basic_string<char, std::char_traits<char>, std::allocator<char> > const, bool>, std::_Select1st<std::pair<std::__cxx11::basic_string<char, std::char_traits<char>, std::allocator<char> > const, bool> >, std::less<std::__cxx11::basic_string<char, std::char_traits<char>, std::allocator<char> > >, std::allocator<std::pair<std::__cxx11::basic_string<char, std::char_traits<char>, std::allocator<char> > const, bool> > >::_M_get_insert_unique_pos(std::__cxx11::basic_string<char, std::char_traits<char>, std::allocator<char> > const&) [clone .isra.0]
0 29

fn=(3420)
0 88
cfn=(3244)
calls=4 0 
0 308
0 16
cfn=(3404)
calls=4 0 
0 469
0 24
cfn=(3406)
calls=4 0 
0 477
0 36
cfn=(3422)
calls=4 0 
0 114
0 20
cfn=(3426)
calls=4 0 
0 477
0 40
cfn=(3422)
calls=4 0 
0 114
0 32
cfn=(3428)
calls=4 0 
0 337
0 21
cfn=(3446)
calls=3 0 
0 349
0 18
cfn=(3438)
calls=3 0 
0 270
0 36
cfn=(3406)
calls=3 0 
0 385
0 22
cob=(7)
cfi=(233)
cfn=(924)
calls=4 295 
0 24
0 4
0 8
cob=(7)
cfi=(233)
cfn=(924)
calls=4 295 
0 24
0 4
0 50
cfn=(3424)
calls=1 0 
0 80
0 40
cfn=(3424)
calls=4 0 
0 250
0 28
cfn=(3406)
calls=4 0 
0 477
0 16
cfn=(3406)
calls=4 0 
0 1502
0 45
cob=(7)
cfi=(232)
cfn=(918)
calls=3 43 
0 122
0 3
0 15
cob=(2)
cfi=(158)
cfn=(908)
calls=3 0 
0 39
0 3
0 36
cfn=(3430)
calls=3 0 
0 197
0 39
cfn=(3432)
calls=3 0 
0 1109
0 57
cfn=(3438)
calls=3 0 
0 312
0 14
cob=(7)
cfi=(247)
cfn=(1034)
calls=2 32 
0 74
0 2
0 18
cob=(7)
cfi=(247)
cfn=(1034)
calls=3 32 
0 111
0 3
0 15
cob=(7)
cfi=(232)
cfn=(918)
calls=1 43 
0 42
0 1
0 5
cob=(2)
cfi=(158)
cfn=(908)
calls=1 0 
0 22
0 1
0 15
cfn=(3430)
calls=1 0 
0 86
0 13
cfn=(3468)
calls=1 0 
0 8
0 3
cfn=(3470)
calls=1 0 
0 288
0 4
cfn=(3474)
calls=1 0 
0 103
0 3
cfn=(3438)
calls=1 0 
0 214
0 2
cfn=(3468)
calls=1 0 
0 93
0 20
cob=(7)
cfi=(247)
cfn=(1034)
calls=3 32 
0 111
0 3
0 12
cob=(7)
cfi=(232)
cfn=(918)
calls=3 43 
0 256
0 3
0 15
cob=(2)
cfi=(158)
cfn=(908)
calls=3 0 
0 39
0 3
0 24

fn=(3458)
0 56

fn=(3552)
0 6

fn=(3596)
0 270
cob=(7)
cfi=(232)
cfn=(918)
calls=3 43 
0 126
0 3
0 151
cob=(7)
cfi=(247)
cfn=(1034)
calls=2 32 
0 74
0 2
0 335

fn=(3786)
0 415440

fn=(3818)
0 28273
cob=(6)
cfi=(425)
cfn=(3822)
calls=577 49 
0 27114
0 577
0 8078
cfn=(3784)
calls=577 0 
0 17310
0 4616
cfn=(3786)
calls=577 0 
0 11540
0 6924
cfn=(3778)
calls=577 0 
0 5193
0 2308
cfn=(3786)
calls=577 0 
0 11540
0 6347
cfn=(3778)
calls=577 0 
0 5193
0 2308
cfn=(3786)
calls=577 0 
0 11540
0 6347
cfn=(3778)
calls=577 0 
0 5193
0 4616

fn=(3874)
0 574692

fn=(3898)
0 4616
cob=(2)
cfi=(152)
cfn=(632)
calls=1154 3137 
0 38082
0 1154
0 4616
cob=(7)
cfi=(247)
cfn=(1034)
calls=1154 32 
0 47781
0 1154

fn=(4094)
0 650
cob=(2)
cfi=(152)
cfn=(632)
calls=50 3137 
0 200
0 50
0 100
cfn=(3546)
calls=50 0 
0 2200
0 750
cob=(6)
cfi=(423)
cfn=(3790)
calls=50 98 
0 1800
0 50
0 350
cob=(6)
cfi=(423)
cfn=(3790)
calls=50 98 
0 1800
0 50
0 450
cob=(6)
cfi=(423)
cfn=(3790)
calls=50 98 
0 1800
0 50
0 650

fn=(4170)
0 8
cob=(7)
cfi=(247)
cfn=(1034)
calls=2 32 
0 74
0 2

fn=(4198)
0 6

fn=(3336)
0 66
cfn=(3338)
calls=6 0 
0 180
0 121
cfn=(3338)
calls=5 0 
0 150
0 113
cfn=(3348)
calls=1 0 
0 94
0 71
cfn=(3340)
calls=5 0 
0 652
0 31
cfn=(3340)
calls=2 0 
0 298
0 4

fn=(2916)
0 12

fn=(3076)
0 8498
cob=(2)
cfi=(158)
cfn=(688)
calls=607 0 
0 8510
0 607
0 11512
cob=(7)
cfi=(246)
cfn=(1266)
calls=4 143 
0 216
0 4
0 36
cob=(2)
cfi=(158)
cfn=(908)
calls=4 0 
0 45
0 4
0 2328
cob=(2)
cfi=(158)
cfn=(908)
calls=582 0 
0 8736
0 582
0 1758

fn=(3116)
0 136
cob=(6)
cfi=(404) /usr/src/debug/glibc/glibc/math/../sysdeps/ieee754/ldbl-96/s_frexpl.c
cfn=(3122) frexpl
calls=1 30 
0 17
0 1
0 4
cob=(6)
cfi=(405) /usr/src/debug/glibc/glibc/math/./s_ldexp_template.c
cfn=(3126) ldexpl
calls=1 22 
0 41
0 1
0 12
cob=(6)
cfi=(405)
cfn=(3126)
calls=1 22 
0 41
0 1
0 16
cob=(6)
cfi=(403)
cfn=(3112)
calls=1 30 
0 68
0 1
0 18
cob=(6)
cfi=(403)
cfn=(3112)
calls=1 30 
0 68
0 1
0 9

fn=(3138)
0 29
cfn=(2924)
calls=1 0 
0 498
0 5
cob=(9)
cfi=(386)
cfn=(2956)
calls=1 294 
0 185
0 1
0 4
cob=(2)
cfi=(209)
cfn=(776)
calls=1 67 
0 66
0 1
0 4
cfn=(3076)
calls=1 0 
0 47
0 5
cob=(2)
cfi=(209)
cfn=(776)
calls=1 67 
0 66
0 1
0 4
cfn=(3076)
calls=1 0 
0 47
0 4
cob=(2)
cfi=(209)
cfn=(776)
calls=1 67 
0 66
0 1
0 4
cfn=(3076)
calls=1 0 
0 47
0 4
cob=(2)
cfi=(209)
cfn=(776)
calls=1 67 
0 397
0 1
0 4
cfn=(3076)
calls=1 0 
0 47
0 4
cob=(2)
cfi=(209)
cfn=(776)
calls=1 67 
0 66
0 1
0 4
cfn=(3076)
calls=1 0 
0 74
0 4
cob=(2)
cfi=(209)
cfn=(776)
calls=1 67 
0 66
0 1
0 4
cfn=(3076)
calls=1 0 
0 47
0 4
cob=(2)
cfi=(209)
cfn=(776)
calls=1 67 
0 66
0 1
0 4
cfn=(3076)
calls=1 0 
0 47
0 4
cob=(2)
cfi=(209)
cfn=(776)
calls=1 67 
0 66
0 1
0 4
cfn=(3076)
calls=1 0 
0 47
0 4
cob=(2)
cfi=(209)
cfn=(776)
calls=1 67 
0 66
0 1
0 4
cfn=(3076)
calls=1 0 
0 47
0 4
cob=(2)
cfi=(209)
cfn=(776)
calls=1 67 
0 66
0 1
0 32

fn=(3234)
0 76
cfn=(3228)
calls=4 0 
0 197
0 154
cfn=(3228)
calls=4 0 
0 24
0 8
cfn=(3240)
calls=4 0 
0 60
0 92
cfn=(3076)
calls=4 0 
0 188
0 24
cfn=(3242)
calls=4 0 
0 37078
0 24
cob=(2)
cfi=(158)
cfn=(688)
calls=4 0 
0 56
0 4
0 28
cob=(7)
cfi=(246)
cfn=(1480)
calls=4 574 
0 180
0 4
0 71
cob=(2)
cfi=(152)
cfn=(3238) realloc
calls=1 3190 
0 36
0 1
0 22
cob=(7)
cfi=(232)
cfn=(918)
calls=1 43 
0 38
0 1
0 6

fn=(3272)
0 12
cfn=(3270)
calls=1 0 
0 86
0 5
cfn=(3274) unsigned int boost::re_detail_500::find_sort_syntax<boost::re_detail_500::cpp_regex_traits_implementation<char>, char>(boost::re_detail_500::cpp_regex_traits_implementation<char> const*, char*)
calls=1 0 
0 1449
0 16

fn=(3274)
0 15
cfn=(3276)
calls=1 0 
0 452
0 3
cob=(2)
cfi=(158)
cfn=(688)
calls=1 0 
0 14
0 1
0 9
cfn=(3276)
calls=1 0 
0 452
0 7
cfn=(3276)
calls=1 0 
0 452
0 44

fn=(3412)
0 55
cob=(2)
cfi=(158)
cfn=(690)
calls=1 0 
0 10
0 1
0 25

ob=(8)
fl=(229)
fn=(912)
0 9522
cob=(7)
cfi=(232)
cfn=(918)
calls=1059 43 
0 59108
0 1059
0 6354

fn=(1060)
0 1448
cob=(2)
cfi=(158)
cfn=(688)
calls=181 0 
0 2534
0 181
0 1606
cob=(2)
cfi=(158)
cfn=(690)
calls=113 0 
0 2189
cob=(1)
cfi=(1)
cfn=(892)
calls=1 0 
0 766
0 117
0 678

fn=(1070)
0 27980
cob=(7)
cfi=(232)
cfn=(918)
calls=1684 43 
0 81368
0 1684
0 46796
cob=(2)
cfi=(158)
cfn=(908)
calls=861 0 
0 11163
0 861
0 4153
cob=(7)
cfi=(232)
cfn=(918)
calls=823 43 
0 35364
0 823
0 5761
cob=(2)
cfi=(158)
cfn=(908)
calls=823 0 
0 9053
0 823
0 20383

fn=(1074)
0 3922
cob=(2)
cfi=(158)
cfn=(1002)
calls=371 0 
0 7049
0 371
0 954
cob=(7)
cfi=(246)
cfn=(1092)
calls=53 340 
0 2862
cob=(1)
cfi=(1)
cfn=(892)
calls=1 0 
0 1006
0 57
0 1910
cob=(7)
cfi=(248)
cfn=(1080)
calls=1 273 
0 17
cob=(1)
cfi=(1)
cfn=(892)
calls=1 0 
0 712
0 5
0 6
cob=(2)
cfi=(209)
cfn=(776)
calls=1 67 
0 66
0 1
0 2
cob=(7)
cfi=(248)
cfn=(1086)
calls=1 443 
0 6
cob=(1)
cfi=(1)
cfn=(892)
calls=1 0 
0 693
0 5
0 1

fn=(1204)
0 1196
cfn=(1386)
calls=6 0 
0 619
cfn=(1348)
calls=26 0 
0 12029
cfn=(1212)
calls=20 0 
0 5584
0 884
cfn=(1206)
calls=52 0 
0 14440
0 260
cfn=(1208)
calls=52 0 
0 6080
0 52

fn=(1230)
0 280
cfn=(1232)
calls=20 0 
0 2115
0 260
cfn=(1472)
calls=1 0 
0 6
cfn=(1470)
calls=2 0 
0 12
cfn=(1234)
calls=17 0 
0 187
0 160
cfn=(912)
calls=20 0 
0 360
0 160

fn=(1382)
0 135

fn=(1464)
0 628
cfn=(1466) CLI::Option::check_name(std::__cxx11::basic_string<char, std::char_traits<char>, std::allocator<char> > const&) const
calls=101 0 
0 45607
0 218
cfn=(1468)
calls=2 0 
0 32

fn=(1466)
0 2727
cob=(7)
cfi=(233)
cfn=(924)
calls=101 295 
0 606
0 101
0 606
cob=(7)
cfi=(233)
cfn=(1052)
calls=101 3465 
0 6868
0 101
0 303
cfn=(1112)
calls=101 0 
0 34194
0 101

fn=(1504)
0 184
cfn=(1060)
calls=8 0 
0 240
0 32
cob=(7)
cfi=(233)
cfn=(924)
calls=8 295 
0 48
0 8
0 16
cob=(7)
cfi=(233)
cfn=(924)
calls=8 295 
0 48
0 8
0 192
cfn=(1508)
calls=8 0 
0 2388
0 36
cfn=(1060)
calls=2 0 
0 60
0 36
cfn=(1506)
calls=8 0 
0 120
0 26
cfn=(1512)
calls=2 0 
0 103
0 60
cob=(7)
cfi=(233)
cfn=(1052)
calls=2 3465 
0 258
0 2
0 8
cfn=(1506)
calls=2 0 
0 30
0 6
cob=(7)
cfi=(233)
cfn=(924)
calls=2 295 
0 84
0 2
0 4

fn=(1516)
0 126
cfn=(912)
calls=6 0 
0 186
0 132
cfn=(912)
calls=6 0 
0 192
0 78
cfn=(912)
calls=6 0 
0 192
0 1029
cob=(7)
cfi=(233)
cfn=(924)
calls=6 295 
0 36
0 6
0 12
cob=(7)
cfi=(233)
cfn=(924)
calls=6 295 
0 36
0 6
0 36
cob=(7)
cfi=(233)
cfn=(924)
calls=6 295 
0 36
0 6
0 102
cfn=(1210)
calls=6 0 
0 66
0 78
cob=(7)
cfi=(233)
cfn=(924)
calls=4 295 
0 96
0 4
0 6
cob=(7)
cfi=(233)
cfn=(924)
calls=2 295 
0 12
0 2
0 66
cfn=(912)
calls=6 0 
0 325
0 24
cob=(7)
cfi=(233)
cfn=(924)
calls=6 295 
0 108
0 6
0 48
cfn=(912)
calls=6 0 
0 325
0 30
cfn=(1202)
calls=6 0 
0 990
0 24
cob=(7)
cfi=(233)
cfn=(924)
calls=6 295 
0 36
0 6
0 74
cob=(7)
cfi=(232)
cfn=(918)
calls=2 43 
0 84
0 2
0 22
cob=(2)
cfi=(158)
cfn=(908)
calls=2 0 
0 23
0 2
0 24
cob=(7)
cfi=(247)
cfn=(1034)
calls=2 32 
0 74
0 2
0 309
cfn=(912)
calls=29 0 
0 931
0 87
cfn=(1112)
calls=29 0 
0 10343
0 87
cob=(7)
cfi=(233)
cfn=(924)
calls=29 295 
0 174
0 29
0 169
cfn=(912)
calls=28 0 
0 898
0 84
cfn=(1112)
calls=28 0 
0 10793
0 84
cob=(7)
cfi=(233)
cfn=(924)
calls=28 295 
0 168
0 28
0 158
cfn=(912)
calls=26 0 
0 834
0 78
cfn=(1112)
calls=26 0 
0 9070
0 78
cob=(7)
cfi=(233)
cfn=(924)
calls=26 295 
0 156
0 26
0 146
cfn=(912)
calls=24 0 
0 770
0 72
cfn=(1112)
calls=24 0 
0 8476
0 72
cob=(7)
cfi=(233)
cfn=(924)
calls=24 295 
0 144
0 24
0 42
cob=(7)
cfi=(233)
cfn=(924)
calls=6 295 
0 36
0 6
0 12
cob=(7)
cfi=(233)
cfn=(924)
calls=6 295 
0 36
0 6
0 12
cob=(7)
cfi=(233)
cfn=(924)
calls=6 295 
0 36
0 6
0 12
cob=(7)
cfi=(233)
cfn=(924)
calls=6 295 
0 36
0 6
0 96
cfn=(1508)
calls=6 0 
0 2188
0 48

fn=(1524)
0 34
cfn=(1204)
calls=8 0 
0 16700
0 475

fn=(1532)
0 18
cfn=(1534)
calls=2 0 
0 8941
0 32

fn=(1618)
0 24
cob=(7)
cfi=(247)
cfn=(1034)
calls=1 32 
0 37
0 1

fn=(3610)
0 90

fn=(3754)
0 22
cob=(2)
cfi=(152)
cfn=(632)
calls=1 3137 
0 112
0 1
0 12
cob=(7)
cfi=(247)
cfn=(1034)
calls=1 32 
0 116
0 1
0 14
cob=(2)
cfi=(152)
cfn=(632)
calls=1 3137 
0 112
0 1
0 12
cob=(7)
cfi=(247)
cfn=(1034)
calls=1 32 
0 116
0 1
0 6

ob=(12)
fl=(383)
fn=(3412)
0 2
cob=(7)
cfi=(415)
cfn=(3478)
calls=1 122 
0 14
0 1
0 11
cob=(2)
cfi=(158)
cfn=(690)
calls=1 0 
0 10
0 1
0 25
cfn=(3440)
calls=2 0 
0 56
0 12
cfn=(3414)
calls=1 0 
0 29
0 10

fn=(3422)
0 378
cob=(2)
cfi=(158)
cfn=(690)
calls=12 0 
0 120
0 12
0 216
cob=(2)
cfi=(158)
cfn=(690)
calls=12 0 
0 120
0 12
0 222

fn=(3442)
0 78
cfn=(3244)
calls=3 0 
0 231
0 9
cfn=(3406)
calls=3 0 
0 385
0 27
cfn=(3406)
calls=3 0 
0 385
0 36
cfn=(3428)
calls=3 0 
0 143
0 42
cfn=(3444) unsigned long& std::vector<unsigned long, std::allocator<unsigned long> >::emplace_back<unsigned long>(unsigned long&&) [clone .isra.0]
calls=3 0 
0 267
0 18
cfn=(3444)
calls=3 0 
0 267
0 36
cfn=(3446)
calls=3 0 
0 942
0 33
cfn=(3438)
calls=3 0 
0 518
0 12
cfn=(3438)
calls=3 0 
0 642
0 48
cob=(7)
cfi=(247)
cfn=(1034)
calls=3 32 
0 111
0 3
0 18
cob=(7)
cfi=(247)
cfn=(1034)
calls=3 32 
0 111
0 3
0 39
cfn=(3406)
calls=3 0 
0 385
0 33

fn=(3444)
0 180
cob=(7)
cfi=(232)
cfn=(918)
calls=6 43 
0 228
0 6
0 120

fn=(3594)
0 15
cob=(7)
cfi=(246)
cfn=(3496)
calls=1 476 
0 49
0 1
0 14
cfn=(3596)
calls=1 0 
0 125
0 13
cob=(7)
cfi=(246)
cfn=(3496)
calls=1 476 
0 46
0 1
0 13
cfn=(3596)
calls=1 0 
0 199
0 13
cob=(7)
cfi=(246)
cfn=(3496)
calls=1 476 
0 46
0 1
0 13
cfn=(3596)
calls=1 0 
0 229
0 128

fn=(3780)
0 4616
cfn=(3782)
calls=577 0 
0 26108146
0 2885

fn=(3802)
0 16156
cob=(7)
cfi=(232)
cfn=(918)
calls=577 43 
0 24234
0 577
0 17303
cob=(7)
cfi=(232)
cfn=(918)
calls=577 43 
0 24234
0 577
0 24808
cfn=(3786)
calls=577 0 
0 11540
0 6924
cfn=(3786)
calls=577 0 
0 11540
0 1610984
cfn=(3778)
calls=69817 0 
0 628867
0 361779
cfn=(3786)
calls=577 0 
0 11540
0 17887
cfn=(3778)
calls=577 0 
0 5193
0 6927
cfn=(3804)
calls=1 0 
0 86
0 10
cfn=(3804)
calls=1 0 
0 150
0 2

fn=(3806)
0 17887
cob=(7)
cfi=(246)
cfn=(3496)
calls=577 476 
0 107899
0 577
0 17310
cob=(7)
cfi=(247)
cfn=(1034)
calls=577 32 
0 21349
0 577
0 9809
cob=(7)
cfi=(246)
cfn=(3496)
calls=577 476 
0 107899
0 577
0 16733
cob=(7)
cfi=(247)
cfn=(1034)
calls=577 32 
0 21349
0 577
0 365818

fn=(3878)
0 3462

fn=(4204) stan::math::ad_tape_observer::~ad_tape_observer()
0 16
cob=(9)
cfi=(386)
cfn=(2956)
calls=2 294 
0 255
0 2
0 41
cob=(7)
cfi=(247)
cfn=(1034)
calls=1 32 
0 116
0 1
0 6
cob=(7)
cfi=(247)
cfn=(1034)
calls=1 32 
0 116
0 1
0 6
cob=(7)
cfi=(247)
cfn=(1034)
calls=1 32 
0 116
0 1
0 10
cob=(2)
cfi=(152)
cfn=(632)
calls=1 3137 
0 125
0 1
0 10
cob=(7)
cfi=(247)
cfn=(1034)
calls=1 32 
0 137
0 1
0 6
cob=(7)
cfi=(247)
cfn=(1034)
calls=1 32 
0 137
0 1
0 6
cob=(7)
cfi=(247)
cfn=(1034)
calls=1 32 
0 116
0 1
0 6
cob=(7)
cfi=(247)
cfn=(1034)
calls=1 32 
0 116
0 1
0 6
cob=(7)
cfi=(247)
cfn=(1034)
calls=1 32 
0 116
0 1
0 6
cob=(7)
cfi=(247)
cfn=(1034)
calls=1 32 
0 143
0 1
0 6
cob=(7)
cfi=(247)
cfn=(1034)
calls=1 32 
0 124
0 1
0 6
cob=(7)
cfi=(247)
cfn=(1034)
calls=1 32 
0 37
0 1
0 3
cob=(7)
cfi=(247)
cfn=(1034)
calls=1 32 
0 37
0 1
0 4
cob=(7)
cfi=(247)
cfn=(1034)
calls=1 32 
0 116
0 1
0 3
cob=(7)
cfi=(247)
cfn=(1034)
calls=1 32 
0 116
0 1
0 6
cob=(7)
cfi=(247)
cfn=(1034)
calls=2 32 
0 280
0 2
0 20

ob=(8)
fl=(229)
fn=(3754)
0 6
cob=(7)
cfi=(247)
cfn=(1034)
calls=1 32 
0 116
0 1
0 4

fn=(3918)
0 1555
cfn=(3920)
calls=50 0 
0 35667
0 250
cfn=(3924)
calls=50 0 
0 5300
0 1200
cob=(6)
cfi=(426)
cfn=(3930)
calls=50 33 
0 900
cob=(1)
cfi=(1)
cfn=(892)
calls=1 0 
0 670
0 54
0 600
cob=(6)
cfi=(423)
cfn=(3790)
calls=50 98 
0 1776
cob=(1)
cfi=(1)
cfn=(892)
calls=1 0 
0 767
0 54
0 1150
cfn=(3936)
calls=50 0 
0 20860320
0 700
cfn=(3956)
calls=50 0 
0 1913
0 500
cfn=(3994) walnutpie::detail::MassEstimator::observe(Eigen::Matrix<double, -1, 1, 0, -1, 1> const&, Eigen::Matrix<double, -1, 1, 0, -1, 1> const&, unsigned long)
calls=50 0 
0 20200
0 400
cfn=(3996)
calls=50 0 
0 2100
0 750
cob=(6)
cfi=(423)
cfn=(3790)
calls=50 98 
0 1800
0 50
0 300
cfn=(3998)
calls=50 0 
0 36550
0 250
cob=(2)
cfi=(152)
cfn=(632)
calls=50 3137 
0 5795
0 50
0 200
cob=(2)
cfi=(152)
cfn=(632)
calls=50 3137 
0 6001
0 50
0 200
cob=(2)
cfi=(152)
cfn=(632)
calls=50 3137 
0 6236
0 50
0 1390
cfn=(4012)
calls=1 0 
0 1668
0 3
cfn=(4010)
calls=1 0 
0 11
0 2

fn=(3988)
0 9234

fn=(3994)
0 1350
cfn=(898)
calls=50 0 
0 3150
0 450
cob=(7)
cfi=(233)
cfn=(924)
calls=50 295 
0 300
0 50
0 4300
cfn=(898)
calls=50 0 
0 3150
0 100
cob=(7)
cfi=(233)
cfn=(924)
calls=50 295 
0 300
0 50
0 7000

fn=(4014)
0 14
cob=(7)
cfi=(240)
cfn=(964)
calls=2 52 
0 50
0 2
0 18
cob=(7)
cfi=(279)
cfn=(1392)
calls=2 84 
0 786
0 2
0 6
cob=(7)
cfi=(250)
cfn=(1282)
calls=2 67 
0 4105
0 2
0 10
cob=(7)
cfi=(279)
cfn=(1392)
calls=2 84 
0 422
0 2
0 4
cfn=(4034)
calls=2 0 
0 2063
0 8
cob=(7)
cfi=(279)
cfn=(1392)
calls=2 84 
0 412
0 2
0 8
cob=(7)
cfi=(250)
cfn=(1282)
calls=2 67 
0 4239
0 2
0 10
cob=(7)
cfi=(279)
cfn=(1392)
calls=2 84 
0 422
0 2
0 4
cfn=(4034)
calls=2 0 
0 674
0 8
cob=(7)
cfi=(279)
cfn=(1392)
calls=2 84 
0 412
0 2
0 10
cob=(7)
cfi=(250)
cfn=(1282)
calls=2 67 
0 3962
0 2
0 4
cfn=(4034)
calls=2 0 
0 674
0 8
cob=(7)
cfi=(279)
cfn=(1392)
calls=2 84 
0 412
0 2
0 8
cob=(7)
cfi=(250)
cfn=(1136)
calls=2 67 
0 754
0 2
0 4
cfn=(4034)
calls=2 0 
0 674
0 8
cob=(7)
cfi=(279)
cfn=(1392)
calls=2 84 
0 412
0 2
0 22
cob=(7)
cfi=(250)
cfn=(1282)
calls=2 67 
0 4324
0 2
0 10
cob=(7)
cfi=(279)
cfn=(1392)
calls=2 84 
0 422
0 2
0 4
cfn=(4034)
calls=2 0 
0 674
0 10
cfn=(4034)
calls=2 0 
0 674

fn=(4034)
0 208
cob=(7)
cfi=(250)
cfn=(3566)
calls=16 157 
0 1264
cob=(1)
cfi=(1)
cfn=(892)
calls=1 0 
0 663
0 20
0 64
cob=(7)
cfi=(250)
cfn=(3576)
calls=16 225 
0 3824
cob=(1)
cfi=(1)
cfn=(892)
calls=1 0 
0 718
0 20

fn=(4068)
0 55

fn=(4070)
0 14
cfn=(898)
calls=1 0 
0 43
0 4
cfn=(898)
calls=1 0 
0 43
0 4
cfn=(898)
calls=1 0 
0 43
0 4
cfn=(898)
calls=1 0 
0 43
0 4
cfn=(898)
calls=1 0 
0 44
0 4
cfn=(898)
calls=1 0 
0 44
0 6
cfn=(912)
calls=1 0 
0 18
0 6
cfn=(912)
calls=1 0 
0 18
0 6
cfn=(912)
calls=1 0 
0 18
0 6
cfn=(912)
calls=1 0 
0 18
0 6
cfn=(912)
calls=1 0 
0 36
0 4
cfn=(898)
calls=1 0 
0 43
0 6
cfn=(912)
calls=1 0 
0 36
0 18
cob=(7)
cfi=(279)
cfn=(1392)
calls=1 84 
0 91
0 1
0 9
cob=(7)
cfi=(279)
cfn=(1392)
calls=1 84 
0 91
0 1
0 33
cob=(7)
cfi=(250)
cfn=(1282)
calls=3 67 
0 6342
0 3
0 12
cob=(7)
cfi=(279)
cfn=(1392)
calls=3 84 
0 273
0 3
0 20
cob=(7)
cfi=(279)
cfn=(1392)
calls=2 84 
0 422
0 2
0 19
cob=(7)
cfi=(279)
cfn=(1392)
calls=2 84 
0 182
0 2
0 8
cob=(7)
cfi=(279)
cfn=(1392)
calls=2 84 
0 182
0 2
0 9
cob=(7)
cfi=(249)
cfn=(1124)
calls=1 1173 
0 591
0 1
0 4
cob=(7)
cfi=(249)
cfn=(1124)
calls=2 1173 
0 1182
0 2
0 18
cob=(7)
cfi=(203)
cfn=(4076)
calls=3 68 
0 711
cob=(1)
cfi=(1)
cfn=(892)
calls=1 0 
0 934
0 7
0 12
cob=(7)
cfi=(250)
cfn=(1282)
calls=3 67 
0 6327
0 3
0 9
cob=(7)
cfi=(249)
cfn=(1178)
calls=3 288 
0 168
0 3
0 30
cob=(7)
cfi=(249)
cfn=(1190)
calls=3 1215 
0 237
0 3
0 11
cob=(7)
cfi=(279)
cfn=(1392)
calls=1 84 
0 91
0 1
0 14
cfn=(4082)
calls=1 0 
0 32
0 2
cob=(7)
cfi=(233)
cfn=(924)
calls=1 295 
0 6
0 1
0 2
cob=(7)
cfi=(233)
cfn=(924)
calls=1 295 
0 6
0 1
0 2
cob=(7)
cfi=(233)
cfn=(924)
calls=1 295 
0 6
0 1
0 2
cob=(7)
cfi=(233)
cfn=(924)
calls=1 295 
0 6
0 1
0 2
cob=(7)
cfi=(233)
cfn=(924)
calls=1 295 
0 6
0 1
0 2
cob=(7)
cfi=(233)
cfn=(924)
calls=1 295 
0 6
0 1
0 18

fn=(4084)
0 1650
cfn=(3938)
calls=50 0 
0 29562
0 550
cfn=(3946)
calls=50 0 
0 1950
0 550
cfn=(3948)
calls=50 0 
0 20100
0 200
cob=(2)
cfi=(218)
cfn=(802)
calls=50 25 
0 35000
0 50
0 5635
cfn=(4086)
calls=53 0 
0 7962279
0 212
cob=(2)
cfi=(218)
cfn=(802)
calls=53 25 
0 37100
0 53
0 465
cfn=(3956)
calls=50 0 
0 5000
0 600
cfn=(3974)
calls=50 0 
0 33089
0 1422
cfn=(4096)
calls=58 0 
0 7929486
0 232
cob=(2)
cfi=(218)
cfn=(802)
calls=58 25 
0 40600
0 58
0 506
cfn=(4002)
calls=54 0 
0 4077
0 324
cfn=(4004)
calls=54 0 
0 17130
0 162
cfn=(4006)
calls=54 0 
0 3834
0 108
cfn=(3974)
calls=54 0 
0 12034
0 162
cfn=(3974)
calls=54 0 
0 8938
0 689
cfn=(3976)
calls=46 0 
0 3598
0 276
cfn=(3980)
calls=46 0 
0 14641
0 3956
cfn=(3974)
calls=46 0 
0 9586
0 138
cfn=(3974)
calls=46 0 
0 6926
0 296
cfn=(3956)
calls=50 0 
0 5000
0 200

fn=(4098)
0 13

fn=(4168)
0 7
cob=(2)
cfi=(152)
cfn=(632)
calls=1 3137 
0 90
0 1
0 5
cob=(12)
cfi=(383)
cfn=(4170)
calls=1 0 
0 42
0 2

fn=(4660)
0 6

fn=(4662) CLI::detail::ExistingFileValidator::~ExistingFileValidator()
0 13
cfn=(1470)
calls=1 0 
0 6
0 7
cfn=(1232)
calls=1 0 
0 166
0 2

ob=(12)
fl=(383)
fn=(4204)
0 6
cob=(7)
cfi=(247)
cfn=(1034)
calls=2 32 
0 74
0 2
0 16

fn=(4212) tbb::interface5::concurrent_unordered_map<std::pair<std::__cxx11::basic_string<char, std::char_traits<char>, std::allocator<char> >, std::thread::id>, stan::math::profile_info, stan::math::internal::hash_profile_key, stan::math::internal::equal_profile_key, tbb::tbb_allocator<std::pair<std::pair<std::__cxx11::basic_string<char, std::char_traits<char>, std::allocator<char> >, std::thread::id> const, stan::math::profile_info> > >::~concurrent_unordered_map()
0 469
cob=(9)
cfi=(388)
cfn=(4216)
calls=1 233 
0 64
0 1
0 9
cob=(9)
cfi=(388)
cfn=(4216)
calls=1 233 
0 66
0 1
0 5

ob=(10)
fl=(331)
fn=(1864)
0 4
cob=(1)
cfi=(1)
cfn=(1848)
calls=1 0 
0 12
0 17
cob=(1)
cfi=(1)
cfn=(1848)
calls=1 0 
0 12
0 3
cob=(1)
cfi=(1)
cfn=(1848)
calls=1 0 
0 12
0 12
cob=(2)
cfi=(172)
cfn=(619) pthread_once@@GLIBC_2.34'2
calls=1 136 
0 5482
0 8
cob=(2)
cfi=(301)
cfn=(1655)
calls=1 77 
0 4422
0 28
cfn=(1914) 0x000000000000dc50
calls=1 0 
0 70140
0 23

fn=(1838)
0 17
cob=(1)
cfi=(1)
cfn=(1848)
calls=1 0 
0 12
0 3
cob=(1)
cfi=(1)
cfn=(1848)
calls=1 0 
0 12
0 5
cob=(2)
cfi=(209)
cfn=(776)
calls=1 67 
0 66
0 8
cob=(2)
cfi=(172)
cfn=(618)
calls=1 136 
0 6
0 16405
cfn=(1842) 0x00000000000214d0
calls=1 0 
0 221568
0 1

fn=(1844) tbb::detail::r1::cache_aligned_allocate(unsigned long)
0 60
cob=(11)
cfi=(335)
cfn=(2014) scalable_aligned_malloc
calls=4 0 
0 488
cfn=(1846) 0x000000000000a380
calls=1 0 
0 210045
0 20

fn=(4244) 0x0000000000022770
0 4
cob=(2)
cfi=(366)
cfn=(2388)
calls=1 24 
0 11
0 2
cfn=(4248) 0x0000000000012540
calls=1 0 
0 12
0 5
cfn=(4258) 0x0000000000021fc0
calls=1 0 
0 17271
0 3

fn=(4258)
0 22
cob=(2)
cfi=(437)
cfn=(4264)
calls=1 25 
0 19
0 16390
cfn=(4276) 0x0000000000009e20
calls=1 0 
0 2
0 9
cob=(2)
cfi=(389)
cfn=(2986)
calls=1 25 
0 217
0 9
cfn=(4288) 0x0000000000020c60
calls=1 0 
0 11
0 16
cfn=(4322) 0x0000000000020960
calls=1 0 
0 11
cfn=(4318) 0x0000000000020a20
calls=1 0 
0 11
cfn=(4314) 0x0000000000020ae0
calls=1 0 
0 11
cfn=(4310) 0x0000000000020ba0
calls=1 0 
0 11
0 10
cfn=(4294) tbb::detail::r1::cache_aligned_deallocate(void*)
calls=5 0 
0 283
0 45
cob=(2)
cfi=(304)
cfn=(1662)
calls=1 71 
0 35
0 1
cfn=(4356) 0x000000000001e180
calls=1 0 
0 27
0 2
cob=(2)
cfi=(305)
cfn=(1676)
calls=1 357 
0 26
0 24
cob=(2)
cfi=(321)
cfn=(1778)
calls=1 24 
0 4
0 5
cob=(2)
cfi=(322)
cfn=(1782)
calls=1 24 
0 10
0 5
cob=(2)
cfi=(323)
cfn=(1786)
calls=1 53 
0 39
0 4
cob=(2)
cfi=(325)
cfn=(1792)
calls=1 23 
0 3
0 9

fn=(4276)
0 2

fn=(4724)
0 9
cob=(2)
cfi=(441)
cfn=(4674)
calls=1 45 
0 94
0 1
cfn=(4732) 0x0000000000009c60
calls=1 0 
0 5
0 3

fn=(1842)
0 13
cfn=(1844)
calls=1 0 
0 210061
0 15
cfn=(1844)
calls=1 0 
0 138
0 15
cfn=(1844)
calls=1 0 
0 138
0 15
cfn=(1844)
calls=1 0 
0 138
0 15
cfn=(1844)
calls=1 0 
0 138
0 16
cob=(2)
cfi=(329)
cfn=(1822)
calls=1 25 
0 37
0 5
cob=(1)
cfi=(1)
cfn=(1848)
calls=1 0 
0 12
0 3
cob=(1)
cfi=(1)
cfn=(1848)
calls=1 0 
0 12
0 23
cob=(2)
cfi=(172)
cfn=(618)
calls=1 136 
0 6
0 7
cob=(2)
cfi=(301)
cfn=(1655)
calls=1 77 
0 4350
0 15
cfn=(2826) 0x000000000000daf0
calls=1 0 
0 6388
0 8

fn=(1846)
0 10
cob=(1)
cfi=(1)
cfn=(1848)
calls=1 0 
0 135
0 3
cob=(1)
cfi=(1)
cfn=(1848)
calls=1 0 
0 12
0 14
cob=(2)
cfi=(172)
cfn=(618)
calls=1 136 
0 80268
0 16
cob=(11)
cfi=(335)
cfn=(2014)
calls=1 0 
0 129587

fn=(1874)
0 4
cob=(1)
cfi=(1)
cfn=(1848)
calls=1 0 
0 12
0 11
cob=(2)
cfi=(313)
cfn=(1738)
calls=1 25 
0 5263
0 7
cob=(2)
cfi=(158)
cfn=(562)
calls=1 0 
0 22
0 32
cob=(2)
cfi=(334) /usr/src/debug/glibc/glibc/debug/strncpy_chk.c
cfn=(1894) __strncpy_chk
calls=1 24 
0 33
0 5

fn=(1918) 0x000000000000af30
0 12
cob=(2)
cfi=(158)
cfn=(688)
calls=1 0 
0 14
0 15
cob=(2)
cfi=(158)
cfn=(1748)
calls=1 0 
0 27
0 5
cob=(2)
cfi=(158)
cfn=(1930) __strncat_avx2
calls=1 0 
0 35
0 2

fn=(4310)
0 11

fn=(2826)
0 14
cob=(2)
cfi=(301)
cfn=(1655)
calls=1 77 
0 4069
0 15
cob=(2)
cfi=(302)
cfn=(2838)
calls=1 33 
0 2289
0 1

fn=(4732)
0 5

fn=(4314)
0 11

fn=(1914)
0 16
cob=(2)
cfi=(158)
cfn=(936)
calls=1 0 
0 4116
0 3
cfn=(1918)
calls=1 0 
0 110
0 6
cob=(2)
cfi=(294)
cfn=(1578)
calls=1 28 
0 14
0 21
cob=(2)
cfi=(301)
cfn=(1655)
calls=1 77 
0 62945
0 7
cob=(2)
cfi=(336)
cfn=(1974)
calls=1 64 
0 688
0 9
cob=(2)
cfi=(336)
cfn=(1974)
calls=3 64 
0 2160
0 45

fn=(4294)
0 10
cob=(11)
cfi=(335)
cfn=(4296) scalable_aligned_free
calls=5 0 
0 273

fn=(4318)
0 11

fn=(4356)
0 27

fn=(1832)
0 12

fn=(4248)
0 12

fn=(4288)
0 11

fn=(4322)
0 11

ob=(2)
fl=(244) /usr/src/debug/glibc/glibc/stdlib/random_r.c
fn=(986) random_r
371 1
+3 4
+5 1
-2 1
+2 2
+9 1
+1 1
+1 1
+5 2
+4 1
+4 1
fi=(274) /usr/src/debug/glibc/glibc/stdlib/../string/bits/string_fortified.h
29 1
fe=(244)
398 2
+2 2
+8 2
-9 1
+12 1
+3 1
-2 1
+7 1

fn=(976) srandom_r
177 1
+8 2
+2 1
+1 2
+5 2
-2 1
+2 1
fi=(274)
29 1
fe=(244)
196 2
+5 1
+1 3
-3 3
+9 9
+1 1
-1 1
+1 1
+1 2
-2 261
+1 29
-1 29
+1 29
+1 58
+2 29
fi=(274)
29 29
fe=(244)
202 58
+13 1
+1 1
-1 2
+2 1
+1 2
379 310
-2 310
+2 620
+10 310
-1 310
+2 310
+5 620
+4 310
+4 310
-3 620
+8 600
+1 10
-10 10
+12 10
+1 10
218 20
399 290
+12 290
+1 290
218 580
411 10
+1 10
218 20
+7 2
-14 1
+1 1
fi=(274)
29 1
fe=(244)
202 2

fl=(278) /usr/src/debug/glibc/glibc/stdlib/../sysdeps/ieee754/ldbl-96/mpn2ldbl.c
fn=(1376) __mpn_construct_long_double
30 17
+9 17
-5 68
+6 17
-1 17
+1 17
-6 17
+5 51
+7 34

fl=(131)
fn=(452)
30 9
fi=(110) /usr/src/debug/glibc/glibc/string/../sysdeps/x86_64/multiarch/ifunc-avx2.h
+19 18
+1 36
+8 36
fe=(131)
-28 9

fl=(89)
fn=(334)
31 1
fi=(470) /usr/src/debug/glibc/glibc/wcsmbs/../sysdeps/x86_64/multiarch/ifunc-wcs.h
+13 1
+1 1
-1 1
+1 4
fe=(89)
-14 1

fl=(365) /usr/src/debug/glibc/glibc/io/../sysdeps/unix/sysv/linux/close_nocancel.c
fn=(2204) __close_nocancel
25 6
+1 24
+1 6

fl=(94)
fn=(344)
29 2
fi=(95) /usr/src/debug/glibc/glibc/wcsmbs/../sysdeps/x86_64/multiarch/ifunc-memcmp.h
+11 4
+1 8
+3 10
fe=(94)

fl=(90)
fn=(336)
33 1
fi=(91) /usr/src/debug/glibc/glibc/string/../sysdeps/x86_64/multiarch/ifunc-strcpy.h
+9 2
+1 4
+3 5
fe=(90)

fl=(147) /usr/src/debug/glibc/glibc/resource/../sysdeps/unix/sysv/linux/getrlimit64.c
fn=(518) getrlimit
38 2
+1 7
+1 1

fl=(255)
fn=(1220)
25 26
+1 52
+1 26

fl=(375) /usr/src/debug/glibc/glibc/misc/tsearch.c
fn=(2850) tfind
372 12
+4 8
+6 32
-5 12
+17 16

fl=(102)
fn=(362)
29 9
fi=(88) /usr/src/debug/glibc/glibc/string/../sysdeps/x86_64/multiarch/ifunc-memmove.h
+27 9
+1 9
-1 9
+1 18
+3 27
+17 18
+8 18
+11 36
fi=(471) /usr/src/debug/glibc/glibc/string/../sysdeps/x86_64/multiarch/memcpy.c
-67 9
fe=(102)

fl=(100)
fn=(358)
29 4
fi=(101) /usr/src/debug/glibc/glibc/debug/../sysdeps/x86_64/multiarch/ifunc-memset.h
+32 20
+3 4
+3 8
-3 8
+20 8
+8 8
-40 4
+1 8
fe=(100)
-24 4

fl=(103)
fn=(366)
31 1
fi=(470)
+13 1
+1 1
-1 1
+1 4
fe=(103)
-14 1

fl=(125)
fn=(424)
67 3
-19 6
+1 12
+3 15

fl=(389)
fn=(2986)
25 5
+2 20
-2 10
+6 10
cfi=(302)
cfn=(1656) _dlerror_run
calls=2 +82 
* 408
cfi=(302)
cfn=(1657) _dlerror_run'2
calls=3 +82 
* 723
* 10
+1 10

fl=(85)
fn=(432)
31 1
fi=(86) /usr/src/debug/glibc/glibc/string/../sysdeps/x86_64/multiarch/ifunc-strcasecmp.h
+10 2
+1 4
+3 5
fe=(85)

fn=(326)
31 1
fi=(86)
+10 2
+1 4
+3 5
fe=(85)

fl=(118)
fn=(406)
71 3
-23 6
+1 12
+8 12
+14 3

fl=(326)
fn=(1798)
23 20
+2 40

fl=(109)
fn=(384)
32 2
fi=(110)
+17 4
+1 8
+8 8
fe=(109)
-26 2

fl=(120)
fn=(412)
30 2
fi=(117) /usr/src/debug/glibc/glibc/wcsmbs/../sysdeps/x86_64/multiarch/ifunc-avx2.h
+19 4
+1 8
+8 10
fe=(120)

fl=(145)
fn=(514)
34 7
+2 1
cfi=(146) /usr/src/debug/glibc/glibc/ctype/ctype-info.c
cfn=(516) __ctype_init
calls=1 +1 
* 17
+3 1
fi=(148) /usr/src/debug/glibc/glibc/elf/../sysdeps/nptl/pthread_early_init.h
-6 2
fe=(145)
+9 1
-3 1
+3 1
fi=(148)
-9 1
cfi=(147)
cfn=(518)
calls=1 +5 
* 10
* 2
+1 1
+4 3
-4 2
+11 1
fi=(472) /usr/src/debug/glibc/glibc/elf/../nptl/nptl-stack.h
+16 2
fi=(148)
-16 1
fi=(472)
+16 2
fi=(148)
-7 1
fi=(472)
+7 6
fi=(148)
-9 1
-6 1
+2 2
+4 4
+1 1
+3 1
cfi=(149) /usr/src/debug/glibc/glibc/nptl/pthread_mutex_conf.c
cfn=(522) __pthread_tunables_init
calls=1 -1 
* 74
fe=(145)
-9 2
cfi=(150) /usr/src/debug/glibc/glibc/stdlib/../sysdeps/unix/sysv/linux/getrandom.c
cfn=(524) __getrandom_early_init
calls=1 238 
* 16
+3 3
+1 2
-1 1
cfi=(151) /usr/src/debug/glibc/glibc/malloc/arena.c
cfn=(526) __ptmalloc_init
calls=1 250 
* 755

fl=(413)
fn=(3286)
668 48
+2 9
+1 6
+3 6
+67 42
-65 6
cob=(3)
cfi=(154)
cfn=(686)
calls=3 0 
* 48
* 3
+2 6
+1 24
cob=(3)
cfi=(154)
cfn=(3288)
calls=3 0 
* 105
* 3

fl=(282) /usr/src/debug/glibc/glibc/stdlib/cmp.c
fn=(1404) __mpn_cmp
31 10
+4 10
-4 30
+4 54
+7 2
-7 6
+2 12
+1 12
+1 24
+8 36
+1 9

fl=(429)
fn=(4018)
31 390
+1 130
-1 65
+4 295
+2 495
+1 166
fi=(356) /usr/src/debug/glibc/glibc/libio/libioP.h
1045 1
fe=(429)
44 1
-1 3
fi=(356)
1045 2
+1 2
-1 54
fe=(429)
44 54
-1 162
fi=(356)
1045 108
+1 163
fe=(429)
44 275
cfi=(346) /usr/src/debug/glibc/glibc/libio/fileops.c
cfn=(4022) _IO_file_xsputn@@GLIBC_2.2.5
calls=55 1275 
* 3676
fi=(356)
999 55
fe=(429)
45 165
fi=(356)
999 55
fe=(429)
45 110
fi=(356)
999 165
fe=(429)
38 108
+40 70
fi=(356)
1000 220
fe=(429)
74 110
+4 55
-3 55
+3 330
fi=(356)
1000 330
fe=(429)
37 165

fl=(190)
fn=(674)
30 640
+9 384
+6 128
-1 256
+35 768

fl=(257) /usr/src/debug/glibc/glibc/stdlib/../stdlib/strtol_l.c
fn=(2180) ____strtol_l_internal
238 36
+26 6
+28 3
-35 3
+38 12
+9 6
-3 3
+3 15
+2 6
+5 12
+5 6
+4 6
+15 2
+60 3
+67 3
+16 3
-84 6
+95 3
-96 3
+69 3
+27 6
-27 6
+22 12
+5 6
+1 18
-41 24
+2 12
+2 18
+28 18
+3 12
+11 12
+5 6
+1 3
+5 6
+3 12
-2 9
+39 24
345 4
-87 1
+87 1
449 8
310 2
+10 2
+2 4
-12 1
+25 1
+7 2
-15 4
+15 4
+3 8
-87 2
395 2
-50 4

fn=(1228) ____strtoul_l_internal
238 264
+26 44
+28 22
-35 22
+38 88
+9 44
-3 22
+3 110
+2 44
+5 88
+5 44
+4 44
+15 30
-25 14
+35 42
449 14
-54 14
258 14
395 28
-5 14
+99 14
-11 14
-85 14
-3 14
+1 14
+71 28
-71 14
+98 14
-27 28
-71 42
+3 28
-4 8
+99 8
-11 8
-85 8
-3 8
+1 8
+71 16
-71 8
+98 8
-27 16
-71 24
+3 16
+90 49
+5 49
+1 147
-41 196
+2 102
+2 153
+7 4
+17 8
+4 147
+3 98
+11 88
+5 44
+1 22
+23 110
-11 66
+33 176
345 2
-87 1
+87 2
449 6
310 7
+10 7
+2 50
+5 36
+5 18
+63 6
-62 12
-23 1
+25 1
+7 2
-15 4
+15 2
+3 4
-87 1
395 2

fl=(305)
fn=(1676)
357 67
51 67
+1 134
+3 134
357 40
60 40
+3 40
-24 40
+1 160
+1 40
+27 40
+2 40
359 80
72 124
+3 186
+3 124
-8 27
359 27

fl=(337) /usr/src/debug/glibc/glibc/elf/dl-sym.c
fn=(1978) _dl_sym
194 184
88 23
+7 46
+34 46
+24 161
-60 23
+60 69
cob=(1)
cfi=(80)
cfn=(308)
calls=23 767 
* 12591
* 63
+4 21
+16 21
-16 42
+5 21
51 42
162 42
+6 126
+2 21
fi=(338) /usr/src/debug/glibc/glibc/elf/./dl-sym-post.h
45 42
+12 84
fe=(337)
196 147

fl=(343) /usr/src/debug/glibc/glibc/misc/../sysdeps/unix/sysv/linux/mmap64.c
fn=(2062) mmap
47 2
+3 4
-3 8
+6 4
+5 12
+2 6
-7 10

fl=(146)
fn=(516)
37 1
+2 7
+2 4
+2 1
-1 1
+1 1
-1 1
+2 1

fl=(223) /usr/src/debug/glibc/glibc/misc/../sysdeps/unix/sysv/linux/brk.c
fn=(822) brk
36 3
fi=(473) /usr/src/debug/glibc/glibc/misc/../sysdeps/unix/sysv/linux/brk_call.h
-12 6
fe=(223)
+13 6
+1 6
+6 3
+1 3

fl=(295) /usr/src/debug/glibc/glibc/io/../sysdeps/unix/sysv/linux/fstatat64.c
fn=(1580) fstatat
146 8
-55 8
+70 11
+1 3
-2 3
+1 2

fl=(351) /usr/src/debug/glibc/glibc/string/../string/strstr.c
fn=(2102) __GI_strstr
77 36
+5 6
-5 18
+5 18
+2 30
cob=(3)
cfi=(154)
cfn=(2104)
calls=6 -84 
* 138
* 6
+1 12
+1 12
+75 48

fl=(134)
fn=(464)
30 4
fi=(135) /usr/src/debug/glibc/glibc/string/../sysdeps/x86_64/multiarch/ifunc-evex.h
+16 8
+1 16
+13 16
fe=(134)
-30 4

fl=(209)
fn=(776)
67 172
-26 86
+2 344
+1 86
cfn=(778) __new_exitfn
calls=43 +36 
* 1661
+2 86
+6 43
+5 43
-3 43
+1 43
-3 43
+4 43
-4 86
+5 172
+1 43
+11 172

fn=(778)
80 43
+6 86
-6 43
+11 215
-10 86
+12 86
+1 168
-1 86
-2 1
+10 1
-10 3
+13 84
+25 41
+1 82
-1 82
+7 41
+1 41
+4 123
-5 2
+1 2
+4 6
-33 3
+15 1
-1 1
+12 1
-22 5
cfi=(152)
cfn=(1672)
calls=1 3515 
* 318
* 1
+1 2
+2 1
+1 1
+6 1
-7 1
+1 1
+7 1
+11 1

fl=(329)
fn=(1822)
25 9
+2 6
+2 3
+2 6
-2 3
+2 18
+2 9
+4 9
+6 3
-3 3
+3 3
-16 12

fl=(410)
fn=(3218)
32 5
+3 25
+7 5

fl=(417)
fn=(3558)
40 35
+1 7
cob=(3)
cfi=(154)
cfn=(686)
calls=7 -41 
* 157
* 7
+1 14
cfi=(152)
cfn=(812)
calls=7 3101 
* 468
+2 14
+4 7
fi=(474) /usr/src/debug/glibc/glibc/string/../string/bits/string_fortified.h
-19 21
fe=(417)
+19 7
fi=(474)
-19 7
fe=(417)
+19 7
fi=(474)
-19 7
cfi=(158)
cfn=(1360) __memcpy_chk_avx_unaligned_erms
calls=7 -29 
* 170
fe=(417)

fl=(159)
fn=(564)
549 1
+1 4
+1 3
+1 3
+2 1

fl=(160)
fn=(566)
64 1
+2 1
+1 2
-1 2
+3 1
-1 2
-1 2
+2 2
-1 4
-1 4
+3 1

fl=(361) /usr/src/debug/glibc/glibc/stdio-common/vfscanf-internal.c
fn=(2160) __vfscanf_internal
293 1540
+10 440
+1 110
fi=(362) /usr/src/debug/glibc/glibc/stdio-common/../include/scratch_buffer.h
78 110
fe=(361)
304 110
fi=(362)
77 220
fe=(361)
354 440
+6 330
+3 440
+4 220
+13 110
-6 110
+8 220
-8 110
+8 110
+5 220
-5 110
+5 330
cfi=(347) /usr/src/debug/glibc/glibc/nptl/libc-cleanup.c
cfn=(2088) __libc_cleanup_push_defer
calls=110 24 
* 1430
* 330
fi=(280) /usr/src/debug/glibc/glibc/stdio-common/../string/bits/string_fortified.h
59 110
fe=(361)
396 330
-88 110
-10 330
-1 110
+1 220
+45 110
-1 110
-1 110
-1 110
-12 110
-30 110
434 368
+24 184
+1 368
+3 900
+7 1566
+8 348
+8 348
-27 68
+27 68
-89 234
3216 12
+3 7
+1 1
-1 2
+1 2
-1 8
cfi=(345) /usr/src/debug/glibc/glibc/libio/genops.c
cfn=(2118) __uflow
calls=1 325 
* 65
* 2
208 4
+16 4
+1 8
504 20
675 8
+4 4
+1 14
+4 9
+1 3
+6 84
+3 34
-3 17
+3 48
-3 51
360 220
498 4
-3 24
+25 12
-62 6
+6 12
+15 21
+1 9
-1 3
+1 3
-1 6
+1 9
+65 8
+3 36
3226 440
cfi=(347)
cfn=(2090) __libc_cleanup_pop_restore
calls=110 54 
* 1100
fi=(362)
85 440
fe=(361)
3230 220
+17 220
+6 1430
561 9
680 6
+20 5
1279 12
695 9
+1 18
-1 6
+1 3
cfi=(345)
cfn=(2164) _IO_sputbackc
calls=3 -37 
* 63
+4 39
3250 9
487 424
cfi=(345)
cfn=(2164)
calls=106 659 
* 2226
* 106
675 3
565 3
-1 6
1474 18
+5 3
-5 3
+5 9
+9 10
+5 8
+1 14
+2 4
+1 12
+13 4
+16 4
1847 6
+9 3
fi=(362)
113 18
fe=(361)
1856 6
-7 6
+5 33
262 4
1911 4
262 8
+3 4
1913 8
265 4
1913 4
265 4
1913 4
+2 28
-68 12
+2 8
+2 18
233 3
1918 6
208 3
1925 6
216 3
1926 6
+28 18
cfi=(345)
cfn=(2164)
calls=3 659 
* 63
262 9
+3 9
1958 6
1776 3
208 3
1776 3
1975 3
1776 3
1975 6
+1 9
cfi=(256)
cfn=(2178) __strtol_internal
calls=3 107 
* 409
* 3
+6 9
+3 6
+6 6
+1 9
+13 27
2662 9
762 2
+38 1
-35 3
+35 4
+3 9
+60 4
+4 4
+33 2
+2 2
1856 15
1532 2
+3 6
1847 3
1632 12
1847 12
262 8
+3 6
1535 6
1927 8
800 14
3220 3
2010 6
1078 1
-2 2
805 3
+95 3
1466 3
-1 6

fl=(422) /usr/src/debug/glibc/glibc/stdlib/../sysdeps/ieee754/dbl-64/mpn2dbl.c
fn=(3692) __mpn_construct_double
29 3
+10 3
-6 3
+7 30
+6 3
+1 6

fl=(357)
fn=(2140)
25 16
+1 8
fi=(350) /usr/src/debug/glibc/glibc/io/../sysdeps/unix/sysv/linux/sysdep-cancel.h
+15 16
+1 16
+2 48
+39 16
fe=(357)
-56 24

fl=(260)
fn=(1298)
102 1242
fi=(475) /usr/src/debug/glibc/glibc/libio/../include/printf_buffer.h
+35 207
-13 207
+1 207
+12 207
-10 207
+1 207
fe=(260)
-65 414
+3 207
+30 828
cfi=(261) /usr/src/debug/glibc/glibc/stdio-common/vfprintf-internal.c
cfn=(1300) __printf_buffer
calls=207 601 
* 319502
-21 621
+1 207
+11 414
cfi=(271) /usr/src/debug/glibc/glibc/stdio-common/Xprintf_buffer_done.c
cfn=(1334) __printf_buffer_done
calls=207 -62 
* 3726
+17 1035

fl=(265) /usr/src/debug/glibc/glibc/stdlib/../sysdeps/ieee754/dbl-64/dbl2mpn.c
fn=(1314) __mpn_extract_double
33 207
+2 207
-2 207
+4 621
+1 1035
+9 414
+9 207
-9 207
+9 414
+4 22
+2 11
+45 22
-4 196
+4 196
-4 196
+4 196

fl=(399)
fn=(3052)
34 2
+1 8
+2 2
+3 1
-6 1
fi=(476) /usr/src/debug/glibc/glibc/posix/../string/bits/string_fortified.h
+25 1
fe=(399)
-19 3
fi=(476)
+19 1
cfi=(158)
cfn=(936)
calls=1 -59 
* 19
fe=(399)
-14 3

fl=(363)
fn=(2190)
34 24
+13 6
-13 6
+13 12
+18 12
cfi=(345)
cfn=(2208) _IO_un_link
calls=6 +2 
* 594
+2 6
fi=(356)
1045 18
+1 12
fe=(363)
67 18
cfi=(346)
cfn=(2212) _IO_file_finish@@GLIBC_2.2.5
calls=6 213 
* 126
+1 18
fi=(356)
971 24
+1 24
+6 12
cfi=(152)
cfn=(632)
calls=6 3137 
* 198
fe=(363)
88 30
-41 30
+8 24
-7 12
fi=(356)
999 12
+1 60
fe=(363)
47 18
+1 6
-1 12
+3 18
cfi=(346)
cfn=(2192) _IO_file_close_maybe_unlink
calls=6 +81 
* 930
* 6
+2 42
fi=(356)
999 12
fe=(363)
83 12

fl=(137)
fn=(482)
41 7

fl=(217)
fn=(800)
28 1
+1 5
cfi=(218)
cfn=(802)
calls=1 -4 
* 832

fl=(378) /usr/src/debug/glibc/glibc/stdio-common/asprintf.c
fn=(2862) asprintf
26 22
+4 2
+1 4
-1 10
+1 2
cfi=(379) /usr/src/debug/glibc/glibc/libio/vasprintf.c
cfn=(2864) __vasprintf_internal
calls=2 +66 
* 3177
+4 10

fl=(322)
fn=(1782)
24 3
+4 3
-1 6
+5 12
+2 3
+1 3

fl=(106)
fn=(376)
29 2
fi=(107) /usr/src/debug/glibc/glibc/wcsmbs/../sysdeps/x86_64/multiarch/ifunc-wcslen.h
+16 4
+1 8
+3 10
fe=(106)

fl=(191)
fn=(676)
32 512
+5 2304
+5 512
+4 384
fi=(477) /usr/src/debug/glibc/glibc/wcsmbs/./wcsmbsload.h
+23 128
+1 384
fe=(191)
-23 256
+1 256
+4 512
+3 640
cfi=(192) /usr/src/debug/glibc/glibc/elf/libc-dl-profstub.c
cfn=(678) _dl_mcount_wrapper_check
calls=128 -15 
* 640
* 896
+39 128
-39 128
cfi=(193) /usr/src/debug/glibc/glibc/iconv/gconv_simple.c
cfn=(680) __gconv_btwoc_ascii
calls=128 -6 
* 768
+39 640

fl=(344)
fn=(2078)
85 24
-20 6
+20 18
-20 6
cfi=(152)
cfn=(812)
calls=6 3101 
* 378
+2 24
+5 12
-2 6
+2 18
-2 6
+2 12
cfi=(345)
cfn=(2080) _IO_no_init
calls=6 589 
* 330
+1 6
+1 6
-1 6
+1 6
cfi=(346)
cfn=(2084) _IO_new_file_init_internal
calls=6 +33 
* 606
+1 30
cfi=(346)
cfn=(2092) _IO_file_fopen@@GLIBC_2.2.5
calls=6 263 
* 1156
* 12
-38 12
+11 6
+39 36

fl=(349) /usr/src/debug/glibc/glibc/io/../sysdeps/unix/sysv/linux/open64.c
fn=(2098) open
30 36
+3 37
fi=(350)
+8 18
+1 12
fe=(349)
-6 2
+5 1
-5 3
+2 1
fi=(350)
+6 42
+39 12
fe=(349)
-42 6
+2 30

fl=(150)
fn=(524)
238 5
+3 6
+37 5

fl=(128)
fn=(440)
29 6
fi=(129) /usr/src/debug/glibc/glibc/string/../sysdeps/x86_64/multiarch/ifunc-memcmp.h
+11 12
+1 24
+3 30
fe=(128)

fl=(304)
fn=(1662)
71 67
+3 67
+2 67
+2 201
-7 67
+10 67
+2 134
-39 5
+1 10
+43 15
+70 40
+2 40
+3 40
-59 40
+62 80
-62 27
+62 54
45 25
+1 10
+44 124
+5 124
+3 81
+4 54
+2 27
-60 35
+1 245
+1 70
+64 105
+1 70

fl=(355) /usr/src/debug/glibc/glibc/io/../sysdeps/unix/sysv/linux/fstat64.c
fn=(2130) fstat
30 4
+9 16
+33 4

fl=(261)
fn=(1300)
601 2090
fi=(478) /usr/src/debug/glibc/glibc/stdio-common/printf-parse.h
82 418
fe=(261)
601 209
+27 627
+9 209
-9 209
+9 209
-9 209
+9 418
fi=(478)
82 209
cob=(3)
cfi=(154)
cfn=(1302)
calls=209 -82 
* 4389
fe=(261)
653 209
-1 209
+1 209
fi=(478)
82 418
fe=(261)
653 209
-1 209
cfi=(262) /usr/src/debug/glibc/glibc/stdio-common/Xprintf_buffer_write.c
cfn=(1306) __printf_buffer_write
calls=209 27 
* 2508
+2 627
+4 418
+4 2090
-32 209
+11 209
-8 418
+71 860
1043 1881
704 430
-12 215
-3 215
+15 430
-13 215
-1 215
+14 215
-6 215
+6 430
-7 215
-3 215
+10 215
-11 215
-7 215
+18 215
-19 215
-1 215
-1 215
-1 430
892 414
+81 414
+2 621
-2 207
+2 207
-2 207
+2 5796
+20 2277
+1 207
263 207
+1 207
996 207
743 207
264 414
743 207
263 414
1023 215
fi=(478)
82 215
fe=(261)
1017 215
fi=(478)
82 430
cob=(3)
cfi=(154)
cfn=(1302)
calls=215 -82 
* 4515
fe=(261)
1027 430
+1 215
fi=(478)
82 215
fe=(261)
1028 215
-1 215
cfi=(262)
cfn=(1306)
calls=215 27 
* 2666
+3 1075
-22 6
fi=(380) /usr/src/debug/glibc/glibc/stdio-common/vfprintf-process-arg.c
411 48
+5 18
+14 32
+11 8
-3 16
+25 24
+8 32
cfi=(262)
cfn=(1306)
calls=8 27 
* 411
+1 8
fi=(270) /usr/src/debug/glibc/glibc/stdio-common/../include/printf_buffer.h
164 2
fi=(380)
363 8
+17 2
-12 4
fe=(261)
859 207
-46 207
-1 207
+1 414
+41 2691
266 414
cfi=(263) /usr/src/debug/glibc/glibc/stdio-common/printf_fp.c
cfn=(1308) __printf_fp_l_buffer
calls=207 1099 
* 264233
1000 207
fi=(380)
366 10
cfi=(381) /usr/src/debug/glibc/glibc/string/_strerror.c
cfn=(2870) strerror_r
calls=2 26 
* 1236
* 6
+77 16
cob=(3)
cfi=(154)
cfn=(686)
calls=8 0 
* 144
* 16
fe=(261)
818 207
-1 207
+1 621
+15 1449
+3 414
+18 207
-37 207
+19 828

fl=(346)
fn=(2212)
213 6
+1 12
+6 12
cfi=(345)
cfn=(2214) _IO_default_finish
calls=6 628 
* 96

fn=(2092)
263 42
+9 12
+2 26
+23 36
407 49
274 4
+57 42
cfn=(2096) _IO_file_open
calls=6 227 
* 488
* 6
+3 12
+3 18
cfi=(351)
cfn=(2102)
calls=6 77 
* 324
+1 12
-22 12
fi=(348) /usr/src/debug/glibc/glibc/libio/../iconv/gconv_charset.h
75 5
fe=(346)
278 5
-1 5
-13 10
+33 36
+12 12

fn=(2084)
107 6
+5 6
-1 6
+3 6
+1 6
cfi=(345)
cfn=(2086) _IO_link_in
calls=6 -6 
* 576

fn=(2194) _IO_file_seekoff@@GLIBC_2.2.5
970 13
+8 2
1124 11
906 2
+4 1
-2 2
+2 1
+5 2
+32 2
+10 1
+2 2
-17 1
fi=(356)
1045 3
+1 2
fe=(346)
942 4
cfn=(2196) _IO_file_seek
calls=1 1216 
* 9
+2 2
-5 1
-14 2
+1 2
+13 3

fn=(2202) _IO_file_close
1241 6
+3 12
cfi=(365)
cfn=(2204)
calls=6 25 
* 36

fn=(4862) _IO_file_setbuf@@GLIBC_2.2.5
432 6
+1 1
cfi=(345)
cfn=(4864) _IO_default_setbuf
calls=1 +45 
* 67
* 2
+3 1
+4 1
-4 1
+2 1
+2 1
+1 3

fn=(4022)
1275 495
+6 220
+9 55
-2 220
+17 165
+1 108
+5 108
+2 54
-2 54
+2 108
cfi=(158)
cfn=(2860) __mempcpy_avx_unaligned_erms
calls=54 0 
* 868
+1 54
+1 108
-2 54
+1 54
+1 54
+2 108
+28 385
-68 1
+44 1
fi=(356)
1045 3
+1 3
fe=(346)
1321 3
cfn=(4026) _IO_file_overflow@@GLIBC_2.2.5
calls=1 782 
* 314
* 3
+6 2
+1 4
+2 1
-2 1
+2 2
+11 2
+1 5
cfi=(345)
cfn=(4032) _IO_default_xsputn
calls=1 397 
* 56
+2 3

fn=(4026)
782 1
+1 3
-1 3
+8 3
+3 2
+12 2
+9 3
+5 3
+2 2
-5 1
+5 1
+1 1
-5 1
+1 1
+4 2
-7 1
+10 2
+13 1
-11 1
+11 1
-12 1
cfn=(4030) _IO_do_write@@GLIBC_2.2.5
calls=1 474 
* 5
-4 2
-27 2
cfi=(345)
cfn=(2124) _IO_doallocbuf
calls=1 369 
* 261
+1 2
+9 1
-9 5

fn=(4054) _IO_file_sync@@GLIBC_2.2.5
843 108
+5 108
+1 51
+1 54
+1 54
+5 54
+11 27
+3 27
+1 81
-22 34
cfn=(4030)
calls=17 474 
* 1904
* 34

fn=(2122) _IO_file_underflow@@GLIBC_2.2.5
512 4
+4 12
+3 8
+6 12
-13 32
+16 8
+12 2
+9 4
+7 8
cfi=(345)
cfn=(2134) _IO_switch_to_get_mode
calls=4 190 
* 80
+6 4
+5 4
-3 4
fi=(356)
1045 4
fe=(346)
564 4
fi=(356)
1045 4
fe=(346)
564 4
-2 8
fi=(356)
1046 12
fe=(346)
567 16
cfn=(2138) _IO_file_read
calls=4 1207 
* 92
+2 8
+16 4
-9 4
+9 8
+2 8
+1 24
-57 9
+5 6
cfi=(345)
cfn=(2124)
calls=3 369 
* 747
+4 12

fn=(2192)
131 30
+2 30
+3 36
+1 12
+2 12
+14 12
+1 18
+5 1
fi=(356)
1045 3
+1 2
fe=(346)
159 5
cfn=(2194)
calls=1 970 
* 68
* 1
+1 2
+7 2
+2 1
fi=(356)
1045 2
+1 2
fe=(346)
169 3
cfn=(2196)
calls=1 1216 
* 9
+2 2
-39 6
+43 6
+2 6
-2 6
cfi=(345)
cfn=(2200) _IO_unsave_markers
calls=6 983 
* 36
+3 18
fi=(356)
1045 18
+1 12
fe=(346)
178 12
cfn=(2202)
calls=6 1241 
* 54
* 6
+3 18
+8 30
cfi=(345)
cfn=(2132) _IO_setb
calls=6 355 
* 294
+1 12
+1 12
+2 18
+4 6
+4 6
-3 6
+1 6
-2 12
+4 6
-4 6
+4 18
+1 24
-48 23

fn=(2096)
227 12
+3 6
-3 42
+2 12
+4 6
cfi=(349)
cfn=(2098)
calls=6 30 
* 200
* 6
+1 12
+3 12
+3 6
-4 6
+1 18
+3 6
-3 6
+3 6
+13 12
+4 6
-1 6
+1 18
-3 12
cfi=(345)
cfn=(2086)
calls=6 109 
* 72
* 6

fn=(2138)
1207 4
+3 4
-1 4
+1 8
cfi=(357)
cfn=(2140)
calls=4 25 
* 72

fn=(2196)
1216 2
+1 4
cfi=(364) /usr/src/debug/glibc/glibc/io/../sysdeps/unix/sysv/linux/lseek64.c
cfn=(2198) lseek
calls=2 28 
* 12

fn=(2128) _IO_file_stat
1223 4
+1 8
cfi=(355)
cfn=(2130)
calls=4 30 
* 24

fn=(4030)
474 18
+2 54
+1 1
-3 34
fi=(356)
1045 17
fe=(346)
474 119
+10 34
+7 68
+8 17
fi=(356)
1045 34
+1 34
fe=(346)
499 85
cfn=(4056) _IO_file_write@@GLIBC_2.2.5
calls=17 1250 
* 935
+1 17
-1 17
+1 51
+2 17
+4 17
-4 17
+1 17
-1 17
+4 51
-30 34
+28 17
-28 51
+1 85
+28 51

fn=(4056)
1250 68
+2 51
-1 102
+6 17
cfi=(433)
cfn=(4058)
calls=17 25 
* 306
+1 34
+6 17
-1 17
+2 17
-13 34
+4 51
+1 34
+10 85
+1 51
+3 51

fl=(241)
fn=(966)
30 1159
+8 2318
+2 2318
+28 3477
+1 2318
+17 1159

fl=(339)
fn=(2030)
32 12
+1 15
fi=(340) /usr/src/debug/glibc/glibc/posix/../sysdeps/unix/sysv/linux/x86/../sysconf.c
+16 30
fe=(339)
-12 18
fi=(341) /usr/src/debug/glibc/glibc/posix/../sysdeps/posix/sysconf.c
+23 35
633 1
cfi=(394) /usr/src/debug/glibc/glibc/misc/../sysdeps/unix/sysv/linux/getsysstats.c
cfn=(3030) get_nprocs
calls=1 215 
* 429
* 2
60 4
221 2
cfi=(342) /usr/src/debug/glibc/glibc/misc/../sysdeps/unix/sysv/linux/getpagesize.c
cfn=(2036) getpagesize
calls=2 27 
* 12
* 4
fe=(339)

fl=(192)
fn=(678)
40 128
+1 384
+2 128

fl=(175)
fn=(628)
285 5
+3 1
-2 1
+2 1
cfn=(630) __newlocale_1.constprop.0
calls=1 43 
* 46
+3 1
-3 1
+3 1
cfi=(152)
cfn=(632)
calls=1 3137 
* 4
+3 6

fn=(630)
43 17
+12 1
+3 2
281 14
66 2
+3 1
-10 1
+10 2
+7 2
+2 2
-2 2

fl=(138)
fn=(484)
52 2
-6 10
+6 2

fl=(433)
fn=(4058)
25 36
+1 18
fi=(350)
+15 36
+1 36
+2 108
+39 36
fe=(433)
-56 54

fl=(307)
fn=(1702)
29 1
fi=(122) /usr/src/debug/glibc/glibc/string/../sysdeps/x86_64/multiarch/ifunc-strncpy.h
+10 2
+1 4
+3 5
fe=(307)

fl=(374) /usr/src/debug/glibc/glibc/locale/localename.c
fn=(2848) __current_locale_name
24 8
+1 32
+1 8

fl=(221) /usr/src/debug/glibc/glibc/malloc/morecore.c
fn=(818) __glibc_morecore
25 3
+1 6
-1 3
+4 3
cfi=(222) /usr/src/debug/glibc/glibc/misc/sbrk.c
cfn=(820) sbrk
calls=3 +8 
* 98
-2 9
+7 6

fl=(294)
fn=(1578)
28 8
+1 16
cfi=(295)
cfn=(1580)
calls=4 146 
* 35

fl=(358) /usr/src/debug/glibc/glibc/stdio-common/isoc23_sscanf.c
fn=(2154) __isoc23_sscanf
24 1650
fi=(359) /usr/src/debug/glibc/glibc/stdio-common/../libio/strfile.h
+64 550
-1 110
+1 110
cfi=(345)
cfn=(2080)
calls=110 589 
* 5170
+1 110
+1 220
-1 110
+1 330
cfi=(360) /usr/src/debug/glibc/glibc/libio/strops.c
cfn=(2158) _IO_str_init_static_internal
calls=110 -54 
* 7700
fe=(358)
-60 110
+1 220
-1 110
+1 110
-1 110
+1 110
-1 330
+1 110
cfi=(361)
cfn=(2160)
calls=110 293 
* 22000
+5 770

fl=(130)
fn=(448)
31 1
fi=(86)
+10 2
+1 4
+3 5
fe=(130)

fl=(347)
fn=(2088)
24 124
+1 124
+2 248
+2 248
+3 248
+14 372
+2 124
+1 124

fn=(2090)
54 124
+1 124
+2 248
+2 248
+1 372
+11 124

fl=(354) /usr/src/debug/glibc/glibc/libio/filedoalloc.c
fn=(2126) _IO_file_doallocate
68 16
+6 4
-6 12
+6 12
fi=(356)
1045 12
+1 8
fe=(354)
74 12
cfi=(346)
cfn=(2128)
calls=4 1223 
* 36
* 8
+2 16
+11 8
-14 12
+18 8
cfi=(152)
cfn=(812)
calls=4 3101 
* 601
+1 8
+2 20
cfi=(345)
cfn=(2132)
calls=4 355 
* 68
+1 4
+1 28
-15 1
fi=(479) /usr/src/debug/glibc/glibc/libio/../include/sys/sysmacros.h
-34 6
fe=(354)
+34 1
-2 2
+4 2
cfi=(430) /usr/src/debug/glibc/glibc/termios/../sysdeps/unix/sysv/linux/isatty_nostatus.c
cfn=(4028) __isatty_nostatus
calls=1 -60 
* 16
-2 3

fl=(156)
fn=(556)
46 2
+5 1
-5 1
+5 1
+4 5
+8 1
-2 1
+10 1
-9 1
+1 1
+9 1
-1 1
cfi=(157) /usr/src/debug/glibc/glibc/misc/init-misc.c
cfn=(558) __init_misc
calls=1 -41 
* 60

fl=(152)
fn=(1638) unlink_chunk.isra.0
1425 1076
+2 5380
+3 1076
+3 2152
-2 1076
+2 2152
+3 1076
+1 1076
+1 2224
+2 26
+1 39
+3 26
+14 13
+1 13
+3 2152

fn=(932) tcache_free_init
3130 1
2769 1
3130 2
2769 1
3130 3
2769 1
3030 2
+8 2
cfn=(814) __libc_malloc2
calls=1 +29 
* 135
* 3
+2 2
fi=(236) /usr/src/debug/glibc/glibc/malloc/../string/bits/string_fortified.h
59 4
cfi=(158)
cfn=(936)
calls=1 -59 
* 57
fe=(152)
3049 7
-1 1
+85 1
-1 1
+1 3
-1 1
cfn=(633) free'2
calls=1 +5 
* 33

fn=(1672)
3515 9
+3 36
1136 18
+3 9
3527 9
1141 27
3527 18
+2 12
+2 8
+2 24
2856 4
+4 8
+4 2
+1 6
fi=(480) /usr/src/debug/glibc/glibc/malloc/../sysdeps/generic/calloc-clear-memory.h
28 2
+2 4
fe=(152)
3545 14
cfn=(1674) __libc_calloc2
calls=7 3429 
* 2623
-11 2
fi=(236)
59 4
cfi=(158)
cfn=(936)
calls=2 -59 
* 76
fe=(152)

fn=(812)
3101 23361
1136 46722
+3 23361
3105 23361
1141 70012
3105 46580
+2 69828
+2 46552
+2 140082
2856 44118
+4 88236
+4 22059
+1 22059
3112 22059
-7 142
+19 1302
cfn=(814)
calls=1302 -57 
* 198426
-17 142

fn=(1634) _int_free_chunk
4057 1395
+5 4185
+2 2790
+34 1395
-33 1395
cfn=(1636) _int_free_merge_chunk
calls=1395 +40 
* 106679

fn=(814)
3067 1303
+4 1303
-4 2606
+4 1303
+26 3909
-24 3909
cfn=(816) _int_malloc
calls=1303 3555 
* 175107
+1 6515
fi=(151)
151 2606
fe=(152)

fn=(816)
3555 15720
+28 2620
1139 3930
+2 3911
3592 2582
+16 2582
+54 105
+13 7608
+3 638
+3 638
+1 957
-3 319
+5 957
+1 638
+2 1276
-10 319
+12 638
+1 638
+2 638
+11 1244
+29 22
+1 22
+4 44
+13 44
+8 87
+1 5
+1 5
-1 5
+4 10
-4 8
+1 8
-1 8
+4 16
+50 580
+1 116
+1 116
+1 116
+1 116
+3 232
+11 1007
-2 2014
+2 42
+3 21
-3 21
+3 42
+1 6
+3 4
+1 10
+6 4
+5 2
+1 4
-1 10
+1 2
cfn=(1638)
calls=2 1425 
* 60
+3 16
1716 1005
4031 1005
1716 2010
3592 76
1141 19
3611 19
+2 19
-2 19
+2 38
-2 1270
+2 1270
-2 1270
+2 2540
+2 100
+1 200
+2 100
+1 100
+1 100
+2 400
+6 300
+1 100
-1 100
+1 100
2747 200
3633 300
+4 1516
+1 744
+2 544
+2 272
+1 272
+1 544
+2 272
2825 272
+16 272
3647 272
2829 544
+4 1360
+8 744
3654 100
1716 300
4047 14410
3662 87
+96 24
3640 1270
-30 7620
+94 606
+2 297
-1 594
+27 205
+1 205
+4 410
+13 188
+60 13
-51 13
+51 39
-58 206
+1 206
+1 103
-1 103
+1 103
3902 1005
+1 1005
+1 1005
-1 1005
+1 1005
+1 2010
+1 3015
+5 4234
+16 462
+2 924
-4 2746
+8 911
+3 1822
+2 556
+1 278
+1 278
-2 278
-27 278
+4 1155
+3 1504
-3 1089
+3 1440
-3 1080
+3 1208
-3 604
4015 372
+1 1488
+2 744
+3 1488
+5 370
-2 370
+2 370
-1 370
+1 2220
-3 740
+5 1110
3739 111
+1 111
-1 111
+1 222
2543 113
1716 339
2152 2
+12 2
-12 2
+12 2
+26 4
+9 13
+6 2
+3 8
2526 6
+1 2
+4 2
+1 4
+3 4
+5 4
-2 2
+2 2
-3 2
+2 2
+1 2
+1 2
-1 6
+1 4
3915 13
+5 52
+1 26
+24 1266
+3 1266
+2 633
+3 1266
-3 3165
+3 633
cfn=(1638)
calls=633 1425 
* 11526
+3 5064
+15 228
+1 456
-6 228
+8 228
+1 228
+1 228
+1 228
+3 456
+1 220
+1 456
+2 7
+3 56
+2 21
+1 7
+3 7
-6 1768
+2 663
+1 221
+3 221
2153 4
3958 407
+1 1221
2278 2
-9 2
+9 4
-9 2
+9 2
+10 2
-19 2
+19 2
+7 10
+8 4
+57 4
+39 1
+12 1
-12 1
+12 5
+8 1
+3 2
+1 1
-12 1
+12 5
+2 1
-2 1
+2 2
+1 4
cfi=(221)
cfn=(818)
calls=1 25 
* 24
+12 4
-12 1
+12 1
1740 2
2478 1
+3 1
-1 1
+1 4
+1 1
+11 2
3710 92
-1 92
+2 184
+1 92
+1 184
+1 184
+2 1
+4 8
+2 3
1716 1
3723 1
+3 1
1716 2
3720 728
+2 273
1716 91
3723 91
+3 91
1716 182
2332 2
-27 8
cfi=(221)
cfn=(818)
calls=2 25 
* 104
+1 8
-1 2
+1 2
1740 4
2308 2
+3 4
+38 8
+2 2
+6 1
-6 1
+6 3
-6 2
+6 1
-6 1
+6 5
+1 4
3973 1
2350 2
+91 2

fn=(1636)
4105 6975
+7 6975
-6 1395
+9 4185
+5 4185
+4 2790
-1 2790
+1 2790
1723 4185
4131 2790
+2 212
+2 212
+1 848
+2 212
-4 212
+4 212
cfn=(1638)
calls=212 1425 
* 3834
+18 2790
+6 2784
+4 1163
+4 2784
+9 21
-1 21
+2 42
+2 63
+7 2742
+1 4113
+1 1371
+2 2742
+3 6855
+4 1371
-1 1371
+2 1371
+1 1371
+2 4113
+1 1371
+24 2742
-29 21
-1 21
+2 21
+1 21
+2 63
+1 21
+24 48
+3 4
+2 4
-2 4
+2 8
+17 4
4144 8370
+69 3
+1 9
+1 6
-52 229
+1 229
-1 229
cfn=(1638)
calls=229 1425 
* 4137
+1 229
-49 6975
4237 20

fn=(1674)
3429 42
+6 14
+10 7
+1 21
+21 21
cfn=(816)
calls=7 +88 
* 1734
+2 42
+34 7
-12 7
+12 14
+3 35
+4 7
fi=(480)
28 14
+2 14
fe=(152)
3469 7
fi=(151)
151 14
fe=(152)
3469 21
+3 21
+39 7
fi=(236)
59 14
fe=(152)
3511 28
fi=(236)
59 7
cfi=(158)
cfn=(936)
calls=7 -59 
* 525
fe=(152)

fn=(3238)
3190 2
+7 2
+1 2
cfn=(812)
calls=1 -97 
* 30

fn=(632)
3137 32056
+3 64112
+7 46684
-2 70026
+6 70026
+6 69993
+6 23331
-3 46662
+3 23331
-3 23331
+1 46662
+2 69993
2833 21946
+8 21946
-12 21946
+4 87784
+8 21946
3164 21946
+10 4155
-31 1395
+37 2790
fi=(151)
151 4185
fe=(152)
3184 2790
cfn=(1634)
calls=1395 4057 
* 117839
-36 8714
+27 1
cfn=(932)
calls=1 -45 
* 261

fn=(633)
3137 1
+3 2
+7 2
-2 3
+6 3
+6 3
+6 1
-3 2
+3 1
-3 1
+1 2
+2 3
2833 1
+8 1
-12 1
+4 4
+8 1
3164 1

fl=(188)
fn=(670)
30 416
+1 1248
+2 832
+3 416
-1 416
+2 416
+28 1248
+1 1248
+1 1248
+3 1248
+1 416

fl=(434) /usr/src/debug/glibc/glibc/stdlib/exit.c
fn=(4176) exit
147 3
+1 3
-1 1
+1 1
cfn=(4178) __run_exit_handlers
calls=1 45 
* 34924

fn=(4178)
45 11
+2 9
+3 2
+3 7
+11 1
+2 2
+8 18
+2 86
+1 86
-1 43
+3 223
+44 117
-49 117
+55 4
+1 4
+3 2
cfi=(152)
cfn=(632)
calls=1 3137 
* 111
-69 1
+2 2
+70 1
-66 1
+66 3
+2 2
+3 2
cfi=(449) /usr/src/debug/glibc/glibc/posix/../sysdeps/unix/sysv/linux/_exit.c
cfn=(4866) _Exit
calls=1 27 
* 3
-27 39
-1 39
-2 39
+3 78
+3 156
+1 117
cob=(1)
cfi=(439)
cfn=(4664)
calls=1 -92 
* 4305
cob=(8)
cfi=(229)
cfn=(4662)
calls=1 0 
* 194
cob=(8)
cfi=(229)
cfn=(4658)
calls=1 0 
* 194
cob=(8)
cfi=(229)
cfn=(4654)
calls=1 0 
* 194
cob=(8)
cfi=(229)
cfn=(4652)
calls=1 0 
* 342
cob=(8)
cfi=(229)
cfn=(4648)
calls=1 0 
* 194
cob=(8)
cfi=(229)
cfn=(4642)
calls=1 0 
* 34
cob=(8)
cfi=(229)
cfn=(4636)
calls=1 0 
* 194
cob=(8)
cfi=(229)
cfn=(4634)
calls=2 0 
* 371
cob=(9)
cfi=(316)
cfn=(4632)
calls=1 +18 
* 14
cob=(9)
cfi=(438)
cfn=(4604)
calls=1 -45 
* 1642
cob=(11)
cfi=(335)
cfn=(4382) 0x0000000000012bd0
calls=1 0 
* 3429
cob=(10)
cfi=(331)
cfn=(4244)
calls=1 0 
* 17308
cob=(12)
cfi=(383)
cfn=(4212)
calls=1 0 
* 615
cob=(12)
cfi=(383)
cfn=(4204)
calls=2 0 
* 2487
cob=(12)
cfi=(383)
cfn=(4196)
calls=1 0 
* 508
cob=(7)
cfi=(233)
cfn=(4194)
calls=19 919 
* 114
cob=(12)
cfi=(383)
cfn=(4184)
calls=1 0 
* 559
cob=(12)
cfi=(383)
cfn=(4182)
calls=1 0 
* 228
+1 156
-68 1
cfi=(435) /usr/src/debug/glibc/glibc/stdlib/cxa_thread_atexit_impl.c
cfn=(4180) __call_tls_dtors
calls=1 +97 
* 12
* 1
+88 1
cfi=(345)
cfn=(4858) _IO_cleanup
calls=1 888 
* 500
* 1

fl=(442) /usr/src/debug/glibc/glibc/posix/register-atfork.c
fn=(4676) __unregister_atfork
82 27
+1 18
-1 18
+1 18
fi=(443) /usr/src/debug/glibc/glibc/posix/../malloc/dynarray-skeleton.c
243 9
fe=(442)
71 18
+38 36
+1 18

fl=(382) /usr/src/debug/glibc/glibc/stdio-common/errlist.c
fn=(2872) __get_errlist
27 2
+2 10
+1 4
+2 2

fl=(435)
fn=(4180)
148 3
+1 1
-1 1
+1 3
+16 4

fl=(281) /usr/src/debug/glibc/glibc/stdlib/mul.c
fn=(1400) __mpn_mul
48 820
+6 82
+12 82
+76 533
-71 41
+1 82
+2 5
+3 30
cfi=(158)
cfn=(936)
calls=5 -77 
* 95
* 10
+1 10
+63 36
-60 72
cfi=(158)
cfn=(1318) __mpn_mul_1
calls=36 -81 
* 2509
* 72
+2 36
+5 72
-5 5
+5 10
-4 40
+9 4
+1 4
+6 12
+1 12
-13 36
+2 12
+1 24
+7 32
cfi=(158)
cfn=(1402) __mpn_addmul_1
calls=8 -98 
* 1136
* 8
-3 20
cfi=(158)
cfn=(1434) __mpn_add_n
calls=4 -95 
* 344
* 4

fl=(360)
fn=(2244) _IO_str_underflow
145 1
+1 4
+2 5
+6 3
+3 1
+1 1

fn=(2158)
36 990
+4 220
+1 220
cob=(3)
cfi=(154)
cfn=(686)
calls=110 -41 
* 1760
* 110
+5 550
cfi=(345)
cfn=(2132)
calls=110 355 
* 1870
+2 110
+1 110
+1 110
+1 220
+2 330
+11 110
+1 660
-4 110
-1 220

fl=(96)
fn=(348)
31 1
fi=(470)
+13 1
+1 1
-1 1
+1 4
fe=(96)
-14 1

fl=(396) /usr/src/debug/glibc/glibc/io/../sysdeps/unix/sysv/linux/read_nocancel.c
fn=(3036) __read_nocancel
25 1
+1 4
+1 1

fl=(108)
fn=(380)
30 1
fi=(107)
+15 2
+1 4
+3 5
fe=(108)

fl=(397) /usr/src/debug/glibc/glibc/io/../sysdeps/unix/sysv/linux/close_nocancel_nostatus.c
fn=(3038) __close_nocancel_nostatus
25 1
+1 2
+1 1

fl=(119)
fn=(408)
29 3
fi=(110)
+20 6
+1 12
+8 12
fe=(119)
-29 3

fl=(132)
fn=(456)
29 5
fi=(122)
+10 10
+1 20
+3 25
fe=(132)

fl=(432)
fn=(4052)
32 26
+1 52
-1 104
+7 52
+1 26
fi=(356)
1045 78
+1 52
fe=(432)
40 52
cfi=(346)
cfn=(4054)
calls=26 843 
* 2517
* 52
fi=(356)
999 52
+1 234
fe=(432)
44 130
-5 260

fl=(342)
fn=(2036)
27 2
+1 8
+2 2

fl=(262)
fn=(1306)
27 639
+1 1917
-1 1917
+4 1712
+2 1085
+3 217
fi=(280)
-7 217
fe=(262)
+8 434
fi=(280)
-8 217
fe=(262)
+12 217
fi=(280)
-12 217
cfi=(158)
cfn=(908)
calls=217 -29 
* 2952
fe=(262)
+11 651
-9 434
+2 651
+2 651
+9 1917

fl=(313)
fn=(1738)
25 3
+2 12
+3 9
cfi=(314) /usr/src/debug/glibc/glibc/elf/dl-addr.c
cfn=(1740) _dl_addr
calls=3 +90 
* 18554

fl=(97)
fn=(350)
31 3
fi=(98) /usr/src/debug/glibc/glibc/wcsmbs/../sysdeps/x86_64/multiarch/ifunc-wmemset.h
+9 12
+8 12
fe=(97)
-17 3

fl=(314)
fn=(1740)
120 6
+5 3
-5 6
+5 3
-5 24
+5 3
cfi=(304)
cfn=(1662)
calls=3 -54 
* 69
+2 6
cob=(1)
cfi=(303)
cfn=(1742)
calls=3 +86 
* 291
+2 9
-99 12
+4 6
+5 15
+3 3
+3 3
-7 3
+4 3
+3 6
+4 12
+11 6
-16 3
+16 15
-11 672
+2 519
+1 1038
+2 295
+6 2655
+4 1736
+1 2415
+5 1736
-10 868
+1 2604
+2 868
+7 1180
-21 1189
-9 6
+54 6
+2 6
+3 6
-59 1
+65 3
+1 5
+26 1
+3 3
cfi=(305)
cfn=(1676)
calls=1 357 
* 15
-3 2
+3 6
cfi=(305)
cfn=(1676)
calls=2 357 
* 30
+3 24
-73 149
+3 3
+43 6

fl=(395) /usr/src/debug/glibc/glibc/io/../sysdeps/unix/sysv/linux/open64_nocancel.c
fn=(3034) __open_nocancel
28 3
+3 9
+8 7
+2 5

fl=(173) /usr/src/debug/glibc/glibc/nptl/cleanup_compat.c
fn=(622) _pthread_cleanup_push@@GLIBC_2.34
25 3
+3 3
+1 3
+1 6
+2 3
+1 3

fn=(634) _pthread_cleanup_pop@@GLIBC_2.34
40 3
+3 6
+4 6
+2 3

fl=(345)
fn=(2118)
325 5
+1 15
-1 15
+6 15
+3 5
199 5
334 10
+2 10
+6 10
+7 5
fi=(356)
1045 15
+1 10
fe=(345)
349 5
+1 5
-1 5
+1 5
-1 5
cfn=(2120) _IO_default_uflow
calls=5 +38 
* 1272
-23 10
+21 10

fn=(2208)
67 6
+1 12
+4 6
cfn=(2210) __GI__IO_un_link.part.0
calls=6 -6 
* 570

fn=(2210)
66 6
+6 6
-6 24
+6 24
cfi=(347)
cfn=(2088)
calls=6 -48 
* 78
+1 36
+2 6
-1 6
+1 42
+2 12
+4 6
+1 6
+1 6
+1 12
+1 6
+11 24
+2 66
+1 6
-1 6
+2 18
+1 12
cfi=(347)
cfn=(2090)
calls=6 -47 
* 60
+3 36
-29 30
+25 18
-27 18

fn=(2134)
190 8
+1 12
+3 12
+4 8
+1 8
+7 4
-4 4
+4 4
-2 8
+3 4
+1 8

fn=(4864)
478 2
fi=(356)
1045 1
fe=(345)
478 8
+1 1
fi=(356)
1045 2
+1 2
fe=(345)
479 2
cfi=(346)
cfn=(4054)
calls=1 843 
* 19
* 2
+4 1
356 1
488 1
-7 2
363 1
-5 3
493 1
359 1
491 1
+1 1
+1 1
+1 6
-11 1
+1 2
-1 1
356 4

fn=(2120)
387 10
fi=(356)
1045 5
fe=(345)
387 10
+1 5
fi=(356)
1045 10
+1 10
fe=(345)
388 10
cfi=(360)
cfn=(2244)
calls=1 145 
* 15
cfi=(346)
cfn=(2122)
calls=4 512 
* 1156
+1 10
+2 16
+1 15

fn=(4860) _IO_flush_all
710 3
+5 1
-5 4
+5 4
cfi=(347)
cfn=(2088)
calls=1 24 
* 13
+1 6
+3 1
-8 1
fi=(356)
1045 2
fe=(345)
722 21
+4 6
+2 9
+16 36
+1 3
-26 9
+2 3
+1 6
+6 9
+7 9
+1 12
-14 1
+27 2
+1 2
cfi=(347)
cfn=(2090)
calls=1 54 
* 10
+4 8
-32 9
-6 1
+3 1
-8 1
+5 1
+3 2
+30 6

fn=(2086)
109 24
+1 60
+24 60
-22 18
+2 30
cfi=(347)
cfn=(2088)
calls=6 -90 
* 78
+1 48
+4 6
+3 12
-3 6
+4 12
+1 12
+2 6
+2 60
+1 6
+1 6
-2 6
+2 30
+1 12
cfi=(347)
cfn=(2090)
calls=6 -77 
* 60
+3 6
-19 12
+1 6
+1 54
+11 12
-11 6

fn=(2200)
983 6
+2 12
+5 12
+2 6

fn=(2164)
659 448
+3 672
+10 224
+3 336
-12 224
+2 224
+1 112
+5 112

fn=(4858)
888 7
+1 1
cfn=(4860)
calls=1 710 
* 202
-73 2
+73 1
-73 3
cfi=(347)
cfn=(2088)
calls=1 24 
* 13
+1 6
+3 1
fi=(356)
1045 2
fe=(345)
838 9
+2 6
+20 3
+2 36
+1 3
-43 9
+4 3
+1 27
+8 6
+2 9
+7 4
+2 1
+2 1
+1 1
-1 1
-2 1
+2 1
+5 1
fi=(356)
1045 2
+1 2
fe=(345)
851 4
cfi=(346)
cfn=(4862)
calls=1 432 
* 84
+2 3
+9 2
-37 1
+42 2
+1 2
cfi=(347)
cfn=(2090)
calls=1 54 
* 10
+33 8
-76 9
-8 1
+3 1
-3 1
+3 2
+47 6

fn=(2214)
628 18
+2 24
+6 18
+3 12
68 12
648 12

fn=(2080)
589 1276
+1 116
cfn=(2082) _IO_old_init
calls=116 -33 
* 2564
+1 116
+1 232
+2 6
+8 6
+3 6
+2 6
-9 12
+5 6
+4 6
+6 6
+1 6
+1 36
-2 110
+1 110
+1 660
-3 220

fn=(2082)
557 116
+3 232
+5 232
-7 116
+12 116
-10 116
-2 116
+2 116
+16 116
-11 116
-5 116
+16 232
+5 116
-16 232
+16 232
+1 18
+2 6
-2 110
+2 110

fn=(2124)
369 4
+1 8
+2 16
-3 4
+4 4
fi=(356)
1045 12
+1 8
fe=(345)
373 12
cfi=(354)
cfn=(2126)
calls=4 68 
* 924
* 8
+3 8

fn=(2132)
355 360
+1 486
+3 120
+2 480
-3 120
+3 240
+3 252
-7 3
cfi=(152)
cfn=(632)
calls=3 3137 
* 153
+4 18

fn=(4032)
397 4
+3 3
-1 2
fi=(356)
1045 7
fe=(345)
415 2
+8 1
+2 2
-20 4
+2 1
+1 2
+2 2
+3 5
-12 1
+29 3
-11 9
+1 2
-1 2
+2 4

fl=(87)
fn=(330)
33 1
fi=(88)
+23 1
+1 1
-1 1
+1 2
+3 3
+17 2
+8 2
+11 4
fe=(87)
-63 1

fl=(151)
fn=(526)
250 2
fi=(481) /usr/src/debug/glibc/glibc/malloc/../sysdeps/unix/sysv/linux/not-cancel.h
96 3
fe=(151)
250 13
fi=(481)
96 8
fi=(152)
2788 2
+14 1
+2 2
-1 1
+1 3
fe=(151)
260 2
+4 2
fi=(152)
1683 3
fe=(151)
264 3
fi=(152)
1681 12
+2 2
-2 1
+2 8
+1 2
-3 2
+2 60
-2 30
+2 240
+1 60
-3 60
+3 1
fe=(151)
268 2
fi=(152)
1692 2
fe=(151)
268 1
fi=(152)
1684 3
fe=(151)
268 2
cob=(1)
cfi=(11)
cfn=(50)
calls=1 610 
* 17
+1 4
cob=(1)
cfi=(11)
cfn=(50)
calls=1 610 
* 18
+1 4
cob=(1)
cfi=(11)
cfn=(50)
calls=1 610 
* 17
+1 4
cob=(1)
cfi=(11)
cfn=(50)
calls=1 610 
* 17
+1 4
cob=(1)
cfi=(11)
cfn=(50)
calls=1 610 
* 18
+1 4
cob=(1)
cfi=(11)
cfn=(50)
calls=1 610 
* 17
+1 4
cob=(1)
cfi=(11)
cfn=(50)
calls=1 610 
* 17
+2 4
cob=(1)
cfi=(11)
cfn=(50)
calls=1 610 
* 17
+1 4
cob=(1)
cfi=(11)
cfn=(50)
calls=1 610 
* 17
+2 4
cob=(1)
cfi=(11)
cfn=(50)
calls=1 610 
* 17
+2 4
+10 8
fi=(152)
2802 2
fe=(151)

fl=(243)
fn=(974)
210 3
+1 4
+1 3
cfi=(244)
cfn=(976)
calls=1 -35 
* 6750
+1 4
+1 2

fn=(984) random
289 5
+3 2
+13 5
-11 3
cfi=(244)
cfn=(986)
calls=1 +77 
* 28
+1 2

fl=(379)
fn=(2864)
97 6
fi=(475)
+29 2
fe=(379)
-29 6
fi=(475)
+27 4
fe=(379)
-27 6
fi=(475)
+29 2
fe=(379)
-24 2
fi=(475)
+22 2
+3 2
+1 2
fe=(379)
-26 2
cfi=(261)
cfn=(1300)
calls=2 601 
* 2923
+1 4
cfi=(271)
cfn=(1334)
calls=2 -78 
* 36
+3 2
-3 2
+1 6
+9 4
+3 2
-2 4
+18 2
+2 2
+1 18
-26 2
+7 4
cfi=(152)
cfn=(812)
calls=2 3101 
* 60
* 2
+1 4
+2 8
cfi=(158)
cfn=(908)
calls=2 0 
* 52
* 4

fl=(121)
fn=(426)
31 1
fi=(86)
+10 2
+1 4
+3 5
fe=(121)

fn=(416)
31 1
fi=(122)
+8 2
+1 4
+3 5
fe=(121)

fl=(353) /usr/src/debug/glibc/glibc/libio/iogetline.c
fn=(2114) _IO_getline
33 58
+1 116
cfn=(2116) _IO_getline_info
calls=58 +15 
* 7170

fn=(2116)
49 696
+2 116
+2 174
+2 58
+51 58
-51 290
+28 59
+2 118
-2 59
+2 118
cob=(3)
cfi=(154)
cfn=(2144)
calls=59 -85 
* 1277
* 59
+1 118
+17 1
fi=(482) /usr/src/debug/glibc/glibc/libio/../string/bits/string_fortified.h
-74 4
cfi=(158)
cfn=(908)
calls=1 -29 
* 13
fe=(353)
+73 1
-1 1
-46 2
+2 189
+1 126
+2 8
cfi=(345)
cfn=(2118)
calls=4 325 
* 1372
+1 8
+6 8
+11 4
-1 8
-22 8
+52 348
-18 58
+1 58
-2 116
+1 58
+1 116
+2 58
+2 174
fi=(482)
-65 232
cfi=(158)
cfn=(908)
calls=58 -29 
* 645
fe=(353)
+68 58
+1 174
-1 58
+1 58
-44 6

fl=(364)
fn=(2198)
28 2
+12 8
+2 2

fl=(381)
fn=(2870)
26 14
+1 2
cfi=(382)
cfn=(2872)
calls=2 * 
* 18
+3 2
-2 4
+7 2
-1 4
+1 4
-1 2
cfi=(370) /usr/src/debug/glibc/glibc/intl/dcgettext.c
cfn=(2840) dcgettext
calls=2 +12 
* 1184

fl=(372) /usr/src/debug/glibc/glibc/nptl/pthread_rwlock_rdlock.c
fn=(2844) pthread_rwlock_rdlock@@GLIBC_2.34
23 48
+1 12
fi=(373) /usr/src/debug/glibc/glibc/nptl/pthread_rwlock_common.c
292 36
+12 24
+43 36
+17 24
+20 24
+61 12
fe=(372)
27 12
+2 48

fl=(325)
fn=(1792)
23 3
+2 6

fl=(370)
fn=(2840)
46 8
+1 16
cfi=(371) /usr/src/debug/glibc/glibc/intl/dcigettext.c
cfn=(2842) __dcigettext
calls=4 413 
* 2344

fl=(256)
fn=(2178)
107 3
+1 12
cfi=(257)
cfn=(2180)
calls=3 238 
* 394

fn=(1226)
125 22
+1 110
cfi=(257)
cfn=(1228)
calls=22 238 
* 2989

fl=(334)
fn=(1894)
24 1
+1 2
+3 1
cob=(3)
cfi=(154)
cfn=(1896)
calls=1 -28 
* 29

fl=(437)
fn=(4264)
25 2
+3 4
+2 10
+2 4
+1 10
-7 6
+14 2

fl=(430)
fn=(4028)
23 2
+2 8
+1 6

fl=(222)
fn=(820)
37 6
+6 3
-6 3
+6 3
-3 6
+18 6
+4 6
+4 2
+1 2
-1 6
+8 2
cfi=(223)
cfn=(822)
calls=2 -38 
* 18
-24 8
+28 10
-19 2
cfi=(223)
cfn=(822)
calls=1 -23 
* 9
* 2
+6 4

fl=(421)
fn=(3690) round_and_return
215 24
fi=(276) /usr/src/debug/glibc/glibc/stdlib/../sysdeps/generic/get-rounding-mode.h
94 3
+1 3
+19 6
-19 6
+14 3
-14 18
fe=(421)
218 6
+97 6
-90 3
+93 6
+3 6
+2 3
fi=(277) /usr/src/debug/glibc/glibc/stdlib/../include/rounding-mode.h
46 18
+6 9
fi=(284) /usr/src/debug/glibc/glibc/stdlib/../stdlib/gmp.h
453 1
fe=(421)
330 1
fi=(284)
454 1
fe=(421)
330 1
+22 2
-12 2
+17 1
-5 2
+5 9
+1 3
-1 3
+1 6
-1 3
cfi=(422)
cfn=(3692)
calls=3 29 
* 48
-3 3
+1 3
fi=(277)
49 2
fe=(421)
357 4
+1 2

fn=(3680)
1781 3
+1 9
cfn=(3682) ____strtod_l_internal
calls=3 510 
* 3249

fn=(3686) str_to_mpn.isra.0
367 36
+13 4
-13 8
+14 24
-4 4
-1 8
+52 49
+1 98
-14 196
+3 4
+7 2
+3 6
+3 4
-3 94
+3 94
-47 147
+49 16
+7 8
+2 12
+2 4
+1 8
+15 36

fn=(3682)
510 45
+53 3
-53 15
+55 6
+24 3
-34 3
+42 3
+1 6
cob=(3)
cfi=(154)
cfn=(686)
calls=3 0 
* 48
* 3
+1 6
+10 3
-6 3
+6 3
+4 15
-1 12
+1 6
+3 6
-12 2
+17 4
+13 21
+1 6
+8 9
+48 6
+19 2
+24 2
516 1
734 1
+18 2
+25 3
-25 4
+25 9
+1 6
+12 6
+16 6
+42 6
+9 24
+1 6
1769 39
803 1
-22 1
+22 1
-26 1
-36 14
+1 4
618 1
+1 3
864 6
+1 3
+1 6
1025 6
+19 9
+1 3
+2 6
+3 6
+33 8
691 10
516 2
710 6
516 4
712 4
-1 4
+24 6
-1 2
+2 2
-2 2
+2 10
+5 4
+8 4
884 12
1015 6
+2 15
-47 3
+89 2
+2 3
+9 3
+1 4
+3 4
+4 1
+1 1
+98 6
-1 2
-1 2
+3 1
+1 1
+3 2
-3 1
+3 2
-4 2
+1 2
+3 4
-3 2
+3 4
+12 6
+3 6
1359 10
+18 4
+3 16
+13 2
-5 4
+10 16
+3 4
+3 2
-3 2
+3 10
+2 2
-2 2
+2 8
+6 2
+7 2
-7 6
+7 4
-18 2
+3 1
-3 1
+3 5
+2 1
-2 1
+2 4
+6 1
+7 1
-7 3
+7 10
+8 3
-1 3
+1 3
fi=(274)
29 3
fe=(421)
1427 6
fi=(274)
29 6
cfi=(158)
cfn=(1360)
calls=3 -29 
* 60
* 3
fe=(421)
1445 10
-3 12
+1 12
-24 24
+3 4
+4 4
-4 4
+2 8
+9 1
-1 7
cfi=(281)
cfn=(1400)
calls=1 48 
* 69
+4 1
+1 2
-1 1
+1 1
+1 1
+1 1
-1 1
+1 2
+6 2
+2 9
+4 27
cfn=(3686)
calls=3 367 
* 806
+17 3
+31 3
-31 6
+3 3
-3 3
+3 3
-3 3
+3 6
+17 6
+2 6
1177 4
-2 6
1419 16
1200 14
cfn=(3686)
calls=1 367 
* 56
+6 2
+20 1
-20 1
-6 1
+6 3
+45 2
-1 1
+1 4
+4 2
+6 2
+32 2
1497 3
+1 3
+1 18
fi=(275) /usr/src/debug/glibc/glibc/stdlib/../sysdeps/x86/gmp-arch.h
29 15
fe=(421)
1537 3
fi=(275)
29 3
fe=(421)
1537 17
cfi=(158)
cfn=(1316) __mpn_lshift
calls=1 0 
* 16
* 2
+4 1
-4 2
+4 10
cfn=(3690)
calls=1 215 
* 79
* 20
cfn=(3690)
calls=2 215 
* 138
* 3
-4 14
+4 4
-4 2
+4 2
-4 6
+2 2
-64 15
cfi=(158)
cfn=(1316)
calls=3 0 
* 48
+1 15
cfi=(158)
cfn=(1316)
calls=3 0 
* 48
+1 6
-84 2
+5 4
fi=(274)
29 1
fe=(421)
1448 1
fi=(274)
29 3
cfi=(158)
cfn=(1360)
calls=1 -29 
* 20
* 1
fe=(421)
866 6
+1 6
+9 6
+6 3
+1 3
-1 6
+1 3
-16 46
+3 144
+1 46
-1 46
+1 184
+2 46
-7 46
+1 92
+6 3
-7 3
+1 12
+5 6
1288 1
fi=(274)
29 1
fe=(421)
1332 1
fi=(274)
29 4
cfi=(158)
cfn=(1360)
calls=1 -29 
* 20
fe=(421)
1359 6
+9 3
+3 2
+1 2
1488 2
1372 2

fl=(218)
fn=(802)
25 7800
+4 780
+13 780
+1 3120
+3 1560
cob=(3)
cfi=(154)
cfn=(686)
calls=780 -46 
* 12488
* 780
+1 69420
+2 68640
+1 137280
-1 780
+1 1560
+5 205920
+1 3104
cob=(3)
cfi=(154)
cfn=(804)
calls=776 -56 
* 20952
* 1552
+13 2340
+85 780
44 780
154 5460

fl=(271)
fn=(1334)
25 209
+1 627
+5 418
+2 2299
+7 209

fl=(283) /usr/src/debug/glibc/glibc/stdlib/divrem.c
fn=(1406) __mpn_divrem
45 208
+3 108
159 35
+1 21
-1 7
+1 14
+2 7
-1 7
-1 7
+1 7
+1 7
-1 7
+3 14
46 6
174 42
+9 78
+35 30
cfi=(158)
cfn=(1412) __mpn_submul_1
calls=6 0 
* 786
+2 12
+6 12
-52 6
+53 6
-53 12
+9 6
-1 6
+13 6
-12 6
+9 12
fi=(275)
29 24
fi=(483) /usr/src/debug/glibc/glibc/stdlib/../sysdeps/generic/gmp-arch.h
+22 6
fi=(275)
-22 6
fi=(483)
+24 6
fe=(283)
203 30
62 19
-1 38
+6 19
+4 19
-4 114
+4 68
fi=(275)
-42 10
fe=(283)
+42 20
fi=(275)
-42 20
fe=(283)
+42 20
+4 38
+3 19
+2 19
233 130
-67 2
+2 6
cfi=(158)
cfn=(1408) __mpn_sub_n
calls=1 0 
* 72
+1 1
+1 3
-18 35
-27 84

fl=(441)
fn=(4674)
45 18
+3 18
-3 63
+3 45
+3 36
+4 150
+1 80
+2 4
+35 4
-2 4
+2 4
-35 4
+2 4
+33 4
+3 16
+1 12
cob=(7)
cfi=(167)
cfn=(4770)
calls=1 +26 
* 1366
cob=(7)
cfi=(444)
cfn=(4768)
calls=1 660 
* 7
cob=(7)
cfi=(212)
cfn=(4766)
calls=1 +91 
* 6
cob=(7)
cfi=(212)
cfn=(4762)
calls=1 203 
* 6
+1 16
+4 12
-47 12
-4 27
+57 36
+4 54
-4 27
+12 18
cfi=(442)
cfn=(4676)
calls=9 -38 
* 162
+1 36
+1 72

fl=(272)
fn=(1356)
81 28
+1 112
cfi=(273) /usr/src/debug/glibc/glibc/stdlib/../stdlib/strtod_l.c
cfn=(1358) ____strtold_l_internal
calls=28 510 
* 10808

fl=(111)
fn=(388)
29 3

fl=(321)
fn=(1778)
24 3
+11 3
+3 6

fl=(323)
fn=(1786)
53 24
+12 6
+3 15
fi=(324) /usr/src/debug/glibc/glibc/nptl/../string/bits/string_fortified.h
-9 6
fe=(323)
+33 9
+2 6
+11 18
+4 3
+25 6
+6 3
+9 3
+2 3
+1 15

fl=(367) /usr/src/debug/glibc/glibc/nptl/pthread_setspecific.c
fn=(2708) pthread_setspecific@@GLIBC_2.34
25 6
+11 4
+3 14
+4 6
+3 4
+1 1
+39 1
+1 1
-1 1
-20 1
+24 1
-4 1
+1 1
-1 1
-20 1
+24 1

fl=(376) /usr/src/debug/glibc/glibc/nptl/pthread_rwlock_unlock.c
fn=(2852) pthread_rwlock_unlock@@GLIBC_2.34
30 60
+1 12
fi=(373)
215 24
fe=(376)
38 12
fi=(373)
215 36
fe=(376)
38 24
fi=(373)
226 12
+4 12
+4 36
+14 36
+5 24
+16 36
fe=(376)
44 60
fi=(373)
237 48
+1 24
fe=(376)

fl=(149)
fn=(522)
55 2
+1 6
cob=(1)
cfi=(11)
cfn=(50)
calls=1 610 
* 18
+2 4
cob=(1)
cfi=(11)
cfn=(50)
calls=1 610 
* 17
+2 4
cob=(1)
cfi=(11)
cfn=(50)
calls=1 610 
* 18
+2 5

fl=(112)
fn=(390)
79 6
-27 12
+1 24
+3 30

fl=(104)
fn=(368)
29 2
fi=(93) /usr/src/debug/glibc/glibc/debug/../sysdeps/x86_64/multiarch/ifunc-memmove.h
+27 2
+1 2
-1 2
+1 4
+3 6
+17 4
+8 4
+11 8
fe=(104)
-67 2

fl=(157)
fn=(558)
30 1
+1 5
-1 1
+3 5
cob=(3)
cfi=(154)
cfn=(560)
calls=1 -33 
* 36
+4 1
+1 1
-1 5
+1 3
+2 2

fl=(285) /usr/src/debug/glibc/glibc/stdlib/grouping.c
fn=(1436) __correctly_grouped_prefixmb
54 22
+1 22
+1 11
185 33

fl=(127)
fn=(436)
32 1
fi=(110)
+17 2
+1 4
+8 4
fe=(127)
-26 1

fl=(133)
fn=(460)
29 7
fi=(88)
+27 7
+1 7
-1 7
+1 14
+3 21
+17 14
+8 14
+11 28
fe=(133)
-67 7

fl=(99)
fn=(354)
29 2
fi=(91)
+13 4
+1 8
+3 10
fe=(99)

fl=(194)
fn=(684)
26 60
+7 10
-7 40
+3 10
cob=(3)
cfi=(154)
cfn=(686)
calls=10 -29 
* 160
+3 10
-3 10
+3 10
+1 10
+7 48
+1 96
-8 48
+2 96
cob=(3)
cfi=(154)
cfn=(686)
calls=48 -35 
* 768
* 20
cob=(3)
cfi=(154)
cfn=(686)
calls=10 -35 
* 160
* 58
+2 312
cfi=(158)
cfn=(690)
calls=49 -37 
* 1048
* 98
+8 10
+1 10
+1 80

fl=(449)
fn=(4866)
27 3

fl=(263)
fn=(1326) hack_digit
91 1244
-3 390
+5 390
+2 390
-7 780
+7 390
-2 780
+8 22
+21 24
cfi=(158)
cfn=(1318)
calls=6 0 
* 274
+1 18
+1 20
+4 24
-23 66
cfi=(283)
cfn=(1406)
calls=11 -60 
* 678
+2 11
-2 11
+2 33
+3 11
-2 11
+2 11
+1 49
+1 5
-1 27
+11 6
+5 12
-32 758
+1 758
-1 758
+1 379
cfi=(158)
cfn=(1318)
calls=379 -96 
* 8551
+31 379
-31 758
+32 1516
-37 27
+36 27
-36 108
+27 5
-1 5
+11 20

fn=(1312) __printf_fp_buffer_1.isra.0
138 4140
+21 207
+18 207
+10 207
-28 1449
+62 414
1030 2691
226 621
+4 1242
+36 207
+5 207
-49 207
+44 828
+1 207
+1 207
+3 2898
+1 207
-1 207
+1 414
-1 207
+1 207
-1 207
+1 2691
+1 3105
+6 207
-6 414
+7 414
+17 9
+4 36
-4 18
+16 26
cfi=(158)
cfn=(936)
calls=1 0 
* 19
* 1
-19 1
+82 1
-52 1
+52 5
-82 8
+82 8
-52 8
+52 40
-7 9
-42 27
+42 9
-1 9
fi=(280)
29 9
cfi=(158)
cfn=(908)
calls=9 -29 
* 110
fe=(263)
385 47
+18 9
-7 220
-74 108
+72 108
-72 108
-4 108
+4 333
-4 9
+4 27
+14 16
+2 16
+31 16
-32 16
-13 32
+52 7
-1 21
cfi=(281)
cfn=(1400)
calls=7 48 
* 1836
+5 14
+1 14
-1 4
-1 4
+6 8
fi=(280)
29 14
fe=(263)
388 14
fi=(280)
29 7
cfi=(158)
cfn=(908)
calls=7 -29 
* 137
fe=(263)
389 7
+1 21
-1 7
+1 14
+1 14
-1 7
+1 7
+5 14
+1 18
+6 18
+4 4
+4 8
-4 4
+4 8
-4 32
+35 1
-3 3
+3 7
+16 2
+2 1
-2 1
cfi=(158)
cfn=(1320) __mpn_rshift
calls=1 0 
* 18
+3 2
-1 1
+1 4
cfi=(158)
cfn=(1320)
calls=1 0 
* 18
+2 9
665 1
+9 1
-9 1
+9 1
+6 1
-15 1
+9 4
+2 2
-11 206
+9 206
-9 206
+9 206
+6 206
-15 206
+9 824
+2 412
+16 207
-6 414
+20 1035
-12 207
+12 207
+1 414
+1 64
+13 54
+7 27
+3 27
-11 27
+11 27
-3 27
+3 54
-3 27
+10 27
-7 27
+7 54
-10 174
+3 174
-11 174
+11 174
-3 174
+3 348
-3 174
+10 174
-7 174
+7 348
+8 414
fi=(267) /usr/src/debug/glibc/glibc/stdio-common/../sysdeps/pthread/allocalim.h
27 207
fe=(263)
746 207
fi=(267)
27 207
cfi=(266) /usr/src/debug/glibc/glibc/nptl/alloca_cutoff.c
cfn=(1322) __libc_alloca_cutoff
calls=207 * 
* 2277
+2 414
fe=(263)
759 414
-67 207
+67 2277
fi=(267)
29 207
fe=(263)
759 621
+1 414
+3 478
+2 10
+4 20
cfn=(1326)
calls=5 91 
* 536
* 15
-3 20
+7 15
-7 700
+7 1065
+2 356
-4 178
+4 178
+14 356
-2 178
+1 712
+1 178
+1 356
-1 58
-2 29
+1 116
+1 29
+1 58
-1 1971
+1 12244
91 1971
792 1971
+2 1971
91 4368
+2 1951
+2 3902
-2 3902
+8 30
+4 90
cfi=(283)
cfn=(1406)
calls=15 -60 
* 1625
+2 15
-2 15
+2 45
+1 15
+2 30
+1 90
+11 30
+5 15
-5 15
cfi=(158)
cfn=(1318)
calls=15 0 
* 685
+1 30
+1 65
793 13
+1 26
-1 1938
+1 3876
+1 3260
230 1242
cfi=(265)
cfn=(1314)
calls=207 33 
* 4358
* 828
+4 207
382 9
91 940
793 20
+3 1023
+2 60
+1 160
95 1936
+1 3872
-1 5808
+1 1936
cfi=(158)
cfn=(1318)
calls=1936 -96 
* 42136
* 1936
+31 5808
790 216
+15 621
+1 621
cfn=(1326)
calls=207 91 
* 10498
+2 414
-2 207
+2 1242
+2 189
+3 122
+5 60
-1 60
+1 120
fi=(268) /usr/src/debug/glibc/glibc/stdio-common/../sysdeps/generic/get-rounding-mode.h
94 1242
+1 1656
fi=(269) /usr/src/debug/glibc/glibc/stdio-common/../include/rounding-mode.h
-43 588
+6 88
fe=(263)
935 120
-11 3520
+7 480
+1 110
+3 414
+2 18
+19 6
+1 30
+4 18
-4 5
+3 15
+2 10
-1 10
+1 10
-1 10
+9 25
+1 15
-1 5
+1 5
-1 5
+1 15
+1 20
+2 10
-4 5
+1 15
-1 5
+1 5
-1 5
+1 15
+1 20
+2 10
+1 24
+5 828
+3 414
+4 207
+9 207
-5 207
-3 207
+3 207
+5 207
-9 414
+19 414
fi=(270)
163 621
fe=(263)
1009 621
+13 828
cfi=(262)
cfn=(1306)
calls=207 27 
* 10460
+2 621
+4 414
+1 89
818 422
927 161
-1 161
-2 1199
483 396
655 498
+4 332
cfi=(158)
cfn=(1316)
calls=166 0 
* 2656
* 166
+1 830
+1 332
385 30
cfi=(282)
cfn=(1404)
calls=10 31 
* 205
+3 10
-3 25
830 174
+10 87
+15 87
-20 174
+5 174
-6 87
+1 174
+2 11
-2 22
+3 11
-3 218
+5 522
+2 174
+2 174
+80 174
-69 174
+80 87
-11 261
+63 414
+9 828
fi=(270)
163 621
fe=(263)
1001 414
766 1925
+3 350
cfn=(1326)
calls=175 91 
* 8429
* 6
cfn=(1326)
calls=3 91 
* 263
* 178
-3 1286
966 2
+9 2
809 78
707 350
+14 522
+1 348
-11 6
+20 12
-20 6
+3 18
+2 12
+15 36
308 9
-2 9
+2 9
-2 9
+2 18
-3 9
+3 18
-3 9
cfi=(158)
cfn=(1316)
calls=9 0 
* 144
+4 18
-4 9
+4 63
+1 18
-1 2
1003 414
810 6
-29 27
+2 27
669 27
781 27
+2 27
-1 27
+1 108
-9 726
-3 2
+3 4
499 96
cfi=(158)
cfn=(1316)
calls=32 0 
* 512
+1 160
+1 64
+2 32
+1 64
+7 32
-7 32
+7 64
+7 32
+7 32
-7 64
+1 64
-1 64
+1 16
cfi=(281)
cfn=(1400)
calls=4 48 
* 716
+8 64
+4 32
-4 96
+4 32
+1 32
-1 32
-4 32
+5 32
-1 64
+2 128
+2 64
+5 128
+22 84
+61 168
509 345
621 345
511 690
623 626
+2 50
+4 70
cfi=(158)
cfn=(1318)
calls=14 0 
* 462
+1 14
+1 14
-1 14
+1 28
+3 28
+2 14
-2 84
+9 28
+2 28
-1 14
+3 96
524 168
cfi=(281)
cfn=(1400)
calls=28 48 
* 3600
* 28
+18 8
+4 8
-2 4
+2 8
+16 4
-16 4
+16 8
+2 8
+1 1
+1 3
+5 3
-1 3
+1 6
-1 3
+6 9
+3 9
-3 39
+3 324
+1 24
+21 60
+13 12
-1 60
cfi=(158)
cfn=(1320)
calls=12 0 
* 716
* 45
cfi=(158)
cfn=(1320)
calls=15 0 
* 270
+3 81
+7 54
-53 28
+1 56
-1 28
+1 28
+4 69
+4 48
419 91
+1 1
+1 92
+1 2
994 621
+2 414
311 40
430 2
-1 4
+1 4
+4 8
+8 4
+10 4
+19 2
-1 10
cfi=(158)
cfn=(1320)
calls=2 0 
* 36
+4 4
-1 2
+1 8
cfi=(158)
cfn=(1320)
calls=2 0 
* 36
+3 4
+1 2
-1 2
+1 2
-1 8
897 410
579 20
-68 128
407 75
+6 2
+26 2
937 10
-13 4
642 14
cfi=(158)
cfn=(1320)
calls=14 0 
* 252
+3 28
-65 57
+10 114
+6 8
+1 4
-1 4
cfi=(158)
cfn=(1316)
calls=4 0 
* 240
+3 4
-3 4
+2 12
+1 4
+24 4
-24 4
-20 32
407 3
+6 6
-6 3
+32 2
-32 6

fn=(1308)
1099 2070
+3 207
-3 828
+3 414
+13 414
cob=(3)
cfi=(154)
cfn=(686)
calls=207 0 
* 3312
* 414
+1 828
+31 2277
fi=(264) /usr/src/debug/glibc/glibc/stdio-common/../include/../locale/localeinfo.h
330 414
fe=(263)
1111 207
fi=(264)
330 207
fe=(263)
1112 414
+5 414
+5 1449
cfn=(1312)
calls=207 138 
* 250157
+4 207

fl=(302)
fn=(1656)
113 90
+1 15
-1 45
+1 15
+1 30
+6 15
+17 60
cob=(1)
cfi=(56)
cfn=(180)
calls=15 258 
* 1096499
+7 15
-7 15
+5 15
+2 30
+53 120
-47 30
+5 30

fn=(1657)
113 144
+1 24
-1 72
+1 24
+1 48
+2 10
fi=(369) /usr/src/debug/glibc/glibc/dlfcn/./dlerror.h
-50 23
+8 4
cfi=(152)
cfn=(632)
calls=2 3137 
* 66
+1 6
fe=(302)
+55 10
-10 19
+17 76
cob=(1)
cfi=(56)
cfn=(181)
calls=19 258 
* 86919
* 20
cob=(1)
cfi=(56)
cfn=(181)
calls=5 258 
* 5140
+7 24
-7 24
+5 24
+2 48
+17 19
+6 8
cfi=(152)
cfn=(812)
calls=4 3101 
* 120
+1 12
+9 4
+8 4
+1 8
-2 4
+1 4
+2 4
+3 4
-15 4
+22 12
-12 1
+1 2
-2 1
+1 1
+2 1
+3 1
-15 1
+22 180
fi=(369)
67 3
-13 3
cob=(1)
cfi=(368)
cfn=(2830)
calls=1 -15 
* 9
fe=(302)
187 3
-36 46
+5 30
fi=(369)
54 15
cob=(1)
cfi=(368)
cfn=(2830)
calls=3 -15 
* 114
+19 9
fe=(302)
+81 4
-1 4
+1 4
cfi=(152)
cfn=(632)
calls=4 3137 
* 132
+2 8

fn=(2838)
33 4
+2 12
+4 6
+3 4
+5 4
+8 6
+5 4
+13 6
+7 2
+1 2
-1 2
+1 6
cfi=(370)
cfn=(2840)
calls=2 -35 
* 1184
+2 2
-2 18
cfi=(378)
cfn=(2862)
calls=2 -55 
* 3227
+5 6
+4 2
+2 4
+12 12
fi=(369)
-37 6
fe=(302)
+29 2
+1 2
-1 2
+2 2
fi=(369)
-44 6
cob=(1)
cfi=(368)
cfn=(2830)
calls=2 -15 
* 76
+19 2
fe=(302)

fl=(123)
fn=(420)
31 3
fi=(124) /usr/src/debug/glibc/glibc/wcsmbs/../sysdeps/x86_64/multiarch/ifunc-evex.h
+15 6
+1 12
+13 12
fe=(123)
-29 3

fl=(273)
fn=(1366) str_to_mpn.isra.0
367 153
+13 17
-13 34
+14 102
-4 17
-1 34
+52 22
+1 44
-14 88
+3 12
+7 6
+3 18
+3 12
-3 32
+3 32
-47 66
+49 68
+7 34
+2 51
+2 17
+1 34
+15 153

fn=(1370) round_and_return
215 136
fi=(276)
94 17
+1 17
+19 34
-19 34
+14 17
-14 102
fe=(273)
218 34
+97 34
-90 17
+93 34
+3 34
+2 7
fi=(277)
46 42
+6 14
fi=(284)
453 5
+1 5
-1 5
+2 5
fe=(273)
321 20
+2 10
-2 10
fi=(277)
46 60
fe=(273)
352 20
+5 51
+1 17
-1 17
+1 34
-1 17
cfi=(278)
cfn=(1376)
calls=17 30 
* 255
* 7
-3 21
+1 14
fi=(277)
52 20
fe=(273)
340 10
+17 30

fn=(1358)
510 616
+53 28
-53 112
+55 56
+24 28
-34 28
+42 28
+1 56
cob=(3)
cfi=(154)
cfn=(686)
calls=28 0 
* 448
* 28
+1 56
+10 28
-6 28
+6 28
+4 140
-1 112
+1 56
+3 56
-12 28
+17 56
+13 196
+1 56
+8 84
+48 56
+19 16
+24 16
516 8
734 8
+18 16
+25 24
-25 18
+25 63
+1 34
+12 34
+16 34
+42 34
+9 104
+1 42
+18 16
+6 8
+1 8
-1 16
+1 16
-1 8
+1 32
+5 1
+1 2
1769 364
803 12
-22 12
+22 12
-26 12
-36 96
+1 40
+12 22
-19 33
864 18
+1 9
+1 18
970 2
+31 2
-31 2
+31 2
-31 2
+30 2
+3 2
-2 2
+2 2
+2 6
-35 2
+55 11
+3 5
+3 3
+10 3
+3 30
+1 10
+2 20
+3 20
+33 28
691 100
516 20
710 60
516 40
712 40
-1 40
+24 60
-1 20
+2 20
-2 20
+2 100
+5 40
+8 18
+13 55
cfi=(285)
cfn=(1436)
calls=11 54 
* 88
+5 77
1048 11
767 11
1048 22
892 1
+5 3
-5 1
+10 2
+36 3
+2 1
+30 1
-79 1
+49 1
+30 4
-87 8
+1 68
1015 32
+2 36
+8 27
+19 21
+1 7
+5 23
+9 6
+2 9
+9 9
+1 12
+3 12
+4 3
+1 3
+98 20
-1 8
-1 8
+3 4
+1 4
+3 8
-3 4
+3 8
-4 13
+1 13
+3 26
-3 13
+3 26
+12 34
+3 34
1359 50
+18 20
+3 80
+13 10
-5 20
+10 80
+3 20
+3 10
-3 10
+3 50
+2 10
-2 10
+2 20
+13 10
-13 20
+6 40
+7 68
+7 10
+1 10
fi=(274)
29 20
fe=(273)
1427 10
-1 10
+1 30
fi=(274)
29 20
cfi=(158)
cfn=(1360)
calls=10 -29 
* 200
* 30
fe=(273)
1445 28
-3 7
+1 7
-24 14
+3 11
+2 22
+8 1
+1 1
-1 3
+1 1
-1 6
cfi=(281)
cfn=(1400)
calls=1 48 
* 69
+4 1
+1 2
-1 2
+1 1
+1 1
+1 1
-1 1
+1 1
+6 2
+2 30
+4 90
cfn=(1366)
calls=10 367 
* 598
+17 10
+31 10
-31 20
+3 10
-3 10
+3 10
-3 10
+3 20
+17 20
+2 20
1083 14
+94 26
-2 39
1025 35
1761 50
cfn=(1370)
calls=10 215 
* 716
* 10
1419 32
1008 5
+7 2
1200 98
cfn=(1366)
calls=7 367 
* 448
+6 7
+20 7
-26 7
+6 35
+45 14
-1 7
+1 28
+4 14
+6 14
+32 14
1497 10
+1 10
+1 60
fi=(275)
29 50
fe=(273)
1537 20
fi=(275)
29 10
fe=(273)
1537 30
fi=(275)
29 10
fe=(273)
1537 10
fi=(275)
29 10
fe=(273)
1537 158
cfi=(158)
cfn=(1316)
calls=4 0 
* 64
* 8
+4 64
-4 18
-62 60
cfi=(158)
cfn=(1316)
calls=10 0 
* 160
+1 50
cfi=(158)
cfn=(1316)
calls=10 0 
* 160
+1 30
-84 10
+5 20
879 2
fi=(274)
29 1
fe=(273)
1448 1
fi=(274)
29 3
cfi=(158)
cfn=(1360)
calls=1 -29 
* 20
* 1
fe=(273)
866 18
+1 18
+9 18
+6 9
+1 9
-1 18
+1 9
-16 6
+3 40
+1 10
-1 10
+1 40
+2 10
-7 10
+1 20
+6 5
-7 5
+1 28
+5 18
1296 49
+4 21
+8 7
-10 14
+10 35
cfi=(158)
cfn=(1316)
calls=7 0 
* 112
+4 14
+15 49
cfn=(1370)
calls=7 215 
* 490
* 7

fl=(116)
fn=(402)
31 2
fi=(117)
+18 4
+1 8
+8 10
fe=(116)

fl=(238) /usr/src/debug/glibc/glibc/csu/../sysdeps/nptl/libc_start_call_main.h
fn=(950) (below main)
30 6
+15 4
cfi=(158)
cfn=(952) _setjmp
calls=1 -45 
* 34
* 1
+2 2
+5 2
+1 2
+3 2
+3 5
cob=(8)
cfi=(229)
cfn=(958)
calls=1 -59 
* 41292793
+24 2
cfi=(434)
cfn=(4176)
calls=1 +64 
* 34932

fl=(352) /usr/src/debug/glibc/glibc/libio/iofgets.c
fn=(2112) fgets
32 58
+5 116
+2 116
-7 348
+15 464
+4 58
+1 58
+1 116
-1 58
+1 174
-2 58
+2 58
cfi=(353)
cfn=(2114)
calls=58 -20 
* 7344
+3 174
+7 116
fi=(356)
999 116
+1 522
fe=(352)
66 290
-10 116
+4 58
+1 58
+2 116
-16 174
+4 58
-4 116

fl=(371)
fn=(2842)
413 44
+6 4
+14 8
+4 16
+9 16
+4 4
-4 8
+4 4
cfi=(372)
cfn=(2844)
calls=4 23 
* 92
+3 8
cfi=(372)
cfn=(2844)
calls=4 23 
* 92
+19 4
-13 8
+10 4
+6 4
-5 4
+1 4
+1 4
+3 4
cfi=(374)
cfn=(2848)
calls=4 24 
* 24
+12 4
-12 4
+8 4
+4 4
cfi=(372)
cfn=(2844)
calls=4 23 
* 92
+2 16
cfi=(375)
cfn=(2850)
calls=4 372 
* 80
+2 4
-2 8
+2 4
cfi=(376)
cfn=(2852)
calls=4 30 
* 152
+2 8
+22 32
fi=(377) /usr/src/debug/glibc/glibc/intl/../include/../locale/localeinfo.h
222 24
fe=(371)
1408 4
cfi=(374)
cfn=(2848)
calls=4 24 
* 24
* 4
+32 20
556 8
cob=(3)
cfi=(154)
cfn=(686)
calls=4 0 
* 64
+1 4
-1 8
+1 4
cob=(3)
cfi=(154)
cfn=(686)
calls=4 0 
* 64
* 8
cfi=(152)
cfn=(812)
calls=4 3101 
* 120
* 4
+2 8
+3 12
cfi=(158)
cfn=(2858) __stpcpy_avx2
calls=4 0 
* 92
* 4
fi=(484) /usr/src/debug/glibc/glibc/intl/../string/bits/string_fortified.h
45 12
fe=(371)
562 4
fi=(484)
45 4
cfi=(158)
cfn=(2860)
calls=4 -45 
* 68
fe=(371)
567 4
-5 4
+5 4
cob=(3)
cfi=(154)
cfn=(686)
calls=4 0 
* 64
* 8
cfi=(152)
cfn=(812)
calls=4 3101 
* 104
* 4
+1 12
+8 12
+2 8
730 8
cfi=(152)
cfn=(632)
calls=4 3137 
* 16
+1 8
cfi=(152)
cfn=(632)
calls=4 3137 
* 132
+1 8
cfi=(152)
cfn=(632)
calls=4 3137 
* 132
+1 8
cfi=(376)
cfn=(2852)
calls=4 30 
* 152
+2 8
cfi=(376)
cfn=(2852)
calls=4 30 
* 152
+15 12
+4 12
442 20
755 28
589 16
+2 12
-1 12
+6 4
-4 4
+4 12
+7 8
-73 12
+74 12

fl=(126)
fn=(430)
29 6

fn=(444)
29 2
fi=(91)
+13 4
+1 8
+3 10
fe=(126)

fl=(136)
fn=(468)
29 15

fl=(158)
fn=(936)
0 210474

fn=(952)
0 3
cfn=(954) __sigsetjmp
calls=1 0 
0 31

fn=(1412)
0 786

fn=(2106)
0 126

fn=(2858)
0 92

fn=(3016)
0 42

fn=(1304)
0 8056

fn=(1360)
0 490

fn=(1320)
0 1346

fn=(1402)
0 1136

fn=(1318)
0 54617

fn=(1434)
0 344

fn=(562)
0 90

fn=(690)
0 10062

fn=(1002)
0 15005

fn=(3042)
0 4

fn=(3290)
0 99

fn=(688)
0 36352

fn=(908)
0 258873

fn=(1316)
0 4160

fn=(2860)
0 936

fn=(954)
0 25
cfi=(239) /usr/src/debug/glibc/glibc/setjmp/sigjmp.c
cfn=(956) __sigjmp_save
calls=1 28 
0 6

fn=(3012)
0 32

fn=(806)
0 19400

fn=(1408)
0 72

fn=(1748)
0 97

fn=(1930)
0 35

fl=(266)
fn=(1322)
27 207
+1 1863
+7 207

fl=(105)
fn=(372)
29 1
fi=(93)
+27 1
+1 1
-1 1
+1 2
+3 3
+17 2
+8 2
+11 4
fe=(105)
-67 1

fl=(83)
fn=(322)
86 1
fi=(84) /usr/src/debug/glibc/glibc/string/../sysdeps/x86/cacheinfo.h
-24 1
+3 3
+2 1
+1 1
-1 2
+7 3
+2 1
+1 1
-1 2
+5 2
+3 2
+2 2
+1 2
+1 2
+2 2
fe=(83)
-4 2

fl=(193)
fn=(680)
49 128
+2 512
+3 128

fl=(301)
fn=(1654)
77 2
+1 6
-9 1
-2 1
+4 1
-3 1
+3 2
-2 1
+2 1
cfi=(302)
cfn=(1656)
calls=1 +42 
* 1088983
* 3
+11 6

fn=(1655)
77 20
+1 60
-9 10
-2 10
+4 10
-3 10
+3 20
-2 10
+2 10
cfi=(302)
cfn=(1657)
calls=10 +42 
* 83414
* 30
+11 60

fn=(1658)
48 2
+3 3
+5 4
+2 1
-2 12
cob=(1)
cfi=(303)
cfn=(1660)
calls=1 813 
* 1088831
* 1
+4 4

fn=(1659)
48 20
+3 30
+5 40
+2 10
-2 120
cob=(1)
cfi=(303)
cfn=(1661)
calls=10 813 
* 81566
* 7
+4 28
-4 9

fl=(366)
fn=(2388)
24 16
+5 32
+1 48
+24 16
+1 32
+4 60
+5 32

fl=(394)
fn=(3030)
215 2
+1 2
cfn=(3032) read_sysfs_file
calls=1 -77 
* 421
+1 2
+5 2

fn=(3032)
139 1
+9 1
-9 5
+9 1
cfi=(395)
cfn=(3034)
calls=1 28 
* 24
+3 2
+39 7
72 6
cfi=(396)
cfn=(3036)
calls=1 -47 
* 6
+1 2
+5 4
-2 1
+2 2
cob=(3)
cfi=(154)
cfn=(2144)
calls=1 -78 
* 21
+1 3
+26 4
+45 1
+3 3
+28 1
-1 1
+1 2
+3 2
-26 4
cfi=(256)
cfn=(1226)
calls=1 -33 
* 133
+1 1
-1 1
+1 2
+7 2
+12 3
+3 5
+5 2
cfi=(397)
cfn=(3038)
calls=1 25 
* 4
* 2
-18 1
+1 4
cfi=(256)
cfn=(1226)
calls=1 -44 
* 148
+1 3
+7 3
-75 1
+1 2

fl=(92)
fn=(340)
29 2
fi=(93)
+27 2
+1 2
-1 2
+1 4
+3 6
+17 4
+8 4
+11 8
fe=(92)
-67 2

fl=(245)
fn=(982)
26 2
+1 1
cfi=(243)
cfn=(984)
calls=1 289 
* 45
+1 2

fl=(336)
fn=(1974)
64 46
+1 138
+3 23
-20 46
-1 23
+5 23
-3 23
+3 92
cfi=(304)
cfn=(1662)
calls=23 +19 
* 673
+2 69
cfi=(302)
cfn=(1656)
calls=12 +59 
* 7633
cfi=(302)
cfn=(1657)
calls=11 +59 
* 9367
* 23
+2 23
-2 69
+2 23
cfi=(305)
cfn=(1676)
calls=23 357 
* 477
+13 138

fn=(1976)
37 69
+3 92
cfi=(337)
cfn=(1978)
calls=23 194 
* 13815
* 21
+1 42

fl=(113)
fn=(398)
29 1
fi=(110)
+20 2
+1 4
+8 5
fe=(113)

fn=(392)
29 9
fi=(114) /usr/src/debug/glibc/glibc/string/../sysdeps/x86_64/multiarch/ifunc-memset.h
+32 45
+3 9
+3 18
-3 18
+20 18
+8 18
-40 9
+1 18
fi=(115) /usr/src/debug/glibc/glibc/string/../sysdeps/x86_64/multiarch/memset.c
-24 9
fe=(113)

fl=(239)
fn=(956)
28 1
+2 2
-1 1
+5 2

fl=(172)
fn=(618)
136 227
+3 227
+1 454
+4 450
-8 2
+7 2
cfn=(620) __pthread_once_slow.isra.0
calls=2 -76 
* 80408
+1 6

fn=(619)
136 1
+3 1
+1 2
-4 1
+7 1
cfn=(621) __pthread_once_slow.isra.0'2
calls=1 -76 
* 5473
+1 3

fn=(620)
67 16
+9 2
+4 4
+52 12
-44 4
+4 4
+4 4
+18 28
cfi=(173)
cfn=(622)
calls=2 -89 
* 14
+2 4
cob=(7)
cfi=(333)
cfn=(1862)
calls=1 -64 
* 80194
cob=(7)
cfi=(170)
cfn=(624)
calls=1 +92 
* 84
+2 6
cfi=(173)
cfn=(634)
calls=2 -78 
* 12
fi=(176) /usr/src/debug/glibc/glibc/nptl/../sysdeps/nptl/futex-internal.h
+71 8
fe=(172)
-65 4
fi=(176)
+65 8
fe=(172)

fn=(621)
67 8
+9 1
+4 2
+52 6
-44 2
+4 2
+4 2
+18 14
cfi=(173)
cfn=(622)
calls=1 -89 
* 7
+2 2
cob=(7)
cfi=(333)
cfn=(1863)
calls=1 -64 
* 5408
+2 3
cfi=(173)
cfn=(634)
calls=1 -78 
* 6
fi=(176)
+71 4
fe=(172)
-65 2
fi=(176)
+65 4
fe=(172)

fl=(230)
fn=(872)
242 12
+81 2
+1 4
cfi=(209)
cfn=(776)
calls=1 67 
* 66
+25 6
+6 2
-3 2
+10 2
cob=(1)
cfi=(53)
cfn=(948)
calls=1 118 
* 5
+2 2
+8 4
cfi=(238)
cfn=(950)
calls=1 30 
* 41327785
127 2
+6 3
+1 6
cob=(3)
cfi=(154)
cfn=(874)
calls=1 0 
* 7
+3 1
+1 2
+3 3
+2 2
-1 8
+2 4
cob=(8)
cfi=(229)
cfn=(884)
calls=1 0 
* 9896
* 4
cob=(8)
cfi=(229)
cfn=(878)
calls=1 0 
* 12
-1 7

fl=(431)
fn=(4042)
25 80
+3 32
+1 112
+5 80

ob=(11)
fl=(335)
fn=(2324) 0x000000000000ffd0
0 8
cfn=(2316) 0x000000000000fef0
calls=1 0 
0 678
0 28
cfn=(2316)
calls=2 0 
0 1356
0 6

fn=(1954)
0 12

fn=(2046) 0x000000000000bfc0
0 17
cob=(2)
cfi=(218)
cfn=(802)
calls=1 25 
0 708
0 10

fn=(4296)
0 91
cob=(2)
cfi=(326)
cfn=(1798)
calls=5 23 
0 15
0 167

fn=(2506) 0x00000000000035a0
0 21

fn=(2520) 0x0000000000002880
0 267

fn=(4842)
0 9
cob=(2)
cfi=(441)
cfn=(4674)
calls=1 45 
0 94
0 1
cfn=(4850) 0x0000000000002090
calls=1 0 
0 5
0 3

fn=(2016) 0x000000000000cb40
0 141
cob=(2)
cfi=(366)
cfn=(2388)
calls=5 24 
0 79
0 129
cfn=(2742) 0x00000000000075b0
calls=1 0 
0 35
0 46
cfn=(2394) 0x000000000000aa80
calls=1 0 
0 1149
0 8
cfn=(2402) 0x000000000000a670
calls=1 0 
0 714
0 139
cfn=(2020) 0x000000000000c1c0
calls=1 0 
0 127543
0 2

fn=(4386) 0x000000000000f650
0 8
cob=(2)
cfi=(366)
cfn=(2388)
calls=1 24 
0 17
0 5
cfn=(4392) 0x0000000000007930
calls=1 0 
0 1539
0 16

fn=(2742)
0 103

fn=(4850)
0 5

fn=(2316)
0 16
cob=(2)
cfi=(218)
cfn=(802)
calls=4 25 
0 2668
0 28

fn=(4414) 0x0000000000004420
0 140

fn=(2642) 0x000000000000a440
0 309

fn=(2278) 0x0000000000012e70
0 35
cfn=(2316)
calls=1 0 
0 678
0 2
cfn=(2324)
calls=1 0 
0 2076
0 1595
cob=(2)
cfi=(304)
cfn=(1662)
calls=1 71 
0 35
0 6
cob=(2)
cfi=(326)
cfn=(1798)
calls=1 23 
0 3
0 10
cob=(2)
cfi=(305)
cfn=(1676)
calls=1 357 
0 26
0 6
cob=(2)
cfi=(321)
cfn=(1778)
calls=1 24 
0 4
0 5
cob=(2)
cfi=(322)
cfn=(1782)
calls=1 24 
0 10
0 6
cob=(2)
cfi=(323)
cfn=(1786)
calls=1 53 
0 39
0 4
cob=(2)
cfi=(325)
cfn=(1792)
calls=1 23 
0 3
0 5

fn=(4392)
0 41
cfn=(4406) 0x0000000000004d40
calls=1 0 
0 219
0 164
cfn=(2572) 0x00000000000035f0
calls=3 0 
0 788
0 154
cob=(2)
cfi=(326)
cfn=(1798)
calls=1 23 
0 3
0 6
cob=(2)
cfi=(367)
cfn=(2708)
calls=1 25 
0 22
0 26
cfn=(4414)
calls=3 0 
0 105
0 11

fn=(2410) 0x0000000000009420
0 48
cfn=(2412) 0x0000000000004330
calls=3 0 
0 301
0 55
cfn=(2506)
calls=3 0 
0 21
0 108
cfn=(2520)
calls=3 0 
0 267
0 192
cfn=(2572)
calls=3 0 
0 438
0 3

fn=(2470) 0x0000000000003c30
0 85

fn=(2578) 0x0000000000002ce0
0 213
cfn=(4476) 0x0000000000002a70
calls=1 0 
0 59
0 66

fn=(2770) 0x0000000000004c00
0 38

fn=(1960)
0 5
cob=(2)
cfi=(301)
cfn=(1655)
calls=1 77 
0 1852
0 4
cob=(2)
cfi=(209)
cfn=(776)
calls=1 67 
0 66
0 3

fn=(4218)
0 38
cob=(2)
cfi=(326)
cfn=(1798)
calls=2 23 
0 6
0 80

fn=(4382)
0 9
cfn=(4386)
calls=1 0 
0 1585
0 1
cfn=(4542) 0x000000000000fb50
calls=1 0 
0 1696
0 31
cob=(2)
cfi=(304)
cfn=(1662)
calls=1 71 
0 35
0 2
cfn=(4582) 0x0000000000012a80
calls=1 0 
0 27
0 2
cob=(2)
cfi=(305)
cfn=(1676)
calls=1 357 
0 26
0 15

fn=(2402)
0 52
cob=(2)
cfi=(366)
cfn=(2388)
calls=4 24 
0 62
0 60
cfn=(2410)
calls=3 0 
0 1433
0 137
cfn=(2770)
calls=2 0 
0 38
0 65
cob=(2)
cfi=(326)
cfn=(1798)
calls=4 23 
0 12
0 171
cfn=(2642)
calls=3 0 
0 187
0 4
cfn=(2642)
calls=2 0 
0 122
0 54

fn=(4406)
0 16
cfn=(2572)
calls=1 0 
0 146
0 12
cfn=(4414)
calls=1 0 
0 35
0 10

fn=(2394)
0 116
cob=(2)
cfi=(326)
cfn=(1798)
calls=1 23 
0 3
0 5
cob=(2)
cfi=(367)
cfn=(2708)
calls=1 25 
0 23
0 46
cob=(2)
cfi=(158)
cfn=(936)
calls=1 0 
0 64
0 9
cfn=(2402)
calls=1 0 
0 880
0 3

fn=(2440) 0x00000000000023c0
0 29

fn=(2608) 0x0000000000003080
0 238

fn=(4582)
0 27

fn=(2412)
0 32
cfn=(2420) 0x0000000000003d90
calls=1 0 
0 259
0 10

fn=(2420)
0 70
cfn=(2470)
calls=1 0 
0 85
0 20
cob=(2)
cfi=(255)
cfn=(1220)
calls=1 25 
0 4
0 15
cob=(2)
cfi=(343)
cfn=(2062)
calls=1 47 
0 23
0 11
cfn=(2440)
calls=1 0 
0 29
0 2

fn=(3084)
0 6
cfn=(3086) 0x000000000000d450
calls=2 0 
0 1100
0 12

fn=(3086)
0 50
cob=(2)
cfi=(366)
cfn=(2388)
calls=2 24 
0 34
0 60
cfn=(2742)
calls=2 0 
0 68
0 27
cfn=(2402)
calls=2 0 
0 803
0 58

fn=(2014)
0 60
cfn=(2016)
calls=5 0 
0 129985
0 30

fn=(2020)
0 35
cob=(2)
cfi=(326)
cfn=(1798)
calls=1 23 
0 3
0 4
cob=(2)
cfi=(339)
cfn=(2030)
calls=1 32 
0 48
0 13
cob=(2)
cfi=(329)
cfn=(1822)
calls=1 25 
0 28
0 10
cfn=(2046)
calls=1 0 
0 735
0 8
cob=(2)
cfi=(255)
cfn=(1220)
calls=1 25 
0 4
0 9
cob=(2)
cfi=(343)
cfn=(2062)
calls=1 47 
0 23
0 22
cob=(2)
cfi=(158)
cfn=(936)
calls=1 0 
0 16339
0 21
cob=(2)
cfi=(158)
cfn=(936)
calls=1 0 
0 16339
0 10
cob=(2)
cfi=(158)
cfn=(936)
calls=2 0 
0 32678
0 69
cob=(2)
cfi=(344)
cfn=(2078)
calls=1 85 
0 618
0 10
cob=(2)
cfi=(352)
cfn=(2112)
calls=1 32 
0 678
0 220
cob=(2)
cfi=(352)
cfn=(2112)
calls=55 32 
0 9174
0 594
cob=(2)
cfi=(358)
cfn=(2154)
calls=52 24 
0 18156
0 387
cob=(2)
cfi=(358)
cfn=(2154)
calls=56 24 
0 20076
0 122
cob=(2)
cfi=(363)
cfn=(2190)
calls=1 34 
0 488
0 4
cob=(2)
cfi=(344)
cfn=(2078)
calls=1 85 
0 420
0 7
cob=(2)
cfi=(352)
cfn=(2112)
calls=1 32 
0 467
0 7
cob=(2)
cfi=(358)
cfn=(2154)
calls=1 24 
0 705
0 4
cob=(2)
cfi=(363)
cfn=(2190)
calls=1 34 
0 386
0 12
cob=(2)
cfi=(344)
cfn=(2078)
calls=1 85 
0 420
0 7
cob=(2)
cfi=(352)
cfn=(2112)
calls=1 32 
0 621
0 7
cob=(2)
cfi=(358)
cfn=(2154)
calls=1 24 
0 1103
0 4
cob=(2)
cfi=(363)
cfn=(2190)
calls=1 34 
0 440
0 34
cfn=(2278)
calls=1 0 
0 4548
0 2
cob=(2)
cfi=(218)
cfn=(802)
calls=1 25 
0 700
0 17
cob=(2)
cfi=(218)
cfn=(802)
calls=1 25 
0 700
0 7

fn=(4476)
0 236

fn=(2572)
0 168
cfn=(4476)
calls=3 0 
0 177
0 185
cfn=(2578)
calls=7 0 
0 338
0 168
cfn=(2608)
calls=7 0 
0 238
0 98

fn=(4542)
0 1616
cob=(2)
cfi=(304)
cfn=(1662)
calls=1 71 
0 35
0 6
cob=(2)
cfi=(326)
cfn=(1798)
calls=1 23 
0 3
0 10
cob=(2)
cfi=(305)
cfn=(1676)
calls=1 357 
0 26

ob=(4)
fl=(155)
fn=(550)
0 12

fn=(4692)
0 9
cob=(2)
cfi=(441)
cfn=(4674)
calls=1 45 
0 94
0 1
cfn=(4700) 0x0000000000001020
calls=1 0 
0 5
0 3

fn=(4700)
0 5

ob=(6)
fl=(405)
fn=(3126)
22 6
+1 24
+4 4
-3 6
cfi=(165)
cfn=(3128) __scalbnl
calls=2 -24 
* 14
+1 28

fl=(426)
fn=(3930)
33 51
+9 51
+1 51
+1 51
-1 51
+1 51
-1 51
+1 51
-1 51
+5 102
+2 102
+1 153
+27 102

fl=(428)
fn=(3986)
23 342
+4 342
-4 342
+4 342
+2 342
+2 684

fl=(165)
fn=(3114) __expl_finite@GLIBC_2.15
0 1094

fn=(3128)
0 14

fn=(4824) btree_destroy
0 30

fn=(4826)
0 9
cob=(2)
cfi=(441)
cfn=(4674)
calls=1 45 
0 94
0 1
cfn=(4834) 0x0000000000011410
calls=1 0 
0 5
0 3

fn=(588)
0 12

fn=(4822)
0 4
cfn=(4824)
calls=1 0 
0 15
0 2
cfn=(4824)
calls=1 0 
0 15
0 3

fn=(4834)
0 5

fl=(404)
fn=(3122)
30 1
+2 1
+1 3
+3 4
+4 1
-2 1
+2 1
-1 1
+1 3
+1 1

fl=(427)
fn=(3964)
287 190
fi=(424) /usr/src/debug/glibc/glibc/math/../sysdeps/ieee754/dbl-64/math_config.h
113 380
fe=(427)
-68 760
296 190
45 190
296 570
-8 190
+8 760
61 190
+5 190
+10 190
+11 190
-26 190
+50 380
-49 190
+1 190
+49 190
-23 190
-27 190
+1 190
+8 190
-5 190
+5 760
-7 190
+23 190
+2 190
-25 380
+12 380
+18 190
+17 380
-23 190
+2 380
+5 190
+1 190
+4 190
-1 190
+13 190
-11 190
+11 190
-11 190
+11 950
+1 190
-1 190
373 190
fi=(424)
113 190
fe=(427)
-68 380
197 190
+1 570
-84 189
374 189
229 189
+18 189
114 189
374 189
229 567
fi=(424)
113 189
fe=(427)
231 189
+2 189
+4 189
+1 189
-5 189
+4 189
+1 189
-1 189
+4 189
-6 189
+12 567
-3 189
+3 756
+1 378
fi=(424)
125 189
fe=(427)
253 378
-52 2
+4 1
+1 2
384 1

fl=(403)
fn=(3112)
30 48
+4 72
cfi=(165)
cfn=(3114)
calls=24 -34 
* 1094
+1 336
+6 48

fl=(423)
fn=(3790)
98 34799
fi=(424)
+15 34799
fe=(423)
-25 69598
+15 34799
+1 104397
+30 137824
+16 34456
fi=(424)
-37 34456
fe=(423)
+23 34456
+14 34456
-12 34456
+2 34456
+1 34456
-3 34456
+2 34456
+1 34456
+9 34456
-10 34456
+10 34456
-6 34456
+3 34456
+3 137824
+1 68912
fi=(424)
-26 34456
fe=(423)
+31 68912
-49 686
+3 686

fl=(425)
fn=(3822)
49 7759
+11 7759
fi=(424)
+53 7759
fe=(425)
-53 31036
-21 15416
+45 23124
+17 7708
+4 7708
+13 7708
-5 7708
-12 7708
+20 7708
+8 7708
-27 7708
+27 7708
-27 7708
+3 30832
-1 15416
-1 7708
+1 7708
+14 7708
+3 7708
-8 15416
+16 7708
-7 7708
+4 7708
-3 15416
+6 53956
+1 7708
-66 153
+2 50
+3 50
+1 50
-1 50
+1 100
-3 50
+3 50
-1 50
+1 50
-2 50
+2 150
+4 50
-4 50
+4 150
+2 100
-1 50
+2 100
+1 50
+1 50
-1 50
+1 50
+1 100
+1 50
+1 50
-17 1
+66 1

totals: 44114506
