# callgrind format
version: 1
creator: callgrind-3.23.0
pid: 87485
cmd:  external/walnutpie/build_e27/examples/stan_cli scratch/w32/patched_build/kronecker_gp_model.so data/kronecker_gp.json --seed 20260819 --init-file inits_w27/kronecker_gp/rep0/chain_0.txt --warmup 100 --samples 50 --metric-window 50 --output results/profile/w32/patched/draws.csv
part: 1


desc: I1 cache: 
desc: D1 cache: 
desc: LL cache: 

desc: Timerange: Basic block 0 - 3370067712
desc: Trigger: Program termination

positions: line
events: Ir
summary: 23676607638


ob=(6) /usr/lib/libm.so.6
fl=(6) ???
fn=(11314) exp
0 178535252

fn=(11470) log
0 241513752

fn=(11736) 0x00000000000753c0
0 222021

fn=(10174) __sqrtl_finite
0 4

fn=(11650) 0x000000000001037d
0 766200

fn=(10136) __expl_finite
0 1141

fn=(10148) ldexpl
0 40
cfn=(10150) 0x0000000000046380
calls=2 0 
0 14
0 28

fn=(10150)
0 14

fn=(13500) 0x0000000000011390
0 30

fn=(10670) pow
0 584005453

fn=(11320) tanh
0 129854914
cfn=(11736)
calls=2741 0 
0 222021
0 123354322

fn=(13498) 0x00000000000113e0
0 4
cfn=(13500)
calls=1 0 
0 15
0 2
cfn=(13500)
calls=1 0 
0 15
0 3

fn=(13510) 0x0000000000011480
0 9
cob=(2) /usr/lib/libc.so.6
cfi=(2) ???
cfn=(13332) __cxa_finalize
calls=1 0 
0 94
0 1
cfn=(13518) 0x0000000000011410
calls=1 0 
0 5
0 3

fn=(10144) frexpl
0 17

fn=(12432) fmax
0 1820

fn=(13518)
0 5

fn=(11338) log1p
0 261735716

fn=(4194) 0x00000000000114d0
0 12

fn=(10134) expl
0 125
cfn=(10136)
calls=25 0 
0 1141
0 400

fn=(10172) sqrtl
0 9
cfn=(10174)
calls=1 0 
0 4

fn=(10160) logl
0 32

fn=(11636) cosh
0 76620
cfn=(11650)
calls=5108 0 
0 383100
0 40864
cfn=(11650)
calls=5108 0 
0 383100
0 208561828

fn=(11704) lround
0 1313

ob=(4) /home/m0hawk/vginstall/libexec/valgrind/vgpreload_core-amd64-linux.so
fl=(4) ???
fn=(13368) 0x00000000000010b0
0 9
cob=(2)
cfi=(2)
cfn=(13332)
calls=1 0 
0 94
0 1
cfn=(13376) 0x0000000000001040
calls=1 0 
0 5
0 3

fn=(13376)
0 4

ob=(6)
fl=(6)
fn=(11704)
0 505

ob=(4)
fl=(4)
fn=(13376)
0 1

fn=(4102) 0x0000000000001100
0 12

ob=(12) /home/m0hawk/Documents/apin/stan/scratch/w32/patched_build/kronecker_gp_model.so
fl=(24) ???
fn=(10326) boost::re_detail_500::cpp_regex_traits_implementation<char>::transform[abi:cxx11](char const*, char const*) const
0 57
cob=(7) /usr/lib/libstdc++.so.6.0.36
cfi=(7) ???
cfn=(10328) std::__cxx11::collate<char>::do_transform(char const*, char const*) const
calls=3 0 
0 762
0 54
cob=(7)
cfi=(7)
cfn=(10358) std::__cxx11::basic_string<char, std::char_traits<char>, std::allocator<char> >::reserve(unsigned long)
calls=3 0 
0 42
0 3
0 33
cob=(7)
cfi=(7)
cfn=(10362) std::__cxx11::basic_string<char, std::char_traits<char>, std::allocator<char> >::_M_replace_aux(unsigned long, unsigned long, unsigned long, char)
calls=3 0 
0 132
0 3
0 18
cob=(7)
cfi=(7)
cfn=(10362)
calls=3 0 
0 132
0 3
0 117

fn=(9806) std::_Hashtable<std::thread::id, std::pair<std::thread::id const, std::unique_ptr<stan::math::AutodiffStackSingleton<stan::math::vari_base, stan::math::chainable_alloc>, std::default_delete<stan::math::AutodiffStackSingleton<stan::math::vari_base, stan::math::chainable_alloc> > > >, std::allocator<std::pair<std::thread::id const, std::unique_ptr<stan::math::AutodiffStackSingleton<stan::math::vari_base, stan::math::chainable_alloc>, std::default_delete<stan::math::AutodiffStackSingleton<stan::math::vari_base, stan::math::chainable_alloc> > > > >, std::__detail::_Select1st, std::equal_to<std::thread::id>, std::hash<std::thread::id>, std::__detail::_Mod_range_hashing, std::__detail::_Default_ranged_hash, std::__detail::_Prime_rehash_policy, std::__detail::_Hashtable_traits<false, false, true> >::_M_insert_unique_node(unsigned long, unsigned long, std::__detail::_Hash_node<std::pair<std::thread::id const, std::unique_ptr<stan::math::AutodiffStackSingleton<stan::math::vari_base, stan::math::chainable_alloc>, std::default_delete<stan::math::AutodiffStackSingleton<stan::math::vari_base, stan::math::chainable_alloc> > > >, false>*, unsigned long)
0 34
cob=(7)
cfi=(7)
cfn=(9810) std::__detail::_Prime_rehash_policy::_M_need_rehash(unsigned long, unsigned long, unsigned long) const
calls=2 0 
0 114
0 2
0 40
cob=(7)
cfi=(7)
cfn=(4902) operator new(unsigned long)
calls=2 0 
0 84
0 2
0 10
cob=(2)
cfi=(2)
cfn=(4952) 0x00000000001b2800
calls=2 0 
0 38
0 2
0 58

fn=(10234) stan::json::json_data::json_data(std::istream&)
0 77
cfn=(10236) void stan::json::rapidjson_parse<stan::json::json_data_handler>(std::istream&, stan::json::json_data_handler&)
calls=1 0 
0 2303405
0 7
cob=(7)
cfi=(7)
cfn=(5084) operator delete(void*, unsigned long)
calls=1 0 
0 37
0 1
0 6
cob=(7)
cfi=(7)
cfn=(5084)
calls=1 0 
0 166
0 1
0 9
cfn=(10604) std::_Rb_tree<std::__cxx11::basic_string<char, std::char_traits<char>, std::allocator<char> >, std::pair<std::__cxx11::basic_string<char, std::char_traits<char>, std::allocator<char> > const, bool>, std::_Select1st<std::pair<std::__cxx11::basic_string<char, std::char_traits<char>, std::allocator<char> > const, bool> >, std::less<std::__cxx11::basic_string<char, std::char_traits<char>, std::allocator<char> > >, std::allocator<std::pair<std::__cxx11::basic_string<char, std::char_traits<char>, std::allocator<char> > const, bool> > >::_M_erase(std::_Rb_tree_node<std::pair<std::__cxx11::basic_string<char, std::char_traits<char>, std::allocator<char> > const, bool> >*) [clone .isra.0]
calls=2 0 
0 186
0 16
cob=(7)
cfi=(7)
cfn=(5084)
calls=2 0 
0 74
0 2
0 16
cfn=(10606) std::_Rb_tree<std::__cxx11::basic_string<char, std::char_traits<char>, std::allocator<char> >, std::pair<std::__cxx11::basic_string<char, std::char_traits<char>, std::allocator<char> > const, stan::json::array_dims>, std::_Select1st<std::pair<std::__cxx11::basic_string<char, std::char_traits<char>, std::allocator<char> > const, stan::json::array_dims> >, std::less<std::__cxx11::basic_string<char, std::char_traits<char>, std::allocator<char> > >, std::allocator<std::pair<std::__cxx11::basic_string<char, std::char_traits<char>, std::allocator<char> > const, stan::json::array_dims> > >::_M_erase(std::_Rb_tree_node<std::pair<std::__cxx11::basic_string<char, std::char_traits<char>, std::allocator<char> > const, stan::json::array_dims> >*) [clone .isra.0]
calls=2 0 
0 162
0 14
cob=(7)
cfi=(7)
cfn=(5084)
calls=2 0 
0 232
0 2
0 12
cob=(7)
cfi=(7)
cfn=(5084)
calls=2 0 
0 232
0 2
0 14
cob=(7)
cfi=(7)
cfn=(5084)
calls=2 0 
0 74
0 2
0 13
cfn=(10608) std::_Rb_tree<std::__cxx11::basic_string<char, std::char_traits<char>, std::allocator<char> >, std::pair<std::__cxx11::basic_string<char, std::char_traits<char>, std::allocator<char> > const, int>, std::_Select1st<std::pair<std::__cxx11::basic_string<char, std::char_traits<char>, std::allocator<char> > const, int> >, std::less<std::__cxx11::basic_string<char, std::char_traits<char>, std::allocator<char> > >, std::allocator<std::pair<std::__cxx11::basic_string<char, std::char_traits<char>, std::allocator<char> > const, int> > >::_M_erase(std::_Rb_tree_node<std::pair<std::__cxx11::basic_string<char, std::char_traits<char>, std::allocator<char> > const, int> >*) [clone .isra.0]
calls=2 0 
0 186
0 16
cob=(7)
cfi=(7)
cfn=(5084)
calls=2 0 
0 74
0 2
0 13
cfn=(10608)
calls=2 0 
0 186
0 16
cob=(7)
cfi=(7)
cfn=(5084)
calls=2 0 
0 74
0 2
0 14
cob=(7)
cfi=(7)
cfn=(5084)
calls=1 0 
0 143
0 1
0 7

fn=(12602) bs_param_names
0 16

fn=(10378) boost::re_detail_500::cpp_regex_traits_implementation<char>::lookup_classname_imp(char const*, char const*) const
0 60
cfn=(10380) int boost::re_detail_500::get_default_class_id<char>(char const*, char const*)
calls=5 0 
0 975
0 50

fn=(10396) boost::re_detail_500::basic_regex_parser<char, boost::regex_traits<char, boost::cpp_regex_traits<char> > >::parse_set_literal(boost::re_detail_500::basic_char_set<char, boost::regex_traits<char, boost::cpp_regex_traits<char> > >&)
0 66
cfn=(10398) boost::re_detail_500::basic_regex_parser<char, boost::regex_traits<char, boost::cpp_regex_traits<char> > >::get_next_set_literal(boost::re_detail_500::basic_char_set<char, boost::regex_traits<char, boost::cpp_regex_traits<char> > >&)
calls=6 0 
0 180
0 121
cfn=(10398)
calls=5 0 
0 150
0 113
cfn=(10430) std::pair<std::_Rb_tree_iterator<boost::re_detail_500::digraph<char> >, bool> std::_Rb_tree<boost::re_detail_500::digraph<char>, boost::re_detail_500::digraph<char>, std::_Identity<boost::re_detail_500::digraph<char> >, std::less<boost::re_detail_500::digraph<char> >, std::allocator<boost::re_detail_500::digraph<char> > >::_M_insert_unique<boost::re_detail_500::digraph<char> const&>(boost::re_detail_500::digraph<char> const&) [clone .isra.0]
calls=1 0 
0 94
0 71
cfn=(10400) void std::vector<boost::re_detail_500::digraph<char>, std::allocator<boost::re_detail_500::digraph<char> > >::_M_realloc_append<boost::re_detail_500::digraph<char> const&>(boost::re_detail_500::digraph<char> const&)
calls=5 0 
0 652
0 31
cfn=(10400)
calls=2 0 
0 456
0 4

fn=(10436) std::_Rb_tree<boost::re_detail_500::digraph<char>, boost::re_detail_500::digraph<char>, std::_Identity<boost::re_detail_500::digraph<char> >, std::less<boost::re_detail_500::digraph<char> >, std::allocator<boost::re_detail_500::digraph<char> > >::_M_erase(std::_Rb_tree_node<boost::re_detail_500::digraph<char> >*) [clone .isra.0]
0 6

fn=(10450) boost::re_detail_500::basic_regex_creator<char, boost::regex_traits<char, boost::cpp_regex_traits<char> > >::fixup_pointers(boost::re_detail_500::re_syntax_base*)
0 112

fn=(10486) boost::re_detail_500::perl_matcher<__gnu_cxx::__normal_iterator<char const*, std::__cxx11::basic_string<char, std::char_traits<char>, std::allocator<char> > >, std::allocator<boost::sub_match<__gnu_cxx::__normal_iterator<char const*, std::__cxx11::basic_string<char, std::char_traits<char>, std::allocator<char> > > > >, boost::regex_traits<char, boost::cpp_regex_traits<char> > >::match_set()
0 95

fn=(10498) boost::match_results<__gnu_cxx::__normal_iterator<char const*, std::__cxx11::basic_string<char, std::char_traits<char>, std::allocator<char> > >, std::allocator<boost::sub_match<__gnu_cxx::__normal_iterator<char const*, std::__cxx11::basic_string<char, std::char_traits<char>, std::allocator<char> > > > > >::~match_results()
0 125
cob=(7)
cfi=(7)
cfn=(5084)
calls=5 0 
0 185
0 5

fn=(10522) std::map<std::__cxx11::basic_string<char, std::char_traits<char>, std::allocator<char> >, bool, std::less<std::__cxx11::basic_string<char, std::char_traits<char>, std::allocator<char> > >, std::allocator<std::pair<std::__cxx11::basic_string<char, std::char_traits<char>, std::allocator<char> > const, bool> > >::operator[](std::__cxx11::basic_string<char, std::char_traits<char>, std::allocator<char> > const&)
0 204
cob=(2)
cfi=(2)
cfn=(4324) 0x00000000001b16a0
calls=11 0 
0 209
0 11
0 147
cob=(2)
cfi=(2)
cfn=(4324)
calls=5 0 
0 95
0 5
0 95

fn=(10534) std::vector<unsigned long, std::allocator<unsigned long> >::operator=(std::vector<unsigned long, std::allocator<unsigned long> > const&) [clone .isra.0]
0 4442
cob=(2)
cfi=(2)
cfn=(4884) 0x00000000001b1e00
calls=120 0 
0 1320
0 120
0 1240
cob=(7)
cfi=(7)
cfn=(4902)
calls=74 0 
0 7878
0 74
0 296
cob=(2)
cfi=(2)
cfn=(4884)
calls=74 0 
0 838
0 74
0 304
cob=(7)
cfi=(7)
cfn=(5084)
calls=2 0 
0 74
0 2
0 618

fn=(10540) unsigned long& std::vector<unsigned long, std::allocator<unsigned long> >::emplace_back<unsigned long>(unsigned long&&) [clone .isra.0]
0 240
cob=(7)
cfi=(7)
cfn=(4902)
calls=8 0 
0 443
0 8
0 92
cob=(2)
cfi=(2)
cfn=(4884)
calls=2 0 
0 26
0 2
0 48
cob=(7)
cfi=(7)
cfn=(5084)
calls=2 0 
0 74
0 2
0 62

fn=(10556) rapidjson::GenericReader<rapidjson::UTF8<char>, rapidjson::UTF8<char>, rapidjson::CrtAllocator>::NumberStream<rapidjson::BasicIStreamWrapper<std::istream>, true, false>::TakePush()
0 22720
cob=(7)
cfi=(7)
cfn=(10240) std::istream::read(char*, long)
calls=176 0 
0 27104
0 176
0 880

fn=(10562) std::pair<std::vector<double, std::allocator<double> >, std::vector<unsigned long, std::allocator<unsigned long> > >::~pair()
0 39
cob=(7)
cfi=(7)
cfn=(5084)
calls=3 0 
0 190
0 3
0 24
cob=(7)
cfi=(7)
cfn=(5084)
calls=3 0 
0 168
0 3
0 12

fn=(10586) void std::__introsort_loop<char*, long, std::less<void> >(char*, char*, long, std::less<void>) [clone .isra.0]
0 27

fn=(10708) kronecker_gp_model_namespace::kronecker_gp_model::unconstrained_param_names(std::vector<std::__cxx11::basic_string<char, std::char_traits<char>, std::allocator<char> >, std::allocator<std::__cxx11::basic_string<char, std::char_traits<char>, std::allocator<char> > > >&, bool, bool) const
0 18
cob=(7)
cfi=(7)
cfn=(10712) std::__cxx11::basic_string<char, std::char_traits<char>, std::allocator<char> >::append(char const*)
calls=1 0 
0 77
0 1
0 3
cob=(7)
cfi=(7)
cfn=(4974) std::__cxx11::basic_string<char, std::char_traits<char>, std::allocator<char> >::basic_string(std::__cxx11::basic_string<char, std::char_traits<char>, std::allocator<char> >&&)
calls=1 0 
0 33
0 1
0 3
cfn=(10716) std::__cxx11::basic_string<char, std::char_traits<char>, std::allocator<char> >& std::vector<std::__cxx11::basic_string<char, std::char_traits<char>, std::allocator<char> >, std::allocator<std::__cxx11::basic_string<char, std::char_traits<char>, std::allocator<char> > > >::emplace_back<std::__cxx11::basic_string<char, std::char_traits<char>, std::allocator<char> > >(std::__cxx11::basic_string<char, std::char_traits<char>, std::allocator<char> >&&) [clone .isra.0]
calls=1 0 
0 125
0 2
cob=(7)
cfi=(7)
cfn=(4928) std::__cxx11::basic_string<char, std::char_traits<char>, std::allocator<char> >::_M_dispose()
calls=1 0 
0 6
0 1
0 2
cob=(7)
cfi=(7)
cfn=(4928)
calls=1 0 
0 6
0 1
0 7
cob=(7)
cfi=(7)
cfn=(10712)
calls=1 0 
0 80
0 1
0 3
cob=(7)
cfi=(7)
cfn=(4974)
calls=1 0 
0 33
0 1
0 3
cfn=(10716)
calls=1 0 
0 199
0 4
cob=(7)
cfi=(7)
cfn=(4928)
calls=1 0 
0 6
0 1
0 2
cob=(7)
cfi=(7)
cfn=(4928)
calls=1 0 
0 6
0 1
0 5666
cob=(7)
cfi=(7)
cfn=(10362)
calls=435 0 
0 19140
0 435
0 6525
cfn=(10722) std::__cxx11::basic_string<char, std::char_traits<char>, std::allocator<char> > std::operator+<char, std::char_traits<char>, std::allocator<char> >(std::__cxx11::basic_string<char, std::char_traits<char>, std::allocator<char> >&&, std::__cxx11::basic_string<char, std::char_traits<char>, std::allocator<char> >&&)
calls=435 0 
0 42006
0 1305
cfn=(10716)
calls=435 0 
0 32169
0 13485
cfn=(10718) std::__cxx11::to_string(int)
calls=435 0 
0 55923
0 3045
cob=(7)
cfi=(7)
cfn=(10596) std::__cxx11::basic_string<char, std::char_traits<char>, std::allocator<char> >::_M_append(char const*, unsigned long)
calls=435 0 
0 12180
0 435
0 20452
cob=(7)
cfi=(7)
cfn=(10712)
calls=1 0 
0 77
0 1
0 3
cob=(7)
cfi=(7)
cfn=(4974)
calls=1 0 
0 33
0 1
0 3
cfn=(10716)
calls=1 0 
0 34
0 2
cob=(7)
cfi=(7)
cfn=(4928)
calls=1 0 
0 6
0 1
0 2
cob=(7)
cfi=(7)
cfn=(4928)
calls=1 0 
0 6
0 1
0 12

fn=(10718)
0 10641
cfn=(10720) void std::__cxx11::basic_string<char, std::char_traits<char>, std::allocator<char> >::__resize_and_overwrite<std::__cxx11::to_string(int)::{lambda(char*, unsigned long)#1}>(unsigned long, std::__cxx11::to_string(int)::{lambda(char*, unsigned long)#1}) [clone .isra.0]
calls=174 0 
0 14268
0 3810
cfn=(10720)
calls=381 0 
0 37737
0 2427

fn=(11304) stan::math::var_value<double, void>::var_value<double, (void*)0>(double) [clone .constprop.0]
0 99945
cfn=(11306) stan::math::stack_alloc::alloc(unsigned long)
calls=11105 0 
0 144365
0 133260
cfn=(11298) stan::math::vari_base*& std::vector<stan::math::vari_base*, std::allocator<stan::math::vari_base*> >::emplace_back<stan::math::vari_base*>(stan::math::vari_base*&&) [clone .isra.0]
calls=11105 0 
0 99945
0 88840

fn=(11370) Eigen::PlainObjectBase<Eigen::Matrix<stan::math::var_value<double, void>, -1, -1, 0, -1, -1> >::resize(long, long)
0 1199340
cob=(2)
cfi=(2)
cfn=(4266) free
calls=44420 0 
0 177680
0 44420
0 355360
cfn=(10656) Eigen::internal::aligned_malloc(unsigned long)
calls=44420 0 
0 13023004
0 355360

fn=(11378) Eigen::CwiseNullaryOp<Eigen::internal::scalar_constant_op<stan::math::var_value<double, void> >, Eigen::Matrix<stan::math::var_value<double, void>, -1, 1, 0, -1, 1> >::CwiseNullaryOp(long, long, Eigen::internal::scalar_constant_op<stan::math::var_value<double, void> > const&) [clone .constprop.0]
0 67380

fn=(11384) stan::math::arena_matrix<Eigen::Matrix<stan::math::var_value<double, void>, -1, -1, 0, -1, -1>, void>::arena_matrix<Eigen::Matrix<stan::math::var_value<double, void>, -1, -1, 0, -1, -1>, (void*)0>(Eigen::Matrix<stan::math::var_value<double, void>, -1, -1, 0, -1, -1> const&)
0 1045485
cfn=(11306)
calls=49785 0 
0 647205
0 1045485
cfn=(11306)
calls=49785 0 
0 647205
0 225376695

fn=(11438) Eigen::internal::selfadjoint_matrix_vector_product<double, long, 0, 1, false, false, 0>::run(long, double const*, long, double const*, double*, double)
0 506043120

fn=(11452) Eigen::CwiseNullaryOp<Eigen::internal::scalar_constant_op<double>, Eigen::Matrix<double, -1, 1, 0, -1, 1> const>::CwiseNullaryOp(long, long, Eigen::internal::scalar_constant_op<double> const&) [clone .constprop.0]
0 1903440

fn=(11472) void stan::math::accumulator<stan::math::var_value<double, void>, void>::add<stan::math::var_value<double, void>, void>(stan::math::var_value<double, void>)
0 533040

fn=(11478) void stan::math::check_cholesky_factor<Eigen::Matrix<stan::math::var_value<double, void>, -1, -1, 0, -1, -1>, (void*)0>(char const*, char const*, Eigen::Matrix<stan::math::var_value<double, void>, -1, -1, 0, -1, -1> const&)
0 241445
cfn=(10666) Eigen::PlainObjectBase<Eigen::Matrix<double, -1, -1, 0, -1, -1> >::resize(long, long)
calls=5615 0 
0 1170636
0 52746531
cob=(2)
cfi=(2)
cfn=(4266)
calls=5490 0 
0 517260
0 5490
0 60640
cob=(2)
cfi=(2)
cfn=(4266)
calls=125 0 
0 11250
0 125
0 4000
cfn=(11756) stan::math::elementwise_check<stan::math::check_positive<Eigen::Diagonal<Eigen::Matrix<double, -1, -1, 0, -1, -1>, 0> >(char const*, char const*, Eigen::Diagonal<Eigen::Matrix<double, -1, -1, 0, -1, -1>, 0> const&)::{lambda(double)#1}, Eigen::Diagonal<Eigen::Matrix<double, -1, -1, 0, -1, -1>, 0>, , (void*)0, (void*)0>(stan::math::check_positive<Eigen::Diagonal<Eigen::Matrix<double, -1, -1, 0, -1, -1>, 0> >(char const*, char const*, Eigen::Diagonal<Eigen::Matrix<double, -1, -1, 0, -1, -1>, 0> const&)::{lambda(double)#1} const&, char const*, char const*, Eigen::Diagonal<Eigen::Matrix<double, -1, -1, 0, -1, -1>, 0> const&, char const*)::{lambda()#1}::operator()() const
calls=125 0 
0 4971587
0 250
cob=(5) /usr/lib/libgcc_s.so.1
cfi=(5) ???
cfn=(12272) _Unwind_Resume
calls=125 0 
0 1185875
0 125

fn=(11486) Eigen::Matrix<stan::return_type<stan::base_type<Eigen::Transpose<Eigen::Matrix<stan::math::var_value<double, void>, -1, -1, 0, -1, -1> const>, void>::type, stan::base_type<Eigen::Transpose<Eigen::Matrix<stan::math::var_value<double, void>, -1, -1, 0, -1, -1> const>, void>::type, stan::base_type<Eigen::Map<Eigen::Matrix<double, -1, -1, 0, -1, -1>, 0, Eigen::Stride<0, 0> >, void>::type>::type, -1, -1, 0, -1, -1> kronecker_gp_model_namespace::kron_mvprod<Eigen::Transpose<Eigen::Matrix<stan::math::var_value<double, void>, -1, -1, 0, -1, -1> const>, Eigen::Transpose<Eigen::Matrix<stan::math::var_value<double, void>, -1, -1, 0, -1, -1> const>, Eigen::Map<Eigen::Matrix<double, -1, -1, 0, -1, -1>, 0, Eigen::Stride<0, 0> >, (void*)0>(Eigen::Transpose<Eigen::Matrix<stan::math::var_value<double, void>, -1, -1, 0, -1, -1> const> const&, Eigen::Transpose<Eigen::Matrix<stan::math::var_value<double, void>, -1, -1, 0, -1, -1> const> const&, Eigen::Map<Eigen::Matrix<double, -1, -1, 0, -1, -1>, 0, Eigen::Stride<0, 0> > const&, std::ostream*) [clone .isra.0]
0 82350
cfn=(11306)
calls=5490 0 
0 71370
0 60390
cfn=(11298)
calls=5490 0 
0 49410
0 21960
cfn=(11488) auto stan::math::multiply<Eigen::Transpose<Eigen::Matrix<stan::math::var_value<double, void>, -1, -1, 0, -1, -1> const> const&, Eigen::Map<Eigen::Matrix<double, -1, -1, 0, -1, -1>, 0, Eigen::Stride<0, 0> > const&, (void*)0, (void*)0, (void*)0>(Eigen::Transpose<Eigen::Matrix<stan::math::var_value<double, void>, -1, -1, 0, -1, -1> const> const&, Eigen::Map<Eigen::Matrix<double, -1, -1, 0, -1, -1>, 0, Eigen::Stride<0, 0> > const&)
calls=5490 0 
0 666921405
0 43920
cfn=(11498) auto stan::math::multiply<Eigen::Transpose<Eigen::Matrix<stan::math::var_value<double, void>, -1, -1, 0, -1, -1> const> const&, Eigen::Transpose<Eigen::Map<Eigen::Matrix<stan::math::var_value<double, void>, -1, -1, 0, -1, -1>, 0, Eigen::Stride<0, 0> > const>, (void*)0, (void*)0, (void*)0>(Eigen::Transpose<Eigen::Matrix<stan::math::var_value<double, void>, -1, -1, 0, -1, -1> const> const&, Eigen::Transpose<Eigen::Map<Eigen::Matrix<stan::math::var_value<double, void>, -1, -1, 0, -1, -1>, 0, Eigen::Stride<0, 0> > const>&&)
calls=5490 0 
0 742149048
0 104310
cfn=(11370)
calls=5490 0 
0 1141715
0 31336920

fn=(11608) stan::math::internal::reverse_pass_callback_vari<stan::math::multiply_lower_tri_self_transpose<Eigen::Matrix<stan::math::var_value<double, void>, -1, -1, 0, -1, -1>, (void*)0>(Eigen::Matrix<stan::math::var_value<double, void>, -1, -1, 0, -1, -1> const&)::{lambda()#1}>::chain()
0 10980
cfn=(11610) stan::math::multiply_lower_tri_self_transpose<Eigen::Matrix<stan::math::var_value<double, void>, -1, -1, 0, -1, -1>, (void*)0>(Eigen::Matrix<stan::math::var_value<double, void>, -1, -1, 0, -1, -1> const&)::{lambda()#1}::operator()()
calls=5490 0 
0 384726010

fn=(11616) Eigen::internal::gebp_kernel<double, double, long, Eigen::internal::blas_data_mapper<double, long, 0, 0, 1>, 4, 4, false, false>::operator()(Eigen::internal::blas_data_mapper<double, long, 0, 0, 1> const&, double const*, double const*, long, long, long, double, long, long, long, long) [clone .isra.0]
0 176832900
cfn=(11412) Eigen::internal::lhs_process_one_packet<4, 2l, 1l, double, double, double, double __vector(2), double __vector(2), double __vector(2), double __vector(2), Eigen::internal::gebp_traits<double, double, false, false, 1, 0>, Eigen::internal::BlasLinearMapper<double, long, 0, 1>, Eigen::internal::blas_data_mapper<double, long, 0, 0, 1> >::operator()(Eigen::internal::blas_data_mapper<double, long, 0, 0, 1> const&, double const*, double const*, double, long, long, long, long, long, long, int, long, long, long, long, long) [clone .constprop.0] [clone .isra.0]
calls=5490 0 
0 916830
0 730170
cfn=(11412)
calls=38430 0 
0 20752200
0 1548180

fn=(11618) stan::math::internal::callback_vari<double, stan::math::lb_constrain<stan::math::var_value<double, void>, double, (void*)0, (void*)0>(stan::math::var_value<double, void> const&, double const&, stan::math::var_value<double, void>&)::{lambda(auto:1&)#1}>::chain()
0 43920

fn=(12580) void stan::model::internal::assign_impl<Eigen::Matrix<double, -1, -1, 0, -1, -1>&, Eigen::CwiseBinaryOp<Eigen::internal::scalar_product_op<double, double>, Eigen::CwiseNullaryOp<Eigen::internal::scalar_constant_op<double>, Eigen::Matrix<double, -1, -1, 0, -1, -1> const> const, Eigen::MatrixWrapper<Eigen::CwiseUnaryOp<Eigen::internal::scalar_exp_op<double>, Eigen::ArrayWrapper<Eigen::CwiseBinaryOp<Eigen::internal::scalar_product_op<double, double>, Eigen::CwiseNullaryOp<Eigen::internal::scalar_constant_op<double>, Eigen::Matrix<double, -1, -1, 0, -1, -1> const> const, Eigen::Map<Eigen::Matrix<double, -1, -1, 0, -1, -1>, 0, Eigen::Stride<0, 0> > const> > const> > const>, (void*)0>(Eigen::Matrix<double, -1, -1, 0, -1, -1>&, Eigen::CwiseBinaryOp<Eigen::internal::scalar_product_op<double, double>, Eigen::CwiseNullaryOp<Eigen::internal::scalar_constant_op<double>, Eigen::Matrix<double, -1, -1, 0, -1, -1> const> const, Eigen::MatrixWrapper<Eigen::CwiseUnaryOp<Eigen::internal::scalar_exp_op<double>, Eigen::ArrayWrapper<Eigen::CwiseBinaryOp<Eigen::internal::scalar_product_op<double, double>, Eigen::CwiseNullaryOp<Eigen::internal::scalar_constant_op<double>, Eigen::Matrix<double, -1, -1, 0, -1, -1> const> const, Eigen::Map<Eigen::Matrix<double, -1, -1, 0, -1, -1>, 0, Eigen::Stride<0, 0> > const> > const> > const>&&, char const*)
0 1150
cfn=(10098) std::__cxx11::basic_string<char, std::char_traits<char>, std::allocator<char> >::basic_string<std::allocator<char> >(char const*, std::allocator<char> const&)
calls=50 0 
0 3550
0 150
cob=(7)
cfi=(7)
cfn=(10712)
calls=50 0 
0 10900
0 50
0 150
cob=(7)
cfi=(7)
cfn=(4974)
calls=50 0 
0 800
0 50
0 750
cob=(7)
cfi=(7)
cfn=(5084)
calls=50 0 
0 1850
0 50
0 550
cfn=(10098)
calls=50 0 
0 3550
0 150
cob=(7)
cfi=(7)
cfn=(10712)
calls=50 0 
0 10900
0 50
0 150
cob=(7)
cfi=(7)
cfn=(4974)
calls=50 0 
0 800
0 50
0 750
cob=(7)
cfi=(7)
cfn=(5084)
calls=50 0 
0 1850
0 50
0 1870500

fn=(12740) bs_rng_destruct
0 8
cob=(7)
cfi=(7)
cfn=(5084)
calls=2 0 
0 74
0 2

fn=(12800) std::_Sp_counted_ptr<boost::re_detail_500::cpp_regex_traits_implementation<char>*, (__gnu_cxx::_Lock_policy)2>::_M_dispose()
0 18
cob=(7)
cfi=(7)
cfn=(4478) std::locale::~locale()
calls=1 0 
0 6
0 1
0 7
cob=(7)
cfi=(7)
cfn=(5084)
calls=1 0 
0 37
0 1

fn=(12802) std::_Sp_counted_ptr<boost::re_detail_500::cpp_regex_traits_implementation<char>*, (__gnu_cxx::_Lock_policy)2>::_M_destroy()
0 2
cob=(7)
cfi=(7)
cfn=(5084)
calls=1 0 
0 137
0 1

fn=(10298) std::_Rb_tree<boost::re_detail_500::cpp_regex_traits_base<char>, std::pair<boost::re_detail_500::cpp_regex_traits_base<char> const, std::_List_iterator<std::pair<std::shared_ptr<boost::re_detail_500::cpp_regex_traits_implementation<char> const>, boost::re_detail_500::cpp_regex_traits_base<char> const*> > >, std::_Select1st<std::pair<boost::re_detail_500::cpp_regex_traits_base<char> const, std::_List_iterator<std::pair<std::shared_ptr<boost::re_detail_500::cpp_regex_traits_implementation<char> const>, boost::re_detail_500::cpp_regex_traits_base<char> const*> > > >, std::less<boost::re_detail_500::cpp_regex_traits_base<char> >, std::allocator<std::pair<boost::re_detail_500::cpp_regex_traits_base<char> const, std::_List_iterator<std::pair<std::shared_ptr<boost::re_detail_500::cpp_regex_traits_implementation<char> const>, boost::re_detail_500::cpp_regex_traits_base<char> const*> > > > >::find(boost::re_detail_500::cpp_regex_traits_base<char> const&)
0 48

fn=(11572) stan::math::internal::callback_vari<double, stan::math::log<stan::math::var_value<double, void> const&, (void*)0>(stan::math::var_value<double, void> const&)::{lambda(auto:1&)#1}>::chain()
0 29646000

fn=(11576) stan::math::internal::callback_vari<double, stan::math::sum<Eigen::Matrix<stan::math::var_value<double, void>, -1, 1, 0, -1, 1>&, (void*)0>(Eigen::Matrix<stan::math::var_value<double, void>, -1, 1, 0, -1, 1>&)::{lambda(auto:1&)#1}>::chain()
0 1207800

fn=(11580) stan::math::internal::callback_vari<double, stan::math::log<stan::math::var_value<double, void> const, (void*)0>(stan::math::var_value<double, void> const&&)::{lambda(auto:1&)#1}>::chain()
0 955260

fn=(11582) stan::math::internal::reverse_pass_callback_vari<stan::math::internal::partials_propagator<stan::math::var_value<double, void>, void, stan::math::var_value<double, void>, double, double>::build(double)::{lambda(auto:1&&)#1}::operator()<stan::math::internal::ops_partials_edge<double, double, void>&>(stan::math::internal::ops_partials_edge<double, double, void>&)::{lambda()#1}>::chain()
0 32940

fn=(11592) void Eigen::internal::generic_product_impl<Eigen::Transpose<Eigen::CwiseUnaryOp<Eigen::MatrixBase<Eigen::Map<Eigen::Matrix<stan::math::var_value<double, void>, -1, -1, 0, -1, -1>, 0, Eigen::Stride<0, 0> > >::val_Op, Eigen::Map<Eigen::Matrix<stan::math::var_value<double, void>, -1, -1, 0, -1, -1>, 0, Eigen::Stride<0, 0> > > >, Eigen::CwiseUnaryOp<Eigen::MatrixBase<Eigen::Map<Eigen::Matrix<stan::math::var_value<double, void>, -1, -1, 0, -1, -1>, 0, Eigen::Stride<0, 0> > >::adj_Op, Eigen::Map<Eigen::Matrix<stan::math::var_value<double, void>, -1, -1, 0, -1, -1>, 0, Eigen::Stride<0, 0> > >, Eigen::DenseShape, Eigen::DenseShape, 8>::scaleAndAddTo<Eigen::Matrix<double, -1, -1, 0, -1, -1> >(Eigen::Matrix<double, -1, -1, 0, -1, -1>&, Eigen::Transpose<Eigen::CwiseUnaryOp<Eigen::MatrixBase<Eigen::Map<Eigen::Matrix<stan::math::var_value<double, void>, -1, -1, 0, -1, -1>, 0, Eigen::Stride<0, 0> > >::val_Op, Eigen::Map<Eigen::Matrix<stan::math::var_value<double, void>, -1, -1, 0, -1, -1>, 0, Eigen::Stride<0, 0> > > > const&, Eigen::CwiseUnaryOp<Eigen::MatrixBase<Eigen::Map<Eigen::Matrix<stan::math::var_value<double, void>, -1, -1, 0, -1, -1>, 0, Eigen::Stride<0, 0> > >::adj_Op, Eigen::Map<Eigen::Matrix<stan::math::var_value<double, void>, -1, -1, 0, -1, -1>, 0, Eigen::Stride<0, 0> > > const&, double const&)
0 516060
cfn=(11594) Eigen::PlainObjectBase<Eigen::Matrix<double, -1, -1, 1, -1, -1> >::resize(long, long)
calls=10980 0 
0 3743715
0 59643360
cfn=(10666)
calls=10980 0 
0 4080135
0 59665320
cfn=(11492) void Eigen::internal::evaluateProductBlockingSizesHeuristic<double, double, 1, long>(long&, long&, long&, long)
calls=10980 0 
0 406260
0 285480
cfn=(11550) Eigen::internal::general_matrix_matrix_product<long, double, 1, false, double, 0, false, 0, 1>::run(long, long, long, double const*, long, double const*, long, double*, long, long, double, Eigen::internal::level3_blocking<double, double>&, Eigen::internal::GemmParallelInfo<long>*) [clone .isra.0]
calls=10980 0 
0 701424360
0 32940
cob=(2)
cfi=(2)
cfn=(4266)
calls=10980 0 
0 43920
0 10980
0 21960
cob=(2)
cfi=(2)
cfn=(4266)
calls=10980 0 
0 43920
0 10980
0 21960
cob=(2)
cfi=(2)
cfn=(4266)
calls=10980 0 
0 1247196
0 10980
0 120780
cob=(2)
cfi=(2)
cfn=(4266)
calls=10980 0 
0 1218648
0 10980

fn=(10130) long double boost::math::detail::igamma_temme_large<long double, boost::math::policies::policy<boost::math::policies::promote_float<false>, boost::math::policies::promote_double<false>, boost::math::policies::default_policy, boost::math::policies::default_policy, boost::math::policies::default_policy, boost::math::policies::default_policy, boost::math::policies::default_policy, boost::math::policies::default_policy, boost::math::policies::default_policy, boost::math::policies::default_policy, boost::math::policies::default_policy, boost::math::policies::default_policy, boost::math::policies::default_policy> >(long double, long double, boost::math::policies::policy<boost::math::policies::promote_float<false>, boost::math::policies::promote_double<false>, boost::math::policies::default_policy, boost::math::policies::default_policy, boost::math::policies::default_policy, boost::math::policies::default_policy, boost::math::policies::default_policy, boost::math::policies::default_policy, boost::math::policies::default_policy, boost::math::policies::default_policy, boost::math::policies::default_policy, boost::math::policies::default_policy, boost::math::policies::default_policy> const&, std::integral_constant<int, 64> const&) [clone .isra.0]
0 451
cob=(6)
cfi=(6)
cfn=(10134)
calls=1 0 
0 34
0 1
0 31
cfn=(10138) long double boost::math::detail::erf_imp<long double, boost::math::policies::policy<boost::math::policies::promote_float<false>, boost::math::policies::promote_double<false>, boost::math::policies::default_policy, boost::math::policies::default_policy, boost::math::policies::default_policy, boost::math::policies::default_policy, boost::math::policies::default_policy, boost::math::policies::default_policy, boost::math::policies::default_policy, boost::math::policies::default_policy, boost::math::policies::default_policy, boost::math::policies::default_policy, boost::math::policies::default_policy> >(long double, bool, boost::math::policies::policy<boost::math::policies::promote_float<false>, boost::math::policies::promote_double<false>, boost::math::policies::default_policy, boost::math::policies::default_policy, boost::math::policies::default_policy, boost::math::policies::default_policy, boost::math::policies::default_policy, boost::math::policies::default_policy, boost::math::policies::default_policy, boost::math::policies::default_policy, boost::math::policies::default_policy, boost::math::policies::default_policy, boost::math::policies::default_policy> const&, std::integral_constant<int, 64> const&) [clone .isra.0]
calls=1 0 
0 30
0 18

fn=(10204) void std::__cxx11::basic_string<char, std::char_traits<char>, std::allocator<char> >::_M_construct<char const*>(char const*, char const*, std::forward_iterator_tag) [clone .isra.0]
0 28
cob=(2)
cfi=(2)
cfn=(4884)
calls=1 0 
0 15
0 1
0 3

fn=(10394) boost::re_detail_500::basic_regex_parser<char, boost::regex_traits<char, boost::cpp_regex_traits<char> > >::parse_set()
0 206
cfn=(10396)
calls=6 0 
0 1938
0 24
cob=(7)
cfi=(7)
cfn=(5084)
calls=2 0 
0 74
0 2
0 8
cfn=(10436)
calls=1 0 
0 6
0 4
cob=(7)
cfi=(7)
cfn=(5084)
calls=1 0 
0 37
0 1
0 48
cfn=(10426) boost::re_detail_500::basic_regex_creator<char, boost::regex_traits<char, boost::cpp_regex_traits<char> > >::append_set(boost::re_detail_500::basic_char_set<char, boost::regex_traits<char, boost::cpp_regex_traits<char> > > const&, std::integral_constant<bool, true>*) [clone .isra.0]
calls=2 0 
0 3011
0 2

fn=(10454) boost::re_detail_500::basic_regex_creator<char, boost::regex_traits<char, boost::cpp_regex_traits<char> > >::create_startmap(boost::re_detail_500::re_syntax_base*, unsigned char*, unsigned int*, unsigned char)
0 103
cfn=(10456) boost::re_detail_500::basic_regex_creator<char, boost::regex_traits<char, boost::cpp_regex_traits<char> > >::set_all_masks(unsigned char*, unsigned char) [clone .isra.0]
calls=1 0 
0 60
0 3288

fn=(10506) std::_Rb_tree<std::__cxx11::basic_string<char, std::char_traits<char>, std::allocator<char> >, std::pair<std::__cxx11::basic_string<char, std::char_traits<char>, std::allocator<char> > const, int>, std::_Select1st<std::pair<std::__cxx11::basic_string<char, std::char_traits<char>, std::allocator<char> > const, int> >, std::less<std::__cxx11::basic_string<char, std::char_traits<char>, std::allocator<char> > >, std::allocator<std::pair<std::__cxx11::basic_string<char, std::char_traits<char>, std::allocator<char> > const, int> > >::_M_get_insert_unique_pos(std::__cxx11::basic_string<char, std::char_traits<char>, std::allocator<char> > const&) [clone .isra.0]
0 58

fn=(10538) stan::json::json_data_handler::start_array()
0 858
cfn=(10276) boost::range_value<std::vector<std::__cxx11::basic_string<char, std::char_traits<char>, std::allocator<char> >, std::allocator<std::__cxx11::basic_string<char, std::char_traits<char>, std::allocator<char> > > > >::type boost::algorithm::join<std::vector<std::__cxx11::basic_string<char, std::char_traits<char>, std::allocator<char> >, std::allocator<std::__cxx11::basic_string<char, std::char_traits<char>, std::allocator<char> > > >, char [2]>(std::vector<std::__cxx11::basic_string<char, std::char_traits<char>, std::allocator<char> >, std::allocator<std::__cxx11::basic_string<char, std::char_traits<char>, std::allocator<char> > > > const&, char const (&) [2])
calls=33 0 
0 2579
0 99
cfn=(10502) std::map<std::__cxx11::basic_string<char, std::char_traits<char>, std::allocator<char> >, int, std::less<std::__cxx11::basic_string<char, std::char_traits<char>, std::allocator<char> > >, std::allocator<std::pair<std::__cxx11::basic_string<char, std::char_traits<char>, std::allocator<char> > const, int> > >::operator[](std::__cxx11::basic_string<char, std::char_traits<char>, std::allocator<char> > const&)
calls=33 0 
0 4881
0 207
cfn=(10502)
calls=33 0 
0 4881
0 189
cfn=(10502)
calls=30 0 
0 4380
0 357
cfn=(10524) std::_Rb_tree<std::__cxx11::basic_string<char, std::char_traits<char>, std::allocator<char> >, std::pair<std::__cxx11::basic_string<char, std::char_traits<char>, std::allocator<char> > const, stan::json::array_dims>, std::_Select1st<std::pair<std::__cxx11::basic_string<char, std::char_traits<char>, std::allocator<char> > const, stan::json::array_dims> >, std::less<std::__cxx11::basic_string<char, std::char_traits<char>, std::allocator<char> > >, std::allocator<std::pair<std::__cxx11::basic_string<char, std::char_traits<char>, std::allocator<char> > const, stan::json::array_dims> > >::find(std::__cxx11::basic_string<char, std::char_traits<char>, std::allocator<char> > const&) const [clone .isra.0]
calls=33 0 
0 3667
0 189
cfn=(10542) std::map<std::__cxx11::basic_string<char, std::char_traits<char>, std::allocator<char> >, stan::json::array_dims, std::less<std::__cxx11::basic_string<char, std::char_traits<char>, std::allocator<char> > >, std::allocator<std::pair<std::__cxx11::basic_string<char, std::char_traits<char>, std::allocator<char> > const, stan::json::array_dims> > >::operator[](std::__cxx11::basic_string<char, std::char_traits<char>, std::allocator<char> > const&)
calls=30 0 
0 3750
0 330
cfn=(10534)
calls=30 0 
0 2758
0 150
cfn=(10534)
calls=30 0 
0 6557
0 524
cfn=(10540)
calls=4 0 
0 564
0 24
cfn=(10540)
calls=4 0 
0 433
0 244
cfn=(10542)
calls=30 0 
0 3750
0 9
cfn=(10542)
calls=3 0 
0 1196
0 363
cfn=(10534)
calls=33 0 
0 2060
0 132
cfn=(10534)
calls=33 0 
0 2082
0 528
cob=(7)
cfi=(7)
cfn=(5084)
calls=33 0 
0 3433
0 33
0 198
cob=(7)
cfi=(7)
cfn=(5084)
calls=33 0 
0 1221
0 33
0 339
cfn=(10502)
calls=3 0 
0 501
0 33

fn=(10568) std::vector<double, std::allocator<double> >::operator=(std::vector<double, std::allocator<double> > const&) [clone .isra.0]
0 63
cob=(7)
cfi=(7)
cfn=(4902)
calls=3 0 
0 601
0 3
0 12
cob=(2)
cfi=(2)
cfn=(4884)
calls=3 0 
0 773
0 3
0 36

fn=(10592) boost::detail::function::functor_manager<boost::algorithm::detail::token_finderF<boost::algorithm::detail::is_any_ofF<char> > >::manage(boost::detail::function::function_buffer const&, boost::detail::function::function_buffer&, boost::detail::function::functor_manager_operation_type)
0 327
cob=(7)
cfi=(7)
cfn=(5084)
calls=12 0 
0 444
0 12
0 90
cob=(7)
cfi=(7)
cfn=(4902)
calls=9 0 
0 378
0 9
0 117
cob=(2)
cfi=(2)
cfn=(4884)
calls=9 0 
0 144
0 9
0 72

fn=(10632) boost::random::mixmax_engine<17, 36u, 0l>::apply_bigskip(unsigned long*, unsigned long*, unsigned int, unsigned int, unsigned int, unsigned int) [clone .isra.0]
0 19
cob=(2)
cfi=(2)
cfn=(4884)
calls=1 0 
0 17440
0 1
0 238604
cob=(2)
cfi=(2)
cfn=(4884)
calls=2 0 
0 34800
0 2
0 461298

fn=(10652) Eigen::CwiseNullaryOp<Eigen::internal::scalar_constant_op<double>, Eigen::Matrix<double, -1, 1, 0, -1, 1> >::CwiseNullaryOp(long, long, Eigen::internal::scalar_constant_op<double> const&) [clone .constprop.0]
0 2309826

fn=(10664) Eigen::CwiseNullaryOp<Eigen::internal::scalar_constant_op<double>, Eigen::Matrix<double, -1, -1, 0, -1, -1> >::CwiseNullaryOp(long, long, Eigen::internal::scalar_constant_op<double> const&) [clone .constprop.0] [clone .isra.0]
0 1764

fn=(11268) bs_param_num
0 24

fn=(11302) stan::scalar_type<Eigen::Matrix<stan::math::var_value<double, void>, -1, 1, 0, -1, 1>, void>::type kronecker_gp_model_namespace::kronecker_gp_model::log_prob_impl<true, true, Eigen::Matrix<stan::math::var_value<double, void>, -1, 1, 0, -1, 1>, Eigen::Matrix<int, -1, 1, 0, -1, 1>, (void*)0, (void*)0, (void*)0>(Eigen::Matrix<stan::math::var_value<double, void>, -1, 1, 0, -1, 1>&, Eigen::Matrix<int, -1, 1, 0, -1, 1>&, std::ostream*) const [clone .isra.0]
0 78610
cfn=(11304)
calls=5615 0 
0 286365
0 33690
cfn=(11308) std::vector<stan::math::var_value<double, void>, stan::math::arena_allocator<stan::math::var_value<double, void> > >::reserve(unsigned long) [clone .constprop.0]
calls=5615 0 
0 235830
0 56150
cfn=(11310) stan::math::var_value<double, void>::var_value<double, (void*)0>(double) [clone .constprop.1]
calls=5615 0 
0 286365
0 56150
cob=(6)
cfi=(6)
cfn=(11314)
calls=5615 0 
0 202140
0 5615
0 28075
cfn=(11306)
calls=5615 0 
0 72995
0 78610
cfn=(11298)
calls=5615 0 
0 50969
0 95455
cob=(6)
cfi=(6)
cfn=(11314)
calls=5615 0 
0 202140
0 5615
0 28075
cfn=(11306)
calls=5615 0 
0 72995
0 84225
cfn=(11298)
calls=5615 0 
0 50535
0 286365
cfn=(11316) Eigen::PlainObjectBase<Eigen::Matrix<stan::math::var_value<double, void>, -1, 1, 0, -1, 1> >::resize(long, long) [clone .constprop.0]
calls=5615 0 
0 2130582
0 89840
cfn=(11306)
calls=5615 0 
0 72995
0 17058370
cfn=(11306)
calls=2436910 0 
0 31679830
0 17097675
cob=(6)
cfi=(6)
cfn=(11320)
calls=2442525 0 
0 251216915
0 2442525
0 19540200
cfn=(11298)
calls=2442525 0 
0 21984822
0 19568275
cfn=(11306)
calls=5615 0 
0 72995
0 22460
cfn=(11306)
calls=5615 0 
0 72995
0 78610
cob=(6)
cfi=(6)
cfn=(10670)
calls=5615 0 
0 599055
0 5615
0 12184550
cob=(6)
cfi=(6)
cfn=(10670)
calls=2436910 0 
0 288041082
0 2436910
0 12212625
cfn=(11306)
calls=2442525 0 
0 31752825
0 26867775
cfn=(11298)
calls=2442525 0 
0 21982725
0 26867775
cob=(6)
cfi=(6)
cfn=(11338)
calls=2442525 0 
0 118792658
0 2442525
0 12212625
cfn=(11306)
calls=2442525 0 
0 31752825
0 26867775
cfn=(11298)
calls=2442525 0 
0 21985043
0 29355220
cfn=(11306)
calls=5615 0 
0 72995
0 72995
cfn=(11298)
calls=5615 0 
0 50535
0 67380
cfn=(11306)
calls=5615 0 
0 72995
0 78610
cfn=(11298)
calls=5615 0 
0 50535
0 61765
cfn=(11370)
calls=5615 0 
0 2182927
0 95455
cfn=(11306)
calls=5615 0 
0 72995
0 72995
cfn=(11298)
calls=5615 0 
0 50535
0 33690
cfn=(11372) Eigen::CwiseNullaryOp<Eigen::internal::scalar_constant_op<stan::math::var_value<double, void> >, Eigen::Matrix<stan::math::var_value<double, void>, -1, -1, 0, -1, -1> >::CwiseNullaryOp(long, long, Eigen::internal::scalar_constant_op<stan::math::var_value<double, void> > const&)
calls=5615 0 
0 39305
0 6513400
cfn=(11306)
calls=5615 0 
0 72995
0 72995
cfn=(11298)
calls=5615 0 
0 50535
0 168450
cob=(6)
cfi=(6)
cfn=(10670)
calls=5615 0 
0 599055
0 5615
0 1729420
cob=(6)
cfi=(6)
cfn=(10670)
calls=157220 0 
0 18341670
0 157220
0 814175
cfn=(11306)
calls=162835 0 
0 2116855
0 1791185
cfn=(11298)
calls=162835 0 
0 1465515
0 27311360
cob=(6)
cfi=(6)
cfn=(11338)
calls=2279690 0 
0 142678680
0 2279690
0 11398450
cfn=(11306)
calls=2279690 0 
0 29793753
0 25076590
cfn=(11298)
calls=2279690 0 
0 20517210
0 15957830
cfn=(11306)
calls=2279690 0 
0 29635970
0 29635970
cfn=(11298)
calls=2279690 0 
0 20534139
0 29635970
cfn=(11306)
calls=2279690 0 
0 29635970
0 29635970
cfn=(11298)
calls=2279690 0 
0 20550374
0 22796900
cfn=(11306)
calls=2279690 0 
0 29635970
0 29635970
cfn=(11298)
calls=2279690 0 
0 20517210
0 29635970
cfn=(11306)
calls=2279690 0 
0 29635970
0 27356280
cfn=(11298)
calls=2279690 0 
0 20517210
0 15957830
cfn=(11306)
calls=2279690 0 
0 29635970
0 36475040
cfn=(11298)
calls=2279690 0 
0 20517210
0 20517210
cob=(6)
cfi=(6)
cfn=(10670)
calls=2279690 0 
0 269659513
0 2279690
0 11398450
cfn=(11306)
calls=2279690 0 
0 29635970
0 27356280
cfn=(11298)
calls=2279690 0 
0 20517210
0 25076590
cfn=(11306)
calls=2279690 0 
0 29635970
0 29635970
cfn=(11298)
calls=2279690 0 
0 20517210
0 19495280
cfn=(11306)
calls=157220 0 
0 2043860
0 33690
cfn=(11306)
calls=5615 0 
0 72995
0 2116855
cfn=(11298)
calls=162835 0 
0 1465515
0 2116855
cfn=(11306)
calls=162835 0 
0 2116855
0 1791185
cfn=(11298)
calls=162835 0 
0 1465515
0 2105625
cob=(2)
cfi=(2)
cfn=(4266)
calls=5615 0 
0 550995
0 5615
0 78610
cob=(6)
cfi=(6)
cfn=(11314)
calls=5615 0 
0 202140
0 5615
0 28075
cfn=(11306)
calls=5615 0 
0 72995
0 72995
cfn=(11298)
calls=5615 0 
0 50535
0 78610
cfn=(11372)
calls=5615 0 
0 39305
0 16845
cfn=(11376) Eigen::PlainObjectBase<Eigen::Matrix<stan::math::var_value<double, void>, -1, -1, 0, -1, -1> >::PlainObjectBase<Eigen::CwiseNullaryOp<Eigen::internal::scalar_constant_op<stan::math::var_value<double, void> >, Eigen::Matrix<stan::math::var_value<double, void>, -1, -1, 0, -1, -1> > >(Eigen::DenseBase<Eigen::CwiseNullaryOp<Eigen::internal::scalar_constant_op<stan::math::var_value<double, void> >, Eigen::Matrix<stan::math::var_value<double, void>, -1, -1, 0, -1, -1> > > const&)
calls=5615 0 
0 9004208
0 39305
cfn=(11372)
calls=5615 0 
0 39305
0 16845
cfn=(11376)
calls=5615 0 
0 8620367
0 39305
cfn=(11378)
calls=5615 0 
0 33690
0 22460
cfn=(11380) Eigen::PlainObjectBase<Eigen::Matrix<stan::math::var_value<double, void>, -1, 1, 0, -1, 1> >::PlainObjectBase<Eigen::CwiseNullaryOp<Eigen::internal::scalar_constant_op<stan::math::var_value<double, void> >, Eigen::Matrix<stan::math::var_value<double, void>, -1, 1, 0, -1, 1> > >(Eigen::DenseBase<Eigen::CwiseNullaryOp<Eigen::internal::scalar_constant_op<stan::math::var_value<double, void> >, Eigen::Matrix<stan::math::var_value<double, void>, -1, 1, 0, -1, 1> > > const&)
calls=5615 0 
0 735565
0 56150
cfn=(11372)
calls=5615 0 
0 39305
0 16845
cfn=(11376)
calls=5615 0 
0 8640349
0 39305
cfn=(11378)
calls=5615 0 
0 33690
0 22460
cfn=(11380)
calls=5615 0 
0 735565
0 56150
cfn=(11372)
calls=5615 0 
0 39305
0 16845
cfn=(11376)
calls=5615 0 
0 8578811
0 44920
cfn=(11372)
calls=5615 0 
0 39305
0 16845
cfn=(11376)
calls=5615 0 
0 8648391
0 39305
cfn=(11382) auto stan::math::multiply_lower_tri_self_transpose<Eigen::Matrix<stan::math::var_value<double, void>, -1, -1, 0, -1, -1>, (void*)0>(Eigen::Matrix<stan::math::var_value<double, void>, -1, -1, 0, -1, -1> const&)
calls=5615 0 
0 653608565
0 22460
cfn=(11414) void stan::model::internal::assign_impl<Eigen::Matrix<stan::math::var_value<double, void>, -1, -1, 0, -1, -1>&, Eigen::Matrix<stan::math::var_value<double, void>, -1, -1, 0, -1, -1>, (void*)0>(Eigen::Matrix<stan::math::var_value<double, void>, -1, -1, 0, -1, -1>&, Eigen::Matrix<stan::math::var_value<double, void>, -1, -1, 0, -1, -1>&&, char const*)
calls=5615 0 
0 4390930
0 11230
cob=(2)
cfi=(2)
cfn=(4266)
calls=5615 0 
0 508551
0 5615
0 28075
cfn=(11416) auto stan::math::multiply<stan::math::var_value<double, void>, Eigen::Map<Eigen::Matrix<double, -1, -1, 0, -1, -1>, 0, Eigen::Stride<0, 0> > const&, (void*)0, (void*)0, (void*)0, (void*)0>(stan::math::var_value<double, void> const&, Eigen::Map<Eigen::Matrix<double, -1, -1, 0, -1, -1>, 0, Eigen::Stride<0, 0> > const&) [clone .isra.0]
calls=5615 0 
0 233207852
0 44920
cfn=(11418) auto stan::math::multiply<stan::math::var_value<double, void>, Eigen::CwiseUnaryOp<stan::math::apply_scalar_unary<stan::math::exp_fun, stan::math::arena_matrix<Eigen::Matrix<stan::math::var_value<double, void>, -1, -1, 0, -1, -1>, void>, void>::apply<stan::math::arena_matrix<Eigen::Matrix<stan::math::var_value<double, void>, -1, -1, 0, -1, -1>, void> >(stan::math::arena_matrix<Eigen::Matrix<stan::math::var_value<double, void>, -1, -1, 0, -1, -1>, void>&&)::{lambda(auto:1&&)#1}::operator()<stan::math::arena_matrix<Eigen::Matrix<stan::math::var_value<double, void>, -1, -1, 0, -1, -1>, void>&>(stan::math::arena_matrix<Eigen::Matrix<stan::math::var_value<double, void>, -1, -1, 0, -1, -1>, void>&&) const::{lambda(auto:1&&)#1}, Eigen::Map<Eigen::Matrix<stan::math::var_value<double, void>, -1, -1, 0, -1, -1>, 0, Eigen::Stride<0, 0> > const>, (void*)0, (void*)0, (void*)0, (void*)0>(stan::math::var_value<double, void> const&, Eigen::CwiseUnaryOp<stan::math::apply_scalar_unary<stan::math::exp_fun, stan::math::arena_matrix<Eigen::Matrix<stan::math::var_value<double, void>, -1, -1, 0, -1, -1>, void>, void>::apply<stan::math::arena_matrix<Eigen::Matrix<stan::math::var_value<double, void>, -1, -1, 0, -1, -1>, void> >(stan::math::arena_matrix<Eigen::Matrix<stan::math::var_value<double, void>, -1, -1, 0, -1, -1>, void>&&)::{lambda(auto:1&&)#1}::operator()<stan::math::arena_matrix<Eigen::Matrix<stan::math::var_value<double, void>, -1, -1, 0, -1, -1>, void>&>(stan::math::arena_matrix<Eigen::Matrix<stan::math::var_value<double, void>, -1, -1, 0, -1, -1>, void>&&) const::{lambda(auto:1&&)#1}, Eigen::Map<Eigen::Matrix<stan::math::var_value<double, void>, -1, -1, 0, -1, -1>, 0, Eigen::Stride<0, 0> > const>&&)
calls=5615 0 
0 664151115
0 22460
cfn=(11420) void stan::model::internal::assign_impl<Eigen::Matrix<stan::math::var_value<double, void>, -1, -1, 0, -1, -1>&, stan::math::arena_matrix<Eigen::Matrix<stan::math::var_value<double, void>, -1, -1, 0, -1, -1>, void>, (void*)0>(Eigen::Matrix<stan::math::var_value<double, void>, -1, -1, 0, -1, -1>&, stan::math::arena_matrix<Eigen::Matrix<stan::math::var_value<double, void>, -1, -1, 0, -1, -1>, void>&&, char const*)
calls=5615 0 
0 29506825
0 3773280
cfn=(11306)
calls=168450 0 
0 2189850
0 2189850
cfn=(11298)
calls=168450 0 
0 1516050
0 4239325
cfn=(11422) stan::math::w32_eigh_result_var stan::math::w32_eigh<Eigen::Matrix<stan::math::var_value<double, void>, -1, -1, 0, -1, -1>, (void*)0>(Eigen::Matrix<stan::math::var_value<double, void>, -1, -1, 0, -1, -1> const&)
calls=5615 0 
0 2414193580
0 22460
cfn=(11460) void stan::model::internal::assign_impl<Eigen::Matrix<stan::math::var_value<double, void>, -1, -1, 0, -1, -1>&, Eigen::Matrix<stan::math::var_value<double, void>, -1, -1, 0, -1, -1> const&, (void*)0>(Eigen::Matrix<stan::math::var_value<double, void>, -1, -1, 0, -1, -1>&, Eigen::Matrix<stan::math::var_value<double, void>, -1, -1, 0, -1, -1> const&, char const*)
calls=5615 0 
0 29506825
0 22460
cfn=(11462) void stan::model::internal::assign_impl<Eigen::Matrix<stan::math::var_value<double, void>, -1, 1, 0, -1, 1>&, Eigen::Matrix<stan::math::var_value<double, void>, -1, 1, 0, -1, 1> const&, (void*)0>(Eigen::Matrix<stan::math::var_value<double, void>, -1, 1, 0, -1, 1>&, Eigen::Matrix<stan::math::var_value<double, void>, -1, 1, 0, -1, 1> const&, char const*)
calls=5615 0 
0 4795210
0 28075
cfn=(11422)
calls=5615 0 
0 3688134467
0 22460
cfn=(11460)
calls=5615 0 
0 29506825
0 22460
cfn=(11462)
calls=5615 0 
0 4795210
0 56150
cfn=(11464) Eigen::Matrix<stan::return_type<stan::base_type<Eigen::Matrix<stan::math::var_value<double, void>, -1, 1, 0, -1, 1>, void>::type, stan::base_type<Eigen::Matrix<stan::math::var_value<double, void>, -1, 1, 0, -1, 1>, void>::type, stan::math::var_value<double, void> >::type, -1, -1, 0, -1, -1> kronecker_gp_model_namespace::calculate_eigenvalues<Eigen::Matrix<stan::math::var_value<double, void>, -1, 1, 0, -1, 1>, Eigen::Matrix<stan::math::var_value<double, void>, -1, 1, 0, -1, 1>, int, int, stan::math::var_value<double, void>, (void*)0>(Eigen::Matrix<stan::math::var_value<double, void>, -1, 1, 0, -1, 1> const&, Eigen::Matrix<stan::math::var_value<double, void>, -1, 1, 0, -1, 1> const&, int const&, int const&, stan::math::var_value<double, void> const&, std::ostream*) [clone .isra.0]
calls=5615 0 
0 632432849
0 22460
cfn=(11414)
calls=5615 0 
0 4390930
0 11230
cob=(2)
cfi=(2)
cfn=(4266)
calls=5615 0 
0 537195
0 5615
0 36823170
cfn=(11466) stan::return_type<stan::math::var_value<double, void>, double, double>::type stan::math::lognormal_lpdf<true, stan::math::var_value<double, void>, double, double, (void*)0>(stan::math::var_value<double, void> const&, double const&, double const&) [clone .isra.0]
calls=5615 0 
0 2793185
0 16845
cfn=(11472)
calls=5615 0 
0 89840
0 22460
cfn=(11474) stan::return_type<stan::math::var_value<double, void>, double, double>::type stan::math::cauchy_lpdf<true, stan::math::var_value<double, void>, double, double, (void*)0>(stan::math::var_value<double, void> const&, double const&, double const&) [clone .isra.0]
calls=5615 0 
0 3386318
0 16845
cfn=(11472)
calls=5615 0 
0 89840
0 22460
cfn=(11466)
calls=5615 0 
0 2806455
0 16845
cfn=(11472)
calls=5615 0 
0 89840
0 28075
cfn=(11476) stan::return_type<Eigen::Matrix<stan::math::var_value<double, void>, -1, -1, 0, -1, -1>, double>::type stan::math::lkj_corr_cholesky_lpdf<true, Eigen::Matrix<stan::math::var_value<double, void>, -1, -1, 0, -1, -1>, double>(Eigen::Matrix<stan::math::var_value<double, void>, -1, -1, 0, -1, -1> const&, double const&)
calls=5615 0 
0 108490094
0 16470
cfn=(11472)
calls=5490 0 
0 87840
0 21960
cfn=(11482) stan::math::var_value<double, void> stan::math::sum<Eigen::CwiseUnaryOp<stan::math::apply_scalar_unary<stan::math::log_fun, Eigen::Matrix<stan::math::var_value<double, void>, -1, -1, 0, -1, -1>&, void>::apply<Eigen::Matrix<stan::math::var_value<double, void>, -1, -1, 0, -1, -1>&>(Eigen::Matrix<stan::math::var_value<double, void>, -1, -1, 0, -1, -1>&)::{lambda(auto:1&&)#1}::operator()<Eigen::Matrix<stan::math::var_value<double, void>, -1, -1, 0, -1, -1>&>(Eigen::Matrix<stan::math::var_value<double, void>, -1, -1, 0, -1, -1>&) const::{lambda(auto:1&&)#1}, Eigen::Matrix<stan::math::var_value<double, void>, -1, -1, 0, -1, -1> const>, (void*)0>(Eigen::Matrix<stan::math::var_value<double, void>, -1, -1, 0, -1, -1>&)
calls=5490 0 
0 510776476
0 16470
cfn=(11484) stan::math::var_value<double, void> stan::math::operator*<double, (void*)0>(double, stan::math::var_value<double, void> const&) [clone .part.0] [clone .constprop.0]
calls=5490 0 
0 312930
0 65880
cfn=(11486)
calls=5490 0 
0 1441982798
0 21960
cfn=(11504) auto stan::math::elt_divide<Eigen::Matrix<stan::math::var_value<double, void>, -1, -1, 0, -1, -1>, Eigen::Matrix<stan::math::var_value<double, void>, -1, -1, 0, -1, -1>, (void*)0, (void*)0>(Eigen::Matrix<stan::math::var_value<double, void>, -1, -1, 0, -1, -1> const&, Eigen::Matrix<stan::math::var_value<double, void>, -1, -1, 0, -1, -1> const&)
calls=5490 0 
0 330170355
0 32940
cfn=(11506) Eigen::Matrix<stan::return_type<stan::base_type<Eigen::Matrix<stan::math::var_value<double, void>, -1, -1, 0, -1, -1>, void>::type, stan::base_type<Eigen::Matrix<stan::math::var_value<double, void>, -1, -1, 0, -1, -1>, void>::type, stan::base_type<Eigen::Matrix<stan::math::var_value<double, void>, -1, -1, 0, -1, -1>, void>::type>::type, -1, -1, 0, -1, -1> kronecker_gp_model_namespace::kron_mvprod<Eigen::Matrix<stan::math::var_value<double, void>, -1, -1, 0, -1, -1>, Eigen::Matrix<stan::math::var_value<double, void>, -1, -1, 0, -1, -1>, Eigen::Matrix<stan::math::var_value<double, void>, -1, -1, 0, -1, -1>, (void*)0>(Eigen::Matrix<stan::math::var_value<double, void>, -1, -1, 0, -1, -1> const&, Eigen::Matrix<stan::math::var_value<double, void>, -1, -1, 0, -1, -1> const&, Eigen::Matrix<stan::math::var_value<double, void>, -1, -1, 0, -1, -1> const&, std::ostream*) [clone .isra.0]
calls=5490 0 
0 1514863697
0 21960
cfn=(11512) auto stan::math::elt_multiply<Eigen::Map<Eigen::Matrix<double, -1, -1, 0, -1, -1>, 0, Eigen::Stride<0, 0> >, Eigen::Matrix<stan::math::var_value<double, void>, -1, -1, 0, -1, -1>, (void*)0, (void*)0>(Eigen::Map<Eigen::Matrix<double, -1, -1, 0, -1, -1>, 0, Eigen::Stride<0, 0> > const&, Eigen::Matrix<stan::math::var_value<double, void>, -1, -1, 0, -1, -1> const&)
calls=5490 0 
0 300221072
0 10980
cfn=(11514) stan::math::var_value<double, void> stan::math::sum<Eigen::Matrix<stan::math::var_value<double, void>, -1, -1, 0, -1, -1>, (void*)0>(Eigen::Matrix<stan::math::var_value<double, void>, -1, -1, 0, -1, -1>&&)
calls=5490 0 
0 26686960
0 27450
cfn=(11516) stan::math::var_value<double, void> stan::math::operator*<double, (void*)0>(double, stan::math::var_value<double, void> const&) [clone .part.0]
calls=5490 0 
0 318420
0 49410
cfn=(11306)
calls=5490 0 
0 71370
0 71370
cfn=(11298)
calls=5490 0 
0 49410
0 38430
cfn=(11472)
calls=5490 0 
0 87840
0 10980
cob=(2)
cfi=(2)
cfn=(4266)
calls=5490 0 
0 21960
0 5490
0 10980
cob=(2)
cfi=(2)
cfn=(4266)
calls=5490 0 
0 494958
0 5490
0 10980
cob=(2)
cfi=(2)
cfn=(4266)
calls=5490 0 
0 625869
0 5490
0 10980
cob=(2)
cfi=(2)
cfn=(4266)
calls=5490 0 
0 525936
0 5490
0 10980
cob=(2)
cfi=(2)
cfn=(4266)
calls=5490 0 
0 181170
0 5490
0 10980
cob=(2)
cfi=(2)
cfn=(4266)
calls=5490 0 
0 643806
0 5490
0 10980
cob=(2)
cfi=(2)
cfn=(4266)
calls=5490 0 
0 181170
0 5490
0 10980
cob=(2)
cfi=(2)
cfn=(4266)
calls=5490 0 
0 630864
0 5490
0 10980
cob=(2)
cfi=(2)
cfn=(4266)
calls=5490 0 
0 634761
0 5490
0 10980
cob=(2)
cfi=(2)
cfn=(4266)
calls=5490 0 
0 762474
0 5490
0 10980
cob=(2)
cfi=(2)
cfn=(4266)
calls=5490 0 
0 181170
0 5490
0 10980
cob=(2)
cfi=(2)
cfn=(4266)
calls=5490 0 
0 628008
0 5490
0 10980
cob=(2)
cfi=(2)
cfn=(4266)
calls=5490 0 
0 181170
0 5490
0 10980
cob=(2)
cfi=(2)
cfn=(4266)
calls=5490 0 
0 630670
0 5490
0 10980
cob=(2)
cfi=(2)
cfn=(4266)
calls=5490 0 
0 634972
0 5490
0 10980
cob=(2)
cfi=(2)
cfn=(4266)
calls=5490 0 
0 800339
0 5490
0 21960
cfn=(11472)
calls=5490 0 
0 87840
0 10980
cfn=(11518) stan::math::var_value<double, void> stan::math::sum<stan::math::arena_allocator<stan::math::var_value<double, void> > >(std::vector<stan::math::var_value<double, void>, stan::math::arena_allocator<stan::math::var_value<double, void> > > const&)
calls=5490 0 
0 894870
0 99695
cfn=(11374) stan::math::internal::callback_vari<stan::plain_type<std::decay<double>::type, void>::type, stan::math::operator+<double, (void*)0>(stan::math::var_value<double, void> const&, double)::{lambda(auto:1&&)#1}>* stan::math::make_callback_vari<double, stan::math::operator+<double, (void*)0>(stan::math::var_value<double, void> const&, double)::{lambda(auto:1&&)#1}>(double&&, stan::math::operator+<double, (void*)0>(stan::math::var_value<double, void> const&, double)::{lambda(auto:1&&)#1}&&)
calls=5615 0 
0 320055
0 72995
cfn=(11306)
calls=5615 0 
0 72995
0 78610
cfn=(11298)
calls=5615 0 
0 50690
0 72995
cfn=(11306)
calls=5615 0 
0 72995
0 78610
cfn=(11298)
calls=5615 0 
0 50615
0 33940
cob=(2)
cfi=(2)
cfn=(4266)
calls=125 0 
0 4125
0 125
0 250
cob=(2)
cfi=(2)
cfn=(4266)
calls=125 0 
0 15496
0 125
0 500
cob=(2)
cfi=(2)
cfn=(4266)
calls=125 0 
0 4125
0 125
0 250
cob=(2)
cfi=(2)
cfn=(4266)
calls=125 0 
0 14371
0 125
0 375
cob=(2)
cfi=(2)
cfn=(4266)
calls=125 0 
0 14349
0 125
0 250
cob=(2)
cfi=(2)
cfn=(4266)
calls=125 0 
0 18000
0 125
0 250
cob=(2)
cfi=(2)
cfn=(4266)
calls=125 0 
0 4125
0 125
0 250
cob=(2)
cfi=(2)
cfn=(4266)
calls=125 0 
0 14250
0 125
0 250
cob=(2)
cfi=(2)
cfn=(4266)
calls=125 0 
0 4125
0 125
0 250
cob=(2)
cfi=(2)
cfn=(4266)
calls=125 0 
0 14250
0 125
0 250
cob=(2)
cfi=(2)
cfn=(4266)
calls=125 0 
0 14250
0 125
0 250
cob=(2)
cfi=(2)
cfn=(4266)
calls=125 0 
0 20184
0 125
0 625
cob=(7)
cfi=(7)
cfn=(12286) __cxa_begin_catch
calls=125 0 
0 5750
0 125
0 750
cfn=(10098)
calls=125 0 
0 19250
0 750
cfn=(12288) stan::lang::rethrow_located(std::exception const&, std::__cxx11::basic_string<char, std::char_traits<char>, std::allocator<char> >)
calls=125 0 
0 12664500
0 375
cob=(7)
cfi=(7)
cfn=(4928)
calls=125 0 
0 5250
0 125
0 125
cob=(7)
cfi=(7)
cfn=(12314) __cxa_end_catch
calls=125 0 
0 21000
0 125
0 625
cob=(5)
cfi=(5)
cfn=(12272)
calls=125 0 
0 1897625
0 125
0 625

fn=(11380)
0 190910
cfn=(10656)
calls=11230 0 
0 494120
0 786100

fn=(11440) void Eigen::HouseholderSequence<Eigen::Matrix<double, -1, -1, 0, -1, -1>, Eigen::Matrix<double, -1, 1, 0, -1, 1>, 1>::evalTo<Eigen::Matrix<double, -1, -1, 0, -1, -1>, Eigen::Matrix<double, -1, 1, 0, -1, 1> >(Eigen::Matrix<double, -1, -1, 0, -1, -1>&, Eigen::Matrix<double, -1, 1, 0, -1, 1>&) const
0 158620
cfn=(11424) Eigen::PlainObjectBase<Eigen::Matrix<double, -1, 1, 0, -1, 1> >::resize(long)
calls=11330 0 
0 124630
0 407880
cfn=(10652)
calls=11330 0 
0 67980
0 4690620
cob=(2)
cfi=(2)
cfn=(4952)
calls=328570 0 
0 6628050
0 328570
0 7115240
cfn=(11430) Eigen::Block<Eigen::Matrix<double, -1, -1, 0, -1, -1>, -1, 1, true>::Block(Eigen::Matrix<double, -1, -1, 0, -1, -1>&, long)
calls=328570 0 
0 6571400
0 2957130
cfn=(11446) Eigen::Block<Eigen::Block<Eigen::Matrix<double, -1, -1, 0, -1, -1>, -1, 1, true>, -1, 1, false>::Block(Eigen::Block<Eigen::Matrix<double, -1, -1, 0, -1, -1>, -1, 1, true>&, long, long, long, long) [clone .constprop.0]
calls=328570 0 
0 9199960
0 1971420
cfn=(10652)
calls=328570 0 
0 1971420
0 19623560
cfn=(11434) Eigen::Block<Eigen::Matrix<double, -1, -1, 0, -1, -1>, -1, -1, false>::Block(Eigen::Matrix<double, -1, -1, 0, -1, -1>&, long, long, long, long)
calls=328570 0 
0 10842810
0 2957130
cfn=(11442) Eigen::HouseholderSequence<Eigen::Matrix<double, -1, -1, 0, -1, -1>, Eigen::Matrix<double, -1, 1, 0, -1, 1>, 1>::essentialVector(long) const
calls=328570 0 
0 11828520
0 1642850
cfn=(11444) void Eigen::MatrixBase<Eigen::Block<Eigen::Matrix<double, -1, -1, 0, -1, -1>, -1, -1, false> >::applyHouseholderOnTheLeft<Eigen::Block<Eigen::Matrix<double, -1, -1, 0, -1, -1> const, -1, 1, false> >(Eigen::Block<Eigen::Matrix<double, -1, -1, 0, -1, -1> const, -1, 1, false> const&, double const&, double*)
calls=328570 0 
0 1064861380
0 509850
cfn=(11430)
calls=11330 0 
0 226600
0 101970
cfn=(11446)
calls=11330 0 
0 317240
0 67980
cfn=(10652)
calls=11330 0 
0 67980
0 906400

fn=(11488)
0 197640
cfn=(11306)
calls=5490 0 
0 71370
0 109800
cfn=(11306)
calls=5490 0 
0 71370
0 31419270
cfn=(11306)
calls=5490 0 
0 71370
0 71370
cfn=(11306)
calls=5490 0 
0 71370
0 76860
cfn=(10666)
calls=5490 0 
0 1141728
0 71370
cfn=(11396) Eigen::DenseBase<Eigen::Matrix<double, -1, -1, 0, -1, -1> >::setConstant(double const&) [clone .constprop.0] [clone .isra.0]
calls=5490 0 
0 39709170
0 93330
cfn=(11490) void Eigen::internal::generic_product_impl<Eigen::CwiseUnaryOp<Eigen::MatrixBase<Eigen::Map<Eigen::Matrix<stan::math::var_value<double, void>, -1, -1, 0, -1, -1>, 0, Eigen::Stride<0, 0> > >::val_Op, Eigen::Map<Eigen::Matrix<stan::math::var_value<double, void>, -1, -1, 0, -1, -1>, 0, Eigen::Stride<0, 0> > >, Eigen::Map<Eigen::Matrix<double, -1, -1, 0, -1, -1>, 0, Eigen::Stride<0, 0> >, Eigen::DenseShape, Eigen::DenseShape, 8>::scaleAndAddTo<Eigen::Matrix<double, -1, -1, 0, -1, -1> >(Eigen::Matrix<double, -1, -1, 0, -1, -1>&, Eigen::CwiseUnaryOp<Eigen::MatrixBase<Eigen::Map<Eigen::Matrix<stan::math::var_value<double, void>, -1, -1, 0, -1, -1>, 0, Eigen::Stride<0, 0> > >::val_Op, Eigen::Map<Eigen::Matrix<stan::math::var_value<double, void>, -1, -1, 0, -1, -1>, 0, Eigen::Stride<0, 0> > > const&, Eigen::Map<Eigen::Matrix<double, -1, -1, 0, -1, -1>, 0, Eigen::Stride<0, 0> > const&, double const&)
calls=5490 0 
0 380130591
0 109800
cfn=(11306)
calls=5490 0 
0 71370
0 24677550
cfn=(11306)
calls=4935510 0 
0 64161630
0 59292000
cfn=(11298)
calls=4941000 0 
0 44469000
0 19780470
cob=(2)
cfi=(2)
cfn=(4266)
calls=5490 0 
0 525936
0 5490
0 142740
cfn=(11306)
calls=5490 0 
0 71370
0 181170
cfn=(11298)
calls=5490 0 
0 49410
0 76860

fn=(11500) stan::math::arena_matrix<Eigen::Matrix<double, -1, -1, 0, -1, -1>, void>::arena_matrix<Eigen::CwiseUnaryView<Eigen::MatrixBase<Eigen::Map<Eigen::Matrix<stan::math::var_value<double, void>, -1, -1, 0, -1, -1>, 0, Eigen::Stride<0, 0> > >::val_Op, Eigen::Map<Eigen::Matrix<stan::math::var_value<double, void>, -1, -1, 0, -1, -1>, 0, Eigen::Stride<0, 0> > >, (void*)0>(Eigen::CwiseUnaryView<Eigen::MatrixBase<Eigen::Map<Eigen::Matrix<stan::math::var_value<double, void>, -1, -1, 0, -1, -1>, 0, Eigen::Stride<0, 0> > >::val_Op, Eigen::Map<Eigen::Matrix<stan::math::var_value<double, void>, -1, -1, 0, -1, -1>, 0, Eigen::Stride<0, 0> > > const&)
0 345870
cfn=(11306)
calls=16470 0 
0 214110
0 345870
cfn=(11306)
calls=16470 0 
0 214110
0 89382690

fn=(11504)
0 153720
cfn=(11384)
calls=5490 0 
0 25226550
0 76860
cfn=(11384)
calls=5490 0 
0 25226550
0 126270
cfn=(11306)
calls=5490 0 
0 71370
0 49410
cfn=(11306)
calls=5490 0 
0 71370
0 93330
cfn=(11306)
calls=5490 0 
0 71370
0 49355100
cfn=(11306)
calls=4935510 0 
0 64161630
0 69174000
cfn=(11298)
calls=4941000 0 
0 44469000
0 24776370
cfn=(11306)
calls=5490 0 
0 71370
0 175680
cfn=(11298)
calls=5490 0 
0 49410
0 87840
cfn=(11370)
calls=5490 0 
0 1857375
0 24825780

fn=(11506)
0 82350
cfn=(11306)
calls=5490 0 
0 71370
0 60390
cfn=(11298)
calls=5490 0 
0 49410
0 21960
cfn=(11508) auto stan::math::multiply<Eigen::Matrix<stan::math::var_value<double, void>, -1, -1, 0, -1, -1> const&, Eigen::Matrix<stan::math::var_value<double, void>, -1, -1, 0, -1, -1> const&, (void*)0, (void*)0, (void*)0>(Eigen::Matrix<stan::math::var_value<double, void>, -1, -1, 0, -1, -1> const&, Eigen::Matrix<stan::math::var_value<double, void>, -1, -1, 0, -1, -1> const&)
calls=5490 0 
0 739251596
0 43920
cfn=(11510) auto stan::math::multiply<Eigen::Matrix<stan::math::var_value<double, void>, -1, -1, 0, -1, -1> const&, Eigen::Transpose<Eigen::Map<Eigen::Matrix<stan::math::var_value<double, void>, -1, -1, 0, -1, -1>, 0, Eigen::Stride<0, 0> > const>, (void*)0, (void*)0, (void*)0>(Eigen::Matrix<stan::math::var_value<double, void>, -1, -1, 0, -1, -1> const&, Eigen::Transpose<Eigen::Map<Eigen::Matrix<stan::math::var_value<double, void>, -1, -1, 0, -1, -1>, 0, Eigen::Stride<0, 0> > const>&&)
calls=5490 0 
0 741327410
0 104310
cfn=(11370)
calls=5490 0 
0 2184661
0 31666320

fn=(11516)
0 54900
cfn=(11306)
calls=5490 0 
0 71370
0 76860
cfn=(11298)
calls=5490 0 
0 49410
0 65880

fn=(11522) stan::math::internal::callback_vari<double, stan::math::operator-(stan::math::var_value<double, void> const&, stan::math::var_value<double, void> const&)::{lambda(auto:1&&)#1}>::chain()
0 49410

fn=(11624) stan::math::internal::callback_vari<double, stan::math::square(stan::math::var_value<double, void> const&)::{lambda(auto:1&)#1}>::chain()
0 33434100

fn=(12586) void stan::model::internal::assign_impl<Eigen::Matrix<double, -1, 1, 0, -1, 1>&, Eigen::Matrix<double, -1, 1, 0, -1, 1> const&, (void*)0>(Eigen::Matrix<double, -1, 1, 0, -1, 1>&, Eigen::Matrix<double, -1, 1, 0, -1, 1> const&, char const*)
0 2700
cfn=(10098)
calls=100 0 
0 7100
0 800
cob=(7)
cfi=(7)
cfn=(10596)
calls=100 0 
0 18700
0 100
0 1200
cob=(7)
cfi=(7)
cfn=(5084)
calls=100 0 
0 3700
0 100
0 1000
cfn=(10098)
calls=100 0 
0 7100
0 800
cob=(7)
cfi=(7)
cfn=(10596)
calls=100 0 
0 18700
0 100
0 2800
cob=(7)
cfi=(7)
cfn=(5084)
calls=100 0 
0 3700
0 100
0 9700

fn=(13384) 0x00000000000208f0
0 9
cob=(2)
cfi=(2)
cfn=(13332)
calls=1 0 
0 94
0 1
cfn=(13392) 0x0000000000020880
calls=1 0 
0 5
0 3

fn=(10296) boost::object_cache<boost::re_detail_500::cpp_regex_traits_base<char>, boost::re_detail_500::cpp_regex_traits_implementation<char> >::do_get(boost::re_detail_500::cpp_regex_traits_base<char> const&, unsigned long)
0 19
cfn=(10298)
calls=1 0 
0 6
0 16
cob=(7)
cfi=(7)
cfn=(5126) __cxa_guard_acquire
calls=1 0 
0 17
0 1
0 17
cob=(2)
cfi=(2)
cfn=(4510) __cxa_atexit
calls=1 0 
0 66
0 1
0 2
cob=(7)
cfi=(7)
cfn=(5132) __cxa_guard_release
calls=1 0 
0 6
0 1
0 4
cob=(7)
cfi=(7)
cfn=(4902)
calls=1 0 
0 300
0 1
0 4
cob=(7)
cfi=(7)
cfn=(10288) std::locale::locale(std::locale const&)
calls=1 0 
0 7
0 1
0 6
cfn=(10306) boost::re_detail_500::cpp_regex_traits_char_layer<char>::init()
calls=1 0 
0 7894
0 20
cfn=(10322) boost::re_detail_500::cpp_regex_traits_implementation<char>::init()
calls=1 0 
0 1568
0 2
cob=(7)
cfi=(7)
cfn=(4902)
calls=1 0 
0 42
0 1
0 13
cob=(7)
cfi=(7)
cfn=(4902)
calls=1 0 
0 42
0 1
0 10
cob=(7)
cfi=(7)
cfn=(10366) std::__detail::_List_node_base::_M_hook(std::__detail::_List_node_base*)
calls=1 0 
0 7
0 1
0 6
cob=(7)
cfi=(7)
cfn=(10288)
calls=1 0 
0 7
0 1
0 13
cob=(7)
cfi=(7)
cfn=(4902)
calls=1 0 
0 42
0 1
0 7
cob=(7)
cfi=(7)
cfn=(10288)
calls=1 0 
0 7
0 1
0 13
cfn=(10368) std::_Rb_tree<boost::re_detail_500::cpp_regex_traits_base<char>, std::pair<boost::re_detail_500::cpp_regex_traits_base<char> const, std::_List_iterator<std::pair<std::shared_ptr<boost::re_detail_500::cpp_regex_traits_implementation<char> const>, boost::re_detail_500::cpp_regex_traits_base<char> const*> > >, std::_Select1st<std::pair<boost::re_detail_500::cpp_regex_traits_base<char> const, std::_List_iterator<std::pair<std::shared_ptr<boost::re_detail_500::cpp_regex_traits_implementation<char> const>, boost::re_detail_500::cpp_regex_traits_base<char> const*> > > >, std::less<boost::re_detail_500::cpp_regex_traits_base<char> >, std::allocator<std::pair<boost::re_detail_500::cpp_regex_traits_base<char> const, std::_List_iterator<std::pair<std::shared_ptr<boost::re_detail_500::cpp_regex_traits_implementation<char> const>, boost::re_detail_500::cpp_regex_traits_base<char> const*> > > > >::_M_get_insert_hint_unique_pos(std::_Rb_tree_const_iterator<std::pair<boost::re_detail_500::cpp_regex_traits_base<char> const, std::_List_iterator<std::pair<std::shared_ptr<boost::re_detail_500::cpp_regex_traits_implementation<char> const>, boost::re_detail_500::cpp_regex_traits_base<char> const*> > > >, boost::re_detail_500::cpp_regex_traits_base<char> const&)
calls=1 0 
0 23
0 16
cob=(7)
cfi=(7)
cfn=(10374) std::_Rb_tree_insert_and_rebalance(bool, std::_Rb_tree_node_base*, std::_Rb_tree_node_base*, std::_Rb_tree_node_base&)
calls=1 0 
0 16
0 1
0 5
cob=(7)
cfi=(7)
cfn=(4478)
calls=1 0 
0 6
0 1
0 3
cfn=(10298)
calls=1 0 
0 42
0 12

fn=(10306)
0 41
cfn=(10308) boost::cpp_regex_traits<char>::get_catalog_name[abi:cxx11]()
calls=1 0 
0 196
0 1927
cob=(2)
cfi=(2)
cfn=(4884)
calls=1 0 
0 77
0 1
0 232
cob=(2)
cfi=(2)
cfn=(4884)
calls=58 0 
0 4466
0 58
0 896

fn=(11570) stan::math::internal::callback_vari<double, stan::math::sum<Eigen::CwiseUnaryOp<stan::math::apply_scalar_unary<stan::math::log_fun, Eigen::Matrix<stan::math::var_value<double, void>, -1, -1, 0, -1, -1>&, void>::apply<Eigen::Matrix<stan::math::var_value<double, void>, -1, -1, 0, -1, -1>&>(Eigen::Matrix<stan::math::var_value<double, void>, -1, -1, 0, -1, -1>&)::{lambda(auto:1&&)#1}::operator()<Eigen::Matrix<stan::math::var_value<double, void>, -1, -1, 0, -1, -1>&>(Eigen::Matrix<stan::math::var_value<double, void>, -1, -1, 0, -1, -1>&) const::{lambda(auto:1&&)#1}, Eigen::Matrix<stan::math::var_value<double, void>, -1, -1, 0, -1, -1> const>, (void*)0>(Eigen::Matrix<stan::math::var_value<double, void>, -1, -1, 0, -1, -1>&)::{lambda(auto:1&)#1}>::chain()
0 34685820

fn=(11578) stan::math::internal::reverse_pass_callback_vari<stan::math::multiply<double, Eigen::Matrix<stan::math::var_value<double, void>, -1, 1, 0, -1, 1>&, (void*)0, (void*)0, (void*)0, (void*)0>(double const&, Eigen::Matrix<stan::math::var_value<double, void>, -1, 1, 0, -1, 1>&)::{lambda()#1}>::chain()
0 1603080

fn=(11596) void Eigen::internal::generic_product_impl<Eigen::Product<Eigen::CwiseUnaryOp<Eigen::MatrixBase<Eigen::Map<Eigen::Matrix<stan::math::var_value<double, void>, -1, -1, 0, -1, -1>, 0, Eigen::Stride<0, 0> > >::val_Op, Eigen::Map<Eigen::Matrix<stan::math::var_value<double, void>, -1, -1, 0, -1, -1>, 0, Eigen::Stride<0, 0> > >, Eigen::Matrix<double, -1, -1, 0, -1, -1>, 0>, Eigen::Transpose<Eigen::CwiseUnaryOp<Eigen::MatrixBase<Eigen::Map<Eigen::Matrix<stan::math::var_value<double, void>, -1, -1, 0, -1, -1>, 0, Eigen::Stride<0, 0> > >::val_Op, Eigen::Map<Eigen::Matrix<stan::math::var_value<double, void>, -1, -1, 0, -1, -1>, 0, Eigen::Stride<0, 0> > > >, Eigen::DenseShape, Eigen::DenseShape, 8>::scaleAndAddTo<Eigen::Matrix<double, -1, -1, 1, -1, -1> >(Eigen::Matrix<double, -1, -1, 1, -1, -1>&, Eigen::Product<Eigen::CwiseUnaryOp<Eigen::MatrixBase<Eigen::Map<Eigen::Matrix<stan::math::var_value<double, void>, -1, -1, 0, -1, -1>, 0, Eigen::Stride<0, 0> > >::val_Op, Eigen::Map<Eigen::Matrix<stan::math::var_value<double, void>, -1, -1, 0, -1, -1>, 0, Eigen::Stride<0, 0> > >, Eigen::Matrix<double, -1, -1, 0, -1, -1>, 0> const&, Eigen::Transpose<Eigen::CwiseUnaryOp<Eigen::MatrixBase<Eigen::Map<Eigen::Matrix<stan::math::var_value<double, void>, -1, -1, 0, -1, -1>, 0, Eigen::Stride<0, 0> > >::val_Op, Eigen::Map<Eigen::Matrix<stan::math::var_value<double, void>, -1, -1, 0, -1, -1>, 0, Eigen::Stride<0, 0> > > > const&, double const&)
0 603900
cfn=(10666)
calls=10980 0 
0 3722268
0 175680
cfn=(11396)
calls=10980 0 
0 79418340
0 76860
cfn=(11598) void Eigen::internal::generic_product_impl<Eigen::CwiseUnaryOp<Eigen::MatrixBase<Eigen::Map<Eigen::Matrix<stan::math::var_value<double, void>, -1, -1, 0, -1, -1>, 0, Eigen::Stride<0, 0> > >::val_Op, Eigen::Map<Eigen::Matrix<stan::math::var_value<double, void>, -1, -1, 0, -1, -1>, 0, Eigen::Stride<0, 0> > >, Eigen::Matrix<double, -1, -1, 0, -1, -1>, Eigen::DenseShape, Eigen::DenseShape, 8>::scaleAndAddTo<Eigen::Matrix<double, -1, -1, 0, -1, -1> >(Eigen::Matrix<double, -1, -1, 0, -1, -1>&, Eigen::CwiseUnaryOp<Eigen::MatrixBase<Eigen::Map<Eigen::Matrix<stan::math::var_value<double, void>, -1, -1, 0, -1, -1>, 0, Eigen::Stride<0, 0> > >::val_Op, Eigen::Map<Eigen::Matrix<stan::math::var_value<double, void>, -1, -1, 0, -1, -1>, 0, Eigen::Stride<0, 0> > > const&, Eigen::Matrix<double, -1, -1, 0, -1, -1> const&, double const&)
calls=10980 0 
0 760226730
0 241560
cfn=(11594)
calls=10980 0 
0 4173344
0 59610420
cfn=(11492)
calls=10980 0 
0 406260
0 252540
cfn=(11544) Eigen::internal::general_matrix_matrix_product<long, double, 0, false, double, 1, false, 0, 1>::run(long, long, long, double const*, long, double const*, long, double*, long, long, double, Eigen::internal::level3_blocking<double, double>&, Eigen::internal::GemmParallelInfo<long>*) [clone .isra.0]
calls=10980 0 
0 691641180
0 32940
cob=(2)
cfi=(2)
cfn=(4266)
calls=10980 0 
0 43920
0 10980
0 21960
cob=(2)
cfi=(2)
cfn=(4266)
calls=10980 0 
0 43920
0 10980
0 21960
cob=(2)
cfi=(2)
cfn=(4266)
calls=10980 0 
0 1247196
0 10980
0 21960
cob=(2)
cfi=(2)
cfn=(4266)
calls=10980 0 
0 1218648
0 10980
0 65880

fn=(10140) long double boost::math::detail::owens_t_dispatch<long double, boost::math::policies::policy<boost::math::policies::default_policy, boost::math::policies::default_policy, boost::math::policies::default_policy, boost::math::policies::default_policy, boost::math::policies::default_policy, boost::math::policies::default_policy, boost::math::policies::default_policy, boost::math::policies::default_policy, boost::math::policies::default_policy, boost::math::policies::default_policy, boost::math::policies::default_policy, boost::math::policies::default_policy, boost::math::policies::default_policy> >(long double, long double, long double, boost::math::policies::policy<boost::math::policies::default_policy, boost::math::policies::default_policy, boost::math::policies::default_policy, boost::math::policies::default_policy, boost::math::policies::default_policy, boost::math::policies::default_policy, boost::math::policies::default_policy, boost::math::policies::default_policy, boost::math::policies::default_policy, boost::math::policies::default_policy, boost::math::policies::default_policy, boost::math::policies::default_policy, boost::math::policies::default_policy> const&, std::integral_constant<int, 64> const&) [clone .isra.0]
0 230
cob=(6)
cfi=(6)
cfn=(10134)
calls=1 0 
0 68
0 1
0 324
cob=(6)
cfi=(6)
cfn=(10134)
calls=18 0 
0 1224
0 18
0 304
cob=(6)
cfi=(6)
cfn=(10134)
calls=1 0 
0 68
0 1
0 7
cfn=(10138)
calls=1 0 
0 411
0 498
cob=(6)
cfi=(6)
cfn=(10134)
calls=1 0 
0 68
0 1
0 14

fn=(10196) bs_model_construct
0 12
cob=(7)
cfi=(7)
cfn=(4902)
calls=1 0 
0 42
0 1
0 5
cfn=(10198) bs_model::bs_model(char const*, unsigned int)
calls=1 0 
0 17481668
0 10

fn=(10200) bridgestan::load_json(char const*)
0 15
cfn=(10098)
calls=1 0 
0 127
0 5
cob=(7)
cfi=(7)
cfn=(5084)
calls=1 0 
0 37
0 1
0 16
cfn=(10098)
calls=1 0 
0 71
0 19
cfn=(10204)
calls=1 0 
0 47
0 6
cob=(7)
cfi=(7)
cfn=(4928)
calls=1 0 
0 6
0 1
0 8
cob=(7)
cfi=(7)
cfn=(4470) std::ios_base::ios_base()
calls=1 0 
0 56
0 1
0 22
cob=(7)
cfi=(7)
cfn=(4472) std::basic_ios<char, std::char_traits<char> >::init(std::basic_streambuf<char, std::char_traits<char> >*)
calls=1 0 
0 147
0 1
0 8
cob=(7)
cfi=(7)
cfn=(10216) std::basic_filebuf<char, std::char_traits<char> >::basic_filebuf()
calls=1 0 
0 85
0 1
0 3
cob=(7)
cfi=(7)
cfn=(4472)
calls=1 0 
0 147
0 1
0 4
cob=(7)
cfi=(7)
cfn=(10222) std::basic_filebuf<char, std::char_traits<char> >::open(char const*, std::_Ios_Openmode)
calls=1 0 
0 674
0 1
0 7
cob=(7)
cfi=(7)
cfn=(10232) std::basic_ios<char, std::char_traits<char> >::clear(std::_Ios_Iostate)
calls=1 0 
0 9
0 1
0 5
cob=(7)
cfi=(7)
cfn=(4902)
calls=1 0 
0 42
0 1
0 4
cfn=(10234)
calls=1 0 
0 2305496
0 12
cob=(7)
cfi=(7)
cfn=(10612) std::basic_filebuf<char, std::char_traits<char> >::close()
calls=1 0 
0 546
0 1
0 2
cob=(7)
cfi=(7)
cfn=(10624) std::__basic_file<char>::~__basic_file()
calls=1 0 
0 21
0 1
0 5
cob=(7)
cfi=(7)
cfn=(4478)
calls=1 0 
0 6
0 1
0 9
cob=(7)
cfi=(7)
cfn=(5220) std::ios_base::~ios_base()
calls=1 0 
0 43
0 1
0 7
cob=(2)
cfi=(2)
cfn=(4324)
calls=1 0 
0 19
0 1
0 3

fn=(10260) void rapidjson::GenericReader<rapidjson::UTF8<char>, rapidjson::UTF8<char>, rapidjson::CrtAllocator>::ParseValue<274u, rapidjson::BasicIStreamWrapper<std::istream>, stan::json::RapidJSONHandler<stan::json::json_data_handler> >(rapidjson::BasicIStreamWrapper<std::istream>&, stan::json::RapidJSONHandler<stan::json::json_data_handler>&)
0 22
cfn=(10262) rapidjson::BasicIStreamWrapper<std::istream>::Read()
calls=1 0 
0 6
0 7
cob=(7)
cfi=(7)
cfn=(6682) std::__cxx11::basic_string<char, std::char_traits<char>, std::allocator<char> >::_M_replace(unsigned long, unsigned long, char const*, unsigned long)
calls=1 0 
0 40
0 1
0 3
cfn=(10266) stan::json::json_data_handler::start_object()
calls=1 0 
0 28
0 2
cfn=(10258) void rapidjson::SkipWhitespace<rapidjson::BasicIStreamWrapper<std::istream> >(rapidjson::BasicIStreamWrapper<std::istream>&)
calls=1 0 
0 217
0 9
cfn=(10262)
calls=1 0 
0 330
0 8
cfn=(10582) stan::json::json_data_handler::end_object()
calls=1 0 
0 102581
0 8
cfn=(10262)
calls=4 0 
0 197
0 8
cfn=(10258)
calls=4 0 
0 697
0 63
cfn=(10268) void rapidjson::GenericReader<rapidjson::UTF8<char>, rapidjson::UTF8<char>, rapidjson::CrtAllocator>::ParseString<274u, rapidjson::BasicIStreamWrapper<std::istream>, stan::json::RapidJSONHandler<stan::json::json_data_handler> >(rapidjson::BasicIStreamWrapper<std::istream>&, stan::json::RapidJSONHandler<stan::json::json_data_handler>&, bool)
calls=5 0 
0 45990
0 25
cfn=(10258)
calls=5 0 
0 80
0 40
cfn=(10262)
calls=5 0 
0 203
0 10
cfn=(10258)
calls=5 0 
0 130
0 35
cfn=(10261) void rapidjson::GenericReader<rapidjson::UTF8<char>, rapidjson::UTF8<char>, rapidjson::CrtAllocator>::ParseValue<274u, rapidjson::BasicIStreamWrapper<std::istream>, stan::json::RapidJSONHandler<stan::json::json_data_handler> >(rapidjson::BasicIStreamWrapper<std::istream>&, stan::json::RapidJSONHandler<stan::json::json_data_handler>&)'2
calls=5 0 
0 2143345
0 25
cfn=(10258)
calls=5 0 
0 90
0 37

fn=(10261)
0 8422
cfn=(10262)
calls=33 0 
0 1236
0 231
cob=(7)
cfi=(7)
cfn=(6682)
calls=33 0 
0 1320
0 33
0 99
cfn=(10538)
calls=33 0 
0 53532
0 66
cfn=(10258)
calls=33 0 
0 749
0 4323
cfn=(10261)
calls=990 0 
0 3877818
0 4950
cfn=(10258)
calls=990 0 
0 16041
0 8844
cfn=(10262)
calls=957 0 
0 43975
0 1914
cfn=(10258)
calls=957 0 
0 69476
0 3833
cfn=(10512) void rapidjson::GenericReader<rapidjson::UTF8<char>, rapidjson::UTF8<char>, rapidjson::CrtAllocator>::ParseNumber<274u, rapidjson::BasicIStreamWrapper<std::istream>, stan::json::RapidJSONHandler<stan::json::json_data_handler> >(rapidjson::BasicIStreamWrapper<std::istream>&, stan::json::RapidJSONHandler<stan::json::json_data_handler>&)
calls=962 0 
0 1874800
0 132
cfn=(10262)
calls=33 0 
0 1582
0 99
cfn=(10560) stan::json::json_data_handler::end_array()
calls=33 0 
0 47589
0 99

fn=(10370) std::_Rb_tree<boost::re_detail_500::cpp_regex_traits_base<char>, std::pair<boost::re_detail_500::cpp_regex_traits_base<char> const, std::_List_iterator<std::pair<std::shared_ptr<boost::re_detail_500::cpp_regex_traits_implementation<char> const>, boost::re_detail_500::cpp_regex_traits_base<char> const*> > >, std::_Select1st<std::pair<boost::re_detail_500::cpp_regex_traits_base<char> const, std::_List_iterator<std::pair<std::shared_ptr<boost::re_detail_500::cpp_regex_traits_implementation<char> const>, boost::re_detail_500::cpp_regex_traits_base<char> const*> > > >, std::less<boost::re_detail_500::cpp_regex_traits_base<char> >, std::allocator<std::pair<boost::re_detail_500::cpp_regex_traits_base<char> const, std::_List_iterator<std::pair<std::shared_ptr<boost::re_detail_500::cpp_regex_traits_implementation<char> const>, boost::re_detail_500::cpp_regex_traits_base<char> const*> > > > >::_M_get_insert_unique_pos(boost::re_detail_500::cpp_regex_traits_base<char> const&)
0 14

fn=(10476) std::vector<boost::sub_match<__gnu_cxx::__normal_iterator<char const*, std::__cxx11::basic_string<char, std::char_traits<char>, std::allocator<char> > > >, std::allocator<boost::sub_match<__gnu_cxx::__normal_iterator<char const*, std::__cxx11::basic_string<char, std::char_traits<char>, std::allocator<char> > > > > >::_M_fill_insert(__gnu_cxx::__normal_iterator<boost::sub_match<__gnu_cxx::__normal_iterator<char const*, std::__cxx11::basic_string<char, std::char_traits<char>, std::allocator<char> > > >*, std::vector<boost::sub_match<__gnu_cxx::__normal_iterator<char const*, std::__cxx11::basic_string<char, std::char_traits<char>, std::allocator<char> > > >, std::allocator<boost::sub_match<__gnu_cxx::__normal_iterator<char const*, std::__cxx11::basic_string<char, std::char_traits<char>, std::allocator<char> > > > > > >, unsigned long, boost::sub_match<__gnu_cxx::__normal_iterator<char const*, std::__cxx11::basic_string<char, std::char_traits<char>, std::allocator<char> > > > const&)
0 65
cfn=(10478) std::vector<boost::sub_match<__gnu_cxx::__normal_iterator<char const*, std::__cxx11::basic_string<char, std::char_traits<char>, std::allocator<char> > > >, std::allocator<boost::sub_match<__gnu_cxx::__normal_iterator<char const*, std::__cxx11::basic_string<char, std::char_traits<char>, std::allocator<char> > > > > >::_M_fill_append(unsigned long, boost::sub_match<__gnu_cxx::__normal_iterator<char const*, std::__cxx11::basic_string<char, std::char_traits<char>, std::allocator<char> > > > const&)
calls=5 0 
0 882

fn=(10504) std::_Rb_tree<std::__cxx11::basic_string<char, std::char_traits<char>, std::allocator<char> >, std::pair<std::__cxx11::basic_string<char, std::char_traits<char>, std::allocator<char> > const, int>, std::_Select1st<std::pair<std::__cxx11::basic_string<char, std::char_traits<char>, std::allocator<char> > const, int> >, std::less<std::__cxx11::basic_string<char, std::char_traits<char>, std::allocator<char> > >, std::allocator<std::pair<std::__cxx11::basic_string<char, std::char_traits<char>, std::allocator<char> > const, int> > >::_M_get_insert_hint_unique_pos(std::_Rb_tree_const_iterator<std::pair<std::__cxx11::basic_string<char, std::char_traits<char>, std::allocator<char> > const, int> >, std::__cxx11::basic_string<char, std::char_traits<char>, std::allocator<char> > const&) [clone .isra.0]
0 208
cfn=(10536) std::__cxx11::basic_string<char, std::char_traits<char>, std::allocator<char> >::compare(std::__cxx11::basic_string<char, std::char_traits<char>, std::allocator<char> > const&) const [clone .isra.0]
calls=8 0 
0 302
0 32
cfn=(10506)
calls=2 0 
0 58
0 24

fn=(10510) std::_Rb_tree<std::__cxx11::basic_string<char, std::char_traits<char>, std::allocator<char> >, std::pair<std::__cxx11::basic_string<char, std::char_traits<char>, std::allocator<char> > const, bool>, std::_Select1st<std::pair<std::__cxx11::basic_string<char, std::char_traits<char>, std::allocator<char> > const, bool> >, std::less<std::__cxx11::basic_string<char, std::char_traits<char>, std::allocator<char> > >, std::allocator<std::pair<std::__cxx11::basic_string<char, std::char_traits<char>, std::allocator<char> > const, bool> > >::_M_get_insert_unique_pos(std::__cxx11::basic_string<char, std::char_traits<char>, std::allocator<char> > const&) [clone .isra.0]
0 29

fn=(10512)
0 22858
cfn=(10262)
calls=366 0 
0 24859
0 2960
cfn=(10272) char* rapidjson::internal::Stack<rapidjson::CrtAllocator>::Push<char>(unsigned long) [clone .constprop.0]
calls=226 0 
0 3390
0 1130
cfn=(10262)
calls=226 0 
0 10871
0 4425
cfn=(10262)
calls=956 0 
0 45180
0 16825
cfn=(10272)
calls=2 0 
0 30
0 10
cfn=(10262)
calls=2 0 
0 358
0 175186
cfn=(10272)
calls=14036 0 
0 210540
0 498
cfn=(10272)
calls=83 0 
0 1245
0 70595
cfn=(10262)
calls=14119 0 
0 698320
0 187072
cfn=(10272)
calls=962 0 
0 14430
0 39692
cfn=(10550) stan::json::json_data_handler::promote_to_double()
calls=956 0 
0 235278
0 10500
cfn=(10548) stan::json::json_data_handler::number_int(int)
calls=2 0 
0 607
0 4855
cfn=(10556)
calls=437 0 
0 30468
0 1794
cfn=(10556)
calls=299 0 
0 20412
0 29934
cfn=(10514) stan::json::json_data_handler::number_unsigned_int(unsigned int)
calls=4 0 
0 1232
0 46
cfn=(10554) void std::vector<double, std::allocator<double> >::_M_realloc_append<double const&>(double const&)
calls=10 0 
0 3120
0 10
0 6070

fn=(10544) std::_Rb_tree_iterator<std::pair<std::__cxx11::basic_string<char, std::char_traits<char>, std::allocator<char> > const, stan::json::array_dims> > std::_Rb_tree<std::__cxx11::basic_string<char, std::char_traits<char>, std::allocator<char> >, std::pair<std::__cxx11::basic_string<char, std::char_traits<char>, std::allocator<char> > const, stan::json::array_dims>, std::_Select1st<std::pair<std::__cxx11::basic_string<char, std::char_traits<char>, std::allocator<char> > const, stan::json::array_dims> >, std::less<std::__cxx11::basic_string<char, std::char_traits<char>, std::allocator<char> > >, std::allocator<std::pair<std::__cxx11::basic_string<char, std::char_traits<char>, std::allocator<char> > const, stan::json::array_dims> > >::_M_emplace_hint_unique<std::piecewise_construct_t const&, std::tuple<std::__cxx11::basic_string<char, std::char_traits<char>, std::allocator<char> > const&>, std::tuple<> >(std::_Rb_tree_const_iterator<std::pair<std::__cxx11::basic_string<char, std::char_traits<char>, std::allocator<char> > const, stan::json::array_dims> >, std::piecewise_construct_t const&, std::tuple<std::__cxx11::basic_string<char, std::char_traits<char>, std::allocator<char> > const&>&&, std::tuple<>&&) [clone .isra.0]
0 36
cob=(7)
cfi=(7)
cfn=(4902)
calls=3 0 
0 386
0 3
0 24
cob=(8) /home/m0hawk/Documents/apin/stan/external/walnutpie/build_e27/examples/stan_cli
cfi=(8) ???
cfn=(4896) void std::__cxx11::basic_string<char, std::char_traits<char>, std::allocator<char> >::_M_construct<true>(char const*, unsigned long)
calls=3 0 
0 108
0 3
0 70
cfn=(10546) std::_Rb_tree<std::__cxx11::basic_string<char, std::char_traits<char>, std::allocator<char> >, std::pair<std::__cxx11::basic_string<char, std::char_traits<char>, std::allocator<char> > const, stan::json::array_dims>, std::_Select1st<std::pair<std::__cxx11::basic_string<char, std::char_traits<char>, std::allocator<char> > const, stan::json::array_dims> >, std::less<std::__cxx11::basic_string<char, std::char_traits<char>, std::allocator<char> > >, std::allocator<std::pair<std::__cxx11::basic_string<char, std::char_traits<char>, std::allocator<char> > const, stan::json::array_dims> > >::_M_get_insert_unique_pos(std::__cxx11::basic_string<char, std::char_traits<char>, std::allocator<char> > const&) [clone .isra.0]
calls=1 0 
0 29
0 36
cob=(7)
cfi=(7)
cfn=(10374)
calls=3 0 
0 91
0 3
0 26
cfn=(10536)
calls=2 0 
0 74
0 22
cfn=(10536)
calls=2 0 
0 74
0 6

fn=(10558) double& std::vector<double, std::allocator<double> >::emplace_back<double>(double&&) [clone .isra.0]
0 18

fn=(10566) std::_Rb_tree<std::__cxx11::basic_string<char, std::char_traits<char>, std::allocator<char> >, std::pair<std::__cxx11::basic_string<char, std::char_traits<char>, std::allocator<char> > const, std::pair<std::vector<double, std::allocator<double> >, std::vector<unsigned long, std::allocator<unsigned long> > > >, std::_Select1st<std::pair<std::__cxx11::basic_string<char, std::char_traits<char>, std::allocator<char> > const, std::pair<std::vector<double, std::allocator<double> >, std::vector<unsigned long, std::allocator<unsigned long> > > > >, std::less<std::__cxx11::basic_string<char, std::char_traits<char>, std::allocator<char> > >, std::allocator<std::pair<std::__cxx11::basic_string<char, std::char_traits<char>, std::allocator<char> > const, std::pair<std::vector<double, std::allocator<double> >, std::vector<unsigned long, std::allocator<unsigned long> > > > > >::_M_get_insert_unique_pos(std::__cxx11::basic_string<char, std::char_traits<char>, std::allocator<char> > const&) [clone .isra.0]
0 29

fn=(10588) void std::__insertion_sort<char*, std::less<void> >(char*, char*, std::less<void>) [clone .isra.0]
0 30

fn=(10600) void std::vector<unsigned long, std::allocator<unsigned long> >::_M_realloc_append<unsigned long const&>(unsigned long const&)
0 135
cob=(7)
cfi=(7)
cfn=(4902)
calls=5 0 
0 396
0 5
0 29
cob=(2)
cfi=(2)
cfn=(4884)
calls=1 0 
0 13
0 1
0 19
cob=(7)
cfi=(7)
cfn=(5084)
calls=1 0 
0 37
0 1
0 60

fn=(10604)
0 37
cob=(7)
cfi=(7)
cfn=(5084)
calls=1 0 
0 37
0 1
0 24
cob=(7)
cfi=(7)
cfn=(5084)
calls=2 0 
0 74
0 2
0 11

fn=(10650) stan::json::json_data::vals_i(std::__cxx11::basic_string<char, std::char_traits<char>, std::allocator<char> > const&) const
0 40
cfn=(10520) std::_Rb_tree<std::__cxx11::basic_string<char, std::char_traits<char>, std::allocator<char> >, std::pair<std::__cxx11::basic_string<char, std::char_traits<char>, std::allocator<char> > const, std::pair<std::vector<int, std::allocator<int> >, std::vector<unsigned long, std::allocator<unsigned long> > > >, std::_Select1st<std::pair<std::__cxx11::basic_string<char, std::char_traits<char>, std::allocator<char> > const, std::pair<std::vector<int, std::allocator<int> >, std::vector<unsigned long, std::allocator<unsigned long> > > > >, std::less<std::__cxx11::basic_string<char, std::char_traits<char>, std::allocator<char> > >, std::allocator<std::pair<std::__cxx11::basic_string<char, std::char_traits<char>, std::allocator<char> > const, std::pair<std::vector<int, std::allocator<int> >, std::vector<unsigned long, std::allocator<unsigned long> > > > > >::find(std::__cxx11::basic_string<char, std::char_traits<char>, std::allocator<char> > const&) const [clone .isra.0]
calls=2 0 
0 255
0 14
cfn=(10520)
calls=2 0 
0 255
0 16
cob=(7)
cfi=(7)
cfn=(4902)
calls=2 0 
0 76
0 2
0 26
cob=(2)
cfi=(2)
cfn=(4884)
calls=2 0 
0 30
0 2
0 20

fn=(10702) kronecker_gp_model_namespace::kronecker_gp_model::model_compile_info[abi:cxx11]() const
0 14
cob=(7)
cfi=(7)
cfn=(5324) std::__cxx11::basic_string<char, std::char_traits<char>, std::allocator<char> >::_M_create(unsigned long&, unsigned long)
calls=1 0 
0 54
0 1
0 18
cob=(7)
cfi=(7)
cfn=(5324)
calls=1 0 
0 54
0 1
0 16
cob=(7)
cfi=(7)
cfn=(4902)
calls=1 0 
0 42
0 1
0 16
cob=(2)
cfi=(2)
cfn=(4884)
calls=1 0 
0 11
0 1
0 11
cob=(2)
cfi=(2)
cfn=(4884)
calls=1 0 
0 11
0 1
0 20
cob=(7)
cfi=(7)
cfn=(5084)
calls=2 0 
0 74
0 2
0 21
cob=(7)
cfi=(7)
cfn=(5324)
calls=1 0 
0 54
0 1
0 17
cob=(7)
cfi=(7)
cfn=(5324)
calls=1 0 
0 54
0 1
0 11

fn=(11218) bs_param_unc_num
0 4

fn=(11398) void Eigen::internal::evaluateProductBlockingSizesHeuristic<double, double, 4, long>(long&, long&, long&, long)
0 388680
cob=(7)
cfi=(7)
cfn=(5126)
calls=1 0 
0 17
0 1
0 12
cfn=(11400) Eigen::internal::queryCacheSizes(int&, int&, int&)
calls=1 0 
0 176
0 17
cob=(7)
cfi=(7)
cfn=(5132)
calls=1 0 
0 6
0 1
0 22214

fn=(11406) Eigen::internal::gemm_pack_rhs<double, long, Eigen::internal::const_blas_data_mapper<double, long, 1>, 4, 1, false, false>::operator()(double*, Eigen::internal::const_blas_data_mapper<double, long, 1> const&, long, long, long, long) [clone .constprop.0]
0 89447600

fn=(11410) Eigen::internal::gebp_kernel<double, double, long, Eigen::internal::blas_data_mapper<double, long, 0, 0, 1>, 4, 4, false, false>::operator()(Eigen::internal::blas_data_mapper<double, long, 0, 0, 1> const&, double const*, double const*, long, long, long, double, long, long, long, long) [clone .constprop.0]
0 5050389135
cfn=(11412)
calls=138125 0 
0 558801350
0 2272025

fn=(11424)
0 827090
cob=(2)
cfi=(2)
cfn=(4266)
calls=45320 0 
0 181280
0 45320
0 407880
cfn=(10656)
calls=45320 0 
0 1994943
0 271920

fn=(11428) void Eigen::internal::tridiagonalization_inplace<Eigen::Matrix<double, -1, -1, 0, -1, -1>, Eigen::Matrix<double, -1, 1, 0, -1, 1> >(Eigen::Matrix<double, -1, -1, 0, -1, -1>&, Eigen::Matrix<double, -1, 1, 0, -1, 1>&)
0 396550
cfn=(11430)
calls=11330 0 
0 226600
0 2220680
cfn=(11430)
calls=317240 0 
0 6344800
0 17742780
cfn=(11432) void Eigen::MatrixBase<Eigen::Block<Eigen::Block<Eigen::Matrix<double, -1, -1, 0, -1, -1>, -1, 1, true>, -1, 1, false> >::makeHouseholder<Eigen::VectorBlock<Eigen::Block<Eigen::Block<Eigen::Matrix<double, -1, -1, 0, -1, -1>, -1, 1, true>, -1, 1, false>, -1> >(Eigen::VectorBlock<Eigen::Block<Eigen::Block<Eigen::Matrix<double, -1, -1, 0, -1, -1>, -1, 1, true>, -1, 1, false>, -1>&, double&, double&) const
calls=328570 0 
0 53919470
0 1642850
cfn=(11430)
calls=328570 0 
0 6571400
0 3942840
cfn=(11430)
calls=328570 0 
0 6571400
0 15442790
cfn=(11434)
calls=328570 0 
0 10842810
0 23260490
cob=(2)
cfi=(2)
cfn=(4952)
calls=305910 0 
0 6027560
0 305910
0 2957130
cob=(2)
cfi=(2)
cfn=(4952)
calls=328570 0 
0 4271410
0 328570
0 2299990
cfn=(11436) void Eigen::internal::selfadjoint_product_impl<Eigen::Block<Eigen::Matrix<double, -1, -1, 0, -1, -1>, -1, -1, false>, 17, false, Eigen::CwiseBinaryOp<Eigen::internal::scalar_product_op<double, double>, Eigen::CwiseNullaryOp<Eigen::internal::scalar_constant_op<double>, Eigen::Matrix<double, -1, 1, 0, -1, 1> const> const, Eigen::Block<Eigen::Block<Eigen::Matrix<double, -1, -1, 0, -1, -1>, -1, 1, true>, -1, 1, false> const>, 0, true>::run<Eigen::Block<Eigen::Matrix<double, -1, 1, 0, -1, 1>, -1, 1, false> >(Eigen::Block<Eigen::Matrix<double, -1, 1, 0, -1, 1>, -1, 1, false>&, Eigen::Block<Eigen::Matrix<double, -1, -1, 0, -1, -1>, -1, -1, false> const&, Eigen::CwiseBinaryOp<Eigen::internal::scalar_product_op<double, double>, Eigen::CwiseNullaryOp<Eigen::internal::scalar_constant_op<double>, Eigen::Matrix<double, -1, 1, 0, -1, 1> const> const, Eigen::Block<Eigen::Block<Eigen::Matrix<double, -1, -1, 0, -1, -1>, -1, 1, true>, -1, 1, false> const> const&, double const&) [clone .isra.0]
calls=328570 0 
0 523457330
0 1314280
cfn=(11430)
calls=328570 0 
0 6571400
0 6899970
cfn=(11430)
calls=328570 0 
0 6571400
0 53568240
cfn=(11434)
calls=328570 0 
0 10842810
0 4599980
cfn=(11430)
calls=328570 0 
0 6571400
0 483417110
cfn=(11430)
calls=328570 0 
0 6571400
0 8066960

fn=(11430)
0 62091640

fn=(11432)
0 4690620
cfn=(10652)
calls=11330 0 
0 67980
0 49160870

fn=(11480) auto stan::math::multiply<double, Eigen::Matrix<stan::math::var_value<double, void>, -1, 1, 0, -1, 1>&, (void*)0, (void*)0, (void*)0, (void*)0>(double const&, Eigen::Matrix<stan::math::var_value<double, void>, -1, 1, 0, -1, 1>&) [clone .isra.0]
0 76860
cfn=(11306)
calls=5490 0 
0 71370
0 65880
cfn=(11306)
calls=5490 0 
0 71370
0 889380
cfn=(11306)
calls=5490 0 
0 71370
0 38430
cfn=(11306)
calls=5490 0 
0 71370
0 60390
cfn=(11306)
calls=5490 0 
0 71370
0 1076040
cfn=(11306)
calls=153720 0 
0 1998360
0 2228940
cfn=(11298)
calls=159210 0 
0 1432890
0 697230
cfn=(11306)
calls=5490 0 
0 71370
0 76860
cfn=(11298)
calls=5490 0 
0 49410
0 60390

fn=(11482)
0 104310
cfn=(11306)
calls=5490 0 
0 71370
0 115290
cfn=(11306)
calls=5490 0 
0 71370
0 104310
cob=(6)
cfi=(6)
cfn=(11470)
calls=5490 0 
0 257930
0 5490
0 14806530
cob=(6)
cfi=(6)
cfn=(11470)
calls=4935510 0 
0 231774535
0 4935510
0 24705000
cfn=(11306)
calls=4941000 0 
0 64233000
0 59292000
cfn=(11298)
calls=4941000 0 
0 44535121
0 65457270
cfn=(11306)
calls=5490 0 
0 71370
0 65880
cfn=(11298)
calls=5490 0 
0 49410
0 120780

fn=(11530) stan::math::elt_multiply<Eigen::Map<Eigen::Matrix<double, -1, -1, 0, -1, -1>, 0, Eigen::Stride<0, 0> >, Eigen::Matrix<stan::math::var_value<double, void>, -1, -1, 0, -1, -1>, (void*)0, (void*)0>(Eigen::Map<Eigen::Matrix<double, -1, -1, 0, -1, -1>, 0, Eigen::Stride<0, 0> > const&, Eigen::Matrix<stan::math::var_value<double, void>, -1, -1, 0, -1, -1> const&)::{lambda()#1}::operator()()
0 44677620

fn=(11560) stan::math::elt_divide<Eigen::Matrix<stan::math::var_value<double, void>, -1, -1, 0, -1, -1>, Eigen::Matrix<stan::math::var_value<double, void>, -1, -1, 0, -1, -1>, (void*)0, (void*)0>(Eigen::Matrix<stan::math::var_value<double, void>, -1, -1, 0, -1, -1> const&, Eigen::Matrix<stan::math::var_value<double, void>, -1, -1, 0, -1, -1> const&)::{lambda()#1}::operator()()
0 76113360

fn=(11562) stan::math::internal::reverse_pass_callback_vari<stan::math::multiply<Eigen::Transpose<Eigen::Matrix<stan::math::var_value<double, void>, -1, -1, 0, -1, -1> const> const&, Eigen::Transpose<Eigen::Map<Eigen::Matrix<stan::math::var_value<double, void>, -1, -1, 0, -1, -1>, 0, Eigen::Stride<0, 0> > const>, (void*)0, (void*)0, (void*)0>(Eigen::Transpose<Eigen::Matrix<stan::math::var_value<double, void>, -1, -1, 0, -1, -1> const> const&, Eigen::Transpose<Eigen::Map<Eigen::Matrix<stan::math::var_value<double, void>, -1, -1, 0, -1, -1>, 0, Eigen::Stride<0, 0> > const>&&)::{lambda()#1}>::chain()
0 10980
cfn=(11564) stan::math::multiply<Eigen::Transpose<Eigen::Matrix<stan::math::var_value<double, void>, -1, -1, 0, -1, -1> const> const&, Eigen::Transpose<Eigen::Map<Eigen::Matrix<stan::math::var_value<double, void>, -1, -1, 0, -1, -1>, 0, Eigen::Stride<0, 0> > const>, (void*)0, (void*)0, (void*)0>(Eigen::Transpose<Eigen::Matrix<stan::math::var_value<double, void>, -1, -1, 0, -1, -1> const> const&, Eigen::Transpose<Eigen::Map<Eigen::Matrix<stan::math::var_value<double, void>, -1, -1, 0, -1, -1>, 0, Eigen::Stride<0, 0> > const>&&)::{lambda()#1}::operator()()
calls=5490 0 
0 884785038

fn=(11568) void Eigen::internal::generic_product_impl<Eigen::CwiseUnaryOp<Eigen::MatrixBase<Eigen::Map<Eigen::Matrix<stan::math::var_value<double, void>, -1, -1, 0, -1, -1>, 0, Eigen::Stride<0, 0> > >::adj_Op, Eigen::Map<Eigen::Matrix<stan::math::var_value<double, void>, -1, -1, 0, -1, -1>, 0, Eigen::Stride<0, 0> > >, Eigen::Transpose<Eigen::Map<Eigen::Matrix<double, -1, -1, 0, -1, -1>, 0, Eigen::Stride<0, 0> > >, Eigen::DenseShape, Eigen::DenseShape, 8>::scaleAndAddTo<Eigen::Matrix<double, -1, -1, 0, -1, -1> >(Eigen::Matrix<double, -1, -1, 0, -1, -1>&, Eigen::CwiseUnaryOp<Eigen::MatrixBase<Eigen::Map<Eigen::Matrix<stan::math::var_value<double, void>, -1, -1, 0, -1, -1>, 0, Eigen::Stride<0, 0> > >::adj_Op, Eigen::Map<Eigen::Matrix<stan::math::var_value<double, void>, -1, -1, 0, -1, -1>, 0, Eigen::Stride<0, 0> > > const&, Eigen::Transpose<Eigen::Map<Eigen::Matrix<double, -1, -1, 0, -1, -1>, 0, Eigen::Stride<0, 0> > > const&, double const&)
0 241560
cfn=(10666)
calls=5490 0 
0 1711172
0 29854620
cfn=(11492)
calls=5490 0 
0 203130
0 137250
cfn=(11544)
calls=5490 0 
0 345820590
0 16470
cob=(2)
cfi=(2)
cfn=(4266)
calls=5490 0 
0 21960
0 5490
0 10980
cob=(2)
cfi=(2)
cfn=(4266)
calls=5490 0 
0 21960
0 5490
0 49410
cob=(2)
cfi=(2)
cfn=(4266)
calls=5490 0 
0 586421
0 5490

fn=(11614) Eigen::internal::gemm_pack_rhs<double, long, Eigen::internal::const_blas_data_mapper<double, long, 0>, 4, 0, false, true>::operator()(double*, Eigen::internal::const_blas_data_mapper<double, long, 0> const&, long, long, long, long) [clone .isra.0]
0 19390680

fn=(11670) stan::math::recover_memory_nested()
0 274510
cfn=(11672) stan::math::chainable_object<Eigen::Matrix<stan::math::var_value<double, void>, -1, -1, 0, -1, -1> >::~chainable_object()
calls=5490 0 
0 1172282
0 305575

fn=(12562) bs_param_constrain
0 600
cfn=(12564) bs_model::param_constrain(bool, bool, double const*, double*, boost::random::mixmax_engine<17, 36u, 0l>&) const
calls=50 0 
0 65796399
0 400

fn=(12564)
0 1600
cfn=(12566) stan::model::model_base_crtp<kronecker_gp_model_namespace::kronecker_gp_model>::write_array(boost::random::mixmax_engine<17, 36u, 0l>&, Eigen::Matrix<double, -1, 1, 0, -1, 1>&, Eigen::Matrix<double, -1, 1, 0, -1, 1>&, bool, bool, std::ostream*) const
calls=50 0 
0 65067429
0 450
cob=(2)
cfi=(2)
cfn=(4266)
calls=50 0 
0 6245
0 50
0 100
cob=(2)
cfi=(2)
cfn=(4266)
calls=50 0 
0 4878
0 50
0 684800
cob=(2)
cfi=(2)
cfn=(4582) malloc
calls=50 0 
0 11101
0 50
0 950
cob=(2)
cfi=(2)
cfn=(4884)
calls=50 0 
0 18246
0 50
0 400

fn=(12790) std::_Sp_counted_ptr<boost::regex_traits_wrapper<boost::regex_traits<char, boost::cpp_regex_traits<char> > >*, (__gnu_cxx::_Lock_policy)2>::_M_destroy()
0 2
cob=(7)
cfi=(7)
cfn=(5084)
calls=1 0 
0 116
0 1

fn=(13392)
0 5

fn=(9794) stan::math::ad_tape_observer::on_scheduler_entry(bool)
0 18
cob=(2)
cfi=(2)
cfn=(6916) pthread_mutex_lock
calls=2 0 
0 58
0 2
0 8
cob=(2)
cfi=(2)
cfn=(7788) pthread_self
calls=2 0 
0 6
0 2
0 18
cob=(2)
cfi=(2)
cfn=(7082) pthread_mutex_unlock
calls=2 0 
0 38
0 2
0 30
cob=(7)
cfi=(7)
cfn=(9802) std::_Hash_bytes(void const*, unsigned long, unsigned long)
calls=2 0 
0 74
0 2
0 30
cob=(7)
cfi=(7)
cfn=(4902)
calls=2 0 
0 76
0 2
0 38
cob=(7)
cfi=(7)
cfn=(9802)
calls=2 0 
0 74
0 2
0 12
cob=(7)
cfi=(7)
cfn=(4902)
calls=2 0 
0 84
0 2
0 26
cfn=(9806)
calls=2 0 
0 384
0 7
cob=(7)
cfi=(7)
cfn=(4902)
calls=1 0 
0 215
0 1
0 5
cob=(2)
cfi=(2)
cfn=(4952)
calls=1 0 
0 36
0 1
0 2
cfn=(9816) stan::math::AutodiffStackSingleton<stan::math::vari_base, stan::math::chainable_alloc>::AutodiffStackStorage::AutodiffStackStorage()
calls=1 0 
0 344
0 3

fn=(11590) stan::math::w32_eigh<Eigen::Matrix<stan::math::var_value<double, void>, -1, -1, 0, -1, -1>, (void*)0>(Eigen::Matrix<stan::math::var_value<double, void>, -1, -1, 0, -1, -1> const&)::{lambda()#1}::operator()()
0 691740
cfn=(10666)
calls=10980 0 
0 4619594
0 52769880
cfn=(10652)
calls=10980 0 
0 65880
0 2217960
cfn=(10666)
calls=10980 0 
0 3426340
0 142740
cfn=(10666)
calls=10980 0 
0 3690042
0 153720
cfn=(11396)
calls=10980 0 
0 79418340
0 109800
cfn=(11592)
calls=10980 0 
0 832559934
0 39802500
cob=(2)
cfi=(2)
cfn=(4266)
calls=10980 0 
0 1268924
0 10980
0 3228120
cfn=(11594)
calls=10980 0 
0 4385900
0 263520
cob=(2)
cfi=(2)
cfn=(4952)
calls=10980 0 
0 79264620
0 10980
0 120780
cfn=(11596)
calls=10980 0 
0 1603311386
0 82229220
cob=(2)
cfi=(2)
cfn=(4266)
calls=10980 0 
0 1268924
0 10980
0 21960
cob=(2)
cfi=(2)
cfn=(4266)
calls=10980 0 
0 1177630
0 10980
0 21960
cob=(2)
cfi=(2)
cfn=(4266)
calls=10980 0 
0 1272644
0 10980
0 120780

fn=(10098)
0 1112580
cob=(2)
cfi=(2)
cfn=(4318) 0x00000000001b4b80
calls=79470 0 
0 1114580
0 79470
0 1509916
cob=(7)
cfi=(7)
cfn=(5324)
calls=130 0 
0 7020
0 130
0 1170
cob=(2)
cfi=(2)
cfn=(4884)
calls=130 0 
0 2805
0 130
0 317304
cob=(2)
cfi=(2)
cfn=(4884)
calls=79326 0 
0 1189929
0 79326
0 238368

fn=(10138)
0 136
cob=(6)
cfi=(6)
cfn=(10144)
calls=1 0 
0 17
0 1
0 4
cob=(6)
cfi=(6)
cfn=(10148)
calls=1 0 
0 41
0 1
0 14
cob=(6)
cfi=(6)
cfn=(10148)
calls=1 0 
0 41
0 1
0 17
cob=(6)
cfi=(6)
cfn=(10134)
calls=1 0 
0 68
0 1
0 20
cob=(6)
cfi=(6)
cfn=(10134)
calls=1 0 
0 68
0 1
0 10

fn=(10156) long double boost::math::detail::bessel_k1_imp<long double>(long double const&, std::integral_constant<int, 64> const&) [clone .isra.0]
0 23
cob=(6)
cfi=(6)
cfn=(10134)
calls=1 0 
0 68
0 1
0 5
cob=(6)
cfi=(6)
cfn=(10172)
calls=1 0 
0 13
0 1
0 10
cob=(6)
cfi=(6)
cfn=(10160)
calls=1 0 
0 32
0 1
0 4

fn=(10266)
0 28

fn=(10368)
0 9
cfn=(10370)
calls=1 0 
0 14

fn=(10428) boost::re_detail_500::basic_regex_creator<char, boost::regex_traits<char, boost::cpp_regex_traits<char> > >::append_state(boost::re_detail_500::syntax_element_type, unsigned long)
0 90

fn=(10456)
0 60

fn=(10490) boost::re_detail_500::perl_matcher<__gnu_cxx::__normal_iterator<char const*, std::__cxx11::basic_string<char, std::char_traits<char>, std::allocator<char> > >, std::allocator<boost::sub_match<__gnu_cxx::__normal_iterator<char const*, std::__cxx11::basic_string<char, std::char_traits<char>, std::allocator<char> > > > >, boost::regex_traits<char, boost::cpp_regex_traits<char> > >::match_match()
0 252

fn=(10492) boost::re_detail_500::perl_matcher<__gnu_cxx::__normal_iterator<char const*, std::__cxx11::basic_string<char, std::char_traits<char>, std::allocator<char> > >, std::allocator<boost::sub_match<__gnu_cxx::__normal_iterator<char const*, std::__cxx11::basic_string<char, std::char_traits<char>, std::allocator<char> > > > >, boost::regex_traits<char, boost::cpp_regex_traits<char> > >::unwind_short_set_repeat(bool)
0 271

fn=(10508) std::_Rb_tree<std::__cxx11::basic_string<char, std::char_traits<char>, std::allocator<char> >, std::pair<std::__cxx11::basic_string<char, std::char_traits<char>, std::allocator<char> > const, bool>, std::_Select1st<std::pair<std::__cxx11::basic_string<char, std::char_traits<char>, std::allocator<char> > const, bool> >, std::less<std::__cxx11::basic_string<char, std::char_traits<char>, std::allocator<char> > >, std::allocator<std::pair<std::__cxx11::basic_string<char, std::char_traits<char>, std::allocator<char> > const, bool> > >::_M_get_insert_hint_unique_pos(std::_Rb_tree_const_iterator<std::pair<std::__cxx11::basic_string<char, std::char_traits<char>, std::allocator<char> > const, bool> >, std::__cxx11::basic_string<char, std::char_traits<char>, std::allocator<char> > const&) [clone .isra.0]
0 104
cfn=(10536)
calls=4 0 
0 154
0 16
cfn=(10510)
calls=1 0 
0 29
0 12

fn=(10524)
0 2502
cob=(2)
cfi=(2)
cfn=(4324)
calls=133 0 
0 1411
0 133
0 1859
cob=(2)
cfi=(2)
cfn=(4324)
calls=66 0 
0 705
0 66
0 1287

fn=(10542)
0 5340
cob=(2)
cfi=(2)
cfn=(4324)
calls=258 0 
0 2700
0 258
0 3616
cob=(2)
cfi=(2)
cfn=(4324)
calls=129 0 
0 1362
0 129
0 3012
cfn=(10544)
calls=2 0 
0 799
0 6
cfn=(10544)
calls=1 0 
0 192
0 6

fn=(10584) stan::json::json_data_handler::update_array_dims()
0 27
cob=(7)
cfi=(7)
cfn=(10434) std::_Rb_tree_increment(std::_Rb_tree_node_base*)
calls=5 0 
0 72
0 5
0 57
cfn=(10586)
calls=3 0 
0 27
0 9
cfn=(10588)
calls=3 0 
0 30
0 27
cob=(2)
cfi=(2)
cfn=(4884)
calls=3 0 
0 48
0 3
0 30
cob=(2)
cfi=(2)
cfn=(4884)
calls=3 0 
0 48
0 3
0 104
cob=(2)
cfi=(2)
cfn=(4884)
calls=3 0 
0 48
0 3
0 33
cob=(2)
cfi=(2)
cfn=(4884)
calls=3 0 
0 48
0 3
0 30
cob=(2)
cfi=(2)
cfn=(4884)
calls=3 0 
0 48
0 3
0 33
cob=(2)
cfi=(2)
cfn=(4884)
calls=3 0 
0 48
0 3
0 30
cob=(2)
cfi=(2)
cfn=(4884)
calls=3 0 
0 48
0 3
0 30
cob=(2)
cfi=(2)
cfn=(4884)
calls=3 0 
0 48
0 3
0 30
cob=(2)
cfi=(2)
cfn=(4884)
calls=3 0 
0 48
0 3
0 9
cob=(7)
cfi=(7)
cfn=(4902)
calls=3 0 
0 126
0 3
0 171
cfn=(10590) boost::detail::function::function_obj_invoker<boost::algorithm::detail::token_finderF<boost::algorithm::detail::is_any_ofF<char> >, boost::iterator_range<__gnu_cxx::__normal_iterator<char const*, std::__cxx11::basic_string<char, std::char_traits<char>, std::allocator<char> > > >, __gnu_cxx::__normal_iterator<char const*, std::__cxx11::basic_string<char, std::char_traits<char>, std::allocator<char> > >, __gnu_cxx::__normal_iterator<char const*, std::__cxx11::basic_string<char, std::char_traits<char>, std::allocator<char> > > >::invoke(boost::detail::function::function_buffer&, __gnu_cxx::__normal_iterator<char const*, std::__cxx11::basic_string<char, std::char_traits<char>, std::allocator<char> > >, __gnu_cxx::__normal_iterator<char const*, std::__cxx11::basic_string<char, std::char_traits<char>, std::allocator<char> > >)
calls=3 0 
0 433
0 63
cfn=(10592)
calls=3 0 
0 282
0 63
cfn=(10592)
calls=3 0 
0 189
0 72
cfn=(10592)
calls=3 0 
0 282
0 90
cfn=(10592)
calls=3 0 
0 282
0 54
cfn=(10590)
calls=3 0 
0 255
0 165
cob=(2)
cfi=(2)
cfn=(4884)
calls=2 0 
0 36
0 2
0 57
cob=(7)
cfi=(7)
cfn=(4902)
calls=3 0 
0 126
0 3
0 97
cfn=(10592)
calls=3 0 
0 189
0 48
cfn=(10592)
calls=3 0 
0 189
0 75
cfn=(10592)
calls=3 0 
0 189
0 108
cob=(7)
cfi=(7)
cfn=(10596)
calls=3 0 
0 126
0 3
0 118
cob=(2)
cfi=(2)
cfn=(4324)
calls=6 0 
0 117
0 6
0 96
cob=(2)
cfi=(2)
cfn=(4324)
calls=3 0 
0 57
0 3
0 109
cob=(2)
cfi=(2)
cfn=(4324)
calls=6 0 
0 117
0 6
0 93
cob=(2)
cfi=(2)
cfn=(4324)
calls=3 0 
0 57
0 3
0 63
cob=(7)
cfi=(7)
cfn=(10596)
calls=3 0 
0 84
0 3
0 51
cfn=(10520)
calls=3 0 
0 294
0 82
cob=(2)
cfi=(2)
cfn=(4324)
calls=6 0 
0 117
0 6
0 81
cob=(2)
cfi=(2)
cfn=(4324)
calls=3 0 
0 57
0 3
0 104
cfn=(10600)
calls=4 0 
0 610
0 4
0 103
cob=(7)
cfi=(7)
cfn=(5084)
calls=3 0 
0 111
0 3
0 18
cob=(7)
cfi=(7)
cfn=(5084)
calls=3 0 
0 190
0 3
0 84
cfn=(10518) std::_Rb_tree<std::__cxx11::basic_string<char, std::char_traits<char>, std::allocator<char> >, std::pair<std::__cxx11::basic_string<char, std::char_traits<char>, std::allocator<char> > const, std::pair<std::vector<double, std::allocator<double> >, std::vector<unsigned long, std::allocator<unsigned long> > > >, std::_Select1st<std::pair<std::__cxx11::basic_string<char, std::char_traits<char>, std::allocator<char> > const, std::pair<std::vector<double, std::allocator<double> >, std::vector<unsigned long, std::allocator<unsigned long> > > > >, std::less<std::__cxx11::basic_string<char, std::char_traits<char>, std::allocator<char> > >, std::allocator<std::pair<std::__cxx11::basic_string<char, std::char_traits<char>, std::allocator<char> > const, std::pair<std::vector<double, std::allocator<double> >, std::vector<unsigned long, std::allocator<unsigned long> > > > > >::find(std::__cxx11::basic_string<char, std::char_traits<char>, std::allocator<char> > const&) const [clone .isra.0]
calls=3 0 
0 412
0 24
cfn=(10564) std::map<std::__cxx11::basic_string<char, std::char_traits<char>, std::allocator<char> >, std::pair<std::vector<double, std::allocator<double> >, std::vector<unsigned long, std::allocator<unsigned long> > >, std::less<std::__cxx11::basic_string<char, std::char_traits<char>, std::allocator<char> > >, std::allocator<std::pair<std::__cxx11::basic_string<char, std::char_traits<char>, std::allocator<char> > const, std::pair<std::vector<double, std::allocator<double> >, std::vector<unsigned long, std::allocator<unsigned long> > > > > >::operator[](std::__cxx11::basic_string<char, std::char_traits<char>, std::allocator<char> > const&)
calls=3 0 
0 418
0 48

fn=(10672) stan::json::json_data::~json_data()
0 21
cfn=(10674) std::_Rb_tree<std::__cxx11::basic_string<char, std::char_traits<char>, std::allocator<char> >, std::pair<std::__cxx11::basic_string<char, std::char_traits<char>, std::allocator<char> > const, std::pair<std::vector<int, std::allocator<int> >, std::vector<unsigned long, std::allocator<unsigned long> > > >, std::_Select1st<std::pair<std::__cxx11::basic_string<char, std::char_traits<char>, std::allocator<char> > const, std::pair<std::vector<int, std::allocator<int> >, std::vector<unsigned long, std::allocator<unsigned long> > > > >, std::less<std::__cxx11::basic_string<char, std::char_traits<char>, std::allocator<char> > >, std::allocator<std::pair<std::__cxx11::basic_string<char, std::char_traits<char>, std::allocator<char> > const, std::pair<std::vector<int, std::allocator<int> >, std::vector<unsigned long, std::allocator<unsigned long> > > > > >::_M_erase(std::_Rb_tree_node<std::pair<std::__cxx11::basic_string<char, std::char_traits<char>, std::allocator<char> > const, std::pair<std::vector<int, std::allocator<int> >, std::vector<unsigned long, std::allocator<unsigned long> > > > >*) [clone .isra.0]
calls=1 0 
0 113
0 10
cob=(7)
cfi=(7)
cfn=(5084)
calls=1 0 
0 37
0 1
0 7
cob=(7)
cfi=(7)
cfn=(5084)
calls=1 0 
0 37
0 1
0 11
cfn=(10676) std::_Rb_tree<std::__cxx11::basic_string<char, std::char_traits<char>, std::allocator<char> >, std::pair<std::__cxx11::basic_string<char, std::char_traits<char>, std::allocator<char> > const, std::pair<std::vector<double, std::allocator<double> >, std::vector<unsigned long, std::allocator<unsigned long> > > >, std::_Select1st<std::pair<std::__cxx11::basic_string<char, std::char_traits<char>, std::allocator<char> > const, std::pair<std::vector<double, std::allocator<double> >, std::vector<unsigned long, std::allocator<unsigned long> > > > >, std::less<std::__cxx11::basic_string<char, std::char_traits<char>, std::allocator<char> > >, std::allocator<std::pair<std::__cxx11::basic_string<char, std::char_traits<char>, std::allocator<char> > const, std::pair<std::vector<double, std::allocator<double> >, std::vector<unsigned long, std::allocator<unsigned long> > > > > >::_M_erase(std::_Rb_tree_node<std::pair<std::__cxx11::basic_string<char, std::char_traits<char>, std::allocator<char> > const, std::pair<std::vector<double, std::allocator<double> >, std::vector<unsigned long, std::allocator<unsigned long> > > > >*) [clone .isra.0]
calls=2 0 
0 246
0 14
cob=(7)
cfi=(7)
cfn=(5084)
calls=2 0 
0 74
0 2
0 12
cob=(7)
cfi=(7)
cfn=(5084)
calls=2 0 
0 74
0 2
0 14
cob=(7)
cfi=(7)
cfn=(5084)
calls=2 0 
0 74
0 2
0 10
cob=(7)
cfi=(7)
cfn=(5084)
calls=1 0 
0 37
0 1

fn=(10848) bs_set_print_callback
0 24

fn=(11292) bs_log_density_gradient
0 125
cfn=(11670)
calls=125 0 
0 9125
0 250
cob=(2)
cfi=(2)
cfn=(4266)
calls=125 0 
0 15570
0 125
0 750
cob=(7)
cfi=(7)
cfn=(12286)
calls=125 0 
0 5750
0 125
0 625
cob=(7)
cfi=(7)
cfn=(5174) std::__cxx11::basic_stringstream<char, std::char_traits<char>, std::allocator<char> >::basic_stringstream()
calls=125 0 
0 73875
0 125
0 375
cob=(7)
cfi=(7)
cfn=(6646) std::basic_ostream<char, std::char_traits<char> >& std::operator<< <std::char_traits<char> >(std::basic_ostream<char, std::char_traits<char> >&, char const*)
calls=125 0 
0 65625
0 125
0 375
cob=(7)
cfi=(7)
cfn=(6646)
calls=125 0 
0 18500
0 125
0 500
cob=(7)
cfi=(7)
cfn=(12290) std::logic_error::what() const
calls=125 0 
0 375
0 375
cob=(7)
cfi=(7)
cfn=(6646)
calls=125 0 
0 26500
0 125
0 250
cob=(7)
cfi=(7)
cfn=(10694) std::basic_ostream<char, std::char_traits<char> >& std::endl<char, std::char_traits<char> >(std::basic_ostream<char, std::char_traits<char> >&)
calls=125 0 
0 15500
0 125
0 375
cob=(7)
cfi=(7)
cfn=(10706) std::__cxx11::basic_stringbuf<char, std::char_traits<char>, std::allocator<char> >::str() const
calls=125 0 
0 24000
0 125
0 375
cob=(2)
cfi=(2)
cfn=(4266)
calls=125 0 
0 15494
0 125
0 375
cob=(2)
cfi=(2)
cfn=(10682) strdup
calls=125 0 
0 18375
0 125
0 500
cob=(7)
cfi=(7)
cfn=(4928)
calls=125 0 
0 5250
0 125
0 250
cob=(7)
cfi=(7)
cfn=(5218) std::__cxx11::basic_stringstream<char, std::char_traits<char>, std::allocator<char> >::~basic_stringstream()
calls=125 0 
0 14375
0 125
0 125
cob=(7)
cfi=(7)
cfn=(12314)
calls=125 0 
0 21000
0 125
0 146240
cfn=(10654) Eigen::PlainObjectBase<Eigen::Matrix<double, -1, 1, 0, -1, 1> >::resize(long, long) [clone .constprop.0]
calls=5615 0 
0 2605639
0 283134135
cfn=(11668) stan::math::internal::callback_vari<double, stan::math::lb_constrain<stan::math::var_value<double, void>, int, (void*)0, (void*)0>(stan::math::var_value<double, void> const&, int const&, stan::math::var_value<double, void>&)::{lambda(auto:1&)#1}>::chain()
calls=10980 0 
0 87840
cfn=(11632) stan::math::internal::callback_vari<double, stan::math::tanh(stan::math::var_value<double, void> const&)::{lambda(auto:1 const&)#1}>::chain()
calls=2388150 0 
0 252432212
cfn=(11630) stan::math::internal::callback_vari<double, stan::math::log1m<stan::math::var_value<double, void> const, (void*)0>(stan::math::var_value<double, void> const&&)::{lambda(auto:1&)#1}>::chain()
calls=2388150 0 
0 19105200
cfn=(11628) stan::math::internal::callback_vari<double, stan::math::sum<Eigen::CwiseUnaryOp<stan::math::apply_scalar_unary<stan::math::log1m_fun, Eigen::CwiseUnaryOp<stan::math::apply_scalar_unary<stan::math::square_fun, Eigen::Matrix<stan::math::var_value<double, void>, -1, 1, 0, -1, 1>&, void>::apply<Eigen::Matrix<stan::math::var_value<double, void>, -1, 1, 0, -1, 1>&>(Eigen::Matrix<stan::math::var_value<double, void>, -1, 1, 0, -1, 1>&)::{lambda(auto:1&&)#1}::operator()<Eigen::Matrix<stan::math::var_value<double, void>, -1, 1, 0, -1, 1>&>(Eigen::Matrix<stan::math::var_value<double, void>, -1, 1, 0, -1, 1>&) const::{lambda(auto:1&&)#1}, Eigen::Matrix<stan::math::var_value<double, void>, -1, 1, 0, -1, 1> const>, void>::apply<Eigen::CwiseUnaryOp<stan::math::apply_scalar_unary<stan::math::square_fun, Eigen::Matrix<stan::math::var_value<double, void>, -1, 1, 0, -1, 1>&, void>::apply<Eigen::Matrix<stan::math::var_value<double, void>, -1, 1, 0, -1, 1>&>(Eigen::Matrix<stan::math::var_value<double, void>, -1, 1, 0, -1, 1>&)::{lambda(auto:1&&)#1}::operator()<Eigen::Matrix<stan::math::var_value<double, void>, -1, 1, 0, -1, 1>&>(Eigen::Matrix<stan::math::var_value<double, void>, -1, 1, 0, -1, 1>&) const::{lambda(auto:1&&)#1}, Eigen::Matrix<stan::math::var_value<double, void>, -1, 1, 0, -1, 1> const> >(Eigen::Matrix<stan::math::var_value<double, void>, -1, 1, 0, -1, 1>&)::{lambda(auto:1&&)#1}::operator()<Eigen::CwiseUnaryOp<stan::math::apply_scalar_unary<stan::math::square_fun, Eigen::Matrix<stan::math::var_value<double, void>, -1, 1, 0, -1, 1>&, void>::apply<Eigen::Matrix<stan::math::var_value<double, void>, -1, 1, 0, -1, 1>&>(Eigen::Matrix<stan::math::var_value<double, void>, -1, 1, 0, -1, 1>&)::{lambda(auto:1&&)#1}::operator()<Eigen::Matrix<stan::math::var_value<double, void>, -1, 1, 0, -1, 1>&>(Eigen::Matrix<stan::math::var_value<double, void>, -1, 1, 0, -1, 1>&) const::{lambda(auto:1&&)#1}, Eigen::Matrix<stan::math::var_value<double, void>, -1, 1, 0, -1, 1> const>&>(Eigen::Matrix<stan::math::var_value<double, void>, -1, 1, 0, -1, 1>&) const::{lambda(auto:1&&)#1}, Eigen::CwiseUnaryOp<stan::math::apply_scalar_unary<stan::math::square_fun, Eigen::Matrix<stan::math::var_value<double, void>, -1, 1, 0, -1, 1>&, void>::apply<Eigen::Matrix<stan::math::var_value<double, void>, -1, 1, 0, -1, 1>&>(Eigen::Matrix<stan::math::var_value<double, void>, -1, 1, 0, -1, 1>&)::{lambda(auto:1&&)#1}::operator()<Eigen::Matrix<stan::math::var_value<double, void>, -1, 1, 0, -1, 1>&>(Eigen::Matrix<stan::math::var_value<double, void>, -1, 1, 0, -1, 1>&) const::{lambda(auto:1&&)#1}, Eigen::Matrix<stan::math::var_value<double, void>, -1, 1, 0, -1, 1> const> const>, (void*)0>(Eigen::Matrix<stan::math::var_value<double, void>, -1, 1, 0, -1, 1>&)::{lambda(auto:1&)#1}>::chain()
calls=5490 0 
0 16810380
cfn=(11626) stan::math::internal::callback_vari<double, stan::math::log1m<stan::math::var_value<double, void>&, (void*)0>(stan::math::var_value<double, void>&)::{lambda(auto:1&)#1}>::chain()
calls=2228940 0 
0 17831520
cfn=(11624)
calls=4776300 0 
0 33434100
cfn=(11622) stan::math::internal::callback_vari<double, stan::math::operator-<double, (void*)0>(double, stan::math::var_value<double, void> const&)::{lambda(auto:1&&)#1}>::chain()
calls=2388150 0 
0 11940750
cfn=(11620) stan::math::internal::callback_vari<double, stan::math::sqrt(stan::math::var_value<double, void> const&)::{lambda(auto:1&)#1}>::chain()
calls=2388150 0 
0 28657800
cfn=(11618)
calls=5490 0 
0 43920
cfn=(11608)
calls=5490 0 
0 384736990
cfn=(11606) stan::math::internal::reverse_pass_callback_vari<stan::math::multiply<stan::math::var_value<double, void>, Eigen::Map<Eigen::Matrix<double, -1, -1, 0, -1, -1>, 0, Eigen::Stride<0, 0> > const&, (void*)0, (void*)0, (void*)0, (void*)0>(stan::math::var_value<double, void> const&, Eigen::Map<Eigen::Matrix<double, -1, -1, 0, -1, -1>, 0, Eigen::Stride<0, 0> > const&)::{lambda()#1}>::chain()
calls=5490 0 
0 36124200
cfn=(11604) stan::math::internal::callback_vari<double, stan::math::exp(stan::math::var_value<double, void> const&)::{lambda(auto:1&)#1}>::chain()
calls=4941000 0 
0 29646000
cfn=(11602) stan::math::internal::reverse_pass_callback_vari<stan::math::multiply<stan::math::var_value<double, void>, Eigen::CwiseUnaryOp<stan::math::apply_scalar_unary<stan::math::exp_fun, stan::math::arena_matrix<Eigen::Matrix<stan::math::var_value<double, void>, -1, -1, 0, -1, -1>, void>, void>::apply<stan::math::arena_matrix<Eigen::Matrix<stan::math::var_value<double, void>, -1, -1, 0, -1, -1>, void> >(stan::math::arena_matrix<Eigen::Matrix<stan::math::var_value<double, void>, -1, -1, 0, -1, -1>, void>&&)::{lambda(auto:1&&)#1}::operator()<stan::math::arena_matrix<Eigen::Matrix<stan::math::var_value<double, void>, -1, -1, 0, -1, -1>, void>&>(stan::math::arena_matrix<Eigen::Matrix<stan::math::var_value<double, void>, -1, -1, 0, -1, -1>, void>&&) const::{lambda(auto:1&&)#1}, Eigen::Map<Eigen::Matrix<stan::math::var_value<double, void>, -1, -1, 0, -1, -1>, 0, Eigen::Stride<0, 0> > const>, (void*)0, (void*)0, (void*)0, (void*)0>(stan::math::var_value<double, void> const&, Eigen::CwiseUnaryOp<stan::math::apply_scalar_unary<stan::math::exp_fun, stan::math::arena_matrix<Eigen::Matrix<stan::math::var_value<double, void>, -1, -1, 0, -1, -1>, void>, void>::apply<stan::math::arena_matrix<Eigen::Matrix<stan::math::var_value<double, void>, -1, -1, 0, -1, -1>, void> >(stan::math::arena_matrix<Eigen::Matrix<stan::math::var_value<double, void>, -1, -1, 0, -1, -1>, void>&&)::{lambda(auto:1&&)#1}::operator()<stan::math::arena_matrix<Eigen::Matrix<stan::math::var_value<double, void>, -1, -1, 0, -1, -1>, void>&>(stan::math::arena_matrix<Eigen::Matrix<stan::math::var_value<double, void>, -1, -1, 0, -1, -1>, void>&&) const::{lambda(auto:1&&)#1}, Eigen::Map<Eigen::Matrix<stan::math::var_value<double, void>, -1, -1, 0, -1, -1>, 0, Eigen::Stride<0, 0> > const>&&)::{lambda()#1}>::chain()
calls=5490 0 
0 66028230
cfn=(11600) stan::math::internal::callback_vari<double, stan::math::operator+<double, (void*)0>(stan::math::var_value<double, void> const&, double)::{lambda(auto:1&&)#1}>::chain()
calls=181170 0 
0 905850
cfn=(11588) stan::math::internal::reverse_pass_callback_vari<stan::math::w32_eigh<Eigen::Matrix<stan::math::var_value<double, void>, -1, -1, 0, -1, -1>, (void*)0>(Eigen::Matrix<stan::math::var_value<double, void>, -1, -1, 0, -1, -1> const&)::{lambda()#1}>::chain()
calls=10980 0 
0 2797701698
cfn=(11586) stan::math::internal::multiply_vv_vari::chain()
calls=7169940 0 
0 78869340
cfn=(11584) stan::math::internal::reverse_pass_callback_vari<stan::math::internal::partials_propagator<stan::math::var_value<double, void>, void, stan::math::var_value<double, void>, double, double>::build(double)::{lambda(auto:1&&)#1}::operator()<stan::math::internal::ops_partials_edge<double, stan::math::var_value<double, void>, void>&>(stan::math::internal::ops_partials_edge<double, stan::math::var_value<double, void>, void>&)::{lambda()#1}>::chain()
calls=16470 0 
0 115290
cfn=(11582)
calls=32940 0 
0 32940
cfn=(11580)
calls=159210 0 
0 955260
cfn=(11578)
calls=5490 0 
0 1603080
cfn=(11576)
calls=5490 0 
0 1207800
cfn=(11574) stan::math::internal::callback_vari<double, stan::math::operator+(stan::math::var_value<double, void> const&, stan::math::var_value<double, void> const&)::{lambda(auto:1&&)#1}>::chain()
calls=9569070 0 
0 86121630
cfn=(11572)
calls=4941000 0 
0 29646000
cfn=(11570)
calls=5490 0 
0 34685820
cfn=(11566) stan::math::internal::reverse_pass_callback_vari<stan::math::multiply<Eigen::Transpose<Eigen::Matrix<stan::math::var_value<double, void>, -1, -1, 0, -1, -1> const> const&, Eigen::Map<Eigen::Matrix<double, -1, -1, 0, -1, -1>, 0, Eigen::Stride<0, 0> > const&, (void*)0, (void*)0, (void*)0>(Eigen::Transpose<Eigen::Matrix<stan::math::var_value<double, void>, -1, -1, 0, -1, -1> const> const&, Eigen::Map<Eigen::Matrix<double, -1, -1, 0, -1, -1>, 0, Eigen::Stride<0, 0> > const&)::{lambda()#1}>::chain()
calls=5490 0 
0 456270650
cfn=(11562)
calls=5490 0 
0 884796018
cfn=(11558) stan::math::internal::reverse_pass_callback_vari<stan::math::elt_divide<Eigen::Matrix<stan::math::var_value<double, void>, -1, -1, 0, -1, -1>, Eigen::Matrix<stan::math::var_value<double, void>, -1, -1, 0, -1, -1>, (void*)0, (void*)0>(Eigen::Matrix<stan::math::var_value<double, void>, -1, -1, 0, -1, -1> const&, Eigen::Matrix<stan::math::var_value<double, void>, -1, -1, 0, -1, -1> const&)::{lambda()#1}>::chain()
calls=5490 0 
0 76124340
cfn=(11554) stan::math::internal::reverse_pass_callback_vari<stan::math::multiply<Eigen::Matrix<stan::math::var_value<double, void>, -1, -1, 0, -1, -1> const&, Eigen::Matrix<stan::math::var_value<double, void>, -1, -1, 0, -1, -1> const&, (void*)0, (void*)0, (void*)0>(Eigen::Matrix<stan::math::var_value<double, void>, -1, -1, 0, -1, -1> const&, Eigen::Matrix<stan::math::var_value<double, void>, -1, -1, 0, -1, -1> const&)::{lambda()#1}>::chain()
calls=5490 0 
0 884796018
cfn=(11532) stan::math::internal::reverse_pass_callback_vari<stan::math::multiply<Eigen::Matrix<stan::math::var_value<double, void>, -1, -1, 0, -1, -1> const&, Eigen::Transpose<Eigen::Map<Eigen::Matrix<stan::math::var_value<double, void>, -1, -1, 0, -1, -1>, 0, Eigen::Stride<0, 0> > const>, (void*)0, (void*)0, (void*)0>(Eigen::Matrix<stan::math::var_value<double, void>, -1, -1, 0, -1, -1> const&, Eigen::Transpose<Eigen::Map<Eigen::Matrix<stan::math::var_value<double, void>, -1, -1, 0, -1, -1>, 0, Eigen::Stride<0, 0> > const>&&)::{lambda()#1}>::chain()
calls=5490 0 
0 885662604
cfn=(11528) stan::math::internal::reverse_pass_callback_vari<stan::math::elt_multiply<Eigen::Map<Eigen::Matrix<double, -1, -1, 0, -1, -1>, 0, Eigen::Stride<0, 0> >, Eigen::Matrix<stan::math::var_value<double, void>, -1, -1, 0, -1, -1>, (void*)0, (void*)0>(Eigen::Map<Eigen::Matrix<double, -1, -1, 0, -1, -1>, 0, Eigen::Stride<0, 0> > const&, Eigen::Matrix<stan::math::var_value<double, void>, -1, -1, 0, -1, -1> const&)::{lambda()#1}>::chain()
calls=5490 0 
0 44688600
cfn=(11526) stan::math::internal::callback_vari<double, stan::math::sum<Eigen::Matrix<stan::math::var_value<double, void>, -1, -1, 0, -1, -1>, (void*)0>(Eigen::Matrix<stan::math::var_value<double, void>, -1, -1, 0, -1, -1>&&)::{lambda(auto:1&)#1}>::chain()
calls=5490 0 
0 34685820
cfn=(11524) stan::math::internal::multiply_vd_vari::chain()
calls=2393640 0 
0 14361840
cfn=(11522)
calls=5490 0 
0 49410
cfn=(11520) stan::math::internal::callback_vari<double, stan::math::sum<stan::math::arena_allocator<stan::math::var_value<double, void> > >(std::vector<stan::math::var_value<double, void>, stan::math::arena_allocator<stan::math::var_value<double, void> > > const&)::{lambda(auto:1&)#1}>::chain()
calls=5490 0 
0 279990
0 106637760
cob=(2)
cfi=(2)
cfn=(4266)
calls=5490 0 
0 651433
0 5490
0 5490
cfn=(11670)
calls=5490 0 
0 1743242
0 10980
cob=(2)
cfi=(2)
cfn=(4266)
calls=5490 0 
0 632708
0 5490
0 95080
cfn=(11300) stan::model::model_base_crtp<kronecker_gp_model_namespace::kronecker_gp_model>::log_prob_propto_jacobian(Eigen::Matrix<stan::math::var_value<double, void>, -1, 1, 0, -1, 1>&, std::ostream*) const
calls=5615 0 
0 15146746334
0 5512
cob=(7)
cfi=(7)
cfn=(4902)
calls=1 0 
0 38
0 1
0 39
cob=(7)
cfi=(7)
cfn=(4902)
calls=1 0 
0 38
0 1
0 39
cob=(7)
cfi=(7)
cfn=(4902)
calls=1 0 
0 38
0 1
0 23
cfn=(10600)
calls=1 0 
0 86
0 1
0 8
cfn=(11296) void std::vector<char*, std::allocator<char*> >::_M_realloc_append<char* const&>(char* const&)
calls=1 0 
0 86
0 1
0 7
cfn=(11296)
calls=1 0 
0 86
0 1
0 16846
cob=(2)
cfi=(2)
cfn=(4582)
calls=5615 0 
0 1780791
0 5615
0 41893515
cfn=(11298)
calls=2459370 0 
0 22137251
0 9849085

fn=(11296)
0 54
cob=(7)
cfi=(7)
cfn=(4902)
calls=2 0 
0 76
0 2
0 40

fn=(11298)
0 922253550
cob=(7)
cfi=(7)
cfn=(4902)
calls=20 0 
0 4213
0 20
0 314
cob=(2)
cfi=(2)
cfn=(4884)
calls=19 0 
0 232297
0 19
0 288
cob=(7)
cfi=(7)
cfn=(5084)
calls=19 0 
0 1764
0 19
0 22134737
cob=(7)
cfi=(7)
cfn=(4902)
calls=10 0 
0 1302
0 10
0 154
cob=(2)
cfi=(2)
cfn=(4884)
calls=9 0 
0 523
0 9
0 138
cob=(7)
cfi=(7)
cfn=(5084)
calls=9 0 
0 469
0 9
0 97

fn=(11310)
0 50535
cfn=(11306)
calls=5615 0 
0 72995
0 67380
cfn=(11298)
calls=5615 0 
0 50535
0 44920

fn=(11382)
0 112300
cfn=(11384)
calls=5615 0 
0 25800925
0 89840
cfn=(11306)
calls=5615 0 
0 230902
0 44920
cfn=(11306)
calls=5615 0 
0 72995
0 589575
cob=(2)
cfi=(2)
cfn=(4952)
calls=162835 0 
0 3284775
0 162835
0 533425
cfn=(11306)
calls=5615 0 
0 72995
0 44920
cfn=(11306)
calls=5615 0 
0 72995
0 18523885
cfn=(10666)
calls=5615 0 
0 2108611
0 84225
cfn=(11396)
calls=5615 0 
0 40613295
0 101070
cfn=(11398)
calls=5615 0 
0 207994
0 140375
cfn=(11404) Eigen::internal::product_triangular_matrix_matrix<double, long, 1, true, 0, false, 1, false, 0, 1, 0>::run(long, long, long, double const*, long, double const*, long, double*, long, long, double const&, Eigen::internal::level3_blocking<double, double>&)
calls=5615 0 
0 299469538
0 16845
cob=(2)
cfi=(2)
cfn=(4266)
calls=5615 0 
0 22460
0 5615
0 11230
cob=(2)
cfi=(2)
cfn=(4266)
calls=5615 0 
0 22460
0 5615
0 95455
cfn=(11306)
calls=5615 0 
0 72995
0 30287310
cfn=(11306)
calls=5047885 0 
0 65622505
0 65695500
cfn=(11298)
calls=5053500 0 
0 45483740
0 25284345
cob=(2)
cfi=(2)
cfn=(4266)
calls=5615 0 
0 658656
0 5615
0 61765
cfn=(11306)
calls=5615 0 
0 72995
0 185295
cfn=(11298)
calls=5615 0 
0 50535
0 56150
cfn=(11370)
calls=5615 0 
0 2104364
0 25424720

fn=(11402) Eigen::internal::queryCacheSizes_intel(int&, int&, int&, int)
0 154

fn=(11414)
0 471660
cfn=(10098)
calls=11230 0 
0 797330
0 33690
cob=(7)
cfi=(7)
cfn=(10712)
calls=11230 0 
0 2448140
0 11230
0 336900
cob=(7)
cfi=(7)
cfn=(5084)
calls=11230 0 
0 415510
0 11230
0 134760
cfn=(10098)
calls=11230 0 
0 797330
0 33690
cob=(7)
cfi=(7)
cfn=(10712)
calls=11230 0 
0 2448140
0 11230
0 325670
cob=(7)
cfi=(7)
cfn=(5084)
calls=11230 0 
0 415510
0 11230
0 78610

fn=(11420)
0 129145
cfn=(10098)
calls=5615 0 
0 398665
0 44920
cob=(7)
cfi=(7)
cfn=(10596)
calls=5615 0 
0 1050005
0 5615
0 157220
cob=(7)
cfi=(7)
cfn=(5084)
calls=5615 0 
0 207755
0 5615
0 61765
cfn=(10098)
calls=5615 0 
0 398665
0 16845
cob=(7)
cfi=(7)
cfn=(10712)
calls=5615 0 
0 1224070
0 5615
0 157220
cob=(7)
cfi=(7)
cfn=(5084)
calls=5615 0 
0 207755
0 5615
0 25430335

fn=(11426) void Eigen::internal::tridiagonalization_inplace<Eigen::Matrix<double, -1, -1, 0, -1, -1>, Eigen::Matrix<double, -1, 1, 0, -1, 1>, Eigen::Matrix<double, -1, 1, 0, -1, 1>, Eigen::Matrix<double, -1, 1, 0, -1, 1> >(Eigen::Matrix<double, -1, -1, 0, -1, -1>&, Eigen::Matrix<double, -1, 1, 0, -1, 1>&, Eigen::Matrix<double, -1, 1, 0, -1, 1>&, Eigen::Matrix<double, -1, 1, 0, -1, 1>&, bool)
0 260590
cfn=(11428)
calls=11330 0 
0 1283768310
0 4656630
cfn=(10666)
calls=11330 0 
0 328570
0 90640
cfn=(11424)
calls=11330 0 
0 838754
0 45320
cfn=(11440)
calls=11330 0 
0 1156147190
0 124630
cob=(2)
cfi=(2)
cfn=(4266)
calls=11330 0 
0 373890
0 11330
0 56650

fn=(11454) void Eigen::internal::outer_product_selector_run<Eigen::Block<Eigen::Block<Eigen::Matrix<double, -1, -1, 0, -1, -1>, -1, -1, false>, -1, -1, false>, Eigen::CwiseBinaryOp<Eigen::internal::scalar_product_op<double, double>, Eigen::CwiseNullaryOp<Eigen::internal::scalar_constant_op<double>, Eigen::Matrix<double, -1, 1, 0, -1, 1> const> const, Eigen::Block<Eigen::Matrix<double, -1, -1, 0, -1, -1> const, -1, 1, false> const>, Eigen::Map<Eigen::Matrix<double, 1, -1, 1, 1, -1>, 0, Eigen::Stride<0, 0> >, Eigen::internal::generic_product_impl<Eigen::CwiseBinaryOp<Eigen::internal::scalar_product_op<double, double>, Eigen::CwiseNullaryOp<Eigen::internal::scalar_constant_op<double>, Eigen::Matrix<double, -1, 1, 0, -1, 1> const> const, Eigen::Block<Eigen::Matrix<double, -1, -1, 0, -1, -1> const, -1, 1, false> const>, Eigen::Map<Eigen::Matrix<double, 1, -1, 1, 1, -1>, 0, Eigen::Stride<0, 0> >, Eigen::DenseShape, Eigen::DenseShape, 5>::sub>(Eigen::Block<Eigen::Block<Eigen::Matrix<double, -1, -1, 0, -1, -1>, -1, -1, false>, -1, -1, false>&, Eigen::CwiseBinaryOp<Eigen::internal::scalar_product_op<double, double>, Eigen::CwiseNullaryOp<Eigen::internal::scalar_constant_op<double>, Eigen::Matrix<double, -1, 1, 0, -1, 1> const> const, Eigen::Block<Eigen::Matrix<double, -1, -1, 0, -1, -1> const, -1, 1, false> const> const&, Eigen::Map<Eigen::Matrix<double, 1, -1, 1, 1, -1>, 0, Eigen::Stride<0, 0> > const&, Eigen::internal::generic_product_impl<Eigen::CwiseBinaryOp<Eigen::internal::scalar_product_op<double, double>, Eigen::CwiseNullaryOp<Eigen::internal::scalar_constant_op<double>, Eigen::Matrix<double, -1, 1, 0, -1, 1> const> const, Eigen::Block<Eigen::Matrix<double, -1, -1, 0, -1, -1> const, -1, 1, false> const>, Eigen::Map<Eigen::Matrix<double, 1, -1, 1, 1, -1>, 0, Eigen::Stride<0, 0> >, Eigen::DenseShape, Eigen::DenseShape, 5>::sub const&, Eigen::internal::false_type const&) [clone .isra.0]
0 615015060

fn=(11456) Eigen::ComputationInfo Eigen::internal::computeFromTridiagonal_impl<Eigen::Matrix<double, -1, -1, 0, -1, -1>, Eigen::Matrix<double, -1, 1, 0, -1, 1>, Eigen::Matrix<double, -1, 1, 0, -1, 1> >(Eigen::Matrix<double, -1, 1, 0, -1, 1>&, Eigen::Matrix<double, -1, 1, 0, -1, 1>&, long, bool, Eigen::Matrix<double, -1, -1, 0, -1, -1>&)
0 3032192317
cfn=(11430)
calls=231596 0 
0 4631920
0 926384
cfn=(11430)
calls=231596 0 
0 4631920
0 40675944

fn=(11502) void Eigen::internal::generic_product_impl<Eigen::Map<Eigen::Matrix<double, -1, -1, 0, -1, -1>, 0, Eigen::Stride<0, 0> >, Eigen::Map<Eigen::Matrix<double, -1, -1, 0, -1, -1>, 0, Eigen::Stride<0, 0> >, Eigen::DenseShape, Eigen::DenseShape, 8>::scaleAndAddTo<Eigen::Matrix<double, -1, -1, 0, -1, -1> >(Eigen::Matrix<double, -1, -1, 0, -1, -1>&, Eigen::Map<Eigen::Matrix<double, -1, -1, 0, -1, -1>, 0, Eigen::Stride<0, 0> > const&, Eigen::Map<Eigen::Matrix<double, -1, -1, 0, -1, -1>, 0, Eigen::Stride<0, 0> > const&, double const&)
0 741150
cfn=(11492)
calls=16470 0 
0 609390
0 395280
cfn=(11494) Eigen::internal::general_matrix_matrix_product<long, double, 0, false, double, 0, false, 0, 1>::run(long, long, long, double const*, long, double const*, long, double*, long, long, double, Eigen::internal::level3_blocking<double, double>&, Eigen::internal::GemmParallelInfo<long>*) [clone .isra.0]
calls=16470 0 
0 1040805180
0 49410
cob=(2)
cfi=(2)
cfn=(4266)
calls=16470 0 
0 65880
0 16470
0 98820
cob=(2)
cfi=(2)
cfn=(4266)
calls=16470 0 
0 65880
0 16470

fn=(11510)
0 175680
cfn=(11384)
calls=5490 0 
0 25226550
0 82350
cfn=(11306)
calls=5490 0 
0 71370
0 104310
cfn=(11306)
calls=5490 0 
0 71370
0 31633380
cfn=(11306)
calls=5490 0 
0 71370
0 49410
cfn=(11306)
calls=5490 0 
0 71370
0 29750310
cfn=(11500)
calls=5490 0 
0 30167550
0 137250
cfn=(11306)
calls=5490 0 
0 71370
0 65880
cfn=(11306)
calls=5490 0 
0 71370
0 76860
cfn=(10666)
calls=5490 0 
0 2184688
0 54900
cfn=(11396)
calls=5490 0 
0 39709170
0 54900
cfn=(11502)
calls=5490 0 
0 347621310
0 120780
cfn=(11306)
calls=5490 0 
0 71370
0 29613060
cfn=(11306)
calls=4935510 0 
0 64316013
0 64233000
cfn=(11298)
calls=4941000 0 
0 44469000
0 29656980
cob=(2)
cfi=(2)
cfn=(4266)
calls=5490 0 
0 665689
0 5490
0 186660
cfn=(11306)
calls=5490 0 
0 71370
0 269010
cfn=(11298)
calls=5490 0 
0 49410
0 76860

fn=(11542) void Eigen::internal::generic_product_impl<Eigen::Matrix<double, -1, -1, 0, -1, -1>, Eigen::Transpose<Eigen::Map<Eigen::Matrix<double, -1, -1, 0, -1, -1>, 0, Eigen::Stride<0, 0> > >, Eigen::DenseShape, Eigen::DenseShape, 8>::scaleAndAddTo<Eigen::Matrix<double, -1, -1, 0, -1, -1> >(Eigen::Matrix<double, -1, -1, 0, -1, -1>&, Eigen::Matrix<double, -1, -1, 0, -1, -1> const&, Eigen::Transpose<Eigen::Map<Eigen::Matrix<double, -1, -1, 0, -1, -1>, 0, Eigen::Stride<0, 0> > > const&, double const&)
0 823500
cfn=(11492)
calls=16470 0 
0 609390
0 444690
cfn=(11544)
calls=16470 0 
0 1037461770
0 49410
cob=(2)
cfi=(2)
cfn=(4266)
calls=16470 0 
0 65880
0 16470
0 98820
cob=(2)
cfi=(2)
cfn=(4266)
calls=16470 0 
0 65880
0 16470

fn=(11548) void Eigen::internal::generic_product_impl<Eigen::Transpose<Eigen::Map<Eigen::Matrix<double, -1, -1, 0, -1, -1>, 0, Eigen::Stride<0, 0> > >, Eigen::Matrix<double, -1, -1, 0, -1, -1>, Eigen::DenseShape, Eigen::DenseShape, 8>::scaleAndAddTo<Eigen::Matrix<double, -1, -1, 0, -1, -1> >(Eigen::Matrix<double, -1, -1, 0, -1, -1>&, Eigen::Transpose<Eigen::Map<Eigen::Matrix<double, -1, -1, 0, -1, -1>, 0, Eigen::Stride<0, 0> > > const&, Eigen::Matrix<double, -1, -1, 0, -1, -1> const&, double const&)
0 807030
cfn=(11492)
calls=16470 0 
0 609390
0 395280
cfn=(11550)
calls=16470 0 
0 1052136540
0 49410
cob=(2)
cfi=(2)
cfn=(4266)
calls=16470 0 
0 65880
0 16470
0 98820
cob=(2)
cfi=(2)
cfn=(4266)
calls=16470 0 
0 65880
0 16470

fn=(11550)
0 3952800
cfn=(11552) Eigen::internal::gemm_pack_lhs<double, long, Eigen::internal::const_blas_data_mapper<double, long, 1>, 4, 2, double __vector(2), 1, false, false>::operator()(double*, Eigen::internal::const_blas_data_mapper<double, long, 1> const&, long, long, long, long) [clone .constprop.0]
calls=27450 0 
0 106011900
0 686250
cfn=(11496) Eigen::internal::gemm_pack_rhs<double, long, Eigen::internal::const_blas_data_mapper<double, long, 0>, 4, 0, false, false>::operator()(double*, Eigen::internal::const_blas_data_mapper<double, long, 0> const&, long, long, long, long) [clone .constprop.0]
calls=27450 0 
0 69201450
0 411750
cfn=(11410)
calls=27450 0 
0 1572034050
0 1262700

fn=(11552)
0 127214280

fn=(11556) stan::math::multiply<Eigen::Matrix<stan::math::var_value<double, void>, -1, -1, 0, -1, -1> const&, Eigen::Matrix<stan::math::var_value<double, void>, -1, -1, 0, -1, -1> const&, (void*)0, (void*)0, (void*)0>(Eigen::Matrix<stan::math::var_value<double, void>, -1, -1, 0, -1, -1> const&, Eigen::Matrix<stan::math::var_value<double, void>, -1, -1, 0, -1, -1> const&)::{lambda()#1}::operator()()
0 126270
cfn=(10666)
calls=5490 0 
0 2124615
0 29805210
cfn=(11540) void Eigen::internal::call_assignment<Eigen::CwiseUnaryView<Eigen::MatrixBase<Eigen::Map<Eigen::Matrix<stan::math::var_value<double, void>, -1, -1, 0, -1, -1>, 0, Eigen::Stride<0, 0> > >::adj_Op, Eigen::Map<Eigen::Matrix<stan::math::var_value<double, void>, -1, -1, 0, -1, -1>, 0, Eigen::Stride<0, 0> > >, Eigen::Product<Eigen::Matrix<double, -1, -1, 0, -1, -1>, Eigen::Transpose<Eigen::Map<Eigen::Matrix<double, -1, -1, 0, -1, -1>, 0, Eigen::Stride<0, 0> > >, 0>, Eigen::internal::add_assign_op<double, double> >(Eigen::CwiseUnaryView<Eigen::MatrixBase<Eigen::Map<Eigen::Matrix<stan::math::var_value<double, void>, -1, -1, 0, -1, -1>, 0, Eigen::Stride<0, 0> > >::adj_Op, Eigen::Map<Eigen::Matrix<stan::math::var_value<double, void>, -1, -1, 0, -1, -1>, 0, Eigen::Stride<0, 0> > >&, Eigen::Product<Eigen::Matrix<double, -1, -1, 0, -1, -1>, Eigen::Transpose<Eigen::Map<Eigen::Matrix<double, -1, -1, 0, -1, -1>, 0, Eigen::Stride<0, 0> > >, 0> const&, Eigen::internal::add_assign_op<double, double> const&, Eigen::internal::enable_if<Eigen::internal::evaluator_assume_aliasing<Eigen::Product<Eigen::Matrix<double, -1, -1, 0, -1, -1>, Eigen::Transpose<Eigen::Map<Eigen::Matrix<double, -1, -1, 0, -1, -1>, 0, Eigen::Stride<0, 0> > >, 0>, Eigen::internal::evaluator_traits<Eigen::Product<Eigen::Matrix<double, -1, -1, 0, -1, -1>, Eigen::Transpose<Eigen::Map<Eigen::Matrix<double, -1, -1, 0, -1, -1>, 0, Eigen::Stride<0, 0> > >, 0> >::Shape>::value, void*>::type) [clone .isra.0]
calls=5490 0 
0 423539803
0 98820
cfn=(11546) void Eigen::internal::call_assignment<Eigen::CwiseUnaryView<Eigen::MatrixBase<Eigen::Map<Eigen::Matrix<stan::math::var_value<double, void>, -1, -1, 0, -1, -1>, 0, Eigen::Stride<0, 0> > >::adj_Op, Eigen::Map<Eigen::Matrix<stan::math::var_value<double, void>, -1, -1, 0, -1, -1>, 0, Eigen::Stride<0, 0> > >, Eigen::Product<Eigen::Transpose<Eigen::Map<Eigen::Matrix<double, -1, -1, 0, -1, -1>, 0, Eigen::Stride<0, 0> > >, Eigen::Matrix<double, -1, -1, 0, -1, -1>, 0>, Eigen::internal::add_assign_op<double, double> >(Eigen::CwiseUnaryView<Eigen::MatrixBase<Eigen::Map<Eigen::Matrix<stan::math::var_value<double, void>, -1, -1, 0, -1, -1>, 0, Eigen::Stride<0, 0> > >::adj_Op, Eigen::Map<Eigen::Matrix<stan::math::var_value<double, void>, -1, -1, 0, -1, -1>, 0, Eigen::Stride<0, 0> > >&, Eigen::Product<Eigen::Transpose<Eigen::Map<Eigen::Matrix<double, -1, -1, 0, -1, -1>, 0, Eigen::Stride<0, 0> > >, Eigen::Matrix<double, -1, -1, 0, -1, -1>, 0> const&, Eigen::internal::add_assign_op<double, double> const&, Eigen::internal::enable_if<Eigen::internal::evaluator_assume_aliasing<Eigen::Product<Eigen::Transpose<Eigen::Map<Eigen::Matrix<double, -1, -1, 0, -1, -1>, 0, Eigen::Stride<0, 0> > >, Eigen::Matrix<double, -1, -1, 0, -1, -1>, 0>, Eigen::internal::evaluator_traits<Eigen::Product<Eigen::Transpose<Eigen::Map<Eigen::Matrix<double, -1, -1, 0, -1, -1>, 0, Eigen::Stride<0, 0> > >, Eigen::Matrix<double, -1, -1, 0, -1, -1>, 0> >::Shape>::value, void*>::type) [clone .isra.0]
calls=5490 0 
0 428382628
0 10980
cob=(2)
cfi=(2)
cfn=(4266)
calls=5490 0 
0 636322
0 5490
0 54900

fn=(11564)
0 126270
cfn=(10666)
calls=5490 0 
0 2124615
0 29805210
cfn=(11540)
calls=5490 0 
0 423539803
0 98820
cfn=(11546)
calls=5490 0 
0 428382628
0 10980
cob=(2)
cfi=(2)
cfn=(4266)
calls=5490 0 
0 636322
0 5490
0 54900

fn=(11566)
0 225090
cfn=(10666)
calls=5490 0 
0 2124615
0 87840
cfn=(11396)
calls=5490 0 
0 39709170
0 60390
cfn=(11568)
calls=5490 0 
0 378691993
0 34674840
cob=(2)
cfi=(2)
cfn=(4266)
calls=5490 0 
0 636322
0 5490
0 54900

fn=(11628)
0 16810380

fn=(12584) void stan::model::internal::assign_impl<Eigen::Matrix<double, -1, -1, 0, -1, -1>&, Eigen::Matrix<double, -1, -1, 0, -1, -1> const&, (void*)0>(Eigen::Matrix<double, -1, -1, 0, -1, -1>&, Eigen::Matrix<double, -1, -1, 0, -1, -1> const&, char const*)
0 2300
cfn=(10098)
calls=100 0 
0 7100
0 300
cob=(7)
cfi=(7)
cfn=(10712)
calls=100 0 
0 21800
0 100
0 2900
cob=(7)
cfi=(7)
cfn=(5084)
calls=100 0 
0 3700
0 100
0 1200
cfn=(10098)
calls=100 0 
0 7100
0 300
cob=(7)
cfi=(7)
cfn=(10712)
calls=100 0 
0 21800
0 100
0 2900
cob=(7)
cfi=(7)
cfn=(5084)
calls=100 0 
0 3700
0 100
0 228700

fn=(12742) bs_model_destruct
0 8
cob=(2)
cfi=(2)
cfn=(4266)
calls=1 0 
0 144
0 1
0 4
cob=(2)
cfi=(2)
cfn=(4266)
calls=1 0 
0 164
0 1
0 4
cob=(2)
cfi=(2)
cfn=(4266)
calls=1 0 
0 114
0 1
0 4
cob=(2)
cfi=(2)
cfn=(4266)
calls=1 0 
0 131
0 1
0 4
cob=(2)
cfi=(2)
cfn=(4266)
calls=1 0 
0 144
0 1
0 4
cob=(2)
cfi=(2)
cfn=(4266)
calls=1 0 
0 33
0 1
0 4
cob=(2)
cfi=(2)
cfn=(4266)
calls=1 0 
0 112
0 1
0 5
cfn=(12744) kronecker_gp_model_namespace::kronecker_gp_model::~kronecker_gp_model()
calls=1 0 
0 314
0 4
cob=(7)
cfi=(7)
cfn=(5084)
calls=1 0 
0 37
0 1

fn=(9792) _GLOBAL__sub_I_kronecker_gp.hpp
0 31
cfn=(9794)
calls=1 0 
0 1104
0 5
cob=(9) /home/m0hawk/.bridgestan/bridgestan-2.9.0/stan/lib/stan_math/lib/tbb/libtbb.so.2
cfi=(25) /home/m0hawk/.bridgestan/bridgestan-2.9.0/stan/lib/stan_math/lib/tbb/../tbb_2020.3/src/tbb/observer_proxy.cpp
cfn=(9824) tbb::internal::task_scheduler_observer_v3::observe(bool)
calls=1 294 
0 20584
0 1
0 4
cob=(2)
cfi=(2)
cfn=(4510)
calls=1 0 
0 66
0 1
0 4
cfn=(10098)
calls=1 0 
0 47
0 4
cob=(2)
cfi=(2)
cfn=(4510)
calls=1 0 
0 66
0 1
0 4
cfn=(10098)
calls=1 0 
0 47
0 4
cob=(2)
cfi=(2)
cfn=(4510)
calls=1 0 
0 66
0 1
0 4
cfn=(10098)
calls=1 0 
0 47
0 4
cob=(2)
cfi=(2)
cfn=(4510)
calls=1 0 
0 66
0 1
0 3
cob=(9)
cfi=(27) /home/m0hawk/.bridgestan/bridgestan-2.9.0/stan/lib/stan_math/lib/tbb/../tbb_2020.3/src/tbb/cache_aligned_allocator.cpp
cfn=(10104) tbb::internal::allocate_via_handler_v3(unsigned long)
calls=1 224 
0 264
0 1
0 9
cob=(2)
cfi=(2)
cfn=(4952)
calls=1 0 
0 50
0 1
0 6
cob=(9)
cfi=(27)
cfn=(10104)
calls=1 224 
0 866
0 1
0 12
cob=(2)
cfi=(2)
cfn=(4510)
calls=1 0 
0 66
0 1
0 34
cfn=(10130)
calls=1 0 
0 565
0 26
cfn=(10140)
calls=1 0 
0 1188
0 19
cfn=(10140)
calls=1 0 
0 2049
0 14
cfn=(10154) long double boost::math::detail::lgamma_imp_final<long double, boost::math::policies::policy<boost::math::policies::promote_float<false>, boost::math::policies::promote_double<false>, boost::math::policies::default_policy, boost::math::policies::default_policy, boost::math::policies::default_policy, boost::math::policies::default_policy, boost::math::policies::default_policy, boost::math::policies::default_policy, boost::math::policies::default_policy, boost::math::policies::default_policy, boost::math::policies::default_policy, boost::math::policies::default_policy, boost::math::policies::default_policy>, boost::math::lanczos::lanczos17m64>(long double, boost::math::policies::policy<boost::math::policies::promote_float<false>, boost::math::policies::promote_double<false>, boost::math::policies::default_policy, boost::math::policies::default_policy, boost::math::policies::default_policy, boost::math::policies::default_policy, boost::math::policies::default_policy, boost::math::policies::default_policy, boost::math::policies::default_policy, boost::math::policies::default_policy, boost::math::policies::default_policy, boost::math::policies::default_policy, boost::math::policies::default_policy> const&, boost::math::lanczos::lanczos17m64 const&, int*) [clone .isra.0]
calls=1 0 
0 100
0 14
cfn=(10154)
calls=1 0 
0 97
0 14
cfn=(10154)
calls=1 0 
0 96
0 12
cfn=(10152) double boost::math::detail::lgamma_imp_final<double, boost::math::policies::policy<boost::math::policies::pole_error<(boost::math::policies::error_policy_type)1>, boost::math::policies::overflow_error<(boost::math::policies::error_policy_type)1>, boost::math::policies::promote_float<false>, boost::math::policies::promote_double<false>, boost::math::policies::default_policy, boost::math::policies::default_policy, boost::math::policies::default_policy, boost::math::policies::default_policy, boost::math::policies::default_policy, boost::math::policies::default_policy, boost::math::policies::default_policy, boost::math::policies::default_policy, boost::math::policies::default_policy>, boost::math::lanczos::lanczos13m53>(double, boost::math::policies::policy<boost::math::policies::pole_error<(boost::math::policies::error_policy_type)1>, boost::math::policies::overflow_error<(boost::math::policies::error_policy_type)1>, boost::math::policies::promote_float<false>, boost::math::policies::promote_double<false>, boost::math::policies::default_policy, boost::math::policies::default_policy, boost::math::policies::default_policy, boost::math::policies::default_policy, boost::math::policies::default_policy, boost::math::policies::default_policy, boost::math::policies::default_policy, boost::math::policies::default_policy, boost::math::policies::default_policy> const&, boost::math::lanczos::lanczos13m53 const&, int*) [clone .isra.0]
calls=1 0 
0 78
0 6
cfn=(10152)
calls=1 0 
0 80
0 6
cfn=(10152)
calls=1 0 
0 80
0 13
cob=(7)
cfi=(7)
cfn=(5126)
calls=1 0 
0 17
0 1
0 12
cob=(7)
cfi=(7)
cfn=(5132)
calls=1 0 
0 6
0 1
0 6
cfn=(10156)
calls=1 0 
0 48
0 5
cfn=(10156)
calls=1 0 
0 110
0 6

fn=(11574)
0 86121630

fn=(11594)
0 1037610
cob=(2)
cfi=(2)
cfn=(4266)
calls=38430 0 
0 153720
0 38430
0 307440
cfn=(10656)
calls=38430 0 
0 12173487
0 307440

fn=(11598)
0 483120
cfn=(10666)
calls=10980 0 
0 4038654
0 59665320
cfn=(11492)
calls=10980 0 
0 406260
0 241560
cfn=(11494)
calls=10980 0 
0 693870120
0 32940
cob=(2)
cfi=(2)
cfn=(4266)
calls=10980 0 
0 43920
0 10980
0 21960
cob=(2)
cfi=(2)
cfn=(4266)
calls=10980 0 
0 43920
0 10980
0 98820
cob=(2)
cfi=(2)
cfn=(4266)
calls=10980 0 
0 1247196
0 10980

fn=(11602)
0 66028230

fn=(10376) boost::re_detail_500::cpp_regex_traits_implementation<char>::lookup_classname(char const*, char const*) const
0 50
cfn=(10378)
calls=5 0 
0 1085
0 50

fn=(10380)
0 793
cob=(2)
cfi=(2)
cfn=(4324)
calls=5 0 
0 77
0 5
0 100

fn=(10400)
0 196
cob=(7)
cfi=(7)
cfn=(4902)
calls=7 0 
0 428
0 7
0 181
cob=(7)
cfi=(7)
cfn=(5084)
calls=5 0 
0 185
0 5
0 106

fn=(10458) boost::re_detail_500::basic_regex_creator<char, boost::regex_traits<char, boost::cpp_regex_traits<char> > >::probe_leading_repeat(boost::re_detail_500::re_syntax_base*)
0 17
cfn=(10459) boost::re_detail_500::basic_regex_creator<char, boost::regex_traits<char, boost::cpp_regex_traits<char> > >::probe_leading_repeat(boost::re_detail_500::re_syntax_base*)'2
calls=1 0 
0 12

fn=(10459)
0 12

fn=(10516) stan::json::json_data_handler::save_key_value_pair()
0 110
cfn=(10276)
calls=5 0 
0 461
0 20
cfn=(10500) std::_Rb_tree<std::__cxx11::basic_string<char, std::char_traits<char>, std::allocator<char> >, std::pair<std::__cxx11::basic_string<char, std::char_traits<char>, std::allocator<char> > const, int>, std::_Select1st<std::pair<std::__cxx11::basic_string<char, std::char_traits<char>, std::allocator<char> > const, int> >, std::less<std::__cxx11::basic_string<char, std::char_traits<char>, std::allocator<char> > >, std::allocator<std::pair<std::__cxx11::basic_string<char, std::char_traits<char>, std::allocator<char> > const, int> > >::find(std::__cxx11::basic_string<char, std::char_traits<char>, std::allocator<char> > const&) const [clone .isra.0]
calls=5 0 
0 732
0 30
cfn=(10502)
calls=5 0 
0 742
0 45
cfn=(10518)
calls=5 0 
0 181
0 25
cfn=(10522)
calls=5 0 
0 766
0 50
cfn=(10518)
calls=5 0 
0 181
0 40
cfn=(10524)
calls=5 0 
0 396
0 24
cfn=(10542)
calls=3 0 
0 396
0 18
cfn=(10534)
calls=3 0 
0 272
0 38
cfn=(10502)
calls=3 0 
0 483
0 26
cob=(7)
cfi=(7)
cfn=(4928)
calls=5 0 
0 30
0 5
0 10
cob=(7)
cfi=(7)
cfn=(4928)
calls=5 0 
0 30
0 5
0 73
cfn=(10520)
calls=3 0 
0 288
0 61
cfn=(10520)
calls=5 0 
0 365
0 28
cob=(7)
cfi=(7)
cfn=(4902)
calls=1 0 
0 148
0 1
0 15
cob=(2)
cfi=(2)
cfn=(4952)
calls=1 0 
0 7211
0 1
0 9
cob=(8)
cfi=(8)
cfn=(4896)
calls=1 0 
0 36
0 1
0 36
cfn=(10502)
calls=5 0 
0 742
0 20
cfn=(10502)
calls=5 0 
0 1938
0 37
cob=(7)
cfi=(7)
cfn=(4902)
calls=2 0 
0 76
0 2
0 10
cob=(2)
cfi=(2)
cfn=(4884)
calls=2 0 
0 30
0 2
0 24
cfn=(10526) std::vector<unsigned long, std::allocator<unsigned long> >::vector(std::vector<unsigned long, std::allocator<unsigned long> > const&)
calls=2 0 
0 50
0 26
cfn=(10528) std::map<std::__cxx11::basic_string<char, std::char_traits<char>, std::allocator<char> >, std::pair<std::vector<int, std::allocator<int> >, std::vector<unsigned long, std::allocator<unsigned long> > >, std::less<std::__cxx11::basic_string<char, std::char_traits<char>, std::allocator<char> > >, std::allocator<std::pair<std::__cxx11::basic_string<char, std::char_traits<char>, std::allocator<char> > const, std::pair<std::vector<int, std::allocator<int> >, std::vector<unsigned long, std::allocator<unsigned long> > > > > >::operator[](std::__cxx11::basic_string<char, std::char_traits<char>, std::allocator<char> > const&)
calls=2 0 
0 560
0 38
cfn=(10534)
calls=2 0 
0 60
0 16
cob=(7)
cfi=(7)
cfn=(5084)
calls=2 0 
0 74
0 2
0 38
cob=(7)
cfi=(7)
cfn=(4902)
calls=3 0 
0 232
0 3
0 15
cob=(2)
cfi=(2)
cfn=(4884)
calls=3 0 
0 759
0 3
0 45
cfn=(10526)
calls=3 0 
0 391
0 39
cfn=(10562)
calls=3 0 
0 24
0 9
cfn=(10564)
calls=3 0 
0 1106
0 12
cfn=(10568)
calls=3 0 
0 1491
0 9
cfn=(10534)
calls=3 0 
0 569
0 6
cfn=(10562)
calls=3 0 
0 415
0 22
cob=(7)
cfi=(7)
cfn=(5084)
calls=3 0 
0 111
0 3
0 23
cob=(8)
cfi=(8)
cfn=(4896)
calls=1 0 
0 36
0 1
0 6293
cob=(8)
cfi=(8)
cfn=(4896)
calls=899 0 
0 32364
0 899
0 27900
cob=(7)
cfi=(7)
cfn=(4928)
calls=900 0 
0 5400
0 900
0 11702
cob=(7)
cfi=(7)
cfn=(4928)
calls=1 0 
0 6
0 1
0 12
cob=(7)
cfi=(7)
cfn=(5084)
calls=1 0 
0 91
0 1
0 3612
cob=(7)
cfi=(7)
cfn=(4902)
calls=2 0 
0 76
0 2
0 10
cob=(2)
cfi=(2)
cfn=(4884)
calls=2 0 
0 30
0 2
0 23
cob=(2)
cfi=(2)
cfn=(4884)
calls=1 0 
0 713
0 1
0 2

fn=(10536)
0 737
cob=(2)
cfi=(2)
cfn=(4324)
calls=67 0 
0 1012
0 67
0 633

fn=(10582)
0 30
cfn=(10516)
calls=1 0 
0 102551

fn=(10630) kronecker_gp_model_namespace::kronecker_gp_model::kronecker_gp_model(stan::io::var_context&, unsigned int, std::ostream*)
0 47
cfn=(10632)
calls=1 0 
0 256026
0 11
cfn=(10098)
calls=1 0 
0 74
0 4
cfn=(10098)
calls=1 0 
0 74
0 4
cfn=(10098)
calls=1 0 
0 127
0 6
cfn=(10648) stan::json::json_data::validate_dims(std::__cxx11::basic_string<char, std::char_traits<char>, std::allocator<char> > const&, std::__cxx11::basic_string<char, std::char_traits<char>, std::allocator<char> > const&, std::__cxx11::basic_string<char, std::char_traits<char>, std::allocator<char> > const&, std::vector<unsigned long, std::allocator<unsigned long> > const&) const
calls=1 0 
0 647
0 2
cob=(7)
cfi=(7)
cfn=(4928)
calls=1 0 
0 42
0 1
0 2
cob=(7)
cfi=(7)
cfn=(4928)
calls=1 0 
0 6
0 1
0 2
cob=(7)
cfi=(7)
cfn=(4928)
calls=1 0 
0 6
0 1
0 10
cfn=(10098)
calls=1 0 
0 74
0 4
cfn=(10650)
calls=1 0 
0 329
0 6
cob=(7)
cfi=(7)
cfn=(5084)
calls=1 0 
0 37
0 1
0 2
cob=(7)
cfi=(7)
cfn=(4928)
calls=1 0 
0 6
0 1
0 12
cfn=(10098)
calls=1 0 
0 74
0 4
cfn=(10098)
calls=1 0 
0 74
0 4
cfn=(10098)
calls=1 0 
0 127
0 6
cfn=(10648)
calls=1 0 
0 728
0 2
cob=(7)
cfi=(7)
cfn=(4928)
calls=1 0 
0 42
0 1
0 2
cob=(7)
cfi=(7)
cfn=(4928)
calls=1 0 
0 6
0 1
0 2
cob=(7)
cfi=(7)
cfn=(4928)
calls=1 0 
0 6
0 1
0 10
cfn=(10098)
calls=1 0 
0 74
0 4
cfn=(10650)
calls=1 0 
0 407
0 6
cob=(7)
cfi=(7)
cfn=(5084)
calls=1 0 
0 37
0 1
0 2
cob=(7)
cfi=(7)
cfn=(4928)
calls=1 0 
0 6
0 1
0 7
cob=(7)
cfi=(7)
cfn=(4902)
calls=1 0 
0 38
0 1
0 10
cfn=(10098)
calls=1 0 
0 71
0 4
cfn=(10098)
calls=1 0 
0 74
0 4
cfn=(10098)
calls=1 0 
0 127
0 6
cfn=(10648)
calls=1 0 
0 683
0 2
cob=(7)
cfi=(7)
cfn=(4928)
calls=1 0 
0 42
0 1
0 2
cob=(7)
cfi=(7)
cfn=(4928)
calls=1 0 
0 6
0 1
0 2
cob=(7)
cfi=(7)
cfn=(4928)
calls=1 0 
0 6
0 1
0 6
cob=(7)
cfi=(7)
cfn=(5084)
calls=1 0 
0 37
0 1
0 6
cfn=(10652)
calls=1 0 
0 6
0 77
cfn=(10098)
calls=1 0 
0 74
0 4
cfn=(10658) stan::json::json_data::vals_r(std::__cxx11::basic_string<char, std::char_traits<char>, std::allocator<char> > const&) const
calls=1 0 
0 848
0 4
cob=(7)
cfi=(7)
cfn=(4928)
calls=1 0 
0 6
0 1
0 312
cob=(7)
cfi=(7)
cfn=(5084)
calls=1 0 
0 37
0 1
0 22
cob=(7)
cfi=(7)
cfn=(4902)
calls=1 0 
0 42
0 1
0 10
cfn=(10098)
calls=1 0 
0 71
0 4
cfn=(10098)
calls=1 0 
0 47
0 4
cfn=(10098)
calls=1 0 
0 127
0 6
cfn=(10648)
calls=1 0 
0 605
0 2
cob=(7)
cfi=(7)
cfn=(4928)
calls=1 0 
0 42
0 1
0 2
cob=(7)
cfi=(7)
cfn=(4928)
calls=1 0 
0 6
0 1
0 2
cob=(7)
cfi=(7)
cfn=(4928)
calls=1 0 
0 6
0 1
0 6
cob=(7)
cfi=(7)
cfn=(5084)
calls=1 0 
0 37
0 1
0 4
cfn=(10664)
calls=1 0 
0 7
0 9
cfn=(10666)
calls=1 0 
0 307
0 1172
cfn=(10098)
calls=1 0 
0 47
0 4
cfn=(10658)
calls=1 0 
0 1309
0 4
cob=(7)
cfi=(7)
cfn=(4928)
calls=1 0 
0 6
0 1
0 17
cob=(7)
cfi=(7)
cfn=(5084)
calls=1 0 
0 118
0 1
0 12
cfn=(10664)
calls=1 0 
0 7
0 9
cfn=(10666)
calls=1 0 
0 367
0 7360
cob=(6)
cfi=(6)
cfn=(10670)
calls=435 0 
0 58725
0 435
0 13481
cfn=(10654)
calls=1 0 
0 74
0 3

fn=(10648)
0 108
cfn=(10518)
calls=4 0 
0 549
0 26
cfn=(10518)
calls=2 0 
0 265
0 6
cfn=(10526)
calls=2 0 
0 174
0 111
cfn=(10520)
calls=2 0 
0 279
0 16
cfn=(10520)
calls=2 0 
0 279
0 6
cfn=(10526)
calls=2 0 
0 50
0 66
cfn=(10518)
calls=2 0 
0 265
0 26
cob=(7)
cfi=(7)
cfn=(5084)
calls=2 0 
0 74
0 2
0 74
cfn=(10520)
calls=2 0 
0 279
0 8

fn=(10720)
0 360570
cob=(7)
cfi=(7)
cfn=(10358)
calls=25755 0 
0 360570
0 25755
0 1333710

fn=(10722)
0 6660
cob=(7)
cfi=(7)
cfn=(10596)
calls=555 0 
0 26250
0 555
0 19425

fn=(11306)
0 1075946422
cob=(2)
cfi=(2)
cfn=(4582)
calls=3 0 
0 890
0 3
0 108
cob=(7)
cfi=(7)
cfn=(4902)
calls=3 0 
0 126
0 3
0 48
cob=(2)
cfi=(2)
cfn=(4884)
calls=3 0 
0 36
0 3
0 39
cob=(7)
cfi=(7)
cfn=(5084)
calls=3 0 
0 111
0 3
0 108
cob=(7)
cfi=(7)
cfn=(4902)
calls=3 0 
0 126
0 3
0 42
cob=(2)
cfi=(2)
cfn=(4884)
calls=3 0 
0 36
0 3
0 45
cob=(7)
cfi=(7)
cfn=(5084)
calls=3 0 
0 111
0 3
0 39

fn=(11396)
0 1215565
cob=(2)
cfi=(2)
cfn=(4952)
calls=93505 0 
0 675012595
0 93505

fn=(11408) Eigen::internal::gemm_pack_lhs<double, long, Eigen::internal::const_blas_data_mapper<double, long, 0>, 4, 2, double __vector(2), 0, false, false>::operator()(double*, Eigen::internal::const_blas_data_mapper<double, long, 0> const&, long, long, long, long) [clone .constprop.0]
0 223362220

fn=(11490)
0 241560
cfn=(10666)
calls=5490 0 
0 1983735
0 29832660
cfn=(11492)
calls=5490 0 
0 203130
0 120780
cfn=(11494)
calls=5490 0 
0 346935060
0 16470
cob=(2)
cfi=(2)
cfn=(4266)
calls=5490 0 
0 21960
0 5490
0 10980
cob=(2)
cfi=(2)
cfn=(4266)
calls=5490 0 
0 21960
0 5490
0 49410
cob=(2)
cfi=(2)
cfn=(4266)
calls=5490 0 
0 676416
0 5490

fn=(11492)
0 3453210

fn=(11508)
0 175680
cfn=(11384)
calls=5490 0 
0 25226550
0 98820
cfn=(11384)
calls=5490 0 
0 25226550
0 60390
cfn=(11306)
calls=5490 0 
0 71370
0 49410
cfn=(11306)
calls=5490 0 
0 71370
0 29739330
cfn=(11306)
calls=5490 0 
0 71370
0 49410
cfn=(11306)
calls=5490 0 
0 71370
0 29777760
cfn=(11306)
calls=5490 0 
0 71370
0 65880
cfn=(11306)
calls=5490 0 
0 71370
0 76860
cfn=(10666)
calls=5490 0 
0 2184664
0 54900
cfn=(11396)
calls=5490 0 
0 39709170
0 65880
cfn=(11502)
calls=5490 0 
0 347621310
0 126270
cfn=(11306)
calls=5490 0 
0 71370
0 34548570
cfn=(11306)
calls=4935510 0 
0 64161630
0 64233000
cfn=(11298)
calls=4941000 0 
0 44534982
0 29656980
cob=(2)
cfi=(2)
cfn=(4266)
calls=5490 0 
0 665680
0 5490
0 186660
cfn=(11306)
calls=5490 0 
0 71370
0 263520
cfn=(11298)
calls=5490 0 
0 49410
0 65880

fn=(11520)
0 279990

fn=(11526)
0 34685820

fn=(11528)
0 10980
cfn=(11530)
calls=5490 0 
0 44677620

fn=(11540)
0 378810
cfn=(10666)
calls=16470 0 
0 5135766
0 197640
cfn=(11396)
calls=16470 0 
0 119127510
0 115290
cfn=(11542)
calls=16470 0 
0 1039652280
0 104057460
cob=(2)
cfi=(2)
cfn=(4266)
calls=16470 0 
0 1759263
0 16470
0 181170

fn=(11610)
0 323910
cfn=(10666)
calls=5490 0 
0 2494979
0 43920
cfn=(11396)
calls=5490 0 
0 39709170
0 104310
cfn=(11594)
calls=5490 0 
0 1715168
0 46681470
cfn=(11398)
calls=5490 0 
0 203130
0 142740
cfn=(11612) Eigen::internal::product_triangular_matrix_matrix<double, long, 1, false, 1, false, 0, false, 0, 1, 0>::run(long, long, long, double const*, long, double const*, long, double*, long, long, double const&, Eigen::internal::level3_blocking<double, double>&)
calls=5490 0 
0 252342360
0 16470
cob=(2)
cfi=(2)
cfn=(4266)
calls=5490 0 
0 21960
0 5490
0 10980
cob=(2)
cfi=(2)
cfn=(4266)
calls=5490 0 
0 21960
0 5490
0 10980
cob=(2)
cfi=(2)
cfn=(4266)
calls=5490 0 
0 586421
0 5490
0 19818900
cob=(2)
cfi=(2)
cfn=(4266)
calls=5490 0 
0 636322
0 5490
0 19818900

fn=(11620)
0 28657800

fn=(11672)
0 21960
cob=(2)
cfi=(2)
cfn=(4266)
calls=5490 0 
0 914252
0 5490
0 21960
cob=(7)
cfi=(7)
cfn=(5084)
calls=5490 0 
0 203130
0 5490

fn=(11756)
0 2500
cfn=(11758) void stan::math::internal::elementwise_throw_domain_error<char const*, char const*, char const*, char const*, unsigned long, char const*, double, char const*, char const*, char const*>(char const* const, char const* const, char const* const, char const* const, unsigned long const, char const* const, double const, char const* const, char const* const, char const* const)
calls=125 0 
0 4969087

fn=(12568) void kronecker_gp_model_namespace::kronecker_gp_model::write_array_impl<boost::random::mixmax_engine<17, 36u, 0l>, Eigen::Matrix<double, -1, 1, 0, -1, 1>, std::vector<int, std::allocator<int> >, Eigen::Matrix<double, -1, 1, 0, -1, 1>, (void*)0, (void*)0, (void*)0>(boost::random::mixmax_engine<17, 36u, 0l>&, Eigen::Matrix<double, -1, 1, 0, -1, 1>&, std::vector<int, std::allocator<int> >&, Eigen::Matrix<double, -1, 1, 0, -1, 1>&, bool, bool, std::ostream*) const [clone .isra.0]
0 1400
cob=(6)
cfi=(6)
cfn=(11314)
calls=50 0 
0 1800
0 50
0 250
cob=(6)
cfi=(6)
cfn=(11314)
calls=50 0 
0 1800
0 50
0 2100
cfn=(10654)
calls=50 0 
0 16380
0 500
cob=(6)
cfi=(6)
cfn=(11320)
calls=50 0 
0 5780
0 50
0 43400
cob=(6)
cfi=(6)
cfn=(11320)
calls=21700 0 
0 2208562
0 21700
0 87350
cfn=(10666)
calls=50 0 
0 17377
0 400
cfn=(11396)
calls=50 0 
0 361650
0 450
cob=(6)
cfi=(6)
cfn=(10670)
calls=50 0 
0 5250
0 50
0 1550
cob=(6)
cfi=(6)
cfn=(10670)
calls=50 0 
0 5250
0 50
0 10800
cob=(6)
cfi=(6)
cfn=(10670)
calls=1350 0 
0 158640
0 1350
0 287000
cob=(6)
cfi=(6)
cfn=(10670)
calls=20300 0 
0 2390700
0 20300
0 97100
cob=(2)
cfi=(2)
cfn=(4266)
calls=50 0 
0 5667
0 50
0 350
cob=(6)
cfi=(6)
cfn=(11314)
calls=50 0 
0 1800
0 50
0 350
cfn=(10664)
calls=50 0 
0 350
0 150
cfn=(12570) Eigen::PlainObjectBase<Eigen::Matrix<double, -1, -1, 0, -1, -1> >::PlainObjectBase<Eigen::CwiseNullaryOp<Eigen::internal::scalar_constant_op<double>, Eigen::Matrix<double, -1, -1, 0, -1, -1> > >(Eigen::DenseBase<Eigen::CwiseNullaryOp<Eigen::internal::scalar_constant_op<double>, Eigen::Matrix<double, -1, -1, 0, -1, -1> > > const&)
calls=50 0 
0 80295
0 200
cfn=(10664)
calls=50 0 
0 350
0 200
cfn=(12570)
calls=50 0 
0 77629
0 350
cfn=(10652)
calls=50 0 
0 300
0 200
cfn=(12572) Eigen::PlainObjectBase<Eigen::Matrix<double, -1, 1, 0, -1, 1> >::PlainObjectBase<Eigen::CwiseNullaryOp<Eigen::internal::scalar_constant_op<double>, Eigen::Matrix<double, -1, 1, 0, -1, 1> > >(Eigen::DenseBase<Eigen::CwiseNullaryOp<Eigen::internal::scalar_constant_op<double>, Eigen::Matrix<double, -1, 1, 0, -1, 1> > > const&)
calls=50 0 
0 6600
0 250
cfn=(10664)
calls=50 0 
0 350
0 200
cfn=(12570)
calls=50 0 
0 77908
0 350
cfn=(10652)
calls=50 0 
0 300
0 200
cfn=(12572)
calls=50 0 
0 6600
0 250
cfn=(10664)
calls=50 0 
0 350
0 300
cfn=(12570)
calls=50 0 
0 77759
0 250
cfn=(10664)
calls=50 0 
0 350
0 150
cfn=(12570)
calls=50 0 
0 79646
0 800
cfn=(12574) void stan::io::serializer<double>::write<Eigen::Matrix<double, -1, -1, 0, -1, -1>&, (void*)0, (void*)0>(Eigen::Matrix<double, -1, -1, 0, -1, -1>&)
calls=50 0 
0 115200
0 700
cfn=(12576) Eigen::Matrix<double, -1, -1, 0, -1, -1> stan::math::multiply_lower_tri_self_transpose<Eigen::Matrix<double, -1, -1, 0, -1, -1>, (void*)0, (void*)0>(Eigen::Matrix<double, -1, -1, 0, -1, -1> const&)
calls=50 0 
0 1992469
0 200
cfn=(12578) void stan::model::internal::assign_impl<Eigen::Matrix<double, -1, -1, 0, -1, -1>&, Eigen::Matrix<double, -1, -1, 0, -1, -1>, (void*)0>(Eigen::Matrix<double, -1, -1, 0, -1, -1>&, Eigen::Matrix<double, -1, -1, 0, -1, -1>&&, char const*)
calls=50 0 
0 39100
0 100
cob=(2)
cfi=(2)
cfn=(4266)
calls=50 0 
0 4737
0 50
0 1150
cfn=(12580)
calls=50 0 
0 1908800
0 26200
cfn=(12582) stan::math::w32_eigh_result_dbl stan::math::w32_eigh<Eigen::Matrix<double, -1, -1, 0, -1, -1>, (void*)0, (void*)0>(Eigen::Matrix<double, -1, -1, 0, -1, -1> const&)
calls=50 0 
0 19635782
0 200
cfn=(12584)
calls=50 0 
0 152100
0 250
cfn=(12586)
calls=50 0 
0 39200
0 200
cfn=(12582)
calls=50 0 
0 32034640
0 200
cfn=(12584)
calls=50 0 
0 152100
0 250
cfn=(12586)
calls=50 0 
0 39200
0 400
cfn=(12588) Eigen::Matrix<stan::return_type<stan::base_type<Eigen::Matrix<double, -1, 1, 0, -1, 1>, void>::type, stan::base_type<Eigen::Matrix<double, -1, 1, 0, -1, 1>, void>::type, double>::type, -1, -1, 0, -1, -1> kronecker_gp_model_namespace::calculate_eigenvalues<Eigen::Matrix<double, -1, 1, 0, -1, 1>, Eigen::Matrix<double, -1, 1, 0, -1, 1>, int, int, double, (void*)0>(Eigen::Matrix<double, -1, 1, 0, -1, 1> const&, Eigen::Matrix<double, -1, 1, 0, -1, 1> const&, int const&, int const&, double const&, std::ostream*) [clone .isra.0]
calls=50 0 
0 1402990
0 200
cfn=(12578)
calls=50 0 
0 39100
0 300
cob=(2)
cfi=(2)
cfn=(4266)
calls=50 0 
0 5322
0 50
0 281250
cob=(2)
cfi=(2)
cfn=(4266)
calls=50 0 
0 1650
0 50
0 100
cob=(2)
cfi=(2)
cfn=(4266)
calls=50 0 
0 6557
0 50
0 100
cob=(2)
cfi=(2)
cfn=(4266)
calls=50 0 
0 1650
0 50
0 100
cob=(2)
cfi=(2)
cfn=(4266)
calls=50 0 
0 6184
0 50
0 100
cob=(2)
cfi=(2)
cfn=(4266)
calls=50 0 
0 6184
0 50
0 100
cob=(2)
cfi=(2)
cfn=(4266)
calls=50 0 
0 6812
0 50
0 100
cob=(2)
cfi=(2)
cfn=(4266)
calls=50 0 
0 1650
0 50
0 100
cob=(2)
cfi=(2)
cfn=(4266)
calls=50 0 
0 5849
0 50
0 100
cob=(2)
cfi=(2)
cfn=(4266)
calls=50 0 
0 1650
0 50
0 100
cob=(2)
cfi=(2)
cfn=(4266)
calls=50 0 
0 5757
0 50
0 100
cob=(2)
cfi=(2)
cfn=(4266)
calls=50 0 
0 5679
0 50
0 600
cob=(2)
cfi=(2)
cfn=(4266)
calls=50 0 
0 6054
0 50
0 250
cfn=(12574)
calls=50 0 
0 115650
0 150
cfn=(12574)
calls=50 0 
0 115650
0 150
cfn=(12590) void stan::io::serializer<double>::write<Eigen::Matrix<double, -1, 1, 0, -1, 1>&, (void*)0, (void*)0>(Eigen::Matrix<double, -1, 1, 0, -1, 1>&)
calls=50 0 
0 6400
0 150
cfn=(12574)
calls=50 0 
0 115650
0 150
cfn=(12590)
calls=50 0 
0 6400
0 150
cfn=(12574)
calls=50 0 
0 115650
0 150
cfn=(12574)
calls=50 0 
0 115650
0 8500

fn=(12574)
0 693450

fn=(12788) std::_Sp_counted_ptr<boost::regex_traits_wrapper<boost::regex_traits<char, boost::cpp_regex_traits<char> > >*, (__gnu_cxx::_Lock_policy)2>::_M_dispose()
0 24
cob=(7)
cfi=(7)
cfn=(5084)
calls=1 0 
0 116
0 1

fn=(12796) boost::object_cache<boost::re_detail_500::cpp_regex_traits_base<char>, boost::re_detail_500::cpp_regex_traits_implementation<char> >::data::~data()
0 11
cfn=(12798) std::_Rb_tree<boost::re_detail_500::cpp_regex_traits_base<char>, std::pair<boost::re_detail_500::cpp_regex_traits_base<char> const, std::_List_iterator<std::pair<std::shared_ptr<boost::re_detail_500::cpp_regex_traits_implementation<char> const>, boost::re_detail_500::cpp_regex_traits_base<char> const*> > >, std::_Select1st<std::pair<boost::re_detail_500::cpp_regex_traits_base<char> const, std::_List_iterator<std::pair<std::shared_ptr<boost::re_detail_500::cpp_regex_traits_implementation<char> const>, boost::re_detail_500::cpp_regex_traits_base<char> const*> > > >, std::less<boost::re_detail_500::cpp_regex_traits_base<char> >, std::allocator<std::pair<boost::re_detail_500::cpp_regex_traits_base<char> const, std::_List_iterator<std::pair<std::shared_ptr<boost::re_detail_500::cpp_regex_traits_implementation<char> const>, boost::re_detail_500::cpp_regex_traits_base<char> const*> > > > >::_M_erase(std::_Rb_tree_node<std::pair<boost::re_detail_500::cpp_regex_traits_base<char> const, std::_List_iterator<std::pair<std::shared_ptr<boost::re_detail_500::cpp_regex_traits_implementation<char> const>, boost::re_detail_500::cpp_regex_traits_base<char> const*> > > >*) [clone .isra.0]
calls=1 0 
0 6
0 3
cob=(7)
cfi=(7)
cfn=(4478)
calls=1 0 
0 6
0 1
0 3
cob=(7)
cfi=(7)
cfn=(5084)
calls=1 0 
0 37
0 1
0 12
cob=(7)
cfi=(7)
cfn=(5084)
calls=1 0 
0 116
0 1
0 22
cfn=(12800)
calls=1 0 
0 70
0 3
cfn=(12802)
calls=1 0 
0 140
0 1

fn=(10322)
0 12
cfn=(10308)
calls=1 0 
0 86
0 5
cfn=(10324) unsigned int boost::re_detail_500::find_sort_syntax<boost::re_detail_500::cpp_regex_traits_implementation<char>, char>(boost::re_detail_500::cpp_regex_traits_implementation<char> const*, char*)
calls=1 0 
0 1449
0 16

fn=(10324)
0 15
cfn=(10326)
calls=1 0 
0 452
0 3
cob=(2)
cfi=(2)
cfn=(4318)
calls=1 0 
0 14
0 1
0 9
cfn=(10326)
calls=1 0 
0 452
0 7
cfn=(10326)
calls=1 0 
0 452
0 44

fn=(11588)
0 21960
cfn=(11590)
calls=10980 0 
0 2797679738

fn=(10152)
0 238

fn=(10280) void std::vector<std::__cxx11::basic_string<char, std::char_traits<char>, std::allocator<char> >, std::allocator<std::__cxx11::basic_string<char, std::char_traits<char>, std::allocator<char> > > >::_M_realloc_append<std::__cxx11::basic_string<char, std::char_traits<char>, std::allocator<char> > const&>(std::__cxx11::basic_string<char, std::char_traits<char>, std::allocator<char> > const&)
0 28
cob=(7)
cfi=(7)
cfn=(4902)
calls=1 0 
0 42
0 1
0 8
cob=(8)
cfi=(8)
cfn=(4896)
calls=1 0 
0 36
0 1
0 20

fn=(10398)
0 330

fn=(10426)
0 30
cfn=(10428)
calls=2 0 
0 90
0 2645
cob=(7)
cfi=(7)
cfn=(10434)
calls=1 0 
0 15
0 1
0 230

fn=(10452) boost::re_detail_500::basic_regex_creator<char, boost::regex_traits<char, boost::cpp_regex_traits<char> > >::create_startmaps(boost::re_detail_500::re_syntax_base*)
0 111
cfn=(10454)
calls=1 0 
0 1662
0 9
cfn=(10454)
calls=1 0 
0 123
0 30
cob=(7)
cfi=(7)
cfn=(5084)
calls=1 0 
0 37
0 1
0 19
cob=(7)
cfi=(7)
cfn=(4902)
calls=1 0 
0 42
0 1
0 18

fn=(10484) boost::re_detail_500::perl_matcher<__gnu_cxx::__normal_iterator<char const*, std::__cxx11::basic_string<char, std::char_traits<char>, std::allocator<char> > >, std::allocator<boost::sub_match<__gnu_cxx::__normal_iterator<char const*, std::__cxx11::basic_string<char, std::char_traits<char>, std::allocator<char> > > > >, boost::regex_traits<char, boost::cpp_regex_traits<char> > >::match_startmark()
0 130

fn=(10502)
0 7153
cob=(2)
cfi=(2)
cfn=(4324)
calls=438 0 
0 4974
0 438
0 5112
cob=(2)
cfi=(2)
cfn=(4324)
calls=145 0 
0 1648
0 145
0 2851
cob=(7)
cfi=(7)
cfn=(4902)
calls=2 0 
0 84
0 2
0 16
cob=(7)
cfi=(7)
cfn=(4902)
calls=8 0 
0 860
0 8
0 70
cob=(8)
cfi=(8)
cfn=(4896)
calls=10 0 
0 360
0 10
0 80
cfn=(10504)
calls=10 0 
0 624
0 160
cob=(7)
cfi=(7)
cfn=(10374)
calls=10 0 
0 364
0 10
0 84
cfn=(10536)
calls=8 0 
0 302
0 24

fn=(10518)
0 743
cob=(2)
cfi=(2)
cfn=(4324)
calls=36 0 
0 579
0 36
0 434
cob=(2)
cfi=(2)
cfn=(4324)
calls=15 0 
0 237
0 15
0 339

fn=(10606)
0 24
cob=(7)
cfi=(7)
cfn=(5084)
calls=1 0 
0 37
0 1
0 9
cob=(7)
cfi=(7)
cfn=(5084)
calls=1 0 
0 37
0 1
0 8
cob=(7)
cfi=(7)
cfn=(5084)
calls=1 0 
0 37
0 1
0 7

fn=(10726) kronecker_gp_model_namespace::kronecker_gp_model::constrained_param_names(std::vector<std::__cxx11::basic_string<char, std::char_traits<char>, std::allocator<char> >, std::allocator<std::__cxx11::basic_string<char, std::char_traits<char>, std::allocator<char> > > >&, bool, bool) const
0 84
cob=(7)
cfi=(7)
cfn=(10712)
calls=4 0 
0 308
0 4
0 12
cob=(7)
cfi=(7)
cfn=(4974)
calls=4 0 
0 132
0 4
0 12
cfn=(10716)
calls=4 0 
0 136
0 8
cob=(7)
cfi=(7)
cfn=(4928)
calls=4 0 
0 24
0 4
0 8
cob=(7)
cfi=(7)
cfn=(4928)
calls=4 0 
0 24
0 4
0 28
cob=(7)
cfi=(7)
cfn=(10712)
calls=4 0 
0 320
0 4
0 12
cob=(7)
cfi=(7)
cfn=(4974)
calls=4 0 
0 132
0 4
0 12
cfn=(10716)
calls=4 0 
0 136
0 8
cob=(7)
cfi=(7)
cfn=(4928)
calls=4 0 
0 24
0 4
0 8
cob=(7)
cfi=(7)
cfn=(4928)
calls=4 0 
0 24
0 4
0 51416
cfn=(10720)
calls=2520 0 
0 206640
0 10800
cfn=(10720)
calls=1080 0 
0 83160
0 50040
cfn=(10720)
calls=2520 0 
0 206640
0 10800
cfn=(10720)
calls=1080 0 
0 83160
0 28800
cob=(7)
cfi=(7)
cfn=(10596)
calls=3600 0 
0 100800
0 3600
0 72000
cob=(7)
cfi=(7)
cfn=(10362)
calls=3600 0 
0 158400
0 3600
0 75600
cob=(7)
cfi=(7)
cfn=(10596)
calls=3600 0 
0 153720
0 3600
0 68400
cob=(7)
cfi=(7)
cfn=(10362)
calls=3600 0 
0 158400
0 3600
0 75600
cob=(7)
cfi=(7)
cfn=(10596)
calls=3600 0 
0 153720
0 3600
0 54000
cfn=(10716)
calls=3600 0 
0 134372
0 108388
cob=(7)
cfi=(7)
cfn=(10712)
calls=4 0 
0 308
0 4
0 12
cob=(7)
cfi=(7)
cfn=(4974)
calls=4 0 
0 132
0 4
0 12
cfn=(10716)
calls=4 0 
0 136
0 8
cob=(7)
cfi=(7)
cfn=(4928)
calls=4 0 
0 24
0 4
0 8
cob=(7)
cfi=(7)
cfn=(4928)
calls=4 0 
0 24
0 4
0 25716
cfn=(10720)
calls=1260 0 
0 103320
0 5400
cfn=(10720)
calls=540 0 
0 41580
0 25020
cfn=(10720)
calls=1260 0 
0 103320
0 5400
cfn=(10720)
calls=540 0 
0 41580
0 14400
cob=(7)
cfi=(7)
cfn=(10596)
calls=1800 0 
0 82800
0 1800
0 36000
cob=(7)
cfi=(7)
cfn=(10362)
calls=1800 0 
0 79200
0 1800
0 37800
cob=(7)
cfi=(7)
cfn=(10596)
calls=1800 0 
0 76860
0 1800
0 34200
cob=(7)
cfi=(7)
cfn=(10362)
calls=1800 0 
0 79200
0 1800
0 37800
cob=(7)
cfi=(7)
cfn=(10596)
calls=1800 0 
0 76860
0 1800
0 27000
cfn=(10716)
calls=1800 0 
0 87874
0 79928
cfn=(10720)
calls=1260 0 
0 103320
0 5400
cfn=(10720)
calls=540 0 
0 41580
0 25020
cfn=(10720)
calls=1260 0 
0 103320
0 5400
cfn=(10720)
calls=540 0 
0 41580
0 14400
cob=(7)
cfi=(7)
cfn=(10596)
calls=1800 0 
0 88200
0 1800
0 30600
cob=(7)
cfi=(7)
cfn=(10362)
calls=1800 0 
0 79200
0 1800
0 36000
cob=(7)
cfi=(7)
cfn=(10596)
calls=1800 0 
0 76860
0 1800
0 28800
cob=(7)
cfi=(7)
cfn=(10362)
calls=1800 0 
0 79200
0 1800
0 36000
cob=(7)
cfi=(7)
cfn=(10596)
calls=1800 0 
0 76860
0 1800
0 25200
cfn=(10716)
calls=1800 0 
0 116783
0 54192
cfn=(10718)
calls=2 0 
0 202
0 174
cfn=(10718)
calls=58 0 
0 6278
0 420
cob=(7)
cfi=(7)
cfn=(10712)
calls=60 0 
0 4800
0 60
0 240
cob=(7)
cfi=(7)
cfn=(4974)
calls=60 0 
0 2220
0 60
0 360
cob=(7)
cfi=(7)
cfn=(10362)
calls=60 0 
0 2640
0 60
0 180
cob=(7)
cfi=(7)
cfn=(4974)
calls=60 0 
0 1980
0 60
0 240
cfn=(10722)
calls=60 0 
0 5442
0 180
cfn=(10716)
calls=60 0 
0 2040
0 26950
cfn=(10720)
calls=1260 0 
0 103320
0 5400
cfn=(10720)
calls=540 0 
0 41580
0 25020
cfn=(10720)
calls=1260 0 
0 103320
0 5400
cfn=(10720)
calls=540 0 
0 41580
0 14400
cob=(7)
cfi=(7)
cfn=(10596)
calls=1800 0 
0 88200
0 1800
0 36000
cob=(7)
cfi=(7)
cfn=(10362)
calls=1800 0 
0 79200
0 1800
0 37800
cob=(7)
cfi=(7)
cfn=(10596)
calls=1800 0 
0 76860
0 1800
0 34200
cob=(7)
cfi=(7)
cfn=(10362)
calls=1800 0 
0 79200
0 1800
0 37800
cob=(7)
cfi=(7)
cfn=(10596)
calls=1800 0 
0 76860
0 1800
0 27000
cfn=(10716)
calls=1800 0 
0 57924
0 54192
cfn=(10718)
calls=2 0 
0 202
0 174
cfn=(10718)
calls=58 0 
0 6278
0 420
cob=(7)
cfi=(7)
cfn=(10712)
calls=60 0 
0 4800
0 60
0 240
cob=(7)
cfi=(7)
cfn=(4974)
calls=60 0 
0 2220
0 60
0 360
cob=(7)
cfi=(7)
cfn=(10362)
calls=60 0 
0 2640
0 60
0 180
cob=(7)
cfi=(7)
cfn=(4974)
calls=60 0 
0 1980
0 60
0 240
cfn=(10722)
calls=60 0 
0 5442
0 180
cfn=(10716)
calls=60 0 
0 2040
0 27132
cfn=(10720)
calls=1260 0 
0 103320
0 5400
cfn=(10720)
calls=540 0 
0 41580
0 25020
cfn=(10720)
calls=1260 0 
0 103320
0 5400
cfn=(10720)
calls=540 0 
0 41580
0 14400
cob=(7)
cfi=(7)
cfn=(10596)
calls=1800 0 
0 79200
0 1800
0 30600
cob=(7)
cfi=(7)
cfn=(10362)
calls=1800 0 
0 79200
0 1800
0 36000
cob=(7)
cfi=(7)
cfn=(10596)
calls=1800 0 
0 76860
0 1800
0 28800
cob=(7)
cfi=(7)
cfn=(10362)
calls=1800 0 
0 79200
0 1800
0 36000
cob=(7)
cfi=(7)
cfn=(10596)
calls=1800 0 
0 518374
0 1800
0 28818
cfn=(10716)
calls=1638 0 
0 143120
0 1296
cfn=(10716)
calls=162 0 
0 4860
0 79988
cfn=(10720)
calls=1260 0 
0 103320
0 5400
cfn=(10720)
calls=540 0 
0 41580
0 25020
cfn=(10720)
calls=1260 0 
0 103320
0 5400
cfn=(10720)
calls=540 0 
0 41580
0 14400
cob=(7)
cfi=(7)
cfn=(10596)
calls=1800 0 
0 82800
0 1800
0 30600
cob=(7)
cfi=(7)
cfn=(10362)
calls=1800 0 
0 79200
0 1800
0 36000
cob=(7)
cfi=(7)
cfn=(10596)
calls=1800 0 
0 76860
0 1800
0 28800
cob=(7)
cfi=(7)
cfn=(10362)
calls=1800 0 
0 79200
0 1800
0 36000
cob=(7)
cfi=(7)
cfn=(10596)
calls=1800 0 
0 76860
0 1800
0 25200
cfn=(10716)
calls=1800 0 
0 57600
0 3410252

fn=(11316)
0 223350
cob=(2)
cfi=(2)
cfn=(4266)
calls=22335 0 
0 89340
0 22335
0 201015
cfn=(10656)
calls=22335 0 
0 2697812
0 134010

fn=(11374)
0 61765
cfn=(11306)
calls=5615 0 
0 72995
0 67380
cfn=(11298)
calls=5615 0 
0 50535
0 67380

fn=(11404)
0 370590
cob=(2)
cfi=(2)
cfn=(4952)
calls=5615 0 
0 263033
0 5615
0 314440
cfn=(11406)
calls=5615 0 
0 13026800
0 3408305
cfn=(11408)
calls=22460 0 
0 5873290
0 426740
cfn=(11410)
calls=22460 0 
0 107414950
0 348130
cfn=(11408)
calls=16845 0 
0 8254050
0 320055
cfn=(11410)
calls=16845 0 
0 157770270
0 1673270

fn=(11412)
0 580470380

fn=(11460)
0 258290
cfn=(10098)
calls=11230 0 
0 797330
0 89840
cob=(7)
cfi=(7)
cfn=(10596)
calls=11230 0 
0 2100010
0 11230
0 314440
cob=(7)
cfi=(7)
cfn=(5084)
calls=11230 0 
0 415510
0 11230
0 123530
cfn=(10098)
calls=11230 0 
0 797330
0 33690
cob=(7)
cfi=(7)
cfn=(10712)
calls=11230 0 
0 2448140
0 11230
0 314440
cob=(7)
cfi=(7)
cfn=(5084)
calls=11230 0 
0 415510
0 11230
0 50860670

fn=(11464)
0 101070
cfn=(11306)
calls=5615 0 
0 72995
0 67380
cfn=(11298)
calls=5615 0 
0 50535
0 123530
cfn=(11372)
calls=5615 0 
0 39305
0 16845
cfn=(11376)
calls=5615 0 
0 7898859
0 208445645
cfn=(11298)
calls=5053500 0 
0 45481500
0 156658500
cfn=(11298)
calls=5053500 0 
0 45481500
0 167995185

fn=(11474)
0 297595
cob=(6)
cfi=(6)
cfn=(10670)
calls=5615 0 
0 589575
0 5615
0 28075
cob=(6)
cfi=(6)
cfn=(11338)
calls=5615 0 
0 264378
0 5615
0 33690
cob=(6)
cfi=(6)
cfn=(10670)
calls=5615 0 
0 589575
0 5615
0 22460
cob=(6)
cfi=(6)
cfn=(10670)
calls=5615 0 
0 589575
0 5615
0 56150
cfn=(11306)
calls=5615 0 
0 72995
0 78610
cfn=(11298)
calls=5615 0 
0 50535
0 39305
cfn=(11306)
calls=5615 0 
0 72995
0 67380
cfn=(11298)
calls=5615 0 
0 50535
0 22460
cfn=(11306)
calls=5615 0 
0 72995
0 61765
cfn=(11298)
calls=5615 0 
0 50535
0 22460
cfn=(11306)
calls=5615 0 
0 72995
0 61765
cfn=(11298)
calls=5615 0 
0 50535
0 44920

fn=(11494)
0 4545720
cfn=(11408)
calls=32940 0 
0 104617440
0 856440
cfn=(11496)
calls=32940 0 
0 83041740
0 494100
cfn=(11410)
calls=32940 0 
0 1886440860
0 1614060

fn=(11518)
0 98820
cfn=(11306)
calls=5490 0 
0 71370
0 21960
cfn=(11306)
calls=5490 0 
0 71370
0 367830
cfn=(11306)
calls=5490 0 
0 71370
0 65880
cfn=(11298)
calls=5490 0 
0 49410
0 76860

fn=(11534) stan::math::multiply<Eigen::Matrix<stan::math::var_value<double, void>, -1, -1, 0, -1, -1> const&, Eigen::Transpose<Eigen::Map<Eigen::Matrix<stan::math::var_value<double, void>, -1, -1, 0, -1, -1>, 0, Eigen::Stride<0, 0> > const>, (void*)0, (void*)0, (void*)0>(Eigen::Matrix<stan::math::var_value<double, void>, -1, -1, 0, -1, -1> const&, Eigen::Transpose<Eigen::Map<Eigen::Matrix<stan::math::var_value<double, void>, -1, -1, 0, -1, -1>, 0, Eigen::Stride<0, 0> > const>&&)::{lambda()#1}::operator()()
0 126270
cfn=(10666)
calls=5490 0 
0 2988951
0 29805210
cfn=(11540)
calls=5490 0 
0 423542053
0 98820
cfn=(11546)
calls=5490 0 
0 428382628
0 10980
cob=(2)
cfi=(2)
cfn=(4266)
calls=5490 0 
0 636322
0 5490
0 54900

fn=(11544)
0 4545720
cfn=(11408)
calls=32940 0 
0 104617440
0 790560
cfn=(11406)
calls=32940 0 
0 76420800
0 494100
cfn=(11410)
calls=32940 0 
0 1886440860
0 1614060

fn=(11622)
0 11940750

fn=(11758)
0 2625
cob=(7)
cfi=(7)
cfn=(5174)
calls=125 0 
0 73875
0 125
0 625
cob=(2)
cfi=(2)
cfn=(4318)
calls=125 0 
0 1750
0 125
0 500
cob=(7)
cfi=(7)
cfn=(6032) std::basic_ostream<char, std::char_traits<char> >& std::__ostream_insert<char, std::char_traits<char> >(std::basic_ostream<char, std::char_traits<char> >&, char const*, long)
calls=125 0 
0 61750
0 125
0 500
cob=(2)
cfi=(2)
cfn=(4318)
calls=125 0 
0 1750
0 125
0 500
cob=(7)
cfi=(7)
cfn=(6032)
calls=125 0 
0 15500
0 125
0 500
cob=(2)
cfi=(2)
cfn=(4318)
calls=125 0 
0 1750
0 125
0 500
cob=(7)
cfi=(7)
cfn=(6032)
calls=125 0 
0 14875
0 125
0 500
cob=(2)
cfi=(2)
cfn=(4318)
calls=125 0 
0 1750
0 125
0 500
cob=(7)
cfi=(7)
cfn=(6032)
calls=125 0 
0 15250
0 125
0 375
cob=(7)
cfi=(7)
cfn=(5180) std::ostream& std::ostream::_M_insert<unsigned long>(unsigned long)
calls=125 0 
0 34375
0 125
0 500
cob=(2)
cfi=(2)
cfn=(4318)
calls=125 0 
0 1750
0 125
0 500
cob=(7)
cfi=(7)
cfn=(6032)
calls=125 0 
0 15125
0 125
0 375
cob=(7)
cfi=(7)
cfn=(5338) std::ostream& std::ostream::_M_insert<double>(double)
calls=125 0 
0 220500
0 125
0 500
cob=(2)
cfi=(2)
cfn=(4318)
calls=125 0 
0 1750
0 125
0 500
cob=(7)
cfi=(7)
cfn=(6032)
calls=125 0 
0 14875
0 125
0 500
cob=(2)
cfi=(2)
cfn=(4318)
calls=125 0 
0 1750
0 125
0 500
cob=(7)
cfi=(7)
cfn=(6032)
calls=125 0 
0 14875
0 125
0 500
cob=(2)
cfi=(2)
cfn=(4318)
calls=125 0 
0 1750
0 125
0 500
cob=(7)
cfi=(7)
cfn=(6032)
calls=125 0 
0 15250
0 125
0 250
cob=(7)
cfi=(7)
cfn=(11766) __cxa_allocate_exception
calls=125 0 
0 6250
0 125
0 500
cob=(7)
cfi=(7)
cfn=(10706)
calls=125 0 
0 23000
0 125
0 375
cob=(7)
cfi=(7)
cfn=(11770) std::domain_error::domain_error(std::__cxx11::basic_string<char, std::char_traits<char>, std::allocator<char> > const&)
calls=125 0 
0 16250
0 125
0 250
cob=(7)
cfi=(7)
cfn=(4928)
calls=125 0 
0 5250
0 125
0 875
cob=(7)
cfi=(7)
cfn=(11780) __cxa_throw
calls=125 0 
0 3115337
0 125
0 500
cob=(7)
cfi=(7)
cfn=(5218)
calls=125 0 
0 14375
0 125
0 625
cob=(5)
cfi=(5)
cfn=(12272)
calls=125 0 
0 1260250
0 125

fn=(12570)
0 7200
cfn=(10666)
calls=300 0 
0 110827
0 348600

fn=(12582)
0 519500
cfn=(10666)
calls=100 0 
0 28180
0 500
cfn=(11424)
calls=100 0 
0 7400
0 900
cfn=(11424)
calls=100 0 
0 7400
0 900
cfn=(11424)
calls=100 0 
0 7400
0 1000
cfn=(10654)
calls=100 0 
0 1100
0 1600
cfn=(10666)
calls=100 0 
0 2900
0 17300
cob=(2)
cfi=(2)
cfn=(4952)
calls=2900 0 
0 58500
0 2900
0 237900
cfn=(11424)
calls=100 0 
0 1100
0 300
cfn=(11424)
calls=100 0 
0 1100
0 600
cfn=(11426)
calls=100 0 
0 21594900
0 600
cfn=(11456)
calls=100 0 
0 28375229
0 700
cfn=(10652)
calls=100 0 
0 600
0 12600
cfn=(10666)
calls=100 0 
0 33339
0 228700
cfn=(10654)
calls=100 0 
0 7400
0 10100
cob=(2)
cfi=(2)
cfn=(4266)
calls=100 0 
0 3300
0 100
0 200
cob=(2)
cfi=(2)
cfn=(4266)
calls=100 0 
0 3300
0 100
0 200
cob=(2)
cfi=(2)
cfn=(4266)
calls=100 0 
0 3300
0 100
0 200
cob=(2)
cfi=(2)
cfn=(4266)
calls=100 0 
0 9474
0 100
0 487400

fn=(12590)
0 12800

fn=(12744)
0 4
cob=(2)
cfi=(2)
cfn=(4266)
calls=1 0 
0 114
0 1
0 2
cob=(2)
cfi=(2)
cfn=(4266)
calls=1 0 
0 111
0 1
0 2
cob=(2)
cfi=(2)
cfn=(4266)
calls=1 0 
0 33
0 1
0 7
cob=(7)
cfi=(7)
cfn=(5084)
calls=1 0 
0 37
0 1

fn=(12784) boost::basic_regex<char, boost::regex_traits<char, boost::cpp_regex_traits<char> > >::~basic_regex()
0 13
cfn=(12786) std::_Sp_counted_ptr<boost::re_detail_500::basic_regex_implementation<char, boost::regex_traits<char, boost::cpp_regex_traits<char> > >*, (__gnu_cxx::_Lock_policy)2>::_M_dispose()
calls=1 0 
0 368
0 5
cfn=(12792) std::_Sp_counted_ptr<boost::re_detail_500::basic_regex_implementation<char, boost::regex_traits<char, boost::cpp_regex_traits<char> > >*, (__gnu_cxx::_Lock_policy)2>::_M_destroy()
calls=1 0 
0 119

fn=(12786)
0 10
cob=(7)
cfi=(7)
cfn=(4942) operator delete(void*)
calls=1 0 
0 35
0 1
0 16
cob=(7)
cfi=(7)
cfn=(5084)
calls=1 0 
0 37
0 1
0 4
cfn=(12788)
calls=1 0 
0 141
0 3
cfn=(12790)
calls=1 0 
0 119
0 1

fn=(12792)
0 2
cob=(7)
cfi=(7)
cfn=(5084)
calls=1 0 
0 116
0 1

fn=(11586)
0 78869340

fn=(9816)
0 13
cob=(2)
cfi=(2)
cfn=(4582)
calls=1 0 
0 206
0 1
0 6
cob=(7)
cfi=(7)
cfn=(4902)
calls=1 0 
0 38
0 1
0 10
cob=(7)
cfi=(7)
cfn=(4902)
calls=1 0 
0 38
0 1
0 30

fn=(10198)
0 12
cfn=(10200)
calls=1 0 
0 2307753
0 5
cfn=(10628) new_model(stan::io::var_context&, unsigned int, std::ostream*)
calls=1 0 
0 346292
0 7
cfn=(10672)
calls=1 0 
0 800
0 4
cfn=(10678) kronecker_gp_model_namespace::kronecker_gp_model::model_name[abi:cxx11]() const
calls=1 0 
0 84
0 3
cob=(2)
cfi=(2)
cfn=(10682)
calls=1 0 
0 83
0 1
0 7
cob=(7)
cfi=(7)
cfn=(5084)
calls=1 0 
0 37
0 1
0 11
cob=(7)
cfi=(7)
cfn=(5174)
calls=1 0 
0 591
0 1
0 4
cob=(7)
cfi=(7)
cfn=(6032)
calls=1 0 
0 494
0 1
0 4
cob=(7)
cfi=(7)
cfn=(6032)
calls=1 0 
0 122
0 1
0 10
cob=(7)
cfi=(7)
cfn=(6032)
calls=1 0 
0 122
0 1
0 10
cob=(7)
cfi=(7)
cfn=(6032)
calls=1 0 
0 122
0 1
0 2
cob=(7)
cfi=(7)
cfn=(10694)
calls=1 0 
0 124
0 1
0 4
cob=(7)
cfi=(7)
cfn=(6032)
calls=1 0 
0 119
0 1
0 4
cob=(7)
cfi=(7)
cfn=(6032)
calls=1 0 
0 122
0 1
0 10
cob=(7)
cfi=(7)
cfn=(6032)
calls=1 0 
0 124
0 1
0 10
cob=(7)
cfi=(7)
cfn=(6032)
calls=1 0 
0 122
0 1
0 2
cob=(7)
cfi=(7)
cfn=(10694)
calls=1 0 
0 124
0 1
0 4
cob=(7)
cfi=(7)
cfn=(6032)
calls=1 0 
0 117
0 1
0 10
cob=(7)
cfi=(7)
cfn=(10690) std::ostream::put(char)
calls=1 0 
0 50
0 1
0 2
cob=(7)
cfi=(7)
cfn=(10696) std::ostream::flush()
calls=1 0 
0 56
0 1
0 4
cob=(7)
cfi=(7)
cfn=(6032)
calls=1 0 
0 117
0 1
0 10
cob=(7)
cfi=(7)
cfn=(10690)
calls=1 0 
0 50
0 1
0 2
cob=(7)
cfi=(7)
cfn=(10696)
calls=1 0 
0 56
0 1
0 4
cob=(7)
cfi=(7)
cfn=(6032)
calls=1 0 
0 119
0 1
0 10
cob=(7)
cfi=(7)
cfn=(10690)
calls=1 0 
0 50
0 1
0 2
cob=(7)
cfi=(7)
cfn=(10696)
calls=1 0 
0 56
0 1
0 4
cob=(7)
cfi=(7)
cfn=(6032)
calls=1 0 
0 117
0 1
0 10
cob=(7)
cfi=(7)
cfn=(10690)
calls=1 0 
0 50
0 1
0 2
cob=(7)
cfi=(7)
cfn=(10696)
calls=1 0 
0 56
0 1
0 4
cob=(7)
cfi=(7)
cfn=(6032)
calls=1 0 
0 117
0 1
0 10
cob=(7)
cfi=(7)
cfn=(10690)
calls=1 0 
0 50
0 1
0 2
cob=(7)
cfi=(7)
cfn=(10696)
calls=1 0 
0 56
0 1
0 4
cob=(7)
cfi=(7)
cfn=(6032)
calls=1 0 
0 117
0 1
0 2
cob=(7)
cfi=(7)
cfn=(10694)
calls=1 0 
0 124
0 1
0 4
cob=(7)
cfi=(7)
cfn=(6032)
calls=1 0 
0 117
0 1
0 2
cob=(7)
cfi=(7)
cfn=(10694)
calls=1 0 
0 124
0 1
0 4
cfn=(10702)
calls=1 0 
0 507
0 15
cob=(7)
cfi=(7)
cfn=(6032)
calls=2 0 
0 234
0 2
0 22
cob=(7)
cfi=(7)
cfn=(10690)
calls=2 0 
0 100
0 2
0 4
cob=(7)
cfi=(7)
cfn=(10696)
calls=2 0 
0 112
0 2
0 12
cob=(7)
cfi=(7)
cfn=(5084)
calls=2 0 
0 74
0 2
0 16
cob=(8)
cfi=(8)
cfn=(4896)
calls=2 0 
0 164
0 2
0 16
cob=(7)
cfi=(7)
cfn=(10690)
calls=2 0 
0 100
0 2
0 24
cob=(7)
cfi=(7)
cfn=(5084)
calls=2 0 
0 74
0 2
0 14
cob=(7)
cfi=(7)
cfn=(5084)
calls=1 0 
0 37
0 1
0 3
cob=(7)
cfi=(7)
cfn=(10706)
calls=1 0 
0 215
0 1
0 2
cob=(2)
cfi=(2)
cfn=(10682)
calls=1 0 
0 353
0 1
0 11
cob=(7)
cfi=(7)
cfn=(5084)
calls=1 0 
0 37
0 1
0 9
cfn=(10708)
calls=1 0 
0 213574
0 3
cfn=(10724) bridgestan::to_csv(std::vector<std::__cxx11::basic_string<char, std::char_traits<char>, std::allocator<char> >, std::allocator<std::__cxx11::basic_string<char, std::char_traits<char>, std::allocator<char> > > > const&)
calls=1 0 
0 90664
0 3088
cfn=(10726)
calls=1 0 
0 691693
0 3
cfn=(10724)
calls=1 0 
0 183869
0 6343
cfn=(10726)
calls=1 0 
0 5085178
0 3
cfn=(10724)
calls=1 0 
0 1243001
0 24325
cob=(7)
cfi=(7)
cfn=(5084)
calls=819 0 
0 112946
0 819
0 16396
cfn=(10726)
calls=1 0 
0 676193
0 3
cfn=(10724)
calls=1 0 
0 184034
0 6344
cfn=(10726)
calls=1 0 
0 4882467
0 3
cfn=(10724)
calls=1 0 
0 1244073
0 24324
cob=(7)
cfi=(7)
cfn=(5084)
calls=819 0 
0 113429
0 819
0 16396
cob=(7)
cfi=(7)
cfn=(5084)
calls=1 0 
0 85
0 1
0 2
cob=(7)
cfi=(7)
cfn=(5218)
calls=1 0 
0 115
0 1
0 13
cob=(7)
cfi=(7)
cfn=(10690)
calls=1 0 
0 50
0 1
0 4
cob=(7)
cfi=(7)
cfn=(10690)
calls=1 0 
0 50
0 1
0 4
cob=(7)
cfi=(7)
cfn=(10690)
calls=1 0 
0 50
0 1
0 4
cob=(7)
cfi=(7)
cfn=(10690)
calls=1 0 
0 50
0 1
0 1

fn=(10258)
0 45662
cob=(7)
cfi=(7)
cfn=(10240)
calls=260 0 
0 40040
0 260
0 1560

fn=(10272)
0 229710

fn=(10392) boost::re_detail_500::basic_regex_parser<char, boost::regex_traits<char, boost::cpp_regex_traits<char> > >::parse_extended()
0 57
cfn=(10438) boost::re_detail_500::basic_regex_parser<char, boost::regex_traits<char, boost::cpp_regex_traits<char> > >::parse_repeat(unsigned long, unsigned long)
calls=1 0 
0 231
0 12
cfn=(10394)
calls=2 0 
0 5361

fn=(10438)
0 39
cfn=(10440) boost::re_detail_500::basic_regex_creator<char, boost::regex_traits<char, boost::cpp_regex_traits<char> > >::insert_state(long, boost::re_detail_500::syntax_element_type, unsigned long)
calls=1 0 
0 109
0 11
cfn=(10386) boost::re_detail_500::basic_regex_creator<char, boost::regex_traits<char, boost::cpp_regex_traits<char> > >::append_state(boost::re_detail_500::syntax_element_type, unsigned long) [clone .constprop.0]
calls=1 0 
0 42
0 30

fn=(10440)
0 39
cob=(2)
cfi=(2)
cfn=(4884)
calls=1 0 
0 53
0 1
0 16

fn=(10446) boost::re_detail_500::basic_regex_creator<char, boost::regex_traits<char, boost::cpp_regex_traits<char> > >::finalize(char const*, char const*)
0 15
cfn=(10448) boost::re_detail_500::basic_regex_creator<char, boost::regex_traits<char, boost::cpp_regex_traits<char> > >::append_state(boost::re_detail_500::syntax_element_type, unsigned long) [clone .constprop.1] [clone .isra.0]
calls=1 0 
0 41
0 19
cob=(2)
cfi=(2)
cfn=(4884)
calls=1 0 
0 11
0 1
0 8
cfn=(10450)
calls=1 0 
0 112
0 7
cfn=(10452)
calls=1 0 
0 2053
0 43
cfn=(10454)
calls=1 0 
0 1666
0 33
cfn=(10458)
calls=1 0 
0 29

fn=(10448)
0 41

fn=(10460) boost::re_detail_500::perl_matcher<__gnu_cxx::__normal_iterator<char const*, std::__cxx11::basic_string<char, std::char_traits<char>, std::allocator<char> > >, std::allocator<boost::sub_match<__gnu_cxx::__normal_iterator<char const*, std::__cxx11::basic_string<char, std::char_traits<char>, std::allocator<char> > > > >, boost::regex_traits<char, boost::cpp_regex_traits<char> > >::match_imp()
0 532
cfn=(10480) std::_Sp_counted_base<(__gnu_cxx::_Lock_policy)2>::_M_release()
calls=5 0 
0 65
0 115
cfn=(10482) boost::re_detail_500::perl_matcher<__gnu_cxx::__normal_iterator<char const*, std::__cxx11::basic_string<char, std::char_traits<char>, std::allocator<char> > >, std::allocator<boost::sub_match<__gnu_cxx::__normal_iterator<char const*, std::__cxx11::basic_string<char, std::char_traits<char>, std::allocator<char> > > > >, boost::regex_traits<char, boost::cpp_regex_traits<char> > >::match_all_states()
calls=5 0 
0 1828
0 175
cob=(7)
cfi=(7)
cfn=(4902)
calls=1 0 
0 324
0 1
0 26
cfn=(10476)
calls=5 0 
0 947
0 110
cfn=(10496) boost::match_results<__gnu_cxx::__normal_iterator<char const*, std::__cxx11::basic_string<char, std::char_traits<char>, std::allocator<char> > >, std::allocator<boost::sub_match<__gnu_cxx::__normal_iterator<char const*, std::__cxx11::basic_string<char, std::char_traits<char>, std::allocator<char> > > > > >::operator[](int) const
calls=5 0 
0 80
0 22
cob=(7)
cfi=(7)
cfn=(5126)
calls=1 0 
0 17
0 1
0 6
cob=(2)
cfi=(2)
cfn=(4510)
calls=1 0 
0 66
0 1
0 2
cob=(7)
cfi=(7)
cfn=(5132)
calls=1 0 
0 6
0 1
0 1

fn=(10480)
0 65

fn=(10488) boost::re_detail_500::perl_matcher<__gnu_cxx::__normal_iterator<char const*, std::__cxx11::basic_string<char, std::char_traits<char>, std::allocator<char> > >, std::allocator<boost::sub_match<__gnu_cxx::__normal_iterator<char const*, std::__cxx11::basic_string<char, std::char_traits<char>, std::allocator<char> > > > >, boost::regex_traits<char, boost::cpp_regex_traits<char> > >::match_set_repeat()
0 325

fn=(10526)
0 96
cob=(7)
cfi=(7)
cfn=(4902)
calls=5 0 
0 329
0 5
0 111
cob=(2)
cfi=(2)
cfn=(4884)
calls=5 0 
0 61
0 5
0 58

fn=(10530) std::_Rb_tree_iterator<std::pair<std::__cxx11::basic_string<char, std::char_traits<char>, std::allocator<char> > const, std::pair<std::vector<int, std::allocator<int> >, std::vector<unsigned long, std::allocator<unsigned long> > > > > std::_Rb_tree<std::__cxx11::basic_string<char, std::char_traits<char>, std::allocator<char> >, std::pair<std::__cxx11::basic_string<char, std::char_traits<char>, std::allocator<char> > const, std::pair<std::vector<int, std::allocator<int> >, std::vector<unsigned long, std::allocator<unsigned long> > > >, std::_Select1st<std::pair<std::__cxx11::basic_string<char, std::char_traits<char>, std::allocator<char> > const, std::pair<std::vector<int, std::allocator<int> >, std::vector<unsigned long, std::allocator<unsigned long> > > > >, std::less<std::__cxx11::basic_string<char, std::char_traits<char>, std::allocator<char> > >, std::allocator<std::pair<std::__cxx11::basic_string<char, std::char_traits<char>, std::allocator<char> > const, std::pair<std::vector<int, std::allocator<int> >, std::vector<unsigned long, std::allocator<unsigned long> > > > > >::_M_emplace_hint_unique<std::piecewise_construct_t const&, std::tuple<std::__cxx11::basic_string<char, std::char_traits<char>, std::allocator<char> > const&>, std::tuple<> >(std::_Rb_tree_const_iterator<std::pair<std::__cxx11::basic_string<char, std::char_traits<char>, std::allocator<char> > const, std::pair<std::vector<int, std::allocator<int> >, std::vector<unsigned long, std::allocator<unsigned long> > > > >, std::piecewise_construct_t const&, std::tuple<std::__cxx11::basic_string<char, std::char_traits<char>, std::allocator<char> > const&>&&, std::tuple<>&&) [clone .isra.0]
0 24
cob=(7)
cfi=(7)
cfn=(4902)
calls=2 0 
0 84
0 2
0 16
cob=(8)
cfi=(8)
cfn=(4896)
calls=2 0 
0 72
0 2
0 46
cfn=(10532) std::_Rb_tree<std::__cxx11::basic_string<char, std::char_traits<char>, std::allocator<char> >, std::pair<std::__cxx11::basic_string<char, std::char_traits<char>, std::allocator<char> > const, std::pair<std::vector<int, std::allocator<int> >, std::vector<unsigned long, std::allocator<unsigned long> > > >, std::_Select1st<std::pair<std::__cxx11::basic_string<char, std::char_traits<char>, std::allocator<char> > const, std::pair<std::vector<int, std::allocator<int> >, std::vector<unsigned long, std::allocator<unsigned long> > > > >, std::less<std::__cxx11::basic_string<char, std::char_traits<char>, std::allocator<char> > >, std::allocator<std::pair<std::__cxx11::basic_string<char, std::char_traits<char>, std::allocator<char> > const, std::pair<std::vector<int, std::allocator<int> >, std::vector<unsigned long, std::allocator<unsigned long> > > > > >::_M_get_insert_unique_pos(std::__cxx11::basic_string<char, std::char_traits<char>, std::allocator<char> > const&) [clone .isra.0]
calls=1 0 
0 29
0 26
cob=(7)
cfi=(7)
cfn=(10374)
calls=2 0 
0 38
0 2
0 15
cfn=(10536)
calls=1 0 
0 40
0 11
cfn=(10536)
calls=1 0 
0 40
0 3

fn=(10532)
0 29

fn=(10546)
0 29

fn=(10564)
0 197
cob=(2)
cfi=(2)
cfn=(4324)
calls=9 0 
0 144
0 9
0 106
cob=(2)
cfi=(2)
cfn=(4324)
calls=3 0 
0 48
0 3
0 88
cob=(7)
cfi=(7)
cfn=(4902)
calls=2 0 
0 373
0 2
0 16
cob=(8)
cfi=(8)
cfn=(4896)
calls=2 0 
0 72
0 2
0 3
cob=(8)
cfi=(8)
cfn=(4896)
calls=1 0 
0 36
0 1
0 45
cfn=(10536)
calls=2 0 
0 68
0 8
cfn=(10566)
calls=1 0 
0 29
0 36
cob=(7)
cfi=(7)
cfn=(10374)
calls=3 0 
0 91
0 3
0 8
cob=(7)
cfi=(7)
cfn=(4902)
calls=1 0 
0 42
0 1
0 17
cfn=(10536)
calls=2 0 
0 68
0 8

fn=(10590)
0 126
cob=(2)
cfi=(2)
cfn=(4884)
calls=6 0 
0 96
0 6
0 54
cob=(2)
cfi=(2)
cfn=(4884)
calls=6 0 
0 96
0 6
0 304

fn=(10608)
0 74
cob=(7)
cfi=(7)
cfn=(5084)
calls=2 0 
0 74
0 2
0 48
cob=(7)
cfi=(7)
cfn=(5084)
calls=4 0 
0 148
0 4
0 22

fn=(10628)
0 10
cob=(7)
cfi=(7)
cfn=(4902)
calls=1 0 
0 42
0 1
0 6
cfn=(10630)
calls=1 0 
0 346226
0 7

fn=(10656)
0 1534152
cob=(2)
cfi=(2)
cfn=(4582)
calls=383538 0 
0 90410750
0 383538
0 3451842

fn=(10676)
0 24
cob=(7)
cfi=(7)
cfn=(5084)
calls=1 0 
0 37
0 1
0 9
cob=(7)
cfi=(7)
cfn=(5084)
calls=1 0 
0 121
0 1
0 8
cob=(7)
cfi=(7)
cfn=(5084)
calls=1 0 
0 37
0 1
0 7

fn=(10858) bs_rng_construct
0 20
cob=(7)
cfi=(7)
cfn=(4902)
calls=2 0 
0 84
0 2
0 36
cfn=(10632)
calls=2 0 
0 496138
0 22

fn=(11308)
0 84225
cfn=(11306)
calls=5615 0 
0 72995
0 78610

fn=(11372)
0 275135

fn=(11376)
0 1111770
cfn=(10656)
calls=33690 0 
0 11030365
0 39248850

fn=(11416)
0 151605
cfn=(11306)
calls=5615 0 
0 72995
0 39305
cfn=(11306)
calls=5615 0 
0 72995
0 78610
cfn=(11306)
calls=5615 0 
0 72995
0 30287310
cfn=(11306)
calls=5047885 0 
0 65622505
0 70749000
cfn=(11298)
calls=5053500 0 
0 45498402
0 20286995
cfn=(11306)
calls=5615 0 
0 72995
0 89840
cfn=(11298)
calls=5615 0 
0 50535
0 61765

fn=(11434)
0 32528430

fn=(11436)
0 12814230
cfn=(11438)
calls=328570 0 
0 506043120
0 4599980

fn=(11442)
0 11828520

fn=(11444)
0 38589980
cob=(2)
cfi=(2)
cfn=(4952)
calls=317240 0 
0 6322140
0 317240
0 2379300
cob=(2)
cfi=(2)
cfn=(4952)
calls=158620 0 
0 2062060
0 158620
0 14434420
cfn=(11448) void Eigen::internal::gemv_dense_selector<2, 1, true>::run<Eigen::Transpose<Eigen::Block<Eigen::Block<Eigen::Matrix<double, -1, -1, 0, -1, -1>, -1, -1, false>, -1, -1, false> const>, Eigen::Transpose<Eigen::Transpose<Eigen::Block<Eigen::Matrix<double, -1, -1, 0, -1, -1> const, -1, 1, false> const> const>, Eigen::Transpose<Eigen::Map<Eigen::Matrix<double, 1, -1, 1, 1, -1>, 0, Eigen::Stride<0, 0> > > >(Eigen::Transpose<Eigen::Block<Eigen::Block<Eigen::Matrix<double, -1, -1, 0, -1, -1>, -1, -1, false>, -1, -1, false> const> const&, Eigen::Transpose<Eigen::Transpose<Eigen::Block<Eigen::Matrix<double, -1, -1, 0, -1, -1> const, -1, 1, false> const> const> const&, Eigen::Transpose<Eigen::Map<Eigen::Matrix<double, 1, -1, 1, 1, -1>, 0, Eigen::Stride<0, 0> > >&, Eigen::Transpose<Eigen::Map<Eigen::Matrix<double, 1, -1, 1, 1, -1>, 0, Eigen::Stride<0, 0> > >::Scalar const&) [clone .isra.0]
calls=317240 0 
0 293832220
0 6344800
cfn=(11452)
calls=317240 0 
0 1903440
0 11103400
cfn=(11454)
calls=317240 0 
0 615015060
0 72398700

fn=(11446)
0 9517200

fn=(11448)
0 19351640
cfn=(11450) Eigen::internal::general_matrix_vector_product<long, double, Eigen::internal::const_blas_data_mapper<double, long, 1>, 1, false, double, Eigen::internal::const_blas_data_mapper<double, long, 0>, false, 0>::run(long, long, Eigen::internal::const_blas_data_mapper<double, long, 1> const&, Eigen::internal::const_blas_data_mapper<double, long, 0> const&, double*, long, double) [clone .constprop.0]
calls=317240 0 
0 270990940
0 3489640

fn=(11462)
0 303210
cfn=(10098)
calls=11230 0 
0 797330
0 89840
cob=(7)
cfi=(7)
cfn=(10596)
calls=11230 0 
0 2100010
0 11230
0 134760
cob=(7)
cfi=(7)
cfn=(5084)
calls=11230 0 
0 415510
0 11230
0 112300
cfn=(10098)
calls=11230 0 
0 797330
0 89840
cob=(7)
cfi=(7)
cfn=(10596)
calls=11230 0 
0 2100010
0 11230
0 314440
cob=(7)
cfi=(7)
cfn=(5084)
calls=11230 0 
0 415510
0 11230
0 1875410

fn=(11476)
0 112300
cfn=(11478)
calls=5615 0 
0 60915214
0 87840
cfn=(11304)
calls=5490 0 
0 279990
0 170190
cfn=(11316)
calls=5490 0 
0 406260
0 1509750
cfn=(11298)
calls=159210 0 
0 1432890
0 1729350
cob=(6)
cfi=(6)
cfn=(11470)
calls=153720 0 
0 7162245
0 153720
0 16470
cob=(6)
cfi=(6)
cfn=(11470)
calls=5490 0 
0 239805
0 5490
0 796050
cfn=(11306)
calls=159210 0 
0 2069730
0 559980
cfn=(11480)
calls=5490 0 
0 9179280
0 126270
cfn=(11306)
calls=5490 0 
0 71370
0 1690920
cfn=(11306)
calls=153720 0 
0 1998360
0 2547360
cfn=(11298)
calls=159210 0 
0 1432890
0 1312110
cfn=(11306)
calls=5490 0 
0 71370
0 21960
cfn=(11306)
calls=5490 0 
0 71370
0 1674450
cfn=(11306)
calls=5490 0 
0 71370
0 65880
cfn=(11298)
calls=5490 0 
0 49410
0 71370
cfn=(11306)
calls=5490 0 
0 71370
0 71370
cfn=(11298)
calls=5490 0 
0 49410
0 32940
cob=(2)
cfi=(2)
cfn=(4266)
calls=5490 0 
0 181170
0 5490
0 10980
cob=(2)
cfi=(2)
cfn=(4266)
calls=5490 0 
0 181170
0 5490
0 54900
cfn=(10656)
calls=5490 0 
0 241560
0 2091690
cfn=(11306)
calls=153720 0 
0 1998360
0 2766960
cfn=(11298)
calls=153720 0 
0 1383480
0 1240740

fn=(11484)
0 49410
cfn=(11306)
calls=5490 0 
0 71370
0 76860
cfn=(11298)
calls=5490 0 
0 49410
0 65880

fn=(11498)
0 197640
cfn=(11306)
calls=5490 0 
0 71370
0 109800
cfn=(11306)
calls=5490 0 
0 71370
0 31671810
cfn=(11306)
calls=5490 0 
0 71370
0 104310
cfn=(11306)
calls=5490 0 
0 71370
0 31336920
cfn=(11500)
calls=5490 0 
0 30167550
0 115290
cfn=(11500)
calls=5490 0 
0 30167550
0 148230
cfn=(11306)
calls=5490 0 
0 71370
0 65880
cfn=(11306)
calls=5490 0 
0 71370
0 76860
cfn=(10666)
calls=5490 0 
0 1557828
0 54900
cfn=(11396)
calls=5490 0 
0 39709170
0 49410
cfn=(11502)
calls=5490 0 
0 347621310
0 109800
cfn=(11306)
calls=5490 0 
0 71370
0 29613060
cfn=(11306)
calls=4935510 0 
0 64161630
0 64233000
cfn=(11298)
calls=4941000 0 
0 44469000
0 24715980
cob=(2)
cfi=(2)
cfn=(4266)
calls=5490 0 
0 517260
0 5490
0 186660
cfn=(11306)
calls=5490 0 
0 71370
0 274500
cfn=(11298)
calls=5490 0 
0 49410
0 87840

fn=(11512)
0 170190
cfn=(11384)
calls=5490 0 
0 25226550
0 120780
cfn=(11306)
calls=5490 0 
0 71370
0 49410
cfn=(11306)
calls=5490 0 
0 71370
0 87840
cfn=(11306)
calls=5490 0 
0 71370
0 44419590
cfn=(11306)
calls=4935510 0 
0 64161630
0 69174000
cfn=(11298)
calls=4941000 0 
0 44469000
0 24759900
cfn=(11306)
calls=5490 0 
0 71370
0 148230
cfn=(11298)
calls=5490 0 
0 49410
0 87840
cfn=(11370)
calls=5490 0 
0 2179952
0 24831270

fn=(11524)
0 14361840

fn=(11554)
0 10980
cfn=(11556)
calls=5490 0 
0 884785038

fn=(11626)
0 17831520

fn=(11630)
0 19105200

fn=(11632)
0 16717050
cob=(6)
cfi=(6)
cfn=(11636)
calls=2388150 0 
0 209445512
0 2388150
0 23881500

fn=(12288)
0 1125
cob=(7)
cfi=(7)
cfn=(5174)
calls=125 0 
0 73875
0 125
0 500
cob=(7)
cfi=(7)
cfn=(6032)
calls=125 0 
0 25375
0 125
0 375
cob=(7)
cfi=(7)
cfn=(12290)
calls=125 0 
0 375
0 375
cob=(7)
cfi=(7)
cfn=(6646)
calls=125 0 
0 57750
0 125
0 500
cob=(7)
cfi=(7)
cfn=(6032)
calls=125 0 
0 16000
0 125
0 375
cob=(7)
cfi=(7)
cfn=(10706)
calls=125 0 
0 24000
0 125
0 750
cob=(7)
cfi=(7)
cfn=(12296) __dynamic_cast
calls=125 0 
0 41000
0 125
0 750
cob=(7)
cfi=(7)
cfn=(12310) __cxa_bad_cast
calls=125 0 
0 1428250
0 125
0 250
cob=(7)
cfi=(7)
cfn=(4928)
calls=125 0 
0 5250
0 125
0 250
cob=(7)
cfi=(7)
cfn=(5218)
calls=125 0 
0 14375
0 125
0 625
cob=(5)
cfi=(5)
cfn=(12272)
calls=125 0 
0 1808250
0 125
0 500
cob=(7)
cfi=(7)
cfn=(12286)
calls=125 0 
0 5750
0 125
0 125
cob=(7)
cfi=(7)
cfn=(12314)
calls=125 0 
0 13750
0 125
0 625
cob=(7)
cfi=(7)
cfn=(12296)
calls=125 0 
0 41500
0 125
0 750
cob=(7)
cfi=(7)
cfn=(12310)
calls=125 0 
0 1588125
0 125
0 250
cob=(7)
cfi=(7)
cfn=(12286)
calls=125 0 
0 5750
0 125
0 125
cob=(7)
cfi=(7)
cfn=(12314)
calls=125 0 
0 13750
0 125
0 625
cob=(7)
cfi=(7)
cfn=(12296)
calls=125 0 
0 39625
0 125
0 750
cob=(7)
cfi=(7)
cfn=(12310)
calls=125 0 
0 1680625
0 125
0 250
cob=(7)
cfi=(7)
cfn=(12286)
calls=125 0 
0 5750
0 125
0 125
cob=(7)
cfi=(7)
cfn=(12314)
calls=125 0 
0 13750
0 125
0 625
cob=(7)
cfi=(7)
cfn=(12296)
calls=125 0 
0 43750
0 125
0 750
cob=(7)
cfi=(7)
cfn=(12310)
calls=125 0 
0 1773125
0 125
0 250
cob=(7)
cfi=(7)
cfn=(12286)
calls=125 0 
0 5750
0 125
0 125
cob=(7)
cfi=(7)
cfn=(12314)
calls=125 0 
0 13750
0 125
0 625
cob=(7)
cfi=(7)
cfn=(12296)
calls=125 0 
0 5375
0 125
0 500
cob=(7)
cfi=(7)
cfn=(11766)
calls=125 0 
0 6250
0 125
0 500
cob=(7)
cfi=(7)
cfn=(11770)
calls=125 0 
0 17250
0 125
0 875
cob=(7)
cfi=(7)
cfn=(11780)
calls=125 0 
0 3878625
0 125

fn=(12342) bs_free_error_msg
0 125
cob=(2)
cfi=(2)
cfn=(4266)
calls=125 0 
0 4125
0 125

fn=(12566)
0 344600
cfn=(12568)
calls=50 0 
0 64701009
0 400
cfn=(10654)
calls=50 0 
0 21020
0 400

fn=(12588)
0 2100
cfn=(12570)
calls=50 0 
0 73390
0 1327500

fn=(12776) boost::re_detail_500::mem_block_cache::~mem_block_cache()
0 102
cob=(7)
cfi=(7)
cfn=(4942)
calls=1 0 
0 122
0 1
0 6

fn=(10308)
0 14
cob=(2)
cfi=(2)
cfn=(6916)
calls=2 0 
0 58
0 2
0 36
cob=(2)
cfi=(2)
cfn=(7082)
calls=2 0 
0 38
0 2
0 25
cob=(7)
cfi=(7)
cfn=(5126)
calls=1 0 
0 17
0 1
0 11
cob=(2)
cfi=(2)
cfn=(4510)
calls=1 0 
0 66
0 1
0 2
cob=(7)
cfi=(7)
cfn=(5132)
calls=1 0 
0 6
0 1
0 2

fn=(11600)
0 905850

fn=(10154)
0 293

fn=(10180) _GLOBAL__sub_I_bridgestan.cpp
0 29
cfn=(9794)
calls=1 0 
0 498
0 5
cob=(9)
cfi=(25)
cfn=(9824)
calls=1 294 
0 185
0 1
0 4
cob=(2)
cfi=(2)
cfn=(4510)
calls=1 0 
0 66
0 1
0 4
cfn=(10098)
calls=1 0 
0 47
0 5
cob=(2)
cfi=(2)
cfn=(4510)
calls=1 0 
0 66
0 1
0 4
cfn=(10098)
calls=1 0 
0 47
0 4
cob=(2)
cfi=(2)
cfn=(4510)
calls=1 0 
0 66
0 1
0 4
cfn=(10098)
calls=1 0 
0 47
0 4
cob=(2)
cfi=(2)
cfn=(4510)
calls=1 0 
0 481
0 1
0 4
cfn=(10098)
calls=1 0 
0 47
0 4
cob=(2)
cfi=(2)
cfn=(4510)
calls=1 0 
0 66
0 1
0 4
cfn=(10098)
calls=1 0 
0 74
0 4
cob=(2)
cfi=(2)
cfn=(4510)
calls=1 0 
0 66
0 1
0 4
cfn=(10098)
calls=1 0 
0 47
0 4
cob=(2)
cfi=(2)
cfn=(4510)
calls=1 0 
0 66
0 1
0 4
cfn=(10098)
calls=1 0 
0 47
0 4
cob=(2)
cfi=(2)
cfn=(4510)
calls=1 0 
0 66
0 1
0 4
cfn=(10098)
calls=1 0 
0 47
0 4
cob=(2)
cfi=(2)
cfn=(4510)
calls=1 0 
0 66
0 1
0 4
cfn=(10098)
calls=1 0 
0 47
0 4
cob=(2)
cfi=(2)
cfn=(4510)
calls=1 0 
0 66
0 1
0 32

fn=(10236)
0 40
cob=(7)
cfi=(7)
cfn=(10240)
calls=1 0 
0 302
0 1
0 84
cfn=(10258)
calls=1 0 
0 16
0 10
cfn=(10260)
calls=1 0 
0 2294237
0 5
cfn=(10258)
calls=1 0 
0 26
0 15
cfn=(10584)
calls=1 0 
0 8575
0 8
cob=(2)
cfi=(2)
cfn=(4266)
calls=1 0 
0 33
0 1
0 5
cob=(7)
cfi=(7)
cfn=(5084)
calls=1 0 
0 37
0 1
0 9

fn=(10262)
0 150714
cob=(7)
cfi=(7)
cfn=(10240)
calls=4203 0 
0 647726
0 4203
0 25226

fn=(10386)
0 92
cob=(7)
cfi=(7)
cfn=(4902)
calls=1 0 
0 42
0 1
0 7
cob=(7)
cfi=(7)
cfn=(4942)
calls=1 0 
0 6
0 1
0 7

fn=(10444) boost::re_detail_500::basic_regex_parser<char, boost::regex_traits<char, boost::cpp_regex_traits<char> > >::unwind_alts(long)
0 25

fn=(10478)
0 210
cob=(7)
cfi=(7)
cfn=(4902)
calls=5 0 
0 472
0 5
0 195

fn=(10550)
0 15296
cfn=(10276)
calls=956 0 
0 74676
0 39900
cob=(2)
cfi=(2)
cfn=(4324)
calls=2840 0 
0 30332
0 2840
0 33264
cob=(2)
cfi=(2)
cfn=(4324)
calls=956 0 
0 10316
0 956
0 26780
cfn=(10276)
calls=3 0 
0 269
0 108
cob=(2)
cfi=(2)
cfn=(4324)
calls=8 0 
0 149
0 8
0 98
cob=(2)
cfi=(2)
cfn=(4324)
calls=3 0 
0 57
0 3
0 99
cob=(7)
cfi=(7)
cfn=(4902)
calls=1 0 
0 38
0 1
0 88

fn=(10554)
0 270
cob=(7)
cfi=(7)
cfn=(4902)
calls=10 0 
0 1083
0 10
0 90
cob=(2)
cfi=(2)
cfn=(4884)
calls=10 0 
0 934
0 10
0 70
cob=(7)
cfi=(7)
cfn=(5084)
calls=10 0 
0 523
0 10
0 120

fn=(10560)
0 759
cfn=(10276)
calls=33 0 
0 2579
0 231
cfn=(10524)
calls=33 0 
0 3900
0 330
cfn=(10276)
calls=33 0 
0 2579
0 99
cfn=(10542)
calls=33 0 
0 4164
0 330
cob=(7)
cfi=(7)
cfn=(4902)
calls=33 0 
0 1378
0 33
0 264
cob=(2)
cfi=(2)
cfn=(4884)
calls=33 0 
0 367
0 33
0 264
cob=(7)
cfi=(7)
cfn=(4902)
calls=33 0 
0 5578
0 33
0 264
cob=(2)
cfi=(2)
cfn=(4884)
calls=33 0 
0 367
0 33
0 1509
cob=(2)
cfi=(2)
cfn=(4324)
calls=98 0 
0 1034
0 98
0 1016
cfn=(10536)
calls=33 0 
0 1173
0 297
cfn=(10502)
calls=33 0 
0 4881
0 407
cfn=(10542)
calls=1 0 
0 125
0 192
cfn=(10542)
calls=32 0 
0 4039
0 132
cfn=(10534)
calls=33 0 
0 1461
0 99
cfn=(10534)
calls=33 0 
0 1461
0 231
cob=(7)
cfi=(7)
cfn=(5084)
calls=33 0 
0 3591
0 33
0 198
cob=(7)
cfi=(7)
cfn=(5084)
calls=33 0 
0 1221
0 33
0 773

fn=(10658)
0 30
cfn=(10518)
calls=2 0 
0 265
0 14
cfn=(10518)
calls=2 0 
0 265
0 16
cob=(7)
cfi=(7)
cfn=(4902)
calls=2 0 
0 774
0 2
0 26
cob=(2)
cfi=(2)
cfn=(4884)
calls=2 0 
0 743
0 2
0 20

fn=(10678)
0 11
cob=(7)
cfi=(7)
cfn=(5324)
calls=1 0 
0 54
0 1
0 18

fn=(10716)
0 204308
cob=(7)
cfi=(7)
cfn=(4902)
calls=14 0 
0 2532
0 14
0 175221
cob=(7)
cfi=(7)
cfn=(5084)
calls=13 0 
0 1268
0 13
0 256192

fn=(10724)
0 105
cob=(7)
cfi=(7)
cfn=(4470)
calls=5 0 
0 280
0 5
0 105
cob=(7)
cfi=(7)
cfn=(4472)
calls=5 0 
0 735
0 5
0 50
cob=(7)
cfi=(7)
cfn=(4472)
calls=5 0 
0 735
0 5
0 90
cob=(7)
cfi=(7)
cfn=(4208) std::locale::locale()
calls=5 0 
0 125
0 5
0 55
cob=(7)
cfi=(7)
cfn=(4472)
calls=5 0 
0 735
0 5
0 40
cob=(7)
cfi=(7)
cfn=(6032)
calls=5 0 
0 1040
0 5
0 237000
cob=(7)
cfi=(7)
cfn=(6032)
calls=13165 0 
0 1689606
0 13165
0 52660
cob=(7)
cfi=(7)
cfn=(10690)
calls=13165 0 
0 662442
0 13165
0 13260
cob=(7)
cfi=(7)
cfn=(6682)
calls=5 0 
0 124002
0 5
0 10
cob=(2)
cfi=(2)
cfn=(10682)
calls=5 0 
0 134448
0 5
0 40
cob=(7)
cfi=(7)
cfn=(5084)
calls=5 0 
0 569
0 5
0 65
cob=(7)
cfi=(7)
cfn=(5084)
calls=5 0 
0 634
0 5
0 25
cob=(7)
cfi=(7)
cfn=(4478)
calls=5 0 
0 30
0 5
0 90
cob=(7)
cfi=(7)
cfn=(5220)
calls=5 0 
0 215
0 5
0 60

fn=(11300)
0 44920
cfn=(11302)
calls=5615 0 
0 15146673964
0 27450

fn=(11422)
0 68424390
cfn=(11384)
calls=11230 0 
0 51601850
0 134760
cfn=(10666)
calls=11230 0 
0 2869954
0 56150
cfn=(11424)
calls=11230 0 
0 831020
0 101070
cfn=(11424)
calls=11230 0 
0 831113
0 101070
cfn=(11424)
calls=11230 0 
0 831456
0 101070
cfn=(10654)
calls=11230 0 
0 123530
0 213370
cfn=(10666)
calls=11230 0 
0 325670
0 3211780
cob=(2)
cfi=(2)
cfn=(4952)
calls=325670 0 
0 6569550
0 325670
0 63022760
cfn=(11424)
calls=11230 0 
0 123530
0 33690
cfn=(11424)
calls=11230 0 
0 123530
0 67380
cfn=(11426)
calls=11230 0 
0 2425107604
0 67380
cfn=(11456)
calls=11230 0 
0 3054683256
0 78610
cfn=(10652)
calls=11230 0 
0 67380
0 1336370
cfn=(11306)
calls=11230 0 
0 145990
0 157220
cfn=(11306)
calls=11230 0 
0 145990
0 168450
cfn=(11458) void Eigen::internal::call_dense_assignment_loop<Eigen::Map<Eigen::Matrix<stan::math::var_value<double, void>, -1, -1, 0, -1, -1>, 0, Eigen::Stride<0, 0> >, Eigen::Matrix<double, -1, -1, 0, -1, -1>, Eigen::internal::assign_op<stan::math::var_value<double, void>, double> >(Eigen::Map<Eigen::Matrix<stan::math::var_value<double, void>, -1, -1, 0, -1, -1>, 0, Eigen::Stride<0, 0> >&, Eigen::Matrix<double, -1, -1, 0, -1, -1> const&, Eigen::internal::assign_op<stan::math::var_value<double, void>, double> const&)
calls=11230 0 
0 313867058
0 78610
cfn=(11306)
calls=11230 0 
0 145990
0 101070
cfn=(11306)
calls=11230 0 
0 145990
0 29355220
cfn=(11306)
calls=11230 0 
0 145990
0 101070
cfn=(11306)
calls=11230 0 
0 145990
0 213370
cfn=(11306)
calls=11230 0 
0 145990
0 2279690
cfn=(11306)
calls=325670 0 
0 4233710
0 4379700
cfn=(11298)
calls=336900 0 
0 3032100
0 1830490
cfn=(11306)
calls=11230 0 
0 145990
0 370590
cfn=(11298)
calls=11230 0 
0 101070
0 157220
cfn=(11370)
calls=11230 0 
0 3504170
0 50826980
cfn=(11316)
calls=11230 0 
0 831020
0 1875410
cob=(2)
cfi=(2)
cfn=(4266)
calls=11230 0 
0 370590
0 11230
0 22460
cob=(2)
cfi=(2)
cfn=(4266)
calls=11230 0 
0 370590
0 11230
0 22460
cob=(2)
cfi=(2)
cfn=(4266)
calls=11230 0 
0 370590
0 11230
0 22460
cob=(2)
cfi=(2)
cfn=(4266)
calls=11230 0 
0 1017036
0 11230
0 89840

fn=(11496)
0 152418870

fn=(11514)
0 60390
cob=(7)
cfi=(7)
cfn=(4902)
calls=5490 0 
0 230580
0 5490
0 219597
cfn=(11306)
calls=5490 0 
0 71370
0 65880
cfn=(11298)
calls=5490 0 
0 49410
0 25984190
cob=(7)
cfi=(7)
cfn=(4902)
calls=1 0 
0 38
0 1
0 14

fn=(11532)
0 10980
cfn=(11534)
calls=5490 0 
0 885651624

fn=(11546)
0 362340
cfn=(10666)
calls=16470 0 
0 5118981
0 164700
cfn=(11396)
calls=16470 0 
0 119127510
0 115290
cfn=(11548)
calls=16470 0 
0 1054261170
0 104040990
cob=(2)
cfi=(2)
cfn=(4266)
calls=16470 0 
0 1759263
0 16470
0 181170

fn=(11612)
0 708210
cfn=(11496)
calls=5490 0 
0 175680
0 186660
cfn=(11410)
calls=5490 0 
0 1361520
0 120780
cfn=(11552)
calls=5490 0 
0 21202380
0 197640
cfn=(11616)
calls=5490 0 
0 42739650
0 730170
cfn=(11616)
calls=38430 0 
0 158040630
0 636840
cfn=(11614)
calls=5490 0 
0 2124630
0 960750
cfn=(11614)
calls=38430 0 
0 8937720
0 1405440
cob=(2)
cfi=(2)
cfn=(4884)
calls=43920 0 
0 494100
0 43920
0 768600
cob=(2)
cfi=(2)
cfn=(4884)
calls=76860 0 
0 922320
0 76860
0 1625040
cfn=(11614)
calls=43920 0 
0 8328330
0 554490

fn=(12572)
0 1900
cfn=(10656)
calls=100 0 
0 4400
0 6900

fn=(12798)
0 6

fn=(9786) 0x0000000000020940
0 12

fn=(11584)
0 115290

fn=(11604)
0 29646000

fn=(11606)
0 36124200

fn=(10268)
0 95
cfn=(10262)
calls=5 0 
0 203
0 269
cob=(7)
cfi=(7)
cfn=(10240)
calls=1 0 
0 154
0 1
0 60
cfn=(10262)
calls=5 0 
0 549
0 10
cfn=(10272)
calls=5 0 
0 75
0 115
cfn=(10098)
calls=5 0 
0 343
0 30
cfn=(10274) stan::json::json_data_handler::key(std::__cxx11::basic_string<char, std::char_traits<char>, std::allocator<char> > const&)
calls=5 0 
0 43451
0 30
cob=(2)
cfi=(2)
cfn=(4318)
calls=5 0 
0 70
0 5
0 35
cob=(7)
cfi=(7)
cfn=(6682)
calls=5 0 
0 301
0 5
0 85
cob=(2)
cfi=(2)
cfn=(7054) realloc
calls=1 0 
0 36
0 1
0 22
cob=(7)
cfi=(7)
cfn=(4902)
calls=1 0 
0 38
0 1
0 6

fn=(10274)
0 130
cfn=(10276)
calls=2 0 
0 38
0 24
cfn=(10276)
calls=3 0 
0 57
0 35
cob=(8)
cfi=(8)
cfn=(4896)
calls=4 0 
0 144
0 4
0 57
cfn=(10276)
calls=5 0 
0 461
0 25
cfn=(10500)
calls=5 0 
0 392
0 109
cfn=(10516)
calls=4 0 
0 9947
0 459
cfn=(10460)
calls=5 0 
0 4326
0 80
cfn=(10498)
calls=5 0 
0 315
0 60
cfn=(10500)
calls=5 0 
0 392
0 18
cob=(7)
cfi=(7)
cfn=(5126)
calls=1 0 
0 17
0 1
0 10
cfn=(10280)
calls=1 0 
0 136
0 1
0 17
cfn=(10502)
calls=5 0 
0 1950
0 142
cob=(2)
cfi=(2)
cfn=(4324)
calls=8 0 
0 140
0 8
0 85
cob=(7)
cfi=(7)
cfn=(4902)
calls=1 0 
0 42
0 1
0 40
cob=(8)
cfi=(8)
cfn=(4896)
calls=5 0 
0 180
0 5
0 40
cfn=(10508)
calls=5 0 
0 315
0 80
cob=(7)
cfi=(7)
cfn=(10374)
calls=5 0 
0 182
0 5
0 84
cob=(7)
cfi=(7)
cfn=(4902)
calls=1 0 
0 240
0 1
0 6
cob=(7)
cfi=(7)
cfn=(4902)
calls=1 0 
0 42
0 1
0 3
cob=(7)
cfi=(7)
cfn=(4208)
calls=1 0 
0 25
0 1
0 4
cob=(7)
cfi=(7)
cfn=(4208)
calls=1 0 
0 25
0 1
0 5
cob=(7)
cfi=(7)
cfn=(10288)
calls=1 0 
0 7
0 1
0 3
cob=(7)
cfi=(7)
cfn=(4476) std::locale::operator=(std::locale const&)
calls=1 0 
0 14
0 1
0 2
cob=(7)
cfi=(7)
cfn=(4282) std::locale::id::_M_id() const
calls=1 0 
0 6
0 1
0 9
cob=(7)
cfi=(7)
cfn=(4282)
calls=1 0 
0 6
0 1
0 8
cob=(7)
cfi=(7)
cfn=(4282)
calls=1 0 
0 6
0 1
0 9
cob=(7)
cfi=(7)
cfn=(4282)
calls=1 0 
0 6
0 1
0 9
cob=(7)
cfi=(7)
cfn=(4478)
calls=1 0 
0 6
0 1
0 2
cob=(2)
cfi=(2)
cfn=(6916)
calls=1 0 
0 29
0 1
0 6
cfn=(10296)
calls=1 0 
0 10299
0 2
cob=(2)
cfi=(2)
cfn=(7082)
calls=1 0 
0 19
0 1
0 2
cob=(7)
cfi=(7)
cfn=(4478)
calls=1 0 
0 6
0 1
0 2
cob=(7)
cfi=(7)
cfn=(4478)
calls=1 0 
0 6
0 1
0 5
cob=(7)
cfi=(7)
cfn=(4902)
calls=1 0 
0 42
0 1
0 55
cob=(7)
cfi=(7)
cfn=(4902)
calls=1 0 
0 42
0 1
0 25
cfn=(10376)
calls=1 0 
0 219
0 6
cfn=(10376)
calls=1 0 
0 219
0 6
cfn=(10376)
calls=1 0 
0 238
0 6
cfn=(10376)
calls=1 0 
0 239
0 6
cfn=(10376)
calls=1 0 
0 270
0 26
cfn=(10386)
calls=1 0 
0 114
0 9
cfn=(10390) boost::re_detail_500::basic_regex_parser<char, boost::regex_traits<char, boost::cpp_regex_traits<char> > >::parse_all()
calls=1 0 
0 5717
0 4
cfn=(10444)
calls=1 0 
0 25
0 19
cfn=(10446)
calls=1 0 
0 4038
0 17
cob=(2)
cfi=(2)
cfn=(4510)
calls=1 0 
0 66
0 1
0 2
cob=(7)
cfi=(7)
cfn=(5132)
calls=1 0 
0 6
0 1
0 13
cob=(7)
cfi=(7)
cfn=(4902)
calls=4 0 
0 430
0 4
0 24
cfn=(10536)
calls=4 0 
0 154
0 18

fn=(10276)
0 21545
cob=(7)
cfi=(7)
cfn=(6682)
calls=1074 0 
0 49812
0 1074
0 11844

fn=(10390)
0 39
cfn=(10392)
calls=3 0 
0 5661
0 17

fn=(10430)
0 14
cob=(7)
cfi=(7)
cfn=(4902)
calls=1 0 
0 42
0 1
0 7
cob=(7)
cfi=(7)
cfn=(10374)
calls=1 0 
0 16
0 1
0 13

fn=(10482)
0 360
cfn=(10490)
calls=9 0 
0 252
cfn=(10488)
calls=5 0 
0 325
cfn=(10486)
calls=5 0 
0 95
cfn=(10484)
calls=5 0 
0 130
0 128
cfn=(10492)
calls=4 0 
0 256
0 223
cfn=(10492)
calls=1 0 
0 15
cfn=(10494) boost::re_detail_500::perl_matcher<__gnu_cxx::__normal_iterator<char const*, std::__cxx11::basic_string<char, std::char_traits<char>, std::allocator<char> > >, std::allocator<boost::sub_match<__gnu_cxx::__normal_iterator<char const*, std::__cxx11::basic_string<char, std::char_traits<char>, std::allocator<char> > > > >, boost::regex_traits<char, boost::cpp_regex_traits<char> > >::unwind_recursion_stopper(bool)
calls=5 0 
0 20
0 24

fn=(10494)
0 20

fn=(10496)
0 80

fn=(10500)
0 472
cob=(2)
cfi=(2)
cfn=(4324)
calls=27 0 
0 474
0 27
0 275
cob=(2)
cfi=(2)
cfn=(4324)
calls=5 0 
0 86
0 5
0 177

fn=(10514)
0 96
cfn=(10276)
calls=4 0 
0 384
0 116
cob=(2)
cfi=(2)
cfn=(4324)
calls=8 0 
0 194
0 8
0 112
cob=(2)
cfi=(2)
cfn=(4324)
calls=4 0 
0 94
0 4
0 134
cfn=(10558)
calls=2 0 
0 18
0 20
cob=(7)
cfi=(7)
cfn=(4902)
calls=1 0 
0 38
0 1
0 13

fn=(10520)
0 653
cob=(2)
cfi=(2)
cfn=(4324)
calls=34 0 
0 697
0 34
0 398
cob=(2)
cfi=(2)
cfn=(4324)
calls=10 0 
0 217
0 10
0 285

fn=(10528)
0 41
cob=(2)
cfi=(2)
cfn=(4324)
calls=1 0 
0 22
0 1
0 36
cfn=(10530)
calls=1 0 
0 259
0 6
cfn=(10530)
calls=1 0 
0 191
0 4

fn=(10548)
0 44
cfn=(10276)
calls=2 0 
0 192
0 73
cob=(2)
cfi=(2)
cfn=(4324)
calls=5 0 
0 119
0 5
0 63
cob=(2)
cfi=(2)
cfn=(4324)
calls=2 0 
0 47
0 2
0 62

fn=(10654)
0 126640
cob=(2)
cfi=(2)
cfn=(4266)
calls=201 0 
0 804
0 201
0 1809
cfn=(10656)
calls=201 0 
0 38844
0 57356
cob=(2)
cfi=(2)
cfn=(4266)
calls=5615 0 
0 22460
0 5615
0 61765
cob=(2)
cfi=(2)
cfn=(4582)
calls=5615 0 
0 2381039
0 5615
0 72995

fn=(10666)
0 5579834
cob=(2)
cfi=(2)
cfn=(4266)
calls=182322 0 
0 729288
0 182322
0 1458576
cfn=(10656)
calls=182322 0 
0 54081747
0 1458576

fn=(10674)
0 24
cob=(7)
cfi=(7)
cfn=(5084)
calls=1 0 
0 37
0 1
0 8
cob=(7)
cfi=(7)
cfn=(5084)
calls=1 0 
0 37
0 1
0 5

fn=(11400)
0 22
cfn=(11402)
calls=1 0 
0 154

fn=(11418)
0 112300
cfn=(11306)
calls=5615 0 
0 72995
0 112300
cfn=(11306)
calls=5615 0 
0 72995
0 95455
cob=(6)
cfi=(6)
cfn=(11314)
calls=5615 0 
0 67380
0 5615
0 15143655
cob=(6)
cfi=(6)
cfn=(11314)
calls=5047885 0 
0 177819120
0 5047885
0 25267500
cfn=(11306)
calls=5053500 0 
0 65695500
0 60642000
cfn=(11298)
calls=5053500 0 
0 45481500
0 35453110
cfn=(11306)
calls=5615 0 
0 72995
0 44920
cfn=(11306)
calls=5615 0 
0 72995
0 72995
cfn=(11306)
calls=5615 0 
0 72995
0 30287310
cfn=(11306)
calls=5047885 0 
0 65622505
0 70749000
cfn=(11298)
calls=5053500 0 
0 45481500
0 20292610
cfn=(11306)
calls=5615 0 
0 72995
0 101070
cfn=(11298)
calls=5615 0 
0 50535
0 67380

fn=(11450)
0 270990940

fn=(11458)
0 182173060
cfn=(11298)
calls=10107000 0 
0 90996129
0 40697527
cob=(2)
cfi=(2)
cfn=(4582)
calls=1 0 
0 318
0 1
0 23

fn=(11466)
0 606420
cob=(6)
cfi=(6)
cfn=(10670)
calls=11230 0 
0 875940
0 11230
0 56150
cob=(6)
cfi=(6)
cfn=(11470)
calls=11230 0 
0 521180
0 11230
0 78610
cob=(6)
cfi=(6)
cfn=(10670)
calls=11230 0 
0 1473630
0 11230
0 112300
cfn=(11306)
calls=11230 0 
0 145990
0 213370
cfn=(11298)
calls=11230 0 
0 101070
0 78610
cfn=(11306)
calls=11230 0 
0 145990
0 134760
cfn=(11298)
calls=11230 0 
0 101070
0 44920
cfn=(11306)
calls=11230 0 
0 145990
0 123530
cfn=(11298)
calls=11230 0 
0 101070
0 44920
cfn=(11306)
calls=11230 0 
0 145990
0 123530
cfn=(11298)
calls=11230 0 
0 101070
0 89840

fn=(11558)
0 10980
cfn=(11560)
calls=5490 0 
0 76113360

fn=(11668)
0 87840

fn=(12576)
0 1150
cfn=(10666)
calls=50 0 
0 20344
0 1050
cfn=(10666)
calls=50 0 
0 19891
0 289300
cfn=(11430)
calls=50 0 
0 1000
0 14500
cfn=(11430)
calls=1450 0 
0 29000
0 1609700
cob=(2)
cfi=(2)
cfn=(4266)
calls=50 0 
0 6184
0 50
0 300

fn=(12578)
0 4200
cfn=(10098)
calls=100 0 
0 7100
0 300
cob=(7)
cfi=(7)
cfn=(10712)
calls=100 0 
0 21800
0 100
0 3000
cob=(7)
cfi=(7)
cfn=(5084)
calls=100 0 
0 3700
0 100
0 1200
cfn=(10098)
calls=100 0 
0 7100
0 300
cob=(7)
cfi=(7)
cfn=(10712)
calls=100 0 
0 21800
0 100
0 2900
cob=(7)
cfi=(7)
cfn=(5084)
calls=100 0 
0 3700
0 100
0 700

fn=(12810) stan::math::ad_tape_observer::~ad_tape_observer()
0 16
cob=(9)
cfi=(25)
cfn=(9824)
calls=2 294 
0 461
0 2
0 41
cob=(7)
cfi=(7)
cfn=(5084)
calls=1 0 
0 116
0 1
0 6
cob=(7)
cfi=(7)
cfn=(5084)
calls=1 0 
0 116
0 1
0 6
cob=(7)
cfi=(7)
cfn=(5084)
calls=1 0 
0 137
0 1
0 30
cob=(2)
cfi=(2)
cfn=(4266)
calls=5 0 
0 590
0 5
0 26
cob=(7)
cfi=(7)
cfn=(5084)
calls=1 0 
0 116
0 1
0 6
cob=(7)
cfi=(7)
cfn=(5084)
calls=1 0 
0 116
0 1
0 6
cob=(7)
cfi=(7)
cfn=(5084)
calls=1 0 
0 137
0 1
0 6
cob=(7)
cfi=(7)
cfn=(5084)
calls=1 0 
0 37
0 1
0 6
cob=(7)
cfi=(7)
cfn=(5084)
calls=1 0 
0 37
0 1
0 6
cob=(7)
cfi=(7)
cfn=(5084)
calls=1 0 
0 116
0 1
0 6
cob=(7)
cfi=(7)
cfn=(5084)
calls=1 0 
0 91
0 1
0 6
cob=(7)
cfi=(7)
cfn=(5084)
calls=1 0 
0 121
0 1
0 3
cob=(7)
cfi=(7)
cfn=(5084)
calls=1 0 
0 37
0 1
0 4
cob=(7)
cfi=(7)
cfn=(5084)
calls=1 0 
0 116
0 1
0 3
cob=(7)
cfi=(7)
cfn=(5084)
calls=1 0 
0 116
0 1
0 6
cob=(7)
cfi=(7)
cfn=(5084)
calls=2 0 
0 280
0 2
0 26
cob=(7)
cfi=(7)
cfn=(5084)
calls=2 0 
0 74
0 2
0 16

fn=(12818) tbb::interface5::concurrent_unordered_map<std::pair<std::__cxx11::basic_string<char, std::char_traits<char>, std::allocator<char> >, std::thread::id>, stan::math::profile_info, stan::math::internal::hash_profile_key, stan::math::internal::equal_profile_key, tbb::tbb_allocator<std::pair<std::pair<std::__cxx11::basic_string<char, std::char_traits<char>, std::allocator<char> >, std::thread::id> const, stan::math::profile_info> > >::~concurrent_unordered_map()
0 469
cob=(9)
cfi=(27)
cfn=(12822) tbb::internal::deallocate_via_handler_v3(void*)
calls=1 233 
0 64
0 1
0 9
cob=(9)
cfi=(27)
cfn=(12822)
calls=1 233 
0 66
0 1
0 5

ob=(10) /usr/lib/libtbb.so.12.19
fl=(22) ???
fn=(13408) 0x0000000000009c60
0 5

fn=(7828) 0x0000000000009b00
0 17
cob=(1) /usr/lib/ld-linux-x86-64.so.2
cfi=(1) ???
cfn=(7838) __tls_get_addr
calls=1 0 
0 12
0 3
cob=(1)
cfi=(1)
cfn=(7838)
calls=1 0 
0 12
0 5
cob=(2)
cfi=(2)
cfn=(4510)
calls=1 0 
0 66
0 8
cob=(2)
cfi=(2)
cfn=(4228) pthread_once
calls=1 0 
0 6
0 16405
cfn=(7832) 0x00000000000214d0
calls=1 0 
0 220952
0 1

fn=(7834) tbb::detail::r1::cache_aligned_allocate(unsigned long)
0 60
cob=(11) /usr/lib/libtbbmalloc.so.2.19
cfi=(23) ???
cfn=(8292) scalable_aligned_malloc
calls=4 0 
0 488
cfn=(7836) 0x000000000000a380
calls=1 0 
0 209761
0 20

fn=(12850) 0x0000000000022770
0 4
cob=(2)
cfi=(2)
cfn=(9066) pthread_getspecific
calls=1 0 
0 11
0 2
cfn=(12854) 0x0000000000012540
calls=1 0 
0 12
0 5
cfn=(12864) 0x0000000000021fc0
calls=1 0 
0 17271
0 3

fn=(12864)
0 22
cob=(2)
cfi=(2)
cfn=(12870) pthread_key_delete
calls=1 0 
0 19
0 16390
cfn=(12882) 0x0000000000009e20
calls=1 0 
0 2
0 9
cob=(2)
cfi=(2)
cfn=(9878) dlclose
calls=1 0 
0 217
0 9
cfn=(12894) 0x0000000000020c60
calls=1 0 
0 11
0 16
cfn=(12928) 0x0000000000020960
calls=1 0 
0 11
cfn=(12924) 0x0000000000020a20
calls=1 0 
0 11
cfn=(12920) 0x0000000000020ae0
calls=1 0 
0 11
cfn=(12916) 0x0000000000020ba0
calls=1 0 
0 11
0 10
cfn=(12900) tbb::detail::r1::cache_aligned_deallocate(void*)
calls=5 0 
0 283
0 45
cob=(2)
cfi=(2)
cfn=(6916)
calls=1 0 
0 35
0 1
cfn=(12962) 0x000000000001e180
calls=1 0 
0 27
0 2
cob=(2)
cfi=(2)
cfn=(7082)
calls=1 0 
0 26
0 24
cob=(2)
cfi=(2)
cfn=(7770) pthread_mutexattr_init
calls=1 0 
0 4
0 5
cob=(2)
cfi=(2)
cfn=(7774) pthread_mutexattr_settype
calls=1 0 
0 10
0 5
cob=(2)
cfi=(2)
cfn=(7778) pthread_mutex_init
calls=1 0 
0 39
0 4
cob=(2)
cfi=(2)
cfn=(7782) pthread_mutexattr_destroy
calls=1 0 
0 3
0 9

fn=(12882)
0 2

fn=(12916)
0 11

fn=(8032) 0x000000000000af30
0 12
cob=(2)
cfi=(2)
cfn=(4318)
calls=1 0 
0 14
0 15
cob=(2)
cfi=(2)
cfn=(7724) 0x00000000001b62c0
calls=1 0 
0 27
0 5
cob=(2)
cfi=(2)
cfn=(8044) 0x00000000001b5840
calls=1 0 
0 35
0 2

fn=(12920)
0 11

fn=(7832)
0 13
cfn=(7834)
calls=1 0 
0 209777
0 15
cfn=(7834)
calls=1 0 
0 138
0 15
cfn=(7834)
calls=1 0 
0 138
0 15
cfn=(7834)
calls=1 0 
0 138
0 15
cfn=(7834)
calls=1 0 
0 138
0 16
cob=(2)
cfi=(2)
cfn=(7812) pthread_key_create
calls=1 0 
0 37
0 5
cob=(1)
cfi=(1)
cfn=(7838)
calls=1 0 
0 12
0 3
cob=(1)
cfi=(1)
cfn=(7838)
calls=1 0 
0 12
0 23
cob=(2)
cfi=(2)
cfn=(4228)
calls=1 0 
0 6
0 7
cob=(2)
cfi=(2)
cfn=(6901) dlopen'2
calls=1 0 
0 4184
0 15
cfn=(9546) 0x000000000000daf0
calls=1 0 
0 6222
0 8

fn=(7836)
0 10
cob=(1)
cfi=(1)
cfn=(7838)
calls=1 0 
0 135
0 3
cob=(1)
cfi=(1)
cfn=(7838)
calls=1 0 
0 12
0 14
cob=(2)
cfi=(2)
cfn=(4228)
calls=1 0 
0 80159
0 16
cob=(11)
cfi=(23)
cfn=(8292)
calls=1 0 
0 129412

fn=(7890) 0x0000000000009d50
0 4
cob=(1)
cfi=(1)
cfn=(7838)
calls=1 0 
0 12
0 11
cob=(2)
cfi=(2)
cfn=(7658) dladdr
calls=1 0 
0 5263
0 7
cob=(2)
cfi=(2)
cfn=(4148) 0x00000000001b6a30
calls=1 0 
0 22
0 32
cob=(2)
cfi=(2)
cfn=(7914) __strncpy_chk
calls=1 0 
0 33
0 5

fn=(12900)
0 10
cob=(11)
cfi=(23)
cfn=(12902) scalable_aligned_free
calls=5 0 
0 273

fn=(12924)
0 11

fn=(12962)
0 27

fn=(9546)
0 14
cob=(2)
cfi=(2)
cfn=(6901)
calls=1 0 
0 3903
0 15
cob=(2)
cfi=(2)
cfn=(9578) dlerror
calls=1 0 
0 2289
0 1

fn=(12854)
0 12

fn=(12894)
0 11

fn=(12928)
0 11

fn=(7822) 0x0000000000009d20
0 12

fn=(7880) 0x0000000000009d80
0 4
cob=(1)
cfi=(1)
cfn=(7838)
calls=1 0 
0 12
0 17
cob=(1)
cfi=(1)
cfn=(7838)
calls=1 0 
0 12
0 3
cob=(1)
cfi=(1)
cfn=(7838)
calls=1 0 
0 12
0 12
cob=(2)
cfi=(2)
cfn=(4229) pthread_once'2
calls=1 0 
0 5482
0 8
cob=(2)
cfi=(2)
cfn=(6901)
calls=1 0 
0 4170
0 28
cfn=(8020) 0x000000000000dc50
calls=1 0 
0 70283
0 23

fn=(8020)
0 16
cob=(2)
cfi=(2)
cfn=(4952)
calls=1 0 
0 4116
0 3
cfn=(8032)
calls=1 0 
0 110
0 6
cob=(2)
cfi=(2)
cfn=(6784) stat
calls=1 0 
0 14
0 21
cob=(2)
cfi=(2)
cfn=(6901)
calls=1 0 
0 63088
0 7
cob=(2)
cfi=(2)
cfn=(8232) dlsym
calls=1 0 
0 688
0 9
cob=(2)
cfi=(2)
cfn=(8232)
calls=3 0 
0 2160
0 45

fn=(13400) 0x0000000000009cd0
0 9
cob=(2)
cfi=(2)
cfn=(13332)
calls=1 0 
0 94
0 1
cfn=(13408)
calls=1 0 
0 5
0 3

ob=(1)
fl=(1)
fn=(4840) 0x000000000001b450
0 1690
cfn=(4842) 0x0000000000018280
calls=65 0 
0 51165
0 975

fn=(162) 0x000000000001d230
0 109
cfn=(166) 0x000000000002ed10
calls=8 0 
0 64
0 5
cfn=(166)
calls=1 0 
0 8
0 212

fn=(850) 0x000000000002e6b0
0 11

fn=(1532) 0x0000000000028580
0 12
cfn=(1534) 0x000000000000c3c0
calls=1 0 
0 2531
0 3

fn=(2770) 0x0000000000019f30
0 143
cfn=(382) __tunable_get_val
calls=1 0 
0 18
0 17
cfn=(382)
calls=1 0 
0 18
0 35

fn=(3340) 0x000000000002f280
0 66

fn=(3936) 0x0000000000003840
0 12
cfn=(2984) 0x000000000000d7b0
calls=1 0 
0 616
0 18

fn=(388) 0x000000000002dcc0
0 8

fn=(788) __tunable_is_initialized
0 6

fn=(1534)
0 203
cfn=(1250) 0x00000000000312c0
calls=7 0 
0 147
0 19
cfn=(1594) 0x0000000000008570
calls=1 0 
0 134
0 13
cfn=(1624) 0x0000000000007380
calls=1 0 
0 95
0 203
cfn=(918) 0x000000000000f3a0
calls=7 0 
0 3123
0 126
cfn=(200) 0x000000000002ece0
calls=7 0 
0 42
0 463
cfn=(842) 0x0000000000031a60
calls=6 0 
0 84
0 102
cfn=(7244) 0x0000000000007710
calls=2 0 
0 876
0 1543
cfn=(1766) 0x000000000001def0
calls=28 0 
0 168
0 1563
cfn=(212) 0x000000000002f1d0
calls=7 0 
0 175
0 455
cfn=(1376) 0x0000000000030f40
calls=7 0 
0 825
0 1363
cfn=(212)
calls=21 0 
0 378
0 2408
cfn=(7120) 0x0000000000008d10
calls=1 0 
0 1975
0 17
cfn=(2146) 0x000000000001d480
calls=5 0 
0 7325
0 85
cfn=(1624)
calls=5 0 
0 484
0 94
cfn=(212)
calls=4 0 
0 72
0 12
cfn=(2276) 0x000000000002f2e0
calls=4 0 
0 24
0 368
cfn=(1052) 0x0000000000009310
calls=7 0 
0 524
0 14
cfn=(228) 0x000000000002ee50
calls=7 0 
0 42
0 84
cfn=(126) 0x0000000000018a60
calls=7 0 
0 189
0 159
cfn=(2324) 0x0000000000019c90
calls=3 0 
0 39
0 28
cfn=(990) 0x000000000000f300
calls=7 0 
0 496
0 42
cfn=(1986) 0x00000000000072e0
calls=7 0 
0 287
0 708
cfn=(1112) 0x0000000000031500
calls=4 0 
0 91
0 670
cfn=(1536) 0x0000000000009510
calls=39 0 
0 24372
0 425

fn=(2078) 0x0000000000008290
0 228
cfn=(1250)
calls=38 0 
0 798
0 228

fn=(7282) 0x000000000002ee30
0 92

fn=(7664) _dl_find_dso_for_object
0 291

fn=(8168) 0x00000000000081b0
0 13
cfn=(1112)
calls=1 0 
0 20
0 4
cfn=(842)
calls=1 0 
0 14
0 4
cob=(2)
cfi=(2)
cfn=(4582)
calls=1 0 
0 30
0 7
cfn=(948) 0x0000000000030cf0
calls=1 0 
0 11
0 9

fn=(8090) 0x000000000000fb90
0 54
cob=(2)
cfi=(2)
cfn=(4582)
calls=1 0 
0 30
0 13
cfn=(948)
calls=1 0 
0 12
0 13
cob=(2)
cfi=(2)
cfn=(4266)
calls=1 0 
0 4
0 7

fn=(8208) 0x000000000000f820
0 69

fn=(9514) _dl_signal_error
0 45
cfn=(9516) _dl_exception_create
calls=3 0 
0 418
0 15
cfn=(9518) 0x000000000002f5f0
calls=3 0 
0 81
0 6

fn=(666) 0x000000000001ef80
0 222

fn=(990)
0 80
cob=(2)
cfi=(2)
cfn=(6916)
calls=4 0 
0 140
cfn=(992) 0x000000000001b280
calls=6 0 
0 18
0 401
cob=(2)
cfi=(2)
cfn=(7082)
calls=4 0 
0 104
0 31

fn=(1268) 0x00000000000257d0
0 30

fn=(2566) 0x0000000000028b90
0 7
cfn=(2568) 0x000000000001ce30
calls=1 0 
0 30817
0 4

fn=(2760) 0x0000000000019c00
0 9
cfn=(382)
calls=1 0 
0 17
0 5
cfn=(382)
calls=1 0 
0 17
0 20

fn=(2798) 0x000000000001a150
0 8
cfn=(934) 0x000000000000ece0
calls=1 0 
0 77
0 16
cfn=(1376)
calls=1 0 
0 147
0 5
cfn=(930) 0x000000000000ee20
calls=1 0 
0 28
0 15

fn=(3160) 0x000000000001b000
0 84
cfn=(1354) 0x0000000000030ce0
calls=3 0 
0 44
0 12
cfn=(1376)
calls=3 0 
0 42
0 39

fn=(3382) _dl_allocate_tls_init
0 16
cfn=(992)
calls=1 0 
0 3
0 9
cfn=(992)
calls=1 0 
0 3
0 77
cfn=(1354)
calls=3 0 
0 44
0 15
cfn=(1376)
calls=3 0 
0 42
0 89

fn=(166)
0 72

fn=(186) 0x000000000002ef90
0 347

fn=(918)
0 187
cfn=(842)
calls=9 0 
0 146
0 81
cob=(2)
cfi=(2)
cfn=(6958) calloc
calls=4 0 
0 1864
cfn=(930)
calls=5 0 
0 140
0 3
cfn=(930)
calls=1 0 
0 34
0 140
cfn=(948)
calls=10 0 
0 137
0 485
cfn=(842)
calls=9 0 
0 158
0 67
cfn=(7060) 0x000000000002dcf0
calls=1 0 
0 18
0 7
cob=(2)
cfi=(2)
cfn=(7054)
calls=1 0 
0 36
0 5
cfn=(842)
calls=1 0 
0 22
0 8
cfn=(1354)
calls=1 0 
0 14
0 24
cfn=(1354)
calls=8 0 
0 122
0 869
cob=(2)
cfi=(2)
cfn=(4582)
calls=3 0 
0 90
cfn=(934)
calls=5 0 
0 188
0 54

fn=(1582) 0x0000000000009630
0 174
cfn=(1250)
calls=6 0 
0 126
0 27
cfn=(1594)
calls=3 0 
0 382
0 39
cfn=(1624)
calls=3 0 
0 240
0 80
cfn=(918)
calls=2 0 
0 1580
0 39
cfn=(200)
calls=3 0 
0 18
0 289
cfn=(842)
calls=3 0 
0 42
0 466
cfn=(1766)
calls=8 0 
0 48
0 420
cfn=(212)
calls=2 0 
0 50
0 130
cfn=(1376)
calls=2 0 
0 87
0 378
cfn=(212)
calls=6 0 
0 108
0 188
cob=(2)
cfi=(2)
cfn=(4266)
calls=1 0 
0 33
0 2
cfn=(228)
calls=1 0 
0 6
0 553
cfn=(2146)
calls=3 0 
0 4147
0 23
cfn=(1624)
calls=1 0 
0 95
0 38
cfn=(212)
calls=2 0 
0 36
0 6
cfn=(2276)
calls=2 0 
0 12
0 19
cfn=(9514)
calls=3 0 
0 565
0 96
cfn=(1052)
calls=2 0 
0 134
0 4
cfn=(228)
calls=2 0 
0 12
0 24
cfn=(126)
calls=2 0 
0 54
0 48
cfn=(990)
calls=2 0 
0 246
0 12
cfn=(1986)
calls=2 0 
0 140
0 52
cfn=(7244)
calls=2 0 
0 780
0 42
cob=(2)
cfi=(2)
cfn=(4266)
calls=1 0 
0 33
0 197

fn=(13270) 0x0000000000006a20
0 23
cob=(2)
cfi=(2)
cfn=(6916)
calls=1 0 
0 35
0 34
cfn=(4048) 0x00000000000221c0
calls=1 0 
0 10
0 170
cfn=(2454) 0x0000000000018c70
calls=1 0 
0 806
0 2
cob=(2)
cfi=(2)
cfn=(7082)
calls=1 0 
0 26
0 45
cfn=(4048)
calls=1 0 
0 10
0 46
cfn=(13318) 0x00000000000020b0
calls=11 0 
0 2954
0 22
cfn=(13360) 0x0000000000022590
calls=11 0 
0 55
0 67

fn=(4842)
0 4225
cfn=(2984)
calls=65 0 
0 44632
0 2220
cob=(2)
cfi=(2)
cfn=(3276) memset
calls=1 0 
0 19
cob=(2)
cfi=(2)
cfn=(3302) bcmp
calls=1 0 
0 12
cob=(2)
cfi=(2)
cfn=(3314) memchr
calls=1 0 
0 12
cob=(2)
cfi=(2)
cfn=(3258) memcpy
calls=1 0 
0 18
cob=(2)
cfi=(2)
cfn=(3308) strlen
calls=1 0 
0 12
0 15

fn=(156) 0x000000000001b8b0
0 23
cfn=(160) 0x000000000001dcf0
calls=1 0 
0 318
0 26004

fn=(408) 0x000000000001edd0
0 68

fn=(768) 0x000000000001b750
0 252

fn=(1098) 0x00000000000052f0
0 6
cfn=(382)
calls=1 0 
0 18
0 7

fn=(1298) 0x0000000000025740
0 7

fn=(1398) 0x0000000000003960
0 74

fn=(1468) 0x00000000000220f0
0 5

fn=(1594)
0 40
cfn=(1250)
calls=5 0 
0 162
0 65
cfn=(842)
calls=5 0 
0 114
0 15
cob=(2)
cfi=(2)
cfn=(4582)
calls=4 0 
0 120
cfn=(934)
calls=1 0 
0 18
0 128

fn=(1606) 0x000000000002fbb0
0 42
cfn=(842)
calls=7 0 
0 110
0 21
cob=(2)
cfi=(2)
cfn=(4582)
calls=3 0 
0 90
cfn=(934)
calls=4 0 
0 72
0 149

fn=(2870) 0x000000000001e2b0
0 22

fn=(3488) 0x000000000000f070
0 159

fn=(3774) 0x0000000000005380
0 1265

fn=(3794) 0x0000000000005420
0 310
cfn=(3774)
calls=6 0 
0 696
0 24

fn=(3910) 0x0000000000026360
0 14
cfn=(3912) 0x0000000000026290
calls=1 0 
0 632
0 5
cfn=(3912)
calls=1 0 
0 632
0 5
cfn=(3912)
calls=1 0 
0 665
0 5
cfn=(3912)
calls=1 0 
0 652
0 10

fn=(3950) 0x0000000000012670
0 21
cfn=(3340)
calls=1 0 
0 6
0 4

fn=(126)
0 297

fn=(138) 0x0000000000026f60
0 521

fn=(182) 0x000000000001cee0
0 8
cfn=(184) 0x000000000000ef40
calls=1 0 
0 93
0 109

fn=(212)
0 911

fn=(434) 0x000000000001fbd0
0 204

fn=(842)
0 1202

fn=(862) 0x0000000000029cf0
0 27
cfn=(864) 0x000000000001b290
calls=1 0 
0 18
0 11
cfn=(870) 0x0000000000025160
calls=1 0 
0 545
0 2
cfn=(870)
calls=1 0 
0 6
0 87
cfn=(918)
calls=1 0 
0 196
0 12
cfn=(990)
calls=1 0 
0 32
0 211
cfn=(1052)
calls=1 0 
0 54
0 9
cfn=(382)
calls=1 0 
0 18
0 158
cfn=(1098)
calls=1 0 
0 31
0 15
cfn=(1112)
calls=1 0 
0 20
0 303
cfn=(126)
calls=1 0 
0 27
0 10
cfn=(1210) 0x0000000000008f30
calls=1 0 
0 1214
0 3
cfn=(1398)
calls=1 0 
0 20
0 153
cfn=(1450) 0x0000000000019dc0
calls=1 0 
0 6
0 8
cfn=(1458) 0x0000000000003920
calls=1 0 
0 11
0 4
cfn=(1468)
calls=1 0 
0 5
0 10
cfn=(2026) 0x000000000002ecb0
calls=1 0 
0 9
0 20
cfn=(2050) 0x0000000000003c70
calls=1 0 
0 27837
0 135
cfn=(2562) 0x0000000000002430
calls=1 0 
0 30848
0 124
cfn=(2870)
calls=1 0 
0 22
0 17
cfn=(2882) 0x0000000000018200
calls=1 0 
0 79534
0 62
cfn=(3362) 0x000000000001ae80
calls=3 0 
0 78
0 11
cfn=(3382)
calls=1 0 
0 298
0 116
cfn=(2882)
calls=7 0 
0 2548698
0 20
cfn=(3746) 0x000000000001ae10
calls=1 0 
0 45
0 13
cfn=(3770) 0x00000000000060c0
calls=1 0 
0 1483
0 11
cfn=(2886) 0x00000000000127d0
calls=1 0 
0 363
0 6
cfn=(3862) 0x00000000000264d0
calls=1 0 
0 323
0 2
cfn=(3910)
calls=1 0 
0 2620
0 2
cfn=(3936)
calls=1 0 
0 646
0 2
cfn=(3950)
calls=1 0 
0 31
0 3
cfn=(3962) 0x0000000000002040
calls=1 0 
0 1071
0 1
cfn=(4040) 0x0000000000027f00
calls=1 0 
0 2
0 2
cfn=(1988) 0x00000000000038d0
calls=1 0 
0 7
0 4
cfn=(1458)
calls=1 0 
0 11
0 4
cfn=(4048)
calls=1 0 
0 10
0 118
cfn=(2754) 0x00000000000293c0
calls=1 0 
0 755
0 23
cfn=(1478) 0x0000000000029b60
calls=1 0 
0 2806
0 37

fn=(1212) 0x0000000000025280
0 16
cfn=(1214) 0x00000000000256c0
calls=1 0 
0 31
0 9
cfn=(1234) 0x00000000000258a0
calls=1 0 
0 13
0 23
cfn=(1234)
calls=2 0 
0 109
0 2
cfn=(1234)
calls=1 0 
0 117
0 11
cfn=(934)
calls=1 0 
0 18
0 11
cfn=(1298)
calls=1 0 
0 7
0 33
cfn=(1234)
calls=2 0 
0 109
0 2
cfn=(1234)
calls=1 0 
0 117
0 37
cfn=(1318) 0x00000000000308e0
calls=1 0 
0 22
0 27
cfn=(934)
calls=1 0 
0 18
0 20
cfn=(1234)
calls=1 0 
0 13
0 25
cfn=(1354)
calls=2 0 
0 30
0 14
cfn=(1234)
calls=2 0 
0 109
0 2
cfn=(1234)
calls=1 0 
0 117
0 22

fn=(1528) _dl_catch_exception
0 511
cfn=(1530) 0x000000000002f590
calls=15 0 
0 360
0 42
cfn=(1530)
calls=14 0 
0 336
0 203
cfn=(9880) 0x0000000000003760
calls=2 0 
0 158
cob=(2)
cfi=(2)
cfn=(8234) 0x00000000000a8b20
calls=12 0 
0 6071
cob=(2)
cfi=(2)
cfn=(6906) 0x00000000000a89d0
calls=1 0 
0 1099056
cfn=(2094) 0x0000000000003ac0
calls=13 0 
0 23073
cfn=(1532)
calls=1 0 
0 2546
0 433

fn=(1529) _dl_catch_exception'2
0 1299
cfn=(1530)
calls=61 0 
0 1464
0 460
cfn=(9880)
calls=3 0 
0 168
cob=(2)
cfi=(2)
cfn=(8234)
calls=11 0 
0 7882
cfn=(6943) 0x000000000000f960'2
calls=5 0 
0 69072
cob=(2)
cfi=(2)
cfn=(6907) 0x00000000000a89d0'2
calls=10 0 
0 81435
cfn=(2094)
calls=25 0 
0 28214
cfn=(6946) 0x0000000000010560
calls=6 0 
0 877653
cfn=(6942) 0x000000000000f960
calls=1 0 
0 1097810
0 697
cfn=(7633) 0x000000000000f800'2
calls=1 0 
0 2111
cfn=(7632) 0x000000000000f800
calls=1 0 
0 285684
0 82

fn=(2026)
0 9

fn=(2276)
0 36

fn=(6942)
0 10
cob=(2)
cfi=(2)
cfn=(6916)
calls=1 0 
0 35
0 4
cfn=(1529)
calls=1 0 
0 811954
0 3
cob=(2)
cfi=(2)
cfn=(7082)
calls=1 0 
0 26
0 10
cfn=(1988)
calls=1 0 
0 7
0 5
cfn=(1458)
calls=1 0 
0 11
0 17
cfn=(1529)
calls=1 0 
0 285708
0 7
cfn=(4048)
calls=1 0 
0 10
0 3

fn=(6943)
0 50
cob=(2)
cfi=(2)
cfn=(6916)
calls=5 0 
0 175
0 20
cfn=(1529)
calls=5 0 
0 66086
0 15
cob=(2)
cfi=(2)
cfn=(7082)
calls=5 0 
0 130
0 38
cfn=(1988)
calls=1 0 
0 7
0 8
cfn=(1988)
calls=4 0 
0 28
0 25
cfn=(1458)
calls=5 0 
0 55
0 49
cfn=(1529)
calls=1 0 
0 2135
0 7
cfn=(4048)
calls=1 0 
0 10
0 18
cfn=(9524) _dl_signal_exception
calls=3 0 
0 144
0 2
cfn=(8208)
calls=1 0 
0 69
0 1

fn=(7140) 0x0000000000008720
0 23
cfn=(7142) 0x0000000000026460
calls=1 0 
0 766
0 3
cfn=(7142)
calls=1 0 
0 9
0 11
cfn=(1594)
calls=1 0 
0 146
0 5
cfn=(842)
calls=1 0 
0 26
0 13
cob=(2)
cfi=(2)
cfn=(4266)
calls=1 0 
0 33
0 7
cfn=(842)
calls=1 0 
0 22
0 6
cob=(2)
cfi=(2)
cfn=(4582)
calls=1 0 
0 30
0 9
cfn=(1354)
calls=1 0 
0 22
0 37
cfn=(948)
calls=1 0 
0 12
0 33

fn=(7838)
0 33165
cfn=(7840) 0x000000000001b160
calls=1 0 
0 123
0 3

fn=(9554) 0x0000000000004cc0
0 30
cob=(2)
cfi=(2)
cfn=(4266)
calls=6 0 
0 169

fn=(9880)
0 25
cob=(2)
cfi=(2)
cfn=(6916)
calls=5 0 
0 139
0 65
cob=(2)
cfi=(2)
cfn=(7082)
calls=5 0 
0 97

fn=(122) 0x0000000000026120
0 10

fn=(136) 0x0000000000027e30
0 9
cfn=(138)
calls=1 0 
0 521
0 3
cfn=(156)
calls=1 0 
0 26345
0 1
cfn=(380) 0x0000000000018c40
calls=1 0 
0 30
0 2
cfn=(388)
calls=1 0 
0 8
0 1
cfn=(396) 0x00000000000219e0
calls=1 0 
0 7554
0 4
cfn=(842)
calls=1 0 
0 14
0 3
cfn=(850)
calls=1 0 
0 11
0 11
cfn=(862)
calls=1 0 
0 2701456
0 5

fn=(228)
0 66

fn=(524) 0x000000000001faa0
0 235
cfn=(532) 0x000000000001f710
calls=12 0 
0 4020
0 144
cfn=(532)
calls=12 0 
0 1654
0 96

fn=(1484) 0x0000000000032740
0 81

fn=(2384) 0x000000000002f0a0
0 140

fn=(3004) 0x000000000000cac0
0 1014587
cfn=(3040) 0x000000000000c900
calls=3747 0 
0 309029
0 49336
cob=(2)
cfi=(2)
cfn=(6916)
calls=3 0 
0 105
cfn=(992)
calls=82 0 
0 246
0 4987
cfn=(1112)
calls=3 0 
0 71
0 24
cob=(2)
cfi=(2)
cfn=(7082)
calls=3 0 
0 78
0 5852
cfn=(930)
calls=1 0 
0 28
0 1095
cfn=(992)
calls=82 0 
0 246
0 3477
cfn=(3488)
calls=2 0 
0 159
0 8
cfn=(930)
calls=2 0 
0 56
0 4488
cfn=(3524) 0x000000000000ee60
calls=2 0 
0 10
0 38

fn=(3524)
0 10

fn=(3864) 0x000000000000e8c0
0 181
cfn=(1112)
calls=3 0 
0 60
0 39
cfn=(1112)
calls=3 0 
0 82
0 39

fn=(3962)
0 12
cfn=(3864)
calls=1 0 
0 121
0 12
cob=(2)
cfi=(2)
cfn=(3972) __libc_early_init
calls=1 0 
0 926

fn=(4978) _dl_audit_preinit
0 5

fn=(948)
0 1014

fn=(1234)
0 262
cfn=(1250)
calls=9 0 
0 189
0 111
cfn=(1268)
calls=6 0 
0 30
0 67
cfn=(842)
calls=3 0 
0 42
0 3

fn=(1464) _dl_debug_state
0 20

fn=(1478)
0 30
cfn=(1484)
calls=1 0 
0 81
0 8
cfn=(948)
calls=1 0 
0 20
0 13
cfn=(1526) 0x0000000000002660
calls=1 0 
0 2636
0 18

fn=(2146)
0 64
cfn=(162)
calls=8 0 
0 360
0 1401
cfn=(2168) 0x000000000001d360
calls=84 0 
0 7177
0 455
cfn=(2168)
calls=8 0 
0 1021
0 316
cfn=(842)
calls=6 0 
0 84
0 54
cfn=(948)
calls=6 0 
0 66
0 12
cfn=(1606)
calls=6 0 
0 390
0 72

fn=(6912) 0x000000000000fde0
0 18
cob=(2)
cfi=(2)
cfn=(6916)
calls=1 0 
0 35
0 17
cfn=(6926) 0x0000000000005c30
calls=1 0 
0 41
0 12
cfn=(1536)
calls=1 0 
0 966
0 7
cfn=(1529)
calls=1 0 
0 1097875
0 11
cfn=(1988)
calls=1 0 
0 7
0 5
cob=(2)
cfi=(2)
cfn=(7082)
calls=1 0 
0 26
0 9

fn=(6913) 0x000000000000fde0'2
0 180
cob=(2)
cfi=(2)
cfn=(6916)
calls=10 0 
0 230
0 152
cfn=(1250)
calls=3 0 
0 63
0 36
cfn=(6926)
calls=10 0 
0 1033
0 105
cfn=(1536)
calls=7 0 
0 9094
0 9
cfn=(1536)
calls=3 0 
0 231
0 75
cob=(2)
cfi=(2)
cfn=(7082)
calls=5 0 
0 75
0 30
cfn=(1529)
calls=5 0 
0 69394
0 52
cfn=(1988)
calls=2 0 
0 14
0 10
cob=(2)
cfi=(2)
cfn=(7082)
calls=2 0 
0 30
0 67
cfn=(1250)
calls=3 0 
0 63
0 27
cob=(2)
cfi=(2)
cfn=(7082)
calls=3 0 
0 45
0 12
cfn=(9524)
calls=3 0 
0 144

fn=(9518)
0 297

fn=(0) 0x0000000000028440
0 2
cfn=(2) 0x00000000000294b0
calls=1 0 
0 2736834
0 8
cfn=(4066) 0x000000000001e230
calls=1 0 
0 4
0 10
cfn=(4072) 0x0000000000006de0
calls=1 0 
0 38995
0 3
cob=(8)
cfi=(8)
cfn=(4818) (below main)
calls=1 0 
0 23673831782

fn=(2)
0 777
cfn=(122)
calls=1 0 
0 10
0 10
cfn=(126)
calls=1 0 
0 27
0 9
cfn=(136)
calls=1 0 
0 2735978
0 23

fn=(184)
0 9
cfn=(186)
calls=1 0 
0 17
0 7
cfn=(200)
calls=1 0 
0 6
0 10
cfn=(228)
calls=1 0 
0 6
0 12
cfn=(212)
calls=1 0 
0 23
0 3

fn=(1112)
0 127824

fn=(1214)
0 31

fn=(1458)
0 60
cfn=(1464)
calls=10 0 
0 20
0 30

fn=(1624)
0 306
cfn=(186)
calls=18 0 
0 330
0 134
cfn=(1632) 0x000000000002f040
calls=10 0 
0 60
0 529

fn=(1720) 0x000000000002f360
0 25
cfn=(382)
calls=1 0 
0 18
0 11

fn=(2724) 0x0000000000031be0
0 25

fn=(2984)
0 1131675
cfn=(3004)
calls=4074 0 
0 1393920
0 160334
cfn=(9924) _dl_exception_create_format
calls=2 0 
0 1575
0 8
cfn=(9928) 0x0000000000002300
calls=2 0 
0 120
0 1614

fn=(3362)
0 141

fn=(3746)
0 45

fn=(4066)
0 4

fn=(992)
0 516

fn=(1250)
0 1548

fn=(1354)
0 708

fn=(1546) 0x000000000000f000
0 3352
cfn=(1112)
calls=419 0 
0 9793
0 4630
cfn=(1112)
calls=453 0 
0 12129
0 3001

fn=(1766)
0 216

fn=(2168)
0 8198

fn=(6926)
0 751074

fn=(7120)
0 25
cfn=(1606)
calls=1 0 
0 94
0 555
cob=(2)
cfi=(2)
cfn=(4582)
calls=1 0 
0 30
0 10
cfn=(7140)
calls=1 0 
0 1213
0 6
cob=(2)
cfi=(2)
cfn=(4266)
calls=1 0 
0 33
0 9

fn=(7442) 0x000000000000faf0
0 68
cfn=(2886)
calls=4 0 
0 800041
0 76
cfn=(3340)
calls=4 0 
0 24
0 8

fn=(382)
0 589

fn=(1986)
0 90
cfn=(1988)
calls=9 0 
0 63
0 46
cfn=(1458)
calls=2 0 
0 22
0 139
cfn=(4048)
calls=2 0 
0 20
0 47

fn=(2562)
0 12
cfn=(2566)
calls=1 0 
0 30828
0 8

fn=(2574) 0x000000000001c540
0 1220
cfn=(1546)
calls=132 0 
0 10266
0 30668
cfn=(1112)
calls=139 0 
0 3273
0 849
cfn=(1112)
calls=5 0 
0 140
0 1504
cob=(2)
cfi=(2)
cfn=(6958)
calls=4 0 
0 627
cfn=(930)
calls=6 0 
0 227
0 7724
cfn=(2724)
calls=1 0 
0 25
0 3

fn=(2820) 0x000000000001b2f0
0 31
cfn=(382)
calls=1 0 
0 18
0 21
cfn=(1376)
calls=1 0 
0 12
0 10

fn=(3770)
0 7
cfn=(3794)
calls=1 0 
0 155
0 5
cfn=(934)
calls=1 0 
0 18
0 8
cfn=(3794)
calls=1 0 
0 875
0 9
cfn=(3774)
calls=1 0 
0 129
0 2
cfn=(3832) 0x0000000000005ff0
calls=1 0 
0 268
0 7

fn=(3832)
0 268

fn=(4040)
0 2

fn=(4082) 0x0000000000006cc0
0 237
cob=(3) ???
cfi=(3) ???
cfn=(9782) 0x0000000004f57000
calls=1 0 
0 7
cob=(3)
cfi=(3)
cfn=(7818) 0x000000000506a000
calls=1 0 
0 7
cob=(3)
cfi=(3)
cfn=(7634) 0x00000000050d1000
calls=1 0 
0 7
cob=(3)
cfi=(3)
cfn=(4200) 0x0000000004919000
calls=1 0 
0 7
cob=(3)
cfi=(3)
cfn=(4190) 0x0000000004bbc000
calls=1 0 
0 7
cob=(3)
cfi=(3)
cfn=(4178) 0x0000000004cb8000
calls=1 0 
0 7
cob=(3)
cfi=(3)
cfn=(4090) 0x000000000487b000
calls=1 0 
0 7
0 238
cob=(12)
cfi=(24)
cfn=(10180)
calls=1 0 
0 2362
cob=(12)
cfi=(24)
cfn=(9792)
calls=1 0 
0 28145
cob=(10)
cfi=(22)
cfn=(7828)
calls=1 0 
0 237487
cob=(9)
cfi=(15) /home/m0hawk/.bridgestan/bridgestan-2.9.0/stan/lib/stan_math/lib/tbb/../tbb_2020.3/src/tbb/tbb_main.cpp
cfn=(7802) _GLOBAL__sub_I_tbb_main.cpp
calls=1 585 
0 138
cob=(9)
cfi=(19) /home/m0hawk/.bridgestan/bridgestan-2.9.0/stan/lib/stan_math/lib/tbb/../tbb_2020.3/src/tbb/observer_proxy.h
cfn=(7800) _GLOBAL__sub_I_observer_proxy.cpp
calls=1 60 
0 4
cob=(9)
cfi=(13) /home/m0hawk/.bridgestan/bridgestan-2.9.0/stan/lib/stan_math/lib/tbb/../tbb_2020.3/src/tbb/scheduler.cpp
cfn=(7742) _GLOBAL__sub_I_scheduler.cpp
calls=1 1400 
0 5281
cob=(9)
cfi=(10) /home/m0hawk/.bridgestan/bridgestan-2.9.0/stan/lib/stan_math/lib/tbb/../tbb_2020.3/src/tbb/dynamic_link.cpp
cfn=(7644) _GLOBAL__sub_I_dynamic_link.cpp
calls=1 390 
0 11844
cob=(7)
cfi=(7)
cfn=(4806) 0x00000000000b63c0
calls=1 0 
0 6
cob=(7)
cfi=(7)
cfn=(4780) 0x00000000000b6300
calls=1 0 
0 50
cob=(7)
cfi=(7)
cfn=(4754) 0x00000000000b6240
calls=1 0 
0 50
cob=(7)
cfi=(7)
cfn=(4736) 0x00000000000b61c0
calls=1 0 
0 34
cob=(7)
cfi=(7)
cfn=(4718) 0x00000000000b6140
calls=1 0 
0 34
cob=(7)
cfi=(7)
cfn=(4716) 0x00000000000b6000
calls=1 0 
0 38
cob=(7)
cfi=(7)
cfn=(4698) 0x00000000000b5ec0
calls=1 0 
0 57
cob=(7)
cfi=(7)
cfn=(4558) 0x00000000000b5c70
calls=1 0 
0 1224
cob=(7)
cfi=(7)
cfn=(4552) 0x00000000000b5c50
calls=1 0 
0 10
cob=(7)
cfi=(7)
cfn=(4550) 0x00000000000b5c40
calls=1 0 
0 3
cob=(7)
cfi=(7)
cfn=(4540) 0x00000000000b5bb0
calls=1 0 
0 163
cob=(7)
cfi=(7)
cfn=(4534) 0x00000000000b64c0
calls=1 0 
0 12
cob=(7)
cfi=(7)
cfn=(4526) 0x00000000000b63e0
calls=1 0 
0 71
cob=(5)
cfi=(5)
cfn=(4184) 0x0000000000005d00
calls=1 0 
0 12
cob=(2)
cfi=(2)
cfn=(4170) 0x0000000000027a60
calls=1 0 
0 22
cob=(2)
cfi=(2)
cfn=(4162) 0x00000000000279f0
calls=1 0 
0 12
0 32
cob=(12)
cfi=(24)
cfn=(9786)
calls=1 0 
0 12
cob=(10)
cfi=(22)
cfn=(7822)
calls=1 0 
0 12
cob=(9)
cfi=(9) ???
cfn=(7638) 0x00000000000120d0
calls=1 0 
0 12
cob=(7)
cfi=(7)
cfn=(4204) 0x00000000000b5fc0
calls=1 0 
0 36102
cob=(6)
cfi=(6)
cfn=(4194)
calls=1 0 
0 12
cob=(5)
cfi=(5)
cfn=(4182) __cpu_indicator_init
calls=1 0 
0 367
cob=(2)
cfi=(2)
cfn=(4134) 0x0000000000027980
calls=1 0 
0 72
cob=(4)
cfi=(4)
cfn=(4102)
calls=1 0 
0 12
0 163

fn=(4083) 0x0000000000006cc0'2
0 26
cob=(3)
cfi=(3)
cfn=(8154) 0x000000000510a000
calls=1 0 
0 7
0 20
cob=(11)
cfi=(23)
cfn=(8164) 0x0000000000002040
calls=1 0 
0 1952
0 4
cob=(11)
cfi=(23)
cfn=(8158) 0x0000000000002150
calls=1 0 
0 12
0 13

fn=(380)
0 6
cfn=(382)
calls=1 0 
0 18
0 6

fn=(400) 0x00000000000202b0
0 27
cfn=(408)
calls=1 0 
0 68
0 29
cfn=(434)
calls=1 0 
0 204
0 101
cfn=(382)
calls=1 0 
0 17
0 11
cfn=(382)
calls=1 0 
0 17
0 13
cfn=(382)
calls=1 0 
0 17
0 15
cfn=(382)
calls=1 0 
0 17
0 11
cfn=(382)
calls=1 0 
0 17
0 7
cfn=(382)
calls=1 0 
0 17
0 15
cfn=(768)
calls=1 0 
0 42
0 4
cfn=(788)
calls=1 0 
0 6
0 16
cfn=(768)
calls=1 0 
0 42
0 10
cfn=(768)
calls=1 0 
0 42
0 10
cfn=(768)
calls=1 0 
0 42
0 10
cfn=(768)
calls=1 0 
0 42
0 10
cfn=(768)
calls=1 0 
0 42
0 15
cfn=(382)
calls=1 0 
0 16
0 4
cfn=(382)
calls=1 0 
0 18
0 7
cfn=(382)
calls=1 0 
0 16
0 4
cfn=(382)
calls=1 0 
0 16
0 8
cfn=(382)
calls=1 0 
0 18
0 37
cfn=(524)
calls=1 0 
0 470
0 5
cfn=(524)
calls=1 0 
0 589
0 6
cfn=(524)
calls=1 0 
0 491
0 4
cfn=(524)
calls=1 0 
0 484
0 5
cfn=(524)
calls=1 0 
0 443
0 4
cfn=(524)
calls=1 0 
0 446
0 4
cfn=(524)
calls=1 0 
0 524
0 4
cfn=(524)
calls=1 0 
0 514
0 4
cfn=(524)
calls=1 0 
0 517
0 4
cfn=(524)
calls=1 0 
0 549
0 4
cfn=(524)
calls=1 0 
0 552
0 4
cfn=(524)
calls=1 0 
0 570
0 7
cfn=(666)
calls=1 0 
0 222
0 35

fn=(1318)
0 22

fn=(1450)
0 6

fn=(7142)
0 775

fn=(7244)
0 204
cfn=(1354)
calls=4 0 
0 74
0 120
cfn=(1354)
calls=8 0 
0 112
0 32
cfn=(1354)
calls=8 0 
0 120
0 88
cfn=(1624)
calls=8 0 
0 445
0 48
cob=(2)
cfi=(2)
cfn=(4582)
calls=1 0 
0 30
0 8
cfn=(948)
calls=1 0 
0 20
0 209
cfn=(7282)
calls=6 0 
0 92
0 54

fn=(9516)
0 42
cfn=(842)
calls=3 0 
0 54
0 9
cfn=(842)
calls=3 0 
0 42
0 9
cob=(2)
cfi=(2)
cfn=(4582)
calls=3 0 
0 90
0 21
cfn=(1354)
calls=3 0 
0 39
0 12
cfn=(948)
calls=3 0 
0 46
0 54

fn=(13318)
0 218
cob=(11)
cfi=(23)
cfn=(13526) 0x0000000000002100
calls=1 0 
0 112
cob=(6)
cfi=(6)
cfn=(13498)
calls=1 0 
0 39
cob=(5)
cfi=(5)
cfn=(13468) 0x0000000000004900
calls=1 0 
0 39
cob=(7)
cfi=(7)
cfn=(13432) 0x00000000000b6470
calls=1 0 
0 1589
cob=(9)
cfi=(9)
cfn=(13416) 0x0000000000012080
calls=1 0 
0 112
cob=(10)
cfi=(22)
cfn=(13400)
calls=1 0 
0 112
cob=(12)
cfi=(24)
cfn=(13384)
calls=1 0 
0 112
cob=(4)
cfi=(4)
cfn=(13368)
calls=1 0 
0 112
cob=(8)
cfi=(8)
cfn=(13326) 0x0000000000017a10
calls=1 0 
0 112
0 2
cob=(6)
cfi=(6)
cfn=(13510)
calls=1 0 
0 112
cob=(5)
cfi=(5)
cfn=(13482) 0x0000000000005cb0
calls=1 0 
0 112
0 129
cob=(3)
cfi=(3)
cfn=(13540) 0x00000000051205b4
calls=1 0 
0 4
cob=(3)
cfi=(3)
cfn=(13524) 0x0000000004c51b24
calls=1 0 
0 4
cob=(3)
cfi=(3)
cfn=(13496) 0x0000000004ce3e84
calls=1 0 
0 4
cob=(3)
cfi=(3)
cfn=(13466) 0x0000000004af62f4
calls=1 0 
0 4
cob=(3)
cfi=(3)
cfn=(13430) 0x00000000050f38f8
calls=1 0 
0 4
cob=(3)
cfi=(3)
cfn=(13414) 0x0000000005099060
calls=1 0 
0 4
cob=(3)
cfi=(3)
cfn=(13398) 0x000000000502ea28
calls=1 0 
0 4
cob=(3)
cfi=(3)
cfn=(13382) 0x000000000487b280
calls=1 0 
0 4
cob=(3)
cfi=(3)
cfn=(13356) 0x00000000003eedfc
calls=1 0 
0 4
0 6

fn=(930)
0 268
cfn=(212)
calls=1 0 
0 23
0 7
cfn=(1720)
calls=1 0 
0 5
0 238

fn=(1210)
0 15
cfn=(1212)
calls=1 0 
0 1084
0 3
cfn=(934)
calls=1 0 
0 18
0 12
cfn=(934)
calls=1 0 
0 18
0 21
cfn=(1376)
calls=1 0 
0 13
0 30

fn=(1526)
0 192
cfn=(1528)
calls=16 0 
0 1108871
0 208

fn=(1527) 0x0000000000002660'2
0 288
cfn=(1529)
calls=24 0 
0 91040
0 312

fn=(1632)
0 60

fn=(2454)
0 655
cfn=(2472) 0x0000000000018b20
calls=24 0 
0 1077
0 122
cfn=(948)
calls=4 0 
0 55
0 24

fn=(2472)
0 636
cfn=(2473) 0x0000000000018b20'2
calls=2 0 
0 215
0 226

fn=(2473)
0 134
cfn=(2473)
calls=3 0 
0 96
0 81

fn=(2754)
0 13
cfn=(930)
calls=1 0 
0 28
0 5
cfn=(2760)
calls=1 0 
0 68
0 1
cfn=(2770)
calls=1 0 
0 231
0 1
cfn=(2798)
calls=1 0 
0 296
0 14
cfn=(2820)
calls=1 0 
0 92
0 6

fn=(2882)
0 44
cfn=(2886)
calls=6 0 
0 2628026
0 114
cfn=(3340)
calls=6 0 
0 36
0 12

fn=(2886)
0 419057
cfn=(2984)
calls=3682 0 
0 2625605
0 159954
cfn=(2984)
calls=6 0 
0 3451
0 48772
cob=(2)
cfi=(2)
cfn=(7462) strncat
calls=1 0 
0 12
cob=(2)
cfi=(2)
cfn=(3296) strcspn
calls=1 0 
0 3
cob=(2)
cfi=(2)
cfn=(3254) strcat
calls=1 0 
0 12
cob=(2)
cfi=(2)
cfn=(3284) rindex
calls=2 0 
0 24
cob=(2)
cfi=(2)
cfn=(3304) strcpy
calls=1 0 
0 12
cob=(2)
cfi=(2)
cfn=(3252) wmemset
calls=1 0 
0 10
cob=(2)
cfi=(2)
cfn=(3246) __memmove_chk
calls=1 0 
0 18
cob=(2)
cfi=(2)
cfn=(3286) wcscmp
calls=1 0 
0 12
cob=(2)
cfi=(2)
cfn=(3310) strncpy
calls=4 0 
0 48
cob=(2)
cfi=(2)
cfn=(3302)
calls=4 0 
0 48
cob=(2)
cfi=(2)
cfn=(3274) strcmp
calls=5 0 
0 60
cob=(2)
cfi=(2)
cfn=(3282) index
calls=2 0 
0 24
cob=(2)
cfi=(2)
cfn=(3316) strspn
calls=4 0 
0 12
cob=(2)
cfi=(2)
cfn=(3566) strstr
calls=2 0 
0 14
cob=(2)
cfi=(2)
cfn=(3290) wmemchr
calls=1 0 
0 12
cob=(2)
cfi=(2)
cfn=(3262) __memcpy_chk
calls=1 0 
0 18
cob=(2)
cfi=(2)
cfn=(3292) strncmp
calls=2 0 
0 24
cob=(2)
cfi=(2)
cfn=(3542) gettimeofday
calls=1 0 
0 7
cob=(2)
cfi=(2)
cfn=(3248) wmemcmp
calls=1 0 
0 12
cob=(2)
cfi=(2)
cfn=(3314)
calls=2 0 
0 24
cob=(2)
cfi=(2)
cfn=(3266) wcslen
calls=1 0 
0 12
cob=(2)
cfi=(2)
cfn=(3256) __memset_chk
calls=3 0 
0 57
cob=(2)
cfi=(2)
cfn=(3312) memmove
calls=6 0 
0 108
cob=(2)
cfi=(2)
cfn=(3258)
calls=7 0 
0 126
cob=(2)
cfi=(2)
cfn=(3276)
calls=7 0 
0 133
cob=(2)
cfi=(2)
cfn=(3308)
calls=7 0 
0 84
0 126090
cfn=(948)
calls=22 0 
0 412
0 7238
cfn=(3856) 0x0000000000021980
calls=1 0 
0 6
cob=(2)
cfi=(2)
cfn=(3316)
calls=1 0 
0 3
cob=(2)
cfi=(2)
cfn=(3314)
calls=1 0 
0 12
cob=(2)
cfi=(2)
cfn=(3312)
calls=1 0 
0 18
cob=(2)
cfi=(2)
cfn=(3310)
calls=1 0 
0 12
cob=(2)
cfi=(2)
cfn=(3308)
calls=1 0 
0 12
cob=(2)
cfi=(2)
cfn=(3306) strcasecmp_l
calls=1 0 
0 12
cob=(2)
cfi=(2)
cfn=(3304)
calls=1 0 
0 12
cob=(2)
cfi=(2)
cfn=(3302)
calls=1 0 
0 12
cob=(2)
cfi=(2)
cfn=(3300) strchrnul
calls=1 0 
0 12
cob=(2)
cfi=(2)
cfn=(3298) strncasecmp_l
calls=1 0 
0 12
cob=(2)
cfi=(2)
cfn=(3296)
calls=1 0 
0 3
cob=(2)
cfi=(2)
cfn=(3294) strcasecmp
calls=1 0 
0 12
cob=(2)
cfi=(2)
cfn=(3292)
calls=1 0 
0 12
cob=(2)
cfi=(2)
cfn=(3290)
calls=2 0 
0 24
cob=(2)
cfi=(2)
cfn=(3288) stpncpy
calls=1 0 
0 12
cob=(2)
cfi=(2)
cfn=(3286)
calls=1 0 
0 12
cob=(2)
cfi=(2)
cfn=(3284)
calls=1 0 
0 12
cob=(2)
cfi=(2)
cfn=(3282)
calls=1 0 
0 12
cob=(2)
cfi=(2)
cfn=(3280) wcschr
calls=2 0 
0 24
cob=(2)
cfi=(2)
cfn=(3278) memrchr
calls=1 0 
0 12
cob=(2)
cfi=(2)
cfn=(3276)
calls=1 0 
0 19
cob=(2)
cfi=(2)
cfn=(3274)
calls=1 0 
0 12
cob=(2)
cfi=(2)
cfn=(3272) strpbrk
calls=1 0 
0 3
cob=(2)
cfi=(2)
cfn=(3270) strnlen
calls=2 0 
0 24
cob=(2)
cfi=(2)
cfn=(3268) wcsnlen
calls=1 0 
0 12
cob=(2)
cfi=(2)
cfn=(3266)
calls=1 0 
0 12
cob=(2)
cfi=(2)
cfn=(3264) __mempcpy_chk
calls=1 0 
0 18
cob=(2)
cfi=(2)
cfn=(3262)
calls=1 0 
0 18
cob=(2)
cfi=(2)
cfn=(3260) wcsncpy
calls=1 0 
0 9
cob=(2)
cfi=(2)
cfn=(3258)
calls=1 0 
0 18
cob=(2)
cfi=(2)
cfn=(3256)
calls=1 0 
0 19
cob=(2)
cfi=(2)
cfn=(3254)
calls=1 0 
0 12
cob=(2)
cfi=(2)
cfn=(3252)
calls=2 0 
0 20
cob=(2)
cfi=(2)
cfn=(3250) wcscat
calls=1 0 
0 9
cob=(2)
cfi=(2)
cfn=(3248)
calls=1 0 
0 12
cob=(2)
cfi=(2)
cfn=(3246)
calls=1 0 
0 18
cob=(2)
cfi=(2)
cfn=(3244) stpcpy
calls=1 0 
0 12
cob=(2)
cfi=(2)
cfn=(3242) wcpncpy
calls=1 0 
0 9
cob=(2)
cfi=(2)
cfn=(3240) mempcpy
calls=1 0 
0 18
cob=(2)
cfi=(2)
cfn=(3238) strncasecmp
calls=1 0 
0 12
cob=(2)
cfi=(2)
cfn=(3226) 0x00000000000d0da0
calls=1 0 
0 30
0 36070
cfn=(3160)
calls=3 0 
0 221
0 60

fn=(3862)
0 11
cfn=(3864)
calls=1 0 
0 148
0 18
cfn=(3864)
calls=1 0 
0 132
0 14

fn=(4072)
0 120
cfn=(4082)
calls=6 0 
0 38766
0 33
cfn=(4082)
calls=1 0 
0 74
0 2

fn=(1988)
0 147

fn=(7060)
0 18

fn=(7840)
0 4
cfn=(7850) 0x000000000001a9c0
calls=1 0 
0 92
0 27

fn=(7390) 0x000000000001e030
0 34

fn=(7534) 0x00000000000062a0
0 44
cob=(2)
cfi=(2)
cfn=(4582)
calls=2 0 
0 56
0 190
cob=(2)
cfi=(2)
cfn=(4582)
calls=2 0 
0 407
0 105
cfn=(3774)
calls=3 0 
0 330
0 32
cob=(2)
cfi=(2)
cfn=(4266)
calls=2 0 
0 66
0 138
cfn=(3774)
calls=1 0 
0 110
0 61

fn=(7632)
0 126
cfn=(4082)
calls=3 0 
0 285539
0 19

fn=(7633)
0 62
cfn=(4083)
calls=1 0 
0 2034
0 15

fn=(9524)
0 152
cfn=(9518)
calls=8 0 
0 216
0 16

fn=(1052)
0 712

fn=(2568)
0 62
cfn=(2574)
calls=7 0 
0 30726
0 29

fn=(3856)
0 6

fn=(3912)
0 52
cfn=(2984)
calls=4 0 
0 2437
0 92

fn=(160)
0 7
cfn=(162)
calls=1 0 
0 38
0 59
cfn=(182)
calls=1 0 
0 210
0 4

fn=(532)
0 5674

fn=(870)
0 551

fn=(934)
0 358
cfn=(212)
calls=2 0 
0 46
0 14
cfn=(1720)
calls=2 0 
0 49
0 86

fn=(1376)
0 1168

fn=(2050)
0 405
cob=(2)
cfi=(2)
cfn=(4582)
calls=2 0 
0 60
cfn=(934)
calls=5 0 
0 90
0 77
cfn=(948)
calls=7 0 
0 82
0 35
cfn=(948)
calls=7 0 
0 82
0 1923
cfn=(2076) 0x0000000000003b00
calls=38 0 
0 1938
0 266
cfn=(1529)
calls=25 0 
0 29839
cfn=(1528)
calls=13 0 
0 23918
0 3403
cob=(2)
cfi=(2)
cfn=(4582)
calls=2 0 
0 60
cfn=(934)
calls=1 0 
0 18
0 282
cfn=(2454)
calls=3 0 
0 1127
0 193
cfn=(2384)
calls=7 0 
0 140
0 44
cfn=(948)
calls=3 0 
0 35
0 28

fn=(13360)
0 55

fn=(200)
0 66

fn=(396)
0 6
cfn=(400)
calls=1 0 
0 7541
0 7

fn=(864)
0 18

fn=(1536)
0 4320
cfn=(1546)
calls=287 0 
0 22639
0 3620
cfn=(1112)
calls=150 0 
0 3418
0 303
cfn=(8168)
calls=1 0 
0 112
0 251

fn=(3040)
0 91161
cfn=(1112)
calls=996 0 
0 24252
0 79421
cfn=(1112)
calls=3435 0 
0 74475
0 39720

fn=(4048)
0 70

fn=(1530)
0 2160

fn=(2076)
0 342
cfn=(2078)
calls=38 0 
0 1254
0 342

fn=(2094)
0 570
cfn=(1534)
calls=38 0 
0 50603
0 114

fn=(2324)
0 39

fn=(6946)
0 138
cfn=(1398)
calls=6 0 
0 54
0 50
cfn=(2050)
calls=2 0 
0 36208
0 38

ob=(11)
fl=(23)
fn=(9420) 0x00000000000075b0
0 103

fn=(13020) 0x0000000000004420
0 140

fn=(9148) 0x0000000000003c30
0 85

fn=(8158)
0 12

fn=(8294) 0x000000000000cb40
0 141
cob=(2)
cfi=(2)
cfn=(9066)
calls=5 0 
0 79
0 129
cfn=(9420)
calls=1 0 
0 35
0 46
cfn=(9072) 0x000000000000aa80
calls=1 0 
0 1149
0 8
cfn=(9080) 0x000000000000a670
calls=1 0 
0 714
0 139
cfn=(8298) 0x000000000000c1c0
calls=1 0 
0 127368
0 2

fn=(9320) 0x000000000000a440
0 309

fn=(12998) 0x0000000000007930
0 41
cfn=(13012) 0x0000000000004d40
calls=1 0 
0 219
0 164
cfn=(9250) 0x00000000000035f0
calls=3 0 
0 788
0 154
cob=(2)
cfi=(2)
cfn=(7788)
calls=1 0 
0 3
0 6
cob=(2)
cfi=(2)
cfn=(9386) pthread_setspecific
calls=1 0 
0 22
0 26
cfn=(13020)
calls=3 0 
0 105
0 11

fn=(13188) 0x0000000000012a80
0 27

fn=(8994) 0x000000000000fef0
0 16
cob=(2)
cfi=(2)
cfn=(4562) getenv
calls=4 0 
0 2584
0 28

fn=(8320) 0x000000000000bfc0
0 17
cob=(2)
cfi=(2)
cfn=(4562)
calls=1 0 
0 687
0 10

fn=(9256) 0x0000000000002ce0
0 213
cfn=(13082) 0x0000000000002a70
calls=1 0 
0 59
0 66

fn=(9448) 0x0000000000004c00
0 38

fn=(12988) 0x0000000000012bd0
0 9
cfn=(12992) 0x000000000000f650
calls=1 0 
0 1585
0 1
cfn=(13148) 0x000000000000fb50
calls=1 0 
0 1696
0 31
cob=(2)
cfi=(2)
cfn=(6916)
calls=1 0 
0 35
0 2
cfn=(13188)
calls=1 0 
0 27
0 2
cob=(2)
cfi=(2)
cfn=(7082)
calls=1 0 
0 26
0 15

fn=(8956) 0x0000000000012e70
0 35
cfn=(8994)
calls=1 0 
0 657
0 2
cfn=(9002) 0x000000000000ffd0
calls=1 0 
0 2013
0 1595
cob=(2)
cfi=(2)
cfn=(6916)
calls=1 0 
0 35
0 6
cob=(2)
cfi=(2)
cfn=(7788)
calls=1 0 
0 3
0 10
cob=(2)
cfi=(2)
cfn=(7082)
calls=1 0 
0 26
0 6
cob=(2)
cfi=(2)
cfn=(7770)
calls=1 0 
0 4
0 5
cob=(2)
cfi=(2)
cfn=(7774)
calls=1 0 
0 10
0 6
cob=(2)
cfi=(2)
cfn=(7778)
calls=1 0 
0 39
0 4
cob=(2)
cfi=(2)
cfn=(7782)
calls=1 0 
0 3
0 5

fn=(13012)
0 16
cfn=(9250)
calls=1 0 
0 146
0 12
cfn=(13020)
calls=1 0 
0 35
0 10

fn=(13526)
0 9
cob=(2)
cfi=(2)
cfn=(13332)
calls=1 0 
0 94
0 1
cfn=(13534) 0x0000000000002090
calls=1 0 
0 5
0 3

fn=(9088) 0x0000000000009420
0 48
cfn=(9090) 0x0000000000004330
calls=3 0 
0 301
0 55
cfn=(9184) 0x00000000000035a0
calls=3 0 
0 21
0 108
cfn=(9198) 0x0000000000002880
calls=3 0 
0 267
0 192
cfn=(9250)
calls=3 0 
0 438
0 3

fn=(9286) 0x0000000000003080
0 238

fn=(13534)
0 5

fn=(9080)
0 52
cob=(2)
cfi=(2)
cfn=(9066)
calls=4 0 
0 62
0 60
cfn=(9088)
calls=3 0 
0 1433
0 137
cfn=(9448)
calls=2 0 
0 38
0 65
cob=(2)
cfi=(2)
cfn=(7788)
calls=4 0 
0 12
0 171
cfn=(9320)
calls=3 0 
0 187
0 4
cfn=(9320)
calls=2 0 
0 122
0 54

fn=(13082)
0 236

fn=(8164)
0 5
cob=(2)
cfi=(2)
cfn=(6901)
calls=1 0 
0 1874
0 4
cob=(2)
cfi=(2)
cfn=(4510)
calls=1 0 
0 66
0 3

fn=(9002)
0 8
cfn=(8994)
calls=1 0 
0 657
0 28
cfn=(8994)
calls=2 0 
0 1314
0 6

fn=(9072)
0 116
cob=(2)
cfi=(2)
cfn=(7788)
calls=1 0 
0 3
0 5
cob=(2)
cfi=(2)
cfn=(9386)
calls=1 0 
0 23
0 46
cob=(2)
cfi=(2)
cfn=(4952)
calls=1 0 
0 64
0 9
cfn=(9080)
calls=1 0 
0 880
0 3

fn=(9118) 0x00000000000023c0
0 29

fn=(9250)
0 168
cfn=(13082)
calls=3 0 
0 177
0 185
cfn=(9256)
calls=7 0 
0 338
0 168
cfn=(9286)
calls=7 0 
0 238
0 98

fn=(10106) scalable_malloc
0 6
cfn=(10108) 0x000000000000d450
calls=2 0 
0 1100
0 12

fn=(10108)
0 50
cob=(2)
cfi=(2)
cfn=(9066)
calls=2 0 
0 34
0 60
cfn=(9420)
calls=2 0 
0 68
0 27
cfn=(9080)
calls=2 0 
0 803
0 58

fn=(13148)
0 1616
cob=(2)
cfi=(2)
cfn=(6916)
calls=1 0 
0 35
0 6
cob=(2)
cfi=(2)
cfn=(7788)
calls=1 0 
0 3
0 10
cob=(2)
cfi=(2)
cfn=(7082)
calls=1 0 
0 26

fn=(9184)
0 21

fn=(9198)
0 267

fn=(8292)
0 60
cfn=(8294)
calls=5 0 
0 129810
0 30

fn=(8298)
0 35
cob=(2)
cfi=(2)
cfn=(7788)
calls=1 0 
0 3
0 4
cob=(2)
cfi=(2)
cfn=(8308) sysconf
calls=1 0 
0 48
0 13
cob=(2)
cfi=(2)
cfn=(7812)
calls=1 0 
0 28
0 10
cfn=(8320)
calls=1 0 
0 714
0 8
cob=(2)
cfi=(2)
cfn=(5244) __errno_location
calls=1 0 
0 4
0 9
cob=(2)
cfi=(2)
cfn=(8340) mmap
calls=1 0 
0 23
0 22
cob=(2)
cfi=(2)
cfn=(4952)
calls=1 0 
0 16339
0 21
cob=(2)
cfi=(2)
cfn=(4952)
calls=1 0 
0 16339
0 10
cob=(2)
cfi=(2)
cfn=(4952)
calls=2 0 
0 32678
0 69
cob=(2)
cfi=(2)
cfn=(8356) fopen
calls=1 0 
0 618
0 10
cob=(2)
cfi=(2)
cfn=(8410) fgets
calls=1 0 
0 688
0 220
cob=(2)
cfi=(2)
cfn=(8410)
calls=55 0 
0 9136
0 594
cob=(2)
cfi=(2)
cfn=(8446) __isoc23_sscanf
calls=52 0 
0 18156
0 387
cob=(2)
cfi=(2)
cfn=(8446)
calls=56 0 
0 20076
0 122
cob=(2)
cfi=(2)
cfn=(8736) fclose
calls=1 0 
0 488
0 4
cob=(2)
cfi=(2)
cfn=(8356)
calls=1 0 
0 420
0 7
cob=(2)
cfi=(2)
cfn=(8410)
calls=1 0 
0 467
0 7
cob=(2)
cfi=(2)
cfn=(8446)
calls=1 0 
0 705
0 4
cob=(2)
cfi=(2)
cfn=(8736)
calls=1 0 
0 386
0 12
cob=(2)
cfi=(2)
cfn=(8356)
calls=1 0 
0 420
0 7
cob=(2)
cfi=(2)
cfn=(8410)
calls=1 0 
0 621
0 7
cob=(2)
cfi=(2)
cfn=(8446)
calls=1 0 
0 1103
0 4
cob=(2)
cfi=(2)
cfn=(8736)
calls=1 0 
0 440
0 34
cfn=(8956)
calls=1 0 
0 4464
0 2
cob=(2)
cfi=(2)
cfn=(4562)
calls=1 0 
0 679
0 17
cob=(2)
cfi=(2)
cfn=(4562)
calls=1 0 
0 679
0 7

fn=(9090)
0 32
cfn=(9098) 0x0000000000003d90
calls=1 0 
0 259
0 10

fn=(9098)
0 41

ob=(1)
fl=(1)
fn=(6946)
0 145
cfn=(7390)
calls=2 0 
0 34
0 276
cfn=(2574)
calls=4 0 
0 25800
0 40
cfn=(3362)
calls=2 0 
0 10
0 45
cfn=(3362)
calls=9 0 
0 53
0 55
cfn=(1988)
calls=2 0 
0 14
0 82
cfn=(7442)
calls=4 0 
0 800217
0 291
cfn=(7534)
calls=2 0 
0 1539
0 88
cfn=(1582)
calls=6 0 
0 12320
0 18
cfn=(8090)
calls=1 0 
0 133
0 5

fn=(7850)
0 92

fn=(9924)
0 34
cfn=(842)
calls=2 0 
0 44
0 440
cfn=(842)
calls=6 0 
0 92
0 42
cob=(2)
cfi=(2)
cfn=(4582)
calls=2 0 
0 60
0 524
cfn=(948)
calls=2 0 
0 24
0 34

ob=(11)
fl=(23)
fn=(9098)
0 29
cfn=(9148)
calls=1 0 
0 85
0 20
cob=(2)
cfi=(2)
cfn=(5244)
calls=1 0 
0 4
0 15
cob=(2)
cfi=(2)
cfn=(8340)
calls=1 0 
0 23
0 11
cfn=(9118)
calls=1 0 
0 29
0 2

fn=(12824) scalable_free
0 38
cob=(2)
cfi=(2)
cfn=(7788)
calls=2 0 
0 6
0 80

fn=(12902)
0 91
cob=(2)
cfi=(2)
cfn=(7788)
calls=5 0 
0 15
0 167

fn=(12992)
0 8
cob=(2)
cfi=(2)
cfn=(9066)
calls=1 0 
0 17
0 5
cfn=(12998)
calls=1 0 
0 1539
0 7

ob=(1)
fl=(1)
fn=(9924)
0 42
cfn=(842)
calls=6 0 
0 92
0 48
cfn=(1354)
calls=6 0 
0 87
0 12

fn=(9928)
0 24
cfn=(9524)
calls=2 0 
0 96

ob=(11)
fl=(23)
fn=(12992)
0 9

ob=(8)
fl=(8)
fn=(4832) _GLOBAL__sub_I_main
0 9
cob=(1)
cfi=(1)
cfn=(4840)
calls=1 0 
0 899
0 5
0 4
cob=(2)
cfi=(2)
cfn=(4510)
calls=1 0 
0 66
0 1
0 4
cob=(2)
cfi=(2)
cfn=(4510)
calls=1 0 
0 66
0 1
0 4
cob=(2)
cfi=(2)
cfn=(4510)
calls=1 0 
0 66
0 1
0 4
cfn=(4870) std::__cxx11::basic_string<char, std::char_traits<char>, std::allocator<char> >::basic_string<std::allocator<char> >(char const*, std::allocator<char> const&)
calls=1 0 
0 1712
0 3
cfn=(4894) CLI::Validator::Validator(std::__cxx11::basic_string<char, std::char_traits<char>, std::allocator<char> >)
calls=1 0 
0 902
0 2
cob=(1)
cfi=(1)
cfn=(4840)
calls=1 0 
0 1032
0 5
0 18
cfn=(4930) std::_Function_handler<std::__cxx11::basic_string<char, std::char_traits<char>, std::allocator<char> > (std::__cxx11::basic_string<char, std::char_traits<char>, std::allocator<char> >&), CLI::Validator::func_::{lambda(std::__cxx11::basic_string<char, std::char_traits<char>, std::allocator<char> >&)#1}>::_M_manager(std::_Any_data&, std::_Any_data const&, std::_Manager_operation)
calls=1 0 
0 6
0 4
cob=(2)
cfi=(2)
cfn=(4510)
calls=1 0 
0 66
0 1
0 4
cfn=(4870)
calls=1 0 
0 68
0 3
cfn=(4894)
calls=1 0 
0 278
0 2
cob=(7)
cfi=(7)
cfn=(4928)
calls=1 0 
0 6
0 1
0 18
cfn=(4930)
calls=1 0 
0 6
0 4
cob=(2)
cfi=(2)
cfn=(4510)
calls=1 0 
0 66
0 1
0 4
cfn=(4870)
calls=1 0 
0 63
0 3
cfn=(4894)
calls=1 0 
0 274
0 2
cob=(7)
cfi=(7)
cfn=(4928)
calls=1 0 
0 6
0 1
0 18
cfn=(4930)
calls=1 0 
0 6
0 4
cob=(2)
cfi=(2)
cfn=(4510)
calls=1 0 
0 66
0 1
0 4
cfn=(4870)
calls=1 0 
0 238
0 3
cfn=(4894)
calls=1 0 
0 446
0 2
cob=(7)
cfi=(7)
cfn=(4928)
calls=1 0 
0 298
0 1
0 18
cfn=(4930)
calls=1 0 
0 6
0 4
cob=(2)
cfi=(2)
cfn=(4510)
calls=1 0 
0 66
0 1
0 4
cfn=(4870)
calls=1 0 
0 65
0 3
cfn=(4894)
calls=1 0 
0 278
0 2
cob=(7)
cfi=(7)
cfn=(4928)
calls=1 0 
0 6
0 1
0 18
cfn=(4930)
calls=1 0 
0 6
0 5
cob=(2)
cfi=(2)
cfn=(4510)
calls=1 0 
0 66
0 1
0 24
cob=(2)
cfi=(2)
cfn=(4510)
calls=1 0 
0 66
0 1
0 4
cfn=(4870)
calls=1 0 
0 65
0 13
cfn=(4896)
calls=1 0 
0 33
0 6
cfn=(4896)
calls=1 0 
0 33
0 6
cob=(7)
cfi=(7)
cfn=(4902)
calls=1 0 
0 175
0 1
0 4
cob=(1)
cfi=(1)
cfn=(4840)
calls=1 0 
0 984
0 5
0 8
cob=(7)
cfi=(7)
cfn=(4928)
calls=1 0 
0 6
0 1
0 21
cob=(7)
cfi=(7)
cfn=(4928)
calls=1 0 
0 6
0 1
0 5
cob=(7)
cfi=(7)
cfn=(4928)
calls=1 0 
0 6
0 1
0 4
cob=(2)
cfi=(2)
cfn=(4510)
calls=1 0 
0 66
0 1
0 4
cfn=(4870)
calls=1 0 
0 63
0 5
cfn=(4976) CLI::Range::Range<double>(double, double, std::__cxx11::basic_string<char, std::char_traits<char>, std::allocator<char> > const&)
calls=1 0 
0 353
0 2
cob=(7)
cfi=(7)
cfn=(4928)
calls=1 0 
0 6
0 1
0 4
cob=(2)
cfi=(2)
cfn=(4510)
calls=1 0 
0 66
0 1
0 4
cfn=(4870)
calls=1 0 
0 63
0 5
cfn=(4976)
calls=1 0 
0 353
0 2
cob=(7)
cfi=(7)
cfn=(4928)
calls=1 0 
0 6
0 1
0 4
cob=(2)
cfi=(2)
cfn=(4510)
calls=1 0 
0 66
0 1
0 12

fn=(5036) CLI::Option::Option(std::__cxx11::basic_string<char, std::char_traits<char>, std::allocator<char> >, std::__cxx11::basic_string<char, std::char_traits<char>, std::allocator<char> >, std::function<bool (std::vector<std::__cxx11::basic_string<char, std::char_traits<char>, std::allocator<char> >, std::allocator<std::__cxx11::basic_string<char, std::char_traits<char>, std::allocator<char> > > > const&)>, CLI::App*, bool)
0 1802
cfn=(4870)
calls=106 0 
0 6890
0 2332
cob=(7)
cfi=(7)
cfn=(4974)
calls=106 0 
0 1696
0 106
0 6640
cfn=(4896)
calls=104 0 
0 7032
0 28
cfn=(4896)
calls=2 0 
0 62
0 318
cfn=(5038) CLI::detail::split_names(std::__cxx11::basic_string<char, std::char_traits<char>, std::allocator<char> >)
calls=106 0 
0 69121
0 424
cfn=(5086) CLI::detail::get_names(std::vector<std::__cxx11::basic_string<char, std::char_traits<char>, std::allocator<char> >, std::allocator<std::__cxx11::basic_string<char, std::char_traits<char>, std::allocator<char> > > > const&, bool)
calls=106 0 
0 138865
0 1484
cfn=(5114) std::vector<std::__cxx11::basic_string<char, std::char_traits<char>, std::allocator<char> >, std::allocator<std::__cxx11::basic_string<char, std::char_traits<char>, std::allocator<char> > > >::~vector()
calls=106 0 
0 1484
0 1378
cfn=(5114)
calls=106 0 
0 1484
0 318
cfn=(5108) std::__cxx11::basic_string<char, std::char_traits<char>, std::allocator<char> >::operator=(std::__cxx11::basic_string<char, std::char_traits<char>, std::allocator<char> >&&) [clone .isra.0]
calls=106 0 
0 2436
0 212
cfn=(5114)
calls=106 0 
0 1484
0 212
cfn=(5114)
calls=106 0 
0 1484
0 212
cob=(7)
cfi=(7)
cfn=(4928)
calls=106 0 
0 636
0 106
0 212
cfn=(5114)
calls=106 0 
0 9528
0 212
cob=(7)
cfi=(7)
cfn=(4928)
calls=106 0 
0 2940
0 106
0 1060

fn=(5140) CLI::Option::~Option()
0 636
cfn=(5114)
calls=106 0 
0 1484
0 212
cfn=(5114)
calls=106 0 
0 2766
0 734
cfn=(5938) std::_Function_handler<bool (std::vector<std::__cxx11::basic_string<char, std::char_traits<char>, std::allocator<char> >, std::allocator<std::__cxx11::basic_string<char, std::char_traits<char>, std::allocator<char> > > > const&), CLI::App::add_option<std::__cxx11::basic_string<char, std::char_traits<char>, std::allocator<char> >, std::__cxx11::basic_string<char, std::char_traits<char>, std::allocator<char> >, (CLI::detail::enabler)0>(std::__cxx11::basic_string<char, std::char_traits<char>, std::allocator<char> >, std::__cxx11::basic_string<char, std::char_traits<char>, std::allocator<char> >&, std::__cxx11::basic_string<char, std::char_traits<char>, std::allocator<char> >)::{lambda(std::vector<std::__cxx11::basic_string<char, std::char_traits<char>, std::allocator<char> >, std::allocator<std::__cxx11::basic_string<char, std::char_traits<char>, std::allocator<char> > > > const&)#1}>::_M_manager(std::_Any_data&, std::_Any_data const&, std::_Manager_operation)
calls=10 0 
0 80
cfn=(5328) std::_Function_handler<bool (std::vector<std::__cxx11::basic_string<char, std::char_traits<char>, std::allocator<char> >, std::allocator<std::__cxx11::basic_string<char, std::char_traits<char>, std::allocator<char> > > > const&), CLI::App::add_option<double, double, (CLI::detail::enabler)0>(std::__cxx11::basic_string<char, std::char_traits<char>, std::allocator<char> >, double&, std::__cxx11::basic_string<char, std::char_traits<char>, std::allocator<char> >)::{lambda(std::vector<std::__cxx11::basic_string<char, std::char_traits<char>, std::allocator<char> >, std::allocator<std::__cxx11::basic_string<char, std::char_traits<char>, std::allocator<char> > > > const&)#1}>::_M_manager(std::_Any_data&, std::_Any_data const&, std::_Manager_operation)
calls=52 0 
0 416
cfn=(5306) std::_Function_handler<bool (std::vector<std::__cxx11::basic_string<char, std::char_traits<char>, std::allocator<char> >, std::allocator<std::__cxx11::basic_string<char, std::char_traits<char>, std::allocator<char> > > > const&), CLI::App::add_flag<bool, (CLI::detail::enabler)0>(std::__cxx11::basic_string<char, std::char_traits<char>, std::allocator<char> >, bool&, std::__cxx11::basic_string<char, std::char_traits<char>, std::allocator<char> >)::{lambda(std::vector<std::__cxx11::basic_string<char, std::char_traits<char>, std::allocator<char> >, std::allocator<std::__cxx11::basic_string<char, std::char_traits<char>, std::allocator<char> > > > const&)#1}>::_M_manager(std::_Any_data&, std::_Any_data const&, std::_Manager_operation)
calls=10 0 
0 80
cfn=(5148) std::_Function_handler<bool (std::vector<std::__cxx11::basic_string<char, std::char_traits<char>, std::allocator<char> >, std::allocator<std::__cxx11::basic_string<char, std::char_traits<char>, std::allocator<char> > > > const&), CLI::App::add_option<unsigned long, unsigned long, (CLI::detail::enabler)0>(std::__cxx11::basic_string<char, std::char_traits<char>, std::allocator<char> >, unsigned long&, std::__cxx11::basic_string<char, std::char_traits<char>, std::allocator<char> >)::{lambda(std::vector<std::__cxx11::basic_string<char, std::char_traits<char>, std::allocator<char> >, std::allocator<std::__cxx11::basic_string<char, std::char_traits<char>, std::allocator<char> > > > const&)#1}>::_M_manager(std::_Any_data&, std::_Any_data const&, std::_Manager_operation)
calls=32 0 
0 256
0 212
cfn=(5142) std::_Rb_tree<CLI::Option*, CLI::Option*, std::_Identity<CLI::Option*>, std::less<CLI::Option*>, std::allocator<CLI::Option*> >::_M_erase(std::_Rb_tree_node<CLI::Option*>*) [clone .isra.0]
calls=106 0 
0 318
0 212
cfn=(5142)
calls=106 0 
0 318
0 748
cfn=(6674) std::_Function_handler<std::__cxx11::basic_string<char, std::char_traits<char>, std::allocator<char> > (std::__cxx11::basic_string<char, std::char_traits<char>, std::allocator<char> >&), CLI::detail::NonexistentPathValidator::NonexistentPathValidator()::{lambda(std::__cxx11::basic_string<char, std::char_traits<char>, std::allocator<char> >&)#1}>::_M_manager(std::_Any_data&, std::_Any_data const&, std::_Manager_operation)
calls=1 0 
0 6
cfn=(6668) std::_Function_handler<std::__cxx11::basic_string<char, std::char_traits<char>, std::allocator<char> > (std::__cxx11::basic_string<char, std::char_traits<char>, std::allocator<char> >&), CLI::detail::ExistingFileValidator::ExistingFileValidator()::{lambda(std::__cxx11::basic_string<char, std::char_traits<char>, std::allocator<char> >&)#1}>::_M_manager(std::_Any_data&, std::_Any_data const&, std::_Manager_operation)
calls=2 0 
0 12
cfn=(6892) std::_Function_handler<std::__cxx11::basic_string<char, std::char_traits<char>, std::allocator<char> > (std::__cxx11::basic_string<char, std::char_traits<char>, std::allocator<char> >&), CLI::Range::Range<int>(int, int, std::__cxx11::basic_string<char, std::char_traits<char>, std::allocator<char> > const&)::{lambda(std::__cxx11::basic_string<char, std::char_traits<char>, std::allocator<char> >&)#1}>::_M_manager(std::_Any_data&, std::_Any_data const&, std::_Manager_operation)
calls=1 0 
0 8
cfn=(6880) std::_Function_handler<std::__cxx11::basic_string<char, std::char_traits<char>, std::allocator<char> > (std::__cxx11::basic_string<char, std::char_traits<char>, std::allocator<char> >&), CLI::IsMember::IsMember<std::vector<char const*, std::allocator<char const*> >, decltype(nullptr)>(std::vector<char const*, std::allocator<char const*> >, decltype(nullptr))::{lambda(std::__cxx11::basic_string<char, std::char_traits<char>, std::allocator<char> >&)#1}>::_M_manager(std::_Any_data&, std::_Any_data const&, std::_Manager_operation)
calls=1 0 
0 185
cfn=(5298) std::_Function_handler<std::__cxx11::basic_string<char, std::char_traits<char>, std::allocator<char> > (std::__cxx11::basic_string<char, std::char_traits<char>, std::allocator<char> >&), CLI::Range::Range<double>(double, double, std::__cxx11::basic_string<char, std::char_traits<char>, std::allocator<char> > const&)::{lambda(std::__cxx11::basic_string<char, std::char_traits<char>, std::allocator<char> >&)#1}>::_M_manager(std::_Any_data&, std::_Any_data const&, std::_Manager_operation)
calls=22 0 
0 176
0 216
cfn=(6882) std::_Function_handler<std::__cxx11::basic_string<char, std::char_traits<char>, std::allocator<char> > (), CLI::IsMember::IsMember<std::vector<char const*, std::allocator<char const*> >, decltype(nullptr)>(std::vector<char const*, std::allocator<char const*> >, decltype(nullptr))::{lambda()#1}>::_M_manager(std::_Any_data&, std::_Any_data const&, std::_Manager_operation)
calls=1 0 
0 203
cfn=(6878) std::_Function_handler<std::__cxx11::basic_string<char, std::char_traits<char>, std::allocator<char> > (), CLI::Validator::description(std::__cxx11::basic_string<char, std::char_traits<char>, std::allocator<char> >)::{lambda()#1}>::_M_manager(std::_Any_data&, std::_Any_data const&, std::_Manager_operation)
calls=6 0 
0 1646
cfn=(5296) std::_Function_handler<std::__cxx11::basic_string<char, std::char_traits<char>, std::allocator<char> > (), CLI::Validator::Validator(std::__cxx11::basic_string<char, std::char_traits<char>, std::allocator<char> >)::{lambda()#1}>::_M_manager(std::_Any_data&, std::_Any_data const&, std::_Manager_operation)
calls=20 0 
0 3082
0 401
cob=(7)
cfi=(7)
cfn=(5084)
calls=27 0 
0 2204
0 27
0 506
cfn=(5940) std::_Function_handler<std::__cxx11::basic_string<char, std::char_traits<char>, std::allocator<char> > (), CLI::App::add_option<std::__cxx11::basic_string<char, std::char_traits<char>, std::allocator<char> >, std::__cxx11::basic_string<char, std::char_traits<char>, std::allocator<char> >, (CLI::detail::enabler)0>(std::__cxx11::basic_string<char, std::char_traits<char>, std::allocator<char> >, std::__cxx11::basic_string<char, std::char_traits<char>, std::allocator<char> >&, std::__cxx11::basic_string<char, std::char_traits<char>, std::allocator<char> >)::{lambda()#1}>::_M_manager(std::_Any_data&, std::_Any_data const&, std::_Manager_operation)
calls=5 0 
0 40
cfn=(5330) std::_Function_handler<std::__cxx11::basic_string<char, std::char_traits<char>, std::allocator<char> > (), CLI::App::add_option<double, double, (CLI::detail::enabler)0>(std::__cxx11::basic_string<char, std::char_traits<char>, std::allocator<char> >, double&, std::__cxx11::basic_string<char, std::char_traits<char>, std::allocator<char> >)::{lambda()#1}>::_M_manager(std::_Any_data&, std::_Any_data const&, std::_Manager_operation)
calls=26 0 
0 208
cfn=(5166) std::_Function_handler<std::__cxx11::basic_string<char, std::char_traits<char>, std::allocator<char> > (), CLI::App::add_option<unsigned long, unsigned long, (CLI::detail::enabler)0>(std::__cxx11::basic_string<char, std::char_traits<char>, std::allocator<char> >, unsigned long&, std::__cxx11::basic_string<char, std::char_traits<char>, std::allocator<char> >)::{lambda()#1}>::_M_manager(std::_Any_data&, std::_Any_data const&, std::_Manager_operation)
calls=16 0 
0 128
0 742
cfn=(6822) std::_Function_handler<std::__cxx11::basic_string<char, std::char_traits<char>, std::allocator<char> > (), CLI::Option::type_name(std::__cxx11::basic_string<char, std::char_traits<char>, std::allocator<char> >)::{lambda()#1}>::_M_manager(std::_Any_data&, std::_Any_data const&, std::_Manager_operation)
calls=47 0 
0 7601
cfn=(5144) std::_Function_handler<std::__cxx11::basic_string<char, std::char_traits<char>, std::allocator<char> > (), CLI::Option::type_name_::{lambda()#1}>::_M_manager(std::_Any_data&, std::_Any_data const&, std::_Manager_operation)
calls=59 0 
0 354
0 212
cob=(7)
cfi=(7)
cfn=(4928)
calls=106 0 
0 636
0 106
0 212
cob=(7)
cfi=(7)
cfn=(4928)
calls=106 0 
0 636
0 106
0 212
cob=(7)
cfi=(7)
cfn=(4928)
calls=106 0 
0 5570
0 106
0 212
cob=(7)
cfi=(7)
cfn=(4928)
calls=106 0 
0 636
0 106
0 212
cob=(7)
cfi=(7)
cfn=(4928)
calls=106 0 
0 636
0 106
0 212
cfn=(5114)
calls=106 0 
0 1484
0 848
cfn=(5114)
calls=106 0 
0 14111
0 212
cfn=(5114)
calls=106 0 
0 1586
0 530
cob=(7)
cfi=(7)
cfn=(4928)
calls=106 0 
0 636
0 106

fn=(5148)
0 736

fn=(5306)
0 230

fn=(5330)
0 702

fn=(5332) CLI::Option* CLI::Option::default_val<double>(double const&)
0 364
cob=(7)
cfi=(7)
cfn=(5174)
calls=26 0 
0 15366
0 26
0 78
cob=(7)
cfi=(7)
cfn=(5338)
calls=25 0 
0 48523
cob=(1)
cfi=(1)
cfn=(4840)
calls=1 0 
0 2779
0 30
0 78
cob=(7)
cfi=(7)
cfn=(5212) std::__cxx11::basic_stringbuf<char, std::char_traits<char>, std::allocator<char> >::str() const &
calls=26 0 
0 1326
0 26
0 78
cob=(7)
cfi=(7)
cfn=(5218)
calls=26 0 
0 2054
0 26
0 364
cfn=(4896)
calls=26 0 
0 906
0 104
cfn=(5226) CLI::Option::_add_result(std::__cxx11::basic_string<char, std::char_traits<char>, std::allocator<char> >&&, std::vector<std::__cxx11::basic_string<char, std::char_traits<char>, std::allocator<char> >, std::allocator<std::__cxx11::basic_string<char, std::char_traits<char>, std::allocator<char> > > >&) const
calls=26 0 
0 4442
0 78
cob=(7)
cfi=(7)
cfn=(4928)
calls=26 0 
0 156
0 26
0 468
cfn=(5114)
calls=26 0 
0 1690
0 78
cfn=(5108)
calls=26 0 
0 1003
0 52
cfn=(5114)
calls=26 0 
0 364
0 52
cob=(7)
cfi=(7)
cfn=(4928)
calls=26 0 
0 156
0 26
0 364
cfn=(5228) CLI::Option::run_callback()
calls=26 0 
0 16525
0 52

fn=(5942) CLI::Option* CLI::Option::default_val<std::__cxx11::basic_string<char, std::char_traits<char>, std::allocator<char> > >(std::__cxx11::basic_string<char, std::char_traits<char>, std::allocator<char> > const&)
0 36
cfn=(4896)
calls=2 0 
0 51
0 30
cfn=(4896)
calls=2 0 
0 51
0 8
cfn=(5226)
calls=2 0 
0 338
0 6
cob=(7)
cfi=(7)
cfn=(4928)
calls=2 0 
0 12
0 2
0 36
cfn=(5114)
calls=2 0 
0 130
0 6
cfn=(5108)
calls=2 0 
0 70
0 4
cfn=(5114)
calls=2 0 
0 28
0 4
cob=(7)
cfi=(7)
cfn=(4928)
calls=2 0 
0 12
0 2
0 28
cfn=(5228)
calls=2 0 
0 441
0 4

fn=(6718) CLI::App::_parse_positional(std::vector<std::__cxx11::basic_string<char, std::char_traits<char>, std::allocator<char> >, std::allocator<std::__cxx11::basic_string<char, std::char_traits<char>, std::allocator<char> > > >&, bool)
0 378
cfn=(5234) std::enable_if<std::is_integral<int>::value, bool>::type CLI::detail::checked_multiply<int>(int&, int)
calls=3 0 
0 33
0 76
cfn=(4896)
calls=2 0 
0 165
0 8
cfn=(5226)
calls=2 0 
0 306
0 6
cob=(7)
cfi=(7)
cfn=(4928)
calls=2 0 
0 12
0 2
0 12
cob=(7)
cfi=(7)
cfn=(4928)
calls=2 0 
0 84
0 2
0 359
cob=(7)
cfi=(7)
cfn=(4902)
calls=2 0 
0 80
0 2
0 17
cob=(2)
cfi=(2)
cfn=(4884)
calls=1 0 
0 13
0 1
0 12
cob=(7)
cfi=(7)
cfn=(5084)
calls=1 0 
0 37
0 1
0 12

fn=(6724) CLI::App::_process_config_file()
0 14

fn=(12616) write_draws(std::__cxx11::basic_string<char, std::char_traits<char>, std::allocator<char> > const&, std::vector<std::__cxx11::basic_string<char, std::char_traits<char>, std::allocator<char> >, std::allocator<std::__cxx11::basic_string<char, std::char_traits<char>, std::allocator<char> > > > const&, Eigen::Matrix<double, -1, -1, 0, -1, -1> const&)
0 21
cob=(1)
cfi=(1)
cfn=(4840)
calls=1 0 
0 752
0 5
0 16
cob=(1)
cfi=(1)
cfn=(4840)
calls=1 0 
0 1204
0 5
0 6
cob=(1)
cfi=(1)
cfn=(4840)
calls=1 0 
0 986
0 5
0 3
cob=(7)
cfi=(7)
cfn=(4472)
calls=1 0 
0 147
0 1
0 4
cob=(1)
cfi=(1)
cfn=(4840)
calls=1 0 
0 1795
0 5
0 7
cob=(1)
cfi=(1)
cfn=(4840)
calls=1 0 
0 978
0 5
0 10
cob=(7)
cfi=(7)
cfn=(6032)
calls=1 0 
0 236
0 1
0 49164
cob=(7)
cfi=(7)
cfn=(6646)
calls=5462 0 
0 1048851
0 5462
0 38234
cob=(7)
cfi=(7)
cfn=(6032)
calls=5462 0 
0 865331
0 5462
0 5465
cob=(7)
cfi=(7)
cfn=(6646)
calls=1 0 
0 192
0 1
0 4
cfn=(4870)
calls=1 0 
0 43
0 4
cfn=(4870)
calls=1 0 
0 43
0 4
cfn=(4870)
calls=1 0 
0 43
0 4
cfn=(4870)
calls=1 0 
0 43
0 4
cfn=(4870)
calls=1 0 
0 44
0 4
cfn=(4870)
calls=1 0 
0 44
0 6
cfn=(4896)
calls=1 0 
0 18
0 6
cfn=(4896)
calls=1 0 
0 18
0 6
cfn=(4896)
calls=1 0 
0 18
0 6
cfn=(4896)
calls=1 0 
0 18
0 6
cfn=(4896)
calls=1 0 
0 36
0 4
cfn=(4870)
calls=1 0 
0 43
0 6
cfn=(4896)
calls=1 0 
0 36
0 5
cob=(7)
cfi=(7)
cfn=(4928)
calls=1 0 
0 6
0 1
0 2
cob=(7)
cfi=(7)
cfn=(4928)
calls=1 0 
0 6
0 1
0 2
cob=(7)
cfi=(7)
cfn=(4928)
calls=1 0 
0 6
0 1
0 2
cob=(7)
cfi=(7)
cfn=(4928)
calls=1 0 
0 6
0 1
0 2
cob=(7)
cfi=(7)
cfn=(4928)
calls=1 0 
0 6
0 1
0 2
cob=(7)
cfi=(7)
cfn=(4928)
calls=1 0 
0 6
0 1
0 7
cfn=(4896)
calls=1 0 
0 18
0 6
cfn=(4896)
calls=1 0 
0 18
0 6
cfn=(4896)
calls=1 0 
0 18
0 6
cfn=(4896)
calls=1 0 
0 18
0 6
cfn=(4896)
calls=1 0 
0 36
0 6
cfn=(4896)
calls=1 0 
0 18
0 6
cfn=(4896)
calls=1 0 
0 36
0 10
cfn=(12552) Eigen::IOFormat::~IOFormat()
calls=1 0 
0 32
0 2
cob=(1)
cfi=(1)
cfn=(4840)
calls=1 0 
0 1672
0 5
0 9
cfn=(12552)
calls=1 0 
0 32
0 6
cob=(7)
cfi=(7)
cfn=(10612)
calls=1 0 
0 19
0 1
0 2
cob=(1)
cfi=(1)
cfn=(4840)
calls=1 0 
0 776
0 5
0 4
cob=(7)
cfi=(7)
cfn=(4478)
calls=1 0 
0 6
0 1
0 9
cob=(1)
cfi=(1)
cfn=(4840)
calls=1 0 
0 747
0 5
0 20
cob=(2)
cfi=(2)
cfn=(4582)
calls=1 0 
0 299
0 1
0 16
cob=(2)
cfi=(2)
cfn=(4884)
calls=1 0 
0 240519
0 1
0 36
cob=(7)
cfi=(7)
cfn=(6032)
calls=1 0 
0 118
0 1
0 13
cob=(7)
cfi=(7)
cfn=(6032)
calls=1 0 
0 118
0 1
0 147
cob=(7)
cfi=(7)
cfn=(6032)
calls=49 0 
0 5782
0 49
0 150
cob=(7)
cfi=(7)
cfn=(5338)
calls=50 0 
0 115658
0 50
0 450
cob=(7)
cfi=(7)
cfn=(6032)
calls=50 0 
0 8050
0 50
0 1092200
cob=(7)
cfi=(7)
cfn=(6032)
calls=273050 0 
0 43962618
0 273050
0 819300
cob=(7)
cfi=(7)
cfn=(5338)
calls=273100 0 
0 649583472
0 273100
0 819500
cob=(7)
cfi=(7)
cfn=(6032)
calls=50 0 
0 5900
0 50
0 296
cob=(7)
cfi=(7)
cfn=(6032)
calls=49 0 
0 7889
0 49
0 395
cob=(7)
cfi=(7)
cfn=(6032)
calls=49 0 
0 5782
0 49
0 102
cob=(7)
cfi=(7)
cfn=(6032)
calls=1 0 
0 118
0 1
0 10
cob=(2)
cfi=(2)
cfn=(4266)
calls=1 0 
0 81
0 1
0 5

fn=(10856) walnutpie::DynamicStanModel::make_rng(unsigned int) const
0 22
cob=(12)
cfi=(24)
cfn=(10858)
calls=2 0 
0 496302
0 26

fn=(11256) std::vector<Eigen::Matrix<double, -1, 1, 0, -1, 1>, std::allocator<Eigen::Matrix<double, -1, 1, 0, -1, 1> > >::~vector()
0 42

fn=(11688) walnutpie::detail::OnlineMoments::OnlineMoments(double, Eigen::Matrix<double, -1, 1, 0, -1, 1> const&, Eigen::Matrix<double, -1, 1, 0, -1, 1> const&)
0 114
cfn=(11678) Eigen::internal::DenseStorage_impl<double, -1, -1, 1, 0>::DenseStorage_impl(Eigen::internal::DenseStorage_impl<double, -1, -1, 1, 0> const&)
calls=6 0 
0 4540
0 102
cfn=(4870)
calls=6 0 
0 378
0 18
cfn=(11690) void walnutpie::detail::validate_positive<double>(double, std::__cxx11::basic_string<char, std::char_traits<char>, std::allocator<char> > const&)
calls=6 0 
0 90
0 12
cob=(7)
cfi=(7)
cfn=(4928)
calls=6 0 
0 36
0 6
0 24
cfn=(4870)
calls=6 0 
0 378
0 24
cfn=(4870)
calls=6 0 
0 378
0 30
cob=(7)
cfi=(7)
cfn=(4928)
calls=6 0 
0 36
0 6
0 12
cob=(7)
cfi=(7)
cfn=(4928)
calls=6 0 
0 36
0 6
0 84
cfn=(11222) Eigen::internal::DenseStorage_impl<double, -1, -1, 1, 0>::resize(long, long, long) [clone .isra.0]
calls=6 0 
0 1621
0 8010
cfn=(11222)
calls=6 0 
0 1657
0 7986

fn=(11716) std::mersenne_twister_engine<unsigned long, 64ul, 312ul, 156ul, 31ul, 13043109905998158313ul, 29ul, 6148914691236517205ul, 17ul, 8202884508482404352ul, 37ul, 18444473444759240704ul, 43ul, 6364136223846793005ul>::_M_gen_rand()
0 1064488

fn=(12418) void Eigen::internal::call_dense_assignment_loop<Eigen::Matrix<double, -1, 1, 0, -1, 1>, Eigen::CwiseUnaryOp<Eigen::internal::scalar_opposite_op<double>, Eigen::Matrix<double, -1, 1, 0, -1, 1> const>, Eigen::internal::assign_op<double, double> >(Eigen::Matrix<double, -1, 1, 0, -1, 1>&, Eigen::CwiseUnaryOp<Eigen::internal::scalar_opposite_op<double>, Eigen::Matrix<double, -1, 1, 0, -1, 1> const> const&, Eigen::internal::assign_op<double, double> const&) [clone .isra.0]
0 710752

fn=(12510) Eigen::PlainObjectBase<Eigen::Matrix<double, -1, 1, 0, -1, 1> >::PlainObjectBase<Eigen::CwiseUnaryOp<Eigen::internal::scalar_inverse_op<double>, Eigen::Matrix<double, -1, 1, 0, -1, 1> const> >(Eigen::DenseBase<Eigen::CwiseUnaryOp<Eigen::internal::scalar_inverse_op<double>, Eigen::Matrix<double, -1, 1, 0, -1, 1> const> > const&)
0 38
cob=(2)
cfi=(2)
cfn=(4582)
calls=2 0 
0 335
0 2
0 18
cfn=(12392) void Eigen::internal::call_dense_assignment_loop<Eigen::Matrix<double, -1, 1, 0, -1, 1>, Eigen::CwiseUnaryOp<Eigen::internal::scalar_inverse_op<double>, Eigen::Matrix<double, -1, 1, 0, -1, 1> const>, Eigen::internal::assign_op<double, double> >(Eigen::Matrix<double, -1, 1, 0, -1, 1>&, Eigen::CwiseUnaryOp<Eigen::internal::scalar_inverse_op<double>, Eigen::Matrix<double, -1, 1, 0, -1, 1> const> const&, Eigen::internal::assign_op<double, double> const&) [clone .isra.0]
calls=2 0 
0 2672
0 14

fn=(12514) void walnutpie::detail::validate_positive<double, -1, 1>(Eigen::Matrix<double, -1, 1, ((Eigen::StorageOptions)0)|((((-1)==(1))&&((1)!=(1)))?((Eigen::StorageOptions)1) : ((((1)==(1))&&((-1)!=(1)))?((Eigen::StorageOptions)0) : ((Eigen::StorageOptions)0))), -1, 1> const&, std::__cxx11::basic_string<char, std::char_traits<char>, std::allocator<char> > const&)
0 5279

fn=(13262) std::_Function_handler<std::__cxx11::basic_string<char, std::char_traits<char>, std::allocator<char> > (std::__cxx11::basic_string<char, std::char_traits<char>, std::allocator<char> >&), CLI::detail::ExistingPathValidator::ExistingPathValidator()::{lambda(std::__cxx11::basic_string<char, std::char_traits<char>, std::allocator<char> >&)#1}>::_M_manager(std::_Any_data&, std::_Any_data const&, std::_Manager_operation)
0 6

fn=(13264) CLI::detail::ExistingDirectoryValidator::~ExistingDirectoryValidator()
0 13
cfn=(13266) std::_Function_handler<std::__cxx11::basic_string<char, std::char_traits<char>, std::allocator<char> > (std::__cxx11::basic_string<char, std::char_traits<char>, std::allocator<char> >&), CLI::detail::ExistingDirectoryValidator::ExistingDirectoryValidator()::{lambda(std::__cxx11::basic_string<char, std::char_traits<char>, std::allocator<char> >&)#1}>::_M_manager(std::_Any_data&, std::_Any_data const&, std::_Manager_operation)
calls=1 0 
0 6
0 7
cfn=(5296)
calls=1 0 
0 166
0 2

fn=(4894)
0 72
cfn=(4896)
calls=6 0 
0 363
0 36
cob=(7)
cfi=(7)
cfn=(4902)
calls=5 0 
0 742
cob=(1)
cfi=(1)
cfn=(4840)
calls=1 0 
0 795
0 10
0 290

fn=(4976)
0 140
cfn=(4896)
calls=7 0 
0 152
0 35
cfn=(4896)
calls=7 0 
0 152
0 42
cob=(7)
cfi=(7)
cfn=(4902)
calls=7 0 
0 560
0 7
0 234
cob=(7)
cfi=(7)
cfn=(5174)
calls=5 0 
0 2955
0 5
0 20
cob=(7)
cfi=(7)
cfn=(6032)
calls=4 0 
0 820
cob=(1)
cfi=(1)
cfn=(4840)
calls=1 0 
0 1275
0 9
0 20
cob=(7)
cfi=(7)
cfn=(6032)
calls=5 0 
0 605
0 5
0 15
cob=(7)
cfi=(7)
cfn=(5338)
calls=5 0 
0 17878
0 5
0 25
cob=(7)
cfi=(7)
cfn=(6032)
calls=5 0 
0 620
0 5
0 15
cob=(7)
cfi=(7)
cfn=(5338)
calls=5 0 
0 14168
0 5
0 20
cob=(7)
cfi=(7)
cfn=(6032)
calls=5 0 
0 610
0 5
0 15
cob=(7)
cfi=(7)
cfn=(5212)
calls=5 0 
0 545
0 5
0 30
cfn=(4896)
calls=5 0 
0 809
0 30
cob=(7)
cfi=(7)
cfn=(4902)
calls=5 0 
0 609
0 5
0 20
cob=(7)
cfi=(7)
cfn=(4974)
calls=5 0 
0 80
0 5
0 95
cfn=(5296)
calls=5 0 
0 330
0 10
cob=(7)
cfi=(7)
cfn=(4928)
calls=5 0 
0 30
0 5
0 10
cob=(7)
cfi=(7)
cfn=(4928)
calls=5 0 
0 210
0 5
0 10
cob=(7)
cfi=(7)
cfn=(5218)
calls=5 0 
0 575
0 5
0 140
cfn=(4930)
calls=7 0 
0 42
0 192

fn=(5162) CLI::Option::check_lname(std::__cxx11::basic_string<char, std::char_traits<char>, std::allocator<char> >) const
0 23590
cfn=(5112) std::vector<std::__cxx11::basic_string<char, std::char_traits<char>, std::allocator<char> >, std::allocator<std::__cxx11::basic_string<char, std::char_traits<char>, std::allocator<char> > > >::vector(std::vector<std::__cxx11::basic_string<char, std::char_traits<char>, std::allocator<char> >, std::allocator<std::__cxx11::basic_string<char, std::char_traits<char>, std::allocator<char> > > > const&)
calls=1685 0 
0 213859
0 15990
cfn=(5160) CLI::detail::find_member(std::__cxx11::basic_string<char, std::char_traits<char>, std::allocator<char> >, std::vector<std::__cxx11::basic_string<char, std::char_traits<char>, std::allocator<char> >, std::allocator<std::__cxx11::basic_string<char, std::char_traits<char>, std::allocator<char> > > >, bool, bool)
calls=490 0 
0 24654
0 10755
cfn=(5160)
calls=1195 0 
0 60358
0 8210
cob=(7)
cfi=(7)
cfn=(5084)
calls=490 0 
0 18130
0 490
0 20137
cob=(7)
cfi=(7)
cfn=(5084)
calls=779 0 
0 28823
0 779
0 17800
cob=(7)
cfi=(7)
cfn=(5084)
calls=1580 0 
0 58460
0 1580
0 93421

fn=(5236) std::_Function_handler<bool (std::vector<std::__cxx11::basic_string<char, std::char_traits<char>, std::allocator<char> >, std::allocator<std::__cxx11::basic_string<char, std::char_traits<char>, std::allocator<char> > > > const&), CLI::App::add_option<unsigned long, unsigned long, (CLI::detail::enabler)0>(std::__cxx11::basic_string<char, std::char_traits<char>, std::allocator<char> >, unsigned long&, std::__cxx11::basic_string<char, std::char_traits<char>, std::allocator<char> >)::{lambda(std::vector<std::__cxx11::basic_string<char, std::char_traits<char>, std::allocator<char> >, std::allocator<std::__cxx11::basic_string<char, std::char_traits<char>, std::allocator<char> > > > const&)#1}>::_M_invoke(std::_Any_data const&, std::vector<std::__cxx11::basic_string<char, std::char_traits<char>, std::allocator<char> >, std::allocator<std::__cxx11::basic_string<char, std::char_traits<char>, std::allocator<char> > > > const&)
0 120
cfn=(5238) bool CLI::detail::integral_conversion<unsigned long, (CLI::detail::enabler)0>(std::__cxx11::basic_string<char, std::char_traits<char>, std::allocator<char> > const&, unsigned long&)
calls=20 0 
0 5445

fn=(5238)
0 340
cob=(2)
cfi=(2)
cfn=(5244)
calls=19 0 
0 76
cob=(1)
cfi=(1)
cfn=(4840)
calls=1 0 
0 864
0 24
0 120
cob=(2)
cfi=(2)
cfn=(5250) __isoc23_strtoul
calls=19 0 
0 2574
cob=(1)
cfi=(1)
cfn=(4840)
calls=1 0 
0 1063
0 24
0 360

fn=(6694) CLI::App::_trigger_pre_parse(unsigned long)
0 16

fn=(6700) CLI::App::_find_subcommand(std::__cxx11::basic_string<char, std::char_traits<char>, std::allocator<char> > const&, bool, bool) const [clone .constprop.0]
0 150

fn=(6704) std::__cxx11::basic_string<char, std::char_traits<char>, std::allocator<char> >::compare(unsigned long, unsigned long, char const*) const [clone .isra.0]
0 224
cob=(2)
cfi=(2)
cfn=(4318)
calls=14 0 
0 196
0 14
0 126
cob=(2)
cfi=(2)
cfn=(4324)
calls=14 0 
0 278
0 14
0 196

fn=(6728) CLI::App::_process_callbacks()
0 34
cfn=(5228)
calls=8 0 
0 14133
0 475

fn=(6736) std::_Function_handler<std::__cxx11::basic_string<char, std::char_traits<char>, std::allocator<char> > (std::__cxx11::basic_string<char, std::char_traits<char>, std::allocator<char> >&), CLI::detail::ExistingFileValidator::ExistingFileValidator()::{lambda(std::__cxx11::basic_string<char, std::char_traits<char>, std::allocator<char> >&)#1}>::_M_invoke(std::_Any_data const&, std::__cxx11::basic_string<char, std::char_traits<char>, std::allocator<char> >&)
0 18
cfn=(6738) CLI::detail::check_path(char const*)
calls=2 0 
0 7061
0 32

fn=(6816) std::_Sp_counted_ptr<CLI::Formatter*, (__gnu_cxx::_Lock_policy)2>::_M_dispose()
0 5
cfn=(6818) CLI::Formatter::~Formatter()
calls=1 0 
0 53

fn=(11222)
0 40705
cob=(2)
cfi=(2)
cfn=(4582)
calls=2393 0 
0 665599
cob=(1)
cfi=(1)
cfn=(4840)
calls=1 0 
0 1235
0 2398
0 19157

fn=(11250) void walnutpie::detail::validate_size<double, -1, 1>(Eigen::Matrix<double, -1, 1, ((Eigen::StorageOptions)0)|((((-1)==(1))&&((1)!=(1)))?((Eigen::StorageOptions)1) : ((((1)==(1))&&((-1)!=(1)))?((Eigen::StorageOptions)0) : ((Eigen::StorageOptions)0))), -1, 1> const&, unsigned long, std::__cxx11::basic_string<char, std::char_traits<char>, std::allocator<char> > const&, std::__cxx11::basic_string<char, std::char_traits<char>, std::allocator<char> > const&)
0 11

fn=(11252) std::vector<Eigen::Matrix<double, -1, 1, 0, -1, 1>, std::allocator<Eigen::Matrix<double, -1, 1, 0, -1, 1> > >::vector(unsigned long, Eigen::Matrix<double, -1, 1, 0, -1, 1> const&, std::allocator<Eigen::Matrix<double, -1, 1, 0, -1, 1> > const&)
0 20
cob=(7)
cfi=(7)
cfn=(4902)
calls=1 0 
0 42
0 1
0 15
cob=(2)
cfi=(2)
cfn=(4582)
calls=1 0 
0 186
0 1
0 9
cob=(2)
cfi=(2)
cfn=(4884)
calls=1 0 
0 365
0 1
0 18

fn=(11262) main::{lambda()#2}::operator()() const
0 21
cfn=(5102) bool std::operator==<char, std::char_traits<char>, std::allocator<char> >(std::__cxx11::basic_string<char, std::char_traits<char>, std::allocator<char> > const&, char const*)
calls=1 0 
0 59
0 59
cfn=(11264) StanHandler run_walnuts<walnutpie::detail::Adam>(walnutpie::DynamicStanModel&, unsigned int, walnutpie::InitConfigBuilder&, unsigned long, unsigned long, bool, walnutpie::WarmupConfig&, walnutpie::SamplingConfig&, double, bool, double)
calls=1 0 
0 22950975449
0 2

fn=(11264)
0 46
cob=(7)
cfi=(7)
cfn=(5000) std::chrono::_V2::system_clock::now()
calls=1 0 
0 25
0 1
0 12
cfn=(11266) StanHandler::StanHandler(walnutpie::DynamicStanModel&, unsigned int, unsigned long, unsigned long, bool)
calls=1 0 
0 240826
0 10
cfn=(4870)
calls=1 0 
0 63
0 3
cfn=(10852) void walnutpie::detail::validate_probability<double>(double, std::__cxx11::basic_string<char, std::char_traits<char>, std::allocator<char> > const&)
calls=1 0 
0 15
0 2
cob=(7)
cfi=(7)
cfn=(4928)
calls=1 0 
0 6
0 1
0 5
cfn=(11286) std::vector<Eigen::Matrix<double, -1, 1, 0, -1, 1>, std::allocator<Eigen::Matrix<double, -1, 1, 0, -1, 1> > >::resize(unsigned long)
calls=1 0 
0 21
0 17
cob=(7)
cfi=(7)
cfn=(5000)
calls=1 0 
0 25
0 1
0 6
cfn=(11288) void walnutpie::DynamicStanModel::logp_grad<Eigen::Matrix<double, -1, 1, 0, -1, 1> >(Eigen::Matrix<double, -1, 1, 0, -1, 1> const&, double&, Eigen::Matrix<double, -1, 1, 0, -1, 1>&) const
calls=1 0 
0 4204272
0 1
cob=(7)
cfi=(7)
cfn=(5000)
calls=1 0 
0 25
0 1
0 26
cfn=(11674) void Eigen::internal::call_dense_assignment_loop<Eigen::Matrix<double, -1, 1, 0, -1, 1>, Eigen::CwiseBinaryOp<Eigen::internal::scalar_sum_op<double, double>, Eigen::CwiseBinaryOp<Eigen::internal::scalar_product_op<double, double>, Eigen::CwiseNullaryOp<Eigen::internal::scalar_constant_op<double>, Eigen::Array<double, -1, 1, 0, -1, 1> const> const, Eigen::CwiseUnaryOp<Eigen::internal::scalar_abs_op<double>, Eigen::ArrayWrapper<Eigen::Matrix<double, -1, 1, 0, -1, 1> > const> const> const, Eigen::CwiseNullaryOp<Eigen::internal::scalar_constant_op<double>, Eigen::Array<double, -1, 1, 0, -1, 1> const> const>, Eigen::internal::assign_op<double, double> >(Eigen::Matrix<double, -1, 1, 0, -1, 1>&, Eigen::CwiseBinaryOp<Eigen::internal::scalar_sum_op<double, double>, Eigen::CwiseBinaryOp<Eigen::internal::scalar_product_op<double, double>, Eigen::CwiseNullaryOp<Eigen::internal::scalar_constant_op<double>, Eigen::Array<double, -1, 1, 0, -1, 1> const> const, Eigen::CwiseUnaryOp<Eigen::internal::scalar_abs_op<double>, Eigen::ArrayWrapper<Eigen::Matrix<double, -1, 1, 0, -1, 1> > const> const> const, Eigen::CwiseNullaryOp<Eigen::internal::scalar_constant_op<double>, Eigen::Array<double, -1, 1, 0, -1, 1> const> const> const&, Eigen::internal::assign_op<double, double> const&)
calls=1 0 
0 1783
0 7
cob=(2)
cfi=(2)
cfn=(4266)
calls=1 0 
0 90
0 1
0 24
cfn=(11676) walnutpie::InitChainConfig::InitChainConfig(double, Eigen::Matrix<double, -1, 1, 0, -1, 1> const&, Eigen::Matrix<double, -1, 1, 0, -1, 1> const&)
calls=1 0 
0 1196
0 3152
cfn=(11678)
calls=1 0 
0 736
0 8
cfn=(11678)
calls=1 0 
0 767
0 14
cob=(1)
cfi=(1)
cfn=(4840)
calls=1 0 
0 667
0 5
0 21
cfn=(11684) walnutpie::detail::MassEstimator::MassEstimator(walnutpie::WarmupConfig const&, walnutpie::InitChainConfig const&)
calls=1 0 
0 17500
0 13
cfn=(12476) run_walnuts<walnutpie::detail::Adam>(walnutpie::DynamicStanModel&, unsigned int, walnutpie::InitConfigBuilder&, unsigned long, unsigned long, bool, walnutpie::WarmupConfig&, walnutpie::SamplingConfig&, double, bool, double)::{lambda()#1}::operator()() const
calls=1 0 
0 14381
0 7
cfn=(12510)
calls=1 0 
0 1588
0 7
cob=(2)
cfi=(2)
cfn=(4266)
calls=1 0 
0 90
0 1
0 10
cob=(6)
cfi=(6)
cfn=(11704)
calls=1 0 
0 18
0 1
0 10
cob=(6)
cfi=(6)
cfn=(11314)
calls=1 0 
0 36
0 1
0 5
cfn=(12510)
calls=1 0 
0 1491
0 16
cfn=(11678)
calls=1 0 
0 542
0 3
cfn=(11678)
calls=1 0 
0 548
0 4
cfn=(12512) Eigen::Matrix<double, -1, 1, 0, -1, 1>::Matrix<Eigen::MatrixWrapper<Eigen::CwiseUnaryOp<Eigen::internal::scalar_inverse_op<double>, Eigen::CwiseUnaryOp<Eigen::internal::scalar_sqrt_op<double>, Eigen::ArrayWrapper<Eigen::Matrix<double, -1, 1, 0, -1, 1> const> const> const> const> >(Eigen::MatrixWrapper<Eigen::CwiseUnaryOp<Eigen::internal::scalar_inverse_op<double>, Eigen::CwiseUnaryOp<Eigen::internal::scalar_sqrt_op<double>, Eigen::ArrayWrapper<Eigen::Matrix<double, -1, 1, 0, -1, 1> const> const> const> const> const&)
calls=1 0 
0 1835
0 20
cfn=(4870)
calls=1 0 
0 63
0 3
cfn=(12514)
calls=1 0 
0 5279
0 2
cob=(7)
cfi=(7)
cfn=(4928)
calls=1 0 
0 6
0 1
0 4
cfn=(4870)
calls=1 0 
0 63
0 3
cfn=(11690)
calls=1 0 
0 15
0 2
cob=(7)
cfi=(7)
cfn=(4928)
calls=1 0 
0 6
0 1
0 4
cfn=(4870)
calls=1 0 
0 63
0 3
cfn=(10854) void walnutpie::detail::validate_positive<unsigned long>(unsigned long, std::__cxx11::basic_string<char, std::char_traits<char>, std::allocator<char> > const&)
calls=1 0 
0 11
0 2
cob=(7)
cfi=(7)
cfn=(4928)
calls=1 0 
0 6
0 1
0 5
cfn=(4870)
calls=1 0 
0 105
0 3
cfn=(10854)
calls=1 0 
0 11
0 2
cob=(7)
cfi=(7)
cfn=(4928)
calls=1 0 
0 42
0 1
0 4
cfn=(4870)
calls=1 0 
0 63
0 3
cfn=(10854)
calls=1 0 
0 11
0 2
cob=(7)
cfi=(7)
cfn=(4928)
calls=1 0 
0 6
0 1
0 4
cfn=(4870)
calls=1 0 
0 63
0 3
cfn=(11690)
calls=1 0 
0 15
0 2
cob=(7)
cfi=(7)
cfn=(4928)
calls=1 0 
0 6
0 1
0 4
cob=(2)
cfi=(2)
cfn=(4266)
calls=1 0 
0 90
0 1
0 7
cfn=(11678)
calls=1 0 
0 579
0 13
cob=(7)
cfi=(7)
cfn=(6032)
calls=1 0 
0 206
0 1
0 2
cfn=(12366) std::basic_ostream<char, std::char_traits<char> >& std::endl<char, std::char_traits<char> >(std::basic_ostream<char, std::char_traits<char> >&) [clone .isra.0]
calls=1 0 
0 337
0 4
cob=(7)
cfi=(7)
cfn=(6032)
calls=1 0 
0 225
0 1
0 2
cfn=(12366)
calls=1 0 
0 337
0 4
cob=(7)
cfi=(7)
cfn=(6032)
calls=1 0 
0 208
0 1
0 3
cob=(7)
cfi=(7)
cfn=(5338)
calls=1 0 
0 1973
0 1
0 2
cfn=(12366)
calls=1 0 
0 337
0 4
cob=(7)
cfi=(7)
cfn=(6032)
calls=1 0 
0 206
0 1
0 2
cfn=(12516) std::ostream& Eigen::operator<< <Eigen::Matrix<double, -1, 1, 0, -1, 1> >(std::ostream&, Eigen::DenseBase<Eigen::Matrix<double, -1, 1, 0, -1, 1> > const&) [clone .constprop.0]
calls=1 0 
0 2571164
0 5
cob=(7)
cfi=(7)
cfn=(6032)
calls=1 0 
0 211
0 1
0 2
cfn=(12366)
calls=1 0 
0 337
0 3
cob=(7)
cfi=(7)
cfn=(5000)
calls=1 0 
0 25
0 1
0 504
cfn=(12560) StanHandler::on_sample(Eigen::Matrix<double, -1, 1, 0, -1, 1> const&, double) [clone .isra.0]
calls=50 0 
0 65799449
0 250
cob=(2)
cfi=(2)
cfn=(4266)
calls=50 0 
0 5889
0 50
0 102
cfn=(12476)
calls=1 0 
0 13369
0 4
cob=(2)
cfi=(2)
cfn=(4266)
calls=1 0 
0 90
0 1
0 2
cfn=(12592) walnutpie::detail::LowRankMass::~LowRankMass()
calls=1 0 
0 13
0 4
cob=(2)
cfi=(2)
cfn=(4266)
calls=1 0 
0 114
0 1
0 4
cob=(2)
cfi=(2)
cfn=(4266)
calls=1 0 
0 90
0 1
0 4
cob=(2)
cfi=(2)
cfn=(4266)
calls=1 0 
0 90
0 1
0 2
cfn=(12594) walnutpie::detail::MassEstimator::~MassEstimator()
calls=1 0 
0 1008
0 4
cob=(2)
cfi=(2)
cfn=(4266)
calls=1 0 
0 144
0 1
0 4
cob=(2)
cfi=(2)
cfn=(4266)
calls=1 0 
0 144
0 1
0 4
cob=(2)
cfi=(2)
cfn=(4266)
calls=1 0 
0 155
0 1
0 2
cfn=(12596) walnutpie::InitChainConfig::~InitChainConfig()
calls=1 0 
0 195
0 2
cfn=(12598) walnutpie::InitConfig::~InitConfig()
calls=1 0 
0 475
0 1212
cfn=(12554) Eigen::Matrix<double, -1, 1, 0, -1, 1> walnutpie::detail::transition_w<walnutpie::detail::NoExceptLogpGrad<run_walnuts<walnutpie::detail::Adam>(walnutpie::DynamicStanModel&, unsigned int, walnutpie::InitConfigBuilder&, unsigned long, unsigned long, bool, walnutpie::WarmupConfig&, walnutpie::SamplingConfig&, double, bool, double)::{lambda((auto:1&&)...)#1}, StanHandler>, walnutpie::detail::Random<std::mersenne_twister_engine<unsigned long, 64ul, 312ul, 156ul, 31ul, 13043109905998158313ul, 29ul, 6148914691236517205ul, 17ul, 8202884508482404352ul, 37ul, 18444473444759240704ul, 43ul, 6364136223846793005ul> >, walnutpie::detail::NoOpStepSizeAdapter const>(walnutpie::detail::Random<std::mersenne_twister_engine<unsigned long, 64ul, 312ul, 156ul, 31ul, 13043109905998158313ul, 29ul, 6148914691236517205ul, 17ul, 8202884508482404352ul, 37ul, 18444473444759240704ul, 43ul, 6364136223846793005ul> >&, walnutpie::detail::NoExceptLogpGrad<run_walnuts<walnutpie::detail::Adam>(walnutpie::DynamicStanModel&, unsigned int, walnutpie::InitConfigBuilder&, unsigned long, unsigned long, bool, walnutpie::WarmupConfig&, walnutpie::SamplingConfig&, double, bool, double)::{lambda((auto:1&&)...)#1}, StanHandler> const&, Eigen::Matrix<double, -1, 1, 0, -1, 1> const&, Eigen::Matrix<double, -1, 1, 0, -1, 1> const&, double, unsigned long, unsigned long, unsigned long, double, Eigen::Matrix<double, -1, 1, 0, -1, 1>&&, unsigned long&, Eigen::Matrix<double, -1, 1, 0, -1, 1>&, double&, walnutpie::detail::NoOpStepSizeAdapter const&, Eigen::Matrix<double, -1, 1, 0, -1, 1> const&, double)
calls=50 0 
0 3496573882
0 506
cfn=(11692) walnutpie::AdaptiveWalnuts<run_walnuts<walnutpie::detail::Adam>(walnutpie::DynamicStanModel&, unsigned int, walnutpie::InitConfigBuilder&, unsigned long, unsigned long, bool, walnutpie::WarmupConfig&, walnutpie::SamplingConfig&, double, bool, double)::{lambda((auto:1&&)...)#1}, std::mersenne_twister_engine<unsigned long, 64ul, 312ul, 156ul, 31ul, 13043109905998158313ul, 29ul, 6148914691236517205ul, 17ul, 8202884508482404352ul, 37ul, 18444473444759240704ul, 43ul, 6364136223846793005ul>, StanHandler, walnutpie::detail::Adam>::operator()()
calls=1 0 
0 93943630
0 198
cfn=(11692)
calls=99 0 
0 19287559347
0 301

fn=(11270) Eigen::internal::DenseStorage_impl<double, -1, -1, -1, 0>::resize(long, long, long)
0 21
cob=(2)
cfi=(2)
cfn=(4582)
calls=1 0 
0 455
0 1
0 10

fn=(11674)
0 1783

fn=(11684)
0 13
cob=(2)
cfi=(2)
cfn=(4884)
calls=1 0 
0 65
0 1
0 19
cfn=(11678)
calls=1 0 
0 767
0 4
cfn=(11686) Eigen::Matrix<double, -1, 1, 0, -1, 1>::Matrix<Eigen::MatrixWrapper<Eigen::CwiseUnaryOp<Eigen::internal::scalar_inverse_op<double>, Eigen::ArrayWrapper<Eigen::Matrix<double, -1, 1, 0, -1, 1> const> const> const> >(Eigen::MatrixWrapper<Eigen::CwiseUnaryOp<Eigen::internal::scalar_inverse_op<double>, Eigen::ArrayWrapper<Eigen::Matrix<double, -1, 1, 0, -1, 1> const> const> const> const&)
calls=1 0 
0 1747
0 17
cfn=(11234) Eigen::PlainObjectBase<Eigen::Matrix<double, -1, 1, 0, -1, 1> >::PlainObjectBase<Eigen::CwiseNullaryOp<Eigen::internal::scalar_zero_op<double>, Eigen::Matrix<double, -1, 1, 0, -1, 1> > >(Eigen::DenseBase<Eigen::CwiseNullaryOp<Eigen::internal::scalar_zero_op<double>, Eigen::Matrix<double, -1, 1, 0, -1, 1> > > const&)
calls=1 0 
0 3929
0 6
cfn=(11688)
calls=1 0 
0 4501
0 31
cfn=(11222)
calls=1 0 
0 381
0 1339
cfn=(11688)
calls=1 0 
0 4456
0 29
cob=(2)
cfi=(2)
cfn=(4266)
calls=1 0 
0 90
0 1
0 13
cob=(2)
cfi=(2)
cfn=(4266)
calls=1 0 
0 90
0 1

fn=(11724) Eigen::DenseBase<Eigen::CwiseBinaryOp<Eigen::internal::scalar_product_op<double, double>, Eigen::ArrayWrapper<Eigen::Matrix<double, -1, 1, 0, -1, 1> const> const, Eigen::CwiseUnaryOp<Eigen::internal::scalar_square_op<double>, Eigen::ArrayWrapper<Eigen::Matrix<double, -1, 1, 0, -1, 1> const> const> const> >::sum() const
0 2440852

fn=(11734) void Eigen::internal::call_dense_assignment_loop<Eigen::Matrix<double, -1, 1, 0, -1, 1>, Eigen::Matrix<double, -1, 1, 0, -1, 1>, Eigen::internal::assign_op<double, double> >(Eigen::Matrix<double, -1, 1, 0, -1, 1>&, Eigen::Matrix<double, -1, 1, 0, -1, 1> const&, Eigen::internal::assign_op<double, double> const&)
0 39006
cfn=(11222)
calls=1725 0 
0 568615
0 5944785

fn=(12366)
0 1846
cob=(7)
cfi=(7)
cfn=(10690)
calls=141 0 
0 61111
cob=(1)
cfi=(1)
cfn=(4840)
calls=1 0 
0 1145
0 146
0 568
cob=(7)
cfi=(7)
cfn=(10696)
calls=141 0 
0 50067
cob=(1)
cfi=(1)
cfn=(4840)
calls=1 0 
0 1089
0 146

fn=(12388) walnutpie::detail::SpanW::~SpanW()
0 6306
cob=(2)
cfi=(2)
cfn=(4266)
calls=476 0 
0 47565
0 476
0 3824
cob=(2)
cfi=(2)
cfn=(4266)
calls=326 0 
0 32247
0 326
0 3974
cob=(2)
cfi=(2)
cfn=(4266)
calls=476 0 
0 50383
0 476
0 3974
cob=(2)
cfi=(2)
cfn=(4266)
calls=476 0 
0 50932
0 476
0 3974
cob=(2)
cfi=(2)
cfn=(4266)
calls=476 0 
0 59733
0 476
0 3974
cob=(2)
cfi=(2)
cfn=(4266)
calls=476 0 
0 49798
0 476
0 3974
cob=(2)
cfi=(2)
cfn=(4266)
calls=476 0 
0 53533
0 476
0 4450
cob=(2)
cfi=(2)
cfn=(4266)
calls=476 0 
0 59005
0 476
0 1380

fn=(12420) walnutpie::detail::SpanW::SpanW(walnutpie::detail::SpanW&&)
0 23650

fn=(12462) walnutpie::detail::SpanW walnutpie::detail::combine<(walnutpie::detail::Update)0, (walnutpie::detail::Direction)1, std::mersenne_twister_engine<unsigned long, 64ul, 312ul, 156ul, 31ul, 13043109905998158313ul, 29ul, 6148914691236517205ul, 17ul, 8202884508482404352ul, 37ul, 18444473444759240704ul, 43ul, 6364136223846793005ul> >(walnutpie::detail::Random<std::mersenne_twister_engine<unsigned long, 64ul, 312ul, 156ul, 31ul, 13043109905998158313ul, 29ul, 6148914691236517205ul, 17ul, 8202884508482404352ul, 37ul, 18444473444759240704ul, 43ul, 6364136223846793005ul> >&, walnutpie::detail::SpanW&&, walnutpie::detail::SpanW&&)
0 1083
cob=(6)
cfi=(6)
cfn=(12432)
calls=57 0 
0 399
0 57
0 855
cob=(6)
cfi=(6)
cfn=(11314)
calls=57 0 
0 1356
0 57
0 285
cob=(6)
cfi=(6)
cfn=(11314)
calls=57 0 
0 1380
0 57
0 114
cob=(6)
cfi=(6)
cfn=(11470)
calls=57 0 
0 2679
0 57
0 787
cfn=(12434) std::mersenne_twister_engine<unsigned long, 64ul, 312ul, 156ul, 31ul, 13043109905998158313ul, 29ul, 6148914691236517205ul, 17ul, 8202884508482404352ul, 37ul, 18444473444759240704ul, 43ul, 6364136223846793005ul>::operator()()
calls=57 0 
0 5472
0 728
cob=(6)
cfi=(6)
cfn=(11470)
calls=57 0 
0 2649
0 57
0 3967

fn=(12470) walnutpie::detail::MassEstimator::low_rank_update()
0 22

fn=(12512)
0 13
cfn=(11222)
calls=1 0 
0 274
0 1548

fn=(12592)
0 13

fn=(13266)
0 6

fn=(13268) CLI::detail::ExistingFileValidator::~ExistingFileValidator()
0 13
cfn=(6668)
calls=1 0 
0 6
0 7
cfn=(5296)
calls=1 0 
0 166
0 2

fn=(13326)
0 9
cob=(2)
cfi=(2)
cfn=(13332)
calls=1 0 
0 94
0 1
cfn=(13344) 0x00000000000179a0
calls=1 0 
0 5
0 3

fn=(5166)
0 432

fn=(5226)
0 1313
cfn=(5078) std::__cxx11::basic_string<char, std::char_traits<char>, std::allocator<char> >& std::vector<std::__cxx11::basic_string<char, std::char_traits<char>, std::allocator<char> >, std::allocator<std::__cxx11::basic_string<char, std::char_traits<char>, std::allocator<char> > > >::emplace_back<std::__cxx11::basic_string<char, std::char_traits<char>, std::allocator<char> > >(std::__cxx11::basic_string<char, std::char_traits<char>, std::allocator<char> >&&) [clone .isra.0]
calls=41 0 
0 5536
0 36
cfn=(5078)
calls=12 0 
0 1512
0 583

fn=(5328)
0 1196

fn=(6692) CLI::App::increment_parsed()
0 10

fn=(6794) std::_Function_handler<std::__cxx11::basic_string<char, std::char_traits<char>, std::allocator<char> > (std::__cxx11::basic_string<char, std::char_traits<char>, std::allocator<char> >&), CLI::detail::NonexistentPathValidator::NonexistentPathValidator()::{lambda(std::__cxx11::basic_string<char, std::char_traits<char>, std::allocator<char> >&)#1}>::_M_invoke(std::_Any_data const&, std::__cxx11::basic_string<char, std::char_traits<char>, std::allocator<char> >&)
0 9
cfn=(6738)
calls=1 0 
0 1690
0 14

fn=(11150) void std::vector<double, std::allocator<double> >::_M_realloc_append<double const&>(double const&)
0 270
cob=(7)
cfi=(7)
cfn=(4902)
calls=10 0 
0 1036
0 10
0 86
cob=(2)
cfi=(2)
cfn=(4884)
calls=9 0 
0 521
0 9
0 66
cob=(7)
cfi=(7)
cfn=(5084)
calls=9 0 
0 390
0 9
0 120

fn=(11220) Eigen::Matrix<double, -1, 1, 0, -1, 1>::Matrix<Eigen::Map<Eigen::Matrix<double, -1, 1, 0, -1, 1>, 0, Eigen::Stride<0, 0> > >(Eigen::Map<Eigen::Matrix<double, -1, 1, 0, -1, 1>, 0, Eigen::Stride<0, 0> > const&)
0 13
cfn=(11222)
calls=1 0 
0 1265
0 1111

fn=(11696) void Eigen::internal::call_dense_assignment_loop<Eigen::Matrix<double, -1, 1, 0, -1, 1>, Eigen::CwiseBinaryOp<Eigen::internal::scalar_quotient_op<double, double>, Eigen::Matrix<double, -1, 1, 0, -1, 1> const, Eigen::CwiseNullaryOp<Eigen::internal::scalar_constant_op<double>, Eigen::Matrix<double, -1, 1, 0, -1, 1> const> const>, Eigen::internal::assign_op<double, double> >(Eigen::Matrix<double, -1, 1, 0, -1, 1>&, Eigen::CwiseBinaryOp<Eigen::internal::scalar_quotient_op<double, double>, Eigen::Matrix<double, -1, 1, 0, -1, 1> const, Eigen::CwiseNullaryOp<Eigen::internal::scalar_constant_op<double>, Eigen::Matrix<double, -1, 1, 0, -1, 1> const> const> const&, Eigen::internal::assign_op<double, double> const&)
0 267600

fn=(12424) Eigen::internal::inner_product_impl<Eigen::internal::inner_product_evaluator<Eigen::internal::scalar_inner_product_op<double, double, true>, Eigen::Matrix<double, -1, 1, 0, -1, 1>, Eigen::MatrixWrapper<Eigen::CwiseBinaryOp<Eigen::internal::scalar_product_op<double, double>, Eigen::ArrayWrapper<Eigen::Matrix<double, -1, 1, 0, -1, 1> const> const, Eigen::ArrayWrapper<Eigen::CwiseBinaryOp<Eigen::internal::scalar_difference_op<double, double>, Eigen::Matrix<double, -1, 1, 0, -1, 1> const, Eigen::Matrix<double, -1, 1, 0, -1, 1> const> const> const> const> >, true>::run(Eigen::internal::inner_product_evaluator<Eigen::internal::scalar_inner_product_op<double, double, true>, Eigen::Matrix<double, -1, 1, 0, -1, 1>, Eigen::MatrixWrapper<Eigen::CwiseBinaryOp<Eigen::internal::scalar_product_op<double, double>, Eigen::ArrayWrapper<Eigen::Matrix<double, -1, 1, 0, -1, 1> const> const, Eigen::ArrayWrapper<Eigen::CwiseBinaryOp<Eigen::internal::scalar_difference_op<double, double>, Eigen::Matrix<double, -1, 1, 0, -1, 1> const, Eigen::Matrix<double, -1, 1, 0, -1, 1> const> const> const> const> > const&)
0 338513

fn=(12434)
0 7024
cfn=(11716)
calls=2 0 
0 7856
0 6

fn=(12476)
0 14
cob=(7)
cfi=(7)
cfn=(5000)
calls=2 0 
0 50
0 2
0 18
cob=(7)
cfi=(7)
cfn=(6032)
calls=2 0 
0 1253
0 2
0 6
cob=(7)
cfi=(7)
cfn=(5338)
calls=2 0 
0 5183
0 2
0 10
cob=(7)
cfi=(7)
cfn=(6032)
calls=2 0 
0 422
0 2
0 4
cfn=(12366)
calls=2 0 
0 674
0 8
cob=(7)
cfi=(7)
cfn=(6032)
calls=2 0 
0 412
0 2
0 8
cob=(7)
cfi=(7)
cfn=(5338)
calls=2 0 
0 5117
0 2
0 10
cob=(7)
cfi=(7)
cfn=(6032)
calls=2 0 
0 422
0 2
0 4
cfn=(12366)
calls=2 0 
0 674
0 8
cob=(7)
cfi=(7)
cfn=(6032)
calls=2 0 
0 412
0 2
0 10
cob=(7)
cfi=(7)
cfn=(5338)
calls=2 0 
0 3993
0 2
0 4
cfn=(12366)
calls=2 0 
0 674
0 8
cob=(7)
cfi=(7)
cfn=(6032)
calls=2 0 
0 412
0 2
0 8
cob=(7)
cfi=(7)
cfn=(5180)
calls=2 0 
0 764
0 2
0 4
cfn=(12366)
calls=2 0 
0 674
0 8
cob=(7)
cfi=(7)
cfn=(6032)
calls=2 0 
0 412
0 2
0 22
cob=(7)
cfi=(7)
cfn=(5338)
calls=2 0 
0 4226
0 2
0 10
cob=(7)
cfi=(7)
cfn=(6032)
calls=2 0 
0 422
0 2
0 4
cfn=(12366)
calls=2 0 
0 674
0 10
cfn=(12366)
calls=2 0 
0 674

fn=(12552)
0 96

fn=(13242) CLI::TypeValidator<double>::~TypeValidator()
0 13
cfn=(13244) std::_Function_handler<std::__cxx11::basic_string<char, std::char_traits<char>, std::allocator<char> > (std::__cxx11::basic_string<char, std::char_traits<char>, std::allocator<char> >&), CLI::TypeValidator<double>::TypeValidator(std::__cxx11::basic_string<char, std::char_traits<char>, std::allocator<char> > const&)::{lambda(std::__cxx11::basic_string<char, std::char_traits<char>, std::allocator<char> >&)#1}>::_M_manager(std::_Any_data&, std::_Any_data const&, std::_Manager_operation)
calls=1 0 
0 6
0 7
cfn=(13246) std::_Function_handler<std::__cxx11::basic_string<char, std::char_traits<char>, std::allocator<char> > (), CLI::Validator::Validator(std::__cxx11::basic_string<char, std::char_traits<char>, std::allocator<char> >, std::function<std::__cxx11::basic_string<char, std::char_traits<char>, std::allocator<char> > (std::__cxx11::basic_string<char, std::char_traits<char>, std::allocator<char> >&)>)::{lambda()#1}>::_M_manager(std::_Any_data&, std::_Any_data const&, std::_Manager_operation)
calls=1 0 
0 166
0 2

fn=(13258) CLI::detail::NonexistentPathValidator::~NonexistentPathValidator()
0 13
cfn=(6674)
calls=1 0 
0 6
0 7
cfn=(5296)
calls=1 0 
0 287
0 2

fn=(4896)
0 41742
cob=(2)
cfi=(2)
cfn=(4884)
calls=3694 0 
0 53019
0 3694
0 27992
cob=(7)
cfi=(7)
cfn=(4902)
calls=1059 0 
0 59108
0 1059
0 6354

fn=(5302) CLI::Validator::~Validator()
0 476

fn=(5326) CLI::Option* CLI::App::add_option<double, double, (CLI::detail::enabler)0>(std::__cxx11::basic_string<char, std::char_traits<char>, std::allocator<char> >, double&, std::__cxx11::basic_string<char, std::char_traits<char>, std::allocator<char> >) [clone .isra.0]
0 598
cfn=(4896)
calls=26 0 
0 2961
0 338
cfn=(4896)
calls=26 0 
0 1879
0 182
cfn=(5034) CLI::App::add_option(std::__cxx11::basic_string<char, std::char_traits<char>, std::allocator<char> >, std::function<bool (std::vector<std::__cxx11::basic_string<char, std::char_traits<char>, std::allocator<char> >, std::allocator<std::__cxx11::basic_string<char, std::char_traits<char>, std::allocator<char> > > > const&)>, std::__cxx11::basic_string<char, std::char_traits<char>, std::allocator<char> >, bool, std::function<std::__cxx11::basic_string<char, std::char_traits<char>, std::allocator<char> > ()>)
calls=26 0 
0 567758
0 167
cob=(7)
cfi=(7)
cfn=(5084)
calls=21 0 
0 777
0 21
0 182
cfn=(5328)
calls=26 0 
0 208
0 156
cob=(7)
cfi=(7)
cfn=(5084)
calls=26 0 
0 962
0 26
0 182
cfn=(5330)
calls=26 0 
0 208
0 104
cfn=(4870)
calls=26 0 
0 1690
0 130
cfn=(4896)
calls=26 0 
0 858
0 156
cob=(7)
cfi=(7)
cfn=(4902)
calls=26 0 
0 1092
0 26
0 104
cob=(7)
cfi=(7)
cfn=(4974)
calls=26 0 
0 858
0 26
0 572
cfn=(5144)
calls=26 0 
0 156
0 624

fn=(5706) std::_Function_handler<bool (std::vector<std::__cxx11::basic_string<char, std::char_traits<char>, std::allocator<char> >, std::allocator<std::__cxx11::basic_string<char, std::char_traits<char>, std::allocator<char> > > > const&), CLI::App::add_option<double, double, (CLI::detail::enabler)0>(std::__cxx11::basic_string<char, std::char_traits<char>, std::allocator<char> >, double&, std::__cxx11::basic_string<char, std::char_traits<char>, std::allocator<char> >)::{lambda(std::vector<std::__cxx11::basic_string<char, std::char_traits<char>, std::allocator<char> >, std::allocator<std::__cxx11::basic_string<char, std::char_traits<char>, std::allocator<char> > > > const&)#1}>::_M_invoke(std::_Any_data const&, std::vector<std::__cxx11::basic_string<char, std::char_traits<char>, std::allocator<char> >, std::allocator<std::__cxx11::basic_string<char, std::char_traits<char>, std::allocator<char> > > > const&)
0 156
cfn=(5708) bool CLI::detail::lexical_cast<double, (CLI::detail::enabler)0>(std::__cxx11::basic_string<char, std::char_traits<char>, std::allocator<char> > const&, double&)
calls=26 0 
0 11873

fn=(5940)
0 135

fn=(6666) CLI::App::get_option_no_throw(std::__cxx11::basic_string<char, std::char_traits<char>, std::allocator<char> >) [clone .part.0]
0 32

fn=(6690) CLI::App::_configure()
0 14

fn=(6806) std::_Sp_counted_base<(__gnu_cxx::_Lock_policy)2>::_M_release()
0 18
cfn=(6816)
calls=1 0 
0 58
cfn=(6808) std::_Sp_counted_ptr<CLI::ConfigBase*, (__gnu_cxx::_Lock_policy)2>::_M_dispose()
calls=1 0 
0 67
0 10
cfn=(6820) std::_Sp_counted_ptr<CLI::Formatter*, (__gnu_cxx::_Lock_policy)2>::_M_destroy()
calls=1 0 
0 40
cfn=(6812) std::_Sp_counted_ptr<CLI::ConfigBase*, (__gnu_cxx::_Lock_policy)2>::_M_destroy()
calls=1 0 
0 40

fn=(6818)
0 15
cob=(7)
cfi=(7)
cfn=(5084)
calls=1 0 
0 37
0 1

fn=(6822)
0 799
cob=(7)
cfi=(7)
cfn=(4928)
calls=47 0 
0 282
0 47
0 141
cob=(7)
cfi=(7)
cfn=(5084)
calls=47 0 
0 6238
0 47
0 47

fn=(10846) void (*walnutpie::internal::dlsym_cast_impl<void (*)(char*)>(std::unique_ptr<void, walnutpie::internal::dlclose_deleter>&, char const*))(char*)
0 7
cob=(2)
cfi=(2)
cfn=(8232)
calls=1 0 
0 726
0 1
0 8

fn=(10854)
0 55

fn=(11248) walnutpie::InitConfigBuilder::step_sizes(double)
0 13
cfn=(4870)
calls=1 0 
0 63
0 3
cfn=(10850) void walnutpie::detail::validate_finite_positive<double>(double, std::__cxx11::basic_string<char, std::char_traits<char>, std::allocator<char> > const&)
calls=1 0 
0 17
0 13
cob=(7)
cfi=(7)
cfn=(4902)
calls=1 0 
0 38
0 1
0 15
cob=(7)
cfi=(7)
cfn=(5084)
calls=1 0 
0 37
0 1
0 12

fn=(11266)
0 22
cfn=(10856)
calls=1 0 
0 240282
0 4
cob=(12)
cfi=(24)
cfn=(11268)
calls=1 0 
0 8
0 9
cfn=(11270)
calls=1 0 
0 487
0 14

fn=(11718) walnutpie::detail::NoExceptLogpGrad<run_walnuts<walnutpie::detail::Adam>(walnutpie::DynamicStanModel&, unsigned int, walnutpie::InitConfigBuilder&, unsigned long, unsigned long, bool, walnutpie::WarmupConfig&, walnutpie::SamplingConfig&, double, bool, double)::{lambda((auto:1&&)...)#1}, StanHandler>::operator()(Eigen::Matrix<double, -1, 1, 0, -1, 1> const&, double&, Eigen::Matrix<double, -1, 1, 0, -1, 1>&) const
0 10
cob=(7)
cfi=(7)
cfn=(5000)
calls=1 0 
0 25
0 1
0 6
cfn=(11288)
calls=1 0 
0 3958427
0 1
cob=(7)
cfi=(7)
cfn=(5000)
calls=1 0 
0 25
0 1
0 15

fn=(12392)
0 136272

fn=(12408) std::optional<walnutpie::detail::SpanW> walnutpie::detail::build_span<(walnutpie::detail::Direction)0, walnutpie::detail::NoExceptLogpGrad<run_walnuts<walnutpie::detail::Adam>(walnutpie::DynamicStanModel&, unsigned int, walnutpie::InitConfigBuilder&, unsigned long, unsigned long, bool, walnutpie::WarmupConfig&, walnutpie::SamplingConfig&, double, bool, double)::{lambda((auto:1&&)...)#1}, StanHandler>, std::mersenne_twister_engine<unsigned long, 64ul, 312ul, 156ul, 31ul, 13043109905998158313ul, 29ul, 6148914691236517205ul, 17ul, 8202884508482404352ul, 37ul, 18444473444759240704ul, 43ul, 6364136223846793005ul>, walnutpie::detail::Adam>(walnutpie::detail::Random<std::mersenne_twister_engine<unsigned long, 64ul, 312ul, 156ul, 31ul, 13043109905998158313ul, 29ul, 6148914691236517205ul, 17ul, 8202884508482404352ul, 37ul, 18444473444759240704ul, 43ul, 6364136223846793005ul> >&, walnutpie::detail::NoExceptLogpGrad<run_walnuts<walnutpie::detail::Adam>(walnutpie::DynamicStanModel&, unsigned int, walnutpie::InitConfigBuilder&, unsigned long, unsigned long, bool, walnutpie::WarmupConfig&, walnutpie::SamplingConfig&, double, bool, double)::{lambda((auto:1&&)...)#1}, StanHandler> const&, Eigen::Matrix<double, -1, 1, 0, -1, 1> const&, double, unsigned long, unsigned long, unsigned long, double, walnutpie::detail::SpanW const&, walnutpie::detail::Adam&)
0 3232
cfn=(11734)
calls=55 0 
0 82047
0 755
cfn=(11734)
calls=151 0 
0 168516
0 824
cfn=(11734)
calls=206 0 
0 252882
0 1442
cfn=(11734)
calls=206 0 
0 252235
0 3090468
cob=(7)
cfi=(7)
cfn=(5000)
calls=929 0 
0 23225
0 929
0 16722
cob=(12)
cfi=(24)
cfn=(11292)
calls=929 0 
0 3659492149
0 4645
cob=(7)
cfi=(7)
cfn=(5000)
calls=929 0 
0 23225
0 929
0 1450165
cfn=(11724)
calls=206 0 
0 254204
0 4294
cfn=(12409) std::optional<walnutpie::detail::SpanW> walnutpie::detail::build_span<(walnutpie::detail::Direction)0, walnutpie::detail::NoExceptLogpGrad<run_walnuts<walnutpie::detail::Adam>(walnutpie::DynamicStanModel&, unsigned int, walnutpie::InitConfigBuilder&, unsigned long, unsigned long, bool, walnutpie::WarmupConfig&, walnutpie::SamplingConfig&, double, bool, double)::{lambda((auto:1&&)...)#1}, StanHandler>, std::mersenne_twister_engine<unsigned long, 64ul, 312ul, 156ul, 31ul, 13043109905998158313ul, 29ul, 6148914691236517205ul, 17ul, 8202884508482404352ul, 37ul, 18444473444759240704ul, 43ul, 6364136223846793005ul>, walnutpie::detail::Adam>(walnutpie::detail::Random<std::mersenne_twister_engine<unsigned long, 64ul, 312ul, 156ul, 31ul, 13043109905998158313ul, 29ul, 6148914691236517205ul, 17ul, 8202884508482404352ul, 37ul, 18444473444759240704ul, 43ul, 6364136223846793005ul> >&, walnutpie::detail::NoExceptLogpGrad<run_walnuts<walnutpie::detail::Adam>(walnutpie::DynamicStanModel&, unsigned int, walnutpie::InitConfigBuilder&, unsigned long, unsigned long, bool, walnutpie::WarmupConfig&, walnutpie::SamplingConfig&, double, bool, double)::{lambda((auto:1&&)...)#1}, StanHandler> const&, Eigen::Matrix<double, -1, 1, 0, -1, 1> const&, double, unsigned long, unsigned long, unsigned long, double, walnutpie::detail::SpanW const&, walnutpie::detail::Adam&)'2
calls=39 0 
0 2830552153
0 864
cfn=(4870)
calls=68 0 
0 11628
0 136
cob=(12)
cfi=(24)
cfn=(12342)
calls=68 0 
0 2380
0 272
cob=(7)
cfi=(7)
cfn=(6032)
calls=68 0 
0 38556
0 68
0 272
cob=(7)
cfi=(7)
cfn=(6032)
calls=68 0 
0 38556
0 68
0 136
cfn=(12366)
calls=68 0 
0 59296
0 612
cob=(2)
cfi=(2)
cfn=(4952)
calls=68 0 
0 239564
0 68
0 476
cob=(7)
cfi=(7)
cfn=(5084)
calls=68 0 
0 2516
0 68
0 343
cob=(6)
cfi=(6)
cfn=(11314)
calls=55 0 
0 2005
0 55
0 165
cob=(2)
cfi=(2)
cfn=(4562)
calls=55 0 
0 37345
0 55
0 495
cfn=(12382) walnutpie::detail::Adam::operator()(double)
calls=55 0 
0 9240
0 669
cfn=(12414) bool walnutpie::detail::reversible<walnutpie::detail::NoExceptLogpGrad<run_walnuts<walnutpie::detail::Adam>(walnutpie::DynamicStanModel&, unsigned int, walnutpie::InitConfigBuilder&, unsigned long, unsigned long, bool, walnutpie::WarmupConfig&, walnutpie::SamplingConfig&, double, bool, double)::{lambda((auto:1&&)...)#1}, StanHandler> >(walnutpie::detail::NoExceptLogpGrad<run_walnuts<walnutpie::detail::Adam>(walnutpie::DynamicStanModel&, unsigned int, walnutpie::InitConfigBuilder&, unsigned long, unsigned long, bool, walnutpie::WarmupConfig&, walnutpie::SamplingConfig&, double, bool, double)::{lambda((auto:1&&)...)#1}, StanHandler> const&, Eigen::Matrix<double, -1, 1, 0, -1, 1> const&, double, unsigned long, unsigned long, double, double, Eigen::Matrix<double, -1, 1, 0, -1, 1> const&, Eigen::Matrix<double, -1, 1, 0, -1, 1> const&, Eigen::Matrix<double, -1, 1, 0, -1, 1> const&)
calls=42 0 
0 855525981
0 854
cob=(2)
cfi=(2)
cfn=(4266)
calls=24 0 
0 2945
0 24
0 261
cob=(2)
cfi=(2)
cfn=(4266)
calls=24 0 
0 2945
0 24
0 189
cob=(2)
cfi=(2)
cfn=(4266)
calls=24 0 
0 2847
0 24
0 1124
cfn=(11726) walnutpie::detail::SpanW::from_initial_point(Eigen::Matrix<double, -1, 1, 0, -1, 1>&&, Eigen::Matrix<double, -1, 1, 0, -1, 1>&&, Eigen::Matrix<double, -1, 1, 0, -1, 1>&&, double, double)
calls=31 0 
0 123529
0 93
cfn=(12420)
calls=31 0 
0 1705
0 93
cfn=(12388)
calls=31 0 
0 868
0 440
cfn=(12409)
calls=27 0 
0 2219605326
0 568
cfn=(12388)
calls=27 0 
0 19416
0 125
cfn=(12422) bool walnutpie::detail::uturn<(walnutpie::detail::Direction)0>(walnutpie::detail::SpanW const&, walnutpie::detail::SpanW const&, Eigen::Matrix<double, -1, 1, 0, -1, 1> const&)
calls=11 0 
0 29062
0 55
cfn=(12388)
calls=11 0 
0 5092
0 66
cfn=(12464) walnutpie::detail::SpanW walnutpie::detail::combine<(walnutpie::detail::Update)0, (walnutpie::detail::Direction)0, std::mersenne_twister_engine<unsigned long, 64ul, 312ul, 156ul, 31ul, 13043109905998158313ul, 29ul, 6148914691236517205ul, 17ul, 8202884508482404352ul, 37ul, 18444473444759240704ul, 43ul, 6364136223846793005ul> >(walnutpie::detail::Random<std::mersenne_twister_engine<unsigned long, 64ul, 312ul, 156ul, 31ul, 13043109905998158313ul, 29ul, 6148914691236517205ul, 17ul, 8202884508482404352ul, 37ul, 18444473444759240704ul, 43ul, 6364136223846793005ul> >&, walnutpie::detail::SpanW&&, walnutpie::detail::SpanW&&)
calls=11 0 
0 3495
0 33
cfn=(12420)
calls=11 0 
0 605
0 33
cfn=(12388)
calls=11 0 
0 308
0 33

fn=(12409)
0 4058
cfn=(11734)
calls=80 0 
0 113266
0 890
cfn=(11734)
calls=178 0 
0 198648
0 1032
cfn=(11734)
calls=258 0 
0 311396
0 1806
cfn=(11734)
calls=258 0 
0 313210
0 3207432
cob=(7)
cfi=(7)
cfn=(5000)
calls=964 0 
0 24100
0 964
0 17352
cob=(12)
cfi=(24)
cfn=(11292)
calls=964 0 
0 3962196083
0 4820
cob=(7)
cfi=(7)
cfn=(5000)
calls=964 0 
0 24100
0 964
0 1505198
cfn=(11724)
calls=258 0 
0 318372
0 4909
cfn=(12409)
calls=21 0 
0 1255766162
0 289
cfn=(4870)
calls=5 0 
0 855
0 10
cob=(12)
cfi=(24)
cfn=(12342)
calls=5 0 
0 175
0 20
cob=(7)
cfi=(7)
cfn=(6032)
calls=5 0 
0 2835
0 5
0 20
cob=(7)
cfi=(7)
cfn=(6032)
calls=5 0 
0 2835
0 5
0 10
cfn=(12366)
calls=5 0 
0 4360
0 45
cob=(2)
cfi=(2)
cfn=(4952)
calls=5 0 
0 17615
0 5
0 35
cob=(7)
cfi=(7)
cfn=(5084)
calls=5 0 
0 185
0 5
0 405
cob=(6)
cfi=(6)
cfn=(11314)
calls=80 0 
0 2965
0 80
0 240
cob=(2)
cfi=(2)
cfn=(4562)
calls=80 0 
0 54320
0 80
0 720
cfn=(12382)
calls=80 0 
0 13440
0 1092
cfn=(12414)
calls=71 0 
0 1081560882
0 1116
cob=(2)
cfi=(2)
cfn=(4266)
calls=28 0 
0 2952
0 28
0 352
cob=(2)
cfi=(2)
cfn=(4266)
calls=28 0 
0 2928
0 28
0 268
cob=(2)
cfi=(2)
cfn=(4266)
calls=28 0 
0 2904
0 28
0 1432
cfn=(11726)
calls=52 0 
0 187893
0 156
cfn=(12420)
calls=52 0 
0 2860
0 156
cfn=(12388)
calls=52 0 
0 1456
0 300
cfn=(12409)
calls=14 0 
0 566155729
0 222
cfn=(12388)
calls=14 0 
0 8090
0 78
cfn=(12422)
calls=9 0 
0 23778
0 45
cfn=(12388)
calls=9 0 
0 4542
0 54
cfn=(12464)
calls=9 0 
0 2852
0 27
cfn=(12420)
calls=9 0 
0 495
0 27
cfn=(12388)
calls=9 0 
0 252
0 27

fn=(12426) walnutpie::detail::SpanW walnutpie::detail::combine<(walnutpie::detail::Update)1, (walnutpie::detail::Direction)0, std::mersenne_twister_engine<unsigned long, 64ul, 312ul, 156ul, 31ul, 13043109905998158313ul, 29ul, 6148914691236517205ul, 17ul, 8202884508482404352ul, 37ul, 18444473444759240704ul, 43ul, 6364136223846793005ul> >(walnutpie::detail::Random<std::mersenne_twister_engine<unsigned long, 64ul, 312ul, 156ul, 31ul, 13043109905998158313ul, 29ul, 6148914691236517205ul, 17ul, 8202884508482404352ul, 37ul, 18444473444759240704ul, 43ul, 6364136223846793005ul> >&, walnutpie::detail::SpanW&&, walnutpie::detail::SpanW&&)
0 1387
cob=(6)
cfi=(6)
cfn=(12432)
calls=72 0 
0 504
cob=(1)
cfi=(1)
cfn=(4840)
calls=1 0 
0 673
0 77
0 1095
cob=(6)
cfi=(6)
cfn=(11314)
calls=73 0 
0 1692
0 73
0 365
cob=(6)
cfi=(6)
cfn=(11314)
calls=73 0 
0 1812
0 73
0 146
cob=(6)
cfi=(6)
cfn=(11470)
calls=73 0 
0 3431
0 73
0 1108
cfn=(12434)
calls=73 0 
0 5904
0 824
cob=(6)
cfi=(6)
cfn=(11470)
calls=73 0 
0 3406
0 73
0 5044

fn=(12464)
0 893
cob=(6)
cfi=(6)
cfn=(12432)
calls=47 0 
0 329
0 47
0 705
cob=(6)
cfi=(6)
cfn=(11314)
calls=47 0 
0 1140
0 47
0 235
cob=(6)
cfi=(6)
cfn=(11314)
calls=47 0 
0 1116
0 47
0 94
cob=(6)
cfi=(6)
cfn=(11470)
calls=47 0 
0 2209
0 47
0 651
cfn=(12434)
calls=47 0 
0 1269
0 592
cob=(6)
cfi=(6)
cfn=(11470)
calls=47 0 
0 2194
0 47
0 3271

fn=(12472) walnutpie::detail::MassEstimator::reset_to_seeds()
0 26
cfn=(11234)
calls=2 0 
0 7401
0 12
cfn=(11688)
calls=2 0 
0 8258
0 46
cob=(2)
cfi=(2)
cfn=(4266)
calls=2 0 
0 213
0 2
0 10
cob=(2)
cfi=(2)
cfn=(4266)
calls=2 0 
0 204
0 2
0 8
cob=(2)
cfi=(2)
cfn=(4266)
calls=2 0 
0 228
0 2
0 10
cfn=(11688)
calls=2 0 
0 8369
0 46
cob=(2)
cfi=(2)
cfn=(4266)
calls=2 0 
0 180
0 2
0 10
cob=(2)
cfi=(2)
cfn=(4266)
calls=2 0 
0 228
0 2
0 8
cob=(2)
cfi=(2)
cfn=(4266)
calls=2 0 
0 228
0 2
0 22
cob=(2)
cfi=(2)
cfn=(4266)
calls=2 0 
0 180
0 2

fn=(12558) std::optional<walnutpie::detail::SpanW> walnutpie::detail::build_span<(walnutpie::detail::Direction)1, walnutpie::detail::NoExceptLogpGrad<run_walnuts<walnutpie::detail::Adam>(walnutpie::DynamicStanModel&, unsigned int, walnutpie::InitConfigBuilder&, unsigned long, unsigned long, bool, walnutpie::WarmupConfig&, walnutpie::SamplingConfig&, double, bool, double)::{lambda((auto:1&&)...)#1}, StanHandler>, std::mersenne_twister_engine<unsigned long, 64ul, 312ul, 156ul, 31ul, 13043109905998158313ul, 29ul, 6148914691236517205ul, 17ul, 8202884508482404352ul, 37ul, 18444473444759240704ul, 43ul, 6364136223846793005ul>, walnutpie::detail::NoOpStepSizeAdapter const>(walnutpie::detail::Random<std::mersenne_twister_engine<unsigned long, 64ul, 312ul, 156ul, 31ul, 13043109905998158313ul, 29ul, 6148914691236517205ul, 17ul, 8202884508482404352ul, 37ul, 18444473444759240704ul, 43ul, 6364136223846793005ul> >&, walnutpie::detail::NoExceptLogpGrad<run_walnuts<walnutpie::detail::Adam>(walnutpie::DynamicStanModel&, unsigned int, walnutpie::InitConfigBuilder&, unsigned long, unsigned long, bool, walnutpie::WarmupConfig&, walnutpie::SamplingConfig&, double, bool, double)::{lambda((auto:1&&)...)#1}, StanHandler> const&, Eigen::Matrix<double, -1, 1, 0, -1, 1> const&, double, unsigned long, unsigned long, unsigned long, double, walnutpie::detail::SpanW const&, walnutpie::detail::NoOpStepSizeAdapter const&) [clone .isra.0]
0 1822
cfn=(11734)
calls=26 0 
0 38196
0 72
cfn=(11734)
calls=18 0 
0 20088
0 176
cfn=(11734)
calls=44 0 
0 59155
0 308
cfn=(11734)
calls=44 0 
0 59305
0 239568
cob=(7)
cfi=(7)
cfn=(5000)
calls=72 0 
0 1800
0 72
0 1296
cob=(12)
cfi=(24)
cfn=(11292)
calls=72 0 
0 297171482
0 360
cob=(7)
cfi=(7)
cfn=(5000)
calls=72 0 
0 1800
0 72
0 112832
cfn=(11724)
calls=44 0 
0 54296
0 1138
cfn=(12559) std::optional<walnutpie::detail::SpanW> walnutpie::detail::build_span<(walnutpie::detail::Direction)1, walnutpie::detail::NoExceptLogpGrad<run_walnuts<walnutpie::detail::Adam>(walnutpie::DynamicStanModel&, unsigned int, walnutpie::InitConfigBuilder&, unsigned long, unsigned long, bool, walnutpie::WarmupConfig&, walnutpie::SamplingConfig&, double, bool, double)::{lambda((auto:1&&)...)#1}, StanHandler>, std::mersenne_twister_engine<unsigned long, 64ul, 312ul, 156ul, 31ul, 13043109905998158313ul, 29ul, 6148914691236517205ul, 17ul, 8202884508482404352ul, 37ul, 18444473444759240704ul, 43ul, 6364136223846793005ul>, walnutpie::detail::NoOpStepSizeAdapter const>(walnutpie::detail::Random<std::mersenne_twister_engine<unsigned long, 64ul, 312ul, 156ul, 31ul, 13043109905998158313ul, 29ul, 6148914691236517205ul, 17ul, 8202884508482404352ul, 37ul, 18444473444759240704ul, 43ul, 6364136223846793005ul> >&, walnutpie::detail::NoExceptLogpGrad<run_walnuts<walnutpie::detail::Adam>(walnutpie::DynamicStanModel&, unsigned int, walnutpie::InitConfigBuilder&, unsigned long, unsigned long, bool, walnutpie::WarmupConfig&, walnutpie::SamplingConfig&, double, bool, double)::{lambda((auto:1&&)...)#1}, StanHandler> const&, Eigen::Matrix<double, -1, 1, 0, -1, 1> const&, double, unsigned long, unsigned long, unsigned long, double, walnutpie::detail::SpanW const&, walnutpie::detail::NoOpStepSizeAdapter const&) [clone .isra.0]'2
calls=44 0 
0 1043425488
0 738
cob=(6)
cfi=(6)
cfn=(11314)
calls=26 0 
0 936
0 26
0 78
cob=(2)
cfi=(2)
cfn=(4562)
calls=26 0 
0 17654
0 26
0 442
cfn=(12414)
calls=26 0 
0 78746774
0 276
cob=(2)
cfi=(2)
cfn=(4266)
calls=5 0 
0 625
0 5
0 98
cob=(2)
cfi=(2)
cfn=(4266)
calls=5 0 
0 611
0 5
0 83
cob=(2)
cfi=(2)
cfn=(4266)
calls=5 0 
0 579
0 5
0 812
cfn=(11726)
calls=21 0 
0 82739
0 63
cfn=(12420)
calls=21 0 
0 1155
0 63
cfn=(12388)
calls=21 0 
0 588
0 380
cfn=(12559)
calls=26 0 
0 471679977
0 388
cfn=(12388)
calls=26 0 
0 14479
0 128
cfn=(12442) bool walnutpie::detail::uturn<(walnutpie::detail::Direction)1>(walnutpie::detail::SpanW const&, walnutpie::detail::SpanW const&, Eigen::Matrix<double, -1, 1, 0, -1, 1> const&)
calls=19 0 
0 50198
0 95
cfn=(12388)
calls=19 0 
0 9725
0 114
cfn=(12462)
calls=19 0 
0 9982
0 57
cfn=(12420)
calls=19 0 
0 1045
0 57
cfn=(12388)
calls=19 0 
0 532
0 57

fn=(12559)
0 4307
cfn=(11734)
calls=89 0 
0 128002
0 288
cfn=(11734)
calls=72 0 
0 80352
0 644
cfn=(11734)
calls=161 0 
0 207125
0 1127
cfn=(11734)
calls=161 0 
0 208550
0 948132
cob=(7)
cfi=(7)
cfn=(5000)
calls=285 0 
0 7125
0 285
0 5130
cob=(12)
cfi=(24)
cfn=(11292)
calls=285 0 
0 1177051939
0 1425
cob=(7)
cfi=(7)
cfn=(5000)
calls=285 0 
0 7125
0 285
0 446495
cfn=(11724)
calls=161 0 
0 198674
0 2897
cfn=(12559)
calls=30 0 
0 592013387
0 829
cob=(6)
cfi=(6)
cfn=(11314)
calls=89 0 
0 3204
0 89
0 267
cob=(2)
cfi=(2)
cfn=(4562)
calls=89 0 
0 60431
0 89
0 1513
cfn=(12414)
calls=89 0 
0 335429179
0 1134
cob=(2)
cfi=(2)
cfn=(4266)
calls=25 0 
0 2658
0 25
0 367
cob=(2)
cfi=(2)
cfn=(4266)
calls=25 0 
0 2604
0 25
0 292
cob=(2)
cfi=(2)
cfn=(4266)
calls=25 0 
0 2448
0 25
0 1720
cfn=(11726)
calls=64 0 
0 234873
0 192
cfn=(12420)
calls=64 0 
0 3520
0 192
cfn=(12388)
calls=64 0 
0 1792
0 375
cfn=(12559)
calls=19 0 
0 372616474
0 303
cfn=(12388)
calls=19 0 
0 10692
0 90
cfn=(12442)
calls=13 0 
0 34346
0 65
cfn=(12388)
calls=13 0 
0 6793
0 78
cfn=(12462)
calls=13 0 
0 4152
0 39
cfn=(12420)
calls=13 0 
0 715
0 39
cfn=(12388)
calls=13 0 
0 364
0 39

fn=(13252) std::_Function_handler<std::__cxx11::basic_string<char, std::char_traits<char>, std::allocator<char> > (), CLI::Validator::desc_function_::{lambda()#1}>::_M_manager(std::_Any_data&, std::_Any_data const&, std::_Manager_operation)
0 6

fn=(13260) CLI::detail::ExistingPathValidator::~ExistingPathValidator()
0 13
cfn=(13262)
calls=1 0 
0 6
0 7
cfn=(5296)
calls=1 0 
0 145
0 2

fn=(5074) CLI::detail::trim_copy(std::__cxx11::basic_string<char, std::char_traits<char>, std::allocator<char> > const&) [clone .isra.0]
0 1378
cfn=(4896)
calls=106 0 
0 7231
0 1264
cob=(7)
cfi=(7)
cfn=(4208)
calls=26 0 
0 650
0 26
0 52
cob=(7)
cfi=(7)
cfn=(4282)
calls=26 0 
0 156
0 26
0 260
cob=(7)
cfi=(7)
cfn=(4478)
calls=26 0 
0 156
0 26
0 94
cob=(7)
cfi=(7)
cfn=(4208)
calls=14 0 
0 350
0 14
0 28
cob=(7)
cfi=(7)
cfn=(4282)
calls=14 0 
0 84
0 14
0 140
cob=(7)
cfi=(7)
cfn=(4478)
calls=14 0 
0 84
0 14
0 136
cob=(7)
cfi=(7)
cfn=(4208)
calls=36 0 
0 900
0 36
0 72
cob=(7)
cfi=(7)
cfn=(4282)
calls=36 0 
0 216
0 36
0 360
cob=(7)
cfi=(7)
cfn=(4478)
calls=36 0 
0 216
0 36
0 192
cob=(7)
cfi=(7)
cfn=(4208)
calls=30 0 
0 750
0 30
0 60
cob=(7)
cfi=(7)
cfn=(4282)
calls=30 0 
0 180
0 30
0 300
cob=(7)
cfi=(7)
cfn=(4478)
calls=30 0 
0 180
0 30
0 270
cfn=(5076) CLI::detail::ltrim(std::__cxx11::basic_string<char, std::char_traits<char>, std::allocator<char> >&)
calls=30 0 
0 3420
0 456
cfn=(5076)
calls=76 0 
0 8896
0 636
cfn=(4896)
calls=106 0 
0 7630
0 510
cob=(7)
cfi=(7)
cfn=(5084)
calls=64 0 
0 2368
0 64
0 1166

fn=(5108)
0 5944
cob=(2)
cfi=(2)
cfn=(4884)
calls=92 0 
0 1319
0 92
0 1142

fn=(5110) void std::vector<std::__cxx11::basic_string<char, std::char_traits<char>, std::allocator<char> >, std::allocator<std::__cxx11::basic_string<char, std::char_traits<char>, std::allocator<char> > > >::_M_realloc_append<std::__cxx11::basic_string<char, std::char_traits<char>, std::allocator<char> > const&>(std::__cxx11::basic_string<char, std::char_traits<char>, std::allocator<char> > const&)
0 2856
cob=(7)
cfi=(7)
cfn=(4902)
calls=102 0 
0 7210
0 102
0 816
cfn=(4896)
calls=102 0 
0 5676
0 2040

fn=(5114)
0 37909
cob=(7)
cfi=(7)
cfn=(5084)
calls=975 0 
0 120865
0 975
0 23177
cob=(7)
cfi=(7)
cfn=(5084)
calls=369 0 
0 18596
0 369
0 3984

fn=(5142)
0 642

fn=(5158) CLI::Option::matching_name[abi:cxx11](CLI::Option const&) const
0 40534
cfn=(4896)
calls=52 0 
0 1872
0 260
cfn=(5112)
calls=52 0 
0 1664
0 780
cfn=(5160)
calls=52 0 
0 1456
0 24430
cfn=(4896)
calls=1375 0 
0 67785
0 4125
cfn=(5162)
calls=1375 0 
0 489568
0 28422
cob=(7)
cfi=(7)
cfn=(5126)
calls=1 0 
0 17
0 1
0 6
cob=(2)
cfi=(2)
cfn=(4510)
calls=1 0 
0 66
0 1
0 2
cob=(7)
cfi=(7)
cfn=(5132)
calls=1 0 
0 6
0 1
0 13959
cfn=(5164) bool std::operator==<char, std::char_traits<char>, std::allocator<char> >(std::__cxx11::basic_string<char, std::char_traits<char>, std::allocator<char> > const&, std::__cxx11::basic_string<char, std::char_traits<char>, std::allocator<char> > const&)
calls=99 0 
0 495
0 297
cob=(7)
cfi=(7)
cfn=(4928)
calls=99 0 
0 594
0 99
0 198
cob=(7)
cfi=(7)
cfn=(4928)
calls=99 0 
0 594
0 99
0 19359
cfn=(4896)
calls=3 0 
0 99
0 9
cfn=(6658) CLI::Option::check_sname(std::__cxx11::basic_string<char, std::char_traits<char>, std::allocator<char> >) const
calls=3 0 
0 447
0 30
cfn=(4896)
calls=3 0 
0 99
0 9
cfn=(5162)
calls=3 0 
0 756
0 5904
cfn=(4896)
calls=99 0 
0 3267
0 297
cfn=(6658)
calls=99 0 
0 14649
0 990
cfn=(4896)
calls=99 0 
0 3267
0 297
cfn=(5162)
calls=99 0 
0 33690
0 216
cfn=(5164)
calls=3 0 
0 15
0 9
cob=(7)
cfi=(7)
cfn=(4928)
calls=3 0 
0 18
0 3
0 6
cob=(7)
cfi=(7)
cfn=(4928)
calls=3 0 
0 18
0 3
0 6

fn=(5164)
0 8968
cob=(2)
cfi=(2)
cfn=(4324)
calls=93 0 
0 2049
0 93
0 372

fn=(5228)
0 1196
cfn=(5944) std::_Function_handler<bool (std::vector<std::__cxx11::basic_string<char, std::char_traits<char>, std::allocator<char> >, std::allocator<std::__cxx11::basic_string<char, std::char_traits<char>, std::allocator<char> > > > const&), CLI::App::add_option<std::__cxx11::basic_string<char, std::char_traits<char>, std::allocator<char> >, std::__cxx11::basic_string<char, std::char_traits<char>, std::allocator<char> >, (CLI::detail::enabler)0>(std::__cxx11::basic_string<char, std::char_traits<char>, std::allocator<char> >, std::__cxx11::basic_string<char, std::char_traits<char>, std::allocator<char> >&, std::__cxx11::basic_string<char, std::char_traits<char>, std::allocator<char> >)::{lambda(std::vector<std::__cxx11::basic_string<char, std::char_traits<char>, std::allocator<char> >, std::allocator<std::__cxx11::basic_string<char, std::char_traits<char>, std::allocator<char> > > > const&)#1}>::_M_invoke(std::_Any_data const&, std::vector<std::__cxx11::basic_string<char, std::char_traits<char>, std::allocator<char> >, std::allocator<std::__cxx11::basic_string<char, std::char_traits<char>, std::allocator<char> > > > const&)
calls=6 0 
0 725
cfn=(5706)
calls=26 0 
0 12029
cfn=(5236)
calls=20 0 
0 5565
0 884
cfn=(5230) CLI::Option::_validate_results(std::vector<std::__cxx11::basic_string<char, std::char_traits<char>, std::allocator<char> >, std::allocator<std::__cxx11::basic_string<char, std::char_traits<char>, std::allocator<char> > > >&) const [clone .isra.0]
calls=52 0 
0 11774
0 260
cfn=(5232) CLI::Option::_reduce_results(std::vector<std::__cxx11::basic_string<char, std::char_traits<char>, std::allocator<char> >, std::allocator<std::__cxx11::basic_string<char, std::char_traits<char>, std::allocator<char> > > >&, std::vector<std::__cxx11::basic_string<char, std::char_traits<char>, std::allocator<char> >, std::allocator<std::__cxx11::basic_string<char, std::char_traits<char>, std::allocator<char> > > > const&) const
calls=52 0 
0 6054
0 52

fn=(5296)
0 761
cob=(7)
cfi=(7)
cfn=(4928)
calls=33 0 
0 428
0 33
0 99
cob=(7)
cfi=(7)
cfn=(5084)
calls=33 0 
0 3532
0 33
0 153
cob=(7)
cfi=(7)
cfn=(4902)
calls=20 0 
0 840
0 20
0 180
cfn=(4896)
calls=20 0 
0 675
0 80

fn=(5300) CLI::Option::check(CLI::Validator, std::__cxx11::basic_string<char, std::char_traits<char>, std::allocator<char> > const&) [clone .isra.0]
0 1350
cob=(7)
cfi=(7)
cfn=(4902)
calls=27 0 
0 3661
0 27
0 1215
cob=(7)
cfi=(7)
cfn=(4974)
calls=27 0 
0 891
0 27
0 486

fn=(5708)
0 616
cob=(2)
cfi=(2)
cfn=(5714) strtold
calls=27 0 
0 10377
cob=(1)
cfi=(1)
cfn=(4840)
calls=1 0 
0 1349
0 32
0 420

fn=(6662) CLI::App::get_option_no_throw(std::__cxx11::basic_string<char, std::char_traits<char>, std::allocator<char> >)
0 628
cfn=(6664) CLI::Option::check_name(std::__cxx11::basic_string<char, std::char_traits<char>, std::allocator<char> > const&) const
calls=101 0 
0 45628
0 218
cfn=(6666)
calls=2 0 
0 32

fn=(6664)
0 2727
cob=(7)
cfi=(7)
cfn=(4928)
calls=101 0 
0 606
0 101
0 606
cob=(7)
cfi=(7)
cfn=(5098) std::__cxx11::basic_string<char, std::char_traits<char>, std::allocator<char> >::substr(unsigned long, unsigned long) const
calls=101 0 
0 6868
0 101
0 303
cfn=(5162)
calls=101 0 
0 34215
0 101

fn=(6674)
0 18

fn=(6706) std::__cxx11::basic_string<char, std::char_traits<char>, std::allocator<char> >::find(char, unsigned long) const [clone .isra.0]
0 140
cob=(2)
cfi=(2)
cfn=(5044) 0x00000000001b1400
calls=14 0 
0 280
0 14
0 70

fn=(6730) CLI::Option::_validate(std::__cxx11::basic_string<char, std::char_traits<char>, std::allocator<char> >&, int) const
0 225
cfn=(4896)
calls=5 0 
0 450
0 40
cfn=(6794)
calls=1 0 
0 1713
cfn=(6736)
calls=2 0 
0 7111
cfn=(6732) std::_Function_handler<std::__cxx11::basic_string<char, std::char_traits<char>, std::allocator<char> > (std::__cxx11::basic_string<char, std::char_traits<char>, std::allocator<char> >&), CLI::Range::Range<double>(double, double, std::__cxx11::basic_string<char, std::char_traits<char>, std::allocator<char> > const&)::{lambda(std::__cxx11::basic_string<char, std::char_traits<char>, std::allocator<char> >&)#1}>::_M_invoke(std::_Any_data const&, std::__cxx11::basic_string<char, std::char_traits<char>, std::allocator<char> >&)
calls=2 0 
0 1015
0 15
cfn=(5108)
calls=5 0 
0 110
0 49
cob=(7)
cfi=(7)
cfn=(5084)
calls=3 0 
0 111
0 3
0 155

fn=(6820)
0 2
cob=(7)
cfi=(7)
cfn=(5084)
calls=1 0 
0 37
0 1

fn=(10850)
0 153

fn=(11254) std::vector<Eigen::Matrix<double, -1, 1, 0, -1, 1>, std::allocator<Eigen::Matrix<double, -1, 1, 0, -1, 1> > >::operator=(std::vector<Eigen::Matrix<double, -1, 1, 0, -1, 1>, std::allocator<Eigen::Matrix<double, -1, 1, 0, -1, 1> > >&&) [clone .isra.0]
0 23
cob=(2)
cfi=(2)
cfn=(4266)
calls=1 0 
0 123
0 1
0 14
cob=(7)
cfi=(7)
cfn=(5084)
calls=1 0 
0 37
0 1

fn=(11288)
0 30
cfn=(11222)
calls=2 0 
0 187
0 22
cob=(12)
cfi=(24)
cfn=(11292)
calls=2 0 
0 8162434
0 26

fn=(11676)
0 16
cob=(2)
cfi=(2)
cfn=(4582)
calls=1 0 
0 284
0 1
0 9
cob=(2)
cfi=(2)
cfn=(4884)
calls=1 0 
0 365
0 1
0 3
cfn=(11678)
calls=1 0 
0 512
0 5

fn=(11698) Eigen::PlainObjectBase<Eigen::Matrix<double, -1, 1, 0, -1, 1> >::PlainObjectBase<Eigen::MatrixWrapper<Eigen::CwiseUnaryOp<Eigen::internal::scalar_sqrt_op<double>, Eigen::CwiseUnaryOp<Eigen::internal::scalar_inverse_op<double>, Eigen::ArrayWrapper<Eigen::Matrix<double, -1, 1, 0, -1, 1> > const> const> const> >(Eigen::DenseBase<Eigen::MatrixWrapper<Eigen::CwiseUnaryOp<Eigen::internal::scalar_sqrt_op<double>, Eigen::CwiseUnaryOp<Eigen::internal::scalar_inverse_op<double>, Eigen::ArrayWrapper<Eigen::Matrix<double, -1, 1, 0, -1, 1> > const> const> const> > const&)
0 1100
cfn=(11222)
calls=100 0 
0 22022
0 155300

fn=(12394) StanHandler::on_warmup(Eigen::Matrix<double, -1, 1, 0, -1, 1> const&, double, double, Eigen::Matrix<double, -1, 1, 0, -1, 1> const&)
0 1500
cob=(2)
cfi=(2)
cfn=(4562)
calls=100 0 
0 67900
0 100
0 1500

fn=(12594)
0 4
cfn=(11256)
calls=1 0 
0 14
0 2
cfn=(11256)
calls=1 0 
0 14
0 13
cob=(2)
cfi=(2)
cfn=(4266)
calls=1 0 
0 90
0 1
0 4
cob=(2)
cfi=(2)
cfn=(4266)
calls=1 0 
0 114
0 1
0 4
cob=(2)
cfi=(2)
cfn=(4266)
calls=1 0 
0 90
0 1
0 4
cob=(2)
cfi=(2)
cfn=(4266)
calls=1 0 
0 114
0 1
0 4
cob=(2)
cfi=(2)
cfn=(4266)
calls=1 0 
0 144
0 1
0 4
cob=(2)
cfi=(2)
cfn=(4266)
calls=1 0 
0 144
0 1
0 4
cob=(2)
cfi=(2)
cfn=(4266)
calls=1 0 
0 114
0 1
0 5
cob=(2)
cfi=(2)
cfn=(4266)
calls=1 0 
0 114
0 1

fn=(12738) StanHandler::~StanHandler()
0 7
cob=(2)
cfi=(2)
cfn=(4266)
calls=1 0 
0 81
0 1
0 5
cob=(12)
cfi=(24)
cfn=(12740)
calls=1 0 
0 42
0 2

fn=(13240) CLI::Range::~Range()
0 26
cfn=(5298)
calls=2 0 
0 16
0 14
cfn=(5296)
calls=2 0 
0 311
0 4

fn=(13244)
0 6

fn=(13254) CLI::detail::IPV4Validator::~IPV4Validator()
0 13
cfn=(13256) std::_Function_handler<std::__cxx11::basic_string<char, std::char_traits<char>, std::allocator<char> > (std::__cxx11::basic_string<char, std::char_traits<char>, std::allocator<char> >&), CLI::detail::IPV4Validator::IPV4Validator()::{lambda(std::__cxx11::basic_string<char, std::char_traits<char>, std::allocator<char> >&)#1}>::_M_manager(std::_Any_data&, std::_Any_data const&, std::_Manager_operation)
calls=1 0 
0 6
0 7
cfn=(5296)
calls=1 0 
0 166
0 2

fn=(5032) CLI::App::_add_flag_internal(std::__cxx11::basic_string<char, std::char_traits<char>, std::allocator<char> >, std::function<bool (std::vector<std::__cxx11::basic_string<char, std::char_traits<char>, std::allocator<char> >, std::allocator<std::__cxx11::basic_string<char, std::char_traits<char>, std::allocator<char> > > > const&)>, std::__cxx11::basic_string<char, std::char_traits<char>, std::allocator<char> >)
0 1321
cob=(7)
cfi=(7)
cfn=(4974)
calls=6 0 
0 96
0 6
0 104
cob=(7)
cfi=(7)
cfn=(4974)
calls=5 0 
0 110
0 5
0 5
cob=(7)
cfi=(7)
cfn=(4974)
calls=1 0 
0 31
0 1
0 54
cfn=(5034)
calls=6 0 
0 124909
0 18
cob=(7)
cfi=(7)
cfn=(4928)
calls=6 0 
0 144
0 6
0 38
cfn=(5306)
calls=5 0 
0 40
0 12
cob=(7)
cfi=(7)
cfn=(4928)
calls=6 0 
0 252
0 6
0 18

fn=(5034)
0 1272
cfn=(4896)
calls=53 0 
0 3680
0 265
cfn=(4896)
calls=53 0 
0 7497
0 684
cfn=(5938)
calls=5 0 
0 55
cfn=(5328)
calls=26 0 
0 286
cfn=(5306)
calls=5 0 
0 55
cfn=(5148)
calls=16 0 
0 176
0 468
cfn=(5036)
calls=52 0 
0 124803
0 7
cfn=(5036)
calls=1 0 
0 10779
0 265
cob=(7)
cfi=(7)
cfn=(4928)
calls=53 0 
0 318
0 53
0 106
cob=(7)
cfi=(7)
cfn=(4928)
calls=53 0 
0 1470
0 53
0 745
cfn=(5158)
calls=13 0 
0 7843
0 78
cfn=(5158)
calls=13 0 
0 6532
0 39
cfn=(5158)
calls=13 0 
0 7706
0 156
cfn=(5158)
calls=26 0 
0 13029
0 39
cfn=(5158)
calls=13 0 
0 8310
0 1170
cfn=(5158)
calls=325 0 
0 179539
0 2275
cfn=(5158)
calls=325 0 
0 178400
0 1950
cfn=(5158)
calls=325 0 
0 179439
0 1950
cfn=(5158)
calls=325 0 
0 179996
0 2538
cob=(7)
cfi=(7)
cfn=(4902)
calls=46 0 
0 7774
0 46
0 14
cob=(7)
cfi=(7)
cfn=(4902)
calls=7 0 
0 1183
0 7
0 738
cfn=(5938)
calls=5 0 
0 55
cfn=(5328)
calls=26 0 
0 286
cfn=(5306)
calls=5 0 
0 55
cfn=(5148)
calls=16 0 
0 176
0 468
cfn=(4896)
calls=52 0 
0 10074
0 3
cfn=(4896)
calls=1 0 
0 83
0 371
cfn=(4896)
calls=53 0 
0 3281
0 371
cfn=(5036)
calls=53 0 
0 126722
0 318
cob=(7)
cfi=(7)
cfn=(4928)
calls=53 0 
0 1470
0 53
0 106
cob=(7)
cfi=(7)
cfn=(4928)
calls=53 0 
0 318
0 53
0 824
cfn=(5940)
calls=5 0 
0 55
cfn=(5330)
calls=26 0 
0 286
cfn=(5166)
calls=16 0 
0 176
0 1048
cfn=(5120) void CLI::OptionBase<CLI::OptionDefaults>::copy_to<CLI::Option>(CLI::Option*) const
calls=53 0 
0 19645
0 265
cfn=(5140)
calls=53 0 
0 15732
0 802
cob=(7)
cfi=(7)
cfn=(4902)
calls=7 0 
0 815
0 7
0 471
cob=(7)
cfi=(7)
cfn=(5084)
calls=6 0 
0 222
0 6
0 53
cfn=(6660) std::__cxx11::basic_string<char, std::char_traits<char>, std::allocator<char> > std::operator+<char, std::char_traits<char>, std::allocator<char> >(char const*, std::__cxx11::basic_string<char, std::char_traits<char>, std::allocator<char> > const&) [clone .isra.0]
calls=2 0 
0 240
0 16
cfn=(4896)
calls=2 0 
0 64
0 6
cfn=(6662)
calls=2 0 
0 46506
0 6
cob=(7)
cfi=(7)
cfn=(4928)
calls=2 0 
0 12
0 2
0 8
cob=(7)
cfi=(7)
cfn=(4928)
calls=2 0 
0 12
0 2
0 2

fn=(5078)
0 4929
cob=(7)
cfi=(7)
cfn=(4902)
calls=159 0 
0 7476
0 159
0 795
cob=(7)
cfi=(7)
cfn=(4974)
calls=159 0 
0 4143
0 159
0 1668
cob=(7)
cfi=(7)
cfn=(5084)
calls=1 0 
0 37
cob=(1)
cfi=(1)
cfn=(4840)
calls=1 0 
0 677
0 6
0 1433

fn=(5102)
0 1448
cob=(2)
cfi=(2)
cfn=(4318)
calls=181 0 
0 2534
0 181
0 1603
cob=(2)
cfi=(2)
cfn=(4324)
calls=111 0 
0 2988
cob=(1)
cfi=(1)
cfn=(4840)
calls=1 0 
0 785
0 116
0 672

fn=(5112)
0 27980
cob=(7)
cfi=(7)
cfn=(4902)
calls=1684 0 
0 81501
0 1684
0 46796
cob=(2)
cfi=(2)
cfn=(4884)
calls=861 0 
0 11163
0 861
0 4153
cob=(7)
cfi=(7)
cfn=(4902)
calls=823 0 
0 35364
0 823
0 5761
cob=(2)
cfi=(2)
cfn=(4884)
calls=823 0 
0 9053
0 823
0 20383

fn=(5144)
0 636

fn=(5294) CLI::Validator::Validator(CLI::Validator const&)
0 280
cfn=(5296)
calls=20 0 
0 2115
0 260
cfn=(6674)
calls=1 0 
0 6
cfn=(6668)
calls=2 0 
0 12
cfn=(5298)
calls=17 0 
0 187
0 160
cfn=(4896)
calls=20 0 
0 360
0 160

fn=(6658)
0 1326
cfn=(5112)
calls=102 0 
0 3264
0 1530
cfn=(5160)
calls=102 0 
0 2856
0 6120

fn=(6696) CLI::App::_parse_single(std::vector<std::__cxx11::basic_string<char, std::char_traits<char>, std::allocator<char> >, std::allocator<std::__cxx11::basic_string<char, std::char_traits<char>, std::allocator<char> > > >&, bool&)
0 136
cfn=(6698) CLI::App::_recognize(std::__cxx11::basic_string<char, std::char_traits<char>, std::allocator<char> > const&, bool) const
calls=8 0 
0 3975
0 152
cfn=(6720) CLI::App::_parse_arg(std::vector<std::__cxx11::basic_string<char, std::char_traits<char>, std::allocator<char> >, std::allocator<std::__cxx11::basic_string<char, std::char_traits<char>, std::allocator<char> > > >&, CLI::detail::Classifier, bool)
calls=6 0 
0 51844
0 8
cfn=(6718)
calls=2 0 
0 1618
0 30

fn=(6702) CLI::detail::split_long(std::__cxx11::basic_string<char, std::char_traits<char>, std::allocator<char> > const&, std::__cxx11::basic_string<char, std::char_traits<char>, std::allocator<char> >&, std::__cxx11::basic_string<char, std::char_traits<char>, std::allocator<char> >&)
0 338
cfn=(6704)
calls=14 0 
0 1048
0 200
cfn=(6706)
calls=12 0 
0 420
0 108
cob=(7)
cfi=(7)
cfn=(5098)
calls=12 0 
0 808
0 12
0 36
cfn=(5108)
calls=12 0 
0 568
0 24
cob=(7)
cfi=(7)
cfn=(4928)
calls=12 0 
0 72
0 12
0 36
cfn=(6676) std::__cxx11::basic_string<char, std::char_traits<char>, std::allocator<char> >::assign(char const*) [clone .isra.0]
calls=12 0 
0 864
0 36

fn=(6720)
0 126
cfn=(4896)
calls=6 0 
0 186
0 132
cfn=(4896)
calls=6 0 
0 192
0 78
cfn=(4896)
calls=6 0 
0 192
0 1029
cob=(7)
cfi=(7)
cfn=(4928)
calls=6 0 
0 36
0 6
0 12
cob=(7)
cfi=(7)
cfn=(4928)
calls=6 0 
0 36
0 6
0 36
cob=(7)
cfi=(7)
cfn=(4928)
calls=6 0 
0 36
0 6
0 102
cfn=(5234)
calls=6 0 
0 66
0 78
cob=(7)
cfi=(7)
cfn=(4928)
calls=4 0 
0 96
0 4
0 6
cob=(7)
cfi=(7)
cfn=(4928)
calls=2 0 
0 12
0 2
0 66
cfn=(4896)
calls=6 0 
0 302
0 24
cob=(7)
cfi=(7)
cfn=(4928)
calls=6 0 
0 108
0 6
0 48
cfn=(4896)
calls=6 0 
0 302
0 30
cfn=(5226)
calls=6 0 
0 986
0 24
cob=(7)
cfi=(7)
cfn=(4928)
calls=6 0 
0 36
0 6
0 74
cob=(7)
cfi=(7)
cfn=(4902)
calls=2 0 
0 217
0 2
0 22
cob=(2)
cfi=(2)
cfn=(4884)
calls=2 0 
0 23
0 2
0 24
cob=(7)
cfi=(7)
cfn=(5084)
calls=2 0 
0 74
0 2
0 309
cfn=(4896)
calls=29 0 
0 931
0 87
cfn=(5162)
calls=29 0 
0 10476
0 87
cob=(7)
cfi=(7)
cfn=(4928)
calls=29 0 
0 174
0 29
0 169
cfn=(4896)
calls=28 0 
0 898
0 84
cfn=(5162)
calls=28 0 
0 10793
0 84
cob=(7)
cfi=(7)
cfn=(4928)
calls=28 0 
0 168
0 28
0 158
cfn=(4896)
calls=26 0 
0 834
0 78
cfn=(5162)
calls=26 0 
0 9070
0 78
cob=(7)
cfi=(7)
cfn=(4928)
calls=26 0 
0 156
0 26
0 146
cfn=(4896)
calls=24 0 
0 770
0 72
cfn=(5162)
calls=24 0 
0 8468
0 72
cob=(7)
cfi=(7)
cfn=(4928)
calls=24 0 
0 144
0 24
0 42
cob=(7)
cfi=(7)
cfn=(4928)
calls=6 0 
0 36
0 6
0 12
cob=(7)
cfi=(7)
cfn=(4928)
calls=6 0 
0 36
0 6
0 12
cob=(7)
cfi=(7)
cfn=(4928)
calls=6 0 
0 36
0 6
0 12
cob=(7)
cfi=(7)
cfn=(4928)
calls=6 0 
0 36
0 6
0 96
cfn=(6702)
calls=6 0 
0 2188
0 48

fn=(6810) CLI::ConfigBase::~ConfigBase()
0 24
cob=(7)
cfi=(7)
cfn=(5084)
calls=1 0 
0 37
0 1

fn=(6878)
0 102
cob=(7)
cfi=(7)
cfn=(4928)
calls=6 0 
0 665
0 6
0 18
cob=(7)
cfi=(7)
cfn=(5084)
calls=6 0 
0 843
0 6
0 6

fn=(6882)
0 22
cob=(7)
cfi=(7)
cfn=(5084)
calls=1 0 
0 137
0 1
0 4
cob=(7)
cfi=(7)
cfn=(5084)
calls=1 0 
0 37
0 1
0 1

fn=(10852)
0 90

fn=(11246) Eigen::PlainObjectBase<Eigen::Matrix<double, -1, 1, 0, -1, 1> >::PlainObjectBase<Eigen::CwiseNullaryOp<Eigen::internal::scalar_constant_op<double>, Eigen::Matrix<double, -1, 1, 0, -1, 1> > >(Eigen::DenseBase<Eigen::CwiseNullaryOp<Eigen::internal::scalar_constant_op<double>, Eigen::Matrix<double, -1, 1, 0, -1, 1> > > const&)
0 10
cfn=(11222)
calls=1 0 
0 209
0 580

fn=(11714) double std::normal_distribution<double>::operator()<std::mersenne_twister_engine<unsigned long, 64ul, 312ul, 156ul, 31ul, 13043109905998158313ul, 29ul, 6148914691236517205ul, 17ul, 8202884508482404352ul, 37ul, 18444473444759240704ul, 43ul, 6364136223846793005ul> >(std::mersenne_twister_engine<unsigned long, 64ul, 312ul, 156ul, 31ul, 13043109905998158313ul, 29ul, 6148914691236517205ul, 17ul, 8202884508482404352ul, 37ul, 18444473444759240704ul, 43ul, 6364136223846793005ul>&, std::normal_distribution<double>::param_type const&) [clone .isra.0]
0 4215914
cob=(6)
cfi=(6)
cfn=(11470)
calls=32850 0 
0 1533685
0 32850
0 558716
cfn=(11716)
calls=133 0 
0 522424
0 804
cfn=(11716)
calls=136 0 
0 534208
0 460444

fn=(11726)
0 6664
cfn=(11678)
calls=476 0 
0 362232
0 1428
cfn=(11678)
calls=476 0 
0 322124
0 1428
cfn=(11678)
calls=476 0 
0 330818
0 2380
cfn=(11678)
calls=476 0 
0 339849
0 4284
cfn=(11678)
calls=476 0 
0 337931
0 10948

fn=(12560)
0 1350
cob=(12)
cfi=(24)
cfn=(12562)
calls=50 0 
0 65797399
0 700

fn=(5022) CLI::App::App(std::__cxx11::basic_string<char, std::char_traits<char>, std::allocator<char> >, std::__cxx11::basic_string<char, std::char_traits<char>, std::allocator<char> >, CLI::App*)
0 16
cob=(7)
cfi=(7)
cfn=(4974)
calls=1 0 
0 33
0 1
0 5
cob=(7)
cfi=(7)
cfn=(4974)
calls=1 0 
0 16
0 1
0 18
cfn=(4870)
calls=1 0 
0 65
0 23
cob=(7)
cfi=(7)
cfn=(4902)
calls=1 0 
0 175
0 1
0 20
cob=(7)
cfi=(7)
cfn=(4902)
calls=1 0 
0 42
0 1
0 59
cfn=(4870)
calls=1 0 
0 63
0 6
cob=(7)
cfi=(7)
cfn=(4902)
calls=1 0 
0 175
0 1
0 20
cob=(7)
cfi=(7)
cfn=(4902)
calls=1 0 
0 175
0 1
0 19

fn=(5076)
0 2244
cob=(7)
cfi=(7)
cfn=(4208)
calls=26 0 
0 650
0 26
0 52
cob=(7)
cfi=(7)
cfn=(4282)
calls=26 0 
0 156
0 26
0 260
cob=(7)
cfi=(7)
cfn=(4478)
calls=26 0 
0 156
0 26
0 108
cob=(7)
cfi=(7)
cfn=(4208)
calls=14 0 
0 350
0 14
0 28
cob=(7)
cfi=(7)
cfn=(4282)
calls=14 0 
0 84
0 14
0 140
cob=(7)
cfi=(7)
cfn=(4478)
calls=14 0 
0 84
0 14
0 172
cob=(7)
cfi=(7)
cfn=(4208)
calls=36 0 
0 900
0 36
0 72
cob=(7)
cfi=(7)
cfn=(4282)
calls=36 0 
0 216
0 36
0 360
cob=(7)
cfi=(7)
cfn=(4478)
calls=36 0 
0 216
0 36
0 192
cob=(7)
cfi=(7)
cfn=(4208)
calls=30 0 
0 750
0 30
0 60
cob=(7)
cfi=(7)
cfn=(4282)
calls=30 0 
0 180
0 30
0 300
cob=(7)
cfi=(7)
cfn=(4478)
calls=30 0 
0 180
0 30
0 1120
cob=(7)
cfi=(7)
cfn=(5070) std::__cxx11::basic_string<char, std::char_traits<char>, std::allocator<char> >::_M_erase(unsigned long, unsigned long)
calls=106 0 
0 1696
0 106
0 1166

fn=(5086)
0 3816
cfn=(4896)
calls=106 0 
0 7370
0 10
cfn=(4896)
calls=2 0 
0 66
0 1712
cob=(7)
cfi=(7)
cfn=(5098)
calls=105 0 
0 7455
cob=(1)
cfi=(1)
cfn=(4840)
calls=1 0 
0 1053
0 110
0 318
cfn=(5102)
calls=106 0 
0 7870
0 318
cob=(7)
cfi=(7)
cfn=(4928)
calls=106 0 
0 636
0 106
0 824
cob=(7)
cfi=(7)
cfn=(5098)
calls=102 0 
0 12065
0 102
0 306
cfn=(5108)
calls=102 0 
0 3712
0 204
cob=(7)
cfi=(7)
cfn=(4928)
calls=102 0 
0 2196
0 102
0 17886
cfn=(5102)
calls=4 0 
0 120
0 20
cfn=(5102)
calls=4 0 
0 120
0 20
cfn=(5102)
calls=4 0 
0 120
0 248
cob=(7)
cfi=(7)
cfn=(5138) std::__cxx11::basic_string<char, std::char_traits<char>, std::allocator<char> >::_M_assign(std::__cxx11::basic_string<char, std::char_traits<char>, std::allocator<char> > const&)
calls=4 0 
0 216
0 4
0 516
cob=(7)
cfi=(7)
cfn=(5084)
calls=64 0 
0 2368
0 64
0 1278
cfn=(4896)
calls=106 0 
0 1968
0 848
cfn=(5112)
calls=106 0 
0 23736
0 1166
cfn=(5112)
calls=106 0 
0 3822
0 212
cob=(7)
cfi=(7)
cfn=(4928)
calls=106 0 
0 636
0 106
0 212
cfn=(5114)
calls=106 0 
0 8490
0 212
cfn=(5114)
calls=106 0 
0 1586
0 2200
cfn=(5110)
calls=102 0 
0 18700
0 448
cob=(7)
cfi=(7)
cfn=(4902)
calls=2 0 
0 84
0 2
0 14
cob=(7)
cfi=(7)
cfn=(5092) std::__cxx11::basic_string<char, std::char_traits<char>, std::allocator<char> >::_M_construct(unsigned long, char)
calls=1 0 
0 22
cob=(1)
cfi=(1)
cfn=(4840)
calls=1 0 
0 1032
0 6
0 32

fn=(5298)
0 379

fn=(5308) CLI::Option* CLI::Option::default_val<bool>(bool const&) [clone .isra.0]
0 14
cob=(7)
cfi=(7)
cfn=(5174)
calls=1 0 
0 591
0 1
0 3
cob=(1)
cfi=(1)
cfn=(4840)
calls=1 0 
0 1103
0 5
0 3
cob=(7)
cfi=(7)
cfn=(5212)
calls=1 0 
0 43
0 1
0 3
cob=(7)
cfi=(7)
cfn=(5218)
calls=1 0 
0 79
0 1
0 14
cfn=(4896)
calls=1 0 
0 36
0 4
cfn=(5226)
calls=1 0 
0 172
0 3
cob=(7)
cfi=(7)
cfn=(4928)
calls=1 0 
0 6
0 1
0 6
cfn=(5230)
calls=1 0 
0 11
0 14
cfn=(5114)
calls=1 0 
0 65
0 3
cfn=(5108)
calls=1 0 
0 29
0 2
cfn=(5114)
calls=1 0 
0 14
0 2
cob=(7)
cfi=(7)
cfn=(4928)
calls=1 0 
0 6
0 1
0 11

fn=(5936) CLI::Option* CLI::App::add_option<std::__cxx11::basic_string<char, std::char_traits<char>, std::allocator<char> >, std::__cxx11::basic_string<char, std::char_traits<char>, std::allocator<char> >, (CLI::detail::enabler)0>(std::__cxx11::basic_string<char, std::char_traits<char>, std::allocator<char> >, std::__cxx11::basic_string<char, std::char_traits<char>, std::allocator<char> >&, std::__cxx11::basic_string<char, std::char_traits<char>, std::allocator<char> >) [clone .isra.0]
0 115
cfn=(4896)
calls=5 0 
0 833
0 65
cfn=(4896)
calls=5 0 
0 210
0 35
cfn=(5034)
calls=5 0 
0 206094
0 23
cob=(7)
cfi=(7)
cfn=(5084)
calls=1 0 
0 37
0 1
0 35
cfn=(5938)
calls=5 0 
0 40
0 30
cob=(7)
cfi=(7)
cfn=(5084)
calls=5 0 
0 185
0 5
0 35
cfn=(5940)
calls=5 0 
0 40
0 20
cfn=(4870)
calls=5 0 
0 325
0 25
cfn=(4896)
calls=5 0 
0 165
0 30
cob=(7)
cfi=(7)
cfn=(4902)
calls=5 0 
0 210
0 5
0 20
cob=(7)
cfi=(7)
cfn=(4974)
calls=5 0 
0 165
0 5
0 110
cfn=(5144)
calls=5 0 
0 30
0 120

fn=(6660)
0 28
cob=(2)
cfi=(2)
cfn=(4318)
calls=2 0 
0 28
0 2
0 62
cob=(2)
cfi=(2)
cfn=(4884)
calls=2 0 
0 30
0 2
0 38
cob=(2)
cfi=(2)
cfn=(4884)
calls=2 0 
0 36
0 2
0 12

fn=(6668)
0 30

fn=(6726) CLI::App::_process_env()
0 493

fn=(6894) walnutpie::DynamicStanModel::DynamicStanModel(char const*, char const*, unsigned int, void (*)(char const*, unsigned long))
0 17
cob=(1)
cfi=(1)
cfn=(4840)
calls=1 0 
0 1100056
0 5
0 6
cob=(1)
cfi=(1)
cfn=(4840)
calls=1 0 
0 1461
0 5
0 6
cob=(2)
cfi=(2)
cfn=(8232)
calls=1 0 
0 715
0 1
0 8
cob=(12)
cfi=(24)
cfn=(10196)
calls=1 0 
0 17481738
0 7
cfn=(10846)
calls=1 0 
0 742
0 4
cob=(2)
cfi=(2)
cfn=(8232)
calls=1 0 
0 734
0 1
0 6
cob=(2)
cfi=(2)
cfn=(8232)
calls=1 0 
0 694
0 1
0 6
cob=(2)
cfi=(2)
cfn=(8232)
calls=1 0 
0 759
0 1
0 6
cob=(2)
cfi=(2)
cfn=(8232)
calls=1 0 
0 738
0 1
0 6
cob=(2)
cfi=(2)
cfn=(8232)
calls=1 0 
0 727
0 1
0 6
cob=(2)
cfi=(2)
cfn=(8232)
calls=1 0 
0 695
0 1
0 6
cob=(2)
cfi=(2)
cfn=(8232)
calls=1 0 
0 718
0 1
0 6
cob=(2)
cfi=(2)
cfn=(8232)
calls=1 0 
0 719
0 1
0 6
cob=(2)
cfi=(2)
cfn=(8232)
calls=1 0 
0 747
0 1
0 5
cob=(12)
cfi=(24)
cfn=(10848)
calls=1 0 
0 24
0 11

fn=(12600) walnutpie::DynamicStanModel::param_names[abi:cxx11]() const
0 32
cob=(12)
cfi=(24)
cfn=(11268)
calls=2 0 
0 16
0 30
cob=(7)
cfi=(7)
cfn=(4902)
calls=2 0 
0 1027
0 2
0 30
cob=(12)
cfi=(24)
cfn=(12602)
calls=2 0 
0 16
0 1053620
cob=(2)
cfi=(2)
cfn=(4884)
calls=2 0 
0 26
0 2
0 8216
cob=(7)
cfi=(7)
cfn=(4902)
calls=1638 0 
0 278800
0 1638
0 9828
cob=(2)
cfi=(2)
cfn=(4884)
calls=1638 0 
0 18018
0 1638
0 27858
cob=(2)
cfi=(2)
cfn=(4884)
calls=9286 0 
0 128248
0 9286
0 21848

fn=(12614) StanHandler::write_csv(std::__cxx11::basic_string<char, std::char_traits<char>, std::allocator<char> >&)
0 11
cfn=(12600)
calls=1 0 
0 778861
0 4
cfn=(12616)
calls=1 0 
0 699243967
0 24315
cob=(7)
cfi=(7)
cfn=(5084)
calls=819 0 
0 113651
0 819
0 16402
cob=(7)
cfi=(7)
cfn=(5084)
calls=1 0 
0 91
0 1

fn=(11234)
0 68
cob=(2)
cfi=(2)
cfn=(4582)
calls=4 0 
0 1108
0 4
0 52
cob=(2)
cfi=(2)
cfn=(4952)
calls=3 0 
0 10569
cob=(1)
cfi=(1)
cfn=(4840)
calls=1 0 
0 4296
0 8

fn=(11260) walnutpie::InitConfigBuilder::~InitConfigBuilder()
0 22
cob=(2)
cfi=(2)
cfn=(4266)
calls=1 0 
0 90
0 1
0 12
cob=(7)
cfi=(7)
cfn=(5084)
calls=1 0 
0 37
0 1
0 14
cob=(2)
cfi=(2)
cfn=(4266)
calls=1 0 
0 90
0 1
0 12
cob=(7)
cfi=(7)
cfn=(5084)
calls=1 0 
0 37
0 1
0 12
cob=(7)
cfi=(7)
cfn=(5084)
calls=1 0 
0 37
0 1
0 4

fn=(11686)
0 13
cfn=(11222)
calls=1 0 
0 400
0 1334

fn=(11694) walnutpie::detail::MassEstimator::inv_mass_estimate() const
0 2600
cfn=(11222)
calls=100 0 
0 17915
0 500
cfn=(11696)
calls=100 0 
0 133800
0 1500
cfn=(11222)
calls=100 0 
0 23984
0 400
cfn=(11696)
calls=100 0 
0 133800
0 1900
cfn=(11678)
calls=100 0 
0 70327
0 700
cfn=(11222)
calls=100 0 
0 30571
0 134000
cob=(2)
cfi=(2)
cfn=(4266)
calls=100 0 
0 9000
0 100
0 400
cob=(2)
cfi=(2)
cfn=(4266)
calls=100 0 
0 11016
0 100
0 400
cob=(2)
cfi=(2)
cfn=(4266)
calls=100 0 
0 9312
0 100
0 400
cob=(2)
cfi=(2)
cfn=(4266)
calls=100 0 
0 9000
0 100
0 1900
cfn=(11222)
calls=100 0 
0 25202
0 154800

fn=(11710) Eigen::Matrix<double, -1, 1, 0, -1, 1> walnutpie::detail::transition_w<walnutpie::detail::NoExceptLogpGrad<run_walnuts<walnutpie::detail::Adam>(walnutpie::DynamicStanModel&, unsigned int, walnutpie::InitConfigBuilder&, unsigned long, unsigned long, bool, walnutpie::WarmupConfig&, walnutpie::SamplingConfig&, double, bool, double)::{lambda((auto:1&&)...)#1}, StanHandler>, walnutpie::detail::Random<std::mersenne_twister_engine<unsigned long, 64ul, 312ul, 156ul, 31ul, 13043109905998158313ul, 29ul, 6148914691236517205ul, 17ul, 8202884508482404352ul, 37ul, 18444473444759240704ul, 43ul, 6364136223846793005ul> >, walnutpie::detail::Adam>(walnutpie::detail::Random<std::mersenne_twister_engine<unsigned long, 64ul, 312ul, 156ul, 31ul, 13043109905998158313ul, 29ul, 6148914691236517205ul, 17ul, 8202884508482404352ul, 37ul, 18444473444759240704ul, 43ul, 6364136223846793005ul> >&, walnutpie::detail::NoExceptLogpGrad<run_walnuts<walnutpie::detail::Adam>(walnutpie::DynamicStanModel&, unsigned int, walnutpie::InitConfigBuilder&, unsigned long, unsigned long, bool, walnutpie::WarmupConfig&, walnutpie::SamplingConfig&, double, bool, double)::{lambda((auto:1&&)...)#1}, StanHandler> const&, Eigen::Matrix<double, -1, 1, 0, -1, 1> const&, Eigen::Matrix<double, -1, 1, 0, -1, 1> const&, double, unsigned long, unsigned long, unsigned long, double, Eigen::Matrix<double, -1, 1, 0, -1, 1>&&, unsigned long&, Eigen::Matrix<double, -1, 1, 0, -1, 1>&, double&, walnutpie::detail::Adam&, Eigen::Matrix<double, -1, 1, 0, -1, 1> const&, double)
0 3500
cfn=(11712) Eigen::PlainObjectBase<Eigen::Matrix<double, -1, 1, 0, -1, 1> >::PlainObjectBase<Eigen::MatrixWrapper<Eigen::CwiseBinaryOp<Eigen::internal::scalar_product_op<double, double>, Eigen::ArrayWrapper<Eigen::Matrix<double, -1, 1, 0, -1, 1> const> const, Eigen::ArrayWrapper<Eigen::CwiseNullaryOp<walnutpie::detail::Random<std::mersenne_twister_engine<unsigned long, 64ul, 312ul, 156ul, 31ul, 13043109905998158313ul, 29ul, 6148914691236517205ul, 17ul, 8202884508482404352ul, 37ul, 18444473444759240704ul, 43ul, 6364136223846793005ul> >::standard_normal(long)::{lambda(long)#1}, Eigen::Matrix<double, -1, 1, 0, -1, 1> > > const> const> >(Eigen::DenseBase<Eigen::MatrixWrapper<Eigen::CwiseBinaryOp<Eigen::internal::scalar_product_op<double, double>, Eigen::ArrayWrapper<Eigen::Matrix<double, -1, 1, 0, -1, 1> const> const, Eigen::ArrayWrapper<Eigen::CwiseNullaryOp<walnutpie::detail::Random<std::mersenne_twister_engine<unsigned long, 64ul, 312ul, 156ul, 31ul, 13043109905998158313ul, 29ul, 6148914691236517205ul, 17ul, 8202884508482404352ul, 37ul, 18444473444759240704ul, 43ul, 6364136223846793005ul> >::standard_normal(long)::{lambda(long)#1}, Eigen::Matrix<double, -1, 1, 0, -1, 1> > > const> const> > const&)
calls=100 0 
0 5701524
0 604
cfn=(11222)
calls=1 0 
0 244
0 5
cfn=(11718)
calls=1 0 
0 3958511
0 8
cfn=(11724)
calls=1 0 
0 1234
0 495
cfn=(11724)
calls=99 0 
0 122166
0 1100
cfn=(11726)
calls=100 0 
0 334525
0 400
cob=(2)
cfi=(2)
cfn=(4562)
calls=99 0 
0 67221
cob=(1)
cfi=(1)
cfn=(4840)
calls=1 0 
0 1470
0 104
0 9768
cfn=(12408)
calls=94 0 
0 9571449112
0 282
cob=(2)
cfi=(2)
cfn=(4562)
calls=94 0 
0 63826
0 94
0 870
cfn=(11734)
calls=100 0 
0 153562
0 1200
cfn=(12388)
calls=100 0 
0 85243
0 2880
cfn=(11732) std::optional<walnutpie::detail::SpanW> walnutpie::detail::build_span<(walnutpie::detail::Direction)1, walnutpie::detail::NoExceptLogpGrad<run_walnuts<walnutpie::detail::Adam>(walnutpie::DynamicStanModel&, unsigned int, walnutpie::InitConfigBuilder&, unsigned long, unsigned long, bool, walnutpie::WarmupConfig&, walnutpie::SamplingConfig&, double, bool, double)::{lambda((auto:1&&)...)#1}, StanHandler>, std::mersenne_twister_engine<unsigned long, 64ul, 312ul, 156ul, 31ul, 13043109905998158313ul, 29ul, 6148914691236517205ul, 17ul, 8202884508482404352ul, 37ul, 18444473444759240704ul, 43ul, 6364136223846793005ul>, walnutpie::detail::Adam>(walnutpie::detail::Random<std::mersenne_twister_engine<unsigned long, 64ul, 312ul, 156ul, 31ul, 13043109905998158313ul, 29ul, 6148914691236517205ul, 17ul, 8202884508482404352ul, 37ul, 18444473444759240704ul, 43ul, 6364136223846793005ul> >&, walnutpie::detail::NoExceptLogpGrad<run_walnuts<walnutpie::detail::Adam>(walnutpie::DynamicStanModel&, unsigned int, walnutpie::InitConfigBuilder&, unsigned long, unsigned long, bool, walnutpie::WarmupConfig&, walnutpie::SamplingConfig&, double, bool, double)::{lambda((auto:1&&)...)#1}, StanHandler> const&, Eigen::Matrix<double, -1, 1, 0, -1, 1> const&, double, unsigned long, unsigned long, unsigned long, double, walnutpie::detail::SpanW const&, walnutpie::detail::Adam&)
calls=90 0 
0 9796781954
0 270
cob=(2)
cfi=(2)
cfn=(4562)
calls=90 0 
0 61110
0 90
0 622
cfn=(12442)
calls=43 0 
0 112285
0 258
cfn=(12444) walnutpie::detail::SpanW walnutpie::detail::combine<(walnutpie::detail::Update)1, (walnutpie::detail::Direction)1, std::mersenne_twister_engine<unsigned long, 64ul, 312ul, 156ul, 31ul, 13043109905998158313ul, 29ul, 6148914691236517205ul, 17ul, 8202884508482404352ul, 37ul, 18444473444759240704ul, 43ul, 6364136223846793005ul> >(walnutpie::detail::Random<std::mersenne_twister_engine<unsigned long, 64ul, 312ul, 156ul, 31ul, 13043109905998158313ul, 29ul, 6148914691236517205ul, 17ul, 8202884508482404352ul, 37ul, 18444473444759240704ul, 43ul, 6364136223846793005ul> >&, walnutpie::detail::SpanW&&, walnutpie::detail::SpanW&&)
calls=43 0 
0 13668
0 129
cfn=(12446) walnutpie::detail::SpanW::operator=(walnutpie::detail::SpanW&&) [clone .isra.0]
calls=43 0 
0 3053
0 86
cfn=(12388)
calls=43 0 
0 23352
0 129
cfn=(12388)
calls=43 0 
0 16416
0 758
cfn=(12422)
calls=42 0 
0 110964
0 252
cfn=(12426)
calls=42 0 
0 17924
0 3612
cfn=(12388)
calls=42 0 
0 22430
0 126
cfn=(12388)
calls=42 0 
0 16829
0 537
cfn=(11734)
calls=99 0 
0 133942
0 396

fn=(11732)
0 2925
cfn=(11734)
calls=45 0 
0 67053
0 448
cfn=(11734)
calls=112 0 
0 124992
0 628
cfn=(11734)
calls=157 0 
0 194048
0 1099
cfn=(11734)
calls=157 0 
0 193276
0 2105976
cob=(7)
cfi=(7)
cfn=(5000)
calls=633 0 
0 15825
0 633
0 11394
cob=(12)
cfi=(24)
cfn=(11292)
calls=633 0 
0 2508166434
0 3165
cob=(7)
cfi=(7)
cfn=(5000)
calls=633 0 
0 15825
0 633
0 988417
cfn=(11724)
calls=157 0 
0 193738
0 3393
cfn=(11733) std::optional<walnutpie::detail::SpanW> walnutpie::detail::build_span<(walnutpie::detail::Direction)1, walnutpie::detail::NoExceptLogpGrad<run_walnuts<walnutpie::detail::Adam>(walnutpie::DynamicStanModel&, unsigned int, walnutpie::InitConfigBuilder&, unsigned long, unsigned long, bool, walnutpie::WarmupConfig&, walnutpie::SamplingConfig&, double, bool, double)::{lambda((auto:1&&)...)#1}, StanHandler>, std::mersenne_twister_engine<unsigned long, 64ul, 312ul, 156ul, 31ul, 13043109905998158313ul, 29ul, 6148914691236517205ul, 17ul, 8202884508482404352ul, 37ul, 18444473444759240704ul, 43ul, 6364136223846793005ul>, walnutpie::detail::Adam>(walnutpie::detail::Random<std::mersenne_twister_engine<unsigned long, 64ul, 312ul, 156ul, 31ul, 13043109905998158313ul, 29ul, 6148914691236517205ul, 17ul, 8202884508482404352ul, 37ul, 18444473444759240704ul, 43ul, 6364136223846793005ul> >&, walnutpie::detail::NoExceptLogpGrad<run_walnuts<walnutpie::detail::Adam>(walnutpie::DynamicStanModel&, unsigned int, walnutpie::InitConfigBuilder&, unsigned long, unsigned long, bool, walnutpie::WarmupConfig&, walnutpie::SamplingConfig&, double, bool, double)::{lambda((auto:1&&)...)#1}, StanHandler> const&, Eigen::Matrix<double, -1, 1, 0, -1, 1> const&, double, unsigned long, unsigned long, unsigned long, double, walnutpie::detail::SpanW const&, walnutpie::detail::Adam&)'2
calls=45 0 
0 4097216662
0 789
cfn=(4870)
calls=41 0 
0 7011
0 82
cob=(12)
cfi=(24)
cfn=(12342)
calls=41 0 
0 1435
0 164
cob=(7)
cfi=(7)
cfn=(6032)
calls=41 0 
0 23294
0 41
0 164
cob=(7)
cfi=(7)
cfn=(6032)
calls=41 0 
0 23247
0 41
0 82
cfn=(12366)
calls=41 0 
0 37141
0 369
cob=(2)
cfi=(2)
cfn=(4952)
calls=41 0 
0 144443
0 41
0 287
cob=(7)
cfi=(7)
cfn=(5084)
calls=41 0 
0 1517
0 41
0 266
cob=(6)
cfi=(6)
cfn=(11314)
calls=45 0 
0 1635
0 45
0 135
cob=(2)
cfi=(2)
cfn=(4562)
calls=45 0 
0 30555
0 45
0 405
cfn=(12382)
calls=45 0 
0 8192
0 591
cfn=(12414)
calls=38 0 
0 705006564
0 602
cob=(2)
cfi=(2)
cfn=(4266)
calls=15 0 
0 1853
0 15
0 195
cob=(2)
cfi=(2)
cfn=(4266)
calls=15 0 
0 1853
0 15
0 150
cob=(2)
cfi=(2)
cfn=(4266)
calls=15 0 
0 1783
0 15
0 1080
cfn=(11726)
calls=30 0 
0 119122
0 90
cfn=(12420)
calls=30 0 
0 1650
0 90
cfn=(12388)
calls=30 0 
0 840
0 480
cfn=(11733)
calls=28 0 
0 2481991146
0 554
cfn=(12388)
calls=28 0 
0 19891
0 108
cfn=(12442)
calls=13 0 
0 34346
0 65
cfn=(12388)
calls=13 0 
0 5446
0 78
cfn=(12462)
calls=13 0 
0 4105
0 39
cfn=(12420)
calls=13 0 
0 715
0 39
cfn=(12388)
calls=13 0 
0 364
0 39

fn=(11733)
0 4512
cfn=(11734)
calls=89 0 
0 127499
0 864
cfn=(11734)
calls=216 0 
0 241056
0 1220
cfn=(11734)
calls=305 0 
0 365991
0 2135
cfn=(11734)
calls=305 0 
0 368388
0 4161984
cob=(7)
cfi=(7)
cfn=(5000)
calls=1251 0 
0 31275
0 1251
0 22518
cob=(12)
cfi=(24)
cfn=(11292)
calls=1251 0 
0 5148548198
0 6255
cob=(7)
cfi=(7)
cfn=(5000)
calls=1251 0 
0 31275
0 1251
0 1953359
cfn=(11724)
calls=305 0 
0 376370
0 5785
cfn=(11733)
calls=22 0 
0 1534622682
0 655
cob=(6)
cfi=(6)
cfn=(11314)
calls=89 0 
0 3219
0 89
0 267
cob=(2)
cfi=(2)
cfn=(4562)
calls=89 0 
0 60431
0 89
0 801
cfn=(12382)
calls=89 0 
0 14952
0 1203
cfn=(12414)
calls=78 0 
0 1422602199
0 1258
cob=(2)
cfi=(2)
cfn=(4266)
calls=32 0 
0 3453
0 32
0 395
cob=(2)
cfi=(2)
cfn=(4266)
calls=32 0 
0 3360
0 32
0 299
cob=(2)
cfi=(2)
cfn=(4266)
calls=32 0 
0 3264
0 32
0 1572
cfn=(11726)
calls=57 0 
0 202498
0 171
cfn=(12420)
calls=57 0 
0 3135
0 171
cfn=(12388)
calls=57 0 
0 1596
0 354
cfn=(11733)
calls=16 0 
0 611083981
0 216
cfn=(12388)
calls=16 0 
0 8629
0 80
cfn=(12442)
calls=12 0 
0 31704
0 60
cfn=(12388)
calls=12 0 
0 5430
0 72
cfn=(12462)
calls=12 0 
0 3800
0 36
cfn=(12420)
calls=12 0 
0 660
0 36
cfn=(12388)
calls=12 0 
0 336
0 36

fn=(12414)
0 10815
cfn=(12416) Eigen::Matrix<double, -1, 1, 0, -1, 1>::Matrix<long>(long const&)
calls=342 0 
0 157642
0 1710
cfn=(12416)
calls=342 0 
0 112362
0 1710
cfn=(12416)
calls=342 0 
0 112278
0 4342
cfn=(11734)
calls=532 0 
0 593712
0 2128
cfn=(12418)
calls=532 0 
0 710752
0 2128
cfn=(11734)
calls=532 0 
0 593712
0 3946938
cob=(7)
cfi=(7)
cfn=(5000)
calls=1182 0 
0 29550
0 1182
0 24822
cob=(12)
cfi=(24)
cfn=(11292)
calls=1182 0 
0 4842323501
0 5910
cob=(7)
cfi=(7)
cfn=(5000)
calls=1182 0 
0 29550
0 1182
0 1847408
cfn=(11724)
calls=532 0 
0 656488
0 5201
cob=(2)
cfi=(2)
cfn=(4266)
calls=342 0 
0 38492
0 342
0 1368
cob=(2)
cfi=(2)
cfn=(4266)
calls=342 0 
0 38655
0 342
0 1368
cob=(2)
cfi=(2)
cfn=(4266)
calls=342 0 
0 38656
0 342
0 1445
cob=(2)
cfi=(2)
cfn=(4318)
calls=11 0 
0 671
0 11
0 99
cob=(12)
cfi=(24)
cfn=(12342)
calls=11 0 
0 385
0 44
cob=(7)
cfi=(7)
cfn=(6032)
calls=11 0 
0 6237
0 11
0 44
cob=(7)
cfi=(7)
cfn=(6032)
calls=11 0 
0 6237
0 11
0 22
cfn=(12366)
calls=11 0 
0 9592
0 99
cob=(2)
cfi=(2)
cfn=(4952)
calls=11 0 
0 38753
0 11
0 77
cob=(7)
cfi=(7)
cfn=(5084)
calls=11 0 
0 407
0 11
0 33
cob=(7)
cfi=(7)
cfn=(4902)
calls=11 0 
0 462
0 11
0 77
cob=(2)
cfi=(2)
cfn=(4884)
calls=11 0 
0 330
0 11
0 8139

fn=(12442)
0 181709
cfn=(12424)
calls=139 0 
0 181673
0 5177

fn=(12516)
0 14
cfn=(4870)
calls=1 0 
0 43
0 4
cfn=(4870)
calls=1 0 
0 43
0 4
cfn=(4870)
calls=1 0 
0 43
0 4
cfn=(4870)
calls=1 0 
0 43
0 4
cfn=(4870)
calls=1 0 
0 44
0 4
cfn=(4870)
calls=1 0 
0 44
0 6
cfn=(4896)
calls=1 0 
0 18
0 6
cfn=(4896)
calls=1 0 
0 18
0 6
cfn=(4896)
calls=1 0 
0 18
0 6
cfn=(4896)
calls=1 0 
0 18
0 6
cfn=(4896)
calls=1 0 
0 36
0 4
cfn=(4870)
calls=1 0 
0 43
0 6
cfn=(4896)
calls=1 0 
0 36
0 18
cob=(7)
cfi=(7)
cfn=(6032)
calls=1 0 
0 91
0 1
0 9
cob=(7)
cfi=(7)
cfn=(6032)
calls=1 0 
0 91
0 1
0 4818
cob=(7)
cfi=(7)
cfn=(5338)
calls=438 0 
0 977438
0 438
0 1752
cob=(7)
cfi=(7)
cfn=(6032)
calls=438 0 
0 39858
0 438
0 3500
cob=(7)
cfi=(7)
cfn=(6032)
calls=437 0 
0 92207
0 437
0 3499
cob=(7)
cfi=(7)
cfn=(6032)
calls=437 0 
0 39767
0 437
0 1748
cob=(7)
cfi=(7)
cfn=(6032)
calls=437 0 
0 39767
0 437
0 444
cob=(7)
cfi=(7)
cfn=(5174)
calls=1 0 
0 591
0 1
0 874
cob=(7)
cfi=(7)
cfn=(5174)
calls=437 0 
0 258267
0 437
0 2628
cob=(7)
cfi=(7)
cfn=(12522) std::basic_ios<char, std::char_traits<char> >::copyfmt(std::basic_ios<char, std::char_traits<char> > const&)
calls=437 0 
0 103569
cob=(1)
cfi=(1)
cfn=(4840)
calls=1 0 
0 1171
0 442
0 1752
cob=(7)
cfi=(7)
cfn=(5338)
calls=438 0 
0 926478
0 438
0 1314
cob=(7)
cfi=(7)
cfn=(5212)
calls=438 0 
0 24536
0 438
0 4380
cob=(7)
cfi=(7)
cfn=(5218)
calls=438 0 
0 34602
0 438
0 881
cob=(7)
cfi=(7)
cfn=(6032)
calls=1 0 
0 91
0 1
0 14
cfn=(12552)
calls=1 0 
0 32
0 2
cob=(7)
cfi=(7)
cfn=(4928)
calls=1 0 
0 6
0 1
0 2
cob=(7)
cfi=(7)
cfn=(4928)
calls=1 0 
0 6
0 1
0 2
cob=(7)
cfi=(7)
cfn=(4928)
calls=1 0 
0 6
0 1
0 2
cob=(7)
cfi=(7)
cfn=(4928)
calls=1 0 
0 6
0 1
0 2
cob=(7)
cfi=(7)
cfn=(4928)
calls=1 0 
0 6
0 1
0 2
cob=(7)
cfi=(7)
cfn=(4928)
calls=1 0 
0 6
0 1
0 18

fn=(12554)
0 1650
cfn=(11712)
calls=50 0 
0 2854468
0 550
cfn=(11724)
calls=50 0 
0 61700
0 550
cfn=(11726)
calls=50 0 
0 171776
0 200
cob=(2)
cfi=(2)
cfn=(4562)
calls=50 0 
0 33950
0 50
0 6005
cfn=(12556) std::optional<walnutpie::detail::SpanW> walnutpie::detail::build_span<(walnutpie::detail::Direction)0, walnutpie::detail::NoExceptLogpGrad<run_walnuts<walnutpie::detail::Adam>(walnutpie::DynamicStanModel&, unsigned int, walnutpie::InitConfigBuilder&, unsigned long, unsigned long, bool, walnutpie::WarmupConfig&, walnutpie::SamplingConfig&, double, bool, double)::{lambda((auto:1&&)...)#1}, StanHandler>, std::mersenne_twister_engine<unsigned long, 64ul, 312ul, 156ul, 31ul, 13043109905998158313ul, 29ul, 6148914691236517205ul, 17ul, 8202884508482404352ul, 37ul, 18444473444759240704ul, 43ul, 6364136223846793005ul>, walnutpie::detail::NoOpStepSizeAdapter const>(walnutpie::detail::Random<std::mersenne_twister_engine<unsigned long, 64ul, 312ul, 156ul, 31ul, 13043109905998158313ul, 29ul, 6148914691236517205ul, 17ul, 8202884508482404352ul, 37ul, 18444473444759240704ul, 43ul, 6364136223846793005ul> >&, walnutpie::detail::NoExceptLogpGrad<run_walnuts<walnutpie::detail::Adam>(walnutpie::DynamicStanModel&, unsigned int, walnutpie::InitConfigBuilder&, unsigned long, unsigned long, bool, walnutpie::WarmupConfig&, walnutpie::SamplingConfig&, double, bool, double)::{lambda((auto:1&&)...)#1}, StanHandler> const&, Eigen::Matrix<double, -1, 1, 0, -1, 1> const&, double, unsigned long, unsigned long, unsigned long, double, walnutpie::detail::SpanW const&, walnutpie::detail::NoOpStepSizeAdapter const&) [clone .isra.0]
calls=51 0 
0 1601070980
0 204
cob=(2)
cfi=(2)
cfn=(4562)
calls=51 0 
0 34629
0 51
0 455
cfn=(11734)
calls=50 0 
0 78040
0 600
cfn=(12388)
calls=50 0 
0 44100
0 1530
cfn=(12558)
calls=70 0 
0 1891810921
0 280
cob=(2)
cfi=(2)
cfn=(4562)
calls=70 0 
0 47530
0 70
0 510
cfn=(12442)
calls=40 0 
0 105680
0 240
cfn=(12444)
calls=40 0 
0 12685
0 120
cfn=(12446)
calls=40 0 
0 2840
0 80
cfn=(12388)
calls=40 0 
0 21750
0 120
cfn=(12388)
calls=40 0 
0 15862
0 621
cfn=(12422)
calls=31 0 
0 81902
0 186
cfn=(12426)
calls=31 0 
0 9836
0 2666
cfn=(12388)
calls=31 0 
0 17206
0 93
cfn=(12388)
calls=31 0 
0 12145
0 281
cfn=(11734)
calls=50 0 
0 68570
0 200

fn=(12596)
0 7
cob=(2)
cfi=(2)
cfn=(4266)
calls=1 0 
0 90
0 1
0 6
cob=(2)
cfi=(2)
cfn=(4266)
calls=1 0 
0 90
0 1

fn=(13248) CLI::detail::EscapedStringTransformer::~EscapedStringTransformer()
0 13
cfn=(13250) std::_Function_handler<std::__cxx11::basic_string<char, std::char_traits<char>, std::allocator<char> > (std::__cxx11::basic_string<char, std::char_traits<char>, std::allocator<char> >&), CLI::detail::EscapedStringTransformer::EscapedStringTransformer()::{lambda(std::__cxx11::basic_string<char, std::char_traits<char>, std::allocator<char> >&)#1}>::_M_manager(std::_Any_data&, std::_Any_data const&, std::_Manager_operation)
calls=1 0 
0 6
0 7
cfn=(13252)
calls=1 0 
0 6
0 2

fn=(13256)
0 6

fn=(13344)
0 5

fn=(4826) 0x0000000000017a60
0 12

fn=(4870)
0 8918
cob=(2)
cfi=(2)
cfn=(4318)
calls=685 0 
0 15749
cob=(1)
cfi=(1)
cfn=(4840)
calls=1 0 
0 780
0 690
0 9864
cob=(7)
cfi=(7)
cfn=(4902)
calls=215 0 
0 11025
0 215
0 1505
cob=(2)
cfi=(2)
cfn=(4884)
calls=215 0 
0 4892
0 215
0 1712
cob=(2)
cfi=(2)
cfn=(4884)
calls=427 0 
0 5901
cob=(1)
cfi=(1)
cfn=(4840)
calls=1 0 
0 888
0 432
0 1286

fn=(5146) CLI::Option* CLI::App::add_option<unsigned long, unsigned long, (CLI::detail::enabler)0>(std::__cxx11::basic_string<char, std::char_traits<char>, std::allocator<char> >, unsigned long&, std::__cxx11::basic_string<char, std::char_traits<char>, std::allocator<char> >) [clone .isra.0]
0 368
cfn=(4896)
calls=16 0 
0 2103
0 208
cfn=(4896)
calls=16 0 
0 853
0 112
cfn=(5034)
calls=16 0 
0 266573
0 85
cob=(7)
cfi=(7)
cfn=(5084)
calls=7 0 
0 259
0 7
0 112
cfn=(5148)
calls=16 0 
0 128
0 96
cob=(7)
cfi=(7)
cfn=(5084)
calls=16 0 
0 592
0 16
0 112
cfn=(5166)
calls=16 0 
0 128
0 64
cfn=(4870)
calls=16 0 
0 1040
0 80
cfn=(4896)
calls=16 0 
0 528
0 96
cob=(7)
cfi=(7)
cfn=(4902)
calls=16 0 
0 672
0 16
0 64
cob=(7)
cfi=(7)
cfn=(4974)
calls=16 0 
0 528
0 16
0 352
cfn=(5144)
calls=16 0 
0 96
0 384

fn=(5160)
0 53889
cfn=(5164)
calls=1580 0 
0 10972
0 24463

fn=(5232)
0 2028
cfn=(5102)
calls=52 0 
0 1738
0 728
cfn=(5234)
calls=52 0 
0 572
0 988

fn=(5938)
0 230

fn=(6686) std::vector<std::__cxx11::basic_string<char, std::char_traits<char>, std::allocator<char> >, std::allocator<std::__cxx11::basic_string<char, std::char_traits<char>, std::allocator<char> > > >::reserve(unsigned long)
0 23
cob=(7)
cfi=(7)
cfn=(4902)
calls=1 0 
0 175
0 1
0 20

fn=(6688) CLI::App::_validate() const
0 494
cfn=(5234)
calls=53 0 
0 583
0 233

fn=(6734) CLI::Range::Range<double>(double, double, std::__cxx11::basic_string<char, std::char_traits<char>, std::allocator<char> > const&)::{lambda(std::__cxx11::basic_string<char, std::char_traits<char>, std::allocator<char> >&)#1}::operator()(std::__cxx11::basic_string<char, std::char_traits<char>, std::allocator<char> >&) const
0 24
cfn=(5708)
calls=2 0 
0 921
0 44

fn=(6798) CLI::App::_process_requirements()
0 493
cob=(7)
cfi=(7)
cfn=(4928)
calls=1 0 
0 6
0 1
0 2
cob=(7)
cfi=(7)
cfn=(4928)
calls=1 0 
0 6
0 1
0 113

fn=(6800) CLI::App::_process_extras()
0 25

fn=(6802) CLI::App::run_callback(bool, bool)
0 34

fn=(6812)
0 2
cob=(7)
cfi=(7)
cfn=(5084)
calls=1 0 
0 37
0 1

fn=(6880)
0 25
cob=(7)
cfi=(7)
cfn=(5084)
calls=1 0 
0 116
0 1
0 4
cob=(7)
cfi=(7)
cfn=(5084)
calls=1 0 
0 37
0 1
0 1

fn=(12598)
0 14
cob=(2)
cfi=(2)
cfn=(4266)
calls=1 0 
0 153
0 1
0 10
cob=(7)
cfi=(7)
cfn=(5084)
calls=1 0 
0 37
0 1
0 10
cob=(2)
cfi=(2)
cfn=(4266)
calls=1 0 
0 153
0 1
0 10
cob=(7)
cfi=(7)
cfn=(5084)
calls=1 0 
0 37
0 1
0 9
cob=(7)
cfi=(7)
cfn=(5084)
calls=1 0 
0 37
0 1

fn=(11286)
0 21

fn=(11678)
0 34902
cob=(2)
cfi=(2)
cfn=(4582)
calls=2493 0 
0 792739
0 2493
0 29916
cob=(2)
cfi=(2)
cfn=(4884)
calls=2493 0 
0 909729
0 2493

fn=(12444)
0 1577
cob=(6)
cfi=(6)
cfn=(12432)
calls=83 0 
0 581
0 83
0 1245
cob=(6)
cfi=(6)
cfn=(11314)
calls=83 0 
0 1956
0 83
0 415
cob=(6)
cfi=(6)
cfn=(11314)
calls=83 0 
0 2028
0 83
0 166
cob=(6)
cfi=(6)
cfn=(11470)
calls=83 0 
0 3901
0 83
0 1258
cfn=(12434)
calls=83 0 
0 2241
0 944
cob=(6)
cfi=(6)
cfn=(11470)
calls=83 0 
0 3891
0 83
0 5735

fn=(12446)
0 5893

fn=(12556)
0 1437
cfn=(11734)
calls=24 0 
0 35169
0 75
cfn=(11734)
calls=15 0 
0 16740
0 156
cfn=(11734)
calls=39 0 
0 53058
0 273
cfn=(11734)
calls=39 0 
0 53151
0 186388
cob=(7)
cfi=(7)
cfn=(5000)
calls=56 0 
0 1400
0 56
0 1008
cob=(12)
cfi=(24)
cfn=(11292)
calls=56 0 
0 231294413
0 280
cob=(7)
cfi=(7)
cfn=(5000)
calls=56 0 
0 1400
0 56
0 87767
cfn=(11724)
calls=39 0 
0 48126
0 909
cfn=(12557) std::optional<walnutpie::detail::SpanW> walnutpie::detail::build_span<(walnutpie::detail::Direction)0, walnutpie::detail::NoExceptLogpGrad<run_walnuts<walnutpie::detail::Adam>(walnutpie::DynamicStanModel&, unsigned int, walnutpie::InitConfigBuilder&, unsigned long, unsigned long, bool, walnutpie::WarmupConfig&, walnutpie::SamplingConfig&, double, bool, double)::{lambda((auto:1&&)...)#1}, StanHandler>, std::mersenne_twister_engine<unsigned long, 64ul, 312ul, 156ul, 31ul, 13043109905998158313ul, 29ul, 6148914691236517205ul, 17ul, 8202884508482404352ul, 37ul, 18444473444759240704ul, 43ul, 6364136223846793005ul>, walnutpie::detail::NoOpStepSizeAdapter const>(walnutpie::detail::Random<std::mersenne_twister_engine<unsigned long, 64ul, 312ul, 156ul, 31ul, 13043109905998158313ul, 29ul, 6148914691236517205ul, 17ul, 8202884508482404352ul, 37ul, 18444473444759240704ul, 43ul, 6364136223846793005ul> >&, walnutpie::detail::NoExceptLogpGrad<run_walnuts<walnutpie::detail::Adam>(walnutpie::DynamicStanModel&, unsigned int, walnutpie::InitConfigBuilder&, unsigned long, unsigned long, bool, walnutpie::WarmupConfig&, walnutpie::SamplingConfig&, double, bool, double)::{lambda((auto:1&&)...)#1}, StanHandler> const&, Eigen::Matrix<double, -1, 1, 0, -1, 1> const&, double, unsigned long, unsigned long, unsigned long, double, walnutpie::detail::SpanW const&, walnutpie::detail::NoOpStepSizeAdapter const&) [clone .isra.0]'2
calls=27 0 
0 835337204
0 430
cob=(6)
cfi=(6)
cfn=(11314)
calls=24 0 
0 864
0 24
0 72
cob=(2)
cfi=(2)
cfn=(4562)
calls=24 0 
0 16296
0 24
0 408
cfn=(12414)
calls=24 0 
0 62172591
0 240
cob=(2)
cfi=(2)
cfn=(4266)
calls=4 0 
0 489
0 4
0 88
cob=(2)
cfi=(2)
cfn=(4266)
calls=4 0 
0 489
0 4
0 76
cob=(2)
cfi=(2)
cfn=(4266)
calls=4 0 
0 489
0 4
0 648
cfn=(11726)
calls=20 0 
0 79299
0 60
cfn=(12420)
calls=20 0 
0 1100
0 60
cfn=(12388)
calls=20 0 
0 560
0 280
cfn=(12557)
calls=20 0 
0 471624305
0 378
cfn=(12388)
calls=20 0 
0 13017
0 104
cfn=(12422)
calls=11 0 
0 29062
0 55
cfn=(12388)
calls=11 0 
0 5806
0 66
cfn=(12464)
calls=11 0 
0 3510
0 33
cfn=(12420)
calls=11 0 
0 605
0 33
cfn=(12388)
calls=11 0 
0 308
0 33

fn=(12557)
0 3316
cfn=(11734)
calls=67 0 
0 96378
0 295
cfn=(11734)
calls=59 0 
0 65844
0 504
cfn=(11734)
calls=126 0 
0 161202
0 882
cfn=(11734)
calls=126 0 
0 162222
0 801632
cob=(7)
cfi=(7)
cfn=(5000)
calls=241 0 
0 6025
0 241
0 4338
cob=(12)
cfi=(24)
cfn=(11292)
calls=241 0 
0 994478201
0 1205
cob=(7)
cfi=(7)
cfn=(5000)
calls=241 0 
0 6025
0 241
0 377335
cfn=(11724)
calls=126 0 
0 155484
0 2370
cfn=(12557)
calls=29 0 
0 810160833
0 705
cob=(6)
cfi=(6)
cfn=(11314)
calls=67 0 
0 2412
0 67
0 201
cob=(2)
cfi=(2)
cfn=(4562)
calls=67 0 
0 45493
0 67
0 1139
cfn=(12414)
calls=67 0 
0 310323648
0 786
cob=(2)
cfi=(2)
cfn=(4266)
calls=16 0 
0 1761
0 16
0 265
cob=(2)
cfi=(2)
cfn=(4266)
calls=16 0 
0 1647
0 16
0 217
cob=(2)
cfi=(2)
cfn=(4266)
calls=16 0 
0 1569
0 16
0 1380
cfn=(11726)
calls=51 0 
0 183832
0 153
cfn=(12420)
calls=51 0 
0 2805
0 153
cfn=(12388)
calls=51 0 
0 1428
0 342
cfn=(12557)
calls=20 0 
0 681481183
0 268
cfn=(12388)
calls=20 0 
0 10571
0 124
cfn=(12422)
calls=16 0 
0 42272
0 80
cfn=(12388)
calls=16 0 
0 7692
0 96
cfn=(12464)
calls=16 0 
0 5076
0 48
cfn=(12420)
calls=16 0 
0 880
0 48
cfn=(12388)
calls=16 0 
0 448
0 48

fn=(13246)
0 17
cob=(7)
cfi=(7)
cfn=(4928)
calls=1 0 
0 6
0 1
0 3
cob=(7)
cfi=(7)
cfn=(5084)
calls=1 0 
0 137
0 1
0 1

fn=(13250)
0 6

fn=(4818)
0 12
cob=(2)
cfi=(2)
cfn=(4820) (below main)
calls=1 0 
0 23673831770

fn=(4930)
0 78

fn=(4994) main
0 14
cob=(1)
cfi=(1)
cfn=(4840)
calls=1 0 
0 825
0 5
0 2
cob=(1)
cfi=(1)
cfn=(4840)
calls=1 0 
0 7502
0 5
0 1
cob=(1)
cfi=(1)
cfn=(4840)
calls=1 0 
0 828
0 5
0 26
cfn=(4870)
calls=1 0 
0 65
0 44
cfn=(4870)
calls=1 0 
0 43
0 20
cfn=(4870)
calls=1 0 
0 238
0 4
cfn=(4870)
calls=1 0 
0 43
0 6
cfn=(4896)
calls=1 0 
0 18
0 6
cfn=(4896)
calls=1 0 
0 215
0 5
cfn=(5022)
calls=1 0 
0 936
0 2
cob=(7)
cfi=(7)
cfn=(4928)
calls=1 0 
0 6
0 1
0 2
cob=(7)
cfi=(7)
cfn=(4928)
calls=1 0 
0 6
0 1
0 4
cfn=(4870)
calls=1 0 
0 247
0 4
cfn=(4870)
calls=1 0 
0 63
0 12
cfn=(4896)
calls=1 0 
0 31
0 6
cfn=(4896)
calls=1 0 
0 216
0 20
cfn=(4896)
calls=1 0 
0 31
0 5
cfn=(5032)
calls=1 0 
0 18260
0 3
cob=(7)
cfi=(7)
cfn=(4928)
calls=1 0 
0 6
0 1
0 5
cob=(7)
cfi=(7)
cfn=(4928)
calls=1 0 
0 6
0 1
0 3
cob=(7)
cfi=(7)
cfn=(4928)
calls=1 0 
0 6
0 1
0 5
cob=(7)
cfi=(7)
cfn=(4928)
calls=1 0 
0 6
0 1
0 3
cob=(7)
cfi=(7)
cfn=(4928)
calls=1 0 
0 42
0 1
0 2
cob=(7)
cfi=(7)
cfn=(4928)
calls=1 0 
0 6
0 1
0 2
cob=(7)
cfi=(7)
cfn=(4928)
calls=1 0 
0 42
0 1
0 4
cfn=(4870)
calls=1 0 
0 247
0 4
cfn=(4870)
calls=1 0 
0 65
0 6
cfn=(5146)
calls=1 0 
0 6720
0 3
cfn=(5168) CLI::Option* CLI::Option::default_val<unsigned long>(unsigned long const&)
calls=1 0 
0 7436
0 3
cob=(7)
cfi=(7)
cfn=(4928)
calls=1 0 
0 6
0 1
0 3
cob=(7)
cfi=(7)
cfn=(4928)
calls=1 0 
0 42
0 1
0 6
cfn=(4870)
calls=1 0 
0 105
0 5
cfn=(4870)
calls=1 0 
0 63
0 6
cfn=(5146)
calls=1 0 
0 6901
0 3
cfn=(5168)
calls=1 0 
0 1913
0 5
cfn=(4870)
calls=1 0 
0 43
0 3
cfn=(5294)
calls=1 0 
0 175
0 4
cfn=(5300)
calls=1 0 
0 323
0 2
cfn=(5302)
calls=1 0 
0 14
0 2
cob=(7)
cfi=(7)
cfn=(4928)
calls=1 0 
0 6
0 1
0 2
cob=(7)
cfi=(7)
cfn=(4928)
calls=1 0 
0 6
0 1
0 2
cob=(7)
cfi=(7)
cfn=(4928)
calls=1 0 
0 42
0 1
0 4
cfn=(4870)
calls=1 0 
0 105
0 4
cfn=(4870)
calls=1 0 
0 63
0 6
cfn=(5146)
calls=1 0 
0 7366
0 3
cfn=(5168)
calls=1 0 
0 1913
0 5
cfn=(4870)
calls=1 0 
0 43
0 3
cfn=(5294)
calls=1 0 
0 175
0 4
cfn=(5300)
calls=1 0 
0 323
0 2
cfn=(5302)
calls=1 0 
0 14
0 2
cob=(7)
cfi=(7)
cfn=(4928)
calls=1 0 
0 6
0 1
0 2
cob=(7)
cfi=(7)
cfn=(4928)
calls=1 0 
0 6
0 1
0 2
cob=(7)
cfi=(7)
cfn=(4928)
calls=1 0 
0 42
0 1
0 4
cfn=(4870)
calls=1 0 
0 114
0 4
cfn=(4870)
calls=1 0 
0 63
0 5
cfn=(5304) CLI::Option* CLI::App::add_flag<bool, (CLI::detail::enabler)0>(std::__cxx11::basic_string<char, std::char_traits<char>, std::allocator<char> >, bool&, std::__cxx11::basic_string<char, std::char_traits<char>, std::allocator<char> >)
calls=1 0 
0 7436
0 3
cfn=(5308)
calls=1 0 
0 2247
0 2
cob=(7)
cfi=(7)
cfn=(4928)
calls=1 0 
0 6
0 1
0 2
cob=(7)
cfi=(7)
cfn=(4928)
calls=1 0 
0 6
0 1
0 4
cfn=(4870)
calls=1 0 
0 118
0 4
cfn=(4870)
calls=1 0 
0 105
0 6
cfn=(5146)
calls=1 0 
0 11366
0 3
cfn=(5168)
calls=1 0 
0 1783
0 5
cfn=(4870)
calls=1 0 
0 43
0 3
cfn=(5294)
calls=1 0 
0 175
0 4
cfn=(5300)
calls=1 0 
0 323
0 2
cfn=(5302)
calls=1 0 
0 14
0 2
cob=(7)
cfi=(7)
cfn=(4928)
calls=1 0 
0 6
0 1
0 2
cob=(7)
cfi=(7)
cfn=(4928)
calls=1 0 
0 42
0 1
0 2
cob=(7)
cfi=(7)
cfn=(4928)
calls=1 0 
0 42
0 1
0 4
cfn=(4870)
calls=1 0 
0 114
0 4
cfn=(4870)
calls=1 0 
0 105
0 6
cfn=(5146)
calls=1 0 
0 11381
0 3
cfn=(5168)
calls=1 0 
0 1783
0 5
cfn=(4870)
calls=1 0 
0 43
0 3
cfn=(5294)
calls=1 0 
0 175
0 4
cfn=(5300)
calls=1 0 
0 323
0 2
cfn=(5302)
calls=1 0 
0 14
0 2
cob=(7)
cfi=(7)
cfn=(4928)
calls=1 0 
0 6
0 1
0 2
cob=(7)
cfi=(7)
cfn=(4928)
calls=1 0 
0 42
0 1
0 2
cob=(7)
cfi=(7)
cfn=(4928)
calls=1 0 
0 42
0 1
0 4
cfn=(4870)
calls=1 0 
0 114
0 4
cfn=(4870)
calls=1 0 
0 105
0 6
cfn=(5146)
calls=1 0 
0 10267
0 3
cfn=(5168)
calls=1 0 
0 1783
0 5
cfn=(4870)
calls=1 0 
0 43
0 3
cfn=(5294)
calls=1 0 
0 175
0 4
cfn=(5300)
calls=1 0 
0 323
0 2
cfn=(5302)
calls=1 0 
0 14
0 2
cob=(7)
cfi=(7)
cfn=(4928)
calls=1 0 
0 6
0 1
0 2
cob=(7)
cfi=(7)
cfn=(4928)
calls=1 0 
0 42
0 1
0 2
cob=(7)
cfi=(7)
cfn=(4928)
calls=1 0 
0 42
0 1
0 4
cfn=(4870)
calls=1 0 
0 114
0 4
cfn=(4870)
calls=1 0 
0 105
0 6
cfn=(5326)
calls=1 0 
0 12271
0 3
cfn=(5332)
calls=1 0 
0 5516
0 5
cfn=(4870)
calls=1 0 
0 43
0 3
cfn=(5294)
calls=1 0 
0 175
0 4
cfn=(5300)
calls=1 0 
0 323
0 2
cfn=(5302)
calls=1 0 
0 14
0 2
cob=(7)
cfi=(7)
cfn=(4928)
calls=1 0 
0 6
0 1
0 2
cob=(7)
cfi=(7)
cfn=(4928)
calls=1 0 
0 42
0 1
0 2
cob=(7)
cfi=(7)
cfn=(4928)
calls=1 0 
0 42
0 1
0 4
cfn=(4870)
calls=1 0 
0 265
0 4
cfn=(4870)
calls=1 0 
0 63
0 6
cfn=(5936)
calls=1 0 
0 10607
0 3
cfn=(5942)
calls=1 0 
0 609
0 2
cob=(7)
cfi=(7)
cfn=(4928)
calls=1 0 
0 6
0 1
0 2
cob=(7)
cfi=(7)
cfn=(4928)
calls=1 0 
0 42
0 1
0 4
cfn=(4870)
calls=1 0 
0 118
0 4
cfn=(4870)
calls=1 0 
0 65
0 6
cfn=(5326)
calls=1 0 
0 10649
0 3
cfn=(5332)
calls=1 0 
0 3554
0 5
cfn=(4870)
calls=1 0 
0 43
0 3
cfn=(5294)
calls=1 0 
0 175
0 4
cfn=(5300)
calls=1 0 
0 190
0 2
cfn=(5302)
calls=1 0 
0 14
0 2
cob=(7)
cfi=(7)
cfn=(4928)
calls=1 0 
0 6
0 1
0 2
cob=(7)
cfi=(7)
cfn=(4928)
calls=1 0 
0 6
0 1
0 2
cob=(7)
cfi=(7)
cfn=(4928)
calls=1 0 
0 42
0 1
0 4
cfn=(4870)
calls=1 0 
0 114
0 4
cfn=(4870)
calls=1 0 
0 105
0 6
cfn=(5326)
calls=1 0 
0 12308
0 3
cfn=(5332)
calls=1 0 
0 3554
0 5
cfn=(4870)
calls=1 0 
0 43
0 9
cfn=(4976)
calls=1 0 
0 12138
0 29
cob=(7)
cfi=(7)
cfn=(4974)
calls=1 0 
0 33
0 1
0 9
cfn=(5300)
calls=1 0 
0 190
0 3
cfn=(5302)
calls=1 0 
0 14
0 2
cfn=(5302)
calls=1 0 
0 14
0 2
cob=(7)
cfi=(7)
cfn=(4928)
calls=1 0 
0 6
0 1
0 2
cob=(7)
cfi=(7)
cfn=(4928)
calls=1 0 
0 6
0 1
0 2
cob=(7)
cfi=(7)
cfn=(4928)
calls=1 0 
0 42
0 1
0 2
cob=(7)
cfi=(7)
cfn=(4928)
calls=1 0 
0 42
0 1
0 6
cfn=(4870)
calls=1 0 
0 114
0 4
cfn=(4870)
calls=1 0 
0 105
0 6
cfn=(5326)
calls=1 0 
0 15050
0 3
cfn=(5332)
calls=1 0 
0 4466
0 5
cfn=(4870)
calls=1 0 
0 43
0 3
cfn=(5294)
calls=1 0 
0 175
0 4
cfn=(5300)
calls=1 0 
0 190
0 2
cfn=(5302)
calls=1 0 
0 14
0 2
cob=(7)
cfi=(7)
cfn=(4928)
calls=1 0 
0 6
0 1
0 2
cob=(7)
cfi=(7)
cfn=(4928)
calls=1 0 
0 42
0 1
0 3
cob=(7)
cfi=(7)
cfn=(4928)
calls=1 0 
0 42
0 1
0 5
cfn=(4870)
calls=1 0 
0 105
0 4
cfn=(4870)
calls=1 0 
0 105
0 6
cfn=(5326)
calls=1 0 
0 15470
0 3
cfn=(5332)
calls=1 0 
0 3865
0 5
cfn=(4870)
calls=1 0 
0 43
0 3
cfn=(5294)
calls=1 0 
0 175
0 4
cfn=(5300)
calls=1 0 
0 323
0 2
cfn=(5302)
calls=1 0 
0 14
0 2
cob=(7)
cfi=(7)
cfn=(4928)
calls=1 0 
0 6
0 1
0 2
cob=(7)
cfi=(7)
cfn=(4928)
calls=1 0 
0 42
0 1
0 3
cob=(7)
cfi=(7)
cfn=(4928)
calls=1 0 
0 42
0 1
0 5
cfn=(4870)
calls=1 0 
0 118
0 4
cfn=(4870)
calls=1 0 
0 105
0 6
cfn=(5326)
calls=1 0 
0 13491
0 3
cfn=(5332)
calls=1 0 
0 3554
0 5
cfn=(4870)
calls=1 0 
0 43
0 3
cfn=(5294)
calls=1 0 
0 175
0 4
cfn=(5300)
calls=1 0 
0 323
0 2
cfn=(5302)
calls=1 0 
0 14
0 2
cob=(7)
cfi=(7)
cfn=(4928)
calls=1 0 
0 6
0 1
0 2
cob=(7)
cfi=(7)
cfn=(4928)
calls=1 0 
0 42
0 1
0 2
cob=(7)
cfi=(7)
cfn=(4928)
calls=1 0 
0 42
0 1
0 4
cfn=(4870)
calls=1 0 
0 114
0 4
cfn=(4870)
calls=1 0 
0 105
0 6
cfn=(5326)
calls=1 0 
0 16297
0 3
cfn=(5332)
calls=1 0 
0 4015
0 5
cfn=(4870)
calls=1 0 
0 43
0 8
cfn=(4976)
calls=1 0 
0 7679
0 29
cob=(7)
cfi=(7)
cfn=(4974)
calls=1 0 
0 33
0 1
0 9
cfn=(5300)
calls=1 0 
0 323
0 3
cfn=(5302)
calls=1 0 
0 14
0 2
cfn=(5302)
calls=1 0 
0 14
0 2
cob=(7)
cfi=(7)
cfn=(4928)
calls=1 0 
0 6
0 1
0 3
cob=(7)
cfi=(7)
cfn=(4928)
calls=1 0 
0 6
0 1
0 2
cob=(7)
cfi=(7)
cfn=(4928)
calls=1 0 
0 42
0 1
0 2
cob=(7)
cfi=(7)
cfn=(4928)
calls=1 0 
0 42
0 1
0 4
cfn=(4870)
calls=1 0 
0 265
0 4
cfn=(4870)
calls=1 0 
0 105
0 6
cfn=(5936)
calls=1 0 
0 15145
0 3
cfn=(5942)
calls=1 0 
0 690
0 5
cfn=(4870)
calls=1 0 
0 43
0 2
cob=(7)
cfi=(7)
cfn=(4902)
calls=1 0 
0 42
0 1
0 31
cob=(7)
cfi=(7)
cfn=(4902)
calls=1 0 
0 42
0 1
0 10
cob=(7)
cfi=(7)
cfn=(4902)
calls=1 0 
0 42
0 1
0 13
cob=(7)
cfi=(7)
cfn=(4902)
calls=1 0 
0 42
0 1
0 17
cob=(7)
cfi=(7)
cfn=(4902)
calls=1 0 
0 42
0 1
0 14
cob=(7)
cfi=(7)
cfn=(5084)
calls=1 0 
0 37
0 1
0 17
cob=(7)
cfi=(7)
cfn=(4974)
calls=1 0 
0 33
0 1
0 8
cfn=(5300)
calls=1 0 
0 190
0 3
cfn=(5302)
calls=1 0 
0 14
0 3
cfn=(5302)
calls=1 0 
0 14
0 2
cob=(7)
cfi=(7)
cfn=(4928)
calls=1 0 
0 6
0 1
0 2
cob=(7)
cfi=(7)
cfn=(4928)
calls=1 0 
0 42
0 1
0 2
cob=(7)
cfi=(7)
cfn=(4928)
calls=1 0 
0 42
0 1
0 4
cfn=(4870)
calls=1 0 
0 261
0 4
cfn=(4870)
calls=1 0 
0 105
0 6
cfn=(5146)
calls=1 0 
0 18113
0 3
cfn=(5168)
calls=1 0 
0 1783
0 5
cfn=(4870)
calls=1 0 
0 43
0 3
cfn=(5294)
calls=1 0 
0 175
0 4
cfn=(5300)
calls=1 0 
0 190
0 2
cfn=(5302)
calls=1 0 
0 14
0 2
cob=(7)
cfi=(7)
cfn=(4928)
calls=1 0 
0 6
0 1
0 2
cob=(7)
cfi=(7)
cfn=(4928)
calls=1 0 
0 42
0 1
0 2
cob=(7)
cfi=(7)
cfn=(4928)
calls=1 0 
0 42
0 1
0 4
cfn=(4870)
calls=1 0 
0 105
0 4
cfn=(4870)
calls=1 0 
0 63
0 6
cfn=(5326)
calls=1 0 
0 15026
0 3
cfn=(5332)
calls=1 0 
0 4180
0 2
cob=(7)
cfi=(7)
cfn=(4928)
calls=1 0 
0 6
0 1
0 2
cob=(7)
cfi=(7)
cfn=(4928)
calls=1 0 
0 42
0 1
0 4
cfn=(4870)
calls=1 0 
0 114
0 4
cfn=(4870)
calls=1 0 
0 65
0 6
cfn=(5326)
calls=1 0 
0 14934
0 3
cfn=(5332)
calls=1 0 
0 3829
0 2
cob=(7)
cfi=(7)
cfn=(4928)
calls=1 0 
0 6
0 1
0 2
cob=(7)
cfi=(7)
cfn=(4928)
calls=1 0 
0 42
0 1
0 4
cfn=(4870)
calls=1 0 
0 114
0 4
cfn=(4870)
calls=1 0 
0 63
0 6
cfn=(5326)
calls=1 0 
0 15421
0 3
cfn=(5332)
calls=1 0 
0 4028
0 2
cob=(7)
cfi=(7)
cfn=(4928)
calls=1 0 
0 6
0 1
0 2
cob=(7)
cfi=(7)
cfn=(4928)
calls=1 0 
0 42
0 1
0 4
cfn=(4870)
calls=1 0 
0 118
0 4
cfn=(4870)
calls=1 0 
0 105
0 6
cfn=(5326)
calls=1 0 
0 17007
0 3
cfn=(5332)
calls=1 0 
0 3330
0 2
cob=(7)
cfi=(7)
cfn=(4928)
calls=1 0 
0 42
0 1
0 2
cob=(7)
cfi=(7)
cfn=(4928)
calls=1 0 
0 42
0 1
0 4
cfn=(4870)
calls=1 0 
0 118
0 4
cfn=(4870)
calls=1 0 
0 105
0 5
cfn=(5304)
calls=1 0 
0 19807
0 2
cob=(7)
cfi=(7)
cfn=(4928)
calls=1 0 
0 42
0 1
0 2
cob=(7)
cfi=(7)
cfn=(4928)
calls=1 0 
0 6
0 1
0 4
cfn=(4870)
calls=1 0 
0 128
0 4
cfn=(4870)
calls=1 0 
0 105
0 6
cfn=(5326)
calls=1 0 
0 20613
0 3
cfn=(5332)
calls=1 0 
0 3330
0 2
cob=(7)
cfi=(7)
cfn=(4928)
calls=1 0 
0 42
0 1
0 2
cob=(7)
cfi=(7)
cfn=(4928)
calls=1 0 
0 42
0 1
0 4
cfn=(4870)
calls=1 0 
0 128
0 4
cfn=(4870)
calls=1 0 
0 105
0 6
cfn=(5326)
calls=1 0 
0 18481
0 3
cfn=(5332)
calls=1 0 
0 3330
0 2
cob=(7)
cfi=(7)
cfn=(4928)
calls=1 0 
0 42
0 1
0 2
cob=(7)
cfi=(7)
cfn=(4928)
calls=1 0 
0 42
0 1
0 4
cfn=(4870)
calls=1 0 
0 298
0 4
cfn=(4870)
calls=1 0 
0 63
0 6
cfn=(5326)
calls=1 0 
0 18235
0 3
cfn=(5332)
calls=1 0 
0 3330
0 2
cob=(7)
cfi=(7)
cfn=(4928)
calls=1 0 
0 6
0 1
0 2
cob=(7)
cfi=(7)
cfn=(4928)
calls=1 0 
0 42
0 1
0 4
cfn=(4870)
calls=1 0 
0 277
0 4
cfn=(4870)
calls=1 0 
0 63
0 5
cfn=(5304)
calls=1 0 
0 18516
0 2
cob=(7)
cfi=(7)
cfn=(4928)
calls=1 0 
0 6
0 1
0 2
cob=(7)
cfi=(7)
cfn=(4928)
calls=1 0 
0 6
0 1
0 4
cfn=(4870)
calls=1 0 
0 128
0 4
cfn=(4870)
calls=1 0 
0 63
0 6
cfn=(5146)
calls=1 0 
0 18826
0 3
cfn=(5168)
calls=1 0 
0 1794
0 2
cob=(7)
cfi=(7)
cfn=(4928)
calls=1 0 
0 6
0 1
0 2
cob=(7)
cfi=(7)
cfn=(4928)
calls=1 0 
0 42
0 1
0 4
cfn=(4870)
calls=1 0 
0 277
0 4
cfn=(4870)
calls=1 0 
0 63
0 6
cfn=(5146)
calls=1 0 
0 19652
0 3
cfn=(5168)
calls=1 0 
0 1794
0 5
cfn=(4870)
calls=1 0 
0 43
0 9
cfn=(4896)
calls=1 0 
0 18
0 3
cfn=(4894)
calls=1 0 
0 130
0 2
cob=(7)
cfi=(7)
cfn=(4928)
calls=1 0 
0 6
0 1
0 4
cob=(7)
cfi=(7)
cfn=(5174)
calls=1 0 
0 591
0 1
0 4
cob=(7)
cfi=(7)
cfn=(6032)
calls=1 0 
0 208
0 1
0 4
cob=(7)
cfi=(7)
cfn=(6032)
calls=1 0 
0 121
0 1
0 3
cob=(1)
cfi=(1)
cfn=(4840)
calls=1 0 
0 968
0 5
0 5
cob=(7)
cfi=(7)
cfn=(6032)
calls=1 0 
0 124
0 1
0 3
cob=(7)
cfi=(7)
cfn=(6636) std::ostream::operator<<(int)
calls=1 0 
0 279
0 1
0 3
cob=(1)
cfi=(1)
cfn=(4840)
calls=1 0 
0 1079
0 5
0 3
cob=(7)
cfi=(7)
cfn=(5212)
calls=1 0 
0 56
0 1
0 5
cfn=(4896)
calls=1 0 
0 31
0 14
cob=(7)
cfi=(7)
cfn=(4902)
calls=1 0 
0 42
0 1
0 4
cob=(7)
cfi=(7)
cfn=(4974)
calls=1 0 
0 31
0 1
0 19
cfn=(5296)
calls=1 0 
0 66
0 2
cob=(7)
cfi=(7)
cfn=(4928)
calls=1 0 
0 6
0 1
0 2
cob=(7)
cfi=(7)
cfn=(4928)
calls=1 0 
0 6
0 1
0 2
cob=(7)
cfi=(7)
cfn=(5218)
calls=1 0 
0 79
0 1
0 22
cfn=(4930)
calls=1 0 
0 6
0 29
cob=(7)
cfi=(7)
cfn=(4974)
calls=1 0 
0 33
0 1
0 8
cfn=(5300)
calls=1 0 
0 190
0 3
cfn=(5302)
calls=1 0 
0 14
0 3
cfn=(5302)
calls=1 0 
0 14
0 2
cob=(7)
cfi=(7)
cfn=(4928)
calls=1 0 
0 6
0 1
0 2
cob=(7)
cfi=(7)
cfn=(4928)
calls=1 0 
0 6
0 1
0 2
cob=(7)
cfi=(7)
cfn=(4928)
calls=1 0 
0 6
0 1
0 2
cob=(7)
cfi=(7)
cfn=(4928)
calls=1 0 
0 42
0 1
0 4
cfn=(4870)
calls=1 0 
0 304
0 4
cfn=(4870)
calls=1 0 
0 105
0 6
cfn=(5326)
calls=1 0 
0 24624
0 3
cfn=(5332)
calls=1 0 
0 3330
0 5
cfn=(4870)
calls=1 0 
0 43
0 3
cfn=(5294)
calls=1 0 
0 175
0 4
cfn=(5300)
calls=1 0 
0 323
0 2
cfn=(5302)
calls=1 0 
0 14
0 2
cob=(7)
cfi=(7)
cfn=(4928)
calls=1 0 
0 6
0 1
0 2
cob=(7)
cfi=(7)
cfn=(4928)
calls=1 0 
0 42
0 1
0 3
cob=(7)
cfi=(7)
cfn=(4928)
calls=1 0 
0 42
0 1
0 5
cfn=(4870)
calls=1 0 
0 144
0 4
cfn=(4870)
calls=1 0 
0 63
0 6
cfn=(5146)
calls=1 0 
0 20581
0 3
cfn=(5168)
calls=1 0 
0 1783
0 5
cfn=(4870)
calls=1 0 
0 43
0 3
cfn=(5294)
calls=1 0 
0 175
0 4
cfn=(5300)
calls=1 0 
0 323
0 2
cfn=(5302)
calls=1 0 
0 14
0 2
cob=(7)
cfi=(7)
cfn=(4928)
calls=1 0 
0 6
0 1
0 2
cob=(7)
cfi=(7)
cfn=(4928)
calls=1 0 
0 6
0 1
0 3
cob=(7)
cfi=(7)
cfn=(4928)
calls=1 0 
0 42
0 1
0 5
cfn=(4870)
calls=1 0 
0 169
0 4
cfn=(4870)
calls=1 0 
0 105
0 6
cfn=(5326)
calls=1 0 
0 25507
0 3
cfn=(5332)
calls=1 0 
0 3330
0 5
cfn=(4870)
calls=1 0 
0 43
0 3
cfn=(5294)
calls=1 0 
0 175
0 4
cfn=(5300)
calls=1 0 
0 323
0 2
cfn=(5302)
calls=1 0 
0 14
0 2
cob=(7)
cfi=(7)
cfn=(4928)
calls=1 0 
0 6
0 1
0 2
cob=(7)
cfi=(7)
cfn=(4928)
calls=1 0 
0 42
0 1
0 3
cob=(7)
cfi=(7)
cfn=(4928)
calls=1 0 
0 42
0 1
0 5
cfn=(4870)
calls=1 0 
0 118
0 4
cfn=(4870)
calls=1 0 
0 105
0 6
cfn=(5146)
calls=1 0 
0 22869
0 3
cfn=(5168)
calls=1 0 
0 1918
0 5
cfn=(4870)
calls=1 0 
0 43
0 3
cfn=(5294)
calls=1 0 
0 175
0 4
cfn=(5300)
calls=1 0 
0 323
0 2
cfn=(5302)
calls=1 0 
0 14
0 2
cob=(7)
cfi=(7)
cfn=(4928)
calls=1 0 
0 6
0 1
0 2
cob=(7)
cfi=(7)
cfn=(4928)
calls=1 0 
0 42
0 1
0 3
cob=(7)
cfi=(7)
cfn=(4928)
calls=1 0 
0 42
0 1
0 4
cfn=(4870)
calls=1 0 
0 128
0 4
cfn=(4870)
calls=1 0 
0 105
0 6
cfn=(5146)
calls=1 0 
0 26681
0 3
cfn=(5168)
calls=1 0 
0 1913
0 2
cob=(7)
cfi=(7)
cfn=(4928)
calls=1 0 
0 42
0 1
0 2
cob=(7)
cfi=(7)
cfn=(4928)
calls=1 0 
0 42
0 1
0 4
cfn=(4870)
calls=1 0 
0 144
0 4
cfn=(4870)
calls=1 0 
0 63
0 6
cfn=(5146)
calls=1 0 
0 22285
0 3
cfn=(5168)
calls=1 0 
0 1794
0 2
cob=(7)
cfi=(7)
cfn=(4928)
calls=1 0 
0 6
0 1
0 2
cob=(7)
cfi=(7)
cfn=(4928)
calls=1 0 
0 42
0 1
0 4
cfn=(4870)
calls=1 0 
0 302
0 4
cfn=(4870)
calls=1 0 
0 63
0 6
cfn=(5146)
calls=1 0 
0 23138
0 3
cfn=(5168)
calls=1 0 
0 1794
0 2
cob=(7)
cfi=(7)
cfn=(4928)
calls=1 0 
0 6
0 1
0 2
cob=(7)
cfi=(7)
cfn=(4928)
calls=1 0 
0 42
0 1
0 4
cfn=(4870)
calls=1 0 
0 265
0 4
cfn=(4870)
calls=1 0 
0 105
0 6
cfn=(5326)
calls=1 0 
0 24562
0 3
cfn=(5332)
calls=1 0 
0 3330
0 2
cob=(7)
cfi=(7)
cfn=(4928)
calls=1 0 
0 42
0 1
0 2
cob=(7)
cfi=(7)
cfn=(4928)
calls=1 0 
0 42
0 1
0 4
cfn=(4870)
calls=1 0 
0 114
0 4
cfn=(4870)
calls=1 0 
0 105
0 6
cfn=(5146)
calls=1 0 
0 24929
0 3
cfn=(5168)
calls=1 0 
0 1794
0 2
cob=(7)
cfi=(7)
cfn=(4928)
calls=1 0 
0 42
0 1
0 2
cob=(7)
cfi=(7)
cfn=(4928)
calls=1 0 
0 42
0 1
0 4
cfn=(4870)
calls=1 0 
0 136
0 4
cfn=(4870)
calls=1 0 
0 63
0 6
cfn=(5146)
calls=1 0 
0 24613
0 3
cfn=(5168)
calls=1 0 
0 1794
0 2
cob=(7)
cfi=(7)
cfn=(4928)
calls=1 0 
0 6
0 1
0 2
cob=(7)
cfi=(7)
cfn=(4928)
calls=1 0 
0 42
0 1
0 4
cfn=(4870)
calls=1 0 
0 137
0 4
cfn=(4870)
calls=1 0 
0 105
0 6
cfn=(5326)
calls=1 0 
0 29846
0 3
cfn=(5332)
calls=1 0 
0 3330
0 2
cob=(7)
cfi=(7)
cfn=(4928)
calls=1 0 
0 42
0 1
0 2
cob=(7)
cfi=(7)
cfn=(4928)
calls=1 0 
0 42
0 1
0 4
cfn=(4870)
calls=1 0 
0 161
0 4
cfn=(4870)
calls=1 0 
0 105
0 6
cfn=(5326)
calls=1 0 
0 30597
0 3
cfn=(5332)
calls=1 0 
0 3330
0 2
cob=(7)
cfi=(7)
cfn=(4928)
calls=1 0 
0 42
0 1
0 2
cob=(7)
cfi=(7)
cfn=(4928)
calls=1 0 
0 42
0 1
0 4
cfn=(4870)
calls=1 0 
0 165
0 4
cfn=(4870)
calls=1 0 
0 105
0 6
cfn=(5326)
calls=1 0 
0 31064
0 3
cfn=(5332)
calls=1 0 
0 3330
0 2
cob=(7)
cfi=(7)
cfn=(4928)
calls=1 0 
0 42
0 1
0 2
cob=(7)
cfi=(7)
cfn=(4928)
calls=1 0 
0 42
0 1
0 4
cfn=(4870)
calls=1 0 
0 265
0 4
cfn=(4870)
calls=1 0 
0 105
0 5
cfn=(5304)
calls=1 0 
0 31759
0 2
cob=(7)
cfi=(7)
cfn=(4928)
calls=1 0 
0 42
0 1
0 2
cob=(7)
cfi=(7)
cfn=(4928)
calls=1 0 
0 6
0 1
0 4
cfn=(4870)
calls=1 0 
0 132
0 4
cfn=(4870)
calls=1 0 
0 105
0 5
cfn=(5304)
calls=1 0 
0 32046
0 2
cob=(7)
cfi=(7)
cfn=(4928)
calls=1 0 
0 42
0 1
0 2
cob=(7)
cfi=(7)
cfn=(4928)
calls=1 0 
0 6
0 1
0 4
cfn=(4870)
calls=1 0 
0 118
0 4
cfn=(4870)
calls=1 0 
0 105
0 6
cfn=(5326)
calls=1 0 
0 28076
0 3
cfn=(5332)
calls=1 0 
0 3330
0 2
cob=(7)
cfi=(7)
cfn=(4928)
calls=1 0 
0 42
0 1
0 2
cob=(7)
cfi=(7)
cfn=(4928)
calls=1 0 
0 42
0 1
0 5
cfn=(4870)
calls=1 0 
0 114
0 4
cfn=(4870)
calls=1 0 
0 105
0 6
cfn=(5326)
calls=1 0 
0 33798
0 3
cfn=(5332)
calls=1 0 
0 4180
0 5
cfn=(4870)
calls=1 0 
0 43
0 3
cfn=(5294)
calls=1 0 
0 175
0 4
cfn=(5300)
calls=1 0 
0 190
0 2
cfn=(5302)
calls=1 0 
0 14
0 2
cob=(7)
cfi=(7)
cfn=(4928)
calls=1 0 
0 6
0 1
0 2
cob=(7)
cfi=(7)
cfn=(4928)
calls=1 0 
0 42
0 1
0 2
cob=(7)
cfi=(7)
cfn=(4928)
calls=1 0 
0 42
0 1
0 4
cfn=(4870)
calls=1 0 
0 118
0 4
cfn=(4870)
calls=1 0 
0 105
0 6
cfn=(5326)
calls=1 0 
0 33677
0 3
cfn=(5332)
calls=1 0 
0 4015
0 5
cfn=(4870)
calls=1 0 
0 43
0 8
cfn=(4976)
calls=1 0 
0 8072
0 29
cob=(7)
cfi=(7)
cfn=(4974)
calls=1 0 
0 33
0 1
0 9
cfn=(5300)
calls=1 0 
0 190
0 3
cfn=(5302)
calls=1 0 
0 14
0 2
cfn=(5302)
calls=1 0 
0 14
0 2
cob=(7)
cfi=(7)
cfn=(4928)
calls=1 0 
0 6
0 1
0 4
cob=(7)
cfi=(7)
cfn=(4928)
calls=1 0 
0 6
0 1
0 2
cob=(7)
cfi=(7)
cfn=(4928)
calls=1 0 
0 42
0 1
0 2
cob=(7)
cfi=(7)
cfn=(4928)
calls=1 0 
0 42
0 1
0 4
cfn=(4870)
calls=1 0 
0 128
0 4
cfn=(4870)
calls=1 0 
0 105
0 6
cfn=(5326)
calls=1 0 
0 35153
0 3
cfn=(5332)
calls=1 0 
0 4009
0 5
cfn=(4870)
calls=1 0 
0 43
0 8
cfn=(4976)
calls=1 0 
0 7679
0 29
cob=(7)
cfi=(7)
cfn=(4974)
calls=1 0 
0 33
0 1
0 9
cfn=(5300)
calls=1 0 
0 323
0 3
cfn=(5302)
calls=1 0 
0 14
0 2
cfn=(5302)
calls=1 0 
0 14
0 2
cob=(7)
cfi=(7)
cfn=(4928)
calls=1 0 
0 6
0 1
0 2
cob=(7)
cfi=(7)
cfn=(4928)
calls=1 0 
0 6
0 1
0 2
cob=(7)
cfi=(7)
cfn=(4928)
calls=1 0 
0 42
0 1
0 2
cob=(7)
cfi=(7)
cfn=(4928)
calls=1 0 
0 42
0 1
0 6
cfn=(4870)
calls=1 0 
0 118
0 4
cfn=(4870)
calls=1 0 
0 105
0 6
cfn=(5326)
calls=1 0 
0 35038
0 3
cfn=(5332)
calls=1 0 
0 4253
0 5
cfn=(4870)
calls=1 0 
0 43
0 3
cfn=(5294)
calls=1 0 
0 175
0 4
cfn=(5300)
calls=1 0 
0 323
0 2
cfn=(5302)
calls=1 0 
0 14
0 2
cob=(7)
cfi=(7)
cfn=(4928)
calls=1 0 
0 6
0 1
0 2
cob=(7)
cfi=(7)
cfn=(4928)
calls=1 0 
0 42
0 1
0 2
cob=(7)
cfi=(7)
cfn=(4928)
calls=1 0 
0 42
0 1
0 4
cfn=(4870)
calls=1 0 
0 114
0 4
cfn=(4870)
calls=1 0 
0 105
0 6
cfn=(5326)
calls=1 0 
0 35806
0 3
cfn=(5332)
calls=1 0 
0 4012
0 5
cfn=(4870)
calls=1 0 
0 43
0 8
cfn=(4976)
calls=1 0 
0 7945
0 29
cob=(7)
cfi=(7)
cfn=(4974)
calls=1 0 
0 33
0 1
0 9
cfn=(5300)
calls=1 0 
0 323
0 3
cfn=(5302)
calls=1 0 
0 14
0 3
cfn=(5302)
calls=1 0 
0 14
0 2
cob=(7)
cfi=(7)
cfn=(4928)
calls=1 0 
0 6
0 1
0 2
cob=(7)
cfi=(7)
cfn=(4928)
calls=1 0 
0 6
0 1
0 2
cob=(7)
cfi=(7)
cfn=(4928)
calls=1 0 
0 42
0 1
0 2
cob=(7)
cfi=(7)
cfn=(4928)
calls=1 0 
0 42
0 1
0 4
cfn=(4870)
calls=1 0 
0 114
0 4
cfn=(4870)
calls=1 0 
0 65
0 6
cfn=(5936)
calls=1 0 
0 75334
0 6
cfn=(4870)
calls=1 0 
0 43
0 3
cfn=(5294)
calls=1 0 
0 172
0 4
cfn=(5300)
calls=1 0 
0 323
0 2
cfn=(5302)
calls=1 0 
0 14
0 2
cob=(7)
cfi=(7)
cfn=(4928)
calls=1 0 
0 6
0 1
0 2
cob=(7)
cfi=(7)
cfn=(4928)
calls=1 0 
0 6
0 1
0 2
cob=(7)
cfi=(7)
cfn=(4928)
calls=1 0 
0 42
0 1
0 4
cfn=(4870)
calls=1 0 
0 118
0 4
cfn=(4870)
calls=1 0 
0 65
0 6
cfn=(5936)
calls=1 0 
0 75996
0 5
cfn=(4870)
calls=1 0 
0 43
0 3
cfn=(5294)
calls=1 0 
0 172
0 4
cfn=(5300)
calls=1 0 
0 323
0 2
cfn=(5302)
calls=1 0 
0 14
0 2
cob=(7)
cfi=(7)
cfn=(4928)
calls=1 0 
0 6
0 1
0 2
cob=(7)
cfi=(7)
cfn=(4928)
calls=1 0 
0 6
0 1
0 2
cob=(7)
cfi=(7)
cfn=(4928)
calls=1 0 
0 42
0 1
0 4
cfn=(4870)
calls=1 0 
0 238
0 4
cfn=(4870)
calls=1 0 
0 63
0 8
cfn=(5936)
calls=1 0 
0 31931
0 5
cfn=(4870)
calls=1 0 
0 43
0 3
cfn=(5294)
calls=1 0 
0 221
0 4
cfn=(5300)
calls=1 0 
0 323
0 2
cfn=(5302)
calls=1 0 
0 14
0 2
cob=(7)
cfi=(7)
cfn=(4928)
calls=1 0 
0 6
0 1
0 2
cob=(7)
cfi=(7)
cfn=(4928)
calls=1 0 
0 6
0 1
0 2
cob=(7)
cfi=(7)
cfn=(4928)
calls=1 0 
0 42
0 1
0 11
cfn=(6686)
calls=1 0 
0 219
0 60
cfn=(4870)
calls=14 0 
0 1102
0 146
cfn=(6688)
calls=1 0 
0 1310
0 2
cfn=(6690)
calls=1 0 
0 14
0 4
cfn=(6692)
calls=1 0 
0 10
0 5
cfn=(6694)
calls=1 0 
0 16
0 34
cfn=(6696)
calls=8 0 
0 57763
0 31
cfn=(6722) CLI::App::_process_help_flags(bool, bool) const
calls=1 0 
0 25
0 2
cfn=(6724)
calls=1 0 
0 14
0 2
cfn=(6726)
calls=1 0 
0 493
0 2
cfn=(6728)
calls=1 0 
0 14642
0 2
cfn=(6798)
calls=1 0 
0 622
0 2
cfn=(6800)
calls=1 0 
0 25
0 4
cfn=(6802)
calls=1 0 
0 34
0 2
cfn=(5114)
calls=1 0 
0 55
0 2
cfn=(6804) CLI::App::~App()
calls=1 0 
0 46999
0 6
cfn=(6894)
calls=1 0 
0 18591399
0 4
cob=(2)
cfi=(2)
cfn=(4884)
calls=1 0 
0 65
0 1
0 5
cfn=(4870)
calls=1 0 
0 63
0 3
cfn=(10850)
calls=1 0 
0 17
0 2
cob=(7)
cfi=(7)
cfn=(4928)
calls=1 0 
0 6
0 1
0 9
cfn=(4870)
calls=1 0 
0 105
0 3
cfn=(10850)
calls=1 0 
0 17
0 2
cob=(7)
cfi=(7)
cfn=(4928)
calls=1 0 
0 42
0 1
0 5
cfn=(4870)
calls=1 0 
0 105
0 3
cfn=(10850)
calls=1 0 
0 17
0 2
cob=(7)
cfi=(7)
cfn=(4928)
calls=1 0 
0 42
0 1
0 9
cfn=(4870)
calls=1 0 
0 105
0 3
cfn=(10852)
calls=1 0 
0 15
0 2
cob=(7)
cfi=(7)
cfn=(4928)
calls=1 0 
0 42
0 1
0 5
cfn=(4870)
calls=1 0 
0 105
0 3
cfn=(10850)
calls=1 0 
0 17
0 2
cob=(7)
cfi=(7)
cfn=(4928)
calls=1 0 
0 42
0 1
0 9
cfn=(4870)
calls=1 0 
0 105
0 3
cfn=(10852)
calls=1 0 
0 15
0 2
cob=(7)
cfi=(7)
cfn=(4928)
calls=1 0 
0 42
0 1
0 5
cfn=(4870)
calls=1 0 
0 105
0 3
cfn=(10852)
calls=1 0 
0 15
0 2
cob=(7)
cfi=(7)
cfn=(4928)
calls=1 0 
0 42
0 1
0 9
cfn=(4870)
calls=1 0 
0 105
0 3
cfn=(10850)
calls=1 0 
0 17
0 2
cob=(7)
cfi=(7)
cfn=(4928)
calls=1 0 
0 42
0 1
0 5
cfn=(4870)
calls=1 0 
0 105
0 3
cfn=(10852)
calls=1 0 
0 15
0 2
cob=(7)
cfi=(7)
cfn=(4928)
calls=1 0 
0 42
0 1
0 9
cfn=(4870)
calls=1 0 
0 63
0 3
cfn=(10850)
calls=1 0 
0 17
0 2
cob=(7)
cfi=(7)
cfn=(4928)
calls=1 0 
0 6
0 1
0 5
cfn=(4870)
calls=1 0 
0 65
0 3
cfn=(10850)
calls=1 0 
0 17
0 2
cob=(7)
cfi=(7)
cfn=(4928)
calls=1 0 
0 6
0 1
0 9
cfn=(4870)
calls=1 0 
0 63
0 3
cfn=(10852)
calls=1 0 
0 15
0 2
cob=(7)
cfi=(7)
cfn=(4928)
calls=1 0 
0 6
0 1
0 80
cob=(2)
cfi=(2)
cfn=(4884)
calls=1 0 
0 65
0 1
0 12
cfn=(4870)
calls=1 0 
0 63
0 3
cfn=(10854)
calls=1 0 
0 11
0 2
cob=(7)
cfi=(7)
cfn=(4928)
calls=1 0 
0 6
0 1
0 11
cob=(2)
cfi=(2)
cfn=(4884)
calls=1 0 
0 65
0 1
0 8
cfn=(4870)
calls=1 0 
0 105
0 3
cfn=(10850)
calls=1 0 
0 17
0 2
cob=(7)
cfi=(7)
cfn=(4928)
calls=1 0 
0 42
0 1
0 5
cfn=(4870)
calls=1 0 
0 63
0 3
cfn=(10854)
calls=1 0 
0 11
0 2
cob=(7)
cfi=(7)
cfn=(4928)
calls=1 0 
0 6
0 1
0 12
cfn=(10856)
calls=1 0 
0 256068
0 13
cob=(12)
cfi=(24)
cfn=(12740)
calls=1 0 
0 42
0 4
cob=(12)
cfi=(24)
cfn=(12742)
calls=1 0 
0 1242
0 3
cob=(7)
cfi=(7)
cfn=(4928)
calls=1 0 
0 121
0 1
0 2
cob=(7)
cfi=(7)
cfn=(4928)
calls=1 0 
0 142
0 1
0 2
cob=(7)
cfi=(7)
cfn=(4928)
calls=1 0 
0 121
0 1
0 2
cob=(7)
cfi=(7)
cfn=(4928)
calls=1 0 
0 142
0 1
0 2
cob=(7)
cfi=(7)
cfn=(4928)
calls=1 0 
0 6
0 1
0 17
cfn=(6676)
calls=1 0 
0 1229
0 8
cob=(12)
cfi=(24)
cfn=(11218)
calls=1 0 
0 2
0 5
cob=(7)
cfi=(7)
cfn=(4902)
calls=1 0 
0 38
0 1
0 14
cfn=(11234)
calls=1 0 
0 4775
0 5
cfn=(11240) std::vector<Eigen::Matrix<double, -1, 1, 0, -1, 1>, std::allocator<Eigen::Matrix<double, -1, 1, 0, -1, 1> > >::vector(unsigned long, Eigen::Matrix<double, -1, 1, 0, -1, 1> const&, std::allocator<Eigen::Matrix<double, -1, 1, 0, -1, 1> > const&) [clone .constprop.0]
calls=1 0 
0 723
0 5
cob=(1)
cfi=(1)
cfn=(4840)
calls=1 0 
0 819
0 5
0 8
cfn=(11246)
calls=1 0 
0 799
0 4
cfn=(11240)
calls=1 0 
0 714
0 4
cob=(2)
cfi=(2)
cfn=(4266)
calls=1 0 
0 90
0 1
0 3
cfn=(11248)
calls=1 0 
0 213
0 5
cfn=(4870)
calls=1 0 
0 65
0 4
cfn=(4870)
calls=1 0 
0 63
0 7
cfn=(11250)
calls=1 0 
0 11
0 2
cob=(7)
cfi=(7)
cfn=(4928)
calls=1 0 
0 6
0 1
0 2
cob=(7)
cfi=(7)
cfn=(4928)
calls=1 0 
0 6
0 1
0 4
cfn=(4870)
calls=1 0 
0 63
0 3513
cob=(7)
cfi=(7)
cfn=(4928)
calls=1 0 
0 6
0 1
0 5
cfn=(11252)
calls=1 0 
0 658
0 4
cfn=(11254)
calls=1 0 
0 199
0 2
cfn=(11256)
calls=1 0 
0 14
0 12
cob=(7)
cfi=(7)
cfn=(4902)
calls=1 0 
0 38
0 1
0 55
cob=(2)
cfi=(2)
cfn=(4884)
calls=1 0 
0 13
0 1
0 6
cfn=(11258) std::vector<Eigen::Matrix<double, -1, 1, 0, -1, 1>, std::allocator<Eigen::Matrix<double, -1, 1, 0, -1, 1> > >::vector(std::vector<Eigen::Matrix<double, -1, 1, 0, -1, 1>, std::allocator<Eigen::Matrix<double, -1, 1, 0, -1, 1> > > const&)
calls=1 0 
0 739
0 3
cfn=(11258)
calls=1 0 
0 750
0 2
cfn=(11260)
calls=1 0 
0 349
0 19
cfn=(11262)
calls=1 0 
0 22950975590
0 3
cfn=(12600)
calls=1 0 
0 781318
0 64107
cob=(7)
cfi=(7)
cfn=(6032)
calls=7 0 
0 1467
0 7
0 35
cob=(7)
cfi=(7)
cfn=(6032)
calls=7 0 
0 1456
0 7
0 21
cob=(7)
cfi=(7)
cfn=(5338)
calls=7 0 
0 13573
0 7
0 35
cob=(7)
cfi=(7)
cfn=(6032)
calls=7 0 
0 1456
0 7
0 21
cob=(7)
cfi=(7)
cfn=(5338)
calls=7 0 
0 14676
0 7
0 21
cob=(7)
cfi=(7)
cfn=(6646)
calls=7 0 
0 1694
0 7
0 11
cob=(1)
cfi=(1)
cfn=(4840)
calls=1 0 
0 2425
0 5
0 13
cob=(1)
cfi=(1)
cfn=(4840)
calls=1 0 
0 3560
0 5
0 1314
cob=(7)
cfi=(7)
cfn=(10874) std::istream& std::istream::_M_extract<double>(double&)
calls=438 0 
0 1162258
0 438
0 4346
cfn=(5114)
calls=1 0 
0 155280
0 3
cfn=(12614)
calls=1 0 
0 700178122
0 2
cfn=(12738)
calls=1 0 
0 138
0 2
cfn=(11260)
calls=1 0 
0 23
0 4
cob=(2)
cfi=(2)
cfn=(4266)
calls=1 0 
0 123
0 1
0 81
cfn=(11150)
calls=10 0 
0 2517
0 66
cob=(12)
cfi=(24)
cfn=(11218)
calls=1 0 
0 2
0 14
cfn=(11220)
calls=1 0 
0 2389
0 8
cob=(7)
cfi=(7)
cfn=(5084)
calls=1 0 
0 166
0 1
0 2
cob=(1)
cfi=(1)
cfn=(4840)
calls=1 0 
0 1523
0 5
0 5
cob=(7)
cfi=(7)
cfn=(6032)
calls=1 0 
0 208
0 1
0 3
cob=(1)
cfi=(1)
cfn=(4840)
calls=1 0 
0 1126
0 5
0 5
cob=(7)
cfi=(7)
cfn=(6032)
calls=1 0 
0 208
0 1
0 2
cfn=(12366)
calls=1 0 
0 337
0 1

fn=(5038)
0 2544
cob=(2)
cfi=(2)
cfn=(5044)
calls=105 0 
0 1995
cob=(1)
cfi=(1)
cfn=(4840)
calls=1 0 
0 809
0 110
0 8
cob=(2)
cfi=(2)
cfn=(5044)
calls=2 0 
0 38
0 2
0 254
cfn=(4896)
calls=2 0 
0 72
0 32
cob=(7)
cfi=(7)
cfn=(4208)
calls=1 0 
0 25
cob=(1)
cfi=(1)
cfn=(4840)
calls=1 0 
0 717
0 6
0 4
cob=(7)
cfi=(7)
cfn=(4282)
calls=1 0 
0 6
cob=(1)
cfi=(1)
cfn=(4840)
calls=1 0 
0 749
0 6
0 20
cob=(7)
cfi=(7)
cfn=(4478)
calls=1 0 
0 6
cob=(1)
cfi=(1)
cfn=(4840)
calls=1 0 
0 730
0 6
0 42
cob=(7)
cfi=(7)
cfn=(4208)
calls=2 0 
0 50
0 2
0 4
cob=(7)
cfi=(7)
cfn=(4282)
calls=2 0 
0 12
0 2
0 20
cob=(7)
cfi=(7)
cfn=(4478)
calls=2 0 
0 12
0 2
0 26
cob=(7)
cfi=(7)
cfn=(5070)
calls=1 0 
0 16
cob=(1)
cfi=(1)
cfn=(4840)
calls=1 0 
0 1030
0 6
0 10
cfn=(4896)
calls=2 0 
0 72
0 610
cfn=(5074)
calls=106 0 
0 41223
0 318
cfn=(5078)
calls=106 0 
0 14434
0 212
cob=(7)
cfi=(7)
cfn=(4928)
calls=106 0 
0 636
0 106
0 1280
cob=(2)
cfi=(2)
cfn=(4884)
calls=2 0 
0 36
0 2
0 18
cob=(2)
cfi=(2)
cfn=(4884)
calls=2 0 
0 30
0 2
0 44
cob=(7)
cfi=(7)
cfn=(4902)
calls=2 0 
0 217
0 2
0 10
cob=(7)
cfi=(7)
cfn=(4974)
calls=2 0 
0 74
0 2
0 368
cob=(2)
cfi=(2)
cfn=(4884)
calls=2 0 
0 30
0 2
0 20

fn=(5120)
0 3922
cob=(2)
cfi=(2)
cfn=(5044)
calls=371 0 
0 7049
0 371
0 954
cob=(7)
cfi=(7)
cfn=(5138)
calls=52 0 
0 2808
cob=(1)
cfi=(1)
cfn=(4840)
calls=1 0 
0 1060
0 57
0 1910
cob=(1)
cfi=(1)
cfn=(4840)
calls=1 0 
0 729
0 5
0 6
cob=(2)
cfi=(2)
cfn=(4510)
calls=1 0 
0 66
0 1
0 2
cob=(1)
cfi=(1)
cfn=(4840)
calls=1 0 
0 699
0 5
0 1

fn=(5168)
0 224
cob=(7)
cfi=(7)
cfn=(5174)
calls=15 0 
0 8865
cob=(1)
cfi=(1)
cfn=(4840)
calls=1 0 
0 1565
0 20
0 48
cob=(7)
cfi=(7)
cfn=(5180)
calls=15 0 
0 4927
cob=(1)
cfi=(1)
cfn=(4840)
calls=1 0 
0 1178
0 20
0 48
cob=(7)
cfi=(7)
cfn=(5212)
calls=15 0 
0 721
cob=(1)
cfi=(1)
cfn=(4840)
calls=1 0 
0 1054
0 20
0 48
cob=(7)
cfi=(7)
cfn=(5218)
calls=15 0 
0 1185
cob=(1)
cfi=(1)
cfn=(4840)
calls=1 0 
0 1042
0 20
0 224
cfn=(4896)
calls=16 0 
0 562
0 64
cfn=(5226)
calls=16 0 
0 2736
0 48
cob=(7)
cfi=(7)
cfn=(4928)
calls=16 0 
0 96
0 16
0 288
cfn=(5114)
calls=16 0 
0 1040
0 48
cfn=(5108)
calls=16 0 
0 569
0 32
cfn=(5114)
calls=16 0 
0 224
0 32
cob=(7)
cfi=(7)
cfn=(4928)
calls=16 0 
0 96
0 16
0 224
cfn=(5228)
calls=16 0 
0 7440
0 32

fn=(5230)
0 453
cfn=(6730)
calls=5 0 
0 10997
0 335

fn=(5234)
0 1254

fn=(5304)
0 190
cfn=(4896)
calls=5 0 
0 308
0 30
cfn=(5032)
calls=5 0 
0 108916
0 120

fn=(5944)
0 24
cob=(7)
cfi=(7)
cfn=(5138)
calls=6 0 
0 677
0 6
0 18

fn=(6676)
0 91
cob=(2)
cfi=(2)
cfn=(4318)
calls=13 0 
0 190
0 13
0 117
cob=(7)
cfi=(7)
cfn=(6682)
calls=12 0 
0 480
cob=(1)
cfi=(1)
cfn=(4840)
calls=1 0 
0 1185
0 17

fn=(6698)
0 184
cfn=(5102)
calls=8 0 
0 240
0 32
cob=(7)
cfi=(7)
cfn=(4928)
calls=8 0 
0 48
0 8
0 16
cob=(7)
cfi=(7)
cfn=(4928)
calls=8 0 
0 48
0 8
0 192
cfn=(6702)
calls=8 0 
0 2394
0 36
cfn=(5102)
calls=2 0 
0 60
0 36
cfn=(6700)
calls=8 0 
0 120
0 26
cfn=(6706)
calls=2 0 
0 84
0 60
cob=(7)
cfi=(7)
cfn=(5098)
calls=2 0 
0 247
0 2
0 8
cfn=(6700)
calls=2 0 
0 30
0 6
cob=(7)
cfi=(7)
cfn=(4928)
calls=2 0 
0 84
0 2
0 4

fn=(6722)
0 25

fn=(6732)
0 12
cfn=(6734)
calls=2 0 
0 989
0 14

fn=(6738)
0 30
cob=(7)
cfi=(7)
cfn=(6744) std::_V2::system_category()
calls=2 0 
0 6
cob=(1)
cfi=(1)
cfn=(4840)
calls=1 0 
0 759
0 7
0 9
cob=(2)
cfi=(2)
cfn=(4318)
calls=3 0 
0 58
0 3
0 24
cob=(7)
cfi=(7)
cfn=(6750) std::filesystem::__cxx11::path::_List::_List()
calls=2 0 
0 6
cob=(1)
cfi=(1)
cfn=(4840)
calls=1 0 
0 827
0 7
0 9
cob=(7)
cfi=(7)
cfn=(6756) std::filesystem::__cxx11::path::_M_split_cmpts()
calls=2 0 
0 1929
cob=(1)
cfi=(1)
cfn=(4840)
calls=1 0 
0 1809
0 7
0 9
cob=(7)
cfi=(7)
cfn=(6782) std::filesystem::status(std::filesystem::__cxx11::path const&, std::error_code&)
calls=2 0 
0 110
cob=(1)
cfi=(1)
cfn=(4840)
calls=1 0 
0 1002
0 7
0 18
cob=(7)
cfi=(7)
cfn=(6792) std::filesystem::__cxx11::path::_List::_Impl_deleter::operator()(std::filesystem::__cxx11::path::_List::_Impl*) const
calls=2 0 
0 288
cob=(1)
cfi=(1)
cfn=(4840)
calls=1 0 
0 1175
0 7
0 18
cob=(7)
cfi=(7)
cfn=(5084)
calls=3 0 
0 111
0 3
0 46
cob=(7)
cfi=(7)
cfn=(4902)
calls=3 0 
0 392
0 3
0 18
cob=(2)
cfi=(2)
cfn=(4884)
calls=3 0 
0 35
0 3
0 16

fn=(6804)
0 12
cfn=(6806)
calls=1 0 
0 121
0 2
cfn=(5114)
calls=1 0 
0 14
0 2
cob=(7)
cfi=(7)
cfn=(4928)
calls=1 0 
0 6
0 1
0 8
cfn=(5142)
calls=1 0 
0 3
0 5
cfn=(5142)
calls=1 0 
0 3
0 12
cob=(7)
cfi=(7)
cfn=(5084)
calls=1 0 
0 37
0 1
0 13
cfn=(6814) std::_Function_handler<std::__cxx11::basic_string<char, std::char_traits<char>, std::allocator<char> > (CLI::App const*, CLI::Error const&), std::__cxx11::basic_string<char, std::char_traits<char>, std::allocator<char> > (*)(CLI::App const*, CLI::Error const&)>::_M_manager(std::_Any_data&, std::_Any_data const&, std::_Manager_operation)
calls=1 0 
0 8
0 4
cfn=(6806)
calls=1 0 
0 112
0 5
cob=(7)
cfi=(7)
cfn=(4928)
calls=1 0 
0 6
0 1
0 5
cob=(7)
cfi=(7)
cfn=(4928)
calls=1 0 
0 6
0 1
0 324
cfn=(5140)
calls=53 0 
0 39914
0 159
cob=(7)
cfi=(7)
cfn=(5084)
calls=53 0 
0 5712
0 53
0 113
cob=(7)
cfi=(7)
cfn=(5084)
calls=1 0 
0 37
0 1
0 2
cob=(7)
cfi=(7)
cfn=(4928)
calls=1 0 
0 6
0 1
0 11
cob=(7)
cfi=(7)
cfn=(4928)
calls=1 0 
0 148
0 1
0 7
cob=(7)
cfi=(7)
cfn=(4928)
calls=1 0 
0 121
0 1

fn=(6808)
0 5
cfn=(6810)
calls=1 0 
0 62

fn=(6814)
0 8

fn=(6892)
0 8

fn=(11240)
0 24
cob=(7)
cfi=(7)
cfn=(4902)
calls=2 0 
0 84
0 2
0 34
cob=(2)
cfi=(2)
cfn=(4582)
calls=2 0 
0 521
0 2
0 16
cob=(2)
cfi=(2)
cfn=(4884)
calls=2 0 
0 730
0 2
0 22

fn=(11258)
0 30
cob=(7)
cfi=(7)
cfn=(4902)
calls=2 0 
0 84
0 2
0 42
cob=(2)
cfi=(2)
cfn=(4582)
calls=2 0 
0 541
0 2
0 16
cob=(2)
cfi=(2)
cfn=(4884)
calls=2 0 
0 730
0 2
0 40

fn=(11690)
0 120

fn=(11692)
0 3105
cfn=(11694)
calls=100 0 
0 773827
0 500
cfn=(11698)
calls=100 0 
0 178422
0 2400
cob=(6)
cfi=(6)
cfn=(11704)
calls=99 0 
0 1782
cob=(1)
cfi=(1)
cfn=(4840)
calls=1 0 
0 688
0 104
0 1200
cob=(6)
cfi=(6)
cfn=(11314)
calls=99 0 
0 3564
cob=(1)
cfi=(1)
cfn=(4840)
calls=1 0 
0 779
0 104
0 2300
cfn=(11710)
calls=100 0 
0 19379281140
0 1400
cfn=(11734)
calls=100 0 
0 111828
0 1000
cfn=(12390) walnutpie::detail::MassEstimator::observe(Eigen::Matrix<double, -1, 1, 0, -1, 1> const&, Eigen::Matrix<double, -1, 1, 0, -1, 1> const&, unsigned long)
calls=100 0 
0 863000
0 800
cfn=(12392)
calls=100 0 
0 133600
0 1500
cob=(6)
cfi=(6)
cfn=(11314)
calls=100 0 
0 3600
0 100
0 600
cfn=(12394)
calls=100 0 
0 71000
0 500
cob=(2)
cfi=(2)
cfn=(4266)
calls=100 0 
0 11991
0 100
0 400
cob=(2)
cfi=(2)
cfn=(4266)
calls=100 0 
0 9240
0 100
0 400
cob=(2)
cfi=(2)
cfn=(4266)
calls=100 0 
0 13276
0 100
0 2794
cfn=(12472)
calls=2 0 
0 25701
0 6
cfn=(12470)
calls=2 0 
0 22
0 4

fn=(11712)
0 2100
cfn=(11222)
calls=150 0 
0 34547
0 2850
cfn=(11714)
calls=150 0 
0 33275
0 327750
cfn=(11714)
calls=65550 0 
0 7825770
0 329700

fn=(12382)
0 12105
cob=(6)
cfi=(6)
cfn=(10670)
calls=268 0 
0 28140
cob=(1)
cfi=(1)
cfn=(4840)
calls=1 0 
0 733
0 273
0 4573

fn=(12390)
0 2700
cfn=(4870)
calls=100 0 
0 6300
0 900
cob=(7)
cfi=(7)
cfn=(4928)
calls=100 0 
0 600
0 100
0 422000
cfn=(4870)
calls=100 0 
0 6300
0 200
cob=(7)
cfi=(7)
cfn=(4928)
calls=100 0 
0 600
0 100
0 423200

fn=(12416)
0 15390
cob=(2)
cfi=(2)
cfn=(4582)
calls=1026 0 
0 356632
0 1026
0 9234

fn=(12422)
0 155760
cfn=(12424)
calls=120 0 
0 156840
0 4440

ob=(2)
fl=(2)
fn=(4584) 0x00000000000bd840
0 11
cfn=(4588) 0x00000000000bc000
calls=1 0 
0 117
0 7

fn=(8908) _IO_str_underflow
0 15

fn=(4238) _pthread_cleanup_push
0 28

fn=(3264)
0 18

fn=(3272)
0 3

fn=(3280)
0 24

fn=(3296)
0 6

fn=(3308)
0 108

fn=(3566)
0 14

fn=(3972)
0 533
cob=(1)
cfi=(1)
cfn=(382)
calls=1 0 
0 17
0 4
cob=(1)
cfi=(1)
cfn=(382)
calls=1 0 
0 18
0 4
cob=(1)
cfi=(1)
cfn=(382)
calls=1 0 
0 17
0 4
cob=(1)
cfi=(1)
cfn=(382)
calls=1 0 
0 17
0 4
cob=(1)
cfi=(1)
cfn=(382)
calls=1 0 
0 18
0 4
cob=(1)
cfi=(1)
cfn=(382)
calls=1 0 
0 17
0 4
cob=(1)
cfi=(1)
cfn=(382)
calls=1 0 
0 17
0 4
cob=(1)
cfi=(1)
cfn=(382)
calls=1 0 
0 17
0 4
cob=(1)
cfi=(1)
cfn=(382)
calls=1 0 
0 17
0 4
cob=(1)
cfi=(1)
cfn=(382)
calls=1 0 
0 17
0 22
cfn=(3974) __ctype_init
calls=1 0 
0 17
0 7
cfn=(3976) getrlimit
calls=1 0 
0 10
0 31
cfn=(3978) 0x00000000000af950
calls=1 0 
0 74
0 2
cfn=(3988) 0x0000000000049270
calls=1 0 
0 16
0 6

fn=(3978)
0 8
cob=(1)
cfi=(1)
cfn=(382)
calls=1 0 
0 18
0 4
cob=(1)
cfi=(1)
cfn=(382)
calls=1 0 
0 17
0 4
cob=(1)
cfi=(1)
cfn=(382)
calls=1 0 
0 18
0 5

fn=(4162)
0 12

fn=(4308) _dl_mcount_wrapper_check
0 640

fn=(4510)
0 688
cfn=(4512) 0x0000000000046fe0
calls=43 0 
0 1745
0 817

fn=(4512)
0 1333
cfn=(6958)
calls=1 0 
0 402
0 10

fn=(4980) 0x0000000000027c90
0 10
cfn=(4982) _setjmp
calls=1 0 
0 34
0 14
cob=(8)
cfi=(8)
cfn=(4994)
calls=1 0 
0 23673786308
0 2
cfn=(12748) exit
calls=1 0 
0 35338

fn=(5018) random
0 15
cfn=(5020) random_r
calls=1 0 
0 28
0 2

fn=(5250)
0 3102

fn=(5352) vsnprintf
0 5209990
cfn=(5354) 0x0000000000074af0
calls=274210 0 
0 497128290
0 1645260
cfn=(5688) 0x000000000006a5e0
calls=274210 0 
0 4935780
0 1371050

fn=(5358) 0x00000000001b41e0
0 10420170

fn=(5366) 0x000000000006ac80
0 11242912
cfn=(4884)
calls=274220 0 
0 3550055
0 5484364

fn=(5430) 0x0000000000062cd0
0 5780299

fn=(6472) 0x000000000005edc0
0 344

fn=(6916)
0 1991

fn=(7462)
0 12

fn=(7782)
0 9

fn=(8232)
0 414
cfn=(6916)
calls=23 0 
0 673
0 69
cfn=(6902) 0x00000000000a8420
calls=12 0 
0 7571
cfn=(6903) 0x00000000000a8420'2
calls=11 0 
0 9343
0 138
cfn=(7082)
calls=23 0 
0 477
0 138

fn=(8420) _IO_file_underflow
0 90
cfn=(8432) _IO_switch_to_get_mode
calls=4 0 
0 80
0 64
cfn=(8434) _IO_file_read
calls=4 0 
0 92
0 71
cfn=(8422) _IO_doallocbuf
calls=3 0 
0 757
0 12

fn=(8446)
0 2420
cfn=(8358) 0x00000000000a6240
calls=110 0 
0 5170
0 770
cfn=(8454) 0x00000000000a7a40
calls=110 0 
0 7700
0 1210
cfn=(8466) 0x0000000000077570
calls=110 0 
0 22000
0 770

fn=(8626) __strtol_internal
0 409

fn=(8758) lseek
0 12

fn=(8792) _IO_un_link
0 60
cfn=(8372) 0x00000000000a9290
calls=6 0 
0 78
0 270
cfn=(8376) 0x00000000000a92e0
calls=6 0 
0 60
0 126

fn=(10064) getpid
0 4

fn=(10924) strtod_l
0 12264
cob=(3)
cfi=(3)
cfn=(4316) 0x0000000004d0e240
calls=438 0 
0 7008
0 86924
cfn=(5836) 0x00000000001b1dd0
calls=438 0 
0 8760
0 14713
cfn=(6070) 0x0000000000060a40
calls=301 0 
0 20769
0 8868
cfn=(11074) 0x0000000000050500
calls=438 0 
0 118362
0 12286
cfn=(11074)
calls=141 0 
0 7896
0 11958
cfn=(5454) 0x00000000000608a0
calls=141 0 
0 2256
0 2115
cfn=(11110) 0x0000000000050ab0
calls=141 0 
0 10389
0 2970
cfn=(11110)
calls=297 0 
0 21893
0 7073
cfn=(5454)
calls=436 0 
0 6976
0 2180
cfn=(5454)
calls=436 0 
0 6976
0 2618
cfn=(5836)
calls=171 0 
0 3420
0 101356
cfn=(5836)
calls=141 0 
0 2820
0 4149

fn=(12358) _IO_do_write
0 5575
cfn=(12360) _IO_file_write
calls=144 0 
0 7920
0 3638

fn=(12376) __overflow
0 1375
cfn=(12356) _IO_file_overflow
calls=125 0 
0 17875

fn=(12748)
0 8
cfn=(12750) 0x0000000000047940
calls=1 0 
0 35330

fn=(12750)
0 732
cfn=(4266)
calls=1 0 
0 114
0 12
cfn=(13654) _Exit
calls=1 0 
0 3
0 468
cob=(1)
cfi=(1)
cfn=(13270)
calls=1 0 
0 4305
cob=(8)
cfi=(8)
cfn=(13268)
calls=1 0 
0 194
cob=(8)
cfi=(8)
cfn=(13264)
calls=1 0 
0 194
cob=(8)
cfi=(8)
cfn=(13260)
calls=1 0 
0 173
cob=(8)
cfi=(8)
cfn=(13258)
calls=1 0 
0 315
cob=(8)
cfi=(8)
cfn=(13254)
calls=1 0 
0 194
cob=(8)
cfi=(8)
cfn=(13248)
calls=1 0 
0 34
cob=(8)
cfi=(8)
cfn=(13242)
calls=1 0 
0 194
cob=(8)
cfi=(8)
cfn=(13240)
calls=2 0 
0 371
cob=(9)
cfi=(14) /home/m0hawk/.bridgestan/bridgestan-2.9.0/stan/lib/stan_math/lib/tbb/../tbb_2020.3/src/tbb/task_group_context.cpp
cfn=(13238) tbb::task_group_context::~task_group_context()
calls=1 136 
0 14
cob=(9)
cfi=(35) /home/m0hawk/.bridgestan/bridgestan-2.9.0/stan/lib/stan_math/lib/tbb/../tbb_2020.3/src/tbb/tbb_main.h
cfn=(13210) tbb::internal::__TBB_InitOnce::~__TBB_InitOnce()
calls=1 73 
0 1642
cob=(11)
cfi=(23)
cfn=(12988)
calls=1 0 
0 3429
cob=(10)
cfi=(22)
cfn=(12850)
calls=1 0 
0 17308
cob=(12)
cfi=(24)
cfn=(12818)
calls=1 0 
0 615
cob=(12)
cfi=(24)
cfn=(12810)
calls=2 0 
0 3064
cob=(12)
cfi=(24)
cfn=(12796)
calls=1 0 
0 433
cob=(7)
cfi=(7)
cfn=(12794) std::__cxx11::basic_string<char, std::char_traits<char>, std::allocator<char> >::~basic_string()
calls=19 0 
0 114
cob=(12)
cfi=(24)
cfn=(12784)
calls=1 0 
0 505
cob=(12)
cfi=(24)
cfn=(12776)
calls=1 0 
0 231
0 157
cfn=(12758) __call_tls_dtors
calls=1 0 
0 12
0 2
cfn=(13572) 0x00000000000a6d60
calls=1 0 
0 500
0 1

fn=(12870)
0 38

fn=(13620) 0x00000000000a5f90
0 18
cfn=(12348) _IO_file_sync
calls=1 0 
0 19
0 30

fn=(3278)
0 12

fn=(3306)
0 12

fn=(3316)
0 15

fn=(4148)
0 85

fn=(4306) btowc
0 6656
cfn=(4308)
calls=128 0 
0 640
0 1792

fn=(4640) brk
0 99

fn=(5354)
0 6306876
cob=(3)
cfi=(3)
cfn=(5356) 0x0000000004d0e290
calls=274212 0 
0 5758452
0 1919484
cfn=(5366)
calls=274212 0 
0 3290544
0 32631302
cob=(3)
cfi=(3)
cfn=(5356)
calls=274218 0 
0 5758578
0 1645308
cfn=(5366)
calls=274218 0 
0 3290702
0 1371274
cfn=(5366)
calls=8 0 
0 411
0 5484224
cfn=(5406) 0x000000000006e390
calls=274210 0 
0 423914220
0 274220
cfn=(9714) strerror_r
calls=2 0 
0 1236
0 22
cob=(3)
cfi=(3)
cfn=(4316)
calls=8 0 
0 144
0 5484216

fn=(5420) 0x000000000006af00
0 32091290
cfn=(4952)
calls=1 0 
0 19
0 14521
cfn=(4884)
calls=968 0 
0 10659
0 120118
cfn=(6070)
calls=7 0 
0 1836
0 3274
cfn=(4884)
calls=646 0 
0 7166
0 30872
cfn=(5494) 0x0000000000062a20
calls=640 0 
0 11520
0 4480
cfn=(5494)
calls=640 0 
0 11520
0 12147234
cfn=(5522) __libc_alloca_cutoff
calls=274210 0 
0 3016310
0 7108218
cfn=(5574) 0x000000000006ad80
calls=5980 0 
0 305240
0 67187859
cfn=(6196) 0x000000000005f150
calls=6381 0 
0 259137
0 114858
cfn=(5478) 0x00000000000613b0
calls=6381 0 
0 134371
0 16854483
cfn=(5430)
calls=274210 0 
0 5780299
0 43234961
cfn=(5478)
calls=3242588 0 
0 68292700
0 14892789
cfn=(5574)
calls=274210 0 
0 14604272
0 22685397
cfn=(5366)
calls=274210 0 
0 13695674
0 5093107
cfn=(5454)
calls=27593 0 
0 441488
0 223651
cfn=(6140) 0x000000000005ef80
calls=969 0 
0 18061
0 6679171
cfn=(5574)
calls=28561 0 
0 1352846
0 1284
cfn=(5574)
calls=642 0 
0 71368
0 1141831
cfn=(5454)
calls=968 0 
0 15488
0 3693813
cfn=(5454)
calls=245649 0 
0 3930384
0 4463065
cfn=(6070)
calls=4 0 
0 716
0 21580219
cfn=(5478)
calls=164581 0 
0 5435933
0 2304294
cfn=(5454)
calls=40 0 
0 800
0 2406556
cfn=(6070)
calls=141064 0 
0 11427516
0 1171717
cfn=(5494)
calls=12 0 
0 716
0 365946
cfn=(5494)
calls=121982 0 
0 2195676
0 2460559
cfn=(5494)
calls=2 0 
0 36
0 14
cfn=(5494)
calls=2 0 
0 36
0 1718606
cfn=(5494)
calls=164541 0 
0 2964458
0 1446508
cfn=(5454)
calls=1456 0 
0 29280
0 11720

fn=(5478)
0 85059697

fn=(5494)
0 5183962

fn=(6092) 0x000000000005ee70
0 1136

fn=(6786) fstatat
0 35

fn=(6862) 0x00000000000ba970
0 13663220

fn=(8044)
0 35

fn=(8356)
0 54
cfn=(4582)
calls=6 0 
0 378
0 78
cfn=(8358)
calls=6 0 
0 330
0 24
cfn=(8368) 0x00000000000a1100
calls=6 0 
0 606
0 30
cfn=(8380) _IO_file_fopen
calls=6 0 
0 1156
0 66

fn=(8376)
0 1240

fn=(8386) 0x00000000000c9160
0 108
cob=(3)
cfi=(3)
cfn=(8390) 0x0000000004d0e320
calls=6 0 
0 138
0 78

fn=(8428) fstat
0 24

fn=(8436) read
0 198

fn=(8466)
0 5280
cfn=(8372)
calls=110 0 
0 1430
0 6684
cfn=(8416) __uflow
calls=1 0 
0 65
0 1123
cfn=(8376)
calls=110 0 
0 1100
0 2378
cfn=(8496) _IO_sputbackc
calls=3 0 
0 63
0 472
cfn=(8496)
calls=106 0 
0 2226
0 434
cfn=(8496)
calls=3 0 
0 63
0 54
cfn=(8626)
calls=3 0 
0 409
0 219

fn=(9578)
0 58
cfn=(9580) dcgettext
calls=2 0 
0 1184
0 20
cfn=(9682) asprintf
calls=2 0 
0 3227
0 44
cob=(1)
cfi=(1)
cfn=(9554)
calls=2 0 
0 76
0 2

fn=(9602) tfind
0 80

fn=(9878)
0 45
cfn=(6902)
calls=2 0 
0 408
cfn=(6903)
calls=3 0 
0 723
0 20

fn=(10054) __close_nocancel_nostatus
0 4

fn=(8830) _IO_file_finish
0 30
cfn=(8832) _IO_default_finish
calls=6 0 
0 96

fn=(4820)
0 18
cfn=(4510)
calls=1 0 
0 66
0 12
cob=(1)
cfi=(1)
cfn=(4978)
calls=1 0 
0 5
0 6
cfn=(4980)
calls=1 0 
0 23673821706
0 11
cob=(3)
cfi=(3)
cfn=(4822) 0x000000000010f000
calls=1 0 
0 7
0 20
cob=(8)
cfi=(8)
cfn=(4832)
calls=1 0 
0 9896
0 4
cob=(8)
cfi=(8)
cfn=(4826)
calls=1 0 
0 12
0 7

fn=(3270)
0 24

fn=(3294)
0 12

fn=(3304)
0 24

fn=(3974)
0 17

fn=(3988)
0 16

fn=(4302) uselocale
0 12065284

fn=(6900) dlopen
0 16
cfn=(6902)
calls=1 0 
0 1099181
0 9

fn=(6901)
0 160
cfn=(6903)
calls=10 0 
0 83019
0 90

fn=(8410)
0 1682
cfn=(8412) _IO_getline
calls=58 0 
0 7316
0 1914

fn=(8422)
0 78
cfn=(8424) _IO_file_doallocate
calls=4 0 
0 1401
0 23

fn=(8430) _IO_setb
0 2061
cfn=(4266)
calls=3 0 
0 153
0 18

fn=(8754) _IO_file_seekoff
0 49
cfn=(8756) _IO_file_seek
calls=1 0 
0 9
0 10

fn=(8782) __close_nocancel
0 36

fn=(9386)
0 45

fn=(9590) pthread_rwlock_rdlock
0 276

fn=(9606) pthread_rwlock_unlock
0 456

fn=(9716) 0x00000000000912b0
0 18

fn=(10074) sched_getaffinity
0 19
cfn=(4952)
calls=1 0 
0 19
0 3

fn=(8832)
0 96

fn=(4270) _pthread_cleanup_pop
0 24

fn=(3268)
0 12

fn=(3292)
0 36

fn=(3302)
0 72

fn=(3314)
0 48

fn=(4170)
0 22

fn=(5890) 0x0000000000059db0
0 1206

fn=(6596) 0x0000000000067730
0 88

fn=(6902)
0 270
cob=(1)
cfi=(1)
cfn=(1526)
calls=15 0 
0 1106635
0 255

fn=(6903)
0 349
cfn=(4266)
calls=2 0 
0 66
0 111
cob=(1)
cfi=(1)
cfn=(1527)
calls=19 0 
0 86666
0 20
cob=(1)
cfi=(1)
cfn=(1527)
calls=5 0 
0 4974
0 147
cfn=(4582)
calls=4 0 
0 120
0 254
cob=(1)
cfi=(1)
cfn=(9554)
calls=1 0 
0 9
0 94
cob=(1)
cfi=(1)
cfn=(9554)
calls=3 0 
0 114
0 21
cfn=(4266)
calls=4 0 
0 132
0 8

fn=(7658)
0 69
cfn=(6916)
calls=3 0 
0 69
0 6
cob=(1)
cfi=(1)
cfn=(7664)
calls=3 0 
0 291
0 17908
cfn=(7082)
calls=1 0 
0 15
0 8
cfn=(7082)
calls=2 0 
0 30
0 182

fn=(7770)
0 12

fn=(8310) getpagesize
0 12

fn=(8360) 0x00000000000a61d0
0 2564

fn=(8372)
0 1612

fn=(8412)
0 174
cfn=(8414) _IO_getline_info
calls=58 0 
0 7142

fn=(8414)
0 1746
cob=(3)
cfi=(3)
cfn=(8438) 0x0000000004d0e200
calls=59 0 
0 1239
0 182
cfn=(4884)
calls=1 0 
0 13
0 327
cfn=(8416)
calls=4 0 
0 1382
0 1254
cfn=(4884)
calls=58 0 
0 645
0 354

fn=(8454)
0 1430
cob=(3)
cfi=(3)
cfn=(4316)
calls=110 0 
0 1760
0 660
cfn=(8430)
calls=110 0 
0 1870
0 1980

fn=(9684) 0x000000000009eeb0
0 36
cfn=(5354)
calls=2 0 
0 2923
0 4
cfn=(5688)
calls=2 0 
0 36
0 48
cfn=(4582)
calls=2 0 
0 60
0 14
cfn=(4884)
calls=2 0 
0 52
0 4

fn=(9714)
0 16
cfn=(9716)
calls=2 0 
0 18
0 18
cfn=(9580)
calls=2 0 
0 1184

fn=(9952) 0x00000000001b3c90
0 42

fn=(9988) __open_nocancel
0 24

fn=(10784) 0x00000000000bbbd0
0 75
cfn=(4636) __default_morecore
calls=1 0 
0 24
0 11
cfn=(4636)
calls=1 0 
0 46
0 2
cfn=(4636)
calls=1 0 
0 24
0 15

fn=(10834) 0x00000000000ba320
0 145
cfn=(10840) munmap
calls=5 0 
0 30

fn=(11074)
0 126258

fn=(12352) fwrite
0 63749
cfn=(12354) _IO_file_xsputn
calls=1202 0 
0 101170
0 51271

fn=(4588)
0 33760742
cfn=(6862)
calls=92 0 
0 2688
0 6714
cfn=(6862)
calls=746 0 
0 22380
0 31301091
cfn=(10742) 0x00000000000baef0
calls=5 0 
0 486
0 3380152
cfn=(6862)
calls=259920 0 
0 7789560
0 8833007
cfn=(4636)
calls=1 0 
0 24
0 71286
cfn=(4636)
calls=9 0 
0 405
0 258

fn=(10332) strxfrm_l
0 117
cob=(3)
cfi=(3)
cfn=(4316)
calls=3 0 
0 48
0 33
cob=(3)
cfi=(3)
cfn=(10334) 0x0000000004d0e2f0
calls=3 0 
0 105
0 3

fn=(3244)
0 12

fn=(3246)
0 36

fn=(3258)
0 162

fn=(3262)
0 36

fn=(3266)
0 24

fn=(3290)
0 36

fn=(3300)
0 12

fn=(4324)
0 66149

fn=(4562)
0 18774
cob=(3)
cfi=(3)
cfn=(4316)
calls=1043 0 
0 16696
0 629956
cob=(3)
cfi=(3)
cfn=(4564) 0x0000000004d0e2d0
calls=1039 0 
0 28053
0 14594

fn=(5016) rand
0 3
cfn=(5018)
calls=1 0 
0 45
0 2

fn=(5406)
0 5209990
cob=(3)
cfi=(3)
cfn=(4316)
calls=274210 0 
0 4387360
0 8774720
cfn=(5420)
calls=274210 0 
0 405267940
0 274210

fn=(5688)
0 4935816

fn=(5714)
0 1092
cob=(3)
cfi=(3)
cfn=(4316)
calls=28 0 
0 448
0 3010
cfn=(6596)
calls=11 0 
0 88
0 1276
cfn=(5836)
calls=10 0 
0 200
0 131
cfn=(6070)
calls=1 0 
0 69
0 132
cfn=(5846) 0x0000000000059800
calls=10 0 
0 598
0 304
cfn=(5890)
calls=10 0 
0 716
0 147
cfn=(5846)
calls=7 0 
0 462
0 525
cfn=(5454)
calls=4 0 
0 64
0 150
cfn=(5454)
calls=10 0 
0 160
0 50
cfn=(5454)
calls=10 0 
0 160
0 67
cfn=(5836)
calls=1 0 
0 20
0 428
cfn=(5454)
calls=7 0 
0 112
0 63
cfn=(5890)
calls=7 0 
0 490
0 7

fn=(7082)
0 1410

fn=(7774)
0 30

fn=(8308)
0 111
cfn=(9984) get_nprocs
calls=1 0 
0 429
0 8
cfn=(8310)
calls=2 0 
0 12
0 4

fn=(8380)
0 211
cfn=(8382) _IO_file_open
calls=6 0 
0 488
0 36
cfn=(8386)
calls=6 0 
0 324
0 97

fn=(8384) open
0 200

fn=(8416)
0 145
cfn=(8418) _IO_default_uflow
calls=5 0 
0 1282
0 20

fn=(9682)
0 40
cfn=(9684)
calls=2 0 
0 3177
0 10

fn=(10682)
0 792
cob=(3)
cfi=(3)
cfn=(4316)
calls=132 0 
0 18549
0 396
cfn=(4582)
calls=132 0 
0 5581
0 127941

fn=(10742)
0 75
cfn=(8340)
calls=5 0 
0 115
0 188
cfn=(10752) 0x000000000014fe60
calls=5 0 
0 98
0 10

fn=(11800) _dl_find_object
0 22500
cob=(1)
cfi=(1)
cfn=(6926)
calls=7500 0 
0 750000

fn=(12374) putc
0 2323
cfn=(12376)
calls=125 0 
0 19250

fn=(13572)
0 8
cfn=(13574) _IO_flush_all
calls=1 0 
0 202
0 6
cfn=(8372)
calls=1 0 
0 13
0 139
cfn=(13618) _IO_file_setbuf
calls=1 0 
0 84
0 10
cfn=(8376)
calls=1 0 
0 10
0 28

fn=(10336) 0x00000000001b2d80
0 99

fn=(3238)
0 12

fn=(3240)
0 18

fn=(3274)
0 72

fn=(3276)
0 171

fn=(3288)
0 12

fn=(3298)
0 12

fn=(3976)
0 10

fn=(4636)
0 65
cfn=(4638) sbrk
calls=13 0 
0 393
0 65

fn=(4952)
0 790303521

fn=(4984) __sigsetjmp
0 31

fn=(5002) clock_gettime
0 123585

fn=(5010) srandom_r
0 6750

fn=(5454)
0 4434144

fn=(5574)
0 3918129
cfn=(5478)
calls=1923 0 
0 40531
0 32589
cfn=(6196)
calls=1928 0 
0 73982
0 2185031
cfn=(5478)
calls=307465 0 
0 6493165
0 3590299

fn=(6208) 0x0000000000062b30
0 72

fn=(4230) 0x00000000000b2490
0 111
cfn=(4238)
calls=3 0 
0 21
0 6
cob=(5)
cfi=(5)
cfn=(11962) 0x00000000000236d0
calls=1 0 
0 19
cob=(7)
cfi=(7)
cfn=(7878) __once_proxy
calls=1 0 
0 80085
cob=(7)
cfi=(7)
cfn=(4242) 0x00000000000db9d0
calls=1 0 
0 84
0 9
cfn=(4270)
calls=3 0 
0 18
0 30

fn=(4231) 0x00000000000b2490'2
0 37
cfn=(4238)
calls=1 0 
0 7
0 2
cob=(7)
cfi=(7)
cfn=(7879) __once_proxy'2
calls=1 0 
0 5408
0 3
cfn=(4270)
calls=1 0 
0 6
0 10

fn=(6906)
0 22
cob=(1)
cfi=(1)
cfn=(6912)
calls=1 0 
0 1099029
0 5

fn=(6907)
0 220
cob=(1)
cfi=(1)
cfn=(6913)
calls=10 0 
0 81171
0 44

fn=(6958)
0 90
cfn=(4588)
calls=6 0 
0 1750
0 1053

fn=(7788)
0 60

fn=(8236) 0x00000000001ad310
0 552
cob=(1)
cfi=(1)
cfn=(2984)
calls=23 0 
0 12505
0 672

fn=(8340)
0 161

fn=(8424)
0 76
cfn=(8426) _IO_file_stat
calls=4 0 
0 36
0 52
cfn=(4582)
calls=4 0 
0 1109
0 28
cfn=(8430)
calls=4 0 
0 68
0 32

fn=(8432)
0 80

fn=(8496)
0 2352

fn=(8756)
0 6
cfn=(8758)
calls=2 0 
0 12

fn=(9596) 0x000000000003b0f0
0 48

fn=(9632) 0x00000000001b2b10
0 92

fn=(12156) 0x00000000001b43d0
0 72375

fn=(12360)
0 5516
cfn=(12362) write
calls=394 0 
0 7092
0 9062

fn=(13574)
0 12
cfn=(8372)
calls=1 0 
0 13
0 138
cfn=(8376)
calls=1 0 
0 10
0 29

fn=(13654)
0 3

fn=(4248) newlocale
0 8
cfn=(4250) 0x0000000000039520
calls=1 0 
0 46
0 3
cfn=(4266)
calls=1 0 
0 4
0 6

fn=(4250)
0 46

fn=(4266)
0 9272197
cfn=(6862)
calls=17985 0 
0 425847
0 10477048
cfn=(6862)
calls=245644 0 
0 5422745
0 2048632
cfn=(10784)
calls=4 0 
0 197
0 1952278
cfn=(10834)
calls=5 0 
0 175
0 14732397
cfn=(4584)
calls=1 0 
0 135
0 9
cfn=(4952)
calls=1 0 
0 57
0 14
cfn=(4267) free'2
calls=1 0 
0 33

fn=(4267)
0 33

fn=(3250)
0 9

fn=(3286)
0 24

fn=(5008) srand
0 10
cfn=(5010)
calls=1 0 
0 6750
0 6

fn=(6260) 0x0000000000062be0
0 786

fn=(7778)
0 117

fn=(7914)
0 4
cob=(3)
cfi=(3)
cfn=(7916) 0x0000000004d0e230
calls=1 0 
0 29

fn=(8418)
0 60
cfn=(8908)
calls=1 0 
0 15
cfn=(8420)
calls=4 0 
0 1166
0 41

fn=(8426)
0 12
cfn=(8428)
calls=4 0 
0 24

fn=(9066)
0 236

fn=(12356)
0 8197
cfn=(12358)
calls=252 0 
0 1367
0 500
cfn=(12358)
calls=125 0 
0 13750
0 260
cfn=(8422)
calls=2 0 
0 745
0 16

fn=(13332)
0 466
cob=(7)
cfi=(7)
cfn=(13450) std::ios_base::Init::~Init()
calls=1 0 
0 1366
cob=(7)
cfi=(7)
cfn=(13444) 0x0000000000234f10
calls=1 0 
0 7
cob=(7)
cfi=(7)
cfn=(13442) 0x00000000000b79c0
calls=1 0 
0 6
cob=(7)
cfi=(7)
cfn=(13438) 0x00000000000b7970
calls=1 0 
0 6
0 202
cfn=(13334) 0x000000000012dc90
calls=9 0 
0 162
0 108

fn=(13334)
0 162

fn=(13618)
0 7
cfn=(13620)
calls=1 0 
0 67
0 10

fn=(4582)
0 3580797
cfn=(4588)
calls=325527 0 
0 85166926
0 11014770

fn=(3226)
0 30

fn=(3254)
0 24

fn=(3256)
0 76

fn=(3260)
0 9

fn=(3284)
0 36

fn=(3542)
0 7

fn=(4134)
0 29
cob=(3)
cfi=(3)
cfn=(4146) 0x0000000004d0e310
calls=1 0 
0 31
0 12

fn=(4314) wctype_l
0 120
cob=(3)
cfi=(3)
cfn=(4316)
calls=10 0 
0 160
0 328
cob=(3)
cfi=(3)
cfn=(4316)
calls=48 0 
0 768
0 20
cob=(3)
cfi=(3)
cfn=(4316)
calls=10 0 
0 160
0 370
cfn=(4324)
calls=49 0 
0 1048
0 198

fn=(4318)
0 5889242

fn=(4560) secure_getenv
0 6
cfn=(4562)
calls=1 0 
0 811

fn=(4638)
0 200
cfn=(4640)
calls=10 0 
0 90
0 86
cfn=(4640)
calls=1 0 
0 9
0 8

fn=(5244)
0 104

fn=(5522)
0 3016310

fn=(5836)
0 15220

fn=(4228)
0 1655490
cfn=(4230)
calls=3 0 
0 80383
0 9

fn=(4229)
0 6
cfn=(4231)
calls=1 0 
0 5473
0 3

fn=(6784)
0 24
cfn=(6786)
calls=4 0 
0 35

fn=(7812)
0 84

fn=(8368)
0 30
cfn=(8370) _IO_link_in
calls=6 0 
0 576

fn=(8370)
0 192
cfn=(8372)
calls=6 0 
0 78
0 222
cfn=(8376)
calls=6 0 
0 60
0 96

fn=(8382)
0 78
cfn=(8384)
calls=6 0 
0 200
0 132
cfn=(8370)
calls=6 0 
0 72
0 6

fn=(8736)
0 60
cfn=(8792)
calls=6 0 
0 594
0 54
cfn=(8830)
calls=6 0 
0 126
0 78
cfn=(4266)
calls=6 0 
0 198
0 222
cfn=(8738) 0x00000000000a1170
calls=6 0 
0 930
0 72

fn=(8738)
0 161
cfn=(8754)
calls=1 0 
0 68
0 13
cfn=(8756)
calls=1 0 
0 9
0 26
cfn=(8772) _IO_unsave_markers
calls=6 0 
0 36
0 60
cfn=(8780) _IO_file_close
calls=6 0 
0 54
0 54
cfn=(8430)
calls=6 0 
0 294
0 155

fn=(8772)
0 36

fn=(8780)
0 18
cfn=(8782)
calls=6 0 
0 36

fn=(9580)
0 128
cfn=(9590)
calls=4 0 
0 92
0 8
cfn=(9590)
calls=4 0 
0 92
0 36
cfn=(9596)
calls=4 0 
0 24
0 16
cfn=(9590)
calls=4 0 
0 92
0 16
cfn=(9602)
calls=4 0 
0 80
0 16
cfn=(9606)
calls=4 0 
0 152
0 68
cfn=(9596)
calls=4 0 
0 24
0 32
cob=(3)
cfi=(3)
cfn=(4316)
calls=4 0 
0 64
0 16
cob=(3)
cfi=(3)
cfn=(4316)
calls=4 0 
0 64
0 8
cfn=(4582)
calls=4 0 
0 120
0 24
cfn=(9632)
calls=4 0 
0 92
0 24
cfn=(9644) 0x00000000001b1dc0
calls=4 0 
0 68
0 12
cob=(3)
cfi=(3)
cfn=(4316)
calls=4 0 
0 64
0 8
cfn=(4582)
calls=4 0 
0 104
0 44
cfn=(4266)
calls=4 0 
0 16
0 8
cfn=(4266)
calls=4 0 
0 132
0 8
cfn=(4266)
calls=4 0 
0 132
0 8
cfn=(9606)
calls=4 0 
0 152
0 8
cfn=(9606)
calls=4 0 
0 152
0 164

fn=(9994) __read_nocancel
0 6

fn=(10256) fileno
0 3528

fn=(12644) writev
0 9424

fn=(10752)
0 72
cob=(1)
cfi=(1)
cfn=(382)
calls=1 0 
0 18
0 8

fn=(10840)
0 30

fn=(11110)
0 32282

fn=(12348)
0 21997
cfn=(12358)
calls=18 0 
0 2016
0 36

fn=(12354)
0 32850
cfn=(9644)
calls=951 0 
0 15659
0 17043
cfn=(12356)
calls=252 0 
0 6960
0 4790
cfn=(12478) _IO_default_xsputn
calls=2 0 
0 112
0 4756
cfn=(12360)
calls=250 0 
0 13750
0 5250

fn=(12362)
0 7110

fn=(3242)
0 9

fn=(3248)
0 24

fn=(3252)
0 30

fn=(3282)
0 36

fn=(3310)
0 60

fn=(3312)
0 126

fn=(4304) wctob
0 2176

fn=(4566) 0x00000000001b5c60
0 25975

fn=(4884)
0 22666512

fn=(4982)
0 3
cfn=(4984)
calls=1 0 
0 31

fn=(5020)
0 28

fn=(5044)
0 5220720

fn=(5846)
0 1060

fn=(6070)
0 5655115
cfn=(4952)
calls=5 0 
0 95
0 424136
cfn=(5478)
calls=141372 0 
0 4662997
0 707051
cfn=(6092)
calls=8 0 
0 1136
0 28
cfn=(6472)
calls=4 0 
0 344
0 4

fn=(6140)
0 18061

fn=(6196)
0 83435
cfn=(6260)
calls=6 0 
0 786
0 248703
cfn=(6208)
calls=1 0 
0 72
0 123

fn=(7054)
0 12
cfn=(4582)
calls=2 0 
0 60

fn=(7724)
0 97

fn=(8234)
0 161
cfn=(8236)
calls=23 0 
0 13729
0 63

fn=(8358)
0 1392
cfn=(8360)
calls=116 0 
0 2564
0 1544

fn=(8392) 0x00000000001b3fa0
0 126

fn=(8434)
0 20
cfn=(8436)
calls=4 0 
0 72

fn=(9644)
0 15727

fn=(9940) 0x00000000001b4930
0 32

fn=(9984)
0 4
cfn=(9986) 0x0000000000144210
calls=1 0 
0 421
0 4

fn=(9986)
0 8
cfn=(9988)
calls=1 0 
0 24
0 15
cfn=(9994)
calls=1 0 
0 6
0 9
cob=(3)
cfi=(3)
cfn=(8438)
calls=1 0 
0 21
0 21
cfn=(5250)
calls=1 0 
0 133
0 16
cfn=(10054)
calls=1 0 
0 4
0 7
cfn=(5250)
calls=1 0 
0 148
0 9

fn=(12346) fflush
0 19584
cfn=(12348)
calls=1152 0 
0 24030
0 32256

fn=(12478)
0 112

fn=(12758)
0 12

ob=(7)
fl=(7)
fn=(4246) std::locale::facet::_S_create_c_locale(__locale_struct*&, char const*, __locale_struct*)
0 5
cob=(2)
cfi=(2)
cfn=(4248)
calls=1 0 
0 67
0 5

fn=(4284) std::codecvt<char, char, __mbstate_t>::codecvt(unsigned long)
0 12
cfn=(4226) std::locale::facet::_S_get_c_locale()
calls=1 0 
0 17
0 4

fn=(4294) std::__timepunct<char>::_M_initialize_timepunct(__locale_struct*)
0 102
cfn=(4226)
calls=1 0 
0 17
0 36

fn=(4296) std::__cxx11::messages<char>::messages(unsigned long)
0 12
cfn=(4226)
calls=1 0 
0 17
0 2
cfn=(4222) std::locale::facet::_S_get_c_name()
calls=1 0 
0 3
0 4

fn=(4394) std::messages<char>::messages(unsigned long)
0 12
cfn=(4226)
calls=1 0 
0 17
0 2
cfn=(4222)
calls=1 0 
0 3
0 4

fn=(4482) std::ctype<char>::_M_widen_init() const
0 52
cob=(2)
cfi=(2)
cfn=(4324)
calls=1 0 
0 47
0 10

fn=(4974)
0 19511

fn=(5000)
0 78645
cob=(2)
cfi=(2)
cfn=(5002)
calls=11235 0 
0 123585
0 78645

fn=(5126)
0 136

fn=(5132)
0 48

fn=(5220)
0 6968
cfn=(5222) std::ios_base::_M_call_callbacks(std::ios_base::event)
calls=871 0 
0 7839
0 1742
cfn=(5224) std::ios_base::_M_dispose_callbacks()
calls=871 0 
0 9581
0 6097
cfn=(4478)
calls=871 0 
0 5226

fn=(5316) std::num_put<char, std::ostreambuf_iterator<char, std::char_traits<char> > >::do_put(std::ostreambuf_iterator<char, std::char_traits<char> >, std::ios_base&, char, bool) const
0 20
cfn=(5318) std::ostreambuf_iterator<char, std::char_traits<char> > std::num_put<char, std::ostreambuf_iterator<char, std::char_traits<char> > >::_M_insert_int<long>(std::ostreambuf_iterator<char, std::char_traits<char> >, std::ios_base&, char, long) const
calls=1 0 
0 255
0 17

fn=(5340) std::num_put<char, std::ostreambuf_iterator<char, std::char_traits<char> > >::do_put(std::ostreambuf_iterator<char, std::char_traits<char> >, std::ios_base&, char, double) const
0 1096840
cfn=(5342) std::ostreambuf_iterator<char, std::char_traits<char> > std::num_put<char, std::ostreambuf_iterator<char, std::char_traits<char> > >::_M_insert_float<double>(std::ostreambuf_iterator<char, std::char_traits<char> >, std::ios_base&, char, char, double) const
calls=274210 0 
0 632485986

fn=(9802)
0 148

fn=(9810)
0 52
cfn=(9812) std::__detail::_Prime_rehash_policy::_M_next_bkt(unsigned long) const
calls=2 0 
0 44
0 18

fn=(10254) std::__basic_file<char>::fd()
0 1512
cob=(2)
cfi=(2)
cfn=(10256)
calls=504 0 
0 3528

fn=(12638) std::basic_filebuf<char, std::char_traits<char> >::xsputn(char const*, long)
0 8360640
cfn=(10250) std::codecvt<char, char, __mbstate_t>::do_always_noconv() const
calls=557376 0 
0 1672128
0 7807236
cfn=(12642) std::__basic_file<char>::xsputn_2(char const*, long, char const*, long)
calls=496 0 
0 35712
0 3905104
cfn=(5202) std::basic_streambuf<char, std::char_traits<char> >::xsputn(char const*, long)
calls=556880 0 
0 29172016
0 7936

fn=(12642)
0 7936
cfn=(10254)
calls=496 0 
0 4960
0 5456
cob=(2)
cfi=(2)
cfn=(12644)
calls=496 0 
0 9424
0 7936

fn=(10616) std::basic_filebuf<char, std::char_traits<char> >::_M_destroy_internal_buffer()
0 27
cfn=(10618) operator delete[](void*)
calls=3 0 
0 303
0 33

fn=(10878) 0x000000000016d9e0
0 8322
cfn=(4902)
calls=438 0 
0 18396
0 10074

fn=(10894) 0x000000000013d760
0 11826

fn=(12298) __cxxabiv1::__si_class_type_info::__do_dyncast(long, __cxxabiv1::__class_type_info::__sub_kind, __cxxabiv1::__class_type_info const*, void const*, __cxxabiv1::__class_type_info const*, void const*, __cxxabiv1::__class_type_info::__dyncast_result&) const
0 13000
cob=(2)
cfi=(2)
cfn=(12156)
calls=500 0 
0 11625
0 10500
cfn=(12299) __cxxabiv1::__si_class_type_info::__do_dyncast(long, __cxxabiv1::__class_type_info::__sub_kind, __cxxabiv1::__class_type_info const*, void const*, __cxxabiv1::__class_type_info const*, void const*, __cxxabiv1::__class_type_info::__dyncast_result&) const'2
calls=500 0 
0 63125
0 6000
cob=(2)
cfi=(2)
cfn=(12156)
calls=500 0 
0 10000
0 3000

fn=(12299)
0 13000
cob=(2)
cfi=(2)
cfn=(12156)
calls=500 0 
0 14125
0 10500
cfn=(12306) __cxxabiv1::__class_type_info::__do_dyncast(long, __cxxabiv1::__class_type_info::__sub_kind, __cxxabiv1::__class_type_info const*, void const*, __cxxabiv1::__class_type_info const*, void const*, __cxxabiv1::__class_type_info::__dyncast_result&) const
calls=500 0 
0 6500
0 6000
cob=(2)
cfi=(2)
cfn=(12156)
calls=500 0 
0 10000
0 3000

fn=(12372) __gnu_cxx::stdio_sync_filebuf<char, std::char_traits<char> >::overflow(int)
0 994
cob=(2)
cfi=(2)
cfn=(12374)
calls=142 0 
0 21573

fn=(12522)
0 10512
cfn=(5222)
calls=438 0 
0 3942
0 2190
cfn=(5224)
calls=438 0 
0 4818
0 29346
cfn=(10288)
calls=438 0 
0 3066
0 1314
cfn=(4476)
calls=438 0 
0 6132
0 876
cfn=(4478)
calls=438 0 
0 2628
0 1314
cfn=(4480) std::basic_ios<char, std::char_traits<char> >::_M_cache_locale(std::locale const&)
calls=438 0 
0 21462
0 1314
cfn=(5222)
calls=438 0 
0 3942
0 2190
cfn=(10232)
calls=438 0 
0 3942
0 4818

fn=(12794)
0 114

fn=(13450)
0 13
cfn=(10696)
calls=1 0 
0 239
0 2
cfn=(10696)
calls=1 0 
0 371
0 2
cfn=(10696)
calls=1 0 
0 120
0 2
cfn=(13452) std::basic_ostream<wchar_t, std::char_traits<wchar_t> >::flush()
calls=1 0 
0 120
0 2
cfn=(13452)
calls=1 0 
0 371
0 2
cfn=(13452)
calls=1 0 
0 120
0 2

fn=(4242)
0 7
cfn=(4246)
calls=1 0 
0 77

fn=(4346) std::__timepunct<wchar_t>::_M_initialize_timepunct(__locale_struct*)
0 101
cfn=(4226)
calls=1 0 
0 17
0 34

fn=(4478)
0 30120

fn=(4698)
0 57

fn=(5070)
0 1728

fn=(5098)
0 5814
cfn=(5100) void std::__cxx11::basic_string<char, std::char_traits<char>, std::allocator<char> >::_M_construct<char const*>(char const*, char const*, std::forward_iterator_tag)
calls=323 0 
0 20731
0 969

fn=(5100)
0 8352
cfn=(5324)
calls=46 0 
0 5277
0 414
cob=(2)
cfi=(2)
cfn=(4884)
calls=46 0 
0 507
0 831
cob=(2)
cfi=(2)
cfn=(4884)
calls=277 0 
0 4381
0 969

fn=(5138)
0 1843
cfn=(5324)
calls=4 0 
0 353
0 44
cob=(2)
cfi=(2)
cfn=(4884)
calls=4 0 
0 47
0 174
cob=(2)
cfi=(2)
cfn=(4884)
calls=58 0 
0 870
0 424

fn=(5206) std::__cxx11::basic_stringbuf<char, std::char_traits<char>, std::allocator<char> >::_M_pbump(char*, char*, long)
0 12790

fn=(5222)
0 15723

fn=(5224)
0 14399

fn=(4210) 0x0000000000100470
0 8
cfn=(4220) std::locale::_Impl::_Impl(unsigned long)
calls=1 0 
0 33840
0 9
cfn=(4466) std::locale::locale(std::locale::_Impl*)
calls=1 0 
0 3
0 36736

fn=(4226)
0 1373310
cob=(2)
cfi=(2)
cfn=(4228)
calls=274662 0 
0 1648124
0 1647972

fn=(9812)
0 44

fn=(10222)
0 36
cfn=(10224) std::__basic_file<char>::is_open() const
calls=3 0 
0 12
0 21
cfn=(10226) std::__basic_file<char>::open(char const*, std::_Ios_Openmode, int)
calls=3 0 
0 1366
0 6
cfn=(10224)
calls=3 0 
0 12
0 12
cfn=(10228) std::basic_filebuf<char, std::char_traits<char> >::_M_allocate_internal_buffer()
calls=3 0 
0 646
0 66

fn=(10244) std::basic_filebuf<char, std::char_traits<char> >::xsgetn(char*, long)
0 102102
cfn=(10246) std::basic_streambuf<char, std::char_traits<char> >::xsgetn(char*, long)
calls=4641 0 
0 251210
0 60333

fn=(10876) std::num_get<char, std::istreambuf_iterator<char, std::char_traits<char> > >::do_get(std::istreambuf_iterator<char, std::char_traits<char> >, std::istreambuf_iterator<char, std::char_traits<char> >, std::ios_base&, std::_Ios_Iostate&, double&) const
0 12264
cfn=(10878)
calls=438 0 
0 36792
0 3942
cfn=(10892) std::num_get<char, std::istreambuf_iterator<char, std::char_traits<char> > >::_M_extract_float(std::istreambuf_iterator<char, std::char_traits<char> >, std::istreambuf_iterator<char, std::char_traits<char> >, std::ios_base&, std::_Ios_Iostate&, std::string&) const
calls=438 0 
0 508687
0 2628
cfn=(4226)
calls=438 0 
0 7446
0 2628
cfn=(10922) void std::__convert_to_v<double>(char const*, double&, std::_Ios_Iostate&, __locale_struct* const&)
calls=438 0 
0 501453
0 18834
cfn=(11144) 0x000000000016bdd0
calls=438 0 
0 19272
0 1314

fn=(12086) __gxx_personality_v0
0 101500
cob=(5)
cfi=(5)
cfn=(12088) _Unwind_GetLanguageSpecificData
calls=2500 0 
0 7500
0 32500
cfn=(12090) 0x00000000000b9100
calls=2500 0 
0 166750
0 36250
cob=(5)
cfi=(5)
cfn=(12206) _Unwind_SetGR
calls=750 0 
0 10500
0 2500
cob=(5)
cfi=(5)
cfn=(12206)
calls=500 0 
0 7000
0 5000
cob=(5)
cfi=(5)
cfn=(12206)
calls=1250 0 
0 17500
0 3750
cob=(5)
cfi=(5)
cfn=(12208) _Unwind_SetIP
calls=1250 0 
0 3750
0 46250
cob=(5)
cfi=(5)
cfn=(12104) _Unwind_GetIPInfo
calls=2500 0 
0 17500
0 440000
cfn=(12106) 0x00000000000b8e20
calls=37500 0 
0 1738000
0 1160000
cfn=(12106)
calls=37500 0 
0 1774125
0 187500
cfn=(12106)
calls=37500 0 
0 1477125
0 198125
cfn=(12106)
calls=750 0 
0 17750
0 4250
cfn=(12152) std::type_info::__is_pointer_p() const
calls=250 0 
0 750
0 2250
cfn=(12154) __cxxabiv1::__class_type_info::__do_catch(std::type_info const*, void**, unsigned int) const
calls=250 0 
0 54500
0 20000

fn=(12162) __cxxabiv1::__class_type_info::__do_upcast(__cxxabiv1::__class_type_info const*, void**) const
0 4500
cfn=(12164) __cxxabiv1::__si_class_type_info::__do_upcast(__cxxabiv1::__class_type_info const*, void const*, __cxxabiv1::__class_type_info::__upcast_result&) const
calls=250 0 
0 33500
0 3250

fn=(12310)
0 3000
cfn=(11766)
calls=500 0 
0 25000
0 3500
cfn=(11780)
calls=500 0 
0 6438625

fn=(4288) std::__cxx11::moneypunct<char, false>::_M_initialize_moneypunct(__locale_struct*, char const*)
0 70

fn=(4300) std::ctype<wchar_t>::_M_initialize_ctype()
0 10
cob=(2)
cfi=(2)
cfn=(4302)
calls=1 0 
0 22
0 770
cob=(2)
cfi=(2)
cfn=(4304)
calls=128 0 
0 2176
0 262
cob=(2)
cfi=(2)
cfn=(4306)
calls=1 0 
0 18
0 510
cob=(2)
cfi=(2)
cfn=(4306)
calls=255 0 
0 9070
0 1034
cfn=(4312) std::ctype<wchar_t>::_M_convert_to_wmask(unsigned short) const
calls=1 0 
0 97
0 42
cfn=(4312)
calls=7 0 
0 1553
0 39
cfn=(4312)
calls=1 0 
0 500
0 18
cfn=(4312)
calls=3 0 
0 1168
0 23
cob=(2)
cfi=(2)
cfn=(4302)
calls=1 0 
0 22
0 2

fn=(4416) std::moneypunct<wchar_t, false>::_M_initialize_moneypunct(__locale_struct*, char const*)
0 67

fn=(4526)
0 5
cob=(2)
cfi=(2)
cfn=(4510)
calls=1 0 
0 66

fn=(4534)
0 12

fn=(5194) 0x0000000000175540
0 5733

fn=(5204) std::__cxx11::basic_stringbuf<char, std::char_traits<char>, std::allocator<char> >::overflow(int)
0 48262
cfn=(5206)
calls=868 0 
0 8680
0 22972
cfn=(4902)
calls=411 0 
0 23009
0 7398
cob=(2)
cfi=(2)
cfn=(4884)
calls=411 0 
0 108589
0 8220
cfn=(6306) std::__cxx11::basic_string<char, std::char_traits<char>, std::allocator<char> >::swap(std::__cxx11::basic_string<char, std::char_traits<char>, std::allocator<char> >&)
calls=411 0 
0 20897
0 2877
cfn=(6308) std::__cxx11::basic_stringbuf<char, std::char_traits<char>, std::allocator<char> >::_M_sync(char*, unsigned long, unsigned long)
calls=411 0 
0 13974
0 1258
cfn=(4942)
calls=25 0 
0 2230
0 1596

fn=(6638) std::ostream& std::ostream::_M_insert<long>(long)
0 39
cfn=(5182) std::ostream::sentry::sentry(std::ostream&)
calls=3 0 
0 45
0 63
cfn=(6640) std::num_put<char, std::ostreambuf_iterator<char, std::char_traits<char> > >::do_put(std::ostreambuf_iterator<char, std::char_traits<char> >, std::ios_base&, char, long) const
calls=3 0 
0 733
0 54

fn=(6682)
0 36356
cob=(2)
cfi=(2)
cfn=(4884)
calls=82 0 
0 1476
0 9060
cfn=(6684) std::__cxx11::basic_string<char, std::char_traits<char>, std::allocator<char> >::_M_mutate(unsigned long, unsigned long, char const*, unsigned long)
calls=6 0 
0 123967
0 5259

fn=(6744)
0 15

fn=(7878)
0 4
cob=(1)
cfi=(1)
cfn=(7838)
calls=1 0 
0 12
0 3
cob=(10)
cfi=(22)
cfn=(7880)
calls=1 0 
0 80066

fn=(7879)
0 4
cob=(1)
cfi=(1)
cfn=(7838)
calls=1 0 
0 12
0 3
cob=(10)
cfi=(22)
cfn=(7890)
calls=1 0 
0 5389

fn=(10218) std::__basic_file<char>::__basic_file(pthread_mutex_t*)
0 12

fn=(10246)
0 167110
cob=(2)
cfi=(2)
cfn=(4884)
calls=4642 0 
0 69641
0 13965
cfn=(10248) std::basic_filebuf<char, std::char_traits<char> >::underflow()
calls=4 0 
0 471
0 23

fn=(10696)
0 8528
cfn=(5183) std::ostream::sentry::sentry(std::ostream&)'2
calls=375 0 
0 5625
cfn=(5182)
calls=281 0 
0 21099
0 4592
cfn=(12344) __gnu_cxx::stdio_sync_filebuf<char, std::char_traits<char> >::sync()
calls=520 0 
0 36982
cfn=(10698) std::basic_streambuf<char, std::char_traits<char> >::sync()
calls=136 0 
0 408
0 6534
cfn=(12364) std::uncaught_exception()
calls=126 0 
0 3402
0 1386
cfn=(12344)
calls=126 0 
0 8442
0 6786

fn=(10697) std::ostream::flush()'2
0 1638
cfn=(5183)
calls=126 0 
0 1890
0 882
cfn=(12344)
calls=126 0 
0 8442
0 2268

fn=(10698)
0 408

fn=(10874)
0 6146
cfn=(10242) std::istream::sentry::sentry(std::istream&, bool)
calls=439 0 
0 27455
0 10076
cfn=(10876)
calls=438 0 
0 1115260
0 6141

fn=(10912) std::string::push_back(char)
0 29543

fn=(11772) std::logic_error::logic_error(std::__cxx11::basic_string<char, std::char_traits<char>, std::allocator<char> > const&)
0 2250
cfn=(11774) 0x0000000000118290
calls=250 0 
0 28250
0 750

fn=(11782) __cxa_get_globals
0 8008
cob=(1)
cfi=(1)
cfn=(7838)
calls=2002 0 
0 24024
0 6006

fn=(12152)
0 750

fn=(12306)
0 6500

fn=(12364)
0 1506
cfn=(11782)
calls=502 0 
0 9538
0 2510

fn=(12528) std::num_put<char, std::ostreambuf_iterator<char, std::char_traits<char> > >::_M_pad(char, long, std::ios_base&, char*, char const*, int&) const
0 4730
cfn=(12530) 0x0000000000174400
calls=430 0 
0 29301
0 1720

fn=(12530)
0 10750
cob=(2)
cfi=(2)
cfn=(4952)
calls=430 0 
0 7363
0 5590
cob=(2)
cfi=(2)
cfn=(4884)
calls=430 0 
0 5598

fn=(4336) std::codecvt<wchar_t, char, __mbstate_t>::codecvt(unsigned long)
0 12
cfn=(4226)
calls=1 0 
0 17
0 4

fn=(4338) std::__cxx11::numpunct<wchar_t>::_M_initialize_numpunct(__locale_struct*)
0 105

fn=(4374) std::moneypunct<char, true>::_M_initialize_moneypunct(__locale_struct*, char const*)
0 70

fn=(4444) std::messages<wchar_t>::messages(unsigned long)
0 12
cfn=(4226)
calls=1 0 
0 17
0 2
cfn=(4222)
calls=1 0 
0 3
0 4

fn=(4474) std::ios_base::_M_init()
0 28798
cfn=(4208)
calls=2618 0 
0 65450
0 7854
cfn=(4476)
calls=2618 0 
0 36652
0 5236
cfn=(4478)
calls=2618 0 
0 15708
0 15708

fn=(4554) std::future_category()
0 3

fn=(5084)
0 184678
cfn=(4942)
calls=92339 0 
0 3593925

fn=(5346) 0x0000000000136760
0 7129460
cob=(2)
cfi=(2)
cfn=(4302)
calls=274210 0 
0 6032620
0 3290520
cob=(2)
cfi=(2)
cfn=(5352)
calls=274210 0 
0 510290370
0 822630
cob=(2)
cfi=(2)
cfn=(4302)
calls=274210 0 
0 6032620
0 2742100

fn=(6308)
0 9864
cfn=(5206)
calls=411 0 
0 4110

fn=(4204)
0 4
cfn=(4206) std::ios_base::Init::Init()
calls=1 0 
0 36030
0 5
cob=(2)
cfi=(2)
cfn=(4510)
calls=1 0 
0 63

fn=(4208)
0 32144
cfn=(4210)
calls=4592 0 
0 70596
0 45920

fn=(10226)
0 42
cfn=(10224)
calls=3 0 
0 12
0 15
cob=(2)
cfi=(2)
cfn=(8356)
calls=3 0 
0 1264
0 33

fn=(12166) __cxxabiv1::__class_type_info::__do_upcast(__cxxabiv1::__class_type_info const*, void const*, __cxxabiv1::__class_type_info::__upcast_result&) const
0 9000
cob=(2)
cfi=(2)
cfn=(12156)
calls=500 0 
0 10000
0 5000

fn=(12296)
0 23125
cfn=(12298)
calls=500 0 
0 117250
0 14250
cob=(2)
cfi=(2)
cfn=(12156)
calls=500 0 
0 11625
0 5000

fn=(12330) std::exception::~exception()
0 1500

fn=(13432)
0 9
cob=(2)
cfi=(2)
cfn=(13332)
calls=1 0 
0 1571
0 1
cfn=(13460) 0x00000000000b6400
calls=1 0 
0 5
0 3

fn=(13440) std::error_category::~error_category()
0 4

fn=(13442)
0 4
cfn=(13440)
calls=1 0 
0 2

fn=(4286) std::__cxx11::numpunct<char>::_M_initialize_numpunct(__locale_struct*)
0 414

fn=(4292) std::__timepunct<char>::__timepunct(std::__timepunct_cache<char>*, unsigned long)
0 14
cfn=(4222)
calls=1 0 
0 3
0 4
cfn=(4294)
calls=1 0 
0 155
0 3

fn=(4344) std::__timepunct<wchar_t>::__timepunct(std::__timepunct_cache<wchar_t>*, unsigned long)
0 14
cfn=(4222)
calls=1 0 
0 3
0 4
cfn=(4346)
calls=1 0 
0 152
0 3

fn=(4350) 0x0000000000106740
0 21
cfn=(4352) std::numpunct<char>::_M_initialize_numpunct(__locale_struct*)
calls=1 0 
0 414
0 8
cfn=(4282)
calls=1 0 
0 15
0 8
cfn=(4226)
calls=1 0 
0 17
0 8
cfn=(4282)
calls=1 0 
0 15
0 12
cfn=(4366) std::moneypunct<char, false>::_M_initialize_moneypunct(__locale_struct*, char const*)
calls=1 0 
0 70
0 7
cfn=(4282)
calls=1 0 
0 15
0 12
cfn=(4374)
calls=1 0 
0 70
0 7
cfn=(4282)
calls=1 0 
0 15
0 14
cfn=(4282)
calls=1 0 
0 15
0 14
cfn=(4282)
calls=1 0 
0 15
0 14
cfn=(4282)
calls=1 0 
0 15
0 6
cfn=(4394)
calls=1 0 
0 38
0 7
cfn=(4282)
calls=1 0 
0 15
0 16
cfn=(4402) std::numpunct<wchar_t>::_M_initialize_numpunct(__locale_struct*)
calls=1 0 
0 105
0 7
cfn=(4282)
calls=1 0 
0 15
0 8
cfn=(4226)
calls=1 0 
0 17
0 8
cfn=(4282)
calls=1 0 
0 15
0 13
cfn=(4416)
calls=1 0 
0 67
0 7
cfn=(4282)
calls=1 0 
0 15
0 12
cfn=(4424) std::moneypunct<wchar_t, true>::_M_initialize_moneypunct(__locale_struct*, char const*)
calls=1 0 
0 67
0 7
cfn=(4282)
calls=1 0 
0 15
0 14
cfn=(4282)
calls=1 0 
0 15
0 14
cfn=(4282)
calls=1 0 
0 15
0 14
cfn=(4282)
calls=1 0 
0 15
0 6
cfn=(4444)
calls=1 0 
0 38
0 6
cfn=(4282)
calls=1 0 
0 15
0 5
cfn=(4282)
calls=1 0 
0 6
0 4
cfn=(4282)
calls=1 0 
0 6
0 4
cfn=(4282)
calls=1 0 
0 6
0 4
cfn=(4282)
calls=1 0 
0 6
0 5
cfn=(4282)
calls=1 0 
0 6
0 5
cfn=(4282)
calls=1 0 
0 6
0 9

fn=(4366)
0 70

fn=(4540)
0 5
cfn=(4542) std::error_category::error_category()
calls=1 0 
0 5
0 6
cob=(2)
cfi=(2)
cfn=(4510)
calls=1 0 
0 66
0 3
cfn=(4542)
calls=1 0 
0 5
0 7
cob=(2)
cfi=(2)
cfn=(4510)
calls=1 0 
0 66

fn=(4552)
0 3
cfn=(4554)
calls=1 0 
0 3
0 4

fn=(4754)
0 50

fn=(5202)
0 20049446
cob=(2)
cfi=(2)
cfn=(4884)
calls=572793 0 
0 8240028
0 1722991
cfn=(12640) std::basic_filebuf<char, std::char_traits<char> >::overflow(int)
calls=1 0 
0 52
cfn=(5204)
calls=1273 0 
0 265788
0 7981

fn=(5218)
0 12463
cfn=(4942)
calls=381 0 
0 13335
0 4315
cfn=(4478)
calls=863 0 
0 5178
0 9493
cfn=(5220)
calls=863 0 
0 37109

fn=(5338)
0 3564730
cfn=(5182)
calls=274210 0 
0 4113150
0 5758410
cfn=(5340)
calls=274210 0 
0 633582826
0 4935780

fn=(4220)
0 53
cfn=(4222)
calls=1 0 
0 3
0 7
cfn=(4224) std::ctype<char>::ctype(unsigned short const*, bool, unsigned long)
calls=1 0 
0 227
0 4
cfn=(4280) std::locale::_Impl::_M_install_facet(std::locale::id const*, std::locale::facet const*)
calls=1 0 
0 401
0 3
cfn=(4284)
calls=1 0 
0 33
0 4
cfn=(4280)
calls=1 0 
0 401
0 23
cfn=(4286)
calls=1 0 
0 414
0 4
cfn=(4280)
calls=1 0 
0 401
0 8
cfn=(4280)
calls=1 0 
0 401
0 8
cfn=(4280)
calls=1 0 
0 401
0 5
cfn=(4226)
calls=1 0 
0 17
0 5
cfn=(4280)
calls=1 0 
0 401
0 28
cfn=(4288)
calls=1 0 
0 70
0 4
cfn=(4280)
calls=1 0 
0 401
0 28
cfn=(4290) std::__cxx11::moneypunct<char, true>::_M_initialize_moneypunct(__locale_struct*, char const*)
calls=1 0 
0 70
0 4
cfn=(4280)
calls=1 0 
0 401
0 8
cfn=(4280)
calls=1 0 
0 401
0 8
cfn=(4280)
calls=1 0 
0 401
0 25
cfn=(4292)
calls=1 0 
0 179
0 4
cfn=(4280)
calls=1 0 
0 401
0 8
cfn=(4280)
calls=1 0 
0 401
0 8
cfn=(4280)
calls=1 0 
0 401
0 3
cfn=(4296)
calls=1 0 
0 38
0 4
cfn=(4280)
calls=1 0 
0 401
0 3
cfn=(4298) std::ctype<wchar_t>::ctype(unsigned long)
calls=1 0 
0 17371
0 4
cfn=(4280)
calls=1 0 
0 401
0 3
cfn=(4336)
calls=1 0 
0 33
0 4
cfn=(4280)
calls=1 0 
0 401
0 22
cfn=(4338)
calls=1 0 
0 105
0 4
cfn=(4280)
calls=1 0 
0 401
0 8
cfn=(4280)
calls=1 0 
0 401
0 8
cfn=(4280)
calls=1 0 
0 401
0 5
cfn=(4226)
calls=1 0 
0 17
0 16
cfn=(4280)
calls=1 0 
0 401
0 27
cfn=(4340) std::__cxx11::moneypunct<wchar_t, false>::_M_initialize_moneypunct(__locale_struct*, char const*)
calls=1 0 
0 67
0 4
cfn=(4280)
calls=1 0 
0 401
0 26
cfn=(4342) std::__cxx11::moneypunct<wchar_t, true>::_M_initialize_moneypunct(__locale_struct*, char const*)
calls=1 0 
0 67
0 4
cfn=(4280)
calls=1 0 
0 401
0 8
cfn=(4280)
calls=1 0 
0 401
0 8
cfn=(4280)
calls=1 0 
0 401
0 25
cfn=(4344)
calls=1 0 
0 176
0 4
cfn=(4280)
calls=1 0 
0 401
0 8
cfn=(4280)
calls=1 0 
0 401
0 8
cfn=(4280)
calls=1 0 
0 401
0 3
cfn=(4348) std::__cxx11::messages<wchar_t>::messages(unsigned long)
calls=1 0 
0 38
0 4
cfn=(4280)
calls=1 0 
0 401
0 8
cfn=(4280)
calls=1 0 
0 401
0 8
cfn=(4280)
calls=1 0 
0 401
0 8
cfn=(4280)
calls=1 0 
0 401
0 8
cfn=(4280)
calls=1 0 
0 401
0 8
cfn=(4350)
calls=1 0 
0 1485
0 3
cfn=(4282)
calls=1 0 
0 6
0 5
cfn=(4282)
calls=1 0 
0 6
0 4
cfn=(4282)
calls=1 0 
0 6
0 5
cfn=(4282)
calls=1 0 
0 6
0 5
cfn=(4282)
calls=1 0 
0 6
0 4
cfn=(4282)
calls=1 0 
0 6
0 5
cfn=(4282)
calls=1 0 
0 6
0 4
cfn=(4282)
calls=1 0 
0 6
0 13

fn=(6782)
0 30
cob=(2)
cfi=(2)
cfn=(6784)
calls=3 0 
0 45
0 7
cob=(2)
cfi=(2)
cfn=(5244)
calls=1 0 
0 4
0 2
cfn=(6796) std::_V2::generic_category()
calls=1 0 
0 3
0 24
cfn=(6744)
calls=2 0 
0 6
0 43

fn=(10228)
0 30
cfn=(10068) operator new[](unsigned long)
calls=3 0 
0 601
0 15

fn=(10240)
0 69615
cfn=(10242)
calls=4641 0 
0 134589
0 41769
cfn=(10244)
calls=4641 0 
0 413645
0 55698
cfn=(10232)
calls=1 0 
0 9
0 1

fn=(10242)
0 115186
cfn=(10232)
calls=1 0 
0 9
0 46594
cfn=(10248)
calls=1 0 
0 114
0 13
cfn=(10248)
calls=1 0 
0 119
0 6

ob=(5)
fl=(5)
fn=(4184)
0 12

fn=(11790) _Unwind_RaiseException
0 13500
cfn=(11792) 0x00000000000268d0
calls=750 0 
0 1227837
0 36125
cob=(7)
cfi=(7)
cfn=(12086)
calls=1375 0 
0 4131875
0 10375
cfn=(11972) 0x00000000000250e0
calls=2125 0 
0 601750
0 40375
cfn=(11794) 0x0000000000026060
calls=2125 0 
0 2743875
0 2250
cfn=(11794)
calls=750 0 
0 795750
0 8000
cfn=(12168) _Unwind_GetCFA
calls=750 0 
0 2250
0 18750
cfn=(12170) 0x0000000000026a60
calls=750 0 
0 3446625
0 3750
cfn=(12216) 0x0000000000023750
calls=750 0 
0 284250
0 3750
cfn=(12268) 0x0000000000026f30
calls=750 0 
0 2250
0 12750

fn=(12094) _Unwind_GetRegionStart
0 7500

fn=(12054) 0x0000000000023580
0 185250

fn=(12168)
0 12375

fn=(12216)
0 489750

fn=(11794)
0 180000
cfn=(11798) _Unwind_Find_FDE
calls=7500 0 
0 2975250
0 97500
cob=(2)
cfi=(2)
cfn=(4318)
calls=7500 0 
0 105000
0 1193750
cfn=(12054)
calls=3250 0 
0 94250
0 55250
cfn=(12054)
calls=3250 0 
0 91000
0 17250
cfn=(11886) 0x00000000000254f0
calls=7500 0 
0 3366250
0 52500
cfn=(11886)
calls=7500 0 
0 1230000
0 7500

fn=(12206)
0 35000

fn=(13470) 0x00000000000048b0
0 30

fn=(13482)
0 9
cob=(2)
cfi=(2)
cfn=(13332)
calls=1 0 
0 94
0 1
cfn=(13490) 0x0000000000005c40
calls=1 0 
0 5
0 3

fn=(11962)
0 19

fn=(11972)
0 1608500

fn=(12272)
0 8500
cfn=(11792)
calls=500 0 
0 802000
0 11500
cfn=(12170)
calls=500 0 
0 5109500
0 2500
cfn=(12216)
calls=500 0 
0 205500
0 3000
cfn=(12268)
calls=500 0 
0 1500
0 8000

fn=(13468)
0 4
cfn=(13470)
calls=1 0 
0 15
0 2
cfn=(13470)
calls=1 0 
0 15
0 3

fn=(13490)
0 5

fn=(4182)
0 367

fn=(11792)
0 31250
cfn=(11794)
calls=1250 0 
0 1551000
0 6250
cob=(2)
cfi=(2)
cfn=(4228)
calls=1250 0 
0 7587
0 20000
cfn=(11972)
calls=1250 0 
0 405000
0 8750

fn=(11820) 0x0000000000027a30
0 52500
cob=(2)
cfi=(2)
cfn=(4318)
calls=7500 0 
0 105000
0 212750
cfn=(12022) 0x00000000000278e0
calls=3250 0 
0 91000
0 84750

fn=(12268)
0 3750

fn=(11886)
0 4596250

fn=(12170)
0 26000
cfn=(11794)
calls=2125 0 
0 2743875
0 3750
cfn=(11794)
calls=1250 0 
0 1631000
0 10125
cfn=(12168)
calls=3375 0 
0 10125
0 42000
cob=(7)
cfi=(7)
cfn=(12086)
calls=1875 0 
0 3400750
0 12625
cfn=(11972)
calls=2125 0 
0 601750
0 74125

fn=(12022)
0 91000

fn=(12104)
0 17500

ob=(7)
fl=(7)
fn=(10242)
0 3

fn=(12640)
0 45
cfn=(12726) std::basic_filebuf<char, std::char_traits<char> >::_M_convert_to_external(char*, long)
calls=1 0 
0 95
0 59

fn=(10362)
0 1133484

fn=(10434)
0 87

fn=(10612)
0 32
cfn=(10224)
calls=4 0 
0 16
0 17
cfn=(10614) std::basic_filebuf<char, std::char_traits<char> >::_M_terminate_output()
calls=3 0 
0 230
0 15
cfn=(10616)
calls=3 0 
0 363
0 42
cfn=(10620) std::__basic_file<char>::close()
calls=3 0 
0 1095
0 35

fn=(10620)
0 30
cfn=(10224)
calls=6 0 
0 24
0 45
cob=(2)
cfi=(2)
cfn=(8736)
calls=3 0 
0 1020
0 24

fn=(10712)
0 279580
cob=(2)
cfi=(2)
cfn=(4318)
calls=39940 0 
0 559160
0 399400
cfn=(10596)
calls=39940 0 
0 7450120

fn=(12106)
0 5007000

fn=(12290)
0 750

fn=(12350) __gnu_cxx::stdio_sync_filebuf<char, std::char_traits<char> >::xsputn(char const*, long)
0 12585
cob=(2)
cfi=(2)
cfn=(12352)
calls=2517 0 
0 216190

fn=(13456) __gnu_cxx::stdio_sync_filebuf<wchar_t, std::char_traits<wchar_t> >::sync()
0 15
cob=(2)
cfi=(2)
cfn=(12346)
calls=5 0 
0 320

fn=(10330) std::__cxx11::collate<char>::_M_transform(char*, char const*, unsigned long) const
0 21
cob=(2)
cfi=(2)
cfn=(10332)
calls=3 0 
0 306

fn=(4298)
0 12
cfn=(4226)
calls=1 0 
0 17
0 6
cfn=(4300)
calls=1 0 
0 17336

fn=(4424)
0 67

fn=(4476)
0 42798

fn=(4502) std::basic_ios<wchar_t, std::char_traits<wchar_t> >::init(std::basic_streambuf<wchar_t, std::char_traits<wchar_t> >*)
0 28
cfn=(4474)
calls=4 0 
0 268
0 12
cfn=(4504) std::basic_ios<wchar_t, std::char_traits<wchar_t> >::_M_cache_locale(std::locale const&)
calls=4 0 
0 196
0 28
cfn=(4506) std::ctype<wchar_t>::do_widen(char) const
calls=4 0 
0 16
0 56

fn=(4550)
0 3

fn=(4736)
0 34

fn=(4780)
0 50

fn=(4902)
0 754784
cob=(2)
cfi=(2)
cfn=(4582)
calls=94348 0 
0 3326666
0 377392

fn=(4928)
0 22188
cfn=(4942)
calls=909 0 
0 34339
0 3165

fn=(5184) std::num_put<char, std::ostreambuf_iterator<char, std::char_traits<char> > >::do_put(std::ostreambuf_iterator<char, std::char_traits<char> >, std::ios_base&, char, unsigned long) const
0 429
cfn=(5186) std::ostreambuf_iterator<char, std::char_traits<char> > std::num_put<char, std::ostreambuf_iterator<char, std::char_traits<char> > >::_M_insert_int<unsigned long>(std::ostreambuf_iterator<char, std::char_traits<char> >, std::ios_base&, char, unsigned long) const
calls=143 0 
0 30490

fn=(5186)
0 2717
cfn=(5188) 0x0000000000171680
calls=143 0 
0 3575
0 3861
cfn=(5194)
calls=143 0 
0 5590
0 3289
cfn=(12350)
calls=2 0 
0 287
cfn=(5202)
calls=141 0 
0 8883
0 2288

fn=(5314) std::ostream& std::ostream::_M_insert<bool>(bool)
0 13
cfn=(5182)
calls=1 0 
0 15
0 21
cfn=(5316)
calls=1 0 
0 292
0 18

fn=(5318)
0 76
cfn=(5188)
calls=4 0 
0 100
0 106
cfn=(5194)
calls=2 0 
0 52
0 16
cfn=(5194)
calls=2 0 
0 91
0 108
cfn=(12350)
calls=1 0 
0 142
cfn=(5202)
calls=3 0 
0 216
0 72

fn=(4224)
0 18
cfn=(4226)
calls=1 0 
0 169
0 40

fn=(6636)
0 22
cfn=(6638)
calls=2 0 
0 539

fn=(6646)
0 53739
cob=(2)
cfi=(2)
cfn=(4318)
calls=5971 0 
0 90719
0 23884
cfn=(6032)
calls=5971 0 
0 1027039
0 23884

fn=(6796)
0 3

fn=(10216)
0 48
cfn=(4208)
calls=3 0 
0 75
0 33
cfn=(10218)
calls=3 0 
0 12
0 45
cfn=(4282)
calls=3 0 
0 18
0 24

fn=(10232)
0 3987

fn=(10252) std::__basic_file<char>::xsgetn(char*, long)
0 84
cfn=(10254)
calls=7 0 
0 70
0 28
cob=(2)
cfi=(2)
cfn=(8436)
calls=7 0 
0 126
0 70

fn=(10366)
0 7

fn=(10868) std::basic_ifstream<char, std::char_traits<char> >::basic_ifstream(std::__cxx11::basic_string<char, std::char_traits<char>, std::allocator<char> > const&, std::_Ios_Openmode)
0 13
cfn=(4470)
calls=1 0 
0 56
0 14
cfn=(4472)
calls=1 0 
0 147
0 7
cfn=(10216)
calls=1 0 
0 85
0 3
cfn=(4472)
calls=1 0 
0 147
0 5
cfn=(10222)
calls=1 0 
0 721
0 7
cfn=(10232)
calls=1 0 
0 9
0 6

fn=(10914) 0x000000000016c600
0 10300

fn=(10922)
0 5694
cob=(2)
cfi=(2)
cfn=(10924)
calls=438 0 
0 486999
0 8760

fn=(11788) std::get_terminate()
0 3000

fn=(12154)
0 4750
cob=(2)
cfi=(2)
cfn=(12156)
calls=250 0 
0 5000
0 3500
cfn=(12162)
calls=250 0 
0 41250

fn=(12314)
0 2250
cfn=(12316) __cxa_get_globals_fast
calls=750 0 
0 14250
0 13500
cob=(5)
cfi=(5)
cfn=(12318) _Unwind_DeleteException
calls=750 0 
0 67000

fn=(12334) __cxa_free_exception
0 6000
cob=(2)
cfi=(2)
cfn=(4266)
calls=750 0 
0 24750

fn=(12338) std::logic_error::~logic_error()
0 5000
cfn=(4942)
calls=250 0 
0 8750
0 750
cfn=(12330)
calls=250 0 
0 500

fn=(13460)
0 5

fn=(10288)
0 3094

fn=(4280)
0 512
cfn=(4282)
calls=32 0 
0 480
0 11840

fn=(4312)
0 88
cob=(2)
cfi=(2)
cfn=(4314)
calls=1 0 
0 484
0 24
cob=(2)
cfi=(2)
cfn=(4314)
calls=1 0 
0 378
0 3
cob=(2)
cfi=(2)
cfn=(4314)
calls=1 0 
0 537
0 9
cob=(2)
cfi=(2)
cfn=(4314)
calls=1 0 
0 194
0 3
cob=(2)
cfi=(2)
cfn=(4314)
calls=1 0 
0 141
0 3
cob=(2)
cfi=(2)
cfn=(4314)
calls=1 0 
0 88
0 3
cob=(2)
cfi=(2)
cfn=(4314)
calls=1 0 
0 247
0 7
cob=(2)
cfi=(2)
cfn=(4314)
calls=1 0 
0 325
0 3
cob=(2)
cfi=(2)
cfn=(4314)
calls=1 0 
0 188
0 3
cob=(2)
cfi=(2)
cfn=(4314)
calls=1 0 
0 590

fn=(4542)
0 10

fn=(4558)
0 17
cob=(2)
cfi=(2)
cfn=(4560)
calls=1 0 
0 817
0 26
cob=(2)
cfi=(2)
cfn=(4582)
calls=1 0 
0 356
0 8

fn=(4718)
0 34

fn=(4806)
0 6

fn=(5174)
0 17260
cfn=(4470)
calls=863 0 
0 48328
0 12082
cfn=(4472)
calls=863 0 
0 126861
0 6041
cfn=(4472)
calls=863 0 
0 126861
0 9493
cfn=(4208)
calls=863 0 
0 21575
0 9493
cfn=(4472)
calls=863 0 
0 126861
0 5178

fn=(5212)
0 24268
cfn=(4902)
calls=5 0 
0 210
0 40
cob=(2)
cfi=(2)
cfn=(4884)
calls=5 0 
0 55
0 2710

fn=(5324)
0 1059129
cfn=(4902)
calls=566 0 
0 28021
0 242847
cfn=(4902)
calls=80949 0 
0 3609413

fn=(6032)
0 4819840
cfn=(5182)
calls=301240 0 
0 4552100
0 8134480
cfn=(12364)
calls=250 0 
0 6750
0 2250
cfn=(12344)
calls=250 0 
0 16750
0 1507950
cfn=(12638)
calls=284226 0 
0 26414264
cfn=(12350)
calls=2053 0 
0 163560
cfn=(5202)
calls=14961 0 
0 1033760
0 1506200

fn=(6750)
0 42

fn=(6792)
0 115
cfn=(6793) std::filesystem::__cxx11::path::_List::_Impl_deleter::operator()(std::filesystem::__cxx11::path::_List::_Impl*) const'2
calls=11 0 
0 44
0 50
cfn=(5084)
calls=2 0 
0 74
0 66
cfn=(5084)
calls=3 0 
0 111

fn=(6793)
0 44

fn=(10224)
0 76

fn=(10624)
0 9
cfn=(10620)
calls=3 0 
0 48
0 6

fn=(10694)
0 1806
cfn=(10690)
calls=129 0 
0 6450
0 516
cfn=(10696)
calls=129 0 
0 7224

fn=(10706)
0 15416
cfn=(6684)
calls=376 0 
0 54671
0 1128

fn=(11144)
0 3942
cfn=(4942)
calls=438 0 
0 15330

fn=(11232) std::basic_ifstream<char, std::char_traits<char> >::~basic_ifstream()
0 13
cfn=(10612)
calls=1 0 
0 546
0 2
cfn=(10624)
calls=1 0 
0 21
0 5
cfn=(4478)
calls=1 0 
0 6
0 9
cfn=(5220)
calls=1 0 
0 43

fn=(11770)
0 1000
cfn=(11772)
calls=250 0 
0 31250
0 1250

fn=(11774)
0 1000
cfn=(11776) std::__cow_string::__cow_string(char const*, unsigned long)
calls=250 0 
0 27250

fn=(11786) std::get_unexpected()
0 3000

fn=(12090)
0 22500
cob=(5)
cfi=(5)
cfn=(12094)
calls=2500 0 
0 7500
0 136750

fn=(12164)
0 2750
cfn=(12166)
calls=250 0 
0 10500
0 3250
cfn=(12166)
calls=250 0 
0 10500
0 3500
cfn=(12166)
calls=250 0 
0 3000

fn=(4290)
0 70

fn=(4340)
0 67

fn=(4348)
0 12
cfn=(4226)
calls=1 0 
0 17
0 2
cfn=(4222)
calls=1 0 
0 3
0 4

fn=(4352)
0 414

fn=(4466)
0 3

fn=(4480)
0 24416
cfn=(4282)
calls=3052 0 
0 18312
0 21364
cfn=(4282)
calls=3052 0 
0 18312
0 21364
cfn=(4282)
calls=3052 0 
0 18312
0 27468

fn=(4942)
0 188698
cob=(2)
cfi=(2)
cfn=(4266)
calls=94349 0 
0 3479706

fn=(5188)
0 1923565
cfn=(4282)
calls=274795 0 
0 1648770
0 3297540

fn=(5344) std::__num_base::_S_format_float(std::ios_base const&, char*, char)
0 9048930

fn=(6306)
0 20897

fn=(4206)
0 51
cfn=(4208)
calls=1 0 
0 33885
0 15
cfn=(4208)
calls=1 0 
0 25
0 13
cfn=(4208)
calls=1 0 
0 25
0 6
cfn=(4470)
calls=1 0 
0 56
0 11
cfn=(4472)
calls=1 0 
0 263
0 3
cfn=(4470)
calls=1 0 
0 56
0 15
cfn=(4472)
calls=1 0 
0 147
0 3
cfn=(4470)
calls=1 0 
0 56
0 11
cfn=(4472)
calls=1 0 
0 147
0 4
cfn=(4470)
calls=1 0 
0 56
0 11
cfn=(4472)
calls=1 0 
0 147
0 14
cfn=(4208)
calls=1 0 
0 25
0 15
cfn=(4208)
calls=1 0 
0 25
0 13
cfn=(4208)
calls=1 0 
0 25
0 6
cfn=(4470)
calls=1 0 
0 56
0 11
cfn=(4502)
calls=1 0 
0 151
0 3
cfn=(4470)
calls=1 0 
0 56
0 15
cfn=(4502)
calls=1 0 
0 151
0 3
cfn=(4470)
calls=1 0 
0 56
0 11
cfn=(4502)
calls=1 0 
0 151
0 4
cfn=(4470)
calls=1 0 
0 56
0 11
cfn=(4502)
calls=1 0 
0 151
0 15

fn=(4222)
0 21

fn=(6756)
0 102
cob=(2)
cfi=(2)
cfn=(4952)
calls=3 0 
0 318
0 93
cob=(2)
cfi=(2)
cfn=(5044)
calls=3 0 
0 57
0 323
cob=(2)
cfi=(2)
cfn=(5044)
calls=8 0 
0 152
0 343
cfn=(6760) 0x00000000001ffb70
calls=3 0 
0 563
0 149
cfn=(6750)
calls=11 0 
0 33
0 320
cfn=(4902)
calls=2 0 
0 84
0 22
cob=(2)
cfi=(2)
cfn=(4884)
calls=2 0 
0 22
0 45
cob=(2)
cfi=(2)
cfn=(4884)
calls=9 0 
0 137
0 95

fn=(10068)
0 8
cfn=(4902)
calls=4 0 
0 637

fn=(12726)
0 19
cfn=(10250)
calls=1 0 
0 3
0 6
cfn=(12728) std::__basic_file<char>::xsputn(char const*, long)
calls=1 0 
0 54
0 13

fn=(10374)
0 798

fn=(10614)
0 37
cfn=(12640)
calls=1 0 
0 147
0 14
cfn=(10250)
calls=1 0 
0 3
0 29

fn=(10892)
0 10074
cfn=(5188)
calls=438 0 
0 10950
0 3504
cfn=(10894)
calls=438 0 
0 11826
0 11826
cfn=(10904) 0x000000000013d840
calls=438 0 
0 5256
0 13497
cfn=(10914)
calls=297 0 
0 5940
0 1782
cfn=(10904)
calls=297 0 
0 3564
0 3564
cfn=(10912)
calls=297 0 
0 9207
0 1981
cfn=(10912)
calls=218 0 
0 6758
0 1962
cfn=(10914)
calls=218 0 
0 4360
0 1526
cfn=(10904)
calls=218 0 
0 2616
0 345900
cfn=(10248)
calls=1 0 
0 119
0 31889
cfn=(10912)
calls=438 0 
0 13578
0 7008

fn=(10904)
0 11436

fn=(11776)
0 4750
cob=(2)
cfi=(2)
cfn=(4884)
calls=250 0 
0 6500
0 2750
cfn=(4902)
calls=250 0 
0 10500
0 2750

fn=(12286)
0 3000
cfn=(11782)
calls=750 0 
0 14250
0 17250

fn=(12320) 0x00000000000ba3b0
0 9000
cfn=(12336) std::domain_error::~domain_error()
calls=250 0 
0 16250
cfn=(12328) std::bad_cast::~bad_cast()
calls=500 0 
0 3500
0 2250
cfn=(12334)
calls=750 0 
0 30750

fn=(12336)
0 1250
cfn=(12338)
calls=250 0 
0 15000

fn=(12344)
0 3441
cob=(2)
cfi=(2)
cfn=(12346)
calls=1147 0 
0 75550

fn=(13444)
0 7

fn=(10328)
0 102
cob=(2)
cfi=(2)
cfn=(5244)
calls=3 0 
0 12
0 117
cob=(2)
cfi=(2)
cfn=(4318)
calls=3 0 
0 42
0 24
cfn=(10330)
calls=3 0 
0 327
0 138

fn=(4282)
0 3351180

fn=(4342)
0 67

fn=(4402)
0 105

fn=(4470)
0 27249
cfn=(4208)
calls=879 0 
0 21975

fn=(4472)
0 18298
cfn=(4474)
calls=2614 0 
0 175138
0 7842
cfn=(4480)
calls=2614 0 
0 128086
0 54895
cfn=(4482)
calls=1 0 
0 109
0 6

fn=(4504)
0 32
cfn=(4282)
calls=4 0 
0 24
0 28
cfn=(4282)
calls=4 0 
0 24
0 28
cfn=(4282)
calls=4 0 
0 24
0 36

fn=(4506)
0 16

fn=(4716)
0 38

fn=(5092)
0 44

fn=(5180)
0 1859
cfn=(5182)
calls=143 0 
0 2145
0 3003
cfn=(5184)
calls=143 0 
0 30919
0 2574

fn=(5182)
0 6486104
cfn=(10697)
calls=126 0 
0 15120
cfn=(10696)
calls=375 0 
0 45000
0 2360815

fn=(5183)
0 7515

fn=(5342)
0 5484200
cfn=(5188)
calls=274210 0 
0 6855250
0 2467890
cfn=(5344)
calls=274210 0 
0 9048930
0 3838940
cfn=(4226)
calls=274210 0 
0 4661570
0 3016310
cfn=(5346)
calls=274210 0 
0 536340320
0 1371050
cfn=(4282)
calls=274210 0 
0 1645260
0 9323140
cob=(2)
cfi=(2)
cfn=(5044)
calls=274210 0 
0 5209990
0 6714262
cfn=(12638)
calls=273150 0 
0 24546508
cfn=(12350)
calls=461 0 
0 64786
cfn=(5202)
calls=599 0 
0 71411
0 4397250
cfn=(12528)
calls=430 0 
0 35751
0 2517036
cob=(2)
cfi=(2)
cfn=(4884)
calls=274210 0 
0 3504222
0 1371910

fn=(6640)
0 9
cfn=(5318)
calls=3 0 
0 724

fn=(6684)
0 2358570
cfn=(5324)
calls=81330 0 
0 4926490
0 891956
cob=(2)
cfi=(2)
cfn=(4884)
calls=80948 0 
0 1210944
0 893114
cob=(2)
cfi=(2)
cfn=(4884)
calls=80952 0 
0 1185816
0 1709064

fn=(6760)
0 108
cfn=(4902)
calls=3 0 
0 392
0 63

fn=(10248)
0 238
cfn=(10250)
calls=7 0 
0 21
0 136
cfn=(10252)
calls=7 0 
0 378
0 50

fn=(10250)
0 1672155

fn=(12728)
0 10
cfn=(10254)
calls=1 0 
0 10
0 5
cob=(2)
cfi=(2)
cfn=(12362)
calls=1 0 
0 18
0 11

fn=(10358)
0 360612

fn=(10596)
0 1709465
cob=(2)
cfi=(2)
cfn=(4884)
calls=26027 0 
0 448656
0 1154974
cfn=(6684)
calls=80948 0 
0 12997316
0 605338

fn=(10618)
0 8
cfn=(4942)
calls=4 0 
0 332

fn=(10690)
0 147939
cfn=(5182)
calls=13449 0 
0 218485
0 323105
cfn=(12364)
calls=125 0 
0 3375
0 1375
cfn=(12344)
calls=125 0 
0 8375
0 1444
cfn=(12372)
calls=142 0 
0 22567
cfn=(5204)
calls=6 0 
0 4174
0 296

fn=(11766)
0 6000
cob=(2)
cfi=(2)
cfn=(4582)
calls=750 0 
0 22500
0 9000

fn=(11780)
0 6750
cfn=(11782)
calls=750 0 
0 14250
0 3750
cfn=(11784) __cxa_init_primary_exception
calls=750 0 
0 18750
0 3000
cob=(5)
cfi=(5)
cfn=(11790)
calls=750 0 
0 13386087

fn=(11784)
0 5250
cfn=(11786)
calls=750 0 
0 3000
0 1500
cfn=(11788)
calls=750 0 
0 3000
0 6000

fn=(12316)
0 3000
cob=(1)
cfi=(1)
cfn=(7838)
calls=750 0 
0 9000
0 2250

fn=(12328)
0 2500
cfn=(12330)
calls=500 0 
0 1000

fn=(13438)
0 4
cfn=(13440)
calls=1 0 
0 2

fn=(13452)
0 39
cfn=(13454) std::basic_ostream<wchar_t, std::char_traits<wchar_t> >::sentry::sentry(std::basic_ostream<wchar_t, std::char_traits<wchar_t> >&)
calls=3 0 
0 179
0 21
cfn=(13456)
calls=3 0 
0 201
0 32
cfn=(12364)
calls=1 0 
0 27
0 11
cfn=(13456)
calls=1 0 
0 67
0 30

ob=(5)
fl=(5)
fn=(12318)
0 5250
cob=(7)
cfi=(7)
cfn=(12320)
calls=750 0 
0 61750

fn=(11798)
0 90000
cob=(2)
cfi=(2)
cfn=(11800)
calls=7500 0 
0 772500
0 1326750

ob=(7)
fl=(7)
fn=(13452)
0 4

fn=(13453) std::basic_ostream<wchar_t, std::char_traits<wchar_t> >::flush()'2
0 13
cfn=(13455) std::basic_ostream<wchar_t, std::char_traits<wchar_t> >::sentry::sentry(std::basic_ostream<wchar_t, std::char_traits<wchar_t> >&)'2
calls=1 0 
0 15
0 7
cfn=(13456)
calls=1 0 
0 67
0 18

fn=(13454)
0 40
cfn=(13453)
calls=1 0 
0 120
0 19

fn=(13455)
0 13

ob=(5)
fl=(5)
fn=(11798)
0 45000
cfn=(11820)
calls=7500 0 
0 546000
0 195000

fn=(12088)
0 7500

fn=(12208)
0 3750

ob=(7)
fl=(7)
fn=(13455)
0 2

ob=(3)
fl=(3)
fn=(4822)
0 7

fn=(4146)
0 2
cob=(2)
cfi=(2)
cfn=(4148)
calls=1 0 
0 29

fn=(4178)
0 7

fn=(7772) 0x00000000050d1930
0 1
cob=(2)
cfi=(2)
cfn=(7774)
calls=1 0 
0 10

fn=(7786) 0x00000000050d18f0
0 2
cob=(2)
cfi=(2)
cfn=(7788)
calls=2 0 
0 6

fn=(13414)
0 4

fn=(13524)
0 4

fn=(4316)
0 552104
cob=(2)
cfi=(2)
cfn=(4318)
calls=276052 0 
0 3881189

fn=(7818)
0 7

fn=(8154)
0 7

fn=(7776) 0x00000000050d1940
0 1
cob=(2)
cfi=(2)
cfn=(7778)
calls=1 0 
0 39

fn=(7784) 0x00000000050d1928
0 2
cob=(2)
cfi=(2)
cfn=(6916)
calls=2 0 
0 70

fn=(7796) 0x00000000050d18e0
0 2
cob=(2)
cfi=(2)
cfn=(7082)
calls=2 0 
0 52

fn=(13398)
0 4

fn=(4200)
0 7

fn=(7780) 0x00000000050d1938
0 1
cob=(2)
cfi=(2)
cfn=(7782)
calls=1 0 
0 3

fn=(9846) 0x00000000050d1920
0 5
cob=(2)
cfi=(2)
cfn=(6901)
calls=5 0 
0 6050

fn=(9872) 0x00000000050d18f8
0 7
cob=(2)
cfi=(2)
cfn=(8232)
calls=7 0 
0 7276

fn=(13382)
0 4

fn=(10334)
0 6
cob=(2)
cfi=(2)
cfn=(10336)
calls=3 0 
0 99

fn=(4090)
0 7

fn=(4190)
0 7

fn=(9782)
0 7

fn=(7634)
0 7

fn=(7916)
0 2
cob=(2)
cfi=(2)
cfn=(7724)
calls=1 0 
0 27

fn=(13466)
0 4

fn=(8390)
0 12
cob=(2)
cfi=(2)
cfn=(8392)
calls=6 0 
0 126

fn=(8438)
0 120
cob=(2)
cfi=(2)
cfn=(5044)
calls=60 0 
0 1140

fn=(9876) 0x00000000050d18e8
0 4
cob=(2)
cfi=(2)
cfn=(9878)
calls=4 0 
0 979

fn=(13356)
0 4

fn=(13430)
0 4

fn=(13496)
0 4

fn=(13540)
0 4

fn=(4564)
0 2078
cob=(2)
cfi=(2)
cfn=(4566)
calls=1039 0 
0 25975

fn=(5356)
0 1096860
cob=(2)
cfi=(2)
cfn=(5358)
calls=548430 0 
0 10420170

fn=(7768) 0x00000000050d18d0
0 1
cob=(2)
cfi=(2)
cfn=(7770)
calls=1 0 
0 4

ob=(9)
fl=(27)
fn=(10104)
224 2
+1 2
cob=(11)
cfi=(23)
cfn=(10106)
calls=2 0 
* 1118
+1 4
+4 4

fn=(12822)
233 4
+1 2
cob=(11)
cfi=(23)
cfn=(12824)
calls=2 0 
* 124

fn=(9840) tbb::internal::initialize_cache_aligned_allocator()
132 1
+1 7
cfi=(11) /home/m0hawk/.bridgestan/bridgestan-2.9.0/stan/lib/stan_math/lib/tbb/../tbb_2020.3/src/tbb/tbb_misc.h
cfn=(7648) void tbb::internal::atomic_do_once<void (*)()>(void (* const&)(), tbb::atomic<tbb::internal::do_once_state>&)
calls=1 +80 
* 8132
+1 5

fn=(9842) tbb::internal::initialize_handler_pointers()
115 1
-2 1
+2 5
cfi=(10)
cfn=(9844) tbb::internal::dynamic_link(char const*, tbb::internal::dynamic_link_descriptor const*, unsigned long, void**, int)
calls=1 543 
* 8078
+1 3
+11 2
+2 1
-2 1
cfi=(21) /home/m0hawk/.bridgestan/bridgestan-2.9.0/stan/lib/stan_math/lib/tbb/../tbb_2020.3/src/tbb/tbb_misc.cpp
cfn=(9904) tbb::internal::PrintExtraVersionInfo(char const*, char const*, ...)
calls=1 +84 
* 19

fl=(31) /home/m0hawk/.bridgestan/bridgestan-2.9.0/stan/lib/stan_math/lib/tbb/../tbb_2020.3/src/tbb/spin_rw_mutex.cpp
fn=(10086) tbb::spin_rw_mutex_v3::internal_acquire_writer()
38 20
+1 16
fi=(32) /home/m0hawk/.bridgestan/bridgestan-2.9.0/stan/lib/stan_math/lib/tbb/../tbb_2020.3/include/tbb/tbb_machine.h
355 12
fe=(31)
41 4
+1 8
fi=(12) /home/m0hawk/.bridgestan/bridgestan-2.9.0/stan/lib/stan_math/lib/tbb/../tbb_2020.3/include/tbb/machine/gcc_generic.h
+59 8
fi=(36) /home/m0hawk/.bridgestan/bridgestan-2.9.0/stan/lib/stan_math/lib/tbb/../tbb_2020.3/include/tbb/atomic.h
252 4
fe=(31)
43 8
+7 16
+2 24

fl=(14)
fn=(13238)
136 3
+1 2
+56 3
+2 3
+1 3

fn=(7746) tbb::task_group_context::init()
198 2
+3 2
+3 7
cfi=(15)
cfn=(7750) tbb::internal::itt_make_task_group_v7(tbb::internal::itt_domain_enum, void*, unsigned long long, void*, unsigned long long, tbb::internal::string_index)
calls=1 314 
* 5177
* 1
+9 1
-1 1
+3 1
+3 1
-5 1
-4 2
+18 2
+3 2

fl=(25)
fn=(9824)
294 24
+1 8
+1 4
+64 24
fi=(12)
101 2
fe=(25)
339 4
+5 4
fi=(34) /home/m0hawk/.bridgestan/bridgestan-2.9.0/stan/lib/stan_math/lib/tbb/../tbb_2020.3/include/tbb/spin_rw_mutex.h
108 2
fi=(19)
-28 4
fi=(34)
+29 2
+1 2
cfi=(31)
cfn=(10086)
calls=2 -72 
* 60
* 2
fe=(25)
348 4
fi=(12)
100 2
fe=(25)
350 2
fi=(34)
102 6
+25 2
+5 4
fi=(12)
+8 2
fi=(36)
311 2
fe=(25)
+45 2
fi=(12)
160 2
fe=(25)
356 6
-59 6
cob=(7)
cfi=(7)
cfn=(4902)
calls=2 0 
* 84
* 2
* 8
cfn=(9828) tbb::internal::observer_proxy::observer_proxy(tbb::internal::task_scheduler_observer_v3&)
calls=2 60 
* 30
* 2
fi=(12)
168 2
fe=(25)
300 4
cfn=(9830) tbb::internal::observer_proxy::is_global()
calls=2 54 
* 42
* 4
fi=(12)
160 4
fe=(25)
325 4
+2 6
+1 4
cfn=(10082) tbb::internal::observer_list::insert(tbb::internal::observer_proxy*)
calls=2 125 
* 97
fi=(33) /home/m0hawk/.bridgestan/bridgestan-2.9.0/stan/lib/stan_math/lib/tbb/../tbb_2020.3/src/tbb/tls.h
43 6
cob=(2)
cfi=(2)
cfn=(9066)
calls=2 -43 
* 22
* 2
fe=(25)
329 4
fi=(12)
101 4
fe=(25)
326 1
cfi=(15)
cfn=(9836) tbb::internal::DoOneTimeInitializations()
calls=1 215 
* 20398
* 1
+25 8
cfn=(12812) tbb::internal::observer_list::remove(tbb::internal::observer_proxy*)
calls=2 145 
* 19
+2 6
cob=(7)
cfi=(7)
cfn=(5084)
calls=2 0 
* 280
* 2
* 2

fn=(9832) tbb::internal::observer_proxy::get_v6_observer()
48 12
+1 4
+1 4

fn=(12812)
145 2
-4 2
-2 4
+14 2
+3 1
-15 2
+6 4
+2 2

fn=(9828)
60 12
+7 2
fi=(12)
168 2
-8 2
fe=(25)
-93 10
+7 2

fn=(9830)
54 4
+1 2
cfn=(9832)
calls=2 -7 
* 10
* 8
cfn=(9832)
calls=2 -7 
* 10
+1 2
-1 4
+1 2

fn=(10082)
125 8
fi=(19)
-45 2
fe=(25)
+45 2
fi=(34)
-15 2
cfi=(31)
cfn=(10086)
calls=2 -72 
* 60
* 2
fe=(25)
+17 4
+1 2
+1 1
+4 1
fi=(12)
+7 1
fe=(25)
-6 4
-1 1
fi=(12)
+7 1
fe=(25)
-6 4
-2 2

fl=(19)
fn=(7800)
60 3
fi=(25)
363 1
fe=(19)

fl=(16) /home/m0hawk/.bridgestan/bridgestan-2.9.0/stan/lib/stan_math/lib/tbb/../tbb_2020.3/src/tbb/itt_notify.cpp
fn=(7762) tbb::internal::__TBB_load_ittnotify()
51 2
+3 3
cfi=(17) /home/m0hawk/.bridgestan/bridgestan-2.9.0/stan/lib/stan_math/lib/tbb/../tbb_2020.3/src/tbb/tools_api/ittnotify_static.c
cfn=(7764) __itt_init_ittlib
calls=1 1066 
* 5115

fl=(35)
fn=(13210)
73 1
fi=(33)
-30 3
cob=(2)
cfi=(2)
cfn=(9066)
calls=1 -43 
* 11
* 1
fi=(29) /home/m0hawk/.bridgestan/bridgestan-2.9.0/stan/lib/stan_math/lib/tbb/../tbb_2020.3/src/tbb/governor.h
+80 2
+22 1
cfi=(20) /home/m0hawk/.bridgestan/bridgestan-2.9.0/stan/lib/stan_math/lib/tbb/../tbb_2020.3/src/tbb/governor.cpp
cfn=(13214) tbb::internal::governor::auto_terminate(void*)
calls=1 +72 
* 3
fe=(35)
-70 1
cfi=(12)
cfn=(13216) tbb::internal::__TBB_InitOnce::remove_ref()
calls=1 +25 
* 4
fi=(12)
+85 2
fe=(35)
-82 2
+2 1
cfi=(12)
cfn=(13216)
calls=1 +20 
* 1608
+2 2

fl=(28) /home/m0hawk/.bridgestan/bridgestan-2.9.0/stan/lib/stan_math/lib/tbb/../tbb_2020.3/src/rml/client/rml_factory.h
fn=(9908) tbb::internal::rml::tbb_factory::open()
49 1
+11 3
-11 1
+4 2
-4 3
+11 1
-7 15
+2 2
+1 1
-3 1
+3 1
+1 1
+3 1
-3 1
-4 1
+7 1
cfi=(10)
cfn=(9844)
calls=1 543 
* 7719
* 2
+9 6
-4 1
+1 1
+2 1

fn=(13224) tbb::internal::rml::tbb_factory::close()
72 2
+6 1

fl=(21)
fn=(7814) tbb::internal::cpu_has_speculation()
230 1
+14 6
+10 1
+9 1
-9 1
+9 1

fn=(7816) tbb::internal::gcc_rethrow_exception_broken()
198 2

fn=(9904)
211 36
+1 6
+8 15

fn=(10076) tbb::internal::DefaultSystemPageSize()
76 2
cob=(2)
cfi=(2)
cfn=(8308)
calls=1 -76 
* 48
* 1

fl=(17)
fn=(7790) __itt_get_env_var(char const*)
771 12
+31 4
cob=(2)
cfi=(2)
cfn=(4562)
calls=4 0 
* 2584
* 4
+1 8
+15 4
+1 16

fn=(7764)
1066 1
+8 1
-8 3
+8 2
+3 27
+13 9
-5 2
-67 6
+1 3
-1 5
+1 429
-1 715
1169 1
+1 1
+2 1
+5 2
+5 5
+2 576
-2 432
+8 1
+1 6
-14 3
cob=(3)
cfi=(3)
cfn=(7796)
calls=1 0 
* 27
* 6
1077 2
fi=(18) /home/m0hawk/.bridgestan/bridgestan-2.9.0/stan/lib/stan_math/lib/tbb/../tbb_2020.3/src/tbb/tools_api/ittnotify_config.h
324 2
fe=(17)
1077 6
cob=(3)
cfi=(3)
cfn=(7784)
calls=1 0 
* 36
+3 4
+2 2
+2 2
cob=(3)
cfi=(3)
cfn=(7786)
calls=1 0 
* 4
* 4
823 4
cfn=(7790)
calls=1 -52 
* 658
* 1
1089 1
cfn=(7794) __itt_get_groups()
calls=1 945 
* 2016
+1 3
-1 1
+1 7
+15 1
-28 3
cob=(3)
cfi=(3)
cfn=(7768)
calls=1 0 
* 5
* 9
cob=(3)
cfi=(3)
cfn=(7772)
calls=1 0 
* 11
* 10
cob=(3)
cfi=(3)
cfn=(7776)
calls=1 0 
* 40
* 8
cob=(3)
cfi=(3)
cfn=(7780)
calls=1 0 
* 4
* 7

fn=(13236) __itt_fini_ittlib
1029 1
+4 5
+2 25
+6 3
-23 5
+1 3
-1 5
+1 429
-1 715
+39 1
+1 1
+3 2
-26 5
cob=(3)
cfi=(3)
cfn=(7784)
calls=1 0 
* 36
+1 3
+2 2
+2 1
cob=(3)
cfi=(3)
cfn=(7786)
calls=1 0 
* 4
* 4
+21 4
+2 1
-2 1
cob=(3)
cfi=(3)
cfn=(7796)
calls=1 0 
* 27

fn=(7794)
945 4
+4 4
cfn=(7790)
calls=1 771 
* 658
+2 2
+38 9
749 1
983 14
+1 2
cfn=(7790)
calls=2 771 
* 1316
* 4
+4 2

fl=(10)
fn=(7652) tbb::internal::init_dl_data()
346 1
240 4
cfn=(7654) tbb::internal::init_atomic_incrementer(tbb::atomic<unsigned long>&)
calls=1 -51 
* 1
+61 3
cob=(2)
cfi=(2)
cfn=(7658)
calls=1 0 
* 11684
* 1
+1 3
+8 1
fi=(37) /usr/include/string.h
-23 5
cob=(2)
cfi=(2)
cfn=(4148)
calls=1 0 
* 34
* 1
fe=(10)
+31 1
-6 2
+2 2
+4 2
+3 2
+12 3
+6 3
cob=(2)
cfi=(2)
cfn=(7724)
calls=1 0 
* 43
* 1
+1 1
+1 2
-1 1
+1 2
+8 6

fn=(9900) tbb::internal::resolve_symbols(void*, tbb::internal::dynamic_link_descriptor const*, unsigned long) [clone .part.0]
116 4
+14 22
+6 4
-6 12
+2 12
cob=(3)
cfi=(3)
cfn=(9872)
calls=4 0 
* 2841
+1 8
-14 6
+23 2
-1 2
+1 1
-1 2
+1 6
-1 6
+1 3
-1 12
+2 1
+1 5

fn=(9934) tbb::internal::dynamic_load(char const*, tbb::internal::dynamic_link_descriptor const*, unsigned long)
509 2
364 9
+3 3
cob=(2)
cfi=(2)
cfn=(4318)
calls=1 0 
* 14
* 1
+1 1
+1 2
541 7
371 3
cob=(2)
cfi=(2)
cfn=(9940)
calls=1 0 
* 32
* 1
+1 3
cob=(2)
cfi=(2)
cfn=(9952)
calls=1 0 
* 42
* 1
522 3
cob=(3)
cfi=(3)
cfn=(9846)
calls=1 0 
* 2700
* 1
+4 2
+7 1
cob=(2)
cfi=(2)
cfn=(9578)
calls=1 0 
* 2322
* 1
* 4

fn=(7646) tbb::internal::init_dynamic_link_data()
378 4
192 28
cfi=(11)
cfn=(7649) void tbb::internal::atomic_do_once<void (*)()>(void (* const&)(), tbb::atomic<tbb::internal::do_once_state>&)'2
calls=2 +21 
* 26
cfi=(11)
cfn=(7648)
calls=2 +21 
* 11843
382 20

fn=(13234) tbb::internal::dynamic_unlink_all()
422 2
fi=(12)
160 1
fe=(10)
422 1
fi=(12)
160 1
fe=(10)
+91 6
+1 1
-1 1
+1 1
cfn=(9874) tbb::internal::dynamic_unlink(void*)
calls=1 417 
* 221
-1 3
426 4

fn=(9844)
543 39
+1 3
cfn=(7646)
calls=3 378 
* 78
+3 6
+5 4
+7 2
+1 30
-85 9
cob=(3)
cfi=(3)
cfn=(9846)
calls=3 0 
* 1729
* 3
118 6
+14 9
cob=(3)
cfi=(3)
cfn=(9872)
calls=3 0 
* 4442
+1 9
487 2
cfn=(9874)
calls=1 -70 
* 198
-49 3
cob=(2)
cfi=(2)
cfn=(7658)
calls=1 0 
* 1631
* 1
* 2
+2 3
cob=(3)
cfi=(3)
cfn=(9846)
calls=1 0 
* 1626
* 1
+1 2
127 2
+3 4
cfn=(9900)
calls=1 -14 
* 2949
445 3
+49 2
cfn=(9874)
calls=2 -77 
* 576
+55 4
+1 4
cfn=(9934)
calls=1 -41 
* 5155
* 1
+2 2
-51 2
-96 2
-6 5
+1 3
fi=(12)
101 3
fe=(10)
246 2

fn=(9874)
417 8
+1 4
cob=(3)
cfi=(3)
cfn=(9876)
calls=4 0 
* 983

fn=(7654)
189 1

fn=(7644)
390 1
cfn=(7646)
calls=1 -12 
* 11843

fl=(9)
fn=(13416)
0 9
cob=(2)
cfi=(2)
cfn=(13332)
calls=1 0 
0 94
0 1
cfn=(13424) 0x0000000000012010
calls=1 0 
0 5
0 3

fn=(13424)
0 5

fn=(7638)
0 12

fl=(13)
fn=(9974) tbb::internal::Scheduler_OneTimeInitialization(bool)
53 6
+5 1
+3 1
-8 1
+11 1

fn=(7742)
1400 1
fi=(38) /home/m0hawk/.bridgestan/bridgestan-2.9.0/stan/lib/stan_math/lib/tbb/../tbb_2020.3/include/tbb/spin_mutex.h
46 1
fi=(39) /home/m0hawk/.bridgestan/bridgestan-2.9.0/stan/lib/stan_math/lib/tbb/../tbb_2020.3/include/tbb/task.h
513 1
-4 1
+1 1
fi=(38)
46 1
fi=(39)
511 1
+2 1
cfi=(14)
cfn=(7746)
calls=1 198 
* 5200
* 1
fe=(13)
49 1
1400 1
49 3
cob=(2)
cfi=(2)
cfn=(4510)
calls=1 -49 
* 66
* 1

fl=(15)
fn=(7802)
585 1
fi=(38)
46 2
fi=(35)
+23 1
cfi=(12)
cfn=(7804) tbb::internal::__TBB_InitOnce::add_ref()
calls=1 +31 
* 53
fe=(15)
-1 4
cob=(2)
cfi=(2)
cfn=(4510)
calls=1 -68 
* 66
* 1
466 1
fi=(38)
46 2
fe=(15)
466 2
+30 3
+89 2

fn=(9836)
215 1
fi=(32)
355 1
fe=(15)
215 3
fi=(12)
-71 2
fi=(32)
921 2
fe=(15)
219 3
fi=(12)
-71 1
fe=(15)
+93 4
-21 1
cfi=(12)
cfn=(7804)
calls=1 100 
* 6
fi=(26) /home/m0hawk/.bridgestan/bridgestan-2.9.0/stan/lib/stan_math/lib/tbb/../tbb_2020.3/src/tbb/tbb_environment.h
39 2
cob=(2)
cfi=(2)
cfn=(4562)
calls=1 -39 
* 679
* 1
* 2
fe=(15)
225 1
cfi=(12)
cfn=(7758) tbb::internal::ITT_DoUnsafeOneTimeInitialization()
calls=1 -65 
* 4
+1 1
+2 1
cfi=(27)
cfn=(9840)
calls=1 -96 
* 8145
+1 1
cfi=(20)
cfn=(9906) tbb::internal::governor::initialize_rml_factory()
calls=1 +13 
* 7774
+1 2
cfi=(13)
cfn=(9974)
calls=1 53 
* 10
fi=(29)
86 4
+4 3
fe=(15)
236 1
cfi=(20)
cfn=(10078) tbb::internal::governor::print_version_info()
calls=1 -7 
* 31
+1 7
cfi=(21)
cfn=(9904)
calls=1 -26 
* 19
+1 4
fi=(29)
91 1
cfi=(21)
cfn=(10076)
calls=1 -15 
* 51
* 3
-4 1
cfi=(30) /home/m0hawk/.bridgestan/bridgestan-2.9.0/stan/lib/stan_math/lib/tbb/../tbb_2020.3/src/tbb/tbb_misc_ex.cpp
cfn=(9978) tbb::internal::AvailableHwConcurrency()
calls=1 206 
* 3623
* 3
fe=(15)

fn=(7750)
314 1
-15 2
+15 1
-15 3
+1 7
cfi=(12)
cfn=(7754) ITT_DoOneTimeInitialization
calls=1 160 
* 5150
* 1
+2 1
+13 1
-13 1
+13 2
-13 1
+13 4
+11 2

fl=(12)
fn=(7804)
100 6
fi=(15)
+18 4
+2 1
-1 1
cfi=(20)
cfn=(7808) tbb::internal::governor::acquire_resources()
calls=1 -52 
* 47
fe=(12)

fn=(13216)
100 4
fi=(15)
+25 3
-3 1
+4 1
cfi=(20)
cfn=(13222) tbb::internal::governor::release_resources()
calls=1 -47 
* 318
+3 1
-2 1
cfi=(17)
cfn=(13236)
calls=1 1029 
* 1283
fe=(12)

fn=(7754)
160 1
fi=(15)
+46 2
-1 2
fi=(32)
355 2
fe=(12)
144 2
fi=(32)
921 2
fi=(15)
208 1
cfi=(12)
cfn=(7758)
calls=1 -48 
* 5135
fe=(12)
-60 1
fi=(15)
+63 2
fe=(12)

fn=(7758)
160 2
fi=(15)
+34 5
-3 1
+4 1
cfi=(16)
cfn=(7762)
calls=1 51 
* 5120
* 2
+1 1
fe=(12)
-28 1
fi=(15)
+30 4
+2 2
fe=(12)

fl=(30)
fn=(9980) tbb::internal::initialize_hardware_concurrency_info()
129 2
+10 1
-10 1
+3 1
-3 3
+18 1
-18 1
+9 4
cob=(2)
cfi=(2)
cfn=(8308)
calls=1 0 
* 468
* 1
* 1
+1 1
cob=(2)
cfi=(2)
cfn=(10064)
calls=1 0 
* 4
* 1
+9 1
-9 1
+9 2
+1 1
-1 1
cob=(7)
cfi=(7)
cfn=(10068)
calls=1 0 
* 44
* 1
+1 2
-1 1
+1 2
cob=(2)
cfi=(2)
cfn=(4952)
calls=1 0 
* 19
* 1
+2 4
cob=(2)
cfi=(2)
cfn=(10074)
calls=1 0 
* 41
* 1
+1 2
+50 1
+2 11
-30 6
-5 1
+5 1
cfi=(10)
cfn=(9844)
calls=1 543 
* 2760
* 3
+15 6
+1 7
+1 2
-1 1
+1 5
-1 4
+1 22
-1 11
+1 55
-1 68
-1 4
+13 4
-7 2

fn=(9978)
206 1
+1 7
cfi=(11)
cfn=(7648)
calls=1 +6 
* 3609
+1 1
+1 5

fn=(13226) tbb::internal::destroy_process_mask()
86 3
+1 1
cob=(7)
cfi=(7)
cfn=(10618)
calls=1 -87 
* 37
* 1

fl=(11)
fn=(7648)
213 4
fi=(12)
100 4
fe=(11)
213 16
fi=(12)
-53 4
fe=(11)
+60 8
fi=(12)
-60 3
fe=(11)
+61 6
fi=(12)
100 3
fe=(11)
222 6
+11 3
cfi=(30)
cfn=(9980)
calls=1 129 
* 3588
cfi=(27)
cfn=(9842)
calls=1 115 
* 8111
cfi=(10)
cfn=(7652)
calls=1 346 
* 11809
fi=(12)
-65 3
fe=(11)
+61 16

fn=(7649)
213 2
fi=(12)
100 2
fe=(11)
213 8
fi=(12)
-53 2
fe=(11)
+60 4
+9 8

fl=(20)
fn=(7808)
67 1
fi=(33)
-28 3
cob=(2)
cfi=(2)
cfn=(7812)
calls=1 -39 
* 19
* 1
fe=(20)
+34 2
+2 1
cfi=(21)
cfn=(7814)
calls=1 230 
* 11
* 2
+1 1
cfi=(21)
cfn=(7816)
calls=1 198 
* 2
* 2
+1 2

fn=(10078)
229 1
+1 3
+1 4
cfi=(21)
cfn=(9904)
calls=1 -20 
* 19
+6 2
+3 2

fn=(13222)
79 1
+1 2
cfi=(28)
cfn=(13224)
calls=1 -8 
* 3
+1 1
cfi=(30)
cfn=(13226)
calls=1 +5 
* 42
fi=(33)
-40 3
cob=(2)
cfi=(2)
cfn=(12870)
calls=1 -41 
* 19
* 1
fe=(20)
+46 2
+3 1
-1 1
cfi=(10)
cfn=(13234)
calls=1 422 
* 242

fn=(9906)
242 1
+1 2
cfi=(28)
cfn=(9908)
calls=1 49 
* 7766
+1 3
+1 2

fn=(13214)
217 2
+1 1

totals: 23676607638
