# callgrind format
version: 1
creator: callgrind-3.18.1
pid: 380854
cmd:  /home/m0hawk/Documents/apin/stan/external/walnutpie/build/examples/stan_cli /home/m0hawk/Documents/apin/stan/bs_models/model_radon_partially_pooled_noncentered.so /home/m0hawk/Documents/apin/stan/data/radon_partially_pooled_noncentered.json --seed 20260819 --warmup 100 --samples 100 --output /home/m0hawk/Documents/apin/stan/results/profile/radon_partially_pooled_noncentered/bridge_draws.csv
part: 1


desc: I1 cache: 32768 B, 64 B, 8-way associative
desc: D1 cache: 32768 B, 64 B, 8-way associative
desc: LL cache: 67108864 B, 64 B, direct-mapped

desc: Timerange: Basic block 0 - 4269970635
desc: Trigger: Program termination

positions: line
events: Ir Dr Dw I1mr D1mr D1mw ILmr DLmr DLmw
summary: 32746355536 9303101140 7503788739 506481 223604690 231823948 44864 11265 109937


ob=(10) /home/m0hawk/Documents/apin/stan/bs_models/model_radon_partially_pooled_noncentered.so
fl=(274) ???
fn=(2996) std::map<std::__cxx11::basic_string<char, std::char_traits<char>, std::allocator<char> >, std::pair<std::vector<int, std::allocator<int> >, std::vector<unsigned long, std::allocator<unsigned long> > >, std::less<std::__cxx11::basic_string<char, std::char_traits<char>, std::allocator<char> > >, std::allocator<std::pair<std::__cxx11::basic_string<char, std::char_traits<char>, std::allocator<char> > const, std::pair<std::vector<int, std::allocator<int> >, std::vector<unsigned long, std::allocator<unsigned long> > > > > >::operator[](std::__cxx11::basic_string<char, std::char_traits<char>, std::allocator<char> > const&)
0 126 24 44 6 9 2 2
cob=(2) ???
cfi=(51) ???
cfn=(2594) 0x0000000004dcb070
calls=4 0 
0 60 18 0 0 3
0 48 9 2 4 0 0 1
cob=(2)
cfi=(51)
cfn=(2594)
calls=2 0 
0 36 10
0 80 44 8 4 0 0 2
cfn=(2998) std::_Rb_tree_iterator<std::pair<std::__cxx11::basic_string<char, std::char_traits<char>, std::allocator<char> > const, std::pair<std::vector<int, std::allocator<int> >, std::vector<unsigned long, std::allocator<unsigned long> > > > > std::_Rb_tree<std::__cxx11::basic_string<char, std::char_traits<char>, std::allocator<char> >, std::pair<std::__cxx11::basic_string<char, std::char_traits<char>, std::allocator<char> > const, std::pair<std::vector<int, std::allocator<int> >, std::vector<unsigned long, std::allocator<unsigned long> > > >, std::_Select1st<std::pair<std::__cxx11::basic_string<char, std::char_traits<char>, std::allocator<char> > const, std::pair<std::vector<int, std::allocator<int> >, std::vector<unsigned long, std::allocator<unsigned long> > > > >, std::less<std::__cxx11::basic_string<char, std::char_traits<char>, std::allocator<char> > >, std::allocator<std::pair<std::__cxx11::basic_string<char, std::char_traits<char>, std::allocator<char> > const, std::pair<std::vector<int, std::allocator<int> >, std::vector<unsigned long, std::allocator<unsigned long> > > > > >::_M_emplace_hint_unique<std::piecewise_construct_t const&, std::tuple<std::__cxx11::basic_string<char, std::char_traits<char>, std::allocator<char> > const&>, std::tuple<> >(std::_Rb_tree_const_iterator<std::pair<std::__cxx11::basic_string<char, std::char_traits<char>, std::allocator<char> > const, std::pair<std::vector<int, std::allocator<int> >, std::vector<unsigned long, std::allocator<unsigned long> > > > >, std::piecewise_construct_t const&, std::tuple<std::__cxx11::basic_string<char, std::char_traits<char>, std::allocator<char> > const&>&&, std::tuple<>&&) [clone .isra.0]
calls=4 0 
0 1835 400 315 40 34 19 20
0 8 0 0 3 0 0 1

fn=(3002) std::_Rb_tree<std::__cxx11::basic_string<char, std::char_traits<char>, std::allocator<char> >, std::pair<std::__cxx11::basic_string<char, std::char_traits<char>, std::allocator<char> > const, std::pair<std::vector<int, std::allocator<int> >, std::vector<unsigned long, std::allocator<unsigned long> > > >, std::_Select1st<std::pair<std::__cxx11::basic_string<char, std::char_traits<char>, std::allocator<char> > const, std::pair<std::vector<int, std::allocator<int> >, std::vector<unsigned long, std::allocator<unsigned long> > > > >, std::less<std::__cxx11::basic_string<char, std::char_traits<char>, std::allocator<char> > >, std::allocator<std::pair<std::__cxx11::basic_string<char, std::char_traits<char>, std::allocator<char> > const, std::pair<std::vector<int, std::allocator<int> >, std::vector<unsigned long, std::allocator<unsigned long> > > > > >::_M_get_insert_hint_unique_pos(std::_Rb_tree_const_iterator<std::pair<std::__cxx11::basic_string<char, std::char_traits<char>, std::allocator<char> > const, std::pair<std::vector<int, std::allocator<int> >, std::vector<unsigned long, std::allocator<unsigned long> > > > >, std::__cxx11::basic_string<char, std::char_traits<char>, std::allocator<char> > const&)
0 84 8 30 6 0 0 2
cob=(2)
cfi=(51)
cfn=(2594)
calls=2 0 
0 36 10
0 37 20 2 6 1 0 3
cob=(2)
cfi=(51)
cfn=(3060) 0x0000000004dcb3a0
calls=1 0 
0 17 8 0 0 1
0 10 3 1 1 0 0 1
cob=(2)
cfi=(51)
cfn=(2594)
calls=1 0 
0 12 4
0 20 8 1 2 1 0 1
cfn=(3012) std::__cxx11::basic_string<char, std::char_traits<char>, std::allocator<char> >::compare(std::__cxx11::basic_string<char, std::char_traits<char>, std::allocator<char> > const&) const [clone .isra.0]
calls=1 0 
0 30 7 3
0 22 13 0 2 0 0 1
cob=(2)
cfi=(51)
cfn=(3004) 0x0000000004dcbaa0
calls=1 0 
0 32 11 8 6 0 0 6

fn=(3010) std::vector<unsigned long, std::allocator<unsigned long> >::operator=(std::vector<unsigned long, std::allocator<unsigned long> > const&)
0 588 114 138 3 5 2 2
cob=(2)
cfi=(51)
cfn=(2908) 0x0000000004dcb810
calls=8 0 
0 120 32 16
0 184 56 24 1 0 0 1
cob=(2)
cfi=(51)
cfn=(2284) 0x0000000004dcb350
calls=16 0 
0 2883 593 459 4 60 21
0 112 0 16
cob=(2)
cfi=(51)
cfn=(2578) 0x0000000004dcb2b0
calls=16 0 
0 240 64 32 0 9
0 258 124 50 2 0 0 2

fn=(2554) boost::math::tools::promote_args<long double>::type boost::math::lgamma<long double, boost::math::policies::policy<boost::math::policies::promote_float<false>, boost::math::policies::promote_double<false>, boost::math::policies::default_policy, boost::math::policies::default_policy, boost::math::policies::default_policy, boost::math::policies::default_policy, boost::math::policies::default_policy, boost::math::policies::default_policy, boost::math::policies::default_policy, boost::math::policies::default_policy, boost::math::policies::default_policy, boost::math::policies::default_policy, boost::math::policies::default_policy> >(long double, int*, boost::math::policies::policy<boost::math::policies::promote_float<false>, boost::math::policies::promote_double<false>, boost::math::policies::default_policy, boost::math::policies::default_policy, boost::math::policies::default_policy, boost::math::policies::default_policy, boost::math::policies::default_policy, boost::math::policies::default_policy, boost::math::policies::default_policy, boost::math::policies::default_policy, boost::math::policies::default_policy, boost::math::policies::default_policy, boost::math::policies::default_policy> const&) [clone .isra.0]
0 93 27 24 3 1 0 3 1
cfn=(2556) long double boost::math::detail::lgamma_imp_final<long double, boost::math::policies::policy<boost::math::policies::promote_float<false>, boost::math::policies::promote_double<false>, boost::math::policies::default_policy, boost::math::policies::default_policy, boost::math::policies::default_policy, boost::math::policies::default_policy, boost::math::policies::default_policy, boost::math::policies::default_policy, boost::math::policies::default_policy, boost::math::policies::default_policy, boost::math::policies::default_policy, boost::math::policies::default_policy, boost::math::policies::default_policy>, boost::math::lanczos::lanczos17m64>(long double, boost::math::policies::policy<boost::math::policies::promote_float<false>, boost::math::policies::promote_double<false>, boost::math::policies::default_policy, boost::math::policies::default_policy, boost::math::policies::default_policy, boost::math::policies::default_policy, boost::math::policies::default_policy, boost::math::policies::default_policy, boost::math::policies::default_policy, boost::math::policies::default_policy, boost::math::policies::default_policy, boost::math::policies::default_policy, boost::math::policies::default_policy> const&, boost::math::lanczos::lanczos17m64 const&, int*) [clone .isra.0]
calls=3 0 
0 338 81 9 15 9 0 15 9
0 9 6

fn=(2556)
0 338 81 9 15 9 0 15 9

fn=(2748) stan::json::json_data_handler::start_object()
0 45 22 8 4 0 0 4

fn=(2756) char* rapidjson::internal::Stack<rapidjson::CrtAllocator>::Push<char>(unsigned long) [clone .constprop.0]
0 7402122 2467374 1644916 5 0 0 2

fn=(2760) boost::range_value<std::vector<std::__cxx11::basic_string<char, std::char_traits<char>, std::allocator<char> >, std::allocator<std::__cxx11::basic_string<char, std::char_traits<char>, std::allocator<char> > > > >::type boost::algorithm::join<std::vector<std::__cxx11::basic_string<char, std::char_traits<char>, std::allocator<char> >, std::allocator<std::__cxx11::basic_string<char, std::char_traits<char>, std::allocator<char> > > >, char [2]>(std::vector<std::__cxx11::basic_string<char, std::char_traits<char>, std::allocator<char> >, std::allocator<std::__cxx11::basic_string<char, std::char_traits<char>, std::allocator<char> > > > const&, char const (&) [2])
0 1056810 201292 452928 2 10 26 2
cob=(2)
cfi=(51)
cfn=(2746) 0x0000000004dcb730
calls=50320 0 
0 3723584 754782 553508 6 22 15
0 553562 301956 0 2 0 0 1

fn=(2934) boost::re_detail_500::perl_matcher<__gnu_cxx::__normal_iterator<char const*, std::__cxx11::basic_string<char, std::char_traits<char>, std::allocator<char> > >, std::allocator<boost::sub_match<__gnu_cxx::__normal_iterator<char const*, std::__cxx11::basic_string<char, std::char_traits<char>, std::allocator<char> > > > >, boost::regex_traits<char, boost::cpp_regex_traits<char> > >::match_all_states()
0 290 56 56 15 5 0 3
cfn=(2946) boost::re_detail_500::perl_matcher<__gnu_cxx::__normal_iterator<char const*, std::__cxx11::basic_string<char, std::char_traits<char>, std::allocator<char> > >, std::allocator<boost::sub_match<__gnu_cxx::__normal_iterator<char const*, std::__cxx11::basic_string<char, std::char_traits<char>, std::allocator<char> > > > >, boost::regex_traits<char, boost::cpp_regex_traits<char> > >::unwind_recursion_stopper(bool)
calls=6 0 
0 30 6 12 2 0 0 2
cfn=(2944) boost::re_detail_500::perl_matcher<__gnu_cxx::__normal_iterator<char const*, std::__cxx11::basic_string<char, std::char_traits<char>, std::allocator<char> > >, std::allocator<boost::sub_match<__gnu_cxx::__normal_iterator<char const*, std::__cxx11::basic_string<char, std::char_traits<char>, std::allocator<char> > > > >, boost::regex_traits<char, boost::cpp_regex_traits<char> > >::unwind_short_set_repeat(bool)
calls=2 0 
0 48 18 16 3 0 0 3
0 80 2 60 1 0 0 1
cfn=(2942) boost::re_detail_500::perl_matcher<__gnu_cxx::__normal_iterator<char const*, std::__cxx11::basic_string<char, std::char_traits<char>, std::allocator<char> > >, std::allocator<boost::sub_match<__gnu_cxx::__normal_iterator<char const*, std::__cxx11::basic_string<char, std::char_traits<char>, std::allocator<char> > > > >, boost::regex_traits<char, boost::cpp_regex_traits<char> > >::match_match()
calls=42 0 
0 1404 522 306 13 0 0 4
cfn=(2940) boost::re_detail_500::perl_matcher<__gnu_cxx::__normal_iterator<char const*, std::__cxx11::basic_string<char, std::char_traits<char>, std::allocator<char> > >, std::allocator<boost::sub_match<__gnu_cxx::__normal_iterator<char const*, std::__cxx11::basic_string<char, std::char_traits<char>, std::allocator<char> > > > >, boost::regex_traits<char, boost::cpp_regex_traits<char> > >::match_set_repeat()
calls=6 0 
0 452 160 90 17 9 4 8 0 1
cfn=(2938) boost::re_detail_500::perl_matcher<__gnu_cxx::__normal_iterator<char const*, std::__cxx11::basic_string<char, std::char_traits<char>, std::allocator<char> > >, std::allocator<boost::sub_match<__gnu_cxx::__normal_iterator<char const*, std::__cxx11::basic_string<char, std::char_traits<char>, std::allocator<char> > > > >, boost::regex_traits<char, boost::cpp_regex_traits<char> > >::match_set()
calls=6 0 
0 144 66 24 4 3 0 3
cfn=(2936) boost::re_detail_500::perl_matcher<__gnu_cxx::__normal_iterator<char const*, std::__cxx11::basic_string<char, std::char_traits<char>, std::allocator<char> > >, std::allocator<boost::sub_match<__gnu_cxx::__normal_iterator<char const*, std::__cxx11::basic_string<char, std::char_traits<char>, std::allocator<char> > > > >, boost::regex_traits<char, boost::cpp_regex_traits<char> > >::match_startmark()
calls=6 0 
0 162 66 42 11 4 0 4 1
0 840 252 108 3 3 0 1
cfn=(2944)
calls=36 0 
0 2336 936 536 17 6 0 7
0 900 312 66 5 25 0 2

fn=(3046) std::map<std::__cxx11::basic_string<char, std::char_traits<char>, std::allocator<char> >, std::pair<std::vector<double, std::allocator<double> >, std::vector<unsigned long, std::allocator<unsigned long> > >, std::less<std::__cxx11::basic_string<char, std::char_traits<char>, std::allocator<char> > >, std::allocator<std::pair<std::__cxx11::basic_string<char, std::char_traits<char>, std::allocator<char> > const, std::pair<std::vector<double, std::allocator<double> >, std::vector<unsigned long, std::allocator<unsigned long> > > > > >::operator[](std::__cxx11::basic_string<char, std::char_traits<char>, std::allocator<char> > const&)
0 114 20 40 6 4 1 3
cob=(2)
cfi=(51)
cfn=(2594)
calls=4 0 
0 90 20 0 0 1
0 64 9 2 2 0 0 1
cob=(2)
cfi=(51)
cfn=(2594)
calls=2 0 
0 42 8
0 64 28 2 2 0 1 1
cob=(2)
cfi=(51)
cfn=(2284)
calls=2 0 
0 749 113 86 2 20 11
0 22 6 4 1 1 0 1
cfn=(2766) void std::__cxx11::basic_string<char, std::char_traits<char>, std::allocator<char> >::_M_construct<char*>(char*, char*, std::forward_iterator_tag) [clone .constprop.0]
calls=2 0 
0 110 28 20 0 2 1
0 16 2 8 1 0 0 1
cob=(2)
cfi=(51)
cfn=(3048) 0x0000000004dcb2c0
calls=2 0 
0 136 42 24 10 1 0 6
0 19 6 1
cfn=(3012)
calls=1 0 
0 42 9 3
0 8 1 1 1 0 0 1
cob=(2)
cfi=(51)
cfn=(2866) 0x0000000004dcae60
calls=1 0 
0 18 2 8 0 1
0 4 1 1 1
cob=(2)
cfi=(51)
cfn=(2866)
calls=1 0 
0 25 6 7 0 2
0 6 2 2

fn=(3164) new_model(stan::io::var_context&, unsigned int, std::ostream*)
0 11 0 5 2 0 0 2
cob=(2)
cfi=(51)
cfn=(2284)
calls=1 0 
0 59 15 8
0 6 0 1
cfn=(3166) radon_partially_pooled_noncentered_model_namespace::radon_partially_pooled_noncentered_model::radon_partially_pooled_noncentered_model(stan::io::var_context&, unsigned int, std::ostream*)
calls=1 0 
0 743295 234898 238757 170 6032 6647 105 274 3296
0 7 5 0 0 1

fn=(3178) stan::json::json_data::vals_r(std::__cxx11::basic_string<char, std::char_traits<char>, std::allocator<char> > const&) const
0 15 0 7 1 0 1 1
cob=(2)
cfi=(51)
cfn=(2984) 0x0000000004dcba40
calls=1 0 
0 116 26 9 0 4 1
0 6 0 1 1 0 0 1
cob=(2)
cfi=(51)
cfn=(2984)
calls=1 0 
0 116 26 9
0 13 2 3 1 0 1 1
cob=(2)
cfi=(51)
cfn=(2284)
calls=1 0 
0 367 75 56 20 19 6 0 0 1
0 15 2 3 1 0 0 1
cob=(2)
cfi=(51)
cfn=(2908)
calls=1 0 
0 100618 100591 100586 0 1575 1573 0 0 1571
0 12 7 1 0 2 1

fn=(3262) bs_param_initialize
0 21 2 10 3 0 0 3
cfn=(2588) bridgestan::load_json(char const*)
calls=1 0 
0 87 25 18 4 1 0 1
0 23 4 10 2 2 0 2
cfn=(3264) std::vector<double, std::allocator<double> > stan::services::util::initialize<true, stan::model::model_base, stan::io::var_context, boost::random::mixmax_engine<17, 36u, 0l> >(stan::model::model_base&, stan::io::var_context const&, boost::random::mixmax_engine<17, 36u, 0l>&, double, bool, stan::callbacks::logger&, stan::callbacks::writer&, int)
calls=1 0 
0 8339730 2669757 2328691 601 52925 53714 458 12 32977
0 10 5 1 1 1
cob=(2)
cfi=(51)
cfn=(2578)
calls=1 0 
0 331 105 101 0 51 49
0 3 0 1
cob=(2)
cfi=(51)
cfn=(2892) 0x0000000004dcb360
calls=1 0 
0 170 49 21 0 0 2
0 5 3 1 1 2 0 1
cfn=(3404) stan::io::empty_var_context::~empty_var_context()
calls=1 0 
0 121 35 14 2 0 0 1
0 12 9 0 0 2

fn=(3352) Eigen::PlainObjectBase<Eigen::Matrix<stan::math::var_value<double, void>, -1, 1, 0, -1, 1> >::resize(long, long)
0 89628 12804 25608 154 0 0 2
cob=(2)
cfi=(51)
cfn=(3098) 0x0000000004dcb4b0
calls=6402 0 
0 38412 12804
0 51216 0 6402 2 0 0 1
cob=(2)
cfi=(51)
cfn=(2302) 0x0000000004dcb5b0
calls=6402 0 
0 2944650 409730 332905 0 6609 9703
0 76824 25608 12804 2 0 0 1

fn=(3390) stan::math::internal::callback_vari<double, stan::math::lb_constrain<stan::math::var_value<double, void>, int, (void*)0, (void*)0>(stan::math::var_value<double, void> const&, int const&, stan::math::var_value<double, void>&)::{lambda(auto:1&)#1}>::chain()
0 115236 89628 12804 102 6402 0 1

fn=(3592) void stan::io::serializer<double>::write<Eigen::Matrix<double, -1, 1, 0, -1, 1>&, (void*)0, (void*)0>(Eigen::Matrix<double, -1, 1, 0, -1, 1>&)
0 102300 20500 19800 401 0 0 5

fn=(3684) std::_Rb_tree<boost::re_detail_500::cpp_regex_traits_base<char>, std::pair<boost::re_detail_500::cpp_regex_traits_base<char> const, std::_List_iterator<std::pair<std::shared_ptr<boost::re_detail_500::cpp_regex_traits_implementation<char> const>, boost::re_detail_500::cpp_regex_traits_base<char> const*> > >, std::_Select1st<std::pair<boost::re_detail_500::cpp_regex_traits_base<char> const, std::_List_iterator<std::pair<std::shared_ptr<boost::re_detail_500::cpp_regex_traits_implementation<char> const>, boost::re_detail_500::cpp_regex_traits_base<char> const*> > > >, std::less<boost::re_detail_500::cpp_regex_traits_base<char> >, std::allocator<std::pair<boost::re_detail_500::cpp_regex_traits_base<char> const, std::_List_iterator<std::pair<std::shared_ptr<boost::re_detail_500::cpp_regex_traits_implementation<char> const>, boost::re_detail_500::cpp_regex_traits_base<char> const*> > > > >::_M_erase(std::_Rb_tree_node<std::pair<boost::re_detail_500::cpp_regex_traits_base<char> const, std::_List_iterator<std::pair<std::shared_ptr<boost::re_detail_500::cpp_regex_traits_implementation<char> const>, boost::re_detail_500::cpp_regex_traits_base<char> const*> > > >*) [clone .isra.0]
0 18 7 7 2 0 0 1

fn=(3686) std::_Sp_counted_ptr<boost::re_detail_500::cpp_regex_traits_implementation<char>*, (__gnu_cxx::_Lock_policy)2>::_M_dispose()
0 18 4 4 5 2 0 5
cob=(2)
cfi=(51)
cfn=(2798) 0x0000000004dcb630
calls=1 0 
0 10 5 1 0 1
0 6 3
cob=(2)
cfi=(51)
cfn=(2892)
calls=1 0 
0 99 31 15

fn=(2986) std::_Rb_tree<std::__cxx11::basic_string<char, std::char_traits<char>, std::allocator<char> >, std::pair<std::__cxx11::basic_string<char, std::char_traits<char>, std::allocator<char> > const, std::pair<std::vector<double, std::allocator<double> >, std::vector<unsigned long, std::allocator<unsigned long> > > >, std::_Select1st<std::pair<std::__cxx11::basic_string<char, std::char_traits<char>, std::allocator<char> > const, std::pair<std::vector<double, std::allocator<double> >, std::vector<unsigned long, std::allocator<unsigned long> > > > >, std::less<std::__cxx11::basic_string<char, std::char_traits<char>, std::allocator<char> > >, std::allocator<std::pair<std::__cxx11::basic_string<char, std::char_traits<char>, std::allocator<char> > const, std::pair<std::vector<double, std::allocator<double> >, std::vector<unsigned long, std::allocator<unsigned long> > > > > >::find(std::__cxx11::basic_string<char, std::char_traits<char>, std::allocator<char> > const&) const
0 486 83 169 1 13 2 1
cob=(2)
cfi=(51)
cfn=(2594)
calls=15 0 
0 315 72 0 0 2
0 293 50 12 2 0 0 1
cob=(2)
cfi=(51)
cfn=(2594)
calls=12 0 
0 243 54
0 295 166 0 8 0 0 2

fn=(2264) 0x000000000001cbc0
0 12 1 0 2 0 0 2

fn=(2528) long double boost::math::detail::igamma_temme_large<long double, boost::math::policies::policy<boost::math::policies::promote_float<false>, boost::math::policies::promote_double<false>, boost::math::policies::default_policy, boost::math::policies::default_policy, boost::math::policies::default_policy, boost::math::policies::default_policy, boost::math::policies::default_policy, boost::math::policies::default_policy, boost::math::policies::default_policy, boost::math::policies::default_policy, boost::math::policies::default_policy, boost::math::policies::default_policy, boost::math::policies::default_policy> >(long double, long double, boost::math::policies::policy<boost::math::policies::promote_float<false>, boost::math::policies::promote_double<false>, boost::math::policies::default_policy, boost::math::policies::default_policy, boost::math::policies::default_policy, boost::math::policies::default_policy, boost::math::policies::default_policy, boost::math::policies::default_policy, boost::math::policies::default_policy, boost::math::policies::default_policy, boost::math::policies::default_policy, boost::math::policies::default_policy, boost::math::policies::default_policy> const&, std::integral_constant<int, 64> const&) [clone .isra.0]
0 443 138 7 26 35 0 26 35
cob=(2)
cfi=(51)
cfn=(2530) 0x0000000004dcaec0
calls=1 0 
0 36 10 3 6 2 0 6 1
0 28 8 3 1 0 0 1
cfn=(2536) long double boost::math::detail::erf_imp<long double, boost::math::policies::policy<boost::math::policies::promote_float<false>, boost::math::policies::promote_double<false>, boost::math::policies::default_policy, boost::math::policies::default_policy, boost::math::policies::default_policy, boost::math::policies::default_policy, boost::math::policies::default_policy, boost::math::policies::default_policy, boost::math::policies::default_policy, boost::math::policies::default_policy, boost::math::policies::default_policy, boost::math::policies::default_policy, boost::math::policies::default_policy> >(long double, bool, boost::math::policies::policy<boost::math::policies::promote_float<false>, boost::math::policies::promote_double<false>, boost::math::policies::default_policy, boost::math::policies::default_policy, boost::math::policies::default_policy, boost::math::policies::default_policy, boost::math::policies::default_policy, boost::math::policies::default_policy, boost::math::policies::default_policy, boost::math::policies::default_policy, boost::math::policies::default_policy, boost::math::policies::default_policy, boost::math::policies::default_policy> const&, std::integral_constant<int, 64> const&) [clone .isra.0]
calls=1 0 
0 32 7 2 3 0 0 3
0 24 9 1 2 2 0 2 2

fn=(2742) void rapidjson::GenericReader<rapidjson::UTF8<char>, rapidjson::UTF8<char>, rapidjson::CrtAllocator>::ParseValue<274u, rapidjson::BasicIStreamWrapper<std::istream>, stan::json::RapidJSONHandler<stan::json::json_data_handler> >(rapidjson::BasicIStreamWrapper<std::istream>&, stan::json::RapidJSONHandler<stan::json::json_data_handler>&)
0 23 3 5 3 1 0 3 1
cfn=(2744) rapidjson::BasicIStreamWrapper<std::istream>::Read()
calls=1 0 
0 10 4 2 2 0 0 2
0 7 1 2
cob=(2)
cfi=(51)
cfn=(2746)
calls=1 0 
0 53 11 8 6 1
0 3 3 1 0 1
cfn=(2748)
calls=1 0 
0 45 22 8 4 0 0 4
0 2 0 1
cfn=(2740) void rapidjson::SkipWhitespace<rapidjson::BasicIStreamWrapper<std::istream> >(rapidjson::BasicIStreamWrapper<std::istream>&)
calls=1 0 
0 227 72 40 3 0 0 3
0 9 3 1 2 0 0 1
cfn=(2744)
calls=1 0 
0 10 4 2
0 9 7
cfn=(3068) stan::json::json_data_handler::end_object()
calls=1 0 
0 106119 101797 101226 65 1685 1600 5
0 10 0 5 1 0 0 1
cfn=(2744)
calls=5 0 
0 50 20 10
0 10 0 5
cfn=(2740)
calls=5 0 
0 1135 360 200 2
0 72 15 6 1 0 0 1
cfn=(2750) void rapidjson::GenericReader<rapidjson::UTF8<char>, rapidjson::UTF8<char>, rapidjson::CrtAllocator>::ParseString<274u, rapidjson::BasicIStreamWrapper<std::istream>, stan::json::RapidJSONHandler<stan::json::json_data_handler> >(rapidjson::BasicIStreamWrapper<std::istream>&, stan::json::RapidJSONHandler<stan::json::json_data_handler>&, bool)
calls=6 0 
0 575523 524030 516342 1080 8566 8112 596 55 4490
0 30 6 6 6 3 0 1
cfn=(2740)
calls=6 0 
0 90 30 12 1 3
0 48 18 6
cfn=(2744)
calls=6 0 
0 418 138 76 29 16 1 1
0 12 0 6
cfn=(2740)
calls=6 0 
0 156 48 24 1 0 3
0 42 6 6 6 0 0 1
cfn=(2743) void rapidjson::GenericReader<rapidjson::UTF8<char>, rapidjson::UTF8<char>, rapidjson::CrtAllocator>::ParseValue<274u, rapidjson::BasicIStreamWrapper<std::istream>, stan::json::RapidJSONHandler<stan::json::json_data_handler> >(rapidjson::BasicIStreamWrapper<std::istream>&, stan::json::RapidJSONHandler<stan::json::json_data_handler>&)'2
calls=6 0 
0 77038145 23034770 13326012 416 4305 7883 162 130 4384
0 30 6 6
cfn=(2740)
calls=6 0 
0 1491 424 204 48 40 14 1
0 44 18 0 5 0 0 1

fn=(2743)
0 1257434 301776 201192 4 4 0 0 1
cfn=(2972) void rapidjson::GenericReader<rapidjson::UTF8<char>, rapidjson::UTF8<char>, rapidjson::CrtAllocator>::ParseNumber<274u, rapidjson::BasicIStreamWrapper<std::istream>, stan::json::RapidJSONHandler<stan::json::json_data_handler> >(rapidjson::BasicIStreamWrapper<std::istream>&, stan::json::RapidJSONHandler<stan::json::json_data_handler>&)
calls=50294 0 
0 67589502 20192432 11723026 265 3664 7846 93 45 4384
0 12 0 4 1 0 0 1
cfn=(2744)
calls=4 0 
0 398 130 72 8 11 1
0 28 4 8
cob=(2)
cfi=(51)
cfn=(2746)
calls=4 0 
0 212 44 32
0 12 12 4 0 6
cfn=(3014) stan::json::json_data_handler::start_array()
calls=4 0 
0 9868 2295 1467 67 16 18 42
0 8 0 4
cfn=(2740)
calls=4 0 
0 60 20 8
0 201216 32 50292 4 4 0 2
cfn=(2743)
calls=50292 0 
0 68845212 20493699 11923906 216 3663 7845 55 45 4384
0 251460 50292 50292 0 5
cfn=(2740)
calls=50292 0 
0 754380 251460 100584 0 5
0 452620 150876 50288 1
cfn=(2744)
calls=50288 0 
0 2759252 919634 503914 0 226 0 0 42
0 100576 0 50288
cfn=(2740)
calls=50288 0 
0 3503214 1113730 593645 13 259 1 0 42
0 150880 50288 4 3 0 0 1
cfn=(2744)
calls=4 0 
0 219 73 40
0 12 12 4 0 2
cfn=(3028) stan::json::json_data_handler::end_array()
calls=4 0 
0 6770 1656 844 50 103 17 23
0 12 4

fn=(2766)
0 1230 316 264 10 0 1 3
cob=(2)
cfi=(51)
cfn=(2590) 0x0000000004dcb9b0
calls=2 0 
0 146 34 16
0 14 2 6 1
cob=(2)
cfi=(51)
cfn=(2578)
calls=2 0 
0 26 8 4
0 72 0 24 1
cob=(2)
cfi=(51)
cfn=(2578)
calls=24 0 
0 360 96 48 0 7 5
0 78 52

fn=(2804) boost::re_detail_500::cpp_regex_traits_char_layer<char>::init()
0 56 1 41 2 0 4 2
cfn=(2806) boost::cpp_regex_traits<char>::get_catalog_name[abi:cxx11]()
calls=1 0 
0 230 53 42 6 3 1 5 1
0 6811 4451 3628 5 37 0 5 25

fn=(2812) boost::re_detail_500::cpp_regex_traits_implementation<char>::transform[abi:cxx11](char const*, char const*) const
0 66 12 36 2 1 0 2
cob=(7) /usr/lib/x86_64-linux-gnu/libstdc++.so.6.0.30
cfi=(170) ???
cfn=(2814) std::__cxx11::collate<char>::do_transform(char const*, char const*) const
calls=3 0 
0 5059 1453 762 58 65 10 26 7 1
0 57 21 9 3 0 0 3
cob=(2)
cfi=(51)
cfn=(2852) 0x0000000004dcb770
calls=3 0 
0 69 24 15 4 1
0 30 3 3 1 0 0 1
cob=(2)
cfi=(51)
cfn=(2854) 0x0000000004dcba30
calls=3 0 
0 147 30 24 6 1 0 6
0 18 3 3
cob=(2)
cfi=(51)
cfn=(2854)
calls=3 0 
0 147 30 24
0 111 48 9 5 0 0 5

fn=(2864) std::pair<std::_Rb_tree_iterator<std::pair<boost::re_detail_500::cpp_regex_traits_base<char> const, std::_List_iterator<std::pair<std::shared_ptr<boost::re_detail_500::cpp_regex_traits_implementation<char> const>, boost::re_detail_500::cpp_regex_traits_base<char> const*> > > >, bool> std::_Rb_tree<boost::re_detail_500::cpp_regex_traits_base<char>, std::pair<boost::re_detail_500::cpp_regex_traits_base<char> const, std::_List_iterator<std::pair<std::shared_ptr<boost::re_detail_500::cpp_regex_traits_implementation<char> const>, boost::re_detail_500::cpp_regex_traits_base<char> const*> > >, std::_Select1st<std::pair<boost::re_detail_500::cpp_regex_traits_base<char> const, std::_List_iterator<std::pair<std::shared_ptr<boost::re_detail_500::cpp_regex_traits_implementation<char> const>, boost::re_detail_500::cpp_regex_traits_base<char> const*> > > >, std::less<boost::re_detail_500::cpp_regex_traits_base<char> >, std::allocator<std::pair<boost::re_detail_500::cpp_regex_traits_base<char> const, std::_List_iterator<std::pair<std::shared_ptr<boost::re_detail_500::cpp_regex_traits_implementation<char> const>, boost::re_detail_500::cpp_regex_traits_base<char> const*> > > > >::_M_emplace_unique<std::pair<boost::re_detail_500::cpp_regex_traits_base<char>, std::_List_iterator<std::pair<std::shared_ptr<boost::re_detail_500::cpp_regex_traits_implementation<char> const>, boost::re_detail_500::cpp_regex_traits_base<char> const*> > > >(std::pair<boost::re_detail_500::cpp_regex_traits_base<char>, std::_List_iterator<std::pair<std::shared_ptr<boost::re_detail_500::cpp_regex_traits_implementation<char> const>, boost::re_detail_500::cpp_regex_traits_base<char> const*> > >&&)
0 12 0 7 1 0 0 1
cob=(2)
cfi=(51)
cfn=(2284)
calls=1 0 
0 59 15 8 0 1
0 6 0 2
cob=(2)
cfi=(51)
cfn=(2770) 0x0000000004dcb180
calls=1 0 
0 9 4 1
0 18 7 4 2 0 0 2
cob=(2)
cfi=(51)
cfn=(2866)
calls=1 0 
0 18 2 8 2 0 0 2
0 17 8 1 1 0 0 1

fn=(2886) boost::re_detail_500::basic_regex_parser<char, boost::regex_traits<char, boost::cpp_regex_traits<char> > >::parse_set_literal(boost::re_detail_500::basic_char_set<char, boost::regex_traits<char, boost::cpp_regex_traits<char> > >&)
0 102 6 42 2 0 0 2
cfn=(2888) boost::re_detail_500::basic_regex_parser<char, boost::regex_traits<char, boost::cpp_regex_traits<char> > >::get_next_set_literal(boost::re_detail_500::basic_char_set<char, boost::regex_traits<char, boost::cpp_regex_traits<char> > >&)
calls=6 0 
0 222 78 48 3 0 0 3
0 119 46 10 2 0 0 2
cfn=(2888)
calls=5 0 
0 185 65 40
0 106 51 15 2 0 0 2
cfn=(2896) std::pair<std::_Rb_tree_iterator<boost::re_detail_500::digraph<char> >, bool> std::_Rb_tree<boost::re_detail_500::digraph<char>, boost::re_detail_500::digraph<char>, std::_Identity<boost::re_detail_500::digraph<char> >, std::less<boost::re_detail_500::digraph<char> >, std::allocator<boost::re_detail_500::digraph<char> > >::_M_insert_unique<boost::re_detail_500::digraph<char> const&>(boost::re_detail_500::digraph<char> const&)
calls=1 0 
0 117 27 26 5 1 0 5
0 78 49 6 2 0 0 2
cfn=(2890) void std::vector<boost::re_detail_500::digraph<char>, std::allocator<boost::re_detail_500::digraph<char> > >::_M_realloc_insert<boost::re_detail_500::digraph<char> const&>(__gnu_cxx::__normal_iterator<boost::re_detail_500::digraph<char>*, std::vector<boost::re_detail_500::digraph<char>, std::allocator<boost::re_detail_500::digraph<char> > > >, boost::re_detail_500::digraph<char> const&)
calls=5 0 
0 1008 238 155 8 1 0 8
0 21 10 2
cfn=(2890)
calls=2 0 
0 494 122 76 3 2 0 3
0 2

fn=(2890)
0 380 27 60 8 0 0 8
cob=(2)
cfi=(51)
cfn=(2892)
calls=5 0 
0 495 155 75 0 1
0 96 54 28 1 0 0 1
cob=(2)
cfi=(51)
cfn=(2284)
calls=7 0 
0 389 105 56 0 2
0 142 19 12 2 0 0 2

fn=(2910) boost::re_detail_500::basic_regex_parser<char, boost::regex_traits<char, boost::cpp_regex_traits<char> > >::unwind_alts(long)
0 34 15 6 4 0 0 4

fn=(2912) boost::re_detail_500::basic_regex_creator<char, boost::regex_traits<char, boost::cpp_regex_traits<char> > >::finalize(char const*, char const*)
0 21 3 8 3 0 0 3
cfn=(2876) boost::re_detail_500::basic_regex_creator<char, boost::regex_traits<char, boost::cpp_regex_traits<char> > >::append_state(boost::re_detail_500::syntax_element_type, unsigned long)
calls=1 0 
0 48 12 12
0 22 5 7 2 0 0 2
cfn=(2914) boost::re_detail_500::basic_regex_creator<char, boost::regex_traits<char, boost::cpp_regex_traits<char> > >::fixup_pointers(boost::re_detail_500::re_syntax_base*)
calls=1 0 
0 124 16 43 3 1 0 3 1
0 7 3 2
cfn=(2916) boost::re_detail_500::basic_regex_creator<char, boost::regex_traits<char, boost::cpp_regex_traits<char> > >::create_startmaps(boost::re_detail_500::re_syntax_base*)
calls=1 0 
0 2194 422 176 33 2 0 33 2
0 52 4 36 2 0 0 2
cfn=(2920) boost::re_detail_500::basic_regex_creator<char, boost::regex_traits<char, boost::cpp_regex_traits<char> > >::create_startmap(boost::re_detail_500::re_syntax_base*, unsigned char*, unsigned int*, unsigned char)
calls=1 0 
0 1673 283 71 2 0 0 2
0 32 16 1 0 2 0 0 2
cfn=(2924) boost::re_detail_500::basic_regex_creator<char, boost::regex_traits<char, boost::cpp_regex_traits<char> > >::probe_leading_repeat(boost::re_detail_500::re_syntax_base*)
calls=1 0 
0 31 5 0 2 0 0 2
0 7 1 1 2 0 0 2
cob=(2)
cfi=(51)
cfn=(2908)
calls=1 0 
0 13 4 2
0 1

fn=(2928) boost::re_detail_500::perl_matcher<__gnu_cxx::__normal_iterator<char const*, std::__cxx11::basic_string<char, std::char_traits<char>, std::allocator<char> > >, std::allocator<boost::sub_match<__gnu_cxx::__normal_iterator<char const*, std::__cxx11::basic_string<char, std::char_traits<char>, std::allocator<char> > > > >, boost::regex_traits<char, boost::cpp_regex_traits<char> > >::construct_init(boost::basic_regex<char, boost::regex_traits<char, boost::cpp_regex_traits<char> > > const&, boost::regex_constants::_match_flags)
0 666 132 84 35 10 3 11

fn=(2944)
0 2384 954 552 20 6 0 10

fn=(2958) std::_Rb_tree<std::__cxx11::basic_string<char, std::char_traits<char>, std::allocator<char> >, std::pair<std::__cxx11::basic_string<char, std::char_traits<char>, std::allocator<char> > const, int>, std::_Select1st<std::pair<std::__cxx11::basic_string<char, std::char_traits<char>, std::allocator<char> > const, int> >, std::less<std::__cxx11::basic_string<char, std::char_traits<char>, std::allocator<char> > >, std::allocator<std::pair<std::__cxx11::basic_string<char, std::char_traits<char>, std::allocator<char> > const, int> > >::_M_get_insert_hint_unique_pos(std::_Rb_tree_const_iterator<std::pair<std::__cxx11::basic_string<char, std::char_traits<char>, std::allocator<char> > const, int> >, std::__cxx11::basic_string<char, std::char_traits<char>, std::allocator<char> > const&)
0 220 16 84 3 0 0 2
cob=(2)
cfi=(51)
cfn=(2594)
calls=4 0 
0 72 20
0 74 40 4 5 0 0 2
cob=(2)
cfi=(51)
cfn=(3060)
calls=2 0 
0 44 20 0 3 2 0 2
0 20 6 2
cob=(2)
cfi=(51)
cfn=(2594)
calls=2 0 
0 24 8
0 72 40 6 4 0 1 2
cfn=(3012)
calls=6 0 
0 228 50 18 2 0 0 2
0 92 54 0 2 0 0 1
cob=(2)
cfi=(51)
cfn=(2960) 0x0000000004dcb660
calls=2 0 
0 64 22 16 5 0 0 4

fn=(2972)
0 1311149 301764 607033 2 0 0 2
cfn=(2744)
calls=3505 0 
0 220467 73061 40153 0 6
0 290231 10515 28594 1 0 0 1
cfn=(2974) rapidjson::GenericReader<rapidjson::UTF8<char>, rapidjson::UTF8<char>, rapidjson::CrtAllocator>::NumberStream<rapidjson::BasicIStreamWrapper<std::istream>, true, false>::TakePush()
calls=25089 0 
0 1971969 733738 412342 47 141 4 3 34
0 358550 100356 21532 6 0 0 3
cfn=(2974)
calls=21532 0 
0 1865497 684859 384860 2 42 0 2
0 415770 64596 60697 5 0 0 1
cfn=(2744)
calls=24757 0 
0 1316564 439414 240600 0 41 2
0 495140 148542 74271 2 0 0 1
cfn=(2756)
calls=24757 0 
0 445626 148542 99028
0 1680860 336172 336172
cfn=(2756)
calls=336172 0 
0 6051096 2017032 1344688
0 2165574 1082787 1082787 2 0 0 1
cfn=(2744)
calls=360929 0 
0 19784990 6594466 3613380 13 540 1
0 6442232 1636021 125345 3 10 0 3
cfn=(2756)
calls=50294 0 
0 905292 301764 201176 3
0 1650342 576431 249910 8 17 0 7
cfn=(3030) stan::json::json_data_handler::promote_to_double()
calls=24757 0 
0 7748773 1708369 916065 22 33 6 16
0 400617 99793 74689 10 0 3084 3 0 1031
cfn=(2974)
calls=25205 0 
0 2080485 768812 432052 4 168 8 0 9
0 1163476 225717 238342 18 28 0 8 2
cfn=(2976) stan::json::json_data_handler::number_unsigned_int(unsigned int)
calls=25537 0 
0 8592708 1968568 1023242 76 767 2668 22 0 1814
0 109203 54579 15 3 11 0 3
cob=(2)
cfi=(51)
cfn=(3032) 0x0000000004dcb5e0
calls=15 0 
0 122876 116534 116053 38 1860 2073 17 0 1539
0 15

fn=(2974)
0 2930667 1258458 682848 7 9 5 4
cob=(2)
cfi=(51)
cfn=(2694) 0x0000000004dcb530
calls=18207 0 
0 2914456 874330 546406 43 342 7 0 43
0 72828 54621 0 3 0 0 1

fn=(3076) void std::__introsort_loop<char*, long, __gnu_cxx::__ops::_Iter_less_iter>(char*, char*, long, __gnu_cxx::__ops::_Iter_less_iter) [clone .isra.0]
0 60 24 20 3 0 0 3

fn=(3172) stan::json::json_data::vals_i(std::__cxx11::basic_string<char, std::char_traits<char>, std::allocator<char> > const&) const
0 54 6 15 2 0 0 2
cob=(2)
cfi=(51)
cfn=(2988) 0x0000000004dcb3d0
calls=3 0 
0 438 108 31 0 8 1
0 18 0 3 1 0 0 1
cob=(2)
cfi=(51)
cfn=(2988)
calls=3 0 
0 438 108 31
0 39 6 9 1 0 3 1
cob=(2)
cfi=(51)
cfn=(2284)
calls=3 0 
0 483 98 73 0 14 5
0 45 6 9
cob=(2)
cfi=(51)
cfn=(2908)
calls=3 0 
0 50328 50275 50266 0 792 788
0 30 15 3 1 1 1 1

fn=(3176) Eigen::PlainObjectBase<Eigen::Matrix<double, -1, 1, 0, -1, 1> >::resize(long, long)
0 1414 202 404 101 0 100 1
cob=(2)
cfi=(51)
cfn=(3098)
calls=101 0 
0 606 202 0 0 1
0 808 0 101 101 0 0 1
cob=(2)
cfi=(51)
cfn=(2302)
calls=101 0 
0 39901 6468 5355 8 214 305 0 0 1
0 1212 404 202 2 0 0 1

fn=(3190) radon_partially_pooled_noncentered_model_namespace::radon_partially_pooled_noncentered_model::model_name[abi:cxx11]() const
0 13 1 5 2 0 1 2
cob=(2)
cfi=(51)
cfn=(2590)
calls=1 0 
0 73 17 8 0 5
0 20 9 7 1 2 1 1

fn=(3296) stan::model::model_base_crtp<radon_partially_pooled_noncentered_model_namespace::radon_partially_pooled_noncentered_model>::log_prob_jacobian(std::vector<double, std::allocator<double> >&, std::vector<int, std::allocator<int> >&, std::ostream*) const
0 2 0 0 1 0 0 1
cfn=(3298) stan::scalar_type<std::vector<double, std::allocator<double> >, void>::type radon_partially_pooled_noncentered_model_namespace::radon_partially_pooled_noncentered_model::log_prob_impl<false, true, std::vector<double, std::allocator<double> >, std::vector<int, std::allocator<int> >, (void*)0, (void*)0, (void*)0>(std::vector<double, std::allocator<double> >&, std::vector<int, std::allocator<int> >&, std::ostream*) const
calls=1 0 
0 2592523 596241 526674 115 6305 6820 85 5 2

fn=(3328) stan::scalar_type<std::vector<stan::math::var_value<double, void>, std::allocator<stan::math::var_value<double, void> > >, void>::type radon_partially_pooled_noncentered_model_namespace::radon_partially_pooled_noncentered_model::log_prob_impl<true, true, std::vector<stan::math::var_value<double, void>, std::allocator<stan::math::var_value<double, void> > >, std::vector<int, std::allocator<int> >, (void*)0, (void*)0, (void*)0>(std::vector<stan::math::var_value<double, void>, std::allocator<stan::math::var_value<double, void> > >&, std::vector<int, std::allocator<int> >&, std::ostream*) const
0 41 8 17 4 0 2 4
cfn=(3330) std::vector<stan::math::var_value<double, void>, stan::math::arena_allocator<stan::math::var_value<double, void> > >::reserve(unsigned long) [clone .constprop.0]
calls=1 0 
0 18 7 4 2 0 0 2
0 42 9 11 3 1 1 3 0 1
cfn=(3332) stan::math::vari_base*& std::vector<stan::math::vari_base*, std::allocator<stan::math::vari_base*> >::emplace_back<stan::math::vari_base*>(stan::math::vari_base*&&) [clone .isra.0]
calls=1 0 
0 9 4 2 1 0 1 1
0 6 1 2 1 1 0 1
cfn=(3334) auto stan::io::deserializer<stan::math::var_value<double, void> >::read<Eigen::Matrix<stan::math::var_value<double, void>, -1, 1, 0, -1, 1>, (void*)0, (void*)0>(long)
calls=1 0 
0 22 6 5 2 0 0 2
0 26 8 5 2 0 0 2
cob=(2)
cfi=(51)
cfn=(3282) 0x0000000004dcb9a0
calls=1 0 
0 56 18 2 1 6
0 19 3 7 1 0 1 1 0 1
cfn=(3332)
calls=1 0 
0 252 65 39
0 27 9 8 3 0 0 3
cob=(2)
cfi=(51)
cfn=(3282)
calls=1 0 
0 56 18 2 0 1
0 18 4 7 1 0 0 1
cfn=(3332)
calls=1 0 
0 9 4 2
0 13 4 6 1 0 0 1
cfn=(3336) Eigen::CwiseNullaryOp<Eigen::internal::scalar_constant_op<stan::math::var_value<double, void> >, Eigen::Matrix<stan::math::var_value<double, void>, -1, 1, 0, -1, 1> >::CwiseNullaryOp(long, long, Eigen::internal::scalar_constant_op<stan::math::var_value<double, void> > const&) [clone .constprop.0]
calls=1 0 
0 6 2 2 1 0 0 1
0 3 1 1 1 0 0 1
cfn=(3338) Eigen::PlainObjectBase<Eigen::Matrix<stan::math::var_value<double, void>, -1, 1, 0, -1, 1> >::PlainObjectBase<Eigen::CwiseNullaryOp<Eigen::internal::scalar_constant_op<stan::math::var_value<double, void> >, Eigen::Matrix<stan::math::var_value<double, void>, -1, 1, 0, -1, 1> > >(Eigen::DenseBase<Eigen::CwiseNullaryOp<Eigen::internal::scalar_constant_op<stan::math::var_value<double, void> >, Eigen::Matrix<stan::math::var_value<double, void>, -1, 1, 0, -1, 1> > > const&)
calls=1 0 
0 1327 81 262 5 1 50 5
0 7 1 2
cfn=(3340) auto stan::math::multiply<stan::math::var_value<double, void>, Eigen::Map<Eigen::Matrix<stan::math::var_value<double, void>, -1, 1, 0, -1, 1> const, 0, Eigen::Stride<0, 0> >&, (void*)0, (void*)0, (void*)0, (void*)0>(stan::math::var_value<double, void> const&, Eigen::Map<Eigen::Matrix<stan::math::var_value<double, void>, -1, 1, 0, -1, 1> const, 0, Eigen::Stride<0, 0> >&)
calls=1 0 
0 12377 2855 3561 13 152 360 13 0 244
0 5 1 1 0 1
cfn=(3342) auto stan::math::add<stan::math::var_value<double, void>, stan::math::arena_matrix<Eigen::Matrix<stan::math::var_value<double, void>, -1, 1, 0, -1, 1>, void>, (void*)0, (void*)0>(stan::math::var_value<double, void> const&, stan::math::arena_matrix<Eigen::Matrix<stan::math::var_value<double, void>, -1, 1, 0, -1, 1>, void>&&)
calls=1 0 
0 11647 3523 3471 9 221 377 9 0 194
0 4 1 1 1 0 0 1
cfn=(3344) void stan::model::internal::assign_impl<Eigen::Matrix<stan::math::var_value<double, void>, -1, 1, 0, -1, 1>&, stan::math::arena_matrix<Eigen::Matrix<stan::math::var_value<double, void>, -1, 1, 0, -1, 1>, void>, (void*)0>(Eigen::Matrix<stan::math::var_value<double, void>, -1, 1, 0, -1, 1>&, stan::math::arena_matrix<Eigen::Matrix<stan::math::var_value<double, void>, -1, 1, 0, -1, 1>, void>&&, char const*)
calls=1 0 
0 2878 619 552 12 38 48 9
0 12 2 5 1 1 1 1
cfn=(3336)
calls=1 0 
0 6 2 2
0 3 1 1
cfn=(3338)
calls=1 0 
0 25645 81 6359 0 9 1574
0 6 1 1 0 1
cfn=(3346) stan::return_type<stan::math::var_value<double, void>&, double, double>::type stan::math::normal_lpdf<true, stan::math::var_value<double, void>&, double, double, (void*)0>(stan::math::var_value<double, void>&, double&&, double&&) [clone .isra.0]
calls=1 0 
0 421 100 88 14 24 11 14 0 2
0 3 0 1 1 0 0 1
cfn=(3348) void stan::math::accumulator<stan::math::var_value<double, void>, void>::add<stan::math::var_value<double, void>, void>(stan::math::var_value<double, void>)
calls=1 0 
0 29 10 8 2 1 1 2 0 1
0 5 2 1 0 1
cfn=(3346)
calls=1 0 
0 175 37 50 0 1 4 0 0 2
0 3 0 1
cfn=(3348)
calls=1 0 
0 29 10 8
0 4 1 1 0 1
cfn=(3346)
calls=1 0 
0 175 37 50 0 1 2 0 0 2
0 3 0 1 1 0 0 1
cfn=(3348)
calls=1 0 
0 29 10 8
0 9 3 4 0 0 1
cfn=(3350) stan::return_type<Eigen::Map<Eigen::Matrix<stan::math::var_value<double, void>, -1, 1, 0, -1, 1> const, 0, Eigen::Stride<0, 0> >&, double, double>::type stan::math::normal_lpdf<true, Eigen::Map<Eigen::Matrix<stan::math::var_value<double, void>, -1, 1, 0, -1, 1> const, 0, Eigen::Stride<0, 0> >&, double, double, (void*)0>(Eigen::Map<Eigen::Matrix<stan::math::var_value<double, void>, -1, 1, 0, -1, 1> const, 0, Eigen::Stride<0, 0> >&, double&&, double&&)
calls=1 0 
0 15254 3068 2716 57 222 255 54 1 150
0 3 0 1 1 0 0 1
cfn=(3348)
calls=1 0 
0 29 10 8
0 553225 150879 188598 4 2661 1587 4
cfn=(3362) stan::return_type<double, stan::math::var_value<double, void>, stan::math::var_value<double, void>&>::type stan::math::normal_lpdf<false, double, stan::math::var_value<double, void>, stan::math::var_value<double, void>&, (void*)0>(double&&, stan::math::var_value<double, void>&&, stan::math::var_value<double, void>&) [clone .isra.0]
calls=12573 0 
0 3828753 1341960 1378866 68 10807 39980 34 0 30721
0 37719 0 12573
cfn=(3348)
calls=12573 0 
0 469557 159786 108999 8 1112 2084 8 0 1508
0 50294 12574 1 0 8
cob=(2)
cfi=(51)
cfn=(3098)
calls=1 0 
0 145 42 19 0 15 1
0 2 1 1
cob=(2)
cfi=(51)
cfn=(3098)
calls=1 0 
0 222 68 28 0 8
0 3 1 1 1 0 0 1
cfn=(3348)
calls=1 0 
0 29 10 8
0 2 0 1
cfn=(3370) stan::math::var_value<double, void> stan::math::sum<stan::math::arena_allocator<stan::math::var_value<double, void> > >(std::vector<stan::math::var_value<double, void>, stan::math::arena_allocator<stan::math::var_value<double, void> > > const&)
calls=1 0 
0 121 35 21 0 1 2 0 0 2
0 30 13 6 2 2 0 2
cfn=(3332)
calls=1 0 
0 129 29 20 0 0 1
0 27 7 10 2 0 0 2
cfn=(3332)
calls=1 0 
0 250 65 39
0 8 3 3 1 0 1 1 0 1

fn=(3340)
0 71010981 16171452 21145804 1033 322491 1859185 10 0 244
cfn=(3332)
calls=6402 0 
0 57860 25669 12841 0 6 6300
0 89632 57618 12806 3 9703 3302 2
cfn=(3324) void std::vector<stan::math::vari_base*, std::allocator<stan::math::vari_base*> >::_M_realloc_insert<stan::math::vari_base*>(__gnu_cxx::__normal_iterator<stan::math::vari_base**, std::vector<stan::math::vari_base*, std::allocator<stan::math::vari_base*> > >, stan::math::vari_base*&&)
calls=1 0 
0 1015 253 217 0 16 67
0 4 2 0 1 0 0 1

fn=(3350)
0 172854 19206 76824 1356 3100 19003 3
cfn=(3316) Eigen::PlainObjectBase<Eigen::Array<double, -1, 1, 0, -1, 1> >::resize(long, long)
calls=6402 0 
0 2565574 371330 294504 12597 92927 38413
0 34897302 7471134 7503144 111 1241988 310596 5
cfn=(3352)
calls=6402 0 
0 3200730 460946 377719 158 6609 9703 4
0 6350784 1261194 1241988 6 0 300894 2
cfn=(3354) stan::math::internal::ops_partials_edge<double, Eigen::Matrix<stan::math::var_value<double, void>, -1, 1, 0, -1, 1>, void>::ops_partials_edge(Eigen::Matrix<stan::math::var_value<double, void>, -1, 1, 0, -1, 1> const&)
calls=6402 0 
0 18047238 2656830 3860406 512 0 633799 10 0 99
0 102432 32010 38412 12804 0 1 2
cob=(2)
cfi=(51)
cfn=(3098)
calls=6402 0 
0 1037124 300894 134442 57 19204
0 57618 25608 19206 6402 3100 0 1
cfn=(3356) Eigen::CwiseNullaryOp<Eigen::internal::scalar_constant_op<double>, Eigen::Array<double, -1, 1, 0, -1, 1> const>::CwiseNullaryOp(long, long, Eigen::internal::scalar_constant_op<double> const&) [clone .constprop.0]
calls=6402 0 
0 38412 12804 12804
0 70422 25608 19206 3147 0 0 1
cfn=(3356)
calls=6402 0 
0 38412 12804 12804
0 70422 12804 25608 3307 0 0 1
cfn=(3316)
calls=6402 0 
0 3200724 460944 377718
0 8834760 1286802 1254792 2467 0 0 3
cfn=(3358) double Eigen::DenseBase<Eigen::CwiseBinaryOp<Eigen::internal::scalar_product_op<double, double>, Eigen::Array<double, -1, 1, 0, -1, 1> const, Eigen::Array<double, -1, 1, 0, -1, 1> const> >::redux<Eigen::internal::scalar_sum_op<double, double> >(Eigen::internal::scalar_sum_op<double, double> const&) const [clone .isra.0]
calls=6402 0 
0 5710584 2509584 0 413 0 0 4
0 57618 19206 19206 3 0 0 1
cfn=(3356)
calls=6402 0 
0 38412 12804 12804
0 51216 25608 6402 103 0 0 1
cfn=(3360) stan::math::stack_alloc::alloc(unsigned long)
calls=6402 0 
0 89628 19206 6402 152 0 0 1
0 9046026 1286802 1286802 266 6402 313698 6 1 49
cfn=(3332)
calls=6402 0 
0 57618 25608 12804 0 0 6401
0 115236 19206 57618 4 0 6402 1 0 1
cfn=(3332)
calls=6402 0 
0 57618 25608 12804
0 102432 19206 38412 8 0 0 2
cfn=(3332)
calls=6402 0 
0 57870 25672 12843 0 6 2
0 108834 25608 38412 3 0 6402 1 0 1
cfn=(3332)
calls=6402 0 
0 57618 25608 12804
0 19206 6402 6402 3 0 0 1
cob=(2)
cfi=(51)
cfn=(3098)
calls=6402 0 
0 1037124 300894 134442
0 19206 6402 6402
cob=(2)
cfi=(51)
cfn=(3098)
calls=6402 0 
0 1037121 300893 134442 0 100
0 153648 70422 6402 409 102 0 4

fn=(3356)
0 115236 38412 38412

fn=(3362)
0 7083326448 724431114 2012308650 6566 2602827 2 8
cob=(2)
cfi=(51)
cfn=(3306) 0x0000000004dcb290
calls=80492346 0 
0 4507571376 1046400498 0 31360 38460
0 2414770380 643938768 804923460 106 2 30294264 3 0 4091
cfn=(3332)
calls=80492346 0 
0 724547515 322084376 161099533 0 1904 10059366 0 0 42324
0 5714956548 1851323958 1851323946 749 30 150997570 5 0 20006
cfn=(3324)
calls=5 0 
0 396456 393905 393723 9 6252 6258 0 0 6146
0 23 10 4 1 4 0 1
cfn=(3324)
calls=4 0 
0 68526 66211 66072 0 1169 1194 0 0 476
0 12 0 6
cfn=(3324)
calls=2 0 
0 50406 49388 49311 1 848 788
0 38420 6 25608 2 4 0 1
cfn=(3364) stan::math::stack_alloc::move_to_next_block(unsigned long)
calls=6402 0 
0 269837 96240 44960 6721 19210 2 13
0 96030 32010 25608 103 0 0 2
cfn=(3364)
calls=12804 0 
0 539596 192487 89915 14 38470 12415 0 0 1
0 57618 12804 19206 102 0 0 1
cfn=(3364)
calls=6402 0 
0 269298 96110 44883 0 19223 6210 0 0 1
0 25608 19206

fn=(3396) std::vector<double, std::allocator<double> >::_M_default_append(unsigned long)
0 46 3 10 4 1 1 4
cob=(2)
cfi=(51)
cfn=(2298) 0x0000000004dcb140
calls=1 0 
0 3123 3 3104 0 1 47
0 27 9 3 3 0 0 3
cob=(2)
cfi=(51)
cfn=(2284)
calls=1 0 
0 580 81 66 0 21 8
0 6 2

fn=(3424) void std::vector<char*, std::allocator<char*> >::_M_realloc_insert<char* const&>(__gnu_cxx::__normal_iterator<char**, std::vector<char*, std::allocator<char*> > >, char* const&)
0 120 22 24 3 0 0 3
cob=(2)
cfi=(51)
cfn=(2284)
calls=2 0 
0 110 30 16 0 2
0 18 2 0 1 0 0 1

fn=(3690) stan::math::ad_tape_observer::~ad_tape_observer()
0 26 0 16 1 0 2 1
cob=(2)
cfi=(51)
cfn=(2306) 0x0000000004dcb0a0
calls=2 0 
0 387 121 72 13 6 2 3
0 31 11 1 2 5 0 2
cob=(2)
cfi=(51)
cfn=(2892)
calls=1 0 
0 120 35 14 0 2
0 6 2 1 0 1
cob=(2)
cfi=(51)
cfn=(2892)
calls=1 0 
0 120 35 14
0 6 2 1
cob=(2)
cfi=(51)
cfn=(2892)
calls=1 0 
0 120 35 14
0 26 7 6 1 2 0 1
cob=(2)
cfi=(51)
cfn=(3098)
calls=5 0 
0 1064 268 142 0 7 2
0 21 7 1 1 0 0 1
cob=(2)
cfi=(51)
cfn=(2892)
calls=1 0 
0 118 35 14 0 1
0 6 2 1 0 1
cob=(2)
cfi=(51)
cfn=(2892)
calls=1 0 
0 120 35 14
0 6 2 1 1 0 0 1
cob=(2)
cfi=(51)
cfn=(2892)
calls=1 0 
0 120 35 14 0 1
0 6 2 1
cob=(2)
cfi=(51)
cfn=(2892)
calls=1 0 
0 99 31 15 0 2
0 6 2 1
cob=(2)
cfi=(51)
cfn=(2892)
calls=1 0 
0 118 35 14 0 1
0 9 3 1 1 1 0 1
cob=(2)
cfi=(51)
cfn=(2892)
calls=1 0 
0 502 131 71 1 1
0 6 2 1
cob=(2)
cfi=(51)
cfn=(2892)
calls=1 0 
0 69 19 6 0 1
0 3 0 1
cob=(2)
cfi=(51)
cfn=(2892)
calls=1 0 
0 99 31 15 0 1
0 4 0 2
cob=(2)
cfi=(51)
cfn=(2892)
calls=1 0 
0 118 35 14
0 3 0 1 1 0 0 1
cob=(2)
cfi=(51)
cfn=(2892)
calls=1 0 
0 120 35 14
0 6 0 2
cob=(2)
cfi=(51)
cfn=(2892)
calls=2 0 
0 240 70 28
0 14 4 2 1 0 0 1
cob=(2)
cfi=(51)
cfn=(2298)
calls=2 0 
0 42 6 8 3 1 4
0 18 4 6
cob=(2)
cfi=(51)
cfn=(2892)
calls=2 0 
0 217 66 29 0 2
0 24 16 2 1 0 0 1

fn=(3852) 0x000000000001cb80
0 9 3 2 1 3 0 1
cob=(2)
cfi=(51)
cfn=(3858) 0x0000000004dcad60
calls=1 0 
0 121 28 12 1 0 0 1
0 1 0 1
cfn=(3862) 0x000000000001cb10
calls=1 0 
0 5 1 0 1 0 0 1
0 3 2 1

fn=(2990) std::_Rb_tree<std::__cxx11::basic_string<char, std::char_traits<char>, std::allocator<char> >, std::pair<std::__cxx11::basic_string<char, std::char_traits<char>, std::allocator<char> > const, std::pair<std::vector<int, std::allocator<int> >, std::vector<unsigned long, std::allocator<unsigned long> > > >, std::_Select1st<std::pair<std::__cxx11::basic_string<char, std::char_traits<char>, std::allocator<char> > const, std::pair<std::vector<int, std::allocator<int> >, std::vector<unsigned long, std::allocator<unsigned long> > > > >, std::less<std::__cxx11::basic_string<char, std::char_traits<char>, std::allocator<char> > >, std::allocator<std::pair<std::__cxx11::basic_string<char, std::char_traits<char>, std::allocator<char> > const, std::pair<std::vector<int, std::allocator<int> >, std::vector<unsigned long, std::allocator<unsigned long> > > > > >::find(std::__cxx11::basic_string<char, std::char_traits<char>, std::allocator<char> > const&) const
0 1049 220 246 1 18 1 1
cob=(2)
cfi=(51)
cfn=(2594)
calls=57 0 
0 915 256 0 0 7
0 690 94 19 3 2 0 1
cob=(2)
cfi=(51)
cfn=(2594)
calls=19 0 
0 303 78
0 438 208 0 7 0 0 2

fn=(3006) std::_Rb_tree<std::__cxx11::basic_string<char, std::char_traits<char>, std::allocator<char> >, std::pair<std::__cxx11::basic_string<char, std::char_traits<char>, std::allocator<char> > const, std::pair<std::vector<int, std::allocator<int> >, std::vector<unsigned long, std::allocator<unsigned long> > > >, std::_Select1st<std::pair<std::__cxx11::basic_string<char, std::char_traits<char>, std::allocator<char> > const, std::pair<std::vector<int, std::allocator<int> >, std::vector<unsigned long, std::allocator<unsigned long> > > > >, std::less<std::__cxx11::basic_string<char, std::char_traits<char>, std::allocator<char> > >, std::allocator<std::pair<std::__cxx11::basic_string<char, std::char_traits<char>, std::allocator<char> > const, std::pair<std::vector<int, std::allocator<int> >, std::vector<unsigned long, std::allocator<unsigned long> > > > > >::_M_get_insert_unique_pos(std::__cxx11::basic_string<char, std::char_traits<char>, std::allocator<char> > const&)
0 30 10 8 5 0 0 5

fn=(2740)
0 2209810 715328 326383 6 9 4 3
cob=(2)
cfi=(51)
cfn=(2694)
calls=12267 0 
0 1965110 589492 368337 61 299 15 1 42
0 85876 61338 4 2 0 0 1

fn=(2806)
0 26 2 12 2 0 0 2
cob=(2)
cfi=(51)
cfn=(2274) 0x0000000004dcb6b0
calls=2 0 
0 76 20 8 0 1 0 0 1
0 46 6 10 1 0 0 1
cob=(2)
cfi=(51)
cfn=(2304) 0x0000000004dcb250
calls=2 0 
0 48 10 6 1 1
0 27 14 1 1 0 0 1
cob=(2)
cfi=(51)
cfn=(2572) 0x0000000004dcb9d0
calls=1 0 
0 19 7 2
0 10 1 4 1 1 0 1
cob=(2)
cfi=(51)
cfn=(2512) 0x0000000004dcb2d0
calls=1 0 
0 77 15 15 0 0 1
0 2 0 1
cob=(2)
cfi=(51)
cfn=(2574) 0x0000000004dcb1b0
calls=1 0 
0 8 4 1
0 1

fn=(2884) boost::re_detail_500::basic_regex_parser<char, boost::regex_traits<char, boost::cpp_regex_traits<char> > >::parse_set()
0 182 50 52 5 0 0 5
cfn=(2886)
calls=6 0 
0 2454 692 420 27 4 0 27
0 58 8 4 3 0 0 3
cob=(2)
cfi=(51)
cfn=(2892)
calls=2 0 
0 198 62 30
0 8 3 1
cfn=(2902) std::_Rb_tree<boost::re_detail_500::digraph<char>, boost::re_detail_500::digraph<char>, std::_Identity<boost::re_detail_500::digraph<char> >, std::less<boost::re_detail_500::digraph<char> >, std::allocator<boost::re_detail_500::digraph<char> > >::_M_erase(std::_Rb_tree_node<boost::re_detail_500::digraph<char> >*) [clone .isra.0]
calls=1 0 
0 18 7 7 2 0 0 2
0 4 1 1
cob=(2)
cfi=(51)
cfn=(2892)
calls=1 0 
0 99 31 15
0 28 18 2 2 0 0 2
cfn=(2894) boost::re_detail_500::basic_regex_creator<char, boost::regex_traits<char, boost::cpp_regex_traits<char> > >::append_set(boost::re_detail_500::basic_char_set<char, boost::regex_traits<char, boost::cpp_regex_traits<char> > > const&, std::integral_constant<bool, true>*) [clone .isra.0]
calls=2 0 
0 3082 641 151 21 1 9 21
0 2

fn=(2896)
0 16 1 7 2 0 0 2
cob=(2)
cfi=(51)
cfn=(2284)
calls=1 0 
0 59 15 8 0 1
0 8 1 2 1 0 0 1
cob=(2)
cfi=(51)
cfn=(2866)
calls=1 0 
0 18 2 8
0 16 8 1 2 0 0 2

fn=(2904) boost::re_detail_500::basic_regex_parser<char, boost::regex_traits<char, boost::cpp_regex_traits<char> > >::parse_repeat(unsigned long, unsigned long)
0 42 8 10 5 0 0 5
cfn=(2906) boost::re_detail_500::basic_regex_creator<char, boost::regex_traits<char, boost::cpp_regex_traits<char> > >::insert_state(long, boost::re_detail_500::syntax_element_type, unsigned long)
calls=1 0 
0 111 28 23 10 2 4 8
0 11 3 4 1 0 0 1
cfn=(2876)
calls=1 0 
0 48 12 12 0 0 1
0 31 12 3 3 0 0 3

fn=(2948) boost::match_results<__gnu_cxx::__normal_iterator<char const*, std::__cxx11::basic_string<char, std::char_traits<char>, std::allocator<char> > >, std::allocator<boost::sub_match<__gnu_cxx::__normal_iterator<char const*, std::__cxx11::basic_string<char, std::char_traits<char>, std::allocator<char> > > > > >::~match_results()
0 150 54 24 8 0 0 2
cob=(2)
cfi=(51)
cfn=(2892)
calls=6 0 
0 594 186 90

fn=(2966) std::_Rb_tree<std::__cxx11::basic_string<char, std::char_traits<char>, std::allocator<char> >, std::pair<std::__cxx11::basic_string<char, std::char_traits<char>, std::allocator<char> > const, bool>, std::_Select1st<std::pair<std::__cxx11::basic_string<char, std::char_traits<char>, std::allocator<char> > const, bool> >, std::less<std::__cxx11::basic_string<char, std::char_traits<char>, std::allocator<char> > >, std::allocator<std::pair<std::__cxx11::basic_string<char, std::char_traits<char>, std::allocator<char> > const, bool> > >::_M_get_insert_hint_unique_pos(std::_Rb_tree_const_iterator<std::pair<std::__cxx11::basic_string<char, std::char_traits<char>, std::allocator<char> > const, bool> >, std::__cxx11::basic_string<char, std::char_traits<char>, std::allocator<char> > const&)
0 110 8 42 4 0 0 2
cob=(2)
cfi=(51)
cfn=(2594)
calls=2 0 
0 36 10
0 37 20 2 4 0 0 2
cob=(2)
cfi=(51)
cfn=(3060)
calls=1 0 
0 22 10
0 10 3 1
cob=(2)
cfi=(51)
cfn=(2594)
calls=1 0 
0 12 4
0 36 20 3 2 1 0 2
cfn=(3012)
calls=3 0 
0 114 25 9
0 46 27 0 2 0 0 2
cob=(2)
cfi=(51)
cfn=(2968) 0x0000000004dcae10
calls=1 0 
0 32 11 8 5 1 0 5

fn=(3012)
0 252 0 63 2 0 0 2
cob=(2)
cfi=(51)
cfn=(2594)
calls=21 0 
0 432 108
0 154 63

fn=(3030)
0 470383 24757 247570 2 0 0 1
cfn=(2760)
calls=24757 0 
0 2624242 618925 495140 0 15 6
0 1089308 272327 123785 2 12 0 2
cob=(2)
cfi=(51)
cfn=(2594)
calls=74271 0 
0 1459885 346598 0 1 6
0 866495 99028 24757 1 0 0 1
cob=(2)
cfi=(51)
cfn=(2594)
calls=24757 0 
0 519897 99028
0 717961 247574 24759 4 0 0 3
cfn=(2760)
calls=2 0 
0 212 50 40
0 80 24 6 1 0 0 1
cob=(2)
cfi=(51)
cfn=(2594)
calls=6 0 
0 118 28
0 70 8 2 3 0 0 2
cob=(2)
cfi=(51)
cfn=(2594)
calls=2 0 
0 42 8
0 80 14 6 8 0 0 6

fn=(3188) std::_Rb_tree<std::__cxx11::basic_string<char, std::char_traits<char>, std::allocator<char> >, std::pair<std::__cxx11::basic_string<char, std::char_traits<char>, std::allocator<char> > const, std::pair<std::vector<double, std::allocator<double> >, std::vector<unsigned long, std::allocator<unsigned long> > > >, std::_Select1st<std::pair<std::__cxx11::basic_string<char, std::char_traits<char>, std::allocator<char> > const, std::pair<std::vector<double, std::allocator<double> >, std::vector<unsigned long, std::allocator<unsigned long> > > > >, std::less<std::__cxx11::basic_string<char, std::char_traits<char>, std::allocator<char> > >, std::allocator<std::pair<std::__cxx11::basic_string<char, std::char_traits<char>, std::allocator<char> > const, std::pair<std::vector<double, std::allocator<double> >, std::vector<unsigned long, std::allocator<unsigned long> > > > > >::_M_erase(std::_Rb_tree_node<std::pair<std::__cxx11::basic_string<char, std::char_traits<char>, std::allocator<char> > const, std::pair<std::vector<double, std::allocator<double> >, std::vector<unsigned long, std::allocator<unsigned long> > > > >*)
0 27 6 11 4 2 0 4
cob=(2)
cfi=(51)
cfn=(2892)
calls=1 0 
0 120 35 14 0 1
0 9 3 2
cob=(2)
cfi=(51)
cfn=(2892)
calls=1 0 
0 403 102 60 0 5
0 8 2 1 1 0 0 1
cob=(2)
cfi=(51)
cfn=(2892)
calls=1 0 
0 99 31 15
0 10 7

fn=(3250) bs_param_unc_num
0 6 4 0 1 1 0 1

fn=(3274) double boost::random::detail::generate_uniform_real<boost::random::mixmax_engine<17, 36u, 0l>, double>(boost::random::mixmax_engine<17, 36u, 0l>&, double, double, boost::integral_constant<bool, true>) [clone .isra.0]
0 20895 2353 1210 6 0 0 5

fn=(3278) void radon_partially_pooled_noncentered_model_namespace::radon_partially_pooled_noncentered_model::write_array_impl<boost::random::mixmax_engine<17, 36u, 0l>, std::vector<double, std::allocator<double> >, std::vector<int, std::allocator<int> >, std::vector<double, std::allocator<double> >, (void*)0, (void*)0, (void*)0>(boost::random::mixmax_engine<17, 36u, 0l>&, std::vector<double, std::allocator<double> >&, std::vector<int, std::allocator<int> >&, std::vector<double, std::allocator<double> >&, bool, bool, std::ostream*) const [clone .isra.0]
0 55 8 19 5 0 1 5
cfn=(3280) auto stan::io::deserializer<double>::read<Eigen::Matrix<double, -1, 1, 0, -1, 1>, (void*)0, (void*)0>(long)
calls=1 0 
0 22 6 5 2 0 0 2
0 19 5 6 2 0 0 2
cob=(2)
cfi=(51)
cfn=(3282)
calls=1 0 
0 56 18 2 8 6 0 7 3
0 11 3 3
cob=(2)
cfi=(51)
cfn=(3282)
calls=1 0 
0 56 18 2 0 1 0 0 1
0 10 2 3 1 0 0 1
cfn=(3174) Eigen::CwiseNullaryOp<Eigen::internal::scalar_constant_op<double>, Eigen::Matrix<double, -1, 1, 0, -1, 1> >::CwiseNullaryOp(long, long, Eigen::internal::scalar_constant_op<double> const&) [clone .constprop.0]
calls=1 0 
0 6 2 2
0 4 0 1 1 0 0 1
cfn=(3292) Eigen::PlainObjectBase<Eigen::Matrix<double, -1, 1, 0, -1, 1> >::PlainObjectBase<Eigen::CwiseNullaryOp<Eigen::internal::scalar_constant_op<double>, Eigen::Matrix<double, -1, 1, 0, -1, 1> > >(Eigen::DenseBase<Eigen::CwiseNullaryOp<Eigen::internal::scalar_constant_op<double>, Eigen::Matrix<double, -1, 1, 0, -1, 1> > > const&)
calls=1 0 
0 1261 71 254 6 0 52 5
0 1020 201 201 6 0 0 6
cob=(2)
cfi=(51)
cfn=(3098)
calls=1 0 
0 162 47 21 1 1
0 11 9 0 1 0 0 1

fn=(3300) auto stan::math::add<double, Eigen::CwiseBinaryOp<Eigen::internal::scalar_product_op<double, double>, Eigen::CwiseNullaryOp<Eigen::internal::scalar_constant_op<double>, Eigen::Matrix<double, -1, 1, 0, -1, 1> const> const, Eigen::Map<Eigen::Matrix<double, -1, 1, 0, -1, 1> const, 0, Eigen::Stride<0, 0> > const>, (void*)0, (void*)0, (void*)0>(double, Eigen::CwiseBinaryOp<Eigen::internal::scalar_product_op<double, double>, Eigen::CwiseNullaryOp<Eigen::internal::scalar_constant_op<double>, Eigen::Matrix<double, -1, 1, 0, -1, 1> const> const, Eigen::Map<Eigen::Matrix<double, -1, 1, 0, -1, 1> const, 0, Eigen::Stride<0, 0> > const> const&)
0 3030 1010 1414 105 0 0 3

fn=(3304) stan::return_type<double&, double, double>::type stan::math::normal_lpdf<false, double&, double, double, (void*)0>(double&, double&&, double&&) [clone .isra.0]
0 222 21 45 7 3 2 7
cob=(2)
cfi=(51)
cfn=(3306)
calls=3 0 
0 102 19 0 9 6 0 9 4
0 24 12 0 1

fn=(3332)
0 730999534 324888680 162444332 53 6402 10092555 1 0 42324
cfn=(3324)
calls=8 0 
0 117531 115280 115025 0 1916 1822

fn=(3342)
0 64685805 19859004 19903816 7115 70237 1552485 8 0 194
cfn=(3332)
calls=6402 0 
0 57618 25608 12804 0 0 3101
0 76830 57618 3 1 3101 0 1
cfn=(3324)
calls=1 0 
0 1515 406 359 0 91 133
0 4 2

fn=(3382) stan::math::internal::reverse_pass_callback_vari<stan::math::internal::partials_propagator<stan::math::var_value<double, void>, void, stan::math::var_value<double, void>, double, double>::build(double)::{lambda(auto:1&&)#1}::operator()<stan::math::internal::ops_partials_edge<double, double, void>&>(stan::math::internal::ops_partials_edge<double, double, void>&)::{lambda()#1}>::chain()
0 76824 38412

fn=(3386) stan::math::internal::reverse_pass_callback_vari<stan::math::add<stan::math::var_value<double, void>, stan::math::arena_matrix<Eigen::Matrix<stan::math::var_value<double, void>, -1, 1, 0, -1, 1>, void>, (void*)0, (void*)0>(stan::math::var_value<double, void> const&, stan::math::arena_matrix<Eigen::Matrix<stan::math::var_value<double, void>, -1, 1, 0, -1, 1>, void>&&)::{lambda()#1}>::chain()
0 27246912 12387870 4942344 9549 2464770 0 2

fn=(3418) bs_log_density_gradient
0 179228 25604 89614 9 12656 7202 3
cfn=(3420) Eigen::PlainObjectBase<Eigen::Matrix<double, -1, 1, 0, -1, 1> >::resize(long, long) [clone .constprop.0]
calls=6401 0 
0 3804939 536858 438646 310 40287 26607 3
0 1217873433 1212451807 243564439 7120 100112868 309216 12
cfn=(3392) stan::math::internal::callback_vari<double, stan::math::operator+<double, (void*)0>(stan::math::var_value<double, void> const&, double)::{lambda(auto:1&&)#1}>::chain()
calls=12802 0 
0 76812 51208 12802 2 6401
cfn=(3390)
calls=12802 0 
0 115218 89614 12802 101 6401
cfn=(3388) stan::math::internal::reverse_pass_callback_vari<stan::math::multiply<stan::math::var_value<double, void>, Eigen::Map<Eigen::Matrix<stan::math::var_value<double, void>, -1, 1, 0, -1, 1> const, 0, Eigen::Stride<0, 0> >&, (void*)0, (void*)0, (void*)0, (void*)0>(stan::math::var_value<double, void> const&, Eigen::Map<Eigen::Matrix<stan::math::var_value<double, void>, -1, 1, 0, -1, 1> const, 0, Eigen::Stride<0, 0> >&)::{lambda()#1}>::chain()
calls=6401 0 
0 32184228 17327507 4941572 0 1209789
cfn=(3386)
calls=6401 0 
0 27242656 12385935 4941572 9547 2464385
cfn=(3384) stan::math::internal::reverse_pass_callback_vari<stan::math::internal::partials_propagator<stan::math::var_value<double, void>, void, stan::math::var_value<double, void>, double, double>::build(double)::{lambda(auto:1&&)#1}::operator()<stan::math::internal::ops_partials_edge<double, stan::math::var_value<double, void>, void>&>(stan::math::internal::ops_partials_edge<double, stan::math::var_value<double, void>, void>&)::{lambda()#1}>::chain()
calls=19203 0 
0 153624 115218 19203 1151 6401
cfn=(3382)
calls=38406 0 
0 76812 38406
cfn=(3380) stan::math::internal::reverse_pass_callback_vari<stan::math::internal::partials_propagator<stan::math::var_value<double, void>, void, Eigen::Matrix<stan::math::var_value<double, void>, -1, 1, 0, -1, 1>, double, double>::build(double)::{lambda(auto:1&&)#1}::operator()<stan::math::internal::ops_partials_edge<double, Eigen::Matrix<stan::math::var_value<double, void>, -1, 1, 0, -1, 1>, void>&>(stan::math::internal::ops_partials_edge<double, Eigen::Matrix<stan::math::var_value<double, void>, -1, 1, 0, -1, 1>, void>&)::{lambda()#1}>::chain()
calls=6401 0 
0 19907110 7469967 2483588 6403 1549042 3100
cfn=(3378) stan::math::internal::reverse_pass_callback_vari<stan::math::internal::partials_propagator<stan::math::var_value<double, void>, void, Eigen::Matrix<stan::math::var_value<double, void>, -1, 1, 0, -1, 1>, double, double>::build(double)::{lambda(auto:1&&)#1}::operator()<stan::math::internal::ops_partials_edge<double, double, void>&>(stan::math::internal::ops_partials_edge<double, double, void>&)::{lambda()#1}>::chain()
calls=12802 0 
0 25604 12802 0 200
cfn=(3376) stan::math::internal::reverse_pass_callback_vari<stan::math::internal::partials_propagator<stan::math::var_value<double, void>, void, double, stan::math::var_value<double, void>, stan::math::var_value<double, void> >::build(double)::{lambda(auto:1&&)#1}::operator()<stan::math::internal::ops_partials_edge<double, double, void>&>(stan::math::internal::ops_partials_edge<double, double, void>&)::{lambda()#1}>::chain()
calls=80479773 0 
0 160959546 80479773
cfn=(3374) stan::math::internal::reverse_pass_callback_vari<stan::math::internal::partials_propagator<stan::math::var_value<double, void>, void, double, stan::math::var_value<double, void>, stan::math::var_value<double, void> >::build(double)::{lambda(auto:1&&)#1}::operator()<stan::math::internal::ops_partials_edge<double, stan::math::var_value<double, void>, void>&>(stan::math::internal::ops_partials_edge<double, stan::math::var_value<double, void>, void>&)::{lambda()#1}>::chain()
calls=160959546 0 
0 1287676368 965757276 160959546 4 2979665
cfn=(3372) stan::math::internal::callback_vari<double, stan::math::sum<stan::math::arena_allocator<stan::math::var_value<double, void> > >(std::vector<stan::math::var_value<double, void>, stan::math::arena_allocator<stan::math::var_value<double, void> > > const&)::{lambda(auto:1&)#1}>::chain()
calls=640100 0 
0 574419339 164851354 81145477 5312 90029828
0 983782492 4992780 2496390 4 323350 316749 2
cob=(2)
cfi=(51)
cfn=(3098)
calls=6401 0 
0 1036975 300852 134423 0 99117 15902
0 6401 0 6401
cfn=(3430) stan::math::recover_memory_nested()
calls=6401 0 
0 460872 160025 89614 6563 51208 6401 7
0 12802 0 6401
cob=(2)
cfi=(51)
cfn=(3098)
calls=6401 0 
0 1071062 313247 134421 0 6201 3300
0 108817 70411 6401 1 19203
cfn=(3426) stan::model::model_base_crtp<radon_partially_pooled_noncentered_model_namespace::radon_partially_pooled_noncentered_model>::log_prob_propto_jacobian(Eigen::Matrix<stan::math::var_value<double, void>, -1, 1, 0, -1, 1>&, std::ostream*) const
calls=6401 0 
0 27986473079 6719923426 6920857217 210920 23365957 229912967 34 27 42324
0 6404 0 1 2 0 0 2
cob=(2)
cfi=(51)
cfn=(3016) 0x0000000004dcb060
calls=1 0 
0 126 28 20 6 6
0 5 1 1
cob=(2)
cfi=(51)
cfn=(3016)
calls=1 0 
0 126 28 20 0 1
0 5 1 1 1 0 0 1
cob=(2)
cfi=(51)
cfn=(3016)
calls=1 0 
0 126 28 20
0 8 3 1 0 1
cob=(2)
cfi=(51)
cfn=(3094) 0x0000000004dcb7c0
calls=1 0 
0 126 28 20 1 3
0 7 2 1 1 0 0 1
cob=(2)
cfi=(51)
cfn=(3422) 0x0000000004dcb560
calls=1 0 
0 126 28 20 5 2 0 5
0 7 2 1 1 0 0 1
cob=(2)
cfi=(51)
cfn=(3422)
calls=1 0 
0 126 28 20 0 1
0 19204 0 6401 101
cob=(2)
cfi=(51)
cfn=(2302)
calls=6401 0 
0 2950162 409664 332852 0 2 1482
0 59881355 17442725 19945516 701 0 953624 3

fn=(3658) bs_model_destruct
0 9 1 2 1 1 0 1
cob=(2)
cfi=(51)
cfn=(3098)
calls=1 0 
0 181 54 24 1 6
0 4 1 1
cob=(2)
cfi=(51)
cfn=(3098)
calls=1 0 
0 186 56 23 3 5 1
0 4 1 1 1 0 0 1
cob=(2)
cfi=(51)
cfn=(3098)
calls=1 0 
0 134 38 19 0 1 1
0 4 1 1
cob=(2)
cfi=(51)
cfn=(3098)
calls=1 0 
0 207 62 24
0 4 1 1
cob=(2)
cfi=(51)
cfn=(3098)
calls=1 0 
0 196 58 24
0 4 1 1
cob=(2)
cfi=(51)
cfn=(3098)
calls=1 0 
0 91 29 15 0 3
0 4 1 1 1 1 0 1
cob=(2)
cfi=(51)
cfn=(3098)
calls=1 0 
0 91 29 15 0 3
0 5 3 1 0 2
cfn=(3660) radon_partially_pooled_noncentered_model_namespace::radon_partially_pooled_noncentered_model::~radon_partially_pooled_noncentered_model()
calls=1 0 
0 560 167 69 3 10 0 2
0 4 1
cob=(2)
cfi=(51)
cfn=(2892)
calls=1 0 
0 118 35 14 0 1

fn=(3672) std::_Sp_counted_ptr<boost::re_detail_500::basic_regex_implementation<char, boost::regex_traits<char, boost::cpp_regex_traits<char> > >*, (__gnu_cxx::_Lock_policy)2>::_M_dispose()
0 12 3 4 2 1 0 2
cob=(2)
cfi=(51)
cfn=(2878) 0x0000000004dcb310
calls=1 0 
0 95 30 15 0 2
0 14 6 2 1 3 0 1
cfn=(3674) std::_Sp_counted_ptr<boost::regex_traits_wrapper<boost::regex_traits<char, boost::cpp_regex_traits<char> > >*, (__gnu_cxx::_Lock_policy)2>::_M_dispose()
calls=1 0 
0 123 39 19 2 2 0 2
0 16 6 1 1 1 0 1
cob=(2)
cfi=(51)
cfn=(2892)
calls=1 0 
0 99 31 15 0 2
0 3 2 1 1 0 0 1
cfn=(3676) std::_Sp_counted_ptr<boost::regex_traits_wrapper<boost::regex_traits<char, boost::cpp_regex_traits<char> > >*, (__gnu_cxx::_Lock_policy)2>::_M_destroy()
calls=1 0 
0 102 31 15 1 1 0 1
0 1

fn=(3678) std::_Sp_counted_ptr<boost::re_detail_500::basic_regex_implementation<char, boost::regex_traits<char, boost::cpp_regex_traits<char> > >*, (__gnu_cxx::_Lock_policy)2>::_M_destroy()
0 3 0 0 1 0 0 1
cob=(2)
cfi=(51)
cfn=(2892)
calls=1 0 
0 99 31 15

fn=(2300) stan::math::AutodiffStackSingleton<stan::math::vari_base, stan::math::chainable_alloc>::AutodiffStackStorage::AutodiffStackStorage()
0 13 0 8 1 0 0 1
cob=(2)
cfi=(51)
cfn=(2302)
calls=1 0 
0 430 86 66 23 10 1 0 0 1
0 6 0 3 1 0 0 1
cob=(2)
cfi=(51)
cfn=(2284)
calls=1 0 
0 55 15 8
0 12 0 6 1 0 0 1
cob=(2)
cfi=(51)
cfn=(2284)
calls=1 0 
0 55 15 8 0 1
0 31 6 16 2 0 0 2

fn=(2584) bs_model_construct
0 14 1 6 2 0 0 2
cob=(2)
cfi=(51)
cfn=(2284)
calls=1 0 
0 59 15 8 0 1
0 5 0 1
cfn=(2586) bs_model::bs_model(char const*, unsigned int)
calls=1 0 
0 80412195 24457752 14578326 2772 23704 27374 1450 505 12351
0 10 7 0 2 2 0 1

fn=(2750)
0 120 18 60 7 0 0 2
cfn=(2744)
calls=6 0 
0 60 24 12
0 1396 348 234 12 4 0 5
cob=(2)
cfi=(51)
cfn=(2694)
calls=12 0 
0 1920 576 360
0 276 120 6 10 0 0 2
cfn=(2744)
calls=6 0 
0 239 81 44
0 18 0 6
cfn=(2756)
calls=6 0 
0 108 36 24 2 0 0 2
0 126 48 18 5 2 0 1
cfn=(2516) std::__cxx11::basic_string<char, std::char_traits<char>, std::allocator<char> >::basic_string<std::allocator<char> >(char const*, std::allocator<char> const&) [clone .constprop.0]
calls=6 0 
0 398 92 74 10 3
0 18 0 6 2 0 0 1
cfn=(2758) stan::json::json_data_handler::key(std::__cxx11::basic_string<char, std::char_traits<char>, std::allocator<char> > const&)
calls=6 0 
0 570072 522514 515397 1017 8543 8112 574 55 4490
0 36 6 6 2
cob=(2)
cfi=(51)
cfn=(2518) 0x0000000004dcb040
calls=6 0 
0 96 18 0 4 3
0 42 12 6 1 4 0 1
cob=(2)
cfi=(51)
cfn=(2746)
calls=6 0 
0 412 84 62
0 36 13 3 2 3 0 2
cob=(2)
cfi=(51)
cfn=(2752) 0x0000000004dcb840
calls=1 0 
0 70 19 12 3 3 0 3
0 19 4 3 3 0 0 3
cob=(2)
cfi=(51)
cfn=(2284)
calls=1 0 
0 55 15 8 0 1
0 6 2 1

fn=(2800) boost::object_cache<boost::re_detail_500::cpp_regex_traits_base<char>, boost::re_detail_500::cpp_regex_traits_implementation<char> >::do_get(boost::re_detail_500::cpp_regex_traits_base<char> const&, unsigned long)
0 23 2 9 3 1 0 3 1
cfn=(2802) std::_Rb_tree<boost::re_detail_500::cpp_regex_traits_base<char>, std::pair<boost::re_detail_500::cpp_regex_traits_base<char> const, std::_List_iterator<std::pair<std::shared_ptr<boost::re_detail_500::cpp_regex_traits_implementation<char> const>, boost::re_detail_500::cpp_regex_traits_base<char> const*> > >, std::_Select1st<std::pair<boost::re_detail_500::cpp_regex_traits_base<char> const, std::_List_iterator<std::pair<std::shared_ptr<boost::re_detail_500::cpp_regex_traits_implementation<char> const>, boost::re_detail_500::cpp_regex_traits_base<char> const*> > > >, std::less<boost::re_detail_500::cpp_regex_traits_base<char> >, std::allocator<std::pair<boost::re_detail_500::cpp_regex_traits_base<char> const, std::_List_iterator<std::pair<std::shared_ptr<boost::re_detail_500::cpp_regex_traits_implementation<char> const>, boost::re_detail_500::cpp_regex_traits_base<char> const*> > > > >::find(boost::re_detail_500::cpp_regex_traits_base<char> const&)
calls=1 0 
0 8 2 0 2 0 0 2
0 21 9 2 2 0 0 2
cob=(2)
cfi=(51)
cfn=(2572)
calls=1 0 
0 19 7 2
0 14 1 8 2 0 1 2 0 1
cob=(2)
cfi=(51)
cfn=(2512)
calls=1 0 
0 77 15 15 3 0 1
0 2 0 1
cob=(2)
cfi=(51)
cfn=(2574)
calls=1 0 
0 8 4 1 1
0 3 0 1 1 0 0 1
cob=(2)
cfi=(51)
cfn=(2284)
calls=1 0 
0 317 62 51
0 4 0 1
cob=(2)
cfi=(51)
cfn=(2770)
calls=1 0 
0 9 4 1
0 6 2 3
cfn=(2804)
calls=1 0 
0 7097 4505 3711 13 40 5 12 26
0 20 0 16 3 0 2 3
cfn=(2808) boost::re_detail_500::cpp_regex_traits_implementation<char>::init()
calls=1 0 
0 5991 1694 932 97 70 10 56 7 1
0 2 0 1
cob=(2)
cfi=(51)
cfn=(2284)
calls=1 0 
0 59 15 8
0 13 3 6 1 2 0 1 1
cob=(2)
cfi=(51)
cfn=(2284)
calls=1 0 
0 59 15 8 0 1
0 9 1 4 1 0 1 1
cob=(2)
cfi=(51)
cfn=(2860) 0x0000000004dcae50
calls=1 0 
0 11 3 3 2 1 0 2
0 6 1 3
cob=(2)
cfi=(51)
cfn=(2770)
calls=1 0 
0 9 4 1
0 9 3 4 1 0 0 1
cfn=(2864)
calls=1 0 
0 139 36 31 6 1 0 6
0 2 0 1
cob=(2)
cfi=(51)
cfn=(2798)
calls=1 0 
0 10 5 1
0 3 0 1
cfn=(2802)
calls=1 0 
0 42 14 0 1 0 0 1
0 10 4 3 2 0 0 2

fn=(2888)
0 407 143 88 3 0 0 3

fn=(2894)
0 34 2 18 2 0 0 2
cfn=(2876)
calls=2 0 
0 96 24 24 0 0 1
0 2663 518 74 2 0 8 2
cob=(2)
cfi=(51)
cfn=(2898) 0x0000000004dcb480
calls=1 0 
0 18 8 0 3 1 0 3
0 271 89 35 14 0 0 14

fn=(2922) boost::re_detail_500::basic_regex_creator<char, boost::regex_traits<char, boost::cpp_regex_traits<char> > >::set_all_masks(unsigned char*, unsigned char) [clone .isra.0]
0 62 18 17 6 0 0 6

fn=(2938)
0 144 66 24 4 3 0 3

fn=(2940)
0 452 160 90 17 9 4 8 0 1

fn=(2962) std::_Rb_tree<std::__cxx11::basic_string<char, std::char_traits<char>, std::allocator<char> >, std::pair<std::__cxx11::basic_string<char, std::char_traits<char>, std::allocator<char> > const, int>, std::_Select1st<std::pair<std::__cxx11::basic_string<char, std::char_traits<char>, std::allocator<char> > const, int> >, std::less<std::__cxx11::basic_string<char, std::char_traits<char>, std::allocator<char> > >, std::allocator<std::pair<std::__cxx11::basic_string<char, std::char_traits<char>, std::allocator<char> > const, int> > >::_M_get_insert_unique_pos(std::__cxx11::basic_string<char, std::char_traits<char>, std::allocator<char> > const&)
0 60 20 16 4 0 0 4

fn=(2980) void std::vector<int, std::allocator<int> >::_M_realloc_insert<int>(__gnu_cxx::__normal_iterator<int*, std::vector<int, std::allocator<int> > >, int&&)
0 827 165 164 6 2 10 4 0 7
cob=(2)
cfi=(51)
cfn=(2908)
calls=14 0 
0 50908 49645 49599 8 661 1016 4 0 1006
0 84 14 14 0 2
cob=(2)
cfi=(51)
cfn=(2892)
calls=14 0 
0 1789 543 250 6 39 6 1
0 59 0 30 1 0 0 1
cob=(2)
cfi=(51)
cfn=(2284)
calls=15 0 
0 3480 597 467 26 33 17 0 0 6
0 135 15

fn=(3024) std::_Rb_tree<std::__cxx11::basic_string<char, std::char_traits<char>, std::allocator<char> >, std::pair<std::__cxx11::basic_string<char, std::char_traits<char>, std::allocator<char> > const, stan::json::array_dims>, std::_Select1st<std::pair<std::__cxx11::basic_string<char, std::char_traits<char>, std::allocator<char> > const, stan::json::array_dims> >, std::less<std::__cxx11::basic_string<char, std::char_traits<char>, std::allocator<char> > >, std::allocator<std::pair<std::__cxx11::basic_string<char, std::char_traits<char>, std::allocator<char> > const, stan::json::array_dims> > >::_M_get_insert_hint_unique_pos(std::_Rb_tree_const_iterator<std::pair<std::__cxx11::basic_string<char, std::char_traits<char>, std::allocator<char> > const, stan::json::array_dims> >, std::__cxx11::basic_string<char, std::char_traits<char>, std::allocator<char> > const&)
0 68 4 27 4 0 0 3
cob=(2)
cfi=(51)
cfn=(2594)
calls=1 0 
0 24 6
0 35 23 2 5 0 0 3
cfn=(3012)
calls=2 0 
0 84 18 6
0 34 20 0 3 0 0 2
cfn=(3026) std::_Rb_tree<std::__cxx11::basic_string<char, std::char_traits<char>, std::allocator<char> >, std::pair<std::__cxx11::basic_string<char, std::char_traits<char>, std::allocator<char> > const, stan::json::array_dims>, std::_Select1st<std::pair<std::__cxx11::basic_string<char, std::char_traits<char>, std::allocator<char> > const, stan::json::array_dims> >, std::less<std::__cxx11::basic_string<char, std::char_traits<char>, std::allocator<char> > >, std::allocator<std::pair<std::__cxx11::basic_string<char, std::char_traits<char>, std::allocator<char> > const, stan::json::array_dims> > >::_M_get_insert_unique_pos(std::__cxx11::basic_string<char, std::char_traits<char>, std::allocator<char> > const&)
calls=1 0 
0 30 10 8 4 0 0 4

fn=(3034) void std::vector<double, std::allocator<double> >::_M_realloc_insert<double const&>(__gnu_cxx::__normal_iterator<double*, std::vector<double, std::allocator<double> > >, double const&)
0 1654 330 328 8 7 21 4 0 2
cob=(2)
cfi=(51)
cfn=(2908)
calls=28 0 
0 232924 230368 230270 10 3553 4049 0 0 1535
0 168 28 28 0 7
cob=(2)
cfi=(51)
cfn=(2892)
calls=28 0 
0 3698 1117 503 12 130 14 4
0 118 0 60
cob=(2)
cfi=(51)
cfn=(2284)
calls=30 0 
0 7062 1243 964 19 125 41 7 0 3
0 270 30 0 4 0 0 2

fn=(3054) std::_Rb_tree<std::__cxx11::basic_string<char, std::char_traits<char>, std::allocator<char> >, std::pair<std::__cxx11::basic_string<char, std::char_traits<char>, std::allocator<char> > const, std::pair<std::vector<double, std::allocator<double> >, std::vector<unsigned long, std::allocator<unsigned long> > > >, std::_Select1st<std::pair<std::__cxx11::basic_string<char, std::char_traits<char>, std::allocator<char> > const, std::pair<std::vector<double, std::allocator<double> >, std::vector<unsigned long, std::allocator<unsigned long> > > > >, std::less<std::__cxx11::basic_string<char, std::char_traits<char>, std::allocator<char> > >, std::allocator<std::pair<std::__cxx11::basic_string<char, std::char_traits<char>, std::allocator<char> > const, std::pair<std::vector<double, std::allocator<double> >, std::vector<unsigned long, std::allocator<unsigned long> > > > > >::_M_get_insert_unique_pos(std::__cxx11::basic_string<char, std::char_traits<char>, std::allocator<char> > const&)
0 30 10 8 4 0 0 3

fn=(3056) std::vector<double, std::allocator<double> >::operator=(std::vector<double, std::allocator<double> > const&) [clone .isra.0]
0 50 8 12 4 0 0 3
cob=(2)
cfi=(51)
cfn=(2284)
calls=2 0 
0 737 139 114 9 15 4 0 0 2
0 14 0 2
cob=(2)
cfi=(51)
cfn=(2578)
calls=2 0 
0 201156 201102 201092 0 3146 3147 0 0 3142
0 26 14 6 1 4 1 1

fn=(3096) void std::vector<unsigned long, std::allocator<unsigned long> >::_M_realloc_insert<unsigned long const&>(__gnu_cxx::__normal_iterator<unsigned long*, std::vector<unsigned long, std::allocator<unsigned long> > >, unsigned long const&)
0 450 88 83 7 5 0 4
cob=(2)
cfi=(51)
cfn=(2908)
calls=3 0 
0 42 12 6
0 18 3 3
cob=(2)
cfi=(51)
cfn=(2892)
calls=3 0 
0 297 93 45 0 1
0 27 0 16
cob=(2)
cfi=(51)
cfn=(2284)
calls=8 0 
0 452 120 64 0 3
0 72 8 0 3 0 0 1

fn=(3106) std::_Rb_tree<std::__cxx11::basic_string<char, std::char_traits<char>, std::allocator<char> >, std::pair<std::__cxx11::basic_string<char, std::char_traits<char>, std::allocator<char> > const, bool>, std::_Select1st<std::pair<std::__cxx11::basic_string<char, std::char_traits<char>, std::allocator<char> > const, bool> >, std::less<std::__cxx11::basic_string<char, std::char_traits<char>, std::allocator<char> > >, std::allocator<std::pair<std::__cxx11::basic_string<char, std::char_traits<char>, std::allocator<char> > const, bool> > >::_M_erase(std::_Rb_tree_node<std::pair<std::__cxx11::basic_string<char, std::char_traits<char>, std::allocator<char> > const, bool> >*)
0 53 11 21 5 4 0 5
cob=(2)
cfi=(51)
cfn=(2892)
calls=1 0 
0 99 31 15
0 33 9 5 1 1 0 1
cob=(2)
cfi=(51)
cfn=(2892)
calls=3 0 
0 297 93 45 0 1
0 22 14 0 1 0 0 1

fn=(3184) std::_Rb_tree<std::__cxx11::basic_string<char, std::char_traits<char>, std::allocator<char> >, std::pair<std::__cxx11::basic_string<char, std::char_traits<char>, std::allocator<char> > const, std::pair<std::vector<int, std::allocator<int> >, std::vector<unsigned long, std::allocator<unsigned long> > > >, std::_Select1st<std::pair<std::__cxx11::basic_string<char, std::char_traits<char>, std::allocator<char> > const, std::pair<std::vector<int, std::allocator<int> >, std::vector<unsigned long, std::allocator<unsigned long> > > > >, std::less<std::__cxx11::basic_string<char, std::char_traits<char>, std::allocator<char> > >, std::allocator<std::pair<std::__cxx11::basic_string<char, std::char_traits<char>, std::allocator<char> > const, std::pair<std::vector<int, std::allocator<int> >, std::vector<unsigned long, std::allocator<unsigned long> > > > > >::_M_erase(std::_Rb_tree_node<std::pair<std::__cxx11::basic_string<char, std::char_traits<char>, std::allocator<char> > const, std::pair<std::vector<int, std::allocator<int> >, std::vector<unsigned long, std::allocator<unsigned long> > > > >*)
0 54 12 22 3 5 1 3
cob=(2)
cfi=(51)
cfn=(2892)
calls=2 0 
0 236 70 28 0 3 2
0 18 6 4 1 0 0 1
cob=(2)
cfi=(51)
cfn=(2892)
calls=2 0 
0 766 221 111 1 16 1
0 18 4 3
cob=(2)
cfi=(51)
cfn=(2892)
calls=2 0 
0 198 62 30 0 2
0 20 14

fn=(3216) radon_partially_pooled_noncentered_model_namespace::radon_partially_pooled_noncentered_model::unconstrained_param_names(std::vector<std::__cxx11::basic_string<char, std::char_traits<char>, std::allocator<char> >, std::allocator<std::__cxx11::basic_string<char, std::char_traits<char>, std::allocator<char> > > >&, bool, bool) const
0 2793 289 587 4 0 0 4
cob=(2)
cfi=(51)
cfn=(3218) 0x0000000004dcb4a0
calls=287 0 
0 14063 2583 2296
0 9848 1740 2054 2 0 0 2
cob=(2)
cfi=(51)
cfn=(3092) 0x0000000004dcaf70
calls=296 0 
0 13616 3256 2072 2 2 0 0 1
0 810 180 450
cob=(2)
cfi=(51)
cfn=(3092)
calls=90 0 
0 4140 990 630
0 6562 1158 2316 2 0 0 2
cob=(2)
cfi=(51)
cfn=(2854)
calls=386 0 
0 18914 3860 3088 6 1
0 9264 2702 2316 3 0 0 3
cob=(2)
cfi=(51)
cfn=(3092)
calls=386 0 
0 19524 4219 2684
0 6176 1158 2702 1 0 0 1
cob=(2)
cfi=(51)
cfn=(3220) 0x0000000004dcafa0
calls=386 0 
0 22361 5935 5255 18 14 450 3
0 5798 3089 4 4 0 0 4
cfn=(3226) std::__cxx11::basic_string<char, std::char_traits<char>, std::allocator<char> > std::operator+<char, std::char_traits<char>, std::allocator<char> >(std::__cxx11::basic_string<char, std::char_traits<char>, std::allocator<char> >&&, char const*)
calls=1 0 
0 98 22 18 3 2 0 3 1
0 3 1 1
cob=(2)
cfi=(51)
cfn=(3220)
calls=1 0 
0 28 9 8 0 0 1
0 16 4 5 2 0 0 2
cfn=(3226)
calls=1 0 
0 98 22 18
0 3 1 1
cob=(2)
cfi=(51)
cfn=(3220)
calls=1 0 
0 28 9 8
0 14 5 4 2 0 0 2
cfn=(3226)
calls=1 0 
0 100 22 18
0 3 1 1
cob=(2)
cfi=(51)
cfn=(3220)
calls=1 0 
0 28 9 8 0 0 1
0 559 104 180 3 1 0 3
cob=(2)
cfi=(51)
cfn=(3218)
calls=90 0 
0 4410 810 720 5 1 0 3
0 3743 1141 108 2 6 0 2 4
cob=(2)
cfi=(51)
cfn=(3218)
calls=9 0 
0 225 63 54 2
0 4623 1167 1158 2 0 0 2

fn=(3232) std::__cxx11::basic_string<char, std::char_traits<char>, std::allocator<char> > std::operator+<char, std::char_traits<char>, std::allocator<char> >(std::__cxx11::basic_string<char, std::char_traits<char>, std::allocator<char> >&&, std::__cxx11::basic_string<char, std::char_traits<char>, std::allocator<char> >&&)
0 12352 3088 1544 2 0 0 2
cob=(2)
cfi=(51)
cfn=(3092)
calls=772 0 
0 39048 8438 5368
0 14668 3860 4632 2 0 0 2

fn=(3314) stan::return_type<Eigen::Map<Eigen::Matrix<double, -1, 1, 0, -1, 1> const, 0, Eigen::Stride<0, 0> >&, double, double>::type stan::math::normal_lpdf<false, Eigen::Map<Eigen::Matrix<double, -1, 1, 0, -1, 1> const, 0, Eigen::Stride<0, 0> >&, double, double, (void*)0>(Eigen::Map<Eigen::Matrix<double, -1, 1, 0, -1, 1> const, 0, Eigen::Stride<0, 0> >&, double&&, double&&)
0 3158 399 801 7 49 1 7
cfn=(3316)
calls=1 0 
0 508 74 61 4 12 8 3
0 2271 400 196 10 0 47 10
cob=(2)
cfi=(51)
cfn=(3306)
calls=1 0 
0 23 3
0 7 2 2
cob=(2)
cfi=(51)
cfn=(3098)
calls=1 0 
0 162 47 21 0 1
0 8 3 0 2 0 0 2

fn=(3330)
0 115236 44814 25608 4 0 0 2

fn=(3338)
0 294492 44814 89628 6406 0 3300 2
cob=(2)
cfi=(51)
cfn=(2302)
calls=12804 0 
0 4984700 800275 640225 5711 73924 44913
0 166355970 44814 41510568 15951 9502 10358436 3

fn=(3376)
0 160984692 80492346

fn=(3392)
0 76824 51216 12804 3 6402 0 1

fn=(2992) std::_Rb_tree<std::__cxx11::basic_string<char, std::char_traits<char>, std::allocator<char> >, std::pair<std::__cxx11::basic_string<char, std::char_traits<char>, std::allocator<char> > const, stan::json::array_dims>, std::_Select1st<std::pair<std::__cxx11::basic_string<char, std::char_traits<char>, std::allocator<char> > const, stan::json::array_dims> >, std::less<std::__cxx11::basic_string<char, std::char_traits<char>, std::allocator<char> > >, std::allocator<std::pair<std::__cxx11::basic_string<char, std::char_traits<char>, std::allocator<char> > const, stan::json::array_dims> > >::find(std::__cxx11::basic_string<char, std::char_traits<char>, std::allocator<char> > const&) const
0 603 120 157 2 25 0 2
cob=(2)
cfi=(51)
cfn=(2594)
calls=31 0 
0 708 162 0 0 10
0 439 62 13 1 1 0 1
cob=(2)
cfi=(51)
cfn=(2594)
calls=13 0 
0 276 54
0 298 139 0 1 0 0 1

fn=(2272) stan::math::ad_tape_observer::on_scheduler_entry(bool)
0 30 2 16 4 0 0 2
cob=(2)
cfi=(51)
cfn=(2274)
calls=2 0 
0 76 20 8 2 3 0 1
0 6 0 2
cob=(2)
cfi=(51)
cfn=(2276) 0x0000000004dcb2e0
calls=2 0 
0 10 6 0 2 1 0 1
0 12 0 4 2 0 0 1
cob=(2)
cfi=(51)
cfn=(2278) 0x0000000004dcae90
calls=2 0 
0 76 6 0 7 2 0 4
0 18 6 2 2 0 0 1
cob=(2)
cfi=(51)
cfn=(2304)
calls=2 0 
0 48 10 6 2 2 0 1
0 34 20 6 2 0 0 1
cfn=(2282) std::pair<std::__detail::_Node_iterator<std::pair<std::thread::id const, std::unique_ptr<stan::math::AutodiffStackSingleton<stan::math::vari_base, stan::math::chainable_alloc>, std::default_delete<stan::math::AutodiffStackSingleton<stan::math::vari_base, stan::math::chainable_alloc> > > >, false, false>, bool> std::_Hashtable<std::thread::id, std::pair<std::thread::id const, std::unique_ptr<stan::math::AutodiffStackSingleton<stan::math::vari_base, stan::math::chainable_alloc>, std::default_delete<stan::math::AutodiffStackSingleton<stan::math::vari_base, stan::math::chainable_alloc> > > >, std::allocator<std::pair<std::thread::id const, std::unique_ptr<stan::math::AutodiffStackSingleton<stan::math::vari_base, stan::math::chainable_alloc>, std::default_delete<stan::math::AutodiffStackSingleton<stan::math::vari_base, stan::math::chainable_alloc> > > > >, std::__detail::_Select1st, std::equal_to<std::thread::id>, std::hash<std::thread::id>, std::__detail::_Mod_range_hashing, std::__detail::_Default_ranged_hash, std::__detail::_Prime_rehash_policy, std::__detail::_Hashtable_traits<false, false, true> >::_M_emplace<std::pair<std::thread::id const, std::unique_ptr<stan::math::AutodiffStackSingleton<stan::math::vari_base, stan::math::chainable_alloc>, std::default_delete<stan::math::AutodiffStackSingleton<stan::math::vari_base, stan::math::chainable_alloc> > > > >(std::integral_constant<bool, true>, std::pair<std::thread::id const, std::unique_ptr<stan::math::AutodiffStackSingleton<stan::math::vari_base, stan::math::chainable_alloc>, std::default_delete<stan::math::AutodiffStackSingleton<stan::math::vari_base, stan::math::chainable_alloc> > > >&&)
calls=2 0 
0 1800 446 251 66 54 10 29 5
0 12 2 2 4 0 0 2
cob=(2)
cfi=(51)
cfn=(2284)
calls=2 0 
0 353 77 80 7 3 6 2
0 25 5 6 3 1 0 2 1
cob=(2)
cfi=(51)
cfn=(2284)
calls=1 0 
0 384 63 52 8 10 2 1
0 43 0 37 0 0 3
cfn=(2300)
calls=1 0 
0 602 122 115 28 11 1 5 0 1
0 3 0 1 1 0 0 1

fn=(2296) std::_Hashtable<std::thread::id, std::pair<std::thread::id const, std::unique_ptr<stan::math::AutodiffStackSingleton<stan::math::vari_base, stan::math::chainable_alloc>, std::default_delete<stan::math::AutodiffStackSingleton<stan::math::vari_base, stan::math::chainable_alloc> > > >, std::allocator<std::pair<std::thread::id const, std::unique_ptr<stan::math::AutodiffStackSingleton<stan::math::vari_base, stan::math::chainable_alloc>, std::default_delete<stan::math::AutodiffStackSingleton<stan::math::vari_base, stan::math::chainable_alloc> > > > >, std::__detail::_Select1st, std::equal_to<std::thread::id>, std::hash<std::thread::id>, std::__detail::_Mod_range_hashing, std::__detail::_Default_ranged_hash, std::__detail::_Prime_rehash_policy, std::__detail::_Hashtable_traits<false, false, true> >::_M_rehash(unsigned long, unsigned long const&)
0 38 0 14 4 0 0 2
cob=(2)
cfi=(51)
cfn=(2284)
calls=2 0 
0 118 30 16 0 2
0 10 0 2 2 0 0 1
cob=(2)
cfi=(51)
cfn=(2298)
calls=2 0 
0 42 6 8 3 2 0 1
0 44 22 10 4 0 0 2

fn=(2516)
0 208544 13034 91238 7 3 9509 2 0 2
cob=(2)
cfi=(51)
cfn=(2518)
calls=13034 0 
0 208544 39102 0 161 13025 0 1 5
0 260668 91245 39114 204 0 0 1
cob=(2)
cfi=(51)
cfn=(2590)
calls=5 0 
0 365 85 40 4 15 1
0 40 5 15
cob=(2)
cfi=(51)
cfn=(2578)
calls=5 0 
0 65 20 10 0 1 1
0 52088 0 13022 6404 0 0 1
cob=(2)
cfi=(51)
cfn=(2578)
calls=13022 0 
0 221363 52088 26044 52 6407
0 39353 26071 119 5 0 5 2 0 5
cob=(2)
cfi=(51)
cfn=(2518)
calls=17 0 
0 284 53 0 3 5 0 0 2
0 329 129 62 3 0 0 1
cob=(2)
cfi=(51)
cfn=(2590)
calls=1 0 
0 73 17 8 4 2 0 1
0 8 1 3
cob=(2)
cfi=(51)
cfn=(2578)
calls=1 0 
0 24 7 4 1 0 1
0 24 0 6 3 0 0 1
cob=(2)
cfi=(51)
cfn=(2578)
calls=6 0 
0 97 24 12 3 3 0 1
0 21 14

fn=(2690) stan::json::json_data::json_data(std::istream&)
0 78 1 59 9 0 2 9
cfn=(2692) void stan::json::rapidjson_parse<stan::json::json_data_handler>(std::istream&, stan::json::json_data_handler&)
calls=1 0 
0 77744509 23667035 13947250 1892 14745 17649 970 194 8874
0 7 2 2 2 1 0 1
cob=(2)
cfi=(51)
cfn=(2892)
calls=1 0 
0 215 65 26 6 6 2
0 6 2 1
cob=(2)
cfi=(51)
cfn=(2892)
calls=1 0 
0 76 19 8 6 1 0 5
0 10 3 2 1 3 0 1
cob=(2)
cfi=(51)
cfn=(3104) 0x0000000004dcb650
calls=2 0 
0 508 160 86 8 7 0 7
0 16 4 2
cob=(2)
cfi=(51)
cfn=(2892)
calls=2 0 
0 198 62 30 0 2
0 23 5 3 3 0 0 3
cfn=(3108) std::_Rb_tree<std::__cxx11::basic_string<char, std::char_traits<char>, std::allocator<char> >, std::pair<std::__cxx11::basic_string<char, std::char_traits<char>, std::allocator<char> > const, stan::json::array_dims>, std::_Select1st<std::pair<std::__cxx11::basic_string<char, std::char_traits<char>, std::allocator<char> > const, stan::json::array_dims> >, std::less<std::__cxx11::basic_string<char, std::char_traits<char>, std::allocator<char> > >, std::allocator<std::pair<std::__cxx11::basic_string<char, std::char_traits<char>, std::allocator<char> > const, stan::json::array_dims> > >::_M_erase(std::_Rb_tree_node<std::pair<std::__cxx11::basic_string<char, std::char_traits<char>, std::allocator<char> > const, stan::json::array_dims> >*)
calls=3 0 
0 391 125 75 6 1 0 6
0 21 9 3 0 1
cob=(2)
cfi=(51)
cfn=(2892)
calls=3 0 
0 337 101 43 1 1
0 18 6 3
cob=(2)
cfi=(51)
cfn=(2892)
calls=3 0 
0 339 101 43 0 1
0 21 3 3 1 0 0 1
cob=(2)
cfi=(51)
cfn=(2892)
calls=3 0 
0 297 93 45
0 20 3 2 0 1
cob=(2)
cfi=(51)
cfn=(3110) 0x0000000004dcadf0
calls=2 0 
0 508 160 86 6 6 0 6
0 16 4 2 1 0 0 1
cob=(2)
cfi=(51)
cfn=(2892)
calls=2 0 
0 238 70 28 0 2
0 16 3 2 1 0 0 1
cob=(2)
cfi=(51)
cfn=(3110)
calls=2 0 
0 592 176 82
0 16 4 2
cob=(2)
cfi=(51)
cfn=(2892)
calls=2 0 
0 219 66 29 0 1
0 16 3 1 2 0 0 2
cob=(2)
cfi=(51)
cfn=(2892)
calls=1 0 
0 99 31 15
0 11 9 0 0 2

fn=(2764) void std::vector<std::__cxx11::basic_string<char, std::char_traits<char>, std::allocator<char> >, std::allocator<std::__cxx11::basic_string<char, std::char_traits<char>, std::allocator<char> > > >::_M_realloc_insert<std::__cxx11::basic_string<char, std::char_traits<char>, std::allocator<char> > const&>(__gnu_cxx::__normal_iterator<std::__cxx11::basic_string<char, std::char_traits<char>, std::allocator<char> >*, std::vector<std::__cxx11::basic_string<char, std::char_traits<char>, std::allocator<char> >, std::allocator<std::__cxx11::basic_string<char, std::char_traits<char>, std::allocator<char> > > > >, std::__cxx11::basic_string<char, std::char_traits<char>, std::allocator<char> > const&)
0 42 4 11 3 0 0 3
cfn=(2766)
calls=1 0 
0 35 11 8 3 0 1 3
0 24 8 5 5 0 0 5
cob=(2)
cfi=(51)
cfn=(2284)
calls=1 0 
0 59 15 8 0 1
0 14 2 1 2 0 0 2

fn=(2802)
0 50 16 0 3 0 0 3

fn=(2810) unsigned int boost::re_detail_500::find_sort_syntax<boost::re_detail_500::cpp_regex_traits_implementation<char>, char>(boost::re_detail_500::cpp_regex_traits_implementation<char> const*, char*)
0 20 1 7 2 0 0 2
cfn=(2812)
calls=1 0 
0 4404 1284 655 79 68 10 43 7 1
0 3 0 1
cob=(2)
cfi=(51)
cfn=(2858) 0x0000000004dcaf40
calls=1 0 
0 58 15 6 5 2
0 23 8 2 2 0 0 2
cfn=(2812)
calls=1 0 
0 650 170 115
0 7 0 2 1 0 0 1
cfn=(2812)
calls=1 0 
0 650 170 115
0 30 8 1 4 0 0 4

fn=(2872) boost::re_detail_500::cpp_regex_traits_implementation<char>::lookup_classname_imp(char const*, char const*) const
0 90 10 40 2 0 0 2
cfn=(2874) int boost::re_detail_500::get_default_class_id<char>(char const*, char const*)
calls=5 0 
0 977 172 20 5 9 0 4 3
0 75 50 0 1 2 0 1 2

fn=(2874)
0 840 132 20 4 9 0 4 3
cob=(2)
cfi=(51)
cfn=(2594)
calls=5 0 
0 87 20 0 1
0 50 20

fn=(2902)
0 18 7 7 2 0 0 2

fn=(2914)
0 124 16 43 3 1 0 3 1

fn=(2920)
0 144 25 49 7 2 0 7 2
cfn=(2922)
calls=1 0 
0 62 18 17 6 0 0 6
0 3270 559 124 5 0 0 5

fn=(2924)
0 31 5 0 2 0 0 2

fn=(2930) boost::re_detail_500::perl_matcher<__gnu_cxx::__normal_iterator<char const*, std::__cxx11::basic_string<char, std::char_traits<char>, std::allocator<char> > >, std::allocator<boost::sub_match<__gnu_cxx::__normal_iterator<char const*, std::__cxx11::basic_string<char, std::char_traits<char>, std::allocator<char> > > > >, boost::regex_traits<char, boost::cpp_regex_traits<char> > >::match_imp()
0 245 33 49 7 5 3 2 2
cob=(2)
cfi=(51)
cfn=(2284)
calls=1 0 
0 286 50 44 7 2 1 0 0 1
0 653 174 149 13 6 5 9
cfn=(2934)
calls=6 0 
0 6686 2396 1316 91 55 4 38 1 1
0 96 30 6 4 0 3 2
cfn=(2932) std::vector<boost::sub_match<__gnu_cxx::__normal_iterator<char const*, std::__cxx11::basic_string<char, std::char_traits<char>, std::allocator<char> > > >, std::allocator<boost::sub_match<__gnu_cxx::__normal_iterator<char const*, std::__cxx11::basic_string<char, std::char_traits<char>, std::allocator<char> > > > > >::_M_fill_insert(__gnu_cxx::__normal_iterator<boost::sub_match<__gnu_cxx::__normal_iterator<char const*, std::__cxx11::basic_string<char, std::char_traits<char>, std::allocator<char> > > >*, std::vector<boost::sub_match<__gnu_cxx::__normal_iterator<char const*, std::__cxx11::basic_string<char, std::char_traits<char>, std::allocator<char> > > >, std::allocator<boost::sub_match<__gnu_cxx::__normal_iterator<char const*, std::__cxx11::basic_string<char, std::char_traits<char>, std::allocator<char> > > > > > >, unsigned long, boost::sub_match<__gnu_cxx::__normal_iterator<char const*, std::__cxx11::basic_string<char, std::char_traits<char>, std::allocator<char> > > > const&)
calls=6 0 
0 2119 373 281 28 15 13 11
0 243 108 13 17 0 0 6
cob=(2)
cfi=(51)
cfn=(2572)
calls=1 0 
0 19 7 2 2
0 7 0 1
cob=(2)
cfi=(51)
cfn=(2512)
calls=1 0 
0 77 15 15 0 0 1
0 2 0 1
cob=(2)
cfi=(51)
cfn=(2574)
calls=1 0 
0 8 4 1
0 25 12 0 3 0 0 2

fn=(2946)
0 30 6 12 2 0 0 2

fn=(2970) std::_Rb_tree<std::__cxx11::basic_string<char, std::char_traits<char>, std::allocator<char> >, std::pair<std::__cxx11::basic_string<char, std::char_traits<char>, std::allocator<char> > const, bool>, std::_Select1st<std::pair<std::__cxx11::basic_string<char, std::char_traits<char>, std::allocator<char> > const, bool> >, std::less<std::__cxx11::basic_string<char, std::char_traits<char>, std::allocator<char> > >, std::allocator<std::pair<std::__cxx11::basic_string<char, std::char_traits<char>, std::allocator<char> > const, bool> > >::_M_get_insert_unique_pos(std::__cxx11::basic_string<char, std::char_traits<char>, std::allocator<char> > const&)
0 30 10 8 4 0 0 4

fn=(3044) std::pair<std::vector<double, std::allocator<double> >, std::vector<unsigned long, std::allocator<unsigned long> > >::~pair()
0 30 6 6 2 0 0 1
cob=(2)
cfi=(51)
cfn=(2892)
calls=2 0 
0 198 62 30 0 10
0 20 8
cob=(2)
cfi=(51)
cfn=(2892)
calls=2 0 
0 334 98 42 14 9 2 2
0 4 4

fn=(3070) stan::json::json_data_handler::update_array_dims()
0 30 8 16 2 0 0 2
cob=(2)
cfi=(51)
cfn=(3072) 0x0000000004dcb200
calls=6 0 
0 95 35 0 3 9 0 2
0 84 18 34 2 5 1 2
cfn=(3076)
calls=4 0 
0 60 24 20 3 0 0 3
0 48 8 16 1 0 0 1
cob=(2)
cfi=(51)
cfn=(2578)
calls=4 0 
0 72 12 4
0 40 8 16 1 0 1 1
cob=(2)
cfi=(51)
cfn=(2578)
calls=4 0 
0 72 12 4
0 40 4 12 1 0 1 1
cob=(2)
cfi=(51)
cfn=(2578)
calls=4 0 
0 72 12 4
0 64 16 24 2 0 0 2
cob=(2)
cfi=(51)
cfn=(2578)
calls=4 0 
0 72 12 4
0 44 8 20 1 0 0 1
cob=(2)
cfi=(51)
cfn=(2578)
calls=4 0 
0 72 12 4
0 44 8 20 1 0 0 1
cob=(2)
cfi=(51)
cfn=(2578)
calls=4 0 
0 72 12 4
0 44 4 20 2 0 1 2
cob=(2)
cfi=(51)
cfn=(2578)
calls=4 0 
0 72 12 4
0 40 4 16 1 0 0 1
cob=(2)
cfi=(51)
cfn=(2578)
calls=4 0 
0 72 12 4
0 40 4 16 1 0 0 1
cob=(2)
cfi=(51)
cfn=(2578)
calls=4 0 
0 72 12 4
0 40 4 16 1 0 1 1
cob=(2)
cfi=(51)
cfn=(2578)
calls=4 0 
0 72 12 4
0 12 0 8
cob=(2)
cfi=(51)
cfn=(2284)
calls=4 0 
0 236 60 32
0 36 4 12 1 0 0 1
cob=(2)
cfi=(51)
cfn=(2578)
calls=4 0 
0 72 12 4
0 148 36 36 4 1 1 4
cfn=(3078) boost::detail::function::function_obj_invoker<boost::algorithm::detail::token_finderF<boost::algorithm::detail::is_any_ofF<char> >, boost::iterator_range<__gnu_cxx::__normal_iterator<char const*, std::__cxx11::basic_string<char, std::char_traits<char>, std::allocator<char> > > >, __gnu_cxx::__normal_iterator<char const*, std::__cxx11::basic_string<char, std::char_traits<char>, std::allocator<char> > >, __gnu_cxx::__normal_iterator<char const*, std::__cxx11::basic_string<char, std::char_traits<char>, std::allocator<char> > > >::invoke(boost::detail::function::function_buffer&, __gnu_cxx::__normal_iterator<char const*, std::__cxx11::basic_string<char, std::char_traits<char>, std::allocator<char> > >, __gnu_cxx::__normal_iterator<char const*, std::__cxx11::basic_string<char, std::char_traits<char>, std::allocator<char> > >)
calls=4 0 
0 1626 237 129 22 0 3 21
0 80 24 20 2 0 0 2
cfn=(3084) boost::detail::function::functor_manager<boost::algorithm::detail::token_finderF<boost::algorithm::detail::is_any_ofF<char> > >::manage(boost::detail::function::function_buffer const&, boost::detail::function::function_buffer&, boost::detail::function::functor_manager_operation_type)
calls=4 0 
0 424 100 72 4 1 0 4
0 84 24 20 2 0 0 2
cfn=(3084)
calls=4 0 
0 508 148 80 1 1 0 1
0 96 12 48 3 0 0 3
cfn=(3084)
calls=4 0 
0 424 100 72
0 72 16 36 2 0 0 2
cfn=(3086) std::vector<std::__cxx11::basic_string<char, std::char_traits<char>, std::allocator<char> >, std::allocator<std::__cxx11::basic_string<char, std::char_traits<char>, std::allocator<char> > > >::vector<boost::iterators::transform_iterator<boost::algorithm::detail::copy_iterator_rangeF<std::__cxx11::basic_string<char, std::char_traits<char>, std::allocator<char> >, __gnu_cxx::__normal_iterator<char const*, std::__cxx11::basic_string<char, std::char_traits<char>, std::allocator<char> > > >, boost::algorithm::split_iterator<__gnu_cxx::__normal_iterator<char const*, std::__cxx11::basic_string<char, std::char_traits<char>, std::allocator<char> > > >, boost::use_default, boost::use_default>, void>(boost::iterators::transform_iterator<boost::algorithm::detail::copy_iterator_rangeF<std::__cxx11::basic_string<char, std::char_traits<char>, std::allocator<char> >, __gnu_cxx::__normal_iterator<char const*, std::__cxx11::basic_string<char, std::char_traits<char>, std::allocator<char> > > >, boost::algorithm::split_iterator<__gnu_cxx::__normal_iterator<char const*, std::__cxx11::basic_string<char, std::char_traits<char>, std::allocator<char> > > >, boost::use_default, boost::use_default>, boost::iterators::transform_iterator<boost::algorithm::detail::copy_iterator_rangeF<std::__cxx11::basic_string<char, std::char_traits<char>, std::allocator<char> >, __gnu_cxx::__normal_iterator<char const*, std::__cxx11::basic_string<char, std::char_traits<char>, std::allocator<char> > > >, boost::algorithm::split_iterator<__gnu_cxx::__normal_iterator<char const*, std::__cxx11::basic_string<char, std::char_traits<char>, std::allocator<char> > > >, boost::use_default, boost::use_default>, std::allocator<std::__cxx11::basic_string<char, std::char_traits<char>, std::allocator<char> > > const&)
calls=4 0 
0 2944 700 508 27 2 6 26
0 52 8 4 1 0 0 1
cfn=(3084)
calls=4 0 
0 508 148 80
0 112 32 24 3 0 0 3
cfn=(3084)
calls=4 0 
0 508 148 80
0 104 28 32 3 0 0 3
cob=(2)
cfi=(51)
cfn=(3092)
calls=4 0 
0 184 44 28 4 2
0 28 4 12 1 0 0 1
cfn=(2992)
calls=4 0 
0 699 154 42 0 9
0 139 35 14 1 0 0 1
cob=(2)
cfi=(51)
cfn=(2594)
calls=10 0 
0 228 52
0 148 19 8 1 0 0 1
cob=(2)
cfi=(51)
cfn=(2594)
calls=4 0 
0 84 16
0 80 8 4 3 0 0 3
cob=(2)
cfi=(51)
cfn=(3092)
calls=4 0 
0 132 32 20 0 1
0 68 28 24 1 0 0 1
cob=(2)
cfi=(51)
cfn=(2988)
calls=4 0 
0 565 140 40 0 5
0 93 25 10 2 0 0 2
cob=(2)
cfi=(51)
cfn=(2594)
calls=6 0 
0 114 28
0 74 9 2 1 0 0 1
cob=(2)
cfi=(51)
cfn=(2594)
calls=2 0 
0 42 8
0 131 31 10 3 0 0 3
cob=(2)
cfi=(51)
cfn=(2594)
calls=10 0 
0 228 52
0 144 19 4 1 0 0 1
cob=(2)
cfi=(51)
cfn=(2594)
calls=4 0 
0 84 16
0 108 16 4 2 0 0 2
cob=(2)
cfi=(51)
cfn=(3094)
calls=4 0 
0 504 112 80 5 5 0 5
0 133 59 4 6 0 0 6
cob=(2)
cfi=(51)
cfn=(2892)
calls=4 0 
0 396 124 60 0 1
0 20 4 4
cob=(2)
cfi=(51)
cfn=(2892)
calls=4 0 
0 396 124 60
0 30 10 2 2 0 0 2
cob=(2)
cfi=(51)
cfn=(2984)
calls=2 0 
0 272 61 19 0 3
0 18 4 2 1 0 0 1
cfn=(3046)
calls=2 0 
0 274 57 23 5
0 8 4 0 0 1

fn=(3108)
0 51 6 27 4 0 0 4
cob=(2)
cfi=(51)
cfn=(2892)
calls=1 0 
0 99 31 15
0 9 3 2
cob=(2)
cfi=(51)
cfn=(2892)
calls=1 0 
0 99 31 15
0 8 2 1 1 0 0 1
cob=(2)
cfi=(51)
cfn=(2892)
calls=1 0 
0 99 31 15 0 1
0 26 21 0 1 0 0 1

fn=(3228) bridgestan::to_csv(std::vector<std::__cxx11::basic_string<char, std::char_traits<char>, std::allocator<char> >, std::allocator<std::__cxx11::basic_string<char, std::char_traits<char>, std::allocator<char> > > > const&)
0 160 20 60 4 9 1 4
cob=(2)
cfi=(51)
cfn=(2596) 0x0000000004dcaf60
calls=5 0 
0 435 65 150 0 19
0 105 30 50 2 11 0 2
cob=(2)
cfi=(51)
cfn=(2598) 0x0000000004dcb5c0
calls=5 0 
0 1115 380 220 8 93 5
0 55 15 25 0 7
cob=(2)
cfi=(51)
cfn=(2598)
calls=5 0 
0 1115 380 220
0 110 30 55 2 2 0 2
cob=(2)
cfi=(51)
cfn=(2768) 0x0000000004dcbaf0
calls=5 0 
0 135 55 30 0 5
0 60 0 35 2 0 0 2
cob=(2)
cfi=(51)
cfn=(2598)
calls=5 0 
0 1115 380 220
0 65 20 5 0 2
cob=(2)
cfi=(51)
cfn=(3198) 0x0000000004dcb440
calls=5 0 
0 1175 380 215 2 17 12
0 18984 5424 2712 0 720
cob=(2)
cfi=(51)
cfn=(3198)
calls=2712 0 
0 395306 134021 78108 9 179 1197
0 38003 5434 5424 1 0 0 1
cob=(2)
cfi=(51)
cfn=(3198)
calls=2712 0 
0 376973 124752 70512 0 0 26
0 5514 2727 20 2 0 0 2
cob=(2)
cfi=(51)
cfn=(2746)
calls=5 0 
0 22491 19165 19072 5 27 205
0 10 5 5
cob=(2)
cfi=(51)
cfn=(3192) 0x0000000004dcb9e0
calls=5 0 
0 24890 20087 18928 4 31 454
0 40 15 10 1 0 1 1
cob=(2)
cfi=(51)
cfn=(2892)
calls=5 0 
0 915 270 115 0 13
0 70 30 20 1 13 5 1
cob=(2)
cfi=(51)
cfn=(2892)
calls=5 0 
0 820 237 105 0 10
0 25 10 10 0 5
cob=(2)
cfi=(51)
cfn=(2798)
calls=5 0 
0 50 25 5 1 8
0 95 45 40 2 19 0 2
cob=(2)
cfi=(51)
cfn=(3162) 0x0000000004dcaf90
calls=5 0 
0 285 105 60 10 19
0 70 50 0 1 8 0 1

fn=(3270) stan::io::random_var_context::random_var_context<stan::model::model_base, boost::random::mixmax_engine<17, 36u, 0l> >(stan::model::model_base&, boost::random::mixmax_engine<17, 36u, 0l>&, double, bool)
0 41 2 22 4 0 1 4
cob=(2)
cfi=(51)
cfn=(2284)
calls=1 0 
0 286 53 41 0 0 2
0 17 2 5 1 0 0 1
cob=(2)
cfi=(51)
cfn=(2298)
calls=1 0 
0 3123 3 3104 1 1 47
0 14 5 5 1 0 0 1
cfn=(3266) radon_partially_pooled_noncentered_model_namespace::radon_partially_pooled_noncentered_model::get_param_names(std::vector<std::__cxx11::basic_string<char, std::char_traits<char>, std::allocator<char> >, std::allocator<std::__cxx11::basic_string<char, std::char_traits<char>, std::allocator<char> > > >&, bool, bool) const
calls=1 0 
0 607 134 104 0 0 2
0 6 3 1 1 0 0 1
cfn=(3272) radon_partially_pooled_noncentered_model_namespace::radon_partially_pooled_noncentered_model::get_dims(std::vector<std::vector<unsigned long, std::allocator<unsigned long> >, std::allocator<std::vector<unsigned long, std::allocator<unsigned long> > > >&, bool, bool) const
calls=1 0 
0 472 120 90 9 4 1 9
0 17 4 7 1 1 0 1
cfn=(3276) stan::model::model_base_crtp<radon_partially_pooled_noncentered_model_namespace::radon_partially_pooled_noncentered_model>::write_array(boost::random::mixmax_engine<17, 36u, 0l>&, std::vector<double, std::allocator<double> >&, std::vector<int, std::allocator<int> >&, std::vector<double, std::allocator<double> >&, bool, bool, std::ostream*) const
calls=1 0 
0 4033 474 782 38 12 102 35 4
0 22 2 3 2 0 0 2
cob=(2)
cfi=(51)
cfn=(2284)
calls=1 0 
0 59 15 8 0 1
0 111 15 17 5 0 1 5
cob=(2)
cfi=(51)
cfn=(2284)
calls=4 0 
0 712 135 94 4 4 1
0 48 0 12 1 0 0 1
cob=(2)
cfi=(51)
cfn=(2578)
calls=4 0 
0 364 113 103
0 108 37 17 4 0 0 4
cob=(2)
cfi=(51)
cfn=(2892)
calls=1 0 
0 142 40 19
0 2759 1569 393 4 3 0 4 1
cfn=(3274)
calls=389 0 
0 20895 2353 1210 6 0 0 5
0 1946 389 389

fn=(3302) void stan::model::internal::assign_impl<Eigen::Matrix<double, -1, 1, 0, -1, 1>&, Eigen::MatrixWrapper<Eigen::CwiseBinaryOp<Eigen::internal::scalar_sum_op<double, double>, Eigen::CwiseNullaryOp<Eigen::internal::scalar_constant_op<double>, Eigen::Array<double, -1, 1, 0, -1, 1> const> const, Eigen::ArrayWrapper<Eigen::CwiseBinaryOp<Eigen::internal::scalar_product_op<double, double>, Eigen::CwiseNullaryOp<Eigen::internal::scalar_constant_op<double>, Eigen::Matrix<double, -1, 1, 0, -1, 1> const> const, Eigen::Map<Eigen::Matrix<double, -1, 1, 0, -1, 1> const, 0, Eigen::Stride<0, 0> > const> const> const> const>, (void*)0>(Eigen::Matrix<double, -1, 1, 0, -1, 1>&, Eigen::MatrixWrapper<Eigen::CwiseBinaryOp<Eigen::internal::scalar_sum_op<double, double>, Eigen::CwiseNullaryOp<Eigen::internal::scalar_constant_op<double>, Eigen::Array<double, -1, 1, 0, -1, 1> const> const, Eigen::ArrayWrapper<Eigen::CwiseBinaryOp<Eigen::internal::scalar_product_op<double, double>, Eigen::CwiseNullaryOp<Eigen::internal::scalar_constant_op<double>, Eigen::Matrix<double, -1, 1, 0, -1, 1> const> const, Eigen::Map<Eigen::Matrix<double, -1, 1, 0, -1, 1> const, 0, Eigen::Stride<0, 0> > const> const> const> const>&&, char const*)
0 2323 202 808 103 0 0 2
cfn=(2516)
calls=101 0 
0 7676 1717 1313 100 201
0 404 0 101
cfn=(3226)
calls=101 0 
0 25654 5555 4444 265 701 200
0 808 202 202 101 0 0 1
cob=(2)
cfi=(51)
cfn=(2892)
calls=101 0 
0 9999 3131 1515 0 401
0 1212 303 404 101 0 0 1
cfn=(2516)
calls=101 0 
0 7676 1717 1313
0 404 0 101
cfn=(3226)
calls=101 0 
0 25654 5555 4444
0 1616 505 606 148 0 0 2
cob=(2)
cfi=(51)
cfn=(2892)
calls=101 0 
0 9999 3131 1515
0 140188 21210 19493 107 0 0 4

fn=(3336)
0 76824 25608 25608 2 0 3100 1

fn=(3348)
0 2334572526 804609762 644828646 105 6418 1510702 2 0 16
cfn=(3370)
calls=633798 0 
0 661685112 216758916 51971436 416 1543066 11011440 7 0 1493
0 10774566 1901394 1267596 1152 0 0 1

fn=(3370)
0 647735154 209940786 48904878 115 1549468 10864194 6 0 1474
cfn=(3332)
calls=640200 0 
0 5761800 2560800 1280400
0 8962800 4481400 1920600 301 0 160050 1 0 21

fn=(3374)
0 1287877536 965908152 160984692 6 2980130 0 2

fn=(3660)
0 7 1 3 1 1 0 1
cob=(2)
cfi=(51)
cfn=(3098)
calls=1 0 
0 233 72 28 0 7
0 6 2 1 1 0 0 1
cob=(2)
cfi=(51)
cfn=(2892)
calls=1 0 
0 187 55 22 0 1
0 9 2 1
cob=(2)
cfi=(51)
cfn=(2892)
calls=1 0 
0 118 35 14 1 1

fn=(3668) boost::re_detail_500::mem_block_cache::~mem_block_cache()
0 103 17 3 2 2 0 2
cob=(2)
cfi=(51)
cfn=(2878)
calls=1 0 
0 555 147 80 8 9 4
0 6 3

fn=(3676)
0 3 0 0 1 0 0 1
cob=(2)
cfi=(51)
cfn=(2892)
calls=1 0 
0 99 31 15 0 1

fn=(3688) std::_Sp_counted_ptr<boost::re_detail_500::cpp_regex_traits_implementation<char>*, (__gnu_cxx::_Lock_policy)2>::_M_destroy()
0 3
cob=(2)
cfi=(51)
cfn=(2892)
calls=1 0 
0 118 35 14 0 1

fn=(2538) boost::math::tools::promote_args<double, double>::type boost::math::owens_t<double, double, boost::math::policies::policy<boost::math::policies::default_policy, boost::math::policies::default_policy, boost::math::policies::default_policy, boost::math::policies::default_policy, boost::math::policies::default_policy, boost::math::policies::default_policy, boost::math::policies::default_policy, boost::math::policies::default_policy, boost::math::policies::default_policy, boost::math::policies::default_policy, boost::math::policies::default_policy, boost::math::policies::default_policy, boost::math::policies::default_policy> >(double, double, boost::math::policies::policy<boost::math::policies::default_policy, boost::math::policies::default_policy, boost::math::policies::default_policy, boost::math::policies::default_policy, boost::math::policies::default_policy, boost::math::policies::default_policy, boost::math::policies::default_policy, boost::math::policies::default_policy, boost::math::policies::default_policy, boost::math::policies::default_policy, boost::math::policies::default_policy, boost::math::policies::default_policy, boost::math::policies::default_policy> const&) [clone .isra.0]
0 60 10 14 4 0 0 4
cfn=(2540) long double boost::math::detail::owens_t_dispatch<long double, boost::math::policies::policy<boost::math::policies::default_policy, boost::math::policies::default_policy, boost::math::policies::default_policy, boost::math::policies::default_policy, boost::math::policies::default_policy, boost::math::policies::default_policy, boost::math::policies::default_policy, boost::math::policies::default_policy, boost::math::policies::default_policy, boost::math::policies::default_policy, boost::math::policies::default_policy, boost::math::policies::default_policy, boost::math::policies::default_policy> >(long double, long double, long double, boost::math::policies::policy<boost::math::policies::default_policy, boost::math::policies::default_policy, boost::math::policies::default_policy, boost::math::policies::default_policy, boost::math::policies::default_policy, boost::math::policies::default_policy, boost::math::policies::default_policy, boost::math::policies::default_policy, boost::math::policies::default_policy, boost::math::policies::default_policy, boost::math::policies::default_policy, boost::math::policies::default_policy, boost::math::policies::default_policy> const&, std::integral_constant<int, 64> const&) [clone .isra.0]
calls=2 0 
0 3198 724 307 36 34 0 36 32
0 4

fn=(2540)
0 248 63 16 10 8 0 10 8
cob=(2)
cfi=(51)
cfn=(2530)
calls=1 0 
0 70 16 5
0 324 72 126 0 8 0 0 8
cob=(2)
cfi=(51)
cfn=(2530)
calls=18 0 
0 1260 288 90
0 222 100 11 4 0 0 4
cob=(2)
cfi=(51)
cfn=(2530)
calls=1 0 
0 70 16 5 1 1 0 1 1
0 11 4 3 1 1 0 1 1
cfn=(2536)
calls=1 0 
0 426 104 41 15 7 0 15 5
0 486 41 5 2 9 0 2 9
cob=(2)
cfi=(51)
cfn=(2530)
calls=1 0 
0 70 16 5
0 11 4 0 3 0 0 3

fn=(2588)
0 30 2 15 4 0 0 2
cfn=(2516)
calls=1 0 
0 171 40 26 5 4 1 1
0 9 3 1 2 1 0 1
cob=(2)
cfi=(51)
cfn=(2892)
calls=1 0 
0 99 31 15 0 1
0 28 18 1 2 2 0 1
cfn=(2516)
calls=1 0 
0 76 17 13 0 1 0 0 1
0 6 2 1 1 0 0 1
cob=(2)
cfi=(51)
cfn=(2284)
calls=1 0 
0 55 15 8 0 1
0 14 2 4 1 0 0 1
cfn=(2592) void std::__cxx11::basic_string<char, std::char_traits<char>, std::allocator<char> >::_M_construct<char const*>(char const*, char const*, std::forward_iterator_tag) [clone .isra.0]
calls=1 0 
0 57 14 10 4 0 0 4
0 17 4 2 2 0 0 2
cob=(2)
cfi=(51)
cfn=(2596)
calls=1 0 
0 87 13 30 9 4 0 1
0 22 6 11 2 3 0 2
cob=(2)
cfi=(51)
cfn=(2598)
calls=1 0 
0 223 76 44 31 19 0 1
0 8 2 3 0 1
cob=(2)
cfi=(51)
cfn=(2600) 0x0000000004dcb390
calls=1 0 
0 4072 1180 616 33 67 5 27 3
0 3 0 1 1 0 0 1
cob=(2)
cfi=(51)
cfn=(2598)
calls=1 0 
0 223 76 44
0 4 1 1
cob=(2)
cfi=(51)
cfn=(2630) 0x0000000004dcb2f0
calls=1 0 
0 4971 1342 764 74 70 8 47 11 1
0 7 2 1 0 1
cob=(2)
cfi=(51)
cfn=(2686) 0x0000000004dcb8d0
calls=1 0 
0 9 4 1 2 1 0 2
0 5 1 1 1 0 0 1
cob=(2)
cfi=(51)
cfn=(2284)
calls=1 0 
0 234 46 39 0 5 1
0 4 0 1
cfn=(2690)
calls=1 0 
0 77748821 23668325 13947933 1945 14781 17653 1013 194 8874
0 12 3 5 2 2 3 1
cob=(2)
cfi=(51)
cfn=(3114) 0x0000000004dcaef0
calls=1 0 
0 4571 1312 669 77 117 7 44 12
0 2 0 1
cob=(2)
cfi=(51)
cfn=(3158) 0x0000000004dcba10
calls=1 0 
0 21 7 2 2 1
0 5 1 2 1 1 0 1
cob=(2)
cfi=(51)
cfn=(2798)
calls=1 0 
0 10 5 1 2 1
0 10 3 5 0 1
cob=(2)
cfi=(51)
cfn=(3162)
calls=1 0 
0 57 21 12 9 5 0 1
0 7 0 2 1 0 0 1
cob=(2)
cfi=(51)
cfn=(2594)
calls=1 0 
0 21 4 0 3
0 4 1

fn=(2744)
0 6044175 2417670 1098898 6 0 0 3
cob=(2)
cfi=(51)
cfn=(2694)
calls=109937 0 
0 17598754 5279568 3299407 46 840 5 0 42
0 439748 329811

fn=(3014)
0 124 48 28 4 0 0 3
cfn=(2760)
calls=4 0 
0 424 100 80 0 0 6
0 12 0 4
cfn=(2954) std::map<std::__cxx11::basic_string<char, std::char_traits<char>, std::allocator<char> >, int, std::less<std::__cxx11::basic_string<char, std::char_traits<char>, std::allocator<char> > >, std::allocator<std::pair<std::__cxx11::basic_string<char, std::char_traits<char>, std::allocator<char> > const, int> > >::operator[](std::__cxx11::basic_string<char, std::char_traits<char>, std::allocator<char> > const&)
calls=4 0 
0 742 160 52 1
0 36 12 4 3 0 0 2
cfn=(2954)
calls=4 0 
0 742 160 52
0 48 4 20 1 0 0 1
cfn=(2992)
calls=4 0 
0 345 95 34 0 11
0 64 16 12 2 0 0 2
cfn=(3020) std::map<std::__cxx11::basic_string<char, std::char_traits<char>, std::allocator<char> >, stan::json::array_dims, std::less<std::__cxx11::basic_string<char, std::char_traits<char>, std::allocator<char> > >, std::allocator<std::pair<std::__cxx11::basic_string<char, std::char_traits<char>, std::allocator<char> > const, stan::json::array_dims> > >::operator[](std::__cxx11::basic_string<char, std::char_traits<char>, std::allocator<char> > const&)
calls=4 0 
0 2299 528 400 32 4 8 22
0 16 0 4 1 0 0 1
cob=(2)
cfi=(51)
cfn=(3008) 0x0000000004dcafc0
calls=4 0 
0 1027 230 179 5 0 1 2
0 12 0 4
cob=(2)
cfi=(51)
cfn=(3008)
calls=4 0 
0 1106 240 201 0 0 3
0 72 28 12 1 0 0 1
cob=(2)
cfi=(51)
cfn=(2892)
calls=4 0 
0 396 124 60
0 24 8 4
cob=(2)
cfi=(51)
cfn=(2892)
calls=4 0 
0 396 124 60
0 28 4 4 1 0 0 1
cfn=(2954)
calls=4 0 
0 742 160 52
0 36 0 12 1 0 0 1
cob=(2)
cfi=(51)
cfn=(3016)
calls=4 0 
0 504 112 80 11 0 0 5
0 16 0 4 4 0 0 1
cob=(2)
cfi=(51)
cfn=(3016)
calls=4 0 
0 653 142 105 0 1
0 4

fn=(3028)
0 132 44 36 12 0 7 3
cfn=(2760)
calls=4 0 
0 424 100 80 0 0 8
0 20 0 8
cfn=(2992)
calls=4 0 
0 618 136 40 2 16 0 2
0 60 4 12 2 0 0 2
cfn=(2760)
calls=4 0 
0 424 100 80 0 0 2
0 12 4 4
cfn=(3020)
calls=4 0 
0 654 144 52 2 0 0 2
0 64 8 16 1 0 0 1
cob=(2)
cfi=(51)
cfn=(2284)
calls=4 0 
0 220 60 32 0 34
0 60 12 20 2 0 0 1
cob=(2)
cfi=(51)
cfn=(2908)
calls=4 0 
0 60 16 8 0 8
0 60 12 16 1 1 0 1
cob=(2)
cfi=(51)
cfn=(2284)
calls=4 0 
0 220 60 32 0 4
0 52 12 16 1 0 0 1
cob=(2)
cfi=(51)
cfn=(2908)
calls=4 0 
0 60 16 8 0 1
0 190 50 32 2 0 0 2
cob=(2)
cfi=(51)
cfn=(2594)
calls=12 0 
0 228 56 0 0 2
0 132 18 4 4 0 0 1
cfn=(3012)
calls=4 0 
0 184 28 12
0 28 8 4 4 0 0 1
cfn=(2954)
calls=4 0 
0 762 164 52 1 16
0 76 36 12 4 0 0 1
cfn=(3020)
calls=4 0 
0 654 144 52
0 16 0 4 4 0 0 1
cob=(2)
cfi=(51)
cfn=(3008)
calls=4 0 
0 220 68 36 0 4
0 12 0 4
cob=(2)
cfi=(51)
cfn=(3008)
calls=4 0 
0 220 68 36
0 32 12 8
cob=(2)
cfi=(51)
cfn=(2892)
calls=4 0 
0 396 124 60 0 14
0 24 8 4 4 0 0 1
cob=(2)
cfi=(51)
cfn=(2892)
calls=4 0 
0 396 124 60 0 3
0 60 20 4 4 0 0 3

fn=(3078)
0 192 24 88 3 0 5 3
cob=(2)
cfi=(51)
cfn=(2578)
calls=8 0 
0 144 24 8
0 72 8 24
cob=(2)
cfi=(51)
cfn=(2578)
calls=8 0 
0 144 24 8
0 72 8 24 1 0 0 1
cob=(2)
cfi=(51)
cfn=(2578)
calls=8 0 
0 144 24 8
0 96 8 32 1 0 0 1
cob=(2)
cfi=(51)
cfn=(2578)
calls=8 0 
0 144 24 8
0 88 16 24 1 0 0 1
cob=(2)
cfi=(51)
cfn=(2578)
calls=8 0 
0 144 24 8
0 1045 167 9 12 0 0 12
cob=(2)
cfi=(51)
cfn=(3080) 0x0000000004dcb330
calls=3 0 
0 69 12
0 22 4 4 1 0 0 1
cob=(2)
cfi=(51)
cfn=(3080)
calls=1 0 
0 23 4 0 2 0 0 1
0 7 2 0 1 0 0 1

fn=(3084)
0 536 96 100 3 0 1 3
cob=(2)
cfi=(51)
cfn=(2892)
calls=16 0 
0 1584 496 240 0 1
0 68 12 28 1 0 0 1
cob=(2)
cfi=(51)
cfn=(2284)
calls=12 0 
0 708 180 96 0 2
0 108 12 36 1 0 1 1
cob=(2)
cfi=(51)
cfn=(2578)
calls=12 0 
0 216 36 12
0 84 60 24

fn=(3090) void std::vector<std::__cxx11::basic_string<char, std::char_traits<char>, std::allocator<char> >, std::allocator<std::__cxx11::basic_string<char, std::char_traits<char>, std::allocator<char> > > >::_M_realloc_insert<std::__cxx11::basic_string<char, std::char_traits<char>, std::allocator<char> > >(__gnu_cxx::__normal_iterator<std::__cxx11::basic_string<char, std::char_traits<char>, std::allocator<char> >*, std::vector<std::__cxx11::basic_string<char, std::char_traits<char>, std::allocator<char> >, std::allocator<std::__cxx11::basic_string<char, std::char_traits<char>, std::allocator<char> > > > >, std::__cxx11::basic_string<char, std::char_traits<char>, std::allocator<char> >&&)
0 7038 1093 1208 12 3 369 6 0 49
cob=(2)
cfi=(51)
cfn=(2892)
calls=10 0 
0 1297 392 180 1 21 2
0 8414 2161 2121 5 36 142 3
cob=(2)
cfi=(51)
cfn=(2284)
calls=15 0 
0 3272 604 457 4 18 14
0 255 45 15 2 0 2 1

fn=(3166)
0 56 1 35 4 0 2 4
cfn=(3168) boost::random::mixmax_engine<17, 36u, 0l>::apply_bigskip(unsigned long*, unsigned long*, unsigned int, unsigned int, unsigned int, unsigned int) [clone .isra.0]
calls=1 0 
0 254861 31308 26771 37 282 294 37 273 153
0 10 2 5 1 2 1 1
cfn=(2516)
calls=1 0 
0 79 17 13 6 3 1 1
0 4 0 1
cfn=(2516)
calls=1 0 
0 51 12 11 0 1
0 4 0 1 1 0 0 1
cfn=(2516)
calls=1 0 
0 148 35 24 4 10
0 8 0 2
cfn=(3170) stan::json::json_data::validate_dims(std::__cxx11::basic_string<char, std::char_traits<char>, std::allocator<char> > const&, std::__cxx11::basic_string<char, std::char_traits<char>, std::allocator<char> > const&, std::__cxx11::basic_string<char, std::char_traits<char>, std::allocator<char> > const&, std::vector<unsigned long, std::allocator<unsigned long> > const&) const
calls=1 0 
0 666 170 67 17 10 0 11
0 8 2 2 1 0 0 1
cob=(2)
cfi=(51)
cfn=(2892)
calls=1 0 
0 99 31 15 0 5
0 19 5 4 2 0 1 2
cfn=(2516)
calls=1 0 
0 51 12 11
0 4 0 1
cfn=(3172)
calls=1 0 
0 386 96 43 5 2 1 5
0 6 3 2 1 0 0 1
cob=(2)
cfi=(51)
cfn=(2892)
calls=1 0 
0 99 31 15
0 14 5 3 1 0 0 1
cfn=(2516)
calls=1 0 
0 79 17 13
0 3 0 1
cfn=(2516)
calls=1 0 
0 51 12 11 0 1
0 3 0 1 1 0 0 1
cfn=(2516)
calls=1 0 
0 148 35 24
0 6 1 1
cfn=(3170)
calls=1 0 
0 669 170 67 0 1
0 6 3 1
cob=(2)
cfi=(51)
cfn=(2892)
calls=1 0 
0 99 31 15
0 15 7 2 2 0 0 2
cfn=(2516)
calls=1 0 
0 51 12 11
0 4 0 1 1 0 0 1
cfn=(3172)
calls=1 0 
0 388 96 43 0 1 1
0 6 3 2
cob=(2)
cfi=(51)
cfn=(2892)
calls=1 0 
0 99 31 15
0 22 6 7 2 0 1 2
cob=(2)
cfi=(51)
cfn=(2284)
calls=1 0 
0 55 15 8
0 10 0 4 1 0 0 1
cfn=(2516)
calls=1 0 
0 79 17 13
0 3 0 1
cfn=(2516)
calls=1 0 
0 74 17 13
0 3 0 1
cfn=(2516)
calls=1 0 
0 148 35 24 0 1
0 7 2 1 1 0 0 1
cfn=(3170)
calls=1 0 
0 1071 255 98 0 7
0 6 3 1
cob=(2)
cfi=(51)
cfn=(2892)
calls=1 0 
0 99 31 15
0 12 6 1 2 0 0 2
cob=(2)
cfi=(51)
cfn=(2892)
calls=1 0 
0 99 31 15
0 9 1 1
cob=(2)
cfi=(51)
cfn=(2284)
calls=1 0 
0 1726 310 234 21 42 3
0 12611 5 3147 3 4 787 3
cfn=(2516)
calls=1 0 
0 74 17 13 0 4 2
0 6 0 2 1 0 1 1
cfn=(3172)
calls=1 0 
0 51099 50430 50354 0 812 796
0 13 4 5 1 1 0 1
cob=(2)
cfi=(51)
cfn=(2892)
calls=1 0 
0 142 40 19 0 16 1
0 138344 25156 11 4 1577 5 4
cob=(2)
cfi=(51)
cfn=(2284)
calls=1 0 
0 55 15 8 0 9 1
0 10 0 4 1 0 0 1
cfn=(2516)
calls=1 0 
0 76 17 13 0 4 1 0 1
0 3 0 1
cfn=(2516)
calls=1 0 
0 74 17 13 0 1
0 3 0 1
cfn=(2516)
calls=1 0 
0 148 35 24 0 4 1
0 7 2 1 1 0 0 1
cfn=(3170)
calls=1 0 
0 727 173 79 2 16 4 2
0 6 3 1
cob=(2)
cfi=(51)
cfn=(2892)
calls=1 0 
0 99 31 15
0 12 6 1 2 0 0 2
cob=(2)
cfi=(51)
cfn=(2892)
calls=1 0 
0 99 31 15
0 6 3 2 0 1 1
cfn=(3174)
calls=1 0 
0 6 2 2
0 25184 7 6290 3 4 1573 3 0 1570
cfn=(2516)
calls=1 0 
0 74 17 13 0 4 2
0 4 1 1
cfn=(3178)
calls=1 0 
0 101278 100729 100675 24 1600 1583 4 0 1572
0 150905 25152 50295 3 1574 1576 3
cob=(2)
cfi=(51)
cfn=(2892)
calls=1 0 
0 137 41 14 1 15 2
0 26 10 5 2 3 1 2
cfn=(3176)
calls=1 0 
0 441 76 62 11 15 5 3 0 1
0 3 1

fn=(3180) stan::json::json_data::~json_data()
0 28 6 7 3 5 0 3
cob=(2)
cfi=(51)
cfn=(3182) 0x0000000004dcb270
calls=2 0 
0 1314 391 198 6 27 4 4
0 20 8 2 1 2 0 1
cob=(2)
cfi=(51)
cfn=(2892)
calls=2 0 
0 238 70 28 0 2
0 14 2 2 1 0 0 1
cob=(2)
cfi=(51)
cfn=(2892)
calls=2 0 
0 198 62 30 0 1
0 13 2 1 0 1
cob=(2)
cfi=(51)
cfn=(3186) 0x0000000004dcbad0
calls=1 0 
0 678 187 103 6 9 0 5
0 7 3 1 1 1 0 1
cob=(2)
cfi=(51)
cfn=(2892)
calls=1 0 
0 118 35 14 0 1
0 6 2 1
cob=(2)
cfi=(51)
cfn=(2892)
calls=1 0 
0 350 98 49 0 1
0 7 1 1 1 0 0 1
cob=(2)
cfi=(51)
cfn=(2892)
calls=1 0 
0 118 35 14 0 1
0 10 4
cob=(2)
cfi=(51)
cfn=(2892)
calls=1 0 
0 99 31 15

fn=(3222) std::__cxx11::basic_string<char, std::char_traits<char>, std::allocator<char> >& std::vector<std::__cxx11::basic_string<char, std::char_traits<char>, std::allocator<char> >, std::allocator<std::__cxx11::basic_string<char, std::char_traits<char>, std::allocator<char> > > >::emplace_back<std::__cxx11::basic_string<char, std::char_traits<char>, std::allocator<char> > >(std::__cxx11::basic_string<char, std::char_traits<char>, std::allocator<char> >&&)
0 70444 21670 21670 2 0 574 2 0 131
cob=(2)
cfi=(51)
cfn=(3088) 0x0000000004dcb750
calls=11 0 
0 19730 4190 3881 16 81 528 1 0 49
0 44 33

fn=(3226)
0 117189 0 52084 103 0 0 1
cob=(2)
cfi=(51)
cfn=(2518)
calls=13021 0 
0 208336 39063 0 0 6512 0 0 1
0 104168 13021 13021 2 0 0 1
cob=(2)
cfi=(51)
cfn=(3092)
calls=13021 0 
0 2627912 572429 416297 8187 71018 13002
0 247399 91147 91132 204 0 0 1

fn=(3230) radon_partially_pooled_noncentered_model_namespace::radon_partially_pooled_noncentered_model::constrained_param_names(std::vector<std::__cxx11::basic_string<char, std::char_traits<char>, std::allocator<char> >, std::allocator<std::__cxx11::basic_string<char, std::char_traits<char>, std::allocator<char> > > >&, bool, bool) const
0 11172 1156 2348 9 4 3 6
cob=(2)
cfi=(51)
cfn=(3218)
calls=1148 0 
0 56252 10332 9184
0 39392 6960 8216 2 0 0 2
cob=(2)
cfi=(51)
cfn=(3092)
calls=1184 0 
0 54464 13024 8288 0 7
0 3240 720 1800
cob=(2)
cfi=(51)
cfn=(3092)
calls=360 0 
0 16560 3960 2520
0 26248 4632 9264 2 0 4 2
cob=(2)
cfi=(51)
cfn=(2854)
calls=1544 0 
0 75656 15440 12352 0 4
0 37056 10808 9264 2 0 0 2
cob=(2)
cfi=(51)
cfn=(3092)
calls=1544 0 
0 78096 16876 10736
0 24704 4632 10808 2 0 0 2
cob=(2)
cfi=(51)
cfn=(3220)
calls=1544 0 
0 43232 13896 12352
0 23192 12356 16 3 0 0 3
cfn=(3226)
calls=4 0 
0 392 88 72 0 8
0 12 4 4 1 0 0 1
cob=(2)
cfi=(51)
cfn=(3220)
calls=4 0 
0 112 36 32
0 64 16 20 1 0 0 1
cfn=(3226)
calls=4 0 
0 392 88 72
0 12 4 4 1 0 0 1
cob=(2)
cfi=(51)
cfn=(3220)
calls=4 0 
0 112 36 32 0 0 1
0 56 20 16 1 0 0 1
cfn=(3226)
calls=4 0 
0 400 88 72
0 12 4 4 1 0 0 1
cob=(2)
cfi=(51)
cfn=(3220)
calls=4 0 
0 112 36 32 0 0 2
0 5586 598 1152 3 0 0 3
cob=(2)
cfi=(51)
cfn=(3218)
calls=574 0 
0 28126 5166 4592 0 2
0 19696 3480 4108 3 5 0 3
cob=(2)
cfi=(51)
cfn=(3092)
calls=592 0 
0 28416 6512 4144 0 5
0 1620 360 900
cob=(2)
cfi=(51)
cfn=(3092)
calls=180 0 
0 8640 1980 1260
0 13124 2316 4632 1 0 0 1
cob=(2)
cfi=(51)
cfn=(2854)
calls=772 0 
0 37828 7720 6176 0 1
0 11580 1544 4632 2 0 0 2
cfn=(3232)
calls=772 0 
0 66068 15386 11544 4 0 0 4
0 2316 772 772
cob=(2)
cfi=(51)
cfn=(3220)
calls=772 0 
0 29639 8644 7824 0 67 647 0 0 180
0 13784 6572 720 4 5 0 4
cob=(2)
cfi=(51)
cfn=(3218)
calls=360 0 
0 17640 3240 2880 0 2
0 14972 4564 432 1 16 0 1
cob=(2)
cfi=(51)
cfn=(3218)
calls=36 0 
0 900 252 216 0 4
0 14868 4848 4992 3 0 0 3
cob=(2)
cfi=(51)
cfn=(3218)
calls=180 0 
0 8820 1620 1440
0 7486 2282 216 1 1 0 1
cob=(2)
cfi=(51)
cfn=(3218)
calls=18 0 
0 450 126 108
0 11454 1562 1544 2 0 0 2

fn=(3292)
0 2672 613 721 202 0 0 2
cob=(2)
cfi=(51)
cfn=(2302)
calls=103 0 
0 44627 6702 5467 2 104 106
0 107088 108 26179 303 2 6218 3

fn=(3334)
0 140844 38412 32010 5314 0 3100 2

fn=(3346)
0 1862982 230472 499356 25670 57618 35312 9 0 3
cfn=(3332)
calls=19206 0 
0 172854 76824 38412 0 6402 6403
0 1325213 403326 422531 2673 0 32010 5 0 3
cfn=(3324)
calls=1 0 
0 246 63 39 0 16 4
0 1

fn=(3364)
0 1075552 384120 179264 6706 76820 18602 4
cob=(2)
cfi=(51)
cfn=(2302)
calls=4 0 
0 1604 303 246 14 55 24 0 0 2
0 66 24 11 1 0 1 1
cob=(2)
cfi=(51)
cfn=(3366) 0x0000000004dcb620
calls=3 0 
0 744 192 117 7 25 0 6
0 18 6 3 1 0 0 1
cob=(2)
cfi=(51)
cfn=(3094)
calls=3 0 
0 744 192 117 6 3 0 1
0 3

fn=(3372)
0 574509078 164877108 81158154 5314 90043886 0 2

fn=(3388)
0 32189256 17330214 4942344 0 1209978

fn=(3420)
0 70411 12802 25604 101 0 100 1
cob=(2)
cfi=(51)
cfn=(3098)
calls=6401 0 
0 38406 12802 0 5 302
0 51208 0 6401 103 0 0 2
cob=(2)
cfi=(51)
cfn=(2302)
calls=6401 0 
0 3568102 485650 393839 101 39985 26507
0 76812 25604 12802

fn=(3674)
0 24 8 4 2 2 0 2
cob=(2)
cfi=(51)
cfn=(2892)
calls=1 0 
0 99 31 15

fn=(2270) _GLOBAL__sub_I_radon_partially_pooled_noncentered.hpp
0 25 0 17 4 0 3 4 0 3
cfn=(2272)
calls=1 0 
0 2654 597 431 89 74 16 52 6 1
0 5 1 1
cob=(2)
cfi=(51)
cfn=(2306)
calls=1 0 
0 28817 6695 3738 497 251 94 248 25 61
0 7 0 1 2 0 0 1
cob=(2)
cfi=(51)
cfn=(2512)
calls=1 0 
0 77 15 15 5 2 2
0 2 0 1
cob=(2)
cfi=(51)
cfn=(2514) 0x0000000004dcb720
calls=1 0 
0 27 11 7 3 3 0 1
0 5 1 1 0 1
cob=(2)
cfi=(51)
cfn=(2512)
calls=1 0 
0 77 15 15 0 0 1 0 0 1
0 3 0 1
cfn=(2516)
calls=1 0 
0 51 12 11 4 1 1 4 1 1
0 5 1 1 1 1 0 1
cob=(2)
cfi=(51)
cfn=(2512)
calls=1 0 
0 77 15 15
0 3 0 1
cfn=(2516)
calls=1 0 
0 51 12 11 0 1 0 0 1
0 4 0 1
cob=(2)
cfi=(51)
cfn=(2512)
calls=1 0 
0 77 15 15 0 0 1 0 0 1
0 4 0 1
cfn=(2516)
calls=1 0 
0 51 12 11 0 1 1 0 1 1
0 4 0 1 1 0 0 1
cob=(2)
cfi=(51)
cfn=(2512)
calls=1 0 
0 1313 374 250 50 22 16 1
0 3 0 2 0 0 1
cob=(2)
cfi=(51)
cfn=(2524) 0x0000000004dcb3e0
calls=1 0 
0 52 14 7 2 1 0 2
0 80 2 70 2 0 8 2
cob=(2)
cfi=(51)
cfn=(2524)
calls=1 0 
0 52 14 7
0 12 1 4
cob=(2)
cfi=(51)
cfn=(2512)
calls=1 0 
0 77 15 15
0 34 12 7 4 3 0 4 2
cfn=(2528)
calls=1 0 
0 563 172 16 38 39 0 38 38
0 16 3 2 1 2 0 1 2
cfn=(2538)
calls=1 0 
0 1250 226 80 34 23 0 34 21
0 3 2 1 0 1 0 0 1
cfn=(2538)
calls=1 0 
0 2012 508 241 6 11 0 6 11
0 10 3 5 1 0 1 1
cfn=(2554)
calls=1 0 
0 148 39 11 12 4 0 12 4
0 11 5 4
cfn=(2554)
calls=1 0 
0 147 38 11 4 4 0 4 4
0 11 4 4
cfn=(2554)
calls=1 0 
0 145 37 11 2 2 0 2 2
0 8 3 2 1 0 0 1
cfn=(2552) double boost::math::detail::lgamma_imp_final<double, boost::math::policies::policy<boost::math::policies::pole_error<(boost::math::policies::error_policy_type)1>, boost::math::policies::overflow_error<(boost::math::policies::error_policy_type)1>, boost::math::policies::promote_float<false>, boost::math::policies::promote_double<false>, boost::math::policies::default_policy, boost::math::policies::default_policy, boost::math::policies::default_policy, boost::math::policies::default_policy, boost::math::policies::default_policy, boost::math::policies::default_policy, boost::math::policies::default_policy, boost::math::policies::default_policy, boost::math::policies::default_policy>, boost::math::lanczos::lanczos13m53>(double, boost::math::policies::policy<boost::math::policies::pole_error<(boost::math::policies::error_policy_type)1>, boost::math::policies::overflow_error<(boost::math::policies::error_policy_type)1>, boost::math::policies::promote_float<false>, boost::math::policies::promote_double<false>, boost::math::policies::default_policy, boost::math::policies::default_policy, boost::math::policies::default_policy, boost::math::policies::default_policy, boost::math::policies::default_policy, boost::math::policies::default_policy, boost::math::policies::default_policy, boost::math::policies::default_policy, boost::math::policies::default_policy> const&, boost::math::lanczos::lanczos13m53 const&, int*) [clone .isra.0]
calls=1 0 
0 83 25 2 10 4 0 10 4
0 6 3 1 1 1 0 1 1
cfn=(2552)
calls=1 0 
0 84 24 2 5 2 0 5 2
0 6 3 1
cfn=(2552)
calls=1 0 
0 83 24 2 3 1 0 3 1
0 10 3 2 1 1 0 1
cob=(2)
cfi=(51)
cfn=(2572)
calls=1 0 
0 19 7 2 3 1 0 1
0 10 4 1
cob=(2)
cfi=(51)
cfn=(2574)
calls=1 0 
0 8 4 1 2 1 0 1
0 8 3 5 1 0 0 1
cfn=(2558) long double boost::math::detail::bessel_k1_imp<long double>(long double const&, std::integral_constant<int, 64> const&) [clone .isra.0]
calls=1 0 
0 49 11 5 8 3 0 8 2
0 7 3 4
cfn=(2558)
calls=1 0 
0 112 24 11 3 1 0 3
0 10 0 3 3 0 0 2

fn=(2282)
0 34 2 18 4 0 0 2
cob=(2)
cfi=(51)
cfn=(2284)
calls=2 0 
0 118 30 16 6 5 0 1
0 24 4 12 2 0 0 1
cob=(2)
cfi=(51)
cfn=(2278)
calls=2 0 
0 76 6
0 34 10 8 5 0 0 3
cob=(2)
cfi=(51)
cfn=(2286) 0x0000000004dcb590
calls=2 0 
0 1178 306 135 30 45 10 13 5
0 56 24 4 4 0 0 2
cfn=(2296)
calls=2 0 
0 252 58 50 13 4 0 6
0 28 6 8 2 0 0 1

fn=(2558)
0 23 3 3 1 0 0 1
cob=(2)
cfi=(51)
cfn=(2530)
calls=1 0 
0 70 16 5
0 5 1 2
cob=(2)
cfi=(51)
cfn=(2566) 0x0000000004dcb670
calls=1 0 
0 15 4 1 3 1 0 3
0 10 2 4 2 0 0 2
cob=(2)
cfi=(51)
cfn=(2560) 0x0000000004dcb0e0
calls=1 0 
0 34 7 1 5 3 0 5 2
0 4 2

fn=(2586)
0 16 1 8 2 0 0 2
cfn=(2588)
calls=1 0 
0 77763888 23672554 13950267 2212 15089 17678 1155 221 8875
0 4 2 1 1 1
cfn=(3164)
calls=1 0 
0 743378 234918 238771 172 6033 6647 107 274 3296
0 7 3 2 0 3 1
cfn=(3180)
calls=1 0 
0 3218 937 466 19 51 4 16
0 6 3 2 1 1 0 1
cfn=(3190)
calls=1 0 
0 106 27 20 3 7 2 3
0 3 1 1
cob=(2)
cfi=(51)
cfn=(3192)
calls=1 0 
0 103 23 12 7 4 0 2
0 7 2 2 1 0 0 1
cob=(2)
cfi=(51)
cfn=(2892)
calls=1 0 
0 99 31 15
0 9 1 6 0 0 2
cob=(2)
cfi=(51)
cfn=(3196) 0x0000000004dcb210
calls=1 0 
0 854 262 198 43 30 6
0 4 0 1 1 0 0 1
cob=(2)
cfi=(51)
cfn=(3198)
calls=1 0 
0 656 182 112 51 13 0 1 1
0 4 2 1 0 1
cob=(2)
cfi=(51)
cfn=(3198)
calls=1 0 
0 139 46 26
0 5 0 2
cob=(2)
cfi=(51)
cfn=(3198)
calls=1 0 
0 139 46 26
0 4 2 1 1 0 0 1
cob=(2)
cfi=(51)
cfn=(3198)
calls=1 0 
0 139 46 26
0 5 0 2
cob=(2)
cfi=(51)
cfn=(3198)
calls=1 0 
0 139 46 26
0 4 2 1 0 1
cob=(2)
cfi=(51)
cfn=(3198)
calls=1 0 
0 139 46 26
0 11 5 1 1 2 0 1
cob=(2)
cfi=(51)
cfn=(3200) 0x0000000004dcae00
calls=1 0 
0 66 27 12 4 1 0 3
0 2 0 1
cob=(2)
cfi=(51)
cfn=(3204) 0x0000000004dcb1f0
calls=1 0 
0 68 30 10 5 1 0 5
0 4 0 1 1 0 0 1
cob=(2)
cfi=(51)
cfn=(3198)
calls=1 0 
0 136 47 27
0 4 2 1 0 1
cob=(2)
cfi=(51)
cfn=(3198)
calls=1 0 
0 139 46 26
0 5 0 2
cob=(2)
cfi=(51)
cfn=(3198)
calls=1 0 
0 139 46 26
0 4 2 1 1 1 0 1
cob=(2)
cfi=(51)
cfn=(3198)
calls=1 0 
0 141 47 27
0 5 0 2
cob=(2)
cfi=(51)
cfn=(3198)
calls=1 0 
0 139 46 26
0 4 2 1
cob=(2)
cfi=(51)
cfn=(3198)
calls=1 0 
0 139 46 26
0 11 5 1 1 0 0 1
cob=(2)
cfi=(51)
cfn=(3200)
calls=1 0 
0 66 27 12
0 2 0 1
cob=(2)
cfi=(51)
cfn=(3204)
calls=1 0 
0 68 30 10
0 4 0 1 1 0 0 1
cob=(2)
cfi=(51)
cfn=(3198)
calls=1 0 
0 134 47 27
0 10 5 1
cob=(2)
cfi=(51)
cfn=(3200)
calls=1 0 
0 66 27 12 0 0 1
0 2 0 1 1 0 0 1
cob=(2)
cfi=(51)
cfn=(3204)
calls=1 0 
0 68 30 10
0 4 0 1
cob=(2)
cfi=(51)
cfn=(3198)
calls=1 0 
0 134 47 27 0 1 0 0 1
0 10 5 1 1 0 0 1
cob=(2)
cfi=(51)
cfn=(3200)
calls=1 0 
0 66 27 12
0 2 0 1
cob=(2)
cfi=(51)
cfn=(3204)
calls=1 0 
0 68 30 10
0 4 0 1
cob=(2)
cfi=(51)
cfn=(3198)
calls=1 0 
0 136 47 27
0 10 5 1 1 0 0 1
cob=(2)
cfi=(51)
cfn=(3200)
calls=1 0 
0 66 27 12
0 2 0 1
cob=(2)
cfi=(51)
cfn=(3204)
calls=1 0 
0 68 30 10
0 4 0 1
cob=(2)
cfi=(51)
cfn=(3198)
calls=1 0 
0 134 47 27
0 10 5 1 1 0 0 1
cob=(2)
cfi=(51)
cfn=(3200)
calls=1 0 
0 66 27 12
0 2 0 1
cob=(2)
cfi=(51)
cfn=(3204)
calls=1 0 
0 68 30 10
0 4 0 1 1 0 0 1
cob=(2)
cfi=(51)
cfn=(3198)
calls=1 0 
0 134 47 27 0 1 1 0 1
0 10 5 1
cob=(2)
cfi=(51)
cfn=(3200)
calls=1 0 
0 66 27 12
0 2 0 1
cob=(2)
cfi=(51)
cfn=(3204)
calls=1 0 
0 68 30 10
0 4 0 1 1 0 0 1
cob=(2)
cfi=(51)
cfn=(3198)
calls=1 0 
0 134 47 27
0 10 5 1 1 0 0 1
cob=(2)
cfi=(51)
cfn=(3200)
calls=1 0 
0 66 27 12
0 2 0 1
cob=(2)
cfi=(51)
cfn=(3204)
calls=1 0 
0 68 30 10
0 4 0 1
cob=(2)
cfi=(51)
cfn=(3198)
calls=1 0 
0 134 47 27 0 1 1 0 1
0 10 5 1 1 0 0 1
cob=(2)
cfi=(51)
cfn=(3200)
calls=1 0 
0 66 27 12
0 2 0 1
cob=(2)
cfi=(51)
cfn=(3204)
calls=1 0 
0 68 30 10
0 4 3 1
cfn=(3210) radon_partially_pooled_noncentered_model_namespace::radon_partially_pooled_noncentered_model::model_compile_info[abi:cxx11]() const
calls=1 0 
0 781 201 135 11 7 2 11
0 17 6 5 1 0 0 1
cfn=(2766)
calls=1 0 
0 128 31 21 4
0 7 4 2
cfn=(2766)
calls=1 0 
0 128 31 21
0 10 0 4 1 0 0 1
cob=(2)
cfi=(51)
cfn=(3198)
calls=2 0 
0 278 92 52
0 8 4 2
cob=(2)
cfi=(51)
cfn=(3198)
calls=2 0 
0 268 94 54 0 0 1
0 22 10 2 1 0 0 1
cob=(2)
cfi=(51)
cfn=(3200)
calls=2 0 
0 132 54 24
0 4 0 2
cob=(2)
cfi=(51)
cfn=(3204)
calls=2 0 
0 136 60 20
0 14 6 2 1 0 0 1
cob=(2)
cfi=(51)
cfn=(2892)
calls=2 0 
0 198 62 30
0 25 8 2 1 0 0 1
cob=(2)
cfi=(51)
cfn=(2892)
calls=2 0 
0 198 62 30 0 1
0 11 2 1
cob=(2)
cfi=(51)
cfn=(2892)
calls=1 0 
0 99 31 15
0 3 1 1
cob=(2)
cfi=(51)
cfn=(3212) 0x0000000004dcb7b0
calls=1 0 
0 980 165 132 20 6 6 2
0 2 1 1 1 0 0 1
cob=(2)
cfi=(51)
cfn=(3192)
calls=1 0 
0 910 107 73 4 10 4 2
0 11 3 2
cob=(2)
cfi=(51)
cfn=(2892)
calls=1 0 
0 99 31 15 0 1
0 9 3 3 1 1 0 1
cfn=(3216)
calls=1 0 
0 147848 34549 28764 63 27 452 36 6
0 3 0 1
cfn=(3228)
calls=1 0 
0 124176 40319 23342 36 96 194 18
0 1579 396 5 2 88 1 2
cfn=(3230)
calls=1 0 
0 136295 32088 26597 30 9 3 30
0 3 0 1 1 0 0 1
cfn=(3228)
calls=1 0 
0 124242 40329 23350 4 79 192
0 1579 396 5 2 80 0 2
cfn=(3230)
calls=1 0 
0 284693 66138 55123 17 98 457 16 0 180
0 3 0 1
cfn=(3228)
calls=1 0 
0 258651 96574 63185 6 512 574
0 3123 782 5 2 392 0 2
cfn=(3230)
calls=1 0 
0 136295 32088 26597 1 13 3
0 3 0 1 1 0 0 1
cfn=(3228)
calls=1 0 
0 124392 40352 23368 6 102 302
0 1579 396 5 2 90 0 2
cfn=(3230)
calls=1 0 
0 276670 64442 53475 1 11 194
0 3 0 1
cfn=(3228)
calls=1 0 
0 258725 96583 63186 5 428 644
0 3122 781 4 3 389 0 3
cob=(2)
cfi=(51)
cfn=(2892)
calls=1 0 
0 142 40 19 0 6
0 2 1 1
cob=(2)
cfi=(51)
cfn=(3234) 0x0000000004dcb240
calls=1 0 
0 200 63 39 4 13 2
0 8167 9 0 4 2 0 4

fn=(2592)
0 37 8 8 4 0 0 4
cob=(2)
cfi=(51)
cfn=(2578)
calls=1 0 
0 17 4 2
0 3 2

fn=(2692)
0 44 2 29 5 1 0 5 1
cob=(2)
cfi=(51)
cfn=(2694)
calls=1 0 
0 5366 1697 864 48 66 19 38 7
0 86 18 33 14 1 0 14
cfn=(2740)
calls=1 0 
0 15 5 2 1 0 0 1
0 10 3 1 1 0 0 1
cfn=(2742)
calls=1 0 
0 77723823 23661816 13944222 1681 14621 17613 783 186 8874
0 5 1 1 2 1 0 1
cfn=(2740)
calls=1 0 
0 28 9 5 0 1 1
0 15 6 2 1 2 0 1
cfn=(3070)
calls=1 0 
0 14903 3405 2059 136 46 15 124
0 8 3 1 1 2 0 1
cob=(2)
cfi=(51)
cfn=(3098)
calls=1 0 
0 91 29 15 1 2 1
0 5 1 1
cob=(2)
cfi=(51)
cfn=(2892)
calls=1 0 
0 99 31 15 0 1
0 11 9 0 1 1 0 1

fn=(2758)
0 170 36 59 8 3 3 2
cfn=(2760)
calls=3 0 
0 66 24 24 0 0 2
0 27 0 6 1 0 0 1
cfn=(2760)
calls=3 0 
0 66 24 24 2 0 4 2
0 48 22 10 5 3 0 1
cfn=(2766)
calls=5 0 
0 255 67 48 1 3 3
0 60 10 11 4 0 0 1
cfn=(2760)
calls=6 0 
0 604 144 116 8 7 3 1
0 24 0 6
cob=(2)
cfi=(51)
cfn=(2950) 0x0000000004dcae80
calls=6 0 
0 579 165 54
0 131 60 5 9 6 3 2
cfn=(2982) stan::json::json_data_handler::save_key_value_pair()
calls=5 0 
0 520109 506801 505225 269 8168 7974 111 0 4477
0 9 0 1 1 0 0 1
cob=(2)
cfi=(51)
cfn=(2762) 0x0000000004dcb4f0
calls=1 0 
0 176 41 33 14 2 1 13
0 118 20 48 2 5 6 2 1
cfn=(2926) bool boost::regex_match<__gnu_cxx::__normal_iterator<char const*, std::__cxx11::basic_string<char, std::char_traits<char>, std::allocator<char> > >, std::allocator<boost::sub_match<__gnu_cxx::__normal_iterator<char const*, std::__cxx11::basic_string<char, std::char_traits<char>, std::allocator<char> > > > >, char, boost::regex_traits<char, boost::cpp_regex_traits<char> > >(__gnu_cxx::__normal_iterator<char const*, std::__cxx11::basic_string<char, std::char_traits<char>, std::allocator<char> > >, __gnu_cxx::__normal_iterator<char const*, std::__cxx11::basic_string<char, std::char_traits<char>, std::allocator<char> > >, boost::match_results<__gnu_cxx::__normal_iterator<char const*, std::__cxx11::basic_string<char, std::char_traits<char>, std::allocator<char> > >, std::allocator<boost::sub_match<__gnu_cxx::__normal_iterator<char const*, std::__cxx11::basic_string<char, std::char_traits<char>, std::allocator<char> > > > > >&, boost::basic_regex<char, boost::regex_traits<char, boost::cpp_regex_traits<char> > > const&, boost::regex_constants::_match_flags)
calls=6 0 
0 11570 3424 2106 218 96 45 89 3 2
0 18 0 12
cfn=(2948)
calls=6 0 
0 744 240 114 8 0 0 2
0 72 18 12 2 0 1 1
cob=(2)
cfi=(51)
cfn=(2950)
calls=6 0 
0 579 165 54 5 19 0 3
0 21 0 1 2 0 0 2
cob=(2)
cfi=(51)
cfn=(2572)
calls=1 0 
0 19 7 2 2 1
0 7 0 2
cob=(2)
cfi=(51)
cfn=(2284)
calls=1 0 
0 456 64 52 0 3 1
0 6 0 4 1 0 1 1
cob=(2)
cfi=(51)
cfn=(2284)
calls=1 0 
0 59 15 8
0 5 0 3
cob=(2)
cfi=(51)
cfn=(2768)
calls=1 0 
0 27 11 6 2 1 0 1
0 2 0 1
cob=(2)
cfi=(51)
cfn=(2768)
calls=1 0 
0 27 11 6
0 5 0 2
cob=(2)
cfi=(51)
cfn=(2770)
calls=1 0 
0 9 4 1 3
0 3 1 1 1 0 0 1
cob=(2)
cfi=(51)
cfn=(2774) 0x0000000004dcb3f0
calls=1 0 
0 22 8 3 1 1
0 2 1 1
cob=(2)
cfi=(51)
cfn=(2776) 0x0000000004dcb030
calls=1 0 
0 21 10 2 1 1 0 1
0 3 1 2
cob=(2)
cfi=(51)
cfn=(2778) 0x0000000004dcb6e0
calls=1 0 
0 1004 352 174 19 26 15 12 3 9
0 4 1 1
cob=(2)
cfi=(51)
cfn=(2790) 0x0000000004dcb510
calls=1 0 
0 183 63 31 2 0 0 2
0 3 1 2
cob=(2)
cfi=(51)
cfn=(2794) 0x0000000004dcb300
calls=1 0 
0 124 44 23 4 5 0 3
0 3 1 2 1 0 0 1
cob=(2)
cfi=(51)
cfn=(2798)
calls=1 0 
0 10 5 1 1 1 0 1
0 2 0 1
cob=(2)
cfi=(51)
cfn=(2274)
calls=1 0 
0 38 10 4 1 2 0 0 1
0 6 1 1
cfn=(2800)
calls=1 0 
0 14002 6411 4829 141 116 20 95 35 2
0 2 0 1
cob=(2)
cfi=(51)
cfn=(2304)
calls=1 0 
0 24 5 3
0 2 0 1 1 0 0 1
cob=(2)
cfi=(51)
cfn=(2798)
calls=1 0 
0 10 5 1
0 2 1 1
cob=(2)
cfi=(51)
cfn=(2798)
calls=1 0 
0 10 5 1
0 6 2 3
cob=(2)
cfi=(51)
cfn=(2284)
calls=1 0 
0 59 15 8 0 1
0 68 3 52 4 0 4 4
cob=(2)
cfi=(51)
cfn=(2284)
calls=1 0 
0 59 15 8
0 34 7 19 3 0 0 3
cfn=(2870) boost::re_detail_500::cpp_regex_traits_implementation<char>::lookup_classname(char const*, char const*) const
calls=1 0 
0 236 50 18 9 6 0 9 3
0 6 2 2
cfn=(2870)
calls=1 0 
0 234 50 18 0 1 0 0 1
0 6 2 2 1 0 0 1
cfn=(2870)
calls=1 0 
0 253 54 18 1 3 0 0 1
0 6 2 2
cfn=(2870)
calls=1 0 
0 256 56 18
0 6 2 2 1 0 0 1
cfn=(2870)
calls=1 0 
0 283 62 18 0 1
0 27 4 16 3 1 0 3
cfn=(2876)
calls=1 0 
0 581 90 71 11 7 1 5
0 8 2 3
cfn=(2880) boost::re_detail_500::basic_regex_parser<char, boost::regex_traits<char, boost::cpp_regex_traits<char> > >::parse_all()
calls=1 0 
0 6524 1637 756 87 10 14 85 2
0 4 0 2 1 0 0 1
cfn=(2910)
calls=1 0 
0 34 15 6 4 0 0 4
0 19 6 3 3 0 0 3
cfn=(2912)
calls=1 0 
0 4225 774 359 49 5 0 49 5
0 18 5 3 2 0 0 2
cob=(2)
cfi=(51)
cfn=(2512)
calls=1 0 
0 77 15 15 3
0 2 0 1
cob=(2)
cfi=(51)
cfn=(2574)
calls=1 0 
0 8 4 1
0 20 1 6 4 0 0 2
cfn=(2954)
calls=6 0 
0 2366 621 360 37 10 4 28
0 167 43 22 5 9 0 1
cob=(2)
cfi=(51)
cfn=(2594)
calls=10 0 
0 180 50 0 0 5
0 80 12 2 5 0 0 1
cob=(2)
cfi=(51)
cfn=(2594)
calls=2 0 
0 36 10
0 26 0 6 3 0 0 1
cob=(2)
cfi=(51)
cfn=(2284)
calls=6 0 
0 1317 263 205 10 10 3
0 54 12 12 4 0 2 1
cfn=(2766)
calls=6 0 
0 290 78 56
0 30 0 12
cob=(2)
cfi=(51)
cfn=(2964) 0x0000000004dcb790
calls=6 0 
0 467 144 65 21 2 0 14
0 61 9 3 2 0 0 1
cob=(2)
cfi=(51)
cfn=(2866)
calls=3 0 
0 92 20 24 0 2
0 12 3 3
cob=(2)
cfi=(51)
cfn=(2866)
calls=3 0 
0 123 32 31 0 1 2
0 41 18 15 2 0 0 1
cfn=(3012)
calls=3 0 
0 114 25 9
0 9 0 0 2 0 0 1

fn=(2880)
0 48 18 11 3 0 0 3
cfn=(2882) boost::re_detail_500::basic_regex_parser<char, boost::regex_traits<char, boost::cpp_regex_traits<char> > >::parse_extended()
calls=3 0 
0 6459 1613 745 84 10 14 82 2
0 17 6

fn=(2882)
0 60 26 9 3 3 0 3 2
cfn=(2904)
calls=1 0 
0 243 63 52 19 2 5 17
0 23 11 1 2 0 0 2
cfn=(2884)
calls=2 0 
0 6133 1513 683 60 5 9 60

fn=(2906)
0 40 5 10 3 0 0 3
cob=(2)
cfi=(51)
cfn=(2908)
calls=1 0 
0 55 13 9 6 2 4 4
0 16 10 4 1 0 0 1

fn=(2936)
0 162 66 42 11 4 0 4 1

fn=(2976)
0 587351 51074 255370 5 2 0 2
cfn=(2760)
calls=25537 0 
0 2706890 638419 510736 0 10 1
0 997077 255751 102145 1 6 0 1
cob=(2)
cfi=(51)
cfn=(2594)
calls=76608 0 
0 1633109 382648 0 5 2 0 1
0 1019908 127295 25537 4 0 0 2
cob=(2)
cfi=(51)
cfn=(2594)
calls=25537 0 
0 661989 127294
0 918898 331203 76192 9 7 1565 3 0 768
cob=(2)
cfi=(51)
cfn=(3036) 0x0000000004dcae30
calls=389 0 
0 9725 3890 2723 3 3 53 2 0 27
0 434 0 15 2 0 0 1
cob=(2)
cfi=(51)
cfn=(2978) 0x0000000004dcb780
calls=15 0 
0 57312 50994 50524 47 737 1049 10 0 1019
0 15

fn=(3022) std::_Rb_tree_iterator<std::pair<std::__cxx11::basic_string<char, std::char_traits<char>, std::allocator<char> > const, stan::json::array_dims> > std::_Rb_tree<std::__cxx11::basic_string<char, std::char_traits<char>, std::allocator<char> >, std::pair<std::__cxx11::basic_string<char, std::char_traits<char>, std::allocator<char> > const, stan::json::array_dims>, std::_Select1st<std::pair<std::__cxx11::basic_string<char, std::char_traits<char>, std::allocator<char> > const, stan::json::array_dims> >, std::less<std::__cxx11::basic_string<char, std::char_traits<char>, std::allocator<char> > >, std::allocator<std::pair<std::__cxx11::basic_string<char, std::char_traits<char>, std::allocator<char> > const, stan::json::array_dims> > >::_M_emplace_hint_unique<std::piecewise_construct_t const&, std::tuple<std::__cxx11::basic_string<char, std::char_traits<char>, std::allocator<char> > const&>, std::tuple<> >(std::_Rb_tree_const_iterator<std::pair<std::__cxx11::basic_string<char, std::char_traits<char>, std::allocator<char> > const, stan::json::array_dims> >, std::piecewise_construct_t const&, std::tuple<std::__cxx11::basic_string<char, std::char_traits<char>, std::allocator<char> > const&>&&, std::tuple<>&&) [clone .isra.0]
0 48 0 28 3 0 0 2
cob=(2)
cfi=(51)
cfn=(2284)
calls=4 0 
0 955 181 156 1 3 5
0 40 12 8 0 0 2
cfn=(2766)
calls=4 0 
0 220 56 40 0 0 1
0 36 0 20 2 0 0 1
cfn=(3024)
calls=4 0 
0 275 81 43 16 0 0 12
0 44 0 4
cob=(2)
cfi=(51)
cfn=(2866)
calls=4 0 
0 144 34 39 1 1 0 1
0 68 36 8 5 0 0 2
cob=(2)
cfi=(51)
cfn=(2594)
calls=2 0 
0 48 12
0 12 2 0 1 0 0 1

fn=(3038) double& std::vector<double, std::allocator<double> >::emplace_back<double>(double&&)
0 8947 3501 2723 2 0 53 2 0 27

fn=(3050) std::_Rb_tree<std::__cxx11::basic_string<char, std::char_traits<char>, std::allocator<char> >, std::pair<std::__cxx11::basic_string<char, std::char_traits<char>, std::allocator<char> > const, std::pair<std::vector<double, std::allocator<double> >, std::vector<unsigned long, std::allocator<unsigned long> > > >, std::_Select1st<std::pair<std::__cxx11::basic_string<char, std::char_traits<char>, std::allocator<char> > const, std::pair<std::vector<double, std::allocator<double> >, std::vector<unsigned long, std::allocator<unsigned long> > > > >, std::less<std::__cxx11::basic_string<char, std::char_traits<char>, std::allocator<char> > >, std::allocator<std::pair<std::__cxx11::basic_string<char, std::char_traits<char>, std::allocator<char> > const, std::pair<std::vector<double, std::allocator<double> >, std::vector<unsigned long, std::allocator<unsigned long> > > > > >::_M_get_insert_hint_unique_pos(std::_Rb_tree_const_iterator<std::pair<std::__cxx11::basic_string<char, std::char_traits<char>, std::allocator<char> > const, std::pair<std::vector<double, std::allocator<double> >, std::vector<unsigned long, std::allocator<unsigned long> > > > >, std::__cxx11::basic_string<char, std::char_traits<char>, std::allocator<char> > const&)
0 36 7 13 4 0 0 2
cfn=(3012)
calls=1 0 
0 42 9 3
0 22 13 0 1 0 0 1
cob=(2)
cfi=(51)
cfn=(3052) 0x0000000004dcaf50
calls=1 0 
0 32 11 8 5 1 0 3

fn=(3068)
0 33 12 8 4 0 0 4
cfn=(2982)
calls=1 0 
0 106086 101785 101218 61 1685 1600 1

fn=(3082) bool std::binary_search<char const*, char>(char const*, char const*, char const&)
0 84 12 0 1 0 0 1

fn=(3112) std::_Rb_tree<std::__cxx11::basic_string<char, std::char_traits<char>, std::allocator<char> >, std::pair<std::__cxx11::basic_string<char, std::char_traits<char>, std::allocator<char> > const, int>, std::_Select1st<std::pair<std::__cxx11::basic_string<char, std::char_traits<char>, std::allocator<char> > const, int> >, std::less<std::__cxx11::basic_string<char, std::char_traits<char>, std::allocator<char> > >, std::allocator<std::pair<std::__cxx11::basic_string<char, std::char_traits<char>, std::allocator<char> > const, int> > >::_M_erase(std::_Rb_tree_node<std::pair<std::__cxx11::basic_string<char, std::char_traits<char>, std::allocator<char> > const, int> >*)
0 106 22 42 4 4 0 4
cob=(2)
cfi=(51)
cfn=(2892)
calls=2 0 
0 219 66 29
0 66 18 10 1 0 0 1
cob=(2)
cfi=(51)
cfn=(2892)
calls=6 0 
0 657 198 87 0 1
0 44 28

fn=(3168)
0 42 1 14 3 0 7 3 0 5
cob=(2)
cfi=(51)
cfn=(2578)
calls=1 0 
0 17442 17415 17410 0 274 266 0 272 128
0 237461 13894 9375 40 8 33 36 1 23
cob=(2)
cfi=(51)
cfn=(2578)
calls=2 0 
0 34788 34734 34724 1 550 542 0 273 21
0 459023 26864 18082 68 12 42 34 0 20

fn=(3170)
0 100 12 36 2 2 1 2
cob=(2)
cfi=(51)
cfn=(2984)
calls=4 0 
0 392 108 36 0 6 1
0 15 0 1 1 0 0 1
cob=(2)
cfi=(51)
cfn=(2984)
calls=1 0 
0 116 26 9
0 15 2 4 1 1 1 1
cob=(2)
cfi=(51)
cfn=(2284)
calls=1 0 
0 55 15 8 0 1
0 16 3 3
cob=(2)
cfi=(51)
cfn=(2908)
calls=1 0 
0 15 4 2 0 2
0 145 19 4 5 0 0 5
cob=(2)
cfi=(51)
cfn=(2988)
calls=3 0 
0 438 108 31 1 7
0 15 0 3
cfn=(2994) std::vector<unsigned long, std::allocator<unsigned long> >::vector(std::vector<unsigned long, std::allocator<unsigned long> > const&)
calls=3 0 
0 171 43 36 2 4
0 23 8 1 1 0 0 1
cob=(2)
cfi=(51)
cfn=(2984)
calls=1 0 
0 116 26 9
0 23 8 2 1 0 0 1
cob=(2)
cfi=(51)
cfn=(2892)
calls=2 0 
0 198 62 30 0 6 1
0 53 36 3 1 0 0 1
cob=(2)
cfi=(51)
cfn=(2988)
calls=3 0 
0 438 108 31
0 18 4 4 1 0 0 1
cob=(2)
cfi=(51)
cfn=(2858)
calls=4 0 
0 292 62 24 3 5
0 32 6 3
cob=(2)
cfi=(51)
cfn=(2988)
calls=3 0 
0 438 108 31
0 9

fn=(3174)
0 39636 13212 13212

fn=(3238) bs_set_print_callback
0 30 11 7 4 2 0 4

fn=(3248) bs_rng_construct
0 28 2 14 4 0 1 2
cob=(2)
cfi=(51)
cfn=(2284)
calls=2 0 
0 1672 194 156 5 26 9
0 68 0 40 2 0 2 1
cfn=(3168)
calls=2 0 
0 493895 61600 52834 75 562 596 36 273 44
0 26 16 4 2 2 1 1

fn=(3264)
0 35 4 20 4 2 0 4
cfn=(3266)
calls=1 0 
0 607 134 104 19 6 2 15 1
0 14 5 3 1 1 0 1
cfn=(3268) stan::io::empty_var_context::contains_r(std::__cxx11::basic_string<char, std::char_traits<char>, std::allocator<char> > const&) const
calls=1 0 
0 3 1 0 1 0 0 1
0 21 9 3
cfn=(3268)
calls=3 0 
0 9 3
0 24 12 8
cfn=(3268)
calls=4 0 
0 12 4
0 77 18 15 5 4 0 5
cob=(2)
cfi=(51)
cfn=(2596)
calls=1 0 
0 87 13 30 3 6
0 20 6 9 2 1 0 2
cob=(2)
cfi=(51)
cfn=(2598)
calls=1 0 
0 223 76 44 10 20
0 14 5 5 1 2 0 1
cob=(2)
cfi=(51)
cfn=(2598)
calls=1 0 
0 223 76 44
0 24 8 11 3 1 0 3
cob=(2)
cfi=(51)
cfn=(2768)
calls=1 0 
0 27 11 6 1 1
0 14 1 8 1 1 0 1
cob=(2)
cfi=(51)
cfn=(2598)
calls=1 0 
0 223 76 44
0 7 3 2 1 0 0 1
cfn=(3270)
calls=1 0 
0 35782 5468 6426 82 26 157 73 5
0 37 11 5 2 0 0 2
cob=(2)
cfi=(51)
cfn=(2892)
calls=4 0 
0 480 147 68
0 15 2 1 1 0 0 1
cob=(2)
cfi=(51)
cfn=(2892)
calls=1 0 
0 99 31 15
0 6 2 1
cob=(2)
cfi=(51)
cfn=(2892)
calls=1 0 
0 183 54 23
0 21 7 1 1 0 0 1
cob=(2)
cfi=(51)
cfn=(2892)
calls=1 0 
0 99 31 15
0 9 2 1 1 0 0 1
cob=(2)
cfi=(51)
cfn=(2892)
calls=1 0 
0 99 31 15
0 28 8 1 1 0 0 1
cob=(2)
cfi=(51)
cfn=(2892)
calls=1 0 
0 99 31 15
0 11 1 4 1 0 0 1
cob=(2)
cfi=(51)
cfn=(2746)
calls=1 0 
0 56 11 8 4 1
0 7 4 1 1 0 0 1
cob=(2)
cfi=(51)
cfn=(3294) 0x0000000004dcb580
calls=1 0 
0 51 8 8 5 2
0 11 3 2 1 1 0 1
cfn=(3296)
calls=1 0 
0 2592525 596241 526674 116 6305 6820 86 5 2
0 19 3 5 2 1 3 2
cob=(2)
cfi=(51)
cfn=(2746)
calls=1 0 
0 56 11 8 0 1
0 17 5 3 2 2 1 2
cob=(2)
cfi=(51)
cfn=(2596)
calls=1 0 
0 87 13 30 1 6 4
0 19 5 9 2 3 2 2
cob=(2)
cfi=(51)
cfn=(2598)
calls=1 0 
0 223 76 44 8 20 1
0 10 3 4 0 1
cob=(2)
cfi=(51)
cfn=(2598)
calls=1 0 
0 223 76 44
0 20 6 9 2 2 1 2
cob=(2)
cfi=(51)
cfn=(2768)
calls=1 0 
0 27 11 6 0 1
0 14 1 8 2 1 1 2
cob=(2)
cfi=(51)
cfn=(2598)
calls=1 0 
0 223 76 44
0 4 0 3 0 0 1
cob=(2)
cfi=(51)
cfn=(3320) 0x0000000004dcb5a0
calls=1 0 
0 30 11 2 5 4 0 2
0 13 2 4 2 1 1 2
cob=(2)
cfi=(51)
cfn=(2284)
calls=1 0 
0 481 78 63 0 9 6
0 9 0 3
cob=(2)
cfi=(51)
cfn=(2298)
calls=1 0 
0 3131 3 3112 4 1 47
0 10881 3896 3094 4 54 194 4 0 146
cfn=(3326) stan::model::model_base_crtp<radon_partially_pooled_noncentered_model_namespace::radon_partially_pooled_noncentered_model>::log_prob_propto_jacobian(std::vector<stan::math::var_value<double, void>, std::allocator<stan::math::var_value<double, void> > >&, std::vector<int, std::allocator<int> >&, std::ostream*) const
calls=1 0 
0 5011229 1676100 1706480 228 15298 46345 187 1 32829
0 189195 189191 37838 2 15639 0 1
cfn=(3392)
calls=2 0 
0 12 8 2 1 1 0 1
cfn=(3390)
calls=2 0 
0 18 14 2 1 1 0 1
cfn=(3388)
calls=1 0 
0 5028 2707 772 0 189
cfn=(3386)
calls=1 0 
0 4256 1935 772 2 385 0 2
cfn=(3384)
calls=3 0 
0 24 18 3 1 1 0 1
cfn=(3382)
calls=6 0 
0 12 6
cfn=(3380)
calls=1 0 
0 3110 1167 388 2 242 0 2
cfn=(3378)
calls=2 0 
0 4 2 0 1 0 0 1
cfn=(3376)
calls=12573 0 
0 25146 12573
cfn=(3374)
calls=25146 0 
0 201168 150876 25146 2 465 0 2
cfn=(3372)
calls=100 0 
0 89739 25754 12677 2 14058 0 2
0 151356 2 1 1 1 0 1
cfn=(3398) stan::math::recover_memory()
calls=1 0 
0 33 17 7 3 4 1 3
0 6 2 1
cob=(2)
cfi=(51)
cfn=(2892)
calls=1 0 
0 183 54 23 0 8
0 1 0 1
cob=(2)
cfi=(51)
cfn=(3320)
calls=1 0 
0 30 11 2 1 4
0 1413 401 5 7 6 2 7
cob=(2)
cfi=(51)
cfn=(2892)
calls=1 0 
0 170 49 21
0 2 1 1 0 1
cob=(2)
cfi=(51)
cfn=(3234)
calls=1 0 
0 104 33 23 12 13 1
0 2 1 1 1 0 0 1
cob=(2)
cfi=(51)
cfn=(3234)
calls=1 0 
0 104 33 23 0 2 2
0 2 1 1
cfn=(3402) std::vector<std::__cxx11::basic_string<char, std::char_traits<char>, std::allocator<char> >, std::allocator<std::__cxx11::basic_string<char, std::char_traits<char>, std::allocator<char> > > >::~vector()
calls=1 0 
0 148 42 18 2 5 0 2
0 88 10 30 4 2 0 3
cfn=(3324)
calls=10 0 
0 3529 843 588 6 28 66 6
0 40 22 1 2 0 0 2
cob=(2)
cfi=(51)
cfn=(2284)
calls=1 0 
0 287 51 43
0 11 2 1 1 0 0 1
cob=(2)
cfi=(51)
cfn=(2908)
calls=1 0 
0 331 105 101 1 1
0 14 2 3 1 0 0 1
cob=(2)
cfi=(51)
cfn=(3394) 0x0000000004dcb960
calls=1 0 
0 3784 99 3183 8 24 56 8
0 2346 781 390 1 59 0 1
cob=(2)
cfi=(51)
cfn=(3400) 0x0000000004dcb130
calls=1 0 
0 35 10 8 5 1 0 1
0 1 0 0 1 0 0 1

fn=(3266)
0 34 2 18 2 0 0 2
cfn=(2516)
calls=2 0 
0 148 34 26 4 3 0 0 1
0 6 0 2
cfn=(2516)
calls=2 0 
0 148 34 26 0 1
0 6 0 2
cfn=(2516)
calls=2 0 
0 148 34 26
0 6 0 2 1 0 0 1
cfn=(2516)
calls=2 0 
0 152 34 26
0 4 0 2
cob=(2)
cfi=(51)
cfn=(2284)
calls=2 0 
0 118 30 16 0 2
0 278 52 40 10 0 0 10
cob=(2)
cfi=(51)
cfn=(2578)
calls=2 0 
0 30 8 4 0 0 2
0 12 4 2 1 0 0 1
cob=(2)
cfi=(51)
cfn=(2578)
calls=2 0 
0 30 8 4
0 12 4 2
cob=(2)
cfi=(51)
cfn=(2578)
calls=2 0 
0 34 8 4
0 12 4 2 1 0 0 1
cob=(2)
cfi=(51)
cfn=(2578)
calls=2 0 
0 30 8 4 0 0 2
0 6 4

fn=(3280)
0 2244 612 510 103 0 0 2

fn=(3324)
0 1764 352 350 4 8 25 4 0 2
cob=(2)
cfi=(51)
cfn=(2908)
calls=30 0 
0 626098 623486 623378 0 9931 10210 0 0 6617
0 180 30 30 0 8
cob=(2)
cfi=(51)
cfn=(2892)
calls=30 0 
0 3842 1152 520 5 172 19
0 126 0 64 0 0 8
cob=(2)
cfi=(51)
cfn=(2284)
calls=32 0 
0 6926 1297 992 5 217 70 0 0 3
0 288 32 0 2 0 0 2

fn=(3326)
0 2 0 0 1 0 0 1
cfn=(3328)
calls=1 0 
0 5011227 1676100 1706480 227 15298 46345 186 1 32829

fn=(3360)
0 89628 19206 6402 152 0 0 1

fn=(3402)
0 36 11 3 1 3 0 1
cob=(2)
cfi=(51)
cfn=(2892)
calls=1 0 
0 99 31 15 0 2
0 13 0 0 1 0 0 1

fn=(3428) stan::scalar_type<Eigen::Matrix<stan::math::var_value<double, void>, -1, 1, 0, -1, 1>, void>::type radon_partially_pooled_noncentered_model_namespace::radon_partially_pooled_noncentered_model::log_prob_impl<true, true, Eigen::Matrix<stan::math::var_value<double, void>, -1, 1, 0, -1, 1>, Eigen::Matrix<int, -1, 1, 0, -1, 1>, (void*)0, (void*)0, (void*)0>(Eigen::Matrix<stan::math::var_value<double, void>, -1, 1, 0, -1, 1>&, Eigen::Matrix<int, -1, 1, 0, -1, 1>&, std::ostream*) const [clone .isra.0]
0 256040 51208 108817 1454 0 19201 4
cfn=(3330)
calls=6401 0 
0 115218 44807 25604 2
0 230436 57609 70411 6 6401 1201 3
cfn=(3332)
calls=6401 0 
0 57609 25604 12802 52 0 6401
0 32005 6401 6401 2 6401 0 1
cfn=(3334)
calls=6401 0 
0 140822 38406 32005 5312 0 3100
0 166426 51208 32005 6404 0 3300 2
cob=(2)
cfi=(51)
cfn=(3282)
calls=6401 0 
0 358456 115218 12802 1063 38125 0 0 16
0 121619 19203 44807 6401 0 2151 1
cfn=(3332)
calls=6401 0 
0 57609 25604 12802
0 172827 57609 51208 12853 0 0 3
cob=(2)
cfi=(51)
cfn=(3282)
calls=6401 0 
0 358456 115218 12802 0 6272 0 0 11
0 115218 25604 44807 2006 0 0 1
cfn=(3332)
calls=6401 0 
0 57609 25604 12802
0 83213 25604 38406 201 0 0 1
cfn=(3336)
calls=6401 0 
0 38406 12802 12802 1
0 32005 6401 12802 57 0 0 1
cfn=(3338)
calls=6401 0 
0 8256175 454473 1625856 22352 204 339552
0 38406 0 12802
cfn=(3340)
calls=6401 0 
0 71147115 16252139 21168107 1024 332064 1868494
0 32005 6401 6401 46 3301 0 1
cfn=(3342)
calls=6401 0 
0 64810125 19939115 19913511 7107 73208 1555342
0 25604 12802 6401
cfn=(3344)
calls=6401 0 
0 18422078 3962219 3533352 18078 143721 351854
0 83213 12802 38406 257 6401 0 1
cfn=(3336)
calls=6401 0 
0 38406 12802 12802 0 0 3100
0 19203 6401 6401
cfn=(3338)
calls=6401 0 
0 163352015 435268 40607944 5711 83212 10065473
0 44807 6401 12802 2 6401 3301 1
cfn=(3346)
calls=6401 0 
0 1120175 236837 320050 28329 51208 41707
0 19203 0 6401
cfn=(3348)
calls=6401 0 
0 185629 64010 51208 103 6401 6401
0 32005 12802 6401
cfn=(3346)
calls=6401 0 
0 1120175 236837 320050 0 6401 12802
0 19203 0 6401
cfn=(3348)
calls=6401 0 
0 185629 64010 51208
0 25604 6401 6401 102 6401 0 1
cfn=(3346)
calls=6401 0 
0 1120175 236837 320050 0 6401 19203
0 19203 0 6401
cfn=(3348)
calls=6401 0 
0 185629 64010 51208
0 44807 19203 19203 57 0 6401 1
cfn=(3350)
calls=6401 0 
0 96486569 19132589 17052264 44231 1373316 1645059
0 19203 0 6401
cfn=(3348)
calls=6401 0 
0 185629 64010 51208
0 3541186824 965776479 1207209397 158 16809529 10072074 4
cfn=(3362)
calls=80479773 0 
0 20443155344 4587795131 4829036019 45666 2717596 191338089 0 0 42324
0 241439319 0 80479773
cfn=(3348)
calls=80479773 0 
0 3005634357 1022790186 697702599 1560 1541970 12513656
0 321931894 80486174 6401
cob=(2)
cfi=(51)
cfn=(3098)
calls=6401 0 
0 928145 268842 121619 4 102416 6401
0 12802 6401 6401
cob=(2)
cfi=(51)
cfn=(3098)
calls=6401 0 
0 1036962 300847 134421 0 16103 3100
0 19203 6401 6401 2 0 0 1
cfn=(3348)
calls=6401 0 
0 185629 64010 51208
0 12802 0 6401
cfn=(3370)
calls=6401 0 
0 774521 224035 134421 0 6401 12802
0 198431 83213 44807 6 12802 0 2
cfn=(3332)
calls=6401 0 
0 57609 25604 12802 0 0 6401
0 185629 51208 70411 8 0 0 3
cfn=(3332)
calls=6401 0 
0 57609 25604 12802
0 57609 25604 19203 0 0 6401

fn=(3430)
0 460872 160025 89614 6563 51208 6401 7

fn=(3588) bs_model::param_constrain(bool, bool, double const*, double*, boost::random::mixmax_engine<17, 36u, 0l>&) const
0 3600 700 1500 147 500 0 3
cfn=(3590) stan::model::model_base_crtp<radon_partially_pooled_noncentered_model_namespace::radon_partially_pooled_noncentered_model>::write_array(boost::random::mixmax_engine<17, 36u, 0l>&, Eigen::Matrix<double, -1, 1, 0, -1, 1>&, Eigen::Matrix<double, -1, 1, 0, -1, 1>&, bool, bool, std::ostream*) const
calls=100 0 
0 810900 111600 155700 3618 2500 10600 26
0 196850 39150 38850 102 0 9761 3 0 9674
cob=(2)
cfi=(51)
cfn=(3098)
calls=100 0 
0 16200 4700 2100
0 200 100 100 50
cob=(2)
cfi=(51)
cfn=(3098)
calls=100 0 
0 13400 3800 1900
0 1800 950 250 151 53 13 3 0 13
cob=(2)
cfi=(51)
cfn=(2302)
calls=100 0 
0 25500 4800 4000 0 100
0 1800 200 500 100 0 0 1
cob=(2)
cfi=(51)
cfn=(2578)
calls=100 0 
0 33100 10500 10100 0 5000 4700
0 2500 500 200 300 0 0 3

fn=(3656) bs_rng_destruct
0 10 0 0 1
cob=(2)
cfi=(51)
cfn=(2892)
calls=2 0 
0 198 62 30 1 5

fn=(3682) boost::object_cache<boost::re_detail_500::cpp_regex_traits_base<char>, boost::re_detail_500::cpp_regex_traits_implementation<char> >::data::~data()
0 13 2 6 1 2 0 1
cfn=(3684)
calls=1 0 
0 18 7 7 2 0 0 1
0 3 1 1
cob=(2)
cfi=(51)
cfn=(2798)
calls=1 0 
0 10 5 1 1 1
0 3 0 1
cob=(2)
cfi=(51)
cfn=(2892)
calls=1 0 
0 99 31 15
0 8 1 1 1 1 0 1
cob=(2)
cfi=(51)
cfn=(2892)
calls=1 0 
0 118 35 14
0 18 7 2 1 2 0 1
cfn=(3686)
calls=1 0 
0 133 43 20 5 3 0 5
0 10 4 2
cfn=(3688)
calls=1 0 
0 121 35 14 0 1
0 7 6 0 1 0 0 1

fn=(3700) tbb::interface5::concurrent_unordered_map<std::pair<std::__cxx11::basic_string<char, std::char_traits<char>, std::allocator<char> >, std::thread::id>, stan::math::profile_info, stan::math::internal::hash_profile_key, stan::math::internal::equal_profile_key, tbb::tbb_allocator<std::pair<std::pair<std::__cxx11::basic_string<char, std::char_traits<char>, std::allocator<char> >, std::thread::id> const, stan::math::profile_info> > >::~concurrent_unordered_map()
0 472 67 5 2 9 0 2
cob=(2)
cfi=(51)
cfn=(3702) 0x0000000004dcbae0
calls=1 0 
0 116 34 14 2 3
0 16 3 5 3 2 1 3
cob=(2)
cfi=(51)
cfn=(3702)
calls=1 0 
0 95 30 15
0 6 5

fn=(3862)
0 5 1 0 1 0 0 1

fn=(2994)
0 99 14 38 7 3 4 1
cob=(2)
cfi=(51)
cfn=(2284)
calls=3 0 
0 165 45 24 0 19
0 89 14 17 2 0 0 1
cob=(2)
cfi=(51)
cfn=(2908)
calls=3 0 
0 45 12 6 0 4
0 53 28 7 1 0 0 1

fn=(2536)
0 139 36 8 7 5 0 7 5
cob=(2)
cfi=(51)
cfn=(2542) 0x0000000004dcb740
calls=1 0 
0 30 6 4 4 1 0 4
0 4 0 2
cob=(2)
cfi=(51)
cfn=(2546) 0x0000000004dcb4e0
calls=1 0 
0 43 10 3 4 1 0 4
0 14 6 4 1 0 0 1
cob=(2)
cfi=(51)
cfn=(2546)
calls=1 0 
0 43 10 3
0 17 1 6 1 0 0 1
cob=(2)
cfi=(51)
cfn=(2530)
calls=1 0 
0 70 16 5
0 19 5 3 1 0 0 1
cob=(2)
cfi=(51)
cfn=(2530)
calls=1 0 
0 70 16 5
0 9 5

fn=(2552)
0 250 73 6 18 7 0 18 7

fn=(2576) _GLOBAL__sub_I_bridgestan.cpp
0 11 0 6 2 0 0 2
cob=(2)
cfi=(51)
cfn=(2514)
calls=1 0 
0 27 11 7
0 5 1 1
cob=(2)
cfi=(51)
cfn=(2512)
calls=1 0 
0 77 15 15
0 19 0 14 2 0 2 2 0 2
cfn=(2272)
calls=1 0 
0 878 188 157 51 13 6 2
0 5 1 1 1 0 0 1
cob=(2)
cfi=(51)
cfn=(2306)
calls=1 0 
0 212 59 41 9 3
0 6 0 1
cob=(2)
cfi=(51)
cfn=(2512)
calls=1 0 
0 77 15 15
0 4 0 1 1 0 0 1
cfn=(2516)
calls=1 0 
0 51 12 11 4 1 1 3 0 1
0 6 1 1
cob=(2)
cfi=(51)
cfn=(2512)
calls=1 0 
0 77 15 15
0 3 0 1
cfn=(2516)
calls=1 0 
0 51 12 11
0 4 0 1
cob=(2)
cfi=(51)
cfn=(2512)
calls=1 0 
0 77 15 15
0 4 0 1 1 0 0 1
cfn=(2516)
calls=1 0 
0 51 12 11 0 0 1 0 0 1
0 4 0 1
cob=(2)
cfi=(51)
cfn=(2512)
calls=1 0 
0 77 15 15
0 4 0 1
cfn=(2516)
calls=1 0 
0 51 12 11
0 4 0 1
cob=(2)
cfi=(51)
cfn=(2512)
calls=1 0 
0 77 15 15
0 4 0 1 1 0 0 1
cfn=(2516)
calls=1 0 
0 79 17 13 3 1 1 2 1 1
0 4 0 1
cob=(2)
cfi=(51)
cfn=(2512)
calls=1 0 
0 77 15 15 0 0 1
0 4 0 1
cfn=(2516)
calls=1 0 
0 51 12 11
0 4 0 1
cob=(2)
cfi=(51)
cfn=(2512)
calls=1 0 
0 77 15 15
0 4 0 1 1 0 0 1
cfn=(2516)
calls=1 0 
0 51 12 11 0 0 1 0 0 1
0 4 0 1
cob=(2)
cfi=(51)
cfn=(2512)
calls=1 0 
0 77 15 15
0 4 0 1
cfn=(2516)
calls=1 0 
0 51 12 11
0 4 0 1 1 0 0 1
cob=(2)
cfi=(51)
cfn=(2512)
calls=1 0 
0 77 15 15
0 4 0 1
cfn=(2516)
calls=1 0 
0 51 12 11 0 0 1 0 0 1
0 4 0 1
cob=(2)
cfi=(51)
cfn=(2512)
calls=1 0 
0 77 15 15
0 34 17 1 4 0 0 4

fn=(3020)
0 636 129 189 3 0 0 3
cob=(2)
cfi=(51)
cfn=(2594)
calls=29 0 
0 660 150
0 439 61 13 1 0 0 1
cob=(2)
cfi=(51)
cfn=(2594)
calls=13 0 
0 276 54
0 352 152 8 1 0 0 1
cfn=(3022)
calls=4 0 
0 1890 414 346 29 4 8 19
0 8

fn=(3086)
0 164 32 68 3 0 1 3
cfn=(3084)
calls=4 0 
0 424 100 72 0 1 2
0 56 24 20 1 0 0 1
cfn=(3078)
calls=4 0 
0 780 136 116 0 0 2
0 228 68 36 6 0 0 6
cfn=(3084)
calls=4 0 
0 508 148 80
0 64 40 4 2 0 0 2
cob=(2)
cfi=(51)
cfn=(2578)
calls=4 0 
0 60 16 8
0 32 8 4 1 0 0 1
cob=(2)
cfi=(51)
cfn=(3088)
calls=4 0 
0 576 120 100 10 1 1 9
0 52 8 0 4 0 0 4

fn=(3268)
0 24 8 0 1 0 0 1

fn=(3316)
0 179270 25610 51220 6403 0 3303 1
cob=(2)
cfi=(51)
cfn=(3098)
calls=12805 0 
0 76830 25610 0 2 6403
0 102440 0 12805 3098 0 0 1
cob=(2)
cfi=(51)
cfn=(2302)
calls=12805 0 
0 5254606 729908 582648 0 86536 35118
0 153660 51220 25610 3098 0 0 1

fn=(3354)
0 108834 12804 51216 252 0 0 2
cfn=(3174)
calls=6402 0 
0 38412 12804 12804
0 17899992 2631222 3796386 260 0 633799 8 0 99

fn=(3358)
0 5710584 2509584 0 413 0 0 4

fn=(3380)
0 19910220 7471134 2483976 6405 1549284 3100 2

fn=(3590)
0 3000 300 1100 200 200 200 2
cfn=(3174)
calls=100 0 
0 600 200 200
0 160000 700 40100 500 0 5000 5
cfn=(3280)
calls=100 0 
0 2200 600 500 101
0 2000 500 600 56 0 100 2
cob=(2)
cfi=(51)
cfn=(3282)
calls=100 0 
0 5600 1800 200 100 600
0 1200 400 300 1 0 0 1
cob=(2)
cfi=(51)
cfn=(3282)
calls=100 0 
0 5600 1800 200 0 100
0 900 200 300
cfn=(3174)
calls=100 0 
0 600 200 200
0 400 0 100 1 0 0 1
cfn=(3292)
calls=100 0 
0 126300 7200 25500 500 100 4700
0 103000 20200 20700 547 0 0 7
cfn=(3300)
calls=100 0 
0 3000 1000 1400 102
0 400 0 100
cfn=(3302)
calls=100 0 
0 231300 42800 35900 905 1300 200
0 400 200 100
cob=(2)
cfi=(51)
cfn=(3098)
calls=100 0 
0 16200 4700 2100
0 1600 900 200 2 0 0 2
cfn=(3176)
calls=100 0 
0 43500 7200 6000 201 200 400
0 700 200 100 1 0 0 1
cfn=(3592)
calls=100 0 
0 102300 20500 19800 401 0 0 5
0 100

fn=(3670) boost::basic_regex<char, boost::regex_traits<char, boost::cpp_regex_traits<char> > >::~basic_regex()
0 18 6 4 2 5 0 2
cfn=(3672)
calls=1 0 
0 465 148 72 8 12 0 8
0 14 6 1 1
cfn=(3678)
calls=1 0 
0 102 31 15 1 0 0 1

fn=(2998)
0 44 0 24 5 0 2 2
cob=(2)
cfi=(51)
cfn=(2284)
calls=4 0 
0 1007 186 145 2 22 13
0 40 12 8 0 0 3
cfn=(2766)
calls=4 0 
0 180 50 36 0 2
0 32 0 16 3 0 1 1
cob=(2)
cfi=(51)
cfn=(3000) 0x0000000004dcb0b0
calls=4 0 
0 308 96 45 26 6 0 14
0 44 0 4
cob=(2)
cfi=(51)
cfn=(2866)
calls=4 0 
0 111 23 31 0 4
0 51 28 6 3 0 0 2
cob=(2)
cfi=(51)
cfn=(2594)
calls=1 0 
0 12 4
0 6 1 0 1 0 0 1

fn=(2808)
0 15 1 8 2 0 0 2
cfn=(2806)
calls=1 0 
0 110 26 18
0 5 1 1 1 0 0 1
cfn=(2810)
calls=1 0 
0 5845 1656 904 93 70 10 52 7 1
0 16 10 1 1 0 0 1

fn=(2870)
0 65 5 30 2 0 0 2
cfn=(2872)
calls=5 0 
0 1142 232 60 8 11 0 7 5
0 55 35

fn=(2876)
0 246 60 60 4 0 2 4
cob=(2)
cfi=(51)
cfn=(2284)
calls=1 0 
0 504 72 56 5 7 1
0 6 1 2 1 0 0 1
cob=(2)
cfi=(51)
cfn=(2878)
calls=1 0 
0 10 3 0 1
0 7 2 1

fn=(2916)
0 114 21 16 6 0 0 6
cfn=(2920)
calls=1 0 
0 1670 279 82 10 1 0 10 1
0 9 2 2 1 0 0 1
cfn=(2920)
calls=1 0 
0 133 40 37 6 1 0 6 1
0 30 19 1 1 0 0 1
cob=(2)
cfi=(51)
cfn=(2892)
calls=1 0 
0 99 31 15
0 13 3 3 3 0 0 3
cfn=(2918) void std::vector<std::pair<bool, boost::re_detail_500::re_syntax_base*>, std::allocator<std::pair<bool, boost::re_detail_500::re_syntax_base*> > >::_M_realloc_insert<std::pair<bool, boost::re_detail_500::re_syntax_base*> >(__gnu_cxx::__normal_iterator<std::pair<bool, boost::re_detail_500::re_syntax_base*>*, std::vector<std::pair<bool, boost::re_detail_500::re_syntax_base*>, std::allocator<std::pair<bool, boost::re_detail_500::re_syntax_base*> > > >, std::pair<bool, boost::re_detail_500::re_syntax_base*>&&)
calls=1 0 
0 125 27 20 6 0 0 6
0 1

fn=(2918)
0 54 10 12 5 0 0 5
cob=(2)
cfi=(51)
cfn=(2284)
calls=1 0 
0 59 15 8
0 12 2 0 1 0 0 1

fn=(2926)
0 282 18 138 5 3 12 5
cfn=(2928)
calls=6 0 
0 666 132 84 35 10 3 11
0 12 0 6
cfn=(2930)
calls=6 0 
0 10466 3202 1878 172 83 30 70 3 2
0 144 72 0 6 0 0 3

fn=(2932)
0 570 90 96 23 0 1 9
cob=(2)
cfi=(51)
cfn=(2284)
calls=6 0 
0 1465 265 185 1 15 12
0 84 18 0 4 0 0 2

fn=(2942)
0 1404 522 306 13 0 0 4

fn=(2952) std::_Rb_tree<std::__cxx11::basic_string<char, std::char_traits<char>, std::allocator<char> >, std::pair<std::__cxx11::basic_string<char, std::char_traits<char>, std::allocator<char> > const, int>, std::_Select1st<std::pair<std::__cxx11::basic_string<char, std::char_traits<char>, std::allocator<char> > const, int> >, std::less<std::__cxx11::basic_string<char, std::char_traits<char>, std::allocator<char> > >, std::allocator<std::pair<std::__cxx11::basic_string<char, std::char_traits<char>, std::allocator<char> > const, int> > >::find(std::__cxx11::basic_string<char, std::char_traits<char>, std::allocator<char> > const&) const
0 673 140 161 2 11 0 2
cob=(2)
cfi=(51)
cfn=(2594)
calls=35 0 
0 624 168 0 1 5
0 364 51 10 1 0 0 1
cob=(2)
cfi=(51)
cfn=(2594)
calls=10 0 
0 180 44
0 244 136 0 2 0 0 2

fn=(2954)
0 1986 404 506 3 26 0 3
cob=(2)
cfi=(51)
cfn=(2594)
calls=110 0 
0 2038 518 0 2
0 1320 168 36 1 1 0 1
cob=(2)
cfi=(51)
cfn=(2594)
calls=36 0 
0 718 150
0 800 308 12 1 0 0 1
cob=(2)
cfi=(51)
cfn=(2284)
calls=12 0 
0 1623 346 252 0 28 12
0 132 36 24 1 0 2 1
cfn=(2766)
calls=12 0 
0 580 156 112 4
0 60 12 24
cob=(2)
cfi=(51)
cfn=(2956) 0x0000000004dcb890
calls=12 0 
0 934 288 130 30 9 1 16
0 152 36 6 2 0 0 1
cob=(2)
cfi=(51)
cfn=(2594)
calls=6 0 
0 120 32
0 60 6 6 1 0 0 1
cob=(2)
cfi=(51)
cfn=(2866)
calls=6 0 
0 184 40 48 3 3 0 3
0 24 6 6
cob=(2)
cfi=(51)
cfn=(2866)
calls=6 0 
0 246 64 62 6 4 4 2
0 36 12 12 2 0 0 1

fn=(2982)
0 138 24 54 10 0 7 2
cfn=(2760)
calls=6 0 
0 604 144 116 0 0 9
0 30 0 12 5 0 0 1
cob=(2)
cfi=(51)
cfn=(2950)
calls=6 0 
0 963 227 63 2 3 0 2
0 36 6 6
cfn=(2954)
calls=6 0 
0 969 215 75 2 0 0 2
0 60 12 18 2 0 3 1
cob=(2)
cfi=(51)
cfn=(2984)
calls=6 0 
0 274 87 45 13 10 0 5
0 237 54 27 2 0 0 1
cob=(2)
cfi=(51)
cfn=(2594)
calls=15 0 
0 264 68
0 222 33 6 4 0 0 2
cob=(2)
cfi=(51)
cfn=(2594)
calls=6 0 
0 108 24
0 96 12 12 2 0 0 2
cob=(2)
cfi=(51)
cfn=(2984)
calls=6 0 
0 274 87 45
0 34 2 14 3 0 3 1
cob=(2)
cfi=(51)
cfn=(2988)
calls=2 0 
0 196 56 18
0 22 2 10 1 0 2
cfn=(2992)
calls=2 0 
0 308 68 20
0 28 0 12 3 0 1 1
cfn=(2992)
calls=4 0 
0 354 84 34 2 0 0 2
0 30 0 4
cfn=(3020)
calls=4 0 
0 654 144 52
0 12 0 4 1 0 0 1
cob=(2)
cfi=(51)
cfn=(3008)
calls=4 0 
0 480 124 80 0 1
0 130 72 16 14 8 0 3
cfn=(2954)
calls=4 0 
0 742 160 52
0 104 28 12 10 12 0 3
cob=(2)
cfi=(51)
cfn=(2988)
calls=6 0 
0 498 147 52 16 15 0 4
0 36 6 12 5 0 0 1
cfn=(2954)
calls=6 0 
0 969 215 75
0 24 6 6 5 0 0 1
cfn=(2954)
calls=6 0 
0 2979 727 466 15 45 15
0 70 10 32 4 0 5 2
cob=(2)
cfi=(51)
cfn=(2284)
calls=2 0 
0 684 139 106 19 19 6 1 0 1
0 28 6 8 1 0 0 1
cob=(2)
cfi=(51)
cfn=(2908)
calls=2 0 
0 201140 201086 201076 6 3148 3145 0 0 546
0 28 8 10 1 4 4 1
cob=(2)
cfi=(51)
cfn=(2284)
calls=2 0 
0 110 30 16 0 18 2
0 34 4 8 2 0 0 1
cob=(2)
cfi=(51)
cfn=(2908)
calls=2 0 
0 30 8 4 0 4
0 24 6 12 2 0 0 1
cfn=(3044)
calls=2 0 
0 22 8 2 2 0 0 1
0 6 2 2 0 2
cfn=(3046)
calls=2 0 
0 1255 246 186 21 32 14 14
0 8 0 2
cfn=(3056)
calls=2 0 
0 201983 201263 201226 14 3165 3152 4 0 3144
0 6 0 2
cob=(2)
cfi=(51)
cfn=(3008)
calls=2 0 
0 578 125 97 0 37 8
0 4 0 2
cfn=(3044)
calls=2 0 
0 564 170 76 14 19 2 2
0 30 10 4 2 4 0 2
cob=(2)
cfi=(51)
cfn=(2892)
calls=4 0 
0 396 124 60 0 7
0 52 8 12 4 0 1 2
cob=(2)
cfi=(51)
cfn=(2284)
calls=4 0 
0 772 162 126 11 4 3 3
0 52 8 12 3 0 0 1
cob=(2)
cfi=(51)
cfn=(2908)
calls=4 0 
0 100622 100542 100528 6 1576 1576 1
0 24 0 8 1 0 2 1
cfn=(2994)
calls=4 0 
0 280 70 56 8 22 4 3
0 44 24 16 1 2 2 1
cfn=(2996)
calls=4 0 
0 2193 505 369 57 46 21 26
0 48 8 8 2 0 0 1
cob=(2)
cfi=(51)
cfn=(3008)
calls=4 0 
0 806 154 106 6 41 11 4
0 18 6 2 1
cob=(2)
cfi=(51)
cfn=(2892)
calls=2 0 
0 198 62 30 0 11
0 24 8 4 1 0 0 1
cob=(2)
cfi=(51)
cfn=(2892)
calls=4 0 
0 564 170 76 10 11 0 1
0 32 0 4 3 0 0 1
cob=(2)
cfi=(51)
cfn=(2284)
calls=4 0 
0 849 170 133 7 11 3 0 0 1
0 28 0 4 3 0 0 1
cob=(2)
cfi=(51)
cfn=(2578)
calls=4 0 
0 100686 100606 100592 1 1574 1573 0 0 785
0 28 4 8 0 2

fn=(3018) void std::vector<unsigned long, std::allocator<unsigned long> >::_M_realloc_insert<unsigned long>(__gnu_cxx::__normal_iterator<unsigned long*, std::vector<unsigned long, std::allocator<unsigned long> > >, unsigned long&&)
0 660 121 132 11 0 0 4
cob=(2)
cfi=(51)
cfn=(2284)
calls=11 0 
0 754 195 113 0 7
0 99 11 0 6 0 0 1

fn=(3026)
0 30 10 8 4 0 0 4

fn=(3210)
0 16 1 8 2 0 0 2
cfn=(2516)
calls=1 0 
0 148 35 24 0 4 1
0 8 0 4 1 0 0 1
cob=(2)
cfi=(51)
cfn=(2590)
calls=1 0 
0 73 17 8
0 19 4 11 1 1 0 1
cob=(2)
cfi=(51)
cfn=(2284)
calls=1 0 
0 59 15 8 0 1
0 41 7 13 3 0 0 3
cob=(2)
cfi=(51)
cfn=(2892)
calls=1 0 
0 99 31 15
0 7 2 1 1 0 0 1
cob=(2)
cfi=(51)
cfn=(2892)
calls=1 0 
0 99 31 15
0 16 9 1 1 0 0 1
cob=(2)
cfi=(51)
cfn=(2590)
calls=1 0 
0 73 17 8 0 1
0 7 1 3 1 0 0 1
cob=(2)
cfi=(51)
cfn=(2578)
calls=1 0 
0 13 4 2
0 7 3 1
cob=(2)
cfi=(51)
cfn=(2590)
calls=1 0 
0 73 17 8
0 7 1 3 1 0 1 1
cob=(2)
cfi=(51)
cfn=(2578)
calls=1 0 
0 13 4 2
0 3 2

fn=(3272)
0 17 2 10 2 1 0 2
cob=(2)
cfi=(51)
cfn=(2284)
calls=1 0 
0 55 15 8 0 1
0 15 0 9 1 0 0 1
cob=(2)
cfi=(51)
cfn=(2284)
calls=1 0 
0 59 15 8 0 1
0 15 0 5 1 0 0 1
cob=(2)
cfi=(51)
cfn=(2284)
calls=1 0 
0 55 15 8 0 1
0 25 0 10
cob=(2)
cfi=(51)
cfn=(2578)
calls=1 0 
0 15 4 2
0 96 24 15 4 0 1 4
cob=(2)
cfi=(51)
cfn=(2892)
calls=1 0 
0 99 31 15
0 21 14 0 1 0 0 1

fn=(3276)
0 29 2 8 2 0 0 2
cob=(2)
cfi=(51)
cfn=(2284)
calls=1 0 
0 489 71 58 0 3 1
0 822 11 197 3 1 48 3
cfn=(3278)
calls=1 0 
0 2693 390 519 33 8 53 30 4

fn=(3298)
0 43 6 16 4 0 0 4
cfn=(3280)
calls=1 0 
0 22 6 5
0 20 5 5 2 0 0 2
cob=(2)
cfi=(51)
cfn=(3282)
calls=1 0 
0 56 18 2
0 13 2 4 1 0 0 1
cob=(2)
cfi=(51)
cfn=(3282)
calls=1 0 
0 56 18 2
0 9 2 3 1 0 0 1
cfn=(3174)
calls=1 0 
0 6 2 2
0 3 0 1
cfn=(3292)
calls=1 0 
0 1272 81 262
0 17 5 7 2 0 0 2
cfn=(3300)
calls=1 0 
0 30 10 14 3 0 0 3
0 4 0 1
cfn=(3302)
calls=1 0 
0 2313 428 359 20 3 0 10
0 13 2 5 1 0 0 1
cfn=(3174)
calls=1 0 
0 6 2 2
0 3 0 1
cfn=(3292)
calls=1 0 
0 25554 71 6351 1 6 1572
0 5 2 1 1 1 0 1
cfn=(3304)
calls=1 0 
0 105 14 15 15 5 2 14
0 7 0 3 0 0 1
cob=(2)
cfi=(51)
cfn=(3032)
calls=1 0 
0 126 28 20 6 11
0 5 2 1 1 1 0 1
cfn=(3304)
calls=1 0 
0 105 14 15
0 9 4 2 1 1 0 1
cfn=(3304)
calls=1 0 
0 138 24 15 2 4 0 2 4
0 13 2 5 1 0 1 1
cfn=(3314)
calls=1 0 
0 6137 928 1081 23 62 56 22
0 603448 150868 201148 6 2607 3131 6 0 1
cfn=(3318) stan::return_type<double, double, double&>::type stan::math::normal_lpdf<false, double, double, double&, (void*)0>(double&&, double&&, double&) [clone .isra.0]
calls=12573 0 
0 1735074 301752 188595 7 28 0 7 1
0 50340 12597 12585 0 3
cob=(2)
cfi=(51)
cfn=(3032)
calls=12 0 
0 122456 116456 116002 10 1951 2052 0 0 1
0 50 24 1 1 3 0 1
cob=(2)
cfi=(51)
cfn=(3098)
calls=1 0 
0 173 51 21 0 15 1
0 2 1 1
cob=(2)
cfi=(51)
cfn=(3098)
calls=1 0 
0 175 52 23 0 3
0 44069 12590 4 3 1576 2 3
cob=(2)
cfi=(51)
cfn=(2892)
calls=1 0 
0 137 41 14 1 17 2
0 5 2 1 1 0 0 1
cob=(2)
cfi=(51)
cfn=(3032)
calls=1 0 
0 249 64 39 0 7
0 6 2 1
cob=(2)
cfi=(51)
cfn=(3032)
calls=1 0 
0 247 64 39 0 1
0 2 1 0 1 0 0 1

fn=(3318)
0 930402 88011 188595 7 9 0 7
cob=(2)
cfi=(51)
cfn=(3306)
calls=12573 0 
0 704088 163449 0 0 19 0 0 1
0 100584 50292

fn=(3344)
0 211266 70422 51216 2415 6201 6401 4
cfn=(2516)
calls=6402 0 
0 486552 108834 83226 6714 19206 9501
0 25608 0 6402
cfn=(3226)
calls=6402 0 
0 1626108 352110 281688 8228 76819 12802
0 51216 12804 12804 258 0 3100 1
cob=(2)
cfi=(51)
cfn=(2892)
calls=6402 0 
0 633798 198462 96030 113 38407
0 76824 19206 25608 3 0 3100 1
cfn=(2516)
calls=6402 0 
0 486552 108834 83226
0 25608 0 6402
cfn=(3226)
calls=6402 0 
0 1626108 352110 281688
0 102432 32010 38412 103 0 3301 1
cob=(2)
cfi=(51)
cfn=(2892)
calls=6402 0 
0 633798 198462 96030
0 12439086 2509584 2471172 256 3126 313697 2

fn=(3368) void std::vector<char*, std::allocator<char*> >::_M_realloc_insert<char*>(__gnu_cxx::__normal_iterator<char**, std::vector<char*, std::allocator<char*> > >, char*&&)
0 165 33 33 4 0 0 4
cob=(2)
cfi=(51)
cfn=(2908)
calls=3 0 
0 42 12 6 0 5
0 18 3 3
cob=(2)
cfi=(51)
cfn=(2892)
calls=3 0 
0 297 93 45 0 8
0 12 0 6 1 0 0 1
cob=(2)
cfi=(51)
cfn=(2284)
calls=3 0 
0 177 45 24 0 12
0 27 3 0 1 0 0 1

fn=(3378)
0 25608 12804 0 201 0 0 1

fn=(3384)
0 153648 115236 19206 1152 6402 0 1

fn=(3398)
0 33 17 7 3 4 1 3

fn=(3404)
0 3 0 0 1 0 0 1
cob=(2)
cfi=(51)
cfn=(2892)
calls=1 0 
0 118 35 14 1

fn=(3414) bs_param_num
0 21 6 0 2 3 0 1

fn=(3426)
0 64010 6401 32005 2 0 0 1
cfn=(3428)
calls=6401 0 
0 27986306653 6719872218 6920818811 210617 23362656 229912967 32 27 42324
0 19203 6401 6401 0 201
cob=(2)
cfi=(51)
cfn=(3098)
calls=6401 0 
0 38406 12802
0 44807 25604 0 301 3100 0 1

fn=(3586) bs_param_constrain
0 2000 200 800 56 0 100 2
cfn=(3588)
calls=100 0 
0 1105850 177000 215200 4468 8153 25074 39 0 9687
0 1200 900 0 100 0 0 1

fn=(3598) bs_param_names
0 14 4 0 2 0 0 1

ob=(7)
fl=(170)
fn=(3792) std::basic_ostream<wchar_t, std::char_traits<wchar_t> >::flush()
0 45 12 12 2 7 0 2
cob=(2)
cfi=(51)
cfn=(3794) 0x00000000048fb230
calls=3 0 
0 1245 360 170 5 10 0 5 2
0 21 18 3 0 3
cfn=(3800) __gnu_cxx::stdio_sync_filebuf<wchar_t, std::char_traits<wchar_t> >::sync()
calls=3 0 
0 213 72 39 0 2
0 49 27 1 1 0 0 1
cob=(2)
cfi=(51)
cfn=(3770) 0x00000000048fa820
calls=1 0 
0 33 13 2
0 7 3 1 1 0 0 1
cfn=(3800)
calls=1 0 
0 71 24 13
0 2

fn=(3793) std::basic_ostream<wchar_t, std::char_traits<wchar_t> >::flush()'2
0 15 4 4
cob=(2)
cfi=(51)
cfn=(3795) 0x00000000048fb230'2
calls=1 0 
0 25 9 5
0 7 6 1
cfn=(3800)
calls=1 0 
0 71 24 13
0 16 9

fn=(678) 0x00000000000aa970
0 78 7 36 4 1 4 4

fn=(708) 0x00000000000aabe0
0 7 0 2 1 0 0 1
cob=(2)
cfi=(51)
cfn=(620) 0x00000000048fa4b0
calls=1 0 
0 77 15 15 0 0 1
0 5 1
cob=(2)
cfi=(51)
cfn=(620)
calls=1 0 
0 77 15 15

fn=(886) std::locale::facet::_S_create_c_locale(__locale_struct*&, char const*, __locale_struct*)
0 5 0 2 2 0 0 2
cob=(2)
cfi=(51)
cfn=(888) 0x00000000048fb370
calls=1 0 
0 909 303 150 9 17 1 9 3
0 5 2 1

fn=(1074) std::moneypunct<char, false>::_M_initialize_moneypunct(__locale_struct*, char const*)
0 113 38 31 4 0 1 4

fn=(1270) bool std::has_facet<std::num_get<char, std::istreambuf_iterator<char, std::char_traits<char> > > >(std::locale const&)
0 4980 1660

fn=(1486) __cxa_guard_release
0 42 21 7 3 0 0 1

fn=(1616) std::ios_base::_M_call_callbacks(std::ios_base::event)
0 13211 6005 3603 49 2 0 2

fn=(1666) std::ostream& std::ostream::_M_insert<bool>(bool)
0 17 1 8 2 0 0 2
cob=(2)
cfi=(51)
cfn=(1520) 0x00000000048fd1f0
calls=1 0 
0 25 9 5
0 20 8 1 2 0 0 2
cfn=(1668) std::num_put<char, std::ostreambuf_iterator<char, std::char_traits<char> > >::do_put(std::ostreambuf_iterator<char, std::char_traits<char> >, std::ios_base&, char, bool) const
calls=1 0 
0 1702 404 188 48 9 0 12
0 33 18 2 2 0 0 2

fn=(1798) std::basic_ostream<char, std::char_traits<char> >& std::__ostream_insert<char, std::char_traits<char> >(std::basic_ostream<char, std::char_traits<char> >&, char const*, long)
0 1555704 86428 777852 18 2 5 2
cob=(2)
cfi=(51)
cfn=(1520)
calls=86428 0 
0 2160700 777852 432140 19 19
0 2852124 1814988 259284 24 12 2 3
cfn=(3614) std::basic_filebuf<char, std::char_traits<char> >::xsputn(char const*, long)
calls=79350 0 
0 8084260 2063379 1111369 102 508 188 21 7
cfn=(3482) __gnu_cxx::stdio_sync_filebuf<char, std::char_traits<char> >::xsputn(char const*, long)
calls=1606 0 
0 98888 25428 16925 100 107 30 26 6
cfn=(1560) std::basic_streambuf<char, std::char_traits<char> >::xsputn(char const*, long)
calls=5472 0 
0 326223 75390 57121 58 203 1236 0 4
0 432140 172856

fn=(2288) std::__detail::_Prime_rehash_policy::_M_need_rehash(unsigned long, unsigned long, unsigned long) const
0 74 14 2 8 4 0 4 2
cob=(2)
cfi=(51)
cfn=(2290) 0x00000000048fa4a0
calls=2 0 
0 1068 288 133 16 39 10 6 3
0 32 2 0 4 0 0 2

fn=(2480) operator new[](unsigned long)
0 12 0 0 4 0 0 1
cob=(2)
cfi=(51)
cfn=(1848) 0x00000000048f9ba0
calls=6 0 
0 881 177 130 9 18 3 0 0 1

fn=(2644) std::__basic_file<char>::open(char const*, std::_Ios_Openmode, int)
0 14 0 8 2 0 0 1
cfn=(2646) 0x00000000000d0980
calls=2 0 
0 18 4 0 3 2 0 2 1
0 12 0 2
cob=(2)
cfi=(51)
cfn=(2634) 0x00000000048fc3d0
calls=2 0 
0 12 6
0 10 0 2
cob=(2)
cfi=(51)
cfn=(2652) 0x00000000048fcb60
calls=2 0 
0 2071 556 418 88 54 16 34 6
0 18 8 4 2 0 0 1

fn=(2688) std::basic_ios<char, std::char_traits<char> >::clear(std::_Ios_Iostate)
0 2744 1176 392 4 0 0 1

fn=(2714) std::codecvt<char, char, __mbstate_t>::do_always_noconv() const
0 470766 156922 0 6 0 0 1

fn=(3160) std::__basic_file<char>::~__basic_file()
0 4 0 0 2
cob=(2)
cfi=(51)
cfn=(3130) 0x00000000048fc900
calls=2 0 
0 34 12 4

fn=(3208) std::basic_streambuf<char, std::char_traits<char> >::sync()
0 33 11 0 1 0 0 1

fn=(3482)
0 12126 2021 0 4 4 0 2
cob=(2)
cfi=(51)
cfn=(3484) 0x00000000048fcbf0
calls=2021 0 
0 145969 37570 26505 110 104 96 24 6

fn=(3552) std::basic_ios<char, std::char_traits<char> >::copyfmt(std::basic_ios<char, std::char_traits<char> > const&)
0 9725 1167 2723 2 0 0 2
cob=(2)
cfi=(51)
cfn=(1612) 0x00000000048fb3b0
calls=389 0 
0 5057 2334 1167 3 1
0 1945 389 389 1 0 0 1
cob=(2)
cfi=(51)
cfn=(1618) 0x00000000048f9770
calls=389 0 
0 5835 2334 1556 3 1
0 26452 6224 6224 3 2 0 3
cob=(2)
cfi=(51)
cfn=(3554) 0x00000000048f9a80
calls=389 0 
0 4262 1807 525 38 38 9 0 2
0 1167 0 389
cob=(2)
cfi=(51)
cfn=(1224) 0x00000000048fb880
calls=389 0 
0 8558 3112 1167
0 778 0 389
cob=(2)
cfi=(51)
cfn=(1230) 0x00000000048fbd50
calls=389 0 
0 3890 1945 389
0 1167 0 389
cob=(2)
cfi=(51)
cfn=(1236) 0x00000000048fc800
calls=389 0 
0 43179 15560 6613
0 1167 0 389
cob=(2)
cfi=(51)
cfn=(1612)
calls=389 0 
0 5057 2334 1167
0 1945 778 778 1 0 0 1
cob=(2)
cfi=(51)
cfn=(3064) 0x00000000048fcd10
calls=389 0 
0 3501 1556 389 1
0 7002 3890 389 2 0 0 2

fn=(3626) std::__basic_file<char>::xsputn_2(char const*, long, char const*, long)
0 2520 140 1400 2 0 0 2
cob=(2)
cfi=(51)
cfn=(2722) 0x00000000048f9f80
calls=140 0 
0 1960 840 0 282 8
0 1820 0 700 1 0 0 1
cob=(2)
cfi=(51)
cfn=(3628) 0x00000000048fc610
calls=140 0 
0 2322 704 141 4 46 3 3 5
0 2240 1260 0 1 0 0 1

fn=(3640) std::basic_filebuf<char, std::char_traits<char> >::_M_convert_to_external(char*, long)
0 20 4 8 2 0 0 1
cfn=(2714)
calls=1 0 
0 3 1
0 6 0 1 1 0 0 1
cob=(2)
cfi=(51)
cfn=(3642) 0x00000000048faa70
calls=1 0 
0 1740 568 283 13 45 1 3 8
0 13 9 0 1 0 0 1

fn=(712) 0x00000000000aac20
0 5
cob=(2)
cfi=(51)
cfn=(620)
calls=1 0 
0 77 15 15 0 0 1

fn=(834) std::locale::locale()
0 15631 0 11165 27 0 7 1 0 1
cfn=(836) 0x00000000000c2320
calls=2233 0 
0 96288 30353 9934 342 478 102 332 81 95
0 22330 13398 2233 46 1 1 2

fn=(850) std::locale::_Impl::_Impl(unsigned long)
0 141 1 121 3 0 16 3 0 16
cob=(2)
cfi=(51)
cfn=(852) 0x00000000048fa290
calls=1 0 
0 887 258 131 3 12 2 3 2
0 7 1 2 0 1 0 0 1
cob=(2)
cfi=(51)
cfn=(858) 0x00000000048f96b0
calls=1 0 
0 4849 1445 799 33 68 12 33 17 9
0 4 1 1 1 0 0 1
cob=(2)
cfi=(51)
cfn=(898) 0x00000000048fafc0
calls=1 0 
0 2222 642 273 12 15 0 12 3
0 4 0 1
cob=(2)
cfi=(51)
cfn=(910) 0x00000000048fa880
calls=1 0 
0 891 266 138 4 7 2 4 1 2
0 4 1 1
cob=(2)
cfi=(51)
cfn=(898)
calls=1 0 
0 398 117 11 0 1
0 23 1 15 3 0 4 3 0 4
cob=(2)
cfi=(51)
cfn=(916) 0x00000000048fc5c0
calls=1 0 
0 1556 429 206 9 14 0 9 4
0 4 1 1
cob=(2)
cfi=(51)
cfn=(898)
calls=1 0 
0 398 117 11 0 1 0 0 1
0 8 2 3 1 1 0 1
cob=(2)
cfi=(51)
cfn=(898)
calls=1 0 
0 398 117 11 0 1 0 0 1
0 8 2 3 1 2 0 1
cob=(2)
cfi=(51)
cfn=(898)
calls=1 0 
0 398 117 11
0 5 1 3
cob=(2)
cfi=(51)
cfn=(864) 0x00000000048fc2c0
calls=1 0 
0 19 6 1
0 5 1 2 1 1 0 1
cob=(2)
cfi=(51)
cfn=(898)
calls=1 0 
0 398 117 11
0 28 1 19 3 1 4 3 0 4
cob=(2)
cfi=(51)
cfn=(922) 0x00000000048fad00
calls=1 0 
0 1335 340 162 6 11 0 6 2
0 4 1 1 1 0 0 1
cob=(2)
cfi=(51)
cfn=(898)
calls=1 0 
0 398 117 11
0 28 1 19 3 1 1 3 0 1
cob=(2)
cfi=(51)
cfn=(928) 0x00000000048fc410
calls=1 0 
0 1343 341 162 7 9 0 7 1
0 4 1 1 0 1
cob=(2)
cfi=(51)
cfn=(898)
calls=1 0 
0 398 117 11
0 8 2 3 1 1 0 1
cob=(2)
cfi=(51)
cfn=(898)
calls=1 0 
0 398 117 11
0 8 2 3 1 0 0 1
cob=(2)
cfi=(51)
cfn=(898)
calls=1 0 
0 398 117 11
0 35 0 28 4 0 6 4 0 6
cob=(2)
cfi=(51)
cfn=(934) 0x00000000048fb8c0
calls=1 0 
0 2271 577 301 20 18 1 20 3 1
0 4 1 1
cob=(2)
cfi=(51)
cfn=(898)
calls=1 0 
0 398 117 11
0 8 2 3 1 2 0 1
cob=(2)
cfi=(51)
cfn=(898)
calls=1 0 
0 398 117 11
0 8 2 3 0 2
cob=(2)
cfi=(51)
cfn=(898)
calls=1 0 
0 398 117 11
0 4 0 1 1 0 0 1
cob=(2)
cfi=(51)
cfn=(946) 0x00000000048f9560
calls=1 0 
0 857 265 140 4 9 1 4 1 1
0 4 1 1
cob=(2)
cfi=(51)
cfn=(898)
calls=1 0 
0 398 117 11
0 4 0 1
cob=(2)
cfi=(51)
cfn=(952) 0x00000000048f9a60
calls=1 0 
0 29052 7626 4018 54 95 21 49 20 21
0 4 1 1 1 0 0 1
cob=(2)
cfi=(51)
cfn=(898)
calls=1 0 
0 398 117 11
0 4 0 1
cob=(2)
cfi=(51)
cfn=(1008) 0x00000000048fa440
calls=1 0 
0 891 266 138 4 8 1 4 2 1
0 4 1 1 0 1
cob=(2)
cfi=(51)
cfn=(898)
calls=1 0 
0 398 117 11
0 23 1 15 3 1 4 3 0 4
cob=(2)
cfi=(51)
cfn=(1014) 0x00000000048f9b40
calls=1 0 
0 1468 363 205 7 10 3 7 1 3
0 4 1 1 0 1
cob=(2)
cfi=(51)
cfn=(898)
calls=1 0 
0 398 117 11 0 2 0 0 1
0 8 2 3 1 0 0 1
cob=(2)
cfi=(51)
cfn=(898)
calls=1 0 
0 398 117 11 0 1 0 0 1
0 8 2 3 1 0 0 1
cob=(2)
cfi=(51)
cfn=(898)
calls=1 0 
0 398 117 11
0 5 1 3
cob=(2)
cfi=(51)
cfn=(864)
calls=1 0 
0 19 6 1
0 16 3 5 2 1 0 2
cob=(2)
cfi=(51)
cfn=(898)
calls=1 0 
0 398 117 11
0 27 1 19 3 1 4 3 0 4
cob=(2)
cfi=(51)
cfn=(1020) 0x00000000048fbc20
calls=1 0 
0 1355 335 162 8 9 0 8 1
0 4 1 1
cob=(2)
cfi=(51)
cfn=(898)
calls=1 0 
0 398 117 11
0 28 1 19 4 0 2 4 0 2
cob=(2)
cfi=(51)
cfn=(1026) 0x00000000048f9f10
calls=1 0 
0 1331 333 162 8 10 0 8
0 4 1 1 0 1
cob=(2)
cfi=(51)
cfn=(898)
calls=1 0 
0 398 117 11
0 8 2 3 1 0 0 1
cob=(2)
cfi=(51)
cfn=(898)
calls=1 0 
0 398 117 11
0 8 2 3 1 2 1 1 0 1
cob=(2)
cfi=(51)
cfn=(898)
calls=1 0 
0 398 117 11
0 35 0 28 3 0 6 3 0 6
cob=(2)
cfi=(51)
cfn=(1032) 0x00000000048fc2b0
calls=1 0 
0 2311 583 301 20 16 0 20 3
0 4 1 1 1 1 0 1
cob=(2)
cfi=(51)
cfn=(898)
calls=1 0 
0 398 117 11
0 8 2 3 0 1 1 0 0 1
cob=(2)
cfi=(51)
cfn=(898)
calls=1 0 
0 398 117 11
0 8 2 3 1 2 0 1
cob=(2)
cfi=(51)
cfn=(898)
calls=1 0 
0 398 117 11 0 1
0 4 0 1 1 0 0 1
cob=(2)
cfi=(51)
cfn=(1044) 0x00000000048f9b80
calls=1 0 
0 849 263 140 3 8 0 3
0 4 1 1 0 1
cob=(2)
cfi=(51)
cfn=(898)
calls=1 0 
0 398 117 11
0 8 2 3 1 0 1 1 0 1
cob=(2)
cfi=(51)
cfn=(898)
calls=1 0 
0 398 117 11 0 1
0 8 2 3
cob=(2)
cfi=(51)
cfn=(898)
calls=1 0 
0 398 117 11
0 8 2 3 1 1 0 1
cob=(2)
cfi=(51)
cfn=(898)
calls=1 0 
0 398 117 11
0 8 2 3 1 0 0 1
cob=(2)
cfi=(51)
cfn=(898)
calls=1 0 
0 398 117 11
0 9 3 4 1 0 0 1
cfn=(1050) 0x00000000000dc6c0
calls=1 0 
0 10295 2845 1500 75 79 9 74 11 7
0 3 2 1
cob=(2)
cfi=(51)
cfn=(904) 0x00000000048fa6b0
calls=1 0 
0 8 3
0 4 2 2
cob=(2)
cfi=(51)
cfn=(904)
calls=1 0 
0 8 3
0 4 2 2 1 0 0 1
cob=(2)
cfi=(51)
cfn=(904)
calls=1 0 
0 8 3
0 4 2 2
cob=(2)
cfi=(51)
cfn=(904)
calls=1 0 
0 8 3
0 5 2 2
cob=(2)
cfi=(51)
cfn=(904)
calls=1 0 
0 8 3
0 5 2 2 1 0 0 1
cob=(2)
cfi=(51)
cfn=(904)
calls=1 0 
0 8 3
0 4 2 2
cob=(2)
cfi=(51)
cfn=(904)
calls=1 0 
0 8 3
0 5 2 2
cob=(2)
cfi=(51)
cfn=(904)
calls=1 0 
0 8 3
0 13 9 1 1 1 0 1

fn=(868) std::locale::facet::_S_get_c_locale()
0 391685 0 78337 24 0 0 1
cob=(2)
cfi=(51)
cfn=(870) 0x00000000048fa630
calls=78337 0 
0 629760 235938 457 43 64 2 24 15
0 313348 156674 0 0 4

fn=(920) std::__cxx11::numpunct<char>::_M_initialize_numpunct(__locale_struct*)
0 414 137 75 7 4 0 7 2

fn=(944) std::__timepunct<char>::_M_initialize_timepunct(__locale_struct*)
0 11 2 4 2 0 0 2
cob=(2)
cfi=(51)
cfn=(864)
calls=1 0 
0 19 6 1
0 138 4 25 12 0 0 12

fn=(1252) std::ctype<char> const& std::use_facet<std::ctype<char> >(std::locale const&)
0 400400 80080 160160 7 15 0 1
cob=(2)
cfi=(51)
cfn=(904)
calls=80080 0 
0 640640 240240 0 7 25
0 480480 400400 0 7 24 0 1

fn=(1264) std::num_put<char, std::ostreambuf_iterator<char, std::char_traits<char> > > const& std::use_facet<std::num_put<char, std::ostreambuf_iterator<char, std::char_traits<char> > > >(std::locale const&)
0 8300 1660 3320 6 13 0 1
cob=(2)
cfi=(51)
cfn=(904)
calls=1660 0 
0 13280 4980 0 0 10
0 9960 8300

fn=(1288) std::basic_ios<wchar_t, std::char_traits<wchar_t> >::_M_cache_locale(std::locale const&)
0 32 0 12 1 0 0 1
cob=(2)
cfi=(51)
cfn=(1290) 0x00000000048fa230
calls=4 0 
0 903 268 131 3 9 0 3 2
0 16 0 4
cob=(2)
cfi=(51)
cfn=(1296) 0x00000000048f94c0
calls=4 0 
0 991 303 139 4 10 0 4 3
0 12 0 8 1 0 0 1
cob=(2)
cfi=(51)
cfn=(1302) 0x00000000048f9dd0
calls=4 0 
0 1271 314 131 3 7 0 3 2
0 16 0 4
cob=(2)
cfi=(51)
cfn=(1308) 0x00000000048fbed0
calls=4 0 
0 1375 351 139 3 8 0 3 3
0 12 0 8
cob=(2)
cfi=(51)
cfn=(1314) 0x00000000048fb820
calls=4 0 
0 1287 316 131 2 8 0 2 2
0 16 0 4
cob=(2)
cfi=(51)
cfn=(1320) 0x00000000048fcbd0
calls=4 0 
0 1383 352 139 3 5 0 3 1
0 20 12 4

fn=(1560)
0 3737887 325490 975633 34 0 3 2
cob=(2)
cfi=(51)
cfn=(1570) 0x00000000048fd0f0
calls=33 0 
0 585 121 55 1 1
0 1466726 1140012 486 27 3 0 2 1
cfn=(3620) std::basic_filebuf<char, std::char_traits<char> >::overflow(int)
calls=1 0 
0 45 13 12 7 0 0 7
cfn=(1562) std::__cxx11::basic_stringbuf<char, std::char_traits<char>, std::allocator<char> >::overflow(int)
calls=452 0 
0 67657 17956 12108 376 219 794 35 7 2
0 651873 0 162287
cob=(2)
cfi=(51)
cfn=(1570)
calls=162287 0 
0 2676536 568508 243749 13 450 752 2 5
0 325176 0 162287

fn=(1690) std::ostream& std::ostream::_M_insert<double>(double)
0 1331491 78323 626584 23 0 0 2
cob=(2)
cfi=(51)
cfn=(1520)
calls=78323 0 
0 1958075 704907 391615 28 1
0 1566280 704835 78305 3 13 0 1
cfn=(1692) std::num_put<char, std::ostreambuf_iterator<char, std::char_traits<char> > >::do_put(std::ostreambuf_iterator<char, std::char_traits<char> >, std::ios_base&, char, double) const
calls=78305 0 
0 222429826 48356400 33506648 179027 311 345 96 12 5
0 162 54 18 0 5
cfn=(1692)
calls=18 0 
0 55761 12147 8376 2608 178 47 197 20 1
0 1566694 1018289 36 23 2 0 3

fn=(1960) std::filesystem::__cxx11::path::_M_split_cmpts()
0 726 51 609 4 0 4 4
cob=(2)
cfi=(51)
cfn=(1770) 0x00000000048f9ab0
calls=3 0 
0 63 9 0 1
0 541 46 98 3 0 0 3
cob=(2)
cfi=(51)
cfn=(1770)
calls=20 0 
0 469 63 0 2 1 0 2 1
0 444 18 6 5 0 0 5
cfn=(1962) 0x0000000000187810
calls=3 0 
0 601 126 107 5 3 4 4 0 2
0 111 12 26 1 0 0 1
cfn=(1978) 0x0000000000186070
calls=26 0 
0 2702 712 429 10 12 7 8 1 3
0 52 0 26
cob=(2)
cfi=(51)
cfn=(1986) 0x00000000048fca90
calls=26 0 
0 1022 312 157 46 38 12 2 0 4
0 660 185 139 3 0 4 3 0 4

fn=(2006) std::__cxx11::basic_string<char, std::char_traits<char>, std::allocator<char> >::_M_create(unsigned long&, unsigned long)
0 192 16 0 6 0 0 2
cob=(2)
cfi=(51)
cfn=(1848)
calls=16 0 
0 944 240 128 2 20 1

fn=(2702) std::istream::sentry::sentry(std::istream&, bool)
0 3931872 1263816 842544 15 24 1 3

fn=(2828) std::__cxx11::collate<char>::_M_transform(char*, char const*, unsigned long) const
0 21 3 0 1 0 0 1
cob=(2)
cfi=(51)
cfn=(2830) 0x00000000048f9f00
calls=3 0 
0 1169 365 186 16 17 0 12 4

fn=(3134) std::__basic_file<char>::close()
0 16 0 8 2 0 0 1
cob=(2)
cfi=(51)
cfn=(2634)
calls=4 0 
0 24 12
0 22 8 2
cob=(2)
cfi=(51)
cfn=(3136) 0x00000000048fc670
calls=2 0 
0 1617 512 301 73 65 0 27 5
0 12 4 2

fn=(3206) std::ostream::flush()
0 450 120 120 8 7 0 2
cob=(2)
cfi=(51)
cfn=(1520)
calls=30 0 
0 893 325 174 0 2
0 210 180 30 5 7 0 1
cfn=(3518) __gnu_cxx::stdio_sync_filebuf<char, std::char_traits<char> >::sync()
calls=19 0 
0 4128 1217 677 75 29 0 21 2
cfn=(3208)
calls=11 0 
0 33 11 0 1 0 0 1
0 481 270 1 1 0 0 1
cob=(2)
cfi=(51)
cfn=(3770)
calls=1 0 
0 2428 805 408 9 65 3 5 4
0 7 3 1
cfn=(3518)
calls=1 0 
0 71 24 13
0 2

fn=(3207) std::ostream::flush()'2
0 15 4 4
cob=(2)
cfi=(51)
cfn=(1521) 0x00000000048fd1f0'2
calls=1 0 
0 25 9 5
0 7 6 1
cfn=(3518)
calls=1 0 
0 71 24 13
0 16 9

fn=(3508) __gnu_cxx::stdio_sync_filebuf<char, std::char_traits<char> >::overflow(int)
0 112 16 0 2 0 0 1
cob=(2)
cfi=(51)
cfn=(3510) 0x00000000048fba30
calls=16 0 
0 1134 410 221 21 16 0 2 4

fn=(3908) 0x00000000000d9870
0 2 1 0 1 0 0 1

fn=(1140) std::moneypunct<wchar_t, false>::_M_initialize_moneypunct(__locale_struct*, char const*)
0 109 30 31 5 0 0 5

fn=(1246) bool std::has_facet<std::ctype<char> >(std::locale const&)
0 4980 1660 0 24 0 0 1

fn=(1312) std::num_put<wchar_t, std::ostreambuf_iterator<wchar_t, std::char_traits<wchar_t> > > const& std::use_facet<std::num_put<wchar_t, std::ostreambuf_iterator<wchar_t, std::char_traits<wchar_t> > > >(std::locale const&)
0 20 4 8 1 0 0 1
cob=(2)
cfi=(51)
cfn=(904)
calls=4 0 
0 32 12
0 24 20

fn=(1324) std::num_get<wchar_t, std::istreambuf_iterator<wchar_t, std::char_traits<wchar_t> > > const& std::use_facet<std::num_get<wchar_t, std::istreambuf_iterator<wchar_t, std::char_traits<wchar_t> > > >(std::locale const&)
0 20 4 8 1 0 0 1
cob=(2)
cfi=(51)
cfn=(904)
calls=4 0 
0 32 12
0 24 20

fn=(1514) std::__cxx11::basic_stringstream<char, std::char_traits<char>, std::allocator<char> >::basic_stringstream()
0 475 50 150 27 4 0 2
cob=(2)
cfi=(51)
cfn=(1206) 0x00000000048fa1b0
calls=25 0 
0 2175 325 750 59 9 6
0 325 0 200 34 0 2 2
cob=(2)
cfi=(51)
cfn=(1212) 0x00000000048fc5a0
calls=25 0 
0 5575 1900 1100 377 39
0 175 0 75
cob=(2)
cfi=(51)
cfn=(1212)
calls=25 0 
0 5575 1900 1100
0 325 25 175 17 0 1 1
cob=(2)
cfi=(51)
cfn=(830) 0x00000000048fa780
calls=25 0 
0 675 275 150
0 275 25 150 13 2 0 1
cob=(2)
cfi=(51)
cfn=(1212)
calls=25 0 
0 5575 1900 1100
0 150 125

fn=(1552) 0x000000000012e8f0
0 534 41 31 20 1 0 3

fn=(1562)
0 10152 1444 3252 45 0 5 2
cob=(2)
cfi=(51)
cfn=(1816) 0x00000000048fcb10
calls=22 0 
0 8892 1616 1278 5 65 45
0 77 0 44 12 0 0 2
cob=(2)
cfi=(51)
cfn=(1816)
calls=11 0 
0 2363 569 334 90 61 6 6 2 2
0 330 99 33
cob=(2)
cfi=(51)
cfn=(1822) 0x00000000048f9490
calls=33 0 
0 9131 2537 2178 39 28 729 6
0 594 198 165 6 0 0 1
cob=(2)
cfi=(51)
cfn=(1828) 0x00000000048fbd60
calls=33 0 
0 2526 728 428 39 13 0 6 3
0 231 165 33
cob=(2)
cfi=(51)
cfn=(1834) 0x00000000048fbcf0
calls=33 0 
0 2789 589 395 25 21 0 5
0 121 33 22
cob=(2)
cfi=(51)
cfn=(1358) 0x00000000048fa2e0
calls=22 0 
0 3118 942 430 4 14 4
0 8875 4101 871 48 0 4 3
cob=(2)
cfi=(51)
cfn=(1564) 0x00000000048fae90
calls=419 0 
0 7432 1131 1388 38 17 1 2 2
0 11026 3804 1257 25 0 0 2

fn=(1604) std::__cxx11::basic_stringstream<char, std::char_traits<char>, std::allocator<char> >::~basic_stringstream()
0 519 81 114 39 5 5 2
cob=(2)
cfi=(51)
cfn=(1358)
calls=6 0 
0 570 180 90 0 5
0 135 27 54 0 2
cob=(2)
cfi=(51)
cfn=(1230)
calls=27 0 
0 270 135 27 0 3
0 297 54 108 24 3 0 1
cob=(2)
cfi=(51)
cfn=(1606) 0x00000000048fc020
calls=27 0 
0 4131 1331 717 170 49 0 11 2

fn=(1698) std::ostreambuf_iterator<char, std::char_traits<char> > std::num_put<char, std::ostreambuf_iterator<char, std::char_traits<char> > >::_M_insert_float<double>(std::ostreambuf_iterator<char, std::char_traits<char> >, std::ios_base&, char, char, double) const
0 1801429 78323 1018199 27 0 2 2
cfn=(1546) 0x000000000012b240
calls=78323 0 
0 2271367 939876 391615 23 31 3
0 861553 78323 156646 4 0 0 1
cob=(2)
cfi=(51)
cfn=(1700) 0x00000000048fb0b0
calls=78323 0 
0 2585647 313564 313423 30 20 1 5 2
0 1018199 78323 234969 15 0 0 1
cob=(2)
cfi=(51)
cfn=(864)
calls=78323 0 
0 1488137 469938 78323 57 23
0 861553 156646 234969 3 0 0 1
cfn=(1706) 0x00000000000fb400
calls=78323 0 
0 191785072 40753710 28801771 180228 230 157 233 21 4
0 391615 78323 156646 7 0 0 1
cob=(2)
cfi=(51)
cfn=(1248) 0x00000000048f9550
calls=78323 0 
0 1644783 783230 156646 7 18
0 2428013 313292 234969 35 2 0 3
cob=(2)
cfi=(51)
cfn=(1770)
calls=78323 0 
0 1723947 235260 143 28 17 0 2 1
0 2114458 704867 234959 33 6 0 2
cfn=(3614)
calls=77500 0 
0 7676554 2093886 1164012 254 15 157
cfn=(3482)
calls=412 0 
0 58772 14061 9511 14 1 66
cfn=(1560)
calls=411 0 
0 68223 18615 11386 329 61 2 27 5 2
0 1257377 705273 366 3 0 0 3
cob=(2)
cfi=(51)
cfn=(3560) 0x00000000048fb5c0
calls=183 0 
0 20091 4082 2873 21 44 4 6 2
0 549196 157022 78323 26 1 0 2
cob=(2)
cfi=(51)
cfn=(1570)
calls=78323 0 
0 1172917 313284 156638 19 5
0 235335 0 78506 16 0 0 1

fn=(2028) std::filesystem::__cxx11::path::_List::_Impl_deleter::operator()(std::filesystem::__cxx11::path::_List::_Impl*) const
0 181 29 35 1 0 0 1
cob=(2)
cfi=(51)
cfn=(2030) 0x00000000048fb000
calls=26 0 
0 1272 340 131 2 9 0 2
0 116 30 4
cob=(2)
cfi=(51)
cfn=(2034) 0x00000000048fcff0
calls=4 0 
0 1032 352 191 2 9 0 2
0 108 12 3 1 0 0 1
cob=(2)
cfi=(51)
cfn=(2034)
calls=3 0 
0 297 93 45 0 1

fn=(2029) std::filesystem::__cxx11::path::_List::_Impl_deleter::operator()(std::filesystem::__cxx11::path::_List::_Impl*) const'2
0 104 26

fn=(3566) 0x000000000012d890
0 5124 183 1281 2 0 0 2
cob=(2)
cfi=(51)
cfn=(3574) 0x00000000048f9790
calls=183 0 
0 4691 658 363 8 34 0 2 1
0 2562 1098 0 1 0 0 1
cob=(2)
cfi=(51)
cfn=(1570)
calls=183 0 
0 2747 732 366

fn=(3614)
0 2509600 627400 784250 1 5 0 1
cfn=(2714)
calls=156850 0 
0 470550 156850 0 1
0 2510724 627541 140 2 1 0 2
cob=(2)
cfi=(51)
cfn=(3622) 0x00000000048fcd60
calls=140 0 
0 12042 3345 2372 292 94 15 9 6
0 1412350 627540 0 1 0 0 1
cob=(2)
cfi=(51)
cfn=(3616) 0x00000000048fb8d0
calls=156710 0 
0 8843308 2114169 1487779 58 423 330 7 1
0 2240 420 840 1 0 0 1

fn=(3646) std::__basic_file<char>::xsputn(char const*, long)
0 10 0 5 2 0 0 1
cob=(2)
cfi=(51)
cfn=(2722)
calls=1 0 
0 14 6 0 3
0 5 0 1
cob=(2)
cfi=(51)
cfn=(3648) 0x00000000048fced0
calls=1 0 
0 801 288 141 3 34 0 0 5
0 11 5

fn=(3904) 0x00000000000dbf10
0 2 1 0 1 0 0 1

fn=(3780) __cxa_get_globals
0 8 0 2 1 0 0 1
cob=(2)
cfi=(51)
cfn=(3782) 0x00000000048fb020
calls=2 0 
0 927 324 144 3 44 0 1 2
0 6 2

fn=(750) 0x00000000000aad40
0 50 25 12 3 12 0 3 2

fn=(802) 0x00000000000aaec0
0 7 0 2 1 0 0 1
cob=(2)
cfi=(51)
cfn=(620)
calls=1 0 
0 77 15 15
0 4 0 1
cob=(2)
cfi=(51)
cfn=(620)
calls=1 0 
0 77 15 15 0 0 1 0 0 1
0 5 1 0 1 0 0 1
cob=(2)
cfi=(51)
cfn=(620)
calls=1 0 
0 77 15 15

fn=(828) std::ios_base::Init::Init()
0 89 27 31 7 8 3 5 1
cob=(2)
cfi=(51)
cfn=(830)
calls=1 0 
0 79159 21669 10071 343 460 104 337 81 95
0 16 3 11 2 1 1 2
cob=(2)
cfi=(51)
cfn=(830)
calls=1 0 
0 27 11 6 1 1
0 14 2 11 1 0 2 1
cob=(2)
cfi=(51)
cfn=(830)
calls=1 0 
0 27 11 6
0 7 1 4 1 0 0 1
cob=(2)
cfi=(51)
cfn=(1206)
calls=1 0 
0 803 251 161 5 7 4 5
0 11 1 6 1 0 1 1
cob=(2)
cfi=(51)
cfn=(1212)
calls=1 0 
0 11791 3194 1505 35 87 0 33 18
0 4 1 1 0 1
cob=(2)
cfi=(51)
cfn=(1206)
calls=1 0 
0 87 13 30 0 0 4 0 0 3
0 15 1 8 2 0 0 2
cob=(2)
cfi=(51)
cfn=(1212)
calls=1 0 
0 223 76 44
0 5 1 1 0 1
cob=(2)
cfi=(51)
cfn=(1206)
calls=1 0 
0 87 13 30 0 0 3
0 11 1 6 1 0 1 1
cob=(2)
cfi=(51)
cfn=(1212)
calls=1 0 
0 223 76 44
0 4 1 2 1 1 0 1
cob=(2)
cfi=(51)
cfn=(1206)
calls=1 0 
0 87 13 30 0 0 4 0 0 4
0 11 2 6 1 0 1 1
cob=(2)
cfi=(51)
cfn=(1212)
calls=1 0 
0 223 76 44
0 23 4 12 2 2 1 2
cob=(2)
cfi=(51)
cfn=(830)
calls=1 0 
0 27 11 6
0 16 3 11 2 0 3 2
cob=(2)
cfi=(51)
cfn=(830)
calls=1 0 
0 27 11 6
0 14 2 11 2 0 1 2
cob=(2)
cfi=(51)
cfn=(830)
calls=1 0 
0 27 11 6
0 7 1 4 1 0 0 1
cob=(2)
cfi=(51)
cfn=(1206)
calls=1 0 
0 87 13 30 0 0 4 0 0 4
0 11 1 7 1 0 1 1 0 1
cob=(2)
cfi=(51)
cfn=(1278) 0x00000000048fba20
calls=1 0 
0 9351 2414 1093 26 61 0 26 17
0 4 1 1
cob=(2)
cfi=(51)
cfn=(1206)
calls=1 0 
0 87 13 30 0 0 4 0 0 4
0 15 1 9 2 0 0 2
cob=(2)
cfi=(51)
cfn=(1278)
calls=1 0 
0 223 76 45
0 5 1 1
cob=(2)
cfi=(51)
cfn=(1206)
calls=1 0 
0 87 13 30 0 0 4 0 0 2
0 11 1 7 1 0 1 1 0 1
cob=(2)
cfi=(51)
cfn=(1278)
calls=1 0 
0 223 76 45
0 4 1 2
cob=(2)
cfi=(51)
cfn=(1206)
calls=1 0 
0 87 13 30 0 0 4
0 11 2 7 2 0 0 2
cob=(2)
cfi=(51)
cfn=(1278)
calls=1 0 
0 223 76 45
0 15 9 4 0 1

fn=(956) std::ctype<wchar_t>::ctype(unsigned long)
0 13 1 5 2 0 1 2 0 1
cob=(2)
cfi=(51)
cfn=(864)
calls=1 0 
0 19 6 1
0 7 2 2
cob=(2)
cfi=(51)
cfn=(958) 0x00000000048fa950
calls=1 0 
0 28287 7377 3879 50 88 20 45 19 20

fn=(1036) std::__timepunct<wchar_t>::__timepunct(std::__timepunct_cache<wchar_t>*, unsigned long)
0 15 1 7 2 0 0 2
cob=(2)
cfi=(51)
cfn=(852)
calls=1 0 
0 5 2
0 4 0 2
cob=(2)
cfi=(51)
cfn=(1038) 0x00000000048fb1f0
calls=1 0 
0 1286 301 161 16 10 0 16 3
0 4 3

fn=(1530) std::ctype<char>::_M_widen_init() const
0 720 30 37 10 6 4 10 3
cob=(2)
cfi=(51)
cfn=(1532) 0x00000000048fc500
calls=1 0 
0 918 321 148 11 18 2 5 2
0 12 6 1 1

fn=(1674) std::ostreambuf_iterator<char, std::char_traits<char> > std::num_put<char, std::ostreambuf_iterator<char, std::char_traits<char> > >::_M_insert_int<long>(std::ostreambuf_iterator<char, std::char_traits<char> >, std::ios_base&, char, long) const
0 40 2 20 4 0 0 2
cfn=(1546)
calls=2 0 
0 58 24 10 1
0 53 2 8 4 0 0 2
cfn=(1552)
calls=1 0 
0 24 2 1 2
0 8 0 4
cfn=(1552)
calls=1 0 
0 52 4 3 1
0 56 14 6 4 0 0 2
cfn=(3482)
calls=1 0 
0 147 34 23
cfn=(1560)
calls=1 0 
0 124 36 22 10
0 32 18 0 2 0 0 1

fn=(2294) std::__detail::_Prime_rehash_policy::_M_next_bkt(unsigned long) const
0 76 14 2 12 2 0 6 1

fn=(2710) std::basic_streambuf<char, std::char_traits<char> >::xsgetn(char*, long)
0 2949455 280952 702189 3 0 1 1
cob=(2)
cfi=(51)
cfn=(1570)
calls=69 0 
0 1295 259 121
0 1100 560 139 5 20 0 2
cfn=(2712) std::basic_filebuf<char, std::char_traits<char> >::underflow()
calls=70 0 
0 11979 3811 1949 80 135 4 18 7
0 421945 138 140527 3 0 0 1
cob=(2)
cfi=(51)
cfn=(1570)
calls=140389 0 
0 2386735 561539 280761 7 1257 0 0 127
0 1123216 842334 140389

fn=(2726) std::__basic_file<char>::fd()
0 633 211 0 1 9
cob=(2)
cfi=(51)
cfn=(2728) 0x00000000048f94e0
calls=211 0 
0 2715 1129 141 296 46 0 1 1

fn=(3074) std::_Rb_tree_increment(std::_Rb_tree_node_base*)
0 83 29 0 2 8 0 1

fn=(3116) std::basic_filebuf<char, std::char_traits<char> >::close()
0 36 3 15 4 0 0 2
cob=(2)
cfi=(51)
cfn=(2634)
calls=3 0 
0 18 9 0 2 3
0 12 0 4
cob=(2)
cfi=(51)
cfn=(3118) 0x00000000048faaf0
calls=2 0 
0 4133 1207 579 63 127 20 14 12
0 10 0 6 2 0 1 1
cob=(2)
cfi=(51)
cfn=(3124) 0x00000000048fad40
calls=2 0 
0 1532 401 187 18 29 1 4 3
0 28 4 16 2 0 0 1
cob=(2)
cfi=(51)
cfn=(3130)
calls=2 0 
0 2493 780 440 78 74 0 30 7
0 37 18 0 1 0 0 1

fn=(3888) 0x00000000000aaf80
0 9 3 2 1 3 0 1
cob=(2)
cfi=(51)
cfn=(3894) 0x00000000048f91e0
calls=1 0 
0 1151 349 181 13 10 3 7
0 1 0 1
cfn=(3922) 0x00000000000aaf10
calls=1 0 
0 5 1 0 1
0 3 2 1

fn=(3900) 0x000000000018d800
0 2 1

fn=(3774) std::uncaught_exception()
0 6 0 2 1 0 0 1
cob=(2)
cfi=(51)
cfn=(3776) 0x00000000048fbd30
calls=2 0 
0 1669 567 277 6 55 0 2 3
0 10 4 0 0 1

fn=(608) 0x00000000000aa840
0 9 0 4 1 0 1 1
cob=(2)
cfi=(51)
cfn=(610) 0x00000000048fafb0
calls=1 0 
0 801 248 132 3 16 7 3 0 2
0 7 0 2 1 0 0 1
cob=(2)
cfi=(51)
cfn=(620)
calls=1 0 
0 1035 324 162 9 23 1 9 1
0 3 0 2
cob=(2)
cfi=(51)
cfn=(610)
calls=1 0 
0 7 3 1
0 9 2 1 1 0 0 1
cob=(2)
cfi=(51)
cfn=(620)
calls=1 0 
0 77 15 15 0 0 1

fn=(732) 0x00000000000aacc0
0 34 17 8 2 8 0 2 1

fn=(776) 0x00000000000aae00
0 50 25 12 3 10 0 3 2

fn=(862) std::ctype<char>::ctype(unsigned short const*, bool, unsigned long)
0 15 1 6 1 0 1 1 0 1
cob=(2)
cfi=(51)
cfn=(864)
calls=1 0 
0 3983 1194 589 27 59 3 27 16
0 101 7 73 3 1 8 3 0 8

fn=(1018) std::__cxx11::numpunct<wchar_t>::_M_initialize_numpunct(__locale_struct*)
0 350 74 74 5 1 3 5 1 3

fn=(1222) std::ios_base::_M_init()
0 17850 2550 7650 32 14 2 2 1
cob=(2)
cfi=(51)
cfn=(830)
calls=1275 0 
0 34425 14025 7650 0 0 6
0 3825 0 1275
cob=(2)
cfi=(51)
cfn=(1224)
calls=1275 0 
0 28835 10454 3961 99 20 0 5 1
0 2550 0 1275
cob=(2)
cfi=(51)
cfn=(1230)
calls=1275 0 
0 13490 6616 1406 8 16 0 1
0 8925 6375 0 21 0 0 1

fn=(1228) std::locale::operator=(std::locale const&)
0 33300 11655 4995 67 0 0 3

fn=(1240) std::basic_ios<char, std::char_traits<char> >::_M_cache_locale(std::locale const&)
0 13280 0 4980 19 0 0 1
cob=(2)
cfi=(51)
cfn=(1242) 0x00000000048fd210
calls=1660 0 
0 9199 3582 131 42 18 0 3 2
0 6640 0 1660
cob=(2)
cfi=(51)
cfn=(1248)
calls=1660 0 
0 35812 16876 3456 21 66 0 2
0 4980 0 3320
cob=(2)
cfi=(51)
cfn=(1254) 0x00000000048fc1b0
calls=1660 0 
0 9596 3639 136 47 19 0 3 3
0 6640 0 1660
cob=(2)
cfi=(51)
cfn=(1260) 0x00000000048f99b0
calls=1660 0 
0 36135 16909 3451 36 42 0 3 1
0 4980 0 3320 19 0 0 1
cob=(2)
cfi=(51)
cfn=(1266) 0x00000000048f9460
calls=1660 0 
0 9551 3626 131 413 21 0 2 2
0 6640 0 1660
cob=(2)
cfi=(51)
cfn=(1272) 0x00000000048fa890
calls=1660 0 
0 36135 16909 3451 56 31 0 1 3
0 8300 4980 1660

fn=(1258) bool std::has_facet<std::num_put<char, std::ostreambuf_iterator<char, std::char_traits<char> > > >(std::locale const&)
0 4980 1660 0 17 0 0 1

fn=(1480) __cxa_guard_acquire
0 119 42 14 8 1 0 2

fn=(1524) std::ostream::sentry::sentry(std::ostream&)
0 2472274 659272 659273 22 18 0 2
cob=(2)
cfi=(51)
cfn=(3767) 0x00000000048fb770'2
calls=1 0 
0 136 53 23
0 1318547 659274 164818 19 0 0 1

fn=(1525) std::ostream::sentry::sentry(std::ostream&)'2
0 23 8 5

fn=(1622) std::ios_base::_M_dispose_callbacks()
0 10556 4060 3248 30 0 0 1

fn=(1692)
0 313292 0 0 17 0 0 1
cob=(2)
cfi=(51)
cfn=(1694) 0x00000000048fb440
calls=78323 0 
0 222172295 48368547 33515024 181618 489 392 292 32 6

fn=(1962)
0 81 6 24 2 0 0 2
cob=(2)
cfi=(51)
cfn=(1848)
calls=3 0 
0 454 90 68 1 3 4 0 0 2
0 66 30 15 2 0 0 2

fn=(2602) std::basic_filebuf<char, std::char_traits<char> >::basic_filebuf()
0 40 2 26 4 2 1 2
cob=(2)
cfi=(51)
cfn=(830)
calls=2 0 
0 54 22 12
0 20 2 10 2 2 0 1
cob=(2)
cfi=(51)
cfn=(2604) 0x00000000048fce20
calls=2 0 
0 952 270 135 10 30 6 3 2
0 30 0 26 4 0 1 2
cob=(2)
cfi=(51)
cfn=(2610) 0x00000000048fac00
calls=2 0 
0 2008 613 313 27 37 2 14 1
0 8 0 2
cob=(2)
cfi=(51)
cfn=(2624) 0x00000000048fbfc0
calls=2 0 
0 1283 367 177 7 10 0 4
0 14 12 2

fn=(2638) std::__basic_file<char>::is_open() const
0 52 26 0 1 1

fn=(2772) std::locale::locale(std::locale const&)
0 2751 1179 393 4

fn=(2792) std::__cxx11::messages<char> const& std::use_facet<std::__cxx11::messages<char> >(std::locale const&)
0 5 1 2 1 0 0 1
cob=(2)
cfi=(51)
cfn=(904)
calls=1 0 
0 8 3
0 11 6 1 1 0 0 1
cob=(2)
cfi=(51)
cfn=(2616) 0x00000000048fc1f0
calls=1 0 
0 153 50 28
0 4 2

fn=(2862) std::__detail::_List_node_base::_M_hook(std::__detail::_List_node_base*)
0 9 2 3 1 0 0 1

fn=(2868) std::_Rb_tree_insert_and_rebalance(bool, std::_Rb_tree_node_base*, std::_Rb_tree_node_base*, std::_Rb_tree_node_base&)
0 919 195 266 11 14 6 8

fn=(3122) std::basic_filebuf<char, std::char_traits<char> >::_M_terminate_output()
0 33 8 15 3 0 0 1
cfn=(3620)
calls=1 0 
0 2964 887 432 37 85 15 8 10
0 11 5 1 1 1 0 1
cfn=(2714)
calls=1 0 
0 3 1
0 27 18 0 4 0 0 2

fn=(3128) std::basic_filebuf<char, std::char_traits<char> >::_M_destroy_internal_buffer()
0 18 4 4 2 0 0 1
cob=(2)
cfi=(51)
cfn=(2848) 0x00000000048f9170
calls=2 0 
0 325 94 42 12 18 1
0 22 6 10 1 0 0 1

fn=(3602) std::ostream& std::ostream::_M_insert<long>(long)
0 17 1 8 2 0 0 2
cob=(2)
cfi=(51)
cfn=(1520)
calls=1 0 
0 25 9 5
0 20 9 1 1 1 0 1
cfn=(3604) std::num_put<char, std::ostreambuf_iterator<char, std::char_traits<char> > >::do_put(std::ostreambuf_iterator<char, std::char_traits<char> >, std::ios_base&, char, long) const
calls=1 0 
0 326 69 50 10 1 0 1
0 20 13 0 2 0 0 2

fn=(3916) std::error_category::~error_category()
0 4 2

fn=(602) 0x00000000000aafc0
0 12 1 0 2 0 0 2

fn=(704) 0x00000000000aaa60
0 44 13 28 5 3 6 5 3 6

fn=(714) 0x00000000000aac40
0 34 17 8 2 9 0 2 1

fn=(962) std::ctype<wchar_t>::_M_initialize_ctype()
0 10 1 5 1 0 0 1
cob=(2)
cfi=(51)
cfn=(964) 0x00000000048fbeb0
calls=1 0 
0 863 300 145 4 20 0 4 4
0 770 0 256 1 0 2 1 0 2
cob=(2)
cfi=(51)
cfn=(970) 0x00000000048faf30
calls=128 0 
0 4565 1319 658 7 14 0 5 3
0 260 0 2
cob=(2)
cfi=(51)
cfn=(976) 0x00000000048fca60
calls=1 0 
0 853 305 151 6 12 0 6 3
0 510 0 255
cob=(2)
cfi=(51)
cfn=(976)
calls=255 0 
0 13150 3959 1531 5 6 0 5
0 1086 0 272 1 0 16 1 0 16
cob=(2)
cfi=(51)
cfn=(988) 0x00000000048fade0
calls=8 0 
0 3493 895 371 22 27 0 19 8
0 72 0 16 0 0 2 0 0 2
cob=(2)
cfi=(51)
cfn=(988)
calls=4 0 
0 1736 326 78
0 23 4 4
cob=(2)
cfi=(51)
cfn=(964)
calls=1 0 
0 24 10 4 0 1
0 2 0 0 1 0 0 1

fn=(1048) std::__cxx11::messages<wchar_t>::messages(unsigned long)
0 13 1 5 1 1 0 1
cob=(2)
cfi=(51)
cfn=(864)
calls=1 0 
0 19 6 1
0 2 0 2
cob=(2)
cfi=(51)
cfn=(852)
calls=1 0 
0 5 2
0 5 3 1

fn=(1110) std::messages<char>::messages(unsigned long)
0 13 1 5 2 1 1 2 0 1
cob=(2)
cfi=(51)
cfn=(864)
calls=1 0 
0 19 6 1
0 2 0 2
cob=(2)
cfi=(51)
cfn=(852)
calls=1 0 
0 5 2
0 5 3 1

fn=(1152) std::moneypunct<wchar_t, true>::_M_initialize_moneypunct(__locale_struct*, char const*)
0 109 30 31 6 0 0 6

fn=(1306) bool std::has_facet<std::num_put<wchar_t, std::ostreambuf_iterator<wchar_t, std::char_traits<wchar_t> > > >(std::locale const&)
0 12 4 0 1 0 0 1

fn=(1318) bool std::has_facet<std::num_get<wchar_t, std::istreambuf_iterator<wchar_t, std::char_traits<wchar_t> > > >(std::locale const&)
0 12 4

fn=(1398) std::chrono::_V2::system_clock::now()
0 102456 12807 25614 6 0 0 2
cob=(2)
cfi=(51)
cfn=(1400) 0x00000000048f9b10
calls=12807 0 
0 167386 51521 141 6413 20429 24 4 5
0 89649 64035

fn=(1576) std::__cxx11::basic_stringbuf<char, std::char_traits<char>, std::allocator<char> >::str() const &
0 672 72 240 17 0 0 2
cfn=(1578) 0x00000000001a50e0
calls=24 0 
0 2758 650 471 135 10 0 12
0 250 168 0 18 0 0 1

fn=(1578)
0 1223 228 204 79 0 0 5
cob=(2)
cfi=(51)
cfn=(1570)
calls=12 0 
0 226 48 24
0 32 0 20 8 0 0 2
cob=(2)
cfi=(51)
cfn=(1848)
calls=5 0 
0 907 300 171 6 10
0 95 15 20 7 0 0 2
cob=(2)
cfi=(51)
cfn=(1570)
calls=5 0 
0 65 20 10
0 210 39 22 35 0 0 3

fn=(1832) std::__cxx11::basic_string<char, std::char_traits<char>, std::allocator<char> >::swap(std::__cxx11::basic_string<char, std::char_traits<char>, std::allocator<char> >&)
0 1353 407 297 36 0 0 6

fn=(1952) std::_V2::system_category()
0 15 5 0 1 0 0 1

fn=(2050) std::_V2::generic_category()
0 3 1

fn=(2614) bool std::has_facet<std::codecvt<char, char, __mbstate_t> >(std::locale const&)
0 10 2 4 0 2
cob=(2)
cfi=(51)
cfn=(904)
calls=2 0 
0 16 6 0 0 2
0 24 12 2 2 4 0 1
cob=(2)
cfi=(51)
cfn=(2616)
calls=2 0 
0 880 297 171 21 20 2 11
0 10 4

fn=(2620) __dynamic_cast
0 245 56 77 6 15 1 3
cfn=(2782) __cxxabiv1::__vmi_class_type_info::__do_dyncast(long, __cxxabiv1::__class_type_info::__sub_kind, __cxxabiv1::__class_type_info const*, void const*, __cxxabiv1::__class_type_info const*, void const*, __cxxabiv1::__class_type_info::__dyncast_result&) const
calls=2 0 
0 1011 349 177 15 18 15 9 3 9
cfn=(2622) __cxxabiv1::__si_class_type_info::__do_dyncast(long, __cxxabiv1::__class_type_info::__sub_kind, __cxxabiv1::__class_type_info const*, void const*, __cxxabiv1::__class_type_info const*, void const*, __cxxabiv1::__class_type_info::__dyncast_result&) const
calls=5 0 
0 185 55 45 9 0 1 4
0 140 77 0 4 0 0 2

fn=(2816) 0x00000000000fab90
0 93 33 24 2 0 0 2

fn=(3062) std::_Rb_tree_decrement(std::_Rb_tree_node_base*)
0 75 34 0 2 3 0 2

fn=(3518)
0 63 21 0 4 2 0 1
cob=(2)
cfi=(51)
cfn=(3520) 0x00000000048fd340
calls=21 0 
0 4207 1244 703 71 27 0 20 2

fn=(3896) 0x000000000018d820
0 2 1 0 1 0 0 1

fn=(3798) std::basic_ostream<wchar_t, std::char_traits<wchar_t> >::sentry::sentry(std::basic_ostream<wchar_t, std::char_traits<wchar_t> >&)
0 49 12 13 2 1 0 2
cob=(2)
cfi=(51)
cfn=(3789) 0x00000000048fc860'2
calls=1 0 
0 136 53 23
0 27 14 3 1 0 0 1

fn=(3799) std::basic_ostream<wchar_t, std::char_traits<wchar_t> >::sentry::sentry(std::basic_ostream<wchar_t, std::char_traits<wchar_t> >&)'2
0 23 8 5

fn=(880) 0x00000000000c0250
0 5 0 0 1 0 0 1
cob=(2)
cfi=(51)
cfn=(882) 0x00000000048fa3a0
calls=1 0 
0 2021 592 284 13 26 2 13 5

fn=(914) std::codecvt<char, char, __mbstate_t>::codecvt(unsigned long)
0 13 1 5 1 0 1 1 0 1
cob=(2)
cfi=(51)
cfn=(864)
calls=1 0 
0 19 6 1
0 5 3 1 1 0 1 1 0 1

fn=(938) std::__timepunct<char>::__timepunct(std::__timepunct_cache<char>*, unsigned long)
0 15 1 7 2 0 1 2 0 1
cob=(2)
cfi=(51)
cfn=(852)
calls=1 0 
0 5 2
0 4 0 2
cob=(2)
cfi=(51)
cfn=(940) 0x00000000048fbd70
calls=1 0 
0 1262 298 161 16 9 0 16 2
0 4 3

fn=(992) std::ctype<wchar_t>::_M_convert_to_wmask(unsigned short) const
0 84 1 0 2 0 0 2
cob=(2)
cfi=(51)
cfn=(994) 0x00000000048fa420
calls=1 0 
0 612 116 28
0 24 1 0 1 0 0 1
cob=(2)
cfi=(51)
cfn=(994)
calls=1 0 
0 392 76 20 0 1 0 0 1
0 7 1
cob=(2)
cfi=(51)
cfn=(994)
calls=1 0 
0 502 96 24
0 9 1 0 1 0 0 1
cob=(2)
cfi=(51)
cfn=(994)
calls=1 0 
0 202 42 13
0 3 1
cob=(2)
cfi=(51)
cfn=(994)
calls=1 0 
0 257 52 15
0 3 1 0 1 0 0 1
cob=(2)
cfi=(51)
cfn=(994)
calls=1 0 
0 969 313 150 12 17 0 9 5
0 3 1
cob=(2)
cfi=(51)
cfn=(994)
calls=1 0 
0 557 106 26
0 3 1
cob=(2)
cfi=(51)
cfn=(994)
calls=1 0 
0 192 38 13 0 1
0 3 1
cob=(2)
cfi=(51)
cfn=(994)
calls=1 0 
0 337 66 18 0 1 0 0 1
0 7 3 0 2 0 0 2
cob=(2)
cfi=(51)
cfn=(994)
calls=1 0 
0 147 32 11 1 0 0 1

fn=(1012) std::codecvt<wchar_t, char, __mbstate_t>::codecvt(unsigned long)
0 13 1 5 2 0 1 2 0 1
cob=(2)
cfi=(51)
cfn=(864)
calls=1 0 
0 19 6 1
0 5 3 1

fn=(1056) std::numpunct<char>::_M_initialize_numpunct(__locale_struct*)
0 414 137 75 5 0 0 5

fn=(1176) std::messages<wchar_t>::messages(unsigned long)
0 13 1 5 2 0 0 2
cob=(2)
cfi=(51)
cfn=(864)
calls=1 0 
0 19 6 1
0 2 0 2
cob=(2)
cfi=(51)
cfn=(852)
calls=1 0 
0 5 2
0 5 3 1

fn=(1202) std::locale::locale(std::locale::_Impl*)
0 3 1 1 1 0 0 1

fn=(1216) std::basic_ios<char, std::char_traits<char> >::init(std::basic_streambuf<char, std::char_traits<char> >*)
0 8897 0 3813 25 0 0 1
cob=(2)
cfi=(51)
cfn=(1218) 0x00000000048fc640
calls=1271 0 
0 112874 41412 23276 173 76 8 11 4
0 3813 0 1271
cob=(2)
cfi=(51)
cfn=(1236)
calls=1271 0 
0 149189 52923 22539 672 216 0 18 14
0 16523 3813 6355 20 0 0 1

fn=(1276) std::num_get<char, std::istreambuf_iterator<char, std::char_traits<char> > > const& std::use_facet<std::num_get<char, std::istreambuf_iterator<char, std::char_traits<char> > > >(std::locale const&)
0 8300 1660 3320 24 12 0 1
cob=(2)
cfi=(51)
cfn=(904)
calls=1660 0 
0 13280 4980
0 9960 8300

fn=(1282) std::basic_ios<wchar_t, std::char_traits<wchar_t> >::init(std::basic_streambuf<wchar_t, std::char_traits<wchar_t> >*)
0 28 0 12 1 0 0 1
cob=(2)
cfi=(51)
cfn=(1218)
calls=4 0 
0 348 128 72
0 12 0 4
cob=(2)
cfi=(51)
cfn=(1284) 0x00000000048fd100
calls=4 0 
0 8449 2208 985 22 56 0 22 15
0 52 12 24 1 0 0 1

fn=(1518) std::ostream& std::ostream::_M_insert<unsigned long>(unsigned long)
0 136 8 64 3 0 0 1
cob=(2)
cfi=(51)
cfn=(1520)
calls=8 0 
0 947 315 171 26 9 0 5 2
0 100 48 2 10 2 0 1
cfn=(1538) std::num_put<char, std::ostreambuf_iterator<char, std::char_traits<char> > >::do_put(std::ostreambuf_iterator<char, std::char_traits<char> >, std::ios_base&, char, unsigned long) const
calls=2 0 
0 662 140 102 22 2
0 54 18 6 1 2 0 1
cfn=(1538)
calls=6 0 
0 5493 1412 734 94 41 1 27 6
0 238 133 13 9 0 0 3
cob=(2)
cfi=(51)
cfn=(1526) 0x00000000048faeb0
calls=1 0 
0 2496 612 317 24 35 6 17 5
0 6 3 0 0 1

fn=(1704) std::__num_base::_S_format_float(std::ios_base const&, char*, char)
0 2428013 234969 313292 16 6 0 3 1

fn=(1706)
0 2036398 156646 1253168 430 0 9 2
cob=(2)
cfi=(51)
cfn=(964)
calls=78323 0 
0 1879752 783230 313292 33 26
0 939876 0 391615 11 0 0 1
cob=(2)
cfi=(51)
cfn=(1712) 0x00000000048fbb50
calls=78323 0 
0 184031095 38482343 26452081 154832 200 148 229 21 4
0 234969 0 78323
cob=(2)
cfi=(51)
cfn=(964)
calls=78323 0 
0 1879752 783230 313292 0 4
0 783230 548261 0 24922 0 0 1

fn=(1838) std::__cxx11::basic_stringbuf<char, std::char_traits<char>, std::allocator<char> >::_M_sync(char*, unsigned long, unsigned long)
0 1121 203 170 19 0 0 3
cob=(2)
cfi=(51)
cfn=(1564)
calls=34 0 
0 510 68 102 3 4
0 2 0 0 1

fn=(1956) std::filesystem::__cxx11::path::_List::_List()
0 87 29 29 1 0 4 1 0 4

fn=(2012) std::filesystem::status(std::filesystem::__cxx11::path const&, std::error_code&)
0 39 6 18 2 0 0 2
cob=(2)
cfi=(51)
cfn=(2014) 0x00000000048fd010
calls=3 0 
0 868 292 142 12 37 0 6 4
0 7 0 1
cob=(2)
cfi=(51)
cfn=(2042) 0x00000000048fbd00
calls=1 0 
0 933 303 141 4 18 0 2 2
0 2 1 1
cob=(2)
cfi=(51)
cfn=(2046) 0x00000000048fc880
calls=1 0 
0 833 254 131 2 7 0 2 1
0 65 23 8 3 0 0 3
cob=(2)
cfi=(51)
cfn=(2022) 0x00000000048fc4b0
calls=2 0 
0 806 252 131 2 8 0 2
0 2

fn=(2622)
0 185 55 45 9 0 1 4

fn=(2646)
0 18 4 0 3 2 0 2 1

fn=(2696) std::istream::read(char*, long)
0 2246784 140424 842544 10 0 8 2
cob=(2)
cfi=(51)
cfn=(2698) 0x00000000048fc990
calls=140424 0 
0 4213459 1404482 842675 18 40 15 5
0 1263816 842544 140424 0 9
cfn=(2704) std::basic_filebuf<char, std::char_traits<char> >::xsgetn(char*, long)
calls=140424 0 
0 12794544 3374957 2249174 116 1449 9 30 134
0 1685094 842547 140425 4 0 0 1
cob=(2)
cfi=(51)
cfn=(3064)
calls=1 0 
0 1060 285 132 47 40 14
0 1

fn=(2780) bool std::has_facet<std::__cxx11::messages<char> >(std::locale const&)
0 5 1 2 2 0 0 2
cob=(2)
cfi=(51)
cfn=(904)
calls=1 0 
0 8 3 0 0 1
0 12 6 1 0 2
cob=(2)
cfi=(51)
cfn=(2616)
calls=1 0 
0 972 339 171 16 22 15 9 3 9
0 5 2

fn=(2796) std::__cxx11::collate<char> const& std::use_facet<std::__cxx11::collate<char> >(std::locale const&)
0 5 1 2 1 1 0 1
cob=(2)
cfi=(51)
cfn=(904)
calls=1 0 
0 8 3
0 11 6 1 1 1 0 1
cob=(2)
cfi=(51)
cfn=(2616)
calls=1 0 
0 94 31 20 1 3
0 4 2

fn=(2850) operator delete[](void*)
0 12 0 0 1
cob=(2)
cfi=(51)
cfn=(1358)
calls=6 0 
0 697 212 102 21 22 1

fn=(3202) std::ostream::put(char)
0 378 27 135 8 0 0 2
cob=(2)
cfi=(51)
cfn=(1520)
calls=27 0 
0 675 243 135
0 691 464 38 9 0 1 2
cfn=(3508)
calls=16 0 
0 1246 426 221 23 16 0 3 4
0 32

fn=(3564) std::num_put<char, std::ostreambuf_iterator<char, std::char_traits<char> > >::_M_pad(char, long, std::ios_base&, char*, char const*, int&) const
0 2379 366 549 1 0 0 1
cfn=(3566)
calls=183 0 
0 15124 2671 2010 11 34 0 5 1
0 915 549 183

fn=(3604)
0 3 0 0 1 0 0 1
cob=(2)
cfi=(51)
cfn=(1670) 0x00000000048fbae0
calls=1 0 
0 323 69 50 9 1

fn=(3620)
0 39 10 7 4 0 0 3
cob=(2)
cfi=(51)
cfn=(3636) 0x00000000048fcf20
calls=1 0 
0 2915 874 423 35 85 15 8 10
0 55 16 14 5 0 0 4

fn=(3906) 0x00000000000dbf00
0 2 1

fn=(3918) 0x00000000000ac0b0
0 4 0 1 1 0 0 1
cob=(2)
cfi=(51)
cfn=(3912) 0x00000000048fb210
calls=1 0 
0 4 2

fn=(616) std::error_category::error_category()
0 10 4 2 1 1 0 1

fn=(644) 0x00000000000aa900
0 9 0 5 1 0 1 1
cob=(2)
cfi=(51)
cfn=(646) 0x00000000048fa0d0
calls=1 0 
0 2671 490 484 76 28 48 76 8 46
0 8 1 4 1 0 0 1

fn=(706) 0x00000000000aabc0
0 5 0 0 1 0 0 1
cob=(2)
cfi=(51)
cfn=(620)
calls=1 0 
0 77 15 15

fn=(856) std::locale::facet::_S_get_c_name()
0 21 7 0 1 0 0 1

fn=(902) std::locale::_Impl::_M_install_facet(std::locale::id const*, std::locale::facet const*)
0 448 0 224 1 0 0 1
cob=(2)
cfi=(51)
cfn=(904)
calls=32 0 
0 1308 436 195 4 14 0 4 5
0 11680 3520 64 5 1 0 5

fn=(908) std::locale::id::_M_id() const
0 971316 323772 96 10 42 0 2 4

fn=(1024) std::__cxx11::moneypunct<wchar_t, false>::_M_initialize_moneypunct(__locale_struct*, char const*)
0 109 30 31 6 0 0 6

fn=(1030) std::__cxx11::moneypunct<wchar_t, true>::_M_initialize_moneypunct(__locale_struct*, char const*)
0 109 30 31 6 0 0 6

fn=(1042) std::__timepunct<wchar_t>::_M_initialize_timepunct(__locale_struct*)
0 11 2 4 2 0 0 2
cob=(2)
cfi=(51)
cfn=(864)
calls=1 0 
0 19 6 1
0 138 4 25 12 0 0 12

fn=(1050)
0 23 4 11 2 1 2 2 0 2
cob=(2)
cfi=(51)
cfn=(1052) 0x00000000048fa5e0
calls=1 0 
0 1468 418 206 7 8 1 7 1
0 8 4 3 1 0 0 1
cob=(2)
cfi=(51)
cfn=(904)
calls=1 0 
0 17 6 2 0 1
0 7 2 4
cob=(2)
cfi=(51)
cfn=(864)
calls=1 0 
0 19 6 1
0 7 3 3 1 1 0 1
cob=(2)
cfi=(51)
cfn=(904)
calls=1 0 
0 17 6 2 0 1
0 12 1 5 1 0 1 1 0 1
cob=(2)
cfi=(51)
cfn=(1070) 0x00000000048f9930
calls=1 0 
0 1324 346 167 6 10 1 6 3
0 7 3 3 1 0 0 1
cob=(2)
cfi=(51)
cfn=(904)
calls=1 0 
0 17 6 2
0 13 3 5 1 1 0 1
cob=(2)
cfi=(51)
cfn=(1082) 0x00000000048fcee0
calls=1 0 
0 1279 333 162 7 8 0 7 2
0 7 3 3
cob=(2)
cfi=(51)
cfn=(904)
calls=1 0 
0 17 6 2
0 12 5 5 1 0 0 1
cob=(2)
cfi=(51)
cfn=(904)
calls=1 0 
0 17 6 2
0 12 4 5 1 2 0 1
cob=(2)
cfi=(51)
cfn=(904)
calls=1 0 
0 17 6 2
0 12 4 5 2 0 0 2
cob=(2)
cfi=(51)
cfn=(904)
calls=1 0 
0 17 6 2
0 6 0 2
cob=(2)
cfi=(51)
cfn=(1106) 0x00000000048fd380
calls=1 0 
0 801 257 140 4 9 1 4 1 1
0 7 3 3 1 0 0 1
cob=(2)
cfi=(51)
cfn=(904)
calls=1 0 
0 17 6 2
0 16 5 7 1 0 1 1 0 1
cob=(2)
cfi=(51)
cfn=(1118) 0x00000000048faf90
calls=1 0 
0 1412 356 205 7 6 0 6
0 7 3 3 1 1 0 1
cob=(2)
cfi=(51)
cfn=(904)
calls=1 0 
0 17 6 2
0 7 2 4 0 1
cob=(2)
cfi=(51)
cfn=(864)
calls=1 0 
0 19 6 1
0 7 3 3 1 1 0 1
cob=(2)
cfi=(51)
cfn=(904)
calls=1 0 
0 17 6 2
0 13 2 5 1 0 1 1 0 1
cob=(2)
cfi=(51)
cfn=(1136) 0x00000000048fb5e0
calls=1 0 
0 1291 327 162 7 9 0 7 2
0 7 3 3 1 1 0 1
cob=(2)
cfi=(51)
cfn=(904)
calls=1 0 
0 17 6 2
0 13 3 5 1 0 0 1
cob=(2)
cfi=(51)
cfn=(1148) 0x00000000048fc160
calls=1 0 
0 1267 324 162 8 8 0 8
0 7 3 3 0 1
cob=(2)
cfi=(51)
cfn=(904)
calls=1 0 
0 17 6 2
0 12 5 5 1 1 0 1
cob=(2)
cfi=(51)
cfn=(904)
calls=1 0 
0 17 6 2
0 12 4 5 2 0 1 2 0 1
cob=(2)
cfi=(51)
cfn=(904)
calls=1 0 
0 17 6 2
0 12 4 5 1 0 0 1
cob=(2)
cfi=(51)
cfn=(904)
calls=1 0 
0 17 6 2
0 6 0 2
cob=(2)
cfi=(51)
cfn=(1172) 0x00000000048fbb30
calls=1 0 
0 801 257 140 4 8 0 4 2
0 6 3 2 1 0 0 1
cob=(2)
cfi=(51)
cfn=(904)
calls=1 0 
0 17 6 2
0 4 2 2
cob=(2)
cfi=(51)
cfn=(904)
calls=1 0 
0 8 3
0 4 2 2
cob=(2)
cfi=(51)
cfn=(904)
calls=1 0 
0 8 3
0 4 2 2 1 0 0 1
cob=(2)
cfi=(51)
cfn=(904)
calls=1 0 
0 8 3
0 5 3 2
cob=(2)
cfi=(51)
cfn=(904)
calls=1 0 
0 8 3
0 4 2 2 1 0 0 1
cob=(2)
cfi=(51)
cfn=(904)
calls=1 0 
0 8 3
0 5 3 2
cob=(2)
cfi=(51)
cfn=(904)
calls=1 0 
0 8 3
0 10 8 1

fn=(1086) std::moneypunct<char, true>::_M_initialize_moneypunct(__locale_struct*, char const*)
0 113 38 31 5 0 0 5

fn=(1122) std::numpunct<wchar_t>::_M_initialize_numpunct(__locale_struct*)
0 350 74 74 6 0 0 6

fn=(1300) std::ctype<wchar_t> const& std::use_facet<std::ctype<wchar_t> >(std::locale const&)
0 20 4 8 1 1 0 1
cob=(2)
cfi=(51)
cfn=(904)
calls=4 0 
0 32 12
0 24 20 0 1 1 0 1

fn=(1538)
0 24 0 0 8 0 0 1
cob=(2)
cfi=(51)
cfn=(1540) 0x00000000048fcd00
calls=8 0 
0 6131 1552 836 108 43 1 26 6

fn=(1544) std::ostreambuf_iterator<char, std::char_traits<char> > std::num_put<char, std::ostreambuf_iterator<char, std::char_traits<char> > >::_M_insert_int<unsigned long>(std::ostreambuf_iterator<char, std::char_traits<char> >, std::ios_base&, char, unsigned long) const
0 160 8 80 10 0 0 2
cfn=(1546)
calls=8 0 
0 232 96 40 5 2 0 1
0 216 8 48 11 0 0 2
cfn=(1552)
calls=8 0 
0 458 35 27 17 1 0 3
0 192 56 24 10 1 0 2
cfn=(3482)
calls=2 0 
0 288 68 46
cfn=(1560)
calls=6 0 
0 3046 877 440 50 27 1 14 4
0 128 72

fn=(1978)
0 771 213 189 3 0 0 3
cob=(2)
cfi=(51)
cfn=(2002) 0x00000000048fb6e0
calls=4 0 
0 1407 357 163 5 11 3 4 1
0 28 4 12
cob=(2)
cfi=(51)
cfn=(1570)
calls=4 0 
0 55 16 8 0 0 1
0 57 0 19 1 0 0 1
cob=(2)
cfi=(51)
cfn=(1570)
calls=19 0 
0 315 76 38 1 1 3 0 0 3
0 69 46

fn=(2280) std::_Hash_bytes(void const*, unsigned long, unsigned long)
0 144 8 0 5 0 0 3

fn=(2608) std::__basic_file<char>::__basic_file(pthread_mutex_t*)
0 8 2 4 2 0 1 1

fn=(2632) std::basic_filebuf<char, std::char_traits<char> >::open(char const*, std::_Ios_Openmode)
0 24 0 10 2 0 0 1
cob=(2)
cfi=(51)
cfn=(2634)
calls=2 0 
0 856 260 131 3 10 0 2 1
0 14 0 2
cob=(2)
cfi=(51)
cfn=(2640) 0x00000000048fa0f0
calls=2 0 
0 3131 846 565 96 67 16 38 9
0 4 0 2 2 0 0 1
cob=(2)
cfi=(51)
cfn=(2634)
calls=2 0 
0 12 6
0 8 0 2
cob=(2)
cfi=(51)
cfn=(2678) 0x00000000048f9ca0
calls=2 0 
0 1842 424 237 17 28 3 5 2 1
0 44 14 16 2 0 0 1

fn=(2720) std::__basic_file<char>::xsgetn(char*, long)
0 840 0 350 4 0 1 2
cob=(2)
cfi=(51)
cfn=(2722)
calls=70 0 
0 2600 954 272 19 65 1 3 2
0 280 0 70
cob=(2)
cfi=(51)
cfn=(2734) 0x00000000048fa0a0
calls=70 0 
0 1540 505 146 10 24 0 3 3
0 700 350

fn=(2814)
0 87 3 51 2 0 0 2
cfn=(2816)
calls=3 0 
0 93 33 24 2 0 0 2
0 24 6 6 1 0 0 1
cob=(2)
cfi=(51)
cfn=(2684) 0x00000000048f91d0
calls=3 0 
0 177 48 24 1 1
0 24 3 3 1 0 0 1
cob=(2)
cfi=(51)
cfn=(2824) 0x00000000048fc2d0
calls=3 0 
0 2136 637 317 19 27 10 13 5 1
0 30 3 3 1 0 0 1
cob=(2)
cfi=(51)
cfn=(2840) 0x00000000048fb590
calls=3 0 
0 1251 293 140 11 19 0 2 2
0 6 0 3
cob=(2)
cfi=(51)
cfn=(2844) 0x00000000048fabb0
calls=3 0 
0 871 298 143 6 12 0 2
0 15 3 3 1 0 0 1
cob=(2)
cfi=(51)
cfn=(2848)
calls=3 0 
0 297 93 45 13 6 0 1
0 48 33

fn=(3322) std::chrono::_V2::steady_clock::now()
0 16 2 4 1 0 0 1
cob=(2)
cfi=(51)
cfn=(1400)
calls=2 0 
0 26 8 0 4 6
0 14 10 0 1 0 0 1

fn=(3698) std::ios_base::Init::~Init()
0 35 12 4 2 4 0 2
cob=(2)
cfi=(51)
cfn=(3766) 0x00000000048fb770
calls=1 0 
0 960 319 171 28 55 19 2
0 2 1 1 0 1
cob=(2)
cfi=(51)
cfn=(3766)
calls=1 0 
0 2788 940 470 10 74 3 6 5
0 2 1 1 0 1
cob=(2)
cfi=(51)
cfn=(3766)
calls=1 0 
0 136 53 23 0 2
0 2 1 1 0 1
cob=(2)
cfi=(51)
cfn=(3788) 0x00000000048fc860
calls=1 0 
0 2134 602 285 10 22 0 10 3
0 2 1 1 0 1
cob=(2)
cfi=(51)
cfn=(3788)
calls=1 0 
0 393 148 64 1 5 0 1
0 2 1 1 1 1 0 1
cob=(2)
cfi=(51)
cfn=(3788)
calls=1 0 
0 136 53 23 0 2
0 2 1

fn=(3902) 0x00000000000e28b0
0 2 1 0 1 0 0 1

fn=(3800)
0 15 5 0 0 2
cob=(2)
cfi=(51)
cfn=(3520)
calls=5 0 
0 340 115 65

fn=(632) 0x00000000000aa8d0
0 3 0 1
cob=(2)
cfi=(51)
cfn=(634) 0x00000000048fa400
calls=1 0 
0 791 246 131 3 8 0 3 1
0 4 2 1 0 1 1

fn=(638) std::future_category()
0 3 1 0 1 0 0 1

fn=(642) 0x00000000000aa8f0
0 3 1 1 0 0 1

fn=(836)
0 11 1 3 1 0 0 1
cob=(2)
cfi=(51)
cfn=(846) 0x00000000048fa2c0
calls=1 0 
0 77619 21171 9797 334 440 102 328 78 95
0 9 2 2
cob=(2)
cfi=(51)
cfn=(1198) 0x00000000048f9690
calls=1 0 
0 785 248 132 1 10 0 1 2
0 17864 8931 0 6 28 0 2 1

fn=(926) std::__cxx11::moneypunct<char, false>::_M_initialize_moneypunct(__locale_struct*, char const*)
0 113 38 31 4 1 0 4 1

fn=(932) std::__cxx11::moneypunct<char, true>::_M_initialize_moneypunct(__locale_struct*, char const*)
0 113 38 31 5 0 0 5

fn=(950) std::__cxx11::messages<char>::messages(unsigned long)
0 13 1 5 2 1 1 2 0 1
cob=(2)
cfi=(51)
cfn=(864)
calls=1 0 
0 19 6 1
0 2 0 2
cob=(2)
cfi=(51)
cfn=(852)
calls=1 0 
0 5 2
0 5 3 1

fn=(1210) std::ios_base::ios_base()
0 24998 431 10344 22 8 44 3 0 16
cob=(2)
cfi=(51)
cfn=(830)
calls=431 0 
0 11637 4741 2586 44 38 1 0 0 1

fn=(1234) std::locale::~locale()
0 20896 10448 2612 5 8 0 1

fn=(1294) bool std::has_facet<std::ctype<wchar_t> >(std::locale const&)
0 12 4 0 1 0 0 1

fn=(1344) operator new(unsigned long)
0 116864 0 29216 67 0 3102 2
cob=(2)
cfi=(51)
cfn=(646)
calls=14608 0 
0 728634 186863 98091 695 52677 3630 22 0 181
0 58432 29216

fn=(1356) operator delete(void*, unsigned long)
0 29144 0 0 3 0 0 1
cob=(2)
cfi=(51)
cfn=(1358)
calls=14572 0 
0 1396009 440120 219339 261 33024 57 31 2

fn=(1362) operator delete(void*)
0 29218 0 0 2
cob=(2)
cfi=(51)
cfn=(1364) 0x00000000048fab30
calls=14609 0 
0 1341990 426797 219925 186 26522 66 31 1

fn=(1546)
0 626664 78333 391665 23 13 3 1
cob=(2)
cfi=(51)
cfn=(904)
calls=78333 0 
0 626664 234999 0 6 10
0 1018329 626664 0 0 10

fn=(1568) std::__cxx11::basic_stringbuf<char, std::char_traits<char>, std::allocator<char> >::_M_pbump(char*, char*, long)
0 5889 453 1359 26 0 0 2

fn=(1610) std::ios_base::~ios_base()
0 3384 423 1269 32 6 0 1
cob=(2)
cfi=(51)
cfn=(1612)
calls=423 0 
0 6469 2805 1400 78 32 0 4 1
0 846 0 423 29 0 0 1
cob=(2)
cfi=(51)
cfn=(1618)
calls=423 0 
0 7243 2796 1823 34 16 0 3 1
0 2961 846 0 0 4
cob=(2)
cfi=(51)
cfn=(1230)
calls=423 0 
0 4230 2115 423 2 4

fn=(1668)
0 24 2 8 2 0 0 2
cob=(2)
cfi=(51)
cfn=(1670)
calls=1 0 
0 1662 392 178 45 9 0 9
0 16 10 2 1 0 0 1

fn=(2628) std::codecvt<char, char, __mbstate_t> const& std::use_facet<std::codecvt<char, char, __mbstate_t> >(std::locale const&)
0 10 2 4 2 0 0 1
cob=(2)
cfi=(51)
cfn=(904)
calls=2 0 
0 16 6
0 22 12 2 2 0 0 1
cob=(2)
cfi=(51)
cfn=(2616)
calls=2 0 
0 188 62 40
0 8 4

fn=(2682) std::basic_filebuf<char, std::char_traits<char> >::_M_allocate_internal_buffer()
0 18 6 4 4 0 0 2
cob=(2)
cfi=(51)
cfn=(2684)
calls=2 0 
0 665 119 98 10 18 3 1 0 1
0 8 4 4

fn=(2704)
0 3510600 421272 982968 8 9 2 4
cob=(2)
cfi=(51)
cfn=(2706) 0x00000000048fb100
calls=140424 0 
0 7177584 1830293 1266206 100 1431 7 24 134
0 2106360 1123392 0 8 9 0 2

fn=(2712)
0 2310 700 560 9 20 0 3
cfn=(2714)
calls=70 0 
0 210 70 0 5 0 0 1
0 1190 700 70 15 0 0 3
cob=(2)
cfi=(51)
cfn=(2716) 0x00000000048faf00
calls=70 0 
0 6944 2133 969 37 106 4 8 6
0 1325 208 350 14 9 0 3 1

fn=(2782)
0 128 40 34 6 3 0 6 2
cob=(2)
cfi=(51)
cfn=(2784) 0x00000000048fc000
calls=2 0 
0 865 301 143 8 15 15 2 1 9
0 18 8 0 1 0 0 1

fn=(2900) std::_Rb_tree_increment(std::_Rb_tree_node_base const*)
0 16 7 0 2 0 0 2

fn=(3214) std::__cxx11::basic_stringbuf<char, std::char_traits<char>, std::allocator<char> >::str() const
0 23 3 6 2 0 0 2
cob=(2)
cfi=(51)
cfn=(1822)
calls=1 0 
0 948 158 126 17 5 6
0 7 3

fn=(3898) 0x000000000018d810
0 2 1

fn=(3910) 0x00000000000ac070
0 4 0 1 2 0 0 1
cob=(2)
cfi=(51)
cfn=(3912)
calls=1 0 
0 814 249 131 4 10 3

fn=(3922)
0 5 1 0 1

ob=(3) /usr/lib/x86_64-linux-gnu/libc.so.6
fl=(197) ./setjmp/./setjmp/sigjmp.c
fn=(1392) __sigjmp_save
28 159 0 53
+2 106
-1 53 0 53
+5 159 106

fl=(229) ./stdlib/../sysdeps/x86_64/addmul_1.S
fn=(1806) __mpn_addmul_1
34 8 0 0 1 0 0 1
+1 8 0 8
+1 8 0 8
+1 8
+1 8
+2 8 8
+1 8 8 0 5 0 0 1
+2 8
+1 8
+1 8
+2 8
+1 8
+14 8
+1 8 0 0 5 0 0 1
+2 8
+1 8 8
+1 8
+1 8
+1 8
+1 8 8
+1 8
+1 8
+3 40
+1 40
+1 40
+1 40 40
+1 40
+1 40 0 40
+1 40 40
+1 40
+1 40
+1 40
+1 40
+1 40
+1 40 40
+1 40
+1 40 0 40
+1 40 40
+1 40
+1 40
+1 40
+1 40
-1 8 0 0 5 0 0 1
+1 8
+2 8
+1 8
+1 8
+1 8 0 8
+1 8
+1 8 8
+1 8
+1 8 0 0 5 0 0 1
+1 8 0 8
+1 8
+1 8 8
+1 8
+1 8 0 8
+1 8
+1 8
+1 8 8
+1 8 8
+1 8 8

fn=(1814) __mpn_submul_1
34 6
+1 6 0 6
+1 6 0 6
+1 6
+1 6
+2 6 6
+1 6 6
+2 6
+1 6
+1 6
+2 6
+1 6
+2 6
+1 6 6
+1 6
+1 6 0 0 1 0 0 1
+1 6
+1 6
+2 6
+1 6 6
+1 6
+1 6
+15 24
+1 24
+1 24
+1 24 24
+1 24
+1 24 0 24
+1 24 24
+1 24
+1 24
+1 24
+1 24
+1 24
+1 24 24
+1 24
+1 24 0 24
+1 24 24
+1 24
+1 24
+1 24
+1 24
-10 6 0 0 1 0 0 1
+1 6
+1 6
+1 6 6
+1 6
+1 6 0 6
+1 6 6
+1 6
+1 6 0 0 1 0 0 1
+1 6
+1 6
+2 6
+1 6
+1 6
+1 6 0 6
+1 6
+1 6 6
+1 6
+1 6
+1 6 0 6
+1 6
+1 6 6
+1 6
+1 6 0 6
+1 6
+1 6
+1 6 6
+1 6 6
+1 6 6

fl=(174) ./stdlib/../sysdeps/unix/sysv/linux/getrandom.c
fn=(656) getrandom
28 1 0 0 1 0 0 1
+1 7 1 0 1 0 0 1
+1 1 1

fl=(243) ./debug/../sysdeps/x86_64/multiarch/memset_chk.c
fn=(2122) __memset_chk
29 1 0 0 1 0 0 1
fi=(244) ./debug/../sysdeps/x86_64/multiarch/ifunc-memset.h
+21 5 2 0 0 1
+3 3 1 0 0 1
+7 2 0 0 1 0 0 1
+9 2
+2 2
+10 2
+8 2
+2 5 1
fe=(243)

fl=(288) ./nptl/./nptl/pthread_rwlock_rdlock.c
fn=(2406) pthread_rwlock_rdlock@@GLIBC_2.34
23 60 0 36 1 0 0 1
+1 12
fi=(289) ./nptl/./nptl/pthread_rwlock_common.c
298 48 24 0 0 3
+12 24 12 0 0 3
+43 24 12 12
+2 12
+15 24
+20 24 0 0 1 0 0 1
fi=(183) ./nptl/../sysdeps/nptl/futex-internal.h
213 12
fe=(288)
27 12
+2 60 48

fl=(362) ./stdlib/./stdlib/cxa_finalize.c
fn=(3812) __cxa_finalize
30 14 0 7 1 0 0 1
+3 14
-3 49 0 35
+3 28 0 7 1 0 0 1
+3 21 7
+4 218 7
+1 144 72 0 1 3 0 1
+2 9 9
+36 9 9
-3 9 0 9
+6 9
-37 9 9
+34 18 9 0 1 0 0 1
+3 27 9 9
+1 27 0 9
cob=(7)
cfi=(170)
cfn=(3918)
calls=1 -83 
* 8 2 1 1 0 0 1
cob=(7)
cfi=(170)
cfn=(3910)
calls=1 -83 
* 818 249 132 6 10 3 1
cob=(7)
cfi=(170)
cfn=(3908)
calls=1 -83 
* 2 1 0 1 0 0 1
cob=(7)
cfi=(170)
cfn=(3906)
calls=1 -83 
* 2 1
cob=(7)
cfi=(170)
cfn=(3904)
calls=1 -83 
* 2 1 0 1 0 0 1
cob=(7)
cfi=(170)
cfn=(3902)
calls=1 -83 
* 2 1 0 1 0 0 1
cob=(7)
cfi=(170)
cfn=(3900)
calls=1 -83 
* 2 1
cob=(7)
cfi=(170)
cfn=(3898)
calls=1 -83 
* 2 1
cob=(7)
cfi=(170)
cfn=(3896)
calls=1 -83 
* 2 1 0 1 0 0 1
+1 36 0 9
+4 18 9
-48 28
-4 21 7 0 1 0 0 1
+58 28 7 0 0 1
+4 42 7 0 0 1
-4 21 7 0 1 0 0 1
+11 14
+1 14 0 7
cfi=(363) ./posix/./posix/register-atfork.c
cfn=(3814) __unregister_atfork
calls=7 -30 
* 112 28 21 2 0 1 2 0 1
+1 28 7 7
+1 56 49 0 1 0 0 1

fl=(120) ./wcsmbs/../sysdeps/x86_64/multiarch/wmemcmp.c
fn=(388) wmemcmp
29 1 0 0 1 0 0 1
fi=(121) ./wcsmbs/../sysdeps/x86_64/multiarch/ifunc-memcmp.h
+5 2 2
+1 1 1
-1 2
+1 2
+1 2 0 0 1 0 0 1
+1 3 1
+2 2
+4 3
+3 3 0 0 1 0 0 1
fe=(120)
-17 1 1

fl=(336) ./libio/./libio/iofclose.c
fn=(3140) fclose@@GLIBC_2.2.5
34 10 0 6 2 0 0 1
+14 6 2 0 2 1 0 1
fi=(337) ./libio/./libio/libioP.h
883 4
+1 6 2 2
fe=(336)
57 2 2
fi=(337)
940 6 0 0 2 0 0 1
+2 4
+1 4
fe=(336)
57 6 2 2 0 2
cfi=(327) ./libio/./libio/fileops.c
cfn=(3154) _IO_file_finish@@GLIBC_2.2.5
calls=2 168 
* 58 18 6 10 0 0 5
+1 6 2
+13 4 2
fi=(337)
855 8 4 0 0 1
+1 8 2 0 0 2
+6 4 0 2
cob=(2)
cfi=(51)
cfn=(2368) 0x0000000004bb6370
calls=2 0 
* 182 58 30 3 4
fe=(336)
76 10 8
-27 2 0 2 2 0 0 1
cfi=(208) ./libio/./libio/genops.c
cfn=(3142) _IO_un_link
calls=2 +4 
* 216 62 62 21 11 0 8
+2 24 10 2 2 0 0 1
+1 2 2
-1 4 0 4
fi=(337)
883 4
fe=(336)
52 4 0 0 2 0 0 1
+1 4 0 2
cfi=(327)
cfn=(3146) _IO_file_close_it@@GLIBC_2.2.5
calls=2 +75 
* 200 46 36 20 6 0 8
fi=(337)
883 2 2
fe=(336)
53 2
fi=(337)
883 4
+1 8 2 4
fe=(336)

fl=(305) ./io/../sysdeps/unix/sysv/linux/open64_nocancel.c
fn=(2464) __open_nocancel
28 2 0 0 1 0 0 1
+3 1
-3 6 1 2
+3 6 0 0 1 0 0 1
+8 7
+2 5 3

fl=(333) ./string/./string/strxfrm_l.c
fn=(2834) strxfrm_l
668 36 0 27 1 0 0 1
+2 9 6 3 0 1
+1 6 3 3 0 1 0 0 1
+3 6 0 0 1 0 0 1
+67 36 30 0 1 0 0 1
-65 6 0 3 1 0 0 1
cob=(2)
cfi=(51)
cfn=(1000) 0x0000000004bb6490
calls=3 0 
* 48 9 0 1 1
+2 3 3
-2 3 0 3
+2 3
+1 24 9 3 1 0 0 1
cob=(2)
cfi=(51)
cfn=(2836) 0x0000000004bb65b0
calls=3 0 
* 141 12 3 8 1 0 7
* 3

fl=(94) ./wcsmbs/../sysdeps/x86_64/multiarch/wcschr.c
fn=(318) wcschr
31 2 0 0 1 0 0 1
fi=(95) ./wcsmbs/../sysdeps/x86_64/multiarch/ifunc-avx2.h
+2 10 4 0 1 0 0 1
-1 4
+2 6 2
+2 4
+4 6
+3 8 0 0 1 0 0 1
fe=(94)
-12 2 2

fl=(216) ./stdlib/../sysdeps/x86_64/mul_1.S
fn=(1746) __mpn_mul_1
31 1039217 0 0 16 0 0 1
+1 1039217 0 1039217
+3 1039217
+1 1039217 1039217
+1 1039217
+1 1039217
+1 1039217
+2 1039217
+1 1039217
+2 1039217
+1 1039217
+1 1039177 0 0 409 0 0 1
+1 1039177
+1 1013185
+2 1013166
+1 1013166
+1 1013158 0 1013158
+1 1013158
+1 8
+1 8
+1 8
+1 8
+1 8
+1 8
+1 8 8
+1 8
+1 8
+2 40
+1 40
+1 40
+1 40
+1 40
+1 40
+1 40
+2 19 0 0 5
+1 19
+1 19
+1 19
+1 19
+1 19
+2 25992 0 0 402 0 0 1
+1 25992
+1 25992
+1 25992
+1 25992
+1 25992
+1 25992 25992
+1 25992
+1 25992
+3 112 0 112
+1 112
+1 112 112
+1 112
+1 112
+1 112
+1 112 0 112
+1 112
+1 112
+1 112 112
+1 112
+1 112 0 112
+1 112
+1 112
+1 112 112
+1 112
+1 112 0 112
+1 112
+1 112
+1 112
+1 112 112
+1 112
+1 112
+1 112
+1 112
+1 112
-20 8
+1 8 0 8
+1 8
+1 8
+1 8 8
+1 8
+1 8 0 8
+1 8
+1 8
+1 8 8
+1 8
+1 8 0 8
+1 8
+1 8
+1 8
+1 8 8
+1 8
+1 8
+1 8
+1 8
+1 8
-16 40 40
+1 40
+1 40 0 40
+1 40
+1 40
+1 40 40
+1 40
+1 40 0 40
+1 40
+1 40
+1 40
+1 40 40
+1 40
+1 40
+1 40
+1 40
+1 40
-11 19 19 0 10 0 0 1
+1 19
+1 19 0 19 4
+1 19
+1 19
+1 19
+1 19 19
+1 19
+1 19
+1 19
+1 19
+1 19
-2 25992 0 0 11 0 0 1
+1 25992
+1 25992
+2 26059 0 26059
+1 26059
+1 26059
+1 26059 0 26059
+1 26059
+1 26059
+2 26059 26059
+3 26059 26059
-5 1013158 0 0 4
+2 1013158 1013158
+3 1013158 1013158

fl=(291) ./misc/./misc/tsearch.c
fn=(2414) tfind
372 24 0 16 1 0 0 1
+4 8
+6 24 4 0 1 0 0 1
+12 4 0 0 1 0 0 1
-17 4
+17 24 20

fl=(295) ./libio/./libio/vasprintf.c
fn=(2428) __vasprintf_internal
34 22 0 12 1 0 0 1
+11 2
-11 14 6 4 1 0 0 1
+11 2 0 2
cob=(2)
cfi=(51)
cfn=(2352) 0x0000000004bb6380
calls=2 -45 
* 90 24 12 0 2
+1 4
+5 14 0 0 2 0 0 1
-2 2 0 2
+2 2 0 2
cfi=(208)
cfn=(1720) _IO_no_init
calls=2 563 
* 92 16 36 7 1
+2 6
-1 2
+1 2
-1 2 0 2
+1 2 0 2
cfi=(209) ./libio/./libio/strops.c
cfn=(1724) _IO_str_init_static_internal
calls=2 -17 
* 144 24 30 7
+2 2 2
+2 8 0 0 1 0 0 1
-3 2 0 2
+1 2 0 2
+2 2 0 2
cfi=(210) ./stdio-common/./stdio-common/vfprintf-internal.c
cfn=(1728) __vfprintf_internal
calls=2 1180 
* 4421 834 597 67 19 17 25 3 11
* 2
+1 4
+7 2 2
+1 2 2
-1 2 2
+1 2 2
-1 2
+2 2
-7 2 2 0 1 0 0 1
+7 4
+16 2 0 2
+2 24 18
-14 4 0 2 1 0 0 1
cob=(2)
cfi=(51)
cfn=(2352)
calls=2 -71 
* 244 52 42 3 1 2 2 0 1
* 4 0 2
+1 4
+2 6 0 2
cob=(2)
cfi=(51)
cfn=(1784) 0x0000000004bb6620
calls=2 -74 
* 64 22 16 2 0 1
+1 4 0 2
cob=(2)
cfi=(51)
cfn=(2368)
calls=2 -75 
* 182 58 30 0 1
+6 6 2

fl=(89) ./string/../sysdeps/x86_64/multiarch/memset.c
fn=(306) memset
29 5 0 0 3 0 0 1
fi=(90) ./string/../sysdeps/x86_64/multiarch/ifunc-memset.h
+21 25 10 0 0 1
+3 15 5 0 0 1
+7 10 0 0 3 0 0 1
+9 10
+2 10
+10 10
+8 10
+2 25 5
fe=(89)

fl=(97) ./string/../sysdeps/x86_64/multiarch/strrchr.c
fn=(324) rindex
28 2 0 0 2 0 0 1
fi=(84) ./string/../sysdeps/x86_64/multiarch/ifunc-avx2.h
+5 10 4
-1 4 0 0 2 0 0 1
+2 6 2
+2 4
+4 6
+3 8
fe=(97)
-15 2 2 0 1

fl=(177) ./misc/../sysdeps/unix/sysv/linux/brk.c
fn=(672) brk
35 7 0 0 6 0 0 1
+1 28 7 7
+1 14
+6 7
+1 7 7

fl=(110) ./string/../sysdeps/x86_64/multiarch/memcmp.c
fn=(358) bcmp
29 5 0 0 3 0 0 1
fi=(111) ./string/../sysdeps/x86_64/multiarch/ifunc-memcmp.h
+5 10 10 0 0 1
+1 5 5 0 0 2
-1 10
+1 10
+1 10 0 0 3 0 0 1
+1 15 5
+2 10
+4 15
+3 15 0 0 3 0 0 1
fe=(110)
-17 5 5

fl=(186) ./wcsmbs/./wcsmbs/btowc.c
fn=(980) btowc
32 512 0 256 1 0 0 1
+5 256
-5 3072 256 1024 1 0 0 1
+5 1536 0 0 1 0 0 1
+5 512
+4 384 384 0 0 1
fi=(187) ./wcsmbs/./wcsmbsload.h
+23 384 128 0 0 1
fe=(186)
-22 128 128 0 0 1
+2 128 128 0 0 1
-2 128 128 0 0 1
+2 128
+5 512 128
+3 256 0 128
cfi=(188) ./elf/./elf/dl-profstub.c
cfn=(984) _dl_mcount_wrapper_check
calls=128 -21 
* 768 384 0 2 1 0 2
* 384 128 128
cfi=(189) ./iconv/./iconv/gconv_simple.c
cfn=(986) __gconv_btwoc_ascii
calls=128 -8 
* 768 128 0 2 0 0 2
+41 2304 1792 0 1 0 0 1
fi=(187)
-27 128 0 0 1 0 0 1
+1 128
-1 256
fe=(186)

fl=(331) ./libio/./libio/fileno.c
fn=(2732) fileno
32 211 0 0 146 0 0 1
+3 1055 422 0 0 22
+7 211 211

fl=(122) ./string/../sysdeps/x86_64/multiarch/stpcpy.c
fn=(392) stpcpy
33 1 0 0 1 0 0 1
fi=(101) ./string/../sysdeps/x86_64/multiarch/ifunc-strcpy.h
+3 2 2
+1 1 1
-1 2
+1 2
+2 2 0 0 1 0 0 1
+4 3
+3 3
fe=(122)
-13 1 1

fl=(194) ./csu/../sysdeps/nptl/libc_start_call_main.h
fn=(1386) (below main)
29 4 0 2 1 0 0 1
+15 1
-15 5 1 3
+15 1 0 1 1 0 0 1
cfi=(195) ./setjmp/../sysdeps/x86_64/bsd-_setjmp.S
cfn=(1388) _setjmp
calls=1 -16 
* 34 7 10 4 1 0 4
* 1
+2 2
+5 2 1 1 0 1
+1 2 1 1 0 1
+3 2 0 1
+3 6 5 1 1 2 0 1
cob=(8) /home/m0hawk/Documents/apin/stan/external/walnutpie/build/examples/stan_cli
cfi=(178) ???
cfn=(1394) main
calls=1 -58 
* 32743872072 9302507895 7503569395 504270 223589551 231821133 42827 3258 108088
* 1 0 0 1
+16 1 0 1
cfi=(355) ./stdlib/./stdlib/exit.c
cfn=(3662) exit
calls=1 +68 
* 21711 6450 3116 314 528 71 196 9 1

fl=(354) ./misc/../sysdeps/unix/sysv/linux/writev.c
fn=(3632) writev
25 140 0 0 1 0 0 1
+1 980 140
+1 140 140

fl=(96) ./string/../sysdeps/x86_64/multiarch/strchr.c
fn=(322) index
61 1 0 0 1 0 0 1
-20 2 2
+1 1 1
-1 2
-1 2 0 0 1 0 0 1
+2 2
+2 2
+4 3
+3 3
+10 1 1

fl=(116) ./string/../sysdeps/x86_64/multiarch/strcpy.c
fn=(374) strcpy
29 1 0 0 1 0 0 1
fi=(101)
+7 2 2
+1 1 1
-1 2
+1 2
+2 2 0 0 1 0 0 1
+4 3
+3 3
fe=(116)
-17 1 1

fl=(245) ./debug/../sysdeps/x86_64/multiarch/memcpy_chk.c
fn=(2126) __memcpy_chk
29 1 0 0 1 0 0 1
fi=(246) ./debug/../sysdeps/x86_64/multiarch/ifunc-memmove.h
+24 3 2
-1 2
+4 3 1
+14 2
+2 2
+8 2
+8 2 0 0 1 0 0 1
+2 5 1 0 1 0 0 1
fe=(245)

fl=(123) ./string/../sysdeps/x86_64/multiarch/memchr.c
fn=(396) memchr
29 3 0 0 2 0 0 1
fi=(124) ./string/../sysdeps/x86_64/multiarch/ifunc-evex.h
+6 15 6 0 2 1 0 1
-1 6
+2 9 3
+5 6
-3 6
+9 9 0 0 2 0 0 1
+3 12
fe=(123)
-21 3 3

fl=(185) ./wcsmbs/./wcsmbs/wctob.c
fn=(974) wctob
30 1664 128 512 2 0 0 2
+9 384
+6 128
-1 256
+37 1024 768 0 1 0 0 1

fl=(218) ./nptl/./nptl/alloca_cutoff.c
fn=(1750) __libc_alloca_cutoff
27 78323 0 0 14 0 0 1
+1 704907 78323 0 21 6 0 1
+7 78323 78323

fl=(309) ./posix/../sysdeps/unix/syscall-template.S
fn=(2476) getpid
91 3 0 0 1 0 0 1
+2 1 1

fl=(211) ./string/../sysdeps/x86_64/multiarch/strchr-avx2.S
fn=(1732) __strchrnul_avx2
51 156656 0 0 20 0 0 1
+2 156656
+1 156656
+1 156656
+1 156656
+1 156656
+3 156656
+1 156656
+4 156656 156656 0 0 1 0 0 1
+1 156656
+1 156656
+1 156656
+1 156656
+1 156656
+1 156656
+1 156656 0 0 21 0 0 1
+6 156656
+1 313312 156656

fn=(2676) __strchr_avx2
51 2 0 0 2 0 0 1
+2 2
+1 2
+1 2
+1 2
+1 2
+3 2
+1 2
+4 2 2
+1 2
+1 2
+1 2
+1 2
+1 2
+1 2 0 0 2 0 0 1
+1 2
+3 2 2
+1 2
+23 2
+1 4 2

fl=(227) ./string/../sysdeps/x86_64/multiarch/memset-vec-unaligned-erms.S
fn=(1802) __memset_avx2_unaligned_erms
181 2846 0 0 12 0 0 1
+1 8538
+5 2846
+1 2846
+1 24
+1 24
+14 12 0 12 0 0 2
+1 12 0 12
+2 24 12
+52 24 24 0 11 0 0 1
+1 24
+23 19 0 19 0 0 3
+1 19 0 19
+5 19
+3 19
+1 19
+3 7 0 7 0 0 4
+1 7 0 7
+13 7
+1 7
+2 7
+3 5
+3 5
+3 5 0 5 2 0 2 1
+1 5 0 5
+1 5 0 5 0 0 3
+1 5 0 5
+1 5
+1 5
+1 5
-6 24 0 24 0 0 11
+1 24 0 24
+1 24 0 24 0 0 12
+1 24 0 24
+1 24
+1 24
+1 29
+3 5 0 5
+1 5 0 5 0 0 1
+1 5 0 5
+1 5 0 5
+3 10 5
-6 2 0 2 2
+1 2 0 2
+1 2 0 2 0 0 1
+1 2 0 2
+3 4 2
+11 5 0 0 3
+1 5
+1 5
+1 15549 0 15544 0 0 235
+1 5
+1 10 5
+12 2822 0 0 2 0 0 1
+1 2822
+2 2822
+1 2822
+1 2822
+1 2822
+1 2822
+1 2821
+1 2821
+1 146
+1 146 0 146
+1 292 146 0 1
+32 1 0 1
+1 1 0 1
+1 2 1
+5 2675 0 2675 1 0 0 1
+1 2675 0 2675
+1 5350 2675

fl=(241) ./nptl/./nptl/pthread_mutex_unlock.c
fn=(2110) pthread_mutex_unlock@@GLIBC_2.2.5
367 43 0 0 3 0 0 1
51 129 43 0 0 1
+1 86 0 0 3 0 0 1
367 43
57 86
+8 31 0 31
-3 31 0 31
-23 31 31
+1 62
+30 31
369 86 43
40 93 31
+1 62 0 31
+33 76 0 0 4 0 0 1
+6 152 38 0 5 0 0 1
+4 114 76 0 0 1
+3 102 0 38 4 0 0 1

fl=(328) ./nptl/./nptl/libc-cleanup.c
fn=(2662) __libc_cleanup_push_defer
24 6 0 0 4 0 0 1
+3 12 6 6 0 3
+3 24 6 6 0 5
+1 6 0 6
+2 6 0 6
+1 6 6

fn=(2664) __libc_cleanup_pop_restore
39 6 0 0 5 0 0 1
+3 12 6 6
+2 12 6 6
+1 12
+2 6 6

fl=(351) ./libio/./libio/putc.c
fn=(3514) putc
25 112 0 48 2 0 0 1
+3 32 16 0 0 2
+1 112 32 32 3 0 0 1
+5 80 64

fl=(311) ./misc/../sysdeps/unix/sysv/linux/getpagesize.c
fn=(2492) getpagesize
27 1 0 0 1 0 0 1
+1 4 2
+2 1 1

fl=(365) ./posix/../sysdeps/unix/sysv/linux/_exit.c
fn=(3978) _Exit
27 2 1 0 1 1 0 1
+3 1
+1 2

fl=(98) ./string/../sysdeps/x86_64/multiarch/memmove.c
fn=(328) memmove
29 5 0 0 2 0 0 1
fi=(93) ./string/../sysdeps/x86_64/multiarch/ifunc-memmove.h
+24 15 10 0 0 2
-1 10
+4 15 5 0 2 0 0 1
+14 10
+2 10
+8 10
+8 10 0 0 2 0 0 1
+2 25 5 0 2 0 0 1
fe=(98)

fl=(310) ./posix/../sysdeps/unix/sysv/linux/sched_getaffinity.c
fn=(2488) sched_getaffinity@@GLIBC_2.3.4
34 2 0 0 1 0 0 1
+1 8
+2 2
+3 1
-6 1
+6 5 0 1 1 0 0 1
cob=(2)
cfi=(51)
cfn=(1800) 0x0000000004bb6670
calls=1 -40 
* 21 3 4
+5 3 1

fl=(83) ./string/../sysdeps/x86_64/multiarch/strnlen.c
fn=(294) strnlen
31 2 0 0 1 0 0 1
fi=(84)
+2 10 4 0 0 1
-1 4 0 0 1 0 0 1
+2 6 2
+2 4
+4 6
+3 8
fe=(83)
-12 2 2 0 1 0 0 1

fl=(112) ./wcsmbs/../sysdeps/x86_64/multiarch/wmemset.c
fn=(362) wmemset
31 2 0 0 1 0 0 1
fi=(113) ./wcsmbs/../sysdeps/x86_64/multiarch/ifunc-wmemset.h
+2 10 4
+1 6 2
+2 4
+8 6
+3 8 0 0 1 0 0 1
fe=(112)
-16 2 2

fl=(117) ./string/../sysdeps/x86_64/multiarch/strcasecmp_l.c
fn=(378) strcasecmp_l
31 1 0 0 1 0 0 1
fi=(366) ./string/../sysdeps/x86_64/multiarch/ifunc-strcasecmp.h
+1 5 2
fe=(117)
-1 1 1

fl=(209)
fn=(1724)
36 1096550 0 469950 38 0 0 2
+4 156650
+6 391625 0 78325
cfi=(208)
cfn=(1726) _IO_setb
calls=78325 329 
* 1879800 391625 313300 27 0 2 2
+5 234975 0 0 23 0 0 1
-1 313300 78325
+14 78325 0 78325 0 0 3
-14 469950 0 234975
+15 548275 469950
-23 78325 0 0 21 0 0 1
+1 391625

fn=(2430) _IO_str_overflow
82 18 0 12 1 0 0 1
+3 6 2
+2 10 0 0 1 0 0 1
+6 2 2
+1 4 4
-11 2
+10 10
+1 2
-11 2
+10 2 0 2 0 0 1 0 0 1
-10 2
+10 2 2
+1 6 0 0 1 0 0 1
+2 4
+7 2
+1 4
+2 4 0 2
cob=(2)
cfi=(51)
cfn=(2352)
calls=2 0 
* 371 58 45 2 5 4 0 0 3
* 8 0 2
+1 4
+5 4 0 0 2 0 0 1
+2 8 0 2
cob=(2)
cfi=(51)
cfn=(1784)
calls=2 0 
* 48 14 8 0 0 1
+1 4 0 2
cob=(2)
cfi=(51)
cfn=(2368)
calls=2 0 
* 182 58 30
+2 2 0 2
+2 10 0 2
cob=(2)
cfi=(51)
cfn=(1800)
calls=2 0 
* 56 6 16 7 1 3
+2 10 0 2 2 0 0 1
cfi=(208)
cfn=(1726)
calls=2 329 
* 48 10 8
+1 2 2
+3 2 2
-2 4 4
-1 2
+1 2 2
+2 2
-3 2
+3 2
-3 2 0 2
+6 2 2
-1 2
-4 2 0 2
+4 2
+1 2 0 2 1 0 0 1
-1 4 0 2
+5 4
+1 6 0 4
+1 8 4
+1 2 0 2
+2 16 14

fl=(280) ./setjmp/../sysdeps/x86_64/__longjmp.S
fn=(2350) __longjmp
36 9 0 0 1 0 0 1
+2 9 9
+1 9 9
+1 9 9
+2 18 9
+1 18 9
+1 18 9 0 1 0 0 1
+13 9 9
+1 9
+31 9 0 0 1 0 0 1
+11 9 9
+1 9 9
+1 9 9
+1 9 9
+1 9 9
+2 9
+1 9
+1 9
+1 9
+2 9

fl=(92) ./string/../sysdeps/x86_64/multiarch/memcpy.c
fn=(314) memcpy@@GLIBC_2.14
29 5 0 0 3 0 0 1
fi=(93)
+24 15 10
-1 10
+4 15 5
+14 10
+2 10 0 0 3 0 0 1
+8 10
+8 10
+2 25 5 0 3 0 0 1
fe=(92)

fl=(172) ./malloc/./malloc/malloc.c
fn=(662) _int_malloc
1343 96218 0 0 14 0 0 1
3771 48109 0 48109
1362 48109
3771 384872 0 240545 20 0 13277 1 0 1
1362 96218
3811 34
+27 34 17 0 0 4
+66 257 0 0 21 0 0 1
+2 257 257 0 0 37
-2 257
+2 514
+2 7 7 0 0 5
+1 14 7 0 0 1
+6 7
-4 7 0 7 0 0 1
+1 7 0 7
+1 7 0 7
+2 14 0 0 3 0 0 1
+7 28 14
-1 14
+1 14 7
3181 7 7
3927 7 7
3183 7 0 0 5 0 0 1
3927 7 7
3181 7 0 7 0 0 2
3927 48
+1 30
+4 9 9
+1 9 0 9 0 0 2
+1 18
3181 9 9
3936 9 0 9
3185 9
3937 9 0 9 0 0 5
3181 9 0 9
+2 45 9 18
-6 9 9
+9 9
-9 9 0 9
+8 9 0 9
+1 9
1362 96184 0 0 13 0 0 1
3811 96184 0 0 14 0 0 1
4397 96184
3838 96184 48092 0 0 13246
+63 95790
+62 1570292 0 491526 24 0 30562 3 0 1
+1 143547 47849 0 4 12836
+1 8 0 4 0 0 1
cfn=(2104) malloc_consolidate
calls=4 4715 
* 9513 2300 1450 23 48 6 10
* 21 0 0 1
3838 34
1362 17
3843 34 17 0 0 4
+2 34 0 0 4 0 0 1
+2 6 0 0 3
-6 3
+9 3 3
+1 3 3
-1 6
+1 15 0 3
+5 6 3
+1 6 0 0 3 0 0 1
+7 3 3
-1 6
+1 15 6
+5 3 3
+1 3 3
3183 3
3870 3 0 0 3 0 0 1
+5 10 0 2
3181 4 2 2
+2 2 2
+2 2 2
-2 4 2 2
+2 2
-8 2 0 2
+8 2 0 2
3869 2
+1 19 7 0 3 0 0 1
+2 4
+2 2 2
+1 2 2
-1 4 0 0 2 0 0 1
-21 591 0 0 2 0 0 1
-10 197 197 0 0 8
+2 1027 0 0 9 0 0 1
4399 500 0 0 7 0 0 1
3903 250 0 250 0 0 18 0 0 2
4399 3250 0 2250 15 0 8 2
3983 250
+1 250 250
-1 500
-1 500 0 250 0 0 12
+2 500 250
-1 47849 0 0 2
+1 47849 47849
-1 95698
-1 95698 0 47849 0 0 9730 0 0 1
+2 95698 47849
-2 144294 48098 48098
+12 48098
-6 48098 0 48098
+73 192392 0 96196 19
-67 144295 48098 0 0 12840
-6 1 0 1
+73 4 0 2 1 0 0 1
-67 3 1
4158 41366 41366
-91 41366 41366
+91 82732 0 41366
-91 41366 41366
-74 41366
3181 41366
4067 41366 0 41366 3 0 0 1
3181 82732 41366 41366
4025 82732 0 41366
3183 82732 0 41366
3997 165464 41366 0 0 20
+1 41366
+2 82732 0 0 2 0 0 1
-3 27624 6906 0 0 405
+1 6906
+2 13812
+1 144816 48272 0 0 13240
+2 48272 48272 0 0 13544
+1 193088
+2 193088 48272
-10 48272 48272 0 0 3307
+12 96544 48272 0 1 414 0 1
+1 96544 48272
+2 96544
+11 96642
+31 48254 0 48254
+1 48254 0 48254
+4 96508
+29 95288 0 0 3 0 0 1
+2 536
+1 804
+1 268 268 0 0 129
-1 268
+57 268
+2 536
-2 536
+2 268
+7 268 0 268
-9 804 0 268 4 0 8 1
+9 268 268
-7 268 0 268
+1 268 0 268 0 0 2
+1 268 0 268
+6 536
-10 47376
+2 94752
-2 94752
+2 47376
+7 47376 0 47376
-9 142128 0 47376 2 0 16251
+9 47376 47376
-7 47376 0 47376
+1 47376 0 47376
+1 47376 0 47376
+6 94752
2005 1839 613 0 2
4413 432981 336763 0 34 0 0 2
2005 7 7
3944 7
2005 14
4060 610 0 0 103 0 0 1
+1 610
-1 610 0 610
+1 1220
+5 610 610
-21 610
+21 610
2005 1220 610
4095 923706 0 0 12 0 0 2
+1 24
+1 8 8 0 0 8
-1 8
+4 16
-4 142104 0 0 2 0 0 1
+1 47368 47368 0 0 20543
-1 47368
+4 94736
+5 3208 3208
-2 6416 0 3208 204 0 0 1
+2 9624 3208 0 0 3204
+1 6416 3208
+7 3201 3201 0 0 3201
-1 12804 0 3201
+2 9603 0 6402
+52 142932 0 0 6
3994 142932 47644
4183 94942 0 0 13 0 0 1
+2 141717 47239
+3 47239 47239 0 0 19460
-3 47239 0 0 6
+3 94478
+1 12834 6417 0 0 6408
+67 82120 41060 0 15 0 0 1
+1 41060
+1 41060
-1 41060
+1 41060
+1 82120 41060 0 0 6410
+1 123180
+5 186981 0 0 27 0 0 1
+16 905284
+2 1810568
-4 1903862
+8 46647 46647 0 0 7385
+3 93294
+2 5811
+1 5811
+1 5811
-2 23244 0 5811 7 0 0 1
-27 5811
3963 25736 0 6434 105 0 0 1
4144 132504 0 44168 4 0 6415 1
4023 74 37 0 7 0 0 1
+1 46 23
+5 18
-1 36 18
+3 18
-1 18 0 18
+1 36 0 18
+1 18 0 18 0 0 15
+1 36
+2 10 0 5 1 0 1
+4 5
+6 5
-6 35 0 5
+2 15 0 5 0 0 1
+1 5 0 5
2005 15 5 0 2
4039 13 0 0 2 0 0 1
+6 13
-6 91 0 13
+2 39 0 13
+1 13 0 13
2005 39 13 0 2 0 0 1
4269 759 0 0 23 0 0 1
+3 896 224
-3 591
+3 788 197 0 13 0 0 1
-3 390
+3 507 169
+97 224 224 0 8
+1 448 224 0 0 19
+2 448 224 0 0 6
+3 700 0 28 7 0 0 1
+17 42 14
3904 138 0 0 17 0 0 1
4118 35 14 0 5 0 0 1
+1 14
+6 7
+6 12 4 4 0 3 1
+2 12 8
+2 4 0 4
+1 12 4 4
+2 4 4
+1 8 4
-1 3 3
+1 6 3
-11 6 3 0 1 0 0 1
4299 122508 81672 0 5 6652 0 1
+3 81672
+2 40836
+3 81672 0 40836
-3 40836
+3 81672 0 81672 0 0 3903
cfn=(2106) unlink_chunk.constprop.0
calls=40836 1626 
* 1551259 571513 163280 11 10707
+3 163344 81672
+15 81648 40824 0 8 0 0 1
-5 40824
+5 81648
+1 81648 40824
+3 40824 0 40824 0 0 22389 0 0 2
+1 40824 0 40824
+1 40824 0 40824
+3 81648
+1 25 0 25
+1 81648
+2 81190 0 40595 3 0 777
+3 324760 0 40595
+2 121785 0 40595 0 0 10619
+1 40595 0 40595
2005 40595 40595
4347 40595
2005 81190 0 0 1
4341 1832 0 229 4 0 0 1
+2 687 0 229 0 0 5
+1 229 0 229
2005 229 229
4347 229
2005 470 12 0 3 0 0 1
4347 12
2005 24 0 0 1
4272 29
+2 116
+1 58
+38 12 0 0 3 0 0 1
-1 12 0 12
+1 24
4192 12822 12822 0 3312 6403 0 1
+1 38466 6411
+6 12822 6411
+2 1 1
-1 2 1
+4 1
+1 3 0 2 1
cfn=(2106)
calls=1 1626 
* 25 9 2
-1 6410
+1 19230 0 12820 2010 0 0 1
cfn=(2106)
calls=6410 1626 
* 243580 89740 25640 2 6405
-1 6411
+4 19233 6411
+13 4 2
-4 2
+4 4
+1 4 2
+3 2 0 2 0 0 2
+1 2 0 2
+1 2 0 2
+1 4 0 0 2 0 0 1
+2 4 0 2
+3 16 0 2
+2 6 0 2
+1 2 0 2
2005 2 2 0 1
4239 2
2005 6413 6409 0 203
4239 6409
2005 12818
4380 210 0 0 7 0 0 1
-2 420 210 0 12 0 0 1
+2 210
-1 210 0 210
+6 210
-5 210
-3 210
+3 210
+2 210
-2 840 0 210
2005 210 210
4382 210 0 210 0 0 178 0 0 176
2005 420
4407 56 14 14 9 0 2 1
cfn=(664) sysmalloc
calls=14 2548 
* 1869 453 292 128 67 39 33 1 14
* 14
+1 28
2005 42 14
4211 6409 0 0 106 0 0 1
-1 6409 0 6409
+1 12818

fn=(3040) sysmalloc_mmap.constprop.0
2420 24 0 24 4 0 1 1
+13 24
+5 16 0 0 4 0 0 1
+3 72 0 8
cfi=(334) ./misc/../sysdeps/unix/sysv/linux/mmap64.c
cfn=(3042) mmap
calls=8 47 
* 72 8 0 3 0 0 1
* 8
+3 16 0 0 4 0 0 1
+4 16
2028 32 8
2466 24
+19 8
-1 8 0 8 0 0 8 0 0 7
+5 8
-4 16 0 8
+4 16 8 8 3 0 0 1
+1 36 8 6
+3 24 8 8
+1 40 8 8 3 0 0 1
+5 40 32

fn=(2102) calloc
3624 12 0 6 3 0 0 1
+10 6
-10 24 0 18
+10 48 0 0 3 0 0 1
+8 12 6
+3 18 12
+2 18 6
+32 18 0 6 3 0 1 1
cfn=(662)
calls=6 1343 
* 12084 2657 1758 52 42 14 26 0 2
+2 30 6 0 3 0 0 1
fi=(173) ./malloc/./malloc/arena.c
162 18
fe=(172)
3681 12
+3 18 6
+14 12 0 0 3 0 0 1
+11 6 6
+5 6 6
-2 12
-3 6
+12 24
-20 24 0 0 3 0 0 1
+31 6
+2 12
+2 12
-79 6 6 0 3 0 0 1
+1 18 6 0 3 1 0 1
+7 6
+97 6 0 0 3 0 0 1
-25 12
+25 24 24
-25 6
cob=(2)
cfi=(51)
cfn=(1800)
calls=6 0 
* 3489 18 3268 7 2 79 1

fn=(2106)
1626 88169 0 0 6 0 0 1
+2 440845 176338 0 0 13063
+3 176338 176338 0 0 6719
+1 88169 88169
-1 264507 0 0 6 0 0 1
+3 352676 176338 0 0 6848
+3 88169 0 88169
+1 88169 0 88169
+1 439804 87822 0 0 24
+2 94746 47373 0 0 201
+1 284238 94746 0 2
+3 94746 47373 0 0 124
+14 47373 0 47373
+1 94746 47373 47373
+3 176338 88169 0 3 0 0 1

fn=(2754) realloc
3400 10 0 6 1 0 0 1
+6 2 1
+4 2
3515 1
-97 1
+97 6 6
-97 1
cfn=(650) malloc
calls=1 3287 
* 43 11 6 0 2
-1 2 0 0 1 0 0 1

fn=(1372) _int_free
4421 499080 0 374310 9 0 6214 1
+10 62385 62385
-10 187155 62385 62385 6 6420 319 1
+10 124770
+6 311925
+1 124770
+4 249540
+8 311925 124770 0 6 0 0 1
-1 124770
+1 124770 62385 0 0 12825
+29 14551 14551
-20 14551 14551
-6 14551
+6 29102 14551 0 0 18
+20 58204 14551 0 4 8 0 1
+14 96032 48016 0 0 12826
+11 664 166 0 0 25
+2 498 166
2012 498 166 0 7 0 0 1
4527 166 0 166
+1 166
+4 498 166
+2 498 166
+4 332
+2 664 0 166
+1 166 0 166
+19 616
4702 686235 561465 0 7 0 0 2
4569 95700 47850
+3 47850 47850
+3 143550 0 47850 0 0 3200
+7 47850 47850 0 0 12826
-4 47850 0 0 5 0 0 1
+4 95700
+3 95700 47850 0 0 12825
+5 143550 47850 0 0 3723
+3 95700
+1 95700
+1 95700 47850 0 7 12829 0 1
2012 143550 47850 0 0 12826
4601 95700 47850
+1 438 438
+2 438
-1 438
+2 1752 438 0 0 13
+2 876 0 438 0 0 3
cfn=(2106)
calls=438 1626 
* 11249 4057 922 0 20
+3 95700 47850 0 61 0 0 1
+5 95690 47845 0 0 19793
+4 7476 0 7476
+9 7476 7476
-1 7476
+1 22428
+1 14952 7476 0 0 6404
-1 40369 40369
-1 40369
+1 121107
+1 80738 40369 0 0 5
+2 47845 0 47845 0 0 6607
+2 95690 0 0 6 0 0 1
+5 47845 0 47845
+1 47845 0 47845
+2 143535 0 47845
+1 47845 0 47845
+30 95700
+20 143550 47850
3181 14369 14369 0 28 0 0 1
+4 14369
-4 14369 0 14369
+2 57476 14369 14369 0 29
+1 14369 0 14369
+1 14369 0 14369
4482 14369
4635 143487 0 47829 2 0 6909 1
+38 28878 9626 0 5 0 0 1
+3 19252
+2 9626 9626
-2 9626 0 0 8 0 0 1
-23 5 0 0 4 0 0 1
+1 15 0 5
+1 10 0 5
-39 40369 0 0 5 0 0 1
+1 40369
-1 40369 0 40369 0 0 3102
cfn=(2106)
calls=40369 1626 
* 1010375 363795 81010 1 9839
+1 40369
-30 143550 47850 0 7 19250 0 1
-2 95700
+89 14 0 7
cfn=(2104)
calls=7 +41 
* 1886 455 307 8 19 4
* 7
+4 38504 19252 0 7 9614 0 1
+2 4 2 2 2 0 0 1
cfn=(3058) systrim.constprop.0
calls=2 2986 
* 50 18 6 3 6 1 1
* 2

fn=(2104)
4715 11 0 11 4 0 0 1
+17 11
-17 44 0 33 0 0 3
+28 11 0 0 4 0 0 1
-28 33 0 22 0 0 1
+15 11 0 11
+2 11 0 11 0 0 4
+13 22 11 11
+1 22
-1 198 99 99
+1 198
+62 330 110
+1 88 77
-31 298 149 0 4 28 0 1
+4 198 0 99
+2 99 99
+1 198 0 99
+1 198 99 99 0 0 1
+2 198
-4 50 50
+1 100 0 50
+1 100 50 50
+2 100
+1 20 0 10
+4 10
+2 10 0 10
-2 20 0 10
+3 10 0 10
+9 20
-12 139
+2 139 0 139
-2 278 0 139
+3 139 0 139
+9 409
-56 298 0 0 4 0 0 1
+4 447 149 0 0 14
+1 596
+8 149
-3 298 149 0 5 6 0 1
+3 149
-3 149
+4 149
-4 149
+5 149 149 0 0 8
-5 149
+5 298
+2 298
+1 65 65
+2 65
-1 65
+2 260 65 0 0 2
+2 390 0 325 1 0 1
cfn=(2106)
calls=65 1626 
* 1430 520 130 3 4 0 3
* 260 260
+3 298 149 0 3 1 0 1
+4 50 0 0 3 0 0 1
+1 150 0 100
+16 50
-16 50 0 50
cfn=(2106)
calls=50 1626 
* 1115 405 100 0 4
* 150 100

fn=(3058)
2986 2 2 0 1
-9 6 0 6 0 0 1
+9 4 2 0 2 0 0 1
+2 2
+1 4
+5 2 2 0 0 2
+1 2
-1 4
+4 10 4 0 0 4
+2 4
-10 2
+50 8 8

fn=(660) tcache_init.part.0
3235 3 0 2 1 0 0 1
+9 8 2 1
+1 3 0 1 1 0 0 1
cfn=(662)
calls=1 1343 
* 367 77 58 46 3 3 46 1 2
* 1
+1 2
+8 4 1 1
+7 2
+2 1 1
+1 2
-1 1 0 1
+1 86 0 81 1 0 9 1 0 9
+3 4 3

fn=(664)
2548 126 0 84 7 0 8 1
+20 56 42 14 0 24 2
+11 28 0 0 7 0 0 1
+1 34 14 6 0 14 3 0 1
+26 6 6
+1 18 6
+1 6
+9 44 0 0 3
+6 18 0 0 1 0 0 1
+3 18
2941 12 6 0 5 0 0 1
+1 6 0 6
+5 12 6
+3 12
+5 12
-2 6
+2 6
-1 6 0 6
+1 6
-3 6
+3 6
+1 6
-1 18 0 6 4 0 0 1
+1 6 0 6 0 0 6 0 0 6
+2 12
2581 24 16 0 2 8
+4 24 8
+9 32 0 8 2 0 6
cfn=(3040)
calls=8 2420 
* 500 80 78 21 0 9 6 0 7
+1 16
2964 154 126 0 4 0 0 1
2687 12 6 0 4 0 0 1
+9 24 6
+13 18 6 0 0 5
+8 30 0 6
+8 12 0 0 4 0 0 1
+39 12 6 0 4 1 0 1
+2 18 6 6
+6 22 0 0 4 0 0 1
+1 5
2946 5 5
2773 15 0 5
+2 2 1 0 1 0 0 1
2896 1
-1 1 0 1
+1 3 0 1 0 0 1 0 0 1
+1 1 0 1
+11 2 0 0 1 0 0 1
fi=(173)
565 6 0 6 5 0 0 1
fe=(172)
2727 6 0 6 0 0 1
cfi=(175) ./malloc/./malloc/morecore.c
cfn=(668) __glibc_morecore
calls=6 25 
* 272 69 38 33 15 3 6
+1 12 6
-1 6 0 0 6 0 0 1
+1 6
2028 6 6
2729 6 6
2028 6
2729 6
2028 12
2730 6
+3 12
+33 12 6
2610 12 0 0 4 0 0 1
2775 2 0 0 1 0 0 1
+40 3 0 0 1 0 0 1
+22 1
+1 1
-1 1
+1 6
+2 2 0 0 1 0 0 1
+1 3 0 2
cfi=(175)
cfn=(668)
calls=1 25 
* 28 10 4
+12 2 1
-12 1
+12 1
2028 4 1
2897 4 2 0 1 0 0 1
2765 2 0 1 1 0 0 1
-52 3 0 1 1 0 0 1

fn=(1368) free
3352 94510 0 0 10 0 0 1
+4 189020
-4 62393 0 62393
+14 62393
-14 124786 0 62393 0 0 3106
+12 62393 62393 0 0 25659
+4 62393 62393 0 15 23949 0 1
-4 62393 62393 0 0 25648
+4 124786
+17 187155 124770 0 0 25651
fi=(173)
162 187155
fe=(172)
3391 124770 0 62385 23 0 215 1
cfn=(1372)
calls=62385 4421 
* 7308166 2086770 960120 198 152143 26359 21
+3 62385 0 62385
+1 249540 187155
-23 24 8 0 1 3
+2 26 8 0 0 3
+2 5
+1 5 0 0 2
-1 5 0 5
+1 5 0 5
+1 5
+3 10 0 5 0 0 1
cfn=(3100) munmap_chunk
calls=5 3044 
* 175 40 10 15 4 0 5
* 6 0 3
cfn=(3100)
calls=3 3044 
* 105 24 6
+13 8 0 8
+1 32149 32141 0 7 0 0 1

fn=(3100)
3044 8 0 0 3 0 0 1
+2 8 8
-1 8 8 0 0 2
+1 8
-1 8 8 0 0 2
+1 8
+2 16
+4 8 8 0 3 0 0 1
-1 16 8
+7 8
-8 8
+8 8
-6 8
+7 8
-1 16
+1 32
+3 8 8 8
+1 24 8 8
+5 8 0 0 3 0 0 1
+1 8
-1 8
cfi=(335) ./misc/../sysdeps/unix/syscall-template.S
cfn=(3102) munmap
calls=8 117 
* 48 8 0 6 0 0 2

fn=(650)
3287 374412 0 187206 1 0 9406 1
+7 124804 62402 0 0 12848 0 0 1
1343 124802 0 0 1
+19 249608 0 0 1 0 0 1
3306 249608 124804 0 0 26192
+3 124802 62401 0 0 12842
+10 144306 48102 0 22 8 0 1
+28 240510 192408
1362 62315 0 0 1 0 0 1
3304 186945 0 0 15 0 0 1
-63 4 2 1
cfn=(660)
calls=1 -6 
* 484 84 145 49 3 12 49 1 11
+68 2 1
+2 43677 14559 0 4 6555 0 1
3193 28600 14300 0 0 6556
+1 28600
+2 14300
+1 14300
-1 42900 14300 14300 0 6626
+1 14300 0 14300
+1 14300 0 14300
3347 71500 57200
-26 192408 0 48102 5 0 3630 1 0 1
cfn=(662)
calls=48102 1343 
* 18785823 2503797 2251657 6592 166924 114215 31 0 193
+1 240510 48102 0 0 1
fi=(173)
162 96188 0 0 26 0 0 1
315 1 0 1 1 0 0 1
cfn=(654) ptmalloc_init.part.0
calls=1 -2 
* 1128 71 160 11 18 35 11 5 34
fe=(172)
1343 2

fl=(189)
fn=(986)
49 128 0 0 1 0 0 1
+2 512 0 0 1 0 0 1
+3 128 128

fl=(272) ./nptl/./nptl/pthread_key_create.c
fn=(2254) pthread_key_create@@GLIBC_2.34
25 1 0 0 1 0 0 1
+2 3
+2 1 1 0 0 1 0 0 1
+2 4
+2 3 0 1 1 0 0 1
+4 3 0 1
+6 1
-3 1 0 1 0 0 1 0 0 1
+3 1 1

fl=(269) ./string/../sysdeps/x86_64/multiarch/strcmp-avx2.S
fn=(2232) __strncmp_avx2
83 2 0 0 1 0 0 1
+3 2
+1 2
+1 2
+16 2
+2 2
+1 2
+2 2
+1 2
+1 2
+1 2
+1 2
+2 2 2
+1 2 2
+1 2
+1 2 0 0 1 0 0 1
+1 2
+1 2
+1 2
+1 2
+4 2
+1 2
+13 2 2
+1 2 2
+1 2
+3 4 2

fn=(2788) __strcmp_avx2
83 2 0 0 1 0 0 1
+23 2
+1 2
+2 2
+1 2
+1 2
+1 2
+1 2
+2 2 2
+1 2 2 0 0 1
+1 2
+1 2
+1 2
+1 2
+1 2
+1 2
+18 2 2
+1 2 2 0 1 0 0 1
+1 2
+3 4 2

fl=(306) ./io/../sysdeps/unix/sysv/linux/read_nocancel.c
fn=(2466) __read_nocancel
25 1 0 0 1 0 0 1
+1 4
+1 1 1

fl=(104) ./string/../sysdeps/x86_64/multiarch/strncmp.c
fn=(344) strncmp
66 1 0 0 1 0 0 1
-25 4 2 0 1 0 0 1
+1 3 1
+2 2
+5 3
+3 3
+14 1 1 0 1 0 0 1

fl=(338) ./string/./string/strdup.c
fn=(3194) strdup
40 35 0 14 1 0 0 1
+1 7 0 7 1 0 0 1
cob=(2)
cfi=(51)
cfn=(1000)
calls=7 -41 
* 2976 1106 0 5 6 0 2
* 7
+1 14 0 7
cob=(2)
cfi=(51)
cfn=(2352)
calls=7 -42 
* 2923 418 341 1 28 8
+2 14
+4 7
-1 21
+1 14 14
-1 7
cob=(2)
cfi=(51)
cfn=(1784)
calls=7 -47 
* 19864 18672 18644 1 6 450

fl=(114) ./string/../sysdeps/x86_64/multiarch/memrchr.c
fn=(366) memrchr
29 1 0 0 1 0 0 1
fi=(84)
+4 5 2 0 1 0 0 1
-1 2
+2 3 1
+2 2
+4 3
+3 4 0 0 1 0 0 1
fe=(114)
-14 1 1

fl=(206) ./stdlib/../stdlib/strtol_l.c
fn=(1646) ____strtoul_l_internal
225 33 0 22 3 0 0 1
+54 11
-54 33 0 22 8 0 0 1
+19 11
-19 33 0 22
+14 11 11 0 0 3
-14 22 0 11
+26 22
+31 44
+9 66 33 0 7 3 0 1
+2 22
+5 22
-1 11 0 11
+6 22 0 0 4 0 0 1
+4 22
+10 20
+10 40
-82 10
372 30 10 0 0 2 0 0 1
+1 30 10 10 2 2 0 1 1
+4 10
+56 40
309 11 11 0 1 2
449 11
+10 33
-10 11 0 11
+10 11 11
+12 22 0 0 8 0 0 1
-5 36
+5 36
+1 108
-41 72 36
+2 126
+2 114
+7 4
+17 4 2 0 0 1 0 0 1
+4 108 0 0 8 0 0 1
+3 72
+11 22
+5 33 11 0 6 0 0 1
+1 11 0 11
+12 22
+11 66 11
+18 99 77 0 6 0 0 1
324 2
-15 2 0 0 1 0 0 1
+15 2
+3 2 0 0 1 0 0 1
+46 1 1 0 0 1
-1 1 1 0 0 1
245 1
373 1 0 1
+4 2

fl=(234) ./io/../sysdeps/unix/sysv/linux/stat64.c
fn=(2018) stat
28 6 0 0 1 0 0 1
+1 12 0 0 1 0 0 1
cfi=(235) ./io/../sysdeps/unix/sysv/linux/fstatat64.c
cfn=(2020) fstatat
calls=3 153 
* 27 4 1 2 0 0 2

fl=(268) ./stdlib/./stdlib/getenv.c
fn=(2228) getenv
34 40 0 30 2 0 0 2
+4 40 15 0 0 5 0 0 4
+3 10 5
+50 45 35
-26 5 0 5 1 0 0 1
cob=(2)
cfi=(51)
cfn=(1000)
calls=5 -65 
* 80 15 0 3 1 0 0 1
+10 5 5 0 0 2
-8 5 5
+6 5
-8 5 0 0 1 0 0 1
+7 5
+3 1990 495 0 0 14
+9 998 495 2 0 66
cob=(2)
cfi=(51)
cfn=(2230) 0x0000000004bb6590
calls=2 -84 
* 58 12 0 3 1 0 3
* 4

fl=(126) ./string/../sysdeps/x86_64/multiarch/mempcpy.c
fn=(402) mempcpy
33 1 0 0 1 0 0 1
fi=(93)
+20 3 2
-1 2
+4 3 1
+14 2
+2 2 0 0 1 0 0 1
+8 2
+8 2
+2 5 1 0 1 0 0 1
fe=(126)

fl=(175)
fn=(668)
25 7 0 0 4 0 0 1
+1 14 7
-1 7 0 0 5 0 0 1
+4 7 0 7 0 0 1
cfi=(176) ./misc/./misc/sbrk.c
cfn=(670) sbrk
calls=7 +8 
* 237 65 35 24 15 2 4
+1 14
+4 14 7

fl=(195)
fn=(1388)
28 1 0 0 1 0 0 1
+2 1
+2 1
cfi=(196) ./setjmp/../sysdeps/x86_64/setjmp.S
cfn=(1390) __sigsetjmp
calls=1 -2 
* 31 7 10 3 1 0 3

fl=(253) ./dlfcn/./dlfcn/dladdr.c
fn=(2164) dladdr@@GLIBC_2.34
25 1 0 0 1 0 0 1
fi=(367) ./dlfcn/../sysdeps/generic/ldsodefs.h
1388 1 1
fe=(253)
27 2 1 0 1 1 0 1
+3 3
cfi=(254) ./elf/./elf/dl-addr.c
cfn=(2166) _dl_addr
calls=1 +96 
* 11068 2365 164 27 180 15 12 26

fl=(210)
fn=(1728)
1180 939900 0 704925 37 0 20 2 0 2
+30 391625 234975 156650 0 4 2
+8 234975 78325 0 17 0 0 1
+4 391625 156650
+11 156650
+11 78325 78325
fi=(368) ./stdio-common/./stdio-common/printf-parse.h
111 156650 78325
fe=(210)
1244 391625 156650 234975 15 0 10 1 0 2
fi=(368)
111 78325 0 78325 0 0 1
cob=(2)
cfi=(51)
cfn=(1730) 0x0000000004bb64d0
calls=78325 0 
* 1644825 234975 0 62 6 0 3 1
fe=(210)
1259 78325 0 78325 0 0 10
fi=(368)
111 78325 0 78325 0 0 1 0 0 1
fe=(210)
1259 234975 0 78325 0 0 4
239 78325 78325 0 17 0 0 1
fi=(369) ./stdio-common/../libio/libioP.h
940 78325
fe=(210)
1263 78325 78325
fi=(369)
942 78325
-2 78325 78325 0 0 7
fe=(210)
1263 78325 78325
fi=(369)
940 156650 0 78325
+2 156650
+1 156650
fe=(210)
239 313300 156650 78325 7 8 0 1
cfi=(208)
cfn=(1734) _IO_default_xsputn
calls=78325 371 
* 391625 78325 0 10 0 0 2
* 156650
127 704925
1263 156650
+4 234975 156650 0 12 0 0 1
+4 626600 234975 78325 21 21 0 1 1
1532 78325 78325
1214 78325 0 78325
+34 78325 0 78325
-8 78325 0 78325
1532 234975 0 78325
+23 78325
-39 78325
+39 78325
-39 78325 0 78325
+39 156650 0 78325 17 0 0 1
1313 1174965 234993 0 17 13 0 1 2
+39 78331 78331
-51 78331
-1 78331
-1 78331
-1 78331
+5 78331
1501 78331
fi=(368)
88 78331
fe=(210)
1352 78331 78331
-46 78331 0 78331 19 0 0 1
-4 78331 0 78331
+50 78331 0 78331
1501 78331
1295 78331 0 78331
-1 78331 0 78331
-1 78331 0 78331
-1 78331 0 78331
-1 78331 0 78331
+16 156662 0 78331 5 0 0 1
1608 156650 78325 0 16 0 0 1
+1 156650 78325
+3 939900 704925
1499 156646 0 0 19 0 0 1
+33 156646 78323
+3 2662982 626584 469938 430 0 0 2
+20 156646
1218 156650 0 0 24909 0 0 1
1555 861553 313292 156646 25 0 0 2
+9 156652 0 0 5 0 0 1
-47 78 24 6 1 0 0 1
+47 2
-48 12 2
+1 72 8 0 2 0 0 2
127 56 0 0 1 0 0 1
1517 16
-1 78323 0 0 14 0 0 1
-94 78323 78323
-1 78323 0 0 15 0 0 1
+1 156646
+41 939876 156646 0 15 10 0 1 2
1589 78331 0 0 13 0 0 1
fi=(368)
111 78331
fe=(210)
1583 78331 0 78331
fi=(368)
111 156662 0 78331
cob=(2)
cfi=(51)
cfn=(1730)
calls=78331 0 
* 1644951 234993
fe=(210)
239 78331 78331
fi=(369)
942 78331
fe=(210)
1593 78331
fi=(368)
111 78331
fi=(369)
942 78331
fe=(210)
1593 78331
fi=(369)
942 78331
+1 156662 78331
fe=(210)
239 313324 78331 78331 19 0 0 1
cfi=(208)
cfn=(1734)
calls=78331 371 
* 391777 78351 18
* 156662
127 1018303 0 0 24 0 0 1
1593 156662
+2 234987 78331
-39 78323 0 0 19 0 0 1
351 78323
+1 78323
1556 78323 0 78323
352 156646
-1 156646
1559 156646
127 548261
354 78323 0 78323 10 0 0 1
cfi=(212) ./stdio-common/./stdio-common/printf_fp.c
cfn=(1736) __printf_fp
calls=78323 1278 
* 142597350 30101490 18697963 103479 112 84 174 14 4
* 78323
1516 8 2 2 2 0 0 2
cfi=(296) ./string/./string/_strerror.c
cfn=(2432) strerror_r
calls=2 26 
* 1078 234 158 5 1 0 3
* 4
+1 16 0 8 1 0 0 1
cob=(2)
cfi=(51)
cfn=(1000)
calls=8 0 
* 160 30 0 1 3 0 0 2
* 16
239 8 8 0 1 0 0 1
fi=(369)
942 24
+1 16 8
fe=(210)
239 32 8 8 1 0 0 1
cfi=(208)
cfn=(1734)
calls=8 371 
* 1569 312 247 25 6 12 13 0 6
* 16
127 48
1427 78323 78323 0 15 0 0 1
-1 156646 0 78323
+1 234969
+15 313292 156646
+3 156646 78323 0 13 0 0 1
+18 469938 156646
-21 391615 78323 78323 20 0 0 1

fl=(263) ./nptl/./nptl/pthread_mutexattr_init.c
fn=(2204) pthread_mutexattr_init@@GLIBC_2.34
24 1 0 0 1 0 0 1
+11 1 0 1
+3 2 1

fl=(315) ./nptl/./nptl/pthread_getspecific.c
fn=(2510) pthread_getspecific@@GLIBC_2.34
24 3 0 0 2 0 0 1
+5 6
+1 9 3
+24 3 3 0 0 2
+1 6 0 0 2 0 0 1
+9 6 3

fl=(202) ./string/../sysdeps/x86_64/multiarch/memchr-avx2.S
fn=(1428) __memchr_avx2
60 78588 0 0 5 0 0 1
+7 78588
+2 78588
+3 78588
+1 78588
+2 78588
+1 78588
+1 78588
+1 78588
+3 78586 78586 0 0 3 0 0 3
+1 78586
+3 78586
+1 78586
+2 22
+1 22
+1 18
+1 18
+1 36 18
+6 78564 0 0 18 0 0 1
+5 78564
+1 78564
+1 78564
+1 78564
+1 157128 78564
+11 2 0 0 1 0 0 1
+3 2
+1 2 2
+1 2
+4 2
+1 2
+7 2
+3 2
+1 2
+2 2
+1 2
+1 1
+1 1
+2 2 1
+39 5 0 0 1 0 0 1
+1 5
+1 5
+2 5
+10 5 5 0 1 0 0 1
+1 5
+3 5
+1 5
+77 5 0 0 1 0 0 1
+1 5
+3 4
+1 4
+4 4
+1 4
+3 2 2
+1 2
+1 2
+1 2 0 0 1 0 0 1
+1 2
+1 2
+1 2
+2 8 4
+32 1 0 0 1 0 0 1
+2 1
+2 1
+1 1
+1 1
+1 1
+1 2 1

fl=(215) ./stdlib/../sysdeps/x86_64/lshift.S
fn=(1744) __mpn_lshift
28 78361 0 0 6 0 0 1
+1 78361
+1 78361
+2 78361
+1 78361
+1 78361
+2 4 4
+1 4 4
+1 4
+1 4
+1 4 4
+1 4
+1 4
+1 4
+3 78357 0 0 7 0 0 1
+1 78357
+1 78348 78348
+1 78348
+1 78348
+1 78348
+1 78348
+6 78348
+1 78348 0 78348
+1 78348 78348
+3 9
+1 9 9
+1 9 9
+1 9
+1 9
+1 9 0 0 2 0 0 1
+1 9
+5 9
+1 9 0 9
+1 9
+1 9 0 9
+1 9 9
+14 8
+1 8 8
+1 8 0 8
+1 8
+1 8 8
+1 8 0 8
+1 8
+1 8 8
+1 8 0 8
+1 8
+1 8 8
+1 8 0 8
+1 8
+1 8
+1 8
+1 8
-6 4 0 0 4 0 0 1
+1 4 4
+1 4 0 4
+1 4
+1 4
+1 4
+1 4
+2 4
+1 4 0 4
+1 4
+1 4 0 4
+1 4
+1 4 0 4
+1 4 4

fl=(237) ./dlfcn/./dlfcn/dlerror.c
fn=(2400) dlerror@@GLIBC_2.34
33 10 0 6 1 0 0 1
fi=(367)
1388 2 2
fe=(237)
33 6 2 2
+2 4 2
+4 4 4
+3 4 0 0 1 0 0 1
+5 4
+8 6 2
+5 4 2
+13 6 2
+7 2 2
+1 4
-1 2 0 2 1 0 0 1
+1 4 0 2
cfi=(286) ./intl/./intl/dcgettext.c
cfn=(2402) dcgettext
calls=2 -35 
* 1028 224 150 40 16 1 36 5 1
+2 2 2
-2 18 2 2
cfi=(294) ./stdio-common/./stdio-common/asprintf.c
cfn=(2426) asprintf
calls=2 -55 
* 5457 1076 825 98 24 20 37 3 12
+5 4 2 2 1 0 0 1
+4 2 0 2
+2 4
+12 16 12
fi=(282) ./dlfcn/./dlerror.h
-37 6 2 0 4 0 0 2
fe=(237)
+29 2 2
+1 2 0 2
-1 2 0 2
+2 2
fi=(282)
-44 4 4 2
cob=(1) /usr/lib/x86_64-linux-gnu/ld-linux-x86-64.so.2
cfi=(279) ./elf/./elf/dl-exception.c
cfn=(2362) _dl_error_free
calls=2 -15 
* 188 58 30
+7 2
fe=(237)

fn=(2082) _dlerror_run
113 117 0 65 3 0 0 1
+1 13 13 0 0 2
-1 39 13 13 3 0 1 1
+1 13 13
+1 26
+6 13 13 0 2 0 0 1
+17 52 13 13 0 2
cob=(1)
cfi=(52) ./elf/./elf/dl-error-skeleton.c
cfn=(2084) _rtld_catch_error
calls=13 257 
* 805327 202729 76211 1760 6561 814 731 2196 541
+7 13 13 0 1
-2 13 13
-5 13
+7 26 0 0 1
+53 130 104 0 1
-42 13 0 0 2
-5 26

fn=(2083) _dlerror_run'2
113 99 0 55 3 0 1 0 0 1
+1 11 11 0 0 1
-1 33 11 11 3
+1 11 11
+1 22
+2 10
fi=(282)
-50 19 5
fe=(237)
+64 10 0 5
-10 6 6 0 1
+17 24 6 6 0 1 1 0 0 1
cob=(1)
cfi=(52)
cfn=(2085) _rtld_catch_error'2
calls=6 257 
* 13301 3176 1540 152 153 56 43 10 43
* 20 5 5
cob=(1)
cfi=(52)
cfn=(2085)
calls=5 257 
* 2270 614 431 22 4 7 4
+7 11 11
-2 11 11
-5 11
+7 22 0 0 1 0 0 1
+17 15
+6 10 0 5
cob=(2)
cfi=(51)
cfn=(2352)
calls=5 0 
* 225 60 30 1 2 0 1
* 5
+5 5 5
-4 10
+9 5 0 5
+8 10 5
+5 5 5
-6 5 0 5
+3 5 0 5
-2 10 0 5
+5 5
+7 110 88 0 1 0 0 1
-6 5 0 5 1 0 0 1
+4 10
fi=(282)
76 2 0 2
-1 6 2 4 1 0 0 1
cob=(2)
cfi=(51)
cfn=(2368)
calls=2 -75 
* 182 58 30
+1 8 6
fe=(237)
+80 6 0 0 1 0 0 1
-5 27 5 5
+3 5
-1 5 0 5
+1 5 0 5
cob=(2)
cfi=(51)
cfn=(2368)
calls=5 0 
* 455 145 75 1 1
* 10 5
fi=(282)
54 15 9 9 3 1 0 1
cob=(1)
cfi=(279)
cfn=(2362)
calls=3 -15 
* 282 87 45 4 3 0 2
+7 9 6
fe=(237)

fl=(330) ./string/../string/strstr.c
fn=(2672) __GI_strstr
77 16 0 12 2 0 0 1
+5 2 2 0 0 2
-5 6 2 2
+5 4
+2 8 0 2 0 0 1
cob=(2)
cfi=(51)
cfn=(2674) 0x0000000004bb6600
calls=2 -84 
* 46 8 0 6 2 0 2
* 2 0 0 2 0 0 1
+1 4
+44 2 0 0 2 0 0 1
+32 24 18

fl=(115) ./string/../sysdeps/x86_64/multiarch/strchrnul.c
fn=(370) strchrnul
31 1 0 0 1 0 0 1
fi=(84)
+2 5 2
-1 2
+2 3 1 0 1 0 0 1
+2 2
+4 3
+3 4
fe=(115)
-12 1 1

fl=(363)
fn=(3814)
76 14 0 7 1 0 0 1
+1 7
-1 7
+1 21 0 7 0 0 1 0 0 1
fi=(364) ./posix/../malloc/dynarray-skeleton.c
243 7 7
fe=(363)
65 14
+38 28 7 7 1 0 0 1
+1 14 14

fl=(217) ./stdlib/../sysdeps/x86_64/rshift.S
fn=(1748) __mpn_rshift
28 36194 0 0 11 0 0 1
+1 36194
+1 36194
+1 36194
+2 4 4
+1 4 4
+1 4
+1 4
+1 4 4
+1 4
+1 4
+1 4
+1 4
+3 36190 0 0 11 0 0 1
+1 36190
+1 4 4
+1 4
+1 4
+1 4
+1 4
+1 4 4
+1 4 4
+1 4
+1 4
+1 4
+6 36186 0 0 12 0 0 1
+1 36168 36168
+1 36168 36168
+1 36168
+1 36168
+1 36168
+1 36168
+5 36168
+1 36168 0 36168
+1 36168
+1 36168 0 36168
+1 36168 36168
+4 18 18 0 5 0 0 1
+1 18 18
+1 18
+1 18
+1 18 18
+1 18
+1 18
+1 22
+3 4
+1 4 4
+1 4 0 4
+1 4
+1 4 4
+1 4 0 4
+1 4
+1 4 4
+1 4 0 4 4 0 0 1
+1 4
+1 4 4
+1 4 0 4
+1 4
+1 4
+1 4
+1 4
-15 20
+1 20 20
+1 20 0 20
+1 20
+1 20 20
+1 20 0 20
+1 20
+1 20 20
+1 20 0 20
+1 20
+1 20 20
+1 20 0 20
+1 20
+1 20
+1 20
+1 20
-9 4
+1 4 4
+1 4 0 4
+1 4
+1 4 4
+1 4 0 4
+1 4
+1 4
+1 4
+1 4
-6 4
+1 4 4
+1 4 0 4
+1 4
+1 4
+1 4
+1 4
+2 26 0 0 1
+1 26 0 26
+1 26
+1 26 0 26
+1 26
+1 26 0 26
+1 26 26

fl=(278) ./elf/./elf/dl-sym.c
fn=(2338) _dl_sym
194 165 15 75 4 0 0 1
88 15 0 15
+7 30 0 0 2 0 0 1
+34 30
+24 135 15 30
-60 15
+60 15 15 15
cob=(1)
cfi=(79) ./elf/./elf/dl-lookup.c
cfn=(280) _dl_lookup_symbol_x
calls=15 840 
* 11401 2510 1233 122 131 13 23 11
* 36 24 0 2 0 0 1
+4 12 12
+16 12
-16 24
+5 12 12
51 24 12
162 24
+6 72 24 0 0 2
+2 12 0 12
fi=(325) ./elf/./dl-sym-post.h
41 24 0 0 2 0 0 1
+12 48 24 0 0 1
fe=(278)
196 108 84

fl=(86) ./string/../sysdeps/x86_64/multiarch/strcmp.c
fn=(300) strcmp
65 4 0 0 3 0 0 1
-24 8 8 0 0 1
+1 4 4 0 0 1
-1 8
+1 8 0 0 3 0 0 1
+2 8
+5 12
+3 12 0 0 3 0 0 1
+13 4 4

fl=(108) ./string/../sysdeps/x86_64/multiarch/strcat.c
fn=(352) strcat
29 1 0 0 1 0 0 1
fi=(101)
+7 2 2
+1 1 1
-1 2
+1 2
+2 2 0 0 1 0 0 1
+4 3
+3 3
fe=(108)
-17 1 1

fl=(207) ./libio/./libio/vsnprintf.c
fn=(1716) vsnprintf
123 78323 0 0 24908 0 0 1
+1 156646
cfn=(1718) __vsnprintf_internal
calls=78323 -29 
* 183638602 38403728 26451940 129912 177 146 226 20 4

fn=(1718)
95 1096522 78323 548261 35 0 2 2
+4 78323 0 78323 0 0 3
+5 234969
+9 156646 0 0 21 0 0 1
-3 626584 0 156646 0 0 2
cfi=(208)
cfn=(1720)
calls=78323 563 
* 3602858 626584 1409814 41 5 7 5 1
+3 234969
-2 78323
+2 78323
-2 78323 0 78323 12 0 0 1
+1 78323 0 78323
+1 78323 0 78323
cfi=(209)
cfn=(1724)
calls=78323 -77 
* 5639256 939876 1174845 102 0 5 6
+1 391615 0 78323
cfi=(210)
cfn=(1728)
calls=78323 1180 
* 169932077 35819069 22692436 129289 172 127 210 19 4
+2 234969 156646
+1 156646 78323 78323
+2 861553 704907 0 412 0 0 1

fl=(327)
fn=(3154)
168 10 0 4 2 0 0 1
+1 4 2 0 2 0 0 1
+7 2 0 0 2 0 0 1
-1 4
+1 4 4
-1 2
cfi=(208)
cfn=(3156) _IO_default_finish
calls=2 601 
* 32 12 2 4 0 0 2

fn=(3530) _IO_file_write@@GLIBC_2.2.5
1173 126 0 72 4 0 0 1
+2 108
+5 18 0 18
cfi=(353) ./io/../sysdeps/unix/sysv/linux/write.c
cfn=(3532) write
calls=18 25 
* 162 36 0 5 0 0 2
+1 36
+5 18
+1 18
-12 36
+4 54 18 0 3 1 0 1
+1 36 18
+10 54 18
+3 108 90
-4 54 0 0 3 0 0 1

fn=(2666) _IO_file_fopen@@GLIBC_2.2.5
213 22 2 14 2 0 0 1
+9 4 2
+2 14 2 0 1 2 0 0 2
356 24 18 0 1 0 0 1
224 3 0 0 1
+23 12 2 0 1 0 0 1
+33 8 0 2 2 0 0 1
cfn=(2668) _IO_file_open
calls=2 -98 
* 185 47 37 13 0 2 7
* 2
+3 4
+3 6 0 2
cfi=(330)
cfn=(2672)
calls=2 77 
* 114 30 16 12 4 1 5
* 2
+1 4
-40 4 0 0 2 0 0 1
-19 1 0 0 1 0 0 1
-1 1
-13 2

fn=(3146)
128 8 0 6 2 0 0 1
+2 6 2
+4 4 2
+3 2
-3 2
-1 4
+6 2
+3 2 0 0 2 0 0 1
-3 2 0 2
cfi=(208)
cfn=(3148) _IO_unsave_markers
calls=2 960 
* 20 8 2 4 2 0 2
+3 6 4
fi=(337)
940 6
+2 4
+1 4
fe=(327)
142 4 2 2 0 2
cfn=(3150) _IO_file_close
calls=2 1164 
* 18 4 0 4 0 0 1
* 2 0 0 2 0 0 1
+3 6 2 0 0 2
+8 10 0 2 2 0 0 1
cfi=(208)
cfn=(1726)
calls=2 329 
* 48 10 8 2
+1 2
+3 2
-3 6 0 6
+3 2 0 2
cfi=(208)
cfn=(3142)
calls=2 53 
* 8 4
+5 2
-4 2 0 2
+1 2 0 2
+3 2 0 0 2 0 0 1
-2 2 0 2
+3 10 8

fn=(3150)
1164 2 0 0 2 0 0 1
+3 4 2
cfi=(308) ./io/../sysdeps/unix/sysv/linux/close_nocancel.c
cfn=(2472) __close_nocancel
calls=2 25 
* 12 2 0 2

fn=(3498) _IO_file_stat
1146 1 0 0 1 0 0 1
+1 2 1
cfi=(350) ./io/../sysdeps/unix/sysv/linux/fstat64.c
cfn=(3500) fstat
calls=1 29 
* 15 1 0 3

fn=(3974) _IO_file_setbuf@@GLIBC_2.2.5
381 3 0 1 1
+1 1 0 1
cfi=(208)
cfn=(3976) _IO_default_setbuf
calls=1 +70 
* 69 16 14 4 0 0 4
* 2
+3 1 1
+4 2
-2 3 0 3 1 0 0 1
+3 2 2

fn=(3526) _IO_file_sync@@GLIBC_2.2.5
792 135 0 54 3 0 0 1
+5 108 54 0 4 1 0 1 1
+1 51 17
+1 27 27
+1 54 27
+11 54 0 27 4 0 0 1
+4 108 81
-17 34 0 17 5 0 0 1
cfn=(3502) _IO_do_write@@GLIBC_2.2.5
calls=17 423 
* 1870 459 272 34 1 0 10
* 34

fn=(3492) _IO_file_overflow@@GLIBC_2.2.5
731 10 0 6 1 0 0 1
+1 8 2
+7 8 2
+37 1 1
-2 4
-32 2 0 0 1 0 0 1
+12 2 0 0 1 0 0 1
+9 3 1
+5 3 1 2
+2 2
-3 2 0 1
+3 1 0 1
+1 1 1
-6 1 0 1
+1 1 0 1
+5 4 0 0 1 0 0 1
+16 2 2 0 1
-12 2
+1 2
+11 4 4
-12 2
cfn=(3502)
calls=2 423 
* 115 28 16 6 0 0 1
-31 2 0 1 1 0 0 1
cfi=(208)
cfn=(3494) _IO_doallocbuf
calls=1 343 
* 726 120 85 17 7 3 8
+1 1 1
+9 1 1
-9 5 0 2

fn=(3490) _IO_file_xsputn@@GLIBC_2.2.5
1197 4265 0 3412 2 0 0 1
+7 853
-7 2559 0 1706
+6 3412
+9 1706 853
-2 3412 853
+17 2559 853
+1 852 0 0 1
+3 2556
+2 852
+2 852
+2 1704
-2 852
+1 852
+1 852
-2 852 0 852 0 0 2
cob=(2)
cfi=(51)
cfn=(1760) 0x0000000004bb63e0
calls=852 0 
* 15687 3006 1302 2 13 74 0 2
* 852 0 852
+4 1704
+28 7677 5971 0 1 0 0 1
-36 1 0 0 1 0 0 1
+12 1 1
fi=(337)
940 3
+2 2 0 0 1 0 0 1
+1 2
fe=(327)
1243 1 1 0 1
fi=(337)
940 3
+2 2 0 0 1
+1 2
fe=(327)
1243 6 2 2
cfn=(3492)
calls=2 731 
* 915 164 116 29 7 3 14
* 4
+6 4 4
+1 14
+2 4
+11 6 0 0 2 0 0 1
+1 8 0 2
cfi=(208)
cfn=(1734)
calls=2 371 
* 153 26 22 10 1 0 0 1
+2 6

fn=(3502)
423 19 0 0 3 0 0 1
+2 57
+1 1 1
-3 18 0 18 3 0 0 1
fi=(337)
940 18
fe=(327)
423 36 0 36
fi=(337)
940 18
fe=(327)
423 18 0 18
fi=(337)
940 36
fe=(327)
423 90 0 36
+20 18 18
-10 36 18
+7 72 36 0 4 0 0 1
fi=(337)
942 36 0 0 5 0 0 1
+1 36
fe=(327)
448 72 18 18
cfn=(3530)
calls=18 1173 
* 828 180 90 15 1 0 5
* 18
+1 90 18
+2 18 18
+4 36 18 0 5 0 0 1
-3 36 0 18
-1 36 0 36
+4 54 18
-2 18 0 18
-28 72
+1 144 126
+28 54 18 0 5 0 0 1

fn=(2668)
182 4 0 2 2 0 0 1
+3 2
-3 14 0 4 0 0 1
+2 4 2
+4 2 0 2
cfi=(329) ./io/../sysdeps/unix/sysv/linux/open64.c
cfn=(2670) open
calls=2 30 
* 71 15 11 7 0 1 4
* 2
+1 4 0 0 2 0 0 1
+3 4 2
+3 2
-4 2 0 2
+1 8 0 2
+3 4
+10 4 0 2 2 0 0 1
cfi=(208)
cfn=(2660) _IO_link_in
calls=2 87 
* 48 20 12
+1 2
+1 8 8

fn=(2658) _IO_new_file_init_internal
106 2 0 0 2 0 0 1
+5 2 0 2
-5 4 0 2
+4 2 0 2
+3 2 0 2
cfi=(208)
cfn=(2660)
calls=2 -26 
* 208 62 66 18 7 0 9 1
+1 2 0 2
+1 4 4

fl=(335)
fn=(3102)
117 40 0 0 6 0 0 2
+5 8 8

fl=(349) ./libio/./libio/filedoalloc.c
fn=(3496) _IO_file_doallocate
78 9 1 4 1 0 0 1
+6 4 2 0 1 1 0 1
fi=(337)
940 3
+2 2
+1 2
fe=(349)
84 3 1 1 0 1
cfi=(327)
cfn=(3498)
calls=1 1146 
* 18 2 0 4 0 0 1
* 2
+2 4 1 0 1 0 0 1
+11 4 1
+4 2 0 1
cob=(2)
cfi=(51)
cfn=(2352)
calls=1 0 
* 607 93 70 4 4 3
* 1
+1 2
+2 4 0 1
cfi=(208)
cfn=(1726)
calls=1 329 
* 24 5 4 2
+1 1 0 0 1 0 0 1
+1 8 6

fl=(188)
fn=(984)
36 128 0 0 1 0 0 1
+1 128 128 0 0 1
-1 128
+1 256 128 0 1 0 0 1
+2 128 128

fl=(226) ./stdlib/../sysdeps/ieee754/ldbl-96/mpn2ldbl.c
fn=(1794) __mpn_construct_long_double
30 14 0 0 13 0 0 1
+4 14
+5 14 14
-5 42
+5 14 0 14
-5 14 0 14
+12 28 28

fl=(155) ./ctype/./ctype/ctype-info.c
fn=(512) __ctype_init
29 1 0 0 1 0 0 1
+2 7 5 1 0 4
+2 4 2 1 0 1
+2 4 2 1 1 0 0 1
+1 1 1

fl=(294)
fn=(2426)
26 22 2 10 3 0 0 2
+4 2 0 0 1 0 0 1
+1 4
-1 10 0 8
+1 2 0 2
cfi=(295)
cfn=(2428)
calls=2 +3 
* 5407 1068 805 93 24 20 33 3 12
+4 10 6 0 1 0 0 1

fl=(81) ./string/../sysdeps/x86/cacheinfo.c
fn=(290) __x86_cacheinfo
86 1 0 0 1 0 0 1
fi=(82) ./string/../sysdeps/x86/cacheinfo.h
-25 1 1 0 0 1
+3 3 1 0 0 1
+2 1
+1 1 0 1 1 0 1 1 0 1
-1 2 0 1
+7 3 1
+2 1
+1 1 0 1
-1 2 0 1
+5 2 1 1 1 0 1 1 0 1
+2 2 1 1 0 0 1 0 0 1
+1 2 1 1 0 1
+1 2 1 1
+2 2 1
fe=(81)
* 2 1

fl=(284) ./debug/./debug/strcpy_chk.c
fn=(2378) __strcpy_chk
27 6 0 2 1 0 0 1
+1 2
-1 8 0 4
+1 2 0 2 0 0 1 0 0 1
cob=(2)
cfi=(51)
cfn=(1000)
calls=2 -28 
* 56 10 0 1
+1 4
+4 2 2
-1 4 0 0 1 0 0 1
+1 2 2
-1 2
+1 2 2
-1 2
cob=(2)
cfi=(51)
cfn=(1784)
calls=2 -32 
* 48 14 8 4 1 1 0 0 1

fl=(109) ./string/../sysdeps/x86_64/multiarch/strncase_l.c
fn=(356) strncasecmp_l
31 1 0 0 1 0 0 1
fi=(366)
+1 5 2
fe=(109)
-1 1 1 0 1 0 0 1

fl=(277) ./dlfcn/./dlfcn/dlsym.c
fn=(2334) dlsym@@GLIBC_2.34
64 135 15 60 3 0 3 1
fi=(367)
1388 30 30 0 0 1
fe=(277)
65 30 15 0 0 1
+3 15 15
-20 15 0 15 3 0 0 1
+6 15
-7 15 0 15
+5 60 15 15 0 1
cfi=(240) ./nptl/./nptl/pthread_mutex_lock.c
cfn=(2094) pthread_mutex_lock@@GLIBC_2.2.5
calls=15 +25 
* 606 153 66 11 2
+2 45 0 15
cfi=(237)
cfn=(2082)
calls=12 +59 
* 8832 2282 1368 99 85 15 2 5
cfi=(237)
cfn=(2083)
calls=3 +59 
* 5908 1254 669 60 58 3 28 6
+2 15
-2 30 15
+2 15 0 15 2 0 0 1
cfi=(241)
cfn=(2110)
calls=15 367 
* 474 99 51 5
+13 120 75

fn=(2336) dlsym_doit
37 45 0 15 3 0 0 1
+3 60 45 15
cfi=(278)
cfn=(2338)
calls=15 194 
* 12214 2747 1380 132 134 13 27 11
* 12 0 12
+1 24 24

fl=(290) ./locale/./locale/localename.c
fn=(2412) __current_locale_name
24 8 0 0 1 0 0 1
+1 32 24 0 1 1 0 1
+1 8 8

fl=(267) ./nptl/./nptl/pthread_self.c
fn=(2222) pthread_self
23 4 0 0 3 0 0 1
+2 8 8

fl=(326) ./libio/./libio/iofopen.c
fn=(2656) fopen@@GLIBC_2.2.5
85 12 0 6 2 0 0 1
-20 2 0 0 2 0 0 1
+20 4 0 2
-20 2 0 2
cob=(2)
cfi=(51)
cfn=(2352)
calls=2 -65 
* 445 72 56 17 16 2
+2 6
+3 2
+2 4
-2 2 0 2 0 0 2
+2 10 0 2 2 0 0 1
cfi=(208)
cfn=(1720)
calls=2 563 
* 110 16 54 4 1 9
+1 2
+1 2
-1 2 0 2
+1 2 0 2
cfi=(327)
cfn=(2658)
calls=2 +32 
* 226 66 76 20 7 0 10 1
+1 10 0 2
cfi=(327)
cfn=(2666)
calls=2 213 
* 412 103 71 36 6 3 18 2
* 4
-38 4 2
+50 14 10 0 2 0 0 1

fl=(173)
fn=(654)
313 1 0 1 1 0 0 1
fi=(172)
3162 3 0 0 1 0 0 1
fe=(173)
313 5 1 2
+5 1 0 1
fi=(172)
3162 2 0 1
cfi=(174)
cfn=(656)
calls=1 28 
* 9 2 0 2 0 0 2
* 2
fe=(173)
343 2 1 0 2 0 0 2
+4 3 1 1 0 1
fi=(172)
1966 4
+3 1
-3 1
+3 2 0 1 0 0 1 0 0 1
-3 2 0 0 1 0 0 1
+3 126
-3 126
+3 252 0 126 0 0 32 0 0 31
-3 252
fe=(173)
352 3
fi=(172)
1977 1 0 1 0 0 1 0 0 1
+1 1 0 1 0 0 1 0 0 1
+2 1 0 1
fe=(173)
352 1 0 1
cob=(2)
cfi=(51)
cfn=(520) 0x0000000004bb6650
calls=1 0 
* 23 5 1 0 1
+1 4 0 1 1 0 0 1
cob=(2)
cfi=(51)
cfn=(520)
calls=1 0 
* 22 5 1 0 1
+1 4 0 1
cob=(2)
cfi=(51)
cfn=(520)
calls=1 0 
* 23 5 1 0 1
+1 4 0 1
cob=(2)
cfi=(51)
cfn=(520)
calls=1 0 
* 23 5 1 0 1
+1 4 0 1 1 0 0 1
cob=(2)
cfi=(51)
cfn=(520)
calls=1 0 
* 22 5 1 0 2 0 0 1
+1 4 0 1
cob=(2)
cfi=(51)
cfn=(520)
calls=1 0 
* 23 5 1 0 1
+1 4 0 1
cob=(2)
cfi=(51)
cfn=(520)
calls=1 0 
* 23 5 1 0 1
+2 4 0 1 1 0 0 1
cob=(2)
cfi=(51)
cfn=(520)
calls=1 0 
* 23 5 1 0 2 0 0 1
+1 4 0 1
cob=(2)
cfi=(51)
cfn=(520)
calls=1 0 
* 23 5 1 0 2 0 0 1
+1 4 0 1
cob=(2)
cfi=(51)
cfn=(520)
calls=1 0 
* 23 5 1 0 1
+3 4 0 1
cob=(2)
cfi=(51)
cfn=(520)
calls=1 0 
* 23 5 1 0 1
+1 4 0 1 1 0 0 1
cob=(2)
cfi=(51)
cfn=(520)
calls=1 0 
* 23 5 1 0 2 0 0 1
+1 2 1 0 0 1 0 0 1
+63 7 5

fl=(182) ./locale/./locale/newlocale.c
fn=(892) newlocale
43 17 1 8 2 0 0 2
+12 2
+8 2
+3 3
+6 2 0 0 1 0 0 1
277 12 9 0 1 0 0 1
73 1 1 0 1 0 0 1
+2 1
-2 4 1
-17 2 0 1 1 0 0 1
+17 2 1 0 1 0 0 1

fl=(332) ./io/../sysdeps/unix/sysv/linux/read.c
fn=(2738) read
25 70 0 0 5 0 0 1
+1 420 70
+1 70 70

fl=(352) ./libio/./libio/iofflush.c
fn=(3524) fflush
32 26 0 0 5 0 0 1
+1 52
-1 78 0 78 4 0 0 1
+7 364 130 78 3 5 0 1
+1 26 26 0 0 2
fi=(337)
940 78
+2 52
+1 52
fe=(352)
40 52 26 26 0 3
cfi=(327)
cfn=(3526)
calls=26 792 
* 2457 658 367 50 2 0 14 1
* 52
fi=(337)
883 52 26
+1 234 78 78 4 0 0 1
fe=(352)
44 130 104

fl=(171) ./stdlib/./stdlib/cxa_atexit.c
fn=(624) __cxa_atexit
69 441 0 196 4 0 0 1
-28 98
+2 294 0 49 0 0 5
+1 98 0 49 4 0 0 1
cfn=(626) __new_exitfn
calls=49 +38 
* 2996 702 481 65 31 22 5
+2 98
+10 49 49
+2 49 0 49
-5 147 49
+3 49 0 49 0 0 16 0 0 13
-1 49 0 49
+4 98 49 49
+1 49
-1 98 0 0 6 0 0 1
+12 294 196

fn=(626)
82 49 0 0 4 0 0 1
+6 98 49
-6 196 0 98
+11 196 49 0 0 3
-10 98
+12 98 49 0 6 4 0 1
+1 240 48 0 0 2
-1 98
-2 1 1
+10 1 0 1
-10 3
+13 96 0 0 3
+25 47
+1 94 0 47
-1 94
+7 47 0 47 0 0 6
+5 47
-4 47 0 47
+4 188 141
-5 2 0 2 1 0 0 1
+5 2
-4 2 0 2
+4 8 6
-33 3 0 0 1
+4 3 0 1
cob=(2)
cfi=(51)
cfn=(2520) 0x0000000004bb6400
calls=1 0 
* 1227 359 232 49 22 16 1
* 1
+1 2
+2 1 0 1
+1 1 0 1
+7 1 0 1
-1 1
+1 2 0 1 1 0 0 1
-1 1
+1 1

fl=(222) ./stdlib/./stdlib/strtod.c
fn=(1780) strtold
81 14 0 0 13 0 0 1
+1 56 28
cfi=(223) ./stdlib/../stdlib/strtod_l.c
cfn=(1782) ____strtold_l_internal
calls=14 508 
* 7589 1305 850 575 12 19 73 6 18

fl=(193) ./string/../sysdeps/x86_64/multiarch/memmove-vec-unaligned-erms.S
fn=(1336) __memcpy_avx_unaligned_erms
307 497256 0 0 3 0 0 1
+1 497256
+6 497256
+1 497256
+2 1438 1438 0 0 534 0 0 4
+1 1438
+1 1438
+3 88 88
+1 88 0 88 0 0 3 0 0 1
+1 88 0 88 0 0 1
+3 176 88
+30 495818
+1 495818
+2 477410
+1 477410
+2 251862
+4 251862
+1 83969 0 0 3
+1 83969
+1 83969 83969 0 0 3
+1 83969
+1 2830 2830
+1 2830 0 2830
+2 2830 0 2830
+2 2830 2830
-2 81139 0 81139 0 0 54
+2 81139 81139
+6 167893 167893 0 60 1275 0 1 130
+1 167893 167893
+1 167893 0 167893 0 0 19 0 0 10
+1 167893 0 167893
+1 167893 167893
+7 18408 18408 0 5 7 0 0 2
+1 18408 18408 0 0 1 0 0 1
+1 18408 0 18408 0 0 8
+1 18408 0 18408 0 0 3
+2 18408 18408
+17 225548 225548 0 7 551 0 1 5
+1 225548 225548
+1 225548 0 225548 0 0 939 0 0 2
+1 225548 0 225548 0 0 233
+1 225548 225548
+7 36 36 0 1 1 0 0 1
+1 36 36
+1 36 0 36 0 0 9 0 0 5
+1 36 0 36 0 0 5 0 0 1
+1 36 0 36 0 0 1
+1 36 0 36
+1 72 36
+5 1350 1350 0 162 0 0 1
+1 1350
+5 1316
+1 1316
+2 45 45 0 0 1 0 0 1
+1 45
+1 45
+2 9 9
+1 9 9
+1 9 9
+1 9 9
+1 9 9
+1 9 9 0 4 0 0 1
+1 9 0 9
+1 9 0 9 0 0 1
+1 9 0 9 0 0 5 0 0 1
+1 9 0 9
+1 9 0 9 0 0 5 0 0 1
+1 9 0 9
+1 9 0 9 0 0 5 0 0 1
+1 9 0 9
+1 18 9
+4 1271 0 0 154
+1 1271
+4 1271
+2 1271 0 0 206 0 0 1
+4 1271 1271 0 0 319
+1 1271
+11 1271
+3 1271
+2 1271
+2 1271
+4 1271
+1 1271
+9 1160 1160 0 0 404
+1 1160 1160 0 0 401
+2 1160
+2 1160
+1 1160 1160 0 106 3 0 1
+1 1160 1160 0 0 401
+3 1160
+2 1160
+2 1160
+2 2320
+6 1160 1160 0 0 302
+1 1160 1160 0 0 202
+1 1160 1160 0 0 404
+1 1160 1160 0 0 202
+1 1160
+1 1160 0 1160 0 0 223 0 0 2
+1 1160 0 1160 0 0 615
+1 1160 0 1160 4 0 429 1 0 2
+1 1160 0 1160 0 0 615
+1 1160
+1 1160
+1 1160
-11 26401 26401 0 0 5460
+1 26401 26401 0 0 4444
+1 26401 26401 0 0 4754
+1 26401 26401 0 0 4243
+1 26401
+1 26401 0 26401 0 0 9837 0 0 20
+1 26401 0 26401 0 0 14091
+1 26401 0 26401 0 0 9929 0 0 20
+1 26401 0 26401 0 0 13496
+1 26401
+1 26401
+1 26401
+2 1160 0 1160 0 0 24
+1 1160 0 1160 0 0 19 0 0 2
+1 1160 0 1160 0 0 1
+1 1160 0 1160
+2 1160 0 1160
+4 2320 1160
+13 111 111
+1 111 111 0 0 2
+2 111 0 0 6 0 0 1
+1 111 111
+1 111 111
+2 111
+2 111
+2 222
+6 111 111
+1 111 111
+1 111 111
+1 111 111
+1 111
+1 111 0 111 0 0 9 0 0 2
+1 111 0 111 5 0 5 1 0 1
+1 111 0 111 0 0 6 0 0 1
+1 111 0 111 0 0 5 0 0 1
+1 111
+1 111
+1 111
-11 2737 2737
+1 2737 2737 0 0 76
+1 2737 2737
+1 2737 2737 0 0 68
+1 2737
+1 2737 0 2737 0 0 286 0 0 62
+1 2737 0 2737 0 0 151 0 0 30
+1 2737 0 2737 0 0 286 0 0 62
+1 2737 0 2737 0 0 150 0 0 30
+1 2737
+1 2737
+1 2737
+2 111 0 111 0 0 1 0 0 1
+1 111 0 111 0 0 5 0 0 1
+1 111 0 111
+1 111 0 111
+2 111 0 111 0 0 1
+1 222 111
+9 34 34 0 6 13 0 1 1
+7 34
+1 34
+6 14
+3 14
+2 14
+3 14
+1 14
+2 14
+2 1461814 1461800 1461800 0 22657 22846 0 0 17140
+2 14 0 14 0 0 11
+2 14 0 14 0 0 5
+2 28 14 0 0 14
+5 34 0 0 10 0 0 1
+1 34
+4 34
+2 34
+3 34
+4 34 34 0 0 29
+1 34
+3 34 34
+1 34
+24 20
+2 20
+2 20
+2 20 0 0 3 0 0 1
+3 20
+1 20
+2 901290 901270 901270 0 13518 13900 0 542 7657
+3 20 0 20 0 0 16 0 0 1
+2 20 0 20 0 0 7
+2 40 20 0 0 16

fn=(1762) __mempcpy_avx_unaligned_erms
294 79173 0 0 11 0 0 1
+1 79173
+1 79173
+1 79173
+17 79173
+1 79173
+2 2 2
+1 2
+1 2
+38 79171
+1 79171
+2 79158
+1 79158
+2 78727
+4 78727
+1 78716 0 0 1
+1 78716
+1 78716 78716 0 0 4 0 0 1
+1 78716
+1 1 1
+1 1 0 1
+2 1 0 1
+2 1 1
-2 78715 0 78715 0 0 2
+2 78715 78715
+6 11 11 0 1
+1 11 11
+1 11 0 11
+1 11 0 11
+1 11 11
+7 13 13 0 0 2
+1 13 13 0 0 2 0 0 1
+1 13 0 13 0 0 2
+1 13 0 13
+2 13 13
+17 431 431 0 0 3
+1 431 431
+1 431 0 431 0 0 47
+1 431 0 431 0 0 23
+1 431 431
+7 2 2
+1 2 2
+1 2 0 2
+1 2 0 2
+1 2 0 2 0 0 1
+1 2 0 2
+1 4 2
+5 2 2
+1 2
+5 2
+1 2
+2 2 2
+1 2
+1 2

fl=(334)
fn=(3042)
47 16 0 0 3 0 0 1
+3 16
+8 32
+2 8 8

fl=(287) ./intl/./intl/dcigettext.c
fn=(2404) __dcigettext
485 64 4 44 2 0 0 2
+9 4 0 4
+14 12
+4 16
+9 8 4
+4 4
-4 8 4 4 1 0 0 1
+4 4 0 4 0 0 1 0 0 1
cfi=(288)
cfn=(2406)
calls=4 23 
* 104 32 16 2 2 0 2
+3 8 0 4
cfi=(288)
cfn=(2406)
calls=4 23 
* 104 32 16 0 2
+19 4 4
-13 4
+11 4 0 4
-11 4 4
+10 4 0 4
+7 4
-4 4 0 4
-1 4 0 4
+5 4 0 4 1 0 0 1
cfi=(290)
cfn=(2412)
calls=4 24 
* 24 16 0 2 1 0 2
+16 4
-16 4 0 4
+9 4 0 4
+7 4 0 4
cfi=(288)
cfn=(2406)
calls=4 23 
* 104 32 16 0 2
+2 16 0 4
cfi=(291)
cfn=(2414)
calls=4 372 
* 88 24 16 3 0 0 3
+2 4
-2 8 0 4 1 0 0 1
+2 4 0 4
cfi=(292) ./nptl/./nptl/pthread_rwlock_unlock.c
cfn=(2416) pthread_rwlock_unlock@@GLIBC_2.34
calls=4 30 
* 160 28 12 4 0 0 3
+2 8
+28 20 8 0 0 1
fi=(293) ./intl/../include/../locale/localeinfo.h
206 24 8 0 2 1 0 2 1
fe=(287)
1539 4 0 4
cfi=(290)
cfn=(2412)
calls=4 24 
* 24 16
+29 4 4 0 0 1 0 0 1
-29 4
+29 12 4
650 8 0 4
cob=(2)
cfi=(51)
cfn=(1000)
calls=4 0 
* 64 12 0 0 1 0 0 1
+1 4
-1 4 0 4
+1 4 0 4 1 0 0 1
cob=(2)
cfi=(51)
cfn=(1000)
calls=4 0 
* 64 12 0 0 1 0 0 1
* 56 4 0 1 0 0 1
+4 4
-4 4
+4 4
-4 4 0 4
+4 4 0 4
cob=(2)
cfi=(51)
cfn=(2422) 0x0000000004bb6450
calls=4 0 
* 112 24 8 5 2 0 5 1
* 20 4 8
cob=(2)
cfi=(51)
cfn=(1760)
calls=4 0 
* 76 16 8 2
+5 4 0 0 1 0 0 1
-5 4 0 4
+5 4 0 4
cob=(2)
cfi=(51)
cfn=(1000)
calls=4 0 
* 64 12
* 72 0 8 1 0 0 1
+9 12 4
+2 8
+25 16 8 0 1 0 0 1
857 48 36 0 1 0 0 1
-24 8 4 4 1 0 0 1
cob=(2)
cfi=(51)
cfn=(2368)
calls=4 0 
* 24 8 0 1
+2 8 0 4 1 0 0 1
cfi=(292)
cfn=(2416)
calls=4 30 
* 160 28 12
+2 8 0 4
cfi=(292)
cfn=(2416)
calls=4 30 
* 160 28 12
+15 12 8 4
+4 12 4
509 8
616 12 0 4 1 0 0 1
+35 8 0 4 1 0 0 1
+9 8 0 0 1 0 0 1
+24 12 0 4
-1 12 4
+6 4 4 0 0 2
-4 4 0 4
+4 12 4 0 1 0 0 1

fl=(292)
fn=(2416)
30 60 0 24 1 0 0 1
+1 12
+7 12 12
+1 12 12
-1 24
fi=(289)
221 36 12
+11 12 12
-11 36 0 0 2 0 0 1
+15 12
+4 36
+14 36 0 12
+5 24
+16 36
fe=(292)
44 60 36
fi=(289)
243 48 0 0 1 0 0 1
+1 24
fe=(292)

fl=(105) ./string/../sysdeps/x86_64/multiarch/strcasecmp.c
fn=(346) strcasecmp
31 1
fi=(366)
+1 5 2 0 1 0 0 1
fe=(105)
-1 1 1

fl=(165) ./misc/./misc/init-misc.c
fn=(568) __init_misc
30 1 0 0 1 0 0 1
+1 2
-1 4 0 2 1 0 0 1
+1 3 1
+2 3 0 1
cob=(2)
cfi=(51)
cfn=(570) 0x0000000004bb65f0
calls=1 -33 
* 82 6 0 6 3 0 6 2
+4 5 1 1 0 0 1
+1 3 2 1
+2 4 3

fl=(285) ./debug/./debug/strcat_chk.c
fn=(2382) __strcat_chk
25 4 0 0 1 0 0 1
+2 4
-1 4
+11 140 140
-2 140
+2 278
-4 560 0 0 1 0 0 1
+1 33
+14 29 29
+1 29 0 29
+2 58
-3 2 2
+1 2 0 2
+2 4
-5 87
+8 2 2

fl=(355)
fn=(3664) __run_exit_handlers
40 11 0 7 1 0 0 1
+5 2
+3 5 0 1 1 0 1 1
+50 1
-42 1 1 0 0 1
+2 2
-2 1 1
+2 4
+8 144 42 0 0 2
+2 49
+3 49
-3 49 0 49
+3 312 49 0 1 21 0 1
+34 40 0 0 1 0 0 1
+1 40 40
+1 40 40 0 0 1
-2 40 0 40
+7 40
-3 80 40 0 1 0 0 1
+3 120 40 40
+1 120 0 40
cob=(1)
cfi=(361) ./elf/./elf/dl-fini.c
cfn=(3802) _dl_fini
calls=1 -82 
* 3446 971 496 85 90 14 49 0 1
cob=(8)
cfi=(178)
cfn=(3764) CLI::detail::ExistingFileValidator::~ExistingFileValidator()
calls=1 0 
* 178 47 21 1 3 0 1
cob=(8)
cfi=(178)
cfn=(3760) CLI::detail::ExistingDirectoryValidator::~ExistingDirectoryValidator()
calls=1 0 
* 178 47 21 1 3 0 1
cob=(8)
cfi=(178)
cfn=(3756) CLI::detail::ExistingPathValidator::~ExistingPathValidator()
calls=1 0 
* 178 47 21 3 2 0 3
cob=(8)
cfi=(178)
cfn=(3754) CLI::detail::NonexistentPathValidator::~NonexistentPathValidator()
calls=1 0 
* 301 83 36 3 2 0 3
cob=(8)
cfi=(178)
cfn=(3750) CLI::detail::IPV4Validator::~IPV4Validator()
calls=1 0 
* 178 47 21 2 3 0 2
cob=(8)
cfi=(178)
cfn=(3744) CLI::detail::EscapedStringTransformer::~EscapedStringTransformer()
calls=1 0 
* 37 7 3 5 2 0 5
cob=(8)
cfi=(178)
cfn=(3738) CLI::TypeValidator<double>::~TypeValidator()
calls=1 0 
* 178 47 21 5 3 0 5
cob=(8)
cfi=(178)
cfn=(3736) CLI::Range::~Range()
calls=2 0 
* 358 94 42 6 6 0 6
cob=(9) /home/m0hawk/.bridgestan/bridgestan-2.9.0/stan/lib/stan_math/lib/tbb/libtbb.so.2
cfi=(258) /home/m0hawk/.bridgestan/bridgestan-2.9.0/stan/lib/stan_math/lib/tbb/../tbb_2020.3/src/tbb/task_group_context.cpp
cfn=(3734) tbb::task_group_context::~task_group_context()
calls=1 +23 
* 22 9 5 2 2 0 2
cob=(9)
cfi=(358) /home/m0hawk/.bridgestan/bridgestan-2.9.0/stan/lib/stan_math/lib/tbb/../tbb_2020.3/src/tbb/tbb_main.h
cfn=(3706) tbb::internal::__TBB_InitOnce::~__TBB_InitOnce()
calls=1 -40 
* 1508 674 191 41 107 18 18
cob=(10)
cfi=(274)
cfn=(3700)
calls=1 0 
* 705 139 39 7 14 1 5
cob=(7)
cfi=(170)
cfn=(3698)
calls=3 0 
* 6594 2133 1045 52 169 22 22 8
cob=(10)
cfi=(274)
cfn=(3690)
calls=2 0 
* 4020 1124 560 27 36 10 13
cob=(10)
cfi=(274)
cfn=(3682)
calls=1 0 
* 561 177 84 12 10 0 10
cob=(8)
cfi=(178)
cfn=(3680) std::__cxx11::basic_string<char, std::char_traits<char>, std::allocator<char> >::~basic_string()
calls=19 0 
* 114 38 0 1 11 0 1
cob=(10)
cfi=(274)
cfn=(3670)
calls=1 0 
* 599 191 92 12 17 0 11
cob=(10)
cfi=(274)
cfn=(3668)
calls=1 0 
* 664 167 83 10 11 4 2
+1 160 0 40
+10 4 2 2 1 0 0 1
+1 4
-63 1 0 1
+69 4 1 1
+2 2 1
+1 6 1 1 1 1 0 1
cfi=(208)
cfn=(3966) _IO_cleanup
calls=1 863 
* 365 97 85 26 6 0 24 1
* 3
+2 2 0 1
cfi=(365)
cfn=(3978)
calls=1 27 
* 7 1 0 1 1 0 1
-8 2 0 1 1 0 0 1
cob=(2)
cfi=(51)
cfn=(2368)
calls=1 0 
* 159 46 21 0 4
* 1
-82 1 0 1
cfi=(356) ./stdlib/./stdlib/cxa_thread_atexit_impl.c
cfn=(3666) __call_tls_dtors
calls=1 149 
* 12 5 2 2 0 1 2
* 1

fn=(3662)
142 3 1 1 1 0 0 1
+1 3 0 0 1 0 0 1
-1 1
+1 1 0 1
cfn=(3664)
calls=1 40 
* 21703 6449 3114 312 528 71 194 9 1

fl=(164) ./csu/./csu/init-first.c
fn=(566) _init_first
46 4 0 1 1 0 0 1
+5 2 1 0 1 0 0 1
+4 5 4 0 0 2
+8 1 1 0 0 1
-2 1 0 1 0 0 1
+10 1
-9 1 0 1
+1 1 0 1 0 0 1 0 0 1
+9 2 1
-1 1
cfi=(165)
cfn=(568)
calls=1 -41 
* 107 13 5 8 3 1 8 2

fl=(154) ./elf/./elf/libc_early_init.c
fn=(510) __libc_early_init
33 7 1 2 1 0 0 1
+2 1 0 1
cfi=(155)
cfn=(512)
calls=1 -6 
* 17 10 3 2 5 0 2
+3 1 1 0 1 1 0 1
fi=(157) ./elf/../sysdeps/nptl/pthread_early_init.h
-5 2
fe=(154)
+8 1 0 1 0 0 1 0 0 1
-3 1 0 1 0 0 1
fi=(157)
-5 1 0 1
cfi=(156) ./resource/../sysdeps/unix/sysv/linux/getrlimit64.c
cfn=(514) getrlimit
calls=1 +5 
* 10 1 0 1 0 0 1
* 3
+1 6 1
+11 1 1 0 1 1 0 1
fi=(370) ./elf/../nptl/nptl-stack.h
+13 3 2 0 0 1
fi=(157)
-13 1 1
fi=(370)
+13 2
fi=(157)
-4 1 0 1 0 0 1 0 0 1
fi=(370)
+4 2
fi=(157)
-6 1
fi=(370)
+6 1
fi=(157)
-12 1
+6 6 0 1 1 0 0 1
+1 1 0 1
+4 1 0 1
cfi=(158) ./nptl/./nptl/pthread_mutex_conf.c
cfn=(518) __pthread_tunables_init
calls=1 -7 
* 1016 328 150 16 14 13 16 0 2
fe=(154)
-10 3 2
+2 2 1
-2 1
cfi=(161) ./nptl/../sysdeps/unix/sysv/linux/x86/elision-conf.c
cfn=(532) __lll_elision_init
calls=1 +49 
* 147 31 13 3 10 1 3 5 1

fl=(200) ./stdlib/./stdlib/random_r.c
fn=(1410) srandom_r
162 1 0 0 1 0 0 1
+8 2
+2 1 1 0 0 1
+1 2
+7 2
-4 1 1
+4 2 0 1 0 0 1 0 0 1
+1 2
+5 1 1
+16 1
+1 1
-16 5 0 0 1 0 0 1
+5 8
+2 1
-1 2
+1 2 0 0 1 0 0 1
+2 3
+1 2 0 1
-10 2
+5 232
+2 29
-1 58
+1 58
+2 87
+1 58 0 29 0 0 1 0 0 1
-10 58
+13 6 1 1 0 1
+3 1
362 930 310 0 1 0 0 1
+9 310 310
-1 310 310
+2 310 310
+3 620 310 310
+3 310
+4 310
-3 620
+8 600
+3 1200 0 300 1 0 0 1
203 600
390 40 0 10
203 20
+7 22 1

fn=(1418) random_r
354 1 0 0 1 0 0 1
+3 4
+5 1 1
-2 1 1
+2 2
+8 1 1
+1 1 1
+1 1 1 0 1 0 0 1
+3 2 2
+3 1
+4 1
-7 1 0 1
+2 2 0 1
+2 2
+8 2
+3 2
+3 1
-3 1
+8 1
-8 1 0 1
+8 3 1

fl=(196)
fn=(1390)
30 53 0 0 4 0 0 1
+2 53 0 53
+9 53
+1 106 53
+1 53 0 53
+4 53 0 53 0 0 3 0 0 1
+1 53 0 53
+1 53 0 53 0 0 2 0 0 2
+1 53 0 53
+1 53
+2 106 53 0 4 0 0 1
+2 53 0 53 0 0 1
+1 53 53
+1 53
+2 106 53
+2 53 0 53
+5 53 53 0 0 4
+1 53
+17 53 0 0 4 0 0 1
cfi=(197)
cfn=(1392)
calls=53 -56 
* 477 106 106

fl=(198) ./time/../sysdeps/unix/sysv/linux/clock_gettime.c
fn=(1404) clock_gettime@@GLIBC_2.17
30 12809 0 0 3 0 0 1
+8 25618 25618 0 0 13612
+2 25618
+28 25618 0 0 6406 0 0 1
+1 25618
-25 12809
+42 12809 12809

fl=(212)
fn=(1736)
1278 78323 0 0 15 0 0 1
+1 78323 78323
-1 156646
+1 234969 78323
cfn=(1738) __printf_fp_l
calls=78323 216 
* 142049089 29944844 18697963 103464 112 84 173 14 4

fn=(1754) hack_digit
170 4071932 0 2035966 24922 0 1 1
+3 3698657 1340337
+2 1013257 1013257
+2 2026514 2026514
-2 2026514
+8 140490 0 0 5 0 0 1
+21 210729 0 70243
cfi=(216)
cfn=(1746)
calls=70243 31 
* 1475621 210806 140563 3
+1 140486
+1 281660 112664 112664
+4 351215 210729
-23 491715 140490 70245 5 0 0 1
cfi=(231) ./stdlib/./stdlib/divrem.c
cfn=(1810) __mpn_divrem
calls=70245 46 
* 3053934 805372 763748 41 0 11 21 0 2
+2 70245 70245
-2 70245
+2 210735 140490 70245
+1 70245 70245
+2 140490 70245 70245
+1 280980 70245 0 3
+1 4 0 2
-1 140492 70245
+7 140486
-23 943012 0 0 15 0 0 1
+1 2829036
-1 943012 943012
+1 943012 0 943012 1
cfi=(216)
cfn=(1746)
calls=943012 31 
* 19806080 2829407 1886395 11
* 943012 0 943012
+31 943012
+1 4715060 2829036
-37 1929840 321640 321640 4 0 0 1
+37 23630 14178
-11 2 0 2 1 0 0 1
+1 2
+10 10 6

fn=(1738)
216 1253168 78323 704907 29 0 21 2
+50 78323 78323
-9 78323 0 78323 0 0 1
+17 78323 0 78323 21 0 1 1
-8 234969
+32 78323 78323
-21 78323
-11 156646 0 78323
+11 156646
fi=(213) ./stdio-common/../include/../locale/localeinfo.h
+38 234969 156646 78323 0 13
fe=(212)
-35 156646 78323 78323
+18 156646 0 0 22 0 0 1
+8 78323 0 78323
-72 78323 0 78323 0 0 5
-1 78323 0 78323
388 78323 78323
-1 156646
+5 156646 0 0 15 0 0 1
+4 548261 234969 0 23 11 0 2 2
1272 939876 704907 0 14 0 0 1
396 469938 0 78323 35 0 7 2
cfi=(214) ./stdlib/../sysdeps/ieee754/dbl-64/dbl2mpn.c
cfn=(1742) __mpn_extract_double
calls=78323 33 
* 1723106 78323 313292 24923 0 5 2
* 313292
+36 78323 78323
+5 78323
-49 78323 0 78323
+44 313292
+1 78323
+1 156646
+3 939876 0 0 27 0 0 2
+1 78323
-1 78323
+1 234969
-1 78323
+1 156646
-1 78323 0 78323
+1 626584 0 78323 13 0 3 1
+1 78323
-1 156646 0 78323
+1 1018199 0 78323 16 0 6 1 0 1
+6 78323 0 78323
-6 156646 0 78323 6 0 0 1
+7 156646
+17 10407
+4 41628
-4 20814
+16 20819 1 2 4 0 0 1
cob=(2)
cfi=(51)
cfn=(1800)
calls=1 0 
* 21 3 4 3 1 0 2
* 1 1
+11 1 0 0 1 0 0 1
-41 1
+10 1
+31 1 1
-30 7 0 1
+30 10406 0 0 5
-41 10406
+10 10406
+31 10406 10406
-30 72842 0 10406
+33 31221 20814
+41 10407 10407
+1 20814 10407
-1 10407 0 10407
+1 31221 0 10407
cob=(2)
cfi=(51)
cfn=(1784)
calls=10407 0 
* 135302 41631 20816 5 9 0 1 3
+16 41651 20821
+18 5008 5008
-9 5008
+2 10016
-2 124873 0 0 6 0 0 1
+2 249746
-74 249768 249768 0 0 8
-4 124884
+4 509943 10407 0 5 2 0 1
-4 10407
+4 41628
+15 10418 10418
-13 20836
+53 11 11
-2 66 22 11
cfi=(228) ./stdlib/./stdlib/mul.c
cfn=(1804) __mpn_mul
calls=11 48 
* 2107 404 320 34 2 6 12 2 1
+5 22 22
+1 22
-1 4
-1 4 0 4
+6 8 4
+3 27050 10820 10820 11 0 0 2
cob=(2)
cfi=(51)
cfn=(1784)
calls=5410 0 
* 70390 21660 10836 1 0 2 1
+1 16230 16230
+1 16230
+1 5410
+3 5410
-5 5410
+1 5410
+1 10820
-1 5410
+1 5410
+5 10820 0 0 5 0 0 1
+1 20814 10407 10407
+6 20814
+4 5407 5407
+4 5407 5407
-4 5407 5407
+4 10814
-4 54128 10824 0 5 0 0 1
+6 10810
831 78323 78323 0 15 0 0 1
+10 78323 78323
-10 78323 78323
+10 78323 78323
+6 78323 78323
-16 78323 0 78323
+10 156646 78323
+6 78323 0 78323
-6 156646 78323 78323 0 5 0 0 1
+2 156646 0 0 16 0 0 1
+10 156646 78323
+20 469938 0 156646
+1 78323 78323
-13 78323 78323
+13 156646 0 0 19 0 0 1
+1 49608
+13 74106 24702 49404
+7 24702 24702
-8 24702 0 24702
+8 49404 0 24702
+3 148212 74106 24702 9 0 0 1
+3 49404 24702
-6 53518 53518
-8 53518 0 53518
+8 107036 0 53518
+3 321108 160554 53518 7
+3 107036 53518
-3 618 309 103 5
+3 206 103
+15 78323 78323 0 412 0 0 1
-1 313292 78323 78323 24922 0 0 1
+7 78323
fi=(219) ./stdio-common/../sysdeps/pthread/allocalim.h
27 156646 0 78323
cfi=(218)
cfn=(1750)
calls=78323 * 
* 861553 156646 0 35 6 0 2
+2 234969 78323
fe=(212)
932 1409814 0 313292 33 0 0 2
+4 78323 78323
-3 78323
+3 206254 24804
+3 268105 107242 0 11 0 0 1
-6 214484
+9 160863 0 53621
cfn=(1754)
calls=53621 170 
* 2806830 693375 398111 286 0 11 14 0 2
* 16230 0 5410
cfn=(1754)
calls=5410 170 
* 616052 172121 110503 1 0 0 1
* 59031 0 59031
-3 118062
+3 214484 53621 53621 3
+4 321726 160863
+2 107240 53620
-4 53620
+4 53620 0 53620
+14 53620 53620 0 3
-2 160860 0 53620
+1 214480 0 107240
+1 107240 53620
+1 107240
-1 24703 24703 0 3 0 0 1
-2 74109 0 24703
+1 98812 0 49406
+1 49406 24703
+1 49406
-1 9452 4726
+1 3688616 1839582 0 5 0 0 1
+3 880629
-1 880629
+2 880629
-1 880629 0 880629 0 0 1
cfn=(1754)
calls=880629 170 
* 46515875 11395765 6344943 24724 0 1 12
* 880629 0 880629
+3 1820114
-7 2627709 875903
+1 1751806
437 156646 0 78323 15 0 0 1
548 21 0 7 5 0 0 1
963 266196 99141 0 19 0 0 1
+15 234969 156646
+1 313292 0 234969 22 0 0 1
cfn=(1754)
calls=78323 170 
* 4186609 1027902 574425
+2 234969 156646
-2 78323
+2 391615
+2 50043 16681
+3 33360 16680 0 11 0 0 1
-3 15380 15380
+8 70452 17608
-9 16670
fi=(220) ./stdio-common/../sysdeps/generic/get-rounding-mode.h
94 16670 0 16670
+1 66680 16670 0 1
-1 61653 0 61653 9
+1 481581 61653 0 4 0 0 1
fi=(221) ./stdio-common/../include/rounding-mode.h
-43 231370
+6 41318
fe=(212)
1097 81923
+3 8588
-1 8588
-2 190978 86901 0 13 0 0 1
+7 156706 40 0 1
+1 18
+2 234969 78323 0 14 0 0 1
+13 234969 78323 0 18 0 0 1
+2 206 206
+20 103
-20 206 0 0 8 0 0 1
+19 206
+1 103
-1 206 0 103
+5 206
-1 24
+2 24
-1 24
+1 10
-1 22
+9 12
+1 24
-1 60
+1 48 0 12
+1 12
+2 24
-4 5
+1 10
-1 25
+1 20 0 5
+1 5
+2 22 0 12
+1 36 0 12
+6 24 24
+2 24
-2 36 12
-6 273 0 91 1
+6 182 182
+2 182 0 0 1
-2 156713 156531 0 14 0 0 1
+2 156440 0 0 7 0 0 1
-2 305296 78220
+2 176590 35318 35318
+2 282544 70636 0 12 0 0 1
+3 86010 0 0 2 0 0 1
+1 129015 43005
+6 43005 43005
-2 43005
+2 434620 199651 0 7 0 0 1
+8 78323 78323 0 7 0 0 1
+7 78323 78323
-7 156646
+7 156646 78323
+5 234969 78323 156646 14 0 0 1
cob=(2)
cfi=(51)
cfn=(1000)
calls=78323 0 
* 1253168 234969 0 421 15 0 0 1
+2 156646 156646
-2 78323
+2 156646
+5 234969 78323 0 14 0 0 1
+2 78323 78323
-2 78323 0 78323
+2 156646
+11 1253168 0 156646 19 0 0 1
+7 939876 234969 234969 14 0 0 1
+3 1912382
+3 1912382 0 956191
-6 2868573
+1 3103512 1034504 0 5 0 0 1
+1 156626 78313
-2 78313
+2 78313 0 78313
cob=(2)
cfi=(51)
cfn=(1760)
calls=78313 0 
* 1566260 234939 78313 24 10 0 2
* 78313
-2 156626
+10 469938 391615 0 11 0 0 1
+17 391615
+3 234969 78323 0 23 0 0 1
+11 234969 156646
972 4726 4726 0 5 0 0 1
-1 4726 0 4726
+1 9452 0 0 6 0 0 1
+36 37362 37362 0 4 0 0 1
-5 112086 37362
+5 37362
-1 37362
+1 74724 37362
+2 4340 0 4340
-2 8680 4340
+3 4340
-3 92084 0 0 6 0 0 1
+5 174408 70590
+4 74724 0 37362 2 0 0 1
+11 74724 37362
+69 74724
+70 43005 43005
+1 86010 0 0 1 0 0 1
-1 43005
+1 43005
+2 43005
-2 43005 0 43005
+2 215025 86010
260 86010
649 135832 0 0 19 0 0 1
825 172448 0 43112
cfi=(215)
cfn=(1744)
calls=43112 28 
* 689792 86224 43112
* 43112
+1 215560 86224 86224 9 0 0 1
+1 86224 0 43112
551 31236 20824 10412 3
cfi=(230) ./stdlib/./stdlib/cmp.c
cfn=(1808) __mpn_cmp
calls=10412 31 
* 133944 34236 0 10 0 0 1
+3 10412 10412
-3 25828 0 0 4 0 0 1
1151 273 0 91 2 0 0 1
840 156646 0 78323 15 0 0 1
1175 105954
874 107038 53519 0 7
+15 53518 53518
-1 107036 0 53518
+1 160554 0 53518
665 74412 0 0 809 0 0 2
+5 24804
-5 24804 0 24804 0 0 4
cfi=(215)
cfn=(1744)
calls=24804 28 
* 396864 49608 24804 8 0 0 2
+5 24804 24804
-18 24804 0 24804
+10 24804
+3 24804
+1 24804 24804
+24 24804 0 24804
-20 24804
-4 99216 24804 49608 24804 0 0 1
+3 24804 0 24804
+1 49608 0 24804
+15 20 0 4
cfi=(228)
cfn=(1804)
calls=4 48 
* 724 188 128 49 1 0 3
+8 11940 7960 0 10 0 0 1
+1 7960
+3 7960 3980
+1 3980
-1 7960 3980
+1 3980
+8 3980 3980
-7 7960
+7 3980
-9 3980
+2 3980
-2 3980
+2 3980
+7 7960
+22 8484
+61 297155 0 0 7 0 0 1
-2 297155
+2 1139990
675 297155 0 0 10 0 0 1
+2 594310 297155 0 0 24 0 0 5
+7 3980 3980
+1 7960 3980
-1 3980 3980
+4 3980 3980
-4 3980
+2 3980 3980
-2 7960
+6 15904 0 3976 6 0 0 1
cfi=(228)
cfn=(1804)
calls=3976 48 
* 299622 63858 55858 850 5 4
* 3976
+5 11940 0 3980 3
+42 6840
-1 3420
+1 6840 0 3420
+5 10260 0 0 6 0 0 1
-6 3420 0 3420
+6 3420
+3 10576 3448 0 4 0 0 1
+1 24
-38 2304 0 0 4 0 0 1
+4 2304
-2 1152 0 1152
+2 4608 0 1152
+16 3456 0 0 2 0 0 1
+2 2304 1152
+1 506
+1 3 2
1174 301035 86010 86010 1
+3 70636 0 0 3 0 0 1
+77 14796348 3103512 2069008 23 0 0 2
882 103 0 103 8 0 0 1
-4 206 0 103
+3 309 103 103
+2 157058 0 103 18 0 0 1
474 10407 0 0 3
-2 10407
+2 10407
-3 20814
+3 20814
-3 10407
+3 20814
-3 10407 0 10407 0 0 3
cfi=(215)
cfn=(1744)
calls=10407 28 
* 166512 20814 10407 3
+4 93663 20814 10407 4 0 0 1
+1 20814
+1 52030 10406 20812 3
260 70636 0 0 12 0 0 1
947 270515 108848 0 27 0 0 1
-3 2
+12 49404 24702 0 10 0 0 1
-1 49404 0 24702 12 0 0 1
-1 24702 0 24702 0 0 3
+2 24702 0 24702
835 49404 0 24702
983 3 2 0 1
579 4 0 0 2 0 0 1
+16 1
+1 1 1
-1 2
+1 2
+3 1
+9 1
-9 1
+1 2
+8 1
+31 1 0 0 1 0 0 1
-21 2
+19 1
-1 2
+1 1
-1 3 0 1
cfi=(217)
cfn=(1748)
calls=1 28 
* 18 3 2 3
+4 2 1
-1 1 0 1
+1 4 1 1 1
cfi=(217)
cfn=(1748)
calls=1 28 
* 18 3 2
+3 1 1
+1 5 2
-1 10814 0 5406 2
791 72945 24315 0 18 0 0 2
+4 109875 65925 21975
cfi=(216)
cfn=(1746)
calls=21975 31 
* 725203 87904 65929 28 0 0 4
+4 43950 21975
+1 21975
-4 21975 21975
+4 43950 21975
-4 21975 0 21975
+3 21975 21975 0 8 0 0 1
+1 87900
+9 21975 21975 0 6 0 0 1
+1 21975 0 21975
-1 21975 0 21975
+4 152735 24804 24804 8
1203 156646
753 24 0 0 4 0 0 1
+14 24
-19 12 12
+19 24
+13 12 0 0 4
-1 60 0 12
cfi=(217)
cfn=(1748)
calls=12 28 
* 716 156 144 8 0 0 2
* 6790 0 3395 3 0 0 1
cfi=(217)
cfn=(1748)
calls=3395 28 
* 61150 10195 6800 11
+3 3407 3407
+7 3407 3407
-7 10221 0 3407
1171 978 489 0 9
585 91 24 12 2 0 0 2
+1 1 0 1
+1 91 25 12 1 0 0 1
+1 2 0 1
+20 5405 0 0 2
-3 5405
+3 37835 0 0 3 0 0 1
+16 10810
+2 5405
-2 5405 0 5405
cfi=(217)
cfn=(1748)
calls=5405 28 
* 97290 16215 10810 6
+3 10810 5405
-1 5405
+1 5405 5405
-1 5405 0 5405
+1 16215 0 5405
cfi=(217)
cfn=(1748)
calls=5405 28 
* 97290 16215 10810
+2 48633 16215 0 3 0 0 1
1122 408 102 0 14 0 0 2
+20 204
808 65925 21975 21975 11 0 0 1
cfi=(217)
cfn=(1748)
calls=21975 28 
* 395566 65929 43954 16 0 0 3
* 21975
-62 6816 0 0 11 0 0 1
+10 3408
-3 3408
+3 17014 3395
+13 10185
-7 39 13 0 6 0 0 1
+1 13
-1 13 0 13
cfi=(215)
cfn=(1744)
calls=13 28 
* 420 79 66 6 0 0 2
+3 13 13
+24 13 13
-27 13
+2 39 13 13
+1 26 0 13

fl=(214)
fn=(1742)
33 234969 0 0 24908 0 0 1
+4 156646
-2 78323
+2 78323 0 78323
+1 391615 0 78323
+9 156646
+9 78323 0 0 15 0 0 1
-9 78323 0 78323 0 0 5
+9 156646
+47 78323
+4 78323
-4 78323 0 78323
+4 78323 78323

fl=(181) ./nptl/./nptl/cleanup_compat.c
fn=(894) _pthread_cleanup_pop@@GLIBC_2.34
40 1 0 0 1 0 0 1
+3 2 1 1
+4 2
+2 1 1

fn=(878) _pthread_cleanup_push@@GLIBC_2.34
25 1 0 0 1 0 0 1
+3 1 0 1
+1 1 0 1
+1 2 1 1 0 1
+2 1 0 1
+1 1 1

fl=(265) ./nptl/./nptl/pthread_mutex_init.c
fn=(2212) pthread_mutex_init@@GLIBC_2.2.5
53 10 1 5 1 0 0 1
+12 2
+3 5 1
+21 4 0 3 1 0 1 1
+3 3 1
+2 2
+11 4
+31 4
+4 1 0 1
+9 1
+2 1
+1 9 7
-47 2 0 0 1 0 0 1

fl=(359) ./nptl/./nptl/pthread_key_delete.c
fn=(3728) pthread_key_delete@@GLIBC_2.34
25 1 0 0 1
+3 2
+2 5 1 0 1 1 0 1
+2 2
+1 4 0 1
+3 1
+4 1 1

fl=(301) ./posix/../sysdeps/unix/sysv/linux/x86/sysconf.c
fn=(2454) sysconf
32 20 2 10 1 0 0 1
+1 6
fi=(302) ./posix/../sysdeps/unix/sysv/linux/x86/../sysconf.c
+16 16 0 0 1 0 0 1
fi=(303) ./posix/../sysdeps/posix/sysconf.c
+7 18 1 0 2 1 0 2 1
fi=(302)
-7 4 0 0 1 0 0 1
fe=(301)
-12 18 14 0 1 0 0 1
fi=(303)
+19 7 1 0 2 1 0 2 1
217 1 0 1 1 0 0 1
cfi=(311)
cfn=(2492)
calls=1 27 
* 6 3 0 1 0 0 1
* 2
629 1 0 1 1 0 0 1
cfi=(304) ./misc/../sysdeps/unix/sysv/linux/getsysstats.c
cfn=(2460) get_nprocs
calls=1 241 
* 400 68 38 28 7 0 16 1
* 2 0 0 1 0 0 1
fe=(301)

fl=(184) ./locale/./locale/uselocale.c
fn=(968) uselocale
30 156648 0 0 8 0 0 1
+1 469944 313296 0 0 7
+2 313296
+3 313296
+1 156648 0 156648
+28 469944 313296 156648 0 17
+1 469944 313296 156648 13 0 0 1
+2 469944 313296 156648 0 5
+4 469944
+1 156648 156648

fl=(87) ./wcsmbs/../sysdeps/x86_64/multiarch/wcsnlen.c
fn=(302) wcsnlen
29 1 0 0 1 0 0 1
fi=(88) ./wcsmbs/../sysdeps/x86_64/multiarch/ifunc-wcslen.h
+5 4 2
-1 2
+2 3 1 0 1 0 0 1
+2 2
+4 3
+3 3
fe=(87)
-15 1 1

fl=(99) ./wcsmbs/../sysdeps/x86_64/multiarch/wcscmp.c
fn=(332) wcscmp
30 1
fi=(95)
+3 5 2 0 1 0 0 1
-1 2
+2 3 1
+2 2
+4 3
+3 4 0 0 1 0 0 1
fe=(99)
-13 1 1

fl=(166) ./string/../sysdeps/x86_64/multiarch/strrchr-avx2.S
fn=(572) __strrchr_avx2
46 2 0 0 2 0 0 1
+1 2
+1 2
+2 2
+1 2
+3 2
+1 2
+1 2
+2 1 1
+1 1
+1 1
+1 1
+1 1
+1 1 0 0 1 0 0 1
+2 1
+1 1
+12 1
+1 1
+3 1
+1 1
+1 1
+1 1
+4 1 0 0 1 0 0 1
+1 1
+1 1 1 0 0 1
+1 1
+1 1
+1 1
+1 1
+1 1
+1 1
+1 1
+3 1
+1 1
+9 1 0 0 1 0 0 1
+1 1
+3 1
+1 2
+4 1 1 0 0 1 0 0 1
+1 1
+1 1
+1 1
+1 1
+1 1
+1 1
+1 1
-7 4 4 0 1 2 0 0 1
+1 4
+1 4
+1 4
+1 4
+1 4
+1 4
+1 4
+32 5 0 0 2 0 0 1
+1 5
+19 5
+1 5
+1 5
+3 3
+1 3
+1 3
+10 2 0 0 2 0 0 1
+1 2
+1 2
+1 2
+1 2
+2 2
+1 2
+1 2
+1 4 2

fl=(180) ./nptl/./nptl/pthread_once.c
fn=(874) pthread_once@@GLIBC_2.34
136 78337 0 0 13 0 0 1
+3 78337 78337 0 0 8 0 0 1
+1 156674
+4 156672 78336
-1 1
cfn=(876) __pthread_once_slow
calls=1 -75 
* 2094 605 304 21 28 2 21 6

fn=(876)
68 1 0 1 1 0 0 1
fi=(183)
+78 1
+1 1
fe=(180)
-79 8 1 3
+8 1 1
+4 2
+52 9 6
-44 2 1 0 1 1 0 1 1
+4 2 0 1
+9 2
+13 13 0 7 2 0 0 2
cfi=(181)
cfn=(878)
calls=1 -89 
* 7 2 4 1 1 0 1
+2 1 0 1
cob=(7)
cfi=(170)
cfn=(880)
calls=1 0 
* 2026 592 284 14 26 2 14 5
+2 3 0 1
cfi=(181)
cfn=(894)
calls=1 -78 
* 6 2 1 1 0 0 1
fi=(183)
+91 3
fe=(180)
-85 1 0 1 1 0 0 1
fi=(183)
+85 5
fe=(180)

fl=(191) ./string/../sysdeps/x86_64/multiarch/strlen-avx2.S
fn=(1002) __strlen_avx2
50 104766 0 0 8 0 0 1
+13 104766
+1 104766
+1 104766
+3 104766
+2 104766
+1 104766
+3 104766 104766 0 78 13098 0 1 52
+1 104766
+8 104766
+1 104766
+1 104729
+5 209458 104729
+26 14
+13 14
+1 14
+1 14
+6 28 14
+4 11
+13 11
+1 11
+1 11
+6 22 11
+4 6
+13 6
+1 6
+1 6
+6 12 6
+32 37 0 0 19 0 0 1
+15 37 37 0 0 3 0 0 3
+6 37
+1 37
+1 37
+2 23 23 0 0 4 0 0 3
+1 23
+1 23
+1 23
+2 12 12 0 3 2 0 1
+1 12
+1 12
+1 12
+2 6 6
+1 6
+1 6
+1 6
+18 6
+1 12
+14 6 6
+1 6 6
+1 6 6
+1 6 6
+2 6
+1 6
+1 6
+2 6 0 0 1 0 0 1
+1 6
+1 6
-11 259 259
+1 259 259
+1 259 259
+1 259 259
+2 259
+1 259
+1 259
+2 259
+1 259
+1 259
+3 6
+1 6
+1 6
+1 6
+1 6
+2 6
+1 6
+1 6
+1 6
+3 5
+1 5
+3 5
+1 5
+1 5
+1 5
+1 5
+5 10 5
+61 1 0 0 1 0 0 1
+1 1
+1 1
+5 2 1

fl=(208)
fn=(3148)
960 4 0 2 2 0 0 1
+2 2 2
-2 2
+2 2
+5 6 2 0 2 2 0 1
+2 4 4

fn=(3142)
53 4 0 0 2 0 0 1
+1 8 4
+28 4 2 0 1
cfn=(3144) __GI__IO_un_link.part.0
calls=2 -30 
* 208 60 62 18 11 0 7

fn=(3144)
52 4 0 4 2 0 0 1
+7 2
-7 14 2 6 2 0 0 1
+6 12 0 6
cfi=(328)
cfn=(2662)
calls=2 -34 
* 20 6 8 2 4
+1 18 6 4 2 2 0 1
+2 2 2
-1 2 0 2
-1 4 0 2
+2 20 6 2 2 3 0 1
+13 2 2
-13 2 2
+2 2 2 0 0 2
+13 2 0 0 2 0 0 1
-15 4 0 4
+15 2
-13 4
+3 2 2
-1 4
+1 2 0 2
+8 4 0 2
+2 22 6 6 2 0 0 1
+2 4 2
-1 2 0 2
+1 14 2 6 2 0 0 1
+1 4 0 2
cfi=(328)
cfn=(2664)
calls=2 -40 
* 16 6 4 2
+3 18 14

fn=(2660)
87 28 0 20 2 0 0 1
+1 4 4
-1 12 4 4
+1 12
+18 40 32
-16 2 0 0 2 0 0 1
+2 6
-2 2 0 2
+2 2
+1 2
-1 6 0 6 2 0 0 1
cfi=(328)
cfn=(2662)
calls=2 -68 
* 20 6 8 2 3 0 1
+1 18 6 4 2 2 0 1 1
+2 2 2
-1 2 0 2
-1 4 0 2
+2 20 8 2 2 0 0 1
+5 2 2
-3 2 2 0 0 2
-2 4 0 4
+3 2 0 2
-1 2 0 2
+3 24 8 6 2 0 0 1
+1 2 0 2 2 0 0 1
+1 14 2 6
+1 4 0 2
cfi=(328)
cfn=(2664)
calls=2 -64 
* 16 6 4 2 0 0 1
+3 2

fn=(3156)
601 6 0 2 2 0 0 1
+2 6 2 0 2 0 0 1
+6 6 2
+3 6 2
54 4 2
624 4 4

fn=(1734)
371 156666 0 0 5 0 0 1
+3 313332
-3 96 0 48 0 0 1 0 0 1
fi=(337)
940 12
fe=(208)
371 12 0 12
fi=(337)
940 12
fe=(208)
371 12 0 12
fi=(337)
940 12
fe=(208)
371 24
+18 20 0 0 1
+8 14 0 0 1 0 0 1
+2 30 2
fi=(337)
942 4
+1 4
fe=(208)
399 8 4 2
cfi=(209)
cfn=(2430)
calls=2 82 
* 907 186 149 17 6 9 6 0 4
* 4
+2 2
-22 58 28 0 2 0 0 1
+2 42
+3 28
+2 16 0 8 0 0 1 0 0 1
cob=(2)
cfi=(51)
cfn=(1760)
calls=4 0 
* 82 22 12 0 0 1
+1 4 4
-1 4 0 4
+1 8
+17 12 0 0 3 0 0 1
-29 12
+29 84 84 0 1 0 0 1
-11 90 0 0 2
+1 3 3 0 0 1 0 0 1
-1 9 0 0 1
+1 3 0 3
-1 6
+1 8 4 4 1 0 0 1
-1 8
+1 4 2 2
-1 4
+1 4 2 2
-1 4
+1 4 2 2
-1 4
+1 48 2 12 2 0 0 1
-1 156660 0 0 6 0 0 1
+11 156654 156654
-11 10
+1 10 5 5
-1 15
+1 20 10 10
-1 35 0 0 3 0 0 1

fn=(1720)
563 783270 0 313308 9 0 2 1
+1 78327 0 78327
cfn=(1722) _IO_old_init
calls=78327 -33 
* 1801525 234981 783274 22 7 6 2 1
+1 78327 0 78327 0 0 5
+1 156654
+2 2 0 2 1
+4 2
+7 2 0 2 0 0 2
+2 2 0 2 0 0 1
-9 10 0 10
+15 2 0 2
+1 12 10
-1 78325 0 78325 7 0 0 1
+1 469950 391625
-2 156650 0 78325 13 0 0 1

fn=(3968) _IO_flush_all_lockp
686 12 1 7 2 0 0 2
+5 6 0 3
cfi=(328)
cfn=(2662)
calls=1 24 
* 10 3 4 0 1
+1 9 3 2 1 0 0 1
+3 1 1
-8 1
+5 2 0 1
+3 2
fi=(337)
940 4 0 0 1 0 0 1
fe=(208)
709 6 0 0 1 0 0 1
+2 3 0 3
-16 9 3 0 0 1
+2 3 0 3 1 0 0 1
+1 6
+3 21 9 0 2 2 0 2 1
+14 9 2 3
+1 2 0 1 1 0 0 1
cfi=(328)
cfn=(2664)
calls=1 39 
* 8 3 2 1
+4 12 9

fn=(3494)
343 1 0 0 1 0 0 1
+1 2 1
-1 3 0 3
+3 4 1
+1 1 1
fi=(337)
940 3 0 0 1 0 0 1
+2 2
+1 2
fe=(208)
347 2 1 1 0 1
cfi=(349)
cfn=(3496)
calls=1 78 
* 700 112 81 14 6 3 5
* 2
+3 4 4 0 1 0 0 1

fn=(3976)
452 2 0 1 1 0 0 1
fi=(337)
940 1
fe=(208)
452 2 0 1 1 0 0 1
fi=(337)
940 1
fe=(208)
452 1 0 1
fi=(337)
940 1
fe=(208)
452 4 0 1
+1 1 1
fi=(337)
942 2
+1 2
fe=(208)
453 2 1 1
cfi=(327)
cfn=(3526)
calls=1 792 
* 18 7 3
* 2
+4 1 1
330 1 1 0 1 0 0 1
462 1
-7 2
332 2
+5 1
-5 1
+5 1 0 1
467 1
332 1 0 1
466 4 0 3
+2 6 5
-11 1 0 0 1 0 0 1
+1 2
-1 1 0 1
330 4

fn=(1722)
531 78327 0 0 16 0 0 1
+3 78327 78327 0 0 7 0 0 1
-2 78327
+2 78327
+5 78327
-7 78327 0 78327
+2 78327
+10 78327 0 78327 6 0 0 1
-10 78327
+16 78327
-11 78327 0 78327 0 0 2
-5 78327
+16 78327 0 78327
-16 78327 0 78327
+21 78327 78327
-16 391635 0 391635 0 0 2
+16 156654
+1 4 0 4 0 0 2
+2 78327 78327

fn=(1726)
329 704970 0 156660 14 0 2 1
+1 313320 156660 0 17 0 0 1
+5 156660
-3 78330 0 78330
+3 313320 0 78330
+3 313320 234990

fn=(3966)
863 2 0 1 1 0 0 1
+3 1
-3 9 1 6
-77 1
+80 1 0 1
cfn=(3968)
calls=1 686 
* 126 34 29 10 4 0 9 1
-80 2 0 1 1 0 0 1
+80 1
-80 3 0 2
cfi=(328)
cfn=(2662)
calls=1 24 
* 10 3 4
+1 9 3 2 1 0 0 1
+3 1 1
-3 2 0 1
+3 2
fi=(337)
940 4
fe=(208)
838 3 0 3
-48 9 3
+9 9 3 0 1 1 0 1
+2 6 2
+6 13 4 3 1 0 0 1
+8 5 2 0 1 1 0 1
+9 1 1
fi=(337)
942 2
+1 2
fe=(208)
824 4 1 1
cfi=(327)
cfn=(3974)
calls=1 381 
* 83 19 19 6 0 0 5
+2 3 1
+4 5 1 0 1 0 0 1
+1 8 2 3
+11 9 2 3 1 0 0 1
+1 2 0 1
cfi=(328)
cfn=(2664)
calls=1 39 
* 8 3 2
+35 12 9
-59 1 1 0 1 0 0 1
-2 1
+3 1 0 1
-3 1 0 1
+2 3 1 1 1 0 0 1

fl=(238) ./elf/./elf/dl-error-skeleton.c
fn=(2086) _dl_catch_error
225 169 13 52 4 0 1 2
+2 26 0 13
cfn=(2088) _dl_catch_exception
calls=13 -52 
* 804898 202586 76107 1750 6558 812 729 2196 541
+1 26 13 13 0 0 1
+1 13 13
+1 13 13
-1 13 0 13
+1 13 0 13
+2 104 78 0 1

fn=(2087) _dl_catch_error'2
225 143 11 44 2
+2 22 0 11 0 0 1 0 0 1
cfn=(2089) _dl_catch_exception'2
calls=11 -52 
* 15208 3669 1883 167 156 62 46 10 42
+1 22 11 11
+1 11 11
+1 11 11
-1 11 0 11
+1 11 0 11
+2 88 66 0 1 0 0 1

fn=(2088)
175 39 0 13 2 0 0 1
+5 13 13 0 0 2
-5 78 13 52 0 0 2
+5 26 13 13 0 2
-2 26 0 0 3 0 0 1
+22 13
-1 13 0 13
+7 26
-6 13 0 13
+3 26 0 13
+3 13 0 13
cfi=(196)
cfn=(1390)
calls=13 30 
* 403 91 130 6 2 1
* 52
+2 39 26 13 2 0 0 1
cfi=(277)
cfn=(2336)
calls=12 37 
* 7080 1742 900 77 78 10 2 5
cfi=(236) ./dlfcn/./dlfcn/dlopen.c
cfn=(2090) dlopen_doit
calls=1 48 
* 796856 200597 74895 1659 6474 797 724 2191 541
+1 26 26
+1 13
-1 13 0 13
+1 39 13 26 0 0 2
+9 91 52 0 1

fn=(2089)
175 120 0 40 1
+5 40 40 0 0 1
-5 240 40 160 0 0 9 0 0 6
+5 80 40 40 0 1
-2 80 0 0 1
+22 39
-1 39 0 39 0 0 4 0 0 2
+7 78
-6 39 0 39
+3 78 0 39
+3 39 0 39
cfi=(196)
cfn=(1390)
calls=39 30 
* 1209 273 390 3 1 5 0 0 3
* 192
+2 117 78 39
cob=(1)
cfi=(283) ./elf/./elf/dl-close.c
cfn=(2366) _dl_close
calls=3 783 
* 237 60 21 8 0 0 4
cfi=(277)
cfn=(2336)
calls=3 37 
* 5275 1074 522 58 56 3 26 6
cob=(1)
cfi=(239) ./elf/./elf/dl-open.c
cfn=(2097) dl_open_worker'2
calls=5 772 
* 7630 1989 822 83 94 45 12 4 32
cfi=(236)
cfn=(2091) dlopen_doit'2
calls=5 48 
* 8872 2326 1086 98 97 56 16 4 39
cob=(1)
cfi=(66) ./elf/./elf/dl-deps.c
cfn=(214) openaux
calls=16 61 
* 22362 4857 1865 99 60 64 9 21 60
cob=(1)
cfi=(239)
cfn=(2098) dl_open_worker_begin
calls=6 490 
* 744714 187921 69243 675 5669 618 129 2030 481
cob=(1)
cfi=(239)
cfn=(2096) dl_open_worker
calls=1 772 
* 796596 200526 74837 1643 6464 794 711 2191 541
+1 60 60 0 1 1
+1 30
-1 30 0 30 0 0 1
+1 90 30 60 0 0 2
+9 280 160 0 1 3 0 1
-38 1 0 1
+1 3 2 1
cob=(1)
cfi=(239)
cfn=(2138) call_dl_init
calls=1 483 
* 58292 14270 6149 1035 877 209 589 164 86
+2 2 1 1
+1 2
+32 27 18 9
+1 18 9

fn=(2348) _dl_signal_exception
91 28 0 7 2 0 0 1
+1 14 14
+1 14
+2 28 21 7
+4 7
-4 7 0 7 1 0 0 1
+1 14 7 7
+3 14 0 7
cfi=(280)
cfn=(2350)
calls=7 -63 
* 161 84 0 3 0 0 3

fn=(2388) _dl_signal_error
109 14 0 4
+1 2 2
+3 2
-3 2 2
+3 4 0 0 1 0 0 1
+2 4
+2 4 2 2
cob=(2)
cfi=(51)
cfn=(2390) 0x0000000004bb63d0
calls=2 0 
* 1601 450 229 16 30 23 4 3 20
+1 2 2
+3 4
-3 2 0 2
+3 2 0 2
cfi=(280)
cfn=(2350)
calls=2 -85 
* 46 24

fl=(356)
fn=(3666)
149 4 0 2 1 0 1 1
+1 4 2
+18 4 3 0 1 0 0 1

fl=(167) ./libio/./libio/vtables.c
fn=(574) check_stdfiles_vtables
83 1 0 0 1 0 0 1
+1 4 2 0 0 1
+1 3 2 0 1 1 0 1
+1 3 2 0 0 2
+2 1 1

fl=(348) ./libio/./libio/iofwrite.c
fn=(3488) fwrite
31 10105 0 8084 2 0 0 1
+1 2021
-1 2021 0 2021
+1 2021
-1 4042 0 2021
+4 4042 0 0 2 0 0 1
+2 14501 4265 2559 2 10 0 1 1
+1 2560 853 1 0 3
+1 1 1
fi=(337)
940 3
+2 2 0 0 1 0 0 1
+1 2
fe=(348)
39 852 852
fi=(337)
940 2556
+2 1704 0 0 1
+1 1704
fe=(348)
39 3412 853 853 0 3 2
cfi=(327)
cfn=(3490)
calls=853 1197 
* 56047 11734 8266 51 21 79 19 3
+6 853
-6 853
+6 853
fi=(337)
883 1706 853
+1 6824 1706 2559 1 0 0 1
fe=(348)
45 1706
+1 853
+3 18189 14147 0 1
-11 1704 0 0 1

fl=(353)
fn=(3532)
25 19 0 0 4 0 0 1
+1 133 19 0 2 0 0 1
+1 19 19

fl=(179) ./csu/../csu/libc-start.c
fn=(812) __libc_start_main@@GLIBC_2.34
242 12 0 6 1 0 0 1
343 3
+1 3 0 1
cfi=(171)
cfn=(624)
calls=1 69 
* 75 14 15 0 0 1 0 0 1
+25 6 2 1 1 0 0 1
+6 2 2
-3 2
+10 2 1 1 1 1
cob=(2)
cfi=(51)
cfn=(1380) 0x0000000004bb66d0
calls=1 0 
* 968 315 144 9 34 0 3 4
+2 2
+8 4 0 1
cfi=(194)
cfn=(1386)
calls=1 29 
* 32743893845 9302514360 7503572532 504592 223590084 231821204 43030 3267 108089
128 2 2 0 1 0 0 1
+6 3 1 0 0 1
+1 6 2 2 0 1
cob=(2)
cfi=(51)
cfn=(814) 0x000000000010e000
calls=1 0 
* 7 2 0 1 0 0 1
* 1 1
+3 1 1 0 0 1
+1 2
+3 2 2 0 1 1 0 1
+1 2 2
-1 1
+2 9 1 1
+1 4 1 2
cob=(8)
cfi=(178)
cfn=(824) _GLOBAL__sub_I__Z11run_walnutsRN9walnutpie16DynamicStanModelEjRNS_17InitConfigBuilderEmmbRNS_12WarmupConfigERNS_14SamplingConfigE
calls=1 0 
* 110433 29767 14806 565 701 188 532 125 148
* 4 1 2 0 1
cob=(8)
cfi=(178)
cfn=(818) 0x000000000000db80
calls=1 0 
* 12 1 0 2 0 0 2
-1 7 2 0 3 0 0 1

fl=(161)
fn=(532)
96 2 0 1 1 0 0 1
+5 1
-5 1
+5 1
-5 3 1 1
+5 3 0 1 1 0 0 1
cob=(2)
cfi=(51)
cfn=(520)
calls=1 0 
* 22 5 1 0 2 0 0 1
+2 4 0 1
cob=(2)
cfi=(51)
cfn=(520)
calls=1 0 
* 22 5 1 0 2 0 0 1
+2 4 0 1
cob=(2)
cfi=(51)
cfn=(520)
calls=1 0 
* 22 5 1 0 2 0 0 1
+2 4 0 1
cob=(2)
cfi=(51)
cfn=(520)
calls=1 0 
* 22 5 1 0 1
+2 4 0 1 1 0 0 1
cob=(2)
cfi=(51)
cfn=(520)
calls=1 0 
* 22 5 1 0 2 0 0 1
+4 3 1 0 0 1 0 0 1
+1 1 0 1 0 0 1 0 0 1
+1 6 4

fl=(128) ./string/../sysdeps/x86_64/multiarch/rawmemchr.c
fn=(408) rawmemchr
31 1 0 0 1 0 0 1
fi=(124)
+4 5 2
-1 2
+2 3 1
+5 2 0 0 1 0 0 1
-3 2
+9 3
+3 4
fe=(128)
-19 1 1

fl=(158)
fn=(518)
50 2 0 1 1 0 0 1
+1 2
-1 4 1 1 1 0 0 1
+1 3 0 1
cob=(2)
cfi=(51)
cfn=(520)
calls=1 -51 
* 972 318 145 14 13 13 14 0 2
+2 4 0 1
cob=(2)
cfi=(51)
cfn=(520)
calls=1 -53 
* 23 5 1 0 1
+2 6 4

fl=(235)
fn=(2020)
153 8 0 0 2 0 0 1
-55 8
+70 11 0 0 2 0 0 1
+1 3 3
-2 3 1 1
+1 2 1

fl=(204) ./csu/./csu/errno-loc.c
fn=(1640) __errno_location
25 10 0 0 6 0 0 1
+1 20 20
+1 10 10

fl=(205) ./stdlib/../stdlib/strtol.c
fn=(1644) strtoul
105 11 0 0 4 0 0 1
+1 44 22 0 0 1
cfi=(206)
cfn=(1646)
calls=11 225 
* 1611 225 121 55 15 0 11 3

fl=(297) ./stdio-common/./stdio-common/errlist.c
fn=(2434) __get_errlist
36 2 0 0 2 0 0 1
+4 2
-2 4
+1 6 2 0 0 1
+2 2 2

fl=(118) ./string/../sysdeps/x86_64/multiarch/strlen.c
fn=(380) strlen
29 5 0 0 3 0 0 1
fi=(84)
+4 25 10 0 0 4
-1 10 0 0 3 0 0 1
+2 15 5 0 0 3
+2 10
+4 15
+3 20
fe=(118)
-14 5 5 0 2

fl=(236)
fn=(2090)
48 2 0 1 1 0 0 1
+3 3 1
+5 4 2 0 1 1 0 1
+2 1 1
-2 12 5 2 0 2
cob=(1)
cfi=(239)
cfn=(2092) _dl_open
calls=1 824 
* 796829 200584 74891 1657 6470 796 722 2191 541
* 1 0 1 0 0 1
+4 4 4 0 0 1

fn=(2091)
48 10 0 5 1
+3 15 5
+5 20 10 0 1
+2 5 5
-2 60 25 10 0 1 1 0 0 1
cob=(1)
cfi=(239)
cfn=(2093) _dl_open'2
calls=5 824 
* 8738 2269 1068 93 96 55 15 4 38
* 3 0 3
+4 12 12
-4 9 0 0 3 0 0 1

fn=(2080) dlopen@@GLIBC_2.34
77 2 0 0 1 0 0 1
fi=(367)
1388 3 2 1 0 1
fe=(236)
78 2 1 0 0 1
-9 1 1
-2 1 0 1
+4 1
-3 1 0 1
+3 1
-2 1 0 1 1 0 0 1
+2 1 0 1
cfi=(237)
cfn=(2082)
calls=1 +42 
* 797002 200642 74934 1674 6480 800 732 2191 541
* 3 1
+11 5 3 0 0 1

fn=(2081) dlopen@@GLIBC_2.34'2
77 10 0 0 3
fi=(367)
1388 15 10 5
fe=(236)
78 10 5 0 0 1
-9 5 5
-2 5 0 5
+4 5
-3 5 0 5
+3 5
-2 5 0 5 1
+2 5 0 5
cfi=(237)
cfn=(2083)
calls=5 +42 
* 10144 2709 1375 119 103 62 21 4 45
* 15 5
+11 25 15

fl=(256) ./string/../sysdeps/x86_64/multiarch/strcpy-avx2.S
fn=(2838) __stpncpy_avx2
53 3 0 0 1 0 0 1
+2 3
+1 3
+1 3
+2 3
+7 3
+2 3
+1 3
+1 3
+2 3
+1 3
+2 3 3
+1 3 0 0 1 0 0 1
+1 3
+4 3
+1 3
+1 3
+6 3
353 3 0 0 1 0 0 1
+1 3
+1 3
+1 3
+1 3
+1 3
+1 3
+1 3
+1 3
+1 3
+1 3
+1 3
+1 3
496 3 0 0 1 0 0 1
+1 3
+1 3 0 0 1 0 0 1
+1 3
+30 3 0 0 1 0 0 1
+1 3
+19 3 3 0 1 0 0 1
+1 3 0 3
+2 3
+3 3
+1 3
+1 3
+2 6 3

fn=(2424) __stpcpy_avx2
53 4 0 0 1 0 0 1
+6 4
+7 4
+2 4
+1 4
+1 4
304 4 4 0 1 0 0 1
+1 4 4 0 0 1 0 0 1
+1 4
+1 4
+10 4
+1 4
+33 4 0 0 1 0 0 1
+2 4
+1 4
+1 4
+1 4
+1 4
+1 4
609 4 4 0 1 0 0 1
+1 4 4
+1 4 0 4
+1 4 0 4
+2 4 0 0 1 0 0 1
+8 8 4

fn=(2178) __strncpy_avx2
53 1 0 0 1 0 0 1
+2 1
+1 1
+1 1
+2 1
+2 1
+5 1
+2 1
+1 1
+1 1
+2 1
+1 1
+2 1 1
+1 1
+1 1
+8 1
+1 1 0 0 1 0 0 1
+1 1
+2 1
+2 1
+1 1
+2 1 1
+1 1
+3 1
+1 1
+1 1
+2 1
+1 1
+2 1 1
+1 2 0 1 0 0 1
+5 1 0 0 1 0 0 1
+2 1
+1 1
+1 1
+2 1
+1 1 1
+1 1 0 1
+1 1 1
+1 1
+1 1
+1 1
+2 1
+1 1
477 1 0 0 1 0 0 1
+1 1
+1 1
+1 1
+1 1
+1 1
+1 1
+29 1 0 0 1 0 0 1
+1 1
700 1 1 0 1 0 0 1
+1 1 1
+1 1 0 1 0 0 1
+1 1 0 1
+7 2 1 0 1 0 0 1
963 1 0 0 1 0 0 1
+1 1
+1 1 0 0 1 0 0 1
+1 1
+1 1
+1 1
+1 1
+1 1
+1 1
+1 1

fl=(100) ./string/../sysdeps/x86_64/multiarch/stpncpy.c
fn=(336) stpncpy
31 1 0 0 1 0 0 1
fi=(101)
+5 2 2
+1 1 1
-1 2
+1 2 0 0 1 0 0 1
+2 2
+4 3
+3 3 0 0 1 0 0 1
fe=(100)
-15 1 1

fl=(190) ./wctype/./wctype/wctype_l.c
fn=(998) wctype_l
26 70 0 50 1 0 0 1
+7 10
-7 30 0 10
+3 10 0 10
cob=(2)
cfi=(51)
cfn=(1000)
calls=10 -29 
* 160 30 0 3 3 0 3 2
+3 10 10
-3 10
+3 10 10 0 0 1
+1 10
+7 48
+1 96 48
-8 48
+2 96 0 48
cob=(2)
cfi=(51)
cfn=(1000)
calls=48 -35 
* 768 144 0 0 1 0 0 1
* 20 0 10 1 0 0 1
cob=(2)
cfi=(51)
cfn=(1000)
calls=10 -35 
* 160 30 0 0 1 0 0 1
* 58
+2 312 0 49
cob=(2)
cfi=(51)
cfn=(1004) 0x0000000004bb6520
calls=49 -37 
* 1146 274 0 5 1 0 5
* 98
+8 10 10 0 0 1
+1 10 10 0 0 2
+1 80 70

fl=(266) ./nptl/./nptl/pthread_mutexattr_destroy.c
fn=(2216) pthread_mutexattr_destroy@@GLIBC_2.34
23 1 0 0 1 0 0 1
+2 2 1

fl=(286)
fn=(2402)
46 8 0 0 1 0 0 1
+1 16 0 0 1 0 0 1
cfi=(287)
cfn=(2404)
calls=4 485 
* 2032 448 300 38 16 1 34 5 1

fl=(176)
fn=(670)
37 14 0 7 6 0 0 1
+6 7 7 0 0 5
-6 7 0 7 0 0 1
+3 7 7 0 0 6
-3 14 0 7
+3 7 7 0 0 4
+3 7
+20 1 1
+15 35 28
-20 14 0 0 6 0 0 1
+1 2 0 1
cfi=(177)
cfn=(672)
calls=1 -24 
* 9 2 1 1 0 0 1
* 2
+4 1 1
-1 14
+4 24 0 0 6 0 0 1
+8 6 0 6 0 0 1
cfi=(177)
cfn=(672)
calls=6 -39 
* 54 12 6 5
* 12

fl=(223)
fn=(1782)
508 196 0 126 26 0 6 2 0 6
+45 14
-45 42 0 14 0 0 2 0 0 2
+53 42 28 14
+26 14
-24 28 0 0 13 0 0 1
+32 42 14 28 0 0 1 0 0 1
+1 28 0 14 0 0 1 0 0 1
cob=(2)
cfi=(51)
cfn=(1000)
calls=14 0 
* 224 42 0 1 1
+1 42 28
-1 14 0 14
+1 14
+4 14 0 14 0 0 2 0 0 2
+10 14 14
-4 28 0 0 13 0 0 1
+3 56 14
+1 28 14
+3 28
-12 14 0 14
+17 28
+13 84 14 0 13 0 0 1
+1 28 14
+8 42
1770 154 126 0 13 0 0 1
689 42 14 0 13 0 0 1
+19 14
+24 14 7 0 7 0 0 1
+1 21
+1 42
+31 28 0 0 6
+10 78 0 0 13 0 0 1
+1 28
+12 28
+16 28
+42 28
+9 84 7
+1 35 14 0 6 0 0 1
+18 14
+6 21 14 0 0 1
+1 14
+5 1 1 0 1 0 0 1
+1 2
732 7 0 0 3 0 0 1
+1 14 0 7
514 7 0 0 6
732 7 7 0 0 2 0 0 1
+1 7
+1 7
-1 14
+6 63 7 0 7 0 0 1
+1 14 7 0 2 0 0 1
+39 24 0 0 3 0 0 1
+22 24 12
-26 12
+87 14 7 0 2 0 0 1
+1 7 7
+1 21 0 0 7 0 0 1
+1 42
+3 99
+3 33 11 0 7 0 0 1
-6 11
-1 11
+1 22
+9 14
+6 14 14 0 0 1 0 0 1
+2 55 0 0 6
+13 13 0 0 6 0 0 1
1013 28 0 0 1
+2 14 7
+8 49 7 0 6
+19 28 14 0 7 0 0 1
+1 28 14 14
+2 28
+3 28
+9 2 2
+2 4 2 0 2 0 0 1
-2 4 2
+2 4
+9 6 2
+1 10 0 0 2
+3 10 2
+4 2
+1 2
-1 2 0 2
+5 28 0 0 24 0 0 2
+92 14 14
+2 140
+1 14
+1 14
+3 28
-3 14 0 14
+3 28 0 0 13 0 0 1
+12 28
+3 28
1357 40
+18 16 8 0 8 0 0 1
+3 8
+13 8
-13 56
+3 8
+10 32
+5 24 0 0 8 0 0 1
603 48 0 32
1399 16
+3 24 0 8
-3 8
+3 48 0 0 5 0 0 1
+8 8
+4 8
+16 8 0 8
-75 8
+55 8
+3 8
+17 16 0 8
-20 16 0 8 8 0 0 1
-57 8
+57 8
-57 8 0 8
+77 48 0 8
-5 8
-1 8
+1 32 0 8
cob=(2)
cfi=(51)
cfn=(1784)
calls=8 0 
* 120 32 16 7 2 2 1 1 1
+15 12
+1 12
+2 24
-26 26 0 0 8 0 0 1
+7 9 9
+1 9 9
-5 9
+2 18
+8 7 0 1 1
cfi=(228)
cfn=(1804)
calls=1 48 
* 63 15 13 0 0 1 0 0 1
+4 2 1
+1 2
+1 2
+1 1
+3 1
-4 1
+5 1
+2 2
+2 64 24 0 15 0 0 2
+4 72 32 16
cfn=(1786) str_to_mpn.constprop.0
calls=8 365 
* 420 109 80 40 2 2 5 1 2
+17 24 8 8 8 0 0 1
+2 16 16
-2 16
+2 16
+7 8 8
+10 16 8 8
+2 16
689 21 14 0 7 1 0 1 1
+19 7 0 7
514 7
708 14
514 14 7
710 14 7 0 6 0 0 1
-1 21
+38 14 0 0 7 0 0 1
890 2 1 0 1 0 0 1
+5 3
+5 2 0 0 1 0 0 1
+36 3
+2 1
-49 1
+79 7 0 0 1 0 0 1
+2 10 1 1
-2 4
+30 2
+3 2
-2 2
+2 2 2
+2 6
-35 4 0 0 1 0 0 1
654 2 0 0 1 0 0 1
1023 5 0 0 1 0 0 1
+3 5 1 0 1 0 0 1
+3 4
-24 6 0 1 1
1198 78 6 24 6 0 0 2
cfn=(1786)
calls=6 365 
* 360 83 60 25 1 2 0 0 2
+6 12 12
-6 6
+6 6 6
+20 6 6
-20 12
+44 6 0 0 5 0 0 1
+1 6
-1 6 6
+1 6
-1 6 0 0 5 0 0 1
+1 12 0 6
+4 12
+6 12
+32 12
1635 56 8 8 8 0 0 1
cfn=(1788) round_and_return
calls=8 215 
* 674 118 84 68 1 0 10 1
* 8
1494 8 8 0 5 0 0 1
+1 8 8
+1 88 24 0 8 0 0 1
+4 56
+38 16
-38 32
+38 136 16 32 8 0 0 1
+5 8 8
+1 16
-2 8 8
+1 16
-5 88
-38 16
-28 40 8 8 8 0 0 1
cfi=(215)
cfn=(1744)
calls=8 28 
* 128 16 8
+1 40 8 8
cfi=(215)
cfn=(1744)
calls=8 28 
* 128 16 8
+1 16
+64 12 0 3 3 0 0 1
cfi=(215)
cfn=(1744)
calls=3 28 
* 48 6 3
* 6 3 0 3 0 0 1
+4 3 3
-4 6 0 3
+2 3
-94 4 1 1 1 0 0 1
cob=(2)
cfi=(51)
cfn=(1784)
calls=1 0 
* 15 4 2
* 1
1294 6 0 0 5 0 0 1
+4 12
-4 6
+4 12 0 0 5 0 0 1
-4 6
+4 6
-4 24
+2 12
+10 30 0 6
cfi=(215)
cfn=(1744)
calls=6 28 
* 96 12 6 2
+4 12 6
+15 42 6 6 5 0 0 1
cfn=(1788)
calls=6 215 
* 486 84 60 40
* 6

fn=(1786)
365 98 0 84 13 0 2 1 0 2
+13 14 0 14 0 0 1 0 0 1
-13 28 14 14
+14 84 0 0 13 0 0 1
+13 14
-17 14
-1 14
+39 76 19
+3 10
+7 5
+3 15 5 0 5 0 0 1
+1 5
-1 5
+3 10
-3 28 0 0 8
+1 14
-1 14
+3 28
-47 10
+49 56 28 0 13 0 0 1
+7 42 14 0 0 3 0 0 1
+2 42 14
+2 14 0 14 0 0 1 0 0 1
+1 14 0 14 13 0 0 1
+15 126 98

fn=(1788)
215 224 14 98 13 0 0 1
fi=(224) ./stdlib/../sysdeps/generic/get-rounding-mode.h
94 14 0 14 13 0 0 1
+1 112 14
fe=(223)
218 28
fi=(225) ./stdlib/../include/rounding-mode.h
46 36 0 0 6
+6 42 0 0 7 0 0 1
fe=(223)
320 8 0 0 4 0 0 1
fi=(233) ./stdlib/../stdlib/gmp.h
447 4
+1 4 0 4
+1 4
fe=(223)
-94 28
-42 28 0 0 13 0 0 1
-80 14 14
+39 14
-46 14
+46 14
-3 42
+50 84 0 0 7 0 0 1
fi=(225)
46 40
fe=(223)
355 10 0 0 9 0 0 1
-5 44 0 0 4
+5 42 28
+1 14
-1 28
+1 84 84 0 13 0 0 1
-1 14
cfi=(226)
cfn=(1794)
calls=14 30 
* 140 42 28 13 0 0 1
-3 18 6 0 6 1 0 1 1
+1 12

fl=(127) ./string/../sysdeps/x86_64/multiarch/strncase.c
fn=(406) strncasecmp
31 1 0 0 1 0 0 1
fi=(366)
+1 5 2
fe=(127)
-1 1 1

fl=(281) ./dlfcn/./dlfcn/dlclose.c
fn=(2358) dlclose@@GLIBC_2.34
25 3 0 0 1 0 0 1
fi=(367)
1388 3 3
fe=(281)
25 3
+2 6 3 0 1 0 0 1
-2 3
+6 6 3 3
cfi=(237)
cfn=(2083)
calls=3 +82 
* 1296 390 249 16 5 0 7
* 6
+1 6 3

fl=(102) ./wcsmbs/../sysdeps/x86_64/multiarch/wmemchr.c
fn=(340) wmemchr
31 2 0 0 1 0 0 1
fi=(103) ./wcsmbs/../sysdeps/x86_64/multiarch/ifunc-evex.h
+4 10 4 0 1 0 0 1
-1 4
+2 6 2
+5 4
-3 4
+9 6 0 0 1 0 0 1
+3 8
fe=(102)
-19 2 2

fl=(231)
fn=(1810)
46 913185 0 561960 5 0 7 1 0 1
+3 140525 0 0 1 0 0 1
-2 7 0 7 0 0 1 0 0 1
160 7
+1 7 7
-1 14
+1 14
+1 7
-1 14 7 7
+1 7 7
+1 7
-2 7 0 7 1 0 0 1
+2 7 7
-1 7 0 7
+1 7 0 7
+2 14
+10 28
+14 114 6 18 1 0 0 1
-6 6 6
+13 12
-12 12 6 6 1 0 0 1
+9 12
+26 30 6 12
cfi=(229)
cfn=(1814)
calls=6 34 
* 786 162 84 3 0 0 3
+2 18 12
-46 60 6 6 2 0 0 2
62 70238 70238 0 5 0 0 1
+1 70238 70238
-16 70238 0 70238 0 0 3
+18 140476
+7 416018 51326 0 2
+1 51326 51326
-1 102652
+1 102652 0 51326
-1 102652
+4 140476 0 0 3 0 0 1
+3 70238 0 70238 4
234 632205 561960 0 1 0 0 1
-7 6 6
-52 6
+52 6 0 6
-52 6
+53 6 6
-53 18 6
+26 30 6 0 1 0 0 1
+1 12
+2 24 0 0 1 0 0 1
68 9805 0 9805 4
-1 9805
+1 9805
+99 1 0 0 1 0 0 1
+2 5 1 1 1 0 0 1
cfi=(232) ./stdlib/../sysdeps/x86_64/add_n.S
cfn=(1812) __mpn_sub_n
calls=1 35 
* 72 25 12 4 0 0 4
+1 1 1
+1 1 0 1
-1 1 1
+1 1

fl=(329)
fn=(2670)
30 4 0 2 2 0 0 1
+3 2
-3 16 2 6 2 0 1 1
+3 8
+8 20 2 0 1 0 0 1
+2 14 10
-7 2 0 1 1
+1 1 1
-1 3 0 2 1 0 0 1
+2 1

fl=(91) ./wcsmbs/../sysdeps/x86_64/multiarch/wcslen.c
fn=(310) wcslen
29 1 0 0 1 0 0 1
fi=(88)
+5 4 2
-1 2
+2 3 1 0 1 0 0 1
+2 2
+4 3
+3 3
fe=(91)
-15 1 1

fl=(106) ./string/../sysdeps/x86_64/multiarch/strcspn.c
fn=(348) strcspn
29 1 0 0 1 0 0 1
fi=(371) ./string/../sysdeps/x86_64/multiarch/ifunc-sse4_2.h
+1 5 2 0 1 0 0 1
fe=(106)
-1 1 1

fl=(125) ./string/../sysdeps/x86_64/multiarch/strspn.c
fn=(400) strspn
29 2 0 0 2 0 0 1
fi=(371)
+1 10 4 0 0 2
fe=(125)
-1 2 2

fl=(201) ./stdlib/./stdlib/rand.c
fn=(1414) rand
26 2 0 0 1 0 0 1
+1 1 0 1
cfi=(199) ./stdlib/./stdlib/random.c
cfn=(1416) random
calls=1 288 
* 53 14 7 5 0 0 5
+1 2 1

fl=(192) ./string/../sysdeps/x86_64/multiarch/memcmp-avx2-movbe.S
fn=(1006) __memcmp_avx2_movbe
71 201878 0 0 8 0 0 1
+7 201878
+1 201878
+3 1 1
+1 1 1
+1 1
+4 1
+1 1
+2 1
+1 1
+3 1 1
+1 1 1
+1 1
+3 1
+1 1 0 0 1 0 0 1
+3 1
+1 1
+3 1 1
+1 1 1
+1 1
+1 1
+1 1
+1 1 1
+1 1 1
+1 1
+1 1
+1 1
+3 1 0 0 1 0 0 1
+1 1
+6 1 1
+1 1 1
+1 1
+1 1
+4 1 1
+1 1 1
+2 1 1
+1 1 1
+1 1 1
+1 1 1
+3 1
+1 1
+1 1
+1 1
+1 1
+1 1
+2 2 1
+4 50559 0 0 20 0 0 1
+10 50559 50559
+1 50559 50559
+1 50559
+3 101118 50559
399 201877 0 0 10 0 0 1
+1 201877
+5 151402
+1 151402
+1 151402
+1 151402
+1 151402
+3 101107 101107 0 0 2
+1 101107 101107 0 0 30
+1 101107 0 0 10 0 0 1
+1 101107
+3 101107
+1 101107
+1 75695
+1 151390 75695
+6 50295
+1 50295
+2 50295
+1 50295
+22 50475 0 0 7 0 0 1
+1 50475 50475
+1 50475 50475
+1 50475
+2 50475 50475
+6 50295 50295
+1 50295 50295
+1 50295
+1 50295
+1 50295 0 0 4 0 0 1
+1 50295
+2 25148
+1 25148
+1 25148 25148
+1 25148 25148
+1 25148
+1 25148
+1 25148
+1 25148
+2 25148 25148

fl=(240)
fn=(2094)
77 43 0 0 3 0 0 1
+3 129 43 0 0 9 0 0 3
+2 43
+2 86 0 0 3 0 0 1
-7 86 0 43
+11 86
+2 15 5 0 0 3
-46 5 5
+1 25 5
+49 15 5
+73 31 31 0 3 0 0 1
+3 31 0 31
+2 31 0 31
+3 31
+2 31
+1 129 86
45 15 5
+1 10 0 5
+51 76 0 0 4 0 0 1
+11 152 38 0 6 0 0 1
+4 38 38 0 0 5
+3 76 38
+3 36 12
+4 24 0 12
+2 24
-80 26 26 0 4 0 0 1
+1 208 52 0 0 1
+1 26 0 26
+84 78 26
+1 52 0 26 4 0 0 1

fl=(350)
fn=(3500)
29 2 0 0 1
+1 2
+5 3
cfi=(235)
cfn=(2020)
calls=1 153 
* 8 1 0 2

fl=(304)
fn=(2460)
241 2 0 0 1 0 0 1
+2 1 0 1
cfn=(2462) get_nprocs_cpu_online
calls=1 140 
* 393 67 37 26 7 0 14 1
+1 2 0 0 1 0 0 1
+5 2 1

fn=(2462)
140 1 0 1 1 0 0 1
+9 2
-9 10 1 6 1 0 0 1
+9 1 0 1
cfi=(305)
cfn=(2464)
calls=1 28 
* 27 4 2 2 0 0 2
+3 2
+39 12 9
73 6 0 1 1 0 0 1
cfi=(306)
cfn=(2466)
calls=1 -48 
* 6 1 0 1 0 0 1
* 1
+1 2
+5 2
-2 1
+2 1 0 1
cob=(2)
cfi=(51)
cfn=(2468) 0x0000000004bb6420
calls=1 -79 
* 22 3 0 3 0 0 1
+1 2
fi=(307) ./misc/../sysdeps/unix/sysv/linux/not-cancel.h
-21 2 0 1
cfi=(308)
cfn=(2472)
calls=1 -34 
* 6 1 0 1 0 0 1
+1 1
fe=(304)
+46 2 0 0 1 0 0 1
+45 3
+28 3
+3 5 1
+3 2 1
-26 4 0 1 1 0 0 1
cfi=(205)
cfn=(1644)
calls=1 -54 
* 110 21 11 12 6 0 2
+1 1 1
-1 1
+1 2
+7 2 1
+2 1 0 0 1 0 0 1
+1 4 0 1
cfi=(205)
cfn=(1644)
calls=1 -65 
* 137 22 11 0 1 0 0 1
+1 3 1
+7 3
-75 1 0 0 1 0 0 1
+1 2

fl=(232)
fn=(1812)
35 1 0 0 1 0 0 1
+1 1
+1 1 1
+1 1 1
+2 1
+1 1
+1 1
+1 1
+1 1 0 0 1 0 0 1
+1 1
+1 1
+9 1
+1 1
+1 1
+1 1
+1 1
+10 1
+1 1 0 1
+1 1
+1 1
+1 1 1
+4 2 2
+1 2 2
+1 2
+1 2 0 2
+2 2 2
+1 2 2
+1 2
+1 2 0 2
+2 2 2
+1 2 2
+1 2
+1 2 0 2
+2 2 2
+1 2 2
+1 2
+1 2 0 2
+2 2
+1 1
+1 1
-17 1 1 0 1 0 0 1
+1 1 1
+1 1
+1 1 0 1
+2 1 1
+1 1 1
+1 1
+1 1 0 1
+2 1 1
+1 1 1
+1 1 0 0 1 0 0 1
+1 1 0 1
+2 1
+1 1
+1 1

fn=(1872) __mpn_add_n
35 4 0 0 4 0 0 1
+1 4
+1 4 4
+1 4 4
+2 4
+1 4
+1 4
+1 4
+1 4
+1 4
+1 4
+1 4
+1 4
+1 4
+1 4
+14 4 0 0 4 0 0 1
+1 4
+1 4
+1 4
+2 4
+1 4 0 4
+1 4
+1 4
+1 4 4
+4 12 12
+1 12 12
+1 12
+1 12 0 12
+2 12 12
+1 12 12
+1 12
+1 12 0 12
+2 12 12
+1 12 12
+1 12
+1 12 0 12
+2 12 12
+1 12 12 0 0 1
+1 12
+1 12 0 12
+2 12
+1 8
+1 8
-7 4 4 0 4
+1 4 4
+1 4
+1 4 0 4
+2 4
+1 4
+1 4

fl=(119) ./string/../sysdeps/x86_64/multiarch/strncpy.c
fn=(384) strncpy
29 2 0 0 2 0 0 1
fi=(101)
+7 4 4
+1 2 2
-1 4
+1 4
+2 4 0 0 2 0 0 1
+4 6
+3 6
fe=(119)
-17 2 2

fl=(264) ./nptl/./nptl/pthread_mutexattr_settype.c
fn=(2208) pthread_mutexattr_settype@@GLIBC_2.34
24 1 0 0 1 0 0 1
+4 1
-1 2
+6 3
+4 4 1 1
+2 1
+1 1 1

fl=(199)
fn=(1408) srand
209 2 0 1 1 0 0 1
+1 1
-1 1
+1 3 0 1 0 0 1 0 0 1
+1 3 0 1 1 0 0 1
cfi=(200)
cfn=(1410)
calls=1 -49 
* 6830 1555 652 5 2 2 5 0 2
+1 4 1 1
+1 2 2

fn=(1416)
288 2 0 0 1 0 0 1
+3 1
-3 3 1 1 1 0 0 1
+3 2 0 1
+2 3 0 1
cfi=(200)
cfn=(1418)
calls=1 +61 
* 32 8 3 2 0 0 2
+2 4 1 1
+2 1 1
+1 5 3 0 1 0 0 1

fl=(228)
fn=(1804)
48 67864 3992 35928 26 0 5 2
+6 7984
+12 7984
+76 43912 35928
-71 3992 3992 0 0 6 0 0 1
+1 7984 0 0 11 0 0 1
+2 5
+3 25 0 5 0 0 1 0 0 1
cob=(2)
cfi=(51)
cfn=(1800)
calls=5 -77 
* 105 15 20 12
+1 10
+3 3987 0 3987 8 0 5 0 0 1
cfi=(216)
cfn=(1746)
calls=3987 -50 
* 132974 16164 12177 819 0 0 1
+2 11976 3992 3992 5 0 0 1
+1 3992 0 0 13 0 0 1
+4 8074 10 10
+5 4
+1 4
+6 12 0 12
-12 12
+13 12
-13 24 12
+2 12 12 0 5 1 0 1 1
+1 24
+7 32 0 8
cfi=(229)
cfn=(1806)
calls=8 -64 
* 1136 232 120 21 0 0 5
* 8
-3 20 0 4 1 0 0 1
cfi=(232)
cfn=(1872)
calls=4 -60 
* 344 116 56 12 1 0 2
* 4

fl=(308)
fn=(2472)
25 3 0 0 3 0 0 1
+1 12
+1 3 3

fl=(85) ./string/../sysdeps/x86_64/multiarch/strpbrk.c
fn=(298) strpbrk
29 1 0 0 1 0 0 1
fi=(371)
+1 5 2 0 1 1 0 1
fe=(85)
-1 1 1

fl=(107) ./wcsmbs/../sysdeps/x86_64/multiarch/wcscpy.c
fn=(350) wcscpy
43 1
-6 5 2 0 1 0 0 1
+6 1 1

fl=(156)
fn=(514)
38 2 0 0 1 0 0 1
+1 7
+1 1 1

fl=(230)
fn=(1808)
31 10412 0 0 5
+4 23824
+2 11912 11912
+1 11912 11912
+1 23824 0 0 5 0 0 1
+8 52060 10412

fl=(296)
fn=(2432)
26 14 0 6 1 0 0 1
+1 2 0 2
cfi=(297)
cfn=(2434)
calls=2 +9 
* 16 4 0 2 1 0 1
+1 4
+7 6 4
-1 4 0 0 2 0 0 1
+1 2 2
-1 2
cfi=(286)
cfn=(2402)
calls=2 +12 
* 1028 224 150

fl=(254)
fn=(2166)
126 3 0 2 1 0 0 1
+2 1
-2 9 0 4
+5 3 1 1 0 1
cfi=(240)
cfn=(2094)
calls=1 -54 
* 30 7 2 0 1
+2 2 0 1
cob=(2)
cfi=(51)
cfn=(2168) 0x0000000004bb6470
calls=1 0 
* 1087 355 148 17 29 15 2 2
+2 3 0 0 1 0 0 1
30 4 2 1
+4 2 1
+5 5 3 0 0 1
+1 1 1 0 1 0 0 1
+5 1 1
-7 1
+2 1 1
+2 1 1
-2 2 0 1
+2 2 1 1 0 1
+3 2
+4 5 2 0 1 0 0 1
-5 4
+5 1051
+2 262 262 0 0 14
+1 524
-1 1 1 0 0 1
+1 2
+2 543 181
+10 1196 299 0 1 0 0 1
+1 1680 635 0 0 43 0 0 10
+5 897 299 0 0 19
-10 897 0 0 1 0 0 1
+1 1794 299 0 0 70 0 0 14
+2 897
+37 2 0 0 1 0 0 1
+2 2
+3 2
+36 3 1 1 1 0 0 1
cfi=(241)
cfn=(2110)
calls=1 367 
* 22 5 1
+3 9 7
-79 111 0 0 2 0 0 2
+52 1
+21 1
-21 2 0 1

ob=(4) /usr/lib/x86_64-linux-gnu/libm.so.6
fl=(317) ./math/../sysdeps/x86_64/fpu/e_expl.S
fn=(2534) __expl_finite@GLIBC_2.15
79 25 0 0 1 0 0 1
+7 25 25
+5 25
+36 25 25
+1 25 0 0 1 0 0 1
+1 25
+1 25
+1 25
+1 25
+2 1
+1 1
+1 1
+16 24 0 0 1 0 0 1
+1 24
+2 48 0 24
+1 24
+1 24 24
+1 24 0 24
+1 24 24
+1 24
+1 24
+1 24
+1 24 24
+1 24
+1 24 24 0 0 1 0 0 1
+1 24
+1 24
+1 24
+1 24
+1 24
+1 24
+1 24
+1 24 24
+1 24
+1 24
+1 24
+12 24
+1 24
+1 24
+1 24
+1 24
+1 120 24
+2 24
+1 24
+13 25 25 0 1 0 0 1

fl=(247) ./math/../sysdeps/x86_64/fpu/multiarch/s_floor.c
fn=(2130) floor
31 1 0 0 1 0 0 1
fi=(372) ./math/../sysdeps/x86_64/fpu/multiarch/ifunc-sse4_1.h
-2 5 2 0 0 2
fe=(247)
+2 1 1

fl=(137) ./math/../sysdeps/x86_64/fpu/multiarch/e_powf.c
fn=(438) powf@@GLIBC_2.27
30 1 0 0 1 0 0 1
fi=(130) ./math/../sysdeps/x86_64/fpu/multiarch/ifunc-fma.h
-1 4 2
+1 4 2
fe=(137)

fl=(343) ./math/../sysdeps/ieee754/dbl-64/e_log.c
fn=(3312) __ieee754_log_fma
49 80543824 0 0 6404 0 0 1
fi=(341) ./math/../sysdeps/ieee754/dbl-64/math_config.h
+18 80543824
fe=(343)
-28 80543824
+22 241631472 0 0 6404 0 0 1
-22 80543824
+22 161087648
+24 241624329
+17 80541443
+17 80541443
-14 80541443
+9 80541443 80541443 0 6204 6614 0 1 1
-12 80541443
+20 80541443 80541443 0 0 6613 0 0 1
+8 80541443 80541443 0 0 6603 0 0 1
-27 80541443
+2 80541443
-1 80541443
+26 80541443 80541443
-27 80541443
+16 80541443
-14 80541443
+1 161082886
+8 80541443
-8 241624329 0 0 2949 0 0 1
+8 80541443 80541443 0 0 12782 0 0 32
+8 80541443 80541443
+8 80541443 80541443
-7 80541443
+4 80541443
-3 241624329 80541443
+6 483248658 161082886 0 3107
+1 80541443 80541443
-66 7143 0 0 1 0 0 1
+2 2377 2377 0 0 32
+3 2377 2377 0 200 11 0 1
+1 2377 2377 0 0 183 0 0 1
-1 2377 2377
+1 2377 2377
+1 2377 2377
-4 2377
+4 2377 2377
-2 2377 2377
+1 2377 2377 0 200 0 0 1
-2 2377
+3 7131 4754
+3 2377 2377 0 0 200 0 0 1
-4 2377
+4 7131
+2 4754 2377 0 101 0 0 1
-1 2377
+2 4754
+1 2377
+1 2377
-1 2377
+1 4754
+1 2377
+1 2377
+1 2377 2377
-17 4 0 0 2 0 0 1
+66 4 4

fl=(319) ./math/./s_ldexp_template.c
fn=(2548) ldexpl
22 6 2 0 1 0 0 1
+1 24 2 0 1 0 0 1
+4 4 2
-3 6 0 4
cfi=(320) ./math/../sysdeps/x86_64/fpu/s_scalbnl.S
cfn=(2550) __scalbnl
calls=2 -17 
* 14 6 2
+1 28 6 0 1 0 0 1

fl=(344) ./math/../sysdeps/ieee754/dbl-64/s_llround.c
fn=(3446) lround
33 101 0 0 101 0 0 1
+7 101
+1 101
-2 101
+1 101
+1 101
-1 101
+1 101
-1 101
+5 202
+2 202 0 0 101 0 0 1
+1 303 0 0 101 0 0 1
+26 202 101

fl=(347) ./math/../sysdeps/ieee754/dbl-64/e_pow.c
fn=(3470) __ieee754_pow_fma
283 100 0 0 100
45 200
fi=(341)
+22 100 0 0 1 0 0 1
fe=(347)
-22 100
fi=(341)
+22 100
fe=(347)
-22 100
292 100
45 100
292 300
-8 100
+8 400
62 100 0 0 50 0 0 1
+5 100
+10 100 100 0 0 100
+11 100 100 0 0 100 0 0 1
-26 100
+28 100 100
+22 100 100 0 0 100 0 0 1
-49 100
+1 100
+48 200 200 0 51 0 0 1
-48 100
-1 100
+4 100
+3 100
-5 200
+5 100
-5 100
+5 300
+7 100
+11 100 100 0 0 100 0 0 50
-11 100 100 0 100 0 0 1
+18 100 100
-5 100 100
+22 200 200
-23 100
+7 100
-5 100
+6 100
+4 100
-10 100
+21 100 100 0 76 0 0 1
-12 100
+2 100
+10 100
-10 100
+10 100
+1 400
+1 100
+1 200
369 100
+1 100 0 0 1 0 0 1
45 100
fi=(341)
+22 100
fe=(347)
-22 100
193 100
+1 100
370 100
194 200
+31 396 198 0 1 0 0 1
+18 99 99 0 0 99
fi=(341)
67 99
fe=(347)
227 99
+2 99 99
+4 99
+1 99
-5 99 99
+4 99
+1 99
-1 99
+4 99 99 0 1 99 0 1 1
-6 99
+12 297 297
-3 99
+3 396 99
+1 198 0 0 99
fi=(341)
79 99
fe=(347)
249 198
380 200 100 0 1 0 0 1
197 2 0 0 1 0 0 1
+4 1 1 0 1 0 0 1
+1 2

fl=(318) ./math/../sysdeps/ieee754/ldbl-96/s_frexpl.c
fn=(2544) frexpl
43 1 0 0 1 0 0 1
+2 2 2
+2 3 0 1 1 0 0 1
-1 4
+2 5
+1 2
-4 2
+12 1 1
-1 1
-1 1
+1 1 0 0 1 0 0 1
-1 1 0 1
+2 3 1 2
+2 1 1

fl=(324) ./math/../sysdeps/x86/fpu/e_sqrtl.c
fn=(2570) __sqrtl_finite@GLIBC_2.15
24 1 0 0 1 0 0 1
+1 2 1
+1 1 1

fl=(141) ./math/../sysdeps/x86_64/fpu/multiarch/e_log.c
fn=(450) __log_finite@GLIBC_2.15
27 1 0 0 1 0 0 1
fi=(132) ./math/../sysdeps/x86_64/fpu/multiarch/ifunc-avx-fma4.h
+5 5 2
+1 2 1
fe=(141)
-6 1 1 0 1 0 0 1

fl=(134) ./math/../sysdeps/x86_64/fpu/multiarch/s_sin.c
fn=(426) cos
34 1 0 0 1 0 0 1
fi=(132)
-2 5 2 0 1 0 0 1
+1 2 1
fe=(134)
+1 1 1

fn=(476) sin
27 2 0 0 2 0 0 1
fi=(132)
+5 10 4
+1 4 2 0 1 1
fe=(134)
-6 2 2

fl=(321) ./math/./math/w_logl_compat.c
fn=(2562) logl
29 3 1 0 1 0 0 1
+1 5
+14 1 0 1 1 0 0 1
+1 1
-1 1
cfi=(322) ./math/../sysdeps/x86_64/fpu/e_logl.S
cfn=(2564) __ieee754_logl
calls=1 -14 
* 21 5 0 2 2 0 2 2

fl=(133) ./math/../sysdeps/x86_64/fpu/multiarch/e_expf.c
fn=(422) expf@@GLIBC_2.27
27 1 0 0 1 0 0 1
fi=(130)
+2 4 2 0 1 0 0 1
+1 3 1
fe=(133)
-3 1 1

fl=(144) ./math/../sysdeps/x86_64/fpu/multiarch/s_fma.c
fn=(462) fma
49 6 3 0 1 0 0 1

fl=(320)
fn=(2550)
7 2
+1 2 0 2
+1 2 2
+1 2 2
+1 2
+1 2
+1 2 2

fl=(340) ./math/../sysdeps/ieee754/dbl-64/e_exp.c
fn=(3288) __ieee754_exp_fma
98 13209 0 0 1054 0 0 1
-10 13209
fi=(341)
-21 13209
fe=(340)
+21 13209 0 0 4 0 0 1
+16 13209
+1 39627
+30 52432 26216 0 0 6603 0 0 1
+16 13108 13108 0 0 6603 0 0 1
fi=(341)
-84 13108
fe=(340)
+70 13108 0 0 3 0 0 1
+14 13108 13108
-12 13108 13108
+2 13108
+1 13108
-3 13108 13108
+2 13108
+1 13108
+9 13108 13108
-10 13108
+10 13108 13108 0 0 12977 0 0 31
-6 13108 13108 0 4 0 0 1
+3 13108
+3 52432 13108
+1 26216
fi=(341)
-73 13108
fe=(340)
+78 26216 13108
-49 202
+4 200
+2 300 0 0 1 0 0 1
+2 200
+3 100
-1 200
-7 2 2 0 1 1 0 1
+8 100
cfi=(345) ./math/../sysdeps/ieee754/dbl-64/math_err.c
cfn=(3458) __math_uflow
calls=100 -73 
* 1100 300 100 76 200 0 1

fl=(346) ./math/./w_pow_template.c
fn=(3466) pow@@GLIBC_2.29
31 200
+1 300 0 300 100 0 0 1
cob=(2)
cfi=(51)
cfn=(3468) 0x0000000004a95300
calls=100 -32 
* 10776 2491 0 583 698 0 12 53
+1 800 400
+12 400
+4 200 100 0 100 0 0 1

fl=(131) ./math/../sysdeps/x86_64/fpu/multiarch/e_exp.c
fn=(418) __exp_finite@GLIBC_2.15
27 1 0 0 1 0 0 1
fi=(132)
+5 5 2
+1 2 1
fe=(131)
-6 1 1 0 1 0 0 1

fl=(146) ./math/../sysdeps/x86_64/fpu/multiarch/e_atan2.c
fn=(472) __atan2_finite@GLIBC_2.15
26 1 0 0 1 0 0 1
fi=(132)
+6 5 2 0 1 0 0 1
+1 2 1
fe=(146)
-7 1 1

fl=(242) ./math/../sysdeps/x86_64/fpu/multiarch/s_ceil.c
fn=(2120) ceil
31 1 0 0 1 0 0 1
fi=(372)
-2 5 2 0 1 2 0 1
fe=(242)
+2 1 1

fl=(169) ???
fn=(3958) 0x000000000000e3b0
0 5 1 0 2

fn=(3948) 0x000000000000e420
0 9 3 2 2 2
cob=(2)
cfi=(51)
cfn=(3954) 0x0000000004a951e0
calls=1 0 
0 121 28 12 1 0 0 1
0 1 0 1
cfn=(3958)
calls=1 0 
0 5 1 0 2
0 3 2 1

fn=(592) 0x000000000000e460
0 12 1 0 3 0 0 3

fl=(140) ./math/../sysdeps/x86_64/fpu/multiarch/e_log2f.c
fn=(446) log2f@@GLIBC_2.27
27 1 0 0 1 0 0 1
fi=(130)
+2 4 2
+1 3 1 0 1 0 0 1
fe=(140)
-3 1 1

fl=(345)
fn=(3460) xflow
40 400
+1 100
cfn=(3462) with_errno.constprop.0
calls=100 -12 
* 300 200 100 0 100

fn=(3462)
29 200 100 100 0 100
+2 100 100

fn=(3458)
46 100 0 0 76 0 0 1
+1 200 100 0 0 100
cfn=(3460)
calls=100 -7 
* 800 200 100 0 100

fl=(143) ./math/../sysdeps/x86_64/fpu/multiarch/s_sinf.c
fn=(458) sinf
26 1 0 0 1 0 0 1
fi=(130)
+3 4 2
+1 3 1
fe=(143)
-4 1 1

fl=(342) ./math/./w_log_template.c
fn=(3308) log@@GLIBC_2.29
31 80543824 0 0 1 0 0 1
+1 241631472
+9 80543824 0 0 6303 0 0 1
cob=(2)
cfi=(51)
cfn=(3310) 0x0000000004a952e0
calls=80543824 -41 
* 3946640113 966532979 0 25574 39653 0 10 37

fl=(322)
fn=(2564)
30 1 0 0 1 0 0 1
+1 1
+1 1 1
+1 1
+1 1
+1 1
+1 1
+1 1
+1 1 1
+1 1
+1 1 0 0 1 0 0 1
+1 1 1 0 0 1 0 0 1
+1 1
+1 1
+1 1 1 0 0 1 0 0 1
+1 1
+1 1
+1 1
+11 1
+1 1
+1 1 1

fl=(129) ./math/../sysdeps/x86_64/fpu/multiarch/s_cosf.c
fn=(414) cosf
26 1 0 0 1 0 0 1
fi=(130)
+3 4 2 0 1 0 0 1
+1 3 1
fe=(129)
-4 1 1

fl=(138) ./math/../sysdeps/x86_64/fpu/multiarch/e_pow.c
fn=(442) __pow_finite@GLIBC_2.15
27 1 0 0 1 0 0 1
fi=(139) ./math/../sysdeps/x86_64/fpu/multiarch/ifunc-fma4.h
+4 4 2
+1 2 1
fe=(138)
-5 1 1

fl=(136) ./math/../sysdeps/x86_64/fpu/multiarch/s_sincosf.c
fn=(434) sincosf
26 1 0 0 1 0 0 1
fi=(130)
+3 4 2 0 1 0 0 1
+1 3 1
fe=(136)
-4 1 1

fl=(142) ./math/../sysdeps/x86_64/fpu/multiarch/e_asin.c
fn=(464) __asin_finite@GLIBC_2.15
27 1 0 0 1 0 0 1
fi=(139)
+4 4 2
+1 2 1
fe=(142)
-5 1 1

fn=(454) __acos_finite@GLIBC_2.15
35 1 0 0 1 0 0 1
fi=(139)
-4 4 2
+1 2 1 0 1 0 0 1
+3 1 1
fe=(142)

fl=(135) ./math/../sysdeps/x86_64/fpu/multiarch/e_logf.c
fn=(430) logf@@GLIBC_2.27
27 1 0 0 1 0 0 1
fi=(130)
+2 4 2
+1 3 1
fe=(135)
-3 1 1

fl=(316) ./math/./math/w_expl_compat.c
fn=(2532) expl
30 50 0 0 1 0 0 1
+4 75 50 75
cfi=(317)
cfn=(2534)
calls=25 +45 
* 1141 219 48 4 1 0 4 1
+1 350 75 0 1 1 0 1 1
+6 50 25

fl=(339) ./math/./w_exp_template.c
fn=(3284) exp@@GLIBC_2.29
31 26418 0 0 3 0 0 1
+1 26418 0 26418 152 0 0 1
cob=(2)
cfi=(51)
cfn=(3286) 0x0000000004a95380
calls=13209 -32 
* 501518 157699 100 1147 32993 0 8 33
+1 132090 52836 0 0 6517
+4 26418 13209
-4 300 0 0 100 0 0 1
+2 200 100 100
+1 100

fl=(323) ./math/./math/w_sqrtl_compat.c
fn=(2568) sqrtl
32 3 1 0 1 0 0 1
+1 3
+3 1 0 1
+1 1
-1 1
cfi=(324)
cfn=(2570)
calls=1 -12 
* 4 2 0 1 0 0 1

fl=(145) ./math/../sysdeps/x86_64/fpu/multiarch/e_exp2f.c
fn=(468) exp2f@@GLIBC_2.27
27 1 0 0 1 0 0 1
fi=(130)
+2 4 2
+1 3 1 0 1 0 0 1
fe=(145)
-3 1 1

ob=(5) /usr/libexec/valgrind/vgpreload_core-amd64-linux.so
fl=(163) ???
fn=(552) 0x0000000000001170
0 12 1 0 3 0 0 3

fn=(3832) 0x00000000000010e0
0 11 3 4 2 2 0 1
cob=(2)
cfi=(51)
cfn=(3838) 0x000000000483f040
calls=1 0 
0 121 28 12 1 0 0 1
0 10 1 1 1
cfn=(3844) 0x0000000000001070
calls=1 0 
0 5 1 0 1
0 5 4 1

fn=(3844)
0 5 1 0 1

fn=(560) 0x00000000000012f0
0 5 2 0 2 0 0 2

ob=(8)
fl=(178)
fn=(1458) std::__cxx11::basic_string<char, std::char_traits<char>, std::allocator<char> >::_M_construct(unsigned long, char)
0 53950 13520 16159 2 0 0 1
cob=(2)
cfi=(51)
cfn=(3224) 0x000000000010e820
calls=2639 0 
0 55419 5278 5278 4 4 0 2
0 16159 2704 65 3 0 0 2

fn=(1504) __gnu_cxx::__enable_if<std::__is_char<char>::__value, bool>::__type std::operator==<char>(std::__cxx11::basic_string<char, std::char_traits<char>, std::allocator<char> > const&, std::__cxx11::basic_string<char, std::char_traits<char>, std::allocator<char> > const&)
0 2292 1106 20 20 9 0 2
cob=(2)
cfi=(51)
cfn=(1462) 0x000000000010e7d0
calls=20 0 
0 468 112 0 6
0 80 20

fn=(1652) std::_Function_handler<std::__cxx11::basic_string<char, std::char_traits<char>, std::allocator<char> > (std::__cxx11::basic_string<char, std::char_traits<char>, std::allocator<char> >&), CLI::Range::Range<double>(double, double, std::__cxx11::basic_string<char, std::char_traits<char>, std::allocator<char> > const&)::{lambda(std::__cxx11::basic_string<char, std::char_traits<char>, std::allocator<char> >&)#1}>::_M_manager(std::_Any_data&, std::_Any_data const&, std::_Manager_operation)
0 315 43 12 16 0 0 3

fn=(1658) CLI::Validator::~Validator()
0 375 125 25 26 0 0 2

fn=(1682) std::_Function_handler<bool (std::vector<std::__cxx11::basic_string<char, std::char_traits<char>, std::allocator<char> >, std::allocator<std::__cxx11::basic_string<char, std::char_traits<char>, std::allocator<char> > > > const&), CLI::App::add_option<double, double, (CLI::detail::enabler)0>(std::__cxx11::basic_string<char, std::char_traits<char>, std::allocator<char> >, double&, std::__cxx11::basic_string<char, std::char_traits<char>, std::allocator<char> >)::{lambda(std::vector<std::__cxx11::basic_string<char, std::char_traits<char>, std::allocator<char> >, std::allocator<std::__cxx11::basic_string<char, std::char_traits<char>, std::allocator<char> > > > const&)#1}>::_M_manager(std::_Any_data&, std::_Any_data const&, std::_Manager_operation)
0 612 84 24 17 0 0 1

fn=(1896) void CLI::App::parse_char_t<char>(int, char const* const*)
0 25 2 10 3 1 0 3
cfn=(1900) std::vector<std::__cxx11::basic_string<char, std::char_traits<char>, std::allocator<char> >, std::allocator<std::__cxx11::basic_string<char, std::char_traits<char>, std::allocator<char> > > >::reserve(unsigned long)
calls=1 0 
0 247 48 37 3 1 1 3 0 1
0 74 0 21 0 0 4 0 0 4
cob=(2)
cfi=(51)
cfn=(1330) 0x000000000010e7c0
calls=10 0 
0 204 38 0 0 4 0 0 3
0 40 0 10
cfn=(1332) void std::__cxx11::basic_string<char, std::char_traits<char>, std::allocator<char> >::_M_construct<char const*>(char const*, char const*, std::forward_iterator_tag)
calls=10 0 
0 1100 223 185 0 0 5 0 0 5
0 86 31 22 2 1 0 2
cfn=(1902) CLI::App::_validate() const
calls=1 0 
0 295 84 7 7 17 0 7
0 43 7 8 3 0 0 3
cfn=(1904) CLI::App::_parse_single(std::vector<std::__cxx11::basic_string<char, std::char_traits<char>, std::allocator<char> >, std::allocator<std::__cxx11::basic_string<char, std::char_traits<char>, std::allocator<char> > > >&, bool&)
calls=6 0 
0 28094 7230 4817 122 9 5 107 1 5
0 30 12 1 1 0 0 1
cfn=(1934) CLI::App::_process_help_flags(bool, bool) const
calls=1 0 
0 31 11 4 4 3 0 4
0 2 0 1
cfn=(1936) CLI::App::_process_config_file()
calls=1 0 
0 26 11 7 2 1 0 2
0 2 0 1
cfn=(1938) CLI::App::_process_env()
calls=1 0 
0 227 100 7 5 15 0 5
0 2 0 1
cfn=(1940) CLI::App::_process_callbacks()
calls=1 0 
0 20802 5270 3624 238 163 46 95 9 26
0 2 0 1 1 0 0 1
cfn=(2052) CLI::App::_process_requirements()
calls=1 0 
0 335 123 19 17 11 0 17
0 12 4 1 0 1
cfn=(2054) CLI::App::run_callback(bool, bool)
calls=1 0 
0 45 15 9 6 3 0 6
0 2 0 1
cfn=(1470) std::vector<std::__cxx11::basic_string<char, std::char_traits<char>, std::allocator<char> >, std::allocator<std::__cxx11::basic_string<char, std::char_traits<char>, std::allocator<char> > > >::~vector()
calls=1 0 
0 117 37 18 2 2
0 15 10 2 2 1 1 2
cob=(2)
cfi=(51)
cfn=(1330)
calls=1 0 
0 32 6 0 1 2 0 1
0 6 0 1
cfn=(1826) std::__cxx11::basic_string<char, std::char_traits<char>, std::allocator<char> >::_M_replace(unsigned long, unsigned long, char const*, unsigned long)
calls=1 0 
0 341 68 56 12 0 2 8 0 2
0 9 2 2 2 1 0 2

fn=(1908) CLI::App::_valid_subcommand(std::__cxx11::basic_string<char, std::char_traits<char>, std::allocator<char> > const&, bool) const
0 234 90 48 5 0 0 5

fn=(1912) std::__cxx11::basic_string<char, std::char_traits<char>, std::allocator<char> >::compare(unsigned long, unsigned long, char const*) const [clone .isra.0]
0 160 0 60 2 0 0 2
cob=(2)
cfi=(51)
cfn=(1330)
calls=10 0 
0 160 30
0 90 0 10
cob=(2)
cfi=(51)
cfn=(1462)
calls=10 0 
0 216 44
0 136 60 0 1 0 0 1

fn=(1914) std::__cxx11::basic_string<char, std::char_traits<char>, std::allocator<char> >::find(char, unsigned long) const [clone .constprop.1]
0 110 20 30 1 0 0 1
cob=(2)
cfi=(51)
cfn=(1426) 0x000000000010ea00
calls=10 0 
0 256 34 0 4 0 0 4
0 90 30

fn=(1916) CLI::App::_find_subcommand(std::__cxx11::basic_string<char, std::char_traits<char>, std::allocator<char> > const&, bool, bool) const
0 64 24 18 3 0 0 3

fn=(1924) std::__cxx11::basic_string<char, std::char_traits<char>, std::allocator<char> >::assign(char const*)
0 64 0 24 1 0 0 1
cob=(2)
cfi=(51)
cfn=(1330)
calls=8 0 
0 128 24
0 72 24 0 1 0 0 1
cfn=(1826)
calls=8 0 
0 408 80 64 1

fn=(1930) std::vector<std::__cxx11::basic_string<char, std::char_traits<char>, std::allocator<char> >, std::allocator<std::__cxx11::basic_string<char, std::char_traits<char>, std::allocator<char> > > >::pop_back()
0 36 12 4 2 0 0 2

fn=(1948) std::_Function_handler<std::__cxx11::basic_string<char, std::char_traits<char>, std::allocator<char> > (std::__cxx11::basic_string<char, std::char_traits<char>, std::allocator<char> >&), CLI::detail::ExistingFileValidator::ExistingFileValidator()::{lambda(std::__cxx11::basic_string<char, std::char_traits<char>, std::allocator<char> >&)#1}>::_M_invoke(std::_Any_data const&, std::__cxx11::basic_string<char, std::char_traits<char>, std::allocator<char> >&)
0 36 4 18 2 0 0 2
cob=(2)
cfi=(51)
cfn=(1950) 0x000000000010e830
calls=2 0 
0 10 4 0 2 1 0 2
0 6 0 4
cob=(2)
cfi=(51)
cfn=(1330)
calls=2 0 
0 56 10
0 12 0 4
cfn=(1332)
calls=2 0 
0 520 102 86 0 0 4 0 0 4
0 4 0 2
cob=(2)
cfi=(51)
cfn=(1954) 0x000000000010e720
calls=2 0 
0 10 4 2 2 1 0 1
0 4 0 2
cob=(2)
cfi=(51)
cfn=(1958) 0x000000000010e900
calls=2 0 
0 5311 1152 1108 79 51 24 31 1 6
0 6 0 2 1 0 0 1
cob=(2)
cfi=(51)
cfn=(2010) 0x000000000010eb10
calls=2 0 
0 1737 563 290 20 45 0 13 4
0 12 2 2
cob=(2)
cfi=(51)
cfn=(2026) 0x000000000010e710
calls=2 0 
0 2500 718 348 6 19 0 6
0 12 4 2
cob=(2)
cfi=(51)
cfn=(1354) 0x000000000010e9d0
calls=2 0 
0 198 62 30
0 46 20 6 2 0 0 2

fn=(2076) walnutpie::DynamicStanModel::DynamicStanModel(char const*, char const*, unsigned int, void (*)(char const*, unsigned long))
0 19 1 8 2 0 0 2
cob=(2)
cfi=(51)
cfn=(2078) 0x000000000010eb00
calls=1 0 
0 797026 200651 74939 1676 6484 800 734 2191 541
0 7 0 2 2 0 1 1
cob=(2)
cfi=(51)
cfn=(2580) 0x000000000010e970
calls=1 0 
0 878 223 132 27 21 8 2 1
0 7 1 2
cob=(2)
cfi=(51)
cfn=(2580)
calls=1 0 
0 855 221 132 4 8 0 0 1
0 9 1 2 1 0 0 1
cob=(10)
cfi=(274)
cfn=(2584)
calls=1 0 
0 80412283 24457775 14578341 2776 23707 27374 1453 505 12351
0 7 0 3 1 0 2
cfn=(3236) void (*walnutpie::internal::dlsym_cast_impl<void (*)(char*)>(std::unique_ptr<void, walnutpie::internal::dlclose_deleter>&, char const*))(char*)
calls=1 0 
0 887 233 139 76 32 10 2
0 5 1 2 1 0 0 1
cob=(2)
cfi=(51)
cfn=(2580)
calls=1 0 
0 820 217 132 2 5 1 0 1
0 7 1 2
cob=(2)
cfi=(51)
cfn=(2580)
calls=1 0 
0 814 215 132 4 5
0 7 1 2 1 0 0 1
cob=(2)
cfi=(51)
cfn=(2580)
calls=1 0 
0 912 230 132 0 6
0 7 1 2
cob=(2)
cfi=(51)
cfn=(2580)
calls=1 0 
0 849 222 132 2 2
0 7 1 2 1 0 0 1
cob=(2)
cfi=(51)
cfn=(2580)
calls=1 0 
0 863 222 132 4 3 0 0 1
0 7 1 2
cob=(2)
cfi=(51)
cfn=(2580)
calls=1 0 
0 782 215 132 0 2
0 7 1 2 1 0 0 1
cob=(2)
cfi=(51)
cfn=(2580)
calls=1 0 
0 833 220 132 0 3
0 7 1 2 0 0 1
cob=(2)
cfi=(51)
cfn=(2580)
calls=1 0 
0 841 219 132 4 2
0 7 1 2 1 0 0 1
cob=(2)
cfi=(51)
cfn=(2580)
calls=1 0 
0 903 227 132 1 3 0 0 1
0 5 0 1
cob=(10)
cfi=(274)
cfn=(3238)
calls=1 0 
0 30 11 7 4 2 0 4
0 11 9 0 0 2

fn=(3544) std::ostream& Eigen::internal::print_matrix<Eigen::Matrix<double, -1, 1, 0, -1, 1> >(std::ostream&, Eigen::Matrix<double, -1, 1, 0, -1, 1> const&, Eigen::IOFormat const&)
0 42 13 12 4 1 1 4
cob=(2)
cfi=(51)
cfn=(1796) 0x000000000010ea20
calls=1 0 
0 112 43 23 4 1
0 1558 778 388
cob=(2)
cfi=(51)
cfn=(1796)
calls=388 0 
0 43456 16684 8924
0 1556 778 389 1 0 0 1
cob=(2)
cfi=(51)
cfn=(1796)
calls=389 0 
0 43568 16727 8947
0 6224 3112 1167 2 6 0 2
cob=(2)
cfi=(51)
cfn=(1688) 0x000000000010eb90
calls=389 0 
0 1118306 241011 168286 2773 45 68 9 2
0 1556 778 389
cob=(2)
cfi=(51)
cfn=(1796)
calls=389 0 
0 43568 16727 8947 1
0 3496 1165 388 0 1
cob=(2)
cfi=(51)
cfn=(1796)
calls=388 0 
0 88464 25996 15132
0 780 390 1 1 0 0 1
cob=(2)
cfi=(51)
cfn=(1796)
calls=1 0 
0 112 43 23
0 3924 796 393 5 1 0 5
cfn=(1826)
calls=389 0 
0 29177 5446 4279 1169 1
0 8169 2723 2334 2 0 0 2
cob=(2)
cfi=(51)
cfn=(1440) 0x000000000010eb20
calls=389 0 
0 3890 1945 389 1 0 0 1
0 7002 3112 3112 778 0 0 1
cob=(2)
cfi=(51)
cfn=(3558) 0x000000000010e760
calls=389 0 
0 22173 8169 4668 1 1
0 2334 778 778 1 0 0 1
cob=(2)
cfi=(51)
cfn=(3546) 0x000000000010e750
calls=389 0 
0 33843 5057 11670 10 5 0 1
0 6613 1556 3501 390 1 0 2
cob=(2)
cfi=(51)
cfn=(3548) 0x000000000010eae0
calls=389 0 
0 86747 29564 17116 413 12 1
0 3501 1167 1167 1 2 0 1
cob=(2)
cfi=(51)
cfn=(3548)
calls=389 0 
0 86747 29564 17116
0 7002 1556 3501 2 1 0 2
cob=(2)
cfi=(51)
cfn=(1436) 0x000000000010ecb0
calls=389 0 
0 10503 4279 2334 1 1 0 1
0 5057 0 3112 1 0 0 1
cob=(2)
cfi=(51)
cfn=(3548)
calls=389 0 
0 86747 29564 17116
0 1945 778 389
cob=(2)
cfi=(51)
cfn=(3550) 0x000000000010e7e0
calls=389 0 
0 131465 43819 25032 55 43 9 10 2
0 1945 1167 389 1 10 0 1
cob=(2)
cfi=(51)
cfn=(1688)
calls=389 0 
0 1096548 239256 165996 6660 4 18 1
0 3893 389 1169 1 0 0 1

fn=(3820) 0x000000000000dad0
0 5 1 0 1 0 0 1

fn=(1340) void std::__cxx11::basic_string<char, std::char_traits<char>, std::allocator<char> >::_M_construct<char*>(char*, char*, std::forward_iterator_tag) [clone .constprop.0]
0 18263 1128 3489 10 0 2 5
cob=(2)
cfi=(51)
cfn=(1342) 0x000000000010e9c0
calls=360 0 
0 29548 6795 4144 42 5 48 0 0 44
0 2160 0 1080 6
cob=(2)
cfi=(51)
cfn=(1334) 0x000000000010e930
calls=360 0 
0 4843 1470 740 0 2 2 0 0 1
0 1434 0 478 4 0 0 1
cob=(2)
cfi=(51)
cfn=(1334)
calls=478 0 
0 7919 1912 956 2 14
0 5866 4190 1676

fn=(1454) CLI::detail::get_names(std::vector<std::__cxx11::basic_string<char, std::char_traits<char>, std::allocator<char> >, std::allocator<std::__cxx11::basic_string<char, std::char_traits<char>, std::allocator<char> > > > const&, bool)
0 2024 230 1058 60 0 0 5
cfn=(1340)
calls=46 0 
0 4576 996 808 0 0 2 0 0 2
0 12 4 4
cfn=(1340)
calls=2 0 
0 90 20 16
0 752 144 92 1 0 0 1
cfn=(1332)
calls=46 0 
0 2254 460 368
0 138 0 46
cfn=(1460) std::__cxx11::basic_string<char, std::char_traits<char>, std::allocator<char> >::compare(char const*) const
calls=46 0 
0 3296 652 276 26 1 0 2 1
0 158 46 4 1 0 0 1
cfn=(1460)
calls=4 0 
0 224 56 24 1
0 20 0 4
cfn=(1460)
calls=4 0 
0 272 64 24
0 20 0 4 1 0 0 1
cfn=(1460)
calls=4 0 
0 272 64 24 0 1 0 0 1
0 248 34 4 3 0 0 2
cfn=(1488) std::__cxx11::basic_string<char, std::char_traits<char>, std::allocator<char> >::_M_assign(std::__cxx11::basic_string<char, std::char_traits<char>, std::allocator<char> > const&)
calls=4 0 
0 228 60 44 3
0 228 76 28 16 0 0 1
cob=(2)
cfi=(51)
cfn=(1354)
calls=28 0 
0 2772 868 420
0 512 186 92 3 0 0 1
cfn=(1340)
calls=46 0 
0 1188 250 242
0 138 46 46
cfn=(1468) std::vector<std::__cxx11::basic_string<char, std::char_traits<char>, std::allocator<char> >, std::allocator<std::__cxx11::basic_string<char, std::char_traits<char>, std::allocator<char> > > >::vector(std::vector<std::__cxx11::basic_string<char, std::char_traits<char>, std::allocator<char> >, std::allocator<std::__cxx11::basic_string<char, std::char_traits<char>, std::allocator<char> > > > const&)
calls=46 0 
0 11470 2473 2023 99 0 20 9 0 20
0 184 92 46
cfn=(1468)
calls=46 0 
0 2248 636 622 0 0 2 0 0 2
0 230 138 46 16 0 0 1
cfn=(1470)
calls=46 0 
0 7616 2366 1120 5 0 0 2
0 92 46 46
cfn=(1470)
calls=46 0 
0 914 342 168 5
0 1150 588 84 43 0 0 3
cfn=(1332)
calls=42 0 
0 4654 968 798 0 0 6 0 0 6
0 126 0 42 13 0 0 1
cfn=(1464) std::__cxx11::basic_string<char, std::char_traits<char>, std::allocator<char> >::operator=(std::__cxx11::basic_string<char, std::char_traits<char>, std::allocator<char> >&&)
calls=42 0 
0 1646 436 378 20 0 0 4
0 192 64 22
cob=(2)
cfi=(51)
cfn=(1354)
calls=22 0 
0 2178 682 330
0 9072 838 42 47 0 0 3
cfn=(1466) void std::vector<std::__cxx11::basic_string<char, std::char_traits<char>, std::allocator<char> >, std::allocator<std::__cxx11::basic_string<char, std::char_traits<char>, std::allocator<char> > > >::_M_realloc_insert<std::__cxx11::basic_string<char, std::char_traits<char>, std::allocator<char> > const&>(__gnu_cxx::__normal_iterator<std::__cxx11::basic_string<char, std::char_traits<char>, std::allocator<char> >*, std::vector<std::__cxx11::basic_string<char, std::char_traits<char>, std::allocator<char> >, std::allocator<std::__cxx11::basic_string<char, std::char_traits<char>, std::allocator<char> > > > >, std::__cxx11::basic_string<char, std::char_traits<char>, std::allocator<char> > const&)
calls=42 0 
0 10882 2258 1914 124 2 12 10 0 11
0 64 6 4 3 0 0 3
cfn=(1456) void std::vector<std::__cxx11::basic_string<char, std::char_traits<char>, std::allocator<char> >, std::allocator<std::__cxx11::basic_string<char, std::char_traits<char>, std::allocator<char> > > >::_M_realloc_insert<int, char&>(__gnu_cxx::__normal_iterator<std::__cxx11::basic_string<char, std::char_traits<char>, std::allocator<char> >*, std::vector<std::__cxx11::basic_string<char, std::char_traits<char>, std::allocator<char> >, std::allocator<std::__cxx11::basic_string<char, std::char_traits<char>, std::allocator<char> > > > >, int&&, char&)
calls=2 0 
0 328 72 64 11 0 0 11
0 2 0 0 1 0 0 1

fn=(1468)
0 9804 998 4356 26 0 0 2
cob=(2)
cfi=(51)
cfn=(1342)
calls=364 0 
0 25726 6175 3555 8 0 22 3 0 22
0 13192 2227 2600 39 0 0 3
cob=(2)
cfi=(51)
cfn=(1334)
calls=144 0 
0 2324 576 288
0 1596 144 218 8
cob=(2)
cfi=(51)
cfn=(1342)
calls=218 0 
0 13438 3366 1832 0 0 4 0 0 4
0 1308 0 654
cob=(2)
cfi=(51)
cfn=(1334)
calls=218 0 
0 2834 872 436
0 5197 3711 634 20 0 0 1

fn=(1494) CLI::Option* CLI::App::add_option<unsigned long, unsigned long, (CLI::detail::enabler)0>(std::__cxx11::basic_string<char, std::char_traits<char>, std::allocator<char> >, unsigned long&, std::__cxx11::basic_string<char, std::char_traits<char>, std::allocator<char> >) [clone .isra.0]
0 168 6 78 3 0 0 3
cfn=(1340)
calls=6 0 
0 772 168 136 1 0 1 0 0 1
0 96 12 30 3 0 0 1
cfn=(1340)
calls=6 0 
0 443 102 81 0 1
0 54 6 6 1 0 0 1
cfn=(1430) CLI::App::add_option(std::__cxx11::basic_string<char, std::char_traits<char>, std::allocator<char> >, std::function<bool (std::vector<std::__cxx11::basic_string<char, std::char_traits<char>, std::allocator<char> >, std::allocator<std::__cxx11::basic_string<char, std::char_traits<char>, std::allocator<char> > > > const&)>, std::__cxx11::basic_string<char, std::char_traits<char>, std::allocator<char> >, bool, std::function<std::__cxx11::basic_string<char, std::char_traits<char>, std::allocator<char> > ()>)
calls=6 0 
0 62022 15860 11111 352 3 81 50 1 81
0 33 9 3
cob=(2)
cfi=(51)
cfn=(1354)
calls=3 0 
0 318 97 44
0 42 6 6
cfn=(1496) std::_Function_handler<bool (std::vector<std::__cxx11::basic_string<char, std::char_traits<char>, std::allocator<char> >, std::allocator<std::__cxx11::basic_string<char, std::char_traits<char>, std::allocator<char> > > > const&), CLI::App::add_option<unsigned long, unsigned long, (CLI::detail::enabler)0>(std::__cxx11::basic_string<char, std::char_traits<char>, std::allocator<char> >, unsigned long&, std::__cxx11::basic_string<char, std::char_traits<char>, std::allocator<char> >)::{lambda(std::vector<std::__cxx11::basic_string<char, std::char_traits<char>, std::allocator<char> >, std::allocator<std::__cxx11::basic_string<char, std::char_traits<char>, std::allocator<char> > > > const&)#1}>::_M_manager(std::_Any_data&, std::_Any_data const&, std::_Manager_operation)
calls=6 0 
0 54 6
0 36 12 6 1 0 0 1
cob=(2)
cfi=(51)
cfn=(1354)
calls=6 0 
0 594 186 90
0 42 6 6
cfn=(1506) std::_Function_handler<std::__cxx11::basic_string<char, std::char_traits<char>, std::allocator<char> > (), CLI::App::add_option<unsigned long, unsigned long, (CLI::detail::enabler)0>(std::__cxx11::basic_string<char, std::char_traits<char>, std::allocator<char> >, unsigned long&, std::__cxx11::basic_string<char, std::char_traits<char>, std::allocator<char> >)::{lambda()#2}>::_M_manager(std::_Any_data&, std::_Any_data const&, std::_Manager_operation)
calls=6 0 
0 54 6
0 18 0 6
cfn=(1328) std::__cxx11::basic_string<char, std::char_traits<char>, std::allocator<char> >::basic_string<std::allocator<char> >(char const*, std::allocator<char> const&) [clone .constprop.0]
calls=6 0 
0 486 90 72 0 1 0 0 1
0 24 12 6 1 0 0 1
cfn=(1508) CLI::Option::type_name(std::__cxx11::basic_string<char, std::char_traits<char>, std::allocator<char> >) [clone .isra.0]
calls=6 0 
0 1074 252 234 22 0 0 6
0 120 66 12 1 0 0 1

fn=(1500) CLI::detail::find_member(std::__cxx11::basic_string<char, std::char_traits<char>, std::allocator<char> >, std::vector<std::__cxx11::basic_string<char, std::char_traits<char>, std::allocator<char> >, std::allocator<std::__cxx11::basic_string<char, std::char_traits<char>, std::allocator<char> > > >, bool, bool)
0 20495 5152 3323 109 0 0 7
cfn=(1504)
calls=320 0 
0 2588 1112 20 26 0 0 2
0 1810 0 0 24 0 0 2

fn=(1506)
0 180 24 6 2 0 0 1

fn=(1628) CLI::Option::_validate_results(std::vector<std::__cxx11::basic_string<char, std::char_traits<char>, std::allocator<char> >, std::allocator<std::__cxx11::basic_string<char, std::char_traits<char>, std::allocator<char> > > >&) const
0 445 95 180 39 1 0 4
cfn=(1942) CLI::Option::_validate(std::__cxx11::basic_string<char, std::char_traits<char>, std::allocator<char> >&, int) const
calls=5 0 
0 17814 4458 3247 192 153 45 86 9 26
0 325 235 0 20 0 0 2

fn=(1680) CLI::Option* CLI::App::add_option<double, double, (CLI::detail::enabler)0>(std::__cxx11::basic_string<char, std::char_traits<char>, std::allocator<char> >, double&, std::__cxx11::basic_string<char, std::char_traits<char>, std::allocator<char> >) [clone .isra.0]
0 336 12 156 36 0 0 3
cfn=(1340)
calls=12 0 
0 1413 315 252 0 0 1 0 0 1
0 192 24 60 12 0 0 1
cfn=(1340)
calls=12 0 
0 1189 274 217 0 1
0 108 12 12 12 0 0 1
cfn=(1430)
calls=12 0 
0 224251 60327 39307 1805 60 163 2 0 162
0 81 23 11
cob=(2)
cfi=(51)
cfn=(1354)
calls=11 0 
0 1108 345 164 1
0 84 12 12 12 0 0 1
cfn=(1682)
calls=12 0 
0 108 12
0 72 24 12
cob=(2)
cfi=(51)
cfn=(1354)
calls=12 0 
0 1209 376 179
0 84 12 12 12 0 0 1
cfn=(1684) std::_Function_handler<std::__cxx11::basic_string<char, std::char_traits<char>, std::allocator<char> > (), CLI::App::add_option<double, double, (CLI::detail::enabler)0>(std::__cxx11::basic_string<char, std::char_traits<char>, std::allocator<char> >, double&, std::__cxx11::basic_string<char, std::char_traits<char>, std::allocator<char> >)::{lambda()#2}>::_M_manager(std::_Any_data&, std::_Any_data const&, std::_Manager_operation)
calls=12 0 
0 108 12
0 36 0 12
cfn=(1328)
calls=12 0 
0 972 180 144 0 5 0 0 1
0 48 24 12
cfn=(1508)
calls=12 0 
0 2148 504 468 63
0 240 132 24 24 0 0 2

fn=(1686) CLI::Option* CLI::Option::default_val<double>(double const&)
0 216 12 108 24 0 0 2
cob=(2)
cfi=(51)
cfn=(1512) 0x000000000010e8a0
calls=12 0 
0 10248 3144 2376 325 14
0 36 12 12 5 0 0 1
cob=(2)
cfi=(51)
cfn=(1688)
calls=12 0 
0 33210 7700 5007 1988 126 28 192 20 1
0 48 0 12
cob=(2)
cfi=(51)
cfn=(1574) 0x000000000010e8d0
calls=12 0 
0 1383 291 246 105
0 36 0 12
cob=(2)
cfi=(51)
cfn=(1602) 0x000000000010e8e0
calls=12 0 
0 1248 396 276 119 11
0 180 60 84 24 0 0 2
cfn=(1340)
calls=12 0 
0 498 111 90 1
0 48 0 12
cfn=(1624) CLI::Option::_add_result(std::__cxx11::basic_string<char, std::char_traits<char>, std::allocator<char> >&&, std::vector<std::__cxx11::basic_string<char, std::char_traits<char>, std::allocator<char> >, std::allocator<std::__cxx11::basic_string<char, std::char_traits<char>, std::allocator<char> > > >&) const
calls=12 0 
0 2226 546 396 114
0 168 48 36 24 0 0 2
cfn=(1472) std::vector<std::__cxx11::basic_string<char, std::char_traits<char>, std::allocator<char> >, std::allocator<std::__cxx11::basic_string<char, std::char_traits<char>, std::allocator<char> > > >::operator=(std::vector<std::__cxx11::basic_string<char, std::char_traits<char>, std::allocator<char> >, std::allocator<std::__cxx11::basic_string<char, std::char_traits<char>, std::allocator<char> > > >&&)
calls=12 0 
0 1680 516 300 57
0 36 0 12
cfn=(1464)
calls=12 0 
0 561 147 102 46 1
0 24 0 12
cfn=(1470)
calls=12 0 
0 180 72 36 13
0 216 120 12 12 0 0 1
cfn=(1626) CLI::Option::run_callback()
calls=12 0 
0 10161 2245 1294 823 9 11 80 6 10
0 24 0 12

fn=(1826)
0 2182909 101573 355360 808 0 15 3
cob=(2)
cfi=(51)
cfn=(1334)
calls=50740 0 
0 766586 204694 103170 3 33 724
0 610502 406160 101547 399 0 5 2
cfn=(1898) std::__cxx11::basic_string<char, std::char_traits<char>, std::allocator<char> >::_M_mutate(unsigned long, unsigned long, char const*, unsigned long)
calls=7 0 
0 23439 19315 19191 26 27 213 6 0 2
0 101505 8 8 6 0 0 1

fn=(1906) CLI::App::_recognize(std::__cxx11::basic_string<char, std::char_traits<char>, std::allocator<char> > const&, bool) const
0 168 6 96 2 0 0 2
cfn=(1460)
calls=6 0 
0 424 88 36
0 114 60 6 1 0 0 1
cfn=(1908)
calls=6 0 
0 234 90 48 5 0 0 5
0 42 6 6 1 0 0 1
cfn=(1910) CLI::detail::split_long(std::__cxx11::basic_string<char, std::char_traits<char>, std::allocator<char> > const&, std::__cxx11::basic_string<char, std::char_traits<char>, std::allocator<char> >&, std::__cxx11::basic_string<char, std::char_traits<char>, std::allocator<char> >&)
calls=6 0 
0 1736 370 242 12 0 0 11
0 32 8 2 1 0 0 1
cfn=(1460)
calls=2 0 
0 136 32 12
0 10 0 2
cfn=(1914)
calls=2 0 
0 120 20 6 5 0 0 5
0 70 16 8 3 0 0 3
cfn=(1332)
calls=2 0 
0 376 78 64 0 0 1 0 0 1
0 10 2 2
cfn=(1916)
calls=2 0 
0 64 24 18 3 0 0 3
0 14 6 2 1 0 0 1
cob=(2)
cfi=(51)
cfn=(1354)
calls=2 0 
0 198 62 30
0 12 0 0 1 0 0 1

fn=(1946) CLI::Range::Range<double>(double, double, std::__cxx11::basic_string<char, std::char_traits<char>, std::allocator<char> > const&)::{lambda(std::__cxx11::basic_string<char, std::char_traits<char>, std::allocator<char> >&)#1}::operator()(std::__cxx11::basic_string<char, std::char_traits<char>, std::allocator<char> >&) const
0 40 6 18 2 2 0 2
cfn=(1776) bool CLI::detail::lexical_cast<double, (CLI::detail::enabler)0>(std::__cxx11::basic_string<char, std::char_traits<char>, std::allocator<char> > const&, double&)
calls=2 0 
0 954 182 116 48 4 9 0 0 8
0 50 24 6 3 1 0 3

fn=(2038) std::_Function_handler<bool (std::vector<std::__cxx11::basic_string<char, std::char_traits<char>, std::allocator<char> >, std::allocator<std::__cxx11::basic_string<char, std::char_traits<char>, std::allocator<char> > > > const&), CLI::App::add_option<std::__cxx11::basic_string<char, std::char_traits<char>, std::allocator<char> >, std::__cxx11::basic_string<char, std::char_traits<char>, std::allocator<char> >, (CLI::detail::enabler)0>(std::__cxx11::basic_string<char, std::char_traits<char>, std::allocator<char> >, std::__cxx11::basic_string<char, std::char_traits<char>, std::allocator<char> >&, std::__cxx11::basic_string<char, std::char_traits<char>, std::allocator<char> >)::{lambda(std::vector<std::__cxx11::basic_string<char, std::char_traits<char>, std::allocator<char> >, std::allocator<std::__cxx11::basic_string<char, std::char_traits<char>, std::allocator<char> > > > const&)#1}>::_M_invoke(std::_Any_data const&, std::vector<std::__cxx11::basic_string<char, std::char_traits<char>, std::allocator<char> >, std::allocator<std::__cxx11::basic_string<char, std::char_traits<char>, std::allocator<char> > > > const&)
0 15 6 3 1 0 0 1
cfn=(1488)
calls=3 0 
0 420 102 72 5 1 1 1
0 9 3

fn=(2064) std::_Function_handler<std::__cxx11::basic_string<char, std::char_traits<char>, std::allocator<char> > (CLI::App const*, CLI::Error const&), std::__cxx11::basic_string<char, std::char_traits<char>, std::allocator<char> > (*)(CLI::App const*, CLI::Error const&)>::_M_manager(std::_Any_data&, std::_Any_data const&, std::_Manager_operation)
0 9 1

fn=(2072) std::_Function_handler<std::__cxx11::basic_string<char, std::char_traits<char>, std::allocator<char> > (), CLI::Option::type_name(std::__cxx11::basic_string<char, std::char_traits<char>, std::allocator<char> >)::{lambda()#1}>::_M_manager(std::_Any_data&, std::_Any_data const&, std::_Manager_operation)
0 483 42 84 2 11 0 2
cob=(2)
cfi=(51)
cfn=(1354)
calls=21 0 
0 2499 731 295 0 4
0 105 84

fn=(3738)
0 14 2 2 1 2 0 1
cfn=(3740) std::_Function_handler<std::__cxx11::basic_string<char, std::char_traits<char>, std::allocator<char> > (std::__cxx11::basic_string<char, std::char_traits<char>, std::allocator<char> >&), CLI::TypeValidator<double>::TypeValidator(std::__cxx11::basic_string<char, std::char_traits<char>, std::allocator<char> > const&)::{lambda(std::__cxx11::basic_string<char, std::char_traits<char>, std::allocator<char> >&)#1}>::_M_manager(std::_Any_data&, std::_Any_data const&, std::_Manager_operation)
calls=1 0 
0 7 1 0 1 0 0 1
0 7 1 1
cfn=(3742) std::_Function_handler<std::__cxx11::basic_string<char, std::char_traits<char>, std::allocator<char> > (), CLI::Validator::Validator(std::__cxx11::basic_string<char, std::char_traits<char>, std::allocator<char> >, std::function<std::__cxx11::basic_string<char, std::char_traits<char>, std::allocator<char> > (std::__cxx11::basic_string<char, std::char_traits<char>, std::allocator<char> >&)>)::{lambda()#1}>::_M_manager(std::_Any_data&, std::_Any_data const&, std::_Manager_operation)
calls=1 0 
0 148 41 18 2 1 0 2
0 2 2 0 1 0 0 1

fn=(3742)
0 23 2 4 2 1 0 2
cob=(2)
cfi=(51)
cfn=(1354)
calls=1 0 
0 120 35 14
0 5 4

fn=(3748) std::_Function_handler<std::__cxx11::basic_string<char, std::char_traits<char>, std::allocator<char> > (), CLI::Validator::desc_function_::{lambda()#1}>::_M_manager(std::_Any_data&, std::_Function_handler<std::__cxx11::basic_string<char, std::char_traits<char>, std::allocator<char> > (), CLI::Validator::desc_function_::{lambda()#1}> const&, std::_Manager_operation)
0 7 1 0 1 0 0 1

fn=(1350) CLI::detail::ExistingPathValidator::ExistingPathValidator()
0 18 1 7 2 0 0 2
cfn=(1332)
calls=1 0 
0 44 10 8 1 0 0 1
0 6 2 2
cfn=(1340)
calls=1 0 
0 43 10 8
0 6 0 4 1 0 1 1 0 1
cob=(2)
cfi=(51)
cfn=(1342)
calls=1 0 
0 203 39 30
0 50 4 16 3 0 1 3 0 1
cfn=(1346) std::_Function_handler<std::__cxx11::basic_string<char, std::char_traits<char>, std::allocator<char> > (std::__cxx11::basic_string<char, std::char_traits<char>, std::allocator<char> >&), CLI::Validator::func_::{lambda(std::__cxx11::basic_string<char, std::char_traits<char>, std::allocator<char> >&)#1}>::_M_manager(std::_Any_data&, std::_Function_handler<std::__cxx11::basic_string<char, std::char_traits<char>, std::allocator<char> > (std::__cxx11::basic_string<char, std::char_traits<char>, std::allocator<char> >&), CLI::Validator::func_::{lambda(std::__cxx11::basic_string<char, std::char_traits<char>, std::allocator<char> >&)#1}> const&, std::_Manager_operation)
calls=1 0 
0 7 1
0 12 8 1 1 0 0 1

fn=(1424) CLI::App::_add_flag_internal(std::__cxx11::basic_string<char, std::char_traits<char>, std::allocator<char> >, std::function<bool (std::vector<std::__cxx11::basic_string<char, std::char_traits<char>, std::allocator<char> >, std::allocator<std::__cxx11::basic_string<char, std::char_traits<char>, std::allocator<char> > > > const&)>, std::__cxx11::basic_string<char, std::char_traits<char>, std::allocator<char> >)
0 198 28 44 6 0 0 3
cob=(2)
cfi=(51)
cfn=(1426)
calls=22 0 
0 484 66 0 4 2 0 3 1
0 156 25 48 14 0 0 7
cfn=(1430)
calls=2 0 
0 18078 4521 3274 273 13 41 207 5 26
0 18 4 1 1
cfn=(1662) std::_Function_handler<bool (std::vector<std::__cxx11::basic_string<char, std::char_traits<char>, std::allocator<char> >, std::allocator<std::__cxx11::basic_string<char, std::char_traits<char>, std::allocator<char> > > > const&), CLI::App::add_flag<bool, (CLI::detail::enabler)0>(std::__cxx11::basic_string<char, std::char_traits<char>, std::allocator<char> >, bool&, std::__cxx11::basic_string<char, std::char_traits<char>, std::allocator<char> >)::{lambda(std::vector<std::__cxx11::basic_string<char, std::char_traits<char>, std::allocator<char> >, std::allocator<std::__cxx11::basic_string<char, std::char_traits<char>, std::allocator<char> > > > const&)#1}>::_M_manager(std::_Any_data&, std::_Any_data const&, std::_Manager_operation)
calls=1 0 
0 9 1
0 12 6 2 1 0 0 1
cob=(2)
cfi=(51)
cfn=(1354)
calls=2 0 
0 198 62 30
0 58 28 14 6 0 0 3

fn=(1448) CLI::detail::trim_copy(std::__cxx11::basic_string<char, std::char_traits<char>, std::allocator<char> > const&)
0 828 138 276 26 0 0 2
cfn=(1340)
calls=46 0 
0 4526 999 796 5 0 5 0 0 5
0 92 0 46
cfn=(1450) CLI::detail::rtrim(std::__cxx11::basic_string<char, std::char_traits<char>, std::allocator<char> >&)
calls=46 0 
0 5014 1932 966 142 0 0 5
0 92 0 46
cfn=(1452) CLI::detail::ltrim(std::__cxx11::basic_string<char, std::char_traits<char>, std::allocator<char> >&)
calls=46 0 
0 6210 2208 1104 84 0 0 4
0 322 92 92
cfn=(1340)
calls=46 0 
0 4714 1020 830 0 0 4 0 0 4
0 222 74 28 14 0 0 1
cob=(2)
cfi=(51)
cfn=(1354)
calls=28 0 
0 2772 868 420
0 414 276

fn=(1450)
0 1196 184 368 57 0 0 3
cob=(2)
cfi=(51)
cfn=(1436)
calls=46 0 
0 1242 506 276 52
0 92 0 46
cob=(2)
cfi=(51)
cfn=(1438) 0x000000000010e7b0
calls=46 0 
0 966 460 92 2
0 230 92 46 3 0 0 1
cob=(2)
cfi=(51)
cfn=(1440)
calls=46 0 
0 460 230 46 9
0 828 460 92 19 0 0 1

fn=(1452)
0 1150 184 368 41 0 0 3
cob=(2)
cfi=(51)
cfn=(1436)
calls=46 0 
0 1242 506 276
0 92 0 46
cob=(2)
cfi=(51)
cfn=(1438)
calls=46 0 
0 966 460 92
0 230 92 46
cob=(2)
cfi=(51)
cfn=(1440)
calls=46 0 
0 460 230 46
0 552 92 46 15 0 0 1
cfn=(1442) std::__cxx11::basic_string<char, std::char_traits<char>, std::allocator<char> >::_M_erase(unsigned long, unsigned long)
calls=46 0 
0 966 230 184 28
0 552 414

fn=(1456)
0 84 8 22 3 0 0 3
cfn=(1458)
calls=2 0 
0 46 12 12 2 0 0 2
0 50 16 12 5 0 0 5
cob=(2)
cfi=(51)
cfn=(1342)
calls=2 0 
0 118 30 16
0 30 6 2 1 0 0 1

fn=(1470)
0 9137 2198 809 6 777 0 1
cob=(2)
cfi=(51)
cfn=(1354)
calls=50 0 
0 4950 1550 750
0 1349 464 0 2
cob=(2)
cfi=(51)
cfn=(1354)
calls=93 0 
0 9362 2924 1409 3 21
0 5458 640 0 27 0 0 2

fn=(1476) void CLI::OptionBase<CLI::OptionDefaults>::copy_to<CLI::Option>(CLI::Option*) const
0 1334 437 322 28 9 0 2 1
cob=(2)
cfi=(51)
cfn=(1426)
calls=161 0 
0 3542 483 0 0 1 0 0 1
0 920 0 23 14 0 0 1
cfn=(1488)
calls=23 0 
0 1311 345 253 45 0 0 4
0 854 460 162 50 0 0 4
cob=(2)
cfi=(51)
cfn=(1478) 0x000000000010ec70
calls=1 0 
0 19 7 2 3 0 0 3
0 6 0 1 1 0 0 1
cfn=(1328)
calls=1 0 
0 61 12 10
0 5 0 1
cfn=(1482) std::__cxx11::basic_string<char, std::char_traits<char>, std::allocator<char> > std::operator+<char, std::char_traits<char>, std::allocator<char> >(std::__cxx11::basic_string<char, std::char_traits<char>, std::allocator<char> >&&, char)
calls=1 0 
0 50 13 15 5 0 0 5
0 4 0 1 1 0 0 1
cob=(2)
cfi=(51)
cfn=(1326) 0x000000000010e950
calls=1 0 
0 77 15 15 2
0 2 0 1
cob=(2)
cfi=(51)
cfn=(1484) 0x000000000010e860
calls=1 0 
0 8 4 1 2 1 0 2
0 4 1

fn=(1498) CLI::Option::matching_name[abi:cxx11](CLI::Option const&) const
0 8712 2321 3586 56 8 0 4 1
cfn=(1340)
calls=22 0 
0 550 154 132
0 880 242 264 39 0 0 5
cfn=(1500)
calls=22 0 
0 1078 264 154 109 0 0 7
0 4736 1435 772 35 22 0 4
cfn=(1340)
calls=250 0 
0 17101 3914 3111 1 14
0 750 250 250
cfn=(1502) CLI::Option::check_lname(std::__cxx11::basic_string<char, std::char_traits<char>, std::allocator<char> >) const
calls=250 0 
0 117871 32361 20503 120 0 0 9
0 5171 3052 67 60 0 0 5
cob=(2)
cfi=(51)
cfn=(1478)
calls=1 0 
0 19 7 2
0 10 0 4 1 0 0 1
cob=(2)
cfi=(51)
cfn=(1326)
calls=1 0 
0 77 15 15 0 0 1 0 0 1
0 2 0 1
cob=(2)
cfi=(51)
cfn=(1484)
calls=1 0 
0 8 4 1
0 6093 3331 265 87 0 0 6
cfn=(1340)
calls=3 0 
0 135 30 24
0 9 6 3 1 0 0 1
cfn=(1878) CLI::Option::check_sname(std::__cxx11::basic_string<char, std::char_traits<char>, std::allocator<char> >) const
calls=3 0 
0 432 117 96
0 1059 309 156 10 0 0 2
cfn=(1340)
calls=39 0 
0 1755 390 312
0 117 78 39
cfn=(1878)
calls=39 0 
0 5616 1521 1248 5 0 0 5
0 546 117 78 2 0 0 2
cfn=(1340)
calls=39 0 
0 1755 390 312
0 156 39 39 1 0 0 1
cfn=(1502)
calls=39 0 
0 18135 4877 3121 6 0 1 0 0 1
0 234 0 39
cfn=(1504)
calls=39 0 
0 234 117 0 0 9
0 339 126 6 2 0 0 2
cfn=(1340)
calls=3 0 
0 135 30 24
0 12 3 3
cfn=(1502)
calls=3 0 
0 897 239 163
0 18 0 3
cfn=(1504)
calls=3 0 
0 18 9
0 24 9 0 2 0 0 1

fn=(1510) CLI::Option* CLI::Option::default_val<unsigned long>(unsigned long const&)
0 108 6 54 11 0 0 2
cob=(2)
cfi=(51)
cfn=(1512)
calls=6 0 
0 5124 1572 1188 99 11 0 7
0 18 6 6
cob=(2)
cfi=(51)
cfn=(1516) 0x000000000010e880
calls=6 0 
0 9318 2491 1279 157 88 7 55 13
0 24 0 6
cob=(2)
cfi=(51)
cfn=(1574)
calls=6 0 
0 655 141 120 35 0 0 11
0 18 0 6 4 0 0 1
cob=(2)
cfi=(51)
cfn=(1602)
calls=6 0 
0 3216 962 531 51 29 0 14 2
0 90 30 42 4 0 0 1
cfn=(1340)
calls=6 0 
0 214 51 42
0 24 0 6
cfn=(1624)
calls=6 0 
0 1110 272 198 20 0 0 6
0 84 24 18 2 0 0 2
cfn=(1472)
calls=6 0 
0 840 258 150 1
0 18 0 6
cfn=(1464)
calls=6 0 
0 253 69 48
0 12 0 6
cfn=(1470)
calls=6 0 
0 90 36 18 4
0 108 60 6 7 0 0 2
cfn=(1626)
calls=6 0 
0 2647 697 360 116 8 0 35 3
0 12 0 6

fn=(1636) bool CLI::detail::integral_conversion<unsigned long, (CLI::detail::enabler)0>(std::__cxx11::basic_string<char, std::char_traits<char>, std::allocator<char> > const&, unsigned long&)
0 189 36 81 9 0 0 2
cob=(2)
cfi=(51)
cfn=(1638) 0x000000000010e6a0
calls=9 0 
0 54 36 0 9 1 0 1
0 72 0 36 2 0 0 1
cob=(2)
cfi=(51)
cfn=(1642) 0x000000000010ead0
calls=9 0 
0 1437 213 99 53 11 0 11 2
0 180 117 9 4 0 0 2

fn=(1890) std::_Function_handler<std::__cxx11::basic_string<char, std::char_traits<char>, std::allocator<char> > (), CLI::App::add_option<std::__cxx11::basic_string<char, std::char_traits<char>, std::allocator<char> >, std::__cxx11::basic_string<char, std::char_traits<char>, std::allocator<char> >, (CLI::detail::enabler)0>(std::__cxx11::basic_string<char, std::char_traits<char>, std::allocator<char> >, std::__cxx11::basic_string<char, std::char_traits<char>, std::allocator<char> >&, std::__cxx11::basic_string<char, std::char_traits<char>, std::allocator<char> >)::{lambda()#2}>::_M_manager(std::_Any_data&, std::_Any_data const&, std::_Manager_operation)
0 90 12 3 1

fn=(1894) std::_Function_handler<std::__cxx11::basic_string<char, std::char_traits<char>, std::allocator<char> > (std::__cxx11::basic_string<char, std::char_traits<char>, std::allocator<char> >&), CLI::detail::NonexistentPathValidator::NonexistentPathValidator()::{lambda(std::__cxx11::basic_string<char, std::char_traits<char>, std::allocator<char> >&)#1}>::_M_manager(std::_Any_data&, std::_Any_data const&, std::_Manager_operation)
0 21 3 0 3 0 0 2

fn=(1928) CLI::App::_parse_arg(std::vector<std::__cxx11::basic_string<char, std::char_traits<char>, std::allocator<char> >, std::allocator<std::__cxx11::basic_string<char, std::char_traits<char>, std::allocator<char> > > >&, CLI::detail::Classifier, bool)::{lambda(std::unique_ptr<CLI::Option, std::default_delete<CLI::Option> > const&)#1}::operator()(std::unique_ptr<CLI::Option, std::default_delete<CLI::Option> > const&) const
0 1184 448 256 5 0 0 5
cfn=(1340)
calls=32 0 
0 1440 320 256
0 96 0 32
cfn=(1502)
calls=32 0 
0 13935 3685 2385 6 0 3 0 0 3
0 32

fn=(3242) void walnutpie::detail::validate_probability<double>(double, std::__cxx11::basic_string<char, std::char_traits<char>, std::allocator<char> > const&)
0 76 32 12 2 0 0 2

fn=(3260) walnutpie::DynamicStanModel::initialize(char const*, std::unique_ptr<bs_rng, void (*)(bs_rng*)>&, double) const
0 19 3 9 2 0 0 2
cob=(10)
cfi=(274)
cfn=(3250)
calls=1 0 
0 3 2
0 12 1 4 1 0 0 1
cob=(2)
cfi=(51)
cfn=(3254) 0x000000000010eac0
calls=1 0 
0 268 48 41 0 0 1
0 16 4 5 1 0 0 1
cob=(10)
cfi=(274)
cfn=(3262)
calls=1 0 
0 8340513 2669994 2328868 614 52984 53765 466 12 32977
0 16 11 0 2 2 0 1

fn=(3452) std::mersenne_twister_engine<unsigned long, 64ul, 312ul, 156ul, 31ul, 13043109905998158313ul, 29ul, 6148914691236517205ul, 17ul, 8202884508482404352ul, 37ul, 18444473444759240704ul, 43ul, 6364136223846793005ul>::_M_gen_rand()
0 1546237 200332 99847 636 3943 0 5

fn=(3582) Eigen::IOFormat::~IOFormat()
0 99 27 3 8 4 0 4

fn=(3596) std::vector<Eigen::Matrix<double, -1, 1, 0, -1, 1>, std::allocator<Eigen::Matrix<double, -1, 1, 0, -1, 1> > >::~vector()
0 28 6 8 1 3 0 1
cob=(2)
cfi=(51)
cfn=(3256) 0x000000000010ea50
calls=2 0 
0 358 105 45 0 1
0 26 10 0 1
cob=(2)
cfi=(51)
cfn=(1354)
calls=2 0 
0 198 62 30 2 4 0 1

fn=(3740)
0 7 1 0 1 0 0 1

fn=(3754)
0 14 2 2 1 2 0 1
cfn=(1894)
calls=1 0 
0 7 1 0 1 0 0 1
0 7 1 1
cfn=(1650) std::_Function_handler<std::__cxx11::basic_string<char, std::char_traits<char>, std::allocator<char> > (), CLI::Validator::Validator(std::__cxx11::basic_string<char, std::char_traits<char>, std::allocator<char> >)::{lambda()#1}>::_M_manager(std::_Any_data&, std::_Any_data const&, std::_Manager_operation)
calls=1 0 
0 271 77 33
0 2 2 0 1 0 0 1

fn=(3756)
0 14 2 2 2 2 0 2
cfn=(3758) std::_Function_handler<std::__cxx11::basic_string<char, std::char_traits<char>, std::allocator<char> > (std::__cxx11::basic_string<char, std::char_traits<char>, std::allocator<char> >&), CLI::detail::ExistingPathValidator::ExistingPathValidator()::{lambda(std::__cxx11::basic_string<char, std::char_traits<char>, std::allocator<char> >&)#1}>::_M_manager(std::_Any_data&, std::_Any_data const&, std::_Manager_operation)
calls=1 0 
0 7 1 0 1 0 0 1
0 7 1 1
cfn=(1650)
calls=1 0 
0 148 41 18
0 2 2

fn=(1338) CLI::detail::ExistingFileValidator::ExistingFileValidator()
0 18 1 7 2 0 0 2
cfn=(1332)
calls=1 0 
0 46 10 8 0 1 0 0 1
0 6 2 2
cfn=(1340)
calls=1 0 
0 45 10 8 2 0 0 2
0 6 0 4 1 0 1 1 0 1
cob=(2)
cfi=(51)
cfn=(1342)
calls=1 0 
0 203 39 30 21 14 1 6 0 1
0 50 4 16 3 0 1 3 0 1
cfn=(1346)
calls=1 0 
0 7 1 0 1 0 0 1
0 12 8 1 1 0 0 1

fn=(1376) CLI::TypeValidator<double>::TypeValidator(std::__cxx11::basic_string<char, std::char_traits<char>, std::allocator<char> > const&)
0 26 3 9 2 0 0 2
cfn=(1340)
calls=1 0 
0 45 10 8
0 7 2 2 1 0 0 1
cfn=(1340)
calls=1 0 
0 45 10 8
0 6 0 4 0 0 1 0 0 1
cob=(2)
cfi=(51)
cfn=(1342)
calls=1 0 
0 203 39 30 0 0 1 0 0 1
0 49 14 16 5 0 1 5 0 1

fn=(1442)
0 1008 240 192 30 0 0 2

fn=(1472)
0 2502 574 1018 37 0 0 3
cob=(2)
cfi=(51)
cfn=(1354)
calls=19 0 
0 1881 589 285 40
0 853 666

fn=(1474) void std::vector<std::unique_ptr<CLI::Option, std::default_delete<CLI::Option> >, std::allocator<std::unique_ptr<CLI::Option, std::default_delete<CLI::Option> > > >::_M_realloc_insert<>(__gnu_cxx::__normal_iterator<std::unique_ptr<CLI::Option, std::default_delete<CLI::Option> >*, std::vector<std::unique_ptr<CLI::Option, std::default_delete<CLI::Option> >, std::allocator<std::unique_ptr<CLI::Option, std::default_delete<CLI::Option> > > > >)
0 475 48 83 23 0 3 4 0 3
cob=(2)
cfi=(51)
cfn=(1354)
calls=5 0 
0 495 155 75 0 1
0 83 47 24
cob=(2)
cfi=(51)
cfn=(1342)
calls=6 0 
0 916 184 136 4 2 2 1 0 2
0 60 6 0 5 0 0 1

fn=(1496)
0 306 42 12 4 0 0 2

fn=(1626)
0 648 168 192 52 0 0 4
cfn=(2038)
calls=3 0 
0 444 111 75 6 1 1 2
cfn=(1774) std::_Function_handler<bool (std::vector<std::__cxx11::basic_string<char, std::char_traits<char>, std::allocator<char> >, std::allocator<std::__cxx11::basic_string<char, std::char_traits<char>, std::allocator<char> > > > const&), CLI::App::add_option<double, double, (CLI::detail::enabler)0>(std::__cxx11::basic_string<char, std::char_traits<char>, std::allocator<char> >, double&, std::__cxx11::basic_string<char, std::char_traits<char>, std::allocator<char> >)::{lambda(std::vector<std::__cxx11::basic_string<char, std::char_traits<char>, std::allocator<char> >, std::allocator<std::__cxx11::basic_string<char, std::char_traits<char>, std::allocator<char> > > > const&)#1}>::_M_invoke(std::_Any_data const&, std::vector<std::__cxx11::basic_string<char, std::char_traits<char>, std::allocator<char> >, std::allocator<std::__cxx11::basic_string<char, std::char_traits<char>, std::allocator<char> > > > const&)
calls=12 0 
0 7377 1411 874 629 9 11 80 6 10
cfn=(1634) std::_Function_handler<bool (std::vector<std::__cxx11::basic_string<char, std::char_traits<char>, std::allocator<char> >, std::allocator<std::__cxx11::basic_string<char, std::char_traits<char>, std::allocator<char> > > > const&), CLI::App::add_option<unsigned long, unsigned long, (CLI::detail::enabler)0>(std::__cxx11::basic_string<char, std::char_traits<char>, std::allocator<char> >, unsigned long&, std::__cxx11::basic_string<char, std::char_traits<char>, std::allocator<char> >)::{lambda(std::vector<std::__cxx11::basic_string<char, std::char_traits<char>, std::allocator<char> >, std::allocator<std::__cxx11::basic_string<char, std::char_traits<char>, std::allocator<char> > > > const&)#1}>::_M_invoke(std::_Any_data const&, std::vector<std::__cxx11::basic_string<char, std::char_traits<char>, std::allocator<char> >, std::allocator<std::__cxx11::basic_string<char, std::char_traits<char>, std::allocator<char> > > > const&)
calls=9 0 
0 1995 429 225 78 13 0 18 2
0 504 192 24 19 0 0 1
cfn=(1628)
calls=24 0 
0 18560 4776 3420 248 154 45 92 9 26
0 120 0 48 14 0 0 1
cfn=(1630) CLI::Option::_reduce_results(std::vector<std::__cxx11::basic_string<char, std::char_traits<char>, std::allocator<char> >, std::allocator<std::__cxx11::basic_string<char, std::char_traits<char>, std::allocator<char> > > >&, std::vector<std::__cxx11::basic_string<char, std::char_traits<char>, std::allocator<char> >, std::allocator<std::__cxx11::basic_string<char, std::char_traits<char>, std::allocator<char> > > > const&) const
calls=24 0 
0 3696 1020 408 127 1 0 8 1
0 24

fn=(1634)
0 63 27 0 1 1 0 1
cfn=(1636)
calls=9 0 
0 1932 402 225 77 12 0 17 2

fn=(1648) CLI::Validator::Validator(CLI::Validator const&)
0 225 15 105 23 6 0 2
cfn=(1650)
calls=15 0 
0 2030 494 356 37 12 0 4
0 210 30 75 8 0 0 1
cfn=(1894)
calls=1 0 
0 7 1 0 1 0 0 1
cfn=(1892) std::_Function_handler<std::__cxx11::basic_string<char, std::char_traits<char>, std::allocator<char> > (std::__cxx11::basic_string<char, std::char_traits<char>, std::allocator<char> >&), CLI::detail::ExistingFileValidator::ExistingFileValidator()::{lambda(std::__cxx11::basic_string<char, std::char_traits<char>, std::allocator<char> >&)#1}>::_M_manager(std::_Any_data&, std::_Any_data const&, std::_Manager_operation)
calls=2 0 
0 14 2 0 1 0 0 1
cfn=(1652)
calls=12 0 
0 144 24 12 15 0 0 2
0 135 45 45 0 6
cfn=(1340)
calls=15 0 
0 360 75 75
0 120 90 30 9 0 0 1

fn=(1654) CLI::Option::check(CLI::Validator, std::__cxx11::basic_string<char, std::char_traits<char>, std::allocator<char> > const&) [clone .isra.0]
0 620 220 140 47 0 0 4
cfn=(1656) void std::vector<CLI::Validator, std::allocator<CLI::Validator> >::_M_realloc_insert<CLI::Validator>(__gnu_cxx::__normal_iterator<CLI::Validator*, std::vector<CLI::Validator, std::allocator<CLI::Validator> > >, CLI::Validator&&)
calls=20 0 
0 6400 1300 1280 274 0 33 11 0 33
0 40 20

fn=(1662)
0 51 7 2 2 0 0 1

fn=(1880) std::__cxx11::basic_string<char, std::char_traits<char>, std::allocator<char> > std::operator+<char, std::char_traits<char>, std::allocator<char> >(char const*, std::__cxx11::basic_string<char, std::char_traits<char>, std::allocator<char> > const&)
0 28 0 14 2 0 0 2
cob=(2)
cfi=(51)
cfn=(1330)
calls=2 0 
0 32 6
0 24 2 8 1 0 0 1
cfn=(1882) std::__cxx11::basic_string<char, std::char_traits<char>, std::allocator<char> >::_M_append(char const*, unsigned long)
calls=2 0 
0 98 20 14 4 0 0 3
0 8 4 2
cfn=(1882)
calls=2 0 
0 92 20 14
0 18 14

fn=(1932) void std::vector<CLI::Option*, std::allocator<CLI::Option*> >::_M_realloc_insert<CLI::Option*>(__gnu_cxx::__normal_iterator<CLI::Option**, std::vector<CLI::Option*, std::allocator<CLI::Option*> > >, CLI::Option*&&)
0 110 22 22 4 0 0 4
cob=(2)
cfi=(51)
cfn=(1922) 0x000000000010ebb0
calls=2 0 
0 27 8 4
0 12 2 2
cob=(2)
cfi=(51)
cfn=(1354)
calls=2 0 
0 198 62 30
0 8 0 4
cob=(2)
cfi=(51)
cfn=(1342)
calls=2 0 
0 118 30 16
0 18 2 0 2 0 0 2

fn=(1934)
0 31 11 4 4 3 0 4

fn=(2052)
0 335 123 19 17 11 0 17

fn=(2054)
0 45 15 9 6 3 0 6

fn=(2856) std::__cxx11::basic_string<char, std::char_traits<char>, std::allocator<char> >::_M_replace_aux(unsigned long, unsigned long, unsigned long, char)
0 127276 24372 21664 10 0 0 5

fn=(3442) walnutpie::detail::MassEstimator::inv_mass_estimate() const
0 2346 204 816 202 0 0 2
cob=(2)
cfi=(51)
cfn=(3254)
calls=102 0 
0 19756 3906 3384 115 3 297
0 122298 20298 20094 404 6 4799 4
cob=(2)
cfi=(51)
cfn=(3254)
calls=102 0 
0 19600 3885 3365
0 121788 20094 20196 107 29 4704 4
cob=(2)
cfi=(51)
cfn=(3254)
calls=102 0 
0 46666 6606 5384 2 201 101
0 140862 39780 20196 202 0 3063 2
cob=(2)
cfi=(51)
cfn=(3256)
calls=102 0 
0 13668 3876 1938 3 2
0 408 0 102
cob=(2)
cfi=(51)
cfn=(3256)
calls=102 0 
0 13668 3876 1938
0 918 714 0 2 0 0 1

fn=(824)
0 14 1 6 2 0 0 2
cob=(2)
cfi=(51)
cfn=(826) 0x000000000010eb70
calls=1 0 
0 103461 28179 13486 439 629 151 430 117 114
0 5 1 1 1 1
cob=(2)
cfi=(51)
cfn=(1326)
calls=1 0 
0 77 15 15 7 4 2 1
0 3 0 1
cfn=(1328)
calls=1 0 
0 81 15 12 8 2 1 8 1 1
0 5 0 1 1 0 0 1
cob=(2)
cfi=(51)
cfn=(1326)
calls=1 0 
0 77 15 15 0 0 1 0 0 1
0 3 0 1
cfn=(1328)
calls=1 0 
0 81 15 12 0 1 0 0 1
0 4 0 1
cob=(2)
cfi=(51)
cfn=(1326)
calls=1 0 
0 77 15 15
0 4 0 1
cfn=(1328)
calls=1 0 
0 81 15 12 0 0 1 0 0 1
0 4 0 1 1 0 0 1
cob=(2)
cfi=(51)
cfn=(1326)
calls=1 0 
0 77 15 15 0 0 1 0 0 1
0 4 0 1
cfn=(1328)
calls=1 0 
0 81 15 12
0 6 0 1
cob=(2)
cfi=(51)
cfn=(1326)
calls=1 0 
0 77 15 15
0 2 0 1 1 0 0 1
cfn=(1338)
calls=1 0 
0 393 75 76 31 15 3 16 1 3
0 5 0 1
cob=(2)
cfi=(51)
cfn=(1326)
calls=1 0 
0 77 15 15 0 0 1 0 0 1
0 2 0 1
cfn=(1348) CLI::detail::ExistingDirectoryValidator::ExistingDirectoryValidator()
calls=1 0 
0 399 75 76 8 0 3 8 0 3
0 5 0 1
cob=(2)
cfi=(51)
cfn=(1326)
calls=1 0 
0 77 15 15
0 2 0 1 1 0 0 1
cfn=(1350)
calls=1 0 
0 389 75 76 8 0 2 8 0 2
0 5 0 1
cob=(2)
cfi=(51)
cfn=(1326)
calls=1 0 
0 77 15 15 0 0 1 0 0 1
0 2 0 1
cfn=(1352) CLI::detail::NonexistentPathValidator::NonexistentPathValidator()
calls=1 0 
0 2382 711 436 22 45 4 20 2 4
0 5 0 1
cob=(2)
cfi=(51)
cfn=(1326)
calls=1 0 
0 77 15 15
0 2 0 1 1 0 0 1
cfn=(1374) CLI::detail::IPV4Validator::IPV4Validator()
calls=1 0 
0 393 75 76 8 0 3 8 0 3
0 4 0 1
cob=(2)
cfi=(51)
cfn=(1326)
calls=1 0 
0 77 15 15 0 0 1 0 0 1
0 34 0 12 3 0 3 3 0 2
cfn=(1346)
calls=1 0 
0 7 1
0 4 0 1
cob=(2)
cfi=(51)
cfn=(1326)
calls=1 0 
0 77 15 15
0 3 0 1 1 0 0 1
cfn=(1328)
calls=1 0 
0 81 15 12
0 3 0 1
cfn=(1376)
calls=1 0 
0 381 78 77 8 0 3 8 0 3
0 8 1 1
cob=(2)
cfi=(51)
cfn=(1326)
calls=1 0 
0 77 15 15 0 0 1 0 0 1
0 4 0 1 1 0 0 1
cfn=(1328)
calls=1 0 
0 79 15 12
0 6 1 1 0 1 0 0 1
cfn=(1378) CLI::Range::Range<double>(double, double, std::__cxx11::basic_string<char, std::char_traits<char>, std::allocator<char> > const&)
calls=1 0 
0 400 83 80 10 0 2 10 0 2
0 8 1 1 1 0 0 1
cob=(2)
cfi=(51)
cfn=(1326)
calls=1 0 
0 77 15 15
0 3 0 1
cfn=(1328)
calls=1 0 
0 79 15 12
0 7 2 1 1 1 0 1 1
cfn=(1378)
calls=1 0 
0 400 83 80 0 0 3 0 0 3
0 7 1 1
cob=(2)
cfi=(51)
cfn=(1326)
calls=1 0 
0 77 15 15 0 0 1 0 0 1
0 14 9 2 1 2 0 1 1

fn=(1464)
0 2012 488 446 66 1 0 4
cob=(2)
cfi=(51)
cfn=(1334)
calls=40 0 
0 686 160 80
0 323 153 111

fn=(1624)
0 565 91 200 51 0 0 4
cfn=(1444) std::__cxx11::basic_string<char, std::char_traits<char>, std::allocator<char> >& std::vector<std::__cxx11::basic_string<char, std::char_traits<char>, std::allocator<char> >, std::allocator<std::__cxx11::basic_string<char, std::char_traits<char>, std::allocator<char> > > >::emplace_back<std::__cxx11::basic_string<char, std::char_traits<char>, std::allocator<char> > >(std::__cxx11::basic_string<char, std::char_traits<char>, std::allocator<char> >&&) [clone .isra.0]
calls=25 0 
0 3625 775 628 60 3
0 458 275 0 34 0 0 2

fn=(1886) CLI::Option::check_name(std::__cxx11::basic_string<char, std::char_traits<char>, std::allocator<char> > const&) const
0 1681 615 328 6 0 0 6
cfn=(1888) std::__cxx11::basic_string<char, std::char_traits<char>, std::allocator<char> >::substr(unsigned long, unsigned long) const [clone .constprop.1]
calls=41 0 
0 2501 574 451 2 0 0 2
0 123 0 41
cfn=(1502)
calls=41 0 
0 18775 5059 3230
0 41

fn=(1920) void std::vector<CLI::Option*, std::allocator<CLI::Option*> >::_M_realloc_insert<CLI::Option* const&>(__gnu_cxx::__normal_iterator<CLI::Option**, std::vector<CLI::Option*, std::allocator<CLI::Option*> > >, CLI::Option* const&)
0 112 22 21 4 0 0 4
cob=(2)
cfi=(51)
cfn=(1922)
calls=1 0 
0 15 4 2 1
0 6 1 1
cob=(2)
cfi=(51)
cfn=(1354)
calls=1 0 
0 99 31 15
0 7 0 4
cob=(2)
cfi=(51)
cfn=(1342)
calls=2 0 
0 114 30 16
0 18 2 0 1 0 0 1

fn=(2056) CLI::App::~App()
0 21 3 7 3 2 0 2
cfn=(1470)
calls=1 0 
0 15 6 3 1
0 34 10 1 6 0 0 6
cob=(2)
cfi=(51)
cfn=(1354)
calls=1 0 
0 99 31 15
0 13 3 1 2 1 0 2
cfn=(2064)
calls=1 0 
0 9 1
0 166 32 24 3 3 0 3
cfn=(1490) CLI::Option::~Option()
calls=23 0 
0 20564 5745 2298 29 226 0 5
0 69 0 23
cob=(2)
cfi=(51)
cfn=(1354)
calls=23 0 
0 3061 921 393 5 2 0 5
0 53 2 1 1 0 0 1
cob=(2)
cfi=(51)
cfn=(1354)
calls=1 0 
0 99 31 15
0 20 6 1 2 0 0 2
cob=(2)
cfi=(51)
cfn=(1354)
calls=1 0 
0 120 35 14
0 12 6
cob=(2)
cfi=(51)
cfn=(1354)
calls=1 0 
0 99 31 15
0 3 2 1 1 1 0 1
cfn=(2058) std::_Sp_counted_ptr<CLI::ConfigBase*, (__gnu_cxx::_Lock_policy)2>::_M_dispose()
calls=1 0 
0 134 42 22 5 3 1 5
0 10 4 2 1 0 0 1
cfn=(2062) std::_Sp_counted_ptr<CLI::ConfigBase*, (__gnu_cxx::_Lock_policy)2>::_M_destroy()
calls=1 0 
0 102 31 15 1 0 0 1
0 4 2 1 0 1
cfn=(2066) std::_Sp_counted_ptr<CLI::Formatter*, (__gnu_cxx::_Lock_policy)2>::_M_dispose()
calls=1 0 
0 125 39 20 3 1 0 3
0 10 4 2 1 0 0 1
cfn=(2070) std::_Sp_counted_ptr<CLI::Formatter*, (__gnu_cxx::_Lock_policy)2>::_M_destroy()
calls=1 0 
0 121 35 14 1 1
0 1

fn=(2074) std::_Function_handler<std::__cxx11::basic_string<char, std::char_traits<char>, std::allocator<char> > (), CLI::Validator::description(std::__cxx11::basic_string<char, std::char_traits<char>, std::allocator<char> >)::{lambda()#1}>::_M_manager(std::_Any_data&, std::_Any_data const&, std::_Manager_operation)
0 115 15 20 2 4 0 2
cob=(2)
cfi=(51)
cfn=(1354)
calls=5 0 
0 600 175 70 0 4
0 15 0 5
cob=(2)
cfi=(51)
cfn=(1354)
calls=5 0 
0 600 175 70 0 1
0 25 20

fn=(3416) _ZN9walnutpie17InitConfigBuilder6massesIZ11run_walnutsRNS_16DynamicStanModelEjRS0_mmbRNS_12WarmupConfigERNS_14SamplingConfigEEUlDpOT_E1_EES4_RKT_db.constprop.0
0 21 1 10 2 0 0 2
cfn=(1332)
calls=1 0 
0 44 10 8 0 2
0 30 8 4 3 3 0 3
cob=(2)
cfi=(51)
cfn=(1396) 0x000000000010e6b0
calls=1 0 
0 30 11 2 0 3
0 17 4 2 1 1 0 1
cob=(2)
cfi=(51)
cfn=(3254)
calls=1 0 
0 208 47 32 2 4 1
0 15 5 4 1 0 0 1
cob=(10)
cfi=(274)
cfn=(3418)
calls=1 0 
0 5055830 1438236 1162824 203 34823 36267 73 0 24
0 5 2 1 2 0 0 2
cob=(2)
cfi=(51)
cfn=(1396)
calls=1 0 
0 30 11 2 2 4 0 1
0 1793 596 197 5 9 49 5
cob=(2)
cfi=(51)
cfn=(3256)
calls=1 0 
0 134 38 19 0 2 1
0 25 14 1 2 2 0 2

fn=(3454) _ZNK9walnutpie6detail16NoExceptLogpGradIZ11run_walnutsRNS_16DynamicStanModelEjRNS_17InitConfigBuilderEmmbRNS_12WarmupConfigERNS_14SamplingConfigEEUlDpOT_E1_11StanHandlerEclERKN5Eigen6MatrixIdLin1ELi1ELi0ELin1ELi1EEERdRSI_
0 3200 400 1800 400 0 0 400
cob=(2)
cfi=(51)
cfn=(1396)
calls=200 0 
0 6000 2200 400 1 696
0 3600 1600 800 200 350 0 200
cob=(10)
cfi=(274)
cfn=(3418)
calls=200 0 
0 1011033200 287615000 232543800 19708 6959619 7248595 1 0 6106
0 1000 400 200 145 0 0 145
cob=(2)
cfi=(51)
cfn=(1396)
calls=200 0 
0 6000 2200 400 400 800 0 200
0 4400 2800 400 200 1000 0 200

fn=(3536) _ZN9walnutpie14WalnutsSamplerIZ11run_walnutsRNS_16DynamicStanModelEjRNS_17InitConfigBuilderEmmbRNS_12WarmupConfigERNS_14SamplingConfigEEUlDpOT_E1_St23mersenne_twister_engineImLm64ELm312ELm156ELm31ELm13043109905998158313ELm29ELm6148914691236517205ELm17ELm8202884508482404352ELm37ELm18444473444759240704ELm43ELm6364136223846793005EE11StanHandlerEC1ERSE_RSF_RKSC_RKN5Eigen6MatrixIdLin1ELi1ELi0ELin1ELi1EEESP_dmmmd
0 38 6 17 4 1 2 4
cob=(2)
cfi=(51)
cfn=(3254)
calls=1 0 
0 273 48 41
0 8 1 3
cob=(2)
cfi=(51)
cfn=(1334)
calls=1 0 
0 331 105 101 6 45 0 1
0 9 1 1 1 0 0 1
cob=(2)
cfi=(51)
cfn=(3254)
calls=1 0 
0 192 38 33
0 8 1 3
cob=(2)
cfi=(51)
cfn=(1334)
calls=1 0 
0 331 105 101
0 21 6 8 2 0 0 2
cfn=(1332)
calls=1 0 
0 44 10 8 0 1
0 2736 780 3 3 0 0 3
cfn=(1332)
calls=1 0 
0 44 10 8
0 16 4 3 2 0 0 2
cfn=(1332)
calls=1 0 
0 44 10 8
0 10 2 2 1 0 0 1
cfn=(1332)
calls=1 0 
0 105 24 19 5 5 1 1
0 8 3 1
cob=(2)
cfi=(51)
cfn=(1354)
calls=1 0 
0 99 31 15 4 2
0 5 0 2 1 0 0 1
cfn=(1332)
calls=1 0 
0 44 10 8 0 1
0 10 1 2 1 0 0 1
cfn=(1332)
calls=1 0 
0 44 10 8
0 2949 213 1 5 2 0 5
cob=(2)
cfi=(51)
cfn=(3254)
calls=1 0 
0 342 50 39 0 0 1
0 1382 197 197 3 1 48 3

fn=(3540) std::ostream& Eigen::operator<< <Eigen::Matrix<double, -1, 1, 0, -1, 1> >(std::ostream&, Eigen::DenseBase<Eigen::Matrix<double, -1, 1, 0, -1, 1> > const&)
0 23 1 12 3 0 0 3
cfn=(1332)
calls=1 0 
0 25 5 5
0 7 0 3 1 0 0 1
cfn=(1332)
calls=1 0 
0 25 5 5
0 9 0 4
cfn=(1332)
calls=1 0 
0 25 5 5
0 8 0 3 1 0 0 1
cfn=(1332)
calls=1 0 
0 25 5 5
0 8 0 3 1 0 0 1
cfn=(1332)
calls=1 0 
0 26 7 6 0 1
0 8 0 3 1 0 0 1
cfn=(1332)
calls=1 0 
0 26 7 6 0 1 0 0 1
0 14 1 6
cfn=(3542) Eigen::IOFormat::IOFormat(int, int, std::__cxx11::basic_string<char, std::char_traits<char>, std::allocator<char> > const&, std::__cxx11::basic_string<char, std::char_traits<char>, std::allocator<char> > const&, std::__cxx11::basic_string<char, std::char_traits<char>, std::allocator<char> > const&, std::__cxx11::basic_string<char, std::char_traits<char>, std::allocator<char> > const&, std::__cxx11::basic_string<char, std::char_traits<char>, std::allocator<char> > const&, std::__cxx11::basic_string<char, std::char_traits<char>, std::allocator<char> > const&, char)
calls=1 0 
0 263 64 66 10 0 0 10
0 5 2 1 1 0 0 1
cfn=(3544)
calls=1 0 
0 2992023 734930 498577 12278 136 97 48 4
0 3 0 1
cfn=(3582)
calls=1 0 
0 33 9 1 4 0 0 4
0 30 21 0 3 1 0 3

fn=(3736)
0 28 4 4 2 4 0 2
cfn=(1652)
calls=2 0 
0 18 2 0 1 0 0 1
0 14 2 2
cfn=(1650)
calls=2 0 
0 294 82 36 3 2 0 3
0 4 4

fn=(1332)
0 40162 2173 6450 209 2 4 2 1
cob=(2)
cfi=(51)
cfn=(1342)
calls=79 0 
0 7829 1713 1116 5 9 18 1 0 18
0 474 0 237
cob=(2)
cfi=(51)
cfn=(1334)
calls=79 0 
0 1144 343 176 6 1 6 0 1 4
0 5949 0 1983 104 0 1 1
cob=(2)
cfi=(51)
cfn=(1334)
calls=1983 0 
0 30328 7932 3966 5 215 488 5 6 8
0 14434 10310 4124

fn=(1348)
0 18 1 7 2 0 0 2
cfn=(1332)
calls=1 0 
0 49 10 8
0 6 2 2
cfn=(1340)
calls=1 0 
0 48 10 8
0 6 0 4 1 0 1 1 0 1
cob=(2)
cfi=(51)
cfn=(1342)
calls=1 0 
0 203 39 30 0 0 1 0 0 1
0 50 4 16 4 0 1 4 0 1
cfn=(1346)
calls=1 0 
0 7 1
0 12 8 1 1 0 0 1

fn=(1374)
0 18 1 7 2 0 0 2
cfn=(1332)
calls=1 0 
0 46 10 8
0 6 2 2
cfn=(1340)
calls=1 0 
0 45 10 8
0 6 0 4 1 0 1 1 0 1
cob=(2)
cfi=(51)
cfn=(1342)
calls=1 0 
0 203 39 30 0 0 1 0 0 1
0 50 4 16 4 0 1 4 0 1
cfn=(1346)
calls=1 0 
0 7 1
0 12 8 1 1 0 0 1

fn=(1460)
0 1045 95 475 9 0 0 1
cob=(2)
cfi=(51)
cfn=(1330)
calls=95 0 
0 1520 285 0 8 5 0 0 2
0 855 95 95 4 0 0 1
cob=(2)
cfi=(51)
cfn=(1462)
calls=95 0 
0 2001 450 0 36 1 0 1
0 1103 475

fn=(1492) std::_Function_handler<std::__cxx11::basic_string<char, std::char_traits<char>, std::allocator<char> > (), CLI::Option::type_name_::{lambda()#1}>::_M_manager(std::_Any_data&, std::_Function_handler<std::__cxx11::basic_string<char, std::char_traits<char>, std::allocator<char> > (), CLI::Option::type_name_::{lambda()#1}> const&, std::_Manager_operation)
0 322 46 0 38 0 0 2

fn=(1502)
0 6570 1095 2555 40 0 0 2
cfn=(1468)
calls=365 0 
0 60063 14456 11424 2 0 4 0 0 4
0 3138 567 1072
cfn=(1500)
calls=101 0 
0 5875 1481 790 8
0 2640 264 1320 17 0 0 1
cfn=(1500)
calls=264 0 
0 15882 4015 2105 42 0 0 4
0 2493 466 101
cob=(2)
cfi=(51)
cfn=(1354)
calls=101 0 
0 9999 3131 1515
0 4164 1246 196 8 0 0 1
cob=(2)
cfi=(51)
cfn=(1354)
calls=196 0 
0 19404 6076 2940
0 2402 320 320 1
cob=(2)
cfi=(51)
cfn=(1354)
calls=320 0 
0 31680 9920 4800
0 5303 3184 264 14 0 0 1

fn=(1774)
0 84 36 0 24 0 0 2
cfn=(1776)
calls=12 0 
0 7293 1375 874 605 9 11 78 6 10

fn=(1776)
0 420 168 126 26 0 1 2
cob=(2)
cfi=(51)
cfn=(1778) 0x000000000010ebe0
calls=14 0 
0 7687 1347 850 601 13 19 74 6 18
0 140 42 14 26 0 0 2

fn=(1900)
0 81 9 15 3 0 0 1
cob=(2)
cfi=(51)
cfn=(1342)
calls=3 0 
0 1091 194 158 25 6 8 0 0 1
0 63 21 6 4 0 0 2

fn=(1936)
0 26 11 7 2 1 0 2

fn=(1942)
0 344 108 93 6 0 0 6
cob=(2)
cfi=(51)
cfn=(1354)
calls=3 0 
0 297 93 45
0 70 25 20 3 0 0 3
cfn=(1340)
calls=5 0 
0 441 101 79
0 40 15 10 0 1
cfn=(2040) std::_Function_handler<std::__cxx11::basic_string<char, std::char_traits<char>, std::allocator<char> > (std::__cxx11::basic_string<char, std::char_traits<char>, std::allocator<char> >&), CLI::detail::NonexistentPathValidator::NonexistentPathValidator()::{lambda(std::__cxx11::basic_string<char, std::char_traits<char>, std::allocator<char> >&)#1}>::_M_invoke(std::_Any_data const&, std::__cxx11::basic_string<char, std::char_traits<char>, std::allocator<char> >&)
calls=1 0 
0 4888 1204 913 12 28 8 10 4 8
cfn=(1948)
calls=2 0 
0 10480 2645 1906 114 117 28 58 5 10
cfn=(1944) std::_Function_handler<std::__cxx11::basic_string<char, std::char_traits<char>, std::allocator<char> > (std::__cxx11::basic_string<char, std::char_traits<char>, std::allocator<char> >&), CLI::Range::Range<double>(double, double, std::__cxx11::basic_string<char, std::char_traits<char>, std::allocator<char> > const&)::{lambda(std::__cxx11::basic_string<char, std::char_traits<char>, std::allocator<char> >&)#1}>::_M_invoke(std::_Any_data const&, std::__cxx11::basic_string<char, std::char_traits<char>, std::allocator<char> >&)
calls=2 0 
0 1074 222 146 55 7 9 7 0 8
0 15 5 5
cfn=(1464)
calls=5 0 
0 135 35 30
0 30 5 0 2 0 0 2

fn=(2058)
0 6 3 0 1 2 0 1
cfn=(2060) CLI::ConfigBase::~ConfigBase()
calls=1 0 
0 128 39 22 4 1 1 4

fn=(3244) void walnutpie::detail::validate_positive<unsigned long>(unsigned long, std::__cxx11::basic_string<char, std::char_traits<char>, std::allocator<char> > const&)
0 16 6 3 1 0 0 1

fn=(3258) walnutpie::InitConfigBuilder::step_sizes(double)
0 18 1 8 2 0 0 2
cfn=(1332)
calls=1 0 
0 44 10 8 0 1 0 0 1
0 21 6 2 2 1 0 2
cob=(2)
cfi=(51)
cfn=(1342)
calls=1 0 
0 55 15 8
0 23 3 4 2 0 0 2
cob=(2)
cfi=(51)
cfn=(1354)
calls=1 0 
0 99 31 15 0 2
0 10 7 0 1 0 0 1

fn=(3410) walnutpie::InitConfigBuilder::~InitConfigBuilder()
0 23 5 7 2 1 0 2
cob=(2)
cfi=(51)
cfn=(3256)
calls=1 0 
0 134 38 19
0 12 2 1 1
cob=(2)
cfi=(51)
cfn=(1354)
calls=1 0 
0 99 31 15 0 1
0 12 5 1 1 0 0 1
cob=(2)
cfi=(51)
cfn=(3256)
calls=1 0 
0 209 63 26
0 12 2 1 1
cob=(2)
cfi=(51)
cfn=(1354)
calls=1 0 
0 99 31 15
0 12 6 0 1 0 0 1
cob=(2)
cfi=(51)
cfn=(1354)
calls=1 0 
0 99 31 15
0 4 4 0 1

fn=(3412) run_walnuts(walnutpie::DynamicStanModel&, unsigned int, walnutpie::InitConfigBuilder&, unsigned long, unsigned long, bool, walnutpie::WarmupConfig&, walnutpie::SamplingConfig&)
0 42 5 20 4 0 5 4
cob=(2)
cfi=(51)
cfn=(1396)
calls=1 0 
0 30 11 2 3 1 0 1
0 11 3 5 1 0 1 1
cfn=(3246) walnutpie::DynamicStanModel::make_rng(unsigned int) const
calls=1 0 
0 240062 30453 26225 48 295 309 0 0 44
0 8 4 2 1 3 1 1
cob=(10)
cfi=(274)
cfn=(3414)
calls=1 0 
0 7 2 0 1 1 0 1
0 18 2 4 1 0 0 1
cob=(2)
cfi=(51)
cfn=(3254)
calls=1 0 
0 375 74 61 5 16 6 0 0 1
0 21 7 9 2 1 2 2
cfn=(3416)
calls=1 0 
0 5058182 1438983 1163106 223 34853 36318 90 0 24
0 28 8 13 3 2 3 3
cfn=(3432) Eigen::internal::DenseStorage_impl<double, -1, -1, 1, 0>::DenseStorage_impl(Eigen::internal::DenseStorage_impl<double, -1, -1, 1, 0> const&)
calls=1 0 
0 796 179 165 4 58 2 2
0 4 0 1
cfn=(3432)
calls=1 0 
0 663 161 147 0 1 49
0 2827 6 324 3 1 43 3
cfn=(3432)
calls=1 0 
0 723 175 160 0 1 4
0 13 7 5 2 1 0 2
cob=(2)
cfi=(51)
cfn=(3434) 0x000000000010e920
calls=1 0 
0 23 3 0 1 1
0 55 14 34 6 3 5 6
cob=(2)
cfi=(51)
cfn=(3436) 0x000000000010e870
calls=1 0 
0 3630 75 3169 12 3 49 1
0 13 2 5 1 0 0 1
cfn=(3438) walnutpie::detail::OnlineMoments::OnlineMoments(double, Eigen::Matrix<double, -1, 1, 0, -1, 1> const&, Eigen::Matrix<double, -1, 1, 0, -1, 1> const&)
calls=1 0 
0 2605 481 451 13 6 102 13 1
0 24 9 8 3 0 0 3
cfn=(3440) Eigen::internal::DenseStorage_impl<double, -1, -1, 1, 0>::resize(long, long, long) [clone .constprop.0]
calls=1 0 
0 443 70 58 2 0 1 2
0 1199 205 198 3 0 48 3
cfn=(3438)
calls=1 0 
0 2508 481 451 2 0 99
0 20 8 6 2 0 0 2
cob=(2)
cfi=(51)
cfn=(3256)
calls=1 0 
0 134 38 19 0 3
0 4 1 1 1 0 0 1
cob=(2)
cfi=(51)
cfn=(3256)
calls=1 0 
0 134 38 19
0 316 206 106 101 4 1 101
cfn=(3442)
calls=100 0 
0 492148 101202 75901 1003 202 12821 13
0 1000 100 300 100 0 0 100
cob=(2)
cfi=(51)
cfn=(3254)
calls=100 0 
0 27300 4800 4100 0 99
0 138900 39600 20000 201 199 0 201
cob=(2)
cfi=(51)
cfn=(3444) 0x000000000010e690
calls=100 0 
0 2000 200 0 300 100 0 3
0 900 400 100
cob=(2)
cfi=(51)
cfn=(3448) 0x000000000010ec60
calls=100 0 
0 5576 1791 200 200 597 0 101 2
0 1900 500 800 101 0 0 101
cfn=(3450) _ZN9walnutpie6detail12transition_wINS0_16NoExceptLogpGradIZ11run_walnutsRNS_16DynamicStanModelEjRNS_17InitConfigBuilderEmmbRNS_12WarmupConfigERNS_14SamplingConfigEEUlDpOT_E1_11StanHandlerEENS0_6RandomISt23mersenne_twister_engineImLm64ELm312ELm156ELm31ELm13043109905998158313ELm29ELm6148914691236517205ELm17ELm8202884508482404352ELm37ELm18444473444759240704ELm43ELm6364136223846793005EEEENS0_4AdamEEEN5Eigen6MatrixIdLin1ELi1ELi0ELin1ELi1EEERT0_RKT_RKSO_SV_dmmmdOSO_RmRSO_RdRT1_
calls=100 0 
0 16199674944 4607932204 3723408937 134085 111808002 115817421 19781 112 25090
0 2700 700 500 2 200 200 2
cfn=(1332)
calls=100 0 
0 4400 1000 800 300 200
0 396400 117900 58500 902 14600 0 902
cfn=(1332)
calls=100 0 
0 4400 1000 800 0 0 100
0 397100 118500 58600 707 10000 0 311
cob=(2)
cfi=(51)
cfn=(3256)
calls=100 0 
0 19600 5800 2400
0 400 100 100 0 100
cob=(2)
cfi=(51)
cfn=(3256)
calls=100 0 
0 13400 3800 1900 0 200
0 400 100 100
cob=(2)
cfi=(51)
cfn=(3256)
calls=100 0 
0 16200 4700 2100 0 100
0 404 200 102 1 100 101 1
cfn=(3480) run_walnuts(walnutpie::DynamicStanModel&, unsigned int, walnutpie::InitConfigBuilder&, unsigned long, unsigned long, bool, walnutpie::WarmupConfig&, walnutpie::SamplingConfig&)::{lambda()#2}::operator()() const
calls=1 0 
0 19197 5023 3050 432 175 37 71 11
0 5 1 2 1 0 0 1
cfn=(3442)
calls=1 0 
0 4926 1026 754 33 39 142
0 7 3 1
cob=(2)
cfi=(51)
cfn=(3256)
calls=1 0 
0 162 47 21
0 9 6 3 1 2 0 1
cob=(2)
cfi=(51)
cfn=(3444)
calls=1 0 
0 20 2 0 3
0 10 4 1 1 0 0 1
cob=(2)
cfi=(51)
cfn=(3448)
calls=1 0 
0 56 18 2 8 6 0 1
0 5 2 1
cfn=(3442)
calls=1 0 
0 4904 1011 758 1 0 1
0 13 6 4 1 1 0 1
cfn=(3536)
calls=1 0 
0 9093 1666 632 38 58 52 25
0 5 1 1 1 0 0 1
cob=(2)
cfi=(51)
cfn=(3256)
calls=1 0 
0 134 38 19
0 4 0 1
cob=(2)
cfi=(51)
cfn=(1796)
calls=1 0 
0 223 68 40 0 4 1
0 2 0 1
cfn=(3538) std::basic_ostream<char, std::char_traits<char> >& std::endl<char, std::char_traits<char> >(std::basic_ostream<char, std::char_traits<char> >&) [clone .isra.0]
calls=1 0 
0 371 126 59 2 1 0 2
0 4 0 1 1 0 0 1
cob=(2)
cfi=(51)
cfn=(1796)
calls=1 0 
0 225 68 40
0 3 1 1
cob=(2)
cfi=(51)
cfn=(1688)
calls=1 0 
0 2522 548 384 36 26 11
0 2 0 1
cfn=(3538)
calls=1 0 
0 371 126 59
0 4 0 1 1 0 0 1
cob=(2)
cfi=(51)
cfn=(1796)
calls=1 0 
0 223 68 40
0 5 0 2
cfn=(3540)
calls=1 0 
0 2992586 735062 498712 12303 139 97 73 5
0 5 0 1
cob=(2)
cfi=(51)
cfn=(1796)
calls=1 0 
0 228 67 39 0 1
0 2 0 1
cfn=(3538)
calls=1 0 
0 371 126 59 17 1
0 3 0 3 1 0 1 1
cob=(2)
cfi=(51)
cfn=(1396)
calls=1 0 
0 30 11 2 5 2
0 1904 701 702 299 101 1 2
cob=(2)
cfi=(51)
cfn=(3254)
calls=100 0 
0 19281 3810 3308 17 6 1
0 2001611 232459 166674 602 2099 0 8
cob=(2)
cfi=(51)
cfn=(3434)
calls=19450 0 
0 1085636 256414 0 308 3806
0 662300 330750 78100 48 4883 885 4
cob=(2)
cfi=(51)
cfn=(3254)
calls=100 0 
0 45481 6584 5385 9 252 200
0 1100 0 400 45 0 0 1
cfn=(3454)
calls=100 0 
0 505521200 143812300 116273900 10576 3480342 3621695 545 0 1004
0 141200 40000 10100 349 10300 100 8
cob=(2)
cfi=(51)
cfn=(3254)
calls=100 0 
0 54900 7700 6300 1 700 300
0 1100 100 500 1 0 200 1
cob=(2)
cfi=(51)
cfn=(1334)
calls=100 0 
0 33100 10500 10100 302 5100 4700
0 900 200 100 100 0 0 1
cob=(2)
cfi=(51)
cfn=(3254)
calls=100 0 
0 42200 6400 5200
0 900 200 300
cob=(2)
cfi=(51)
cfn=(1334)
calls=100 0 
0 32900 10500 10100 2
0 1100 200 200 100 0 0 1
cob=(2)
cfi=(51)
cfn=(3254)
calls=100 0 
0 42200 6400 5200 0 0 100
0 900 100 400 100 0 100 1
cob=(2)
cfi=(51)
cfn=(1334)
calls=100 0 
0 33100 10500 10100 0 1300 4800
0 800 0 200 100 0 0 1
cob=(2)
cfi=(51)
cfn=(3254)
calls=100 0 
0 40200 6400 5200 0 0 200
0 1000 200 300
cob=(2)
cfi=(51)
cfn=(1334)
calls=100 0 
0 33100 10500 10100 0 0 4700
0 1100 200 300 100 0 0 1
cob=(2)
cfi=(51)
cfn=(3254)
calls=100 0 
0 37200 6400 5200 0 0 200
0 1500 300 500 100 0 100 1
cob=(2)
cfi=(51)
cfn=(1334)
calls=100 0 
0 33100 10500 10100 0 0 4700
0 5960 1505 1335 304 599 0 6
cfn=(3594) _ZN9walnutpie6detailL10build_spanILNS0_9DirectionE0ENS0_16NoExceptLogpGradIZ11run_walnutsRNS_16DynamicStanModelEjRNS_17InitConfigBuilderEmmbRNS_12WarmupConfigERNS_14SamplingConfigEEUlDpOT_E1_11StanHandlerEESt23mersenne_twister_engineImLm64ELm312ELm156ELm31ELm13043109905998158313ELm29ELm6148914691236517205ELm17ELm8202884508482404352ELm37ELm18444473444759240704ELm43ELm6364136223846793005EEKNS0_19NoOpStepSizeAdapterEEESt8optionalINS0_5SpanWEERNS0_6RandomIT1_EERKT0_RKN5Eigen6MatrixIdLin1ELi1ELi0ELin1ELi1EEEdmmmdRKSN_RT2_.isra.0
calls=45 0 
0 7059714885 2008353240 1622983680 68896 48639049 50484375 8551 0 8703
0 1325 335 200 155 100 100 2
cob=(2)
cfi=(51)
cfn=(3254)
calls=100 0 
0 52500 8800 7000 100 800 500
0 1000 100 100 100 0 0 1
cob=(2)
cfi=(51)
cfn=(1334)
calls=100 0 
0 33100 10500 10100 0 5100 4700
0 1000 100 100
cob=(2)
cfi=(51)
cfn=(1334)
calls=100 0 
0 1500 400 200
0 600 300 300 46 100 0 1
cfn=(3474) walnutpie::detail::SpanW::~SpanW()
calls=100 0 
0 111900 32200 15100 101 800 300
0 2500 1000 600 101 400 100 2
cob=(10)
cfi=(274)
cfn=(3586)
calls=100 0 
0 1109050 178100 216000 4624 8153 25174 42 0 9687
0 1000 300 200 1 0 0 1
cob=(2)
cfi=(51)
cfn=(3256)
calls=100 0 
0 19300 5700 2400 0 54
0 402 201 101 0 0 100
cfn=(3480)
calls=1 0 
0 16033 4038 2528 313 86 22 14
0 4 1 1 1 1 0 1
cob=(2)
cfi=(51)
cfn=(3256)
calls=1 0 
0 196 58 24 1
0 4 1 1
cob=(2)
cfi=(51)
cfn=(3256)
calls=1 0 
0 134 38 19 0 3
0 4 1 1
cob=(2)
cfi=(51)
cfn=(3256)
calls=1 0 
0 134 38 19 0 2
0 4 1 1 0 1
cob=(2)
cfi=(51)
cfn=(3256)
calls=1 0 
0 162 47 21 0 0 1
0 4 1 1 1 0 0 1
cob=(2)
cfi=(51)
cfn=(3256)
calls=1 0 
0 196 58 24
0 4 1 1 0 1
cob=(2)
cfi=(51)
cfn=(3256)
calls=1 0 
0 175 52 23 0 4 1
0 4 1 1
cob=(2)
cfi=(51)
cfn=(3256)
calls=1 0 
0 196 58 24
0 4 1 1 1 1 0 1
cob=(2)
cfi=(51)
cfn=(3256)
calls=1 0 
0 175 52 23 0 5
0 5 1 1
cob=(2)
cfi=(51)
cfn=(3256)
calls=1 0 
0 162 47 21 0 1
0 4 1 1
cob=(2)
cfi=(51)
cfn=(3256)
calls=1 0 
0 134 38 19 0 2 1
0 2 0 1
cfn=(3596)
calls=1 0 
0 288 86 40 4 6 0 2
0 2 0 1
cfn=(3596)
calls=1 0 
0 322 97 43 0 2
0 6 2 1 1 0 0 1
cob=(2)
cfi=(51)
cfn=(1354)
calls=1 0 
0 99 31 15 0 2
0 199446 10 81 3 2 0 2
cfn=(3452)
calls=81 0 
0 392689 50868 25353 117 1023
0 636 162 154 23 0 0 1
cfn=(3452)
calls=77 0 
0 373174 48356 24101 118 931
0 79172 20176 19615 255 0 0 3
cfn=(3584) _ZN9walnutpie6detailL10build_spanILNS0_9DirectionE1ENS0_16NoExceptLogpGradIZ11run_walnutsRNS_16DynamicStanModelEjRNS_17InitConfigBuilderEmmbRNS_12WarmupConfigERNS_14SamplingConfigEEUlDpOT_E1_11StanHandlerEESt23mersenne_twister_engineImLm64ELm312ELm156ELm31ELm13043109905998158313ELm29ELm6148914691236517205ELm17ELm8202884508482404352ELm37ELm18444473444759240704ELm43ELm6364136223846793005EEKNS0_19NoOpStepSizeAdapterEEESt8optionalINS0_5SpanWEERNS0_6RandomIT1_EERKT0_RKN5Eigen6MatrixIdLin1ELi1ELi0ELin1ELi1EEEdmmmdRKSN_RT2_.isra.0
calls=55 0 
0 8628540671 2454653908 1983646723 80052 59446561 61701145 7342 0 7560
0 277 165 1 1 0 0 1
cfn=(3452)
calls=1 0 
0 4850 628 313 0 39
0 4812 1005 402 204 0 0 6

fn=(3480)
0 22 4 12 2 1 0 2
cob=(2)
cfi=(51)
cfn=(1396)
calls=2 0 
0 60 22 4 0 8
0 20 2 4 2 0 0 2
cob=(2)
cfi=(51)
cfn=(1796)
calls=2 0 
0 2084 562 325 118 100 22 28 4
0 6 2 2
cob=(2)
cfi=(51)
cfn=(1688)
calls=2 0 
0 6341 1498 990 412 111 35 5
0 10 0 2
cob=(2)
cfi=(51)
cfn=(1796)
calls=2 0 
0 456 134 78 0 2 0 0 1
0 20 10 2 2 1 0 2
cob=(2)
cfi=(51)
cfn=(3506) 0x000000000010e680
calls=2 0 
0 964 358 173 28 14 0 4 4
0 4 0 2
cob=(2)
cfi=(51)
cfn=(3516) 0x000000000010e890
calls=2 0 
0 1296 447 221 50 18 0 23 1
0 8 0 2 2 0 0 2
cob=(2)
cfi=(51)
cfn=(1796)
calls=2 0 
0 446 136 80
0 8 4 2
cob=(2)
cfi=(51)
cfn=(1688)
calls=2 0 
0 6281 1480 982 24
0 10 0 2
cob=(2)
cfi=(51)
cfn=(1796)
calls=2 0 
0 456 134 78
0 20 10 2 2 0 0 2
cob=(2)
cfi=(51)
cfn=(3506)
calls=2 0 
0 198 76 32 2
0 4 0 2
cob=(2)
cfi=(51)
cfn=(3516)
calls=2 0 
0 506 162 80
0 8 0 2
cob=(2)
cfi=(51)
cfn=(1796)
calls=2 0 
0 446 136 80
0 10 6 2 2 0 0 2
cob=(2)
cfi=(51)
cfn=(1688)
calls=2 0 
0 5042 1096 768 29 0 0 3
0 22 10 2
cob=(2)
cfi=(51)
cfn=(3506)
calls=2 0 
0 198 76 32
0 4 0 2 2 0 0 2
cob=(2)
cfi=(51)
cfn=(3516)
calls=2 0 
0 506 162 80
0 8 0 2
cob=(2)
cfi=(51)
cfn=(1796)
calls=2 0 
0 446 136 80 0 2 0 0 1
0 8 4 2
cob=(2)
cfi=(51)
cfn=(1516)
calls=2 0 
0 830 206 130 32 4
0 22 10 2 2 0 0 2
cob=(2)
cfi=(51)
cfn=(3506)
calls=2 0 
0 198 76 32
0 4 0 2
cob=(2)
cfi=(51)
cfn=(3516)
calls=2 0 
0 506 162 80
0 8 0 2
cob=(2)
cfi=(51)
cfn=(1796)
calls=2 0 
0 446 136 80
0 22 8 2 2 0 0 2
cob=(2)
cfi=(51)
cfn=(1688)
calls=2 0 
0 5342 1156 809 28
0 10 0 2
cob=(2)
cfi=(51)
cfn=(1796)
calls=2 0 
0 456 134 78 0 0 2
0 20 10 2 2 0 0 2
cob=(2)
cfi=(51)
cfn=(3506)
calls=2 0 
0 198 76 32
0 4 0 2
cob=(2)
cfi=(51)
cfn=(3516)
calls=2 0 
0 506 162 80
0 20 10 2 2 0 0 2
cob=(2)
cfi=(51)
cfn=(3506)
calls=2 0 
0 198 76 32
0 16 10
cob=(2)
cfi=(51)
cfn=(3516)
calls=2 0 
0 506 162 80

fn=(3680)
0 114 38 0 1 11 0 1

fn=(3764)
0 14 2 2 1 2 0 1
cfn=(1892)
calls=1 0 
0 7 1
0 7 1 1
cfn=(1650)
calls=1 0 
0 148 41 18 0 1
0 2 2

fn=(1346)
0 91 13 0 6 0 0 1

fn=(1420) CLI::App::App(std::__cxx11::basic_string<char, std::char_traits<char>, std::allocator<char> >, std::__cxx11::basic_string<char, std::char_traits<char>, std::allocator<char> >)
0 26 3 11 2 0 0 2
cfn=(1340)
calls=1 0 
0 24 5 5
0 9 2 3 1 0 0 1
cfn=(1340)
calls=1 0 
0 248 48 41 0 0 2 0 0 1
0 5 0 1
cfn=(1422) CLI::App::App(std::__cxx11::basic_string<char, std::char_traits<char>, std::allocator<char> >, std::__cxx11::basic_string<char, std::char_traits<char>, std::allocator<char> >, CLI::App*)
calls=1 0 
0 989 173 254 23 5 3 23 4 3
0 13 3 3 2 0 0 2
cfn=(1332)
calls=1 0 
0 250 48 41 0 1 1 0 1 1
0 7 0 3
cfn=(1332)
calls=1 0 
0 44 10 8
0 16 8 1 3 0 0 3
cob=(2)
cfi=(51)
cfn=(1354)
calls=1 0 
0 99 31 15
0 16 9 2 1 0 0 1
cfn=(1340)
calls=1 0 
0 43 10 8
0 8 4 2 1 0 0 1
cfn=(1340)
calls=1 0 
0 249 48 41 0 0 1 0 0 1
0 12 2 5 1 0 0 1
cfn=(1340)
calls=1 0 
0 43 10 8
0 5 1 1 1 0 0 1
cfn=(1424)
calls=1 0 
0 10366 2494 1827 228 14 32 221 6 17
0 16 5 2 2 0 0 2

fn=(1434) CLI::detail::split_names(std::__cxx11::basic_string<char, std::char_traits<char>, std::allocator<char> >)
0 1242 138 552 45 0 2 3
cob=(2)
cfi=(51)
cfn=(1426)
calls=46 0 
0 1012 138 0 15
0 10 2 2
cob=(2)
cfi=(51)
cfn=(1426)
calls=2 0 
0 44 6
0 126 4 8 1 0 0 1
cfn=(1332)
calls=2 0 
0 98 20 16 0 0 1
0 18 4 6 0 0 1
cfn=(1340)
calls=2 0 
0 96 20 16
0 60 14 10 5 0 0 5
cfn=(1442)
calls=2 0 
0 42 10 8 2 0 0 2
0 16 4 4
cfn=(1340)
calls=2 0 
0 96 20 16
0 12 6 2 1 0 0 1
cfn=(1444)
calls=2 0 
0 434 86 72 11 0 6 11 0 1
0 34 16 4 2 0 0 2
cfn=(1332)
calls=2 0 
0 92 20 16
0 158 10 50 15 0 0 2
cfn=(1448)
calls=46 0 
0 25206 7607 4604 271 0 9 12 0 9
0 138 46 46 15 0 0 1
cfn=(1444)
calls=46 0 
0 7600 1621 1316 55 0 4 1 0 4
0 754 510 2 14 0 0 2
cob=(2)
cfi=(51)
cfn=(1334)
calls=2 0 
0 34 8 4
0 122 8 6 22 0 0 5
cob=(2)
cfi=(51)
cfn=(1436)
calls=2 0 
0 54 22 12 1 1 0 1
0 4 0 2 1 0 0 1
cob=(2)
cfi=(51)
cfn=(1438)
calls=2 0 
0 42 20 4 1 1 0 1
0 12 4 2 0 2 0 0 1
cob=(2)
cfi=(51)
cfn=(1440)
calls=2 0 
0 20 10 2 1 1 0 1
0 10 2 2 1 0 0 1
cob=(2)
cfi=(51)
cfn=(1436)
calls=2 0 
0 54 22 12
0 4 0 2
cob=(2)
cfi=(51)
cfn=(1438)
calls=2 0 
0 42 20 4
0 12 4 2 1 1 0 1 1
cob=(2)
cfi=(51)
cfn=(1440)
calls=2 0 
0 20 10 2
0 4

fn=(1444)
0 365 146 0 30 1 0 2
cfn=(1446) void std::vector<std::__cxx11::basic_string<char, std::char_traits<char>, std::allocator<char> >, std::allocator<std::__cxx11::basic_string<char, std::char_traits<char>, std::allocator<char> > > >::_M_realloc_insert<std::__cxx11::basic_string<char, std::char_traits<char>, std::allocator<char> > >(__gnu_cxx::__normal_iterator<std::__cxx11::basic_string<char, std::char_traits<char>, std::allocator<char> >*, std::vector<std::__cxx11::basic_string<char, std::char_traits<char>, std::allocator<char> >, std::allocator<std::__cxx11::basic_string<char, std::char_traits<char>, std::allocator<char> > > > >, std::__cxx11::basic_string<char, std::char_traits<char>, std::allocator<char> >&&)
calls=73 0 
0 11294 2336 2016 96 2 10 10 0 5

fn=(1488)
0 825 92 216 34 2 0 3
cob=(2)
cfi=(51)
cfn=(1334)
calls=30 0 
0 531 129 66
0 370 247 65 3 0 0 1
cob=(2)
cfi=(51)
cfn=(1342)
calls=3 0 
0 177 45 24
0 89 3 6 20 0 1 1

fn=(1684)
0 360 48 12 13 0 0 1

fn=(1874) CLI::Option* CLI::App::add_option<std::__cxx11::basic_string<char, std::char_traits<char>, std::allocator<char> >, std::__cxx11::basic_string<char, std::char_traits<char>, std::allocator<char> >, (CLI::detail::enabler)0>(std::__cxx11::basic_string<char, std::char_traits<char>, std::allocator<char> >, std::__cxx11::basic_string<char, std::char_traits<char>, std::allocator<char> >&, std::__cxx11::basic_string<char, std::char_traits<char>, std::allocator<char> >) [clone .isra.0]
0 84 3 39 4 0 0 3
cfn=(1340)
calls=3 0 
0 458 96 79 0 0 1 0 0 1
0 48 6 15 1 0 0 1
cfn=(1340)
calls=3 0 
0 133 30 24
0 27 3 3 1 0 0 1
cfn=(1430)
calls=3 0 
0 100493 27400 18431 236 17 38 41 1 38
0 33 6 3
cfn=(1876) std::_Function_handler<bool (std::vector<std::__cxx11::basic_string<char, std::char_traits<char>, std::allocator<char> >, std::allocator<std::__cxx11::basic_string<char, std::char_traits<char>, std::allocator<char> > > > const&), CLI::App::add_option<std::__cxx11::basic_string<char, std::char_traits<char>, std::allocator<char> >, std::__cxx11::basic_string<char, std::char_traits<char>, std::allocator<char> >, (CLI::detail::enabler)0>(std::__cxx11::basic_string<char, std::char_traits<char>, std::allocator<char> >, std::__cxx11::basic_string<char, std::char_traits<char>, std::allocator<char> >&, std::__cxx11::basic_string<char, std::char_traits<char>, std::allocator<char> >)::{lambda(std::vector<std::__cxx11::basic_string<char, std::char_traits<char>, std::allocator<char> >, std::allocator<std::__cxx11::basic_string<char, std::char_traits<char>, std::allocator<char> > > > const&)#1}>::_M_manager(std::_Any_data&, std::_Any_data const&, std::_Manager_operation)
calls=3 0 
0 27 3
0 18 6 3 1 0 0 1
cob=(2)
cfi=(51)
cfn=(1354)
calls=3 0 
0 297 93 45
0 21 3 3
cfn=(1890)
calls=3 0 
0 27 3
0 9 0 3
cfn=(1328)
calls=3 0 
0 243 45 36
0 12 6 3 1 0 0 1
cfn=(1508)
calls=3 0 
0 537 126 117 6
0 60 33 6 1 0 0 1

fn=(1892)
0 35 5 0 2 0 0 1

fn=(1904)
0 114 18 36 2 0 0 2
cfn=(1906)
calls=6 0 
0 3760 868 580 35 0 1 34 0 1
0 56 6 2 0 1 0 0 1
cfn=(1918) CLI::App::_parse_positional(std::vector<std::__cxx11::basic_string<char, std::char_traits<char>, std::allocator<char> >, std::allocator<std::__cxx11::basic_string<char, std::char_traits<char>, std::allocator<char> > > >&, bool)
calls=2 0 
0 1693 470 249 25 2 0 17
0 80 40 0 2 0 0 2
cfn=(1926) CLI::App::_parse_arg(std::vector<std::__cxx11::basic_string<char, std::char_traits<char>, std::allocator<char> >, std::allocator<std::__cxx11::basic_string<char, std::char_traits<char>, std::allocator<char> > > >&, CLI::detail::Classifier, bool)
calls=4 0 
0 22391 5828 3950 58 6 4 52 0 4

fn=(1940)
0 31 8 12 1 0 0 1
cfn=(1626)
calls=6 0 
0 20560 5165 3612 234 161 46 91 9 26
0 211 97 0 3 2 0 3

fn=(2062)
0 3 0 0 1 0 0 1
cob=(2)
cfi=(51)
cfn=(1354)
calls=1 0 
0 99 31 15

fn=(3236)
0 13 2 7 2 0 1 2
cob=(2)
cfi=(51)
cfn=(2580)
calls=1 0 
0 862 223 132 74 32 9
0 12 8

fn=(3406) walnutpie::InitConfigBuilder::positions(Eigen::Matrix<double, -1, 1, 0, -1, 1> const&)
0 23 1 10 2 0 0 2
cfn=(1332)
calls=1 0 
0 46 10 8 4 2 1 1 1
0 6 0 3
cfn=(1332)
calls=1 0 
0 44 10 8
0 17 4 3 2 2 0 2
cfn=(1332)
calls=1 0 
0 44 10 8
0 2745 395 2 2 2 0 2
cob=(2)
cfi=(51)
cfn=(1342)
calls=1 0 
0 59 15 8 0 4
0 14 1 2 1 0 0 1
cob=(2)
cfi=(51)
cfn=(3254)
calls=1 0 
0 641 118 92 7 4 6 1
0 9 1 3 1 0 0 1
cob=(2)
cfi=(51)
cfn=(1334)
calls=1 0 
0 331 105 101 0 0 1
0 17 5 4 0 1
cob=(2)
cfi=(51)
cfn=(3256)
calls=1 0 
0 134 38 19 1 2 1 1
0 9 0 1 1 0 0 1
cob=(2)
cfi=(51)
cfn=(1354)
calls=1 0 
0 99 31 15
0 12 9 0 1 0 0 1

fn=(3408) walnutpie::InitConfigBuilder::InitConfigBuilder(walnutpie::InitConfigBuilder const&)
0 24 3 10 3 0 2 3
cob=(2)
cfi=(51)
cfn=(1342)
calls=1 0 
0 55 15 8
0 15 2 3 1 0 0 1
cob=(2)
cfi=(51)
cfn=(1922)
calls=1 0 
0 15 4 2 1 2 0 1
0 16 2 5 1 0 0 1
cob=(2)
cfi=(51)
cfn=(1342)
calls=1 0 
0 59 15 8 0 1
0 21 3 5 1 0 0 1
cob=(2)
cfi=(51)
cfn=(3254)
calls=1 0 
0 263 48 41
0 10 1 3
cob=(2)
cfi=(51)
cfn=(1334)
calls=1 0 
0 331 105 101 0 0 47
0 18 4 4 3 0 0 3
cob=(2)
cfi=(51)
cfn=(1342)
calls=1 0 
0 59 15 8 0 1
0 18 3 4 1 0 0 1
cob=(2)
cfi=(51)
cfn=(3254)
calls=1 0 
0 366 52 41
0 10 1 3
cob=(2)
cfi=(51)
cfn=(1334)
calls=1 0 
0 331 105 101 0 48
0 14 8 1 2 0 0 2

fn=(3438)
0 54 6 20 2 0 2 2
cob=(2)
cfi=(51)
cfn=(3254)
calls=2 0 
0 819 128 104 0 0 7
0 16 2 6 1 0 1 1
cob=(2)
cfi=(51)
cfn=(1334)
calls=2 0 
0 660 210 202 2 0 94
0 26 4 10 1 0 0 1
cfn=(1332)
calls=2 0 
0 88 20 16 0 1 0 0 1
0 34 8 6 2 1 0 2
cfn=(1332)
calls=2 0 
0 88 20 16 0 1
0 14 0 6 1 0 0 1
cfn=(1332)
calls=2 0 
0 88 20 16
0 50 26 2 2 0 0 2
cob=(2)
cfi=(51)
cfn=(3254)
calls=2 0 
0 784 128 104 0 0 3
0 2392 390 394 4 3 94 4

fn=(3440)
0 18 2 4 1 0 0 1
cob=(2)
cfi=(51)
cfn=(3254)
calls=1 0 
0 417 64 52 0 0 1
0 8 4 2 1 0 0 1

fn=(3450)
0 3600 800 1900 400 0 400 400
cob=(2)
cfi=(51)
cfn=(3254)
calls=100 0 
0 19200 3800 3300 0 0 300
0 1922803 127810 166710 304 2187 0 304
cob=(2)
cfi=(51)
cfn=(3434)
calls=19450 0 
0 1085633 256417 0 201 3776 0 3 32
0 740400 369850 117000 400 1 100 400
cob=(2)
cfi=(51)
cfn=(3254)
calls=100 0 
0 34700 5000 3900 0 0 300
0 1100 200 300 1 0 0 1
cfn=(3454)
calls=100 0 
0 505536200 143812300 116273900 10478 3482123 3626900 601 0 5102
0 4800 1300 400 202 700 0 202
cfn=(3432)
calls=100 0 
0 92000 18800 17100 497 5800 5100
0 1000 200 200 100 0 0 100
cob=(2)
cfi=(51)
cfn=(3254)
calls=100 0 
0 43200 6400 5200
0 900 300 300 100 0 0 100
cob=(2)
cfi=(51)
cfn=(1334)
calls=100 0 
0 33100 10500 10100 0 0 500
0 400 0 100
cfn=(3432)
calls=100 0 
0 78800 17500 16000 0 600 4900
0 500 100 200 100 0 100 100
cfn=(3432)
calls=100 0 
0 78800 17500 16000 0 0 4900
0 700 200 300
cfn=(3432)
calls=100 0 
0 78300 17500 16000 0 0 4900
0 6750 1800 1500 303 448 100 303
cfn=(3478) _ZN9walnutpie6detailL10build_spanILNS0_9DirectionE0ENS0_16NoExceptLogpGradIZ11run_walnutsRNS_16DynamicStanModelEjRNS_17InitConfigBuilderEmmbRNS_12WarmupConfigERNS_14SamplingConfigEEUlDpOT_E1_11StanHandlerEESt23mersenne_twister_engineImLm64ELm312ELm156ELm31ELm13043109905998158313ELm29ELm6148914691236517205ELm17ELm8202884508482404352ELm37ELm18444473444759240704ELm43ELm6364136223846793005EENS0_4AdamEEESt8optionalINS0_5SpanWEERNS0_6RandomIT1_EERKT0_RKN5Eigen6MatrixIdLin1ELi1ELi0ELin1ELi1EEEdmmmdRKSM_RT2_
calls=50 0 
0 7844197450 2231520650 1803322550 52615 54148153 56080653 6640 25 9037
0 650 150 150 50 100 50 50
cfn=(3472) void Eigen::internal::call_dense_assignment_loop<Eigen::Matrix<double, -1, 1, 0, -1, 1>, Eigen::Matrix<double, -1, 1, 0, -1, 1>, Eigen::internal::assign_op<double, double> >(Eigen::Matrix<double, -1, 1, 0, -1, 1>&, Eigen::Matrix<double, -1, 1, 0, -1, 1> const&, Eigen::internal::assign_op<double, double> const&)
calls=100 0 
0 163300 29200 27300 600 5800 5200 6
0 1200 600 600 100 0 100 100
cfn=(3474)
calls=100 0 
0 111900 32200 15100 101 900 200 2
0 274829 1000 234 29 100 0 29
cfn=(3452)
calls=78 0 
0 378089 48984 24414 200 917
0 789 312 162 100 0 0 100
cfn=(3452)
calls=81 0 
0 392602 50868 25353 201 994 0 5
0 79336 20093 19650 152 50 0 152
cfn=(3456) _ZN9walnutpie6detailL10build_spanILNS0_9DirectionE1ENS0_16NoExceptLogpGradIZ11run_walnutsRNS_16DynamicStanModelEjRNS_17InitConfigBuilderEmmbRNS_12WarmupConfigERNS_14SamplingConfigEEUlDpOT_E1_11StanHandlerEESt23mersenne_twister_engineImLm64ELm312ELm156ELm31ELm13043109905998158313ELm29ELm6148914691236517205ELm17ELm8202884508482404352ELm37ELm18444473444759240704ELm43ELm6364136223846793005EENS0_4AdamEEESt8optionalINS0_5SpanWEERNS0_6RandomIT1_EERKT0_RKN5Eigen6MatrixIdLin1ELi1ELi0ELin1ELi1EEEdmmmdRKSM_RT2_
calls=50 0 
0 7844199426 2231520591 1803322550 66550 54145714 56082668 9882 55 10951
0 252 50 51 1 0 50 1
cfn=(3452)
calls=1 0 
0 4833 628 313 0 39
0 107402 38601 100 300 9600 0 300

fn=(3474)
0 1400 200 400 200 0 0 1
cob=(2)
cfi=(51)
cfn=(3256)
calls=200 0 
0 26800 7600 3800 0 200
0 1400 400 200 0 200
cob=(2)
cfi=(51)
cfn=(3256)
calls=200 0 
0 26800 7600 3800 0 200 200
0 800 200 200 2 0 0 1
cob=(2)
cfi=(51)
cfn=(3256)
calls=200 0 
0 26800 7600 3800 0 500 100
0 800 200 200
cob=(2)
cfi=(51)
cfn=(3256)
calls=200 0 
0 32400 9400 4200 0 200
0 800 200 200 0 100
cob=(2)
cfi=(51)
cfn=(3256)
calls=200 0 
0 32400 9400 4200 0 200
0 800 200 200 0 100
cob=(2)
cfi=(51)
cfn=(3256)
calls=200 0 
0 32400 9400 4200 0 0 200
0 1000 400
cob=(2)
cfi=(51)
cfn=(3256)
calls=200 0 
0 39200 11600 4800

fn=(3478)
0 4200 1100 1100 153 250 200 153
cob=(2)
cfi=(51)
cfn=(3254)
calls=50 0 
0 20850 3200 2600 0 0 250
0 250050 49750 48650 175 9906 12150 175
cob=(2)
cfi=(51)
cfn=(3254)
calls=50 0 
0 19100 3200 2600 0 50 50
0 249800 49750 48650 175 10007 2400 175
cob=(2)
cfi=(51)
cfn=(3254)
calls=50 0 
0 17600 3200 2600 0 50 100
0 4840150 1571350 653350 1803 142774 2351 1803
cob=(2)
cfi=(51)
cfn=(1396)
calls=1550 0 
0 46500 17050 3100 0 200
0 24800 9300 7750 52 1600 1550 52
cob=(10)
cfi=(274)
cfn=(3418)
calls=1550 0 
0 7836137850 2229045450 1802232950 43900 53875714 56061452 0 1 9037
0 7750 3100 1550
cob=(2)
cfi=(51)
cfn=(1396)
calls=1550 0 
0 46500 17050 3100 3100 6200 0 1550
0 2494100 736550 310250 2332 100352 0 2332
cob=(2)
cfi=(51)
cfn=(3448)
calls=50 0 
0 2900 550 200 150 250 0 50
0 2200 650 450 150 150 0 150
cob=(2)
cfi=(51)
cfn=(3464) 0x000000000010ec30
calls=50 0 
0 6450 1550 150 475 400 0 50 24
0 1250 450 150 100 0 50 100
cob=(2)
cfi=(51)
cfn=(3256)
calls=50 0 
0 8750 2600 1150 0 200 50
0 200 50 50
cob=(2)
cfi=(51)
cfn=(3256)
calls=50 0 
0 8100 2350 1050
0 200 50 50 50 0 0 50
cob=(2)
cfi=(51)
cfn=(3256)
calls=50 0 
0 8100 2350 1050 0 50 50
0 50

fn=(3542)
0 52 8 20 4 0 0 2
cfn=(1340)
calls=2 0 
0 48 10 10 2 0 0 2
0 18 6 6 2 0 0 1
cfn=(1340)
calls=2 0 
0 48 10 10 0 0 1
0 16 4 6 2 0 0 1
cfn=(1340)
calls=2 0 
0 48 10 10
0 18 6 6
cfn=(1340)
calls=2 0 
0 48 10 10 0 0 1
0 16 4 6 2 0 0 1
cfn=(1340)
calls=2 0 
0 50 14 12 2 0 0 2
0 14 0 4 2 0 0 1
cfn=(1332)
calls=2 0 
0 50 10 10 0 0 1
0 16 4 6
cfn=(1340)
calls=2 0 
0 50 14 12
0 30 17 4 4 0 0 2

fn=(3744)
0 14 2 2 2 2 0 2
cfn=(3746) std::_Function_handler<std::__cxx11::basic_string<char, std::char_traits<char>, std::allocator<char> > (std::__cxx11::basic_string<char, std::char_traits<char>, std::allocator<char> >&), CLI::detail::EscapedStringTransformer::EscapedStringTransformer()::{lambda(std::__cxx11::basic_string<char, std::char_traits<char>, std::allocator<char> >&)#1}>::_M_manager(std::_Any_data&, std::_Any_data const&, std::_Manager_operation)
calls=1 0 
0 7 1 0 2 0 0 2
0 7 1 1
cfn=(3748)
calls=1 0 
0 7 1 0 1 0 0 1
0 2 2

fn=(3746)
0 7 1 0 2 0 0 2

fn=(3750)
0 14 2 2 2 2 0 2
cfn=(3752) std::_Function_handler<std::__cxx11::basic_string<char, std::char_traits<char>, std::allocator<char> > (std::__cxx11::basic_string<char, std::char_traits<char>, std::allocator<char> >&), CLI::detail::IPV4Validator::IPV4Validator()::{lambda(std::__cxx11::basic_string<char, std::char_traits<char>, std::allocator<char> >&)#1}>::_M_manager(std::_Any_data&, std::_Any_data const&, std::_Manager_operation)
calls=1 0 
0 7 1
0 7 1 1
cfn=(1650)
calls=1 0 
0 148 41 18 0 1
0 2 2

fn=(3760)
0 14 2 2 0 2
cfn=(3762) std::_Function_handler<std::__cxx11::basic_string<char, std::char_traits<char>, std::allocator<char> > (std::__cxx11::basic_string<char, std::char_traits<char>, std::allocator<char> >&), CLI::detail::ExistingDirectoryValidator::ExistingDirectoryValidator()::{lambda(std::__cxx11::basic_string<char, std::char_traits<char>, std::allocator<char> >&)#1}>::_M_manager(std::_Any_data&, std::_Any_data const&, std::_Manager_operation)
calls=1 0 
0 7 1 0 1 0 0 1
0 7 1 1
cfn=(1650)
calls=1 0 
0 148 41 18 0 1
0 2 2

fn=(3762)
0 7 1 0 1 0 0 1

fn=(810) (below main)
0 12 2 3 2 1 0 2
cob=(3)
cfi=(179)
cfn=(812)
calls=1 242 
0 32744005420 9302544480 7503587514 505177 223590825 231821393 43573 3396 108238

fn=(818)
0 12 1 0 2 0 0 2

fn=(1352)
0 18 1 7 2 0 0 2
cfn=(1332)
calls=1 0 
0 249 48 41 0 0 1 0 0 1
0 6 2 2
cfn=(1340)
calls=1 0 
0 248 48 41
0 6 0 4 1 0 1 1 0 1
cob=(2)
cfi=(51)
cfn=(1342)
calls=1 0 
0 203 39 30 0 0 1 0 0 1
0 38 5 14 2 0 1 2 0 1
cob=(2)
cfi=(51)
cfn=(1354)
calls=1 0 
0 1579 558 292 15 45 0 13 2
0 19 2 5 2 0 0 2
cfn=(1346)
calls=1 0 
0 7 1
0 9 7

fn=(1378)
0 175 21 77 18 0 0 3
cfn=(1340)
calls=7 0 
0 206 45 41
0 42 14 14
cfn=(1340)
calls=7 0 
0 206 45 41
0 42 0 28 6 0 2 1 0 2
cob=(2)
cfi=(51)
cfn=(1342)
calls=7 0 
0 701 153 100 0 0 1 0 0 1
0 248 28 82 18 0 3 3 0 2
cob=(2)
cfi=(51)
cfn=(1512)
calls=5 0 
0 4270 1310 990 65
0 20 0 5
cob=(2)
cfi=(51)
cfn=(1796)
calls=5 0 
0 1185 380 215 40 0 0 5
0 20 0 5
cob=(2)
cfi=(51)
cfn=(1796)
calls=5 0 
0 690 235 135
0 15 5 5
cob=(2)
cfi=(51)
cfn=(1688)
calls=5 0 
0 21109 4365 3160 498 6 2 9
0 25 0 5 5 0 0 1
cob=(2)
cfi=(51)
cfn=(1796)
calls=5 0 
0 705 235 135
0 15 5 5
cob=(2)
cfi=(51)
cfn=(1688)
calls=5 0 
0 20477 4624 2944 194 62 9 81 10 5
0 20 0 5
cob=(2)
cfi=(51)
cfn=(1796)
calls=5 0 
0 695 230 130 2 1
0 15 0 5 5 0 0 1
cob=(2)
cfi=(51)
cfn=(1574)
calls=5 0 
0 1592 460 326 41 10 0 4
0 35 10 10
cfn=(1340)
calls=5 0 
0 952 192 161 42 0 2 0 0 2
0 30 0 20 5 0 0 1
cob=(2)
cfi=(51)
cfn=(1342)
calls=5 0 
0 727 147 106 0 0 2 0 0 2
0 165 35 65 10 0 0 2
cfn=(1650)
calls=5 0 
0 635 185 95 26
0 50 15 5 5
cob=(2)
cfi=(51)
cfn=(1354)
calls=5 0 
0 495 155 75
0 10 0 5
cob=(2)
cfi=(51)
cfn=(1602)
calls=5 0 
0 1000 315 195 41 1
0 133 28 35 7 0 0 2
cfn=(1346)
calls=7 0 
0 49 7 0 5
0 98 70 7 5 0 0 1

fn=(1466)
0 1764 168 462 59 0 0 4
cfn=(1340)
calls=42 0 
0 3460 776 622 0 1 2 0 0 2
0 1008 336 210 43 0 0 4
cob=(2)
cfi=(51)
cfn=(1342)
calls=42 0 
0 4062 894 578 0 1 10 0 0 9
0 588 84 42 22 0 0 2

fn=(1482)
0 50 13 15 5 0 0 5

fn=(1490)
0 732 193 141 21 7 0 2
cob=(2)
cfi=(51)
cfn=(1354)
calls=3 0 
0 318 97 44 0 1
0 128 12 6 13 0 0 1
cob=(2)
cfi=(51)
cfn=(1354)
calls=6 0 
0 697 206 85
0 314 46 44 14 7 0 1
cfn=(1876)
calls=6 0 
0 54 6
cfn=(1682)
calls=24 0 
0 216 24 0 1
cfn=(1662)
calls=2 0 
0 18 2 0 1
cfn=(1496)
calls=12 0 
0 108 12 0 1
0 792 224 20 31 52 0 2
cfn=(1894)
calls=1 0 
0 7 1 0 1
cfn=(1892)
calls=2 0 
0 14 2 0 1
cfn=(1652)
calls=17 0 
0 153 17
0 160 20 20 0 6
cfn=(2074)
calls=5 0 
0 1355 385 165 2 9 0 2
cfn=(1650)
calls=15 0 
0 2343 651 285 3 15
0 232 40 20 20 0 0 1
cob=(2)
cfi=(51)
cfn=(1354)
calls=20 0 
0 2272 676 286 0 6
0 222 46 21 13 7 0 1
cfn=(1890)
calls=3 0 
0 27 3
cfn=(1684)
calls=12 0 
0 108 12 0 1
cfn=(1506)
calls=6 0 
0 54 6 0 1
0 322 46 46 18 13 0 1
cfn=(2072)
calls=21 0 
0 3087 857 379 2 15 0 2
cfn=(1492)
calls=25 0 
0 175 25 0 38 0 0 2
0 690 184 46 10 30 0 1
cob=(2)
cfi=(51)
cfn=(1354)
calls=46 0 
0 4888 1490 674 0 17
0 1402 432 22 88 33 0 5
cob=(2)
cfi=(51)
cfn=(1354)
calls=22 0 
0 2409 726 319 0 2
0 346 84 42 4 0 0 1
cob=(2)
cfi=(51)
cfn=(1354)
calls=42 0 
0 4576 1382 610 1 3
0 296 98 2 20 0 0 1
cob=(2)
cfi=(51)
cfn=(1354)
calls=2 0 
0 198 62 30
0 468 230 0 26 3 0 3

fn=(1508)
0 273 21 126 15 0 0 1
cfn=(1340)
calls=21 0 
0 945 210 168
0 126 0 84 19 0 0 1
cob=(2)
cfi=(51)
cfn=(1342)
calls=21 0 
0 1239 315 168
0 672 126 252 40 0 0 3
cfn=(1492)
calls=21 0 
0 147 21
0 357 189 21 17 0 0 1

fn=(1632) std::enable_if<std::is_integral<int>::value, bool>::type CLI::detail::checked_multiply<int>(int&, int)
0 434 62 31 10 0 0 1

fn=(1650)
0 711 56 128 23 14 0 4
cob=(2)
cfi=(51)
cfn=(1354)
calls=2 0 
0 240 70 28
0 81 0 27
cob=(2)
cfi=(51)
cfn=(1354)
calls=27 0 
0 3133 925 383 15 6
0 255 183 15 15 0 0 2
cob=(2)
cfi=(51)
cfn=(1342)
calls=15 0 
0 885 225 120
0 120 30 30 13 10 0 1
cfn=(1340)
calls=15 0 
0 710 164 131 3 2
0 30 0 15

fn=(1656)
0 2000 460 620 122 0 13 10 0 13
cob=(2)
cfi=(51)
cfn=(1342)
calls=20 0 
0 4060 780 600 135 0 20 0 0 20
0 340 60 60 17 0 0 1

fn=(1876)
0 153 21 6 2 0 0 1

fn=(1888)
0 588 98 147 2 0 0 2
cfn=(1332)
calls=49 0 
0 2254 490 392
0 147 98

fn=(1898)
0 507479 26026 130130 1265 0 6802 3
cob=(2)
cfi=(51)
cfn=(1342)
calls=13013 0 
0 770422 195616 104472 262 58124 6213 0 0 1
0 143094 26019 26012
cob=(2)
cfi=(51)
cfn=(1334)
calls=13006 0 
0 221102 52024 26012 0 6402
0 143136 13006 13013 60 0 0 1
cob=(2)
cfi=(51)
cfn=(1334)
calls=13013 0 
0 214992 70729 44688 9 17 200 0 0 1
0 234234 117117 26026 9 0 0 2

fn=(1902)
0 295 84 7 7 17 0 7

fn=(1910)
0 342 120 80 3 0 0 3
cfn=(1912)
calls=10 0 
0 762 134 70 3 0 0 3
0 108 16 8 1 0 0 1
cfn=(1914)
calls=8 0 
0 336 64 24
0 64 0 8 1 0 0 1
cfn=(1888)
calls=8 0 
0 488 112 88
0 24 0 8
cfn=(1464)
calls=8 0 
0 392 104 72
0 56 8 8 1 0 0 1
cfn=(1924)
calls=8 0 
0 672 128 88 3 0 0 2
0 8

fn=(1926)
0 104 16 56 3 0 0 3
cfn=(1340)
calls=4 0 
0 174 40 32
0 120 8 72 4 0 0 4
cfn=(1340)
calls=4 0 
0 180 40 32
0 56 20 24 1 0 0 1
cfn=(1340)
calls=4 0 
0 180 40 32
0 52 12 20 3 0 0 3
cfn=(1340)
calls=4 0 
0 180 40 32
0 92 8 12 1 0 0 1
cfn=(1928)
calls=8 0 
0 4184 1109 733 0 0 1 0 0 1
0 44 0 7
cfn=(1928)
calls=7 0 
0 3774 1017 657
0 38 0 6
cfn=(1928)
calls=6 0 
0 3279 886 574
0 51 0 8 1 0 0 1
cfn=(1928)
calls=8 0 
0 4491 1181 782 11 0 2 5 0 2
0 80 36 4 2 0 0 2
cfn=(1930)
calls=4 0 
0 36 12 4 2 0 0 2
0 84 28 24 3 3 0 3
cfn=(1632)
calls=4 0 
0 56 8 4
0 156 96 4 6 0 0 6
cfn=(1910)
calls=4 0 
0 1516 316 212
0 159 53 40 6 0 0 6
cfn=(1340)
calls=4 0 
0 398 81 67 0 0 1 0 0 1
0 31 9 5
cob=(2)
cfi=(51)
cfn=(1354)
calls=1 0 
0 99 31 15
0 32 16 8 1 0 0 1
cfn=(1340)
calls=4 0 
0 254 57 45
0 16 0 4
cfn=(1624)
calls=4 0 
0 748 184 133 0 3
0 65 33 17 2 0 0 2
cob=(2)
cfi=(51)
cfn=(1354)
calls=1 0 
0 99 31 15
0 25 13 1 2 0 0 2
cfn=(1928)
calls=1 0 
0 233 65 50
0 6 0 1 1 0 0 1
cfn=(1928)
calls=1 0 
0 233 65 50
0 6 0 1
cfn=(1928)
calls=1 0 
0 493 130 83
0 22 5 6 2 0 0 2
cfn=(1932)
calls=2 0 
0 491 126 78 6 0 0 6
0 54 16 0 1 0 0 1

fn=(1938)
0 227 100 7 5 15 0 5

fn=(2066)
0 6 3 0 1 1 0 1
cfn=(2068) CLI::Formatter::~Formatter()
calls=1 0 
0 119 36 20 2 0 0 2

fn=(2068)
0 20 5 5 2 0 0 2
cob=(2)
cfi=(51)
cfn=(1354)
calls=1 0 
0 99 31 15

fn=(2070)
0 3
cob=(2)
cfi=(51)
cfn=(1354)
calls=1 0 
0 118 35 14 1 1

fn=(3456)
0 4150 1050 1100 152 200 200 152
cob=(2)
cfi=(51)
cfn=(3254)
calls=50 0 
0 20850 3200 2600 0 0 250 0 0 1
0 250050 49750 48650 200 9800 12150 200 0 2
cob=(2)
cfi=(51)
cfn=(3254)
calls=50 0 
0 19100 3200 2600 0 50 50 0 0 1
0 250050 49750 48650 102 9863 2400 102 0 48
cob=(2)
cfi=(51)
cfn=(3254)
calls=50 0 
0 17600 3200 2600 0 50 100
0 4840400 1571350 653350 528 142314 2352 528 0 5
cob=(2)
cfi=(51)
cfn=(1396)
calls=1550 0 
0 46500 17050 3100 0 200
0 24800 9300 7750 100 1600 1500 100
cob=(10)
cfi=(274)
cfn=(3418)
calls=1550 0 
0 7836137850 2229045450 1802232950 54700 53874039 56063516 0 26 10894
0 7750 3100 1550 50 0 0 50
cob=(2)
cfi=(51)
cfn=(1396)
calls=1550 0 
0 46500 17050 3100 3100 6200 0 1550
0 2495650 736550 310250 6832 100350 0 6832
cob=(2)
cfi=(51)
cfn=(3448)
calls=50 0 
0 2900 550 200 127 250 0 53
0 2200 650 450 76 150 0 76
cob=(2)
cfi=(51)
cfn=(3464)
calls=50 0 
0 6426 1541 150 408 398 0 64 29
0 1250 450 150 125 0 50 125
cob=(2)
cfi=(51)
cfn=(3256)
calls=50 0 
0 8750 2600 1150 0 200 50
0 200 50 50 50 0 0 50
cob=(2)
cfi=(51)
cfn=(3256)
calls=50 0 
0 8100 2350 1050
0 200 50 50
cob=(2)
cfi=(51)
cfn=(3256)
calls=50 0 
0 8100 2350 1050 0 50 50
0 50

fn=(3584)
0 4455 1100 1155 182 220 275 182
cob=(2)
cfi=(51)
cfn=(3254)
calls=55 0 
0 18700 3520 2805 0 55 275
0 274780 54725 53515 112 10780 13585 112
cob=(2)
cfi=(51)
cfn=(3254)
calls=55 0 
0 29076 3908 3193 0 388 110
0 275055 54725 53515 440 11908 2585 440
cob=(2)
cfi=(51)
cfn=(3254)
calls=55 0 
0 25410 3520 2860 0 0 55
0 5324440 1728485 718685 443 159390 2585 443
cob=(2)
cfi=(51)
cfn=(1396)
calls=1705 0 
0 51150 18755 3410 0 220
0 27280 10230 8525 3 1760 1705 3
cob=(10)
cfi=(274)
cfn=(3418)
calls=1705 0 
0 8619677330 2451934375 1982449095 71005 59146120 61679805 0 0 7560
0 8525 3410 1705
cob=(2)
cfi=(51)
cfn=(1396)
calls=1705 0 
0 51150 18755 3410 3410 6820 0 1705
0 2745655 810370 341275 4456 108515 55 4456
cob=(2)
cfi=(51)
cfn=(3256)
calls=55 0 
0 8910 2585 1155 1 55 55 1
0 220 55 55
cob=(2)
cfi=(51)
cfn=(3256)
calls=55 0 
0 9515 2805 1155 0 110
0 220 55 55
cob=(2)
cfi=(51)
cfn=(3256)
calls=55 0 
0 8745 2530 1155 0 220 55
0 55

fn=(3752)
0 7 1

fn=(3758)
0 7 1 0 1 0 0 1

fn=(1328)
0 1344 0 448 3 0 15 2 0 2
cob=(2)
cfi=(51)
cfn=(1330)
calls=112 0 
0 1956 359 0 22 43 0 3 34
0 784 224
cfn=(1332)
calls=112 0 
0 7725 1705 1389 16 5 5 6 0 3

fn=(1394)
0 16 1 10 1 0 3 1
cob=(2)
cfi=(51)
cfn=(1396)
calls=1 0 
0 925 304 143 11 20 24 7 5
0 2 0 1 1 0 0 1
cob=(2)
cfi=(51)
cfn=(1406) 0x000000000010e9a0
calls=1 0 
0 6848 1559 656 8 2 3 8 0 3
0 1 0 1
cob=(2)
cfi=(51)
cfn=(1412) 0x000000000010e730
calls=1 0 
0 60 16 8 7 1 0 7
0 48 10 32 5 4 6 5 4
cfn=(1328)
calls=1 0 
0 284 53 45 0 1 1 0 1 1
0 4 0 1 1 0 0 1
cfn=(1328)
calls=1 0 
0 60 10 9 0 1 0 0 1
0 5 0 1
cfn=(1420)
calls=1 0 
0 12488 2914 2282 265 20 39 258 11 23
0 13 3 3 1 0 1 1
cob=(2)
cfi=(51)
cfn=(1354)
calls=1 0 
0 118 35 14 1 0 0 1
0 3 0 1 1 0 0 1
cfn=(1328)
calls=1 0 
0 293 54 45 1 1 1 1 1 1
0 3 0 1
cfn=(1328)
calls=1 0 
0 81 15 12
0 7 2 1
cfn=(1494)
calls=1 0 
0 7824 1932 1464 65 2 14 56 2 14
0 3 0 1 1 0 0 1
cfn=(1510)
calls=1 0 
0 12136 3293 1752 201 136 7 135 18
0 9 5 1 1 0 0 1
cob=(2)
cfi=(51)
cfn=(1354)
calls=1 0 
0 99 31 15
0 5 0 2
cfn=(1328)
calls=1 0 
0 140 29 23 1 1 1 0 1
0 4 0 1
cfn=(1328)
calls=1 0 
0 79 15 12 0 0 1
0 7 2 1 1 0 0 1
cfn=(1494)
calls=1 0 
0 8161 2051 1516 96 2 12 7 0 12
0 3 0 1
cfn=(1510)
calls=1 0 
0 2475 689 476 60
0 4 0 1
cfn=(1328)
calls=1 0 
0 60 10 9
0 3 0 1 1 0 0 1
cfn=(1648)
calls=1 0 
0 213 51 46 10 2 0 10
0 4 0 1
cfn=(1654)
calls=1 0 
0 353 77 71 15 0 1 15 0 1
0 2 0 1
cfn=(1658)
calls=1 0 
0 15 5 1 2 0 0 2
0 15 5 2 2 0 0 2
cob=(2)
cfi=(51)
cfn=(1354)
calls=1 0 
0 99 31 15
0 3 1 1
cfn=(1328)
calls=1 0 
0 140 29 23
0 3 0 1
cfn=(1328)
calls=1 0 
0 79 15 12
0 8 2 2 1 0 0 1
cfn=(1494)
calls=1 0 
0 8543 2150 1589 54 0 13 0 0 13
0 3 1 1
cfn=(1510)
calls=1 0 
0 2475 689 476 58
0 4 0 2
cfn=(1328)
calls=1 0 
0 60 10 9
0 3 0 1 1 0 0 1
cfn=(1648)
calls=1 0 
0 213 51 46 4 2
0 4 1 1
cfn=(1654)
calls=1 0 
0 353 77 71 6 0 2 0 0 2
0 2 0 1
cfn=(1658)
calls=1 0 
0 15 5 1 1
0 12 6 1 1 0 0 1
cob=(2)
cfi=(51)
cfn=(1354)
calls=1 0 
0 99 31 15
0 5 0 2 1 0 0 1
cfn=(1328)
calls=1 0 
0 149 30 23 1 2 1 0 1
0 5 0 2
cfn=(1328)
calls=1 0 
0 79 15 12 0 1 0 0 1
0 5 2 1 1 0 0 1
cfn=(1660) CLI::Option* CLI::App::add_flag<bool, (CLI::detail::enabler)0>(std::__cxx11::basic_string<char, std::char_traits<char>, std::allocator<char> >, bool&, std::__cxx11::basic_string<char, std::char_traits<char>, std::allocator<char> >)
calls=1 0 
0 8963 2276 1617 83 1 9 9 0 9
0 3 0 2 1
cob=(2)
cfi=(51)
cfn=(1512)
calls=1 0 
0 854 262 198 13 0 3
0 3 2 1
cob=(2)
cfi=(51)
cfn=(1664) 0x000000000010ebd0
calls=1 0 
0 1799 441 204 55 10 0 19
0 7 0 3 1 0 0 1
cob=(2)
cfi=(51)
cfn=(1574)
calls=1 0 
0 98 22 19 6 0 0 1
0 2 0 1
cob=(2)
cfi=(51)
cfn=(1602)
calls=1 0 
0 104 33 23 7
0 20 7 9 2 0 1 2
cfn=(1340)
calls=1 0 
0 25 7 6
0 4 2 1
cfn=(1624)
calls=1 0 
0 184 45 33 5
0 11 7 2 2 0 0 2
cfn=(1628)
calls=1 0 
0 24 12 7 3
0 8 3 3 1 0 0 1
cfn=(1472)
calls=1 0 
0 140 43 25
0 4 2 1
cfn=(1464)
calls=1 0 
0 34 10 7
0 2 1 1
cfn=(1470)
calls=1 0 
0 15 6 3
0 18 4 4 3 0 0 3
cfn=(1328)
calls=1 0 
0 153 31 23 2 1 0 0 1
0 3 0 1
cfn=(1328)
calls=1 0 
0 140 29 23 1
0 8 2 2
cfn=(1494)
calls=1 0 
0 14410 3619 2485 56 0 18 0 0 18
0 3 1 1 1 0 0 1
cfn=(1510)
calls=1 0 
0 2299 668 464 70 0 0 1
0 4 0 2
cfn=(1328)
calls=1 0 
0 60 10 9
0 3 0 1
cfn=(1648)
calls=1 0 
0 213 51 46 6
0 4 1 1 1 0 0 1
cfn=(1654)
calls=1 0 
0 353 77 71 11 0 1 0 0 1
0 2 0 1
cfn=(1658)
calls=1 0 
0 15 5 1 2
0 9 5 1 1 0 0 1
cob=(2)
cfi=(51)
cfn=(1354)
calls=1 0 
0 99 31 15
0 6 2 1
cob=(2)
cfi=(51)
cfn=(1354)
calls=1 0 
0 99 31 15
0 3 1 1
cfn=(1328)
calls=1 0 
0 149 30 23 1
0 3 0 1 1 0 0 1
cfn=(1328)
calls=1 0 
0 140 29 23 1
0 8 2 2
cfn=(1494)
calls=1 0 
0 14588 3771 2569 54 1 14 0 0 14
0 3 1 1 1 0 0 1
cfn=(1510)
calls=1 0 
0 2299 668 464 60
0 4 0 2
cfn=(1328)
calls=1 0 
0 60 10 9
0 3 0 1
cfn=(1648)
calls=1 0 
0 213 51 46 3
0 4 1 1
cfn=(1654)
calls=1 0 
0 353 77 71 6 0 2 0 0 2
0 2 0 1 1 0 0 1
cfn=(1658)
calls=1 0 
0 15 5 1 1
0 9 5 1 1 0 0 1
cob=(2)
cfi=(51)
cfn=(1354)
calls=1 0 
0 99 31 15
0 6 2 1
cob=(2)
cfi=(51)
cfn=(1354)
calls=1 0 
0 99 31 15
0 3 1 1
cfn=(1328)
calls=1 0 
0 149 30 23 1 1 0 0 1
0 3 0 1
cfn=(1328)
calls=1 0 
0 140 29 23 1 1 0 0 1
0 8 2 2 1 0 0 1
cfn=(1494)
calls=1 0 
0 12924 3379 2304 60 0 11 1 0 11
0 3 1 1
cfn=(1510)
calls=1 0 
0 2299 668 464 62
0 4 0 2 1 0 0 1
cfn=(1328)
calls=1 0 
0 60 10 9
0 3 0 1
cfn=(1648)
calls=1 0 
0 213 51 46 5
0 4 1 1
cfn=(1654)
calls=1 0 
0 353 77 71 8 0 2 0 0 2
0 2 0 1
cfn=(1658)
calls=1 0 
0 15 5 1 1
0 9 5 1 1 0 0 1
cob=(2)
cfi=(51)
cfn=(1354)
calls=1 0 
0 99 31 15
0 6 2 1 1 0 0 1
cob=(2)
cfi=(51)
cfn=(1354)
calls=1 0 
0 99 31 15
0 3 1 1
cfn=(1328)
calls=1 0 
0 149 30 23 1 1 0 0 1
0 3 0 1
cfn=(1328)
calls=1 0 
0 140 29 23 1
0 8 2 2 1 0 0 1
cfn=(1680)
calls=1 0 
0 15943 4195 2792 63 1 13 11 1 13
0 3 1 1
cfn=(1686)
calls=1 0 
0 9067 2378 1377 380 88 24 237 24 10
0 4 0 2 2 0 0 1
cfn=(1328)
calls=1 0 
0 60 10 9 0 0 1
0 3 0 1
cfn=(1648)
calls=1 0 
0 213 51 46 8 2
0 4 1 1
cfn=(1654)
calls=1 0 
0 353 77 71 29 0 2 0 0 2
0 2 0 1
cfn=(1658)
calls=1 0 
0 15 5 1 2
0 9 5 1 1 2 0 1
cob=(2)
cfi=(51)
cfn=(1354)
calls=1 0 
0 99 31 15
0 6 2 1 1 0 0 1
cob=(2)
cfi=(51)
cfn=(1354)
calls=1 0 
0 99 31 15
0 3 1 1
cfn=(1328)
calls=1 0 
0 153 31 23 1 1 0 0 1
0 3 0 1
cfn=(1328)
calls=1 0 
0 81 15 12
0 8 2 2 1 0 0 1
cfn=(1680)
calls=1 0 
0 12205 3216 2233 175 10 13 0 0 13
0 3 1 1
cfn=(1686)
calls=1 0 
0 4320 1092 771 295 9 1 13 1
0 4 0 2 1
cfn=(1328)
calls=1 0 
0 60 10 9
0 3 0 1 1 0 0 1
cfn=(1648)
calls=1 0 
0 213 51 46 8 3
0 4 1 1
cfn=(1654)
calls=1 0 
0 353 77 71 23 0 2 0 0 2
0 2 0 1
cfn=(1658)
calls=1 0 
0 15 5 1 2
0 12 6 1 1 0 0 1
cob=(2)
cfi=(51)
cfn=(1354)
calls=1 0 
0 99 31 15
0 5 0 2 1 0 0 1
cfn=(1328)
calls=1 0 
0 149 30 23 1
0 3 1 1
cfn=(1328)
calls=1 0 
0 140 29 23
0 8 3 2 1 0 0 1
cfn=(1680)
calls=1 0 
0 14736 3889 2624 149 1 12 0 0 12
0 3 1 1
cfn=(1686)
calls=1 0 
0 4320 1092 771 277
0 4 1 2 1 0 0 1
cfn=(1328)
calls=1 0 
0 60 10 9
0 10 3 4 1 2 0 1
cfn=(1378)
calls=1 0 
0 17888 4288 2696 275 74 12 95 10 6
0 3 0 1
cfn=(1868) CLI::Validator::Validator(CLI::Validator&&)
calls=1 0 
0 46 12 20 4 0 0 3
0 4 2 1
cfn=(1654)
calls=1 0 
0 353 77 71 14 0 2 0 0 2
0 2 0 1
cfn=(1658)
calls=1 0 
0 15 5 1 1
0 2 0 1
cfn=(1658)
calls=1 0 
0 15 5 1
0 12 6 1 2 0 0 2
cob=(2)
cfi=(51)
cfn=(1354)
calls=1 0 
0 99 31 15
0 8 2 2
cob=(2)
cfi=(51)
cfn=(1354)
calls=1 0 
0 99 31 15
0 3 1 1 1 0 0 1
cfn=(1328)
calls=1 0 
0 153 31 23 2 1 0 0 1
0 3 0 1
cfn=(1328)
calls=1 0 
0 140 29 23 0 1 0 0 1
0 8 2 2 1 0 0 1
cfn=(1680)
calls=1 0 
0 18664 4899 3247 200 13 17 0 0 16
0 3 1 1
cfn=(1686)
calls=1 0 
0 5421 1289 891 354 22 6 22 1 1
0 4 0 2
cfn=(1328)
calls=1 0 
0 60 10 9
0 3 0 1
cfn=(1648)
calls=1 0 
0 213 51 46 9 3
0 4 1 1 1 0 0 1
cfn=(1654)
calls=1 0 
0 353 77 71 26 0 1 0 0 1
0 2 0 1
cfn=(1658)
calls=1 0 
0 15 5 1 2
0 9 5 1 1 2 0 1
cob=(2)
cfi=(51)
cfn=(1354)
calls=1 0 
0 99 31 15
0 6 2 1
cob=(2)
cfi=(51)
cfn=(1354)
calls=1 0 
0 99 31 15
0 3 1 1 1 0 0 1
cfn=(1328)
calls=1 0 
0 140 29 23
0 3 0 1
cfn=(1328)
calls=1 0 
0 140 29 23 0 1 0 0 1
0 8 2 2
cfn=(1680)
calls=1 0 
0 19381 5127 3371 162 3 15 0 0 15
0 3 1 1 1 0 0 1
cfn=(1686)
calls=1 0 
0 4670 1177 808 315 2 2 4
0 4 0 2 1
cfn=(1328)
calls=1 0 
0 60 10 9
0 3 0 1
cfn=(1648)
calls=1 0 
0 213 51 46 8 1
0 4 1 1 1 0 0 1
cfn=(1654)
calls=1 0 
0 353 77 71 23 0 2 0 0 2
0 2 0 1
cfn=(1658)
calls=1 0 
0 15 5 1 2
0 9 5 1 1 1 0 1
cob=(2)
cfi=(51)
cfn=(1354)
calls=1 0 
0 99 31 15
0 6 2 1
cob=(2)
cfi=(51)
cfn=(1354)
calls=1 0 
0 99 31 15
0 3 1 1
cfn=(1328)
calls=1 0 
0 149 30 23 1 1 0 0 1
0 3 0 1 1 0 0 1
cfn=(1328)
calls=1 0 
0 140 29 23
0 8 2 2
cfn=(1680)
calls=1 0 
0 16287 4382 2914 153 4 11 0 0 11
0 3 1 1 1 0 0 1
cfn=(1686)
calls=1 0 
0 4320 1092 771 283 6 1
0 4 0 2
cfn=(1328)
calls=1 0 
0 60 10 9
0 3 0 1
cfn=(1648)
calls=1 0 
0 213 51 46 8 1
0 4 1 1
cfn=(1654)
calls=1 0 
0 353 77 71 26 0 2 0 0 2
0 2 0 1 1 0 0 1
cfn=(1658)
calls=1 0 
0 15 5 1 2
0 9 5 1 1 1 0 1
cob=(2)
cfi=(51)
cfn=(1354)
calls=1 0 
0 99 31 15
0 6 2 1
cob=(2)
cfi=(51)
cfn=(1354)
calls=1 0 
0 99 31 15
0 3 1 1
cfn=(1328)
calls=1 0 
0 149 30 23 1 1 0 0 1
0 3 1 1 1 0 0 1
cfn=(1328)
calls=1 0 
0 140 29 23
0 8 3 2
cfn=(1680)
calls=1 0 
0 20606 5530 3586 156 6 12 0 0 12
0 3 1 1 1 0 0 1
cfn=(1686)
calls=1 0 
0 4956 1198 832 303 7 1 1
0 4 1 2 1
cfn=(1328)
calls=1 0 
0 60 10 9 0 0 1
0 11 3 4 1 1 0 1
cfn=(1378)
calls=1 0 
0 9397 2191 1572 184 3 0 9
0 3 0 1
cfn=(1868)
calls=1 0 
0 46 12 20 4
0 4 2 1
cfn=(1654)
calls=1 0 
0 353 77 71 30 0 2 0 0 2
0 2 0 1 1 0 0 1
cfn=(1658)
calls=1 0 
0 15 5 1 1
0 2 0 1
cfn=(1658)
calls=1 0 
0 15 5 1
0 12 6 1 1 0 0 1
cob=(2)
cfi=(51)
cfn=(1354)
calls=1 0 
0 99 31 15
0 6 3 1 1 0 0 1
cob=(2)
cfi=(51)
cfn=(1354)
calls=1 0 
0 99 31 15
0 3 1 1
cfn=(1328)
calls=1 0 
0 149 30 23 1
0 3 0 1
cfn=(1328)
calls=1 0 
0 140 29 23 0 1 0 0 1
0 8 2 2 1 0 0 1
cfn=(1680)
calls=1 0 
0 21472 5779 3767 196 4 13 0 0 13
0 3 1 1
cfn=(1686)
calls=1 0 
0 5173 1240 857 293 6 0 3
0 4 0 2
cfn=(1328)
calls=1 0 
0 60 10 9
0 3 0 1 1 0 0 1
cfn=(1648)
calls=1 0 
0 213 51 46 9 1
0 4 1 1
cfn=(1654)
calls=1 0 
0 353 77 71 25 0 2 0 0 2
0 2 0 1
cfn=(1658)
calls=1 0 
0 15 5 1 2
0 9 5 1 1 1 0 1
cob=(2)
cfi=(51)
cfn=(1354)
calls=1 0 
0 99 31 15
0 6 2 1 1 0 0 1
cob=(2)
cfi=(51)
cfn=(1354)
calls=1 0 
0 99 31 15
0 3 1 1
cfn=(1328)
calls=1 0 
0 149 30 23 1 1 1 0 1
0 3 1 1
cfn=(1328)
calls=1 0 
0 140 29 23
0 8 3 2 1 0 0 1
cfn=(1680)
calls=1 0 
0 22534 6077 3944 167 6 17 0 0 17
0 3 1 1
cfn=(1686)
calls=1 0 
0 4956 1198 832 302 3 1
0 4 1 2
cfn=(1328)
calls=1 0 
0 60 10 9 0 0 1
0 11 3 4 2 0 0 2
cfn=(1378)
calls=1 0 
0 9685 2239 1616 198 1 3 0 0 2
0 3 0 1
cfn=(1868)
calls=1 0 
0 46 12 20 4
0 4 2 1
cfn=(1654)
calls=1 0 
0 353 77 71 12 0 1 0 0 1
0 2 0 1
cfn=(1658)
calls=1 0 
0 15 5 1 1
0 2 0 1
cfn=(1658)
calls=1 0 
0 15 5 1
0 12 6 1 2 0 0 2
cob=(2)
cfi=(51)
cfn=(1354)
calls=1 0 
0 99 31 15
0 6 3 1
cob=(2)
cfi=(51)
cfn=(1354)
calls=1 0 
0 99 31 15
0 3 1 1 1 0 0 1
cfn=(1328)
calls=1 0 
0 163 34 25 3 2 0 0 2
0 3 1 1
cfn=(1328)
calls=1 0 
0 140 29 23
0 8 3 2 1 0 0 1
cfn=(1680)
calls=1 0 
0 23637 6344 4114 196 5 16 0 0 16
0 3 1 1
cfn=(1686)
calls=1 0 
0 4945 1198 831 286 6 1
0 4 1 2
cfn=(1328)
calls=1 0 
0 60 10 9 0 0 1
0 11 3 4 1 0 0 1
cfn=(1378)
calls=1 0 
0 9397 2191 1572 176 1
0 3 0 1
cfn=(1868)
calls=1 0 
0 46 12 20 4
0 4 2 1 1 0 0 1
cfn=(1654)
calls=1 0 
0 353 77 71 31 0 2 0 0 2
0 2 0 1
cfn=(1658)
calls=1 0 
0 15 5 1 1
0 2 0 1
cfn=(1658)
calls=1 0 
0 15 5 1
0 12 6 1 1 0 0 1
cob=(2)
cfi=(51)
cfn=(1354)
calls=1 0 
0 99 31 15
0 6 3 1 1 0 0 1
cob=(2)
cfi=(51)
cfn=(1354)
calls=1 0 
0 99 31 15
0 3 1 1
cfn=(1328)
calls=1 0 
0 149 30 23 1
0 3 0 1
cfn=(1328)
calls=1 0 
0 140 29 23 0 1 0 0 1
0 8 2 2 1 0 0 1
cfn=(1680)
calls=1 0 
0 23621 6453 4146 197 6 12 0 0 12
0 3 1 1
cfn=(1686)
calls=1 0 
0 5330 1269 875 293 6 1
0 4 0 2 1 0 0 1
cfn=(1328)
calls=1 0 
0 60 10 9
0 3 0 1
cfn=(1648)
calls=1 0 
0 213 51 46 9 1
0 4 1 1
cfn=(1654)
calls=1 0 
0 353 77 71 24 0 1 0 0 1
0 2 0 1
cfn=(1658)
calls=1 0 
0 15 5 1 2
0 9 5 1 1 1 0 1
cob=(2)
cfi=(51)
cfn=(1354)
calls=1 0 
0 99 31 15
0 6 2 1 1 0 0 1
cob=(2)
cfi=(51)
cfn=(1354)
calls=1 0 
0 99 31 15
0 3 1 1
cfn=(1328)
calls=1 0 
0 149 30 23 1 1 0 0 1
0 3 1 1
cfn=(1328)
calls=1 0 
0 140 29 23
0 8 3 2 1 0 0 1
cfn=(1680)
calls=1 0 
0 24701 6729 4316 163 7 13 0 0 13
0 3 1 1
cfn=(1686)
calls=1 0 
0 4949 1197 831 299 6 1
0 4 1 2 2 0 0 1
cfn=(1328)
calls=1 0 
0 60 10 9 0 0 1
0 11 3 4 1 0 0 1
cfn=(1378)
calls=1 0 
0 9685 2239 1616 195 1 1 0 0 1
0 3 0 1
cfn=(1868)
calls=1 0 
0 46 12 20 4
0 4 2 1
cfn=(1654)
calls=1 0 
0 353 77 71 12 0 2 0 0 2
0 2 0 1
cfn=(1658)
calls=1 0 
0 15 5 1 1
0 2 0 1 1 0 0 1
cfn=(1658)
calls=1 0 
0 15 5 1
0 12 6 1 1 0 0 1
cob=(2)
cfi=(51)
cfn=(1354)
calls=1 0 
0 99 31 15
0 6 3 1
cob=(2)
cfi=(51)
cfn=(1354)
calls=1 0 
0 99 31 15
0 3 1 1 1 0 0 1
cfn=(1328)
calls=1 0 
0 153 31 23 1 1 0 0 1
0 3 0 1
cfn=(1328)
calls=1 0 
0 81 15 12 0 1 0 0 1
0 6 2 1
cfn=(1874)
calls=1 0 
0 39832 10839 7345 212 17 11 45 1 11
0 5 0 3 1 0 0 1
cfn=(1328)
calls=1 0 
0 60 10 9
0 3 0 1
cfn=(1648)
calls=1 0 
0 210 50 45 6 4 0 1
0 4 1 1
cfn=(1654)
calls=1 0 
0 353 77 71 0 0 1 0 0 1
0 2 0 1 1 0 0 1
cfn=(1658)
calls=1 0 
0 15 5 1
0 12 6 1 1 0 0 1
cob=(2)
cfi=(51)
cfn=(1354)
calls=1 0 
0 99 31 15
0 3 1 1
cfn=(1328)
calls=1 0 
0 149 30 23 0 1 0 0 1
0 3 0 1 1 0 0 1
cfn=(1328)
calls=1 0 
0 81 15 12
0 6 2 1
cfn=(1874)
calls=1 0 
0 41476 11264 7644 17 0 12 4 0 12
0 4 0 2
cfn=(1328)
calls=1 0 
0 60 10 9
0 3 0 1 1 0 0 1
cfn=(1648)
calls=1 0 
0 210 50 45
0 4 1 1
cfn=(1654)
calls=1 0 
0 353 77 71 0 0 2 0 0 2
0 2 0 1
cfn=(1658)
calls=1 0 
0 15 5 1
0 12 6 1 1 0 0 1
cob=(2)
cfi=(51)
cfn=(1354)
calls=1 0 
0 99 31 15
0 3 1 1 1 0 0 1
cfn=(1328)
calls=1 0 
0 284 53 45 0 0 1 0 0 1
0 3 0 1
cfn=(1328)
calls=1 0 
0 79 15 12 0 1 0 0 1
0 6 2 1
cfn=(1874)
calls=1 0 
0 21219 5759 3821 22 0 16 0 0 16
0 4 0 2 1 0 0 1
cfn=(1328)
calls=1 0 
0 60 10 9
0 3 0 1
cfn=(1648)
calls=1 0 
0 269 64 56 1 4 0 1
0 4 1 1
cfn=(1654)
calls=1 0 
0 353 77 71 0 0 1 0 0 1
0 2 0 1
cfn=(1658)
calls=1 0 
0 15 5 1
0 12 6 1 2 0 0 2
cob=(2)
cfi=(51)
cfn=(1354)
calls=1 0 
0 99 31 15
0 4 2 1 0 1
cfn=(1896)
calls=1 0 
0 52246 13332 8873 433 236 64 269 13 43
0 3 0 1 1
cfn=(2056)
calls=1 0 
0 24964 7022 2888 65 241 1 38
0 6 3 1 1 1 0 1
cfn=(2076)
calls=1 0 
0 81219702 24661122 14654914 4591 30287 28197 2204 2701 12892
0 5 1 2 1 1
cfn=(1328)
calls=1 0 
0 79 15 12 5 3 1
0 3 1 1 1 0 0 1
cfn=(3240) void walnutpie::detail::validate_finite_positive<double>(double, std::__cxx11::basic_string<char, std::char_traits<char>, std::allocator<char> > const&)
calls=1 0 
0 24 10 4 2 2 0 2
0 13 3 3 1 1 2 1
cfn=(1328)
calls=1 0 
0 140 29 23 0 4
0 3 1 1
cfn=(3240)
calls=1 0 
0 24 10 4
0 6 2 1 1 0 0 1
cob=(2)
cfi=(51)
cfn=(1354)
calls=1 0 
0 99 31 15
0 5 1 2
cfn=(1328)
calls=1 0 
0 140 29 23 0 1 0 0 1
0 3 1 1
cfn=(3240)
calls=1 0 
0 24 10 4
0 6 2 1 1 0 0 1
cob=(2)
cfi=(51)
cfn=(1354)
calls=1 0 
0 99 31 15
0 8 2 3 1 0 0 1
cfn=(1328)
calls=1 0 
0 140 29 23
0 3 1 1
cfn=(3242)
calls=1 0 
0 19 8 3 2 0 0 2
0 6 2 1
cob=(2)
cfi=(51)
cfn=(1354)
calls=1 0 
0 99 31 15
0 5 1 2 1 0 0 1
cfn=(1328)
calls=1 0 
0 140 29 23
0 3 1 1
cfn=(3240)
calls=1 0 
0 24 10 4
0 6 2 1 1 0 0 1
cob=(2)
cfi=(51)
cfn=(1354)
calls=1 0 
0 99 31 15
0 9 2 3 0 0 1
cfn=(1328)
calls=1 0 
0 140 29 23 0 1 0 0 1
0 3 1 1 1 0 0 1
cfn=(3242)
calls=1 0 
0 19 8 3
0 6 2 1
cob=(2)
cfi=(51)
cfn=(1354)
calls=1 0 
0 99 31 15
0 5 1 2 1 0 0 1
cfn=(1328)
calls=1 0 
0 140 29 23
0 3 1 1
cfn=(3242)
calls=1 0 
0 19 8 3
0 6 2 1
cob=(2)
cfi=(51)
cfn=(1354)
calls=1 0 
0 99 31 15
0 8 2 3 1 0 0 1
cfn=(1328)
calls=1 0 
0 140 29 23
0 3 1 1
cfn=(3240)
calls=1 0 
0 24 10 4
0 6 2 1 1 0 0 1
cob=(2)
cfi=(51)
cfn=(1354)
calls=1 0 
0 99 31 15
0 5 1 2
cfn=(1328)
calls=1 0 
0 140 29 23 0 1 0 0 1
0 3 1 1
cfn=(3242)
calls=1 0 
0 19 8 3
0 6 2 1 1 0 0 1
cob=(2)
cfi=(51)
cfn=(1354)
calls=1 0 
0 99 31 15
0 24 11 11 3 2 2 3
cfn=(1328)
calls=1 0 
0 140 29 23
0 3 1 1
cfn=(3240)
calls=1 0 
0 24 10 4
0 6 2 1
cob=(2)
cfi=(51)
cfn=(1354)
calls=1 0 
0 99 31 15
0 5 1 2 1 0 0 1
cfn=(1328)
calls=1 0 
0 79 15 12 0 1 0 0 1
0 3 1 1
cfn=(3244)
calls=1 0 
0 16 6 3 1 0 0 1
0 18 7 6 2 1 2 2
cfn=(3246)
calls=1 0 
0 255695 31383 26845 46 302 305 43 273
0 2 2 1 0 1
cob=(10)
cfi=(274)
cfn=(3250)
calls=1 0 
0 3 2 0 1 1 0 1
0 6 0 2 1 0 1 1
cfn=(3252) walnutpie::InitConfigBuilder::InitConfigBuilder(unsigned long, unsigned long)
calls=1 0 
0 6644 577 3804 23 34 153 16
0 3 2 1 0 1
cfn=(3258)
calls=1 0 
0 270 73 45 7 4 0 7 1
0 11 1 3 1 0 1 1
cfn=(3260)
calls=1 0 
0 8340847 2670063 2328927 620 52986 53766 471 12 32977
0 3 1 1 1 1 0 1
cfn=(3406)
calls=1 0 
0 4250 753 287 22 17 9 13 1
0 5 0 2 0 0 1
cfn=(3408)
calls=1 0 
0 1625 386 348 13 52 49 13
0 4 1 1 1 0 0 1
cob=(2)
cfi=(51)
cfn=(3256)
calls=1 0 
0 134 38 19 0 1
0 3 1 1
cfn=(3410)
calls=1 0 
0 691 209 97 4 1 0 4
0 13 6 4 1 1 0 1
cfn=(3412)
calls=1 0 
0 32410091939 9218694560 7448911694 319918 223483125 231727534 38496 131 52113
0 9 3 3 2 1 1 2
cob=(10)
cfi=(274)
cfn=(3414)
calls=1 0 
0 7 2 0 1 1
0 3 1 1 0 1
cfn=(1900)
calls=1 0 
0 575 98 79 21 1 5
0 4 2 1
cob=(10)
cfi=(274)
cfn=(3598)
calls=1 0 
0 7 2 0 1 0 0 1
0 77264 9079 2325 2 132 3 2
cfn=(1332)
calls=774 0 
0 34076 7740 6192 3 1 286
0 7751 1549 2325 2 11 0 2
cfn=(1332)
calls=1 0 
0 44 10 8 0 0 1
0 19386 5247 814 6 186 2 6
cob=(2)
cfi=(51)
cfn=(1796)
calls=7 0 
0 1575 476 280 0 18 6
0 35 0 7 1 0 0 1
cob=(2)
cfi=(51)
cfn=(1796)
calls=7 0 
0 1575 476 280 0 1
0 21 7 7
cob=(2)
cfi=(51)
cfn=(1688)
calls=7 0 
0 17078 3834 2685 55 61 29 2
0 35 0 7
cob=(2)
cfi=(51)
cfn=(1796)
calls=7 0 
0 1575 476 280 0 0 1
0 21 7 7 1 0 0 1
cob=(2)
cfi=(51)
cfn=(1688)
calls=7 0 
0 21625 4524 3159 51 3 3
0 28 0 7
cob=(2)
cfi=(51)
cfn=(1796)
calls=7 0 
0 1596 469 273 0 1
0 10 1 1 1 1 0 1
cfn=(1470)
calls=1 0 
0 5616 831 24 4 401
0 8 3 3 1 2 0 1
cob=(10)
cfi=(274)
cfn=(3414)
calls=1 0 
0 7 2 0 0 1
0 3 0 1
cfn=(1900)
calls=1 0 
0 413 78 63 8 4 2
0 4 2 1
cob=(10)
cfi=(274)
cfn=(3598)
calls=1 0 
0 7 2 0 1
0 77264 9079 2325 2 132 1 2
cfn=(1332)
calls=774 0 
0 34076 7740 6192 0 1 92
0 7751 1549 2325 2 11 0 2
cfn=(1332)
calls=1 0 
0 44 10 8 0 0 1
0 7 2 3 1 1 0 1
cfn=(1470)
calls=1 0 
0 5629 836 26 3 395
0 2 1 1
cfn=(3654) StanHandler::~StanHandler()
calls=1 0 
0 185 53 26 3 9
0 2 1 1
cfn=(3410)
calls=1 0 
0 24 9 3 3 1
0 4 2 1
cob=(10)
cfi=(274)
cfn=(3656)
calls=1 0 
0 104 31 15 0 1
0 4 2 1 0 2
cob=(10)
cfi=(274)
cfn=(3658)
calls=1 0 
0 1806 539 236 10 33 2 5
0 7 3 1 1 1 0 1
cob=(2)
cfi=(51)
cfn=(1354)
calls=1 0 
0 99 31 15 0 1
0 6 3 1 1 1 0 1
cob=(2)
cfi=(51)
cfn=(1354)
calls=1 0 
0 120 35 14 0 3
0 6 3 1
cob=(2)
cfi=(51)
cfn=(1354)
calls=1 0 
0 120 35 14 0 2
0 16 9 2 2 2 1 2
cob=(2)
cfi=(51)
cfn=(3546)
calls=1 0 
0 87 13 30 9 6 4 1
0 15 3 8 2 3 2 2
cob=(2)
cfi=(51)
cfn=(3548)
calls=1 0 
0 223 76 44 25 21 1 1
0 9 0 4
cob=(2)
cfi=(51)
cfn=(3606) 0x000000000010e9e0
calls=1 0 
0 341 110 87 22 15 5
0 3 0 1
cob=(2)
cfi=(51)
cfn=(3548)
calls=1 0 
0 223 76 44
0 4 1 1 1 0 0 1
cob=(2)
cfi=(51)
cfn=(3608) 0x000000000010e960
calls=1 0 
0 968 210 201 49 36 11 2 1
0 7 2 1 0 1
cob=(2)
cfi=(51)
cfn=(3612) 0x000000000010ebf0
calls=1 0 
0 9 4 1 2 1 0 1
0 3119 6 779 2 1 3 2
cob=(2)
cfi=(51)
cfn=(1796)
calls=774 0 
0 143190 46440 23994 0 1 11
0 3870 1548 774 0 1
cob=(2)
cfi=(51)
cfn=(1796)
calls=774 0 
0 142618 47770 25052 13 455 140 10 6
0 4 2 1 1 1 0 1
cob=(2)
cfi=(51)
cfn=(1796)
calls=1 0 
0 1267 358 176 63 43 20 11 1
0 2329 775 1
cob=(2)
cfi=(51)
cfn=(1796)
calls=1 0 
0 185 60 31 0 1
0 3 0 1 1 0 0 1
cfn=(1328)
calls=1 0 
0 60 10 9 2 1 1 2
0 3 0 1
cfn=(1328)
calls=1 0 
0 60 10 9 0 0 2
0 3 1 1 0 1
cfn=(1328)
calls=1 0 
0 60 10 9
0 3 1 1 1 1 0 1
cfn=(1328)
calls=1 0 
0 60 10 9 0 0 1
0 4 1 1 0 1
cfn=(1328)
calls=1 0 
0 61 12 10
0 4 1 1
cfn=(1328)
calls=1 0 
0 61 12 10 0 0 1
0 11 3 5 1 0 0 1
cfn=(3542)
calls=1 0 
0 259 63 66 10 0 3 2
0 28 15 3 4 1 1 4
cfn=(1340)
calls=1 0 
0 24 5 5
0 8 2 3 1 0 0 1
cfn=(1340)
calls=1 0 
0 24 5 5
0 8 2 3 0 0 1
cfn=(1340)
calls=1 0 
0 24 5 5
0 7 2 2 1 0 0 1
cfn=(1340)
calls=1 0 
0 24 5 5
0 8 2 3 1 0 1 1
cfn=(1340)
calls=1 0 
0 25 7 6
0 7 2 2 1 0 0 1
cfn=(1340)
calls=1 0 
0 24 5 5
0 7 2 2 0 0 1
cfn=(1340)
calls=1 0 
0 25 7 6
0 25 8 7 3 1 0 3
cob=(2)
cfi=(51)
cfn=(3254)
calls=1 0 
0 382 74 62 15 16 2 0 0 1
0 11 2 3 1 0 0 1
cob=(2)
cfi=(51)
cfn=(1334)
calls=1 0 
0 619986 619959 619954 3 9691 9689 0 0 9687
0 27 6 6 4 4 1 4
cob=(2)
cfi=(51)
cfn=(1796)
calls=1 0 
0 225 68 40
0 4 1 1
cob=(2)
cfi=(51)
cfn=(3600) 0x000000000010e990
calls=1 0 
0 410 102 64 16 3 0 7
0 5 0 1
cob=(2)
cfi=(51)
cfn=(1796)
calls=1 0 
0 225 68 40 0 0 1
0 2 0 1
cfn=(3538)
calls=1 0 
0 371 126 59 9 8 0 2
0 7 2 1 2 1 0 2
cob=(2)
cfi=(51)
cfn=(3256)
calls=1 0 
0 68 17 8 10 5 0 1
0 2 1 1
cfn=(3582)
calls=1 0 
0 33 9 1 4
0 2 1 1
cob=(2)
cfi=(51)
cfn=(3634) 0x000000000010e6e0
calls=1 0 
0 3701 1102 573 94 118 15 9 10
0 9 2 2 1 1 0 1
cfn=(3582)
calls=1 0 
0 33 9 1 0 4
0 6 2 3
cob=(2)
cfi=(51)
cfn=(3634)
calls=1 0 
0 33 11 5 1 0 0 1
0 2 0 1 1 0 0 1
cob=(2)
cfi=(51)
cfn=(3652) 0x000000000010ec90
calls=1 0 
0 21 7 2 2 1 0 1
0 4 0 2
cob=(2)
cfi=(51)
cfn=(1440)
calls=1 0 
0 10 5 1 1 1 0 1
0 9 4 4 1 3 0 1
cob=(2)
cfi=(51)
cfn=(3558)
calls=1 0 
0 57 21 12 8 5
0 14 7 3 2 2 1 2
cob=(2)
cfi=(51)
cfn=(1796)
calls=1 0 
0 150 55 28 0 9 2
0 12 5 3 1 2 0 1
cob=(2)
cfi=(51)
cfn=(1796)
calls=1 0 
0 150 55 28
0 396 198 99
cob=(2)
cfi=(51)
cfn=(1796)
calls=99 0 
0 14850 5445 2772
0 500 200 100 1 13 0 1
cob=(2)
cfi=(51)
cfn=(1688)
calls=100 0 
0 302000 65500 44700 494 55 31
0 232500 77500 77400 1 9673 0 1
cob=(2)
cfi=(51)
cfn=(1688)
calls=77400 0 
0 226409054 50376686 34211712 168484 17 158
0 541800 232200 77400 1 1 0 1
cob=(2)
cfi=(51)
cfn=(1796)
calls=77400 0 
0 14319585 4644156 2399569 26 2 17
0 155200 77600 100 1 0 0 1
cob=(2)
cfi=(51)
cfn=(1796)
calls=100 0 
0 15000 5500 2800
0 1196 598 199 1 0 0 1
cob=(2)
cfi=(51)
cfn=(1796)
calls=99 0 
0 14850 5445 2772
0 594 297 99 1 1 0 1
cob=(2)
cfi=(51)
cfn=(1796)
calls=99 0 
0 18315 5940 3069
0 103 2 1 1 1 0 1
cob=(2)
cfi=(51)
cfn=(1796)
calls=1 0 
0 150 55 28
0 20 8 4 4 3 1 4

fn=(1422)
0 65 6 38 6 0 0 6
cfn=(1332)
calls=1 0 
0 46 10 8 0 1 0 0 1
0 24 0 19 3 0 0 3
cob=(2)
cfi=(51)
cfn=(1342)
calls=1 0 
0 203 39 30 0 1 1 0 0 1
0 29 2 19 1 1 0 1 1
cob=(2)
cfi=(51)
cfn=(1342)
calls=1 0 
0 59 15 8
0 64 2 42 8 1 0 8 1
cfn=(1332)
calls=1 0 
0 44 10 8 0 1 0 0 1
0 7 0 4
cob=(2)
cfi=(51)
cfn=(1342)
calls=1 0 
0 203 39 30 0 0 1 0 0 1
0 20 0 13 2 0 1 2 0 1
cob=(2)
cfi=(51)
cfn=(1342)
calls=1 0 
0 203 39 30
0 22 11 5 3 0 0 3

fn=(1430)
0 713 69 391 46 0 0 3
cfn=(1340)
calls=23 0 
0 2283 498 404 0 0 3 0 0 3
0 184 46 69 13 0 0 1
cfn=(1340)
calls=23 0 
0 3141 675 549 5 2 8 0 0 4
0 294 45 91 16 0 0 1
cfn=(1876)
calls=3 0 
0 36 6 3 2 0 0 1
cfn=(1682)
calls=12 0 
0 144 24 12 16 0 0 1
cfn=(1662)
calls=1 0 
0 12 2 1 1 0 0 1
cfn=(1496)
calls=6 0 
0 72 12 6 3 0 0 2
0 264 110 66 12
cfn=(1432) CLI::Option::Option(std::__cxx11::basic_string<char, std::char_traits<char>, std::allocator<char> >, std::__cxx11::basic_string<char, std::char_traits<char>, std::allocator<char> >, std::function<bool (std::vector<std::__cxx11::basic_string<char, std::char_traits<char>, std::allocator<char> >, std::allocator<std::__cxx11::basic_string<char, std::char_traits<char>, std::allocator<char> > > > const&)>, CLI::App*, bool)
calls=22 0 
0 67937 16580 12628 1074 4 32 9 1 32
0 9 4 1 1 0 0 1
cfn=(1432)
calls=1 0 
0 4025 968 740 134 7 17 131 3 5
0 249 106 14 14 0 0 1
cob=(2)
cfi=(51)
cfn=(1354)
calls=14 0 
0 1386 434 210
0 452 124 55 26 0 0 2
cfn=(1498)
calls=55 0 
0 41777 11966 7434 49 6 1 10 0 1
0 275 110 55
cfn=(1498)
calls=55 0 
0 43006 12342 7660 0 4
0 275 110 55
cfn=(1498)
calls=55 0 
0 42422 12174 7550 5 24
0 440 110 55 6 4 0 1
cfn=(1498)
calls=55 0 
0 43553 12400 7895 410 13
0 818 366 68 52 0 1 3 0 1
cfn=(1340)
calls=17 0 
0 1469 338 268
0 48 30 12 6 0 0 1
cfn=(1340)
calls=6 0 
0 382 88 70
0 161 92 46
cfn=(1340)
calls=23 0 
0 4581 915 769 0 0 15 0 0 15
0 272 46 91 21 0 0 1
cfn=(1876)
calls=3 0 
0 36 6 3
cfn=(1682)
calls=12 0 
0 144 24 12
cfn=(1662)
calls=1 0 
0 12 2 1
cfn=(1496)
calls=6 0 
0 72 12 6
0 88 22 44 19
cob=(2)
cfi=(51)
cfn=(1342)
calls=22 0 
0 4312 814 660 15 7 22 0 0 22
0 2 0 1 1 0 0 1
cob=(2)
cfi=(51)
cfn=(1342)
calls=1 0 
0 196 37 30 1 2 1 0 0 1
0 207 92 23
cfn=(1432)
calls=23 0 
0 68952 17019 12925 4 0 217 0 0 217
0 341 129 37 23 0 0 2
cob=(2)
cfi=(51)
cfn=(1354)
calls=14 0 
0 1386 434 210
0 291 69 90 18 0 0 1
cfn=(1890)
calls=3 0 
0 36 6 3 1
cfn=(1684)
calls=12 0 
0 144 24 12 12 0 0 1
cfn=(1506)
calls=6 0 
0 72 12 6 1 0 0 1
0 479 203 161 37 0 0 3
cfn=(1476)
calls=23 0 
0 8197 1777 807 151 11 0 23 2
0 161 69 23
cfn=(1490)
calls=23 0 
0 8617 2552 1009 302 0 0 21
0 291 212 5 21 0 0 1
cfn=(1498)
calls=5 0 
0 3701 1064 656 11 2
0 30 10 5
cfn=(1498)
calls=5 0 
0 3411 988 597 2
0 18 6 6 6 0 0 1
cfn=(1498)
calls=6 0 
0 4445 1274 793 13 1
0 66 22 11 3
cfn=(1498)
calls=11 0 
0 7727 2232 1359 3 1 0 3
0 18 6 6 3 0 0 1
cfn=(1498)
calls=6 0 
0 4642 1317 849 44 2 1 42 1 1
0 64 21 6 8 0 0 2
cfn=(1474)
calls=6 0 
0 2029 440 318 32 3 5 6 0 5
0 24 10 2 2 0 0 1
cfn=(1880)
calls=2 0 
0 300 66 52 7 0 0 6
0 20 4 4 1 0 0 1
cfn=(1340)
calls=2 0 
0 90 20 16
0 6 2 2
cfn=(1884) CLI::App::get_option_no_throw(std::__cxx11::basic_string<char, std::char_traits<char>, std::allocator<char> >)
calls=2 0 
0 23519 6317 4105 12 0 0 12
0 18 4 0 1 0 0 1

fn=(1432)
0 1058 46 460 29 0 5 2 0 5
cfn=(1332)
calls=46 0 
0 2116 460 368 0 0 9 0 0 8
0 4922 408 3104 105 1 185 9 0 184
cfn=(1340)
calls=44 0 
0 4192 928 748 0 0 2 0 0 2
0 38 4 18 2 0 0 2
cfn=(1340)
calls=2 0 
0 86 20 16
0 184 0 46
cfn=(1434)
calls=46 0 
0 37722 10432 6806 480 6 23 54 2 14
0 230 0 46
cfn=(1454)
calls=46 0 
0 72470 16261 11377 502 4 42 62 2 41
0 322 46 92 6 0 0 1
cfn=(1472)
calls=46 0 
0 1288 506 414 19 0 0 3
0 138 46 46
cfn=(1472)
calls=46 0 
0 1288 506 414
0 414 138 138 26 0 0 2
cfn=(1470)
calls=46 0 
0 690 276 138 1 0 0 1
0 92 0 46
cfn=(1470)
calls=46 0 
0 690 276 138
0 230 46 46 15 0 0 1
cfn=(1470)
calls=46 0 
0 8684 2692 1276
0 222 74 28
cob=(2)
cfi=(51)
cfn=(1354)
calls=28 0 
0 2772 868 420
0 802 460 8 27 0 0 3
cob=(2)
cfi=(51)
cfn=(1334)
calls=4 0 
0 68 16 8
0 196 58 92

fn=(1446)
0 3943 331 875 69 2 0 7
cob=(2)
cfi=(51)
cfn=(1354)
calls=2 0 
0 198 62 30
0 1024 513 365 6 0 1 1
cob=(2)
cfi=(51)
cfn=(1342)
calls=73 0 
0 5127 1242 704 19 0 9 1 0 5
0 1002 188 42 2 0 0 1

fn=(1630)
0 1128 432 192 58 1 0 4 1
cfn=(1460)
calls=24 0 
0 1560 372 144 22 0 0 1
0 240 96 48 19 0 0 1
cfn=(1632)
calls=24 0 
0 336 48 24 9 0 0 1
0 432 72 0 19 0 0 1

fn=(1660)
0 44 7 21 4 0 0 4
cfn=(1340)
calls=1 0 
0 43 10 8
0 6 0 1
cfn=(1424)
calls=1 0 
0 8845 2247 1586 77 1 9 3 0 9
0 25 12 1 2 0 0 2

fn=(1820) std::__cxx11::basic_string<char, std::char_traits<char>, std::allocator<char> >::reserve(unsigned long)
0 783 54 213 14 0 4 2
cob=(2)
cfi=(51)
cfn=(1342)
calls=33 0 
0 8688 1561 1190 23 101 46 0 0 1
0 699 297 99 7 0 1 2 0 1

fn=(1868)
0 230 60 100 20 0 0 3

fn=(1878)
0 672 84 252 1 0 0 1
cfn=(1468)
calls=42 0 
0 1638 504 504
0 630 84 252 2 0 0 2
cfn=(1500)
calls=42 0 
0 2058 504 294
0 1050 462 42 2 0 0 2

fn=(1882)
0 272254 36880 42244 9 0 0 2
cob=(2)
cfi=(51)
cfn=(1334)
calls=5364 0 
0 95223 21456 10728 0 13 0 0 1
0 212480 60684 49886 202
cfn=(1898)
calls=13006 0 
0 2211020 481222 351162 1579 64516 13002
0 63172 13146 70 6408 1 0 1

fn=(1884)
0 280 47 55 2 0 0 2
cfn=(1886)
calls=41 0 
0 23121 6248 4050 8 0 0 8
0 118 22 0 2 0 0 2

fn=(1918)
0 334 111 29 5 1 0 5
cfn=(1632)
calls=3 0 
0 42 6 3 1
0 56 25 4 4 1 0 4
cfn=(1340)
calls=2 0 
0 230 54 42
0 8 0 2
cfn=(1624)
calls=2 0 
0 380 94 68 6
0 32 10 6 1 0 0 1
cob=(2)
cfi=(51)
cfn=(1354)
calls=2 0 
0 198 62 30
0 30 18 2 1 0 0 1
cfn=(1920)
calls=2 0 
0 371 90 59 6 0 0 5
0 12 0 4 1 0 0 1

fn=(1944)
0 16 2 6 2 0 0 2
cfn=(1946)
calls=2 0 
0 1044 212 140 53 7 9 5 0 8
0 14 8

fn=(2040)
0 18 2 9 2 0 0 2
cob=(2)
cfi=(51)
cfn=(1950)
calls=1 0 
0 5 2
0 3 0 2
cob=(2)
cfi=(51)
cfn=(1330)
calls=1 0 
0 32 6
0 6 0 2
cfn=(1332)
calls=1 0 
0 260 51 43 0 0 1 0 0 1
0 2 0 1
cob=(2)
cfi=(51)
cfn=(1954)
calls=1 0 
0 5 2 1
0 2 0 1
cob=(2)
cfi=(51)
cfn=(1958)
calls=1 0 
0 2086 385 489 1 3 7 1 1 7
0 3 0 1 1 0 0 1
cob=(2)
cfi=(51)
cfn=(2010)
calls=1 0 
0 1824 571 283 6 25 0 4 3
0 6 1 1
cob=(2)
cfi=(51)
cfn=(2026)
calls=1 0 
0 512 141 61
0 6 2 1
cob=(2)
cfi=(51)
cfn=(1354)
calls=1 0 
0 99 31 15
0 19 10 3 2 0 0 2

fn=(2060)
0 29 8 7 4 1 0 4
cob=(2)
cfi=(51)
cfn=(1354)
calls=1 0 
0 99 31 15 0 0 1

fn=(3240)
0 144 60 24 2 2 0 2

fn=(3246)
0 34 4 18 4 1 3 2
cob=(10)
cfi=(274)
cfn=(3248)
calls=2 0 
0 495689 61812 53048 88 590 609 40 273 44
0 34 20 4 2 6 2 1

fn=(3252)
0 26 0 10 2 0 1 2
cob=(2)
cfi=(51)
cfn=(1342)
calls=1 0 
0 55 15 8 0 9
0 24 1 5 2 1 0 2
cob=(2)
cfi=(51)
cfn=(3254)
calls=1 0 
0 460 68 56 2 15 7
0 10 0 2 1 0 0 1
cob=(2)
cfi=(51)
cfn=(3224)
calls=1 0 
0 3131 3 3112 2 1 47
0 15 0 5 1 0 1 1
cob=(2)
cfi=(51)
cfn=(1342)
calls=1 0 
0 59 15 8 0 1
0 19 1 4 3 0 0 3
cob=(2)
cfi=(51)
cfn=(3254)
calls=1 0 
0 268 48 41 1
0 807 3 198 2 0 0 2
cob=(2)
cfi=(51)
cfn=(1342)
calls=1 0 
0 59 15 8 0 1
0 19 2 4 1 0 0 1
cob=(2)
cfi=(51)
cfn=(3254)
calls=1 0 
0 302 50 39 0 0 1
0 9 0 3 1 0 0 1
cob=(2)
cfi=(51)
cfn=(1334)
calls=1 0 
0 331 105 101 0 0 48
0 12 6 1
cob=(2)
cfi=(51)
cfn=(3256)
calls=1 0 
0 134 38 19
0 6 0 2 1 0 0 1
cob=(2)
cfi=(51)
cfn=(3254)
calls=1 0 
0 417 64 52 0 0 1
0 9 0 3
cob=(2)
cfi=(51)
cfn=(1334)
calls=1 0 
0 331 105 101 2 2 47
0 5 0 3 1 0 0 1
cob=(2)
cfi=(51)
cfn=(3256)
calls=1 0 
0 134 38 19 1 4 0 1
0 2

fn=(3432)
0 6851 403 2015 202 101 0 2
cob=(2)
cfi=(51)
cfn=(3254)
calls=403 0 
0 184599 27082 22048 0 609 802
0 5239 2015 806 0 0 101
cob=(2)
cfi=(51)
cfn=(1334)
calls=403 0 
0 133393 42315 40703 299 5750 18952

fn=(3472)
0 102400 20400 20000 500 5000 4700 5
cob=(2)
cfi=(51)
cfn=(3254)
calls=100 0 
0 60200 8800 7100 0 800 500
0 700 0 200 100 0 0 1

fn=(3538)
0 56 20 12 4 1 0 4
cob=(2)
cfi=(51)
cfn=(3506)
calls=4 0 
0 396 152 64 8 3
0 20 8
cob=(2)
cfi=(51)
cfn=(3516)
calls=4 0 
0 1012 324 160 16 6

fn=(3594)
0 3690 945 945 181 180 225 181
cob=(2)
cfi=(51)
cfn=(3254)
calls=45 0 
0 15300 2880 2295 0 45 225
0 225045 44775 43785 162 8928 11115 162
cob=(2)
cfi=(51)
cfn=(3254)
calls=45 0 
0 23760 3195 2610 0 316 90
0 224820 44775 43785 92 9638 2115 92
cob=(2)
cfi=(51)
cfn=(3254)
calls=45 0 
0 20790 2880 2340 0 0 45
0 4356135 1414215 588015 498 130957 2115 498
cob=(2)
cfi=(51)
cfn=(1396)
calls=1395 0 
0 41850 15345 2790 0 180
0 22320 8370 6975 45 1440 1395 45
cob=(10)
cfi=(274)
cfn=(3418)
calls=1395 0 
0 7052463270 2006128125 1622003805 58950 48392460 50466915 0 0 8703
0 6975 2790 1395 45 0 0 45
cob=(2)
cfi=(51)
cfn=(1396)
calls=1395 0 
0 41850 15345 2790 2790 5580 0 1395
0 2246445 663030 279225 6133 89010 45 6133
cob=(2)
cfi=(51)
cfn=(3256)
calls=45 0 
0 7290 2115 945 0 45 45
0 180 45 45
cob=(2)
cfi=(51)
cfn=(3256)
calls=45 0 
0 7785 2295 945 0 90
0 180 45 45
cob=(2)
cfi=(51)
cfn=(3256)
calls=45 0 
0 7155 2070 945 0 180 45
0 45

fn=(3654)
0 7 1 2 1 1
cob=(2)
cfi=(51)
cfn=(3256)
calls=1 0 
0 68 17 8 0 4
0 4 2 1
cob=(10)
cfi=(274)
cfn=(3656)
calls=1 0 
0 104 31 15 2 4
0 2 2

fn=(3804) 0x000000000000db40
0 9 3 2 1 2 0 1
cob=(2)
cfi=(51)
cfn=(3810) 0x000000000010e670
calls=1 0 
0 121 28 12 9 5 1 9 0 1
0 1 0 1
cfn=(3820)
calls=1 0 
0 5 1 0 1 0 0 1
0 3 2 1

ob=(6) /usr/lib/x86_64-linux-gnu/libgcc_s.so.1
fl=(168) ???
fn=(3930) 0x00000000000045c0
0 9 3 2 1 3 0 1
cob=(2)
cfi=(51)
cfn=(3936) 0x0000000004b71340
calls=1 0 
0 121 28 12 1 0 0 1
0 1 0 1
cfn=(3940) 0x0000000000004550
calls=1 0 
0 5 1 0 1 0 0 1
0 3 2 1

fn=(580) __cpu_indicator_init
0 364 17 43 34 3 1 34 2

fn=(582) 0x0000000000004600
0 12 1 0 2 0 0 2

fn=(3940)
0 5 1 0 1 0 0 1

ob=(9)
fl=(270) /home/m0hawk/.bridgestan/bridgestan-2.9.0/stan/lib/stan_math/lib/tbb/../tbb_2020.3/src/tbb/observer_proxy.cpp
fn=(2244) _GLOBAL__sub_I_observer_proxy.cpp
363 1 0 0 1 0 0 1
fi=(373) /home/m0hawk/.bridgestan/bridgestan-2.9.0/stan/lib/stan_math/lib/tbb/../tbb_2020.3/src/tbb/observer_proxy.h
60 3 0 2 0 0 1 0 0 1
fe=(270)
363 1 1

fn=(2316) tbb::internal::observer_proxy::get_v6_observer()
47 4 0 0 2 0 0 1
+1 12 4
+1 4 4
+1 4 4

fn=(2308) tbb::internal::task_scheduler_observer_v3::observe(bool)
294 40 4 20 3 0 0 1
+1 8
+1 4 2 0 2 0 0 1
+64 36 28 0 1 1
fi=(252) /home/m0hawk/.bridgestan/bridgestan-2.9.0/stan/lib/stan_math/lib/tbb/../tbb_2020.3/include/tbb/machine/gcc_generic.h
101 4 2 2 1
fe=(270)
339 4
+5 2 2 0 0 1
fi=(357) /home/m0hawk/.bridgestan/bridgestan-2.9.0/stan/lib/stan_math/lib/tbb/../tbb_2020.3/include/tbb/spin_rw_mutex.h
108 2 0 2
fi=(373)
-28 2
fi=(357)
+29 2 0 2
+1 2 0 2 1 0 0 1
cob=(2)
cfi=(51)
cfn=(2500) 0x0000000004e7bf80
calls=2 0 
* 58 16 8 4 3
fe=(270)
348 2 0 2 0 0 1
+2 4 2 2
fi=(357)
102 6 2
+30 2 2
-5 2 0 2
+5 2
fi=(252)
+8 2 2 2
fi=(374) /home/m0hawk/.bridgestan/bridgestan-2.9.0/stan/lib/stan_math/lib/tbb/../tbb_2020.3/include/tbb/atomic.h
338 2
fe=(270)
+18 2
fi=(252)
160 2 2 0 1
fe=(270)
356 6
-59 4 0 2 2 0 0 1
cob=(2)
cfi=(51)
cfn=(2310) 0x0000000004e7be60
calls=2 0 
* 118 30 16 2 2 0 1
* 8 0 2
cfn=(2312) tbb::internal::observer_proxy::observer_proxy(tbb::internal::task_scheduler_observer_v3&)
calls=2 59 
* 30 6 12 3 0 1 2
* 2 0 2
fi=(252)
168 2 0 2
fe=(270)
300 4 2 2 2 0 0 1
cfn=(2314) tbb::internal::observer_proxy::is_global()
calls=2 54 
* 52 18 6 4 0 0 2
* 4
fi=(252)
160 4 2 0 1 0 0 1
fe=(270)
325 4
+2 6 2 2 1 0 1
+1 4 0 2
cfn=(2498) tbb::internal::observer_list::insert(tbb::internal::observer_proxy*)
calls=2 125 
* 95 27 21 6 3 0 5
fi=(314) /home/m0hawk/.bridgestan/bridgestan-2.9.0/stan/lib/stan_math/lib/tbb/../tbb_2020.3/src/tbb/tls.h
43 6 2 2 1 0 0 1
cob=(2)
cfi=(51)
cfn=(2508) 0x0000000004e7c0a0
calls=2 -43 
* 26 8 0 2 2 0 2
fe=(270)
329 4
-3 1 0 1 1 0 0 1
cfi=(259) /home/m0hawk/.bridgestan/bridgestan-2.9.0/stan/lib/stan_math/lib/tbb/../tbb_2020.3/src/tbb/tbb_main.cpp
cfn=(2320) tbb::internal::DoOneTimeInitializations()
calls=1 215 
* 28604 6637 3697 473 245 92 228 25 61
* 1 0 0 1
+25 6 0 2 1
cfn=(3692) tbb::internal::observer_list::remove(tbb::internal::observer_proxy*)
calls=2 136 
* 21 11 4 2 0 1 1
+2 6 0 2
cob=(2)
cfi=(51)
cfn=(3694) 0x0000000004e7be80
calls=2 0 
* 198 62 30 1 1 0 1
* 2

fn=(3692)
136 2 0 0 1
+9 2 2
-4 2 2
-2 4 2
+14 2 1 1 0 0 1
+3 1 1
-15 2 0 2 1 0 0 1
+6 4 2
+2 2 1 1

fn=(2498)
125 10 0 4 1
fi=(373)
-45 2
fe=(270)
+45 2
fi=(357)
-15 2 0 2
cob=(2)
cfi=(51)
cfn=(2500)
calls=2 0 
* 58 16 8 4 3 0 4
fe=(270)
+17 4 2
+1 2 1 1
+1 1 0 1
+4 1 0 1
fi=(252)
+7 1 1 1
fe=(270)
-6 4 3
-1 1 0 1
fi=(252)
+7 1 1 1
fe=(270)
-6 4 3
-2 2 0 1 1 0 0 1

fn=(2312)
59 2 0 0 2 0 0 1
+1 8 0 8 0 0 1
fi=(252)
168 2 0 2
-8 4 4
fe=(270)
-93 12 0 2 1 0 0 1
+7 2 2

fn=(2314)
54 6 0 2 2 0 0 1
+1 2 0 2
cfn=(2316)
calls=2 -8 
* 12 6 0 2 0 0 1
* 12 0 2
cfn=(2316)
calls=2 -8 
* 12 6
* 4 2
+1 4 4

fl=(298) /home/m0hawk/.bridgestan/bridgestan-2.9.0/stan/lib/stan_math/lib/tbb/../tbb_2020.3/src/rml/client/rml_factory.h
fn=(3718) tbb::internal::rml::tbb_factory::close()
71 1 0 0 1 0 0 1
+1 2 1
+6 1 1 0 1 0 0 1

fn=(2442) tbb::internal::rml::tbb_factory::open()
49 2 0 1 1 0 0 1
+11 1
-11 1
+11 2
-11 1
+4 3 1 1
+7 1
-7 15 4 8 2 3 0 2
+5 2 0 1
-3 2 0 1
+1 2 0 1
+1 1
+3 1
-3 1 0 1
+3 1 0 1
cfi=(250) /home/m0hawk/.bridgestan/bridgestan-2.9.0/stan/lib/stan_math/lib/tbb/../tbb_2020.3/src/tbb/dynamic_link.cpp
cfn=(2328) tbb::internal::dynamic_link(char const*, tbb::internal::dynamic_link_descriptor const*, unsigned long, void**, int)
calls=1 543 
* 10739 2469 1397 59 28 11 1 2 2
* 2 0 0 1 0 0 1
+9 6 4
-4 1 0 1 0 0 1
+1 1
+2 1

fl=(257) /home/m0hawk/.bridgestan/bridgestan-2.9.0/stan/lib/stan_math/lib/tbb/../tbb_2020.3/src/tbb/scheduler.cpp
fn=(2180) _GLOBAL__sub_I_scheduler.cpp
1400 1
fi=(375) /home/m0hawk/.bridgestan/bridgestan-2.9.0/stan/lib/stan_math/lib/tbb/../tbb_2020.3/include/tbb/spin_mutex.h
46 1
fe=(257)
1400 1 0 1
fi=(376) /home/m0hawk/.bridgestan/bridgestan-2.9.0/stan/lib/stan_math/lib/tbb/../tbb_2020.3/include/tbb/task.h
509 2 0 1 0 0 1 0 0 1
+4 1
fi=(375)
46 1 0 1 1 0 1 1 0 1
fi=(376)
510 1 0 1 0 0 1 0 0 1
+1 1 0 1
+2 1 0 1
cob=(2)
cfi=(51)
cfn=(2182) 0x0000000004e7c080
calls=1 0 
* 5353 2155 274 58 187 21 55 7 1
fe=(257)
49 2 1
1400 1 1
49 2
cob=(2)
cfi=(51)
cfn=(2242) 0x0000000004e7bdc0
calls=1 -49 
* 77 15 15 7 3 2 1

fn=(2444) tbb::internal::Scheduler_OneTimeInitialization(bool)
52 1 0 0 1 0 0 1
+1 4
+5 1 0 1 1 0 0 1
+3 1 0 1
-8 1 0 1
+11 1 1

fl=(312) /home/m0hawk/.bridgestan/bridgestan-2.9.0/stan/lib/stan_math/lib/tbb/../tbb_2020.3/src/tbb/spin_rw_mutex.cpp
fn=(2502) tbb::spin_rw_mutex_v3::internal_acquire_writer()
38 4 0 0 2 0 0 1
+1 4
-1 16 0 12
+1 12 4 0 0 2
fi=(313) /home/m0hawk/.bridgestan/bridgestan-2.9.0/stan/lib/stan_math/lib/tbb/../tbb_2020.3/include/tbb/tbb_machine.h
355 12
fe=(312)
41 4 4 0 0 1
+1 8
+1 12 0 4 2 0 0 1
+7 16 4 0 2 0 0 1
+2 20 16

fl=(260) /home/m0hawk/.bridgestan/bridgestan-2.9.0/stan/lib/stan_math/lib/tbb/../tbb_2020.3/src/tbb/itt_notify.cpp
fn=(2196) tbb::internal::__TBB_load_ittnotify()
47 1 0 0 1 0 0 1
+4 2 1 0 0 1
+3 3
cfi=(261) /home/m0hawk/.bridgestan/bridgestan-2.9.0/stan/lib/stan_math/lib/tbb/../tbb_2020.3/src/tbb/tools_api/ittnotify_static.c
cfn=(2198) __itt_init_ittlib
calls=1 1066 
* 5243 2124 243 44 181 20 41 5

fl=(276) /home/m0hawk/.bridgestan/bridgestan-2.9.0/stan/lib/stan_math/lib/tbb/../tbb_2020.3/src/tbb/cache_aligned_allocator.cpp
fn=(3704) tbb::internal::deallocate_via_handler_v3(void*)
232 2 0 0 1
+1 4
+1 2 2 0 0 1
cob=(3)
cfi=(172)
cfn=(1368)
calls=2 3352 
* 199 60 29 0 1

fn=(2324) tbb::internal::initialize_cache_aligned_allocator()
132 2 0 0 1 0 0 1
+1 7 1 3 1 0 0 1
cfi=(251) /home/m0hawk/.bridgestan/bridgestan-2.9.0/stan/lib/stan_math/lib/tbb/../tbb_2020.3/src/tbb/tbb_misc.h
cfn=(2154) void tbb::internal::atomic_do_once<void (*)()>(void (* const&)(), tbb::atomic<tbb::internal::do_once_state>&)
calls=1 +80 
* 12132 2825 1611 309 176 77 163 18 59
+1 5 3

fn=(2326) tbb::internal::initialize_handler_pointers()
113 1 0 0 1 0 0 1
+2 1
-2 1
+2 5 0 1 1 0 0 1
cfi=(250)
cfn=(2328)
calls=1 543 
* 12058 2808 1592 302 173 76 156 16 59
+1 3
+5 1 1 0 0 1
+6 1
-6 1 0 1
+1 2 1 1 0 0 1
+1 2 0 1 1 0 0 1
+1 2 0 1
+3 2
+2 1
-2 1
cfi=(273) /home/m0hawk/.bridgestan/bridgestan-2.9.0/stan/lib/stan_math/lib/tbb/../tbb_2020.3/src/tbb/tbb_misc.cpp
cfn=(2438) tbb::internal::PrintExtraVersionInfo(char const*, char const*, ...)
calls=1 +84 
* 23 7 7 4 1 0 4 1

fn=(2526) tbb::internal::allocate_via_handler_v3(unsigned long)
224 4 0 0 1 0 0 1
+1 2 2 2
cob=(3)
cfi=(172)
cfn=(650)
calls=2 3287 
* 86 22 12
+1 4
+4 4 2

fl=(259)
fn=(2246) _GLOBAL__sub_I_tbb_main.cpp
585 2
fi=(375)
46 2 0 1
fi=(358)
+23 1 0 1
cfi=(259)
cfn=(2248) tbb::internal::__TBB_InitOnce::add_ref()
calls=1 +48 
* 57 8 10 9 2 1 9 1 1
fe=(259)
-1 4 0 1 1 0 0 1
cob=(2)
cfi=(51)
cfn=(2242)
calls=1 -68 
* 77 15 15 0 0 1 0 0 1
466 1
fi=(375)
46 2 0 2 0 0 2 0 0 2
fe=(259)
466 2 0 1
+30 3 0 1 1 0 0 1
+89 2 1

fn=(2320)
215 3 0 2
fi=(252)
-71 1
fe=(259)
+71 2 0 2
fi=(313)
355 1
fe=(259)
215 2
fi=(252)
-71 2 1 1 1 0 0 1
fi=(313)
921 2
fe=(259)
219 3 1
fi=(252)
-71 1 0 1
fe=(259)
+93 6 5 0 1 1
-21 1 0 1 1 0 0 1
cfn=(2248)
calls=1 117 
* 7 2 1
fi=(275) /home/m0hawk/.bridgestan/bridgestan-2.9.0/stan/lib/stan_math/lib/tbb/../tbb_2020.3/src/tbb/tbb_environment.h
39 2 0 1
cob=(2)
cfi=(51)
cfn=(2226) 0x0000000004e7bf60
calls=1 -39 
* 647 215 7 0 7 0 0 1
* 3
fe=(259)
225 1 0 1 1 0 0 1
cfn=(2194) tbb::internal::ITT_DoUnsafeOneTimeInitialization()
calls=1 -34 
* 5 2
+1 1 1
+2 1 0 1
cfi=(276)
cfn=(2324)
calls=1 -96 
* 12146 2829 1614 311 176 77 165 18 59
+1 1 0 1
cfi=(271) /home/m0hawk/.bridgestan/bridgestan-2.9.0/stan/lib/stan_math/lib/tbb/../tbb_2020.3/src/tbb/governor.cpp
cfn=(2440) tbb::internal::governor::initialize_rml_factory()
calls=1 +13 
* 10795 2479 1415 65 31 13 7 2 2
+1 2 0 1
cfi=(257)
cfn=(2444)
calls=1 52 
* 9 1 3 2 0 0 2
fi=(299) /home/m0hawk/.bridgestan/bridgestan-2.9.0/stan/lib/stan_math/lib/tbb/../tbb_2020.3/src/tbb/governor.h
86 4 1
+4 3 1
fe=(259)
236 1 0 1
cfi=(271)
cfn=(2494) tbb::internal::governor::print_version_info()
calls=1 -7 
* 36 10 8 3 0 0 2
+1 7 0 1 1 0 0 1
cfi=(273)
cfn=(2438)
calls=1 -26 
* 23 7 7
+1 2 0 1
fi=(299)
91 1 0 1
cfi=(273)
cfn=(2490) tbb::internal::DefaultSystemPageSize()
calls=1 -21 
* 60 13 6 4 1 0 4 1
* 2 0 1
-4 1 0 1 1 0 0 1
cfi=(300) /home/m0hawk/.bridgestan/bridgestan-2.9.0/stan/lib/stan_math/lib/tbb/../tbb_2020.3/src/tbb/tbb_misc_ex.cpp
cfn=(2448) tbb::internal::AvailableHwConcurrency()
calls=1 206 
* 4818 1069 617 82 29 2 43 3
* 2 0 1
fe=(259)

fn=(2188) tbb::internal::itt_make_task_group_v7(tbb::internal::itt_domain_enum, void*, unsigned long long, void*, unsigned long long, tbb::internal::string_index)
314 2 0 1 1 0 0 1
-15 1
+15 7 0 4
-15 1
+15 3 0 1
-15 3 1 0 0 1 0 0 1
+27 1 0 1 1 0 0 1
-26 1 0 1
cob=(2)
cfi=(51)
cfn=(2190) 0x0000000004e7c1a0
calls=1 0 
* 5292 2138 255 51 184 20 48 6
+2 1
+13 1 1
-13 1 1
+13 2
+11 8 7

fn=(2194)
191 2 0 0 1 0 0 1
fi=(252)
-31 2 2
fe=(259)
+34 5 1
-3 3 0 3
+4 1 0 1
cfi=(260)
cfn=(2196)
calls=1 47 
* 5249 2125 243 45 182 20 42 5
* 2 0 1
+1 1
fi=(252)
-28 1 0 1
fe=(259)
+30 4 1 0 1 0 0 1
+2 4 4

fn=(2248)
117 2 0 0 1 0 0 1
fi=(252)
-17 6 2 2 1 0 0 1
fe=(259)
+18 4
+2 1 1
-1 1
cfi=(271)
cfn=(2250) tbb::internal::governor::acquire_resources()
calls=1 -52 
* 50 7 9 7 2 1 7 1 1

fn=(3712) tbb::internal::__TBB_InitOnce::remove_ref()
122 2 0 0 1
fi=(252)
-22 2
fe=(259)
+25 5 3 2 0 1
-3 1
+4 1 0 1 1
cfi=(271)
cfn=(3716) tbb::internal::governor::release_resources()
calls=1 -47 
* 150 43 22 9 4 0 6
+3 1
-2 1
cfi=(261)
cfn=(3732) __itt_fini_ittlib
calls=1 1029 
* 1312 620 162 23 99 18 8

fn=(2192) ITT_DoOneTimeInitialization
205 1 0 0 1 0 0 1
fi=(252)
-45 1 1
fe=(259)
+46 2
-1 1 0 1 1 0 0 1
fi=(252)
-61 1
fe=(259)
+61 3 0 2
fi=(313)
355 2
fi=(252)
144 2 1 1 0 1 0 0 1
fi=(313)
921 2
fe=(259)
208 1 0 1 1 0 0 1
cfn=(2194)
calls=1 -17 
* 5269 2131 249 47 182 20 44 5
fi=(252)
-60 1 0 1
fe=(259)
+63 4 4

fl=(273)
fn=(2258) tbb::internal::gcc_rethrow_exception_broken()
198 3 1 0 1 0 0 1

fn=(2256) tbb::internal::cpu_has_speculation()
230 2 0 1 1 0 0 1
+14 6
+10 1
+9 1 1
-9 1
+9 1 1

fn=(2438)
211 42 3 21 4 0 0 3
+1 6 3 0 1 1 0 1 1
+8 21 15

fn=(2490)
70 1 0 0 1 0 0 1
+6 2
cob=(2)
cfi=(51)
cfn=(2452) 0x0000000004e7bcc0
calls=1 -76 
* 57 13 6 3 1 0 3 1

fl=(358)
fn=(3706)
73 2 0 0 1 0 0 1
fi=(314)
-30 3 1 1 0 1
cob=(2)
cfi=(51)
cfn=(2508)
calls=1 -43 
* 13 4 0 3 2
fi=(299)
+80 2
+22 1 0 1 1 0 0 1
cfi=(271)
cfn=(3710) tbb::internal::governor::auto_terminate(void*)
calls=1 +70 
* 4 1 0 2 0 0 2
fe=(358)
-70 1 0 1
cfi=(259)
cfn=(3712)
calls=1 +47 
* 5 2 1 1 1
fi=(252)
+85 2 1
fe=(358)
-82 2
+2 1 0 1
cfi=(259)
cfn=(3712)
calls=1 +42 
* 1470 664 186 33 103 18 14
+2 2 1

fl=(271)
fn=(2250)
67 2 0 0 1 0 0 1
fi=(314)
-28 3 0 1 1 0 0 1
cob=(2)
cfi=(51)
cfn=(2252) 0x0000000004e7c0e0
calls=1 -39 
* 20 3 3 3 2 1 3 1 1
fe=(271)
+34 2
+2 1 0 1
cfi=(273)
cfn=(2256)
calls=1 230 
* 12 2 1 1 0 0 1
* 2 0 1
+1 1 0 1
cfi=(273)
cfn=(2258)
calls=1 198 
* 3 1 0 1 0 0 1
* 2 0 1
+1 2 1

fn=(2440)
242 2 0 0 1 0 0 1
+1 2 0 1
cfi=(298)
cfn=(2442)
calls=1 49 
* 10786 2478 1413 63 31 12 5 2 2
+1 3 0 1 0 0 1
+1 2 1 0 1 0 0 1

fn=(3710)
215 1 0 0 1 0 0 1
+2 2
+1 1 1 0 1 0 0 1

fn=(2494)
229 2 0 0 1 0 0 1
+1 3 1
+1 4 0 1
cfi=(273)
cfn=(2438)
calls=1 -20 
* 23 7 7 1
+6 2 1 0 1 0 0 1
+3 2 1

fn=(3716)
79 2 0 0 1 0 0 1
+1 2 0 1
cfi=(298)
cfn=(3718)
calls=1 -9 
* 4 2 0 2 0 0 2
+1 1 0 1
cfi=(300)
cfn=(3720) tbb::internal::destroy_process_mask()
calls=1 +4 
* 104 32 15 1 2 0 1
fi=(314)
-40 3 1 1
cob=(2)
cfi=(51)
cfn=(3726) 0x0000000004e7bf30
calls=1 -41 
* 18 3 1 3 1 0 2
fe=(271)
+46 2
+3 1
-1 1
cfi=(250)
cfn=(3730) tbb::internal::dynamic_unlink_all()
calls=1 422 
* 12 5 3 2 1

fl=(249) ???
fn=(3880) 0x0000000000012210
0 5 1 0 1

fn=(2144) 0x00000000000122c0
0 12 1 0 2 0 0 2

fn=(3870) 0x0000000000012280
0 9 3 2 1 3 0 1
cob=(2)
cfi=(51)
cfn=(3876) 0x0000000004e7b8f0
calls=1 0 
0 121 28 12 1
0 1 0 1
cfn=(3880)
calls=1 0 
0 5 1 0 1
0 3 2 1

fl=(251)
fn=(2154)
213 8 0 4 1 0 0 1
fi=(252)
100 4
fe=(251)
213 28 0 12
fi=(252)
-53 4 4 0 0 2 0 0 1
fe=(251)
+60 8
fi=(252)
-60 3 3
fe=(251)
+61 6
fi=(252)
100 3 0 3 1 0 0 1
fe=(251)
222 6
+11 3 3 3
cfi=(300)
cfn=(2450) tbb::internal::initialize_hardware_concurrency_info()
calls=1 129 
* 4776 1056 607 80 29 2 41 3
cfi=(276)
cfn=(2326)
calls=1 113 
* 12105 2817 1604 309 175 77 163 17 59
cfi=(250)
cfn=(2158) tbb::internal::init_dl_data()
calls=1 346 
* 11258 2393 179 50 184 18 31 26 1
fi=(252)
-65 3 0 3 1 0 1 1
fe=(251)
+61 24 20

fn=(2155) void tbb::internal::atomic_do_once<void (*)()>(void (* const&)(), tbb::atomic<tbb::internal::do_once_state>&)'2
213 4 0 2
fi=(252)
100 2
fe=(251)
213 14 0 6
fi=(252)
-53 2 2
fe=(251)
+60 4
+9 12 10

fl=(261)
fn=(3732)
1029 5 0 3 1 0 0 1
+4 1 0 0 1 0 0 1
-4 3 1 1
+4 3 1 0 0 1
+2 25 8 0 2 5 0 2
+6 3 1
-23 5 2 0 1 1 0 1
+1 3 2 1 0 0 1
-1 5 2
+1 429 286 143 0 54 17
-1 715 286 0 0 35
+39 1 0 1
+1 1 0 1
+3 2
-26 5 1 1 2 0 0 2
cob=(2)
cfi=(51)
cfn=(2218) 0x0000000004e7b9a0
calls=1 0 
* 45 12 5 8 2
+1 3 1
+2 3 1 0 0 1
+2 3 0 1 1 0 0 1
cob=(2)
cfi=(51)
cfn=(2220) 0x0000000004e7b930
calls=1 0 
* 5 3 0 2
* 2 0 1
+21 3 2
+2 1
-2 1
+2 3 3
-2 1
cob=(2)
cfi=(51)
cfn=(2236) 0x0000000004e7b910
calls=1 0 
* 36 8 4 5

fn=(2224) __itt_get_env_var(char const*)
776 8 0 0 1 0 0 1
-5 20 0 12 1 0 0 1
+31 4 0 4
cob=(2)
cfi=(51)
cfn=(2226)
calls=4 0 
* 2658 872 30 11 83 0 8 4
* 4
+1 8
+16 4 0 0 1 0 0 1
-1 4
+1 20 16

fn=(2198)
1066 9 0 6 2 0 0 2
+8 1
-8 3 1 1
+8 3 1 0 0 1 0 0 1
+3 26 8 0 2 5 0 2
1182 5 2
+2 576 432 0 1 0 0 1
-2 432 144
+8 1
+1 11 9
1077 3 1 0 1 0 0 1
fi=(262) /home/m0hawk/.bridgestan/bridgestan-2.9.0/stan/lib/stan_math/lib/tbb/../tbb_2020.3/src/tbb/tools_api/ittnotify_config.h
324 2 1 1
fe=(261)
1077 5 0 1 1 0 0 1
cob=(2)
cfi=(51)
cfn=(2218)
calls=1 0 
* 45 12 5
+3 3 1
+2 3 1
+2 3 0 1
cob=(2)
cfi=(51)
cfn=(2220)
calls=1 0 
* 5 3 0 2 0 0 2
* 2 0 1
+6 8 3 0 1 0 0 1
-5 2
-67 5 2 0 1 1 0 1
+1 3 2 1 0 0 1
-1 5 2
+1 429 286 143 0 54 18
-1 715 286 0 0 36
1169 1 0 1
+1 1 0 1
+2 1 0 1
+5 4 0 1
cob=(2)
cfi=(51)
cfn=(2236)
calls=1 0 
* 36 8 4
* 1
823 2 0 1 1 0 0 1
cfn=(2224)
calls=1 -47 
* 700 225 12 14 80 0 11 1
* 1 0 1
1089 1 0 1
cfn=(2234) __itt_get_groups()
calls=1 945 
* 2082 675 44 6 4 0 6 3
* 1
+1 6 1 0 1 0 0 1
-13 3 0 1 1 0 0 1
cob=(2)
cfi=(51)
cfn=(2202) 0x0000000004e7b8e0
calls=1 0 
* 6 2 1 2 0 0 2
* 6 0 1
cob=(2)
cfi=(51)
cfn=(2206) 0x0000000004e7b9b0
calls=1 0 
* 15 3 1 2 0 0 2
* 6 0 1
cob=(2)
cfi=(51)
cfn=(2210) 0x0000000004e7b9d0
calls=1 0 
* 50 11 9 4 0 1 4
* 5 0 1 1 0 0 1
cob=(2)
cfi=(51)
cfn=(2214) 0x0000000004e7b9c0
calls=1 0 
* 5 2 0 1 0 0 1
* 5 0 1

fn=(2234)
945 1 0 1 1 0 0 1
+4 1
-4 3 0 3
+2 1
-2 7 1 3
+4 1 0 1
cfn=(2224)
calls=1 776 
* 700 225 12 0 1 0 0 1
* 1
+2 2 0 0 1 0 0 1
+38 12 9 0 2 0 0 2
736 1 0 0 1 0 0 1
983 14 2 0 0 1
+1 2 0 2 1 0 0 1
cfn=(2224)
calls=2 776 
* 1330 438 22 0 2 0 0 2
* 4
+4 2

fl=(300)
fn=(3720)
85 1 0 0 1 0 0 1
+1 3 1 0 0 1
+1 1
cob=(2)
cfi=(51)
cfn=(3722) 0x0000000004e7bfa0
calls=1 -87 
* 99 31 15 0 1

fn=(2448)
206 2 0 0 1 0 0 1
+1 7 1 3 1 0 0 1
cfi=(251)
cfn=(2154)
calls=1 +6 
* 4803 1064 614 80 29 2 41 3
+1 1 1
+1 5 3

fn=(2450)
129 2 0 1 1 0 0 1
+9 1
-9 1 0 1
+3 1 0 0 1 0 0 1
-3 2 0 2
+18 1
-18 6 1 3
+9 1 0 1
cob=(2)
cfi=(51)
cfn=(2452)
calls=1 0 
* 448 78 44 38 9 0 26 2
* 2 0 1
+1 1 0 1
cob=(2)
cfi=(51)
cfn=(2474) 0x0000000004e7c070
calls=1 0 
* 6 2 0 2 1 0 2
* 1 0 1
+8 1 0 0 1 0 0 1
-8 1 0 1
+9 2
+1 1
-1 1 0 1
cob=(2)
cfi=(51)
cfn=(2478) 0x0000000004e7b9e0
calls=1 0 
* 63 16 8 5 2 0 1
fi=(255) /usr/include/x86_64-linux-gnu/bits/string_fortified.h
-89 3 0 0 1 0 0 1
fe=(300)
+89 1
fi=(255)
-89 1 0 1
cob=(2)
cfi=(51)
cfn=(2484) 0x0000000004e7bc40
calls=1 -59 
* 21 3 4 1 1 0 1
fe=(300)
+92 4 1 1
cob=(2)
cfi=(51)
cfn=(2486) 0x0000000004e7c090
calls=1 0 
* 45 5 5 3 0 0 2
* 1
+1 2
+50 1 0 1 1 0 0 1
+2 11 9
-30 3 0 0 1 0 0 1
-5 1 0 1
+5 3 0 1
cfi=(250)
cfn=(2328)
calls=1 543 
* 3733 916 527 22 16 2 0 1
* 2
+15 4 1 0 1 0 0 1
+1 2
-1 3
+2 7 1
-1 1
+1 1
+1 1
-2 4 0 0 1 0 0 1
+1 161 23
-1 23
+1 23
+1 23
-2 140
-1 3
+6 2 0 1
+7 4 0 0 1 0 0 1

fl=(250)
fn=(2370) tbb::internal::dynamic_load(char const*, tbb::internal::dynamic_link_descriptor const*, unsigned long)
509 18 0 12 1 0 1 1 0 1
364 2 2 0 1 0 0 1
540 2
-31 6 2 2
364 10
+3 2 0 2
cob=(2)
cfi=(51)
cfn=(2372) 0x0000000004e7bb80
calls=2 0 
* 32 6 0 1 2 0 1 1
+1 2
+1 4
541 22 16 0 0 1
fi=(255)
79 8 0 2 1 0 0 1
cob=(2)
cfi=(51)
cfn=(2376) 0x0000000004e7bda0
calls=2 -79 
* 144 32 16 8 2 2 3 0 2
+51 4 0 0 1 0 0 1
-51 2
+51 2 0 2
cob=(2)
cfi=(51)
cfn=(2380) 0x0000000004e7be30
calls=2 0 
* 1380 175 31 2 0 0 2
fe=(250)
522 2
fi=(255)
130 2
fe=(250)
522 2 0 2
cob=(2)
cfi=(51)
cfn=(2330) 0x0000000004e7b990
calls=2 0 
* 7095 1858 819 56 75 51 11 3 45
* 2
+4 4
+7 2 0 2
cob=(2)
cfi=(51)
cfn=(2398) 0x0000000004e7bdf0
calls=2 0 
* 6805 1404 1029 146 40 21 79 8 13
113 2

fn=(2354) tbb::internal::dynamic_unlink(void*)
413 3 0 0 1 0 0 1
+4 6
+1 3
cob=(2)
cfi=(51)
cfn=(2356) 0x0000000004e7b920
calls=3 0 
* 1338 405 252 19 6 0 9

fn=(3730)
422 2 0 1 1
fi=(252)
160 1
fe=(250)
422 2 0 2
fi=(252)
160 1 1 0 0 1
fe=(250)
+91 2
426 4 4 0 1

fn=(2152) tbb::internal::init_dynamic_link_data()
378 8 0 0 1 0 0 1
192 28 4 12 1 0 0 1
cfi=(251)
cfn=(2155)
calls=2 +21 
* 38 12 8
cfi=(251)
cfn=(2154)
calls=2 +21 
* 11304 2407 190 53 185 19 34 26 1
382 20 12

fn=(2158)
346 5 0 3 1 0 0 1
240 1
346 3 1 1
240 1 0 1
cfn=(2160) tbb::internal::init_atomic_incrementer(tbb::atomic<unsigned long>&)
calls=1 -51 
* 2 1 0 1 0 0 1
+61 3 0 1
cob=(2)
cfi=(51)
cfn=(2162) 0x0000000004e7bbd0
calls=1 0 
* 11077 2368 164 30 182 15 15 26
+1 2
+8 1 1 0 1 0 0 1
fi=(377) /usr/include/string.h
-42 3 0 1
cob=(2)
cfi=(51)
cfn=(2172) 0x0000000004e7bee0
calls=1 0 
* 63 5 0 6 2 0 2
fe=(250)
+44 2
+2 1
+4 1 1
-4 1
+4 1
+3 2 0 1 0 0 1 0 0 1
+12 3
fi=(255)
95 3 0 1 1 0 0 1
cob=(2)
cfi=(51)
cfn=(2176) 0x0000000004e7bc00
calls=1 -95 
* 71 9 4 10 0 2 10
fe=(250)
340 2 1 1
+1 2 0 1
+8 8 6

fn=(2328)
543 48 3 21 2 0 0 1
+1 3 0 3
cfn=(2152)
calls=3 378 
* 99 30 21
+3 6
+2 6
+3 6
+7 3
+1 33 27 0 2
-85 9 0 3 1 0 0 1
cob=(2)
cfi=(51)
cfn=(2330)
calls=3 0 
* 3169 896 581 67 29 11 10 1
+9 3 3 0 0 2
-9 3
118 6 0 0 2 0 0 1
+14 6 0 6
cob=(2)
cfi=(51)
cfn=(2332) 0x0000000004e7b940
calls=3 0 
* 6178 1329 705 66 60 3 32 6
+1 6 3
-1 3
+1 3
550 8 0 2 1 0 0 1
cfn=(2370)
calls=2 -41 
* 15556 3495 1919 217 120 75 100 12 61
* 2 0 0 2
+2 4
399 8
+1 6 2 0 2
+94 3 0 3 1 0 0 1
cfn=(2354)
calls=3 -81 
* 1350 405 252 20 6 0 10
+55 3

fn=(2150) _GLOBAL__sub_I_dynamic_link.cpp
573 1 0 0 1 0 0 1
390 1
cfn=(2152)
calls=1 -12 
* 11299 2405 189 55 185 19 36 26 1

fn=(2160)
189 2 1 0 1 0 0 1

fl=(258)
fn=(3734)
136 6 0 5 1 0 0 1
fi=(252)
+24 1 1 0 0 1
fe=(258)
-24 1
+1 2
+56 3 1 0 0 1
+2 3 1
+1 6 6 0 1 0 0 1

fn=(2184) tbb::task_group_context::init()
198 2 0 1 1 0 0 1
+3 1 1
-3 1
+3 1
+3 7 1 1 1 0 0 1
cob=(2)
cfi=(51)
cfn=(2186) 0x0000000004e7be00
calls=1 0 
* 5326 2149 263 54 186 20 51 7
+5 1 0 1
+1 1 0 1
+1 1 0 1
+1 1 0 1 0 0 1 0 0 1
+1 1 0 1
+1 1 0 1
+1 1 0 1 1 0 0 1
+1 1 0 1
+2 1 0 1
+9 2 1
+3 2 2

ob=(1)
fl=(54) ./elf/./elf/dl-misc.c
fn=(224) _dl_sysdep_read_whole_file
36 2 0 1 1 0 0 1
+3 1
-3 6 0 3
+3 1
-3 1
+3 1 0 1
cfi=(55) ./io/../sysdeps/unix/sysv/linux/open64_nocancel.c
cfn=(178) __open_nocancel
calls=1 -11 
* 19 1 1
+1 2
+23 7 5
-21 4 0 1 1 0 0 1
cfi=(58) ./io/../sysdeps/unix/sysv/linux/fstat64.c
cfn=(190) fstat
calls=1 -13 
* 15 1
* 2
+2 2 1 1 0 0 1 0 0 1
+3 2
+13 2 0 1
cfi=(64) ./io/../sysdeps/unix/sysv/linux/close_nocancel.c
cfn=(204) __GI___close_nocancel
calls=1 -35 
* 6 1
* 1
-11 6 0 1
cfi=(60) ./misc/../sysdeps/unix/sysv/linux/mmap64.c
cfn=(194) mmap
calls=1 -2 
* 9 1
* 2

fn=(482) _dl_higher_prime_number
87 2 0 0 1 0 0 1
+38 2
-1 2
+3 2
+2 80
+1 37 10 0 0 4 0 0 2
-3 24 0 0 1 0 0 1
+18 2 2
+1 2 2
-15 6

fn=(174) _dl_name_match_p
68 1632 0 544 3 0 5 1 0 2
+1 544 272 272 0 7 1
cfi=(32) ./string/../sysdeps/x86_64/strcmp.S
cfn=(90) strcmp
calls=272 +39 
* 8596 1850 0 12 16 0 3
* 544
+3 269 269 0 0 5
+2 538
+6 250 250
-6 500
+1 876 292 292 2 17 0 1
cfi=(32)
cfn=(90)
calls=292 +33 
* 10484 1981 0 39 12 0 16 3
* 584
+8 45 0 0 1
-13 45
+13 362 135
-1 227
+1 681 681

fl=(56) ./io/../sysdeps/unix/sysv/linux/read_nocancel.c
fn=(180) __read_nocancel
25 7 0 0 2 0 0 1
+1 28
+1 7 7

fl=(58)
fn=(190)
29 16 0 0 2 0 0 1
+1 16
+5 24
cfi=(59) ./io/../sysdeps/unix/sysv/linux/fstatat64.c
cfn=(192) fstatat
calls=8 153 
* 64 8 0 2 0 0 1

fl=(75) ./elf/./elf/dl-version.c
fn=(254) _dl_check_all_versions
361 6 0 4 1 0 0 1
+4 5
-2 2
+4 42 7 7 1 0 0 1
cfn=(256) _dl_check_map_versions
calls=7 155 
* 22844 6751 1265 43 122 73 42 113 68
-2 7 7
+2 21
-1 7
-1 14
+5 7 5

fn=(256)
155 72 0 54 4 0 1 2
+15 9 9
-15 18 0 18
+15 18
+2 45 18 9 0 1 1
+2 9 9 0 0 1
+1 9 9 0 2 0 0 1
-1 9 0 9
+1 9 0 9
+2 18
+3 14 14 0 0 1
-16 7
-8 7 0 7
+28 7 7 0 0 6 0 0 6
-4 7 0 7
+4 14
+16 7 7
36 14 7 0 2 0 0 1
200 7 7
36 35 7
200 12 12 0 0 2 0 0 2
36 24 12
200 12 12
36 60 12
+1 79 79
-1 158
+2 294 0 98 2 0 0 1
cfi=(54)
cfn=(174)
calls=98 +30 
* 9522 2014 395 0 0 1
* 196
208 57 19
+5 19 19
-71 38 0 38
+71 57 19 0 0 1 0 0 1
+8 19 19 0 0 3 0 0 3
-2 19 19 0 0 1 0 0 1
-2 38 38
+4 19 0 19
-4 114 95 0 2 1 0 1
+4 68 68 0 0 14 0 0 14
-2 68 68 0 0 4 0 0 4
-2 136 136
+4 68 0 68
-4 503 378
56 348 261
+8 261 87 0 2 0 0 1
+6 261 87 0 0 6
+16 87 87 0 0 3
+1 174
+2 87 87
+5 783 87 174 2 9 0 1 5
+14 3096 1548 0 0 21 0 0 10
+12 4383 1461 0 0 23 0 0 12
+4 1461
-30 2922 1461 0 0 59 0 0 33
224 348 87 0 2 0 0 1
+3 261 87
+5 68
-11 68
110 87 87 0 2 1 0 1
+3 348 87 87 0 5 0 0 2
cfi=(32)
cfn=(90)
calls=87 -5 
* 3377 652 0 28 48 0 22 33
* 367 19
236 76 38 0 2 0 0 1
+5 24 0 12
-44 12
+1 12
+52 14 7 0 2 0 0 1
+3 20 15
+10 116
-7 464 116 0 0 3 0 0 3
+3 348 116 0 0 2 0 0 2
-3 20 5
+3 15 5
+8 16 0 0 2 0 0 1
+6 8
fi=(28) ./elf/../include/rtld-malloc.h
44 8
fe=(75)
273 8
fi=(28)
44 8 8 8
cob=(3)
cfi=(172)
cfn=(2102)
calls=2 3624 
* 703 112 124 0 3 13
cfi=(27) ./elf/./elf/dl-minimal-malloc.c
cfn=(72) __minimal_calloc
calls=6 +34 
* 244 39 32 1
fe=(75)
272 8 0 8 0 0 1
fi=(28)
44 8
fe=(75)
274 16
+13 8 8 0 0 1
-3 8 0 8
+3 32 16 8 2 1 1 1
+2 24 8
+3 28 21
+4 57 19
+7 87
+1 87
-1 261 87
+1 87 0 87 0 0 21 0 0 21
+1 87 87
-2 87 0 87
+2 174 0 87 0 0 2 0 0 2
+1 261 87 87
+3 261 87
+5 68
-15 68 68
+2 68
-2 68
+2 68
-2 68
+2 136
-2 19 19 0 2 0 0 1
+2 19
-2 19 0 0 2 0 0 1
+2 19
-2 19
+2 38
+16 57 19
+5 12
-28 12
+62 81 72 0 2 0 0 1
-29 24 8 0 2 0 0 1
+3 20 15
+4 116 116
+6 116 116
+1 116 116
+1 116 116
-1 348
+1 116
-1 116 0 116 0 0 30 0 0 30
+1 116 0 116
+1 116 0 116 0 0 15 0 0 15
+3 348 116
+4 116
-14 242 121
+10 15 5
164 2 0 0 1 0 0 1
+86 2 2 0 1 0 0 1
-94 2 0 2
+94 3

fl=(39) ./elf/../sysdeps/x86_64/dl-hwcaps-subdirs.c
fn=(110) _dl_hwcaps_subdirs_active
29 1 0 0 1 0 0 1
fi=(18) ./elf/../sysdeps/x86/get-isa-level.h
+2 1 1
fe=(39)
+7 1
fi=(18)
-7 2 0 0 1 0 0 1
-1 2
fe=(39)
+22 1 1
fi=(18)
-20 3 1
+4 1
fe=(39)
+2 1
fi=(18)
-2 2
+3 4 1
+1 4 1 0 1 0 0 1
+5 1
fe=(39)
-7 1
fi=(18)
+7 3
fe=(39)
-2 1
fi=(18)
+5 2
+1 3 1
+2 4 0 0 1 0 0 1
+1 2
+1 2
+6 1
fe=(39)
-11 1
fi=(18)
+11 1
-3 2
fe=(39)

fl=(8) ./elf/./elf/dl-setup_hash.c
fn=(14) _dl_setup_hash
25 9 0 0 2 0 0 1
+3 9 9
-3 9
+3 18 0 0 2 0 0 1
+3 27 18
+1 18 9 9 0 5 1 0 5 1
+2 9 9
-1 9 9
+3 27
+1 9 0 9
+4 9
-3 9
+7 9
-4 9
-3 9 9
+2 18 0 0 2 0 0 1
+5 9
-5 9
-2 9 0 9
+7 9 0 9
-5 9 0 9
+10 9 9

fl=(27)
fn=(144) __minimal_free
95 10
+2 40 20 0 2 0 0 1

fn=(72)
78 17 0 0 1 0 0 1
+4 17
-4 68 0 0 1 0 0 1
+7 17
+1 51
fi=(28)
-30 17 17
cfi=(27)
cfn=(76) __minimal_malloc
calls=17 -21 
* 488 92 90 6 3 4 5 1 2
fe=(27)

fn=(76)
35 225 0 90 1 0 1 1 0 1
+1 45 45 0 0 4 0 0 1
+11 45 45
-11 90
+11 90
+3 45
-3 45 0 45 1 0 0 1
+3 258
+18 45 0 45 0 0 4 0 0 1
+1 45 0 45
+2 180 135
-16 12 3 0 2 0 0 1
+1 6
+2 3
+1 21 0 3
cfi=(60)
cfn=(194)
calls=3 -12 
* 27 3 0 1 0 0 1
* 3
+2 6
+2 6 3
+2 2
+4 2
-4 4 0 2
-23 1 1 0 1 0 0 1
-1 1
+1 1
+1 2
-2 2 0 1
+27 1 1
-3 2 0 1
+4 2

fl=(12) ./elf/./elf/dl-sort-maps.c
fn=(22) _dl_sort_maps_init
281 2 0 0 1 0 0 1
+1 4 0 1
cfi=(10) ./elf/./elf/dl-tunables.c
cfn=(24) __tunable_get_val
calls=1 405 
* 20 4 1 3 1 0 3 1
+2 3 1
-1 1 0 1
+2 2 1

fn=(248) dfs_traversal.part.0
140 144 0 72 3 0 0 1
+10 18 18 0 0 1
-2 18 0 18 3 0 0 1
+2 36
+2 56 14 0 0 8
+3 96 48
-3 192 48 0 0 1
+9 36
+15 54 18 18
+1 18 0 18
+1 108 90 0 2 0 0 1
-33 5 1 1 1
cfn=(249) dfs_traversal.part.0'2
calls=1 -5 
* 251 76 39 0 5
+7 2 1
+9 12 4

fn=(249)
140 40 0 20
+10 5 5 0 0 1
-2 5 0 5
+2 10
+2 16 4 0 0 4
+3 24 12
-3 48 12
+9 10
+15 15 5 5
+1 5 0 5
+1 30 25
-33 20 4 4
cfn=(249)
calls=4 -5 
* 280 84 52 0 5
+7 8 4
+9 15 5

fn=(246) _dl_sort_maps
290 30 0 18 6 0 0 1
+8 3 3 0 0 3
-8 3 0 3
+8 6
+4 24 21 0 3 0 0 1
-79 6 0 0 3 0 0 1
-37 3
+37 3
-36 12
+1 3 3
-1 3
+1 3 0 3
-1 6
+1 20 20
-1 20
+1 20 0 20
-1 40
+36 45 0 3 6 0 0 2
+8 9
-3 3
+2 3 0 3
+1 3
-8 3
+5 3 0 3
+3 12
+2 60
+2 23 23 0 3 0 0 1
-90 100 23 18
cfn=(248)
calls=18 -5 
* 1046 318 166 9 15 0 3
+93 46 23
+18 6 3
+13 3 0 0 3 0 0 1
+33 3 0 0 3 0 0 1
-26 12 0 3 3 0 0 1
cfi=(29) ./string/../sysdeps/x86_64/multiarch/memmove-vec-unaligned-erms.S
cfn=(80) memcpy
calls=3 -64 
* 65 19 16 4
* 3

fl=(22) ./string/../sysdeps/x86_64/multiarch/strlen-vec.S
fn=(60) strlen
41 70 0 0 3 0 0 1
+44 70
+1 70
+1 70
+1 70
+1 70
+1 70
+1 70
+2 70
+2 70
+31 70 70 0 0 10 0 0 6
+1 70
+1 70
+1 70
+1 70
+1 31
+2 31 31
+4 39 0 0 3 0 0 1
+1 39 39
+1 39 39 0 0 3 0 0 2
+1 39 39
+1 39
+1 39
+1 39
+1 39
+1 39
+1 39
+1 39
+1 39
+5 282 24 0 3 0 0 1
+74 15 15 0 2 1 0 1 1
+1 15 15
+1 15 15
+1 15 15
+1 15
+1 15
+1 15
+1 15
+2 3
+2 3 3 0 0 2
+1 3 3
+1 3 3
+1 3 3
+1 3
+1 3
+1 3 0 0 1
+1 3
+5 12 0 0 1 0 0 1
+2 12
+1 168 48 0 1 0 0 1
+2 12
+1 12
+1 12
+2 12 12
-7 3
+1 42 12 0 1
+2 3
+1 3
+1 3
+2 3 3

fl=(47) ./elf/../elf/dl-tls.c
fn=(236) _dl_assign_tls_modid
131 4 0 0 1 0 0 1
+3 2 2
+13 2 2 0 1 0 0 1
-13 2
+52 2
+2 2 0 2
+3 2 0 2
+1 4 2

fn=(412) _dl_add_to_slotinfo
1015 16 0 8 1 0 0 1
+6 2 2
+3 2 2 0 0 2
+1 2
+4 6 2 0 1 1 0 1
+34 4
+3 6 0 2 0 0 2
+1 6 2 2
+3 12 10

fn=(262) _dl_determine_tlsoffset
221 8 0 6 2 0 0 2
+6 3 1
+3 2 1
+36 3 1
+2 1 1
-2 1
-2 1
-40 1
-1 1
-1 1
+46 2 0 1 1 0 0 1
+23 6
+3 2
-3 8
+2 4
-2 2
-25 2
+20 2 0 2
-20 10 2
+2 4 2 0 1 0 0 1
+3 2 2
-1 2 2
+5 4 2
-5 2
+1 2
-1 2
+3 4 0 0 1 0 0 1
+2 6
+32 3 1 0 1 0 0 1
-1 1 0 1
+1 4
+2 2
-2 2 0 1
+53 8 7 0 1 0 0 1

fn=(484) _dl_allocate_tls_init
528 10 0 8 2 0 0 2
+1 2
+4 1 1 0 0 1
+6 1
-6 1 0 1
+6 1 1 1 0 1
cfi=(24) ./elf/../sysdeps/nptl/dl-tls_init_tp.c
cfn=(84) rtld_mutex_dummy
calls=1 42 
* 3 1
+3 3 2 0 0 1
+12 1 1 0 1 0 0 1
-18 1
-1 1 0 1
+43 3
-19 13 2 0 1 1 0 1
+9 6 2 0 0 1
+1 4
+6 6 4
+1 2
+2 4 4 0 1 3 0 1
-2 2
+6 2 2
-4 4
+4 2
-4 4 2 2 0 0 1 0 0 1
+3 4
+4 4
+1 8 4 0 1 1 0 1
+2 4
+1 4 2
+17 2 2
-8 2 0 2
+8 2
+2 6 2 2
cfi=(29)
cfn=(128) mempcpy
calls=2 199 
* 26 4 2 0 1 1 0 0 1
* 10 0 2
cfi=(44) ./string/../sysdeps/x86_64/multiarch/memset-vec-unaligned-erms.S
cfn=(132) memset
calls=2 125 
* 38 2 10 1 0 2 0 0 2
-49 2 2
+55 2 2
-55 8
+6 6 0 0 1 0 0 1
+55 2 1 1 0 1
cfi=(24)
cfn=(84)
calls=1 42 
* 3 1
+3 2 1 1 1 0 0 1
+3 9 8

fn=(260) _dl_tls_static_surplus_init
97 2 0 1 1 0 0 1
+4 1
-4 2 0 1
+4 1
-4 2 0 1
+4 3 0 1
cfi=(10)
cfn=(24)
calls=1 405 
* 21 4 1 0 2 0 0 1
* 1 1 0 1 0 0 1
+1 4 0 1
cfi=(10)
cfn=(24)
calls=1 405 
* 21 4 1 0 2 0 0 1
* 1
+8 1
-8 1 1
+6 2
+2 3
+3 1
+2 1 0 1
-32 3
+34 3 0 1 0 0 1
+1 5 4

fn=(148) _dl_count_modids
197 1 0 0 1 0 0 1
+2 2 1
+1 1 1
+15 2 1

fn=(264) _dl_allocate_tls_storage
422 2 0 1 1 0 0 1
+13 1 1
-13 2 0 2
+2 1 1
+12 1
fi=(28)
56 1 1 1
cfi=(27)
cfn=(76)
calls=1 -21 
* 54 9 7
fe=(47)
437 3
+8 2 0 0 1 0 0 1
fi=(28)
44 1
fe=(47)
445 2
+1 1
+4 321 0 313 1 0 39 1 0 39
+19 1 0 1 0 0 1 0 0 1
-99 1 1
+4 1
+1 1
fi=(28)
44 1 1 1
cfi=(27)
cfn=(72)
calls=1 +34 
* 36 6 5
fe=(47)
376 2
+3 1 0 1 0 0 1 0 0 1
+6 2 0 1
+90 5 4

fl=(23) ./elf/../misc/sbrk.c
fn=(62) sbrk
37 5 0 2
+3 1 1 0 1 0 0 1
+18 2
+4 2
+16 5 3

fl=(26) ./elf/./elf/dl-object.c
fn=(82) _dl_add_to_namespace_list
31 16 0 8 2 0 0 1
+2 8
-2 16 0 8 2 0 0 1
+2 8
-2 16 0 8
+2 8 8 8
cob=(3)
cfi=(240)
cfn=(2094)
calls=2 +44 
* 86 22 10 0 1
cfi=(24)
cfn=(84)
calls=6 +9 
* 18 6
+2 63 8
+3 140 35
+2 7 0 7
+2 7 0 7 1
+4 7
+4 7
-4 14 0 7
+1 7 7
+4 7 7
-4 7 0 7
+1 7
+3 7 7
-3 7 0 7
+3 7 7
-1 7 7
cob=(3)
cfi=(241)
cfn=(2110)
calls=2 367 
* 68 14 8 6 0 0 5
cfi=(24)
cfn=(84)
calls=5 -8 
* 15 5
-4 1 0 0 1 0 0 1
+4 1
-4 2 0 1
+1 1 1
+4 1 1
-4 1 0 1
+1 1
+3 1 1
-3 1 0 1
+3 1 1
-1 1 1
cfi=(24)
cfn=(84)
calls=1 -8 
* 3 1
-5 2 0 1

fn=(70) _dl_new_object
59 112 0 64 2 0 4 1 0 3
+3 16 0 0 2 0 0 1
+18 7 7
+3 7
-3 7 0 7
+3 7 0 7 0 0 1
cfi=(22)
cfn=(60)
calls=7 -42 
* 181 28
+4 14
-4 14
+9 14 0 7
fi=(28)
-48 21 7 14 1
cob=(3)
cfi=(172)
cfn=(2102)
calls=2 3624 
* 11245 2503 1676 46 32 16 36 0 2
cfi=(27)
cfn=(72)
calls=5 +34 
* 208 33 27 2 0 1 2 0 1
fe=(26)
+48 1 0 1
fi=(28)
-48 3 1 2 1 0 0 1
cfi=(27)
cfn=(72)
calls=1 +34 
* 43 7 6 5 1 1 5 1 1
* 8
fe=(26)
+51 16
+5 8 8
-2 8 0 8 0 0 5 0 0 5
+6 8
-4 8
+4 8 8
-5 8 0 8 0 0 6 0 0 6
+4 8
+1 8
-1 8 0 8 0 0 1 0 0 1
+1 16 0 16 2 0 0 1
cfi=(29)
cfn=(80)
calls=8 212 
* 115 31 23 2 1 8 2 1 8
* 16 8 8 0 0 2 0 0 2
+2 8 0 8
+13 16 8
+6 1
+2 7 2 2 1 1 0 1 1
+3 2 1
-3 49 14 14 1 5 0 0 5
+3 14 7
+9 8 8
-7 8 0 8
+4 8 0 8
+3 25 1 0 1 0 0 1
+2 1 0 1 0 0 1 0 0 1
-2 3
+2 15 0 15 0 0 3 0 0 3
-2 45
+16 16 0 0 2
-5 8 0 8 0 0 6 0 0 6
+5 8
-6 8 0 0 2 0 0 1
+6 8 8 0 0 1 0 0 1
-6 8 0 8
+6 16
+2 14 0 7 0 0 3 0 0 3
+3 14
-3 12
+7 24 6
+4 12
+8 2 0 1 1 0 0 1
+3 2 0 1 0 0 1 0 0 1
+10 3 1
-13 2 0 2 1
+3 4 0 2
+10 6 2
-10 10 0 5 0 0 1 0 0 1
+10 15 5
+2 7
+21 7
-21 7 0 7
cfi=(22)
cfn=(60)
calls=7 41 
* 297 51
* 21 0 14 2 0 0 1
+17 7
-13 21
+50 21 7 7 1
cfi=(29)
cfn=(128)
calls=7 -46 
* 147 39 32 0 0 3 0 0 3
* 7
+5 14
+1 14 7
-1 270
+1 270 135
+2 14
+3 7 0 7
+3 7 0 7 0 0 2 0 0 2
+4 72 56 0 1 0 0 1
131 23 0 8 2 0 6 1 0 6
-12 14 7
+34 1 0 0 1 0 0 1
+7 4
+8 27 6 0 2 0 0 1
+2 4 2
-10 2 0 0 1
+16 4
fi=(28)
56 14 7 7
cob=(3)
cfi=(172)
cfn=(650)
calls=2 3287 
* 86 22 12 0 1
cfi=(27)
cfn=(76)
calls=5 -21 
* 125 25 25
* 7
fe=(26)
200 28
64 2 0 0 2 0 0 2
+2 3 1
+1 2 0 0 1 0 0 1
+10 5 0 1
-6 2

fl=(44)
fn=(132)
125 13 0 0 3 0 0 1
+1 65
+6 13
+1 13 0 0 2 0 0 1
+1 12
+1 12
+2 2 0 2 0 0 2 0 0 2
+1 2 0 2
+1 2 2
+65 4 0 4
+1 4 0 4
+2 4 4
+76 10 0 10 0 0 6 0 0 6
+1 10 0 10 0 0 3 0 0 3
+5 10
+3 10
+1 10
+3 6 0 6 0 0 3 0 0 3
+1 6 0 6 0 0 1 0 0 1
+13 6
+1 6
+2 6
+3 5 0 0 2 0 0 1
+3 10
+3 5 0 5
+1 5 0 5
+1 5 0 5 0 0 3 0 0 3
+1 5 0 5
+1 5
+1 5
+1 5
-6 130 0 130 0 0 79 0 0 79
+1 130 0 130
+1 130 0 130 0 0 51 0 0 51
+1 130 0 130
+1 130
+1 130
+1 130
+3 6 0 6 0 0 2 0 0 2
+1 6 0 6
+1 6 0 6
+1 6 0 6
+5 6 6
+29 1 0 0 1 0 0 1
+1 1
+1 1
+32 1 0 1 0 0 1 0 0 1
+1 1 0 1
+1 1 1

fl=(41) ./elf/./elf/dl-hwcaps_split.c
fn=(122) _dl_hwcaps_split
25 4 0 2 1 0 0 1
+1 3 1
+21 1 0 0 1 0 0 1
-20 1
+20 3 3

fn=(120) _dl_hwcaps_contains
66 6 0 0 1 0 0 1
+1 12
+1 6
+9 6 6

fn=(116) _dl_hwcaps_split_masked
51 55 0 22 1 0 0 1
-25 42 14
+4 24 12 12
+4 48 12 0 1 1 0 1 1
+1 12 0 6
-1 24 6
+2 24
+5 27 0 9
cfi=(42) ./string/../sysdeps/x86_64/multiarch/../strchr.S
cfn=(118) index
calls=9 -18 
* 216 27 0 2 1 0 2 1
+1 18
+3 6
+11 12 6 6
+1 12
+1 6
-1 6 0 6
+1 6
-2 6 3 3
+1 6
+1 3
-1 3 0 3
+1 27 6 6
cfn=(120)
calls=6 +8 
* 30 6 0 1 0 0 1
* 12
-3 5 0 0 1 0 0 1
+7 44 33
-19 6 0 3
cfi=(22)
cfn=(60)
calls=3 -2 
* 51 6
* 3

fl=(15) ./elf/../sysdeps/x86/dl-get-cpu-features.c
fn=(32) _dl_x86_init_cpu_features
37 1 0 0 1 0 0 1
+2 3 1
+2 1 0 0 1 0 0 1
cfi=(16) ./elf/../sysdeps/x86/cpu-features.c
cfn=(34) init_cpu_features.constprop.0
calls=1 399 
* 7219 783 442 101 15 12 101 15 12

fn=(506) __x86_cpu_features
71 1 0 0 1
-32 3 1 0 0 1
+32 2 1

fl=(52)
fn=(2084)
257 13 0 0 2
+3 13
cob=(2)
cfi=(51)
cfn=(160) 0x0000000004002080
calls=13 0 
* 805301 202729 76211 1758 6561 814 731 2196 541

fn=(2085)
257 11 0 0 1
+3 11
cob=(2)
cfi=(51)
cfn=(161) 0x0000000004002080'2
calls=11 0 
* 15549 3790 1971 173 157 63 47 10 43

fn=(166) _dl_catch_exception
175 39 0 13 1 0 0 1
+5 13 13
-5 39 0 39 1 0 2 1 0 2
+5 13 0 13
-2 26
+22 13
-1 13 0 13
+7 26
-6 13 0 13
+3 26 0 13
+3 13 0 13 0 0 1 0 0 1
cfi=(53) ./setjmp/../sysdeps/x86_64/setjmp.S
cfn=(168) __sigsetjmp
calls=13 30 
* 312 65 117 3 0 2 3 0 2
* 52
+2 39 26 13 1 0 0 1
cfi=(66)
cfn=(214)
calls=12 61 
* 34464 7175 3442 107 171 178 107 171 177
cfi=(2) ./elf/./elf/rtld.c
cfn=(170) map_doit
calls=1 663 
* 2698 576 267 101 35 32 101 35 32
+2 13 13
-1 13 13
+1 13
-1 13 0 13
+1 26 0 26
+9 52 26

fn=(250) _dl_receive_error
238 6 0 2
+1 1 1
+1 1 1
+3 1 0 1 1 0 0 1
+1 1 0 1
+2 1 0 1
cfi=(2)
cfn=(252) version_check_doit
calls=1 696 
* 22966 6774 1278 47 122 73 46 113 68
+2 1 0 1
+1 1 0 1
+1 4 3

fn=(2344) _dl_signal_cexception
133 18 0 6 2 0 0 1
+1 6 3
+6 9 3
+8 9 0 3 5 0 0 2
cob=(2)
cfi=(51)
cfn=(2346) 0x0000000004002060
calls=3 0 
* 129 57 15 6 0 0 5

fn=(162) _dl_catch_error
225 10 0 3 1 0 0 1
+2 2 0 1
cob=(2)
cfi=(51)
cfn=(164) 0x0000000004002050
calls=1 0 
* 2759 589 289 108 35 33 108 35 33
+1 2 1 1
+1 1 1
+1 1 1 0 1 0 0 1
-1 1 0 1
+1 1 0 1
+2 5 4

fl=(45) ./string/./string/strdup.c
fn=(140) strdup
40 60 0 24 4 0 0 1
+1 12 0 12
cfi=(22)
cfn=(60)
calls=12 * 
* 532 97 0 6 1 0 3 1
* 12
fi=(378) ./string/../include/rtld-malloc.h
+15 24 12 12 0 1
cob=(3)
cfi=(172)
cfn=(650)
calls=5 3287 
* 215 55 30 0 1
cfi=(27)
cfn=(76)
calls=7 -21 
* 175 35 35
fe=(45)
-12 24
+4 12
-1 36
+1 24 24
-1 12
cfi=(29)
cfn=(80)
calls=12 212 
* 236 72 60 4 0 6 0 0 5

fl=(151) ./elf/../sysdeps/nptl/dl-mutex.c
fn=(502) __rtld_mutex_init
30 2 0 1 1 0 0 1
+10 3
-10 1 0 1
+10 2 0 0 1 0 0 1
-10 1 0 1
+7 1 1
+3 2 0 1
cfi=(152) ./elf/./elf/dl-lookup-direct.c
cfn=(504) _dl_lookup_direct
calls=1 +34 
* 175 47 13 6 7 0 6 6
+4 2
+1 8 3
+2 3 0 0 1 0 0 1
-2 1 0 1
+2 3 0 1
cfi=(152)
cfn=(504)
calls=1 +27 
* 198 49 13 1 7 0 1 4
+4 2
+1 6 3
+1 2 2
-1 1 0 1
+1 2 2

fl=(50) ./string/../sysdeps/x86_64/strcspn.S
fn=(158) strcspn
25 1 0 0 1 0 0 1
+2 1
+7 1
+1 1 0 0 1 0 0 1
+2 1
+1 1
+1 1
+1 1
+1 33 0 32 0 0 4 0 0 4
+3 3
+7 1 1 0 0 1 0 0 1
+1 1
+1 1
+1 1 0 1
+2 1 1
+1 1
+1 1
+1 1 0 1
+2 1 1
+1 1
+1 1
+9 3 0 0 1 0 0 1
+12 1
+2 1 1
+1 1 1
+1 1
-4 12
+2 12 12
+1 12 12
+1 12
+2 13 13 0 0 1 0 0 1
+1 13 13
+1 13
+2 13 13
+1 13 13
+1 13
+2 13 13
+1 13 13
+1 13
+2 1
+1 1
+1 1
+2 1
+7 1
+4 1 1

fl=(24)
fn=(84)
42 258
+2 516 258

fn=(266) __tls_init_tp
68 2 0 1
fi=(379) ./elf/../include/list.h
-24 1
fe=(24)
+24 1
fi=(379)
-25 1 1 0 1 1 0 1
fe=(24)
+26 1 1
+3 1
fi=(379)
-29 1 0 1
+1 1 0 1
+1 1 0 1
+2 1 0 1
fe=(24)
+28 4 0 1 1 0 0 1
+1 2 0 1
+1 1 0 1
+5 2 1 1
+5 1
+6 1
-3 1 0 1 1 0 0 1
+3 1
-6 3 0 1
+6 1
+13 3
fi=(76) ./elf/../sysdeps/unix/sysv/linux/rseq-internal.h
-72 1
fe=(24)
+72 1 0 1
cfi=(10)
cfn=(24)
calls=1 405 
* 20 4 1 0 2 0 0 1
fi=(76)
-74 3 1
+2 6 0 0 1 0 0 1
+3 2
+3 1 0 1
fe=(24)
+83 3 2 1 0 1 1
+7 2 1 1 1 0 0 1
+2 1 0 1
+1 1 0 1
+1 3 2

fn=(66) __tls_pre_init_tp
53 3 0 0 1 0 0 1
+3 8 0 2 1 0 1 1 0 1
+5 1
-5 1
+5 1 0 1
+1 1 0 1
-6 1 0 1
+8 1 1

fl=(42)
fn=(118)
23 62 0 0 2 0 0 1
+1 62
+1 62
+1 62
+1 62
+1 62
+1 62
+1 62
+1 62
+1 62 62 0 0 13 0 0 10
+1 62
+1 62 0 0 2 0 0 1
+1 62
+1 62
+1 62
+1 62
+1 62
+1 62
+1 47
+4 47
+1 47
+1 47 47
+1 47
+2 47 47
+4 15 15
+1 15
+1 15
+1 15 0 0 3 0 0 1
+1 15
+1 15
+1 15 15
+1 15
+1 15
+1 15
+1 15
+1 15
+1 15
+1 15 15
+1 15
+1 15
+1 15
+1 15
+1 15
+1 15 0 0 3 0 0 1
+1 15
+1 15
+1 15
+1 29
+5 7
+1 7
+3 7
+1 7 7
+1 7 7
+1 7 7
+1 7
+1 7 7 0 2 0 0 1
+1 7
+1 7
+1 7 7
+1 7
+1 7 7
+1 7 7
+1 7
+1 7 7
+1 7
+1 7
+1 7
+1 7
+2 7
+1 7
+2 7 7
+1 7 0 0 3 0 0 1
+1 7
+1 7
+1 7
+1 7
+1 7
+1 7
+2 7
+1 7
+1 7
+1 7
+1 7
+1 7
+1 7
+1 7
+1 7
+1 7
+3 7 0 0 2
+4 7
+1 7
+1 7 7
+1 7
+2 7 7
-9 8 0 0 2 0 0 1
+4 8
+1 8
+1 8 8
+1 8
+2 8 8

fl=(46) ./elf/./elf/dl-debug.c
fn=(152) _dl_debug_state
116 4 0 0 1 0 0 1
+1 4 4

fn=(146) _dl_debug_initialize
56 7 0 0 3 0 0 1
+3 14
+4 7 7 0 0 3 0 0 1
-6 7
+4 7
+2 14
+22 14 7 0 3 0 0 1
+5 2 1
+1 1
+1 1 0 1
-1 1 0 1
-1 1 0 1
+5 14 7
+4 14
+8 14 7 0 3 0 0 1
-43 2 0 1 1 0 0 1
+32 6 1 1 1 0 0 1

fn=(186) _dl_debug_update
38 16 0 0 3
+3 16
-1 32
+4 32 16 0 0 1
+4 16 16

fl=(160) ./elf/./elf/dl-runtime.c
fn=(528) _dl_fixup
46 1144 0 572 27 0 0 2
+2 715 572 0 0 36
+1 143 143 0 0 9
+6 143
fi=(380) ./elf/../sysdeps/x86_64/dl-runtime.h
-27 143
fe=(160)
+21 143 143
+5 143 143 0 0 14
+1 143 143 0 0 16
-6 143
+6 286 0 0 9 0 0 1
+1 143 143 0 0 135
+2 143 143 0 0 15
-2 143
+2 143
-2 715 0 143
+7 286
+4 286 143 0 0 143 0 0 69
+4 429 143 0 9 16 0 1
+4 429 286 0 0 144 0 0 1
+1 572 143 0 0 11
-7 572 143 0 0 46
+16 143 143
-1 143
+1 286
+10 1430 286 429 13 15 11 1 0 2
cfi=(79)
cfn=(280)
calls=143 840 
* 115951 27831 10184 378 1241 163 0 148 18
* 143
+4 715 429 0 12 0 0 1
+10 1430 572 143 0 2
+15 572 143
+9 429 143 0 16 1 0 1
+26 429 143 0 0 4
fi=(6) ./elf/../sysdeps/x86_64/dl-machine.h
+70 143 0 143
fe=(160)
-66 858 715
fi=(203) ./elf/../sysdeps/x86_64/dl-irel.h
32 6 0 6 5 0 0 1
cob=(3)
cfi=(89)
cfn=(306)
calls=1 -3 
* 24 4 0 2 2
cob=(3)
cfi=(118)
cfn=(380)
calls=1 -3 
* 21 4 0 3
cob=(3)
cfi=(86)
cfn=(300)
calls=1 +33 
* 17 4 0 3 1
cob=(3)
cfi=(123)
cfn=(396)
calls=1 -3 
* 23 4 0 3 1
cob=(3)
cfi=(92)
cfn=(314)
calls=1 -3 
* 22 4 0 3
cob=(3)
cfi=(110)
cfn=(358)
calls=1 -3 
* 22 5 0 3 2
fe=(160)
+93 12 0 6

fl=(78) ./elf/./elf/dl-reloc.c
fn=(272) _dl_relocate_object
194 18 0 9 2 0 0 1
+14 9
-14 81 0 45
+16 9 0 0 2 0 0 1
-16 18 0 18 0 0 1
+14 9 0 9
+2 18
+3 9 9 0 0 3
-1 9 9
+1 18
+19 18 9 0 2 0 0 1
+6 45 18
-34 16
+38 16
+7 32 8 8 2 1 0 1
fi=(6)
71 30 8
+6 16 12 0 0 2
+4 12 4 0 0 4 0 0 4
+14 4 4 0 1 0 0 1
-8 4 0 4
+8 8
+20 8 4
+4 20 4 0 0 2
-2 8 0 4
fe=(78)
288 383 121 62 8 35 2 4
-83 4
fi=(6)
474 16 0 4
fe=(78)
205 8 0 8
+83 8 8 0 1 0 0 1
fi=(5) ./elf/./elf/do-rel.h
49 4 4
fe=(78)
288 4 4
fi=(5)
60 4 4
-11 8 0 4
+11 8
fe=(78)
288 5
-83 5
fi=(6)
474 20 0 5
fe=(78)
205 10 0 10
+83 10 10 0 1
fi=(5)
49 5 5
fe=(78)
288 5 5
fi=(5)
60 5 5
-11 10 0 5
+11 10
fe=(78)
288 18 18 0 0 5
fi=(5)
49 9 9
fe=(78)
288 9 9
fi=(5)
60 9 9
-11 18 0 9
+11 18
-7 4
-1 4
+11 32 4 0 1 0 0 1
fi=(6)
545 2232 1116
+4 2232
+3 3348 1116
+1 1116 0 1116 0 0 145 0 0 143
fi=(5)
63 3348
+2 4692 1173 0 1 439 0 1 439
+2 171
-4 171
+13 24
+1 16 2
+1 114 57
fi=(6)
545 57 57
+34 114 114
+2 57 0 57
cob=(4)
cfi=(134)
cfn=(476)
calls=1 27 
* 9 4 0 1 0 0 1
cob=(4)
cfi=(146)
cfn=(472)
calls=1 26 
* 9 4 0 2 0 0 2
cob=(4)
cfi=(145)
cfn=(468)
calls=1 27 
* 9 4 0 2 0 0 2
cob=(4)
cfi=(142)
cfn=(464)
calls=1 27 
* 8 4 0 1 0 0 1
cob=(4)
cfi=(144)
cfn=(462)
calls=1 49 
* 6 3 0 1 0 0 1
cob=(4)
cfi=(143)
cfn=(458)
calls=1 26 
* 9 4 0 1 0 0 1
cob=(4)
cfi=(142)
cfn=(454)
calls=1 35 
* 8 4 0 2 0 0 2
cob=(4)
cfi=(141)
cfn=(450)
calls=1 27 
* 9 4 0 2 0 0 2
cob=(4)
cfi=(140)
cfn=(446)
calls=1 27 
* 9 4 0 2 0 0 2
cob=(4)
cfi=(138)
cfn=(442)
calls=1 27 
* 8 4 0 1 0 0 1
cob=(4)
cfi=(137)
cfn=(438)
calls=1 30 
* 9 4 0 1 0 0 1
cob=(4)
cfi=(136)
cfn=(434)
calls=1 26 
* 9 4 0 2 0 0 2
cob=(4)
cfi=(135)
cfn=(430)
calls=1 27 
* 9 4 0 1 0 0 1
cob=(4)
cfi=(134)
cfn=(426)
calls=1 34 
* 9 4 0 2 0 0 2
cob=(4)
cfi=(133)
cfn=(422)
calls=1 27 
* 9 4 0 2 0 0 2
cob=(4)
cfi=(131)
cfn=(418)
calls=1 27 
* 9 4 0 2 0 0 2
cob=(4)
cfi=(129)
cfn=(414)
calls=1 26 
* 9 4 0 2 0 0 2
cob=(3)
cfi=(128)
cfn=(408)
calls=1 31 
* 23 4 0 2 0 0 2
cob=(3)
cfi=(127)
cfn=(406)
calls=1 31 
* 7 3 0 1 0 0 1
cob=(3)
cfi=(126)
cfn=(402)
calls=1 33 
* 22 4 0 3 0 0 3
cob=(3)
cfi=(125)
cfn=(400)
calls=1 29 
* 7 3 0 1 0 0 1
cob=(3)
cfi=(123)
cfn=(396)
calls=1 29 
* 23 4 0 3 0 0 3
cob=(3)
cfi=(122)
cfn=(392)
calls=1 33 
* 17 4 0 2 0 0 2
cob=(3)
cfi=(120)
cfn=(388)
calls=1 29 
* 22 5 0 3 0 0 3
cob=(3)
cfi=(119)
cfn=(384)
calls=1 29 
* 17 4 0 2 0 0 2
cob=(3)
cfi=(118)
cfn=(380)
calls=1 29 
* 21 4 0 2 0 0 2
cob=(3)
cfi=(117)
cfn=(378)
calls=1 31 
* 7 3 0 1 0 0 1
cob=(3)
cfi=(116)
cfn=(374)
calls=1 29 
* 17 4 0 2 0 0 2
cob=(3)
cfi=(115)
cfn=(370)
calls=1 31 
* 21 4 0 2 0 0 2
cob=(3)
cfi=(114)
cfn=(366)
calls=1 29 
* 21 4 0 3 0 0 3
cob=(3)
cfi=(112)
cfn=(362)
calls=2 31 
* 38 8 0 2 0 0 2
cob=(3)
cfi=(110)
cfn=(358)
calls=1 29 
* 22 5 0 3 0 0 3
cob=(3)
cfi=(109)
cfn=(356)
calls=1 31 
* 7 3 0 2 0 0 2
cob=(3)
cfi=(108)
cfn=(352)
calls=1 29 
* 17 4 0 2 0 0 2
cob=(3)
cfi=(107)
cfn=(350)
calls=1 43 
* 7 3 0 1 0 0 1
cob=(3)
cfi=(106)
cfn=(348)
calls=1 29 
* 7 3 0 2 0 0 2
cob=(3)
cfi=(105)
cfn=(346)
calls=1 31 
* 7 3 0 1 0 0 1
cob=(3)
cfi=(104)
cfn=(344)
calls=1 66 
* 17 4 0 3 0 0 3
cob=(3)
cfi=(102)
cfn=(340)
calls=2 31 
* 46 8 0 3 0 0 3
cob=(3)
cfi=(100)
cfn=(336)
calls=1 31 
* 17 4 0 3 0 0 3
cob=(3)
cfi=(99)
cfn=(332)
calls=1 30 
* 21 4 0 2 0 0 2
cob=(3)
cfi=(98)
cfn=(328)
calls=2 29 
* 44 8 0 4 0 0 4
cob=(3)
cfi=(97)
cfn=(324)
calls=1 28 
* 21 4 0 2 0 0 2
cob=(3)
cfi=(96)
cfn=(322)
calls=1 61 
* 19 4 0 2 0 0 2
cob=(3)
cfi=(94)
cfn=(318)
calls=2 31 
* 42 8 0 3 0 0 3
cob=(3)
cfi=(92)
cfn=(314)
calls=1 29 
* 22 4 0 3 0 0 3
cob=(3)
cfi=(91)
cfn=(310)
calls=1 29 
* 19 4 0 2 0 0 2
cob=(3)
cfi=(89)
cfn=(306)
calls=1 29 
* 24 4 0 2 0 0 2
cob=(3)
cfi=(87)
cfn=(302)
calls=1 29 
* 19 4 0 2 0 0 2
cob=(3)
cfi=(86)
cfn=(300)
calls=1 65 
* 17 4 0 3 0 0 3
cob=(3)
cfi=(85)
cfn=(298)
calls=1 29 
* 7 3 0 2 1 0 2
cob=(3)
cfi=(83)
cfn=(294)
calls=2 31 
* 42 8 0 3 1 0 3
-36 57
+37 57 0 57 0 0 1 0 0 1
fi=(5)
77 173
fe=(78)
288 72 36 18 4 0 1 2
+3 54 18
+24 9 0 9 0 0 1
+3 18 9
+17 27 9 0 0 7
+2 72 63 0 0 5
-98 18 9 0 2 7 0 1
+3 2
+7 4 1 1 1 0 0 1
-9 2
fi=(5)
86 28 28 0 2 0 0 1
+2 28
+12 14
-14 56 14 14 0 2
+14 28 0 0 2 0 0 1
+10 24
+3 32
+1 8 8 0 0 6 0 0 3
fi=(6)
529 8 8
fi=(5)
114 8
fi=(6)
529 16
fi=(5)
114 3920 3920 0 0 490 0 0 490
fi=(6)
529 3920 3920 0 0 491 0 0 491
fi=(5)
114 3920
fi=(6)
529 7840
+5 7856
+1 3928 3928 0 0 490 0 0 490
fi=(5)
113 3928
fi=(6)
535 3928
-5 3928 0 3928 2 0 829 1 0 819
fi=(5)
113 7856
+7 56 14 14 0 12 3
+4 48 24 12 0 10
+2 24 12 0 2 0 0 1
-73 8 0 8 0 0 2
fi=(6)
484 8
fi=(5)
52 8 0 8
fi=(6)
484 16 0 8
fi=(5)
128 16 16 0 0 2 0 0 1
+1 8 8
+1 8 8 0 2 0 0 1
-2 8
+2 8 8
+3 8
-5 8
+2 8 0 8
-2 8 8 0 0 8 0 0 5
+1 16
+2 8
-2 8 0 8
+2 24 8 0 0 4
+2 16 0 0 2 0 0 1
-5 8810 8810 0 0 1106 0 0 1104
+1 4405 4405
+1 4405 4405
-2 4405
+2 4405 4405
+3 4405
-5 4405
+2 4405 0 4405
-2 4405 4405 0 0 1249 0 0 263
+1 8810
+2 4405
-2 4405 0 4405
+2 13215 4405
+2 8810
+9 4411 0 4411
fi=(6)
262 8822
+21 8822
+4 8822
+7 17644 4411 0 0 2159 0 0 1611
fi=(4) ./elf/../sysdeps/generic/ldsodefs.h
138 13182 4394
fi=(6)
294 132470 21832 16980 6 119 2 3 3
cfi=(79)
cfn=(280)
calls=2830 840 
* 2362532 560686 207954 181 10646 84 96 3702 40
* 25470 11320 2830 2 0 2 1
+2 13182
+30 26414 4411 0 0 9 0 0 2
450 13101 8734 4367 2 549 1313 1 545 517
fi=(5)
145 13147 4367
-19 13239 4413
+32 40 16 0 2 0 0 1
+1 6 2
fi=(6)
294 2 0 2
+22 2
-22 4
fi=(5)
160 6 2 0 1 0 0 1
+3 2 2
+4 2 2
-4 2
+4 4 2 2
-2 2 2
-2 2 2
+2 2
+1 2 2
-1 4 0 2
fi=(6)
294 8 2 0 1 2 0 1
508 2 2 0 1 0 0 1
-1 4 4
+1 4
+1 2 0 2
cfi=(15)
cfn=(506)
calls=1 71 
* 6 2 0 1 1
cob=(3)
cfi=(81)
cfn=(290)
calls=1 86 
* 28 9 8 3 3 3 3 0 3
+1 2 2
fi=(5)
159 2
fi=(6)
510 2 0 2 0 0 1
fi=(5)
159 8 0 0 1 0 0 1
-14 63 21
+1 1362 454 0 3 3 0 1
fi=(6)
360 6 0 0 1 0 0 1
+1 9 6 3 0 2 1 0 0 1
fi=(5)
145 6 3
fi=(6)
490 63 21 0 1 0 0 1
+5 42 42 0 0 5 0 0 3
-1 63 21 21 1 0 0 1
+1 42
-1 21 0 21
cfi=(29)
cfn=(80)
calls=21 212 
* 506 148 127 4 39 28 3 11 28
+2 84 63
+1 21
-75 54 18 0 1 0 0 1
+4 72 18 0 0 1
+5 18 18
+9 18 18
-9 36 18 0 0 2 0 0 2
+9 18 0 18 0 0 6 0 0 6
fi=(5)
145 36 18 0 1 0 0 1
fi=(6)
368 6 2
+11 2 2
-9 4 4 0 0 1 0 0 1
+9 2 0 2 0 0 1
fi=(5)
145 38 2 0 1 0 0 1
fi=(6)
296 4431 4397 0 2 18 0 1
+3 4380
-3 4380 4380
+3 8760
+2 130 26
+3 52
+1 78 26 0 2 0 0 1
+11 52 0 52 2 0 0 1
+7 26 0 26
cob=(4)
cfi=(247)
cfn=(2130)
calls=1 31 
* 7 3 0 1 2 0 1
cob=(3)
cfi=(245)
cfn=(2126)
calls=1 29 
* 22 4 0 3 0 0 3
cob=(3)
cfi=(243)
cfn=(2122)
calls=1 29 
* 24 4 0 2 2 0 2
cob=(4)
cfi=(134)
cfn=(476)
calls=1 27 
* 9 4 0 2 1
cob=(4)
cfi=(242)
cfn=(2120)
calls=1 31 
* 7 3 0 2 2 0 2
cob=(3)
cfi=(86)
cfn=(300)
calls=2 65 
* 34 8 0 3 1
cob=(3)
cfi=(97)
cfn=(324)
calls=1 28 
* 21 4 0 3
cob=(3)
cfi=(119)
cfn=(384)
calls=1 29 
* 17 4 0 2
cob=(3)
cfi=(125)
cfn=(400)
calls=1 29 
* 7 3 0 1 2
cob=(3)
cfi=(98)
cfn=(328)
calls=3 29 
* 66 12 0 4 2
cob=(3)
cfi=(123)
cfn=(396)
calls=1 29 
* 23 4
cob=(3)
cfi=(92)
cfn=(314)
calls=3 29 
* 66 12 0 3
cob=(3)
cfi=(89)
cfn=(306)
calls=3 29 
* 72 12 0 2
cob=(3)
cfi=(110)
cfn=(358)
calls=3 29 
* 66 15 0 3 1
cob=(3)
cfi=(118)
cfn=(380)
calls=3 29 
* 63 12 0 3 7
* 78 52
+3 52
fi=(5)
135 10 2 4 1 0 0 1
+3 2
fi=(6)
296 4363 4363 0 2 0 0 1
+3 4363 4363
-3 8742 6
+3 4 0 0 1 0 0 1
fi=(5)
50 18 9 0 2 1 0 1
fe=(78)
308 3840 0 0 2 0 0 1
fi=(6)
-14 11656 5046 3128 2 0 0 1
fe=(78)
+49 45 27 0 4 2 0 2
+3 9
-3 9
+3 9
+4 18
+1 36 0 9 0 0 1
cfi=(71) ./misc/../sysdeps/unix/syscall-template.S
cfn=(234) mprotect
calls=9 117 
* 54 9
* 18
fi=(6)
-57 12 4 0 1 0 0 1
fe=(78)
-6 12 0 4 1
fi=(5)
53 2 0 2 1 0 0 1
175 7 2 1
+2 2 2
+1 2 2
-1 1
+3 1
-3 4 0 1 1 0 0 1
+3 2
-3 10 10 0 0 1 0 0 1
+1 10 10
-1 5
+3 5
-3 20 0 5
+3 10
+8 6 0 6
fi=(6)
+74 12
+21 12
+4 12
+7 24 6 0 1 3 0 1 2
fi=(4)
138 18 6
fi=(6)
294 204 36 36 2 1 0 2
cfi=(79)
cfn=(280)
calls=6 840 
* 4137 1114 423 0 80 10 0 11
* 54 24 6 1 0 0 1
+2 18
+30 36 6 0 0 1 0 0 1
450 12 6 6 1 1 1 1 1 1
fi=(5)
191 18 6
-16 18 6
+30 4 1
fi=(6)
+91 3 3 0 1 0 0 1
+3 3
-3 3 3
+3 6
-3 3 3 0 1 0 0 1
+3 3 3
-3 6
fe=(78)

fl=(1) ???
fn=(0) 0x0000000000020290
0 2 0 1 1 0 1 1 0 1
cfi=(2)
cfn=(2) _dl_start
calls=1 527 
0 2342629 554880 199925 1108 13696 2474 1096 7846 1642
0 14 3 2 2 1 0 1
cfi=(162) ./elf/./elf/dl-init.c
cfn=(544) _dl_init
calls=1 77 
0 7456 1775 1294 191 167 80 191 23 56
0 3
cob=(8)
cfi=(178)
cfn=(810)
calls=1 0 
0 32744005432 9302544482 7503587517 505179 223590826 231821393 43575 3396 108238

fl=(36) ./posix/../sysdeps/unix/syscall-template.S
fn=(102) uname
120 5 0 0 1 0 0 1
+2 1 1

fl=(152)
fn=(504)
74 30 0 18 2 0 0 2
+2 3 3
-2 3 0 3
+4 3 3
-4 3 0 3
+2 3
+2 9
+37 3
-37 9 6 0 0 3
+1 6 0 0 1 0 0 1
+2 12 3 3
+3 25 5 0 0 4 0 0 3
-52 3 3
+54 6 3
-54 3
+54 3
-54 9 6 0 1 0 0 1
+1 9
+2 6 3 0 0 3 0 0 3
+1 6 3
+12 12 3 6
+3 3 3 0 1 0 0 1
+2 3
-2 3 3
+2 9 3 3
cfi=(32)
cfn=(90)
calls=3 +55 
* 207 27 0 0 8 0 0 8
* 6
+4 6 6
+1 3 3
-1 3 3 0 0 2 0 0 1
+1 18 6 0 1 0 0 1
+1 9 6 3
cfi=(32)
cfn=(90)
calls=3 +49 
* 75 21
* 6
+57 27 21
-23 6 0 0 1 0 0 1

fl=(153) ./elf/./elf/dl-call-libc-early-init.c
fn=(508) _dl_call_libc_early_init
27 1 0 0 1 0 0 1
+2 2
-2 1 0 1
+6 3
-6 1 0 1
+6 3
-6 1
+6 1 0 1 1 0 0 1
cfi=(152)
cfn=(504)
calls=1 +41 
* 177 47 13 0 6 0 0 5
+4 2
+2 4 3
+2 1
-1 1
+1 2 2
-1 1
cob=(3)
cfi=(154)
cfn=(510)
calls=1 -7 
* 1240 380 176 26 32 17 26 5 5

fl=(32)
fn=(90)
108 4099 0 0 14 0 0 1
+33 4099
+1 4099
+2 4099
+1 4099
+21 4099
+1 4099
+1 3637
+1 3637
+1 3356 3356 0 0 441 0 0 116
+1 3356 3356 0 15 75 0 1 11
+1 3356 3356
+1 3356 3356
+21 3356
+1 3356
+1 3356
+1 3356
+1 3356
+1 3356
+1 3356
+5 263
+1 789
+9 263 0 0 1
+1 263
+1 263
+1 263
+1 263
+1 263
+1 263
+1 263
-7 743 0 0 11 0 0 1
+1 743
+1 743
+1 743
+1 743
+1 743
+1 743
+1 743
+1 866
+1 496
+1 496
+1 496
+2 496
+1 496
+1 496
+1 496 496 0 0 16 0 0 1
+1 496
+1 496
-5 370
+1 370
+1 370
+1 370 370 0 0 20 0 0 1
+1 370
+1 370
+10 140 140 0 6 13 0 1 3
+1 140
+1 140
+2 140 140 0 0 7 0 0 4
+6 140
+1 140
+1 140
+1 140
+1 140
+5 140
+2 123
+1 123
+1 246
+8 123 123 0 6 15 0 1
+1 123 123 0 0 6 0 0 3
+3 123
+1 123
+1 123
+1 123
+1 123
+1 123
-9 29 29
+1 29 29 0 0 2 0 0 1
+3 29
+1 29
+1 29
+1 29
+1 29
+1 29
+6 50
+1 50 50
+1 50 50 0 0 3 0 0 2
+3 50
+1 50
+1 50
+1 50 0 0 2 0 0 1
+1 50
+1 50
+5 29
+1 29
+9 6 0 0 1
+1 6 6
+1 6 6 0 0 2 0 0 1
+1 6
+1 6
+2 6
+1 6
+1 6 0 0 2 0 0 1
+1 6
+1 6
+1 6
+1 6
+1 6 6
+3 6
+1 6
+1 6
+6 6
+1 6
+1 12
+4 6 0 0 2 0 0 1
+1 6
-1 1
+1 1
+3 7 7 0 0 3 0 0 2
+1 7 7 0 0 1
+1 7
+3 7
+1 7
+1 7
+6 7
+1 7
+1 7
+1 7
+1 7
+1 7 0 0 2 0 0 1
+6 5
+1 5
+2 5
+1 5
+2 5 5 0 0 1
+1 5 5
+1 5
+3 5
+1 5
+1 5
+6 5
+1 5
+1 5
+1 5
+1 5 0 0 1 0 0 1
+1 5
+6 1
+1 1
+1 1
+40 10 0 0 2 0 0 1
+1 10 10 0 0 3
+1 10 10 0 0 2
+1 10
+1 10
+2 10
+1 10
+1 10 0 0 2 0 0 1
+1 10
+1 10
+1 10
+1 10
+1 10 10
+3 10
+1 10
+1 10
+6 10
+1 10
+1 20
+4 10 0 0 2 0 0 1
+1 10
-1 3
+1 3
+3 13 13 0 0 3
+1 13 13 0 0 5 0 0 1
+1 13
+3 13
+1 13
+1 13
+6 13
+1 13
+1 13
+1 13
+1 13
+1 13 0 0 2 0 0 1
+7 5
+1 5
+2 5
+1 5
+2 5 5
+1 5 5
+1 5
+3 5
+1 5
+1 5
+6 5
+1 5
+1 5
+1 5
+1 5 0 0 1 0 0 1
+1 5
+7 3
+1 3
+1 3
+32 13 0 0 2 0 0 1
+1 13 13 0 0 2 0 0 1
+1 13 13 0 0 2 0 0 1
+1 13
+1 13
+2 13
+1 13
+1 13 0 0 2 0 0 1
+1 13
+1 13
+1 13
+1 13
+1 10 10
+4 10
+1 10
+1 10
+6 10
+1 10
+1 20
+4 10 0 0 2 0 0 1
+1 10
-1 3
+1 3
+3 13 13 0 0 4 0 0 1
+1 13 13 0 0 3 0 0 1
+1 13
+3 13
+1 13
+1 13
+6 13
+1 13
+1 13
+1 13
+1 13
+1 13 0 0 2 0 0 1
+7 5
+1 5
+2 5
+1 5
+2 5 5 0 0 1
+1 5 5 0 0 1
+1 5
+3 5
+1 5
+1 5
+6 5
+1 5
+1 5
+1 5
+1 5 0 0 2 0 0 1
+1 5
+7 3
+1 3
+1 3
+32 24 0 0 2 0 0 1
+1 24 24 0 0 4 0 0 2
+1 24 24 0 0 3 0 0 2
+1 24
+1 24
+2 24
+1 24
+1 24 0 0 2 0 0 1
+1 24
+1 24
+1 24
+1 24
+1 13 13
+4 13
+1 13
+1 13
+6 13
+1 13
+1 26
+4 13 0 0 2 0 0 1
+1 13
-1 5
+1 5
+3 18 18 0 0 2 0 0 2
+1 18 18 0 0 2
+1 18
+3 18
+1 18
+1 18
+6 18
+1 18
+1 18
+1 18
+1 18
+1 18 0 0 2 0 0 1
+7 7
+1 7
+2 7
+1 7
+2 7 7 0 0 1
+1 7 7 0 0 2
+1 7
+3 7
+1 7
+1 7
+6 7
+1 7
+1 7
+1 7
+1 7 0 0 1 0 0 1
+1 7
+7 5
+1 5
+1 5
+4 2
+1 2
+1 2
+1 2
+7 2
+1 2
+1 2
+16 16 0 0 2 0 0 1
+1 16 16 0 0 4 0 0 2
+1 16 16 0 0 2
+1 16
+1 16
+2 16
+1 16
+1 16 0 0 2 0 0 1
+1 16
+1 16
+1 16
+1 16
+1 16 16
+4 16
+1 16
+1 16
+6 16
+1 16
+1 32
+4 16 0 0 2 0 0 1
+1 16
-1 7
+1 7
+3 23 23 0 0 2
+1 23 23 0 0 8 0 0 2
+1 23
+3 23
+1 23
+1 23
+6 23
+1 23
+1 23
+1 23
+1 23
+1 23 0 0 2 0 0 1
+7 12
+1 12
+2 12
+1 12
+2 12 12
+1 12 12 0 0 2 0 0 1
+1 12
+3 12
+1 12
+1 12
+6 12
+1 12
+1 12
+1 12
+1 12 0 0 2 0 0 1
+1 12
+7 7
+1 7
+1 7
+32 26 0 0 3 0 0 1
+1 26 26 0 0 5 0 0 2
+1 26 26 0 0 6 0 0 1
+1 26
+1 26
+2 26
+1 26
+1 26 0 0 3 0 0 1
+1 26
+1 26
+1 26
+1 26
+1 21 21
+4 21
+1 21
+1 21
+6 21
+1 21
+1 42
+4 21 0 0 3 0 0 1
+1 21
-1 12
+1 12
+3 33 33 0 0 6 0 0 1
+1 33 33 0 0 8 0 0 3
+1 33
+3 33
+1 33
+1 33
+6 33
+1 33
+1 33
+1 33
+1 33
+1 33 0 0 3 0 0 1
+7 15
+1 15
+2 15
+1 15
+2 15 15 0 0 1
+1 15 15 0 0 2 0 0 2
+1 15
+3 15
+1 15
+1 15
+6 15
+1 15
+1 15
+1 15
+1 15 0 0 2 0 0 1
+1 15
+7 12
+1 12
+1 12
+32 44 0 0 4 0 0 1
+1 44 44 0 0 9 0 0 3
+1 44 44 0 0 5
+1 44
+1 44
+2 44
+1 44
+1 44 0 0 4 0 0 1
+1 44
+1 44
+1 44
+1 44
+1 30 30
+4 30
+1 30
+1 30
+6 30
+1 30
+1 60
+4 30 0 0 4 0 0 1
+1 30
-1 12
+1 12
+3 42 42 0 0 4 0 0 3
+1 42 42 0 0 11 0 0 4
+1 42
+3 42
+1 42
+1 42
+6 42
+1 42
+1 42
+1 42
+1 42
+1 42 0 0 4 0 0 1
+7 22
+1 22
+2 22
+1 22
+2 22 22 0 0 2 0 0 2
+1 22 22 0 0 2 0 0 1
+1 22
+3 22
+1 22
+1 22
+6 22
+1 22
+1 22
+1 22
+1 22 0 0 2 0 0 1
+1 22
+7 12
+1 12
+1 12
+32 46 0 0 3 0 0 1
+1 46 46 0 0 6 0 0 1
+1 46 46 0 0 8 0 0 1
+1 46
+1 46
+2 46
+1 46
+1 46 0 0 2 0 0 1
+1 46
+1 46
+1 46
+1 46
+1 27 27
+4 27
+1 27
+1 27
+6 27
+1 27
+1 54
+4 27 0 0 2 0 0 1
+1 27
-1 10
+1 10
+3 37 37 0 0 12 0 0 6
+1 37 37 0 0 5
+1 37
+3 37
+1 37
+1 37
+6 37
+1 37
+1 37
+1 37
+1 37
+1 37 0 0 2 0 0 1
+7 16
+1 16
+2 16
+1 16
+2 16 16 0 0 1
+1 16 16
+1 16
+3 16
+1 16
+1 16
+6 16
+1 16
+1 16
+1 16
+1 16 0 0 2 0 0 1
+1 16
+7 10
+1 10
+1 10
+32 100 0 0 3 0 0 1
+1 100 100 0 0 12 0 0 5
+1 100 100 0 0 15 0 0 9
+1 100
+1 100
+2 100
+1 100
+1 100 0 0 3 0 0 1
+1 100
+1 100
+1 100
+1 100
+1 43 43
+4 43
+1 43
+1 43
+6 43
+1 43
+1 86
+4 43 0 0 3 0 0 1
+1 43
-1 15
+1 15
+3 58 58 0 0 10 0 0 6
+1 58 58 0 0 14 0 0 11
+1 58
+3 58
+1 58
+1 58
+6 58
+1 58
+1 58
+1 58
+1 58
+1 58 0 0 3 0 0 1
+7 26
+1 26
+2 26
+1 26
+2 25 25 0 0 3 0 0 2
+1 25 25 0 0 1
+1 25
+3 25
+1 25
+1 25
+6 25
+1 25
+1 25
+1 25
+1 25 0 0 1
+1 25
+7 15
+1 15
+1 15
+4 2 0 0 2 0 0 1
+1 2
+1 2
+1 2
+7 1
+1 1
+1 1
+4 1 1 0 1 0 0 1
+1 1
+1 1
+1 1
+9 53 0 0 2
+1 53 53 0 0 11 0 0 3
+1 53 53 0 0 8 0 0 2
+1 53
+1 53
+2 53
+1 53
+1 53 0 0 3 0 0 1
+1 53
+1 53
+1 53
+1 53
+1 40 40
+4 40
+1 40
+1 40
+6 40
+1 40
+1 80
+4 40 0 0 2 0 0 1
+1 40
-1 11
+1 11
+3 53 53 0 0 13 0 0 5
+1 53 53 0 0 11 0 0 2
+1 53
+3 53
+1 53
+1 53
+6 53
+1 53
+1 53
+1 53
+1 53
+1 53 0 0 2 0 0 1
+7 27
+1 27
+2 27
+1 27
+2 25 25
+1 25 25 0 0 5 0 0 3
+1 25
+3 25
+1 25
+1 25
+6 25
+1 25
+1 25
+1 25
+1 25 0 0 2 0 0 1
+1 25
+7 11
+1 11
+1 11
+4 2
+1 2
+1 2
+1 2
+7 2
+1 2
+1 2
+16 60 0 0 4 0 0 1
+1 60 60 0 0 8 0 0 2
+1 60 60 0 0 12 0 0 4
+1 60
+1 60
+2 60
+1 60
+1 60 0 0 4 0 0 1
+1 60
+1 60
+1 60
+1 60
+1 43 43
+4 43
+1 43
+1 43
+6 43
+1 43
+1 86
+4 43 0 0 3 0 0 1
+1 43
-1 12
+1 12
+3 55 55 0 0 11 0 0 5
+1 55 55 0 0 5 0 0 3
+1 55
+3 55
+1 55
+1 55
+6 55
+1 55
+1 55
+1 55
+1 55
+1 55 0 0 4 0 0 1
+7 22
+1 22
+2 22
+1 22
+2 22 22
+1 22 22 0 0 3 0 0 2
+1 22
+3 22
+1 22
+1 22
+6 22
+1 22
+1 22
+1 22
+1 22 0 0 3 0 0 1
+1 22
+7 12
+1 12
+1 12
+32 87 0 0 5 0 0 1
+1 87 87 0 0 12 0 0 3
+1 87 87 0 0 17 0 0 6
+1 87
+1 87
+2 87
+1 87
+1 87 0 0 5 0 0 1
+1 87
+1 87
+1 87
+1 87
+1 59 59
+4 59
+1 59
+1 59
+6 59
+1 59
+1 118
+4 59 0 0 4 0 0 1
+1 59
-1 10
+1 10
+3 69 69 0 0 10 0 0 5
+1 69 69 0 0 12 0 0 3
+1 69
+3 69
+1 69
+1 69
+6 69
+1 69
+1 69
+1 69
+1 69
+1 69 0 0 4 0 0 1
+7 23
+1 23
+2 23
+1 23
+2 23 23 0 0 2 0 0 1
+1 23 23 0 0 2
+1 23
+3 23
+1 23
+1 23
+6 23
+1 23
+1 23
+1 23
+1 23 0 0 2 0 0 1
+1 23
+7 10
+1 10
+1 10
+32 50 0 0 5 0 0 1
+1 50 50 0 0 11 0 0 7
+1 50 50 0 0 8 0 0 1
+1 50
+1 50
+2 50
+1 50
+1 50 0 0 5 0 0 1
+1 50
+1 50
+1 50
+1 50
+1 32 32
+4 32
+1 32
+1 32
+6 32
+1 32
+1 64
+4 32 0 0 3 0 0 1
+1 32
-1 11
+1 11
+3 43 43 0 0 6 0 0 2
+1 43 43 0 0 12 0 0 3
+1 43
+3 43
+1 43
+1 43
+6 43
+1 43
+1 43
+1 43
+1 43
+1 43 0 0 3 0 0 1
+7 22
+1 22
+2 22
+1 22
+2 22 22 0 0 1 0 0 1
+1 22 22
+1 22
+3 22
+1 22
+1 22
+6 22
+1 22
+1 22
+1 22
+1 22 0 0 3 0 0 1
+1 22
+7 11
+1 11
+1 11
+32 169 0 0 5 0 0 1
+1 169 169 0 0 15 0 0 5
+1 169 169 0 0 18 0 0 1
+1 169
+1 169
+2 169
+1 169
+1 169 0 0 6 0 0 1
+1 169
+1 169
+1 169
+1 169
+1 148 148
+4 148
+1 148
+1 148
+6 148
+1 148
+1 296
+4 148 0 0 5 0 0 1
+1 148
-1 13
+1 13
+3 161 161 0 0 16 0 0 5
+1 161 161 0 0 11 0 0 4
+1 161
+3 161
+1 161
+1 161
+6 161
+1 161
+1 161
+1 161
+1 161
+1 161 0 0 5 0 0 1
+7 25
+1 25
+2 25
+1 25
+2 25 25 0 0 1
+1 25 25
+1 25
+3 25
+1 25
+1 25
+6 25
+1 25
+1 25
+1 25
+1 25 0 0 3 0 0 1
+1 25
+7 13
+1 13
+1 13
+32 162 0 0 7 0 0 1
+1 162 162 0 0 24 0 0 7
+1 162 162 0 0 25 0 0 12
+1 162
+1 162
+2 162
+1 162
+1 162 0 0 6 0 0 1
+1 162
+1 162
+1 162
+1 162
+2 67 67
+4 67
+1 67
+1 67
+6 67
+1 67
+2 134
+4 67 0 0 5 0 0 1
+1 67
-1 8
+1 8
+3 75 75 0 0 17 0 0 10
+1 75 75 0 0 10 0 0 4
+1 75
+3 75
+1 75
+1 75
+6 75
+1 75
+1 75
+1 75
+1 75
+1 75 0 0 5 0 0 1
+7 18
+1 18
+2 18
+1 18
+2 18 18 0 0 1 0 0 1
+1 18 18 0 0 1
+1 18
+3 18
+1 18
+1 18
+6 18
+1 18
+1 18
+1 18
+1 18 0 0 2 0 0 1
+1 18
+7 8
+1 8
+1 8
+27 1
+1 1
+1 1
+1 2
+4 1
+2 1
+1 1
+1 1
+1 1
-5 687 0 0 4
+2 687
+1 687
+1 687
+1 687
-3 318 0 0 6 0 0 1
+1 318
+1 318
+1 318
+1 992
+5 496 0 0 2
+6 496 496
+1 496 496
+8 496
+1 496 496
-16 3603 0 0 9 0 0 1
+6 3603 3603
+1 3603 3603
+8 3603
+1 3603 3603

fl=(71)
fn=(540) munmap
117 5 0 0 1 0 0 1
+5 1 1

fn=(234)
117 60 0 0 2 0 0 1
+5 12 12

fl=(159) ./elf/../sysdeps/x86_64/dl-trampoline.h
fn=(526) _dl_runtime_resolve_xsave
67 143 0 0 9 0 0 1
+5 143 0 143
+3 143
+2 143
+10 143 143 0 0 11
+6 143 0 143 0 0 12 0 0 1
+1 143 0 143
+1 143 0 143 11 0 0 1
+1 143 0 143
+1 143 0 143
+1 143 0 143
+1 143 0 143
+4 143
+1 143
+3 143 0 143 0 0 9
+1 143 0 143
+2 143 0 143
+1 143 0 143
+1 143 0 143 7 0 0 1
+1 143 0 143
+1 143 0 143
+1 143 0 143
+2 143 0 4862 0 0 79 0 0 12
+7 143 143
+1 143 143
+1 143 0 143 0 0 11 0 0 1
cfi=(160)
cfn=(528)
calls=143 -80 
* 129826 32718 11626 486 1854 174 8 218 20
+1 143
+5 143
+1 143
+1 143 5148
+2 143 143 0 9 0 0 1
+1 143 143
+1 143 143
+1 143 143
+1 143 143
+1 143 143
+1 143 143
+2 143
+2 143 143
+4 143
+2 143

fl=(10)
fn=(24)
405 36 0 0 1 0 0 1
+3 252 36 0 1 28 0 1 17
+9 36 36 0 0 4
-9 138
+9 10 0 10
+17 180 36 0 0 7
+2 36 36 0 1 0 0 1
-9 26 0 26
+1 26

fn=(18) __GI___tunables_init
282 9 0 6 2 0 1 2 0 1
-9 7 1
71 302 100
+6 99 99 0 0 40 0 0 40
-3 99
+3 11367 1539 0 1 25 0 1 25
-3 99
-3 198
357 8 7
81 198 0 0 1 0 0 1
+5 297
fi=(11) ./elf/./elf/dl-tunables.h
+54 99
fe=(10)
-54 99
fi=(11)
+54 99
+1 224
-1 91 26 0 0 1 0 0 1
+1 26
-1 99 99
+1 198 0 0 1 0 0 1
fe=(10)
323 396 99
-18 13860
+6 21780 6930 0 1 35 0 1 35
fi=(11)
140 891 891
+1 1782
-1 32 32
+1 128
-1 160 32
fe=(10)

fn=(54) __GI___tunable_set_val
157 15 0 0 1 0 0 1
-55 5
+55 5
-55 5
+55 5
-55 35 5 0 1 0 0 1
+9 5 5
+1 5 5
fi=(381) ./elf/./dl-tunable-types.h
-22 10
fe=(10)
+22 20 5
+1 40 10 0 1 0 0 1
fi=(11)
+8 10
+1 5
fe=(10)
-6 15
fi=(11)
+15 5
fe=(10)
-12 10
+4 10
+7 10 0 0 1 0 0 1
+1 10
+3 30 0 5
+1 5 0 5
+1 5 0 5
+1 5 0 5
+24 5 5
fi=(11)
-30 15 0 0 1 0 0 1
fe=(10)

fl=(31) ./elf/./elf/dl-load.c
fn=(134) fillin_rpath.isra.0
468 14 0 12 2 0 0 1
+4 2
-4 16 0 10 2 0 1 1 0 1
+6 6 2 2
cfi=(7) ./elf/./elf/dl-minimal.c
cfn=(136) strsep
calls=2 239 
* 1120 318 3 4 3 0 2 2
* 12 4 4
cfi=(7)
cfn=(136)
calls=4 239 
* 276 85 3
* 18
+7 8 4
+2 9 3 3
cfn=(138) expand_dynamic_string_token
calls=3 -98 
* 540 107 61 6 0 1 6 0 1
* 3
+4 6
+5 6 0 3 2 0 0 1
cfi=(22)
cfn=(60)
calls=3 41 
* 113 20 0 0 1 0 0 1
* 3
+1 6
+7 15 3
+9 75 25 0 2 1 0 1
+1 48 23 1 0 4
cfi=(43) ./string/../sysdeps/x86_64/memcmp.S
cfn=(124) bcmp
calls=1 22 
* 33 3
* 2 0 0 1 0 0 1
+55 8 0 4 1
fi=(28)
50 8 8 4
cob=(3)
cfi=(172)
cfn=(1368)
calls=1 3352 
* 89 28 15 1 1
cfi=(27)
cfn=(144)
calls=3 +45 
* 15 6 0 1 0 0 1
+1 4
fe=(31)
509 1 1
-31 1
-1 1 0 1
+32 2
+19 10 5 1 2 0 0 1
cfi=(22)
cfn=(60)
calls=1 41 
* 61 13
* 2 0 1
+4 3 2 0 1
fi=(28)
56 1 1 1
cob=(3)
cfi=(172)
cfn=(650)
calls=1 3287 
* 299 57 49 4 2 0 1
fe=(31)
532 9 6 0 1 0 0 1
fi=(28)
56 3 3 3
cfi=(27)
cfn=(76)
calls=3 -21 
* 75 15 15
* 4
fe=(31)
534 8
+5 4 4
+1 8
-1 4
-1 4 0 4 0 0 1 0 0 1
+2 4 0 4
cfi=(29)
cfn=(128)
calls=4 199 
* 68 16 12 0 0 2 0 0 2
+3 4 4 0 2 0 0 1
-3 4 0 4 0 0 1 0 0 1
+1 4 0 4
+2 4
+1 1 0 1
+5 1
+1 1 1
-1 3 1
+1 2
-1 3
+1 3 3
-1 9 3
+1 42 0 0 2 0 0 1
+1 4
-1 4
+1 8 0 4
-1 8
+1 4
-1 4
+1 8 0 4
-1 24
+1 4
-1 4 0 0 2 0 0 1
+1 4 0 4
-1 12
+1 4 0 4
-1 8
+3 4 4
+1 4 4
-1 4 0 4
+1 8
+2 1
-1 3 1 1
cfi=(29)
cfn=(80)
calls=1 212 
* 27 9 8
* 4 0 4
+6 8 4 4
+1 8 0 4
-57 12 0 6 2 0 0 1
+66 2 0 2
+3 16 14 0 1
-46 12 0 3 1 0 0 1

fn=(2112) decompose_rpath
580 11 0 6 1 0 0 1
+11 1 1 0 0 1
-9 1 1
+9 2
+31 2 1 0 0 1 0 0 1
+7 1 0 1 1 0 0 1
cfi=(45)
cfn=(140)
calls=1 40 
* 149 36 18 0 1 0 0 1
* 1
+1 2
+8 4 1
-1 2
+3 2
-2 1 0 0 1 0 0 1
+2 2
-2 3 1
+2 134
-2 67
+2 134
-2 201 67
+6 1
fi=(28)
56 1 1 1
cob=(3)
cfi=(172)
cfn=(650)
calls=1 3287 
* 43 11 6
* 1
fe=(31)
646 2
+8 7 0 1 1 0 0 1
cfn=(134)
calls=1 468 
* 1781 439 143 19 9 1 1 0 1
fi=(28)
50 2 1 1
cob=(3)
cfi=(172)
cfn=(1368)
calls=1 3352 
* 89 28 15
fe=(31)
661 2 1
+7 1 0 1
+3 1
-1 1 0 1
+2 8 7

fn=(106) _dl_init_paths
706 11 0 7 1 0 0 1
+14 1
-14 2 0 1
+14 2 0 1 1 0 0 1
cfi=(38) ./elf/./elf/dl-hwcaps.c
cfn=(108) _dl_important_hwcaps
calls=1 175 
* 1847 337 256 59 4 10 59 4 10
fi=(28)
56 1
fe=(31)
720 1 0 1 0 0 1 0 0 1
fi=(28)
56 1 1 1
cfi=(27)
cfn=(76)
calls=1 -21 
* 25 5 5
fe=(31)
725 1 0 1
+2 2
+7 2
+1 2 1 0 1 0 0 1
-1 3
+5 3
fi=(28)
56 1 1 1
cfi=(27)
cfn=(76)
calls=1 -21 
* 25 5 5
fe=(31)
739 1 0 1 0 0 1 0 0 1
+2 4 2
+17 1
-10 1 0 1 1 0 0 1
+19 1 1
-11 1
-9 1 0 1
+9 1 0 1
+12 2
-10 1 0 1 0 0 1 0 0 1
+3 2 0 1
+9 1 0 0 1 0 0 1
-7 1
+4 1 0 1
+3 2 0 1
-3 1 1
-8 1 0 1
+3 1 0 1
+8 1 0 1
-3 1
+1 16 0 4
cfi=(44)
cfn=(132)
calls=4 125 
* 72 4 16 2 0 2 2 0 2
+2 18 6 0 1 0 0 1
-14 3
+10 3
+4 3 0 3
-12 3
-2 3 0 3
+2 3 0 3
+4 3 3 0 0 1 0 0 1
-3 3 0 3 0 0 1 0 0 1
+3 3 0 3 0 0 1 0 0 1
+1 3 0 0 1 0 0 1
-2 3 0 3
+5 6 3 0 0 1 0 0 1
+1 3 3
-4 3
+4 3
+15 1 1
+3 1
-15 1 0 1 1 0 0 1
+7 1 0 1
-1 1 0 1
+9 2
+2 4 1
+2 3 1 0 1 0 0 1
+36 5 2 0 1 0 0 1
+2 2 0 1
cfi=(22)
cfn=(60)
calls=1 41 
* 35 5 0 2 0 0 2
* 9
-19 1 1 0 1 0 0 1
-2 1 0 1
+2 2 0 0 1 0 0 1
+19 9 1 1 1 0 0 1
cfi=(29)
cfn=(80)
calls=1 212 
* 19 5 4 1 0 0 1
* 1
+5 4 1 0 1 0 0 1
-1 2
+2 1
+1 2
-2 4 1
+1 36
+1 72
-2 144 36
+5 1
fi=(28)
56 1 1 1
cfi=(27)
cfn=(76)
calls=1 -21 
* 25 5 5
fe=(31)
836 1 0 1
fi=(28)
56 1
fe=(31)
838 2 0 0 1 0 0 1
+6 6 1 1
cfn=(134)
calls=1 468 
* 1540 371 134 21 3 5 21 3 5
+3 3 2
+6 1 0 1
+4 8 7
-35 2 0 1 1 0 0 1
+5 2 0 1

fn=(216) open_path
1870 48 0 36 2 0 2 1 0 2
+1 6 6
-1 36 6 30 2 0 4 1 0 4
+1 6 0 6
+6 12
+5 96 12 0 2 2 0 1
-7 12 0 12 2 0 0 1
+7 6
-8 6 0 6
+8 12
+3 12 12 0 0 1
+9 36 6 6 2 0 1 1 0 1
-9 20 20
+9 60 10 10
+7 48 32 0 0 4
+1 16
-1 16 0 16 0 0 2 0 0 2
cfi=(29)
cfn=(128)
calls=16 199 
* 224 44 28 0 1 1 0 0 1
-12 16 0 16
+12 16
+59 80 0 16
-58 64 16 0 2 0 0 1
+3 320 160
+5 704 264 88 0 3
cfi=(29)
cfn=(128)
calls=88 199 
* 1176 232 144 0 1
* 352 176 88 2 0 0 1
cfi=(29)
cfn=(128)
calls=88 199 
* 1144 264 176 1
+3 176 0 88
+6 264 88
+3 528 264 88 2 0 0 1
cfn=(218) open_verify.constprop.0
calls=88 1568 
* 4980 842 797 17 7 6 4 0 6
* 88
+2 264 88
+2 60
+1 1 0 1
+23 1 0 1
+2 3 1
-50 1 0 1 1 0 0 1
fi=(28)
56 2 2 1
cob=(3)
cfi=(172)
cfn=(650)
calls=1 3287 
* 43 11 6
fe=(31)
1977 1 1
+1 2 1
-1 1 0 1
+1 1
+2 5 1 2
cfi=(29)
cfn=(80)
calls=1 212 
* 27 9 8
+1 2 1
+10 120 30 0 4 0 0 2
+7 30 15 15
-2 30 15 15
+2 30 15
+3 15 5
-13 5
+27 54 42
-65 232 0 58
+2 116
-50 852 87 0 3 0 0 1
+29 58 0 0 1 0 0 1
+1 203 87
+6 58 58 0 2 0 0 1
+2 29
-2 29 0 29
+2 58 29 29
cfi=(67) ./io/../sysdeps/unix/sysv/linux/stat64.c
cfn=(220) stat
calls=29 28 
* 460 29 27 2 0 0 1
* 29
+3 29
-3 58
+1 2 2 0 0 1 0 0 1
+2 4
-2 2
+2 70 2 31 2 0 0 1
-61 12 0 6 2 0 0 1

fn=(88) _dl_process_pt_gnu_property
868 8 0 0 2 0 0 1
+8 8 8
-8 8
+8 8
-6 8 8
+12 16
-13 8 8
+13 8
-13 8 8 0 2 0 0 1
+13 16
+3 24 8 0 0 7 0 0 7
+1 16 8 0 0 1 0 0 1
+1 16 8 0 1 0 0 1
+43 8 8

fn=(176) open_verify.constprop.1
1568 44 0 24 4 0 0 1
+39 12 4 0 4 0 0 1
+19 16 0 4 0 0 2 0 0 2
cfi=(55)
cfn=(178)
calls=4 28 
* 82 4 6 7 0 1 2
* 4
+2 8
+11 2 0 2
+6 4
-5 2 0 2 0 0 1 0 0 1
+5 16 2 4 2 0 0 1
cfi=(56)
cfn=(180)
calls=2 25 
* 12 2 0 2 0 0 1
+2 4
+2 4 2 2
+2 4
+6 4
+17 22 8 0 2 0 0 1
fi=(28)
50 4 2 2 2 0 0 1
cob=(3)
cfi=(172)
cfn=(1368)
calls=1 3352 
* 4 1 0 1 0 0 1
cfi=(27)
cfn=(144)
calls=1 +45 
* 5 2
fe=(31)
1856 36 28 0 2
1674 6 2 0 2 0 0 1
+74 4 2
+5 4 2
+2 8 2 0 2 0 0 1
+6 4 2
+6 2 2 0 0 1 0 0 1
+1 2 2
-1 6
+1 2
-1 2
+1 4
+1 4 2
+20 6 0 0 2 0 0 1
+31 2
-31 2
1633 2
1820 4
-31 132
+1 56 26 0 2 11 0 1 7
+1 16 4 0 0 2 0 0 1
+4 16 8
+25 24 8 0 2 4 0 1 2
+3 36 12 0 2 0 0 1
+3 4
-4 4
+4 8
+6 8 4 0 2 0 0 1
-36 12 4 0 2 0 0 1
1612 4 0 0 1 0 0 1
+62 3 1 0 1 0 0 1

fn=(184) _dl_map_object_from_fd
944 70 0 49 1 0 2 0 0 1
+10 7 7
-10 28 0 28 2 0 2 1 0 1
+10 7 0 7 0 0 2 0 0 1
cfi=(46)
cfn=(186)
calls=7 38 
* 49 14 0 1
* 7 0 7
+7 28 7 7 0 0 1 0 0 1
+85 28 7 7 2 0 0 1
+10 14 7
+7 49 35 7 2 0 0 1
cfi=(26)
cfn=(70)
calls=7 59 
* 13878 3040 2048 64 38 57 40 5 41
* 7
+1 14
+11 14 14
+5 7 7
-5 7 0 7 0 0 3 0 0 3
+1 14 7 7
+1 7 7
+2 7
-2 7 0 7 2 0 0 1
+2 14
+1 21 7
+1 12 0 6
+19 12 6
-2 6 0 6
+2 62 1 0 2 0 0 1
-2 1 0 1
+2 80 0 14 2 0 0 1
+10 28 7
+85 7 7 0 0 1
-58 7 7
-34 7 0 7 2 0 0 1
-1 7 0 7
+93 7 0 7
+6 7 7
-64 14 0 7
+9 7
+55 14
-55 7 0 7
-42 7
+97 14 0 7 2 0 0 1
1101 7
-5 14 0 7
+15 190
+20 2 1 1
+1 1
-22 222
+1 420 81 0 2 1 0 1 1
1213 14 14
1110 7
1213 14 0 7 0 0 2 0 0 2
1110 21 0 0 2 0 0 1
1218 21
+10 14
+1 7
-1 7
+1 7 0 7
-1 21
+1 21
-1 21
+1 21 0 21
-1 63
1076 14 7 7
1235 14 0 0 2 0 0 1
+10 28 14
+7 14 7
fi=(61) ./elf/./dl-map-segments.h
96 7 7 0 0 1
fe=(31)
1252 21 14 0 2 0 0 1
fi=(61)
28 7 7
fe=(31)
1252 7
fi=(61)
96 7
fe=(31)
1252 7 0 7
fi=(61)
28 14 7
+1 56 28 14 2 0 3 1 0 2
cfi=(60)
cfn=(194)
calls=7 +18 
* 63 7 0 1
+74 14 7
-1 7 0 7
-73 7
+74 7
+3 14 7 0 2 0 0 1
+1 7
+2 7 7
-3 7 0 7
+1 7 0 7
+2 7
+7 24 9 3 1
+3 12 0 3
cfi=(71)
cfn=(234)
calls=3 -2 
* 18 3 0 2 0 0 1
* 9 3
+7 7 0 7 1 0 0 1
+2 7
fi=(62) ./elf/./dl-load.h
-37 56
+1 21 14 7
+2 56 28 0 2 1 0 1 1
fi=(61)
+56 112 56
+8 7 7
-2 7 7
+1 7 7
+2 7
-1 7
+1 7
-1 21
+8 14 0 0 2 0 0 1
+3 14
+8 49 0 21
cfi=(44)
cfn=(132)
calls=7 -52 
* 1112 7 584 5 0 147 2 0 147
+1 14 14
+5 14
+12 28 0 0 2 0 0 1
-59 140
+2 42 42
+3 21 21
-3 42
+2 168 63 42 2 0 0 1
cfi=(60)
cfn=(194)
calls=21 -93 
* 189 21
* 63 21
fi=(57) ./elf/../sysdeps/posix/dl-fileid.h
37 21 7 7 2 0 0 1
cfi=(58)
cfn=(190)
calls=7 -8 
* 105 7 0 4 0 0 2
* 14
fe=(31)
999 14 7
fi=(57)
40 21 21 0 2 0 0 1
fe=(31)
999 7
fi=(57)
40 7 0 7
fe=(31)
999 133 42
+1 70 35
fi=(57)
49 112 56 0 1 9 0 0 1
fe=(31)
1515 63 49 0 1 0 0 1
1018 14 7 0 2 0 0 1
+66 13 0 0 2 0 0 2
+1 2 1
-1 1
+1 1
-1 1 0 1
+1 1 0 1 0 0 1 0 0 1
cfi=(72) ./io/../sysdeps/unix/sysv/linux/pread64_nocancel.c
cfn=(238) __pread64_nocancel
calls=1 25 
* 7 1
* 2
+26 86 0 0 2 0 0 1
+26 168 56
+10 28 28 0 2 0 0 1
-1 28
-1 28
+2 28
+2 28 28
-2 28
-1 168 0 28 0 0 9 0 0 7
+2 56
+1 28 0 28 2 0 3 1 0 3
+2 28 28
-3 28 0 28
+3 168
+2 56 28 28
+4 56
+1 105 42 21
+4 21
+1 21
-1 21
+1 147 21 21
-18 21
+28 21
-11 7 0 0 2 0 0 1
+1 7
-1 7
+1 49 7 7 0 0 2 0 0 2
-18 7
+28 7
-56 14 7 0 2 0 0 1
+7 7 7
+2 7 7
-2 7 0 7
+1 7 7
+1 7
-1 14 0 7
+1 56 7 7 2 0 0 1
+50 6 2
+5 2 2
-1 4
+5 2
-5 4 0 2 0 0 2 0 0 2
-56 2 2
+61 8 0 2 1 0 0 1
+1 2 2
+3 2 0 2 0 0 1 0 0 1
-3 2 0 2
+8 8 2
+15 14 7 7 2 0 0 1
+1 7
+58 28 14 0 4 0 0 2
+1 21 7 7
fi=(63) ./elf/./elf/get-dynamic-info.h
39 14
+6 7 7 0 0 7 0 0 7
-2 7
+2 14
+9 7
+5 7
+3 7 0 0 2 0 0 1
+2 7
-3 7
-3 7
-3 116
+13 34 0 34 0 0 12 0 0 12
-23 136 34 0 0 9 0 0 9
+23 142 0 142 0 0 17 0 0 17
-23 568 142 0 0 36 0 0 36
+4 352
+5 164 0 0 2 0 0 1
+2 35
+3 28 0 0 2 0 0 1
+13 28 7
+10 23 7 2 2 0 0 1
+1 28 7 7
+1 28 7 7
+1 28 7 7
+2 28 7 7
+5 27 7 6 2 1 0 1 1
+1 27 7 6 0 1 0 0 1
+1 28 7 7
+3 21 7
+5 12 6 0 1
+7 14 7 0 1 0 0 1
+1 21 14
+22 21 7 0 0 1 0 0 1
+5 4 2 2
+2 4
+2 4
+2 4
+4 21 7 0 2 0 0 1
+2 3 1 1
+1 2
+9 2 1 0 1 0 0 1
+6 2
+4 14 7 0 1
+2 2 0 2
fe=(31)
1275 4
+1 4
-1 10
+1 10
+2 14 0 0 2 0 0 1
+10 21 7
+19 21 7 7
+2 35 14 0 2 0 0 1
+52 21 7 0 0 3 0 0 3
+1 4 2 2
+6 56 7 7 2 0 0 1
+1 134
+6 28 7 7
cfn=(88)
calls=7 868 
* 140 56 0 2 7 0 0 7
-7 176 88 7
+1 81 81 0 0 67 0 0 67
+6 81 0 0 2 0 0 1
-6 162
fi=(30) ./elf/../sysdeps/x86/dl-prop.h
95 56 28
213 7 7
-1 14 14
105 14
212 7
105 7
-2 7
-3 7
+2 7 0 7 2 0 0 1
+3 7
-4 14 0 7
+92 28
-1 7
-87 21
+3 21 7 0 2 0 0 1
+1 14 7
+1 14 7
+4 21 7
+4 21 0 7
+3 21 7 0 2 0 0 1
+1 14
+4 7
+1 28 0 7
+58 21
+2 28
-56 18 9 0 2 0 0 1
+1 9 9
+3 18
+3 9
+1 36
+5 18 0 0 2 0 0 1
+2 18
+5 18
+14 9 9 0 0 5 0 0 5
-1 18
+2 4
-1 14 0 7
fe=(31)
1380 14 7 7 2 0 0 1
cfi=(64)
cfn=(204)
calls=7 25 
* 42 7 0 2 0 0 1
* 14
+13 14 7
+2 28 14 7
+2 14 7 0 2 0 0 1
+16 14 0 7
cfi=(8)
cfn=(14)
calls=7 25 
* 203 56 35 3 3 0 0 3
+4 14 7
+1 14 7
+17 14 7
+1 1 0 1
+3 1 1
+5 1 1
-5 1 0 1 1 0 0 1
+5 1
-5 6 6
+5 6 6
-5 6 0 6 1
+5 6
+10 14 7
+7 42 14
+10 14 7 0 2 0 0 1
+1 8 2
+5 4 0 2
cfi=(47)
cfn=(236)
calls=2 131 
* 20 6 4 2 0 0 2
+7 21 7 7
cfi=(26)
cfn=(82)
calls=7 31 
* 541 130 81 9 1 0 5
+3 28 14
+6 3 1 0 1
+7 2 1 1
+1 1 0 1
cfi=(46)
cfn=(152)
calls=1 116 
* 2 1
+1 1
+8 49 21 0 2 0 0 1
+1 21 7 7
cfi=(49) ./elf/./elf/dl-audit.c
cfn=(206) _dl_audit_objopen
calls=7 76 
* 35 14 0 2 0 0 1
* 7
fi=(62)
95 30 18 0 2 0 0 1
+2 6 6 0 2 0 0 1
-1 12 12
+1 6
-1 6
+1 6
-1 6
+1 6
-1 12
+3 24 0 6
fe=(31)
1506 33 14 0 4 0 0 2
fi=(30)
198 28 7
+2 7 7
+1 7 0 7
+2 7 0 7
-3 21 0 7
fe=(31)
1368 21 7 7
fi=(63)
62 28 0 0 2 0 0 1
+2 28
fe=(31)
1084 2 0 1 1 0 0 1
1494 3 1 1 2 0 0 1
cfi=(49)
cfn=(536) _dl_audit_activity_nsid
calls=1 40 
* 21 7 4 2
* 1
fi=(61)
187 32 0 4 2 0 0 1
cfi=(60)
cfn=(194)
calls=4 47 
* 36 4
+3 8
fe=(31)
1462 15 5 0 1 0 0 1
+2 4 4
-1 20 12
+1 4
-1 4
+1 4
-1 4 0 4
cfi=(32)
cfn=(90)
calls=4 108 
* 100 28 0 0 5 0 0 5
* 8
+2 5 1 1
1275 12 6 0 4 0 0 2
fi=(57)
49 15 5 0 2 0 0 1
fi=(30)
170 6 2 2 1 0 0 1
-39 4
fe=(31)

fn=(212) _dl_dst_count
238 56 0 28 2 0 0 1
+3 28
-3 56 0 56
+7 28 0 0 2 0 0 1
-7 56 0 56 0 0 1 0 0 1
+3 28 0 28
cfi=(42)
cfn=(118)
calls=28 23 
* 816 102 0 1 11 0 0 8
+3 56
+20 196 168

fn=(218)
1568 1012 0 552 2 0 1 1 0 1
+39 276 92
+19 368 0 92 0 0 2 0 0 2
cfi=(55)
cfn=(178)
calls=92 28 
* 2009 92 179 0 0 3 0 0 3
* 92
+2 184 0 0 2 0 0 1
+11 5 0 5
+6 10
-5 5 0 5
+5 40 5 10
cfi=(56)
cfn=(180)
calls=5 25 
* 30 5
+2 10 0 0 2 0 0 1
+2 10 5 5
+2 10
+6 10
+17 55 20 0 2 1 0 1
fi=(28)
50 10 5 5
cob=(3)
cfi=(172)
cfn=(1368)
calls=1 3352 
* 4 1
cfi=(27)
cfn=(144)
calls=4 +45 
* 20 8
fe=(31)
1856 828 644 0 2 0 0 1
1674 15 5
+74 10 5 0 2 0 0 1
+5 10 5
+2 20 5
+6 10 5 0 0 1 0 0 1
+6 5 5
+1 5 5
-1 15 0 0 2 0 0 1
+1 5
-1 5
+1 10
+1 8 4
+20 15
+31 5
-31 5
1633 5
1820 10 0 0 2 0 0 1
-31 288
+1 130 60 0 0 17 0 0 12
+1 40 10 0 2 1 0 1
+4 40 20
+6 4
+1 28 0 0 1 0 0 1
+10 12 0 8 1 0 1 1 0 1
cfi=(72)
cfn=(238)
calls=2 25 
* 14 2
* 16 6
+8 72 24 0 2 1 0 1 1
+15 4
+6 2 2
-3 2 2
+1 2 2
+1 2 2
+1 4
-3 2
+1 2
+1 2
+2 2 2
-3 6
-1 2
+4 4
-19 90 30 0 4 0 0 2
+3 10
-4 10
+4 20
+5 2
+1 20 8
-60 13 0 0 2 0 0 2
+1 3 0 0 1 0 0 1
-1 1
+1 3 0 2
cfi=(72)
cfn=(238)
calls=1 25 
* 7 1 0 1 0 0 1
* 3 1
+16 5 1
+7 24 8
1612 174 0 0 2 0 0 1
+62 9 3 0 2 0 0 2
1802 4 0 2
-30 2 0 1 1 0 0 1

fn=(138)
385 49 0 35 4 0 0 1
241 7 0 0 3 0 0 1
385 7 0 7
241 7
385 7
241 7 0 7 0 0 1
cfi=(42)
cfn=(118)
calls=7 23 
* 480 75 0 3 0 0 3
+3 14
410 7
-11 7
+11 42 42
-11 7
cfi=(45)
cfn=(140)
calls=7 40 
* 853 191 107 14 2 3 4 0 2

fn=(172) _dl_map_object
2022 350 0 280 3 0 8 1 0 6
+8 70
+1 140 35 0 3 1 0 1 1
+3 724 183
+5 1218 348 0 3 4 0 1
+2 522 0 174 0 0 2 0 0 1
cfi=(54)
cfn=(174)
calls=174 68 
* 16655 3716 713 57 57 5 21 3 2
* 348
+4 296 148
+1 444 148 0 0 15
+4 85 85 0 2 12 0 1
-1 425 255 0 0 7
+1 85
+1 85
-1 85
+1 85 0 85
cfi=(32)
cfn=(90)
calls=85 108 
* 2748 563 0 12 13
* 170
2329 297 231 0 1
2068 9 0 0 2 0 0 1
+1 9
-1 9 0 9
+1 9
-1 9 9
+1 9 0 9
-1 18 9 0 0 1
-44 9 0 9 3 0 0 1
+53 27 9 0 0 1
+17 18
-2 9 0 9 0 0 5 0 0 3
+2 9 0 9
cfi=(42)
cfn=(118)
calls=9 23 
* 216 27
* 18
2260 8
-1 12 0 4 3 0 0 1
cfn=(138)
calls=4 385 
* 954 201 95 18 2 3 3 0 1
+2 4
-3 4 0 4
+1 4
+2 8
+4 20 0 8
cfn=(176)
calls=4 1568 
* 676 138 46 44 18 4 19 11 3
+3 8 4
-3 4
+3 4 0 0 3 0 0 1
+12 8 2
+46 2 2
+1 6
-1 2 0 2
+1 18 6 10 2 0 0 1
cfn=(184)
calls=2 944 
* 14880 3319 2051 219 84 54 111 41 35
-1 5 5
+1 15
-1 5 0 5
+1 45 15 25
cfn=(184)
calls=5 944 
* 11242 2160 1691 16 113 212 13 112 209
* 21
2098 10 0 5 2 0 0 1
cfi=(22)
cfn=(60)
calls=5 41 
* 85 10
* 10 0 5
+2 10 5
+7 20 5
+50 3 1 0 1 1
+1 55 5 20 1 0 0 1
cfn=(216)
calls=5 1870 
* 11656 2552 1624 38 13 15 20 1 15
+6 5
-6 5
+6 20 5 0 2 0 0 1
682 5 5
2165 5
682 10
+3 2
2167 12 1 4 1
cfn=(216)
calls=1 1870 
* 1923 433 258 13 7 1 1 0 1
* 2
+4 2
+81 10 5 0 1 0 0 1
+28 20 5
+2 20 0 0 2 0 0 1
fi=(28)
50 4 4 2 1
cob=(3)
cfi=(172)
cfn=(1368)
calls=2 3352 
* 178 56 30
fe=(31)
2280 8 2
+4 6 2
2111 4 4 0 1 0 0 1
696 12 4 8
2111 4 0 4
+1 4 0 0 1 0 0 1
696 8
2116 12 4
682 4 4 0 1 0 0 1
2117 4
682 8
2316 4 2 0 1 0 0 1
2173 4 0 4 1 0 0 1
+14 8
+2 12 4
+4 8 0 4 1 0 0 1
cfi=(68) ./elf/./elf/dl-cache.c
cfn=(222) _dl_load_cache_lookup
calls=4 416 
* 5936 971 233 24 61 5 24 61 5
* 4
+2 8
+4 8
+8 12 4
+23 24 0 8 1 0 0 1
cfn=(218)
calls=4 1568 
* 1246 258 69 18 14 1 18 14 1
+4 8 4
-4 4
+4 4
+1 8 0 4
2131 20 8 0 1 0 0 1
+1 40 8 4 1 0 0 1
682 4 4
2133 4
682 8
2157 12 4 0 1 0 0 1
+1 8
688 3 1 0 1 0 0 1
+8 5 3 0 1 0 0 1
+1 1 1
-1 3 0 1
+1 1
-1 2 0 1
cfn=(2112)
calls=1 580 
* 2660 596 194 23 12 1 5 2 1
2165 3 1 0 1 0 0 1
2322 10 2 2 1 0 0 1
cob=(2)
cfi=(51)
cfn=(2386) 0x0000000004002070
calls=2 0 
* 1693 484 239 17 30 23 5 3 20
2142 8 0 0 1 0 0 1

fl=(73) ./malloc/./malloc/scratch_buffer_set_array_size.c
fn=(240) __libc_scratch_buffer_set_array_size
30 60 0 18 4 0 0 2
+4 6
+1 12
+11 6
-1 12 6
+18 24 24 0 2 0 0 1

fl=(66)
fn=(210) _dl_map_object_deps
159 10 0 2 2 0 0 1
+1 6
-1 2
+1 2
-1 4 0 4
+1 2
-1 6 0 2
+1 2
-1 8 0 6 2 0 1 1 0 1
+1 24 0 2 2 0 0 1
-8 2 2
-7 2
+15 2
-14 2
+6 2
+8 2 0 2
-15 2
+7 2
-8 2 0 2 2 0 1 1 0 1
+1 2
+7 2 0 2
-7 2 0 2
+31 5
-28 3 0 1
-2 1
+31 1 1
-33 2 0 1
+2 2 0 0 1 0 0 1
+30 2
-30 1
-1 4 0 1
+7 4 1 1
+24 2
-32 1
+60 1 1 0 1 0 0 1
-60 2 0 1
+36 1 0 1
fi=(74) ./elf/../include/scratch_buffer.h
77 3 0 2 0 0 1 0 0 1
fe=(66)
198 1 1
fi=(74)
78 1 0 1
fe=(66)
200 2 0 2 1 0 0 1
+98 1 0 1
198 1 0 1
+4 1
+7 1 0 1
+4 4 1 1 0 0 1 0 0 1
-33 1 0 1 1
fi=(74)
77 3 0 2
fe=(66)
198 1 1
fi=(74)
78 1 0 1
fe=(66)
200 2 0 2 1
+98 1 0 1
198 1 0 1
+4 1
+7 1 0 1
+4 4 1 1
-4 12 0 12
+4 48 12 12 0 6
+11 34 17 0 2 4 0 1
-18 3
+18 6 3
433 42 14
+2 6
+3 6 0 0 2 0 0 1
-3 12 0 6 0 0 1 0 0 1
+3 6
fi=(28)
56 6 6 6
cob=(3)
cfi=(172)
cfn=(650)
calls=1 3287 
* 43 11 6
cfi=(27)
cfn=(76)
calls=5 -21 
* 125 25 25
* 6
fe=(66)
439 12
+6 6 0 6 0 0 1 0 0 1
+1 30 6 6
cfi=(29)
cfn=(80)
calls=6 212 
* 74 20 14
+1 30 0 6
cfi=(29)
cfn=(80)
calls=6 212 
* 74 20 14 0 0 3 0 0 3
+4 6 0 6
-1 6 0 6
+5 56 28 0 2 0 0 1
204 36 24
458 36 12
-1 14 14 0 1
+1 28
199 6 2 2
+27 55 33 11 4 0 0 2
+5 11 11
+6 11 11
-5 11 0 11
-1 11 0 11
+2 22 11 11 2 0 0 1
+4 44 22 0 0 1
-31 11
+31 11 0 11
+1 33
+6 44 22 11 2 0 0 1
cfi=(31)
cfn=(212)
calls=11 -6 
* 510 105 66 4 9 1 2 6 1
* 68 34 17 1 1
cfi=(31)
cfn=(212)
calls=17 -6 
* 810 165 102 1 2 0 0 2
* 84
+4 56 0 0 2 0 0 1
-2 28 0 28
+2 56 0 28
cob=(2)
cfi=(51)
cfn=(165) 0x0000000004002050'2
calls=16 0 
* 23578 5177 2249 100 60 64 10 21 60
cob=(2)
cfi=(51)
cfn=(164)
calls=12 0 
* 35196 7331 3706 107 171 182 107 171 181
+1 56 28 0 2 0 0 1
+9 28 28
+2 56 28
+5 55 0 11 2 0 0 1
+6 11 11
+2 11 0 11
-8 22
+3 11 0 11
+1 11 0 11
+1 11 0 11
+1 11 0 11
+4 55 11 22 2 0 0 1
+4 84 28
+1 33 0 11
-43 1200 300 0 0 28
+1 578
+44 816 0 0 2 0 0 1
-38 56 0 0 2 0 0 1
fi=(74)
85 6 4 0 2 0 0 1
fe=(66)
464 12 4 0 2 0 0 1
+1 1 0 1
+3 8 2 2
+11 6 2 0 2 0 0 1
fi=(28)
56 2 2 2
cob=(3)
cfi=(172)
cfn=(650)
calls=1 3287 
* 275 56 43 2 4 0 1
cfi=(27)
cfn=(76)
calls=1 -21 
* 25 5 5
* 2
fe=(66)
481 4
+5 6 4
+1 2 0 2
-1 4 0 2
+4 4 0 0 2 0 0 1
-2 2 2
+2 2
-2 4
+13 12 0 12
+5 12 0 12
-16 36 12
-2 12
+6 12 12
+7 12
-2 24
-5 2 2
+7 2
-2 4 0 0 2 0 0 1
+2 4 0 2 0 0 2 0 0 1
+5 2 0 2
-16 12 2 2
+19 4 2
+52 6 2 0 2 0 0 1
+37 6 2 0 2 0 0 1
+15 2
-11 2 2
+11 2
-14 4
+20 2 2 0 2 0 0 1
-1 6
+1 6 2
-1 10 2 2 2 0 0 1
cfi=(12)
cfn=(246)
calls=2 290 
* 938 250 156 26 6 0 12
+5 2 0 2
+3 2 0 2
-1 2 0 2
+2 4
+7 6 2
+3 6 2
+3 16 14
214 72 32 0 4 5 0 2 1
+3 6
fi=(74)
-86 18 0 6
cfi=(73)
cfn=(240)
calls=6 30 
* 120 30 18 6 0 0 3
fe=(66)
+86 12
+4 18 6 6 2 0 0 1
613 4 0 2
cfi=(29)
cfn=(80)
calls=2 212 
* 38 10 8 0 0 1 0 0 1
* 2
-53 4 0 0 2 0 0 1
160 4 0 2 2 0 1 1 0 1
+16 3 0 1 1 0 0 1
-28 2 0 1 1 0 0 1
380 24 0 12 2 0 0 1

fn=(214)
61 84 0 28 1
+7 28 28
-4 56 56
+1 28 28
-1 224 56 28 2 0 0 1
cfi=(31)
cfn=(172)
calls=28 2022 
* 56322 11808 5223 203 231 242 115 192 237
* 28 0 28
+5 56 56

fl=(38)
fn=(108)
175 5 0 3 1 0 0 1
+1 1
-1 6 0 4 0 0 1 0 0 1
+1 1
-1 1 0 1
+1 1
-1 1 0 1
+1 1
-1 1 0 1 1 0 0 1
+1 2 0 2 0 0 2 0 0 2
cfi=(10)
cfn=(24)
calls=1 405 
* 21 4 1
* 1 1
+2 2 1 1
+1 3 1
+26 2
-26 1 0 1
+25 1 0 1
cfi=(39)
cfn=(110)
calls=1 29 
* 47 6 0 4 0 0 4
fi=(40) ./elf/./dl-hwcaps.h
54 1 0 1
fe=(38)
205 1 0 0 1 0 0 1
-1 1 0 1
fi=(40)
56 1 0 1
+32 1 0 1
+1 1 0 1
+1 1
fe=(38)
-35 2 0 1 1 0 0 1
cfi=(41)
cfn=(116)
calls=1 -4 
* 13 4 2 2 0 0 2
* 2
fi=(40)
-1 1
+2 2 1 1
-2 1 0 1
+34 2 1 1
+1 2 1 1
+1 1
fe=(38)
-32 2 2
-1 2
+1 2
+1 2
-1 2
-3 4 0 2
cfi=(41)
cfn=(116)
calls=2 -4 
* 114 21 12
* 2 0 1 1 0 0 1
cfi=(41)
cfn=(116)
calls=1 -4 
* 122 20 12 4 2 0 4 2
* 6
+48 5 0 3
fi=(28)
-47 1 1 1
cfi=(27)
cfn=(76)
calls=1 -21 
* 25 5 5
fe=(38)
+47 1 0 1
+2 2 0 0 1 0 0 1
+3 2 2
fi=(40)
-52 1 0 1
fe=(38)
+55 1
-3 1 0 1
fi=(40)
-54 2 1 1
+3 1
fe=(38)
+58 2 0 1 1 0 0 1
cfi=(41)
cfn=(122)
calls=1 -90 
* 12 4 2 2 0 0 2
* 2
fi=(40)
-61 1
+2 2 1 1
-2 1 0 1 1 0 0 1
+34 2 1 1
+1 2 1 1
+1 1
fe=(38)
+40 4 2
+1 2 2
-1 6 2 2
+2 2
+1 2
-2 6 0 2
-3 4 0 2
cfi=(41)
cfn=(116)
calls=2 -77 
* 114 21 12
* 2 0 1 1 0 0 1
cfi=(41)
cfn=(116)
calls=1 -77 
* 122 20 12
* 6
+8 2 1
+9 1 1
-15 1 1
+15 2 0 2
-15 1 0 1 1 0 0 1
+15 8 2
+9 2 2
+4 7 2 1 1 0 0 1
cfi=(43)
cfn=(124)
calls=1 22 
* 41 5 0 5 0 0 5
+1 2
+1 1
+4 1 1
+1 2 1
+1 1 0 1
-20 2
+19 1 0 1
+1 1 0 1
-20 2
-1 4 2 1 1 0 0 1
+70 1 1
+1 1 1
+4 1
-5 2 0 1
+1 4 1
+4 2 1
-4 1 0 1 1 0 0 1
+4 4 2
+1 1
-1 1
+1 2
+1 2
-2 5
+1 1
-1 1
+1 2
+1 2
-2 5
+5 1
+3 2 0 1 1 0 0 1
-3 2 0 1
+3 15 0 1 1 0 0 1
+7 1
-7 2 0 1
+2 3 1
+1 4 2 2 1 0 1 1 0 1
+2 1
fi=(382) ./elf/../sysdeps/x86/dl-hwcap.h
57 1
fe=(38)
233 2 0 1
fi=(382)
57 1
fe=(38)
233 2 0 1
fi=(382)
57 1
fe=(38)
233 1 0 1 0 0 1 0 0 1
+1 1 0 1
cfi=(22)
cfn=(60)
calls=1 41 
* 17 2 0 0 1 0 0 1
+1 1
+1 1 1
-6 1
+4 1 0 1
+1 1
-5 1 1
+5 1
+1 1
-1 2
-5 4 0 0 1 0 0 1
+10 3
-2 3 1
+2 1 0 1
+1 1 1 0 1 0 0 1
+1 1
-1 1 0 1
+4 4 1
+1 1 0 1
-1 1 0 1
+4 2 1
+4 1 1
-1 1 1
+1 4 2 1 1 0 0 1
-1 2
+4 3 3
+1 3 1
+19 10 3 3 1 0 1 1 0 1
+6 2
fi=(28)
56 1 1 1 1 0 0 1
cfi=(27)
cfn=(76)
calls=1 -21 
* 25 5 5
* 1 0 1
fe=(38)
283 2
+8 1 1
fi=(40)
54 1 1
+2 1 0 1
+34 1
-2 2 1 1
fe=(38)
-5 1
291 1
fi=(40)
54 1 0 1 1 0 0 1
+35 1 0 1
fe=(38)
291 1
fi=(40)
90 1
fe=(38)
-10 2 0 1 1 0 0 1
cfi=(41)
cfn=(116)
calls=1 -29 
* 13 4 2
* 2
fi=(40)
-26 2 1
+2 1 0 1
fe=(38)
+27 1
fi=(40)
-29 1 0 1
+34 2 1 1 1 0 0 1
+1 2 1 1
+1 1
fe=(38)
-8 2 0 2 0 0 1 0 0 1
+1 4 2
+7 2
-7 10 2 8 0 0 1 0 0 1
cfi=(29)
cfn=(128)
calls=2 199 
* 26 6 4 1 0 0 1
+4 2 0 2
+2 2 2
+2 2
-2 4 0 2
-9 4 0 2
cfi=(41)
cfn=(116)
calls=2 -29 
* 114 21 12
* 2 0 1 1 0 0 1
cfi=(41)
cfn=(116)
calls=1 -29 
* 122 20 12
* 6
304 1 1
+2 1 0 1
-2 1
-48 2 2
+72 1 0 1 1 0 0 1
-72 1
376 2 1
+13 2
-58 1 1
+45 1 0 1
+13 1 0 1
-58 1
-75 1 1
+82 1 1
+10 2 0 1 1 0 0 1
-92 1 0 1
+88 1 1
+4 3 1
-4 1 0 1
+3 7 2 2
-3 2 2 0 1 0 0 1
-3 1
+3 1 0 1
cfi=(29)
cfn=(128)
calls=1 199 
* 18 3 2 0 1 1 0 1 1
* 2 2
-3 1
+3 1 0 1
cfi=(29)
cfn=(128)
calls=1 199 
* 18 3 2
* 2 2
+3 2 2
-3 4 0 2
+3 5
+1 12 0 0 1 0 0 1
+1 2 2
-2 1
+2 1 0 1
cfi=(29)
cfn=(128)
calls=1 199 
* 15 3 2
* 2 0 1
-2 2
+5 8 4 2
cfi=(29)
cfn=(128)
calls=2 199 
* 30 6 4
* 4 0 2
+2 5 1 0 1 0 0 1
+5 6 1
+1 1 0 1
-1 3
+1 7 0 7 0 0 1 0 0 1
-1 25 2 0 1 0 0 1
+5 11 1
+4 1
-1 1
+1 2
-4 12
+4 2
-1 2
+1 13
-1 9
+1 18
+1 24 24 0 1 0 0 1
-1 12
-1 12
+2 24 0 12
-1 24
-1 24
+4 9
+3 1 1
+2 2 1
-1 1 0 0 1 0 0 1
-1 1
+2 1
-2 1
+2 2
-1 1
+1 2
+2 6
+1 2 2
+3 2 0 1
-6 2
+6 3 0 0 1 0 0 1
+7 8 3
+1 1
-1 2 0 1
+3 2
-3 3 3
+1 3
-1 6 0 3
+3 6
+3 4 2
-80 2 1 1
+86 9 8
-20 1 1 0 1 0 0 1
+1 2 0 1
-6 3
259 2 0 0 1 0 0 1
+1 2
+1 4 2 0 1 0 0 1
-1 3 1
+12 4 1
-44 2 0 1 1 0 0 1
+34 4 1 1 1 0 0 1
-2 3 0 0 2 0 0 2

fl=(239)
fn=(2096)
772 3 0 2 1 0 0 1
+7 1
-7 4 0 2
+3 1 0 1
+4 2 1 1 1 0 0 1
cob=(3)
cfi=(240)
cfn=(2094)
calls=1 77 
* 43 11 5 0 1 0 0 1
+3 5 0 1
cob=(2)
cfi=(51)
cfn=(165)
calls=1 0 
* 738152 186213 68658 599 5579 585 118 2026 455
+2 1 0 0 1
-2 1
+2 1 1 1
cob=(3)
cfi=(241)
cfn=(2110)
calls=1 367 
* 34 7 4 0 2
+2 2 1
+5 2 1
+28 6 5 0 1 2
-25 1 1 0 1 1 0 1
+1 1 1
+13 2
-7 1 1
+4 1 1
+3 1
-7 2 0 2
+4 1 0 1
+3 1 0 1
cob=(2)
cfi=(51)
cfn=(165)
calls=1 0 
* 58323 14281 6158 1037 879 209 589 164 86
+4 2 0 0 1
+4 2 1 0 1 0 0 1

fn=(2097)
772 15 0 10 2
+7 5
-7 20 0 10 0 0 1 0 0 1
+3 5 0 5
+4 10 5 5 1
cob=(3)
cfi=(240)
cfn=(2094)
calls=5 77 
* 215 55 25 0 1
+3 25 0 5
cob=(2)
cfi=(51)
cfn=(165)
calls=5 0 
* 7022 1828 725 77 92 44 11 4 31
+2 5
-2 5
+2 5 5 5 0 1
cob=(3)
cfi=(241)
cfn=(2110)
calls=5 367 
* 170 35 20
+2 10 5
+5 6 3
+28 18 15 0 1
-31 8 0 2 2 0 0 1
cob=(2)
cfi=(51)
cfn=(2346)
calls=2 0 
* 86 38 10

fn=(2138)
483 1 0 0 1
+2 5 4
cfi=(162)
cfn=(544)
calls=1 77 
* 58286 14266 6149 1034 877 209 589 164 86

fn=(2092)
824 12 1 7 2 0 0 2
+1 3
+5 6 1 1 0 1
cob=(3)
cfi=(240)
cfn=(2094)
calls=1 77 
* 43 11 5 7 2 0 7
+2 2
+26 3 0 0 1 0 0 1
+21 1 1
-8 1 0 1
+12 4
-10 1 0 1
+6 1 0 1
-7 1 0 1
+2 1 0 1
+1 1 0 1 1 0 0 1
+3 1 0 1
+5 1 0 1
cob=(2)
cfi=(51)
cfn=(164)
calls=1 0 
* 796672 200546 74861 1644 6465 796 711 2191 541
* 1 0 0 1
+4 1 0 1
cfi=(68)
cfn=(538) _dl_unload_cache
calls=1 537 
* 7 2 1
+12 3 1 0 0 1
+2 5 1 1
+3 2 1 0 1
+25 1 0 1
cfi=(46)
cfn=(186)
calls=1 38 
* 7 2
* 3 1
+3 2 1 1
cob=(3)
cfi=(241)
cfn=(2110)
calls=1 367 
* 34 7 4
+2 1 1
+1 8 7 0 0 1

fn=(2093)
824 60 5 35 2 0 2 0 0 1
+1 15
+5 30 5 5 0 1 1 0 0 1
cob=(3)
cfi=(240)
cfn=(2094)
calls=5 77 
* 150 35 10 2
+2 10
+26 15 0 0 1
+21 5 5
-8 5 0 5
+12 20
-10 5 0 5 0 0 1 0 0 1
+6 5 0 5
-7 5 0 5
+2 5 0 5
+1 5 0 5 1
+3 5 0 5
+5 5 0 5
cob=(2)
cfi=(51)
cfn=(165)
calls=5 0 
* 8014 2089 938 83 94 50 12 4 35
* 5
+4 5 0 5
cfi=(68)
cfn=(538)
calls=5 537 
* 35 10 5 1 1 1
+12 15 5
+2 25 5 5
+3 10 5 0 1 0 0 1
+25 3 0 3
cfi=(46)
cfn=(186)
calls=3 38 
* 21 6
* 9 3
+3 6 3 3
cob=(3)
cfi=(241)
cfn=(2110)
calls=3 367 
* 66 15 3
+2 3 3
+1 24 21
-27 4 2 0 1 0 0 1
+5 6 2
+10 4 2 2
cob=(3)
cfi=(241)
cfn=(2110)
calls=2 367 
* 44 10 2
+3 8 0 2 1 0 0 1
cob=(2)
cfi=(51)
cfn=(2346)
calls=2 0 
* 86 38 10

fn=(2098)
490 12 0 6 2 0 0 1
+10 6
-10 42 0 30 0 0 2 0 0 1
+2 6 6
+1 6 6
+7 12 0 6 0 0 1
cfi=(42)
cfn=(118)
calls=6 23 
* 342 54 0 13 1 0 2 1
+1 12
+9 6 6
-2 6 6 0 0 2
+2 6 0 6 2 0 0 1
cfn=(2100) _dl_find_dso_for_object
calls=6 214 
* 466 186 24 5 16 4 3 0 1
* 6
-2 12
+7 18 6
+1 6 3 3
+6 6
+8 3
-8 9 3
+4 3 3
-4 3 0 3
+8 3 0 0 1 0 0 1
-4 3 0 3
+4 3 0 3
cfi=(46)
cfn=(146)
calls=3 56 
* 48 12 0 3 1
-8 6
+8 3
-8 9 3
+4 3 3
-4 3 0 3
+8 3 0 0 1
-4 3 0 3
+4 3 0 3
cfi=(46)
cfn=(146)
calls=3 56 
* 48 12 0 3 1
+4 48 6 6
cfi=(31)
cfn=(172)
calls=6 2022 
* 20089 4706 2474 248 200 65 55 22 34
* 8 0 4
+5 8
+6 8 0 0 3 0 0 1
+5 12 4
+3 4 4
-3 8 0 4
+3 4
+35 2
+4 6 0 0 1 0 0 1
+4 1
-4 1 0 1
cfi=(66)
cfn=(210)
calls=1 159 
* 27626 5980 2689 158 108 65 13 25 60
+4 6 4
+1 35 21 0 0 2
-1 15
+19 3 1 1 1 0 0 1
cfi=(49)
cfn=(536)
calls=1 40 
* 21 7 4 0 1
+4 2 1 1 0 1
cfi=(46)
cfn=(186)
calls=1 38 
* 7 2
+1 1 0 1
-1 2 0 1 0 0 1
+2 1 0 1
cfi=(46)
cfn=(152)
calls=1 116 
* 2 1
+1 1
fi=(30)
36 1 1
+1 3
+3 1 1
+13 1 1 0 1 1 0 1
-4 9
-9 6 6
+9 12 6
-9 1 1
+9 10 3
+4 10 2
-16 21 0 0 1 0 0 1
+43 2 0 1
cfi=(77) ./elf/../sysdeps/x86/dl-cet.c
cfn=(2118) _dl_cet_open_check
calls=1 239 
* 16 3 0 3 1 0 2
fe=(239)
627 2 1
+6 1
-1 1 1 0 0 1
+1 2 0 1
-1 2
+10 1 1 0 1 0 0 1
-1 1
-1 1
-1 1
+3 2 1
+3 2 1
+4 1
-4 14 7
+4 6
-4 12 6
+2 2
+2 2
-2 2
+4 4 2
+2 4
-2 10 5
+2 10
+12 5 0 0 1 0 0 1
-10 5
+12 3 2 0 0 2
+2 3 2
-2 1 1
+2 3 2 0 1 0 0 1
+3 4
+3 1
+5 1 1 0 0 1
+9 1 1
-9 2 1 0 0 1
+9 1 1 0 0 1
-9 1
+22 8 2 2 0 1
cfi=(78)
cfn=(272)
calls=2 194 
* 679680 172139 63217 158 5186 462 15 1964 385
-37 6
260 25 1 0 1 0 0 1
+2 21 14
+4 28 7
735 2 0 1 1 0 0 1
cfi=(147) ./elf/./elf/dl-find_object.c
cfn=(2132) _dl_find_object_update
calls=1 +50 
* 797 174 105 29 38 5 16
* 2
+12 2
+6 2
+1 1
+6 2 1 0 0 1
+7 1 0 1
+1 32 28 0 0 2
600 4
-4 2
+4 2 0 2
cfi=(75)
cfn=(256)
calls=2 155 
* 14444 4337 625 24 98 13 0 18
-4 6 2
-95 18 6 0 1 0 0 1
+1 12 0 3
cfi=(42)
cfn=(118)
calls=3 23 
* 72 9
* 9
365 2 0 0 1 0 0 1
-1 1
+1 23
+2 21 14 0 1 0 0 1
+4 18 9 0 0 1
715 2 0 0 1 0 0 1
452 2 1
+5 1
-5 5 1 0 0 1
+2 18 9
+2 2 1
+7 2 0 1
-10 1 1
-1 2
+1 8 8 0 1 0 0 1
-1 16
325 4 1
+27 14 7
-27 28 7
+2 14 7 0 1 0 0 1
+1 7
-1 7 7
+3 28 7
556 6 3 0 2 0 0 2
+7 6
+26 2 0 1 1 0 0 1
-21 6 0 0 1
+13 6 3 3
cfi=(46)
cfn=(186)
calls=3 38 
* 21 6 0 1
* 9 3 0 2 0 0 1

fn=(2100)
214 63 0 28 2 0 4 1 0 1
+4 21 7
+1 28 7
+1 220 110 0 2 15 0 1
+1 14 7 0 0 1
-2 144 48 0 0 4
+5 14 7 0 4 1 0 1
+4 49 35

fl=(25) ./elf/./elf/dl-environ.c
fn=(68) _dl_next_ld_env_entry
28 3 0 0 1 0 0 1
+1 3 3
+3 107 100
+13 97
-13 194
+2 198 99
+1 12 6 0 1 0 0 1
+5 2
-3 2
+3 2 0 2
+2 2 2
+7 1 1

fl=(147)
fn=(486) _dl_find_object_init
561 4 0 2 1 0 0 1
+3 1 1 0 1 1 0 1
+2 2 1
+13 1 0 1
cfn=(490) _dlfo_process_initial
calls=1 474 
* 127 32 2 4 4 0 4
+1 1 1
-1 1
+1 1
fi=(28)
56 1 1 1
cfi=(27)
cfn=(76)
calls=1 -21 
* 25 5 5 0 1 1
fe=(147)
580 1 0 1
fi=(28)
56 1
fe=(147)
582 2 0 0 1 0 0 1
+3 2 0 0 1 0 0 1
+5 1 0 1
+1 1 0 1
cfn=(490)
calls=1 474 
* 519 132 32 0 61 4 0 8 4
+3 3 1
+10 4 3
-37 2 0 1 1 0 0 1
cfi=(148) ./elf/./dl-find_object.h
cfn=(488) _dl_find_object_from_map
calls=1 95 
* 68 18 4 3 11 1 3
* 1
+29 2 0 1 1 0 0 1
cfn=(492) _dlfo_sort_mappings
calls=1 -60 
* 248 46 20 2 0 0 2
+3 6 3 1
+2 1

fn=(2132)
785 8 0 6 1 0 0 1
fi=(28)
56 1 1 0 0 1
fe=(147)
788 4
-1 2
+3 6 4 0 1 0 0 1
-2 2 2
+2 6
-2 4
+3 1
fi=(28)
56 1 0 1
cob=(3)
cfi=(172)
cfn=(650)
calls=1 3287 
* 43 11 6 0 7
* 1
fe=(147)
792 3
+5 8 4 0 1 0 0 1
+1 2 0 2
-2 2 2
+2 2
-2 5
+4 2
610 2
+2 4 0 0 1 0 0 1
+4 2 1
+1 1
-1 1 1
+1 4
+1 4 2
-1 3 0 0 1 0 0 1
+8 2 1
+1 1 0 1
-14 1
+15 1 0 1
-15 2
fi=(248) ./elf/../include/atomic_wide_counter.h
30 1 1 0 0 1
fe=(147)
656 1
136 1
654 1
+2 2 1
-2 1
137 3 0 0 1 0 0 1
639 3 1 0 1 0 0 1
+59 1
-54 1 0 1
+53 2
+9 6
+24 4 0 0 1 0 0 1
+1 4
+10 4
-1 2
+3 4 0 0 1 0 0 1
+2 4 2
-1 4
+14 2 0 2
cfi=(148)
cfn=(488)
calls=2 95 
* 116 32 8 3 17 1
+1 2 2
+1 2
-1 2 0 2
+7 2
-2 2
-61 6 0 0 1 0 0 1
+22 10
+82 9 7 0 1 0 0 1
-37 2 0 0 1 0 0 1
+3 2
+3 3 1
+4 1
fi=(248)
57 3 1 1
fi=(28)
-7 2 1 1
cob=(3)
cfi=(172)
cfn=(1368)
calls=1 3352 
* 89 28 15 6 2
fe=(147)
806 1
203 2 0 1 1 0 0 1
+1 1
+12 2 0 1 1 0 0 1
-2 1
fi=(28)
56 3 1 2
cob=(3)
cfi=(172)
cfn=(650)
calls=1 3287 
* 320 63 50 4 10 3
* 3
fe=(147)
218 2
+6 1 1
+1 1
+11 1 1
-11 1 0 0 1 0 0 1
+11 1 1
-12 1
+6 1 0 1 0 0 1
-6 1
+4 1 0 1
+5 1
+1 1
+1 1
+1 1
-3 1 0 1
+3 1
682 2 0 1
-22 1 0 0 1 0 0 1
150 2
+51 2
660 2 1
150 3

fn=(490)
474 2 0 2
+3 2
-3 2
+1 2 2
+3 4 2
+26 14 2 0 1 1 0 1
+1 6 2
+1 14 14
-1 28
+3 52 12 0 1 1 0 1
+3 48 12 0 0 1
-7 10 2 0 1 0 0 1
+25 2 0 2
+2 8 4
-18 36 12 0 1 1 0 1
+3 12
-1 12 0 6
cfi=(148)
cfn=(488)
calls=6 95 
* 368 100 24 0 61 4 0 8 4
+2 24

fn=(492)
536 1 0 0 1 0 0 1
+1 2
+3 4
+4 1
+1 1
-1 1 1
+1 2
-1 4
+1 4
-1 4 4
+1 18
+1 85 15 0 1 0 0 1
-1 45
+8 15 5
+1 10 5
-1 5 5
-13 10 5
+14 15 5 10
+1 10 0 10
-15 10
+17 1 1

fl=(19) ./elf/../sysdeps/x86/dl-cacheinfo.h
fn=(46) handle_intel.constprop.0
255 24 12 0 1 0 0 1
-5 24 0 24
+16 12
-16 72 0 48
+13 12 0 12
+1 36 0 12 1 0 0 1
-3 24 0 12 0 0 1 0 0 1
+11 60 0 12
+5 24
+2 12
+1 12
-1 12 0 12
+5 48 0 12 1 0 0 1
cfn=(48) intel_check_word.constprop.0
calls=12 123 
* 3876 396 36 5 6 0 5 6
+2 24
+3 60 0 12
cfn=(48)
calls=12 123 
* 1156 72 36 7 0 0 7
+2 24
+3 5 0 1
cfn=(48)
calls=1 123 
* 20 4 3
+2 2
+3 5 1 1
cfn=(48)
calls=1 123 
* 255 27 3 0 2 0 0 2
+2 2
-35 3 1
+39 3
+5 96 84 0 1 0 0 1

fn=(48)
123 78 0 0 1 0 0 1
-4 78 0 52
+10 104
-10 26 0 26
+10 52
+2 52 0 0 1 0 0 1
+71 200 50
-71 102
+2 63 0 0 1 0 0 1
+2 126
+8 126
+51 102
+22 51
fi=(20) ./elf/../bits/stdlib-bsearch.h
28 51
-1 102
+4 102 0 0 1 0 0 1
+1 51
fe=(19)
+78 102 51 0 0 1 0 0 1
fi=(20)
-79 76
+1 38
fe=(19)
+78 76 38 0 0 2 0 0 2
+3 345
fi=(20)
-84 820
+2 512
+1 256
fe=(19)
+78 512 256 0 0 5 0 0 5
+15 15
246 104 104
fi=(20)
37 63 0 0 1 0 0 1
-8 151
fe=(19)
155 36
+3 36
-6 54 0 0 1 0 0 1
+3 14
+9 14
+23 19
-32 57
+3 57
+4 50
+2 100
+2 50
+2 36
+4 11 0 0 1 0 0 1
+2 22
+6 14
+3 8
+1 12
-8 4 0 0 1 0 0 1
+2 4
-1 4
-1 4
+2 8 0 0 1 0 0 1
-2 4
+3 12
-2 12
+2 8
-10 24
+1 10
+11 12 0 0 1 0 0 1
-26 4 0 0 1 0 0 1
+9 4
+23 2
-32 6
+3 6
+4 8
+2 16
+2 8
-11 3 0 0 1 0 0 1
+7 6
+2 12

fn=(52) get_common_cache_info.constprop.0
481 1 0 1 1 0 0 1
+17 1 1
-17 4 0 1
+16 1 1
-16 1 0 1
+15 1 1
-15 3 0 3
+18 1 1
-1 1 0 1
+9 2 1 1
+3 3 0 1 1 0 0 1
+11 1
-11 1 0 1
-5 1 0 1
+21 3 1
+4 2
681 4 0 0 1 0 0 1
+1 5
+4 2 1
+9 2 2
-2 1 0 1
+2 2 2
-1 1 0 1
+1 3 3
535 6 1 1 1 0 0 1
+3 8 0 0 1 0 0 1
+7 2
-7 9
+7 6
+3 26
+14 2
+4 1
+3 1
+1 1
-4 2
+3 3 0 1
+6 2
-37 6 0 0 1 0 0 1
+15 2 0 0 1 0 0 1
+4 1
+1 1
-1 2
+18 2
-68 6 2 1 1 0 0 1
+74 4
+8 7 1
+2 2
+4 3 0 0 1 0 0 1
+2 1
+2 5 1
-4 1
+16 1
-16 3
+21 2
-21 4
+3 1
+1 4
-4 1
+6 4 0 0 1 0 0 1
+3 2
+5 1
+2 2
+1 1
+1 1 0 0 1 0 0 1
-2 2
+1 1
-19 5
+46 2
+1 1
+1 2
+2 2 1
-1 3
-23 2 0 0 1 0 0 1
+7 1
+2 2
-16 1
+22 1
-6 2
+1 1
+5 1 0 0 1 0 0 1

fl=(59)
fn=(192)
153 74 0 0 2 0 0 1
-55 74
+70 84
+1 10 10
-2 54 0 27
+1 54 27

fl=(60)
fn=(194)
47 72 0 0 2 0 0 1
+3 72
+8 144
+2 36 36

fl=(279)
fn=(2340) _dl_exception_create_format
107 57 0 33 2 0 0 2
+1 6
+2 9 0 3
cfi=(22)
cfn=(60)
calls=3 -69 
* 207 51 0 6 3
* 9 0 3 1 0 0 1
+3 3
+3 15 0 9
+1 9 3 0 0 3 0 0 1
+7 9 3 0 1 0 0 1
+24 108
-31 216 54 0 0 3 0 0 1
+3 63
-2 126
+3 72 9 0 1 0 0 1
+3 81 18 18
cfi=(22)
cfn=(60)
calls=9 -83 
* 189 24 0 0 3
-7 9
+7 9
-7 30 9
+35 6 0 0 1 0 0 1
fi=(28)
-96 6 3 3
cob=(3)
cfi=(172)
cfn=(650)
calls=3 3287 
* 438 92 73 2 4 1
* 3
fe=(279)
158 6
+5 6 3 3
-91 3 3
+1 18 6
174 3 0 3 1 0 0 1
-3 6 0 3
+3 12 0 6
+2 15 3
+54 108
+2 54 0 54 0 0 2
+1 108
-57 252 63
+1 126 0 0 1 0 0 1
+3 9 9
-1 9
+1 18
+56 6 0 0 1 0 0 1
+3 3
+1 6 3
-2 3 0 3 1 0 0 1
+2 9
+2 9 0 3
cfi=(29)
cfn=(80)
calls=3 -30 
* 81 27 24 4
* 6 3 3
+3 24 21
-61 72 27 9 2 0 0 1
+1 18 0 9
cfi=(22)
cfn=(60)
calls=9 41 
* 189 24
* 9
+1 36 0 0 3 0 0 1
+2 27 0 9
cfi=(29)
cfn=(128)
calls=9 +11 
* 125 17 8 6
* 9
+2 9

fn=(2362)
39 5 0 0 1 0 0 1
+1 15
fi=(28)
+10 5 5 0 1 0 0 1
cob=(3)
cfi=(172)
cfn=(1368)
calls=5 3352 
* 445 140 75 2 3
fe=(279)

fn=(2394) _dl_exception_create
84 32 0 14 1 0 0 1
+1 4
+2 6 0 2
cfi=(22)
cfn=(60)
calls=2 -46 
* 122 26
* 2
+1 4 0 2
cfi=(22)
cfn=(60)
calls=2 -47 
* 70 10 0 0 3 0 0 2
* 2
+1 2
fi=(28)
-33 2 2 2 1 0 0 1
cob=(3)
cfi=(172)
cfn=(650)
calls=2 3287 
* 237 52 37 2 1
* 2
fe=(279)
+34 4
+3 8 0 2
cfi=(29)
cfn=(128)
calls=2 199 
* 26 6 4 0 0 1
* 8 0 2
cfi=(29)
cfn=(80)
calls=2 212 
* 54 18 16
* 4
-21 2 2
+21 4 0 2 1 0 0 1
-20 10 2
+5 2 0 2
+23 16 14

fl=(68)
fn=(538)
537 7 0 0 2 0 0 1
+1 28 7 0 0 2
+7 12 6 6 0 0 1
-8 1
+3 2 1 1 0 1
cfi=(71)
cfn=(540)
calls=1 117 
* 6 1 0 1 0 0 1
+1 1 0 1 1 0 0 1
+4 1 0 1
+2 2 1

fn=(222)
416 40 0 24 1 0 0 1
+2 8 4
+3 12 4 0 1 0 0 1
+69 9 3
+5 3 3
208 3 3
495 7 1
208 1 1
495 2
+3 12 4 4 0 0 1 0 0 1
fi=(70) ./elf/../sysdeps/x86/dl-procinfo.h
39 8 0 0 1 0 0 1
+3 12 0 8
cfi=(32)
cfn=(90)
calls=4 +66 
* 100 28
* 16 0 4
fe=(68)
212 24 0 8 1 0 0 1
cfi=(10)
cfn=(24)
calls=4 405 
* 84 16 4
* 4 4
+16 8 0 4
-16 4 0 4 1 0 0 1
+6 8 4 4
+10 4
-7 20
+9 12 4
+1 4
-37 8
+37 4 4 0 0 1 0 0 1
+4 8 4
-5 84 28
+1 28
-37 56
+37 28 28 0 0 25 0 0 25
+4 56 28
+4 96 0 32 1 0 0 1
cfn=(230) _dl_cache_libcmp
calls=32 370 
* 2572 380 0 4 27 0 4 27
+1 64
359 28
+3 30 0 15
228 30
360 13
228 38 13 4 1 0 0 1
+2 20 4
+20 16 8 0 0 1 0 0 1
+3 16
+2 32 0 8
cfn=(230)
calls=8 370 
* 1048 152 0 0 2 0 0 2
* 16
+2 4
-9 16 0 0 1 0 0 1
-30 8 8
+1 4
+95 4 0 4
-95 4
-1 32 4 12 1 0 0 1
+96 12 4
+41 16 4
-88 16
+4 3 1
+1 3 1 1
cfn=(230)
calls=1 +98 
* 146 21
* 2
+5 16 8 0 1 0 0 1
+1 12 4
fi=(69) ./elf/../sysdeps/generic/dl-cache.h
125 20 4 0 1 1 0 1 1
fe=(68)
294 8
+9 8 4
+3 8 4
+2 12 4
+1 8 4
+5 8 0 0 1 0 0 1
+1 16 4
+7 8
+21 16 4 4
513 8 4
+12 8 4 4 1 0 0 1
cfi=(22)
cfn=(60)
calls=4 41 
* 140 20 0 0 3 0 0 3
* 48 0 0 1 0 0 1
+1 4 4
-1 4
+1 4
-1 4
+1 4 0 4
cfi=(29)
cfn=(80)
calls=4 212 
* 60 16 12
* 4
+1 4 0 4
cfi=(45)
cfn=(140)
calls=4 40 
* 372 68 48 0 0 3 0 0 3
+1 32 28
-3 8 0 4
424 4 0 1 1 0 0 1
cfi=(54)
cfn=(224)
calls=1 36 
* 91 10 10 2 0 1 2 0 1
* 1
+8 5 1 0 1 0 0 1
+1 8 3 0 0 1 0 0 1
+3 4 0 0 1 0 0 1
+1 1 1
-1 3
fi=(69)
194 1 1
+1 5
fe=(68)
444 1 0 1 1 0 0 1
+1 2 0 1

fn=(230)
370 41 0 0 1 0 0 1
+1 41 41
+32 41 41 0 0 27 0 0 27
-33 82
+1 100 0 0 1 0 0 1
+2 247
+2 247
-2 494
+20 476
+2 476
-12 206 206
+2 206 206 0 0 2 0 0 2
+14 206
+1 206
-29 412
+32 27 9
-28 18 0 0 1 0 0 1
+8 9 9
-2 18
+1 18
-1 9
+2 27
+2 9 9
-3 9
+3 27
+2 18
+9 96 32 0 1 0 0 1

fl=(13) ./elf/../sysdeps/unix/sysv/linux/dl-sysdep.c
fn=(100) _dl_discover_osversion
46 5 0 3 1 0 0 1
+2 3 1
+40 2 0 1 1 0 1 1 0 1
cfi=(36)
cfn=(102)
calls=1 +32 
* 6 1 0 1 0 0 1
+15 1
-15 2
+20 1
-1 1
+3 12 3 0 1 1 0 1 1
+4 3 3
-2 6
+2 11
+3 2
-1 2
+1 6
-3 8 2
+7 3
-1 3 0 0 1 0 0 1
+4 3
-2 3
+2 12
+9 5 4

fl=(65) ./io/../sysdeps/unix/sysv/linux/access.c
fn=(208) access
25 1 0 0 1 0 0 1
+2 7 0 1
+4 1 1

fl=(148)
fn=(488)
95 18 9 9 2 4 3 1 0 1
+1 18 9 9 2 1 0 1
+1 9 0 9 0 0 3 0 0 3
+6 45 18 0 0 7
+1 252
+1 174 87 0 2 75 0 1 8
+2 27 18 9 0 2
+5 9 9

fl=(77)
fn=(270) _dl_cet_check
252 8 0 6 1 0 0 1
42 1 1 0 0 1 0 0 1
+9 1 1
-10 1
+4 1
-4 1
+3 1
+4 2
+1 2
-1 2 0 0 1 0 0 1
+14 2
254 8 7 0 1 0 0 1

fn=(2118)
239 1 0 0 1
42 1 1 0 0 1
+9 1 1
-10 1
+4 1
-4 1
+3 1
+4 2 0 0 1 0 0 1
+1 2
-1 2
+14 2
+89 1 1 0 1 0 0 1

fl=(7)
fn=(12) __rtld_malloc_init_stubs
42 1 0 0 1 0 0 1
+1 2 0 1 0 0 1 0 0 1
+1 2 0 1
+1 2 0 1 1 0 0 1
+1 2 0 1
+1 1 1

fn=(494) __rtld_malloc_init_real
76 2 0 1 1 0 0 1
+10 1
fi=(149) ./elf/../sysdeps/generic/dl-hash.h
-41 1 0 0 1 0 0 1
fe=(7)
+31 1 0 1
fi=(149)
-32 1
fe=(7)
+32 5 0 3
+11 1 0 1
-1 1 0 1
fi=(149)
-43 1
+5 3
+14 4
-17 3 1 0 1 1 0 1 1
+3 15
+14 20
-17 15 5
fe=(7)
+46 2
fi=(149)
-24 1
fe=(7)
+22 1 0 1
+2 2
fi=(149)
-19 1 0 1
fe=(7)
+19 1 0 1
cfn=(498) lookup_malloc_symbol
calls=1 -30 
* 744 225 91 3 10 3 3
+1 3
-1 1
+1 1 0 1 1 0 0 1
cfn=(498)
calls=1 -31 
* 792 230 91 0 7 0 0 1
+1 3
-1 1
+1 1 0 1
cfn=(498)
calls=1 -32 
* 754 229 91 0 4
+1 3
-1 1
+1 1 0 1
cfn=(498)
calls=1 -33 
* 685 213 86 0 5 0 0 3
+5 1 0 1
+1 1 0 1
+1 1 0 1 1 0 0 1
+1 1 0 1
+1 7 6

fn=(136)
239 6 0 0 2 0 0 1
+3 12 6 0 0 2 0 0 1
+2 6 6
+1 12
+4 230 4 0 2 0 0 1
+7 414 138 0 0 1 0 0 1
-2 280 140
+6 4 0 2
+7 2 0 2
+4 4 2
-4 2 0 2
+4 8 4
-22 103 103
+15 103
-15 210

fn=(498)
61 8 0 4 1 0 0 1
+3 4
-3 16 0 8
+3 4
-3 4
+3 8 4 0 1 0 0 1
-1 4 0 4
+1 12 0 12
cfi=(79)
cfn=(280)
calls=4 840 
* 2815 845 327 0 26 3 0 4
+4 28 16
+1 28 12
+2 4 0 4 1 0 0 1
fi=(150) ./elf/./dl-sym-post.h
-30 8
+12 12 4
fe=(7)
+19 20 16

fl=(79)
fn=(282) do_lookup_x
363 26080 0 19560 26 0 19 2 0 3
+1 3260 3260 0 0 18
-1 16300 6520 9780 0 0 20 0 0 2
+48 3260
-30 6520 0 3260
-11 3260 3260
+41 3260
-30 9780 3260 3260 12 0 21 1 0 3
+30 3260 0 3260
fi=(80) ./elf/../sysdeps/generic/dl-protected.h
44 9780
fe=(79)
381 3260 0 3260
fi=(80)
44 13040 0 6520
fe=(79)
395 33606 11202 0 15 59 0 1
+4 11202 0 11202
+4 11202 11202 0 0 100
-3 11202 0 11202
+3 44808 22404 0 0 103
+1 33606 22404 11202 14 32 0 1
+3 11202 11202
+1 22404
+7 11202 11202
-3 22404 22404
-2 11202 11202 0 0 1818 0 0 124
+5 44808 11202
+3 78414
570 24786
374 22446 22446 0 12 139 0 1
+3 22446
+4 22578 66
+4 22404 11202 0 0 103
+4 22404 11202 0 8 11 0 1
+88 5922 2961 0 13 0 0 1
fi=(4)
137 5922 2961 0 9 0 0 1
+1 8883
fe=(79)
528 5922
fi=(80)
29 5922
fe=(79)
535 16028 2961
+16 5674 2837 2837 0 0 4
+1 2837 0 2837
+1 5922
422 13524 0 0 12 0 0 1
-1 6762 6762 0 0 1766 0 0 255
+2 6762
+2 39588 9897 16495 11 0 0 1
+13 14277
-10 38590 7718 0 8 2406 0 1 573
+3 2988
-1 5976 2988
+1 2988 2988 2988
-1 2988
+2 5976
-1 35856 11952 14940 11 0 29 1 0 3
cfn=(284) check_match
calls=2988 70 
* 283515 79468 18252 275 2585 39 41 738 3
+4 8964
+3 58 29
573 299
+1 26080 22820 0 10 0 0 1
-35 5559 1853 0 10 13 0 1
222 372 124 0 2 0 0 1
+2 620 124 124
-2 124 0 124
+2 372 0 124
+2 124
-2 372 124 248 2 3 0 1
cob=(3)
cfi=(240)
cfn=(2094)
calls=2 77 
* 86 22 10 0 3
cfi=(24)
cfn=(84)
calls=122 42 
* 366 122
+2 124 124 0 0 3 0 0 1
+1 124 124
+1 248 124
-2 124 0 124
+2 124
+2 246
+1 123
-1 615 123 369 2 0 0 1
+1 123
-1 123
+1 246
-1 615 0 123
+1 246
-1 1145 194 0 2 0 0 1
+24 442
+3 138
+1 414
-24 261 261 0 0 76 0 0 25
+1 261 261
-1 522
+1 80 40 40
cfi=(32)
cfn=(90)
calls=40 108 
* 2781 488 0 1 0 0 1
* 80
+2 200 120 0 1 0 0 1
+10 40 40
+1 80 80
+2 160 80 120
cfi=(24)
cfn=(84)
calls=40 42 
* 120 40
+1 40
469 682 342 0 6 0 0 1
+2 4
262 1162 415 0 1
+62 504 168 0 2 0 0 1
-1 588 252
+19 420 84 84 2 0 0 1
+5 168 168 84 0 2
cob=(3)
cfi=(241)
cfn=(2110)
calls=2 +20 
* 68 14 8 3
cfi=(24)
cfn=(84)
calls=82 42 
* 246 82
+2 336 168 84
176 551 0 0 2 0 0 1
-2 90
+1 270
-3 348 174 0 2 1 0 1 1
+7 84 0 84
+3 84 0 84 0 0 20 0 0 11
-2 84 0 84
331 336 84
204 12 6
+55 142 0 0 2 0 0 1
+46 3 0 1 1 0 0 1
fi=(28)
44 3 1 1 1 1 0 1
cfi=(27)
cfn=(72)
calls=1 +34 
* 36 6 5 0 1 1
* 1 0 1
fe=(79)
315 2
+3 1 0 1
-5 1 1
170 1
313 1
+7 1 1
-1 1 0 1 1 0 0 1
+1 1 0 1
170 6
+1 1
-1 6
+1 2394 1700 0 13 0 0 2
+98 6 0 4 1 0 0 1
cfi=(54)
cfn=(482)
calls=2 87 
* 159 14 0 2 4 0 2 2
fi=(28)
44 2
fe=(79)
269 2
fi=(28)
44 4 2 2
cfi=(27)
cfn=(72)
calls=2 +34 
* 72 12 10 0 1 1
* 2
fe=(79)
272 4
171 4 2
279 2 2 0 1 0 0 1
171 8 2 2
279 284
+1 276 92 0 0 4 0 0 1
+1 140 70
170 70
281 140 140 0 1 6 0 1
170 70
281 70
170 70
+1 70
-1 70
+1 210
+1 440
+2 14
+1 42
-3 168 84 0 1 46 0 1 46
+7 70 0 70
+3 70 0 70 0 0 24 0 0 24
-2 70 0 70
+3 70
-7 10
285 6 4 2
-16 2
+16 10 2 2
cfi=(27)
cfn=(144)
calls=2 95 
* 10 4 0 1
+4 2 2 0 1 0 0 1
170 2
286 2 0 2
+2 2 0 2
+1 4 2 2
170 4
+1 4 0 2
-1 2
+1 8 2
452 23672 14795 0 16 0 0 1

fn=(280)
840 29980 0 17988 15 0 18 1 0 3
+10 2998 2998
-10 5996 0 5996 0 0 19 0 0 2
+10 2998
-10 2998 0 2998 10 0 0 1
+10 2998 0 2998 0 0 15 0 0 1
204 2998 2998
840 2998 0 2998
204 14990 2998 5996 0 0 4
581 11992 2998 0 0 1386 0 0 990
-1 5996
+2 2998 0 0 11 0 0 1
-1 2998
+1 8994
-1 8994 2998 0 0 31 0 0 26
+1 119509
-1 119509
+1 358527
-1 358527 119509 0 0 1306 0 0 1092
+2 2998
846 2998 0 2998 0 0 16
-4 2998
+1 2998
+7 2998 2998
-8 2998 0 2998
+1 2998 0 2998
+7 11104 2702 0 11 0 0 1
+3 2998 2998 0 1
+2 5996 5996 0 0 9
-2 2998
+6 5996
-7 17988 2998 2998 12 0 0 1
+7 1495 299 0 0 1
+1 45640 19560 22820 13 0 20 1 0 3
cfn=(282)
calls=3260 363 
* 1196506 375347 143024 516 9304 178 81 1766 49
* 9780
+28 2998 2998
-23 2998 2998
+23 2998
-23 5996
+24 17702 2945
+7 2961 2961 0 17 0 0 1
-7 2961
+40 11844 2961
+79 5916 2958
-65 8883 2961 0 0 66
+3 8883 2961
-62 2995 0 2995 10 0 0 1
+69 26955 20965
-86 210 34 0 3 0 0 1
+1 6 3
+3 12 6 0 1 0 0 1
+1 3 3
+6 3 3
-6 3
+5 24 0 3 1
cfi=(279)
cfn=(2340)
calls=3 107 
* 3074 475 279 33 16 3 12 2
+4 12 0 3
cfi=(52)
cfn=(2344)
calls=3 133 
* 171 63 24 13 0 0 8
+4 102 0 0 2 0 0 1
+59 2 0 1 1 0 0 1
597 516 258 0 3 0 0 1
204 21 9 0 1 0 0 1
610 12 6 3
+7 9 3 3 1 0 0 1
+1 6
+2 27 6 0 0 2
+1 12
970 3 3
+38 6 3 0 1 0 0 1
878 18 6 0 2 3 0 1
-6 3 0 0 3 0 0 1
+2 6

fn=(284)
70 2988 0 2988 17 0 0 1
+3 2988 2988 0 0 568 0 0 207
-3 35856 5976 11952 0 0 5 0 0 1
+3 11938 2988 0 0 321 0 0 196
+13 2981
-13 2981 0 0 10 0 0 1
+13 2981
-13 2981
+13 8943
+3 8446 1242 621 0 0 12 0 0 2
cfi=(32)
cfn=(90)
calls=621 +19 
* 44369 6706 0 164 800 0 35 283
* 1242
+4 2981 2981 0 0 50
+1 5962
+2 5444 0 0 11 0 0 1
+19 5444 5444 0 0 462 0 0 48
+1 21776 8166 0 0 134
+2 70 35
+1 30
-41 2959 0 0 9 0 0 1
+84 17754 17754
-18 518 0 0 1
+2 518 518 0 0 11 0 0 1
+1 259
-1 518
+1 777
-1 518
+4 4
+1 14 6 2
+2 6 2 2
+2 2
+7 12 12
-7 20
+7 162 162
-45 8061 5374 2687 12 12 22 1
cfi=(32)
cfn=(90)
calls=2687 -9 
* 75596 19114 0 37 227 0 0 3
* 5374 0 0 14 0 0 1
-44 28
+82 14

fl=(64)
fn=(204)
25 8 0 0 2 0 0 1
+1 32
+1 8 8

fl=(67)
fn=(220)
28 58 0 0 2 0 0 1
+1 116
cfi=(59)
cfn=(192)
calls=29 153 
* 286 29 27

fl=(162)
fn=(544)
77 24 0 12 2 0 0 1
+1 2 2 0 0 2
+1 2 2
+3 6 2 0 2 0 0 1
+8 4
+25 2 2
+1 10
+1 4 4 0 0 2
-86 8 4 0 2 0 0 1
+86 24 24
-86 48 24
+2 60 14 8
cfn=(546) call_init.part.0
calls=8 -7 
* 65417 15927 7412 1204 1033 287 764 187 142
+83 42 0 0 1
+7 16 14 0 2 2 0 1
-92 4 2 0 1 0 0 1
+2 6 1 1 0 0 1
cfn=(546)
calls=1 -7 
* 61 19 9 10 5 1 10
+52 2 0 1 1 0 0 1

fn=(546)
26 72 0 45 2 0 0 1
+13 9 9
-13 9
+16 9 9 0 0 1
-3 18 0 9 2 0 0 1
+3 18 9 0 0 7
+5 16 8 0 0 1
+8 24 8 0 0 7
+1 36 12 6 0 6
cob=(2)
cfi=(51)
cfn=(2260) 0x0000000004dca000
calls=1 -56 
* 7 2 0 1 1 0 1
cob=(2)
cfi=(51)
cfn=(2140) 0x0000000004e7b000
calls=1 -56 
* 7 2 0 1 1 0 1
cob=(2)
cfi=(51)
cfn=(598) 0x00000000048f5000
calls=1 -56 
* 7 2 0 1 1 0 1
cob=(2)
cfi=(51)
cfn=(588) 0x0000000004a95000
calls=1 -56 
* 7 2 0 1 1 0 1
cob=(2)
cfi=(51)
cfn=(576) 0x0000000004b71000
calls=1 -56 
* 7 2 0 1 1 0 1
cob=(2)
cfi=(51)
cfn=(548) 0x000000000483f000
calls=1 -56 
* 26 5 2 6 1 1 6
+3 8 8 0 2 7 0 1
+1 16
+6 12 12 0 0 5
+2 12 12
-2 6
+3 58
+1 88 22 22 0 2
cob=(10)
cfi=(274)
cfn=(2576)
calls=1 -70 
* 2604 556 513 81 18 14 21 1 7
cob=(10)
cfi=(274)
cfn=(2270)
calls=1 -70 
* 38468 9012 5088 803 462 145 456 129 69
cob=(9)
cfi=(259)
cfn=(2246)
calls=1 585 
* 153 24 32 11 2 4 11 1 4
cob=(9)
cfi=(270)
cfn=(2244)
calls=1 363 
* 5 1 2 1 0 1 1 0 1
cob=(9)
cfi=(257)
cfn=(2180)
calls=1 1400 
* 5445 2172 295 66 190 26 57 7 4
cob=(9)
cfi=(250)
cfn=(2150)
calls=1 573 
* 11301 2405 189 56 185 19 37 26 1
cob=(7)
cfi=(170)
cfn=(802)
calls=1 -70 
* 247 46 48 2 0 1 2 0 1
cob=(7)
cfi=(170)
cfn=(776)
calls=1 -70 
* 50 25 12 3 10 0 3 2
cob=(7)
cfi=(170)
cfn=(750)
calls=1 -70 
* 50 25 12 3 12 0 3 2
cob=(7)
cfi=(170)
cfn=(732)
calls=1 -70 
* 34 17 8 2 8 0 2 1
cob=(7)
cfi=(170)
cfn=(714)
calls=1 -70 
* 34 17 8 2 9 0 2 1
cob=(7)
cfi=(170)
cfn=(712)
calls=1 -70 
* 82 15 15 0 0 1
cob=(7)
cfi=(170)
cfn=(708)
calls=1 -70 
* 166 31 32 1 0 1 1
cob=(7)
cfi=(170)
cfn=(706)
calls=1 -70 
* 82 15 15 1 0 0 1
cob=(7)
cfi=(170)
cfn=(704)
calls=1 -70 
* 44 13 28 5 3 6 5 3 6
cob=(7)
cfi=(170)
cfn=(678)
calls=1 -70 
* 78 7 36 4 1 4 4
cob=(7)
cfi=(170)
cfn=(644)
calls=1 -70 
* 2688 491 493 78 28 49 78 8 46
cob=(7)
cfi=(170)
cfn=(642)
calls=1 -70 
* 3 1 1 0 0 1
cob=(7)
cfi=(170)
cfn=(632)
calls=1 -70 
* 798 248 133 3 9 1 3 1
cob=(7)
cfi=(170)
cfn=(608)
calls=1 -70 
* 1948 592 319 15 39 10 15 1 2
cob=(6)
cfi=(168)
cfn=(582)
calls=1 -70 
* 12 1 0 2 0 0 2
cob=(3)
cfi=(167)
cfn=(574)
calls=1 +13 
* 12 7 0 2 4 0 2
* 24 6 6 0 6
cob=(10)
cfi=(274)
cfn=(2264)
calls=1 -70 
* 12 1 0 2 0 0 2
cob=(9)
cfi=(249)
cfn=(2144)
calls=1 -70 
* 12 1 0 2 0 0 2
cob=(7)
cfi=(170)
cfn=(602)
calls=1 -70 
* 12 1 0 2 0 0 2
cob=(4)
cfi=(169)
cfn=(592)
calls=1 -70 
* 12 1 0 3 0 0 3
cob=(6)
cfi=(168)
cfn=(580)
calls=1 -70 
* 364 17 43 34 3 1 34 2
cob=(3)
cfi=(164)
cfn=(566)
calls=1 -24 
* 126 20 9 10 6 3 10 2 1
-1 84 0 0 2
+3 54 54 0 1 1 0 1
-29 2

fl=(9) ./elf/../elf/dl-sysdep.c
fn=(16) _dl_sysdep_start
85 4 0 2 1 0 0 1
+25 1
-25 6 0 4
+25 1 1 0 0 1 0 0 1
-1 1 0 1
+1 306 100 3 1 14 2 1 14 2
+11 1 1
-8 1
+1 1 0 1
-4 1 0 1 0 0 1 0 0 1
+3 1 0 1 0 0 1 0 0 1
+6 1 0 1 1 0 1 1 0 1
+2 13 0 3 0 0 1 0 0 1
-34 1
-1 1
+36 119 17 0 1 3 0 1 3
+3 1 1
+1 1
-5 94 24 7 3 1 0 3 1
+57 1 1 0 1 0 0 1
-57 1
+58 1
-1 1 0 1
-57 3 1
+29 1 1 0 1 1 0 1 1
-29 1
+30 1 0 1
-1 1 0 1
-29 3 1
+41 1 1 0 1 0 0 1
-41 1
+42 1
-1 1 0 1
-41 3 1
+35 1 1 0 1 0 0 1
-35 1
+36 1
-1 1 0 1
-35 3 1
+32 1 1 0 0 1 0 0 1
-32 1
+33 1
-1 1 0 1
-32 3 1
+13 1 1 0 1 0 0 1
-13 1
+14 1 0 1
-1 1 0 1
-13 3 1
+10 1 1 0 1 1 0 1 1
-10 1
+11 1 0 1
-1 1 0 1
-10 3 1
+7 1 1 0 0 1 0 0 1
-7 4 1 0 1 0 0 1
224 1 0 1
cfi=(10)
cfn=(18)
calls=1 +58 
* 52647 9855 6 6 101 1 6 101 1
+3 1 0 1
cfi=(12)
cfn=(22)
calls=1 +54 
* 32 6 3 4 1 0 4 1
fi=(13)
36 2 0 1
cfi=(14) ./elf/../sysdeps/unix/sysv/linux/brk.c
cfn=(28) brk
calls=1 -1 
* 8 1 1 1 0 1 1 0 1
fi=(6)
215 1 0 1
cfi=(15)
cfn=(32)
calls=1 37 
* 7224 784 442 103 15 12 103 15 12
fe=(9)
+23 3 1
+1 1 0 1 1 0 0 1
cfi=(22)
cfn=(60)
calls=1 41 
* 17 2 0 1 1 0 1 1
* 1 0 1
+2 2 0 1
cfi=(23)
cfn=(62)
calls=1 37 
* 15 4 2 1 0 0 1
* 3
+12 3 1
+3 5 1 1
cfi=(2)
cfn=(64) dl_main
calls=1 1320 
* 2279952 543505 199217 947 13481 2416 936 7634 1584
+2 9 8 0 1 2 0 1

fn=(534) _dl_sysdep_start_cleanup
262 1 0 0 1 0 0 1
+1 1 1

fl=(2)
fn=(156) handle_preload_list
894 10 0 7 1 0 1 1 0 1
+5 1 1
-5 2 0 2 0 0 1 0 0 1
+5 2
+6 1
-64 1
+54 3 0 0 1 0 0 1
+7 3 0 1 0 0 1 0 0 1
cfi=(50)
cfn=(158)
calls=1 25 
* 233 108 34 3 2 4 3 2 4
* 1
+1 3
+9 1
191 1 1 0 1 0 0 1
914 2 1
191 2
916 2 1
-80 1 1
+5 5
-10 1 0 1 1 0 0 1
+8 1 1
-4 1 0 1
+1 1 0 1
+1 1 0 1
+4 1 0 1
cob=(2)
cfi=(51)
cfn=(160)
calls=1 0 
* 2784 597 296 111 35 33 111 35 33
+1 3 1
+8 3 1
+67 1
-18 2 1
+21 9 7
-15 4 0 1 1 0 0 1
cfi=(29)
cfn=(80)
calls=1 212 
* 19 5 4 0 0 1 0 0 1
+1 2 0 1

fn=(64)
1320 2 0 1 1 0 0 1
205 1
311 1
1320 2 0 1
2818 1
1320 3 0 2 1 0 0 1
2829 1
1320 2 0 2
2698 1
1320 2 0 1 0 0 1 0 0 1
311 1 0 1
1320 3 0 3
207 1 0 1 1 0 0 1
310 1 0 1
205 1 0 1
+99 3 0 3
1332 1 0 1 0 0 1 0 0 1
cfi=(24)
cfn=(66)
calls=1 53 
* 17 1 5 2 0 1 2 0 1
2677 3 1 2
+6 5 1 0 1 0 0 1
-4 1
+4 1 0 1 0 0 1 0 0 1
+2 3 0 1
cfi=(25)
cfn=(68)
calls=1 28 
* 75 26 1 2 0 0 2
* 4 0 2
cfi=(25)
cfn=(68)
calls=2 28 
* 548 185 1
* 9
+4 6 2
-2 2
+2 6
+1 2 0 0 1 0 0 1
-1 6 2
+1 17
-1 89 17
+9 12 2 0 0 1 0 0 1
2845 4 1 0 1 0 0 1
+32 2
1348 1 1
+1 2 1
-1 2 1 1
+1 2 1 0 1 0 0 1
2774 3 1 0 1 0 0 1
+1 3 1
-56 2 1 0 1 0 0 1
+7 2 1
1627 9 0 2 2 0 0 2
cfi=(26)
cfn=(70)
calls=1 59 
* 230 29 51 21 4 14 21 4 14
* 1
+2 2
+1 1 1
+6 2
-6 1 0 1
+1 2 1 1
+1 3 2 1 1 0 0 1
+4 1 0 1
cfi=(26)
cfn=(82)
calls=1 31 
* 36 9 8 3 0 0 3
+1 2 1
1140 1 1
1326 1 0 1
1169 1 1
-29 1 0 1
+11 1 0 1
+18 2 1 0 1 0 0 1
-21 1 1 0 0 1 0 0 1
+21 1
-19 1 0 1
-4 1 0 1
+23 1
-21 1 0 1 0 0 1 0 0 1
+21 2
+57 1 1 0 1 0 0 1
-83 1 0 1
+23 1
+4 1
+19 1
+22 1
+15 5
-56 116 22 0 1 7 0 1 7
1275 4 2 1 0 1 0 0 1
+2 1
1169 18 0 0 1 0 0 1
fi=(30)
105 2 0 1
fe=(2)
1282 22
+6 4 0 1
cfi=(31)
cfn=(88)
calls=1 868 
* 20 8 0 3 1 0 3 1
-7 26 13
+1 13 13 0 1 0 0 1
+6 13
-6 26
fi=(30)
212 4 4
+1 2 2
95 8 4
+10 2
212 1
105 1
-2 1
-3 1 0 0 1 0 0 1
+2 1 0 1
+3 1
-4 2 0 1
+92 4
-1 1
-87 3
+3 3 1 0 1 0 0 1
+1 2 1
+1 2 1
+4 3 1
+4 3 0 1
+3 3 1 0 1 0 0 1
+1 2
+4 1
+1 4 0 1
+58 3
+2 4
-56 4 2 0 1 0 0 1
+1 2 2
+3 4
+3 2
+1 8
+5 4 0 0 1 0 0 1
+2 4
+5 4
+14 2 2
-1 4
+2 2
fe=(2)
1174 1 1 0 1 0 0 1
-5 1 0 0 1 0 0 1
+5 2 1 1
-5 2
+30 1 1
-9 1 1
+27 1 0 1
-27 1 1 0 0 1 0 0 1
+2 1 0 1
-3 1 0 1
+10 2 0 0 1 0 0 1
-20 2 2 0 1 0 0 1
-10 1
+10 1 0 1
+1 9 2 1
-11 2
+57 4 4 0 1 1 0 1 1
-1 4 4
+1 8
-1 4
+2 8 4
+1 1 0 1
+2 12 4
+1 14 0 0 1 0 0 1
+4 8 4 0 0 3 0 0 3
+1 8 4
+1 4 0 4
+1 10 5
+1 1 0 1
+4 1
-74 1
+74 2
-74 2
+74 3 0 0 1 0 0 1
-74 3
+74 6
-74 6
fi=(30)
165 2 0 1
fe=(2)
1271 1 1
1169 1
1271 1 0 1 0 0 1 0 0 1
1169 2 0 0 1 0 0 1
1294 1 1 0 0 1 0 0 1
+3 2 2
+2 1 1
-5 2
+3 2
+2 2 0 0 1 0 0 1
+2 2 1
1662 3 1
+2 1
-1 1 1
+1 2 2 0 1 0 0 1
+1 2 2
-2 1 1
+2 1 1
-2 2 0 1
cfi=(32)
cfn=(90)
calls=1 108 
* 34 5 0 5 1 0 5 1
* 2
+7 1 0 1 0 0 1 0 0 1
+3 1 1
-5 1 0 1
+3 1 0 1 1 0 1 1 0 1
+2 1
+1 2 0 1
+4 2 1
+2 2 1
fi=(3) ./elf/./get-dynamic-info.h
39 3 1 0 1 0 0 1
+6 1 1 0 0 1 0 0 1
-2 1
+2 2
+9 1
+5 1
+3 1
+2 1
-3 1
-3 1
-3 17
+13 5 0 5 0 0 2 0 0 2
-23 20 5 0 0 1 0 0 1
+23 24 0 24 0 0 4 0 0 4
-23 96 24 0 0 6 0 0 6
+4 58 0 0 1 0 0 1
+5 24
+2 5
+16 3 1 0 1 0 0 1
+25 3 1
+5 2 1
+7 2 1
+1 3 2
+22 3 1 0 1 0 0 1
+5 2 1 1
+2 2
+2 2
+2 2
+1 1 0 1
+3 3 1 0 1 0 0 1
+2 3 1 1
+1 2
+9 2 1
+6 2
+1 2 1 1
+3 2 1 0 1 0 0 1
fe=(2)
1688 3 1
+7 2 0 1 1 0 0 1
cfi=(8)
cfn=(14)
calls=1 25 
* 29 8 5 0 1 0 0 1
+3 2 1
fi=(33) ./elf/./setup-vdso.h
24 2 1 0 0 1 0 0 1
fi=(35) ./elf/../sysdeps/unix/sysv/linux/dl-vdso-setup.h
+21 1 0 1 1 0 0 1
fe=(2)
1723 1 0 1
cfi=(13)
cfn=(100)
calls=1 46 
* 100 14 4 5 1 1 5 1 1
* 8 1 1
fi=(37) ./elf/./dl-main.h
109 5 4 1 1 0 0 1
cfi=(31)
cfn=(106)
calls=1 706 
* 4066 815 483 101 9 22 101 9 22
fe=(2)
1731 3 1 1
cfi=(46)
cfn=(146)
calls=1 56 
* 30 6 5 5 1 0 5 1
+7 1 1
-7 1 0 1
+2 1 0 1
+5 1
+4 1 1
+3 1 0 1 1 0 0 1
-3 3 0 1
+1 2 0 1
+3 1 0 1
+5 1 1
-7 1 0 1
+7 1
+1 3 1 1 1 0 0 1
+12 2 1 0 0 1 0 0 1
+1 2 1
+5 1 1
-3 2 1
+2 1 0 1
+1 2 0 1 1 0 0 1
+5 3
+1 5 1 0 0 1 0 0 1
-1 2
233 1 1 0 1 0 0 1
-1 1 1 0 0 1 0 0 1
+1 3 2
+1 2
-2 1 1 0 1 0 0 1
+2 2
1793 2 1 0 1 0 0 1
+5 1 1
-1 1 0 1 1 0 0 1
+1 1
+24 1 0 1
cfi=(47)
cfn=(148)
calls=1 197 
* 6 3 0 1 0 0 1
* 1 0 1
fi=(48) ./elf/../sysdeps/generic/dl-debug.h
29 3 1
+1 2 1 1
fe=(2)
1828 2 1 1
+1 1 0 1
cfi=(46)
cfn=(152)
calls=1 116 
* 2 1 0 1 0 0 1
+1 1 0 0 1 0 0 1
+4 3 0 1
cfi=(49)
cfn=(154) _dl_audit_activity_map
calls=1 28 
* 16 7 4 3 0 0 3
+5 3 2
+2 1
+2 2 1
+9 2 1
+16 4 0 1 1 0 0 1
cfi=(65)
cfn=(208)
calls=1 25 
* 9 1 1 1 0 0 1
* 2
+76 4 2
+16 3 1
85 1
1970 1
85 2 0 0 1 0 0 1
1970 2
85 1
1970 5 1 1
cfi=(66)
cfn=(210)
calls=1 159 
* 38915 8068 4155 161 189 195 159 176 194
92 1
1976 1 1
92 2
+9 2 0 1
1976 2 0 0 1 0 0 1
+1 5 2 1
-1 4
+1 12 6 6
-1 24
+4 4 3 1
+1 3 1 0 1 0 0 1
+1 1 0 1
+2 2
+1 4 1
-1 21
+1 18 6 0 1 0 0 1
+12 3 1 1
+1 2
+2 1
+2 3
+2 1 1 0 0 1
-4 1 0 1
+5 1 1
-1 2
+14 2 0 0 1 0 0 1
+1 2 0 1
+1 3 1
+11 2 0 0 1 0 0 1
+2 1
-2 1
+2 2
-2 1 0 1
+1 2
+1 1 0 0 1 0 0 1
-1 2 0 1
+1 1 0 1
cfi=(52)
cfn=(250)
calls=1 238 
* 22983 6779 1285 48 122 73 47 113 68
+10 2 1 1 0 1
+1 2
+3 2 1
862 1 1
fi=(383) ./elf/../sysdeps/unix/sysv/linux/dl-osinfo.h
64 2 1 0 0 1
fe=(2)
864 1 0 1 1 0 0 1
+6 1 1
+3 1 0 1
+7 1 0 1
-5 1 0 1
2052 3 1
2282 3 1 0 0 1
1778 2 2 0 1 1 0 1 1
+6 1 1 0 0 1 0 0 1
-6 2 0 1 0 0 1 0 0 1
+6 1
+2 3 2 0 1 0 0 1
fi=(30)
198 4 1 0 1 0 0 1
+2 1 1
+1 1 0 1
+2 1 0 1
-3 3 0 1
+3 1
fi=(3)
59 4 0 0 1 0 0 1
+3 4
+2 4
fi=(34) ./elf/../sysdeps/unix/sysv/linux/dl-vdso.h
-24 1 1 0 1 0 0 1
+1 2
fe=(2)
2331 1 1
1325 1
2342 1 1 0 1 0 0 1
-4 2 0 1
+10 1 1
-6 1 0 1 0 0 1
+6 1 0 1
+3 2
+8 1 1
fi=(30)
36 1 1 0 1 0 0 1
fe=(2)
2359 1 1
fi=(30)
37 3
+3 1 1
+13 9 1 0 0 1
-13 6 6
+9 12 6 0 0 1
-9 1 1
+9 35 7
+4 30 6
-16 21 0 0 1 0 0 1
+34 3 0 1
cfi=(77)
cfn=(270)
calls=1 252 
* 30 9 6 3 1 0 3 1
fe=(2)
2361 2
+54 3 1 0 1 0 0 1
+3 1 0 1 1 0 0 1
85 4 0 1
2422 1 1
+1 25 0 1 1 0 0 1
+2 14 14 0 0 4
+5 14 14 0 0 6
+2 14
+6 7 0 7 0 0 1
+2 21 0 0 1 0 0 1
+1 48 12 6 0 7
cfi=(78)
cfn=(272)
calls=6 194 
* 2194900 522900 190927 266 12784 1972 261 7204 1174
+4 18 9 0 0 3
+1 4
-23 2 0 0 1 0 0 1
+23 2 0 2
cfi=(47)
cfn=(412)
calls=2 1015 
* 56 18 12 2 3 2 2
-23 8 1 0 0 1
92 3
+1 1 1
2454 1 1
93 1 0 1 0 0 1
2454 1 0 0 1 0 0 1
+5 4 2 0 0 1
+2 1 0 1
+7 3 0 1
cfi=(47)
cfn=(484)
calls=1 528 
* 221 53 33 9 11 4 8 0 4
+3 2 1 0 1 0 0 1
fi=(3)
72 2 1 0 1 0 0 1
+10 3 1
+1 4 1 1
+1 4 1 1 1 0 0 1
+1 4 1 1
+2 4 1 1
+5 4 1 1
+1 4 1 1 1 0 0 1
+1 5 1 1
fi=(35)
-64 3 0 2 1 0 0 1
+3 1 0 1 1 0 0 1
+3 1 0 1
+3 1 0 1
fi=(34)
+16 2
fe=(2)
2434 1 0 1 1 0 0 1
+1 1 1
-3 2
+49 3 2 0 1 1 0 1
+2 4 1
+10 1 0 1
cfi=(147)
cfn=(486)
calls=1 561 
* 1026 244 73 15 78 6 15 8 4
+5 2 0 1
cfi=(7)
cfn=(494)
calls=1 76 
* 3083 909 376 8 27 3 8 5
+3 1 0 1
cfi=(151)
cfn=(502)
calls=1 30 
* 415 107 33 10 14 0 10 10
85 1
2507 1 0 1
+1 3 1
85 3 0 0 1 0 0 1
2508 2 0 1
cfi=(78)
cfn=(272)
calls=1 194 
* 5744 1614 597 1 81 4 0 18
92 3
+9 2 0 1
2516 3 1 1
cfi=(153)
cfn=(508)
calls=1 27 
* 1441 432 192 28 38 17 28 10 5
+7 1 0 1
cfi=(9)
cfn=(534)
calls=1 262 
* 2 1 0 1 0 0 1
+4 3 0 1 1 0 0 1
cfi=(49)
cfn=(536)
calls=1 40 
* 21 7 4 2 0 0 2
+5 2 0 1
cfi=(46)
cfn=(186)
calls=1 38 
* 7 2 0 1 1
+1 1 0 1
-1 1
+2 1 0 1
cfi=(46)
cfn=(152)
calls=1 116 
* 2 1
+1 1
+4 1 0 1
cfi=(68)
cfn=(538)
calls=1 537 
* 18 4 3 3 2 0 3
+5 8 7 0 0 2
1741 4 2 1 1 0 0 1
1995 2 0 1 1 0 0 1
+50 2 0 1 1 0 0 1
cfn=(258) init_tls
calls=1 756 
* 836 103 393 22 14 44 22 4 42
* 2
2726 4 2 0 1 0 0 1
+2 2 0 1
+1 1
+46 2 1 0 1 0 0 1
+2 1
+1 1
-1 1 0 1 1 0 0 1
+1 1 0 1
+1 1
85 1 0 0 1 0 0 1
1847 1 1
85 2
1847 1
85 1
1847 2 0 1
cfn=(156)
calls=1 894 
* 3107 726 351 119 37 41 119 37 41
* 1
92 3 0 0 1 0 0 1
+9 3 0 1
1948 16 0 1 3 0 0 3
+1 1
-1 1
+4 3 0 1
+1 1 1
+1 2
+1 2
-7 2
fi=(30)
170 3 1 1 1 0 0 1
-39 2
fe=(2)

fn=(252)
696 3 0 1 1 0 0 1
+2 4 2 1 1 0 0 1
cfi=(75)
cfn=(254)
calls=1 361 
* 22955 6770 1276 45 122 73 44 113 68
* 2
+4 2 2

fn=(170)
663 2 0 1 1 0 0 1
+2 1 1
-2 1
+2 1
+1 2 2 0 1 0 0 1
-1 2
+1 3 0 1
cfi=(31)
cfn=(172)
calls=1 2022 
* 2683 571 264 99 35 32 99 35 32
* 1 0 1
+2 2 2

fn=(2)
527 10 0 7 2 0 1 2 0 1
85 1
fi=(6)
-40 1
fe=(2)
557 1 0 1 0 0 1 0 0 1
-4 1 0 1 0 0 1 0 0 1
85 2
556 1
85 1 0 1 0 0 1 0 0 1
fi=(3)
-40 1 1 0 0 1 0 0 1
fe=(2)
556 1 0 1 1 0 1 1 0 1
fi=(3)
45 2
+9 1
+5 1
+3 1
+2 1
+4 1
-7 1
-3 1
-3 14
+13 4 0 4 0 0 2 0 0 2
-23 16 4 0 0 1 0 0 1
+23 14 0 14 0 0 4 0 0 4
-23 56 14 0 0 3 0 0 3
+4 36 0 0 1 0 0 1
+5 20
+2 5
+3 4 0 0 1 0 0 1
fi=(4)
+21 1 1
fi=(3)
-8 3
+10 4 1 1 1 0 0 1
+1 4 1 1
+1 4 1 1
+1 4 1 1
+2 4 1 1 1 0 0 1
+5 4 1 1
+1 4 1 1
+1 4 1 1
+3 3 1 0 1 0 0 1
+5 2 1
+7 3 1
+1 3 2
+8 2 1 0 0 1 0 0 1
+1 2 1 0 1 0 0 1
+5 3 1
+3 3 1
fe=(2)
573 1 0 0 1 0 0 1
fi=(6)
71 1 1
fe=(2)
573 42 8 7 2 0 1 2 0 1
fi=(6)
414 1 0 0 1 0 0 1
fi=(5)
86 1 1
fe=(2)
573 2 2
fi=(5)
49 1 1
+37 1 1
-37 1
+37 1
+2 1
-2 1
+2 1
-2 1
+27 2
-27 1 1
fe=(2)
573 2 2
fi=(5)
49 1 1
+37 1 1
-37 1
+37 1
+2 1
-2 1
+2 1
-2 1
+27 3
+1 2 1 0 1 1 0 1 1
fi=(6)
534 2 1
fi=(5)
114 282 141 0 0 17 0 0 17
fi=(6)
534 282 141 0 0 18 0 0 18
+1 142 142 0 0 18 0 0 18
fi=(5)
113 142
fi=(6)
535 284 0 142 0 0 20 0 0 20
fi=(5)
113 284
+5 4 2
+8 7
fi=(6)
326 12
fi=(5)
126 21
+2 7 7 0 1 2 0 1 2
+2 7 7
-2 7
fi=(6)
287 7
fi=(5)
130 7
-2 7
+1 14
fi=(6)
287 14
+9 70 28 0 1 7 0 1 7
+3 14
+27 33 0 0 1 0 0 1
fe=(2)
573 6
fi=(5)
50 1 1
fi=(4)
+30 2 1
fi=(6)
326 2 0 0 1 0 0 1
+20 12 6 6 1 1 2 1 1 2
+1 6
fe=(2)
575 1 0 1 1 0 0 1
+13 1 0 1 0 0 1 0 0 1
cfi=(7)
cfn=(12)
calls=1 42 
* 10 1 4 2 0 1 2 0 1
+4 2 0 1
85 1
488 2
85 3 0 1 1 0 0 1
488 1 0 1
cfi=(8)
cfn=(14)
calls=1 25 
* 29 8 5 3 1 1 3 1 1
+2 2
-1 1 0 1
+1 2
+17 1 1
-15 1
-2 1
+17 1
-15 1 0 1 1 0 1 1 0 1
+9 1 0 1
-11 1 0 1
+17 1 0 1
cfi=(9)
cfn=(16)
calls=1 85 
* 2340536 554328 199713 1079 13624 2436 1068 7775 1604
* 1 0 0 1
+2 2 1
+98 9 7 0 0 1
fi=(3)
62 4 0 0 1 0 0 1
+2 4
fe=(2)
573 3 0 1

fn=(258)
756 3 0 2 1 0 0 1
+2 1 1
+4 1 1
-4 1 0 1
+4 2
+11 1
fi=(28)
44 1
fe=(2)
768 1 0 0 1 0 0 1
+4 1
fi=(28)
44 1 1 1
cfi=(27)
cfn=(72)
calls=1 +34 
* 36 6 5
fe=(2)
783 1 1 0 0 1 0 0 1
-12 1 0 1
+6 1
-9 1 0 1
+11 1 0 1
+4 1
+2 3 1 0 1 0 0 1
-1 2
+3 14 7 0 0 5
+4 2
+2 2
-2 4 0 2 0 0 1 0 0 1
-5 2 2
-1 4
+10 3 1
+3 2 0 1 1 0 0 1
cfi=(47)
cfn=(260)
calls=1 97 
* 79 14 9 2 4 1 2 2
+3 1 0 1
cfi=(47)
cfn=(262)
calls=1 221 
* 108 22 11 7 0 0 7
+7 1 0 1
cfi=(47)
cfn=(264)
calls=1 422 
* 443 24 333 3 0 41 3 0 41
* 1
+1 2
+6 1 1
+3 2
-3 1 0 1
+3 6 0 2
+3 1 0 1
cfi=(24)
cfn=(266)
calls=1 68 
* 75 13 18 5 4 1 5 1
+1 1 0 1
+3 5 3
-39 5 5 0 1 0 0 1
-1 11

fl=(53)
fn=(168)
30 13 0 0 1 0 0 1
+2 13 0 13 0 0 1 0 0 1
+9 13
+1 26 13 0 1 0 0 1
+1 13 0 13
+4 13 0 13
+1 13 0 13
+1 13 0 13
+1 13 0 13
+1 13
+2 26 13
+2 13 0 13
+1 13 13
+1 13
+2 26 13
+2 13 0 13 1 0 0 1
+8 13
+3 13
+1 13 0 13 0 0 1 0 0 1
+7 13
+1 13 13

fl=(16)
fn=(40) update_active.constprop.0
43 7 0 6 1 0 1 1 0 1
+45 1 1
-41 1 1
+28 1 1
-18 1 1
+31 1 0 1 0 0 1 0 0 1
+4 1 0 0 1 0 0 1
-36 1
-1 1
+37 1 1
-26 1 1
-11 1
+1 1
+36 2 0 1
+1 1 1
-17 1
-21 1 1
+25 1
-4 1
-11 1 0 0 1 0 0 1
+28 1
-1 1
-36 1
+18 1
+19 1 1
-13 1
-4 1 0 1
-11 1
+19 1 1
+11 1 1
-3 1
-12 1
+14 1 1 0 1 0 0 1
-29 1 1
+18 1
+9 1
-18 1
+13 1
-13 1 1
-9 1 0 1
+29 2 0 1
+3 1
-14 1
-9 1 0 1 1 0 0 1
+9 1 1
+4 1
+10 1
-17 1 0 1
+7 1 1
+5 1 0 1
+5 1 1
+1 1 1 0 0 1 0 0 1
-1 1 0 1
+1 2 0 1 1 0 0 1
+2 2
+1 4 0 1
+3 1
+1 1
-1 1
+1 1
-1 1
+1 1
-1 1 0 1
+1 1 0 1 1 0 0 1
+4 2
+4 2
+2 4
+83 3
+12 2 0 1
+1 1 1
+3 3 1 0 1 0 0 1
+4 1 1
-4 1 0 1
+4 1
+67 3 1
+4 3 1
fi=(18)
31 1 0 0 1 0 0 1
-3 1
+3 1
-1 2
fe=(16)
296 1 0 1
+1 8 7
-75 3 0 0 1 0 0 1
+1 2
+3 1
-1 1
+9 1
-5 1
+2 1 0 1
-2 1 0 1
+5 1
fi=(18)
32 3
+4 3
fe=(16)
+83 2 0 0 1 0 0 1
+2 1
+3 2 0 0 1 0 0 1
+10 1
+10 1
-10 1
+10 1
-10 1
+6 1
+4 1 0 1
-4 1
-6 1 0 1
+6 1
+2 1 1
-2 1 0 1
+2 3 1 1 1 0 0 1
+7 4
fi=(18)
39 3 1 0 1 0 0 1
+1 4 1
+5 1 0 0 1 0 0 1
-7 1
+7 3
+2 1
+1 2
+1 3 1
+2 4 0 0 1 0 0 1
+1 2
+1 2
+6 1
-4 1
+4 1
-3 2
fe=(16)
+75 1 0 1 0 0 1 0 0 1
-5 2 0 1
+4 1

fn=(34)
399 1 0 1 1 0 0 1
+16 1
-16 6 0 5 1 0 0 1
+3 1 0 1 0 0 1 0 0 1
+1 1 0 1
+1 1 0 1
+11 2 0 1
+3 6 0 0 1 0 0 1
593 1 0 0 1 0 0 1
+94 5 1 0 1 0 0 1
+1 1 0 1
+3 2
+1 1 0 1
+6 1 0 1
+3 1 0 1
fi=(19)
+5 1 0 1
+2 1 0 1 1 0 0 1
fe=(16)
-9 1 0 1
fi=(19)
+23 2
840 1 1 0 1 0 0 1
+46 1 1
-46 17 9 6 2 0 2 2 0 2
+45 2 1
+25 2 1 0 1 0 0 1
+21 2
-21 2
+13 3 1
+8 1
-8 1 0 1
+8 1 0 1
cfi=(10)
cfn=(24)
calls=1 405 
* 21 4 1 0 1 0 0 1
* 1 1
+2 2 0 0 1 0 0 1
+3 4 0 1
cfi=(10)
cfn=(24)
calls=1 405 
* 21 4 1 0 1 0 0 1
* 1 1
+2 1 1
+3 2
-3 2
+3 1
-3 1 0 1
+3 1 0 1 1 0 0 1
cfi=(10)
cfn=(24)
calls=1 405 
* 21 4 1 0 1 0 0 1
* 1 1
+1 5 0 1
+16 2 0 1
-12 5 0 2 1 0 0 1
cfi=(10)
cfn=(24)
calls=1 405 
* 21 4 1
* 1 1
+1 3 1
+23 1
-17 5 1 1
+3 3 0 1 1 0 0 1
-3 1 0 1
cfi=(10)
cfn=(24)
calls=1 405 
* 21 4 1
+3 3 1
-3 2 2
+3 9 0 5 1 0 0 1
cfi=(10)
cfn=(54)
calls=1 157 
* 58 7 4 5 0 0 5
+1 9 1 4 1 0 0 1
cfi=(10)
cfn=(54)
calls=1 157 
* 58 7 4
+1 10 1 4 1 0 0 1
cfi=(10)
cfn=(54)
calls=1 157 
* 58 7 4
+3 8 0 4
cfi=(10)
cfn=(54)
calls=1 157 
* 58 7 4
+2 8 0 4 1 0 0 1
cfi=(10)
cfn=(54)
calls=1 157 
* 58 7 4
+4 1 1
fe=(16)
706 1
fi=(19)
967 2 2 0 1 0 0 1
fe=(16)
706 2
fi=(19)
967 4 1 3
fe=(16)
706 1 0 1
cfi=(10)
cfn=(24)
calls=1 405 
* 19 4 1 0 1 0 0 1
+4 3 1 0 1 0 0 1
+14 1 1
-1 2
+1 3
+47 1 1 0 1 0 0 1
-1 1 0 1
+1 1
+46 4 0 1 1 0 0 1
cfi=(10)
cfn=(24)
calls=1 405 
* 19 4 1
+2 4 0 1
cfi=(10)
cfn=(24)
calls=1 405 
* 19 4 1 0 1 0 0 1
fi=(21) ./elf/../sysdeps/unix/sysv/linux/x86/cpu-features.c
27 6
fe=(16)
829 2 0 1 1 0 0 1
+45 8 7
fi=(19)
+19 11 0 0 2 0 0 2
fe=(16)
775 3 1 0 1 0 0 1
+27 2 0 1
-10 2 0 0 1 0 0 1
+1 2
+2 3 0 0 1 0 0 1
+1 2 1
+2 3
+1 2
fi=(19)
-75 3 0 2 1 0 0 1
cfn=(46)
calls=1 255 
* 437 47 19 13 6 1 13 6 1
+1 1
-1 2 0 1 0 0 1 0 0 1
+1 1 0 1
cfn=(46)
calls=1 255 
* 478 47 19 1 0 0 1
+1 1
-1 1
+1 1 0 1
cfn=(46)
calls=1 255 
* 503 47 19
+3 1
-3 2 0 1 1 0 0 1
+3 1 0 1
cfn=(46)
calls=1 255 
* 459 47 19 1 0 0 1
+2 1
-2 1 0 1
+2 1 0 1
cfn=(46)
calls=1 255 
* 451 47 19
+3 1
-2 1 0 1
-1 1 0 1
+3 1 0 1
cfn=(46)
calls=1 255 
* 428 47 19 1 0 0 1
+2 1
-2 1 0 1
+2 1 0 1
cfn=(46)
calls=1 255 
* 429 47 19
+3 1 0 0 1 0 0 1
-2 1 0 1
-1 1 0 1
+3 1 0 1
cfn=(46)
calls=1 255 
* 469 47 19
+2 1
-2 1 0 1
+2 1 0 1
cfn=(46)
calls=1 255 
* 470 47 19
+3 1
-3 1 0 1
+3 1 0 1
cfn=(46)
calls=1 255 
* 494 47 19
+2 1
-2 1 0 1
+2 1 0 1
cfn=(46)
calls=1 255 
* 495 47 19
+2 1 0 0 1 0 0 1
-2 1
+2 1 0 1
cfn=(46)
calls=1 255 
* 790 80 27 0 2 0 0 2
+2 3
-2 1 0 1
+2 1 0 1
cfn=(52)
calls=1 481 
* 215 20 16 13 0 0 13
863 15 2 1 1 0 0 1
fe=(16)
424 6 0 1 2 0 1 2 0 1
cfn=(36) get_common_indices.constprop.0
calls=1 -99 
* 71 9 22 7 0 3 7 0 3
303 3
+1 2
+1 6 0 4 1 0 0 1
+5 2
+1 6 0 4
+5 2
+1 6 0 4 1 0 0 1
429 1 0 1
cfn=(40)
calls=1 43 
* 194 35 30 16 1 3 16 1 3
+2 1 1
+2 1 1
+83 1 1
-85 2
564 2 1 0 1 0 0 1
+7 2 1
+2 1 0 1
+4 2 1
+6 2 1
422 2
-3 1 0 0 1 0 0 1
+14 3 1 1 1 0 0 1
+1 4 0 0 1 0 0 1
+69 1 0 1
+10 11 1 0 1 1 0 1 1
+42 1 0 1
+1 1
434 11 0 0 1 0 0 1
+55 3 1 0 1 0 0 1

fn=(36)
325 1 0 1 1 0 0 1
+4 4
+3 3 0 1
+5 2
-5 1 0 1 1 0 0 1
+5 1
-5 1 0 1
+4 1 0 1
+1 1 0 1
+1 4 0 1
+1 4 0 1
+1 3 0 1
+1 2 1
+7 2 1 0 1 0 0 1
+2 5
+5 1
-5 1 0 1 0 0 1 0 0 1
+5 1
-5 1 0 1
+5 1
-5 2 0 2
+5 1
+7 1 1 0 1 0 0 1
-7 4 0 4 0 0 1 0 0 1
+7 1
+1 3
+6 1 1
-6 4 0 4 1 0 1 1 0 1
+6 1
fi=(17) ./elf/../sysdeps/unix/sysv/linux/x86/dl-minsigstacksize.h
24 2 1 0 1 0 0 1
+3 2 1
+1 2 1
+37 3
+7 1
+2 1 0 1 1 0 0 1
fe=(16)
384 2 2

fl=(72)
fn=(238)
25 8 0 0 1 0 0 1
+1 16
+1 4 4

fl=(14)
fn=(28)
35 1 0 0 1 0 0 1
+1 3 0 1 0 0 1 0 0 1
+1 2
+6 1
+1 1 1

fl=(43)
fn=(124)
22 2 0 0 1 0 0 1
+5 2
+1 2
+1 2
+1 2
+1 2
+1 2
+1 2
+1 2
+3 2
+1 2
+1 1 1 0 1 0 0 1
+1 1 1
+1 1
+1 1
+1 1
+1 1
+1 1
+2 2
+1 2
+1 1 1
+1 1 1
+1 1
+4 1
+2 1
+1 1
+4 1
+3 1 0 0 1 0 0 1
+1 1
+17 1
+1 1
+1 1 1
+1 1 1
+1 1
+4 1
+47 2 0 0 1 0 0 1
+1 2
+1 2
+1 2
+1 2
+1 2
+1 2 0 0 1 0 0 1
+1 2
+1 2
+1 2
+1 2
+1 2
+1 2 2

fl=(49)
fn=(536)
40 10 0 5 3 0 0 1
+4 5
-4 5 0 5
+4 5
-4 5 0 5
+4 5
-4 10 0 5
+4 5 5
+1 5 5 0 0 2
+1 20 0 0 3 0 0 1
+4 30 25

fn=(1384) _dl_audit_preinit
117 1 0 0 1 0 0 1
+1 4 2 0 0 1

fn=(154)
28 6 0 4 1 0 0 1
+2 1 1 0 1 0 0 1
-1 1 1
+1 2
+6 6 5 0 1 0 0 1

fn=(3828) _dl_audit_objclose
96 9 0 0 1 0 0 1
+1 36 18

fn=(206)
76 7 0 0 2 0 0 1
+1 28 14

fl=(29)
fn=(80)
212 71 0 0 3 0 0 1
+1 71
+6 71
+1 71
+2 61 61 0 0 16 0 0 2
+1 61 0 0 2
+1 61
+2 21 21 0 0 1
+1 21 0 21 0 0 8 0 0 8
+1 21 0 21 0 0 1 0 0 1
+2 21 21
360 10 0 0 1 0 0 1
+1 10
+2 2
+4 2
+1 2
+1 2
+1 2 2 0 0 2 0 0 2
+1 2
+4 2 0 2 0 0 2 0 0 2
+2 2 2
+39 8 8
+1 8 8
+1 8 0 8 0 0 4 0 0 4
+1 8 0 8 0 0 1 0 0 1
+1 8 8
+7 15 15 0 1
+1 15 15
+1 15 0 15 0 0 4 0 0 4
+1 15 0 15 0 0 2 0 0 2
+1 15 0 15 0 0 2 0 0 2
+1 15 0 15
+1 15 15
+11 40 0 0 5 0 0 1
+1 40
+2 38 38 0 0 2
+1 38
+1 38
+2 23 23 0 0 2
+1 23 23 0 0 3
+1 23 23 0 0 6
+1 23 23
+1 23 23
+1 23 23
+1 23 0 23 0 0 2 0 0 2
+1 23 0 23 0 0 5 0 0 4
+1 23 0 23 0 0 3 0 0 3
+1 23 0 23
+1 23 0 23 5 0 4 1 0 4
+1 23 0 23
+1 23 0 23
+1 23 0 23
+1 23 23
+4 2
+1 2
+4 2
+2 2
+16 2
+3 2
+2 2
+2 2
+4 2
+1 2
+9 2 2 0 0 2 0 0 2
+1 2 2 0 1 1 0 1 1
+2 2
+2 2
+1 2 2
+1 2 2 0 0 1 0 0 1
+3 2
+2 2
+2 2
+2 2
+6 2 2
+1 2 2 0 0 1 0 0 1
+1 2 2
+1 2 2 0 0 1 0 0 1
+1 2
+1 2 0 2 0 0 1 0 0 1
+1 2 0 2 0 0 1 0 0 1
+1 2 0 2
+1 2 0 2 1 0 1 1 0 1
+1 2
+1 2
+1 2
-11 4 4
+1 4 4 0 0 1 0 0 1
+1 4 4
+1 4 4 0 0 1 0 0 1
+1 4
+1 4 0 4
+1 4 0 4 0 0 2 0 0 2
+1 4 0 4
+1 4 0 4 0 0 2 0 0 2
+1 4
+1 4
+1 4
+2 2 0 2 0 0 2 0 0 2
+1 2 0 2
+1 2 0 2
+1 2 0 2
+2 2 0 2
+4 2 2

fn=(128)
199 223 0 0 3
+1 223
+1 223
+1 223
+17 223
+1 223
+2 44 44 0 0 3
+1 44
+1 44
+2 36 36
+1 36 0 36 0 0 4 0 0 4
+1 36 0 36 0 0 1
+2 36 36
360 179 0 0 1
+1 179
+2 50
+4 50
+1 31
+1 31
+1 2 2 0 0 1 0 0 1
+1 2
+1 2 2
+1 2 0 2 0 0 1 0 0 1
+2 2 0 2
+2 31 31
+6 19 19
+1 19 19
+1 19 0 19
+1 19 0 19
+1 19 19
+29 129 129 0 3 0 0 1
+1 129 129
+1 129 0 129 0 0 1 0 0 1
+1 129 0 129
+1 129 129
+7 4 4
+1 4 4
+1 4 0 4
+1 4 0 4 0 0 1 0 0 1
+1 4 0 4 0 0 1 0 0 1
+1 4 0 4
+1 4 4
+11 8 0 0 1
+1 8
+2 8 8
+1 8
+1 8
+2 4 4
+1 4 4
+1 4 4
+1 4 4
+1 4 4
+1 4 4
+1 4 0 4
+1 4 0 4
+1 4 0 4
+1 4 0 4
+1 4 0 4
+1 4 0 4
+1 4 0 4
+1 4 0 4
+1 4 4

fl=(361)
fn=(3802)
31 9 0 6 1 0 0 1
+20 3 1 0 0 1
-3 7 0 1 1 0 0 1
+3 4
+3 2 1 1 0 1
cob=(3)
cfi=(240)
cfn=(2094)
calls=1 +23 
* 43 11 5
+2 1 1 0 0 1
+3 2
+2 6 3 0 1 0 0 1
+7 2
-2 1 0 1
+2 1 0 1
cfi=(49)
cfn=(536)
calls=1 -28 
* 21 7 4 2 1
+5 14 0 0 1 0 0 1
+5 1 1
-5 1
+5 3 0 0 1 0 0 1
+2 18 9 0 0 2
+2 18
+2 18 0 9
+1 9 0 9 0 0 8
+1 9
+4 9 0 9 0 0 2
-12 27 9 0 0 2
+14 6 0 0 1 0 0 1
+1 4
+6 5 0 2
cfi=(12)
cfn=(246)
calls=1 290 
* 715 206 100 17 12
+9 2 1 1 1 1 0 1
cob=(3)
cfi=(241)
cfn=(2110)
calls=1 367 
* 34 7 4
+5 6 1 1
+2 1 1
+2 3 1
-2 8 8
+2 24 8
+3 18 0 9
+3 27 9 0 1 8 0 1
+4 12 6
+11 24 12 6 0 6
+1 6 6 0 0 2
+1 12 6 0 0 2
+1 30 0 0 1 0 0 1
+1 12 6 12 0 6
cob=(4)
cfi=(169)
cfn=(3948)
calls=1 0 
* 139 34 16 5 2 0 1
cob=(6)
cfi=(168)
cfn=(3930)
calls=1 0 
* 139 34 16 3 3 0 3
cob=(7)
cfi=(170)
cfn=(3888)
calls=1 0 
* 1169 355 185 15 13 3 8
cob=(9)
cfi=(249)
cfn=(3870)
calls=1 0 
* 139 34 16 3 3 0 1
cob=(10)
cfi=(274)
cfn=(3852)
calls=1 0 
* 139 34 16 3 3 0 3
cob=(8)
cfi=(178)
cfn=(3804)
calls=1 0 
* 139 34 16 11 7 1 11 0 1
-1 30 12
+5 18 6 0 0 5
+1 21 14 7 0 4
cob=(2)
cfi=(51)
cfn=(3964) 0x0000000004b108c8
calls=1 0 
* 4 1 0 1 0 0 1
cob=(2)
cfi=(51)
cfn=(3946) 0x0000000004b87808
calls=1 0 
* 4 1 0 1 0 0 1
cob=(2)
cfi=(51)
cfn=(3928) 0x0000000004a05fc4
calls=1 0 
* 4 1 0 1 0 0 1
cob=(2)
cfi=(51)
cfn=(3886) 0x0000000004e9cbdc
calls=1 0 
* 4 1 0 1 0 0 1
cob=(2)
cfi=(51)
cfn=(3868) 0x0000000004e40368
calls=1 0 
* 4 1 0 1 0 0 1
cob=(2)
cfi=(51)
cfn=(3830) 0x000000000483f334
calls=1 0 
* 157 38 19 7 2 0 3
cob=(2)
cfi=(51)
cfn=(3826) 0x000000000016e2c0
calls=1 0 
* 4 1 0 1 0 0 1
+6 18 0 9
cfi=(49)
cfn=(3828)
calls=9 -57 
* 45 18 0 1 0 0 1
+5 9 0 9 1 0 0 1
-45 27 9
+49 3 0 1
cfi=(49)
cfn=(536)
calls=1 40 
* 21 7 4
* 2 1
-38 9 3 0 0 3
+3 2 1
+41 6 2 0 1 0 0 1
+6 2 1
+7 8 7
73 2 0 1 1 0 0 1

fl=(360) ./elf/../sysdeps/x86_64/tls_get_addr.S
fn=(3786) __tls_get_addr
29 2 0 0 1 0 0 1
+1 2 2
+1 2 2 0 0 1
+2 2 2 0 0 1
+1 2
+1 2 2 0 0 1
+3 2
+1 2 2
+4 2
+1 2
+1 2 2
+1 2 2

fl=(283)
fn=(2366)
783 6 0 3 2 0 0 1
+5 3
-5 6 0 3
+5 3 0 0 3 0 0 1
-5 3
+5 3 3 3
cob=(3)
cfi=(240)
cfn=(2094)
calls=3 77 
* 90 21 6
+7 6 3
+17 9 3
149 3
-7 3
+7 3
-7 3 0 3 2 0 0 1
+7 9 3
821 3
-1 3
+1 6 6
-1 3 3
cob=(3)
cfi=(241)
cfn=(2110)
calls=3 367 
* 66 15 3
156 6 3 0 1 0 0 1

fl=(55)
fn=(178)
28 97 0 0 3 0 0 1
+3 97
-3 291 0 97 0 0 4 0 0 3
+3 582 0 0 3 0 0 1
+8 679
+2 8 8
-2 267 0 89 1
+2 89 89

ob=(2)
fl=(51)
fn=(2468)
0 2 1 0 1 0 0 1
cob=(3)
cfi=(202)
cfn=(1428)
calls=1 60 
0 20 2 0 2

fn=(620)
0 18 9 0 1 1 0 1
cob=(3)
cfi=(171)
cfn=(624)
calls=9 69 
0 671 126 136 7 2 5 7 0 1
cob=(1)
cfi=(159)
cfn=(526)
calls=1 67 
0 957 307 144 0 20 0 0 1
0 5 2 2 1 0 0 1

fn=(1000)
0 156884 78442 0 416 8 0 1
cob=(3)
cfi=(191)
cfn=(1002)
calls=78442 50 
0 1101108 157979 0 20 26 0 4 10

fn=(1004)
0 98 49 0 1 1 0 1
cob=(3)
cfi=(192)
cfn=(1006)
calls=49 71 
0 1048 225 0 4 0 0 4

fn=(1148)
0 2 1 0 1 1 0 1
cob=(7)
cfi=(170)
cfn=(1152)
calls=1 0 
0 109 30 31 6 0 0 6
cob=(1)
cfi=(159)
cfn=(526)
calls=1 67 
0 1151 291 129 0 7
0 5 2 2 1 0 0 1

fn=(1330)
0 482 241 0 6 6 0 2
cob=(3)
cfi=(191)
cfn=(1002)
calls=241 50 
0 3638 523 0 25 48 0 2 39

fn=(1526)
0 2 1 0 1 1 0 1
cob=(7)
cfi=(170)
cfn=(1530)
calls=1 0 
0 1650 357 186 22 24 6 15 5
cob=(1)
cfi=(159)
cfn=(526)
calls=1 67 
0 839 252 129 0 10
0 5 2 2 1 0 0 1

fn=(1642)
0 18 9 0 6 2 0 1
cob=(3)
cfi=(205)
cfn=(1644)
calls=9 105 
0 1419 204 99 47 9 0 10 2

fn=(1828)
0 66 33
cob=(7)
cfi=(170)
cfn=(1832)
calls=33 0 
0 1353 407 297 36 0 0 6
cob=(1)
cfi=(159)
cfn=(526)
calls=1 67 
0 1102 286 129 2 13 0 0 3
0 5 2 2 1

fn=(1986)
0 52 26 0 1 1 0 1
cob=(7)
cfi=(170)
cfn=(1956)
calls=26 0 
0 78 26 26 0 0 4 0 0 4
cob=(1)
cfi=(159)
cfn=(526)
calls=1 67 
0 887 258 129 43 36 8
0 5 2 2 2 1 0 1

fn=(2022)
0 4 2 0 1 1 0 1
cob=(7)
cfi=(170)
cfn=(1952)
calls=2 0 
0 6 2
cob=(1)
cfi=(159)
cfn=(526)
calls=1 67 
0 791 246 129 0 7
0 5 2 2 1 0 0 1

fn=(2034)
0 14 7 0 1 0 0 1
cob=(7)
cfi=(170)
cfn=(1356)
calls=7 0 
0 679 210 105 0 1
cob=(1)
cfi=(159)
cfn=(526)
calls=1 67 
0 631 226 129 0 9
0 5 2 2 1 0 0 1

fn=(2172)
0 2 1 0 1 1 0 1
cob=(3)
cfi=(166)
cfn=(572)
calls=1 46 
0 61 4 0 5 1 0 1

fn=(2236)
0 4 2
cob=(3)
cfi=(241)
cfn=(2110)
calls=2 367 
0 68 14 8 5

fn=(2274)
0 10 5 0 3 1 0 1
cob=(3)
cfi=(240)
cfn=(2094)
calls=5 77 
0 180 45 20 0 5 0 0 2

fn=(2304)
0 10 5 0 3 3 0 1
cob=(3)
cfi=(241)
cfn=(2110)
calls=5 367 
0 110 20 15

fn=(2332)
0 6 3 0 3 2 0 1
cob=(3)
cfi=(277)
cfn=(2334)
calls=3 64 
0 6172 1326 705 63 58 3 31 6

fn=(2352)
0 42 21 0 5 10 0 1
cob=(3)
cfi=(172)
cfn=(650)
calls=21 3287 
0 4863 756 596 23 48 19 2 0 4

fn=(2376)
0 4 2 0 1 1 0 1
cob=(3)
cfi=(284)
cfn=(2378)
calls=2 27 
0 140 30 16 7 1 2 2 0 2

fn=(2484)
0 2 1 0 1 1 0 1
cob=(3)
cfi=(227)
cfn=(1802)
calls=1 181 
0 19 2 4

fn=(2520)
0 2 1
cob=(3)
cfi=(172)
cfn=(2102)
calls=1 3624 
0 429 70 87 29 8 16
cob=(1)
cfi=(159)
cfn=(526)
calls=1 67 
0 791 286 143 19 13
0 5 2 2 1 1 0 1

fn=(2578)
0 26604 13302 0 4 6522 0 1
cob=(3)
cfi=(193)
cfn=(1336)
calls=13302 307 
0 585408 403932 390404 54 10500 10288 0 545 4076

fn=(2674)
0 4 2 0 2 2
cob=(3)
cfi=(211)
cfn=(2676)
calls=2 51 
0 42 6 0 4 0 0 2

fn=(2684)
0 10 5 0 2 2 0 1
cob=(7)
cfi=(170)
cfn=(2480)
calls=5 0 
0 832 162 122 9 17 3 0 0 1

fn=(2762)
0 2 1 0 1 1
cob=(10)
cfi=(274)
cfn=(2764)
calls=1 0 
0 174 40 33 13 1 1 13

fn=(2768)
0 18 9 0 2 8 0 1
cob=(7)
cfi=(170)
cfn=(834)
calls=9 0 
0 225 90 54 1

fn=(2774)
0 2 1 0 1 1
cob=(7)
cfi=(170)
cfn=(1228)
calls=1 0 
0 20 7 3

fn=(2854)
0 5416 2708 0 2 7 0 1
cob=(8)
cfi=(178)
cfn=(2856)
calls=2708 0 
0 127276 24372 21664 10 0 0 5

fn=(2860)
0 2 1 0 1 1 0 1
cob=(7)
cfi=(170)
cfn=(2862)
calls=1 0 
0 9 2 3 1 0 0 1

fn=(3072)
0 12 6 0 1 1 0 1
cob=(7)
cfi=(170)
cfn=(3074)
calls=6 0 
0 83 29 0 2 8 0 1

fn=(3088)
0 30 15 0 2 4
cob=(10)
cfi=(274)
cfn=(3090)
calls=15 0 
0 20276 4295 3981 24 78 529 10 0 49

fn=(3158)
0 2 1 0 1 1
cob=(7)
cfi=(170)
cfn=(3160)
calls=1 0 
0 19 6 2 1

fn=(3192)
0 14 7 0 6 5
cob=(3)
cfi=(338)
cfn=(3194)
calls=7 40 
0 25889 20210 19013 9 40 458 4

fn=(3394)
0 2 1 0 1 1 0 1
cob=(10)
cfi=(274)
cfn=(3396)
calls=1 0 
0 3782 98 3183 7 23 56 7

fn=(3444)
0 202 101 0 0 100
cob=(4)
cfi=(344)
cfn=(3446)
calls=101 33 
0 1818 101 0 303 0 0 3

fn=(3464)
0 200 100 0 100 100 0 100
cob=(4)
cfi=(346)
cfn=(3466)
calls=100 31 
0 12676 2991 300 783 698 0 14 53

fn=(3510)
0 32 16 0 4 3
cob=(3)
cfi=(351)
cfn=(3514)
calls=16 25 
0 336 112 80 5 2 0 2
cob=(1)
cfi=(159)
cfn=(526)
calls=1 67 
0 761 280 139 11 11 0 0 4
0 5 2 2 1

fn=(3574)
0 366 183 0 1 0 0 1
cob=(3)
cfi=(227)
cfn=(1802)
calls=183 181 
0 3475 183 220 3
cob=(1)
cfi=(159)
cfn=(526)
calls=1 67 
0 845 290 141 3 34 0 0 1
0 5 2 2 1 0 0 1

fn=(3636)
0 2 1 0 1 1 0 1
cob=(7)
cfi=(170)
cfn=(3640)
calls=1 0 
0 1782 582 292 17 45 1 6 8
cob=(1)
cfi=(159)
cfn=(526)
calls=1 67 
0 1126 289 129 16 38 14 0 2
0 5 2 2 1 1 0 1

fn=(3830)
0 3 0 1 2 0 0 1
cob=(5)
cfi=(163)
cfn=(3832)
calls=1 0 
0 152 37 18 5 2 0 2
0 2 1

fn=(3894)
0 2 1 0 1
cob=(3)
cfi=(362)
cfn=(3812)
calls=1 30 
0 1149 348 181 12 10 3 7

fn=(3788)
0 6 3 0 1 1 0 1
cob=(7)
cfi=(170)
cfn=(3792)
calls=3 0 
0 1686 529 241 9 22 0 9 2
cob=(1)
cfi=(159)
cfn=(526)
calls=1 67 
0 966 269 129 0 6 0 0 1
0 5 2 2 1 0 0 1

fn=(3789)
0 2 1
cob=(7)
cfi=(170)
cfn=(3793)
calls=1 0 
0 134 52 23

fn=(3794)
0 6 3 0 1 1 0 1
cob=(7)
cfi=(170)
cfn=(3798)
calls=3 0 
0 212 79 39 3 1 0 3
cob=(1)
cfi=(159)
cfn=(526)
calls=1 67 
0 1022 276 129 0 8 0 0 2
0 5 2 2 1 0 0 1

fn=(3795)
0 2 1
cob=(7)
cfi=(170)
cfn=(3799)
calls=1 0 
0 23 8 5

fn=(160)
0 28 14 0 4 3 0 1
cob=(3)
cfi=(238)
cfn=(2086)
calls=13 225 
0 805275 202716 76211 1755 6558 814 731 2196 541
cob=(1)
cfi=(52)
cfn=(162)
calls=1 225 
0 2782 596 296 110 35 33 110 35 33

fn=(161)
0 22 11 0 3 1
cob=(3)
cfi=(238)
cfn=(2087)
calls=11 225 
0 15527 3779 1971 170 156 63 47 10 43

fn=(520)
0 38 19 0 1 1 0 1
cob=(1)
cfi=(10)
cfn=(24)
calls=19 405 
0 391 76 19 0 27 0 0 8
cob=(1)
cfi=(159)
cfn=(526)
calls=1 67 
0 945 311 142 11 10 13 11 0 2
0 5 2 2 2 1 0 2

fn=(570)
0 2 1 0 1 0 0 1
cob=(3)
cfi=(166)
cfn=(572)
calls=1 46 
0 80 5 0 5 3 0 5 2

fn=(846)
0 2 1 0 1 1 0 1
cob=(7)
cfi=(170)
cfn=(850)
calls=1 0 
0 76869 20928 9666 332 434 102 326 77 95
cob=(1)
cfi=(159)
cfn=(526)
calls=1 67 
0 743 240 129 0 5 0 0 1
0 5 2 2 1 0 0 1

fn=(916)
0 2 1 0 1 1 0 1
cob=(7)
cfi=(170)
cfn=(920)
calls=1 0 
0 414 137 75 7 4 0 7 2
cob=(1)
cfi=(159)
cfn=(526)
calls=1 67 
0 1135 289 129 0 9 0 0 2
0 5 2 2 1 0 0 1

fn=(946)
0 2 1 0 1 1 0 1
cob=(7)
cfi=(170)
cfn=(950)
calls=1 0 
0 44 12 9 2 1 1 2 0 1
cob=(1)
cfi=(159)
cfn=(526)
calls=1 67 
0 806 250 129 0 7 0 0 1
0 5 2 2 1 0 0 1

fn=(988)
0 24 12 0 1 1 0 1
cob=(7)
cfi=(170)
cfn=(992)
calls=12 0 
0 4313 949 318 20 20 0 17 7
cob=(1)
cfi=(159)
cfn=(526)
calls=1 67 
0 887 258 129 0 6 0 0 1
0 5 2 2 1 0 0 1

fn=(994)
0 20 10 0 0 1
cob=(3)
cfi=(190)
cfn=(998)
calls=10 26 
0 3270 636 177 10 10 0 10 4
cob=(1)
cfi=(159)
cfn=(526)
calls=1 67 
0 872 289 139 3 9 0 0 3
0 5 2 2

fn=(1038)
0 2 1 0 1 1 0 1
cob=(7)
cfi=(170)
cfn=(1042)
calls=1 0 
0 168 12 30 14 0 0 14
cob=(1)
cfi=(159)
cfn=(526)
calls=1 67 
0 1111 286 129 0 9 0 0 3
0 5 2 2 1 0 0 1

fn=(1242)
0 3320 1660 0 17 11 0 1
cob=(7)
cfi=(170)
cfn=(1246)
calls=1660 0 
0 4980 1660 0 24 0 0 1
cob=(1)
cfi=(159)
cfn=(526)
calls=1 67 
0 894 260 129 0 7 0 0 2
0 5 2 2 1 0 0 1

fn=(1478)
0 4 2 0 1 0 0 1
cob=(7)
cfi=(170)
cfn=(1480)
calls=2 0 
0 34 12 4 2 0 0 2

fn=(1540)
0 16 8 0 4 3 0 1
cob=(7)
cfi=(170)
cfn=(1544)
calls=8 0 
0 4720 1220 705 103 31 1 24 4
cob=(1)
cfi=(159)
cfn=(526)
calls=1 67 
0 1390 322 129 0 9 0 0 2
0 5 2 2 1 0 0 1

fn=(1834)
0 66 33 0 6 9 0 1
cob=(7)
cfi=(170)
cfn=(1838)
calls=33 0 
0 1584 264 264 18 3 0 3
cob=(1)
cfi=(159)
cfn=(526)
calls=1 67 
0 1134 290 129 0 9
0 5 2 2 1 0 0 1

fn=(1950)
0 6 3 0 1 1 0 1
cob=(7)
cfi=(170)
cfn=(1952)
calls=3 0 
0 9 3 0 1 0 0 1

fn=(1958)
0 6 3
cob=(7)
cfi=(170)
cfn=(1960)
calls=3 0 
0 7391 1534 1597 80 54 31 32 2 13

fn=(2140)
0 7 2 0 1 1 0 1

fn=(2176)
0 2 1 0 1 0 0 1
cob=(3)
cfi=(256)
cfn=(2178)
calls=1 53 
0 69 8 4 9 0 2 9

fn=(2186)
0 2 1 0 1 1 0 1
cob=(9)
cfi=(259)
cfn=(2188)
calls=1 314 
0 5324 2148 263 53 185 20 50 7

fn=(2220)
0 4 2 0 2 0 0 1
cob=(3)
cfi=(267)
cfn=(2222)
calls=2 23 
0 6 4 0 2 0 0 1

fn=(2226)
0 10 5 0 1 1 0 1
cob=(3)
cfi=(268)
cfn=(2228)
calls=5 34 
0 3295 1082 37 10 89 0 7 5

fn=(2230)
0 4 2 0 1 1 0 1
cob=(3)
cfi=(269)
cfn=(2232)
calls=2 83 
0 54 10 0 2 0 0 2

fn=(2278)
0 8 4 0 2 2 0 1
cob=(7)
cfi=(170)
cfn=(2280)
calls=4 0 
0 144 8 0 5 0 0 3

fn=(2284)
0 534 267 0 2 38 0 1
cob=(7)
cfi=(170)
cfn=(1344)
calls=267 0 
0 48080 8976 6842 201 866 291 14 0 18

fn=(2302)
0 90244 45122 0 3 19311
cob=(3)
cfi=(172)
cfn=(650)
calls=45122 3287 
0 19724038 2808464 2297603 5856 188228 118159 0 0 4

fn=(2346)
0 14 7
cob=(3)
cfi=(238)
cfn=(2348)
calls=7 91 
0 287 126 35 6 0 0 5

fn=(2372)
0 4 2 0 1 1 0 1
cob=(3)
cfi=(191)
cfn=(1002)
calls=2 50 
0 28 4 0 0 1 0 0 1

fn=(2546)
0 4 2 0 1 1 0 1
cob=(4)
cfi=(319)
cfn=(2548)
calls=2 22 
0 82 18 6 3 0 0 3

fn=(2574)
0 10 5 0 1 1 0 1
cob=(7)
cfi=(170)
cfn=(1486)
calls=5 0 
0 30 15 5 2

fn=(2610)
0 4 2 0 2 2 0 1
cob=(7)
cfi=(170)
cfn=(2614)
calls=2 0 
0 940 321 177 23 28 2 12
cob=(1)
cfi=(159)
cfn=(526)
calls=1 67 
0 1059 288 134 1 7 0 0 1
0 5 2 2 1 0 0 1

fn=(2630)
0 2 1
cob=(7)
cfi=(170)
cfn=(2632)
calls=1 0 
0 4969 1341 764 74 70 8 47 11 1

fn=(2686)
0 2 1 0 1 1 0 1
cob=(7)
cfi=(170)
cfn=(2688)
calls=1 0 
0 7 3 1 1 0 0 1

fn=(2798)
0 24 12 0 4 6 0 1
cob=(7)
cfi=(170)
cfn=(1234)
calls=12 0 
0 96 48 12 1 6

fn=(2840)
0 6 3 0 1 1 0 1
cob=(8)
cfi=(178)
cfn=(1882)
calls=3 0 
0 93 21 15 3
cob=(1)
cfi=(159)
cfn=(526)
calls=1 67 
0 1147 267 123 6 18 0 0 2
0 5 2 2 1 0 0 1

fn=(2892)
0 26588 13294 0 2 6528
cob=(7)
cfi=(170)
cfn=(1356)
calls=13294 0 
0 1296054 400484 199960 179 32895 56 13

fn=(2950)
0 36 18 0 1 6
cob=(10)
cfi=(274)
cfn=(2952)
calls=18 0 
0 2085 539 171 6 16 0 5

fn=(3130)
0 8 4 0 2 2 0 1
cob=(7)
cfi=(170)
cfn=(3134)
calls=4 0 
0 1691 536 313 75 65 0 28 5
cob=(1)
cfi=(159)
cfn=(526)
calls=1 67 
0 823 250 129 0 7 0 0 2
0 5 2 2 1 0 0 1

fn=(3254)
0 5256 2628 0 2 407 0 1
cob=(3)
cfi=(172)
cfn=(650)
calls=2628 3287 
0 1038840 160395 133208 274 4122 5438 0 0 4

fn=(3294)
0 2 1 0 0 1
cob=(7)
cfi=(170)
cfn=(1838)
calls=1 0 
0 49 7 8 5 1

fn=(3628)
0 280 140 0 2 13 0 1
cob=(3)
cfi=(354)
cfn=(3632)
calls=140 25 
0 1260 280 0 1 0 0 1
cob=(1)
cfi=(159)
cfn=(526)
calls=1 67 
0 777 282 139 0 33 3 0 5
0 5 2 2 1 0 0 1

fn=(3694)
0 4 2 0 1 1 0 1
cob=(7)
cfi=(170)
cfn=(1356)
calls=2 0 
0 194 60 30

fn=(3964)
0 4 1 0 1 0 0 1

fn=(2474)
0 2 1 0 1 1 0 1
cob=(3)
cfi=(309)
cfn=(2476)
calls=1 91 
0 4 1 0 1 0 0 1

fn=(3000)
0 8 4 0 3 3
cob=(10)
cfi=(274)
cfn=(3002)
calls=4 0 
0 300 92 45 23 3 0 14

fn=(3782)
0 4 2 0 1 1
cob=(1)
cfi=(360)
cfn=(3786)
calls=2 29 
0 24 14 0 1 3 0 1
cob=(1)
cfi=(159)
cfn=(526)
calls=1 67 
0 894 306 142 0 40 0 0 2
0 5 2 2 1

fn=(576)
0 7 2 0 1 1 0 1

fn=(588)
0 7 2 0 1 1 0 1

fn=(598)
0 7 2 0 1 1 0 1

fn=(898)
0 64 32 0 1 1 0 1
cob=(7)
cfi=(170)
cfn=(902)
calls=32 0 
0 13436 3956 483 10 15 0 10 5
cob=(1)
cfi=(159)
cfn=(526)
calls=1 67 
0 1055 279 129 0 7 0 0 2
0 5 2 2 1 0 0 1

fn=(1020)
0 2 1 0 1 1 0 1
cob=(7)
cfi=(170)
cfn=(1024)
calls=1 0 
0 109 30 31 6 0 0 6
cob=(1)
cfi=(159)
cfn=(526)
calls=1 67 
0 1239 302 129 0 8 0 0 1
0 5 2 2 1 0 0 1

fn=(1026)
0 2 1 0 1 1 0 1
cob=(7)
cfi=(170)
cfn=(1030)
calls=1 0 
0 109 30 31 6 0 0 6
cob=(1)
cfi=(159)
cfn=(526)
calls=1 67 
0 1215 300 129 0 9
0 5 2 2 1 0 0 1

fn=(1032)
0 2 1 0 1 1 0 1
cob=(7)
cfi=(170)
cfn=(1036)
calls=1 0 
0 1314 307 170 18 10 0 18 3
cob=(1)
cfi=(159)
cfn=(526)
calls=1 67 
0 990 273 129 0 5
0 5 2 2 1 0 0 1

fn=(1272)
0 3320 1660 0 31 11
cob=(7)
cfi=(170)
cfn=(1276)
calls=1660 0 
0 31540 14940 3320 24 12 0 1
cob=(1)
cfi=(159)
cfn=(526)
calls=1 67 
0 1270 307 129 0 8 0 0 3
0 5 2 2 1

fn=(1358)
0 29212 14606 0 105 6547
cob=(7)
cfi=(170)
cfn=(1362)
calls=14606 0 
0 1370554 426620 219830 180 26512 62 31 1
cob=(1)
cfi=(159)
cfn=(526)
calls=1 67 
0 623 226 129 0 6 0 0 1
0 5 2 2 1

fn=(1606)
0 54 27 0 21 3 0 1
cob=(7)
cfi=(170)
cfn=(1610)
calls=27 0 
0 3353 1065 586 148 39 0 9 2
cob=(1)
cfi=(159)
cfn=(526)
calls=1 67 
0 719 237 129 0 7
0 5 2 2 1 0 0 1

fn=(1664)
0 2 1 0 1 1 0 1
cob=(7)
cfi=(170)
cfn=(1666)
calls=1 0 
0 1797 440 204 54 9 0 18

fn=(1760)
0 158346 79173 0 15 12 0 1
cob=(3)
cfi=(193)
cfn=(1762)
calls=79173 294 
0 1423759 158810 79635 13 11 75 1 2

fn=(1770)
0 156692 78346 0 15 5 0 1
cob=(3)
cfi=(202)
cfn=(1428)
calls=78346 60 
0 1566946 156695 0 10 1 0 2 1
cob=(1)
cfi=(159)
cfn=(526)
calls=1 67 
0 836 289 141 5 12 0 0 1
0 5 2 2 1 0 0 1

fn=(1816)
0 66 33 0 6 7 0 1
cob=(8)
cfi=(178)
cfn=(1820)
calls=33 0 
0 10107 1891 1487 41 101 51 4 0 2
cob=(1)
cfi=(159)
cfn=(526)
calls=1 67 
0 1077 259 123 46 17 0 0 2
0 5 2 2 2 1 0 1

fn=(1848)
0 60 30 0 10 8
cob=(7)
cfi=(170)
cfn=(1344)
calls=30 0 
0 2514 552 366 7 34 8 0 0 3
cob=(1)
cfi=(159)
cfn=(526)
calls=1 67 
0 607 223 129 0 9
0 5 2 2 1

fn=(1954)
0 6 3 0 1 1
cob=(7)
cfi=(170)
cfn=(1956)
calls=3 0 
0 9 3 3 1 0 0 1

fn=(2002)
0 8 4 0 1 1 0 1
cob=(7)
cfi=(170)
cfn=(2006)
calls=4 0 
0 284 64 32 2 0 0 2
cob=(1)
cfi=(159)
cfn=(526)
calls=1 67 
0 1110 287 129 1 10 3 0 1
0 5 2 2 1 0 0 1

fn=(2252)
0 2 1 0 1 1 0 1
cob=(3)
cfi=(272)
cfn=(2254)
calls=1 25 
0 18 2 3 2 1 1 2 1 1

fn=(2260)
0 7 2 0 1 1 0 1

fn=(2276)
0 4 2 0 1 1 0 1
cob=(3)
cfi=(267)
cfn=(2222)
calls=2 23 
0 6 4 0 1

fn=(2306)
0 8 4 0 3 2 0 1
cob=(9)
cfi=(270)
cfn=(2308)
calls=4 294 
0 29408 6871 3851 516 258 96 250 25 61

fn=(2356)
0 6 3 0 1 1
cob=(3)
cfi=(281)
cfn=(2358)
calls=3 25 
0 1332 402 252 18 5 0 9

fn=(2386)
0 4 2
cob=(3)
cfi=(238)
cfn=(2388)
calls=2 109 
0 1689 482 239 17 30 23 5 3 20

fn=(2500)
0 8 4 0 2 3 0 1
cob=(9)
cfi=(312)
cfn=(2502)
calls=4 38 
0 108 28 16 6 3 0 3

fn=(2566)
0 2 1 0 1 1 0 1
cob=(4)
cfi=(323)
cfn=(2568)
calls=1 32 
0 13 3 1 2 0 0 2

fn=(2598)
0 46 23 0 2 8 0 1
cob=(7)
cfi=(170)
cfn=(1216)
calls=23 0 
0 5083 1725 1012 55 144 6

fn=(2640)
0 4 2 0 0 1
cob=(7)
cfi=(170)
cfn=(2644)
calls=2 0 
0 2155 574 434 95 56 16 38 7
cob=(1)
cfi=(159)
cfn=(526)
calls=1 67 
0 967 268 129 0 10 0 0 2
0 5 2 2 1

fn=(2722)
0 422 211 0 6 12 0 1
cob=(7)
cfi=(170)
cfn=(2726)
calls=211 0 
0 3348 1340 141 297 55 0 1 1
cob=(1)
cfi=(159)
cfn=(526)
calls=1 67 
0 799 247 129 0 6 1 0 1
0 5 2 2 1 0 0 1

fn=(2728)
0 422 211 0 146 12
cob=(3)
cfi=(331)
cfn=(2732)
calls=211 32 
0 1477 633 0 146 22 0 1
cob=(1)
cfi=(159)
cfn=(526)
calls=1 67 
0 811 283 139 3 12 0 0 1
0 5 2 2 1

fn=(2746)
0 100676 50338 0 4 16
cob=(8)
cfi=(178)
cfn=(1826)
calls=50338 0 
0 3646188 723770 572698 17 36 220

fn=(2776)
0 2 1 0 1 0 0 1
cob=(7)
cfi=(170)
cfn=(1252)
calls=1 0 
0 19 9 2 0 1

fn=(3036)
0 778 389 0 1 3
cob=(10)
cfi=(274)
cfn=(3038)
calls=389 0 
0 8947 3501 2723 2 0 53 2 0 27

fn=(3060)
0 8 4 0 1
cob=(7)
cfi=(170)
cfn=(3062)
calls=4 0 
0 75 34 0 2 3 0 2

fn=(3196)
0 2 1 0 0 1
cob=(7)
cfi=(170)
cfn=(1514)
calls=1 0 
0 852 261 198 43 29 6

fn=(3212)
0 2 1 0 1 1
cob=(7)
cfi=(170)
cfn=(3214)
calls=1 0 
0 978 164 132 19 5 6 2

fn=(3506)
0 32 16 0 1 1
cob=(7)
cfi=(170)
cfn=(3202)
calls=16 0 
0 2318 874 397 37 16 0 4 4

fn=(3612)
0 2 1 0 1 1 0 1
cob=(7)
cfi=(170)
cfn=(2688)
calls=1 0 
0 7 3 1 1

fn=(3642)
0 2 1 0 1 1 0 1
cob=(7)
cfi=(170)
cfn=(3646)
calls=1 0 
0 841 299 147 8 34 0 1 5
cob=(1)
cfi=(159)
cfn=(526)
calls=1 67 
0 892 266 134 3 10 1 0 3
0 5 2 2 1 0 0 1

fn=(3726)
0 2 1 0 1 0 0 1
cob=(3)
cfi=(359)
cfn=(3728)
calls=1 25 
0 16 2 1 2 1 0 1

fn=(3868)
0 4 1 0 1 0 0 1

fn=(3936)
0 2 1 0 1 0 0 1
cob=(3)
cfi=(362)
cfn=(3812)
calls=1 30 
0 119 27 12

fn=(2984)
0 44 22 0 2 8 0 1
cob=(10)
cfi=(274)
cfn=(2986)
calls=22 0 
0 1632 425 181 11 15 2 4

fn=(3770)
0 4 2 0 1 1 0 1
cob=(7)
cfi=(170)
cfn=(3774)
calls=2 0 
0 1685 571 279 7 56 0 3 3
cob=(1)
cfi=(159)
cfn=(526)
calls=1 67 
0 767 243 129 0 8 3 0 1
0 5 2 2 1 0 0 1

fn=(3776)
0 4 2 0 1 1
cob=(7)
cfi=(170)
cfn=(3780)
calls=2 0 
0 941 326 146 4 44 0 2 2
cob=(1)
cfi=(159)
cfn=(526)
calls=1 67 
0 719 237 129 0 10 0 0 1
0 5 2 2 1

fn=(610)
0 4 2 0 1 1 0 1
cob=(7)
cfi=(170)
cfn=(616)
calls=2 0 
0 10 4 2 1 1 0 1
cob=(1)
cfi=(159)
cfn=(526)
calls=1 67 
0 789 243 129 0 13 7 0 0 2
0 5 2 2 1 1 0 1

fn=(830)
0 3478 1739 0 13 13 0 1
cob=(7)
cfi=(170)
cfn=(834)
calls=1739 0 
0 121899 38811 20368 374 479 110 335 81 96
cob=(1)
cfi=(159)
cfn=(526)
calls=1 67 
0 703 235 129 0 7 1
0 5 2 2 1 0 0 1

fn=(858)
0 2 1 0 1 1 0 1
cob=(7)
cfi=(170)
cfn=(862)
calls=1 0 
0 4099 1202 668 31 60 12 31 16 9
cob=(1)
cfi=(159)
cfn=(526)
calls=1 67 
0 743 240 129 0 7 0 0 1
0 5 2 2 1 0 0 1

fn=(1254)
0 3320 1660 0 29 14 0 1
cob=(7)
cfi=(170)
cfn=(1258)
calls=1660 0 
0 4980 1660 0 17 0 0 1
cob=(1)
cfi=(159)
cfn=(526)
calls=1 67 
0 1291 317 134 0 5 0 0 3
0 5 2 2 1 0 0 1

fn=(1296)
0 8 4 0 1 1 0 1
cob=(7)
cfi=(170)
cfn=(1300)
calls=4 0 
0 76 36 8 2 2 0 2
cob=(1)
cfi=(159)
cfn=(526)
calls=1 67 
0 902 261 129 0 7 0 0 3
0 5 2 2 1 0 0 1

fn=(1412)
0 2 1 0 1 1 0 1
cob=(3)
cfi=(201)
cfn=(1414)
calls=1 26 
0 58 15 8 6 0 0 6

fn=(1426)
0 482 241 0 6 1 0 1
cob=(3)
cfi=(202)
cfn=(1428)
calls=241 60 
0 4856 486 0 17 2 0 6 2

fn=(1462)
0 250 125
cob=(3)
cfi=(192)
cfn=(1006)
calls=125 71 
0 2435 481 0 42 1 0 1

fn=(1564)
0 906 453 0 15 12
cob=(7)
cfi=(170)
cfn=(1568)
calls=453 0 
0 5889 453 1359 26 0 0 2
cob=(1)
cfi=(159)
cfn=(526)
calls=1 67 
0 1142 291 129 0 9 1 0 2
0 5 2 2

fn=(1570)
0 762648 381324 0 21 23 0 1
cob=(3)
cfi=(193)
cfn=(1336)
calls=381324 307 
0 5477767 1062929 681605 12 1673 756 0 130 3
cob=(1)
cfi=(159)
cfn=(526)
calls=1 67 
0 1056 348 163 7 18 0 0 2
0 5 2 2 1 0 0 1

fn=(1574)
0 48 24 0 17 0 0 1
cob=(7)
cfi=(170)
cfn=(1576)
calls=24 0 
0 3680 890 711 170 10 0 15

fn=(1688)
0 156646 78323 0 14 6 0 3
cob=(7)
cfi=(170)
cfn=(1690)
calls=78323 0 
0 228908289 50874955 34611582 181712 510 392 299 32 6

fn=(1700)
0 156646 78323 0 13 6 0 1
cob=(7)
cfi=(170)
cfn=(1704)
calls=78323 0 
0 2428013 234969 313292 16 6 0 3 1
cob=(1)
cfi=(159)
cfn=(526)
calls=1 67 
0 983 270 129 0 8 1 0 1
0 5 2 2 1 0 0 1

fn=(1712)
0 156646 78323 0 6 5 0 1
cob=(3)
cfi=(207)
cfn=(1716)
calls=78323 123 
0 183873571 38403728 26451940 154820 177 146 227 20 4
cob=(1)
cfi=(159)
cfn=(526)
calls=1 67 
0 873 290 139 5 18 2 0 1
0 5 2 2 1 0 0 1

fn=(1796)
0 161952 80976 0 7 2 0 2
cob=(7)
cfi=(170)
cfn=(1798)
calls=80976 0 
0 14743819 4761415 2505161 260 640 223 52 13

fn=(2014)
0 6 3 0 1 1 0 1
cob=(3)
cfi=(234)
cfn=(2018)
calls=3 28 
0 45 4 1 4 0 0 4
cob=(1)
cfi=(159)
cfn=(526)
calls=1 67 
0 812 283 139 6 36 0 0 4
0 5 2 2 1 0 0 1

fn=(2026)
0 6 3
cob=(7)
cfi=(170)
cfn=(2028)
calls=3 0 
0 3006 856 409 6 19 0 6

fn=(2030)
0 52 26 0 1 1 0 1
cob=(7)
cfi=(170)
cfn=(2029)
calls=26 0 
0 104 26
cob=(1)
cfi=(159)
cfn=(526)
calls=1 67 
0 1111 286 129 0 8
0 5 2 2 1 0 0 1

fn=(2214)
0 2 1
cob=(3)
cfi=(266)
cfn=(2216)
calls=1 23 
0 3 1 0 1 0 0 1

fn=(2218)
0 4 2 0 1
cob=(3)
cfi=(240)
cfn=(2094)
calls=2 77 
0 86 22 10 7 2

fn=(2290)
0 4 2 0 2 2
cob=(7)
cfi=(170)
cfn=(2294)
calls=2 0 
0 76 14 2 12 2 0 6 1
cob=(1)
cfi=(159)
cfn=(526)
calls=1 67 
0 983 270 129 0 34 10 0 2
0 5 2 2 2 1

fn=(2478)
0 2 1 0 1 1
cob=(7)
cfi=(170)
cfn=(2480)
calls=1 0 
0 61 15 8 4 1 0 1

fn=(2508)
0 6 3 0 1 2
cob=(3)
cfi=(315)
cfn=(2510)
calls=3 24 
0 33 9 0 4 2 0 2

fn=(2560)
0 2 1 0 1 1 0 1
cob=(4)
cfi=(321)
cfn=(2562)
calls=1 29 
0 32 6 1 4 2 0 4 2

fn=(2572)
0 10 5 0 1 1 0 1
cob=(7)
cfi=(170)
cfn=(1480)
calls=5 0 
0 85 30 10 6 1

fn=(2590)
0 24 12 0 2 3 0 1
cob=(7)
cfi=(170)
cfn=(2006)
calls=12 0 
0 852 192 96 6 20 1

fn=(2678)
0 4 2 0 2 2 0 1
cob=(7)
cfi=(170)
cfn=(2682)
calls=2 0 
0 691 129 106 14 18 3 3 0 1
cob=(1)
cfi=(159)
cfn=(526)
calls=1 67 
0 1142 291 129 0 8 0 0 2
0 5 2 2 1 0 0 1

fn=(2694)
0 280848 140424 0 3 9 0 1
cob=(7)
cfi=(170)
cfn=(2696)
calls=140424 0 
0 22204758 6605239 4215374 195 1538 46 38 134

fn=(2752)
0 2 1 0 1 1 0 1
cob=(3)
cfi=(172)
cfn=(2754)
calls=1 3400 
0 68 18 12 2 2 0 2

fn=(2824)
0 6 3 0 1 1
cob=(7)
cfi=(170)
cfn=(2828)
calls=3 0 
0 1190 368 186 17 17 0 13 4
cob=(1)
cfi=(159)
cfn=(526)
calls=1 67 
0 935 264 129 0 9 10 0 1 1
0 5 2 2 1

fn=(2836)
0 6 3 0 1 1
cob=(3)
cfi=(256)
cfn=(2838)
calls=3 53 
0 135 9 3 7 0 0 7

fn=(2956)
0 24 12 0 6 7 0 1
cob=(10)
cfi=(274)
cfn=(2958)
calls=12 0 
0 910 276 130 24 2 1 15

fn=(3064)
0 780 390 0 1 1
cob=(7)
cfi=(170)
cfn=(2688)
calls=390 0 
0 2730 1170 390 2
cob=(1)
cfi=(159)
cfn=(526)
calls=1 67 
0 1046 279 129 44 38 14
0 5 2 2 1 1

fn=(3098)
0 154480 77240 0 5 19513
cob=(3)
cfi=(172)
cfn=(1368)
calls=77240 3352 
0 7272006 2087651 934772 69 230411 28710

fn=(3136)
0 4 2 0 2 2
cob=(3)
cfi=(336)
cfn=(3140)
calls=2 34 
0 804 226 160 66 27 0 27
cob=(1)
cfi=(159)
cfn=(526)
calls=1 67 
0 804 282 139 4 36 0 0 5
0 5 2 2 1

fn=(3186)
0 2 1 0 1 1
cob=(10)
cfi=(274)
cfn=(3188)
calls=1 0 
0 676 186 103 5 8 0 5

fn=(3310)
0 161087648 80543824 0 2 6615 0 1
cob=(4)
cfi=(343)
cfn=(3312)
calls=80543824 49 
0 3785552465 885989155 0 25572 33038 0 9 37

fn=(3434)
0 77802 38901 0 1 1
cob=(4)
cfi=(342)
cfn=(3308)
calls=38901 31 
0 2093490 473933 0 509 7582 0 3 32

fn=(3468)
0 200 100 0 100 100 0 1
cob=(4)
cfi=(347)
cfn=(3470)
calls=100 283 
0 10576 2391 0 483 598 0 11 53

fn=(3652)
0 2 1 0 1 1 0 1
cob=(7)
cfi=(170)
cfn=(3160)
calls=1 0 
0 19 6 2 1

fn=(2988)
0 54 27 0 6 8
cob=(10)
cfi=(274)
cfn=(2990)
calls=27 0 
0 3395 856 265 11 27 1 4

fn=(3004)
0 2 1 0 1 0 0 1
cob=(10)
cfi=(274)
cfn=(3006)
calls=1 0 
0 30 10 8 5 0 0 5

fn=(814)
0 7 2 0 1 0 0 1

fn=(870)
0 156674 78337 0 8 7 0 1
cob=(3)
cfi=(180)
cfn=(874)
calls=78337 136 
0 472115 157278 304 34 36 2 22 7
cob=(1)
cfi=(159)
cfn=(526)
calls=1 67 
0 966 321 151 0 21 0 0 8
0 5 2 2 1 0 0 1

fn=(940)
0 2 1 0 1 1 0 1
cob=(7)
cfi=(170)
cfn=(944)
calls=1 0 
0 168 12 30 14 0 0 14
cob=(1)
cfi=(159)
cfn=(526)
calls=1 67 
0 1087 283 129 0 8 0 0 2
0 5 2 2 1 0 0 1

fn=(1014)
0 2 1 0 1 1 0 1
cob=(7)
cfi=(170)
cfn=(1018)
calls=1 0 
0 350 74 74 5 1 3 5 1 3
cob=(1)
cfi=(159)
cfn=(526)
calls=1 67 
0 1111 286 129 0 8
0 5 2 2 1 0 0 1

fn=(1082)
0 2 1 0 1 1 0 1
cob=(7)
cfi=(170)
cfn=(1086)
calls=1 0 
0 113 38 31 5 0 0 5
cob=(1)
cfi=(159)
cfn=(526)
calls=1 67 
0 1159 292 129 0 7 0 0 2
0 5 2 2 1 0 0 1

fn=(1284)
0 8 4 0 1 1 0 1
cob=(7)
cfi=(170)
cfn=(1288)
calls=4 0 
0 7334 1916 854 20 47 0 20 13
cob=(1)
cfi=(159)
cfn=(526)
calls=1 67 
0 1102 286 129 0 8 0 0 2
0 5 2 2 1 0 0 1

fn=(1302)
0 8 4 0 1 1 0 1
cob=(7)
cfi=(170)
cfn=(1306)
calls=4 0 
0 12 4 0 1 0 0 1
cob=(1)
cfi=(159)
cfn=(526)
calls=1 67 
0 1246 304 129 0 6 0 0 2
0 5 2 2 1 0 0 1

fn=(1314)
0 8 4 0 1 1 0 1
cob=(7)
cfi=(170)
cfn=(1318)
calls=4 0 
0 12 4
cob=(1)
cfi=(159)
cfn=(526)
calls=1 67 
0 1262 306 129 0 7 0 0 2
0 5 2 2 1 0 0 1

fn=(2046)
0 2 1 0 1 1 0 1
cob=(7)
cfi=(170)
cfn=(2050)
calls=1 0 
0 3 1
cob=(1)
cfi=(159)
cfn=(526)
calls=1 67 
0 823 250 129 0 6 0 0 1
0 5 2 2 1 0 0 1

fn=(2202)
0 2 1 0 1 0 0 1
cob=(3)
cfi=(263)
cfn=(2204)
calls=1 24 
0 4 1 1 1 0 0 1

fn=(2398)
0 4 2
cob=(3)
cfi=(237)
cfn=(2400)
calls=2 33 
0 6801 1402 1029 146 40 21 79 8 13

fn=(2422)
0 8 4 0 0 1
cob=(3)
cfi=(256)
cfn=(2424)
calls=4 53 
0 104 20 8 5 1 0 5 1

fn=(2512)
0 42 21 0 2 1
cob=(3)
cfi=(171)
cfn=(624)
calls=21 69 
0 2811 653 550 59 23 24 1 0 2

fn=(2518)
0 52156 26078 0 103 6513 0 1
cob=(3)
cfi=(191)
cfn=(1002)
calls=26078 50 
0 365104 52158 0 65 13032 0 0 8

fn=(2580)
0 24 12 0 2 2
cob=(3)
cfi=(277)
cfn=(2334)
calls=12 64 
0 10188 2642 1584 120 90 18 2 5

fn=(2600)
0 2 1 0 1 0 0 1
cob=(7)
cfi=(170)
cfn=(2602)
calls=1 0 
0 4070 1179 616 32 67 5 26 3

fn=(2624)
0 4 2 0 2 2 0 1
cob=(7)
cfi=(170)
cfn=(2628)
calls=2 0 
0 244 86 46 4 0 0 2
cob=(1)
cfi=(159)
cfn=(526)
calls=1 67 
0 1030 277 129 0 8
0 5 2 2 1 0 0 1

fn=(2634)
0 26 13 0 3 4 0 1
cob=(7)
cfi=(170)
cfn=(2638)
calls=13 0 
0 52 26 0 1 1
cob=(1)
cfi=(159)
cfn=(526)
calls=1 67 
0 839 252 129 0 8 0 0 1
0 5 2 2 1 0 0 1

fn=(2866)
0 60 30 0 1 4
cob=(7)
cfi=(170)
cfn=(2868)
calls=30 0 
0 919 195 266 11 14 6 8

fn=(2878)
0 6 3 0 1 1
cob=(7)
cfi=(170)
cfn=(1362)
calls=3 0 
0 654 177 95 8 10 4

fn=(2908)
0 226 113 0 2 43 0 1
cob=(3)
cfi=(193)
cfn=(1336)
calls=113 307 
0 1363225 1356114 1355871 35 21220 22361 8 0 11275

fn=(2964)
0 12 6 0 4 0 0 1
cob=(10)
cfi=(274)
cfn=(2966)
calls=6 0 
0 455 138 65 17 2 0 13

fn=(3016)
0 22 11 0 0 1
cob=(10)
cfi=(274)
cfn=(3018)
calls=11 0 
0 1513 327 245 17 7 0 5

fn=(3104)
0 4 2 0 1 1
cob=(10)
cfi=(274)
cfn=(3106)
calls=2 0 
0 504 158 86 7 6 0 7

fn=(3182)
0 4 2 0 1 1
cob=(10)
cfi=(274)
cfn=(3184)
calls=2 0 
0 1310 389 198 5 26 4 4

fn=(3224)
0 5280 2640 0 1 5
cob=(3)
cfi=(227)
cfn=(1802)
calls=2640 181 
0 53270 2641 8390 5 0 47 2

fn=(3234)
0 6 3 0 1 2
cob=(7)
cfi=(170)
cfn=(1604)
calls=3 0 
0 402 126 85 15 26 5

fn=(3256)
0 5258 2629 0 4 205 0 4
cob=(3)
cfi=(172)
cfn=(1368)
calls=2629 3352 
0 410413 117800 54772 13 2690 905

fn=(3366)
0 6 3 0 1
cob=(10)
cfi=(274)
cfn=(3368)
calls=3 0 
0 738 189 117 6 25 0 6

fn=(3516)
0 32 16 0 3 5 0 2
cob=(7)
cfi=(170)
cfn=(3206)
calls=16 0 
0 4806 1565 781 63 19 0 21 1

fn=(3550)
0 778 389 0 1 1 0 1
cob=(7)
cfi=(170)
cfn=(3552)
calls=389 0 
0 130687 43430 25032 54 42 9 9 2

fn=(3554)
0 778 389
cob=(7)
cfi=(170)
cfn=(2772)
calls=389 0 
0 2723 1167 389 2
cob=(1)
cfi=(159)
cfn=(526)
calls=1 67 
0 756 249 134 35 37 9 0 2
0 5 2 2 1 1

fn=(3616)
0 313420 156710 0 1 2
cob=(7)
cfi=(170)
cfn=(1560)
calls=156710 0 
0 8528869 1957182 1487648 11 382 310 7
cob=(1)
cfi=(159)
cfn=(526)
calls=1 67 
0 1014 275 129 44 38 20 0 1
0 5 2 2 2 1

fn=(3722)
0 2 1
cob=(7)
cfi=(170)
cfn=(2850)
calls=1 0 
0 97 30 15 0 1

fn=(3886)
0 4 1 0 1 0 0 1

fn=(3954)
0 2 1 0 1 0 0 1
cob=(3)
cfi=(362)
cfn=(3812)
calls=1 30 
0 119 27 12

fn=(2452)
0 4 2 0 1 1 0 1
cob=(3)
cfi=(301)
cfn=(2454)
calls=2 32 
0 501 89 50 40 9 0 28 3

fn=(164)
0 28 14 0 2 0 0 1
cob=(3)
cfi=(238)
cfn=(2089)
calls=1 175 
0 796670 200545 74861 1643 6465 796 711 2191 541
cob=(1)
cfi=(52)
cfn=(166)
calls=13 175 
0 37929 7907 3995 214 206 215 214 206 214

fn=(165)
0 56 28 0 0 1
cob=(3)
cfi=(238)
cfn=(2089)
calls=28 175 
0 835033 209560 78728 1896 6703 952 740 2219 667

fn=(882)
0 2 1 0 1 1 0 1
cob=(7)
cfi=(170)
cfn=(886)
calls=1 0 
0 919 305 153 11 17 1 11 3
cob=(1)
cfi=(159)
cfn=(526)
calls=1 67 
0 1095 284 129 0 8 1 0 2
0 5 2 2 1 0 0 1

fn=(922)
0 2 1 0 1 1 0 1
cob=(7)
cfi=(170)
cfn=(926)
calls=1 0 
0 113 38 31 4 1 0 4 1
cob=(1)
cfi=(159)
cfn=(526)
calls=1 67 
0 1215 299 129 0 9 0 0 1
0 5 2 2 1 0 0 1

fn=(928)
0 2 1 0 1 1 0 1
cob=(7)
cfi=(170)
cfn=(932)
calls=1 0 
0 113 38 31 5 0 0 5
cob=(1)
cfi=(159)
cfn=(526)
calls=1 67 
0 1223 300 129 0 8 0 0 1
0 5 2 2 1 0 0 1

fn=(934)
0 2 1 0 1 1 0 1
cob=(7)
cfi=(170)
cfn=(938)
calls=1 0 
0 1290 304 170 18 9 1 18 2 1
cob=(1)
cfi=(159)
cfn=(526)
calls=1 67 
0 974 270 129 0 8 0 0 1
0 5 2 2 1 0 0 1

fn=(952)
0 2 1 0 1 1 0 1
cob=(7)
cfi=(170)
cfn=(956)
calls=1 0 
0 28326 7386 3887 52 88 21 47 19 21
cob=(1)
cfi=(159)
cfn=(526)
calls=1 67 
0 719 237 129 0 6 0 0 1
0 5 2 2 1 0 0 1

fn=(958)
0 2 1 0 1 1 0 1
cob=(7)
cfi=(170)
cfn=(962)
calls=1 0 
0 27417 7119 3748 48 80 20 43 18 20
cob=(1)
cfi=(159)
cfn=(526)
calls=1 67 
0 863 255 129 0 7 0 0 1
0 5 2 2 1 0 0 1

fn=(1198)
0 2 1 0 0 1
cob=(7)
cfi=(170)
cfn=(1202)
calls=1 0 
0 3 1 1 1 0 0 1
cob=(1)
cfi=(159)
cfn=(526)
calls=1 67 
0 775 244 129 0 9 0 0 2
0 5 2 2

fn=(1224)
0 3328 1664 0 31 12 0 1
cob=(7)
cfi=(170)
cfn=(1228)
calls=1664 0 
0 33280 11648 4992 67 0 0 3
cob=(1)
cfi=(159)
cfn=(526)
calls=1 67 
0 780 252 134 0 8 0 0 1
0 5 2 2 1 0 0 1

fn=(1230)
0 4228 2114 0 6 15
cob=(7)
cfi=(170)
cfn=(1234)
calls=2114 0 
0 16912 8456 2114 4 2 0 1
cob=(1)
cfi=(159)
cfn=(526)
calls=1 67 
0 735 239 129 0 6
0 5 2 2

fn=(1326)
0 32 16 0 2 1 0 1
cob=(3)
cfi=(171)
cfn=(624)
calls=16 69 
0 1200 224 240 7 3 10 0 0 8

fn=(1396)
0 25614 12807 0 6403 6705 0 6403
cob=(7)
cfi=(170)
cfn=(1398)
calls=12807 0 
0 359491 128363 25755 6419 20429 24 6 5

fn=(1638)
0 18 9 0 3 1
cob=(3)
cfi=(204)
cfn=(1640)
calls=9 25 
0 36 27 0 6 0 0 1

fn=(1730)
0 313312 156656 0 21 5 0 1
cob=(3)
cfi=(211)
cfn=(1732)
calls=156656 51 
0 2976464 313312 0 41 1 0 2 1

fn=(1784)
0 31678 15839 0 11 12 0 1
cob=(3)
cfi=(193)
cfn=(1336)
calls=15839 307 
0 194173 66210 50346 9 6 457 2 4 2

fn=(2010)
0 6 3 0 1
cob=(7)
cfi=(170)
cfn=(2012)
calls=3 0 
0 3555 1131 573 25 70 0 17 7

fn=(2042)
0 2 1 0 1 1 0 1
cob=(3)
cfi=(204)
cfn=(1640)
calls=1 25 
0 4 3
cob=(1)
cfi=(159)
cfn=(526)
calls=1 67 
0 922 297 139 2 17 0 0 2
0 5 2 2 1 0 0 1

fn=(2182)
0 2 1 0 1 1 0 1
cob=(9)
cfi=(258)
cfn=(2184)
calls=1 198 
0 5351 2154 274 57 186 21 54 7 1

fn=(2330)
0 10 5
cob=(3)
cfi=(236)
cfn=(2081)
calls=5 77 
0 10254 2749 1400 123 104 62 21 4 45

fn=(2380)
0 4 2
cob=(3)
cfi=(285)
cfn=(2382)
calls=2 25 
0 1376 173 31 2 0 0 2

fn=(2486)
0 2 1 0 1
cob=(3)
cfi=(310)
cfn=(2488)
calls=1 34 
0 43 4 5 2 0 0 2

fn=(2594)
0 403406 201703 0 0 12
cob=(3)
cfi=(192)
cfn=(1006)
calls=201703 71 
0 3881650 756339 0 13 31 0 1

fn=(2698)
0 280848 140424 0 2 9 0 1
cob=(7)
cfi=(170)
cfn=(2702)
calls=140424 0 
0 3931872 1263816 842544 15 24 1 3
cob=(1)
cfi=(159)
cfn=(526)
calls=1 67 
0 734 240 129 0 7 14
0 5 2 2 1 0 0 1

fn=(2858)
0 10 5 0 0 3
cob=(8)
cfi=(178)
cfn=(1460)
calls=5 0 
0 340 72 30 8 4

fn=(2898)
0 2 1 0 1 1 0 1
cob=(7)
cfi=(170)
cfn=(2900)
calls=1 0 
0 16 7 0 2 0 0 2

fn=(2960)
0 4 2 0 1
cob=(10)
cfi=(274)
cfn=(2962)
calls=2 0 
0 60 20 16 4 0 0 4

fn=(3052)
0 2 1 0 1 1
cob=(10)
cfi=(274)
cfn=(3054)
calls=1 0 
0 30 10 8 4 0 0 3

fn=(3124)
0 4 2 0 2 2 0 1
cob=(7)
cfi=(170)
cfn=(3128)
calls=2 0 
0 365 104 56 15 18 1 2
cob=(1)
cfi=(159)
cfn=(526)
calls=1 67 
0 1158 293 129 0 9 0 0 3
0 5 2 2 1 0 0 1

fn=(3162)
0 12 6 0 1 5 0 1
cob=(7)
cfi=(170)
cfn=(1610)
calls=6 0 
0 330 120 72 18 19

fn=(3608)
0 2 1 0 1 1 0 1
cob=(7)
cfi=(170)
cfn=(2632)
calls=1 0 
0 966 209 201 48 35 11 1 1

fn=(3634)
0 4 2 0 1 1 0 1
cob=(7)
cfi=(170)
cfn=(3116)
calls=2 0 
0 3730 1111 578 94 117 15 9 10

fn=(3648)
0 2 1 0 1
cob=(3)
cfi=(353)
cfn=(3532)
calls=1 25 
0 9 2 0 1
cob=(1)
cfi=(159)
cfn=(526)
calls=1 67 
0 785 283 139 0 34 0 0 5
0 5 2 2 1

fn=(3702)
0 4 2 0 1 1
cob=(9)
cfi=(276)
cfn=(3704)
calls=2 232 
0 207 62 29 1 2

fn=(3858)
0 2 1 0 1 0 0 1
cob=(3)
cfi=(362)
cfn=(3812)
calls=1 30 
0 119 27 12

fn=(548)
0 6 1 1 1 1 1 1
cob=(5)
cfi=(163)
cfn=(552)
calls=1 0 
0 12 1 0 3 0 0 3
0 1 0 1
cob=(5)
cfi=(163)
cfn=(560)
calls=1 0 
0 5 2 0 2 0 0 2
0 2 1

fn=(646)
0 29218 14609 0 208 6557 0 1
cob=(3)
cfi=(172)
cfn=(650)
calls=14609 3287 
0 701227 172444 98429 562 46143 3678 96 7 227
cob=(1)
cfi=(159)
cfn=(526)
calls=1 67 
0 855 298 144 0 5 0 0 1
0 5 2 2 1 0 0 1

fn=(826)
0 2 1 0 1 1 0 1
cob=(7)
cfi=(170)
cfn=(828)
calls=1 0 
0 103459 28178 13486 438 628 151 429 117 114

fn=(852)
0 14 7 0 1 1 0 1
cob=(7)
cfi=(170)
cfn=(856)
calls=7 0 
0 21 7 0 1 0 0 1
cob=(1)
cfi=(159)
cfn=(526)
calls=1 67 
0 877 254 129 0 11 2 0 2
0 5 2 2 1 0 0 1

fn=(864)
0 156674 78337 0 16 7 0 1
cob=(7)
cfi=(170)
cfn=(868)
calls=78337 0 
0 1334793 392612 78794 67 68 2 25 15
cob=(1)
cfi=(159)
cfn=(526)
calls=1 67 
0 895 259 129 0 7 1 0 1
0 5 2 2 1 0 0 1

fn=(888)
0 2 1 0 1 1 0 1
cob=(3)
cfi=(182)
cfn=(892)
calls=1 43 
0 48 13 9 7 0 0 7
cob=(1)
cfi=(159)
cfn=(526)
calls=1 67 
0 854 287 139 0 16 1 0 3
0 5 2 2 1 0 0 1

fn=(976)
0 512 256 0 1 1 0 1
cob=(3)
cfi=(186)
cfn=(980)
calls=256 32 
0 12672 3712 1536 9 6 0 9
cob=(1)
cfi=(159)
cfn=(526)
calls=1 67 
0 814 294 144 0 11 0 0 3
0 5 2 2 1 0 0 1

fn=(1052)
0 2 1 0 1 0 0 1
cob=(7)
cfi=(170)
cfn=(1056)
calls=1 0 
0 414 137 75 5 0 0 5
cob=(1)
cfi=(159)
cfn=(526)
calls=1 67 
0 1047 278 129 0 8 1 0 1
0 5 2 2 1 0 0 1

fn=(1070)
0 2 1 0 1 1 0 1
cob=(7)
cfi=(170)
cfn=(1074)
calls=1 0 
0 113 38 31 4 0 1 4
cob=(1)
cfi=(159)
cfn=(526)
calls=1 67 
0 1204 305 134 0 9 0 0 3
0 5 2 2 1 0 0 1

fn=(1136)
0 2 1 0 1 1 0 1
cob=(7)
cfi=(170)
cfn=(1140)
calls=1 0 
0 109 30 31 5 0 0 5
cob=(1)
cfi=(159)
cfn=(526)
calls=1 67 
0 1175 294 129 0 8 0 0 2
0 5 2 2 1 0 0 1

fn=(1206)
0 66 33 0 26 5 0 1
cob=(7)
cfi=(170)
cfn=(1210)
calls=33 0 
0 2805 396 990 37 5 37 3 0 17
cob=(1)
cfi=(159)
cfn=(526)
calls=1 67 
0 711 236 129 0 6
0 5 2 2 1 0 0 1

fn=(1248)
0 159966 79983 0 6 15
cob=(7)
cfi=(170)
cfn=(1252)
calls=79983 0 
0 1519677 719847 159966 21 62 0 2
cob=(1)
cfi=(159)
cfn=(526)
calls=1 67 
0 947 274 134 0 7
0 5 2 2 1

fn=(1260)
0 3320 1660 0 29 13 0 1
cob=(7)
cfi=(170)
cfn=(1264)
calls=1660 0 
0 31540 14940 3320 6 23 0 1
cob=(1)
cfi=(159)
cfn=(526)
calls=1 67 
0 1270 307 129 0 6 0 0 1
0 5 2 2 1 0 0 1

fn=(1334)
0 173348 86674 0 6 6828 0 3
cob=(3)
cfi=(193)
cfn=(1336)
calls=86674 307 
0 2164622 1012766 923784 635 26905 54398 3 8 9701

fn=(1436)
0 970 485 0 14 2 0 2
cob=(7)
cfi=(170)
cfn=(834)
calls=485 0 
0 12125 4850 2910 40

fn=(1484)
0 4 2 0 1 1 0 1
cob=(7)
cfi=(170)
cfn=(1486)
calls=2 0 
0 12 6 2 1 0 0 1

fn=(1512)
0 48 24 0 18 0 0 1
cob=(7)
cfi=(170)
cfn=(1514)
calls=24 0 
0 20448 6264 4752 484 25 3 6

fn=(1602)
0 48 24
cob=(7)
cfi=(170)
cfn=(1604)
calls=24 0 
0 5520 1682 1025 218 41 0 14 2

fn=(1670)
0 4 2 0 2 2 0 1
cob=(7)
cfi=(170)
cfn=(1674)
calls=2 0 
0 594 136 97 28 0 0 7
cob=(1)
cfi=(159)
cfn=(526)
calls=1 67 
0 1382 321 129 22 8
0 5 2 2 2 0 0 1

fn=(2162)
0 2 1 0 1 1 0 1
cob=(3)
cfi=(253)
cfn=(2164)
calls=1 25 
0 11075 2367 164 29 181 15 14 26

fn=(2168)
0 2 1 0 1 1 0 1
cob=(1)
cfi=(239)
cfn=(2100)
calls=1 214 
0 87 35 4 3 5
cob=(1)
cfi=(159)
cfn=(526)
calls=1 67 
0 993 317 142 11 22 15 0 2
0 5 2 2 2 1 0 1

fn=(2190)
0 2 1 0 1 1 0 1
cob=(9)
cfi=(259)
cfn=(2192)
calls=1 205 
0 5290 2137 255 50 183 20 47 6

fn=(2206)
0 2 1 0 1 0 0 1
cob=(3)
cfi=(264)
cfn=(2208)
calls=1 24 
0 13 2 1 1 0 0 1

fn=(2298)
0 14 7 0 5 6 0 1
cob=(3)
cfi=(227)
cfn=(1802)
calls=7 181 
0 9447 14 9336 6 0 145

fn=(2390)
0 4 2 0 1 1
cob=(1)
cfi=(279)
cfn=(2394)
calls=2 84 
0 623 132 85 5 4 1 3 2
cob=(1)
cfi=(159)
cfn=(526)
calls=1 67 
0 969 314 142 8 25 22 0 1 20
0 5 2 2 2 0 0 1

fn=(2514)
0 4 2 0 1 0 0 1
cob=(7)
cfi=(170)
cfn=(828)
calls=2 0 
0 50 20 14 2 3

fn=(2524)
0 4 2 0 1 1 0 1
cob=(9)
cfi=(276)
cfn=(2526)
calls=2 224 
0 100 26 14 1 0 0 1

fn=(2530)
0 50 25 0 1 1 0 1
cob=(4)
cfi=(316)
cfn=(2532)
calls=25 30 
0 1666 369 123 6 2 0 6 2

fn=(2542)
0 2 1 0 1 1 0 1
cob=(4)
cfi=(318)
cfn=(2544)
calls=1 43 
0 28 5 4 3 0 0 3

fn=(2596)
0 16 8 0 1 3 0 1
cob=(7)
cfi=(170)
cfn=(1210)
calls=8 0 
0 680 96 240 12 32 4

fn=(2616)
0 14 7 0 3 2 0 1
cob=(7)
cfi=(170)
cfn=(2620)
calls=7 0 
0 1581 537 299 34 33 17 18 3 9
cob=(1)
cfi=(159)
cfn=(526)
calls=1 67 
0 687 233 129 0 10
0 5 2 2 1 0 0 1

fn=(2652)
0 4 2 0 2 2 0 1
cob=(3)
cfi=(326)
cfn=(2656)
calls=2 85 
0 1277 269 277 85 30 16 32 3
cob=(1)
cfi=(159)
cfn=(526)
calls=1 67 
0 785 283 139 0 22 0 0 3
0 5 2 2 1 0 0 1

fn=(2706)
0 280848 140424 0 1 11 0 1
cob=(7)
cfi=(170)
cfn=(2710)
calls=140424 0 
0 6895725 1689593 1266075 98 1412 5 22 134
cob=(1)
cfi=(159)
cfn=(526)
calls=1 67 
0 1006 274 129 0 8 2
0 5 2 2 1 0 0 1

fn=(2790)
0 2 1
cob=(7)
cfi=(170)
cfn=(2792)
calls=1 0 
0 181 62 31 2 0 0 2

fn=(2844)
0 6 3 0 1 1 0 1
cob=(3)
cfi=(191)
cfn=(1002)
calls=3 50 
0 42 6
cob=(1)
cfi=(159)
cfn=(526)
calls=1 67 
0 818 287 141 4 11
0 5 2 2 1 0 0 1

fn=(2848)
0 10 5 0 3 3 0 1
cob=(7)
cfi=(170)
cfn=(2850)
calls=5 0 
0 612 182 87 22 21 1

fn=(2852)
0 6 3 0 1 1
cob=(8)
cfi=(178)
cfn=(1820)
calls=3 0 
0 63 21 15 3

fn=(2968)
0 2 1 0 1 1 0 1
cob=(10)
cfi=(274)
cfn=(2970)
calls=1 0 
0 30 10 8 4 0 0 4

fn=(3092)
0 36866 18433 0 2 6505
cob=(8)
cfi=(178)
cfn=(1882)
calls=18433 0 
0 2853866 613327 454047 8191 64530 13002 0 1

fn=(3114)
0 2 1 0 1 1
cob=(7)
cfi=(170)
cfn=(3116)
calls=1 0 
0 4569 1311 669 76 116 7 44 12

fn=(3200)
0 22 11 0 1 1
cob=(7)
cfi=(170)
cfn=(3202)
calls=11 0 
0 704 286 132 3 0 1 3

fn=(3286)
0 26418 13209 0 4 6609 0 1
cob=(4)
cfi=(340)
cfn=(3288)
calls=13209 98 
0 475100 144490 100 1143 26384 0 7 33

fn=(3422)
0 4 2 0 1 1 0 1
cob=(10)
cfi=(274)
cfn=(3424)
calls=2 0 
0 248 54 40 4 2 0 4

fn=(3448)
0 402 201 0 201 201 0 201
cob=(4)
cfi=(339)
cfn=(3284)
calls=201 31 
0 11030 2708 602 284 902 0 4 2

fn=(3484)
0 4042 2021 0 2 3
cob=(3)
cfi=(348)
cfn=(3488)
calls=2021 31 
0 141137 35264 26364 62 37 81 24 4
cob=(1)
cfi=(159)
cfn=(526)
calls=1 67 
0 785 283 139 44 63 15 0 2
0 5 2 2 2 1

fn=(3600)
0 2 1 0 1 1 0 1
cob=(7)
cfi=(170)
cfn=(3602)
calls=1 0 
0 408 101 64 15 2 0 6

fn=(3622)
0 280 140 0 1 2 0 1
cob=(7)
cfi=(170)
cfn=(3626)
calls=140 0 
0 10862 2944 2241 290 54 3 7 5
cob=(1)
cfi=(159)
cfn=(526)
calls=1 67 
0 895 259 129 0 37 12 0 1
0 5 2 2 1 1 0 1

fn=(3928)
0 4 1 0 1 0 0 1

fn=(634)
0 2 1 0 1 1 0 1
cob=(7)
cfi=(170)
cfn=(638)
calls=1 0 
0 3 1 0 1 0 0 1
cob=(1)
cfi=(159)
cfn=(526)
calls=1 67 
0 781 242 129 0 7 0 0 1
0 5 2 2 1 0 0 1

fn=(904)
0 323628 161814 0 6 16 0 1
cob=(7)
cfi=(170)
cfn=(908)
calls=161814 0 
0 971316 323772 96 10 42 0 2 4
cob=(1)
cfi=(159)
cfn=(526)
calls=1 67 
0 759 242 129 0 6 0 0 1
0 5 2 2 1 0 0 1

fn=(1044)
0 2 1 0 1 0 0 1
cob=(7)
cfi=(170)
cfn=(1048)
calls=1 0 
0 44 12 9 1 1 0 1
cob=(1)
cfi=(159)
cfn=(526)
calls=1 67 
0 798 248 129 0 7
0 5 2 2 1 0 0 1

fn=(1106)
0 2 1 0 1 1 0 1
cob=(7)
cfi=(170)
cfn=(1110)
calls=1 0 
0 44 12 9 2 1 1 2 0 1
cob=(1)
cfi=(159)
cfn=(526)
calls=1 67 
0 750 242 129 0 7 0 0 1
0 5 2 2 1 0 0 1

fn=(1118)
0 2 1 0 1 1
cob=(7)
cfi=(170)
cfn=(1122)
calls=1 0 
0 350 74 74 6 0 0 6
cob=(1)
cfi=(159)
cfn=(526)
calls=1 67 
0 1055 279 129 0 5
0 5 2 2

fn=(1218)
0 2550 1275 0 12 19 0 1
cob=(7)
cfi=(170)
cfn=(1222)
calls=1275 0 
0 109900 40020 23217 160 50 8 9 2
cob=(1)
cfi=(159)
cfn=(526)
calls=1 67 
0 767 243 129 0 7 0 0 2
0 5 2 2 1 0 0 1

fn=(1236)
0 3320 1660 0 18 11 0 1
cob=(7)
cfi=(170)
cfn=(1240)
calls=1660 0 
0 187888 66521 29016 653 197 0 16 11
cob=(1)
cfi=(159)
cfn=(526)
calls=1 67 
0 1155 300 134 0 8 0 0 3
0 5 2 2 1 0 0 1

fn=(1290)
0 8 4 0 1 1 0 1
cob=(7)
cfi=(170)
cfn=(1294)
calls=4 0 
0 12 4 0 1 0 0 1
cob=(1)
cfi=(159)
cfn=(526)
calls=1 67 
0 878 258 129 0 8 0 0 2
0 5 2 2 1 0 0 1

fn=(1308)
0 8 4 0 1 1 0 1
cob=(7)
cfi=(170)
cfn=(1312)
calls=4 0 
0 76 36 8 1 0 0 1
cob=(1)
cfi=(159)
cfn=(526)
calls=1 67 
0 1286 309 129 0 7 0 0 3
0 5 2 2 1 0 0 1

fn=(1320)
0 8 4 0 1 1 0 1
cob=(7)
cfi=(170)
cfn=(1324)
calls=4 0 
0 76 36 8 1 0 0 1
cob=(1)
cfi=(159)
cfn=(526)
calls=1 67 
0 1294 310 129 0 4 0 0 1
0 5 2 2 1 0 0 1

fn=(1364)
0 29218 14609 0 8 6546 0 1
cob=(3)
cfi=(172)
cfn=(1368)
calls=14609 3352 
0 1311920 411889 219779 177 19942 66 29
cob=(1)
cfi=(159)
cfn=(526)
calls=1 67 
0 847 297 144 0 34 0 0 1
0 5 2 2 1 0 0 1

fn=(1380)
0 2 1 0 1 1 0 1
cob=(1)
cfi=(49)
cfn=(1384)
calls=1 117 
0 5 2 0 1 1 0 1
cob=(1)
cfi=(159)
cfn=(526)
calls=1 67 
0 956 310 142 5 31 0 0 4
0 5 2 2 2 1 0 1

fn=(1440)
0 972 486 0 12 2 0 3
cob=(7)
cfi=(170)
cfn=(1234)
calls=486 0 
0 3888 1944 486

fn=(1612)
0 2402 1201 0 29 21 0 1
cob=(7)
cfi=(170)
cfn=(1616)
calls=1201 0 
0 13211 6005 3603 49 2 0 2
cob=(1)
cfi=(159)
cfn=(526)
calls=1 67 
0 965 265 129 2 10 0 0 1
0 5 2 2 1 0 0 1

fn=(1618)
0 1624 812 0 6 9 0 1
cob=(7)
cfi=(170)
cfn=(1622)
calls=812 0 
0 10556 4060 3248 30 0 0 1
cob=(1)
cfi=(159)
cfn=(526)
calls=1 67 
0 893 256 129 0 8 0 0 1
0 5 2 2 1 0 0 1

fn=(1694)
0 156646 78323 0 409 7 0 1
cob=(7)
cfi=(170)
cfn=(1698)
calls=78323 0 
0 222014238 48289898 33514893 181179 474 392 290 31 6
cob=(1)
cfi=(159)
cfn=(526)
calls=1 67 
0 1406 324 129 28 8 0 0 1
0 5 2 2 2 0 0 1

fn=(1800)
0 30 15 0 9 4
cob=(3)
cfi=(227)
cfn=(1802)
calls=15 181 
0 3662 30 3312 20 0 82 3

fn=(1822)
0 68 34 0 6 0 0 1
cob=(8)
cfi=(178)
cfn=(1826)
calls=34 0 
0 8827 2386 2179 43 23 735 4
cob=(1)
cfi=(159)
cfn=(526)
calls=1 67 
0 1179 273 123 6 10
0 5 2 2 1 0 0 1

fn=(1922)
0 8 4 0 2 1 0 1
cob=(3)
cfi=(193)
cfn=(1336)
calls=4 307 
0 49 12 8 0 1

fn=(2078)
0 2 1 0 0 1
cob=(3)
cfi=(236)
cfn=(2080)
calls=1 77 
0 797024 200650 74939 1676 6483 800 734 2191 541

fn=(2242)
0 4 2 0 1 0 0 1
cob=(3)
cfi=(171)
cfn=(624)
calls=2 69 
0 150 28 30 6 3 3 0 0 1

fn=(2286)
0 4 2 0 2 2 0 1
cob=(7)
cfi=(170)
cfn=(2288)
calls=2 0 
0 1174 304 135 28 43 10 12 5

fn=(2310)
0 4 2 0 2 2 0 1
cob=(7)
cfi=(170)
cfn=(1344)
calls=2 0 
0 114 28 16

fn=(2604)
0 4 2 0 2 2 0 1
cob=(7)
cfi=(170)
cfn=(2608)
calls=2 0 
0 8 2 4 2 0 1 1
cob=(1)
cfi=(159)
cfn=(526)
calls=1 67 
0 935 264 129 4 27 5 0 2
0 5 2 2 2 1 0 1

fn=(2716)
0 140 70 0 3 11
cob=(7)
cfi=(170)
cfn=(2720)
calls=70 0 
0 5960 1809 838 33 89 2 8 5
cob=(1)
cfi=(159)
cfn=(526)
calls=1 67 
0 839 252 129 0 6 2 0 1
0 5 2 2 1

fn=(2770)
0 8 4 0 1
cob=(7)
cfi=(170)
cfn=(2772)
calls=4 0 
0 28 12 4 2

fn=(2784)
0 4 2 0 1 1
cob=(3)
cfi=(269)
cfn=(2788)
calls=2 83 
0 42 10 0 2 1 0 2
cob=(1)
cfi=(159)
cfn=(526)
calls=1 67 
0 814 287 141 4 13 15 0 1 9
0 5 2 2 1

fn=(2830)
0 6 3 0 1 1
cob=(3)
cfi=(333)
cfn=(2834)
calls=3 668 
0 324 72 45 14 4 0 12 1
cob=(1)
cfi=(159)
cfn=(526)
calls=1 67 
0 834 288 139 0 12 0 0 3
0 5 2 2 1

fn=(3080)
0 8 4 0 1
cob=(10)
cfi=(274)
cfn=(3082)
calls=4 0 
0 84 12 0 1 0 0 1

fn=(3110)
0 8 4 0 1 1 0 1
cob=(10)
cfi=(274)
cfn=(3112)
calls=4 0 
0 1092 332 168 5 5 0 5

fn=(3198)
0 10904 5452 0 1 1 0 1
cob=(7)
cfi=(170)
cfn=(1798)
calls=5452 0 
0 766220 254906 149530 61 211 1238 0 4

fn=(3218)
0 5404 2702 0 0 5
cob=(8)
cfi=(178)
cfn=(1458)
calls=2702 0 
0 125482 21490 21490 7 4 0 3

fn=(3220)
0 5434 2717
cob=(10)
cfi=(274)
cfn=(3222)
calls=2717 0 
0 90218 25893 25551 18 81 1102 3 0 180

fn=(3282)
0 26016 13008 0 54 6503
cob=(4)
cfi=(339)
cfn=(3284)
calls=13008 31 
0 702432 221136 26016 1118 38608 0 7 31

fn=(3306)
0 161009846 80504923 0 0 6414
cob=(4)
cfi=(342)
cfn=(3308)
calls=80504923 31 
0 4347265743 966059046 0 31369 32071 0 9 5

fn=(3320)
0 4 2 0 0 2
cob=(7)
cfi=(170)
cfn=(3322)
calls=2 0 
0 56 20 4 6 6 0 2

fn=(3520)
0 52 26 0 4 4 0 1
cob=(3)
cfi=(352)
cfn=(3524)
calls=26 32 
0 3705 1048 627 66 12 0 18 1
cob=(1)
cfi=(159)
cfn=(526)
calls=1 67 
0 785 283 139 0 11 0 0 1
0 5 2 2 1 0 0 1

fn=(3546)
0 780 390 0 2 2 0 2
cob=(7)
cfi=(170)
cfn=(1210)
calls=390 0 
0 33150 4680 11700 17 9 4

fn=(3548)
0 2338 1169 0 1 2 0 1
cob=(7)
cfi=(170)
cfn=(1216)
calls=1169 0 
0 258349 87675 51436 437 31 2

fn=(3558)
0 780 390 0 0 2
cob=(7)
cfi=(170)
cfn=(1610)
calls=390 0 
0 21450 7800 4680 9 4

fn=(3606)
0 2 1 0 0 1
cob=(7)
cfi=(170)
cfn=(2602)
calls=1 0 
0 339 109 87 22 14 5

fn=(3766)
0 6 3 0 1 1 0 1
cob=(7)
cfi=(170)
cfn=(3206)
calls=3 0 
0 3171 1071 533 32 90 3 6 5
cob=(1)
cfi=(159)
cfn=(526)
calls=1 67 
0 702 236 129 4 39 19
0 5 2 2 1 1 0 1

fn=(3767)
0 2 1
cob=(7)
cfi=(170)
cfn=(3207)
calls=1 0 
0 134 52 23

fn=(3810)
0 2 1 0 1 0 0 1
cob=(3)
cfi=(362)
cfn=(3812)
calls=1 30 
0 119 27 12 8 5 1 8 0 1

fn=(3826)
0 4 1 0 1 0 0 1

fn=(3876)
0 2 1 0 1
cob=(3)
cfi=(362)
cfn=(3812)
calls=1 30 
0 119 27 12

fn=(3912)
0 4 2
cob=(7)
cfi=(170)
cfn=(3916)
calls=2 0 
0 4 2
cob=(1)
cfi=(159)
cfn=(526)
calls=1 67 
0 805 245 129 4 10 3
0 5 2 2

fn=(3008)
0 52 26 0 1 9 0 1
cob=(10)
cfi=(274)
cfn=(3010)
calls=26 0 
0 4385 983 735 10 74 23 5

fn=(910)
0 2 1 0 1 1 0 1
cob=(7)
cfi=(170)
cfn=(914)
calls=1 0 
0 37 10 7 2 0 2 2 0 2
cob=(1)
cfi=(159)
cfn=(526)
calls=1 67 
0 847 253 129 0 6 0 0 1
0 5 2 2 1 0 0 1

fn=(964)
0 313296 156648 0 15 6 0 1
cob=(3)
cfi=(184)
cfn=(968)
calls=156648 30 
0 3446256 1409832 626592 21 29 0 2
cob=(1)
cfi=(159)
cfn=(526)
calls=1 67 
0 834 288 139 0 16 0 0 4
0 5 2 2 1 0 0 1

fn=(970)
0 256 128 0 1 1 0 1
cob=(3)
cfi=(185)
cfn=(974)
calls=128 30 
0 3456 896 512 3 0 0 3
cob=(1)
cfi=(159)
cfn=(526)
calls=1 67 
0 848 293 144 2 13 0 0 3
0 5 2 2 1 0 0 1

fn=(1008)
0 2 1 0 1 1 0 1
cob=(7)
cfi=(170)
cfn=(1012)
calls=1 0 
0 37 10 7 2 0 1 2 0 1
cob=(1)
cfi=(159)
cfn=(526)
calls=1 67 
0 847 253 129 0 7 0 0 2
0 5 2 2 1 0 0 1

fn=(1172)
0 2 1 0 1 1 0 1
cob=(7)
cfi=(170)
cfn=(1176)
calls=1 0 
0 44 12 9 2 0 0 2
cob=(1)
cfi=(159)
cfn=(526)
calls=1 67 
0 750 242 129 0 7 0 0 2
0 5 2 2 1 0 0 1

fn=(1212)
0 158 79 0 13 2 0 1
cob=(7)
cfi=(170)
cfn=(1216)
calls=79 0 
0 27864 8748 4806 398 117 0 31 18
cob=(1)
cfi=(159)
cfn=(526)
calls=1 67 
0 1158 293 129 0 7
0 5 2 2 1 0 0 1

fn=(1266)
0 3320 1660 0 412 14 0 1
cob=(7)
cfi=(170)
cfn=(1270)
calls=1660 0 
0 4980 1660
cob=(1)
cfi=(159)
cfn=(526)
calls=1 67 
0 1246 304 129 0 7 0 0 2
0 5 2 2 1 0 0 1

fn=(1278)
0 8 4 0 1 1 0 1
cob=(7)
cfi=(170)
cfn=(1282)
calls=4 0 
0 8889 2348 1097 24 56 0 24 15
cob=(1)
cfi=(159)
cfn=(526)
calls=1 67 
0 1118 288 129 0 4 0 0 2
0 5 2 2 1 0 0 1

fn=(1342)
0 28618 14309 0 6 6512 0 2
cob=(7)
cfi=(170)
cfn=(1344)
calls=14309 0 
0 853222 206523 120083 554 51777 6433 10 0 160

fn=(1354)
0 2538 1269 0 3 3 0 1
cob=(7)
cfi=(170)
cfn=(1356)
calls=1269 0 
0 128226 39366 19244 85 128 1 19 2

fn=(1400)
0 25618 12809 0 3 6807 0 1
cob=(3)
cfi=(198)
cfn=(1404)
calls=12809 30 
0 140899 38427 0 6409 13612 0 2
cob=(1)
cfi=(159)
cfn=(526)
calls=1 67 
0 890 291 139 4 16 23 0 5
0 5 2 2 1 0 1 1

fn=(1406)
0 2 1 0 1 0 0 1
cob=(3)
cfi=(199)
cfn=(1408)
calls=1 209 
0 6846 1558 656 7 2 3 7 0 3

fn=(1438)
0 192 96 0 3 0 0 1
cob=(7)
cfi=(170)
cfn=(1252)
calls=96 0 
0 1824 864 192 0 1

fn=(1516)
0 16 8
cob=(7)
cfi=(170)
cfn=(1518)
calls=8 0 
0 10132 2689 1409 189 92 7 55 13

fn=(1520)
0 329636 164818 0 12 5 0 1
cob=(7)
cfi=(170)
cfn=(1524)
calls=164818 0 
0 3790957 1318599 824114 41 18 0 3
cob=(1)
cfi=(159)
cfn=(526)
calls=1 67 
0 742 241 129 19 8 0 0 2
0 5 2 2 1 0 0 1

fn=(1521)
0 2 1
cob=(7)
cfi=(170)
cfn=(1525)
calls=1 0 
0 23 8 5

fn=(1532)
0 2 1 0 1 1 0 1
cob=(3)
cfi=(192)
cfn=(1006)
calls=1 71 
0 47 17 0 2 0 0 2
cob=(1)
cfi=(159)
cfn=(526)
calls=1 67 
0 864 301 146 7 17 2 1 2
0 5 2 2 1 0 0 1

fn=(1778)
0 28 14 0 13 1
cob=(3)
cfi=(222)
cfn=(1780)
calls=14 81 
0 7659 1333 850 588 12 19 74 6 18

fn=(2210)
0 2 1 0 1 0 0 1
cob=(3)
cfi=(265)
cfn=(2212)
calls=1 53 
0 48 10 9 3 0 1 3

fn=(2368)
0 36 18 0 3
cob=(3)
cfi=(172)
cfn=(1368)
calls=18 3352 
0 1330 413 216 2 10

fn=(2734)
0 140 70 0 2 10 0 1
cob=(3)
cfi=(332)
cfn=(2738)
calls=70 25 
0 560 140 0 5 0 0 1
cob=(1)
cfi=(159)
cfn=(526)
calls=1 67 
0 835 293 144 2 14 0 0 3
0 5 2 2 1 0 0 1

fn=(2778)
0 2 1 0 1 1 0 1
cob=(7)
cfi=(170)
cfn=(2780)
calls=1 0 
0 1002 351 174 18 25 15 11 3 9

fn=(2794)
0 2 1 0 1 0 0 1
cob=(7)
cfi=(170)
cfn=(2796)
calls=1 0 
0 122 43 23 3 5 0 2

fn=(2978)
0 30 15
cob=(10)
cfi=(274)
cfn=(2980)
calls=15 0 
0 57282 50979 50524 47 737 1049 10 0 1019

fn=(3032)
0 60 30 0 1 8
cob=(10)
cfi=(274)
cfn=(3034)
calls=30 0 
0 245894 233116 232153 53 3822 4125 17 0 1540

fn=(3048)
0 4 2
cob=(10)
cfi=(274)
cfn=(3050)
calls=2 0 
0 132 40 24 10 1 0 6

fn=(3094)
0 16 8 0 2 2 0 1
cob=(10)
cfi=(274)
cfn=(3096)
calls=8 0 
0 1358 324 217 10 9 0 5

fn=(3118)
0 4 2 0 2 1 0 1
cob=(7)
cfi=(170)
cfn=(3122)
calls=2 0 
0 3038 919 448 45 86 15 12 10
cob=(1)
cfi=(159)
cfn=(526)
calls=1 67 
0 1086 284 129 15 39 5 0 2
0 5 2 2 1 1 0 1

fn=(3204)
0 22 11 0 1 0 0 1
cob=(7)
cfi=(170)
cfn=(3206)
calls=11 0 
0 726 319 110 4 1 0 4

fn=(3400)
0 2 1 0 1 0 0 1
cob=(8)
cfi=(178)
cfn=(1488)
calls=1 0 
0 33 9 8 4 1

fn=(3436)
0 2 1 0 1 1 0 1
cob=(3)
cfi=(172)
cfn=(2102)
calls=1 3624 
0 3628 74 3169 11 2 49

fn=(3560)
0 366 183 0 1 1
cob=(7)
cfi=(170)
cfn=(3564)
calls=183 0 
0 18418 3586 2742 12 34 0 6 1
cob=(1)
cfi=(159)
cfn=(526)
calls=1 67 
0 1302 311 129 7 9 4 0 1
0 5 2 2 1

fn=(3838)
0 2 1 0 1 0 0 1
cob=(3)
cfi=(362)
cfn=(3812)
calls=1 30 
0 119 27 12

fn=(3946)
0 4 1 0 1 0 0 1

totals: 32746355534 9303101140 7503788739 506481 223604690 231823948 44864 11265 109937
